ISO-10303-21;
HEADER;
FILE_DESCRIPTION(('CATIA V5 STEP Exchange'),'2;1');

FILE_NAME('C:\\Users\\alexi\\Documents\\scolaire\\IPSA\\AeroIpsa\\SP-02\\CATIA\\new_catia\\SP02_ALPHA\\SP02_ALPHA_AF\\STEP\\flemdenommer.stp','2026-01-14T20:07:03+00:00',('none'),('none'),'CATIA Version 5 Release 19 GA (IN-10)','CATIA V5 STEP AP203','none');

FILE_SCHEMA(('CONFIG_CONTROL_DESIGN'));

ENDSEC;
/* file written by CATIA V5R19 */
DATA;
#5=PRODUCT('SP02_ALPHA_AF_BLOC_SUPPORT_VIS','','',(#2)) ;
#1=APPLICATION_CONTEXT('configuration controlled 3D design of mechanical parts and assemblies') ;
#14=PRODUCT_DEFINITION('',' ',#6,#3) ;
#16=SECURITY_CLASSIFICATION(' ',' ',#15) ;
#15=SECURITY_CLASSIFICATION_LEVEL('unclassified') ;
#47=CARTESIAN_POINT(' ',(0.,0.,0.)) ;
#52=CARTESIAN_POINT('Axis2P3D Location',(-53.0293278633,14.2091655761,3.5)) ;
#57=CARTESIAN_POINT('Line Origine',(-54.8707520825,12.9309200794,2.56512019972)) ;
#61=CARTESIAN_POINT('Vertex',(-48.7109092975,11.2803951797,2.56512019972)) ;
#63=CARTESIAN_POINT('Vertex',(-53.5431120487,12.5751800045,2.56512019972)) ;
#67=CARTESIAN_POINT('Control Point',(-48.7109092975,11.2803951797,2.56512019972)) ;
#68=CARTESIAN_POINT('Control Point',(-48.6544164771,11.5243420103,2.10702973439)) ;
#69=CARTESIAN_POINT('Control Point',(-48.5595151987,11.9288191542,1.73719051118)) ;
#70=CARTESIAN_POINT('Control Point',(-48.4314108129,12.4366794217,1.55)) ;
#71=CARTESIAN_POINT('Control Point',(-48.2962913145,12.9409522551,1.55)) ;
#72=CARTESIAN_POINT('Vertex',(-48.2962913145,12.9409522551,1.55)) ;
#76=CARTESIAN_POINT('Control Point',(-47.8250824829,14.5863458585,4.43487980028)) ;
#77=CARTESIAN_POINT('Control Point',(-47.7120752032,14.9568692594,3.72621277857)) ;
#78=CARTESIAN_POINT('Control Point',(-47.6998501181,14.9787981364,2.81485183008)) ;
#79=CARTESIAN_POINT('Control Point',(-47.8608835029,14.5006117097,1.96554856527)) ;
#80=CARTESIAN_POINT('Control Point',(-48.0872611342,13.7210635083,1.55)) ;
#81=CARTESIAN_POINT('Control Point',(-48.2962913145,12.9409522551,1.55)) ;
#82=CARTESIAN_POINT('Vertex',(-47.8250824829,14.5863458585,4.43487980028)) ;
#85=CARTESIAN_POINT('Line Origine',(-53.9849252679,16.2368707582,4.43487980028)) ;
#89=CARTESIAN_POINT('Vertex',(-52.6572852341,15.8811306833,4.43487980028)) ;
#93=CARTESIAN_POINT('Control Point',(-53.5431120487,12.5751800045,2.56512019972)) ;
#94=CARTESIAN_POINT('Control Point',(-53.4883923983,12.8081675537,2.12724707422)) ;
#95=CARTESIAN_POINT('Control Point',(-53.4003830553,13.1772032404,1.76592380077)) ;
#96=CARTESIAN_POINT('Control Point',(-53.2831390599,13.6502845449,1.54171457152)) ;
#97=CARTESIAN_POINT('Control Point',(-53.0828485738,14.4069939371,1.46245266764)) ;
#98=CARTESIAN_POINT('Control Point',(-52.8906064597,15.0885927763,1.73528462174)) ;
#99=CARTESIAN_POINT('Control Point',(-52.8296875484,15.299865239,1.8639702462)) ;
#100=CARTESIAN_POINT('Control Point',(-52.6701998938,15.8436809044,2.33288083507)) ;
#101=CARTESIAN_POINT('Control Point',(-52.5779591479,16.1425225795,3.02478463981)) ;
#102=CARTESIAN_POINT('Control Point',(-52.5611173647,16.1958949436,3.52996057185)) ;
#103=CARTESIAN_POINT('Control Point',(-52.5913732384,16.0996760014,4.01723966322)) ;
#104=CARTESIAN_POINT('Control Point',(-52.6572852341,15.8811306833,4.43487980028)) ;
#115=CARTESIAN_POINT('Control Point',(-47.8250824829,14.5863458585,4.43487980028)) ;
#116=CARTESIAN_POINT('Control Point',(-47.8981316806,14.3468352956,4.89297026593)) ;
#117=CARTESIAN_POINT('Control Point',(-48.0181833343,13.9490971758,5.26280948783)) ;
#118=CARTESIAN_POINT('Control Point',(-48.1611718159,13.4452250889,5.45)) ;
#119=CARTESIAN_POINT('Control Point',(-48.2962913145,12.9409522551,5.45)) ;
#120=CARTESIAN_POINT('Vertex',(-48.2962913145,12.9409522551,5.45)) ;
#124=CARTESIAN_POINT('Control Point',(-48.7109092975,11.2803951797,2.56512019972)) ;
#125=CARTESIAN_POINT('Control Point',(-48.7983038229,10.9030088619,3.27378722148)) ;
#126=CARTESIAN_POINT('Control Point',(-48.7986810272,10.8779053547,4.18514816991)) ;
#127=CARTESIAN_POINT('Control Point',(-48.6990468159,11.3725436406,5.03445143487)) ;
#128=CARTESIAN_POINT('Control Point',(-48.5053214948,12.1608410019,5.45)) ;
#129=CARTESIAN_POINT('Control Point',(-48.2962913145,12.9409522551,5.45)) ;
#132=CARTESIAN_POINT('Control Point',(-52.6572852341,15.8811306833,4.43487980028)) ;
#133=CARTESIAN_POINT('Control Point',(-52.7263904014,15.6519977217,4.87275292569)) ;
#134=CARTESIAN_POINT('Control Point',(-52.8346899179,15.2883987708,5.23407619909)) ;
#135=CARTESIAN_POINT('Control Point',(-52.9696942918,14.820076345,5.4582854285)) ;
#136=CARTESIAN_POINT('Control Point',(-53.1745923388,14.0646015451,5.53754733232)) ;
#137=CARTESIAN_POINT('Control Point',(-53.3489052038,13.3781985782,5.26471537825)) ;
#138=CARTESIAN_POINT('Control Point',(-53.4017841105,13.1647718028,5.13602975381)) ;
#139=CARTESIAN_POINT('Control Point',(-53.5355715827,12.614069794,4.66711916478)) ;
#140=CARTESIAN_POINT('Control Point',(-53.605109591,12.3091449387,3.97521535973)) ;
#141=CARTESIAN_POINT('Control Point',(-53.6172103609,12.2545022241,3.47003942866)) ;
#142=CARTESIAN_POINT('Control Point',(-53.5953032451,12.3529582092,2.98276033699)) ;
#143=CARTESIAN_POINT('Control Point',(-53.5431120487,12.5751800045,2.56512019972)) ;
#153=CARTESIAN_POINT('Axis2P3D Location',(1.83901992374E-015,6.86331579153E-015,3.25)) ;
#158=CARTESIAN_POINT('Line Origine',(-48.2962913145,12.9409522551,3.25)) ;
#162=CARTESIAN_POINT('Vertex',(-48.2962913145,12.9409522551,7.)) ;
#165=CARTESIAN_POINT('Axis2P3D Location',(1.83901992374E-015,6.86331579153E-015,7.)) ;
#169=CARTESIAN_POINT('Vertex',(-49.9630040645,1.92307692308,7.)) ;
#172=CARTESIAN_POINT('Line Origine',(-49.9630040645,1.92307692308,3.25)) ;
#176=CARTESIAN_POINT('Vertex',(-49.9630040645,1.92307692308,-0.5)) ;
#179=CARTESIAN_POINT('Axis2P3D Location',(1.83901992374E-015,6.86331579153E-015,-0.5)) ;
#183=CARTESIAN_POINT('Vertex',(-48.2962913145,12.9409522551,-0.5)) ;
#186=CARTESIAN_POINT('Line Origine',(-48.2962913145,12.9409522551,3.25)) ;
#201=CARTESIAN_POINT('Axis2P3D Location',(-51.9615242271,2.,3.25)) ;
#206=CARTESIAN_POINT('Axis2P3D Location',(-51.9615242271,2.,7.)) ;
#210=CARTESIAN_POINT('Vertex',(-51.9615242271,2.05824926411E-014,7.)) ;
#213=CARTESIAN_POINT('Line Origine',(-51.9615242271,1.99840144433E-014,3.25)) ;
#217=CARTESIAN_POINT('Vertex',(-51.9615242271,1.99840144433E-014,-0.5)) ;
#220=CARTESIAN_POINT('Axis2P3D Location',(-51.9615242271,2.,-0.5)) ;
#232=CARTESIAN_POINT('Axis2P3D Location',(0.,0.,7.)) ;
#237=CARTESIAN_POINT('Axis2P3D Location',(-52.9622507075,2.,7.)) ;
#241=CARTESIAN_POINT('Vertex',(-52.9622507075,2.05824926411E-014,7.)) ;
#243=CARTESIAN_POINT('Vertex',(-54.9608262059,2.07547169811,7.)) ;
#246=CARTESIAN_POINT('Line Origine',(-52.4618874673,2.05824926411E-014,7.)) ;
#251=CARTESIAN_POINT('Axis2P3D Location',(1.83901992374E-015,6.86331579153E-015,7.)) ;
#255=CARTESIAN_POINT('Vertex',(-44.2307692308,23.3160685634,7.)) ;
#258=CARTESIAN_POINT('Axis2P3D Location',(-46.,24.248711306,7.)) ;
#262=CARTESIAN_POINT('Vertex',(-45.,25.9807621135,7.)) ;
#265=CARTESIAN_POINT('Line Origine',(-45.4333272771,26.2309437336,7.)) ;
#269=CARTESIAN_POINT('Vertex',(-45.8666545543,26.4811253537,7.)) ;
#272=CARTESIAN_POINT('Axis2P3D Location',(-46.8666545543,24.7490745462,7.)) ;
#276=CARTESIAN_POINT('Vertex',(-48.6352075563,25.6830018875,7.)) ;
#279=CARTESIAN_POINT('Axis2P3D Location',(0.,0.,7.)) ;
#283=CARTESIAN_POINT('Vertex',(14.2350474806,53.1259204459,7.)) ;
#286=CARTESIAN_POINT('Line Origine',(35.9683785721,47.3024919311,7.)) ;
#290=CARTESIAN_POINT('Vertex',(57.7017096636,41.4790634163,7.)) ;
#293=CARTESIAN_POINT('Axis2P3D Location',(55.1135192126,31.8198051534,7.)) ;
#297=CARTESIAN_POINT('Vertex',(64.7727774755,29.2316147024,7.)) ;
#300=CARTESIAN_POINT('Line Origine',(60.3652123683,12.7823577846,7.)) ;
#304=CARTESIAN_POINT('Vertex',(55.9576472611,-3.66689913322,7.)) ;
#307=CARTESIAN_POINT('Axis2P3D Location',(54.0257956085,-3.14926104301,7.)) ;
#311=CARTESIAN_POINT('Vertex',(54.5434336987,-1.21740939043,7.)) ;
#314=CARTESIAN_POINT('Line Origine',(53.4982861258,-0.937362942299,7.)) ;
#318=CARTESIAN_POINT('Vertex',(52.4531385529,-0.657316494164,7.)) ;
#321=CARTESIAN_POINT('Axis2P3D Location',(51.9355004627,-2.58916814674,7.)) ;
#325=CARTESIAN_POINT('Vertex',(49.9379812141,-2.48958475648,7.)) ;
#328=CARTESIAN_POINT('Axis2P3D Location',(1.83901992374E-015,6.86331579153E-015,7.)) ;
#332=CARTESIAN_POINT('Vertex',(48.2962913145,-12.9409522551,7.)) ;
#335=CARTESIAN_POINT('Axis2P3D Location',(0.,0.,7.)) ;
#339=CARTESIAN_POINT('Vertex',(44.4923527234,-22.8129469631,7.)) ;
#342=CARTESIAN_POINT('Axis2P3D Location',(46.2720468323,-23.7254648416,7.)) ;
#346=CARTESIAN_POINT('Vertex',(45.7544087421,-25.6573164942,7.)) ;
#349=CARTESIAN_POINT('Line Origine',(46.799556315,-25.9373629423,7.)) ;
#353=CARTESIAN_POINT('Vertex',(47.8447038879,-26.2174093904,7.)) ;
#356=CARTESIAN_POINT('Axis2P3D Location',(48.3623419781,-24.2855577379,7.)) ;
#360=CARTESIAN_POINT('Vertex',(50.2941936307,-24.8031958281,7.)) ;
#363=CARTESIAN_POINT('Line Origine',(45.8866285235,-41.2524527459,7.)) ;
#367=CARTESIAN_POINT('Vertex',(41.4790634163,-57.7017096636,7.)) ;
#370=CARTESIAN_POINT('Axis2P3D Location',(31.8198051534,-55.1135192126,7.)) ;
#374=CARTESIAN_POINT('Vertex',(29.2316147024,-64.7727774755,7.)) ;
#377=CARTESIAN_POINT('Line Origine',(7.49828361087,-58.9493489607,7.)) ;
#381=CARTESIAN_POINT('Vertex',(-14.2350474806,-53.1259204459,7.)) ;
#384=CARTESIAN_POINT('Axis2P3D Location',(0.,0.,7.)) ;
#415=CARTESIAN_POINT('Axis2P3D Location',(-36.8060796608,21.25,7.)) ;
#419=CARTESIAN_POINT('Vertex',(-34.3060796608,21.25,7.)) ;
#421=CARTESIAN_POINT('Vertex',(-39.3060796608,21.25,7.)) ;
#424=CARTESIAN_POINT('Axis2P3D Location',(-36.8060796608,21.25,7.)) ;
#433=CARTESIAN_POINT('Axis2P3D Location',(36.8060796608,21.25,7.)) ;
#437=CARTESIAN_POINT('Vertex',(39.3060796608,21.25,7.)) ;
#439=CARTESIAN_POINT('Vertex',(34.3060796608,21.25,7.)) ;
#442=CARTESIAN_POINT('Axis2P3D Location',(36.8060796608,21.25,7.)) ;
#451=CARTESIAN_POINT('Axis2P3D Location',(0.,-42.5,7.)) ;
#455=CARTESIAN_POINT('Vertex',(2.5,-42.5,7.)) ;
#457=CARTESIAN_POINT('Vertex',(-2.5,-42.5,7.)) ;
#460=CARTESIAN_POINT('Axis2P3D Location',(0.,-42.5,7.)) ;
#469=CARTESIAN_POINT('Axis2P3D Location',(0.,0.,7.)) ;
#473=CARTESIAN_POINT('Vertex',(16.2,0.,7.)) ;
#475=CARTESIAN_POINT('Vertex',(-16.2,1.98392781462E-015,7.)) ;
#478=CARTESIAN_POINT('Axis2P3D Location',(0.,0.,7.)) ;
#487=CARTESIAN_POINT('Axis2P3D Location',(0.,20.,7.)) ;
#491=CARTESIAN_POINT('Vertex',(1.45,20.,7.)) ;
#493=CARTESIAN_POINT('Vertex',(-1.45,20.,7.)) ;
#496=CARTESIAN_POINT('Axis2P3D Location',(0.,20.,7.)) ;
#505=CARTESIAN_POINT('Axis2P3D Location',(17.3205080757,10.,7.)) ;
#509=CARTESIAN_POINT('Vertex',(18.7705080757,10.,7.)) ;
#511=CARTESIAN_POINT('Vertex',(15.8705080757,10.,7.)) ;
#514=CARTESIAN_POINT('Axis2P3D Location',(17.3205080757,10.,7.)) ;
#523=CARTESIAN_POINT('Axis2P3D Location',(-17.3205080757,10.,7.)) ;
#527=CARTESIAN_POINT('Vertex',(-15.8705080757,10.,7.)) ;
#529=CARTESIAN_POINT('Vertex',(-18.7705080757,10.,7.)) ;
#532=CARTESIAN_POINT('Axis2P3D Location',(-17.3205080757,10.,7.)) ;
#541=CARTESIAN_POINT('Axis2P3D Location',(17.3205080757,-10.,7.)) ;
#545=CARTESIAN_POINT('Vertex',(18.7705080757,-10.,7.)) ;
#547=CARTESIAN_POINT('Vertex',(15.8705080757,-10.,7.)) ;
#550=CARTESIAN_POINT('Axis2P3D Location',(17.3205080757,-10.,7.)) ;
#559=CARTESIAN_POINT('Axis2P3D Location',(0.,-20.,7.)) ;
#563=CARTESIAN_POINT('Vertex',(1.45,-20.,7.)) ;
#565=CARTESIAN_POINT('Vertex',(-1.45,-20.,7.)) ;
#568=CARTESIAN_POINT('Axis2P3D Location',(0.,-20.,7.)) ;
#577=CARTESIAN_POINT('Axis2P3D Location',(-17.3205080757,-10.,7.)) ;
#581=CARTESIAN_POINT('Vertex',(-18.7705080757,-10.,7.)) ;
#583=CARTESIAN_POINT('Vertex',(-15.8705080757,-10.,7.)) ;
#586=CARTESIAN_POINT('Axis2P3D Location',(-17.3205080757,-10.,7.)) ;
#595=CARTESIAN_POINT('Axis2P3D Location',(19.9537071394,23.0672835721,7.)) ;
#599=CARTESIAN_POINT('Vertex',(16.6826076084,19.285761675,7.)) ;
#601=CARTESIAN_POINT('Vertex',(22.4537071394,18.7371565531,7.)) ;
#604=CARTESIAN_POINT('Line Origine',(25.5819008301,20.5432200226,7.)) ;
#608=CARTESIAN_POINT('Vertex',(28.7100945208,22.349283492,7.)) ;
#611=CARTESIAN_POINT('Axis2P3D Location',(26.2100945208,26.6794105109,7.)) ;
#615=CARTESIAN_POINT('Vertex',(29.7141178525,30.246176622,7.)) ;
#618=CARTESIAN_POINT('Axis2P3D Location',(0.,0.,7.)) ;
#622=CARTESIAN_POINT('Vertex',(-29.7141178525,30.246176622,7.)) ;
#625=CARTESIAN_POINT('Axis2P3D Location',(-26.2100945208,26.6794105109,7.)) ;
#629=CARTESIAN_POINT('Vertex',(-28.7100945208,22.349283492,7.)) ;
#632=CARTESIAN_POINT('Line Origine',(-25.5819008301,20.5432200226,7.)) ;
#636=CARTESIAN_POINT('Vertex',(-22.4537071394,18.7371565531,7.)) ;
#639=CARTESIAN_POINT('Axis2P3D Location',(-19.9537071394,23.0672835721,7.)) ;
#643=CARTESIAN_POINT('Vertex',(-16.6826076084,19.285761675,7.)) ;
#646=CARTESIAN_POINT('Axis2P3D Location',(0.,0.,7.)) ;
#661=CARTESIAN_POINT('Axis2P3D Location',(-36.2100945208,9.3589024352,7.)) ;
#665=CARTESIAN_POINT('Vertex',(-33.7100945208,13.6890294541,7.)) ;
#667=CARTESIAN_POINT('Vertex',(-41.0510162482,10.6100926003,7.)) ;
#670=CARTESIAN_POINT('Axis2P3D Location',(0.,0.,7.)) ;
#674=CARTESIAN_POINT('Vertex',(-11.3368983957,-40.8562692223,7.)) ;
#677=CARTESIAN_POINT('Axis2P3D Location',(-10.,-36.0383129461,7.)) ;
#681=CARTESIAN_POINT('Vertex',(-5.,-36.0383129461,7.)) ;
#684=CARTESIAN_POINT('Line Origine',(-5.,-32.4261860073,7.)) ;
#688=CARTESIAN_POINT('Vertex',(-5.,-28.8140590684,7.)) ;
#691=CARTESIAN_POINT('Axis2P3D Location',(-10.,-28.8140590684,7.)) ;
#695=CARTESIAN_POINT('Vertex',(-8.3606557377,-24.0904428277,7.)) ;
#698=CARTESIAN_POINT('Axis2P3D Location',(0.,0.,7.)) ;
#702=CARTESIAN_POINT('Vertex',(-25.0432633461,4.80468115271,7.)) ;
#705=CARTESIAN_POINT('Axis2P3D Location',(-29.9537071394,5.74677549638,7.)) ;
#709=CARTESIAN_POINT('Vertex',(-27.4537071394,10.0769025153,7.)) ;
#712=CARTESIAN_POINT('Line Origine',(-30.5819008301,11.8829659847,7.)) ;
#727=CARTESIAN_POINT('Axis2P3D Location',(10.,-36.0383129461,7.)) ;
#731=CARTESIAN_POINT('Vertex',(5.,-36.0383129461,7.)) ;
#733=CARTESIAN_POINT('Vertex',(11.3368983957,-40.8562692223,7.)) ;
#736=CARTESIAN_POINT('Axis2P3D Location',(0.,0.,7.)) ;
#740=CARTESIAN_POINT('Vertex',(41.0510162482,10.6100926003,7.)) ;
#743=CARTESIAN_POINT('Axis2P3D Location',(36.2100945208,9.3589024352,7.)) ;
#747=CARTESIAN_POINT('Vertex',(33.7100945208,13.6890294541,7.)) ;
#750=CARTESIAN_POINT('Line Origine',(30.5819008301,11.8829659847,7.)) ;
#754=CARTESIAN_POINT('Vertex',(27.4537071394,10.0769025153,7.)) ;
#757=CARTESIAN_POINT('Axis2P3D Location',(29.9537071394,5.74677549638,7.)) ;
#761=CARTESIAN_POINT('Vertex',(25.0432633461,4.80468115271,7.)) ;
#764=CARTESIAN_POINT('Axis2P3D Location',(0.,0.,7.)) ;
#768=CARTESIAN_POINT('Vertex',(8.3606557377,-24.0904428277,7.)) ;
#771=CARTESIAN_POINT('Axis2P3D Location',(10.,-28.8140590684,7.)) ;
#775=CARTESIAN_POINT('Vertex',(5.,-28.8140590684,7.)) ;
#778=CARTESIAN_POINT('Line Origine',(5.,-32.4261860073,7.)) ;
#794=CARTESIAN_POINT('Axis2P3D Location',(-52.9622507075,2.05824926411E-014,7.)) ;
#799=CARTESIAN_POINT('Line Origine',(-52.9622507075,2.05824926411E-014,3.25)) ;
#803=CARTESIAN_POINT('Vertex',(-52.9622507075,2.05824926411E-014,-0.5)) ;
#806=CARTESIAN_POINT('Line Origine',(-52.4618874673,2.05824926411E-014,-0.5)) ;
#818=CARTESIAN_POINT('Axis2P3D Location',(-36.8060796608,21.25,10.75)) ;
#823=CARTESIAN_POINT('Axis2P3D Location',(-36.8060796608,21.25,14.5)) ;
#827=CARTESIAN_POINT('Vertex',(-39.3060796608,21.25,14.5)) ;
#829=CARTESIAN_POINT('Vertex',(-34.3060796608,21.25,14.5)) ;
#832=CARTESIAN_POINT('Line Origine',(-34.3060796608,21.25,10.75)) ;
#837=CARTESIAN_POINT('Line Origine',(-39.3060796608,21.25,10.75)) ;
#849=CARTESIAN_POINT('Axis2P3D Location',(-36.8060796608,21.25,14.5)) ;
#861=CARTESIAN_POINT('Axis2P3D Location',(36.8060796608,21.25,10.75)) ;
#866=CARTESIAN_POINT('Axis2P3D Location',(36.8060796608,21.25,14.5)) ;
#870=CARTESIAN_POINT('Vertex',(34.3060796608,21.25,14.5)) ;
#872=CARTESIAN_POINT('Vertex',(39.3060796608,21.25,14.5)) ;
#875=CARTESIAN_POINT('Line Origine',(39.3060796608,21.25,10.75)) ;
#880=CARTESIAN_POINT('Line Origine',(34.3060796608,21.25,10.75)) ;
#892=CARTESIAN_POINT('Axis2P3D Location',(36.8060796608,21.25,14.5)) ;
#904=CARTESIAN_POINT('Axis2P3D Location',(0.,-42.5,10.75)) ;
#909=CARTESIAN_POINT('Axis2P3D Location',(0.,-42.5,14.5)) ;
#913=CARTESIAN_POINT('Vertex',(-2.5,-42.5,14.5)) ;
#915=CARTESIAN_POINT('Vertex',(2.5,-42.5,14.5)) ;
#918=CARTESIAN_POINT('Line Origine',(2.5,-42.5,10.75)) ;
#923=CARTESIAN_POINT('Line Origine',(-2.5,-42.5,10.75)) ;
#935=CARTESIAN_POINT('Axis2P3D Location',(0.,-42.5,14.5)) ;
#947=CARTESIAN_POINT('Axis2P3D Location',(0.,0.,10.75)) ;
#952=CARTESIAN_POINT('Axis2P3D Location',(0.,0.,14.5)) ;
#956=CARTESIAN_POINT('Vertex',(-16.2,1.98392781462E-015,14.5)) ;
#958=CARTESIAN_POINT('Vertex',(16.2,0.,14.5)) ;
#961=CARTESIAN_POINT('Line Origine',(16.2,-3.96785562924E-015,10.75)) ;
#966=CARTESIAN_POINT('Line Origine',(-16.2,1.98392781462E-015,10.75)) ;
#978=CARTESIAN_POINT('Axis2P3D Location',(0.,0.,14.5)) ;
#990=CARTESIAN_POINT('Axis2P3D Location',(0.,20.,10.75)) ;
#995=CARTESIAN_POINT('Axis2P3D Location',(0.,20.,14.5)) ;
#999=CARTESIAN_POINT('Vertex',(-1.45,20.,14.5)) ;
#1001=CARTESIAN_POINT('Vertex',(1.45,20.,14.5)) ;
#1004=CARTESIAN_POINT('Line Origine',(1.45,20.,10.75)) ;
#1009=CARTESIAN_POINT('Line Origine',(-1.45,20.,10.75)) ;
#1021=CARTESIAN_POINT('Axis2P3D Location',(0.,20.,14.5)) ;
#1033=CARTESIAN_POINT('Axis2P3D Location',(17.3205080757,10.,10.75)) ;
#1038=CARTESIAN_POINT('Axis2P3D Location',(17.3205080757,10.,14.5)) ;
#1042=CARTESIAN_POINT('Vertex',(15.8705080757,10.,14.5)) ;
#1044=CARTESIAN_POINT('Vertex',(18.7705080757,10.,14.5)) ;
#1047=CARTESIAN_POINT('Line Origine',(18.7705080757,10.,10.75)) ;
#1052=CARTESIAN_POINT('Line Origine',(15.8705080757,10.,10.75)) ;
#1064=CARTESIAN_POINT('Axis2P3D Location',(17.3205080757,10.,14.5)) ;
#1076=CARTESIAN_POINT('Axis2P3D Location',(-17.3205080757,10.,10.75)) ;
#1081=CARTESIAN_POINT('Axis2P3D Location',(-17.3205080757,10.,14.5)) ;
#1085=CARTESIAN_POINT('Vertex',(-18.7705080757,10.,14.5)) ;
#1087=CARTESIAN_POINT('Vertex',(-15.8705080757,10.,14.5)) ;
#1090=CARTESIAN_POINT('Line Origine',(-15.8705080757,10.,10.75)) ;
#1095=CARTESIAN_POINT('Line Origine',(-18.7705080757,10.,10.75)) ;
#1107=CARTESIAN_POINT('Axis2P3D Location',(-17.3205080757,10.,14.5)) ;
#1119=CARTESIAN_POINT('Axis2P3D Location',(17.3205080757,-10.,10.75)) ;
#1124=CARTESIAN_POINT('Axis2P3D Location',(17.3205080757,-10.,14.5)) ;
#1128=CARTESIAN_POINT('Vertex',(15.8705080757,-10.,14.5)) ;
#1130=CARTESIAN_POINT('Vertex',(18.7705080757,-10.,14.5)) ;
#1133=CARTESIAN_POINT('Line Origine',(18.7705080757,-10.,10.75)) ;
#1138=CARTESIAN_POINT('Line Origine',(15.8705080757,-10.,10.75)) ;
#1150=CARTESIAN_POINT('Axis2P3D Location',(17.3205080757,-10.,14.5)) ;
#1162=CARTESIAN_POINT('Axis2P3D Location',(0.,-20.,10.75)) ;
#1167=CARTESIAN_POINT('Axis2P3D Location',(0.,-20.,14.5)) ;
#1171=CARTESIAN_POINT('Vertex',(-1.45,-20.,14.5)) ;
#1173=CARTESIAN_POINT('Vertex',(1.45,-20.,14.5)) ;
#1176=CARTESIAN_POINT('Line Origine',(1.45,-20.,10.75)) ;
#1181=CARTESIAN_POINT('Line Origine',(-1.45,-20.,10.75)) ;
#1193=CARTESIAN_POINT('Axis2P3D Location',(0.,-20.,14.5)) ;
#1205=CARTESIAN_POINT('Axis2P3D Location',(-17.3205080757,-10.,10.75)) ;
#1210=CARTESIAN_POINT('Axis2P3D Location',(-17.3205080757,-10.,14.5)) ;
#1214=CARTESIAN_POINT('Vertex',(-15.8705080757,-10.,14.5)) ;
#1216=CARTESIAN_POINT('Vertex',(-18.7705080757,-10.,14.5)) ;
#1219=CARTESIAN_POINT('Line Origine',(-18.7705080757,-10.,10.75)) ;
#1224=CARTESIAN_POINT('Line Origine',(-15.8705080757,-10.,10.75)) ;
#1236=CARTESIAN_POINT('Axis2P3D Location',(-17.3205080757,-10.,14.5)) ;
#1248=CARTESIAN_POINT('Axis2P3D Location',(0.,0.,10.75)) ;
#1253=CARTESIAN_POINT('Axis2P3D Location',(0.,0.,14.5)) ;
#1257=CARTESIAN_POINT('Vertex',(-16.6826076084,19.285761675,14.5)) ;
#1259=CARTESIAN_POINT('Vertex',(16.6826076084,19.285761675,14.5)) ;
#1262=CARTESIAN_POINT('Line Origine',(16.6826076084,19.285761675,10.75)) ;
#1267=CARTESIAN_POINT('Line Origine',(-16.6826076084,19.285761675,10.75)) ;
#1279=CARTESIAN_POINT('Axis2P3D Location',(-19.9537071394,23.0672835721,10.75)) ;
#1284=CARTESIAN_POINT('Axis2P3D Location',(-19.9537071394,23.0672835721,14.5)) ;
#1288=CARTESIAN_POINT('Vertex',(-22.4537071394,18.7371565531,14.5)) ;
#1291=CARTESIAN_POINT('Line Origine',(-22.4537071394,18.7371565531,10.75)) ;
#1303=CARTESIAN_POINT('Axis2P3D Location',(-28.7100945208,22.349283492,7.)) ;
#1308=CARTESIAN_POINT('Line Origine',(-25.5819008301,20.5432200226,14.5)) ;
#1312=CARTESIAN_POINT('Vertex',(-28.7100945208,22.349283492,14.5)) ;
#1315=CARTESIAN_POINT('Line Origine',(-28.7100945208,22.349283492,10.75)) ;
#1327=CARTESIAN_POINT('Axis2P3D Location',(-26.2100945208,26.6794105109,10.75)) ;
#1332=CARTESIAN_POINT('Axis2P3D Location',(-26.2100945208,26.6794105109,14.5)) ;
#1336=CARTESIAN_POINT('Vertex',(-29.7141178525,30.246176622,14.5)) ;
#1339=CARTESIAN_POINT('Line Origine',(-29.7141178525,30.246176622,10.75)) ;
#1351=CARTESIAN_POINT('Axis2P3D Location',(0.,0.,10.75)) ;
#1356=CARTESIAN_POINT('Axis2P3D Location',(0.,0.,14.5)) ;
#1360=CARTESIAN_POINT('Vertex',(29.7141178525,30.246176622,14.5)) ;
#1363=CARTESIAN_POINT('Line Origine',(29.7141178525,30.246176622,10.75)) ;
#1375=CARTESIAN_POINT('Axis2P3D Location',(26.2100945208,26.6794105109,10.75)) ;
#1380=CARTESIAN_POINT('Axis2P3D Location',(26.2100945208,26.6794105109,14.5)) ;
#1384=CARTESIAN_POINT('Vertex',(28.7100945208,22.349283492,14.5)) ;
#1387=CARTESIAN_POINT('Line Origine',(28.7100945208,22.349283492,10.75)) ;
#1399=CARTESIAN_POINT('Axis2P3D Location',(22.4537071394,18.7371565531,7.)) ;
#1404=CARTESIAN_POINT('Line Origine',(25.5819008301,20.5432200226,14.5)) ;
#1408=CARTESIAN_POINT('Vertex',(22.4537071394,18.7371565531,14.5)) ;
#1411=CARTESIAN_POINT('Line Origine',(22.4537071394,18.7371565531,10.75)) ;
#1423=CARTESIAN_POINT('Axis2P3D Location',(19.9537071394,23.0672835721,10.75)) ;
#1428=CARTESIAN_POINT('Axis2P3D Location',(19.9537071394,23.0672835721,14.5)) ;
#1440=CARTESIAN_POINT('Axis2P3D Location',(-27.4537071394,10.0769025153,7.)) ;
#1445=CARTESIAN_POINT('Line Origine',(-30.5819008301,11.8829659847,14.5)) ;
#1449=CARTESIAN_POINT('Vertex',(-27.4537071394,10.0769025153,14.5)) ;
#1451=CARTESIAN_POINT('Vertex',(-33.7100945208,13.6890294541,14.5)) ;
#1454=CARTESIAN_POINT('Line Origine',(-33.7100945208,13.6890294541,10.75)) ;
#1459=CARTESIAN_POINT('Line Origine',(-27.4537071394,10.0769025153,10.75)) ;
#1471=CARTESIAN_POINT('Axis2P3D Location',(-29.9537071394,5.74677549638,10.75)) ;
#1476=CARTESIAN_POINT('Axis2P3D Location',(-29.9537071394,5.74677549638,14.5)) ;
#1480=CARTESIAN_POINT('Vertex',(-25.0432633461,4.80468115271,14.5)) ;
#1483=CARTESIAN_POINT('Line Origine',(-25.0432633461,4.80468115271,10.75)) ;
#1495=CARTESIAN_POINT('Axis2P3D Location',(0.,0.,14.5)) ;
#1499=CARTESIAN_POINT('Vertex',(-8.3606557377,-24.0904428277,14.5)) ;
#1502=CARTESIAN_POINT('Line Origine',(-8.3606557377,-24.0904428277,10.75)) ;
#1514=CARTESIAN_POINT('Axis2P3D Location',(-10.,-28.8140590684,10.75)) ;
#1519=CARTESIAN_POINT('Axis2P3D Location',(-10.,-28.8140590684,14.5)) ;
#1523=CARTESIAN_POINT('Vertex',(-5.,-28.8140590684,14.5)) ;
#1526=CARTESIAN_POINT('Line Origine',(-5.,-28.8140590684,10.75)) ;
#1538=CARTESIAN_POINT('Axis2P3D Location',(-5.,-36.0383129461,7.)) ;
#1543=CARTESIAN_POINT('Line Origine',(-5.,-32.4261860073,14.5)) ;
#1547=CARTESIAN_POINT('Vertex',(-5.,-36.0383129461,14.5)) ;
#1550=CARTESIAN_POINT('Line Origine',(-5.,-36.0383129461,10.75)) ;
#1562=CARTESIAN_POINT('Axis2P3D Location',(-10.,-36.0383129461,10.75)) ;
#1567=CARTESIAN_POINT('Axis2P3D Location',(-10.,-36.0383129461,14.5)) ;
#1571=CARTESIAN_POINT('Vertex',(-11.3368983957,-40.8562692223,14.5)) ;
#1574=CARTESIAN_POINT('Line Origine',(-11.3368983957,-40.8562692223,10.75)) ;
#1586=CARTESIAN_POINT('Axis2P3D Location',(0.,0.,14.5)) ;
#1590=CARTESIAN_POINT('Vertex',(-41.0510162482,10.6100926003,14.5)) ;
#1593=CARTESIAN_POINT('Line Origine',(-41.0510162482,10.6100926003,10.75)) ;
#1605=CARTESIAN_POINT('Axis2P3D Location',(-36.2100945208,9.3589024352,10.75)) ;
#1610=CARTESIAN_POINT('Axis2P3D Location',(-36.2100945208,9.3589024352,14.5)) ;
#1622=CARTESIAN_POINT('Axis2P3D Location',(5.,-28.8140590684,7.)) ;
#1627=CARTESIAN_POINT('Line Origine',(5.,-32.4261860073,14.5)) ;
#1631=CARTESIAN_POINT('Vertex',(5.,-28.8140590684,14.5)) ;
#1633=CARTESIAN_POINT('Vertex',(5.,-36.0383129461,14.5)) ;
#1636=CARTESIAN_POINT('Line Origine',(5.,-36.0383129461,10.75)) ;
#1641=CARTESIAN_POINT('Line Origine',(5.,-28.8140590684,10.75)) ;
#1653=CARTESIAN_POINT('Axis2P3D Location',(10.,-28.8140590684,10.75)) ;
#1658=CARTESIAN_POINT('Axis2P3D Location',(10.,-28.8140590684,14.5)) ;
#1662=CARTESIAN_POINT('Vertex',(8.3606557377,-24.0904428277,14.5)) ;
#1665=CARTESIAN_POINT('Line Origine',(8.3606557377,-24.0904428277,10.75)) ;
#1677=CARTESIAN_POINT('Axis2P3D Location',(0.,0.,10.75)) ;
#1682=CARTESIAN_POINT('Axis2P3D Location',(0.,0.,14.5)) ;
#1686=CARTESIAN_POINT('Vertex',(25.0432633461,4.80468115271,14.5)) ;
#1689=CARTESIAN_POINT('Line Origine',(25.0432633461,4.80468115271,10.75)) ;
#1701=CARTESIAN_POINT('Axis2P3D Location',(29.9537071394,5.74677549638,10.75)) ;
#1706=CARTESIAN_POINT('Axis2P3D Location',(29.9537071394,5.74677549638,14.5)) ;
#1710=CARTESIAN_POINT('Vertex',(27.4537071394,10.0769025153,14.5)) ;
#1713=CARTESIAN_POINT('Line Origine',(27.4537071394,10.0769025153,10.75)) ;
#1725=CARTESIAN_POINT('Axis2P3D Location',(33.7100945208,13.6890294541,7.)) ;
#1730=CARTESIAN_POINT('Line Origine',(30.5819008301,11.8829659847,14.5)) ;
#1734=CARTESIAN_POINT('Vertex',(33.7100945208,13.6890294541,14.5)) ;
#1737=CARTESIAN_POINT('Line Origine',(33.7100945208,13.6890294541,10.75)) ;
#1749=CARTESIAN_POINT('Axis2P3D Location',(36.2100945208,9.3589024352,10.75)) ;
#1754=CARTESIAN_POINT('Axis2P3D Location',(36.2100945208,9.3589024352,14.5)) ;
#1758=CARTESIAN_POINT('Vertex',(41.0510162482,10.6100926003,14.5)) ;
#1761=CARTESIAN_POINT('Line Origine',(41.0510162482,10.6100926003,10.75)) ;
#1773=CARTESIAN_POINT('Axis2P3D Location',(0.,0.,10.75)) ;
#1778=CARTESIAN_POINT('Axis2P3D Location',(0.,0.,14.5)) ;
#1782=CARTESIAN_POINT('Vertex',(11.3368983957,-40.8562692223,14.5)) ;
#1785=CARTESIAN_POINT('Line Origine',(11.3368983957,-40.8562692223,10.75)) ;
#1797=CARTESIAN_POINT('Axis2P3D Location',(10.,-36.0383129461,10.75)) ;
#1802=CARTESIAN_POINT('Axis2P3D Location',(10.,-36.0383129461,14.5)) ;
#1814=CARTESIAN_POINT('Axis2P3D Location',(0.,0.,14.5)) ;
#1819=CARTESIAN_POINT('Axis2P3D Location',(0.,0.,14.5)) ;
#1823=CARTESIAN_POINT('Vertex',(14.2350474806,53.1259204459,14.5)) ;
#1825=CARTESIAN_POINT('Vertex',(-14.2350474806,-53.1259204459,14.5)) ;
#1828=CARTESIAN_POINT('Line Origine',(7.49828361087,-58.9493489607,14.5)) ;
#1832=CARTESIAN_POINT('Vertex',(29.2316147024,-64.7727774755,14.5)) ;
#1835=CARTESIAN_POINT('Axis2P3D Location',(31.8198051534,-55.1135192126,14.5)) ;
#1839=CARTESIAN_POINT('Vertex',(41.4790634163,-57.7017096636,14.5)) ;
#1842=CARTESIAN_POINT('Line Origine',(47.3024919311,-35.9683785721,14.5)) ;
#1846=CARTESIAN_POINT('Vertex',(53.1259204459,-14.2350474806,14.5)) ;
#1849=CARTESIAN_POINT('Line Origine',(58.9493489607,7.49828361087,14.5)) ;
#1853=CARTESIAN_POINT('Vertex',(64.7727774755,29.2316147024,14.5)) ;
#1856=CARTESIAN_POINT('Axis2P3D Location',(55.1135192126,31.8198051534,14.5)) ;
#1860=CARTESIAN_POINT('Vertex',(57.7017096636,41.4790634163,14.5)) ;
#1863=CARTESIAN_POINT('Line Origine',(35.9683785721,47.3024919311,14.5)) ;
#1948=CARTESIAN_POINT('Axis2P3D Location',(0.,0.,-0.5)) ;
#1953=CARTESIAN_POINT('Axis2P3D Location',(1.83901992374E-015,6.86331579153E-015,-0.5)) ;
#1957=CARTESIAN_POINT('Vertex',(48.2962913145,-12.9409522551,-0.5)) ;
#1959=CARTESIAN_POINT('Vertex',(49.9379812141,-2.48958475648,-0.5)) ;
#1962=CARTESIAN_POINT('Axis2P3D Location',(51.9355004627,-2.58916814674,-0.5)) ;
#1966=CARTESIAN_POINT('Vertex',(52.4531385529,-0.657316494164,-0.5)) ;
#1969=CARTESIAN_POINT('Line Origine',(53.4982861258,-0.937362942299,-0.5)) ;
#1973=CARTESIAN_POINT('Vertex',(54.5434336987,-1.21740939043,-0.5)) ;
#1976=CARTESIAN_POINT('Axis2P3D Location',(54.0257956085,-3.14926104301,-0.5)) ;
#1980=CARTESIAN_POINT('Vertex',(55.9576472611,-3.66689913322,-0.5)) ;
#1983=CARTESIAN_POINT('Line Origine',(54.5417838535,-8.95097330693,-0.5)) ;
#1987=CARTESIAN_POINT('Vertex',(53.1259204459,-14.2350474806,-0.5)) ;
#1990=CARTESIAN_POINT('Line Origine',(51.7100570383,-19.5191216543,-0.5)) ;
#1994=CARTESIAN_POINT('Vertex',(50.2941936307,-24.8031958281,-0.5)) ;
#1997=CARTESIAN_POINT('Axis2P3D Location',(48.3623419781,-24.2855577379,-0.5)) ;
#2001=CARTESIAN_POINT('Vertex',(47.8447038879,-26.2174093904,-0.5)) ;
#2004=CARTESIAN_POINT('Line Origine',(46.799556315,-25.9373629423,-0.5)) ;
#2008=CARTESIAN_POINT('Vertex',(45.7544087421,-25.6573164942,-0.5)) ;
#2011=CARTESIAN_POINT('Axis2P3D Location',(46.2720468323,-23.7254648416,-0.5)) ;
#2015=CARTESIAN_POINT('Vertex',(44.4923527234,-22.8129469631,-0.5)) ;
#2018=CARTESIAN_POINT('Axis2P3D Location',(0.,0.,-0.5)) ;
#2036=CARTESIAN_POINT('Axis2P3D Location',(-52.9622507075,2.,3.25)) ;
#2041=CARTESIAN_POINT('Line Origine',(-54.9608262059,2.07547169811,3.25)) ;
#2045=CARTESIAN_POINT('Vertex',(-54.9608262059,2.07547169811,-0.5)) ;
#2048=CARTESIAN_POINT('Axis2P3D Location',(-52.9622507075,2.,-0.5)) ;
#2060=CARTESIAN_POINT('Axis2P3D Location',(-46.,24.248711306,3.25)) ;
#2065=CARTESIAN_POINT('Line Origine',(-45.,25.9807621135,3.25)) ;
#2069=CARTESIAN_POINT('Vertex',(-45.,25.9807621135,-0.5)) ;
#2072=CARTESIAN_POINT('Line Origine',(-44.2307692308,23.3160685634,3.25)) ;
#2076=CARTESIAN_POINT('Vertex',(-44.2307692308,23.3160685634,-0.5)) ;
#2079=CARTESIAN_POINT('Axis2P3D Location',(-46.,24.248711306,-0.5)) ;
#2091=CARTESIAN_POINT('Axis2P3D Location',(-45.8666545543,26.4811253537,7.)) ;
#2096=CARTESIAN_POINT('Line Origine',(-45.8666545543,26.4811253537,3.25)) ;
#2100=CARTESIAN_POINT('Vertex',(-45.8666545543,26.4811253537,-0.5)) ;
#2103=CARTESIAN_POINT('Line Origine',(-45.4333272771,26.2309437336,-0.5)) ;
#2115=CARTESIAN_POINT('Axis2P3D Location',(-46.8666545543,24.7490745462,3.25)) ;
#2120=CARTESIAN_POINT('Line Origine',(-48.6352075563,25.6830018875,3.25)) ;
#2124=CARTESIAN_POINT('Vertex',(-48.6352075563,25.6830018875,-0.5)) ;
#2127=CARTESIAN_POINT('Axis2P3D Location',(-46.8666545543,24.7490745462,-0.5)) ;
#2139=CARTESIAN_POINT('Axis2P3D Location',(57.7017096636,41.4790634163,7.)) ;
#2144=CARTESIAN_POINT('Line Origine',(57.7017096636,41.4790634163,10.75)) ;
#2149=CARTESIAN_POINT('Line Origine',(14.2350474806,53.1259204459,10.75)) ;
#2161=CARTESIAN_POINT('Axis2P3D Location',(55.1135192126,31.8198051534,10.75)) ;
#2166=CARTESIAN_POINT('Line Origine',(64.7727774755,29.2316147024,10.75)) ;
#2178=CARTESIAN_POINT('Axis2P3D Location',(53.1259204459,-14.2350474806,7.)) ;
#2183=CARTESIAN_POINT('Line Origine',(55.9576472611,-3.66689913322,3.25)) ;
#2188=CARTESIAN_POINT('Line Origine',(53.1259204459,-14.2350474806,7.)) ;
#2202=CARTESIAN_POINT('Axis2P3D Location',(54.0257956085,-3.14926104301,3.25)) ;
#2207=CARTESIAN_POINT('Line Origine',(54.5434336987,-1.21740939043,3.25)) ;
#2219=CARTESIAN_POINT('Axis2P3D Location',(54.5434336987,-1.21740939043,7.)) ;
#2224=CARTESIAN_POINT('Line Origine',(52.4531385529,-0.657316494164,3.25)) ;
#2236=CARTESIAN_POINT('Axis2P3D Location',(51.9355004627,-2.58916814674,3.25)) ;
#2241=CARTESIAN_POINT('Line Origine',(49.9379812141,-2.48958475648,3.25)) ;
#2253=CARTESIAN_POINT('Axis2P3D Location',(1.83901992374E-015,6.86331579153E-015,3.25)) ;
#2258=CARTESIAN_POINT('Line Origine',(48.2962913145,-12.9409522551,3.25)) ;
#2270=CARTESIAN_POINT('Line Origine',(44.4923527234,-22.8129469631,3.25)) ;
#2282=CARTESIAN_POINT('Axis2P3D Location',(46.2720468323,-23.7254648416,3.25)) ;
#2287=CARTESIAN_POINT('Line Origine',(45.7544087421,-25.6573164942,3.25)) ;
#2299=CARTESIAN_POINT('Axis2P3D Location',(47.8447038879,-26.2174093904,7.)) ;
#2304=CARTESIAN_POINT('Line Origine',(47.8447038879,-26.2174093904,3.25)) ;
#2316=CARTESIAN_POINT('Axis2P3D Location',(48.3623419781,-24.2855577379,3.25)) ;
#2321=CARTESIAN_POINT('Line Origine',(50.2941936307,-24.8031958281,3.25)) ;
#2333=CARTESIAN_POINT('Line Origine',(41.4790634163,-57.7017096636,10.75)) ;
#2347=CARTESIAN_POINT('Axis2P3D Location',(31.8198051534,-55.1135192126,10.75)) ;
#2352=CARTESIAN_POINT('Line Origine',(29.2316147024,-64.7727774755,10.75)) ;
#2364=CARTESIAN_POINT('Axis2P3D Location',(29.2316147024,-64.7727774755,7.)) ;
#2369=CARTESIAN_POINT('Line Origine',(-14.2350474806,-53.1259204459,10.75)) ;
#2381=CARTESIAN_POINT('Axis2P3D Location',(0.,0.,-0.5)) ;
#2385=CARTESIAN_POINT('Vertex',(-53.1259204459,14.2350474806,-0.5)) ;
#2388=CARTESIAN_POINT('Axis2P3D Location',(1.83901992374E-015,6.86331579153E-015,-0.5)) ;
#2393=CARTESIAN_POINT('Axis2P3D Location',(1.83901992374E-015,6.86331579153E-015,-0.5)) ;
#2421=CARTESIAN_POINT('Axis2P3D Location',(0.,0.,3.25)) ;
#53=DIRECTION('Axis2P3D Direction',(0.965925826289,-0.258819045103,-0.)) ;
#54=DIRECTION('Axis2P3D XDirection',(0.227135080667,0.847679661231,0.479425538604)) ;
#58=DIRECTION('Vector Direction',(0.965925826289,-0.258819045103,0.)) ;
#86=DIRECTION('Vector Direction',(0.965925826289,-0.258819045103,0.)) ;
#154=DIRECTION('Axis2P3D Direction',(0.,-0.,-1.)) ;
#155=DIRECTION('Axis2P3D XDirection',(-0.99926008129,0.0384615384615,0.)) ;
#159=DIRECTION('Vector Direction',(0.,0.,-1.)) ;
#166=DIRECTION('Axis2P3D Direction',(0.,-0.,-1.)) ;
#173=DIRECTION('Vector Direction',(0.,0.,-1.)) ;
#180=DIRECTION('Axis2P3D Direction',(0.,-0.,-1.)) ;
#187=DIRECTION('Vector Direction',(0.,0.,-1.)) ;
#202=DIRECTION('Axis2P3D Direction',(0.,-0.,-1.)) ;
#203=DIRECTION('Axis2P3D XDirection',(0.99926008129,-0.0384615384615,0.)) ;
#207=DIRECTION('Axis2P3D Direction',(0.,-0.,-1.)) ;
#214=DIRECTION('Vector Direction',(0.,0.,-1.)) ;
#221=DIRECTION('Axis2P3D Direction',(0.,-0.,-1.)) ;
#233=DIRECTION('Axis2P3D Direction',(0.,0.,1.)) ;
#234=DIRECTION('Axis2P3D XDirection',(1.,0.,0.)) ;
#238=DIRECTION('Axis2P3D Direction',(0.,0.,1.)) ;
#247=DIRECTION('Vector Direction',(1.,0.,0.)) ;
#252=DIRECTION('Axis2P3D Direction',(0.,0.,1.)) ;
#259=DIRECTION('Axis2P3D Direction',(0.,0.,1.)) ;
#266=DIRECTION('Vector Direction',(0.866025403784,-0.5,0.)) ;
#273=DIRECTION('Axis2P3D Direction',(0.,0.,1.)) ;
#280=DIRECTION('Axis2P3D Direction',(0.,0.,1.)) ;
#287=DIRECTION('Vector Direction',(-0.965925826289,0.258819045103,0.)) ;
#294=DIRECTION('Axis2P3D Direction',(0.,0.,1.)) ;
#301=DIRECTION('Vector Direction',(0.258819045103,0.965925826289,0.)) ;
#308=DIRECTION('Axis2P3D Direction',(0.,0.,1.)) ;
#315=DIRECTION('Vector Direction',(-0.965925826289,0.258819045103,0.)) ;
#322=DIRECTION('Axis2P3D Direction',(0.,0.,1.)) ;
#329=DIRECTION('Axis2P3D Direction',(0.,0.,1.)) ;
#336=DIRECTION('Axis2P3D Direction',(0.,0.,1.)) ;
#343=DIRECTION('Axis2P3D Direction',(0.,0.,1.)) ;
#350=DIRECTION('Vector Direction',(-0.965925826289,0.258819045103,0.)) ;
#357=DIRECTION('Axis2P3D Direction',(0.,0.,1.)) ;
#364=DIRECTION('Vector Direction',(-0.258819045103,-0.965925826289,0.)) ;
#371=DIRECTION('Axis2P3D Direction',(0.,0.,1.)) ;
#378=DIRECTION('Vector Direction',(-0.965925826289,0.258819045103,0.)) ;
#385=DIRECTION('Axis2P3D Direction',(0.,0.,1.)) ;
#416=DIRECTION('Axis2P3D Direction',(0.,0.,1.)) ;
#425=DIRECTION('Axis2P3D Direction',(0.,0.,1.)) ;
#434=DIRECTION('Axis2P3D Direction',(0.,0.,1.)) ;
#443=DIRECTION('Axis2P3D Direction',(0.,0.,1.)) ;
#452=DIRECTION('Axis2P3D Direction',(0.,0.,1.)) ;
#461=DIRECTION('Axis2P3D Direction',(0.,0.,1.)) ;
#470=DIRECTION('Axis2P3D Direction',(0.,0.,1.)) ;
#479=DIRECTION('Axis2P3D Direction',(0.,0.,1.)) ;
#488=DIRECTION('Axis2P3D Direction',(0.,0.,1.)) ;
#497=DIRECTION('Axis2P3D Direction',(0.,0.,1.)) ;
#506=DIRECTION('Axis2P3D Direction',(0.,0.,1.)) ;
#515=DIRECTION('Axis2P3D Direction',(0.,0.,1.)) ;
#524=DIRECTION('Axis2P3D Direction',(0.,0.,1.)) ;
#533=DIRECTION('Axis2P3D Direction',(0.,0.,1.)) ;
#542=DIRECTION('Axis2P3D Direction',(0.,0.,1.)) ;
#551=DIRECTION('Axis2P3D Direction',(0.,0.,1.)) ;
#560=DIRECTION('Axis2P3D Direction',(0.,0.,1.)) ;
#569=DIRECTION('Axis2P3D Direction',(0.,0.,1.)) ;
#578=DIRECTION('Axis2P3D Direction',(0.,0.,1.)) ;
#587=DIRECTION('Axis2P3D Direction',(0.,0.,1.)) ;
#596=DIRECTION('Axis2P3D Direction',(0.,0.,1.)) ;
#605=DIRECTION('Vector Direction',(0.866025403784,0.5,0.)) ;
#612=DIRECTION('Axis2P3D Direction',(0.,0.,1.)) ;
#619=DIRECTION('Axis2P3D Direction',(0.,0.,1.)) ;
#626=DIRECTION('Axis2P3D Direction',(0.,0.,1.)) ;
#633=DIRECTION('Vector Direction',(0.866025403784,-0.5,0.)) ;
#640=DIRECTION('Axis2P3D Direction',(0.,0.,1.)) ;
#647=DIRECTION('Axis2P3D Direction',(0.,0.,1.)) ;
#662=DIRECTION('Axis2P3D Direction',(0.,0.,1.)) ;
#671=DIRECTION('Axis2P3D Direction',(0.,0.,1.)) ;
#678=DIRECTION('Axis2P3D Direction',(0.,0.,1.)) ;
#685=DIRECTION('Vector Direction',(0.,1.,0.)) ;
#692=DIRECTION('Axis2P3D Direction',(0.,0.,1.)) ;
#699=DIRECTION('Axis2P3D Direction',(0.,0.,1.)) ;
#706=DIRECTION('Axis2P3D Direction',(0.,0.,1.)) ;
#713=DIRECTION('Vector Direction',(-0.866025403784,0.5,0.)) ;
#728=DIRECTION('Axis2P3D Direction',(0.,0.,1.)) ;
#737=DIRECTION('Axis2P3D Direction',(0.,0.,1.)) ;
#744=DIRECTION('Axis2P3D Direction',(0.,0.,1.)) ;
#751=DIRECTION('Vector Direction',(-0.866025403784,-0.5,0.)) ;
#758=DIRECTION('Axis2P3D Direction',(0.,0.,1.)) ;
#765=DIRECTION('Axis2P3D Direction',(0.,0.,1.)) ;
#772=DIRECTION('Axis2P3D Direction',(0.,0.,1.)) ;
#779=DIRECTION('Vector Direction',(0.,-1.,0.)) ;
#795=DIRECTION('Axis2P3D Direction',(-0.,1.,0.)) ;
#796=DIRECTION('Axis2P3D XDirection',(1.,0.,0.)) ;
#800=DIRECTION('Vector Direction',(0.,0.,-1.)) ;
#807=DIRECTION('Vector Direction',(1.,0.,0.)) ;
#819=DIRECTION('Axis2P3D Direction',(0.,0.,1.)) ;
#820=DIRECTION('Axis2P3D XDirection',(1.,0.,0.)) ;
#824=DIRECTION('Axis2P3D Direction',(0.,0.,1.)) ;
#833=DIRECTION('Vector Direction',(0.,0.,1.)) ;
#838=DIRECTION('Vector Direction',(0.,0.,1.)) ;
#850=DIRECTION('Axis2P3D Direction',(0.,0.,1.)) ;
#862=DIRECTION('Axis2P3D Direction',(0.,0.,1.)) ;
#863=DIRECTION('Axis2P3D XDirection',(1.,0.,0.)) ;
#867=DIRECTION('Axis2P3D Direction',(0.,0.,1.)) ;
#876=DIRECTION('Vector Direction',(0.,0.,1.)) ;
#881=DIRECTION('Vector Direction',(0.,0.,1.)) ;
#893=DIRECTION('Axis2P3D Direction',(0.,0.,1.)) ;
#905=DIRECTION('Axis2P3D Direction',(0.,0.,1.)) ;
#906=DIRECTION('Axis2P3D XDirection',(1.,0.,0.)) ;
#910=DIRECTION('Axis2P3D Direction',(0.,0.,1.)) ;
#919=DIRECTION('Vector Direction',(0.,0.,1.)) ;
#924=DIRECTION('Vector Direction',(0.,0.,1.)) ;
#936=DIRECTION('Axis2P3D Direction',(0.,0.,1.)) ;
#948=DIRECTION('Axis2P3D Direction',(0.,0.,1.)) ;
#949=DIRECTION('Axis2P3D XDirection',(1.,0.,0.)) ;
#953=DIRECTION('Axis2P3D Direction',(0.,0.,1.)) ;
#962=DIRECTION('Vector Direction',(0.,0.,1.)) ;
#967=DIRECTION('Vector Direction',(0.,0.,1.)) ;
#979=DIRECTION('Axis2P3D Direction',(0.,0.,1.)) ;
#991=DIRECTION('Axis2P3D Direction',(0.,0.,1.)) ;
#992=DIRECTION('Axis2P3D XDirection',(1.,0.,0.)) ;
#996=DIRECTION('Axis2P3D Direction',(0.,0.,1.)) ;
#1005=DIRECTION('Vector Direction',(0.,0.,1.)) ;
#1010=DIRECTION('Vector Direction',(0.,0.,1.)) ;
#1022=DIRECTION('Axis2P3D Direction',(0.,0.,1.)) ;
#1034=DIRECTION('Axis2P3D Direction',(0.,0.,1.)) ;
#1035=DIRECTION('Axis2P3D XDirection',(1.,0.,0.)) ;
#1039=DIRECTION('Axis2P3D Direction',(0.,0.,1.)) ;
#1048=DIRECTION('Vector Direction',(0.,0.,1.)) ;
#1053=DIRECTION('Vector Direction',(0.,0.,1.)) ;
#1065=DIRECTION('Axis2P3D Direction',(0.,0.,1.)) ;
#1077=DIRECTION('Axis2P3D Direction',(0.,0.,1.)) ;
#1078=DIRECTION('Axis2P3D XDirection',(1.,0.,0.)) ;
#1082=DIRECTION('Axis2P3D Direction',(0.,0.,1.)) ;
#1091=DIRECTION('Vector Direction',(0.,0.,1.)) ;
#1096=DIRECTION('Vector Direction',(0.,0.,1.)) ;
#1108=DIRECTION('Axis2P3D Direction',(0.,0.,1.)) ;
#1120=DIRECTION('Axis2P3D Direction',(0.,0.,1.)) ;
#1121=DIRECTION('Axis2P3D XDirection',(1.,0.,0.)) ;
#1125=DIRECTION('Axis2P3D Direction',(0.,0.,1.)) ;
#1134=DIRECTION('Vector Direction',(0.,0.,1.)) ;
#1139=DIRECTION('Vector Direction',(0.,0.,1.)) ;
#1151=DIRECTION('Axis2P3D Direction',(0.,0.,1.)) ;
#1163=DIRECTION('Axis2P3D Direction',(0.,0.,1.)) ;
#1164=DIRECTION('Axis2P3D XDirection',(1.,0.,0.)) ;
#1168=DIRECTION('Axis2P3D Direction',(0.,0.,1.)) ;
#1177=DIRECTION('Vector Direction',(0.,0.,1.)) ;
#1182=DIRECTION('Vector Direction',(0.,0.,1.)) ;
#1194=DIRECTION('Axis2P3D Direction',(0.,0.,1.)) ;
#1206=DIRECTION('Axis2P3D Direction',(0.,0.,1.)) ;
#1207=DIRECTION('Axis2P3D XDirection',(-1.,1.22464679915E-016,0.)) ;
#1211=DIRECTION('Axis2P3D Direction',(0.,0.,1.)) ;
#1220=DIRECTION('Vector Direction',(0.,0.,1.)) ;
#1225=DIRECTION('Vector Direction',(0.,0.,1.)) ;
#1237=DIRECTION('Axis2P3D Direction',(0.,0.,1.)) ;
#1249=DIRECTION('Axis2P3D Direction',(0.,0.,1.)) ;
#1250=DIRECTION('Axis2P3D XDirection',(0.654219906211,0.756304379412,0.)) ;
#1254=DIRECTION('Axis2P3D Direction',(0.,0.,1.)) ;
#1263=DIRECTION('Vector Direction',(0.,0.,1.)) ;
#1268=DIRECTION('Vector Direction',(0.,0.,1.)) ;
#1280=DIRECTION('Axis2P3D Direction',(0.,0.,1.)) ;
#1281=DIRECTION('Axis2P3D XDirection',(-0.5,-0.866025403784,-0.)) ;
#1285=DIRECTION('Axis2P3D Direction',(0.,0.,1.)) ;
#1292=DIRECTION('Vector Direction',(0.,0.,1.)) ;
#1304=DIRECTION('Axis2P3D Direction',(-0.5,-0.866025403784,0.)) ;
#1305=DIRECTION('Axis2P3D XDirection',(0.866025403784,-0.5,0.)) ;
#1309=DIRECTION('Vector Direction',(0.866025403784,-0.5,0.)) ;
#1316=DIRECTION('Vector Direction',(0.,0.,1.)) ;
#1328=DIRECTION('Axis2P3D Direction',(0.,0.,1.)) ;
#1329=DIRECTION('Axis2P3D XDirection',(-0.700804666333,0.713353222216,0.)) ;
#1333=DIRECTION('Axis2P3D Direction',(0.,0.,1.)) ;
#1340=DIRECTION('Vector Direction',(0.,0.,1.)) ;
#1352=DIRECTION('Axis2P3D Direction',(0.,0.,1.)) ;
#1353=DIRECTION('Axis2P3D XDirection',(0.700804666333,0.713353222216,0.)) ;
#1357=DIRECTION('Axis2P3D Direction',(0.,0.,1.)) ;
#1364=DIRECTION('Vector Direction',(0.,0.,1.)) ;
#1376=DIRECTION('Axis2P3D Direction',(0.,0.,1.)) ;
#1377=DIRECTION('Axis2P3D XDirection',(0.5,-0.866025403784,0.)) ;
#1381=DIRECTION('Axis2P3D Direction',(0.,0.,1.)) ;
#1388=DIRECTION('Vector Direction',(0.,0.,1.)) ;
#1400=DIRECTION('Axis2P3D Direction',(0.5,-0.866025403784,0.)) ;
#1401=DIRECTION('Axis2P3D XDirection',(0.866025403784,0.5,0.)) ;
#1405=DIRECTION('Vector Direction',(0.866025403784,0.5,0.)) ;
#1412=DIRECTION('Vector Direction',(0.,0.,1.)) ;
#1424=DIRECTION('Axis2P3D Direction',(0.,0.,1.)) ;
#1425=DIRECTION('Axis2P3D XDirection',(-0.654219906211,-0.756304379412,-0.)) ;
#1429=DIRECTION('Axis2P3D Direction',(0.,0.,1.)) ;
#1441=DIRECTION('Axis2P3D Direction',(0.5,0.866025403784,-0.)) ;
#1442=DIRECTION('Axis2P3D XDirection',(-0.866025403784,0.5,0.)) ;
#1446=DIRECTION('Vector Direction',(-0.866025403784,0.5,0.)) ;
#1455=DIRECTION('Vector Direction',(0.,0.,1.)) ;
#1460=DIRECTION('Vector Direction',(0.,0.,1.)) ;
#1472=DIRECTION('Axis2P3D Direction',(0.,0.,1.)) ;
#1473=DIRECTION('Axis2P3D XDirection',(0.98208875867,-0.188418868734,0.)) ;
#1477=DIRECTION('Axis2P3D Direction',(0.,0.,1.)) ;
#1484=DIRECTION('Vector Direction',(0.,0.,1.)) ;
#1496=DIRECTION('Axis2P3D Direction',(0.,0.,1.)) ;
#1503=DIRECTION('Vector Direction',(0.,0.,1.)) ;
#1515=DIRECTION('Axis2P3D Direction',(0.,0.,1.)) ;
#1516=DIRECTION('Axis2P3D XDirection',(1.,0.,0.)) ;
#1520=DIRECTION('Axis2P3D Direction',(0.,0.,1.)) ;
#1527=DIRECTION('Vector Direction',(0.,0.,1.)) ;
#1539=DIRECTION('Axis2P3D Direction',(1.,0.,0.)) ;
#1540=DIRECTION('Axis2P3D XDirection',(0.,1.,0.)) ;
#1544=DIRECTION('Vector Direction',(0.,1.,0.)) ;
#1551=DIRECTION('Vector Direction',(0.,0.,1.)) ;
#1563=DIRECTION('Axis2P3D Direction',(0.,0.,1.)) ;
#1564=DIRECTION('Axis2P3D XDirection',(-0.267379679144,-0.963591255243,-0.)) ;
#1568=DIRECTION('Axis2P3D Direction',(0.,0.,1.)) ;
#1575=DIRECTION('Vector Direction',(0.,0.,1.)) ;
#1587=DIRECTION('Axis2P3D Direction',(0.,0.,1.)) ;
#1594=DIRECTION('Vector Direction',(0.,0.,1.)) ;
#1606=DIRECTION('Axis2P3D Direction',(0.,0.,1.)) ;
#1607=DIRECTION('Axis2P3D XDirection',(0.5,0.866025403784,0.)) ;
#1611=DIRECTION('Axis2P3D Direction',(0.,0.,1.)) ;
#1623=DIRECTION('Axis2P3D Direction',(-1.,0.,0.)) ;
#1624=DIRECTION('Axis2P3D XDirection',(0.,-1.,0.)) ;
#1628=DIRECTION('Vector Direction',(0.,-1.,0.)) ;
#1637=DIRECTION('Vector Direction',(0.,0.,1.)) ;
#1642=DIRECTION('Vector Direction',(0.,0.,1.)) ;
#1654=DIRECTION('Axis2P3D Direction',(0.,0.,1.)) ;
#1655=DIRECTION('Axis2P3D XDirection',(-0.327868852459,0.944723248146,0.)) ;
#1659=DIRECTION('Axis2P3D Direction',(0.,0.,1.)) ;
#1666=DIRECTION('Vector Direction',(0.,0.,1.)) ;
#1678=DIRECTION('Axis2P3D Direction',(0.,0.,1.)) ;
#1679=DIRECTION('Axis2P3D XDirection',(0.327868852459,-0.944723248146,0.)) ;
#1683=DIRECTION('Axis2P3D Direction',(0.,0.,1.)) ;
#1690=DIRECTION('Vector Direction',(0.,0.,1.)) ;
#1702=DIRECTION('Axis2P3D Direction',(0.,0.,1.)) ;
#1703=DIRECTION('Axis2P3D XDirection',(-0.5,0.866025403784,0.)) ;
#1707=DIRECTION('Axis2P3D Direction',(0.,0.,1.)) ;
#1714=DIRECTION('Vector Direction',(0.,0.,1.)) ;
#1726=DIRECTION('Axis2P3D Direction',(-0.5,0.866025403784,0.)) ;
#1727=DIRECTION('Axis2P3D XDirection',(-0.866025403784,-0.5,-0.)) ;
#1731=DIRECTION('Vector Direction',(-0.866025403784,-0.5,0.)) ;
#1738=DIRECTION('Vector Direction',(0.,0.,1.)) ;
#1750=DIRECTION('Axis2P3D Direction',(0.,0.,1.)) ;
#1751=DIRECTION('Axis2P3D XDirection',(0.968184345477,0.250238033027,0.)) ;
#1755=DIRECTION('Axis2P3D Direction',(0.,0.,1.)) ;
#1762=DIRECTION('Vector Direction',(0.,0.,1.)) ;
#1774=DIRECTION('Axis2P3D Direction',(0.,0.,1.)) ;
#1775=DIRECTION('Axis2P3D XDirection',(0.267379679144,-0.963591255243,0.)) ;
#1779=DIRECTION('Axis2P3D Direction',(0.,0.,1.)) ;
#1786=DIRECTION('Vector Direction',(0.,0.,1.)) ;
#1798=DIRECTION('Axis2P3D Direction',(0.,0.,1.)) ;
#1799=DIRECTION('Axis2P3D XDirection',(-1.,1.22464679915E-016,0.)) ;
#1803=DIRECTION('Axis2P3D Direction',(0.,0.,1.)) ;
#1815=DIRECTION('Axis2P3D Direction',(0.,0.,1.)) ;
#1816=DIRECTION('Axis2P3D XDirection',(1.,0.,0.)) ;
#1820=DIRECTION('Axis2P3D Direction',(0.,0.,1.)) ;
#1829=DIRECTION('Vector Direction',(-0.965925826289,0.258819045103,0.)) ;
#1836=DIRECTION('Axis2P3D Direction',(0.,0.,1.)) ;
#1843=DIRECTION('Vector Direction',(-0.258819045103,-0.965925826289,0.)) ;
#1850=DIRECTION('Vector Direction',(0.258819045103,0.965925826289,0.)) ;
#1857=DIRECTION('Axis2P3D Direction',(0.,0.,1.)) ;
#1864=DIRECTION('Vector Direction',(-0.965925826289,0.258819045103,0.)) ;
#1949=DIRECTION('Axis2P3D Direction',(0.,0.,-1.)) ;
#1950=DIRECTION('Axis2P3D XDirection',(1.,0.,0.)) ;
#1954=DIRECTION('Axis2P3D Direction',(0.,0.,-1.)) ;
#1963=DIRECTION('Axis2P3D Direction',(0.,0.,-1.)) ;
#1970=DIRECTION('Vector Direction',(-0.965925826289,0.258819045103,0.)) ;
#1977=DIRECTION('Axis2P3D Direction',(0.,0.,-1.)) ;
#1984=DIRECTION('Vector Direction',(-0.258819045103,-0.965925826289,0.)) ;
#1991=DIRECTION('Vector Direction',(0.258819045103,0.965925826289,0.)) ;
#1998=DIRECTION('Axis2P3D Direction',(0.,0.,-1.)) ;
#2005=DIRECTION('Vector Direction',(-0.965925826289,0.258819045103,0.)) ;
#2012=DIRECTION('Axis2P3D Direction',(0.,0.,-1.)) ;
#2019=DIRECTION('Axis2P3D Direction',(0.,0.,-1.)) ;
#2037=DIRECTION('Axis2P3D Direction',(0.,-0.,-1.)) ;
#2038=DIRECTION('Axis2P3D XDirection',(-2.12550497328E-014,-1.,0.)) ;
#2042=DIRECTION('Vector Direction',(0.,0.,-1.)) ;
#2049=DIRECTION('Axis2P3D Direction',(0.,-0.,-1.)) ;
#2061=DIRECTION('Axis2P3D Direction',(0.,-0.,-1.)) ;
#2062=DIRECTION('Axis2P3D XDirection',(0.5,0.866025403784,-0.)) ;
#2066=DIRECTION('Vector Direction',(0.,0.,-1.)) ;
#2073=DIRECTION('Vector Direction',(0.,0.,-1.)) ;
#2080=DIRECTION('Axis2P3D Direction',(0.,-0.,-1.)) ;
#2092=DIRECTION('Axis2P3D Direction',(0.5,0.866025403784,0.)) ;
#2093=DIRECTION('Axis2P3D XDirection',(0.866025403784,-0.5,0.)) ;
#2097=DIRECTION('Vector Direction',(0.,0.,-1.)) ;
#2104=DIRECTION('Vector Direction',(0.866025403784,-0.5,0.)) ;
#2116=DIRECTION('Axis2P3D Direction',(0.,-0.,-1.)) ;
#2117=DIRECTION('Axis2P3D XDirection',(-0.884276501024,0.466963670682,0.)) ;
#2121=DIRECTION('Vector Direction',(0.,0.,-1.)) ;
#2128=DIRECTION('Axis2P3D Direction',(0.,-0.,-1.)) ;
#2140=DIRECTION('Axis2P3D Direction',(0.258819045103,0.965925826289,-0.)) ;
#2141=DIRECTION('Axis2P3D XDirection',(-0.965925826289,0.258819045103,0.)) ;
#2145=DIRECTION('Vector Direction',(0.,0.,1.)) ;
#2150=DIRECTION('Vector Direction',(0.,0.,1.)) ;
#2162=DIRECTION('Axis2P3D Direction',(0.,0.,1.)) ;
#2163=DIRECTION('Axis2P3D XDirection',(0.965925826289,-0.258819045103,0.)) ;
#2167=DIRECTION('Vector Direction',(0.,0.,1.)) ;
#2179=DIRECTION('Axis2P3D Direction',(-0.965925826289,0.258819045103,0.)) ;
#2180=DIRECTION('Axis2P3D XDirection',(-0.258819045103,-0.965925826289,-0.)) ;
#2184=DIRECTION('Vector Direction',(0.,0.,-1.)) ;
#2189=DIRECTION('Vector Direction',(0.,0.,1.)) ;
#2203=DIRECTION('Axis2P3D Direction',(0.,-0.,-1.)) ;
#2204=DIRECTION('Axis2P3D XDirection',(0.258819045103,0.965925826289,-0.)) ;
#2208=DIRECTION('Vector Direction',(0.,0.,-1.)) ;
#2220=DIRECTION('Axis2P3D Direction',(-0.258819045103,-0.965925826289,-0.)) ;
#2221=DIRECTION('Axis2P3D XDirection',(-0.965925826289,0.258819045103,0.)) ;
#2225=DIRECTION('Vector Direction',(0.,0.,-1.)) ;
#2237=DIRECTION('Axis2P3D Direction',(0.,-0.,-1.)) ;
#2238=DIRECTION('Axis2P3D XDirection',(-0.998759624282,0.0497916951297,0.)) ;
#2242=DIRECTION('Vector Direction',(0.,0.,-1.)) ;
#2254=DIRECTION('Axis2P3D Direction',(0.,-0.,-1.)) ;
#2255=DIRECTION('Axis2P3D XDirection',(0.998759624282,-0.0497916951297,0.)) ;
#2259=DIRECTION('Vector Direction',(0.,0.,-1.)) ;
#2271=DIRECTION('Vector Direction',(0.,0.,-1.)) ;
#2283=DIRECTION('Axis2P3D Direction',(0.,-0.,-1.)) ;
#2284=DIRECTION('Axis2P3D XDirection',(-0.258819045103,-0.965925826289,0.)) ;
#2288=DIRECTION('Vector Direction',(0.,0.,-1.)) ;
#2300=DIRECTION('Axis2P3D Direction',(-0.258819045103,-0.965925826289,-0.)) ;
#2301=DIRECTION('Axis2P3D XDirection',(-0.965925826289,0.258819045103,0.)) ;
#2305=DIRECTION('Vector Direction',(0.,0.,-1.)) ;
#2317=DIRECTION('Axis2P3D Direction',(0.,-0.,-1.)) ;
#2318=DIRECTION('Axis2P3D XDirection',(0.965925826289,-0.258819045103,0.)) ;
#2322=DIRECTION('Vector Direction',(0.,0.,-1.)) ;
#2334=DIRECTION('Vector Direction',(0.,0.,1.)) ;
#2348=DIRECTION('Axis2P3D Direction',(0.,0.,1.)) ;
#2349=DIRECTION('Axis2P3D XDirection',(-0.258819045103,-0.965925826289,-0.)) ;
#2353=DIRECTION('Vector Direction',(0.,0.,1.)) ;
#2365=DIRECTION('Axis2P3D Direction',(0.258819045103,0.965925826289,-0.)) ;
#2366=DIRECTION('Axis2P3D XDirection',(-0.965925826289,0.258819045103,0.)) ;
#2370=DIRECTION('Vector Direction',(0.,0.,1.)) ;
#2382=DIRECTION('Axis2P3D Direction',(0.,0.,-1.)) ;
#2389=DIRECTION('Axis2P3D Direction',(0.,0.,-1.)) ;
#2394=DIRECTION('Axis2P3D Direction',(0.,0.,-1.)) ;
#2422=DIRECTION('Axis2P3D Direction',(0.,-0.,-1.)) ;
#2423=DIRECTION('Axis2P3D XDirection',(-0.999287749197,0.0377358490566,0.)) ;
#48=AXIS2_PLACEMENT_3D(' ',#47,$,$) ;
#55=AXIS2_PLACEMENT_3D('Cylinder Axis2P3D',#52,#53,#54) ;
#156=AXIS2_PLACEMENT_3D('Cylinder Axis2P3D',#153,#154,#155) ;
#167=AXIS2_PLACEMENT_3D('Circle Axis2P3D',#165,#166,$) ;
#181=AXIS2_PLACEMENT_3D('Circle Axis2P3D',#179,#180,$) ;
#204=AXIS2_PLACEMENT_3D('Cylinder Axis2P3D',#201,#202,#203) ;
#208=AXIS2_PLACEMENT_3D('Circle Axis2P3D',#206,#207,$) ;
#222=AXIS2_PLACEMENT_3D('Circle Axis2P3D',#220,#221,$) ;
#235=AXIS2_PLACEMENT_3D('Plane Axis2P3D',#232,#233,#234) ;
#239=AXIS2_PLACEMENT_3D('Circle Axis2P3D',#237,#238,$) ;
#253=AXIS2_PLACEMENT_3D('Circle Axis2P3D',#251,#252,$) ;
#260=AXIS2_PLACEMENT_3D('Circle Axis2P3D',#258,#259,$) ;
#274=AXIS2_PLACEMENT_3D('Circle Axis2P3D',#272,#273,$) ;
#281=AXIS2_PLACEMENT_3D('Circle Axis2P3D',#279,#280,$) ;
#295=AXIS2_PLACEMENT_3D('Circle Axis2P3D',#293,#294,$) ;
#309=AXIS2_PLACEMENT_3D('Circle Axis2P3D',#307,#308,$) ;
#323=AXIS2_PLACEMENT_3D('Circle Axis2P3D',#321,#322,$) ;
#330=AXIS2_PLACEMENT_3D('Circle Axis2P3D',#328,#329,$) ;
#337=AXIS2_PLACEMENT_3D('Circle Axis2P3D',#335,#336,$) ;
#344=AXIS2_PLACEMENT_3D('Circle Axis2P3D',#342,#343,$) ;
#358=AXIS2_PLACEMENT_3D('Circle Axis2P3D',#356,#357,$) ;
#372=AXIS2_PLACEMENT_3D('Circle Axis2P3D',#370,#371,$) ;
#386=AXIS2_PLACEMENT_3D('Circle Axis2P3D',#384,#385,$) ;
#417=AXIS2_PLACEMENT_3D('Circle Axis2P3D',#415,#416,$) ;
#426=AXIS2_PLACEMENT_3D('Circle Axis2P3D',#424,#425,$) ;
#435=AXIS2_PLACEMENT_3D('Circle Axis2P3D',#433,#434,$) ;
#444=AXIS2_PLACEMENT_3D('Circle Axis2P3D',#442,#443,$) ;
#453=AXIS2_PLACEMENT_3D('Circle Axis2P3D',#451,#452,$) ;
#462=AXIS2_PLACEMENT_3D('Circle Axis2P3D',#460,#461,$) ;
#471=AXIS2_PLACEMENT_3D('Circle Axis2P3D',#469,#470,$) ;
#480=AXIS2_PLACEMENT_3D('Circle Axis2P3D',#478,#479,$) ;
#489=AXIS2_PLACEMENT_3D('Circle Axis2P3D',#487,#488,$) ;
#498=AXIS2_PLACEMENT_3D('Circle Axis2P3D',#496,#497,$) ;
#507=AXIS2_PLACEMENT_3D('Circle Axis2P3D',#505,#506,$) ;
#516=AXIS2_PLACEMENT_3D('Circle Axis2P3D',#514,#515,$) ;
#525=AXIS2_PLACEMENT_3D('Circle Axis2P3D',#523,#524,$) ;
#534=AXIS2_PLACEMENT_3D('Circle Axis2P3D',#532,#533,$) ;
#543=AXIS2_PLACEMENT_3D('Circle Axis2P3D',#541,#542,$) ;
#552=AXIS2_PLACEMENT_3D('Circle Axis2P3D',#550,#551,$) ;
#561=AXIS2_PLACEMENT_3D('Circle Axis2P3D',#559,#560,$) ;
#570=AXIS2_PLACEMENT_3D('Circle Axis2P3D',#568,#569,$) ;
#579=AXIS2_PLACEMENT_3D('Circle Axis2P3D',#577,#578,$) ;
#588=AXIS2_PLACEMENT_3D('Circle Axis2P3D',#586,#587,$) ;
#597=AXIS2_PLACEMENT_3D('Circle Axis2P3D',#595,#596,$) ;
#613=AXIS2_PLACEMENT_3D('Circle Axis2P3D',#611,#612,$) ;
#620=AXIS2_PLACEMENT_3D('Circle Axis2P3D',#618,#619,$) ;
#627=AXIS2_PLACEMENT_3D('Circle Axis2P3D',#625,#626,$) ;
#641=AXIS2_PLACEMENT_3D('Circle Axis2P3D',#639,#640,$) ;
#648=AXIS2_PLACEMENT_3D('Circle Axis2P3D',#646,#647,$) ;
#663=AXIS2_PLACEMENT_3D('Circle Axis2P3D',#661,#662,$) ;
#672=AXIS2_PLACEMENT_3D('Circle Axis2P3D',#670,#671,$) ;
#679=AXIS2_PLACEMENT_3D('Circle Axis2P3D',#677,#678,$) ;
#693=AXIS2_PLACEMENT_3D('Circle Axis2P3D',#691,#692,$) ;
#700=AXIS2_PLACEMENT_3D('Circle Axis2P3D',#698,#699,$) ;
#707=AXIS2_PLACEMENT_3D('Circle Axis2P3D',#705,#706,$) ;
#729=AXIS2_PLACEMENT_3D('Circle Axis2P3D',#727,#728,$) ;
#738=AXIS2_PLACEMENT_3D('Circle Axis2P3D',#736,#737,$) ;
#745=AXIS2_PLACEMENT_3D('Circle Axis2P3D',#743,#744,$) ;
#759=AXIS2_PLACEMENT_3D('Circle Axis2P3D',#757,#758,$) ;
#766=AXIS2_PLACEMENT_3D('Circle Axis2P3D',#764,#765,$) ;
#773=AXIS2_PLACEMENT_3D('Circle Axis2P3D',#771,#772,$) ;
#797=AXIS2_PLACEMENT_3D('Plane Axis2P3D',#794,#795,#796) ;
#821=AXIS2_PLACEMENT_3D('Cylinder Axis2P3D',#818,#819,#820) ;
#825=AXIS2_PLACEMENT_3D('Circle Axis2P3D',#823,#824,$) ;
#851=AXIS2_PLACEMENT_3D('Circle Axis2P3D',#849,#850,$) ;
#864=AXIS2_PLACEMENT_3D('Cylinder Axis2P3D',#861,#862,#863) ;
#868=AXIS2_PLACEMENT_3D('Circle Axis2P3D',#866,#867,$) ;
#894=AXIS2_PLACEMENT_3D('Circle Axis2P3D',#892,#893,$) ;
#907=AXIS2_PLACEMENT_3D('Cylinder Axis2P3D',#904,#905,#906) ;
#911=AXIS2_PLACEMENT_3D('Circle Axis2P3D',#909,#910,$) ;
#937=AXIS2_PLACEMENT_3D('Circle Axis2P3D',#935,#936,$) ;
#950=AXIS2_PLACEMENT_3D('Cylinder Axis2P3D',#947,#948,#949) ;
#954=AXIS2_PLACEMENT_3D('Circle Axis2P3D',#952,#953,$) ;
#980=AXIS2_PLACEMENT_3D('Circle Axis2P3D',#978,#979,$) ;
#993=AXIS2_PLACEMENT_3D('Cylinder Axis2P3D',#990,#991,#992) ;
#997=AXIS2_PLACEMENT_3D('Circle Axis2P3D',#995,#996,$) ;
#1023=AXIS2_PLACEMENT_3D('Circle Axis2P3D',#1021,#1022,$) ;
#1036=AXIS2_PLACEMENT_3D('Cylinder Axis2P3D',#1033,#1034,#1035) ;
#1040=AXIS2_PLACEMENT_3D('Circle Axis2P3D',#1038,#1039,$) ;
#1066=AXIS2_PLACEMENT_3D('Circle Axis2P3D',#1064,#1065,$) ;
#1079=AXIS2_PLACEMENT_3D('Cylinder Axis2P3D',#1076,#1077,#1078) ;
#1083=AXIS2_PLACEMENT_3D('Circle Axis2P3D',#1081,#1082,$) ;
#1109=AXIS2_PLACEMENT_3D('Circle Axis2P3D',#1107,#1108,$) ;
#1122=AXIS2_PLACEMENT_3D('Cylinder Axis2P3D',#1119,#1120,#1121) ;
#1126=AXIS2_PLACEMENT_3D('Circle Axis2P3D',#1124,#1125,$) ;
#1152=AXIS2_PLACEMENT_3D('Circle Axis2P3D',#1150,#1151,$) ;
#1165=AXIS2_PLACEMENT_3D('Cylinder Axis2P3D',#1162,#1163,#1164) ;
#1169=AXIS2_PLACEMENT_3D('Circle Axis2P3D',#1167,#1168,$) ;
#1195=AXIS2_PLACEMENT_3D('Circle Axis2P3D',#1193,#1194,$) ;
#1208=AXIS2_PLACEMENT_3D('Cylinder Axis2P3D',#1205,#1206,#1207) ;
#1212=AXIS2_PLACEMENT_3D('Circle Axis2P3D',#1210,#1211,$) ;
#1238=AXIS2_PLACEMENT_3D('Circle Axis2P3D',#1236,#1237,$) ;
#1251=AXIS2_PLACEMENT_3D('Cylinder Axis2P3D',#1248,#1249,#1250) ;
#1255=AXIS2_PLACEMENT_3D('Circle Axis2P3D',#1253,#1254,$) ;
#1282=AXIS2_PLACEMENT_3D('Cylinder Axis2P3D',#1279,#1280,#1281) ;
#1286=AXIS2_PLACEMENT_3D('Circle Axis2P3D',#1284,#1285,$) ;
#1306=AXIS2_PLACEMENT_3D('Plane Axis2P3D',#1303,#1304,#1305) ;
#1330=AXIS2_PLACEMENT_3D('Cylinder Axis2P3D',#1327,#1328,#1329) ;
#1334=AXIS2_PLACEMENT_3D('Circle Axis2P3D',#1332,#1333,$) ;
#1354=AXIS2_PLACEMENT_3D('Cylinder Axis2P3D',#1351,#1352,#1353) ;
#1358=AXIS2_PLACEMENT_3D('Circle Axis2P3D',#1356,#1357,$) ;
#1378=AXIS2_PLACEMENT_3D('Cylinder Axis2P3D',#1375,#1376,#1377) ;
#1382=AXIS2_PLACEMENT_3D('Circle Axis2P3D',#1380,#1381,$) ;
#1402=AXIS2_PLACEMENT_3D('Plane Axis2P3D',#1399,#1400,#1401) ;
#1426=AXIS2_PLACEMENT_3D('Cylinder Axis2P3D',#1423,#1424,#1425) ;
#1430=AXIS2_PLACEMENT_3D('Circle Axis2P3D',#1428,#1429,$) ;
#1443=AXIS2_PLACEMENT_3D('Plane Axis2P3D',#1440,#1441,#1442) ;
#1474=AXIS2_PLACEMENT_3D('Cylinder Axis2P3D',#1471,#1472,#1473) ;
#1478=AXIS2_PLACEMENT_3D('Circle Axis2P3D',#1476,#1477,$) ;
#1497=AXIS2_PLACEMENT_3D('Circle Axis2P3D',#1495,#1496,$) ;
#1517=AXIS2_PLACEMENT_3D('Cylinder Axis2P3D',#1514,#1515,#1516) ;
#1521=AXIS2_PLACEMENT_3D('Circle Axis2P3D',#1519,#1520,$) ;
#1541=AXIS2_PLACEMENT_3D('Plane Axis2P3D',#1538,#1539,#1540) ;
#1565=AXIS2_PLACEMENT_3D('Cylinder Axis2P3D',#1562,#1563,#1564) ;
#1569=AXIS2_PLACEMENT_3D('Circle Axis2P3D',#1567,#1568,$) ;
#1588=AXIS2_PLACEMENT_3D('Circle Axis2P3D',#1586,#1587,$) ;
#1608=AXIS2_PLACEMENT_3D('Cylinder Axis2P3D',#1605,#1606,#1607) ;
#1612=AXIS2_PLACEMENT_3D('Circle Axis2P3D',#1610,#1611,$) ;
#1625=AXIS2_PLACEMENT_3D('Plane Axis2P3D',#1622,#1623,#1624) ;
#1656=AXIS2_PLACEMENT_3D('Cylinder Axis2P3D',#1653,#1654,#1655) ;
#1660=AXIS2_PLACEMENT_3D('Circle Axis2P3D',#1658,#1659,$) ;
#1680=AXIS2_PLACEMENT_3D('Cylinder Axis2P3D',#1677,#1678,#1679) ;
#1684=AXIS2_PLACEMENT_3D('Circle Axis2P3D',#1682,#1683,$) ;
#1704=AXIS2_PLACEMENT_3D('Cylinder Axis2P3D',#1701,#1702,#1703) ;
#1708=AXIS2_PLACEMENT_3D('Circle Axis2P3D',#1706,#1707,$) ;
#1728=AXIS2_PLACEMENT_3D('Plane Axis2P3D',#1725,#1726,#1727) ;
#1752=AXIS2_PLACEMENT_3D('Cylinder Axis2P3D',#1749,#1750,#1751) ;
#1756=AXIS2_PLACEMENT_3D('Circle Axis2P3D',#1754,#1755,$) ;
#1776=AXIS2_PLACEMENT_3D('Cylinder Axis2P3D',#1773,#1774,#1775) ;
#1780=AXIS2_PLACEMENT_3D('Circle Axis2P3D',#1778,#1779,$) ;
#1800=AXIS2_PLACEMENT_3D('Cylinder Axis2P3D',#1797,#1798,#1799) ;
#1804=AXIS2_PLACEMENT_3D('Circle Axis2P3D',#1802,#1803,$) ;
#1817=AXIS2_PLACEMENT_3D('Plane Axis2P3D',#1814,#1815,#1816) ;
#1821=AXIS2_PLACEMENT_3D('Circle Axis2P3D',#1819,#1820,$) ;
#1837=AXIS2_PLACEMENT_3D('Circle Axis2P3D',#1835,#1836,$) ;
#1858=AXIS2_PLACEMENT_3D('Circle Axis2P3D',#1856,#1857,$) ;
#1951=AXIS2_PLACEMENT_3D('Plane Axis2P3D',#1948,#1949,#1950) ;
#1955=AXIS2_PLACEMENT_3D('Circle Axis2P3D',#1953,#1954,$) ;
#1964=AXIS2_PLACEMENT_3D('Circle Axis2P3D',#1962,#1963,$) ;
#1978=AXIS2_PLACEMENT_3D('Circle Axis2P3D',#1976,#1977,$) ;
#1999=AXIS2_PLACEMENT_3D('Circle Axis2P3D',#1997,#1998,$) ;
#2013=AXIS2_PLACEMENT_3D('Circle Axis2P3D',#2011,#2012,$) ;
#2020=AXIS2_PLACEMENT_3D('Circle Axis2P3D',#2018,#2019,$) ;
#2039=AXIS2_PLACEMENT_3D('Cylinder Axis2P3D',#2036,#2037,#2038) ;
#2050=AXIS2_PLACEMENT_3D('Circle Axis2P3D',#2048,#2049,$) ;
#2063=AXIS2_PLACEMENT_3D('Cylinder Axis2P3D',#2060,#2061,#2062) ;
#2081=AXIS2_PLACEMENT_3D('Circle Axis2P3D',#2079,#2080,$) ;
#2094=AXIS2_PLACEMENT_3D('Plane Axis2P3D',#2091,#2092,#2093) ;
#2118=AXIS2_PLACEMENT_3D('Cylinder Axis2P3D',#2115,#2116,#2117) ;
#2129=AXIS2_PLACEMENT_3D('Circle Axis2P3D',#2127,#2128,$) ;
#2142=AXIS2_PLACEMENT_3D('Plane Axis2P3D',#2139,#2140,#2141) ;
#2164=AXIS2_PLACEMENT_3D('Cylinder Axis2P3D',#2161,#2162,#2163) ;
#2181=AXIS2_PLACEMENT_3D('Plane Axis2P3D',#2178,#2179,#2180) ;
#2205=AXIS2_PLACEMENT_3D('Cylinder Axis2P3D',#2202,#2203,#2204) ;
#2222=AXIS2_PLACEMENT_3D('Plane Axis2P3D',#2219,#2220,#2221) ;
#2239=AXIS2_PLACEMENT_3D('Cylinder Axis2P3D',#2236,#2237,#2238) ;
#2256=AXIS2_PLACEMENT_3D('Cylinder Axis2P3D',#2253,#2254,#2255) ;
#2285=AXIS2_PLACEMENT_3D('Cylinder Axis2P3D',#2282,#2283,#2284) ;
#2302=AXIS2_PLACEMENT_3D('Plane Axis2P3D',#2299,#2300,#2301) ;
#2319=AXIS2_PLACEMENT_3D('Cylinder Axis2P3D',#2316,#2317,#2318) ;
#2350=AXIS2_PLACEMENT_3D('Cylinder Axis2P3D',#2347,#2348,#2349) ;
#2367=AXIS2_PLACEMENT_3D('Plane Axis2P3D',#2364,#2365,#2366) ;
#2383=AXIS2_PLACEMENT_3D('Circle Axis2P3D',#2381,#2382,$) ;
#2390=AXIS2_PLACEMENT_3D('Circle Axis2P3D',#2388,#2389,$) ;
#2395=AXIS2_PLACEMENT_3D('Circle Axis2P3D',#2393,#2394,$) ;
#2424=AXIS2_PLACEMENT_3D('Cylinder Axis2P3D',#2421,#2422,#2423) ;
#40=PRODUCT_DEFINITION_SHAPE(' ',' ',#14) ;
#31=APPROVAL_PERSON_ORGANIZATION(#25,#21,#19) ;
#25=PERSON_AND_ORGANIZATION(#22,#23) ;
#22=PERSON(' ',' ',' ',$,$,$) ;
#23=ORGANIZATION(' ',' ',' ') ;
#21=APPROVAL(#20,' ') ;
#20=APPROVAL_STATUS('not_yet_approved') ;
#19=APPROVAL_ROLE('APPROVER') ;
#13=DATE_AND_TIME(#11,#12) ;
#12=LOCAL_TIME(21,7,3.,#10) ;
#10=COORDINATED_UNIVERSAL_TIME_OFFSET(0,0,.AHEAD.) ;
#107=ORIENTED_EDGE('',*,*,#65,.F.) ;
#108=ORIENTED_EDGE('',*,*,#74,.T.) ;
#109=ORIENTED_EDGE('',*,*,#84,.F.) ;
#110=ORIENTED_EDGE('',*,*,#91,.T.) ;
#111=ORIENTED_EDGE('',*,*,#105,.F.) ;
#146=ORIENTED_EDGE('',*,*,#91,.F.) ;
#147=ORIENTED_EDGE('',*,*,#122,.T.) ;
#148=ORIENTED_EDGE('',*,*,#130,.F.) ;
#149=ORIENTED_EDGE('',*,*,#65,.T.) ;
#150=ORIENTED_EDGE('',*,*,#144,.F.) ;
#192=ORIENTED_EDGE('',*,*,#74,.F.) ;
#193=ORIENTED_EDGE('',*,*,#130,.T.) ;
#194=ORIENTED_EDGE('',*,*,#164,.F.) ;
#195=ORIENTED_EDGE('',*,*,#171,.T.) ;
#196=ORIENTED_EDGE('',*,*,#178,.T.) ;
#197=ORIENTED_EDGE('',*,*,#185,.F.) ;
#198=ORIENTED_EDGE('',*,*,#190,.F.) ;
#226=ORIENTED_EDGE('',*,*,#178,.F.) ;
#227=ORIENTED_EDGE('',*,*,#212,.T.) ;
#228=ORIENTED_EDGE('',*,*,#219,.T.) ;
#229=ORIENTED_EDGE('',*,*,#224,.F.) ;
#390=ORIENTED_EDGE('',*,*,#245,.F.) ;
#391=ORIENTED_EDGE('',*,*,#250,.F.) ;
#392=ORIENTED_EDGE('',*,*,#212,.F.) ;
#393=ORIENTED_EDGE('',*,*,#171,.F.) ;
#394=ORIENTED_EDGE('',*,*,#257,.F.) ;
#395=ORIENTED_EDGE('',*,*,#264,.F.) ;
#396=ORIENTED_EDGE('',*,*,#271,.F.) ;
#397=ORIENTED_EDGE('',*,*,#278,.F.) ;
#398=ORIENTED_EDGE('',*,*,#285,.F.) ;
#399=ORIENTED_EDGE('',*,*,#292,.F.) ;
#400=ORIENTED_EDGE('',*,*,#299,.F.) ;
#401=ORIENTED_EDGE('',*,*,#306,.F.) ;
#402=ORIENTED_EDGE('',*,*,#313,.F.) ;
#403=ORIENTED_EDGE('',*,*,#320,.F.) ;
#404=ORIENTED_EDGE('',*,*,#327,.F.) ;
#405=ORIENTED_EDGE('',*,*,#334,.F.) ;
#406=ORIENTED_EDGE('',*,*,#341,.F.) ;
#407=ORIENTED_EDGE('',*,*,#348,.F.) ;
#408=ORIENTED_EDGE('',*,*,#355,.F.) ;
#409=ORIENTED_EDGE('',*,*,#362,.F.) ;
#410=ORIENTED_EDGE('',*,*,#369,.F.) ;
#411=ORIENTED_EDGE('',*,*,#376,.F.) ;
#412=ORIENTED_EDGE('',*,*,#383,.F.) ;
#413=ORIENTED_EDGE('',*,*,#388,.F.) ;
#430=ORIENTED_EDGE('',*,*,#423,.T.) ;
#431=ORIENTED_EDGE('',*,*,#428,.T.) ;
#448=ORIENTED_EDGE('',*,*,#441,.T.) ;
#449=ORIENTED_EDGE('',*,*,#446,.T.) ;
#466=ORIENTED_EDGE('',*,*,#459,.T.) ;
#467=ORIENTED_EDGE('',*,*,#464,.T.) ;
#484=ORIENTED_EDGE('',*,*,#477,.T.) ;
#485=ORIENTED_EDGE('',*,*,#482,.T.) ;
#502=ORIENTED_EDGE('',*,*,#495,.T.) ;
#503=ORIENTED_EDGE('',*,*,#500,.T.) ;
#520=ORIENTED_EDGE('',*,*,#513,.T.) ;
#521=ORIENTED_EDGE('',*,*,#518,.T.) ;
#538=ORIENTED_EDGE('',*,*,#531,.T.) ;
#539=ORIENTED_EDGE('',*,*,#536,.T.) ;
#556=ORIENTED_EDGE('',*,*,#549,.T.) ;
#557=ORIENTED_EDGE('',*,*,#554,.T.) ;
#574=ORIENTED_EDGE('',*,*,#567,.T.) ;
#575=ORIENTED_EDGE('',*,*,#572,.T.) ;
#592=ORIENTED_EDGE('',*,*,#585,.T.) ;
#593=ORIENTED_EDGE('',*,*,#590,.T.) ;
#652=ORIENTED_EDGE('',*,*,#603,.T.) ;
#653=ORIENTED_EDGE('',*,*,#610,.T.) ;
#654=ORIENTED_EDGE('',*,*,#617,.T.) ;
#655=ORIENTED_EDGE('',*,*,#624,.T.) ;
#656=ORIENTED_EDGE('',*,*,#631,.T.) ;
#657=ORIENTED_EDGE('',*,*,#638,.T.) ;
#658=ORIENTED_EDGE('',*,*,#645,.T.) ;
#659=ORIENTED_EDGE('',*,*,#650,.T.) ;
#718=ORIENTED_EDGE('',*,*,#669,.T.) ;
#719=ORIENTED_EDGE('',*,*,#676,.T.) ;
#720=ORIENTED_EDGE('',*,*,#683,.T.) ;
#721=ORIENTED_EDGE('',*,*,#690,.T.) ;
#722=ORIENTED_EDGE('',*,*,#697,.T.) ;
#723=ORIENTED_EDGE('',*,*,#704,.T.) ;
#724=ORIENTED_EDGE('',*,*,#711,.T.) ;
#725=ORIENTED_EDGE('',*,*,#716,.T.) ;
#784=ORIENTED_EDGE('',*,*,#735,.T.) ;
#785=ORIENTED_EDGE('',*,*,#742,.T.) ;
#786=ORIENTED_EDGE('',*,*,#749,.T.) ;
#787=ORIENTED_EDGE('',*,*,#756,.T.) ;
#788=ORIENTED_EDGE('',*,*,#763,.T.) ;
#789=ORIENTED_EDGE('',*,*,#770,.T.) ;
#790=ORIENTED_EDGE('',*,*,#777,.T.) ;
#791=ORIENTED_EDGE('',*,*,#782,.T.) ;
#812=ORIENTED_EDGE('',*,*,#219,.F.) ;
#813=ORIENTED_EDGE('',*,*,#250,.T.) ;
#814=ORIENTED_EDGE('',*,*,#805,.T.) ;
#815=ORIENTED_EDGE('',*,*,#810,.F.) ;
#843=ORIENTED_EDGE('',*,*,#831,.T.) ;
#844=ORIENTED_EDGE('',*,*,#836,.F.) ;
#845=ORIENTED_EDGE('',*,*,#428,.F.) ;
#846=ORIENTED_EDGE('',*,*,#841,.T.) ;
#855=ORIENTED_EDGE('',*,*,#853,.T.) ;
#856=ORIENTED_EDGE('',*,*,#841,.F.) ;
#857=ORIENTED_EDGE('',*,*,#423,.F.) ;
#858=ORIENTED_EDGE('',*,*,#836,.T.) ;
#886=ORIENTED_EDGE('',*,*,#874,.T.) ;
#887=ORIENTED_EDGE('',*,*,#879,.F.) ;
#888=ORIENTED_EDGE('',*,*,#446,.F.) ;
#889=ORIENTED_EDGE('',*,*,#884,.T.) ;
#898=ORIENTED_EDGE('',*,*,#896,.T.) ;
#899=ORIENTED_EDGE('',*,*,#884,.F.) ;
#900=ORIENTED_EDGE('',*,*,#441,.F.) ;
#901=ORIENTED_EDGE('',*,*,#879,.T.) ;
#929=ORIENTED_EDGE('',*,*,#917,.T.) ;
#930=ORIENTED_EDGE('',*,*,#922,.F.) ;
#931=ORIENTED_EDGE('',*,*,#464,.F.) ;
#932=ORIENTED_EDGE('',*,*,#927,.T.) ;
#941=ORIENTED_EDGE('',*,*,#939,.T.) ;
#942=ORIENTED_EDGE('',*,*,#927,.F.) ;
#943=ORIENTED_EDGE('',*,*,#459,.F.) ;
#944=ORIENTED_EDGE('',*,*,#922,.T.) ;
#972=ORIENTED_EDGE('',*,*,#960,.T.) ;
#973=ORIENTED_EDGE('',*,*,#965,.F.) ;
#974=ORIENTED_EDGE('',*,*,#482,.F.) ;
#975=ORIENTED_EDGE('',*,*,#970,.T.) ;
#984=ORIENTED_EDGE('',*,*,#982,.T.) ;
#985=ORIENTED_EDGE('',*,*,#970,.F.) ;
#986=ORIENTED_EDGE('',*,*,#477,.F.) ;
#987=ORIENTED_EDGE('',*,*,#965,.T.) ;
#1015=ORIENTED_EDGE('',*,*,#1003,.T.) ;
#1016=ORIENTED_EDGE('',*,*,#1008,.F.) ;
#1017=ORIENTED_EDGE('',*,*,#500,.F.) ;
#1018=ORIENTED_EDGE('',*,*,#1013,.T.) ;
#1027=ORIENTED_EDGE('',*,*,#1025,.T.) ;
#1028=ORIENTED_EDGE('',*,*,#1013,.F.) ;
#1029=ORIENTED_EDGE('',*,*,#495,.F.) ;
#1030=ORIENTED_EDGE('',*,*,#1008,.T.) ;
#1058=ORIENTED_EDGE('',*,*,#1046,.T.) ;
#1059=ORIENTED_EDGE('',*,*,#1051,.F.) ;
#1060=ORIENTED_EDGE('',*,*,#518,.F.) ;
#1061=ORIENTED_EDGE('',*,*,#1056,.T.) ;
#1070=ORIENTED_EDGE('',*,*,#1068,.T.) ;
#1071=ORIENTED_EDGE('',*,*,#1056,.F.) ;
#1072=ORIENTED_EDGE('',*,*,#513,.F.) ;
#1073=ORIENTED_EDGE('',*,*,#1051,.T.) ;
#1101=ORIENTED_EDGE('',*,*,#1089,.T.) ;
#1102=ORIENTED_EDGE('',*,*,#1094,.F.) ;
#1103=ORIENTED_EDGE('',*,*,#536,.F.) ;
#1104=ORIENTED_EDGE('',*,*,#1099,.T.) ;
#1113=ORIENTED_EDGE('',*,*,#1111,.T.) ;
#1114=ORIENTED_EDGE('',*,*,#1099,.F.) ;
#1115=ORIENTED_EDGE('',*,*,#531,.F.) ;
#1116=ORIENTED_EDGE('',*,*,#1094,.T.) ;
#1144=ORIENTED_EDGE('',*,*,#1132,.T.) ;
#1145=ORIENTED_EDGE('',*,*,#1137,.F.) ;
#1146=ORIENTED_EDGE('',*,*,#554,.F.) ;
#1147=ORIENTED_EDGE('',*,*,#1142,.T.) ;
#1156=ORIENTED_EDGE('',*,*,#1154,.T.) ;
#1157=ORIENTED_EDGE('',*,*,#1142,.F.) ;
#1158=ORIENTED_EDGE('',*,*,#549,.F.) ;
#1159=ORIENTED_EDGE('',*,*,#1137,.T.) ;
#1187=ORIENTED_EDGE('',*,*,#1175,.T.) ;
#1188=ORIENTED_EDGE('',*,*,#1180,.F.) ;
#1189=ORIENTED_EDGE('',*,*,#572,.F.) ;
#1190=ORIENTED_EDGE('',*,*,#1185,.T.) ;
#1199=ORIENTED_EDGE('',*,*,#1197,.T.) ;
#1200=ORIENTED_EDGE('',*,*,#1185,.F.) ;
#1201=ORIENTED_EDGE('',*,*,#567,.F.) ;
#1202=ORIENTED_EDGE('',*,*,#1180,.T.) ;
#1230=ORIENTED_EDGE('',*,*,#1218,.T.) ;
#1231=ORIENTED_EDGE('',*,*,#1223,.F.) ;
#1232=ORIENTED_EDGE('',*,*,#590,.F.) ;
#1233=ORIENTED_EDGE('',*,*,#1228,.T.) ;
#1242=ORIENTED_EDGE('',*,*,#1240,.T.) ;
#1243=ORIENTED_EDGE('',*,*,#1228,.F.) ;
#1244=ORIENTED_EDGE('',*,*,#585,.F.) ;
#1245=ORIENTED_EDGE('',*,*,#1223,.T.) ;
#1273=ORIENTED_EDGE('',*,*,#1261,.T.) ;
#1274=ORIENTED_EDGE('',*,*,#1266,.F.) ;
#1275=ORIENTED_EDGE('',*,*,#650,.F.) ;
#1276=ORIENTED_EDGE('',*,*,#1271,.T.) ;
#1297=ORIENTED_EDGE('',*,*,#1290,.T.) ;
#1298=ORIENTED_EDGE('',*,*,#1271,.F.) ;
#1299=ORIENTED_EDGE('',*,*,#645,.F.) ;
#1300=ORIENTED_EDGE('',*,*,#1295,.T.) ;
#1321=ORIENTED_EDGE('',*,*,#1314,.T.) ;
#1322=ORIENTED_EDGE('',*,*,#1295,.F.) ;
#1323=ORIENTED_EDGE('',*,*,#638,.F.) ;
#1324=ORIENTED_EDGE('',*,*,#1319,.T.) ;
#1345=ORIENTED_EDGE('',*,*,#1338,.T.) ;
#1346=ORIENTED_EDGE('',*,*,#1319,.F.) ;
#1347=ORIENTED_EDGE('',*,*,#631,.F.) ;
#1348=ORIENTED_EDGE('',*,*,#1343,.T.) ;
#1369=ORIENTED_EDGE('',*,*,#1362,.T.) ;
#1370=ORIENTED_EDGE('',*,*,#1343,.F.) ;
#1371=ORIENTED_EDGE('',*,*,#624,.F.) ;
#1372=ORIENTED_EDGE('',*,*,#1367,.T.) ;
#1393=ORIENTED_EDGE('',*,*,#1386,.T.) ;
#1394=ORIENTED_EDGE('',*,*,#1367,.F.) ;
#1395=ORIENTED_EDGE('',*,*,#617,.F.) ;
#1396=ORIENTED_EDGE('',*,*,#1391,.T.) ;
#1417=ORIENTED_EDGE('',*,*,#1410,.T.) ;
#1418=ORIENTED_EDGE('',*,*,#1391,.F.) ;
#1419=ORIENTED_EDGE('',*,*,#610,.F.) ;
#1420=ORIENTED_EDGE('',*,*,#1415,.T.) ;
#1434=ORIENTED_EDGE('',*,*,#1432,.T.) ;
#1435=ORIENTED_EDGE('',*,*,#1415,.F.) ;
#1436=ORIENTED_EDGE('',*,*,#603,.F.) ;
#1437=ORIENTED_EDGE('',*,*,#1266,.T.) ;
#1465=ORIENTED_EDGE('',*,*,#1453,.T.) ;
#1466=ORIENTED_EDGE('',*,*,#1458,.F.) ;
#1467=ORIENTED_EDGE('',*,*,#716,.F.) ;
#1468=ORIENTED_EDGE('',*,*,#1463,.T.) ;
#1489=ORIENTED_EDGE('',*,*,#1482,.T.) ;
#1490=ORIENTED_EDGE('',*,*,#1463,.F.) ;
#1491=ORIENTED_EDGE('',*,*,#711,.F.) ;
#1492=ORIENTED_EDGE('',*,*,#1487,.T.) ;
#1508=ORIENTED_EDGE('',*,*,#1501,.T.) ;
#1509=ORIENTED_EDGE('',*,*,#1487,.F.) ;
#1510=ORIENTED_EDGE('',*,*,#704,.F.) ;
#1511=ORIENTED_EDGE('',*,*,#1506,.T.) ;
#1532=ORIENTED_EDGE('',*,*,#1525,.T.) ;
#1533=ORIENTED_EDGE('',*,*,#1506,.F.) ;
#1534=ORIENTED_EDGE('',*,*,#697,.F.) ;
#1535=ORIENTED_EDGE('',*,*,#1530,.T.) ;
#1556=ORIENTED_EDGE('',*,*,#1549,.T.) ;
#1557=ORIENTED_EDGE('',*,*,#1530,.F.) ;
#1558=ORIENTED_EDGE('',*,*,#690,.F.) ;
#1559=ORIENTED_EDGE('',*,*,#1554,.T.) ;
#1580=ORIENTED_EDGE('',*,*,#1573,.T.) ;
#1581=ORIENTED_EDGE('',*,*,#1554,.F.) ;
#1582=ORIENTED_EDGE('',*,*,#683,.F.) ;
#1583=ORIENTED_EDGE('',*,*,#1578,.T.) ;
#1599=ORIENTED_EDGE('',*,*,#1592,.T.) ;
#1600=ORIENTED_EDGE('',*,*,#1578,.F.) ;
#1601=ORIENTED_EDGE('',*,*,#676,.F.) ;
#1602=ORIENTED_EDGE('',*,*,#1597,.T.) ;
#1616=ORIENTED_EDGE('',*,*,#1614,.T.) ;
#1617=ORIENTED_EDGE('',*,*,#1597,.F.) ;
#1618=ORIENTED_EDGE('',*,*,#669,.F.) ;
#1619=ORIENTED_EDGE('',*,*,#1458,.T.) ;
#1647=ORIENTED_EDGE('',*,*,#1635,.T.) ;
#1648=ORIENTED_EDGE('',*,*,#1640,.F.) ;
#1649=ORIENTED_EDGE('',*,*,#782,.F.) ;
#1650=ORIENTED_EDGE('',*,*,#1645,.T.) ;
#1671=ORIENTED_EDGE('',*,*,#1664,.T.) ;
#1672=ORIENTED_EDGE('',*,*,#1645,.F.) ;
#1673=ORIENTED_EDGE('',*,*,#777,.F.) ;
#1674=ORIENTED_EDGE('',*,*,#1669,.T.) ;
#1695=ORIENTED_EDGE('',*,*,#1688,.T.) ;
#1696=ORIENTED_EDGE('',*,*,#1669,.F.) ;
#1697=ORIENTED_EDGE('',*,*,#770,.F.) ;
#1698=ORIENTED_EDGE('',*,*,#1693,.T.) ;
#1719=ORIENTED_EDGE('',*,*,#1712,.T.) ;
#1720=ORIENTED_EDGE('',*,*,#1693,.F.) ;
#1721=ORIENTED_EDGE('',*,*,#763,.F.) ;
#1722=ORIENTED_EDGE('',*,*,#1717,.T.) ;
#1743=ORIENTED_EDGE('',*,*,#1736,.T.) ;
#1744=ORIENTED_EDGE('',*,*,#1717,.F.) ;
#1745=ORIENTED_EDGE('',*,*,#756,.F.) ;
#1746=ORIENTED_EDGE('',*,*,#1741,.T.) ;
#1767=ORIENTED_EDGE('',*,*,#1760,.T.) ;
#1768=ORIENTED_EDGE('',*,*,#1741,.F.) ;
#1769=ORIENTED_EDGE('',*,*,#749,.F.) ;
#1770=ORIENTED_EDGE('',*,*,#1765,.T.) ;
#1791=ORIENTED_EDGE('',*,*,#1784,.T.) ;
#1792=ORIENTED_EDGE('',*,*,#1765,.F.) ;
#1793=ORIENTED_EDGE('',*,*,#742,.F.) ;
#1794=ORIENTED_EDGE('',*,*,#1789,.T.) ;
#1808=ORIENTED_EDGE('',*,*,#1806,.T.) ;
#1809=ORIENTED_EDGE('',*,*,#1789,.F.) ;
#1810=ORIENTED_EDGE('',*,*,#735,.F.) ;
#1811=ORIENTED_EDGE('',*,*,#1640,.T.) ;
#1869=ORIENTED_EDGE('',*,*,#1827,.T.) ;
#1870=ORIENTED_EDGE('',*,*,#1834,.T.) ;
#1871=ORIENTED_EDGE('',*,*,#1841,.T.) ;
#1872=ORIENTED_EDGE('',*,*,#1848,.T.) ;
#1873=ORIENTED_EDGE('',*,*,#1855,.T.) ;
#1874=ORIENTED_EDGE('',*,*,#1862,.T.) ;
#1875=ORIENTED_EDGE('',*,*,#1867,.T.) ;
#1878=ORIENTED_EDGE('',*,*,#831,.F.) ;
#1879=ORIENTED_EDGE('',*,*,#853,.F.) ;
#1882=ORIENTED_EDGE('',*,*,#874,.F.) ;
#1883=ORIENTED_EDGE('',*,*,#896,.F.) ;
#1886=ORIENTED_EDGE('',*,*,#917,.F.) ;
#1887=ORIENTED_EDGE('',*,*,#939,.F.) ;
#1890=ORIENTED_EDGE('',*,*,#960,.F.) ;
#1891=ORIENTED_EDGE('',*,*,#982,.F.) ;
#1894=ORIENTED_EDGE('',*,*,#1003,.F.) ;
#1895=ORIENTED_EDGE('',*,*,#1025,.F.) ;
#1898=ORIENTED_EDGE('',*,*,#1046,.F.) ;
#1899=ORIENTED_EDGE('',*,*,#1068,.F.) ;
#1902=ORIENTED_EDGE('',*,*,#1089,.F.) ;
#1903=ORIENTED_EDGE('',*,*,#1111,.F.) ;
#1906=ORIENTED_EDGE('',*,*,#1132,.F.) ;
#1907=ORIENTED_EDGE('',*,*,#1154,.F.) ;
#1910=ORIENTED_EDGE('',*,*,#1175,.F.) ;
#1911=ORIENTED_EDGE('',*,*,#1197,.F.) ;
#1914=ORIENTED_EDGE('',*,*,#1218,.F.) ;
#1915=ORIENTED_EDGE('',*,*,#1240,.F.) ;
#1918=ORIENTED_EDGE('',*,*,#1261,.F.) ;
#1919=ORIENTED_EDGE('',*,*,#1290,.F.) ;
#1920=ORIENTED_EDGE('',*,*,#1314,.F.) ;
#1921=ORIENTED_EDGE('',*,*,#1338,.F.) ;
#1922=ORIENTED_EDGE('',*,*,#1362,.F.) ;
#1923=ORIENTED_EDGE('',*,*,#1386,.F.) ;
#1924=ORIENTED_EDGE('',*,*,#1410,.F.) ;
#1925=ORIENTED_EDGE('',*,*,#1432,.F.) ;
#1928=ORIENTED_EDGE('',*,*,#1453,.F.) ;
#1929=ORIENTED_EDGE('',*,*,#1482,.F.) ;
#1930=ORIENTED_EDGE('',*,*,#1501,.F.) ;
#1931=ORIENTED_EDGE('',*,*,#1525,.F.) ;
#1932=ORIENTED_EDGE('',*,*,#1549,.F.) ;
#1933=ORIENTED_EDGE('',*,*,#1573,.F.) ;
#1934=ORIENTED_EDGE('',*,*,#1592,.F.) ;
#1935=ORIENTED_EDGE('',*,*,#1614,.F.) ;
#1938=ORIENTED_EDGE('',*,*,#1635,.F.) ;
#1939=ORIENTED_EDGE('',*,*,#1664,.F.) ;
#1940=ORIENTED_EDGE('',*,*,#1688,.F.) ;
#1941=ORIENTED_EDGE('',*,*,#1712,.F.) ;
#1942=ORIENTED_EDGE('',*,*,#1736,.F.) ;
#1943=ORIENTED_EDGE('',*,*,#1760,.F.) ;
#1944=ORIENTED_EDGE('',*,*,#1784,.F.) ;
#1945=ORIENTED_EDGE('',*,*,#1806,.F.) ;
#2024=ORIENTED_EDGE('',*,*,#1961,.T.) ;
#2025=ORIENTED_EDGE('',*,*,#1968,.T.) ;
#2026=ORIENTED_EDGE('',*,*,#1975,.T.) ;
#2027=ORIENTED_EDGE('',*,*,#1982,.T.) ;
#2028=ORIENTED_EDGE('',*,*,#1989,.T.) ;
#2029=ORIENTED_EDGE('',*,*,#1996,.T.) ;
#2030=ORIENTED_EDGE('',*,*,#2003,.T.) ;
#2031=ORIENTED_EDGE('',*,*,#2010,.T.) ;
#2032=ORIENTED_EDGE('',*,*,#2017,.T.) ;
#2033=ORIENTED_EDGE('',*,*,#2022,.T.) ;
#2054=ORIENTED_EDGE('',*,*,#805,.F.) ;
#2055=ORIENTED_EDGE('',*,*,#245,.T.) ;
#2056=ORIENTED_EDGE('',*,*,#2047,.T.) ;
#2057=ORIENTED_EDGE('',*,*,#2052,.F.) ;
#2085=ORIENTED_EDGE('',*,*,#2071,.F.) ;
#2086=ORIENTED_EDGE('',*,*,#264,.T.) ;
#2087=ORIENTED_EDGE('',*,*,#2078,.T.) ;
#2088=ORIENTED_EDGE('',*,*,#2083,.F.) ;
#2109=ORIENTED_EDGE('',*,*,#2102,.F.) ;
#2110=ORIENTED_EDGE('',*,*,#271,.T.) ;
#2111=ORIENTED_EDGE('',*,*,#2071,.T.) ;
#2112=ORIENTED_EDGE('',*,*,#2107,.F.) ;
#2133=ORIENTED_EDGE('',*,*,#2126,.F.) ;
#2134=ORIENTED_EDGE('',*,*,#278,.T.) ;
#2135=ORIENTED_EDGE('',*,*,#2102,.T.) ;
#2136=ORIENTED_EDGE('',*,*,#2131,.F.) ;
#2155=ORIENTED_EDGE('',*,*,#2148,.F.) ;
#2156=ORIENTED_EDGE('',*,*,#292,.T.) ;
#2157=ORIENTED_EDGE('',*,*,#2153,.T.) ;
#2158=ORIENTED_EDGE('',*,*,#1867,.F.) ;
#2172=ORIENTED_EDGE('',*,*,#2170,.F.) ;
#2173=ORIENTED_EDGE('',*,*,#299,.T.) ;
#2174=ORIENTED_EDGE('',*,*,#2148,.T.) ;
#2175=ORIENTED_EDGE('',*,*,#1862,.F.) ;
#2194=ORIENTED_EDGE('',*,*,#2187,.F.) ;
#2195=ORIENTED_EDGE('',*,*,#306,.T.) ;
#2196=ORIENTED_EDGE('',*,*,#2170,.T.) ;
#2197=ORIENTED_EDGE('',*,*,#1855,.F.) ;
#2198=ORIENTED_EDGE('',*,*,#2192,.F.) ;
#2199=ORIENTED_EDGE('',*,*,#1989,.F.) ;
#2213=ORIENTED_EDGE('',*,*,#2211,.F.) ;
#2214=ORIENTED_EDGE('',*,*,#313,.T.) ;
#2215=ORIENTED_EDGE('',*,*,#2187,.T.) ;
#2216=ORIENTED_EDGE('',*,*,#1982,.F.) ;
#2230=ORIENTED_EDGE('',*,*,#2228,.F.) ;
#2231=ORIENTED_EDGE('',*,*,#320,.T.) ;
#2232=ORIENTED_EDGE('',*,*,#2211,.T.) ;
#2233=ORIENTED_EDGE('',*,*,#1975,.F.) ;
#2247=ORIENTED_EDGE('',*,*,#2245,.F.) ;
#2248=ORIENTED_EDGE('',*,*,#327,.T.) ;
#2249=ORIENTED_EDGE('',*,*,#2228,.T.) ;
#2250=ORIENTED_EDGE('',*,*,#1968,.F.) ;
#2264=ORIENTED_EDGE('',*,*,#2262,.F.) ;
#2265=ORIENTED_EDGE('',*,*,#334,.T.) ;
#2266=ORIENTED_EDGE('',*,*,#2245,.T.) ;
#2267=ORIENTED_EDGE('',*,*,#1961,.F.) ;
#2276=ORIENTED_EDGE('',*,*,#2274,.F.) ;
#2277=ORIENTED_EDGE('',*,*,#341,.T.) ;
#2278=ORIENTED_EDGE('',*,*,#2262,.T.) ;
#2279=ORIENTED_EDGE('',*,*,#2022,.F.) ;
#2293=ORIENTED_EDGE('',*,*,#2291,.F.) ;
#2294=ORIENTED_EDGE('',*,*,#348,.T.) ;
#2295=ORIENTED_EDGE('',*,*,#2274,.T.) ;
#2296=ORIENTED_EDGE('',*,*,#2017,.F.) ;
#2310=ORIENTED_EDGE('',*,*,#2308,.F.) ;
#2311=ORIENTED_EDGE('',*,*,#355,.T.) ;
#2312=ORIENTED_EDGE('',*,*,#2291,.T.) ;
#2313=ORIENTED_EDGE('',*,*,#2010,.F.) ;
#2327=ORIENTED_EDGE('',*,*,#2325,.F.) ;
#2328=ORIENTED_EDGE('',*,*,#362,.T.) ;
#2329=ORIENTED_EDGE('',*,*,#2308,.T.) ;
#2330=ORIENTED_EDGE('',*,*,#2003,.F.) ;
#2339=ORIENTED_EDGE('',*,*,#2192,.T.) ;
#2340=ORIENTED_EDGE('',*,*,#1848,.F.) ;
#2341=ORIENTED_EDGE('',*,*,#2337,.F.) ;
#2342=ORIENTED_EDGE('',*,*,#369,.T.) ;
#2343=ORIENTED_EDGE('',*,*,#2325,.T.) ;
#2344=ORIENTED_EDGE('',*,*,#1996,.F.) ;
#2358=ORIENTED_EDGE('',*,*,#2356,.F.) ;
#2359=ORIENTED_EDGE('',*,*,#376,.T.) ;
#2360=ORIENTED_EDGE('',*,*,#2337,.T.) ;
#2361=ORIENTED_EDGE('',*,*,#1841,.F.) ;
#2375=ORIENTED_EDGE('',*,*,#2373,.F.) ;
#2376=ORIENTED_EDGE('',*,*,#383,.T.) ;
#2377=ORIENTED_EDGE('',*,*,#2356,.T.) ;
#2378=ORIENTED_EDGE('',*,*,#1834,.F.) ;
#2399=ORIENTED_EDGE('',*,*,#2387,.T.) ;
#2400=ORIENTED_EDGE('',*,*,#2392,.T.) ;
#2401=ORIENTED_EDGE('',*,*,#2131,.T.) ;
#2402=ORIENTED_EDGE('',*,*,#2107,.T.) ;
#2403=ORIENTED_EDGE('',*,*,#2083,.T.) ;
#2404=ORIENTED_EDGE('',*,*,#2397,.T.) ;
#2405=ORIENTED_EDGE('',*,*,#185,.T.) ;
#2406=ORIENTED_EDGE('',*,*,#224,.T.) ;
#2407=ORIENTED_EDGE('',*,*,#810,.T.) ;
#2408=ORIENTED_EDGE('',*,*,#2052,.T.) ;
#2412=ORIENTED_EDGE('',*,*,#122,.F.) ;
#2413=ORIENTED_EDGE('',*,*,#84,.T.) ;
#2414=ORIENTED_EDGE('',*,*,#190,.T.) ;
#2415=ORIENTED_EDGE('',*,*,#2397,.F.) ;
#2416=ORIENTED_EDGE('',*,*,#2078,.F.) ;
#2417=ORIENTED_EDGE('',*,*,#257,.T.) ;
#2418=ORIENTED_EDGE('',*,*,#164,.T.) ;
#2427=ORIENTED_EDGE('',*,*,#2126,.T.) ;
#2428=ORIENTED_EDGE('',*,*,#2392,.F.) ;
#2429=ORIENTED_EDGE('',*,*,#2387,.F.) ;
#2430=ORIENTED_EDGE('',*,*,#2047,.F.) ;
#2431=ORIENTED_EDGE('',*,*,#388,.T.) ;
#2432=ORIENTED_EDGE('',*,*,#2373,.T.) ;
#2433=ORIENTED_EDGE('',*,*,#1827,.F.) ;
#2434=ORIENTED_EDGE('',*,*,#2153,.F.) ;
#2435=ORIENTED_EDGE('',*,*,#285,.T.) ;
#2438=ORIENTED_EDGE('',*,*,#105,.T.) ;
#2439=ORIENTED_EDGE('',*,*,#144,.T.) ;
#432=FACE_BOUND('',#429,.T.) ;
#450=FACE_BOUND('',#447,.T.) ;
#468=FACE_BOUND('',#465,.T.) ;
#486=FACE_BOUND('',#483,.T.) ;
#504=FACE_BOUND('',#501,.T.) ;
#522=FACE_BOUND('',#519,.T.) ;
#540=FACE_BOUND('',#537,.T.) ;
#558=FACE_BOUND('',#555,.T.) ;
#576=FACE_BOUND('',#573,.T.) ;
#594=FACE_BOUND('',#591,.T.) ;
#660=FACE_BOUND('',#651,.T.) ;
#726=FACE_BOUND('',#717,.T.) ;
#792=FACE_BOUND('',#783,.T.) ;
#1880=FACE_BOUND('',#1877,.T.) ;
#1884=FACE_BOUND('',#1881,.T.) ;
#1888=FACE_BOUND('',#1885,.T.) ;
#1892=FACE_BOUND('',#1889,.T.) ;
#1896=FACE_BOUND('',#1893,.T.) ;
#1900=FACE_BOUND('',#1897,.T.) ;
#1904=FACE_BOUND('',#1901,.T.) ;
#1908=FACE_BOUND('',#1905,.T.) ;
#1912=FACE_BOUND('',#1909,.T.) ;
#1916=FACE_BOUND('',#1913,.T.) ;
#1926=FACE_BOUND('',#1917,.T.) ;
#1936=FACE_BOUND('',#1927,.T.) ;
#1946=FACE_BOUND('',#1937,.T.) ;
#2440=FACE_BOUND('',#2437,.T.) ;
#51=CLOSED_SHELL('Closed Shell',(#113,#152,#200,#231,#793,#817,#848,#860,#891,#903,#934,#946,#977,#989,#1020,#1032,#1063,#1075,#1106,#1118,#1149,#1161,#1192,#1204,#1235,#1247,#1278,#1302,#1326,#1350,#1374,#1398,#1422,#1439,#1470,#1494,#1513,#1537,#1561,#1585,#1604,#1621,#1652,#1676,#1700,#1724,#1748,#1772,#1796,#1813,#1947,#2035,#2059,#2090,#2114,#2138,#2160,#2177,#2201,#2218,#2235,#2252,#2269,#2281,#2298,#2315,#2332,#2346,#2363,#2380,#2410,#2420,#2441)) ;
#59=VECTOR('Line Direction',#58,1.) ;
#87=VECTOR('Line Direction',#86,1.) ;
#160=VECTOR('Line Direction',#159,1.) ;
#174=VECTOR('Line Direction',#173,1.) ;
#188=VECTOR('Line Direction',#187,1.) ;
#215=VECTOR('Line Direction',#214,1.) ;
#248=VECTOR('Line Direction',#247,1.) ;
#267=VECTOR('Line Direction',#266,1.) ;
#288=VECTOR('Line Direction',#287,1.) ;
#302=VECTOR('Line Direction',#301,1.) ;
#316=VECTOR('Line Direction',#315,1.) ;
#351=VECTOR('Line Direction',#350,1.) ;
#365=VECTOR('Line Direction',#364,1.) ;
#379=VECTOR('Line Direction',#378,1.) ;
#606=VECTOR('Line Direction',#605,1.) ;
#634=VECTOR('Line Direction',#633,1.) ;
#686=VECTOR('Line Direction',#685,1.) ;
#714=VECTOR('Line Direction',#713,1.) ;
#752=VECTOR('Line Direction',#751,1.) ;
#780=VECTOR('Line Direction',#779,1.) ;
#801=VECTOR('Line Direction',#800,1.) ;
#808=VECTOR('Line Direction',#807,1.) ;
#834=VECTOR('Line Direction',#833,1.) ;
#839=VECTOR('Line Direction',#838,1.) ;
#877=VECTOR('Line Direction',#876,1.) ;
#882=VECTOR('Line Direction',#881,1.) ;
#920=VECTOR('Line Direction',#919,1.) ;
#925=VECTOR('Line Direction',#924,1.) ;
#963=VECTOR('Line Direction',#962,1.) ;
#968=VECTOR('Line Direction',#967,1.) ;
#1006=VECTOR('Line Direction',#1005,1.) ;
#1011=VECTOR('Line Direction',#1010,1.) ;
#1049=VECTOR('Line Direction',#1048,1.) ;
#1054=VECTOR('Line Direction',#1053,1.) ;
#1092=VECTOR('Line Direction',#1091,1.) ;
#1097=VECTOR('Line Direction',#1096,1.) ;
#1135=VECTOR('Line Direction',#1134,1.) ;
#1140=VECTOR('Line Direction',#1139,1.) ;
#1178=VECTOR('Line Direction',#1177,1.) ;
#1183=VECTOR('Line Direction',#1182,1.) ;
#1221=VECTOR('Line Direction',#1220,1.) ;
#1226=VECTOR('Line Direction',#1225,1.) ;
#1264=VECTOR('Line Direction',#1263,1.) ;
#1269=VECTOR('Line Direction',#1268,1.) ;
#1293=VECTOR('Line Direction',#1292,1.) ;
#1310=VECTOR('Line Direction',#1309,1.) ;
#1317=VECTOR('Line Direction',#1316,1.) ;
#1341=VECTOR('Line Direction',#1340,1.) ;
#1365=VECTOR('Line Direction',#1364,1.) ;
#1389=VECTOR('Line Direction',#1388,1.) ;
#1406=VECTOR('Line Direction',#1405,1.) ;
#1413=VECTOR('Line Direction',#1412,1.) ;
#1447=VECTOR('Line Direction',#1446,1.) ;
#1456=VECTOR('Line Direction',#1455,1.) ;
#1461=VECTOR('Line Direction',#1460,1.) ;
#1485=VECTOR('Line Direction',#1484,1.) ;
#1504=VECTOR('Line Direction',#1503,1.) ;
#1528=VECTOR('Line Direction',#1527,1.) ;
#1545=VECTOR('Line Direction',#1544,1.) ;
#1552=VECTOR('Line Direction',#1551,1.) ;
#1576=VECTOR('Line Direction',#1575,1.) ;
#1595=VECTOR('Line Direction',#1594,1.) ;
#1629=VECTOR('Line Direction',#1628,1.) ;
#1638=VECTOR('Line Direction',#1637,1.) ;
#1643=VECTOR('Line Direction',#1642,1.) ;
#1667=VECTOR('Line Direction',#1666,1.) ;
#1691=VECTOR('Line Direction',#1690,1.) ;
#1715=VECTOR('Line Direction',#1714,1.) ;
#1732=VECTOR('Line Direction',#1731,1.) ;
#1739=VECTOR('Line Direction',#1738,1.) ;
#1763=VECTOR('Line Direction',#1762,1.) ;
#1787=VECTOR('Line Direction',#1786,1.) ;
#1830=VECTOR('Line Direction',#1829,1.) ;
#1844=VECTOR('Line Direction',#1843,1.) ;
#1851=VECTOR('Line Direction',#1850,1.) ;
#1865=VECTOR('Line Direction',#1864,1.) ;
#1971=VECTOR('Line Direction',#1970,1.) ;
#1985=VECTOR('Line Direction',#1984,1.) ;
#1992=VECTOR('Line Direction',#1991,1.) ;
#2006=VECTOR('Line Direction',#2005,1.) ;
#2043=VECTOR('Line Direction',#2042,1.) ;
#2067=VECTOR('Line Direction',#2066,1.) ;
#2074=VECTOR('Line Direction',#2073,1.) ;
#2098=VECTOR('Line Direction',#2097,1.) ;
#2105=VECTOR('Line Direction',#2104,1.) ;
#2122=VECTOR('Line Direction',#2121,1.) ;
#2146=VECTOR('Line Direction',#2145,1.) ;
#2151=VECTOR('Line Direction',#2150,1.) ;
#2168=VECTOR('Line Direction',#2167,1.) ;
#2185=VECTOR('Line Direction',#2184,1.) ;
#2190=VECTOR('Line Direction',#2189,1.) ;
#2209=VECTOR('Line Direction',#2208,1.) ;
#2226=VECTOR('Line Direction',#2225,1.) ;
#2243=VECTOR('Line Direction',#2242,1.) ;
#2260=VECTOR('Line Direction',#2259,1.) ;
#2272=VECTOR('Line Direction',#2271,1.) ;
#2289=VECTOR('Line Direction',#2288,1.) ;
#2306=VECTOR('Line Direction',#2305,1.) ;
#2323=VECTOR('Line Direction',#2322,1.) ;
#2335=VECTOR('Line Direction',#2334,1.) ;
#2354=VECTOR('Line Direction',#2353,1.) ;
#2371=VECTOR('Line Direction',#2370,1.) ;
#2443=ADVANCED_BREP_SHAPE_REPRESENTATION('NONE',(#2442),#46) ;
#49=SHAPE_REPRESENTATION(' ',(#48),#46) ;
#113=ADVANCED_FACE('PartBody',(#112),#56,.F.) ;
#152=ADVANCED_FACE('PartBody',(#151),#56,.F.) ;
#200=ADVANCED_FACE('PartBody',(#199),#157,.F.) ;
#231=ADVANCED_FACE('PartBody',(#230),#205,.T.) ;
#793=ADVANCED_FACE('PartBody',(#414,#432,#450,#468,#486,#504,#522,#540,#558,#576,#594,#660,#726,#792),#236,.F.) ;
#817=ADVANCED_FACE('PartBody',(#816),#798,.F.) ;
#848=ADVANCED_FACE('PartBody',(#847),#822,.F.) ;
#860=ADVANCED_FACE('PartBody',(#859),#822,.F.) ;
#891=ADVANCED_FACE('PartBody',(#890),#865,.F.) ;
#903=ADVANCED_FACE('PartBody',(#902),#865,.F.) ;
#934=ADVANCED_FACE('PartBody',(#933),#908,.F.) ;
#946=ADVANCED_FACE('PartBody',(#945),#908,.F.) ;
#977=ADVANCED_FACE('PartBody',(#976),#951,.F.) ;
#989=ADVANCED_FACE('PartBody',(#988),#951,.F.) ;
#1020=ADVANCED_FACE('PartBody',(#1019),#994,.F.) ;
#1032=ADVANCED_FACE('PartBody',(#1031),#994,.F.) ;
#1063=ADVANCED_FACE('PartBody',(#1062),#1037,.F.) ;
#1075=ADVANCED_FACE('PartBody',(#1074),#1037,.F.) ;
#1106=ADVANCED_FACE('PartBody',(#1105),#1080,.F.) ;
#1118=ADVANCED_FACE('PartBody',(#1117),#1080,.F.) ;
#1149=ADVANCED_FACE('PartBody',(#1148),#1123,.F.) ;
#1161=ADVANCED_FACE('PartBody',(#1160),#1123,.F.) ;
#1192=ADVANCED_FACE('PartBody',(#1191),#1166,.F.) ;
#1204=ADVANCED_FACE('PartBody',(#1203),#1166,.F.) ;
#1235=ADVANCED_FACE('PartBody',(#1234),#1209,.F.) ;
#1247=ADVANCED_FACE('PartBody',(#1246),#1209,.F.) ;
#1278=ADVANCED_FACE('PartBody',(#1277),#1252,.T.) ;
#1302=ADVANCED_FACE('PartBody',(#1301),#1283,.F.) ;
#1326=ADVANCED_FACE('PartBody',(#1325),#1307,.F.) ;
#1350=ADVANCED_FACE('PartBody',(#1349),#1331,.F.) ;
#1374=ADVANCED_FACE('PartBody',(#1373),#1355,.F.) ;
#1398=ADVANCED_FACE('PartBody',(#1397),#1379,.F.) ;
#1422=ADVANCED_FACE('PartBody',(#1421),#1403,.F.) ;
#1439=ADVANCED_FACE('PartBody',(#1438),#1427,.F.) ;
#1470=ADVANCED_FACE('PartBody',(#1469),#1444,.F.) ;
#1494=ADVANCED_FACE('PartBody',(#1493),#1475,.F.) ;
#1513=ADVANCED_FACE('PartBody',(#1512),#1252,.T.) ;
#1537=ADVANCED_FACE('PartBody',(#1536),#1518,.F.) ;
#1561=ADVANCED_FACE('PartBody',(#1560),#1542,.F.) ;
#1585=ADVANCED_FACE('PartBody',(#1584),#1566,.F.) ;
#1604=ADVANCED_FACE('PartBody',(#1603),#1355,.F.) ;
#1621=ADVANCED_FACE('PartBody',(#1620),#1609,.F.) ;
#1652=ADVANCED_FACE('PartBody',(#1651),#1626,.F.) ;
#1676=ADVANCED_FACE('PartBody',(#1675),#1657,.F.) ;
#1700=ADVANCED_FACE('PartBody',(#1699),#1681,.T.) ;
#1724=ADVANCED_FACE('PartBody',(#1723),#1705,.F.) ;
#1748=ADVANCED_FACE('PartBody',(#1747),#1729,.F.) ;
#1772=ADVANCED_FACE('PartBody',(#1771),#1753,.F.) ;
#1796=ADVANCED_FACE('PartBody',(#1795),#1777,.F.) ;
#1813=ADVANCED_FACE('PartBody',(#1812),#1801,.F.) ;
#1947=ADVANCED_FACE('PartBody',(#1876,#1880,#1884,#1888,#1892,#1896,#1900,#1904,#1908,#1912,#1916,#1926,#1936,#1946),#1818,.T.) ;
#2035=ADVANCED_FACE('PartBody',(#2034),#1952,.T.) ;
#2059=ADVANCED_FACE('PartBody',(#2058),#2040,.T.) ;
#2090=ADVANCED_FACE('PartBody',(#2089),#2064,.T.) ;
#2114=ADVANCED_FACE('PartBody',(#2113),#2095,.T.) ;
#2138=ADVANCED_FACE('PartBody',(#2137),#2119,.T.) ;
#2160=ADVANCED_FACE('PartBody',(#2159),#2143,.T.) ;
#2177=ADVANCED_FACE('PartBody',(#2176),#2165,.T.) ;
#2201=ADVANCED_FACE('PartBody',(#2200),#2182,.F.) ;
#2218=ADVANCED_FACE('PartBody',(#2217),#2206,.T.) ;
#2235=ADVANCED_FACE('PartBody',(#2234),#2223,.F.) ;
#2252=ADVANCED_FACE('PartBody',(#2251),#2240,.T.) ;
#2269=ADVANCED_FACE('PartBody',(#2268),#2257,.F.) ;
#2281=ADVANCED_FACE('PartBody',(#2280),#2257,.F.) ;
#2298=ADVANCED_FACE('PartBody',(#2297),#2286,.T.) ;
#2315=ADVANCED_FACE('PartBody',(#2314),#2303,.T.) ;
#2332=ADVANCED_FACE('PartBody',(#2331),#2320,.T.) ;
#2346=ADVANCED_FACE('PartBody',(#2345),#2182,.F.) ;
#2363=ADVANCED_FACE('PartBody',(#2362),#2351,.T.) ;
#2380=ADVANCED_FACE('PartBody',(#2379),#2368,.F.) ;
#2410=ADVANCED_FACE('PartBody',(#2409),#1952,.T.) ;
#2420=ADVANCED_FACE('PartBody',(#2419),#157,.F.) ;
#2441=ADVANCED_FACE('PartBody',(#2436,#2440),#2425,.T.) ;
#4=APPLICATION_PROTOCOL_DEFINITION('international standard','config_control_design',1994,#1) ;
#32=APPROVAL_DATE_TIME(#13,#21) ;
#66=B_SPLINE_CURVE_WITH_KNOTS('',4,(#67,#68,#69,#70,#71),.UNSPECIFIED.,.F.,.U.,(5,5),(0.,2.95322667937),.UNSPECIFIED.) ;
#75=B_SPLINE_CURVE_WITH_KNOTS('',5,(#76,#77,#78,#79,#80,#81),.UNSPECIFIED.,.F.,.U.,(6,6),(0.,5.71081072864),.UNSPECIFIED.) ;
#92=B_SPLINE_CURVE_WITH_KNOTS('',5,(#93,#94,#95,#96,#97,#98,#99,#100,#101,#102,#103,#104),.UNSPECIFIED.,.F.,.U.,(6,3,3,6),(0.,3.52852881724,5.29858349235,8.66406808829),.UNSPECIFIED.) ;
#114=B_SPLINE_CURVE_WITH_KNOTS('',4,(#115,#116,#117,#118,#119),.UNSPECIFIED.,.F.,.U.,(5,5),(0.,2.95322668143),.UNSPECIFIED.) ;
#123=B_SPLINE_CURVE_WITH_KNOTS('',5,(#124,#125,#126,#127,#128,#129),.UNSPECIFIED.,.F.,.U.,(6,6),(0.,5.710810729),.UNSPECIFIED.) ;
#131=B_SPLINE_CURVE_WITH_KNOTS('',5,(#132,#133,#134,#135,#136,#137,#138,#139,#140,#141,#142,#143),.UNSPECIFIED.,.F.,.U.,(6,3,3,6),(0.,3.52852881653,5.29858349171,8.66406808938),.UNSPECIFIED.) ;
#2442=MANIFOLD_SOLID_BREP('PartBody',#51) ;
#11=CALENDAR_DATE(2026,14,1) ;
#30=CC_DESIGN_APPROVAL(#21,(#16,#6,#14)) ;
#18=CC_DESIGN_DATE_AND_TIME_ASSIGNMENT(#13,#17,(#16)) ;
#29=CC_DESIGN_DATE_AND_TIME_ASSIGNMENT(#13,#28,(#14)) ;
#17=DATE_TIME_ROLE('classification_date') ;
#28=DATE_TIME_ROLE('creation_date') ;
#27=CC_DESIGN_PERSON_AND_ORGANIZATION_ASSIGNMENT(#25,#26,(#16)) ;
#33=CC_DESIGN_PERSON_AND_ORGANIZATION_ASSIGNMENT(#25,#34,(#6)) ;
#35=CC_DESIGN_PERSON_AND_ORGANIZATION_ASSIGNMENT(#25,#36,(#6,#14)) ;
#37=CC_DESIGN_PERSON_AND_ORGANIZATION_ASSIGNMENT(#25,#38,(#5)) ;
#26=PERSON_AND_ORGANIZATION_ROLE('classification_officer') ;
#34=PERSON_AND_ORGANIZATION_ROLE('design_supplier') ;
#36=PERSON_AND_ORGANIZATION_ROLE('creator') ;
#38=PERSON_AND_ORGANIZATION_ROLE('design_owner') ;
#39=CC_DESIGN_SECURITY_CLASSIFICATION(#16,(#6)) ;
#168=CIRCLE('generated circle',#167,50.) ;
#182=CIRCLE('generated circle',#181,50.) ;
#209=CIRCLE('generated circle',#208,2.) ;
#223=CIRCLE('generated circle',#222,2.) ;
#240=CIRCLE('generated circle',#239,2.) ;
#254=CIRCLE('generated circle',#253,50.) ;
#261=CIRCLE('generated circle',#260,2.) ;
#275=CIRCLE('generated circle',#274,2.) ;
#282=CIRCLE('generated circle',#281,55.) ;
#296=CIRCLE('generated circle',#295,10.) ;
#310=CIRCLE('generated circle',#309,2.) ;
#324=CIRCLE('generated circle',#323,2.) ;
#331=CIRCLE('generated circle',#330,50.) ;
#338=CIRCLE('generated circle',#337,50.) ;
#345=CIRCLE('generated circle',#344,2.) ;
#359=CIRCLE('generated circle',#358,2.) ;
#373=CIRCLE('generated circle',#372,10.) ;
#387=CIRCLE('generated circle',#386,55.) ;
#418=CIRCLE('generated circle',#417,2.5) ;
#427=CIRCLE('generated circle',#426,2.5) ;
#436=CIRCLE('generated circle',#435,2.5) ;
#445=CIRCLE('generated circle',#444,2.5) ;
#454=CIRCLE('generated circle',#453,2.5) ;
#463=CIRCLE('generated circle',#462,2.5) ;
#472=CIRCLE('generated circle',#471,16.2) ;
#481=CIRCLE('generated circle',#480,16.2) ;
#490=CIRCLE('generated circle',#489,1.45) ;
#499=CIRCLE('generated circle',#498,1.45) ;
#508=CIRCLE('generated circle',#507,1.45) ;
#517=CIRCLE('generated circle',#516,1.45) ;
#526=CIRCLE('generated circle',#525,1.45) ;
#535=CIRCLE('generated circle',#534,1.45) ;
#544=CIRCLE('generated circle',#543,1.45) ;
#553=CIRCLE('generated circle',#552,1.45) ;
#562=CIRCLE('generated circle',#561,1.45) ;
#571=CIRCLE('generated circle',#570,1.45) ;
#580=CIRCLE('generated circle',#579,1.45) ;
#589=CIRCLE('generated circle',#588,1.45) ;
#598=CIRCLE('generated circle',#597,5.) ;
#614=CIRCLE('generated circle',#613,5.) ;
#621=CIRCLE('generated circle',#620,42.4) ;
#628=CIRCLE('generated circle',#627,5.) ;
#642=CIRCLE('generated circle',#641,5.) ;
#649=CIRCLE('generated circle',#648,25.5) ;
#664=CIRCLE('generated circle',#663,5.) ;
#673=CIRCLE('generated circle',#672,42.4) ;
#680=CIRCLE('generated circle',#679,5.) ;
#694=CIRCLE('generated circle',#693,5.) ;
#701=CIRCLE('generated circle',#700,25.5) ;
#708=CIRCLE('generated circle',#707,5.) ;
#730=CIRCLE('generated circle',#729,5.) ;
#739=CIRCLE('generated circle',#738,42.4) ;
#746=CIRCLE('generated circle',#745,5.) ;
#760=CIRCLE('generated circle',#759,5.) ;
#767=CIRCLE('generated circle',#766,25.5) ;
#774=CIRCLE('generated circle',#773,5.) ;
#826=CIRCLE('generated circle',#825,2.5) ;
#852=CIRCLE('generated circle',#851,2.5) ;
#869=CIRCLE('generated circle',#868,2.5) ;
#895=CIRCLE('generated circle',#894,2.5) ;
#912=CIRCLE('generated circle',#911,2.5) ;
#938=CIRCLE('generated circle',#937,2.5) ;
#955=CIRCLE('generated circle',#954,16.2) ;
#981=CIRCLE('generated circle',#980,16.2) ;
#998=CIRCLE('generated circle',#997,1.45) ;
#1024=CIRCLE('generated circle',#1023,1.45) ;
#1041=CIRCLE('generated circle',#1040,1.45) ;
#1067=CIRCLE('generated circle',#1066,1.45) ;
#1084=CIRCLE('generated circle',#1083,1.45) ;
#1110=CIRCLE('generated circle',#1109,1.45) ;
#1127=CIRCLE('generated circle',#1126,1.45) ;
#1153=CIRCLE('generated circle',#1152,1.45) ;
#1170=CIRCLE('generated circle',#1169,1.45) ;
#1196=CIRCLE('generated circle',#1195,1.45) ;
#1213=CIRCLE('generated circle',#1212,1.45) ;
#1239=CIRCLE('generated circle',#1238,1.45) ;
#1256=CIRCLE('generated circle',#1255,25.5) ;
#1287=CIRCLE('generated circle',#1286,5.) ;
#1335=CIRCLE('generated circle',#1334,5.) ;
#1359=CIRCLE('generated circle',#1358,42.4) ;
#1383=CIRCLE('generated circle',#1382,5.) ;
#1431=CIRCLE('generated circle',#1430,5.) ;
#1479=CIRCLE('generated circle',#1478,5.) ;
#1498=CIRCLE('generated circle',#1497,25.5) ;
#1522=CIRCLE('generated circle',#1521,5.) ;
#1570=CIRCLE('generated circle',#1569,5.) ;
#1589=CIRCLE('generated circle',#1588,42.4) ;
#1613=CIRCLE('generated circle',#1612,5.) ;
#1661=CIRCLE('generated circle',#1660,5.) ;
#1685=CIRCLE('generated circle',#1684,25.5) ;
#1709=CIRCLE('generated circle',#1708,5.) ;
#1757=CIRCLE('generated circle',#1756,5.) ;
#1781=CIRCLE('generated circle',#1780,42.4) ;
#1805=CIRCLE('generated circle',#1804,5.) ;
#1822=CIRCLE('generated circle',#1821,55.) ;
#1838=CIRCLE('generated circle',#1837,10.) ;
#1859=CIRCLE('generated circle',#1858,10.) ;
#1956=CIRCLE('generated circle',#1955,50.) ;
#1965=CIRCLE('generated circle',#1964,2.) ;
#1979=CIRCLE('generated circle',#1978,2.) ;
#2000=CIRCLE('generated circle',#1999,2.) ;
#2014=CIRCLE('generated circle',#2013,2.) ;
#2021=CIRCLE('generated circle',#2020,50.) ;
#2051=CIRCLE('generated circle',#2050,2.) ;
#2082=CIRCLE('generated circle',#2081,2.) ;
#2130=CIRCLE('generated circle',#2129,2.) ;
#2384=CIRCLE('generated circle',#2383,55.) ;
#2391=CIRCLE('generated circle',#2390,55.) ;
#2396=CIRCLE('generated circle',#2395,50.) ;
#2444=SHAPE_REPRESENTATION_RELATIONSHIP(' ',' ',#49,#2443) ;
#56=CYLINDRICAL_SURFACE('generated cylinder',#55,1.95) ;
#157=CYLINDRICAL_SURFACE('generated cylinder',#156,50.) ;
#205=CYLINDRICAL_SURFACE('generated cylinder',#204,2.) ;
#822=CYLINDRICAL_SURFACE('generated cylinder',#821,2.5) ;
#865=CYLINDRICAL_SURFACE('generated cylinder',#864,2.5) ;
#908=CYLINDRICAL_SURFACE('generated cylinder',#907,2.5) ;
#951=CYLINDRICAL_SURFACE('generated cylinder',#950,16.2) ;
#994=CYLINDRICAL_SURFACE('generated cylinder',#993,1.45) ;
#1037=CYLINDRICAL_SURFACE('generated cylinder',#1036,1.45) ;
#1080=CYLINDRICAL_SURFACE('generated cylinder',#1079,1.45) ;
#1123=CYLINDRICAL_SURFACE('generated cylinder',#1122,1.45) ;
#1166=CYLINDRICAL_SURFACE('generated cylinder',#1165,1.45) ;
#1209=CYLINDRICAL_SURFACE('generated cylinder',#1208,1.45) ;
#1252=CYLINDRICAL_SURFACE('generated cylinder',#1251,25.5) ;
#1283=CYLINDRICAL_SURFACE('generated cylinder',#1282,5.) ;
#1331=CYLINDRICAL_SURFACE('generated cylinder',#1330,5.) ;
#1355=CYLINDRICAL_SURFACE('generated cylinder',#1354,42.4) ;
#1379=CYLINDRICAL_SURFACE('generated cylinder',#1378,5.) ;
#1427=CYLINDRICAL_SURFACE('generated cylinder',#1426,5.) ;
#1475=CYLINDRICAL_SURFACE('generated cylinder',#1474,5.) ;
#1518=CYLINDRICAL_SURFACE('generated cylinder',#1517,5.) ;
#1566=CYLINDRICAL_SURFACE('generated cylinder',#1565,5.) ;
#1609=CYLINDRICAL_SURFACE('generated cylinder',#1608,5.) ;
#1657=CYLINDRICAL_SURFACE('generated cylinder',#1656,5.) ;
#1681=CYLINDRICAL_SURFACE('generated cylinder',#1680,25.5) ;
#1705=CYLINDRICAL_SURFACE('generated cylinder',#1704,5.) ;
#1753=CYLINDRICAL_SURFACE('generated cylinder',#1752,5.) ;
#1777=CYLINDRICAL_SURFACE('generated cylinder',#1776,42.4) ;
#1801=CYLINDRICAL_SURFACE('generated cylinder',#1800,5.) ;
#2040=CYLINDRICAL_SURFACE('generated cylinder',#2039,2.) ;
#2064=CYLINDRICAL_SURFACE('generated cylinder',#2063,2.) ;
#2119=CYLINDRICAL_SURFACE('generated cylinder',#2118,2.) ;
#2165=CYLINDRICAL_SURFACE('generated cylinder',#2164,10.) ;
#2206=CYLINDRICAL_SURFACE('generated cylinder',#2205,2.) ;
#2240=CYLINDRICAL_SURFACE('generated cylinder',#2239,2.) ;
#2257=CYLINDRICAL_SURFACE('generated cylinder',#2256,50.) ;
#2286=CYLINDRICAL_SURFACE('generated cylinder',#2285,2.) ;
#2320=CYLINDRICAL_SURFACE('generated cylinder',#2319,2.) ;
#2351=CYLINDRICAL_SURFACE('generated cylinder',#2350,10.) ;
#2425=CYLINDRICAL_SURFACE('generated cylinder',#2424,55.) ;
#3=DESIGN_CONTEXT(' ',#1,'design') ;
#65=EDGE_CURVE('',#62,#64,#60,.F.) ;
#74=EDGE_CURVE('',#62,#73,#66,.T.) ;
#84=EDGE_CURVE('',#83,#73,#75,.T.) ;
#91=EDGE_CURVE('',#83,#90,#88,.F.) ;
#105=EDGE_CURVE('',#64,#90,#92,.T.) ;
#122=EDGE_CURVE('',#83,#121,#114,.T.) ;
#130=EDGE_CURVE('',#62,#121,#123,.T.) ;
#144=EDGE_CURVE('',#90,#64,#131,.T.) ;
#164=EDGE_CURVE('',#163,#121,#161,.T.) ;
#171=EDGE_CURVE('',#163,#170,#168,.F.) ;
#178=EDGE_CURVE('',#170,#177,#175,.T.) ;
#185=EDGE_CURVE('',#184,#177,#182,.F.) ;
#190=EDGE_CURVE('',#73,#184,#189,.T.) ;
#212=EDGE_CURVE('',#170,#211,#209,.T.) ;
#219=EDGE_CURVE('',#211,#218,#216,.T.) ;
#224=EDGE_CURVE('',#177,#218,#223,.T.) ;
#245=EDGE_CURVE('',#242,#244,#240,.F.) ;
#250=EDGE_CURVE('',#211,#242,#249,.F.) ;
#257=EDGE_CURVE('',#256,#163,#254,.T.) ;
#264=EDGE_CURVE('',#263,#256,#261,.F.) ;
#271=EDGE_CURVE('',#270,#263,#268,.T.) ;
#278=EDGE_CURVE('',#277,#270,#275,.F.) ;
#285=EDGE_CURVE('',#284,#277,#282,.T.) ;
#292=EDGE_CURVE('',#291,#284,#289,.T.) ;
#299=EDGE_CURVE('',#298,#291,#296,.T.) ;
#306=EDGE_CURVE('',#305,#298,#303,.T.) ;
#313=EDGE_CURVE('',#312,#305,#310,.F.) ;
#320=EDGE_CURVE('',#319,#312,#317,.F.) ;
#327=EDGE_CURVE('',#326,#319,#324,.F.) ;
#334=EDGE_CURVE('',#333,#326,#331,.T.) ;
#341=EDGE_CURVE('',#340,#333,#338,.T.) ;
#348=EDGE_CURVE('',#347,#340,#345,.F.) ;
#355=EDGE_CURVE('',#354,#347,#352,.T.) ;
#362=EDGE_CURVE('',#361,#354,#359,.F.) ;
#369=EDGE_CURVE('',#368,#361,#366,.F.) ;
#376=EDGE_CURVE('',#375,#368,#373,.T.) ;
#383=EDGE_CURVE('',#382,#375,#380,.F.) ;
#388=EDGE_CURVE('',#244,#382,#387,.T.) ;
#423=EDGE_CURVE('',#420,#422,#418,.T.) ;
#428=EDGE_CURVE('',#422,#420,#427,.T.) ;
#441=EDGE_CURVE('',#438,#440,#436,.T.) ;
#446=EDGE_CURVE('',#440,#438,#445,.T.) ;
#459=EDGE_CURVE('',#456,#458,#454,.T.) ;
#464=EDGE_CURVE('',#458,#456,#463,.T.) ;
#477=EDGE_CURVE('',#474,#476,#472,.T.) ;
#482=EDGE_CURVE('',#476,#474,#481,.T.) ;
#495=EDGE_CURVE('',#492,#494,#490,.T.) ;
#500=EDGE_CURVE('',#494,#492,#499,.T.) ;
#513=EDGE_CURVE('',#510,#512,#508,.T.) ;
#518=EDGE_CURVE('',#512,#510,#517,.T.) ;
#531=EDGE_CURVE('',#528,#530,#526,.T.) ;
#536=EDGE_CURVE('',#530,#528,#535,.T.) ;
#549=EDGE_CURVE('',#546,#548,#544,.T.) ;
#554=EDGE_CURVE('',#548,#546,#553,.T.) ;
#567=EDGE_CURVE('',#564,#566,#562,.T.) ;
#572=EDGE_CURVE('',#566,#564,#571,.T.) ;
#585=EDGE_CURVE('',#582,#584,#580,.T.) ;
#590=EDGE_CURVE('',#584,#582,#589,.T.) ;
#603=EDGE_CURVE('',#600,#602,#598,.T.) ;
#610=EDGE_CURVE('',#602,#609,#607,.T.) ;
#617=EDGE_CURVE('',#609,#616,#614,.T.) ;
#624=EDGE_CURVE('',#616,#623,#621,.T.) ;
#631=EDGE_CURVE('',#623,#630,#628,.T.) ;
#638=EDGE_CURVE('',#630,#637,#635,.T.) ;
#645=EDGE_CURVE('',#637,#644,#642,.T.) ;
#650=EDGE_CURVE('',#644,#600,#649,.F.) ;
#669=EDGE_CURVE('',#666,#668,#664,.T.) ;
#676=EDGE_CURVE('',#668,#675,#673,.T.) ;
#683=EDGE_CURVE('',#675,#682,#680,.T.) ;
#690=EDGE_CURVE('',#682,#689,#687,.T.) ;
#697=EDGE_CURVE('',#689,#696,#694,.T.) ;
#704=EDGE_CURVE('',#696,#703,#701,.F.) ;
#711=EDGE_CURVE('',#703,#710,#708,.T.) ;
#716=EDGE_CURVE('',#710,#666,#715,.T.) ;
#735=EDGE_CURVE('',#732,#734,#730,.T.) ;
#742=EDGE_CURVE('',#734,#741,#739,.T.) ;
#749=EDGE_CURVE('',#741,#748,#746,.T.) ;
#756=EDGE_CURVE('',#748,#755,#753,.T.) ;
#763=EDGE_CURVE('',#755,#762,#760,.T.) ;
#770=EDGE_CURVE('',#762,#769,#767,.F.) ;
#777=EDGE_CURVE('',#769,#776,#774,.T.) ;
#782=EDGE_CURVE('',#776,#732,#781,.T.) ;
#805=EDGE_CURVE('',#242,#804,#802,.T.) ;
#810=EDGE_CURVE('',#218,#804,#809,.F.) ;
#831=EDGE_CURVE('',#828,#830,#826,.T.) ;
#836=EDGE_CURVE('',#420,#830,#835,.T.) ;
#841=EDGE_CURVE('',#422,#828,#840,.T.) ;
#853=EDGE_CURVE('',#830,#828,#852,.T.) ;
#874=EDGE_CURVE('',#871,#873,#869,.T.) ;
#879=EDGE_CURVE('',#438,#873,#878,.T.) ;
#884=EDGE_CURVE('',#440,#871,#883,.T.) ;
#896=EDGE_CURVE('',#873,#871,#895,.T.) ;
#917=EDGE_CURVE('',#914,#916,#912,.T.) ;
#922=EDGE_CURVE('',#456,#916,#921,.T.) ;
#927=EDGE_CURVE('',#458,#914,#926,.T.) ;
#939=EDGE_CURVE('',#916,#914,#938,.T.) ;
#960=EDGE_CURVE('',#957,#959,#955,.T.) ;
#965=EDGE_CURVE('',#474,#959,#964,.T.) ;
#970=EDGE_CURVE('',#476,#957,#969,.T.) ;
#982=EDGE_CURVE('',#959,#957,#981,.T.) ;
#1003=EDGE_CURVE('',#1000,#1002,#998,.T.) ;
#1008=EDGE_CURVE('',#492,#1002,#1007,.T.) ;
#1013=EDGE_CURVE('',#494,#1000,#1012,.T.) ;
#1025=EDGE_CURVE('',#1002,#1000,#1024,.T.) ;
#1046=EDGE_CURVE('',#1043,#1045,#1041,.T.) ;
#1051=EDGE_CURVE('',#510,#1045,#1050,.T.) ;
#1056=EDGE_CURVE('',#512,#1043,#1055,.T.) ;
#1068=EDGE_CURVE('',#1045,#1043,#1067,.T.) ;
#1089=EDGE_CURVE('',#1086,#1088,#1084,.T.) ;
#1094=EDGE_CURVE('',#528,#1088,#1093,.T.) ;
#1099=EDGE_CURVE('',#530,#1086,#1098,.T.) ;
#1111=EDGE_CURVE('',#1088,#1086,#1110,.T.) ;
#1132=EDGE_CURVE('',#1129,#1131,#1127,.T.) ;
#1137=EDGE_CURVE('',#546,#1131,#1136,.T.) ;
#1142=EDGE_CURVE('',#548,#1129,#1141,.T.) ;
#1154=EDGE_CURVE('',#1131,#1129,#1153,.T.) ;
#1175=EDGE_CURVE('',#1172,#1174,#1170,.T.) ;
#1180=EDGE_CURVE('',#564,#1174,#1179,.T.) ;
#1185=EDGE_CURVE('',#566,#1172,#1184,.T.) ;
#1197=EDGE_CURVE('',#1174,#1172,#1196,.T.) ;
#1218=EDGE_CURVE('',#1215,#1217,#1213,.T.) ;
#1223=EDGE_CURVE('',#582,#1217,#1222,.T.) ;
#1228=EDGE_CURVE('',#584,#1215,#1227,.T.) ;
#1240=EDGE_CURVE('',#1217,#1215,#1239,.T.) ;
#1261=EDGE_CURVE('',#1258,#1260,#1256,.F.) ;
#1266=EDGE_CURVE('',#600,#1260,#1265,.T.) ;
#1271=EDGE_CURVE('',#644,#1258,#1270,.T.) ;
#1290=EDGE_CURVE('',#1289,#1258,#1287,.T.) ;
#1295=EDGE_CURVE('',#637,#1289,#1294,.T.) ;
#1314=EDGE_CURVE('',#1313,#1289,#1311,.T.) ;
#1319=EDGE_CURVE('',#630,#1313,#1318,.T.) ;
#1338=EDGE_CURVE('',#1337,#1313,#1335,.T.) ;
#1343=EDGE_CURVE('',#623,#1337,#1342,.T.) ;
#1362=EDGE_CURVE('',#1361,#1337,#1359,.T.) ;
#1367=EDGE_CURVE('',#616,#1361,#1366,.T.) ;
#1386=EDGE_CURVE('',#1385,#1361,#1383,.T.) ;
#1391=EDGE_CURVE('',#609,#1385,#1390,.T.) ;
#1410=EDGE_CURVE('',#1409,#1385,#1407,.T.) ;
#1415=EDGE_CURVE('',#602,#1409,#1414,.T.) ;
#1432=EDGE_CURVE('',#1260,#1409,#1431,.T.) ;
#1453=EDGE_CURVE('',#1450,#1452,#1448,.T.) ;
#1458=EDGE_CURVE('',#666,#1452,#1457,.T.) ;
#1463=EDGE_CURVE('',#710,#1450,#1462,.T.) ;
#1482=EDGE_CURVE('',#1481,#1450,#1479,.T.) ;
#1487=EDGE_CURVE('',#703,#1481,#1486,.T.) ;
#1501=EDGE_CURVE('',#1500,#1481,#1498,.F.) ;
#1506=EDGE_CURVE('',#696,#1500,#1505,.T.) ;
#1525=EDGE_CURVE('',#1524,#1500,#1522,.T.) ;
#1530=EDGE_CURVE('',#689,#1524,#1529,.T.) ;
#1549=EDGE_CURVE('',#1548,#1524,#1546,.T.) ;
#1554=EDGE_CURVE('',#682,#1548,#1553,.T.) ;
#1573=EDGE_CURVE('',#1572,#1548,#1570,.T.) ;
#1578=EDGE_CURVE('',#675,#1572,#1577,.T.) ;
#1592=EDGE_CURVE('',#1591,#1572,#1589,.T.) ;
#1597=EDGE_CURVE('',#668,#1591,#1596,.T.) ;
#1614=EDGE_CURVE('',#1452,#1591,#1613,.T.) ;
#1635=EDGE_CURVE('',#1632,#1634,#1630,.T.) ;
#1640=EDGE_CURVE('',#732,#1634,#1639,.T.) ;
#1645=EDGE_CURVE('',#776,#1632,#1644,.T.) ;
#1664=EDGE_CURVE('',#1663,#1632,#1661,.T.) ;
#1669=EDGE_CURVE('',#769,#1663,#1668,.T.) ;
#1688=EDGE_CURVE('',#1687,#1663,#1685,.F.) ;
#1693=EDGE_CURVE('',#762,#1687,#1692,.T.) ;
#1712=EDGE_CURVE('',#1711,#1687,#1709,.T.) ;
#1717=EDGE_CURVE('',#755,#1711,#1716,.T.) ;
#1736=EDGE_CURVE('',#1735,#1711,#1733,.T.) ;
#1741=EDGE_CURVE('',#748,#1735,#1740,.T.) ;
#1760=EDGE_CURVE('',#1759,#1735,#1757,.T.) ;
#1765=EDGE_CURVE('',#741,#1759,#1764,.T.) ;
#1784=EDGE_CURVE('',#1783,#1759,#1781,.T.) ;
#1789=EDGE_CURVE('',#734,#1783,#1788,.T.) ;
#1806=EDGE_CURVE('',#1634,#1783,#1805,.T.) ;
#1827=EDGE_CURVE('',#1824,#1826,#1822,.T.) ;
#1834=EDGE_CURVE('',#1826,#1833,#1831,.F.) ;
#1841=EDGE_CURVE('',#1833,#1840,#1838,.T.) ;
#1848=EDGE_CURVE('',#1840,#1847,#1845,.F.) ;
#1855=EDGE_CURVE('',#1847,#1854,#1852,.T.) ;
#1862=EDGE_CURVE('',#1854,#1861,#1859,.T.) ;
#1867=EDGE_CURVE('',#1861,#1824,#1866,.T.) ;
#1961=EDGE_CURVE('',#1958,#1960,#1956,.F.) ;
#1968=EDGE_CURVE('',#1960,#1967,#1965,.T.) ;
#1975=EDGE_CURVE('',#1967,#1974,#1972,.F.) ;
#1982=EDGE_CURVE('',#1974,#1981,#1979,.T.) ;
#1989=EDGE_CURVE('',#1981,#1988,#1986,.T.) ;
#1996=EDGE_CURVE('',#1988,#1995,#1993,.F.) ;
#2003=EDGE_CURVE('',#1995,#2002,#2000,.T.) ;
#2010=EDGE_CURVE('',#2002,#2009,#2007,.T.) ;
#2017=EDGE_CURVE('',#2009,#2016,#2014,.T.) ;
#2022=EDGE_CURVE('',#2016,#1958,#2021,.F.) ;
#2047=EDGE_CURVE('',#244,#2046,#2044,.T.) ;
#2052=EDGE_CURVE('',#804,#2046,#2051,.T.) ;
#2071=EDGE_CURVE('',#263,#2070,#2068,.T.) ;
#2078=EDGE_CURVE('',#256,#2077,#2075,.T.) ;
#2083=EDGE_CURVE('',#2070,#2077,#2082,.T.) ;
#2102=EDGE_CURVE('',#270,#2101,#2099,.T.) ;
#2107=EDGE_CURVE('',#2101,#2070,#2106,.T.) ;
#2126=EDGE_CURVE('',#277,#2125,#2123,.T.) ;
#2131=EDGE_CURVE('',#2125,#2101,#2130,.T.) ;
#2148=EDGE_CURVE('',#291,#1861,#2147,.T.) ;
#2153=EDGE_CURVE('',#284,#1824,#2152,.T.) ;
#2170=EDGE_CURVE('',#298,#1854,#2169,.T.) ;
#2187=EDGE_CURVE('',#305,#1981,#2186,.T.) ;
#2192=EDGE_CURVE('',#1988,#1847,#2191,.T.) ;
#2211=EDGE_CURVE('',#312,#1974,#2210,.T.) ;
#2228=EDGE_CURVE('',#319,#1967,#2227,.T.) ;
#2245=EDGE_CURVE('',#326,#1960,#2244,.T.) ;
#2262=EDGE_CURVE('',#333,#1958,#2261,.T.) ;
#2274=EDGE_CURVE('',#340,#2016,#2273,.T.) ;
#2291=EDGE_CURVE('',#347,#2009,#2290,.T.) ;
#2308=EDGE_CURVE('',#354,#2002,#2307,.T.) ;
#2325=EDGE_CURVE('',#361,#1995,#2324,.T.) ;
#2337=EDGE_CURVE('',#368,#1840,#2336,.T.) ;
#2356=EDGE_CURVE('',#375,#1833,#2355,.T.) ;
#2373=EDGE_CURVE('',#382,#1826,#2372,.T.) ;
#2387=EDGE_CURVE('',#2046,#2386,#2384,.T.) ;
#2392=EDGE_CURVE('',#2386,#2125,#2391,.T.) ;
#2397=EDGE_CURVE('',#2077,#184,#2396,.F.) ;
#106=EDGE_LOOP('',(#107,#108,#109,#110,#111)) ;
#145=EDGE_LOOP('',(#146,#147,#148,#149,#150)) ;
#191=EDGE_LOOP('',(#192,#193,#194,#195,#196,#197,#198)) ;
#225=EDGE_LOOP('',(#226,#227,#228,#229)) ;
#389=EDGE_LOOP('',(#390,#391,#392,#393,#394,#395,#396,#397,#398,#399,#400,#401,#402,#403,#404,#405,#406,#407,#408,#409,#410,#411,#412,#413)) ;
#429=EDGE_LOOP('',(#430,#431)) ;
#447=EDGE_LOOP('',(#448,#449)) ;
#465=EDGE_LOOP('',(#466,#467)) ;
#483=EDGE_LOOP('',(#484,#485)) ;
#501=EDGE_LOOP('',(#502,#503)) ;
#519=EDGE_LOOP('',(#520,#521)) ;
#537=EDGE_LOOP('',(#538,#539)) ;
#555=EDGE_LOOP('',(#556,#557)) ;
#573=EDGE_LOOP('',(#574,#575)) ;
#591=EDGE_LOOP('',(#592,#593)) ;
#651=EDGE_LOOP('',(#652,#653,#654,#655,#656,#657,#658,#659)) ;
#717=EDGE_LOOP('',(#718,#719,#720,#721,#722,#723,#724,#725)) ;
#783=EDGE_LOOP('',(#784,#785,#786,#787,#788,#789,#790,#791)) ;
#811=EDGE_LOOP('',(#812,#813,#814,#815)) ;
#842=EDGE_LOOP('',(#843,#844,#845,#846)) ;
#854=EDGE_LOOP('',(#855,#856,#857,#858)) ;
#885=EDGE_LOOP('',(#886,#887,#888,#889)) ;
#897=EDGE_LOOP('',(#898,#899,#900,#901)) ;
#928=EDGE_LOOP('',(#929,#930,#931,#932)) ;
#940=EDGE_LOOP('',(#941,#942,#943,#944)) ;
#971=EDGE_LOOP('',(#972,#973,#974,#975)) ;
#983=EDGE_LOOP('',(#984,#985,#986,#987)) ;
#1014=EDGE_LOOP('',(#1015,#1016,#1017,#1018)) ;
#1026=EDGE_LOOP('',(#1027,#1028,#1029,#1030)) ;
#1057=EDGE_LOOP('',(#1058,#1059,#1060,#1061)) ;
#1069=EDGE_LOOP('',(#1070,#1071,#1072,#1073)) ;
#1100=EDGE_LOOP('',(#1101,#1102,#1103,#1104)) ;
#1112=EDGE_LOOP('',(#1113,#1114,#1115,#1116)) ;
#1143=EDGE_LOOP('',(#1144,#1145,#1146,#1147)) ;
#1155=EDGE_LOOP('',(#1156,#1157,#1158,#1159)) ;
#1186=EDGE_LOOP('',(#1187,#1188,#1189,#1190)) ;
#1198=EDGE_LOOP('',(#1199,#1200,#1201,#1202)) ;
#1229=EDGE_LOOP('',(#1230,#1231,#1232,#1233)) ;
#1241=EDGE_LOOP('',(#1242,#1243,#1244,#1245)) ;
#1272=EDGE_LOOP('',(#1273,#1274,#1275,#1276)) ;
#1296=EDGE_LOOP('',(#1297,#1298,#1299,#1300)) ;
#1320=EDGE_LOOP('',(#1321,#1322,#1323,#1324)) ;
#1344=EDGE_LOOP('',(#1345,#1346,#1347,#1348)) ;
#1368=EDGE_LOOP('',(#1369,#1370,#1371,#1372)) ;
#1392=EDGE_LOOP('',(#1393,#1394,#1395,#1396)) ;
#1416=EDGE_LOOP('',(#1417,#1418,#1419,#1420)) ;
#1433=EDGE_LOOP('',(#1434,#1435,#1436,#1437)) ;
#1464=EDGE_LOOP('',(#1465,#1466,#1467,#1468)) ;
#1488=EDGE_LOOP('',(#1489,#1490,#1491,#1492)) ;
#1507=EDGE_LOOP('',(#1508,#1509,#1510,#1511)) ;
#1531=EDGE_LOOP('',(#1532,#1533,#1534,#1535)) ;
#1555=EDGE_LOOP('',(#1556,#1557,#1558,#1559)) ;
#1579=EDGE_LOOP('',(#1580,#1581,#1582,#1583)) ;
#1598=EDGE_LOOP('',(#1599,#1600,#1601,#1602)) ;
#1615=EDGE_LOOP('',(#1616,#1617,#1618,#1619)) ;
#1646=EDGE_LOOP('',(#1647,#1648,#1649,#1650)) ;
#1670=EDGE_LOOP('',(#1671,#1672,#1673,#1674)) ;
#1694=EDGE_LOOP('',(#1695,#1696,#1697,#1698)) ;
#1718=EDGE_LOOP('',(#1719,#1720,#1721,#1722)) ;
#1742=EDGE_LOOP('',(#1743,#1744,#1745,#1746)) ;
#1766=EDGE_LOOP('',(#1767,#1768,#1769,#1770)) ;
#1790=EDGE_LOOP('',(#1791,#1792,#1793,#1794)) ;
#1807=EDGE_LOOP('',(#1808,#1809,#1810,#1811)) ;
#1868=EDGE_LOOP('',(#1869,#1870,#1871,#1872,#1873,#1874,#1875)) ;
#1877=EDGE_LOOP('',(#1878,#1879)) ;
#1881=EDGE_LOOP('',(#1882,#1883)) ;
#1885=EDGE_LOOP('',(#1886,#1887)) ;
#1889=EDGE_LOOP('',(#1890,#1891)) ;
#1893=EDGE_LOOP('',(#1894,#1895)) ;
#1897=EDGE_LOOP('',(#1898,#1899)) ;
#1901=EDGE_LOOP('',(#1902,#1903)) ;
#1905=EDGE_LOOP('',(#1906,#1907)) ;
#1909=EDGE_LOOP('',(#1910,#1911)) ;
#1913=EDGE_LOOP('',(#1914,#1915)) ;
#1917=EDGE_LOOP('',(#1918,#1919,#1920,#1921,#1922,#1923,#1924,#1925)) ;
#1927=EDGE_LOOP('',(#1928,#1929,#1930,#1931,#1932,#1933,#1934,#1935)) ;
#1937=EDGE_LOOP('',(#1938,#1939,#1940,#1941,#1942,#1943,#1944,#1945)) ;
#2023=EDGE_LOOP('',(#2024,#2025,#2026,#2027,#2028,#2029,#2030,#2031,#2032,#2033)) ;
#2053=EDGE_LOOP('',(#2054,#2055,#2056,#2057)) ;
#2084=EDGE_LOOP('',(#2085,#2086,#2087,#2088)) ;
#2108=EDGE_LOOP('',(#2109,#2110,#2111,#2112)) ;
#2132=EDGE_LOOP('',(#2133,#2134,#2135,#2136)) ;
#2154=EDGE_LOOP('',(#2155,#2156,#2157,#2158)) ;
#2171=EDGE_LOOP('',(#2172,#2173,#2174,#2175)) ;
#2193=EDGE_LOOP('',(#2194,#2195,#2196,#2197,#2198,#2199)) ;
#2212=EDGE_LOOP('',(#2213,#2214,#2215,#2216)) ;
#2229=EDGE_LOOP('',(#2230,#2231,#2232,#2233)) ;
#2246=EDGE_LOOP('',(#2247,#2248,#2249,#2250)) ;
#2263=EDGE_LOOP('',(#2264,#2265,#2266,#2267)) ;
#2275=EDGE_LOOP('',(#2276,#2277,#2278,#2279)) ;
#2292=EDGE_LOOP('',(#2293,#2294,#2295,#2296)) ;
#2309=EDGE_LOOP('',(#2310,#2311,#2312,#2313)) ;
#2326=EDGE_LOOP('',(#2327,#2328,#2329,#2330)) ;
#2338=EDGE_LOOP('',(#2339,#2340,#2341,#2342,#2343,#2344)) ;
#2357=EDGE_LOOP('',(#2358,#2359,#2360,#2361)) ;
#2374=EDGE_LOOP('',(#2375,#2376,#2377,#2378)) ;
#2398=EDGE_LOOP('',(#2399,#2400,#2401,#2402,#2403,#2404,#2405,#2406,#2407,#2408)) ;
#2411=EDGE_LOOP('',(#2412,#2413,#2414,#2415,#2416,#2417,#2418)) ;
#2426=EDGE_LOOP('',(#2427,#2428,#2429,#2430,#2431,#2432,#2433,#2434,#2435)) ;
#2437=EDGE_LOOP('',(#2438,#2439)) ;
#112=FACE_OUTER_BOUND('',#106,.T.) ;
#151=FACE_OUTER_BOUND('',#145,.T.) ;
#199=FACE_OUTER_BOUND('',#191,.T.) ;
#230=FACE_OUTER_BOUND('',#225,.T.) ;
#414=FACE_OUTER_BOUND('',#389,.T.) ;
#816=FACE_OUTER_BOUND('',#811,.T.) ;
#847=FACE_OUTER_BOUND('',#842,.T.) ;
#859=FACE_OUTER_BOUND('',#854,.T.) ;
#890=FACE_OUTER_BOUND('',#885,.T.) ;
#902=FACE_OUTER_BOUND('',#897,.T.) ;
#933=FACE_OUTER_BOUND('',#928,.T.) ;
#945=FACE_OUTER_BOUND('',#940,.T.) ;
#976=FACE_OUTER_BOUND('',#971,.T.) ;
#988=FACE_OUTER_BOUND('',#983,.T.) ;
#1019=FACE_OUTER_BOUND('',#1014,.T.) ;
#1031=FACE_OUTER_BOUND('',#1026,.T.) ;
#1062=FACE_OUTER_BOUND('',#1057,.T.) ;
#1074=FACE_OUTER_BOUND('',#1069,.T.) ;
#1105=FACE_OUTER_BOUND('',#1100,.T.) ;
#1117=FACE_OUTER_BOUND('',#1112,.T.) ;
#1148=FACE_OUTER_BOUND('',#1143,.T.) ;
#1160=FACE_OUTER_BOUND('',#1155,.T.) ;
#1191=FACE_OUTER_BOUND('',#1186,.T.) ;
#1203=FACE_OUTER_BOUND('',#1198,.T.) ;
#1234=FACE_OUTER_BOUND('',#1229,.T.) ;
#1246=FACE_OUTER_BOUND('',#1241,.T.) ;
#1277=FACE_OUTER_BOUND('',#1272,.T.) ;
#1301=FACE_OUTER_BOUND('',#1296,.T.) ;
#1325=FACE_OUTER_BOUND('',#1320,.T.) ;
#1349=FACE_OUTER_BOUND('',#1344,.T.) ;
#1373=FACE_OUTER_BOUND('',#1368,.T.) ;
#1397=FACE_OUTER_BOUND('',#1392,.T.) ;
#1421=FACE_OUTER_BOUND('',#1416,.T.) ;
#1438=FACE_OUTER_BOUND('',#1433,.T.) ;
#1469=FACE_OUTER_BOUND('',#1464,.T.) ;
#1493=FACE_OUTER_BOUND('',#1488,.T.) ;
#1512=FACE_OUTER_BOUND('',#1507,.T.) ;
#1536=FACE_OUTER_BOUND('',#1531,.T.) ;
#1560=FACE_OUTER_BOUND('',#1555,.T.) ;
#1584=FACE_OUTER_BOUND('',#1579,.T.) ;
#1603=FACE_OUTER_BOUND('',#1598,.T.) ;
#1620=FACE_OUTER_BOUND('',#1615,.T.) ;
#1651=FACE_OUTER_BOUND('',#1646,.T.) ;
#1675=FACE_OUTER_BOUND('',#1670,.T.) ;
#1699=FACE_OUTER_BOUND('',#1694,.T.) ;
#1723=FACE_OUTER_BOUND('',#1718,.T.) ;
#1747=FACE_OUTER_BOUND('',#1742,.T.) ;
#1771=FACE_OUTER_BOUND('',#1766,.T.) ;
#1795=FACE_OUTER_BOUND('',#1790,.T.) ;
#1812=FACE_OUTER_BOUND('',#1807,.T.) ;
#1876=FACE_OUTER_BOUND('',#1868,.T.) ;
#2034=FACE_OUTER_BOUND('',#2023,.T.) ;
#2058=FACE_OUTER_BOUND('',#2053,.T.) ;
#2089=FACE_OUTER_BOUND('',#2084,.T.) ;
#2113=FACE_OUTER_BOUND('',#2108,.T.) ;
#2137=FACE_OUTER_BOUND('',#2132,.T.) ;
#2159=FACE_OUTER_BOUND('',#2154,.T.) ;
#2176=FACE_OUTER_BOUND('',#2171,.T.) ;
#2200=FACE_OUTER_BOUND('',#2193,.T.) ;
#2217=FACE_OUTER_BOUND('',#2212,.T.) ;
#2234=FACE_OUTER_BOUND('',#2229,.T.) ;
#2251=FACE_OUTER_BOUND('',#2246,.T.) ;
#2268=FACE_OUTER_BOUND('',#2263,.T.) ;
#2280=FACE_OUTER_BOUND('',#2275,.T.) ;
#2297=FACE_OUTER_BOUND('',#2292,.T.) ;
#2314=FACE_OUTER_BOUND('',#2309,.T.) ;
#2331=FACE_OUTER_BOUND('',#2326,.T.) ;
#2345=FACE_OUTER_BOUND('',#2338,.T.) ;
#2362=FACE_OUTER_BOUND('',#2357,.T.) ;
#2379=FACE_OUTER_BOUND('',#2374,.T.) ;
#2409=FACE_OUTER_BOUND('',#2398,.T.) ;
#2419=FACE_OUTER_BOUND('',#2411,.T.) ;
#2436=FACE_OUTER_BOUND('',#2426,.T.) ;
#45=UNCERTAINTY_MEASURE_WITH_UNIT(LENGTH_MEASURE(0.005),#41,'distance_accuracy_value','CONFUSED CURVE UNCERTAINTY') ;
#60=LINE('Line',#57,#59) ;
#88=LINE('Line',#85,#87) ;
#161=LINE('Line',#158,#160) ;
#175=LINE('Line',#172,#174) ;
#189=LINE('Line',#186,#188) ;
#216=LINE('Line',#213,#215) ;
#249=LINE('Line',#246,#248) ;
#268=LINE('Line',#265,#267) ;
#289=LINE('Line',#286,#288) ;
#303=LINE('Line',#300,#302) ;
#317=LINE('Line',#314,#316) ;
#352=LINE('Line',#349,#351) ;
#366=LINE('Line',#363,#365) ;
#380=LINE('Line',#377,#379) ;
#607=LINE('Line',#604,#606) ;
#635=LINE('Line',#632,#634) ;
#687=LINE('Line',#684,#686) ;
#715=LINE('Line',#712,#714) ;
#753=LINE('Line',#750,#752) ;
#781=LINE('Line',#778,#780) ;
#802=LINE('Line',#799,#801) ;
#809=LINE('Line',#806,#808) ;
#835=LINE('Line',#832,#834) ;
#840=LINE('Line',#837,#839) ;
#878=LINE('Line',#875,#877) ;
#883=LINE('Line',#880,#882) ;
#921=LINE('Line',#918,#920) ;
#926=LINE('Line',#923,#925) ;
#964=LINE('Line',#961,#963) ;
#969=LINE('Line',#966,#968) ;
#1007=LINE('Line',#1004,#1006) ;
#1012=LINE('Line',#1009,#1011) ;
#1050=LINE('Line',#1047,#1049) ;
#1055=LINE('Line',#1052,#1054) ;
#1093=LINE('Line',#1090,#1092) ;
#1098=LINE('Line',#1095,#1097) ;
#1136=LINE('Line',#1133,#1135) ;
#1141=LINE('Line',#1138,#1140) ;
#1179=LINE('Line',#1176,#1178) ;
#1184=LINE('Line',#1181,#1183) ;
#1222=LINE('Line',#1219,#1221) ;
#1227=LINE('Line',#1224,#1226) ;
#1265=LINE('Line',#1262,#1264) ;
#1270=LINE('Line',#1267,#1269) ;
#1294=LINE('Line',#1291,#1293) ;
#1311=LINE('Line',#1308,#1310) ;
#1318=LINE('Line',#1315,#1317) ;
#1342=LINE('Line',#1339,#1341) ;
#1366=LINE('Line',#1363,#1365) ;
#1390=LINE('Line',#1387,#1389) ;
#1407=LINE('Line',#1404,#1406) ;
#1414=LINE('Line',#1411,#1413) ;
#1448=LINE('Line',#1445,#1447) ;
#1457=LINE('Line',#1454,#1456) ;
#1462=LINE('Line',#1459,#1461) ;
#1486=LINE('Line',#1483,#1485) ;
#1505=LINE('Line',#1502,#1504) ;
#1529=LINE('Line',#1526,#1528) ;
#1546=LINE('Line',#1543,#1545) ;
#1553=LINE('Line',#1550,#1552) ;
#1577=LINE('Line',#1574,#1576) ;
#1596=LINE('Line',#1593,#1595) ;
#1630=LINE('Line',#1627,#1629) ;
#1639=LINE('Line',#1636,#1638) ;
#1644=LINE('Line',#1641,#1643) ;
#1668=LINE('Line',#1665,#1667) ;
#1692=LINE('Line',#1689,#1691) ;
#1716=LINE('Line',#1713,#1715) ;
#1733=LINE('Line',#1730,#1732) ;
#1740=LINE('Line',#1737,#1739) ;
#1764=LINE('Line',#1761,#1763) ;
#1788=LINE('Line',#1785,#1787) ;
#1831=LINE('Line',#1828,#1830) ;
#1845=LINE('Line',#1842,#1844) ;
#1852=LINE('Line',#1849,#1851) ;
#1866=LINE('Line',#1863,#1865) ;
#1972=LINE('Line',#1969,#1971) ;
#1986=LINE('Line',#1983,#1985) ;
#1993=LINE('Line',#1990,#1992) ;
#2007=LINE('Line',#2004,#2006) ;
#2044=LINE('Line',#2041,#2043) ;
#2068=LINE('Line',#2065,#2067) ;
#2075=LINE('Line',#2072,#2074) ;
#2099=LINE('Line',#2096,#2098) ;
#2106=LINE('Line',#2103,#2105) ;
#2123=LINE('Line',#2120,#2122) ;
#2147=LINE('Line',#2144,#2146) ;
#2152=LINE('Line',#2149,#2151) ;
#2169=LINE('Line',#2166,#2168) ;
#2186=LINE('Line',#2183,#2185) ;
#2191=LINE('Line',#2188,#2190) ;
#2210=LINE('Line',#2207,#2209) ;
#2227=LINE('Line',#2224,#2226) ;
#2244=LINE('Line',#2241,#2243) ;
#2261=LINE('Line',#2258,#2260) ;
#2273=LINE('Line',#2270,#2272) ;
#2290=LINE('Line',#2287,#2289) ;
#2307=LINE('Line',#2304,#2306) ;
#2324=LINE('Line',#2321,#2323) ;
#2336=LINE('Line',#2333,#2335) ;
#2355=LINE('Line',#2352,#2354) ;
#2372=LINE('Line',#2369,#2371) ;
#2=MECHANICAL_CONTEXT(' ',#1,'mechanical') ;
#24=PERSONAL_ADDRESS(' ',' ',' ',' ',' ',' ',' ',' ',' ',' ',' ',' ',(#22),' ') ;
#236=PLANE('Plane',#235) ;
#798=PLANE('Plane',#797) ;
#1307=PLANE('Plane',#1306) ;
#1403=PLANE('Plane',#1402) ;
#1444=PLANE('Plane',#1443) ;
#1542=PLANE('Plane',#1541) ;
#1626=PLANE('Plane',#1625) ;
#1729=PLANE('Plane',#1728) ;
#1818=PLANE('Plane',#1817) ;
#1952=PLANE('Plane',#1951) ;
#2095=PLANE('Plane',#2094) ;
#2143=PLANE('Plane',#2142) ;
#2182=PLANE('Plane',#2181) ;
#2223=PLANE('Plane',#2222) ;
#2303=PLANE('Plane',#2302) ;
#2368=PLANE('Plane',#2367) ;
#43=PLANE_ANGLE_MEASURE_WITH_UNIT(PLANE_ANGLE_MEASURE(0.0174532925199),#42) ;
#7=PRODUCT_CATEGORY('part',$) ;
#9=PRODUCT_CATEGORY_RELATIONSHIP(' ',' ',#7,#8) ;
#6=PRODUCT_DEFINITION_FORMATION_WITH_SPECIFIED_SOURCE('',' ',#5,.NOT_KNOWN.) ;
#8=PRODUCT_RELATED_PRODUCT_CATEGORY('detail',$,(#5)) ;
#50=SHAPE_DEFINITION_REPRESENTATION(#40,#49) ;
#62=VERTEX_POINT('',#61) ;
#64=VERTEX_POINT('',#63) ;
#73=VERTEX_POINT('',#72) ;
#83=VERTEX_POINT('',#82) ;
#90=VERTEX_POINT('',#89) ;
#121=VERTEX_POINT('',#120) ;
#163=VERTEX_POINT('',#162) ;
#170=VERTEX_POINT('',#169) ;
#177=VERTEX_POINT('',#176) ;
#184=VERTEX_POINT('',#183) ;
#211=VERTEX_POINT('',#210) ;
#218=VERTEX_POINT('',#217) ;
#242=VERTEX_POINT('',#241) ;
#244=VERTEX_POINT('',#243) ;
#256=VERTEX_POINT('',#255) ;
#263=VERTEX_POINT('',#262) ;
#270=VERTEX_POINT('',#269) ;
#277=VERTEX_POINT('',#276) ;
#284=VERTEX_POINT('',#283) ;
#291=VERTEX_POINT('',#290) ;
#298=VERTEX_POINT('',#297) ;
#305=VERTEX_POINT('',#304) ;
#312=VERTEX_POINT('',#311) ;
#319=VERTEX_POINT('',#318) ;
#326=VERTEX_POINT('',#325) ;
#333=VERTEX_POINT('',#332) ;
#340=VERTEX_POINT('',#339) ;
#347=VERTEX_POINT('',#346) ;
#354=VERTEX_POINT('',#353) ;
#361=VERTEX_POINT('',#360) ;
#368=VERTEX_POINT('',#367) ;
#375=VERTEX_POINT('',#374) ;
#382=VERTEX_POINT('',#381) ;
#420=VERTEX_POINT('',#419) ;
#422=VERTEX_POINT('',#421) ;
#438=VERTEX_POINT('',#437) ;
#440=VERTEX_POINT('',#439) ;
#456=VERTEX_POINT('',#455) ;
#458=VERTEX_POINT('',#457) ;
#474=VERTEX_POINT('',#473) ;
#476=VERTEX_POINT('',#475) ;
#492=VERTEX_POINT('',#491) ;
#494=VERTEX_POINT('',#493) ;
#510=VERTEX_POINT('',#509) ;
#512=VERTEX_POINT('',#511) ;
#528=VERTEX_POINT('',#527) ;
#530=VERTEX_POINT('',#529) ;
#546=VERTEX_POINT('',#545) ;
#548=VERTEX_POINT('',#547) ;
#564=VERTEX_POINT('',#563) ;
#566=VERTEX_POINT('',#565) ;
#582=VERTEX_POINT('',#581) ;
#584=VERTEX_POINT('',#583) ;
#600=VERTEX_POINT('',#599) ;
#602=VERTEX_POINT('',#601) ;
#609=VERTEX_POINT('',#608) ;
#616=VERTEX_POINT('',#615) ;
#623=VERTEX_POINT('',#622) ;
#630=VERTEX_POINT('',#629) ;
#637=VERTEX_POINT('',#636) ;
#644=VERTEX_POINT('',#643) ;
#666=VERTEX_POINT('',#665) ;
#668=VERTEX_POINT('',#667) ;
#675=VERTEX_POINT('',#674) ;
#682=VERTEX_POINT('',#681) ;
#689=VERTEX_POINT('',#688) ;
#696=VERTEX_POINT('',#695) ;
#703=VERTEX_POINT('',#702) ;
#710=VERTEX_POINT('',#709) ;
#732=VERTEX_POINT('',#731) ;
#734=VERTEX_POINT('',#733) ;
#741=VERTEX_POINT('',#740) ;
#748=VERTEX_POINT('',#747) ;
#755=VERTEX_POINT('',#754) ;
#762=VERTEX_POINT('',#761) ;
#769=VERTEX_POINT('',#768) ;
#776=VERTEX_POINT('',#775) ;
#804=VERTEX_POINT('',#803) ;
#828=VERTEX_POINT('',#827) ;
#830=VERTEX_POINT('',#829) ;
#871=VERTEX_POINT('',#870) ;
#873=VERTEX_POINT('',#872) ;
#914=VERTEX_POINT('',#913) ;
#916=VERTEX_POINT('',#915) ;
#957=VERTEX_POINT('',#956) ;
#959=VERTEX_POINT('',#958) ;
#1000=VERTEX_POINT('',#999) ;
#1002=VERTEX_POINT('',#1001) ;
#1043=VERTEX_POINT('',#1042) ;
#1045=VERTEX_POINT('',#1044) ;
#1086=VERTEX_POINT('',#1085) ;
#1088=VERTEX_POINT('',#1087) ;
#1129=VERTEX_POINT('',#1128) ;
#1131=VERTEX_POINT('',#1130) ;
#1172=VERTEX_POINT('',#1171) ;
#1174=VERTEX_POINT('',#1173) ;
#1215=VERTEX_POINT('',#1214) ;
#1217=VERTEX_POINT('',#1216) ;
#1258=VERTEX_POINT('',#1257) ;
#1260=VERTEX_POINT('',#1259) ;
#1289=VERTEX_POINT('',#1288) ;
#1313=VERTEX_POINT('',#1312) ;
#1337=VERTEX_POINT('',#1336) ;
#1361=VERTEX_POINT('',#1360) ;
#1385=VERTEX_POINT('',#1384) ;
#1409=VERTEX_POINT('',#1408) ;
#1450=VERTEX_POINT('',#1449) ;
#1452=VERTEX_POINT('',#1451) ;
#1481=VERTEX_POINT('',#1480) ;
#1500=VERTEX_POINT('',#1499) ;
#1524=VERTEX_POINT('',#1523) ;
#1548=VERTEX_POINT('',#1547) ;
#1572=VERTEX_POINT('',#1571) ;
#1591=VERTEX_POINT('',#1590) ;
#1632=VERTEX_POINT('',#1631) ;
#1634=VERTEX_POINT('',#1633) ;
#1663=VERTEX_POINT('',#1662) ;
#1687=VERTEX_POINT('',#1686) ;
#1711=VERTEX_POINT('',#1710) ;
#1735=VERTEX_POINT('',#1734) ;
#1759=VERTEX_POINT('',#1758) ;
#1783=VERTEX_POINT('',#1782) ;
#1824=VERTEX_POINT('',#1823) ;
#1826=VERTEX_POINT('',#1825) ;
#1833=VERTEX_POINT('',#1832) ;
#1840=VERTEX_POINT('',#1839) ;
#1847=VERTEX_POINT('',#1846) ;
#1854=VERTEX_POINT('',#1853) ;
#1861=VERTEX_POINT('',#1860) ;
#1958=VERTEX_POINT('',#1957) ;
#1960=VERTEX_POINT('',#1959) ;
#1967=VERTEX_POINT('',#1966) ;
#1974=VERTEX_POINT('',#1973) ;
#1981=VERTEX_POINT('',#1980) ;
#1988=VERTEX_POINT('',#1987) ;
#1995=VERTEX_POINT('',#1994) ;
#2002=VERTEX_POINT('',#2001) ;
#2009=VERTEX_POINT('',#2008) ;
#2016=VERTEX_POINT('',#2015) ;
#2046=VERTEX_POINT('',#2045) ;
#2070=VERTEX_POINT('',#2069) ;
#2077=VERTEX_POINT('',#2076) ;
#2101=VERTEX_POINT('',#2100) ;
#2125=VERTEX_POINT('',#2124) ;
#2386=VERTEX_POINT('',#2385) ;
#41=(LENGTH_UNIT()NAMED_UNIT(*)SI_UNIT(.MILLI.,.METRE.)) ;
#42=(NAMED_UNIT(*)PLANE_ANGLE_UNIT()SI_UNIT($,.RADIAN.)) ;
#44=(NAMED_UNIT(*)SI_UNIT($,.STERADIAN.)SOLID_ANGLE_UNIT()) ;
#46=(GEOMETRIC_REPRESENTATION_CONTEXT(3)GLOBAL_UNCERTAINTY_ASSIGNED_CONTEXT((#45))GLOBAL_UNIT_ASSIGNED_CONTEXT((#41,#42,#44))REPRESENTATION_CONTEXT(' ',' ')) ;
ENDSEC;
END-ISO-10303-21;
