ISO-10303-21;
HEADER;
FILE_DESCRIPTION(('CATIA V5 STEP Exchange'),'2;1');

FILE_NAME('C:\\Users\\alexi\\Documents\\scolaire\\IPSA\\AeroIpsa\\SP-02\\CATIA\\new_catia\\SP02_ALPHA\\SP02_ALPHA_AF\\STEP\\SP02_ALPHA_AF_BLOC_SUPPORT_SERVO.stp','2026-02-03T09:23:30+00:00',('none'),('none'),'CATIA Version 5 Release 19 GA (IN-10)','CATIA V5 STEP AP203','none');

FILE_SCHEMA(('CONFIG_CONTROL_DESIGN'));

ENDSEC;
/* file written by CATIA V5R19 */
DATA;
#5=PRODUCT('SP02_ALPHA_AF_BLOC_SUPPORT_SERVO','','',(#2)) ;
#1=APPLICATION_CONTEXT('configuration controlled 3D design of mechanical parts and assemblies') ;
#14=PRODUCT_DEFINITION('',' ',#6,#3) ;
#16=SECURITY_CLASSIFICATION(' ',' ',#15) ;
#15=SECURITY_CLASSIFICATION_LEVEL('unclassified') ;
#47=CARTESIAN_POINT(' ',(0.,0.,0.)) ;
#52=CARTESIAN_POINT('Axis2P3D Location',(5.23500000028,-2.,-25.6540659229)) ;
#57=CARTESIAN_POINT('Axis2P3D Location',(-12.35,-2.,-25.6540659229)) ;
#61=CARTESIAN_POINT('Vertex',(-12.35,-2.74278135271,-23.7971125411)) ;
#63=CARTESIAN_POINT('Vertex',(-12.35,0.,-25.6540659229)) ;
#66=CARTESIAN_POINT('Line Origine',(5.23500000028,-2.74278135271,-23.7971125411)) ;
#70=CARTESIAN_POINT('Vertex',(-14.85,-2.74278135271,-23.7971125411)) ;
#73=CARTESIAN_POINT('Axis2P3D Location',(-14.85,-2.,-25.6540659229)) ;
#77=CARTESIAN_POINT('Vertex',(-14.85,0.,-25.6540659229)) ;
#80=CARTESIAN_POINT('Line Origine',(5.23500000028,-3.5527136788E-015,-25.6540659229)) ;
#92=CARTESIAN_POINT('Axis2P3D Location',(0.,0.,0.)) ;
#97=CARTESIAN_POINT('Line Origine',(-12.35,0.,-28.1770329614)) ;
#101=CARTESIAN_POINT('Vertex',(-12.35,0.,-30.7)) ;
#104=CARTESIAN_POINT('Line Origine',(-14.85,0.,-28.1770329614)) ;
#108=CARTESIAN_POINT('Vertex',(-14.85,-3.99680288865E-015,-30.7)) ;
#111=CARTESIAN_POINT('Line Origine',(-13.6,0.,-30.7)) ;
#123=CARTESIAN_POINT('Axis2P3D Location',(-14.85,0.,-20.7045284902)) ;
#128=CARTESIAN_POINT('Line Origine',(-14.85,-28.7256207299,-21.5541146702)) ;
#132=CARTESIAN_POINT('Vertex',(-14.8499999551,-27.4512425215,-20.7045288996)) ;
#134=CARTESIAN_POINT('Vertex',(-14.85,-30.,-22.4037008503)) ;
#137=CARTESIAN_POINT('Line Origine',(-14.85,-11.7256207299,-20.7045284902)) ;
#141=CARTESIAN_POINT('Vertex',(-14.85,4.,-20.7045284902)) ;
#144=CARTESIAN_POINT('Line Origine',(-14.85,4.,-28.2022642451)) ;
#148=CARTESIAN_POINT('Vertex',(-14.85,4.,-35.7)) ;
#151=CARTESIAN_POINT('Line Origine',(-14.85,-13.,-35.7)) ;
#155=CARTESIAN_POINT('Vertex',(-14.85,-30.,-35.7)) ;
#158=CARTESIAN_POINT('Line Origine',(-14.85,-30.,-29.0518504252)) ;
#170=CARTESIAN_POINT('Line Origine',(-14.85,-11.4607948127,-27.2843179251)) ;
#174=CARTESIAN_POINT('Vertex',(-14.85,-20.1788082728,-30.7715233091)) ;
#177=CARTESIAN_POINT('Axis2P3D Location',(-14.85,-19.8074175964,-31.7)) ;
#181=CARTESIAN_POINT('Vertex',(-14.85,-19.8074175964,-32.7)) ;
#184=CARTESIAN_POINT('Line Origine',(-14.85,-10.9037087982,-32.7)) ;
#188=CARTESIAN_POINT('Vertex',(-14.85,-2.,-32.7)) ;
#191=CARTESIAN_POINT('Axis2P3D Location',(-14.85,-2.,-30.7)) ;
#205=CARTESIAN_POINT('Axis2P3D Location',(5.23500000028,-2.,-30.7)) ;
#210=CARTESIAN_POINT('Axis2P3D Location',(-12.35,-2.,-30.7)) ;
#214=CARTESIAN_POINT('Vertex',(-12.35,-2.,-32.7)) ;
#217=CARTESIAN_POINT('Line Origine',(5.23500000028,-2.,-32.7)) ;
#229=CARTESIAN_POINT('Axis2P3D Location',(-18.85,2.,-20.7045284902)) ;
#235=CARTESIAN_POINT('Control Point',(-14.85,-27.4512425215,-20.7045284902)) ;
#236=CARTESIAN_POINT('Control Point',(-14.85,-26.2004055926,-20.1486005336)) ;
#237=CARTESIAN_POINT('Control Point',(-14.953974412,-24.9502700735,-19.5929777725)) ;
#238=CARTESIAN_POINT('Control Point',(-15.1570988916,-23.7115631195,-19.0424492278)) ;
#239=CARTESIAN_POINT('Control Point',(-15.5035714286,-22.5210114885,-18.5133151696)) ;
#240=CARTESIAN_POINT('Vertex',(-15.5035714325,-22.5210114909,-18.5133151742)) ;
#243=CARTESIAN_POINT('Line Origine',(-15.5035714286,-13.,-18.5133151696)) ;
#247=CARTESIAN_POINT('Vertex',(-15.5035714286,-2.,-18.5133151696)) ;
#251=CARTESIAN_POINT('Control Point',(-16.1571428571,-1.03878866231,-17.7467387059)) ;
#252=CARTESIAN_POINT('Control Point',(-15.8902519463,-1.34878843517,-17.9897238901)) ;
#253=CARTESIAN_POINT('Control Point',(-15.6814933054,-1.67520847905,-18.2415922632)) ;
#254=CARTESIAN_POINT('Control Point',(-15.5035714286,-2.,-18.5133151696)) ;
#255=CARTESIAN_POINT('Vertex',(-16.1571428571,-1.03878866231,-17.7467387059)) ;
#258=CARTESIAN_POINT('Line Origine',(-16.1571428571,-13.,-17.7467387059)) ;
#262=CARTESIAN_POINT('Vertex',(-16.1571428571,4.,-17.7467387059)) ;
#265=CARTESIAN_POINT('Axis2P3D Location',(-18.85,4.,-20.7045284902)) ;
#279=CARTESIAN_POINT('Axis2P3D Location',(-12.1571428571,-2.,-16.322101849)) ;
#285=CARTESIAN_POINT('Control Point',(-17.5951411256,-0.0805849709371,-16.322101849)) ;
#286=CARTESIAN_POINT('Control Point',(-17.2009030195,-0.196017274499,-16.7470884824)) ;
#287=CARTESIAN_POINT('Control Point',(-16.8217558233,-0.415600618477,-17.1285295565)) ;
#288=CARTESIAN_POINT('Control Point',(-16.4652694453,-0.680893740683,-17.466209309)) ;
#289=CARTESIAN_POINT('Control Point',(-16.157142748,-1.03878859916,-17.7467387099)) ;
#290=CARTESIAN_POINT('Vertex',(-17.5951411256,-0.0805849709371,-16.322101849)) ;
#293=CARTESIAN_POINT('Axis2P3D Location',(-12.1571428571,-2.,-16.322101849)) ;
#297=CARTESIAN_POINT('Vertex',(-16.1571428571,-2.,-16.322101849)) ;
#300=CARTESIAN_POINT('Axis2P3D Location',(-18.1571428571,-2.,-16.322101849)) ;
#312=CARTESIAN_POINT('Axis2P3D Location',(-18.1571428571,-2.,2.74334241521)) ;
#318=CARTESIAN_POINT('Control Point',(-16.1571428571,-2.,-14.0003900427)) ;
#319=CARTESIAN_POINT('Control Point',(-16.1571428571,-1.73304571274,-14.0003900427)) ;
#320=CARTESIAN_POINT('Control Point',(-16.2016832268,-1.46609151543,-14.070831902)) ;
#321=CARTESIAN_POINT('Control Point',(-16.2904590443,-1.21267951894,-14.2096628836)) ;
#322=CARTESIAN_POINT('Control Point',(-16.4952233693,-0.828731812019,-14.4830271703)) ;
#323=CARTESIAN_POINT('Control Point',(-16.8212728013,-0.495684393397,-14.7706259362)) ;
#324=CARTESIAN_POINT('Control Point',(-16.9636122241,-0.377999493263,-14.8752022981)) ;
#325=CARTESIAN_POINT('Control Point',(-17.2589797595,-0.188496377867,-15.0388870907)) ;
#326=CARTESIAN_POINT('Control Point',(-17.627732465,-0.0597678630776,-15.1112293355)) ;
#327=CARTESIAN_POINT('Control Point',(-17.8034263962,-0.0189836908213,-15.1175383452)) ;
#328=CARTESIAN_POINT('Control Point',(-17.9828617471,-6.91079318161E-017,-15.088875618)) ;
#329=CARTESIAN_POINT('Control Point',(-18.1571428571,0.,-15.0309089007)) ;
#330=CARTESIAN_POINT('Vertex',(-18.1571428571,0.,-15.0309089007)) ;
#332=CARTESIAN_POINT('Vertex',(-16.1571428571,-2.,-14.0003900427)) ;
#335=CARTESIAN_POINT('Line Origine',(-18.1571428571,0.,2.74334241521)) ;
#339=CARTESIAN_POINT('Vertex',(-18.1571428571,0.,-15.6945265384)) ;
#343=CARTESIAN_POINT('Control Point',(-18.1571428571,0.,-15.6945265384)) ;
#344=CARTESIAN_POINT('Control Point',(-17.9723663921,-2.02962646689E-016,-15.9082961392)) ;
#345=CARTESIAN_POINT('Control Point',(-17.7836060273,-0.0254027412187,-16.1189376626)) ;
#346=CARTESIAN_POINT('Control Point',(-17.5951411256,-0.0805849709371,-16.322101849)) ;
#348=CARTESIAN_POINT('Line Origine',(-16.1571428571,-2.,2.74334241521)) ;
#361=CARTESIAN_POINT('Axis2P3D Location',(-16.1571428571,0.,-16.322101849)) ;
#366=CARTESIAN_POINT('Line Origine',(-16.1571428571,-19.1363188293,-15.1612467365)) ;
#370=CARTESIAN_POINT('Vertex',(-16.1571428571,-17.395034311,-14.0003900427)) ;
#372=CARTESIAN_POINT('Vertex',(-16.1571428571,-20.877601498,-16.322101849)) ;
#375=CARTESIAN_POINT('Line Origine',(-16.1571428571,-9.6975171555,-14.0003900427)) ;
#380=CARTESIAN_POINT('Line Origine',(-16.1571428571,-11.438800749,-16.322101849)) ;
#392=CARTESIAN_POINT('Axis2P3D Location',(-11.35,-15.,-34.2)) ;
#397=CARTESIAN_POINT('Line Origine',(-11.35,-15.,-35.2)) ;
#401=CARTESIAN_POINT('Vertex',(-11.35,-30.,-35.2)) ;
#403=CARTESIAN_POINT('Vertex',(-11.35,4.,-35.2)) ;
#406=CARTESIAN_POINT('Axis2P3D Location',(-11.35,4.,-34.2)) ;
#410=CARTESIAN_POINT('Vertex',(-12.35,4.,-34.2)) ;
#413=CARTESIAN_POINT('Line Origine',(-12.35,-15.,-34.2)) ;
#417=CARTESIAN_POINT('Vertex',(-12.35,-30.,-34.2)) ;
#420=CARTESIAN_POINT('Axis2P3D Location',(-11.35,-30.,-34.2)) ;
#432=CARTESIAN_POINT('Axis2P3D Location',(11.35,0.,-35.2)) ;
#437=CARTESIAN_POINT('Line Origine',(11.35,-13.,-35.2)) ;
#441=CARTESIAN_POINT('Vertex',(11.35,-30.,-35.2)) ;
#443=CARTESIAN_POINT('Vertex',(11.35,4.,-35.2)) ;
#446=CARTESIAN_POINT('Line Origine',(-5.3290705182E-015,4.,-35.2)) ;
#451=CARTESIAN_POINT('Line Origine',(-3.5527136788E-015,-30.,-35.2)) ;
#462=CARTESIAN_POINT('Line Origine',(1.7763568394E-015,-25.,-35.2)) ;
#466=CARTESIAN_POINT('Vertex',(-6.,-25.,-35.2)) ;
#468=CARTESIAN_POINT('Vertex',(6.,-25.,-35.2)) ;
#471=CARTESIAN_POINT('Axis2P3D Location',(-6.,-21.,-35.2)) ;
#475=CARTESIAN_POINT('Vertex',(-10.,-21.,-35.2)) ;
#478=CARTESIAN_POINT('Line Origine',(-10.,-12.5,-35.2)) ;
#482=CARTESIAN_POINT('Vertex',(-10.,-4.,-35.2)) ;
#485=CARTESIAN_POINT('Axis2P3D Location',(-6.,-4.,-35.2)) ;
#489=CARTESIAN_POINT('Vertex',(-6.,1.7763568394E-015,-35.2)) ;
#492=CARTESIAN_POINT('Line Origine',(8.881784197E-016,0.,-35.2)) ;
#496=CARTESIAN_POINT('Vertex',(6.,0.,-35.2)) ;
#499=CARTESIAN_POINT('Axis2P3D Location',(6.,-4.,-35.2)) ;
#503=CARTESIAN_POINT('Vertex',(10.,-4.,-35.2)) ;
#506=CARTESIAN_POINT('Line Origine',(10.,-12.5,-35.2)) ;
#510=CARTESIAN_POINT('Vertex',(10.,-21.,-35.2)) ;
#513=CARTESIAN_POINT('Axis2P3D Location',(6.,-21.,-35.2)) ;
#529=CARTESIAN_POINT('Axis2P3D Location',(11.35,-15.,-34.2)) ;
#534=CARTESIAN_POINT('Line Origine',(12.35,-15.,-34.2)) ;
#538=CARTESIAN_POINT('Vertex',(12.35,-30.,-34.2)) ;
#540=CARTESIAN_POINT('Vertex',(12.35,4.,-34.2)) ;
#543=CARTESIAN_POINT('Axis2P3D Location',(11.35,4.,-34.2)) ;
#548=CARTESIAN_POINT('Axis2P3D Location',(11.35,-30.,-34.2)) ;
#560=CARTESIAN_POINT('Axis2P3D Location',(6.,-21.,-6.18999999942)) ;
#565=CARTESIAN_POINT('Line Origine',(10.,-21.,-6.18999999942)) ;
#569=CARTESIAN_POINT('Vertex',(10.,-21.,-37.7)) ;
#572=CARTESIAN_POINT('Axis2P3D Location',(6.,-21.,-37.7)) ;
#576=CARTESIAN_POINT('Vertex',(6.,-25.,-37.7)) ;
#579=CARTESIAN_POINT('Line Origine',(6.,-25.,-6.18999999942)) ;
#591=CARTESIAN_POINT('Axis2P3D Location',(10.,-4.,-37.7)) ;
#596=CARTESIAN_POINT('Line Origine',(10.,-4.,-36.45)) ;
#600=CARTESIAN_POINT('Vertex',(10.,-4.,-37.7)) ;
#603=CARTESIAN_POINT('Line Origine',(10.,-12.5,-37.7)) ;
#615=CARTESIAN_POINT('Axis2P3D Location',(6.,-4.,-6.18999999942)) ;
#620=CARTESIAN_POINT('Line Origine',(6.,4.4408920985E-016,-6.18999999942)) ;
#624=CARTESIAN_POINT('Vertex',(6.,4.4408920985E-016,-37.7)) ;
#627=CARTESIAN_POINT('Axis2P3D Location',(6.,-4.,-37.7)) ;
#639=CARTESIAN_POINT('Axis2P3D Location',(-6.,-4.,-6.18999999942)) ;
#644=CARTESIAN_POINT('Line Origine',(-10.,-4.,-6.18999999942)) ;
#648=CARTESIAN_POINT('Vertex',(-10.,-4.,-37.7)) ;
#651=CARTESIAN_POINT('Axis2P3D Location',(-6.,-4.,-37.7)) ;
#655=CARTESIAN_POINT('Vertex',(-6.,0.,-37.7)) ;
#658=CARTESIAN_POINT('Line Origine',(-6.,1.7763568394E-015,-6.18999999942)) ;
#670=CARTESIAN_POINT('Axis2P3D Location',(-10.,-21.,-37.7)) ;
#675=CARTESIAN_POINT('Line Origine',(-10.,-21.,-36.45)) ;
#679=CARTESIAN_POINT('Vertex',(-10.,-21.,-37.7)) ;
#682=CARTESIAN_POINT('Line Origine',(-10.,-12.5,-37.7)) ;
#694=CARTESIAN_POINT('Axis2P3D Location',(-6.,-21.,-6.18999999942)) ;
#699=CARTESIAN_POINT('Line Origine',(-6.,-25.,-6.18999999942)) ;
#703=CARTESIAN_POINT('Vertex',(-6.,-25.,-37.7)) ;
#706=CARTESIAN_POINT('Axis2P3D Location',(-6.,-21.,-37.7)) ;
#718=CARTESIAN_POINT('Axis2P3D Location',(12.35,0.,10.1723890999)) ;
#723=CARTESIAN_POINT('Line Origine',(12.35,-29.1004340049,-20.1797993286)) ;
#727=CARTESIAN_POINT('Vertex',(12.35,-30.,-20.779509992)) ;
#729=CARTESIAN_POINT('Vertex',(12.35,-28.2008680098,-19.5800886652)) ;
#733=CARTESIAN_POINT('Control Point',(12.35,-24.4089938746,-17.4745056939)) ;
#734=CARTESIAN_POINT('Control Point',(12.35,-24.7336948301,-17.5956855504)) ;
#735=CARTESIAN_POINT('Control Point',(12.35,-25.0488548468,-17.7345791547)) ;
#736=CARTESIAN_POINT('Control Point',(12.35,-25.3573844193,-17.8839686401)) ;
#737=CARTESIAN_POINT('Control Point',(12.35,-26.1316923309,-18.2862031196)) ;
#738=CARTESIAN_POINT('Control Point',(12.35,-26.8766144099,-18.7280382935)) ;
#739=CARTESIAN_POINT('Control Point',(12.35,-27.3227517802,-19.0050448432)) ;
#740=CARTESIAN_POINT('Control Point',(12.35,-27.7640116235,-19.2889215691)) ;
#741=CARTESIAN_POINT('Control Point',(12.35,-28.2008239938,-19.5800824028)) ;
#742=CARTESIAN_POINT('Vertex',(12.3499979097,-24.4090046097,-17.4744312514)) ;
#745=CARTESIAN_POINT('Line Origine',(12.35,-20.5796649914,-14.9216270861)) ;
#749=CARTESIAN_POINT('Vertex',(12.35,-16.7503388716,-12.3687430062)) ;
#753=CARTESIAN_POINT('Control Point',(12.35,-7.14795973445,-5.96715528828)) ;
#754=CARTESIAN_POINT('Control Point',(12.35,-7.19424603338,-5.97662999504)) ;
#755=CARTESIAN_POINT('Control Point',(12.35,-7.24023174262,-5.98685647284)) ;
#756=CARTESIAN_POINT('Control Point',(12.35,-7.28592402134,-5.99777323769)) ;
#757=CARTESIAN_POINT('Control Point',(12.35,-7.59265866361,-6.07583209935)) ;
#758=CARTESIAN_POINT('Control Point',(12.35,-7.88666940678,-6.18095904482)) ;
#759=CARTESIAN_POINT('Control Point',(12.35,-8.13009256811,-6.28201796529)) ;
#760=CARTESIAN_POINT('Control Point',(12.35,-8.71071337255,-6.55012306499)) ;
#761=CARTESIAN_POINT('Control Point',(12.35,-9.2603152194,-6.85504994141)) ;
#762=CARTESIAN_POINT('Control Point',(12.35,-9.57915209545,-7.04253510216)) ;
#763=CARTESIAN_POINT('Control Point',(12.35,-10.4281582983,-7.56224523737)) ;
#764=CARTESIAN_POINT('Control Point',(12.35,-11.2503316875,-8.1027773859)) ;
#765=CARTESIAN_POINT('Control Point',(12.35,-11.7639862177,-8.44355937425)) ;
#766=CARTESIAN_POINT('Control Point',(12.35,-12.6207949717,-9.01319845659)) ;
#767=CARTESIAN_POINT('Control Point',(12.35,-13.477073833,-9.59155286676)) ;
#768=CARTESIAN_POINT('Control Point',(12.35,-13.8196779205,-9.82530215764)) ;
#769=CARTESIAN_POINT('Control Point',(12.35,-14.3903003978,-10.2218125959)) ;
#770=CARTESIAN_POINT('Control Point',(12.35,-14.9550131842,-10.6392586567)) ;
#771=CARTESIAN_POINT('Control Point',(12.35,-15.179790575,-10.8109547651)) ;
#772=CARTESIAN_POINT('Control Point',(12.35,-15.6548857563,-11.1900187722)) ;
#773=CARTESIAN_POINT('Control Point',(12.35,-16.1092497504,-11.604721557)) ;
#774=CARTESIAN_POINT('Control Point',(12.35,-16.3417312574,-11.8387418023)) ;
#775=CARTESIAN_POINT('Control Point',(12.35,-16.5618037542,-12.0911870245)) ;
#776=CARTESIAN_POINT('Control Point',(12.35,-16.7503383756,-12.3687434804)) ;
#777=CARTESIAN_POINT('Vertex',(12.35,-7.14795973445,-5.96715528828)) ;
#780=CARTESIAN_POINT('Line Origine',(12.35,-3.74193057865,-3.69647081092)) ;
#784=CARTESIAN_POINT('Vertex',(12.35,-0.335899411324,-1.42578336604)) ;
#787=CARTESIAN_POINT('Axis2P3D Location',(12.35,-2.,1.07036751698)) ;
#791=CARTESIAN_POINT('Vertex',(12.35,1.,1.07036751698)) ;
#794=CARTESIAN_POINT('Line Origine',(12.35,1.,5.62137830844)) ;
#798=CARTESIAN_POINT('Vertex',(12.35,1.,10.1723890999)) ;
#801=CARTESIAN_POINT('Line Origine',(12.35,2.5,10.1723890999)) ;
#805=CARTESIAN_POINT('Vertex',(12.35,4.,10.1723890999)) ;
#808=CARTESIAN_POINT('Line Origine',(12.35,4.,-12.01380545)) ;
#813=CARTESIAN_POINT('Line Origine',(12.35,-30.,-27.489754996)) ;
#831=CARTESIAN_POINT('Line Origine',(12.35,-11.4607948127,-27.2843179251)) ;
#835=CARTESIAN_POINT('Vertex',(12.35,-20.1788082728,-30.7715233091)) ;
#837=CARTESIAN_POINT('Vertex',(12.35,-2.74278135271,-23.7971125411)) ;
#840=CARTESIAN_POINT('Axis2P3D Location',(12.35,-19.8074175964,-31.7)) ;
#844=CARTESIAN_POINT('Vertex',(12.35,-19.8074175964,-32.7)) ;
#847=CARTESIAN_POINT('Line Origine',(12.35,-10.9037087982,-32.7)) ;
#851=CARTESIAN_POINT('Vertex',(12.35,-2.,-32.7)) ;
#854=CARTESIAN_POINT('Axis2P3D Location',(12.35,-2.,-30.7)) ;
#858=CARTESIAN_POINT('Vertex',(12.35,0.,-30.7)) ;
#861=CARTESIAN_POINT('Line Origine',(12.35,0.,-28.1770329614)) ;
#865=CARTESIAN_POINT('Vertex',(12.35,0.,-25.6540659229)) ;
#868=CARTESIAN_POINT('Axis2P3D Location',(12.35,-2.,-25.6540659229)) ;
#882=CARTESIAN_POINT('Axis2P3D Location',(-12.85,0.,-37.7)) ;
#887=CARTESIAN_POINT('Line Origine',(-12.85,-13.,-37.7)) ;
#891=CARTESIAN_POINT('Vertex',(-12.85,-30.,-37.7)) ;
#893=CARTESIAN_POINT('Vertex',(-12.85,4.,-37.7)) ;
#896=CARTESIAN_POINT('Line Origine',(-5.3290705182E-015,4.,-37.7)) ;
#900=CARTESIAN_POINT('Vertex',(12.85,4.,-37.7)) ;
#903=CARTESIAN_POINT('Line Origine',(12.85,-13.,-37.7)) ;
#907=CARTESIAN_POINT('Vertex',(12.85,-30.,-37.7)) ;
#910=CARTESIAN_POINT('Line Origine',(1.7763568394E-015,-30.,-37.7)) ;
#921=CARTESIAN_POINT('Line Origine',(8.881784197E-016,0.,-37.7)) ;
#926=CARTESIAN_POINT('Line Origine',(1.7763568394E-015,-25.,-37.7)) ;
#942=CARTESIAN_POINT('Axis2P3D Location',(13.35,0.,31.9389053077)) ;
#948=CARTESIAN_POINT('Control Point',(12.35,1.,10.1723890999)) ;
#949=CARTESIAN_POINT('Control Point',(12.7002302012,0.649769798765,9.74718485902)) ;
#950=CARTESIAN_POINT('Control Point',(13.0348879963,0.315112003668,9.29615621547)) ;
#951=CARTESIAN_POINT('Control Point',(13.35,-1.11022302463E-016,8.81915528835)) ;
#952=CARTESIAN_POINT('Vertex',(13.35,-7.85046229342E-017,8.81915528835)) ;
#955=CARTESIAN_POINT('Line Origine',(12.85,0.5,1.07036751698)) ;
#959=CARTESIAN_POINT('Vertex',(13.35,0.,1.07036751698)) ;
#962=CARTESIAN_POINT('Line Origine',(13.35,0.,16.5046364123)) ;
#974=CARTESIAN_POINT('Axis2P3D Location',(15.35,-2.,1.07036751698)) ;
#979=CARTESIAN_POINT('Line Origine',(12.85,-0.613249509437,-1.00975821887)) ;
#983=CARTESIAN_POINT('Vertex',(13.35,-0.89059960755,-0.5937330717)) ;
#986=CARTESIAN_POINT('Axis2P3D Location',(13.35,-2.,1.07036751698)) ;
#998=CARTESIAN_POINT('Axis2P3D Location',(13.35,10.2452998038,6.83019986918)) ;
#1003=CARTESIAN_POINT('Line Origine',(12.85,-7.42531184409,-5.55113310864)) ;
#1007=CARTESIAN_POINT('Vertex',(13.3500088833,-7.70264541296,-5.13509694197)) ;
#1010=CARTESIAN_POINT('Line Origine',(13.35,-13.5547001962,-9.03646679748)) ;
#1023=CARTESIAN_POINT('Control Point',(13.3500035163,-7.70265553328,-5.13509281502)) ;
#1024=CARTESIAN_POINT('Control Point',(12.35,-7.14795973445,-5.96715528828)) ;
#1025=CARTESIAN_POINT('Control Point',(13.3500019044,-7.74238443862,-5.16158381994)) ;
#1026=CARTESIAN_POINT('Control Point',(12.35,-7.19424603338,-5.97662999504)) ;
#1027=CARTESIAN_POINT('Control Point',(13.3499017337,-7.78182705745,-5.1881680743)) ;
#1028=CARTESIAN_POINT('Control Point',(12.35,-7.24023174262,-5.98685647284)) ;
#1029=CARTESIAN_POINT('Control Point',(13.3497094116,-7.82100080666,-5.21483329568)) ;
#1030=CARTESIAN_POINT('Control Point',(12.35,-7.28592402134,-5.99777323769)) ;
#1031=CARTESIAN_POINT('Control Point',(13.3478264299,-8.0839217736,-5.39544423018)) ;
#1032=CARTESIAN_POINT('Control Point',(12.35,-7.59265866361,-6.07583209935)) ;
#1033=CARTESIAN_POINT('Control Point',(13.3422119939,-8.33596711613,-5.57898637178)) ;
#1034=CARTESIAN_POINT('Control Point',(12.35,-7.88666940678,-6.18095904482)) ;
#1035=CARTESIAN_POINT('Control Point',(13.3357012251,-8.54612028719,-5.73627608162)) ;
#1036=CARTESIAN_POINT('Control Point',(12.35,-8.13009256811,-6.28201796529)) ;
#1037=CARTESIAN_POINT('Control Point',(13.3170377143,-9.05153335157,-6.12112972787)) ;
#1038=CARTESIAN_POINT('Control Point',(12.35,-8.71071337255,-6.55012306499)) ;
#1039=CARTESIAN_POINT('Control Point',(13.2944839192,-9.54140519923,-6.50274747484)) ;
#1040=CARTESIAN_POINT('Control Point',(12.35,-9.2603152194,-6.85504994141)) ;
#1041=CARTESIAN_POINT('Control Point',(13.2811286604,-9.830132521,-6.72691123655)) ;
#1042=CARTESIAN_POINT('Control Point',(12.35,-9.57915209545,-7.04253510216)) ;
#1043=CARTESIAN_POINT('Control Point',(13.2471387011,-10.6104384204,-7.32634078533)) ;
#1044=CARTESIAN_POINT('Control Point',(12.35,-10.4281582983,-7.56224523737)) ;
#1045=CARTESIAN_POINT('Control Point',(13.2232104853,-11.3952383594,-7.90291063769)) ;
#1046=CARTESIAN_POINT('Control Point',(12.35,-11.2503316875,-8.1027773859)) ;
#1047=CARTESIAN_POINT('Control Point',(13.2149374914,-11.8955234853,-8.25454310163)) ;
#1048=CARTESIAN_POINT('Control Point',(12.35,-11.7639862177,-8.44355937425)) ;
#1049=CARTESIAN_POINT('Control Point',(13.2137816348,-12.7434873251,-8.82257538808)) ;
#1050=CARTESIAN_POINT('Control Point',(12.35,-12.6207949717,-9.01319845659)) ;
#1051=CARTESIAN_POINT('Control Point',(13.2318586618,-13.6135170921,-9.36228871867)) ;
#1052=CARTESIAN_POINT('Control Point',(12.35,-13.477073833,-9.59155286676)) ;
#1053=CARTESIAN_POINT('Control Point',(13.2419504532,-13.9652911886,-9.57416284888)) ;
#1054=CARTESIAN_POINT('Control Point',(12.35,-13.8196779205,-9.82530215764)) ;
#1055=CARTESIAN_POINT('Control Point',(13.2626877683,-14.5578702368,-9.92196513858)) ;
#1056=CARTESIAN_POINT('Control Point',(12.35,-14.3903003978,-10.2218125959)) ;
#1057=CARTESIAN_POINT('Control Point',(13.2871820943,-15.1606953744,-10.2661398364)) ;
#1058=CARTESIAN_POINT('Control Point',(12.35,-14.9550131842,-10.6392586567)) ;
#1059=CARTESIAN_POINT('Control Point',(13.2972998754,-15.4039065084,-10.4040768993)) ;
#1060=CARTESIAN_POINT('Control Point',(12.35,-15.179790575,-10.8109547651)) ;
#1061=CARTESIAN_POINT('Control Point',(13.3187275955,-15.9268026351,-10.7003670372)) ;
#1062=CARTESIAN_POINT('Control Point',(12.35,-15.6548857563,-11.1900187722)) ;
#1063=CARTESIAN_POINT('Control Point',(13.3370254411,-16.4555713786,-11.0059766266)) ;
#1064=CARTESIAN_POINT('Control Point',(12.35,-16.1092497504,-11.604721557)) ;
#1065=CARTESIAN_POINT('Control Point',(13.3450101874,-16.7383729386,-11.1733071806)) ;
#1066=CARTESIAN_POINT('Control Point',(12.35,-16.3417312574,-11.8387418023)) ;
#1067=CARTESIAN_POINT('Control Point',(13.3500000212,-17.0229047449,-11.3486031022)) ;
#1068=CARTESIAN_POINT('Control Point',(12.35,-16.5618037542,-12.0911870245)) ;
#1069=CARTESIAN_POINT('Control Point',(13.35,-17.3050390678,-11.5366927119)) ;
#1070=CARTESIAN_POINT('Control Point',(12.35,-16.7503383756,-12.3687434804)) ;
#1072=CARTESIAN_POINT('Control Point',(13.35,-17.3050390678,-11.5366927119)) ;
#1073=CARTESIAN_POINT('Control Point',(12.35,-16.7503383756,-12.3687434804)) ;
#1074=CARTESIAN_POINT('Vertex',(13.35,-17.3050390678,-11.5366927119)) ;
#1078=CARTESIAN_POINT('Control Point',(13.3500035163,-7.70265553328,-5.13509281502)) ;
#1079=CARTESIAN_POINT('Control Point',(13.3500019044,-7.74238443862,-5.16158381994)) ;
#1080=CARTESIAN_POINT('Control Point',(13.3499017337,-7.78182705745,-5.1881680743)) ;
#1081=CARTESIAN_POINT('Control Point',(13.3497094116,-7.82100080666,-5.21483329568)) ;
#1082=CARTESIAN_POINT('Control Point',(13.3478264299,-8.0839217736,-5.39544423018)) ;
#1083=CARTESIAN_POINT('Control Point',(13.3422119939,-8.33596711613,-5.57898637178)) ;
#1084=CARTESIAN_POINT('Control Point',(13.3357012251,-8.54612028719,-5.73627608162)) ;
#1085=CARTESIAN_POINT('Control Point',(13.3170377143,-9.05153335157,-6.12112972787)) ;
#1086=CARTESIAN_POINT('Control Point',(13.2944839192,-9.54140519923,-6.50274747484)) ;
#1087=CARTESIAN_POINT('Control Point',(13.2811286604,-9.830132521,-6.72691123655)) ;
#1088=CARTESIAN_POINT('Control Point',(13.2471387011,-10.6104384204,-7.32634078533)) ;
#1089=CARTESIAN_POINT('Control Point',(13.2232104853,-11.3952383594,-7.90291063769)) ;
#1090=CARTESIAN_POINT('Control Point',(13.2149374914,-11.8955234853,-8.25454310163)) ;
#1091=CARTESIAN_POINT('Control Point',(13.2137816348,-12.7434873251,-8.82257538808)) ;
#1092=CARTESIAN_POINT('Control Point',(13.2318586618,-13.6135170921,-9.36228871867)) ;
#1093=CARTESIAN_POINT('Control Point',(13.2419504532,-13.9652911886,-9.57416284888)) ;
#1094=CARTESIAN_POINT('Control Point',(13.2626877683,-14.5578702368,-9.92196513858)) ;
#1095=CARTESIAN_POINT('Control Point',(13.2871820943,-15.1606953744,-10.2661398364)) ;
#1096=CARTESIAN_POINT('Control Point',(13.2972998754,-15.4039065084,-10.4040768993)) ;
#1097=CARTESIAN_POINT('Control Point',(13.3187275955,-15.9268026351,-10.7003670372)) ;
#1098=CARTESIAN_POINT('Control Point',(13.3370254411,-16.4555713786,-11.0059766266)) ;
#1099=CARTESIAN_POINT('Control Point',(13.3450101874,-16.7383729386,-11.1733071806)) ;
#1100=CARTESIAN_POINT('Control Point',(13.3500000212,-17.0229047449,-11.3486031022)) ;
#1101=CARTESIAN_POINT('Control Point',(13.35,-17.3050390678,-11.5366927119)) ;
#1111=CARTESIAN_POINT('Control Point',(13.35,-17.3050390678,-11.5366927119)) ;
#1112=CARTESIAN_POINT('Control Point',(12.35,-16.7503388716,-12.3687430062)) ;
#1113=CARTESIAN_POINT('Control Point',(13.35,-24.9636913074,-16.6424608716)) ;
#1114=CARTESIAN_POINT('Control Point',(12.35,-24.4089911112,-17.4745111659)) ;
#1116=CARTESIAN_POINT('Control Point',(13.35,-24.9636913074,-16.6424608716)) ;
#1117=CARTESIAN_POINT('Control Point',(12.35,-24.4089911112,-17.4745111659)) ;
#1118=CARTESIAN_POINT('Vertex',(13.3500086675,-24.9637077158,-16.6424690913)) ;
#1122=CARTESIAN_POINT('Control Point',(13.35,-17.3050390678,-11.5366927119)) ;
#1123=CARTESIAN_POINT('Control Point',(13.35,-24.9636913074,-16.6424608716)) ;
#1133=CARTESIAN_POINT('Control Point',(13.3500086675,-24.9637077158,-16.6424690913)) ;
#1134=CARTESIAN_POINT('Control Point',(13.1500081996,-24.8527572232,-16.8088826822)) ;
#1135=CARTESIAN_POINT('Control Point',(12.9500039064,-24.7418111822,-16.975289791)) ;
#1136=CARTESIAN_POINT('Control Point',(12.7500028333,-24.6308680709,-17.1417134638)) ;
#1137=CARTESIAN_POINT('Control Point',(12.5500026821,-24.5199315006,-17.3080986983)) ;
#1138=CARTESIAN_POINT('Control Point',(12.3499979097,-24.4090046097,-17.4744312514)) ;
#1139=CARTESIAN_POINT('Control Point',(13.3499726533,-25.1329014178,-16.7553042621)) ;
#1140=CARTESIAN_POINT('Control Point',(13.1499836036,-25.0261714498,-16.9134549974)) ;
#1141=CARTESIAN_POINT('Control Point',(12.9499875101,-24.9194427966,-17.071593931)) ;
#1142=CARTESIAN_POINT('Control Point',(12.7499957326,-24.8127244593,-17.2297311834)) ;
#1143=CARTESIAN_POINT('Control Point',(12.5500015618,-24.7060151135,-17.387804338)) ;
#1144=CARTESIAN_POINT('Control Point',(12.3500030782,-24.5993151856,-17.5458369255)) ;
#1145=CARTESIAN_POINT('Control Point',(13.3493127752,-25.3004877615,-16.8686797738)) ;
#1146=CARTESIAN_POINT('Control Point',(13.1494594621,-25.1976763387,-17.0195435656)) ;
#1147=CARTESIAN_POINT('Control Point',(12.9495974937,-25.0948667409,-17.1703941391)) ;
#1148=CARTESIAN_POINT('Control Point',(12.7497378335,-24.9920680436,-17.3212416182)) ;
#1149=CARTESIAN_POINT('Control Point',(12.5498731088,-24.8892783575,-17.4720176483)) ;
#1150=CARTESIAN_POINT('Control Point',(12.350003023,-24.7865021404,-17.6227297239)) ;
#1151=CARTESIAN_POINT('Control Point',(13.3481704073,-25.4667324197,-16.9823920835)) ;
#1152=CARTESIAN_POINT('Control Point',(13.1485476534,-25.3675566666,-17.1268277101)) ;
#1153=CARTESIAN_POINT('Control Point',(12.9489180186,-25.2683877196,-17.2712507362)) ;
#1154=CARTESIAN_POINT('Control Point',(12.7492854988,-25.1692225918,-17.4156722989)) ;
#1155=CARTESIAN_POINT('Control Point',(12.5496463211,-25.0700639391,-17.5600594059)) ;
#1156=CARTESIAN_POINT('Control Point',(12.3500008776,-24.9709138659,-17.7044181925)) ;
#1157=CARTESIAN_POINT('Control Point',(13.3443888853,-25.8894215786,-17.2735750091)) ;
#1158=CARTESIAN_POINT('Control Point',(13.1455283909,-25.7988592699,-17.4034589147)) ;
#1159=CARTESIAN_POINT('Control Point',(12.9466655677,-25.7083010638,-17.533343571)) ;
#1160=CARTESIAN_POINT('Control Point',(12.7477872404,-25.6177495998,-17.6632476587)) ;
#1161=CARTESIAN_POINT('Control Point',(12.5488983995,-25.5271999896,-17.7931954125)) ;
#1162=CARTESIAN_POINT('Control Point',(12.3499982,-25.4366553615,-17.9231088522)) ;
#1163=CARTESIAN_POINT('Control Point',(13.3392016554,-26.3066068272,-17.5643121568)) ;
#1164=CARTESIAN_POINT('Control Point',(13.1413912835,-26.2229814376,-17.6838496513)) ;
#1165=CARTESIAN_POINT('Control Point',(12.9435645974,-26.1393587632,-17.8033989752)) ;
#1166=CARTESIAN_POINT('Control Point',(12.745726136,-26.0557329379,-17.9229543295)) ;
#1167=CARTESIAN_POINT('Control Point',(12.5478702073,-25.9721103219,-18.042501697)) ;
#1168=CARTESIAN_POINT('Control Point',(12.3499972837,-25.888491559,-18.1620494341)) ;
#1169=CARTESIAN_POINT('Control Point',(13.3359659204,-26.559607585,-17.7407346942)) ;
#1170=CARTESIAN_POINT('Control Point',(13.1388067004,-26.4796227847,-17.8551352824)) ;
#1171=CARTESIAN_POINT('Control Point',(12.941630881,-26.3996489585,-17.9695400035)) ;
#1172=CARTESIAN_POINT('Control Point',(12.7444360523,-26.3196753748,-18.0839306296)) ;
#1173=CARTESIAN_POINT('Control Point',(12.5472270982,-26.239693571,-18.1982957469)) ;
#1174=CARTESIAN_POINT('Control Point',(12.3500018912,-26.1597232859,-18.3126638508)) ;
#1175=CARTESIAN_POINT('Control Point',(13.329364724,-27.104785079,-18.1198717506)) ;
#1176=CARTESIAN_POINT('Control Point',(13.1335399137,-27.031500796,-18.2253102391)) ;
#1177=CARTESIAN_POINT('Control Point',(12.9376929606,-26.9582187205,-18.330714743)) ;
#1178=CARTESIAN_POINT('Control Point',(12.7418274167,-26.8849461666,-18.4361064127)) ;
#1179=CARTESIAN_POINT('Control Point',(12.5459282031,-26.8117068379,-18.5415061767)) ;
#1180=CARTESIAN_POINT('Control Point',(12.3500048483,-26.7384655675,-18.6468986385)) ;
#1181=CARTESIAN_POINT('Control Point',(13.3244898702,-27.648920995,-18.4940355821)) ;
#1182=CARTESIAN_POINT('Control Point',(13.1296541094,-27.5799855077,-18.5945903251)) ;
#1183=CARTESIAN_POINT('Control Point',(12.9347734317,-27.5110504033,-18.6951358503)) ;
#1184=CARTESIAN_POINT('Control Point',(12.7398641652,-27.4421416648,-18.7956708819)) ;
#1185=CARTESIAN_POINT('Control Point',(12.5449443577,-27.3732335858,-18.8961604308)) ;
#1186=CARTESIAN_POINT('Control Point',(12.3499818205,-27.3043434633,-18.9966644671)) ;
#1187=CARTESIAN_POINT('Control Point',(13.3226679159,-27.9413841026,-18.6933484422)) ;
#1188=CARTESIAN_POINT('Control Point',(13.1282183275,-27.874142862,-18.792281151)) ;
#1189=CARTESIAN_POINT('Control Point',(12.9337667017,-27.8069262775,-18.8912243451)) ;
#1190=CARTESIAN_POINT('Control Point',(12.7392449793,-27.7396927037,-18.9901523966)) ;
#1191=CARTESIAN_POINT('Control Point',(12.5446066958,-27.6724997141,-19.0891182824)) ;
#1192=CARTESIAN_POINT('Control Point',(12.3499695934,-27.6053003162,-19.1880881563)) ;
#1193=CARTESIAN_POINT('Control Point',(13.3218554663,-28.2348613555,-18.891043745)) ;
#1194=CARTESIAN_POINT('Control Point',(13.1275560914,-28.1687036408,-18.9892241556)) ;
#1195=CARTESIAN_POINT('Control Point',(12.9332229309,-28.1025369558,-19.0874047438)) ;
#1196=CARTESIAN_POINT('Control Point',(12.7388798713,-28.0363752193,-19.1856060576)) ;
#1197=CARTESIAN_POINT('Control Point',(12.5445287371,-27.9702046126,-19.2838245197)) ;
#1198=CARTESIAN_POINT('Control Point',(12.3501263021,-27.9040517023,-19.3820565195)) ;
#1199=CARTESIAN_POINT('Control Point',(13.3217595599,-28.5293027025,-19.0873702363)) ;
#1200=CARTESIAN_POINT('Control Point',(13.1274246889,-28.4636079632,-19.1859130897)) ;
#1201=CARTESIAN_POINT('Control Point',(12.9330719886,-28.3979146138,-19.2844567465)) ;
#1202=CARTESIAN_POINT('Control Point',(12.7387109006,-28.332219352,-19.3829964689)) ;
#1203=CARTESIAN_POINT('Control Point',(12.544344523,-28.2665273717,-19.4815522938)) ;
#1204=CARTESIAN_POINT('Control Point',(12.349963376,-28.2008381801,-19.5801197036)) ;
#1206=CARTESIAN_POINT('Control Point',(13.3217595599,-28.5293027025,-19.0873702363)) ;
#1207=CARTESIAN_POINT('Control Point',(13.1274246889,-28.4636079632,-19.1859130897)) ;
#1208=CARTESIAN_POINT('Control Point',(12.9330719886,-28.3979146138,-19.2844567465)) ;
#1209=CARTESIAN_POINT('Control Point',(12.7387109006,-28.332219352,-19.3829964689)) ;
#1210=CARTESIAN_POINT('Control Point',(12.544344523,-28.2665273717,-19.4815522938)) ;
#1211=CARTESIAN_POINT('Control Point',(12.349963376,-28.2008381801,-19.5801197036)) ;
#1212=CARTESIAN_POINT('Vertex',(13.3217797887,-28.5293343387,-19.0873891717)) ;
#1216=CARTESIAN_POINT('Control Point',(13.3500086675,-24.9637077158,-16.6424690913)) ;
#1217=CARTESIAN_POINT('Control Point',(13.3499726533,-25.1329014178,-16.7553042621)) ;
#1218=CARTESIAN_POINT('Control Point',(13.3493127752,-25.3004877615,-16.8686797738)) ;
#1219=CARTESIAN_POINT('Control Point',(13.3481704073,-25.4667324197,-16.9823920835)) ;
#1220=CARTESIAN_POINT('Control Point',(13.3443888853,-25.8894215786,-17.2735750091)) ;
#1221=CARTESIAN_POINT('Control Point',(13.3392016554,-26.3066068272,-17.5643121568)) ;
#1222=CARTESIAN_POINT('Control Point',(13.3359659204,-26.559607585,-17.7407346942)) ;
#1223=CARTESIAN_POINT('Control Point',(13.329364724,-27.104785079,-18.1198717506)) ;
#1224=CARTESIAN_POINT('Control Point',(13.3244898702,-27.648920995,-18.4940355821)) ;
#1225=CARTESIAN_POINT('Control Point',(13.3226679159,-27.9413841026,-18.6933484422)) ;
#1226=CARTESIAN_POINT('Control Point',(13.3218554663,-28.2348613555,-18.891043745)) ;
#1227=CARTESIAN_POINT('Control Point',(13.3217595599,-28.5293027025,-19.0873702363)) ;
#1236=CARTESIAN_POINT('Axis2P3D Location',(13.3217797887,-37.128466329,-24.8201438319)) ;
#1241=CARTESIAN_POINT('Line Origine',(13.3217797887,-13.328466329,-8.95347716519)) ;
#1245=CARTESIAN_POINT('Vertex',(13.321772001,-30.,-20.0678340143)) ;
#1249=CARTESIAN_POINT('Control Point',(12.35,-30.,-20.779509992)) ;
#1250=CARTESIAN_POINT('Control Point',(13.3217797887,-30.0000004931,-20.0678332746)) ;
#1259=CARTESIAN_POINT('Line Origine',(5.23500000028,-3.5527136788E-015,-25.6540659229)) ;
#1263=CARTESIAN_POINT('Vertex',(14.85,0.,-25.6540659229)) ;
#1266=CARTESIAN_POINT('Axis2P3D Location',(14.85,-2.,-25.6540659229)) ;
#1270=CARTESIAN_POINT('Vertex',(14.85,-2.74278135271,-23.7971125411)) ;
#1273=CARTESIAN_POINT('Line Origine',(5.23500000028,-2.74278135271,-23.7971125411)) ;
#1285=CARTESIAN_POINT('Line Origine',(5.23500000028,-2.,-32.7)) ;
#1289=CARTESIAN_POINT('Vertex',(14.85,-2.,-32.7)) ;
#1292=CARTESIAN_POINT('Axis2P3D Location',(14.85,-2.,-30.7)) ;
#1296=CARTESIAN_POINT('Vertex',(14.85,0.,-30.7)) ;
#1299=CARTESIAN_POINT('Line Origine',(5.23500000028,-3.99680288865E-015,-30.7)) ;
#1311=CARTESIAN_POINT('Axis2P3D Location',(5.23500000028,-19.8074175964,-31.7)) ;
#1316=CARTESIAN_POINT('Line Origine',(5.23500000028,-20.1788082728,-30.7715233091)) ;
#1320=CARTESIAN_POINT('Vertex',(14.85,-20.1788082728,-30.7715233091)) ;
#1323=CARTESIAN_POINT('Axis2P3D Location',(14.85,-19.8074175964,-31.7)) ;
#1327=CARTESIAN_POINT('Vertex',(14.85,-19.8074175964,-32.7)) ;
#1330=CARTESIAN_POINT('Line Origine',(5.23500000028,-19.8074175964,-32.7)) ;
#1342=CARTESIAN_POINT('Axis2P3D Location',(0.,-2.,1.07036751698)) ;
#1347=CARTESIAN_POINT('Line Origine',(0.,-0.89059960755,-0.5937330717)) ;
#1351=CARTESIAN_POINT('Vertex',(14.8289423369,-0.89059960755,-0.5937330717)) ;
#1355=CARTESIAN_POINT('Control Point',(14.8289416798,-0.89059960755,-0.5937330717)) ;
#1356=CARTESIAN_POINT('Control Point',(15.4048360662,-0.458678817738,-0.305785878492)) ;
#1357=CARTESIAN_POINT('Control Point',(16.0957897255,-0.232799223474,0.0396994788217)) ;
#1358=CARTESIAN_POINT('Control Point',(16.7668789811,-0.0724221405047,0.375222005802)) ;
#1359=CARTESIAN_POINT('Control Point',(17.4636746036,-1.81220779124E-016,0.723632349964)) ;
#1360=CARTESIAN_POINT('Control Point',(18.1571428571,-2.77555756156E-017,1.07036751698)) ;
#1361=CARTESIAN_POINT('Vertex',(18.1571428571,0.,1.07036751698)) ;
#1364=CARTESIAN_POINT('Line Origine',(0.,0.,1.07036751698)) ;
#1376=CARTESIAN_POINT('Axis2P3D Location',(14.85,1.7763568394E-015,0.)) ;
#1382=CARTESIAN_POINT('Control Point',(14.1571428571,-6.50326362227,-4.33550908151)) ;
#1383=CARTESIAN_POINT('Control Point',(14.1367173046,-6.52749154872,-4.35166103248)) ;
#1384=CARTESIAN_POINT('Control Point',(14.1164888608,-6.55180340179,-4.36786893453)) ;
#1385=CARTESIAN_POINT('Control Point',(14.0964543281,-6.57619713463,-4.38413142309)) ;
#1386=CARTESIAN_POINT('Control Point',(13.9096196223,-6.80662525708,-4.53775017139)) ;
#1387=CARTESIAN_POINT('Control Point',(13.7394075075,-7.04403945574,-4.69602630382)) ;
#1388=CARTESIAN_POINT('Control Point',(13.599158744,-7.26032530741,-4.84021687161)) ;
#1389=CARTESIAN_POINT('Control Point',(13.4696197424,-7.4800831767,-4.9867221178)) ;
#1390=CARTESIAN_POINT('Control Point',(13.35,-7.70266194221,-5.13510796147)) ;
#1391=CARTESIAN_POINT('Vertex',(14.1571428571,-6.50326362227,-4.33550908151)) ;
#1394=CARTESIAN_POINT('Line Origine',(14.1571428571,-4.80633200736,-3.20422133824)) ;
#1398=CARTESIAN_POINT('Vertex',(14.1571428571,-3.10940039245,-2.07293359497)) ;
#1402=CARTESIAN_POINT('Control Point',(14.1571428571,-3.10940039245,-2.07293359497)) ;
#1403=CARTESIAN_POINT('Control Point',(14.1571428571,-2.75687592995,-1.83791728664)) ;
#1404=CARTESIAN_POINT('Control Point',(14.1959783248,-2.40435166144,-1.60290110763)) ;
#1405=CARTESIAN_POINT('Control Point',(14.2736389078,-2.05514464106,-1.37009642738)) ;
#1406=CARTESIAN_POINT('Control Point',(14.4266979106,-1.60849112839,-1.07232741893)) ;
#1407=CARTESIAN_POINT('Control Point',(14.6497369602,-1.1814258611,-0.787617240733)) ;
#1408=CARTESIAN_POINT('Control Point',(14.705566158,-1.08308195401,-0.722054636009)) ;
#1409=CARTESIAN_POINT('Control Point',(14.7652882375,-0.986080518125,-0.657387012083)) ;
#1410=CARTESIAN_POINT('Control Point',(14.8289423369,-0.89059960755,-0.5937330717)) ;
#1421=CARTESIAN_POINT('Control Point',(15.397685281,-5.39384947732,-7.56838463009)) ;
#1422=CARTESIAN_POINT('Control Point',(15.6415282768,-5.72797399433,-7.37556343897)) ;
#1423=CARTESIAN_POINT('Control Point',(15.8047385356,-6.06214676007,-7.08070114198)) ;
#1424=CARTESIAN_POINT('Control Point',(15.8601448475,-6.3598512774,-6.70421157987)) ;
#1425=CARTESIAN_POINT('Control Point',(15.7423094048,-6.81144546243,-5.87780475985)) ;
#1426=CARTESIAN_POINT('Control Point',(15.2373370665,-6.91682509904,-5.08114369344)) ;
#1427=CARTESIAN_POINT('Control Point',(14.904444059,-6.86727551815,-4.73448920005)) ;
#1428=CARTESIAN_POINT('Control Point',(14.5307722783,-6.72131741792,-4.48087835972)) ;
#1429=CARTESIAN_POINT('Control Point',(14.157154449,-6.50324987254,-4.33549991503)) ;
#1430=CARTESIAN_POINT('Control Point',(15.0098028969,-6.15076670452,-7.87510915436)) ;
#1431=CARTESIAN_POINT('Control Point',(15.2376433654,-6.43770800209,-7.63172339281)) ;
#1432=CARTESIAN_POINT('Control Point',(15.376235346,-6.72467721857,-7.3088635377)) ;
#1433=CARTESIAN_POINT('Control Point',(15.4027728907,-6.98384475512,-6.93069918467)) ;
#1434=CARTESIAN_POINT('Control Point',(15.226897659,-7.39214294759,-6.14469596159)) ;
#1435=CARTESIAN_POINT('Control Point',(14.6684730806,-7.52816950605,-5.4438407713)) ;
#1436=CARTESIAN_POINT('Control Point',(14.3115190983,-7.51443252533,-5.15106425393)) ;
#1437=CARTESIAN_POINT('Control Point',(13.915251178,-7.41993388949,-4.94662127686)) ;
#1438=CARTESIAN_POINT('Control Point',(13.5190253609,-7.26016709934,-4.84011139956)) ;
#1439=CARTESIAN_POINT('Control Point',(14.7375113383,-6.99003729104,-8.21520586684)) ;
#1440=CARTESIAN_POINT('Control Point',(14.9220152997,-7.24626275836,-7.94332711933)) ;
#1441=CARTESIAN_POINT('Control Point',(15.0168428268,-7.50250697056,-7.6121753274)) ;
#1442=CARTESIAN_POINT('Control Point',(15.005915203,-7.73631593453,-7.24597008295)) ;
#1443=CARTESIAN_POINT('Control Point',(14.7759597603,-8.11497314886,-6.51299668568)) ;
#1444=CARTESIAN_POINT('Control Point',(14.2031159908,-8.26939880719,-5.89631294607)) ;
#1445=CARTESIAN_POINT('Control Point',(13.8486379193,-8.2785436316,-5.64664387335)) ;
#1446=CARTESIAN_POINT('Control Point',(13.4598356321,-8.21843688252,-5.47895645509)) ;
#1447=CARTESIAN_POINT('Control Point',(13.0710618624,-8.09943768561,-5.39962512374)) ;
#1448=CARTESIAN_POINT('Control Point',(14.5348364651,-7.84295436632,-8.5608326106)) ;
#1449=CARTESIAN_POINT('Control Point',(14.6801613054,-8.07615159901,-8.27572093411)) ;
#1450=CARTESIAN_POINT('Control Point',(14.7384452656,-8.30936157818,-7.94761255107)) ;
#1451=CARTESIAN_POINT('Control Point',(14.6981619731,-8.52406806676,-7.59935541018)) ;
#1452=CARTESIAN_POINT('Control Point',(14.4281489799,-8.87999271581,-6.92188397314)) ;
#1453=CARTESIAN_POINT('Control Point',(13.8488143953,-9.04762368841,-6.37853083529)) ;
#1454=CARTESIAN_POINT('Control Point',(13.4987060561,-9.07373498332,-6.16462172716)) ;
#1455=CARTESIAN_POINT('Control Point',(13.1181568093,-9.03968678668,-6.02646157547)) ;
#1456=CARTESIAN_POINT('Control Point',(12.7376289135,-8.9523547607,-5.96823650713)) ;
#1457=CARTESIAN_POINT('Control Point',(14.2757254345,-9.44460626287,-9.20986754996)) ;
#1458=CARTESIAN_POINT('Control Point',(14.3474960787,-9.6442354368,-8.9188684629)) ;
#1459=CARTESIAN_POINT('Control Point',(14.3412892303,-9.84387040086,-8.60985926202)) ;
#1460=CARTESIAN_POINT('Control Point',(14.2527811753,-10.0305741158,-8.30191602856)) ;
#1461=CARTESIAN_POINT('Control Point',(13.9242961884,-10.3524910508,-7.73027701591)) ;
#1462=CARTESIAN_POINT('Control Point',(13.352824076,-10.538387725,-7.31025224442)) ;
#1463=CARTESIAN_POINT('Control Point',(13.02107134,-10.58892787,-7.15409733053)) ;
#1464=CARTESIAN_POINT('Control Point',(12.6662052755,-10.5933480401,-7.06222892118)) ;
#1465=CARTESIAN_POINT('Control Point',(12.3113495904,-10.554006657,-7.03600443798)) ;
#1466=CARTESIAN_POINT('Control Point',(14.201446417,-11.0735956251,-9.86998127834)) ;
#1467=CARTESIAN_POINT('Control Point',(14.2109507578,-11.250921221,-9.60056238911)) ;
#1468=CARTESIAN_POINT('Control Point',(14.1558152999,-11.4282497604,-9.32938378829)) ;
#1469=CARTESIAN_POINT('Control Point',(14.0356304135,-11.5961543723,-9.07078317147)) ;
#1470=CARTESIAN_POINT('Control Point',(13.6788804821,-11.8943857359,-8.60739335748)) ;
#1471=CARTESIAN_POINT('Control Point',(13.1376945058,-12.0911470529,-8.29232168606)) ;
#1472=CARTESIAN_POINT('Control Point',(12.8329357726,-12.1575067474,-8.18215279113)) ;
#1473=CARTESIAN_POINT('Control Point',(12.5110394239,-12.188053654,-8.12537169689)) ;
#1474=CARTESIAN_POINT('Control Point',(12.189148529,-12.182996019,-8.12199734601)) ;
#1475=CARTESIAN_POINT('Control Point',(14.2036344848,-11.8158095782,-10.1707476721)) ;
#1476=CARTESIAN_POINT('Control Point',(14.1876153092,-11.9844623022,-9.91534264253)) ;
#1477=CARTESIAN_POINT('Control Point',(14.1134474731,-12.1531170996,-9.66399058731)) ;
#1478=CARTESIAN_POINT('Control Point',(13.9820042746,-12.3136809998,-9.42891902135)) ;
#1479=CARTESIAN_POINT('Control Point',(13.6179858808,-12.6025278161,-9.01467252216)) ;
#1480=CARTESIAN_POINT('Control Point',(13.0946341773,-12.8033059838,-8.74441841779)) ;
#1481=CARTESIAN_POINT('Control Point',(12.8037614391,-12.8757478904,-8.653428934)) ;
#1482=CARTESIAN_POINT('Control Point',(12.4982530098,-12.9165401546,-8.61102614567)) ;
#1483=CARTESIAN_POINT('Control Point',(12.1927483202,-12.9252099721,-8.61680664806)) ;
#1484=CARTESIAN_POINT('Control Point',(14.2847535189,-13.4204979321,-10.82101325)) ;
#1485=CARTESIAN_POINT('Control Point',(14.2213185595,-13.5728609664,-10.6035651048)) ;
#1486=CARTESIAN_POINT('Control Point',(14.1140957576,-13.7252247725,-10.3996578369)) ;
#1487=CARTESIAN_POINT('Control Point',(13.965693565,-13.871949026,-10.2172059254)) ;
#1488=CARTESIAN_POINT('Control Point',(13.5982174759,-14.1428694887,-9.90867601198)) ;
#1489=CARTESIAN_POINT('Control Point',(13.1208518101,-14.3508275303,-9.72990752772)) ;
#1490=CARTESIAN_POINT('Control Point',(12.8625247579,-14.4345686314,-9.67726359513)) ;
#1491=CARTESIAN_POINT('Control Point',(12.5943628056,-14.4947450871,-9.66316412132)) ;
#1492=CARTESIAN_POINT('Control Point',(12.3262021638,-14.5298983258,-9.68659888389)) ;
#1493=CARTESIAN_POINT('Control Point',(14.5486640901,-15.0042832545,-11.4628089488)) ;
#1494=CARTESIAN_POINT('Control Point',(14.4569401334,-15.1446158549,-11.2967106942)) ;
#1495=CARTESIAN_POINT('Control Point',(14.3353956151,-15.2849487678,-11.1475732453)) ;
#1496=CARTESIAN_POINT('Control Point',(14.1867042143,-15.4213629585,-11.0198810959)) ;
#1497=CARTESIAN_POINT('Control Point',(13.8436144929,-15.6785285707,-10.8143269919)) ;
#1498=CARTESIAN_POINT('Control Point',(13.4301100645,-15.8911548054,-10.716250159)) ;
#1499=CARTESIAN_POINT('Control Point',(13.2109910809,-15.983021087,-10.6960567937)) ;
#1500=CARTESIAN_POINT('Control Point',(12.9856841439,-16.0577473121,-10.705164021)) ;
#1501=CARTESIAN_POINT('Control Point',(12.7603776784,-16.1136836481,-10.7424557654)) ;
#1502=CARTESIAN_POINT('Control Point',(14.7500606511,-15.8372840393,-11.8003645168)) ;
#1503=CARTESIAN_POINT('Control Point',(14.6496713483,-15.9720553809,-11.6644067386)) ;
#1504=CARTESIAN_POINT('Control Point',(14.5264841645,-16.1068268953,-11.545750133)) ;
#1505=CARTESIAN_POINT('Control Point',(14.3828823478,-16.2384562767,-11.4473846554)) ;
#1506=CARTESIAN_POINT('Control Point',(14.0616362443,-16.4891531763,-11.2955561802)) ;
#1507=CARTESIAN_POINT('Control Point',(13.6881972826,-16.7037981808,-11.2378235113)) ;
#1508=CARTESIAN_POINT('Control Point',(13.4923960433,-16.7993708942,-11.2335667167)) ;
#1509=CARTESIAN_POINT('Control Point',(13.2920516353,-16.8808691977,-11.2539159726)) ;
#1510=CARTESIAN_POINT('Control Point',(13.0917074645,-16.9466844329,-11.2977896219)) ;
#1511=CARTESIAN_POINT('Control Point',(15.0190492026,-16.6562119876,-12.1322178424)) ;
#1512=CARTESIAN_POINT('Control Point',(14.9174607237,-16.7861252804,-12.0286351713)) ;
#1513=CARTESIAN_POINT('Control Point',(14.7993265192,-16.91603867,-11.9413375769)) ;
#1514=CARTESIAN_POINT('Control Point',(14.666557262,-17.0434729332,-11.8721996329)) ;
#1515=CARTESIAN_POINT('Control Point',(14.376787381,-17.2884286747,-11.7727375154)) ;
#1516=CARTESIAN_POINT('Control Point',(14.0500013193,-17.504721644,-11.7528748043)) ;
#1517=CARTESIAN_POINT('Control Point',(13.8802125389,-17.6034904467,-11.7633438348)) ;
#1518=CARTESIAN_POINT('Control Point',(13.7072247285,-17.6909406346,-11.7939589435)) ;
#1519=CARTESIAN_POINT('Control Point',(13.5342370383,-17.7656123811,-11.8437415874)) ;
#1520=CARTESIAN_POINT('Control Point',(15.3976793558,-17.3950735154,-12.431625843)) ;
#1521=CARTESIAN_POINT('Control Point',(15.3058097841,-17.5209576785,-12.358978636)) ;
#1522=CARTESIAN_POINT('Control Point',(15.2024791334,-17.6468418962,-12.300825126)) ;
#1523=CARTESIAN_POINT('Control Point',(15.0891006717,-17.7707874863,-12.258286106)) ;
#1524=CARTESIAN_POINT('Control Point',(14.845792965,-18.0109262509,-12.2057669524)) ;
#1525=CARTESIAN_POINT('Control Point',(14.5772691186,-18.2285144195,-12.2189622422)) ;
#1526=CARTESIAN_POINT('Control Point',(14.4386728092,-18.329907886,-12.2421421166)) ;
#1527=CARTESIAN_POINT('Control Point',(14.2979087209,-18.4223156739,-12.2815419015)) ;
#1528=CARTESIAN_POINT('Control Point',(14.1571446939,-18.5044739089,-12.3363159393)) ;
#1530=CARTESIAN_POINT('Control Point',(13.35,-17.3050390678,-11.5366927119)) ;
#1531=CARTESIAN_POINT('Control Point',(13.3973004728,-17.3930506798,-11.5953671199)) ;
#1532=CARTESIAN_POINT('Control Point',(13.4461564844,-17.480629379,-11.6537529193)) ;
#1533=CARTESIAN_POINT('Control Point',(13.4966200978,-17.5677396759,-11.7118264506)) ;
#1534=CARTESIAN_POINT('Control Point',(13.6441205662,-17.8127771122,-11.8751847415)) ;
#1535=CARTESIAN_POINT('Control Point',(13.8054403897,-18.053273135,-12.0355154233)) ;
#1536=CARTESIAN_POINT('Control Point',(13.9158465977,-18.2064834205,-12.1376556137)) ;
#1537=CARTESIAN_POINT('Control Point',(14.032870931,-18.3570653921,-12.2380435947)) ;
#1538=CARTESIAN_POINT('Control Point',(14.1571279338,-18.5044540289,-12.336302686)) ;
#1539=CARTESIAN_POINT('Vertex',(14.1571279338,-18.5044540289,-12.336302686)) ;
#1543=CARTESIAN_POINT('Control Point',(15.3976793558,-17.3950735154,-12.431625843)) ;
#1544=CARTESIAN_POINT('Control Point',(15.1680020267,-17.7097772887,-12.2500051371)) ;
#1545=CARTESIAN_POINT('Control Point',(14.861450385,-18.0249216139,-12.1649345528)) ;
#1546=CARTESIAN_POINT('Control Point',(14.5090406272,-18.2990594884,-12.1993682896)) ;
#1547=CARTESIAN_POINT('Control Point',(14.1571279338,-18.5044540289,-12.336302686)) ;
#1548=CARTESIAN_POINT('Vertex',(15.397678237,-17.3950422728,-12.4316096338)) ;
#1552=CARTESIAN_POINT('Control Point',(15.397680042,-5.39385970744,-7.56838877291)) ;
#1553=CARTESIAN_POINT('Control Point',(15.3852641353,-5.4180883286,-7.57820690365)) ;
#1554=CARTESIAN_POINT('Control Point',(15.3729680467,-5.44240088145,-7.58805904666)) ;
#1555=CARTESIAN_POINT('Control Point',(15.3607898326,-5.46679531892,-7.59794437249)) ;
#1556=CARTESIAN_POINT('Control Point',(15.239355544,-5.71318787428,-7.6977897126)) ;
#1557=CARTESIAN_POINT('Control Point',(15.1294737227,-5.96756805341,-7.80087195937)) ;
#1558=CARTESIAN_POINT('Control Point',(15.0388179466,-6.20129157675,-7.89558342069)) ;
#1559=CARTESIAN_POINT('Control Point',(14.7612502854,-6.9938865289,-8.21676554657)) ;
#1560=CARTESIAN_POINT('Control Point',(14.5601596216,-7.82094226124,-8.55191264625)) ;
#1561=CARTESIAN_POINT('Control Point',(14.449689476,-8.40603549643,-8.78900912794)) ;
#1562=CARTESIAN_POINT('Control Point',(14.262505407,-9.73086940627,-9.32586968407)) ;
#1563=CARTESIAN_POINT('Control Point',(14.2016659304,-11.0732939562,-9.86985901805)) ;
#1564=CARTESIAN_POINT('Control Point',(14.2035688447,-11.8145394237,-10.1702330006)) ;
#1565=CARTESIAN_POINT('Control Point',(14.2595119664,-12.9211581729,-10.6186664908)) ;
#1566=CARTESIAN_POINT('Control Point',(14.4019410501,-14.0150364265,-11.0619375412)) ;
#1567=CARTESIAN_POINT('Control Point',(14.4590432841,-14.3756898135,-11.2080846848)) ;
#1568=CARTESIAN_POINT('Control Point',(14.5868911294,-15.0528579226,-11.482492562)) ;
#1569=CARTESIAN_POINT('Control Point',(14.7560823062,-15.7169104288,-11.7515858373)) ;
#1570=CARTESIAN_POINT('Control Point',(14.8459912771,-16.0268817787,-11.8771951807)) ;
#1571=CARTESIAN_POINT('Control Point',(15.0002070089,-16.4933502852,-12.0662215017)) ;
#1572=CARTESIAN_POINT('Control Point',(15.1839017228,-16.9438811302,-12.2487896264)) ;
#1573=CARTESIAN_POINT('Control Point',(15.251013389,-17.0970954241,-12.310876506)) ;
#1574=CARTESIAN_POINT('Control Point',(15.3221480729,-17.2476812442,-12.3718982427)) ;
#1575=CARTESIAN_POINT('Control Point',(15.3976793525,-17.3950735115,-12.4316258404)) ;
#1576=CARTESIAN_POINT('Vertex',(15.3976802037,-5.39385970744,-7.56838881098)) ;
#1580=CARTESIAN_POINT('Control Point',(15.397680042,-5.39385970744,-7.56838877291)) ;
#1581=CARTESIAN_POINT('Control Point',(15.8853679551,-6.06210286952,-7.18274316061)) ;
#1582=CARTESIAN_POINT('Control Point',(16.0566565232,-6.7355089132,-6.38922643908)) ;
#1583=CARTESIAN_POINT('Control Point',(15.6574050892,-7.0925606417,-5.34875088103)) ;
#1584=CARTESIAN_POINT('Control Point',(14.9043843108,-6.93939071579,-4.62626063937)) ;
#1585=CARTESIAN_POINT('Control Point',(14.1571430773,-6.50326336112,-4.33550890741)) ;
#1597=CARTESIAN_POINT('Control Point',(13.8303571429,-23.6304118809,-15.7536079206)) ;
#1598=CARTESIAN_POINT('Control Point',(13.7156225133,-23.8932465663,-15.9288310442)) ;
#1599=CARTESIAN_POINT('Control Point',(13.6107810378,-24.1584423552,-16.1056282368)) ;
#1600=CARTESIAN_POINT('Control Point',(13.5152106536,-24.4254478571,-16.2836319047)) ;
#1601=CARTESIAN_POINT('Control Point',(13.4284142302,-24.6939381312,-16.4626254208)) ;
#1602=CARTESIAN_POINT('Control Point',(13.35,-24.9636913074,-16.6424608716)) ;
#1603=CARTESIAN_POINT('Vertex',(13.8303571429,-23.6304118809,-15.7536079206)) ;
#1607=CARTESIAN_POINT('Control Point',(13.8303582456,-23.6304122342,-15.7536081561)) ;
#1608=CARTESIAN_POINT('Control Point',(13.886489153,-23.5018293487,-15.6678862324)) ;
#1609=CARTESIAN_POINT('Control Point',(13.9362196235,-23.3699403899,-15.5799602599)) ;
#1610=CARTESIAN_POINT('Control Point',(13.979743774,-23.2354624218,-15.4903082812)) ;
#1611=CARTESIAN_POINT('Control Point',(14.0690553649,-22.9102913442,-15.2735275628)) ;
#1612=CARTESIAN_POINT('Control Point',(14.1249137492,-22.5760571158,-15.0507047438)) ;
#1613=CARTESIAN_POINT('Control Point',(14.1464002722,-22.3803232361,-14.9202154908)) ;
#1614=CARTESIAN_POINT('Control Point',(14.1571432825,-22.1836631514,-14.7891087676)) ;
#1615=CARTESIAN_POINT('Control Point',(14.1571430632,-21.9870018905,-14.6580012603)) ;
#1616=CARTESIAN_POINT('Vertex',(14.1571428571,-21.9870018905,-14.6580012603)) ;
#1619=CARTESIAN_POINT('Line Origine',(14.1571428571,-20.2457368104,-13.4971578736)) ;
#1633=CARTESIAN_POINT('Control Point',(15.5035714286,-22.5210114885,-18.5133151696)) ;
#1634=CARTESIAN_POINT('Control Point',(15.6787136284,-22.7757844321,-18.2458373955)) ;
#1635=CARTESIAN_POINT('Control Point',(15.7665345904,-23.0305766044,-17.9211535653)) ;
#1636=CARTESIAN_POINT('Control Point',(15.7513472428,-23.2631050564,-17.5624163397)) ;
#1637=CARTESIAN_POINT('Control Point',(15.5178958992,-23.6399095128,-16.8443476761)) ;
#1638=CARTESIAN_POINT('Control Point',(14.9495937752,-23.7946960302,-16.2400484426)) ;
#1639=CARTESIAN_POINT('Control Point',(14.5988908817,-23.8047657801,-15.9953065088)) ;
#1640=CARTESIAN_POINT('Control Point',(14.2146095118,-23.7465373688,-15.8310249125)) ;
#1641=CARTESIAN_POINT('Control Point',(13.8303571429,-23.6304118809,-15.7536079206)) ;
#1642=CARTESIAN_POINT('Control Point',(15.2263079779,-23.4737463181,-18.9367528716)) ;
#1643=CARTESIAN_POINT('Control Point',(15.3647619227,-23.7032745727,-18.6514557098)) ;
#1644=CARTESIAN_POINT('Control Point',(15.4170984543,-23.9328146523,-18.3255383101)) ;
#1645=CARTESIAN_POINT('Control Point',(15.3724114381,-24.1444699742,-17.9815403043)) ;
#1646=CARTESIAN_POINT('Control Point',(15.0971566802,-24.4967279089,-17.3151236365)) ;
#1647=CARTESIAN_POINT('Control Point',(14.5187901456,-24.6664069613,-16.7846365844)) ;
#1648=CARTESIAN_POINT('Control Point',(14.1705114435,-24.695201723,-16.5767966512)) ;
#1649=CARTESIAN_POINT('Control Point',(13.7924765864,-24.665325177,-16.443550118)) ;
#1650=CARTESIAN_POINT('Control Point',(13.4144619668,-24.5831467106,-16.3887644737)) ;
#1651=CARTESIAN_POINT('Control Point',(15.0357053006,-24.4575048588,-19.3739793032)) ;
#1652=CARTESIAN_POINT('Control Point',(15.1344889235,-24.668882305,-19.0836577677)) ;
#1653=CARTESIAN_POINT('Control Point',(15.1516053076,-24.8802678605,-18.7664870658)) ;
#1654=CARTESIAN_POINT('Control Point',(15.0802611445,-25.0767846591,-18.4430567003)) ;
#1655=CARTESIAN_POINT('Control Point',(14.7721143121,-25.4106747535,-17.8320139056)) ;
#1656=CARTESIAN_POINT('Control Point',(14.1967499797,-25.5902614786,-17.3673447903)) ;
#1657=CARTESIAN_POINT('Control Point',(13.8578492234,-25.6322787442,-17.190483694)) ;
#1658=CARTESIAN_POINT('Control Point',(13.4931965519,-25.6231982957,-17.0821321)) ;
#1659=CARTESIAN_POINT('Control Point',(13.1285578559,-25.5669052513,-17.0446035008)) ;
#1660=CARTESIAN_POINT('Control Point',(14.9118158737,-25.449157436,-19.8147132552)) ;
#1661=CARTESIAN_POINT('Control Point',(14.9742432875,-25.6458199918,-19.5277973755)) ;
#1662=CARTESIAN_POINT('Control Point',(14.960893231,-25.8424880902,-19.2251361695)) ;
#1663=CARTESIAN_POINT('Control Point',(14.8679413548,-26.0266785792,-18.9250087975)) ;
#1664=CARTESIAN_POINT('Control Point',(14.5358715107,-26.3453738378,-18.3699485746)) ;
#1665=CARTESIAN_POINT('Control Point',(13.9695493919,-26.5326339647,-17.9652870852)) ;
#1666=CARTESIAN_POINT('Control Point',(13.6421005086,-26.5852524872,-17.8157218915)) ;
#1667=CARTESIAN_POINT('Control Point',(13.292407205,-26.593186387,-17.728790877)) ;
#1668=CARTESIAN_POINT('Control Point',(12.9427238169,-26.5585578285,-17.705705219)) ;
#1669=CARTESIAN_POINT('Control Point',(14.8500046994,-26.4506083252,-20.2598026269)) ;
#1670=CARTESIAN_POINT('Control Point',(14.8790671324,-26.6351354337,-19.9830121176)) ;
#1671=CARTESIAN_POINT('Control Point',(14.8391980922,-26.8196664324,-19.6993590431)) ;
#1672=CARTESIAN_POINT('Control Point',(14.7287760319,-26.993639959,-19.4246751324)) ;
#1673=CARTESIAN_POINT('Control Point',(14.3803917511,-27.2995139241,-18.9261644422)) ;
#1674=CARTESIAN_POINT('Control Point',(13.8289702186,-27.4927629907,-18.5771972959)) ;
#1675=CARTESIAN_POINT('Control Point',(13.5153353145,-27.5540142179,-18.4521890079)) ;
#1676=CARTESIAN_POINT('Control Point',(13.1826676726,-27.5761296363,-18.3840865472)) ;
#1677=CARTESIAN_POINT('Control Point',(12.8500070437,-27.5600087176,-18.3733391451)) ;
#1678=CARTESIAN_POINT('Control Point',(14.8499953686,-27.4512191875,-20.7045186583)) ;
#1679=CARTESIAN_POINT('Control Point',(14.8499960738,-27.6254836426,-20.4431219652)) ;
#1680=CARTESIAN_POINT('Control Point',(14.7883253455,-27.7997508587,-20.1817209782)) ;
#1681=CARTESIAN_POINT('Control Point',(14.6648904466,-27.9650482036,-19.9337746455)) ;
#1682=CARTESIAN_POINT('Control Point',(14.3078181777,-28.259874134,-19.4915348487)) ;
#1683=CARTESIAN_POINT('Control Point',(13.7763125578,-28.4579419623,-19.1944317788)) ;
#1684=CARTESIAN_POINT('Control Point',(13.4783181864,-28.5264112456,-19.0917271121)) ;
#1685=CARTESIAN_POINT('Control Point',(13.1641531311,-28.5606199711,-19.0404132442)) ;
#1686=CARTESIAN_POINT('Control Point',(12.8499930531,-28.5606195799,-19.0404130533)) ;
#1688=CARTESIAN_POINT('Control Point',(14.8499953686,-27.4512191875,-20.7045186583)) ;
#1689=CARTESIAN_POINT('Control Point',(14.8499968643,-27.8208330802,-20.1500977974)) ;
#1690=CARTESIAN_POINT('Control Point',(14.5509567407,-28.1931100941,-19.5916815143)) ;
#1691=CARTESIAN_POINT('Control Point',(13.9693055719,-28.4421237096,-19.2181596365)) ;
#1692=CARTESIAN_POINT('Control Point',(13.3217782976,-28.5293119928,-19.0873756037)) ;
#1693=CARTESIAN_POINT('Vertex',(14.85,-27.4512414598,-20.7045284902)) ;
#1697=CARTESIAN_POINT('Control Point',(15.5035714286,-22.5210114885,-18.5133151696)) ;
#1698=CARTESIAN_POINT('Control Point',(15.2863856681,-23.2673068907,-18.845002015)) ;
#1699=CARTESIAN_POINT('Control Point',(15.1223739906,-24.0326380956,-19.1851494709)) ;
#1700=CARTESIAN_POINT('Control Point',(15.0020427695,-24.8043826577,-19.5281469342)) ;
#1701=CARTESIAN_POINT('Control Point',(14.8989807179,-25.8004705296,-19.9708524841)) ;
#1702=CARTESIAN_POINT('Control Point',(14.8587079752,-26.8007225057,-20.4154089653)) ;
#1703=CARTESIAN_POINT('Control Point',(14.8529010463,-27.0175532505,-20.511778202)) ;
#1704=CARTESIAN_POINT('Control Point',(14.8499973904,-27.2344059389,-20.6081571944)) ;
#1705=CARTESIAN_POINT('Control Point',(14.8499953686,-27.4512191875,-20.7045186583)) ;
#1706=CARTESIAN_POINT('Vertex',(15.5035714286,-22.5210114885,-18.5133151696)) ;
#1710=CARTESIAN_POINT('Control Point',(15.5035714286,-22.5210114885,-18.5133151696)) ;
#1711=CARTESIAN_POINT('Control Point',(15.8538558282,-23.0305573757,-17.9783596214)) ;
#1712=CARTESIAN_POINT('Control Point',(15.8583401019,-23.5422378751,-17.213775137)) ;
#1713=CARTESIAN_POINT('Control Point',(15.3705860726,-23.865636089,-16.4093005746)) ;
#1714=CARTESIAN_POINT('Control Point',(14.5988618807,-23.8626628566,-15.9084419044)) ;
#1715=CARTESIAN_POINT('Control Point',(13.8303571429,-23.6304118809,-15.7536079206)) ;
#1725=CARTESIAN_POINT('Axis2P3D Location',(12.85,-23.3753641217,-17.9872769315)) ;
#1731=CARTESIAN_POINT('Control Point',(13.3217797887,-30.0000004931,-20.0678332746)) ;
#1732=CARTESIAN_POINT('Control Point',(13.8951271544,-29.9999999457,-20.2350996974)) ;
#1733=CARTESIAN_POINT('Control Point',(14.3950165519,-29.9999977672,-20.6566377822)) ;
#1734=CARTESIAN_POINT('Control Point',(14.6928240563,-29.9999996341,-21.2113207193)) ;
#1735=CARTESIAN_POINT('Control Point',(14.85,-30.,-21.806278664)) ;
#1736=CARTESIAN_POINT('Control Point',(14.85,-30.,-22.4037008503)) ;
#1737=CARTESIAN_POINT('Vertex',(14.85,-30.,-22.4037008503)) ;
#1740=CARTESIAN_POINT('Line Origine',(14.85,-23.3753641217,-17.9872769315)) ;
#1752=CARTESIAN_POINT('Axis2P3D Location',(17.3205080757,-15.6600000002,-10.)) ;
#1758=CARTESIAN_POINT('Control Point',(15.7234222837,-1.7763568394E-015,-7.34306248231)) ;
#1759=CARTESIAN_POINT('Control Point',(15.5620900238,-0.459746888876,-7.44003934318)) ;
#1760=CARTESIAN_POINT('Control Point',(15.4538232066,-0.95376723072,-7.5234311634)) ;
#1761=CARTESIAN_POINT('Control Point',(15.397678237,-1.4767346845,-7.56839036617)) ;
#1762=CARTESIAN_POINT('Control Point',(15.397678237,-2.,-7.56839036617)) ;
#1763=CARTESIAN_POINT('Vertex',(15.397678237,-2.,-7.56839036617)) ;
#1765=CARTESIAN_POINT('Vertex',(15.7234222837,0.,-7.34306248231)) ;
#1768=CARTESIAN_POINT('Line Origine',(15.397678237,-15.6600000002,-7.56839036617)) ;
#1773=CARTESIAN_POINT('Line Origine',(15.397678237,-15.6600000002,-12.4316096338)) ;
#1777=CARTESIAN_POINT('Vertex',(15.3976782352,-1.99999999911,-12.4316096324)) ;
#1781=CARTESIAN_POINT('Control Point',(15.7234201767,-1.88737914186E-015,-12.6569362512)) ;
#1782=CARTESIAN_POINT('Control Point',(15.5621222496,-0.459619771326,-12.5599798536)) ;
#1783=CARTESIAN_POINT('Control Point',(15.4539223911,-0.953221632553,-12.4766444838)) ;
#1784=CARTESIAN_POINT('Control Point',(15.3976781536,-1.47652238796,-12.4316095679)) ;
#1785=CARTESIAN_POINT('Control Point',(15.3976782352,-1.99999999911,-12.4316096324)) ;
#1786=CARTESIAN_POINT('Vertex',(15.7234201767,0.,-12.6569362512)) ;
#1789=CARTESIAN_POINT('Axis2P3D Location',(17.3205080757,0.,-10.)) ;
#1803=CARTESIAN_POINT('Axis2P3D Location',(14.1571428571,-17.3950579569,-14.0004016831)) ;
#1808=CARTESIAN_POINT('Axis2P3D Location',(14.1571428571,-17.3950579569,-14.0004016831)) ;
#1812=CARTESIAN_POINT('Vertex',(16.1571428571,-17.3950422728,-14.0003900427)) ;
#1815=CARTESIAN_POINT('Axis2P3D Location',(14.1571428571,-17.3950579569,-14.0004016831)) ;
#1826=CARTESIAN_POINT('Axis2P3D Location',(14.1571428571,-20.9989865392,-16.4030252098)) ;
#1831=CARTESIAN_POINT('Axis2P3D Location',(14.1571428571,-20.877601498,-16.322101849)) ;
#1835=CARTESIAN_POINT('Vertex',(16.1571428571,-20.877601498,-16.322101849)) ;
#1838=CARTESIAN_POINT('Line Origine',(16.1571428571,-20.9989865392,-16.4030252098)) ;
#1851=CARTESIAN_POINT('Control Point',(15.5035736513,-22.5210118418,-18.5133155159)) ;
#1852=CARTESIAN_POINT('Control Point',(15.6787153586,-22.7757844857,-18.2458378495)) ;
#1853=CARTESIAN_POINT('Control Point',(15.7665358701,-23.0305763583,-17.9211541799)) ;
#1854=CARTESIAN_POINT('Control Point',(15.7513481759,-23.2631045625,-17.5624171322)) ;
#1855=CARTESIAN_POINT('Control Point',(15.5178964082,-23.6399087275,-16.8443487423)) ;
#1856=CARTESIAN_POINT('Control Point',(14.9495943445,-23.7946954217,-16.2400494671)) ;
#1857=CARTESIAN_POINT('Control Point',(14.5988915911,-23.8047653939,-15.9953073946)) ;
#1858=CARTESIAN_POINT('Control Point',(14.2146104177,-23.7465373191,-15.8310255265)) ;
#1859=CARTESIAN_POINT('Control Point',(13.8303582456,-23.6304122342,-15.7536081561)) ;
#1860=CARTESIAN_POINT('Control Point',(15.7709234885,-22.2147936342,-18.1050244375)) ;
#1861=CARTESIAN_POINT('Control Point',(15.9106884492,-22.4452241266,-17.8203649673)) ;
#1862=CARTESIAN_POINT('Control Point',(15.9642930543,-22.6756667086,-17.4944921276)) ;
#1863=CARTESIAN_POINT('Control Point',(15.9206603136,-22.8880680289,-17.1499673804)) ;
#1864=CARTESIAN_POINT('Control Point',(15.6468997138,-23.2412032424,-16.4817038654)) ;
#1865=CARTESIAN_POINT('Control Point',(15.0688932961,-23.4103500327,-15.9485764665)) ;
#1866=CARTESIAN_POINT('Control Point',(14.720528222,-23.4384755657,-15.7394161966)) ;
#1867=CARTESIAN_POINT('Control Point',(14.3422704141,-23.4075857361,-15.605058837)) ;
#1868=CARTESIAN_POINT('Control Point',(13.9640331572,-23.3241940267,-15.5494626845)) ;
#1869=CARTESIAN_POINT('Control Point',(15.9656734961,-21.8898251294,-17.6717332086)) ;
#1870=CARTESIAN_POINT('Control Point',(16.0662346327,-22.101783453,-17.3812754749)) ;
#1871=CARTESIAN_POINT('Control Point',(16.0848491248,-22.313749943,-17.0634569735)) ;
#1872=CARTESIAN_POINT('Control Point',(16.0145662074,-22.5107562163,-16.7389872474)) ;
#1873=CARTESIAN_POINT('Control Point',(15.7075802995,-22.8452616025,-16.1254744142)) ;
#1874=CARTESIAN_POINT('Control Point',(15.1317284403,-23.0245618165,-15.6582094948)) ;
#1875=CARTESIAN_POINT('Control Point',(14.7922356806,-23.0661651196,-15.4801856506)) ;
#1876=CARTESIAN_POINT('Control Point',(14.4268148403,-23.0564034259,-15.3709371496)) ;
#1877=CARTESIAN_POINT('Control Point',(14.0614081785,-22.9992255219,-15.3328170146)) ;
#1878=CARTESIAN_POINT('Control Point',(16.0932937507,-21.5556304172,-17.226140038)) ;
#1879=CARTESIAN_POINT('Control Point',(16.1567918037,-21.7526826841,-16.9389068632)) ;
#1880=CARTESIAN_POINT('Control Point',(16.1442940035,-21.9497405465,-16.6356422251)) ;
#1881=CARTESIAN_POINT('Control Point',(16.0519048727,-22.1342590968,-16.3347035333)) ;
#1882=CARTESIAN_POINT('Control Point',(15.7203637919,-22.4533658578,-15.777836305)) ;
#1883=CARTESIAN_POINT('Control Point',(15.1535699017,-22.6404333799,-15.3713906731)) ;
#1884=CARTESIAN_POINT('Control Point',(14.825680999,-22.6927745826,-15.2210380284)) ;
#1885=CARTESIAN_POINT('Control Point',(14.4754446446,-22.7002531792,-15.1335027124)) ;
#1886=CARTESIAN_POINT('Control Point',(14.1252182996,-22.6650308097,-15.1100205398)) ;
#1887=CARTESIAN_POINT('Control Point',(16.1571440598,-21.2166175985,-16.7741230321)) ;
#1888=CARTESIAN_POINT('Control Point',(16.186683028,-21.4013129905,-16.4970799787)) ;
#1889=CARTESIAN_POINT('Control Point',(16.1471713726,-21.5860122911,-16.2130618902)) ;
#1890=CARTESIAN_POINT('Control Point',(16.0369624879,-21.7601280876,-15.9379394083)) ;
#1891=CARTESIAN_POINT('Control Point',(15.6887201091,-22.0661832199,-15.4385057236)) ;
#1892=CARTESIAN_POINT('Control Point',(15.1369712105,-22.2593532765,-15.0886878332)) ;
#1893=CARTESIAN_POINT('Control Point',(14.823079403,-22.3204861467,-14.9633136694)) ;
#1894=CARTESIAN_POINT('Control Point',(14.4901079069,-22.3424032607,-14.8949357673)) ;
#1895=CARTESIAN_POINT('Control Point',(14.1571434572,-22.326017991,-14.884011994)) ;
#1896=CARTESIAN_POINT('Control Point',(16.1571432699,-20.8776012863,-16.3221014425)) ;
#1897=CARTESIAN_POINT('Control Point',(16.157143184,-21.0518654621,-16.0607051984)) ;
#1898=CARTESIAN_POINT('Control Point',(16.0954719272,-21.2261323988,-15.7993048174)) ;
#1899=CARTESIAN_POINT('Control Point',(15.9720368043,-21.3914295075,-15.5513591816)) ;
#1900=CARTESIAN_POINT('Control Point',(15.6149646754,-21.6862551372,-15.1091207955)) ;
#1901=CARTESIAN_POINT('Control Point',(15.083460158,-21.8843230967,-14.8120189158)) ;
#1902=CARTESIAN_POINT('Control Point',(14.7854665267,-21.9527925765,-14.7093147247)) ;
#1903=CARTESIAN_POINT('Control Point',(14.4713023063,-21.9870016311,-14.6580011686)) ;
#1904=CARTESIAN_POINT('Control Point',(14.1571430632,-21.9870016787,-14.6580011192)) ;
#1906=CARTESIAN_POINT('Control Point',(15.5035736513,-22.5210118418,-18.5133155159)) ;
#1907=CARTESIAN_POINT('Control Point',(15.6158354721,-22.3924289562,-18.3418716118)) ;
#1908=CARTESIAN_POINT('Control Point',(15.7152964101,-22.2605399974,-18.1660196534)) ;
#1909=CARTESIAN_POINT('Control Point',(15.8023446943,-22.1260620294,-17.9867157877)) ;
#1910=CARTESIAN_POINT('Control Point',(15.9809678902,-21.8008909111,-17.5531545422)) ;
#1911=CARTESIAN_POINT('Control Point',(16.0926846757,-21.4666566398,-17.107508508)) ;
#1912=CARTESIAN_POINT('Control Point',(16.1356577193,-21.2709227172,-16.8465298564)) ;
#1913=CARTESIAN_POINT('Control Point',(16.1571437281,-21.0742625896,-16.5843164207)) ;
#1914=CARTESIAN_POINT('Control Point',(16.1571432699,-20.8776012863,-16.3221014425)) ;
#1923=CARTESIAN_POINT('Axis2P3D Location',(18.85,2.,-20.7045284902)) ;
#1928=CARTESIAN_POINT('Line Origine',(14.85,-13.,-20.7045284902)) ;
#1932=CARTESIAN_POINT('Vertex',(14.85,4.,-20.7045284902)) ;
#1935=CARTESIAN_POINT('Axis2P3D Location',(18.85,4.,-20.7045284902)) ;
#1939=CARTESIAN_POINT('Vertex',(16.1571428571,4.,-17.7467387059)) ;
#1942=CARTESIAN_POINT('Line Origine',(16.1571428571,-13.,-17.7467387059)) ;
#1946=CARTESIAN_POINT('Vertex',(16.1571428571,-1.03878866231,-17.7467387059)) ;
#1950=CARTESIAN_POINT('Control Point',(16.1571428571,-1.03878866231,-17.7467387059)) ;
#1951=CARTESIAN_POINT('Control Point',(15.8902519872,-1.3487883876,-17.9897238528)) ;
#1952=CARTESIAN_POINT('Control Point',(15.6814932781,-1.67520852888,-18.2415923049)) ;
#1953=CARTESIAN_POINT('Control Point',(15.5035714286,-2.,-18.5133151696)) ;
#1954=CARTESIAN_POINT('Vertex',(15.5035714286,-2.,-18.5133151696)) ;
#1957=CARTESIAN_POINT('Line Origine',(15.5035714286,-13.,-18.5133151696)) ;
#1972=CARTESIAN_POINT('Control Point',(18.157142307,5.99884729356E-007,-15.030909258)) ;
#1973=CARTESIAN_POINT('Control Point',(18.10560579,6.012866079E-007,-14.7210059765)) ;
#1974=CARTESIAN_POINT('Control Point',(18.0540684409,0.0616718054025,-14.4110977851)) ;
#1975=CARTESIAN_POINT('Control Point',(18.0051837946,0.185106912067,-14.1171411228)) ;
#1976=CARTESIAN_POINT('Control Point',(17.9179926037,0.542179078318,-13.5928370076)) ;
#1977=CARTESIAN_POINT('Control Point',(17.8594162845,1.07368374718,-13.2406022712)) ;
#1978=CARTESIAN_POINT('Control Point',(17.8391671994,1.37167747668,-13.1188393992)) ;
#1979=CARTESIAN_POINT('Control Point',(17.8290502179,1.68584180655,-13.0580036837)) ;
#1980=CARTESIAN_POINT('Control Point',(17.8290501371,2.00000115948,-13.0580036808)) ;
#1981=CARTESIAN_POINT('Control Point',(17.9673291596,1.02800931337E-006,-15.0940409474)) ;
#1982=CARTESIAN_POINT('Control Point',(17.938666763,-0.00489009144065,-14.7771771596)) ;
#1983=CARTESIAN_POINT('Control Point',(17.9041508481,0.0531119043488,-14.4603080625)) ;
#1984=CARTESIAN_POINT('Control Point',(17.8653011746,0.17435701421,-14.1600658335)) ;
#1985=CARTESIAN_POINT('Control Point',(17.7832349551,0.529967205602,-13.62587568)) ;
#1986=CARTESIAN_POINT('Control Point',(17.7010344154,1.06482407155,-13.270663079)) ;
#1987=CARTESIAN_POINT('Control Point',(17.6620511194,1.36545030215,-13.1495325885)) ;
#1988=CARTESIAN_POINT('Control Point',(17.6273103986,1.68272882919,-13.0915529739)) ;
#1989=CARTESIAN_POINT('Control Point',(17.5982969098,2.00000203646,-13.0963778305)) ;
#1990=CARTESIAN_POINT('Control Point',(17.7705727394,-0.0224161543102,-15.1227940747)) ;
#1991=CARTESIAN_POINT('Control Point',(17.7681378201,-0.0270168448381,-14.8042161119)) ;
#1992=CARTESIAN_POINT('Control Point',(17.7534624179,0.0304936434884,-14.485632798)) ;
#1993=CARTESIAN_POINT('Control Point',(17.7266300964,0.150464189323,-14.1837613804)) ;
#1994=CARTESIAN_POINT('Control Point',(17.6515792387,0.502131105942,-13.6466512525)) ;
#1995=CARTESIAN_POINT('Control Point',(17.5434238039,1.03083989585,-13.2894169596)) ;
#1996=CARTESIAN_POINT('Control Point',(17.483461241,1.32798533523,-13.1675565593)) ;
#1997=CARTESIAN_POINT('Control Point',(17.4209306765,1.6415791553,-13.10915464)) ;
#1998=CARTESIAN_POINT('Control Point',(17.3591027539,1.95516770999,-13.1138552271)) ;
#1999=CARTESIAN_POINT('Control Point',(17.5810003434,-0.0712366217941,-15.1086288773)) ;
#2000=CARTESIAN_POINT('Control Point',(17.6015785429,-0.0678623597766,-14.7959702164)) ;
#2001=CARTESIAN_POINT('Control Point',(17.6042428328,-0.00582014746653,-14.483306833)) ;
#2002=CARTESIAN_POINT('Control Point',(17.5878558922,0.114771429763,-14.1865216824)) ;
#2003=CARTESIAN_POINT('Control Point',(17.5186688334,0.460189541004,-13.6562751658)) ;
#2004=CARTESIAN_POINT('Control Point',(17.3870150927,0.970433462492,-13.2976083946)) ;
#2005=CARTESIAN_POINT('Control Point',(17.3081152373,1.2559657714,-13.1725230149)) ;
#2006=CARTESIAN_POINT('Control Point',(17.2204036597,1.55674851425,-13.1083676937)) ;
#2007=CARTESIAN_POINT('Control Point',(17.1286422456,1.85752673663,-13.1052450072)) ;
#2008=CARTESIAN_POINT('Control Point',(17.2116693207,-0.212665297595,-15.0192100082)) ;
#2009=CARTESIAN_POINT('Control Point',(17.2648797945,-0.188220630555,-14.7264032773)) ;
#2010=CARTESIAN_POINT('Control Point',(17.2913341323,-0.114844345909,-14.4335933701)) ;
#2011=CARTESIAN_POINT('Control Point',(17.2884853524,0.00632273978323,-14.1541746824)) ;
#2012=CARTESIAN_POINT('Control Point',(17.224410691,0.332616825055,-13.6487758614)) ;
#2013=CARTESIAN_POINT('Control Point',(17.0545673523,0.79088667745,-13.2897387188)) ;
#2014=CARTESIAN_POINT('Control Point',(16.9458865532,1.04410273358,-13.1567637716)) ;
#2015=CARTESIAN_POINT('Control Point',(16.8187377368,1.30938749628,-13.0767441377)) ;
#2016=CARTESIAN_POINT('Control Point',(16.6796515783,1.57466942767,-13.0508923541)) ;
#2017=CARTESIAN_POINT('Control Point',(16.9194955575,-0.412646637859,-14.8446173177)) ;
#2018=CARTESIAN_POINT('Control Point',(16.9784039743,-0.367822593688,-14.5788379717)) ;
#2019=CARTESIAN_POINT('Control Point',(17.0075232998,-0.285822870341,-14.31305684)) ;
#2020=CARTESIAN_POINT('Control Point',(17.0044871661,-0.168445970791,-14.0576789482)) ;
#2021=CARTESIAN_POINT('Control Point',(16.9343576157,0.127482854017,-13.5884657248)) ;
#2022=CARTESIAN_POINT('Control Point',(16.7464639619,0.518872100964,-13.234582051)) ;
#2023=CARTESIAN_POINT('Control Point',(16.625612728,0.731747636386,-13.0945807646)) ;
#2024=CARTESIAN_POINT('Control Point',(16.4828381968,0.953227891188,-12.9972711955)) ;
#2025=CARTESIAN_POINT('Control Point',(16.3244599587,1.17470669787,-12.9447673936)) ;
#2026=CARTESIAN_POINT('Control Point',(16.7852612543,-0.529475391099,-14.7412248445)) ;
#2027=CARTESIAN_POINT('Control Point',(16.8411228845,-0.477355390668,-14.4890561197)) ;
#2028=CARTESIAN_POINT('Control Point',(16.8669981744,-0.393845741117,-14.2368860847)) ;
#2029=CARTESIAN_POINT('Control Point',(16.8608798928,-0.280823859287,-13.9937358062)) ;
#2030=CARTESIAN_POINT('Control Point',(16.7851572144,-0.00411155438984,-13.5434627809)) ;
#2031=CARTESIAN_POINT('Control Point',(16.5922653429,0.351398813868,-13.1938656147)) ;
#2032=CARTESIAN_POINT('Control Point',(16.4689363454,0.543245578816,-13.0514259578)) ;
#2033=CARTESIAN_POINT('Control Point',(16.3233209237,0.742148056836,-12.9466590035)) ;
#2034=CARTESIAN_POINT('Control Point',(16.1612732057,0.941049522173,-12.8819208254)) ;
#2035=CARTESIAN_POINT('Control Point',(16.4773263293,-0.858224480471,-14.4598355395)) ;
#2036=CARTESIAN_POINT('Control Point',(16.5186697775,-0.795540257418,-14.2407081682)) ;
#2037=CARTESIAN_POINT('Control Point',(16.5314324068,-0.715047934903,-14.0215804038)) ;
#2038=CARTESIAN_POINT('Control Point',(16.5145494871,-0.618494470048,-13.8083277818)) ;
#2039=CARTESIAN_POINT('Control Point',(16.4225693384,-0.398505155771,-13.4053079808)) ;
#2040=CARTESIAN_POINT('Control Point',(16.2223511877,-0.137222052357,-13.0692793744)) ;
#2041=CARTESIAN_POINT('Control Point',(16.0972093131,0.000630619145317,-12.9230288584)) ;
#2042=CARTESIAN_POINT('Control Point',(15.9505649617,0.142090674557,-12.8026830947)) ;
#2043=CARTESIAN_POINT('Control Point',(15.7869208003,0.283550542608,-12.7108806846)) ;
#2044=CARTESIAN_POINT('Control Point',(16.2833981021,-1.23361774208,-14.1988814074)) ;
#2045=CARTESIAN_POINT('Control Point',(16.3011271565,-1.18235092008,-14.0031520546)) ;
#2046=CARTESIAN_POINT('Control Point',(16.2947630145,-1.12215607017,-13.8074225033)) ;
#2047=CARTESIAN_POINT('Control Point',(16.264019608,-1.05404520681,-13.6157697361)) ;
#2048=CARTESIAN_POINT('Control Point',(16.1552104745,-0.904694337292,-13.2487636481)) ;
#2049=CARTESIAN_POINT('Control Point',(15.9582792097,-0.735270026872,-12.9287206177)) ;
#2050=CARTESIAN_POINT('Control Point',(15.8394040168,-0.647083525748,-12.7840363368)) ;
#2051=CARTESIAN_POINT('Control Point',(15.7026500423,-0.557159055987,-12.657797757)) ;
#2052=CARTESIAN_POINT('Control Point',(15.5511651506,-0.467234674419,-12.5522608258)) ;
#2053=CARTESIAN_POINT('Control Point',(16.1992785844,-1.48079286754,-14.0673777226)) ;
#2054=CARTESIAN_POINT('Control Point',(16.2053417381,-1.4437622244,-13.8818361947)) ;
#2055=CARTESIAN_POINT('Control Point',(16.1897962682,-1.40146169686,-13.6962945342)) ;
#2056=CARTESIAN_POINT('Control Point',(16.1525317264,-1.35451340035,-13.5141537451)) ;
#2057=CARTESIAN_POINT('Control Point',(16.0359636811,-1.25293471436,-13.1634705542)) ;
#2058=CARTESIAN_POINT('Control Point',(15.841057652,-1.13963113285,-12.8521182315)) ;
#2059=CARTESIAN_POINT('Control Point',(15.7254476126,-1.08095698739,-12.7093120013)) ;
#2060=CARTESIAN_POINT('Control Point',(15.5938413886,-1.02127134109,-12.582043869)) ;
#2061=CARTESIAN_POINT('Control Point',(15.4489020714,-0.961585728573,-12.472327646)) ;
#2062=CARTESIAN_POINT('Control Point',(16.1571427567,-1.7404814987,-14.0003899819)) ;
#2063=CARTESIAN_POINT('Control Point',(16.1571427621,-1.72197673856,-13.8200475039)) ;
#2064=CARTESIAN_POINT('Control Point',(16.136816153,-1.70083440148,-13.6397049217)) ;
#2065=CARTESIAN_POINT('Control Point',(16.0961595577,-1.6773675619,-13.4624176395)) ;
#2066=CARTESIAN_POINT('Control Point',(15.9755869394,-1.62659320329,-13.1200602737)) ;
#2067=CARTESIAN_POINT('Control Point',(15.7818324626,-1.56995807105,-12.813131084)) ;
#2068=CARTESIAN_POINT('Control Point',(15.6679880212,-1.54062997832,-12.6712748766)) ;
#2069=CARTESIAN_POINT('Control Point',(15.5391369984,-1.5107964569,-12.5434702062)) ;
#2070=CARTESIAN_POINT('Control Point',(15.397678115,-1.48096295294,-12.4316095967)) ;
#2071=CARTESIAN_POINT('Control Point',(16.157142855,-2.00000000028,-14.0003900414)) ;
#2072=CARTESIAN_POINT('Control Point',(16.1571428551,-2.00000000016,-13.8200475618)) ;
#2073=CARTESIAN_POINT('Control Point',(16.1368162425,-2.00000000004,-13.639704978)) ;
#2074=CARTESIAN_POINT('Control Point',(16.0961596457,-1.99999999992,-13.4624176942)) ;
#2075=CARTESIAN_POINT('Control Point',(15.9755870284,-1.99999999968,-13.1200603247)) ;
#2076=CARTESIAN_POINT('Control Point',(15.7818325599,-1.99999999944,-12.81313113)) ;
#2077=CARTESIAN_POINT('Control Point',(15.6679881243,-1.99999999933,-12.6712749198)) ;
#2078=CARTESIAN_POINT('Control Point',(15.539137109,-1.99999999922,-12.5434702462)) ;
#2079=CARTESIAN_POINT('Control Point',(15.3976782343,-1.99999999911,-12.431609633)) ;
#2081=CARTESIAN_POINT('Control Point',(15.7234202117,-1.01874854852E-015,-12.65693606)) ;
#2082=CARTESIAN_POINT('Control Point',(16.0930778906,-1.23424178192E-015,-12.8791377302)) ;
#2083=CARTESIAN_POINT('Control Point',(16.4168538704,1.11170585295E-007,-13.1611640198)) ;
#2084=CARTESIAN_POINT('Control Point',(16.6869507334,-1.47515834524E-006,-13.4630833588)) ;
#2085=CARTESIAN_POINT('Control Point',(17.1069924848,1.11817152384E-006,-13.9793233568)) ;
#2086=CARTESIAN_POINT('Control Point',(17.5098311657,-8.47573914749E-007,-14.4614680988)) ;
#2087=CARTESIAN_POINT('Control Point',(17.6904456251,1.57824655496E-006,-14.6612688673)) ;
#2088=CARTESIAN_POINT('Control Point',(17.9071338991,1.07359168021E-006,-14.8572199257)) ;
#2089=CARTESIAN_POINT('Control Point',(18.157142307,5.99884729446E-007,-15.030909258)) ;
#2090=CARTESIAN_POINT('Vertex',(18.1571428571,0.,-15.030909258)) ;
#2094=CARTESIAN_POINT('Control Point',(16.157142855,-2.00000000028,-14.0003900414)) ;
#2095=CARTESIAN_POINT('Control Point',(16.1571428553,-1.99999999999,-13.5495338424)) ;
#2096=CARTESIAN_POINT('Control Point',(16.0213234262,-1.99999999967,-13.097918809)) ;
#2097=CARTESIAN_POINT('Control Point',(15.751325421,-1.99999999937,-12.7112611659)) ;
#2098=CARTESIAN_POINT('Control Point',(15.3976782343,-1.99999999911,-12.431609633)) ;
#2099=CARTESIAN_POINT('Vertex',(16.1571428571,-2.,-14.0003900414)) ;
#2103=CARTESIAN_POINT('Control Point',(18.157142307,5.99884729313E-007,-15.030909258)) ;
#2104=CARTESIAN_POINT('Control Point',(18.1073447936,7.12203218741E-007,-15.0474718681)) ;
#2105=CARTESIAN_POINT('Control Point',(18.0571139215,-0.00154926377838,-15.0616457528)) ;
#2106=CARTESIAN_POINT('Control Point',(18.006637525,-0.00470344728069,-15.0733218538)) ;
#2107=CARTESIAN_POINT('Control Point',(17.885295142,-0.0161832585763,-15.0952456767)) ;
#2108=CARTESIAN_POINT('Control Point',(17.765241606,-0.0368414729524,-15.1025998741)) ;
#2109=CARTESIAN_POINT('Control Point',(17.6962427267,-0.0519397204325,-15.1020104522)) ;
#2110=CARTESIAN_POINT('Control Point',(17.5610606902,-0.0877929353761,-15.0918581381)) ;
#2111=CARTESIAN_POINT('Control Point',(17.4334108912,-0.133702299169,-15.0656909627)) ;
#2112=CARTESIAN_POINT('Control Point',(17.3715989006,-0.158962974642,-15.0490445655)) ;
#2113=CARTESIAN_POINT('Control Point',(17.2526534962,-0.213335261047,-15.0098397724)) ;
#2114=CARTESIAN_POINT('Control Point',(17.1428592797,-0.274582373093,-14.9606241292)) ;
#2115=CARTESIAN_POINT('Control Point',(17.0902613509,-0.306688922478,-14.9339883583)) ;
#2116=CARTESIAN_POINT('Control Point',(16.9327309095,-0.411178235661,-14.8455968603)) ;
#2117=CARTESIAN_POINT('Control Point',(16.796126806,-0.527158093145,-14.7445103669)) ;
#2118=CARTESIAN_POINT('Control Point',(16.7120707497,-0.610093653914,-14.673071259)) ;
#2119=CARTESIAN_POINT('Control Point',(16.5765638741,-0.764200473208,-14.5446186568)) ;
#2120=CARTESIAN_POINT('Control Point',(16.4651708442,-0.928325796544,-14.4202897236)) ;
#2121=CARTESIAN_POINT('Control Point',(16.4206763723,-1.00216040748,-14.3673974983)) ;
#2122=CARTESIAN_POINT('Control Point',(16.3384811943,-1.15655822915,-14.2644539944)) ;
#2123=CARTESIAN_POINT('Control Point',(16.2741035915,-1.31745145978,-14.1757635313)) ;
#2124=CARTESIAN_POINT('Control Point',(16.2458058485,-1.40126077475,-14.1351206967)) ;
#2125=CARTESIAN_POINT('Control Point',(16.1991934954,-1.56936465035,-14.0661616687)) ;
#2126=CARTESIAN_POINT('Control Point',(16.1710804686,-1.74175377077,-14.0224364568)) ;
#2127=CARTESIAN_POINT('Control Point',(16.161789916,-1.82754059964,-14.007739945)) ;
#2128=CARTESIAN_POINT('Control Point',(16.1571428223,-1.91376761802,-14.0003900216)) ;
#2129=CARTESIAN_POINT('Control Point',(16.157142855,-2.00000000028,-14.0003900414)) ;
#2138=CARTESIAN_POINT('Axis2P3D Location',(14.1571428571,-12.6379462982,-14.0003900427)) ;
#2143=CARTESIAN_POINT('Line Origine',(16.1571428571,-12.6379462982,-14.0003900427)) ;
#2155=CARTESIAN_POINT('Axis2P3D Location',(16.1571428571,0.,-16.322101849)) ;
#2160=CARTESIAN_POINT('Line Origine',(16.1571428571,-11.438800749,-16.322101849)) ;
#2164=CARTESIAN_POINT('Vertex',(16.1571428571,-2.,-16.322101849)) ;
#2167=CARTESIAN_POINT('Line Origine',(16.1571428571,-2.,-15.1612459459)) ;
#2179=CARTESIAN_POINT('Axis2P3D Location',(12.1571428571,-15.,-16.322101849)) ;
#2184=CARTESIAN_POINT('Axis2P3D Location',(12.1571428571,-2.,-16.322101849)) ;
#2196=CARTESIAN_POINT('Axis2P3D Location',(12.1571428571,-2.,-16.322101849)) ;
#2202=CARTESIAN_POINT('Control Point',(17.5951411256,-0.0805849709371,-16.322101849)) ;
#2203=CARTESIAN_POINT('Control Point',(17.2009030195,-0.196017274494,-16.7470884824)) ;
#2204=CARTESIAN_POINT('Control Point',(16.8217558237,-0.415600618042,-17.1285295562)) ;
#2205=CARTESIAN_POINT('Control Point',(16.4652694449,-0.680893741212,-17.4662093094)) ;
#2206=CARTESIAN_POINT('Control Point',(16.157142748,-1.03878859916,-17.7467387099)) ;
#2207=CARTESIAN_POINT('Vertex',(17.5951411256,-0.0805849709371,-16.322101849)) ;
#2210=CARTESIAN_POINT('Axis2P3D Location',(18.1571428571,-2.,-16.322101849)) ;
#2222=CARTESIAN_POINT('Axis2P3D Location',(18.1571428571,-2.,2.74334241521)) ;
#2228=CARTESIAN_POINT('Control Point',(18.1571428571,0.,-15.6945265384)) ;
#2229=CARTESIAN_POINT('Control Point',(17.9723663921,-1.36609473733E-017,-15.9082961392)) ;
#2230=CARTESIAN_POINT('Control Point',(17.7836060273,-0.0254027412185,-16.1189376626)) ;
#2231=CARTESIAN_POINT('Control Point',(17.5951411256,-0.0805849709371,-16.322101849)) ;
#2232=CARTESIAN_POINT('Vertex',(18.1571428571,0.,-15.6945265384)) ;
#2235=CARTESIAN_POINT('Line Origine',(18.1571428571,0.,2.74334241521)) ;
#2248=CARTESIAN_POINT('Axis2P3D Location',(0.,-2.,1.07036751698)) ;
#2253=CARTESIAN_POINT('Axis2P3D Location',(-13.35,-2.,1.07036751698)) ;
#2257=CARTESIAN_POINT('Vertex',(-13.35,-0.89059960755,-0.5937330717)) ;
#2259=CARTESIAN_POINT('Vertex',(-13.35,0.,1.07036751698)) ;
#2262=CARTESIAN_POINT('Line Origine',(0.,0.,1.07036751698)) ;
#2266=CARTESIAN_POINT('Vertex',(-18.1571428571,0.,1.07036751698)) ;
#2270=CARTESIAN_POINT('Control Point',(-14.8289416798,-0.89059960755,-0.5937330717)) ;
#2271=CARTESIAN_POINT('Control Point',(-15.4048360662,-0.458678817736,-0.305785878491)) ;
#2272=CARTESIAN_POINT('Control Point',(-16.0957897255,-0.232799223485,0.0396994788119)) ;
#2273=CARTESIAN_POINT('Control Point',(-16.7668789811,-0.0724221405023,0.375222005799)) ;
#2274=CARTESIAN_POINT('Control Point',(-17.4636746036,-6.75616969777E-016,0.723632349962)) ;
#2275=CARTESIAN_POINT('Control Point',(-18.1571428571,-2.77555756156E-017,1.07036751698)) ;
#2276=CARTESIAN_POINT('Vertex',(-14.828942458,-0.89059960755,-0.5937330717)) ;
#2279=CARTESIAN_POINT('Line Origine',(0.,-0.89059960755,-0.5937330717)) ;
#2291=CARTESIAN_POINT('Axis2P3D Location',(-18.1571428571,-2.,2.74334241521)) ;
#2297=CARTESIAN_POINT('Control Point',(-16.1571428571,-2.,-3.73703418364)) ;
#2298=CARTESIAN_POINT('Control Point',(-16.1571428571,-1.61695613008,-3.22630902375)) ;
#2299=CARTESIAN_POINT('Control Point',(-16.2654446021,-1.23199631901,-2.71303000765)) ;
#2300=CARTESIAN_POINT('Control Point',(-16.4930419507,-0.890600084216,-2.25783366038)) ;
#2301=CARTESIAN_POINT('Vertex',(-16.4930419507,-0.890600084216,-2.25783366038)) ;
#2303=CARTESIAN_POINT('Vertex',(-16.1571428571,-2.,-3.73703418364)) ;
#2307=CARTESIAN_POINT('Control Point',(-16.4930422685,-0.89059960755,-2.25783366038)) ;
#2308=CARTESIAN_POINT('Control Point',(-16.7809894617,-0.458678817736,-1.68193927396)) ;
#2309=CARTESIAN_POINT('Control Point',(-17.126474819,-0.232799223485,-0.990985614668)) ;
#2310=CARTESIAN_POINT('Control Point',(-17.461997346,-0.0724221405021,-0.319896359066)) ;
#2311=CARTESIAN_POINT('Control Point',(-17.8104076901,-5.20417042793E-017,0.376899263407)) ;
#2312=CARTESIAN_POINT('Control Point',(-18.1571428571,0.,1.07036751698)) ;
#2314=CARTESIAN_POINT('Line Origine',(-18.1571428571,0.,2.74334241521)) ;
#2318=CARTESIAN_POINT('Vertex',(-18.1571428571,0.,-4.9690912915)) ;
#2322=CARTESIAN_POINT('Control Point',(-18.1571428571,-1.38777878078E-017,-4.9690912915)) ;
#2323=CARTESIAN_POINT('Control Point',(-17.9932936475,-7.94093388051E-017,-4.91459509402)) ;
#2324=CARTESIAN_POINT('Control Point',(-17.8248160014,-0.0167791021779,-4.8859754177)) ;
#2325=CARTESIAN_POINT('Control Point',(-17.6593070353,-0.0526278662461,-4.88795328626)) ;
#2326=CARTESIAN_POINT('Control Point',(-17.2340804889,-0.191535266461,-4.95816532143)) ;
#2327=CARTESIAN_POINT('Control Point',(-16.9024036157,-0.413804738085,-5.15580255654)) ;
#2328=CARTESIAN_POINT('Control Point',(-16.7312654587,-0.571140689212,-5.29729828335)) ;
#2329=CARTESIAN_POINT('Control Point',(-16.4336347838,-0.924967154727,-5.59605211835)) ;
#2330=CARTESIAN_POINT('Control Point',(-16.2540844712,-1.32588959062,-5.84669904731)) ;
#2331=CARTESIAN_POINT('Control Point',(-16.1894194593,-1.54549993055,-5.94856359449)) ;
#2332=CARTESIAN_POINT('Control Point',(-16.1571428571,-1.77274999787,-5.99960995725)) ;
#2333=CARTESIAN_POINT('Control Point',(-16.1571428571,-2.,-5.99960995725)) ;
#2334=CARTESIAN_POINT('Vertex',(-16.1571428571,-2.,-5.99960995725)) ;
#2337=CARTESIAN_POINT('Line Origine',(-16.1571428571,-2.,2.74334241521)) ;
#2350=CARTESIAN_POINT('Axis2P3D Location',(-17.3205080757,-15.6600000002,-10.)) ;
#2355=CARTESIAN_POINT('Line Origine',(-15.397678237,-15.6600000002,-7.56839036617)) ;
#2359=CARTESIAN_POINT('Vertex',(-15.3976897608,-5.39383202244,-7.56837750414)) ;
#2361=CARTESIAN_POINT('Vertex',(-15.397678237,-2.,-7.56839036617)) ;
#2365=CARTESIAN_POINT('Control Point',(-15.7234222837,-2.22044604925E-016,-7.34306248231)) ;
#2366=CARTESIAN_POINT('Control Point',(-15.5620900898,-0.459746700974,-7.44003930355)) ;
#2367=CARTESIAN_POINT('Control Point',(-15.4538233425,-0.953766014855,-7.52343105696)) ;
#2368=CARTESIAN_POINT('Control Point',(-15.397678237,-1.47673489837,-7.56839036617)) ;
#2369=CARTESIAN_POINT('Control Point',(-15.397678237,-2.,-7.56839036617)) ;
#2370=CARTESIAN_POINT('Vertex',(-15.7234222837,0.,-7.34306248231)) ;
#2373=CARTESIAN_POINT('Axis2P3D Location',(-17.3205080757,0.,-10.)) ;
#2377=CARTESIAN_POINT('Vertex',(-15.7234201383,0.,-12.6569362281)) ;
#2381=CARTESIAN_POINT('Control Point',(-15.397678237,-2.,-12.4316096338)) ;
#2382=CARTESIAN_POINT('Control Point',(-15.397678237,-1.47652497049,-12.4316096338)) ;
#2383=CARTESIAN_POINT('Control Point',(-15.4539214328,-0.9532129903,-12.4766441232)) ;
#2384=CARTESIAN_POINT('Control Point',(-15.5621252881,-0.459611761094,-12.5599816769)) ;
#2385=CARTESIAN_POINT('Control Point',(-15.7234201383,0.,-12.6569362281)) ;
#2386=CARTESIAN_POINT('Vertex',(-15.397678237,-2.,-12.4316096338)) ;
#2389=CARTESIAN_POINT('Line Origine',(-15.397678237,-15.6600000002,-12.4316096338)) ;
#2393=CARTESIAN_POINT('Vertex',(-15.397678237,-17.395034311,-12.4316096338)) ;
#2397=CARTESIAN_POINT('Control Point',(-15.397678237,-17.395034311,-12.4316096338)) ;
#2398=CARTESIAN_POINT('Control Point',(-15.2342413121,-17.0761029296,-12.3023695652)) ;
#2399=CARTESIAN_POINT('Control Point',(-15.0913560828,-16.7422000342,-12.1670631996)) ;
#2400=CARTESIAN_POINT('Control Point',(-14.9654346516,-16.3992929646,-12.0281067393)) ;
#2401=CARTESIAN_POINT('Control Point',(-14.6725959157,-15.4771377337,-11.654423123)) ;
#2402=CARTESIAN_POINT('Control Point',(-14.4722901044,-14.5187766608,-11.266067324)) ;
#2403=CARTESIAN_POINT('Control Point',(-14.3774283789,-13.9188292194,-11.0229514663)) ;
#2404=CARTESIAN_POINT('Control Point',(-14.2389538334,-12.6902058815,-10.5250781731)) ;
#2405=CARTESIAN_POINT('Control Point',(-14.2051282661,-11.4511207505,-10.0229650225)) ;
#2406=CARTESIAN_POINT('Control Point',(-14.2135405575,-10.823835858,-9.76877113748)) ;
#2407=CARTESIAN_POINT('Control Point',(-14.2957729893,-9.3157803391,-9.15766395931)) ;
#2408=CARTESIAN_POINT('Control Point',(-14.5380611102,-7.83029231776,-8.55570108921)) ;
#2409=CARTESIAN_POINT('Control Point',(-14.7404882396,-6.9831580022,-8.21242039933)) ;
#2410=CARTESIAN_POINT('Control Point',(-15.0118953281,-6.14669401476,-7.87345367817)) ;
#2411=CARTESIAN_POINT('Control Point',(-15.397678237,-5.39386069915,-7.56839036617)) ;
#2422=CARTESIAN_POINT('Axis2P3D Location',(18.1571428571,-2.,2.74334241521)) ;
#2427=CARTESIAN_POINT('Line Origine',(16.1571428571,-2.,2.74334241521)) ;
#2431=CARTESIAN_POINT('Vertex',(16.1571428571,-2.,-3.73703418364)) ;
#2433=CARTESIAN_POINT('Vertex',(16.1571428571,-2.,-5.99960995725)) ;
#2437=CARTESIAN_POINT('Control Point',(18.1571428571,0.,-4.96909129151)) ;
#2438=CARTESIAN_POINT('Control Point',(17.9932936795,-9.10560418298E-017,-4.91459510487)) ;
#2439=CARTESIAN_POINT('Control Point',(17.8248160539,-0.0167790956367,-4.8859754273)) ;
#2440=CARTESIAN_POINT('Control Point',(17.6593069735,-0.0526278864457,-4.88795329647)) ;
#2441=CARTESIAN_POINT('Control Point',(17.2340806615,-0.191535218365,-4.95816530331)) ;
#2442=CARTESIAN_POINT('Control Point',(16.9024039225,-0.41380453246,-5.1558023737)) ;
#2443=CARTESIAN_POINT('Control Point',(16.7312652516,-0.571140935321,-5.29729849115)) ;
#2444=CARTESIAN_POINT('Control Point',(16.4336346631,-0.924967363354,-5.59605226395)) ;
#2445=CARTESIAN_POINT('Control Point',(16.2540844009,-1.32588974743,-5.84669914535)) ;
#2446=CARTESIAN_POINT('Control Point',(16.1894194836,-1.54549975944,-5.94856355606)) ;
#2447=CARTESIAN_POINT('Control Point',(16.1571428571,-1.77274991231,-5.99960995725)) ;
#2448=CARTESIAN_POINT('Control Point',(16.1571428571,-2.,-5.99960995725)) ;
#2449=CARTESIAN_POINT('Vertex',(18.1571428571,0.,-4.96909129151)) ;
#2452=CARTESIAN_POINT('Line Origine',(18.1571428571,0.,2.74334241521)) ;
#2458=CARTESIAN_POINT('Control Point',(16.4930422685,-0.89059960755,-2.25783366038)) ;
#2459=CARTESIAN_POINT('Control Point',(16.7809894617,-0.458678817738,-1.68193927396)) ;
#2460=CARTESIAN_POINT('Control Point',(17.126474819,-0.232799223474,-0.990985614648)) ;
#2461=CARTESIAN_POINT('Control Point',(17.461997346,-0.0724221405047,-0.31989635906)) ;
#2462=CARTESIAN_POINT('Control Point',(17.8104076901,-1.81220779124E-016,0.37689926341)) ;
#2463=CARTESIAN_POINT('Control Point',(18.1571428571,-2.77555756156E-017,1.07036751698)) ;
#2464=CARTESIAN_POINT('Vertex',(16.493041931,-0.890600113689,-2.25783366038)) ;
#2468=CARTESIAN_POINT('Control Point',(16.1571428571,-2.,-3.73703418364)) ;
#2469=CARTESIAN_POINT('Control Point',(16.1571428571,-1.61695562437,-3.22630834947)) ;
#2470=CARTESIAN_POINT('Control Point',(16.2654449442,-1.23199581886,-2.71302939715)) ;
#2471=CARTESIAN_POINT('Control Point',(16.493041931,-0.890600113689,-2.25783366038)) ;
#2481=CARTESIAN_POINT('Axis2P3D Location',(-17.3205080757,0.1,-10.)) ;
#2486=CARTESIAN_POINT('Axis2P3D Location',(-17.3205080757,0.,-10.)) ;
#2490=CARTESIAN_POINT('Vertex',(-14.68776039,3.60822483003E-016,-11.4382766158)) ;
#2492=CARTESIAN_POINT('Vertex',(-19.9532557614,0.,-8.56172338419)) ;
#2495=CARTESIAN_POINT('Line Origine',(-14.68776039,-15.1050000002,-11.4382766158)) ;
#2499=CARTESIAN_POINT('Vertex',(-14.68776039,0.1,-11.4382766158)) ;
#2502=CARTESIAN_POINT('Axis2P3D Location',(-17.3205080757,0.1,-10.)) ;
#2506=CARTESIAN_POINT('Vertex',(-19.9532557614,0.1,-8.56172338419)) ;
#2509=CARTESIAN_POINT('Line Origine',(-19.9532557614,-15.1050000002,-8.56172338419)) ;
#2521=CARTESIAN_POINT('Axis2P3D Location',(-17.3205080757,0.,-10.)) ;
#2526=CARTESIAN_POINT('Axis2P3D Location',(-17.3205080757,0.1,-10.)) ;
#2538=CARTESIAN_POINT('Axis2P3D Location',(17.3205080757,0.1,-10.)) ;
#2543=CARTESIAN_POINT('Axis2P3D Location',(17.3205080757,0.,-10.)) ;
#2547=CARTESIAN_POINT('Vertex',(17.3912978316,0.,-12.9991646855)) ;
#2549=CARTESIAN_POINT('Vertex',(17.2497183198,3.60822483003E-016,-7.00083531455)) ;
#2552=CARTESIAN_POINT('Line Origine',(17.3912978316,-15.1050000002,-12.9991646855)) ;
#2556=CARTESIAN_POINT('Vertex',(17.3912978316,0.1,-12.9991646855)) ;
#2559=CARTESIAN_POINT('Axis2P3D Location',(17.3205080757,0.1,-10.)) ;
#2563=CARTESIAN_POINT('Vertex',(17.2497183198,0.1,-7.00083531455)) ;
#2566=CARTESIAN_POINT('Line Origine',(17.2497183198,-15.1050000002,-7.00083531455)) ;
#2578=CARTESIAN_POINT('Axis2P3D Location',(17.3205080757,0.,-10.)) ;
#2583=CARTESIAN_POINT('Axis2P3D Location',(17.3205080757,0.1,-10.)) ;
#2595=CARTESIAN_POINT('Axis2P3D Location',(17.3205080757,0.1,10.)) ;
#2600=CARTESIAN_POINT('Axis2P3D Location',(17.3205080757,0.,10.)) ;
#2604=CARTESIAN_POINT('Vertex',(19.9532557614,0.,8.56172338419)) ;
#2606=CARTESIAN_POINT('Vertex',(14.68776039,3.60822483003E-016,11.4382766158)) ;
#2609=CARTESIAN_POINT('Line Origine',(19.9532557614,-15.1050000002,8.56172338419)) ;
#2613=CARTESIAN_POINT('Vertex',(19.9532557614,0.1,8.56172338419)) ;
#2616=CARTESIAN_POINT('Axis2P3D Location',(17.3205080757,0.1,10.)) ;
#2620=CARTESIAN_POINT('Vertex',(14.68776039,0.1,11.4382766158)) ;
#2623=CARTESIAN_POINT('Line Origine',(14.68776039,-15.1050000002,11.4382766158)) ;
#2635=CARTESIAN_POINT('Axis2P3D Location',(17.3205080757,0.,10.)) ;
#2640=CARTESIAN_POINT('Axis2P3D Location',(17.3205080757,0.1,10.)) ;
#2652=CARTESIAN_POINT('Axis2P3D Location',(-17.3205080757,0.1,10.)) ;
#2657=CARTESIAN_POINT('Axis2P3D Location',(-17.3205080757,-4.16333634234E-017,10.)) ;
#2661=CARTESIAN_POINT('Vertex',(-17.2497183198,0.,7.00083531455)) ;
#2663=CARTESIAN_POINT('Vertex',(-17.3912978316,3.1918911958E-016,12.9991646855)) ;
#2666=CARTESIAN_POINT('Line Origine',(-17.2497183198,-15.1050000002,7.00083531455)) ;
#2670=CARTESIAN_POINT('Vertex',(-17.2497183198,0.1,7.00083531455)) ;
#2673=CARTESIAN_POINT('Axis2P3D Location',(-17.3205080757,0.1,10.)) ;
#2677=CARTESIAN_POINT('Vertex',(-17.3912978316,0.1,12.9991646855)) ;
#2680=CARTESIAN_POINT('Line Origine',(-17.3912978316,-15.1050000002,12.9991646855)) ;
#2692=CARTESIAN_POINT('Axis2P3D Location',(-17.3205080757,-4.16333634234E-017,10.)) ;
#2697=CARTESIAN_POINT('Axis2P3D Location',(-17.3205080757,0.1,10.)) ;
#2709=CARTESIAN_POINT('Axis2P3D Location',(3.5527136788E-015,0.1,20.)) ;
#2714=CARTESIAN_POINT('Axis2P3D Location',(3.5527136788E-015,0.,20.)) ;
#2718=CARTESIAN_POINT('Vertex',(-2.5619579298,3.60822483003E-016,18.4391119304)) ;
#2720=CARTESIAN_POINT('Vertex',(2.5619579298,0.,21.5608880696)) ;
#2723=CARTESIAN_POINT('Line Origine',(-2.5619579298,-15.1050000002,18.4391119304)) ;
#2727=CARTESIAN_POINT('Vertex',(-2.5619579298,0.1,18.4391119304)) ;
#2730=CARTESIAN_POINT('Axis2P3D Location',(3.5527136788E-015,0.1,20.)) ;
#2734=CARTESIAN_POINT('Vertex',(2.5619579298,0.1,21.5608880696)) ;
#2737=CARTESIAN_POINT('Line Origine',(2.5619579298,-15.1050000002,21.5608880696)) ;
#2749=CARTESIAN_POINT('Axis2P3D Location',(3.5527136788E-015,0.,20.)) ;
#2754=CARTESIAN_POINT('Axis2P3D Location',(3.5527136788E-015,0.1,20.)) ;
#2767=CARTESIAN_POINT('Control Point',(-13.35,-0.89059960755,-0.5937330717)) ;
#2768=CARTESIAN_POINT('Control Point',(-13.35,-3.16128677143,-2.10752451429)) ;
#2769=CARTESIAN_POINT('Control Point',(-13.5279309027,-5.44166792761,-3.62777861841)) ;
#2770=CARTESIAN_POINT('Control Point',(-13.35,-7.70266109919,-5.13510739946)) ;
#2771=CARTESIAN_POINT('Vertex',(-13.3502951223,-7.7028419841,-5.13487176557)) ;
#2775=CARTESIAN_POINT('Control Point',(-14.1571428571,-3.10940039245,-2.07293359497)) ;
#2776=CARTESIAN_POINT('Control Point',(-14.1571428571,-2.75687641934,-1.8379176129)) ;
#2777=CARTESIAN_POINT('Control Point',(-14.195978217,-2.40435264022,-1.60290176015)) ;
#2778=CARTESIAN_POINT('Control Point',(-14.2736392337,-2.05514368995,-1.3700957933)) ;
#2779=CARTESIAN_POINT('Control Point',(-14.426698109,-1.60849078782,-1.07232719188)) ;
#2780=CARTESIAN_POINT('Control Point',(-14.6497368462,-1.18142607935,-0.787617386233)) ;
#2781=CARTESIAN_POINT('Control Point',(-14.7055660529,-1.08308218604,-0.722054790691)) ;
#2782=CARTESIAN_POINT('Control Point',(-14.7652882178,-0.986080667554,-0.657387111702)) ;
#2783=CARTESIAN_POINT('Control Point',(-14.828942458,-0.89059960755,-0.5937330717)) ;
#2784=CARTESIAN_POINT('Vertex',(-14.1571428571,-3.10940039245,-2.07293359497)) ;
#2787=CARTESIAN_POINT('Line Origine',(-14.1571428571,-4.80632764797,-3.20421843198)) ;
#2791=CARTESIAN_POINT('Vertex',(-14.1571428571,-6.50325490349,-4.335503269)) ;
#2795=CARTESIAN_POINT('Control Point',(-13.35,-7.70266109919,-5.13510739946)) ;
#2796=CARTESIAN_POINT('Control Point',(-13.4471213034,-7.52194477079,-5.01462984719)) ;
#2797=CARTESIAN_POINT('Control Point',(-13.5507790004,-7.34309376652,-4.89539584435)) ;
#2798=CARTESIAN_POINT('Control Point',(-13.6614183585,-7.16641912601,-4.77761275067)) ;
#2799=CARTESIAN_POINT('Control Point',(-13.8242942493,-6.92645746434,-4.61763830956)) ;
#2800=CARTESIAN_POINT('Control Point',(-14.0028172032,-6.69257175251,-4.46171450168)) ;
#2801=CARTESIAN_POINT('Control Point',(-14.0529911053,-6.62891893793,-4.41927929195)) ;
#2802=CARTESIAN_POINT('Control Point',(-14.1044177919,-6.5657983158,-4.3771988772)) ;
#2803=CARTESIAN_POINT('Control Point',(-14.1571428571,-6.50325490349,-4.335503269)) ;
#2814=CARTESIAN_POINT('Control Point',(-16.4930422685,-0.89059960755,-2.25783366038)) ;
#2815=CARTESIAN_POINT('Control Point',(-16.3576435022,-1.09369775696,-1.81778766998)) ;
#2816=CARTESIAN_POINT('Control Point',(-16.090561254,-1.20900691847,-1.37774167958)) ;
#2817=CARTESIAN_POINT('Control Point',(-15.7090336606,-1.20900691847,-0.99621408612)) ;
#2818=CARTESIAN_POINT('Control Point',(-15.2689876702,-1.09369775696,-0.729131837976)) ;
#2819=CARTESIAN_POINT('Control Point',(-14.8289416798,-0.89059960755,-0.5937330717)) ;
#2820=CARTESIAN_POINT('Control Point',(-16.7819398356,-0.459853107055,-1.68003911811)) ;
#2821=CARTESIAN_POINT('Control Point',(-16.5796562732,-0.645860574792,-1.3692225935)) ;
#2822=CARTESIAN_POINT('Control Point',(-16.3218884827,-0.745466250564,-1.05840606889)) ;
#2823=CARTESIAN_POINT('Control Point',(-16.0283692367,-0.745466250564,-0.764886822971)) ;
#2824=CARTESIAN_POINT('Control Point',(-15.7175527245,-0.645860574792,-0.507119044772)) ;
#2825=CARTESIAN_POINT('Control Point',(-15.4067362221,-0.459853107055,-0.304835504541)) ;
#2826=CARTESIAN_POINT('Control Point',(-17.1253377016,-0.231582656411,-0.993241858398)) ;
#2827=CARTESIAN_POINT('Control Point',(-16.9333353786,-0.312280692073,-0.779506633266)) ;
#2828=CARTESIAN_POINT('Control Point',(-16.7307961415,-0.350691775008,-0.565771408133)) ;
#2829=CARTESIAN_POINT('Control Point',(-16.5210039762,-0.350691775008,-0.355979242828)) ;
#2830=CARTESIAN_POINT('Control Point',(-16.3072687352,-0.312280692073,-0.153439989887)) ;
#2831=CARTESIAN_POINT('Control Point',(-16.0935334818,-0.231582656411,0.0385623614286)) ;
#2832=CARTESIAN_POINT('Control Point',(-17.4621299338,-0.0722064310288,-0.319659222258)) ;
#2833=CARTESIAN_POINT('Control Point',(-17.3247909863,-0.106647139721,-0.179870781177)) ;
#2834=CARTESIAN_POINT('Control Point',(-17.1861808885,-0.124833080436,-0.0400823400962)) ;
#2835=CARTESIAN_POINT('Control Point',(-17.0466929658,-0.124833080436,0.0994055826105)) ;
#2836=CARTESIAN_POINT('Control Point',(-16.9069045369,-0.106647139721,0.238015668269)) ;
#2837=CARTESIAN_POINT('Control Point',(-16.7671161179,-0.0722064310287,0.375354593677)) ;
#2838=CARTESIAN_POINT('Control Point',(-17.8108047111,-0.000730013183442,0.377691250123)) ;
#2839=CARTESIAN_POINT('Control Point',(-17.7410903463,0.000355178304503,0.446740643322)) ;
#2840=CARTESIAN_POINT('Control Point',(-17.6717049444,0.00114440619001,0.51579003652)) ;
#2841=CARTESIAN_POINT('Control Point',(-17.602565386,0.00114440618999,0.584929594935)) ;
#2842=CARTESIAN_POINT('Control Point',(-17.5335159895,0.00035517830447,0.65431500016)) ;
#2843=CARTESIAN_POINT('Control Point',(-17.4644665903,-0.000730013183501,0.724029370924)) ;
#2844=CARTESIAN_POINT('Control Point',(-18.1571428571,-2.77555756156E-017,1.07036751698)) ;
#2845=CARTESIAN_POINT('Control Point',(-18.1571428571,-5.55111512313E-017,1.07036751698)) ;
#2846=CARTESIAN_POINT('Control Point',(-18.1571428571,0.,1.07036751698)) ;
#2847=CARTESIAN_POINT('Control Point',(-18.1571428571,0.,1.07036751698)) ;
#2848=CARTESIAN_POINT('Control Point',(-18.1571428571,5.55111512313E-017,1.07036751698)) ;
#2849=CARTESIAN_POINT('Control Point',(-18.1571428571,-2.77555756156E-017,1.07036751698)) ;
#2851=CARTESIAN_POINT('Control Point',(-16.4930422685,-0.89059960755,-2.25783366038)) ;
#2852=CARTESIAN_POINT('Control Point',(-16.3237938106,-1.14447229432,-1.70777617238)) ;
#2853=CARTESIAN_POINT('Control Point',(-15.9322747411,-1.25230996347,-1.15450059909)) ;
#2854=CARTESIAN_POINT('Control Point',(-15.3789991678,-1.14447229432,-0.762981529545)) ;
#2855=CARTESIAN_POINT('Control Point',(-14.8289416798,-0.89059960755,-0.5937330717)) ;
#2863=CARTESIAN_POINT('Line Origine',(-16.1571428571,-3.69693034958,-5.99960995725)) ;
#2867=CARTESIAN_POINT('Vertex',(-16.1571428571,-5.39386069915,-5.99960995725)) ;
#2870=CARTESIAN_POINT('Line Origine',(-16.1571428571,-3.69692725552,-4.86831902066)) ;
#2881=CARTESIAN_POINT('Axis2P3D Location',(-14.1571428571,-8.69467237623,-5.99960995725)) ;
#2886=CARTESIAN_POINT('Axis2P3D Location',(-14.1571428571,-5.39386069915,-5.99960995725)) ;
#2891=CARTESIAN_POINT('Axis2P3D Location',(-14.1571428571,-2.,-5.99960995725)) ;
#2903=CARTESIAN_POINT('Line Origine',(16.1571428571,-3.69693161491,-4.86832192692)) ;
#2907=CARTESIAN_POINT('Vertex',(16.1571428571,-5.39386322982,-5.99960967019)) ;
#2910=CARTESIAN_POINT('Line Origine',(16.1571428571,-3.69693177264,-5.99960995725)) ;
#2921=CARTESIAN_POINT('Axis2P3D Location',(-17.3205080757,1.8705,-10.)) ;
#2926=CARTESIAN_POINT('Line Origine',(-19.1763757984,0.98525,-8.98613484224)) ;
#2930=CARTESIAN_POINT('Vertex',(-18.3994958355,1.8705,-9.41054630029)) ;
#2933=CARTESIAN_POINT('Line Origine',(-15.4646403529,0.98525,-11.0138651578)) ;
#2937=CARTESIAN_POINT('Vertex',(-16.2415203158,1.8705,-10.5894536997)) ;
#2940=CARTESIAN_POINT('Axis2P3D Location',(-17.3205080757,1.8705,-10.)) ;
#2952=CARTESIAN_POINT('Axis2P3D Location',(-17.3205080757,1.8705,-10.)) ;
#2964=CARTESIAN_POINT('Axis2P3D Location',(17.3205080757,1.8705,-10.)) ;
#2969=CARTESIAN_POINT('Line Origine',(17.2706071969,0.98525,-7.88583882715)) ;
#2973=CARTESIAN_POINT('Vertex',(17.2914960741,1.8705,-8.77084233975)) ;
#2976=CARTESIAN_POINT('Line Origine',(17.3704089544,0.98525,-12.1141611729)) ;
#2980=CARTESIAN_POINT('Vertex',(17.3495200773,1.8705,-11.2291576603)) ;
#2983=CARTESIAN_POINT('Axis2P3D Location',(17.3205080757,1.8705,-10.)) ;
#2995=CARTESIAN_POINT('Axis2P3D Location',(17.3205080757,1.8705,-10.)) ;
#3007=CARTESIAN_POINT('Axis2P3D Location',(17.3205080757,1.8705,10.)) ;
#3012=CARTESIAN_POINT('Line Origine',(15.4646403529,0.98525,11.0138651578)) ;
#3016=CARTESIAN_POINT('Vertex',(16.2415203158,1.8705,10.5894536997)) ;
#3019=CARTESIAN_POINT('Line Origine',(19.1763757984,0.98525,8.98613484224)) ;
#3023=CARTESIAN_POINT('Vertex',(18.3994958355,1.8705,9.41054630029)) ;
#3026=CARTESIAN_POINT('Axis2P3D Location',(17.3205080757,1.8705,10.)) ;
#3038=CARTESIAN_POINT('Axis2P3D Location',(17.3205080757,1.8705,10.)) ;
#3050=CARTESIAN_POINT('Axis2P3D Location',(-17.3205080757,1.8705,10.)) ;
#3055=CARTESIAN_POINT('Line Origine',(-17.3704089544,0.98525,12.1141611729)) ;
#3059=CARTESIAN_POINT('Vertex',(-17.3495200773,1.8705,11.2291576603)) ;
#3062=CARTESIAN_POINT('Line Origine',(-17.2706071969,0.98525,7.88583882715)) ;
#3066=CARTESIAN_POINT('Vertex',(-17.2914960741,1.8705,8.77084233975)) ;
#3069=CARTESIAN_POINT('Axis2P3D Location',(-17.3205080757,1.8705,10.)) ;
#3081=CARTESIAN_POINT('Axis2P3D Location',(-17.3205080757,1.8705,10.)) ;
#3093=CARTESIAN_POINT('Axis2P3D Location',(3.5527136788E-015,1.8705,20.)) ;
#3098=CARTESIAN_POINT('Line Origine',(1.80596684401,0.98525,21.1002960151)) ;
#3102=CARTESIAN_POINT('Vertex',(1.04997575823,1.8705,20.6397039605)) ;
#3105=CARTESIAN_POINT('Line Origine',(-1.80596684401,0.98525,18.8997039849)) ;
#3109=CARTESIAN_POINT('Vertex',(-1.04997575823,1.8705,19.3602960395)) ;
#3112=CARTESIAN_POINT('Axis2P3D Location',(3.5527136788E-015,1.8705,20.)) ;
#3124=CARTESIAN_POINT('Axis2P3D Location',(3.5527136788E-015,1.8705,20.)) ;
#3136=CARTESIAN_POINT('Axis2P3D Location',(-14.1571428571,-4.73136158272,-5.55794190545)) ;
#3141=CARTESIAN_POINT('Axis2P3D Location',(-14.1571428571,-2.,-3.73703418364)) ;
#3146=CARTESIAN_POINT('Axis2P3D Location',(-14.1571428571,-5.39385451104,-5.99960385767)) ;
#3158=CARTESIAN_POINT('Axis2P3D Location',(-14.1571428571,-5.39385219857,-5.99960408937)) ;
#3164=CARTESIAN_POINT('Control Point',(-15.3976913094,-5.39383202246,-7.56837610149)) ;
#3165=CARTESIAN_POINT('Control Point',(-15.4342387704,-5.44390768228,-7.53947586269)) ;
#3166=CARTESIAN_POINT('Control Point',(-15.4669495369,-5.49167705664,-7.50988171696)) ;
#3167=CARTESIAN_POINT('Control Point',(-15.4968466236,-5.5372579315,-7.47953478351)) ;
#3168=CARTESIAN_POINT('Control Point',(-15.5519383562,-5.62397278858,-7.41728607345)) ;
#3169=CARTESIAN_POINT('Control Point',(-15.5956930104,-5.70306769881,-7.35580681377)) ;
#3170=CARTESIAN_POINT('Control Point',(-15.6158049737,-5.74081005129,-7.32472779372)) ;
#3171=CARTESIAN_POINT('Control Point',(-15.6528975995,-5.8125877021,-7.26191672674)) ;
#3172=CARTESIAN_POINT('Control Point',(-15.6817513601,-5.87880590444,-7.2011185145)) ;
#3173=CARTESIAN_POINT('Control Point',(-15.6950881585,-5.91046807214,-7.17046294069)) ;
#3174=CARTESIAN_POINT('Control Point',(-15.719605182,-5.97085487174,-7.10888734887)) ;
#3175=CARTESIAN_POINT('Control Point',(-15.738052979,-6.02745490851,-7.04930700113)) ;
#3176=CARTESIAN_POINT('Control Point',(-15.746575812,-6.05458200381,-7.01923324732)) ;
#3177=CARTESIAN_POINT('Control Point',(-15.7696858846,-6.13264081128,-6.92884916647)) ;
#3178=CARTESIAN_POINT('Control Point',(-15.7824731787,-6.20504160647,-6.84144406766)) ;
#3179=CARTESIAN_POINT('Control Point',(-15.7897502472,-6.24933393483,-6.78119940161)) ;
#3180=CARTESIAN_POINT('Control Point',(-15.7971816847,-6.33488452117,-6.66157035142)) ;
#3181=CARTESIAN_POINT('Control Point',(-15.7932298908,-6.41409522304,-6.53844772186)) ;
#3182=CARTESIAN_POINT('Control Point',(-15.7902383918,-6.45017581728,-6.47467732259)) ;
#3183=CARTESIAN_POINT('Control Point',(-15.7766880468,-6.50881038431,-6.37786179693)) ;
#3184=CARTESIAN_POINT('Control Point',(-15.7589505373,-6.56071675887,-6.27343153386)) ;
#3185=CARTESIAN_POINT('Control Point',(-15.7521054993,-6.57783794987,-6.23800990947)) ;
#3186=CARTESIAN_POINT('Control Point',(-15.7342543863,-6.61434362082,-6.16559957957)) ;
#3187=CARTESIAN_POINT('Control Point',(-15.7149635912,-6.64605752748,-6.0887084385)) ;
#3188=CARTESIAN_POINT('Control Point',(-15.7039187494,-6.66201163861,-6.04945237551)) ;
#3189=CARTESIAN_POINT('Control Point',(-15.6826019982,-6.68853419992,-5.98843948357)) ;
#3190=CARTESIAN_POINT('Control Point',(-15.6607435139,-6.71081786229,-5.92450701111)) ;
#3191=CARTESIAN_POINT('Control Point',(-15.652827545,-6.71843469893,-5.90287634209)) ;
#3192=CARTESIAN_POINT('Control Point',(-15.6351306665,-6.7344868128,-5.85871766352)) ;
#3193=CARTESIAN_POINT('Control Point',(-15.6172648246,-6.74821081304,-5.81323935724)) ;
#3194=CARTESIAN_POINT('Control Point',(-15.6075498155,-6.75529964114,-5.79011248894)) ;
#3195=CARTESIAN_POINT('Control Point',(-15.5856571586,-6.77047176512,-5.7424039169)) ;
#3196=CARTESIAN_POINT('Control Point',(-15.5636783288,-6.78275926742,-5.69340361199)) ;
#3197=CARTESIAN_POINT('Control Point',(-15.5516115768,-6.78920602518,-5.6682496986)) ;
#3198=CARTESIAN_POINT('Control Point',(-15.5249432224,-6.80281356002,-5.61731094978)) ;
#3199=CARTESIAN_POINT('Control Point',(-15.4982904136,-6.81298697079,-5.56524117468)) ;
#3200=CARTESIAN_POINT('Control Point',(-15.4839856672,-6.81824938644,-5.53905728719)) ;
#3201=CARTESIAN_POINT('Control Point',(-15.4518084844,-6.82961123051,-5.48481107242)) ;
#3202=CARTESIAN_POINT('Control Point',(-15.4197584146,-6.83697021946,-5.42970442642)) ;
#3203=CARTESIAN_POINT('Control Point',(-15.402137888,-6.84090272718,-5.40133704183)) ;
#3204=CARTESIAN_POINT('Control Point',(-15.3628120849,-6.84929463573,-5.34295617795)) ;
#3205=CARTESIAN_POINT('Control Point',(-15.3237442478,-6.85296078001,-5.28411616488)) ;
#3206=CARTESIAN_POINT('Control Point',(-15.3024166243,-6.85493911297,-5.25404390923)) ;
#3207=CARTESIAN_POINT('Control Point',(-15.2550535491,-6.85898437505,-5.19228907268)) ;
#3208=CARTESIAN_POINT('Control Point',(-15.2080831464,-6.85766032973,-5.13067204866)) ;
#3209=CARTESIAN_POINT('Control Point',(-15.1824680207,-6.8569959201,-5.09923132727)) ;
#3210=CARTESIAN_POINT('Control Point',(-15.1260707875,-6.85511919188,-5.03502692569)) ;
#3211=CARTESIAN_POINT('Control Point',(-15.070188982,-6.84732211616,-4.97175959755)) ;
#3212=CARTESIAN_POINT('Control Point',(-15.0398074861,-6.84319618607,-4.93961675338)) ;
#3213=CARTESIAN_POINT('Control Point',(-14.9737837424,-6.8336098404,-4.87462982338)) ;
#3214=CARTESIAN_POINT('Control Point',(-14.908357369,-6.81773937434,-4.8115776053)) ;
#3215=CARTESIAN_POINT('Control Point',(-14.873001228,-6.80928311781,-4.77981256822)) ;
#3216=CARTESIAN_POINT('Control Point',(-14.7975306571,-6.79023938592,-4.71654655132)) ;
#3217=CARTESIAN_POINT('Control Point',(-14.7226622871,-6.7648387866,-4.65636988932)) ;
#3218=CARTESIAN_POINT('Control Point',(-14.6826092352,-6.75130003336,-4.62648147724)) ;
#3219=CARTESIAN_POINT('Control Point',(-14.5990036737,-6.72151077461,-4.56814340123)) ;
#3220=CARTESIAN_POINT('Control Point',(-14.5158976289,-6.68566750273,-4.51411824082)) ;
#3221=CARTESIAN_POINT('Control Point',(-14.4720970373,-6.66665496817,-4.48787344537)) ;
#3222=CARTESIAN_POINT('Control Point',(-14.3829599069,-6.62578698325,-4.4379121308)) ;
#3223=CARTESIAN_POINT('Control Point',(-14.2941086641,-6.57957278551,-4.39342589027)) ;
#3224=CARTESIAN_POINT('Control Point',(-14.2482060916,-6.5552968366,-4.37252131405)) ;
#3225=CARTESIAN_POINT('Control Point',(-14.202698886,-6.5298095441,-4.35320758729)) ;
#3226=CARTESIAN_POINT('Control Point',(-14.1571916965,-6.50325102392,-4.33550062718)) ;
#3234=CARTESIAN_POINT('Axis2P3D Location',(-14.1571428571,-17.3950352491,-14.0003907081)) ;
#3239=CARTESIAN_POINT('Axis2P3D Location',(-14.1571428571,-17.3950352491,-14.0003907081)) ;
#3244=CARTESIAN_POINT('Axis2P3D Location',(-14.1571428571,-17.3950352491,-14.0003907081)) ;
#3248=CARTESIAN_POINT('Vertex',(-14.1571428571,-18.504436553,-12.3362910353)) ;
#3252=CARTESIAN_POINT('Control Point',(-15.397678644,-17.3950369593,-12.4316109075)) ;
#3253=CARTESIAN_POINT('Control Point',(-15.2630385474,-17.5795260248,-12.3251424646)) ;
#3254=CARTESIAN_POINT('Control Point',(-15.0820755231,-17.7929491727,-12.2338526731)) ;
#3255=CARTESIAN_POINT('Control Point',(-14.8307437247,-18.051790444,-12.1634237434)) ;
#3256=CARTESIAN_POINT('Control Point',(-14.4924379062,-18.3087367479,-12.2058243105)) ;
#3257=CARTESIAN_POINT('Control Point',(-14.1571419792,-18.5044353578,-12.3362902003)) ;
#3266=CARTESIAN_POINT('Control Point',(-15.39767863,-17.3950369254,-12.4316108639)) ;
#3267=CARTESIAN_POINT('Control Point',(-15.3058087652,-17.5209209635,-12.3589634798)) ;
#3268=CARTESIAN_POINT('Control Point',(-15.2024779046,-17.6468050563,-12.3008095937)) ;
#3269=CARTESIAN_POINT('Control Point',(-15.0890993098,-17.770750538,-12.2582699928)) ;
#3270=CARTESIAN_POINT('Control Point',(-14.8457914673,-18.0108891532,-12.2057492758)) ;
#3271=CARTESIAN_POINT('Control Point',(-14.5772676864,-18.2284773617,-12.2189422539)) ;
#3272=CARTESIAN_POINT('Control Point',(-14.4386714454,-18.3298709094,-12.2421207991)) ;
#3273=CARTESIAN_POINT('Control Point',(-14.2979074431,-18.4222788509,-12.2815191051)) ;
#3274=CARTESIAN_POINT('Control Point',(-14.157143502,-18.5044373178,-12.3362915452)) ;
#3275=CARTESIAN_POINT('Control Point',(-14.9669614586,-16.5545331709,-12.0910146158)) ;
#3276=CARTESIAN_POINT('Control Point',(-14.8640357617,-16.6850006756,-11.983175838)) ;
#3277=CARTESIAN_POINT('Control Point',(-14.7438649133,-16.8154682828,-11.8918684255)) ;
#3278=CARTESIAN_POINT('Control Point',(-14.6084280114,-16.9433824178,-11.819070646)) ;
#3279=CARTESIAN_POINT('Control Point',(-14.3122663373,-17.1890007422,-11.7131490436)) ;
#3280=CARTESIAN_POINT('Control Point',(-13.9774653286,-17.4051155574,-11.6887364646)) ;
#3281=CARTESIAN_POINT('Control Point',(-13.803385525,-17.503523335,-11.6974557053)) ;
#3282=CARTESIAN_POINT('Control Point',(-13.6259648381,-17.5902915978,-11.7268610513)) ;
#3283=CARTESIAN_POINT('Control Point',(-13.4485442796,-17.6639335634,-11.7759557089)) ;
#3284=CARTESIAN_POINT('Control Point',(-14.6782577044,-15.6125051507,-11.7092779158)) ;
#3285=CARTESIAN_POINT('Control Point',(-14.5783819025,-15.7486150686,-11.5644625128)) ;
#3286=CARTESIAN_POINT('Control Point',(-14.4539753487,-15.8847251797,-11.4372107101)) ;
#3287=CARTESIAN_POINT('Control Point',(-14.3075510677,-16.0175104188,-11.3308245304)) ;
#3288=CARTESIAN_POINT('Control Point',(-13.9779379101,-16.2697888598,-11.1646144333)) ;
#3289=CARTESIAN_POINT('Control Point',(-13.5919204396,-16.4839792341,-11.0964691893)) ;
#3290=CARTESIAN_POINT('Control Point',(-13.389084397,-16.5786710709,-11.0881622323)) ;
#3291=CARTESIAN_POINT('Control Point',(-13.1813321044,-16.6585294547,-11.1056880236)) ;
#3292=CARTESIAN_POINT('Control Point',(-12.9735800813,-16.7219055431,-11.1479370288)) ;
#3293=CARTESIAN_POINT('Control Point',(-14.4702085862,-14.6595735792,-11.3231221829)) ;
#3294=CARTESIAN_POINT('Control Point',(-14.3824968752,-14.8022451639,-11.1447011145)) ;
#3295=CARTESIAN_POINT('Control Point',(-14.2620369745,-14.9449171256,-10.9830298219)) ;
#3296=CARTESIAN_POINT('Control Point',(-14.1116106851,-15.0833425904,-10.8432272701)) ;
#3297=CARTESIAN_POINT('Control Point',(-13.7601532236,-15.3432221917,-10.6154209535)) ;
#3298=CARTESIAN_POINT('Control Point',(-13.3306201266,-15.5549910972,-10.5005497594)) ;
#3299=CARTESIAN_POINT('Control Point',(-13.10210252,-15.6452956229,-10.473707551)) ;
#3300=CARTESIAN_POINT('Control Point',(-12.866703788,-15.71717653,-10.4781160175)) ;
#3301=CARTESIAN_POINT('Control Point',(-12.6313056322,-15.7689739717,-10.5126493144)) ;
#3302=CARTESIAN_POINT('Control Point',(-14.249397021,-13.0643392059,-10.6766878416)) ;
#3303=CARTESIAN_POINT('Control Point',(-14.1948079304,-13.219726657,-10.4490133465)) ;
#3304=CARTESIAN_POINT('Control Point',(-14.0931506515,-13.3751150216,-10.233493458)) ;
#3305=CARTESIAN_POINT('Control Point',(-13.9468793104,-13.5244236,-10.0389456552)) ;
#3306=CARTESIAN_POINT('Control Point',(-13.5774198663,-13.7987573296,-9.707070253)) ;
#3307=CARTESIAN_POINT('Control Point',(-13.088100529,-14.0054851473,-9.50927208772)) ;
#3308=CARTESIAN_POINT('Control Point',(-12.8219266064,-14.0871632988,-9.44885572906)) ;
#3309=CARTESIAN_POINT('Control Point',(-12.5449800528,-14.1437003881,-9.42913465437)) ;
#3310=CARTESIAN_POINT('Control Point',(-12.2680350868,-14.1737395984,-9.44915973224)) ;
#3311=CARTESIAN_POINT('Control Point',(-14.2049808032,-11.4510757905,-10.0229467912)) ;
#3312=CARTESIAN_POINT('Control Point',(-14.2016295131,-11.6240952767,-9.76093737869)) ;
#3313=CARTESIAN_POINT('Control Point',(-14.1369742649,-11.797117298,-9.50001733168)) ;
#3314=CARTESIAN_POINT('Control Point',(-14.0112343519,-11.9613745107,-9.25345479536)) ;
#3315=CARTESIAN_POINT('Control Point',(-13.6511270109,-12.2549310974,-8.81504834101)) ;
#3316=CARTESIAN_POINT('Control Point',(-13.1193317524,-12.4536687696,-8.52256814299)) ;
#3317=CARTESIAN_POINT('Control Point',(-12.8217869811,-12.5230424159,-8.42203349942)) ;
#3318=CARTESIAN_POINT('Control Point',(-12.5083727902,-12.5586839375,-8.37245528232)) ;
#3319=CARTESIAN_POINT('Control Point',(-12.1949631848,-12.560476183,-8.37365078864)) ;
#3320=CARTESIAN_POINT('Control Point',(-14.2134167189,-10.8239340096,-9.76881091722)) ;
#3321=CARTESIAN_POINT('Control Point',(-14.2324933989,-11.0047253508,-9.49618167678)) ;
#3322=CARTESIAN_POINT('Control Point',(-14.1849037742,-11.1855200907,-9.21927270914)) ;
#3323=CARTESIAN_POINT('Control Point',(-14.0696266759,-11.3563445875,-8.95314217717)) ;
#3324=CARTESIAN_POINT('Control Point',(-13.7173072633,-11.6582491486,-8.4731677833)) ;
#3325=CARTESIAN_POINT('Control Point',(-13.1715541768,-11.8533137965,-8.14193719292)) ;
#3326=CARTESIAN_POINT('Control Point',(-12.8626867244,-11.9172126152,-8.02467323145)) ;
#3327=CARTESIAN_POINT('Control Point',(-12.5357610848,-11.94370359,-7.96246952345)) ;
#3328=CARTESIAN_POINT('Control Point',(-12.20884168,-11.933334402,-7.95555626803)) ;
#3329=CARTESIAN_POINT('Control Point',(-14.2959482094,-9.3156252572,-9.15760110737)) ;
#3330=CARTESIAN_POINT('Control Point',(-14.3736227697,-9.51790263734,-8.86696894489)) ;
#3331=CARTESIAN_POINT('Control Point',(-14.3725685159,-9.72018634452,-8.55634601793)) ;
#3332=CARTESIAN_POINT('Control Point',(-14.287892964,-9.90910031024,-8.24511930241)) ;
#3333=CARTESIAN_POINT('Control Point',(-13.9640141635,-10.2337062225,-7.66494950988)) ;
#3334=CARTESIAN_POINT('Control Point',(-13.3918177608,-10.4181688317,-7.2350748516)) ;
#3335=CARTESIAN_POINT('Control Point',(-13.0585477641,-10.4667839315,-7.07432195673)) ;
#3336=CARTESIAN_POINT('Control Point',(-12.7015778739,-10.4681659707,-6.97877666152)) ;
#3337=CARTESIAN_POINT('Control Point',(-12.3446192213,-10.4250256496,-6.95001709977)) ;
#3338=CARTESIAN_POINT('Control Point',(-14.5378212394,-7.83045337765,-8.55576636697)) ;
#3339=CARTESIAN_POINT('Control Point',(-14.6837370363,-8.06399300918,-8.27085545788)) ;
#3340=CARTESIAN_POINT('Control Point',(-14.7425734394,-8.2975454762,-7.94270736519)) ;
#3341=CARTESIAN_POINT('Control Point',(-14.7027337107,-8.51253596092,-7.59418925804)) ;
#3342=CARTESIAN_POINT('Control Point',(-14.4333217438,-8.86879841249,-6.91590397697)) ;
#3343=CARTESIAN_POINT('Control Point',(-13.8540716421,-9.0362327758,-6.37147030988)) ;
#3344=CARTESIAN_POINT('Control Point',(-13.5038877821,-9.06209169977,-6.15703379028)) ;
#3345=CARTESIAN_POINT('Control Point',(-13.1232028919,-9.02765613033,-6.01843833824)) ;
#3346=CARTESIAN_POINT('Control Point',(-12.7425394689,-8.9398537701,-5.9599025134)) ;
#3347=CARTESIAN_POINT('Control Point',(-14.7401790847,-6.98145931351,-8.2117297341)) ;
#3348=CARTESIAN_POINT('Control Point',(-14.9251212765,-7.23798220421,-7.94012134715)) ;
#3349=CARTESIAN_POINT('Control Point',(-15.0203866397,-7.49452392558,-7.60903878072)) ;
#3350=CARTESIAN_POINT('Control Point',(-15.0098304458,-7.7285786648,-7.24270349204)) ;
#3351=CARTESIAN_POINT('Control Point',(-14.7804064084,-8.10752413355,-6.5091863944)) ;
#3352=CARTESIAN_POINT('Control Point',(-14.2076949592,-8.26177299446,-5.89165946205)) ;
#3353=CARTESIAN_POINT('Control Point',(-13.8531865465,-8.27069665508,-5.64156084743)) ;
#3354=CARTESIAN_POINT('Control Point',(-13.4643042796,-8.21025616103,-5.47350792283)) ;
#3355=CARTESIAN_POINT('Control Point',(-13.0754506627,-8.09085970596,-5.39390647064)) ;
#3356=CARTESIAN_POINT('Control Point',(-15.0119292161,-6.14662973235,-7.87343294753)) ;
#3357=CARTESIAN_POINT('Control Point',(-15.239860288,-6.43383038441,-7.63032258231)) ;
#3358=CARTESIAN_POINT('Control Point',(-15.3785896752,-6.72105906677,-7.30761451467)) ;
#3359=CARTESIAN_POINT('Control Point',(-15.405287123,-6.98043844504,-6.92945808181)) ;
#3360=CARTESIAN_POINT('Control Point',(-15.2297314053,-7.38897469779,-6.14323227899)) ;
#3361=CARTESIAN_POINT('Control Point',(-14.6715977478,-7.52483287534,-5.44185383106)) ;
#3362=CARTESIAN_POINT('Control Point',(-14.314773853,-7.51089906306,-5.14878374477)) ;
#3363=CARTESIAN_POINT('Control Point',(-13.9186275996,-7.4161175219,-4.94407364684)) ;
#3364=CARTESIAN_POINT('Control Point',(-13.5225235124,-7.2560301248,-4.83735341653)) ;
#3365=CARTESIAN_POINT('Control Point',(-15.3977121244,-5.39378838023,-7.56835981905)) ;
#3366=CARTESIAN_POINT('Control Point',(-15.6415558394,-5.72791588438,-7.37554251577)) ;
#3367=CARTESIAN_POINT('Control Point',(-15.8047674592,-6.06209163838,-7.08068245486)) ;
#3368=CARTESIAN_POINT('Control Point',(-15.8601755301,-6.35979859515,-6.70419316278)) ;
#3369=CARTESIAN_POINT('Control Point',(-15.7423438988,-6.81139552046,-5.87778347498)) ;
#3370=CARTESIAN_POINT('Control Point',(-15.2373755468,-6.91677321606,-5.08111494943)) ;
#3371=CARTESIAN_POINT('Control Point',(-14.9044844604,-6.86722136755,-4.73445612193)) ;
#3372=CARTESIAN_POINT('Control Point',(-14.5308145575,-6.72126000921,-4.48084112928)) ;
#3373=CARTESIAN_POINT('Control Point',(-14.1571986072,-6.50318877267,-4.33545918178)) ;
#3375=CARTESIAN_POINT('Control Point',(-13.3499998859,-7.70266131158,-5.13510754105)) ;
#3376=CARTESIAN_POINT('Control Point',(-13.3222794506,-8.05490879726,-5.36993922034)) ;
#3377=CARTESIAN_POINT('Control Point',(-13.3049403841,-8.39002299292,-5.60969308367)) ;
#3378=CARTESIAN_POINT('Control Point',(-13.29281217,-8.71169284488,-5.85035524396)) ;
#3379=CARTESIAN_POINT('Control Point',(-13.2737652557,-9.36225541928,-6.35001508689)) ;
#3380=CARTESIAN_POINT('Control Point',(-13.2630184176,-9.99001470199,-6.84376304604)) ;
#3381=CARTESIAN_POINT('Control Point',(-13.2583176646,-10.3119755126,-7.09562095138)) ;
#3382=CARTESIAN_POINT('Control Point',(-13.2468263881,-11.2715510689,-7.83303381665)) ;
#3383=CARTESIAN_POINT('Control Point',(-13.2425691889,-12.2422152625,-8.52191983625)) ;
#3384=CARTESIAN_POINT('Control Point',(-13.2437807805,-12.9010804414,-8.95054691942)) ;
#3385=CARTESIAN_POINT('Control Point',(-13.2514887893,-14.1569202281,-9.70133175944)) ;
#3386=CARTESIAN_POINT('Control Point',(-13.2709828477,-15.4652704929,-10.4277670625)) ;
#3387=CARTESIAN_POINT('Control Point',(-13.2835189123,-16.073660829,-10.7656020976)) ;
#3388=CARTESIAN_POINT('Control Point',(-13.3015908241,-16.689989282,-11.1266594218)) ;
#3389=CARTESIAN_POINT('Control Point',(-13.3499976094,-17.3050338807,-11.5366892538)) ;
#3390=CARTESIAN_POINT('Vertex',(-13.3502893315,-17.3051799085,-11.5364344132)) ;
#3394=CARTESIAN_POINT('Control Point',(-14.1571418347,-18.5044353402,-12.3362902268)) ;
#3395=CARTESIAN_POINT('Control Point',(-14.0818114683,-18.4150822785,-12.276721519)) ;
#3396=CARTESIAN_POINT('Control Point',(-14.0091353584,-18.3245540748,-12.2163693832)) ;
#3397=CARTESIAN_POINT('Control Point',(-13.9389808446,-18.2329809158,-12.1553206105)) ;
#3398=CARTESIAN_POINT('Control Point',(-13.7660744613,-17.9968711379,-11.9979140919)) ;
#3399=CARTESIAN_POINT('Control Point',(-13.6081888236,-17.755234041,-11.836822694)) ;
#3400=CARTESIAN_POINT('Control Point',(-13.5173532983,-17.6065864188,-11.7377242792)) ;
#3401=CARTESIAN_POINT('Control Point',(-13.4313785385,-17.4564614311,-11.6376409541)) ;
#3402=CARTESIAN_POINT('Control Point',(-13.3499976094,-17.3050338807,-11.5366892538)) ;
#3414=CARTESIAN_POINT('Control Point',(-16.1571428571,-2.,-3.73703418364)) ;
#3415=CARTESIAN_POINT('Control Point',(-16.1571428571,-2.17426420614,-3.47563787443)) ;
#3416=CARTESIAN_POINT('Control Point',(-16.0954716713,-2.34853117316,-3.2142374239)) ;
#3417=CARTESIAN_POINT('Control Point',(-15.9720365996,-2.51382830754,-2.96629172233)) ;
#3418=CARTESIAN_POINT('Control Point',(-15.6149645333,-2.80865396981,-2.52405322893)) ;
#3419=CARTESIAN_POINT('Control Point',(-15.083460012,-3.00672191506,-2.22695131105)) ;
#3420=CARTESIAN_POINT('Control Point',(-14.7854663651,-3.07519137353,-2.12424712334)) ;
#3421=CARTESIAN_POINT('Control Point',(-14.4713021225,-3.10940039245,-2.07293359497)) ;
#3422=CARTESIAN_POINT('Control Point',(-14.1571428571,-3.10940039245,-2.07293359497)) ;
#3423=CARTESIAN_POINT('Control Point',(-16.1571428571,-1.77017367805,-3.4305990877)) ;
#3424=CARTESIAN_POINT('Control Point',(-16.1371176064,-1.93736630505,-3.1798101472)) ;
#3425=CARTESIAN_POINT('Control Point',(-16.060423873,-2.09747408393,-2.92901823251)) ;
#3426=CARTESIAN_POINT('Control Point',(-15.9280223918,-2.24260849782,-2.69004014028)) ;
#3427=CARTESIAN_POINT('Control Point',(-15.5649643716,-2.48878912336,-2.25922078221)) ;
#3428=CARTESIAN_POINT('Control Point',(-15.047183943,-2.62910061379,-1.95713824965)) ;
#3429=CARTESIAN_POINT('Control Point',(-14.7599680212,-2.66830034946,-1.84697355827)) ;
#3430=CARTESIAN_POINT('Control Point',(-14.4585536519,-2.67474077224,-1.78316051483)) ;
#3431=CARTESIAN_POINT('Control Point',(-14.1571428571,-2.64974774854,-1.76649849903)) ;
#3432=CARTESIAN_POINT('Control Point',(-16.1901554436,-1.54034723883,-3.12416421163)) ;
#3433=CARTESIAN_POINT('Control Point',(-16.1521364999,-1.6956004874,-2.8826550371)) ;
#3434=CARTESIAN_POINT('Control Point',(-16.0632168209,-1.83811872288,-2.64114368349)) ;
#3435=CARTESIAN_POINT('Control Point',(-15.9250920233,-1.96124264014,-2.41004109911)) ;
#3436=CARTESIAN_POINT('Control Point',(-15.5629401112,-2.15789616338,-1.98938463797)) ;
#3437=CARTESIAN_POINT('Control Point',(-15.0661471338,-2.24384033012,-1.68315198107)) ;
#3438=CARTESIAN_POINT('Control Point',(-14.7933151655,-2.25619787338,-1.56652993767)) ;
#3439=CARTESIAN_POINT('Control Point',(-14.5082403289,-2.23754594399,-1.491697296)) ;
#3440=CARTESIAN_POINT('Control Point',(-14.22316803,-2.19009543443,-1.46006362296)) ;
#3441=CARTESIAN_POINT('Control Point',(-16.2561182275,-1.31427214629,-2.82273012607)) ;
#3442=CARTESIAN_POINT('Control Point',(-16.2035814668,-1.45377826112,-2.58936313835)) ;
#3443=CARTESIAN_POINT('Control Point',(-16.1062276084,-1.57630129663,-2.35599453205)) ;
#3444=CARTESIAN_POINT('Control Point',(-15.9661589638,-1.67639955005,-2.13182429196)) ;
#3445=CARTESIAN_POINT('Control Point',(-15.6120822342,-1.82379868667,-1.72021338303)) ;
#3446=CARTESIAN_POINT('Control Point',(-15.1425718852,-1.85899044282,-1.41049617134)) ;
#3447=CARTESIAN_POINT('Control Point',(-14.8870220189,-1.84683320662,-1.2882621686)) ;
#3448=CARTESIAN_POINT('Control Point',(-14.6210569461,-1.80555154599,-1.20370110032)) ;
#3449=CARTESIAN_POINT('Control Point',(-14.3550936823,-1.73794430609,-1.15862953739)) ;
#3450=CARTESIAN_POINT('Control Point',(-16.3564833147,-1.09543796366,-2.53095146874)) ;
#3451=CARTESIAN_POINT('Control Point',(-16.2938223762,-1.21651257573,-2.30473407219)) ;
#3452=CARTESIAN_POINT('Control Point',(-16.1924179389,-1.31761183951,-2.07851545749)) ;
#3453=CARTESIAN_POINT('Control Point',(-16.0545216805,-1.3944075466,-1.8604493782)) ;
#3454=CARTESIAN_POINT('Control Point',(-15.7160069458,-1.4938052901,-1.45687944406)) ;
#3455=CARTESIAN_POINT('Control Point',(-15.2798967806,-1.48200622673,-1.14422361058)) ;
#3456=CARTESIAN_POINT('Control Point',(-15.0443708022,-1.44756516486,-1.01710388948)) ;
#3457=CARTESIAN_POINT('Control Point',(-14.8000966492,-1.38593445658,-0.923956290492)) ;
#3458=CARTESIAN_POINT('Control Point',(-14.5558237904,-1.3002763201,-0.866850880067)) ;
#3459=CARTESIAN_POINT('Control Point',(-16.4930426798,-0.890599513364,-2.25783366038)) ;
#3460=CARTESIAN_POINT('Control Point',(-16.4253433176,-0.992148609387,-2.03781065968)) ;
#3461=CARTESIAN_POINT('Control Point',(-16.3247259196,-1.07175296244,-1.81778673)) ;
#3462=CARTESIAN_POINT('Control Point',(-16.1934035925,-1.12604840248,-1.6050212329)) ;
#3463=CARTESIAN_POINT('Control Point',(-15.8782883431,-1.18032734533,-1.20848753432)) ;
#3464=CARTESIAN_POINT('Control Point',(-15.4817547338,-1.12604844275,-0.893372217216)) ;
#3465=CARTESIAN_POINT('Control Point',(-15.2689892854,-1.07175302219,-0.762049862965)) ;
#3466=CARTESIAN_POINT('Control Point',(-15.0489654068,-0.992148687287,-0.661432445438)) ;
#3467=CARTESIAN_POINT('Control Point',(-14.828942458,-0.89059960755,-0.5937330717)) ;
#3476=CARTESIAN_POINT('Control Point',(-18.1571428559,1.737249547E-008,-4.9690912915)) ;
#3477=CARTESIAN_POINT('Control Point',(-18.1056062738,1.79345409358E-008,-5.27899454261)) ;
#3478=CARTESIAN_POINT('Control Point',(-18.0540688754,0.061671204668,-5.58890270354)) ;
#3479=CARTESIAN_POINT('Control Point',(-18.0051841991,0.185106277428,-5.88285933689)) ;
#3480=CARTESIAN_POINT('Control Point',(-17.9179929897,0.542178346356,-6.40716339977)) ;
#3481=CARTESIAN_POINT('Control Point',(-17.8594167332,1.07368287095,-6.75939809936)) ;
#3482=CARTESIAN_POINT('Control Point',(-17.8391676992,1.37167651956,-6.88116095782)) ;
#3483=CARTESIAN_POINT('Control Point',(-17.8290507858,1.68584076401,-6.94199666539)) ;
#3484=CARTESIAN_POINT('Control Point',(-17.829050786,2.00000003124,-6.94199666608)) ;
#3485=CARTESIAN_POINT('Control Point',(-17.9932936267,2.76349273272E-007,-4.91459509402)) ;
#3486=CARTESIAN_POINT('Control Point',(-17.9615022847,-0.00422182930031,-5.23050676324)) ;
#3487=CARTESIAN_POINT('Control Point',(-17.9246580104,0.0542820237026,-5.5464236872)) ;
#3488=CARTESIAN_POINT('Control Point',(-17.8844356529,0.175826640472,-5.8458061195)) ;
#3489=CARTESIAN_POINT('Control Point',(-17.8016683843,0.531636676384,-6.37864396082)) ;
#3490=CARTESIAN_POINT('Control Point',(-17.7226993908,1.06603483674,-6.73344918708)) ;
#3491=CARTESIAN_POINT('Control Point',(-17.6862787409,1.36630088525,-6.85466615534)) ;
#3492=CARTESIAN_POINT('Control Point',(-17.6549062942,1.68315333761,-6.91303642103)) ;
#3493=CARTESIAN_POINT('Control Point',(-17.629861542,2.00000051725,-6.90887151496)) ;
#3494=CARTESIAN_POINT('Control Point',(-17.8248830084,-0.0166657173966,-4.88583900681)) ;
#3495=CARTESIAN_POINT('Control Point',(-17.8151856279,-0.0212447942695,-5.20383571136)) ;
#3496=CARTESIAN_POINT('Control Point',(-17.7950145963,0.0364635226307,-5.52183774826)) ;
#3497=CARTESIAN_POINT('Control Point',(-17.76485273,0.156803611412,-5.82316358636)) ;
#3498=CARTESIAN_POINT('Control Point',(-17.6878562176,0.509510180102,-6.35932458134)) ;
#3499=CARTESIAN_POINT('Control Point',(-17.5868824782,1.03973034037,-6.71598225459)) ;
#3500=CARTESIAN_POINT('Control Point',(-17.5327251102,1.33771725673,-6.83767004223)) ;
#3501=CARTESIAN_POINT('Control Point',(-17.4778819855,1.65219552675,-6.89602399696)) ;
#3502=CARTESIAN_POINT('Control Point',(-17.4251270771,1.96666852378,-6.89139232621)) ;
#3503=CARTESIAN_POINT('Control Point',(-17.659190284,-0.0526952888682,-4.88800024054)) ;
#3504=CARTESIAN_POINT('Control Point',(-17.6702290288,-0.0521598428122,-5.20266040538)) ;
#3505=CARTESIAN_POINT('Control Point',(-17.6657102308,0.00830609085323,-5.51732551374)) ;
#3506=CARTESIAN_POINT('Control Point',(-17.6450003408,0.128749544705,-5.815821438)) ;
#3507=CARTESIAN_POINT('Control Point',(-17.5733921945,0.476601202891,-6.34833474685)) ;
#3508=CARTESIAN_POINT('Control Point',(-17.4514646989,0.993726617444,-6.70637650573)) ;
#3509=CARTESIAN_POINT('Control Point',(-17.3803977212,1.28356523861,-6.8302755235)) ;
#3510=CARTESIAN_POINT('Control Point',(-17.303094039,1.58908979671,-6.89236542813)) ;
#3511=CARTESIAN_POINT('Control Point',(-17.2236966814,1.89460956617,-6.89270610504)) ;
#3512=CARTESIAN_POINT('Control Point',(-17.2342869334,-0.191416046974,-4.95808229491)) ;
#3513=CARTESIAN_POINT('Control Point',(-17.2883403182,-0.170082039326,-5.25455117807)) ;
#3514=CARTESIAN_POINT('Control Point',(-17.3156541825,-0.0983312767326,-5.55102345094)) ;
#3515=CARTESIAN_POINT('Control Point',(-17.3135470484,0.0228160452115,-5.83368992563)) ;
#3516=CARTESIAN_POINT('Control Point',(-17.2506006507,0.352055462855,-6.34393460359)) ;
#3517=CARTESIAN_POINT('Control Point',(-17.0813230887,0.818079819041,-6.70354986518)) ;
#3518=CARTESIAN_POINT('Control Point',(-16.9728172743,1.07609047571,-6.83549951182)) ;
#3519=CARTESIAN_POINT('Control Point',(-16.845863426,1.34663058099,-6.91310550293)) ;
#3520=CARTESIAN_POINT('Control Point',(-16.7071474992,1.61716765159,-6.93530478912)) ;
#3521=CARTESIAN_POINT('Control Point',(-16.902038572,-0.414015546941,-5.15594936749)) ;
#3522=CARTESIAN_POINT('Control Point',(-16.9638244101,-0.367011761374,-5.42057408948)) ;
#3523=CARTESIAN_POINT('Control Point',(-16.9951067756,-0.283386046594,-5.68520043235)) ;
#3524=CARTESIAN_POINT('Control Point',(-16.9934045117,-0.165081057315,-5.93960579633)) ;
#3525=CARTESIAN_POINT('Control Point',(-16.9241773522,0.131302415503,-6.40759626852)) ;
#3526=CARTESIAN_POINT('Control Point',(-16.7337294172,0.520818428709,-6.7620173057)) ;
#3527=CARTESIAN_POINT('Control Point',(-16.6107544157,0.732289768696,-6.9028101645)) ;
#3528=CARTESIAN_POINT('Control Point',(-16.4650994848,0.952130198304,-7.00141339453)) ;
#3529=CARTESIAN_POINT('Control Point',(-16.3032377456,1.17196935606,-7.05557730564)) ;
#3530=CARTESIAN_POINT('Control Point',(-16.7314348042,-0.571202088724,-5.29727874025)) ;
#3531=CARTESIAN_POINT('Control Point',(-16.7865998087,-0.51553032793,-5.5440578698)) ;
#3532=CARTESIAN_POINT('Control Point',(-16.8115677365,-0.430799695443,-5.79083810507)) ;
#3533=CARTESIAN_POINT('Control Point',(-16.8044699086,-0.318942128443,-6.02916316961)) ;
#3534=CARTESIAN_POINT('Control Point',(-16.7267436857,-0.0488532628087,-6.47203597528)) ;
#3535=CARTESIAN_POINT('Control Point',(-16.5315625648,0.293207067567,-6.8201865647)) ;
#3536=CARTESIAN_POINT('Control Point',(-16.406972163,0.477057978806,-6.96375993042)) ;
#3537=CARTESIAN_POINT('Control Point',(-16.2598354986,0.667327302407,-7.07168352803)) ;
#3538=CARTESIAN_POINT('Control Point',(-16.0958370977,0.857595806128,-7.14148315392)) ;
#3539=CARTESIAN_POINT('Control Point',(-16.4334516268,-0.924900747606,-5.59607325535)) ;
#3540=CARTESIAN_POINT('Control Point',(-16.4698292942,-0.862868310268,-5.80989453106)) ;
#3541=CARTESIAN_POINT('Control Point',(-16.4785271549,-0.785042737612,-6.02371614304)) ;
#3542=CARTESIAN_POINT('Control Point',(-16.4586726389,-0.693030188307,-6.23209123699)) ;
#3543=CARTESIAN_POINT('Control Point',(-16.3630377823,-0.48531307458,-6.62706828565)) ;
#3544=CARTESIAN_POINT('Control Point',(-16.1633789396,-0.241244301156,-6.95979634495)) ;
#3545=CARTESIAN_POINT('Control Point',(-16.0394823234,-0.112875697382,-7.10591310621)) ;
#3546=CARTESIAN_POINT('Control Point',(-15.8948198874,0.018661490265,-7.22787268895)) ;
#3547=CARTESIAN_POINT('Control Point',(-15.7335829907,0.150198522551,-7.32310335336)) ;
#3548=CARTESIAN_POINT('Control Point',(-16.254282566,-1.32596141376,-5.84667618643)) ;
#3549=CARTESIAN_POINT('Control Point',(-16.2678742093,-1.28022478544,-6.0389000244)) ;
#3550=CARTESIAN_POINT('Control Point',(-16.2582513004,-1.22686569138,-6.23112404551)) ;
#3551=CARTESIAN_POINT('Control Point',(-16.2251953563,-1.16674690403,-6.41950101792)) ;
#3552=CARTESIAN_POINT('Control Point',(-16.11364747,-1.0352953558,-6.78087387031)) ;
#3553=CARTESIAN_POINT('Control Point',(-15.9174761253,-0.886696625211,-7.09788985188)) ;
#3554=CARTESIAN_POINT('Control Point',(-15.7997878917,-0.809428683127,-7.24190495248)) ;
#3555=CARTESIAN_POINT('Control Point',(-15.6648950104,-0.730675728168,-7.36847392632)) ;
#3556=CARTESIAN_POINT('Control Point',(-15.5157696749,-0.651922846734,-7.47543062088)) ;
#3557=CARTESIAN_POINT('Control Point',(-16.1894206147,-1.5455416448,-5.94846624958)) ;
#3558=CARTESIAN_POINT('Control Point',(-16.1940428264,-1.51312880734,-6.13277891353)) ;
#3559=CARTESIAN_POINT('Control Point',(-16.1773606972,-1.47610158075,-6.31709170349)) ;
#3560=CARTESIAN_POINT('Control Point',(-16.1392902687,-1.43500625394,-6.49808531003)) ;
#3561=CARTESIAN_POINT('Control Point',(-16.0217738609,-1.346092924,-6.84680063431)) ;
#3562=CARTESIAN_POINT('Control Point',(-15.8271508234,-1.24692006188,-7.15710705134)) ;
#3563=CARTESIAN_POINT('Control Point',(-15.711966656,-1.19556436855,-7.29968824761)) ;
#3564=CARTESIAN_POINT('Control Point',(-15.5810225212,-1.1433237587,-7.42708215338)) ;
#3565=CARTESIAN_POINT('Control Point',(-15.4369178764,-1.09108317916,-7.53730301597)) ;
#3566=CARTESIAN_POINT('Control Point',(-16.1571428571,-1.77274999787,-5.99960995725)) ;
#3567=CARTESIAN_POINT('Control Point',(-16.1571428571,-1.75654612099,-6.17995243691)) ;
#3568=CARTESIAN_POINT('Control Point',(-16.1368162445,-1.73803262337,-6.3602950207)) ;
#3569=CARTESIAN_POINT('Control Point',(-16.0961596477,-1.71748365175,-6.53758230457)) ;
#3570=CARTESIAN_POINT('Control Point',(-15.9755870304,-1.67302257883,-6.8799396742)) ;
#3571=CARTESIAN_POINT('Control Point',(-15.781832562,-1.62342946017,-7.18686886895)) ;
#3572=CARTESIAN_POINT('Control Point',(-15.6679881266,-1.59774802291,-7.32872507925)) ;
#3573=CARTESIAN_POINT('Control Point',(-15.5391371115,-1.57162400178,-7.45652975293)) ;
#3574=CARTESIAN_POINT('Control Point',(-15.397678237,-1.54549999574,-7.56839036617)) ;
#3575=CARTESIAN_POINT('Control Point',(-16.1571428571,-2.,-5.99960995725)) ;
#3576=CARTESIAN_POINT('Control Point',(-16.1571428571,-2.,-6.17995243691)) ;
#3577=CARTESIAN_POINT('Control Point',(-16.1368162445,-2.,-6.3602950207)) ;
#3578=CARTESIAN_POINT('Control Point',(-16.0961596477,-2.,-6.53758230457)) ;
#3579=CARTESIAN_POINT('Control Point',(-15.9755870304,-2.,-6.8799396742)) ;
#3580=CARTESIAN_POINT('Control Point',(-15.781832562,-2.,-7.18686886895)) ;
#3581=CARTESIAN_POINT('Control Point',(-15.6679881266,-2.,-7.32872507925)) ;
#3582=CARTESIAN_POINT('Control Point',(-15.5391371115,-2.,-7.45652975293)) ;
#3583=CARTESIAN_POINT('Control Point',(-15.397678237,-2.,-7.56839036617)) ;
#3585=CARTESIAN_POINT('Control Point',(-15.7234225335,1.83186799063E-015,-7.3430628993)) ;
#3586=CARTESIAN_POINT('Control Point',(-16.0209244051,1.80575405033E-015,-7.16423305137)) ;
#3587=CARTESIAN_POINT('Control Point',(-16.2886476633,8.72632695071E-008,-6.94668846451)) ;
#3588=CARTESIAN_POINT('Control Point',(-16.5221742254,-9.31572730363E-007,-6.71064351596)) ;
#3589=CARTESIAN_POINT('Control Point',(-16.8398398722,4.85381737167E-007,-6.35027928034)) ;
#3590=CARTESIAN_POINT('Control Point',(-17.1279443119,-2.52900737224E-007,-5.99870038887)) ;
#3591=CARTESIAN_POINT('Control Point',(-17.2246282529,-2.28466771359E-007,-5.88035710094)) ;
#3592=CARTESIAN_POINT('Control Point',(-17.4446368617,2.90959662389E-007,-5.61627047551)) ;
#3593=CARTESIAN_POINT('Control Point',(-17.6792049469,-3.70546336485E-007,-5.36352403486)) ;
#3594=CARTESIAN_POINT('Control Point',(-17.8213399128,4.95622434343E-007,-5.22472451594)) ;
#3595=CARTESIAN_POINT('Control Point',(-17.9809843844,2.51045314491E-007,-5.09145446289)) ;
#3596=CARTESIAN_POINT('Control Point',(-18.1571428559,1.73724954422E-008,-4.9690912915)) ;
#3606=CARTESIAN_POINT('Control Point',(-13.35,-17.3050383289,-11.5366922193)) ;
#3607=CARTESIAN_POINT('Control Point',(-13.5500665983,-19.8470350553,-13.2313567035)) ;
#3608=CARTESIAN_POINT('Control Point',(-13.4686749021,-22.4146591619,-14.9431061079)) ;
#3609=CARTESIAN_POINT('Control Point',(-13.35,-24.9637320357,-16.6424880238)) ;
#3610=CARTESIAN_POINT('Vertex',(-13.3502400302,-24.9638822228,-16.6422974389)) ;
#3613=CARTESIAN_POINT('Line Origine',(-14.1571428571,-20.2457192217,-13.4971461478)) ;
#3617=CARTESIAN_POINT('Vertex',(-14.1571442869,-21.9870018905,-14.6580012603)) ;
#3621=CARTESIAN_POINT('Control Point',(-14.1571442869,-21.9870018905,-14.6580012603)) ;
#3622=CARTESIAN_POINT('Control Point',(-14.1571437855,-22.0843417486,-14.722894499)) ;
#3623=CARTESIAN_POINT('Control Point',(-14.1545112959,-22.1816817175,-14.7877878116)) ;
#3624=CARTESIAN_POINT('Control Point',(-14.1492469803,-22.2789099402,-14.8526066268)) ;
#3625=CARTESIAN_POINT('Control Point',(-14.1220945246,-22.6120468894,-15.0746979263)) ;
#3626=CARTESIAN_POINT('Control Point',(-14.0635342547,-22.9411166474,-15.294077765)) ;
#3627=CARTESIAN_POINT('Control Point',(-14.0059689015,-23.1705348113,-15.4470232075)) ;
#3628=CARTESIAN_POINT('Control Point',(-13.9301444606,-23.3987251036,-15.5991500691)) ;
#3629=CARTESIAN_POINT('Control Point',(-13.8359307294,-23.6175844193,-15.7450562795)) ;
#3630=CARTESIAN_POINT('Control Point',(-13.8340799275,-23.6218638727,-15.7479092485)) ;
#3631=CARTESIAN_POINT('Control Point',(-13.8322220684,-23.6261397026,-15.7507598017)) ;
#3632=CARTESIAN_POINT('Control Point',(-13.8303571449,-23.6304118833,-15.7536079222)) ;
#3633=CARTESIAN_POINT('Vertex',(-13.8303571429,-23.6304118809,-15.7536079206)) ;
#3637=CARTESIAN_POINT('Control Point',(-13.35,-24.9637320357,-16.6424880238)) ;
#3638=CARTESIAN_POINT('Control Point',(-13.4284306544,-24.6939010043,-16.4626006696)) ;
#3639=CARTESIAN_POINT('Control Point',(-13.5152353814,-24.4253794688,-16.2835863125)) ;
#3640=CARTESIAN_POINT('Control Point',(-13.6108037429,-24.1583851105,-16.1055900737)) ;
#3641=CARTESIAN_POINT('Control Point',(-13.7156349079,-23.8932181726,-15.9288121151)) ;
#3642=CARTESIAN_POINT('Control Point',(-13.8303571429,-23.6304118809,-15.7536079206)) ;
#3653=CARTESIAN_POINT('Control Point',(-16.1571457196,-20.8776036806,-16.3221050068)) ;
#3654=CARTESIAN_POINT('Control Point',(-16.1571465825,-21.0518681916,-16.0607082007)) ;
#3655=CARTESIAN_POINT('Control Point',(-16.0954759997,-21.2261354636,-15.7993072085)) ;
#3656=CARTESIAN_POINT('Control Point',(-15.972041226,-21.3914328557,-15.5513609932)) ;
#3657=CARTESIAN_POINT('Control Point',(-15.6149691617,-21.6862588462,-15.1091216816)) ;
#3658=CARTESIAN_POINT('Control Point',(-15.0834636682,-21.8843266483,-14.8120195479)) ;
#3659=CARTESIAN_POINT('Control Point',(-14.7854693435,-21.9527958923,-14.7093154501)) ;
#3660=CARTESIAN_POINT('Control Point',(-14.4713043265,-21.987004552,-14.6580022249)) ;
#3661=CARTESIAN_POINT('Control Point',(-14.1571442869,-21.9870040731,-14.6580027154)) ;
#3662=CARTESIAN_POINT('Control Point',(-16.1571418919,-21.2166218177,-16.7741289629)) ;
#3663=CARTESIAN_POINT('Control Point',(-16.1866812616,-21.4013173547,-16.497085771)) ;
#3664=CARTESIAN_POINT('Control Point',(-16.1471699551,-21.5860168003,-16.2130674247)) ;
#3665=CARTESIAN_POINT('Control Point',(-16.0369613338,-21.7601327182,-15.9379445969)) ;
#3666=CARTESIAN_POINT('Control Point',(-15.6887192908,-22.0661880001,-15.4385101396)) ;
#3667=CARTESIAN_POINT('Control Point',(-15.1369703993,-22.259357981,-15.0886914731)) ;
#3668=CARTESIAN_POINT('Control Point',(-14.8230785253,-22.3204907466,-14.9633169604)) ;
#3669=CARTESIAN_POINT('Control Point',(-14.4901069275,-22.3424076929,-14.8949387798)) ;
#3670=CARTESIAN_POINT('Control Point',(-14.1571423762,-22.3260222102,-14.8840148068)) ;
#3671=CARTESIAN_POINT('Control Point',(-16.0932854993,-21.5556412809,-17.2261546049)) ;
#3672=CARTESIAN_POINT('Control Point',(-16.1567840415,-21.7526937482,-16.9389212605)) ;
#3673=CARTESIAN_POINT('Control Point',(-16.1442867441,-21.9497518112,-16.6356561963)) ;
#3674=CARTESIAN_POINT('Control Point',(-16.0518980976,-22.1342705302,-16.3347168594)) ;
#3675=CARTESIAN_POINT('Control Point',(-15.7203579143,-22.4533775029,-15.7778480438)) ;
#3676=CARTESIAN_POINT('Control Point',(-15.1535647828,-22.6404449262,-15.3714005189)) ;
#3677=CARTESIAN_POINT('Control Point',(-14.8256762247,-22.6927859864,-15.2210469236)) ;
#3678=CARTESIAN_POINT('Control Point',(-14.4754401973,-22.7002643488,-15.1335107249)) ;
#3679=CARTESIAN_POINT('Control Point',(-14.1252141796,-22.6650416734,-15.1100277822)) ;
#3680=CARTESIAN_POINT('Control Point',(-15.9656861916,-21.8898053723,-17.671707585)) ;
#3681=CARTESIAN_POINT('Control Point',(-16.0662440065,-22.1017618056,-17.3812491805)) ;
#3682=CARTESIAN_POINT('Control Point',(-16.084855506,-22.3137264045,-17.0634310287)) ;
#3683=CARTESIAN_POINT('Control Point',(-16.0145703387,-22.5107311143,-16.7389625457)) ;
#3684=CARTESIAN_POINT('Control Point',(-15.7075818091,-22.8452346587,-16.1254532242)) ;
#3685=CARTESIAN_POINT('Control Point',(-15.1317306861,-23.0245359842,-15.658192427)) ;
#3686=CARTESIAN_POINT('Control Point',(-14.7922390498,-23.0661406881,-15.480170434)) ;
#3687=CARTESIAN_POINT('Control Point',(-14.4268197187,-23.0563811199,-15.370923255)) ;
#3688=CARTESIAN_POINT('Control Point',(-14.0614145644,-22.9992057647,-15.3328038432)) ;
#3689=CARTESIAN_POINT('Control Point',(-15.7709257847,-22.2147828178,-18.1050102387)) ;
#3690=CARTESIAN_POINT('Control Point',(-15.910690959,-22.4452133057,-17.8203499083)) ;
#3691=CARTESIAN_POINT('Control Point',(-15.9642956916,-22.6756558832,-17.4944765878)) ;
#3692=CARTESIAN_POINT('Control Point',(-15.9206629785,-22.8880572009,-17.1499518206)) ;
#3693=CARTESIAN_POINT('Control Point',(-15.6469022424,-23.2411924167,-16.4816891936)) ;
#3694=CARTESIAN_POINT('Control Point',(-15.0688953758,-23.4103392169,-15.9485642449)) ;
#3695=CARTESIAN_POINT('Control Point',(-14.7205300162,-23.4384647555,-15.7394055201)) ;
#3696=CARTESIAN_POINT('Control Point',(-14.3422718921,-23.4075749272,-15.605049881)) ;
#3697=CARTESIAN_POINT('Control Point',(-13.9640343187,-23.3241832103,-15.5494554735)) ;
#3698=CARTESIAN_POINT('Control Point',(-15.5035714325,-22.5210114909,-18.5133151742)) ;
#3699=CARTESIAN_POINT('Control Point',(-15.678713631,-22.7757844338,-18.2458374)) ;
#3700=CARTESIAN_POINT('Control Point',(-15.7665345919,-23.0305766054,-17.9211535699)) ;
#3701=CARTESIAN_POINT('Control Point',(-15.7513472435,-23.2631050568,-17.5624163443)) ;
#3702=CARTESIAN_POINT('Control Point',(-15.517895899,-23.6399095125,-16.8443476807)) ;
#3703=CARTESIAN_POINT('Control Point',(-14.9495937755,-23.7946960303,-16.2400484465)) ;
#3704=CARTESIAN_POINT('Control Point',(-14.5988908824,-23.8047657808,-15.9953065121)) ;
#3705=CARTESIAN_POINT('Control Point',(-14.2146095131,-23.7465373702,-15.8310249151)) ;
#3706=CARTESIAN_POINT('Control Point',(-13.8303571449,-23.6304118833,-15.7536079222)) ;
#3708=CARTESIAN_POINT('Control Point',(-16.1571457196,-20.8776036806,-16.3221050068)) ;
#3709=CARTESIAN_POINT('Control Point',(-16.1571474454,-21.2261327027,-15.7993113946)) ;
#3710=CARTESIAN_POINT('Control Point',(-15.9111181322,-21.5749869078,-15.2760298292)) ;
#3711=CARTESIAN_POINT('Control Point',(-15.4143706782,-21.8505326206,-14.8627108371)) ;
#3712=CARTESIAN_POINT('Control Point',(-14.7854643661,-21.9870050309,-14.6580017345)) ;
#3713=CARTESIAN_POINT('Control Point',(-14.1571442869,-21.9870040731,-14.6580027154)) ;
#3716=CARTESIAN_POINT('Control Point',(-16.1571457196,-20.8776036806,-16.3221050068)) ;
#3717=CARTESIAN_POINT('Control Point',(-16.1571446206,-20.9749431022,-16.4518908371)) ;
#3718=CARTESIAN_POINT('Control Point',(-16.1518795928,-21.0722826331,-16.5816768064)) ;
#3719=CARTESIAN_POINT('Control Point',(-16.1413509613,-21.1695104177,-16.711313786)) ;
#3720=CARTESIAN_POINT('Control Point',(-16.0870460402,-21.5026469267,-17.1554956467)) ;
#3721=CARTESIAN_POINT('Control Point',(-15.9699256494,-21.831716255,-17.5942551191)) ;
#3722=CARTESIAN_POINT('Control Point',(-15.8547949079,-22.0611344188,-17.9001460951)) ;
#3723=CARTESIAN_POINT('Control Point',(-15.7031460647,-22.2893247112,-18.2043994595)) ;
#3724=CARTESIAN_POINT('Control Point',(-15.5147186016,-22.5081840269,-18.4962118876)) ;
#3725=CARTESIAN_POINT('Control Point',(-15.5110169977,-22.5124634803,-18.5019178258)) ;
#3726=CARTESIAN_POINT('Control Point',(-15.5073012795,-22.5167393101,-18.5076189326)) ;
#3727=CARTESIAN_POINT('Control Point',(-15.5035714325,-22.5210114909,-18.5133151742)) ;
#3730=CARTESIAN_POINT('Control Point',(-15.5035714325,-22.5210114909,-18.5133151742)) ;
#3731=CARTESIAN_POINT('Control Point',(-15.8538558296,-23.0305573767,-17.9783596259)) ;
#3732=CARTESIAN_POINT('Control Point',(-15.8583401012,-23.5422378746,-17.2137751418)) ;
#3733=CARTESIAN_POINT('Control Point',(-15.370586072,-23.8656360882,-16.4093005794)) ;
#3734=CARTESIAN_POINT('Control Point',(-14.5988618814,-23.8626628571,-15.9084419079)) ;
#3735=CARTESIAN_POINT('Control Point',(-13.8303571449,-23.6304118833,-15.7536079222)) ;
#3744=CARTESIAN_POINT('Axis2P3D Location',(17.3205080757,0.1,-10.)) ;
#3749=CARTESIAN_POINT('Axis2P3D Location',(17.3205080757,4.,-10.)) ;
#3753=CARTESIAN_POINT('Vertex',(17.3495200773,4.,-11.2291576603)) ;
#3755=CARTESIAN_POINT('Vertex',(17.2914960741,4.,-8.77084233975)) ;
#3758=CARTESIAN_POINT('Line Origine',(17.2914960741,3.09025000015,-8.77084233975)) ;
#3763=CARTESIAN_POINT('Line Origine',(17.3495200773,3.09025000015,-11.2291576603)) ;
#3775=CARTESIAN_POINT('Axis2P3D Location',(17.3205080757,4.,-10.)) ;
#3787=CARTESIAN_POINT('Axis2P3D Location',(-17.3205080757,0.1,-10.)) ;
#3792=CARTESIAN_POINT('Axis2P3D Location',(-17.3205080757,4.,-10.)) ;
#3796=CARTESIAN_POINT('Vertex',(-18.3994958355,4.,-9.41054630029)) ;
#3798=CARTESIAN_POINT('Vertex',(-16.2415203158,4.,-10.5894536997)) ;
#3801=CARTESIAN_POINT('Line Origine',(-16.2415203158,3.09025000015,-10.5894536997)) ;
#3806=CARTESIAN_POINT('Line Origine',(-18.3994958355,3.09025000015,-9.41054630029)) ;
#3818=CARTESIAN_POINT('Axis2P3D Location',(-17.3205080757,4.,-10.)) ;
#3830=CARTESIAN_POINT('Axis2P3D Location',(-17.3205080757,0.1,10.)) ;
#3835=CARTESIAN_POINT('Axis2P3D Location',(-17.3205080757,4.,10.)) ;
#3839=CARTESIAN_POINT('Vertex',(-17.3495200773,4.,11.2291576603)) ;
#3841=CARTESIAN_POINT('Vertex',(-17.2914960741,4.,8.77084233975)) ;
#3844=CARTESIAN_POINT('Line Origine',(-17.2914960741,3.09025000016,8.77084233975)) ;
#3849=CARTESIAN_POINT('Line Origine',(-17.3495200773,3.09025000016,11.2291576603)) ;
#3861=CARTESIAN_POINT('Axis2P3D Location',(-17.3205080757,4.,10.)) ;
#3873=CARTESIAN_POINT('Axis2P3D Location',(3.5527136788E-015,0.1,20.)) ;
#3878=CARTESIAN_POINT('Axis2P3D Location',(3.5527136788E-015,4.,20.)) ;
#3882=CARTESIAN_POINT('Vertex',(1.04997575823,4.,20.6397039605)) ;
#3884=CARTESIAN_POINT('Vertex',(-1.04997575823,4.,19.3602960395)) ;
#3887=CARTESIAN_POINT('Line Origine',(-1.04997575823,3.09025000015,19.3602960395)) ;
#3892=CARTESIAN_POINT('Line Origine',(1.04997575823,3.09025000015,20.6397039605)) ;
#3904=CARTESIAN_POINT('Axis2P3D Location',(3.5527136788E-015,4.,20.)) ;
#3916=CARTESIAN_POINT('Axis2P3D Location',(17.3205080757,0.1,10.)) ;
#3921=CARTESIAN_POINT('Axis2P3D Location',(17.3205080757,4.,10.)) ;
#3925=CARTESIAN_POINT('Vertex',(16.2415203158,4.,10.5894536997)) ;
#3927=CARTESIAN_POINT('Vertex',(18.3994958355,4.,9.41054630029)) ;
#3930=CARTESIAN_POINT('Line Origine',(18.3994958355,3.09025000015,9.41054630029)) ;
#3935=CARTESIAN_POINT('Line Origine',(16.2415203158,3.09025000015,10.5894536997)) ;
#3947=CARTESIAN_POINT('Axis2P3D Location',(17.3205080757,4.,10.)) ;
#3960=CARTESIAN_POINT('Control Point',(17.829050786,2.00000003122,-6.94199666609)) ;
#3961=CARTESIAN_POINT('Control Point',(17.8290507857,1.68584076416,-6.94199666551)) ;
#3962=CARTESIAN_POINT('Control Point',(17.839167699,1.37167651985,-6.88116095804)) ;
#3963=CARTESIAN_POINT('Control Point',(17.8594167329,1.07368287134,-6.75939809965)) ;
#3964=CARTESIAN_POINT('Control Point',(17.9179929893,0.542178346851,-6.40716340014)) ;
#3965=CARTESIAN_POINT('Control Point',(18.0051841988,0.185106277835,-5.8828593372)) ;
#3966=CARTESIAN_POINT('Control Point',(18.0540688751,0.0616712049808,-5.58890270378)) ;
#3967=CARTESIAN_POINT('Control Point',(18.1056062737,1.8105478207E-008,-5.27899454276)) ;
#3968=CARTESIAN_POINT('Control Point',(18.1571428559,1.73637273587E-008,-4.96909129151)) ;
#3969=CARTESIAN_POINT('Control Point',(17.6298615809,2.00000051697,-6.90887152155)) ;
#3970=CARTESIAN_POINT('Control Point',(17.6549063268,1.68315333952,-6.91303642797)) ;
#3971=CARTESIAN_POINT('Control Point',(17.6862787682,1.36630088908,-6.85466616276)) ;
#3972=CARTESIAN_POINT('Control Point',(17.7226994142,1.06603484202,-6.73344919509)) ;
#3973=CARTESIAN_POINT('Control Point',(17.801668403,0.531636683321,-6.37864397009)) ;
#3974=CARTESIAN_POINT('Control Point',(17.8844356732,0.1758266463,-5.84580612987)) ;
#3975=CARTESIAN_POINT('Control Point',(17.9246580331,0.0542820282171,-5.54642369799)) ;
#3976=CARTESIAN_POINT('Control Point',(17.9615023114,-0.00422182682032,-5.23050677421)) ;
#3977=CARTESIAN_POINT('Control Point',(17.9932936586,2.76209792704E-007,-4.91459510487)) ;
#3978=CARTESIAN_POINT('Control Point',(17.4251270712,1.96666850136,-6.89139233497)) ;
#3979=CARTESIAN_POINT('Control Point',(17.4778819753,1.6521955088,-6.89602400426)) ;
#3980=CARTESIAN_POINT('Control Point',(17.5327250963,1.33771724297,-6.83767004871)) ;
#3981=CARTESIAN_POINT('Control Point',(17.5868824618,1.03973033017,-6.71598226092)) ;
#3982=CARTESIAN_POINT('Control Point',(17.6878561985,0.509510175105,-6.35932458858)) ;
#3983=CARTESIAN_POINT('Control Point',(17.7648527137,0.156803607071,-5.82316359625)) ;
#3984=CARTESIAN_POINT('Control Point',(17.7950145827,0.0364635172993,-5.52183775974)) ;
#3985=CARTESIAN_POINT('Control Point',(17.8151856182,-0.0212448019406,-5.20383572443)) ;
#3986=CARTESIAN_POINT('Control Point',(17.8248830036,-0.0166657286049,-4.88583902121)) ;
#3987=CARTESIAN_POINT('Control Point',(17.2236966321,1.89460945461,-6.89270613871)) ;
#3988=CARTESIAN_POINT('Control Point',(17.3030939878,1.58908968816,-6.89236544991)) ;
#3989=CARTESIAN_POINT('Control Point',(17.3803976684,1.28356513442,-6.83027553684)) ;
#3990=CARTESIAN_POINT('Control Point',(17.4514646451,0.993726518702,-6.70637651448)) ;
#3991=CARTESIAN_POINT('Control Point',(17.5733921405,0.476601116417,-6.34833475422)) ;
#3992=CARTESIAN_POINT('Control Point',(17.6450002901,0.128749471556,-5.81582145814)) ;
#3993=CARTESIAN_POINT('Control Point',(17.6657101827,0.00830602420802,-5.51732554346)) ;
#3994=CARTESIAN_POINT('Control Point',(17.6702289842,-0.0521599035568,-5.20266044715)) ;
#3995=CARTESIAN_POINT('Control Point',(17.6591902435,-0.0526953446486,-4.88800029593)) ;
#3996=CARTESIAN_POINT('Control Point',(16.7071476632,1.61716787349,-6.93530472958)) ;
#3997=CARTESIAN_POINT('Control Point',(16.8458635828,1.34663079406,-6.91310546658)) ;
#3998=CARTESIAN_POINT('Control Point',(16.9728174251,1.07609067757,-6.83549949206)) ;
#3999=CARTESIAN_POINT('Control Point',(17.0813232346,0.818080008115,-6.70354985454)) ;
#4000=CARTESIAN_POINT('Control Point',(17.2506007889,0.352055625298,-6.34393459609)) ;
#4001=CARTESIAN_POINT('Control Point',(17.313547183,0.0228161826581,-5.83368989405)) ;
#4002=CARTESIAN_POINT('Control Point',(17.3156543162,-0.0983311504341,-5.55102340122)) ;
#4003=CARTESIAN_POINT('Control Point',(17.288340452,-0.170081922006,-5.25455110562)) ;
#4004=CARTESIAN_POINT('Control Point',(17.2342870682,-0.191415936025,-4.95808219695)) ;
#4005=CARTESIAN_POINT('Control Point',(16.3032381999,1.17196954526,-7.05557728026)) ;
#4006=CARTESIAN_POINT('Control Point',(16.4650998848,0.952130334105,-7.0014133715)) ;
#4007=CARTESIAN_POINT('Control Point',(16.6107547709,0.732289855321,-6.90281014153)) ;
#4008=CARTESIAN_POINT('Control Point',(16.7337297389,0.52081847484,-6.76201728024)) ;
#4009=CARTESIAN_POINT('Control Point',(16.9241776319,0.131302405982,-6.40759623466)) ;
#4010=CARTESIAN_POINT('Control Point',(16.9934047999,-0.165081064032,-5.93960575319)) ;
#4011=CARTESIAN_POINT('Control Point',(16.9951070808,-0.283386035287,-5.68520038582)) ;
#4012=CARTESIAN_POINT('Control Point',(16.9638247444,-0.367011715502,-5.42057404288)) ;
#4013=CARTESIAN_POINT('Control Point',(16.9020389457,-0.414015452345,-5.15594932575)) ;
#4014=CARTESIAN_POINT('Control Point',(16.0958371667,0.857596081007,-7.14148313536)) ;
#4015=CARTESIAN_POINT('Control Point',(16.259835566,0.667327560254,-7.07168351918)) ;
#4016=CARTESIAN_POINT('Control Point',(16.4069722293,0.477058219294,-6.9637599284)) ;
#4017=CARTESIAN_POINT('Control Point',(16.5315626301,0.293207290942,-6.82018656634)) ;
#4018=CARTESIAN_POINT('Control Point',(16.7267437489,-0.0488530718881,-6.47203597813)) ;
#4019=CARTESIAN_POINT('Control Point',(16.8044699696,-0.31894196427,-6.02916316314)) ;
#4020=CARTESIAN_POINT('Control Point',(16.8115677963,-0.430799542673,-5.79083809174)) ;
#4021=CARTESIAN_POINT('Control Point',(16.7865998671,-0.515530184147,-5.54405784816)) ;
#4022=CARTESIAN_POINT('Control Point',(16.7314348609,-0.571201951285,-5.29727870971)) ;
#4023=CARTESIAN_POINT('Control Point',(15.733582497,0.150197275785,-7.32310359857)) ;
#4024=CARTESIAN_POINT('Control Point',(15.8948193884,0.0186603359453,-7.22787289547)) ;
#4025=CARTESIAN_POINT('Control Point',(16.0394818201,-0.112876758901,-7.10591329043)) ;
#4026=CARTESIAN_POINT('Control Point',(16.1633784346,-0.241245273806,-6.95979652353)) ;
#4027=CARTESIAN_POINT('Control Point',(16.3630372824,-0.485313886046,-6.62706848301)) ;
#4028=CARTESIAN_POINT('Control Point',(16.4586721639,-0.6930308852,-6.23209150152)) ;
#4029=CARTESIAN_POINT('Control Point',(16.478526698,-0.78504339227,-6.02371645033)) ;
#4030=CARTESIAN_POINT('Control Point',(16.4698288606,-0.862868940151,-5.80989488608)) ;
#4031=CARTESIAN_POINT('Control Point',(16.4334512207,-0.924901370989,-5.59607365875)) ;
#4032=CARTESIAN_POINT('Control Point',(15.5157699651,-0.65192226334,-7.47543051097)) ;
#4033=CARTESIAN_POINT('Control Point',(15.6648952964,-0.730675191838,-7.36847384388)) ;
#4034=CARTESIAN_POINT('Control Point',(15.7997881744,-0.809428194245,-7.24190488764)) ;
#4035=CARTESIAN_POINT('Control Point',(15.917476405,-0.886696181503,-7.09788979421)) ;
#4036=CARTESIAN_POINT('Control Point',(16.1136477423,-1.03529499245,-6.78087380765)) ;
#4037=CARTESIAN_POINT('Control Point',(16.2251956177,-1.16674659288,-6.41950091854)) ;
#4038=CARTESIAN_POINT('Control Point',(16.2582515551,-1.22686539725,-6.23112392156)) ;
#4039=CARTESIAN_POINT('Control Point',(16.2678744563,-1.28022449787,-6.03889987236)) ;
#4040=CARTESIAN_POINT('Control Point',(16.2542828048,-1.32596112206,-5.84667600561)) ;
#4041=CARTESIAN_POINT('Control Point',(15.4369177369,-1.0910848589,-7.53730312631)) ;
#4042=CARTESIAN_POINT('Control Point',(15.5810223736,-1.14332534273,-7.42708225887)) ;
#4043=CARTESIAN_POINT('Control Point',(15.711966502,-1.19556585638,-7.2996883523)) ;
#4044=CARTESIAN_POINT('Control Point',(15.8271506655,-1.24692145477,-7.15710715897)) ;
#4045=CARTESIAN_POINT('Control Point',(16.0217737008,-1.34609413317,-6.84680075416)) ;
#4046=CARTESIAN_POINT('Control Point',(16.1392901188,-1.43500729813,-6.49808545185)) ;
#4047=CARTESIAN_POINT('Control Point',(16.1773605558,-1.47610254875,-6.31709185801)) ;
#4048=CARTESIAN_POINT('Control Point',(16.1940426968,-1.51312970687,-6.13277908158)) ;
#4049=CARTESIAN_POINT('Control Point',(16.1894204999,-1.54554248466,-5.94846643111)) ;
#4050=CARTESIAN_POINT('Control Point',(15.397678237,-1.54549982463,-7.56839036617)) ;
#4051=CARTESIAN_POINT('Control Point',(15.5391371115,-1.57162384051,-7.45652975293)) ;
#4052=CARTESIAN_POINT('Control Point',(15.6679881266,-1.59774787147,-7.32872507925)) ;
#4053=CARTESIAN_POINT('Control Point',(15.781832562,-1.6234293184,-7.18686886895)) ;
#4054=CARTESIAN_POINT('Control Point',(15.9755870304,-1.67302245573,-6.8799396742)) ;
#4055=CARTESIAN_POINT('Control Point',(16.0961596477,-1.71748354539,-6.53758230457)) ;
#4056=CARTESIAN_POINT('Control Point',(16.1368162445,-1.73803252474,-6.3602950207)) ;
#4057=CARTESIAN_POINT('Control Point',(16.1571428571,-1.75654602933,-6.17995243691)) ;
#4058=CARTESIAN_POINT('Control Point',(16.1571428571,-1.77274991231,-5.99960995725)) ;
#4059=CARTESIAN_POINT('Control Point',(15.397678237,-2.,-7.56839036617)) ;
#4060=CARTESIAN_POINT('Control Point',(15.5391371115,-2.,-7.45652975293)) ;
#4061=CARTESIAN_POINT('Control Point',(15.6679881266,-2.,-7.32872507925)) ;
#4062=CARTESIAN_POINT('Control Point',(15.781832562,-2.,-7.18686886895)) ;
#4063=CARTESIAN_POINT('Control Point',(15.9755870304,-2.,-6.8799396742)) ;
#4064=CARTESIAN_POINT('Control Point',(16.0961596477,-2.,-6.53758230457)) ;
#4065=CARTESIAN_POINT('Control Point',(16.1368162445,-2.,-6.3602950207)) ;
#4066=CARTESIAN_POINT('Control Point',(16.1571428571,-2.,-6.17995243691)) ;
#4067=CARTESIAN_POINT('Control Point',(16.1571428571,-2.,-5.99960995725)) ;
#4069=CARTESIAN_POINT('Control Point',(15.7234225335,-2.77555756156E-015,-7.3430628993)) ;
#4070=CARTESIAN_POINT('Control Point',(16.0209243428,-2.66494081725E-015,-7.16423309)) ;
#4071=CARTESIAN_POINT('Control Point',(16.2886475492,8.72622122681E-008,-6.94668855447)) ;
#4072=CARTESIAN_POINT('Control Point',(16.5221743918,-9.3158965366E-007,-6.71064332361)) ;
#4073=CARTESIAN_POINT('Control Point',(16.8398396404,4.85389990326E-007,-6.35027949805)) ;
#4074=CARTESIAN_POINT('Control Point',(17.1279441671,-2.52904743327E-007,-5.99870064916)) ;
#4075=CARTESIAN_POINT('Control Point',(17.2246285755,-2.28491520707E-007,-5.88035675247)) ;
#4076=CARTESIAN_POINT('Control Point',(17.4446369246,2.90991462653E-007,-5.61627034733)) ;
#4077=CARTESIAN_POINT('Control Point',(17.6792049492,-3.70587196684E-007,-5.36352414754)) ;
#4078=CARTESIAN_POINT('Control Point',(17.8213400374,4.95578998694E-007,-5.22472443113)) ;
#4079=CARTESIAN_POINT('Control Point',(17.980984454,2.5101814727E-007,-5.09145441118)) ;
#4080=CARTESIAN_POINT('Control Point',(18.1571428559,1.73637273448E-008,-4.96909129151)) ;
#4083=CARTESIAN_POINT('Control Point',(15.397678237,-2.,-7.56839036617)) ;
#4084=CARTESIAN_POINT('Control Point',(15.7513254232,-2.,-7.28873883306)) ;
#4085=CARTESIAN_POINT('Control Point',(16.0213234281,-2.,-6.90208118982)) ;
#4086=CARTESIAN_POINT('Control Point',(16.1571428571,-2.,-6.45046615639)) ;
#4087=CARTESIAN_POINT('Control Point',(16.1571428571,-2.,-5.99960995725)) ;
#4096=CARTESIAN_POINT('Axis2P3D Location',(14.1571428571,-8.69467635715,-5.99960995725)) ;
#4101=CARTESIAN_POINT('Axis2P3D Location',(14.1571428571,-5.39386354527,-5.99960995725)) ;
#4113=CARTESIAN_POINT('Axis2P3D Location',(14.1571428571,-5.39386315818,-5.99960979459)) ;
#4118=CARTESIAN_POINT('Axis2P3D Location',(14.1571428571,-5.39386315818,-5.99960979459)) ;
#4129=CARTESIAN_POINT('Axis2P3D Location',(14.1571428571,-4.73136157802,-5.55794190232)) ;
#4134=CARTESIAN_POINT('Axis2P3D Location',(14.1571428571,-2.,-3.73703418364)) ;
#4147=CARTESIAN_POINT('Control Point',(14.1571428571,-3.10940039245,-2.07293359497)) ;
#4148=CARTESIAN_POINT('Control Point',(14.4713021225,-3.10940039245,-2.07293359497)) ;
#4149=CARTESIAN_POINT('Control Point',(14.7854663651,-3.07519137353,-2.12424712334)) ;
#4150=CARTESIAN_POINT('Control Point',(15.083460012,-3.00672191506,-2.22695131105)) ;
#4151=CARTESIAN_POINT('Control Point',(15.6149645333,-2.80865396981,-2.52405322893)) ;
#4152=CARTESIAN_POINT('Control Point',(15.9720365996,-2.51382830754,-2.96629172233)) ;
#4153=CARTESIAN_POINT('Control Point',(16.0954716713,-2.34853117316,-3.2142374239)) ;
#4154=CARTESIAN_POINT('Control Point',(16.1571428571,-2.17426420614,-3.47563787443)) ;
#4155=CARTESIAN_POINT('Control Point',(16.1571428571,-2.,-3.73703418364)) ;
#4156=CARTESIAN_POINT('Control Point',(14.1571428571,-2.64974714169,-1.76649809446)) ;
#4157=CARTESIAN_POINT('Control Point',(14.4585536351,-2.67474019839,-1.78316013226)) ;
#4158=CARTESIAN_POINT('Control Point',(14.7599679875,-2.66829981227,-1.84697319221)) ;
#4159=CARTESIAN_POINT('Control Point',(15.0471838951,-2.62910011524,-1.95713789343)) ;
#4160=CARTESIAN_POINT('Control Point',(15.5649643056,-2.48878870107,-2.25922043257)) ;
#4161=CARTESIAN_POINT('Control Point',(15.9280223337,-2.24260813975,-2.69003977556)) ;
#4162=CARTESIAN_POINT('Control Point',(16.0604238267,-2.09747375248,-2.92901785595)) ;
#4163=CARTESIAN_POINT('Control Point',(16.1371175799,-1.93736599229,-3.17980975664)) ;
#4164=CARTESIAN_POINT('Control Point',(16.1571428571,-1.77017337462,-3.43059868314)) ;
#4165=CARTESIAN_POINT('Control Point',(14.2231682043,-2.19009422074,-1.46006281382)) ;
#4166=CARTESIAN_POINT('Control Point',(14.5082404757,-2.23754475891,-1.49169650594)) ;
#4167=CARTESIAN_POINT('Control Point',(14.7933152848,-2.25619672916,-1.56652916136)) ;
#4168=CARTESIAN_POINT('Control Point',(15.0661472284,-2.24383923825,-1.68315121266)) ;
#4169=CARTESIAN_POINT('Control Point',(15.5629401672,-2.15789519454,-1.9893838744)) ;
#4170=CARTESIAN_POINT('Control Point',(15.9250920696,-1.96124181733,-2.41004032272)) ;
#4171=CARTESIAN_POINT('Control Point',(16.0632168713,-1.83811797548,-2.64114289732)) ;
#4172=CARTESIAN_POINT('Control Point',(16.1521365642,-1.69559981338,-2.88265423944)) ;
#4173=CARTESIAN_POINT('Control Point',(16.1901555307,-1.54034663198,-3.1241634025)) ;
#4174=CARTESIAN_POINT('Control Point',(14.3550936575,-1.73794445014,-1.15862963343)) ;
#4175=CARTESIAN_POINT('Control Point',(14.6210569051,-1.80555168879,-1.20370120797)) ;
#4176=CARTESIAN_POINT('Control Point',(14.8870219629,-1.84683334693,-1.28826228473)) ;
#4177=CARTESIAN_POINT('Control Point',(15.1425718177,-1.8589905794,-1.41049629239)) ;
#4178=CARTESIAN_POINT('Control Point',(15.6120821537,-1.82379881306,-1.72021350719)) ;
#4179=CARTESIAN_POINT('Control Point',(15.9661588939,-1.67639965974,-2.13182440826)) ;
#4180=CARTESIAN_POINT('Control Point',(16.1062275508,-1.5763013961,-2.35599464231)) ;
#4181=CARTESIAN_POINT('Control Point',(16.2035814286,-1.45377834813,-2.5893632415)) ;
#4182=CARTESIAN_POINT('Control Point',(16.2561182152,-1.31427221832,-2.8227302221)) ;
#4183=CARTESIAN_POINT('Control Point',(14.5558242124,-1.30027577065,-0.866850513764)) ;
#4184=CARTESIAN_POINT('Control Point',(14.8000970351,-1.38593392696,-0.923955938261)) ;
#4185=CARTESIAN_POINT('Control Point',(15.0443711523,-1.44756465811,-1.01710354712)) ;
#4186=CARTESIAN_POINT('Control Point',(15.2798970969,-1.4820057457,-1.14422327375)) ;
#4187=CARTESIAN_POINT('Control Point',(15.7160072028,-1.493804865,-1.45687911043)) ;
#4188=CARTESIAN_POINT('Control Point',(16.0545219008,-1.39440718271,-1.86044903524)) ;
#4189=CARTESIAN_POINT('Control Point',(16.192418148,-1.31761150663,-2.07851510753)) ;
#4190=CARTESIAN_POINT('Control Point',(16.2938225822,-1.21651227301,-2.30473371406)) ;
#4191=CARTESIAN_POINT('Control Point',(16.3564835257,-1.09543768893,-2.53095110244)) ;
#4192=CARTESIAN_POINT('Control Point',(14.8289423369,-0.89059960755,-0.5937330717)) ;
#4193=CARTESIAN_POINT('Control Point',(15.0489653009,-0.992148686562,-0.661432438975)) ;
#4194=CARTESIAN_POINT('Control Point',(15.2689891939,-1.0717530211,-0.762049851945)) ;
#4195=CARTESIAN_POINT('Control Point',(15.481754655,-1.12604844149,-0.893372203632)) ;
#4196=CARTESIAN_POINT('Control Point',(15.8782882849,-1.1803273439,-1.20848751923)) ;
#4197=CARTESIAN_POINT('Control Point',(16.1934035425,-1.12604840121,-1.60502122211)) ;
#4198=CARTESIAN_POINT('Control Point',(16.32472587,-1.07175296135,-1.81778672244)) ;
#4199=CARTESIAN_POINT('Control Point',(16.4253432644,-0.992148608661,-2.0378106559)) ;
#4200=CARTESIAN_POINT('Control Point',(16.4930426192,-0.890599513364,-2.25783366038)) ;
#4202=CARTESIAN_POINT('Control Point',(14.8289423369,-0.89059960755,-0.5937330717)) ;
#4203=CARTESIAN_POINT('Control Point',(15.3789997468,-1.14447230508,-0.762981489888)) ;
#4204=CARTESIAN_POINT('Control Point',(15.9322752424,-1.25230996415,-1.15450055175)) ;
#4205=CARTESIAN_POINT('Control Point',(16.3237942322,-1.14447225161,-1.70777614919)) ;
#4206=CARTESIAN_POINT('Control Point',(16.4930426192,-0.890599513364,-2.25783366038)) ;
#4216=CARTESIAN_POINT('Control Point',(14.8289416798,-0.89059960755,-0.5937330717)) ;
#4217=CARTESIAN_POINT('Control Point',(15.2689876702,-1.09369775696,-0.729131837976)) ;
#4218=CARTESIAN_POINT('Control Point',(15.7090336606,-1.20900691847,-0.99621408612)) ;
#4219=CARTESIAN_POINT('Control Point',(16.090561254,-1.20900691847,-1.37774167958)) ;
#4220=CARTESIAN_POINT('Control Point',(16.3576435022,-1.09369775696,-1.81778766998)) ;
#4221=CARTESIAN_POINT('Control Point',(16.4930422685,-0.89059960755,-2.25783366038)) ;
#4222=CARTESIAN_POINT('Control Point',(15.4067362221,-0.459853107053,-0.30483550454)) ;
#4223=CARTESIAN_POINT('Control Point',(15.7175527467,-0.64586057479,-0.507119066987)) ;
#4224=CARTESIAN_POINT('Control Point',(16.0283692713,-0.745466250562,-0.764886857517)) ;
#4225=CARTESIAN_POINT('Control Point',(16.3218885172,-0.745466250562,-1.05840610343)) ;
#4226=CARTESIAN_POINT('Control Point',(16.5796562954,-0.64586057479,-1.36922261571)) ;
#4227=CARTESIAN_POINT('Control Point',(16.7819398356,-0.459853107053,-1.68003911811)) ;
#4228=CARTESIAN_POINT('Control Point',(16.0935334818,-0.231582656406,0.0385623614346)) ;
#4229=CARTESIAN_POINT('Control Point',(16.3072687069,-0.312280692067,-0.153439961539)) ;
#4230=CARTESIAN_POINT('Control Point',(16.521003932,-0.350691775,-0.355979198649)) ;
#4231=CARTESIAN_POINT('Control Point',(16.7307960973,-0.350691775,-0.565771363953)) ;
#4232=CARTESIAN_POINT('Control Point',(16.9333353503,-0.312280692067,-0.779506604913)) ;
#4233=CARTESIAN_POINT('Control Point',(17.1253377016,-0.231582656406,-0.993241858386)) ;
#4234=CARTESIAN_POINT('Control Point',(16.7671161179,-0.0722064310282,0.375354593683)) ;
#4235=CARTESIAN_POINT('Control Point',(16.906904559,-0.10664713972,0.238015646188)) ;
#4236=CARTESIAN_POINT('Control Point',(17.0466930001,-0.124833080435,0.0994055483268)) ;
#4237=CARTESIAN_POINT('Control Point',(17.1861809228,-0.124833080435,-0.0400823743789)) ;
#4238=CARTESIAN_POINT('Control Point',(17.3247910084,-0.10664713972,-0.179870803255)) ;
#4239=CARTESIAN_POINT('Control Point',(17.4621299338,-0.0722064310282,-0.319659222246)) ;
#4240=CARTESIAN_POINT('Control Point',(17.4644665903,-0.000730013183614,0.724029370924)) ;
#4241=CARTESIAN_POINT('Control Point',(17.5335159835,0.000355178304225,0.654315006156)) ;
#4242=CARTESIAN_POINT('Control Point',(17.6025653767,0.00114440618969,0.58492960428)) ;
#4243=CARTESIAN_POINT('Control Point',(17.6717049351,0.00114440618969,0.515790045866)) ;
#4244=CARTESIAN_POINT('Control Point',(17.7410903403,0.000355178304226,0.446740649319)) ;
#4245=CARTESIAN_POINT('Control Point',(17.8108047111,-0.000730013183614,0.377691250125)) ;
#4246=CARTESIAN_POINT('Control Point',(18.1571428571,2.77555756156E-017,1.07036751698)) ;
#4247=CARTESIAN_POINT('Control Point',(18.1571428571,0.,1.07036751698)) ;
#4248=CARTESIAN_POINT('Control Point',(18.1571428571,0.,1.07036751698)) ;
#4249=CARTESIAN_POINT('Control Point',(18.1571428571,5.55111512313E-017,1.07036751698)) ;
#4250=CARTESIAN_POINT('Control Point',(18.1571428571,-5.55111512313E-017,1.07036751698)) ;
#4251=CARTESIAN_POINT('Control Point',(18.1571428571,2.77555756156E-017,1.07036751698)) ;
#4258=CARTESIAN_POINT('Axis2P3D Location',(14.85,0.,-35.7)) ;
#4263=CARTESIAN_POINT('Line Origine',(14.85,-30.,-29.0518504252)) ;
#4267=CARTESIAN_POINT('Vertex',(14.85,-30.,-35.7)) ;
#4270=CARTESIAN_POINT('Line Origine',(14.85,-13.,-35.7)) ;
#4274=CARTESIAN_POINT('Vertex',(14.85,4.,-35.7)) ;
#4277=CARTESIAN_POINT('Line Origine',(14.85,4.,-28.2022642451)) ;
#4289=CARTESIAN_POINT('Line Origine',(14.85,0.,-28.1770329614)) ;
#4294=CARTESIAN_POINT('Line Origine',(14.85,-10.9037087982,-32.7)) ;
#4299=CARTESIAN_POINT('Line Origine',(14.85,-11.4607948127,-27.2843179251)) ;
#4313=CARTESIAN_POINT('Axis2P3D Location',(12.85,-15.,-35.7)) ;
#4318=CARTESIAN_POINT('Axis2P3D Location',(12.85,4.,-35.7)) ;
#4323=CARTESIAN_POINT('Axis2P3D Location',(12.85,-30.,-35.7)) ;
#4335=CARTESIAN_POINT('Axis2P3D Location',(-14.85,-20.1788082728,-30.7715233091)) ;
#4347=CARTESIAN_POINT('Axis2P3D Location',(-14.85,-2.,-32.7)) ;
#4366=CARTESIAN_POINT('Axis2P3D Location',(-6.,-25.,-37.7)) ;
#4385=CARTESIAN_POINT('Axis2P3D Location',(-12.35,1.,31.9389053077)) ;
#4391=CARTESIAN_POINT('Control Point',(-12.35,1.,10.1723890999)) ;
#4392=CARTESIAN_POINT('Control Point',(-12.7002302012,0.649769798765,9.74718485902)) ;
#4393=CARTESIAN_POINT('Control Point',(-13.0348879963,0.315112003667,9.29615621547)) ;
#4394=CARTESIAN_POINT('Control Point',(-13.35,2.28113526845E-016,8.81915528835)) ;
#4395=CARTESIAN_POINT('Vertex',(-12.35,1.,10.1723890999)) ;
#4397=CARTESIAN_POINT('Vertex',(-13.35,2.22044604925E-016,8.81915528835)) ;
#4400=CARTESIAN_POINT('Line Origine',(-13.35,2.22044604925E-016,-5.56778625615)) ;
#4405=CARTESIAN_POINT('Line Origine',(-12.85,0.5,1.07036751698)) ;
#4409=CARTESIAN_POINT('Vertex',(-12.35,0.999999999999,1.07036722873)) ;
#4412=CARTESIAN_POINT('Line Origine',(-12.35,1.,-5.56778625615)) ;
#4424=CARTESIAN_POINT('Axis2P3D Location',(-15.35,-2.,1.07036751698)) ;
#4429=CARTESIAN_POINT('Line Origine',(-12.85,-0.613249509438,-1.00975821887)) ;
#4433=CARTESIAN_POINT('Vertex',(-12.35,-0.335899411325,-1.42578336604)) ;
#4436=CARTESIAN_POINT('Axis2P3D Location',(-12.35,-2.,1.07036751698)) ;
#4449=CARTESIAN_POINT('Control Point',(-12.3499997911,-0.335899704484,-1.42578284458)) ;
#4450=CARTESIAN_POINT('Control Point',(-12.5499996748,-0.446839785562,-1.25937267318)) ;
#4451=CARTESIAN_POINT('Control Point',(-12.7499983375,-0.55778240973,-1.09295821875)) ;
#4452=CARTESIAN_POINT('Control Point',(-12.9499946762,-0.668719960799,-0.926552124351)) ;
#4453=CARTESIAN_POINT('Control Point',(-13.1499993501,-0.77965976467,-0.760142652674)) ;
#4454=CARTESIAN_POINT('Control Point',(-13.3499992877,-0.890599709836,-0.593732822739)) ;
#4455=CARTESIAN_POINT('Control Point',(-12.3500015412,-0.792305468281,-1.73005923295)) ;
#4456=CARTESIAN_POINT('Control Point',(-12.5499918281,-0.903262696782,-1.56361720862)) ;
#4457=CARTESIAN_POINT('Control Point',(-12.7499867069,-1.01420259796,-1.39721076965)) ;
#4458=CARTESIAN_POINT('Control Point',(-12.9499709406,-1.12513340398,-1.23081478651)) ;
#4459=CARTESIAN_POINT('Control Point',(-13.1499704011,-1.23607035955,-1.06440601558)) ;
#4460=CARTESIAN_POINT('Control Point',(-13.3500051729,-1.34700701437,-0.898007049812)) ;
#4461=CARTESIAN_POINT('Control Point',(-12.3499975421,-1.24519195911,-2.03961190211)) ;
#4462=CARTESIAN_POINT('Control Point',(-12.5511521258,-1.35685010893,-1.87203658829)) ;
#4463=CARTESIAN_POINT('Control Point',(-12.7523129403,-1.46851333917,-1.70449542547)) ;
#4464=CARTESIAN_POINT('Control Point',(-12.9535055058,-1.58015561051,-1.53703211261)) ;
#4465=CARTESIAN_POINT('Control Point',(-13.1547467032,-1.69178648435,-1.36963212075)) ;
#4466=CARTESIAN_POINT('Control Point',(-13.3559825105,-1.80341703748,-1.2022741957)) ;
#4467=CARTESIAN_POINT('Control Point',(-12.3500015199,-1.69561308327,-2.35260118582)) ;
#4468=CARTESIAN_POINT('Control Point',(-12.5532038888,-1.80842055854,-2.18326874792)) ;
#4469=CARTESIAN_POINT('Control Point',(-12.7564041166,-1.92122837971,-2.01399989322)) ;
#4470=CARTESIAN_POINT('Control Point',(-12.9595947518,-2.03404926911,-1.84477450138)) ;
#4471=CARTESIAN_POINT('Control Point',(-13.1627684917,-2.14687900884,-1.67559896928)) ;
#4472=CARTESIAN_POINT('Control Point',(-13.3659512776,-2.25971460626,-1.50647883115)) ;
#4473=CARTESIAN_POINT('Control Point',(-12.3499989619,-2.37555075384,-2.82889699545)) ;
#4474=CARTESIAN_POINT('Control Point',(-12.5568296042,-2.49047118778,-2.65631989814)) ;
#4475=CARTESIAN_POINT('Control Point',(-12.7636395767,-2.60540858549,-2.48382440277)) ;
#4476=CARTESIAN_POINT('Control Point',(-12.9704331814,-2.72035557609,-2.31142180053)) ;
#4477=CARTESIAN_POINT('Control Point',(-13.1772213536,-2.83531836669,-2.13910266508)) ;
#4478=CARTESIAN_POINT('Control Point',(-13.3839887857,-2.9502987159,-1.96686407988)) ;
#4479=CARTESIAN_POINT('Control Point',(-12.3500004018,-3.05560568071,-3.30522351911)) ;
#4480=CARTESIAN_POINT('Control Point',(-12.5604770301,-3.1726281929,-3.12941981311)) ;
#4481=CARTESIAN_POINT('Control Point',(-12.7709089016,-3.28967090569,-2.95373361391)) ;
#4482=CARTESIAN_POINT('Control Point',(-12.9812942358,-3.40673581252,-2.77816151942)) ;
#4483=CARTESIAN_POINT('Control Point',(-13.1916533183,-3.52383403863,-2.6026866643)) ;
#4484=CARTESIAN_POINT('Control Point',(-13.4019907274,-3.64096483716,-2.42731063241)) ;
#4485=CARTESIAN_POINT('Control Point',(-12.3499997197,-3.28653747808,-3.46661219911)) ;
#4486=CARTESIAN_POINT('Control Point',(-12.5616555923,-3.40424221896,-3.2897571061)) ;
#4487=CARTESIAN_POINT('Control Point',(-12.7732551451,-3.52196956703,-3.11303059682)) ;
#4488=CARTESIAN_POINT('Control Point',(-12.9847999496,-3.63971789105,-2.93643486786)) ;
#4489=CARTESIAN_POINT('Control Point',(-13.1963222016,-3.75750496575,-2.75994297033)) ;
#4490=CARTESIAN_POINT('Control Point',(-13.4078184599,-3.87533160922,-2.5835538808)) ;
#4491=CARTESIAN_POINT('Control Point',(-12.3500002825,-3.74092672449,-3.78278451207)) ;
#4492=CARTESIAN_POINT('Control Point',(-12.5637688362,-3.85984408868,-3.60405392481)) ;
#4493=CARTESIAN_POINT('Control Point',(-12.7774566238,-3.97878379295,-3.42548060828)) ;
#4494=CARTESIAN_POINT('Control Point',(-12.9910607558,-4.09774507391,-3.24706529255)) ;
#4495=CARTESIAN_POINT('Control Point',(-13.2046432524,-4.21676205411,-3.06875623116)) ;
#4496=CARTESIAN_POINT('Control Point',(-13.4182034274,-4.33583331625,-2.89055605907)) ;
#4497=CARTESIAN_POINT('Control Point',(-12.3499998165,-4.19731445136,-4.09626451209)) ;
#4498=CARTESIAN_POINT('Control Point',(-12.5652702009,-4.31707967343,-3.91619621752)) ;
#4499=CARTESIAN_POINT('Control Point',(-12.7804067835,-4.43685509884,-3.73633301942)) ;
#4500=CARTESIAN_POINT('Control Point',(-12.9954108014,-4.55663933532,-3.55667653442)) ;
#4501=CARTESIAN_POINT('Control Point',(-13.210419086,-4.67650772072,-3.37711252212)) ;
#4502=CARTESIAN_POINT('Control Point',(-13.425429039,-4.79646097071,-3.19764035152)) ;
#4503=CARTESIAN_POINT('Control Point',(-12.3500001842,-4.42202866842,-4.24932239549)) ;
#4504=CARTESIAN_POINT('Control Point',(-12.5658155103,-4.54209416841,-4.06876931749)) ;
#4505=CARTESIAN_POINT('Control Point',(-12.7814648087,-4.66216000567,-3.88845086002)) ;
#4506=CARTESIAN_POINT('Control Point',(-12.9969410363,-4.78222147358,-3.70837354671)) ;
#4507=CARTESIAN_POINT('Control Point',(-13.2124466578,-4.90238998675,-3.5283683938)) ;
#4508=CARTESIAN_POINT('Control Point',(-13.4279736448,-5.02266193385,-3.34844152903)) ;
#4509=CARTESIAN_POINT('Control Point',(-12.3499997717,-4.84300102528,-4.53305722523)) ;
#4510=CARTESIAN_POINT('Control Point',(-12.5663916065,-4.96336365537,-4.35199009121)) ;
#4511=CARTESIAN_POINT('Control Point',(-12.7825182293,-5.0836893813,-4.17124178373)) ;
#4512=CARTESIAN_POINT('Control Point',(-12.9983836013,-5.20397812616,-3.99081132812)) ;
#4513=CARTESIAN_POINT('Control Point',(-13.2143401587,-5.32442385606,-3.81040458994)) ;
#4514=CARTESIAN_POINT('Control Point',(-13.4303881202,-5.44502893866,-3.63001900137)) ;
#4515=CARTESIAN_POINT('Control Point',(-12.3500002005,-5.26711068682,-4.81222650054)) ;
#4516=CARTESIAN_POINT('Control Point',(-12.5660237079,-5.38720286445,-4.63148933522)) ;
#4517=CARTESIAN_POINT('Control Point',(-12.7815717022,-5.50716226086,-4.45124683295)) ;
#4518=CARTESIAN_POINT('Control Point',(-12.9966230313,-5.62697467259,-4.27151694403)) ;
#4519=CARTESIAN_POINT('Control Point',(-13.2119679801,-5.74707490548,-4.09164017984)) ;
#4520=CARTESIAN_POINT('Control Point',(-13.4275835513,-5.86745287035,-3.9116354959)) ;
#4521=CARTESIAN_POINT('Control Point',(-12.3499996251,-5.46481633218,-4.94073121343)) ;
#4522=CARTESIAN_POINT('Control Point',(-12.5656329651,-5.58465095139,-4.7603436512)) ;
#4523=CARTESIAN_POINT('Control Point',(-12.7806362075,-5.70427820174,-4.58057914652)) ;
#4524=CARTESIAN_POINT('Control Point',(-12.9950157414,-5.82369773563,-4.40143219511)) ;
#4525=CARTESIAN_POINT('Control Point',(-13.2098010776,-5.94347602986,-4.22204372871)) ;
#4526=CARTESIAN_POINT('Control Point',(-13.4249947723,-6.0636182905,-4.04241174247)) ;
#4527=CARTESIAN_POINT('Control Point',(-12.3500005223,-5.75427464878,-5.12619804547)) ;
#4528=CARTESIAN_POINT('Control Point',(-12.5647053117,-5.87351624245,-4.94664256788)) ;
#4529=CARTESIAN_POINT('Control Point',(-12.7785035171,-5.99241481865,-4.7679406258)) ;
#4530=CARTESIAN_POINT('Control Point',(-12.9913382919,-6.11093466969,-4.59013628679)) ;
#4531=CARTESIAN_POINT('Control Point',(-13.2048920919,-6.23000138013,-4.41182560356)) ;
#4532=CARTESIAN_POINT('Control Point',(-13.4191081293,-6.34958819598,-4.23305941976)) ;
#4533=CARTESIAN_POINT('Control Point',(-12.349999563,-6.04565893358,-5.30858455205)) ;
#4534=CARTESIAN_POINT('Control Point',(-12.5633204438,-6.16402657666,-5.13027138791)) ;
#4535=CARTESIAN_POINT('Control Point',(-12.7751351396,-6.28174298566,-4.953315895)) ;
#4536=CARTESIAN_POINT('Control Point',(-12.9854616639,-6.39880845989,-4.77769301533)) ;
#4537=CARTESIAN_POINT('Control Point',(-13.1970159827,-6.51671708462,-4.60113645159)) ;
#4538=CARTESIAN_POINT('Control Point',(-13.4098017656,-6.63548065717,-4.42365325316)) ;
#4539=CARTESIAN_POINT('Control Point',(-12.3500013407,-6.1373744033,-5.36554734412)) ;
#4540=CARTESIAN_POINT('Control Point',(-12.5628344687,-6.25543538412,-5.18767156128)) ;
#4541=CARTESIAN_POINT('Control Point',(-12.7739739628,-6.37274956883,-5.01131184891)) ;
#4542=CARTESIAN_POINT('Control Point',(-12.9833638377,-6.48927390782,-4.8365019949)) ;
#4543=CARTESIAN_POINT('Control Point',(-13.1942392092,-6.60678790059,-4.66054242512)) ;
#4544=CARTESIAN_POINT('Control Point',(-13.4065240044,-6.72526245144,-4.48350982892)) ;
#4545=CARTESIAN_POINT('Control Point',(-12.3499973711,-6.30571860621,-5.46926688806)) ;
#4546=CARTESIAN_POINT('Control Point',(-12.5619002756,-6.42319225834,-5.29222794563)) ;
#4547=CARTESIAN_POINT('Control Point',(-12.7715573912,-6.53963050669,-5.11717083705)) ;
#4548=CARTESIAN_POINT('Control Point',(-12.9791275836,-6.6551016225,-4.94394392528)) ;
#4549=CARTESIAN_POINT('Control Point',(-13.1885215231,-6.77175692452,-4.76928414042)) ;
#4550=CARTESIAN_POINT('Control Point',(-13.3998527761,-6.8896783153,-4.59311585153)) ;
#4551=CARTESIAN_POINT('Control Point',(-12.3500029397,-6.47476510727,-5.5718003534)) ;
#4552=CARTESIAN_POINT('Control Point',(-12.5608388164,-6.5915701451,-5.3957223256)) ;
#4553=CARTESIAN_POINT('Control Point',(-12.7688121475,-6.70702340429,-5.22215164664)) ;
#4554=CARTESIAN_POINT('Control Point',(-12.9738978442,-6.82106662487,-5.0510758465)) ;
#4555=CARTESIAN_POINT('Control Point',(-13.181633152,-6.9367465647,-4.87787501625)) ;
#4556=CARTESIAN_POINT('Control Point',(-13.3918852593,-7.05403484161,-4.70269333567)) ;
#4557=CARTESIAN_POINT('Control Point',(-12.3499941035,-6.55165320298,-5.61810823476)) ;
#4558=CARTESIAN_POINT('Control Point',(-12.5603826747,-6.66817444724,-5.44243765302)) ;
#4559=CARTESIAN_POINT('Control Point',(-12.7673697684,-6.78306059721,-5.26973103149)) ;
#4560=CARTESIAN_POINT('Control Point',(-12.9714327711,-6.89651123336,-5.09954665779)) ;
#4561=CARTESIAN_POINT('Control Point',(-13.1782055056,-7.01162791035,-4.92718507944)) ;
#4562=CARTESIAN_POINT('Control Point',(-13.3880051007,-7.12864628218,-4.75242367365)) ;
#4563=CARTESIAN_POINT('Control Point',(-12.350006496,-6.6872894842,-5.6991474933)) ;
#4564=CARTESIAN_POINT('Control Point',(-12.5594452762,-6.80322309669,-5.52433456803)) ;
#4565=CARTESIAN_POINT('Control Point',(-12.7650230497,-6.917299496,-5.35288544561)) ;
#4566=CARTESIAN_POINT('Control Point',(-12.966376368,-7.02920346905,-5.18503453979)) ;
#4567=CARTESIAN_POINT('Control Point',(-13.1717958483,-7.14350034486,-5.01386665016)) ;
#4568=CARTESIAN_POINT('Control Point',(-13.3806469113,-7.25995301524,-4.83997806765)) ;
#4569=CARTESIAN_POINT('Control Point',(-12.3499995642,-6.82338755643,-5.77936424362)) ;
#4570=CARTESIAN_POINT('Control Point',(-12.5585794865,-6.93878708508,-5.60534320808)) ;
#4571=CARTESIAN_POINT('Control Point',(-12.7615462528,-7.05145308145,-5.43619804977)) ;
#4572=CARTESIAN_POINT('Control Point',(-12.9614416713,-7.16249032142,-5.26964415956)) ;
#4573=CARTESIAN_POINT('Control Point',(-13.1644097313,-7.27529511382,-5.10056428685)) ;
#4574=CARTESIAN_POINT('Control Point',(-13.3724103725,-7.39122100495,-4.92747592747)) ;
#4575=CARTESIAN_POINT('Control Point',(-12.349936504,-6.88223768303,-5.81390705731)) ;
#4576=CARTESIAN_POINT('Control Point',(-12.5579978815,-6.99732202737,-5.64035111179)) ;
#4577=CARTESIAN_POINT('Control Point',(-12.7601758501,-7.10958144266,-5.47192926675)) ;
#4578=CARTESIAN_POINT('Control Point',(-12.958988943,-7.21999505222,-5.30631568529)) ;
#4579=CARTESIAN_POINT('Control Point',(-13.1612408137,-7.33232402369,-5.13784352354)) ;
#4580=CARTESIAN_POINT('Control Point',(-13.3687317645,-7.44794615485,-4.96522399759)) ;
#4581=CARTESIAN_POINT('Control Point',(-12.3501642633,-6.97075795736,-5.86516590129)) ;
#4582=CARTESIAN_POINT('Control Point',(-12.5578304954,-7.08559986961,-5.69200212156)) ;
#4583=CARTESIAN_POINT('Control Point',(-12.7556946977,-7.19558389534,-5.5273148151)) ;
#4584=CARTESIAN_POINT('Control Point',(-12.9574002052,-7.30754171333,-5.35934431522)) ;
#4585=CARTESIAN_POINT('Control Point',(-13.1555492553,-7.41743622773,-5.19428264971)) ;
#4586=CARTESIAN_POINT('Control Point',(-13.3626362538,-7.53277340237,-5.02205458369)) ;
#4587=CARTESIAN_POINT('Control Point',(-12.3498565582,-7.05922940011,-5.91651508817)) ;
#4588=CARTESIAN_POINT('Control Point',(-12.5565172708,-7.17353709341,-5.74428570515)) ;
#4589=CARTESIAN_POINT('Control Point',(-12.7498449586,-7.28107038541,-5.58349947974)) ;
#4590=CARTESIAN_POINT('Control Point',(-12.9567821051,-7.39586841033,-5.41123082519)) ;
#4591=CARTESIAN_POINT('Control Point',(-13.1504452526,-7.5031500439,-5.24991879584)) ;
#4592=CARTESIAN_POINT('Control Point',(-13.3566752891,-7.61791340748,-5.07844152936)) ;
#4593=CARTESIAN_POINT('Control Point',(-12.3495616874,-7.08860408648,-5.93373051093)) ;
#4594=CARTESIAN_POINT('Control Point',(-12.5573175962,-7.20352509769,-5.7606223359)) ;
#4595=CARTESIAN_POINT('Control Point',(-12.7447485846,-7.30784414334,-5.60480537633)) ;
#4596=CARTESIAN_POINT('Control Point',(-12.9596566436,-7.42701929752,-5.42591074568)) ;
#4597=CARTESIAN_POINT('Control Point',(-13.1474769491,-7.53101678691,-5.26946414476)) ;
#4598=CARTESIAN_POINT('Control Point',(-13.354825032,-7.64635700806,-5.09706380593)) ;
#4599=CARTESIAN_POINT('Control Point',(-12.350993354,-7.1188748391,-5.94941781208)) ;
#4600=CARTESIAN_POINT('Control Point',(-12.5512440979,-7.22995211954,-5.78276707758)) ;
#4601=CARTESIAN_POINT('Control Point',(-12.7510726465,-7.3408266351,-5.61648492378)) ;
#4602=CARTESIAN_POINT('Control Point',(-12.9511785028,-7.45182358724,-5.44995380688)) ;
#4603=CARTESIAN_POINT('Control Point',(-13.1511293402,-7.5627622782,-5.28356737755)) ;
#4604=CARTESIAN_POINT('Control Point',(-13.3512766505,-7.67380660652,-5.1170157216)) ;
#4605=CARTESIAN_POINT('Control Point',(-12.3498398586,-7.14788234729,-5.96729673728)) ;
#4606=CARTESIAN_POINT('Control Point',(-12.5499613787,-7.25887948131,-5.80078235855)) ;
#4607=CARTESIAN_POINT('Control Point',(-12.750106171,-7.36990100702,-5.63425355558)) ;
#4608=CARTESIAN_POINT('Control Point',(-12.9498769588,-7.48070524115,-5.46802891217)) ;
#4609=CARTESIAN_POINT('Control Point',(-13.1500702956,-7.5917634603,-5.30146292117)) ;
#4610=CARTESIAN_POINT('Control Point',(-13.3501465905,-7.70275160639,-5.13499060162)) ;
#4612=CARTESIAN_POINT('Control Point',(-12.3498398586,-7.14788234729,-5.96729673728)) ;
#4613=CARTESIAN_POINT('Control Point',(-12.5499613787,-7.25887948131,-5.80078235855)) ;
#4614=CARTESIAN_POINT('Control Point',(-12.750106171,-7.36990100702,-5.63425355558)) ;
#4615=CARTESIAN_POINT('Control Point',(-12.9498769588,-7.48070524115,-5.46802891217)) ;
#4616=CARTESIAN_POINT('Control Point',(-13.1500702956,-7.5917634603,-5.30146292117)) ;
#4617=CARTESIAN_POINT('Control Point',(-13.3501465905,-7.70275160639,-5.13499060162)) ;
#4618=CARTESIAN_POINT('Vertex',(-12.3496813158,-7.14780376773,-5.96743406796)) ;
#4622=CARTESIAN_POINT('Control Point',(-12.3499997911,-0.335899704484,-1.42578284458)) ;
#4623=CARTESIAN_POINT('Control Point',(-12.3500015412,-0.792305468281,-1.73005923295)) ;
#4624=CARTESIAN_POINT('Control Point',(-12.3499975421,-1.24519195911,-2.03961190211)) ;
#4625=CARTESIAN_POINT('Control Point',(-12.3500015199,-1.69561308327,-2.35260118582)) ;
#4626=CARTESIAN_POINT('Control Point',(-12.3499989619,-2.37555075384,-2.82889699545)) ;
#4627=CARTESIAN_POINT('Control Point',(-12.3500004018,-3.05560568071,-3.30522351911)) ;
#4628=CARTESIAN_POINT('Control Point',(-12.3499997197,-3.28653747808,-3.46661219911)) ;
#4629=CARTESIAN_POINT('Control Point',(-12.3500002825,-3.74092672449,-3.78278451207)) ;
#4630=CARTESIAN_POINT('Control Point',(-12.3499998165,-4.19731445136,-4.09626451209)) ;
#4631=CARTESIAN_POINT('Control Point',(-12.3500001842,-4.42202866842,-4.24932239549)) ;
#4632=CARTESIAN_POINT('Control Point',(-12.3499997717,-4.84300102528,-4.53305722523)) ;
#4633=CARTESIAN_POINT('Control Point',(-12.3500002005,-5.26711068682,-4.81222650054)) ;
#4634=CARTESIAN_POINT('Control Point',(-12.3499996251,-5.46481633218,-4.94073121343)) ;
#4635=CARTESIAN_POINT('Control Point',(-12.3500005223,-5.75427464878,-5.12619804547)) ;
#4636=CARTESIAN_POINT('Control Point',(-12.349999563,-6.04565893358,-5.30858455205)) ;
#4637=CARTESIAN_POINT('Control Point',(-12.3500013407,-6.1373744033,-5.36554734412)) ;
#4638=CARTESIAN_POINT('Control Point',(-12.3499973711,-6.30571860621,-5.46926688806)) ;
#4639=CARTESIAN_POINT('Control Point',(-12.3500029397,-6.47476510727,-5.5718003534)) ;
#4640=CARTESIAN_POINT('Control Point',(-12.3499941035,-6.55165320298,-5.61810823476)) ;
#4641=CARTESIAN_POINT('Control Point',(-12.350006496,-6.6872894842,-5.6991474933)) ;
#4642=CARTESIAN_POINT('Control Point',(-12.3499995642,-6.82338755643,-5.77936424362)) ;
#4643=CARTESIAN_POINT('Control Point',(-12.349936504,-6.88223768303,-5.81390705731)) ;
#4644=CARTESIAN_POINT('Control Point',(-12.3501642633,-6.97075795736,-5.86516590129)) ;
#4645=CARTESIAN_POINT('Control Point',(-12.3498565582,-7.05922940011,-5.91651508817)) ;
#4646=CARTESIAN_POINT('Control Point',(-12.3495616874,-7.08860408648,-5.93373051093)) ;
#4647=CARTESIAN_POINT('Control Point',(-12.350993354,-7.1188748391,-5.94941781208)) ;
#4648=CARTESIAN_POINT('Control Point',(-12.3498398586,-7.14788234729,-5.96729673728)) ;
#4658=CARTESIAN_POINT('Control Point',(-12.3496813158,-7.14780376773,-5.96743406796)) ;
#4659=CARTESIAN_POINT('Control Point',(-12.549971506,-7.25888136773,-5.80077162973)) ;
#4660=CARTESIAN_POINT('Control Point',(-12.7505653438,-7.37016906251,-5.63387997504)) ;
#4661=CARTESIAN_POINT('Control Point',(-12.9492755148,-7.48035324633,-5.46851851573)) ;
#4662=CARTESIAN_POINT('Control Point',(-13.1502019803,-7.591840962,-5.30135599431)) ;
#4663=CARTESIAN_POINT('Control Point',(-13.3502951223,-7.7028419841,-5.13487176557)) ;
#4664=CARTESIAN_POINT('Control Point',(-12.3513747972,-7.19354048462,-5.99158991065)) ;
#4665=CARTESIAN_POINT('Control Point',(-12.5505025018,-7.30451268105,-5.82625459779)) ;
#4666=CARTESIAN_POINT('Control Point',(-12.7488918046,-7.4150195843,-5.66149583091)) ;
#4667=CARTESIAN_POINT('Control Point',(-12.9476383169,-7.5259042601,-5.49655068049)) ;
#4668=CARTESIAN_POINT('Control Point',(-13.1457079809,-7.63621887902,-5.33204491507)) ;
#4669=CARTESIAN_POINT('Control Point',(-13.3450700085,-7.74739374865,-5.16655301746)) ;
#4670=CARTESIAN_POINT('Control Point',(-12.3494181407,-7.23729530975,-6.01914563439)) ;
#4671=CARTESIAN_POINT('Control Point',(-12.5549959641,-7.35193706261,-5.84856153355)) ;
#4672=CARTESIAN_POINT('Control Point',(-12.741978323,-7.45689371198,-5.6938071356)) ;
#4673=CARTESIAN_POINT('Control Point',(-12.9511744568,-7.57404282996,-5.52050825873)) ;
#4674=CARTESIAN_POINT('Control Point',(-13.1377153361,-7.67821199101,-5.36580454796)) ;
#4675=CARTESIAN_POINT('Control Point',(-13.3435673607,-7.79382969321,-5.19547809185)) ;
#4676=CARTESIAN_POINT('Control Point',(-12.3496017366,-7.2819532605,-6.04507801864)) ;
#4677=CARTESIAN_POINT('Control Point',(-12.5514355009,-7.39500905097,-5.87797182306)) ;
#4678=CARTESIAN_POINT('Control Point',(-12.7471809174,-7.50509222355,-5.71616881603)) ;
#4679=CARTESIAN_POINT('Control Point',(-12.9427133295,-7.6151218362,-5.5545858203)) ;
#4680=CARTESIAN_POINT('Control Point',(-13.1378885604,-7.72469797929,-5.39314977251)) ;
#4681=CARTESIAN_POINT('Control Point',(-13.3401863918,-7.83876896674,-5.22612835474)) ;
#4682=CARTESIAN_POINT('Control Point',(-12.3501210846,-7.41551336825,-6.12358021122)) ;
#4683=CARTESIAN_POINT('Control Point',(-12.5485775087,-7.5279705439,-5.96031734357)) ;
#4684=CARTESIAN_POINT('Control Point',(-12.7452501676,-7.63960836063,-5.79865626438)) ;
#4685=CARTESIAN_POINT('Control Point',(-12.9350694,-7.74765805524,-5.64282537152)) ;
#4686=CARTESIAN_POINT('Control Point',(-13.1313788536,-7.85939279875,-5.48167677764)) ;
#4687=CARTESIAN_POINT('Control Point',(-13.3302996439,-7.97278607074,-5.31851671119)) ;
#4688=CARTESIAN_POINT('Control Point',(-12.3501994322,-7.54743915122,-6.20422097263)) ;
#4689=CARTESIAN_POINT('Control Point',(-12.5467678639,-7.65975775963,-6.04351282425)) ;
#4690=CARTESIAN_POINT('Control Point',(-12.7399018033,-7.77039729632,-5.88581934116)) ;
#4691=CARTESIAN_POINT('Control Point',(-12.9320239536,-7.88064065566,-5.72908690843)) ;
#4692=CARTESIAN_POINT('Control Point',(-13.1251586877,-7.99156216128,-5.57164043483)) ;
#4693=CARTESIAN_POINT('Control Point',(-13.3221292931,-8.1048444348,-5.4111805739)) ;
#4694=CARTESIAN_POINT('Control Point',(-12.3499337773,-7.63466844143,-6.25894331533)) ;
#4695=CARTESIAN_POINT('Control Point',(-12.5451751157,-7.74677023278,-6.10001297134)) ;
#4696=CARTESIAN_POINT('Control Point',(-12.7383393765,-7.85791694324,-5.94295561035)) ;
#4697=CARTESIAN_POINT('Control Point',(-12.9286073326,-7.96763495382,-5.78844943969)) ;
#4698=CARTESIAN_POINT('Control Point',(-13.1218415918,-8.07915017067,-5.63162507815)) ;
#4699=CARTESIAN_POINT('Control Point',(-13.317586817,-8.19225519985,-5.47287666206)) ;
#4700=CARTESIAN_POINT('Control Point',(-12.349940998,-7.98223250858,-6.47941806266)) ;
#4701=CARTESIAN_POINT('Control Point',(-12.5403128019,-8.0933373943,-6.32724672532)) ;
#4702=CARTESIAN_POINT('Control Point',(-12.729743087,-8.20404720941,-6.175990853)) ;
#4703=CARTESIAN_POINT('Control Point',(-12.9190501054,-8.31483615066,-6.02498291083)) ;
#4704=CARTESIAN_POINT('Control Point',(-13.1090009506,-8.42615525526,-5.87361973363)) ;
#4705=CARTESIAN_POINT('Control Point',(-13.3002402693,-8.53833410376,-5.72132695561)) ;
#4706=CARTESIAN_POINT('Control Point',(-12.3500609288,-8.32223085118,-6.70814403215)) ;
#4707=CARTESIAN_POINT('Control Point',(-12.5377671815,-8.43202749172,-6.56080571407)) ;
#4708=CARTESIAN_POINT('Control Point',(-12.7252493274,-8.54182981926,-6.41378312042)) ;
#4709=CARTESIAN_POINT('Control Point',(-12.9120271638,-8.65133872326,-6.26745792601)) ;
#4710=CARTESIAN_POINT('Control Point',(-13.0998570514,-8.76150896641,-6.12035843699)) ;
#4711=CARTESIAN_POINT('Control Point',(-13.28826254,-8.87211310941,-5.97291204828)) ;
#4712=CARTESIAN_POINT('Control Point',(-12.3500461858,-8.57463389311,-6.88280691835)) ;
#4713=CARTESIAN_POINT('Control Point',(-12.536175698,-8.6830986706,-6.73857197448)) ;
#4714=CARTESIAN_POINT('Control Point',(-12.722128053,-8.79154299625,-6.59460937247)) ;
#4715=CARTESIAN_POINT('Control Point',(-12.9080149911,-8.90005525943,-6.45081604749)) ;
#4716=CARTESIAN_POINT('Control Point',(-13.0942869852,-9.00889209714,-6.30682552636)) ;
#4717=CARTESIAN_POINT('Control Point',(-13.2810555527,-9.11810750193,-6.16254194782)) ;
#4718=CARTESIAN_POINT('Control Point',(-12.3501236399,-9.10325826433,-7.25488258913)) ;
#4719=CARTESIAN_POINT('Control Point',(-12.5336495942,-9.20850901774,-7.1162256165)) ;
#4720=CARTESIAN_POINT('Control Point',(-12.7172503315,-9.31389737322,-6.97762444384)) ;
#4721=CARTESIAN_POINT('Control Point',(-12.9009019419,-9.41934396873,-6.83913678746)) ;
#4722=CARTESIAN_POINT('Control Point',(-13.0848319879,-9.52503526877,-6.70052470738)) ;
#4723=CARTESIAN_POINT('Control Point',(-13.2689755715,-9.63092950457,-6.56185085794)) ;
#4724=CARTESIAN_POINT('Control Point',(-12.3501061974,-9.62777048377,-7.63120626107)) ;
#4725=CARTESIAN_POINT('Control Point',(-12.5320285171,-9.72922228667,-7.49647131977)) ;
#4726=CARTESIAN_POINT('Control Point',(-12.7140536559,-9.83077299315,-7.36176979922)) ;
#4727=CARTESIAN_POINT('Control Point',(-12.8961898926,-9.9324240145,-7.2271058826)) ;
#4728=CARTESIAN_POINT('Control Point',(-13.078472654,-10.0342268989,-7.09242307536)) ;
#4729=CARTESIAN_POINT('Control Point',(-13.2609027989,-10.1361794192,-6.95771832793)) ;
#4730=CARTESIAN_POINT('Control Point',(-12.3500773816,-9.90318947631,-7.82890641823)) ;
#4731=CARTESIAN_POINT('Control Point',(-12.5312948148,-10.0025859864,-7.69585066868)) ;
#4732=CARTESIAN_POINT('Control Point',(-12.7126138266,-10.1020667978,-7.56282801723)) ;
#4733=CARTESIAN_POINT('Control Point',(-12.8940380178,-10.2016461502,-7.42982984137)) ;
#4734=CARTESIAN_POINT('Control Point',(-13.0755739283,-10.3013462437,-7.29683529187)) ;
#4735=CARTESIAN_POINT('Control Point',(-13.2572322566,-10.4011716852,-7.1638325799)) ;
#4736=CARTESIAN_POINT('Control Point',(-12.350033556,-10.3721040782,-8.16385431581)) ;
#4737=CARTESIAN_POINT('Control Point',(-12.5302715791,-10.4680170874,-8.03292982515)) ;
#4738=CARTESIAN_POINT('Control Point',(-12.7105984277,-10.5639966172,-7.90204314353)) ;
#4739=CARTESIAN_POINT('Control Point',(-12.8910018737,-10.6600505437,-7.77118355258)) ;
#4740=CARTESIAN_POINT('Control Point',(-13.0714882652,-10.7561859616,-7.64034375517)) ;
#4741=CARTESIAN_POINT('Control Point',(-13.2520611764,-10.8524076903,-7.50951813513)) ;
#4742=CARTESIAN_POINT('Control Point',(-12.3500268257,-10.8430975206,-8.49467839636)) ;
#4743=CARTESIAN_POINT('Control Point',(-12.5295664011,-10.9358645781,-8.36475250075)) ;
#4744=CARTESIAN_POINT('Control Point',(-12.7091741823,-11.028677074,-8.23487416715)) ;
#4745=CARTESIAN_POINT('Control Point',(-12.8888357196,-11.1215294654,-8.10504072112)) ;
#4746=CARTESIAN_POINT('Control Point',(-13.0685686021,-11.2144291626,-7.97524063844)) ;
#4747=CARTESIAN_POINT('Control Point',(-13.2483635576,-11.3073794383,-7.84547553284)) ;
#4748=CARTESIAN_POINT('Control Point',(-12.3500337052,-11.0374929707,-8.63002584216)) ;
#4749=CARTESIAN_POINT('Control Point',(-12.5293357491,-11.1290418567,-8.50031144742)) ;
#4750=CARTESIAN_POINT('Control Point',(-12.7086973886,-11.2206251276,-8.37064902274)) ;
#4751=CARTESIAN_POINT('Control Point',(-12.8881087705,-11.3122353651,-8.24103815904)) ;
#4752=CARTESIAN_POINT('Control Point',(-13.067585538,-11.4038775359,-8.1114699591)) ;
#4753=CARTESIAN_POINT('Control Point',(-13.2471162926,-11.4955560701,-7.9819450753)) ;
#4754=CARTESIAN_POINT('Control Point',(-12.3500916254,-11.7097052145,-9.09332797332)) ;
#4755=CARTESIAN_POINT('Control Point',(-12.5287685835,-11.7973796841,-8.9636456244)) ;
#4756=CARTESIAN_POINT('Control Point',(-12.7074741096,-11.8850329365,-8.834035993)) ;
#4757=CARTESIAN_POINT('Control Point',(-12.8862379438,-11.9726812784,-8.70448976643)) ;
#4758=CARTESIAN_POINT('Control Point',(-13.065032311,-12.0602994285,-8.57503891164)) ;
#4759=CARTESIAN_POINT('Control Point',(-13.2438647679,-12.1479082666,-8.44565416155)) ;
#4760=CARTESIAN_POINT('Control Point',(-12.3501758918,-12.3892209396,-9.54418241302)) ;
#4761=CARTESIAN_POINT('Control Point',(-12.5289411155,-12.474270442,-9.41223530849)) ;
#4762=CARTESIAN_POINT('Control Point',(-12.7077383542,-12.5592560463,-9.28038158755)) ;
#4763=CARTESIAN_POINT('Control Point',(-12.8865284948,-12.6441653855,-9.14863572659)) ;
#4764=CARTESIAN_POINT('Control Point',(-13.065368753,-12.7290129322,-9.01697437535)) ;
#4765=CARTESIAN_POINT('Control Point',(-13.2442315076,-12.8137780779,-8.88541068655)) ;
#4766=CARTESIAN_POINT('Control Point',(-12.3501755076,-12.8763643677,-9.85731565309)) ;
#4767=CARTESIAN_POINT('Control Point',(-12.5294282037,-12.9603694137,-9.72265339175)) ;
#4768=CARTESIAN_POINT('Control Point',(-12.7086671662,-13.0442777555,-9.58809007832)) ;
#4769=CARTESIAN_POINT('Control Point',(-12.8879355357,-13.128093033,-9.45361829428)) ;
#4770=CARTESIAN_POINT('Control Point',(-13.0671654142,-13.2118018068,-9.31925720786)) ;
#4771=CARTESIAN_POINT('Control Point',(-13.2464205322,-13.2954348716,-9.18502073366)) ;
#4772=CARTESIAN_POINT('Control Point',(-12.3502178292,-13.5920300764,-10.3056059386)) ;
#4773=CARTESIAN_POINT('Control Point',(-12.5306014349,-13.6758541267,-10.1657004968)) ;
#4774=CARTESIAN_POINT('Control Point',(-12.7109657302,-13.7595497859,-10.0258971679)) ;
#4775=CARTESIAN_POINT('Control Point',(-12.8912725294,-13.8431166872,-9.88619351896)) ;
#4776=CARTESIAN_POINT('Control Point',(-13.0716056622,-13.9265709834,-9.74660463253)) ;
#4777=CARTESIAN_POINT('Control Point',(-13.2519093482,-14.0098715279,-9.60709889034)) ;
#4778=CARTESIAN_POINT('Control Point',(-12.350290798,-14.3110619877,-10.7503437442)) ;
#4779=CARTESIAN_POINT('Control Point',(-12.5326014719,-14.3968707177,-10.6040565703)) ;
#4780=CARTESIAN_POINT('Control Point',(-12.7147904702,-14.4824826083,-10.4578898433)) ;
#4781=CARTESIAN_POINT('Control Point',(-12.8968717011,-14.5678961192,-10.3118530325)) ;
#4782=CARTESIAN_POINT('Control Point',(-13.0789285495,-14.6531570298,-10.1658557775)) ;
#4783=CARTESIAN_POINT('Control Point',(-13.2610001432,-14.7382720124,-10.0199159229)) ;
#4784=CARTESIAN_POINT('Control Point',(-12.3503070574,-14.5358154766,-10.8893249075)) ;
#4785=CARTESIAN_POINT('Control Point',(-12.5332986675,-14.6224963581,-10.7409792251)) ;
#4786=CARTESIAN_POINT('Control Point',(-12.7161320493,-14.7089545403,-10.5927865403)) ;
#4787=CARTESIAN_POINT('Control Point',(-12.8988239678,-14.7951788868,-10.4447107556)) ;
#4788=CARTESIAN_POINT('Control Point',(-13.0815012908,-14.88126985,-10.2966832377)) ;
#4789=CARTESIAN_POINT('Control Point',(-13.2641721091,-14.9672104364,-10.1486769254)) ;
#4790=CARTESIAN_POINT('Control Point',(-12.3502793191,-14.872618806,-11.0985189904)) ;
#4791=CARTESIAN_POINT('Control Point',(-12.5345126953,-14.9609847397,-10.9470413611)) ;
#4792=CARTESIAN_POINT('Control Point',(-12.7184840776,-15.0490905879,-10.7957504413)) ;
#4793=CARTESIAN_POINT('Control Point',(-12.9021761979,-15.1369276161,-10.6446615645)) ;
#4794=CARTESIAN_POINT('Control Point',(-13.0859382384,-15.2246246287,-10.4935372739)) ;
#4795=CARTESIAN_POINT('Control Point',(-13.2697116279,-15.3121961746,-10.3424065739)) ;
#4796=CARTESIAN_POINT('Control Point',(-12.3502019492,-15.2081640796,-11.3104303791)) ;
#4797=CARTESIAN_POINT('Control Point',(-12.5361195938,-15.2989428731,-11.1557843768)) ;
#4798=CARTESIAN_POINT('Control Point',(-12.721590937,-15.3893472116,-11.0014664945)) ;
#4799=CARTESIAN_POINT('Control Point',(-12.9066125276,-15.4793788731,-10.8474770623)) ;
#4800=CARTESIAN_POINT('Control Point',(-13.0917918195,-15.5693557618,-10.6933406813)) ;
#4801=CARTESIAN_POINT('Control Point',(-13.2771356726,-15.659276007,-10.5390509103)) ;
#4802=CARTESIAN_POINT('Control Point',(-12.3501732779,-15.3197954301,-11.3814351621)) ;
#4803=CARTESIAN_POINT('Control Point',(-12.5367050582,-15.4114618834,-11.2257394343)) ;
#4804=CARTESIAN_POINT('Control Point',(-12.722736304,-15.5027188017,-11.0704122318)) ;
#4805=CARTESIAN_POINT('Control Point',(-12.9082173799,-15.5935412672,-10.9154973634)) ;
#4806=CARTESIAN_POINT('Control Point',(-13.0939246185,-15.6843636954,-10.7603547572)) ;
#4807=CARTESIAN_POINT('Control Point',(-13.2798595759,-15.7751478647,-10.6050158099)) ;
#4808=CARTESIAN_POINT('Control Point',(-12.3501041942,-15.5327732417,-11.5181393343)) ;
#4809=CARTESIAN_POINT('Control Point',(-12.5379781426,-15.6263386232,-11.3604167079)) ;
#4810=CARTESIAN_POINT('Control Point',(-12.7251288951,-15.7193623646,-11.203239391)) ;
#4811=CARTESIAN_POINT('Control Point',(-12.9116045067,-15.8118702796,-11.0465684332)) ;
#4812=CARTESIAN_POINT('Control Point',(-13.0984190458,-15.9044363654,-10.8895731921)) ;
#4813=CARTESIAN_POINT('Control Point',(-13.2856329187,-15.9970770423,-10.7322083037)) ;
#4814=CARTESIAN_POINT('Control Point',(-12.350038725,-15.7446007709,-11.6570163646)) ;
#4815=CARTESIAN_POINT('Control Point',(-12.5395473836,-15.8404481535,-11.4973121699)) ;
#4816=CARTESIAN_POINT('Control Point',(-12.7280962661,-15.9356099897,-11.3383366252)) ;
#4817=CARTESIAN_POINT('Control Point',(-12.9156215109,-16.0300598515,-11.180149852)) ;
#4818=CARTESIAN_POINT('Control Point',(-13.1038401537,-16.1247498752,-11.021336802)) ;
#4819=CARTESIAN_POINT('Control Point',(-13.2926940768,-16.2196462931,-10.861946832)) ;
#4820=CARTESIAN_POINT('Control Point',(-12.3499967855,-15.8453183035,-11.7238480057)) ;
#4821=CARTESIAN_POINT('Control Point',(-12.5403985343,-15.9423675238,-11.5631796715)) ;
#4822=CARTESIAN_POINT('Control Point',(-12.7296461495,-16.0386261763,-11.4034009778)) ;
#4823=CARTESIAN_POINT('Control Point',(-12.9177351647,-16.1340814378,-11.2445103419)) ;
#4824=CARTESIAN_POINT('Control Point',(-13.1066283364,-16.2298462462,-11.0849061359)) ;
#4825=CARTESIAN_POINT('Control Point',(-13.2964140794,-16.3259517789,-10.924501592)) ;
#4826=CARTESIAN_POINT('Control Point',(-12.3499278321,-16.0418559743,-11.8560632315)) ;
#4827=CARTESIAN_POINT('Control Point',(-12.5422835601,-16.1414980003,-11.6935263849)) ;
#4828=CARTESIAN_POINT('Control Point',(-12.7329942287,-16.2400469959,-11.5322568782)) ;
#4829=CARTESIAN_POINT('Control Point',(-12.9222166961,-16.3376307573,-11.3721588824)) ;
#4830=CARTESIAN_POINT('Control Point',(-13.112729747,-16.4357594641,-11.2109213062)) ;
#4831=CARTESIAN_POINT('Control Point',(-13.3044211342,-16.5343928591,-11.0486435705)) ;
#4832=CARTESIAN_POINT('Control Point',(-12.3498775169,-16.2365534214,-11.9911927165)) ;
#4833=CARTESIAN_POINT('Control Point',(-12.5447978215,-16.33934857,-11.8266855762)) ;
#4834=CARTESIAN_POINT('Control Point',(-12.7374381169,-16.4407136514,-11.6639773713)) ;
#4835=CARTESIAN_POINT('Control Point',(-12.9273862407,-16.5403891526,-11.5033930137)) ;
#4836=CARTESIAN_POINT('Control Point',(-13.1197917185,-16.6413001161,-11.3407211459)) ;
#4837=CARTESIAN_POINT('Control Point',(-13.3142986462,-16.7432035821,-11.1762146286)) ;
#4838=CARTESIAN_POINT('Control Point',(-12.350167776,-16.3315238572,-12.0578714227)) ;
#4839=CARTESIAN_POINT('Control Point',(-12.5463717635,-16.4359613119,-11.8925111951)) ;
#4840=CARTESIAN_POINT('Control Point',(-12.7394530431,-16.5384013187,-11.7295692464)) ;
#4841=CARTESIAN_POINT('Control Point',(-12.9302844399,-16.6395091865,-11.5684618267)) ;
#4842=CARTESIAN_POINT('Control Point',(-13.1236730618,-16.7418716967,-11.4051525548)) ;
#4843=CARTESIAN_POINT('Control Point',(-13.3193465261,-16.8453258034,-11.2398448616)) ;
#4844=CARTESIAN_POINT('Control Point',(-12.3501884115,-16.4727626184,-12.159495736)) ;
#4845=CARTESIAN_POINT('Control Point',(-12.5488311307,-16.5799383073,-11.9925568503)) ;
#4846=CARTESIAN_POINT('Control Point',(-12.7434987838,-16.6847592004,-11.8288259636)) ;
#4847=CARTESIAN_POINT('Control Point',(-12.9347545595,-16.7874975331,-11.667792102)) ;
#4848=CARTESIAN_POINT('Control Point',(-13.129765819,-16.8922301331,-11.5036019578)) ;
#4849=CARTESIAN_POINT('Control Point',(-13.3281136568,-16.99863877,-11.3365357972)) ;
#4850=CARTESIAN_POINT('Control Point',(-12.3496444662,-16.6119697372,-12.2637302063)) ;
#4851=CARTESIAN_POINT('Control Point',(-12.5510625839,-16.7223293433,-12.0953454692)) ;
#4852=CARTESIAN_POINT('Control Point',(-12.7478530372,-16.8296764005,-11.9304729745)) ;
#4853=CARTESIAN_POINT('Control Point',(-12.9403614335,-16.9348111561,-11.7692885332)) ;
#4854=CARTESIAN_POINT('Control Point',(-13.1380127127,-17.0427246649,-11.6037733008)) ;
#4855=CARTESIAN_POINT('Control Point',(-13.338852377,-17.1521194589,-11.4354084133)) ;
#4856=CARTESIAN_POINT('Control Point',(-12.3489994533,-16.6578558798,-12.2990703312)) ;
#4857=CARTESIAN_POINT('Control Point',(-12.5560856756,-16.7720377109,-12.1263835343)) ;
#4858=CARTESIAN_POINT('Control Point',(-12.740689513,-16.8728979137,-11.9717443418)) ;
#4859=CARTESIAN_POINT('Control Point',(-12.9511903335,-16.9885919792,-11.7959272854)) ;
#4860=CARTESIAN_POINT('Control Point',(-13.136379691,-17.0903931711,-11.6412705756)) ;
#4861=CARTESIAN_POINT('Control Point',(-13.3432791704,-17.2035680355,-11.4680570853)) ;
#4862=CARTESIAN_POINT('Control Point',(-12.3515521339,-16.7054598399,-12.332140923)) ;
#4863=CARTESIAN_POINT('Control Point',(-12.5508765343,-16.8154924663,-12.1659480911)) ;
#4864=CARTESIAN_POINT('Control Point',(-12.7483775823,-16.9243560739,-12.0011451017)) ;
#4865=CARTESIAN_POINT('Control Point',(-12.9472913764,-17.0342104032,-11.8353295361)) ;
#4866=CARTESIAN_POINT('Control Point',(-13.1454570774,-17.1434787978,-11.6699987825)) ;
#4867=CARTESIAN_POINT('Control Point',(-13.3444062637,-17.2532366705,-11.5040617229)) ;
#4868=CARTESIAN_POINT('Control Point',(-12.3496859576,-16.7501416541,-12.3689865226)) ;
#4869=CARTESIAN_POINT('Control Point',(-12.5499645687,-16.8612536094,-12.2023609328)) ;
#4870=CARTESIAN_POINT('Control Point',(-12.7503172498,-16.9723919144,-12.0356603063)) ;
#4871=CARTESIAN_POINT('Control Point',(-12.9496742739,-17.0829598509,-11.8697715397)) ;
#4872=CARTESIAN_POINT('Control Point',(-13.1500024449,-17.194097616,-11.7030979681)) ;
#4873=CARTESIAN_POINT('Control Point',(-13.350305816,-17.3051886499,-11.5364205421)) ;
#4875=CARTESIAN_POINT('Control Point',(-12.3496859576,-16.7501416541,-12.3689865226)) ;
#4876=CARTESIAN_POINT('Control Point',(-12.5499645687,-16.8612536094,-12.2023609328)) ;
#4877=CARTESIAN_POINT('Control Point',(-12.7503172498,-16.9723919144,-12.0356603063)) ;
#4878=CARTESIAN_POINT('Control Point',(-12.9496742739,-17.0829598509,-11.8697715397)) ;
#4879=CARTESIAN_POINT('Control Point',(-13.1500024449,-17.194097616,-11.7030979681)) ;
#4880=CARTESIAN_POINT('Control Point',(-13.350305816,-17.3051886499,-11.5364205421)) ;
#4881=CARTESIAN_POINT('Vertex',(-12.3496918824,-16.7501449852,-12.3689815436)) ;
#4885=CARTESIAN_POINT('Control Point',(-12.3496813158,-7.14780376773,-5.96743406796)) ;
#4886=CARTESIAN_POINT('Control Point',(-12.3513747972,-7.19354048462,-5.99158991065)) ;
#4887=CARTESIAN_POINT('Control Point',(-12.3494181407,-7.23729530975,-6.01914563439)) ;
#4888=CARTESIAN_POINT('Control Point',(-12.3496017366,-7.2819532605,-6.04507801864)) ;
#4889=CARTESIAN_POINT('Control Point',(-12.3501210846,-7.41551336825,-6.12358021122)) ;
#4890=CARTESIAN_POINT('Control Point',(-12.3501994322,-7.54743915122,-6.20422097263)) ;
#4891=CARTESIAN_POINT('Control Point',(-12.3499337773,-7.63466844143,-6.25894331533)) ;
#4892=CARTESIAN_POINT('Control Point',(-12.349940998,-7.98223250858,-6.47941806266)) ;
#4893=CARTESIAN_POINT('Control Point',(-12.3500609288,-8.32223085118,-6.70814403215)) ;
#4894=CARTESIAN_POINT('Control Point',(-12.3500461858,-8.57463389311,-6.88280691835)) ;
#4895=CARTESIAN_POINT('Control Point',(-12.3501236399,-9.10325826433,-7.25488258913)) ;
#4896=CARTESIAN_POINT('Control Point',(-12.3501061974,-9.62777048377,-7.63120626107)) ;
#4897=CARTESIAN_POINT('Control Point',(-12.3500773816,-9.90318947631,-7.82890641823)) ;
#4898=CARTESIAN_POINT('Control Point',(-12.350033556,-10.3721040782,-8.16385431581)) ;
#4899=CARTESIAN_POINT('Control Point',(-12.3500268257,-10.8430975206,-8.49467839636)) ;
#4900=CARTESIAN_POINT('Control Point',(-12.3500337052,-11.0374929707,-8.63002584216)) ;
#4901=CARTESIAN_POINT('Control Point',(-12.3500916254,-11.7097052145,-9.09332797332)) ;
#4902=CARTESIAN_POINT('Control Point',(-12.3501758918,-12.3892209396,-9.54418241302)) ;
#4903=CARTESIAN_POINT('Control Point',(-12.3501755076,-12.8763643677,-9.85731565309)) ;
#4904=CARTESIAN_POINT('Control Point',(-12.3502178292,-13.5920300764,-10.3056059386)) ;
#4905=CARTESIAN_POINT('Control Point',(-12.350290798,-14.3110619877,-10.7503437442)) ;
#4906=CARTESIAN_POINT('Control Point',(-12.3503070574,-14.5358154766,-10.8893249075)) ;
#4907=CARTESIAN_POINT('Control Point',(-12.3502793191,-14.872618806,-11.0985189904)) ;
#4908=CARTESIAN_POINT('Control Point',(-12.3502019492,-15.2081640796,-11.3104303791)) ;
#4909=CARTESIAN_POINT('Control Point',(-12.3501732779,-15.3197954301,-11.3814351621)) ;
#4910=CARTESIAN_POINT('Control Point',(-12.3501041942,-15.5327732417,-11.5181393343)) ;
#4911=CARTESIAN_POINT('Control Point',(-12.350038725,-15.7446007709,-11.6570163646)) ;
#4912=CARTESIAN_POINT('Control Point',(-12.3499967855,-15.8453183035,-11.7238480057)) ;
#4913=CARTESIAN_POINT('Control Point',(-12.3499278321,-16.0418559743,-11.8560632315)) ;
#4914=CARTESIAN_POINT('Control Point',(-12.3498775169,-16.2365534214,-11.9911927165)) ;
#4915=CARTESIAN_POINT('Control Point',(-12.350167776,-16.3315238572,-12.0578714227)) ;
#4916=CARTESIAN_POINT('Control Point',(-12.3501884115,-16.4727626184,-12.159495736)) ;
#4917=CARTESIAN_POINT('Control Point',(-12.3496444662,-16.6119697372,-12.2637302063)) ;
#4918=CARTESIAN_POINT('Control Point',(-12.3489994533,-16.6578558798,-12.2990703312)) ;
#4919=CARTESIAN_POINT('Control Point',(-12.3515521339,-16.7054598399,-12.332140923)) ;
#4920=CARTESIAN_POINT('Control Point',(-12.3496859576,-16.7501416541,-12.3689865226)) ;
#4930=CARTESIAN_POINT('Control Point',(-12.3496918824,-16.7501449852,-12.3689815436)) ;
#4931=CARTESIAN_POINT('Control Point',(-12.5499504794,-16.8612434389,-12.2023710052)) ;
#4932=CARTESIAN_POINT('Control Point',(-12.7504220563,-16.9724571834,-12.0355782654)) ;
#4933=CARTESIAN_POINT('Control Point',(-12.9494032935,-17.0828316419,-11.8700138454)) ;
#4934=CARTESIAN_POINT('Control Point',(-13.1501787271,-17.1941870027,-11.7029448563)) ;
#4935=CARTESIAN_POINT('Control Point',(-13.3502893315,-17.3051799085,-11.5364344132)) ;
#4936=CARTESIAN_POINT('Control Point',(-12.3509429823,-16.7809635701,-12.3911962184)) ;
#4937=CARTESIAN_POINT('Control Point',(-12.5514629101,-16.8922196522,-12.2243368322)) ;
#4938=CARTESIAN_POINT('Control Point',(-12.7512016516,-17.0030873217,-12.0581606713)) ;
#4939=CARTESIAN_POINT('Control Point',(-12.9513119158,-17.1140298448,-11.8915734189)) ;
#4940=CARTESIAN_POINT('Control Point',(-13.1510488773,-17.224890302,-11.7253934134)) ;
#4941=CARTESIAN_POINT('Control Point',(-13.351626131,-17.336129561,-11.5584487446)) ;
#4942=CARTESIAN_POINT('Control Point',(-12.3502129325,-16.8106024375,-12.4149475456)) ;
#4943=CARTESIAN_POINT('Control Point',(-12.5555475759,-16.9247597248,-12.2442206954)) ;
#4944=CARTESIAN_POINT('Control Point',(-12.7484728885,-17.0316847968,-12.0835479276)) ;
#4945=CARTESIAN_POINT('Control Point',(-12.9563884576,-17.1470202074,-11.9104783079)) ;
#4946=CARTESIAN_POINT('Control Point',(-13.1498121352,-17.2544932135,-11.7496016533)) ;
#4947=CARTESIAN_POINT('Control Point',(-13.3545901026,-17.3679242641,-11.5790195737)) ;
#4948=CARTESIAN_POINT('Control Point',(-12.3496356114,-16.8403519516,-12.4385425543)) ;
#4949=CARTESIAN_POINT('Control Point',(-12.5569015769,-16.9557227937,-12.2662804703)) ;
#4950=CARTESIAN_POINT('Control Point',(-12.7501894634,-17.0628316375,-12.1052544874)) ;
#4951=CARTESIAN_POINT('Control Point',(-12.9571914979,-17.177658348,-11.9329061217)) ;
#4952=CARTESIAN_POINT('Control Point',(-13.1508283306,-17.2853304773,-11.7718782613)) ;
#4953=CARTESIAN_POINT('Control Point',(-13.3576142403,-17.3997582131,-11.5994993071)) ;
#4954=CARTESIAN_POINT('Control Point',(-12.3498651695,-16.9309719168,-12.5077673931)) ;
#4955=CARTESIAN_POINT('Control Point',(-12.5574242679,-17.046604001,-12.335225708)) ;
#4956=CARTESIAN_POINT('Control Point',(-12.7580546113,-17.1580034118,-12.1681475667)) ;
#4957=CARTESIAN_POINT('Control Point',(-12.9569377599,-17.2683147227,-12.00243452)) ;
#4958=CARTESIAN_POINT('Control Point',(-13.156858796,-17.3794709385,-11.8360701498)) ;
#4959=CARTESIAN_POINT('Control Point',(-13.3649228407,-17.4945418474,-11.6624696849)) ;
#4960=CARTESIAN_POINT('Control Point',(-12.3501745331,-17.0218669226,-12.5766663947)) ;
#4961=CARTESIAN_POINT('Control Point',(-12.5580145903,-17.1376739305,-12.403801311)) ;
#4962=CARTESIAN_POINT('Control Point',(-12.7616782495,-17.2508992725,-12.2342070824)) ;
#4963=CARTESIAN_POINT('Control Point',(-12.9599753527,-17.3610308397,-12.068990189)) ;
#4964=CARTESIAN_POINT('Control Point',(-13.1633185192,-17.4739071103,-11.8995388619)) ;
#4965=CARTESIAN_POINT('Control Point',(-13.3711456271,-17.588977855,-11.7261342056)) ;
#4966=CARTESIAN_POINT('Control Point',(-12.3500745042,-17.0823949687,-12.6227396555)) ;
#4967=CARTESIAN_POINT('Control Point',(-12.5589007839,-17.1988091599,-12.4490332143)) ;
#4968=CARTESIAN_POINT('Control Point',(-12.7628744242,-17.312259239,-12.279155855)) ;
#4969=CARTESIAN_POINT('Control Point',(-12.9631602343,-17.4235122165,-12.1122328363)) ;
#4970=CARTESIAN_POINT('Control Point',(-13.1667469506,-17.5365598088,-11.9425405169)) ;
#4971=CARTESIAN_POINT('Control Point',(-13.3755149813,-17.6521471012,-11.7682840582)) ;
#4972=CARTESIAN_POINT('Control Point',(-12.3500037646,-17.325275463,-12.8064492761)) ;
#4973=CARTESIAN_POINT('Control Point',(-12.5608779421,-17.4429585322,-12.630882203)) ;
#4974=CARTESIAN_POINT('Control Point',(-12.7693528447,-17.5591148627,-12.4571674057)) ;
#4975=CARTESIAN_POINT('Control Point',(-12.973408758,-17.6726348405,-12.2869904772)) ;
#4976=CARTESIAN_POINT('Control Point',(-13.1815931473,-17.7882057184,-12.1132003704)) ;
#4977=CARTESIAN_POINT('Control Point',(-13.3926667571,-17.9051762349,-11.9368584741)) ;
#4978=CARTESIAN_POINT('Control Point',(-12.3498570325,-17.5695949083,-12.988366382)) ;
#4979=CARTESIAN_POINT('Control Point',(-12.5628872926,-17.6885468801,-12.8108395785)) ;
#4980=CARTESIAN_POINT('Control Point',(-12.7737138338,-17.8060740945,-12.6350034903)) ;
#4981=CARTESIAN_POINT('Control Point',(-12.9834236048,-17.9228092884,-12.4599739325)) ;
#4982=CARTESIAN_POINT('Control Point',(-13.1945057418,-18.0401200737,-12.2836714879)) ;
#4983=CARTESIAN_POINT('Control Point',(-13.4079172025,-18.1584943293,-12.1052698104)) ;
#4984=CARTESIAN_POINT('Control Point',(-12.350029659,-17.7538342337,-13.1235969342)) ;
#4985=CARTESIAN_POINT('Control Point',(-12.5645274038,-17.8736435613,-12.9447368254)) ;
#4986=CARTESIAN_POINT('Control Point',(-12.7777568103,-17.9925661805,-12.766807939)) ;
#4987=CARTESIAN_POINT('Control Point',(-12.9893717282,-18.1104153017,-12.590102484)) ;
#4988=CARTESIAN_POINT('Control Point',(-13.2027561632,-18.2290532609,-12.4117948372)) ;
#4989=CARTESIAN_POINT('Control Point',(-13.417599807,-18.3483109915,-12.2321455683)) ;
#4990=CARTESIAN_POINT('Control Point',(-12.3500626594,-18.210732393,-13.455678878)) ;
#4991=CARTESIAN_POINT('Control Point',(-12.5682087646,-18.3326599879,-13.2735481438)) ;
#4992=CARTESIAN_POINT('Control Point',(-12.785733454,-18.4540702585,-13.0918313815)) ;
#4993=CARTESIAN_POINT('Control Point',(-13.0029845886,-18.5751620033,-12.9102450414)) ;
#4994=CARTESIAN_POINT('Control Point',(-13.2207370874,-18.6963632633,-12.7281426964)) ;
#4995=CARTESIAN_POINT('Control Point',(-13.4392548205,-18.8178088412,-12.5452952928)) ;
#4996=CARTESIAN_POINT('Control Point',(-12.3500816581,-18.6718835675,-13.7820094394)) ;
#4997=CARTESIAN_POINT('Control Point',(-12.5709598191,-18.7953595888,-13.5974488627)) ;
#4998=CARTESIAN_POINT('Control Point',(-12.7916968057,-18.9186047972,-13.4129290574)) ;
#4999=CARTESIAN_POINT('Control Point',(-13.0120797643,-19.0414986818,-13.2286268388)) ;
#5000=CARTESIAN_POINT('Control Point',(-13.232964556,-19.1645120416,-13.0438273797)) ;
#5001=CARTESIAN_POINT('Control Point',(-13.4541780492,-19.2875549308,-12.8586776338)) ;
#5002=CARTESIAN_POINT('Control Point',(-12.3500958749,-18.9478055558,-13.974363671)) ;
#5003=CARTESIAN_POINT('Control Point',(-12.5722723445,-19.0720064725,-13.7886596298)) ;
#5004=CARTESIAN_POINT('Control Point',(-12.7943001197,-19.1959784447,-13.6030126665)) ;
#5005=CARTESIAN_POINT('Control Point',(-13.0162716341,-19.3197736807,-13.4173482309)) ;
#5006=CARTESIAN_POINT('Control Point',(-13.2384677787,-19.4435474348,-13.231432184)) ;
#5007=CARTESIAN_POINT('Control Point',(-13.4609585746,-19.567335919,-13.0452027105)) ;
#5008=CARTESIAN_POINT('Control Point',(-12.3501299927,-19.5111507084,-14.3616524655)) ;
#5009=CARTESIAN_POINT('Control Point',(-12.5741334585,-19.636339283,-14.1743443743)) ;
#5010=CARTESIAN_POINT('Control Point',(-12.7981680012,-19.7614188823,-13.9869677121)) ;
#5011=CARTESIAN_POINT('Control Point',(-13.0221492172,-19.8863411653,-13.7995932463)) ;
#5012=CARTESIAN_POINT('Control Point',(-13.2463171577,-20.0112379059,-13.6120203582)) ;
#5013=CARTESIAN_POINT('Control Point',(-13.4706007412,-20.1360727562,-13.4243087157)) ;
#5014=CARTESIAN_POINT('Control Point',(-12.3501574747,-20.0791478392,-14.7420005277)) ;
#5015=CARTESIAN_POINT('Control Point',(-12.5745196358,-20.204456285,-14.5543942643)) ;
#5016=CARTESIAN_POINT('Control Point',(-12.7988847735,-20.3296594261,-14.3667611424)) ;
#5017=CARTESIAN_POINT('Control Point',(-13.0232963515,-20.4547812807,-14.1790664268)) ;
#5018=CARTESIAN_POINT('Control Point',(-13.2477740891,-20.5798330014,-13.9912938029)) ;
#5019=CARTESIAN_POINT('Control Point',(-13.4723513972,-20.7048323831,-13.8034134754)) ;
#5020=CARTESIAN_POINT('Control Point',(-12.3501664299,-20.3687614202,-14.9335665433)) ;
#5021=CARTESIAN_POINT('Control Point',(-12.5743287419,-20.4939070868,-14.7461441899)) ;
#5022=CARTESIAN_POINT('Control Point',(-12.7985193069,-20.6189728898,-14.5586833331)) ;
#5023=CARTESIAN_POINT('Control Point',(-13.0227137807,-20.743944653,-14.3712050553)) ;
#5024=CARTESIAN_POINT('Control Point',(-13.2469944021,-20.8688675144,-14.1836405563)) ;
#5025=CARTESIAN_POINT('Control Point',(-13.4713402618,-20.9937310394,-13.9960067655)) ;
#5026=CARTESIAN_POINT('Control Point',(-12.3501984552,-20.8997579427,-15.2808561397)) ;
#5027=CARTESIAN_POINT('Control Point',(-12.5733818219,-21.0242516532,-15.0943086796)) ;
#5028=CARTESIAN_POINT('Control Point',(-12.7965676345,-21.1486712849,-14.9077590227)) ;
#5029=CARTESIAN_POINT('Control Point',(-13.0197737162,-21.2730263559,-14.7211934024)) ;
#5030=CARTESIAN_POINT('Control Point',(-13.2430218273,-21.3973290534,-14.5345936945)) ;
#5031=CARTESIAN_POINT('Control Point',(-13.4663260635,-21.5215871568,-14.347946864)) ;
#5032=CARTESIAN_POINT('Control Point',(-12.3502276354,-21.4335926629,-15.6235980113)) ;
#5033=CARTESIAN_POINT('Control Point',(-12.5714057203,-21.5568450572,-15.4388185846)) ;
#5034=CARTESIAN_POINT('Control Point',(-12.7925618177,-21.6800318775,-15.2540702883)) ;
#5035=CARTESIAN_POINT('Control Point',(-13.013686436,-21.8031471966,-15.0693617046)) ;
#5036=CARTESIAN_POINT('Control Point',(-13.2348709068,-21.9262412371,-14.884616544)) ;
#5037=CARTESIAN_POINT('Control Point',(-13.4561057941,-22.0493096369,-14.6998421184)) ;
#5038=CARTESIAN_POINT('Control Point',(-12.350233357,-21.6758139593,-15.7779395829)) ;
#5039=CARTESIAN_POINT('Control Point',(-12.5703196404,-21.7983996663,-15.5941197778)) ;
#5040=CARTESIAN_POINT('Control Point',(-12.7903568614,-21.9209149224,-15.4103589944)) ;
#5041=CARTESIAN_POINT('Control Point',(-13.010348712,-22.0433611424,-15.2266547631)) ;
#5042=CARTESIAN_POINT('Control Point',(-13.2303995538,-22.1657958228,-15.0429200433)) ;
#5043=CARTESIAN_POINT('Control Point',(-13.4505111457,-22.2882204999,-14.859152681)) ;
#5044=CARTESIAN_POINT('Control Point',(-12.3502048444,-22.0429955124,-16.0103545532)) ;
#5045=CARTESIAN_POINT('Control Point',(-12.5683998748,-22.1644369447,-15.8281910586)) ;
#5046=CARTESIAN_POINT('Control Point',(-12.7865008323,-22.2857990576,-15.6461319498)) ;
#5047=CARTESIAN_POINT('Control Point',(-13.0045026621,-22.4070784136,-15.4641818673)) ;
#5048=CARTESIAN_POINT('Control Point',(-13.2225915236,-22.528377528,-15.2821854341)) ;
#5049=CARTESIAN_POINT('Control Point',(-13.4407623389,-22.6496943126,-15.1001465061)) ;
#5050=CARTESIAN_POINT('Control Point',(-12.3501396784,-22.4110725546,-16.2412529668)) ;
#5051=CARTESIAN_POINT('Control Point',(-12.5661473086,-22.5312033704,-16.0609956356)) ;
#5052=CARTESIAN_POINT('Control Point',(-12.7819616153,-22.6512167578,-15.8809326637)) ;
#5053=CARTESIAN_POINT('Control Point',(-12.9975770893,-22.7711091612,-15.7010691813)) ;
#5054=CARTESIAN_POINT('Control Point',(-13.213353975,-22.8910790819,-15.5211045851)) ;
#5055=CARTESIAN_POINT('Control Point',(-13.4292872116,-23.0111242307,-15.3410425495)) ;
#5056=CARTESIAN_POINT('Control Point',(-12.3501144007,-22.5359853422,-16.3193882605)) ;
#5057=CARTESIAN_POINT('Control Point',(-12.5653499386,-22.6556546079,-16.1398026647)) ;
#5058=CARTESIAN_POINT('Control Point',(-12.7803505838,-22.7751894171,-15.9604484864)) ;
#5059=CARTESIAN_POINT('Control Point',(-12.9951110686,-22.8945862159,-15.7813307188)) ;
#5060=CARTESIAN_POINT('Control Point',(-13.2100657612,-23.0140843475,-15.6020868955)) ;
#5061=CARTESIAN_POINT('Control Point',(-13.4252103029,-23.1336818818,-15.4227200551)) ;
#5062=CARTESIAN_POINT('Control Point',(-12.3500642119,-22.7768361203,-16.4696403411)) ;
#5063=CARTESIAN_POINT('Control Point',(-12.5637599138,-22.8955871561,-16.2913921848)) ;
#5064=CARTESIAN_POINT('Control Point',(-12.777123639,-23.0141616927,-16.1134608498)) ;
#5065=CARTESIAN_POINT('Control Point',(-12.9901420804,-23.1325515067,-15.9358583016)) ;
#5066=CARTESIAN_POINT('Control Point',(-13.2034441544,-23.251103084,-15.7580597376)) ;
#5067=CARTESIAN_POINT('Control Point',(-13.4170176832,-23.3698101286,-15.5800744387)) ;
#5068=CARTESIAN_POINT('Control Point',(-12.3500245188,-23.0179965469,-16.619350223)) ;
#5069=CARTESIAN_POINT('Control Point',(-12.5621012321,-23.1357860569,-16.442504223)) ;
#5070=CARTESIAN_POINT('Control Point',(-12.7736841996,-23.2533216654,-16.2661139728)) ;
#5071=CARTESIAN_POINT('Control Point',(-12.984769864,-23.3706000354,-16.0901837797)) ;
#5072=CARTESIAN_POINT('Control Point',(-13.196278862,-23.4881283258,-15.9139453408)) ;
#5073=CARTESIAN_POINT('Control Point',(-13.4082055285,-23.6059039897,-15.7374020979)) ;
#5074=CARTESIAN_POINT('Control Point',(-12.3500106881,-23.1340620412,-16.6912419609)) ;
#5075=CARTESIAN_POINT('Control Point',(-12.5612919437,-23.2513801022,-16.5150839419)) ;
#5076=CARTESIAN_POINT('Control Point',(-12.7719927581,-23.3684021531,-16.3394557692)) ;
#5077=CARTESIAN_POINT('Control Point',(-12.9820889062,-23.4851131907,-16.1643792444)) ;
#5078=CARTESIAN_POINT('Control Point',(-13.1927113802,-23.6021362366,-15.9889105289)) ;
#5079=CARTESIAN_POINT('Control Point',(-13.4038300099,-23.7194554337,-15.8130732546)) ;
#5080=CARTESIAN_POINT('Control Point',(-12.3500025168,-23.3619593612,-16.832102648)) ;
#5081=CARTESIAN_POINT('Control Point',(-12.5597109772,-23.4783466278,-16.6573036112)) ;
#5082=CARTESIAN_POINT('Control Point',(-12.7685867977,-23.5943100281,-16.4832479397)) ;
#5083=CARTESIAN_POINT('Control Point',(-12.9766657323,-23.7098668159,-16.309907983)) ;
#5084=CARTESIAN_POINT('Control Point',(-13.185458666,-23.8258494215,-16.1360226151)) ;
#5085=CARTESIAN_POINT('Control Point',(-13.3949833075,-23.9422690242,-15.9615752715)) ;
#5086=CARTESIAN_POINT('Control Point',(-12.3500307185,-23.5900870707,-16.9725652568)) ;
#5087=CARTESIAN_POINT('Control Point',(-12.5581605211,-23.7055434759,-16.7991291668)) ;
#5088=CARTESIAN_POINT('Control Point',(-12.7651159652,-23.8203987065,-16.6267238843)) ;
#5089=CARTESIAN_POINT('Control Point',(-12.9708350658,-23.9346139937,-16.4554021607)) ;
#5090=CARTESIAN_POINT('Control Point',(-13.1777280713,-24.049518042,-16.2831526889)) ;
#5091=CARTESIAN_POINT('Control Point',(-13.3856589058,-24.1650394643,-16.1100882164)) ;
#5092=CARTESIAN_POINT('Control Point',(-12.3500555839,-23.7020200589,-17.0413630271)) ;
#5093=CARTESIAN_POINT('Control Point',(-12.5574340538,-23.817033546,-16.8685761357)) ;
#5094=CARTESIAN_POINT('Control Point',(-12.7633395451,-23.9312875383,-16.6970707617)) ;
#5095=CARTESIAN_POINT('Control Point',(-12.9679400985,-24.0448670961,-16.5267053888)) ;
#5096=CARTESIAN_POINT('Control Point',(-13.1738028385,-24.1591868613,-16.3553377627)) ;
#5097=CARTESIAN_POINT('Control Point',(-13.3809766488,-24.2742814926,-16.1829289046)) ;
#5098=CARTESIAN_POINT('Control Point',(-12.3500878685,-23.8784267446,-17.1496428435)) ;
#5099=CARTESIAN_POINT('Control Point',(-12.5562954009,-23.9927517191,-16.9778692777)) ;
#5100=CARTESIAN_POINT('Control Point',(-12.7607201541,-24.1061539474,-16.80763593)) ;
#5101=CARTESIAN_POINT('Control Point',(-12.9630275913,-24.2184391519,-16.6392171717)) ;
#5102=CARTESIAN_POINT('Control Point',(-13.1674629225,-24.331950245,-16.4690731432)) ;
#5103=CARTESIAN_POINT('Control Point',(-13.3734596549,-24.4463817313,-16.2976793752)) ;
#5104=CARTESIAN_POINT('Control Point',(-12.3500142252,-24.0548707493,-17.2578578006)) ;
#5105=CARTESIAN_POINT('Control Point',(-12.5551936807,-24.1685941753,-17.0869804479)) ;
#5106=CARTESIAN_POINT('Control Point',(-12.7579209226,-24.2810533235,-16.9182141446)) ;
#5107=CARTESIAN_POINT('Control Point',(-12.9580398384,-24.3920985723,-16.7516472759)) ;
#5108=CARTESIAN_POINT('Control Point',(-13.1608827552,-24.5046922655,-16.5828463435)) ;
#5109=CARTESIAN_POINT('Control Point',(-13.3658201612,-24.6185229439,-16.4123601305)) ;
#5110=CARTESIAN_POINT('Control Point',(-12.3499075933,-24.1192866196,-17.2974321919)) ;
#5111=CARTESIAN_POINT('Control Point',(-12.5545960582,-24.2327272876,-17.1269782585)) ;
#5112=CARTESIAN_POINT('Control Point',(-12.7573407721,-24.3451970008,-16.958217771)) ;
#5113=CARTESIAN_POINT('Control Point',(-12.9557436148,-24.45528122,-16.7930895028)) ;
#5114=CARTESIAN_POINT('Control Point',(-13.1586501771,-24.5678967641,-16.6242405904)) ;
#5115=CARTESIAN_POINT('Control Point',(-13.3630757431,-24.6814385278,-16.4541887657)) ;
#5116=CARTESIAN_POINT('Control Point',(-12.3498544762,-24.2158778132,-17.3566130427)) ;
#5117=CARTESIAN_POINT('Control Point',(-12.5546757843,-24.3293599021,-17.1860599657)) ;
#5118=CARTESIAN_POINT('Control Point',(-12.7541477768,-24.4400745109,-17.020087286)) ;
#5119=CARTESIAN_POINT('Control Point',(-12.9545531193,-24.5512459617,-16.853301356)) ;
#5120=CARTESIAN_POINT('Control Point',(-13.1543300692,-24.6620605009,-16.6870362041)) ;
#5121=CARTESIAN_POINT('Control Point',(-13.3588239597,-24.7756484873,-16.5169483399)) ;
#5122=CARTESIAN_POINT('Control Point',(-12.3502378131,-24.3127157503,-17.4153857006)) ;
#5123=CARTESIAN_POINT('Control Point',(-12.5531810118,-24.4252061467,-17.2464533902)) ;
#5124=CARTESIAN_POINT('Control Point',(-12.7512076397,-24.5351201585,-17.0817074829)) ;
#5125=CARTESIAN_POINT('Control Point',(-12.9531204129,-24.647109187,-16.9136772383)) ;
#5126=CARTESIAN_POINT('Control Point',(-13.1514335988,-24.7571010421,-16.7486432193)) ;
#5127=CARTESIAN_POINT('Control Point',(-13.3541157111,-24.8696149352,-16.5800363465)) ;
#5128=CARTESIAN_POINT('Control Point',(-12.3504985404,-24.3449968997,-17.4348169667)) ;
#5129=CARTESIAN_POINT('Control Point',(-12.5521687545,-24.4568181721,-17.2669750992)) ;
#5130=CARTESIAN_POINT('Control Point',(-12.7507365177,-24.5670134841,-17.1017745958)) ;
#5131=CARTESIAN_POINT('Control Point',(-12.9521509327,-24.6787205691,-16.9341625733)) ;
#5132=CARTESIAN_POINT('Control Point',(-13.1509508434,-24.788997034,-16.7687392117)) ;
#5133=CARTESIAN_POINT('Control Point',(-13.3524225992,-24.900797429,-16.6011189849)) ;
#5134=CARTESIAN_POINT('Control Point',(-12.3503969562,-24.3770918822,-17.4545540612)) ;
#5135=CARTESIAN_POINT('Control Point',(-12.5508954688,-24.4882936224,-17.2877134784)) ;
#5136=CARTESIAN_POINT('Control Point',(-12.7507559888,-24.5991768031,-17.121426063)) ;
#5137=CARTESIAN_POINT('Control Point',(-12.9507216037,-24.7100860711,-16.9550300743)) ;
#5138=CARTESIAN_POINT('Control Point',(-13.150676167,-24.8210127192,-16.7886583958)) ;
#5139=CARTESIAN_POINT('Control Point',(-13.3510882388,-24.9321941004,-16.621906635)) ;
#5140=CARTESIAN_POINT('Control Point',(-12.3497394961,-24.4088989284,-17.4747614694)) ;
#5141=CARTESIAN_POINT('Control Point',(-12.5498455666,-24.5198918762,-17.3082597732)) ;
#5142=CARTESIAN_POINT('Control Point',(-12.7505219486,-24.6312026391,-17.1412841993)) ;
#5143=CARTESIAN_POINT('Control Point',(-12.9495628068,-24.7416151212,-16.9756747276)) ;
#5144=CARTESIAN_POINT('Control Point',(-13.1501513824,-24.8528855402,-16.8087768043)) ;
#5145=CARTESIAN_POINT('Control Point',(-13.3502893353,-24.963907993,-16.6422553645)) ;
#5147=CARTESIAN_POINT('Control Point',(-12.3497394961,-24.4088989284,-17.4747614694)) ;
#5148=CARTESIAN_POINT('Control Point',(-12.5498455666,-24.5198918762,-17.3082597732)) ;
#5149=CARTESIAN_POINT('Control Point',(-12.7505219486,-24.6312026391,-17.1412841993)) ;
#5150=CARTESIAN_POINT('Control Point',(-12.9495628068,-24.7416151212,-16.9756747276)) ;
#5151=CARTESIAN_POINT('Control Point',(-13.1501513824,-24.8528855402,-16.8087768043)) ;
#5152=CARTESIAN_POINT('Control Point',(-13.3502893353,-24.963907993,-16.6422553645)) ;
#5153=CARTESIAN_POINT('Vertex',(-12.349775366,-24.4089068789,-17.4747242686)) ;
#5157=CARTESIAN_POINT('Control Point',(-12.3496918824,-16.7501449852,-12.3689815436)) ;
#5158=CARTESIAN_POINT('Control Point',(-12.3509429823,-16.7809635701,-12.3911962184)) ;
#5159=CARTESIAN_POINT('Control Point',(-12.3502129325,-16.8106024375,-12.4149475456)) ;
#5160=CARTESIAN_POINT('Control Point',(-12.3496356114,-16.8403519516,-12.4385425543)) ;
#5161=CARTESIAN_POINT('Control Point',(-12.3498651695,-16.9309719168,-12.5077673931)) ;
#5162=CARTESIAN_POINT('Control Point',(-12.3501745331,-17.0218669226,-12.5766663947)) ;
#5163=CARTESIAN_POINT('Control Point',(-12.3500745042,-17.0823949687,-12.6227396555)) ;
#5164=CARTESIAN_POINT('Control Point',(-12.3500037646,-17.325275463,-12.8064492761)) ;
#5165=CARTESIAN_POINT('Control Point',(-12.3498570325,-17.5695949083,-12.988366382)) ;
#5166=CARTESIAN_POINT('Control Point',(-12.350029659,-17.7538342337,-13.1235969342)) ;
#5167=CARTESIAN_POINT('Control Point',(-12.3500626594,-18.210732393,-13.455678878)) ;
#5168=CARTESIAN_POINT('Control Point',(-12.3500816581,-18.6718835675,-13.7820094394)) ;
#5169=CARTESIAN_POINT('Control Point',(-12.3500958749,-18.9478055558,-13.974363671)) ;
#5170=CARTESIAN_POINT('Control Point',(-12.3501299927,-19.5111507084,-14.3616524655)) ;
#5171=CARTESIAN_POINT('Control Point',(-12.3501574747,-20.0791478392,-14.7420005277)) ;
#5172=CARTESIAN_POINT('Control Point',(-12.3501664299,-20.3687614202,-14.9335665433)) ;
#5173=CARTESIAN_POINT('Control Point',(-12.3501984552,-20.8997579427,-15.2808561397)) ;
#5174=CARTESIAN_POINT('Control Point',(-12.3502276354,-21.4335926629,-15.6235980113)) ;
#5175=CARTESIAN_POINT('Control Point',(-12.350233357,-21.6758139593,-15.7779395829)) ;
#5176=CARTESIAN_POINT('Control Point',(-12.3502048444,-22.0429955124,-16.0103545532)) ;
#5177=CARTESIAN_POINT('Control Point',(-12.3501396784,-22.4110725546,-16.2412529668)) ;
#5178=CARTESIAN_POINT('Control Point',(-12.3501144007,-22.5359853422,-16.3193882605)) ;
#5179=CARTESIAN_POINT('Control Point',(-12.3500642119,-22.7768361203,-16.4696403411)) ;
#5180=CARTESIAN_POINT('Control Point',(-12.3500245188,-23.0179965469,-16.619350223)) ;
#5181=CARTESIAN_POINT('Control Point',(-12.3500106881,-23.1340620412,-16.6912419609)) ;
#5182=CARTESIAN_POINT('Control Point',(-12.3500025168,-23.3619593612,-16.832102648)) ;
#5183=CARTESIAN_POINT('Control Point',(-12.3500307185,-23.5900870707,-16.9725652568)) ;
#5184=CARTESIAN_POINT('Control Point',(-12.3500555839,-23.7020200589,-17.0413630271)) ;
#5185=CARTESIAN_POINT('Control Point',(-12.3500878685,-23.8784267446,-17.1496428435)) ;
#5186=CARTESIAN_POINT('Control Point',(-12.3500142252,-24.0548707493,-17.2578578006)) ;
#5187=CARTESIAN_POINT('Control Point',(-12.3499075933,-24.1192866196,-17.2974321919)) ;
#5188=CARTESIAN_POINT('Control Point',(-12.3498544762,-24.2158778132,-17.3566130427)) ;
#5189=CARTESIAN_POINT('Control Point',(-12.3502378131,-24.3127157503,-17.4153857006)) ;
#5190=CARTESIAN_POINT('Control Point',(-12.3504985404,-24.3449968997,-17.4348169667)) ;
#5191=CARTESIAN_POINT('Control Point',(-12.3503969562,-24.3770918822,-17.4545540612)) ;
#5192=CARTESIAN_POINT('Control Point',(-12.3497394961,-24.4088989284,-17.4747614694)) ;
#5202=CARTESIAN_POINT('Control Point',(-12.349775366,-24.4089068789,-17.4747242686)) ;
#5203=CARTESIAN_POINT('Control Point',(-12.5499010745,-24.5199182369,-17.3082107633)) ;
#5204=CARTESIAN_POINT('Control Point',(-12.7502600382,-24.63106402,-17.1415070846)) ;
#5205=CARTESIAN_POINT('Control Point',(-12.9497771452,-24.7417282814,-16.9754927929)) ;
#5206=CARTESIAN_POINT('Control Point',(-13.1500447093,-24.8528235416,-16.8088637537)) ;
#5207=CARTESIAN_POINT('Control Point',(-13.3502400302,-24.9638822228,-16.6422974389)) ;
#5208=CARTESIAN_POINT('Control Point',(-12.3506189109,-24.4523400207,-17.5002788145)) ;
#5209=CARTESIAN_POINT('Control Point',(-12.5502424216,-24.5632259534,-17.3342853896)) ;
#5210=CARTESIAN_POINT('Control Point',(-12.7492511745,-24.6737539806,-17.1687926959)) ;
#5211=CARTESIAN_POINT('Control Point',(-12.948775476,-24.7845972911,-17.0028915321)) ;
#5212=CARTESIAN_POINT('Control Point',(-13.1475750463,-24.8949980776,-16.8375633602)) ;
#5213=CARTESIAN_POINT('Control Point',(-13.3473674037,-25.0059968042,-16.6714425991)) ;
#5214=CARTESIAN_POINT('Control Point',(-12.35036805,-24.4951349159,-17.5267435554)) ;
#5215=CARTESIAN_POINT('Control Point',(-12.5512432122,-24.606887277,-17.3598223823)) ;
#5216=CARTESIAN_POINT('Control Point',(-12.747354395,-24.7158986976,-17.1968054691)) ;
#5217=CARTESIAN_POINT('Control Point',(-12.9486128877,-24.8279186805,-17.0296047076)) ;
#5218=CARTESIAN_POINT('Control Point',(-13.144441714,-24.9367251912,-16.8667917586)) ;
#5219=CARTESIAN_POINT('Control Point',(-13.3456047537,-25.0487146909,-16.6996902135)) ;
#5220=CARTESIAN_POINT('Control Point',(-12.3499577818,-24.537825859,-17.5533480954)) ;
#5221=CARTESIAN_POINT('Control Point',(-12.5509010352,-24.6497530302,-17.3864614969)) ;
#5222=CARTESIAN_POINT('Control Point',(-12.7475146382,-24.7592116339,-17.2231419614)) ;
#5223=CARTESIAN_POINT('Control Point',(-12.9463293852,-24.8699517104,-17.0580318608)) ;
#5224=CARTESIAN_POINT('Control Point',(-13.1426791242,-24.9792183386,-16.8949068408)) ;
#5225=CARTESIAN_POINT('Control Point',(-13.3439898041,-25.0914604449,-16.727812697)) ;
#5226=CARTESIAN_POINT('Control Point',(-12.3498963057,-24.6666478011,-17.6322965677)) ;
#5227=CARTESIAN_POINT('Control Point',(-12.548968878,-24.7779110328,-17.467215934)) ;
#5228=CARTESIAN_POINT('Control Point',(-12.7470424824,-24.8886265854,-17.302993288)) ;
#5229=CARTESIAN_POINT('Control Point',(-12.9403181418,-24.9965577102,-17.1426913941)) ;
#5230=CARTESIAN_POINT('Control Point',(-13.1383010767,-25.107237303,-16.9785821369)) ;
#5231=CARTESIAN_POINT('Control Point',(-13.3378216406,-25.2188583259,-16.8132904898)) ;
#5232=CARTESIAN_POINT('Control Point',(-12.3500724965,-24.7954776964,-17.711099272)) ;
#5233=CARTESIAN_POINT('Control Point',(-12.5474410859,-24.9061185839,-17.5476519863)) ;
#5234=CARTESIAN_POINT('Control Point',(-12.7432026574,-25.0158322271,-17.3855623518)) ;
#5235=CARTESIAN_POINT('Control Point',(-12.9374602497,-25.1246836756,-17.2247286963)) ;
#5236=CARTESIAN_POINT('Control Point',(-13.1333381161,-25.2345043771,-17.0626504677)) ;
#5237=CARTESIAN_POINT('Control Point',(-13.3311414307,-25.3454484875,-16.8990611288)) ;
#5238=CARTESIAN_POINT('Control Point',(-12.3500132642,-24.8812537077,-17.7638210175)) ;
#5239=CARTESIAN_POINT('Control Point',(-12.5463537456,-24.9915041374,-17.6013502484)) ;
#5240=CARTESIAN_POINT('Control Point',(-12.7413744843,-25.1010035793,-17.4400204444)) ;
#5241=CARTESIAN_POINT('Control Point',(-12.9347727648,-25.2095584394,-17.2800567901)) ;
#5242=CARTESIAN_POINT('Control Point',(-13.1299303573,-25.3191436856,-17.11873582)) ;
#5243=CARTESIAN_POINT('Control Point',(-13.3267988741,-25.4297590893,-16.9561128503)) ;
#5244=CARTESIAN_POINT('Control Point',(-12.3499208444,-25.224078164,-17.9745313165)) ;
#5245=CARTESIAN_POINT('Control Point',(-12.541978863,-25.332612926,-17.8160665089)) ;
#5246=CARTESIAN_POINT('Control Point',(-12.7334652281,-25.4407823289,-17.6581513683)) ;
#5247=CARTESIAN_POINT('Control Point',(-12.9243742552,-25.5486204561,-17.5008321618)) ;
#5248=CARTESIAN_POINT('Control Point',(-13.1162091793,-25.6569722308,-17.342878465)) ;
#5249=CARTESIAN_POINT('Control Point',(-13.3088068643,-25.765712624,-17.1843833217)) ;
#5250=CARTESIAN_POINT('Control Point',(-12.3501756657,-25.5663226312,-18.1850925425)) ;
#5251=CARTESIAN_POINT('Control Point',(-12.5380011614,-25.6727563812,-18.030306332)) ;
#5252=CARTESIAN_POINT('Control Point',(-12.7255577069,-25.7790161588,-17.8758843855)) ;
#5253=CARTESIAN_POINT('Control Point',(-12.9131990195,-25.8852587583,-17.7215233897)) ;
#5254=CARTESIAN_POINT('Control Point',(-13.1011899146,-25.9917359049,-17.56707251)) ;
#5255=CARTESIAN_POINT('Control Point',(-13.2898541265,-26.0986193724,-17.4122451794)) ;
#5256=CARTESIAN_POINT('Control Point',(-12.3497739191,-25.822102073,-18.3434262934)) ;
#5257=CARTESIAN_POINT('Control Point',(-12.5348528341,-25.9271146728,-18.1909677096)) ;
#5258=CARTESIAN_POINT('Control Point',(-12.7200112637,-26.0321408891,-18.0385834474)) ;
#5259=CARTESIAN_POINT('Control Point',(-12.9045938895,-26.1367969616,-17.886830353)) ;
#5260=CARTESIAN_POINT('Control Point',(-13.0899092396,-26.2417172228,-17.7345685125)) ;
#5261=CARTESIAN_POINT('Control Point',(-13.2755450198,-26.3467802854,-17.5821796426)) ;
#5262=CARTESIAN_POINT('Control Point',(-12.3504015727,-26.4293834442,-18.7185869293)) ;
#5263=CARTESIAN_POINT('Control Point',(-12.5285918311,-26.5304433864,-18.5716255336)) ;
#5264=CARTESIAN_POINT('Control Point',(-12.7064381033,-26.6312089872,-18.4250785963)) ;
#5265=CARTESIAN_POINT('Control Point',(-12.8854115257,-26.7325655987,-18.2777732429)) ;
#5266=CARTESIAN_POINT('Control Point',(-13.0640456045,-26.8339083541,-18.1310496947)) ;
#5267=CARTESIAN_POINT('Control Point',(-13.2430695828,-26.9353937234,-17.9841495869)) ;
#5268=CARTESIAN_POINT('Control Point',(-12.3495528592,-27.0328743787,-19.0980053411)) ;
#5269=CARTESIAN_POINT('Control Point',(-12.522744011,-27.1305171087,-18.9547697399)) ;
#5270=CARTESIAN_POINT('Control Point',(-12.6967965665,-27.2287121858,-18.8109788544)) ;
#5271=CARTESIAN_POINT('Control Point',(-12.8696559179,-27.3261747083,-18.6682258209)) ;
#5272=CARTESIAN_POINT('Control Point',(-13.0433298907,-27.4238098192,-18.524725891)) ;
#5273=CARTESIAN_POINT('Control Point',(-13.2169566218,-27.5215010466,-18.3814305185)) ;
#5274=CARTESIAN_POINT('Control Point',(-12.3506498297,-27.3821950477,-19.3184059081)) ;
#5275=CARTESIAN_POINT('Control Point',(-12.5215647506,-27.478333949,-19.1765262971)) ;
#5276=CARTESIAN_POINT('Control Point',(-12.6909192188,-27.5732810028,-19.0359348459)) ;
#5277=CARTESIAN_POINT('Control Point',(-12.8630512407,-27.669804033,-18.8934018566)) ;
#5278=CARTESIAN_POINT('Control Point',(-13.0341420938,-27.7660939357,-18.7522561416)) ;
#5279=CARTESIAN_POINT('Control Point',(-13.2056696574,-27.8622698245,-18.6107111953)) ;
#5280=CARTESIAN_POINT('Control Point',(-12.349667154,-27.7284290081,-19.5437447816)) ;
#5281=CARTESIAN_POINT('Control Point',(-12.5188772422,-27.8226487308,-19.4031823106)) ;
#5282=CARTESIAN_POINT('Control Point',(-12.6898254279,-27.9180762612,-19.2613805246)) ;
#5283=CARTESIAN_POINT('Control Point',(-12.8591867405,-28.0124899795,-19.1207753417)) ;
#5284=CARTESIAN_POINT('Control Point',(-13.0293045427,-28.1071757206,-18.9794154979)) ;
#5285=CARTESIAN_POINT('Control Point',(-13.1992991762,-28.2021934661,-18.8384575874)) ;
#5286=CARTESIAN_POINT('Control Point',(-12.3500408073,-28.072492786,-19.7726688529)) ;
#5287=CARTESIAN_POINT('Control Point',(-12.5198787443,-28.1666956692,-19.6313496782)) ;
#5288=CARTESIAN_POINT('Control Point',(-12.6896693998,-28.2608792228,-19.4900805513)) ;
#5289=CARTESIAN_POINT('Control Point',(-12.8596473044,-28.355144006,-19.3486354886)) ;
#5290=CARTESIAN_POINT('Control Point',(-13.0294608311,-28.4493692671,-19.2073573715)) ;
#5291=CARTESIAN_POINT('Control Point',(-13.1993384219,-28.5436256632,-19.0660290749)) ;
#5293=CARTESIAN_POINT('Control Point',(-12.3500408073,-28.072492786,-19.7726688529)) ;
#5294=CARTESIAN_POINT('Control Point',(-12.5198787443,-28.1666956692,-19.6313496782)) ;
#5295=CARTESIAN_POINT('Control Point',(-12.6896693998,-28.2608792228,-19.4900805513)) ;
#5296=CARTESIAN_POINT('Control Point',(-12.8596473044,-28.355144006,-19.3486354886)) ;
#5297=CARTESIAN_POINT('Control Point',(-13.0294608311,-28.4493692671,-19.2073573715)) ;
#5298=CARTESIAN_POINT('Control Point',(-13.1993384219,-28.5436256632,-19.0660290749)) ;
#5299=CARTESIAN_POINT('Vertex',(-13.1993335459,-28.54358771,-19.0660091148)) ;
#5301=CARTESIAN_POINT('Vertex',(-12.35,-28.0724622254,-19.7726973417)) ;
#5305=CARTESIAN_POINT('Control Point',(-12.349775366,-24.4089068789,-17.4747242686)) ;
#5306=CARTESIAN_POINT('Control Point',(-12.3506189109,-24.4523400207,-17.5002788145)) ;
#5307=CARTESIAN_POINT('Control Point',(-12.35036805,-24.4951349159,-17.5267435554)) ;
#5308=CARTESIAN_POINT('Control Point',(-12.3499577818,-24.537825859,-17.5533480954)) ;
#5309=CARTESIAN_POINT('Control Point',(-12.3498963057,-24.6666478011,-17.6322965677)) ;
#5310=CARTESIAN_POINT('Control Point',(-12.3500724965,-24.7954776964,-17.711099272)) ;
#5311=CARTESIAN_POINT('Control Point',(-12.3500132642,-24.8812537077,-17.7638210175)) ;
#5312=CARTESIAN_POINT('Control Point',(-12.3499208444,-25.224078164,-17.9745313165)) ;
#5313=CARTESIAN_POINT('Control Point',(-12.3501756657,-25.5663226312,-18.1850925425)) ;
#5314=CARTESIAN_POINT('Control Point',(-12.3497739191,-25.822102073,-18.3434262934)) ;
#5315=CARTESIAN_POINT('Control Point',(-12.3504015727,-26.4293834442,-18.7185869293)) ;
#5316=CARTESIAN_POINT('Control Point',(-12.3495528592,-27.0328743787,-19.0980053411)) ;
#5317=CARTESIAN_POINT('Control Point',(-12.3506498297,-27.3821950477,-19.3184059081)) ;
#5318=CARTESIAN_POINT('Control Point',(-12.349667154,-27.7284290081,-19.5437447816)) ;
#5319=CARTESIAN_POINT('Control Point',(-12.3500408073,-28.072492786,-19.7726688529)) ;
#5322=CARTESIAN_POINT('Control Point',(-13.3502400302,-24.9638822228,-16.6422974389)) ;
#5323=CARTESIAN_POINT('Control Point',(-13.3473674037,-25.0059968042,-16.6714425991)) ;
#5324=CARTESIAN_POINT('Control Point',(-13.3456047537,-25.0487146909,-16.6996902135)) ;
#5325=CARTESIAN_POINT('Control Point',(-13.3439898041,-25.0914604449,-16.727812697)) ;
#5326=CARTESIAN_POINT('Control Point',(-13.3378216406,-25.2188583259,-16.8132904898)) ;
#5327=CARTESIAN_POINT('Control Point',(-13.3311414307,-25.3454484875,-16.8990611288)) ;
#5328=CARTESIAN_POINT('Control Point',(-13.3267988741,-25.4297590893,-16.9561128503)) ;
#5329=CARTESIAN_POINT('Control Point',(-13.3088068643,-25.765712624,-17.1843833217)) ;
#5330=CARTESIAN_POINT('Control Point',(-13.2898541265,-26.0986193724,-17.4122451794)) ;
#5331=CARTESIAN_POINT('Control Point',(-13.2755450198,-26.3467802854,-17.5821796426)) ;
#5332=CARTESIAN_POINT('Control Point',(-13.2430695828,-26.9353937234,-17.9841495869)) ;
#5333=CARTESIAN_POINT('Control Point',(-13.2169566218,-27.5215010466,-18.3814305185)) ;
#5334=CARTESIAN_POINT('Control Point',(-13.2056696574,-27.8622698245,-18.6107111953)) ;
#5335=CARTESIAN_POINT('Control Point',(-13.1992991762,-28.2021934661,-18.8384575874)) ;
#5336=CARTESIAN_POINT('Control Point',(-13.1993384219,-28.5436256632,-19.0660290749)) ;
#5345=CARTESIAN_POINT('Axis2P3D Location',(-12.35,-36.8,-25.5910558581)) ;
#5350=CARTESIAN_POINT('Line Origine',(-12.35,-32.4362311127,-22.6818765999)) ;
#5354=CARTESIAN_POINT('Vertex',(-12.35,-30.,-21.0577225248)) ;
#5357=CARTESIAN_POINT('Line Origine',(-13.1993335459,-32.9073565973,-21.975188373)) ;
#5361=CARTESIAN_POINT('Vertex',(-13.1993272541,-30.,-20.0369517008)) ;
#5365=CARTESIAN_POINT('Control Point',(-13.1993335459,-30.0000004889,-20.0369509675)) ;
#5366=CARTESIAN_POINT('Control Point',(-12.35,-30.,-21.0577225248)) ;
#5375=CARTESIAN_POINT('Axis2P3D Location',(0.,2.,0.)) ;
#5380=CARTESIAN_POINT('Axis2P3D Location',(0.,4.,0.)) ;
#5384=CARTESIAN_POINT('Vertex',(-12.35,4.,10.1723890999)) ;
#5387=CARTESIAN_POINT('Axis2P3D Location',(0.,0.,0.)) ;
#5391=CARTESIAN_POINT('Vertex',(12.35,0.,10.1723890999)) ;
#5394=CARTESIAN_POINT('Axis2P3D Location',(0.,0.,0.)) ;
#5398=CARTESIAN_POINT('Vertex',(-12.35,0.,10.1723890999)) ;
#5401=CARTESIAN_POINT('Axis2P3D Location',(0.,0.,0.)) ;
#5406=CARTESIAN_POINT('Line Origine',(-12.35,2.,10.1723890999)) ;
#5422=CARTESIAN_POINT('Axis2P3D Location',(-14.1571428571,-20.9989941609,-16.4030302909)) ;
#5434=CARTESIAN_POINT('Axis2P3D Location',(-14.1571428571,-12.6379454841,-14.0003900427)) ;
#5439=CARTESIAN_POINT('Axis2P3D Location',(-14.1571428571,-2.,-14.0003900427)) ;
#5452=CARTESIAN_POINT('Control Point',(-16.1571428571,-2.,-14.0003900427)) ;
#5453=CARTESIAN_POINT('Control Point',(-16.1571428571,-2.,-13.8200475631)) ;
#5454=CARTESIAN_POINT('Control Point',(-16.1368162445,-2.,-13.6397049793)) ;
#5455=CARTESIAN_POINT('Control Point',(-16.0961596477,-2.,-13.4624176954)) ;
#5456=CARTESIAN_POINT('Control Point',(-15.9755870304,-2.,-13.1200603258)) ;
#5457=CARTESIAN_POINT('Control Point',(-15.781832562,-2.,-12.813131131)) ;
#5458=CARTESIAN_POINT('Control Point',(-15.6679881266,-2.,-12.6712749207)) ;
#5459=CARTESIAN_POINT('Control Point',(-15.5391371115,-2.,-12.5434702471)) ;
#5460=CARTESIAN_POINT('Control Point',(-15.397678237,-2.,-12.4316096338)) ;
#5461=CARTESIAN_POINT('Control Point',(-16.1571428571,-1.73304571274,-14.0003900427)) ;
#5462=CARTESIAN_POINT('Control Point',(-16.1571428571,-1.71401075404,-13.8200475631)) ;
#5463=CARTESIAN_POINT('Control Point',(-16.1368162445,-1.69226264617,-13.6397049793)) ;
#5464=CARTESIAN_POINT('Control Point',(-16.0961596477,-1.66812343376,-13.4624176954)) ;
#5465=CARTESIAN_POINT('Control Point',(-15.9755870304,-1.61589428558,-13.1200603258)) ;
#5466=CARTESIAN_POINT('Control Point',(-15.781832562,-1.5576364395,-12.813131131)) ;
#5467=CARTESIAN_POINT('Control Point',(-15.6679881266,-1.52746803592,-12.6712749207)) ;
#5468=CARTESIAN_POINT('Control Point',(-15.5391371115,-1.49677972184,-12.5434702471)) ;
#5469=CARTESIAN_POINT('Control Point',(-15.397678237,-1.46609142547,-12.4316096338)) ;
#5470=CARTESIAN_POINT('Control Point',(-16.2017462623,-1.46585909762,-14.0713648378)) ;
#5471=CARTESIAN_POINT('Control Point',(-16.2081725938,-1.42776687762,-13.8855131219)) ;
#5472=CARTESIAN_POINT('Control Point',(-16.1929137926,-1.38425280533,-13.6996612716)) ;
#5473=CARTESIAN_POINT('Control Point',(-16.1558524873,-1.33595619813,-13.5172310127)) ;
#5474=CARTESIAN_POINT('Control Point',(-16.0395232353,-1.23145747437,-13.1660516937)) ;
#5475=CARTESIAN_POINT('Control Point',(-15.8445447022,-1.11489233788,-12.8544367446)) ;
#5476=CARTESIAN_POINT('Control Point',(-15.7288264895,-1.05452833395,-12.7115745968)) ;
#5477=CARTESIAN_POINT('Control Point',(-15.5970524692,-0.993123279178,-12.5843391865)) ;
#5478=CARTESIAN_POINT('Control Point',(-15.4519019762,-0.931718259106,-12.474751161)) ;
#5479=CARTESIAN_POINT('Control Point',(-16.2907601593,-1.21248376902,-14.210108412)) ;
#5480=CARTESIAN_POINT('Control Point',(-16.3094521816,-1.15999531006,-14.0135137452)) ;
#5481=CARTESIAN_POINT('Control Point',(-16.3038438243,-1.098266025,-13.8169188743)) ;
#5482=CARTESIAN_POINT('Control Point',(-16.273638264,-1.02834273091,-13.6244577457)) ;
#5483=CARTESIAN_POINT('Control Point',(-16.1654772598,-0.874904818754,-13.2560625438)) ;
#5484=CARTESIAN_POINT('Control Point',(-15.9684045813,-0.700685986882,-12.9352749978)) ;
#5485=CARTESIAN_POINT('Control Point',(-15.8492776417,-0.609979467223,-12.7904270953)) ;
#5486=CARTESIAN_POINT('Control Point',(-15.7121194247,-0.517473549716,-12.6642713752)) ;
#5487=CARTESIAN_POINT('Control Point',(-15.5601148988,-0.42496771733,-12.5590856035)) ;
#5488=CARTESIAN_POINT('Control Point',(-16.4950395495,-0.828851310303,-14.4827551912)) ;
#5489=CARTESIAN_POINT('Control Point',(-16.5384791334,-0.765690268039,-14.2614703136)) ;
#5490=CARTESIAN_POINT('Control Point',(-16.552956384,-0.683893200667,-14.0401850227)) ;
#5491=CARTESIAN_POINT('Control Point',(-16.5373233079,-0.585267918532,-13.8249477758)) ;
#5492=CARTESIAN_POINT('Control Point',(-16.4468661151,-0.359833005273,-13.4186495637)) ;
#5493=CARTESIAN_POINT('Control Point',(-16.2463678389,-0.0910902582039,-13.0812591507)) ;
#5494=CARTESIAN_POINT('Control Point',(-16.1206714415,0.0508486108528,-12.9349411891)) ;
#5495=CARTESIAN_POINT('Control Point',(-15.9731552827,0.196573151405,-12.815236277)) ;
#5496=CARTESIAN_POINT('Control Point',(-15.8084546437,0.342297488841,-12.7248119191)) ;
#5497=CARTESIAN_POINT('Control Point',(-16.8213850167,-0.495611443992,-14.7707919696)) ;
#5498=CARTESIAN_POINT('Control Point',(-16.8782968013,-0.445205962021,-14.5148901943)) ;
#5499=CARTESIAN_POINT('Control Point',(-16.9052112505,-0.361845128969,-14.258986985)) ;
#5500=CARTESIAN_POINT('Control Point',(-16.9000274135,-0.24739519324,-14.0124747894)) ;
#5501=CARTESIAN_POINT('Control Point',(-16.8259058712,0.0349888814061,-13.556958032)) ;
#5502=CARTESIAN_POINT('Control Point',(-16.6342386513,0.400629904893,-13.2060614424)) ;
#5503=CARTESIAN_POINT('Control Point',(-16.5114652892,0.598366569829,-13.0642073703)) ;
#5504=CARTESIAN_POINT('Control Point',(-16.3664542729,0.803572369541,-12.9613844649)) ;
#5505=CARTESIAN_POINT('Control Point',(-16.2051882915,1.0087770452,-12.8998931946)) ;
#5506=CARTESIAN_POINT('Control Point',(-16.96338628,-0.378036816645,-14.8752111525)) ;
#5507=CARTESIAN_POINT('Control Point',(-17.0225270728,-0.335930831131,-14.6051276477)) ;
#5508=CARTESIAN_POINT('Control Point',(-17.052107957,-0.254802157378,-14.3350421781)) ;
#5509=CARTESIAN_POINT('Control Point',(-17.0496791496,-0.136390907554,-14.0758137752)) ;
#5510=CARTESIAN_POINT('Control Point',(-16.9810027626,0.165055923975,-13.600707678)) ;
#5511=CARTESIAN_POINT('Control Point',(-16.7951841498,0.567458526685,-13.2456973906)) ;
#5512=CARTESIAN_POINT('Control Point',(-16.6755594329,0.786868156739,-13.1066164299)) ;
#5513=CARTESIAN_POINT('Control Point',(-16.5342955212,1.01539792176,-13.0118354996)) ;
#5514=CARTESIAN_POINT('Control Point',(-16.3778172545,1.24392607052,-12.9633638116)) ;
#5515=CARTESIAN_POINT('Control Point',(-17.2591550299,-0.1884674252,-15.038880222)) ;
#5516=CARTESIAN_POINT('Control Point',(-17.3095434295,-0.167556462186,-14.7423802519)) ;
#5517=CARTESIAN_POINT('Control Point',(-17.3340577459,-0.0960474584711,-14.445876854)) ;
#5518=CARTESIAN_POINT('Control Point',(-17.330226779,0.0250745198772,-14.1632055877)) ;
#5519=CARTESIAN_POINT('Control Point',(-17.2661915852,0.354690273596,-13.6530550724)) ;
#5520=CARTESIAN_POINT('Control Point',(-17.1004034674,0.821795344948,-13.2937697866)) ;
#5521=CARTESIAN_POINT('Control Point',(-16.9947559687,1.08048636855,-13.1620520434)) ;
#5522=CARTESIAN_POINT('Control Point',(-16.8716048006,1.35177742173,-13.0847336411)) ;
#5523=CARTESIAN_POINT('Control Point',(-16.737379345,1.62306537936,-13.0628486307)) ;
#5524=CARTESIAN_POINT('Control Point',(-17.6275965035,-0.0597903223723,-15.1112346636)) ;
#5525=CARTESIAN_POINT('Control Point',(-17.642554971,-0.0582056667137,-14.7972811919)) ;
#5526=CARTESIAN_POINT('Control Point',(-17.6409921432,0.00283620683,-14.4833228585)) ;
#5527=CARTESIAN_POINT('Control Point',(-17.6220651201,0.123320445326,-14.1854281299)) ;
#5528=CARTESIAN_POINT('Control Point',(-17.5514673658,0.470230725366,-13.6536982479)) ;
#5529=CARTESIAN_POINT('Control Point',(-17.4255674949,0.98474795068,-13.2953928092)) ;
#5530=CARTESIAN_POINT('Control Point',(-17.3512970276,1.27295810363,-13.1710459106)) ;
#5531=CARTESIAN_POINT('Control Point',(-17.2697373714,1.57669098282,-13.1081912143)) ;
#5532=CARTESIAN_POINT('Control Point',(-17.1852885247,1.88041917703,-13.1068290154)) ;
#5533=CARTESIAN_POINT('Control Point',(-17.8032985779,-0.0188489280659,-15.1177592172)) ;
#5534=CARTESIAN_POINT('Control Point',(-17.7964690927,-0.0234634250679,-14.7995052701)) ;
#5535=CARTESIAN_POINT('Control Point',(-17.7784661835,0.034149169022,-14.4812459812)) ;
#5536=CARTESIAN_POINT('Control Point',(-17.7496159522,0.154336537411,-14.1796800863)) ;
#5537=CARTESIAN_POINT('Control Point',(-17.6733808045,0.506639954851,-13.6431073708)) ;
#5538=CARTESIAN_POINT('Control Point',(-17.5695639778,1.03630507791,-13.2862163818)) ;
#5539=CARTESIAN_POINT('Control Point',(-17.513110903,1.33398735852,-13.1644671718)) ;
#5540=CARTESIAN_POINT('Control Point',(-17.4552288027,1.64814742691,-13.1061108568)) ;
#5541=CARTESIAN_POINT('Control Point',(-17.398887186,1.96230222201,-13.1107947676)) ;
#5542=CARTESIAN_POINT('Control Point',(-17.9828614375,1.1430120405E-006,-15.088875618)) ;
#5543=CARTESIAN_POINT('Control Point',(-17.9523272733,-0.0044897642797,-14.7725813399)) ;
#5544=CARTESIAN_POINT('Control Point',(-17.9164185083,0.0538124689341,-14.456281785)) ;
#5545=CARTESIAN_POINT('Control Point',(-17.8767476783,0.175236788209,-14.1565538408)) ;
#5546=CARTESIAN_POINT('Control Point',(-17.7942620765,0.530966646717,-13.623172558)) ;
#5547=CARTESIAN_POINT('Control Point',(-17.7139946703,1.0655492838,-13.2682035896)) ;
#5548=CARTESIAN_POINT('Control Point',(-17.6765443697,1.36596014658,-13.1470213462)) ;
#5549=CARTESIAN_POINT('Control Point',(-17.6438185791,1.68298389285,-13.0888080307)) ;
#5550=CARTESIAN_POINT('Control Point',(-17.6171792234,2.00000234685,-13.0932381002)) ;
#5551=CARTESIAN_POINT('Control Point',(-18.1571428127,1.67550804793E-007,-15.0309089007)) ;
#5552=CARTESIAN_POINT('Control Point',(-18.1056062374,1.70013420335E-007,-14.7210056374)) ;
#5553=CARTESIAN_POINT('Control Point',(-18.0540688438,0.0616713634233,-14.4110974642)) ;
#5554=CARTESIAN_POINT('Control Point',(-18.0051841702,0.185106447544,-14.1171408192)) ;
#5555=CARTESIAN_POINT('Control Point',(-17.9179929614,0.542178547402,-13.5928367353)) ;
#5556=CARTESIAN_POINT('Control Point',(-17.8594166965,1.0736831157,-13.2406020206)) ;
#5557=CARTESIAN_POINT('Control Point',(-17.8391676561,1.37167678846,-13.1188391566)) ;
#5558=CARTESIAN_POINT('Control Point',(-17.8290507346,1.68584105812,-13.0580034456)) ;
#5559=CARTESIAN_POINT('Control Point',(-17.8290507252,2.00000035042,-13.0580034438)) ;
#5561=CARTESIAN_POINT('Control Point',(-15.7234201612,4.99600361081E-016,-12.6569360295)) ;
#5562=CARTESIAN_POINT('Control Point',(-16.0208901285,5.3058268507E-016,-12.8357454931)) ;
#5563=CARTESIAN_POINT('Control Point',(-16.2886475826,7.19193968232E-008,-13.0532950564)) ;
#5564=CARTESIAN_POINT('Control Point',(-16.5220694632,-9.26089569562E-007,-13.2892345031)) ;
#5565=CARTESIAN_POINT('Control Point',(-16.8399879523,4.82506445994E-007,-13.6498821266)) ;
#5566=CARTESIAN_POINT('Control Point',(-17.1278065772,-2.51393035498E-007,-14.0011566948)) ;
#5567=CARTESIAN_POINT('Control Point',(-17.2246510073,-2.26156937594E-007,-14.1196696311)) ;
#5568=CARTESIAN_POINT('Control Point',(-17.444634852,2.8802297601E-007,-14.383732555)) ;
#5569=CARTESIAN_POINT('Control Point',(-17.6792809369,-3.66812690301E-007,-14.6365446932)) ;
#5570=CARTESIAN_POINT('Control Point',(-17.8214357593,1.86141488139E-006,-14.7752525468)) ;
#5571=CARTESIAN_POINT('Control Point',(-17.9810001466,9.95205260755E-007,-14.9085576913)) ;
#5572=CARTESIAN_POINT('Control Point',(-18.1571428127,1.67550804786E-007,-15.0309089007)) ;
#5581=CARTESIAN_POINT('Axis2P3D Location',(0.,0.,0.)) ;
#5585=CARTESIAN_POINT('Vertex',(-20.1631482852,0.,13.0171982865)) ;
#5588=CARTESIAN_POINT('Axis2P3D Location',(0.,0.,0.)) ;
#5636=CARTESIAN_POINT('Control Point',(-14.8499999551,-27.4512425215,-20.7045288996)) ;
#5637=CARTESIAN_POINT('Control Point',(-14.8499999241,-27.6255067167,-20.4431326165)) ;
#5638=CARTESIAN_POINT('Control Point',(-14.7883287143,-27.7997736728,-20.1817321993)) ;
#5639=CARTESIAN_POINT('Control Point',(-14.6648936274,-27.9650707979,-19.9337865354)) ;
#5640=CARTESIAN_POINT('Control Point',(-14.3078215478,-28.2598964484,-19.4915481183)) ;
#5641=CARTESIAN_POINT('Control Point',(-13.7763170417,-28.4579643988,-19.1944462666)) ;
#5642=CARTESIAN_POINT('Control Point',(-13.4783234082,-28.526433865,-19.0917421065)) ;
#5643=CARTESIAN_POINT('Control Point',(-13.1641591818,-28.5606428968,-19.0404285979)) ;
#5644=CARTESIAN_POINT('Control Point',(-12.8499999326,-28.5606429139,-19.0404286093)) ;
#5645=CARTESIAN_POINT('Control Point',(-14.849999927,-26.4505729784,-20.2597868632)) ;
#5646=CARTESIAN_POINT('Control Point',(-14.8790633633,-26.6351004458,-19.9829956681)) ;
#5647=CARTESIAN_POINT('Control Point',(-14.8391949917,-26.8196318034,-19.6993417049)) ;
#5648=CARTESIAN_POINT('Control Point',(-14.7287732214,-26.9936056341,-19.4246567917)) ;
#5649=CARTESIAN_POINT('Control Point',(-14.3803887997,-27.2994799905,-18.926144081)) ;
#5650=CARTESIAN_POINT('Control Point',(-13.8289659533,-27.4927288945,-18.577175208)) ;
#5651=CARTESIAN_POINT('Control Point',(-13.5153301646,-27.5539798712,-18.4521662123)) ;
#5652=CARTESIAN_POINT('Control Point',(-13.1826615236,-27.5760948644,-18.384063256)) ;
#5653=CARTESIAN_POINT('Control Point',(-12.8499998956,-27.5599733708,-18.3733155806)) ;
#5654=CARTESIAN_POINT('Control Point',(-14.9118111645,-25.4499546747,-19.8150677091)) ;
#5655=CARTESIAN_POINT('Control Point',(-14.9742157962,-25.6466091747,-19.5281645351)) ;
#5656=CARTESIAN_POINT('Control Point',(-14.9608486189,-25.8432692165,-19.2255213347)) ;
#5657=CARTESIAN_POINT('Control Point',(-14.867886446,-26.0274528917,-18.9254153815)) ;
#5658=CARTESIAN_POINT('Control Point',(-14.5358094372,-26.3461394588,-18.3703999784)) ;
#5659=CARTESIAN_POINT('Control Point',(-13.9695022885,-26.5334033452,-17.9657794715)) ;
#5660=CARTESIAN_POINT('Control Point',(-13.6420652807,-26.5860275258,-17.816231838)) ;
#5661=CARTESIAN_POINT('Control Point',(-13.2923860635,-26.5939709276,-17.7293139919)) ;
#5662=CARTESIAN_POINT('Control Point',(-12.9427167602,-26.5593550672,-17.7062367115)) ;
#5663=CARTESIAN_POINT('Control Point',(-15.0358230925,-24.456899389,-19.3737093788)) ;
#5664=CARTESIAN_POINT('Control Point',(-15.1346309473,-24.6682879325,-19.0833911036)) ;
#5665=CARTESIAN_POINT('Control Point',(-15.1517688683,-24.8796845872,-18.7662152076)) ;
#5666=CARTESIAN_POINT('Control Point',(-15.0804410384,-25.0762106422,-18.4427723734)) ;
#5667=CARTESIAN_POINT('Control Point',(-14.7723144482,-25.4101119697,-17.8316958223)) ;
#5668=CARTESIAN_POINT('Control Point',(-14.196948516,-25.5896926413,-17.3669863403)) ;
#5669=CARTESIAN_POINT('Control Point',(-13.8580421643,-25.6317018236,-17.1901061843)) ;
#5670=CARTESIAN_POINT('Control Point',(-13.4933814596,-25.622608659,-17.081739203)) ;
#5671=CARTESIAN_POINT('Control Point',(-13.1287347337,-25.5662997815,-17.0441998543)) ;
#5672=CARTESIAN_POINT('Control Point',(-15.226393399,-23.4734527933,-18.9366224162)) ;
#5673=CARTESIAN_POINT('Control Point',(-15.364858647,-23.7029888254,-18.6513307442)) ;
#5674=CARTESIAN_POINT('Control Point',(-15.4172061109,-23.9325366849,-18.3254137246)) ;
#5675=CARTESIAN_POINT('Control Point',(-15.3725281831,-24.1441984375,-17.9814111778)) ;
#5676=CARTESIAN_POINT('Control Point',(-15.0972863043,-24.4964639346,-17.3149785968)) ;
#5677=CARTESIAN_POINT('Control Point',(-14.5189228704,-24.6661383989,-16.7844688041)) ;
#5678=CARTESIAN_POINT('Control Point',(-14.1706434214,-24.6949273916,-16.5766175018)) ;
#5679=CARTESIAN_POINT('Control Point',(-13.7926066399,-24.6650421108,-16.4433614072)) ;
#5680=CARTESIAN_POINT('Control Point',(-13.4145900985,-24.5828531857,-16.3885687905)) ;
#5681=CARTESIAN_POINT('Control Point',(-15.5035714286,-22.5210114884,-18.5133151696)) ;
#5682=CARTESIAN_POINT('Control Point',(-15.6787136284,-22.7757844321,-18.2458373955)) ;
#5683=CARTESIAN_POINT('Control Point',(-15.7665345904,-23.0305766044,-17.9211535653)) ;
#5684=CARTESIAN_POINT('Control Point',(-15.7513472428,-23.2631050564,-17.5624163397)) ;
#5685=CARTESIAN_POINT('Control Point',(-15.5178958992,-23.6399095128,-16.8443476761)) ;
#5686=CARTESIAN_POINT('Control Point',(-14.9495937752,-23.7946960302,-16.2400484426)) ;
#5687=CARTESIAN_POINT('Control Point',(-14.5988908817,-23.8047657801,-15.9953065088)) ;
#5688=CARTESIAN_POINT('Control Point',(-14.2146095118,-23.7465373687,-15.8310249125)) ;
#5689=CARTESIAN_POINT('Control Point',(-13.8303571429,-23.6304118809,-15.7536079206)) ;
#5691=CARTESIAN_POINT('Control Point',(-14.8499999551,-27.4512425215,-20.7045288996)) ;
#5692=CARTESIAN_POINT('Control Point',(-14.8499998863,-27.8382093798,-20.1240786335)) ;
#5693=CARTESIAN_POINT('Control Point',(-14.5215794807,-28.2284601751,-19.5387025012)) ;
#5694=CARTESIAN_POINT('Control Point',(-13.8862240022,-28.4759984339,-19.167395202)) ;
#5695=CARTESIAN_POINT('Control Point',(-13.199333581,-28.5435887429,-19.0660098235)) ;
#5705=CARTESIAN_POINT('Axis2P3D Location',(-12.1571428571,-15.,-16.322101849)) ;
#5717=CARTESIAN_POINT('Axis2P3D Location',(0.,2.,0.)) ;
#5722=CARTESIAN_POINT('Axis2P3D Location',(0.,4.,0.)) ;
#5726=CARTESIAN_POINT('Vertex',(-20.1631482852,4.,13.0171982865)) ;
#5729=CARTESIAN_POINT('Axis2P3D Location',(0.,4.,0.)) ;
#5747=CARTESIAN_POINT('Axis2P3D Location',(-12.35,-19.8074175964,-31.7)) ;
#5751=CARTESIAN_POINT('Vertex',(-12.35,-19.8074175964,-32.7)) ;
#5753=CARTESIAN_POINT('Vertex',(-12.35,-20.1788082728,-30.7715233091)) ;
#5756=CARTESIAN_POINT('Line Origine',(5.23500000028,-19.8074175964,-32.7)) ;
#5761=CARTESIAN_POINT('Line Origine',(5.23500000028,-20.1788082728,-30.7715233091)) ;
#5773=CARTESIAN_POINT('Line Origine',(-12.35,-10.9037087982,-32.7)) ;
#5785=CARTESIAN_POINT('Axis2P3D Location',(-12.85,-23.3753732678,-17.9872830288)) ;
#5791=CARTESIAN_POINT('Control Point',(-13.1993335459,-30.0000004889,-20.0369509675)) ;
#5792=CARTESIAN_POINT('Control Point',(-13.8081721349,-30.0000011239,-20.1667562295)) ;
#5793=CARTESIAN_POINT('Control Point',(-14.3568371916,-29.9999963224,-20.5841228988)) ;
#5794=CARTESIAN_POINT('Control Point',(-14.6790379543,-30.0000002239,-21.1622157867)) ;
#5795=CARTESIAN_POINT('Control Point',(-14.85,-30.,-21.7810095086)) ;
#5796=CARTESIAN_POINT('Control Point',(-14.85,-30.,-22.4037008503)) ;
#5805=CARTESIAN_POINT('Axis2P3D Location',(0.,4.,0.)) ;
#5810=CARTESIAN_POINT('Axis2P3D Location',(-12.85,4.,-35.7)) ;
#5830=CARTESIAN_POINT('Line Origine',(-12.35,4.,-12.01380545)) ;
#5860=CARTESIAN_POINT('Axis2P3D Location',(-12.85,-15.,-35.7)) ;
#5865=CARTESIAN_POINT('Axis2P3D Location',(-12.85,-30.,-35.7)) ;
#5877=CARTESIAN_POINT('Axis2P3D Location',(0.,-30.,0.)) ;
#5882=CARTESIAN_POINT('Line Origine',(-12.35,-30.,-27.6288612624)) ;
#5904=CARTESIAN_POINT('Axis2P3D Location',(-12.35,0.,-34.2)) ;
#5922=CARTESIAN_POINT('Line Origine',(-12.35,-11.4607948127,-27.2843179251)) ;
#53=DIRECTION('Axis2P3D Direction',(-1.,0.,0.)) ;
#54=DIRECTION('Axis2P3D XDirection',(0.,-0.371390676354,0.928476690885)) ;
#58=DIRECTION('Axis2P3D Direction',(-1.,0.,0.)) ;
#67=DIRECTION('Vector Direction',(-1.,0.,0.)) ;
#74=DIRECTION('Axis2P3D Direction',(-1.,0.,0.)) ;
#81=DIRECTION('Vector Direction',(-1.,0.,0.)) ;
#93=DIRECTION('Axis2P3D Direction',(0.,1.,-0.)) ;
#94=DIRECTION('Axis2P3D XDirection',(-1.,0.,0.)) ;
#98=DIRECTION('Vector Direction',(7.04074532977E-016,0.,-1.)) ;
#105=DIRECTION('Vector Direction',(0.,0.,-1.)) ;
#112=DIRECTION('Vector Direction',(1.,0.,0.)) ;
#124=DIRECTION('Axis2P3D Direction',(1.,-0.,0.)) ;
#125=DIRECTION('Axis2P3D XDirection',(0.,0.,-1.)) ;
#129=DIRECTION('Vector Direction',(0.,0.832050294338,0.554700196225)) ;
#138=DIRECTION('Vector Direction',(0.,1.,0.)) ;
#145=DIRECTION('Vector Direction',(0.,0.,-1.)) ;
#152=DIRECTION('Vector Direction',(0.,1.,0.)) ;
#159=DIRECTION('Vector Direction',(0.,0.,1.)) ;
#171=DIRECTION('Vector Direction',(0.,0.928476690885,0.371390676354)) ;
#178=DIRECTION('Axis2P3D Direction',(1.,-0.,0.)) ;
#185=DIRECTION('Vector Direction',(0.,-1.,0.)) ;
#192=DIRECTION('Axis2P3D Direction',(1.,-0.,0.)) ;
#206=DIRECTION('Axis2P3D Direction',(-1.,0.,0.)) ;
#207=DIRECTION('Axis2P3D XDirection',(0.,1.,1.22464679915E-016)) ;
#211=DIRECTION('Axis2P3D Direction',(-1.,0.,0.)) ;
#218=DIRECTION('Vector Direction',(-1.,0.,0.)) ;
#230=DIRECTION('Axis2P3D Direction',(0.,1.,0.)) ;
#231=DIRECTION('Axis2P3D XDirection',(0.673214285714,-0.,0.739447446077)) ;
#244=DIRECTION('Vector Direction',(0.,1.,0.)) ;
#259=DIRECTION('Vector Direction',(0.,1.,0.)) ;
#266=DIRECTION('Axis2P3D Direction',(0.,1.,0.)) ;
#280=DIRECTION('Axis2P3D Direction',(-0.,1.,0.)) ;
#281=DIRECTION('Axis2P3D XDirection',(-0.767615791906,0.,-0.640910287027)) ;
#294=DIRECTION('Axis2P3D Direction',(-0.,1.,0.)) ;
#301=DIRECTION('Axis2P3D Direction',(-1.16573417586E-015,0.,-1.)) ;
#313=DIRECTION('Axis2P3D Direction',(0.,-0.,1.)) ;
#314=DIRECTION('Axis2P3D XDirection',(1.,-1.83697019872E-016,-0.)) ;
#336=DIRECTION('Vector Direction',(0.,0.,1.)) ;
#349=DIRECTION('Vector Direction',(0.,0.,1.)) ;
#362=DIRECTION('Axis2P3D Direction',(1.,0.,-0.)) ;
#363=DIRECTION('Axis2P3D XDirection',(0.,0.,1.)) ;
#367=DIRECTION('Vector Direction',(0.,0.832050294338,0.554700196225)) ;
#376=DIRECTION('Vector Direction',(0.,1.,0.)) ;
#381=DIRECTION('Vector Direction',(0.,-1.,0.)) ;
#393=DIRECTION('Axis2P3D Direction',(0.,-1.,0.)) ;
#394=DIRECTION('Axis2P3D XDirection',(-1.,-0.,-6.98296267769E-015)) ;
#398=DIRECTION('Vector Direction',(0.,-1.,0.)) ;
#407=DIRECTION('Axis2P3D Direction',(0.,-1.,0.)) ;
#414=DIRECTION('Vector Direction',(0.,-1.,0.)) ;
#421=DIRECTION('Axis2P3D Direction',(0.,-1.,0.)) ;
#433=DIRECTION('Axis2P3D Direction',(0.,0.,-1.)) ;
#434=DIRECTION('Axis2P3D XDirection',(-1.,0.,0.)) ;
#438=DIRECTION('Vector Direction',(0.,1.,0.)) ;
#447=DIRECTION('Vector Direction',(-1.,0.,0.)) ;
#452=DIRECTION('Vector Direction',(-1.,0.,0.)) ;
#463=DIRECTION('Vector Direction',(1.,0.,0.)) ;
#472=DIRECTION('Axis2P3D Direction',(0.,0.,-1.)) ;
#479=DIRECTION('Vector Direction',(0.,1.,0.)) ;
#486=DIRECTION('Axis2P3D Direction',(0.,0.,-1.)) ;
#493=DIRECTION('Vector Direction',(-1.,0.,0.)) ;
#500=DIRECTION('Axis2P3D Direction',(0.,0.,-1.)) ;
#507=DIRECTION('Vector Direction',(0.,-1.,0.)) ;
#514=DIRECTION('Axis2P3D Direction',(0.,0.,-1.)) ;
#530=DIRECTION('Axis2P3D Direction',(0.,-1.,0.)) ;
#531=DIRECTION('Axis2P3D XDirection',(1.59265981953E-015,0.,-1.)) ;
#535=DIRECTION('Vector Direction',(0.,-1.,0.)) ;
#544=DIRECTION('Axis2P3D Direction',(0.,-1.,0.)) ;
#549=DIRECTION('Axis2P3D Direction',(0.,-1.,0.)) ;
#561=DIRECTION('Axis2P3D Direction',(0.,0.,-1.)) ;
#562=DIRECTION('Axis2P3D XDirection',(1.,-8.881784197E-016,0.)) ;
#566=DIRECTION('Vector Direction',(0.,0.,-1.)) ;
#573=DIRECTION('Axis2P3D Direction',(0.,0.,-1.)) ;
#580=DIRECTION('Vector Direction',(0.,0.,-1.)) ;
#592=DIRECTION('Axis2P3D Direction',(-1.,0.,0.)) ;
#593=DIRECTION('Axis2P3D XDirection',(0.,-1.,0.)) ;
#597=DIRECTION('Vector Direction',(0.,0.,1.)) ;
#604=DIRECTION('Vector Direction',(0.,-1.,0.)) ;
#616=DIRECTION('Axis2P3D Direction',(0.,0.,-1.)) ;
#617=DIRECTION('Axis2P3D XDirection',(-1.83697019872E-016,1.,-0.)) ;
#621=DIRECTION('Vector Direction',(0.,0.,-1.)) ;
#628=DIRECTION('Axis2P3D Direction',(0.,0.,-1.)) ;
#640=DIRECTION('Axis2P3D Direction',(0.,0.,-1.)) ;
#641=DIRECTION('Axis2P3D XDirection',(-1.,3.21624529935E-016,-0.)) ;
#645=DIRECTION('Vector Direction',(0.,0.,-1.)) ;
#652=DIRECTION('Axis2P3D Direction',(0.,0.,-1.)) ;
#659=DIRECTION('Vector Direction',(0.,0.,-1.)) ;
#671=DIRECTION('Axis2P3D Direction',(1.,0.,0.)) ;
#672=DIRECTION('Axis2P3D XDirection',(0.,1.,0.)) ;
#676=DIRECTION('Vector Direction',(0.,0.,1.)) ;
#683=DIRECTION('Vector Direction',(0.,1.,0.)) ;
#695=DIRECTION('Axis2P3D Direction',(0.,0.,-1.)) ;
#696=DIRECTION('Axis2P3D XDirection',(6.12323399574E-017,-1.,0.)) ;
#700=DIRECTION('Vector Direction',(0.,0.,-1.)) ;
#707=DIRECTION('Axis2P3D Direction',(0.,0.,-1.)) ;
#719=DIRECTION('Axis2P3D Direction',(1.,-0.,0.)) ;
#720=DIRECTION('Axis2P3D XDirection',(0.,0.,-1.)) ;
#724=DIRECTION('Vector Direction',(0.,0.832050294338,0.554700196225)) ;
#746=DIRECTION('Vector Direction',(0.,-0.832050294338,-0.554700196225)) ;
#781=DIRECTION('Vector Direction',(0.,-0.832050294338,-0.554700196225)) ;
#788=DIRECTION('Axis2P3D Direction',(1.,-0.,0.)) ;
#795=DIRECTION('Vector Direction',(0.,0.,-1.)) ;
#802=DIRECTION('Vector Direction',(0.,1.,0.)) ;
#809=DIRECTION('Vector Direction',(0.,0.,-1.)) ;
#814=DIRECTION('Vector Direction',(0.,0.,-1.)) ;
#832=DIRECTION('Vector Direction',(0.,0.928476690885,0.371390676354)) ;
#841=DIRECTION('Axis2P3D Direction',(1.,-0.,0.)) ;
#848=DIRECTION('Vector Direction',(0.,-1.,0.)) ;
#855=DIRECTION('Axis2P3D Direction',(1.,-0.,0.)) ;
#862=DIRECTION('Vector Direction',(0.,0.,-1.)) ;
#869=DIRECTION('Axis2P3D Direction',(1.,-0.,0.)) ;
#883=DIRECTION('Axis2P3D Direction',(0.,0.,1.)) ;
#884=DIRECTION('Axis2P3D XDirection',(1.,0.,0.)) ;
#888=DIRECTION('Vector Direction',(0.,1.,0.)) ;
#897=DIRECTION('Vector Direction',(1.,0.,0.)) ;
#904=DIRECTION('Vector Direction',(0.,1.,0.)) ;
#911=DIRECTION('Vector Direction',(-1.,0.,0.)) ;
#922=DIRECTION('Vector Direction',(-1.,0.,0.)) ;
#927=DIRECTION('Vector Direction',(1.,0.,0.)) ;
#943=DIRECTION('Axis2P3D Direction',(0.707106781187,0.707106781187,0.)) ;
#944=DIRECTION('Axis2P3D XDirection',(0.,0.,-1.)) ;
#956=DIRECTION('Vector Direction',(-0.707106781187,0.707106781187,0.)) ;
#963=DIRECTION('Vector Direction',(0.,0.,-1.)) ;
#975=DIRECTION('Axis2P3D Direction',(-1.,-5.00488539501E-013,2.56017429479E-013)) ;
#976=DIRECTION('Axis2P3D XDirection',(-3.14389148111E-013,0.120349229195,-0.992731616819)) ;
#980=DIRECTION('Vector Direction',(-0.707106781187,0.392232270276,-0.588348405414)) ;
#987=DIRECTION('Axis2P3D Direction',(1.,4.62651944534E-013,5.6087470135E-014)) ;
#999=DIRECTION('Axis2P3D Direction',(0.707106781187,0.392232270276,-0.588348405415)) ;
#1000=DIRECTION('Axis2P3D XDirection',(0.,-0.832050294338,-0.554700196225)) ;
#1004=DIRECTION('Vector Direction',(-0.707106781187,0.392232270276,-0.588348405415)) ;
#1011=DIRECTION('Vector Direction',(0.,-0.832050294338,-0.554700196225)) ;
#1237=DIRECTION('Axis2P3D Direction',(-0.520352734504,-0.473687021531,0.710530532297)) ;
#1238=DIRECTION('Axis2P3D XDirection',(0.,0.832050294338,0.554700196225)) ;
#1242=DIRECTION('Vector Direction',(0.,0.832050294338,0.554700196225)) ;
#1260=DIRECTION('Vector Direction',(-1.,0.,0.)) ;
#1267=DIRECTION('Axis2P3D Direction',(-1.,0.,0.)) ;
#1274=DIRECTION('Vector Direction',(-1.,0.,0.)) ;
#1286=DIRECTION('Vector Direction',(-1.,0.,0.)) ;
#1293=DIRECTION('Axis2P3D Direction',(-1.,0.,0.)) ;
#1300=DIRECTION('Vector Direction',(-1.,0.,0.)) ;
#1312=DIRECTION('Axis2P3D Direction',(-1.,0.,0.)) ;
#1313=DIRECTION('Axis2P3D XDirection',(-0.,3.73641069867E-015,-1.)) ;
#1317=DIRECTION('Vector Direction',(-1.,0.,0.)) ;
#1324=DIRECTION('Axis2P3D Direction',(-1.,0.,0.)) ;
#1331=DIRECTION('Vector Direction',(-1.,0.,0.)) ;
#1343=DIRECTION('Axis2P3D Direction',(-1.,0.,0.)) ;
#1344=DIRECTION('Axis2P3D XDirection',(0.,1.,0.)) ;
#1348=DIRECTION('Vector Direction',(-1.,0.,0.)) ;
#1365=DIRECTION('Vector Direction',(-1.,0.,0.)) ;
#1377=DIRECTION('Axis2P3D Direction',(0.,0.554700196225,-0.832050294338)) ;
#1378=DIRECTION('Axis2P3D XDirection',(0.,-0.832050294338,-0.554700196225)) ;
#1395=DIRECTION('Vector Direction',(0.,-0.832050294338,-0.554700196225)) ;
#1620=DIRECTION('Vector Direction',(0.,0.832050294338,0.554700196225)) ;
#1726=DIRECTION('Axis2P3D Direction',(0.,-0.832050294338,-0.554700196225)) ;
#1727=DIRECTION('Axis2P3D XDirection',(1.,0.,0.)) ;
#1741=DIRECTION('Vector Direction',(0.,-0.832050294338,-0.554700196225)) ;
#1753=DIRECTION('Axis2P3D Direction',(0.,-1.,0.)) ;
#1754=DIRECTION('Axis2P3D XDirection',(1.,0.,0.)) ;
#1769=DIRECTION('Vector Direction',(0.,-1.,0.)) ;
#1774=DIRECTION('Vector Direction',(0.,-1.,0.)) ;
#1790=DIRECTION('Axis2P3D Direction',(0.,-1.,0.)) ;
#1804=DIRECTION('Axis2P3D Direction',(1.,0.,0.)) ;
#1805=DIRECTION('Axis2P3D XDirection',(0.,0.0363963295826,0.9993374341)) ;
#1809=DIRECTION('Axis2P3D Direction',(-0.,0.832051046512,0.554699067963)) ;
#1816=DIRECTION('Axis2P3D Direction',(-0.,0.999999999951,9.91758350999E-006)) ;
#1827=DIRECTION('Axis2P3D Direction',(-0.,0.832050294338,0.554700196225)) ;
#1828=DIRECTION('Axis2P3D XDirection',(-1.83697019872E-016,-0.554700196225,0.832050294338)) ;
#1832=DIRECTION('Axis2P3D Direction',(-0.,0.832050294338,0.554700196225)) ;
#1839=DIRECTION('Vector Direction',(0.,0.832050294338,0.554700196225)) ;
#1924=DIRECTION('Axis2P3D Direction',(0.,1.,0.)) ;
#1925=DIRECTION('Axis2P3D XDirection',(-1.,0.,0.)) ;
#1929=DIRECTION('Vector Direction',(0.,1.,0.)) ;
#1936=DIRECTION('Axis2P3D Direction',(0.,1.,0.)) ;
#1943=DIRECTION('Vector Direction',(0.,1.,0.)) ;
#1958=DIRECTION('Vector Direction',(0.,1.,0.)) ;
#2139=DIRECTION('Axis2P3D Direction',(-0.,1.,0.)) ;
#2140=DIRECTION('Axis2P3D XDirection',(0.620267689911,0.,0.78439020446)) ;
#2144=DIRECTION('Vector Direction',(0.,1.,0.)) ;
#2156=DIRECTION('Axis2P3D Direction',(1.,0.,-0.)) ;
#2157=DIRECTION('Axis2P3D XDirection',(0.,0.,1.)) ;
#2161=DIRECTION('Vector Direction',(0.,-1.,0.)) ;
#2168=DIRECTION('Vector Direction',(0.,0.,1.)) ;
#2180=DIRECTION('Axis2P3D Direction',(0.,-1.,0.)) ;
#2181=DIRECTION('Axis2P3D XDirection',(0.836607142857,0.,-0.547803330147)) ;
#2185=DIRECTION('Axis2P3D Direction',(0.,-1.,0.)) ;
#2197=DIRECTION('Axis2P3D Direction',(0.,1.,-0.)) ;
#2198=DIRECTION('Axis2P3D XDirection',(0.993285644037,0.,0.115687636981)) ;
#2211=DIRECTION('Axis2P3D Direction',(1.09634523682E-015,0.,1.)) ;
#2223=DIRECTION('Axis2P3D Direction',(0.,-0.,1.)) ;
#2224=DIRECTION('Axis2P3D XDirection',(0.,1.,0.)) ;
#2236=DIRECTION('Vector Direction',(0.,0.,1.)) ;
#2249=DIRECTION('Axis2P3D Direction',(-1.,0.,0.)) ;
#2250=DIRECTION('Axis2P3D XDirection',(0.,1.,0.)) ;
#2254=DIRECTION('Axis2P3D Direction',(-1.,0.,0.)) ;
#2263=DIRECTION('Vector Direction',(-1.,0.,0.)) ;
#2280=DIRECTION('Vector Direction',(-1.,0.,0.)) ;
#2292=DIRECTION('Axis2P3D Direction',(0.,-0.,1.)) ;
#2293=DIRECTION('Axis2P3D XDirection',(1.,-1.83697019872E-016,-0.)) ;
#2315=DIRECTION('Vector Direction',(0.,0.,1.)) ;
#2338=DIRECTION('Vector Direction',(0.,0.,1.)) ;
#2351=DIRECTION('Axis2P3D Direction',(0.,-1.,0.)) ;
#2352=DIRECTION('Axis2P3D XDirection',(-1.,0.,1.22464679915E-016)) ;
#2356=DIRECTION('Vector Direction',(0.,-1.,0.)) ;
#2374=DIRECTION('Axis2P3D Direction',(0.,-1.,0.)) ;
#2390=DIRECTION('Vector Direction',(0.,-1.,0.)) ;
#2423=DIRECTION('Axis2P3D Direction',(0.,-0.,1.)) ;
#2424=DIRECTION('Axis2P3D XDirection',(0.,1.,0.)) ;
#2428=DIRECTION('Vector Direction',(0.,0.,1.)) ;
#2453=DIRECTION('Vector Direction',(0.,0.,1.)) ;
#2482=DIRECTION('Axis2P3D Direction',(0.,1.,-0.)) ;
#2483=DIRECTION('Axis2P3D XDirection',(-0.87758256189,0.,0.479425538604)) ;
#2487=DIRECTION('Axis2P3D Direction',(0.,1.,-0.)) ;
#2496=DIRECTION('Vector Direction',(0.,1.,0.)) ;
#2503=DIRECTION('Axis2P3D Direction',(0.,1.,-0.)) ;
#2510=DIRECTION('Vector Direction',(0.,1.,0.)) ;
#2522=DIRECTION('Axis2P3D Direction',(0.,1.,-0.)) ;
#2527=DIRECTION('Axis2P3D Direction',(0.,1.,-0.)) ;
#2539=DIRECTION('Axis2P3D Direction',(0.,1.,0.)) ;
#2540=DIRECTION('Axis2P3D XDirection',(0.0235965852909,0.,-0.999721561817)) ;
#2544=DIRECTION('Axis2P3D Direction',(0.,1.,0.)) ;
#2553=DIRECTION('Vector Direction',(0.,1.,0.)) ;
#2560=DIRECTION('Axis2P3D Direction',(0.,1.,0.)) ;
#2567=DIRECTION('Vector Direction',(0.,1.,0.)) ;
#2579=DIRECTION('Axis2P3D Direction',(0.,1.,0.)) ;
#2584=DIRECTION('Axis2P3D Direction',(0.,1.,0.)) ;
#2596=DIRECTION('Axis2P3D Direction',(-0.,1.,0.)) ;
#2597=DIRECTION('Axis2P3D XDirection',(0.87758256189,0.,-0.479425538604)) ;
#2601=DIRECTION('Axis2P3D Direction',(-0.,1.,0.)) ;
#2610=DIRECTION('Vector Direction',(0.,1.,0.)) ;
#2617=DIRECTION('Axis2P3D Direction',(-0.,1.,0.)) ;
#2624=DIRECTION('Vector Direction',(0.,1.,0.)) ;
#2636=DIRECTION('Axis2P3D Direction',(-0.,1.,0.)) ;
#2641=DIRECTION('Axis2P3D Direction',(-0.,1.,0.)) ;
#2653=DIRECTION('Axis2P3D Direction',(0.,1.,-0.)) ;
#2654=DIRECTION('Axis2P3D XDirection',(-0.0235965852909,0.,0.999721561817)) ;
#2658=DIRECTION('Axis2P3D Direction',(0.,1.,-0.)) ;
#2667=DIRECTION('Vector Direction',(0.,1.,0.)) ;
#2674=DIRECTION('Axis2P3D Direction',(0.,1.,-0.)) ;
#2681=DIRECTION('Vector Direction',(0.,1.,0.)) ;
#2693=DIRECTION('Axis2P3D Direction',(0.,1.,-0.)) ;
#2698=DIRECTION('Axis2P3D Direction',(0.,1.,-0.)) ;
#2710=DIRECTION('Axis2P3D Direction',(-0.,1.,0.)) ;
#2711=DIRECTION('Axis2P3D XDirection',(0.853985976599,0.,0.520296023213)) ;
#2715=DIRECTION('Axis2P3D Direction',(-0.,1.,0.)) ;
#2724=DIRECTION('Vector Direction',(0.,1.,0.)) ;
#2731=DIRECTION('Axis2P3D Direction',(-0.,1.,0.)) ;
#2738=DIRECTION('Vector Direction',(0.,1.,0.)) ;
#2750=DIRECTION('Axis2P3D Direction',(-0.,1.,0.)) ;
#2755=DIRECTION('Axis2P3D Direction',(-0.,1.,0.)) ;
#2788=DIRECTION('Vector Direction',(0.,0.832050294338,0.554700196225)) ;
#2864=DIRECTION('Vector Direction',(0.,-1.,0.)) ;
#2871=DIRECTION('Vector Direction',(0.,0.832050294338,0.554700196225)) ;
#2882=DIRECTION('Axis2P3D Direction',(0.,-1.,0.)) ;
#2883=DIRECTION('Axis2P3D XDirection',(-1.,0.,0.)) ;
#2887=DIRECTION('Axis2P3D Direction',(0.,-1.,0.)) ;
#2892=DIRECTION('Axis2P3D Direction',(0.,-1.,0.)) ;
#2904=DIRECTION('Vector Direction',(0.,-0.832050294338,-0.554700196225)) ;
#2911=DIRECTION('Vector Direction',(0.,1.,0.)) ;
#2922=DIRECTION('Axis2P3D Direction',(-0.,-1.,0.)) ;
#2923=DIRECTION('Axis2P3D XDirection',(-0.87758256189,0.,0.479425538604)) ;
#2927=DIRECTION('Vector Direction',(-0.620544580564,-0.707106781187,0.339005049421)) ;
#2934=DIRECTION('Vector Direction',(0.620544580564,-0.707106781187,-0.339005049421)) ;
#2941=DIRECTION('Axis2P3D Direction',(0.,-1.,0.)) ;
#2953=DIRECTION('Axis2P3D Direction',(0.,-1.,0.)) ;
#2965=DIRECTION('Axis2P3D Direction',(0.,-1.,0.)) ;
#2966=DIRECTION('Axis2P3D XDirection',(0.0235965852909,0.,-0.999721561817)) ;
#2970=DIRECTION('Vector Direction',(-0.016685305472,-0.707106781187,0.706909895659)) ;
#2977=DIRECTION('Vector Direction',(0.016685305472,-0.707106781187,-0.706909895659)) ;
#2984=DIRECTION('Axis2P3D Direction',(0.,-1.,0.)) ;
#2996=DIRECTION('Axis2P3D Direction',(0.,-1.,0.)) ;
#3008=DIRECTION('Axis2P3D Direction',(0.,-1.,0.)) ;
#3009=DIRECTION('Axis2P3D XDirection',(0.87758256189,0.,-0.479425538604)) ;
#3013=DIRECTION('Vector Direction',(-0.620544580564,-0.707106781187,0.339005049421)) ;
#3020=DIRECTION('Vector Direction',(0.620544580564,-0.707106781187,-0.339005049421)) ;
#3027=DIRECTION('Axis2P3D Direction',(0.,-1.,0.)) ;
#3039=DIRECTION('Axis2P3D Direction',(0.,-1.,0.)) ;
#3051=DIRECTION('Axis2P3D Direction',(-0.,-1.,0.)) ;
#3052=DIRECTION('Axis2P3D XDirection',(-0.0235965852909,0.,0.999721561817)) ;
#3056=DIRECTION('Vector Direction',(-0.016685305472,-0.707106781187,0.706909895659)) ;
#3063=DIRECTION('Vector Direction',(0.016685305472,-0.707106781187,-0.706909895659)) ;
#3070=DIRECTION('Axis2P3D Direction',(0.,-1.,0.)) ;
#3082=DIRECTION('Axis2P3D Direction',(0.,-1.,0.)) ;
#3094=DIRECTION('Axis2P3D Direction',(0.,-1.,0.)) ;
#3095=DIRECTION('Axis2P3D XDirection',(0.853985976599,0.,0.520296023213)) ;
#3099=DIRECTION('Vector Direction',(0.603859275092,-0.707106781187,0.367904846238)) ;
#3106=DIRECTION('Vector Direction',(-0.603859275092,-0.707106781187,-0.367904846238)) ;
#3113=DIRECTION('Axis2P3D Direction',(0.,-1.,0.)) ;
#3125=DIRECTION('Axis2P3D Direction',(0.,-1.,0.)) ;
#3137=DIRECTION('Axis2P3D Direction',(0.,0.832050294338,0.554700196225)) ;
#3138=DIRECTION('Axis2P3D XDirection',(-1.,0.,0.)) ;
#3142=DIRECTION('Axis2P3D Direction',(0.,0.832050294338,0.554700196225)) ;
#3147=DIRECTION('Axis2P3D Direction',(0.,0.832050294338,0.554700196225)) ;
#3159=DIRECTION('Axis2P3D Direction',(-1.,0.,0.)) ;
#3160=DIRECTION('Axis2P3D XDirection',(0.,0.0896958508518,-0.99596920351)) ;
#3235=DIRECTION('Axis2P3D Direction',(-1.,0.,0.)) ;
#3236=DIRECTION('Axis2P3D XDirection',(0.,-0.572828429305,0.819675295822)) ;
#3240=DIRECTION('Axis2P3D Direction',(-0.,-0.999999999999,-1.0684039672E-006)) ;
#3245=DIRECTION('Axis2P3D Direction',(-0.,-0.832050347354,-0.554700116701)) ;
#3614=DIRECTION('Vector Direction',(0.,0.832050294338,0.554700196225)) ;
#3745=DIRECTION('Axis2P3D Direction',(0.,1.,0.)) ;
#3746=DIRECTION('Axis2P3D XDirection',(0.0235965852909,0.,-0.999721561817)) ;
#3750=DIRECTION('Axis2P3D Direction',(0.,1.,0.)) ;
#3759=DIRECTION('Vector Direction',(0.,1.,0.)) ;
#3764=DIRECTION('Vector Direction',(0.,1.,0.)) ;
#3776=DIRECTION('Axis2P3D Direction',(0.,1.,0.)) ;
#3788=DIRECTION('Axis2P3D Direction',(0.,1.,-0.)) ;
#3789=DIRECTION('Axis2P3D XDirection',(-0.87758256189,0.,0.479425538604)) ;
#3793=DIRECTION('Axis2P3D Direction',(0.,1.,-0.)) ;
#3802=DIRECTION('Vector Direction',(0.,1.,0.)) ;
#3807=DIRECTION('Vector Direction',(0.,1.,0.)) ;
#3819=DIRECTION('Axis2P3D Direction',(0.,1.,-0.)) ;
#3831=DIRECTION('Axis2P3D Direction',(0.,1.,-0.)) ;
#3832=DIRECTION('Axis2P3D XDirection',(-0.0235965852909,0.,0.999721561817)) ;
#3836=DIRECTION('Axis2P3D Direction',(0.,1.,-0.)) ;
#3845=DIRECTION('Vector Direction',(0.,1.,0.)) ;
#3850=DIRECTION('Vector Direction',(0.,1.,0.)) ;
#3862=DIRECTION('Axis2P3D Direction',(0.,1.,-0.)) ;
#3874=DIRECTION('Axis2P3D Direction',(-0.,1.,0.)) ;
#3875=DIRECTION('Axis2P3D XDirection',(0.853985976599,0.,0.520296023213)) ;
#3879=DIRECTION('Axis2P3D Direction',(-0.,1.,0.)) ;
#3888=DIRECTION('Vector Direction',(0.,1.,0.)) ;
#3893=DIRECTION('Vector Direction',(0.,1.,0.)) ;
#3905=DIRECTION('Axis2P3D Direction',(-0.,1.,0.)) ;
#3917=DIRECTION('Axis2P3D Direction',(-0.,1.,0.)) ;
#3918=DIRECTION('Axis2P3D XDirection',(0.87758256189,0.,-0.479425538604)) ;
#3922=DIRECTION('Axis2P3D Direction',(-0.,1.,0.)) ;
#3931=DIRECTION('Vector Direction',(0.,1.,0.)) ;
#3936=DIRECTION('Vector Direction',(0.,1.,0.)) ;
#3948=DIRECTION('Axis2P3D Direction',(-0.,1.,0.)) ;
#4097=DIRECTION('Axis2P3D Direction',(0.,1.,0.)) ;
#4098=DIRECTION('Axis2P3D XDirection',(1.,0.,1.11022302463E-016)) ;
#4102=DIRECTION('Axis2P3D Direction',(0.,1.,0.)) ;
#4114=DIRECTION('Axis2P3D Direction',(1.,8.78500721058E-008,7.78230746512E-008)) ;
#4115=DIRECTION('Axis2P3D XDirection',(-2.27779506325E-008,-0.505212627562,0.862994902043)) ;
#4119=DIRECTION('Axis2P3D Direction',(-1.16264150543E-007,0.832050383995,0.55470006174)) ;
#4130=DIRECTION('Axis2P3D Direction',(0.,-0.832050294338,-0.554700196225)) ;
#4131=DIRECTION('Axis2P3D XDirection',(1.,5.9456951666E-016,-8.9185427499E-016)) ;
#4135=DIRECTION('Axis2P3D Direction',(0.,-0.832050294338,-0.554700196225)) ;
#4259=DIRECTION('Axis2P3D Direction',(-1.,0.,0.)) ;
#4260=DIRECTION('Axis2P3D XDirection',(0.,0.,1.)) ;
#4264=DIRECTION('Vector Direction',(0.,0.,-1.)) ;
#4271=DIRECTION('Vector Direction',(0.,1.,0.)) ;
#4278=DIRECTION('Vector Direction',(0.,0.,1.)) ;
#4290=DIRECTION('Vector Direction',(0.,0.,-1.)) ;
#4295=DIRECTION('Vector Direction',(0.,-1.,0.)) ;
#4300=DIRECTION('Vector Direction',(0.,0.928476690885,0.371390676354)) ;
#4314=DIRECTION('Axis2P3D Direction',(0.,-1.,0.)) ;
#4315=DIRECTION('Axis2P3D XDirection',(7.04481399828E-016,0.,-1.)) ;
#4319=DIRECTION('Axis2P3D Direction',(0.,-1.,0.)) ;
#4324=DIRECTION('Axis2P3D Direction',(0.,-1.,0.)) ;
#4336=DIRECTION('Axis2P3D Direction',(0.,0.371390676354,-0.928476690885)) ;
#4337=DIRECTION('Axis2P3D XDirection',(0.,0.928476690885,0.371390676354)) ;
#4348=DIRECTION('Axis2P3D Direction',(-0.,0.,1.)) ;
#4349=DIRECTION('Axis2P3D XDirection',(0.,-1.,0.)) ;
#4367=DIRECTION('Axis2P3D Direction',(0.,-1.,0.)) ;
#4368=DIRECTION('Axis2P3D XDirection',(1.,0.,0.)) ;
#4386=DIRECTION('Axis2P3D Direction',(-0.707106781187,0.707106781187,0.)) ;
#4387=DIRECTION('Axis2P3D XDirection',(0.,0.,-1.)) ;
#4401=DIRECTION('Vector Direction',(0.,0.,-1.)) ;
#4406=DIRECTION('Vector Direction',(-0.707106781187,-0.707106781187,0.)) ;
#4413=DIRECTION('Vector Direction',(0.,0.,-1.)) ;
#4425=DIRECTION('Axis2P3D Direction',(1.,-4.93827201353E-013,2.5290880501E-013)) ;
#4426=DIRECTION('Axis2P3D XDirection',(3.26901493763E-013,0.892760375012,0.450531811095)) ;
#4430=DIRECTION('Vector Direction',(0.707106781187,0.392232270276,-0.588348405415)) ;
#4437=DIRECTION('Axis2P3D Direction',(-1.,2.01960716278E-013,-4.00199320807E-013)) ;
#5346=DIRECTION('Axis2P3D Direction',(0.707106781187,-0.392232270276,0.588348405415)) ;
#5347=DIRECTION('Axis2P3D XDirection',(0.,0.832050294338,0.554700196225)) ;
#5351=DIRECTION('Vector Direction',(0.,0.832050294338,0.554700196225)) ;
#5358=DIRECTION('Vector Direction',(0.,0.832050294338,0.554700196225)) ;
#5376=DIRECTION('Axis2P3D Direction',(0.,1.,0.)) ;
#5377=DIRECTION('Axis2P3D XDirection',(-0.771875,0.,0.635774318744)) ;
#5381=DIRECTION('Axis2P3D Direction',(0.,1.,0.)) ;
#5388=DIRECTION('Axis2P3D Direction',(0.,1.,0.)) ;
#5395=DIRECTION('Axis2P3D Direction',(0.,1.,0.)) ;
#5402=DIRECTION('Axis2P3D Direction',(0.,1.,0.)) ;
#5407=DIRECTION('Vector Direction',(0.,1.,0.)) ;
#5423=DIRECTION('Axis2P3D Direction',(0.,0.832050294338,0.554700196225)) ;
#5424=DIRECTION('Axis2P3D XDirection',(-1.,0.,0.)) ;
#5435=DIRECTION('Axis2P3D Direction',(0.,1.,0.)) ;
#5436=DIRECTION('Axis2P3D XDirection',(-1.,0.,0.)) ;
#5440=DIRECTION('Axis2P3D Direction',(0.,1.,0.)) ;
#5582=DIRECTION('Axis2P3D Direction',(0.,1.,-0.)) ;
#5589=DIRECTION('Axis2P3D Direction',(0.,1.,-0.)) ;
#5706=DIRECTION('Axis2P3D Direction',(0.,-1.,0.)) ;
#5707=DIRECTION('Axis2P3D XDirection',(-1.,0.,1.22464679915E-016)) ;
#5718=DIRECTION('Axis2P3D Direction',(0.,1.,0.)) ;
#5719=DIRECTION('Axis2P3D XDirection',(-0.84013117855,0.,0.542383261936)) ;
#5723=DIRECTION('Axis2P3D Direction',(0.,1.,0.)) ;
#5730=DIRECTION('Axis2P3D Direction',(0.,1.,0.)) ;
#5748=DIRECTION('Axis2P3D Direction',(-1.,0.,0.)) ;
#5757=DIRECTION('Vector Direction',(-1.,0.,0.)) ;
#5762=DIRECTION('Vector Direction',(-1.,0.,0.)) ;
#5774=DIRECTION('Vector Direction',(0.,-1.,0.)) ;
#5786=DIRECTION('Axis2P3D Direction',(0.,0.832050294338,0.554700196225)) ;
#5787=DIRECTION('Axis2P3D XDirection',(-1.,0.,0.)) ;
#5806=DIRECTION('Axis2P3D Direction',(0.,1.,-0.)) ;
#5807=DIRECTION('Axis2P3D XDirection',(-1.,0.,0.)) ;
#5811=DIRECTION('Axis2P3D Direction',(0.,1.,-0.)) ;
#5831=DIRECTION('Vector Direction',(0.,0.,1.)) ;
#5861=DIRECTION('Axis2P3D Direction',(0.,-1.,0.)) ;
#5862=DIRECTION('Axis2P3D XDirection',(-1.,0.,1.22464679915E-016)) ;
#5866=DIRECTION('Axis2P3D Direction',(0.,-1.,0.)) ;
#5878=DIRECTION('Axis2P3D Direction',(0.,-1.,0.)) ;
#5879=DIRECTION('Axis2P3D XDirection',(1.,0.,0.)) ;
#5883=DIRECTION('Vector Direction',(0.,0.,1.)) ;
#5905=DIRECTION('Axis2P3D Direction',(-1.,0.,0.)) ;
#5906=DIRECTION('Axis2P3D XDirection',(0.,0.,1.)) ;
#5923=DIRECTION('Vector Direction',(0.,0.928476690885,0.371390676354)) ;
#48=AXIS2_PLACEMENT_3D(' ',#47,$,$) ;
#55=AXIS2_PLACEMENT_3D('Cylinder Axis2P3D',#52,#53,#54) ;
#59=AXIS2_PLACEMENT_3D('Circle Axis2P3D',#57,#58,$) ;
#75=AXIS2_PLACEMENT_3D('Circle Axis2P3D',#73,#74,$) ;
#95=AXIS2_PLACEMENT_3D('Plane Axis2P3D',#92,#93,#94) ;
#126=AXIS2_PLACEMENT_3D('Plane Axis2P3D',#123,#124,#125) ;
#179=AXIS2_PLACEMENT_3D('Circle Axis2P3D',#177,#178,$) ;
#193=AXIS2_PLACEMENT_3D('Circle Axis2P3D',#191,#192,$) ;
#208=AXIS2_PLACEMENT_3D('Cylinder Axis2P3D',#205,#206,#207) ;
#212=AXIS2_PLACEMENT_3D('Circle Axis2P3D',#210,#211,$) ;
#232=AXIS2_PLACEMENT_3D('Cylinder Axis2P3D',#229,#230,#231) ;
#267=AXIS2_PLACEMENT_3D('Circle Axis2P3D',#265,#266,$) ;
#282=AXIS2_PLACEMENT_3D('Torus Axis2P3D',#279,#280,#281) ;
#295=AXIS2_PLACEMENT_3D('Circle Axis2P3D',#293,#294,$) ;
#302=AXIS2_PLACEMENT_3D('Circle Axis2P3D',#300,#301,$) ;
#315=AXIS2_PLACEMENT_3D('Cylinder Axis2P3D',#312,#313,#314) ;
#364=AXIS2_PLACEMENT_3D('Plane Axis2P3D',#361,#362,#363) ;
#395=AXIS2_PLACEMENT_3D('Cylinder Axis2P3D',#392,#393,#394) ;
#408=AXIS2_PLACEMENT_3D('Circle Axis2P3D',#406,#407,$) ;
#422=AXIS2_PLACEMENT_3D('Circle Axis2P3D',#420,#421,$) ;
#435=AXIS2_PLACEMENT_3D('Plane Axis2P3D',#432,#433,#434) ;
#473=AXIS2_PLACEMENT_3D('Circle Axis2P3D',#471,#472,$) ;
#487=AXIS2_PLACEMENT_3D('Circle Axis2P3D',#485,#486,$) ;
#501=AXIS2_PLACEMENT_3D('Circle Axis2P3D',#499,#500,$) ;
#515=AXIS2_PLACEMENT_3D('Circle Axis2P3D',#513,#514,$) ;
#532=AXIS2_PLACEMENT_3D('Cylinder Axis2P3D',#529,#530,#531) ;
#545=AXIS2_PLACEMENT_3D('Circle Axis2P3D',#543,#544,$) ;
#550=AXIS2_PLACEMENT_3D('Circle Axis2P3D',#548,#549,$) ;
#563=AXIS2_PLACEMENT_3D('Cylinder Axis2P3D',#560,#561,#562) ;
#574=AXIS2_PLACEMENT_3D('Circle Axis2P3D',#572,#573,$) ;
#594=AXIS2_PLACEMENT_3D('Plane Axis2P3D',#591,#592,#593) ;
#618=AXIS2_PLACEMENT_3D('Cylinder Axis2P3D',#615,#616,#617) ;
#629=AXIS2_PLACEMENT_3D('Circle Axis2P3D',#627,#628,$) ;
#642=AXIS2_PLACEMENT_3D('Cylinder Axis2P3D',#639,#640,#641) ;
#653=AXIS2_PLACEMENT_3D('Circle Axis2P3D',#651,#652,$) ;
#673=AXIS2_PLACEMENT_3D('Plane Axis2P3D',#670,#671,#672) ;
#697=AXIS2_PLACEMENT_3D('Cylinder Axis2P3D',#694,#695,#696) ;
#708=AXIS2_PLACEMENT_3D('Circle Axis2P3D',#706,#707,$) ;
#721=AXIS2_PLACEMENT_3D('Plane Axis2P3D',#718,#719,#720) ;
#789=AXIS2_PLACEMENT_3D('Circle Axis2P3D',#787,#788,$) ;
#842=AXIS2_PLACEMENT_3D('Circle Axis2P3D',#840,#841,$) ;
#856=AXIS2_PLACEMENT_3D('Circle Axis2P3D',#854,#855,$) ;
#870=AXIS2_PLACEMENT_3D('Circle Axis2P3D',#868,#869,$) ;
#885=AXIS2_PLACEMENT_3D('Plane Axis2P3D',#882,#883,#884) ;
#945=AXIS2_PLACEMENT_3D('Plane Axis2P3D',#942,#943,#944) ;
#977=AXIS2_PLACEMENT_3D('Cone Axis2P3D',#974,#975,#976) ;
#988=AXIS2_PLACEMENT_3D('Circle Axis2P3D',#986,#987,$) ;
#1001=AXIS2_PLACEMENT_3D('Plane Axis2P3D',#998,#999,#1000) ;
#1239=AXIS2_PLACEMENT_3D('Plane Axis2P3D',#1236,#1237,#1238) ;
#1268=AXIS2_PLACEMENT_3D('Circle Axis2P3D',#1266,#1267,$) ;
#1294=AXIS2_PLACEMENT_3D('Circle Axis2P3D',#1292,#1293,$) ;
#1314=AXIS2_PLACEMENT_3D('Cylinder Axis2P3D',#1311,#1312,#1313) ;
#1325=AXIS2_PLACEMENT_3D('Circle Axis2P3D',#1323,#1324,$) ;
#1345=AXIS2_PLACEMENT_3D('Cylinder Axis2P3D',#1342,#1343,#1344) ;
#1379=AXIS2_PLACEMENT_3D('Plane Axis2P3D',#1376,#1377,#1378) ;
#1728=AXIS2_PLACEMENT_3D('Cylinder Axis2P3D',#1725,#1726,#1727) ;
#1755=AXIS2_PLACEMENT_3D('Cylinder Axis2P3D',#1752,#1753,#1754) ;
#1791=AXIS2_PLACEMENT_3D('Circle Axis2P3D',#1789,#1790,$) ;
#1806=AXIS2_PLACEMENT_3D('Sphere Axis2P3D',#1803,#1804,#1805) ;
#1810=AXIS2_PLACEMENT_3D('Circle Axis2P3D',#1808,#1809,$) ;
#1817=AXIS2_PLACEMENT_3D('Circle Axis2P3D',#1815,#1816,$) ;
#1829=AXIS2_PLACEMENT_3D('Cylinder Axis2P3D',#1826,#1827,#1828) ;
#1833=AXIS2_PLACEMENT_3D('Circle Axis2P3D',#1831,#1832,$) ;
#1926=AXIS2_PLACEMENT_3D('Cylinder Axis2P3D',#1923,#1924,#1925) ;
#1937=AXIS2_PLACEMENT_3D('Circle Axis2P3D',#1935,#1936,$) ;
#2141=AXIS2_PLACEMENT_3D('Cylinder Axis2P3D',#2138,#2139,#2140) ;
#2158=AXIS2_PLACEMENT_3D('Plane Axis2P3D',#2155,#2156,#2157) ;
#2182=AXIS2_PLACEMENT_3D('Cylinder Axis2P3D',#2179,#2180,#2181) ;
#2186=AXIS2_PLACEMENT_3D('Circle Axis2P3D',#2184,#2185,$) ;
#2199=AXIS2_PLACEMENT_3D('Torus Axis2P3D',#2196,#2197,#2198) ;
#2212=AXIS2_PLACEMENT_3D('Circle Axis2P3D',#2210,#2211,$) ;
#2225=AXIS2_PLACEMENT_3D('Cylinder Axis2P3D',#2222,#2223,#2224) ;
#2251=AXIS2_PLACEMENT_3D('Cylinder Axis2P3D',#2248,#2249,#2250) ;
#2255=AXIS2_PLACEMENT_3D('Circle Axis2P3D',#2253,#2254,$) ;
#2294=AXIS2_PLACEMENT_3D('Cylinder Axis2P3D',#2291,#2292,#2293) ;
#2353=AXIS2_PLACEMENT_3D('Cylinder Axis2P3D',#2350,#2351,#2352) ;
#2375=AXIS2_PLACEMENT_3D('Circle Axis2P3D',#2373,#2374,$) ;
#2425=AXIS2_PLACEMENT_3D('Cylinder Axis2P3D',#2422,#2423,#2424) ;
#2484=AXIS2_PLACEMENT_3D('Cylinder Axis2P3D',#2481,#2482,#2483) ;
#2488=AXIS2_PLACEMENT_3D('Circle Axis2P3D',#2486,#2487,$) ;
#2504=AXIS2_PLACEMENT_3D('Circle Axis2P3D',#2502,#2503,$) ;
#2523=AXIS2_PLACEMENT_3D('Circle Axis2P3D',#2521,#2522,$) ;
#2528=AXIS2_PLACEMENT_3D('Circle Axis2P3D',#2526,#2527,$) ;
#2541=AXIS2_PLACEMENT_3D('Cylinder Axis2P3D',#2538,#2539,#2540) ;
#2545=AXIS2_PLACEMENT_3D('Circle Axis2P3D',#2543,#2544,$) ;
#2561=AXIS2_PLACEMENT_3D('Circle Axis2P3D',#2559,#2560,$) ;
#2580=AXIS2_PLACEMENT_3D('Circle Axis2P3D',#2578,#2579,$) ;
#2585=AXIS2_PLACEMENT_3D('Circle Axis2P3D',#2583,#2584,$) ;
#2598=AXIS2_PLACEMENT_3D('Cylinder Axis2P3D',#2595,#2596,#2597) ;
#2602=AXIS2_PLACEMENT_3D('Circle Axis2P3D',#2600,#2601,$) ;
#2618=AXIS2_PLACEMENT_3D('Circle Axis2P3D',#2616,#2617,$) ;
#2637=AXIS2_PLACEMENT_3D('Circle Axis2P3D',#2635,#2636,$) ;
#2642=AXIS2_PLACEMENT_3D('Circle Axis2P3D',#2640,#2641,$) ;
#2655=AXIS2_PLACEMENT_3D('Cylinder Axis2P3D',#2652,#2653,#2654) ;
#2659=AXIS2_PLACEMENT_3D('Circle Axis2P3D',#2657,#2658,$) ;
#2675=AXIS2_PLACEMENT_3D('Circle Axis2P3D',#2673,#2674,$) ;
#2694=AXIS2_PLACEMENT_3D('Circle Axis2P3D',#2692,#2693,$) ;
#2699=AXIS2_PLACEMENT_3D('Circle Axis2P3D',#2697,#2698,$) ;
#2712=AXIS2_PLACEMENT_3D('Cylinder Axis2P3D',#2709,#2710,#2711) ;
#2716=AXIS2_PLACEMENT_3D('Circle Axis2P3D',#2714,#2715,$) ;
#2732=AXIS2_PLACEMENT_3D('Circle Axis2P3D',#2730,#2731,$) ;
#2751=AXIS2_PLACEMENT_3D('Circle Axis2P3D',#2749,#2750,$) ;
#2756=AXIS2_PLACEMENT_3D('Circle Axis2P3D',#2754,#2755,$) ;
#2884=AXIS2_PLACEMENT_3D('Cylinder Axis2P3D',#2881,#2882,#2883) ;
#2888=AXIS2_PLACEMENT_3D('Circle Axis2P3D',#2886,#2887,$) ;
#2893=AXIS2_PLACEMENT_3D('Circle Axis2P3D',#2891,#2892,$) ;
#2924=AXIS2_PLACEMENT_3D('Cone Axis2P3D',#2921,#2922,#2923) ;
#2942=AXIS2_PLACEMENT_3D('Circle Axis2P3D',#2940,#2941,$) ;
#2954=AXIS2_PLACEMENT_3D('Circle Axis2P3D',#2952,#2953,$) ;
#2967=AXIS2_PLACEMENT_3D('Cone Axis2P3D',#2964,#2965,#2966) ;
#2985=AXIS2_PLACEMENT_3D('Circle Axis2P3D',#2983,#2984,$) ;
#2997=AXIS2_PLACEMENT_3D('Circle Axis2P3D',#2995,#2996,$) ;
#3010=AXIS2_PLACEMENT_3D('Cone Axis2P3D',#3007,#3008,#3009) ;
#3028=AXIS2_PLACEMENT_3D('Circle Axis2P3D',#3026,#3027,$) ;
#3040=AXIS2_PLACEMENT_3D('Circle Axis2P3D',#3038,#3039,$) ;
#3053=AXIS2_PLACEMENT_3D('Cone Axis2P3D',#3050,#3051,#3052) ;
#3071=AXIS2_PLACEMENT_3D('Circle Axis2P3D',#3069,#3070,$) ;
#3083=AXIS2_PLACEMENT_3D('Circle Axis2P3D',#3081,#3082,$) ;
#3096=AXIS2_PLACEMENT_3D('Cone Axis2P3D',#3093,#3094,#3095) ;
#3114=AXIS2_PLACEMENT_3D('Circle Axis2P3D',#3112,#3113,$) ;
#3126=AXIS2_PLACEMENT_3D('Circle Axis2P3D',#3124,#3125,$) ;
#3139=AXIS2_PLACEMENT_3D('Cylinder Axis2P3D',#3136,#3137,#3138) ;
#3143=AXIS2_PLACEMENT_3D('Circle Axis2P3D',#3141,#3142,$) ;
#3148=AXIS2_PLACEMENT_3D('Circle Axis2P3D',#3146,#3147,$) ;
#3161=AXIS2_PLACEMENT_3D('Sphere Axis2P3D',#3158,#3159,#3160) ;
#3237=AXIS2_PLACEMENT_3D('Sphere Axis2P3D',#3234,#3235,#3236) ;
#3241=AXIS2_PLACEMENT_3D('Circle Axis2P3D',#3239,#3240,$) ;
#3246=AXIS2_PLACEMENT_3D('Circle Axis2P3D',#3244,#3245,$) ;
#3747=AXIS2_PLACEMENT_3D('Cylinder Axis2P3D',#3744,#3745,#3746) ;
#3751=AXIS2_PLACEMENT_3D('Circle Axis2P3D',#3749,#3750,$) ;
#3777=AXIS2_PLACEMENT_3D('Circle Axis2P3D',#3775,#3776,$) ;
#3790=AXIS2_PLACEMENT_3D('Cylinder Axis2P3D',#3787,#3788,#3789) ;
#3794=AXIS2_PLACEMENT_3D('Circle Axis2P3D',#3792,#3793,$) ;
#3820=AXIS2_PLACEMENT_3D('Circle Axis2P3D',#3818,#3819,$) ;
#3833=AXIS2_PLACEMENT_3D('Cylinder Axis2P3D',#3830,#3831,#3832) ;
#3837=AXIS2_PLACEMENT_3D('Circle Axis2P3D',#3835,#3836,$) ;
#3863=AXIS2_PLACEMENT_3D('Circle Axis2P3D',#3861,#3862,$) ;
#3876=AXIS2_PLACEMENT_3D('Cylinder Axis2P3D',#3873,#3874,#3875) ;
#3880=AXIS2_PLACEMENT_3D('Circle Axis2P3D',#3878,#3879,$) ;
#3906=AXIS2_PLACEMENT_3D('Circle Axis2P3D',#3904,#3905,$) ;
#3919=AXIS2_PLACEMENT_3D('Cylinder Axis2P3D',#3916,#3917,#3918) ;
#3923=AXIS2_PLACEMENT_3D('Circle Axis2P3D',#3921,#3922,$) ;
#3949=AXIS2_PLACEMENT_3D('Circle Axis2P3D',#3947,#3948,$) ;
#4099=AXIS2_PLACEMENT_3D('Cylinder Axis2P3D',#4096,#4097,#4098) ;
#4103=AXIS2_PLACEMENT_3D('Circle Axis2P3D',#4101,#4102,$) ;
#4116=AXIS2_PLACEMENT_3D('Sphere Axis2P3D',#4113,#4114,#4115) ;
#4120=AXIS2_PLACEMENT_3D('Circle Axis2P3D',#4118,#4119,$) ;
#4132=AXIS2_PLACEMENT_3D('Cylinder Axis2P3D',#4129,#4130,#4131) ;
#4136=AXIS2_PLACEMENT_3D('Circle Axis2P3D',#4134,#4135,$) ;
#4261=AXIS2_PLACEMENT_3D('Plane Axis2P3D',#4258,#4259,#4260) ;
#4316=AXIS2_PLACEMENT_3D('Cylinder Axis2P3D',#4313,#4314,#4315) ;
#4320=AXIS2_PLACEMENT_3D('Circle Axis2P3D',#4318,#4319,$) ;
#4325=AXIS2_PLACEMENT_3D('Circle Axis2P3D',#4323,#4324,$) ;
#4338=AXIS2_PLACEMENT_3D('Plane Axis2P3D',#4335,#4336,#4337) ;
#4350=AXIS2_PLACEMENT_3D('Plane Axis2P3D',#4347,#4348,#4349) ;
#4369=AXIS2_PLACEMENT_3D('Plane Axis2P3D',#4366,#4367,#4368) ;
#4388=AXIS2_PLACEMENT_3D('Plane Axis2P3D',#4385,#4386,#4387) ;
#4427=AXIS2_PLACEMENT_3D('Cone Axis2P3D',#4424,#4425,#4426) ;
#4438=AXIS2_PLACEMENT_3D('Circle Axis2P3D',#4436,#4437,$) ;
#5348=AXIS2_PLACEMENT_3D('Plane Axis2P3D',#5345,#5346,#5347) ;
#5378=AXIS2_PLACEMENT_3D('Cylinder Axis2P3D',#5375,#5376,#5377) ;
#5382=AXIS2_PLACEMENT_3D('Circle Axis2P3D',#5380,#5381,$) ;
#5389=AXIS2_PLACEMENT_3D('Circle Axis2P3D',#5387,#5388,$) ;
#5396=AXIS2_PLACEMENT_3D('Circle Axis2P3D',#5394,#5395,$) ;
#5403=AXIS2_PLACEMENT_3D('Circle Axis2P3D',#5401,#5402,$) ;
#5425=AXIS2_PLACEMENT_3D('Cylinder Axis2P3D',#5422,#5423,#5424) ;
#5437=AXIS2_PLACEMENT_3D('Cylinder Axis2P3D',#5434,#5435,#5436) ;
#5441=AXIS2_PLACEMENT_3D('Circle Axis2P3D',#5439,#5440,$) ;
#5583=AXIS2_PLACEMENT_3D('Circle Axis2P3D',#5581,#5582,$) ;
#5590=AXIS2_PLACEMENT_3D('Circle Axis2P3D',#5588,#5589,$) ;
#5708=AXIS2_PLACEMENT_3D('Cylinder Axis2P3D',#5705,#5706,#5707) ;
#5720=AXIS2_PLACEMENT_3D('Cylinder Axis2P3D',#5717,#5718,#5719) ;
#5724=AXIS2_PLACEMENT_3D('Circle Axis2P3D',#5722,#5723,$) ;
#5731=AXIS2_PLACEMENT_3D('Circle Axis2P3D',#5729,#5730,$) ;
#5749=AXIS2_PLACEMENT_3D('Circle Axis2P3D',#5747,#5748,$) ;
#5788=AXIS2_PLACEMENT_3D('Cylinder Axis2P3D',#5785,#5786,#5787) ;
#5808=AXIS2_PLACEMENT_3D('Plane Axis2P3D',#5805,#5806,#5807) ;
#5812=AXIS2_PLACEMENT_3D('Circle Axis2P3D',#5810,#5811,$) ;
#5863=AXIS2_PLACEMENT_3D('Cylinder Axis2P3D',#5860,#5861,#5862) ;
#5867=AXIS2_PLACEMENT_3D('Circle Axis2P3D',#5865,#5866,$) ;
#5880=AXIS2_PLACEMENT_3D('Plane Axis2P3D',#5877,#5878,#5879) ;
#5907=AXIS2_PLACEMENT_3D('Plane Axis2P3D',#5904,#5905,#5906) ;
#40=PRODUCT_DEFINITION_SHAPE(' ',' ',#14) ;
#31=APPROVAL_PERSON_ORGANIZATION(#25,#21,#19) ;
#25=PERSON_AND_ORGANIZATION(#22,#23) ;
#22=PERSON(' ',' ',' ',$,$,$) ;
#23=ORGANIZATION(' ',' ',' ') ;
#21=APPROVAL(#20,' ') ;
#20=APPROVAL_STATUS('not_yet_approved') ;
#19=APPROVAL_ROLE('APPROVER') ;
#13=DATE_AND_TIME(#11,#12) ;
#12=LOCAL_TIME(10,23,29.,#10) ;
#10=COORDINATED_UNIVERSAL_TIME_OFFSET(0,0,.AHEAD.) ;
#86=ORIENTED_EDGE('',*,*,#65,.F.) ;
#87=ORIENTED_EDGE('',*,*,#72,.F.) ;
#88=ORIENTED_EDGE('',*,*,#79,.T.) ;
#89=ORIENTED_EDGE('',*,*,#84,.T.) ;
#117=ORIENTED_EDGE('',*,*,#103,.F.) ;
#118=ORIENTED_EDGE('',*,*,#84,.F.) ;
#119=ORIENTED_EDGE('',*,*,#110,.T.) ;
#120=ORIENTED_EDGE('',*,*,#115,.T.) ;
#164=ORIENTED_EDGE('',*,*,#136,.F.) ;
#165=ORIENTED_EDGE('',*,*,#143,.T.) ;
#166=ORIENTED_EDGE('',*,*,#150,.F.) ;
#167=ORIENTED_EDGE('',*,*,#157,.F.) ;
#168=ORIENTED_EDGE('',*,*,#162,.F.) ;
#197=ORIENTED_EDGE('',*,*,#176,.F.) ;
#198=ORIENTED_EDGE('',*,*,#183,.F.) ;
#199=ORIENTED_EDGE('',*,*,#190,.F.) ;
#200=ORIENTED_EDGE('',*,*,#195,.F.) ;
#201=ORIENTED_EDGE('',*,*,#110,.F.) ;
#202=ORIENTED_EDGE('',*,*,#79,.F.) ;
#223=ORIENTED_EDGE('',*,*,#216,.F.) ;
#224=ORIENTED_EDGE('',*,*,#115,.F.) ;
#225=ORIENTED_EDGE('',*,*,#195,.T.) ;
#226=ORIENTED_EDGE('',*,*,#221,.T.) ;
#271=ORIENTED_EDGE('',*,*,#242,.F.) ;
#272=ORIENTED_EDGE('',*,*,#249,.F.) ;
#273=ORIENTED_EDGE('',*,*,#257,.T.) ;
#274=ORIENTED_EDGE('',*,*,#264,.F.) ;
#275=ORIENTED_EDGE('',*,*,#269,.F.) ;
#276=ORIENTED_EDGE('',*,*,#143,.F.) ;
#306=ORIENTED_EDGE('',*,*,#292,.F.) ;
#307=ORIENTED_EDGE('',*,*,#257,.F.) ;
#308=ORIENTED_EDGE('',*,*,#299,.T.) ;
#309=ORIENTED_EDGE('',*,*,#304,.T.) ;
#354=ORIENTED_EDGE('',*,*,#334,.F.) ;
#355=ORIENTED_EDGE('',*,*,#341,.F.) ;
#356=ORIENTED_EDGE('',*,*,#347,.F.) ;
#357=ORIENTED_EDGE('',*,*,#304,.F.) ;
#358=ORIENTED_EDGE('',*,*,#352,.T.) ;
#386=ORIENTED_EDGE('',*,*,#374,.F.) ;
#387=ORIENTED_EDGE('',*,*,#379,.F.) ;
#388=ORIENTED_EDGE('',*,*,#352,.F.) ;
#389=ORIENTED_EDGE('',*,*,#384,.T.) ;
#426=ORIENTED_EDGE('',*,*,#405,.T.) ;
#427=ORIENTED_EDGE('',*,*,#412,.T.) ;
#428=ORIENTED_EDGE('',*,*,#419,.F.) ;
#429=ORIENTED_EDGE('',*,*,#424,.F.) ;
#457=ORIENTED_EDGE('',*,*,#445,.T.) ;
#458=ORIENTED_EDGE('',*,*,#450,.T.) ;
#459=ORIENTED_EDGE('',*,*,#405,.F.) ;
#460=ORIENTED_EDGE('',*,*,#455,.F.) ;
#519=ORIENTED_EDGE('',*,*,#470,.F.) ;
#520=ORIENTED_EDGE('',*,*,#477,.T.) ;
#521=ORIENTED_EDGE('',*,*,#484,.T.) ;
#522=ORIENTED_EDGE('',*,*,#491,.T.) ;
#523=ORIENTED_EDGE('',*,*,#498,.F.) ;
#524=ORIENTED_EDGE('',*,*,#505,.T.) ;
#525=ORIENTED_EDGE('',*,*,#512,.T.) ;
#526=ORIENTED_EDGE('',*,*,#517,.T.) ;
#554=ORIENTED_EDGE('',*,*,#542,.T.) ;
#555=ORIENTED_EDGE('',*,*,#547,.T.) ;
#556=ORIENTED_EDGE('',*,*,#445,.F.) ;
#557=ORIENTED_EDGE('',*,*,#552,.F.) ;
#585=ORIENTED_EDGE('',*,*,#517,.F.) ;
#586=ORIENTED_EDGE('',*,*,#571,.F.) ;
#587=ORIENTED_EDGE('',*,*,#578,.T.) ;
#588=ORIENTED_EDGE('',*,*,#583,.T.) ;
#609=ORIENTED_EDGE('',*,*,#602,.F.) ;
#610=ORIENTED_EDGE('',*,*,#607,.T.) ;
#611=ORIENTED_EDGE('',*,*,#571,.T.) ;
#612=ORIENTED_EDGE('',*,*,#512,.F.) ;
#633=ORIENTED_EDGE('',*,*,#505,.F.) ;
#634=ORIENTED_EDGE('',*,*,#626,.F.) ;
#635=ORIENTED_EDGE('',*,*,#631,.T.) ;
#636=ORIENTED_EDGE('',*,*,#602,.T.) ;
#664=ORIENTED_EDGE('',*,*,#491,.F.) ;
#665=ORIENTED_EDGE('',*,*,#650,.F.) ;
#666=ORIENTED_EDGE('',*,*,#657,.T.) ;
#667=ORIENTED_EDGE('',*,*,#662,.T.) ;
#688=ORIENTED_EDGE('',*,*,#681,.F.) ;
#689=ORIENTED_EDGE('',*,*,#686,.T.) ;
#690=ORIENTED_EDGE('',*,*,#650,.T.) ;
#691=ORIENTED_EDGE('',*,*,#484,.F.) ;
#712=ORIENTED_EDGE('',*,*,#477,.F.) ;
#713=ORIENTED_EDGE('',*,*,#705,.F.) ;
#714=ORIENTED_EDGE('',*,*,#710,.T.) ;
#715=ORIENTED_EDGE('',*,*,#681,.T.) ;
#819=ORIENTED_EDGE('',*,*,#731,.T.) ;
#820=ORIENTED_EDGE('',*,*,#744,.T.) ;
#821=ORIENTED_EDGE('',*,*,#751,.T.) ;
#822=ORIENTED_EDGE('',*,*,#779,.T.) ;
#823=ORIENTED_EDGE('',*,*,#786,.T.) ;
#824=ORIENTED_EDGE('',*,*,#793,.T.) ;
#825=ORIENTED_EDGE('',*,*,#800,.T.) ;
#826=ORIENTED_EDGE('',*,*,#807,.T.) ;
#827=ORIENTED_EDGE('',*,*,#812,.T.) ;
#828=ORIENTED_EDGE('',*,*,#542,.F.) ;
#829=ORIENTED_EDGE('',*,*,#817,.F.) ;
#874=ORIENTED_EDGE('',*,*,#839,.F.) ;
#875=ORIENTED_EDGE('',*,*,#846,.T.) ;
#876=ORIENTED_EDGE('',*,*,#853,.F.) ;
#877=ORIENTED_EDGE('',*,*,#860,.T.) ;
#878=ORIENTED_EDGE('',*,*,#867,.F.) ;
#879=ORIENTED_EDGE('',*,*,#872,.T.) ;
#916=ORIENTED_EDGE('',*,*,#895,.T.) ;
#917=ORIENTED_EDGE('',*,*,#902,.F.) ;
#918=ORIENTED_EDGE('',*,*,#909,.F.) ;
#919=ORIENTED_EDGE('',*,*,#914,.F.) ;
#932=ORIENTED_EDGE('',*,*,#578,.F.) ;
#933=ORIENTED_EDGE('',*,*,#607,.F.) ;
#934=ORIENTED_EDGE('',*,*,#631,.F.) ;
#935=ORIENTED_EDGE('',*,*,#925,.F.) ;
#936=ORIENTED_EDGE('',*,*,#657,.F.) ;
#937=ORIENTED_EDGE('',*,*,#686,.F.) ;
#938=ORIENTED_EDGE('',*,*,#710,.F.) ;
#939=ORIENTED_EDGE('',*,*,#930,.F.) ;
#968=ORIENTED_EDGE('',*,*,#954,.T.) ;
#969=ORIENTED_EDGE('',*,*,#800,.F.) ;
#970=ORIENTED_EDGE('',*,*,#961,.T.) ;
#971=ORIENTED_EDGE('',*,*,#966,.T.) ;
#992=ORIENTED_EDGE('',*,*,#985,.T.) ;
#993=ORIENTED_EDGE('',*,*,#990,.T.) ;
#994=ORIENTED_EDGE('',*,*,#961,.F.) ;
#995=ORIENTED_EDGE('',*,*,#793,.F.) ;
#1016=ORIENTED_EDGE('',*,*,#1009,.T.) ;
#1017=ORIENTED_EDGE('',*,*,#1014,.T.) ;
#1018=ORIENTED_EDGE('',*,*,#985,.F.) ;
#1019=ORIENTED_EDGE('',*,*,#786,.F.) ;
#1104=ORIENTED_EDGE('',*,*,#1076,.T.) ;
#1105=ORIENTED_EDGE('',*,*,#1102,.T.) ;
#1106=ORIENTED_EDGE('',*,*,#1009,.F.) ;
#1107=ORIENTED_EDGE('',*,*,#779,.F.) ;
#1126=ORIENTED_EDGE('',*,*,#1120,.T.) ;
#1127=ORIENTED_EDGE('',*,*,#1124,.T.) ;
#1128=ORIENTED_EDGE('',*,*,#1076,.F.) ;
#1129=ORIENTED_EDGE('',*,*,#751,.F.) ;
#1230=ORIENTED_EDGE('',*,*,#1214,.T.) ;
#1231=ORIENTED_EDGE('',*,*,#1228,.T.) ;
#1232=ORIENTED_EDGE('',*,*,#1120,.F.) ;
#1233=ORIENTED_EDGE('',*,*,#744,.F.) ;
#1253=ORIENTED_EDGE('',*,*,#1247,.T.) ;
#1254=ORIENTED_EDGE('',*,*,#1214,.F.) ;
#1255=ORIENTED_EDGE('',*,*,#731,.F.) ;
#1256=ORIENTED_EDGE('',*,*,#1251,.T.) ;
#1279=ORIENTED_EDGE('',*,*,#1265,.T.) ;
#1280=ORIENTED_EDGE('',*,*,#1272,.F.) ;
#1281=ORIENTED_EDGE('',*,*,#1277,.F.) ;
#1282=ORIENTED_EDGE('',*,*,#872,.F.) ;
#1305=ORIENTED_EDGE('',*,*,#1291,.T.) ;
#1306=ORIENTED_EDGE('',*,*,#1298,.F.) ;
#1307=ORIENTED_EDGE('',*,*,#1303,.F.) ;
#1308=ORIENTED_EDGE('',*,*,#860,.F.) ;
#1336=ORIENTED_EDGE('',*,*,#1322,.T.) ;
#1337=ORIENTED_EDGE('',*,*,#1329,.F.) ;
#1338=ORIENTED_EDGE('',*,*,#1334,.F.) ;
#1339=ORIENTED_EDGE('',*,*,#846,.F.) ;
#1370=ORIENTED_EDGE('',*,*,#990,.F.) ;
#1371=ORIENTED_EDGE('',*,*,#1353,.T.) ;
#1372=ORIENTED_EDGE('',*,*,#1363,.F.) ;
#1373=ORIENTED_EDGE('',*,*,#1368,.F.) ;
#1413=ORIENTED_EDGE('',*,*,#1014,.F.) ;
#1414=ORIENTED_EDGE('',*,*,#1393,.T.) ;
#1415=ORIENTED_EDGE('',*,*,#1400,.F.) ;
#1416=ORIENTED_EDGE('',*,*,#1411,.F.) ;
#1417=ORIENTED_EDGE('',*,*,#1353,.F.) ;
#1588=ORIENTED_EDGE('',*,*,#1102,.F.) ;
#1589=ORIENTED_EDGE('',*,*,#1541,.F.) ;
#1590=ORIENTED_EDGE('',*,*,#1550,.T.) ;
#1591=ORIENTED_EDGE('',*,*,#1578,.T.) ;
#1592=ORIENTED_EDGE('',*,*,#1586,.F.) ;
#1593=ORIENTED_EDGE('',*,*,#1393,.F.) ;
#1625=ORIENTED_EDGE('',*,*,#1124,.F.) ;
#1626=ORIENTED_EDGE('',*,*,#1605,.T.) ;
#1627=ORIENTED_EDGE('',*,*,#1618,.T.) ;
#1628=ORIENTED_EDGE('',*,*,#1623,.T.) ;
#1629=ORIENTED_EDGE('',*,*,#1541,.T.) ;
#1718=ORIENTED_EDGE('',*,*,#1228,.F.) ;
#1719=ORIENTED_EDGE('',*,*,#1695,.T.) ;
#1720=ORIENTED_EDGE('',*,*,#1708,.T.) ;
#1721=ORIENTED_EDGE('',*,*,#1716,.F.) ;
#1722=ORIENTED_EDGE('',*,*,#1605,.F.) ;
#1746=ORIENTED_EDGE('',*,*,#1739,.T.) ;
#1747=ORIENTED_EDGE('',*,*,#1744,.T.) ;
#1748=ORIENTED_EDGE('',*,*,#1695,.F.) ;
#1749=ORIENTED_EDGE('',*,*,#1247,.F.) ;
#1795=ORIENTED_EDGE('',*,*,#1767,.F.) ;
#1796=ORIENTED_EDGE('',*,*,#1772,.F.) ;
#1797=ORIENTED_EDGE('',*,*,#1578,.F.) ;
#1798=ORIENTED_EDGE('',*,*,#1779,.T.) ;
#1799=ORIENTED_EDGE('',*,*,#1788,.T.) ;
#1800=ORIENTED_EDGE('',*,*,#1793,.F.) ;
#1821=ORIENTED_EDGE('',*,*,#1814,.T.) ;
#1822=ORIENTED_EDGE('',*,*,#1819,.F.) ;
#1823=ORIENTED_EDGE('',*,*,#1550,.F.) ;
#1844=ORIENTED_EDGE('',*,*,#1837,.T.) ;
#1845=ORIENTED_EDGE('',*,*,#1842,.T.) ;
#1846=ORIENTED_EDGE('',*,*,#1814,.F.) ;
#1847=ORIENTED_EDGE('',*,*,#1623,.F.) ;
#1917=ORIENTED_EDGE('',*,*,#1716,.T.) ;
#1918=ORIENTED_EDGE('',*,*,#1915,.T.) ;
#1919=ORIENTED_EDGE('',*,*,#1837,.F.) ;
#1920=ORIENTED_EDGE('',*,*,#1618,.F.) ;
#1963=ORIENTED_EDGE('',*,*,#1708,.F.) ;
#1964=ORIENTED_EDGE('',*,*,#1934,.T.) ;
#1965=ORIENTED_EDGE('',*,*,#1941,.F.) ;
#1966=ORIENTED_EDGE('',*,*,#1948,.F.) ;
#1967=ORIENTED_EDGE('',*,*,#1956,.T.) ;
#1968=ORIENTED_EDGE('',*,*,#1961,.T.) ;
#2132=ORIENTED_EDGE('',*,*,#2092,.T.) ;
#2133=ORIENTED_EDGE('',*,*,#1788,.F.) ;
#2134=ORIENTED_EDGE('',*,*,#2101,.T.) ;
#2135=ORIENTED_EDGE('',*,*,#2130,.T.) ;
#2149=ORIENTED_EDGE('',*,*,#1819,.T.) ;
#2150=ORIENTED_EDGE('',*,*,#2147,.T.) ;
#2151=ORIENTED_EDGE('',*,*,#2101,.F.) ;
#2152=ORIENTED_EDGE('',*,*,#1779,.F.) ;
#2173=ORIENTED_EDGE('',*,*,#2166,.F.) ;
#2174=ORIENTED_EDGE('',*,*,#2171,.F.) ;
#2175=ORIENTED_EDGE('',*,*,#2147,.F.) ;
#2176=ORIENTED_EDGE('',*,*,#1842,.F.) ;
#2190=ORIENTED_EDGE('',*,*,#1961,.F.) ;
#2191=ORIENTED_EDGE('',*,*,#2188,.F.) ;
#2192=ORIENTED_EDGE('',*,*,#2166,.T.) ;
#2193=ORIENTED_EDGE('',*,*,#1915,.F.) ;
#2216=ORIENTED_EDGE('',*,*,#1956,.F.) ;
#2217=ORIENTED_EDGE('',*,*,#2209,.F.) ;
#2218=ORIENTED_EDGE('',*,*,#2214,.F.) ;
#2219=ORIENTED_EDGE('',*,*,#2188,.T.) ;
#2241=ORIENTED_EDGE('',*,*,#2130,.F.) ;
#2242=ORIENTED_EDGE('',*,*,#2171,.T.) ;
#2243=ORIENTED_EDGE('',*,*,#2214,.T.) ;
#2244=ORIENTED_EDGE('',*,*,#2234,.F.) ;
#2245=ORIENTED_EDGE('',*,*,#2239,.F.) ;
#2285=ORIENTED_EDGE('',*,*,#2261,.T.) ;
#2286=ORIENTED_EDGE('',*,*,#2268,.F.) ;
#2287=ORIENTED_EDGE('',*,*,#2278,.T.) ;
#2288=ORIENTED_EDGE('',*,*,#2283,.T.) ;
#2343=ORIENTED_EDGE('',*,*,#2305,.F.) ;
#2344=ORIENTED_EDGE('',*,*,#2313,.F.) ;
#2345=ORIENTED_EDGE('',*,*,#2320,.F.) ;
#2346=ORIENTED_EDGE('',*,*,#2336,.F.) ;
#2347=ORIENTED_EDGE('',*,*,#2341,.T.) ;
#2414=ORIENTED_EDGE('',*,*,#2363,.T.) ;
#2415=ORIENTED_EDGE('',*,*,#2372,.T.) ;
#2416=ORIENTED_EDGE('',*,*,#2379,.F.) ;
#2417=ORIENTED_EDGE('',*,*,#2388,.T.) ;
#2418=ORIENTED_EDGE('',*,*,#2395,.T.) ;
#2419=ORIENTED_EDGE('',*,*,#2412,.F.) ;
#2474=ORIENTED_EDGE('',*,*,#2435,.T.) ;
#2475=ORIENTED_EDGE('',*,*,#2451,.T.) ;
#2476=ORIENTED_EDGE('',*,*,#2456,.F.) ;
#2477=ORIENTED_EDGE('',*,*,#2466,.T.) ;
#2478=ORIENTED_EDGE('',*,*,#2472,.T.) ;
#2515=ORIENTED_EDGE('',*,*,#2494,.F.) ;
#2516=ORIENTED_EDGE('',*,*,#2501,.F.) ;
#2517=ORIENTED_EDGE('',*,*,#2508,.T.) ;
#2518=ORIENTED_EDGE('',*,*,#2513,.T.) ;
#2532=ORIENTED_EDGE('',*,*,#2525,.F.) ;
#2533=ORIENTED_EDGE('',*,*,#2513,.F.) ;
#2534=ORIENTED_EDGE('',*,*,#2530,.T.) ;
#2535=ORIENTED_EDGE('',*,*,#2501,.T.) ;
#2572=ORIENTED_EDGE('',*,*,#2551,.F.) ;
#2573=ORIENTED_EDGE('',*,*,#2558,.F.) ;
#2574=ORIENTED_EDGE('',*,*,#2565,.T.) ;
#2575=ORIENTED_EDGE('',*,*,#2570,.T.) ;
#2589=ORIENTED_EDGE('',*,*,#2582,.F.) ;
#2590=ORIENTED_EDGE('',*,*,#2570,.F.) ;
#2591=ORIENTED_EDGE('',*,*,#2587,.T.) ;
#2592=ORIENTED_EDGE('',*,*,#2558,.T.) ;
#2629=ORIENTED_EDGE('',*,*,#2608,.F.) ;
#2630=ORIENTED_EDGE('',*,*,#2615,.F.) ;
#2631=ORIENTED_EDGE('',*,*,#2622,.T.) ;
#2632=ORIENTED_EDGE('',*,*,#2627,.T.) ;
#2646=ORIENTED_EDGE('',*,*,#2639,.F.) ;
#2647=ORIENTED_EDGE('',*,*,#2627,.F.) ;
#2648=ORIENTED_EDGE('',*,*,#2644,.T.) ;
#2649=ORIENTED_EDGE('',*,*,#2615,.T.) ;
#2686=ORIENTED_EDGE('',*,*,#2665,.F.) ;
#2687=ORIENTED_EDGE('',*,*,#2672,.F.) ;
#2688=ORIENTED_EDGE('',*,*,#2679,.T.) ;
#2689=ORIENTED_EDGE('',*,*,#2684,.T.) ;
#2703=ORIENTED_EDGE('',*,*,#2696,.F.) ;
#2704=ORIENTED_EDGE('',*,*,#2684,.F.) ;
#2705=ORIENTED_EDGE('',*,*,#2701,.T.) ;
#2706=ORIENTED_EDGE('',*,*,#2672,.T.) ;
#2743=ORIENTED_EDGE('',*,*,#2722,.F.) ;
#2744=ORIENTED_EDGE('',*,*,#2729,.F.) ;
#2745=ORIENTED_EDGE('',*,*,#2736,.T.) ;
#2746=ORIENTED_EDGE('',*,*,#2741,.T.) ;
#2760=ORIENTED_EDGE('',*,*,#2753,.F.) ;
#2761=ORIENTED_EDGE('',*,*,#2741,.F.) ;
#2762=ORIENTED_EDGE('',*,*,#2758,.T.) ;
#2763=ORIENTED_EDGE('',*,*,#2729,.T.) ;
#2806=ORIENTED_EDGE('',*,*,#2773,.T.) ;
#2807=ORIENTED_EDGE('',*,*,#2283,.F.) ;
#2808=ORIENTED_EDGE('',*,*,#2786,.T.) ;
#2809=ORIENTED_EDGE('',*,*,#2793,.T.) ;
#2810=ORIENTED_EDGE('',*,*,#2804,.T.) ;
#2858=ORIENTED_EDGE('',*,*,#2313,.T.) ;
#2859=ORIENTED_EDGE('',*,*,#2856,.F.) ;
#2860=ORIENTED_EDGE('',*,*,#2278,.F.) ;
#2876=ORIENTED_EDGE('',*,*,#2869,.F.) ;
#2877=ORIENTED_EDGE('',*,*,#2874,.F.) ;
#2878=ORIENTED_EDGE('',*,*,#2341,.F.) ;
#2897=ORIENTED_EDGE('',*,*,#2890,.T.) ;
#2898=ORIENTED_EDGE('',*,*,#2869,.T.) ;
#2899=ORIENTED_EDGE('',*,*,#2895,.F.) ;
#2900=ORIENTED_EDGE('',*,*,#2363,.F.) ;
#2916=ORIENTED_EDGE('',*,*,#2435,.F.) ;
#2917=ORIENTED_EDGE('',*,*,#2909,.T.) ;
#2918=ORIENTED_EDGE('',*,*,#2914,.T.) ;
#2946=ORIENTED_EDGE('',*,*,#2932,.T.) ;
#2947=ORIENTED_EDGE('',*,*,#2508,.F.) ;
#2948=ORIENTED_EDGE('',*,*,#2939,.F.) ;
#2949=ORIENTED_EDGE('',*,*,#2944,.T.) ;
#2958=ORIENTED_EDGE('',*,*,#2939,.T.) ;
#2959=ORIENTED_EDGE('',*,*,#2530,.F.) ;
#2960=ORIENTED_EDGE('',*,*,#2932,.F.) ;
#2961=ORIENTED_EDGE('',*,*,#2956,.T.) ;
#2989=ORIENTED_EDGE('',*,*,#2975,.T.) ;
#2990=ORIENTED_EDGE('',*,*,#2565,.F.) ;
#2991=ORIENTED_EDGE('',*,*,#2982,.F.) ;
#2992=ORIENTED_EDGE('',*,*,#2987,.T.) ;
#3001=ORIENTED_EDGE('',*,*,#2982,.T.) ;
#3002=ORIENTED_EDGE('',*,*,#2587,.F.) ;
#3003=ORIENTED_EDGE('',*,*,#2975,.F.) ;
#3004=ORIENTED_EDGE('',*,*,#2999,.T.) ;
#3032=ORIENTED_EDGE('',*,*,#3018,.T.) ;
#3033=ORIENTED_EDGE('',*,*,#2622,.F.) ;
#3034=ORIENTED_EDGE('',*,*,#3025,.F.) ;
#3035=ORIENTED_EDGE('',*,*,#3030,.T.) ;
#3044=ORIENTED_EDGE('',*,*,#3025,.T.) ;
#3045=ORIENTED_EDGE('',*,*,#2644,.F.) ;
#3046=ORIENTED_EDGE('',*,*,#3018,.F.) ;
#3047=ORIENTED_EDGE('',*,*,#3042,.T.) ;
#3075=ORIENTED_EDGE('',*,*,#3061,.T.) ;
#3076=ORIENTED_EDGE('',*,*,#2679,.F.) ;
#3077=ORIENTED_EDGE('',*,*,#3068,.F.) ;
#3078=ORIENTED_EDGE('',*,*,#3073,.T.) ;
#3087=ORIENTED_EDGE('',*,*,#3068,.T.) ;
#3088=ORIENTED_EDGE('',*,*,#2701,.F.) ;
#3089=ORIENTED_EDGE('',*,*,#3061,.F.) ;
#3090=ORIENTED_EDGE('',*,*,#3085,.T.) ;
#3118=ORIENTED_EDGE('',*,*,#3104,.T.) ;
#3119=ORIENTED_EDGE('',*,*,#2736,.F.) ;
#3120=ORIENTED_EDGE('',*,*,#3111,.F.) ;
#3121=ORIENTED_EDGE('',*,*,#3116,.T.) ;
#3130=ORIENTED_EDGE('',*,*,#3111,.T.) ;
#3131=ORIENTED_EDGE('',*,*,#2758,.F.) ;
#3132=ORIENTED_EDGE('',*,*,#3104,.F.) ;
#3133=ORIENTED_EDGE('',*,*,#3128,.T.) ;
#3152=ORIENTED_EDGE('',*,*,#3145,.T.) ;
#3153=ORIENTED_EDGE('',*,*,#2874,.T.) ;
#3154=ORIENTED_EDGE('',*,*,#3150,.F.) ;
#3155=ORIENTED_EDGE('',*,*,#2793,.F.) ;
#3229=ORIENTED_EDGE('',*,*,#3150,.T.) ;
#3230=ORIENTED_EDGE('',*,*,#2890,.F.) ;
#3231=ORIENTED_EDGE('',*,*,#3227,.F.) ;
#3260=ORIENTED_EDGE('',*,*,#3243,.T.) ;
#3261=ORIENTED_EDGE('',*,*,#3250,.F.) ;
#3262=ORIENTED_EDGE('',*,*,#3258,.F.) ;
#3405=ORIENTED_EDGE('',*,*,#3392,.T.) ;
#3406=ORIENTED_EDGE('',*,*,#2804,.F.) ;
#3407=ORIENTED_EDGE('',*,*,#3227,.T.) ;
#3408=ORIENTED_EDGE('',*,*,#2412,.T.) ;
#3409=ORIENTED_EDGE('',*,*,#3258,.T.) ;
#3410=ORIENTED_EDGE('',*,*,#3403,.F.) ;
#3469=ORIENTED_EDGE('',*,*,#2856,.T.) ;
#3470=ORIENTED_EDGE('',*,*,#2305,.T.) ;
#3471=ORIENTED_EDGE('',*,*,#3145,.F.) ;
#3472=ORIENTED_EDGE('',*,*,#2786,.F.) ;
#3599=ORIENTED_EDGE('',*,*,#3597,.T.) ;
#3600=ORIENTED_EDGE('',*,*,#2372,.F.) ;
#3601=ORIENTED_EDGE('',*,*,#2895,.T.) ;
#3602=ORIENTED_EDGE('',*,*,#2336,.T.) ;
#3645=ORIENTED_EDGE('',*,*,#3612,.T.) ;
#3646=ORIENTED_EDGE('',*,*,#3403,.T.) ;
#3647=ORIENTED_EDGE('',*,*,#3619,.T.) ;
#3648=ORIENTED_EDGE('',*,*,#3635,.T.) ;
#3649=ORIENTED_EDGE('',*,*,#3643,.T.) ;
#3738=ORIENTED_EDGE('',*,*,#3714,.T.) ;
#3739=ORIENTED_EDGE('',*,*,#3728,.T.) ;
#3740=ORIENTED_EDGE('',*,*,#3736,.F.) ;
#3741=ORIENTED_EDGE('',*,*,#3635,.F.) ;
#3769=ORIENTED_EDGE('',*,*,#3757,.T.) ;
#3770=ORIENTED_EDGE('',*,*,#3762,.T.) ;
#3771=ORIENTED_EDGE('',*,*,#2987,.F.) ;
#3772=ORIENTED_EDGE('',*,*,#3767,.F.) ;
#3781=ORIENTED_EDGE('',*,*,#3779,.T.) ;
#3782=ORIENTED_EDGE('',*,*,#3767,.T.) ;
#3783=ORIENTED_EDGE('',*,*,#2999,.F.) ;
#3784=ORIENTED_EDGE('',*,*,#3762,.F.) ;
#3812=ORIENTED_EDGE('',*,*,#3800,.T.) ;
#3813=ORIENTED_EDGE('',*,*,#3805,.T.) ;
#3814=ORIENTED_EDGE('',*,*,#2956,.F.) ;
#3815=ORIENTED_EDGE('',*,*,#3810,.F.) ;
#3824=ORIENTED_EDGE('',*,*,#3822,.T.) ;
#3825=ORIENTED_EDGE('',*,*,#3810,.T.) ;
#3826=ORIENTED_EDGE('',*,*,#2944,.F.) ;
#3827=ORIENTED_EDGE('',*,*,#3805,.F.) ;
#3855=ORIENTED_EDGE('',*,*,#3843,.T.) ;
#3856=ORIENTED_EDGE('',*,*,#3848,.T.) ;
#3857=ORIENTED_EDGE('',*,*,#3085,.F.) ;
#3858=ORIENTED_EDGE('',*,*,#3853,.F.) ;
#3867=ORIENTED_EDGE('',*,*,#3865,.T.) ;
#3868=ORIENTED_EDGE('',*,*,#3853,.T.) ;
#3869=ORIENTED_EDGE('',*,*,#3073,.F.) ;
#3870=ORIENTED_EDGE('',*,*,#3848,.F.) ;
#3898=ORIENTED_EDGE('',*,*,#3886,.T.) ;
#3899=ORIENTED_EDGE('',*,*,#3891,.T.) ;
#3900=ORIENTED_EDGE('',*,*,#3128,.F.) ;
#3901=ORIENTED_EDGE('',*,*,#3896,.F.) ;
#3910=ORIENTED_EDGE('',*,*,#3908,.T.) ;
#3911=ORIENTED_EDGE('',*,*,#3896,.T.) ;
#3912=ORIENTED_EDGE('',*,*,#3116,.F.) ;
#3913=ORIENTED_EDGE('',*,*,#3891,.F.) ;
#3941=ORIENTED_EDGE('',*,*,#3929,.T.) ;
#3942=ORIENTED_EDGE('',*,*,#3934,.T.) ;
#3943=ORIENTED_EDGE('',*,*,#3042,.F.) ;
#3944=ORIENTED_EDGE('',*,*,#3939,.F.) ;
#3953=ORIENTED_EDGE('',*,*,#3951,.T.) ;
#3954=ORIENTED_EDGE('',*,*,#3939,.T.) ;
#3955=ORIENTED_EDGE('',*,*,#3030,.F.) ;
#3956=ORIENTED_EDGE('',*,*,#3934,.F.) ;
#4090=ORIENTED_EDGE('',*,*,#4081,.T.) ;
#4091=ORIENTED_EDGE('',*,*,#2451,.F.) ;
#4092=ORIENTED_EDGE('',*,*,#4088,.T.) ;
#4093=ORIENTED_EDGE('',*,*,#1767,.T.) ;
#4107=ORIENTED_EDGE('',*,*,#4105,.T.) ;
#4108=ORIENTED_EDGE('',*,*,#1772,.T.) ;
#4109=ORIENTED_EDGE('',*,*,#4088,.F.) ;
#4110=ORIENTED_EDGE('',*,*,#2914,.F.) ;
#4124=ORIENTED_EDGE('',*,*,#4122,.T.) ;
#4125=ORIENTED_EDGE('',*,*,#1586,.T.) ;
#4126=ORIENTED_EDGE('',*,*,#4105,.F.) ;
#4140=ORIENTED_EDGE('',*,*,#4138,.T.) ;
#4141=ORIENTED_EDGE('',*,*,#1400,.T.) ;
#4142=ORIENTED_EDGE('',*,*,#4122,.F.) ;
#4143=ORIENTED_EDGE('',*,*,#2909,.F.) ;
#4209=ORIENTED_EDGE('',*,*,#4207,.T.) ;
#4210=ORIENTED_EDGE('',*,*,#1411,.T.) ;
#4211=ORIENTED_EDGE('',*,*,#4138,.F.) ;
#4212=ORIENTED_EDGE('',*,*,#2472,.F.) ;
#4253=ORIENTED_EDGE('',*,*,#1363,.T.) ;
#4254=ORIENTED_EDGE('',*,*,#4207,.F.) ;
#4255=ORIENTED_EDGE('',*,*,#2466,.F.) ;
#4283=ORIENTED_EDGE('',*,*,#1744,.F.) ;
#4284=ORIENTED_EDGE('',*,*,#4269,.F.) ;
#4285=ORIENTED_EDGE('',*,*,#4276,.T.) ;
#4286=ORIENTED_EDGE('',*,*,#4281,.F.) ;
#4287=ORIENTED_EDGE('',*,*,#1934,.F.) ;
#4305=ORIENTED_EDGE('',*,*,#1272,.T.) ;
#4306=ORIENTED_EDGE('',*,*,#4293,.T.) ;
#4307=ORIENTED_EDGE('',*,*,#1298,.T.) ;
#4308=ORIENTED_EDGE('',*,*,#4298,.T.) ;
#4309=ORIENTED_EDGE('',*,*,#1329,.T.) ;
#4310=ORIENTED_EDGE('',*,*,#4303,.T.) ;
#4329=ORIENTED_EDGE('',*,*,#909,.T.) ;
#4330=ORIENTED_EDGE('',*,*,#4322,.F.) ;
#4331=ORIENTED_EDGE('',*,*,#4276,.F.) ;
#4332=ORIENTED_EDGE('',*,*,#4327,.F.) ;
#4341=ORIENTED_EDGE('',*,*,#839,.T.) ;
#4342=ORIENTED_EDGE('',*,*,#1277,.T.) ;
#4343=ORIENTED_EDGE('',*,*,#4303,.F.) ;
#4344=ORIENTED_EDGE('',*,*,#1322,.F.) ;
#4353=ORIENTED_EDGE('',*,*,#853,.T.) ;
#4354=ORIENTED_EDGE('',*,*,#1334,.T.) ;
#4355=ORIENTED_EDGE('',*,*,#4298,.F.) ;
#4356=ORIENTED_EDGE('',*,*,#1291,.F.) ;
#4360=ORIENTED_EDGE('',*,*,#1303,.T.) ;
#4361=ORIENTED_EDGE('',*,*,#4293,.F.) ;
#4362=ORIENTED_EDGE('',*,*,#1265,.F.) ;
#4363=ORIENTED_EDGE('',*,*,#867,.T.) ;
#4372=ORIENTED_EDGE('',*,*,#470,.T.) ;
#4373=ORIENTED_EDGE('',*,*,#583,.F.) ;
#4374=ORIENTED_EDGE('',*,*,#930,.T.) ;
#4375=ORIENTED_EDGE('',*,*,#705,.T.) ;
#4379=ORIENTED_EDGE('',*,*,#498,.T.) ;
#4380=ORIENTED_EDGE('',*,*,#662,.F.) ;
#4381=ORIENTED_EDGE('',*,*,#925,.T.) ;
#4382=ORIENTED_EDGE('',*,*,#626,.T.) ;
#4418=ORIENTED_EDGE('',*,*,#4399,.T.) ;
#4419=ORIENTED_EDGE('',*,*,#4404,.F.) ;
#4420=ORIENTED_EDGE('',*,*,#4411,.T.) ;
#4421=ORIENTED_EDGE('',*,*,#4416,.T.) ;
#4442=ORIENTED_EDGE('',*,*,#4435,.T.) ;
#4443=ORIENTED_EDGE('',*,*,#4440,.T.) ;
#4444=ORIENTED_EDGE('',*,*,#4411,.F.) ;
#4445=ORIENTED_EDGE('',*,*,#2261,.F.) ;
#4651=ORIENTED_EDGE('',*,*,#4620,.T.) ;
#4652=ORIENTED_EDGE('',*,*,#4649,.T.) ;
#4653=ORIENTED_EDGE('',*,*,#4435,.F.) ;
#4654=ORIENTED_EDGE('',*,*,#2773,.F.) ;
#4923=ORIENTED_EDGE('',*,*,#4883,.T.) ;
#4924=ORIENTED_EDGE('',*,*,#4921,.T.) ;
#4925=ORIENTED_EDGE('',*,*,#4620,.F.) ;
#4926=ORIENTED_EDGE('',*,*,#3392,.F.) ;
#5195=ORIENTED_EDGE('',*,*,#5155,.T.) ;
#5196=ORIENTED_EDGE('',*,*,#5193,.T.) ;
#5197=ORIENTED_EDGE('',*,*,#4883,.F.) ;
#5198=ORIENTED_EDGE('',*,*,#3612,.F.) ;
#5339=ORIENTED_EDGE('',*,*,#5303,.T.) ;
#5340=ORIENTED_EDGE('',*,*,#5320,.T.) ;
#5341=ORIENTED_EDGE('',*,*,#5155,.F.) ;
#5342=ORIENTED_EDGE('',*,*,#5337,.F.) ;
#5369=ORIENTED_EDGE('',*,*,#5356,.T.) ;
#5370=ORIENTED_EDGE('',*,*,#5303,.F.) ;
#5371=ORIENTED_EDGE('',*,*,#5363,.F.) ;
#5372=ORIENTED_EDGE('',*,*,#5367,.T.) ;
#5412=ORIENTED_EDGE('',*,*,#5386,.T.) ;
#5413=ORIENTED_EDGE('',*,*,#807,.F.) ;
#5414=ORIENTED_EDGE('',*,*,#954,.F.) ;
#5415=ORIENTED_EDGE('',*,*,#5393,.T.) ;
#5416=ORIENTED_EDGE('',*,*,#5400,.F.) ;
#5417=ORIENTED_EDGE('',*,*,#5405,.T.) ;
#5418=ORIENTED_EDGE('',*,*,#4399,.F.) ;
#5419=ORIENTED_EDGE('',*,*,#5410,.T.) ;
#5428=ORIENTED_EDGE('',*,*,#3250,.T.) ;
#5429=ORIENTED_EDGE('',*,*,#374,.T.) ;
#5430=ORIENTED_EDGE('',*,*,#3714,.F.) ;
#5431=ORIENTED_EDGE('',*,*,#3619,.F.) ;
#5445=ORIENTED_EDGE('',*,*,#5443,.T.) ;
#5446=ORIENTED_EDGE('',*,*,#379,.T.) ;
#5447=ORIENTED_EDGE('',*,*,#3243,.F.) ;
#5448=ORIENTED_EDGE('',*,*,#2395,.F.) ;
#5575=ORIENTED_EDGE('',*,*,#5573,.T.) ;
#5576=ORIENTED_EDGE('',*,*,#334,.T.) ;
#5577=ORIENTED_EDGE('',*,*,#5443,.F.) ;
#5578=ORIENTED_EDGE('',*,*,#2388,.F.) ;
#5594=ORIENTED_EDGE('',*,*,#5393,.F.) ;
#5595=ORIENTED_EDGE('',*,*,#966,.F.) ;
#5596=ORIENTED_EDGE('',*,*,#1368,.T.) ;
#5597=ORIENTED_EDGE('',*,*,#2456,.T.) ;
#5598=ORIENTED_EDGE('',*,*,#4081,.F.) ;
#5599=ORIENTED_EDGE('',*,*,#1793,.T.) ;
#5600=ORIENTED_EDGE('',*,*,#2092,.F.) ;
#5601=ORIENTED_EDGE('',*,*,#2239,.T.) ;
#5602=ORIENTED_EDGE('',*,*,#5587,.F.) ;
#5603=ORIENTED_EDGE('',*,*,#5592,.F.) ;
#5604=ORIENTED_EDGE('',*,*,#341,.T.) ;
#5605=ORIENTED_EDGE('',*,*,#5573,.F.) ;
#5606=ORIENTED_EDGE('',*,*,#2379,.T.) ;
#5607=ORIENTED_EDGE('',*,*,#3597,.F.) ;
#5608=ORIENTED_EDGE('',*,*,#2320,.T.) ;
#5609=ORIENTED_EDGE('',*,*,#2268,.T.) ;
#5610=ORIENTED_EDGE('',*,*,#4404,.T.) ;
#5611=ORIENTED_EDGE('',*,*,#5405,.F.) ;
#5612=ORIENTED_EDGE('',*,*,#5400,.T.) ;
#5615=ORIENTED_EDGE('',*,*,#2525,.T.) ;
#5616=ORIENTED_EDGE('',*,*,#2494,.T.) ;
#5619=ORIENTED_EDGE('',*,*,#2582,.T.) ;
#5620=ORIENTED_EDGE('',*,*,#2551,.T.) ;
#5623=ORIENTED_EDGE('',*,*,#2639,.T.) ;
#5624=ORIENTED_EDGE('',*,*,#2608,.T.) ;
#5627=ORIENTED_EDGE('',*,*,#2696,.T.) ;
#5628=ORIENTED_EDGE('',*,*,#2665,.T.) ;
#5631=ORIENTED_EDGE('',*,*,#2753,.T.) ;
#5632=ORIENTED_EDGE('',*,*,#2722,.T.) ;
#5698=ORIENTED_EDGE('',*,*,#5337,.T.) ;
#5699=ORIENTED_EDGE('',*,*,#3643,.F.) ;
#5700=ORIENTED_EDGE('',*,*,#3736,.T.) ;
#5701=ORIENTED_EDGE('',*,*,#242,.T.) ;
#5702=ORIENTED_EDGE('',*,*,#5696,.F.) ;
#5711=ORIENTED_EDGE('',*,*,#384,.F.) ;
#5712=ORIENTED_EDGE('',*,*,#299,.F.) ;
#5713=ORIENTED_EDGE('',*,*,#249,.T.) ;
#5714=ORIENTED_EDGE('',*,*,#3728,.F.) ;
#5735=ORIENTED_EDGE('',*,*,#5587,.T.) ;
#5736=ORIENTED_EDGE('',*,*,#2234,.T.) ;
#5737=ORIENTED_EDGE('',*,*,#2209,.T.) ;
#5738=ORIENTED_EDGE('',*,*,#1948,.T.) ;
#5739=ORIENTED_EDGE('',*,*,#5728,.F.) ;
#5740=ORIENTED_EDGE('',*,*,#5733,.F.) ;
#5741=ORIENTED_EDGE('',*,*,#264,.T.) ;
#5742=ORIENTED_EDGE('',*,*,#292,.T.) ;
#5743=ORIENTED_EDGE('',*,*,#347,.T.) ;
#5744=ORIENTED_EDGE('',*,*,#5592,.T.) ;
#5767=ORIENTED_EDGE('',*,*,#5755,.F.) ;
#5768=ORIENTED_EDGE('',*,*,#5760,.F.) ;
#5769=ORIENTED_EDGE('',*,*,#183,.T.) ;
#5770=ORIENTED_EDGE('',*,*,#5765,.T.) ;
#5779=ORIENTED_EDGE('',*,*,#221,.F.) ;
#5780=ORIENTED_EDGE('',*,*,#190,.T.) ;
#5781=ORIENTED_EDGE('',*,*,#5760,.T.) ;
#5782=ORIENTED_EDGE('',*,*,#5777,.F.) ;
#5799=ORIENTED_EDGE('',*,*,#5696,.T.) ;
#5800=ORIENTED_EDGE('',*,*,#136,.T.) ;
#5801=ORIENTED_EDGE('',*,*,#5797,.T.) ;
#5802=ORIENTED_EDGE('',*,*,#5363,.T.) ;
#5816=ORIENTED_EDGE('',*,*,#5728,.T.) ;
#5817=ORIENTED_EDGE('',*,*,#1941,.T.) ;
#5818=ORIENTED_EDGE('',*,*,#4281,.T.) ;
#5819=ORIENTED_EDGE('',*,*,#4322,.T.) ;
#5820=ORIENTED_EDGE('',*,*,#902,.T.) ;
#5821=ORIENTED_EDGE('',*,*,#5814,.T.) ;
#5822=ORIENTED_EDGE('',*,*,#150,.T.) ;
#5823=ORIENTED_EDGE('',*,*,#269,.T.) ;
#5824=ORIENTED_EDGE('',*,*,#5733,.T.) ;
#5827=ORIENTED_EDGE('',*,*,#3951,.F.) ;
#5828=ORIENTED_EDGE('',*,*,#3929,.F.) ;
#5836=ORIENTED_EDGE('',*,*,#5386,.F.) ;
#5837=ORIENTED_EDGE('',*,*,#5834,.F.) ;
#5838=ORIENTED_EDGE('',*,*,#412,.F.) ;
#5839=ORIENTED_EDGE('',*,*,#450,.F.) ;
#5840=ORIENTED_EDGE('',*,*,#547,.F.) ;
#5841=ORIENTED_EDGE('',*,*,#812,.F.) ;
#5844=ORIENTED_EDGE('',*,*,#3908,.F.) ;
#5845=ORIENTED_EDGE('',*,*,#3886,.F.) ;
#5848=ORIENTED_EDGE('',*,*,#3865,.F.) ;
#5849=ORIENTED_EDGE('',*,*,#3843,.F.) ;
#5852=ORIENTED_EDGE('',*,*,#3822,.F.) ;
#5853=ORIENTED_EDGE('',*,*,#3800,.F.) ;
#5856=ORIENTED_EDGE('',*,*,#3779,.F.) ;
#5857=ORIENTED_EDGE('',*,*,#3757,.F.) ;
#5871=ORIENTED_EDGE('',*,*,#157,.T.) ;
#5872=ORIENTED_EDGE('',*,*,#5814,.F.) ;
#5873=ORIENTED_EDGE('',*,*,#895,.F.) ;
#5874=ORIENTED_EDGE('',*,*,#5869,.F.) ;
#5888=ORIENTED_EDGE('',*,*,#817,.T.) ;
#5889=ORIENTED_EDGE('',*,*,#552,.T.) ;
#5890=ORIENTED_EDGE('',*,*,#455,.T.) ;
#5891=ORIENTED_EDGE('',*,*,#424,.T.) ;
#5892=ORIENTED_EDGE('',*,*,#5886,.T.) ;
#5893=ORIENTED_EDGE('',*,*,#5367,.F.) ;
#5894=ORIENTED_EDGE('',*,*,#5797,.F.) ;
#5895=ORIENTED_EDGE('',*,*,#162,.T.) ;
#5896=ORIENTED_EDGE('',*,*,#5869,.T.) ;
#5897=ORIENTED_EDGE('',*,*,#914,.T.) ;
#5898=ORIENTED_EDGE('',*,*,#4327,.T.) ;
#5899=ORIENTED_EDGE('',*,*,#4269,.T.) ;
#5900=ORIENTED_EDGE('',*,*,#1739,.F.) ;
#5901=ORIENTED_EDGE('',*,*,#1251,.F.) ;
#5910=ORIENTED_EDGE('',*,*,#4416,.F.) ;
#5911=ORIENTED_EDGE('',*,*,#4440,.F.) ;
#5912=ORIENTED_EDGE('',*,*,#4649,.F.) ;
#5913=ORIENTED_EDGE('',*,*,#4921,.F.) ;
#5914=ORIENTED_EDGE('',*,*,#5193,.F.) ;
#5915=ORIENTED_EDGE('',*,*,#5320,.F.) ;
#5916=ORIENTED_EDGE('',*,*,#5356,.F.) ;
#5917=ORIENTED_EDGE('',*,*,#5886,.F.) ;
#5918=ORIENTED_EDGE('',*,*,#419,.T.) ;
#5919=ORIENTED_EDGE('',*,*,#5834,.T.) ;
#5920=ORIENTED_EDGE('',*,*,#5410,.F.) ;
#5928=ORIENTED_EDGE('',*,*,#65,.T.) ;
#5929=ORIENTED_EDGE('',*,*,#103,.T.) ;
#5930=ORIENTED_EDGE('',*,*,#216,.T.) ;
#5931=ORIENTED_EDGE('',*,*,#5777,.T.) ;
#5932=ORIENTED_EDGE('',*,*,#5755,.T.) ;
#5933=ORIENTED_EDGE('',*,*,#5926,.T.) ;
#5937=ORIENTED_EDGE('',*,*,#5765,.F.) ;
#5938=ORIENTED_EDGE('',*,*,#176,.T.) ;
#5939=ORIENTED_EDGE('',*,*,#72,.T.) ;
#5940=ORIENTED_EDGE('',*,*,#5926,.F.) ;
#203=FACE_BOUND('',#196,.T.) ;
#527=FACE_BOUND('',#518,.T.) ;
#880=FACE_BOUND('',#873,.T.) ;
#940=FACE_BOUND('',#931,.T.) ;
#4311=FACE_BOUND('',#4304,.T.) ;
#5617=FACE_BOUND('',#5614,.T.) ;
#5621=FACE_BOUND('',#5618,.T.) ;
#5625=FACE_BOUND('',#5622,.T.) ;
#5629=FACE_BOUND('',#5626,.T.) ;
#5633=FACE_BOUND('',#5630,.T.) ;
#5829=FACE_BOUND('',#5826,.T.) ;
#5842=FACE_BOUND('',#5835,.T.) ;
#5846=FACE_BOUND('',#5843,.T.) ;
#5850=FACE_BOUND('',#5847,.T.) ;
#5854=FACE_BOUND('',#5851,.T.) ;
#5858=FACE_BOUND('',#5855,.T.) ;
#5934=FACE_BOUND('',#5927,.T.) ;
#51=CLOSED_SHELL('Closed Shell',(#91,#122,#204,#228,#278,#311,#360,#391,#431,#528,#559,#590,#614,#638,#669,#693,#717,#881,#941,#973,#997,#1021,#1109,#1131,#1235,#1258,#1284,#1310,#1341,#1375,#1419,#1595,#1631,#1724,#1751,#1802,#1825,#1849,#1922,#1970,#2137,#2154,#2178,#2195,#2221,#2247,#2290,#2349,#2421,#2480,#2520,#2537,#2577,#2594,#2634,#2651,#2691,#2708,#2748,#2765,#2812,#2862,#2880,#2902,#2920,#2951,#2963,#2994,#3006,#3037,#3049,#3080,#3092,#3123,#3135,#3157,#3233,#3264,#3412,#3474,#3604,#3651,#3743,#3774,#3786,#3817,#3829,#3860,#3872,#3903,#3915,#3946,#3958,#4095,#4112,#4128,#4145,#4214,#4257,#4312,#4334,#4346,#4358,#4365,#4377,#4384,#4423,#4447,#4656,#4928,#5200,#5344,#5374,#5421,#5433,#5450,#5580,#5634,#5704,#5716,#5746,#5772,#5784,#5804,#5859,#5876,#5903,#5935,#5942)) ;
#68=VECTOR('Line Direction',#67,1.) ;
#82=VECTOR('Line Direction',#81,1.) ;
#99=VECTOR('Line Direction',#98,1.) ;
#106=VECTOR('Line Direction',#105,1.) ;
#113=VECTOR('Line Direction',#112,1.) ;
#130=VECTOR('Line Direction',#129,1.) ;
#139=VECTOR('Line Direction',#138,1.) ;
#146=VECTOR('Line Direction',#145,1.) ;
#153=VECTOR('Line Direction',#152,1.) ;
#160=VECTOR('Line Direction',#159,1.) ;
#172=VECTOR('Line Direction',#171,1.) ;
#186=VECTOR('Line Direction',#185,1.) ;
#219=VECTOR('Line Direction',#218,1.) ;
#245=VECTOR('Line Direction',#244,1.) ;
#260=VECTOR('Line Direction',#259,1.) ;
#337=VECTOR('Line Direction',#336,1.) ;
#350=VECTOR('Line Direction',#349,1.) ;
#368=VECTOR('Line Direction',#367,1.) ;
#377=VECTOR('Line Direction',#376,1.) ;
#382=VECTOR('Line Direction',#381,1.) ;
#399=VECTOR('Line Direction',#398,1.) ;
#415=VECTOR('Line Direction',#414,1.) ;
#439=VECTOR('Line Direction',#438,1.) ;
#448=VECTOR('Line Direction',#447,1.) ;
#453=VECTOR('Line Direction',#452,1.) ;
#464=VECTOR('Line Direction',#463,1.) ;
#480=VECTOR('Line Direction',#479,1.) ;
#494=VECTOR('Line Direction',#493,1.) ;
#508=VECTOR('Line Direction',#507,1.) ;
#536=VECTOR('Line Direction',#535,1.) ;
#567=VECTOR('Line Direction',#566,1.) ;
#581=VECTOR('Line Direction',#580,1.) ;
#598=VECTOR('Line Direction',#597,1.) ;
#605=VECTOR('Line Direction',#604,1.) ;
#622=VECTOR('Line Direction',#621,1.) ;
#646=VECTOR('Line Direction',#645,1.) ;
#660=VECTOR('Line Direction',#659,1.) ;
#677=VECTOR('Line Direction',#676,1.) ;
#684=VECTOR('Line Direction',#683,1.) ;
#701=VECTOR('Line Direction',#700,1.) ;
#725=VECTOR('Line Direction',#724,1.) ;
#747=VECTOR('Line Direction',#746,1.) ;
#782=VECTOR('Line Direction',#781,1.) ;
#796=VECTOR('Line Direction',#795,1.) ;
#803=VECTOR('Line Direction',#802,1.) ;
#810=VECTOR('Line Direction',#809,1.) ;
#815=VECTOR('Line Direction',#814,1.) ;
#833=VECTOR('Line Direction',#832,1.) ;
#849=VECTOR('Line Direction',#848,1.) ;
#863=VECTOR('Line Direction',#862,1.) ;
#889=VECTOR('Line Direction',#888,1.) ;
#898=VECTOR('Line Direction',#897,1.) ;
#905=VECTOR('Line Direction',#904,1.) ;
#912=VECTOR('Line Direction',#911,1.) ;
#923=VECTOR('Line Direction',#922,1.) ;
#928=VECTOR('Line Direction',#927,1.) ;
#957=VECTOR('Line Direction',#956,1.) ;
#964=VECTOR('Line Direction',#963,1.) ;
#981=VECTOR('Line Direction',#980,1.) ;
#1005=VECTOR('Line Direction',#1004,1.) ;
#1012=VECTOR('Line Direction',#1011,1.) ;
#1243=VECTOR('Line Direction',#1242,1.) ;
#1261=VECTOR('Line Direction',#1260,1.) ;
#1275=VECTOR('Line Direction',#1274,1.) ;
#1287=VECTOR('Line Direction',#1286,1.) ;
#1301=VECTOR('Line Direction',#1300,1.) ;
#1318=VECTOR('Line Direction',#1317,1.) ;
#1332=VECTOR('Line Direction',#1331,1.) ;
#1349=VECTOR('Line Direction',#1348,1.) ;
#1366=VECTOR('Line Direction',#1365,1.) ;
#1396=VECTOR('Line Direction',#1395,1.) ;
#1621=VECTOR('Line Direction',#1620,1.) ;
#1742=VECTOR('Line Direction',#1741,1.) ;
#1770=VECTOR('Line Direction',#1769,1.) ;
#1775=VECTOR('Line Direction',#1774,1.) ;
#1840=VECTOR('Line Direction',#1839,1.) ;
#1930=VECTOR('Line Direction',#1929,1.) ;
#1944=VECTOR('Line Direction',#1943,1.) ;
#1959=VECTOR('Line Direction',#1958,1.) ;
#2145=VECTOR('Line Direction',#2144,1.) ;
#2162=VECTOR('Line Direction',#2161,1.) ;
#2169=VECTOR('Line Direction',#2168,1.) ;
#2237=VECTOR('Line Direction',#2236,1.) ;
#2264=VECTOR('Line Direction',#2263,1.) ;
#2281=VECTOR('Line Direction',#2280,1.) ;
#2316=VECTOR('Line Direction',#2315,1.) ;
#2339=VECTOR('Line Direction',#2338,1.) ;
#2357=VECTOR('Line Direction',#2356,1.) ;
#2391=VECTOR('Line Direction',#2390,1.) ;
#2429=VECTOR('Line Direction',#2428,1.) ;
#2454=VECTOR('Line Direction',#2453,1.) ;
#2497=VECTOR('Line Direction',#2496,1.) ;
#2511=VECTOR('Line Direction',#2510,1.) ;
#2554=VECTOR('Line Direction',#2553,1.) ;
#2568=VECTOR('Line Direction',#2567,1.) ;
#2611=VECTOR('Line Direction',#2610,1.) ;
#2625=VECTOR('Line Direction',#2624,1.) ;
#2668=VECTOR('Line Direction',#2667,1.) ;
#2682=VECTOR('Line Direction',#2681,1.) ;
#2725=VECTOR('Line Direction',#2724,1.) ;
#2739=VECTOR('Line Direction',#2738,1.) ;
#2789=VECTOR('Line Direction',#2788,1.) ;
#2865=VECTOR('Line Direction',#2864,1.) ;
#2872=VECTOR('Line Direction',#2871,1.) ;
#2905=VECTOR('Line Direction',#2904,1.) ;
#2912=VECTOR('Line Direction',#2911,1.) ;
#2928=VECTOR('Line Direction',#2927,1.) ;
#2935=VECTOR('Line Direction',#2934,1.) ;
#2971=VECTOR('Line Direction',#2970,1.) ;
#2978=VECTOR('Line Direction',#2977,1.) ;
#3014=VECTOR('Line Direction',#3013,1.) ;
#3021=VECTOR('Line Direction',#3020,1.) ;
#3057=VECTOR('Line Direction',#3056,1.) ;
#3064=VECTOR('Line Direction',#3063,1.) ;
#3100=VECTOR('Line Direction',#3099,1.) ;
#3107=VECTOR('Line Direction',#3106,1.) ;
#3615=VECTOR('Line Direction',#3614,1.) ;
#3760=VECTOR('Line Direction',#3759,1.) ;
#3765=VECTOR('Line Direction',#3764,1.) ;
#3803=VECTOR('Line Direction',#3802,1.) ;
#3808=VECTOR('Line Direction',#3807,1.) ;
#3846=VECTOR('Line Direction',#3845,1.) ;
#3851=VECTOR('Line Direction',#3850,1.) ;
#3889=VECTOR('Line Direction',#3888,1.) ;
#3894=VECTOR('Line Direction',#3893,1.) ;
#3932=VECTOR('Line Direction',#3931,1.) ;
#3937=VECTOR('Line Direction',#3936,1.) ;
#4265=VECTOR('Line Direction',#4264,1.) ;
#4272=VECTOR('Line Direction',#4271,1.) ;
#4279=VECTOR('Line Direction',#4278,1.) ;
#4291=VECTOR('Line Direction',#4290,1.) ;
#4296=VECTOR('Line Direction',#4295,1.) ;
#4301=VECTOR('Line Direction',#4300,1.) ;
#4402=VECTOR('Line Direction',#4401,1.) ;
#4407=VECTOR('Line Direction',#4406,1.) ;
#4414=VECTOR('Line Direction',#4413,1.) ;
#4431=VECTOR('Line Direction',#4430,1.) ;
#5352=VECTOR('Line Direction',#5351,1.) ;
#5359=VECTOR('Line Direction',#5358,1.) ;
#5408=VECTOR('Line Direction',#5407,1.) ;
#5758=VECTOR('Line Direction',#5757,1.) ;
#5763=VECTOR('Line Direction',#5762,1.) ;
#5775=VECTOR('Line Direction',#5774,1.) ;
#5832=VECTOR('Line Direction',#5831,1.) ;
#5884=VECTOR('Line Direction',#5883,1.) ;
#5924=VECTOR('Line Direction',#5923,1.) ;
#5944=ADVANCED_BREP_SHAPE_REPRESENTATION('NONE',(#5943),#46) ;
#49=SHAPE_REPRESENTATION(' ',(#48),#46) ;
#91=ADVANCED_FACE('PartBody',(#90),#56,.F.) ;
#122=ADVANCED_FACE('PartBody',(#121),#96,.F.) ;
#204=ADVANCED_FACE('PartBody',(#169,#203),#127,.F.) ;
#228=ADVANCED_FACE('PartBody',(#227),#209,.F.) ;
#278=ADVANCED_FACE('PartBody',(#277),#233,.F.) ;
#311=ADVANCED_FACE('PartBody',(#310),#283,.F.) ;
#360=ADVANCED_FACE('PartBody',(#359),#316,.F.) ;
#391=ADVANCED_FACE('PartBody',(#390),#365,.F.) ;
#431=ADVANCED_FACE('PartBody',(#430),#396,.F.) ;
#528=ADVANCED_FACE('PartBody',(#461,#527),#436,.F.) ;
#559=ADVANCED_FACE('PartBody',(#558),#533,.F.) ;
#590=ADVANCED_FACE('PartBody',(#589),#564,.F.) ;
#614=ADVANCED_FACE('PartBody',(#613),#595,.T.) ;
#638=ADVANCED_FACE('PartBody',(#637),#619,.F.) ;
#669=ADVANCED_FACE('PartBody',(#668),#643,.F.) ;
#693=ADVANCED_FACE('PartBody',(#692),#674,.T.) ;
#717=ADVANCED_FACE('PartBody',(#716),#698,.F.) ;
#881=ADVANCED_FACE('PartBody',(#830,#880),#722,.F.) ;
#941=ADVANCED_FACE('PartBody',(#920,#940),#886,.F.) ;
#973=ADVANCED_FACE('PartBody',(#972),#946,.F.) ;
#997=ADVANCED_FACE('PartBody',(#996),#978,.F.) ;
#1021=ADVANCED_FACE('PartBody',(#1020),#1002,.F.) ;
#1109=ADVANCED_FACE('PartBody',(#1108),#1022,.F.) ;
#1131=ADVANCED_FACE('PartBody',(#1130),#1110,.F.) ;
#1235=ADVANCED_FACE('PartBody',(#1234),#1132,.F.) ;
#1258=ADVANCED_FACE('PartBody',(#1257),#1240,.T.) ;
#1284=ADVANCED_FACE('PartBody',(#1283),#56,.F.) ;
#1310=ADVANCED_FACE('PartBody',(#1309),#209,.F.) ;
#1341=ADVANCED_FACE('PartBody',(#1340),#1315,.F.) ;
#1375=ADVANCED_FACE('PartBody',(#1374),#1346,.F.) ;
#1419=ADVANCED_FACE('PartBody',(#1418),#1380,.F.) ;
#1595=ADVANCED_FACE('PartBody',(#1594),#1420,.F.) ;
#1631=ADVANCED_FACE('PartBody',(#1630),#1380,.F.) ;
#1724=ADVANCED_FACE('PartBody',(#1723),#1632,.F.) ;
#1751=ADVANCED_FACE('PartBody',(#1750),#1729,.T.) ;
#1802=ADVANCED_FACE('PartBody',(#1801),#1756,.F.) ;
#1825=ADVANCED_FACE('PartBody',(#1824),#1807,.T.) ;
#1849=ADVANCED_FACE('PartBody',(#1848),#1830,.T.) ;
#1922=ADVANCED_FACE('PartBody',(#1921),#1850,.T.) ;
#1970=ADVANCED_FACE('PartBody',(#1969),#1927,.F.) ;
#2137=ADVANCED_FACE('PartBody',(#2136),#1971,.F.) ;
#2154=ADVANCED_FACE('PartBody',(#2153),#2142,.T.) ;
#2178=ADVANCED_FACE('PartBody',(#2177),#2159,.T.) ;
#2195=ADVANCED_FACE('PartBody',(#2194),#2183,.T.) ;
#2221=ADVANCED_FACE('PartBody',(#2220),#2200,.F.) ;
#2247=ADVANCED_FACE('PartBody',(#2246),#2226,.F.) ;
#2290=ADVANCED_FACE('PartBody',(#2289),#2252,.F.) ;
#2349=ADVANCED_FACE('PartBody',(#2348),#2295,.F.) ;
#2421=ADVANCED_FACE('PartBody',(#2420),#2354,.F.) ;
#2480=ADVANCED_FACE('PartBody',(#2479),#2426,.F.) ;
#2520=ADVANCED_FACE('PartBody',(#2519),#2485,.F.) ;
#2537=ADVANCED_FACE('PartBody',(#2536),#2485,.F.) ;
#2577=ADVANCED_FACE('PartBody',(#2576),#2542,.F.) ;
#2594=ADVANCED_FACE('PartBody',(#2593),#2542,.F.) ;
#2634=ADVANCED_FACE('PartBody',(#2633),#2599,.F.) ;
#2651=ADVANCED_FACE('PartBody',(#2650),#2599,.F.) ;
#2691=ADVANCED_FACE('PartBody',(#2690),#2656,.F.) ;
#2708=ADVANCED_FACE('PartBody',(#2707),#2656,.F.) ;
#2748=ADVANCED_FACE('PartBody',(#2747),#2713,.F.) ;
#2765=ADVANCED_FACE('PartBody',(#2764),#2713,.F.) ;
#2812=ADVANCED_FACE('PartBody',(#2811),#1380,.F.) ;
#2862=ADVANCED_FACE('PartBody',(#2861),#2813,.F.) ;
#2880=ADVANCED_FACE('PartBody',(#2879),#365,.F.) ;
#2902=ADVANCED_FACE('PartBody',(#2901),#2885,.T.) ;
#2920=ADVANCED_FACE('PartBody',(#2919),#2159,.T.) ;
#2951=ADVANCED_FACE('PartBody',(#2950),#2925,.F.) ;
#2963=ADVANCED_FACE('PartBody',(#2962),#2925,.F.) ;
#2994=ADVANCED_FACE('PartBody',(#2993),#2968,.F.) ;
#3006=ADVANCED_FACE('PartBody',(#3005),#2968,.F.) ;
#3037=ADVANCED_FACE('PartBody',(#3036),#3011,.F.) ;
#3049=ADVANCED_FACE('PartBody',(#3048),#3011,.F.) ;
#3080=ADVANCED_FACE('PartBody',(#3079),#3054,.F.) ;
#3092=ADVANCED_FACE('PartBody',(#3091),#3054,.F.) ;
#3123=ADVANCED_FACE('PartBody',(#3122),#3097,.F.) ;
#3135=ADVANCED_FACE('PartBody',(#3134),#3097,.F.) ;
#3157=ADVANCED_FACE('PartBody',(#3156),#3140,.T.) ;
#3233=ADVANCED_FACE('PartBody',(#3232),#3162,.T.) ;
#3264=ADVANCED_FACE('PartBody',(#3263),#3238,.T.) ;
#3412=ADVANCED_FACE('PartBody',(#3411),#3265,.F.) ;
#3474=ADVANCED_FACE('PartBody',(#3473),#3413,.F.) ;
#3604=ADVANCED_FACE('PartBody',(#3603),#3475,.F.) ;
#3651=ADVANCED_FACE('PartBody',(#3650),#1380,.F.) ;
#3743=ADVANCED_FACE('PartBody',(#3742),#3652,.T.) ;
#3774=ADVANCED_FACE('PartBody',(#3773),#3748,.F.) ;
#3786=ADVANCED_FACE('PartBody',(#3785),#3748,.F.) ;
#3817=ADVANCED_FACE('PartBody',(#3816),#3791,.F.) ;
#3829=ADVANCED_FACE('PartBody',(#3828),#3791,.F.) ;
#3860=ADVANCED_FACE('PartBody',(#3859),#3834,.F.) ;
#3872=ADVANCED_FACE('PartBody',(#3871),#3834,.F.) ;
#3903=ADVANCED_FACE('PartBody',(#3902),#3877,.F.) ;
#3915=ADVANCED_FACE('PartBody',(#3914),#3877,.F.) ;
#3946=ADVANCED_FACE('PartBody',(#3945),#3920,.F.) ;
#3958=ADVANCED_FACE('PartBody',(#3957),#3920,.F.) ;
#4095=ADVANCED_FACE('PartBody',(#4094),#3959,.F.) ;
#4112=ADVANCED_FACE('PartBody',(#4111),#4100,.T.) ;
#4128=ADVANCED_FACE('PartBody',(#4127),#4117,.T.) ;
#4145=ADVANCED_FACE('PartBody',(#4144),#4133,.T.) ;
#4214=ADVANCED_FACE('PartBody',(#4213),#4146,.F.) ;
#4257=ADVANCED_FACE('PartBody',(#4256),#4215,.F.) ;
#4312=ADVANCED_FACE('PartBody',(#4288,#4311),#4262,.F.) ;
#4334=ADVANCED_FACE('PartBody',(#4333),#4317,.T.) ;
#4346=ADVANCED_FACE('PartBody',(#4345),#4339,.T.) ;
#4358=ADVANCED_FACE('PartBody',(#4357),#4351,.T.) ;
#4365=ADVANCED_FACE('PartBody',(#4364),#96,.F.) ;
#4377=ADVANCED_FACE('PartBody',(#4376),#4370,.F.) ;
#4384=ADVANCED_FACE('PartBody',(#4383),#96,.F.) ;
#4423=ADVANCED_FACE('PartBody',(#4422),#4389,.F.) ;
#4447=ADVANCED_FACE('PartBody',(#4446),#4428,.F.) ;
#4656=ADVANCED_FACE('PartBody',(#4655),#4448,.F.) ;
#4928=ADVANCED_FACE('PartBody',(#4927),#4657,.F.) ;
#5200=ADVANCED_FACE('PartBody',(#5199),#4929,.F.) ;
#5344=ADVANCED_FACE('PartBody',(#5343),#5201,.F.) ;
#5374=ADVANCED_FACE('PartBody',(#5373),#5349,.T.) ;
#5421=ADVANCED_FACE('PartBody',(#5420),#5379,.F.) ;
#5433=ADVANCED_FACE('PartBody',(#5432),#5426,.T.) ;
#5450=ADVANCED_FACE('PartBody',(#5449),#5438,.T.) ;
#5580=ADVANCED_FACE('PartBody',(#5579),#5451,.F.) ;
#5634=ADVANCED_FACE('PartBody',(#5613,#5617,#5621,#5625,#5629,#5633),#96,.F.) ;
#5704=ADVANCED_FACE('PartBody',(#5703),#5635,.F.) ;
#5716=ADVANCED_FACE('PartBody',(#5715),#5709,.T.) ;
#5746=ADVANCED_FACE('PartBody',(#5745),#5721,.T.) ;
#5772=ADVANCED_FACE('PartBody',(#5771),#1315,.F.) ;
#5784=ADVANCED_FACE('PartBody',(#5783),#4351,.T.) ;
#5804=ADVANCED_FACE('PartBody',(#5803),#5789,.T.) ;
#5859=ADVANCED_FACE('PartBody',(#5825,#5829,#5842,#5846,#5850,#5854,#5858),#5809,.T.) ;
#5876=ADVANCED_FACE('PartBody',(#5875),#5864,.T.) ;
#5903=ADVANCED_FACE('PartBody',(#5902),#5881,.T.) ;
#5935=ADVANCED_FACE('PartBody',(#5921,#5934),#5908,.F.) ;
#5942=ADVANCED_FACE('PartBody',(#5941),#4339,.T.) ;
#4=APPLICATION_PROTOCOL_DEFINITION('international standard','config_control_design',1994,#1) ;
#32=APPROVAL_DATE_TIME(#13,#21) ;
#234=B_SPLINE_CURVE_WITH_KNOTS('',4,(#235,#236,#237,#238,#239),.UNSPECIFIED.,.F.,.U.,(5,5),(7.56497107541,15.6987634024),.UNSPECIFIED.) ;
#250=B_SPLINE_CURVE_WITH_KNOTS('',3,(#251,#252,#253,#254),.UNSPECIFIED.,.F.,.U.,(4,4),(0.,2.23257259475),.UNSPECIFIED.) ;
#284=B_SPLINE_CURVE_WITH_KNOTS('',4,(#285,#286,#287,#288,#289),.UNSPECIFIED.,.F.,.U.,(5,5),(0.,3.4362415863),.UNSPECIFIED.) ;
#317=B_SPLINE_CURVE_WITH_KNOTS('',5,(#318,#319,#320,#321,#322,#323,#324,#325,#326,#327,#328,#329),.UNSPECIFIED.,.F.,.U.,(6,3,3,6),(9.4464777953,12.4311174613,14.2531326228,15.6665146416),.UNSPECIFIED.) ;
#342=B_SPLINE_CURVE_WITH_KNOTS('',3,(#343,#344,#345,#346),.UNSPECIFIED.,.F.,.U.,(4,4),(0.,1.19879777969),.UNSPECIFIED.) ;
#732=B_SPLINE_CURVE_WITH_KNOTS('',5,(#733,#734,#735,#736,#737,#738,#739,#740,#741),.UNSPECIFIED.,.F.,.U.,(6,3,6),(30.4528437453,33.3162493732,37.7842969262),.UNSPECIFIED.) ;
#752=B_SPLINE_CURVE_WITH_KNOTS('',5,(#753,#754,#755,#756,#757,#758,#759,#760,#761,#762,#763,#764,#765,#766,#767,#768,#769,#770,#771,#772,#773,#774,#775,#776),.UNSPECIFIED.,.F.,.U.,(6,3,3,3,3,3,3,6),(42.0126002633,42.3870344976,44.5419438117,47.6810990014,53.044624043,56.6225786208,59.0108830107,61.7361761565),.UNSPECIFIED.) ;
#947=B_SPLINE_CURVE_WITH_KNOTS('',3,(#948,#949,#950,#951),.UNSPECIFIED.,.F.,.U.,(4,4),(0.,2.76950873177),.UNSPECIFIED.) ;
#1071=B_SPLINE_CURVE_WITH_KNOTS('',1,(#1072,#1073),.UNSPECIFIED.,.F.,.U.,(2,2),(0.,1.28638700612),.UNSPECIFIED.) ;
#1077=B_SPLINE_CURVE_WITH_KNOTS('',5,(#1078,#1079,#1080,#1081,#1082,#1083,#1084,#1085,#1086,#1087,#1088,#1089,#1090,#1091,#1092,#1093,#1094,#1095,#1096,#1097,#1098,#1099,#1100,#1101),.UNSPECIFIED.,.F.,.U.,(6,3,3,3,3,3,3,6),(42.0126002633,42.3870344976,44.5419438117,47.6810990014,53.044624043,56.6225786208,59.0108830107,61.7361761565),.UNSPECIFIED.) ;
#1115=B_SPLINE_CURVE_WITH_KNOTS('',1,(#1116,#1117),.UNSPECIFIED.,.F.,.U.,(2,2),(0.,1.41421356237),.UNSPECIFIED.) ;
#1121=B_SPLINE_CURVE_WITH_KNOTS('',1,(#1122,#1123),.UNSPECIFIED.,.F.,.U.,(2,2),(33.111386486,42.3159409362),.UNSPECIFIED.) ;
#1205=B_SPLINE_CURVE_WITH_KNOTS('',5,(#1206,#1207,#1208,#1209,#1210,#1211),.UNSPECIFIED.,.F.,.U.,(6,6),(0.,1.36020251642),.UNSPECIFIED.) ;
#1215=B_SPLINE_CURVE_WITH_KNOTS('',5,(#1216,#1217,#1218,#1219,#1220,#1221,#1222,#1223,#1224,#1225,#1226,#1227),.UNSPECIFIED.,.F.,.U.,(6,3,3,6),(30.4528437453,32.1317465394,34.7490754946,37.7842969262),.UNSPECIFIED.) ;
#1248=B_SPLINE_CURVE_WITH_KNOTS('',1,(#1249,#1250),.UNSPECIFIED.,.F.,.U.,(2,2),(-0.602254038546,0.602254038546),.UNSPECIFIED.) ;
#1354=B_SPLINE_CURVE_WITH_KNOTS('',5,(#1355,#1356,#1357,#1358,#1359,#1360),.UNSPECIFIED.,.F.,.U.,(6,6),(2.91457863883,8.39692986369),.UNSPECIFIED.) ;
#1381=B_SPLINE_CURVE_WITH_KNOTS('',5,(#1382,#1383,#1384,#1385,#1386,#1387,#1388,#1389,#1390),.UNSPECIFIED.,.F.,.U.,(6,3,6),(12.9449732337,13.1741955369,15.1031601369),.UNSPECIFIED.) ;
#1401=B_SPLINE_CURVE_WITH_KNOTS('',5,(#1402,#1403,#1404,#1405,#1406,#1407,#1408,#1409,#1410),.UNSPECIFIED.,.F.,.U.,(6,3,6),(7.19548170916,9.77330637925,10.5566824641),.UNSPECIFIED.) ;
#1529=B_SPLINE_CURVE_WITH_KNOTS('',5,(#1530,#1531,#1532,#1533,#1534,#1535,#1536,#1537,#1538),.UNSPECIFIED.,.F.,.U.,(6,3,6),(30.9266546341,31.6895365806,33.0852869941),.UNSPECIFIED.) ;
#1542=B_SPLINE_CURVE_WITH_KNOTS('',4,(#1543,#1544,#1545,#1546,#1547),.UNSPECIFIED.,.F.,.U.,(5,5),(0.399999998462,2.40000000052),.UNSPECIFIED.) ;
#1551=B_SPLINE_CURVE_WITH_KNOTS('',5,(#1552,#1553,#1554,#1555,#1556,#1557,#1558,#1559,#1560,#1561,#1562,#1563,#1564,#1565,#1566,#1567,#1568,#1569,#1570,#1571,#1572,#1573,#1574,#1575),.UNSPECIFIED.,.F.,.U.,(6,3,3,3,3,3,3,6),(12.9449665686,13.1741955369,15.2526763661,20.1062114416,26.0883897657,29.041470729,31.6895365806,33.0853246368),.UNSPECIFIED.) ;
#1579=B_SPLINE_CURVE_WITH_KNOTS('',5,(#1580,#1581,#1582,#1583,#1584,#1585),.UNSPECIFIED.,.F.,.U.,(6,6),(0.400000000049,2.40000000058),.UNSPECIFIED.) ;
#1596=B_SPLINE_CURVE_WITH_KNOTS('',5,(#1597,#1598,#1599,#1600,#1601,#1602),.UNSPECIFIED.,.F.,.U.,(6,6),(7.07853695735,9.32312960236),.UNSPECIFIED.) ;
#1606=B_SPLINE_CURVE_WITH_KNOTS('',5,(#1607,#1608,#1609,#1610,#1611,#1612,#1613,#1614,#1615),.UNSPECIFIED.,.F.,.U.,(6,3,6),(6.24231531206,7.70488609138,9.725405185),.UNSPECIFIED.) ;
#1687=B_SPLINE_CURVE_WITH_KNOTS('',4,(#1688,#1689,#1690,#1691,#1692),.UNSPECIFIED.,.F.,.U.,(5,5),(0.,1.69679533261),.UNSPECIFIED.) ;
#1696=B_SPLINE_CURVE_WITH_KNOTS('',5,(#1697,#1698,#1699,#1700,#1701,#1702,#1703,#1704,#1705),.UNSPECIFIED.,.F.,.U.,(6,3,6),(7.07853695735,13.451855487,15.2148359689),.UNSPECIFIED.) ;
#1709=B_SPLINE_CURVE_WITH_KNOTS('',5,(#1710,#1711,#1712,#1713,#1714,#1715),.UNSPECIFIED.,.F.,.U.,(6,6),(0.,2.),.UNSPECIFIED.) ;
#1730=B_SPLINE_CURVE_WITH_KNOTS('',5,(#1731,#1732,#1733,#1734,#1735,#1736),.UNSPECIFIED.,.F.,.U.,(6,6),(0.676447136577,4.90085992835),.UNSPECIFIED.) ;
#1757=B_SPLINE_CURVE_WITH_KNOTS('',4,(#1758,#1759,#1760,#1761,#1762),.UNSPECIFIED.,.F.,.U.,(5,5),(7.40963399387,9.74974762531),.UNSPECIFIED.) ;
#1780=B_SPLINE_CURVE_WITH_KNOTS('',4,(#1781,#1782,#1783,#1784,#1785),.UNSPECIFIED.,.F.,.U.,(5,5),(8.57953907644,10.9206136509),.UNSPECIFIED.) ;
#1905=B_SPLINE_CURVE_WITH_KNOTS('',5,(#1906,#1907,#1908,#1909,#1910,#1911,#1912,#1913,#1914),.UNSPECIFIED.,.F.,.U.,(6,3,6),(6.24231531206,7.70488609138,9.72540562008),.UNSPECIFIED.) ;
#1949=B_SPLINE_CURVE_WITH_KNOTS('',3,(#1950,#1951,#1952,#1953),.UNSPECIFIED.,.F.,.U.,(4,4),(0.,2.23257225219),.UNSPECIFIED.) ;
#2080=B_SPLINE_CURVE_WITH_KNOTS('',5,(#2081,#2082,#2083,#2084,#2085,#2086,#2087,#2088,#2089),.UNSPECIFIED.,.F.,.U.,(6,3,6),(0.,3.18339998374,5.59641888768),.UNSPECIFIED.) ;
#2093=B_SPLINE_CURVE_WITH_KNOTS('',4,(#2094,#2095,#2096,#2097,#2098),.UNSPECIFIED.,.F.,.U.,(5,5),(0.,2.),.UNSPECIFIED.) ;
#2102=B_SPLINE_CURVE_WITH_KNOTS('',5,(#2103,#2104,#2105,#2106,#2107,#2108,#2109,#2110,#2111,#2112,#2113,#2114,#2115,#2116,#2117,#2118,#2119,#2120,#2121,#2122,#2123,#2124,#2125,#2126,#2127,#2128,#2129),.UNSPECIFIED.,.F.,.U.,(6,3,3,3,3,3,3,3,6),(4.70043674944,5.10439144495,5.67097109458,6.24019058471,6.80893492673,8.01909406794,8.96660724973,9.95650148051,10.9206136509),.UNSPECIFIED.) ;
#2201=B_SPLINE_CURVE_WITH_KNOTS('',4,(#2202,#2203,#2204,#2205,#2206),.UNSPECIFIED.,.F.,.U.,(5,5),(0.,3.43624158616),.UNSPECIFIED.) ;
#2227=B_SPLINE_CURVE_WITH_KNOTS('',3,(#2228,#2229,#2230,#2231),.UNSPECIFIED.,.F.,.U.,(4,4),(0.,1.19879777969),.UNSPECIFIED.) ;
#2269=B_SPLINE_CURVE_WITH_KNOTS('',5,(#2270,#2271,#2272,#2273,#2274,#2275),.UNSPECIFIED.,.F.,.U.,(6,6),(2.91457863885,8.39692986373),.UNSPECIFIED.) ;
#2296=B_SPLINE_CURVE_WITH_KNOTS('',3,(#2297,#2298,#2299,#2300),.UNSPECIFIED.,.F.,.U.,(4,4),(7.19549027176,10.5566865891),.UNSPECIFIED.) ;
#2306=B_SPLINE_CURVE_WITH_KNOTS('',5,(#2307,#2308,#2309,#2310,#2311,#2312),.UNSPECIFIED.,.F.,.U.,(6,6),(2.91457863885,8.39692986373),.UNSPECIFIED.) ;
#2321=B_SPLINE_CURVE_WITH_KNOTS('',5,(#2322,#2323,#2324,#2325,#2326,#2327,#2328,#2329,#2330,#2331,#2332,#2333),.UNSPECIFIED.,.F.,.U.,(6,3,3,6),(3.53135558105,4.85987393455,7.2090153622,9.74974762547),.UNSPECIFIED.) ;
#2364=B_SPLINE_CURVE_WITH_KNOTS('',4,(#2365,#2366,#2367,#2368,#2369),.UNSPECIFIED.,.F.,.U.,(5,5),(7.40963495045,9.74974762547),.UNSPECIFIED.) ;
#2380=B_SPLINE_CURVE_WITH_KNOTS('',4,(#2381,#2382,#2383,#2384,#2385),.UNSPECIFIED.,.F.,.U.,(5,5),(9.4464777953,11.7875292963),.UNSPECIFIED.) ;
#2396=B_SPLINE_CURVE_WITH_KNOTS('',5,(#2397,#2398,#2399,#2400,#2401,#2402,#2403,#2404,#2405,#2406,#2407,#2408,#2409,#2410,#2411),.UNSPECIFIED.,.F.,.U.,(6,3,3,3,6),(12.9485600933,15.967007158,20.9032971984,25.9656497512,33.0905189864),.UNSPECIFIED.) ;
#2436=B_SPLINE_CURVE_WITH_KNOTS('',5,(#2437,#2438,#2439,#2440,#2441,#2442,#2443,#2444,#2445,#2446,#2447,#2448),.UNSPECIFIED.,.F.,.U.,(6,3,3,6),(3.53135659284,4.85987467873,7.20901440552,9.74974762531),.UNSPECIFIED.) ;
#2457=B_SPLINE_CURVE_WITH_KNOTS('',5,(#2458,#2459,#2460,#2461,#2462,#2463),.UNSPECIFIED.,.F.,.U.,(6,6),(2.91457863883,8.39692986369),.UNSPECIFIED.) ;
#2467=B_SPLINE_CURVE_WITH_KNOTS('',3,(#2468,#2469,#2470,#2471),.UNSPECIFIED.,.F.,.U.,(4,4),(7.19548170916,10.5566824641),.UNSPECIFIED.) ;
#2766=B_SPLINE_CURVE_WITH_KNOTS('',3,(#2767,#2768,#2769,#2770),.UNSPECIFIED.,.F.,.U.,(4,4),(0.,8.19866789691),.UNSPECIFIED.) ;
#2774=B_SPLINE_CURVE_WITH_KNOTS('',5,(#2775,#2776,#2777,#2778,#2779,#2780,#2781,#2782,#2783),.UNSPECIFIED.,.F.,.U.,(6,3,6),(7.19549027176,9.77331136318,10.5566865891),.UNSPECIFIED.) ;
#2794=B_SPLINE_CURVE_WITH_KNOTS('',5,(#2795,#2796,#2797,#2798,#2799,#2800,#2801,#2802,#2803),.UNSPECIFIED.,.F.,.U.,(6,3,6),(30.9323295544,32.4986148655,33.0905306993),.UNSPECIFIED.) ;
#2850=B_SPLINE_CURVE_WITH_KNOTS('',4,(#2851,#2852,#2853,#2854,#2855),.UNSPECIFIED.,.F.,.U.,(5,5),(0.,2.),.UNSPECIFIED.) ;
#3163=B_SPLINE_CURVE_WITH_KNOTS('',5,(#3164,#3165,#3166,#3167,#3168,#3169,#3170,#3171,#3172,#3173,#3174,#3175,#3176,#3177,#3178,#3179,#3180,#3181,#3182,#3183,#3184,#3185,#3186,#3187,#3188,#3189,#3190,#3191,#3192,#3193,#3194,#3195,#3196,#3197,#3198,#3199,#3200,#3201,#3202,#3203,#3204,#3205,#3206,#3207,#3208,#3209,#3210,#3211,#3212,#3213,#3214,#3215,#3216,#3217,#3218,#3219,#3220,#3221,#3222,#3223,#3224,#3225,#3226),.UNSPECIFIED.,.F.,.U.,(6,3,3,3,3,3,3,3,3,3,3,3,3,3,3,3,3,3,3,3,6),(0.179607536002,0.498808323958,0.818009111914,1.13720989987,1.45641068783,2.09481226374,2.73321383965,3.05241462761,3.37161541556,3.53121580954,3.69081620352,3.85274330566,4.01001699147,4.16961738545,4.32921777943,4.48881817341,4.64841856739,4.80801896136,4.96761935534,5.12721974932,5.2868201433),.UNSPECIFIED.) ;
#3251=B_SPLINE_CURVE_WITH_KNOTS('',5,(#3252,#3253,#3254,#3255,#3256,#3257),.UNSPECIFIED.,.F.,.U.,(6,6),(11.3464667562,12.5224694596),.UNSPECIFIED.) ;
#3374=B_SPLINE_CURVE_WITH_KNOTS('',5,(#3375,#3376,#3377,#3378,#3379,#3380,#3381,#3382,#3383,#3384,#3385,#3386,#3387,#3388,#3389),.UNSPECIFIED.,.F.,.U.,(6,3,3,3,6),(9.90204020657,13.1934613762,16.7009181196,23.6736219748,29.5504556855),.UNSPECIFIED.) ;
#3393=B_SPLINE_CURVE_WITH_KNOTS('',5,(#3394,#3395,#3396,#3397,#3398,#3399,#3400,#3401,#3402),.UNSPECIFIED.,.F.,.U.,(6,3,6),(12.9485588881,13.7942188725,15.1067395428),.UNSPECIFIED.) ;
#3584=B_SPLINE_CURVE_WITH_KNOTS('',5,(#3585,#3586,#3587,#3588,#3589,#3590,#3591,#3592,#3593,#3594,#3595,#3596),.UNSPECIFIED.,.F.,.U.,(6,3,3,6),(0.,2.5616708403,3.89639028988,5.59619774121),.UNSPECIFIED.) ;
#3605=B_SPLINE_CURVE_WITH_KNOTS('',3,(#3606,#3607,#3608,#3609),.UNSPECIFIED.,.F.,.U.,(4,4),(0.,9.21451894597),.UNSPECIFIED.) ;
#3620=B_SPLINE_CURVE_WITH_KNOTS('',5,(#3621,#3622,#3623,#3624,#3625,#3626,#3627,#3628,#3629,#3630,#3631,#3632),.UNSPECIFIED.,.F.,.U.,(6,3,3,6),(9.72485205258,10.7249405914,13.1594014017,13.2079944835),.UNSPECIFIED.) ;
#3636=B_SPLINE_CURVE_WITH_KNOTS('',5,(#3637,#3638,#3639,#3640,#3641,#3642),.UNSPECIFIED.,.F.,.U.,(6,6),(13.4544132379,15.6987634024),.UNSPECIFIED.) ;
#3707=B_SPLINE_CURVE_WITH_KNOTS('',5,(#3708,#3709,#3710,#3711,#3712,#3713),.UNSPECIFIED.,.F.,.U.,(6,6),(0.,2.),.UNSPECIFIED.) ;
#3715=B_SPLINE_CURVE_WITH_KNOTS('',5,(#3716,#3717,#3718,#3719,#3720,#3721,#3722,#3723,#3724,#3725,#3726,#3727),.UNSPECIFIED.,.F.,.U.,(6,3,3,6),(9.72485653746,10.7249405914,13.1594014017,13.2079944835),.UNSPECIFIED.) ;
#3729=B_SPLINE_CURVE_WITH_KNOTS('',5,(#3730,#3731,#3732,#3733,#3734,#3735),.UNSPECIFIED.,.F.,.U.,(6,6),(0.,2.),.UNSPECIFIED.) ;
#4068=B_SPLINE_CURVE_WITH_KNOTS('',5,(#4069,#4070,#4071,#4072,#4073,#4074,#4075,#4076,#4077,#4078,#4079,#4080),.UNSPECIFIED.,.F.,.U.,(6,3,3,6),(0.,2.56167029978,3.89638791522,5.59619468306),.UNSPECIFIED.) ;
#4082=B_SPLINE_CURVE_WITH_KNOTS('',4,(#4083,#4084,#4085,#4086,#4087),.UNSPECIFIED.,.F.,.U.,(5,5),(0.,2.),.UNSPECIFIED.) ;
#4201=B_SPLINE_CURVE_WITH_KNOTS('',4,(#4202,#4203,#4204,#4205,#4206),.UNSPECIFIED.,.F.,.U.,(5,5),(0.,2.),.UNSPECIFIED.) ;
#4390=B_SPLINE_CURVE_WITH_KNOTS('',3,(#4391,#4392,#4393,#4394),.UNSPECIFIED.,.F.,.U.,(4,4),(0.,2.76950873176),.UNSPECIFIED.) ;
#4611=B_SPLINE_CURVE_WITH_KNOTS('',5,(#4612,#4613,#4614,#4615,#4616,#4617),.UNSPECIFIED.,.F.,.U.,(6,6),(0.,1.41421356237),.UNSPECIFIED.) ;
#4621=B_SPLINE_CURVE_WITH_KNOTS('',5,(#4622,#4623,#4624,#4625,#4626,#4627,#4628,#4629,#4630,#4631,#4632,#4633,#4634,#4635,#4636,#4637,#4638,#4639,#4640,#4641,#4642,#4643,#4644,#4645,#4646,#4647,#4648),.UNSPECIFIED.,.F.,.U.,(6,3,3,3,3,3,3,3,6),(13.383685442,16.1263569753,17.5348783036,18.8935894293,20.0715464285,20.6109276165,21.0594240553,21.400488091,21.5707644419),.UNSPECIFIED.) ;
#4874=B_SPLINE_CURVE_WITH_KNOTS('',5,(#4875,#4876,#4877,#4878,#4879,#4880),.UNSPECIFIED.,.F.,.U.,(6,6),(0.,1.29195845782),.UNSPECIFIED.) ;
#4884=B_SPLINE_CURVE_WITH_KNOTS('',5,(#4885,#4886,#4887,#4888,#4889,#4890,#4891,#4892,#4893,#4894,#4895,#4896,#4897,#4898,#4899,#4900,#4901,#4902,#4903,#4904,#4905,#4906,#4907,#4908,#4909,#4910,#4911,#4912,#4913,#4914,#4915,#4916,#4917,#4918,#4919,#4920),.UNSPECIFIED.,.F.,.U.,(6,3,3,3,3,3,3,3,3,3,3,6),(9.90204020657,10.3356200555,11.2040817781,13.8120749056,16.7009181196,18.7231253061,23.6736219748,25.9244492061,27.0493810468,28.0753704998,29.0592523123,29.5504556855),.UNSPECIFIED.) ;
#5146=B_SPLINE_CURVE_WITH_KNOTS('',5,(#5147,#5148,#5149,#5150,#5151,#5152),.UNSPECIFIED.,.F.,.U.,(6,6),(0.,1.41421356237),.UNSPECIFIED.) ;
#5156=B_SPLINE_CURVE_WITH_KNOTS('',5,(#5157,#5158,#5159,#5160,#5161,#5162,#5163,#5164,#5165,#5166,#5167,#5168,#5169,#5170,#5171,#5172,#5173,#5174,#5175,#5176,#5177,#5178,#5179,#5180,#5181,#5182,#5183,#5184,#5185,#5186,#5187,#5188,#5189,#5190,#5191,#5192),.UNSPECIFIED.,.F.,.U.,(6,3,3,3,3,3,3,3,3,3,3,6),(33.1113855979,33.3012338292,33.6815003991,34.823442036,36.5035768081,38.2383500149,39.6736792416,40.4101499039,41.0926978758,41.7496056856,42.1276029353,42.3159898856),.UNSPECIFIED.) ;
#5292=B_SPLINE_CURVE_WITH_KNOTS('',5,(#5293,#5294,#5295,#5296,#5297,#5298),.UNSPECIFIED.,.F.,.U.,(6,6),(0.,1.46241179297),.UNSPECIFIED.) ;
#5304=B_SPLINE_CURVE_WITH_KNOTS('',5,(#5305,#5306,#5307,#5308,#5309,#5310,#5311,#5312,#5313,#5314,#5315,#5316,#5317,#5318,#5319),.UNSPECIFIED.,.F.,.U.,(6,3,3,3,6),(11.6230818393,12.0471697713,12.8966191561,15.443694008,18.9422620319),.UNSPECIFIED.) ;
#5321=B_SPLINE_CURVE_WITH_KNOTS('',5,(#5322,#5323,#5324,#5325,#5326,#5327,#5328,#5329,#5330,#5331,#5332,#5333,#5334,#5335,#5336),.UNSPECIFIED.,.F.,.U.,(6,3,3,3,6),(11.6230818393,12.0471697713,12.8966191561,15.443694008,18.9422620319),.UNSPECIFIED.) ;
#5364=B_SPLINE_CURVE_WITH_KNOTS('',1,(#5365,#5366),.UNSPECIFIED.,.F.,.U.,(2,2),(-0.663954449597,0.663954449597),.UNSPECIFIED.) ;
#5560=B_SPLINE_CURVE_WITH_KNOTS('',5,(#5561,#5562,#5563,#5564,#5565,#5566,#5567,#5568,#5569,#5570,#5571,#5572),.UNSPECIFIED.,.F.,.U.,(6,3,3,6),(0.,2.56174170288,3.89644724394,5.59626625509),.UNSPECIFIED.) ;
#5690=B_SPLINE_CURVE_WITH_KNOTS('',4,(#5691,#5692,#5693,#5694,#5695),.UNSPECIFIED.,.F.,.U.,(5,5),(0.,1.7764606569),.UNSPECIFIED.) ;
#5790=B_SPLINE_CURVE_WITH_KNOTS('',5,(#5791,#5792,#5793,#5794,#5795,#5796),.UNSPECIFIED.,.F.,.U.,(6,6),(0.497767225376,4.90085992848),.UNSPECIFIED.) ;
#1022=B_SPLINE_SURFACE_WITH_KNOTS('',5,1,((#1023,#1024),(#1025,#1026),(#1027,#1028),(#1029,#1030),(#1031,#1032),(#1033,#1034),(#1035,#1036),(#1037,#1038),(#1039,#1040),(#1041,#1042),(#1043,#1044),(#1045,#1046),(#1047,#1048),(#1049,#1050),(#1051,#1052),(#1053,#1054),(#1055,#1056),(#1057,#1058),(#1059,#1060),(#1061,#1062),(#1063,#1064),(#1065,#1066),(#1067,#1068),(#1069,#1070)),.UNSPECIFIED.,.F.,.F.,.U.,(6,3,3,3,3,3,3,6),(2,2),(42.0126002633,42.3870344976,44.5419438117,47.6810990014,53.044624043,56.6225786208,59.0108830107,61.7361761565),(0.,1.28638700612),.UNSPECIFIED.) ;
#1110=B_SPLINE_SURFACE_WITH_KNOTS('',1,1,((#1111,#1112),(#1113,#1114)),.UNSPECIFIED.,.F.,.F.,.U.,(2,2),(2,2),(33.111386486,42.3159409362),(0.,1.41421356237),.UNSPECIFIED.) ;
#1132=B_SPLINE_SURFACE_WITH_KNOTS('',5,5,((#1133,#1134,#1135,#1136,#1137,#1138),(#1139,#1140,#1141,#1142,#1143,#1144),(#1145,#1146,#1147,#1148,#1149,#1150),(#1151,#1152,#1153,#1154,#1155,#1156),(#1157,#1158,#1159,#1160,#1161,#1162),(#1163,#1164,#1165,#1166,#1167,#1168),(#1169,#1170,#1171,#1172,#1173,#1174),(#1175,#1176,#1177,#1178,#1179,#1180),(#1181,#1182,#1183,#1184,#1185,#1186),(#1187,#1188,#1189,#1190,#1191,#1192),(#1193,#1194,#1195,#1196,#1197,#1198),(#1199,#1200,#1201,#1202,#1203,#1204)),.UNSPECIFIED.,.F.,.F.,.U.,(6,3,3,6),(6,6),(30.4528437453,32.1317465394,34.7490754946,37.7842969262),(0.,1.36020251642),.UNSPECIFIED.) ;
#1420=B_SPLINE_SURFACE_WITH_KNOTS('',5,5,((#1421,#1422,#1423,#1424,#1425,#1426,#1427,#1428,#1429),(#1430,#1431,#1432,#1433,#1434,#1435,#1436,#1437,#1438),(#1439,#1440,#1441,#1442,#1443,#1444,#1445,#1446,#1447),(#1448,#1449,#1450,#1451,#1452,#1453,#1454,#1455,#1456),(#1457,#1458,#1459,#1460,#1461,#1462,#1463,#1464,#1465),(#1466,#1467,#1468,#1469,#1470,#1471,#1472,#1473,#1474),(#1475,#1476,#1477,#1478,#1479,#1480,#1481,#1482,#1483),(#1484,#1485,#1486,#1487,#1488,#1489,#1490,#1491,#1492),(#1493,#1494,#1495,#1496,#1497,#1498,#1499,#1500,#1501),(#1502,#1503,#1504,#1505,#1506,#1507,#1508,#1509,#1510),(#1511,#1512,#1513,#1514,#1515,#1516,#1517,#1518,#1519),(#1520,#1521,#1522,#1523,#1524,#1525,#1526,#1527,#1528)),.UNSPECIFIED.,.F.,.F.,.U.,(6,3,3,6),(6,3,6),(12.9449472163,20.1062114416,26.0883897657,33.0853246463),(-1.65671067143E-009,0.999999999173,2.),.UNSPECIFIED.) ;
#1632=B_SPLINE_SURFACE_WITH_KNOTS('',5,5,((#1633,#1634,#1635,#1636,#1637,#1638,#1639,#1640,#1641),(#1642,#1643,#1644,#1645,#1646,#1647,#1648,#1649,#1650),(#1651,#1652,#1653,#1654,#1655,#1656,#1657,#1658,#1659),(#1660,#1661,#1662,#1663,#1664,#1665,#1666,#1667,#1668),(#1669,#1670,#1671,#1672,#1673,#1674,#1675,#1676,#1677),(#1678,#1679,#1680,#1681,#1682,#1683,#1684,#1685,#1686)),.UNSPECIFIED.,.F.,.F.,.U.,(6,6),(6,3,6),(7.07853695735,15.214835969),(0.,1.,2.),.UNSPECIFIED.) ;
#1850=B_SPLINE_SURFACE_WITH_KNOTS('',5,5,((#1851,#1852,#1853,#1854,#1855,#1856,#1857,#1858,#1859),(#1860,#1861,#1862,#1863,#1864,#1865,#1866,#1867,#1868),(#1869,#1870,#1871,#1872,#1873,#1874,#1875,#1876,#1877),(#1878,#1879,#1880,#1881,#1882,#1883,#1884,#1885,#1886),(#1887,#1888,#1889,#1890,#1891,#1892,#1893,#1894,#1895),(#1896,#1897,#1898,#1899,#1900,#1901,#1902,#1903,#1904)),.UNSPECIFIED.,.F.,.F.,.U.,(6,6),(6,3,6),(6.24231531206,9.72540562008),(0.,1.,2.),.UNSPECIFIED.) ;
#1971=B_SPLINE_SURFACE_WITH_KNOTS('',5,5,((#1972,#1973,#1974,#1975,#1976,#1977,#1978,#1979,#1980),(#1981,#1982,#1983,#1984,#1985,#1986,#1987,#1988,#1989),(#1990,#1991,#1992,#1993,#1994,#1995,#1996,#1997,#1998),(#1999,#2000,#2001,#2002,#2003,#2004,#2005,#2006,#2007),(#2008,#2009,#2010,#2011,#2012,#2013,#2014,#2015,#2016),(#2017,#2018,#2019,#2020,#2021,#2022,#2023,#2024,#2025),(#2026,#2027,#2028,#2029,#2030,#2031,#2032,#2033,#2034),(#2035,#2036,#2037,#2038,#2039,#2040,#2041,#2042,#2043),(#2044,#2045,#2046,#2047,#2048,#2049,#2050,#2051,#2052),(#2053,#2054,#2055,#2056,#2057,#2058,#2059,#2060,#2061),(#2062,#2063,#2064,#2065,#2066,#2067,#2068,#2069,#2070),(#2071,#2072,#2073,#2074,#2075,#2076,#2077,#2078,#2079)),.UNSPECIFIED.,.F.,.F.,.U.,(6,3,3,6),(6,3,6),(4.70043674943,6.24019058471,8.01909406794,10.9206136509),(0.,1.,2.),.UNSPECIFIED.) ;
#2813=B_SPLINE_SURFACE_WITH_KNOTS('',5,5,((#2814,#2815,#2816,#2817,#2818,#2819),(#2820,#2821,#2822,#2823,#2824,#2825),(#2826,#2827,#2828,#2829,#2830,#2831),(#2832,#2833,#2834,#2835,#2836,#2837),(#2838,#2839,#2840,#2841,#2842,#2843),(#2844,#2845,#2846,#2847,#2848,#2849)),.UNSPECIFIED.,.F.,.F.,.U.,(6,6),(6,6),(2.91457863885,8.39692986373),(0.,2.),.UNSPECIFIED.) ;
#3265=B_SPLINE_SURFACE_WITH_KNOTS('',5,5,((#3266,#3267,#3268,#3269,#3270,#3271,#3272,#3273,#3274),(#3275,#3276,#3277,#3278,#3279,#3280,#3281,#3282,#3283),(#3284,#3285,#3286,#3287,#3288,#3289,#3290,#3291,#3292),(#3293,#3294,#3295,#3296,#3297,#3298,#3299,#3300,#3301),(#3302,#3303,#3304,#3305,#3306,#3307,#3308,#3309,#3310),(#3311,#3312,#3313,#3314,#3315,#3316,#3317,#3318,#3319),(#3320,#3321,#3322,#3323,#3324,#3325,#3326,#3327,#3328),(#3329,#3330,#3331,#3332,#3333,#3334,#3335,#3336,#3337),(#3338,#3339,#3340,#3341,#3342,#3343,#3344,#3345,#3346),(#3347,#3348,#3349,#3350,#3351,#3352,#3353,#3354,#3355),(#3356,#3357,#3358,#3359,#3360,#3361,#3362,#3363,#3364),(#3365,#3366,#3367,#3368,#3369,#3370,#3371,#3372,#3373)),.UNSPECIFIED.,.F.,.F.,.U.,(6,3,3,6),(6,3,6),(12.9485551447,20.9032971984,25.9656497512,33.0906558733),(0.,1.,2.),.UNSPECIFIED.) ;
#3413=B_SPLINE_SURFACE_WITH_KNOTS('',5,5,((#3414,#3415,#3416,#3417,#3418,#3419,#3420,#3421,#3422),(#3423,#3424,#3425,#3426,#3427,#3428,#3429,#3430,#3431),(#3432,#3433,#3434,#3435,#3436,#3437,#3438,#3439,#3440),(#3441,#3442,#3443,#3444,#3445,#3446,#3447,#3448,#3449),(#3450,#3451,#3452,#3453,#3454,#3455,#3456,#3457,#3458),(#3459,#3460,#3461,#3462,#3463,#3464,#3465,#3466,#3467)),.UNSPECIFIED.,.F.,.F.,.U.,(6,6),(6,3,6),(7.19549027176,10.5566865891),(0.,1.,2.),.UNSPECIFIED.) ;
#3475=B_SPLINE_SURFACE_WITH_KNOTS('',5,5,((#3476,#3477,#3478,#3479,#3480,#3481,#3482,#3483,#3484),(#3485,#3486,#3487,#3488,#3489,#3490,#3491,#3492,#3493),(#3494,#3495,#3496,#3497,#3498,#3499,#3500,#3501,#3502),(#3503,#3504,#3505,#3506,#3507,#3508,#3509,#3510,#3511),(#3512,#3513,#3514,#3515,#3516,#3517,#3518,#3519,#3520),(#3521,#3522,#3523,#3524,#3525,#3526,#3527,#3528,#3529),(#3530,#3531,#3532,#3533,#3534,#3535,#3536,#3537,#3538),(#3539,#3540,#3541,#3542,#3543,#3544,#3545,#3546,#3547),(#3548,#3549,#3550,#3551,#3552,#3553,#3554,#3555,#3556),(#3557,#3558,#3559,#3560,#3561,#3562,#3563,#3564,#3565),(#3566,#3567,#3568,#3569,#3570,#3571,#3572,#3573,#3574),(#3575,#3576,#3577,#3578,#3579,#3580,#3581,#3582,#3583)),.UNSPECIFIED.,.F.,.F.,.U.,(6,3,3,6),(6,3,6),(3.53135558105,4.85987393455,7.2090153622,9.74974762547),(0.,1.,2.),.UNSPECIFIED.) ;
#3652=B_SPLINE_SURFACE_WITH_KNOTS('',5,5,((#3653,#3654,#3655,#3656,#3657,#3658,#3659,#3660,#3661),(#3662,#3663,#3664,#3665,#3666,#3667,#3668,#3669,#3670),(#3671,#3672,#3673,#3674,#3675,#3676,#3677,#3678,#3679),(#3680,#3681,#3682,#3683,#3684,#3685,#3686,#3687,#3688),(#3689,#3690,#3691,#3692,#3693,#3694,#3695,#3696,#3697),(#3698,#3699,#3700,#3701,#3702,#3703,#3704,#3705,#3706)),.UNSPECIFIED.,.F.,.F.,.U.,(6,6),(6,3,6),(9.72485653746,13.2079944835),(0.,1.,2.),.UNSPECIFIED.) ;
#3959=B_SPLINE_SURFACE_WITH_KNOTS('',5,5,((#3960,#3961,#3962,#3963,#3964,#3965,#3966,#3967,#3968),(#3969,#3970,#3971,#3972,#3973,#3974,#3975,#3976,#3977),(#3978,#3979,#3980,#3981,#3982,#3983,#3984,#3985,#3986),(#3987,#3988,#3989,#3990,#3991,#3992,#3993,#3994,#3995),(#3996,#3997,#3998,#3999,#4000,#4001,#4002,#4003,#4004),(#4005,#4006,#4007,#4008,#4009,#4010,#4011,#4012,#4013),(#4014,#4015,#4016,#4017,#4018,#4019,#4020,#4021,#4022),(#4023,#4024,#4025,#4026,#4027,#4028,#4029,#4030,#4031),(#4032,#4033,#4034,#4035,#4036,#4037,#4038,#4039,#4040),(#4041,#4042,#4043,#4044,#4045,#4046,#4047,#4048,#4049),(#4050,#4051,#4052,#4053,#4054,#4055,#4056,#4057,#4058),(#4059,#4060,#4061,#4062,#4063,#4064,#4065,#4066,#4067)),.UNSPECIFIED.,.F.,.F.,.U.,(6,3,3,6),(6,3,6),(3.53135659283,4.85987467873,7.20901440552,9.74974762531),(0.,1.,2.),.UNSPECIFIED.) ;
#4146=B_SPLINE_SURFACE_WITH_KNOTS('',5,5,((#4147,#4148,#4149,#4150,#4151,#4152,#4153,#4154,#4155),(#4156,#4157,#4158,#4159,#4160,#4161,#4162,#4163,#4164),(#4165,#4166,#4167,#4168,#4169,#4170,#4171,#4172,#4173),(#4174,#4175,#4176,#4177,#4178,#4179,#4180,#4181,#4182),(#4183,#4184,#4185,#4186,#4187,#4188,#4189,#4190,#4191),(#4192,#4193,#4194,#4195,#4196,#4197,#4198,#4199,#4200)),.UNSPECIFIED.,.F.,.F.,.U.,(6,6),(6,3,6),(7.19548170916,10.5566824641),(0.,1.,2.),.UNSPECIFIED.) ;
#4215=B_SPLINE_SURFACE_WITH_KNOTS('',5,5,((#4216,#4217,#4218,#4219,#4220,#4221),(#4222,#4223,#4224,#4225,#4226,#4227),(#4228,#4229,#4230,#4231,#4232,#4233),(#4234,#4235,#4236,#4237,#4238,#4239),(#4240,#4241,#4242,#4243,#4244,#4245),(#4246,#4247,#4248,#4249,#4250,#4251)),.UNSPECIFIED.,.F.,.F.,.U.,(6,6),(6,6),(2.91457863883,8.39692986369),(0.,2.),.UNSPECIFIED.) ;
#4448=B_SPLINE_SURFACE_WITH_KNOTS('',5,5,((#4449,#4450,#4451,#4452,#4453,#4454),(#4455,#4456,#4457,#4458,#4459,#4460),(#4461,#4462,#4463,#4464,#4465,#4466),(#4467,#4468,#4469,#4470,#4471,#4472),(#4473,#4474,#4475,#4476,#4477,#4478),(#4479,#4480,#4481,#4482,#4483,#4484),(#4485,#4486,#4487,#4488,#4489,#4490),(#4491,#4492,#4493,#4494,#4495,#4496),(#4497,#4498,#4499,#4500,#4501,#4502),(#4503,#4504,#4505,#4506,#4507,#4508),(#4509,#4510,#4511,#4512,#4513,#4514),(#4515,#4516,#4517,#4518,#4519,#4520),(#4521,#4522,#4523,#4524,#4525,#4526),(#4527,#4528,#4529,#4530,#4531,#4532),(#4533,#4534,#4535,#4536,#4537,#4538),(#4539,#4540,#4541,#4542,#4543,#4544),(#4545,#4546,#4547,#4548,#4549,#4550),(#4551,#4552,#4553,#4554,#4555,#4556),(#4557,#4558,#4559,#4560,#4561,#4562),(#4563,#4564,#4565,#4566,#4567,#4568),(#4569,#4570,#4571,#4572,#4573,#4574),(#4575,#4576,#4577,#4578,#4579,#4580),(#4581,#4582,#4583,#4584,#4585,#4586),(#4587,#4588,#4589,#4590,#4591,#4592),(#4593,#4594,#4595,#4596,#4597,#4598),(#4599,#4600,#4601,#4602,#4603,#4604),(#4605,#4606,#4607,#4608,#4609,#4610)),.UNSPECIFIED.,.F.,.F.,.U.,(6,3,3,3,3,3,3,3,6),(6,6),(13.383685442,16.1263569753,17.5348783036,18.8935894293,20.0715464285,20.6109276165,21.0594240553,21.400488091,21.5707644419),(0.,1.41421356237),.UNSPECIFIED.) ;
#4657=B_SPLINE_SURFACE_WITH_KNOTS('',5,5,((#4658,#4659,#4660,#4661,#4662,#4663),(#4664,#4665,#4666,#4667,#4668,#4669),(#4670,#4671,#4672,#4673,#4674,#4675),(#4676,#4677,#4678,#4679,#4680,#4681),(#4682,#4683,#4684,#4685,#4686,#4687),(#4688,#4689,#4690,#4691,#4692,#4693),(#4694,#4695,#4696,#4697,#4698,#4699),(#4700,#4701,#4702,#4703,#4704,#4705),(#4706,#4707,#4708,#4709,#4710,#4711),(#4712,#4713,#4714,#4715,#4716,#4717),(#4718,#4719,#4720,#4721,#4722,#4723),(#4724,#4725,#4726,#4727,#4728,#4729),(#4730,#4731,#4732,#4733,#4734,#4735),(#4736,#4737,#4738,#4739,#4740,#4741),(#4742,#4743,#4744,#4745,#4746,#4747),(#4748,#4749,#4750,#4751,#4752,#4753),(#4754,#4755,#4756,#4757,#4758,#4759),(#4760,#4761,#4762,#4763,#4764,#4765),(#4766,#4767,#4768,#4769,#4770,#4771),(#4772,#4773,#4774,#4775,#4776,#4777),(#4778,#4779,#4780,#4781,#4782,#4783),(#4784,#4785,#4786,#4787,#4788,#4789),(#4790,#4791,#4792,#4793,#4794,#4795),(#4796,#4797,#4798,#4799,#4800,#4801),(#4802,#4803,#4804,#4805,#4806,#4807),(#4808,#4809,#4810,#4811,#4812,#4813),(#4814,#4815,#4816,#4817,#4818,#4819),(#4820,#4821,#4822,#4823,#4824,#4825),(#4826,#4827,#4828,#4829,#4830,#4831),(#4832,#4833,#4834,#4835,#4836,#4837),(#4838,#4839,#4840,#4841,#4842,#4843),(#4844,#4845,#4846,#4847,#4848,#4849),(#4850,#4851,#4852,#4853,#4854,#4855),(#4856,#4857,#4858,#4859,#4860,#4861),(#4862,#4863,#4864,#4865,#4866,#4867),(#4868,#4869,#4870,#4871,#4872,#4873)),.UNSPECIFIED.,.F.,.F.,.U.,(6,3,3,3,3,3,3,3,3,3,3,6),(6,6),(9.90204020657,10.3356200555,11.2040817781,13.8120749056,16.7009181196,18.7231253061,23.6736219748,25.9244492061,27.0493810468,28.0753704998,29.0592523123,29.5504556855),(0.,1.29195845782),.UNSPECIFIED.) ;
#4929=B_SPLINE_SURFACE_WITH_KNOTS('',5,5,((#4930,#4931,#4932,#4933,#4934,#4935),(#4936,#4937,#4938,#4939,#4940,#4941),(#4942,#4943,#4944,#4945,#4946,#4947),(#4948,#4949,#4950,#4951,#4952,#4953),(#4954,#4955,#4956,#4957,#4958,#4959),(#4960,#4961,#4962,#4963,#4964,#4965),(#4966,#4967,#4968,#4969,#4970,#4971),(#4972,#4973,#4974,#4975,#4976,#4977),(#4978,#4979,#4980,#4981,#4982,#4983),(#4984,#4985,#4986,#4987,#4988,#4989),(#4990,#4991,#4992,#4993,#4994,#4995),(#4996,#4997,#4998,#4999,#5000,#5001),(#5002,#5003,#5004,#5005,#5006,#5007),(#5008,#5009,#5010,#5011,#5012,#5013),(#5014,#5015,#5016,#5017,#5018,#5019),(#5020,#5021,#5022,#5023,#5024,#5025),(#5026,#5027,#5028,#5029,#5030,#5031),(#5032,#5033,#5034,#5035,#5036,#5037),(#5038,#5039,#5040,#5041,#5042,#5043),(#5044,#5045,#5046,#5047,#5048,#5049),(#5050,#5051,#5052,#5053,#5054,#5055),(#5056,#5057,#5058,#5059,#5060,#5061),(#5062,#5063,#5064,#5065,#5066,#5067),(#5068,#5069,#5070,#5071,#5072,#5073),(#5074,#5075,#5076,#5077,#5078,#5079),(#5080,#5081,#5082,#5083,#5084,#5085),(#5086,#5087,#5088,#5089,#5090,#5091),(#5092,#5093,#5094,#5095,#5096,#5097),(#5098,#5099,#5100,#5101,#5102,#5103),(#5104,#5105,#5106,#5107,#5108,#5109),(#5110,#5111,#5112,#5113,#5114,#5115),(#5116,#5117,#5118,#5119,#5120,#5121),(#5122,#5123,#5124,#5125,#5126,#5127),(#5128,#5129,#5130,#5131,#5132,#5133),(#5134,#5135,#5136,#5137,#5138,#5139),(#5140,#5141,#5142,#5143,#5144,#5145)),.UNSPECIFIED.,.F.,.F.,.U.,(6,3,3,3,3,3,3,3,3,3,3,6),(6,6),(33.1113855979,33.3012338292,33.6815003991,34.823442036,36.5035768081,38.2383500149,39.6736792416,40.4101499039,41.0926978758,41.7496056856,42.1276029353,42.3159898856),(0.,1.41421356237),.UNSPECIFIED.) ;
#5201=B_SPLINE_SURFACE_WITH_KNOTS('',5,5,((#5202,#5203,#5204,#5205,#5206,#5207),(#5208,#5209,#5210,#5211,#5212,#5213),(#5214,#5215,#5216,#5217,#5218,#5219),(#5220,#5221,#5222,#5223,#5224,#5225),(#5226,#5227,#5228,#5229,#5230,#5231),(#5232,#5233,#5234,#5235,#5236,#5237),(#5238,#5239,#5240,#5241,#5242,#5243),(#5244,#5245,#5246,#5247,#5248,#5249),(#5250,#5251,#5252,#5253,#5254,#5255),(#5256,#5257,#5258,#5259,#5260,#5261),(#5262,#5263,#5264,#5265,#5266,#5267),(#5268,#5269,#5270,#5271,#5272,#5273),(#5274,#5275,#5276,#5277,#5278,#5279),(#5280,#5281,#5282,#5283,#5284,#5285),(#5286,#5287,#5288,#5289,#5290,#5291)),.UNSPECIFIED.,.F.,.F.,.U.,(6,3,3,3,6),(6,6),(11.6230818393,12.0471697713,12.8966191561,15.443694008,18.9422620319),(0.,1.46241179297),.UNSPECIFIED.) ;
#5451=B_SPLINE_SURFACE_WITH_KNOTS('',5,5,((#5452,#5453,#5454,#5455,#5456,#5457,#5458,#5459,#5460),(#5461,#5462,#5463,#5464,#5465,#5466,#5467,#5468,#5469),(#5470,#5471,#5472,#5473,#5474,#5475,#5476,#5477,#5478),(#5479,#5480,#5481,#5482,#5483,#5484,#5485,#5486,#5487),(#5488,#5489,#5490,#5491,#5492,#5493,#5494,#5495,#5496),(#5497,#5498,#5499,#5500,#5501,#5502,#5503,#5504,#5505),(#5506,#5507,#5508,#5509,#5510,#5511,#5512,#5513,#5514),(#5515,#5516,#5517,#5518,#5519,#5520,#5521,#5522,#5523),(#5524,#5525,#5526,#5527,#5528,#5529,#5530,#5531,#5532),(#5533,#5534,#5535,#5536,#5537,#5538,#5539,#5540,#5541),(#5542,#5543,#5544,#5545,#5546,#5547,#5548,#5549,#5550),(#5551,#5552,#5553,#5554,#5555,#5556,#5557,#5558,#5559)),.UNSPECIFIED.,.F.,.F.,.U.,(6,3,3,6),(6,3,6),(9.4464777953,12.4311174613,14.2531326228,15.6665146416),(0.,1.,2.),.UNSPECIFIED.) ;
#5635=B_SPLINE_SURFACE_WITH_KNOTS('',5,5,((#5636,#5637,#5638,#5639,#5640,#5641,#5642,#5643,#5644),(#5645,#5646,#5647,#5648,#5649,#5650,#5651,#5652,#5653),(#5654,#5655,#5656,#5657,#5658,#5659,#5660,#5661,#5662),(#5663,#5664,#5665,#5666,#5667,#5668,#5669,#5670,#5671),(#5672,#5673,#5674,#5675,#5676,#5677,#5678,#5679,#5680),(#5681,#5682,#5683,#5684,#5685,#5686,#5687,#5688,#5689)),.UNSPECIFIED.,.F.,.F.,.U.,(6,6),(6,3,6),(7.56497107541,15.6987634024),(0.,1.,2.),.UNSPECIFIED.) ;
#5943=MANIFOLD_SOLID_BREP('PartBody',#51) ;
#11=CALENDAR_DATE(2026,3,2) ;
#30=CC_DESIGN_APPROVAL(#21,(#16,#6,#14)) ;
#18=CC_DESIGN_DATE_AND_TIME_ASSIGNMENT(#13,#17,(#16)) ;
#29=CC_DESIGN_DATE_AND_TIME_ASSIGNMENT(#13,#28,(#14)) ;
#17=DATE_TIME_ROLE('classification_date') ;
#28=DATE_TIME_ROLE('creation_date') ;
#27=CC_DESIGN_PERSON_AND_ORGANIZATION_ASSIGNMENT(#25,#26,(#16)) ;
#33=CC_DESIGN_PERSON_AND_ORGANIZATION_ASSIGNMENT(#25,#34,(#6)) ;
#35=CC_DESIGN_PERSON_AND_ORGANIZATION_ASSIGNMENT(#25,#36,(#6,#14)) ;
#37=CC_DESIGN_PERSON_AND_ORGANIZATION_ASSIGNMENT(#25,#38,(#5)) ;
#26=PERSON_AND_ORGANIZATION_ROLE('classification_officer') ;
#34=PERSON_AND_ORGANIZATION_ROLE('design_supplier') ;
#36=PERSON_AND_ORGANIZATION_ROLE('creator') ;
#38=PERSON_AND_ORGANIZATION_ROLE('design_owner') ;
#39=CC_DESIGN_SECURITY_CLASSIFICATION(#16,(#6)) ;
#60=CIRCLE('generated circle',#59,2.) ;
#76=CIRCLE('generated circle',#75,2.) ;
#180=CIRCLE('generated circle',#179,1.) ;
#194=CIRCLE('generated circle',#193,2.) ;
#213=CIRCLE('generated circle',#212,2.) ;
#268=CIRCLE('generated circle',#267,4.) ;
#296=CIRCLE('generated circle',#295,4.) ;
#303=CIRCLE('generated circle',#302,2.) ;
#409=CIRCLE('generated circle',#408,1.) ;
#423=CIRCLE('generated circle',#422,1.) ;
#474=CIRCLE('generated circle',#473,4.) ;
#488=CIRCLE('generated circle',#487,4.) ;
#502=CIRCLE('generated circle',#501,4.) ;
#516=CIRCLE('generated circle',#515,4.) ;
#546=CIRCLE('generated circle',#545,1.) ;
#551=CIRCLE('generated circle',#550,1.) ;
#575=CIRCLE('generated circle',#574,4.) ;
#630=CIRCLE('generated circle',#629,4.) ;
#654=CIRCLE('generated circle',#653,4.) ;
#709=CIRCLE('generated circle',#708,4.) ;
#790=CIRCLE('generated circle',#789,3.) ;
#843=CIRCLE('generated circle',#842,1.) ;
#857=CIRCLE('generated circle',#856,2.) ;
#871=CIRCLE('generated circle',#870,2.) ;
#989=CIRCLE('generated circle',#988,2.) ;
#1269=CIRCLE('generated circle',#1268,2.) ;
#1295=CIRCLE('generated circle',#1294,2.) ;
#1326=CIRCLE('generated circle',#1325,1.) ;
#1792=CIRCLE('generated circle',#1791,3.1) ;
#1811=CIRCLE('generated circle',#1810,1.99999674025) ;
#1818=CIRCLE('generated circle',#1817,1.99999674025) ;
#1834=CIRCLE('generated circle',#1833,2.) ;
#1938=CIRCLE('generated circle',#1937,4.) ;
#2187=CIRCLE('generated circle',#2186,4.) ;
#2213=CIRCLE('generated circle',#2212,2.) ;
#2256=CIRCLE('generated circle',#2255,2.) ;
#2376=CIRCLE('generated circle',#2375,3.1) ;
#2489=CIRCLE('generated circle',#2488,3.) ;
#2505=CIRCLE('generated circle',#2504,3.) ;
#2524=CIRCLE('generated circle',#2523,3.) ;
#2529=CIRCLE('generated circle',#2528,3.) ;
#2546=CIRCLE('generated circle',#2545,3.) ;
#2562=CIRCLE('generated circle',#2561,3.) ;
#2581=CIRCLE('generated circle',#2580,3.) ;
#2586=CIRCLE('generated circle',#2585,3.) ;
#2603=CIRCLE('generated circle',#2602,3.) ;
#2619=CIRCLE('generated circle',#2618,3.) ;
#2638=CIRCLE('generated circle',#2637,3.) ;
#2643=CIRCLE('generated circle',#2642,3.) ;
#2660=CIRCLE('generated circle',#2659,3.) ;
#2676=CIRCLE('generated circle',#2675,3.) ;
#2695=CIRCLE('generated circle',#2694,3.) ;
#2700=CIRCLE('generated circle',#2699,3.) ;
#2717=CIRCLE('generated circle',#2716,3.) ;
#2733=CIRCLE('generated circle',#2732,3.) ;
#2752=CIRCLE('generated circle',#2751,3.) ;
#2757=CIRCLE('generated circle',#2756,3.) ;
#2889=CIRCLE('generated circle',#2888,2.) ;
#2894=CIRCLE('generated circle',#2893,2.) ;
#2943=CIRCLE('generated circle',#2942,1.2295) ;
#2955=CIRCLE('generated circle',#2954,1.2295) ;
#2986=CIRCLE('generated circle',#2985,1.2295) ;
#2998=CIRCLE('generated circle',#2997,1.2295) ;
#3029=CIRCLE('generated circle',#3028,1.2295) ;
#3041=CIRCLE('generated circle',#3040,1.2295) ;
#3072=CIRCLE('generated circle',#3071,1.2295) ;
#3084=CIRCLE('generated circle',#3083,1.2295) ;
#3115=CIRCLE('generated circle',#3114,1.2295) ;
#3127=CIRCLE('generated circle',#3126,1.2295) ;
#3144=CIRCLE('generated circle',#3143,2.) ;
#3149=CIRCLE('generated circle',#3148,2.) ;
#3242=CIRCLE('generated circle',#3241,1.99999977528) ;
#3247=CIRCLE('generated circle',#3246,1.99999977528) ;
#3752=CIRCLE('generated circle',#3751,1.2295) ;
#3778=CIRCLE('generated circle',#3777,1.2295) ;
#3795=CIRCLE('generated circle',#3794,1.2295) ;
#3821=CIRCLE('generated circle',#3820,1.2295) ;
#3838=CIRCLE('generated circle',#3837,1.2295) ;
#3864=CIRCLE('generated circle',#3863,1.2295) ;
#3881=CIRCLE('generated circle',#3880,1.2295) ;
#3907=CIRCLE('generated circle',#3906,1.2295) ;
#3924=CIRCLE('generated circle',#3923,1.2295) ;
#3950=CIRCLE('generated circle',#3949,1.2295) ;
#4104=CIRCLE('generated circle',#4103,2.) ;
#4121=CIRCLE('generated circle',#4120,2.) ;
#4137=CIRCLE('generated circle',#4136,2.) ;
#4321=CIRCLE('generated circle',#4320,2.) ;
#4326=CIRCLE('generated circle',#4325,2.) ;
#4439=CIRCLE('generated circle',#4438,3.) ;
#5383=CIRCLE('generated circle',#5382,16.) ;
#5390=CIRCLE('generated circle',#5389,16.) ;
#5397=CIRCLE('generated circle',#5396,16.) ;
#5404=CIRCLE('generated circle',#5403,16.) ;
#5442=CIRCLE('generated circle',#5441,2.) ;
#5584=CIRCLE('generated circle',#5583,24.) ;
#5591=CIRCLE('generated circle',#5590,24.) ;
#5725=CIRCLE('generated circle',#5724,24.) ;
#5732=CIRCLE('generated circle',#5731,24.) ;
#5750=CIRCLE('generated circle',#5749,1.) ;
#5813=CIRCLE('generated circle',#5812,2.) ;
#5868=CIRCLE('generated circle',#5867,2.) ;
#978=CONICAL_SURFACE('Cone',#977,0.,0.785398163397) ;
#2925=CONICAL_SURFACE('Cone',#2924,1.2295,0.785398163397) ;
#2968=CONICAL_SURFACE('Cone',#2967,1.2295,0.785398163397) ;
#3011=CONICAL_SURFACE('Cone',#3010,1.2295,0.785398163397) ;
#3054=CONICAL_SURFACE('Cone',#3053,1.2295,0.785398163397) ;
#3097=CONICAL_SURFACE('Cone',#3096,1.2295,0.785398163397) ;
#4428=CONICAL_SURFACE('Cone',#4427,0.,0.785398163397) ;
#5945=SHAPE_REPRESENTATION_RELATIONSHIP(' ',' ',#49,#5944) ;
#56=CYLINDRICAL_SURFACE('generated cylinder',#55,2.) ;
#209=CYLINDRICAL_SURFACE('generated cylinder',#208,2.) ;
#233=CYLINDRICAL_SURFACE('generated cylinder',#232,4.) ;
#316=CYLINDRICAL_SURFACE('generated cylinder',#315,2.) ;
#396=CYLINDRICAL_SURFACE('generated cylinder',#395,1.) ;
#533=CYLINDRICAL_SURFACE('generated cylinder',#532,1.) ;
#564=CYLINDRICAL_SURFACE('generated cylinder',#563,4.) ;
#619=CYLINDRICAL_SURFACE('generated cylinder',#618,4.) ;
#643=CYLINDRICAL_SURFACE('generated cylinder',#642,4.) ;
#698=CYLINDRICAL_SURFACE('generated cylinder',#697,4.) ;
#1315=CYLINDRICAL_SURFACE('generated cylinder',#1314,1.) ;
#1346=CYLINDRICAL_SURFACE('generated cylinder',#1345,2.) ;
#1729=CYLINDRICAL_SURFACE('generated cylinder',#1728,2.) ;
#1756=CYLINDRICAL_SURFACE('generated cylinder',#1755,3.1) ;
#1830=CYLINDRICAL_SURFACE('generated cylinder',#1829,2.) ;
#1927=CYLINDRICAL_SURFACE('generated cylinder',#1926,4.) ;
#2142=CYLINDRICAL_SURFACE('generated cylinder',#2141,2.) ;
#2183=CYLINDRICAL_SURFACE('generated cylinder',#2182,4.) ;
#2226=CYLINDRICAL_SURFACE('generated cylinder',#2225,2.) ;
#2252=CYLINDRICAL_SURFACE('generated cylinder',#2251,2.) ;
#2295=CYLINDRICAL_SURFACE('generated cylinder',#2294,2.) ;
#2354=CYLINDRICAL_SURFACE('generated cylinder',#2353,3.1) ;
#2426=CYLINDRICAL_SURFACE('generated cylinder',#2425,2.) ;
#2485=CYLINDRICAL_SURFACE('generated cylinder',#2484,3.) ;
#2542=CYLINDRICAL_SURFACE('generated cylinder',#2541,3.) ;
#2599=CYLINDRICAL_SURFACE('generated cylinder',#2598,3.) ;
#2656=CYLINDRICAL_SURFACE('generated cylinder',#2655,3.) ;
#2713=CYLINDRICAL_SURFACE('generated cylinder',#2712,3.) ;
#2885=CYLINDRICAL_SURFACE('generated cylinder',#2884,2.) ;
#3140=CYLINDRICAL_SURFACE('generated cylinder',#3139,2.) ;
#3748=CYLINDRICAL_SURFACE('generated cylinder',#3747,1.2295) ;
#3791=CYLINDRICAL_SURFACE('generated cylinder',#3790,1.2295) ;
#3834=CYLINDRICAL_SURFACE('generated cylinder',#3833,1.2295) ;
#3877=CYLINDRICAL_SURFACE('generated cylinder',#3876,1.2295) ;
#3920=CYLINDRICAL_SURFACE('generated cylinder',#3919,1.2295) ;
#4100=CYLINDRICAL_SURFACE('generated cylinder',#4099,2.) ;
#4133=CYLINDRICAL_SURFACE('generated cylinder',#4132,2.) ;
#4317=CYLINDRICAL_SURFACE('generated cylinder',#4316,2.) ;
#5379=CYLINDRICAL_SURFACE('generated cylinder',#5378,16.) ;
#5426=CYLINDRICAL_SURFACE('generated cylinder',#5425,2.) ;
#5438=CYLINDRICAL_SURFACE('generated cylinder',#5437,2.) ;
#5709=CYLINDRICAL_SURFACE('generated cylinder',#5708,4.) ;
#5721=CYLINDRICAL_SURFACE('generated cylinder',#5720,24.) ;
#5789=CYLINDRICAL_SURFACE('generated cylinder',#5788,2.) ;
#5864=CYLINDRICAL_SURFACE('generated cylinder',#5863,2.) ;
#283=TOROIDAL_SURFACE('homeo Torus',#282,6.,2.) ;
#2200=TOROIDAL_SURFACE('homeo Torus',#2199,6.,2.) ;
#3=DESIGN_CONTEXT(' ',#1,'design') ;
#65=EDGE_CURVE('',#62,#64,#60,.T.) ;
#72=EDGE_CURVE('',#71,#62,#69,.F.) ;
#79=EDGE_CURVE('',#71,#78,#76,.T.) ;
#84=EDGE_CURVE('',#78,#64,#83,.F.) ;
#103=EDGE_CURVE('',#64,#102,#100,.T.) ;
#110=EDGE_CURVE('',#78,#109,#107,.T.) ;
#115=EDGE_CURVE('',#109,#102,#114,.T.) ;
#136=EDGE_CURVE('',#133,#135,#131,.F.) ;
#143=EDGE_CURVE('',#133,#142,#140,.T.) ;
#150=EDGE_CURVE('',#149,#142,#147,.F.) ;
#157=EDGE_CURVE('',#156,#149,#154,.T.) ;
#162=EDGE_CURVE('',#135,#156,#161,.F.) ;
#176=EDGE_CURVE('',#175,#71,#173,.T.) ;
#183=EDGE_CURVE('',#182,#175,#180,.F.) ;
#190=EDGE_CURVE('',#189,#182,#187,.T.) ;
#195=EDGE_CURVE('',#109,#189,#194,.F.) ;
#216=EDGE_CURVE('',#102,#215,#213,.T.) ;
#221=EDGE_CURVE('',#189,#215,#220,.F.) ;
#242=EDGE_CURVE('',#241,#133,#234,.F.) ;
#249=EDGE_CURVE('',#248,#241,#246,.F.) ;
#257=EDGE_CURVE('',#248,#256,#250,.F.) ;
#264=EDGE_CURVE('',#263,#256,#261,.F.) ;
#269=EDGE_CURVE('',#142,#263,#268,.F.) ;
#292=EDGE_CURVE('',#256,#291,#284,.F.) ;
#299=EDGE_CURVE('',#248,#298,#296,.T.) ;
#304=EDGE_CURVE('',#298,#291,#303,.F.) ;
#334=EDGE_CURVE('',#331,#333,#317,.F.) ;
#341=EDGE_CURVE('',#340,#331,#338,.T.) ;
#347=EDGE_CURVE('',#291,#340,#342,.F.) ;
#352=EDGE_CURVE('',#298,#333,#351,.T.) ;
#374=EDGE_CURVE('',#371,#373,#369,.F.) ;
#379=EDGE_CURVE('',#333,#371,#378,.F.) ;
#384=EDGE_CURVE('',#298,#373,#383,.T.) ;
#405=EDGE_CURVE('',#402,#404,#400,.F.) ;
#412=EDGE_CURVE('',#404,#411,#409,.F.) ;
#419=EDGE_CURVE('',#418,#411,#416,.F.) ;
#424=EDGE_CURVE('',#402,#418,#423,.F.) ;
#445=EDGE_CURVE('',#442,#444,#440,.T.) ;
#450=EDGE_CURVE('',#444,#404,#449,.T.) ;
#455=EDGE_CURVE('',#442,#402,#454,.T.) ;
#470=EDGE_CURVE('',#467,#469,#465,.T.) ;
#477=EDGE_CURVE('',#467,#476,#474,.T.) ;
#484=EDGE_CURVE('',#476,#483,#481,.T.) ;
#491=EDGE_CURVE('',#483,#490,#488,.T.) ;
#498=EDGE_CURVE('',#497,#490,#495,.T.) ;
#505=EDGE_CURVE('',#497,#504,#502,.T.) ;
#512=EDGE_CURVE('',#504,#511,#509,.T.) ;
#517=EDGE_CURVE('',#511,#469,#516,.T.) ;
#542=EDGE_CURVE('',#539,#541,#537,.F.) ;
#547=EDGE_CURVE('',#541,#444,#546,.F.) ;
#552=EDGE_CURVE('',#539,#442,#551,.F.) ;
#571=EDGE_CURVE('',#570,#511,#568,.F.) ;
#578=EDGE_CURVE('',#570,#577,#575,.T.) ;
#583=EDGE_CURVE('',#577,#469,#582,.F.) ;
#602=EDGE_CURVE('',#601,#504,#599,.T.) ;
#607=EDGE_CURVE('',#601,#570,#606,.T.) ;
#626=EDGE_CURVE('',#625,#497,#623,.F.) ;
#631=EDGE_CURVE('',#625,#601,#630,.T.) ;
#650=EDGE_CURVE('',#649,#483,#647,.F.) ;
#657=EDGE_CURVE('',#649,#656,#654,.T.) ;
#662=EDGE_CURVE('',#656,#490,#661,.F.) ;
#681=EDGE_CURVE('',#680,#476,#678,.T.) ;
#686=EDGE_CURVE('',#680,#649,#685,.T.) ;
#705=EDGE_CURVE('',#704,#467,#702,.F.) ;
#710=EDGE_CURVE('',#704,#680,#709,.T.) ;
#731=EDGE_CURVE('',#728,#730,#726,.T.) ;
#744=EDGE_CURVE('',#730,#743,#732,.F.) ;
#751=EDGE_CURVE('',#743,#750,#748,.F.) ;
#779=EDGE_CURVE('',#750,#778,#752,.F.) ;
#786=EDGE_CURVE('',#778,#785,#783,.F.) ;
#793=EDGE_CURVE('',#785,#792,#790,.T.) ;
#800=EDGE_CURVE('',#792,#799,#797,.F.) ;
#807=EDGE_CURVE('',#799,#806,#804,.T.) ;
#812=EDGE_CURVE('',#806,#541,#811,.T.) ;
#817=EDGE_CURVE('',#728,#539,#816,.T.) ;
#839=EDGE_CURVE('',#836,#838,#834,.T.) ;
#846=EDGE_CURVE('',#836,#845,#843,.T.) ;
#853=EDGE_CURVE('',#852,#845,#850,.T.) ;
#860=EDGE_CURVE('',#852,#859,#857,.T.) ;
#867=EDGE_CURVE('',#866,#859,#864,.T.) ;
#872=EDGE_CURVE('',#866,#838,#871,.T.) ;
#895=EDGE_CURVE('',#892,#894,#890,.T.) ;
#902=EDGE_CURVE('',#901,#894,#899,.F.) ;
#909=EDGE_CURVE('',#908,#901,#906,.T.) ;
#914=EDGE_CURVE('',#892,#908,#913,.F.) ;
#925=EDGE_CURVE('',#656,#625,#924,.F.) ;
#930=EDGE_CURVE('',#577,#704,#929,.F.) ;
#954=EDGE_CURVE('',#953,#799,#947,.F.) ;
#961=EDGE_CURVE('',#792,#960,#958,.F.) ;
#966=EDGE_CURVE('',#960,#953,#965,.F.) ;
#985=EDGE_CURVE('',#785,#984,#982,.F.) ;
#990=EDGE_CURVE('',#984,#960,#989,.T.) ;
#1009=EDGE_CURVE('',#778,#1008,#1006,.F.) ;
#1014=EDGE_CURVE('',#1008,#984,#1013,.F.) ;
#1076=EDGE_CURVE('',#750,#1075,#1071,.F.) ;
#1102=EDGE_CURVE('',#1075,#1008,#1077,.F.) ;
#1120=EDGE_CURVE('',#743,#1119,#1115,.F.) ;
#1124=EDGE_CURVE('',#1119,#1075,#1121,.F.) ;
#1214=EDGE_CURVE('',#730,#1213,#1205,.F.) ;
#1228=EDGE_CURVE('',#1213,#1119,#1215,.F.) ;
#1247=EDGE_CURVE('',#1246,#1213,#1244,.T.) ;
#1251=EDGE_CURVE('',#728,#1246,#1248,.T.) ;
#1265=EDGE_CURVE('',#866,#1264,#1262,.F.) ;
#1272=EDGE_CURVE('',#1271,#1264,#1269,.T.) ;
#1277=EDGE_CURVE('',#838,#1271,#1276,.F.) ;
#1291=EDGE_CURVE('',#852,#1290,#1288,.F.) ;
#1298=EDGE_CURVE('',#1297,#1290,#1295,.T.) ;
#1303=EDGE_CURVE('',#859,#1297,#1302,.F.) ;
#1322=EDGE_CURVE('',#836,#1321,#1319,.F.) ;
#1329=EDGE_CURVE('',#1328,#1321,#1326,.T.) ;
#1334=EDGE_CURVE('',#845,#1328,#1333,.F.) ;
#1353=EDGE_CURVE('',#984,#1352,#1350,.F.) ;
#1363=EDGE_CURVE('',#1362,#1352,#1354,.F.) ;
#1368=EDGE_CURVE('',#960,#1362,#1367,.F.) ;
#1393=EDGE_CURVE('',#1008,#1392,#1381,.F.) ;
#1400=EDGE_CURVE('',#1399,#1392,#1397,.T.) ;
#1411=EDGE_CURVE('',#1352,#1399,#1401,.F.) ;
#1541=EDGE_CURVE('',#1540,#1075,#1529,.F.) ;
#1550=EDGE_CURVE('',#1540,#1549,#1542,.F.) ;
#1578=EDGE_CURVE('',#1549,#1577,#1551,.F.) ;
#1586=EDGE_CURVE('',#1392,#1577,#1579,.F.) ;
#1605=EDGE_CURVE('',#1119,#1604,#1596,.F.) ;
#1618=EDGE_CURVE('',#1604,#1617,#1606,.T.) ;
#1623=EDGE_CURVE('',#1617,#1540,#1622,.T.) ;
#1695=EDGE_CURVE('',#1213,#1694,#1687,.F.) ;
#1708=EDGE_CURVE('',#1694,#1707,#1696,.F.) ;
#1716=EDGE_CURVE('',#1604,#1707,#1709,.F.) ;
#1739=EDGE_CURVE('',#1246,#1738,#1730,.T.) ;
#1744=EDGE_CURVE('',#1738,#1694,#1743,.F.) ;
#1767=EDGE_CURVE('',#1764,#1766,#1757,.F.) ;
#1772=EDGE_CURVE('',#1577,#1764,#1771,.F.) ;
#1779=EDGE_CURVE('',#1549,#1778,#1776,.F.) ;
#1788=EDGE_CURVE('',#1778,#1787,#1780,.F.) ;
#1793=EDGE_CURVE('',#1766,#1787,#1792,.T.) ;
#1814=EDGE_CURVE('',#1540,#1813,#1811,.T.) ;
#1819=EDGE_CURVE('',#1549,#1813,#1818,.T.) ;
#1837=EDGE_CURVE('',#1617,#1836,#1834,.T.) ;
#1842=EDGE_CURVE('',#1836,#1813,#1841,.T.) ;
#1915=EDGE_CURVE('',#1707,#1836,#1905,.T.) ;
#1934=EDGE_CURVE('',#1694,#1933,#1931,.T.) ;
#1941=EDGE_CURVE('',#1940,#1933,#1938,.F.) ;
#1948=EDGE_CURVE('',#1947,#1940,#1945,.T.) ;
#1956=EDGE_CURVE('',#1947,#1955,#1949,.T.) ;
#1961=EDGE_CURVE('',#1955,#1707,#1960,.F.) ;
#2092=EDGE_CURVE('',#2091,#1787,#2080,.F.) ;
#2101=EDGE_CURVE('',#1778,#2100,#2093,.F.) ;
#2130=EDGE_CURVE('',#2100,#2091,#2102,.F.) ;
#2147=EDGE_CURVE('',#1813,#2100,#2146,.T.) ;
#2166=EDGE_CURVE('',#2165,#1836,#2163,.T.) ;
#2171=EDGE_CURVE('',#2100,#2165,#2170,.F.) ;
#2188=EDGE_CURVE('',#2165,#1955,#2187,.F.) ;
#2209=EDGE_CURVE('',#2208,#1947,#2201,.T.) ;
#2214=EDGE_CURVE('',#2165,#2208,#2213,.F.) ;
#2234=EDGE_CURVE('',#2233,#2208,#2227,.T.) ;
#2239=EDGE_CURVE('',#2091,#2233,#2238,.F.) ;
#2261=EDGE_CURVE('',#2258,#2260,#2256,.F.) ;
#2268=EDGE_CURVE('',#2267,#2260,#2265,.F.) ;
#2278=EDGE_CURVE('',#2267,#2277,#2269,.F.) ;
#2283=EDGE_CURVE('',#2277,#2258,#2282,.F.) ;
#2305=EDGE_CURVE('',#2302,#2304,#2296,.F.) ;
#2313=EDGE_CURVE('',#2267,#2302,#2306,.F.) ;
#2320=EDGE_CURVE('',#2319,#2267,#2317,.T.) ;
#2336=EDGE_CURVE('',#2335,#2319,#2321,.F.) ;
#2341=EDGE_CURVE('',#2335,#2304,#2340,.T.) ;
#2363=EDGE_CURVE('',#2360,#2362,#2358,.F.) ;
#2372=EDGE_CURVE('',#2362,#2371,#2364,.F.) ;
#2379=EDGE_CURVE('',#2378,#2371,#2376,.T.) ;
#2388=EDGE_CURVE('',#2378,#2387,#2380,.F.) ;
#2395=EDGE_CURVE('',#2387,#2394,#2392,.T.) ;
#2412=EDGE_CURVE('',#2360,#2394,#2396,.F.) ;
#2435=EDGE_CURVE('',#2432,#2434,#2430,.F.) ;
#2451=EDGE_CURVE('',#2434,#2450,#2436,.F.) ;
#2456=EDGE_CURVE('',#1362,#2450,#2455,.F.) ;
#2466=EDGE_CURVE('',#1362,#2465,#2457,.F.) ;
#2472=EDGE_CURVE('',#2465,#2432,#2467,.F.) ;
#2494=EDGE_CURVE('',#2491,#2493,#2489,.T.) ;
#2501=EDGE_CURVE('',#2500,#2491,#2498,.F.) ;
#2508=EDGE_CURVE('',#2500,#2507,#2505,.T.) ;
#2513=EDGE_CURVE('',#2507,#2493,#2512,.F.) ;
#2525=EDGE_CURVE('',#2493,#2491,#2524,.T.) ;
#2530=EDGE_CURVE('',#2507,#2500,#2529,.T.) ;
#2551=EDGE_CURVE('',#2548,#2550,#2546,.T.) ;
#2558=EDGE_CURVE('',#2557,#2548,#2555,.F.) ;
#2565=EDGE_CURVE('',#2557,#2564,#2562,.T.) ;
#2570=EDGE_CURVE('',#2564,#2550,#2569,.F.) ;
#2582=EDGE_CURVE('',#2550,#2548,#2581,.T.) ;
#2587=EDGE_CURVE('',#2564,#2557,#2586,.T.) ;
#2608=EDGE_CURVE('',#2605,#2607,#2603,.T.) ;
#2615=EDGE_CURVE('',#2614,#2605,#2612,.F.) ;
#2622=EDGE_CURVE('',#2614,#2621,#2619,.T.) ;
#2627=EDGE_CURVE('',#2621,#2607,#2626,.F.) ;
#2639=EDGE_CURVE('',#2607,#2605,#2638,.T.) ;
#2644=EDGE_CURVE('',#2621,#2614,#2643,.T.) ;
#2665=EDGE_CURVE('',#2662,#2664,#2660,.T.) ;
#2672=EDGE_CURVE('',#2671,#2662,#2669,.F.) ;
#2679=EDGE_CURVE('',#2671,#2678,#2676,.T.) ;
#2684=EDGE_CURVE('',#2678,#2664,#2683,.F.) ;
#2696=EDGE_CURVE('',#2664,#2662,#2695,.T.) ;
#2701=EDGE_CURVE('',#2678,#2671,#2700,.T.) ;
#2722=EDGE_CURVE('',#2719,#2721,#2717,.T.) ;
#2729=EDGE_CURVE('',#2728,#2719,#2726,.F.) ;
#2736=EDGE_CURVE('',#2728,#2735,#2733,.T.) ;
#2741=EDGE_CURVE('',#2735,#2721,#2740,.F.) ;
#2753=EDGE_CURVE('',#2721,#2719,#2752,.T.) ;
#2758=EDGE_CURVE('',#2735,#2728,#2757,.T.) ;
#2773=EDGE_CURVE('',#2772,#2258,#2766,.F.) ;
#2786=EDGE_CURVE('',#2277,#2785,#2774,.F.) ;
#2793=EDGE_CURVE('',#2785,#2792,#2790,.F.) ;
#2804=EDGE_CURVE('',#2792,#2772,#2794,.F.) ;
#2856=EDGE_CURVE('',#2277,#2302,#2850,.F.) ;
#2869=EDGE_CURVE('',#2868,#2335,#2866,.F.) ;
#2874=EDGE_CURVE('',#2304,#2868,#2873,.F.) ;
#2890=EDGE_CURVE('',#2360,#2868,#2889,.F.) ;
#2895=EDGE_CURVE('',#2362,#2335,#2894,.F.) ;
#2909=EDGE_CURVE('',#2432,#2908,#2906,.T.) ;
#2914=EDGE_CURVE('',#2908,#2434,#2913,.T.) ;
#2932=EDGE_CURVE('',#2931,#2507,#2929,.T.) ;
#2939=EDGE_CURVE('',#2938,#2500,#2936,.T.) ;
#2944=EDGE_CURVE('',#2938,#2931,#2943,.F.) ;
#2956=EDGE_CURVE('',#2931,#2938,#2955,.F.) ;
#2975=EDGE_CURVE('',#2974,#2564,#2972,.T.) ;
#2982=EDGE_CURVE('',#2981,#2557,#2979,.T.) ;
#2987=EDGE_CURVE('',#2981,#2974,#2986,.F.) ;
#2999=EDGE_CURVE('',#2974,#2981,#2998,.F.) ;
#3018=EDGE_CURVE('',#3017,#2621,#3015,.T.) ;
#3025=EDGE_CURVE('',#3024,#2614,#3022,.T.) ;
#3030=EDGE_CURVE('',#3024,#3017,#3029,.F.) ;
#3042=EDGE_CURVE('',#3017,#3024,#3041,.F.) ;
#3061=EDGE_CURVE('',#3060,#2678,#3058,.T.) ;
#3068=EDGE_CURVE('',#3067,#2671,#3065,.T.) ;
#3073=EDGE_CURVE('',#3067,#3060,#3072,.F.) ;
#3085=EDGE_CURVE('',#3060,#3067,#3084,.F.) ;
#3104=EDGE_CURVE('',#3103,#2735,#3101,.T.) ;
#3111=EDGE_CURVE('',#3110,#2728,#3108,.T.) ;
#3116=EDGE_CURVE('',#3110,#3103,#3115,.F.) ;
#3128=EDGE_CURVE('',#3103,#3110,#3127,.F.) ;
#3145=EDGE_CURVE('',#2785,#2304,#3144,.F.) ;
#3150=EDGE_CURVE('',#2792,#2868,#3149,.F.) ;
#3227=EDGE_CURVE('',#2792,#2360,#3163,.F.) ;
#3243=EDGE_CURVE('',#2394,#371,#3242,.T.) ;
#3250=EDGE_CURVE('',#3249,#371,#3247,.T.) ;
#3258=EDGE_CURVE('',#2394,#3249,#3251,.T.) ;
#3392=EDGE_CURVE('',#3391,#2772,#3374,.F.) ;
#3403=EDGE_CURVE('',#3391,#3249,#3393,.F.) ;
#3597=EDGE_CURVE('',#2319,#2371,#3584,.F.) ;
#3612=EDGE_CURVE('',#3611,#3391,#3605,.F.) ;
#3619=EDGE_CURVE('',#3249,#3618,#3616,.F.) ;
#3635=EDGE_CURVE('',#3618,#3634,#3620,.T.) ;
#3643=EDGE_CURVE('',#3634,#3611,#3636,.F.) ;
#3714=EDGE_CURVE('',#3618,#373,#3707,.F.) ;
#3728=EDGE_CURVE('',#373,#241,#3715,.T.) ;
#3736=EDGE_CURVE('',#3634,#241,#3729,.F.) ;
#3757=EDGE_CURVE('',#3754,#3756,#3752,.T.) ;
#3762=EDGE_CURVE('',#3756,#2974,#3761,.F.) ;
#3767=EDGE_CURVE('',#3754,#2981,#3766,.F.) ;
#3779=EDGE_CURVE('',#3756,#3754,#3778,.T.) ;
#3800=EDGE_CURVE('',#3797,#3799,#3795,.T.) ;
#3805=EDGE_CURVE('',#3799,#2938,#3804,.F.) ;
#3810=EDGE_CURVE('',#3797,#2931,#3809,.F.) ;
#3822=EDGE_CURVE('',#3799,#3797,#3821,.T.) ;
#3843=EDGE_CURVE('',#3840,#3842,#3838,.T.) ;
#3848=EDGE_CURVE('',#3842,#3067,#3847,.F.) ;
#3853=EDGE_CURVE('',#3840,#3060,#3852,.F.) ;
#3865=EDGE_CURVE('',#3842,#3840,#3864,.T.) ;
#3886=EDGE_CURVE('',#3883,#3885,#3881,.T.) ;
#3891=EDGE_CURVE('',#3885,#3110,#3890,.F.) ;
#3896=EDGE_CURVE('',#3883,#3103,#3895,.F.) ;
#3908=EDGE_CURVE('',#3885,#3883,#3907,.T.) ;
#3929=EDGE_CURVE('',#3926,#3928,#3924,.T.) ;
#3934=EDGE_CURVE('',#3928,#3024,#3933,.F.) ;
#3939=EDGE_CURVE('',#3926,#3017,#3938,.F.) ;
#3951=EDGE_CURVE('',#3928,#3926,#3950,.T.) ;
#4081=EDGE_CURVE('',#1766,#2450,#4068,.T.) ;
#4088=EDGE_CURVE('',#2434,#1764,#4082,.F.) ;
#4105=EDGE_CURVE('',#2908,#1577,#4104,.T.) ;
#4122=EDGE_CURVE('',#2908,#1392,#4121,.F.) ;
#4138=EDGE_CURVE('',#2432,#1399,#4137,.T.) ;
#4207=EDGE_CURVE('',#2465,#1352,#4201,.F.) ;
#4269=EDGE_CURVE('',#4268,#1738,#4266,.F.) ;
#4276=EDGE_CURVE('',#4268,#4275,#4273,.T.) ;
#4281=EDGE_CURVE('',#1933,#4275,#4280,.F.) ;
#4293=EDGE_CURVE('',#1264,#1297,#4292,.T.) ;
#4298=EDGE_CURVE('',#1290,#1328,#4297,.T.) ;
#4303=EDGE_CURVE('',#1321,#1271,#4302,.T.) ;
#4322=EDGE_CURVE('',#4275,#901,#4321,.F.) ;
#4327=EDGE_CURVE('',#908,#4268,#4326,.T.) ;
#4399=EDGE_CURVE('',#4396,#4398,#4390,.T.) ;
#4404=EDGE_CURVE('',#2260,#4398,#4403,.F.) ;
#4411=EDGE_CURVE('',#2260,#4410,#4408,.F.) ;
#4416=EDGE_CURVE('',#4410,#4396,#4415,.F.) ;
#4435=EDGE_CURVE('',#2258,#4434,#4432,.T.) ;
#4440=EDGE_CURVE('',#4434,#4410,#4439,.F.) ;
#4620=EDGE_CURVE('',#2772,#4619,#4611,.F.) ;
#4649=EDGE_CURVE('',#4619,#4434,#4621,.F.) ;
#4883=EDGE_CURVE('',#3391,#4882,#4874,.F.) ;
#4921=EDGE_CURVE('',#4882,#4619,#4884,.F.) ;
#5155=EDGE_CURVE('',#3611,#5154,#5146,.F.) ;
#5193=EDGE_CURVE('',#5154,#4882,#5156,.F.) ;
#5303=EDGE_CURVE('',#5300,#5302,#5292,.F.) ;
#5320=EDGE_CURVE('',#5302,#5154,#5304,.F.) ;
#5337=EDGE_CURVE('',#5300,#3611,#5321,.F.) ;
#5356=EDGE_CURVE('',#5355,#5302,#5353,.T.) ;
#5363=EDGE_CURVE('',#5362,#5300,#5360,.T.) ;
#5367=EDGE_CURVE('',#5362,#5355,#5364,.T.) ;
#5386=EDGE_CURVE('',#5385,#806,#5383,.T.) ;
#5393=EDGE_CURVE('',#953,#5392,#5390,.F.) ;
#5400=EDGE_CURVE('',#5399,#5392,#5397,.T.) ;
#5405=EDGE_CURVE('',#5399,#4398,#5404,.F.) ;
#5410=EDGE_CURVE('',#4396,#5385,#5409,.T.) ;
#5443=EDGE_CURVE('',#2387,#333,#5442,.F.) ;
#5573=EDGE_CURVE('',#2378,#331,#5560,.T.) ;
#5587=EDGE_CURVE('',#5586,#2233,#5584,.T.) ;
#5592=EDGE_CURVE('',#340,#5586,#5591,.T.) ;
#5696=EDGE_CURVE('',#5300,#133,#5690,.F.) ;
#5728=EDGE_CURVE('',#5727,#1940,#5725,.T.) ;
#5733=EDGE_CURVE('',#263,#5727,#5732,.T.) ;
#5755=EDGE_CURVE('',#5752,#5754,#5750,.T.) ;
#5760=EDGE_CURVE('',#182,#5752,#5759,.F.) ;
#5765=EDGE_CURVE('',#175,#5754,#5764,.F.) ;
#5777=EDGE_CURVE('',#215,#5752,#5776,.T.) ;
#5797=EDGE_CURVE('',#135,#5362,#5790,.F.) ;
#5814=EDGE_CURVE('',#894,#149,#5813,.T.) ;
#5834=EDGE_CURVE('',#411,#5385,#5833,.T.) ;
#5869=EDGE_CURVE('',#156,#892,#5868,.T.) ;
#5886=EDGE_CURVE('',#418,#5355,#5885,.T.) ;
#5926=EDGE_CURVE('',#5754,#62,#5925,.T.) ;
#85=EDGE_LOOP('',(#86,#87,#88,#89)) ;
#116=EDGE_LOOP('',(#117,#118,#119,#120)) ;
#163=EDGE_LOOP('',(#164,#165,#166,#167,#168)) ;
#196=EDGE_LOOP('',(#197,#198,#199,#200,#201,#202)) ;
#222=EDGE_LOOP('',(#223,#224,#225,#226)) ;
#270=EDGE_LOOP('',(#271,#272,#273,#274,#275,#276)) ;
#305=EDGE_LOOP('',(#306,#307,#308,#309)) ;
#353=EDGE_LOOP('',(#354,#355,#356,#357,#358)) ;
#385=EDGE_LOOP('',(#386,#387,#388,#389)) ;
#425=EDGE_LOOP('',(#426,#427,#428,#429)) ;
#456=EDGE_LOOP('',(#457,#458,#459,#460)) ;
#518=EDGE_LOOP('',(#519,#520,#521,#522,#523,#524,#525,#526)) ;
#553=EDGE_LOOP('',(#554,#555,#556,#557)) ;
#584=EDGE_LOOP('',(#585,#586,#587,#588)) ;
#608=EDGE_LOOP('',(#609,#610,#611,#612)) ;
#632=EDGE_LOOP('',(#633,#634,#635,#636)) ;
#663=EDGE_LOOP('',(#664,#665,#666,#667)) ;
#687=EDGE_LOOP('',(#688,#689,#690,#691)) ;
#711=EDGE_LOOP('',(#712,#713,#714,#715)) ;
#818=EDGE_LOOP('',(#819,#820,#821,#822,#823,#824,#825,#826,#827,#828,#829)) ;
#873=EDGE_LOOP('',(#874,#875,#876,#877,#878,#879)) ;
#915=EDGE_LOOP('',(#916,#917,#918,#919)) ;
#931=EDGE_LOOP('',(#932,#933,#934,#935,#936,#937,#938,#939)) ;
#967=EDGE_LOOP('',(#968,#969,#970,#971)) ;
#991=EDGE_LOOP('',(#992,#993,#994,#995)) ;
#1015=EDGE_LOOP('',(#1016,#1017,#1018,#1019)) ;
#1103=EDGE_LOOP('',(#1104,#1105,#1106,#1107)) ;
#1125=EDGE_LOOP('',(#1126,#1127,#1128,#1129)) ;
#1229=EDGE_LOOP('',(#1230,#1231,#1232,#1233)) ;
#1252=EDGE_LOOP('',(#1253,#1254,#1255,#1256)) ;
#1278=EDGE_LOOP('',(#1279,#1280,#1281,#1282)) ;
#1304=EDGE_LOOP('',(#1305,#1306,#1307,#1308)) ;
#1335=EDGE_LOOP('',(#1336,#1337,#1338,#1339)) ;
#1369=EDGE_LOOP('',(#1370,#1371,#1372,#1373)) ;
#1412=EDGE_LOOP('',(#1413,#1414,#1415,#1416,#1417)) ;
#1587=EDGE_LOOP('',(#1588,#1589,#1590,#1591,#1592,#1593)) ;
#1624=EDGE_LOOP('',(#1625,#1626,#1627,#1628,#1629)) ;
#1717=EDGE_LOOP('',(#1718,#1719,#1720,#1721,#1722)) ;
#1745=EDGE_LOOP('',(#1746,#1747,#1748,#1749)) ;
#1794=EDGE_LOOP('',(#1795,#1796,#1797,#1798,#1799,#1800)) ;
#1820=EDGE_LOOP('',(#1821,#1822,#1823)) ;
#1843=EDGE_LOOP('',(#1844,#1845,#1846,#1847)) ;
#1916=EDGE_LOOP('',(#1917,#1918,#1919,#1920)) ;
#1962=EDGE_LOOP('',(#1963,#1964,#1965,#1966,#1967,#1968)) ;
#2131=EDGE_LOOP('',(#2132,#2133,#2134,#2135)) ;
#2148=EDGE_LOOP('',(#2149,#2150,#2151,#2152)) ;
#2172=EDGE_LOOP('',(#2173,#2174,#2175,#2176)) ;
#2189=EDGE_LOOP('',(#2190,#2191,#2192,#2193)) ;
#2215=EDGE_LOOP('',(#2216,#2217,#2218,#2219)) ;
#2240=EDGE_LOOP('',(#2241,#2242,#2243,#2244,#2245)) ;
#2284=EDGE_LOOP('',(#2285,#2286,#2287,#2288)) ;
#2342=EDGE_LOOP('',(#2343,#2344,#2345,#2346,#2347)) ;
#2413=EDGE_LOOP('',(#2414,#2415,#2416,#2417,#2418,#2419)) ;
#2473=EDGE_LOOP('',(#2474,#2475,#2476,#2477,#2478)) ;
#2514=EDGE_LOOP('',(#2515,#2516,#2517,#2518)) ;
#2531=EDGE_LOOP('',(#2532,#2533,#2534,#2535)) ;
#2571=EDGE_LOOP('',(#2572,#2573,#2574,#2575)) ;
#2588=EDGE_LOOP('',(#2589,#2590,#2591,#2592)) ;
#2628=EDGE_LOOP('',(#2629,#2630,#2631,#2632)) ;
#2645=EDGE_LOOP('',(#2646,#2647,#2648,#2649)) ;
#2685=EDGE_LOOP('',(#2686,#2687,#2688,#2689)) ;
#2702=EDGE_LOOP('',(#2703,#2704,#2705,#2706)) ;
#2742=EDGE_LOOP('',(#2743,#2744,#2745,#2746)) ;
#2759=EDGE_LOOP('',(#2760,#2761,#2762,#2763)) ;
#2805=EDGE_LOOP('',(#2806,#2807,#2808,#2809,#2810)) ;
#2857=EDGE_LOOP('',(#2858,#2859,#2860)) ;
#2875=EDGE_LOOP('',(#2876,#2877,#2878)) ;
#2896=EDGE_LOOP('',(#2897,#2898,#2899,#2900)) ;
#2915=EDGE_LOOP('',(#2916,#2917,#2918)) ;
#2945=EDGE_LOOP('',(#2946,#2947,#2948,#2949)) ;
#2957=EDGE_LOOP('',(#2958,#2959,#2960,#2961)) ;
#2988=EDGE_LOOP('',(#2989,#2990,#2991,#2992)) ;
#3000=EDGE_LOOP('',(#3001,#3002,#3003,#3004)) ;
#3031=EDGE_LOOP('',(#3032,#3033,#3034,#3035)) ;
#3043=EDGE_LOOP('',(#3044,#3045,#3046,#3047)) ;
#3074=EDGE_LOOP('',(#3075,#3076,#3077,#3078)) ;
#3086=EDGE_LOOP('',(#3087,#3088,#3089,#3090)) ;
#3117=EDGE_LOOP('',(#3118,#3119,#3120,#3121)) ;
#3129=EDGE_LOOP('',(#3130,#3131,#3132,#3133)) ;
#3151=EDGE_LOOP('',(#3152,#3153,#3154,#3155)) ;
#3228=EDGE_LOOP('',(#3229,#3230,#3231)) ;
#3259=EDGE_LOOP('',(#3260,#3261,#3262)) ;
#3404=EDGE_LOOP('',(#3405,#3406,#3407,#3408,#3409,#3410)) ;
#3468=EDGE_LOOP('',(#3469,#3470,#3471,#3472)) ;
#3598=EDGE_LOOP('',(#3599,#3600,#3601,#3602)) ;
#3644=EDGE_LOOP('',(#3645,#3646,#3647,#3648,#3649)) ;
#3737=EDGE_LOOP('',(#3738,#3739,#3740,#3741)) ;
#3768=EDGE_LOOP('',(#3769,#3770,#3771,#3772)) ;
#3780=EDGE_LOOP('',(#3781,#3782,#3783,#3784)) ;
#3811=EDGE_LOOP('',(#3812,#3813,#3814,#3815)) ;
#3823=EDGE_LOOP('',(#3824,#3825,#3826,#3827)) ;
#3854=EDGE_LOOP('',(#3855,#3856,#3857,#3858)) ;
#3866=EDGE_LOOP('',(#3867,#3868,#3869,#3870)) ;
#3897=EDGE_LOOP('',(#3898,#3899,#3900,#3901)) ;
#3909=EDGE_LOOP('',(#3910,#3911,#3912,#3913)) ;
#3940=EDGE_LOOP('',(#3941,#3942,#3943,#3944)) ;
#3952=EDGE_LOOP('',(#3953,#3954,#3955,#3956)) ;
#4089=EDGE_LOOP('',(#4090,#4091,#4092,#4093)) ;
#4106=EDGE_LOOP('',(#4107,#4108,#4109,#4110)) ;
#4123=EDGE_LOOP('',(#4124,#4125,#4126)) ;
#4139=EDGE_LOOP('',(#4140,#4141,#4142,#4143)) ;
#4208=EDGE_LOOP('',(#4209,#4210,#4211,#4212)) ;
#4252=EDGE_LOOP('',(#4253,#4254,#4255)) ;
#4282=EDGE_LOOP('',(#4283,#4284,#4285,#4286,#4287)) ;
#4304=EDGE_LOOP('',(#4305,#4306,#4307,#4308,#4309,#4310)) ;
#4328=EDGE_LOOP('',(#4329,#4330,#4331,#4332)) ;
#4340=EDGE_LOOP('',(#4341,#4342,#4343,#4344)) ;
#4352=EDGE_LOOP('',(#4353,#4354,#4355,#4356)) ;
#4359=EDGE_LOOP('',(#4360,#4361,#4362,#4363)) ;
#4371=EDGE_LOOP('',(#4372,#4373,#4374,#4375)) ;
#4378=EDGE_LOOP('',(#4379,#4380,#4381,#4382)) ;
#4417=EDGE_LOOP('',(#4418,#4419,#4420,#4421)) ;
#4441=EDGE_LOOP('',(#4442,#4443,#4444,#4445)) ;
#4650=EDGE_LOOP('',(#4651,#4652,#4653,#4654)) ;
#4922=EDGE_LOOP('',(#4923,#4924,#4925,#4926)) ;
#5194=EDGE_LOOP('',(#5195,#5196,#5197,#5198)) ;
#5338=EDGE_LOOP('',(#5339,#5340,#5341,#5342)) ;
#5368=EDGE_LOOP('',(#5369,#5370,#5371,#5372)) ;
#5411=EDGE_LOOP('',(#5412,#5413,#5414,#5415,#5416,#5417,#5418,#5419)) ;
#5427=EDGE_LOOP('',(#5428,#5429,#5430,#5431)) ;
#5444=EDGE_LOOP('',(#5445,#5446,#5447,#5448)) ;
#5574=EDGE_LOOP('',(#5575,#5576,#5577,#5578)) ;
#5593=EDGE_LOOP('',(#5594,#5595,#5596,#5597,#5598,#5599,#5600,#5601,#5602,#5603,#5604,#5605,#5606,#5607,#5608,#5609,#5610,#5611,#5612)) ;
#5614=EDGE_LOOP('',(#5615,#5616)) ;
#5618=EDGE_LOOP('',(#5619,#5620)) ;
#5622=EDGE_LOOP('',(#5623,#5624)) ;
#5626=EDGE_LOOP('',(#5627,#5628)) ;
#5630=EDGE_LOOP('',(#5631,#5632)) ;
#5697=EDGE_LOOP('',(#5698,#5699,#5700,#5701,#5702)) ;
#5710=EDGE_LOOP('',(#5711,#5712,#5713,#5714)) ;
#5734=EDGE_LOOP('',(#5735,#5736,#5737,#5738,#5739,#5740,#5741,#5742,#5743,#5744)) ;
#5766=EDGE_LOOP('',(#5767,#5768,#5769,#5770)) ;
#5778=EDGE_LOOP('',(#5779,#5780,#5781,#5782)) ;
#5798=EDGE_LOOP('',(#5799,#5800,#5801,#5802)) ;
#5815=EDGE_LOOP('',(#5816,#5817,#5818,#5819,#5820,#5821,#5822,#5823,#5824)) ;
#5826=EDGE_LOOP('',(#5827,#5828)) ;
#5835=EDGE_LOOP('',(#5836,#5837,#5838,#5839,#5840,#5841)) ;
#5843=EDGE_LOOP('',(#5844,#5845)) ;
#5847=EDGE_LOOP('',(#5848,#5849)) ;
#5851=EDGE_LOOP('',(#5852,#5853)) ;
#5855=EDGE_LOOP('',(#5856,#5857)) ;
#5870=EDGE_LOOP('',(#5871,#5872,#5873,#5874)) ;
#5887=EDGE_LOOP('',(#5888,#5889,#5890,#5891,#5892,#5893,#5894,#5895,#5896,#5897,#5898,#5899,#5900,#5901)) ;
#5909=EDGE_LOOP('',(#5910,#5911,#5912,#5913,#5914,#5915,#5916,#5917,#5918,#5919,#5920)) ;
#5927=EDGE_LOOP('',(#5928,#5929,#5930,#5931,#5932,#5933)) ;
#5936=EDGE_LOOP('',(#5937,#5938,#5939,#5940)) ;
#90=FACE_OUTER_BOUND('',#85,.T.) ;
#121=FACE_OUTER_BOUND('',#116,.T.) ;
#169=FACE_OUTER_BOUND('',#163,.T.) ;
#227=FACE_OUTER_BOUND('',#222,.T.) ;
#277=FACE_OUTER_BOUND('',#270,.T.) ;
#310=FACE_OUTER_BOUND('',#305,.T.) ;
#359=FACE_OUTER_BOUND('',#353,.T.) ;
#390=FACE_OUTER_BOUND('',#385,.T.) ;
#430=FACE_OUTER_BOUND('',#425,.T.) ;
#461=FACE_OUTER_BOUND('',#456,.T.) ;
#558=FACE_OUTER_BOUND('',#553,.T.) ;
#589=FACE_OUTER_BOUND('',#584,.T.) ;
#613=FACE_OUTER_BOUND('',#608,.T.) ;
#637=FACE_OUTER_BOUND('',#632,.T.) ;
#668=FACE_OUTER_BOUND('',#663,.T.) ;
#692=FACE_OUTER_BOUND('',#687,.T.) ;
#716=FACE_OUTER_BOUND('',#711,.T.) ;
#830=FACE_OUTER_BOUND('',#818,.T.) ;
#920=FACE_OUTER_BOUND('',#915,.T.) ;
#972=FACE_OUTER_BOUND('',#967,.T.) ;
#996=FACE_OUTER_BOUND('',#991,.T.) ;
#1020=FACE_OUTER_BOUND('',#1015,.T.) ;
#1108=FACE_OUTER_BOUND('',#1103,.T.) ;
#1130=FACE_OUTER_BOUND('',#1125,.T.) ;
#1234=FACE_OUTER_BOUND('',#1229,.T.) ;
#1257=FACE_OUTER_BOUND('',#1252,.T.) ;
#1283=FACE_OUTER_BOUND('',#1278,.T.) ;
#1309=FACE_OUTER_BOUND('',#1304,.T.) ;
#1340=FACE_OUTER_BOUND('',#1335,.T.) ;
#1374=FACE_OUTER_BOUND('',#1369,.T.) ;
#1418=FACE_OUTER_BOUND('',#1412,.T.) ;
#1594=FACE_OUTER_BOUND('',#1587,.T.) ;
#1630=FACE_OUTER_BOUND('',#1624,.T.) ;
#1723=FACE_OUTER_BOUND('',#1717,.T.) ;
#1750=FACE_OUTER_BOUND('',#1745,.T.) ;
#1801=FACE_OUTER_BOUND('',#1794,.T.) ;
#1824=FACE_OUTER_BOUND('',#1820,.T.) ;
#1848=FACE_OUTER_BOUND('',#1843,.T.) ;
#1921=FACE_OUTER_BOUND('',#1916,.T.) ;
#1969=FACE_OUTER_BOUND('',#1962,.T.) ;
#2136=FACE_OUTER_BOUND('',#2131,.T.) ;
#2153=FACE_OUTER_BOUND('',#2148,.T.) ;
#2177=FACE_OUTER_BOUND('',#2172,.T.) ;
#2194=FACE_OUTER_BOUND('',#2189,.T.) ;
#2220=FACE_OUTER_BOUND('',#2215,.T.) ;
#2246=FACE_OUTER_BOUND('',#2240,.T.) ;
#2289=FACE_OUTER_BOUND('',#2284,.T.) ;
#2348=FACE_OUTER_BOUND('',#2342,.T.) ;
#2420=FACE_OUTER_BOUND('',#2413,.T.) ;
#2479=FACE_OUTER_BOUND('',#2473,.T.) ;
#2519=FACE_OUTER_BOUND('',#2514,.T.) ;
#2536=FACE_OUTER_BOUND('',#2531,.T.) ;
#2576=FACE_OUTER_BOUND('',#2571,.T.) ;
#2593=FACE_OUTER_BOUND('',#2588,.T.) ;
#2633=FACE_OUTER_BOUND('',#2628,.T.) ;
#2650=FACE_OUTER_BOUND('',#2645,.T.) ;
#2690=FACE_OUTER_BOUND('',#2685,.T.) ;
#2707=FACE_OUTER_BOUND('',#2702,.T.) ;
#2747=FACE_OUTER_BOUND('',#2742,.T.) ;
#2764=FACE_OUTER_BOUND('',#2759,.T.) ;
#2811=FACE_OUTER_BOUND('',#2805,.T.) ;
#2861=FACE_OUTER_BOUND('',#2857,.T.) ;
#2879=FACE_OUTER_BOUND('',#2875,.T.) ;
#2901=FACE_OUTER_BOUND('',#2896,.T.) ;
#2919=FACE_OUTER_BOUND('',#2915,.T.) ;
#2950=FACE_OUTER_BOUND('',#2945,.T.) ;
#2962=FACE_OUTER_BOUND('',#2957,.T.) ;
#2993=FACE_OUTER_BOUND('',#2988,.T.) ;
#3005=FACE_OUTER_BOUND('',#3000,.T.) ;
#3036=FACE_OUTER_BOUND('',#3031,.T.) ;
#3048=FACE_OUTER_BOUND('',#3043,.T.) ;
#3079=FACE_OUTER_BOUND('',#3074,.T.) ;
#3091=FACE_OUTER_BOUND('',#3086,.T.) ;
#3122=FACE_OUTER_BOUND('',#3117,.T.) ;
#3134=FACE_OUTER_BOUND('',#3129,.T.) ;
#3156=FACE_OUTER_BOUND('',#3151,.T.) ;
#3232=FACE_OUTER_BOUND('',#3228,.T.) ;
#3263=FACE_OUTER_BOUND('',#3259,.T.) ;
#3411=FACE_OUTER_BOUND('',#3404,.T.) ;
#3473=FACE_OUTER_BOUND('',#3468,.T.) ;
#3603=FACE_OUTER_BOUND('',#3598,.T.) ;
#3650=FACE_OUTER_BOUND('',#3644,.T.) ;
#3742=FACE_OUTER_BOUND('',#3737,.T.) ;
#3773=FACE_OUTER_BOUND('',#3768,.T.) ;
#3785=FACE_OUTER_BOUND('',#3780,.T.) ;
#3816=FACE_OUTER_BOUND('',#3811,.T.) ;
#3828=FACE_OUTER_BOUND('',#3823,.T.) ;
#3859=FACE_OUTER_BOUND('',#3854,.T.) ;
#3871=FACE_OUTER_BOUND('',#3866,.T.) ;
#3902=FACE_OUTER_BOUND('',#3897,.T.) ;
#3914=FACE_OUTER_BOUND('',#3909,.T.) ;
#3945=FACE_OUTER_BOUND('',#3940,.T.) ;
#3957=FACE_OUTER_BOUND('',#3952,.T.) ;
#4094=FACE_OUTER_BOUND('',#4089,.T.) ;
#4111=FACE_OUTER_BOUND('',#4106,.T.) ;
#4127=FACE_OUTER_BOUND('',#4123,.T.) ;
#4144=FACE_OUTER_BOUND('',#4139,.T.) ;
#4213=FACE_OUTER_BOUND('',#4208,.T.) ;
#4256=FACE_OUTER_BOUND('',#4252,.T.) ;
#4288=FACE_OUTER_BOUND('',#4282,.T.) ;
#4333=FACE_OUTER_BOUND('',#4328,.T.) ;
#4345=FACE_OUTER_BOUND('',#4340,.T.) ;
#4357=FACE_OUTER_BOUND('',#4352,.T.) ;
#4364=FACE_OUTER_BOUND('',#4359,.T.) ;
#4376=FACE_OUTER_BOUND('',#4371,.T.) ;
#4383=FACE_OUTER_BOUND('',#4378,.T.) ;
#4422=FACE_OUTER_BOUND('',#4417,.T.) ;
#4446=FACE_OUTER_BOUND('',#4441,.T.) ;
#4655=FACE_OUTER_BOUND('',#4650,.T.) ;
#4927=FACE_OUTER_BOUND('',#4922,.T.) ;
#5199=FACE_OUTER_BOUND('',#5194,.T.) ;
#5343=FACE_OUTER_BOUND('',#5338,.T.) ;
#5373=FACE_OUTER_BOUND('',#5368,.T.) ;
#5420=FACE_OUTER_BOUND('',#5411,.T.) ;
#5432=FACE_OUTER_BOUND('',#5427,.T.) ;
#5449=FACE_OUTER_BOUND('',#5444,.T.) ;
#5579=FACE_OUTER_BOUND('',#5574,.T.) ;
#5613=FACE_OUTER_BOUND('',#5593,.T.) ;
#5703=FACE_OUTER_BOUND('',#5697,.T.) ;
#5715=FACE_OUTER_BOUND('',#5710,.T.) ;
#5745=FACE_OUTER_BOUND('',#5734,.T.) ;
#5771=FACE_OUTER_BOUND('',#5766,.T.) ;
#5783=FACE_OUTER_BOUND('',#5778,.T.) ;
#5803=FACE_OUTER_BOUND('',#5798,.T.) ;
#5825=FACE_OUTER_BOUND('',#5815,.T.) ;
#5875=FACE_OUTER_BOUND('',#5870,.T.) ;
#5902=FACE_OUTER_BOUND('',#5887,.T.) ;
#5921=FACE_OUTER_BOUND('',#5909,.T.) ;
#5941=FACE_OUTER_BOUND('',#5936,.T.) ;
#45=UNCERTAINTY_MEASURE_WITH_UNIT(LENGTH_MEASURE(0.005),#41,'distance_accuracy_value','CONFUSED CURVE UNCERTAINTY') ;
#69=LINE('Line',#66,#68) ;
#83=LINE('Line',#80,#82) ;
#100=LINE('Line',#97,#99) ;
#107=LINE('Line',#104,#106) ;
#114=LINE('Line',#111,#113) ;
#131=LINE('Line',#128,#130) ;
#140=LINE('Line',#137,#139) ;
#147=LINE('Line',#144,#146) ;
#154=LINE('Line',#151,#153) ;
#161=LINE('Line',#158,#160) ;
#173=LINE('Line',#170,#172) ;
#187=LINE('Line',#184,#186) ;
#220=LINE('Line',#217,#219) ;
#246=LINE('Line',#243,#245) ;
#261=LINE('Line',#258,#260) ;
#338=LINE('Line',#335,#337) ;
#351=LINE('Line',#348,#350) ;
#369=LINE('Line',#366,#368) ;
#378=LINE('Line',#375,#377) ;
#383=LINE('Line',#380,#382) ;
#400=LINE('Line',#397,#399) ;
#416=LINE('Line',#413,#415) ;
#440=LINE('Line',#437,#439) ;
#449=LINE('Line',#446,#448) ;
#454=LINE('Line',#451,#453) ;
#465=LINE('Line',#462,#464) ;
#481=LINE('Line',#478,#480) ;
#495=LINE('Line',#492,#494) ;
#509=LINE('Line',#506,#508) ;
#537=LINE('Line',#534,#536) ;
#568=LINE('Line',#565,#567) ;
#582=LINE('Line',#579,#581) ;
#599=LINE('Line',#596,#598) ;
#606=LINE('Line',#603,#605) ;
#623=LINE('Line',#620,#622) ;
#647=LINE('Line',#644,#646) ;
#661=LINE('Line',#658,#660) ;
#678=LINE('Line',#675,#677) ;
#685=LINE('Line',#682,#684) ;
#702=LINE('Line',#699,#701) ;
#726=LINE('Line',#723,#725) ;
#748=LINE('Line',#745,#747) ;
#783=LINE('Line',#780,#782) ;
#797=LINE('Line',#794,#796) ;
#804=LINE('Line',#801,#803) ;
#811=LINE('Line',#808,#810) ;
#816=LINE('Line',#813,#815) ;
#834=LINE('Line',#831,#833) ;
#850=LINE('Line',#847,#849) ;
#864=LINE('Line',#861,#863) ;
#890=LINE('Line',#887,#889) ;
#899=LINE('Line',#896,#898) ;
#906=LINE('Line',#903,#905) ;
#913=LINE('Line',#910,#912) ;
#924=LINE('Line',#921,#923) ;
#929=LINE('Line',#926,#928) ;
#958=LINE('Line',#955,#957) ;
#965=LINE('Line',#962,#964) ;
#982=LINE('Line',#979,#981) ;
#1006=LINE('Line',#1003,#1005) ;
#1013=LINE('Line',#1010,#1012) ;
#1244=LINE('Line',#1241,#1243) ;
#1262=LINE('Line',#1259,#1261) ;
#1276=LINE('Line',#1273,#1275) ;
#1288=LINE('Line',#1285,#1287) ;
#1302=LINE('Line',#1299,#1301) ;
#1319=LINE('Line',#1316,#1318) ;
#1333=LINE('Line',#1330,#1332) ;
#1350=LINE('Line',#1347,#1349) ;
#1367=LINE('Line',#1364,#1366) ;
#1397=LINE('Line',#1394,#1396) ;
#1622=LINE('Line',#1619,#1621) ;
#1743=LINE('Line',#1740,#1742) ;
#1771=LINE('Line',#1768,#1770) ;
#1776=LINE('Line',#1773,#1775) ;
#1841=LINE('Line',#1838,#1840) ;
#1931=LINE('Line',#1928,#1930) ;
#1945=LINE('Line',#1942,#1944) ;
#1960=LINE('Line',#1957,#1959) ;
#2146=LINE('Line',#2143,#2145) ;
#2163=LINE('Line',#2160,#2162) ;
#2170=LINE('Line',#2167,#2169) ;
#2238=LINE('Line',#2235,#2237) ;
#2265=LINE('Line',#2262,#2264) ;
#2282=LINE('Line',#2279,#2281) ;
#2317=LINE('Line',#2314,#2316) ;
#2340=LINE('Line',#2337,#2339) ;
#2358=LINE('Line',#2355,#2357) ;
#2392=LINE('Line',#2389,#2391) ;
#2430=LINE('Line',#2427,#2429) ;
#2455=LINE('Line',#2452,#2454) ;
#2498=LINE('Line',#2495,#2497) ;
#2512=LINE('Line',#2509,#2511) ;
#2555=LINE('Line',#2552,#2554) ;
#2569=LINE('Line',#2566,#2568) ;
#2612=LINE('Line',#2609,#2611) ;
#2626=LINE('Line',#2623,#2625) ;
#2669=LINE('Line',#2666,#2668) ;
#2683=LINE('Line',#2680,#2682) ;
#2726=LINE('Line',#2723,#2725) ;
#2740=LINE('Line',#2737,#2739) ;
#2790=LINE('Line',#2787,#2789) ;
#2866=LINE('Line',#2863,#2865) ;
#2873=LINE('Line',#2870,#2872) ;
#2906=LINE('Line',#2903,#2905) ;
#2913=LINE('Line',#2910,#2912) ;
#2929=LINE('Line',#2926,#2928) ;
#2936=LINE('Line',#2933,#2935) ;
#2972=LINE('Line',#2969,#2971) ;
#2979=LINE('Line',#2976,#2978) ;
#3015=LINE('Line',#3012,#3014) ;
#3022=LINE('Line',#3019,#3021) ;
#3058=LINE('Line',#3055,#3057) ;
#3065=LINE('Line',#3062,#3064) ;
#3101=LINE('Line',#3098,#3100) ;
#3108=LINE('Line',#3105,#3107) ;
#3616=LINE('Line',#3613,#3615) ;
#3761=LINE('Line',#3758,#3760) ;
#3766=LINE('Line',#3763,#3765) ;
#3804=LINE('Line',#3801,#3803) ;
#3809=LINE('Line',#3806,#3808) ;
#3847=LINE('Line',#3844,#3846) ;
#3852=LINE('Line',#3849,#3851) ;
#3890=LINE('Line',#3887,#3889) ;
#3895=LINE('Line',#3892,#3894) ;
#3933=LINE('Line',#3930,#3932) ;
#3938=LINE('Line',#3935,#3937) ;
#4266=LINE('Line',#4263,#4265) ;
#4273=LINE('Line',#4270,#4272) ;
#4280=LINE('Line',#4277,#4279) ;
#4292=LINE('Line',#4289,#4291) ;
#4297=LINE('Line',#4294,#4296) ;
#4302=LINE('Line',#4299,#4301) ;
#4403=LINE('Line',#4400,#4402) ;
#4408=LINE('Line',#4405,#4407) ;
#4415=LINE('Line',#4412,#4414) ;
#4432=LINE('Line',#4429,#4431) ;
#5353=LINE('Line',#5350,#5352) ;
#5360=LINE('Line',#5357,#5359) ;
#5409=LINE('Line',#5406,#5408) ;
#5759=LINE('Line',#5756,#5758) ;
#5764=LINE('Line',#5761,#5763) ;
#5776=LINE('Line',#5773,#5775) ;
#5833=LINE('Line',#5830,#5832) ;
#5885=LINE('Line',#5882,#5884) ;
#5925=LINE('Line',#5922,#5924) ;
#2=MECHANICAL_CONTEXT(' ',#1,'mechanical') ;
#24=PERSONAL_ADDRESS(' ',' ',' ',' ',' ',' ',' ',' ',' ',' ',' ',' ',(#22),' ') ;
#96=PLANE('Plane',#95) ;
#127=PLANE('Plane',#126) ;
#365=PLANE('Plane',#364) ;
#436=PLANE('Plane',#435) ;
#595=PLANE('Plane',#594) ;
#674=PLANE('Plane',#673) ;
#722=PLANE('Plane',#721) ;
#886=PLANE('Plane',#885) ;
#946=PLANE('Plane',#945) ;
#1002=PLANE('Plane',#1001) ;
#1240=PLANE('Plane',#1239) ;
#1380=PLANE('Plane',#1379) ;
#2159=PLANE('Plane',#2158) ;
#4262=PLANE('Plane',#4261) ;
#4339=PLANE('Plane',#4338) ;
#4351=PLANE('Plane',#4350) ;
#4370=PLANE('Plane',#4369) ;
#4389=PLANE('Plane',#4388) ;
#5349=PLANE('Plane',#5348) ;
#5809=PLANE('Plane',#5808) ;
#5881=PLANE('Plane',#5880) ;
#5908=PLANE('Plane',#5907) ;
#43=PLANE_ANGLE_MEASURE_WITH_UNIT(PLANE_ANGLE_MEASURE(0.0174532925199),#42) ;
#7=PRODUCT_CATEGORY('part',$) ;
#9=PRODUCT_CATEGORY_RELATIONSHIP(' ',' ',#7,#8) ;
#6=PRODUCT_DEFINITION_FORMATION_WITH_SPECIFIED_SOURCE('',' ',#5,.NOT_KNOWN.) ;
#8=PRODUCT_RELATED_PRODUCT_CATEGORY('detail',$,(#5)) ;
#50=SHAPE_DEFINITION_REPRESENTATION(#40,#49) ;
#1807=SPHERICAL_SURFACE('',#1806,1.99999674025) ;
#3162=SPHERICAL_SURFACE('',#3161,2.00000152224) ;
#3238=SPHERICAL_SURFACE('',#3237,1.99999977528) ;
#4117=SPHERICAL_SURFACE('',#4116,2.) ;
#62=VERTEX_POINT('',#61) ;
#64=VERTEX_POINT('',#63) ;
#71=VERTEX_POINT('',#70) ;
#78=VERTEX_POINT('',#77) ;
#102=VERTEX_POINT('',#101) ;
#109=VERTEX_POINT('',#108) ;
#133=VERTEX_POINT('',#132) ;
#135=VERTEX_POINT('',#134) ;
#142=VERTEX_POINT('',#141) ;
#149=VERTEX_POINT('',#148) ;
#156=VERTEX_POINT('',#155) ;
#175=VERTEX_POINT('',#174) ;
#182=VERTEX_POINT('',#181) ;
#189=VERTEX_POINT('',#188) ;
#215=VERTEX_POINT('',#214) ;
#241=VERTEX_POINT('',#240) ;
#248=VERTEX_POINT('',#247) ;
#256=VERTEX_POINT('',#255) ;
#263=VERTEX_POINT('',#262) ;
#291=VERTEX_POINT('',#290) ;
#298=VERTEX_POINT('',#297) ;
#331=VERTEX_POINT('',#330) ;
#333=VERTEX_POINT('',#332) ;
#340=VERTEX_POINT('',#339) ;
#371=VERTEX_POINT('',#370) ;
#373=VERTEX_POINT('',#372) ;
#402=VERTEX_POINT('',#401) ;
#404=VERTEX_POINT('',#403) ;
#411=VERTEX_POINT('',#410) ;
#418=VERTEX_POINT('',#417) ;
#442=VERTEX_POINT('',#441) ;
#444=VERTEX_POINT('',#443) ;
#467=VERTEX_POINT('',#466) ;
#469=VERTEX_POINT('',#468) ;
#476=VERTEX_POINT('',#475) ;
#483=VERTEX_POINT('',#482) ;
#490=VERTEX_POINT('',#489) ;
#497=VERTEX_POINT('',#496) ;
#504=VERTEX_POINT('',#503) ;
#511=VERTEX_POINT('',#510) ;
#539=VERTEX_POINT('',#538) ;
#541=VERTEX_POINT('',#540) ;
#570=VERTEX_POINT('',#569) ;
#577=VERTEX_POINT('',#576) ;
#601=VERTEX_POINT('',#600) ;
#625=VERTEX_POINT('',#624) ;
#649=VERTEX_POINT('',#648) ;
#656=VERTEX_POINT('',#655) ;
#680=VERTEX_POINT('',#679) ;
#704=VERTEX_POINT('',#703) ;
#728=VERTEX_POINT('',#727) ;
#730=VERTEX_POINT('',#729) ;
#743=VERTEX_POINT('',#742) ;
#750=VERTEX_POINT('',#749) ;
#778=VERTEX_POINT('',#777) ;
#785=VERTEX_POINT('',#784) ;
#792=VERTEX_POINT('',#791) ;
#799=VERTEX_POINT('',#798) ;
#806=VERTEX_POINT('',#805) ;
#836=VERTEX_POINT('',#835) ;
#838=VERTEX_POINT('',#837) ;
#845=VERTEX_POINT('',#844) ;
#852=VERTEX_POINT('',#851) ;
#859=VERTEX_POINT('',#858) ;
#866=VERTEX_POINT('',#865) ;
#892=VERTEX_POINT('',#891) ;
#894=VERTEX_POINT('',#893) ;
#901=VERTEX_POINT('',#900) ;
#908=VERTEX_POINT('',#907) ;
#953=VERTEX_POINT('',#952) ;
#960=VERTEX_POINT('',#959) ;
#984=VERTEX_POINT('',#983) ;
#1008=VERTEX_POINT('',#1007) ;
#1075=VERTEX_POINT('',#1074) ;
#1119=VERTEX_POINT('',#1118) ;
#1213=VERTEX_POINT('',#1212) ;
#1246=VERTEX_POINT('',#1245) ;
#1264=VERTEX_POINT('',#1263) ;
#1271=VERTEX_POINT('',#1270) ;
#1290=VERTEX_POINT('',#1289) ;
#1297=VERTEX_POINT('',#1296) ;
#1321=VERTEX_POINT('',#1320) ;
#1328=VERTEX_POINT('',#1327) ;
#1352=VERTEX_POINT('',#1351) ;
#1362=VERTEX_POINT('',#1361) ;
#1392=VERTEX_POINT('',#1391) ;
#1399=VERTEX_POINT('',#1398) ;
#1540=VERTEX_POINT('',#1539) ;
#1549=VERTEX_POINT('',#1548) ;
#1577=VERTEX_POINT('',#1576) ;
#1604=VERTEX_POINT('',#1603) ;
#1617=VERTEX_POINT('',#1616) ;
#1694=VERTEX_POINT('',#1693) ;
#1707=VERTEX_POINT('',#1706) ;
#1738=VERTEX_POINT('',#1737) ;
#1764=VERTEX_POINT('',#1763) ;
#1766=VERTEX_POINT('',#1765) ;
#1778=VERTEX_POINT('',#1777) ;
#1787=VERTEX_POINT('',#1786) ;
#1813=VERTEX_POINT('',#1812) ;
#1836=VERTEX_POINT('',#1835) ;
#1933=VERTEX_POINT('',#1932) ;
#1940=VERTEX_POINT('',#1939) ;
#1947=VERTEX_POINT('',#1946) ;
#1955=VERTEX_POINT('',#1954) ;
#2091=VERTEX_POINT('',#2090) ;
#2100=VERTEX_POINT('',#2099) ;
#2165=VERTEX_POINT('',#2164) ;
#2208=VERTEX_POINT('',#2207) ;
#2233=VERTEX_POINT('',#2232) ;
#2258=VERTEX_POINT('',#2257) ;
#2260=VERTEX_POINT('',#2259) ;
#2267=VERTEX_POINT('',#2266) ;
#2277=VERTEX_POINT('',#2276) ;
#2302=VERTEX_POINT('',#2301) ;
#2304=VERTEX_POINT('',#2303) ;
#2319=VERTEX_POINT('',#2318) ;
#2335=VERTEX_POINT('',#2334) ;
#2360=VERTEX_POINT('',#2359) ;
#2362=VERTEX_POINT('',#2361) ;
#2371=VERTEX_POINT('',#2370) ;
#2378=VERTEX_POINT('',#2377) ;
#2387=VERTEX_POINT('',#2386) ;
#2394=VERTEX_POINT('',#2393) ;
#2432=VERTEX_POINT('',#2431) ;
#2434=VERTEX_POINT('',#2433) ;
#2450=VERTEX_POINT('',#2449) ;
#2465=VERTEX_POINT('',#2464) ;
#2491=VERTEX_POINT('',#2490) ;
#2493=VERTEX_POINT('',#2492) ;
#2500=VERTEX_POINT('',#2499) ;
#2507=VERTEX_POINT('',#2506) ;
#2548=VERTEX_POINT('',#2547) ;
#2550=VERTEX_POINT('',#2549) ;
#2557=VERTEX_POINT('',#2556) ;
#2564=VERTEX_POINT('',#2563) ;
#2605=VERTEX_POINT('',#2604) ;
#2607=VERTEX_POINT('',#2606) ;
#2614=VERTEX_POINT('',#2613) ;
#2621=VERTEX_POINT('',#2620) ;
#2662=VERTEX_POINT('',#2661) ;
#2664=VERTEX_POINT('',#2663) ;
#2671=VERTEX_POINT('',#2670) ;
#2678=VERTEX_POINT('',#2677) ;
#2719=VERTEX_POINT('',#2718) ;
#2721=VERTEX_POINT('',#2720) ;
#2728=VERTEX_POINT('',#2727) ;
#2735=VERTEX_POINT('',#2734) ;
#2772=VERTEX_POINT('',#2771) ;
#2785=VERTEX_POINT('',#2784) ;
#2792=VERTEX_POINT('',#2791) ;
#2868=VERTEX_POINT('',#2867) ;
#2908=VERTEX_POINT('',#2907) ;
#2931=VERTEX_POINT('',#2930) ;
#2938=VERTEX_POINT('',#2937) ;
#2974=VERTEX_POINT('',#2973) ;
#2981=VERTEX_POINT('',#2980) ;
#3017=VERTEX_POINT('',#3016) ;
#3024=VERTEX_POINT('',#3023) ;
#3060=VERTEX_POINT('',#3059) ;
#3067=VERTEX_POINT('',#3066) ;
#3103=VERTEX_POINT('',#3102) ;
#3110=VERTEX_POINT('',#3109) ;
#3249=VERTEX_POINT('',#3248) ;
#3391=VERTEX_POINT('',#3390) ;
#3611=VERTEX_POINT('',#3610) ;
#3618=VERTEX_POINT('',#3617) ;
#3634=VERTEX_POINT('',#3633) ;
#3754=VERTEX_POINT('',#3753) ;
#3756=VERTEX_POINT('',#3755) ;
#3797=VERTEX_POINT('',#3796) ;
#3799=VERTEX_POINT('',#3798) ;
#3840=VERTEX_POINT('',#3839) ;
#3842=VERTEX_POINT('',#3841) ;
#3883=VERTEX_POINT('',#3882) ;
#3885=VERTEX_POINT('',#3884) ;
#3926=VERTEX_POINT('',#3925) ;
#3928=VERTEX_POINT('',#3927) ;
#4268=VERTEX_POINT('',#4267) ;
#4275=VERTEX_POINT('',#4274) ;
#4396=VERTEX_POINT('',#4395) ;
#4398=VERTEX_POINT('',#4397) ;
#4410=VERTEX_POINT('',#4409) ;
#4434=VERTEX_POINT('',#4433) ;
#4619=VERTEX_POINT('',#4618) ;
#4882=VERTEX_POINT('',#4881) ;
#5154=VERTEX_POINT('',#5153) ;
#5300=VERTEX_POINT('',#5299) ;
#5302=VERTEX_POINT('',#5301) ;
#5355=VERTEX_POINT('',#5354) ;
#5362=VERTEX_POINT('',#5361) ;
#5385=VERTEX_POINT('',#5384) ;
#5392=VERTEX_POINT('',#5391) ;
#5399=VERTEX_POINT('',#5398) ;
#5586=VERTEX_POINT('',#5585) ;
#5727=VERTEX_POINT('',#5726) ;
#5752=VERTEX_POINT('',#5751) ;
#5754=VERTEX_POINT('',#5753) ;
#41=(LENGTH_UNIT()NAMED_UNIT(*)SI_UNIT(.MILLI.,.METRE.)) ;
#42=(NAMED_UNIT(*)PLANE_ANGLE_UNIT()SI_UNIT($,.RADIAN.)) ;
#44=(NAMED_UNIT(*)SI_UNIT($,.STERADIAN.)SOLID_ANGLE_UNIT()) ;
#46=(GEOMETRIC_REPRESENTATION_CONTEXT(3)GLOBAL_UNCERTAINTY_ASSIGNED_CONTEXT((#45))GLOBAL_UNIT_ASSIGNED_CONTEXT((#41,#42,#44))REPRESENTATION_CONTEXT(' ',' ')) ;
ENDSEC;
END-ISO-10303-21;
