ISO-10303-21;
HEADER;
FILE_DESCRIPTION(('CATIA V5 STEP Exchange'),'2;1');

FILE_NAME('C:\\Users\\alexi\\Documents\\scolaire\\IPSA\\AeroIpsa\\SP-02\\CATIA\\new_catia\\SP02_ALPHA\\SP02_ALPHA_AF\\STEP\\SP02_ALPHA_AF_BLOC_BAGUE1.stp','2025-11-18T15:30:47+00:00',('none'),('none'),'CATIA Version 5 Release 19 GA (IN-10)','CATIA V5 STEP AP203','none');

FILE_SCHEMA(('CONFIG_CONTROL_DESIGN'));

ENDSEC;
/* file written by CATIA V5R19 */
DATA;
#5=PRODUCT('SP02_ALPHA_AF_BLOC_BAGUE1','','',(#2)) ;
#1=APPLICATION_CONTEXT('configuration controlled 3D design of mechanical parts and assemblies') ;
#14=PRODUCT_DEFINITION('',' ',#6,#3) ;
#16=SECURITY_CLASSIFICATION(' ',' ',#15) ;
#15=SECURITY_CLASSIFICATION_LEVEL('unclassified') ;
#47=CARTESIAN_POINT(' ',(0.,0.,0.)) ;
#52=CARTESIAN_POINT('Axis2P3D Location',(35.2139177031,35.2139177031,3.5)) ;
#57=CARTESIAN_POINT('Line Origine',(36.173634849,38.6558131712,2.54114892279)) ;
#61=CARTESIAN_POINT('Vertex',(28.7145396537,31.196717976,2.54114892279)) ;
#63=CARTESIAN_POINT('Vertex',(34.0217056472,36.5038839695,2.54114892279)) ;
#67=CARTESIAN_POINT('Control Point',(28.7145396537,31.196717976,2.54114892279)) ;
#68=CARTESIAN_POINT('Control Point',(28.8701532899,31.053485796,2.15433775667)) ;
#69=CARTESIAN_POINT('Control Point',(29.1090415561,30.8320162487,1.82917815209)) ;
#70=CARTESIAN_POINT('Control Point',(29.4052457191,30.5496154033,1.61863129832)) ;
#71=CARTESIAN_POINT('Control Point',(29.7141178525,30.246176622,1.53570451996)) ;
#72=CARTESIAN_POINT('Vertex',(29.7141178525,30.246176622,1.53570451996)) ;
#76=CARTESIAN_POINT('Control Point',(30.8986551374,28.4164768151,4.45885107721)) ;
#77=CARTESIAN_POINT('Control Point',(30.9445557826,28.2925851957,4.23908041185)) ;
#78=CARTESIAN_POINT('Control Point',(30.9743336977,28.199650644,3.99849098882)) ;
#79=CARTESIAN_POINT('Control Point',(30.9897885222,28.1463050122,3.74209368547)) ;
#80=CARTESIAN_POINT('Control Point',(30.994183861,28.1348923778,3.2185912589)) ;
#81=CARTESIAN_POINT('Control Point',(30.9422627242,28.2975543448,2.72339072253)) ;
#82=CARTESIAN_POINT('Control Point',(30.9013507789,28.4187593526,2.49283711717)) ;
#83=CARTESIAN_POINT('Control Point',(30.7533278545,28.8003194767,1.96394855674)) ;
#84=CARTESIAN_POINT('Control Point',(30.4824076438,29.3160577377,1.6146841988)) ;
#85=CARTESIAN_POINT('Control Point',(30.2638420371,29.651451064,1.48361426882)) ;
#86=CARTESIAN_POINT('Control Point',(29.9958692217,29.9693815251,1.46005919356)) ;
#87=CARTESIAN_POINT('Control Point',(29.7141178525,30.246176622,1.53570451996)) ;
#88=CARTESIAN_POINT('Vertex',(30.8986551374,28.4164768151,4.45885107721)) ;
#91=CARTESIAN_POINT('Line Origine',(38.6558131712,36.173634849,4.45885107721)) ;
#95=CARTESIAN_POINT('Vertex',(36.5038839695,34.0217056472,4.45885107721)) ;
#99=CARTESIAN_POINT('Control Point',(34.0217056472,36.5038839695,2.54114892279)) ;
#100=CARTESIAN_POINT('Control Point',(34.2012956117,36.3365057005,2.09205049228)) ;
#101=CARTESIAN_POINT('Control Point',(34.4849397996,36.0700846961,1.72147537465)) ;
#102=CARTESIAN_POINT('Control Point',(34.8458821041,35.7242171098,1.49149916056)) ;
#103=CARTESIAN_POINT('Control Point',(35.4155494796,35.1584606582,1.41020587726)) ;
#104=CARTESIAN_POINT('Control Point',(35.9215049173,34.6372866311,1.69004177193)) ;
#105=CARTESIAN_POINT('Control Point',(36.0775262727,34.4744408868,1.82202792308)) ;
#106=CARTESIAN_POINT('Control Point',(36.477500219,34.0526522469,2.3029496275)) ;
#107=CARTESIAN_POINT('Control Point',(36.6945247111,33.8163554115,3.01257727117)) ;
#108=CARTESIAN_POINT('Control Point',(36.733070078,33.7737842409,3.5307319272)) ;
#109=CARTESIAN_POINT('Control Point',(36.6635267463,33.850415546,4.03050801354)) ;
#110=CARTESIAN_POINT('Control Point',(36.5038839695,34.0217056472,4.45885107721)) ;
#121=CARTESIAN_POINT('Control Point',(30.8986551374,28.4164768151,4.45885107721)) ;
#122=CARTESIAN_POINT('Control Point',(30.8066991731,28.6646775381,4.89913298096)) ;
#123=CARTESIAN_POINT('Control Point',(30.6501691454,29.0365673177,5.2542326905)) ;
#124=CARTESIAN_POINT('Control Point',(30.4133988424,29.469447634,5.49424038331)) ;
#125=CARTESIAN_POINT('Control Point',(30.0740395647,29.8925862721,5.56092817955)) ;
#126=CARTESIAN_POINT('Control Point',(29.7141178525,30.246176622,5.46429548004)) ;
#127=CARTESIAN_POINT('Vertex',(29.7141178525,30.246176622,5.46429548004)) ;
#131=CARTESIAN_POINT('Control Point',(28.7145396537,31.196717976,2.54114892279)) ;
#132=CARTESIAN_POINT('Control Point',(28.4488490849,31.4412687771,3.20157998333)) ;
#133=CARTESIAN_POINT('Control Point',(28.4063244041,31.4734038405,4.03303594257)) ;
#134=CARTESIAN_POINT('Control Point',(28.6935767076,31.2251177698,4.83486446525)) ;
#135=CARTESIAN_POINT('Control Point',(29.1867578161,30.764259898,5.32270851209)) ;
#136=CARTESIAN_POINT('Control Point',(29.7141178525,30.246176622,5.46429548004)) ;
#139=CARTESIAN_POINT('Control Point',(36.5038839695,34.0217056472,4.45885107721)) ;
#140=CARTESIAN_POINT('Control Point',(36.3365057004,34.2012956118,4.90794950787)) ;
#141=CARTESIAN_POINT('Control Point',(36.070084696,34.4849397998,5.27852462559)) ;
#142=CARTESIAN_POINT('Control Point',(35.72421711,34.8458821038,5.5085008394)) ;
#143=CARTESIAN_POINT('Control Point',(35.1584606584,35.4155494795,5.58979412279)) ;
#144=CARTESIAN_POINT('Control Point',(34.6372866312,35.9215049172,5.30995822812)) ;
#145=CARTESIAN_POINT('Control Point',(34.4744408867,36.0775262728,5.17797207684)) ;
#146=CARTESIAN_POINT('Control Point',(34.0526522469,36.477500219,4.6970503725)) ;
#147=CARTESIAN_POINT('Control Point',(33.8163554116,36.6945247111,3.98742272901)) ;
#148=CARTESIAN_POINT('Control Point',(33.7737842409,36.733070078,3.46926807261)) ;
#149=CARTESIAN_POINT('Control Point',(33.850415546,36.6635267463,2.96949198638)) ;
#150=CARTESIAN_POINT('Control Point',(34.0217056472,36.5038839695,2.54114892279)) ;
#160=CARTESIAN_POINT('Axis2P3D Location',(0.,0.,3.5)) ;
#165=CARTESIAN_POINT('Line Origine',(29.7141178525,30.246176622,3.5)) ;
#169=CARTESIAN_POINT('Vertex',(29.7141178525,30.246176622,7.)) ;
#172=CARTESIAN_POINT('Axis2P3D Location',(0.,0.,7.)) ;
#176=CARTESIAN_POINT('Vertex',(11.3368983957,40.8562692223,7.)) ;
#179=CARTESIAN_POINT('Line Origine',(11.3368983957,40.8562692223,3.5)) ;
#183=CARTESIAN_POINT('Vertex',(11.3368983957,40.8562692223,3.5)) ;
#186=CARTESIAN_POINT('Axis2P3D Location',(0.,0.,3.5)) ;
#190=CARTESIAN_POINT('Vertex',(18.,38.3895819201,3.5)) ;
#193=CARTESIAN_POINT('Line Origine',(18.,38.3895819201,3.5)) ;
#197=CARTESIAN_POINT('Vertex',(18.,38.3895819201,0.)) ;
#200=CARTESIAN_POINT('Axis2P3D Location',(0.,0.,0.)) ;
#204=CARTESIAN_POINT('Vertex',(29.7141178525,30.246176622,0.)) ;
#207=CARTESIAN_POINT('Line Origine',(29.7141178525,30.246176622,3.5)) ;
#224=CARTESIAN_POINT('Axis2P3D Location',(0.,0.,7.)) ;
#229=CARTESIAN_POINT('Axis2P3D Location',(0.,0.,7.)) ;
#233=CARTESIAN_POINT('Vertex',(-49.3051795679,-7.68174900514,7.)) ;
#235=CARTESIAN_POINT('Vertex',(-31.3051795679,-38.8586635414,7.)) ;
#238=CARTESIAN_POINT('Axis2P3D Location',(0.,0.,7.)) ;
#242=CARTESIAN_POINT('Vertex',(31.3051795679,-38.8586635414,7.)) ;
#245=CARTESIAN_POINT('Axis2P3D Location',(0.,0.,7.)) ;
#249=CARTESIAN_POINT('Vertex',(49.3051795679,-7.68174900514,7.)) ;
#252=CARTESIAN_POINT('Axis2P3D Location',(0.,0.,7.)) ;
#256=CARTESIAN_POINT('Vertex',(18.,46.5404125465,7.)) ;
#259=CARTESIAN_POINT('Axis2P3D Location',(0.,0.,7.)) ;
#263=CARTESIAN_POINT('Vertex',(-18.,46.5404125465,7.)) ;
#266=CARTESIAN_POINT('Axis2P3D Location',(0.,0.,7.)) ;
#279=CARTESIAN_POINT('Axis2P3D Location',(0.,-37.,7.)) ;
#283=CARTESIAN_POINT('Vertex',(2.5,-37.,7.)) ;
#285=CARTESIAN_POINT('Vertex',(-2.5,-37.,7.)) ;
#288=CARTESIAN_POINT('Axis2P3D Location',(0.,-37.,7.)) ;
#297=CARTESIAN_POINT('Axis2P3D Location',(-32.04293994,18.5,7.)) ;
#301=CARTESIAN_POINT('Vertex',(-29.54293994,18.5,7.)) ;
#303=CARTESIAN_POINT('Vertex',(-34.54293994,18.5,7.)) ;
#306=CARTESIAN_POINT('Axis2P3D Location',(-32.04293994,18.5,7.)) ;
#315=CARTESIAN_POINT('Axis2P3D Location',(32.04293994,18.5,7.)) ;
#319=CARTESIAN_POINT('Vertex',(34.54293994,18.5,7.)) ;
#321=CARTESIAN_POINT('Vertex',(29.54293994,18.5,7.)) ;
#324=CARTESIAN_POINT('Axis2P3D Location',(32.04293994,18.5,7.)) ;
#333=CARTESIAN_POINT('Axis2P3D Location',(14.1421356237,-14.1421356237,7.)) ;
#337=CARTESIAN_POINT('Vertex',(12.6421356237,-14.1421356237,7.)) ;
#339=CARTESIAN_POINT('Vertex',(15.6421356237,-14.1421356237,7.)) ;
#342=CARTESIAN_POINT('Axis2P3D Location',(14.1421356237,-14.1421356237,7.)) ;
#351=CARTESIAN_POINT('Axis2P3D Location',(-14.1421356237,-14.1421356237,7.)) ;
#355=CARTESIAN_POINT('Vertex',(-12.6421356237,-14.1421356237,7.)) ;
#357=CARTESIAN_POINT('Vertex',(-15.6421356237,-14.1421356237,7.)) ;
#360=CARTESIAN_POINT('Axis2P3D Location',(-14.1421356237,-14.1421356237,7.)) ;
#369=CARTESIAN_POINT('Axis2P3D Location',(-14.1421356237,14.1421356237,7.)) ;
#373=CARTESIAN_POINT('Vertex',(-12.6421356237,14.1421356237,7.)) ;
#375=CARTESIAN_POINT('Vertex',(-15.6421356237,14.1421356237,7.)) ;
#378=CARTESIAN_POINT('Axis2P3D Location',(-14.1421356237,14.1421356237,7.)) ;
#387=CARTESIAN_POINT('Axis2P3D Location',(14.1421356237,14.1421356237,7.)) ;
#391=CARTESIAN_POINT('Vertex',(12.6421356237,14.1421356237,7.)) ;
#393=CARTESIAN_POINT('Vertex',(15.6421356237,14.1421356237,7.)) ;
#396=CARTESIAN_POINT('Axis2P3D Location',(14.1421356237,14.1421356237,7.)) ;
#405=CARTESIAN_POINT('Axis2P3D Location',(0.,0.,7.)) ;
#409=CARTESIAN_POINT('Vertex',(-16.2,1.98392781462E-015,7.)) ;
#411=CARTESIAN_POINT('Vertex',(16.2,0.,7.)) ;
#414=CARTESIAN_POINT('Axis2P3D Location',(0.,0.,7.)) ;
#423=CARTESIAN_POINT('Line Origine',(-5.,32.4261860073,7.)) ;
#427=CARTESIAN_POINT('Vertex',(-5.,28.8140590684,7.)) ;
#429=CARTESIAN_POINT('Vertex',(-5.,36.0383129461,7.)) ;
#432=CARTESIAN_POINT('Axis2P3D Location',(-10.,28.8140590684,7.)) ;
#436=CARTESIAN_POINT('Vertex',(-8.3606557377,24.0904428277,7.)) ;
#439=CARTESIAN_POINT('Axis2P3D Location',(0.,0.,7.)) ;
#443=CARTESIAN_POINT('Vertex',(-16.6826076084,19.285761675,7.)) ;
#446=CARTESIAN_POINT('Axis2P3D Location',(-19.9537071394,23.0672835721,7.)) ;
#450=CARTESIAN_POINT('Vertex',(-22.4537071394,18.7371565531,7.)) ;
#453=CARTESIAN_POINT('Line Origine',(-25.5819008301,20.5432200226,7.)) ;
#457=CARTESIAN_POINT('Vertex',(-28.7100945208,22.349283492,7.)) ;
#460=CARTESIAN_POINT('Axis2P3D Location',(-26.2100945208,26.6794105109,7.)) ;
#464=CARTESIAN_POINT('Vertex',(-29.7141178525,30.246176622,7.)) ;
#467=CARTESIAN_POINT('Axis2P3D Location',(0.,0.,7.)) ;
#471=CARTESIAN_POINT('Vertex',(-11.3368983957,40.8562692223,7.)) ;
#474=CARTESIAN_POINT('Axis2P3D Location',(-10.,36.0383129461,7.)) ;
#489=CARTESIAN_POINT('Line Origine',(-30.5819008301,11.8829659847,7.)) ;
#493=CARTESIAN_POINT('Vertex',(-27.4537071394,10.0769025153,7.)) ;
#495=CARTESIAN_POINT('Vertex',(-33.7100945208,13.6890294541,7.)) ;
#498=CARTESIAN_POINT('Axis2P3D Location',(-29.9537071394,5.74677549638,7.)) ;
#502=CARTESIAN_POINT('Vertex',(-25.0432633461,4.80468115271,7.)) ;
#505=CARTESIAN_POINT('Axis2P3D Location',(0.,0.,7.)) ;
#509=CARTESIAN_POINT('Vertex',(-25.0432633461,-4.80468115271,7.)) ;
#512=CARTESIAN_POINT('Axis2P3D Location',(-29.9537071394,-5.74677549638,7.)) ;
#516=CARTESIAN_POINT('Vertex',(-27.4537071394,-10.0769025153,7.)) ;
#519=CARTESIAN_POINT('Line Origine',(-30.5819008301,-11.8829659847,7.)) ;
#523=CARTESIAN_POINT('Vertex',(-33.7100945208,-13.6890294541,7.)) ;
#526=CARTESIAN_POINT('Axis2P3D Location',(-36.2100945208,-9.3589024352,7.)) ;
#530=CARTESIAN_POINT('Vertex',(-41.0510162482,-10.6100926003,7.)) ;
#533=CARTESIAN_POINT('Axis2P3D Location',(0.,0.,7.)) ;
#537=CARTESIAN_POINT('Vertex',(-41.0510162482,10.6100926003,7.)) ;
#540=CARTESIAN_POINT('Axis2P3D Location',(-36.2100945208,9.3589024352,7.)) ;
#555=CARTESIAN_POINT('Axis2P3D Location',(0.,0.,7.)) ;
#559=CARTESIAN_POINT('Vertex',(-8.3606557377,-24.0904428277,7.)) ;
#561=CARTESIAN_POINT('Vertex',(-16.6826076084,-19.285761675,7.)) ;
#564=CARTESIAN_POINT('Axis2P3D Location',(-10.,-28.8140590684,7.)) ;
#568=CARTESIAN_POINT('Vertex',(-5.,-28.8140590684,7.)) ;
#571=CARTESIAN_POINT('Line Origine',(-5.,-32.4261860073,7.)) ;
#575=CARTESIAN_POINT('Vertex',(-5.,-36.0383129461,7.)) ;
#578=CARTESIAN_POINT('Axis2P3D Location',(-10.,-36.0383129461,7.)) ;
#582=CARTESIAN_POINT('Vertex',(-11.3368983957,-40.8562692223,7.)) ;
#585=CARTESIAN_POINT('Axis2P3D Location',(0.,0.,7.)) ;
#589=CARTESIAN_POINT('Vertex',(-29.7141178525,-30.246176622,7.)) ;
#592=CARTESIAN_POINT('Axis2P3D Location',(-26.2100945208,-26.6794105109,7.)) ;
#596=CARTESIAN_POINT('Vertex',(-28.7100945208,-22.349283492,7.)) ;
#599=CARTESIAN_POINT('Line Origine',(-25.5819008301,-20.5432200226,7.)) ;
#603=CARTESIAN_POINT('Vertex',(-22.4537071394,-18.7371565531,7.)) ;
#606=CARTESIAN_POINT('Axis2P3D Location',(-19.9537071394,-23.0672835721,7.)) ;
#621=CARTESIAN_POINT('Line Origine',(5.,32.4261860073,7.)) ;
#625=CARTESIAN_POINT('Vertex',(5.,36.0383129461,7.)) ;
#627=CARTESIAN_POINT('Vertex',(5.,28.8140590684,7.)) ;
#630=CARTESIAN_POINT('Axis2P3D Location',(10.,36.0383129461,7.)) ;
#635=CARTESIAN_POINT('Axis2P3D Location',(26.2100945208,26.6794105109,7.)) ;
#639=CARTESIAN_POINT('Vertex',(28.7100945208,22.349283492,7.)) ;
#642=CARTESIAN_POINT('Line Origine',(25.5819008301,20.5432200226,7.)) ;
#646=CARTESIAN_POINT('Vertex',(22.4537071394,18.7371565531,7.)) ;
#649=CARTESIAN_POINT('Axis2P3D Location',(19.9537071394,23.0672835721,7.)) ;
#653=CARTESIAN_POINT('Vertex',(16.6826076084,19.285761675,7.)) ;
#656=CARTESIAN_POINT('Axis2P3D Location',(0.,0.,7.)) ;
#660=CARTESIAN_POINT('Vertex',(8.3606557377,24.0904428277,7.)) ;
#663=CARTESIAN_POINT('Axis2P3D Location',(10.,28.8140590684,7.)) ;
#678=CARTESIAN_POINT('Axis2P3D Location',(36.2100945208,9.3589024352,7.)) ;
#682=CARTESIAN_POINT('Vertex',(41.0510162482,10.6100926003,7.)) ;
#684=CARTESIAN_POINT('Vertex',(33.7100945208,13.6890294541,7.)) ;
#687=CARTESIAN_POINT('Axis2P3D Location',(0.,0.,7.)) ;
#691=CARTESIAN_POINT('Vertex',(41.0510162482,-10.6100926003,7.)) ;
#694=CARTESIAN_POINT('Axis2P3D Location',(36.2100945208,-9.3589024352,7.)) ;
#698=CARTESIAN_POINT('Vertex',(33.7100945208,-13.6890294541,7.)) ;
#701=CARTESIAN_POINT('Line Origine',(30.5819008301,-11.8829659847,7.)) ;
#705=CARTESIAN_POINT('Vertex',(27.4537071394,-10.0769025153,7.)) ;
#708=CARTESIAN_POINT('Axis2P3D Location',(29.9537071394,-5.74677549638,7.)) ;
#712=CARTESIAN_POINT('Vertex',(25.0432633461,-4.80468115271,7.)) ;
#715=CARTESIAN_POINT('Axis2P3D Location',(0.,0.,7.)) ;
#719=CARTESIAN_POINT('Vertex',(25.0432633461,4.80468115271,7.)) ;
#722=CARTESIAN_POINT('Axis2P3D Location',(29.9537071394,5.74677549638,7.)) ;
#726=CARTESIAN_POINT('Vertex',(27.4537071394,10.0769025153,7.)) ;
#729=CARTESIAN_POINT('Line Origine',(30.5819008301,11.8829659847,7.)) ;
#744=CARTESIAN_POINT('Axis2P3D Location',(26.2100945208,-26.6794105109,7.)) ;
#748=CARTESIAN_POINT('Vertex',(29.7141178525,-30.246176622,7.)) ;
#750=CARTESIAN_POINT('Vertex',(28.7100945208,-22.349283492,7.)) ;
#753=CARTESIAN_POINT('Axis2P3D Location',(0.,0.,7.)) ;
#757=CARTESIAN_POINT('Vertex',(11.3368983957,-40.8562692223,7.)) ;
#760=CARTESIAN_POINT('Axis2P3D Location',(10.,-36.0383129461,7.)) ;
#764=CARTESIAN_POINT('Vertex',(5.,-36.0383129461,7.)) ;
#767=CARTESIAN_POINT('Line Origine',(5.,-32.4261860073,7.)) ;
#771=CARTESIAN_POINT('Vertex',(5.,-28.8140590684,7.)) ;
#774=CARTESIAN_POINT('Axis2P3D Location',(10.,-28.8140590684,7.)) ;
#778=CARTESIAN_POINT('Vertex',(8.3606557377,-24.0904428277,7.)) ;
#781=CARTESIAN_POINT('Axis2P3D Location',(0.,0.,7.)) ;
#785=CARTESIAN_POINT('Vertex',(16.6826076084,-19.285761675,7.)) ;
#788=CARTESIAN_POINT('Axis2P3D Location',(19.9537071394,-23.0672835721,7.)) ;
#792=CARTESIAN_POINT('Vertex',(22.4537071394,-18.7371565531,7.)) ;
#795=CARTESIAN_POINT('Line Origine',(25.5819008301,-20.5432200226,7.)) ;
#811=CARTESIAN_POINT('Axis2P3D Location',(0.,0.,5.25)) ;
#816=CARTESIAN_POINT('Line Origine',(18.,46.5404125465,5.25)) ;
#820=CARTESIAN_POINT('Vertex',(18.,46.5404125465,3.5)) ;
#823=CARTESIAN_POINT('Axis2P3D Location',(0.,0.,3.5)) ;
#827=CARTESIAN_POINT('Vertex',(-18.,46.5404125465,3.5)) ;
#830=CARTESIAN_POINT('Line Origine',(-18.,46.5404125465,5.25)) ;
#842=CARTESIAN_POINT('Axis2P3D Location',(0.,0.,0.)) ;
#847=CARTESIAN_POINT('Axis2P3D Location',(3.5527136788E-015,-38.1051177665,0.)) ;
#851=CARTESIAN_POINT('Vertex',(5.,-23.9629821428,0.)) ;
#853=CARTESIAN_POINT('Vertex',(-5.,-23.9629821428,0.)) ;
#856=CARTESIAN_POINT('Line Origine',(5.,-30.0006475444,0.)) ;
#860=CARTESIAN_POINT('Vertex',(5.,-36.0383129461,0.)) ;
#863=CARTESIAN_POINT('Axis2P3D Location',(10.,-36.0383129461,0.)) ;
#867=CARTESIAN_POINT('Vertex',(11.3368983957,-40.8562692223,0.)) ;
#870=CARTESIAN_POINT('Axis2P3D Location',(0.,0.,0.)) ;
#874=CARTESIAN_POINT('Vertex',(24.2463531835,-34.7832482282,0.)) ;
#877=CARTESIAN_POINT('Line Origine',(27.7757663757,-36.8209558848,0.)) ;
#881=CARTESIAN_POINT('Vertex',(31.3051795679,-38.8586635414,0.)) ;
#884=CARTESIAN_POINT('Axis2P3D Location',(0.,0.,0.)) ;
#888=CARTESIAN_POINT('Vertex',(-31.3051795679,-38.8586635414,0.)) ;
#891=CARTESIAN_POINT('Line Origine',(-27.7757663757,-36.8209558848,0.)) ;
#895=CARTESIAN_POINT('Vertex',(-24.2463531835,-34.7832482282,0.)) ;
#898=CARTESIAN_POINT('Axis2P3D Location',(0.,0.,0.)) ;
#902=CARTESIAN_POINT('Vertex',(-11.3368983957,-40.8562692223,0.)) ;
#905=CARTESIAN_POINT('Axis2P3D Location',(-10.,-36.0383129461,0.)) ;
#909=CARTESIAN_POINT('Vertex',(-5.,-36.0383129461,0.)) ;
#912=CARTESIAN_POINT('Line Origine',(-5.,-30.0006475444,0.)) ;
#929=CARTESIAN_POINT('Axis2P3D Location',(0.,-37.,0.)) ;
#933=CARTESIAN_POINT('Vertex',(2.5,-37.,0.)) ;
#935=CARTESIAN_POINT('Vertex',(-2.5,-37.,0.)) ;
#938=CARTESIAN_POINT('Axis2P3D Location',(0.,-37.,0.)) ;
#948=CARTESIAN_POINT('Axis2P3D Location',(7.5,-25.1147367097,0.)) ;
#953=CARTESIAN_POINT('Line Origine',(24.2463531835,-34.7832482282,1.75)) ;
#957=CARTESIAN_POINT('Vertex',(24.2463531835,-34.7832482282,3.5)) ;
#960=CARTESIAN_POINT('Line Origine',(27.7757663757,-36.8209558848,3.5)) ;
#964=CARTESIAN_POINT('Vertex',(31.3051795679,-38.8586635414,3.5)) ;
#967=CARTESIAN_POINT('Line Origine',(31.3051795679,-38.8586635414,1.75)) ;
#979=CARTESIAN_POINT('Axis2P3D Location',(-33.,19.0525588833,0.)) ;
#983=CARTESIAN_POINT('Vertex',(-23.2525512861,7.65136405247,0.)) ;
#985=CARTESIAN_POINT('Vertex',(-18.2525512861,16.3116180903,0.)) ;
#988=CARTESIAN_POINT('Line Origine',(-28.4813229035,10.6701967533,0.)) ;
#992=CARTESIAN_POINT('Vertex',(-33.7100945208,13.6890294541,0.)) ;
#995=CARTESIAN_POINT('Axis2P3D Location',(-36.2100945208,9.3589024352,0.)) ;
#999=CARTESIAN_POINT('Vertex',(-41.0510162482,10.6100926003,0.)) ;
#1002=CARTESIAN_POINT('Axis2P3D Location',(0.,0.,0.)) ;
#1006=CARTESIAN_POINT('Vertex',(-42.2463531835,-3.60633369193,0.)) ;
#1009=CARTESIAN_POINT('Line Origine',(-45.7757663757,-5.64404134853,0.)) ;
#1013=CARTESIAN_POINT('Vertex',(-49.3051795679,-7.68174900514,0.)) ;
#1016=CARTESIAN_POINT('Axis2P3D Location',(0.,0.,0.)) ;
#1020=CARTESIAN_POINT('Vertex',(-18.,46.5404125465,0.)) ;
#1023=CARTESIAN_POINT('Line Origine',(-18.,42.4649972333,0.)) ;
#1027=CARTESIAN_POINT('Vertex',(-18.,38.3895819201,0.)) ;
#1030=CARTESIAN_POINT('Axis2P3D Location',(0.,0.,0.)) ;
#1034=CARTESIAN_POINT('Vertex',(-29.7141178525,30.246176622,0.)) ;
#1037=CARTESIAN_POINT('Axis2P3D Location',(-26.2100945208,26.6794105109,0.)) ;
#1041=CARTESIAN_POINT('Vertex',(-28.7100945208,22.349283492,0.)) ;
#1044=CARTESIAN_POINT('Line Origine',(-23.4813229035,19.3304507911,0.)) ;
#1061=CARTESIAN_POINT('Axis2P3D Location',(-32.04293994,18.5,0.)) ;
#1065=CARTESIAN_POINT('Vertex',(-29.54293994,18.5,0.)) ;
#1067=CARTESIAN_POINT('Vertex',(-34.54293994,18.5,0.)) ;
#1070=CARTESIAN_POINT('Axis2P3D Location',(-32.04293994,18.5,0.)) ;
#1080=CARTESIAN_POINT('Axis2P3D Location',(-25.5,6.06217782649,0.)) ;
#1085=CARTESIAN_POINT('Line Origine',(-42.2463531835,-3.60633369193,1.75)) ;
#1089=CARTESIAN_POINT('Vertex',(-42.2463531835,-3.60633369193,3.5)) ;
#1092=CARTESIAN_POINT('Line Origine',(-45.7757663757,-5.64404134853,3.5)) ;
#1096=CARTESIAN_POINT('Vertex',(-49.3051795679,-7.68174900514,3.5)) ;
#1099=CARTESIAN_POINT('Line Origine',(-49.3051795679,-7.68174900514,1.75)) ;
#1111=CARTESIAN_POINT('Axis2P3D Location',(33.,19.0525588833,3.5)) ;
#1116=CARTESIAN_POINT('Line Origine',(18.2525512861,16.3116180903,3.5)) ;
#1120=CARTESIAN_POINT('Vertex',(18.2525512861,16.3116180903,0.)) ;
#1122=CARTESIAN_POINT('Vertex',(18.2525512861,16.3116180903,3.5)) ;
#1125=CARTESIAN_POINT('Axis2P3D Location',(33.,19.0525588833,0.)) ;
#1129=CARTESIAN_POINT('Vertex',(23.2525512861,7.65136405247,0.)) ;
#1132=CARTESIAN_POINT('Line Origine',(23.2525512861,7.65136405247,3.5)) ;
#1136=CARTESIAN_POINT('Vertex',(23.2525512861,7.65136405247,3.5)) ;
#1139=CARTESIAN_POINT('Axis2P3D Location',(33.,19.0525588833,3.5)) ;
#1151=CARTESIAN_POINT('Axis2P3D Location',(-33.,19.0525588833,3.5)) ;
#1156=CARTESIAN_POINT('Line Origine',(-23.2525512861,7.65136405247,3.5)) ;
#1160=CARTESIAN_POINT('Vertex',(-23.2525512861,7.65136405247,3.5)) ;
#1163=CARTESIAN_POINT('Line Origine',(-18.2525512861,16.3116180903,3.5)) ;
#1167=CARTESIAN_POINT('Vertex',(-18.2525512861,16.3116180903,3.5)) ;
#1170=CARTESIAN_POINT('Axis2P3D Location',(-33.,19.0525588833,3.5)) ;
#1182=CARTESIAN_POINT('Axis2P3D Location',(3.5527136788E-015,-38.1051177665,3.5)) ;
#1187=CARTESIAN_POINT('Line Origine',(5.,-23.9629821428,3.5)) ;
#1191=CARTESIAN_POINT('Vertex',(5.,-23.9629821428,3.5)) ;
#1194=CARTESIAN_POINT('Line Origine',(-5.,-23.9629821428,3.5)) ;
#1198=CARTESIAN_POINT('Vertex',(-5.,-23.9629821428,3.5)) ;
#1201=CARTESIAN_POINT('Axis2P3D Location',(3.5527136788E-015,-38.1051177665,3.5)) ;
#1213=CARTESIAN_POINT('Axis2P3D Location',(-18.,46.5404125465,0.)) ;
#1218=CARTESIAN_POINT('Line Origine',(-18.,38.3895819201,1.75)) ;
#1222=CARTESIAN_POINT('Vertex',(-18.,38.3895819201,3.5)) ;
#1225=CARTESIAN_POINT('Line Origine',(-18.,46.5404125465,1.75)) ;
#1230=CARTESIAN_POINT('Line Origine',(-18.,42.4649972333,3.5)) ;
#1242=CARTESIAN_POINT('Axis2P3D Location',(49.3051795679,-7.68174900514,0.)) ;
#1247=CARTESIAN_POINT('Line Origine',(42.2463531835,-3.60633369193,1.75)) ;
#1251=CARTESIAN_POINT('Vertex',(42.2463531835,-3.60633369193,0.)) ;
#1253=CARTESIAN_POINT('Vertex',(42.2463531835,-3.60633369193,3.5)) ;
#1256=CARTESIAN_POINT('Line Origine',(45.7757663757,-5.64404134853,0.)) ;
#1260=CARTESIAN_POINT('Vertex',(49.3051795679,-7.68174900514,0.)) ;
#1263=CARTESIAN_POINT('Line Origine',(49.3051795679,-7.68174900514,1.75)) ;
#1267=CARTESIAN_POINT('Vertex',(49.3051795679,-7.68174900514,3.5)) ;
#1270=CARTESIAN_POINT('Line Origine',(45.7757663757,-5.64404134853,3.5)) ;
#1282=CARTESIAN_POINT('Axis2P3D Location',(-31.3051795679,-38.8586635414,0.)) ;
#1287=CARTESIAN_POINT('Line Origine',(-24.2463531835,-34.7832482282,1.75)) ;
#1291=CARTESIAN_POINT('Vertex',(-24.2463531835,-34.7832482282,3.5)) ;
#1294=CARTESIAN_POINT('Line Origine',(-31.3051795679,-38.8586635414,1.75)) ;
#1298=CARTESIAN_POINT('Vertex',(-31.3051795679,-38.8586635414,3.5)) ;
#1301=CARTESIAN_POINT('Line Origine',(-27.7757663757,-36.8209558848,3.5)) ;
#1313=CARTESIAN_POINT('Axis2P3D Location',(-27.4537071394,10.0769025153,0.)) ;
#1318=CARTESIAN_POINT('Line Origine',(25.5819008301,-20.5432200226,3.5)) ;
#1322=CARTESIAN_POINT('Vertex',(28.7100945208,-22.349283492,3.5)) ;
#1324=CARTESIAN_POINT('Vertex',(22.4537071394,-18.7371565531,3.5)) ;
#1327=CARTESIAN_POINT('Line Origine',(28.7100945208,-22.349283492,5.25)) ;
#1332=CARTESIAN_POINT('Line Origine',(22.4537071394,-18.7371565531,5.25)) ;
#1344=CARTESIAN_POINT('Axis2P3D Location',(19.9537071394,-23.0672835721,3.5)) ;
#1349=CARTESIAN_POINT('Axis2P3D Location',(19.9537071394,-23.0672835721,3.5)) ;
#1353=CARTESIAN_POINT('Vertex',(16.6826076084,-19.285761675,3.5)) ;
#1356=CARTESIAN_POINT('Line Origine',(16.6826076084,-19.285761675,3.5)) ;
#1368=CARTESIAN_POINT('Axis2P3D Location',(0.,0.,3.5)) ;
#1373=CARTESIAN_POINT('Line Origine',(8.3606557377,-24.0904428277,3.5)) ;
#1377=CARTESIAN_POINT('Vertex',(8.3606557377,-24.0904428277,3.5)) ;
#1380=CARTESIAN_POINT('Axis2P3D Location',(0.,0.,3.5)) ;
#1392=CARTESIAN_POINT('Axis2P3D Location',(10.,-28.8140590684,3.5)) ;
#1397=CARTESIAN_POINT('Axis2P3D Location',(10.,-28.8140590684,3.5)) ;
#1401=CARTESIAN_POINT('Vertex',(6.98082007045,-24.8285161251,3.5)) ;
#1403=CARTESIAN_POINT('Vertex',(5.,-28.8140590684,3.5)) ;
#1406=CARTESIAN_POINT('Axis2P3D Location',(10.,-28.8140590684,3.5)) ;
#1411=CARTESIAN_POINT('Line Origine',(5.,-28.8140590684,3.5)) ;
#1424=CARTESIAN_POINT('Axis2P3D Location',(5.,28.8140590684,0.)) ;
#1429=CARTESIAN_POINT('Line Origine',(5.,-26.3885206056,3.5)) ;
#1434=CARTESIAN_POINT('Line Origine',(5.,-36.0383129461,3.5)) ;
#1448=CARTESIAN_POINT('Axis2P3D Location',(10.,-36.0383129461,3.5)) ;
#1453=CARTESIAN_POINT('Line Origine',(11.3368983957,-40.8562692223,3.5)) ;
#1465=CARTESIAN_POINT('Axis2P3D Location',(0.,0.,3.5)) ;
#1470=CARTESIAN_POINT('Axis2P3D Location',(0.,0.,3.5)) ;
#1474=CARTESIAN_POINT('Vertex',(29.7141178525,-30.246176622,3.5)) ;
#1477=CARTESIAN_POINT('Line Origine',(29.7141178525,-30.246176622,3.5)) ;
#1491=CARTESIAN_POINT('Axis2P3D Location',(26.2100945208,-26.6794105109,3.5)) ;
#1496=CARTESIAN_POINT('Axis2P3D Location',(26.2100945208,-26.6794105109,3.5)) ;
#1508=CARTESIAN_POINT('Axis2P3D Location',(-22.4537071394,-18.7371565531,0.)) ;
#1513=CARTESIAN_POINT('Line Origine',(33.7100945208,13.6890294541,3.5)) ;
#1517=CARTESIAN_POINT('Vertex',(33.7100945208,13.6890294541,0.)) ;
#1520=CARTESIAN_POINT('Line Origine',(27.4537071394,10.0769025153,5.25)) ;
#1524=CARTESIAN_POINT('Vertex',(27.4537071394,10.0769025153,3.5)) ;
#1527=CARTESIAN_POINT('Line Origine',(25.3531292128,8.86413328389,3.5)) ;
#1532=CARTESIAN_POINT('Line Origine',(28.4813229035,10.6701967533,0.)) ;
#1546=CARTESIAN_POINT('Axis2P3D Location',(29.9537071394,5.74677549638,3.5)) ;
#1551=CARTESIAN_POINT('Axis2P3D Location',(29.9537071394,5.74677549638,3.5)) ;
#1555=CARTESIAN_POINT('Vertex',(24.9925357379,6.36869054231,3.5)) ;
#1558=CARTESIAN_POINT('Line Origine',(25.0432633461,4.80468115271,3.5)) ;
#1562=CARTESIAN_POINT('Vertex',(25.0432633461,4.80468115271,3.5)) ;
#1565=CARTESIAN_POINT('Axis2P3D Location',(29.9537071394,5.74677549638,3.5)) ;
#1578=CARTESIAN_POINT('Line Origine',(25.0432633461,-4.80468115271,3.5)) ;
#1582=CARTESIAN_POINT('Vertex',(25.0432633461,-4.80468115271,3.5)) ;
#1585=CARTESIAN_POINT('Axis2P3D Location',(0.,0.,3.5)) ;
#1597=CARTESIAN_POINT('Axis2P3D Location',(29.9537071394,-5.74677549638,3.5)) ;
#1602=CARTESIAN_POINT('Axis2P3D Location',(29.9537071394,-5.74677549638,3.5)) ;
#1606=CARTESIAN_POINT('Vertex',(27.4537071394,-10.0769025153,3.5)) ;
#1609=CARTESIAN_POINT('Line Origine',(27.4537071394,-10.0769025153,3.5)) ;
#1621=CARTESIAN_POINT('Axis2P3D Location',(-22.4537071394,18.7371565531,0.)) ;
#1626=CARTESIAN_POINT('Line Origine',(33.7100945208,-13.6890294541,5.25)) ;
#1630=CARTESIAN_POINT('Vertex',(33.7100945208,-13.6890294541,3.5)) ;
#1633=CARTESIAN_POINT('Line Origine',(30.5819008301,-11.8829659847,3.5)) ;
#1645=CARTESIAN_POINT('Axis2P3D Location',(36.2100945208,-9.3589024352,3.5)) ;
#1650=CARTESIAN_POINT('Axis2P3D Location',(36.2100945208,-9.3589024352,3.5)) ;
#1654=CARTESIAN_POINT('Vertex',(41.0510162482,-10.6100926003,3.5)) ;
#1657=CARTESIAN_POINT('Line Origine',(41.0510162482,-10.6100926003,3.5)) ;
#1669=CARTESIAN_POINT('Axis2P3D Location',(0.,0.,3.5)) ;
#1674=CARTESIAN_POINT('Line Origine',(41.0510162482,10.6100926003,3.5)) ;
#1678=CARTESIAN_POINT('Vertex',(41.0510162482,10.6100926003,0.)) ;
#1681=CARTESIAN_POINT('Axis2P3D Location',(0.,0.,0.)) ;
#1695=CARTESIAN_POINT('Axis2P3D Location',(36.2100945208,9.3589024352,3.5)) ;
#1700=CARTESIAN_POINT('Axis2P3D Location',(36.2100945208,9.3589024352,0.)) ;
#1712=CARTESIAN_POINT('Axis2P3D Location',(10.,28.8140590684,3.5)) ;
#1717=CARTESIAN_POINT('Axis2P3D Location',(10.,28.8140590684,3.5)) ;
#1721=CARTESIAN_POINT('Vertex',(5.,28.8140590684,3.5)) ;
#1723=CARTESIAN_POINT('Vertex',(8.3606557377,24.0904428277,3.5)) ;
#1726=CARTESIAN_POINT('Line Origine',(5.,28.8140590684,3.5)) ;
#1731=CARTESIAN_POINT('Line Origine',(8.3606557377,24.0904428277,3.5)) ;
#1743=CARTESIAN_POINT('Axis2P3D Location',(0.,0.,3.5)) ;
#1748=CARTESIAN_POINT('Line Origine',(16.6826076084,19.285761675,3.5)) ;
#1752=CARTESIAN_POINT('Vertex',(16.6826076084,19.285761675,3.5)) ;
#1755=CARTESIAN_POINT('Axis2P3D Location',(0.,0.,3.5)) ;
#1767=CARTESIAN_POINT('Axis2P3D Location',(19.9537071394,23.0672835721,3.5)) ;
#1772=CARTESIAN_POINT('Axis2P3D Location',(19.9537071394,23.0672835721,3.5)) ;
#1776=CARTESIAN_POINT('Vertex',(18.0117156674,18.4598255828,3.5)) ;
#1778=CARTESIAN_POINT('Vertex',(22.4537071394,18.7371565531,3.5)) ;
#1781=CARTESIAN_POINT('Axis2P3D Location',(19.9537071394,23.0672835721,3.5)) ;
#1786=CARTESIAN_POINT('Line Origine',(22.4537071394,18.7371565531,3.5)) ;
#1799=CARTESIAN_POINT('Axis2P3D Location',(-27.4537071394,-10.0769025153,0.)) ;
#1804=CARTESIAN_POINT('Line Origine',(20.3531292128,17.5243873217,3.5)) ;
#1809=CARTESIAN_POINT('Line Origine',(28.7100945208,22.349283492,3.5)) ;
#1813=CARTESIAN_POINT('Vertex',(28.7100945208,22.349283492,0.)) ;
#1816=CARTESIAN_POINT('Line Origine',(23.4813229035,19.3304507911,0.)) ;
#1830=CARTESIAN_POINT('Line Origine',(5.,36.0383129461,5.25)) ;
#1834=CARTESIAN_POINT('Vertex',(5.,36.0383129461,3.5)) ;
#1837=CARTESIAN_POINT('Line Origine',(5.,32.4261860073,3.5)) ;
#1849=CARTESIAN_POINT('Axis2P3D Location',(-19.9537071394,-23.0672835721,3.5)) ;
#1854=CARTESIAN_POINT('Axis2P3D Location',(-19.9537071394,-23.0672835721,3.5)) ;
#1858=CARTESIAN_POINT('Vertex',(-16.6826076084,-19.285761675,3.5)) ;
#1860=CARTESIAN_POINT('Vertex',(-22.4537071394,-18.7371565531,3.5)) ;
#1863=CARTESIAN_POINT('Line Origine',(-16.6826076084,-19.285761675,3.5)) ;
#1868=CARTESIAN_POINT('Line Origine',(-22.4537071394,-18.7371565531,3.5)) ;
#1880=CARTESIAN_POINT('Line Origine',(-25.5819008301,-20.5432200226,3.5)) ;
#1884=CARTESIAN_POINT('Vertex',(-28.7100945208,-22.349283492,3.5)) ;
#1887=CARTESIAN_POINT('Line Origine',(-28.7100945208,-22.349283492,5.25)) ;
#1899=CARTESIAN_POINT('Axis2P3D Location',(-26.2100945208,-26.6794105109,3.5)) ;
#1904=CARTESIAN_POINT('Axis2P3D Location',(-26.2100945208,-26.6794105109,3.5)) ;
#1908=CARTESIAN_POINT('Vertex',(-29.7141178525,-30.246176622,3.5)) ;
#1911=CARTESIAN_POINT('Line Origine',(-29.7141178525,-30.246176622,3.5)) ;
#1923=CARTESIAN_POINT('Axis2P3D Location',(0.,0.,3.5)) ;
#1928=CARTESIAN_POINT('Line Origine',(-11.3368983957,-40.8562692223,3.5)) ;
#1942=CARTESIAN_POINT('Axis2P3D Location',(-10.,-36.0383129461,3.5)) ;
#1947=CARTESIAN_POINT('Line Origine',(-5.,-36.0383129461,3.5)) ;
#1959=CARTESIAN_POINT('Axis2P3D Location',(-5.,28.8140590684,0.)) ;
#1964=CARTESIAN_POINT('Line Origine',(-5.,-28.8140590684,5.25)) ;
#1968=CARTESIAN_POINT('Vertex',(-5.,-28.8140590684,3.5)) ;
#1971=CARTESIAN_POINT('Line Origine',(-5.,-26.3885206056,3.5)) ;
#1985=CARTESIAN_POINT('Axis2P3D Location',(-10.,-28.8140590684,3.5)) ;
#1990=CARTESIAN_POINT('Axis2P3D Location',(-10.,-28.8140590684,3.5)) ;
#1994=CARTESIAN_POINT('Vertex',(-6.98082007045,-24.8285161251,3.5)) ;
#1997=CARTESIAN_POINT('Line Origine',(-8.3606557377,-24.0904428277,3.5)) ;
#2001=CARTESIAN_POINT('Vertex',(-8.3606557377,-24.0904428277,3.5)) ;
#2004=CARTESIAN_POINT('Axis2P3D Location',(-10.,-28.8140590684,3.5)) ;
#2017=CARTESIAN_POINT('Axis2P3D Location',(0.,0.,3.5)) ;
#2029=CARTESIAN_POINT('Axis2P3D Location',(-36.2100945208,9.3589024352,3.5)) ;
#2034=CARTESIAN_POINT('Line Origine',(-41.0510162482,10.6100926003,3.5)) ;
#2039=CARTESIAN_POINT('Line Origine',(-33.7100945208,13.6890294541,3.5)) ;
#2051=CARTESIAN_POINT('Axis2P3D Location',(0.,0.,3.5)) ;
#2055=CARTESIAN_POINT('Vertex',(-41.0510162482,-10.6100926003,3.5)) ;
#2058=CARTESIAN_POINT('Line Origine',(-41.0510162482,-10.6100926003,3.5)) ;
#2072=CARTESIAN_POINT('Axis2P3D Location',(-36.2100945208,-9.3589024352,3.5)) ;
#2077=CARTESIAN_POINT('Axis2P3D Location',(-36.2100945208,-9.3589024352,3.5)) ;
#2081=CARTESIAN_POINT('Vertex',(-33.7100945208,-13.6890294541,3.5)) ;
#2084=CARTESIAN_POINT('Line Origine',(-33.7100945208,-13.6890294541,3.5)) ;
#2096=CARTESIAN_POINT('Line Origine',(-27.4537071394,-10.0769025153,5.25)) ;
#2100=CARTESIAN_POINT('Vertex',(-27.4537071394,-10.0769025153,3.5)) ;
#2103=CARTESIAN_POINT('Line Origine',(-30.5819008301,-11.8829659847,3.5)) ;
#2115=CARTESIAN_POINT('Axis2P3D Location',(-29.9537071394,-5.74677549638,3.5)) ;
#2120=CARTESIAN_POINT('Axis2P3D Location',(-29.9537071394,-5.74677549638,3.5)) ;
#2124=CARTESIAN_POINT('Vertex',(-25.0432633461,-4.80468115271,3.5)) ;
#2127=CARTESIAN_POINT('Line Origine',(-25.0432633461,-4.80468115271,3.5)) ;
#2139=CARTESIAN_POINT('Line Origine',(-25.0432633461,4.80468115271,3.5)) ;
#2143=CARTESIAN_POINT('Vertex',(-25.0432633461,4.80468115271,3.5)) ;
#2146=CARTESIAN_POINT('Axis2P3D Location',(0.,0.,3.5)) ;
#2158=CARTESIAN_POINT('Axis2P3D Location',(-29.9537071394,5.74677549638,3.5)) ;
#2163=CARTESIAN_POINT('Axis2P3D Location',(-29.9537071394,5.74677549638,3.5)) ;
#2167=CARTESIAN_POINT('Vertex',(-24.9925357379,6.36869054231,3.5)) ;
#2169=CARTESIAN_POINT('Vertex',(-27.4537071394,10.0769025153,3.5)) ;
#2172=CARTESIAN_POINT('Axis2P3D Location',(-29.9537071394,5.74677549638,3.5)) ;
#2177=CARTESIAN_POINT('Line Origine',(-27.4537071394,10.0769025153,3.5)) ;
#2190=CARTESIAN_POINT('Line Origine',(-25.3531292128,8.86413328389,3.5)) ;
#2204=CARTESIAN_POINT('Axis2P3D Location',(-10.,36.0383129461,3.5)) ;
#2209=CARTESIAN_POINT('Axis2P3D Location',(-10.,36.0383129461,3.5)) ;
#2213=CARTESIAN_POINT('Vertex',(-5.,36.0383129461,3.5)) ;
#2215=CARTESIAN_POINT('Vertex',(-11.3368983957,40.8562692223,3.5)) ;
#2218=CARTESIAN_POINT('Line Origine',(-5.,36.0383129461,3.5)) ;
#2223=CARTESIAN_POINT('Line Origine',(-11.3368983957,40.8562692223,3.5)) ;
#2235=CARTESIAN_POINT('Axis2P3D Location',(0.,0.,3.5)) ;
#2240=CARTESIAN_POINT('Line Origine',(-29.7141178525,30.246176622,3.5)) ;
#2254=CARTESIAN_POINT('Axis2P3D Location',(-26.2100945208,26.6794105109,3.5)) ;
#2259=CARTESIAN_POINT('Line Origine',(-28.7100945208,22.349283492,3.5)) ;
#2271=CARTESIAN_POINT('Line Origine',(-22.4537071394,18.7371565531,5.25)) ;
#2275=CARTESIAN_POINT('Vertex',(-22.4537071394,18.7371565531,3.5)) ;
#2278=CARTESIAN_POINT('Line Origine',(-20.3531292128,17.5243873217,3.5)) ;
#2292=CARTESIAN_POINT('Axis2P3D Location',(-19.9537071394,23.0672835721,3.5)) ;
#2297=CARTESIAN_POINT('Axis2P3D Location',(-19.9537071394,23.0672835721,3.5)) ;
#2301=CARTESIAN_POINT('Vertex',(-18.0117156674,18.4598255828,3.5)) ;
#2304=CARTESIAN_POINT('Line Origine',(-16.6826076084,19.285761675,3.5)) ;
#2308=CARTESIAN_POINT('Vertex',(-16.6826076084,19.285761675,3.5)) ;
#2311=CARTESIAN_POINT('Axis2P3D Location',(-19.9537071394,23.0672835721,3.5)) ;
#2324=CARTESIAN_POINT('Line Origine',(-8.3606557377,24.0904428277,3.5)) ;
#2328=CARTESIAN_POINT('Vertex',(-8.3606557377,24.0904428277,3.5)) ;
#2331=CARTESIAN_POINT('Axis2P3D Location',(0.,0.,3.5)) ;
#2343=CARTESIAN_POINT('Axis2P3D Location',(-10.,28.8140590684,3.5)) ;
#2348=CARTESIAN_POINT('Axis2P3D Location',(-10.,28.8140590684,3.5)) ;
#2352=CARTESIAN_POINT('Vertex',(-5.,28.8140590684,3.5)) ;
#2355=CARTESIAN_POINT('Line Origine',(-5.,28.8140590684,3.5)) ;
#2367=CARTESIAN_POINT('Line Origine',(-5.,32.4261860073,3.5)) ;
#2379=CARTESIAN_POINT('Axis2P3D Location',(0.,0.,5.25)) ;
#2384=CARTESIAN_POINT('Line Origine',(-16.2,1.98392781462E-015,5.25)) ;
#2388=CARTESIAN_POINT('Vertex',(-16.2,1.98392781462E-015,3.5)) ;
#2391=CARTESIAN_POINT('Axis2P3D Location',(0.,0.,3.5)) ;
#2395=CARTESIAN_POINT('Vertex',(16.2,0.,3.5)) ;
#2398=CARTESIAN_POINT('Line Origine',(16.2,0.,5.25)) ;
#2410=CARTESIAN_POINT('Axis2P3D Location',(0.,0.,3.5)) ;
#2422=CARTESIAN_POINT('Axis2P3D Location',(14.1421356237,14.1421356237,5.25)) ;
#2427=CARTESIAN_POINT('Line Origine',(12.6421356237,14.1421356237,5.25)) ;
#2431=CARTESIAN_POINT('Vertex',(12.6421356237,14.1421356237,3.5)) ;
#2434=CARTESIAN_POINT('Axis2P3D Location',(14.1421356237,14.1421356237,3.5)) ;
#2438=CARTESIAN_POINT('Vertex',(15.6421356237,14.1421356237,3.5)) ;
#2441=CARTESIAN_POINT('Line Origine',(15.6421356237,14.1421356237,5.25)) ;
#2453=CARTESIAN_POINT('Axis2P3D Location',(14.1421356237,14.1421356237,3.5)) ;
#2465=CARTESIAN_POINT('Axis2P3D Location',(-14.1421356237,14.1421356237,5.25)) ;
#2470=CARTESIAN_POINT('Line Origine',(-12.6421356237,14.1421356237,5.25)) ;
#2474=CARTESIAN_POINT('Vertex',(-12.6421356237,14.1421356237,3.5)) ;
#2477=CARTESIAN_POINT('Axis2P3D Location',(-14.1421356237,14.1421356237,3.5)) ;
#2481=CARTESIAN_POINT('Vertex',(-15.6421356237,14.1421356237,3.5)) ;
#2484=CARTESIAN_POINT('Line Origine',(-15.6421356237,14.1421356237,5.25)) ;
#2496=CARTESIAN_POINT('Axis2P3D Location',(-14.1421356237,14.1421356237,3.5)) ;
#2508=CARTESIAN_POINT('Axis2P3D Location',(-14.1421356237,-14.1421356237,5.25)) ;
#2513=CARTESIAN_POINT('Line Origine',(-12.6421356237,-14.1421356237,5.25)) ;
#2517=CARTESIAN_POINT('Vertex',(-12.6421356237,-14.1421356237,3.5)) ;
#2520=CARTESIAN_POINT('Axis2P3D Location',(-14.1421356237,-14.1421356237,3.5)) ;
#2524=CARTESIAN_POINT('Vertex',(-15.6421356237,-14.1421356237,3.5)) ;
#2527=CARTESIAN_POINT('Line Origine',(-15.6421356237,-14.1421356237,5.25)) ;
#2539=CARTESIAN_POINT('Axis2P3D Location',(-14.1421356237,-14.1421356237,3.5)) ;
#2551=CARTESIAN_POINT('Axis2P3D Location',(14.1421356237,-14.1421356237,5.25)) ;
#2556=CARTESIAN_POINT('Line Origine',(12.6421356237,-14.1421356237,5.25)) ;
#2560=CARTESIAN_POINT('Vertex',(12.6421356237,-14.1421356237,3.5)) ;
#2563=CARTESIAN_POINT('Axis2P3D Location',(14.1421356237,-14.1421356237,3.5)) ;
#2567=CARTESIAN_POINT('Vertex',(15.6421356237,-14.1421356237,3.5)) ;
#2570=CARTESIAN_POINT('Line Origine',(15.6421356237,-14.1421356237,5.25)) ;
#2582=CARTESIAN_POINT('Axis2P3D Location',(14.1421356237,-14.1421356237,3.5)) ;
#2594=CARTESIAN_POINT('Axis2P3D Location',(32.04293994,18.5,3.5)) ;
#2599=CARTESIAN_POINT('Line Origine',(34.54293994,18.5,3.5)) ;
#2603=CARTESIAN_POINT('Vertex',(34.54293994,18.5,0.)) ;
#2606=CARTESIAN_POINT('Axis2P3D Location',(32.04293994,18.5,0.)) ;
#2610=CARTESIAN_POINT('Vertex',(29.54293994,18.5,0.)) ;
#2613=CARTESIAN_POINT('Line Origine',(29.54293994,18.5,3.5)) ;
#2625=CARTESIAN_POINT('Axis2P3D Location',(32.04293994,18.5,0.)) ;
#2637=CARTESIAN_POINT('Axis2P3D Location',(-32.04293994,18.5,3.5)) ;
#2642=CARTESIAN_POINT('Line Origine',(-29.54293994,18.5,3.5)) ;
#2647=CARTESIAN_POINT('Line Origine',(-34.54293994,18.5,3.5)) ;
#2666=CARTESIAN_POINT('Axis2P3D Location',(0.,-37.,3.5)) ;
#2671=CARTESIAN_POINT('Line Origine',(2.5,-37.,3.5)) ;
#2676=CARTESIAN_POINT('Line Origine',(-2.5,-37.,3.5)) ;
#2695=CARTESIAN_POINT('Axis2P3D Location',(10.,36.0383129461,3.5)) ;
#2700=CARTESIAN_POINT('Axis2P3D Location',(10.,36.0383129461,3.5)) ;
#2712=CARTESIAN_POINT('Axis2P3D Location',(0.,0.,3.5)) ;
#2717=CARTESIAN_POINT('Axis2P3D Location',(0.,0.,3.5)) ;
#2722=CARTESIAN_POINT('Line Origine',(18.,42.4649972333,3.5)) ;
#2727=CARTESIAN_POINT('Axis2P3D Location',(0.,0.,3.5)) ;
#2815=CARTESIAN_POINT('Axis2P3D Location',(18.,19.0525588833,0.)) ;
#2820=CARTESIAN_POINT('Line Origine',(18.,46.5404125465,1.75)) ;
#2824=CARTESIAN_POINT('Vertex',(18.,46.5404125465,0.)) ;
#2827=CARTESIAN_POINT('Line Origine',(18.,42.4649972333,0.)) ;
#2839=CARTESIAN_POINT('Axis2P3D Location',(26.2100945208,26.6794105109,0.)) ;
#2844=CARTESIAN_POINT('Axis2P3D Location',(0.,0.,0.)) ;
#2866=CARTESIAN_POINT('Axis2P3D Location',(26.2100945208,26.6794105109,3.5)) ;
#2881=CARTESIAN_POINT('Axis2P3D Location',(0.,0.,3.5)) ;
#53=DIRECTION('Axis2P3D Direction',(-0.707106781187,-0.707106781187,0.)) ;
#54=DIRECTION('Axis2P3D XDirection',(0.620544580564,-0.620544580564,0.479425538604)) ;
#58=DIRECTION('Vector Direction',(-0.707106781187,-0.707106781187,0.)) ;
#92=DIRECTION('Vector Direction',(-0.707106781187,-0.707106781187,0.)) ;
#161=DIRECTION('Axis2P3D Direction',(0.,0.,1.)) ;
#162=DIRECTION('Axis2P3D XDirection',(0.700804666333,0.713353222216,0.)) ;
#166=DIRECTION('Vector Direction',(0.,0.,1.)) ;
#173=DIRECTION('Axis2P3D Direction',(0.,0.,1.)) ;
#180=DIRECTION('Vector Direction',(0.,0.,1.)) ;
#187=DIRECTION('Axis2P3D Direction',(0.,0.,1.)) ;
#194=DIRECTION('Vector Direction',(0.,0.,1.)) ;
#201=DIRECTION('Axis2P3D Direction',(0.,0.,1.)) ;
#208=DIRECTION('Vector Direction',(0.,0.,1.)) ;
#225=DIRECTION('Axis2P3D Direction',(0.,0.,1.)) ;
#226=DIRECTION('Axis2P3D XDirection',(1.,0.,0.)) ;
#230=DIRECTION('Axis2P3D Direction',(0.,0.,1.)) ;
#239=DIRECTION('Axis2P3D Direction',(0.,0.,1.)) ;
#246=DIRECTION('Axis2P3D Direction',(0.,0.,1.)) ;
#253=DIRECTION('Axis2P3D Direction',(0.,0.,1.)) ;
#260=DIRECTION('Axis2P3D Direction',(0.,0.,1.)) ;
#267=DIRECTION('Axis2P3D Direction',(0.,0.,1.)) ;
#280=DIRECTION('Axis2P3D Direction',(0.,0.,1.)) ;
#289=DIRECTION('Axis2P3D Direction',(0.,0.,1.)) ;
#298=DIRECTION('Axis2P3D Direction',(0.,0.,1.)) ;
#307=DIRECTION('Axis2P3D Direction',(0.,0.,1.)) ;
#316=DIRECTION('Axis2P3D Direction',(0.,0.,1.)) ;
#325=DIRECTION('Axis2P3D Direction',(0.,0.,1.)) ;
#334=DIRECTION('Axis2P3D Direction',(0.,0.,1.)) ;
#343=DIRECTION('Axis2P3D Direction',(0.,0.,1.)) ;
#352=DIRECTION('Axis2P3D Direction',(0.,0.,1.)) ;
#361=DIRECTION('Axis2P3D Direction',(0.,0.,1.)) ;
#370=DIRECTION('Axis2P3D Direction',(0.,0.,1.)) ;
#379=DIRECTION('Axis2P3D Direction',(0.,0.,1.)) ;
#388=DIRECTION('Axis2P3D Direction',(0.,0.,1.)) ;
#397=DIRECTION('Axis2P3D Direction',(0.,0.,1.)) ;
#406=DIRECTION('Axis2P3D Direction',(0.,0.,1.)) ;
#415=DIRECTION('Axis2P3D Direction',(0.,0.,1.)) ;
#424=DIRECTION('Vector Direction',(0.,1.,0.)) ;
#433=DIRECTION('Axis2P3D Direction',(0.,0.,1.)) ;
#440=DIRECTION('Axis2P3D Direction',(0.,0.,1.)) ;
#447=DIRECTION('Axis2P3D Direction',(0.,0.,1.)) ;
#454=DIRECTION('Vector Direction',(-0.866025403784,0.5,0.)) ;
#461=DIRECTION('Axis2P3D Direction',(0.,0.,1.)) ;
#468=DIRECTION('Axis2P3D Direction',(0.,0.,1.)) ;
#475=DIRECTION('Axis2P3D Direction',(0.,0.,1.)) ;
#490=DIRECTION('Vector Direction',(-0.866025403784,0.5,0.)) ;
#499=DIRECTION('Axis2P3D Direction',(0.,0.,1.)) ;
#506=DIRECTION('Axis2P3D Direction',(0.,0.,1.)) ;
#513=DIRECTION('Axis2P3D Direction',(0.,0.,1.)) ;
#520=DIRECTION('Vector Direction',(-0.866025403784,-0.5,0.)) ;
#527=DIRECTION('Axis2P3D Direction',(0.,0.,1.)) ;
#534=DIRECTION('Axis2P3D Direction',(0.,0.,1.)) ;
#541=DIRECTION('Axis2P3D Direction',(0.,0.,1.)) ;
#556=DIRECTION('Axis2P3D Direction',(0.,0.,1.)) ;
#565=DIRECTION('Axis2P3D Direction',(0.,0.,1.)) ;
#572=DIRECTION('Vector Direction',(0.,-1.,0.)) ;
#579=DIRECTION('Axis2P3D Direction',(0.,0.,1.)) ;
#586=DIRECTION('Axis2P3D Direction',(0.,0.,1.)) ;
#593=DIRECTION('Axis2P3D Direction',(0.,0.,1.)) ;
#600=DIRECTION('Vector Direction',(-0.866025403784,-0.5,0.)) ;
#607=DIRECTION('Axis2P3D Direction',(0.,0.,1.)) ;
#622=DIRECTION('Vector Direction',(0.,1.,0.)) ;
#631=DIRECTION('Axis2P3D Direction',(0.,0.,1.)) ;
#636=DIRECTION('Axis2P3D Direction',(0.,0.,1.)) ;
#643=DIRECTION('Vector Direction',(0.866025403784,0.5,0.)) ;
#650=DIRECTION('Axis2P3D Direction',(0.,0.,1.)) ;
#657=DIRECTION('Axis2P3D Direction',(0.,0.,1.)) ;
#664=DIRECTION('Axis2P3D Direction',(0.,0.,1.)) ;
#679=DIRECTION('Axis2P3D Direction',(0.,0.,1.)) ;
#688=DIRECTION('Axis2P3D Direction',(0.,0.,1.)) ;
#695=DIRECTION('Axis2P3D Direction',(0.,0.,1.)) ;
#702=DIRECTION('Vector Direction',(0.866025403784,-0.5,0.)) ;
#709=DIRECTION('Axis2P3D Direction',(0.,0.,1.)) ;
#716=DIRECTION('Axis2P3D Direction',(0.,0.,1.)) ;
#723=DIRECTION('Axis2P3D Direction',(0.,0.,1.)) ;
#730=DIRECTION('Vector Direction',(0.866025403784,0.5,0.)) ;
#745=DIRECTION('Axis2P3D Direction',(0.,0.,1.)) ;
#754=DIRECTION('Axis2P3D Direction',(0.,0.,1.)) ;
#761=DIRECTION('Axis2P3D Direction',(0.,0.,1.)) ;
#768=DIRECTION('Vector Direction',(0.,-1.,0.)) ;
#775=DIRECTION('Axis2P3D Direction',(0.,0.,1.)) ;
#782=DIRECTION('Axis2P3D Direction',(0.,0.,1.)) ;
#789=DIRECTION('Axis2P3D Direction',(0.,0.,1.)) ;
#796=DIRECTION('Vector Direction',(0.866025403784,-0.5,0.)) ;
#812=DIRECTION('Axis2P3D Direction',(0.,0.,1.)) ;
#813=DIRECTION('Axis2P3D XDirection',(0.360721442886,0.932673598127,0.)) ;
#817=DIRECTION('Vector Direction',(0.,0.,1.)) ;
#824=DIRECTION('Axis2P3D Direction',(0.,0.,1.)) ;
#831=DIRECTION('Vector Direction',(0.,0.,1.)) ;
#843=DIRECTION('Axis2P3D Direction',(0.,0.,1.)) ;
#844=DIRECTION('Axis2P3D XDirection',(1.,0.,0.)) ;
#848=DIRECTION('Axis2P3D Direction',(0.,0.,1.)) ;
#857=DIRECTION('Vector Direction',(-7.35531335885E-017,-1.,0.)) ;
#864=DIRECTION('Axis2P3D Direction',(0.,0.,1.)) ;
#871=DIRECTION('Axis2P3D Direction',(0.,0.,1.)) ;
#878=DIRECTION('Vector Direction',(0.866025403784,-0.5,0.)) ;
#885=DIRECTION('Axis2P3D Direction',(0.,0.,1.)) ;
#892=DIRECTION('Vector Direction',(0.866025403784,0.5,0.)) ;
#899=DIRECTION('Axis2P3D Direction',(0.,0.,1.)) ;
#906=DIRECTION('Axis2P3D Direction',(0.,0.,1.)) ;
#913=DIRECTION('Vector Direction',(7.35531335885E-017,-1.,0.)) ;
#930=DIRECTION('Axis2P3D Direction',(0.,0.,1.)) ;
#939=DIRECTION('Axis2P3D Direction',(0.,0.,1.)) ;
#949=DIRECTION('Axis2P3D Direction',(-0.5,-0.866025403784,0.)) ;
#950=DIRECTION('Axis2P3D XDirection',(0.866025403784,-0.5,0.)) ;
#954=DIRECTION('Vector Direction',(0.,0.,1.)) ;
#961=DIRECTION('Vector Direction',(0.866025403784,-0.5,0.)) ;
#968=DIRECTION('Vector Direction',(0.,0.,1.)) ;
#980=DIRECTION('Axis2P3D Direction',(0.,0.,1.)) ;
#989=DIRECTION('Vector Direction',(-0.866025403784,0.5,0.)) ;
#996=DIRECTION('Axis2P3D Direction',(0.,0.,1.)) ;
#1003=DIRECTION('Axis2P3D Direction',(0.,0.,1.)) ;
#1010=DIRECTION('Vector Direction',(-0.866025403784,-0.5,0.)) ;
#1017=DIRECTION('Axis2P3D Direction',(0.,0.,1.)) ;
#1024=DIRECTION('Vector Direction',(0.,-1.,0.)) ;
#1031=DIRECTION('Axis2P3D Direction',(0.,0.,1.)) ;
#1038=DIRECTION('Axis2P3D Direction',(0.,0.,1.)) ;
#1045=DIRECTION('Vector Direction',(0.866025403784,-0.5,0.)) ;
#1062=DIRECTION('Axis2P3D Direction',(0.,0.,1.)) ;
#1071=DIRECTION('Axis2P3D Direction',(0.,0.,1.)) ;
#1081=DIRECTION('Axis2P3D Direction',(-0.5,0.866025403784,0.)) ;
#1082=DIRECTION('Axis2P3D XDirection',(-0.866025403784,-0.5,-0.)) ;
#1086=DIRECTION('Vector Direction',(0.,0.,1.)) ;
#1093=DIRECTION('Vector Direction',(-0.866025403784,-0.5,0.)) ;
#1100=DIRECTION('Vector Direction',(0.,0.,1.)) ;
#1112=DIRECTION('Axis2P3D Direction',(0.,0.,1.)) ;
#1113=DIRECTION('Axis2P3D XDirection',(-1.,5.66553889765E-016,0.)) ;
#1117=DIRECTION('Vector Direction',(0.,0.,1.)) ;
#1126=DIRECTION('Axis2P3D Direction',(0.,0.,1.)) ;
#1133=DIRECTION('Vector Direction',(0.,0.,1.)) ;
#1140=DIRECTION('Axis2P3D Direction',(0.,0.,1.)) ;
#1152=DIRECTION('Axis2P3D Direction',(0.,0.,1.)) ;
#1153=DIRECTION('Axis2P3D XDirection',(0.5,-0.866025403784,0.)) ;
#1157=DIRECTION('Vector Direction',(0.,0.,1.)) ;
#1164=DIRECTION('Vector Direction',(0.,0.,1.)) ;
#1171=DIRECTION('Axis2P3D Direction',(0.,0.,1.)) ;
#1183=DIRECTION('Axis2P3D Direction',(0.,0.,1.)) ;
#1184=DIRECTION('Axis2P3D XDirection',(0.5,0.866025403784,0.)) ;
#1188=DIRECTION('Vector Direction',(0.,0.,1.)) ;
#1195=DIRECTION('Vector Direction',(0.,0.,1.)) ;
#1202=DIRECTION('Axis2P3D Direction',(0.,0.,1.)) ;
#1214=DIRECTION('Axis2P3D Direction',(-1.,0.,0.)) ;
#1215=DIRECTION('Axis2P3D XDirection',(0.,-1.,0.)) ;
#1219=DIRECTION('Vector Direction',(0.,0.,1.)) ;
#1226=DIRECTION('Vector Direction',(0.,0.,1.)) ;
#1231=DIRECTION('Vector Direction',(0.,-1.,0.)) ;
#1243=DIRECTION('Axis2P3D Direction',(0.5,0.866025403784,-0.)) ;
#1244=DIRECTION('Axis2P3D XDirection',(-0.866025403784,0.5,0.)) ;
#1248=DIRECTION('Vector Direction',(0.,0.,1.)) ;
#1257=DIRECTION('Vector Direction',(-0.866025403784,0.5,0.)) ;
#1264=DIRECTION('Vector Direction',(0.,0.,1.)) ;
#1271=DIRECTION('Vector Direction',(-0.866025403784,0.5,0.)) ;
#1283=DIRECTION('Axis2P3D Direction',(0.5,-0.866025403784,0.)) ;
#1284=DIRECTION('Axis2P3D XDirection',(0.866025403784,0.5,0.)) ;
#1288=DIRECTION('Vector Direction',(0.,0.,1.)) ;
#1295=DIRECTION('Vector Direction',(0.,0.,1.)) ;
#1302=DIRECTION('Vector Direction',(0.866025403784,0.5,0.)) ;
#1314=DIRECTION('Axis2P3D Direction',(0.5,0.866025403784,-0.)) ;
#1315=DIRECTION('Axis2P3D XDirection',(-0.866025403784,0.5,0.)) ;
#1319=DIRECTION('Vector Direction',(-0.866025403784,0.5,0.)) ;
#1328=DIRECTION('Vector Direction',(0.,0.,1.)) ;
#1333=DIRECTION('Vector Direction',(0.,0.,1.)) ;
#1345=DIRECTION('Axis2P3D Direction',(0.,0.,1.)) ;
#1346=DIRECTION('Axis2P3D XDirection',(0.5,0.866025403784,0.)) ;
#1350=DIRECTION('Axis2P3D Direction',(0.,0.,1.)) ;
#1357=DIRECTION('Vector Direction',(0.,0.,1.)) ;
#1369=DIRECTION('Axis2P3D Direction',(0.,0.,1.)) ;
#1370=DIRECTION('Axis2P3D XDirection',(0.327868852459,-0.944723248146,0.)) ;
#1374=DIRECTION('Vector Direction',(0.,0.,1.)) ;
#1381=DIRECTION('Axis2P3D Direction',(0.,0.,1.)) ;
#1393=DIRECTION('Axis2P3D Direction',(0.,0.,1.)) ;
#1394=DIRECTION('Axis2P3D XDirection',(-0.327868852459,0.944723248146,0.)) ;
#1398=DIRECTION('Axis2P3D Direction',(0.,0.,1.)) ;
#1407=DIRECTION('Axis2P3D Direction',(0.,0.,1.)) ;
#1412=DIRECTION('Vector Direction',(0.,0.,1.)) ;
#1425=DIRECTION('Axis2P3D Direction',(1.,0.,0.)) ;
#1426=DIRECTION('Axis2P3D XDirection',(0.,1.,0.)) ;
#1430=DIRECTION('Vector Direction',(0.,1.,0.)) ;
#1435=DIRECTION('Vector Direction',(0.,0.,1.)) ;
#1449=DIRECTION('Axis2P3D Direction',(0.,0.,1.)) ;
#1450=DIRECTION('Axis2P3D XDirection',(-1.,1.22464679915E-016,0.)) ;
#1454=DIRECTION('Vector Direction',(0.,0.,1.)) ;
#1466=DIRECTION('Axis2P3D Direction',(0.,0.,1.)) ;
#1467=DIRECTION('Axis2P3D XDirection',(0.267379679144,-0.963591255243,0.)) ;
#1471=DIRECTION('Axis2P3D Direction',(0.,0.,1.)) ;
#1478=DIRECTION('Vector Direction',(0.,0.,1.)) ;
#1492=DIRECTION('Axis2P3D Direction',(0.,0.,1.)) ;
#1493=DIRECTION('Axis2P3D XDirection',(0.700804666333,-0.713353222216,0.)) ;
#1497=DIRECTION('Axis2P3D Direction',(0.,0.,1.)) ;
#1509=DIRECTION('Axis2P3D Direction',(-0.5,0.866025403784,0.)) ;
#1510=DIRECTION('Axis2P3D XDirection',(-0.866025403784,-0.5,-0.)) ;
#1514=DIRECTION('Vector Direction',(0.,0.,1.)) ;
#1521=DIRECTION('Vector Direction',(0.,0.,1.)) ;
#1528=DIRECTION('Vector Direction',(-0.866025403784,-0.5,0.)) ;
#1533=DIRECTION('Vector Direction',(0.866025403784,0.5,0.)) ;
#1547=DIRECTION('Axis2P3D Direction',(0.,0.,1.)) ;
#1548=DIRECTION('Axis2P3D XDirection',(-0.5,0.866025403784,0.)) ;
#1552=DIRECTION('Axis2P3D Direction',(0.,0.,1.)) ;
#1559=DIRECTION('Vector Direction',(0.,0.,1.)) ;
#1566=DIRECTION('Axis2P3D Direction',(0.,0.,1.)) ;
#1579=DIRECTION('Vector Direction',(0.,0.,1.)) ;
#1586=DIRECTION('Axis2P3D Direction',(0.,0.,1.)) ;
#1598=DIRECTION('Axis2P3D Direction',(0.,0.,1.)) ;
#1599=DIRECTION('Axis2P3D XDirection',(-0.98208875867,0.188418868734,0.)) ;
#1603=DIRECTION('Axis2P3D Direction',(0.,0.,1.)) ;
#1610=DIRECTION('Vector Direction',(0.,0.,1.)) ;
#1622=DIRECTION('Axis2P3D Direction',(0.5,0.866025403784,-0.)) ;
#1623=DIRECTION('Axis2P3D XDirection',(-0.866025403784,0.5,0.)) ;
#1627=DIRECTION('Vector Direction',(0.,0.,1.)) ;
#1634=DIRECTION('Vector Direction',(-0.866025403784,0.5,0.)) ;
#1646=DIRECTION('Axis2P3D Direction',(0.,0.,1.)) ;
#1647=DIRECTION('Axis2P3D XDirection',(-0.5,-0.866025403784,-0.)) ;
#1651=DIRECTION('Axis2P3D Direction',(0.,0.,1.)) ;
#1658=DIRECTION('Vector Direction',(0.,0.,1.)) ;
#1670=DIRECTION('Axis2P3D Direction',(0.,0.,1.)) ;
#1675=DIRECTION('Vector Direction',(0.,0.,1.)) ;
#1682=DIRECTION('Axis2P3D Direction',(0.,0.,1.)) ;
#1696=DIRECTION('Axis2P3D Direction',(0.,0.,1.)) ;
#1697=DIRECTION('Axis2P3D XDirection',(0.968184345477,0.250238033027,0.)) ;
#1701=DIRECTION('Axis2P3D Direction',(0.,0.,1.)) ;
#1713=DIRECTION('Axis2P3D Direction',(0.,0.,1.)) ;
#1714=DIRECTION('Axis2P3D XDirection',(-1.,1.22464679915E-016,0.)) ;
#1718=DIRECTION('Axis2P3D Direction',(0.,0.,1.)) ;
#1727=DIRECTION('Vector Direction',(0.,0.,1.)) ;
#1732=DIRECTION('Vector Direction',(0.,0.,1.)) ;
#1744=DIRECTION('Axis2P3D Direction',(0.,0.,1.)) ;
#1745=DIRECTION('Axis2P3D XDirection',(0.654219906211,0.756304379412,0.)) ;
#1749=DIRECTION('Vector Direction',(0.,0.,1.)) ;
#1756=DIRECTION('Axis2P3D Direction',(0.,0.,1.)) ;
#1768=DIRECTION('Axis2P3D Direction',(0.,0.,1.)) ;
#1769=DIRECTION('Axis2P3D XDirection',(-0.654219906211,-0.756304379412,-0.)) ;
#1773=DIRECTION('Axis2P3D Direction',(0.,0.,1.)) ;
#1782=DIRECTION('Axis2P3D Direction',(0.,0.,1.)) ;
#1787=DIRECTION('Vector Direction',(0.,0.,1.)) ;
#1800=DIRECTION('Axis2P3D Direction',(-0.5,0.866025403784,0.)) ;
#1801=DIRECTION('Axis2P3D XDirection',(-0.866025403784,-0.5,-0.)) ;
#1805=DIRECTION('Vector Direction',(-0.866025403784,-0.5,0.)) ;
#1810=DIRECTION('Vector Direction',(0.,0.,1.)) ;
#1817=DIRECTION('Vector Direction',(0.866025403784,0.5,0.)) ;
#1831=DIRECTION('Vector Direction',(0.,0.,1.)) ;
#1838=DIRECTION('Vector Direction',(0.,1.,0.)) ;
#1850=DIRECTION('Axis2P3D Direction',(0.,0.,1.)) ;
#1851=DIRECTION('Axis2P3D XDirection',(0.654219906211,0.756304379412,0.)) ;
#1855=DIRECTION('Axis2P3D Direction',(0.,0.,1.)) ;
#1864=DIRECTION('Vector Direction',(0.,0.,1.)) ;
#1869=DIRECTION('Vector Direction',(0.,0.,1.)) ;
#1881=DIRECTION('Vector Direction',(-0.866025403784,-0.5,0.)) ;
#1888=DIRECTION('Vector Direction',(0.,0.,1.)) ;
#1900=DIRECTION('Axis2P3D Direction',(0.,0.,1.)) ;
#1901=DIRECTION('Axis2P3D XDirection',(-0.5,0.866025403784,0.)) ;
#1905=DIRECTION('Axis2P3D Direction',(0.,0.,1.)) ;
#1912=DIRECTION('Vector Direction',(0.,0.,1.)) ;
#1924=DIRECTION('Axis2P3D Direction',(0.,0.,1.)) ;
#1929=DIRECTION('Vector Direction',(0.,0.,1.)) ;
#1943=DIRECTION('Axis2P3D Direction',(0.,0.,1.)) ;
#1944=DIRECTION('Axis2P3D XDirection',(-0.267379679144,-0.963591255243,-0.)) ;
#1948=DIRECTION('Vector Direction',(0.,0.,1.)) ;
#1960=DIRECTION('Axis2P3D Direction',(1.,0.,0.)) ;
#1961=DIRECTION('Axis2P3D XDirection',(0.,1.,0.)) ;
#1965=DIRECTION('Vector Direction',(0.,0.,1.)) ;
#1972=DIRECTION('Vector Direction',(0.,1.,0.)) ;
#1986=DIRECTION('Axis2P3D Direction',(0.,0.,1.)) ;
#1987=DIRECTION('Axis2P3D XDirection',(1.,0.,0.)) ;
#1991=DIRECTION('Axis2P3D Direction',(0.,0.,1.)) ;
#1998=DIRECTION('Vector Direction',(0.,0.,1.)) ;
#2005=DIRECTION('Axis2P3D Direction',(0.,0.,1.)) ;
#2018=DIRECTION('Axis2P3D Direction',(0.,0.,1.)) ;
#2030=DIRECTION('Axis2P3D Direction',(0.,0.,1.)) ;
#2031=DIRECTION('Axis2P3D XDirection',(0.5,0.866025403784,0.)) ;
#2035=DIRECTION('Vector Direction',(0.,0.,1.)) ;
#2040=DIRECTION('Vector Direction',(0.,0.,1.)) ;
#2052=DIRECTION('Axis2P3D Direction',(0.,0.,1.)) ;
#2059=DIRECTION('Vector Direction',(0.,0.,1.)) ;
#2073=DIRECTION('Axis2P3D Direction',(0.,0.,1.)) ;
#2074=DIRECTION('Axis2P3D XDirection',(-0.968184345477,-0.250238033027,-0.)) ;
#2078=DIRECTION('Axis2P3D Direction',(0.,0.,1.)) ;
#2085=DIRECTION('Vector Direction',(0.,0.,1.)) ;
#2097=DIRECTION('Vector Direction',(0.,0.,1.)) ;
#2104=DIRECTION('Vector Direction',(-0.866025403784,-0.5,0.)) ;
#2116=DIRECTION('Axis2P3D Direction',(0.,0.,1.)) ;
#2117=DIRECTION('Axis2P3D XDirection',(0.5,-0.866025403784,0.)) ;
#2121=DIRECTION('Axis2P3D Direction',(0.,0.,1.)) ;
#2128=DIRECTION('Vector Direction',(0.,0.,1.)) ;
#2140=DIRECTION('Vector Direction',(0.,0.,1.)) ;
#2147=DIRECTION('Axis2P3D Direction',(0.,0.,1.)) ;
#2159=DIRECTION('Axis2P3D Direction',(0.,0.,1.)) ;
#2160=DIRECTION('Axis2P3D XDirection',(0.98208875867,-0.188418868734,0.)) ;
#2164=DIRECTION('Axis2P3D Direction',(0.,0.,1.)) ;
#2173=DIRECTION('Axis2P3D Direction',(0.,0.,1.)) ;
#2178=DIRECTION('Vector Direction',(0.,0.,1.)) ;
#2191=DIRECTION('Vector Direction',(-0.866025403784,0.5,0.)) ;
#2205=DIRECTION('Axis2P3D Direction',(0.,0.,1.)) ;
#2206=DIRECTION('Axis2P3D XDirection',(1.,-2.02128619923E-015,0.)) ;
#2210=DIRECTION('Axis2P3D Direction',(0.,0.,1.)) ;
#2219=DIRECTION('Vector Direction',(0.,0.,1.)) ;
#2224=DIRECTION('Vector Direction',(0.,0.,1.)) ;
#2236=DIRECTION('Axis2P3D Direction',(0.,0.,1.)) ;
#2241=DIRECTION('Vector Direction',(0.,0.,1.)) ;
#2255=DIRECTION('Axis2P3D Direction',(0.,0.,1.)) ;
#2256=DIRECTION('Axis2P3D XDirection',(-0.700804666333,0.713353222216,0.)) ;
#2260=DIRECTION('Vector Direction',(0.,0.,1.)) ;
#2272=DIRECTION('Vector Direction',(0.,0.,1.)) ;
#2279=DIRECTION('Vector Direction',(-0.866025403784,0.5,0.)) ;
#2293=DIRECTION('Axis2P3D Direction',(0.,0.,1.)) ;
#2294=DIRECTION('Axis2P3D XDirection',(-0.5,-0.866025403784,-0.)) ;
#2298=DIRECTION('Axis2P3D Direction',(0.,0.,1.)) ;
#2305=DIRECTION('Vector Direction',(0.,0.,1.)) ;
#2312=DIRECTION('Axis2P3D Direction',(0.,0.,1.)) ;
#2325=DIRECTION('Vector Direction',(0.,0.,1.)) ;
#2332=DIRECTION('Axis2P3D Direction',(0.,0.,1.)) ;
#2344=DIRECTION('Axis2P3D Direction',(0.,0.,1.)) ;
#2345=DIRECTION('Axis2P3D XDirection',(0.327868852459,-0.944723248146,0.)) ;
#2349=DIRECTION('Axis2P3D Direction',(0.,0.,1.)) ;
#2356=DIRECTION('Vector Direction',(0.,0.,1.)) ;
#2368=DIRECTION('Vector Direction',(0.,1.,0.)) ;
#2380=DIRECTION('Axis2P3D Direction',(0.,0.,1.)) ;
#2381=DIRECTION('Axis2P3D XDirection',(1.,0.,0.)) ;
#2385=DIRECTION('Vector Direction',(0.,0.,1.)) ;
#2392=DIRECTION('Axis2P3D Direction',(0.,0.,1.)) ;
#2399=DIRECTION('Vector Direction',(0.,0.,1.)) ;
#2411=DIRECTION('Axis2P3D Direction',(0.,0.,1.)) ;
#2423=DIRECTION('Axis2P3D Direction',(0.,0.,1.)) ;
#2424=DIRECTION('Axis2P3D XDirection',(1.,0.,0.)) ;
#2428=DIRECTION('Vector Direction',(0.,0.,1.)) ;
#2435=DIRECTION('Axis2P3D Direction',(0.,0.,1.)) ;
#2442=DIRECTION('Vector Direction',(0.,0.,1.)) ;
#2454=DIRECTION('Axis2P3D Direction',(0.,0.,1.)) ;
#2466=DIRECTION('Axis2P3D Direction',(0.,0.,1.)) ;
#2467=DIRECTION('Axis2P3D XDirection',(-1.,1.22464679915E-016,0.)) ;
#2471=DIRECTION('Vector Direction',(0.,0.,1.)) ;
#2478=DIRECTION('Axis2P3D Direction',(0.,0.,1.)) ;
#2485=DIRECTION('Vector Direction',(0.,0.,1.)) ;
#2497=DIRECTION('Axis2P3D Direction',(0.,0.,1.)) ;
#2509=DIRECTION('Axis2P3D Direction',(0.,0.,1.)) ;
#2510=DIRECTION('Axis2P3D XDirection',(-1.,1.22464679915E-016,0.)) ;
#2514=DIRECTION('Vector Direction',(0.,0.,1.)) ;
#2521=DIRECTION('Axis2P3D Direction',(0.,0.,1.)) ;
#2528=DIRECTION('Vector Direction',(0.,0.,1.)) ;
#2540=DIRECTION('Axis2P3D Direction',(0.,0.,1.)) ;
#2552=DIRECTION('Axis2P3D Direction',(0.,0.,1.)) ;
#2553=DIRECTION('Axis2P3D XDirection',(1.,0.,0.)) ;
#2557=DIRECTION('Vector Direction',(0.,0.,1.)) ;
#2564=DIRECTION('Axis2P3D Direction',(0.,0.,1.)) ;
#2571=DIRECTION('Vector Direction',(0.,0.,1.)) ;
#2583=DIRECTION('Axis2P3D Direction',(0.,0.,1.)) ;
#2595=DIRECTION('Axis2P3D Direction',(0.,0.,1.)) ;
#2596=DIRECTION('Axis2P3D XDirection',(1.,0.,0.)) ;
#2600=DIRECTION('Vector Direction',(0.,0.,1.)) ;
#2607=DIRECTION('Axis2P3D Direction',(0.,0.,1.)) ;
#2614=DIRECTION('Vector Direction',(0.,0.,1.)) ;
#2626=DIRECTION('Axis2P3D Direction',(0.,0.,1.)) ;
#2638=DIRECTION('Axis2P3D Direction',(0.,0.,1.)) ;
#2639=DIRECTION('Axis2P3D XDirection',(1.,0.,0.)) ;
#2643=DIRECTION('Vector Direction',(0.,0.,1.)) ;
#2648=DIRECTION('Vector Direction',(0.,0.,1.)) ;
#2667=DIRECTION('Axis2P3D Direction',(0.,0.,1.)) ;
#2668=DIRECTION('Axis2P3D XDirection',(1.,0.,0.)) ;
#2672=DIRECTION('Vector Direction',(0.,0.,1.)) ;
#2677=DIRECTION('Vector Direction',(0.,0.,1.)) ;
#2696=DIRECTION('Axis2P3D Direction',(0.,0.,1.)) ;
#2697=DIRECTION('Axis2P3D XDirection',(0.267379679144,0.963591255243,0.)) ;
#2701=DIRECTION('Axis2P3D Direction',(0.,0.,1.)) ;
#2713=DIRECTION('Axis2P3D Direction',(0.,0.,1.)) ;
#2714=DIRECTION('Axis2P3D XDirection',(1.,0.,0.)) ;
#2718=DIRECTION('Axis2P3D Direction',(0.,0.,1.)) ;
#2723=DIRECTION('Vector Direction',(0.,1.,0.)) ;
#2728=DIRECTION('Axis2P3D Direction',(0.,0.,1.)) ;
#2816=DIRECTION('Axis2P3D Direction',(1.,0.,0.)) ;
#2817=DIRECTION('Axis2P3D XDirection',(0.,1.,0.)) ;
#2821=DIRECTION('Vector Direction',(0.,0.,1.)) ;
#2828=DIRECTION('Vector Direction',(0.,1.,0.)) ;
#2840=DIRECTION('Axis2P3D Direction',(0.,0.,1.)) ;
#2845=DIRECTION('Axis2P3D Direction',(0.,0.,1.)) ;
#2867=DIRECTION('Axis2P3D Direction',(0.,0.,1.)) ;
#2868=DIRECTION('Axis2P3D XDirection',(0.5,-0.866025403784,0.)) ;
#2882=DIRECTION('Axis2P3D Direction',(0.,0.,1.)) ;
#2883=DIRECTION('Axis2P3D XDirection',(-0.360721442886,0.932673598127,0.)) ;
#48=AXIS2_PLACEMENT_3D(' ',#47,$,$) ;
#55=AXIS2_PLACEMENT_3D('Cylinder Axis2P3D',#52,#53,#54) ;
#163=AXIS2_PLACEMENT_3D('Cylinder Axis2P3D',#160,#161,#162) ;
#174=AXIS2_PLACEMENT_3D('Circle Axis2P3D',#172,#173,$) ;
#188=AXIS2_PLACEMENT_3D('Circle Axis2P3D',#186,#187,$) ;
#202=AXIS2_PLACEMENT_3D('Circle Axis2P3D',#200,#201,$) ;
#227=AXIS2_PLACEMENT_3D('Plane Axis2P3D',#224,#225,#226) ;
#231=AXIS2_PLACEMENT_3D('Circle Axis2P3D',#229,#230,$) ;
#240=AXIS2_PLACEMENT_3D('Circle Axis2P3D',#238,#239,$) ;
#247=AXIS2_PLACEMENT_3D('Circle Axis2P3D',#245,#246,$) ;
#254=AXIS2_PLACEMENT_3D('Circle Axis2P3D',#252,#253,$) ;
#261=AXIS2_PLACEMENT_3D('Circle Axis2P3D',#259,#260,$) ;
#268=AXIS2_PLACEMENT_3D('Circle Axis2P3D',#266,#267,$) ;
#281=AXIS2_PLACEMENT_3D('Circle Axis2P3D',#279,#280,$) ;
#290=AXIS2_PLACEMENT_3D('Circle Axis2P3D',#288,#289,$) ;
#299=AXIS2_PLACEMENT_3D('Circle Axis2P3D',#297,#298,$) ;
#308=AXIS2_PLACEMENT_3D('Circle Axis2P3D',#306,#307,$) ;
#317=AXIS2_PLACEMENT_3D('Circle Axis2P3D',#315,#316,$) ;
#326=AXIS2_PLACEMENT_3D('Circle Axis2P3D',#324,#325,$) ;
#335=AXIS2_PLACEMENT_3D('Circle Axis2P3D',#333,#334,$) ;
#344=AXIS2_PLACEMENT_3D('Circle Axis2P3D',#342,#343,$) ;
#353=AXIS2_PLACEMENT_3D('Circle Axis2P3D',#351,#352,$) ;
#362=AXIS2_PLACEMENT_3D('Circle Axis2P3D',#360,#361,$) ;
#371=AXIS2_PLACEMENT_3D('Circle Axis2P3D',#369,#370,$) ;
#380=AXIS2_PLACEMENT_3D('Circle Axis2P3D',#378,#379,$) ;
#389=AXIS2_PLACEMENT_3D('Circle Axis2P3D',#387,#388,$) ;
#398=AXIS2_PLACEMENT_3D('Circle Axis2P3D',#396,#397,$) ;
#407=AXIS2_PLACEMENT_3D('Circle Axis2P3D',#405,#406,$) ;
#416=AXIS2_PLACEMENT_3D('Circle Axis2P3D',#414,#415,$) ;
#434=AXIS2_PLACEMENT_3D('Circle Axis2P3D',#432,#433,$) ;
#441=AXIS2_PLACEMENT_3D('Circle Axis2P3D',#439,#440,$) ;
#448=AXIS2_PLACEMENT_3D('Circle Axis2P3D',#446,#447,$) ;
#462=AXIS2_PLACEMENT_3D('Circle Axis2P3D',#460,#461,$) ;
#469=AXIS2_PLACEMENT_3D('Circle Axis2P3D',#467,#468,$) ;
#476=AXIS2_PLACEMENT_3D('Circle Axis2P3D',#474,#475,$) ;
#500=AXIS2_PLACEMENT_3D('Circle Axis2P3D',#498,#499,$) ;
#507=AXIS2_PLACEMENT_3D('Circle Axis2P3D',#505,#506,$) ;
#514=AXIS2_PLACEMENT_3D('Circle Axis2P3D',#512,#513,$) ;
#528=AXIS2_PLACEMENT_3D('Circle Axis2P3D',#526,#527,$) ;
#535=AXIS2_PLACEMENT_3D('Circle Axis2P3D',#533,#534,$) ;
#542=AXIS2_PLACEMENT_3D('Circle Axis2P3D',#540,#541,$) ;
#557=AXIS2_PLACEMENT_3D('Circle Axis2P3D',#555,#556,$) ;
#566=AXIS2_PLACEMENT_3D('Circle Axis2P3D',#564,#565,$) ;
#580=AXIS2_PLACEMENT_3D('Circle Axis2P3D',#578,#579,$) ;
#587=AXIS2_PLACEMENT_3D('Circle Axis2P3D',#585,#586,$) ;
#594=AXIS2_PLACEMENT_3D('Circle Axis2P3D',#592,#593,$) ;
#608=AXIS2_PLACEMENT_3D('Circle Axis2P3D',#606,#607,$) ;
#632=AXIS2_PLACEMENT_3D('Circle Axis2P3D',#630,#631,$) ;
#637=AXIS2_PLACEMENT_3D('Circle Axis2P3D',#635,#636,$) ;
#651=AXIS2_PLACEMENT_3D('Circle Axis2P3D',#649,#650,$) ;
#658=AXIS2_PLACEMENT_3D('Circle Axis2P3D',#656,#657,$) ;
#665=AXIS2_PLACEMENT_3D('Circle Axis2P3D',#663,#664,$) ;
#680=AXIS2_PLACEMENT_3D('Circle Axis2P3D',#678,#679,$) ;
#689=AXIS2_PLACEMENT_3D('Circle Axis2P3D',#687,#688,$) ;
#696=AXIS2_PLACEMENT_3D('Circle Axis2P3D',#694,#695,$) ;
#710=AXIS2_PLACEMENT_3D('Circle Axis2P3D',#708,#709,$) ;
#717=AXIS2_PLACEMENT_3D('Circle Axis2P3D',#715,#716,$) ;
#724=AXIS2_PLACEMENT_3D('Circle Axis2P3D',#722,#723,$) ;
#746=AXIS2_PLACEMENT_3D('Circle Axis2P3D',#744,#745,$) ;
#755=AXIS2_PLACEMENT_3D('Circle Axis2P3D',#753,#754,$) ;
#762=AXIS2_PLACEMENT_3D('Circle Axis2P3D',#760,#761,$) ;
#776=AXIS2_PLACEMENT_3D('Circle Axis2P3D',#774,#775,$) ;
#783=AXIS2_PLACEMENT_3D('Circle Axis2P3D',#781,#782,$) ;
#790=AXIS2_PLACEMENT_3D('Circle Axis2P3D',#788,#789,$) ;
#814=AXIS2_PLACEMENT_3D('Cylinder Axis2P3D',#811,#812,#813) ;
#825=AXIS2_PLACEMENT_3D('Circle Axis2P3D',#823,#824,$) ;
#845=AXIS2_PLACEMENT_3D('Plane Axis2P3D',#842,#843,#844) ;
#849=AXIS2_PLACEMENT_3D('Circle Axis2P3D',#847,#848,$) ;
#865=AXIS2_PLACEMENT_3D('Circle Axis2P3D',#863,#864,$) ;
#872=AXIS2_PLACEMENT_3D('Circle Axis2P3D',#870,#871,$) ;
#886=AXIS2_PLACEMENT_3D('Circle Axis2P3D',#884,#885,$) ;
#900=AXIS2_PLACEMENT_3D('Circle Axis2P3D',#898,#899,$) ;
#907=AXIS2_PLACEMENT_3D('Circle Axis2P3D',#905,#906,$) ;
#931=AXIS2_PLACEMENT_3D('Circle Axis2P3D',#929,#930,$) ;
#940=AXIS2_PLACEMENT_3D('Circle Axis2P3D',#938,#939,$) ;
#951=AXIS2_PLACEMENT_3D('Plane Axis2P3D',#948,#949,#950) ;
#981=AXIS2_PLACEMENT_3D('Circle Axis2P3D',#979,#980,$) ;
#997=AXIS2_PLACEMENT_3D('Circle Axis2P3D',#995,#996,$) ;
#1004=AXIS2_PLACEMENT_3D('Circle Axis2P3D',#1002,#1003,$) ;
#1018=AXIS2_PLACEMENT_3D('Circle Axis2P3D',#1016,#1017,$) ;
#1032=AXIS2_PLACEMENT_3D('Circle Axis2P3D',#1030,#1031,$) ;
#1039=AXIS2_PLACEMENT_3D('Circle Axis2P3D',#1037,#1038,$) ;
#1063=AXIS2_PLACEMENT_3D('Circle Axis2P3D',#1061,#1062,$) ;
#1072=AXIS2_PLACEMENT_3D('Circle Axis2P3D',#1070,#1071,$) ;
#1083=AXIS2_PLACEMENT_3D('Plane Axis2P3D',#1080,#1081,#1082) ;
#1114=AXIS2_PLACEMENT_3D('Cylinder Axis2P3D',#1111,#1112,#1113) ;
#1127=AXIS2_PLACEMENT_3D('Circle Axis2P3D',#1125,#1126,$) ;
#1141=AXIS2_PLACEMENT_3D('Circle Axis2P3D',#1139,#1140,$) ;
#1154=AXIS2_PLACEMENT_3D('Cylinder Axis2P3D',#1151,#1152,#1153) ;
#1172=AXIS2_PLACEMENT_3D('Circle Axis2P3D',#1170,#1171,$) ;
#1185=AXIS2_PLACEMENT_3D('Cylinder Axis2P3D',#1182,#1183,#1184) ;
#1203=AXIS2_PLACEMENT_3D('Circle Axis2P3D',#1201,#1202,$) ;
#1216=AXIS2_PLACEMENT_3D('Plane Axis2P3D',#1213,#1214,#1215) ;
#1245=AXIS2_PLACEMENT_3D('Plane Axis2P3D',#1242,#1243,#1244) ;
#1285=AXIS2_PLACEMENT_3D('Plane Axis2P3D',#1282,#1283,#1284) ;
#1316=AXIS2_PLACEMENT_3D('Plane Axis2P3D',#1313,#1314,#1315) ;
#1347=AXIS2_PLACEMENT_3D('Cylinder Axis2P3D',#1344,#1345,#1346) ;
#1351=AXIS2_PLACEMENT_3D('Circle Axis2P3D',#1349,#1350,$) ;
#1371=AXIS2_PLACEMENT_3D('Cylinder Axis2P3D',#1368,#1369,#1370) ;
#1382=AXIS2_PLACEMENT_3D('Circle Axis2P3D',#1380,#1381,$) ;
#1395=AXIS2_PLACEMENT_3D('Cylinder Axis2P3D',#1392,#1393,#1394) ;
#1399=AXIS2_PLACEMENT_3D('Circle Axis2P3D',#1397,#1398,$) ;
#1408=AXIS2_PLACEMENT_3D('Circle Axis2P3D',#1406,#1407,$) ;
#1427=AXIS2_PLACEMENT_3D('Plane Axis2P3D',#1424,#1425,#1426) ;
#1451=AXIS2_PLACEMENT_3D('Cylinder Axis2P3D',#1448,#1449,#1450) ;
#1468=AXIS2_PLACEMENT_3D('Cylinder Axis2P3D',#1465,#1466,#1467) ;
#1472=AXIS2_PLACEMENT_3D('Circle Axis2P3D',#1470,#1471,$) ;
#1494=AXIS2_PLACEMENT_3D('Cylinder Axis2P3D',#1491,#1492,#1493) ;
#1498=AXIS2_PLACEMENT_3D('Circle Axis2P3D',#1496,#1497,$) ;
#1511=AXIS2_PLACEMENT_3D('Plane Axis2P3D',#1508,#1509,#1510) ;
#1549=AXIS2_PLACEMENT_3D('Cylinder Axis2P3D',#1546,#1547,#1548) ;
#1553=AXIS2_PLACEMENT_3D('Circle Axis2P3D',#1551,#1552,$) ;
#1567=AXIS2_PLACEMENT_3D('Circle Axis2P3D',#1565,#1566,$) ;
#1587=AXIS2_PLACEMENT_3D('Circle Axis2P3D',#1585,#1586,$) ;
#1600=AXIS2_PLACEMENT_3D('Cylinder Axis2P3D',#1597,#1598,#1599) ;
#1604=AXIS2_PLACEMENT_3D('Circle Axis2P3D',#1602,#1603,$) ;
#1624=AXIS2_PLACEMENT_3D('Plane Axis2P3D',#1621,#1622,#1623) ;
#1648=AXIS2_PLACEMENT_3D('Cylinder Axis2P3D',#1645,#1646,#1647) ;
#1652=AXIS2_PLACEMENT_3D('Circle Axis2P3D',#1650,#1651,$) ;
#1671=AXIS2_PLACEMENT_3D('Circle Axis2P3D',#1669,#1670,$) ;
#1683=AXIS2_PLACEMENT_3D('Circle Axis2P3D',#1681,#1682,$) ;
#1698=AXIS2_PLACEMENT_3D('Cylinder Axis2P3D',#1695,#1696,#1697) ;
#1702=AXIS2_PLACEMENT_3D('Circle Axis2P3D',#1700,#1701,$) ;
#1715=AXIS2_PLACEMENT_3D('Cylinder Axis2P3D',#1712,#1713,#1714) ;
#1719=AXIS2_PLACEMENT_3D('Circle Axis2P3D',#1717,#1718,$) ;
#1746=AXIS2_PLACEMENT_3D('Cylinder Axis2P3D',#1743,#1744,#1745) ;
#1757=AXIS2_PLACEMENT_3D('Circle Axis2P3D',#1755,#1756,$) ;
#1770=AXIS2_PLACEMENT_3D('Cylinder Axis2P3D',#1767,#1768,#1769) ;
#1774=AXIS2_PLACEMENT_3D('Circle Axis2P3D',#1772,#1773,$) ;
#1783=AXIS2_PLACEMENT_3D('Circle Axis2P3D',#1781,#1782,$) ;
#1802=AXIS2_PLACEMENT_3D('Plane Axis2P3D',#1799,#1800,#1801) ;
#1852=AXIS2_PLACEMENT_3D('Cylinder Axis2P3D',#1849,#1850,#1851) ;
#1856=AXIS2_PLACEMENT_3D('Circle Axis2P3D',#1854,#1855,$) ;
#1902=AXIS2_PLACEMENT_3D('Cylinder Axis2P3D',#1899,#1900,#1901) ;
#1906=AXIS2_PLACEMENT_3D('Circle Axis2P3D',#1904,#1905,$) ;
#1925=AXIS2_PLACEMENT_3D('Circle Axis2P3D',#1923,#1924,$) ;
#1945=AXIS2_PLACEMENT_3D('Cylinder Axis2P3D',#1942,#1943,#1944) ;
#1962=AXIS2_PLACEMENT_3D('Plane Axis2P3D',#1959,#1960,#1961) ;
#1988=AXIS2_PLACEMENT_3D('Cylinder Axis2P3D',#1985,#1986,#1987) ;
#1992=AXIS2_PLACEMENT_3D('Circle Axis2P3D',#1990,#1991,$) ;
#2006=AXIS2_PLACEMENT_3D('Circle Axis2P3D',#2004,#2005,$) ;
#2019=AXIS2_PLACEMENT_3D('Circle Axis2P3D',#2017,#2018,$) ;
#2032=AXIS2_PLACEMENT_3D('Cylinder Axis2P3D',#2029,#2030,#2031) ;
#2053=AXIS2_PLACEMENT_3D('Circle Axis2P3D',#2051,#2052,$) ;
#2075=AXIS2_PLACEMENT_3D('Cylinder Axis2P3D',#2072,#2073,#2074) ;
#2079=AXIS2_PLACEMENT_3D('Circle Axis2P3D',#2077,#2078,$) ;
#2118=AXIS2_PLACEMENT_3D('Cylinder Axis2P3D',#2115,#2116,#2117) ;
#2122=AXIS2_PLACEMENT_3D('Circle Axis2P3D',#2120,#2121,$) ;
#2148=AXIS2_PLACEMENT_3D('Circle Axis2P3D',#2146,#2147,$) ;
#2161=AXIS2_PLACEMENT_3D('Cylinder Axis2P3D',#2158,#2159,#2160) ;
#2165=AXIS2_PLACEMENT_3D('Circle Axis2P3D',#2163,#2164,$) ;
#2174=AXIS2_PLACEMENT_3D('Circle Axis2P3D',#2172,#2173,$) ;
#2207=AXIS2_PLACEMENT_3D('Cylinder Axis2P3D',#2204,#2205,#2206) ;
#2211=AXIS2_PLACEMENT_3D('Circle Axis2P3D',#2209,#2210,$) ;
#2237=AXIS2_PLACEMENT_3D('Circle Axis2P3D',#2235,#2236,$) ;
#2257=AXIS2_PLACEMENT_3D('Cylinder Axis2P3D',#2254,#2255,#2256) ;
#2295=AXIS2_PLACEMENT_3D('Cylinder Axis2P3D',#2292,#2293,#2294) ;
#2299=AXIS2_PLACEMENT_3D('Circle Axis2P3D',#2297,#2298,$) ;
#2313=AXIS2_PLACEMENT_3D('Circle Axis2P3D',#2311,#2312,$) ;
#2333=AXIS2_PLACEMENT_3D('Circle Axis2P3D',#2331,#2332,$) ;
#2346=AXIS2_PLACEMENT_3D('Cylinder Axis2P3D',#2343,#2344,#2345) ;
#2350=AXIS2_PLACEMENT_3D('Circle Axis2P3D',#2348,#2349,$) ;
#2382=AXIS2_PLACEMENT_3D('Cylinder Axis2P3D',#2379,#2380,#2381) ;
#2393=AXIS2_PLACEMENT_3D('Circle Axis2P3D',#2391,#2392,$) ;
#2412=AXIS2_PLACEMENT_3D('Circle Axis2P3D',#2410,#2411,$) ;
#2425=AXIS2_PLACEMENT_3D('Cylinder Axis2P3D',#2422,#2423,#2424) ;
#2436=AXIS2_PLACEMENT_3D('Circle Axis2P3D',#2434,#2435,$) ;
#2455=AXIS2_PLACEMENT_3D('Circle Axis2P3D',#2453,#2454,$) ;
#2468=AXIS2_PLACEMENT_3D('Cylinder Axis2P3D',#2465,#2466,#2467) ;
#2479=AXIS2_PLACEMENT_3D('Circle Axis2P3D',#2477,#2478,$) ;
#2498=AXIS2_PLACEMENT_3D('Circle Axis2P3D',#2496,#2497,$) ;
#2511=AXIS2_PLACEMENT_3D('Cylinder Axis2P3D',#2508,#2509,#2510) ;
#2522=AXIS2_PLACEMENT_3D('Circle Axis2P3D',#2520,#2521,$) ;
#2541=AXIS2_PLACEMENT_3D('Circle Axis2P3D',#2539,#2540,$) ;
#2554=AXIS2_PLACEMENT_3D('Cylinder Axis2P3D',#2551,#2552,#2553) ;
#2565=AXIS2_PLACEMENT_3D('Circle Axis2P3D',#2563,#2564,$) ;
#2584=AXIS2_PLACEMENT_3D('Circle Axis2P3D',#2582,#2583,$) ;
#2597=AXIS2_PLACEMENT_3D('Cylinder Axis2P3D',#2594,#2595,#2596) ;
#2608=AXIS2_PLACEMENT_3D('Circle Axis2P3D',#2606,#2607,$) ;
#2627=AXIS2_PLACEMENT_3D('Circle Axis2P3D',#2625,#2626,$) ;
#2640=AXIS2_PLACEMENT_3D('Cylinder Axis2P3D',#2637,#2638,#2639) ;
#2669=AXIS2_PLACEMENT_3D('Cylinder Axis2P3D',#2666,#2667,#2668) ;
#2698=AXIS2_PLACEMENT_3D('Cylinder Axis2P3D',#2695,#2696,#2697) ;
#2702=AXIS2_PLACEMENT_3D('Circle Axis2P3D',#2700,#2701,$) ;
#2715=AXIS2_PLACEMENT_3D('Plane Axis2P3D',#2712,#2713,#2714) ;
#2719=AXIS2_PLACEMENT_3D('Circle Axis2P3D',#2717,#2718,$) ;
#2729=AXIS2_PLACEMENT_3D('Circle Axis2P3D',#2727,#2728,$) ;
#2818=AXIS2_PLACEMENT_3D('Plane Axis2P3D',#2815,#2816,#2817) ;
#2841=AXIS2_PLACEMENT_3D('Circle Axis2P3D',#2839,#2840,$) ;
#2846=AXIS2_PLACEMENT_3D('Circle Axis2P3D',#2844,#2845,$) ;
#2869=AXIS2_PLACEMENT_3D('Cylinder Axis2P3D',#2866,#2867,#2868) ;
#2884=AXIS2_PLACEMENT_3D('Cylinder Axis2P3D',#2881,#2882,#2883) ;
#40=PRODUCT_DEFINITION_SHAPE(' ',' ',#14) ;
#31=APPROVAL_PERSON_ORGANIZATION(#25,#21,#19) ;
#25=PERSON_AND_ORGANIZATION(#22,#23) ;
#22=PERSON(' ',' ',' ',$,$,$) ;
#23=ORGANIZATION(' ',' ',' ') ;
#21=APPROVAL(#20,' ') ;
#20=APPROVAL_STATUS('not_yet_approved') ;
#19=APPROVAL_ROLE('APPROVER') ;
#13=DATE_AND_TIME(#11,#12) ;
#12=LOCAL_TIME(16,30,46.,#10) ;
#10=COORDINATED_UNIVERSAL_TIME_OFFSET(0,0,.AHEAD.) ;
#113=ORIENTED_EDGE('',*,*,#65,.F.) ;
#114=ORIENTED_EDGE('',*,*,#74,.T.) ;
#115=ORIENTED_EDGE('',*,*,#90,.F.) ;
#116=ORIENTED_EDGE('',*,*,#97,.T.) ;
#117=ORIENTED_EDGE('',*,*,#111,.F.) ;
#153=ORIENTED_EDGE('',*,*,#97,.F.) ;
#154=ORIENTED_EDGE('',*,*,#129,.T.) ;
#155=ORIENTED_EDGE('',*,*,#137,.F.) ;
#156=ORIENTED_EDGE('',*,*,#65,.T.) ;
#157=ORIENTED_EDGE('',*,*,#151,.F.) ;
#213=ORIENTED_EDGE('',*,*,#74,.F.) ;
#214=ORIENTED_EDGE('',*,*,#137,.T.) ;
#215=ORIENTED_EDGE('',*,*,#171,.T.) ;
#216=ORIENTED_EDGE('',*,*,#178,.T.) ;
#217=ORIENTED_EDGE('',*,*,#185,.F.) ;
#218=ORIENTED_EDGE('',*,*,#192,.F.) ;
#219=ORIENTED_EDGE('',*,*,#199,.F.) ;
#220=ORIENTED_EDGE('',*,*,#206,.F.) ;
#221=ORIENTED_EDGE('',*,*,#211,.T.) ;
#272=ORIENTED_EDGE('',*,*,#237,.T.) ;
#273=ORIENTED_EDGE('',*,*,#244,.T.) ;
#274=ORIENTED_EDGE('',*,*,#251,.T.) ;
#275=ORIENTED_EDGE('',*,*,#258,.T.) ;
#276=ORIENTED_EDGE('',*,*,#265,.T.) ;
#277=ORIENTED_EDGE('',*,*,#270,.T.) ;
#294=ORIENTED_EDGE('',*,*,#287,.F.) ;
#295=ORIENTED_EDGE('',*,*,#292,.F.) ;
#312=ORIENTED_EDGE('',*,*,#305,.F.) ;
#313=ORIENTED_EDGE('',*,*,#310,.F.) ;
#330=ORIENTED_EDGE('',*,*,#323,.F.) ;
#331=ORIENTED_EDGE('',*,*,#328,.F.) ;
#348=ORIENTED_EDGE('',*,*,#341,.F.) ;
#349=ORIENTED_EDGE('',*,*,#346,.F.) ;
#366=ORIENTED_EDGE('',*,*,#359,.F.) ;
#367=ORIENTED_EDGE('',*,*,#364,.F.) ;
#384=ORIENTED_EDGE('',*,*,#377,.F.) ;
#385=ORIENTED_EDGE('',*,*,#382,.F.) ;
#402=ORIENTED_EDGE('',*,*,#395,.F.) ;
#403=ORIENTED_EDGE('',*,*,#400,.F.) ;
#420=ORIENTED_EDGE('',*,*,#413,.F.) ;
#421=ORIENTED_EDGE('',*,*,#418,.F.) ;
#480=ORIENTED_EDGE('',*,*,#431,.F.) ;
#481=ORIENTED_EDGE('',*,*,#438,.F.) ;
#482=ORIENTED_EDGE('',*,*,#445,.F.) ;
#483=ORIENTED_EDGE('',*,*,#452,.F.) ;
#484=ORIENTED_EDGE('',*,*,#459,.F.) ;
#485=ORIENTED_EDGE('',*,*,#466,.F.) ;
#486=ORIENTED_EDGE('',*,*,#473,.F.) ;
#487=ORIENTED_EDGE('',*,*,#478,.F.) ;
#546=ORIENTED_EDGE('',*,*,#497,.F.) ;
#547=ORIENTED_EDGE('',*,*,#504,.F.) ;
#548=ORIENTED_EDGE('',*,*,#511,.F.) ;
#549=ORIENTED_EDGE('',*,*,#518,.F.) ;
#550=ORIENTED_EDGE('',*,*,#525,.F.) ;
#551=ORIENTED_EDGE('',*,*,#532,.F.) ;
#552=ORIENTED_EDGE('',*,*,#539,.F.) ;
#553=ORIENTED_EDGE('',*,*,#544,.F.) ;
#612=ORIENTED_EDGE('',*,*,#563,.F.) ;
#613=ORIENTED_EDGE('',*,*,#570,.F.) ;
#614=ORIENTED_EDGE('',*,*,#577,.F.) ;
#615=ORIENTED_EDGE('',*,*,#584,.F.) ;
#616=ORIENTED_EDGE('',*,*,#591,.F.) ;
#617=ORIENTED_EDGE('',*,*,#598,.F.) ;
#618=ORIENTED_EDGE('',*,*,#605,.F.) ;
#619=ORIENTED_EDGE('',*,*,#610,.F.) ;
#669=ORIENTED_EDGE('',*,*,#629,.F.) ;
#670=ORIENTED_EDGE('',*,*,#634,.F.) ;
#671=ORIENTED_EDGE('',*,*,#178,.F.) ;
#672=ORIENTED_EDGE('',*,*,#641,.F.) ;
#673=ORIENTED_EDGE('',*,*,#648,.F.) ;
#674=ORIENTED_EDGE('',*,*,#655,.F.) ;
#675=ORIENTED_EDGE('',*,*,#662,.F.) ;
#676=ORIENTED_EDGE('',*,*,#667,.F.) ;
#735=ORIENTED_EDGE('',*,*,#686,.F.) ;
#736=ORIENTED_EDGE('',*,*,#693,.F.) ;
#737=ORIENTED_EDGE('',*,*,#700,.F.) ;
#738=ORIENTED_EDGE('',*,*,#707,.F.) ;
#739=ORIENTED_EDGE('',*,*,#714,.F.) ;
#740=ORIENTED_EDGE('',*,*,#721,.F.) ;
#741=ORIENTED_EDGE('',*,*,#728,.F.) ;
#742=ORIENTED_EDGE('',*,*,#733,.F.) ;
#801=ORIENTED_EDGE('',*,*,#752,.F.) ;
#802=ORIENTED_EDGE('',*,*,#759,.F.) ;
#803=ORIENTED_EDGE('',*,*,#766,.F.) ;
#804=ORIENTED_EDGE('',*,*,#773,.F.) ;
#805=ORIENTED_EDGE('',*,*,#780,.F.) ;
#806=ORIENTED_EDGE('',*,*,#787,.F.) ;
#807=ORIENTED_EDGE('',*,*,#794,.F.) ;
#808=ORIENTED_EDGE('',*,*,#799,.F.) ;
#836=ORIENTED_EDGE('',*,*,#822,.F.) ;
#837=ORIENTED_EDGE('',*,*,#829,.T.) ;
#838=ORIENTED_EDGE('',*,*,#834,.T.) ;
#839=ORIENTED_EDGE('',*,*,#265,.F.) ;
#918=ORIENTED_EDGE('',*,*,#855,.F.) ;
#919=ORIENTED_EDGE('',*,*,#862,.T.) ;
#920=ORIENTED_EDGE('',*,*,#869,.T.) ;
#921=ORIENTED_EDGE('',*,*,#876,.T.) ;
#922=ORIENTED_EDGE('',*,*,#883,.F.) ;
#923=ORIENTED_EDGE('',*,*,#890,.F.) ;
#924=ORIENTED_EDGE('',*,*,#897,.F.) ;
#925=ORIENTED_EDGE('',*,*,#904,.T.) ;
#926=ORIENTED_EDGE('',*,*,#911,.T.) ;
#927=ORIENTED_EDGE('',*,*,#916,.T.) ;
#944=ORIENTED_EDGE('',*,*,#937,.T.) ;
#945=ORIENTED_EDGE('',*,*,#942,.T.) ;
#973=ORIENTED_EDGE('',*,*,#959,.T.) ;
#974=ORIENTED_EDGE('',*,*,#966,.F.) ;
#975=ORIENTED_EDGE('',*,*,#971,.F.) ;
#976=ORIENTED_EDGE('',*,*,#883,.T.) ;
#1050=ORIENTED_EDGE('',*,*,#987,.F.) ;
#1051=ORIENTED_EDGE('',*,*,#994,.F.) ;
#1052=ORIENTED_EDGE('',*,*,#1001,.T.) ;
#1053=ORIENTED_EDGE('',*,*,#1008,.T.) ;
#1054=ORIENTED_EDGE('',*,*,#1015,.F.) ;
#1055=ORIENTED_EDGE('',*,*,#1022,.F.) ;
#1056=ORIENTED_EDGE('',*,*,#1029,.F.) ;
#1057=ORIENTED_EDGE('',*,*,#1036,.T.) ;
#1058=ORIENTED_EDGE('',*,*,#1043,.T.) ;
#1059=ORIENTED_EDGE('',*,*,#1048,.F.) ;
#1076=ORIENTED_EDGE('',*,*,#1069,.T.) ;
#1077=ORIENTED_EDGE('',*,*,#1074,.T.) ;
#1105=ORIENTED_EDGE('',*,*,#1091,.T.) ;
#1106=ORIENTED_EDGE('',*,*,#1098,.F.) ;
#1107=ORIENTED_EDGE('',*,*,#1103,.F.) ;
#1108=ORIENTED_EDGE('',*,*,#1015,.T.) ;
#1145=ORIENTED_EDGE('',*,*,#1124,.F.) ;
#1146=ORIENTED_EDGE('',*,*,#1131,.T.) ;
#1147=ORIENTED_EDGE('',*,*,#1138,.T.) ;
#1148=ORIENTED_EDGE('',*,*,#1143,.F.) ;
#1176=ORIENTED_EDGE('',*,*,#1162,.F.) ;
#1177=ORIENTED_EDGE('',*,*,#987,.T.) ;
#1178=ORIENTED_EDGE('',*,*,#1169,.T.) ;
#1179=ORIENTED_EDGE('',*,*,#1174,.F.) ;
#1207=ORIENTED_EDGE('',*,*,#1193,.F.) ;
#1208=ORIENTED_EDGE('',*,*,#855,.T.) ;
#1209=ORIENTED_EDGE('',*,*,#1200,.T.) ;
#1210=ORIENTED_EDGE('',*,*,#1205,.F.) ;
#1236=ORIENTED_EDGE('',*,*,#1224,.F.) ;
#1237=ORIENTED_EDGE('',*,*,#1029,.T.) ;
#1238=ORIENTED_EDGE('',*,*,#1229,.T.) ;
#1239=ORIENTED_EDGE('',*,*,#1234,.F.) ;
#1276=ORIENTED_EDGE('',*,*,#1255,.F.) ;
#1277=ORIENTED_EDGE('',*,*,#1262,.T.) ;
#1278=ORIENTED_EDGE('',*,*,#1269,.T.) ;
#1279=ORIENTED_EDGE('',*,*,#1274,.F.) ;
#1307=ORIENTED_EDGE('',*,*,#1293,.F.) ;
#1308=ORIENTED_EDGE('',*,*,#897,.T.) ;
#1309=ORIENTED_EDGE('',*,*,#1300,.T.) ;
#1310=ORIENTED_EDGE('',*,*,#1305,.F.) ;
#1338=ORIENTED_EDGE('',*,*,#1326,.F.) ;
#1339=ORIENTED_EDGE('',*,*,#1331,.T.) ;
#1340=ORIENTED_EDGE('',*,*,#799,.T.) ;
#1341=ORIENTED_EDGE('',*,*,#1336,.F.) ;
#1362=ORIENTED_EDGE('',*,*,#1355,.F.) ;
#1363=ORIENTED_EDGE('',*,*,#1336,.T.) ;
#1364=ORIENTED_EDGE('',*,*,#794,.T.) ;
#1365=ORIENTED_EDGE('',*,*,#1360,.F.) ;
#1386=ORIENTED_EDGE('',*,*,#1360,.T.) ;
#1387=ORIENTED_EDGE('',*,*,#787,.T.) ;
#1388=ORIENTED_EDGE('',*,*,#1379,.F.) ;
#1389=ORIENTED_EDGE('',*,*,#1384,.T.) ;
#1417=ORIENTED_EDGE('',*,*,#1405,.F.) ;
#1418=ORIENTED_EDGE('',*,*,#1410,.F.) ;
#1419=ORIENTED_EDGE('',*,*,#1379,.T.) ;
#1420=ORIENTED_EDGE('',*,*,#780,.T.) ;
#1421=ORIENTED_EDGE('',*,*,#1415,.F.) ;
#1440=ORIENTED_EDGE('',*,*,#1193,.T.) ;
#1441=ORIENTED_EDGE('',*,*,#1433,.F.) ;
#1442=ORIENTED_EDGE('',*,*,#1415,.T.) ;
#1443=ORIENTED_EDGE('',*,*,#773,.T.) ;
#1444=ORIENTED_EDGE('',*,*,#1438,.F.) ;
#1445=ORIENTED_EDGE('',*,*,#862,.F.) ;
#1459=ORIENTED_EDGE('',*,*,#766,.T.) ;
#1460=ORIENTED_EDGE('',*,*,#1457,.F.) ;
#1461=ORIENTED_EDGE('',*,*,#869,.F.) ;
#1462=ORIENTED_EDGE('',*,*,#1438,.T.) ;
#1483=ORIENTED_EDGE('',*,*,#1476,.F.) ;
#1484=ORIENTED_EDGE('',*,*,#959,.F.) ;
#1485=ORIENTED_EDGE('',*,*,#876,.F.) ;
#1486=ORIENTED_EDGE('',*,*,#1457,.T.) ;
#1487=ORIENTED_EDGE('',*,*,#759,.T.) ;
#1488=ORIENTED_EDGE('',*,*,#1481,.F.) ;
#1502=ORIENTED_EDGE('',*,*,#1500,.F.) ;
#1503=ORIENTED_EDGE('',*,*,#1481,.T.) ;
#1504=ORIENTED_EDGE('',*,*,#752,.T.) ;
#1505=ORIENTED_EDGE('',*,*,#1331,.F.) ;
#1538=ORIENTED_EDGE('',*,*,#1519,.T.) ;
#1539=ORIENTED_EDGE('',*,*,#733,.T.) ;
#1540=ORIENTED_EDGE('',*,*,#1526,.F.) ;
#1541=ORIENTED_EDGE('',*,*,#1531,.T.) ;
#1542=ORIENTED_EDGE('',*,*,#1138,.F.) ;
#1543=ORIENTED_EDGE('',*,*,#1536,.F.) ;
#1571=ORIENTED_EDGE('',*,*,#1557,.F.) ;
#1572=ORIENTED_EDGE('',*,*,#1526,.T.) ;
#1573=ORIENTED_EDGE('',*,*,#728,.T.) ;
#1574=ORIENTED_EDGE('',*,*,#1564,.F.) ;
#1575=ORIENTED_EDGE('',*,*,#1569,.F.) ;
#1591=ORIENTED_EDGE('',*,*,#1564,.T.) ;
#1592=ORIENTED_EDGE('',*,*,#721,.T.) ;
#1593=ORIENTED_EDGE('',*,*,#1584,.F.) ;
#1594=ORIENTED_EDGE('',*,*,#1589,.T.) ;
#1615=ORIENTED_EDGE('',*,*,#1608,.F.) ;
#1616=ORIENTED_EDGE('',*,*,#1584,.T.) ;
#1617=ORIENTED_EDGE('',*,*,#714,.T.) ;
#1618=ORIENTED_EDGE('',*,*,#1613,.F.) ;
#1639=ORIENTED_EDGE('',*,*,#1613,.T.) ;
#1640=ORIENTED_EDGE('',*,*,#707,.T.) ;
#1641=ORIENTED_EDGE('',*,*,#1632,.F.) ;
#1642=ORIENTED_EDGE('',*,*,#1637,.T.) ;
#1663=ORIENTED_EDGE('',*,*,#1656,.F.) ;
#1664=ORIENTED_EDGE('',*,*,#1632,.T.) ;
#1665=ORIENTED_EDGE('',*,*,#700,.T.) ;
#1666=ORIENTED_EDGE('',*,*,#1661,.F.) ;
#1687=ORIENTED_EDGE('',*,*,#1255,.T.) ;
#1688=ORIENTED_EDGE('',*,*,#1673,.F.) ;
#1689=ORIENTED_EDGE('',*,*,#1661,.T.) ;
#1690=ORIENTED_EDGE('',*,*,#693,.T.) ;
#1691=ORIENTED_EDGE('',*,*,#1680,.F.) ;
#1692=ORIENTED_EDGE('',*,*,#1685,.F.) ;
#1706=ORIENTED_EDGE('',*,*,#686,.T.) ;
#1707=ORIENTED_EDGE('',*,*,#1519,.F.) ;
#1708=ORIENTED_EDGE('',*,*,#1704,.F.) ;
#1709=ORIENTED_EDGE('',*,*,#1680,.T.) ;
#1737=ORIENTED_EDGE('',*,*,#1725,.F.) ;
#1738=ORIENTED_EDGE('',*,*,#1730,.T.) ;
#1739=ORIENTED_EDGE('',*,*,#667,.T.) ;
#1740=ORIENTED_EDGE('',*,*,#1735,.F.) ;
#1761=ORIENTED_EDGE('',*,*,#1735,.T.) ;
#1762=ORIENTED_EDGE('',*,*,#662,.T.) ;
#1763=ORIENTED_EDGE('',*,*,#1754,.F.) ;
#1764=ORIENTED_EDGE('',*,*,#1759,.T.) ;
#1792=ORIENTED_EDGE('',*,*,#1780,.F.) ;
#1793=ORIENTED_EDGE('',*,*,#1785,.F.) ;
#1794=ORIENTED_EDGE('',*,*,#1754,.T.) ;
#1795=ORIENTED_EDGE('',*,*,#655,.T.) ;
#1796=ORIENTED_EDGE('',*,*,#1790,.F.) ;
#1822=ORIENTED_EDGE('',*,*,#1124,.T.) ;
#1823=ORIENTED_EDGE('',*,*,#1808,.F.) ;
#1824=ORIENTED_EDGE('',*,*,#1790,.T.) ;
#1825=ORIENTED_EDGE('',*,*,#648,.T.) ;
#1826=ORIENTED_EDGE('',*,*,#1815,.F.) ;
#1827=ORIENTED_EDGE('',*,*,#1820,.F.) ;
#1843=ORIENTED_EDGE('',*,*,#1836,.T.) ;
#1844=ORIENTED_EDGE('',*,*,#629,.T.) ;
#1845=ORIENTED_EDGE('',*,*,#1730,.F.) ;
#1846=ORIENTED_EDGE('',*,*,#1841,.T.) ;
#1874=ORIENTED_EDGE('',*,*,#1862,.F.) ;
#1875=ORIENTED_EDGE('',*,*,#1867,.T.) ;
#1876=ORIENTED_EDGE('',*,*,#610,.T.) ;
#1877=ORIENTED_EDGE('',*,*,#1872,.F.) ;
#1893=ORIENTED_EDGE('',*,*,#1886,.F.) ;
#1894=ORIENTED_EDGE('',*,*,#1872,.T.) ;
#1895=ORIENTED_EDGE('',*,*,#605,.T.) ;
#1896=ORIENTED_EDGE('',*,*,#1891,.F.) ;
#1917=ORIENTED_EDGE('',*,*,#1910,.F.) ;
#1918=ORIENTED_EDGE('',*,*,#1891,.T.) ;
#1919=ORIENTED_EDGE('',*,*,#598,.T.) ;
#1920=ORIENTED_EDGE('',*,*,#1915,.F.) ;
#1934=ORIENTED_EDGE('',*,*,#1293,.T.) ;
#1935=ORIENTED_EDGE('',*,*,#1927,.F.) ;
#1936=ORIENTED_EDGE('',*,*,#1915,.T.) ;
#1937=ORIENTED_EDGE('',*,*,#591,.T.) ;
#1938=ORIENTED_EDGE('',*,*,#1932,.F.) ;
#1939=ORIENTED_EDGE('',*,*,#904,.F.) ;
#1953=ORIENTED_EDGE('',*,*,#584,.T.) ;
#1954=ORIENTED_EDGE('',*,*,#1951,.F.) ;
#1955=ORIENTED_EDGE('',*,*,#911,.F.) ;
#1956=ORIENTED_EDGE('',*,*,#1932,.T.) ;
#1977=ORIENTED_EDGE('',*,*,#1951,.T.) ;
#1978=ORIENTED_EDGE('',*,*,#577,.T.) ;
#1979=ORIENTED_EDGE('',*,*,#1970,.F.) ;
#1980=ORIENTED_EDGE('',*,*,#1975,.T.) ;
#1981=ORIENTED_EDGE('',*,*,#1200,.F.) ;
#1982=ORIENTED_EDGE('',*,*,#916,.F.) ;
#2010=ORIENTED_EDGE('',*,*,#1996,.F.) ;
#2011=ORIENTED_EDGE('',*,*,#1970,.T.) ;
#2012=ORIENTED_EDGE('',*,*,#570,.T.) ;
#2013=ORIENTED_EDGE('',*,*,#2003,.F.) ;
#2014=ORIENTED_EDGE('',*,*,#2008,.F.) ;
#2023=ORIENTED_EDGE('',*,*,#2003,.T.) ;
#2024=ORIENTED_EDGE('',*,*,#563,.T.) ;
#2025=ORIENTED_EDGE('',*,*,#1867,.F.) ;
#2026=ORIENTED_EDGE('',*,*,#2021,.T.) ;
#2045=ORIENTED_EDGE('',*,*,#544,.T.) ;
#2046=ORIENTED_EDGE('',*,*,#2038,.F.) ;
#2047=ORIENTED_EDGE('',*,*,#1001,.F.) ;
#2048=ORIENTED_EDGE('',*,*,#2043,.T.) ;
#2064=ORIENTED_EDGE('',*,*,#2057,.F.) ;
#2065=ORIENTED_EDGE('',*,*,#1091,.F.) ;
#2066=ORIENTED_EDGE('',*,*,#1008,.F.) ;
#2067=ORIENTED_EDGE('',*,*,#2038,.T.) ;
#2068=ORIENTED_EDGE('',*,*,#539,.T.) ;
#2069=ORIENTED_EDGE('',*,*,#2062,.F.) ;
#2090=ORIENTED_EDGE('',*,*,#2083,.F.) ;
#2091=ORIENTED_EDGE('',*,*,#2062,.T.) ;
#2092=ORIENTED_EDGE('',*,*,#532,.T.) ;
#2093=ORIENTED_EDGE('',*,*,#2088,.F.) ;
#2109=ORIENTED_EDGE('',*,*,#2088,.T.) ;
#2110=ORIENTED_EDGE('',*,*,#525,.T.) ;
#2111=ORIENTED_EDGE('',*,*,#2102,.F.) ;
#2112=ORIENTED_EDGE('',*,*,#2107,.T.) ;
#2133=ORIENTED_EDGE('',*,*,#2126,.F.) ;
#2134=ORIENTED_EDGE('',*,*,#2102,.T.) ;
#2135=ORIENTED_EDGE('',*,*,#518,.T.) ;
#2136=ORIENTED_EDGE('',*,*,#2131,.F.) ;
#2152=ORIENTED_EDGE('',*,*,#2131,.T.) ;
#2153=ORIENTED_EDGE('',*,*,#511,.T.) ;
#2154=ORIENTED_EDGE('',*,*,#2145,.F.) ;
#2155=ORIENTED_EDGE('',*,*,#2150,.T.) ;
#2183=ORIENTED_EDGE('',*,*,#2171,.F.) ;
#2184=ORIENTED_EDGE('',*,*,#2176,.F.) ;
#2185=ORIENTED_EDGE('',*,*,#2145,.T.) ;
#2186=ORIENTED_EDGE('',*,*,#504,.T.) ;
#2187=ORIENTED_EDGE('',*,*,#2181,.F.) ;
#2196=ORIENTED_EDGE('',*,*,#1162,.T.) ;
#2197=ORIENTED_EDGE('',*,*,#2194,.T.) ;
#2198=ORIENTED_EDGE('',*,*,#2181,.T.) ;
#2199=ORIENTED_EDGE('',*,*,#497,.T.) ;
#2200=ORIENTED_EDGE('',*,*,#2043,.F.) ;
#2201=ORIENTED_EDGE('',*,*,#994,.T.) ;
#2229=ORIENTED_EDGE('',*,*,#2217,.F.) ;
#2230=ORIENTED_EDGE('',*,*,#2222,.T.) ;
#2231=ORIENTED_EDGE('',*,*,#478,.T.) ;
#2232=ORIENTED_EDGE('',*,*,#2227,.F.) ;
#2246=ORIENTED_EDGE('',*,*,#1224,.T.) ;
#2247=ORIENTED_EDGE('',*,*,#2239,.F.) ;
#2248=ORIENTED_EDGE('',*,*,#2227,.T.) ;
#2249=ORIENTED_EDGE('',*,*,#473,.T.) ;
#2250=ORIENTED_EDGE('',*,*,#2244,.F.) ;
#2251=ORIENTED_EDGE('',*,*,#1036,.F.) ;
#2265=ORIENTED_EDGE('',*,*,#466,.T.) ;
#2266=ORIENTED_EDGE('',*,*,#2263,.F.) ;
#2267=ORIENTED_EDGE('',*,*,#1043,.F.) ;
#2268=ORIENTED_EDGE('',*,*,#2244,.T.) ;
#2284=ORIENTED_EDGE('',*,*,#2263,.T.) ;
#2285=ORIENTED_EDGE('',*,*,#459,.T.) ;
#2286=ORIENTED_EDGE('',*,*,#2277,.F.) ;
#2287=ORIENTED_EDGE('',*,*,#2282,.F.) ;
#2288=ORIENTED_EDGE('',*,*,#1169,.F.) ;
#2289=ORIENTED_EDGE('',*,*,#1048,.T.) ;
#2317=ORIENTED_EDGE('',*,*,#2303,.F.) ;
#2318=ORIENTED_EDGE('',*,*,#2277,.T.) ;
#2319=ORIENTED_EDGE('',*,*,#452,.T.) ;
#2320=ORIENTED_EDGE('',*,*,#2310,.F.) ;
#2321=ORIENTED_EDGE('',*,*,#2315,.F.) ;
#2337=ORIENTED_EDGE('',*,*,#2310,.T.) ;
#2338=ORIENTED_EDGE('',*,*,#445,.T.) ;
#2339=ORIENTED_EDGE('',*,*,#2330,.F.) ;
#2340=ORIENTED_EDGE('',*,*,#2335,.T.) ;
#2361=ORIENTED_EDGE('',*,*,#2354,.F.) ;
#2362=ORIENTED_EDGE('',*,*,#2330,.T.) ;
#2363=ORIENTED_EDGE('',*,*,#438,.T.) ;
#2364=ORIENTED_EDGE('',*,*,#2359,.F.) ;
#2373=ORIENTED_EDGE('',*,*,#2371,.F.) ;
#2374=ORIENTED_EDGE('',*,*,#2359,.T.) ;
#2375=ORIENTED_EDGE('',*,*,#431,.T.) ;
#2376=ORIENTED_EDGE('',*,*,#2222,.F.) ;
#2404=ORIENTED_EDGE('',*,*,#418,.T.) ;
#2405=ORIENTED_EDGE('',*,*,#2390,.F.) ;
#2406=ORIENTED_EDGE('',*,*,#2397,.F.) ;
#2407=ORIENTED_EDGE('',*,*,#2402,.T.) ;
#2416=ORIENTED_EDGE('',*,*,#413,.T.) ;
#2417=ORIENTED_EDGE('',*,*,#2402,.F.) ;
#2418=ORIENTED_EDGE('',*,*,#2414,.F.) ;
#2419=ORIENTED_EDGE('',*,*,#2390,.T.) ;
#2447=ORIENTED_EDGE('',*,*,#400,.T.) ;
#2448=ORIENTED_EDGE('',*,*,#2433,.F.) ;
#2449=ORIENTED_EDGE('',*,*,#2440,.F.) ;
#2450=ORIENTED_EDGE('',*,*,#2445,.T.) ;
#2459=ORIENTED_EDGE('',*,*,#395,.T.) ;
#2460=ORIENTED_EDGE('',*,*,#2445,.F.) ;
#2461=ORIENTED_EDGE('',*,*,#2457,.F.) ;
#2462=ORIENTED_EDGE('',*,*,#2433,.T.) ;
#2490=ORIENTED_EDGE('',*,*,#382,.T.) ;
#2491=ORIENTED_EDGE('',*,*,#2476,.F.) ;
#2492=ORIENTED_EDGE('',*,*,#2483,.F.) ;
#2493=ORIENTED_EDGE('',*,*,#2488,.T.) ;
#2502=ORIENTED_EDGE('',*,*,#377,.T.) ;
#2503=ORIENTED_EDGE('',*,*,#2488,.F.) ;
#2504=ORIENTED_EDGE('',*,*,#2500,.F.) ;
#2505=ORIENTED_EDGE('',*,*,#2476,.T.) ;
#2533=ORIENTED_EDGE('',*,*,#364,.T.) ;
#2534=ORIENTED_EDGE('',*,*,#2519,.F.) ;
#2535=ORIENTED_EDGE('',*,*,#2526,.F.) ;
#2536=ORIENTED_EDGE('',*,*,#2531,.T.) ;
#2545=ORIENTED_EDGE('',*,*,#359,.T.) ;
#2546=ORIENTED_EDGE('',*,*,#2531,.F.) ;
#2547=ORIENTED_EDGE('',*,*,#2543,.F.) ;
#2548=ORIENTED_EDGE('',*,*,#2519,.T.) ;
#2576=ORIENTED_EDGE('',*,*,#346,.T.) ;
#2577=ORIENTED_EDGE('',*,*,#2562,.F.) ;
#2578=ORIENTED_EDGE('',*,*,#2569,.F.) ;
#2579=ORIENTED_EDGE('',*,*,#2574,.T.) ;
#2588=ORIENTED_EDGE('',*,*,#341,.T.) ;
#2589=ORIENTED_EDGE('',*,*,#2574,.F.) ;
#2590=ORIENTED_EDGE('',*,*,#2586,.F.) ;
#2591=ORIENTED_EDGE('',*,*,#2562,.T.) ;
#2619=ORIENTED_EDGE('',*,*,#328,.T.) ;
#2620=ORIENTED_EDGE('',*,*,#2605,.F.) ;
#2621=ORIENTED_EDGE('',*,*,#2612,.F.) ;
#2622=ORIENTED_EDGE('',*,*,#2617,.T.) ;
#2631=ORIENTED_EDGE('',*,*,#323,.T.) ;
#2632=ORIENTED_EDGE('',*,*,#2617,.F.) ;
#2633=ORIENTED_EDGE('',*,*,#2629,.F.) ;
#2634=ORIENTED_EDGE('',*,*,#2605,.T.) ;
#2653=ORIENTED_EDGE('',*,*,#310,.T.) ;
#2654=ORIENTED_EDGE('',*,*,#2646,.F.) ;
#2655=ORIENTED_EDGE('',*,*,#1074,.F.) ;
#2656=ORIENTED_EDGE('',*,*,#2651,.T.) ;
#2660=ORIENTED_EDGE('',*,*,#305,.T.) ;
#2661=ORIENTED_EDGE('',*,*,#2651,.F.) ;
#2662=ORIENTED_EDGE('',*,*,#1069,.F.) ;
#2663=ORIENTED_EDGE('',*,*,#2646,.T.) ;
#2682=ORIENTED_EDGE('',*,*,#292,.T.) ;
#2683=ORIENTED_EDGE('',*,*,#2675,.F.) ;
#2684=ORIENTED_EDGE('',*,*,#942,.F.) ;
#2685=ORIENTED_EDGE('',*,*,#2680,.T.) ;
#2689=ORIENTED_EDGE('',*,*,#287,.T.) ;
#2690=ORIENTED_EDGE('',*,*,#2680,.F.) ;
#2691=ORIENTED_EDGE('',*,*,#937,.F.) ;
#2692=ORIENTED_EDGE('',*,*,#2675,.T.) ;
#2706=ORIENTED_EDGE('',*,*,#2704,.F.) ;
#2707=ORIENTED_EDGE('',*,*,#185,.T.) ;
#2708=ORIENTED_EDGE('',*,*,#634,.T.) ;
#2709=ORIENTED_EDGE('',*,*,#1836,.F.) ;
#2733=ORIENTED_EDGE('',*,*,#1862,.T.) ;
#2734=ORIENTED_EDGE('',*,*,#1886,.T.) ;
#2735=ORIENTED_EDGE('',*,*,#1910,.T.) ;
#2736=ORIENTED_EDGE('',*,*,#1927,.T.) ;
#2737=ORIENTED_EDGE('',*,*,#1305,.T.) ;
#2738=ORIENTED_EDGE('',*,*,#2721,.F.) ;
#2739=ORIENTED_EDGE('',*,*,#1098,.T.) ;
#2740=ORIENTED_EDGE('',*,*,#2057,.T.) ;
#2741=ORIENTED_EDGE('',*,*,#2083,.T.) ;
#2742=ORIENTED_EDGE('',*,*,#2107,.F.) ;
#2743=ORIENTED_EDGE('',*,*,#2126,.T.) ;
#2744=ORIENTED_EDGE('',*,*,#2150,.F.) ;
#2745=ORIENTED_EDGE('',*,*,#2176,.T.) ;
#2746=ORIENTED_EDGE('',*,*,#2171,.T.) ;
#2747=ORIENTED_EDGE('',*,*,#2194,.F.) ;
#2748=ORIENTED_EDGE('',*,*,#1174,.T.) ;
#2749=ORIENTED_EDGE('',*,*,#2282,.T.) ;
#2750=ORIENTED_EDGE('',*,*,#2303,.T.) ;
#2751=ORIENTED_EDGE('',*,*,#2315,.T.) ;
#2752=ORIENTED_EDGE('',*,*,#2335,.F.) ;
#2753=ORIENTED_EDGE('',*,*,#2354,.T.) ;
#2754=ORIENTED_EDGE('',*,*,#2371,.T.) ;
#2755=ORIENTED_EDGE('',*,*,#2217,.T.) ;
#2756=ORIENTED_EDGE('',*,*,#2239,.T.) ;
#2757=ORIENTED_EDGE('',*,*,#1234,.T.) ;
#2758=ORIENTED_EDGE('',*,*,#829,.F.) ;
#2759=ORIENTED_EDGE('',*,*,#2726,.T.) ;
#2760=ORIENTED_EDGE('',*,*,#192,.T.) ;
#2761=ORIENTED_EDGE('',*,*,#2704,.T.) ;
#2762=ORIENTED_EDGE('',*,*,#1841,.F.) ;
#2763=ORIENTED_EDGE('',*,*,#1725,.T.) ;
#2764=ORIENTED_EDGE('',*,*,#1759,.F.) ;
#2765=ORIENTED_EDGE('',*,*,#1785,.T.) ;
#2766=ORIENTED_EDGE('',*,*,#1780,.T.) ;
#2767=ORIENTED_EDGE('',*,*,#1808,.T.) ;
#2768=ORIENTED_EDGE('',*,*,#1143,.T.) ;
#2769=ORIENTED_EDGE('',*,*,#1531,.F.) ;
#2770=ORIENTED_EDGE('',*,*,#1557,.T.) ;
#2771=ORIENTED_EDGE('',*,*,#1569,.T.) ;
#2772=ORIENTED_EDGE('',*,*,#1589,.F.) ;
#2773=ORIENTED_EDGE('',*,*,#1608,.T.) ;
#2774=ORIENTED_EDGE('',*,*,#1637,.F.) ;
#2775=ORIENTED_EDGE('',*,*,#1656,.T.) ;
#2776=ORIENTED_EDGE('',*,*,#1673,.T.) ;
#2777=ORIENTED_EDGE('',*,*,#1274,.T.) ;
#2778=ORIENTED_EDGE('',*,*,#2731,.F.) ;
#2779=ORIENTED_EDGE('',*,*,#966,.T.) ;
#2780=ORIENTED_EDGE('',*,*,#1476,.T.) ;
#2781=ORIENTED_EDGE('',*,*,#1500,.T.) ;
#2782=ORIENTED_EDGE('',*,*,#1326,.T.) ;
#2783=ORIENTED_EDGE('',*,*,#1355,.T.) ;
#2784=ORIENTED_EDGE('',*,*,#1384,.F.) ;
#2785=ORIENTED_EDGE('',*,*,#1410,.T.) ;
#2786=ORIENTED_EDGE('',*,*,#1405,.T.) ;
#2787=ORIENTED_EDGE('',*,*,#1433,.T.) ;
#2788=ORIENTED_EDGE('',*,*,#1205,.T.) ;
#2789=ORIENTED_EDGE('',*,*,#1975,.F.) ;
#2790=ORIENTED_EDGE('',*,*,#1996,.T.) ;
#2791=ORIENTED_EDGE('',*,*,#2008,.T.) ;
#2792=ORIENTED_EDGE('',*,*,#2021,.F.) ;
#2795=ORIENTED_EDGE('',*,*,#2526,.T.) ;
#2796=ORIENTED_EDGE('',*,*,#2543,.T.) ;
#2799=ORIENTED_EDGE('',*,*,#2414,.T.) ;
#2800=ORIENTED_EDGE('',*,*,#2397,.T.) ;
#2803=ORIENTED_EDGE('',*,*,#2569,.T.) ;
#2804=ORIENTED_EDGE('',*,*,#2586,.T.) ;
#2807=ORIENTED_EDGE('',*,*,#2483,.T.) ;
#2808=ORIENTED_EDGE('',*,*,#2500,.T.) ;
#2811=ORIENTED_EDGE('',*,*,#2440,.T.) ;
#2812=ORIENTED_EDGE('',*,*,#2457,.T.) ;
#2833=ORIENTED_EDGE('',*,*,#199,.T.) ;
#2834=ORIENTED_EDGE('',*,*,#2726,.F.) ;
#2835=ORIENTED_EDGE('',*,*,#2826,.F.) ;
#2836=ORIENTED_EDGE('',*,*,#2831,.T.) ;
#2850=ORIENTED_EDGE('',*,*,#1131,.F.) ;
#2851=ORIENTED_EDGE('',*,*,#1820,.T.) ;
#2852=ORIENTED_EDGE('',*,*,#2843,.T.) ;
#2853=ORIENTED_EDGE('',*,*,#206,.T.) ;
#2854=ORIENTED_EDGE('',*,*,#2831,.F.) ;
#2855=ORIENTED_EDGE('',*,*,#2848,.F.) ;
#2856=ORIENTED_EDGE('',*,*,#1262,.F.) ;
#2857=ORIENTED_EDGE('',*,*,#1685,.T.) ;
#2858=ORIENTED_EDGE('',*,*,#1704,.T.) ;
#2859=ORIENTED_EDGE('',*,*,#1536,.T.) ;
#2862=ORIENTED_EDGE('',*,*,#2629,.T.) ;
#2863=ORIENTED_EDGE('',*,*,#2612,.T.) ;
#2872=ORIENTED_EDGE('',*,*,#129,.F.) ;
#2873=ORIENTED_EDGE('',*,*,#90,.T.) ;
#2874=ORIENTED_EDGE('',*,*,#211,.F.) ;
#2875=ORIENTED_EDGE('',*,*,#2843,.F.) ;
#2876=ORIENTED_EDGE('',*,*,#1815,.T.) ;
#2877=ORIENTED_EDGE('',*,*,#641,.T.) ;
#2878=ORIENTED_EDGE('',*,*,#171,.F.) ;
#2887=ORIENTED_EDGE('',*,*,#2721,.T.) ;
#2888=ORIENTED_EDGE('',*,*,#1300,.F.) ;
#2889=ORIENTED_EDGE('',*,*,#890,.T.) ;
#2890=ORIENTED_EDGE('',*,*,#971,.T.) ;
#2891=ORIENTED_EDGE('',*,*,#2731,.T.) ;
#2892=ORIENTED_EDGE('',*,*,#1269,.F.) ;
#2893=ORIENTED_EDGE('',*,*,#2848,.T.) ;
#2894=ORIENTED_EDGE('',*,*,#2826,.T.) ;
#2895=ORIENTED_EDGE('',*,*,#822,.T.) ;
#2896=ORIENTED_EDGE('',*,*,#258,.F.) ;
#2897=ORIENTED_EDGE('',*,*,#251,.F.) ;
#2898=ORIENTED_EDGE('',*,*,#244,.F.) ;
#2899=ORIENTED_EDGE('',*,*,#237,.F.) ;
#2900=ORIENTED_EDGE('',*,*,#270,.F.) ;
#2901=ORIENTED_EDGE('',*,*,#834,.F.) ;
#2902=ORIENTED_EDGE('',*,*,#1229,.F.) ;
#2903=ORIENTED_EDGE('',*,*,#1022,.T.) ;
#2904=ORIENTED_EDGE('',*,*,#1103,.T.) ;
#2907=ORIENTED_EDGE('',*,*,#111,.T.) ;
#2908=ORIENTED_EDGE('',*,*,#151,.T.) ;
#296=FACE_BOUND('',#293,.T.) ;
#314=FACE_BOUND('',#311,.T.) ;
#332=FACE_BOUND('',#329,.T.) ;
#350=FACE_BOUND('',#347,.T.) ;
#368=FACE_BOUND('',#365,.T.) ;
#386=FACE_BOUND('',#383,.T.) ;
#404=FACE_BOUND('',#401,.T.) ;
#422=FACE_BOUND('',#419,.T.) ;
#488=FACE_BOUND('',#479,.T.) ;
#554=FACE_BOUND('',#545,.T.) ;
#620=FACE_BOUND('',#611,.T.) ;
#677=FACE_BOUND('',#668,.T.) ;
#743=FACE_BOUND('',#734,.T.) ;
#809=FACE_BOUND('',#800,.T.) ;
#946=FACE_BOUND('',#943,.T.) ;
#1078=FACE_BOUND('',#1075,.T.) ;
#2797=FACE_BOUND('',#2794,.T.) ;
#2801=FACE_BOUND('',#2798,.T.) ;
#2805=FACE_BOUND('',#2802,.T.) ;
#2809=FACE_BOUND('',#2806,.T.) ;
#2813=FACE_BOUND('',#2810,.T.) ;
#2864=FACE_BOUND('',#2861,.T.) ;
#2909=FACE_BOUND('',#2906,.T.) ;
#51=CLOSED_SHELL('Closed Shell',(#119,#159,#223,#810,#841,#947,#978,#1079,#1110,#1150,#1181,#1212,#1241,#1281,#1312,#1343,#1367,#1391,#1423,#1447,#1464,#1490,#1507,#1545,#1577,#1596,#1620,#1644,#1668,#1694,#1711,#1742,#1766,#1798,#1829,#1848,#1879,#1898,#1922,#1941,#1958,#1984,#2016,#2028,#2050,#2071,#2095,#2114,#2138,#2157,#2189,#2203,#2234,#2253,#2270,#2291,#2323,#2342,#2366,#2378,#2409,#2421,#2452,#2464,#2495,#2507,#2538,#2550,#2581,#2593,#2624,#2636,#2658,#2665,#2687,#2694,#2711,#2814,#2838,#2865,#2880,#2910)) ;
#59=VECTOR('Line Direction',#58,1.) ;
#93=VECTOR('Line Direction',#92,1.) ;
#167=VECTOR('Line Direction',#166,1.) ;
#181=VECTOR('Line Direction',#180,1.) ;
#195=VECTOR('Line Direction',#194,1.) ;
#209=VECTOR('Line Direction',#208,1.) ;
#425=VECTOR('Line Direction',#424,1.) ;
#455=VECTOR('Line Direction',#454,1.) ;
#491=VECTOR('Line Direction',#490,1.) ;
#521=VECTOR('Line Direction',#520,1.) ;
#573=VECTOR('Line Direction',#572,1.) ;
#601=VECTOR('Line Direction',#600,1.) ;
#623=VECTOR('Line Direction',#622,1.) ;
#644=VECTOR('Line Direction',#643,1.) ;
#703=VECTOR('Line Direction',#702,1.) ;
#731=VECTOR('Line Direction',#730,1.) ;
#769=VECTOR('Line Direction',#768,1.) ;
#797=VECTOR('Line Direction',#796,1.) ;
#818=VECTOR('Line Direction',#817,1.) ;
#832=VECTOR('Line Direction',#831,1.) ;
#858=VECTOR('Line Direction',#857,1.) ;
#879=VECTOR('Line Direction',#878,1.) ;
#893=VECTOR('Line Direction',#892,1.) ;
#914=VECTOR('Line Direction',#913,1.) ;
#955=VECTOR('Line Direction',#954,1.) ;
#962=VECTOR('Line Direction',#961,1.) ;
#969=VECTOR('Line Direction',#968,1.) ;
#990=VECTOR('Line Direction',#989,1.) ;
#1011=VECTOR('Line Direction',#1010,1.) ;
#1025=VECTOR('Line Direction',#1024,1.) ;
#1046=VECTOR('Line Direction',#1045,1.) ;
#1087=VECTOR('Line Direction',#1086,1.) ;
#1094=VECTOR('Line Direction',#1093,1.) ;
#1101=VECTOR('Line Direction',#1100,1.) ;
#1118=VECTOR('Line Direction',#1117,1.) ;
#1134=VECTOR('Line Direction',#1133,1.) ;
#1158=VECTOR('Line Direction',#1157,1.) ;
#1165=VECTOR('Line Direction',#1164,1.) ;
#1189=VECTOR('Line Direction',#1188,1.) ;
#1196=VECTOR('Line Direction',#1195,1.) ;
#1220=VECTOR('Line Direction',#1219,1.) ;
#1227=VECTOR('Line Direction',#1226,1.) ;
#1232=VECTOR('Line Direction',#1231,1.) ;
#1249=VECTOR('Line Direction',#1248,1.) ;
#1258=VECTOR('Line Direction',#1257,1.) ;
#1265=VECTOR('Line Direction',#1264,1.) ;
#1272=VECTOR('Line Direction',#1271,1.) ;
#1289=VECTOR('Line Direction',#1288,1.) ;
#1296=VECTOR('Line Direction',#1295,1.) ;
#1303=VECTOR('Line Direction',#1302,1.) ;
#1320=VECTOR('Line Direction',#1319,1.) ;
#1329=VECTOR('Line Direction',#1328,1.) ;
#1334=VECTOR('Line Direction',#1333,1.) ;
#1358=VECTOR('Line Direction',#1357,1.) ;
#1375=VECTOR('Line Direction',#1374,1.) ;
#1413=VECTOR('Line Direction',#1412,1.) ;
#1431=VECTOR('Line Direction',#1430,1.) ;
#1436=VECTOR('Line Direction',#1435,1.) ;
#1455=VECTOR('Line Direction',#1454,1.) ;
#1479=VECTOR('Line Direction',#1478,1.) ;
#1515=VECTOR('Line Direction',#1514,1.) ;
#1522=VECTOR('Line Direction',#1521,1.) ;
#1529=VECTOR('Line Direction',#1528,1.) ;
#1534=VECTOR('Line Direction',#1533,1.) ;
#1560=VECTOR('Line Direction',#1559,1.) ;
#1580=VECTOR('Line Direction',#1579,1.) ;
#1611=VECTOR('Line Direction',#1610,1.) ;
#1628=VECTOR('Line Direction',#1627,1.) ;
#1635=VECTOR('Line Direction',#1634,1.) ;
#1659=VECTOR('Line Direction',#1658,1.) ;
#1676=VECTOR('Line Direction',#1675,1.) ;
#1728=VECTOR('Line Direction',#1727,1.) ;
#1733=VECTOR('Line Direction',#1732,1.) ;
#1750=VECTOR('Line Direction',#1749,1.) ;
#1788=VECTOR('Line Direction',#1787,1.) ;
#1806=VECTOR('Line Direction',#1805,1.) ;
#1811=VECTOR('Line Direction',#1810,1.) ;
#1818=VECTOR('Line Direction',#1817,1.) ;
#1832=VECTOR('Line Direction',#1831,1.) ;
#1839=VECTOR('Line Direction',#1838,1.) ;
#1865=VECTOR('Line Direction',#1864,1.) ;
#1870=VECTOR('Line Direction',#1869,1.) ;
#1882=VECTOR('Line Direction',#1881,1.) ;
#1889=VECTOR('Line Direction',#1888,1.) ;
#1913=VECTOR('Line Direction',#1912,1.) ;
#1930=VECTOR('Line Direction',#1929,1.) ;
#1949=VECTOR('Line Direction',#1948,1.) ;
#1966=VECTOR('Line Direction',#1965,1.) ;
#1973=VECTOR('Line Direction',#1972,1.) ;
#1999=VECTOR('Line Direction',#1998,1.) ;
#2036=VECTOR('Line Direction',#2035,1.) ;
#2041=VECTOR('Line Direction',#2040,1.) ;
#2060=VECTOR('Line Direction',#2059,1.) ;
#2086=VECTOR('Line Direction',#2085,1.) ;
#2098=VECTOR('Line Direction',#2097,1.) ;
#2105=VECTOR('Line Direction',#2104,1.) ;
#2129=VECTOR('Line Direction',#2128,1.) ;
#2141=VECTOR('Line Direction',#2140,1.) ;
#2179=VECTOR('Line Direction',#2178,1.) ;
#2192=VECTOR('Line Direction',#2191,1.) ;
#2220=VECTOR('Line Direction',#2219,1.) ;
#2225=VECTOR('Line Direction',#2224,1.) ;
#2242=VECTOR('Line Direction',#2241,1.) ;
#2261=VECTOR('Line Direction',#2260,1.) ;
#2273=VECTOR('Line Direction',#2272,1.) ;
#2280=VECTOR('Line Direction',#2279,1.) ;
#2306=VECTOR('Line Direction',#2305,1.) ;
#2326=VECTOR('Line Direction',#2325,1.) ;
#2357=VECTOR('Line Direction',#2356,1.) ;
#2369=VECTOR('Line Direction',#2368,1.) ;
#2386=VECTOR('Line Direction',#2385,1.) ;
#2400=VECTOR('Line Direction',#2399,1.) ;
#2429=VECTOR('Line Direction',#2428,1.) ;
#2443=VECTOR('Line Direction',#2442,1.) ;
#2472=VECTOR('Line Direction',#2471,1.) ;
#2486=VECTOR('Line Direction',#2485,1.) ;
#2515=VECTOR('Line Direction',#2514,1.) ;
#2529=VECTOR('Line Direction',#2528,1.) ;
#2558=VECTOR('Line Direction',#2557,1.) ;
#2572=VECTOR('Line Direction',#2571,1.) ;
#2601=VECTOR('Line Direction',#2600,1.) ;
#2615=VECTOR('Line Direction',#2614,1.) ;
#2644=VECTOR('Line Direction',#2643,1.) ;
#2649=VECTOR('Line Direction',#2648,1.) ;
#2673=VECTOR('Line Direction',#2672,1.) ;
#2678=VECTOR('Line Direction',#2677,1.) ;
#2724=VECTOR('Line Direction',#2723,1.) ;
#2822=VECTOR('Line Direction',#2821,1.) ;
#2829=VECTOR('Line Direction',#2828,1.) ;
#2912=ADVANCED_BREP_SHAPE_REPRESENTATION('NONE',(#2911),#46) ;
#49=SHAPE_REPRESENTATION(' ',(#48),#46) ;
#119=ADVANCED_FACE('Corps principal',(#118),#56,.F.) ;
#159=ADVANCED_FACE('Corps principal',(#158),#56,.F.) ;
#223=ADVANCED_FACE('Corps principal',(#222),#164,.F.) ;
#810=ADVANCED_FACE('Corps principal',(#278,#296,#314,#332,#350,#368,#386,#404,#422,#488,#554,#620,#677,#743,#809),#228,.T.) ;
#841=ADVANCED_FACE('Corps principal',(#840),#815,.T.) ;
#947=ADVANCED_FACE('Corps principal',(#928,#946),#846,.F.) ;
#978=ADVANCED_FACE('Corps principal',(#977),#952,.F.) ;
#1079=ADVANCED_FACE('Corps principal',(#1060,#1078),#846,.F.) ;
#1110=ADVANCED_FACE('Corps principal',(#1109),#1084,.F.) ;
#1150=ADVANCED_FACE('Corps principal',(#1149),#1115,.T.) ;
#1181=ADVANCED_FACE('Corps principal',(#1180),#1155,.T.) ;
#1212=ADVANCED_FACE('Corps principal',(#1211),#1186,.T.) ;
#1241=ADVANCED_FACE('Corps principal',(#1240),#1217,.F.) ;
#1281=ADVANCED_FACE('Corps principal',(#1280),#1246,.F.) ;
#1312=ADVANCED_FACE('Corps principal',(#1311),#1286,.F.) ;
#1343=ADVANCED_FACE('Corps principal',(#1342),#1317,.F.) ;
#1367=ADVANCED_FACE('Corps principal',(#1366),#1348,.F.) ;
#1391=ADVANCED_FACE('Corps principal',(#1390),#1372,.T.) ;
#1423=ADVANCED_FACE('Corps principal',(#1422),#1396,.F.) ;
#1447=ADVANCED_FACE('Corps principal',(#1446),#1428,.T.) ;
#1464=ADVANCED_FACE('Corps principal',(#1463),#1452,.F.) ;
#1490=ADVANCED_FACE('Corps principal',(#1489),#1469,.F.) ;
#1507=ADVANCED_FACE('Corps principal',(#1506),#1495,.F.) ;
#1545=ADVANCED_FACE('Corps principal',(#1544),#1512,.F.) ;
#1577=ADVANCED_FACE('Corps principal',(#1576),#1550,.F.) ;
#1596=ADVANCED_FACE('Corps principal',(#1595),#1372,.T.) ;
#1620=ADVANCED_FACE('Corps principal',(#1619),#1601,.F.) ;
#1644=ADVANCED_FACE('Corps principal',(#1643),#1625,.T.) ;
#1668=ADVANCED_FACE('Corps principal',(#1667),#1649,.F.) ;
#1694=ADVANCED_FACE('Corps principal',(#1693),#1469,.F.) ;
#1711=ADVANCED_FACE('Corps principal',(#1710),#1699,.F.) ;
#1742=ADVANCED_FACE('Corps principal',(#1741),#1716,.F.) ;
#1766=ADVANCED_FACE('Corps principal',(#1765),#1747,.T.) ;
#1798=ADVANCED_FACE('Corps principal',(#1797),#1771,.F.) ;
#1829=ADVANCED_FACE('Corps principal',(#1828),#1803,.T.) ;
#1848=ADVANCED_FACE('Corps principal',(#1847),#1428,.T.) ;
#1879=ADVANCED_FACE('Corps principal',(#1878),#1853,.F.) ;
#1898=ADVANCED_FACE('Corps principal',(#1897),#1512,.F.) ;
#1922=ADVANCED_FACE('Corps principal',(#1921),#1903,.F.) ;
#1941=ADVANCED_FACE('Corps principal',(#1940),#164,.F.) ;
#1958=ADVANCED_FACE('Corps principal',(#1957),#1946,.F.) ;
#1984=ADVANCED_FACE('Corps principal',(#1983),#1963,.F.) ;
#2016=ADVANCED_FACE('Corps principal',(#2015),#1989,.F.) ;
#2028=ADVANCED_FACE('Corps principal',(#2027),#1747,.T.) ;
#2050=ADVANCED_FACE('Corps principal',(#2049),#2033,.F.) ;
#2071=ADVANCED_FACE('Corps principal',(#2070),#164,.F.) ;
#2095=ADVANCED_FACE('Corps principal',(#2094),#2076,.F.) ;
#2114=ADVANCED_FACE('Corps principal',(#2113),#1803,.T.) ;
#2138=ADVANCED_FACE('Corps principal',(#2137),#2119,.F.) ;
#2157=ADVANCED_FACE('Corps principal',(#2156),#1747,.T.) ;
#2189=ADVANCED_FACE('Corps principal',(#2188),#2162,.F.) ;
#2203=ADVANCED_FACE('Corps principal',(#2202),#1317,.F.) ;
#2234=ADVANCED_FACE('Corps principal',(#2233),#2208,.F.) ;
#2253=ADVANCED_FACE('Corps principal',(#2252),#164,.F.) ;
#2270=ADVANCED_FACE('Corps principal',(#2269),#2258,.F.) ;
#2291=ADVANCED_FACE('Corps principal',(#2290),#1625,.T.) ;
#2323=ADVANCED_FACE('Corps principal',(#2322),#2296,.F.) ;
#2342=ADVANCED_FACE('Corps principal',(#2341),#1747,.T.) ;
#2366=ADVANCED_FACE('Corps principal',(#2365),#2347,.F.) ;
#2378=ADVANCED_FACE('Corps principal',(#2377),#1963,.F.) ;
#2409=ADVANCED_FACE('Corps principal',(#2408),#2383,.F.) ;
#2421=ADVANCED_FACE('Corps principal',(#2420),#2383,.F.) ;
#2452=ADVANCED_FACE('Corps principal',(#2451),#2426,.F.) ;
#2464=ADVANCED_FACE('Corps principal',(#2463),#2426,.F.) ;
#2495=ADVANCED_FACE('Corps principal',(#2494),#2469,.F.) ;
#2507=ADVANCED_FACE('Corps principal',(#2506),#2469,.F.) ;
#2538=ADVANCED_FACE('Corps principal',(#2537),#2512,.F.) ;
#2550=ADVANCED_FACE('Corps principal',(#2549),#2512,.F.) ;
#2581=ADVANCED_FACE('Corps principal',(#2580),#2555,.F.) ;
#2593=ADVANCED_FACE('Corps principal',(#2592),#2555,.F.) ;
#2624=ADVANCED_FACE('Corps principal',(#2623),#2598,.F.) ;
#2636=ADVANCED_FACE('Corps principal',(#2635),#2598,.F.) ;
#2658=ADVANCED_FACE('Corps principal',(#2657),#2641,.F.) ;
#2665=ADVANCED_FACE('Corps principal',(#2664),#2641,.F.) ;
#2687=ADVANCED_FACE('Corps principal',(#2686),#2670,.F.) ;
#2694=ADVANCED_FACE('Corps principal',(#2693),#2670,.F.) ;
#2711=ADVANCED_FACE('Corps principal',(#2710),#2699,.F.) ;
#2814=ADVANCED_FACE('Corps principal',(#2793,#2797,#2801,#2805,#2809,#2813),#2716,.F.) ;
#2838=ADVANCED_FACE('Corps principal',(#2837),#2819,.F.) ;
#2865=ADVANCED_FACE('Corps principal',(#2860,#2864),#846,.F.) ;
#2880=ADVANCED_FACE('Corps principal',(#2879),#2870,.F.) ;
#2910=ADVANCED_FACE('Corps principal',(#2905,#2909),#2885,.T.) ;
#4=APPLICATION_PROTOCOL_DEFINITION('international standard','config_control_design',1994,#1) ;
#32=APPROVAL_DATE_TIME(#13,#21) ;
#66=B_SPLINE_CURVE_WITH_KNOTS('',4,(#67,#68,#69,#70,#71),.UNSPECIFIED.,.F.,.U.,(5,5),(0.,2.49385766641),.UNSPECIFIED.) ;
#75=B_SPLINE_CURVE_WITH_KNOTS('',5,(#76,#77,#78,#79,#80,#81,#82,#83,#84,#85,#86,#87),.UNSPECIFIED.,.F.,.U.,(6,3,3,6),(0.,1.8132174157,3.64501355646,6.48861668562),.UNSPECIFIED.) ;
#98=B_SPLINE_CURVE_WITH_KNOTS('',5,(#99,#100,#101,#102,#103,#104,#105,#106,#107,#108,#109,#110),.UNSPECIFIED.,.F.,.U.,(6,3,3,6),(0.,3.61909823422,5.43457818554,8.88641751527),.UNSPECIFIED.) ;
#120=B_SPLINE_CURVE_WITH_KNOTS('',5,(#121,#122,#123,#124,#125,#126),.UNSPECIFIED.,.F.,.U.,(6,6),(0.,3.63254492775),.UNSPECIFIED.) ;
#130=B_SPLINE_CURVE_WITH_KNOTS('',5,(#131,#132,#133,#134,#135,#136),.UNSPECIFIED.,.F.,.U.,(6,6),(0.,5.32243251915),.UNSPECIFIED.) ;
#138=B_SPLINE_CURVE_WITH_KNOTS('',5,(#139,#140,#141,#142,#143,#144,#145,#146,#147,#148,#149,#150),.UNSPECIFIED.,.F.,.U.,(6,3,3,6),(0.,3.61909823538,5.43457818623,8.88641751531),.UNSPECIFIED.) ;
#2911=MANIFOLD_SOLID_BREP('Corps principal',#51) ;
#11=CALENDAR_DATE(2025,18,11) ;
#30=CC_DESIGN_APPROVAL(#21,(#16,#6,#14)) ;
#18=CC_DESIGN_DATE_AND_TIME_ASSIGNMENT(#13,#17,(#16)) ;
#29=CC_DESIGN_DATE_AND_TIME_ASSIGNMENT(#13,#28,(#14)) ;
#17=DATE_TIME_ROLE('classification_date') ;
#28=DATE_TIME_ROLE('creation_date') ;
#27=CC_DESIGN_PERSON_AND_ORGANIZATION_ASSIGNMENT(#25,#26,(#16)) ;
#33=CC_DESIGN_PERSON_AND_ORGANIZATION_ASSIGNMENT(#25,#34,(#6)) ;
#35=CC_DESIGN_PERSON_AND_ORGANIZATION_ASSIGNMENT(#25,#36,(#6,#14)) ;
#37=CC_DESIGN_PERSON_AND_ORGANIZATION_ASSIGNMENT(#25,#38,(#5)) ;
#26=PERSON_AND_ORGANIZATION_ROLE('classification_officer') ;
#34=PERSON_AND_ORGANIZATION_ROLE('design_supplier') ;
#36=PERSON_AND_ORGANIZATION_ROLE('creator') ;
#38=PERSON_AND_ORGANIZATION_ROLE('design_owner') ;
#39=CC_DESIGN_SECURITY_CLASSIFICATION(#16,(#6)) ;
#175=CIRCLE('generated circle',#174,42.4) ;
#189=CIRCLE('generated circle',#188,42.4) ;
#203=CIRCLE('generated circle',#202,42.4) ;
#232=CIRCLE('generated circle',#231,49.9) ;
#241=CIRCLE('generated circle',#240,49.9) ;
#248=CIRCLE('generated circle',#247,49.9) ;
#255=CIRCLE('generated circle',#254,49.9) ;
#262=CIRCLE('generated circle',#261,49.9) ;
#269=CIRCLE('generated circle',#268,49.9) ;
#282=CIRCLE('generated circle',#281,2.5) ;
#291=CIRCLE('generated circle',#290,2.5) ;
#300=CIRCLE('generated circle',#299,2.5) ;
#309=CIRCLE('generated circle',#308,2.5) ;
#318=CIRCLE('generated circle',#317,2.5) ;
#327=CIRCLE('generated circle',#326,2.5) ;
#336=CIRCLE('generated circle',#335,1.5) ;
#345=CIRCLE('generated circle',#344,1.5) ;
#354=CIRCLE('generated circle',#353,1.5) ;
#363=CIRCLE('generated circle',#362,1.5) ;
#372=CIRCLE('generated circle',#371,1.5) ;
#381=CIRCLE('generated circle',#380,1.5) ;
#390=CIRCLE('generated circle',#389,1.5) ;
#399=CIRCLE('generated circle',#398,1.5) ;
#408=CIRCLE('generated circle',#407,16.2) ;
#417=CIRCLE('generated circle',#416,16.2) ;
#435=CIRCLE('generated circle',#434,5.) ;
#442=CIRCLE('generated circle',#441,25.5) ;
#449=CIRCLE('generated circle',#448,5.) ;
#463=CIRCLE('generated circle',#462,5.) ;
#470=CIRCLE('generated circle',#469,42.4) ;
#477=CIRCLE('generated circle',#476,5.) ;
#501=CIRCLE('generated circle',#500,5.) ;
#508=CIRCLE('generated circle',#507,25.5) ;
#515=CIRCLE('generated circle',#514,5.) ;
#529=CIRCLE('generated circle',#528,5.) ;
#536=CIRCLE('generated circle',#535,42.4) ;
#543=CIRCLE('generated circle',#542,5.) ;
#558=CIRCLE('generated circle',#557,25.5) ;
#567=CIRCLE('generated circle',#566,5.) ;
#581=CIRCLE('generated circle',#580,5.) ;
#588=CIRCLE('generated circle',#587,42.4) ;
#595=CIRCLE('generated circle',#594,5.) ;
#609=CIRCLE('generated circle',#608,5.) ;
#633=CIRCLE('generated circle',#632,5.) ;
#638=CIRCLE('generated circle',#637,5.) ;
#652=CIRCLE('generated circle',#651,5.) ;
#659=CIRCLE('generated circle',#658,25.5) ;
#666=CIRCLE('generated circle',#665,5.) ;
#681=CIRCLE('generated circle',#680,5.) ;
#690=CIRCLE('generated circle',#689,42.4) ;
#697=CIRCLE('generated circle',#696,5.) ;
#711=CIRCLE('generated circle',#710,5.) ;
#718=CIRCLE('generated circle',#717,25.5) ;
#725=CIRCLE('generated circle',#724,5.) ;
#747=CIRCLE('generated circle',#746,5.) ;
#756=CIRCLE('generated circle',#755,42.4) ;
#763=CIRCLE('generated circle',#762,5.) ;
#777=CIRCLE('generated circle',#776,5.) ;
#784=CIRCLE('generated circle',#783,25.5) ;
#791=CIRCLE('generated circle',#790,5.) ;
#826=CIRCLE('generated circle',#825,49.9) ;
#850=CIRCLE('generated circle',#849,15.) ;
#866=CIRCLE('generated circle',#865,5.) ;
#873=CIRCLE('generated circle',#872,42.4) ;
#887=CIRCLE('generated circle',#886,49.9) ;
#901=CIRCLE('generated circle',#900,42.4) ;
#908=CIRCLE('generated circle',#907,5.) ;
#932=CIRCLE('generated circle',#931,2.5) ;
#941=CIRCLE('generated circle',#940,2.5) ;
#982=CIRCLE('generated circle',#981,15.) ;
#998=CIRCLE('generated circle',#997,5.) ;
#1005=CIRCLE('generated circle',#1004,42.4) ;
#1019=CIRCLE('generated circle',#1018,49.9) ;
#1033=CIRCLE('generated circle',#1032,42.4) ;
#1040=CIRCLE('generated circle',#1039,5.) ;
#1064=CIRCLE('generated circle',#1063,2.5) ;
#1073=CIRCLE('generated circle',#1072,2.5) ;
#1128=CIRCLE('generated circle',#1127,15.) ;
#1142=CIRCLE('generated circle',#1141,15.) ;
#1173=CIRCLE('generated circle',#1172,15.) ;
#1204=CIRCLE('generated circle',#1203,15.) ;
#1352=CIRCLE('generated circle',#1351,5.) ;
#1383=CIRCLE('generated circle',#1382,25.5) ;
#1400=CIRCLE('generated circle',#1399,5.) ;
#1409=CIRCLE('generated circle',#1408,5.) ;
#1473=CIRCLE('generated circle',#1472,42.4) ;
#1499=CIRCLE('generated circle',#1498,5.) ;
#1554=CIRCLE('generated circle',#1553,5.) ;
#1568=CIRCLE('generated circle',#1567,5.) ;
#1588=CIRCLE('generated circle',#1587,25.5) ;
#1605=CIRCLE('generated circle',#1604,5.) ;
#1653=CIRCLE('generated circle',#1652,5.) ;
#1672=CIRCLE('generated circle',#1671,42.4) ;
#1684=CIRCLE('generated circle',#1683,42.4) ;
#1703=CIRCLE('generated circle',#1702,5.) ;
#1720=CIRCLE('generated circle',#1719,5.) ;
#1758=CIRCLE('generated circle',#1757,25.5) ;
#1775=CIRCLE('generated circle',#1774,5.) ;
#1784=CIRCLE('generated circle',#1783,5.) ;
#1857=CIRCLE('generated circle',#1856,5.) ;
#1907=CIRCLE('generated circle',#1906,5.) ;
#1926=CIRCLE('generated circle',#1925,42.4) ;
#1993=CIRCLE('generated circle',#1992,5.) ;
#2007=CIRCLE('generated circle',#2006,5.) ;
#2020=CIRCLE('generated circle',#2019,25.5) ;
#2054=CIRCLE('generated circle',#2053,42.4) ;
#2080=CIRCLE('generated circle',#2079,5.) ;
#2123=CIRCLE('generated circle',#2122,5.) ;
#2149=CIRCLE('generated circle',#2148,25.5) ;
#2166=CIRCLE('generated circle',#2165,5.) ;
#2175=CIRCLE('generated circle',#2174,5.) ;
#2212=CIRCLE('generated circle',#2211,5.) ;
#2238=CIRCLE('generated circle',#2237,42.4) ;
#2300=CIRCLE('generated circle',#2299,5.) ;
#2314=CIRCLE('generated circle',#2313,5.) ;
#2334=CIRCLE('generated circle',#2333,25.5) ;
#2351=CIRCLE('generated circle',#2350,5.) ;
#2394=CIRCLE('generated circle',#2393,16.2) ;
#2413=CIRCLE('generated circle',#2412,16.2) ;
#2437=CIRCLE('generated circle',#2436,1.5) ;
#2456=CIRCLE('generated circle',#2455,1.5) ;
#2480=CIRCLE('generated circle',#2479,1.5) ;
#2499=CIRCLE('generated circle',#2498,1.5) ;
#2523=CIRCLE('generated circle',#2522,1.5) ;
#2542=CIRCLE('generated circle',#2541,1.5) ;
#2566=CIRCLE('generated circle',#2565,1.5) ;
#2585=CIRCLE('generated circle',#2584,1.5) ;
#2609=CIRCLE('generated circle',#2608,2.5) ;
#2628=CIRCLE('generated circle',#2627,2.5) ;
#2703=CIRCLE('generated circle',#2702,5.) ;
#2720=CIRCLE('generated circle',#2719,49.9) ;
#2730=CIRCLE('generated circle',#2729,49.9) ;
#2842=CIRCLE('generated circle',#2841,5.) ;
#2847=CIRCLE('generated circle',#2846,49.9) ;
#2913=SHAPE_REPRESENTATION_RELATIONSHIP(' ',' ',#49,#2912) ;
#56=CYLINDRICAL_SURFACE('generated cylinder',#55,2.) ;
#164=CYLINDRICAL_SURFACE('generated cylinder',#163,42.4) ;
#815=CYLINDRICAL_SURFACE('generated cylinder',#814,49.9) ;
#1115=CYLINDRICAL_SURFACE('generated cylinder',#1114,15.) ;
#1155=CYLINDRICAL_SURFACE('generated cylinder',#1154,15.) ;
#1186=CYLINDRICAL_SURFACE('generated cylinder',#1185,15.) ;
#1348=CYLINDRICAL_SURFACE('generated cylinder',#1347,5.) ;
#1372=CYLINDRICAL_SURFACE('generated cylinder',#1371,25.5) ;
#1396=CYLINDRICAL_SURFACE('generated cylinder',#1395,5.) ;
#1452=CYLINDRICAL_SURFACE('generated cylinder',#1451,5.) ;
#1469=CYLINDRICAL_SURFACE('generated cylinder',#1468,42.4) ;
#1495=CYLINDRICAL_SURFACE('generated cylinder',#1494,5.) ;
#1550=CYLINDRICAL_SURFACE('generated cylinder',#1549,5.) ;
#1601=CYLINDRICAL_SURFACE('generated cylinder',#1600,5.) ;
#1649=CYLINDRICAL_SURFACE('generated cylinder',#1648,5.) ;
#1699=CYLINDRICAL_SURFACE('generated cylinder',#1698,5.) ;
#1716=CYLINDRICAL_SURFACE('generated cylinder',#1715,5.) ;
#1747=CYLINDRICAL_SURFACE('generated cylinder',#1746,25.5) ;
#1771=CYLINDRICAL_SURFACE('generated cylinder',#1770,5.) ;
#1853=CYLINDRICAL_SURFACE('generated cylinder',#1852,5.) ;
#1903=CYLINDRICAL_SURFACE('generated cylinder',#1902,5.) ;
#1946=CYLINDRICAL_SURFACE('generated cylinder',#1945,5.) ;
#1989=CYLINDRICAL_SURFACE('generated cylinder',#1988,5.) ;
#2033=CYLINDRICAL_SURFACE('generated cylinder',#2032,5.) ;
#2076=CYLINDRICAL_SURFACE('generated cylinder',#2075,5.) ;
#2119=CYLINDRICAL_SURFACE('generated cylinder',#2118,5.) ;
#2162=CYLINDRICAL_SURFACE('generated cylinder',#2161,5.) ;
#2208=CYLINDRICAL_SURFACE('generated cylinder',#2207,5.) ;
#2258=CYLINDRICAL_SURFACE('generated cylinder',#2257,5.) ;
#2296=CYLINDRICAL_SURFACE('generated cylinder',#2295,5.) ;
#2347=CYLINDRICAL_SURFACE('generated cylinder',#2346,5.) ;
#2383=CYLINDRICAL_SURFACE('generated cylinder',#2382,16.2) ;
#2426=CYLINDRICAL_SURFACE('generated cylinder',#2425,1.5) ;
#2469=CYLINDRICAL_SURFACE('generated cylinder',#2468,1.5) ;
#2512=CYLINDRICAL_SURFACE('generated cylinder',#2511,1.5) ;
#2555=CYLINDRICAL_SURFACE('generated cylinder',#2554,1.5) ;
#2598=CYLINDRICAL_SURFACE('generated cylinder',#2597,2.5) ;
#2641=CYLINDRICAL_SURFACE('generated cylinder',#2640,2.5) ;
#2670=CYLINDRICAL_SURFACE('generated cylinder',#2669,2.5) ;
#2699=CYLINDRICAL_SURFACE('generated cylinder',#2698,5.) ;
#2870=CYLINDRICAL_SURFACE('generated cylinder',#2869,5.) ;
#2885=CYLINDRICAL_SURFACE('generated cylinder',#2884,49.9) ;
#3=DESIGN_CONTEXT(' ',#1,'design') ;
#65=EDGE_CURVE('',#62,#64,#60,.F.) ;
#74=EDGE_CURVE('',#62,#73,#66,.T.) ;
#90=EDGE_CURVE('',#89,#73,#75,.T.) ;
#97=EDGE_CURVE('',#89,#96,#94,.F.) ;
#111=EDGE_CURVE('',#64,#96,#98,.T.) ;
#129=EDGE_CURVE('',#89,#128,#120,.T.) ;
#137=EDGE_CURVE('',#62,#128,#130,.T.) ;
#151=EDGE_CURVE('',#96,#64,#138,.T.) ;
#171=EDGE_CURVE('',#128,#170,#168,.T.) ;
#178=EDGE_CURVE('',#170,#177,#175,.T.) ;
#185=EDGE_CURVE('',#184,#177,#182,.T.) ;
#192=EDGE_CURVE('',#191,#184,#189,.T.) ;
#199=EDGE_CURVE('',#198,#191,#196,.T.) ;
#206=EDGE_CURVE('',#205,#198,#203,.T.) ;
#211=EDGE_CURVE('',#205,#73,#210,.T.) ;
#237=EDGE_CURVE('',#234,#236,#232,.T.) ;
#244=EDGE_CURVE('',#236,#243,#241,.T.) ;
#251=EDGE_CURVE('',#243,#250,#248,.T.) ;
#258=EDGE_CURVE('',#250,#257,#255,.T.) ;
#265=EDGE_CURVE('',#257,#264,#262,.T.) ;
#270=EDGE_CURVE('',#264,#234,#269,.T.) ;
#287=EDGE_CURVE('',#284,#286,#282,.T.) ;
#292=EDGE_CURVE('',#286,#284,#291,.T.) ;
#305=EDGE_CURVE('',#302,#304,#300,.T.) ;
#310=EDGE_CURVE('',#304,#302,#309,.T.) ;
#323=EDGE_CURVE('',#320,#322,#318,.T.) ;
#328=EDGE_CURVE('',#322,#320,#327,.T.) ;
#341=EDGE_CURVE('',#338,#340,#336,.T.) ;
#346=EDGE_CURVE('',#340,#338,#345,.T.) ;
#359=EDGE_CURVE('',#356,#358,#354,.T.) ;
#364=EDGE_CURVE('',#358,#356,#363,.T.) ;
#377=EDGE_CURVE('',#374,#376,#372,.T.) ;
#382=EDGE_CURVE('',#376,#374,#381,.T.) ;
#395=EDGE_CURVE('',#392,#394,#390,.T.) ;
#400=EDGE_CURVE('',#394,#392,#399,.T.) ;
#413=EDGE_CURVE('',#410,#412,#408,.T.) ;
#418=EDGE_CURVE('',#412,#410,#417,.T.) ;
#431=EDGE_CURVE('',#428,#430,#426,.T.) ;
#438=EDGE_CURVE('',#437,#428,#435,.T.) ;
#445=EDGE_CURVE('',#444,#437,#442,.F.) ;
#452=EDGE_CURVE('',#451,#444,#449,.T.) ;
#459=EDGE_CURVE('',#458,#451,#456,.F.) ;
#466=EDGE_CURVE('',#465,#458,#463,.T.) ;
#473=EDGE_CURVE('',#472,#465,#470,.T.) ;
#478=EDGE_CURVE('',#430,#472,#477,.T.) ;
#497=EDGE_CURVE('',#494,#496,#492,.T.) ;
#504=EDGE_CURVE('',#503,#494,#501,.T.) ;
#511=EDGE_CURVE('',#510,#503,#508,.F.) ;
#518=EDGE_CURVE('',#517,#510,#515,.T.) ;
#525=EDGE_CURVE('',#524,#517,#522,.F.) ;
#532=EDGE_CURVE('',#531,#524,#529,.T.) ;
#539=EDGE_CURVE('',#538,#531,#536,.T.) ;
#544=EDGE_CURVE('',#496,#538,#543,.T.) ;
#563=EDGE_CURVE('',#560,#562,#558,.F.) ;
#570=EDGE_CURVE('',#569,#560,#567,.T.) ;
#577=EDGE_CURVE('',#576,#569,#574,.F.) ;
#584=EDGE_CURVE('',#583,#576,#581,.T.) ;
#591=EDGE_CURVE('',#590,#583,#588,.T.) ;
#598=EDGE_CURVE('',#597,#590,#595,.T.) ;
#605=EDGE_CURVE('',#604,#597,#602,.T.) ;
#610=EDGE_CURVE('',#562,#604,#609,.T.) ;
#629=EDGE_CURVE('',#626,#628,#624,.F.) ;
#634=EDGE_CURVE('',#177,#626,#633,.T.) ;
#641=EDGE_CURVE('',#640,#170,#638,.T.) ;
#648=EDGE_CURVE('',#647,#640,#645,.T.) ;
#655=EDGE_CURVE('',#654,#647,#652,.T.) ;
#662=EDGE_CURVE('',#661,#654,#659,.F.) ;
#667=EDGE_CURVE('',#628,#661,#666,.T.) ;
#686=EDGE_CURVE('',#683,#685,#681,.T.) ;
#693=EDGE_CURVE('',#692,#683,#690,.T.) ;
#700=EDGE_CURVE('',#699,#692,#697,.T.) ;
#707=EDGE_CURVE('',#706,#699,#704,.T.) ;
#714=EDGE_CURVE('',#713,#706,#711,.T.) ;
#721=EDGE_CURVE('',#720,#713,#718,.F.) ;
#728=EDGE_CURVE('',#727,#720,#725,.T.) ;
#733=EDGE_CURVE('',#685,#727,#732,.F.) ;
#752=EDGE_CURVE('',#749,#751,#747,.T.) ;
#759=EDGE_CURVE('',#758,#749,#756,.T.) ;
#766=EDGE_CURVE('',#765,#758,#763,.T.) ;
#773=EDGE_CURVE('',#772,#765,#770,.T.) ;
#780=EDGE_CURVE('',#779,#772,#777,.T.) ;
#787=EDGE_CURVE('',#786,#779,#784,.F.) ;
#794=EDGE_CURVE('',#793,#786,#791,.T.) ;
#799=EDGE_CURVE('',#751,#793,#798,.F.) ;
#822=EDGE_CURVE('',#821,#257,#819,.T.) ;
#829=EDGE_CURVE('',#821,#828,#826,.T.) ;
#834=EDGE_CURVE('',#828,#264,#833,.T.) ;
#855=EDGE_CURVE('',#852,#854,#850,.T.) ;
#862=EDGE_CURVE('',#852,#861,#859,.T.) ;
#869=EDGE_CURVE('',#861,#868,#866,.T.) ;
#876=EDGE_CURVE('',#868,#875,#873,.T.) ;
#883=EDGE_CURVE('',#882,#875,#880,.F.) ;
#890=EDGE_CURVE('',#889,#882,#887,.T.) ;
#897=EDGE_CURVE('',#896,#889,#894,.F.) ;
#904=EDGE_CURVE('',#896,#903,#901,.T.) ;
#911=EDGE_CURVE('',#903,#910,#908,.T.) ;
#916=EDGE_CURVE('',#910,#854,#915,.F.) ;
#937=EDGE_CURVE('',#934,#936,#932,.T.) ;
#942=EDGE_CURVE('',#936,#934,#941,.T.) ;
#959=EDGE_CURVE('',#875,#958,#956,.T.) ;
#966=EDGE_CURVE('',#965,#958,#963,.F.) ;
#971=EDGE_CURVE('',#882,#965,#970,.T.) ;
#987=EDGE_CURVE('',#984,#986,#982,.T.) ;
#994=EDGE_CURVE('',#993,#984,#991,.F.) ;
#1001=EDGE_CURVE('',#993,#1000,#998,.T.) ;
#1008=EDGE_CURVE('',#1000,#1007,#1005,.T.) ;
#1015=EDGE_CURVE('',#1014,#1007,#1012,.F.) ;
#1022=EDGE_CURVE('',#1021,#1014,#1019,.T.) ;
#1029=EDGE_CURVE('',#1028,#1021,#1026,.F.) ;
#1036=EDGE_CURVE('',#1028,#1035,#1033,.T.) ;
#1043=EDGE_CURVE('',#1035,#1042,#1040,.T.) ;
#1048=EDGE_CURVE('',#986,#1042,#1047,.F.) ;
#1069=EDGE_CURVE('',#1066,#1068,#1064,.T.) ;
#1074=EDGE_CURVE('',#1068,#1066,#1073,.T.) ;
#1091=EDGE_CURVE('',#1007,#1090,#1088,.T.) ;
#1098=EDGE_CURVE('',#1097,#1090,#1095,.F.) ;
#1103=EDGE_CURVE('',#1014,#1097,#1102,.T.) ;
#1124=EDGE_CURVE('',#1121,#1123,#1119,.T.) ;
#1131=EDGE_CURVE('',#1121,#1130,#1128,.T.) ;
#1138=EDGE_CURVE('',#1130,#1137,#1135,.T.) ;
#1143=EDGE_CURVE('',#1123,#1137,#1142,.T.) ;
#1162=EDGE_CURVE('',#984,#1161,#1159,.T.) ;
#1169=EDGE_CURVE('',#986,#1168,#1166,.T.) ;
#1174=EDGE_CURVE('',#1161,#1168,#1173,.T.) ;
#1193=EDGE_CURVE('',#852,#1192,#1190,.T.) ;
#1200=EDGE_CURVE('',#854,#1199,#1197,.T.) ;
#1205=EDGE_CURVE('',#1192,#1199,#1204,.T.) ;
#1224=EDGE_CURVE('',#1028,#1223,#1221,.T.) ;
#1229=EDGE_CURVE('',#1021,#828,#1228,.T.) ;
#1234=EDGE_CURVE('',#1223,#828,#1233,.F.) ;
#1255=EDGE_CURVE('',#1252,#1254,#1250,.T.) ;
#1262=EDGE_CURVE('',#1252,#1261,#1259,.F.) ;
#1269=EDGE_CURVE('',#1261,#1268,#1266,.T.) ;
#1274=EDGE_CURVE('',#1254,#1268,#1273,.F.) ;
#1293=EDGE_CURVE('',#896,#1292,#1290,.T.) ;
#1300=EDGE_CURVE('',#889,#1299,#1297,.T.) ;
#1305=EDGE_CURVE('',#1292,#1299,#1304,.F.) ;
#1326=EDGE_CURVE('',#1323,#1325,#1321,.T.) ;
#1331=EDGE_CURVE('',#1323,#751,#1330,.T.) ;
#1336=EDGE_CURVE('',#1325,#793,#1335,.T.) ;
#1355=EDGE_CURVE('',#1325,#1354,#1352,.T.) ;
#1360=EDGE_CURVE('',#1354,#786,#1359,.T.) ;
#1379=EDGE_CURVE('',#1378,#779,#1376,.T.) ;
#1384=EDGE_CURVE('',#1378,#1354,#1383,.T.) ;
#1405=EDGE_CURVE('',#1402,#1404,#1400,.T.) ;
#1410=EDGE_CURVE('',#1378,#1402,#1409,.T.) ;
#1415=EDGE_CURVE('',#1404,#772,#1414,.T.) ;
#1433=EDGE_CURVE('',#1404,#1192,#1432,.T.) ;
#1438=EDGE_CURVE('',#861,#765,#1437,.T.) ;
#1457=EDGE_CURVE('',#868,#758,#1456,.T.) ;
#1476=EDGE_CURVE('',#958,#1475,#1473,.T.) ;
#1481=EDGE_CURVE('',#1475,#749,#1480,.T.) ;
#1500=EDGE_CURVE('',#1475,#1323,#1499,.T.) ;
#1519=EDGE_CURVE('',#1518,#685,#1516,.T.) ;
#1526=EDGE_CURVE('',#1525,#727,#1523,.T.) ;
#1531=EDGE_CURVE('',#1525,#1137,#1530,.T.) ;
#1536=EDGE_CURVE('',#1518,#1130,#1535,.F.) ;
#1557=EDGE_CURVE('',#1525,#1556,#1554,.T.) ;
#1564=EDGE_CURVE('',#1563,#720,#1561,.T.) ;
#1569=EDGE_CURVE('',#1556,#1563,#1568,.T.) ;
#1584=EDGE_CURVE('',#1583,#713,#1581,.T.) ;
#1589=EDGE_CURVE('',#1583,#1563,#1588,.T.) ;
#1608=EDGE_CURVE('',#1583,#1607,#1605,.T.) ;
#1613=EDGE_CURVE('',#1607,#706,#1612,.T.) ;
#1632=EDGE_CURVE('',#1631,#699,#1629,.T.) ;
#1637=EDGE_CURVE('',#1631,#1607,#1636,.T.) ;
#1656=EDGE_CURVE('',#1631,#1655,#1653,.T.) ;
#1661=EDGE_CURVE('',#1655,#692,#1660,.T.) ;
#1673=EDGE_CURVE('',#1655,#1254,#1672,.T.) ;
#1680=EDGE_CURVE('',#1679,#683,#1677,.T.) ;
#1685=EDGE_CURVE('',#1252,#1679,#1684,.T.) ;
#1704=EDGE_CURVE('',#1679,#1518,#1703,.T.) ;
#1725=EDGE_CURVE('',#1722,#1724,#1720,.T.) ;
#1730=EDGE_CURVE('',#1722,#628,#1729,.T.) ;
#1735=EDGE_CURVE('',#1724,#661,#1734,.T.) ;
#1754=EDGE_CURVE('',#1753,#654,#1751,.T.) ;
#1759=EDGE_CURVE('',#1753,#1724,#1758,.T.) ;
#1780=EDGE_CURVE('',#1777,#1779,#1775,.T.) ;
#1785=EDGE_CURVE('',#1753,#1777,#1784,.T.) ;
#1790=EDGE_CURVE('',#1779,#647,#1789,.T.) ;
#1808=EDGE_CURVE('',#1779,#1123,#1807,.T.) ;
#1815=EDGE_CURVE('',#1814,#640,#1812,.T.) ;
#1820=EDGE_CURVE('',#1121,#1814,#1819,.T.) ;
#1836=EDGE_CURVE('',#1835,#626,#1833,.T.) ;
#1841=EDGE_CURVE('',#1722,#1835,#1840,.T.) ;
#1862=EDGE_CURVE('',#1859,#1861,#1857,.T.) ;
#1867=EDGE_CURVE('',#1859,#562,#1866,.T.) ;
#1872=EDGE_CURVE('',#1861,#604,#1871,.T.) ;
#1886=EDGE_CURVE('',#1861,#1885,#1883,.T.) ;
#1891=EDGE_CURVE('',#1885,#597,#1890,.T.) ;
#1910=EDGE_CURVE('',#1885,#1909,#1907,.T.) ;
#1915=EDGE_CURVE('',#1909,#590,#1914,.T.) ;
#1927=EDGE_CURVE('',#1909,#1292,#1926,.T.) ;
#1932=EDGE_CURVE('',#903,#583,#1931,.T.) ;
#1951=EDGE_CURVE('',#910,#576,#1950,.T.) ;
#1970=EDGE_CURVE('',#1969,#569,#1967,.T.) ;
#1975=EDGE_CURVE('',#1969,#1199,#1974,.T.) ;
#1996=EDGE_CURVE('',#1969,#1995,#1993,.T.) ;
#2003=EDGE_CURVE('',#2002,#560,#2000,.T.) ;
#2008=EDGE_CURVE('',#1995,#2002,#2007,.T.) ;
#2021=EDGE_CURVE('',#1859,#2002,#2020,.T.) ;
#2038=EDGE_CURVE('',#1000,#538,#2037,.T.) ;
#2043=EDGE_CURVE('',#993,#496,#2042,.T.) ;
#2057=EDGE_CURVE('',#1090,#2056,#2054,.T.) ;
#2062=EDGE_CURVE('',#2056,#531,#2061,.T.) ;
#2083=EDGE_CURVE('',#2056,#2082,#2080,.T.) ;
#2088=EDGE_CURVE('',#2082,#524,#2087,.T.) ;
#2102=EDGE_CURVE('',#2101,#517,#2099,.T.) ;
#2107=EDGE_CURVE('',#2101,#2082,#2106,.T.) ;
#2126=EDGE_CURVE('',#2101,#2125,#2123,.T.) ;
#2131=EDGE_CURVE('',#2125,#510,#2130,.T.) ;
#2145=EDGE_CURVE('',#2144,#503,#2142,.T.) ;
#2150=EDGE_CURVE('',#2144,#2125,#2149,.T.) ;
#2171=EDGE_CURVE('',#2168,#2170,#2166,.T.) ;
#2176=EDGE_CURVE('',#2144,#2168,#2175,.T.) ;
#2181=EDGE_CURVE('',#2170,#494,#2180,.T.) ;
#2194=EDGE_CURVE('',#1161,#2170,#2193,.T.) ;
#2217=EDGE_CURVE('',#2214,#2216,#2212,.T.) ;
#2222=EDGE_CURVE('',#2214,#430,#2221,.T.) ;
#2227=EDGE_CURVE('',#2216,#472,#2226,.T.) ;
#2239=EDGE_CURVE('',#2216,#1223,#2238,.T.) ;
#2244=EDGE_CURVE('',#1035,#465,#2243,.T.) ;
#2263=EDGE_CURVE('',#1042,#458,#2262,.T.) ;
#2277=EDGE_CURVE('',#2276,#451,#2274,.T.) ;
#2282=EDGE_CURVE('',#1168,#2276,#2281,.T.) ;
#2303=EDGE_CURVE('',#2276,#2302,#2300,.T.) ;
#2310=EDGE_CURVE('',#2309,#444,#2307,.T.) ;
#2315=EDGE_CURVE('',#2302,#2309,#2314,.T.) ;
#2330=EDGE_CURVE('',#2329,#437,#2327,.T.) ;
#2335=EDGE_CURVE('',#2329,#2309,#2334,.T.) ;
#2354=EDGE_CURVE('',#2329,#2353,#2351,.T.) ;
#2359=EDGE_CURVE('',#2353,#428,#2358,.T.) ;
#2371=EDGE_CURVE('',#2353,#2214,#2370,.T.) ;
#2390=EDGE_CURVE('',#2389,#410,#2387,.T.) ;
#2397=EDGE_CURVE('',#2396,#2389,#2394,.T.) ;
#2402=EDGE_CURVE('',#2396,#412,#2401,.T.) ;
#2414=EDGE_CURVE('',#2389,#2396,#2413,.T.) ;
#2433=EDGE_CURVE('',#2432,#392,#2430,.T.) ;
#2440=EDGE_CURVE('',#2439,#2432,#2437,.T.) ;
#2445=EDGE_CURVE('',#2439,#394,#2444,.T.) ;
#2457=EDGE_CURVE('',#2432,#2439,#2456,.T.) ;
#2476=EDGE_CURVE('',#2475,#374,#2473,.T.) ;
#2483=EDGE_CURVE('',#2482,#2475,#2480,.T.) ;
#2488=EDGE_CURVE('',#2482,#376,#2487,.T.) ;
#2500=EDGE_CURVE('',#2475,#2482,#2499,.T.) ;
#2519=EDGE_CURVE('',#2518,#356,#2516,.T.) ;
#2526=EDGE_CURVE('',#2525,#2518,#2523,.T.) ;
#2531=EDGE_CURVE('',#2525,#358,#2530,.T.) ;
#2543=EDGE_CURVE('',#2518,#2525,#2542,.T.) ;
#2562=EDGE_CURVE('',#2561,#338,#2559,.T.) ;
#2569=EDGE_CURVE('',#2568,#2561,#2566,.T.) ;
#2574=EDGE_CURVE('',#2568,#340,#2573,.T.) ;
#2586=EDGE_CURVE('',#2561,#2568,#2585,.T.) ;
#2605=EDGE_CURVE('',#2604,#320,#2602,.T.) ;
#2612=EDGE_CURVE('',#2611,#2604,#2609,.T.) ;
#2617=EDGE_CURVE('',#2611,#322,#2616,.T.) ;
#2629=EDGE_CURVE('',#2604,#2611,#2628,.T.) ;
#2646=EDGE_CURVE('',#1066,#302,#2645,.T.) ;
#2651=EDGE_CURVE('',#1068,#304,#2650,.T.) ;
#2675=EDGE_CURVE('',#934,#284,#2674,.T.) ;
#2680=EDGE_CURVE('',#936,#286,#2679,.T.) ;
#2704=EDGE_CURVE('',#184,#1835,#2703,.T.) ;
#2721=EDGE_CURVE('',#1097,#1299,#2720,.T.) ;
#2726=EDGE_CURVE('',#821,#191,#2725,.F.) ;
#2731=EDGE_CURVE('',#965,#1268,#2730,.T.) ;
#2826=EDGE_CURVE('',#2825,#821,#2823,.T.) ;
#2831=EDGE_CURVE('',#2825,#198,#2830,.F.) ;
#2843=EDGE_CURVE('',#1814,#205,#2842,.T.) ;
#2848=EDGE_CURVE('',#1261,#2825,#2847,.T.) ;
#112=EDGE_LOOP('',(#113,#114,#115,#116,#117)) ;
#152=EDGE_LOOP('',(#153,#154,#155,#156,#157)) ;
#212=EDGE_LOOP('',(#213,#214,#215,#216,#217,#218,#219,#220,#221)) ;
#271=EDGE_LOOP('',(#272,#273,#274,#275,#276,#277)) ;
#293=EDGE_LOOP('',(#294,#295)) ;
#311=EDGE_LOOP('',(#312,#313)) ;
#329=EDGE_LOOP('',(#330,#331)) ;
#347=EDGE_LOOP('',(#348,#349)) ;
#365=EDGE_LOOP('',(#366,#367)) ;
#383=EDGE_LOOP('',(#384,#385)) ;
#401=EDGE_LOOP('',(#402,#403)) ;
#419=EDGE_LOOP('',(#420,#421)) ;
#479=EDGE_LOOP('',(#480,#481,#482,#483,#484,#485,#486,#487)) ;
#545=EDGE_LOOP('',(#546,#547,#548,#549,#550,#551,#552,#553)) ;
#611=EDGE_LOOP('',(#612,#613,#614,#615,#616,#617,#618,#619)) ;
#668=EDGE_LOOP('',(#669,#670,#671,#672,#673,#674,#675,#676)) ;
#734=EDGE_LOOP('',(#735,#736,#737,#738,#739,#740,#741,#742)) ;
#800=EDGE_LOOP('',(#801,#802,#803,#804,#805,#806,#807,#808)) ;
#835=EDGE_LOOP('',(#836,#837,#838,#839)) ;
#917=EDGE_LOOP('',(#918,#919,#920,#921,#922,#923,#924,#925,#926,#927)) ;
#943=EDGE_LOOP('',(#944,#945)) ;
#972=EDGE_LOOP('',(#973,#974,#975,#976)) ;
#1049=EDGE_LOOP('',(#1050,#1051,#1052,#1053,#1054,#1055,#1056,#1057,#1058,#1059)) ;
#1075=EDGE_LOOP('',(#1076,#1077)) ;
#1104=EDGE_LOOP('',(#1105,#1106,#1107,#1108)) ;
#1144=EDGE_LOOP('',(#1145,#1146,#1147,#1148)) ;
#1175=EDGE_LOOP('',(#1176,#1177,#1178,#1179)) ;
#1206=EDGE_LOOP('',(#1207,#1208,#1209,#1210)) ;
#1235=EDGE_LOOP('',(#1236,#1237,#1238,#1239)) ;
#1275=EDGE_LOOP('',(#1276,#1277,#1278,#1279)) ;
#1306=EDGE_LOOP('',(#1307,#1308,#1309,#1310)) ;
#1337=EDGE_LOOP('',(#1338,#1339,#1340,#1341)) ;
#1361=EDGE_LOOP('',(#1362,#1363,#1364,#1365)) ;
#1385=EDGE_LOOP('',(#1386,#1387,#1388,#1389)) ;
#1416=EDGE_LOOP('',(#1417,#1418,#1419,#1420,#1421)) ;
#1439=EDGE_LOOP('',(#1440,#1441,#1442,#1443,#1444,#1445)) ;
#1458=EDGE_LOOP('',(#1459,#1460,#1461,#1462)) ;
#1482=EDGE_LOOP('',(#1483,#1484,#1485,#1486,#1487,#1488)) ;
#1501=EDGE_LOOP('',(#1502,#1503,#1504,#1505)) ;
#1537=EDGE_LOOP('',(#1538,#1539,#1540,#1541,#1542,#1543)) ;
#1570=EDGE_LOOP('',(#1571,#1572,#1573,#1574,#1575)) ;
#1590=EDGE_LOOP('',(#1591,#1592,#1593,#1594)) ;
#1614=EDGE_LOOP('',(#1615,#1616,#1617,#1618)) ;
#1638=EDGE_LOOP('',(#1639,#1640,#1641,#1642)) ;
#1662=EDGE_LOOP('',(#1663,#1664,#1665,#1666)) ;
#1686=EDGE_LOOP('',(#1687,#1688,#1689,#1690,#1691,#1692)) ;
#1705=EDGE_LOOP('',(#1706,#1707,#1708,#1709)) ;
#1736=EDGE_LOOP('',(#1737,#1738,#1739,#1740)) ;
#1760=EDGE_LOOP('',(#1761,#1762,#1763,#1764)) ;
#1791=EDGE_LOOP('',(#1792,#1793,#1794,#1795,#1796)) ;
#1821=EDGE_LOOP('',(#1822,#1823,#1824,#1825,#1826,#1827)) ;
#1842=EDGE_LOOP('',(#1843,#1844,#1845,#1846)) ;
#1873=EDGE_LOOP('',(#1874,#1875,#1876,#1877)) ;
#1892=EDGE_LOOP('',(#1893,#1894,#1895,#1896)) ;
#1916=EDGE_LOOP('',(#1917,#1918,#1919,#1920)) ;
#1933=EDGE_LOOP('',(#1934,#1935,#1936,#1937,#1938,#1939)) ;
#1952=EDGE_LOOP('',(#1953,#1954,#1955,#1956)) ;
#1976=EDGE_LOOP('',(#1977,#1978,#1979,#1980,#1981,#1982)) ;
#2009=EDGE_LOOP('',(#2010,#2011,#2012,#2013,#2014)) ;
#2022=EDGE_LOOP('',(#2023,#2024,#2025,#2026)) ;
#2044=EDGE_LOOP('',(#2045,#2046,#2047,#2048)) ;
#2063=EDGE_LOOP('',(#2064,#2065,#2066,#2067,#2068,#2069)) ;
#2089=EDGE_LOOP('',(#2090,#2091,#2092,#2093)) ;
#2108=EDGE_LOOP('',(#2109,#2110,#2111,#2112)) ;
#2132=EDGE_LOOP('',(#2133,#2134,#2135,#2136)) ;
#2151=EDGE_LOOP('',(#2152,#2153,#2154,#2155)) ;
#2182=EDGE_LOOP('',(#2183,#2184,#2185,#2186,#2187)) ;
#2195=EDGE_LOOP('',(#2196,#2197,#2198,#2199,#2200,#2201)) ;
#2228=EDGE_LOOP('',(#2229,#2230,#2231,#2232)) ;
#2245=EDGE_LOOP('',(#2246,#2247,#2248,#2249,#2250,#2251)) ;
#2264=EDGE_LOOP('',(#2265,#2266,#2267,#2268)) ;
#2283=EDGE_LOOP('',(#2284,#2285,#2286,#2287,#2288,#2289)) ;
#2316=EDGE_LOOP('',(#2317,#2318,#2319,#2320,#2321)) ;
#2336=EDGE_LOOP('',(#2337,#2338,#2339,#2340)) ;
#2360=EDGE_LOOP('',(#2361,#2362,#2363,#2364)) ;
#2372=EDGE_LOOP('',(#2373,#2374,#2375,#2376)) ;
#2403=EDGE_LOOP('',(#2404,#2405,#2406,#2407)) ;
#2415=EDGE_LOOP('',(#2416,#2417,#2418,#2419)) ;
#2446=EDGE_LOOP('',(#2447,#2448,#2449,#2450)) ;
#2458=EDGE_LOOP('',(#2459,#2460,#2461,#2462)) ;
#2489=EDGE_LOOP('',(#2490,#2491,#2492,#2493)) ;
#2501=EDGE_LOOP('',(#2502,#2503,#2504,#2505)) ;
#2532=EDGE_LOOP('',(#2533,#2534,#2535,#2536)) ;
#2544=EDGE_LOOP('',(#2545,#2546,#2547,#2548)) ;
#2575=EDGE_LOOP('',(#2576,#2577,#2578,#2579)) ;
#2587=EDGE_LOOP('',(#2588,#2589,#2590,#2591)) ;
#2618=EDGE_LOOP('',(#2619,#2620,#2621,#2622)) ;
#2630=EDGE_LOOP('',(#2631,#2632,#2633,#2634)) ;
#2652=EDGE_LOOP('',(#2653,#2654,#2655,#2656)) ;
#2659=EDGE_LOOP('',(#2660,#2661,#2662,#2663)) ;
#2681=EDGE_LOOP('',(#2682,#2683,#2684,#2685)) ;
#2688=EDGE_LOOP('',(#2689,#2690,#2691,#2692)) ;
#2705=EDGE_LOOP('',(#2706,#2707,#2708,#2709)) ;
#2732=EDGE_LOOP('',(#2733,#2734,#2735,#2736,#2737,#2738,#2739,#2740,#2741,#2742,#2743,#2744,#2745,#2746,#2747,#2748,#2749,#2750,#2751,#2752,#2753,#2754,#2755,#2756,#2757,#2758,#2759,#2760,#2761,#2762,#2763,#2764,#2765,#2766,#2767,#2768,#2769,#2770,#2771,#2772,#2773,#2774,#2775,#2776,#2777,#2778,#2779,#2780,#2781,#2782,#2783,#2784,#2785,#2786,#2787,#2788,#2789,#2790,#2791,#2792)) ;
#2794=EDGE_LOOP('',(#2795,#2796)) ;
#2798=EDGE_LOOP('',(#2799,#2800)) ;
#2802=EDGE_LOOP('',(#2803,#2804)) ;
#2806=EDGE_LOOP('',(#2807,#2808)) ;
#2810=EDGE_LOOP('',(#2811,#2812)) ;
#2832=EDGE_LOOP('',(#2833,#2834,#2835,#2836)) ;
#2849=EDGE_LOOP('',(#2850,#2851,#2852,#2853,#2854,#2855,#2856,#2857,#2858,#2859)) ;
#2861=EDGE_LOOP('',(#2862,#2863)) ;
#2871=EDGE_LOOP('',(#2872,#2873,#2874,#2875,#2876,#2877,#2878)) ;
#2886=EDGE_LOOP('',(#2887,#2888,#2889,#2890,#2891,#2892,#2893,#2894,#2895,#2896,#2897,#2898,#2899,#2900,#2901,#2902,#2903,#2904)) ;
#2906=EDGE_LOOP('',(#2907,#2908)) ;
#118=FACE_OUTER_BOUND('',#112,.T.) ;
#158=FACE_OUTER_BOUND('',#152,.T.) ;
#222=FACE_OUTER_BOUND('',#212,.T.) ;
#278=FACE_OUTER_BOUND('',#271,.T.) ;
#840=FACE_OUTER_BOUND('',#835,.T.) ;
#928=FACE_OUTER_BOUND('',#917,.T.) ;
#977=FACE_OUTER_BOUND('',#972,.T.) ;
#1060=FACE_OUTER_BOUND('',#1049,.T.) ;
#1109=FACE_OUTER_BOUND('',#1104,.T.) ;
#1149=FACE_OUTER_BOUND('',#1144,.T.) ;
#1180=FACE_OUTER_BOUND('',#1175,.T.) ;
#1211=FACE_OUTER_BOUND('',#1206,.T.) ;
#1240=FACE_OUTER_BOUND('',#1235,.T.) ;
#1280=FACE_OUTER_BOUND('',#1275,.T.) ;
#1311=FACE_OUTER_BOUND('',#1306,.T.) ;
#1342=FACE_OUTER_BOUND('',#1337,.T.) ;
#1366=FACE_OUTER_BOUND('',#1361,.T.) ;
#1390=FACE_OUTER_BOUND('',#1385,.T.) ;
#1422=FACE_OUTER_BOUND('',#1416,.T.) ;
#1446=FACE_OUTER_BOUND('',#1439,.T.) ;
#1463=FACE_OUTER_BOUND('',#1458,.T.) ;
#1489=FACE_OUTER_BOUND('',#1482,.T.) ;
#1506=FACE_OUTER_BOUND('',#1501,.T.) ;
#1544=FACE_OUTER_BOUND('',#1537,.T.) ;
#1576=FACE_OUTER_BOUND('',#1570,.T.) ;
#1595=FACE_OUTER_BOUND('',#1590,.T.) ;
#1619=FACE_OUTER_BOUND('',#1614,.T.) ;
#1643=FACE_OUTER_BOUND('',#1638,.T.) ;
#1667=FACE_OUTER_BOUND('',#1662,.T.) ;
#1693=FACE_OUTER_BOUND('',#1686,.T.) ;
#1710=FACE_OUTER_BOUND('',#1705,.T.) ;
#1741=FACE_OUTER_BOUND('',#1736,.T.) ;
#1765=FACE_OUTER_BOUND('',#1760,.T.) ;
#1797=FACE_OUTER_BOUND('',#1791,.T.) ;
#1828=FACE_OUTER_BOUND('',#1821,.T.) ;
#1847=FACE_OUTER_BOUND('',#1842,.T.) ;
#1878=FACE_OUTER_BOUND('',#1873,.T.) ;
#1897=FACE_OUTER_BOUND('',#1892,.T.) ;
#1921=FACE_OUTER_BOUND('',#1916,.T.) ;
#1940=FACE_OUTER_BOUND('',#1933,.T.) ;
#1957=FACE_OUTER_BOUND('',#1952,.T.) ;
#1983=FACE_OUTER_BOUND('',#1976,.T.) ;
#2015=FACE_OUTER_BOUND('',#2009,.T.) ;
#2027=FACE_OUTER_BOUND('',#2022,.T.) ;
#2049=FACE_OUTER_BOUND('',#2044,.T.) ;
#2070=FACE_OUTER_BOUND('',#2063,.T.) ;
#2094=FACE_OUTER_BOUND('',#2089,.T.) ;
#2113=FACE_OUTER_BOUND('',#2108,.T.) ;
#2137=FACE_OUTER_BOUND('',#2132,.T.) ;
#2156=FACE_OUTER_BOUND('',#2151,.T.) ;
#2188=FACE_OUTER_BOUND('',#2182,.T.) ;
#2202=FACE_OUTER_BOUND('',#2195,.T.) ;
#2233=FACE_OUTER_BOUND('',#2228,.T.) ;
#2252=FACE_OUTER_BOUND('',#2245,.T.) ;
#2269=FACE_OUTER_BOUND('',#2264,.T.) ;
#2290=FACE_OUTER_BOUND('',#2283,.T.) ;
#2322=FACE_OUTER_BOUND('',#2316,.T.) ;
#2341=FACE_OUTER_BOUND('',#2336,.T.) ;
#2365=FACE_OUTER_BOUND('',#2360,.T.) ;
#2377=FACE_OUTER_BOUND('',#2372,.T.) ;
#2408=FACE_OUTER_BOUND('',#2403,.T.) ;
#2420=FACE_OUTER_BOUND('',#2415,.T.) ;
#2451=FACE_OUTER_BOUND('',#2446,.T.) ;
#2463=FACE_OUTER_BOUND('',#2458,.T.) ;
#2494=FACE_OUTER_BOUND('',#2489,.T.) ;
#2506=FACE_OUTER_BOUND('',#2501,.T.) ;
#2537=FACE_OUTER_BOUND('',#2532,.T.) ;
#2549=FACE_OUTER_BOUND('',#2544,.T.) ;
#2580=FACE_OUTER_BOUND('',#2575,.T.) ;
#2592=FACE_OUTER_BOUND('',#2587,.T.) ;
#2623=FACE_OUTER_BOUND('',#2618,.T.) ;
#2635=FACE_OUTER_BOUND('',#2630,.T.) ;
#2657=FACE_OUTER_BOUND('',#2652,.T.) ;
#2664=FACE_OUTER_BOUND('',#2659,.T.) ;
#2686=FACE_OUTER_BOUND('',#2681,.T.) ;
#2693=FACE_OUTER_BOUND('',#2688,.T.) ;
#2710=FACE_OUTER_BOUND('',#2705,.T.) ;
#2793=FACE_OUTER_BOUND('',#2732,.T.) ;
#2837=FACE_OUTER_BOUND('',#2832,.T.) ;
#2860=FACE_OUTER_BOUND('',#2849,.T.) ;
#2879=FACE_OUTER_BOUND('',#2871,.T.) ;
#2905=FACE_OUTER_BOUND('',#2886,.T.) ;
#45=UNCERTAINTY_MEASURE_WITH_UNIT(LENGTH_MEASURE(0.005),#41,'distance_accuracy_value','CONFUSED CURVE UNCERTAINTY') ;
#60=LINE('Line',#57,#59) ;
#94=LINE('Line',#91,#93) ;
#168=LINE('Line',#165,#167) ;
#182=LINE('Line',#179,#181) ;
#196=LINE('Line',#193,#195) ;
#210=LINE('Line',#207,#209) ;
#426=LINE('Line',#423,#425) ;
#456=LINE('Line',#453,#455) ;
#492=LINE('Line',#489,#491) ;
#522=LINE('Line',#519,#521) ;
#574=LINE('Line',#571,#573) ;
#602=LINE('Line',#599,#601) ;
#624=LINE('Line',#621,#623) ;
#645=LINE('Line',#642,#644) ;
#704=LINE('Line',#701,#703) ;
#732=LINE('Line',#729,#731) ;
#770=LINE('Line',#767,#769) ;
#798=LINE('Line',#795,#797) ;
#819=LINE('Line',#816,#818) ;
#833=LINE('Line',#830,#832) ;
#859=LINE('Line',#856,#858) ;
#880=LINE('Line',#877,#879) ;
#894=LINE('Line',#891,#893) ;
#915=LINE('Line',#912,#914) ;
#956=LINE('Line',#953,#955) ;
#963=LINE('Line',#960,#962) ;
#970=LINE('Line',#967,#969) ;
#991=LINE('Line',#988,#990) ;
#1012=LINE('Line',#1009,#1011) ;
#1026=LINE('Line',#1023,#1025) ;
#1047=LINE('Line',#1044,#1046) ;
#1088=LINE('Line',#1085,#1087) ;
#1095=LINE('Line',#1092,#1094) ;
#1102=LINE('Line',#1099,#1101) ;
#1119=LINE('Line',#1116,#1118) ;
#1135=LINE('Line',#1132,#1134) ;
#1159=LINE('Line',#1156,#1158) ;
#1166=LINE('Line',#1163,#1165) ;
#1190=LINE('Line',#1187,#1189) ;
#1197=LINE('Line',#1194,#1196) ;
#1221=LINE('Line',#1218,#1220) ;
#1228=LINE('Line',#1225,#1227) ;
#1233=LINE('Line',#1230,#1232) ;
#1250=LINE('Line',#1247,#1249) ;
#1259=LINE('Line',#1256,#1258) ;
#1266=LINE('Line',#1263,#1265) ;
#1273=LINE('Line',#1270,#1272) ;
#1290=LINE('Line',#1287,#1289) ;
#1297=LINE('Line',#1294,#1296) ;
#1304=LINE('Line',#1301,#1303) ;
#1321=LINE('Line',#1318,#1320) ;
#1330=LINE('Line',#1327,#1329) ;
#1335=LINE('Line',#1332,#1334) ;
#1359=LINE('Line',#1356,#1358) ;
#1376=LINE('Line',#1373,#1375) ;
#1414=LINE('Line',#1411,#1413) ;
#1432=LINE('Line',#1429,#1431) ;
#1437=LINE('Line',#1434,#1436) ;
#1456=LINE('Line',#1453,#1455) ;
#1480=LINE('Line',#1477,#1479) ;
#1516=LINE('Line',#1513,#1515) ;
#1523=LINE('Line',#1520,#1522) ;
#1530=LINE('Line',#1527,#1529) ;
#1535=LINE('Line',#1532,#1534) ;
#1561=LINE('Line',#1558,#1560) ;
#1581=LINE('Line',#1578,#1580) ;
#1612=LINE('Line',#1609,#1611) ;
#1629=LINE('Line',#1626,#1628) ;
#1636=LINE('Line',#1633,#1635) ;
#1660=LINE('Line',#1657,#1659) ;
#1677=LINE('Line',#1674,#1676) ;
#1729=LINE('Line',#1726,#1728) ;
#1734=LINE('Line',#1731,#1733) ;
#1751=LINE('Line',#1748,#1750) ;
#1789=LINE('Line',#1786,#1788) ;
#1807=LINE('Line',#1804,#1806) ;
#1812=LINE('Line',#1809,#1811) ;
#1819=LINE('Line',#1816,#1818) ;
#1833=LINE('Line',#1830,#1832) ;
#1840=LINE('Line',#1837,#1839) ;
#1866=LINE('Line',#1863,#1865) ;
#1871=LINE('Line',#1868,#1870) ;
#1883=LINE('Line',#1880,#1882) ;
#1890=LINE('Line',#1887,#1889) ;
#1914=LINE('Line',#1911,#1913) ;
#1931=LINE('Line',#1928,#1930) ;
#1950=LINE('Line',#1947,#1949) ;
#1967=LINE('Line',#1964,#1966) ;
#1974=LINE('Line',#1971,#1973) ;
#2000=LINE('Line',#1997,#1999) ;
#2037=LINE('Line',#2034,#2036) ;
#2042=LINE('Line',#2039,#2041) ;
#2061=LINE('Line',#2058,#2060) ;
#2087=LINE('Line',#2084,#2086) ;
#2099=LINE('Line',#2096,#2098) ;
#2106=LINE('Line',#2103,#2105) ;
#2130=LINE('Line',#2127,#2129) ;
#2142=LINE('Line',#2139,#2141) ;
#2180=LINE('Line',#2177,#2179) ;
#2193=LINE('Line',#2190,#2192) ;
#2221=LINE('Line',#2218,#2220) ;
#2226=LINE('Line',#2223,#2225) ;
#2243=LINE('Line',#2240,#2242) ;
#2262=LINE('Line',#2259,#2261) ;
#2274=LINE('Line',#2271,#2273) ;
#2281=LINE('Line',#2278,#2280) ;
#2307=LINE('Line',#2304,#2306) ;
#2327=LINE('Line',#2324,#2326) ;
#2358=LINE('Line',#2355,#2357) ;
#2370=LINE('Line',#2367,#2369) ;
#2387=LINE('Line',#2384,#2386) ;
#2401=LINE('Line',#2398,#2400) ;
#2430=LINE('Line',#2427,#2429) ;
#2444=LINE('Line',#2441,#2443) ;
#2473=LINE('Line',#2470,#2472) ;
#2487=LINE('Line',#2484,#2486) ;
#2516=LINE('Line',#2513,#2515) ;
#2530=LINE('Line',#2527,#2529) ;
#2559=LINE('Line',#2556,#2558) ;
#2573=LINE('Line',#2570,#2572) ;
#2602=LINE('Line',#2599,#2601) ;
#2616=LINE('Line',#2613,#2615) ;
#2645=LINE('Line',#2642,#2644) ;
#2650=LINE('Line',#2647,#2649) ;
#2674=LINE('Line',#2671,#2673) ;
#2679=LINE('Line',#2676,#2678) ;
#2725=LINE('Line',#2722,#2724) ;
#2823=LINE('Line',#2820,#2822) ;
#2830=LINE('Line',#2827,#2829) ;
#2=MECHANICAL_CONTEXT(' ',#1,'mechanical') ;
#24=PERSONAL_ADDRESS(' ',' ',' ',' ',' ',' ',' ',' ',' ',' ',' ',' ',(#22),' ') ;
#228=PLANE('Plane',#227) ;
#846=PLANE('Plane',#845) ;
#952=PLANE('Plane',#951) ;
#1084=PLANE('Plane',#1083) ;
#1217=PLANE('Plane',#1216) ;
#1246=PLANE('Plane',#1245) ;
#1286=PLANE('Plane',#1285) ;
#1317=PLANE('Plane',#1316) ;
#1428=PLANE('Plane',#1427) ;
#1512=PLANE('Plane',#1511) ;
#1625=PLANE('Plane',#1624) ;
#1803=PLANE('Plane',#1802) ;
#1963=PLANE('Plane',#1962) ;
#2716=PLANE('Plane',#2715) ;
#2819=PLANE('Plane',#2818) ;
#43=PLANE_ANGLE_MEASURE_WITH_UNIT(PLANE_ANGLE_MEASURE(0.0174532925199),#42) ;
#7=PRODUCT_CATEGORY('part',$) ;
#9=PRODUCT_CATEGORY_RELATIONSHIP(' ',' ',#7,#8) ;
#6=PRODUCT_DEFINITION_FORMATION_WITH_SPECIFIED_SOURCE('',' ',#5,.NOT_KNOWN.) ;
#8=PRODUCT_RELATED_PRODUCT_CATEGORY('detail',$,(#5)) ;
#50=SHAPE_DEFINITION_REPRESENTATION(#40,#49) ;
#62=VERTEX_POINT('',#61) ;
#64=VERTEX_POINT('',#63) ;
#73=VERTEX_POINT('',#72) ;
#89=VERTEX_POINT('',#88) ;
#96=VERTEX_POINT('',#95) ;
#128=VERTEX_POINT('',#127) ;
#170=VERTEX_POINT('',#169) ;
#177=VERTEX_POINT('',#176) ;
#184=VERTEX_POINT('',#183) ;
#191=VERTEX_POINT('',#190) ;
#198=VERTEX_POINT('',#197) ;
#205=VERTEX_POINT('',#204) ;
#234=VERTEX_POINT('',#233) ;
#236=VERTEX_POINT('',#235) ;
#243=VERTEX_POINT('',#242) ;
#250=VERTEX_POINT('',#249) ;
#257=VERTEX_POINT('',#256) ;
#264=VERTEX_POINT('',#263) ;
#284=VERTEX_POINT('',#283) ;
#286=VERTEX_POINT('',#285) ;
#302=VERTEX_POINT('',#301) ;
#304=VERTEX_POINT('',#303) ;
#320=VERTEX_POINT('',#319) ;
#322=VERTEX_POINT('',#321) ;
#338=VERTEX_POINT('',#337) ;
#340=VERTEX_POINT('',#339) ;
#356=VERTEX_POINT('',#355) ;
#358=VERTEX_POINT('',#357) ;
#374=VERTEX_POINT('',#373) ;
#376=VERTEX_POINT('',#375) ;
#392=VERTEX_POINT('',#391) ;
#394=VERTEX_POINT('',#393) ;
#410=VERTEX_POINT('',#409) ;
#412=VERTEX_POINT('',#411) ;
#428=VERTEX_POINT('',#427) ;
#430=VERTEX_POINT('',#429) ;
#437=VERTEX_POINT('',#436) ;
#444=VERTEX_POINT('',#443) ;
#451=VERTEX_POINT('',#450) ;
#458=VERTEX_POINT('',#457) ;
#465=VERTEX_POINT('',#464) ;
#472=VERTEX_POINT('',#471) ;
#494=VERTEX_POINT('',#493) ;
#496=VERTEX_POINT('',#495) ;
#503=VERTEX_POINT('',#502) ;
#510=VERTEX_POINT('',#509) ;
#517=VERTEX_POINT('',#516) ;
#524=VERTEX_POINT('',#523) ;
#531=VERTEX_POINT('',#530) ;
#538=VERTEX_POINT('',#537) ;
#560=VERTEX_POINT('',#559) ;
#562=VERTEX_POINT('',#561) ;
#569=VERTEX_POINT('',#568) ;
#576=VERTEX_POINT('',#575) ;
#583=VERTEX_POINT('',#582) ;
#590=VERTEX_POINT('',#589) ;
#597=VERTEX_POINT('',#596) ;
#604=VERTEX_POINT('',#603) ;
#626=VERTEX_POINT('',#625) ;
#628=VERTEX_POINT('',#627) ;
#640=VERTEX_POINT('',#639) ;
#647=VERTEX_POINT('',#646) ;
#654=VERTEX_POINT('',#653) ;
#661=VERTEX_POINT('',#660) ;
#683=VERTEX_POINT('',#682) ;
#685=VERTEX_POINT('',#684) ;
#692=VERTEX_POINT('',#691) ;
#699=VERTEX_POINT('',#698) ;
#706=VERTEX_POINT('',#705) ;
#713=VERTEX_POINT('',#712) ;
#720=VERTEX_POINT('',#719) ;
#727=VERTEX_POINT('',#726) ;
#749=VERTEX_POINT('',#748) ;
#751=VERTEX_POINT('',#750) ;
#758=VERTEX_POINT('',#757) ;
#765=VERTEX_POINT('',#764) ;
#772=VERTEX_POINT('',#771) ;
#779=VERTEX_POINT('',#778) ;
#786=VERTEX_POINT('',#785) ;
#793=VERTEX_POINT('',#792) ;
#821=VERTEX_POINT('',#820) ;
#828=VERTEX_POINT('',#827) ;
#852=VERTEX_POINT('',#851) ;
#854=VERTEX_POINT('',#853) ;
#861=VERTEX_POINT('',#860) ;
#868=VERTEX_POINT('',#867) ;
#875=VERTEX_POINT('',#874) ;
#882=VERTEX_POINT('',#881) ;
#889=VERTEX_POINT('',#888) ;
#896=VERTEX_POINT('',#895) ;
#903=VERTEX_POINT('',#902) ;
#910=VERTEX_POINT('',#909) ;
#934=VERTEX_POINT('',#933) ;
#936=VERTEX_POINT('',#935) ;
#958=VERTEX_POINT('',#957) ;
#965=VERTEX_POINT('',#964) ;
#984=VERTEX_POINT('',#983) ;
#986=VERTEX_POINT('',#985) ;
#993=VERTEX_POINT('',#992) ;
#1000=VERTEX_POINT('',#999) ;
#1007=VERTEX_POINT('',#1006) ;
#1014=VERTEX_POINT('',#1013) ;
#1021=VERTEX_POINT('',#1020) ;
#1028=VERTEX_POINT('',#1027) ;
#1035=VERTEX_POINT('',#1034) ;
#1042=VERTEX_POINT('',#1041) ;
#1066=VERTEX_POINT('',#1065) ;
#1068=VERTEX_POINT('',#1067) ;
#1090=VERTEX_POINT('',#1089) ;
#1097=VERTEX_POINT('',#1096) ;
#1121=VERTEX_POINT('',#1120) ;
#1123=VERTEX_POINT('',#1122) ;
#1130=VERTEX_POINT('',#1129) ;
#1137=VERTEX_POINT('',#1136) ;
#1161=VERTEX_POINT('',#1160) ;
#1168=VERTEX_POINT('',#1167) ;
#1192=VERTEX_POINT('',#1191) ;
#1199=VERTEX_POINT('',#1198) ;
#1223=VERTEX_POINT('',#1222) ;
#1252=VERTEX_POINT('',#1251) ;
#1254=VERTEX_POINT('',#1253) ;
#1261=VERTEX_POINT('',#1260) ;
#1268=VERTEX_POINT('',#1267) ;
#1292=VERTEX_POINT('',#1291) ;
#1299=VERTEX_POINT('',#1298) ;
#1323=VERTEX_POINT('',#1322) ;
#1325=VERTEX_POINT('',#1324) ;
#1354=VERTEX_POINT('',#1353) ;
#1378=VERTEX_POINT('',#1377) ;
#1402=VERTEX_POINT('',#1401) ;
#1404=VERTEX_POINT('',#1403) ;
#1475=VERTEX_POINT('',#1474) ;
#1518=VERTEX_POINT('',#1517) ;
#1525=VERTEX_POINT('',#1524) ;
#1556=VERTEX_POINT('',#1555) ;
#1563=VERTEX_POINT('',#1562) ;
#1583=VERTEX_POINT('',#1582) ;
#1607=VERTEX_POINT('',#1606) ;
#1631=VERTEX_POINT('',#1630) ;
#1655=VERTEX_POINT('',#1654) ;
#1679=VERTEX_POINT('',#1678) ;
#1722=VERTEX_POINT('',#1721) ;
#1724=VERTEX_POINT('',#1723) ;
#1753=VERTEX_POINT('',#1752) ;
#1777=VERTEX_POINT('',#1776) ;
#1779=VERTEX_POINT('',#1778) ;
#1814=VERTEX_POINT('',#1813) ;
#1835=VERTEX_POINT('',#1834) ;
#1859=VERTEX_POINT('',#1858) ;
#1861=VERTEX_POINT('',#1860) ;
#1885=VERTEX_POINT('',#1884) ;
#1909=VERTEX_POINT('',#1908) ;
#1969=VERTEX_POINT('',#1968) ;
#1995=VERTEX_POINT('',#1994) ;
#2002=VERTEX_POINT('',#2001) ;
#2056=VERTEX_POINT('',#2055) ;
#2082=VERTEX_POINT('',#2081) ;
#2101=VERTEX_POINT('',#2100) ;
#2125=VERTEX_POINT('',#2124) ;
#2144=VERTEX_POINT('',#2143) ;
#2168=VERTEX_POINT('',#2167) ;
#2170=VERTEX_POINT('',#2169) ;
#2214=VERTEX_POINT('',#2213) ;
#2216=VERTEX_POINT('',#2215) ;
#2276=VERTEX_POINT('',#2275) ;
#2302=VERTEX_POINT('',#2301) ;
#2309=VERTEX_POINT('',#2308) ;
#2329=VERTEX_POINT('',#2328) ;
#2353=VERTEX_POINT('',#2352) ;
#2389=VERTEX_POINT('',#2388) ;
#2396=VERTEX_POINT('',#2395) ;
#2432=VERTEX_POINT('',#2431) ;
#2439=VERTEX_POINT('',#2438) ;
#2475=VERTEX_POINT('',#2474) ;
#2482=VERTEX_POINT('',#2481) ;
#2518=VERTEX_POINT('',#2517) ;
#2525=VERTEX_POINT('',#2524) ;
#2561=VERTEX_POINT('',#2560) ;
#2568=VERTEX_POINT('',#2567) ;
#2604=VERTEX_POINT('',#2603) ;
#2611=VERTEX_POINT('',#2610) ;
#2825=VERTEX_POINT('',#2824) ;
#41=(LENGTH_UNIT()NAMED_UNIT(*)SI_UNIT(.MILLI.,.METRE.)) ;
#42=(NAMED_UNIT(*)PLANE_ANGLE_UNIT()SI_UNIT($,.RADIAN.)) ;
#44=(NAMED_UNIT(*)SI_UNIT($,.STERADIAN.)SOLID_ANGLE_UNIT()) ;
#46=(GEOMETRIC_REPRESENTATION_CONTEXT(3)GLOBAL_UNCERTAINTY_ASSIGNED_CONTEXT((#45))GLOBAL_UNIT_ASSIGNED_CONTEXT((#41,#42,#44))REPRESENTATION_CONTEXT(' ',' ')) ;
ENDSEC;
END-ISO-10303-21;
