ISO-10303-21;
HEADER;
FILE_DESCRIPTION(('CATIA V5 STEP Exchange'),'2;1');

FILE_NAME('C:\\Users\\alexi\\Documents\\scolaire\\IPSA\\AeroIpsa\\SP-02\\CATIA\\new_catia\\SP02_ALPHA\\SP02_ALPHA_AF\\STEP\\SP02_ALPHA_AF_BLOC.stp','2025-12-09T14:44:41+00:00',('none'),('none'),'CATIA Version 5 Release 19 GA (IN-10)','CATIA V5 STEP AP203','none');

FILE_SCHEMA(('CONFIG_CONTROL_DESIGN'));

ENDSEC;
/* file written by CATIA V5R19 */
DATA;
#5=PRODUCT('SP02_ALPHA_AF_BLOC','','',(#2)) ;
#54=PRODUCT('SP02_ALPHA_AF_BLOC_BAGUE0','','',(#2)) ;
#1630=PRODUCT('SP02_ALPHA_AF_BLOC_AF','','',(#2)) ;
#2047=PRODUCT('SP02_ALPHA_AF_BLOC_RONDELLE','','',(#2)) ;
#2940=PRODUCT('SP02_ALPHA_AF_BLOC_BIELLE','','',(#2)) ;
#3271=PRODUCT('SP02_ALPHA_AF_BLOC_BAGUE1','','',(#2)) ;
#1=APPLICATION_CONTEXT('configuration controlled 3D design of mechanical parts and assemblies') ;
#17=PRODUCT_DEFINITION('',' ',#6,#3) ;
#19=SECURITY_CLASSIFICATION(' ',' ',#18) ;
#18=SECURITY_CLASSIFICATION_LEVEL('unclassified') ;
#61=CARTESIAN_POINT('Axis2P3D Location',(-23.8615300825,23.8615300825,3.5)) ;
#66=CARTESIAN_POINT('Line Origine',(-24.8903229535,23.6492337924,3.0205744614)) ;
#70=CARTESIAN_POINT('Vertex',(-23.8615300825,23.8615300825,3.5)) ;
#72=CARTESIAN_POINT('Vertex',(-25.9191158245,23.4369375023,2.54114892279)) ;
#75=CARTESIAN_POINT('Axis2P3D Location',(-24.6780266634,24.6780266634,3.5)) ;
#79=CARTESIAN_POINT('Vertex',(-23.4369375023,25.9191158245,4.45885107721)) ;
#82=CARTESIAN_POINT('Line Origine',(-23.6492337924,24.8903229535,3.9794255386)) ;
#93=CARTESIAN_POINT('Axis2P3D Location',(0.,0.,0.)) ;
#98=CARTESIAN_POINT('Axis2P3D Location',(0.,0.,0.)) ;
#102=CARTESIAN_POINT('Vertex',(18.,46.5404125465,0.)) ;
#104=CARTESIAN_POINT('Vertex',(-18.,46.5404125465,0.)) ;
#107=CARTESIAN_POINT('Axis2P3D Location',(0.,0.,0.)) ;
#111=CARTESIAN_POINT('Vertex',(49.3051795679,-7.68174900514,0.)) ;
#114=CARTESIAN_POINT('Axis2P3D Location',(0.,0.,0.)) ;
#118=CARTESIAN_POINT('Vertex',(31.3051795679,-38.8586635414,0.)) ;
#121=CARTESIAN_POINT('Axis2P3D Location',(0.,0.,0.)) ;
#125=CARTESIAN_POINT('Vertex',(-31.3051795679,-38.8586635414,0.)) ;
#128=CARTESIAN_POINT('Axis2P3D Location',(0.,0.,0.)) ;
#132=CARTESIAN_POINT('Vertex',(-49.3051795679,-7.68174900514,0.)) ;
#135=CARTESIAN_POINT('Axis2P3D Location',(0.,0.,0.)) ;
#148=CARTESIAN_POINT('Line Origine',(2.5,31.75,0.)) ;
#152=CARTESIAN_POINT('Vertex',(2.5,21.,0.)) ;
#154=CARTESIAN_POINT('Vertex',(2.5,42.5,0.)) ;
#157=CARTESIAN_POINT('Axis2P3D Location',(-5.20474889638E-015,42.5,0.)) ;
#161=CARTESIAN_POINT('Vertex',(-2.5,42.5,0.)) ;
#164=CARTESIAN_POINT('Line Origine',(-2.5,31.75,0.)) ;
#168=CARTESIAN_POINT('Vertex',(-2.5,21.,0.)) ;
#171=CARTESIAN_POINT('Axis2P3D Location',(-1.71146263515E-015,21.,0.)) ;
#182=CARTESIAN_POINT('Line Origine',(28.7463065702,-13.7099364905,0.)) ;
#186=CARTESIAN_POINT('Vertex',(38.0560796608,-19.0849364905,0.)) ;
#188=CARTESIAN_POINT('Vertex',(19.4365334795,-8.33493649054,0.)) ;
#191=CARTESIAN_POINT('Axis2P3D Location',(18.1865334795,-10.5,0.)) ;
#195=CARTESIAN_POINT('Vertex',(16.9365334795,-12.6650635095,0.)) ;
#198=CARTESIAN_POINT('Line Origine',(26.2463065702,-18.0400635095,0.)) ;
#202=CARTESIAN_POINT('Vertex',(35.5560796608,-23.4150635095,0.)) ;
#205=CARTESIAN_POINT('Axis2P3D Location',(36.8060796608,-21.25,0.)) ;
#216=CARTESIAN_POINT('Line Origine',(-26.2463065702,-18.0400635095,0.)) ;
#220=CARTESIAN_POINT('Vertex',(-35.5560796608,-23.4150635095,0.)) ;
#222=CARTESIAN_POINT('Vertex',(-16.9365334795,-12.6650635095,0.)) ;
#225=CARTESIAN_POINT('Axis2P3D Location',(-18.1865334795,-10.5,0.)) ;
#229=CARTESIAN_POINT('Vertex',(-19.4365334795,-8.33493649054,0.)) ;
#232=CARTESIAN_POINT('Line Origine',(-28.7463065702,-13.7099364905,0.)) ;
#236=CARTESIAN_POINT('Vertex',(-38.0560796608,-19.0849364905,0.)) ;
#239=CARTESIAN_POINT('Axis2P3D Location',(-36.8060796608,-21.25,0.)) ;
#250=CARTESIAN_POINT('Axis2P3D Location',(32.04293994,18.5,0.)) ;
#254=CARTESIAN_POINT('Vertex',(34.54293994,18.5,0.)) ;
#256=CARTESIAN_POINT('Vertex',(29.54293994,18.5,0.)) ;
#259=CARTESIAN_POINT('Axis2P3D Location',(32.04293994,18.5,0.)) ;
#268=CARTESIAN_POINT('Axis2P3D Location',(-32.04293994,18.5,0.)) ;
#272=CARTESIAN_POINT('Vertex',(-29.54293994,18.5,0.)) ;
#274=CARTESIAN_POINT('Vertex',(-34.54293994,18.5,0.)) ;
#277=CARTESIAN_POINT('Axis2P3D Location',(-32.04293994,18.5,0.)) ;
#286=CARTESIAN_POINT('Axis2P3D Location',(0.,-37.,0.)) ;
#290=CARTESIAN_POINT('Vertex',(2.5,-37.,0.)) ;
#292=CARTESIAN_POINT('Vertex',(-2.5,-37.,0.)) ;
#295=CARTESIAN_POINT('Axis2P3D Location',(0.,-37.,0.)) ;
#304=CARTESIAN_POINT('Axis2P3D Location',(0.,0.,0.)) ;
#308=CARTESIAN_POINT('Vertex',(14.2,0.,0.)) ;
#310=CARTESIAN_POINT('Vertex',(-14.2,1.73899845479E-015,0.)) ;
#313=CARTESIAN_POINT('Axis2P3D Location',(0.,0.,0.)) ;
#323=CARTESIAN_POINT('Axis2P3D Location',(0.,0.,1.75)) ;
#328=CARTESIAN_POINT('Line Origine',(18.,46.5404125465,1.75)) ;
#332=CARTESIAN_POINT('Vertex',(18.,46.5404125465,3.5)) ;
#335=CARTESIAN_POINT('Line Origine',(-18.,46.5404125465,1.75)) ;
#339=CARTESIAN_POINT('Vertex',(-18.,46.5404125465,3.5)) ;
#342=CARTESIAN_POINT('Axis2P3D Location',(0.,0.,3.5)) ;
#354=CARTESIAN_POINT('Axis2P3D Location',(18.,19.0525588833,0.)) ;
#359=CARTESIAN_POINT('Line Origine',(18.,32.7964857149,3.5)) ;
#363=CARTESIAN_POINT('Vertex',(18.,19.0525588833,3.5)) ;
#366=CARTESIAN_POINT('Line Origine',(18.,19.0525588833,5.25)) ;
#370=CARTESIAN_POINT('Vertex',(18.,19.0525588833,7.)) ;
#373=CARTESIAN_POINT('Line Origine',(18.,32.7964857149,7.)) ;
#377=CARTESIAN_POINT('Vertex',(18.,46.5404125465,7.)) ;
#380=CARTESIAN_POINT('Line Origine',(18.,46.5404125465,5.25)) ;
#392=CARTESIAN_POINT('Axis2P3D Location',(7.5,-25.1147367097,0.)) ;
#397=CARTESIAN_POINT('Line Origine',(19.4025897839,-31.9867001256,3.5)) ;
#401=CARTESIAN_POINT('Vertex',(31.3051795679,-38.8586635414,3.5)) ;
#403=CARTESIAN_POINT('Vertex',(7.5,-25.1147367097,3.5)) ;
#406=CARTESIAN_POINT('Line Origine',(7.5,-25.1147367097,5.25)) ;
#410=CARTESIAN_POINT('Vertex',(7.5,-25.1147367097,7.)) ;
#413=CARTESIAN_POINT('Line Origine',(19.4025897839,-31.9867001256,7.)) ;
#417=CARTESIAN_POINT('Vertex',(31.3051795679,-38.8586635414,7.)) ;
#420=CARTESIAN_POINT('Line Origine',(31.3051795679,-38.8586635414,5.25)) ;
#432=CARTESIAN_POINT('Axis2P3D Location',(-25.5,6.06217782649,0.)) ;
#437=CARTESIAN_POINT('Line Origine',(-37.4025897839,-0.809785589324,3.5)) ;
#441=CARTESIAN_POINT('Vertex',(-49.3051795679,-7.68174900514,3.5)) ;
#443=CARTESIAN_POINT('Vertex',(-25.5,6.06217782649,3.5)) ;
#446=CARTESIAN_POINT('Line Origine',(-25.5,6.06217782649,5.25)) ;
#450=CARTESIAN_POINT('Vertex',(-25.5,6.06217782649,7.)) ;
#453=CARTESIAN_POINT('Line Origine',(-37.4025897839,-0.809785589324,7.)) ;
#457=CARTESIAN_POINT('Vertex',(-49.3051795679,-7.68174900514,7.)) ;
#460=CARTESIAN_POINT('Line Origine',(-49.3051795679,-7.68174900514,5.25)) ;
#472=CARTESIAN_POINT('Axis2P3D Location',(-1.71146263515E-015,21.,1.75)) ;
#477=CARTESIAN_POINT('Axis2P3D Location',(-1.71146263515E-015,21.,3.5)) ;
#481=CARTESIAN_POINT('Vertex',(-2.5,21.,3.5)) ;
#483=CARTESIAN_POINT('Vertex',(2.5,21.,3.5)) ;
#486=CARTESIAN_POINT('Line Origine',(2.5,21.,1.75)) ;
#491=CARTESIAN_POINT('Line Origine',(-2.5,21.,1.75)) ;
#503=CARTESIAN_POINT('Axis2P3D Location',(-2.5,21.,0.)) ;
#508=CARTESIAN_POINT('Line Origine',(-2.5,31.75,3.5)) ;
#512=CARTESIAN_POINT('Vertex',(-2.5,42.5,3.5)) ;
#515=CARTESIAN_POINT('Line Origine',(-2.5,42.5,1.75)) ;
#527=CARTESIAN_POINT('Axis2P3D Location',(-5.20474889638E-015,42.5,1.75)) ;
#532=CARTESIAN_POINT('Axis2P3D Location',(-5.20474889638E-015,42.5,3.5)) ;
#536=CARTESIAN_POINT('Vertex',(2.5,42.5,3.5)) ;
#539=CARTESIAN_POINT('Line Origine',(2.5,42.5,1.75)) ;
#551=CARTESIAN_POINT('Axis2P3D Location',(2.5,42.5,0.)) ;
#556=CARTESIAN_POINT('Line Origine',(2.5,31.75,3.5)) ;
#568=CARTESIAN_POINT('Axis2P3D Location',(36.8060796608,-21.25,1.75)) ;
#573=CARTESIAN_POINT('Axis2P3D Location',(36.8060796608,-21.25,3.5)) ;
#577=CARTESIAN_POINT('Vertex',(35.5560796608,-23.4150635095,3.5)) ;
#579=CARTESIAN_POINT('Vertex',(38.0560796608,-19.0849364905,3.5)) ;
#582=CARTESIAN_POINT('Line Origine',(38.0560796608,-19.0849364905,1.75)) ;
#587=CARTESIAN_POINT('Line Origine',(35.5560796608,-23.4150635095,1.75)) ;
#599=CARTESIAN_POINT('Axis2P3D Location',(35.5560796608,-23.4150635095,0.)) ;
#604=CARTESIAN_POINT('Line Origine',(26.2463065702,-18.0400635095,3.5)) ;
#608=CARTESIAN_POINT('Vertex',(16.9365334795,-12.6650635095,3.5)) ;
#611=CARTESIAN_POINT('Line Origine',(16.9365334795,-12.6650635095,1.75)) ;
#623=CARTESIAN_POINT('Axis2P3D Location',(18.1865334795,-10.5,1.75)) ;
#628=CARTESIAN_POINT('Axis2P3D Location',(18.1865334795,-10.5,3.5)) ;
#632=CARTESIAN_POINT('Vertex',(19.4365334795,-8.33493649054,3.5)) ;
#635=CARTESIAN_POINT('Line Origine',(19.4365334795,-8.33493649054,1.75)) ;
#647=CARTESIAN_POINT('Axis2P3D Location',(19.4365334795,-8.33493649054,0.)) ;
#652=CARTESIAN_POINT('Line Origine',(28.7463065702,-13.7099364905,3.5)) ;
#664=CARTESIAN_POINT('Axis2P3D Location',(-36.8060796608,-21.25,1.75)) ;
#669=CARTESIAN_POINT('Axis2P3D Location',(-36.8060796608,-21.25,3.5)) ;
#673=CARTESIAN_POINT('Vertex',(-38.0560796608,-19.0849364905,3.5)) ;
#675=CARTESIAN_POINT('Vertex',(-35.5560796608,-23.4150635095,3.5)) ;
#678=CARTESIAN_POINT('Line Origine',(-35.5560796608,-23.4150635095,1.75)) ;
#683=CARTESIAN_POINT('Line Origine',(-38.0560796608,-19.0849364905,1.75)) ;
#695=CARTESIAN_POINT('Axis2P3D Location',(-38.0560796608,-19.0849364905,0.)) ;
#700=CARTESIAN_POINT('Line Origine',(-28.7463065702,-13.7099364905,3.5)) ;
#704=CARTESIAN_POINT('Vertex',(-19.4365334795,-8.33493649054,3.5)) ;
#707=CARTESIAN_POINT('Line Origine',(-19.4365334795,-8.33493649054,1.75)) ;
#719=CARTESIAN_POINT('Axis2P3D Location',(-18.1865334795,-10.5,1.75)) ;
#724=CARTESIAN_POINT('Axis2P3D Location',(-18.1865334795,-10.5,3.5)) ;
#728=CARTESIAN_POINT('Vertex',(-16.9365334795,-12.6650635095,3.5)) ;
#731=CARTESIAN_POINT('Line Origine',(-16.9365334795,-12.6650635095,1.75)) ;
#743=CARTESIAN_POINT('Axis2P3D Location',(-16.9365334795,-12.6650635095,0.)) ;
#748=CARTESIAN_POINT('Line Origine',(-26.2463065702,-18.0400635095,3.5)) ;
#760=CARTESIAN_POINT('Axis2P3D Location',(32.04293994,18.5,3.5)) ;
#765=CARTESIAN_POINT('Axis2P3D Location',(32.04293994,18.5,7.)) ;
#769=CARTESIAN_POINT('Vertex',(29.54293994,18.5,7.)) ;
#771=CARTESIAN_POINT('Vertex',(34.54293994,18.5,7.)) ;
#774=CARTESIAN_POINT('Line Origine',(34.54293994,18.5,3.5)) ;
#779=CARTESIAN_POINT('Line Origine',(29.54293994,18.5,3.5)) ;
#791=CARTESIAN_POINT('Axis2P3D Location',(32.04293994,18.5,7.)) ;
#803=CARTESIAN_POINT('Axis2P3D Location',(-32.04293994,18.5,3.5)) ;
#808=CARTESIAN_POINT('Axis2P3D Location',(-32.04293994,18.5,7.)) ;
#812=CARTESIAN_POINT('Vertex',(-34.54293994,18.5,7.)) ;
#814=CARTESIAN_POINT('Vertex',(-29.54293994,18.5,7.)) ;
#817=CARTESIAN_POINT('Line Origine',(-29.54293994,18.5,3.5)) ;
#822=CARTESIAN_POINT('Line Origine',(-34.54293994,18.5,3.5)) ;
#834=CARTESIAN_POINT('Axis2P3D Location',(-32.04293994,18.5,7.)) ;
#846=CARTESIAN_POINT('Axis2P3D Location',(0.,-37.,3.5)) ;
#851=CARTESIAN_POINT('Axis2P3D Location',(0.,-37.,7.)) ;
#855=CARTESIAN_POINT('Vertex',(-2.5,-37.,7.)) ;
#857=CARTESIAN_POINT('Vertex',(2.5,-37.,7.)) ;
#860=CARTESIAN_POINT('Line Origine',(2.5,-37.,3.5)) ;
#865=CARTESIAN_POINT('Line Origine',(-2.5,-37.,3.5)) ;
#877=CARTESIAN_POINT('Axis2P3D Location',(0.,-37.,7.)) ;
#889=CARTESIAN_POINT('Axis2P3D Location',(0.,0.,0.75)) ;
#894=CARTESIAN_POINT('Axis2P3D Location',(0.,0.,1.5)) ;
#898=CARTESIAN_POINT('Vertex',(-14.2,1.73899845479E-015,1.5)) ;
#900=CARTESIAN_POINT('Vertex',(14.2,0.,1.5)) ;
#903=CARTESIAN_POINT('Line Origine',(14.2,-3.47799690958E-015,0.75)) ;
#908=CARTESIAN_POINT('Line Origine',(-14.2,1.73899845479E-015,0.75)) ;
#920=CARTESIAN_POINT('Axis2P3D Location',(0.,0.,1.5)) ;
#932=CARTESIAN_POINT('Axis2P3D Location',(33.,19.0525588833,3.5)) ;
#937=CARTESIAN_POINT('Line Origine',(25.5,6.06217782649,3.5)) ;
#941=CARTESIAN_POINT('Vertex',(25.5,6.06217782649,3.5)) ;
#943=CARTESIAN_POINT('Vertex',(25.5,6.06217782649,7.)) ;
#946=CARTESIAN_POINT('Axis2P3D Location',(33.,19.0525588833,7.)) ;
#951=CARTESIAN_POINT('Axis2P3D Location',(33.,19.0525588833,3.5)) ;
#963=CARTESIAN_POINT('Axis2P3D Location',(3.5527136788E-015,-38.1051177665,3.5)) ;
#968=CARTESIAN_POINT('Line Origine',(-7.5,-25.1147367097,3.5)) ;
#972=CARTESIAN_POINT('Vertex',(-7.5,-25.1147367097,3.5)) ;
#974=CARTESIAN_POINT('Vertex',(-7.5,-25.1147367097,7.)) ;
#977=CARTESIAN_POINT('Axis2P3D Location',(3.5527136788E-015,-38.1051177665,7.)) ;
#982=CARTESIAN_POINT('Axis2P3D Location',(3.5527136788E-015,-38.1051177665,3.5)) ;
#994=CARTESIAN_POINT('Axis2P3D Location',(-33.,19.0525588833,3.5)) ;
#999=CARTESIAN_POINT('Line Origine',(-18.,19.0525588833,3.5)) ;
#1003=CARTESIAN_POINT('Vertex',(-18.,19.0525588833,3.5)) ;
#1005=CARTESIAN_POINT('Vertex',(-18.,19.0525588833,7.)) ;
#1008=CARTESIAN_POINT('Axis2P3D Location',(-33.,19.0525588833,7.)) ;
#1013=CARTESIAN_POINT('Axis2P3D Location',(-33.,19.0525588833,3.5)) ;
#1025=CARTESIAN_POINT('Axis2P3D Location',(0.,0.,1.5)) ;
#1030=CARTESIAN_POINT('Axis2P3D Location',(0.,0.,1.5)) ;
#1034=CARTESIAN_POINT('Vertex',(16.2,0.,1.5)) ;
#1036=CARTESIAN_POINT('Vertex',(-16.2,-1.24045625845E-014,1.5)) ;
#1039=CARTESIAN_POINT('Axis2P3D Location',(0.,0.,1.5)) ;
#1053=CARTESIAN_POINT('Axis2P3D Location',(0.,0.,1.75)) ;
#1058=CARTESIAN_POINT('Line Origine',(16.2,0.,1.75)) ;
#1062=CARTESIAN_POINT('Vertex',(16.2,0.,3.5)) ;
#1065=CARTESIAN_POINT('Axis2P3D Location',(0.,0.,3.5)) ;
#1069=CARTESIAN_POINT('Vertex',(-16.2,1.98392781462E-015,3.5)) ;
#1072=CARTESIAN_POINT('Line Origine',(-16.2,1.98392781462E-015,1.75)) ;
#1084=CARTESIAN_POINT('Axis2P3D Location',(0.,0.,3.5)) ;
#1096=CARTESIAN_POINT('Axis2P3D Location',(-18.,46.5404125465,0.)) ;
#1101=CARTESIAN_POINT('Line Origine',(-18.,32.7964857149,3.5)) ;
#1106=CARTESIAN_POINT('Line Origine',(-18.,46.5404125465,5.25)) ;
#1110=CARTESIAN_POINT('Vertex',(-18.,46.5404125465,7.)) ;
#1113=CARTESIAN_POINT('Line Origine',(-18.,32.7964857149,7.)) ;
#1125=CARTESIAN_POINT('Axis2P3D Location',(0.,0.,7.)) ;
#1130=CARTESIAN_POINT('Axis2P3D Location',(0.,0.,7.)) ;
#1146=CARTESIAN_POINT('Axis2P3D Location',(-31.3051795679,-38.8586635414,0.)) ;
#1151=CARTESIAN_POINT('Line Origine',(-19.4025897839,-31.9867001256,3.5)) ;
#1155=CARTESIAN_POINT('Vertex',(-31.3051795679,-38.8586635414,3.5)) ;
#1158=CARTESIAN_POINT('Line Origine',(-31.3051795679,-38.8586635414,5.25)) ;
#1162=CARTESIAN_POINT('Vertex',(-31.3051795679,-38.8586635414,7.)) ;
#1165=CARTESIAN_POINT('Line Origine',(-19.4025897839,-31.9867001256,7.)) ;
#1177=CARTESIAN_POINT('Axis2P3D Location',(0.,0.,7.)) ;
#1193=CARTESIAN_POINT('Axis2P3D Location',(0.,0.,3.5)) ;
#1198=CARTESIAN_POINT('Axis2P3D Location',(0.,0.,3.5)) ;
#1203=CARTESIAN_POINT('Axis2P3D Location',(0.,0.,3.5)) ;
#1207=CARTESIAN_POINT('Vertex',(49.3051795679,-7.68174900514,3.5)) ;
#1210=CARTESIAN_POINT('Line Origine',(37.4025897839,-0.809785589324,3.5)) ;
#1252=CARTESIAN_POINT('Axis2P3D Location',(49.3051795679,-7.68174900514,0.)) ;
#1257=CARTESIAN_POINT('Line Origine',(49.3051795679,-7.68174900514,5.25)) ;
#1261=CARTESIAN_POINT('Vertex',(49.3051795679,-7.68174900514,7.)) ;
#1264=CARTESIAN_POINT('Line Origine',(37.4025897839,-0.809785589324,7.)) ;
#1276=CARTESIAN_POINT('Axis2P3D Location',(0.,0.,7.)) ;
#1292=CARTESIAN_POINT('Axis2P3D Location',(-35.2139177031,35.2139177031,3.5)) ;
#1298=CARTESIAN_POINT('Control Point',(-36.5038839695,34.0217056472,2.54114892279)) ;
#1299=CARTESIAN_POINT('Control Point',(-36.3365057005,34.2012956117,2.09205049227)) ;
#1300=CARTESIAN_POINT('Control Point',(-36.0700846961,34.4849397996,1.72147537465)) ;
#1301=CARTESIAN_POINT('Control Point',(-35.7242171098,34.8458821041,1.49149916056)) ;
#1302=CARTESIAN_POINT('Control Point',(-35.1584606583,35.4155494796,1.41020587727)) ;
#1303=CARTESIAN_POINT('Control Point',(-34.6372866312,35.9215049172,1.69004177188)) ;
#1304=CARTESIAN_POINT('Control Point',(-34.4744408868,36.0775262728,1.82202792316)) ;
#1305=CARTESIAN_POINT('Control Point',(-34.0526522469,36.477500219,2.30294962754)) ;
#1306=CARTESIAN_POINT('Control Point',(-33.8163554115,36.6945247111,3.01257727112)) ;
#1307=CARTESIAN_POINT('Control Point',(-33.7737842409,36.733070078,3.53073192725)) ;
#1308=CARTESIAN_POINT('Control Point',(-33.850415546,36.6635267463,4.03050801356)) ;
#1309=CARTESIAN_POINT('Control Point',(-34.0217056472,36.5038839695,4.45885107721)) ;
#1310=CARTESIAN_POINT('Vertex',(-36.5038839695,34.0217056472,2.54114892279)) ;
#1312=CARTESIAN_POINT('Vertex',(-34.0217056472,36.5038839695,4.45885107721)) ;
#1315=CARTESIAN_POINT('Line Origine',(-38.6558131712,36.173634849,2.54114892279)) ;
#1320=CARTESIAN_POINT('Axis2P3D Location',(-24.6780266634,24.6780266634,3.5)) ;
#1325=CARTESIAN_POINT('Line Origine',(-36.173634849,38.6558131712,4.45885107721)) ;
#1338=CARTESIAN_POINT('Control Point',(-34.0217056472,36.5038839695,4.45885107721)) ;
#1339=CARTESIAN_POINT('Control Point',(-34.2012956117,36.3365057004,4.90794950778)) ;
#1340=CARTESIAN_POINT('Control Point',(-34.4849397997,36.0700846961,5.27852462544)) ;
#1341=CARTESIAN_POINT('Control Point',(-34.845882104,35.7242171099,5.50850083942)) ;
#1342=CARTESIAN_POINT('Control Point',(-35.4155494795,35.1584606583,5.58979412276)) ;
#1343=CARTESIAN_POINT('Control Point',(-35.9215049172,34.6372866312,5.30995822811)) ;
#1344=CARTESIAN_POINT('Control Point',(-36.0775262728,34.4744408868,5.17797207686)) ;
#1345=CARTESIAN_POINT('Control Point',(-36.477500219,34.0526522469,4.69705037246)) ;
#1346=CARTESIAN_POINT('Control Point',(-36.6945247111,33.8163554115,3.98742272886)) ;
#1347=CARTESIAN_POINT('Control Point',(-36.733070078,33.7737842409,3.46926807277)) ;
#1348=CARTESIAN_POINT('Control Point',(-36.6635267463,33.850415546,2.96949198645)) ;
#1349=CARTESIAN_POINT('Control Point',(-36.5038839695,34.0217056472,2.54114892279)) ;
#1364=CARTESIAN_POINT('Axis2P3D Location',(0.,0.,3.5)) ;
#1394=CARTESIAN_POINT('Control Point',(-11.2117193858,-48.6241436779,2.54114892279)) ;
#1395=CARTESIAN_POINT('Control Point',(-11.4509379919,-48.5689848272,2.09205049227)) ;
#1396=CARTESIAN_POINT('Control Point',(-11.8297902473,-48.4800800178,1.72147791248)) ;
#1397=CARTESIAN_POINT('Control Point',(-12.3153078218,-48.3610212856,1.49149855938)) ;
#1398=CARTESIAN_POINT('Control Point',(-13.091536585,-48.1558944836,1.41020617884)) ;
#1399=CARTESIAN_POINT('Control Point',(-13.7902917947,-47.9575227721,1.6900416206)) ;
#1400=CARTESIAN_POINT('Control Point',(-14.0068333426,-47.8945048221,1.82202737619)) ;
#1401=CARTESIAN_POINT('Control Point',(-14.56411663,-47.7292118381,2.30295066751)) ;
#1402=CARTESIAN_POINT('Control Point',(-14.870211168,-47.6330855542,3.01257529379)) ;
#1403=CARTESIAN_POINT('Control Point',(-14.9248784802,-47.6154904155,3.53073423596)) ;
#1404=CARTESIAN_POINT('Control Point',(-14.8263377816,-47.6470831647,4.03050801356)) ;
#1405=CARTESIAN_POINT('Control Point',(-14.6024380307,-47.7156033553,4.45885107721)) ;
#1406=CARTESIAN_POINT('Vertex',(-11.2117193858,-48.6241436779,2.54114892279)) ;
#1408=CARTESIAN_POINT('Vertex',(-14.6024380307,-47.7156033553,4.45885107721)) ;
#1412=CARTESIAN_POINT('Control Point',(-14.6024380307,-47.7156033553,4.45885107721)) ;
#1413=CARTESIAN_POINT('Control Point',(-14.3676892155,-47.7874436923,4.90794950778)) ;
#1414=CARTESIAN_POINT('Control Point',(-13.9951411332,-47.8998759966,5.27852208762)) ;
#1415=CARTESIAN_POINT('Control Point',(-13.5151412138,-48.0395268972,5.5085014406)) ;
#1416=CARTESIAN_POINT('Control Point',(-12.7403439846,-48.2499962572,5.58979382118)) ;
#1417=CARTESIAN_POINT('Control Point',(-12.0360183662,-48.4275789205,5.30995837939)) ;
#1418=CARTESIAN_POINT('Control Point',(-11.8169789097,-48.4812745489,5.17797262382)) ;
#1419=CARTESIAN_POINT('Control Point',(-11.2517109338,-48.6167682694,4.69704933249)) ;
#1420=CARTESIAN_POINT('Control Point',(-10.938562146,-48.6865677345,3.98742470619)) ;
#1421=CARTESIAN_POINT('Control Point',(-10.8824212955,-48.6986635536,3.46926576406)) ;
#1422=CARTESIAN_POINT('Control Point',(-10.9835564183,-48.6767533276,2.96949198645)) ;
#1423=CARTESIAN_POINT('Control Point',(-11.2117193858,-48.6241436779,2.54114892279)) ;
#1430=CARTESIAN_POINT('Control Point',(47.7156033553,14.6024380307,2.54114892279)) ;
#1431=CARTESIAN_POINT('Control Point',(47.7874436923,14.3676892155,2.09205049227)) ;
#1432=CARTESIAN_POINT('Control Point',(47.8998759966,13.9951411333,1.72147791248)) ;
#1433=CARTESIAN_POINT('Control Point',(48.0395268972,13.5151412137,1.49149855938)) ;
#1434=CARTESIAN_POINT('Control Point',(48.2499962572,12.7403439846,1.41020617884)) ;
#1435=CARTESIAN_POINT('Control Point',(48.4275789205,12.0360183663,1.6900416206)) ;
#1436=CARTESIAN_POINT('Control Point',(48.4812745489,11.8169789097,1.82202737619)) ;
#1437=CARTESIAN_POINT('Control Point',(48.6167682694,11.2517109338,2.30295066751)) ;
#1438=CARTESIAN_POINT('Control Point',(48.6865677345,10.938562146,3.01257529379)) ;
#1439=CARTESIAN_POINT('Control Point',(48.6986635536,10.8824212955,3.53073423596)) ;
#1440=CARTESIAN_POINT('Control Point',(48.6767533276,10.9835564184,4.03050801356)) ;
#1441=CARTESIAN_POINT('Control Point',(48.6241436779,11.2117193858,4.45885107721)) ;
#1442=CARTESIAN_POINT('Vertex',(47.7156033553,14.6024380307,2.54114892279)) ;
#1444=CARTESIAN_POINT('Vertex',(48.6241436779,11.2117193858,4.45885107721)) ;
#1448=CARTESIAN_POINT('Control Point',(48.6241436779,11.2117193858,4.45885107721)) ;
#1449=CARTESIAN_POINT('Control Point',(48.5689848272,11.4509379919,4.90794950778)) ;
#1450=CARTESIAN_POINT('Control Point',(48.4800800178,11.8297902474,5.27852208762)) ;
#1451=CARTESIAN_POINT('Control Point',(48.3610212857,12.3153078217,5.5085014406)) ;
#1452=CARTESIAN_POINT('Control Point',(48.1558944836,13.091536585,5.58979382118)) ;
#1453=CARTESIAN_POINT('Control Point',(47.9575227721,13.7902917947,5.30995837939)) ;
#1454=CARTESIAN_POINT('Control Point',(47.8945048221,14.0068333426,5.17797262382)) ;
#1455=CARTESIAN_POINT('Control Point',(47.7292118381,14.56411663,4.69704933249)) ;
#1456=CARTESIAN_POINT('Control Point',(47.6330855542,14.870211168,3.98742470619)) ;
#1457=CARTESIAN_POINT('Control Point',(47.6154904155,14.9248784802,3.46926576406)) ;
#1458=CARTESIAN_POINT('Control Point',(47.6470831647,14.8263377816,2.96949198645)) ;
#1459=CARTESIAN_POINT('Control Point',(47.7156033553,14.6024380307,2.54114892279)) ;
#1466=CARTESIAN_POINT('Axis2P3D Location',(32.5954562658,8.73392618336,3.5)) ;
#1471=CARTESIAN_POINT('Line Origine',(32.925998721,9.73103508995,3.0205744614)) ;
#1475=CARTESIAN_POINT('Vertex',(32.5954562658,8.73392618336,3.5)) ;
#1477=CARTESIAN_POINT('Vertex',(33.2565411762,10.7281439965,2.54114892279)) ;
#1480=CARTESIAN_POINT('Axis2P3D Location',(33.7108113375,9.03278467408,3.5)) ;
#1484=CARTESIAN_POINT('Vertex',(34.1650814988,7.33742535162,4.45885107721)) ;
#1487=CARTESIAN_POINT('Line Origine',(33.3802688823,8.03567576749,3.9794255386)) ;
#1498=CARTESIAN_POINT('Axis2P3D Location',(33.7108113375,9.03278467408,3.5)) ;
#1509=CARTESIAN_POINT('Axis2P3D Location',(48.1031061492,12.8891884461,3.5)) ;
#1514=CARTESIAN_POINT('Line Origine',(51.5637336347,11.9993801408,4.45885107721)) ;
#1519=CARTESIAN_POINT('Line Origine',(50.655193312,15.3900987857,2.54114892279)) ;
#1538=CARTESIAN_POINT('Axis2P3D Location',(-8.73392618336,-32.5954562658,3.5)) ;
#1543=CARTESIAN_POINT('Line Origine',(-8.03567576749,-33.3802688823,3.0205744614)) ;
#1547=CARTESIAN_POINT('Vertex',(-8.73392618336,-32.5954562658,3.5)) ;
#1549=CARTESIAN_POINT('Vertex',(-7.33742535162,-34.1650814988,2.54114892279)) ;
#1552=CARTESIAN_POINT('Axis2P3D Location',(-9.03278467408,-33.7108113375,3.5)) ;
#1556=CARTESIAN_POINT('Vertex',(-10.7281439965,-33.2565411762,4.45885107721)) ;
#1559=CARTESIAN_POINT('Line Origine',(-9.73103508995,-32.925998721,3.9794255386)) ;
#1570=CARTESIAN_POINT('Axis2P3D Location',(-9.03278467408,-33.7108113375,3.5)) ;
#1581=CARTESIAN_POINT('Axis2P3D Location',(-12.8891884461,-48.1031061492,3.5)) ;
#1586=CARTESIAN_POINT('Line Origine',(-15.3900987857,-50.655193312,4.45885107721)) ;
#1591=CARTESIAN_POINT('Line Origine',(-11.9993801408,-51.5637336347,2.54114892279)) ;
#1620=CARTESIAN_POINT('NONE',(0.,0.,0.)) ;
#1621=CARTESIAN_POINT('NONE',(0.,0.,0.)) ;
#1637=CARTESIAN_POINT('Axis2P3D Location',(0.,0.,1.45)) ;
#1642=CARTESIAN_POINT('Line Origine',(-8.88873115914,14.4910475253,1.45)) ;
#1646=CARTESIAN_POINT('Vertex',(-8.88873115914,14.4910475253,0.)) ;
#1648=CARTESIAN_POINT('Vertex',(-8.88873115914,14.4910475253,2.9)) ;
#1651=CARTESIAN_POINT('Axis2P3D Location',(0.,0.,0.)) ;
#1655=CARTESIAN_POINT('Vertex',(8.88873115914,14.4910475253,0.)) ;
#1658=CARTESIAN_POINT('Line Origine',(8.88873115914,14.4910475253,1.45)) ;
#1662=CARTESIAN_POINT('Vertex',(8.88873115914,14.4910475253,2.9)) ;
#1665=CARTESIAN_POINT('Axis2P3D Location',(0.,0.,2.9)) ;
#1677=CARTESIAN_POINT('Axis2P3D Location',(0.,21.,1.45)) ;
#1682=CARTESIAN_POINT('Axis2P3D Location',(0.,21.,2.9)) ;
#1686=CARTESIAN_POINT('Vertex',(-2.,21.,2.9)) ;
#1688=CARTESIAN_POINT('Vertex',(2.,21.,2.9)) ;
#1691=CARTESIAN_POINT('Line Origine',(2.,21.,1.45)) ;
#1695=CARTESIAN_POINT('Vertex',(2.,21.,0.)) ;
#1698=CARTESIAN_POINT('Axis2P3D Location',(0.,21.,0.)) ;
#1702=CARTESIAN_POINT('Vertex',(-2.,21.,0.)) ;
#1705=CARTESIAN_POINT('Line Origine',(-2.,21.,1.45)) ;
#1717=CARTESIAN_POINT('Axis2P3D Location',(0.,21.,2.9)) ;
#1722=CARTESIAN_POINT('Axis2P3D Location',(0.,21.,0.)) ;
#1734=CARTESIAN_POINT('Axis2P3D Location',(-8.88873115914,14.4910475253,0.)) ;
#1739=CARTESIAN_POINT('Axis2P3D Location',(14.5,14.4910475253,3.35)) ;
#1743=CARTESIAN_POINT('Vertex',(17.8196385349,14.4910475253,2.9)) ;
#1745=CARTESIAN_POINT('Vertex',(14.5,14.4910475253,0.)) ;
#1748=CARTESIAN_POINT('Line Origine',(13.354184847,14.4910475253,2.9)) ;
#1753=CARTESIAN_POINT('Line Origine',(11.6943655796,14.4910475253,0.)) ;
#1765=CARTESIAN_POINT('Axis2P3D Location',(-14.5,14.4910475253,3.35)) ;
#1769=CARTESIAN_POINT('Vertex',(-14.5,14.4910475253,0.)) ;
#1771=CARTESIAN_POINT('Vertex',(-17.8196385358,14.4910475253,2.9)) ;
#1774=CARTESIAN_POINT('Line Origine',(-11.6943655796,14.4910475253,0.)) ;
#1779=CARTESIAN_POINT('Line Origine',(-13.3541848475,14.4910475253,2.9)) ;
#1791=CARTESIAN_POINT('Axis2P3D Location',(0.,-2.34927905018,3.35)) ;
#1796=CARTESIAN_POINT('Axis2P3D Location',(0.,-2.34927905018,0.)) ;
#1800=CARTESIAN_POINT('Vertex',(14.5,47.5881818384,0.)) ;
#1802=CARTESIAN_POINT('Vertex',(-14.5,47.5881818384,0.)) ;
#1806=CARTESIAN_POINT('Control Point',(-14.5,47.5881818384,-1.11022302463E-016)) ;
#1807=CARTESIAN_POINT('Control Point',(-15.1311066909,47.404931692,-3.38813178902E-017)) ;
#1808=CARTESIAN_POINT('Control Point',(-15.759317112,47.2117120875,0.148617723158)) ;
#1809=CARTESIAN_POINT('Control Point',(-16.3419855002,47.0207217537,0.442268136586)) ;
#1810=CARTESIAN_POINT('Control Point',(-17.2609768651,46.7057761828,1.22743529834)) ;
#1811=CARTESIAN_POINT('Control Point',(-17.7679297192,46.5215465019,2.34311993009)) ;
#1812=CARTESIAN_POINT('Control Point',(-17.891985313,46.4754659186,2.90380396101)) ;
#1813=CARTESIAN_POINT('Control Point',(-17.8951264926,46.4750864922,4.13042927998)) ;
#1814=CARTESIAN_POINT('Control Point',(-17.3787701098,46.6621175164,5.23750308523)) ;
#1815=CARTESIAN_POINT('Control Point',(-16.9689399062,46.8080296803,5.74222747324)) ;
#1816=CARTESIAN_POINT('Control Point',(-16.2298975515,47.0583193664,6.31432562638)) ;
#1817=CARTESIAN_POINT('Control Point',(-15.3673474157,47.3294324877,6.60538751872)) ;
#1818=CARTESIAN_POINT('Control Point',(-15.0816779106,47.416983277,6.66837066012)) ;
#1819=CARTESIAN_POINT('Control Point',(-14.7911471524,47.5036434251,6.7)) ;
#1820=CARTESIAN_POINT('Control Point',(-14.5,47.5881818384,6.7)) ;
#1821=CARTESIAN_POINT('Vertex',(-14.5,47.5881818384,6.7)) ;
#1824=CARTESIAN_POINT('Axis2P3D Location',(0.,-2.34927905018,6.7)) ;
#1828=CARTESIAN_POINT('Vertex',(14.5,47.5881818384,6.7)) ;
#1832=CARTESIAN_POINT('Control Point',(14.5,47.5881818384,6.7)) ;
#1833=CARTESIAN_POINT('Control Point',(15.1311066909,47.404931692,6.7)) ;
#1834=CARTESIAN_POINT('Control Point',(15.759317112,47.2117120875,6.55138227687)) ;
#1835=CARTESIAN_POINT('Control Point',(16.3419855003,47.0207217537,6.25773186338)) ;
#1836=CARTESIAN_POINT('Control Point',(17.2609768652,46.7057761827,5.47256470161)) ;
#1837=CARTESIAN_POINT('Control Point',(17.7679297192,46.5215465019,4.35688006984)) ;
#1838=CARTESIAN_POINT('Control Point',(17.891985313,46.4754659186,3.79619603906)) ;
#1839=CARTESIAN_POINT('Control Point',(17.8951264926,46.4750864922,2.56957072006)) ;
#1840=CARTESIAN_POINT('Control Point',(17.3787701098,46.6621175164,1.46249691478)) ;
#1841=CARTESIAN_POINT('Control Point',(16.9689399062,46.8080296803,0.957772526754)) ;
#1842=CARTESIAN_POINT('Control Point',(16.2298975515,47.0583193664,0.385674373626)) ;
#1843=CARTESIAN_POINT('Control Point',(15.3673474157,47.3294324877,0.0946124812774)) ;
#1844=CARTESIAN_POINT('Control Point',(15.0816779106,47.416983277,0.0316293398818)) ;
#1845=CARTESIAN_POINT('Control Point',(14.7911471524,47.5036434251,9.07151510093E-016)) ;
#1846=CARTESIAN_POINT('Control Point',(14.5,47.5881818384,1.38777878078E-017)) ;
#1855=CARTESIAN_POINT('Axis2P3D Location',(0.,0.,0.)) ;
#1860=CARTESIAN_POINT('Line Origine',(14.5,31.0396146819,0.)) ;
#1865=CARTESIAN_POINT('Line Origine',(-14.5,31.0396146819,0.)) ;
#1883=CARTESIAN_POINT('Axis2P3D Location',(0.,0.,2.9)) ;
#1888=CARTESIAN_POINT('Line Origine',(17.8196385347,19.9955237627,2.9)) ;
#1892=CARTESIAN_POINT('Vertex',(17.8196385345,25.5,2.9)) ;
#1895=CARTESIAN_POINT('Line Origine',(3.5527136788E-015,25.5,2.9)) ;
#1899=CARTESIAN_POINT('Vertex',(-17.8196385345,25.5,2.9)) ;
#1902=CARTESIAN_POINT('Line Origine',(-17.8196385352,19.9955237627,2.9)) ;
#1920=CARTESIAN_POINT('Axis2P3D Location',(-17.85,25.5,0.)) ;
#1925=CARTESIAN_POINT('Line Origine',(3.5527136788E-015,25.5,6.7)) ;
#1929=CARTESIAN_POINT('Vertex',(14.5,25.5,6.7)) ;
#1931=CARTESIAN_POINT('Vertex',(-14.5,25.5,6.7)) ;
#1934=CARTESIAN_POINT('Axis2P3D Location',(-14.5,25.5,3.35)) ;
#1939=CARTESIAN_POINT('Axis2P3D Location',(14.5,25.5,3.35)) ;
#1951=CARTESIAN_POINT('Axis2P3D Location',(0.,0.,6.7)) ;
#1956=CARTESIAN_POINT('Line Origine',(-14.5,36.5440909192,6.7)) ;
#1961=CARTESIAN_POINT('Line Origine',(14.5,36.5440909192,6.7)) ;
#1973=CARTESIAN_POINT('Axis2P3D Location',(14.5,29.5,3.35)) ;
#1987=CARTESIAN_POINT('Axis2P3D Location',(-14.5,29.5,3.35)) ;
#2011=CARTESIAN_POINT('NONE',(0.,0.,0.)) ;
#2012=CARTESIAN_POINT('NONE',(0.0500000000001,0.103629389244,3.6)) ;
#2026=CARTESIAN_POINT('NONE',(0.,0.,0.)) ;
#2027=CARTESIAN_POINT('NONE',(0.064745683658,-0.0951159648079,3.6)) ;
#2039=CARTESIAN_POINT('NONE',(0.,0.,0.)) ;
#2040=CARTESIAN_POINT('NONE',(-0.114745683662,-0.00851342443188,3.6)) ;
#2054=CARTESIAN_POINT('Axis2P3D Location',(0.,0.,2.5)) ;
#2059=CARTESIAN_POINT('Line Origine',(16.,0.,2.5)) ;
#2063=CARTESIAN_POINT('Vertex',(16.,0.,0.)) ;
#2065=CARTESIAN_POINT('Vertex',(16.,0.,5.)) ;
#2068=CARTESIAN_POINT('Axis2P3D Location',(0.,0.,0.)) ;
#2072=CARTESIAN_POINT('Vertex',(-16.,1.95943487864E-015,0.)) ;
#2075=CARTESIAN_POINT('Line Origine',(-16.,1.95943487864E-015,2.5)) ;
#2079=CARTESIAN_POINT('Vertex',(-16.,1.95943487864E-015,5.)) ;
#2082=CARTESIAN_POINT('Axis2P3D Location',(0.,0.,5.)) ;
#2094=CARTESIAN_POINT('Axis2P3D Location',(0.,0.,0.)) ;
#2099=CARTESIAN_POINT('Axis2P3D Location',(0.,0.,5.)) ;
#2111=CARTESIAN_POINT('Axis2P3D Location',(10.3923048454,-6.,2.5)) ;
#2116=CARTESIAN_POINT('Axis2P3D Location',(10.3923048454,-6.,5.)) ;
#2120=CARTESIAN_POINT('Vertex',(8.39230484541,-6.,5.)) ;
#2122=CARTESIAN_POINT('Vertex',(12.3923048454,-6.,5.)) ;
#2125=CARTESIAN_POINT('Line Origine',(12.3923048454,-6.,2.5)) ;
#2129=CARTESIAN_POINT('Vertex',(12.3923048454,-6.,0.)) ;
#2132=CARTESIAN_POINT('Axis2P3D Location',(10.3923048454,-6.,0.)) ;
#2136=CARTESIAN_POINT('Vertex',(8.39230484541,-6.,0.)) ;
#2139=CARTESIAN_POINT('Line Origine',(8.39230484541,-6.,2.5)) ;
#2151=CARTESIAN_POINT('Axis2P3D Location',(10.3923048454,-6.,5.)) ;
#2156=CARTESIAN_POINT('Axis2P3D Location',(10.3923048454,-6.,0.)) ;
#2168=CARTESIAN_POINT('Axis2P3D Location',(0.,12.,2.5)) ;
#2173=CARTESIAN_POINT('Axis2P3D Location',(0.,12.,5.)) ;
#2177=CARTESIAN_POINT('Vertex',(-2.,12.,5.)) ;
#2179=CARTESIAN_POINT('Vertex',(2.,12.,5.)) ;
#2182=CARTESIAN_POINT('Line Origine',(2.,12.,2.5)) ;
#2186=CARTESIAN_POINT('Vertex',(2.,12.,0.)) ;
#2189=CARTESIAN_POINT('Axis2P3D Location',(0.,12.,0.)) ;
#2193=CARTESIAN_POINT('Vertex',(-2.,12.,0.)) ;
#2196=CARTESIAN_POINT('Line Origine',(-2.,12.,2.5)) ;
#2208=CARTESIAN_POINT('Axis2P3D Location',(0.,12.,5.)) ;
#2213=CARTESIAN_POINT('Axis2P3D Location',(0.,12.,0.)) ;
#2225=CARTESIAN_POINT('Axis2P3D Location',(-10.3923048454,-6.,2.5)) ;
#2230=CARTESIAN_POINT('Axis2P3D Location',(-10.3923048454,-6.,5.)) ;
#2234=CARTESIAN_POINT('Vertex',(-12.3923048454,-6.,5.)) ;
#2236=CARTESIAN_POINT('Vertex',(-8.39230484541,-6.,5.)) ;
#2239=CARTESIAN_POINT('Line Origine',(-8.39230484541,-6.,2.5)) ;
#2243=CARTESIAN_POINT('Vertex',(-8.39230484541,-6.,0.)) ;
#2246=CARTESIAN_POINT('Axis2P3D Location',(-10.3923048454,-6.,0.)) ;
#2250=CARTESIAN_POINT('Vertex',(-12.3923048454,-6.,0.)) ;
#2253=CARTESIAN_POINT('Line Origine',(-12.3923048454,-6.,2.5)) ;
#2265=CARTESIAN_POINT('Axis2P3D Location',(-10.3923048454,-6.,5.)) ;
#2270=CARTESIAN_POINT('Axis2P3D Location',(-10.3923048454,-6.,0.)) ;
#2282=CARTESIAN_POINT('Axis2P3D Location',(0.,0.,2.5)) ;
#2287=CARTESIAN_POINT('Axis2P3D Location',(0.,0.,5.)) ;
#2291=CARTESIAN_POINT('Vertex',(-2.7,3.3065463577E-016,5.)) ;
#2293=CARTESIAN_POINT('Vertex',(2.7,0.,5.)) ;
#2296=CARTESIAN_POINT('Line Origine',(2.7,-6.6130927154E-016,2.5)) ;
#2300=CARTESIAN_POINT('Vertex',(2.7,0.,0.)) ;
#2303=CARTESIAN_POINT('Axis2P3D Location',(0.,0.,0.)) ;
#2307=CARTESIAN_POINT('Vertex',(-2.7,3.3065463577E-016,0.)) ;
#2310=CARTESIAN_POINT('Line Origine',(-2.7,3.3065463577E-016,2.5)) ;
#2322=CARTESIAN_POINT('Axis2P3D Location',(0.,0.,5.)) ;
#2327=CARTESIAN_POINT('Axis2P3D Location',(0.,0.,0.)) ;
#2339=CARTESIAN_POINT('Axis2P3D Location',(0.,0.,5.)) ;
#2360=CARTESIAN_POINT('Axis2P3D Location',(4.94974746831,4.94974746831,5.)) ;
#2364=CARTESIAN_POINT('Vertex',(3.44974746831,4.94974746831,5.)) ;
#2366=CARTESIAN_POINT('Vertex',(6.44974746831,4.94974746831,5.)) ;
#2369=CARTESIAN_POINT('Axis2P3D Location',(4.94974746831,4.94974746831,5.)) ;
#2378=CARTESIAN_POINT('Axis2P3D Location',(-4.94974746831,4.94974746831,5.)) ;
#2382=CARTESIAN_POINT('Vertex',(-3.44974746831,4.94974746831,5.)) ;
#2384=CARTESIAN_POINT('Vertex',(-6.44974746831,4.94974746831,5.)) ;
#2387=CARTESIAN_POINT('Axis2P3D Location',(-4.94974746831,4.94974746831,5.)) ;
#2396=CARTESIAN_POINT('Axis2P3D Location',(4.94974746831,-4.94974746831,5.)) ;
#2400=CARTESIAN_POINT('Vertex',(3.44974746831,-4.94974746831,5.)) ;
#2402=CARTESIAN_POINT('Vertex',(6.44974746831,-4.94974746831,5.)) ;
#2405=CARTESIAN_POINT('Axis2P3D Location',(4.94974746831,-4.94974746831,5.)) ;
#2414=CARTESIAN_POINT('Axis2P3D Location',(-4.94974746831,-4.94974746831,5.)) ;
#2418=CARTESIAN_POINT('Vertex',(-3.44974746831,-4.94974746831,5.)) ;
#2420=CARTESIAN_POINT('Vertex',(-6.44974746831,-4.94974746831,5.)) ;
#2423=CARTESIAN_POINT('Axis2P3D Location',(-4.94974746831,-4.94974746831,5.)) ;
#2437=CARTESIAN_POINT('Axis2P3D Location',(0.,0.,0.)) ;
#2462=CARTESIAN_POINT('Axis2P3D Location',(-4.94974746831,-4.94974746831,0.)) ;
#2466=CARTESIAN_POINT('Vertex',(-7.64974746831,-4.94974746831,0.)) ;
#2468=CARTESIAN_POINT('Vertex',(-2.24974746831,-4.94974746831,0.)) ;
#2471=CARTESIAN_POINT('Axis2P3D Location',(-4.94974746831,-4.94974746831,0.)) ;
#2480=CARTESIAN_POINT('Axis2P3D Location',(4.94974746831,-4.94974746831,0.)) ;
#2484=CARTESIAN_POINT('Vertex',(7.64974746831,-4.94974746831,0.)) ;
#2486=CARTESIAN_POINT('Vertex',(2.24974746831,-4.94974746831,0.)) ;
#2489=CARTESIAN_POINT('Axis2P3D Location',(4.94974746831,-4.94974746831,0.)) ;
#2498=CARTESIAN_POINT('Axis2P3D Location',(4.94974746831,4.94974746831,0.)) ;
#2502=CARTESIAN_POINT('Vertex',(7.64974746831,4.94974746831,0.)) ;
#2504=CARTESIAN_POINT('Vertex',(2.24974746831,4.94974746831,0.)) ;
#2507=CARTESIAN_POINT('Axis2P3D Location',(4.94974746831,4.94974746831,0.)) ;
#2516=CARTESIAN_POINT('Axis2P3D Location',(-4.94974746831,4.94974746831,0.)) ;
#2520=CARTESIAN_POINT('Vertex',(-7.64974746831,4.94974746831,0.)) ;
#2522=CARTESIAN_POINT('Vertex',(-2.24974746831,4.94974746831,0.)) ;
#2525=CARTESIAN_POINT('Axis2P3D Location',(-4.94974746831,4.94974746831,0.)) ;
#2535=CARTESIAN_POINT('Axis2P3D Location',(-4.94974746831,-4.94974746831,2.5)) ;
#2540=CARTESIAN_POINT('Axis2P3D Location',(-4.94974746831,-4.94974746831,2.)) ;
#2544=CARTESIAN_POINT('Vertex',(-3.44974746831,-4.94974746831,2.)) ;
#2546=CARTESIAN_POINT('Vertex',(-6.44974746831,-4.94974746831,2.)) ;
#2549=CARTESIAN_POINT('Line Origine',(-6.44974746831,-4.94974746831,2.5)) ;
#2554=CARTESIAN_POINT('Line Origine',(-3.44974746831,-4.94974746831,2.5)) ;
#2566=CARTESIAN_POINT('Axis2P3D Location',(-4.94974746831,-4.94974746831,2.)) ;
#2578=CARTESIAN_POINT('Axis2P3D Location',(4.94974746831,-4.94974746831,2.5)) ;
#2583=CARTESIAN_POINT('Axis2P3D Location',(4.94974746831,-4.94974746831,2.)) ;
#2587=CARTESIAN_POINT('Vertex',(3.44974746831,-4.94974746831,2.)) ;
#2589=CARTESIAN_POINT('Vertex',(6.44974746831,-4.94974746831,2.)) ;
#2592=CARTESIAN_POINT('Line Origine',(6.44974746831,-4.94974746831,2.5)) ;
#2597=CARTESIAN_POINT('Line Origine',(3.44974746831,-4.94974746831,2.5)) ;
#2609=CARTESIAN_POINT('Axis2P3D Location',(4.94974746831,-4.94974746831,2.)) ;
#2621=CARTESIAN_POINT('Axis2P3D Location',(-4.94974746831,4.94974746831,2.5)) ;
#2626=CARTESIAN_POINT('Axis2P3D Location',(-4.94974746831,4.94974746831,2.)) ;
#2630=CARTESIAN_POINT('Vertex',(-3.44974746831,4.94974746831,2.)) ;
#2632=CARTESIAN_POINT('Vertex',(-6.44974746831,4.94974746831,2.)) ;
#2635=CARTESIAN_POINT('Line Origine',(-6.44974746831,4.94974746831,2.5)) ;
#2640=CARTESIAN_POINT('Line Origine',(-3.44974746831,4.94974746831,2.5)) ;
#2652=CARTESIAN_POINT('Axis2P3D Location',(-4.94974746831,4.94974746831,2.)) ;
#2664=CARTESIAN_POINT('Axis2P3D Location',(4.94974746831,4.94974746831,2.5)) ;
#2669=CARTESIAN_POINT('Axis2P3D Location',(4.94974746831,4.94974746831,2.)) ;
#2673=CARTESIAN_POINT('Vertex',(3.44974746831,4.94974746831,2.)) ;
#2675=CARTESIAN_POINT('Vertex',(6.44974746831,4.94974746831,2.)) ;
#2678=CARTESIAN_POINT('Line Origine',(6.44974746831,4.94974746831,2.5)) ;
#2683=CARTESIAN_POINT('Line Origine',(3.44974746831,4.94974746831,2.5)) ;
#2695=CARTESIAN_POINT('Axis2P3D Location',(4.94974746831,4.94974746831,2.)) ;
#2707=CARTESIAN_POINT('Axis2P3D Location',(4.94974746831,-4.94974746831,1.)) ;
#2712=CARTESIAN_POINT('Line Origine',(2.24974746831,-4.94974746831,1.)) ;
#2716=CARTESIAN_POINT('Vertex',(2.24974746831,-4.94974746831,2.)) ;
#2719=CARTESIAN_POINT('Line Origine',(7.64974746831,-4.94974746831,1.)) ;
#2723=CARTESIAN_POINT('Vertex',(7.64974746831,-4.94974746831,2.)) ;
#2726=CARTESIAN_POINT('Axis2P3D Location',(4.94974746831,-4.94974746831,2.)) ;
#2738=CARTESIAN_POINT('Axis2P3D Location',(4.94974746831,-4.94974746831,2.)) ;
#2750=CARTESIAN_POINT('Axis2P3D Location',(0.,0.,2.)) ;
#2764=CARTESIAN_POINT('Axis2P3D Location',(-4.94974746831,4.94974746831,1.)) ;
#2769=CARTESIAN_POINT('Line Origine',(-2.24974746831,4.94974746831,1.)) ;
#2773=CARTESIAN_POINT('Vertex',(-2.24974746831,4.94974746831,2.)) ;
#2776=CARTESIAN_POINT('Line Origine',(-7.64974746831,4.94974746831,1.)) ;
#2780=CARTESIAN_POINT('Vertex',(-7.64974746831,4.94974746831,2.)) ;
#2783=CARTESIAN_POINT('Axis2P3D Location',(-4.94974746831,4.94974746831,2.)) ;
#2795=CARTESIAN_POINT('Axis2P3D Location',(-4.94974746831,4.94974746831,2.)) ;
#2816=CARTESIAN_POINT('Axis2P3D Location',(-4.94974746831,-4.94974746831,1.)) ;
#2821=CARTESIAN_POINT('Line Origine',(-2.24974746831,-4.94974746831,1.)) ;
#2825=CARTESIAN_POINT('Vertex',(-2.24974746831,-4.94974746831,2.)) ;
#2828=CARTESIAN_POINT('Line Origine',(-7.64974746831,-4.94974746831,1.)) ;
#2832=CARTESIAN_POINT('Vertex',(-7.64974746831,-4.94974746831,2.)) ;
#2835=CARTESIAN_POINT('Axis2P3D Location',(-4.94974746831,-4.94974746831,2.)) ;
#2847=CARTESIAN_POINT('Axis2P3D Location',(-4.94974746831,-4.94974746831,2.)) ;
#2868=CARTESIAN_POINT('Axis2P3D Location',(4.94974746831,4.94974746831,1.)) ;
#2873=CARTESIAN_POINT('Line Origine',(2.24974746831,4.94974746831,1.)) ;
#2877=CARTESIAN_POINT('Vertex',(2.24974746831,4.94974746831,2.)) ;
#2880=CARTESIAN_POINT('Line Origine',(7.64974746831,4.94974746831,1.)) ;
#2884=CARTESIAN_POINT('Vertex',(7.64974746831,4.94974746831,2.)) ;
#2887=CARTESIAN_POINT('Axis2P3D Location',(4.94974746831,4.94974746831,2.)) ;
#2899=CARTESIAN_POINT('Axis2P3D Location',(4.94974746831,4.94974746831,2.)) ;
#2930=CARTESIAN_POINT('NONE',(0.,0.,0.)) ;
#2931=CARTESIAN_POINT('NONE',(-3.20202910093E-012,1.23410848505E-012,6.6)) ;
#2947=CARTESIAN_POINT('Axis2P3D Location',(10.3923048454,-6.,1.5)) ;
#2952=CARTESIAN_POINT('Line Origine',(7.0160094135,-3.85509227321,1.5)) ;
#2956=CARTESIAN_POINT('Vertex',(7.0160094135,-3.85509227321,0.)) ;
#2958=CARTESIAN_POINT('Vertex',(7.0160094135,-3.85509227321,3.)) ;
#2961=CARTESIAN_POINT('Axis2P3D Location',(10.3923048454,-6.,0.)) ;
#2965=CARTESIAN_POINT('Vertex',(13.7686002773,-8.14490772679,0.)) ;
#2968=CARTESIAN_POINT('Line Origine',(13.7686002773,-8.14490772679,1.5)) ;
#2972=CARTESIAN_POINT('Vertex',(13.7686002773,-8.14490772679,3.)) ;
#2975=CARTESIAN_POINT('Axis2P3D Location',(10.3923048454,-6.,3.)) ;
#2987=CARTESIAN_POINT('Axis2P3D Location',(-4.80102459819,3.65208477057,1.5)) ;
#2992=CARTESIAN_POINT('Axis2P3D Location',(-4.80102459819,3.65208477057,0.)) ;
#2996=CARTESIAN_POINT('Vertex',(1.06689435515,24.8550922732,0.)) ;
#2999=CARTESIAN_POINT('Line Origine',(1.06689435515,24.8550922732,1.5)) ;
#3003=CARTESIAN_POINT('Vertex',(1.06689435515,24.8550922732,3.)) ;
#3006=CARTESIAN_POINT('Axis2P3D Location',(-4.80102459819,3.65208477057,3.)) ;
#3018=CARTESIAN_POINT('Axis2P3D Location',(0.,21.,1.5)) ;
#3023=CARTESIAN_POINT('Axis2P3D Location',(0.,21.,0.)) ;
#3027=CARTESIAN_POINT('Vertex',(-1.06689435515,17.1449077268,0.)) ;
#3030=CARTESIAN_POINT('Line Origine',(-1.06689435515,17.1449077268,1.5)) ;
#3034=CARTESIAN_POINT('Vertex',(-1.06689435515,17.1449077268,3.)) ;
#3037=CARTESIAN_POINT('Axis2P3D Location',(0.,21.,3.)) ;
#3049=CARTESIAN_POINT('Axis2P3D Location',(-4.80102459819,3.65208477057,1.5)) ;
#3054=CARTESIAN_POINT('Axis2P3D Location',(-4.80102459819,3.65208477057,0.)) ;
#3059=CARTESIAN_POINT('Axis2P3D Location',(-4.80102459819,3.65208477057,3.)) ;
#3071=CARTESIAN_POINT('Axis2P3D Location',(10.3923048454,-6.,1.5)) ;
#3076=CARTESIAN_POINT('Axis2P3D Location',(10.3923048454,-6.,3.)) ;
#3080=CARTESIAN_POINT('Vertex',(8.19230484541,-6.,3.)) ;
#3082=CARTESIAN_POINT('Vertex',(12.5923048454,-6.,3.)) ;
#3085=CARTESIAN_POINT('Line Origine',(12.5923048454,-6.,1.5)) ;
#3089=CARTESIAN_POINT('Vertex',(12.5923048454,-6.,0.)) ;
#3092=CARTESIAN_POINT('Axis2P3D Location',(10.3923048454,-6.,0.)) ;
#3096=CARTESIAN_POINT('Vertex',(8.19230484541,-6.,0.)) ;
#3099=CARTESIAN_POINT('Line Origine',(8.19230484541,-6.,1.5)) ;
#3111=CARTESIAN_POINT('Axis2P3D Location',(10.3923048454,-6.,3.)) ;
#3116=CARTESIAN_POINT('Axis2P3D Location',(10.3923048454,-6.,0.)) ;
#3128=CARTESIAN_POINT('Axis2P3D Location',(0.,21.,1.5)) ;
#3133=CARTESIAN_POINT('Axis2P3D Location',(0.,21.,3.)) ;
#3137=CARTESIAN_POINT('Vertex',(-2.2,21.,3.)) ;
#3139=CARTESIAN_POINT('Vertex',(2.2,21.,3.)) ;
#3142=CARTESIAN_POINT('Line Origine',(2.2,21.,1.5)) ;
#3146=CARTESIAN_POINT('Vertex',(2.2,21.,0.)) ;
#3149=CARTESIAN_POINT('Axis2P3D Location',(0.,21.,0.)) ;
#3153=CARTESIAN_POINT('Vertex',(-2.2,21.,0.)) ;
#3156=CARTESIAN_POINT('Line Origine',(-2.2,21.,1.5)) ;
#3168=CARTESIAN_POINT('Axis2P3D Location',(0.,21.,3.)) ;
#3173=CARTESIAN_POINT('Axis2P3D Location',(0.,21.,0.)) ;
#3185=CARTESIAN_POINT('Axis2P3D Location',(0.,0.,0.)) ;
#3205=CARTESIAN_POINT('Axis2P3D Location',(0.,0.,3.)) ;
#3235=CARTESIAN_POINT('NONE',(0.,0.,0.)) ;
#3236=CARTESIAN_POINT('NONE',(0.0590873063208,0.103631355413,6.6)) ;
#3250=CARTESIAN_POINT('NONE',(0.,0.,0.)) ;
#3251=CARTESIAN_POINT('NONE',(0.0602037332491,-0.102986786021,6.6)) ;
#3263=CARTESIAN_POINT('NONE',(0.,0.,0.)) ;
#3264=CARTESIAN_POINT('NONE',(-0.119291039578,-0.000644569386823,6.6)) ;
#3278=CARTESIAN_POINT('Axis2P3D Location',(35.2139177031,35.2139177031,3.5)) ;
#3283=CARTESIAN_POINT('Line Origine',(36.173634849,38.6558131712,2.54114892279)) ;
#3287=CARTESIAN_POINT('Vertex',(28.7145396537,31.196717976,2.54114892279)) ;
#3289=CARTESIAN_POINT('Vertex',(34.0217056472,36.5038839695,2.54114892279)) ;
#3293=CARTESIAN_POINT('Control Point',(28.7145396537,31.196717976,2.54114892279)) ;
#3294=CARTESIAN_POINT('Control Point',(28.8701532899,31.053485796,2.15433775667)) ;
#3295=CARTESIAN_POINT('Control Point',(29.1090415561,30.8320162487,1.82917815209)) ;
#3296=CARTESIAN_POINT('Control Point',(29.4052457191,30.5496154033,1.61863129832)) ;
#3297=CARTESIAN_POINT('Control Point',(29.7141178525,30.246176622,1.53570451996)) ;
#3298=CARTESIAN_POINT('Vertex',(29.7141178525,30.246176622,1.53570451996)) ;
#3302=CARTESIAN_POINT('Control Point',(30.8986551374,28.4164768151,4.45885107721)) ;
#3303=CARTESIAN_POINT('Control Point',(30.9445557826,28.2925851957,4.23908041185)) ;
#3304=CARTESIAN_POINT('Control Point',(30.9743336977,28.199650644,3.99849098882)) ;
#3305=CARTESIAN_POINT('Control Point',(30.9897885222,28.1463050122,3.74209368547)) ;
#3306=CARTESIAN_POINT('Control Point',(30.994183861,28.1348923778,3.2185912589)) ;
#3307=CARTESIAN_POINT('Control Point',(30.9422627242,28.2975543448,2.72339072253)) ;
#3308=CARTESIAN_POINT('Control Point',(30.9013507789,28.4187593526,2.49283711717)) ;
#3309=CARTESIAN_POINT('Control Point',(30.7533278545,28.8003194767,1.96394855674)) ;
#3310=CARTESIAN_POINT('Control Point',(30.4824076438,29.3160577377,1.6146841988)) ;
#3311=CARTESIAN_POINT('Control Point',(30.2638420371,29.651451064,1.48361426882)) ;
#3312=CARTESIAN_POINT('Control Point',(29.9958692217,29.9693815251,1.46005919356)) ;
#3313=CARTESIAN_POINT('Control Point',(29.7141178525,30.246176622,1.53570451996)) ;
#3314=CARTESIAN_POINT('Vertex',(30.8986551374,28.4164768151,4.45885107721)) ;
#3317=CARTESIAN_POINT('Line Origine',(38.6558131712,36.173634849,4.45885107721)) ;
#3321=CARTESIAN_POINT('Vertex',(36.5038839695,34.0217056472,4.45885107721)) ;
#3325=CARTESIAN_POINT('Control Point',(34.0217056472,36.5038839695,2.54114892279)) ;
#3326=CARTESIAN_POINT('Control Point',(34.2012956117,36.3365057005,2.09205049228)) ;
#3327=CARTESIAN_POINT('Control Point',(34.4849397996,36.0700846961,1.72147537465)) ;
#3328=CARTESIAN_POINT('Control Point',(34.8458821041,35.7242171098,1.49149916056)) ;
#3329=CARTESIAN_POINT('Control Point',(35.4155494796,35.1584606582,1.41020587726)) ;
#3330=CARTESIAN_POINT('Control Point',(35.9215049173,34.6372866311,1.69004177193)) ;
#3331=CARTESIAN_POINT('Control Point',(36.0775262727,34.4744408868,1.82202792308)) ;
#3332=CARTESIAN_POINT('Control Point',(36.477500219,34.0526522469,2.3029496275)) ;
#3333=CARTESIAN_POINT('Control Point',(36.6945247111,33.8163554115,3.01257727117)) ;
#3334=CARTESIAN_POINT('Control Point',(36.733070078,33.7737842409,3.5307319272)) ;
#3335=CARTESIAN_POINT('Control Point',(36.6635267463,33.850415546,4.03050801354)) ;
#3336=CARTESIAN_POINT('Control Point',(36.5038839695,34.0217056472,4.45885107721)) ;
#3347=CARTESIAN_POINT('Control Point',(30.8986551374,28.4164768151,4.45885107721)) ;
#3348=CARTESIAN_POINT('Control Point',(30.8066991731,28.6646775381,4.89913298096)) ;
#3349=CARTESIAN_POINT('Control Point',(30.6501691454,29.0365673177,5.2542326905)) ;
#3350=CARTESIAN_POINT('Control Point',(30.4133988424,29.469447634,5.49424038331)) ;
#3351=CARTESIAN_POINT('Control Point',(30.0740395647,29.8925862721,5.56092817955)) ;
#3352=CARTESIAN_POINT('Control Point',(29.7141178525,30.246176622,5.46429548004)) ;
#3353=CARTESIAN_POINT('Vertex',(29.7141178525,30.246176622,5.46429548004)) ;
#3357=CARTESIAN_POINT('Control Point',(28.7145396537,31.196717976,2.54114892279)) ;
#3358=CARTESIAN_POINT('Control Point',(28.4488490849,31.4412687771,3.20157998333)) ;
#3359=CARTESIAN_POINT('Control Point',(28.4063244041,31.4734038405,4.03303594257)) ;
#3360=CARTESIAN_POINT('Control Point',(28.6935767076,31.2251177698,4.83486446525)) ;
#3361=CARTESIAN_POINT('Control Point',(29.1867578161,30.764259898,5.32270851209)) ;
#3362=CARTESIAN_POINT('Control Point',(29.7141178525,30.246176622,5.46429548004)) ;
#3365=CARTESIAN_POINT('Control Point',(36.5038839695,34.0217056472,4.45885107721)) ;
#3366=CARTESIAN_POINT('Control Point',(36.3365057004,34.2012956118,4.90794950787)) ;
#3367=CARTESIAN_POINT('Control Point',(36.070084696,34.4849397998,5.27852462559)) ;
#3368=CARTESIAN_POINT('Control Point',(35.72421711,34.8458821038,5.5085008394)) ;
#3369=CARTESIAN_POINT('Control Point',(35.1584606584,35.4155494795,5.58979412279)) ;
#3370=CARTESIAN_POINT('Control Point',(34.6372866312,35.9215049172,5.30995822812)) ;
#3371=CARTESIAN_POINT('Control Point',(34.4744408867,36.0775262728,5.17797207684)) ;
#3372=CARTESIAN_POINT('Control Point',(34.0526522469,36.477500219,4.6970503725)) ;
#3373=CARTESIAN_POINT('Control Point',(33.8163554116,36.6945247111,3.98742272901)) ;
#3374=CARTESIAN_POINT('Control Point',(33.7737842409,36.733070078,3.46926807261)) ;
#3375=CARTESIAN_POINT('Control Point',(33.850415546,36.6635267463,2.96949198638)) ;
#3376=CARTESIAN_POINT('Control Point',(34.0217056472,36.5038839695,2.54114892279)) ;
#3386=CARTESIAN_POINT('Axis2P3D Location',(0.,0.,3.5)) ;
#3391=CARTESIAN_POINT('Line Origine',(29.7141178525,30.246176622,3.5)) ;
#3395=CARTESIAN_POINT('Vertex',(29.7141178525,30.246176622,7.)) ;
#3398=CARTESIAN_POINT('Axis2P3D Location',(0.,0.,7.)) ;
#3402=CARTESIAN_POINT('Vertex',(11.3368983957,40.8562692223,7.)) ;
#3405=CARTESIAN_POINT('Line Origine',(11.3368983957,40.8562692223,3.5)) ;
#3409=CARTESIAN_POINT('Vertex',(11.3368983957,40.8562692223,3.5)) ;
#3412=CARTESIAN_POINT('Axis2P3D Location',(0.,0.,3.5)) ;
#3416=CARTESIAN_POINT('Vertex',(18.,38.3895819201,3.5)) ;
#3419=CARTESIAN_POINT('Line Origine',(18.,38.3895819201,3.5)) ;
#3423=CARTESIAN_POINT('Vertex',(18.,38.3895819201,0.)) ;
#3426=CARTESIAN_POINT('Axis2P3D Location',(0.,0.,0.)) ;
#3430=CARTESIAN_POINT('Vertex',(29.7141178525,30.246176622,0.)) ;
#3433=CARTESIAN_POINT('Line Origine',(29.7141178525,30.246176622,3.5)) ;
#3450=CARTESIAN_POINT('Axis2P3D Location',(0.,0.,7.)) ;
#3455=CARTESIAN_POINT('Axis2P3D Location',(0.,0.,7.)) ;
#3459=CARTESIAN_POINT('Vertex',(-49.3051795679,-7.68174900514,7.)) ;
#3461=CARTESIAN_POINT('Vertex',(-31.3051795679,-38.8586635414,7.)) ;
#3464=CARTESIAN_POINT('Axis2P3D Location',(0.,0.,7.)) ;
#3468=CARTESIAN_POINT('Vertex',(31.3051795679,-38.8586635414,7.)) ;
#3471=CARTESIAN_POINT('Axis2P3D Location',(0.,0.,7.)) ;
#3475=CARTESIAN_POINT('Vertex',(49.3051795679,-7.68174900514,7.)) ;
#3478=CARTESIAN_POINT('Axis2P3D Location',(0.,0.,7.)) ;
#3482=CARTESIAN_POINT('Vertex',(18.,46.5404125465,7.)) ;
#3485=CARTESIAN_POINT('Axis2P3D Location',(0.,0.,7.)) ;
#3489=CARTESIAN_POINT('Vertex',(-18.,46.5404125465,7.)) ;
#3492=CARTESIAN_POINT('Axis2P3D Location',(0.,0.,7.)) ;
#3505=CARTESIAN_POINT('Axis2P3D Location',(0.,-37.,7.)) ;
#3509=CARTESIAN_POINT('Vertex',(2.5,-37.,7.)) ;
#3511=CARTESIAN_POINT('Vertex',(-2.5,-37.,7.)) ;
#3514=CARTESIAN_POINT('Axis2P3D Location',(0.,-37.,7.)) ;
#3523=CARTESIAN_POINT('Axis2P3D Location',(-32.04293994,18.5,7.)) ;
#3527=CARTESIAN_POINT('Vertex',(-29.54293994,18.5,7.)) ;
#3529=CARTESIAN_POINT('Vertex',(-34.54293994,18.5,7.)) ;
#3532=CARTESIAN_POINT('Axis2P3D Location',(-32.04293994,18.5,7.)) ;
#3541=CARTESIAN_POINT('Axis2P3D Location',(32.04293994,18.5,7.)) ;
#3545=CARTESIAN_POINT('Vertex',(34.54293994,18.5,7.)) ;
#3547=CARTESIAN_POINT('Vertex',(29.54293994,18.5,7.)) ;
#3550=CARTESIAN_POINT('Axis2P3D Location',(32.04293994,18.5,7.)) ;
#3559=CARTESIAN_POINT('Axis2P3D Location',(14.1421356237,-14.1421356237,7.)) ;
#3563=CARTESIAN_POINT('Vertex',(12.6421356237,-14.1421356237,7.)) ;
#3565=CARTESIAN_POINT('Vertex',(15.6421356237,-14.1421356237,7.)) ;
#3568=CARTESIAN_POINT('Axis2P3D Location',(14.1421356237,-14.1421356237,7.)) ;
#3577=CARTESIAN_POINT('Axis2P3D Location',(-14.1421356237,-14.1421356237,7.)) ;
#3581=CARTESIAN_POINT('Vertex',(-12.6421356237,-14.1421356237,7.)) ;
#3583=CARTESIAN_POINT('Vertex',(-15.6421356237,-14.1421356237,7.)) ;
#3586=CARTESIAN_POINT('Axis2P3D Location',(-14.1421356237,-14.1421356237,7.)) ;
#3595=CARTESIAN_POINT('Axis2P3D Location',(-14.1421356237,14.1421356237,7.)) ;
#3599=CARTESIAN_POINT('Vertex',(-12.6421356237,14.1421356237,7.)) ;
#3601=CARTESIAN_POINT('Vertex',(-15.6421356237,14.1421356237,7.)) ;
#3604=CARTESIAN_POINT('Axis2P3D Location',(-14.1421356237,14.1421356237,7.)) ;
#3613=CARTESIAN_POINT('Axis2P3D Location',(14.1421356237,14.1421356237,7.)) ;
#3617=CARTESIAN_POINT('Vertex',(12.6421356237,14.1421356237,7.)) ;
#3619=CARTESIAN_POINT('Vertex',(15.6421356237,14.1421356237,7.)) ;
#3622=CARTESIAN_POINT('Axis2P3D Location',(14.1421356237,14.1421356237,7.)) ;
#3631=CARTESIAN_POINT('Axis2P3D Location',(0.,0.,7.)) ;
#3635=CARTESIAN_POINT('Vertex',(-16.2,1.98392781462E-015,7.)) ;
#3637=CARTESIAN_POINT('Vertex',(16.2,0.,7.)) ;
#3640=CARTESIAN_POINT('Axis2P3D Location',(0.,0.,7.)) ;
#3649=CARTESIAN_POINT('Line Origine',(-5.,32.4261860073,7.)) ;
#3653=CARTESIAN_POINT('Vertex',(-5.,28.8140590684,7.)) ;
#3655=CARTESIAN_POINT('Vertex',(-5.,36.0383129461,7.)) ;
#3658=CARTESIAN_POINT('Axis2P3D Location',(-10.,28.8140590684,7.)) ;
#3662=CARTESIAN_POINT('Vertex',(-8.3606557377,24.0904428277,7.)) ;
#3665=CARTESIAN_POINT('Axis2P3D Location',(0.,0.,7.)) ;
#3669=CARTESIAN_POINT('Vertex',(-16.6826076084,19.285761675,7.)) ;
#3672=CARTESIAN_POINT('Axis2P3D Location',(-19.9537071394,23.0672835721,7.)) ;
#3676=CARTESIAN_POINT('Vertex',(-22.4537071394,18.7371565531,7.)) ;
#3679=CARTESIAN_POINT('Line Origine',(-25.5819008301,20.5432200226,7.)) ;
#3683=CARTESIAN_POINT('Vertex',(-28.7100945208,22.349283492,7.)) ;
#3686=CARTESIAN_POINT('Axis2P3D Location',(-26.2100945208,26.6794105109,7.)) ;
#3690=CARTESIAN_POINT('Vertex',(-29.7141178525,30.246176622,7.)) ;
#3693=CARTESIAN_POINT('Axis2P3D Location',(0.,0.,7.)) ;
#3697=CARTESIAN_POINT('Vertex',(-11.3368983957,40.8562692223,7.)) ;
#3700=CARTESIAN_POINT('Axis2P3D Location',(-10.,36.0383129461,7.)) ;
#3715=CARTESIAN_POINT('Line Origine',(-30.5819008301,11.8829659847,7.)) ;
#3719=CARTESIAN_POINT('Vertex',(-27.4537071394,10.0769025153,7.)) ;
#3721=CARTESIAN_POINT('Vertex',(-33.7100945208,13.6890294541,7.)) ;
#3724=CARTESIAN_POINT('Axis2P3D Location',(-29.9537071394,5.74677549638,7.)) ;
#3728=CARTESIAN_POINT('Vertex',(-25.0432633461,4.80468115271,7.)) ;
#3731=CARTESIAN_POINT('Axis2P3D Location',(0.,0.,7.)) ;
#3735=CARTESIAN_POINT('Vertex',(-25.0432633461,-4.80468115271,7.)) ;
#3738=CARTESIAN_POINT('Axis2P3D Location',(-29.9537071394,-5.74677549638,7.)) ;
#3742=CARTESIAN_POINT('Vertex',(-27.4537071394,-10.0769025153,7.)) ;
#3745=CARTESIAN_POINT('Line Origine',(-30.5819008301,-11.8829659847,7.)) ;
#3749=CARTESIAN_POINT('Vertex',(-33.7100945208,-13.6890294541,7.)) ;
#3752=CARTESIAN_POINT('Axis2P3D Location',(-36.2100945208,-9.3589024352,7.)) ;
#3756=CARTESIAN_POINT('Vertex',(-41.0510162482,-10.6100926003,7.)) ;
#3759=CARTESIAN_POINT('Axis2P3D Location',(0.,0.,7.)) ;
#3763=CARTESIAN_POINT('Vertex',(-41.0510162482,10.6100926003,7.)) ;
#3766=CARTESIAN_POINT('Axis2P3D Location',(-36.2100945208,9.3589024352,7.)) ;
#3781=CARTESIAN_POINT('Axis2P3D Location',(0.,0.,7.)) ;
#3785=CARTESIAN_POINT('Vertex',(-8.3606557377,-24.0904428277,7.)) ;
#3787=CARTESIAN_POINT('Vertex',(-16.6826076084,-19.285761675,7.)) ;
#3790=CARTESIAN_POINT('Axis2P3D Location',(-10.,-28.8140590684,7.)) ;
#3794=CARTESIAN_POINT('Vertex',(-5.,-28.8140590684,7.)) ;
#3797=CARTESIAN_POINT('Line Origine',(-5.,-32.4261860073,7.)) ;
#3801=CARTESIAN_POINT('Vertex',(-5.,-36.0383129461,7.)) ;
#3804=CARTESIAN_POINT('Axis2P3D Location',(-10.,-36.0383129461,7.)) ;
#3808=CARTESIAN_POINT('Vertex',(-11.3368983957,-40.8562692223,7.)) ;
#3811=CARTESIAN_POINT('Axis2P3D Location',(0.,0.,7.)) ;
#3815=CARTESIAN_POINT('Vertex',(-29.7141178525,-30.246176622,7.)) ;
#3818=CARTESIAN_POINT('Axis2P3D Location',(-26.2100945208,-26.6794105109,7.)) ;
#3822=CARTESIAN_POINT('Vertex',(-28.7100945208,-22.349283492,7.)) ;
#3825=CARTESIAN_POINT('Line Origine',(-25.5819008301,-20.5432200226,7.)) ;
#3829=CARTESIAN_POINT('Vertex',(-22.4537071394,-18.7371565531,7.)) ;
#3832=CARTESIAN_POINT('Axis2P3D Location',(-19.9537071394,-23.0672835721,7.)) ;
#3847=CARTESIAN_POINT('Line Origine',(5.,32.4261860073,7.)) ;
#3851=CARTESIAN_POINT('Vertex',(5.,36.0383129461,7.)) ;
#3853=CARTESIAN_POINT('Vertex',(5.,28.8140590684,7.)) ;
#3856=CARTESIAN_POINT('Axis2P3D Location',(10.,36.0383129461,7.)) ;
#3861=CARTESIAN_POINT('Axis2P3D Location',(26.2100945208,26.6794105109,7.)) ;
#3865=CARTESIAN_POINT('Vertex',(28.7100945208,22.349283492,7.)) ;
#3868=CARTESIAN_POINT('Line Origine',(25.5819008301,20.5432200226,7.)) ;
#3872=CARTESIAN_POINT('Vertex',(22.4537071394,18.7371565531,7.)) ;
#3875=CARTESIAN_POINT('Axis2P3D Location',(19.9537071394,23.0672835721,7.)) ;
#3879=CARTESIAN_POINT('Vertex',(16.6826076084,19.285761675,7.)) ;
#3882=CARTESIAN_POINT('Axis2P3D Location',(0.,0.,7.)) ;
#3886=CARTESIAN_POINT('Vertex',(8.3606557377,24.0904428277,7.)) ;
#3889=CARTESIAN_POINT('Axis2P3D Location',(10.,28.8140590684,7.)) ;
#3904=CARTESIAN_POINT('Axis2P3D Location',(36.2100945208,9.3589024352,7.)) ;
#3908=CARTESIAN_POINT('Vertex',(41.0510162482,10.6100926003,7.)) ;
#3910=CARTESIAN_POINT('Vertex',(33.7100945208,13.6890294541,7.)) ;
#3913=CARTESIAN_POINT('Axis2P3D Location',(0.,0.,7.)) ;
#3917=CARTESIAN_POINT('Vertex',(41.0510162482,-10.6100926003,7.)) ;
#3920=CARTESIAN_POINT('Axis2P3D Location',(36.2100945208,-9.3589024352,7.)) ;
#3924=CARTESIAN_POINT('Vertex',(33.7100945208,-13.6890294541,7.)) ;
#3927=CARTESIAN_POINT('Line Origine',(30.5819008301,-11.8829659847,7.)) ;
#3931=CARTESIAN_POINT('Vertex',(27.4537071394,-10.0769025153,7.)) ;
#3934=CARTESIAN_POINT('Axis2P3D Location',(29.9537071394,-5.74677549638,7.)) ;
#3938=CARTESIAN_POINT('Vertex',(25.0432633461,-4.80468115271,7.)) ;
#3941=CARTESIAN_POINT('Axis2P3D Location',(0.,0.,7.)) ;
#3945=CARTESIAN_POINT('Vertex',(25.0432633461,4.80468115271,7.)) ;
#3948=CARTESIAN_POINT('Axis2P3D Location',(29.9537071394,5.74677549638,7.)) ;
#3952=CARTESIAN_POINT('Vertex',(27.4537071394,10.0769025153,7.)) ;
#3955=CARTESIAN_POINT('Line Origine',(30.5819008301,11.8829659847,7.)) ;
#3970=CARTESIAN_POINT('Axis2P3D Location',(26.2100945208,-26.6794105109,7.)) ;
#3974=CARTESIAN_POINT('Vertex',(29.7141178525,-30.246176622,7.)) ;
#3976=CARTESIAN_POINT('Vertex',(28.7100945208,-22.349283492,7.)) ;
#3979=CARTESIAN_POINT('Axis2P3D Location',(0.,0.,7.)) ;
#3983=CARTESIAN_POINT('Vertex',(11.3368983957,-40.8562692223,7.)) ;
#3986=CARTESIAN_POINT('Axis2P3D Location',(10.,-36.0383129461,7.)) ;
#3990=CARTESIAN_POINT('Vertex',(5.,-36.0383129461,7.)) ;
#3993=CARTESIAN_POINT('Line Origine',(5.,-32.4261860073,7.)) ;
#3997=CARTESIAN_POINT('Vertex',(5.,-28.8140590684,7.)) ;
#4000=CARTESIAN_POINT('Axis2P3D Location',(10.,-28.8140590684,7.)) ;
#4004=CARTESIAN_POINT('Vertex',(8.3606557377,-24.0904428277,7.)) ;
#4007=CARTESIAN_POINT('Axis2P3D Location',(0.,0.,7.)) ;
#4011=CARTESIAN_POINT('Vertex',(16.6826076084,-19.285761675,7.)) ;
#4014=CARTESIAN_POINT('Axis2P3D Location',(19.9537071394,-23.0672835721,7.)) ;
#4018=CARTESIAN_POINT('Vertex',(22.4537071394,-18.7371565531,7.)) ;
#4021=CARTESIAN_POINT('Line Origine',(25.5819008301,-20.5432200226,7.)) ;
#4037=CARTESIAN_POINT('Axis2P3D Location',(0.,0.,5.25)) ;
#4042=CARTESIAN_POINT('Line Origine',(18.,46.5404125465,5.25)) ;
#4046=CARTESIAN_POINT('Vertex',(18.,46.5404125465,3.5)) ;
#4049=CARTESIAN_POINT('Axis2P3D Location',(0.,0.,3.5)) ;
#4053=CARTESIAN_POINT('Vertex',(-18.,46.5404125465,3.5)) ;
#4056=CARTESIAN_POINT('Line Origine',(-18.,46.5404125465,5.25)) ;
#4068=CARTESIAN_POINT('Axis2P3D Location',(0.,0.,0.)) ;
#4073=CARTESIAN_POINT('Axis2P3D Location',(3.5527136788E-015,-38.1051177665,0.)) ;
#4077=CARTESIAN_POINT('Vertex',(5.,-23.9629821428,0.)) ;
#4079=CARTESIAN_POINT('Vertex',(-5.,-23.9629821428,0.)) ;
#4082=CARTESIAN_POINT('Line Origine',(5.,-30.0006475444,0.)) ;
#4086=CARTESIAN_POINT('Vertex',(5.,-36.0383129461,0.)) ;
#4089=CARTESIAN_POINT('Axis2P3D Location',(10.,-36.0383129461,0.)) ;
#4093=CARTESIAN_POINT('Vertex',(11.3368983957,-40.8562692223,0.)) ;
#4096=CARTESIAN_POINT('Axis2P3D Location',(0.,0.,0.)) ;
#4100=CARTESIAN_POINT('Vertex',(24.2463531835,-34.7832482282,0.)) ;
#4103=CARTESIAN_POINT('Line Origine',(27.7757663757,-36.8209558848,0.)) ;
#4107=CARTESIAN_POINT('Vertex',(31.3051795679,-38.8586635414,0.)) ;
#4110=CARTESIAN_POINT('Axis2P3D Location',(0.,0.,0.)) ;
#4114=CARTESIAN_POINT('Vertex',(-31.3051795679,-38.8586635414,0.)) ;
#4117=CARTESIAN_POINT('Line Origine',(-27.7757663757,-36.8209558848,0.)) ;
#4121=CARTESIAN_POINT('Vertex',(-24.2463531835,-34.7832482282,0.)) ;
#4124=CARTESIAN_POINT('Axis2P3D Location',(0.,0.,0.)) ;
#4128=CARTESIAN_POINT('Vertex',(-11.3368983957,-40.8562692223,0.)) ;
#4131=CARTESIAN_POINT('Axis2P3D Location',(-10.,-36.0383129461,0.)) ;
#4135=CARTESIAN_POINT('Vertex',(-5.,-36.0383129461,0.)) ;
#4138=CARTESIAN_POINT('Line Origine',(-5.,-30.0006475444,0.)) ;
#4155=CARTESIAN_POINT('Axis2P3D Location',(0.,-37.,0.)) ;
#4159=CARTESIAN_POINT('Vertex',(2.5,-37.,0.)) ;
#4161=CARTESIAN_POINT('Vertex',(-2.5,-37.,0.)) ;
#4164=CARTESIAN_POINT('Axis2P3D Location',(0.,-37.,0.)) ;
#4174=CARTESIAN_POINT('Axis2P3D Location',(7.5,-25.1147367097,0.)) ;
#4179=CARTESIAN_POINT('Line Origine',(24.2463531835,-34.7832482282,1.75)) ;
#4183=CARTESIAN_POINT('Vertex',(24.2463531835,-34.7832482282,3.5)) ;
#4186=CARTESIAN_POINT('Line Origine',(27.7757663757,-36.8209558848,3.5)) ;
#4190=CARTESIAN_POINT('Vertex',(31.3051795679,-38.8586635414,3.5)) ;
#4193=CARTESIAN_POINT('Line Origine',(31.3051795679,-38.8586635414,1.75)) ;
#4205=CARTESIAN_POINT('Axis2P3D Location',(-33.,19.0525588833,0.)) ;
#4209=CARTESIAN_POINT('Vertex',(-23.2525512861,7.65136405247,0.)) ;
#4211=CARTESIAN_POINT('Vertex',(-18.2525512861,16.3116180903,0.)) ;
#4214=CARTESIAN_POINT('Line Origine',(-28.4813229035,10.6701967533,0.)) ;
#4218=CARTESIAN_POINT('Vertex',(-33.7100945208,13.6890294541,0.)) ;
#4221=CARTESIAN_POINT('Axis2P3D Location',(-36.2100945208,9.3589024352,0.)) ;
#4225=CARTESIAN_POINT('Vertex',(-41.0510162482,10.6100926003,0.)) ;
#4228=CARTESIAN_POINT('Axis2P3D Location',(0.,0.,0.)) ;
#4232=CARTESIAN_POINT('Vertex',(-42.2463531835,-3.60633369193,0.)) ;
#4235=CARTESIAN_POINT('Line Origine',(-45.7757663757,-5.64404134853,0.)) ;
#4239=CARTESIAN_POINT('Vertex',(-49.3051795679,-7.68174900514,0.)) ;
#4242=CARTESIAN_POINT('Axis2P3D Location',(0.,0.,0.)) ;
#4246=CARTESIAN_POINT('Vertex',(-18.,46.5404125465,0.)) ;
#4249=CARTESIAN_POINT('Line Origine',(-18.,42.4649972333,0.)) ;
#4253=CARTESIAN_POINT('Vertex',(-18.,38.3895819201,0.)) ;
#4256=CARTESIAN_POINT('Axis2P3D Location',(0.,0.,0.)) ;
#4260=CARTESIAN_POINT('Vertex',(-29.7141178525,30.246176622,0.)) ;
#4263=CARTESIAN_POINT('Axis2P3D Location',(-26.2100945208,26.6794105109,0.)) ;
#4267=CARTESIAN_POINT('Vertex',(-28.7100945208,22.349283492,0.)) ;
#4270=CARTESIAN_POINT('Line Origine',(-23.4813229035,19.3304507911,0.)) ;
#4287=CARTESIAN_POINT('Axis2P3D Location',(-32.04293994,18.5,0.)) ;
#4291=CARTESIAN_POINT('Vertex',(-29.54293994,18.5,0.)) ;
#4293=CARTESIAN_POINT('Vertex',(-34.54293994,18.5,0.)) ;
#4296=CARTESIAN_POINT('Axis2P3D Location',(-32.04293994,18.5,0.)) ;
#4306=CARTESIAN_POINT('Axis2P3D Location',(-25.5,6.06217782649,0.)) ;
#4311=CARTESIAN_POINT('Line Origine',(-42.2463531835,-3.60633369193,1.75)) ;
#4315=CARTESIAN_POINT('Vertex',(-42.2463531835,-3.60633369193,3.5)) ;
#4318=CARTESIAN_POINT('Line Origine',(-45.7757663757,-5.64404134853,3.5)) ;
#4322=CARTESIAN_POINT('Vertex',(-49.3051795679,-7.68174900514,3.5)) ;
#4325=CARTESIAN_POINT('Line Origine',(-49.3051795679,-7.68174900514,1.75)) ;
#4337=CARTESIAN_POINT('Axis2P3D Location',(33.,19.0525588833,3.5)) ;
#4342=CARTESIAN_POINT('Line Origine',(18.2525512861,16.3116180903,3.5)) ;
#4346=CARTESIAN_POINT('Vertex',(18.2525512861,16.3116180903,0.)) ;
#4348=CARTESIAN_POINT('Vertex',(18.2525512861,16.3116180903,3.5)) ;
#4351=CARTESIAN_POINT('Axis2P3D Location',(33.,19.0525588833,0.)) ;
#4355=CARTESIAN_POINT('Vertex',(23.2525512861,7.65136405247,0.)) ;
#4358=CARTESIAN_POINT('Line Origine',(23.2525512861,7.65136405247,3.5)) ;
#4362=CARTESIAN_POINT('Vertex',(23.2525512861,7.65136405247,3.5)) ;
#4365=CARTESIAN_POINT('Axis2P3D Location',(33.,19.0525588833,3.5)) ;
#4377=CARTESIAN_POINT('Axis2P3D Location',(-33.,19.0525588833,3.5)) ;
#4382=CARTESIAN_POINT('Line Origine',(-23.2525512861,7.65136405247,3.5)) ;
#4386=CARTESIAN_POINT('Vertex',(-23.2525512861,7.65136405247,3.5)) ;
#4389=CARTESIAN_POINT('Line Origine',(-18.2525512861,16.3116180903,3.5)) ;
#4393=CARTESIAN_POINT('Vertex',(-18.2525512861,16.3116180903,3.5)) ;
#4396=CARTESIAN_POINT('Axis2P3D Location',(-33.,19.0525588833,3.5)) ;
#4408=CARTESIAN_POINT('Axis2P3D Location',(3.5527136788E-015,-38.1051177665,3.5)) ;
#4413=CARTESIAN_POINT('Line Origine',(5.,-23.9629821428,3.5)) ;
#4417=CARTESIAN_POINT('Vertex',(5.,-23.9629821428,3.5)) ;
#4420=CARTESIAN_POINT('Line Origine',(-5.,-23.9629821428,3.5)) ;
#4424=CARTESIAN_POINT('Vertex',(-5.,-23.9629821428,3.5)) ;
#4427=CARTESIAN_POINT('Axis2P3D Location',(3.5527136788E-015,-38.1051177665,3.5)) ;
#4439=CARTESIAN_POINT('Axis2P3D Location',(-18.,46.5404125465,0.)) ;
#4444=CARTESIAN_POINT('Line Origine',(-18.,38.3895819201,1.75)) ;
#4448=CARTESIAN_POINT('Vertex',(-18.,38.3895819201,3.5)) ;
#4451=CARTESIAN_POINT('Line Origine',(-18.,46.5404125465,1.75)) ;
#4456=CARTESIAN_POINT('Line Origine',(-18.,42.4649972333,3.5)) ;
#4468=CARTESIAN_POINT('Axis2P3D Location',(49.3051795679,-7.68174900514,0.)) ;
#4473=CARTESIAN_POINT('Line Origine',(42.2463531835,-3.60633369193,1.75)) ;
#4477=CARTESIAN_POINT('Vertex',(42.2463531835,-3.60633369193,0.)) ;
#4479=CARTESIAN_POINT('Vertex',(42.2463531835,-3.60633369193,3.5)) ;
#4482=CARTESIAN_POINT('Line Origine',(45.7757663757,-5.64404134853,0.)) ;
#4486=CARTESIAN_POINT('Vertex',(49.3051795679,-7.68174900514,0.)) ;
#4489=CARTESIAN_POINT('Line Origine',(49.3051795679,-7.68174900514,1.75)) ;
#4493=CARTESIAN_POINT('Vertex',(49.3051795679,-7.68174900514,3.5)) ;
#4496=CARTESIAN_POINT('Line Origine',(45.7757663757,-5.64404134853,3.5)) ;
#4508=CARTESIAN_POINT('Axis2P3D Location',(-31.3051795679,-38.8586635414,0.)) ;
#4513=CARTESIAN_POINT('Line Origine',(-24.2463531835,-34.7832482282,1.75)) ;
#4517=CARTESIAN_POINT('Vertex',(-24.2463531835,-34.7832482282,3.5)) ;
#4520=CARTESIAN_POINT('Line Origine',(-31.3051795679,-38.8586635414,1.75)) ;
#4524=CARTESIAN_POINT('Vertex',(-31.3051795679,-38.8586635414,3.5)) ;
#4527=CARTESIAN_POINT('Line Origine',(-27.7757663757,-36.8209558848,3.5)) ;
#4539=CARTESIAN_POINT('Axis2P3D Location',(-27.4537071394,10.0769025153,0.)) ;
#4544=CARTESIAN_POINT('Line Origine',(25.5819008301,-20.5432200226,3.5)) ;
#4548=CARTESIAN_POINT('Vertex',(28.7100945208,-22.349283492,3.5)) ;
#4550=CARTESIAN_POINT('Vertex',(22.4537071394,-18.7371565531,3.5)) ;
#4553=CARTESIAN_POINT('Line Origine',(28.7100945208,-22.349283492,5.25)) ;
#4558=CARTESIAN_POINT('Line Origine',(22.4537071394,-18.7371565531,5.25)) ;
#4570=CARTESIAN_POINT('Axis2P3D Location',(19.9537071394,-23.0672835721,3.5)) ;
#4575=CARTESIAN_POINT('Axis2P3D Location',(19.9537071394,-23.0672835721,3.5)) ;
#4579=CARTESIAN_POINT('Vertex',(16.6826076084,-19.285761675,3.5)) ;
#4582=CARTESIAN_POINT('Line Origine',(16.6826076084,-19.285761675,3.5)) ;
#4594=CARTESIAN_POINT('Axis2P3D Location',(0.,0.,3.5)) ;
#4599=CARTESIAN_POINT('Line Origine',(8.3606557377,-24.0904428277,3.5)) ;
#4603=CARTESIAN_POINT('Vertex',(8.3606557377,-24.0904428277,3.5)) ;
#4606=CARTESIAN_POINT('Axis2P3D Location',(0.,0.,3.5)) ;
#4618=CARTESIAN_POINT('Axis2P3D Location',(10.,-28.8140590684,3.5)) ;
#4623=CARTESIAN_POINT('Axis2P3D Location',(10.,-28.8140590684,3.5)) ;
#4627=CARTESIAN_POINT('Vertex',(6.98082007045,-24.8285161251,3.5)) ;
#4629=CARTESIAN_POINT('Vertex',(5.,-28.8140590684,3.5)) ;
#4632=CARTESIAN_POINT('Axis2P3D Location',(10.,-28.8140590684,3.5)) ;
#4637=CARTESIAN_POINT('Line Origine',(5.,-28.8140590684,3.5)) ;
#4650=CARTESIAN_POINT('Axis2P3D Location',(5.,28.8140590684,0.)) ;
#4655=CARTESIAN_POINT('Line Origine',(5.,-26.3885206056,3.5)) ;
#4660=CARTESIAN_POINT('Line Origine',(5.,-36.0383129461,3.5)) ;
#4674=CARTESIAN_POINT('Axis2P3D Location',(26.2100945208,-26.6794105109,3.5)) ;
#4679=CARTESIAN_POINT('Axis2P3D Location',(26.2100945208,-26.6794105109,3.5)) ;
#4683=CARTESIAN_POINT('Vertex',(29.7141178525,-30.246176622,3.5)) ;
#4686=CARTESIAN_POINT('Line Origine',(29.7141178525,-30.246176622,3.5)) ;
#4698=CARTESIAN_POINT('Axis2P3D Location',(-22.4537071394,-18.7371565531,0.)) ;
#4703=CARTESIAN_POINT('Line Origine',(33.7100945208,13.6890294541,3.5)) ;
#4707=CARTESIAN_POINT('Vertex',(33.7100945208,13.6890294541,0.)) ;
#4710=CARTESIAN_POINT('Line Origine',(27.4537071394,10.0769025153,5.25)) ;
#4714=CARTESIAN_POINT('Vertex',(27.4537071394,10.0769025153,3.5)) ;
#4717=CARTESIAN_POINT('Line Origine',(25.3531292128,8.86413328389,3.5)) ;
#4722=CARTESIAN_POINT('Line Origine',(28.4813229035,10.6701967533,0.)) ;
#4736=CARTESIAN_POINT('Axis2P3D Location',(29.9537071394,5.74677549638,3.5)) ;
#4741=CARTESIAN_POINT('Axis2P3D Location',(29.9537071394,5.74677549638,3.5)) ;
#4745=CARTESIAN_POINT('Vertex',(24.9925357379,6.36869054231,3.5)) ;
#4748=CARTESIAN_POINT('Line Origine',(25.0432633461,4.80468115271,3.5)) ;
#4752=CARTESIAN_POINT('Vertex',(25.0432633461,4.80468115271,3.5)) ;
#4755=CARTESIAN_POINT('Axis2P3D Location',(29.9537071394,5.74677549638,3.5)) ;
#4768=CARTESIAN_POINT('Line Origine',(25.0432633461,-4.80468115271,3.5)) ;
#4772=CARTESIAN_POINT('Vertex',(25.0432633461,-4.80468115271,3.5)) ;
#4775=CARTESIAN_POINT('Axis2P3D Location',(0.,0.,3.5)) ;
#4787=CARTESIAN_POINT('Axis2P3D Location',(29.9537071394,-5.74677549638,3.5)) ;
#4792=CARTESIAN_POINT('Axis2P3D Location',(29.9537071394,-5.74677549638,3.5)) ;
#4796=CARTESIAN_POINT('Vertex',(27.4537071394,-10.0769025153,3.5)) ;
#4799=CARTESIAN_POINT('Line Origine',(27.4537071394,-10.0769025153,3.5)) ;
#4811=CARTESIAN_POINT('Axis2P3D Location',(-22.4537071394,18.7371565531,0.)) ;
#4816=CARTESIAN_POINT('Line Origine',(33.7100945208,-13.6890294541,5.25)) ;
#4820=CARTESIAN_POINT('Vertex',(33.7100945208,-13.6890294541,3.5)) ;
#4823=CARTESIAN_POINT('Line Origine',(30.5819008301,-11.8829659847,3.5)) ;
#4835=CARTESIAN_POINT('Axis2P3D Location',(36.2100945208,-9.3589024352,3.5)) ;
#4840=CARTESIAN_POINT('Axis2P3D Location',(36.2100945208,-9.3589024352,3.5)) ;
#4844=CARTESIAN_POINT('Vertex',(41.0510162482,-10.6100926003,3.5)) ;
#4847=CARTESIAN_POINT('Line Origine',(41.0510162482,-10.6100926003,3.5)) ;
#4859=CARTESIAN_POINT('Axis2P3D Location',(0.,0.,3.5)) ;
#4864=CARTESIAN_POINT('Axis2P3D Location',(0.,0.,3.5)) ;
#4869=CARTESIAN_POINT('Line Origine',(41.0510162482,10.6100926003,3.5)) ;
#4873=CARTESIAN_POINT('Vertex',(41.0510162482,10.6100926003,0.)) ;
#4876=CARTESIAN_POINT('Axis2P3D Location',(0.,0.,0.)) ;
#4890=CARTESIAN_POINT('Axis2P3D Location',(36.2100945208,9.3589024352,3.5)) ;
#4895=CARTESIAN_POINT('Axis2P3D Location',(36.2100945208,9.3589024352,0.)) ;
#4907=CARTESIAN_POINT('Axis2P3D Location',(10.,28.8140590684,3.5)) ;
#4912=CARTESIAN_POINT('Axis2P3D Location',(10.,28.8140590684,3.5)) ;
#4916=CARTESIAN_POINT('Vertex',(5.,28.8140590684,3.5)) ;
#4918=CARTESIAN_POINT('Vertex',(8.3606557377,24.0904428277,3.5)) ;
#4921=CARTESIAN_POINT('Line Origine',(5.,28.8140590684,3.5)) ;
#4926=CARTESIAN_POINT('Line Origine',(8.3606557377,24.0904428277,3.5)) ;
#4938=CARTESIAN_POINT('Axis2P3D Location',(0.,0.,3.5)) ;
#4943=CARTESIAN_POINT('Line Origine',(16.6826076084,19.285761675,3.5)) ;
#4947=CARTESIAN_POINT('Vertex',(16.6826076084,19.285761675,3.5)) ;
#4950=CARTESIAN_POINT('Axis2P3D Location',(0.,0.,3.5)) ;
#4962=CARTESIAN_POINT('Axis2P3D Location',(19.9537071394,23.0672835721,3.5)) ;
#4967=CARTESIAN_POINT('Axis2P3D Location',(19.9537071394,23.0672835721,3.5)) ;
#4971=CARTESIAN_POINT('Vertex',(18.0117156674,18.4598255828,3.5)) ;
#4973=CARTESIAN_POINT('Vertex',(22.4537071394,18.7371565531,3.5)) ;
#4976=CARTESIAN_POINT('Axis2P3D Location',(19.9537071394,23.0672835721,3.5)) ;
#4981=CARTESIAN_POINT('Line Origine',(22.4537071394,18.7371565531,3.5)) ;
#4994=CARTESIAN_POINT('Axis2P3D Location',(-27.4537071394,-10.0769025153,0.)) ;
#4999=CARTESIAN_POINT('Line Origine',(20.3531292128,17.5243873217,3.5)) ;
#5004=CARTESIAN_POINT('Line Origine',(28.7100945208,22.349283492,3.5)) ;
#5008=CARTESIAN_POINT('Vertex',(28.7100945208,22.349283492,0.)) ;
#5011=CARTESIAN_POINT('Line Origine',(23.4813229035,19.3304507911,0.)) ;
#5025=CARTESIAN_POINT('Line Origine',(5.,36.0383129461,5.25)) ;
#5029=CARTESIAN_POINT('Vertex',(5.,36.0383129461,3.5)) ;
#5032=CARTESIAN_POINT('Line Origine',(5.,32.4261860073,3.5)) ;
#5044=CARTESIAN_POINT('Axis2P3D Location',(-19.9537071394,-23.0672835721,3.5)) ;
#5049=CARTESIAN_POINT('Axis2P3D Location',(-19.9537071394,-23.0672835721,3.5)) ;
#5053=CARTESIAN_POINT('Vertex',(-16.6826076084,-19.285761675,3.5)) ;
#5055=CARTESIAN_POINT('Vertex',(-22.4537071394,-18.7371565531,3.5)) ;
#5058=CARTESIAN_POINT('Line Origine',(-16.6826076084,-19.285761675,3.5)) ;
#5063=CARTESIAN_POINT('Line Origine',(-22.4537071394,-18.7371565531,3.5)) ;
#5075=CARTESIAN_POINT('Line Origine',(-25.5819008301,-20.5432200226,3.5)) ;
#5079=CARTESIAN_POINT('Vertex',(-28.7100945208,-22.349283492,3.5)) ;
#5082=CARTESIAN_POINT('Line Origine',(-28.7100945208,-22.349283492,5.25)) ;
#5094=CARTESIAN_POINT('Axis2P3D Location',(-26.2100945208,-26.6794105109,3.5)) ;
#5099=CARTESIAN_POINT('Axis2P3D Location',(-26.2100945208,-26.6794105109,3.5)) ;
#5103=CARTESIAN_POINT('Vertex',(-29.7141178525,-30.246176622,3.5)) ;
#5106=CARTESIAN_POINT('Line Origine',(-29.7141178525,-30.246176622,3.5)) ;
#5118=CARTESIAN_POINT('Axis2P3D Location',(0.,0.,3.5)) ;
#5123=CARTESIAN_POINT('Line Origine',(-11.3368983957,-40.8562692223,3.5)) ;
#5137=CARTESIAN_POINT('Axis2P3D Location',(-10.,-36.0383129461,3.5)) ;
#5142=CARTESIAN_POINT('Line Origine',(-5.,-36.0383129461,3.5)) ;
#5154=CARTESIAN_POINT('Axis2P3D Location',(-5.,28.8140590684,0.)) ;
#5159=CARTESIAN_POINT('Line Origine',(-5.,-28.8140590684,5.25)) ;
#5163=CARTESIAN_POINT('Vertex',(-5.,-28.8140590684,3.5)) ;
#5166=CARTESIAN_POINT('Line Origine',(-5.,-26.3885206056,3.5)) ;
#5180=CARTESIAN_POINT('Axis2P3D Location',(-10.,-28.8140590684,3.5)) ;
#5185=CARTESIAN_POINT('Axis2P3D Location',(-10.,-28.8140590684,3.5)) ;
#5189=CARTESIAN_POINT('Vertex',(-6.98082007045,-24.8285161251,3.5)) ;
#5192=CARTESIAN_POINT('Line Origine',(-8.3606557377,-24.0904428277,3.5)) ;
#5196=CARTESIAN_POINT('Vertex',(-8.3606557377,-24.0904428277,3.5)) ;
#5199=CARTESIAN_POINT('Axis2P3D Location',(-10.,-28.8140590684,3.5)) ;
#5212=CARTESIAN_POINT('Axis2P3D Location',(0.,0.,3.5)) ;
#5224=CARTESIAN_POINT('Axis2P3D Location',(-36.2100945208,-9.3589024352,3.5)) ;
#5229=CARTESIAN_POINT('Axis2P3D Location',(-36.2100945208,-9.3589024352,3.5)) ;
#5233=CARTESIAN_POINT('Vertex',(-41.0510162482,-10.6100926003,3.5)) ;
#5235=CARTESIAN_POINT('Vertex',(-33.7100945208,-13.6890294541,3.5)) ;
#5238=CARTESIAN_POINT('Line Origine',(-41.0510162482,-10.6100926003,3.5)) ;
#5243=CARTESIAN_POINT('Line Origine',(-33.7100945208,-13.6890294541,3.5)) ;
#5255=CARTESIAN_POINT('Line Origine',(-27.4537071394,-10.0769025153,5.25)) ;
#5259=CARTESIAN_POINT('Vertex',(-27.4537071394,-10.0769025153,3.5)) ;
#5262=CARTESIAN_POINT('Line Origine',(-30.5819008301,-11.8829659847,3.5)) ;
#5274=CARTESIAN_POINT('Axis2P3D Location',(-29.9537071394,-5.74677549638,3.5)) ;
#5279=CARTESIAN_POINT('Axis2P3D Location',(-29.9537071394,-5.74677549638,3.5)) ;
#5283=CARTESIAN_POINT('Vertex',(-25.0432633461,-4.80468115271,3.5)) ;
#5286=CARTESIAN_POINT('Line Origine',(-25.0432633461,-4.80468115271,3.5)) ;
#5298=CARTESIAN_POINT('Line Origine',(-25.0432633461,4.80468115271,3.5)) ;
#5302=CARTESIAN_POINT('Vertex',(-25.0432633461,4.80468115271,3.5)) ;
#5305=CARTESIAN_POINT('Axis2P3D Location',(0.,0.,3.5)) ;
#5317=CARTESIAN_POINT('Axis2P3D Location',(-29.9537071394,5.74677549638,3.5)) ;
#5322=CARTESIAN_POINT('Axis2P3D Location',(-29.9537071394,5.74677549638,3.5)) ;
#5326=CARTESIAN_POINT('Vertex',(-24.9925357379,6.36869054231,3.5)) ;
#5328=CARTESIAN_POINT('Vertex',(-27.4537071394,10.0769025153,3.5)) ;
#5331=CARTESIAN_POINT('Axis2P3D Location',(-29.9537071394,5.74677549638,3.5)) ;
#5336=CARTESIAN_POINT('Line Origine',(-27.4537071394,10.0769025153,3.5)) ;
#5349=CARTESIAN_POINT('Line Origine',(-25.3531292128,8.86413328389,3.5)) ;
#5354=CARTESIAN_POINT('Line Origine',(-33.7100945208,13.6890294541,3.5)) ;
#5368=CARTESIAN_POINT('Axis2P3D Location',(-10.,36.0383129461,3.5)) ;
#5373=CARTESIAN_POINT('Axis2P3D Location',(-10.,36.0383129461,3.5)) ;
#5377=CARTESIAN_POINT('Vertex',(-5.,36.0383129461,3.5)) ;
#5379=CARTESIAN_POINT('Vertex',(-11.3368983957,40.8562692223,3.5)) ;
#5382=CARTESIAN_POINT('Line Origine',(-5.,36.0383129461,3.5)) ;
#5387=CARTESIAN_POINT('Line Origine',(-11.3368983957,40.8562692223,3.5)) ;
#5399=CARTESIAN_POINT('Axis2P3D Location',(0.,0.,3.5)) ;
#5404=CARTESIAN_POINT('Line Origine',(-29.7141178525,30.246176622,3.5)) ;
#5418=CARTESIAN_POINT('Axis2P3D Location',(-26.2100945208,26.6794105109,3.5)) ;
#5423=CARTESIAN_POINT('Line Origine',(-28.7100945208,22.349283492,3.5)) ;
#5435=CARTESIAN_POINT('Line Origine',(-22.4537071394,18.7371565531,5.25)) ;
#5439=CARTESIAN_POINT('Vertex',(-22.4537071394,18.7371565531,3.5)) ;
#5442=CARTESIAN_POINT('Line Origine',(-20.3531292128,17.5243873217,3.5)) ;
#5456=CARTESIAN_POINT('Axis2P3D Location',(-19.9537071394,23.0672835721,3.5)) ;
#5461=CARTESIAN_POINT('Axis2P3D Location',(-19.9537071394,23.0672835721,3.5)) ;
#5465=CARTESIAN_POINT('Vertex',(-18.0117156674,18.4598255828,3.5)) ;
#5468=CARTESIAN_POINT('Line Origine',(-16.6826076084,19.285761675,3.5)) ;
#5472=CARTESIAN_POINT('Vertex',(-16.6826076084,19.285761675,3.5)) ;
#5475=CARTESIAN_POINT('Axis2P3D Location',(-19.9537071394,23.0672835721,3.5)) ;
#5488=CARTESIAN_POINT('Line Origine',(-8.3606557377,24.0904428277,3.5)) ;
#5492=CARTESIAN_POINT('Vertex',(-8.3606557377,24.0904428277,3.5)) ;
#5495=CARTESIAN_POINT('Axis2P3D Location',(0.,0.,3.5)) ;
#5507=CARTESIAN_POINT('Axis2P3D Location',(-10.,28.8140590684,3.5)) ;
#5512=CARTESIAN_POINT('Axis2P3D Location',(-10.,28.8140590684,3.5)) ;
#5516=CARTESIAN_POINT('Vertex',(-5.,28.8140590684,3.5)) ;
#5519=CARTESIAN_POINT('Line Origine',(-5.,28.8140590684,3.5)) ;
#5531=CARTESIAN_POINT('Line Origine',(-5.,32.4261860073,3.5)) ;
#5543=CARTESIAN_POINT('Axis2P3D Location',(0.,0.,5.25)) ;
#5548=CARTESIAN_POINT('Line Origine',(-16.2,1.98392781462E-015,5.25)) ;
#5552=CARTESIAN_POINT('Vertex',(-16.2,1.98392781462E-015,3.5)) ;
#5555=CARTESIAN_POINT('Axis2P3D Location',(0.,0.,3.5)) ;
#5559=CARTESIAN_POINT('Vertex',(16.2,0.,3.5)) ;
#5562=CARTESIAN_POINT('Line Origine',(16.2,0.,5.25)) ;
#5574=CARTESIAN_POINT('Axis2P3D Location',(0.,0.,3.5)) ;
#5586=CARTESIAN_POINT('Axis2P3D Location',(14.1421356237,14.1421356237,5.25)) ;
#5591=CARTESIAN_POINT('Line Origine',(12.6421356237,14.1421356237,5.25)) ;
#5595=CARTESIAN_POINT('Vertex',(12.6421356237,14.1421356237,3.5)) ;
#5598=CARTESIAN_POINT('Axis2P3D Location',(14.1421356237,14.1421356237,3.5)) ;
#5602=CARTESIAN_POINT('Vertex',(15.6421356237,14.1421356237,3.5)) ;
#5605=CARTESIAN_POINT('Line Origine',(15.6421356237,14.1421356237,5.25)) ;
#5617=CARTESIAN_POINT('Axis2P3D Location',(14.1421356237,14.1421356237,3.5)) ;
#5629=CARTESIAN_POINT('Axis2P3D Location',(-14.1421356237,14.1421356237,5.25)) ;
#5634=CARTESIAN_POINT('Line Origine',(-12.6421356237,14.1421356237,5.25)) ;
#5638=CARTESIAN_POINT('Vertex',(-12.6421356237,14.1421356237,3.5)) ;
#5641=CARTESIAN_POINT('Axis2P3D Location',(-14.1421356237,14.1421356237,3.5)) ;
#5645=CARTESIAN_POINT('Vertex',(-15.6421356237,14.1421356237,3.5)) ;
#5648=CARTESIAN_POINT('Line Origine',(-15.6421356237,14.1421356237,5.25)) ;
#5660=CARTESIAN_POINT('Axis2P3D Location',(-14.1421356237,14.1421356237,3.5)) ;
#5672=CARTESIAN_POINT('Axis2P3D Location',(-14.1421356237,-14.1421356237,5.25)) ;
#5677=CARTESIAN_POINT('Line Origine',(-12.6421356237,-14.1421356237,5.25)) ;
#5681=CARTESIAN_POINT('Vertex',(-12.6421356237,-14.1421356237,3.5)) ;
#5684=CARTESIAN_POINT('Axis2P3D Location',(-14.1421356237,-14.1421356237,3.5)) ;
#5688=CARTESIAN_POINT('Vertex',(-15.6421356237,-14.1421356237,3.5)) ;
#5691=CARTESIAN_POINT('Line Origine',(-15.6421356237,-14.1421356237,5.25)) ;
#5703=CARTESIAN_POINT('Axis2P3D Location',(-14.1421356237,-14.1421356237,3.5)) ;
#5715=CARTESIAN_POINT('Axis2P3D Location',(14.1421356237,-14.1421356237,5.25)) ;
#5720=CARTESIAN_POINT('Line Origine',(12.6421356237,-14.1421356237,5.25)) ;
#5724=CARTESIAN_POINT('Vertex',(12.6421356237,-14.1421356237,3.5)) ;
#5727=CARTESIAN_POINT('Axis2P3D Location',(14.1421356237,-14.1421356237,3.5)) ;
#5731=CARTESIAN_POINT('Vertex',(15.6421356237,-14.1421356237,3.5)) ;
#5734=CARTESIAN_POINT('Line Origine',(15.6421356237,-14.1421356237,5.25)) ;
#5746=CARTESIAN_POINT('Axis2P3D Location',(14.1421356237,-14.1421356237,3.5)) ;
#5758=CARTESIAN_POINT('Axis2P3D Location',(32.04293994,18.5,3.5)) ;
#5763=CARTESIAN_POINT('Line Origine',(34.54293994,18.5,3.5)) ;
#5767=CARTESIAN_POINT('Vertex',(34.54293994,18.5,0.)) ;
#5770=CARTESIAN_POINT('Axis2P3D Location',(32.04293994,18.5,0.)) ;
#5774=CARTESIAN_POINT('Vertex',(29.54293994,18.5,0.)) ;
#5777=CARTESIAN_POINT('Line Origine',(29.54293994,18.5,3.5)) ;
#5789=CARTESIAN_POINT('Axis2P3D Location',(32.04293994,18.5,0.)) ;
#5801=CARTESIAN_POINT('Axis2P3D Location',(-32.04293994,18.5,3.5)) ;
#5806=CARTESIAN_POINT('Line Origine',(-29.54293994,18.5,3.5)) ;
#5811=CARTESIAN_POINT('Line Origine',(-34.54293994,18.5,3.5)) ;
#5830=CARTESIAN_POINT('Axis2P3D Location',(0.,-37.,3.5)) ;
#5835=CARTESIAN_POINT('Line Origine',(2.5,-37.,3.5)) ;
#5840=CARTESIAN_POINT('Line Origine',(-2.5,-37.,3.5)) ;
#5859=CARTESIAN_POINT('Axis2P3D Location',(10.,36.0383129461,3.5)) ;
#5864=CARTESIAN_POINT('Axis2P3D Location',(10.,36.0383129461,3.5)) ;
#5876=CARTESIAN_POINT('Axis2P3D Location',(0.,0.,3.5)) ;
#5881=CARTESIAN_POINT('Axis2P3D Location',(0.,0.,3.5)) ;
#5886=CARTESIAN_POINT('Axis2P3D Location',(-4.26325641456E-014,9.7699626167E-015,3.5)) ;
#5891=CARTESIAN_POINT('Line Origine',(18.,42.4649972333,3.5)) ;
#5896=CARTESIAN_POINT('Axis2P3D Location',(0.,0.,3.5)) ;
#5901=CARTESIAN_POINT('Axis2P3D Location',(-7.46069872548E-014,1.06581410364E-013,3.5)) ;
#5989=CARTESIAN_POINT('Axis2P3D Location',(18.,19.0525588833,0.)) ;
#5994=CARTESIAN_POINT('Line Origine',(18.,46.5404125465,1.75)) ;
#5998=CARTESIAN_POINT('Vertex',(18.,46.5404125465,0.)) ;
#6001=CARTESIAN_POINT('Line Origine',(18.,42.4649972333,0.)) ;
#6013=CARTESIAN_POINT('Axis2P3D Location',(26.2100945208,26.6794105109,0.)) ;
#6018=CARTESIAN_POINT('Axis2P3D Location',(0.,0.,0.)) ;
#6040=CARTESIAN_POINT('Axis2P3D Location',(26.2100945208,26.6794105109,3.5)) ;
#6055=CARTESIAN_POINT('Axis2P3D Location',(0.,0.,3.5)) ;
#6085=CARTESIAN_POINT('Control Point',(-48.6241436779,11.2117193858,2.54114892279)) ;
#6086=CARTESIAN_POINT('Control Point',(-48.5689848272,11.4509379919,2.0920504922)) ;
#6087=CARTESIAN_POINT('Control Point',(-48.4800800178,11.8297902474,1.72147791235)) ;
#6088=CARTESIAN_POINT('Control Point',(-48.3610212857,12.3153078216,1.4914985594)) ;
#6089=CARTESIAN_POINT('Control Point',(-48.1558944836,13.091536585,1.4102061788)) ;
#6090=CARTESIAN_POINT('Control Point',(-47.957522772,13.7902917948,1.69004162064)) ;
#6091=CARTESIAN_POINT('Control Point',(-47.8945048221,14.0068333426,1.82202737611)) ;
#6092=CARTESIAN_POINT('Control Point',(-47.7292118381,14.5641166301,2.30295066752)) ;
#6093=CARTESIAN_POINT('Control Point',(-47.6330855541,14.870211168,3.012575294)) ;
#6094=CARTESIAN_POINT('Control Point',(-47.6154904155,14.9248784803,3.53073423574)) ;
#6095=CARTESIAN_POINT('Control Point',(-47.6470831646,14.8263377817,4.03050801346)) ;
#6096=CARTESIAN_POINT('Control Point',(-47.7156033553,14.6024380307,4.45885107721)) ;
#6097=CARTESIAN_POINT('Vertex',(-48.6241436779,11.2117193858,2.54114892279)) ;
#6099=CARTESIAN_POINT('Vertex',(-47.7156033553,14.6024380307,4.45885107721)) ;
#6103=CARTESIAN_POINT('Control Point',(-47.7156033553,14.6024380307,4.45885107721)) ;
#6104=CARTESIAN_POINT('Control Point',(-47.7874436923,14.3676892155,4.90794950781)) ;
#6105=CARTESIAN_POINT('Control Point',(-47.8998759966,13.9951411332,5.27852208766)) ;
#6106=CARTESIAN_POINT('Control Point',(-48.0395268972,13.5151412139,5.5085014406)) ;
#6107=CARTESIAN_POINT('Control Point',(-48.2499962572,12.7403439846,5.5897938212)) ;
#6108=CARTESIAN_POINT('Control Point',(-48.4275789205,12.0360183662,5.30995837935)) ;
#6109=CARTESIAN_POINT('Control Point',(-48.4812745489,11.8169789098,5.17797262389)) ;
#6110=CARTESIAN_POINT('Control Point',(-48.6167682694,11.2517109338,4.69704933254)) ;
#6111=CARTESIAN_POINT('Control Point',(-48.6865677345,10.938562146,3.98742470618)) ;
#6112=CARTESIAN_POINT('Control Point',(-48.6986635536,10.8824212955,3.46926576408)) ;
#6113=CARTESIAN_POINT('Control Point',(-48.6767533276,10.9835564183,2.96949198646)) ;
#6114=CARTESIAN_POINT('Control Point',(-48.6241436779,11.2117193858,2.54114892279)) ;
#6121=CARTESIAN_POINT('Control Point',(14.6024380307,-47.7156033553,2.54114892279)) ;
#6122=CARTESIAN_POINT('Control Point',(14.3676892155,-47.7874436923,2.09205049223)) ;
#6123=CARTESIAN_POINT('Control Point',(13.9951411332,-47.8998759966,1.72147791241)) ;
#6124=CARTESIAN_POINT('Control Point',(13.5151412138,-48.0395268972,1.49149855939)) ;
#6125=CARTESIAN_POINT('Control Point',(12.7403439846,-48.2499962572,1.41020617883)) ;
#6126=CARTESIAN_POINT('Control Point',(12.0360183663,-48.4275789205,1.6900416206)) ;
#6127=CARTESIAN_POINT('Control Point',(11.8169789097,-48.4812745489,1.82202737619)) ;
#6128=CARTESIAN_POINT('Control Point',(11.2517109337,-48.6167682694,2.30295066758)) ;
#6129=CARTESIAN_POINT('Control Point',(10.9385621459,-48.6865677345,3.01257529397)) ;
#6130=CARTESIAN_POINT('Control Point',(10.8824212955,-48.6986635536,3.53073423576)) ;
#6131=CARTESIAN_POINT('Control Point',(10.9835564183,-48.6767533276,4.03050801348)) ;
#6132=CARTESIAN_POINT('Control Point',(11.2117193858,-48.6241436779,4.45885107721)) ;
#6133=CARTESIAN_POINT('Vertex',(14.6024380307,-47.7156033553,2.54114892279)) ;
#6135=CARTESIAN_POINT('Vertex',(11.2117193858,-48.6241436779,4.45885107721)) ;
#6139=CARTESIAN_POINT('Control Point',(11.2117193858,-48.6241436779,4.45885107721)) ;
#6140=CARTESIAN_POINT('Control Point',(11.4509379919,-48.5689848272,4.90794950776)) ;
#6141=CARTESIAN_POINT('Control Point',(11.8297902473,-48.4800800178,5.27852208758)) ;
#6142=CARTESIAN_POINT('Control Point',(12.3153078217,-48.3610212856,5.50850144061)) ;
#6143=CARTESIAN_POINT('Control Point',(13.091536585,-48.1558944836,5.58979382117)) ;
#6144=CARTESIAN_POINT('Control Point',(13.7902917946,-47.9575227721,5.3099583794)) ;
#6145=CARTESIAN_POINT('Control Point',(14.0068333427,-47.8945048221,5.17797262381)) ;
#6146=CARTESIAN_POINT('Control Point',(14.5641166301,-47.7292118381,4.69704933243)) ;
#6147=CARTESIAN_POINT('Control Point',(14.870211168,-47.6330855542,3.98742470604)) ;
#6148=CARTESIAN_POINT('Control Point',(14.9248784802,-47.6154904155,3.46926576422)) ;
#6149=CARTESIAN_POINT('Control Point',(14.8263377817,-47.6470831646,2.96949198652)) ;
#6150=CARTESIAN_POINT('Control Point',(14.6024380307,-47.7156033553,2.54114892279)) ;
#6158=CARTESIAN_POINT('Control Point',(-41.3744201088,9.26916181012,2.54114892279)) ;
#6159=CARTESIAN_POINT('Control Point',(-41.3281842203,9.47554326222,2.15433775666)) ;
#6160=CARTESIAN_POINT('Control Point',(-41.2558292953,9.79316632921,1.82918497939)) ;
#6161=CARTESIAN_POINT('Control Point',(-41.1593658746,10.1908820956,1.61863129832)) ;
#6162=CARTESIAN_POINT('Control Point',(-41.0510162482,10.6100926003,1.53570451996)) ;
#6163=CARTESIAN_POINT('Vertex',(-41.3744201088,9.26916181012,2.54114892279)) ;
#6165=CARTESIAN_POINT('Vertex',(-41.0510162482,10.6100926003,1.53570451996)) ;
#6169=CARTESIAN_POINT('Control Point',(-41.3744201088,9.26916181012,2.54114892279)) ;
#6170=CARTESIAN_POINT('Control Point',(-41.4533620307,8.91679162739,3.20157998336)) ;
#6171=CARTESIAN_POINT('Control Point',(-41.4599231149,8.8639033166,4.03303862097)) ;
#6172=CARTESIAN_POINT('Control Point',(-41.388536114,9.23680789637,4.83485722433)) ;
#6173=CARTESIAN_POINT('Control Point',(-41.2360095084,9.8943437738,5.32270851208)) ;
#6174=CARTESIAN_POINT('Control Point',(-41.0510162482,10.6100926003,5.46429548004)) ;
#6175=CARTESIAN_POINT('Vertex',(-41.0510162482,10.6100926003,5.46429548004)) ;
#6178=CARTESIAN_POINT('Line Origine',(-41.0510162482,10.6100926003,3.5)) ;
#6183=CARTESIAN_POINT('Line Origine',(-41.0510162482,10.6100926003,3.5)) ;
#6200=CARTESIAN_POINT('Axis2P3D Location',(-36.2100945208,9.3589024352,3.5)) ;
#6206=CARTESIAN_POINT('Control Point',(-40.0587183766,12.5507818842,4.45885107721)) ;
#6207=CARTESIAN_POINT('Control Point',(-40.2276885258,12.3470453216,4.89913298099)) ;
#6208=CARTESIAN_POINT('Control Point',(-40.4715094157,12.0255549834,5.25422041259)) ;
#6209=CARTESIAN_POINT('Control Point',(-40.7279771084,11.6040434084,5.49424810492)) ;
#6210=CARTESIAN_POINT('Control Point',(-40.9247588788,11.0985891214,5.56092817956)) ;
#6211=CARTESIAN_POINT('Control Point',(-41.0510162482,10.6100926003,5.46429548004)) ;
#6212=CARTESIAN_POINT('Vertex',(-40.0587183766,12.5507818842,4.45885107721)) ;
#6216=CARTESIAN_POINT('Control Point',(-40.0587183766,12.5507818842,4.45885107721)) ;
#6217=CARTESIAN_POINT('Control Point',(-39.9743754095,12.6524788187,4.23908041186)) ;
#6218=CARTESIAN_POINT('Control Point',(-39.9087805821,12.7247339957,3.99849154444)) ;
#6219=CARTESIAN_POINT('Control Point',(-39.8703094581,12.7647918219,3.74209439282)) ;
#6220=CARTESIAN_POINT('Control Point',(-39.8626234283,12.7743041923,3.21859054429)) ;
#6221=CARTESIAN_POINT('Control Point',(-39.9775323241,12.6480086115,2.72339144446)) ;
#6222=CARTESIAN_POINT('Control Point',(-40.0620430553,12.5519756903,2.49283759036)) ;
#6223=CARTESIAN_POINT('Control Point',(-40.3184720411,12.2330025329,1.96394782218)) ;
#6224=CARTESIAN_POINT('Control Point',(-40.6296548567,11.7405119189,1.6146853391)) ;
#6225=CARTESIAN_POINT('Control Point',(-40.8108315403,11.3835291238,1.48361461662)) ;
#6226=CARTESIAN_POINT('Control Point',(-40.9521803473,10.9924939921,1.46005919356)) ;
#6227=CARTESIAN_POINT('Control Point',(-41.0510162482,10.6100926003,1.53570451996)) ;
#6240=CARTESIAN_POINT('Control Point',(12.659880455,-40.4658797861,2.54114892279)) ;
#6241=CARTESIAN_POINT('Control Point',(12.4580309304,-40.5290290582,2.15433775655)) ;
#6242=CARTESIAN_POINT('Control Point',(12.1467838233,-40.6251793884,1.8291849796)) ;
#6243=CARTESIAN_POINT('Control Point',(11.7541201557,-40.7404974989,1.61863129835)) ;
#6244=CARTESIAN_POINT('Control Point',(11.3368983957,-40.8562692223,1.53570451996)) ;
#6245=CARTESIAN_POINT('Vertex',(12.659880455,-40.4658797861,2.54114892279)) ;
#6247=CARTESIAN_POINT('Vertex',(11.3368983957,-40.8562692223,1.53570451996)) ;
#6251=CARTESIAN_POINT('Control Point',(12.659880455,-40.4658797861,2.54114892279)) ;
#6252=CARTESIAN_POINT('Control Point',(13.0045129458,-40.3580604045,3.20157998345)) ;
#6253=CARTESIAN_POINT('Control Point',(13.0535961087,-40.3372983147,4.03303861847)) ;
#6254=CARTESIAN_POINT('Control Point',(12.694957769,-40.4619276484,4.83485722534)) ;
#6255=CARTESIAN_POINT('Control Point',(12.0492516924,-40.6586036718,5.32270851206)) ;
#6256=CARTESIAN_POINT('Control Point',(11.3368983957,-40.8562692223,5.46429548004)) ;
#6257=CARTESIAN_POINT('Vertex',(11.3368983957,-40.8562692223,5.46429548004)) ;
#6260=CARTESIAN_POINT('Line Origine',(11.3368983957,-40.8562692223,3.5)) ;
#6265=CARTESIAN_POINT('Line Origine',(11.3368983957,-40.8562692223,3.5)) ;
#6282=CARTESIAN_POINT('Axis2P3D Location',(10.,-36.0383129461,3.5)) ;
#6288=CARTESIAN_POINT('Control Point',(9.16006323925,-40.9672586993,4.45885107721)) ;
#6289=CARTESIAN_POINT('Control Point',(9.42098935277,-41.0117228597,4.89913298098)) ;
#6290=CARTESIAN_POINT('Control Point',(9.8213185977,-41.0621327752,5.25422041266)) ;
#6291=CARTESIAN_POINT('Control Point',(10.314592176,-41.0734845248,5.49424810491)) ;
#6292=CARTESIAN_POINT('Control Point',(10.8507193141,-40.9911753935,5.56092817956)) ;
#6293=CARTESIAN_POINT('Control Point',(11.3368983957,-40.8562692223,5.46429548004)) ;
#6294=CARTESIAN_POINT('Vertex',(9.16006323925,-40.9672586993,4.45885107721)) ;
#6298=CARTESIAN_POINT('Control Point',(9.16006323925,-40.9672586993,4.45885107721)) ;
#6299=CARTESIAN_POINT('Control Point',(9.02981962696,-40.9450640144,4.23908041186)) ;
#6300=CARTESIAN_POINT('Control Point',(8.93444739438,-40.924384816,3.99849154445)) ;
#6301=CARTESIAN_POINT('Control Point',(8.8805207373,-40.9110967584,3.74209439282)) ;
#6302=CARTESIAN_POINT('Control Point',(8.86843976793,-40.9091966465,3.21859054428)) ;
#6303=CARTESIAN_POINT('Control Point',(9.03526939724,-40.945562879,2.72339144446)) ;
#6304=CARTESIAN_POINT('Control Point',(9.16069171215,-40.9707348586,2.49283759036)) ;
#6305=CARTESIAN_POINT('Control Point',(9.56514506245,-41.0333222958,1.96394782218)) ;
#6306=CARTESIAN_POINT('Control Point',(10.1472458532,-41.0565692124,1.6146853391)) ;
#6307=CARTESIAN_POINT('Control Point',(10.5469903642,-41.0349814254,1.48361461662)) ;
#6308=CARTESIAN_POINT('Control Point',(10.9563111256,-40.9618755171,1.46005919356)) ;
#6309=CARTESIAN_POINT('Control Point',(11.3368983957,-40.8562692223,1.53570451996)) ;
#6321=CARTESIAN_POINT('Axis2P3D Location',(-48.1031061492,12.8891884461,3.5)) ;
#6326=CARTESIAN_POINT('Line Origine',(-46.9875010235,10.7731823083,2.54114892279)) ;
#6331=CARTESIAN_POINT('Line Origine',(-46.0789607009,14.1639009532,4.45885107721)) ;
#6352=CARTESIAN_POINT('Axis2P3D Location',(12.8891884461,-48.1031061492,3.5)) ;
#6357=CARTESIAN_POINT('Line Origine',(14.1639009532,-46.0789607009,2.54114892279)) ;
#6362=CARTESIAN_POINT('Line Origine',(10.7731823083,-46.9875010235,4.45885107721)) ;
#6393=CARTESIAN_POINT('NONE',(0.,0.,0.)) ;
#6394=CARTESIAN_POINT('NONE',(0.,0.,7.1)) ;
#6408=CARTESIAN_POINT('NONE',(0.,0.,0.)) ;
#6409=CARTESIAN_POINT('NONE',(-8.97595548961E-013,-2.00495532297E-012,9.7)) ;
#62=DIRECTION('Axis2P3D Direction',(-0.707106781187,0.707106781187,0.)) ;
#63=DIRECTION('Axis2P3D XDirection',(0.620544580564,0.620544580564,0.479425538604)) ;
#67=DIRECTION('Vector Direction',(-0.890960761542,-0.183853980356,-0.415194695654)) ;
#76=DIRECTION('Axis2P3D Direction',(-0.707106781187,0.707106781187,0.)) ;
#83=DIRECTION('Vector Direction',(0.183853980356,0.890960761542,0.415194695654)) ;
#94=DIRECTION('Axis2P3D Direction',(0.,0.,1.)) ;
#95=DIRECTION('Axis2P3D XDirection',(1.,0.,0.)) ;
#99=DIRECTION('Axis2P3D Direction',(0.,0.,1.)) ;
#108=DIRECTION('Axis2P3D Direction',(0.,0.,1.)) ;
#115=DIRECTION('Axis2P3D Direction',(0.,0.,1.)) ;
#122=DIRECTION('Axis2P3D Direction',(0.,0.,1.)) ;
#129=DIRECTION('Axis2P3D Direction',(0.,0.,1.)) ;
#136=DIRECTION('Axis2P3D Direction',(0.,0.,1.)) ;
#149=DIRECTION('Vector Direction',(0.,-1.,0.)) ;
#158=DIRECTION('Axis2P3D Direction',(0.,0.,1.)) ;
#165=DIRECTION('Vector Direction',(0.,1.,0.)) ;
#172=DIRECTION('Axis2P3D Direction',(0.,0.,1.)) ;
#183=DIRECTION('Vector Direction',(0.866025403784,-0.5,0.)) ;
#192=DIRECTION('Axis2P3D Direction',(0.,0.,1.)) ;
#199=DIRECTION('Vector Direction',(-0.866025403784,0.5,0.)) ;
#206=DIRECTION('Axis2P3D Direction',(0.,0.,1.)) ;
#217=DIRECTION('Vector Direction',(-0.866025403784,-0.5,0.)) ;
#226=DIRECTION('Axis2P3D Direction',(0.,0.,1.)) ;
#233=DIRECTION('Vector Direction',(0.866025403784,0.5,0.)) ;
#240=DIRECTION('Axis2P3D Direction',(0.,0.,1.)) ;
#251=DIRECTION('Axis2P3D Direction',(0.,0.,1.)) ;
#260=DIRECTION('Axis2P3D Direction',(0.,0.,1.)) ;
#269=DIRECTION('Axis2P3D Direction',(0.,0.,1.)) ;
#278=DIRECTION('Axis2P3D Direction',(0.,0.,1.)) ;
#287=DIRECTION('Axis2P3D Direction',(0.,0.,1.)) ;
#296=DIRECTION('Axis2P3D Direction',(0.,0.,1.)) ;
#305=DIRECTION('Axis2P3D Direction',(0.,0.,1.)) ;
#314=DIRECTION('Axis2P3D Direction',(0.,0.,1.)) ;
#324=DIRECTION('Axis2P3D Direction',(0.,0.,1.)) ;
#325=DIRECTION('Axis2P3D XDirection',(0.360721442886,0.932673598127,0.)) ;
#329=DIRECTION('Vector Direction',(0.,0.,1.)) ;
#336=DIRECTION('Vector Direction',(0.,0.,1.)) ;
#343=DIRECTION('Axis2P3D Direction',(0.,0.,1.)) ;
#355=DIRECTION('Axis2P3D Direction',(1.,0.,0.)) ;
#356=DIRECTION('Axis2P3D XDirection',(0.,1.,0.)) ;
#360=DIRECTION('Vector Direction',(0.,1.,0.)) ;
#367=DIRECTION('Vector Direction',(0.,0.,1.)) ;
#374=DIRECTION('Vector Direction',(0.,1.,0.)) ;
#381=DIRECTION('Vector Direction',(0.,0.,1.)) ;
#393=DIRECTION('Axis2P3D Direction',(-0.5,-0.866025403784,0.)) ;
#394=DIRECTION('Axis2P3D XDirection',(0.866025403784,-0.5,0.)) ;
#398=DIRECTION('Vector Direction',(0.866025403784,-0.5,0.)) ;
#407=DIRECTION('Vector Direction',(0.,0.,1.)) ;
#414=DIRECTION('Vector Direction',(0.866025403784,-0.5,0.)) ;
#421=DIRECTION('Vector Direction',(0.,0.,1.)) ;
#433=DIRECTION('Axis2P3D Direction',(-0.5,0.866025403784,0.)) ;
#434=DIRECTION('Axis2P3D XDirection',(-0.866025403784,-0.5,0.)) ;
#438=DIRECTION('Vector Direction',(-0.866025403784,-0.5,0.)) ;
#447=DIRECTION('Vector Direction',(0.,0.,1.)) ;
#454=DIRECTION('Vector Direction',(-0.866025403784,-0.5,0.)) ;
#461=DIRECTION('Vector Direction',(0.,0.,1.)) ;
#473=DIRECTION('Axis2P3D Direction',(0.,0.,1.)) ;
#474=DIRECTION('Axis2P3D XDirection',(-1.,1.22464679915E-016,0.)) ;
#478=DIRECTION('Axis2P3D Direction',(0.,0.,1.)) ;
#487=DIRECTION('Vector Direction',(0.,0.,1.)) ;
#492=DIRECTION('Vector Direction',(0.,0.,1.)) ;
#504=DIRECTION('Axis2P3D Direction',(1.,0.,0.)) ;
#505=DIRECTION('Axis2P3D XDirection',(0.,1.,0.)) ;
#509=DIRECTION('Vector Direction',(0.,1.,0.)) ;
#516=DIRECTION('Vector Direction',(0.,0.,1.)) ;
#528=DIRECTION('Axis2P3D Direction',(0.,0.,1.)) ;
#529=DIRECTION('Axis2P3D XDirection',(1.,0.,0.)) ;
#533=DIRECTION('Axis2P3D Direction',(0.,0.,1.)) ;
#540=DIRECTION('Vector Direction',(0.,0.,1.)) ;
#552=DIRECTION('Axis2P3D Direction',(-1.,0.,0.)) ;
#553=DIRECTION('Axis2P3D XDirection',(0.,-1.,0.)) ;
#557=DIRECTION('Vector Direction',(0.,-1.,0.)) ;
#569=DIRECTION('Axis2P3D Direction',(0.,0.,1.)) ;
#570=DIRECTION('Axis2P3D XDirection',(-0.5,-0.866025403784,-0.)) ;
#574=DIRECTION('Axis2P3D Direction',(0.,0.,1.)) ;
#583=DIRECTION('Vector Direction',(0.,0.,1.)) ;
#588=DIRECTION('Vector Direction',(0.,0.,1.)) ;
#600=DIRECTION('Axis2P3D Direction',(0.5,0.866025403784,-0.)) ;
#601=DIRECTION('Axis2P3D XDirection',(-0.866025403784,0.5,0.)) ;
#605=DIRECTION('Vector Direction',(-0.866025403784,0.5,0.)) ;
#612=DIRECTION('Vector Direction',(0.,0.,1.)) ;
#624=DIRECTION('Axis2P3D Direction',(0.,0.,1.)) ;
#625=DIRECTION('Axis2P3D XDirection',(0.5,0.866025403784,0.)) ;
#629=DIRECTION('Axis2P3D Direction',(0.,0.,1.)) ;
#636=DIRECTION('Vector Direction',(0.,0.,1.)) ;
#648=DIRECTION('Axis2P3D Direction',(-0.5,-0.866025403784,0.)) ;
#649=DIRECTION('Axis2P3D XDirection',(0.866025403784,-0.5,0.)) ;
#653=DIRECTION('Vector Direction',(0.866025403784,-0.5,0.)) ;
#665=DIRECTION('Axis2P3D Direction',(0.,0.,1.)) ;
#666=DIRECTION('Axis2P3D XDirection',(-0.5,0.866025403784,0.)) ;
#670=DIRECTION('Axis2P3D Direction',(0.,0.,1.)) ;
#679=DIRECTION('Vector Direction',(0.,0.,1.)) ;
#684=DIRECTION('Vector Direction',(0.,0.,1.)) ;
#696=DIRECTION('Axis2P3D Direction',(0.5,-0.866025403784,0.)) ;
#697=DIRECTION('Axis2P3D XDirection',(0.866025403784,0.5,0.)) ;
#701=DIRECTION('Vector Direction',(0.866025403784,0.5,0.)) ;
#708=DIRECTION('Vector Direction',(0.,0.,1.)) ;
#720=DIRECTION('Axis2P3D Direction',(0.,0.,1.)) ;
#721=DIRECTION('Axis2P3D XDirection',(0.5,-0.866025403784,0.)) ;
#725=DIRECTION('Axis2P3D Direction',(0.,0.,1.)) ;
#732=DIRECTION('Vector Direction',(0.,0.,1.)) ;
#744=DIRECTION('Axis2P3D Direction',(-0.5,0.866025403784,0.)) ;
#745=DIRECTION('Axis2P3D XDirection',(-0.866025403784,-0.5,0.)) ;
#749=DIRECTION('Vector Direction',(-0.866025403784,-0.5,0.)) ;
#761=DIRECTION('Axis2P3D Direction',(0.,0.,1.)) ;
#762=DIRECTION('Axis2P3D XDirection',(1.,0.,0.)) ;
#766=DIRECTION('Axis2P3D Direction',(0.,0.,1.)) ;
#775=DIRECTION('Vector Direction',(0.,0.,1.)) ;
#780=DIRECTION('Vector Direction',(0.,0.,1.)) ;
#792=DIRECTION('Axis2P3D Direction',(0.,0.,1.)) ;
#804=DIRECTION('Axis2P3D Direction',(0.,0.,1.)) ;
#805=DIRECTION('Axis2P3D XDirection',(1.,0.,0.)) ;
#809=DIRECTION('Axis2P3D Direction',(0.,0.,1.)) ;
#818=DIRECTION('Vector Direction',(0.,0.,1.)) ;
#823=DIRECTION('Vector Direction',(0.,0.,1.)) ;
#835=DIRECTION('Axis2P3D Direction',(0.,0.,1.)) ;
#847=DIRECTION('Axis2P3D Direction',(0.,0.,1.)) ;
#848=DIRECTION('Axis2P3D XDirection',(1.,0.,0.)) ;
#852=DIRECTION('Axis2P3D Direction',(0.,0.,1.)) ;
#861=DIRECTION('Vector Direction',(0.,0.,1.)) ;
#866=DIRECTION('Vector Direction',(0.,0.,1.)) ;
#878=DIRECTION('Axis2P3D Direction',(0.,0.,1.)) ;
#890=DIRECTION('Axis2P3D Direction',(0.,0.,1.)) ;
#891=DIRECTION('Axis2P3D XDirection',(1.,0.,0.)) ;
#895=DIRECTION('Axis2P3D Direction',(0.,0.,1.)) ;
#904=DIRECTION('Vector Direction',(0.,0.,1.)) ;
#909=DIRECTION('Vector Direction',(0.,0.,1.)) ;
#921=DIRECTION('Axis2P3D Direction',(0.,0.,1.)) ;
#933=DIRECTION('Axis2P3D Direction',(0.,0.,1.)) ;
#934=DIRECTION('Axis2P3D XDirection',(-1.,5.66553889765E-016,0.)) ;
#938=DIRECTION('Vector Direction',(0.,0.,1.)) ;
#947=DIRECTION('Axis2P3D Direction',(0.,0.,1.)) ;
#952=DIRECTION('Axis2P3D Direction',(0.,0.,1.)) ;
#964=DIRECTION('Axis2P3D Direction',(0.,0.,1.)) ;
#965=DIRECTION('Axis2P3D XDirection',(0.5,0.866025403784,0.)) ;
#969=DIRECTION('Vector Direction',(0.,0.,1.)) ;
#978=DIRECTION('Axis2P3D Direction',(0.,0.,1.)) ;
#983=DIRECTION('Axis2P3D Direction',(0.,0.,1.)) ;
#995=DIRECTION('Axis2P3D Direction',(0.,0.,1.)) ;
#996=DIRECTION('Axis2P3D XDirection',(0.5,-0.866025403784,0.)) ;
#1000=DIRECTION('Vector Direction',(0.,0.,1.)) ;
#1009=DIRECTION('Axis2P3D Direction',(0.,0.,1.)) ;
#1014=DIRECTION('Axis2P3D Direction',(0.,0.,1.)) ;
#1026=DIRECTION('Axis2P3D Direction',(0.,0.,1.)) ;
#1027=DIRECTION('Axis2P3D XDirection',(1.,0.,0.)) ;
#1031=DIRECTION('Axis2P3D Direction',(0.,0.,1.)) ;
#1040=DIRECTION('Axis2P3D Direction',(0.,0.,1.)) ;
#1054=DIRECTION('Axis2P3D Direction',(0.,0.,1.)) ;
#1055=DIRECTION('Axis2P3D XDirection',(1.,0.,0.)) ;
#1059=DIRECTION('Vector Direction',(0.,0.,1.)) ;
#1066=DIRECTION('Axis2P3D Direction',(0.,0.,1.)) ;
#1073=DIRECTION('Vector Direction',(0.,0.,1.)) ;
#1085=DIRECTION('Axis2P3D Direction',(0.,0.,1.)) ;
#1097=DIRECTION('Axis2P3D Direction',(-1.,0.,0.)) ;
#1098=DIRECTION('Axis2P3D XDirection',(0.,-1.,0.)) ;
#1102=DIRECTION('Vector Direction',(0.,-1.,0.)) ;
#1107=DIRECTION('Vector Direction',(0.,0.,1.)) ;
#1114=DIRECTION('Vector Direction',(0.,-1.,0.)) ;
#1126=DIRECTION('Axis2P3D Direction',(0.,0.,1.)) ;
#1127=DIRECTION('Axis2P3D XDirection',(1.,0.,0.)) ;
#1131=DIRECTION('Axis2P3D Direction',(0.,0.,1.)) ;
#1147=DIRECTION('Axis2P3D Direction',(0.5,-0.866025403784,0.)) ;
#1148=DIRECTION('Axis2P3D XDirection',(0.866025403784,0.5,0.)) ;
#1152=DIRECTION('Vector Direction',(0.866025403784,0.5,0.)) ;
#1159=DIRECTION('Vector Direction',(0.,0.,1.)) ;
#1166=DIRECTION('Vector Direction',(0.866025403784,0.5,0.)) ;
#1178=DIRECTION('Axis2P3D Direction',(0.,0.,1.)) ;
#1194=DIRECTION('Axis2P3D Direction',(0.,0.,1.)) ;
#1195=DIRECTION('Axis2P3D XDirection',(1.,0.,0.)) ;
#1199=DIRECTION('Axis2P3D Direction',(0.,0.,1.)) ;
#1204=DIRECTION('Axis2P3D Direction',(0.,0.,1.)) ;
#1211=DIRECTION('Vector Direction',(-0.866025403784,0.5,0.)) ;
#1253=DIRECTION('Axis2P3D Direction',(0.5,0.866025403784,-0.)) ;
#1254=DIRECTION('Axis2P3D XDirection',(-0.866025403784,0.5,0.)) ;
#1258=DIRECTION('Vector Direction',(0.,0.,1.)) ;
#1265=DIRECTION('Vector Direction',(-0.866025403784,0.5,0.)) ;
#1277=DIRECTION('Axis2P3D Direction',(0.,0.,1.)) ;
#1293=DIRECTION('Axis2P3D Direction',(0.707106781187,-0.707106781187,-0.)) ;
#1294=DIRECTION('Axis2P3D XDirection',(0.620544580564,0.620544580564,0.479425538604)) ;
#1316=DIRECTION('Vector Direction',(0.707106781187,-0.707106781187,0.)) ;
#1321=DIRECTION('Axis2P3D Direction',(0.707106781187,-0.707106781187,-0.)) ;
#1326=DIRECTION('Vector Direction',(0.707106781187,-0.707106781187,0.)) ;
#1365=DIRECTION('Axis2P3D Direction',(0.,0.,1.)) ;
#1366=DIRECTION('Axis2P3D XDirection',(-0.360721442886,0.932673598127,0.)) ;
#1467=DIRECTION('Axis2P3D Direction',(0.965925826289,0.258819045103,0.)) ;
#1468=DIRECTION('Axis2P3D XDirection',(0.227135080667,-0.847679661231,0.479425538604)) ;
#1472=DIRECTION('Vector Direction',(0.286258163196,0.863521643449,-0.415194695654)) ;
#1481=DIRECTION('Axis2P3D Direction',(0.965925826289,0.258819045103,0.)) ;
#1488=DIRECTION('Vector Direction',(0.679667663093,-0.604702598346,0.415194695654)) ;
#1499=DIRECTION('Axis2P3D Direction',(0.965925826289,0.258819045103,0.)) ;
#1510=DIRECTION('Axis2P3D Direction',(-0.965925826289,-0.258819045103,0.)) ;
#1511=DIRECTION('Axis2P3D XDirection',(0.227135080667,-0.847679661231,0.479425538604)) ;
#1515=DIRECTION('Vector Direction',(-0.965925826289,-0.258819045103,0.)) ;
#1520=DIRECTION('Vector Direction',(-0.965925826289,-0.258819045103,0.)) ;
#1539=DIRECTION('Axis2P3D Direction',(-0.258819045103,-0.965925826289,0.)) ;
#1540=DIRECTION('Axis2P3D XDirection',(-0.847679661231,0.227135080667,0.479425538604)) ;
#1544=DIRECTION('Vector Direction',(0.604702598346,-0.679667663093,-0.415194695654)) ;
#1553=DIRECTION('Axis2P3D Direction',(-0.258819045103,-0.965925826289,0.)) ;
#1560=DIRECTION('Vector Direction',(-0.863521643449,-0.286258163196,0.415194695654)) ;
#1571=DIRECTION('Axis2P3D Direction',(-0.258819045103,-0.965925826289,0.)) ;
#1582=DIRECTION('Axis2P3D Direction',(0.258819045103,0.965925826289,-0.)) ;
#1583=DIRECTION('Axis2P3D XDirection',(-0.847679661231,0.227135080667,0.479425538604)) ;
#1587=DIRECTION('Vector Direction',(0.258819045103,0.965925826289,0.)) ;
#1592=DIRECTION('Vector Direction',(0.258819045103,0.965925826289,0.)) ;
#1622=DIRECTION('NONE',(1.,0.,0.)) ;
#1623=DIRECTION('NONE',(0.,0.,1.)) ;
#1624=DIRECTION('NONE',(1.,0.,0.)) ;
#1625=DIRECTION('NONE',(0.,0.,1.)) ;
#1638=DIRECTION('Axis2P3D Direction',(0.,0.,1.)) ;
#1639=DIRECTION('Axis2P3D XDirection',(0.522866538773,0.852414560312,0.)) ;
#1643=DIRECTION('Vector Direction',(0.,0.,1.)) ;
#1652=DIRECTION('Axis2P3D Direction',(0.,0.,1.)) ;
#1659=DIRECTION('Vector Direction',(0.,0.,1.)) ;
#1666=DIRECTION('Axis2P3D Direction',(0.,0.,1.)) ;
#1678=DIRECTION('Axis2P3D Direction',(0.,0.,1.)) ;
#1679=DIRECTION('Axis2P3D XDirection',(1.,0.,0.)) ;
#1683=DIRECTION('Axis2P3D Direction',(0.,0.,1.)) ;
#1692=DIRECTION('Vector Direction',(0.,0.,1.)) ;
#1699=DIRECTION('Axis2P3D Direction',(0.,0.,1.)) ;
#1706=DIRECTION('Vector Direction',(0.,0.,1.)) ;
#1718=DIRECTION('Axis2P3D Direction',(0.,0.,1.)) ;
#1723=DIRECTION('Axis2P3D Direction',(0.,0.,1.)) ;
#1735=DIRECTION('Axis2P3D Direction',(-1.98226040413E-016,1.,0.)) ;
#1736=DIRECTION('Axis2P3D XDirection',(-1.,-1.98226040413E-016,0.)) ;
#1740=DIRECTION('Axis2P3D Direction',(-1.98226040413E-016,1.,0.)) ;
#1749=DIRECTION('Vector Direction',(-1.,-1.98899928603E-016,0.)) ;
#1754=DIRECTION('Vector Direction',(-1.,-3.16569547776E-016,0.)) ;
#1766=DIRECTION('Axis2P3D Direction',(-1.98226040413E-016,1.,0.)) ;
#1775=DIRECTION('Vector Direction',(-1.,-3.16569547776E-016,0.)) ;
#1780=DIRECTION('Vector Direction',(-1.,-1.98899928582E-016,0.)) ;
#1792=DIRECTION('Axis2P3D Direction',(0.,0.,1.)) ;
#1793=DIRECTION('Axis2P3D XDirection',(0.343269230769,0.939237049529,0.)) ;
#1797=DIRECTION('Axis2P3D Direction',(0.,0.,1.)) ;
#1825=DIRECTION('Axis2P3D Direction',(0.,0.,1.)) ;
#1856=DIRECTION('Axis2P3D Direction',(0.,0.,1.)) ;
#1857=DIRECTION('Axis2P3D XDirection',(1.,0.,0.)) ;
#1861=DIRECTION('Vector Direction',(0.,1.,0.)) ;
#1866=DIRECTION('Vector Direction',(0.,1.,0.)) ;
#1884=DIRECTION('Axis2P3D Direction',(0.,0.,1.)) ;
#1885=DIRECTION('Axis2P3D XDirection',(1.,0.,0.)) ;
#1889=DIRECTION('Vector Direction',(-3.37091345326E-011,1.,0.)) ;
#1896=DIRECTION('Vector Direction',(1.,0.,0.)) ;
#1903=DIRECTION('Vector Direction',(1.18306295749E-010,1.,0.)) ;
#1921=DIRECTION('Axis2P3D Direction',(0.,-1.,0.)) ;
#1922=DIRECTION('Axis2P3D XDirection',(1.,0.,0.)) ;
#1926=DIRECTION('Vector Direction',(1.,0.,0.)) ;
#1935=DIRECTION('Axis2P3D Direction',(0.,-1.,0.)) ;
#1940=DIRECTION('Axis2P3D Direction',(0.,-1.,0.)) ;
#1952=DIRECTION('Axis2P3D Direction',(0.,0.,1.)) ;
#1953=DIRECTION('Axis2P3D XDirection',(1.,0.,0.)) ;
#1957=DIRECTION('Vector Direction',(0.,1.,0.)) ;
#1962=DIRECTION('Vector Direction',(0.,1.,0.)) ;
#1974=DIRECTION('Axis2P3D Direction',(0.,1.,-0.)) ;
#1975=DIRECTION('Axis2P3D XDirection',(-1.17145536458E-015,0.,1.)) ;
#1988=DIRECTION('Axis2P3D Direction',(0.,1.,-0.)) ;
#1989=DIRECTION('Axis2P3D XDirection',(1.83697019872E-016,-0.,-1.)) ;
#2013=DIRECTION('NONE',(1.,0.,0.)) ;
#2014=DIRECTION('NONE',(0.,0.,1.)) ;
#2015=DIRECTION('NONE',(1.,3.00120713871E-017,8.61286575413E-017)) ;
#2016=DIRECTION('NONE',(-8.61286575413E-017,-5.14418096687E-017,1.)) ;
#2028=DIRECTION('NONE',(1.,0.,0.)) ;
#2029=DIRECTION('NONE',(0.,0.,1.)) ;
#2030=DIRECTION('NONE',(-0.5,-0.866025403784,-8.61798892461E-018)) ;
#2031=DIRECTION('NONE',(-3.56641755678E-019,-9.74528923735E-018,1.)) ;
#2041=DIRECTION('NONE',(1.,0.,0.)) ;
#2042=DIRECTION('NONE',(0.,0.,1.)) ;
#2043=DIRECTION('NONE',(-0.5,0.866025403784,0.)) ;
#2044=DIRECTION('NONE',(0.,0.,1.)) ;
#2055=DIRECTION('Axis2P3D Direction',(0.,0.,1.)) ;
#2056=DIRECTION('Axis2P3D XDirection',(1.,0.,0.)) ;
#2060=DIRECTION('Vector Direction',(0.,0.,1.)) ;
#2069=DIRECTION('Axis2P3D Direction',(0.,0.,1.)) ;
#2076=DIRECTION('Vector Direction',(0.,0.,1.)) ;
#2083=DIRECTION('Axis2P3D Direction',(0.,0.,1.)) ;
#2095=DIRECTION('Axis2P3D Direction',(0.,0.,1.)) ;
#2100=DIRECTION('Axis2P3D Direction',(0.,0.,1.)) ;
#2112=DIRECTION('Axis2P3D Direction',(0.,0.,1.)) ;
#2113=DIRECTION('Axis2P3D XDirection',(1.,0.,0.)) ;
#2117=DIRECTION('Axis2P3D Direction',(0.,0.,1.)) ;
#2126=DIRECTION('Vector Direction',(0.,0.,1.)) ;
#2133=DIRECTION('Axis2P3D Direction',(0.,0.,1.)) ;
#2140=DIRECTION('Vector Direction',(0.,0.,1.)) ;
#2152=DIRECTION('Axis2P3D Direction',(0.,0.,1.)) ;
#2157=DIRECTION('Axis2P3D Direction',(0.,0.,1.)) ;
#2169=DIRECTION('Axis2P3D Direction',(0.,0.,1.)) ;
#2170=DIRECTION('Axis2P3D XDirection',(1.,0.,0.)) ;
#2174=DIRECTION('Axis2P3D Direction',(0.,0.,1.)) ;
#2183=DIRECTION('Vector Direction',(0.,0.,1.)) ;
#2190=DIRECTION('Axis2P3D Direction',(0.,0.,1.)) ;
#2197=DIRECTION('Vector Direction',(0.,0.,1.)) ;
#2209=DIRECTION('Axis2P3D Direction',(0.,0.,1.)) ;
#2214=DIRECTION('Axis2P3D Direction',(0.,0.,1.)) ;
#2226=DIRECTION('Axis2P3D Direction',(0.,0.,1.)) ;
#2227=DIRECTION('Axis2P3D XDirection',(1.,0.,0.)) ;
#2231=DIRECTION('Axis2P3D Direction',(0.,0.,1.)) ;
#2240=DIRECTION('Vector Direction',(0.,0.,1.)) ;
#2247=DIRECTION('Axis2P3D Direction',(0.,0.,1.)) ;
#2254=DIRECTION('Vector Direction',(0.,0.,1.)) ;
#2266=DIRECTION('Axis2P3D Direction',(0.,0.,1.)) ;
#2271=DIRECTION('Axis2P3D Direction',(0.,0.,1.)) ;
#2283=DIRECTION('Axis2P3D Direction',(0.,0.,1.)) ;
#2284=DIRECTION('Axis2P3D XDirection',(1.,0.,0.)) ;
#2288=DIRECTION('Axis2P3D Direction',(0.,0.,1.)) ;
#2297=DIRECTION('Vector Direction',(0.,0.,1.)) ;
#2304=DIRECTION('Axis2P3D Direction',(0.,0.,1.)) ;
#2311=DIRECTION('Vector Direction',(0.,0.,1.)) ;
#2323=DIRECTION('Axis2P3D Direction',(0.,0.,1.)) ;
#2328=DIRECTION('Axis2P3D Direction',(0.,0.,1.)) ;
#2340=DIRECTION('Axis2P3D Direction',(0.,0.,1.)) ;
#2341=DIRECTION('Axis2P3D XDirection',(1.,0.,0.)) ;
#2361=DIRECTION('Axis2P3D Direction',(0.,0.,1.)) ;
#2370=DIRECTION('Axis2P3D Direction',(0.,0.,1.)) ;
#2379=DIRECTION('Axis2P3D Direction',(0.,0.,1.)) ;
#2388=DIRECTION('Axis2P3D Direction',(0.,0.,1.)) ;
#2397=DIRECTION('Axis2P3D Direction',(0.,0.,1.)) ;
#2406=DIRECTION('Axis2P3D Direction',(0.,0.,1.)) ;
#2415=DIRECTION('Axis2P3D Direction',(0.,0.,1.)) ;
#2424=DIRECTION('Axis2P3D Direction',(0.,0.,1.)) ;
#2438=DIRECTION('Axis2P3D Direction',(0.,0.,1.)) ;
#2439=DIRECTION('Axis2P3D XDirection',(1.,0.,0.)) ;
#2463=DIRECTION('Axis2P3D Direction',(0.,0.,1.)) ;
#2472=DIRECTION('Axis2P3D Direction',(0.,0.,1.)) ;
#2481=DIRECTION('Axis2P3D Direction',(0.,0.,1.)) ;
#2490=DIRECTION('Axis2P3D Direction',(0.,0.,1.)) ;
#2499=DIRECTION('Axis2P3D Direction',(0.,0.,1.)) ;
#2508=DIRECTION('Axis2P3D Direction',(0.,0.,1.)) ;
#2517=DIRECTION('Axis2P3D Direction',(0.,0.,1.)) ;
#2526=DIRECTION('Axis2P3D Direction',(0.,0.,1.)) ;
#2536=DIRECTION('Axis2P3D Direction',(0.,0.,1.)) ;
#2537=DIRECTION('Axis2P3D XDirection',(-1.,1.22464679915E-016,0.)) ;
#2541=DIRECTION('Axis2P3D Direction',(0.,0.,1.)) ;
#2550=DIRECTION('Vector Direction',(0.,0.,1.)) ;
#2555=DIRECTION('Vector Direction',(0.,0.,1.)) ;
#2567=DIRECTION('Axis2P3D Direction',(0.,0.,1.)) ;
#2579=DIRECTION('Axis2P3D Direction',(0.,0.,1.)) ;
#2580=DIRECTION('Axis2P3D XDirection',(1.,0.,0.)) ;
#2584=DIRECTION('Axis2P3D Direction',(0.,0.,1.)) ;
#2593=DIRECTION('Vector Direction',(0.,0.,1.)) ;
#2598=DIRECTION('Vector Direction',(0.,0.,1.)) ;
#2610=DIRECTION('Axis2P3D Direction',(0.,0.,1.)) ;
#2622=DIRECTION('Axis2P3D Direction',(0.,0.,1.)) ;
#2623=DIRECTION('Axis2P3D XDirection',(-1.,1.22464679915E-016,0.)) ;
#2627=DIRECTION('Axis2P3D Direction',(0.,0.,1.)) ;
#2636=DIRECTION('Vector Direction',(0.,0.,1.)) ;
#2641=DIRECTION('Vector Direction',(0.,0.,1.)) ;
#2653=DIRECTION('Axis2P3D Direction',(0.,0.,1.)) ;
#2665=DIRECTION('Axis2P3D Direction',(0.,0.,1.)) ;
#2666=DIRECTION('Axis2P3D XDirection',(1.,0.,0.)) ;
#2670=DIRECTION('Axis2P3D Direction',(0.,0.,1.)) ;
#2679=DIRECTION('Vector Direction',(0.,0.,1.)) ;
#2684=DIRECTION('Vector Direction',(0.,0.,1.)) ;
#2696=DIRECTION('Axis2P3D Direction',(0.,0.,1.)) ;
#2708=DIRECTION('Axis2P3D Direction',(0.,-0.,-1.)) ;
#2709=DIRECTION('Axis2P3D XDirection',(-1.,-1.22464679915E-016,0.)) ;
#2713=DIRECTION('Vector Direction',(0.,0.,-1.)) ;
#2720=DIRECTION('Vector Direction',(0.,0.,-1.)) ;
#2727=DIRECTION('Axis2P3D Direction',(0.,-0.,-1.)) ;
#2739=DIRECTION('Axis2P3D Direction',(0.,-0.,-1.)) ;
#2751=DIRECTION('Axis2P3D Direction',(0.,0.,-1.)) ;
#2752=DIRECTION('Axis2P3D XDirection',(1.,0.,0.)) ;
#2765=DIRECTION('Axis2P3D Direction',(0.,-0.,-1.)) ;
#2766=DIRECTION('Axis2P3D XDirection',(1.,0.,0.)) ;
#2770=DIRECTION('Vector Direction',(0.,0.,-1.)) ;
#2777=DIRECTION('Vector Direction',(0.,0.,-1.)) ;
#2784=DIRECTION('Axis2P3D Direction',(0.,-0.,-1.)) ;
#2796=DIRECTION('Axis2P3D Direction',(0.,-0.,-1.)) ;
#2817=DIRECTION('Axis2P3D Direction',(0.,-0.,-1.)) ;
#2818=DIRECTION('Axis2P3D XDirection',(1.,0.,0.)) ;
#2822=DIRECTION('Vector Direction',(0.,0.,-1.)) ;
#2829=DIRECTION('Vector Direction',(0.,0.,-1.)) ;
#2836=DIRECTION('Axis2P3D Direction',(0.,-0.,-1.)) ;
#2848=DIRECTION('Axis2P3D Direction',(0.,-0.,-1.)) ;
#2869=DIRECTION('Axis2P3D Direction',(0.,-0.,-1.)) ;
#2870=DIRECTION('Axis2P3D XDirection',(-1.,-1.22464679915E-016,0.)) ;
#2874=DIRECTION('Vector Direction',(0.,0.,-1.)) ;
#2881=DIRECTION('Vector Direction',(0.,0.,-1.)) ;
#2888=DIRECTION('Axis2P3D Direction',(0.,-0.,-1.)) ;
#2900=DIRECTION('Axis2P3D Direction',(0.,-0.,-1.)) ;
#2932=DIRECTION('NONE',(1.,0.,0.)) ;
#2933=DIRECTION('NONE',(0.,0.,1.)) ;
#2934=DIRECTION('NONE',(0.490989252706,0.871165629331,1.45275327765E-017)) ;
#2935=DIRECTION('NONE',(5.98084850945E-017,-1.70321120645E-017,-1.)) ;
#2948=DIRECTION('Axis2P3D Direction',(0.,0.,1.)) ;
#2949=DIRECTION('Axis2P3D XDirection',(-0.844073857978,0.536226931698,0.)) ;
#2953=DIRECTION('Vector Direction',(0.,0.,1.)) ;
#2962=DIRECTION('Axis2P3D Direction',(0.,0.,1.)) ;
#2969=DIRECTION('Vector Direction',(0.,0.,1.)) ;
#2976=DIRECTION('Axis2P3D Direction',(0.,0.,1.)) ;
#2988=DIRECTION('Axis2P3D Direction',(0.,0.,1.)) ;
#2989=DIRECTION('Axis2P3D XDirection',(0.844073857978,-0.536226931698,0.)) ;
#2993=DIRECTION('Axis2P3D Direction',(0.,0.,1.)) ;
#3000=DIRECTION('Vector Direction',(0.,0.,1.)) ;
#3007=DIRECTION('Axis2P3D Direction',(0.,0.,1.)) ;
#3019=DIRECTION('Axis2P3D Direction',(0.,0.,1.)) ;
#3020=DIRECTION('Axis2P3D XDirection',(0.266723588788,0.963773068302,0.)) ;
#3024=DIRECTION('Axis2P3D Direction',(0.,0.,1.)) ;
#3031=DIRECTION('Vector Direction',(0.,0.,1.)) ;
#3038=DIRECTION('Axis2P3D Direction',(0.,0.,1.)) ;
#3050=DIRECTION('Axis2P3D Direction',(0.,0.,1.)) ;
#3051=DIRECTION('Axis2P3D XDirection',(0.844073857978,-0.536226931698,0.)) ;
#3055=DIRECTION('Axis2P3D Direction',(0.,0.,1.)) ;
#3060=DIRECTION('Axis2P3D Direction',(0.,0.,1.)) ;
#3072=DIRECTION('Axis2P3D Direction',(0.,0.,1.)) ;
#3073=DIRECTION('Axis2P3D XDirection',(1.,0.,0.)) ;
#3077=DIRECTION('Axis2P3D Direction',(0.,0.,1.)) ;
#3086=DIRECTION('Vector Direction',(0.,0.,1.)) ;
#3093=DIRECTION('Axis2P3D Direction',(0.,0.,1.)) ;
#3100=DIRECTION('Vector Direction',(0.,0.,1.)) ;
#3112=DIRECTION('Axis2P3D Direction',(0.,0.,1.)) ;
#3117=DIRECTION('Axis2P3D Direction',(0.,0.,1.)) ;
#3129=DIRECTION('Axis2P3D Direction',(0.,0.,1.)) ;
#3130=DIRECTION('Axis2P3D XDirection',(1.,0.,0.)) ;
#3134=DIRECTION('Axis2P3D Direction',(0.,0.,1.)) ;
#3143=DIRECTION('Vector Direction',(0.,0.,1.)) ;
#3150=DIRECTION('Axis2P3D Direction',(0.,0.,1.)) ;
#3157=DIRECTION('Vector Direction',(0.,0.,1.)) ;
#3169=DIRECTION('Axis2P3D Direction',(0.,0.,1.)) ;
#3174=DIRECTION('Axis2P3D Direction',(0.,0.,1.)) ;
#3186=DIRECTION('Axis2P3D Direction',(0.,0.,1.)) ;
#3187=DIRECTION('Axis2P3D XDirection',(1.,0.,0.)) ;
#3206=DIRECTION('Axis2P3D Direction',(0.,0.,1.)) ;
#3207=DIRECTION('Axis2P3D XDirection',(1.,0.,0.)) ;
#3237=DIRECTION('NONE',(1.,0.,0.)) ;
#3238=DIRECTION('NONE',(0.,0.,1.)) ;
#3239=DIRECTION('NONE',(0.999999906373,0.000432728872415,1.00092194308E-016)) ;
#3240=DIRECTION('NONE',(-1.00081400161E-016,-2.49660193468E-017,1.)) ;
#3252=DIRECTION('NONE',(1.,0.,0.)) ;
#3253=DIRECTION('NONE',(0.,0.,1.)) ;
#3254=DIRECTION('NONE',(-0.49962519899,-0.866241687137,-9.57569168968E-018)) ;
#3255=DIRECTION('NONE',(-3.44590715175E-018,-9.06678789524E-018,1.)) ;
#3265=DIRECTION('NONE',(1.,0.,0.)) ;
#3266=DIRECTION('NONE',(0.,0.,1.)) ;
#3267=DIRECTION('NONE',(-0.500374707383,0.865808958265,-3.37602902882E-020)) ;
#3268=DIRECTION('NONE',(1.7679568665E-020,4.92102777164E-020,1.)) ;
#3279=DIRECTION('Axis2P3D Direction',(-0.707106781187,-0.707106781187,0.)) ;
#3280=DIRECTION('Axis2P3D XDirection',(0.620544580564,-0.620544580564,0.479425538604)) ;
#3284=DIRECTION('Vector Direction',(-0.707106781187,-0.707106781187,0.)) ;
#3318=DIRECTION('Vector Direction',(-0.707106781187,-0.707106781187,0.)) ;
#3387=DIRECTION('Axis2P3D Direction',(0.,0.,1.)) ;
#3388=DIRECTION('Axis2P3D XDirection',(0.700804666333,0.713353222216,0.)) ;
#3392=DIRECTION('Vector Direction',(0.,0.,1.)) ;
#3399=DIRECTION('Axis2P3D Direction',(0.,0.,1.)) ;
#3406=DIRECTION('Vector Direction',(0.,0.,1.)) ;
#3413=DIRECTION('Axis2P3D Direction',(0.,0.,1.)) ;
#3420=DIRECTION('Vector Direction',(0.,0.,1.)) ;
#3427=DIRECTION('Axis2P3D Direction',(0.,0.,1.)) ;
#3434=DIRECTION('Vector Direction',(0.,0.,1.)) ;
#3451=DIRECTION('Axis2P3D Direction',(0.,0.,1.)) ;
#3452=DIRECTION('Axis2P3D XDirection',(1.,0.,0.)) ;
#3456=DIRECTION('Axis2P3D Direction',(0.,0.,1.)) ;
#3465=DIRECTION('Axis2P3D Direction',(0.,0.,1.)) ;
#3472=DIRECTION('Axis2P3D Direction',(0.,0.,1.)) ;
#3479=DIRECTION('Axis2P3D Direction',(0.,0.,1.)) ;
#3486=DIRECTION('Axis2P3D Direction',(0.,0.,1.)) ;
#3493=DIRECTION('Axis2P3D Direction',(0.,0.,1.)) ;
#3506=DIRECTION('Axis2P3D Direction',(0.,0.,1.)) ;
#3515=DIRECTION('Axis2P3D Direction',(0.,0.,1.)) ;
#3524=DIRECTION('Axis2P3D Direction',(0.,0.,1.)) ;
#3533=DIRECTION('Axis2P3D Direction',(0.,0.,1.)) ;
#3542=DIRECTION('Axis2P3D Direction',(0.,0.,1.)) ;
#3551=DIRECTION('Axis2P3D Direction',(0.,0.,1.)) ;
#3560=DIRECTION('Axis2P3D Direction',(0.,0.,1.)) ;
#3569=DIRECTION('Axis2P3D Direction',(0.,0.,1.)) ;
#3578=DIRECTION('Axis2P3D Direction',(0.,0.,1.)) ;
#3587=DIRECTION('Axis2P3D Direction',(0.,0.,1.)) ;
#3596=DIRECTION('Axis2P3D Direction',(0.,0.,1.)) ;
#3605=DIRECTION('Axis2P3D Direction',(0.,0.,1.)) ;
#3614=DIRECTION('Axis2P3D Direction',(0.,0.,1.)) ;
#3623=DIRECTION('Axis2P3D Direction',(0.,0.,1.)) ;
#3632=DIRECTION('Axis2P3D Direction',(0.,0.,1.)) ;
#3641=DIRECTION('Axis2P3D Direction',(0.,0.,1.)) ;
#3650=DIRECTION('Vector Direction',(0.,1.,0.)) ;
#3659=DIRECTION('Axis2P3D Direction',(0.,0.,1.)) ;
#3666=DIRECTION('Axis2P3D Direction',(0.,0.,1.)) ;
#3673=DIRECTION('Axis2P3D Direction',(0.,0.,1.)) ;
#3680=DIRECTION('Vector Direction',(-0.866025403784,0.5,0.)) ;
#3687=DIRECTION('Axis2P3D Direction',(0.,0.,1.)) ;
#3694=DIRECTION('Axis2P3D Direction',(0.,0.,1.)) ;
#3701=DIRECTION('Axis2P3D Direction',(0.,0.,1.)) ;
#3716=DIRECTION('Vector Direction',(-0.866025403784,0.5,0.)) ;
#3725=DIRECTION('Axis2P3D Direction',(0.,0.,1.)) ;
#3732=DIRECTION('Axis2P3D Direction',(0.,0.,1.)) ;
#3739=DIRECTION('Axis2P3D Direction',(0.,0.,1.)) ;
#3746=DIRECTION('Vector Direction',(-0.866025403784,-0.5,0.)) ;
#3753=DIRECTION('Axis2P3D Direction',(0.,0.,1.)) ;
#3760=DIRECTION('Axis2P3D Direction',(0.,0.,1.)) ;
#3767=DIRECTION('Axis2P3D Direction',(0.,0.,1.)) ;
#3782=DIRECTION('Axis2P3D Direction',(0.,0.,1.)) ;
#3791=DIRECTION('Axis2P3D Direction',(0.,0.,1.)) ;
#3798=DIRECTION('Vector Direction',(0.,-1.,0.)) ;
#3805=DIRECTION('Axis2P3D Direction',(0.,0.,1.)) ;
#3812=DIRECTION('Axis2P3D Direction',(0.,0.,1.)) ;
#3819=DIRECTION('Axis2P3D Direction',(0.,0.,1.)) ;
#3826=DIRECTION('Vector Direction',(-0.866025403784,-0.5,0.)) ;
#3833=DIRECTION('Axis2P3D Direction',(0.,0.,1.)) ;
#3848=DIRECTION('Vector Direction',(0.,1.,0.)) ;
#3857=DIRECTION('Axis2P3D Direction',(0.,0.,1.)) ;
#3862=DIRECTION('Axis2P3D Direction',(0.,0.,1.)) ;
#3869=DIRECTION('Vector Direction',(0.866025403784,0.5,0.)) ;
#3876=DIRECTION('Axis2P3D Direction',(0.,0.,1.)) ;
#3883=DIRECTION('Axis2P3D Direction',(0.,0.,1.)) ;
#3890=DIRECTION('Axis2P3D Direction',(0.,0.,1.)) ;
#3905=DIRECTION('Axis2P3D Direction',(0.,0.,1.)) ;
#3914=DIRECTION('Axis2P3D Direction',(0.,0.,1.)) ;
#3921=DIRECTION('Axis2P3D Direction',(0.,0.,1.)) ;
#3928=DIRECTION('Vector Direction',(0.866025403784,-0.5,0.)) ;
#3935=DIRECTION('Axis2P3D Direction',(0.,0.,1.)) ;
#3942=DIRECTION('Axis2P3D Direction',(0.,0.,1.)) ;
#3949=DIRECTION('Axis2P3D Direction',(0.,0.,1.)) ;
#3956=DIRECTION('Vector Direction',(0.866025403784,0.5,0.)) ;
#3971=DIRECTION('Axis2P3D Direction',(0.,0.,1.)) ;
#3980=DIRECTION('Axis2P3D Direction',(0.,0.,1.)) ;
#3987=DIRECTION('Axis2P3D Direction',(0.,0.,1.)) ;
#3994=DIRECTION('Vector Direction',(0.,-1.,0.)) ;
#4001=DIRECTION('Axis2P3D Direction',(0.,0.,1.)) ;
#4008=DIRECTION('Axis2P3D Direction',(0.,0.,1.)) ;
#4015=DIRECTION('Axis2P3D Direction',(0.,0.,1.)) ;
#4022=DIRECTION('Vector Direction',(0.866025403784,-0.5,0.)) ;
#4038=DIRECTION('Axis2P3D Direction',(0.,0.,1.)) ;
#4039=DIRECTION('Axis2P3D XDirection',(0.360721442886,0.932673598127,0.)) ;
#4043=DIRECTION('Vector Direction',(0.,0.,1.)) ;
#4050=DIRECTION('Axis2P3D Direction',(0.,0.,1.)) ;
#4057=DIRECTION('Vector Direction',(0.,0.,1.)) ;
#4069=DIRECTION('Axis2P3D Direction',(0.,0.,1.)) ;
#4070=DIRECTION('Axis2P3D XDirection',(1.,0.,0.)) ;
#4074=DIRECTION('Axis2P3D Direction',(0.,0.,1.)) ;
#4083=DIRECTION('Vector Direction',(-7.35531335885E-017,-1.,0.)) ;
#4090=DIRECTION('Axis2P3D Direction',(0.,0.,1.)) ;
#4097=DIRECTION('Axis2P3D Direction',(0.,0.,1.)) ;
#4104=DIRECTION('Vector Direction',(0.866025403784,-0.5,0.)) ;
#4111=DIRECTION('Axis2P3D Direction',(0.,0.,1.)) ;
#4118=DIRECTION('Vector Direction',(0.866025403784,0.5,0.)) ;
#4125=DIRECTION('Axis2P3D Direction',(0.,0.,1.)) ;
#4132=DIRECTION('Axis2P3D Direction',(0.,0.,1.)) ;
#4139=DIRECTION('Vector Direction',(7.35531335885E-017,-1.,0.)) ;
#4156=DIRECTION('Axis2P3D Direction',(0.,0.,1.)) ;
#4165=DIRECTION('Axis2P3D Direction',(0.,0.,1.)) ;
#4175=DIRECTION('Axis2P3D Direction',(-0.5,-0.866025403784,0.)) ;
#4176=DIRECTION('Axis2P3D XDirection',(0.866025403784,-0.5,0.)) ;
#4180=DIRECTION('Vector Direction',(0.,0.,1.)) ;
#4187=DIRECTION('Vector Direction',(0.866025403784,-0.5,0.)) ;
#4194=DIRECTION('Vector Direction',(0.,0.,1.)) ;
#4206=DIRECTION('Axis2P3D Direction',(0.,0.,1.)) ;
#4215=DIRECTION('Vector Direction',(-0.866025403784,0.5,0.)) ;
#4222=DIRECTION('Axis2P3D Direction',(0.,0.,1.)) ;
#4229=DIRECTION('Axis2P3D Direction',(0.,0.,1.)) ;
#4236=DIRECTION('Vector Direction',(-0.866025403784,-0.5,0.)) ;
#4243=DIRECTION('Axis2P3D Direction',(0.,0.,1.)) ;
#4250=DIRECTION('Vector Direction',(0.,-1.,0.)) ;
#4257=DIRECTION('Axis2P3D Direction',(0.,0.,1.)) ;
#4264=DIRECTION('Axis2P3D Direction',(0.,0.,1.)) ;
#4271=DIRECTION('Vector Direction',(0.866025403784,-0.5,0.)) ;
#4288=DIRECTION('Axis2P3D Direction',(0.,0.,1.)) ;
#4297=DIRECTION('Axis2P3D Direction',(0.,0.,1.)) ;
#4307=DIRECTION('Axis2P3D Direction',(-0.5,0.866025403784,0.)) ;
#4308=DIRECTION('Axis2P3D XDirection',(-0.866025403784,-0.5,0.)) ;
#4312=DIRECTION('Vector Direction',(0.,0.,1.)) ;
#4319=DIRECTION('Vector Direction',(-0.866025403784,-0.5,0.)) ;
#4326=DIRECTION('Vector Direction',(0.,0.,1.)) ;
#4338=DIRECTION('Axis2P3D Direction',(0.,0.,1.)) ;
#4339=DIRECTION('Axis2P3D XDirection',(-1.,5.66553889765E-016,0.)) ;
#4343=DIRECTION('Vector Direction',(0.,0.,1.)) ;
#4352=DIRECTION('Axis2P3D Direction',(0.,0.,1.)) ;
#4359=DIRECTION('Vector Direction',(0.,0.,1.)) ;
#4366=DIRECTION('Axis2P3D Direction',(0.,0.,1.)) ;
#4378=DIRECTION('Axis2P3D Direction',(0.,0.,1.)) ;
#4379=DIRECTION('Axis2P3D XDirection',(0.5,-0.866025403784,0.)) ;
#4383=DIRECTION('Vector Direction',(0.,0.,1.)) ;
#4390=DIRECTION('Vector Direction',(0.,0.,1.)) ;
#4397=DIRECTION('Axis2P3D Direction',(0.,0.,1.)) ;
#4409=DIRECTION('Axis2P3D Direction',(0.,0.,1.)) ;
#4410=DIRECTION('Axis2P3D XDirection',(0.5,0.866025403784,0.)) ;
#4414=DIRECTION('Vector Direction',(0.,0.,1.)) ;
#4421=DIRECTION('Vector Direction',(0.,0.,1.)) ;
#4428=DIRECTION('Axis2P3D Direction',(0.,0.,1.)) ;
#4440=DIRECTION('Axis2P3D Direction',(-1.,0.,0.)) ;
#4441=DIRECTION('Axis2P3D XDirection',(0.,-1.,0.)) ;
#4445=DIRECTION('Vector Direction',(0.,0.,1.)) ;
#4452=DIRECTION('Vector Direction',(0.,0.,1.)) ;
#4457=DIRECTION('Vector Direction',(0.,-1.,0.)) ;
#4469=DIRECTION('Axis2P3D Direction',(0.5,0.866025403784,-0.)) ;
#4470=DIRECTION('Axis2P3D XDirection',(-0.866025403784,0.5,0.)) ;
#4474=DIRECTION('Vector Direction',(0.,0.,1.)) ;
#4483=DIRECTION('Vector Direction',(-0.866025403784,0.5,0.)) ;
#4490=DIRECTION('Vector Direction',(0.,0.,1.)) ;
#4497=DIRECTION('Vector Direction',(-0.866025403784,0.5,0.)) ;
#4509=DIRECTION('Axis2P3D Direction',(0.5,-0.866025403784,0.)) ;
#4510=DIRECTION('Axis2P3D XDirection',(0.866025403784,0.5,0.)) ;
#4514=DIRECTION('Vector Direction',(0.,0.,1.)) ;
#4521=DIRECTION('Vector Direction',(0.,0.,1.)) ;
#4528=DIRECTION('Vector Direction',(0.866025403784,0.5,0.)) ;
#4540=DIRECTION('Axis2P3D Direction',(0.5,0.866025403784,-0.)) ;
#4541=DIRECTION('Axis2P3D XDirection',(-0.866025403784,0.5,0.)) ;
#4545=DIRECTION('Vector Direction',(-0.866025403784,0.5,0.)) ;
#4554=DIRECTION('Vector Direction',(0.,0.,1.)) ;
#4559=DIRECTION('Vector Direction',(0.,0.,1.)) ;
#4571=DIRECTION('Axis2P3D Direction',(0.,0.,1.)) ;
#4572=DIRECTION('Axis2P3D XDirection',(0.5,0.866025403784,0.)) ;
#4576=DIRECTION('Axis2P3D Direction',(0.,0.,1.)) ;
#4583=DIRECTION('Vector Direction',(0.,0.,1.)) ;
#4595=DIRECTION('Axis2P3D Direction',(0.,0.,1.)) ;
#4596=DIRECTION('Axis2P3D XDirection',(0.327868852459,-0.944723248146,0.)) ;
#4600=DIRECTION('Vector Direction',(0.,0.,1.)) ;
#4607=DIRECTION('Axis2P3D Direction',(0.,0.,1.)) ;
#4619=DIRECTION('Axis2P3D Direction',(0.,0.,1.)) ;
#4620=DIRECTION('Axis2P3D XDirection',(-0.327868852459,0.944723248146,0.)) ;
#4624=DIRECTION('Axis2P3D Direction',(0.,0.,1.)) ;
#4633=DIRECTION('Axis2P3D Direction',(0.,0.,1.)) ;
#4638=DIRECTION('Vector Direction',(0.,0.,1.)) ;
#4651=DIRECTION('Axis2P3D Direction',(1.,0.,0.)) ;
#4652=DIRECTION('Axis2P3D XDirection',(0.,1.,0.)) ;
#4656=DIRECTION('Vector Direction',(0.,1.,0.)) ;
#4661=DIRECTION('Vector Direction',(0.,0.,1.)) ;
#4675=DIRECTION('Axis2P3D Direction',(0.,0.,1.)) ;
#4676=DIRECTION('Axis2P3D XDirection',(0.700804666333,-0.713353222216,0.)) ;
#4680=DIRECTION('Axis2P3D Direction',(0.,0.,1.)) ;
#4687=DIRECTION('Vector Direction',(0.,0.,1.)) ;
#4699=DIRECTION('Axis2P3D Direction',(-0.5,0.866025403784,0.)) ;
#4700=DIRECTION('Axis2P3D XDirection',(-0.866025403784,-0.5,0.)) ;
#4704=DIRECTION('Vector Direction',(0.,0.,1.)) ;
#4711=DIRECTION('Vector Direction',(0.,0.,1.)) ;
#4718=DIRECTION('Vector Direction',(-0.866025403784,-0.5,0.)) ;
#4723=DIRECTION('Vector Direction',(0.866025403784,0.5,0.)) ;
#4737=DIRECTION('Axis2P3D Direction',(0.,0.,1.)) ;
#4738=DIRECTION('Axis2P3D XDirection',(-0.5,0.866025403784,0.)) ;
#4742=DIRECTION('Axis2P3D Direction',(0.,0.,1.)) ;
#4749=DIRECTION('Vector Direction',(0.,0.,1.)) ;
#4756=DIRECTION('Axis2P3D Direction',(0.,0.,1.)) ;
#4769=DIRECTION('Vector Direction',(0.,0.,1.)) ;
#4776=DIRECTION('Axis2P3D Direction',(0.,0.,1.)) ;
#4788=DIRECTION('Axis2P3D Direction',(0.,0.,1.)) ;
#4789=DIRECTION('Axis2P3D XDirection',(-0.98208875867,0.188418868734,0.)) ;
#4793=DIRECTION('Axis2P3D Direction',(0.,0.,1.)) ;
#4800=DIRECTION('Vector Direction',(0.,0.,1.)) ;
#4812=DIRECTION('Axis2P3D Direction',(0.5,0.866025403784,-0.)) ;
#4813=DIRECTION('Axis2P3D XDirection',(-0.866025403784,0.5,0.)) ;
#4817=DIRECTION('Vector Direction',(0.,0.,1.)) ;
#4824=DIRECTION('Vector Direction',(-0.866025403784,0.5,0.)) ;
#4836=DIRECTION('Axis2P3D Direction',(0.,0.,1.)) ;
#4837=DIRECTION('Axis2P3D XDirection',(-0.5,-0.866025403784,-0.)) ;
#4841=DIRECTION('Axis2P3D Direction',(0.,0.,1.)) ;
#4848=DIRECTION('Vector Direction',(0.,0.,1.)) ;
#4860=DIRECTION('Axis2P3D Direction',(0.,0.,1.)) ;
#4861=DIRECTION('Axis2P3D XDirection',(0.267379679144,-0.963591255243,0.)) ;
#4865=DIRECTION('Axis2P3D Direction',(0.,0.,1.)) ;
#4870=DIRECTION('Vector Direction',(0.,0.,1.)) ;
#4877=DIRECTION('Axis2P3D Direction',(0.,0.,1.)) ;
#4891=DIRECTION('Axis2P3D Direction',(0.,0.,1.)) ;
#4892=DIRECTION('Axis2P3D XDirection',(0.968184345477,0.250238033027,0.)) ;
#4896=DIRECTION('Axis2P3D Direction',(0.,0.,1.)) ;
#4908=DIRECTION('Axis2P3D Direction',(0.,0.,1.)) ;
#4909=DIRECTION('Axis2P3D XDirection',(-1.,1.22464679915E-016,0.)) ;
#4913=DIRECTION('Axis2P3D Direction',(0.,0.,1.)) ;
#4922=DIRECTION('Vector Direction',(0.,0.,1.)) ;
#4927=DIRECTION('Vector Direction',(0.,0.,1.)) ;
#4939=DIRECTION('Axis2P3D Direction',(0.,0.,1.)) ;
#4940=DIRECTION('Axis2P3D XDirection',(0.654219906211,0.756304379412,0.)) ;
#4944=DIRECTION('Vector Direction',(0.,0.,1.)) ;
#4951=DIRECTION('Axis2P3D Direction',(0.,0.,1.)) ;
#4963=DIRECTION('Axis2P3D Direction',(0.,0.,1.)) ;
#4964=DIRECTION('Axis2P3D XDirection',(-0.654219906211,-0.756304379412,-0.)) ;
#4968=DIRECTION('Axis2P3D Direction',(0.,0.,1.)) ;
#4977=DIRECTION('Axis2P3D Direction',(0.,0.,1.)) ;
#4982=DIRECTION('Vector Direction',(0.,0.,1.)) ;
#4995=DIRECTION('Axis2P3D Direction',(-0.5,0.866025403784,0.)) ;
#4996=DIRECTION('Axis2P3D XDirection',(-0.866025403784,-0.5,0.)) ;
#5000=DIRECTION('Vector Direction',(-0.866025403784,-0.5,0.)) ;
#5005=DIRECTION('Vector Direction',(0.,0.,1.)) ;
#5012=DIRECTION('Vector Direction',(0.866025403784,0.5,0.)) ;
#5026=DIRECTION('Vector Direction',(0.,0.,1.)) ;
#5033=DIRECTION('Vector Direction',(0.,1.,0.)) ;
#5045=DIRECTION('Axis2P3D Direction',(0.,0.,1.)) ;
#5046=DIRECTION('Axis2P3D XDirection',(0.654219906211,0.756304379412,0.)) ;
#5050=DIRECTION('Axis2P3D Direction',(0.,0.,1.)) ;
#5059=DIRECTION('Vector Direction',(0.,0.,1.)) ;
#5064=DIRECTION('Vector Direction',(0.,0.,1.)) ;
#5076=DIRECTION('Vector Direction',(-0.866025403784,-0.5,0.)) ;
#5083=DIRECTION('Vector Direction',(0.,0.,1.)) ;
#5095=DIRECTION('Axis2P3D Direction',(0.,0.,1.)) ;
#5096=DIRECTION('Axis2P3D XDirection',(-0.5,0.866025403784,0.)) ;
#5100=DIRECTION('Axis2P3D Direction',(0.,0.,1.)) ;
#5107=DIRECTION('Vector Direction',(0.,0.,1.)) ;
#5119=DIRECTION('Axis2P3D Direction',(0.,0.,1.)) ;
#5124=DIRECTION('Vector Direction',(0.,0.,1.)) ;
#5138=DIRECTION('Axis2P3D Direction',(0.,0.,1.)) ;
#5139=DIRECTION('Axis2P3D XDirection',(-0.267379679144,-0.963591255243,-0.)) ;
#5143=DIRECTION('Vector Direction',(0.,0.,1.)) ;
#5155=DIRECTION('Axis2P3D Direction',(1.,0.,0.)) ;
#5156=DIRECTION('Axis2P3D XDirection',(0.,1.,0.)) ;
#5160=DIRECTION('Vector Direction',(0.,0.,1.)) ;
#5167=DIRECTION('Vector Direction',(0.,1.,0.)) ;
#5181=DIRECTION('Axis2P3D Direction',(0.,0.,1.)) ;
#5182=DIRECTION('Axis2P3D XDirection',(1.,0.,0.)) ;
#5186=DIRECTION('Axis2P3D Direction',(0.,0.,1.)) ;
#5193=DIRECTION('Vector Direction',(0.,0.,1.)) ;
#5200=DIRECTION('Axis2P3D Direction',(0.,0.,1.)) ;
#5213=DIRECTION('Axis2P3D Direction',(0.,0.,1.)) ;
#5225=DIRECTION('Axis2P3D Direction',(0.,0.,1.)) ;
#5226=DIRECTION('Axis2P3D XDirection',(-0.968184345477,-0.250238033027,-0.)) ;
#5230=DIRECTION('Axis2P3D Direction',(0.,0.,1.)) ;
#5239=DIRECTION('Vector Direction',(0.,0.,1.)) ;
#5244=DIRECTION('Vector Direction',(0.,0.,1.)) ;
#5256=DIRECTION('Vector Direction',(0.,0.,1.)) ;
#5263=DIRECTION('Vector Direction',(-0.866025403784,-0.5,0.)) ;
#5275=DIRECTION('Axis2P3D Direction',(0.,0.,1.)) ;
#5276=DIRECTION('Axis2P3D XDirection',(0.5,-0.866025403784,0.)) ;
#5280=DIRECTION('Axis2P3D Direction',(0.,0.,1.)) ;
#5287=DIRECTION('Vector Direction',(0.,0.,1.)) ;
#5299=DIRECTION('Vector Direction',(0.,0.,1.)) ;
#5306=DIRECTION('Axis2P3D Direction',(0.,0.,1.)) ;
#5318=DIRECTION('Axis2P3D Direction',(0.,0.,1.)) ;
#5319=DIRECTION('Axis2P3D XDirection',(0.98208875867,-0.188418868734,0.)) ;
#5323=DIRECTION('Axis2P3D Direction',(0.,0.,1.)) ;
#5332=DIRECTION('Axis2P3D Direction',(0.,0.,1.)) ;
#5337=DIRECTION('Vector Direction',(0.,0.,1.)) ;
#5350=DIRECTION('Vector Direction',(-0.866025403784,0.5,0.)) ;
#5355=DIRECTION('Vector Direction',(0.,0.,1.)) ;
#5369=DIRECTION('Axis2P3D Direction',(0.,0.,1.)) ;
#5370=DIRECTION('Axis2P3D XDirection',(1.,-2.02128619923E-015,0.)) ;
#5374=DIRECTION('Axis2P3D Direction',(0.,0.,1.)) ;
#5383=DIRECTION('Vector Direction',(0.,0.,1.)) ;
#5388=DIRECTION('Vector Direction',(0.,0.,1.)) ;
#5400=DIRECTION('Axis2P3D Direction',(0.,0.,1.)) ;
#5405=DIRECTION('Vector Direction',(0.,0.,1.)) ;
#5419=DIRECTION('Axis2P3D Direction',(0.,0.,1.)) ;
#5420=DIRECTION('Axis2P3D XDirection',(-0.700804666333,0.713353222216,0.)) ;
#5424=DIRECTION('Vector Direction',(0.,0.,1.)) ;
#5436=DIRECTION('Vector Direction',(0.,0.,1.)) ;
#5443=DIRECTION('Vector Direction',(-0.866025403784,0.5,0.)) ;
#5457=DIRECTION('Axis2P3D Direction',(0.,0.,1.)) ;
#5458=DIRECTION('Axis2P3D XDirection',(-0.5,-0.866025403784,-0.)) ;
#5462=DIRECTION('Axis2P3D Direction',(0.,0.,1.)) ;
#5469=DIRECTION('Vector Direction',(0.,0.,1.)) ;
#5476=DIRECTION('Axis2P3D Direction',(0.,0.,1.)) ;
#5489=DIRECTION('Vector Direction',(0.,0.,1.)) ;
#5496=DIRECTION('Axis2P3D Direction',(0.,0.,1.)) ;
#5508=DIRECTION('Axis2P3D Direction',(0.,0.,1.)) ;
#5509=DIRECTION('Axis2P3D XDirection',(0.327868852459,-0.944723248146,0.)) ;
#5513=DIRECTION('Axis2P3D Direction',(0.,0.,1.)) ;
#5520=DIRECTION('Vector Direction',(0.,0.,1.)) ;
#5532=DIRECTION('Vector Direction',(0.,1.,0.)) ;
#5544=DIRECTION('Axis2P3D Direction',(0.,0.,1.)) ;
#5545=DIRECTION('Axis2P3D XDirection',(1.,0.,0.)) ;
#5549=DIRECTION('Vector Direction',(0.,0.,1.)) ;
#5556=DIRECTION('Axis2P3D Direction',(0.,0.,1.)) ;
#5563=DIRECTION('Vector Direction',(0.,0.,1.)) ;
#5575=DIRECTION('Axis2P3D Direction',(0.,0.,1.)) ;
#5587=DIRECTION('Axis2P3D Direction',(0.,0.,1.)) ;
#5588=DIRECTION('Axis2P3D XDirection',(1.,0.,0.)) ;
#5592=DIRECTION('Vector Direction',(0.,0.,1.)) ;
#5599=DIRECTION('Axis2P3D Direction',(0.,0.,1.)) ;
#5606=DIRECTION('Vector Direction',(0.,0.,1.)) ;
#5618=DIRECTION('Axis2P3D Direction',(0.,0.,1.)) ;
#5630=DIRECTION('Axis2P3D Direction',(0.,0.,1.)) ;
#5631=DIRECTION('Axis2P3D XDirection',(-1.,1.22464679915E-016,0.)) ;
#5635=DIRECTION('Vector Direction',(0.,0.,1.)) ;
#5642=DIRECTION('Axis2P3D Direction',(0.,0.,1.)) ;
#5649=DIRECTION('Vector Direction',(0.,0.,1.)) ;
#5661=DIRECTION('Axis2P3D Direction',(0.,0.,1.)) ;
#5673=DIRECTION('Axis2P3D Direction',(0.,0.,1.)) ;
#5674=DIRECTION('Axis2P3D XDirection',(-1.,1.22464679915E-016,0.)) ;
#5678=DIRECTION('Vector Direction',(0.,0.,1.)) ;
#5685=DIRECTION('Axis2P3D Direction',(0.,0.,1.)) ;
#5692=DIRECTION('Vector Direction',(0.,0.,1.)) ;
#5704=DIRECTION('Axis2P3D Direction',(0.,0.,1.)) ;
#5716=DIRECTION('Axis2P3D Direction',(0.,0.,1.)) ;
#5717=DIRECTION('Axis2P3D XDirection',(1.,0.,0.)) ;
#5721=DIRECTION('Vector Direction',(0.,0.,1.)) ;
#5728=DIRECTION('Axis2P3D Direction',(0.,0.,1.)) ;
#5735=DIRECTION('Vector Direction',(0.,0.,1.)) ;
#5747=DIRECTION('Axis2P3D Direction',(0.,0.,1.)) ;
#5759=DIRECTION('Axis2P3D Direction',(0.,0.,1.)) ;
#5760=DIRECTION('Axis2P3D XDirection',(1.,0.,0.)) ;
#5764=DIRECTION('Vector Direction',(0.,0.,1.)) ;
#5771=DIRECTION('Axis2P3D Direction',(0.,0.,1.)) ;
#5778=DIRECTION('Vector Direction',(0.,0.,1.)) ;
#5790=DIRECTION('Axis2P3D Direction',(0.,0.,1.)) ;
#5802=DIRECTION('Axis2P3D Direction',(0.,0.,1.)) ;
#5803=DIRECTION('Axis2P3D XDirection',(1.,0.,0.)) ;
#5807=DIRECTION('Vector Direction',(0.,0.,1.)) ;
#5812=DIRECTION('Vector Direction',(0.,0.,1.)) ;
#5831=DIRECTION('Axis2P3D Direction',(0.,0.,1.)) ;
#5832=DIRECTION('Axis2P3D XDirection',(1.,0.,0.)) ;
#5836=DIRECTION('Vector Direction',(0.,0.,1.)) ;
#5841=DIRECTION('Vector Direction',(0.,0.,1.)) ;
#5860=DIRECTION('Axis2P3D Direction',(0.,0.,1.)) ;
#5861=DIRECTION('Axis2P3D XDirection',(0.267379679144,0.963591255243,0.)) ;
#5865=DIRECTION('Axis2P3D Direction',(0.,0.,1.)) ;
#5877=DIRECTION('Axis2P3D Direction',(0.,0.,1.)) ;
#5878=DIRECTION('Axis2P3D XDirection',(1.,0.,0.)) ;
#5882=DIRECTION('Axis2P3D Direction',(0.,0.,1.)) ;
#5887=DIRECTION('Axis2P3D Direction',(0.,0.,1.)) ;
#5892=DIRECTION('Vector Direction',(0.,1.,0.)) ;
#5897=DIRECTION('Axis2P3D Direction',(0.,0.,1.)) ;
#5902=DIRECTION('Axis2P3D Direction',(0.,0.,1.)) ;
#5990=DIRECTION('Axis2P3D Direction',(1.,0.,0.)) ;
#5991=DIRECTION('Axis2P3D XDirection',(0.,1.,0.)) ;
#5995=DIRECTION('Vector Direction',(0.,0.,1.)) ;
#6002=DIRECTION('Vector Direction',(0.,1.,0.)) ;
#6014=DIRECTION('Axis2P3D Direction',(0.,0.,1.)) ;
#6019=DIRECTION('Axis2P3D Direction',(0.,0.,1.)) ;
#6041=DIRECTION('Axis2P3D Direction',(0.,0.,1.)) ;
#6042=DIRECTION('Axis2P3D XDirection',(0.5,-0.866025403784,0.)) ;
#6056=DIRECTION('Axis2P3D Direction',(0.,0.,1.)) ;
#6057=DIRECTION('Axis2P3D XDirection',(-0.360721442886,0.932673598127,0.)) ;
#6179=DIRECTION('Vector Direction',(0.,0.,1.)) ;
#6184=DIRECTION('Vector Direction',(0.,0.,1.)) ;
#6201=DIRECTION('Axis2P3D Direction',(0.,0.,1.)) ;
#6202=DIRECTION('Axis2P3D XDirection',(0.5,0.866025403784,0.)) ;
#6261=DIRECTION('Vector Direction',(0.,0.,1.)) ;
#6266=DIRECTION('Vector Direction',(0.,0.,1.)) ;
#6283=DIRECTION('Axis2P3D Direction',(0.,0.,1.)) ;
#6284=DIRECTION('Axis2P3D XDirection',(-1.,1.22464679915E-016,0.)) ;
#6322=DIRECTION('Axis2P3D Direction',(0.965925826289,-0.258819045103,0.)) ;
#6323=DIRECTION('Axis2P3D XDirection',(0.227135080667,0.847679661231,0.479425538604)) ;
#6327=DIRECTION('Vector Direction',(0.965925826289,-0.258819045103,0.)) ;
#6332=DIRECTION('Vector Direction',(0.965925826289,-0.258819045103,0.)) ;
#6353=DIRECTION('Axis2P3D Direction',(-0.258819045103,0.965925826289,0.)) ;
#6354=DIRECTION('Axis2P3D XDirection',(-0.847679661231,-0.227135080667,0.479425538604)) ;
#6358=DIRECTION('Vector Direction',(-0.258819045103,0.965925826289,0.)) ;
#6363=DIRECTION('Vector Direction',(-0.258819045103,0.965925826289,0.)) ;
#6395=DIRECTION('NONE',(1.,0.,0.)) ;
#6396=DIRECTION('NONE',(0.,0.,1.)) ;
#6397=DIRECTION('NONE',(-0.5,0.866025403784,0.)) ;
#6398=DIRECTION('NONE',(0.,0.,1.)) ;
#6410=DIRECTION('NONE',(1.,0.,0.)) ;
#6411=DIRECTION('NONE',(0.,0.,1.)) ;
#6412=DIRECTION('NONE',(-0.490989252706,-0.871165629331,-1.45275563181E-017)) ;
#6413=DIRECTION('NONE',(-5.98084635796E-017,1.70320729155E-017,1.)) ;
#64=AXIS2_PLACEMENT_3D('Cone Axis2P3D',#61,#62,#63) ;
#77=AXIS2_PLACEMENT_3D('Circle Axis2P3D',#75,#76,$) ;
#96=AXIS2_PLACEMENT_3D('Plane Axis2P3D',#93,#94,#95) ;
#100=AXIS2_PLACEMENT_3D('Circle Axis2P3D',#98,#99,$) ;
#109=AXIS2_PLACEMENT_3D('Circle Axis2P3D',#107,#108,$) ;
#116=AXIS2_PLACEMENT_3D('Circle Axis2P3D',#114,#115,$) ;
#123=AXIS2_PLACEMENT_3D('Circle Axis2P3D',#121,#122,$) ;
#130=AXIS2_PLACEMENT_3D('Circle Axis2P3D',#128,#129,$) ;
#137=AXIS2_PLACEMENT_3D('Circle Axis2P3D',#135,#136,$) ;
#159=AXIS2_PLACEMENT_3D('Circle Axis2P3D',#157,#158,$) ;
#173=AXIS2_PLACEMENT_3D('Circle Axis2P3D',#171,#172,$) ;
#193=AXIS2_PLACEMENT_3D('Circle Axis2P3D',#191,#192,$) ;
#207=AXIS2_PLACEMENT_3D('Circle Axis2P3D',#205,#206,$) ;
#227=AXIS2_PLACEMENT_3D('Circle Axis2P3D',#225,#226,$) ;
#241=AXIS2_PLACEMENT_3D('Circle Axis2P3D',#239,#240,$) ;
#252=AXIS2_PLACEMENT_3D('Circle Axis2P3D',#250,#251,$) ;
#261=AXIS2_PLACEMENT_3D('Circle Axis2P3D',#259,#260,$) ;
#270=AXIS2_PLACEMENT_3D('Circle Axis2P3D',#268,#269,$) ;
#279=AXIS2_PLACEMENT_3D('Circle Axis2P3D',#277,#278,$) ;
#288=AXIS2_PLACEMENT_3D('Circle Axis2P3D',#286,#287,$) ;
#297=AXIS2_PLACEMENT_3D('Circle Axis2P3D',#295,#296,$) ;
#306=AXIS2_PLACEMENT_3D('Circle Axis2P3D',#304,#305,$) ;
#315=AXIS2_PLACEMENT_3D('Circle Axis2P3D',#313,#314,$) ;
#326=AXIS2_PLACEMENT_3D('Cylinder Axis2P3D',#323,#324,#325) ;
#344=AXIS2_PLACEMENT_3D('Circle Axis2P3D',#342,#343,$) ;
#357=AXIS2_PLACEMENT_3D('Plane Axis2P3D',#354,#355,#356) ;
#395=AXIS2_PLACEMENT_3D('Plane Axis2P3D',#392,#393,#394) ;
#435=AXIS2_PLACEMENT_3D('Plane Axis2P3D',#432,#433,#434) ;
#475=AXIS2_PLACEMENT_3D('Cylinder Axis2P3D',#472,#473,#474) ;
#479=AXIS2_PLACEMENT_3D('Circle Axis2P3D',#477,#478,$) ;
#506=AXIS2_PLACEMENT_3D('Plane Axis2P3D',#503,#504,#505) ;
#530=AXIS2_PLACEMENT_3D('Cylinder Axis2P3D',#527,#528,#529) ;
#534=AXIS2_PLACEMENT_3D('Circle Axis2P3D',#532,#533,$) ;
#554=AXIS2_PLACEMENT_3D('Plane Axis2P3D',#551,#552,#553) ;
#571=AXIS2_PLACEMENT_3D('Cylinder Axis2P3D',#568,#569,#570) ;
#575=AXIS2_PLACEMENT_3D('Circle Axis2P3D',#573,#574,$) ;
#602=AXIS2_PLACEMENT_3D('Plane Axis2P3D',#599,#600,#601) ;
#626=AXIS2_PLACEMENT_3D('Cylinder Axis2P3D',#623,#624,#625) ;
#630=AXIS2_PLACEMENT_3D('Circle Axis2P3D',#628,#629,$) ;
#650=AXIS2_PLACEMENT_3D('Plane Axis2P3D',#647,#648,#649) ;
#667=AXIS2_PLACEMENT_3D('Cylinder Axis2P3D',#664,#665,#666) ;
#671=AXIS2_PLACEMENT_3D('Circle Axis2P3D',#669,#670,$) ;
#698=AXIS2_PLACEMENT_3D('Plane Axis2P3D',#695,#696,#697) ;
#722=AXIS2_PLACEMENT_3D('Cylinder Axis2P3D',#719,#720,#721) ;
#726=AXIS2_PLACEMENT_3D('Circle Axis2P3D',#724,#725,$) ;
#746=AXIS2_PLACEMENT_3D('Plane Axis2P3D',#743,#744,#745) ;
#763=AXIS2_PLACEMENT_3D('Cylinder Axis2P3D',#760,#761,#762) ;
#767=AXIS2_PLACEMENT_3D('Circle Axis2P3D',#765,#766,$) ;
#793=AXIS2_PLACEMENT_3D('Circle Axis2P3D',#791,#792,$) ;
#806=AXIS2_PLACEMENT_3D('Cylinder Axis2P3D',#803,#804,#805) ;
#810=AXIS2_PLACEMENT_3D('Circle Axis2P3D',#808,#809,$) ;
#836=AXIS2_PLACEMENT_3D('Circle Axis2P3D',#834,#835,$) ;
#849=AXIS2_PLACEMENT_3D('Cylinder Axis2P3D',#846,#847,#848) ;
#853=AXIS2_PLACEMENT_3D('Circle Axis2P3D',#851,#852,$) ;
#879=AXIS2_PLACEMENT_3D('Circle Axis2P3D',#877,#878,$) ;
#892=AXIS2_PLACEMENT_3D('Cylinder Axis2P3D',#889,#890,#891) ;
#896=AXIS2_PLACEMENT_3D('Circle Axis2P3D',#894,#895,$) ;
#922=AXIS2_PLACEMENT_3D('Circle Axis2P3D',#920,#921,$) ;
#935=AXIS2_PLACEMENT_3D('Cylinder Axis2P3D',#932,#933,#934) ;
#948=AXIS2_PLACEMENT_3D('Circle Axis2P3D',#946,#947,$) ;
#953=AXIS2_PLACEMENT_3D('Circle Axis2P3D',#951,#952,$) ;
#966=AXIS2_PLACEMENT_3D('Cylinder Axis2P3D',#963,#964,#965) ;
#979=AXIS2_PLACEMENT_3D('Circle Axis2P3D',#977,#978,$) ;
#984=AXIS2_PLACEMENT_3D('Circle Axis2P3D',#982,#983,$) ;
#997=AXIS2_PLACEMENT_3D('Cylinder Axis2P3D',#994,#995,#996) ;
#1010=AXIS2_PLACEMENT_3D('Circle Axis2P3D',#1008,#1009,$) ;
#1015=AXIS2_PLACEMENT_3D('Circle Axis2P3D',#1013,#1014,$) ;
#1028=AXIS2_PLACEMENT_3D('Plane Axis2P3D',#1025,#1026,#1027) ;
#1032=AXIS2_PLACEMENT_3D('Circle Axis2P3D',#1030,#1031,$) ;
#1041=AXIS2_PLACEMENT_3D('Circle Axis2P3D',#1039,#1040,$) ;
#1056=AXIS2_PLACEMENT_3D('Cylinder Axis2P3D',#1053,#1054,#1055) ;
#1067=AXIS2_PLACEMENT_3D('Circle Axis2P3D',#1065,#1066,$) ;
#1086=AXIS2_PLACEMENT_3D('Circle Axis2P3D',#1084,#1085,$) ;
#1099=AXIS2_PLACEMENT_3D('Plane Axis2P3D',#1096,#1097,#1098) ;
#1128=AXIS2_PLACEMENT_3D('Plane Axis2P3D',#1125,#1126,#1127) ;
#1132=AXIS2_PLACEMENT_3D('Circle Axis2P3D',#1130,#1131,$) ;
#1149=AXIS2_PLACEMENT_3D('Plane Axis2P3D',#1146,#1147,#1148) ;
#1179=AXIS2_PLACEMENT_3D('Circle Axis2P3D',#1177,#1178,$) ;
#1196=AXIS2_PLACEMENT_3D('Plane Axis2P3D',#1193,#1194,#1195) ;
#1200=AXIS2_PLACEMENT_3D('Circle Axis2P3D',#1198,#1199,$) ;
#1205=AXIS2_PLACEMENT_3D('Circle Axis2P3D',#1203,#1204,$) ;
#1255=AXIS2_PLACEMENT_3D('Plane Axis2P3D',#1252,#1253,#1254) ;
#1278=AXIS2_PLACEMENT_3D('Circle Axis2P3D',#1276,#1277,$) ;
#1295=AXIS2_PLACEMENT_3D('Cylinder Axis2P3D',#1292,#1293,#1294) ;
#1322=AXIS2_PLACEMENT_3D('Circle Axis2P3D',#1320,#1321,$) ;
#1367=AXIS2_PLACEMENT_3D('Cylinder Axis2P3D',#1364,#1365,#1366) ;
#1469=AXIS2_PLACEMENT_3D('Cone Axis2P3D',#1466,#1467,#1468) ;
#1482=AXIS2_PLACEMENT_3D('Circle Axis2P3D',#1480,#1481,$) ;
#1500=AXIS2_PLACEMENT_3D('Circle Axis2P3D',#1498,#1499,$) ;
#1512=AXIS2_PLACEMENT_3D('Cylinder Axis2P3D',#1509,#1510,#1511) ;
#1541=AXIS2_PLACEMENT_3D('Cone Axis2P3D',#1538,#1539,#1540) ;
#1554=AXIS2_PLACEMENT_3D('Circle Axis2P3D',#1552,#1553,$) ;
#1572=AXIS2_PLACEMENT_3D('Circle Axis2P3D',#1570,#1571,$) ;
#1584=AXIS2_PLACEMENT_3D('Cylinder Axis2P3D',#1581,#1582,#1583) ;
#1618=AXIS2_PLACEMENT_3D(' ',#1621,#1625,#1624) ;
#1619=AXIS2_PLACEMENT_3D(' ',#1620,#1623,#1622) ;
#1640=AXIS2_PLACEMENT_3D('Cylinder Axis2P3D',#1637,#1638,#1639) ;
#1653=AXIS2_PLACEMENT_3D('Circle Axis2P3D',#1651,#1652,$) ;
#1667=AXIS2_PLACEMENT_3D('Circle Axis2P3D',#1665,#1666,$) ;
#1680=AXIS2_PLACEMENT_3D('Cylinder Axis2P3D',#1677,#1678,#1679) ;
#1684=AXIS2_PLACEMENT_3D('Circle Axis2P3D',#1682,#1683,$) ;
#1700=AXIS2_PLACEMENT_3D('Circle Axis2P3D',#1698,#1699,$) ;
#1719=AXIS2_PLACEMENT_3D('Circle Axis2P3D',#1717,#1718,$) ;
#1724=AXIS2_PLACEMENT_3D('Circle Axis2P3D',#1722,#1723,$) ;
#1737=AXIS2_PLACEMENT_3D('Plane Axis2P3D',#1734,#1735,#1736) ;
#1741=AXIS2_PLACEMENT_3D('Circle Axis2P3D',#1739,#1740,$) ;
#1767=AXIS2_PLACEMENT_3D('Circle Axis2P3D',#1765,#1766,$) ;
#1794=AXIS2_PLACEMENT_3D('Cylinder Axis2P3D',#1791,#1792,#1793) ;
#1798=AXIS2_PLACEMENT_3D('Circle Axis2P3D',#1796,#1797,$) ;
#1826=AXIS2_PLACEMENT_3D('Circle Axis2P3D',#1824,#1825,$) ;
#1858=AXIS2_PLACEMENT_3D('Plane Axis2P3D',#1855,#1856,#1857) ;
#1886=AXIS2_PLACEMENT_3D('Plane Axis2P3D',#1883,#1884,#1885) ;
#1923=AXIS2_PLACEMENT_3D('Plane Axis2P3D',#1920,#1921,#1922) ;
#1936=AXIS2_PLACEMENT_3D('Circle Axis2P3D',#1934,#1935,$) ;
#1941=AXIS2_PLACEMENT_3D('Circle Axis2P3D',#1939,#1940,$) ;
#1954=AXIS2_PLACEMENT_3D('Plane Axis2P3D',#1951,#1952,#1953) ;
#1976=AXIS2_PLACEMENT_3D('Cylinder Axis2P3D',#1973,#1974,#1975) ;
#1990=AXIS2_PLACEMENT_3D('Cylinder Axis2P3D',#1987,#1988,#1989) ;
#2009=AXIS2_PLACEMENT_3D(' ',#2012,#2016,#2015) ;
#2010=AXIS2_PLACEMENT_3D(' ',#2011,#2014,#2013) ;
#2024=AXIS2_PLACEMENT_3D(' ',#2027,#2031,#2030) ;
#2025=AXIS2_PLACEMENT_3D(' ',#2026,#2029,#2028) ;
#2037=AXIS2_PLACEMENT_3D(' ',#2040,#2044,#2043) ;
#2038=AXIS2_PLACEMENT_3D(' ',#2039,#2042,#2041) ;
#2057=AXIS2_PLACEMENT_3D('Cylinder Axis2P3D',#2054,#2055,#2056) ;
#2070=AXIS2_PLACEMENT_3D('Circle Axis2P3D',#2068,#2069,$) ;
#2084=AXIS2_PLACEMENT_3D('Circle Axis2P3D',#2082,#2083,$) ;
#2096=AXIS2_PLACEMENT_3D('Circle Axis2P3D',#2094,#2095,$) ;
#2101=AXIS2_PLACEMENT_3D('Circle Axis2P3D',#2099,#2100,$) ;
#2114=AXIS2_PLACEMENT_3D('Cylinder Axis2P3D',#2111,#2112,#2113) ;
#2118=AXIS2_PLACEMENT_3D('Circle Axis2P3D',#2116,#2117,$) ;
#2134=AXIS2_PLACEMENT_3D('Circle Axis2P3D',#2132,#2133,$) ;
#2153=AXIS2_PLACEMENT_3D('Circle Axis2P3D',#2151,#2152,$) ;
#2158=AXIS2_PLACEMENT_3D('Circle Axis2P3D',#2156,#2157,$) ;
#2171=AXIS2_PLACEMENT_3D('Cylinder Axis2P3D',#2168,#2169,#2170) ;
#2175=AXIS2_PLACEMENT_3D('Circle Axis2P3D',#2173,#2174,$) ;
#2191=AXIS2_PLACEMENT_3D('Circle Axis2P3D',#2189,#2190,$) ;
#2210=AXIS2_PLACEMENT_3D('Circle Axis2P3D',#2208,#2209,$) ;
#2215=AXIS2_PLACEMENT_3D('Circle Axis2P3D',#2213,#2214,$) ;
#2228=AXIS2_PLACEMENT_3D('Cylinder Axis2P3D',#2225,#2226,#2227) ;
#2232=AXIS2_PLACEMENT_3D('Circle Axis2P3D',#2230,#2231,$) ;
#2248=AXIS2_PLACEMENT_3D('Circle Axis2P3D',#2246,#2247,$) ;
#2267=AXIS2_PLACEMENT_3D('Circle Axis2P3D',#2265,#2266,$) ;
#2272=AXIS2_PLACEMENT_3D('Circle Axis2P3D',#2270,#2271,$) ;
#2285=AXIS2_PLACEMENT_3D('Cylinder Axis2P3D',#2282,#2283,#2284) ;
#2289=AXIS2_PLACEMENT_3D('Circle Axis2P3D',#2287,#2288,$) ;
#2305=AXIS2_PLACEMENT_3D('Circle Axis2P3D',#2303,#2304,$) ;
#2324=AXIS2_PLACEMENT_3D('Circle Axis2P3D',#2322,#2323,$) ;
#2329=AXIS2_PLACEMENT_3D('Circle Axis2P3D',#2327,#2328,$) ;
#2342=AXIS2_PLACEMENT_3D('Plane Axis2P3D',#2339,#2340,#2341) ;
#2362=AXIS2_PLACEMENT_3D('Circle Axis2P3D',#2360,#2361,$) ;
#2371=AXIS2_PLACEMENT_3D('Circle Axis2P3D',#2369,#2370,$) ;
#2380=AXIS2_PLACEMENT_3D('Circle Axis2P3D',#2378,#2379,$) ;
#2389=AXIS2_PLACEMENT_3D('Circle Axis2P3D',#2387,#2388,$) ;
#2398=AXIS2_PLACEMENT_3D('Circle Axis2P3D',#2396,#2397,$) ;
#2407=AXIS2_PLACEMENT_3D('Circle Axis2P3D',#2405,#2406,$) ;
#2416=AXIS2_PLACEMENT_3D('Circle Axis2P3D',#2414,#2415,$) ;
#2425=AXIS2_PLACEMENT_3D('Circle Axis2P3D',#2423,#2424,$) ;
#2440=AXIS2_PLACEMENT_3D('Plane Axis2P3D',#2437,#2438,#2439) ;
#2464=AXIS2_PLACEMENT_3D('Circle Axis2P3D',#2462,#2463,$) ;
#2473=AXIS2_PLACEMENT_3D('Circle Axis2P3D',#2471,#2472,$) ;
#2482=AXIS2_PLACEMENT_3D('Circle Axis2P3D',#2480,#2481,$) ;
#2491=AXIS2_PLACEMENT_3D('Circle Axis2P3D',#2489,#2490,$) ;
#2500=AXIS2_PLACEMENT_3D('Circle Axis2P3D',#2498,#2499,$) ;
#2509=AXIS2_PLACEMENT_3D('Circle Axis2P3D',#2507,#2508,$) ;
#2518=AXIS2_PLACEMENT_3D('Circle Axis2P3D',#2516,#2517,$) ;
#2527=AXIS2_PLACEMENT_3D('Circle Axis2P3D',#2525,#2526,$) ;
#2538=AXIS2_PLACEMENT_3D('Cylinder Axis2P3D',#2535,#2536,#2537) ;
#2542=AXIS2_PLACEMENT_3D('Circle Axis2P3D',#2540,#2541,$) ;
#2568=AXIS2_PLACEMENT_3D('Circle Axis2P3D',#2566,#2567,$) ;
#2581=AXIS2_PLACEMENT_3D('Cylinder Axis2P3D',#2578,#2579,#2580) ;
#2585=AXIS2_PLACEMENT_3D('Circle Axis2P3D',#2583,#2584,$) ;
#2611=AXIS2_PLACEMENT_3D('Circle Axis2P3D',#2609,#2610,$) ;
#2624=AXIS2_PLACEMENT_3D('Cylinder Axis2P3D',#2621,#2622,#2623) ;
#2628=AXIS2_PLACEMENT_3D('Circle Axis2P3D',#2626,#2627,$) ;
#2654=AXIS2_PLACEMENT_3D('Circle Axis2P3D',#2652,#2653,$) ;
#2667=AXIS2_PLACEMENT_3D('Cylinder Axis2P3D',#2664,#2665,#2666) ;
#2671=AXIS2_PLACEMENT_3D('Circle Axis2P3D',#2669,#2670,$) ;
#2697=AXIS2_PLACEMENT_3D('Circle Axis2P3D',#2695,#2696,$) ;
#2710=AXIS2_PLACEMENT_3D('Cylinder Axis2P3D',#2707,#2708,#2709) ;
#2728=AXIS2_PLACEMENT_3D('Circle Axis2P3D',#2726,#2727,$) ;
#2740=AXIS2_PLACEMENT_3D('Circle Axis2P3D',#2738,#2739,$) ;
#2753=AXIS2_PLACEMENT_3D('Plane Axis2P3D',#2750,#2751,#2752) ;
#2767=AXIS2_PLACEMENT_3D('Cylinder Axis2P3D',#2764,#2765,#2766) ;
#2785=AXIS2_PLACEMENT_3D('Circle Axis2P3D',#2783,#2784,$) ;
#2797=AXIS2_PLACEMENT_3D('Circle Axis2P3D',#2795,#2796,$) ;
#2819=AXIS2_PLACEMENT_3D('Cylinder Axis2P3D',#2816,#2817,#2818) ;
#2837=AXIS2_PLACEMENT_3D('Circle Axis2P3D',#2835,#2836,$) ;
#2849=AXIS2_PLACEMENT_3D('Circle Axis2P3D',#2847,#2848,$) ;
#2871=AXIS2_PLACEMENT_3D('Cylinder Axis2P3D',#2868,#2869,#2870) ;
#2889=AXIS2_PLACEMENT_3D('Circle Axis2P3D',#2887,#2888,$) ;
#2901=AXIS2_PLACEMENT_3D('Circle Axis2P3D',#2899,#2900,$) ;
#2928=AXIS2_PLACEMENT_3D(' ',#2931,#2935,#2934) ;
#2929=AXIS2_PLACEMENT_3D(' ',#2930,#2933,#2932) ;
#2950=AXIS2_PLACEMENT_3D('Cylinder Axis2P3D',#2947,#2948,#2949) ;
#2963=AXIS2_PLACEMENT_3D('Circle Axis2P3D',#2961,#2962,$) ;
#2977=AXIS2_PLACEMENT_3D('Circle Axis2P3D',#2975,#2976,$) ;
#2990=AXIS2_PLACEMENT_3D('Cylinder Axis2P3D',#2987,#2988,#2989) ;
#2994=AXIS2_PLACEMENT_3D('Circle Axis2P3D',#2992,#2993,$) ;
#3008=AXIS2_PLACEMENT_3D('Circle Axis2P3D',#3006,#3007,$) ;
#3021=AXIS2_PLACEMENT_3D('Cylinder Axis2P3D',#3018,#3019,#3020) ;
#3025=AXIS2_PLACEMENT_3D('Circle Axis2P3D',#3023,#3024,$) ;
#3039=AXIS2_PLACEMENT_3D('Circle Axis2P3D',#3037,#3038,$) ;
#3052=AXIS2_PLACEMENT_3D('Cylinder Axis2P3D',#3049,#3050,#3051) ;
#3056=AXIS2_PLACEMENT_3D('Circle Axis2P3D',#3054,#3055,$) ;
#3061=AXIS2_PLACEMENT_3D('Circle Axis2P3D',#3059,#3060,$) ;
#3074=AXIS2_PLACEMENT_3D('Cylinder Axis2P3D',#3071,#3072,#3073) ;
#3078=AXIS2_PLACEMENT_3D('Circle Axis2P3D',#3076,#3077,$) ;
#3094=AXIS2_PLACEMENT_3D('Circle Axis2P3D',#3092,#3093,$) ;
#3113=AXIS2_PLACEMENT_3D('Circle Axis2P3D',#3111,#3112,$) ;
#3118=AXIS2_PLACEMENT_3D('Circle Axis2P3D',#3116,#3117,$) ;
#3131=AXIS2_PLACEMENT_3D('Cylinder Axis2P3D',#3128,#3129,#3130) ;
#3135=AXIS2_PLACEMENT_3D('Circle Axis2P3D',#3133,#3134,$) ;
#3151=AXIS2_PLACEMENT_3D('Circle Axis2P3D',#3149,#3150,$) ;
#3170=AXIS2_PLACEMENT_3D('Circle Axis2P3D',#3168,#3169,$) ;
#3175=AXIS2_PLACEMENT_3D('Circle Axis2P3D',#3173,#3174,$) ;
#3188=AXIS2_PLACEMENT_3D('Plane Axis2P3D',#3185,#3186,#3187) ;
#3208=AXIS2_PLACEMENT_3D('Plane Axis2P3D',#3205,#3206,#3207) ;
#3233=AXIS2_PLACEMENT_3D(' ',#3236,#3240,#3239) ;
#3234=AXIS2_PLACEMENT_3D(' ',#3235,#3238,#3237) ;
#3248=AXIS2_PLACEMENT_3D(' ',#3251,#3255,#3254) ;
#3249=AXIS2_PLACEMENT_3D(' ',#3250,#3253,#3252) ;
#3261=AXIS2_PLACEMENT_3D(' ',#3264,#3268,#3267) ;
#3262=AXIS2_PLACEMENT_3D(' ',#3263,#3266,#3265) ;
#3281=AXIS2_PLACEMENT_3D('Cylinder Axis2P3D',#3278,#3279,#3280) ;
#3389=AXIS2_PLACEMENT_3D('Cylinder Axis2P3D',#3386,#3387,#3388) ;
#3400=AXIS2_PLACEMENT_3D('Circle Axis2P3D',#3398,#3399,$) ;
#3414=AXIS2_PLACEMENT_3D('Circle Axis2P3D',#3412,#3413,$) ;
#3428=AXIS2_PLACEMENT_3D('Circle Axis2P3D',#3426,#3427,$) ;
#3453=AXIS2_PLACEMENT_3D('Plane Axis2P3D',#3450,#3451,#3452) ;
#3457=AXIS2_PLACEMENT_3D('Circle Axis2P3D',#3455,#3456,$) ;
#3466=AXIS2_PLACEMENT_3D('Circle Axis2P3D',#3464,#3465,$) ;
#3473=AXIS2_PLACEMENT_3D('Circle Axis2P3D',#3471,#3472,$) ;
#3480=AXIS2_PLACEMENT_3D('Circle Axis2P3D',#3478,#3479,$) ;
#3487=AXIS2_PLACEMENT_3D('Circle Axis2P3D',#3485,#3486,$) ;
#3494=AXIS2_PLACEMENT_3D('Circle Axis2P3D',#3492,#3493,$) ;
#3507=AXIS2_PLACEMENT_3D('Circle Axis2P3D',#3505,#3506,$) ;
#3516=AXIS2_PLACEMENT_3D('Circle Axis2P3D',#3514,#3515,$) ;
#3525=AXIS2_PLACEMENT_3D('Circle Axis2P3D',#3523,#3524,$) ;
#3534=AXIS2_PLACEMENT_3D('Circle Axis2P3D',#3532,#3533,$) ;
#3543=AXIS2_PLACEMENT_3D('Circle Axis2P3D',#3541,#3542,$) ;
#3552=AXIS2_PLACEMENT_3D('Circle Axis2P3D',#3550,#3551,$) ;
#3561=AXIS2_PLACEMENT_3D('Circle Axis2P3D',#3559,#3560,$) ;
#3570=AXIS2_PLACEMENT_3D('Circle Axis2P3D',#3568,#3569,$) ;
#3579=AXIS2_PLACEMENT_3D('Circle Axis2P3D',#3577,#3578,$) ;
#3588=AXIS2_PLACEMENT_3D('Circle Axis2P3D',#3586,#3587,$) ;
#3597=AXIS2_PLACEMENT_3D('Circle Axis2P3D',#3595,#3596,$) ;
#3606=AXIS2_PLACEMENT_3D('Circle Axis2P3D',#3604,#3605,$) ;
#3615=AXIS2_PLACEMENT_3D('Circle Axis2P3D',#3613,#3614,$) ;
#3624=AXIS2_PLACEMENT_3D('Circle Axis2P3D',#3622,#3623,$) ;
#3633=AXIS2_PLACEMENT_3D('Circle Axis2P3D',#3631,#3632,$) ;
#3642=AXIS2_PLACEMENT_3D('Circle Axis2P3D',#3640,#3641,$) ;
#3660=AXIS2_PLACEMENT_3D('Circle Axis2P3D',#3658,#3659,$) ;
#3667=AXIS2_PLACEMENT_3D('Circle Axis2P3D',#3665,#3666,$) ;
#3674=AXIS2_PLACEMENT_3D('Circle Axis2P3D',#3672,#3673,$) ;
#3688=AXIS2_PLACEMENT_3D('Circle Axis2P3D',#3686,#3687,$) ;
#3695=AXIS2_PLACEMENT_3D('Circle Axis2P3D',#3693,#3694,$) ;
#3702=AXIS2_PLACEMENT_3D('Circle Axis2P3D',#3700,#3701,$) ;
#3726=AXIS2_PLACEMENT_3D('Circle Axis2P3D',#3724,#3725,$) ;
#3733=AXIS2_PLACEMENT_3D('Circle Axis2P3D',#3731,#3732,$) ;
#3740=AXIS2_PLACEMENT_3D('Circle Axis2P3D',#3738,#3739,$) ;
#3754=AXIS2_PLACEMENT_3D('Circle Axis2P3D',#3752,#3753,$) ;
#3761=AXIS2_PLACEMENT_3D('Circle Axis2P3D',#3759,#3760,$) ;
#3768=AXIS2_PLACEMENT_3D('Circle Axis2P3D',#3766,#3767,$) ;
#3783=AXIS2_PLACEMENT_3D('Circle Axis2P3D',#3781,#3782,$) ;
#3792=AXIS2_PLACEMENT_3D('Circle Axis2P3D',#3790,#3791,$) ;
#3806=AXIS2_PLACEMENT_3D('Circle Axis2P3D',#3804,#3805,$) ;
#3813=AXIS2_PLACEMENT_3D('Circle Axis2P3D',#3811,#3812,$) ;
#3820=AXIS2_PLACEMENT_3D('Circle Axis2P3D',#3818,#3819,$) ;
#3834=AXIS2_PLACEMENT_3D('Circle Axis2P3D',#3832,#3833,$) ;
#3858=AXIS2_PLACEMENT_3D('Circle Axis2P3D',#3856,#3857,$) ;
#3863=AXIS2_PLACEMENT_3D('Circle Axis2P3D',#3861,#3862,$) ;
#3877=AXIS2_PLACEMENT_3D('Circle Axis2P3D',#3875,#3876,$) ;
#3884=AXIS2_PLACEMENT_3D('Circle Axis2P3D',#3882,#3883,$) ;
#3891=AXIS2_PLACEMENT_3D('Circle Axis2P3D',#3889,#3890,$) ;
#3906=AXIS2_PLACEMENT_3D('Circle Axis2P3D',#3904,#3905,$) ;
#3915=AXIS2_PLACEMENT_3D('Circle Axis2P3D',#3913,#3914,$) ;
#3922=AXIS2_PLACEMENT_3D('Circle Axis2P3D',#3920,#3921,$) ;
#3936=AXIS2_PLACEMENT_3D('Circle Axis2P3D',#3934,#3935,$) ;
#3943=AXIS2_PLACEMENT_3D('Circle Axis2P3D',#3941,#3942,$) ;
#3950=AXIS2_PLACEMENT_3D('Circle Axis2P3D',#3948,#3949,$) ;
#3972=AXIS2_PLACEMENT_3D('Circle Axis2P3D',#3970,#3971,$) ;
#3981=AXIS2_PLACEMENT_3D('Circle Axis2P3D',#3979,#3980,$) ;
#3988=AXIS2_PLACEMENT_3D('Circle Axis2P3D',#3986,#3987,$) ;
#4002=AXIS2_PLACEMENT_3D('Circle Axis2P3D',#4000,#4001,$) ;
#4009=AXIS2_PLACEMENT_3D('Circle Axis2P3D',#4007,#4008,$) ;
#4016=AXIS2_PLACEMENT_3D('Circle Axis2P3D',#4014,#4015,$) ;
#4040=AXIS2_PLACEMENT_3D('Cylinder Axis2P3D',#4037,#4038,#4039) ;
#4051=AXIS2_PLACEMENT_3D('Circle Axis2P3D',#4049,#4050,$) ;
#4071=AXIS2_PLACEMENT_3D('Plane Axis2P3D',#4068,#4069,#4070) ;
#4075=AXIS2_PLACEMENT_3D('Circle Axis2P3D',#4073,#4074,$) ;
#4091=AXIS2_PLACEMENT_3D('Circle Axis2P3D',#4089,#4090,$) ;
#4098=AXIS2_PLACEMENT_3D('Circle Axis2P3D',#4096,#4097,$) ;
#4112=AXIS2_PLACEMENT_3D('Circle Axis2P3D',#4110,#4111,$) ;
#4126=AXIS2_PLACEMENT_3D('Circle Axis2P3D',#4124,#4125,$) ;
#4133=AXIS2_PLACEMENT_3D('Circle Axis2P3D',#4131,#4132,$) ;
#4157=AXIS2_PLACEMENT_3D('Circle Axis2P3D',#4155,#4156,$) ;
#4166=AXIS2_PLACEMENT_3D('Circle Axis2P3D',#4164,#4165,$) ;
#4177=AXIS2_PLACEMENT_3D('Plane Axis2P3D',#4174,#4175,#4176) ;
#4207=AXIS2_PLACEMENT_3D('Circle Axis2P3D',#4205,#4206,$) ;
#4223=AXIS2_PLACEMENT_3D('Circle Axis2P3D',#4221,#4222,$) ;
#4230=AXIS2_PLACEMENT_3D('Circle Axis2P3D',#4228,#4229,$) ;
#4244=AXIS2_PLACEMENT_3D('Circle Axis2P3D',#4242,#4243,$) ;
#4258=AXIS2_PLACEMENT_3D('Circle Axis2P3D',#4256,#4257,$) ;
#4265=AXIS2_PLACEMENT_3D('Circle Axis2P3D',#4263,#4264,$) ;
#4289=AXIS2_PLACEMENT_3D('Circle Axis2P3D',#4287,#4288,$) ;
#4298=AXIS2_PLACEMENT_3D('Circle Axis2P3D',#4296,#4297,$) ;
#4309=AXIS2_PLACEMENT_3D('Plane Axis2P3D',#4306,#4307,#4308) ;
#4340=AXIS2_PLACEMENT_3D('Cylinder Axis2P3D',#4337,#4338,#4339) ;
#4353=AXIS2_PLACEMENT_3D('Circle Axis2P3D',#4351,#4352,$) ;
#4367=AXIS2_PLACEMENT_3D('Circle Axis2P3D',#4365,#4366,$) ;
#4380=AXIS2_PLACEMENT_3D('Cylinder Axis2P3D',#4377,#4378,#4379) ;
#4398=AXIS2_PLACEMENT_3D('Circle Axis2P3D',#4396,#4397,$) ;
#4411=AXIS2_PLACEMENT_3D('Cylinder Axis2P3D',#4408,#4409,#4410) ;
#4429=AXIS2_PLACEMENT_3D('Circle Axis2P3D',#4427,#4428,$) ;
#4442=AXIS2_PLACEMENT_3D('Plane Axis2P3D',#4439,#4440,#4441) ;
#4471=AXIS2_PLACEMENT_3D('Plane Axis2P3D',#4468,#4469,#4470) ;
#4511=AXIS2_PLACEMENT_3D('Plane Axis2P3D',#4508,#4509,#4510) ;
#4542=AXIS2_PLACEMENT_3D('Plane Axis2P3D',#4539,#4540,#4541) ;
#4573=AXIS2_PLACEMENT_3D('Cylinder Axis2P3D',#4570,#4571,#4572) ;
#4577=AXIS2_PLACEMENT_3D('Circle Axis2P3D',#4575,#4576,$) ;
#4597=AXIS2_PLACEMENT_3D('Cylinder Axis2P3D',#4594,#4595,#4596) ;
#4608=AXIS2_PLACEMENT_3D('Circle Axis2P3D',#4606,#4607,$) ;
#4621=AXIS2_PLACEMENT_3D('Cylinder Axis2P3D',#4618,#4619,#4620) ;
#4625=AXIS2_PLACEMENT_3D('Circle Axis2P3D',#4623,#4624,$) ;
#4634=AXIS2_PLACEMENT_3D('Circle Axis2P3D',#4632,#4633,$) ;
#4653=AXIS2_PLACEMENT_3D('Plane Axis2P3D',#4650,#4651,#4652) ;
#4677=AXIS2_PLACEMENT_3D('Cylinder Axis2P3D',#4674,#4675,#4676) ;
#4681=AXIS2_PLACEMENT_3D('Circle Axis2P3D',#4679,#4680,$) ;
#4701=AXIS2_PLACEMENT_3D('Plane Axis2P3D',#4698,#4699,#4700) ;
#4739=AXIS2_PLACEMENT_3D('Cylinder Axis2P3D',#4736,#4737,#4738) ;
#4743=AXIS2_PLACEMENT_3D('Circle Axis2P3D',#4741,#4742,$) ;
#4757=AXIS2_PLACEMENT_3D('Circle Axis2P3D',#4755,#4756,$) ;
#4777=AXIS2_PLACEMENT_3D('Circle Axis2P3D',#4775,#4776,$) ;
#4790=AXIS2_PLACEMENT_3D('Cylinder Axis2P3D',#4787,#4788,#4789) ;
#4794=AXIS2_PLACEMENT_3D('Circle Axis2P3D',#4792,#4793,$) ;
#4814=AXIS2_PLACEMENT_3D('Plane Axis2P3D',#4811,#4812,#4813) ;
#4838=AXIS2_PLACEMENT_3D('Cylinder Axis2P3D',#4835,#4836,#4837) ;
#4842=AXIS2_PLACEMENT_3D('Circle Axis2P3D',#4840,#4841,$) ;
#4862=AXIS2_PLACEMENT_3D('Cylinder Axis2P3D',#4859,#4860,#4861) ;
#4866=AXIS2_PLACEMENT_3D('Circle Axis2P3D',#4864,#4865,$) ;
#4878=AXIS2_PLACEMENT_3D('Circle Axis2P3D',#4876,#4877,$) ;
#4893=AXIS2_PLACEMENT_3D('Cylinder Axis2P3D',#4890,#4891,#4892) ;
#4897=AXIS2_PLACEMENT_3D('Circle Axis2P3D',#4895,#4896,$) ;
#4910=AXIS2_PLACEMENT_3D('Cylinder Axis2P3D',#4907,#4908,#4909) ;
#4914=AXIS2_PLACEMENT_3D('Circle Axis2P3D',#4912,#4913,$) ;
#4941=AXIS2_PLACEMENT_3D('Cylinder Axis2P3D',#4938,#4939,#4940) ;
#4952=AXIS2_PLACEMENT_3D('Circle Axis2P3D',#4950,#4951,$) ;
#4965=AXIS2_PLACEMENT_3D('Cylinder Axis2P3D',#4962,#4963,#4964) ;
#4969=AXIS2_PLACEMENT_3D('Circle Axis2P3D',#4967,#4968,$) ;
#4978=AXIS2_PLACEMENT_3D('Circle Axis2P3D',#4976,#4977,$) ;
#4997=AXIS2_PLACEMENT_3D('Plane Axis2P3D',#4994,#4995,#4996) ;
#5047=AXIS2_PLACEMENT_3D('Cylinder Axis2P3D',#5044,#5045,#5046) ;
#5051=AXIS2_PLACEMENT_3D('Circle Axis2P3D',#5049,#5050,$) ;
#5097=AXIS2_PLACEMENT_3D('Cylinder Axis2P3D',#5094,#5095,#5096) ;
#5101=AXIS2_PLACEMENT_3D('Circle Axis2P3D',#5099,#5100,$) ;
#5120=AXIS2_PLACEMENT_3D('Circle Axis2P3D',#5118,#5119,$) ;
#5140=AXIS2_PLACEMENT_3D('Cylinder Axis2P3D',#5137,#5138,#5139) ;
#5157=AXIS2_PLACEMENT_3D('Plane Axis2P3D',#5154,#5155,#5156) ;
#5183=AXIS2_PLACEMENT_3D('Cylinder Axis2P3D',#5180,#5181,#5182) ;
#5187=AXIS2_PLACEMENT_3D('Circle Axis2P3D',#5185,#5186,$) ;
#5201=AXIS2_PLACEMENT_3D('Circle Axis2P3D',#5199,#5200,$) ;
#5214=AXIS2_PLACEMENT_3D('Circle Axis2P3D',#5212,#5213,$) ;
#5227=AXIS2_PLACEMENT_3D('Cylinder Axis2P3D',#5224,#5225,#5226) ;
#5231=AXIS2_PLACEMENT_3D('Circle Axis2P3D',#5229,#5230,$) ;
#5277=AXIS2_PLACEMENT_3D('Cylinder Axis2P3D',#5274,#5275,#5276) ;
#5281=AXIS2_PLACEMENT_3D('Circle Axis2P3D',#5279,#5280,$) ;
#5307=AXIS2_PLACEMENT_3D('Circle Axis2P3D',#5305,#5306,$) ;
#5320=AXIS2_PLACEMENT_3D('Cylinder Axis2P3D',#5317,#5318,#5319) ;
#5324=AXIS2_PLACEMENT_3D('Circle Axis2P3D',#5322,#5323,$) ;
#5333=AXIS2_PLACEMENT_3D('Circle Axis2P3D',#5331,#5332,$) ;
#5371=AXIS2_PLACEMENT_3D('Cylinder Axis2P3D',#5368,#5369,#5370) ;
#5375=AXIS2_PLACEMENT_3D('Circle Axis2P3D',#5373,#5374,$) ;
#5401=AXIS2_PLACEMENT_3D('Circle Axis2P3D',#5399,#5400,$) ;
#5421=AXIS2_PLACEMENT_3D('Cylinder Axis2P3D',#5418,#5419,#5420) ;
#5459=AXIS2_PLACEMENT_3D('Cylinder Axis2P3D',#5456,#5457,#5458) ;
#5463=AXIS2_PLACEMENT_3D('Circle Axis2P3D',#5461,#5462,$) ;
#5477=AXIS2_PLACEMENT_3D('Circle Axis2P3D',#5475,#5476,$) ;
#5497=AXIS2_PLACEMENT_3D('Circle Axis2P3D',#5495,#5496,$) ;
#5510=AXIS2_PLACEMENT_3D('Cylinder Axis2P3D',#5507,#5508,#5509) ;
#5514=AXIS2_PLACEMENT_3D('Circle Axis2P3D',#5512,#5513,$) ;
#5546=AXIS2_PLACEMENT_3D('Cylinder Axis2P3D',#5543,#5544,#5545) ;
#5557=AXIS2_PLACEMENT_3D('Circle Axis2P3D',#5555,#5556,$) ;
#5576=AXIS2_PLACEMENT_3D('Circle Axis2P3D',#5574,#5575,$) ;
#5589=AXIS2_PLACEMENT_3D('Cylinder Axis2P3D',#5586,#5587,#5588) ;
#5600=AXIS2_PLACEMENT_3D('Circle Axis2P3D',#5598,#5599,$) ;
#5619=AXIS2_PLACEMENT_3D('Circle Axis2P3D',#5617,#5618,$) ;
#5632=AXIS2_PLACEMENT_3D('Cylinder Axis2P3D',#5629,#5630,#5631) ;
#5643=AXIS2_PLACEMENT_3D('Circle Axis2P3D',#5641,#5642,$) ;
#5662=AXIS2_PLACEMENT_3D('Circle Axis2P3D',#5660,#5661,$) ;
#5675=AXIS2_PLACEMENT_3D('Cylinder Axis2P3D',#5672,#5673,#5674) ;
#5686=AXIS2_PLACEMENT_3D('Circle Axis2P3D',#5684,#5685,$) ;
#5705=AXIS2_PLACEMENT_3D('Circle Axis2P3D',#5703,#5704,$) ;
#5718=AXIS2_PLACEMENT_3D('Cylinder Axis2P3D',#5715,#5716,#5717) ;
#5729=AXIS2_PLACEMENT_3D('Circle Axis2P3D',#5727,#5728,$) ;
#5748=AXIS2_PLACEMENT_3D('Circle Axis2P3D',#5746,#5747,$) ;
#5761=AXIS2_PLACEMENT_3D('Cylinder Axis2P3D',#5758,#5759,#5760) ;
#5772=AXIS2_PLACEMENT_3D('Circle Axis2P3D',#5770,#5771,$) ;
#5791=AXIS2_PLACEMENT_3D('Circle Axis2P3D',#5789,#5790,$) ;
#5804=AXIS2_PLACEMENT_3D('Cylinder Axis2P3D',#5801,#5802,#5803) ;
#5833=AXIS2_PLACEMENT_3D('Cylinder Axis2P3D',#5830,#5831,#5832) ;
#5862=AXIS2_PLACEMENT_3D('Cylinder Axis2P3D',#5859,#5860,#5861) ;
#5866=AXIS2_PLACEMENT_3D('Circle Axis2P3D',#5864,#5865,$) ;
#5879=AXIS2_PLACEMENT_3D('Plane Axis2P3D',#5876,#5877,#5878) ;
#5883=AXIS2_PLACEMENT_3D('Circle Axis2P3D',#5881,#5882,$) ;
#5888=AXIS2_PLACEMENT_3D('Circle Axis2P3D',#5886,#5887,$) ;
#5898=AXIS2_PLACEMENT_3D('Circle Axis2P3D',#5896,#5897,$) ;
#5903=AXIS2_PLACEMENT_3D('Circle Axis2P3D',#5901,#5902,$) ;
#5992=AXIS2_PLACEMENT_3D('Plane Axis2P3D',#5989,#5990,#5991) ;
#6015=AXIS2_PLACEMENT_3D('Circle Axis2P3D',#6013,#6014,$) ;
#6020=AXIS2_PLACEMENT_3D('Circle Axis2P3D',#6018,#6019,$) ;
#6043=AXIS2_PLACEMENT_3D('Cylinder Axis2P3D',#6040,#6041,#6042) ;
#6058=AXIS2_PLACEMENT_3D('Cylinder Axis2P3D',#6055,#6056,#6057) ;
#6203=AXIS2_PLACEMENT_3D('Cylinder Axis2P3D',#6200,#6201,#6202) ;
#6285=AXIS2_PLACEMENT_3D('Cylinder Axis2P3D',#6282,#6283,#6284) ;
#6324=AXIS2_PLACEMENT_3D('Cylinder Axis2P3D',#6321,#6322,#6323) ;
#6355=AXIS2_PLACEMENT_3D('Cylinder Axis2P3D',#6352,#6353,#6354) ;
#6391=AXIS2_PLACEMENT_3D(' ',#6394,#6398,#6397) ;
#6392=AXIS2_PLACEMENT_3D(' ',#6393,#6396,#6395) ;
#6406=AXIS2_PLACEMENT_3D(' ',#6409,#6413,#6412) ;
#6407=AXIS2_PLACEMENT_3D(' ',#6408,#6411,#6410) ;
#45=PRODUCT_DEFINITION_SHAPE(' ',' ',#17) ;
#59=PRODUCT_DEFINITION_SHAPE(' ',' ',#56) ;
#1614=PRODUCT_DEFINITION_SHAPE(' ',' ',#1613) ;
#1635=PRODUCT_DEFINITION_SHAPE(' ',' ',#1632) ;
#2005=PRODUCT_DEFINITION_SHAPE(' ',' ',#2004) ;
#2020=PRODUCT_DEFINITION_SHAPE(' ',' ',#2019) ;
#2033=PRODUCT_DEFINITION_SHAPE(' ',' ',#2032) ;
#2052=PRODUCT_DEFINITION_SHAPE(' ',' ',#2049) ;
#2924=PRODUCT_DEFINITION_SHAPE(' ',' ',#2923) ;
#2945=PRODUCT_DEFINITION_SHAPE(' ',' ',#2942) ;
#3229=PRODUCT_DEFINITION_SHAPE(' ',' ',#3228) ;
#3244=PRODUCT_DEFINITION_SHAPE(' ',' ',#3243) ;
#3257=PRODUCT_DEFINITION_SHAPE(' ',' ',#3256) ;
#3276=PRODUCT_DEFINITION_SHAPE(' ',' ',#3273) ;
#6387=PRODUCT_DEFINITION_SHAPE(' ',' ',#6386) ;
#6402=PRODUCT_DEFINITION_SHAPE(' ',' ',#6401) ;
#34=APPROVAL_PERSON_ORGANIZATION(#28,#24,#22) ;
#28=PERSON_AND_ORGANIZATION(#25,#26) ;
#25=PERSON(' ',' ',' ',$,$,$) ;
#26=ORGANIZATION(' ',' ',' ') ;
#24=APPROVAL(#23,' ') ;
#23=APPROVAL_STATUS('not_yet_approved') ;
#22=APPROVAL_ROLE('APPROVER') ;
#13=DATE_AND_TIME(#11,#12) ;
#12=LOCAL_TIME(15,44,40.,#10) ;
#10=COORDINATED_UNIVERSAL_TIME_OFFSET(0,0,.AHEAD.) ;
#88=ORIENTED_EDGE('',*,*,#74,.T.) ;
#89=ORIENTED_EDGE('',*,*,#81,.F.) ;
#90=ORIENTED_EDGE('',*,*,#86,.F.) ;
#141=ORIENTED_EDGE('',*,*,#106,.F.) ;
#142=ORIENTED_EDGE('',*,*,#113,.F.) ;
#143=ORIENTED_EDGE('',*,*,#120,.F.) ;
#144=ORIENTED_EDGE('',*,*,#127,.F.) ;
#145=ORIENTED_EDGE('',*,*,#134,.F.) ;
#146=ORIENTED_EDGE('',*,*,#139,.F.) ;
#177=ORIENTED_EDGE('',*,*,#156,.T.) ;
#178=ORIENTED_EDGE('',*,*,#163,.T.) ;
#179=ORIENTED_EDGE('',*,*,#170,.T.) ;
#180=ORIENTED_EDGE('',*,*,#175,.T.) ;
#211=ORIENTED_EDGE('',*,*,#190,.T.) ;
#212=ORIENTED_EDGE('',*,*,#197,.T.) ;
#213=ORIENTED_EDGE('',*,*,#204,.T.) ;
#214=ORIENTED_EDGE('',*,*,#209,.T.) ;
#245=ORIENTED_EDGE('',*,*,#224,.T.) ;
#246=ORIENTED_EDGE('',*,*,#231,.T.) ;
#247=ORIENTED_EDGE('',*,*,#238,.T.) ;
#248=ORIENTED_EDGE('',*,*,#243,.T.) ;
#265=ORIENTED_EDGE('',*,*,#258,.T.) ;
#266=ORIENTED_EDGE('',*,*,#263,.T.) ;
#283=ORIENTED_EDGE('',*,*,#276,.T.) ;
#284=ORIENTED_EDGE('',*,*,#281,.T.) ;
#301=ORIENTED_EDGE('',*,*,#294,.T.) ;
#302=ORIENTED_EDGE('',*,*,#299,.T.) ;
#319=ORIENTED_EDGE('',*,*,#312,.T.) ;
#320=ORIENTED_EDGE('',*,*,#317,.T.) ;
#348=ORIENTED_EDGE('',*,*,#334,.F.) ;
#349=ORIENTED_EDGE('',*,*,#106,.T.) ;
#350=ORIENTED_EDGE('',*,*,#341,.T.) ;
#351=ORIENTED_EDGE('',*,*,#346,.F.) ;
#386=ORIENTED_EDGE('',*,*,#365,.T.) ;
#387=ORIENTED_EDGE('',*,*,#372,.T.) ;
#388=ORIENTED_EDGE('',*,*,#379,.F.) ;
#389=ORIENTED_EDGE('',*,*,#384,.F.) ;
#426=ORIENTED_EDGE('',*,*,#405,.T.) ;
#427=ORIENTED_EDGE('',*,*,#412,.T.) ;
#428=ORIENTED_EDGE('',*,*,#419,.F.) ;
#429=ORIENTED_EDGE('',*,*,#424,.F.) ;
#466=ORIENTED_EDGE('',*,*,#445,.T.) ;
#467=ORIENTED_EDGE('',*,*,#452,.T.) ;
#468=ORIENTED_EDGE('',*,*,#459,.F.) ;
#469=ORIENTED_EDGE('',*,*,#464,.F.) ;
#497=ORIENTED_EDGE('',*,*,#485,.T.) ;
#498=ORIENTED_EDGE('',*,*,#490,.F.) ;
#499=ORIENTED_EDGE('',*,*,#175,.F.) ;
#500=ORIENTED_EDGE('',*,*,#495,.T.) ;
#521=ORIENTED_EDGE('',*,*,#514,.T.) ;
#522=ORIENTED_EDGE('',*,*,#495,.F.) ;
#523=ORIENTED_EDGE('',*,*,#170,.F.) ;
#524=ORIENTED_EDGE('',*,*,#519,.T.) ;
#545=ORIENTED_EDGE('',*,*,#538,.T.) ;
#546=ORIENTED_EDGE('',*,*,#519,.F.) ;
#547=ORIENTED_EDGE('',*,*,#163,.F.) ;
#548=ORIENTED_EDGE('',*,*,#543,.T.) ;
#562=ORIENTED_EDGE('',*,*,#560,.T.) ;
#563=ORIENTED_EDGE('',*,*,#543,.F.) ;
#564=ORIENTED_EDGE('',*,*,#156,.F.) ;
#565=ORIENTED_EDGE('',*,*,#490,.T.) ;
#593=ORIENTED_EDGE('',*,*,#581,.T.) ;
#594=ORIENTED_EDGE('',*,*,#586,.F.) ;
#595=ORIENTED_EDGE('',*,*,#209,.F.) ;
#596=ORIENTED_EDGE('',*,*,#591,.T.) ;
#617=ORIENTED_EDGE('',*,*,#610,.T.) ;
#618=ORIENTED_EDGE('',*,*,#591,.F.) ;
#619=ORIENTED_EDGE('',*,*,#204,.F.) ;
#620=ORIENTED_EDGE('',*,*,#615,.T.) ;
#641=ORIENTED_EDGE('',*,*,#634,.T.) ;
#642=ORIENTED_EDGE('',*,*,#615,.F.) ;
#643=ORIENTED_EDGE('',*,*,#197,.F.) ;
#644=ORIENTED_EDGE('',*,*,#639,.T.) ;
#658=ORIENTED_EDGE('',*,*,#656,.T.) ;
#659=ORIENTED_EDGE('',*,*,#639,.F.) ;
#660=ORIENTED_EDGE('',*,*,#190,.F.) ;
#661=ORIENTED_EDGE('',*,*,#586,.T.) ;
#689=ORIENTED_EDGE('',*,*,#677,.T.) ;
#690=ORIENTED_EDGE('',*,*,#682,.F.) ;
#691=ORIENTED_EDGE('',*,*,#243,.F.) ;
#692=ORIENTED_EDGE('',*,*,#687,.T.) ;
#713=ORIENTED_EDGE('',*,*,#706,.T.) ;
#714=ORIENTED_EDGE('',*,*,#687,.F.) ;
#715=ORIENTED_EDGE('',*,*,#238,.F.) ;
#716=ORIENTED_EDGE('',*,*,#711,.T.) ;
#737=ORIENTED_EDGE('',*,*,#730,.T.) ;
#738=ORIENTED_EDGE('',*,*,#711,.F.) ;
#739=ORIENTED_EDGE('',*,*,#231,.F.) ;
#740=ORIENTED_EDGE('',*,*,#735,.T.) ;
#754=ORIENTED_EDGE('',*,*,#752,.T.) ;
#755=ORIENTED_EDGE('',*,*,#735,.F.) ;
#756=ORIENTED_EDGE('',*,*,#224,.F.) ;
#757=ORIENTED_EDGE('',*,*,#682,.T.) ;
#785=ORIENTED_EDGE('',*,*,#773,.T.) ;
#786=ORIENTED_EDGE('',*,*,#778,.F.) ;
#787=ORIENTED_EDGE('',*,*,#263,.F.) ;
#788=ORIENTED_EDGE('',*,*,#783,.T.) ;
#797=ORIENTED_EDGE('',*,*,#795,.T.) ;
#798=ORIENTED_EDGE('',*,*,#783,.F.) ;
#799=ORIENTED_EDGE('',*,*,#258,.F.) ;
#800=ORIENTED_EDGE('',*,*,#778,.T.) ;
#828=ORIENTED_EDGE('',*,*,#816,.T.) ;
#829=ORIENTED_EDGE('',*,*,#821,.F.) ;
#830=ORIENTED_EDGE('',*,*,#281,.F.) ;
#831=ORIENTED_EDGE('',*,*,#826,.T.) ;
#840=ORIENTED_EDGE('',*,*,#838,.T.) ;
#841=ORIENTED_EDGE('',*,*,#826,.F.) ;
#842=ORIENTED_EDGE('',*,*,#276,.F.) ;
#843=ORIENTED_EDGE('',*,*,#821,.T.) ;
#871=ORIENTED_EDGE('',*,*,#859,.T.) ;
#872=ORIENTED_EDGE('',*,*,#864,.F.) ;
#873=ORIENTED_EDGE('',*,*,#299,.F.) ;
#874=ORIENTED_EDGE('',*,*,#869,.T.) ;
#883=ORIENTED_EDGE('',*,*,#881,.T.) ;
#884=ORIENTED_EDGE('',*,*,#869,.F.) ;
#885=ORIENTED_EDGE('',*,*,#294,.F.) ;
#886=ORIENTED_EDGE('',*,*,#864,.T.) ;
#914=ORIENTED_EDGE('',*,*,#902,.T.) ;
#915=ORIENTED_EDGE('',*,*,#907,.F.) ;
#916=ORIENTED_EDGE('',*,*,#317,.F.) ;
#917=ORIENTED_EDGE('',*,*,#912,.T.) ;
#926=ORIENTED_EDGE('',*,*,#924,.T.) ;
#927=ORIENTED_EDGE('',*,*,#912,.F.) ;
#928=ORIENTED_EDGE('',*,*,#312,.F.) ;
#929=ORIENTED_EDGE('',*,*,#907,.T.) ;
#957=ORIENTED_EDGE('',*,*,#945,.T.) ;
#958=ORIENTED_EDGE('',*,*,#950,.F.) ;
#959=ORIENTED_EDGE('',*,*,#372,.F.) ;
#960=ORIENTED_EDGE('',*,*,#955,.T.) ;
#988=ORIENTED_EDGE('',*,*,#976,.T.) ;
#989=ORIENTED_EDGE('',*,*,#981,.F.) ;
#990=ORIENTED_EDGE('',*,*,#412,.F.) ;
#991=ORIENTED_EDGE('',*,*,#986,.T.) ;
#1019=ORIENTED_EDGE('',*,*,#1007,.T.) ;
#1020=ORIENTED_EDGE('',*,*,#1012,.F.) ;
#1021=ORIENTED_EDGE('',*,*,#452,.F.) ;
#1022=ORIENTED_EDGE('',*,*,#1017,.T.) ;
#1045=ORIENTED_EDGE('',*,*,#1038,.T.) ;
#1046=ORIENTED_EDGE('',*,*,#1043,.T.) ;
#1049=ORIENTED_EDGE('',*,*,#902,.F.) ;
#1050=ORIENTED_EDGE('',*,*,#924,.F.) ;
#1078=ORIENTED_EDGE('',*,*,#1038,.F.) ;
#1079=ORIENTED_EDGE('',*,*,#1064,.T.) ;
#1080=ORIENTED_EDGE('',*,*,#1071,.T.) ;
#1081=ORIENTED_EDGE('',*,*,#1076,.F.) ;
#1090=ORIENTED_EDGE('',*,*,#1043,.F.) ;
#1091=ORIENTED_EDGE('',*,*,#1076,.T.) ;
#1092=ORIENTED_EDGE('',*,*,#1088,.T.) ;
#1093=ORIENTED_EDGE('',*,*,#1064,.F.) ;
#1119=ORIENTED_EDGE('',*,*,#1105,.T.) ;
#1120=ORIENTED_EDGE('',*,*,#1112,.T.) ;
#1121=ORIENTED_EDGE('',*,*,#1117,.F.) ;
#1122=ORIENTED_EDGE('',*,*,#1007,.F.) ;
#1136=ORIENTED_EDGE('',*,*,#459,.T.) ;
#1137=ORIENTED_EDGE('',*,*,#1012,.T.) ;
#1138=ORIENTED_EDGE('',*,*,#1117,.T.) ;
#1139=ORIENTED_EDGE('',*,*,#1134,.T.) ;
#1142=ORIENTED_EDGE('',*,*,#816,.F.) ;
#1143=ORIENTED_EDGE('',*,*,#838,.F.) ;
#1171=ORIENTED_EDGE('',*,*,#1157,.T.) ;
#1172=ORIENTED_EDGE('',*,*,#1164,.T.) ;
#1173=ORIENTED_EDGE('',*,*,#1169,.F.) ;
#1174=ORIENTED_EDGE('',*,*,#976,.F.) ;
#1183=ORIENTED_EDGE('',*,*,#419,.T.) ;
#1184=ORIENTED_EDGE('',*,*,#981,.T.) ;
#1185=ORIENTED_EDGE('',*,*,#1169,.T.) ;
#1186=ORIENTED_EDGE('',*,*,#1181,.T.) ;
#1189=ORIENTED_EDGE('',*,*,#859,.F.) ;
#1190=ORIENTED_EDGE('',*,*,#881,.F.) ;
#1216=ORIENTED_EDGE('',*,*,#1202,.T.) ;
#1217=ORIENTED_EDGE('',*,*,#1157,.F.) ;
#1218=ORIENTED_EDGE('',*,*,#986,.F.) ;
#1219=ORIENTED_EDGE('',*,*,#405,.F.) ;
#1220=ORIENTED_EDGE('',*,*,#1209,.T.) ;
#1221=ORIENTED_EDGE('',*,*,#1214,.F.) ;
#1222=ORIENTED_EDGE('',*,*,#955,.F.) ;
#1223=ORIENTED_EDGE('',*,*,#365,.F.) ;
#1224=ORIENTED_EDGE('',*,*,#346,.T.) ;
#1225=ORIENTED_EDGE('',*,*,#1105,.F.) ;
#1226=ORIENTED_EDGE('',*,*,#1017,.F.) ;
#1227=ORIENTED_EDGE('',*,*,#445,.F.) ;
#1230=ORIENTED_EDGE('',*,*,#1088,.F.) ;
#1231=ORIENTED_EDGE('',*,*,#1071,.F.) ;
#1234=ORIENTED_EDGE('',*,*,#560,.F.) ;
#1235=ORIENTED_EDGE('',*,*,#485,.F.) ;
#1236=ORIENTED_EDGE('',*,*,#514,.F.) ;
#1237=ORIENTED_EDGE('',*,*,#538,.F.) ;
#1240=ORIENTED_EDGE('',*,*,#656,.F.) ;
#1241=ORIENTED_EDGE('',*,*,#581,.F.) ;
#1242=ORIENTED_EDGE('',*,*,#610,.F.) ;
#1243=ORIENTED_EDGE('',*,*,#634,.F.) ;
#1246=ORIENTED_EDGE('',*,*,#752,.F.) ;
#1247=ORIENTED_EDGE('',*,*,#677,.F.) ;
#1248=ORIENTED_EDGE('',*,*,#706,.F.) ;
#1249=ORIENTED_EDGE('',*,*,#730,.F.) ;
#1270=ORIENTED_EDGE('',*,*,#1214,.T.) ;
#1271=ORIENTED_EDGE('',*,*,#1263,.T.) ;
#1272=ORIENTED_EDGE('',*,*,#1268,.F.) ;
#1273=ORIENTED_EDGE('',*,*,#945,.F.) ;
#1282=ORIENTED_EDGE('',*,*,#1280,.T.) ;
#1283=ORIENTED_EDGE('',*,*,#379,.T.) ;
#1284=ORIENTED_EDGE('',*,*,#950,.T.) ;
#1285=ORIENTED_EDGE('',*,*,#1268,.T.) ;
#1288=ORIENTED_EDGE('',*,*,#773,.F.) ;
#1289=ORIENTED_EDGE('',*,*,#795,.F.) ;
#1331=ORIENTED_EDGE('',*,*,#1314,.F.) ;
#1332=ORIENTED_EDGE('',*,*,#1319,.F.) ;
#1333=ORIENTED_EDGE('',*,*,#1324,.T.) ;
#1334=ORIENTED_EDGE('',*,*,#1329,.T.) ;
#1352=ORIENTED_EDGE('',*,*,#1350,.F.) ;
#1353=ORIENTED_EDGE('',*,*,#1329,.F.) ;
#1354=ORIENTED_EDGE('',*,*,#81,.T.) ;
#1355=ORIENTED_EDGE('',*,*,#1319,.T.) ;
#1359=ORIENTED_EDGE('',*,*,#86,.T.) ;
#1360=ORIENTED_EDGE('',*,*,#1324,.F.) ;
#1361=ORIENTED_EDGE('',*,*,#74,.F.) ;
#1370=ORIENTED_EDGE('',*,*,#134,.T.) ;
#1371=ORIENTED_EDGE('',*,*,#127,.T.) ;
#1372=ORIENTED_EDGE('',*,*,#120,.T.) ;
#1373=ORIENTED_EDGE('',*,*,#113,.T.) ;
#1374=ORIENTED_EDGE('',*,*,#334,.T.) ;
#1375=ORIENTED_EDGE('',*,*,#384,.T.) ;
#1376=ORIENTED_EDGE('',*,*,#1280,.F.) ;
#1377=ORIENTED_EDGE('',*,*,#1263,.F.) ;
#1378=ORIENTED_EDGE('',*,*,#1209,.F.) ;
#1379=ORIENTED_EDGE('',*,*,#424,.T.) ;
#1380=ORIENTED_EDGE('',*,*,#1181,.F.) ;
#1381=ORIENTED_EDGE('',*,*,#1164,.F.) ;
#1382=ORIENTED_EDGE('',*,*,#1202,.F.) ;
#1383=ORIENTED_EDGE('',*,*,#464,.T.) ;
#1384=ORIENTED_EDGE('',*,*,#1134,.F.) ;
#1385=ORIENTED_EDGE('',*,*,#1112,.F.) ;
#1386=ORIENTED_EDGE('',*,*,#341,.F.) ;
#1387=ORIENTED_EDGE('',*,*,#139,.T.) ;
#1390=ORIENTED_EDGE('',*,*,#1314,.T.) ;
#1391=ORIENTED_EDGE('',*,*,#1350,.T.) ;
#1426=ORIENTED_EDGE('',*,*,#1410,.T.) ;
#1427=ORIENTED_EDGE('',*,*,#1424,.T.) ;
#1462=ORIENTED_EDGE('',*,*,#1446,.T.) ;
#1463=ORIENTED_EDGE('',*,*,#1460,.T.) ;
#1493=ORIENTED_EDGE('',*,*,#1479,.T.) ;
#1494=ORIENTED_EDGE('',*,*,#1486,.F.) ;
#1495=ORIENTED_EDGE('',*,*,#1491,.F.) ;
#1504=ORIENTED_EDGE('',*,*,#1491,.T.) ;
#1505=ORIENTED_EDGE('',*,*,#1502,.F.) ;
#1506=ORIENTED_EDGE('',*,*,#1479,.F.) ;
#1525=ORIENTED_EDGE('',*,*,#1460,.F.) ;
#1526=ORIENTED_EDGE('',*,*,#1518,.F.) ;
#1527=ORIENTED_EDGE('',*,*,#1486,.T.) ;
#1528=ORIENTED_EDGE('',*,*,#1523,.T.) ;
#1532=ORIENTED_EDGE('',*,*,#1446,.F.) ;
#1533=ORIENTED_EDGE('',*,*,#1523,.F.) ;
#1534=ORIENTED_EDGE('',*,*,#1502,.T.) ;
#1535=ORIENTED_EDGE('',*,*,#1518,.T.) ;
#1565=ORIENTED_EDGE('',*,*,#1551,.T.) ;
#1566=ORIENTED_EDGE('',*,*,#1558,.F.) ;
#1567=ORIENTED_EDGE('',*,*,#1563,.F.) ;
#1576=ORIENTED_EDGE('',*,*,#1563,.T.) ;
#1577=ORIENTED_EDGE('',*,*,#1574,.F.) ;
#1578=ORIENTED_EDGE('',*,*,#1551,.F.) ;
#1597=ORIENTED_EDGE('',*,*,#1424,.F.) ;
#1598=ORIENTED_EDGE('',*,*,#1590,.F.) ;
#1599=ORIENTED_EDGE('',*,*,#1558,.T.) ;
#1600=ORIENTED_EDGE('',*,*,#1595,.T.) ;
#1604=ORIENTED_EDGE('',*,*,#1410,.F.) ;
#1605=ORIENTED_EDGE('',*,*,#1595,.F.) ;
#1606=ORIENTED_EDGE('',*,*,#1574,.T.) ;
#1607=ORIENTED_EDGE('',*,*,#1590,.T.) ;
#1671=ORIENTED_EDGE('',*,*,#1650,.F.) ;
#1672=ORIENTED_EDGE('',*,*,#1657,.T.) ;
#1673=ORIENTED_EDGE('',*,*,#1664,.T.) ;
#1674=ORIENTED_EDGE('',*,*,#1669,.F.) ;
#1711=ORIENTED_EDGE('',*,*,#1690,.T.) ;
#1712=ORIENTED_EDGE('',*,*,#1697,.F.) ;
#1713=ORIENTED_EDGE('',*,*,#1704,.F.) ;
#1714=ORIENTED_EDGE('',*,*,#1709,.T.) ;
#1728=ORIENTED_EDGE('',*,*,#1721,.T.) ;
#1729=ORIENTED_EDGE('',*,*,#1709,.F.) ;
#1730=ORIENTED_EDGE('',*,*,#1726,.F.) ;
#1731=ORIENTED_EDGE('',*,*,#1697,.T.) ;
#1759=ORIENTED_EDGE('',*,*,#1747,.F.) ;
#1760=ORIENTED_EDGE('',*,*,#1752,.F.) ;
#1761=ORIENTED_EDGE('',*,*,#1664,.F.) ;
#1762=ORIENTED_EDGE('',*,*,#1757,.T.) ;
#1785=ORIENTED_EDGE('',*,*,#1773,.F.) ;
#1786=ORIENTED_EDGE('',*,*,#1778,.T.) ;
#1787=ORIENTED_EDGE('',*,*,#1650,.T.) ;
#1788=ORIENTED_EDGE('',*,*,#1783,.F.) ;
#1849=ORIENTED_EDGE('',*,*,#1804,.T.) ;
#1850=ORIENTED_EDGE('',*,*,#1823,.T.) ;
#1851=ORIENTED_EDGE('',*,*,#1830,.F.) ;
#1852=ORIENTED_EDGE('',*,*,#1847,.T.) ;
#1871=ORIENTED_EDGE('',*,*,#1804,.F.) ;
#1872=ORIENTED_EDGE('',*,*,#1864,.F.) ;
#1873=ORIENTED_EDGE('',*,*,#1757,.F.) ;
#1874=ORIENTED_EDGE('',*,*,#1657,.F.) ;
#1875=ORIENTED_EDGE('',*,*,#1778,.F.) ;
#1876=ORIENTED_EDGE('',*,*,#1869,.T.) ;
#1879=ORIENTED_EDGE('',*,*,#1704,.T.) ;
#1880=ORIENTED_EDGE('',*,*,#1726,.T.) ;
#1908=ORIENTED_EDGE('',*,*,#1894,.T.) ;
#1909=ORIENTED_EDGE('',*,*,#1901,.T.) ;
#1910=ORIENTED_EDGE('',*,*,#1906,.F.) ;
#1911=ORIENTED_EDGE('',*,*,#1783,.T.) ;
#1912=ORIENTED_EDGE('',*,*,#1669,.T.) ;
#1913=ORIENTED_EDGE('',*,*,#1752,.T.) ;
#1916=ORIENTED_EDGE('',*,*,#1690,.F.) ;
#1917=ORIENTED_EDGE('',*,*,#1721,.F.) ;
#1945=ORIENTED_EDGE('',*,*,#1933,.T.) ;
#1946=ORIENTED_EDGE('',*,*,#1938,.T.) ;
#1947=ORIENTED_EDGE('',*,*,#1901,.F.) ;
#1948=ORIENTED_EDGE('',*,*,#1943,.T.) ;
#1967=ORIENTED_EDGE('',*,*,#1960,.F.) ;
#1968=ORIENTED_EDGE('',*,*,#1933,.F.) ;
#1969=ORIENTED_EDGE('',*,*,#1965,.T.) ;
#1970=ORIENTED_EDGE('',*,*,#1830,.T.) ;
#1979=ORIENTED_EDGE('',*,*,#1864,.T.) ;
#1980=ORIENTED_EDGE('',*,*,#1847,.F.) ;
#1981=ORIENTED_EDGE('',*,*,#1965,.F.) ;
#1982=ORIENTED_EDGE('',*,*,#1943,.F.) ;
#1983=ORIENTED_EDGE('',*,*,#1894,.F.) ;
#1984=ORIENTED_EDGE('',*,*,#1747,.T.) ;
#1993=ORIENTED_EDGE('',*,*,#1960,.T.) ;
#1994=ORIENTED_EDGE('',*,*,#1823,.F.) ;
#1995=ORIENTED_EDGE('',*,*,#1869,.F.) ;
#1996=ORIENTED_EDGE('',*,*,#1773,.T.) ;
#1997=ORIENTED_EDGE('',*,*,#1906,.T.) ;
#1998=ORIENTED_EDGE('',*,*,#1938,.F.) ;
#2088=ORIENTED_EDGE('',*,*,#2067,.F.) ;
#2089=ORIENTED_EDGE('',*,*,#2074,.T.) ;
#2090=ORIENTED_EDGE('',*,*,#2081,.T.) ;
#2091=ORIENTED_EDGE('',*,*,#2086,.F.) ;
#2105=ORIENTED_EDGE('',*,*,#2081,.F.) ;
#2106=ORIENTED_EDGE('',*,*,#2098,.T.) ;
#2107=ORIENTED_EDGE('',*,*,#2067,.T.) ;
#2108=ORIENTED_EDGE('',*,*,#2103,.F.) ;
#2145=ORIENTED_EDGE('',*,*,#2124,.T.) ;
#2146=ORIENTED_EDGE('',*,*,#2131,.F.) ;
#2147=ORIENTED_EDGE('',*,*,#2138,.F.) ;
#2148=ORIENTED_EDGE('',*,*,#2143,.T.) ;
#2162=ORIENTED_EDGE('',*,*,#2155,.T.) ;
#2163=ORIENTED_EDGE('',*,*,#2143,.F.) ;
#2164=ORIENTED_EDGE('',*,*,#2160,.F.) ;
#2165=ORIENTED_EDGE('',*,*,#2131,.T.) ;
#2202=ORIENTED_EDGE('',*,*,#2181,.T.) ;
#2203=ORIENTED_EDGE('',*,*,#2188,.F.) ;
#2204=ORIENTED_EDGE('',*,*,#2195,.F.) ;
#2205=ORIENTED_EDGE('',*,*,#2200,.T.) ;
#2219=ORIENTED_EDGE('',*,*,#2212,.T.) ;
#2220=ORIENTED_EDGE('',*,*,#2200,.F.) ;
#2221=ORIENTED_EDGE('',*,*,#2217,.F.) ;
#2222=ORIENTED_EDGE('',*,*,#2188,.T.) ;
#2259=ORIENTED_EDGE('',*,*,#2238,.T.) ;
#2260=ORIENTED_EDGE('',*,*,#2245,.F.) ;
#2261=ORIENTED_EDGE('',*,*,#2252,.F.) ;
#2262=ORIENTED_EDGE('',*,*,#2257,.T.) ;
#2276=ORIENTED_EDGE('',*,*,#2269,.T.) ;
#2277=ORIENTED_EDGE('',*,*,#2257,.F.) ;
#2278=ORIENTED_EDGE('',*,*,#2274,.F.) ;
#2279=ORIENTED_EDGE('',*,*,#2245,.T.) ;
#2316=ORIENTED_EDGE('',*,*,#2295,.T.) ;
#2317=ORIENTED_EDGE('',*,*,#2302,.F.) ;
#2318=ORIENTED_EDGE('',*,*,#2309,.F.) ;
#2319=ORIENTED_EDGE('',*,*,#2314,.T.) ;
#2333=ORIENTED_EDGE('',*,*,#2326,.T.) ;
#2334=ORIENTED_EDGE('',*,*,#2314,.F.) ;
#2335=ORIENTED_EDGE('',*,*,#2331,.F.) ;
#2336=ORIENTED_EDGE('',*,*,#2302,.T.) ;
#2345=ORIENTED_EDGE('',*,*,#2086,.T.) ;
#2346=ORIENTED_EDGE('',*,*,#2103,.T.) ;
#2349=ORIENTED_EDGE('',*,*,#2124,.F.) ;
#2350=ORIENTED_EDGE('',*,*,#2155,.F.) ;
#2353=ORIENTED_EDGE('',*,*,#2181,.F.) ;
#2354=ORIENTED_EDGE('',*,*,#2212,.F.) ;
#2357=ORIENTED_EDGE('',*,*,#2238,.F.) ;
#2358=ORIENTED_EDGE('',*,*,#2269,.F.) ;
#2375=ORIENTED_EDGE('',*,*,#2368,.F.) ;
#2376=ORIENTED_EDGE('',*,*,#2373,.F.) ;
#2393=ORIENTED_EDGE('',*,*,#2386,.F.) ;
#2394=ORIENTED_EDGE('',*,*,#2391,.F.) ;
#2411=ORIENTED_EDGE('',*,*,#2404,.F.) ;
#2412=ORIENTED_EDGE('',*,*,#2409,.F.) ;
#2429=ORIENTED_EDGE('',*,*,#2422,.F.) ;
#2430=ORIENTED_EDGE('',*,*,#2427,.F.) ;
#2433=ORIENTED_EDGE('',*,*,#2295,.F.) ;
#2434=ORIENTED_EDGE('',*,*,#2326,.F.) ;
#2443=ORIENTED_EDGE('',*,*,#2098,.F.) ;
#2444=ORIENTED_EDGE('',*,*,#2074,.F.) ;
#2447=ORIENTED_EDGE('',*,*,#2160,.T.) ;
#2448=ORIENTED_EDGE('',*,*,#2138,.T.) ;
#2451=ORIENTED_EDGE('',*,*,#2217,.T.) ;
#2452=ORIENTED_EDGE('',*,*,#2195,.T.) ;
#2455=ORIENTED_EDGE('',*,*,#2274,.T.) ;
#2456=ORIENTED_EDGE('',*,*,#2252,.T.) ;
#2459=ORIENTED_EDGE('',*,*,#2331,.T.) ;
#2460=ORIENTED_EDGE('',*,*,#2309,.T.) ;
#2477=ORIENTED_EDGE('',*,*,#2470,.F.) ;
#2478=ORIENTED_EDGE('',*,*,#2475,.F.) ;
#2495=ORIENTED_EDGE('',*,*,#2488,.F.) ;
#2496=ORIENTED_EDGE('',*,*,#2493,.F.) ;
#2513=ORIENTED_EDGE('',*,*,#2506,.F.) ;
#2514=ORIENTED_EDGE('',*,*,#2511,.F.) ;
#2531=ORIENTED_EDGE('',*,*,#2524,.F.) ;
#2532=ORIENTED_EDGE('',*,*,#2529,.F.) ;
#2560=ORIENTED_EDGE('',*,*,#2548,.T.) ;
#2561=ORIENTED_EDGE('',*,*,#2553,.T.) ;
#2562=ORIENTED_EDGE('',*,*,#2427,.T.) ;
#2563=ORIENTED_EDGE('',*,*,#2558,.F.) ;
#2572=ORIENTED_EDGE('',*,*,#2570,.T.) ;
#2573=ORIENTED_EDGE('',*,*,#2558,.T.) ;
#2574=ORIENTED_EDGE('',*,*,#2422,.T.) ;
#2575=ORIENTED_EDGE('',*,*,#2553,.F.) ;
#2603=ORIENTED_EDGE('',*,*,#2591,.T.) ;
#2604=ORIENTED_EDGE('',*,*,#2596,.T.) ;
#2605=ORIENTED_EDGE('',*,*,#2409,.T.) ;
#2606=ORIENTED_EDGE('',*,*,#2601,.F.) ;
#2615=ORIENTED_EDGE('',*,*,#2613,.T.) ;
#2616=ORIENTED_EDGE('',*,*,#2601,.T.) ;
#2617=ORIENTED_EDGE('',*,*,#2404,.T.) ;
#2618=ORIENTED_EDGE('',*,*,#2596,.F.) ;
#2646=ORIENTED_EDGE('',*,*,#2634,.T.) ;
#2647=ORIENTED_EDGE('',*,*,#2639,.T.) ;
#2648=ORIENTED_EDGE('',*,*,#2391,.T.) ;
#2649=ORIENTED_EDGE('',*,*,#2644,.F.) ;
#2658=ORIENTED_EDGE('',*,*,#2656,.T.) ;
#2659=ORIENTED_EDGE('',*,*,#2644,.T.) ;
#2660=ORIENTED_EDGE('',*,*,#2386,.T.) ;
#2661=ORIENTED_EDGE('',*,*,#2639,.F.) ;
#2689=ORIENTED_EDGE('',*,*,#2677,.T.) ;
#2690=ORIENTED_EDGE('',*,*,#2682,.T.) ;
#2691=ORIENTED_EDGE('',*,*,#2373,.T.) ;
#2692=ORIENTED_EDGE('',*,*,#2687,.F.) ;
#2701=ORIENTED_EDGE('',*,*,#2699,.T.) ;
#2702=ORIENTED_EDGE('',*,*,#2687,.T.) ;
#2703=ORIENTED_EDGE('',*,*,#2368,.T.) ;
#2704=ORIENTED_EDGE('',*,*,#2682,.F.) ;
#2732=ORIENTED_EDGE('',*,*,#2718,.F.) ;
#2733=ORIENTED_EDGE('',*,*,#2493,.T.) ;
#2734=ORIENTED_EDGE('',*,*,#2725,.T.) ;
#2735=ORIENTED_EDGE('',*,*,#2730,.F.) ;
#2744=ORIENTED_EDGE('',*,*,#2725,.F.) ;
#2745=ORIENTED_EDGE('',*,*,#2488,.T.) ;
#2746=ORIENTED_EDGE('',*,*,#2718,.T.) ;
#2747=ORIENTED_EDGE('',*,*,#2742,.F.) ;
#2756=ORIENTED_EDGE('',*,*,#2730,.T.) ;
#2757=ORIENTED_EDGE('',*,*,#2742,.T.) ;
#2760=ORIENTED_EDGE('',*,*,#2613,.F.) ;
#2761=ORIENTED_EDGE('',*,*,#2591,.F.) ;
#2789=ORIENTED_EDGE('',*,*,#2775,.F.) ;
#2790=ORIENTED_EDGE('',*,*,#2529,.T.) ;
#2791=ORIENTED_EDGE('',*,*,#2782,.T.) ;
#2792=ORIENTED_EDGE('',*,*,#2787,.F.) ;
#2801=ORIENTED_EDGE('',*,*,#2782,.F.) ;
#2802=ORIENTED_EDGE('',*,*,#2524,.T.) ;
#2803=ORIENTED_EDGE('',*,*,#2775,.T.) ;
#2804=ORIENTED_EDGE('',*,*,#2799,.F.) ;
#2808=ORIENTED_EDGE('',*,*,#2787,.T.) ;
#2809=ORIENTED_EDGE('',*,*,#2799,.T.) ;
#2812=ORIENTED_EDGE('',*,*,#2656,.F.) ;
#2813=ORIENTED_EDGE('',*,*,#2634,.F.) ;
#2841=ORIENTED_EDGE('',*,*,#2827,.F.) ;
#2842=ORIENTED_EDGE('',*,*,#2475,.T.) ;
#2843=ORIENTED_EDGE('',*,*,#2834,.T.) ;
#2844=ORIENTED_EDGE('',*,*,#2839,.F.) ;
#2853=ORIENTED_EDGE('',*,*,#2834,.F.) ;
#2854=ORIENTED_EDGE('',*,*,#2470,.T.) ;
#2855=ORIENTED_EDGE('',*,*,#2827,.T.) ;
#2856=ORIENTED_EDGE('',*,*,#2851,.F.) ;
#2860=ORIENTED_EDGE('',*,*,#2839,.T.) ;
#2861=ORIENTED_EDGE('',*,*,#2851,.T.) ;
#2864=ORIENTED_EDGE('',*,*,#2570,.F.) ;
#2865=ORIENTED_EDGE('',*,*,#2548,.F.) ;
#2893=ORIENTED_EDGE('',*,*,#2879,.F.) ;
#2894=ORIENTED_EDGE('',*,*,#2511,.T.) ;
#2895=ORIENTED_EDGE('',*,*,#2886,.T.) ;
#2896=ORIENTED_EDGE('',*,*,#2891,.F.) ;
#2905=ORIENTED_EDGE('',*,*,#2886,.F.) ;
#2906=ORIENTED_EDGE('',*,*,#2506,.T.) ;
#2907=ORIENTED_EDGE('',*,*,#2879,.T.) ;
#2908=ORIENTED_EDGE('',*,*,#2903,.F.) ;
#2912=ORIENTED_EDGE('',*,*,#2891,.T.) ;
#2913=ORIENTED_EDGE('',*,*,#2903,.T.) ;
#2916=ORIENTED_EDGE('',*,*,#2699,.F.) ;
#2917=ORIENTED_EDGE('',*,*,#2677,.F.) ;
#2981=ORIENTED_EDGE('',*,*,#2960,.F.) ;
#2982=ORIENTED_EDGE('',*,*,#2967,.T.) ;
#2983=ORIENTED_EDGE('',*,*,#2974,.T.) ;
#2984=ORIENTED_EDGE('',*,*,#2979,.F.) ;
#3012=ORIENTED_EDGE('',*,*,#2974,.F.) ;
#3013=ORIENTED_EDGE('',*,*,#2998,.T.) ;
#3014=ORIENTED_EDGE('',*,*,#3005,.T.) ;
#3015=ORIENTED_EDGE('',*,*,#3010,.F.) ;
#3043=ORIENTED_EDGE('',*,*,#3005,.F.) ;
#3044=ORIENTED_EDGE('',*,*,#3029,.T.) ;
#3045=ORIENTED_EDGE('',*,*,#3036,.T.) ;
#3046=ORIENTED_EDGE('',*,*,#3041,.F.) ;
#3065=ORIENTED_EDGE('',*,*,#3036,.F.) ;
#3066=ORIENTED_EDGE('',*,*,#3058,.T.) ;
#3067=ORIENTED_EDGE('',*,*,#2960,.T.) ;
#3068=ORIENTED_EDGE('',*,*,#3063,.F.) ;
#3105=ORIENTED_EDGE('',*,*,#3084,.T.) ;
#3106=ORIENTED_EDGE('',*,*,#3091,.F.) ;
#3107=ORIENTED_EDGE('',*,*,#3098,.F.) ;
#3108=ORIENTED_EDGE('',*,*,#3103,.T.) ;
#3122=ORIENTED_EDGE('',*,*,#3115,.T.) ;
#3123=ORIENTED_EDGE('',*,*,#3103,.F.) ;
#3124=ORIENTED_EDGE('',*,*,#3120,.F.) ;
#3125=ORIENTED_EDGE('',*,*,#3091,.T.) ;
#3162=ORIENTED_EDGE('',*,*,#3141,.T.) ;
#3163=ORIENTED_EDGE('',*,*,#3148,.F.) ;
#3164=ORIENTED_EDGE('',*,*,#3155,.F.) ;
#3165=ORIENTED_EDGE('',*,*,#3160,.T.) ;
#3179=ORIENTED_EDGE('',*,*,#3172,.T.) ;
#3180=ORIENTED_EDGE('',*,*,#3160,.F.) ;
#3181=ORIENTED_EDGE('',*,*,#3177,.F.) ;
#3182=ORIENTED_EDGE('',*,*,#3148,.T.) ;
#3191=ORIENTED_EDGE('',*,*,#3058,.F.) ;
#3192=ORIENTED_EDGE('',*,*,#3029,.F.) ;
#3193=ORIENTED_EDGE('',*,*,#2998,.F.) ;
#3194=ORIENTED_EDGE('',*,*,#2967,.F.) ;
#3197=ORIENTED_EDGE('',*,*,#3120,.T.) ;
#3198=ORIENTED_EDGE('',*,*,#3098,.T.) ;
#3201=ORIENTED_EDGE('',*,*,#3177,.T.) ;
#3202=ORIENTED_EDGE('',*,*,#3155,.T.) ;
#3211=ORIENTED_EDGE('',*,*,#2979,.T.) ;
#3212=ORIENTED_EDGE('',*,*,#3010,.T.) ;
#3213=ORIENTED_EDGE('',*,*,#3041,.T.) ;
#3214=ORIENTED_EDGE('',*,*,#3063,.T.) ;
#3217=ORIENTED_EDGE('',*,*,#3084,.F.) ;
#3218=ORIENTED_EDGE('',*,*,#3115,.F.) ;
#3221=ORIENTED_EDGE('',*,*,#3141,.F.) ;
#3222=ORIENTED_EDGE('',*,*,#3172,.F.) ;
#3339=ORIENTED_EDGE('',*,*,#3291,.F.) ;
#3340=ORIENTED_EDGE('',*,*,#3300,.T.) ;
#3341=ORIENTED_EDGE('',*,*,#3316,.F.) ;
#3342=ORIENTED_EDGE('',*,*,#3323,.T.) ;
#3343=ORIENTED_EDGE('',*,*,#3337,.F.) ;
#3379=ORIENTED_EDGE('',*,*,#3323,.F.) ;
#3380=ORIENTED_EDGE('',*,*,#3355,.T.) ;
#3381=ORIENTED_EDGE('',*,*,#3363,.F.) ;
#3382=ORIENTED_EDGE('',*,*,#3291,.T.) ;
#3383=ORIENTED_EDGE('',*,*,#3377,.F.) ;
#3439=ORIENTED_EDGE('',*,*,#3300,.F.) ;
#3440=ORIENTED_EDGE('',*,*,#3363,.T.) ;
#3441=ORIENTED_EDGE('',*,*,#3397,.T.) ;
#3442=ORIENTED_EDGE('',*,*,#3404,.T.) ;
#3443=ORIENTED_EDGE('',*,*,#3411,.F.) ;
#3444=ORIENTED_EDGE('',*,*,#3418,.F.) ;
#3445=ORIENTED_EDGE('',*,*,#3425,.F.) ;
#3446=ORIENTED_EDGE('',*,*,#3432,.F.) ;
#3447=ORIENTED_EDGE('',*,*,#3437,.T.) ;
#3498=ORIENTED_EDGE('',*,*,#3463,.T.) ;
#3499=ORIENTED_EDGE('',*,*,#3470,.T.) ;
#3500=ORIENTED_EDGE('',*,*,#3477,.T.) ;
#3501=ORIENTED_EDGE('',*,*,#3484,.T.) ;
#3502=ORIENTED_EDGE('',*,*,#3491,.T.) ;
#3503=ORIENTED_EDGE('',*,*,#3496,.T.) ;
#3520=ORIENTED_EDGE('',*,*,#3513,.F.) ;
#3521=ORIENTED_EDGE('',*,*,#3518,.F.) ;
#3538=ORIENTED_EDGE('',*,*,#3531,.F.) ;
#3539=ORIENTED_EDGE('',*,*,#3536,.F.) ;
#3556=ORIENTED_EDGE('',*,*,#3549,.F.) ;
#3557=ORIENTED_EDGE('',*,*,#3554,.F.) ;
#3574=ORIENTED_EDGE('',*,*,#3567,.F.) ;
#3575=ORIENTED_EDGE('',*,*,#3572,.F.) ;
#3592=ORIENTED_EDGE('',*,*,#3585,.F.) ;
#3593=ORIENTED_EDGE('',*,*,#3590,.F.) ;
#3610=ORIENTED_EDGE('',*,*,#3603,.F.) ;
#3611=ORIENTED_EDGE('',*,*,#3608,.F.) ;
#3628=ORIENTED_EDGE('',*,*,#3621,.F.) ;
#3629=ORIENTED_EDGE('',*,*,#3626,.F.) ;
#3646=ORIENTED_EDGE('',*,*,#3639,.F.) ;
#3647=ORIENTED_EDGE('',*,*,#3644,.F.) ;
#3706=ORIENTED_EDGE('',*,*,#3657,.F.) ;
#3707=ORIENTED_EDGE('',*,*,#3664,.F.) ;
#3708=ORIENTED_EDGE('',*,*,#3671,.F.) ;
#3709=ORIENTED_EDGE('',*,*,#3678,.F.) ;
#3710=ORIENTED_EDGE('',*,*,#3685,.F.) ;
#3711=ORIENTED_EDGE('',*,*,#3692,.F.) ;
#3712=ORIENTED_EDGE('',*,*,#3699,.F.) ;
#3713=ORIENTED_EDGE('',*,*,#3704,.F.) ;
#3772=ORIENTED_EDGE('',*,*,#3723,.F.) ;
#3773=ORIENTED_EDGE('',*,*,#3730,.F.) ;
#3774=ORIENTED_EDGE('',*,*,#3737,.F.) ;
#3775=ORIENTED_EDGE('',*,*,#3744,.F.) ;
#3776=ORIENTED_EDGE('',*,*,#3751,.F.) ;
#3777=ORIENTED_EDGE('',*,*,#3758,.F.) ;
#3778=ORIENTED_EDGE('',*,*,#3765,.F.) ;
#3779=ORIENTED_EDGE('',*,*,#3770,.F.) ;
#3838=ORIENTED_EDGE('',*,*,#3789,.F.) ;
#3839=ORIENTED_EDGE('',*,*,#3796,.F.) ;
#3840=ORIENTED_EDGE('',*,*,#3803,.F.) ;
#3841=ORIENTED_EDGE('',*,*,#3810,.F.) ;
#3842=ORIENTED_EDGE('',*,*,#3817,.F.) ;
#3843=ORIENTED_EDGE('',*,*,#3824,.F.) ;
#3844=ORIENTED_EDGE('',*,*,#3831,.F.) ;
#3845=ORIENTED_EDGE('',*,*,#3836,.F.) ;
#3895=ORIENTED_EDGE('',*,*,#3855,.F.) ;
#3896=ORIENTED_EDGE('',*,*,#3860,.F.) ;
#3897=ORIENTED_EDGE('',*,*,#3404,.F.) ;
#3898=ORIENTED_EDGE('',*,*,#3867,.F.) ;
#3899=ORIENTED_EDGE('',*,*,#3874,.F.) ;
#3900=ORIENTED_EDGE('',*,*,#3881,.F.) ;
#3901=ORIENTED_EDGE('',*,*,#3888,.F.) ;
#3902=ORIENTED_EDGE('',*,*,#3893,.F.) ;
#3961=ORIENTED_EDGE('',*,*,#3912,.F.) ;
#3962=ORIENTED_EDGE('',*,*,#3919,.F.) ;
#3963=ORIENTED_EDGE('',*,*,#3926,.F.) ;
#3964=ORIENTED_EDGE('',*,*,#3933,.F.) ;
#3965=ORIENTED_EDGE('',*,*,#3940,.F.) ;
#3966=ORIENTED_EDGE('',*,*,#3947,.F.) ;
#3967=ORIENTED_EDGE('',*,*,#3954,.F.) ;
#3968=ORIENTED_EDGE('',*,*,#3959,.F.) ;
#4027=ORIENTED_EDGE('',*,*,#3978,.F.) ;
#4028=ORIENTED_EDGE('',*,*,#3985,.F.) ;
#4029=ORIENTED_EDGE('',*,*,#3992,.F.) ;
#4030=ORIENTED_EDGE('',*,*,#3999,.F.) ;
#4031=ORIENTED_EDGE('',*,*,#4006,.F.) ;
#4032=ORIENTED_EDGE('',*,*,#4013,.F.) ;
#4033=ORIENTED_EDGE('',*,*,#4020,.F.) ;
#4034=ORIENTED_EDGE('',*,*,#4025,.F.) ;
#4062=ORIENTED_EDGE('',*,*,#4048,.F.) ;
#4063=ORIENTED_EDGE('',*,*,#4055,.T.) ;
#4064=ORIENTED_EDGE('',*,*,#4060,.T.) ;
#4065=ORIENTED_EDGE('',*,*,#3491,.F.) ;
#4144=ORIENTED_EDGE('',*,*,#4081,.F.) ;
#4145=ORIENTED_EDGE('',*,*,#4088,.T.) ;
#4146=ORIENTED_EDGE('',*,*,#4095,.T.) ;
#4147=ORIENTED_EDGE('',*,*,#4102,.T.) ;
#4148=ORIENTED_EDGE('',*,*,#4109,.F.) ;
#4149=ORIENTED_EDGE('',*,*,#4116,.F.) ;
#4150=ORIENTED_EDGE('',*,*,#4123,.F.) ;
#4151=ORIENTED_EDGE('',*,*,#4130,.T.) ;
#4152=ORIENTED_EDGE('',*,*,#4137,.T.) ;
#4153=ORIENTED_EDGE('',*,*,#4142,.T.) ;
#4170=ORIENTED_EDGE('',*,*,#4163,.T.) ;
#4171=ORIENTED_EDGE('',*,*,#4168,.T.) ;
#4199=ORIENTED_EDGE('',*,*,#4185,.T.) ;
#4200=ORIENTED_EDGE('',*,*,#4192,.F.) ;
#4201=ORIENTED_EDGE('',*,*,#4197,.F.) ;
#4202=ORIENTED_EDGE('',*,*,#4109,.T.) ;
#4276=ORIENTED_EDGE('',*,*,#4213,.F.) ;
#4277=ORIENTED_EDGE('',*,*,#4220,.F.) ;
#4278=ORIENTED_EDGE('',*,*,#4227,.T.) ;
#4279=ORIENTED_EDGE('',*,*,#4234,.T.) ;
#4280=ORIENTED_EDGE('',*,*,#4241,.F.) ;
#4281=ORIENTED_EDGE('',*,*,#4248,.F.) ;
#4282=ORIENTED_EDGE('',*,*,#4255,.F.) ;
#4283=ORIENTED_EDGE('',*,*,#4262,.T.) ;
#4284=ORIENTED_EDGE('',*,*,#4269,.T.) ;
#4285=ORIENTED_EDGE('',*,*,#4274,.F.) ;
#4302=ORIENTED_EDGE('',*,*,#4295,.T.) ;
#4303=ORIENTED_EDGE('',*,*,#4300,.T.) ;
#4331=ORIENTED_EDGE('',*,*,#4317,.T.) ;
#4332=ORIENTED_EDGE('',*,*,#4324,.F.) ;
#4333=ORIENTED_EDGE('',*,*,#4329,.F.) ;
#4334=ORIENTED_EDGE('',*,*,#4241,.T.) ;
#4371=ORIENTED_EDGE('',*,*,#4350,.F.) ;
#4372=ORIENTED_EDGE('',*,*,#4357,.T.) ;
#4373=ORIENTED_EDGE('',*,*,#4364,.T.) ;
#4374=ORIENTED_EDGE('',*,*,#4369,.F.) ;
#4402=ORIENTED_EDGE('',*,*,#4388,.F.) ;
#4403=ORIENTED_EDGE('',*,*,#4213,.T.) ;
#4404=ORIENTED_EDGE('',*,*,#4395,.T.) ;
#4405=ORIENTED_EDGE('',*,*,#4400,.F.) ;
#4433=ORIENTED_EDGE('',*,*,#4419,.F.) ;
#4434=ORIENTED_EDGE('',*,*,#4081,.T.) ;
#4435=ORIENTED_EDGE('',*,*,#4426,.T.) ;
#4436=ORIENTED_EDGE('',*,*,#4431,.F.) ;
#4462=ORIENTED_EDGE('',*,*,#4450,.F.) ;
#4463=ORIENTED_EDGE('',*,*,#4255,.T.) ;
#4464=ORIENTED_EDGE('',*,*,#4455,.T.) ;
#4465=ORIENTED_EDGE('',*,*,#4460,.F.) ;
#4502=ORIENTED_EDGE('',*,*,#4481,.F.) ;
#4503=ORIENTED_EDGE('',*,*,#4488,.T.) ;
#4504=ORIENTED_EDGE('',*,*,#4495,.T.) ;
#4505=ORIENTED_EDGE('',*,*,#4500,.F.) ;
#4533=ORIENTED_EDGE('',*,*,#4519,.F.) ;
#4534=ORIENTED_EDGE('',*,*,#4123,.T.) ;
#4535=ORIENTED_EDGE('',*,*,#4526,.T.) ;
#4536=ORIENTED_EDGE('',*,*,#4531,.F.) ;
#4564=ORIENTED_EDGE('',*,*,#4552,.F.) ;
#4565=ORIENTED_EDGE('',*,*,#4557,.T.) ;
#4566=ORIENTED_EDGE('',*,*,#4025,.T.) ;
#4567=ORIENTED_EDGE('',*,*,#4562,.F.) ;
#4588=ORIENTED_EDGE('',*,*,#4581,.F.) ;
#4589=ORIENTED_EDGE('',*,*,#4562,.T.) ;
#4590=ORIENTED_EDGE('',*,*,#4020,.T.) ;
#4591=ORIENTED_EDGE('',*,*,#4586,.F.) ;
#4612=ORIENTED_EDGE('',*,*,#4586,.T.) ;
#4613=ORIENTED_EDGE('',*,*,#4013,.T.) ;
#4614=ORIENTED_EDGE('',*,*,#4605,.F.) ;
#4615=ORIENTED_EDGE('',*,*,#4610,.T.) ;
#4643=ORIENTED_EDGE('',*,*,#4631,.F.) ;
#4644=ORIENTED_EDGE('',*,*,#4636,.F.) ;
#4645=ORIENTED_EDGE('',*,*,#4605,.T.) ;
#4646=ORIENTED_EDGE('',*,*,#4006,.T.) ;
#4647=ORIENTED_EDGE('',*,*,#4641,.F.) ;
#4666=ORIENTED_EDGE('',*,*,#4419,.T.) ;
#4667=ORIENTED_EDGE('',*,*,#4659,.F.) ;
#4668=ORIENTED_EDGE('',*,*,#4641,.T.) ;
#4669=ORIENTED_EDGE('',*,*,#3999,.T.) ;
#4670=ORIENTED_EDGE('',*,*,#4664,.F.) ;
#4671=ORIENTED_EDGE('',*,*,#4088,.F.) ;
#4692=ORIENTED_EDGE('',*,*,#4685,.F.) ;
#4693=ORIENTED_EDGE('',*,*,#4690,.T.) ;
#4694=ORIENTED_EDGE('',*,*,#3978,.T.) ;
#4695=ORIENTED_EDGE('',*,*,#4557,.F.) ;
#4728=ORIENTED_EDGE('',*,*,#4709,.T.) ;
#4729=ORIENTED_EDGE('',*,*,#3959,.T.) ;
#4730=ORIENTED_EDGE('',*,*,#4716,.F.) ;
#4731=ORIENTED_EDGE('',*,*,#4721,.T.) ;
#4732=ORIENTED_EDGE('',*,*,#4364,.F.) ;
#4733=ORIENTED_EDGE('',*,*,#4726,.F.) ;
#4761=ORIENTED_EDGE('',*,*,#4747,.F.) ;
#4762=ORIENTED_EDGE('',*,*,#4716,.T.) ;
#4763=ORIENTED_EDGE('',*,*,#3954,.T.) ;
#4764=ORIENTED_EDGE('',*,*,#4754,.F.) ;
#4765=ORIENTED_EDGE('',*,*,#4759,.F.) ;
#4781=ORIENTED_EDGE('',*,*,#4754,.T.) ;
#4782=ORIENTED_EDGE('',*,*,#3947,.T.) ;
#4783=ORIENTED_EDGE('',*,*,#4774,.F.) ;
#4784=ORIENTED_EDGE('',*,*,#4779,.T.) ;
#4805=ORIENTED_EDGE('',*,*,#4798,.F.) ;
#4806=ORIENTED_EDGE('',*,*,#4774,.T.) ;
#4807=ORIENTED_EDGE('',*,*,#3940,.T.) ;
#4808=ORIENTED_EDGE('',*,*,#4803,.F.) ;
#4829=ORIENTED_EDGE('',*,*,#4803,.T.) ;
#4830=ORIENTED_EDGE('',*,*,#3933,.T.) ;
#4831=ORIENTED_EDGE('',*,*,#4822,.F.) ;
#4832=ORIENTED_EDGE('',*,*,#4827,.T.) ;
#4853=ORIENTED_EDGE('',*,*,#4846,.F.) ;
#4854=ORIENTED_EDGE('',*,*,#4822,.T.) ;
#4855=ORIENTED_EDGE('',*,*,#3926,.T.) ;
#4856=ORIENTED_EDGE('',*,*,#4851,.F.) ;
#4882=ORIENTED_EDGE('',*,*,#4481,.T.) ;
#4883=ORIENTED_EDGE('',*,*,#4868,.F.) ;
#4884=ORIENTED_EDGE('',*,*,#4851,.T.) ;
#4885=ORIENTED_EDGE('',*,*,#3919,.T.) ;
#4886=ORIENTED_EDGE('',*,*,#4875,.F.) ;
#4887=ORIENTED_EDGE('',*,*,#4880,.F.) ;
#4901=ORIENTED_EDGE('',*,*,#3912,.T.) ;
#4902=ORIENTED_EDGE('',*,*,#4709,.F.) ;
#4903=ORIENTED_EDGE('',*,*,#4899,.F.) ;
#4904=ORIENTED_EDGE('',*,*,#4875,.T.) ;
#4932=ORIENTED_EDGE('',*,*,#4920,.F.) ;
#4933=ORIENTED_EDGE('',*,*,#4925,.T.) ;
#4934=ORIENTED_EDGE('',*,*,#3893,.T.) ;
#4935=ORIENTED_EDGE('',*,*,#4930,.F.) ;
#4956=ORIENTED_EDGE('',*,*,#4930,.T.) ;
#4957=ORIENTED_EDGE('',*,*,#3888,.T.) ;
#4958=ORIENTED_EDGE('',*,*,#4949,.F.) ;
#4959=ORIENTED_EDGE('',*,*,#4954,.T.) ;
#4987=ORIENTED_EDGE('',*,*,#4975,.F.) ;
#4988=ORIENTED_EDGE('',*,*,#4980,.F.) ;
#4989=ORIENTED_EDGE('',*,*,#4949,.T.) ;
#4990=ORIENTED_EDGE('',*,*,#3881,.T.) ;
#4991=ORIENTED_EDGE('',*,*,#4985,.F.) ;
#5017=ORIENTED_EDGE('',*,*,#4350,.T.) ;
#5018=ORIENTED_EDGE('',*,*,#5003,.F.) ;
#5019=ORIENTED_EDGE('',*,*,#4985,.T.) ;
#5020=ORIENTED_EDGE('',*,*,#3874,.T.) ;
#5021=ORIENTED_EDGE('',*,*,#5010,.F.) ;
#5022=ORIENTED_EDGE('',*,*,#5015,.F.) ;
#5038=ORIENTED_EDGE('',*,*,#5031,.T.) ;
#5039=ORIENTED_EDGE('',*,*,#3855,.T.) ;
#5040=ORIENTED_EDGE('',*,*,#4925,.F.) ;
#5041=ORIENTED_EDGE('',*,*,#5036,.T.) ;
#5069=ORIENTED_EDGE('',*,*,#5057,.F.) ;
#5070=ORIENTED_EDGE('',*,*,#5062,.T.) ;
#5071=ORIENTED_EDGE('',*,*,#3836,.T.) ;
#5072=ORIENTED_EDGE('',*,*,#5067,.F.) ;
#5088=ORIENTED_EDGE('',*,*,#5081,.F.) ;
#5089=ORIENTED_EDGE('',*,*,#5067,.T.) ;
#5090=ORIENTED_EDGE('',*,*,#3831,.T.) ;
#5091=ORIENTED_EDGE('',*,*,#5086,.F.) ;
#5112=ORIENTED_EDGE('',*,*,#5105,.F.) ;
#5113=ORIENTED_EDGE('',*,*,#5086,.T.) ;
#5114=ORIENTED_EDGE('',*,*,#3824,.T.) ;
#5115=ORIENTED_EDGE('',*,*,#5110,.F.) ;
#5129=ORIENTED_EDGE('',*,*,#4519,.T.) ;
#5130=ORIENTED_EDGE('',*,*,#5122,.F.) ;
#5131=ORIENTED_EDGE('',*,*,#5110,.T.) ;
#5132=ORIENTED_EDGE('',*,*,#3817,.T.) ;
#5133=ORIENTED_EDGE('',*,*,#5127,.F.) ;
#5134=ORIENTED_EDGE('',*,*,#4130,.F.) ;
#5148=ORIENTED_EDGE('',*,*,#3810,.T.) ;
#5149=ORIENTED_EDGE('',*,*,#5146,.F.) ;
#5150=ORIENTED_EDGE('',*,*,#4137,.F.) ;
#5151=ORIENTED_EDGE('',*,*,#5127,.T.) ;
#5172=ORIENTED_EDGE('',*,*,#5146,.T.) ;
#5173=ORIENTED_EDGE('',*,*,#3803,.T.) ;
#5174=ORIENTED_EDGE('',*,*,#5165,.F.) ;
#5175=ORIENTED_EDGE('',*,*,#5170,.T.) ;
#5176=ORIENTED_EDGE('',*,*,#4426,.F.) ;
#5177=ORIENTED_EDGE('',*,*,#4142,.F.) ;
#5205=ORIENTED_EDGE('',*,*,#5191,.F.) ;
#5206=ORIENTED_EDGE('',*,*,#5165,.T.) ;
#5207=ORIENTED_EDGE('',*,*,#3796,.T.) ;
#5208=ORIENTED_EDGE('',*,*,#5198,.F.) ;
#5209=ORIENTED_EDGE('',*,*,#5203,.F.) ;
#5218=ORIENTED_EDGE('',*,*,#5198,.T.) ;
#5219=ORIENTED_EDGE('',*,*,#3789,.T.) ;
#5220=ORIENTED_EDGE('',*,*,#5062,.F.) ;
#5221=ORIENTED_EDGE('',*,*,#5216,.T.) ;
#5249=ORIENTED_EDGE('',*,*,#5237,.F.) ;
#5250=ORIENTED_EDGE('',*,*,#5242,.T.) ;
#5251=ORIENTED_EDGE('',*,*,#3758,.T.) ;
#5252=ORIENTED_EDGE('',*,*,#5247,.F.) ;
#5268=ORIENTED_EDGE('',*,*,#5247,.T.) ;
#5269=ORIENTED_EDGE('',*,*,#3751,.T.) ;
#5270=ORIENTED_EDGE('',*,*,#5261,.F.) ;
#5271=ORIENTED_EDGE('',*,*,#5266,.T.) ;
#5292=ORIENTED_EDGE('',*,*,#5285,.F.) ;
#5293=ORIENTED_EDGE('',*,*,#5261,.T.) ;
#5294=ORIENTED_EDGE('',*,*,#3744,.T.) ;
#5295=ORIENTED_EDGE('',*,*,#5290,.F.) ;
#5311=ORIENTED_EDGE('',*,*,#5290,.T.) ;
#5312=ORIENTED_EDGE('',*,*,#3737,.T.) ;
#5313=ORIENTED_EDGE('',*,*,#5304,.F.) ;
#5314=ORIENTED_EDGE('',*,*,#5309,.T.) ;
#5342=ORIENTED_EDGE('',*,*,#5330,.F.) ;
#5343=ORIENTED_EDGE('',*,*,#5335,.F.) ;
#5344=ORIENTED_EDGE('',*,*,#5304,.T.) ;
#5345=ORIENTED_EDGE('',*,*,#3730,.T.) ;
#5346=ORIENTED_EDGE('',*,*,#5340,.F.) ;
#5360=ORIENTED_EDGE('',*,*,#4388,.T.) ;
#5361=ORIENTED_EDGE('',*,*,#5353,.T.) ;
#5362=ORIENTED_EDGE('',*,*,#5340,.T.) ;
#5363=ORIENTED_EDGE('',*,*,#3723,.T.) ;
#5364=ORIENTED_EDGE('',*,*,#5358,.F.) ;
#5365=ORIENTED_EDGE('',*,*,#4220,.T.) ;
#5393=ORIENTED_EDGE('',*,*,#5381,.F.) ;
#5394=ORIENTED_EDGE('',*,*,#5386,.T.) ;
#5395=ORIENTED_EDGE('',*,*,#3704,.T.) ;
#5396=ORIENTED_EDGE('',*,*,#5391,.F.) ;
#5410=ORIENTED_EDGE('',*,*,#4450,.T.) ;
#5411=ORIENTED_EDGE('',*,*,#5403,.F.) ;
#5412=ORIENTED_EDGE('',*,*,#5391,.T.) ;
#5413=ORIENTED_EDGE('',*,*,#3699,.T.) ;
#5414=ORIENTED_EDGE('',*,*,#5408,.F.) ;
#5415=ORIENTED_EDGE('',*,*,#4262,.F.) ;
#5429=ORIENTED_EDGE('',*,*,#3692,.T.) ;
#5430=ORIENTED_EDGE('',*,*,#5427,.F.) ;
#5431=ORIENTED_EDGE('',*,*,#4269,.F.) ;
#5432=ORIENTED_EDGE('',*,*,#5408,.T.) ;
#5448=ORIENTED_EDGE('',*,*,#5427,.T.) ;
#5449=ORIENTED_EDGE('',*,*,#3685,.T.) ;
#5450=ORIENTED_EDGE('',*,*,#5441,.F.) ;
#5451=ORIENTED_EDGE('',*,*,#5446,.F.) ;
#5452=ORIENTED_EDGE('',*,*,#4395,.F.) ;
#5453=ORIENTED_EDGE('',*,*,#4274,.T.) ;
#5481=ORIENTED_EDGE('',*,*,#5467,.F.) ;
#5482=ORIENTED_EDGE('',*,*,#5441,.T.) ;
#5483=ORIENTED_EDGE('',*,*,#3678,.T.) ;
#5484=ORIENTED_EDGE('',*,*,#5474,.F.) ;
#5485=ORIENTED_EDGE('',*,*,#5479,.F.) ;
#5501=ORIENTED_EDGE('',*,*,#5474,.T.) ;
#5502=ORIENTED_EDGE('',*,*,#3671,.T.) ;
#5503=ORIENTED_EDGE('',*,*,#5494,.F.) ;
#5504=ORIENTED_EDGE('',*,*,#5499,.T.) ;
#5525=ORIENTED_EDGE('',*,*,#5518,.F.) ;
#5526=ORIENTED_EDGE('',*,*,#5494,.T.) ;
#5527=ORIENTED_EDGE('',*,*,#3664,.T.) ;
#5528=ORIENTED_EDGE('',*,*,#5523,.F.) ;
#5537=ORIENTED_EDGE('',*,*,#5535,.F.) ;
#5538=ORIENTED_EDGE('',*,*,#5523,.T.) ;
#5539=ORIENTED_EDGE('',*,*,#3657,.T.) ;
#5540=ORIENTED_EDGE('',*,*,#5386,.F.) ;
#5568=ORIENTED_EDGE('',*,*,#3644,.T.) ;
#5569=ORIENTED_EDGE('',*,*,#5554,.F.) ;
#5570=ORIENTED_EDGE('',*,*,#5561,.F.) ;
#5571=ORIENTED_EDGE('',*,*,#5566,.T.) ;
#5580=ORIENTED_EDGE('',*,*,#3639,.T.) ;
#5581=ORIENTED_EDGE('',*,*,#5566,.F.) ;
#5582=ORIENTED_EDGE('',*,*,#5578,.F.) ;
#5583=ORIENTED_EDGE('',*,*,#5554,.T.) ;
#5611=ORIENTED_EDGE('',*,*,#3626,.T.) ;
#5612=ORIENTED_EDGE('',*,*,#5597,.F.) ;
#5613=ORIENTED_EDGE('',*,*,#5604,.F.) ;
#5614=ORIENTED_EDGE('',*,*,#5609,.T.) ;
#5623=ORIENTED_EDGE('',*,*,#3621,.T.) ;
#5624=ORIENTED_EDGE('',*,*,#5609,.F.) ;
#5625=ORIENTED_EDGE('',*,*,#5621,.F.) ;
#5626=ORIENTED_EDGE('',*,*,#5597,.T.) ;
#5654=ORIENTED_EDGE('',*,*,#3608,.T.) ;
#5655=ORIENTED_EDGE('',*,*,#5640,.F.) ;
#5656=ORIENTED_EDGE('',*,*,#5647,.F.) ;
#5657=ORIENTED_EDGE('',*,*,#5652,.T.) ;
#5666=ORIENTED_EDGE('',*,*,#3603,.T.) ;
#5667=ORIENTED_EDGE('',*,*,#5652,.F.) ;
#5668=ORIENTED_EDGE('',*,*,#5664,.F.) ;
#5669=ORIENTED_EDGE('',*,*,#5640,.T.) ;
#5697=ORIENTED_EDGE('',*,*,#3590,.T.) ;
#5698=ORIENTED_EDGE('',*,*,#5683,.F.) ;
#5699=ORIENTED_EDGE('',*,*,#5690,.F.) ;
#5700=ORIENTED_EDGE('',*,*,#5695,.T.) ;
#5709=ORIENTED_EDGE('',*,*,#3585,.T.) ;
#5710=ORIENTED_EDGE('',*,*,#5695,.F.) ;
#5711=ORIENTED_EDGE('',*,*,#5707,.F.) ;
#5712=ORIENTED_EDGE('',*,*,#5683,.T.) ;
#5740=ORIENTED_EDGE('',*,*,#3572,.T.) ;
#5741=ORIENTED_EDGE('',*,*,#5726,.F.) ;
#5742=ORIENTED_EDGE('',*,*,#5733,.F.) ;
#5743=ORIENTED_EDGE('',*,*,#5738,.T.) ;
#5752=ORIENTED_EDGE('',*,*,#3567,.T.) ;
#5753=ORIENTED_EDGE('',*,*,#5738,.F.) ;
#5754=ORIENTED_EDGE('',*,*,#5750,.F.) ;
#5755=ORIENTED_EDGE('',*,*,#5726,.T.) ;
#5783=ORIENTED_EDGE('',*,*,#3554,.T.) ;
#5784=ORIENTED_EDGE('',*,*,#5769,.F.) ;
#5785=ORIENTED_EDGE('',*,*,#5776,.F.) ;
#5786=ORIENTED_EDGE('',*,*,#5781,.T.) ;
#5795=ORIENTED_EDGE('',*,*,#3549,.T.) ;
#5796=ORIENTED_EDGE('',*,*,#5781,.F.) ;
#5797=ORIENTED_EDGE('',*,*,#5793,.F.) ;
#5798=ORIENTED_EDGE('',*,*,#5769,.T.) ;
#5817=ORIENTED_EDGE('',*,*,#3536,.T.) ;
#5818=ORIENTED_EDGE('',*,*,#5810,.F.) ;
#5819=ORIENTED_EDGE('',*,*,#4300,.F.) ;
#5820=ORIENTED_EDGE('',*,*,#5815,.T.) ;
#5824=ORIENTED_EDGE('',*,*,#3531,.T.) ;
#5825=ORIENTED_EDGE('',*,*,#5815,.F.) ;
#5826=ORIENTED_EDGE('',*,*,#4295,.F.) ;
#5827=ORIENTED_EDGE('',*,*,#5810,.T.) ;
#5846=ORIENTED_EDGE('',*,*,#3518,.T.) ;
#5847=ORIENTED_EDGE('',*,*,#5839,.F.) ;
#5848=ORIENTED_EDGE('',*,*,#4168,.F.) ;
#5849=ORIENTED_EDGE('',*,*,#5844,.T.) ;
#5853=ORIENTED_EDGE('',*,*,#3513,.T.) ;
#5854=ORIENTED_EDGE('',*,*,#5844,.F.) ;
#5855=ORIENTED_EDGE('',*,*,#4163,.F.) ;
#5856=ORIENTED_EDGE('',*,*,#5839,.T.) ;
#5870=ORIENTED_EDGE('',*,*,#5868,.F.) ;
#5871=ORIENTED_EDGE('',*,*,#3411,.T.) ;
#5872=ORIENTED_EDGE('',*,*,#3860,.T.) ;
#5873=ORIENTED_EDGE('',*,*,#5031,.F.) ;
#5907=ORIENTED_EDGE('',*,*,#5057,.T.) ;
#5908=ORIENTED_EDGE('',*,*,#5081,.T.) ;
#5909=ORIENTED_EDGE('',*,*,#5105,.T.) ;
#5910=ORIENTED_EDGE('',*,*,#5122,.T.) ;
#5911=ORIENTED_EDGE('',*,*,#4531,.T.) ;
#5912=ORIENTED_EDGE('',*,*,#5885,.F.) ;
#5913=ORIENTED_EDGE('',*,*,#4324,.T.) ;
#5914=ORIENTED_EDGE('',*,*,#5890,.T.) ;
#5915=ORIENTED_EDGE('',*,*,#5237,.T.) ;
#5916=ORIENTED_EDGE('',*,*,#5266,.F.) ;
#5917=ORIENTED_EDGE('',*,*,#5285,.T.) ;
#5918=ORIENTED_EDGE('',*,*,#5309,.F.) ;
#5919=ORIENTED_EDGE('',*,*,#5335,.T.) ;
#5920=ORIENTED_EDGE('',*,*,#5330,.T.) ;
#5921=ORIENTED_EDGE('',*,*,#5353,.F.) ;
#5922=ORIENTED_EDGE('',*,*,#4400,.T.) ;
#5923=ORIENTED_EDGE('',*,*,#5446,.T.) ;
#5924=ORIENTED_EDGE('',*,*,#5467,.T.) ;
#5925=ORIENTED_EDGE('',*,*,#5479,.T.) ;
#5926=ORIENTED_EDGE('',*,*,#5499,.F.) ;
#5927=ORIENTED_EDGE('',*,*,#5518,.T.) ;
#5928=ORIENTED_EDGE('',*,*,#5535,.T.) ;
#5929=ORIENTED_EDGE('',*,*,#5381,.T.) ;
#5930=ORIENTED_EDGE('',*,*,#5403,.T.) ;
#5931=ORIENTED_EDGE('',*,*,#4460,.T.) ;
#5932=ORIENTED_EDGE('',*,*,#4055,.F.) ;
#5933=ORIENTED_EDGE('',*,*,#5895,.T.) ;
#5934=ORIENTED_EDGE('',*,*,#3418,.T.) ;
#5935=ORIENTED_EDGE('',*,*,#5868,.T.) ;
#5936=ORIENTED_EDGE('',*,*,#5036,.F.) ;
#5937=ORIENTED_EDGE('',*,*,#4920,.T.) ;
#5938=ORIENTED_EDGE('',*,*,#4954,.F.) ;
#5939=ORIENTED_EDGE('',*,*,#4980,.T.) ;
#5940=ORIENTED_EDGE('',*,*,#4975,.T.) ;
#5941=ORIENTED_EDGE('',*,*,#5003,.T.) ;
#5942=ORIENTED_EDGE('',*,*,#4369,.T.) ;
#5943=ORIENTED_EDGE('',*,*,#4721,.F.) ;
#5944=ORIENTED_EDGE('',*,*,#4747,.T.) ;
#5945=ORIENTED_EDGE('',*,*,#4759,.T.) ;
#5946=ORIENTED_EDGE('',*,*,#4779,.F.) ;
#5947=ORIENTED_EDGE('',*,*,#4798,.T.) ;
#5948=ORIENTED_EDGE('',*,*,#4827,.F.) ;
#5949=ORIENTED_EDGE('',*,*,#4846,.T.) ;
#5950=ORIENTED_EDGE('',*,*,#4868,.T.) ;
#5951=ORIENTED_EDGE('',*,*,#4500,.T.) ;
#5952=ORIENTED_EDGE('',*,*,#5900,.F.) ;
#5953=ORIENTED_EDGE('',*,*,#4192,.T.) ;
#5954=ORIENTED_EDGE('',*,*,#5905,.T.) ;
#5955=ORIENTED_EDGE('',*,*,#4685,.T.) ;
#5956=ORIENTED_EDGE('',*,*,#4552,.T.) ;
#5957=ORIENTED_EDGE('',*,*,#4581,.T.) ;
#5958=ORIENTED_EDGE('',*,*,#4610,.F.) ;
#5959=ORIENTED_EDGE('',*,*,#4636,.T.) ;
#5960=ORIENTED_EDGE('',*,*,#4631,.T.) ;
#5961=ORIENTED_EDGE('',*,*,#4659,.T.) ;
#5962=ORIENTED_EDGE('',*,*,#4431,.T.) ;
#5963=ORIENTED_EDGE('',*,*,#5170,.F.) ;
#5964=ORIENTED_EDGE('',*,*,#5191,.T.) ;
#5965=ORIENTED_EDGE('',*,*,#5203,.T.) ;
#5966=ORIENTED_EDGE('',*,*,#5216,.F.) ;
#5969=ORIENTED_EDGE('',*,*,#5690,.T.) ;
#5970=ORIENTED_EDGE('',*,*,#5707,.T.) ;
#5973=ORIENTED_EDGE('',*,*,#5578,.T.) ;
#5974=ORIENTED_EDGE('',*,*,#5561,.T.) ;
#5977=ORIENTED_EDGE('',*,*,#5733,.T.) ;
#5978=ORIENTED_EDGE('',*,*,#5750,.T.) ;
#5981=ORIENTED_EDGE('',*,*,#5647,.T.) ;
#5982=ORIENTED_EDGE('',*,*,#5664,.T.) ;
#5985=ORIENTED_EDGE('',*,*,#5604,.T.) ;
#5986=ORIENTED_EDGE('',*,*,#5621,.T.) ;
#6007=ORIENTED_EDGE('',*,*,#3425,.T.) ;
#6008=ORIENTED_EDGE('',*,*,#5895,.F.) ;
#6009=ORIENTED_EDGE('',*,*,#6000,.F.) ;
#6010=ORIENTED_EDGE('',*,*,#6005,.T.) ;
#6024=ORIENTED_EDGE('',*,*,#4357,.F.) ;
#6025=ORIENTED_EDGE('',*,*,#5015,.T.) ;
#6026=ORIENTED_EDGE('',*,*,#6017,.T.) ;
#6027=ORIENTED_EDGE('',*,*,#3432,.T.) ;
#6028=ORIENTED_EDGE('',*,*,#6005,.F.) ;
#6029=ORIENTED_EDGE('',*,*,#6022,.F.) ;
#6030=ORIENTED_EDGE('',*,*,#4488,.F.) ;
#6031=ORIENTED_EDGE('',*,*,#4880,.T.) ;
#6032=ORIENTED_EDGE('',*,*,#4899,.T.) ;
#6033=ORIENTED_EDGE('',*,*,#4726,.T.) ;
#6036=ORIENTED_EDGE('',*,*,#5793,.T.) ;
#6037=ORIENTED_EDGE('',*,*,#5776,.T.) ;
#6046=ORIENTED_EDGE('',*,*,#3355,.F.) ;
#6047=ORIENTED_EDGE('',*,*,#3316,.T.) ;
#6048=ORIENTED_EDGE('',*,*,#3437,.F.) ;
#6049=ORIENTED_EDGE('',*,*,#6017,.F.) ;
#6050=ORIENTED_EDGE('',*,*,#5010,.T.) ;
#6051=ORIENTED_EDGE('',*,*,#3867,.T.) ;
#6052=ORIENTED_EDGE('',*,*,#3397,.F.) ;
#6061=ORIENTED_EDGE('',*,*,#5885,.T.) ;
#6062=ORIENTED_EDGE('',*,*,#4526,.F.) ;
#6063=ORIENTED_EDGE('',*,*,#4116,.T.) ;
#6064=ORIENTED_EDGE('',*,*,#4197,.T.) ;
#6065=ORIENTED_EDGE('',*,*,#5900,.T.) ;
#6066=ORIENTED_EDGE('',*,*,#4495,.F.) ;
#6067=ORIENTED_EDGE('',*,*,#6022,.T.) ;
#6068=ORIENTED_EDGE('',*,*,#6000,.T.) ;
#6069=ORIENTED_EDGE('',*,*,#4048,.T.) ;
#6070=ORIENTED_EDGE('',*,*,#3484,.F.) ;
#6071=ORIENTED_EDGE('',*,*,#3477,.F.) ;
#6072=ORIENTED_EDGE('',*,*,#3470,.F.) ;
#6073=ORIENTED_EDGE('',*,*,#3463,.F.) ;
#6074=ORIENTED_EDGE('',*,*,#3496,.F.) ;
#6075=ORIENTED_EDGE('',*,*,#4060,.F.) ;
#6076=ORIENTED_EDGE('',*,*,#4455,.F.) ;
#6077=ORIENTED_EDGE('',*,*,#4248,.T.) ;
#6078=ORIENTED_EDGE('',*,*,#4329,.T.) ;
#6081=ORIENTED_EDGE('',*,*,#3337,.T.) ;
#6082=ORIENTED_EDGE('',*,*,#3377,.T.) ;
#6117=ORIENTED_EDGE('',*,*,#6101,.T.) ;
#6118=ORIENTED_EDGE('',*,*,#6115,.T.) ;
#6153=ORIENTED_EDGE('',*,*,#6137,.T.) ;
#6154=ORIENTED_EDGE('',*,*,#6151,.T.) ;
#6189=ORIENTED_EDGE('',*,*,#6167,.F.) ;
#6190=ORIENTED_EDGE('',*,*,#6177,.T.) ;
#6191=ORIENTED_EDGE('',*,*,#6182,.T.) ;
#6192=ORIENTED_EDGE('',*,*,#3765,.T.) ;
#6193=ORIENTED_EDGE('',*,*,#5242,.F.) ;
#6194=ORIENTED_EDGE('',*,*,#5890,.F.) ;
#6195=ORIENTED_EDGE('',*,*,#4317,.F.) ;
#6196=ORIENTED_EDGE('',*,*,#4234,.F.) ;
#6197=ORIENTED_EDGE('',*,*,#6187,.T.) ;
#6230=ORIENTED_EDGE('',*,*,#6214,.F.) ;
#6231=ORIENTED_EDGE('',*,*,#6228,.T.) ;
#6232=ORIENTED_EDGE('',*,*,#6187,.F.) ;
#6233=ORIENTED_EDGE('',*,*,#4227,.F.) ;
#6234=ORIENTED_EDGE('',*,*,#5358,.T.) ;
#6235=ORIENTED_EDGE('',*,*,#3770,.T.) ;
#6236=ORIENTED_EDGE('',*,*,#6182,.F.) ;
#6271=ORIENTED_EDGE('',*,*,#6249,.F.) ;
#6272=ORIENTED_EDGE('',*,*,#6259,.T.) ;
#6273=ORIENTED_EDGE('',*,*,#6264,.T.) ;
#6274=ORIENTED_EDGE('',*,*,#3985,.T.) ;
#6275=ORIENTED_EDGE('',*,*,#4690,.F.) ;
#6276=ORIENTED_EDGE('',*,*,#5905,.F.) ;
#6277=ORIENTED_EDGE('',*,*,#4185,.F.) ;
#6278=ORIENTED_EDGE('',*,*,#4102,.F.) ;
#6279=ORIENTED_EDGE('',*,*,#6269,.T.) ;
#6312=ORIENTED_EDGE('',*,*,#6296,.F.) ;
#6313=ORIENTED_EDGE('',*,*,#6310,.T.) ;
#6314=ORIENTED_EDGE('',*,*,#6269,.F.) ;
#6315=ORIENTED_EDGE('',*,*,#4095,.F.) ;
#6316=ORIENTED_EDGE('',*,*,#4664,.T.) ;
#6317=ORIENTED_EDGE('',*,*,#3992,.T.) ;
#6318=ORIENTED_EDGE('',*,*,#6264,.F.) ;
#6337=ORIENTED_EDGE('',*,*,#6330,.F.) ;
#6338=ORIENTED_EDGE('',*,*,#6167,.T.) ;
#6339=ORIENTED_EDGE('',*,*,#6228,.F.) ;
#6340=ORIENTED_EDGE('',*,*,#6335,.T.) ;
#6341=ORIENTED_EDGE('',*,*,#6101,.F.) ;
#6345=ORIENTED_EDGE('',*,*,#6335,.F.) ;
#6346=ORIENTED_EDGE('',*,*,#6214,.T.) ;
#6347=ORIENTED_EDGE('',*,*,#6177,.F.) ;
#6348=ORIENTED_EDGE('',*,*,#6330,.T.) ;
#6349=ORIENTED_EDGE('',*,*,#6115,.F.) ;
#6368=ORIENTED_EDGE('',*,*,#6361,.F.) ;
#6369=ORIENTED_EDGE('',*,*,#6249,.T.) ;
#6370=ORIENTED_EDGE('',*,*,#6310,.F.) ;
#6371=ORIENTED_EDGE('',*,*,#6366,.T.) ;
#6372=ORIENTED_EDGE('',*,*,#6137,.F.) ;
#6376=ORIENTED_EDGE('',*,*,#6366,.F.) ;
#6377=ORIENTED_EDGE('',*,*,#6296,.T.) ;
#6378=ORIENTED_EDGE('',*,*,#6259,.F.) ;
#6379=ORIENTED_EDGE('',*,*,#6361,.T.) ;
#6380=ORIENTED_EDGE('',*,*,#6151,.F.) ;
#181=FACE_BOUND('',#176,.T.) ;
#215=FACE_BOUND('',#210,.T.) ;
#249=FACE_BOUND('',#244,.T.) ;
#267=FACE_BOUND('',#264,.T.) ;
#285=FACE_BOUND('',#282,.T.) ;
#303=FACE_BOUND('',#300,.T.) ;
#321=FACE_BOUND('',#318,.T.) ;
#1051=FACE_BOUND('',#1048,.T.) ;
#1144=FACE_BOUND('',#1141,.T.) ;
#1191=FACE_BOUND('',#1188,.T.) ;
#1232=FACE_BOUND('',#1229,.T.) ;
#1238=FACE_BOUND('',#1233,.T.) ;
#1244=FACE_BOUND('',#1239,.T.) ;
#1250=FACE_BOUND('',#1245,.T.) ;
#1290=FACE_BOUND('',#1287,.T.) ;
#1392=FACE_BOUND('',#1389,.T.) ;
#1428=FACE_BOUND('',#1425,.T.) ;
#1464=FACE_BOUND('',#1461,.T.) ;
#1881=FACE_BOUND('',#1878,.T.) ;
#1918=FACE_BOUND('',#1915,.T.) ;
#2351=FACE_BOUND('',#2348,.T.) ;
#2355=FACE_BOUND('',#2352,.T.) ;
#2359=FACE_BOUND('',#2356,.T.) ;
#2377=FACE_BOUND('',#2374,.T.) ;
#2395=FACE_BOUND('',#2392,.T.) ;
#2413=FACE_BOUND('',#2410,.T.) ;
#2431=FACE_BOUND('',#2428,.T.) ;
#2435=FACE_BOUND('',#2432,.T.) ;
#2449=FACE_BOUND('',#2446,.T.) ;
#2453=FACE_BOUND('',#2450,.T.) ;
#2457=FACE_BOUND('',#2454,.T.) ;
#2461=FACE_BOUND('',#2458,.T.) ;
#2479=FACE_BOUND('',#2476,.T.) ;
#2497=FACE_BOUND('',#2494,.T.) ;
#2515=FACE_BOUND('',#2512,.T.) ;
#2533=FACE_BOUND('',#2530,.T.) ;
#2762=FACE_BOUND('',#2759,.T.) ;
#2814=FACE_BOUND('',#2811,.T.) ;
#2866=FACE_BOUND('',#2863,.T.) ;
#2918=FACE_BOUND('',#2915,.T.) ;
#3199=FACE_BOUND('',#3196,.T.) ;
#3203=FACE_BOUND('',#3200,.T.) ;
#3219=FACE_BOUND('',#3216,.T.) ;
#3223=FACE_BOUND('',#3220,.T.) ;
#3522=FACE_BOUND('',#3519,.T.) ;
#3540=FACE_BOUND('',#3537,.T.) ;
#3558=FACE_BOUND('',#3555,.T.) ;
#3576=FACE_BOUND('',#3573,.T.) ;
#3594=FACE_BOUND('',#3591,.T.) ;
#3612=FACE_BOUND('',#3609,.T.) ;
#3630=FACE_BOUND('',#3627,.T.) ;
#3648=FACE_BOUND('',#3645,.T.) ;
#3714=FACE_BOUND('',#3705,.T.) ;
#3780=FACE_BOUND('',#3771,.T.) ;
#3846=FACE_BOUND('',#3837,.T.) ;
#3903=FACE_BOUND('',#3894,.T.) ;
#3969=FACE_BOUND('',#3960,.T.) ;
#4035=FACE_BOUND('',#4026,.T.) ;
#4172=FACE_BOUND('',#4169,.T.) ;
#4304=FACE_BOUND('',#4301,.T.) ;
#5971=FACE_BOUND('',#5968,.T.) ;
#5975=FACE_BOUND('',#5972,.T.) ;
#5979=FACE_BOUND('',#5976,.T.) ;
#5983=FACE_BOUND('',#5980,.T.) ;
#5987=FACE_BOUND('',#5984,.T.) ;
#6038=FACE_BOUND('',#6035,.T.) ;
#6083=FACE_BOUND('',#6080,.T.) ;
#6119=FACE_BOUND('',#6116,.T.) ;
#6155=FACE_BOUND('',#6152,.T.) ;
#60=CLOSED_SHELL('Closed Shell',(#92,#322,#353,#391,#431,#471,#502,#526,#550,#567,#598,#622,#646,#663,#694,#718,#742,#759,#790,#802,#833,#845,#876,#888,#919,#931,#962,#993,#1024,#1052,#1083,#1095,#1124,#1145,#1176,#1192,#1251,#1275,#1291,#1336,#1357,#1363,#1465,#1497,#1508,#1530,#1537,#1569,#1580,#1602,#1609)) ;
#1636=CLOSED_SHELL('Closed Shell',(#1676,#1716,#1733,#1764,#1790,#1854,#1882,#1919,#1950,#1972,#1986,#2000)) ;
#2053=CLOSED_SHELL('Closed Shell',(#2093,#2110,#2150,#2167,#2207,#2224,#2264,#2281,#2321,#2338,#2436,#2534,#2565,#2577,#2608,#2620,#2651,#2663,#2694,#2706,#2737,#2749,#2763,#2794,#2806,#2815,#2846,#2858,#2867,#2898,#2910,#2919)) ;
#2946=CLOSED_SHELL('Closed Shell',(#2986,#3017,#3048,#3070,#3110,#3127,#3167,#3184,#3204,#3224)) ;
#3277=CLOSED_SHELL('Closed Shell',(#3345,#3385,#3449,#4036,#4067,#4173,#4204,#4305,#4336,#4376,#4407,#4438,#4467,#4507,#4538,#4569,#4593,#4617,#4649,#4673,#4697,#4735,#4767,#4786,#4810,#4834,#4858,#4889,#4906,#4937,#4961,#4993,#5024,#5043,#5074,#5093,#5117,#5136,#5153,#5179,#5211,#5223,#5254,#5273,#5297,#5316,#5348,#5367,#5398,#5417,#5434,#5455,#5487,#5506,#5530,#5542,#5573,#5585,#5616,#5628,#5659,#5671,#5702,#5714,#5745,#5757,#5788,#5800,#5822,#5829,#5851,#5858,#5875,#5988,#6012,#6039,#6054,#6156,#6199,#6238,#6281,#6320,#6343,#6351,#6374,#6382)) ;
#1617=ITEM_DEFINED_TRANSFORMATION(' ',' ',#1619,#1618) ;
#2008=ITEM_DEFINED_TRANSFORMATION(' ',' ',#2010,#2009) ;
#2023=ITEM_DEFINED_TRANSFORMATION(' ',' ',#2025,#2024) ;
#2036=ITEM_DEFINED_TRANSFORMATION(' ',' ',#2038,#2037) ;
#2927=ITEM_DEFINED_TRANSFORMATION(' ',' ',#2929,#2928) ;
#3232=ITEM_DEFINED_TRANSFORMATION(' ',' ',#3234,#3233) ;
#3247=ITEM_DEFINED_TRANSFORMATION(' ',' ',#3249,#3248) ;
#3260=ITEM_DEFINED_TRANSFORMATION(' ',' ',#3262,#3261) ;
#6390=ITEM_DEFINED_TRANSFORMATION(' ',' ',#6392,#6391) ;
#6405=ITEM_DEFINED_TRANSFORMATION(' ',' ',#6407,#6406) ;
#68=VECTOR('Line Direction',#67,1.) ;
#84=VECTOR('Line Direction',#83,1.) ;
#150=VECTOR('Line Direction',#149,1.) ;
#166=VECTOR('Line Direction',#165,1.) ;
#184=VECTOR('Line Direction',#183,1.) ;
#200=VECTOR('Line Direction',#199,1.) ;
#218=VECTOR('Line Direction',#217,1.) ;
#234=VECTOR('Line Direction',#233,1.) ;
#330=VECTOR('Line Direction',#329,1.) ;
#337=VECTOR('Line Direction',#336,1.) ;
#361=VECTOR('Line Direction',#360,1.) ;
#368=VECTOR('Line Direction',#367,1.) ;
#375=VECTOR('Line Direction',#374,1.) ;
#382=VECTOR('Line Direction',#381,1.) ;
#399=VECTOR('Line Direction',#398,1.) ;
#408=VECTOR('Line Direction',#407,1.) ;
#415=VECTOR('Line Direction',#414,1.) ;
#422=VECTOR('Line Direction',#421,1.) ;
#439=VECTOR('Line Direction',#438,1.) ;
#448=VECTOR('Line Direction',#447,1.) ;
#455=VECTOR('Line Direction',#454,1.) ;
#462=VECTOR('Line Direction',#461,1.) ;
#488=VECTOR('Line Direction',#487,1.) ;
#493=VECTOR('Line Direction',#492,1.) ;
#510=VECTOR('Line Direction',#509,1.) ;
#517=VECTOR('Line Direction',#516,1.) ;
#541=VECTOR('Line Direction',#540,1.) ;
#558=VECTOR('Line Direction',#557,1.) ;
#584=VECTOR('Line Direction',#583,1.) ;
#589=VECTOR('Line Direction',#588,1.) ;
#606=VECTOR('Line Direction',#605,1.) ;
#613=VECTOR('Line Direction',#612,1.) ;
#637=VECTOR('Line Direction',#636,1.) ;
#654=VECTOR('Line Direction',#653,1.) ;
#680=VECTOR('Line Direction',#679,1.) ;
#685=VECTOR('Line Direction',#684,1.) ;
#702=VECTOR('Line Direction',#701,1.) ;
#709=VECTOR('Line Direction',#708,1.) ;
#733=VECTOR('Line Direction',#732,1.) ;
#750=VECTOR('Line Direction',#749,1.) ;
#776=VECTOR('Line Direction',#775,1.) ;
#781=VECTOR('Line Direction',#780,1.) ;
#819=VECTOR('Line Direction',#818,1.) ;
#824=VECTOR('Line Direction',#823,1.) ;
#862=VECTOR('Line Direction',#861,1.) ;
#867=VECTOR('Line Direction',#866,1.) ;
#905=VECTOR('Line Direction',#904,1.) ;
#910=VECTOR('Line Direction',#909,1.) ;
#939=VECTOR('Line Direction',#938,1.) ;
#970=VECTOR('Line Direction',#969,1.) ;
#1001=VECTOR('Line Direction',#1000,1.) ;
#1060=VECTOR('Line Direction',#1059,1.) ;
#1074=VECTOR('Line Direction',#1073,1.) ;
#1103=VECTOR('Line Direction',#1102,1.) ;
#1108=VECTOR('Line Direction',#1107,1.) ;
#1115=VECTOR('Line Direction',#1114,1.) ;
#1153=VECTOR('Line Direction',#1152,1.) ;
#1160=VECTOR('Line Direction',#1159,1.) ;
#1167=VECTOR('Line Direction',#1166,1.) ;
#1212=VECTOR('Line Direction',#1211,1.) ;
#1259=VECTOR('Line Direction',#1258,1.) ;
#1266=VECTOR('Line Direction',#1265,1.) ;
#1317=VECTOR('Line Direction',#1316,1.) ;
#1327=VECTOR('Line Direction',#1326,1.) ;
#1473=VECTOR('Line Direction',#1472,1.) ;
#1489=VECTOR('Line Direction',#1488,1.) ;
#1516=VECTOR('Line Direction',#1515,1.) ;
#1521=VECTOR('Line Direction',#1520,1.) ;
#1545=VECTOR('Line Direction',#1544,1.) ;
#1561=VECTOR('Line Direction',#1560,1.) ;
#1588=VECTOR('Line Direction',#1587,1.) ;
#1593=VECTOR('Line Direction',#1592,1.) ;
#1644=VECTOR('Line Direction',#1643,1.) ;
#1660=VECTOR('Line Direction',#1659,1.) ;
#1693=VECTOR('Line Direction',#1692,1.) ;
#1707=VECTOR('Line Direction',#1706,1.) ;
#1750=VECTOR('Line Direction',#1749,1.) ;
#1755=VECTOR('Line Direction',#1754,1.) ;
#1776=VECTOR('Line Direction',#1775,1.) ;
#1781=VECTOR('Line Direction',#1780,1.) ;
#1862=VECTOR('Line Direction',#1861,1.) ;
#1867=VECTOR('Line Direction',#1866,1.) ;
#1890=VECTOR('Line Direction',#1889,1.) ;
#1897=VECTOR('Line Direction',#1896,1.) ;
#1904=VECTOR('Line Direction',#1903,1.) ;
#1927=VECTOR('Line Direction',#1926,1.) ;
#1958=VECTOR('Line Direction',#1957,1.) ;
#1963=VECTOR('Line Direction',#1962,1.) ;
#2061=VECTOR('Line Direction',#2060,1.) ;
#2077=VECTOR('Line Direction',#2076,1.) ;
#2127=VECTOR('Line Direction',#2126,1.) ;
#2141=VECTOR('Line Direction',#2140,1.) ;
#2184=VECTOR('Line Direction',#2183,1.) ;
#2198=VECTOR('Line Direction',#2197,1.) ;
#2241=VECTOR('Line Direction',#2240,1.) ;
#2255=VECTOR('Line Direction',#2254,1.) ;
#2298=VECTOR('Line Direction',#2297,1.) ;
#2312=VECTOR('Line Direction',#2311,1.) ;
#2551=VECTOR('Line Direction',#2550,1.) ;
#2556=VECTOR('Line Direction',#2555,1.) ;
#2594=VECTOR('Line Direction',#2593,1.) ;
#2599=VECTOR('Line Direction',#2598,1.) ;
#2637=VECTOR('Line Direction',#2636,1.) ;
#2642=VECTOR('Line Direction',#2641,1.) ;
#2680=VECTOR('Line Direction',#2679,1.) ;
#2685=VECTOR('Line Direction',#2684,1.) ;
#2714=VECTOR('Line Direction',#2713,1.) ;
#2721=VECTOR('Line Direction',#2720,1.) ;
#2771=VECTOR('Line Direction',#2770,1.) ;
#2778=VECTOR('Line Direction',#2777,1.) ;
#2823=VECTOR('Line Direction',#2822,1.) ;
#2830=VECTOR('Line Direction',#2829,1.) ;
#2875=VECTOR('Line Direction',#2874,1.) ;
#2882=VECTOR('Line Direction',#2881,1.) ;
#2954=VECTOR('Line Direction',#2953,1.) ;
#2970=VECTOR('Line Direction',#2969,1.) ;
#3001=VECTOR('Line Direction',#3000,1.) ;
#3032=VECTOR('Line Direction',#3031,1.) ;
#3087=VECTOR('Line Direction',#3086,1.) ;
#3101=VECTOR('Line Direction',#3100,1.) ;
#3144=VECTOR('Line Direction',#3143,1.) ;
#3158=VECTOR('Line Direction',#3157,1.) ;
#3285=VECTOR('Line Direction',#3284,1.) ;
#3319=VECTOR('Line Direction',#3318,1.) ;
#3393=VECTOR('Line Direction',#3392,1.) ;
#3407=VECTOR('Line Direction',#3406,1.) ;
#3421=VECTOR('Line Direction',#3420,1.) ;
#3435=VECTOR('Line Direction',#3434,1.) ;
#3651=VECTOR('Line Direction',#3650,1.) ;
#3681=VECTOR('Line Direction',#3680,1.) ;
#3717=VECTOR('Line Direction',#3716,1.) ;
#3747=VECTOR('Line Direction',#3746,1.) ;
#3799=VECTOR('Line Direction',#3798,1.) ;
#3827=VECTOR('Line Direction',#3826,1.) ;
#3849=VECTOR('Line Direction',#3848,1.) ;
#3870=VECTOR('Line Direction',#3869,1.) ;
#3929=VECTOR('Line Direction',#3928,1.) ;
#3957=VECTOR('Line Direction',#3956,1.) ;
#3995=VECTOR('Line Direction',#3994,1.) ;
#4023=VECTOR('Line Direction',#4022,1.) ;
#4044=VECTOR('Line Direction',#4043,1.) ;
#4058=VECTOR('Line Direction',#4057,1.) ;
#4084=VECTOR('Line Direction',#4083,1.) ;
#4105=VECTOR('Line Direction',#4104,1.) ;
#4119=VECTOR('Line Direction',#4118,1.) ;
#4140=VECTOR('Line Direction',#4139,1.) ;
#4181=VECTOR('Line Direction',#4180,1.) ;
#4188=VECTOR('Line Direction',#4187,1.) ;
#4195=VECTOR('Line Direction',#4194,1.) ;
#4216=VECTOR('Line Direction',#4215,1.) ;
#4237=VECTOR('Line Direction',#4236,1.) ;
#4251=VECTOR('Line Direction',#4250,1.) ;
#4272=VECTOR('Line Direction',#4271,1.) ;
#4313=VECTOR('Line Direction',#4312,1.) ;
#4320=VECTOR('Line Direction',#4319,1.) ;
#4327=VECTOR('Line Direction',#4326,1.) ;
#4344=VECTOR('Line Direction',#4343,1.) ;
#4360=VECTOR('Line Direction',#4359,1.) ;
#4384=VECTOR('Line Direction',#4383,1.) ;
#4391=VECTOR('Line Direction',#4390,1.) ;
#4415=VECTOR('Line Direction',#4414,1.) ;
#4422=VECTOR('Line Direction',#4421,1.) ;
#4446=VECTOR('Line Direction',#4445,1.) ;
#4453=VECTOR('Line Direction',#4452,1.) ;
#4458=VECTOR('Line Direction',#4457,1.) ;
#4475=VECTOR('Line Direction',#4474,1.) ;
#4484=VECTOR('Line Direction',#4483,1.) ;
#4491=VECTOR('Line Direction',#4490,1.) ;
#4498=VECTOR('Line Direction',#4497,1.) ;
#4515=VECTOR('Line Direction',#4514,1.) ;
#4522=VECTOR('Line Direction',#4521,1.) ;
#4529=VECTOR('Line Direction',#4528,1.) ;
#4546=VECTOR('Line Direction',#4545,1.) ;
#4555=VECTOR('Line Direction',#4554,1.) ;
#4560=VECTOR('Line Direction',#4559,1.) ;
#4584=VECTOR('Line Direction',#4583,1.) ;
#4601=VECTOR('Line Direction',#4600,1.) ;
#4639=VECTOR('Line Direction',#4638,1.) ;
#4657=VECTOR('Line Direction',#4656,1.) ;
#4662=VECTOR('Line Direction',#4661,1.) ;
#4688=VECTOR('Line Direction',#4687,1.) ;
#4705=VECTOR('Line Direction',#4704,1.) ;
#4712=VECTOR('Line Direction',#4711,1.) ;
#4719=VECTOR('Line Direction',#4718,1.) ;
#4724=VECTOR('Line Direction',#4723,1.) ;
#4750=VECTOR('Line Direction',#4749,1.) ;
#4770=VECTOR('Line Direction',#4769,1.) ;
#4801=VECTOR('Line Direction',#4800,1.) ;
#4818=VECTOR('Line Direction',#4817,1.) ;
#4825=VECTOR('Line Direction',#4824,1.) ;
#4849=VECTOR('Line Direction',#4848,1.) ;
#4871=VECTOR('Line Direction',#4870,1.) ;
#4923=VECTOR('Line Direction',#4922,1.) ;
#4928=VECTOR('Line Direction',#4927,1.) ;
#4945=VECTOR('Line Direction',#4944,1.) ;
#4983=VECTOR('Line Direction',#4982,1.) ;
#5001=VECTOR('Line Direction',#5000,1.) ;
#5006=VECTOR('Line Direction',#5005,1.) ;
#5013=VECTOR('Line Direction',#5012,1.) ;
#5027=VECTOR('Line Direction',#5026,1.) ;
#5034=VECTOR('Line Direction',#5033,1.) ;
#5060=VECTOR('Line Direction',#5059,1.) ;
#5065=VECTOR('Line Direction',#5064,1.) ;
#5077=VECTOR('Line Direction',#5076,1.) ;
#5084=VECTOR('Line Direction',#5083,1.) ;
#5108=VECTOR('Line Direction',#5107,1.) ;
#5125=VECTOR('Line Direction',#5124,1.) ;
#5144=VECTOR('Line Direction',#5143,1.) ;
#5161=VECTOR('Line Direction',#5160,1.) ;
#5168=VECTOR('Line Direction',#5167,1.) ;
#5194=VECTOR('Line Direction',#5193,1.) ;
#5240=VECTOR('Line Direction',#5239,1.) ;
#5245=VECTOR('Line Direction',#5244,1.) ;
#5257=VECTOR('Line Direction',#5256,1.) ;
#5264=VECTOR('Line Direction',#5263,1.) ;
#5288=VECTOR('Line Direction',#5287,1.) ;
#5300=VECTOR('Line Direction',#5299,1.) ;
#5338=VECTOR('Line Direction',#5337,1.) ;
#5351=VECTOR('Line Direction',#5350,1.) ;
#5356=VECTOR('Line Direction',#5355,1.) ;
#5384=VECTOR('Line Direction',#5383,1.) ;
#5389=VECTOR('Line Direction',#5388,1.) ;
#5406=VECTOR('Line Direction',#5405,1.) ;
#5425=VECTOR('Line Direction',#5424,1.) ;
#5437=VECTOR('Line Direction',#5436,1.) ;
#5444=VECTOR('Line Direction',#5443,1.) ;
#5470=VECTOR('Line Direction',#5469,1.) ;
#5490=VECTOR('Line Direction',#5489,1.) ;
#5521=VECTOR('Line Direction',#5520,1.) ;
#5533=VECTOR('Line Direction',#5532,1.) ;
#5550=VECTOR('Line Direction',#5549,1.) ;
#5564=VECTOR('Line Direction',#5563,1.) ;
#5593=VECTOR('Line Direction',#5592,1.) ;
#5607=VECTOR('Line Direction',#5606,1.) ;
#5636=VECTOR('Line Direction',#5635,1.) ;
#5650=VECTOR('Line Direction',#5649,1.) ;
#5679=VECTOR('Line Direction',#5678,1.) ;
#5693=VECTOR('Line Direction',#5692,1.) ;
#5722=VECTOR('Line Direction',#5721,1.) ;
#5736=VECTOR('Line Direction',#5735,1.) ;
#5765=VECTOR('Line Direction',#5764,1.) ;
#5779=VECTOR('Line Direction',#5778,1.) ;
#5808=VECTOR('Line Direction',#5807,1.) ;
#5813=VECTOR('Line Direction',#5812,1.) ;
#5837=VECTOR('Line Direction',#5836,1.) ;
#5842=VECTOR('Line Direction',#5841,1.) ;
#5893=VECTOR('Line Direction',#5892,1.) ;
#5996=VECTOR('Line Direction',#5995,1.) ;
#6003=VECTOR('Line Direction',#6002,1.) ;
#6180=VECTOR('Line Direction',#6179,1.) ;
#6185=VECTOR('Line Direction',#6184,1.) ;
#6262=VECTOR('Line Direction',#6261,1.) ;
#6267=VECTOR('Line Direction',#6266,1.) ;
#6328=VECTOR('Line Direction',#6327,1.) ;
#6333=VECTOR('Line Direction',#6332,1.) ;
#6359=VECTOR('Line Direction',#6358,1.) ;
#6364=VECTOR('Line Direction',#6363,1.) ;
#1611=ADVANCED_BREP_SHAPE_REPRESENTATION('NONE',(#1610),#51) ;
#2002=ADVANCED_BREP_SHAPE_REPRESENTATION('NONE',(#2001),#51) ;
#2921=ADVANCED_BREP_SHAPE_REPRESENTATION('NONE',(#2920),#51) ;
#3226=ADVANCED_BREP_SHAPE_REPRESENTATION('NONE',(#3225),#51) ;
#6384=ADVANCED_BREP_SHAPE_REPRESENTATION('NONE',(#6383),#51) ;
#44=SHAPE_REPRESENTATION(' ',(#1618,#2009,#2024,#2037,#2928,#3233,#3248,#3261,#6391,#6406),#51) ;
#52=SHAPE_REPRESENTATION(' ',(#1619),#1627) ;
#1628=SHAPE_REPRESENTATION(' ',(#2010,#2025,#2038),#2018) ;
#2045=SHAPE_REPRESENTATION(' ',(#2929,#6407),#2937) ;
#2938=SHAPE_REPRESENTATION(' ',(#3234,#3249,#3262),#3242) ;
#3269=SHAPE_REPRESENTATION(' ',(#6392),#6400) ;
#92=ADVANCED_FACE('Corps principal',(#91),#65,.F.) ;
#322=ADVANCED_FACE('Corps principal',(#147,#181,#215,#249,#267,#285,#303,#321),#97,.F.) ;
#353=ADVANCED_FACE('Corps principal',(#352),#327,.T.) ;
#391=ADVANCED_FACE('Corps principal',(#390),#358,.F.) ;
#431=ADVANCED_FACE('Corps principal',(#430),#396,.F.) ;
#471=ADVANCED_FACE('Corps principal',(#470),#436,.F.) ;
#502=ADVANCED_FACE('Corps principal',(#501),#476,.F.) ;
#526=ADVANCED_FACE('Corps principal',(#525),#507,.T.) ;
#550=ADVANCED_FACE('Corps principal',(#549),#531,.F.) ;
#567=ADVANCED_FACE('Corps principal',(#566),#555,.T.) ;
#598=ADVANCED_FACE('Corps principal',(#597),#572,.F.) ;
#622=ADVANCED_FACE('Corps principal',(#621),#603,.T.) ;
#646=ADVANCED_FACE('Corps principal',(#645),#627,.F.) ;
#663=ADVANCED_FACE('Corps principal',(#662),#651,.T.) ;
#694=ADVANCED_FACE('Corps principal',(#693),#668,.F.) ;
#718=ADVANCED_FACE('Corps principal',(#717),#699,.T.) ;
#742=ADVANCED_FACE('Corps principal',(#741),#723,.F.) ;
#759=ADVANCED_FACE('Corps principal',(#758),#747,.T.) ;
#790=ADVANCED_FACE('Corps principal',(#789),#764,.F.) ;
#802=ADVANCED_FACE('Corps principal',(#801),#764,.F.) ;
#833=ADVANCED_FACE('Corps principal',(#832),#807,.F.) ;
#845=ADVANCED_FACE('Corps principal',(#844),#807,.F.) ;
#876=ADVANCED_FACE('Corps principal',(#875),#850,.F.) ;
#888=ADVANCED_FACE('Corps principal',(#887),#850,.F.) ;
#919=ADVANCED_FACE('Corps principal',(#918),#893,.F.) ;
#931=ADVANCED_FACE('Corps principal',(#930),#893,.F.) ;
#962=ADVANCED_FACE('Corps principal',(#961),#936,.T.) ;
#993=ADVANCED_FACE('Corps principal',(#992),#967,.T.) ;
#1024=ADVANCED_FACE('Corps principal',(#1023),#998,.T.) ;
#1052=ADVANCED_FACE('Corps principal',(#1047,#1051),#1029,.T.) ;
#1083=ADVANCED_FACE('Corps principal',(#1082),#1057,.F.) ;
#1095=ADVANCED_FACE('Corps principal',(#1094),#1057,.F.) ;
#1124=ADVANCED_FACE('Corps principal',(#1123),#1100,.F.) ;
#1145=ADVANCED_FACE('Corps principal',(#1140,#1144),#1129,.T.) ;
#1176=ADVANCED_FACE('Corps principal',(#1175),#1150,.F.) ;
#1192=ADVANCED_FACE('Corps principal',(#1187,#1191),#1129,.T.) ;
#1251=ADVANCED_FACE('Corps principal',(#1228,#1232,#1238,#1244,#1250),#1197,.T.) ;
#1275=ADVANCED_FACE('Corps principal',(#1274),#1256,.F.) ;
#1291=ADVANCED_FACE('Corps principal',(#1286,#1290),#1129,.T.) ;
#1336=ADVANCED_FACE('Corps principal',(#1335),#1296,.F.) ;
#1357=ADVANCED_FACE('Corps principal',(#1356),#1296,.F.) ;
#1363=ADVANCED_FACE('Corps principal',(#1362),#65,.F.) ;
#1465=ADVANCED_FACE('Corps principal',(#1388,#1392,#1428,#1464),#1368,.T.) ;
#1497=ADVANCED_FACE('Corps principal',(#1496),#1470,.F.) ;
#1508=ADVANCED_FACE('Corps principal',(#1507),#1470,.F.) ;
#1530=ADVANCED_FACE('Corps principal',(#1529),#1513,.F.) ;
#1537=ADVANCED_FACE('Corps principal',(#1536),#1513,.F.) ;
#1569=ADVANCED_FACE('Corps principal',(#1568),#1542,.F.) ;
#1580=ADVANCED_FACE('Corps principal',(#1579),#1542,.F.) ;
#1602=ADVANCED_FACE('Corps principal',(#1601),#1585,.F.) ;
#1609=ADVANCED_FACE('Corps principal',(#1608),#1585,.F.) ;
#1676=ADVANCED_FACE('Corps principal',(#1675),#1641,.F.) ;
#1716=ADVANCED_FACE('Corps principal',(#1715),#1681,.F.) ;
#1733=ADVANCED_FACE('Corps principal',(#1732),#1681,.F.) ;
#1764=ADVANCED_FACE('Corps principal',(#1763),#1738,.F.) ;
#1790=ADVANCED_FACE('Corps principal',(#1789),#1738,.F.) ;
#1854=ADVANCED_FACE('Corps principal',(#1853),#1795,.T.) ;
#1882=ADVANCED_FACE('Corps principal',(#1877,#1881),#1859,.F.) ;
#1919=ADVANCED_FACE('Corps principal',(#1914,#1918),#1887,.T.) ;
#1950=ADVANCED_FACE('Corps principal',(#1949),#1924,.T.) ;
#1972=ADVANCED_FACE('Corps principal',(#1971),#1955,.T.) ;
#1986=ADVANCED_FACE('Corps principal',(#1985),#1977,.T.) ;
#2000=ADVANCED_FACE('Corps principal',(#1999),#1991,.T.) ;
#2093=ADVANCED_FACE('Corps principal',(#2092),#2058,.T.) ;
#2110=ADVANCED_FACE('Corps principal',(#2109),#2058,.T.) ;
#2150=ADVANCED_FACE('Corps principal',(#2149),#2115,.F.) ;
#2167=ADVANCED_FACE('Corps principal',(#2166),#2115,.F.) ;
#2207=ADVANCED_FACE('Corps principal',(#2206),#2172,.F.) ;
#2224=ADVANCED_FACE('Corps principal',(#2223),#2172,.F.) ;
#2264=ADVANCED_FACE('Corps principal',(#2263),#2229,.F.) ;
#2281=ADVANCED_FACE('Corps principal',(#2280),#2229,.F.) ;
#2321=ADVANCED_FACE('Corps principal',(#2320),#2286,.F.) ;
#2338=ADVANCED_FACE('Corps principal',(#2337),#2286,.F.) ;
#2436=ADVANCED_FACE('Corps principal',(#2347,#2351,#2355,#2359,#2377,#2395,#2413,#2431,#2435),#2343,.T.) ;
#2534=ADVANCED_FACE('Corps principal',(#2445,#2449,#2453,#2457,#2461,#2479,#2497,#2515,#2533),#2441,.F.) ;
#2565=ADVANCED_FACE('Corps principal',(#2564),#2539,.F.) ;
#2577=ADVANCED_FACE('Corps principal',(#2576),#2539,.F.) ;
#2608=ADVANCED_FACE('Corps principal',(#2607),#2582,.F.) ;
#2620=ADVANCED_FACE('Corps principal',(#2619),#2582,.F.) ;
#2651=ADVANCED_FACE('Corps principal',(#2650),#2625,.F.) ;
#2663=ADVANCED_FACE('Corps principal',(#2662),#2625,.F.) ;
#2694=ADVANCED_FACE('Corps principal',(#2693),#2668,.F.) ;
#2706=ADVANCED_FACE('Corps principal',(#2705),#2668,.F.) ;
#2737=ADVANCED_FACE('Corps principal',(#2736),#2711,.F.) ;
#2749=ADVANCED_FACE('Corps principal',(#2748),#2711,.F.) ;
#2763=ADVANCED_FACE('Corps principal',(#2758,#2762),#2754,.T.) ;
#2794=ADVANCED_FACE('Corps principal',(#2793),#2768,.F.) ;
#2806=ADVANCED_FACE('Corps principal',(#2805),#2768,.F.) ;
#2815=ADVANCED_FACE('Corps principal',(#2810,#2814),#2754,.T.) ;
#2846=ADVANCED_FACE('Corps principal',(#2845),#2820,.F.) ;
#2858=ADVANCED_FACE('Corps principal',(#2857),#2820,.F.) ;
#2867=ADVANCED_FACE('Corps principal',(#2862,#2866),#2754,.T.) ;
#2898=ADVANCED_FACE('Corps principal',(#2897),#2872,.F.) ;
#2910=ADVANCED_FACE('Corps principal',(#2909),#2872,.F.) ;
#2919=ADVANCED_FACE('Corps principal',(#2914,#2918),#2754,.T.) ;
#2986=ADVANCED_FACE('Corps principal',(#2985),#2951,.T.) ;
#3017=ADVANCED_FACE('Corps principal',(#3016),#2991,.T.) ;
#3048=ADVANCED_FACE('Corps principal',(#3047),#3022,.T.) ;
#3070=ADVANCED_FACE('Corps principal',(#3069),#3053,.F.) ;
#3110=ADVANCED_FACE('Corps principal',(#3109),#3075,.F.) ;
#3127=ADVANCED_FACE('Corps principal',(#3126),#3075,.F.) ;
#3167=ADVANCED_FACE('Corps principal',(#3166),#3132,.F.) ;
#3184=ADVANCED_FACE('Corps principal',(#3183),#3132,.F.) ;
#3204=ADVANCED_FACE('Corps principal',(#3195,#3199,#3203),#3189,.F.) ;
#3224=ADVANCED_FACE('Corps principal',(#3215,#3219,#3223),#3209,.T.) ;
#3345=ADVANCED_FACE('Corps principal',(#3344),#3282,.F.) ;
#3385=ADVANCED_FACE('Corps principal',(#3384),#3282,.F.) ;
#3449=ADVANCED_FACE('Corps principal',(#3448),#3390,.F.) ;
#4036=ADVANCED_FACE('Corps principal',(#3504,#3522,#3540,#3558,#3576,#3594,#3612,#3630,#3648,#3714,#3780,#3846,#3903,#3969,#4035),#3454,.T.) ;
#4067=ADVANCED_FACE('Corps principal',(#4066),#4041,.T.) ;
#4173=ADVANCED_FACE('Corps principal',(#4154,#4172),#4072,.F.) ;
#4204=ADVANCED_FACE('Corps principal',(#4203),#4178,.F.) ;
#4305=ADVANCED_FACE('Corps principal',(#4286,#4304),#4072,.F.) ;
#4336=ADVANCED_FACE('Corps principal',(#4335),#4310,.F.) ;
#4376=ADVANCED_FACE('Corps principal',(#4375),#4341,.T.) ;
#4407=ADVANCED_FACE('Corps principal',(#4406),#4381,.T.) ;
#4438=ADVANCED_FACE('Corps principal',(#4437),#4412,.T.) ;
#4467=ADVANCED_FACE('Corps principal',(#4466),#4443,.F.) ;
#4507=ADVANCED_FACE('Corps principal',(#4506),#4472,.F.) ;
#4538=ADVANCED_FACE('Corps principal',(#4537),#4512,.F.) ;
#4569=ADVANCED_FACE('Corps principal',(#4568),#4543,.F.) ;
#4593=ADVANCED_FACE('Corps principal',(#4592),#4574,.F.) ;
#4617=ADVANCED_FACE('Corps principal',(#4616),#4598,.T.) ;
#4649=ADVANCED_FACE('Corps principal',(#4648),#4622,.F.) ;
#4673=ADVANCED_FACE('Corps principal',(#4672),#4654,.T.) ;
#4697=ADVANCED_FACE('Corps principal',(#4696),#4678,.F.) ;
#4735=ADVANCED_FACE('Corps principal',(#4734),#4702,.F.) ;
#4767=ADVANCED_FACE('Corps principal',(#4766),#4740,.F.) ;
#4786=ADVANCED_FACE('Corps principal',(#4785),#4598,.T.) ;
#4810=ADVANCED_FACE('Corps principal',(#4809),#4791,.F.) ;
#4834=ADVANCED_FACE('Corps principal',(#4833),#4815,.T.) ;
#4858=ADVANCED_FACE('Corps principal',(#4857),#4839,.F.) ;
#4889=ADVANCED_FACE('Corps principal',(#4888),#4863,.F.) ;
#4906=ADVANCED_FACE('Corps principal',(#4905),#4894,.F.) ;
#4937=ADVANCED_FACE('Corps principal',(#4936),#4911,.F.) ;
#4961=ADVANCED_FACE('Corps principal',(#4960),#4942,.T.) ;
#4993=ADVANCED_FACE('Corps principal',(#4992),#4966,.F.) ;
#5024=ADVANCED_FACE('Corps principal',(#5023),#4998,.T.) ;
#5043=ADVANCED_FACE('Corps principal',(#5042),#4654,.T.) ;
#5074=ADVANCED_FACE('Corps principal',(#5073),#5048,.F.) ;
#5093=ADVANCED_FACE('Corps principal',(#5092),#4702,.F.) ;
#5117=ADVANCED_FACE('Corps principal',(#5116),#5098,.F.) ;
#5136=ADVANCED_FACE('Corps principal',(#5135),#3390,.F.) ;
#5153=ADVANCED_FACE('Corps principal',(#5152),#5141,.F.) ;
#5179=ADVANCED_FACE('Corps principal',(#5178),#5158,.F.) ;
#5211=ADVANCED_FACE('Corps principal',(#5210),#5184,.F.) ;
#5223=ADVANCED_FACE('Corps principal',(#5222),#4942,.T.) ;
#5254=ADVANCED_FACE('Corps principal',(#5253),#5228,.F.) ;
#5273=ADVANCED_FACE('Corps principal',(#5272),#4998,.T.) ;
#5297=ADVANCED_FACE('Corps principal',(#5296),#5278,.F.) ;
#5316=ADVANCED_FACE('Corps principal',(#5315),#4942,.T.) ;
#5348=ADVANCED_FACE('Corps principal',(#5347),#5321,.F.) ;
#5367=ADVANCED_FACE('Corps principal',(#5366),#4543,.F.) ;
#5398=ADVANCED_FACE('Corps principal',(#5397),#5372,.F.) ;
#5417=ADVANCED_FACE('Corps principal',(#5416),#3390,.F.) ;
#5434=ADVANCED_FACE('Corps principal',(#5433),#5422,.F.) ;
#5455=ADVANCED_FACE('Corps principal',(#5454),#4815,.T.) ;
#5487=ADVANCED_FACE('Corps principal',(#5486),#5460,.F.) ;
#5506=ADVANCED_FACE('Corps principal',(#5505),#4942,.T.) ;
#5530=ADVANCED_FACE('Corps principal',(#5529),#5511,.F.) ;
#5542=ADVANCED_FACE('Corps principal',(#5541),#5158,.F.) ;
#5573=ADVANCED_FACE('Corps principal',(#5572),#5547,.F.) ;
#5585=ADVANCED_FACE('Corps principal',(#5584),#5547,.F.) ;
#5616=ADVANCED_FACE('Corps principal',(#5615),#5590,.F.) ;
#5628=ADVANCED_FACE('Corps principal',(#5627),#5590,.F.) ;
#5659=ADVANCED_FACE('Corps principal',(#5658),#5633,.F.) ;
#5671=ADVANCED_FACE('Corps principal',(#5670),#5633,.F.) ;
#5702=ADVANCED_FACE('Corps principal',(#5701),#5676,.F.) ;
#5714=ADVANCED_FACE('Corps principal',(#5713),#5676,.F.) ;
#5745=ADVANCED_FACE('Corps principal',(#5744),#5719,.F.) ;
#5757=ADVANCED_FACE('Corps principal',(#5756),#5719,.F.) ;
#5788=ADVANCED_FACE('Corps principal',(#5787),#5762,.F.) ;
#5800=ADVANCED_FACE('Corps principal',(#5799),#5762,.F.) ;
#5822=ADVANCED_FACE('Corps principal',(#5821),#5805,.F.) ;
#5829=ADVANCED_FACE('Corps principal',(#5828),#5805,.F.) ;
#5851=ADVANCED_FACE('Corps principal',(#5850),#5834,.F.) ;
#5858=ADVANCED_FACE('Corps principal',(#5857),#5834,.F.) ;
#5875=ADVANCED_FACE('Corps principal',(#5874),#5863,.F.) ;
#5988=ADVANCED_FACE('Corps principal',(#5967,#5971,#5975,#5979,#5983,#5987),#5880,.F.) ;
#6012=ADVANCED_FACE('Corps principal',(#6011),#5993,.F.) ;
#6039=ADVANCED_FACE('Corps principal',(#6034,#6038),#4072,.F.) ;
#6054=ADVANCED_FACE('Corps principal',(#6053),#6044,.F.) ;
#6156=ADVANCED_FACE('Corps principal',(#6079,#6083,#6119,#6155),#6059,.T.) ;
#6199=ADVANCED_FACE('Corps principal',(#6198),#3390,.F.) ;
#6238=ADVANCED_FACE('Corps principal',(#6237),#6204,.F.) ;
#6281=ADVANCED_FACE('Corps principal',(#6280),#4863,.F.) ;
#6320=ADVANCED_FACE('Corps principal',(#6319),#6286,.F.) ;
#6343=ADVANCED_FACE('Corps principal',(#6342),#6325,.F.) ;
#6351=ADVANCED_FACE('Corps principal',(#6350),#6325,.F.) ;
#6374=ADVANCED_FACE('Corps principal',(#6373),#6356,.F.) ;
#6382=ADVANCED_FACE('Corps principal',(#6381),#6356,.F.) ;
#4=APPLICATION_PROTOCOL_DEFINITION('international standard','config_control_design',1994,#1) ;
#35=APPROVAL_DATE_TIME(#13,#24) ;
#1297=B_SPLINE_CURVE_WITH_KNOTS('',5,(#1298,#1299,#1300,#1301,#1302,#1303,#1304,#1305,#1306,#1307,#1308,#1309),.UNSPECIFIED.,.F.,.U.,(6,3,3,6),(0.,3.61909823424,5.43457818512,8.88641751469),.UNSPECIFIED.) ;
#1337=B_SPLINE_CURVE_WITH_KNOTS('',5,(#1338,#1339,#1340,#1341,#1342,#1343,#1344,#1345,#1346,#1347,#1348,#1349),.UNSPECIFIED.,.F.,.U.,(6,3,3,6),(0.,3.6190982347,5.43457818566,8.88641751529),.UNSPECIFIED.) ;
#1393=B_SPLINE_CURVE_WITH_KNOTS('',5,(#1394,#1395,#1396,#1397,#1398,#1399,#1400,#1401,#1402,#1403,#1404,#1405),.UNSPECIFIED.,.F.,.U.,(6,3,3,6),(0.,3.61909823424,5.43457818512,8.88641751469),.UNSPECIFIED.) ;
#1411=B_SPLINE_CURVE_WITH_KNOTS('',5,(#1412,#1413,#1414,#1415,#1416,#1417,#1418,#1419,#1420,#1421,#1422,#1423),.UNSPECIFIED.,.F.,.U.,(6,3,3,6),(0.,3.6190982347,5.43457818566,8.88641751529),.UNSPECIFIED.) ;
#1429=B_SPLINE_CURVE_WITH_KNOTS('',5,(#1430,#1431,#1432,#1433,#1434,#1435,#1436,#1437,#1438,#1439,#1440,#1441),.UNSPECIFIED.,.F.,.U.,(6,3,3,6),(0.,3.61909823424,5.43457818512,8.88641751469),.UNSPECIFIED.) ;
#1447=B_SPLINE_CURVE_WITH_KNOTS('',5,(#1448,#1449,#1450,#1451,#1452,#1453,#1454,#1455,#1456,#1457,#1458,#1459),.UNSPECIFIED.,.F.,.U.,(6,3,3,6),(0.,3.6190982347,5.43457818566,8.88641751529),.UNSPECIFIED.) ;
#1805=B_SPLINE_CURVE_WITH_KNOTS('',5,(#1806,#1807,#1808,#1809,#1810,#1811,#1812,#1813,#1814,#1815,#1816,#1817,#1818,#1819,#1820),.UNSPECIFIED.,.F.,.U.,(6,3,3,3,6),(0.,4.6469144144,8.58319460642,13.1195033025,15.263254777),.UNSPECIFIED.) ;
#1831=B_SPLINE_CURVE_WITH_KNOTS('',5,(#1832,#1833,#1834,#1835,#1836,#1837,#1838,#1839,#1840,#1841,#1842,#1843,#1844,#1845,#1846),.UNSPECIFIED.,.F.,.U.,(6,3,3,3,6),(0.,4.64691441421,8.58319460649,13.1195033026,15.263254777),.UNSPECIFIED.) ;
#3292=B_SPLINE_CURVE_WITH_KNOTS('',4,(#3293,#3294,#3295,#3296,#3297),.UNSPECIFIED.,.F.,.U.,(5,5),(0.,2.49385766641),.UNSPECIFIED.) ;
#3301=B_SPLINE_CURVE_WITH_KNOTS('',5,(#3302,#3303,#3304,#3305,#3306,#3307,#3308,#3309,#3310,#3311,#3312,#3313),.UNSPECIFIED.,.F.,.U.,(6,3,3,6),(0.,1.8132174157,3.64501355646,6.48861668562),.UNSPECIFIED.) ;
#3324=B_SPLINE_CURVE_WITH_KNOTS('',5,(#3325,#3326,#3327,#3328,#3329,#3330,#3331,#3332,#3333,#3334,#3335,#3336),.UNSPECIFIED.,.F.,.U.,(6,3,3,6),(0.,3.61909823422,5.43457818554,8.88641751527),.UNSPECIFIED.) ;
#3346=B_SPLINE_CURVE_WITH_KNOTS('',5,(#3347,#3348,#3349,#3350,#3351,#3352),.UNSPECIFIED.,.F.,.U.,(6,6),(0.,3.63254492775),.UNSPECIFIED.) ;
#3356=B_SPLINE_CURVE_WITH_KNOTS('',5,(#3357,#3358,#3359,#3360,#3361,#3362),.UNSPECIFIED.,.F.,.U.,(6,6),(0.,5.32243251915),.UNSPECIFIED.) ;
#3364=B_SPLINE_CURVE_WITH_KNOTS('',5,(#3365,#3366,#3367,#3368,#3369,#3370,#3371,#3372,#3373,#3374,#3375,#3376),.UNSPECIFIED.,.F.,.U.,(6,3,3,6),(0.,3.61909823538,5.43457818623,8.88641751531),.UNSPECIFIED.) ;
#6084=B_SPLINE_CURVE_WITH_KNOTS('',5,(#6085,#6086,#6087,#6088,#6089,#6090,#6091,#6092,#6093,#6094,#6095,#6096),.UNSPECIFIED.,.F.,.U.,(6,3,3,6),(0.,3.61909823485,5.43457818615,8.88641751648),.UNSPECIFIED.) ;
#6102=B_SPLINE_CURVE_WITH_KNOTS('',5,(#6103,#6104,#6105,#6106,#6107,#6108,#6109,#6110,#6111,#6112,#6113,#6114),.UNSPECIFIED.,.F.,.U.,(6,3,3,6),(0.,3.61909823491,5.43457818623,8.8864175159),.UNSPECIFIED.) ;
#6120=B_SPLINE_CURVE_WITH_KNOTS('',5,(#6121,#6122,#6123,#6124,#6125,#6126,#6127,#6128,#6129,#6130,#6131,#6132),.UNSPECIFIED.,.F.,.U.,(6,3,3,6),(0.,3.61909823459,5.43457818545,8.88641751569),.UNSPECIFIED.) ;
#6138=B_SPLINE_CURVE_WITH_KNOTS('',5,(#6139,#6140,#6141,#6142,#6143,#6144,#6145,#6146,#6147,#6148,#6149,#6150),.UNSPECIFIED.,.F.,.U.,(6,3,3,6),(0.,3.61909823452,5.43457818538,8.88641751556),.UNSPECIFIED.) ;
#6157=B_SPLINE_CURVE_WITH_KNOTS('',4,(#6158,#6159,#6160,#6161,#6162),.UNSPECIFIED.,.F.,.U.,(5,5),(0.,2.49385766653),.UNSPECIFIED.) ;
#6168=B_SPLINE_CURVE_WITH_KNOTS('',5,(#6169,#6170,#6171,#6172,#6173,#6174),.UNSPECIFIED.,.F.,.U.,(6,6),(0.,5.3224325194),.UNSPECIFIED.) ;
#6205=B_SPLINE_CURVE_WITH_KNOTS('',5,(#6206,#6207,#6208,#6209,#6210,#6211),.UNSPECIFIED.,.F.,.U.,(6,6),(0.,3.632544928),.UNSPECIFIED.) ;
#6215=B_SPLINE_CURVE_WITH_KNOTS('',5,(#6216,#6217,#6218,#6219,#6220,#6221,#6222,#6223,#6224,#6225,#6226,#6227),.UNSPECIFIED.,.F.,.U.,(6,3,3,6),(0.,1.81321741566,3.64501355644,6.4886166856),.UNSPECIFIED.) ;
#6239=B_SPLINE_CURVE_WITH_KNOTS('',4,(#6240,#6241,#6242,#6243,#6244),.UNSPECIFIED.,.F.,.U.,(5,5),(0.,2.49385766718),.UNSPECIFIED.) ;
#6250=B_SPLINE_CURVE_WITH_KNOTS('',5,(#6251,#6252,#6253,#6254,#6255,#6256),.UNSPECIFIED.,.F.,.U.,(6,6),(0.,5.3224325201),.UNSPECIFIED.) ;
#6287=B_SPLINE_CURVE_WITH_KNOTS('',5,(#6288,#6289,#6290,#6291,#6292,#6293),.UNSPECIFIED.,.F.,.U.,(6,6),(0.,3.6325449279),.UNSPECIFIED.) ;
#6297=B_SPLINE_CURVE_WITH_KNOTS('',5,(#6298,#6299,#6300,#6301,#6302,#6303,#6304,#6305,#6306,#6307,#6308,#6309),.UNSPECIFIED.,.F.,.U.,(6,3,3,6),(0.,1.81321741565,3.64501355642,6.48861668558),.UNSPECIFIED.) ;
#1610=MANIFOLD_SOLID_BREP('Corps principal',#60) ;
#2001=MANIFOLD_SOLID_BREP('Corps principal',#1636) ;
#2920=MANIFOLD_SOLID_BREP('Corps principal',#2053) ;
#3225=MANIFOLD_SOLID_BREP('Corps principal',#2946) ;
#6383=MANIFOLD_SOLID_BREP('Corps principal',#3277) ;
#11=CALENDAR_DATE(2025,9,12) ;
#33=CC_DESIGN_APPROVAL(#24,(#19,#6,#17)) ;
#21=CC_DESIGN_DATE_AND_TIME_ASSIGNMENT(#13,#20,(#19)) ;
#32=CC_DESIGN_DATE_AND_TIME_ASSIGNMENT(#13,#31,(#17)) ;
#20=DATE_TIME_ROLE('classification_date') ;
#31=DATE_TIME_ROLE('creation_date') ;
#30=CC_DESIGN_PERSON_AND_ORGANIZATION_ASSIGNMENT(#28,#29,(#19)) ;
#36=CC_DESIGN_PERSON_AND_ORGANIZATION_ASSIGNMENT(#28,#37,(#6)) ;
#38=CC_DESIGN_PERSON_AND_ORGANIZATION_ASSIGNMENT(#28,#39,(#6,#17)) ;
#40=CC_DESIGN_PERSON_AND_ORGANIZATION_ASSIGNMENT(#28,#41,(#5)) ;
#29=PERSON_AND_ORGANIZATION_ROLE('classification_officer') ;
#37=PERSON_AND_ORGANIZATION_ROLE('design_supplier') ;
#39=PERSON_AND_ORGANIZATION_ROLE('creator') ;
#41=PERSON_AND_ORGANIZATION_ROLE('design_owner') ;
#42=CC_DESIGN_SECURITY_CLASSIFICATION(#19,(#6,#1613,#2004,#2019,#2032,#2923,#3228,#3243,#3256,#6386,#6401)) ;
#58=DOCUMENT('1','SP02_ALPHA_AF_BLOC_BAGUE0.CATPart','CATPart document',#57) ;
#1634=DOCUMENT('2','SP02_ALPHA_AF_BLOC_AF.CATPart','CATPart document',#1633) ;
#2051=DOCUMENT('3','SP02_ALPHA_AF_BLOC_RONDELLE.CATPart','CATPart document',#2050) ;
#2944=DOCUMENT('4','SP02_ALPHA_AF_BLOC_BIELLE.CATPart','CATPart document',#2943) ;
#3275=DOCUMENT('5','SP02_ALPHA_AF_BLOC_BAGUE1.CATPart','CATPart document',#3274) ;
#57=DOCUMENT_TYPE('') ;
#1633=DOCUMENT_TYPE('') ;
#2050=DOCUMENT_TYPE('') ;
#2943=DOCUMENT_TYPE('') ;
#3274=DOCUMENT_TYPE('') ;
#78=CIRCLE('generated circle',#77,2.) ;
#101=CIRCLE('generated circle',#100,49.9) ;
#110=CIRCLE('generated circle',#109,49.9) ;
#117=CIRCLE('generated circle',#116,49.9) ;
#124=CIRCLE('generated circle',#123,49.9) ;
#131=CIRCLE('generated circle',#130,49.9) ;
#138=CIRCLE('generated circle',#137,49.9) ;
#160=CIRCLE('generated circle',#159,2.5) ;
#174=CIRCLE('generated circle',#173,2.5) ;
#194=CIRCLE('generated circle',#193,2.5) ;
#208=CIRCLE('generated circle',#207,2.5) ;
#228=CIRCLE('generated circle',#227,2.5) ;
#242=CIRCLE('generated circle',#241,2.5) ;
#253=CIRCLE('generated circle',#252,2.5) ;
#262=CIRCLE('generated circle',#261,2.5) ;
#271=CIRCLE('generated circle',#270,2.5) ;
#280=CIRCLE('generated circle',#279,2.5) ;
#289=CIRCLE('generated circle',#288,2.5) ;
#298=CIRCLE('generated circle',#297,2.5) ;
#307=CIRCLE('generated circle',#306,14.2) ;
#316=CIRCLE('generated circle',#315,14.2) ;
#345=CIRCLE('generated circle',#344,49.9) ;
#480=CIRCLE('generated circle',#479,2.5) ;
#535=CIRCLE('generated circle',#534,2.5) ;
#576=CIRCLE('generated circle',#575,2.5) ;
#631=CIRCLE('generated circle',#630,2.5) ;
#672=CIRCLE('generated circle',#671,2.5) ;
#727=CIRCLE('generated circle',#726,2.5) ;
#768=CIRCLE('generated circle',#767,2.5) ;
#794=CIRCLE('generated circle',#793,2.5) ;
#811=CIRCLE('generated circle',#810,2.5) ;
#837=CIRCLE('generated circle',#836,2.5) ;
#854=CIRCLE('generated circle',#853,2.5) ;
#880=CIRCLE('generated circle',#879,2.5) ;
#897=CIRCLE('generated circle',#896,14.2) ;
#923=CIRCLE('generated circle',#922,14.2) ;
#949=CIRCLE('generated circle',#948,15.) ;
#954=CIRCLE('generated circle',#953,15.) ;
#980=CIRCLE('generated circle',#979,15.) ;
#985=CIRCLE('generated circle',#984,15.) ;
#1011=CIRCLE('generated circle',#1010,15.) ;
#1016=CIRCLE('generated circle',#1015,15.) ;
#1033=CIRCLE('generated circle',#1032,16.2) ;
#1042=CIRCLE('generated circle',#1041,16.2) ;
#1068=CIRCLE('generated circle',#1067,16.2) ;
#1087=CIRCLE('generated circle',#1086,16.2) ;
#1133=CIRCLE('generated circle',#1132,49.9) ;
#1180=CIRCLE('generated circle',#1179,49.9) ;
#1201=CIRCLE('generated circle',#1200,49.9) ;
#1206=CIRCLE('generated circle',#1205,49.9) ;
#1279=CIRCLE('generated circle',#1278,49.9) ;
#1323=CIRCLE('generated circle',#1322,2.) ;
#1483=CIRCLE('generated circle',#1482,2.) ;
#1501=CIRCLE('generated circle',#1500,2.) ;
#1555=CIRCLE('generated circle',#1554,2.) ;
#1573=CIRCLE('generated circle',#1572,2.) ;
#1654=CIRCLE('generated circle',#1653,17.) ;
#1668=CIRCLE('generated circle',#1667,17.) ;
#1685=CIRCLE('generated circle',#1684,2.) ;
#1701=CIRCLE('generated circle',#1700,2.) ;
#1720=CIRCLE('generated circle',#1719,2.) ;
#1725=CIRCLE('generated circle',#1724,2.) ;
#1742=CIRCLE('generated circle',#1741,3.35) ;
#1768=CIRCLE('generated circle',#1767,3.35) ;
#1799=CIRCLE('generated circle',#1798,52.) ;
#1827=CIRCLE('generated circle',#1826,52.) ;
#1937=CIRCLE('generated circle',#1936,3.35) ;
#1942=CIRCLE('generated circle',#1941,3.35) ;
#2071=CIRCLE('generated circle',#2070,16.) ;
#2085=CIRCLE('generated circle',#2084,16.) ;
#2097=CIRCLE('generated circle',#2096,16.) ;
#2102=CIRCLE('generated circle',#2101,16.) ;
#2119=CIRCLE('generated circle',#2118,2.) ;
#2135=CIRCLE('generated circle',#2134,2.) ;
#2154=CIRCLE('generated circle',#2153,2.) ;
#2159=CIRCLE('generated circle',#2158,2.) ;
#2176=CIRCLE('generated circle',#2175,2.) ;
#2192=CIRCLE('generated circle',#2191,2.) ;
#2211=CIRCLE('generated circle',#2210,2.) ;
#2216=CIRCLE('generated circle',#2215,2.) ;
#2233=CIRCLE('generated circle',#2232,2.) ;
#2249=CIRCLE('generated circle',#2248,2.) ;
#2268=CIRCLE('generated circle',#2267,2.) ;
#2273=CIRCLE('generated circle',#2272,2.) ;
#2290=CIRCLE('generated circle',#2289,2.7) ;
#2306=CIRCLE('generated circle',#2305,2.7) ;
#2325=CIRCLE('generated circle',#2324,2.7) ;
#2330=CIRCLE('generated circle',#2329,2.7) ;
#2363=CIRCLE('generated circle',#2362,1.5) ;
#2372=CIRCLE('generated circle',#2371,1.5) ;
#2381=CIRCLE('generated circle',#2380,1.5) ;
#2390=CIRCLE('generated circle',#2389,1.5) ;
#2399=CIRCLE('generated circle',#2398,1.5) ;
#2408=CIRCLE('generated circle',#2407,1.5) ;
#2417=CIRCLE('generated circle',#2416,1.5) ;
#2426=CIRCLE('generated circle',#2425,1.5) ;
#2465=CIRCLE('generated circle',#2464,2.7) ;
#2474=CIRCLE('generated circle',#2473,2.7) ;
#2483=CIRCLE('generated circle',#2482,2.7) ;
#2492=CIRCLE('generated circle',#2491,2.7) ;
#2501=CIRCLE('generated circle',#2500,2.7) ;
#2510=CIRCLE('generated circle',#2509,2.7) ;
#2519=CIRCLE('generated circle',#2518,2.7) ;
#2528=CIRCLE('generated circle',#2527,2.7) ;
#2543=CIRCLE('generated circle',#2542,1.5) ;
#2569=CIRCLE('generated circle',#2568,1.5) ;
#2586=CIRCLE('generated circle',#2585,1.5) ;
#2612=CIRCLE('generated circle',#2611,1.5) ;
#2629=CIRCLE('generated circle',#2628,1.5) ;
#2655=CIRCLE('generated circle',#2654,1.5) ;
#2672=CIRCLE('generated circle',#2671,1.5) ;
#2698=CIRCLE('generated circle',#2697,1.5) ;
#2729=CIRCLE('generated circle',#2728,2.7) ;
#2741=CIRCLE('generated circle',#2740,2.7) ;
#2786=CIRCLE('generated circle',#2785,2.7) ;
#2798=CIRCLE('generated circle',#2797,2.7) ;
#2838=CIRCLE('generated circle',#2837,2.7) ;
#2850=CIRCLE('generated circle',#2849,2.7) ;
#2890=CIRCLE('generated circle',#2889,2.7) ;
#2902=CIRCLE('generated circle',#2901,2.7) ;
#2964=CIRCLE('generated circle',#2963,4.) ;
#2978=CIRCLE('generated circle',#2977,4.) ;
#2995=CIRCLE('generated circle',#2994,22.) ;
#3009=CIRCLE('generated circle',#3008,22.) ;
#3026=CIRCLE('generated circle',#3025,4.) ;
#3040=CIRCLE('generated circle',#3039,4.) ;
#3057=CIRCLE('generated circle',#3056,14.) ;
#3062=CIRCLE('generated circle',#3061,14.) ;
#3079=CIRCLE('generated circle',#3078,2.2) ;
#3095=CIRCLE('generated circle',#3094,2.2) ;
#3114=CIRCLE('generated circle',#3113,2.2) ;
#3119=CIRCLE('generated circle',#3118,2.2) ;
#3136=CIRCLE('generated circle',#3135,2.2) ;
#3152=CIRCLE('generated circle',#3151,2.2) ;
#3171=CIRCLE('generated circle',#3170,2.2) ;
#3176=CIRCLE('generated circle',#3175,2.2) ;
#3401=CIRCLE('generated circle',#3400,42.4) ;
#3415=CIRCLE('generated circle',#3414,42.4) ;
#3429=CIRCLE('generated circle',#3428,42.4) ;
#3458=CIRCLE('generated circle',#3457,49.9) ;
#3467=CIRCLE('generated circle',#3466,49.9) ;
#3474=CIRCLE('generated circle',#3473,49.9) ;
#3481=CIRCLE('generated circle',#3480,49.9) ;
#3488=CIRCLE('generated circle',#3487,49.9) ;
#3495=CIRCLE('generated circle',#3494,49.9) ;
#3508=CIRCLE('generated circle',#3507,2.5) ;
#3517=CIRCLE('generated circle',#3516,2.5) ;
#3526=CIRCLE('generated circle',#3525,2.5) ;
#3535=CIRCLE('generated circle',#3534,2.5) ;
#3544=CIRCLE('generated circle',#3543,2.5) ;
#3553=CIRCLE('generated circle',#3552,2.5) ;
#3562=CIRCLE('generated circle',#3561,1.5) ;
#3571=CIRCLE('generated circle',#3570,1.5) ;
#3580=CIRCLE('generated circle',#3579,1.5) ;
#3589=CIRCLE('generated circle',#3588,1.5) ;
#3598=CIRCLE('generated circle',#3597,1.5) ;
#3607=CIRCLE('generated circle',#3606,1.5) ;
#3616=CIRCLE('generated circle',#3615,1.5) ;
#3625=CIRCLE('generated circle',#3624,1.5) ;
#3634=CIRCLE('generated circle',#3633,16.2) ;
#3643=CIRCLE('generated circle',#3642,16.2) ;
#3661=CIRCLE('generated circle',#3660,5.) ;
#3668=CIRCLE('generated circle',#3667,25.5) ;
#3675=CIRCLE('generated circle',#3674,5.) ;
#3689=CIRCLE('generated circle',#3688,5.) ;
#3696=CIRCLE('generated circle',#3695,42.4) ;
#3703=CIRCLE('generated circle',#3702,5.) ;
#3727=CIRCLE('generated circle',#3726,5.) ;
#3734=CIRCLE('generated circle',#3733,25.5) ;
#3741=CIRCLE('generated circle',#3740,5.) ;
#3755=CIRCLE('generated circle',#3754,5.) ;
#3762=CIRCLE('generated circle',#3761,42.4) ;
#3769=CIRCLE('generated circle',#3768,5.) ;
#3784=CIRCLE('generated circle',#3783,25.5) ;
#3793=CIRCLE('generated circle',#3792,5.) ;
#3807=CIRCLE('generated circle',#3806,5.) ;
#3814=CIRCLE('generated circle',#3813,42.4) ;
#3821=CIRCLE('generated circle',#3820,5.) ;
#3835=CIRCLE('generated circle',#3834,5.) ;
#3859=CIRCLE('generated circle',#3858,5.) ;
#3864=CIRCLE('generated circle',#3863,5.) ;
#3878=CIRCLE('generated circle',#3877,5.) ;
#3885=CIRCLE('generated circle',#3884,25.5) ;
#3892=CIRCLE('generated circle',#3891,5.) ;
#3907=CIRCLE('generated circle',#3906,5.) ;
#3916=CIRCLE('generated circle',#3915,42.4) ;
#3923=CIRCLE('generated circle',#3922,5.) ;
#3937=CIRCLE('generated circle',#3936,5.) ;
#3944=CIRCLE('generated circle',#3943,25.5) ;
#3951=CIRCLE('generated circle',#3950,5.) ;
#3973=CIRCLE('generated circle',#3972,5.) ;
#3982=CIRCLE('generated circle',#3981,42.4) ;
#3989=CIRCLE('generated circle',#3988,5.) ;
#4003=CIRCLE('generated circle',#4002,5.) ;
#4010=CIRCLE('generated circle',#4009,25.5) ;
#4017=CIRCLE('generated circle',#4016,5.) ;
#4052=CIRCLE('generated circle',#4051,49.9) ;
#4076=CIRCLE('generated circle',#4075,15.) ;
#4092=CIRCLE('generated circle',#4091,5.) ;
#4099=CIRCLE('generated circle',#4098,42.4) ;
#4113=CIRCLE('generated circle',#4112,49.9) ;
#4127=CIRCLE('generated circle',#4126,42.4) ;
#4134=CIRCLE('generated circle',#4133,5.) ;
#4158=CIRCLE('generated circle',#4157,2.5) ;
#4167=CIRCLE('generated circle',#4166,2.5) ;
#4208=CIRCLE('generated circle',#4207,15.) ;
#4224=CIRCLE('generated circle',#4223,5.) ;
#4231=CIRCLE('generated circle',#4230,42.4) ;
#4245=CIRCLE('generated circle',#4244,49.9) ;
#4259=CIRCLE('generated circle',#4258,42.4) ;
#4266=CIRCLE('generated circle',#4265,5.) ;
#4290=CIRCLE('generated circle',#4289,2.5) ;
#4299=CIRCLE('generated circle',#4298,2.5) ;
#4354=CIRCLE('generated circle',#4353,15.) ;
#4368=CIRCLE('generated circle',#4367,15.) ;
#4399=CIRCLE('generated circle',#4398,15.) ;
#4430=CIRCLE('generated circle',#4429,15.) ;
#4578=CIRCLE('generated circle',#4577,5.) ;
#4609=CIRCLE('generated circle',#4608,25.5) ;
#4626=CIRCLE('generated circle',#4625,5.) ;
#4635=CIRCLE('generated circle',#4634,5.) ;
#4682=CIRCLE('generated circle',#4681,5.) ;
#4744=CIRCLE('generated circle',#4743,5.) ;
#4758=CIRCLE('generated circle',#4757,5.) ;
#4778=CIRCLE('generated circle',#4777,25.5) ;
#4795=CIRCLE('generated circle',#4794,5.) ;
#4843=CIRCLE('generated circle',#4842,5.) ;
#4867=CIRCLE('generated circle',#4866,42.4) ;
#4879=CIRCLE('generated circle',#4878,42.4) ;
#4898=CIRCLE('generated circle',#4897,5.) ;
#4915=CIRCLE('generated circle',#4914,5.) ;
#4953=CIRCLE('generated circle',#4952,25.5) ;
#4970=CIRCLE('generated circle',#4969,5.) ;
#4979=CIRCLE('generated circle',#4978,5.) ;
#5052=CIRCLE('generated circle',#5051,5.) ;
#5102=CIRCLE('generated circle',#5101,5.) ;
#5121=CIRCLE('generated circle',#5120,42.4) ;
#5188=CIRCLE('generated circle',#5187,5.) ;
#5202=CIRCLE('generated circle',#5201,5.) ;
#5215=CIRCLE('generated circle',#5214,25.5) ;
#5232=CIRCLE('generated circle',#5231,5.) ;
#5282=CIRCLE('generated circle',#5281,5.) ;
#5308=CIRCLE('generated circle',#5307,25.5) ;
#5325=CIRCLE('generated circle',#5324,5.) ;
#5334=CIRCLE('generated circle',#5333,5.) ;
#5376=CIRCLE('generated circle',#5375,5.) ;
#5402=CIRCLE('generated circle',#5401,42.4) ;
#5464=CIRCLE('generated circle',#5463,5.) ;
#5478=CIRCLE('generated circle',#5477,5.) ;
#5498=CIRCLE('generated circle',#5497,25.5) ;
#5515=CIRCLE('generated circle',#5514,5.) ;
#5558=CIRCLE('generated circle',#5557,16.2) ;
#5577=CIRCLE('generated circle',#5576,16.2) ;
#5601=CIRCLE('generated circle',#5600,1.5) ;
#5620=CIRCLE('generated circle',#5619,1.5) ;
#5644=CIRCLE('generated circle',#5643,1.5) ;
#5663=CIRCLE('generated circle',#5662,1.5) ;
#5687=CIRCLE('generated circle',#5686,1.5) ;
#5706=CIRCLE('generated circle',#5705,1.5) ;
#5730=CIRCLE('generated circle',#5729,1.5) ;
#5749=CIRCLE('generated circle',#5748,1.5) ;
#5773=CIRCLE('generated circle',#5772,2.5) ;
#5792=CIRCLE('generated circle',#5791,2.5) ;
#5867=CIRCLE('generated circle',#5866,5.) ;
#5884=CIRCLE('generated circle',#5883,49.9) ;
#5889=CIRCLE('generated circle',#5888,42.4) ;
#5899=CIRCLE('generated circle',#5898,49.9) ;
#5904=CIRCLE('generated circle',#5903,42.4) ;
#6016=CIRCLE('generated circle',#6015,5.) ;
#6021=CIRCLE('generated circle',#6020,49.9) ;
#65=CONICAL_SURFACE('Cone',#64,0.,1.0471975512) ;
#1470=CONICAL_SURFACE('Cone',#1469,0.,1.0471975512) ;
#1542=CONICAL_SURFACE('Cone',#1541,0.,1.0471975512) ;
#1615=CONTEXT_DEPENDENT_SHAPE_REPRESENTATION(#1616,#1614) ;
#2006=CONTEXT_DEPENDENT_SHAPE_REPRESENTATION(#2007,#2005) ;
#2021=CONTEXT_DEPENDENT_SHAPE_REPRESENTATION(#2022,#2020) ;
#2034=CONTEXT_DEPENDENT_SHAPE_REPRESENTATION(#2035,#2033) ;
#2925=CONTEXT_DEPENDENT_SHAPE_REPRESENTATION(#2926,#2924) ;
#3230=CONTEXT_DEPENDENT_SHAPE_REPRESENTATION(#3231,#3229) ;
#3245=CONTEXT_DEPENDENT_SHAPE_REPRESENTATION(#3246,#3244) ;
#3258=CONTEXT_DEPENDENT_SHAPE_REPRESENTATION(#3259,#3257) ;
#6388=CONTEXT_DEPENDENT_SHAPE_REPRESENTATION(#6389,#6387) ;
#6403=CONTEXT_DEPENDENT_SHAPE_REPRESENTATION(#6404,#6402) ;
#1612=SHAPE_REPRESENTATION_RELATIONSHIP(' ',' ',#52,#1611) ;
#2003=SHAPE_REPRESENTATION_RELATIONSHIP(' ',' ',#1628,#2002) ;
#2922=SHAPE_REPRESENTATION_RELATIONSHIP(' ',' ',#2045,#2921) ;
#3227=SHAPE_REPRESENTATION_RELATIONSHIP(' ',' ',#2938,#3226) ;
#6385=SHAPE_REPRESENTATION_RELATIONSHIP(' ',' ',#3269,#6384) ;
#327=CYLINDRICAL_SURFACE('generated cylinder',#326,49.9) ;
#476=CYLINDRICAL_SURFACE('generated cylinder',#475,2.5) ;
#531=CYLINDRICAL_SURFACE('generated cylinder',#530,2.5) ;
#572=CYLINDRICAL_SURFACE('generated cylinder',#571,2.5) ;
#627=CYLINDRICAL_SURFACE('generated cylinder',#626,2.5) ;
#668=CYLINDRICAL_SURFACE('generated cylinder',#667,2.5) ;
#723=CYLINDRICAL_SURFACE('generated cylinder',#722,2.5) ;
#764=CYLINDRICAL_SURFACE('generated cylinder',#763,2.5) ;
#807=CYLINDRICAL_SURFACE('generated cylinder',#806,2.5) ;
#850=CYLINDRICAL_SURFACE('generated cylinder',#849,2.5) ;
#893=CYLINDRICAL_SURFACE('generated cylinder',#892,14.2) ;
#936=CYLINDRICAL_SURFACE('generated cylinder',#935,15.) ;
#967=CYLINDRICAL_SURFACE('generated cylinder',#966,15.) ;
#998=CYLINDRICAL_SURFACE('generated cylinder',#997,15.) ;
#1057=CYLINDRICAL_SURFACE('generated cylinder',#1056,16.2) ;
#1296=CYLINDRICAL_SURFACE('generated cylinder',#1295,2.) ;
#1368=CYLINDRICAL_SURFACE('generated cylinder',#1367,49.9) ;
#1513=CYLINDRICAL_SURFACE('generated cylinder',#1512,2.) ;
#1585=CYLINDRICAL_SURFACE('generated cylinder',#1584,2.) ;
#1641=CYLINDRICAL_SURFACE('generated cylinder',#1640,17.) ;
#1681=CYLINDRICAL_SURFACE('generated cylinder',#1680,2.) ;
#1795=CYLINDRICAL_SURFACE('generated cylinder',#1794,52.) ;
#1977=CYLINDRICAL_SURFACE('generated cylinder',#1976,3.35) ;
#1991=CYLINDRICAL_SURFACE('generated cylinder',#1990,3.35) ;
#2058=CYLINDRICAL_SURFACE('generated cylinder',#2057,16.) ;
#2115=CYLINDRICAL_SURFACE('generated cylinder',#2114,2.) ;
#2172=CYLINDRICAL_SURFACE('generated cylinder',#2171,2.) ;
#2229=CYLINDRICAL_SURFACE('generated cylinder',#2228,2.) ;
#2286=CYLINDRICAL_SURFACE('generated cylinder',#2285,2.7) ;
#2539=CYLINDRICAL_SURFACE('generated cylinder',#2538,1.5) ;
#2582=CYLINDRICAL_SURFACE('generated cylinder',#2581,1.5) ;
#2625=CYLINDRICAL_SURFACE('generated cylinder',#2624,1.5) ;
#2668=CYLINDRICAL_SURFACE('generated cylinder',#2667,1.5) ;
#2711=CYLINDRICAL_SURFACE('generated cylinder',#2710,2.7) ;
#2768=CYLINDRICAL_SURFACE('generated cylinder',#2767,2.7) ;
#2820=CYLINDRICAL_SURFACE('generated cylinder',#2819,2.7) ;
#2872=CYLINDRICAL_SURFACE('generated cylinder',#2871,2.7) ;
#2951=CYLINDRICAL_SURFACE('generated cylinder',#2950,4.) ;
#2991=CYLINDRICAL_SURFACE('generated cylinder',#2990,22.) ;
#3022=CYLINDRICAL_SURFACE('generated cylinder',#3021,4.) ;
#3053=CYLINDRICAL_SURFACE('generated cylinder',#3052,14.) ;
#3075=CYLINDRICAL_SURFACE('generated cylinder',#3074,2.2) ;
#3132=CYLINDRICAL_SURFACE('generated cylinder',#3131,2.2) ;
#3282=CYLINDRICAL_SURFACE('generated cylinder',#3281,2.) ;
#3390=CYLINDRICAL_SURFACE('generated cylinder',#3389,42.4) ;
#4041=CYLINDRICAL_SURFACE('generated cylinder',#4040,49.9) ;
#4341=CYLINDRICAL_SURFACE('generated cylinder',#4340,15.) ;
#4381=CYLINDRICAL_SURFACE('generated cylinder',#4380,15.) ;
#4412=CYLINDRICAL_SURFACE('generated cylinder',#4411,15.) ;
#4574=CYLINDRICAL_SURFACE('generated cylinder',#4573,5.) ;
#4598=CYLINDRICAL_SURFACE('generated cylinder',#4597,25.5) ;
#4622=CYLINDRICAL_SURFACE('generated cylinder',#4621,5.) ;
#4678=CYLINDRICAL_SURFACE('generated cylinder',#4677,5.) ;
#4740=CYLINDRICAL_SURFACE('generated cylinder',#4739,5.) ;
#4791=CYLINDRICAL_SURFACE('generated cylinder',#4790,5.) ;
#4839=CYLINDRICAL_SURFACE('generated cylinder',#4838,5.) ;
#4863=CYLINDRICAL_SURFACE('generated cylinder',#4862,42.4) ;
#4894=CYLINDRICAL_SURFACE('generated cylinder',#4893,5.) ;
#4911=CYLINDRICAL_SURFACE('generated cylinder',#4910,5.) ;
#4942=CYLINDRICAL_SURFACE('generated cylinder',#4941,25.5) ;
#4966=CYLINDRICAL_SURFACE('generated cylinder',#4965,5.) ;
#5048=CYLINDRICAL_SURFACE('generated cylinder',#5047,5.) ;
#5098=CYLINDRICAL_SURFACE('generated cylinder',#5097,5.) ;
#5141=CYLINDRICAL_SURFACE('generated cylinder',#5140,5.) ;
#5184=CYLINDRICAL_SURFACE('generated cylinder',#5183,5.) ;
#5228=CYLINDRICAL_SURFACE('generated cylinder',#5227,5.) ;
#5278=CYLINDRICAL_SURFACE('generated cylinder',#5277,5.) ;
#5321=CYLINDRICAL_SURFACE('generated cylinder',#5320,5.) ;
#5372=CYLINDRICAL_SURFACE('generated cylinder',#5371,5.) ;
#5422=CYLINDRICAL_SURFACE('generated cylinder',#5421,5.) ;
#5460=CYLINDRICAL_SURFACE('generated cylinder',#5459,5.) ;
#5511=CYLINDRICAL_SURFACE('generated cylinder',#5510,5.) ;
#5547=CYLINDRICAL_SURFACE('generated cylinder',#5546,16.2) ;
#5590=CYLINDRICAL_SURFACE('generated cylinder',#5589,1.5) ;
#5633=CYLINDRICAL_SURFACE('generated cylinder',#5632,1.5) ;
#5676=CYLINDRICAL_SURFACE('generated cylinder',#5675,1.5) ;
#5719=CYLINDRICAL_SURFACE('generated cylinder',#5718,1.5) ;
#5762=CYLINDRICAL_SURFACE('generated cylinder',#5761,2.5) ;
#5805=CYLINDRICAL_SURFACE('generated cylinder',#5804,2.5) ;
#5834=CYLINDRICAL_SURFACE('generated cylinder',#5833,2.5) ;
#5863=CYLINDRICAL_SURFACE('generated cylinder',#5862,5.) ;
#6044=CYLINDRICAL_SURFACE('generated cylinder',#6043,5.) ;
#6059=CYLINDRICAL_SURFACE('generated cylinder',#6058,49.9) ;
#6204=CYLINDRICAL_SURFACE('generated cylinder',#6203,5.) ;
#6286=CYLINDRICAL_SURFACE('generated cylinder',#6285,5.) ;
#6325=CYLINDRICAL_SURFACE('generated cylinder',#6324,2.) ;
#6356=CYLINDRICAL_SURFACE('generated cylinder',#6355,2.) ;
#3=DESIGN_CONTEXT(' ',#1,'design') ;
#74=EDGE_CURVE('',#71,#73,#69,.T.) ;
#81=EDGE_CURVE('',#80,#73,#78,.F.) ;
#86=EDGE_CURVE('',#71,#80,#85,.T.) ;
#106=EDGE_CURVE('',#103,#105,#101,.T.) ;
#113=EDGE_CURVE('',#112,#103,#110,.T.) ;
#120=EDGE_CURVE('',#119,#112,#117,.T.) ;
#127=EDGE_CURVE('',#126,#119,#124,.T.) ;
#134=EDGE_CURVE('',#133,#126,#131,.T.) ;
#139=EDGE_CURVE('',#105,#133,#138,.T.) ;
#156=EDGE_CURVE('',#153,#155,#151,.F.) ;
#163=EDGE_CURVE('',#155,#162,#160,.T.) ;
#170=EDGE_CURVE('',#162,#169,#167,.F.) ;
#175=EDGE_CURVE('',#169,#153,#174,.T.) ;
#190=EDGE_CURVE('',#187,#189,#185,.F.) ;
#197=EDGE_CURVE('',#189,#196,#194,.T.) ;
#204=EDGE_CURVE('',#196,#203,#201,.F.) ;
#209=EDGE_CURVE('',#203,#187,#208,.T.) ;
#224=EDGE_CURVE('',#221,#223,#219,.F.) ;
#231=EDGE_CURVE('',#223,#230,#228,.T.) ;
#238=EDGE_CURVE('',#230,#237,#235,.F.) ;
#243=EDGE_CURVE('',#237,#221,#242,.T.) ;
#258=EDGE_CURVE('',#255,#257,#253,.T.) ;
#263=EDGE_CURVE('',#257,#255,#262,.T.) ;
#276=EDGE_CURVE('',#273,#275,#271,.T.) ;
#281=EDGE_CURVE('',#275,#273,#280,.T.) ;
#294=EDGE_CURVE('',#291,#293,#289,.T.) ;
#299=EDGE_CURVE('',#293,#291,#298,.T.) ;
#312=EDGE_CURVE('',#309,#311,#307,.T.) ;
#317=EDGE_CURVE('',#311,#309,#316,.T.) ;
#334=EDGE_CURVE('',#103,#333,#331,.T.) ;
#341=EDGE_CURVE('',#105,#340,#338,.T.) ;
#346=EDGE_CURVE('',#333,#340,#345,.T.) ;
#365=EDGE_CURVE('',#333,#364,#362,.F.) ;
#372=EDGE_CURVE('',#364,#371,#369,.T.) ;
#379=EDGE_CURVE('',#378,#371,#376,.F.) ;
#384=EDGE_CURVE('',#333,#378,#383,.T.) ;
#405=EDGE_CURVE('',#402,#404,#400,.F.) ;
#412=EDGE_CURVE('',#404,#411,#409,.T.) ;
#419=EDGE_CURVE('',#418,#411,#416,.F.) ;
#424=EDGE_CURVE('',#402,#418,#423,.T.) ;
#445=EDGE_CURVE('',#442,#444,#440,.F.) ;
#452=EDGE_CURVE('',#444,#451,#449,.T.) ;
#459=EDGE_CURVE('',#458,#451,#456,.F.) ;
#464=EDGE_CURVE('',#442,#458,#463,.T.) ;
#485=EDGE_CURVE('',#482,#484,#480,.T.) ;
#490=EDGE_CURVE('',#153,#484,#489,.T.) ;
#495=EDGE_CURVE('',#169,#482,#494,.T.) ;
#514=EDGE_CURVE('',#513,#482,#511,.F.) ;
#519=EDGE_CURVE('',#162,#513,#518,.T.) ;
#538=EDGE_CURVE('',#537,#513,#535,.T.) ;
#543=EDGE_CURVE('',#155,#537,#542,.T.) ;
#560=EDGE_CURVE('',#484,#537,#559,.F.) ;
#581=EDGE_CURVE('',#578,#580,#576,.T.) ;
#586=EDGE_CURVE('',#187,#580,#585,.T.) ;
#591=EDGE_CURVE('',#203,#578,#590,.T.) ;
#610=EDGE_CURVE('',#609,#578,#607,.F.) ;
#615=EDGE_CURVE('',#196,#609,#614,.T.) ;
#634=EDGE_CURVE('',#633,#609,#631,.T.) ;
#639=EDGE_CURVE('',#189,#633,#638,.T.) ;
#656=EDGE_CURVE('',#580,#633,#655,.F.) ;
#677=EDGE_CURVE('',#674,#676,#672,.T.) ;
#682=EDGE_CURVE('',#221,#676,#681,.T.) ;
#687=EDGE_CURVE('',#237,#674,#686,.T.) ;
#706=EDGE_CURVE('',#705,#674,#703,.F.) ;
#711=EDGE_CURVE('',#230,#705,#710,.T.) ;
#730=EDGE_CURVE('',#729,#705,#727,.T.) ;
#735=EDGE_CURVE('',#223,#729,#734,.T.) ;
#752=EDGE_CURVE('',#676,#729,#751,.F.) ;
#773=EDGE_CURVE('',#770,#772,#768,.T.) ;
#778=EDGE_CURVE('',#255,#772,#777,.T.) ;
#783=EDGE_CURVE('',#257,#770,#782,.T.) ;
#795=EDGE_CURVE('',#772,#770,#794,.T.) ;
#816=EDGE_CURVE('',#813,#815,#811,.T.) ;
#821=EDGE_CURVE('',#273,#815,#820,.T.) ;
#826=EDGE_CURVE('',#275,#813,#825,.T.) ;
#838=EDGE_CURVE('',#815,#813,#837,.T.) ;
#859=EDGE_CURVE('',#856,#858,#854,.T.) ;
#864=EDGE_CURVE('',#291,#858,#863,.T.) ;
#869=EDGE_CURVE('',#293,#856,#868,.T.) ;
#881=EDGE_CURVE('',#858,#856,#880,.T.) ;
#902=EDGE_CURVE('',#899,#901,#897,.T.) ;
#907=EDGE_CURVE('',#309,#901,#906,.T.) ;
#912=EDGE_CURVE('',#311,#899,#911,.T.) ;
#924=EDGE_CURVE('',#901,#899,#923,.T.) ;
#945=EDGE_CURVE('',#942,#944,#940,.T.) ;
#950=EDGE_CURVE('',#371,#944,#949,.T.) ;
#955=EDGE_CURVE('',#364,#942,#954,.T.) ;
#976=EDGE_CURVE('',#973,#975,#971,.T.) ;
#981=EDGE_CURVE('',#411,#975,#980,.T.) ;
#986=EDGE_CURVE('',#404,#973,#985,.T.) ;
#1007=EDGE_CURVE('',#1004,#1006,#1002,.T.) ;
#1012=EDGE_CURVE('',#451,#1006,#1011,.T.) ;
#1017=EDGE_CURVE('',#444,#1004,#1016,.T.) ;
#1038=EDGE_CURVE('',#1035,#1037,#1033,.T.) ;
#1043=EDGE_CURVE('',#1037,#1035,#1042,.T.) ;
#1064=EDGE_CURVE('',#1035,#1063,#1061,.T.) ;
#1071=EDGE_CURVE('',#1063,#1070,#1068,.T.) ;
#1076=EDGE_CURVE('',#1037,#1070,#1075,.T.) ;
#1088=EDGE_CURVE('',#1070,#1063,#1087,.T.) ;
#1105=EDGE_CURVE('',#1004,#340,#1104,.F.) ;
#1112=EDGE_CURVE('',#340,#1111,#1109,.T.) ;
#1117=EDGE_CURVE('',#1006,#1111,#1116,.F.) ;
#1134=EDGE_CURVE('',#1111,#458,#1133,.T.) ;
#1157=EDGE_CURVE('',#973,#1156,#1154,.F.) ;
#1164=EDGE_CURVE('',#1156,#1163,#1161,.T.) ;
#1169=EDGE_CURVE('',#975,#1163,#1168,.F.) ;
#1181=EDGE_CURVE('',#1163,#418,#1180,.T.) ;
#1202=EDGE_CURVE('',#442,#1156,#1201,.T.) ;
#1209=EDGE_CURVE('',#402,#1208,#1206,.T.) ;
#1214=EDGE_CURVE('',#942,#1208,#1213,.F.) ;
#1263=EDGE_CURVE('',#1208,#1262,#1260,.T.) ;
#1268=EDGE_CURVE('',#944,#1262,#1267,.F.) ;
#1280=EDGE_CURVE('',#1262,#378,#1279,.T.) ;
#1314=EDGE_CURVE('',#1311,#1313,#1297,.T.) ;
#1319=EDGE_CURVE('',#73,#1311,#1318,.F.) ;
#1324=EDGE_CURVE('',#73,#80,#1323,.T.) ;
#1329=EDGE_CURVE('',#80,#1313,#1328,.F.) ;
#1350=EDGE_CURVE('',#1313,#1311,#1337,.T.) ;
#1410=EDGE_CURVE('',#1407,#1409,#1393,.T.) ;
#1424=EDGE_CURVE('',#1409,#1407,#1411,.T.) ;
#1446=EDGE_CURVE('',#1443,#1445,#1429,.T.) ;
#1460=EDGE_CURVE('',#1445,#1443,#1447,.T.) ;
#1479=EDGE_CURVE('',#1476,#1478,#1474,.T.) ;
#1486=EDGE_CURVE('',#1485,#1478,#1483,.F.) ;
#1491=EDGE_CURVE('',#1476,#1485,#1490,.T.) ;
#1502=EDGE_CURVE('',#1478,#1485,#1501,.F.) ;
#1518=EDGE_CURVE('',#1485,#1445,#1517,.F.) ;
#1523=EDGE_CURVE('',#1478,#1443,#1522,.F.) ;
#1551=EDGE_CURVE('',#1548,#1550,#1546,.T.) ;
#1558=EDGE_CURVE('',#1557,#1550,#1555,.F.) ;
#1563=EDGE_CURVE('',#1548,#1557,#1562,.T.) ;
#1574=EDGE_CURVE('',#1550,#1557,#1573,.F.) ;
#1590=EDGE_CURVE('',#1557,#1409,#1589,.F.) ;
#1595=EDGE_CURVE('',#1550,#1407,#1594,.F.) ;
#1650=EDGE_CURVE('',#1647,#1649,#1645,.T.) ;
#1657=EDGE_CURVE('',#1647,#1656,#1654,.F.) ;
#1664=EDGE_CURVE('',#1656,#1663,#1661,.T.) ;
#1669=EDGE_CURVE('',#1649,#1663,#1668,.F.) ;
#1690=EDGE_CURVE('',#1687,#1689,#1685,.T.) ;
#1697=EDGE_CURVE('',#1696,#1689,#1694,.T.) ;
#1704=EDGE_CURVE('',#1703,#1696,#1701,.T.) ;
#1709=EDGE_CURVE('',#1703,#1687,#1708,.T.) ;
#1721=EDGE_CURVE('',#1689,#1687,#1720,.T.) ;
#1726=EDGE_CURVE('',#1696,#1703,#1725,.T.) ;
#1747=EDGE_CURVE('',#1744,#1746,#1742,.T.) ;
#1752=EDGE_CURVE('',#1663,#1744,#1751,.F.) ;
#1757=EDGE_CURVE('',#1656,#1746,#1756,.F.) ;
#1773=EDGE_CURVE('',#1770,#1772,#1768,.T.) ;
#1778=EDGE_CURVE('',#1770,#1647,#1777,.F.) ;
#1783=EDGE_CURVE('',#1772,#1649,#1782,.F.) ;
#1804=EDGE_CURVE('',#1801,#1803,#1799,.T.) ;
#1823=EDGE_CURVE('',#1803,#1822,#1805,.T.) ;
#1830=EDGE_CURVE('',#1829,#1822,#1827,.T.) ;
#1847=EDGE_CURVE('',#1829,#1801,#1831,.T.) ;
#1864=EDGE_CURVE('',#1746,#1801,#1863,.T.) ;
#1869=EDGE_CURVE('',#1770,#1803,#1868,.T.) ;
#1894=EDGE_CURVE('',#1744,#1893,#1891,.T.) ;
#1901=EDGE_CURVE('',#1893,#1900,#1898,.F.) ;
#1906=EDGE_CURVE('',#1772,#1900,#1905,.T.) ;
#1933=EDGE_CURVE('',#1930,#1932,#1928,.F.) ;
#1938=EDGE_CURVE('',#1932,#1900,#1937,.T.) ;
#1943=EDGE_CURVE('',#1893,#1930,#1942,.T.) ;
#1960=EDGE_CURVE('',#1932,#1822,#1959,.T.) ;
#1965=EDGE_CURVE('',#1930,#1829,#1964,.T.) ;
#2067=EDGE_CURVE('',#2064,#2066,#2062,.T.) ;
#2074=EDGE_CURVE('',#2064,#2073,#2071,.T.) ;
#2081=EDGE_CURVE('',#2073,#2080,#2078,.T.) ;
#2086=EDGE_CURVE('',#2066,#2080,#2085,.T.) ;
#2098=EDGE_CURVE('',#2073,#2064,#2097,.T.) ;
#2103=EDGE_CURVE('',#2080,#2066,#2102,.T.) ;
#2124=EDGE_CURVE('',#2121,#2123,#2119,.T.) ;
#2131=EDGE_CURVE('',#2130,#2123,#2128,.T.) ;
#2138=EDGE_CURVE('',#2137,#2130,#2135,.T.) ;
#2143=EDGE_CURVE('',#2137,#2121,#2142,.T.) ;
#2155=EDGE_CURVE('',#2123,#2121,#2154,.T.) ;
#2160=EDGE_CURVE('',#2130,#2137,#2159,.T.) ;
#2181=EDGE_CURVE('',#2178,#2180,#2176,.T.) ;
#2188=EDGE_CURVE('',#2187,#2180,#2185,.T.) ;
#2195=EDGE_CURVE('',#2194,#2187,#2192,.T.) ;
#2200=EDGE_CURVE('',#2194,#2178,#2199,.T.) ;
#2212=EDGE_CURVE('',#2180,#2178,#2211,.T.) ;
#2217=EDGE_CURVE('',#2187,#2194,#2216,.T.) ;
#2238=EDGE_CURVE('',#2235,#2237,#2233,.T.) ;
#2245=EDGE_CURVE('',#2244,#2237,#2242,.T.) ;
#2252=EDGE_CURVE('',#2251,#2244,#2249,.T.) ;
#2257=EDGE_CURVE('',#2251,#2235,#2256,.T.) ;
#2269=EDGE_CURVE('',#2237,#2235,#2268,.T.) ;
#2274=EDGE_CURVE('',#2244,#2251,#2273,.T.) ;
#2295=EDGE_CURVE('',#2292,#2294,#2290,.T.) ;
#2302=EDGE_CURVE('',#2301,#2294,#2299,.T.) ;
#2309=EDGE_CURVE('',#2308,#2301,#2306,.T.) ;
#2314=EDGE_CURVE('',#2308,#2292,#2313,.T.) ;
#2326=EDGE_CURVE('',#2294,#2292,#2325,.T.) ;
#2331=EDGE_CURVE('',#2301,#2308,#2330,.T.) ;
#2368=EDGE_CURVE('',#2365,#2367,#2363,.T.) ;
#2373=EDGE_CURVE('',#2367,#2365,#2372,.T.) ;
#2386=EDGE_CURVE('',#2383,#2385,#2381,.T.) ;
#2391=EDGE_CURVE('',#2385,#2383,#2390,.T.) ;
#2404=EDGE_CURVE('',#2401,#2403,#2399,.T.) ;
#2409=EDGE_CURVE('',#2403,#2401,#2408,.T.) ;
#2422=EDGE_CURVE('',#2419,#2421,#2417,.T.) ;
#2427=EDGE_CURVE('',#2421,#2419,#2426,.T.) ;
#2470=EDGE_CURVE('',#2467,#2469,#2465,.F.) ;
#2475=EDGE_CURVE('',#2469,#2467,#2474,.F.) ;
#2488=EDGE_CURVE('',#2485,#2487,#2483,.F.) ;
#2493=EDGE_CURVE('',#2487,#2485,#2492,.F.) ;
#2506=EDGE_CURVE('',#2503,#2505,#2501,.F.) ;
#2511=EDGE_CURVE('',#2505,#2503,#2510,.F.) ;
#2524=EDGE_CURVE('',#2521,#2523,#2519,.F.) ;
#2529=EDGE_CURVE('',#2523,#2521,#2528,.F.) ;
#2548=EDGE_CURVE('',#2545,#2547,#2543,.F.) ;
#2553=EDGE_CURVE('',#2547,#2421,#2552,.T.) ;
#2558=EDGE_CURVE('',#2545,#2419,#2557,.T.) ;
#2570=EDGE_CURVE('',#2547,#2545,#2569,.F.) ;
#2591=EDGE_CURVE('',#2588,#2590,#2586,.F.) ;
#2596=EDGE_CURVE('',#2590,#2403,#2595,.T.) ;
#2601=EDGE_CURVE('',#2588,#2401,#2600,.T.) ;
#2613=EDGE_CURVE('',#2590,#2588,#2612,.F.) ;
#2634=EDGE_CURVE('',#2631,#2633,#2629,.F.) ;
#2639=EDGE_CURVE('',#2633,#2385,#2638,.T.) ;
#2644=EDGE_CURVE('',#2631,#2383,#2643,.T.) ;
#2656=EDGE_CURVE('',#2633,#2631,#2655,.F.) ;
#2677=EDGE_CURVE('',#2674,#2676,#2672,.F.) ;
#2682=EDGE_CURVE('',#2676,#2367,#2681,.T.) ;
#2687=EDGE_CURVE('',#2674,#2365,#2686,.T.) ;
#2699=EDGE_CURVE('',#2676,#2674,#2698,.F.) ;
#2718=EDGE_CURVE('',#2487,#2717,#2715,.F.) ;
#2725=EDGE_CURVE('',#2485,#2724,#2722,.F.) ;
#2730=EDGE_CURVE('',#2717,#2724,#2729,.T.) ;
#2742=EDGE_CURVE('',#2724,#2717,#2741,.T.) ;
#2775=EDGE_CURVE('',#2523,#2774,#2772,.F.) ;
#2782=EDGE_CURVE('',#2521,#2781,#2779,.F.) ;
#2787=EDGE_CURVE('',#2774,#2781,#2786,.T.) ;
#2799=EDGE_CURVE('',#2781,#2774,#2798,.T.) ;
#2827=EDGE_CURVE('',#2469,#2826,#2824,.F.) ;
#2834=EDGE_CURVE('',#2467,#2833,#2831,.F.) ;
#2839=EDGE_CURVE('',#2826,#2833,#2838,.T.) ;
#2851=EDGE_CURVE('',#2833,#2826,#2850,.T.) ;
#2879=EDGE_CURVE('',#2505,#2878,#2876,.F.) ;
#2886=EDGE_CURVE('',#2503,#2885,#2883,.F.) ;
#2891=EDGE_CURVE('',#2878,#2885,#2890,.T.) ;
#2903=EDGE_CURVE('',#2885,#2878,#2902,.T.) ;
#2960=EDGE_CURVE('',#2957,#2959,#2955,.T.) ;
#2967=EDGE_CURVE('',#2957,#2966,#2964,.T.) ;
#2974=EDGE_CURVE('',#2966,#2973,#2971,.T.) ;
#2979=EDGE_CURVE('',#2959,#2973,#2978,.T.) ;
#2998=EDGE_CURVE('',#2966,#2997,#2995,.T.) ;
#3005=EDGE_CURVE('',#2997,#3004,#3002,.T.) ;
#3010=EDGE_CURVE('',#2973,#3004,#3009,.T.) ;
#3029=EDGE_CURVE('',#2997,#3028,#3026,.T.) ;
#3036=EDGE_CURVE('',#3028,#3035,#3033,.T.) ;
#3041=EDGE_CURVE('',#3004,#3035,#3040,.T.) ;
#3058=EDGE_CURVE('',#3028,#2957,#3057,.F.) ;
#3063=EDGE_CURVE('',#3035,#2959,#3062,.F.) ;
#3084=EDGE_CURVE('',#3081,#3083,#3079,.T.) ;
#3091=EDGE_CURVE('',#3090,#3083,#3088,.T.) ;
#3098=EDGE_CURVE('',#3097,#3090,#3095,.T.) ;
#3103=EDGE_CURVE('',#3097,#3081,#3102,.T.) ;
#3115=EDGE_CURVE('',#3083,#3081,#3114,.T.) ;
#3120=EDGE_CURVE('',#3090,#3097,#3119,.T.) ;
#3141=EDGE_CURVE('',#3138,#3140,#3136,.T.) ;
#3148=EDGE_CURVE('',#3147,#3140,#3145,.T.) ;
#3155=EDGE_CURVE('',#3154,#3147,#3152,.T.) ;
#3160=EDGE_CURVE('',#3154,#3138,#3159,.T.) ;
#3172=EDGE_CURVE('',#3140,#3138,#3171,.T.) ;
#3177=EDGE_CURVE('',#3147,#3154,#3176,.T.) ;
#3291=EDGE_CURVE('',#3288,#3290,#3286,.F.) ;
#3300=EDGE_CURVE('',#3288,#3299,#3292,.T.) ;
#3316=EDGE_CURVE('',#3315,#3299,#3301,.T.) ;
#3323=EDGE_CURVE('',#3315,#3322,#3320,.F.) ;
#3337=EDGE_CURVE('',#3290,#3322,#3324,.T.) ;
#3355=EDGE_CURVE('',#3315,#3354,#3346,.T.) ;
#3363=EDGE_CURVE('',#3288,#3354,#3356,.T.) ;
#3377=EDGE_CURVE('',#3322,#3290,#3364,.T.) ;
#3397=EDGE_CURVE('',#3354,#3396,#3394,.T.) ;
#3404=EDGE_CURVE('',#3396,#3403,#3401,.T.) ;
#3411=EDGE_CURVE('',#3410,#3403,#3408,.T.) ;
#3418=EDGE_CURVE('',#3417,#3410,#3415,.T.) ;
#3425=EDGE_CURVE('',#3424,#3417,#3422,.T.) ;
#3432=EDGE_CURVE('',#3431,#3424,#3429,.T.) ;
#3437=EDGE_CURVE('',#3431,#3299,#3436,.T.) ;
#3463=EDGE_CURVE('',#3460,#3462,#3458,.T.) ;
#3470=EDGE_CURVE('',#3462,#3469,#3467,.T.) ;
#3477=EDGE_CURVE('',#3469,#3476,#3474,.T.) ;
#3484=EDGE_CURVE('',#3476,#3483,#3481,.T.) ;
#3491=EDGE_CURVE('',#3483,#3490,#3488,.T.) ;
#3496=EDGE_CURVE('',#3490,#3460,#3495,.T.) ;
#3513=EDGE_CURVE('',#3510,#3512,#3508,.T.) ;
#3518=EDGE_CURVE('',#3512,#3510,#3517,.T.) ;
#3531=EDGE_CURVE('',#3528,#3530,#3526,.T.) ;
#3536=EDGE_CURVE('',#3530,#3528,#3535,.T.) ;
#3549=EDGE_CURVE('',#3546,#3548,#3544,.T.) ;
#3554=EDGE_CURVE('',#3548,#3546,#3553,.T.) ;
#3567=EDGE_CURVE('',#3564,#3566,#3562,.T.) ;
#3572=EDGE_CURVE('',#3566,#3564,#3571,.T.) ;
#3585=EDGE_CURVE('',#3582,#3584,#3580,.T.) ;
#3590=EDGE_CURVE('',#3584,#3582,#3589,.T.) ;
#3603=EDGE_CURVE('',#3600,#3602,#3598,.T.) ;
#3608=EDGE_CURVE('',#3602,#3600,#3607,.T.) ;
#3621=EDGE_CURVE('',#3618,#3620,#3616,.T.) ;
#3626=EDGE_CURVE('',#3620,#3618,#3625,.T.) ;
#3639=EDGE_CURVE('',#3636,#3638,#3634,.T.) ;
#3644=EDGE_CURVE('',#3638,#3636,#3643,.T.) ;
#3657=EDGE_CURVE('',#3654,#3656,#3652,.T.) ;
#3664=EDGE_CURVE('',#3663,#3654,#3661,.T.) ;
#3671=EDGE_CURVE('',#3670,#3663,#3668,.F.) ;
#3678=EDGE_CURVE('',#3677,#3670,#3675,.T.) ;
#3685=EDGE_CURVE('',#3684,#3677,#3682,.F.) ;
#3692=EDGE_CURVE('',#3691,#3684,#3689,.T.) ;
#3699=EDGE_CURVE('',#3698,#3691,#3696,.T.) ;
#3704=EDGE_CURVE('',#3656,#3698,#3703,.T.) ;
#3723=EDGE_CURVE('',#3720,#3722,#3718,.T.) ;
#3730=EDGE_CURVE('',#3729,#3720,#3727,.T.) ;
#3737=EDGE_CURVE('',#3736,#3729,#3734,.F.) ;
#3744=EDGE_CURVE('',#3743,#3736,#3741,.T.) ;
#3751=EDGE_CURVE('',#3750,#3743,#3748,.F.) ;
#3758=EDGE_CURVE('',#3757,#3750,#3755,.T.) ;
#3765=EDGE_CURVE('',#3764,#3757,#3762,.T.) ;
#3770=EDGE_CURVE('',#3722,#3764,#3769,.T.) ;
#3789=EDGE_CURVE('',#3786,#3788,#3784,.F.) ;
#3796=EDGE_CURVE('',#3795,#3786,#3793,.T.) ;
#3803=EDGE_CURVE('',#3802,#3795,#3800,.F.) ;
#3810=EDGE_CURVE('',#3809,#3802,#3807,.T.) ;
#3817=EDGE_CURVE('',#3816,#3809,#3814,.T.) ;
#3824=EDGE_CURVE('',#3823,#3816,#3821,.T.) ;
#3831=EDGE_CURVE('',#3830,#3823,#3828,.T.) ;
#3836=EDGE_CURVE('',#3788,#3830,#3835,.T.) ;
#3855=EDGE_CURVE('',#3852,#3854,#3850,.F.) ;
#3860=EDGE_CURVE('',#3403,#3852,#3859,.T.) ;
#3867=EDGE_CURVE('',#3866,#3396,#3864,.T.) ;
#3874=EDGE_CURVE('',#3873,#3866,#3871,.T.) ;
#3881=EDGE_CURVE('',#3880,#3873,#3878,.T.) ;
#3888=EDGE_CURVE('',#3887,#3880,#3885,.F.) ;
#3893=EDGE_CURVE('',#3854,#3887,#3892,.T.) ;
#3912=EDGE_CURVE('',#3909,#3911,#3907,.T.) ;
#3919=EDGE_CURVE('',#3918,#3909,#3916,.T.) ;
#3926=EDGE_CURVE('',#3925,#3918,#3923,.T.) ;
#3933=EDGE_CURVE('',#3932,#3925,#3930,.T.) ;
#3940=EDGE_CURVE('',#3939,#3932,#3937,.T.) ;
#3947=EDGE_CURVE('',#3946,#3939,#3944,.F.) ;
#3954=EDGE_CURVE('',#3953,#3946,#3951,.T.) ;
#3959=EDGE_CURVE('',#3911,#3953,#3958,.F.) ;
#3978=EDGE_CURVE('',#3975,#3977,#3973,.T.) ;
#3985=EDGE_CURVE('',#3984,#3975,#3982,.T.) ;
#3992=EDGE_CURVE('',#3991,#3984,#3989,.T.) ;
#3999=EDGE_CURVE('',#3998,#3991,#3996,.T.) ;
#4006=EDGE_CURVE('',#4005,#3998,#4003,.T.) ;
#4013=EDGE_CURVE('',#4012,#4005,#4010,.F.) ;
#4020=EDGE_CURVE('',#4019,#4012,#4017,.T.) ;
#4025=EDGE_CURVE('',#3977,#4019,#4024,.F.) ;
#4048=EDGE_CURVE('',#4047,#3483,#4045,.T.) ;
#4055=EDGE_CURVE('',#4047,#4054,#4052,.T.) ;
#4060=EDGE_CURVE('',#4054,#3490,#4059,.T.) ;
#4081=EDGE_CURVE('',#4078,#4080,#4076,.T.) ;
#4088=EDGE_CURVE('',#4078,#4087,#4085,.T.) ;
#4095=EDGE_CURVE('',#4087,#4094,#4092,.T.) ;
#4102=EDGE_CURVE('',#4094,#4101,#4099,.T.) ;
#4109=EDGE_CURVE('',#4108,#4101,#4106,.F.) ;
#4116=EDGE_CURVE('',#4115,#4108,#4113,.T.) ;
#4123=EDGE_CURVE('',#4122,#4115,#4120,.F.) ;
#4130=EDGE_CURVE('',#4122,#4129,#4127,.T.) ;
#4137=EDGE_CURVE('',#4129,#4136,#4134,.T.) ;
#4142=EDGE_CURVE('',#4136,#4080,#4141,.F.) ;
#4163=EDGE_CURVE('',#4160,#4162,#4158,.T.) ;
#4168=EDGE_CURVE('',#4162,#4160,#4167,.T.) ;
#4185=EDGE_CURVE('',#4101,#4184,#4182,.T.) ;
#4192=EDGE_CURVE('',#4191,#4184,#4189,.F.) ;
#4197=EDGE_CURVE('',#4108,#4191,#4196,.T.) ;
#4213=EDGE_CURVE('',#4210,#4212,#4208,.T.) ;
#4220=EDGE_CURVE('',#4219,#4210,#4217,.F.) ;
#4227=EDGE_CURVE('',#4219,#4226,#4224,.T.) ;
#4234=EDGE_CURVE('',#4226,#4233,#4231,.T.) ;
#4241=EDGE_CURVE('',#4240,#4233,#4238,.F.) ;
#4248=EDGE_CURVE('',#4247,#4240,#4245,.T.) ;
#4255=EDGE_CURVE('',#4254,#4247,#4252,.F.) ;
#4262=EDGE_CURVE('',#4254,#4261,#4259,.T.) ;
#4269=EDGE_CURVE('',#4261,#4268,#4266,.T.) ;
#4274=EDGE_CURVE('',#4212,#4268,#4273,.F.) ;
#4295=EDGE_CURVE('',#4292,#4294,#4290,.T.) ;
#4300=EDGE_CURVE('',#4294,#4292,#4299,.T.) ;
#4317=EDGE_CURVE('',#4233,#4316,#4314,.T.) ;
#4324=EDGE_CURVE('',#4323,#4316,#4321,.F.) ;
#4329=EDGE_CURVE('',#4240,#4323,#4328,.T.) ;
#4350=EDGE_CURVE('',#4347,#4349,#4345,.T.) ;
#4357=EDGE_CURVE('',#4347,#4356,#4354,.T.) ;
#4364=EDGE_CURVE('',#4356,#4363,#4361,.T.) ;
#4369=EDGE_CURVE('',#4349,#4363,#4368,.T.) ;
#4388=EDGE_CURVE('',#4210,#4387,#4385,.T.) ;
#4395=EDGE_CURVE('',#4212,#4394,#4392,.T.) ;
#4400=EDGE_CURVE('',#4387,#4394,#4399,.T.) ;
#4419=EDGE_CURVE('',#4078,#4418,#4416,.T.) ;
#4426=EDGE_CURVE('',#4080,#4425,#4423,.T.) ;
#4431=EDGE_CURVE('',#4418,#4425,#4430,.T.) ;
#4450=EDGE_CURVE('',#4254,#4449,#4447,.T.) ;
#4455=EDGE_CURVE('',#4247,#4054,#4454,.T.) ;
#4460=EDGE_CURVE('',#4449,#4054,#4459,.F.) ;
#4481=EDGE_CURVE('',#4478,#4480,#4476,.T.) ;
#4488=EDGE_CURVE('',#4478,#4487,#4485,.F.) ;
#4495=EDGE_CURVE('',#4487,#4494,#4492,.T.) ;
#4500=EDGE_CURVE('',#4480,#4494,#4499,.F.) ;
#4519=EDGE_CURVE('',#4122,#4518,#4516,.T.) ;
#4526=EDGE_CURVE('',#4115,#4525,#4523,.T.) ;
#4531=EDGE_CURVE('',#4518,#4525,#4530,.F.) ;
#4552=EDGE_CURVE('',#4549,#4551,#4547,.T.) ;
#4557=EDGE_CURVE('',#4549,#3977,#4556,.T.) ;
#4562=EDGE_CURVE('',#4551,#4019,#4561,.T.) ;
#4581=EDGE_CURVE('',#4551,#4580,#4578,.T.) ;
#4586=EDGE_CURVE('',#4580,#4012,#4585,.T.) ;
#4605=EDGE_CURVE('',#4604,#4005,#4602,.T.) ;
#4610=EDGE_CURVE('',#4604,#4580,#4609,.T.) ;
#4631=EDGE_CURVE('',#4628,#4630,#4626,.T.) ;
#4636=EDGE_CURVE('',#4604,#4628,#4635,.T.) ;
#4641=EDGE_CURVE('',#4630,#3998,#4640,.T.) ;
#4659=EDGE_CURVE('',#4630,#4418,#4658,.T.) ;
#4664=EDGE_CURVE('',#4087,#3991,#4663,.T.) ;
#4685=EDGE_CURVE('',#4684,#4549,#4682,.T.) ;
#4690=EDGE_CURVE('',#4684,#3975,#4689,.T.) ;
#4709=EDGE_CURVE('',#4708,#3911,#4706,.T.) ;
#4716=EDGE_CURVE('',#4715,#3953,#4713,.T.) ;
#4721=EDGE_CURVE('',#4715,#4363,#4720,.T.) ;
#4726=EDGE_CURVE('',#4708,#4356,#4725,.F.) ;
#4747=EDGE_CURVE('',#4715,#4746,#4744,.T.) ;
#4754=EDGE_CURVE('',#4753,#3946,#4751,.T.) ;
#4759=EDGE_CURVE('',#4746,#4753,#4758,.T.) ;
#4774=EDGE_CURVE('',#4773,#3939,#4771,.T.) ;
#4779=EDGE_CURVE('',#4773,#4753,#4778,.T.) ;
#4798=EDGE_CURVE('',#4773,#4797,#4795,.T.) ;
#4803=EDGE_CURVE('',#4797,#3932,#4802,.T.) ;
#4822=EDGE_CURVE('',#4821,#3925,#4819,.T.) ;
#4827=EDGE_CURVE('',#4821,#4797,#4826,.T.) ;
#4846=EDGE_CURVE('',#4821,#4845,#4843,.T.) ;
#4851=EDGE_CURVE('',#4845,#3918,#4850,.T.) ;
#4868=EDGE_CURVE('',#4845,#4480,#4867,.T.) ;
#4875=EDGE_CURVE('',#4874,#3909,#4872,.T.) ;
#4880=EDGE_CURVE('',#4478,#4874,#4879,.T.) ;
#4899=EDGE_CURVE('',#4874,#4708,#4898,.T.) ;
#4920=EDGE_CURVE('',#4917,#4919,#4915,.T.) ;
#4925=EDGE_CURVE('',#4917,#3854,#4924,.T.) ;
#4930=EDGE_CURVE('',#4919,#3887,#4929,.T.) ;
#4949=EDGE_CURVE('',#4948,#3880,#4946,.T.) ;
#4954=EDGE_CURVE('',#4948,#4919,#4953,.T.) ;
#4975=EDGE_CURVE('',#4972,#4974,#4970,.T.) ;
#4980=EDGE_CURVE('',#4948,#4972,#4979,.T.) ;
#4985=EDGE_CURVE('',#4974,#3873,#4984,.T.) ;
#5003=EDGE_CURVE('',#4974,#4349,#5002,.T.) ;
#5010=EDGE_CURVE('',#5009,#3866,#5007,.T.) ;
#5015=EDGE_CURVE('',#4347,#5009,#5014,.T.) ;
#5031=EDGE_CURVE('',#5030,#3852,#5028,.T.) ;
#5036=EDGE_CURVE('',#4917,#5030,#5035,.T.) ;
#5057=EDGE_CURVE('',#5054,#5056,#5052,.T.) ;
#5062=EDGE_CURVE('',#5054,#3788,#5061,.T.) ;
#5067=EDGE_CURVE('',#5056,#3830,#5066,.T.) ;
#5081=EDGE_CURVE('',#5056,#5080,#5078,.T.) ;
#5086=EDGE_CURVE('',#5080,#3823,#5085,.T.) ;
#5105=EDGE_CURVE('',#5080,#5104,#5102,.T.) ;
#5110=EDGE_CURVE('',#5104,#3816,#5109,.T.) ;
#5122=EDGE_CURVE('',#5104,#4518,#5121,.T.) ;
#5127=EDGE_CURVE('',#4129,#3809,#5126,.T.) ;
#5146=EDGE_CURVE('',#4136,#3802,#5145,.T.) ;
#5165=EDGE_CURVE('',#5164,#3795,#5162,.T.) ;
#5170=EDGE_CURVE('',#5164,#4425,#5169,.T.) ;
#5191=EDGE_CURVE('',#5164,#5190,#5188,.T.) ;
#5198=EDGE_CURVE('',#5197,#3786,#5195,.T.) ;
#5203=EDGE_CURVE('',#5190,#5197,#5202,.T.) ;
#5216=EDGE_CURVE('',#5054,#5197,#5215,.T.) ;
#5237=EDGE_CURVE('',#5234,#5236,#5232,.T.) ;
#5242=EDGE_CURVE('',#5234,#3757,#5241,.T.) ;
#5247=EDGE_CURVE('',#5236,#3750,#5246,.T.) ;
#5261=EDGE_CURVE('',#5260,#3743,#5258,.T.) ;
#5266=EDGE_CURVE('',#5260,#5236,#5265,.T.) ;
#5285=EDGE_CURVE('',#5260,#5284,#5282,.T.) ;
#5290=EDGE_CURVE('',#5284,#3736,#5289,.T.) ;
#5304=EDGE_CURVE('',#5303,#3729,#5301,.T.) ;
#5309=EDGE_CURVE('',#5303,#5284,#5308,.T.) ;
#5330=EDGE_CURVE('',#5327,#5329,#5325,.T.) ;
#5335=EDGE_CURVE('',#5303,#5327,#5334,.T.) ;
#5340=EDGE_CURVE('',#5329,#3720,#5339,.T.) ;
#5353=EDGE_CURVE('',#4387,#5329,#5352,.T.) ;
#5358=EDGE_CURVE('',#4219,#3722,#5357,.T.) ;
#5381=EDGE_CURVE('',#5378,#5380,#5376,.T.) ;
#5386=EDGE_CURVE('',#5378,#3656,#5385,.T.) ;
#5391=EDGE_CURVE('',#5380,#3698,#5390,.T.) ;
#5403=EDGE_CURVE('',#5380,#4449,#5402,.T.) ;
#5408=EDGE_CURVE('',#4261,#3691,#5407,.T.) ;
#5427=EDGE_CURVE('',#4268,#3684,#5426,.T.) ;
#5441=EDGE_CURVE('',#5440,#3677,#5438,.T.) ;
#5446=EDGE_CURVE('',#4394,#5440,#5445,.T.) ;
#5467=EDGE_CURVE('',#5440,#5466,#5464,.T.) ;
#5474=EDGE_CURVE('',#5473,#3670,#5471,.T.) ;
#5479=EDGE_CURVE('',#5466,#5473,#5478,.T.) ;
#5494=EDGE_CURVE('',#5493,#3663,#5491,.T.) ;
#5499=EDGE_CURVE('',#5493,#5473,#5498,.T.) ;
#5518=EDGE_CURVE('',#5493,#5517,#5515,.T.) ;
#5523=EDGE_CURVE('',#5517,#3654,#5522,.T.) ;
#5535=EDGE_CURVE('',#5517,#5378,#5534,.T.) ;
#5554=EDGE_CURVE('',#5553,#3636,#5551,.T.) ;
#5561=EDGE_CURVE('',#5560,#5553,#5558,.T.) ;
#5566=EDGE_CURVE('',#5560,#3638,#5565,.T.) ;
#5578=EDGE_CURVE('',#5553,#5560,#5577,.T.) ;
#5597=EDGE_CURVE('',#5596,#3618,#5594,.T.) ;
#5604=EDGE_CURVE('',#5603,#5596,#5601,.T.) ;
#5609=EDGE_CURVE('',#5603,#3620,#5608,.T.) ;
#5621=EDGE_CURVE('',#5596,#5603,#5620,.T.) ;
#5640=EDGE_CURVE('',#5639,#3600,#5637,.T.) ;
#5647=EDGE_CURVE('',#5646,#5639,#5644,.T.) ;
#5652=EDGE_CURVE('',#5646,#3602,#5651,.T.) ;
#5664=EDGE_CURVE('',#5639,#5646,#5663,.T.) ;
#5683=EDGE_CURVE('',#5682,#3582,#5680,.T.) ;
#5690=EDGE_CURVE('',#5689,#5682,#5687,.T.) ;
#5695=EDGE_CURVE('',#5689,#3584,#5694,.T.) ;
#5707=EDGE_CURVE('',#5682,#5689,#5706,.T.) ;
#5726=EDGE_CURVE('',#5725,#3564,#5723,.T.) ;
#5733=EDGE_CURVE('',#5732,#5725,#5730,.T.) ;
#5738=EDGE_CURVE('',#5732,#3566,#5737,.T.) ;
#5750=EDGE_CURVE('',#5725,#5732,#5749,.T.) ;
#5769=EDGE_CURVE('',#5768,#3546,#5766,.T.) ;
#5776=EDGE_CURVE('',#5775,#5768,#5773,.T.) ;
#5781=EDGE_CURVE('',#5775,#3548,#5780,.T.) ;
#5793=EDGE_CURVE('',#5768,#5775,#5792,.T.) ;
#5810=EDGE_CURVE('',#4292,#3528,#5809,.T.) ;
#5815=EDGE_CURVE('',#4294,#3530,#5814,.T.) ;
#5839=EDGE_CURVE('',#4160,#3510,#5838,.T.) ;
#5844=EDGE_CURVE('',#4162,#3512,#5843,.T.) ;
#5868=EDGE_CURVE('',#3410,#5030,#5867,.T.) ;
#5885=EDGE_CURVE('',#4323,#4525,#5884,.T.) ;
#5890=EDGE_CURVE('',#4316,#5234,#5889,.T.) ;
#5895=EDGE_CURVE('',#4047,#3417,#5894,.F.) ;
#5900=EDGE_CURVE('',#4191,#4494,#5899,.T.) ;
#5905=EDGE_CURVE('',#4184,#4684,#5904,.T.) ;
#6000=EDGE_CURVE('',#5999,#4047,#5997,.T.) ;
#6005=EDGE_CURVE('',#5999,#3424,#6004,.F.) ;
#6017=EDGE_CURVE('',#5009,#3431,#6016,.T.) ;
#6022=EDGE_CURVE('',#4487,#5999,#6021,.T.) ;
#6101=EDGE_CURVE('',#6098,#6100,#6084,.T.) ;
#6115=EDGE_CURVE('',#6100,#6098,#6102,.T.) ;
#6137=EDGE_CURVE('',#6134,#6136,#6120,.T.) ;
#6151=EDGE_CURVE('',#6136,#6134,#6138,.T.) ;
#6167=EDGE_CURVE('',#6164,#6166,#6157,.T.) ;
#6177=EDGE_CURVE('',#6164,#6176,#6168,.T.) ;
#6182=EDGE_CURVE('',#6176,#3764,#6181,.T.) ;
#6187=EDGE_CURVE('',#4226,#6166,#6186,.T.) ;
#6214=EDGE_CURVE('',#6213,#6176,#6205,.T.) ;
#6228=EDGE_CURVE('',#6213,#6166,#6215,.T.) ;
#6249=EDGE_CURVE('',#6246,#6248,#6239,.T.) ;
#6259=EDGE_CURVE('',#6246,#6258,#6250,.T.) ;
#6264=EDGE_CURVE('',#6258,#3984,#6263,.T.) ;
#6269=EDGE_CURVE('',#4094,#6248,#6268,.T.) ;
#6296=EDGE_CURVE('',#6295,#6258,#6287,.T.) ;
#6310=EDGE_CURVE('',#6295,#6248,#6297,.T.) ;
#6330=EDGE_CURVE('',#6164,#6098,#6329,.F.) ;
#6335=EDGE_CURVE('',#6213,#6100,#6334,.F.) ;
#6361=EDGE_CURVE('',#6246,#6134,#6360,.F.) ;
#6366=EDGE_CURVE('',#6295,#6136,#6365,.F.) ;
#87=EDGE_LOOP('',(#88,#89,#90)) ;
#140=EDGE_LOOP('',(#141,#142,#143,#144,#145,#146)) ;
#176=EDGE_LOOP('',(#177,#178,#179,#180)) ;
#210=EDGE_LOOP('',(#211,#212,#213,#214)) ;
#244=EDGE_LOOP('',(#245,#246,#247,#248)) ;
#264=EDGE_LOOP('',(#265,#266)) ;
#282=EDGE_LOOP('',(#283,#284)) ;
#300=EDGE_LOOP('',(#301,#302)) ;
#318=EDGE_LOOP('',(#319,#320)) ;
#347=EDGE_LOOP('',(#348,#349,#350,#351)) ;
#385=EDGE_LOOP('',(#386,#387,#388,#389)) ;
#425=EDGE_LOOP('',(#426,#427,#428,#429)) ;
#465=EDGE_LOOP('',(#466,#467,#468,#469)) ;
#496=EDGE_LOOP('',(#497,#498,#499,#500)) ;
#520=EDGE_LOOP('',(#521,#522,#523,#524)) ;
#544=EDGE_LOOP('',(#545,#546,#547,#548)) ;
#561=EDGE_LOOP('',(#562,#563,#564,#565)) ;
#592=EDGE_LOOP('',(#593,#594,#595,#596)) ;
#616=EDGE_LOOP('',(#617,#618,#619,#620)) ;
#640=EDGE_LOOP('',(#641,#642,#643,#644)) ;
#657=EDGE_LOOP('',(#658,#659,#660,#661)) ;
#688=EDGE_LOOP('',(#689,#690,#691,#692)) ;
#712=EDGE_LOOP('',(#713,#714,#715,#716)) ;
#736=EDGE_LOOP('',(#737,#738,#739,#740)) ;
#753=EDGE_LOOP('',(#754,#755,#756,#757)) ;
#784=EDGE_LOOP('',(#785,#786,#787,#788)) ;
#796=EDGE_LOOP('',(#797,#798,#799,#800)) ;
#827=EDGE_LOOP('',(#828,#829,#830,#831)) ;
#839=EDGE_LOOP('',(#840,#841,#842,#843)) ;
#870=EDGE_LOOP('',(#871,#872,#873,#874)) ;
#882=EDGE_LOOP('',(#883,#884,#885,#886)) ;
#913=EDGE_LOOP('',(#914,#915,#916,#917)) ;
#925=EDGE_LOOP('',(#926,#927,#928,#929)) ;
#956=EDGE_LOOP('',(#957,#958,#959,#960)) ;
#987=EDGE_LOOP('',(#988,#989,#990,#991)) ;
#1018=EDGE_LOOP('',(#1019,#1020,#1021,#1022)) ;
#1044=EDGE_LOOP('',(#1045,#1046)) ;
#1048=EDGE_LOOP('',(#1049,#1050)) ;
#1077=EDGE_LOOP('',(#1078,#1079,#1080,#1081)) ;
#1089=EDGE_LOOP('',(#1090,#1091,#1092,#1093)) ;
#1118=EDGE_LOOP('',(#1119,#1120,#1121,#1122)) ;
#1135=EDGE_LOOP('',(#1136,#1137,#1138,#1139)) ;
#1141=EDGE_LOOP('',(#1142,#1143)) ;
#1170=EDGE_LOOP('',(#1171,#1172,#1173,#1174)) ;
#1182=EDGE_LOOP('',(#1183,#1184,#1185,#1186)) ;
#1188=EDGE_LOOP('',(#1189,#1190)) ;
#1215=EDGE_LOOP('',(#1216,#1217,#1218,#1219,#1220,#1221,#1222,#1223,#1224,#1225,#1226,#1227)) ;
#1229=EDGE_LOOP('',(#1230,#1231)) ;
#1233=EDGE_LOOP('',(#1234,#1235,#1236,#1237)) ;
#1239=EDGE_LOOP('',(#1240,#1241,#1242,#1243)) ;
#1245=EDGE_LOOP('',(#1246,#1247,#1248,#1249)) ;
#1269=EDGE_LOOP('',(#1270,#1271,#1272,#1273)) ;
#1281=EDGE_LOOP('',(#1282,#1283,#1284,#1285)) ;
#1287=EDGE_LOOP('',(#1288,#1289)) ;
#1330=EDGE_LOOP('',(#1331,#1332,#1333,#1334)) ;
#1351=EDGE_LOOP('',(#1352,#1353,#1354,#1355)) ;
#1358=EDGE_LOOP('',(#1359,#1360,#1361)) ;
#1369=EDGE_LOOP('',(#1370,#1371,#1372,#1373,#1374,#1375,#1376,#1377,#1378,#1379,#1380,#1381,#1382,#1383,#1384,#1385,#1386,#1387)) ;
#1389=EDGE_LOOP('',(#1390,#1391)) ;
#1425=EDGE_LOOP('',(#1426,#1427)) ;
#1461=EDGE_LOOP('',(#1462,#1463)) ;
#1492=EDGE_LOOP('',(#1493,#1494,#1495)) ;
#1503=EDGE_LOOP('',(#1504,#1505,#1506)) ;
#1524=EDGE_LOOP('',(#1525,#1526,#1527,#1528)) ;
#1531=EDGE_LOOP('',(#1532,#1533,#1534,#1535)) ;
#1564=EDGE_LOOP('',(#1565,#1566,#1567)) ;
#1575=EDGE_LOOP('',(#1576,#1577,#1578)) ;
#1596=EDGE_LOOP('',(#1597,#1598,#1599,#1600)) ;
#1603=EDGE_LOOP('',(#1604,#1605,#1606,#1607)) ;
#1670=EDGE_LOOP('',(#1671,#1672,#1673,#1674)) ;
#1710=EDGE_LOOP('',(#1711,#1712,#1713,#1714)) ;
#1727=EDGE_LOOP('',(#1728,#1729,#1730,#1731)) ;
#1758=EDGE_LOOP('',(#1759,#1760,#1761,#1762)) ;
#1784=EDGE_LOOP('',(#1785,#1786,#1787,#1788)) ;
#1848=EDGE_LOOP('',(#1849,#1850,#1851,#1852)) ;
#1870=EDGE_LOOP('',(#1871,#1872,#1873,#1874,#1875,#1876)) ;
#1878=EDGE_LOOP('',(#1879,#1880)) ;
#1907=EDGE_LOOP('',(#1908,#1909,#1910,#1911,#1912,#1913)) ;
#1915=EDGE_LOOP('',(#1916,#1917)) ;
#1944=EDGE_LOOP('',(#1945,#1946,#1947,#1948)) ;
#1966=EDGE_LOOP('',(#1967,#1968,#1969,#1970)) ;
#1978=EDGE_LOOP('',(#1979,#1980,#1981,#1982,#1983,#1984)) ;
#1992=EDGE_LOOP('',(#1993,#1994,#1995,#1996,#1997,#1998)) ;
#2087=EDGE_LOOP('',(#2088,#2089,#2090,#2091)) ;
#2104=EDGE_LOOP('',(#2105,#2106,#2107,#2108)) ;
#2144=EDGE_LOOP('',(#2145,#2146,#2147,#2148)) ;
#2161=EDGE_LOOP('',(#2162,#2163,#2164,#2165)) ;
#2201=EDGE_LOOP('',(#2202,#2203,#2204,#2205)) ;
#2218=EDGE_LOOP('',(#2219,#2220,#2221,#2222)) ;
#2258=EDGE_LOOP('',(#2259,#2260,#2261,#2262)) ;
#2275=EDGE_LOOP('',(#2276,#2277,#2278,#2279)) ;
#2315=EDGE_LOOP('',(#2316,#2317,#2318,#2319)) ;
#2332=EDGE_LOOP('',(#2333,#2334,#2335,#2336)) ;
#2344=EDGE_LOOP('',(#2345,#2346)) ;
#2348=EDGE_LOOP('',(#2349,#2350)) ;
#2352=EDGE_LOOP('',(#2353,#2354)) ;
#2356=EDGE_LOOP('',(#2357,#2358)) ;
#2374=EDGE_LOOP('',(#2375,#2376)) ;
#2392=EDGE_LOOP('',(#2393,#2394)) ;
#2410=EDGE_LOOP('',(#2411,#2412)) ;
#2428=EDGE_LOOP('',(#2429,#2430)) ;
#2432=EDGE_LOOP('',(#2433,#2434)) ;
#2442=EDGE_LOOP('',(#2443,#2444)) ;
#2446=EDGE_LOOP('',(#2447,#2448)) ;
#2450=EDGE_LOOP('',(#2451,#2452)) ;
#2454=EDGE_LOOP('',(#2455,#2456)) ;
#2458=EDGE_LOOP('',(#2459,#2460)) ;
#2476=EDGE_LOOP('',(#2477,#2478)) ;
#2494=EDGE_LOOP('',(#2495,#2496)) ;
#2512=EDGE_LOOP('',(#2513,#2514)) ;
#2530=EDGE_LOOP('',(#2531,#2532)) ;
#2559=EDGE_LOOP('',(#2560,#2561,#2562,#2563)) ;
#2571=EDGE_LOOP('',(#2572,#2573,#2574,#2575)) ;
#2602=EDGE_LOOP('',(#2603,#2604,#2605,#2606)) ;
#2614=EDGE_LOOP('',(#2615,#2616,#2617,#2618)) ;
#2645=EDGE_LOOP('',(#2646,#2647,#2648,#2649)) ;
#2657=EDGE_LOOP('',(#2658,#2659,#2660,#2661)) ;
#2688=EDGE_LOOP('',(#2689,#2690,#2691,#2692)) ;
#2700=EDGE_LOOP('',(#2701,#2702,#2703,#2704)) ;
#2731=EDGE_LOOP('',(#2732,#2733,#2734,#2735)) ;
#2743=EDGE_LOOP('',(#2744,#2745,#2746,#2747)) ;
#2755=EDGE_LOOP('',(#2756,#2757)) ;
#2759=EDGE_LOOP('',(#2760,#2761)) ;
#2788=EDGE_LOOP('',(#2789,#2790,#2791,#2792)) ;
#2800=EDGE_LOOP('',(#2801,#2802,#2803,#2804)) ;
#2807=EDGE_LOOP('',(#2808,#2809)) ;
#2811=EDGE_LOOP('',(#2812,#2813)) ;
#2840=EDGE_LOOP('',(#2841,#2842,#2843,#2844)) ;
#2852=EDGE_LOOP('',(#2853,#2854,#2855,#2856)) ;
#2859=EDGE_LOOP('',(#2860,#2861)) ;
#2863=EDGE_LOOP('',(#2864,#2865)) ;
#2892=EDGE_LOOP('',(#2893,#2894,#2895,#2896)) ;
#2904=EDGE_LOOP('',(#2905,#2906,#2907,#2908)) ;
#2911=EDGE_LOOP('',(#2912,#2913)) ;
#2915=EDGE_LOOP('',(#2916,#2917)) ;
#2980=EDGE_LOOP('',(#2981,#2982,#2983,#2984)) ;
#3011=EDGE_LOOP('',(#3012,#3013,#3014,#3015)) ;
#3042=EDGE_LOOP('',(#3043,#3044,#3045,#3046)) ;
#3064=EDGE_LOOP('',(#3065,#3066,#3067,#3068)) ;
#3104=EDGE_LOOP('',(#3105,#3106,#3107,#3108)) ;
#3121=EDGE_LOOP('',(#3122,#3123,#3124,#3125)) ;
#3161=EDGE_LOOP('',(#3162,#3163,#3164,#3165)) ;
#3178=EDGE_LOOP('',(#3179,#3180,#3181,#3182)) ;
#3190=EDGE_LOOP('',(#3191,#3192,#3193,#3194)) ;
#3196=EDGE_LOOP('',(#3197,#3198)) ;
#3200=EDGE_LOOP('',(#3201,#3202)) ;
#3210=EDGE_LOOP('',(#3211,#3212,#3213,#3214)) ;
#3216=EDGE_LOOP('',(#3217,#3218)) ;
#3220=EDGE_LOOP('',(#3221,#3222)) ;
#3338=EDGE_LOOP('',(#3339,#3340,#3341,#3342,#3343)) ;
#3378=EDGE_LOOP('',(#3379,#3380,#3381,#3382,#3383)) ;
#3438=EDGE_LOOP('',(#3439,#3440,#3441,#3442,#3443,#3444,#3445,#3446,#3447)) ;
#3497=EDGE_LOOP('',(#3498,#3499,#3500,#3501,#3502,#3503)) ;
#3519=EDGE_LOOP('',(#3520,#3521)) ;
#3537=EDGE_LOOP('',(#3538,#3539)) ;
#3555=EDGE_LOOP('',(#3556,#3557)) ;
#3573=EDGE_LOOP('',(#3574,#3575)) ;
#3591=EDGE_LOOP('',(#3592,#3593)) ;
#3609=EDGE_LOOP('',(#3610,#3611)) ;
#3627=EDGE_LOOP('',(#3628,#3629)) ;
#3645=EDGE_LOOP('',(#3646,#3647)) ;
#3705=EDGE_LOOP('',(#3706,#3707,#3708,#3709,#3710,#3711,#3712,#3713)) ;
#3771=EDGE_LOOP('',(#3772,#3773,#3774,#3775,#3776,#3777,#3778,#3779)) ;
#3837=EDGE_LOOP('',(#3838,#3839,#3840,#3841,#3842,#3843,#3844,#3845)) ;
#3894=EDGE_LOOP('',(#3895,#3896,#3897,#3898,#3899,#3900,#3901,#3902)) ;
#3960=EDGE_LOOP('',(#3961,#3962,#3963,#3964,#3965,#3966,#3967,#3968)) ;
#4026=EDGE_LOOP('',(#4027,#4028,#4029,#4030,#4031,#4032,#4033,#4034)) ;
#4061=EDGE_LOOP('',(#4062,#4063,#4064,#4065)) ;
#4143=EDGE_LOOP('',(#4144,#4145,#4146,#4147,#4148,#4149,#4150,#4151,#4152,#4153)) ;
#4169=EDGE_LOOP('',(#4170,#4171)) ;
#4198=EDGE_LOOP('',(#4199,#4200,#4201,#4202)) ;
#4275=EDGE_LOOP('',(#4276,#4277,#4278,#4279,#4280,#4281,#4282,#4283,#4284,#4285)) ;
#4301=EDGE_LOOP('',(#4302,#4303)) ;
#4330=EDGE_LOOP('',(#4331,#4332,#4333,#4334)) ;
#4370=EDGE_LOOP('',(#4371,#4372,#4373,#4374)) ;
#4401=EDGE_LOOP('',(#4402,#4403,#4404,#4405)) ;
#4432=EDGE_LOOP('',(#4433,#4434,#4435,#4436)) ;
#4461=EDGE_LOOP('',(#4462,#4463,#4464,#4465)) ;
#4501=EDGE_LOOP('',(#4502,#4503,#4504,#4505)) ;
#4532=EDGE_LOOP('',(#4533,#4534,#4535,#4536)) ;
#4563=EDGE_LOOP('',(#4564,#4565,#4566,#4567)) ;
#4587=EDGE_LOOP('',(#4588,#4589,#4590,#4591)) ;
#4611=EDGE_LOOP('',(#4612,#4613,#4614,#4615)) ;
#4642=EDGE_LOOP('',(#4643,#4644,#4645,#4646,#4647)) ;
#4665=EDGE_LOOP('',(#4666,#4667,#4668,#4669,#4670,#4671)) ;
#4691=EDGE_LOOP('',(#4692,#4693,#4694,#4695)) ;
#4727=EDGE_LOOP('',(#4728,#4729,#4730,#4731,#4732,#4733)) ;
#4760=EDGE_LOOP('',(#4761,#4762,#4763,#4764,#4765)) ;
#4780=EDGE_LOOP('',(#4781,#4782,#4783,#4784)) ;
#4804=EDGE_LOOP('',(#4805,#4806,#4807,#4808)) ;
#4828=EDGE_LOOP('',(#4829,#4830,#4831,#4832)) ;
#4852=EDGE_LOOP('',(#4853,#4854,#4855,#4856)) ;
#4881=EDGE_LOOP('',(#4882,#4883,#4884,#4885,#4886,#4887)) ;
#4900=EDGE_LOOP('',(#4901,#4902,#4903,#4904)) ;
#4931=EDGE_LOOP('',(#4932,#4933,#4934,#4935)) ;
#4955=EDGE_LOOP('',(#4956,#4957,#4958,#4959)) ;
#4986=EDGE_LOOP('',(#4987,#4988,#4989,#4990,#4991)) ;
#5016=EDGE_LOOP('',(#5017,#5018,#5019,#5020,#5021,#5022)) ;
#5037=EDGE_LOOP('',(#5038,#5039,#5040,#5041)) ;
#5068=EDGE_LOOP('',(#5069,#5070,#5071,#5072)) ;
#5087=EDGE_LOOP('',(#5088,#5089,#5090,#5091)) ;
#5111=EDGE_LOOP('',(#5112,#5113,#5114,#5115)) ;
#5128=EDGE_LOOP('',(#5129,#5130,#5131,#5132,#5133,#5134)) ;
#5147=EDGE_LOOP('',(#5148,#5149,#5150,#5151)) ;
#5171=EDGE_LOOP('',(#5172,#5173,#5174,#5175,#5176,#5177)) ;
#5204=EDGE_LOOP('',(#5205,#5206,#5207,#5208,#5209)) ;
#5217=EDGE_LOOP('',(#5218,#5219,#5220,#5221)) ;
#5248=EDGE_LOOP('',(#5249,#5250,#5251,#5252)) ;
#5267=EDGE_LOOP('',(#5268,#5269,#5270,#5271)) ;
#5291=EDGE_LOOP('',(#5292,#5293,#5294,#5295)) ;
#5310=EDGE_LOOP('',(#5311,#5312,#5313,#5314)) ;
#5341=EDGE_LOOP('',(#5342,#5343,#5344,#5345,#5346)) ;
#5359=EDGE_LOOP('',(#5360,#5361,#5362,#5363,#5364,#5365)) ;
#5392=EDGE_LOOP('',(#5393,#5394,#5395,#5396)) ;
#5409=EDGE_LOOP('',(#5410,#5411,#5412,#5413,#5414,#5415)) ;
#5428=EDGE_LOOP('',(#5429,#5430,#5431,#5432)) ;
#5447=EDGE_LOOP('',(#5448,#5449,#5450,#5451,#5452,#5453)) ;
#5480=EDGE_LOOP('',(#5481,#5482,#5483,#5484,#5485)) ;
#5500=EDGE_LOOP('',(#5501,#5502,#5503,#5504)) ;
#5524=EDGE_LOOP('',(#5525,#5526,#5527,#5528)) ;
#5536=EDGE_LOOP('',(#5537,#5538,#5539,#5540)) ;
#5567=EDGE_LOOP('',(#5568,#5569,#5570,#5571)) ;
#5579=EDGE_LOOP('',(#5580,#5581,#5582,#5583)) ;
#5610=EDGE_LOOP('',(#5611,#5612,#5613,#5614)) ;
#5622=EDGE_LOOP('',(#5623,#5624,#5625,#5626)) ;
#5653=EDGE_LOOP('',(#5654,#5655,#5656,#5657)) ;
#5665=EDGE_LOOP('',(#5666,#5667,#5668,#5669)) ;
#5696=EDGE_LOOP('',(#5697,#5698,#5699,#5700)) ;
#5708=EDGE_LOOP('',(#5709,#5710,#5711,#5712)) ;
#5739=EDGE_LOOP('',(#5740,#5741,#5742,#5743)) ;
#5751=EDGE_LOOP('',(#5752,#5753,#5754,#5755)) ;
#5782=EDGE_LOOP('',(#5783,#5784,#5785,#5786)) ;
#5794=EDGE_LOOP('',(#5795,#5796,#5797,#5798)) ;
#5816=EDGE_LOOP('',(#5817,#5818,#5819,#5820)) ;
#5823=EDGE_LOOP('',(#5824,#5825,#5826,#5827)) ;
#5845=EDGE_LOOP('',(#5846,#5847,#5848,#5849)) ;
#5852=EDGE_LOOP('',(#5853,#5854,#5855,#5856)) ;
#5869=EDGE_LOOP('',(#5870,#5871,#5872,#5873)) ;
#5906=EDGE_LOOP('',(#5907,#5908,#5909,#5910,#5911,#5912,#5913,#5914,#5915,#5916,#5917,#5918,#5919,#5920,#5921,#5922,#5923,#5924,#5925,#5926,#5927,#5928,#5929,#5930,#5931,#5932,#5933,#5934,#5935,#5936,#5937,#5938,#5939,#5940,#5941,#5942,#5943,#5944,#5945,#5946,#5947,#5948,#5949,#5950,#5951,#5952,#5953,#5954,#5955,#5956,#5957,#5958,#5959,#5960,#5961,#5962,#5963,#5964,#5965,#5966)) ;
#5968=EDGE_LOOP('',(#5969,#5970)) ;
#5972=EDGE_LOOP('',(#5973,#5974)) ;
#5976=EDGE_LOOP('',(#5977,#5978)) ;
#5980=EDGE_LOOP('',(#5981,#5982)) ;
#5984=EDGE_LOOP('',(#5985,#5986)) ;
#6006=EDGE_LOOP('',(#6007,#6008,#6009,#6010)) ;
#6023=EDGE_LOOP('',(#6024,#6025,#6026,#6027,#6028,#6029,#6030,#6031,#6032,#6033)) ;
#6035=EDGE_LOOP('',(#6036,#6037)) ;
#6045=EDGE_LOOP('',(#6046,#6047,#6048,#6049,#6050,#6051,#6052)) ;
#6060=EDGE_LOOP('',(#6061,#6062,#6063,#6064,#6065,#6066,#6067,#6068,#6069,#6070,#6071,#6072,#6073,#6074,#6075,#6076,#6077,#6078)) ;
#6080=EDGE_LOOP('',(#6081,#6082)) ;
#6116=EDGE_LOOP('',(#6117,#6118)) ;
#6152=EDGE_LOOP('',(#6153,#6154)) ;
#6188=EDGE_LOOP('',(#6189,#6190,#6191,#6192,#6193,#6194,#6195,#6196,#6197)) ;
#6229=EDGE_LOOP('',(#6230,#6231,#6232,#6233,#6234,#6235,#6236)) ;
#6270=EDGE_LOOP('',(#6271,#6272,#6273,#6274,#6275,#6276,#6277,#6278,#6279)) ;
#6311=EDGE_LOOP('',(#6312,#6313,#6314,#6315,#6316,#6317,#6318)) ;
#6336=EDGE_LOOP('',(#6337,#6338,#6339,#6340,#6341)) ;
#6344=EDGE_LOOP('',(#6345,#6346,#6347,#6348,#6349)) ;
#6367=EDGE_LOOP('',(#6368,#6369,#6370,#6371,#6372)) ;
#6375=EDGE_LOOP('',(#6376,#6377,#6378,#6379,#6380)) ;
#91=FACE_OUTER_BOUND('',#87,.T.) ;
#147=FACE_OUTER_BOUND('',#140,.T.) ;
#352=FACE_OUTER_BOUND('',#347,.T.) ;
#390=FACE_OUTER_BOUND('',#385,.T.) ;
#430=FACE_OUTER_BOUND('',#425,.T.) ;
#470=FACE_OUTER_BOUND('',#465,.T.) ;
#501=FACE_OUTER_BOUND('',#496,.T.) ;
#525=FACE_OUTER_BOUND('',#520,.T.) ;
#549=FACE_OUTER_BOUND('',#544,.T.) ;
#566=FACE_OUTER_BOUND('',#561,.T.) ;
#597=FACE_OUTER_BOUND('',#592,.T.) ;
#621=FACE_OUTER_BOUND('',#616,.T.) ;
#645=FACE_OUTER_BOUND('',#640,.T.) ;
#662=FACE_OUTER_BOUND('',#657,.T.) ;
#693=FACE_OUTER_BOUND('',#688,.T.) ;
#717=FACE_OUTER_BOUND('',#712,.T.) ;
#741=FACE_OUTER_BOUND('',#736,.T.) ;
#758=FACE_OUTER_BOUND('',#753,.T.) ;
#789=FACE_OUTER_BOUND('',#784,.T.) ;
#801=FACE_OUTER_BOUND('',#796,.T.) ;
#832=FACE_OUTER_BOUND('',#827,.T.) ;
#844=FACE_OUTER_BOUND('',#839,.T.) ;
#875=FACE_OUTER_BOUND('',#870,.T.) ;
#887=FACE_OUTER_BOUND('',#882,.T.) ;
#918=FACE_OUTER_BOUND('',#913,.T.) ;
#930=FACE_OUTER_BOUND('',#925,.T.) ;
#961=FACE_OUTER_BOUND('',#956,.T.) ;
#992=FACE_OUTER_BOUND('',#987,.T.) ;
#1023=FACE_OUTER_BOUND('',#1018,.T.) ;
#1047=FACE_OUTER_BOUND('',#1044,.T.) ;
#1082=FACE_OUTER_BOUND('',#1077,.T.) ;
#1094=FACE_OUTER_BOUND('',#1089,.T.) ;
#1123=FACE_OUTER_BOUND('',#1118,.T.) ;
#1140=FACE_OUTER_BOUND('',#1135,.T.) ;
#1175=FACE_OUTER_BOUND('',#1170,.T.) ;
#1187=FACE_OUTER_BOUND('',#1182,.T.) ;
#1228=FACE_OUTER_BOUND('',#1215,.T.) ;
#1274=FACE_OUTER_BOUND('',#1269,.T.) ;
#1286=FACE_OUTER_BOUND('',#1281,.T.) ;
#1335=FACE_OUTER_BOUND('',#1330,.T.) ;
#1356=FACE_OUTER_BOUND('',#1351,.T.) ;
#1362=FACE_OUTER_BOUND('',#1358,.T.) ;
#1388=FACE_OUTER_BOUND('',#1369,.T.) ;
#1496=FACE_OUTER_BOUND('',#1492,.T.) ;
#1507=FACE_OUTER_BOUND('',#1503,.T.) ;
#1529=FACE_OUTER_BOUND('',#1524,.T.) ;
#1536=FACE_OUTER_BOUND('',#1531,.T.) ;
#1568=FACE_OUTER_BOUND('',#1564,.T.) ;
#1579=FACE_OUTER_BOUND('',#1575,.T.) ;
#1601=FACE_OUTER_BOUND('',#1596,.T.) ;
#1608=FACE_OUTER_BOUND('',#1603,.T.) ;
#1675=FACE_OUTER_BOUND('',#1670,.T.) ;
#1715=FACE_OUTER_BOUND('',#1710,.T.) ;
#1732=FACE_OUTER_BOUND('',#1727,.T.) ;
#1763=FACE_OUTER_BOUND('',#1758,.T.) ;
#1789=FACE_OUTER_BOUND('',#1784,.T.) ;
#1853=FACE_OUTER_BOUND('',#1848,.T.) ;
#1877=FACE_OUTER_BOUND('',#1870,.T.) ;
#1914=FACE_OUTER_BOUND('',#1907,.T.) ;
#1949=FACE_OUTER_BOUND('',#1944,.T.) ;
#1971=FACE_OUTER_BOUND('',#1966,.T.) ;
#1985=FACE_OUTER_BOUND('',#1978,.T.) ;
#1999=FACE_OUTER_BOUND('',#1992,.T.) ;
#2092=FACE_OUTER_BOUND('',#2087,.T.) ;
#2109=FACE_OUTER_BOUND('',#2104,.T.) ;
#2149=FACE_OUTER_BOUND('',#2144,.T.) ;
#2166=FACE_OUTER_BOUND('',#2161,.T.) ;
#2206=FACE_OUTER_BOUND('',#2201,.T.) ;
#2223=FACE_OUTER_BOUND('',#2218,.T.) ;
#2263=FACE_OUTER_BOUND('',#2258,.T.) ;
#2280=FACE_OUTER_BOUND('',#2275,.T.) ;
#2320=FACE_OUTER_BOUND('',#2315,.T.) ;
#2337=FACE_OUTER_BOUND('',#2332,.T.) ;
#2347=FACE_OUTER_BOUND('',#2344,.T.) ;
#2445=FACE_OUTER_BOUND('',#2442,.T.) ;
#2564=FACE_OUTER_BOUND('',#2559,.T.) ;
#2576=FACE_OUTER_BOUND('',#2571,.T.) ;
#2607=FACE_OUTER_BOUND('',#2602,.T.) ;
#2619=FACE_OUTER_BOUND('',#2614,.T.) ;
#2650=FACE_OUTER_BOUND('',#2645,.T.) ;
#2662=FACE_OUTER_BOUND('',#2657,.T.) ;
#2693=FACE_OUTER_BOUND('',#2688,.T.) ;
#2705=FACE_OUTER_BOUND('',#2700,.T.) ;
#2736=FACE_OUTER_BOUND('',#2731,.T.) ;
#2748=FACE_OUTER_BOUND('',#2743,.T.) ;
#2758=FACE_OUTER_BOUND('',#2755,.T.) ;
#2793=FACE_OUTER_BOUND('',#2788,.T.) ;
#2805=FACE_OUTER_BOUND('',#2800,.T.) ;
#2810=FACE_OUTER_BOUND('',#2807,.T.) ;
#2845=FACE_OUTER_BOUND('',#2840,.T.) ;
#2857=FACE_OUTER_BOUND('',#2852,.T.) ;
#2862=FACE_OUTER_BOUND('',#2859,.T.) ;
#2897=FACE_OUTER_BOUND('',#2892,.T.) ;
#2909=FACE_OUTER_BOUND('',#2904,.T.) ;
#2914=FACE_OUTER_BOUND('',#2911,.T.) ;
#2985=FACE_OUTER_BOUND('',#2980,.T.) ;
#3016=FACE_OUTER_BOUND('',#3011,.T.) ;
#3047=FACE_OUTER_BOUND('',#3042,.T.) ;
#3069=FACE_OUTER_BOUND('',#3064,.T.) ;
#3109=FACE_OUTER_BOUND('',#3104,.T.) ;
#3126=FACE_OUTER_BOUND('',#3121,.T.) ;
#3166=FACE_OUTER_BOUND('',#3161,.T.) ;
#3183=FACE_OUTER_BOUND('',#3178,.T.) ;
#3195=FACE_OUTER_BOUND('',#3190,.T.) ;
#3215=FACE_OUTER_BOUND('',#3210,.T.) ;
#3344=FACE_OUTER_BOUND('',#3338,.T.) ;
#3384=FACE_OUTER_BOUND('',#3378,.T.) ;
#3448=FACE_OUTER_BOUND('',#3438,.T.) ;
#3504=FACE_OUTER_BOUND('',#3497,.T.) ;
#4066=FACE_OUTER_BOUND('',#4061,.T.) ;
#4154=FACE_OUTER_BOUND('',#4143,.T.) ;
#4203=FACE_OUTER_BOUND('',#4198,.T.) ;
#4286=FACE_OUTER_BOUND('',#4275,.T.) ;
#4335=FACE_OUTER_BOUND('',#4330,.T.) ;
#4375=FACE_OUTER_BOUND('',#4370,.T.) ;
#4406=FACE_OUTER_BOUND('',#4401,.T.) ;
#4437=FACE_OUTER_BOUND('',#4432,.T.) ;
#4466=FACE_OUTER_BOUND('',#4461,.T.) ;
#4506=FACE_OUTER_BOUND('',#4501,.T.) ;
#4537=FACE_OUTER_BOUND('',#4532,.T.) ;
#4568=FACE_OUTER_BOUND('',#4563,.T.) ;
#4592=FACE_OUTER_BOUND('',#4587,.T.) ;
#4616=FACE_OUTER_BOUND('',#4611,.T.) ;
#4648=FACE_OUTER_BOUND('',#4642,.T.) ;
#4672=FACE_OUTER_BOUND('',#4665,.T.) ;
#4696=FACE_OUTER_BOUND('',#4691,.T.) ;
#4734=FACE_OUTER_BOUND('',#4727,.T.) ;
#4766=FACE_OUTER_BOUND('',#4760,.T.) ;
#4785=FACE_OUTER_BOUND('',#4780,.T.) ;
#4809=FACE_OUTER_BOUND('',#4804,.T.) ;
#4833=FACE_OUTER_BOUND('',#4828,.T.) ;
#4857=FACE_OUTER_BOUND('',#4852,.T.) ;
#4888=FACE_OUTER_BOUND('',#4881,.T.) ;
#4905=FACE_OUTER_BOUND('',#4900,.T.) ;
#4936=FACE_OUTER_BOUND('',#4931,.T.) ;
#4960=FACE_OUTER_BOUND('',#4955,.T.) ;
#4992=FACE_OUTER_BOUND('',#4986,.T.) ;
#5023=FACE_OUTER_BOUND('',#5016,.T.) ;
#5042=FACE_OUTER_BOUND('',#5037,.T.) ;
#5073=FACE_OUTER_BOUND('',#5068,.T.) ;
#5092=FACE_OUTER_BOUND('',#5087,.T.) ;
#5116=FACE_OUTER_BOUND('',#5111,.T.) ;
#5135=FACE_OUTER_BOUND('',#5128,.T.) ;
#5152=FACE_OUTER_BOUND('',#5147,.T.) ;
#5178=FACE_OUTER_BOUND('',#5171,.T.) ;
#5210=FACE_OUTER_BOUND('',#5204,.T.) ;
#5222=FACE_OUTER_BOUND('',#5217,.T.) ;
#5253=FACE_OUTER_BOUND('',#5248,.T.) ;
#5272=FACE_OUTER_BOUND('',#5267,.T.) ;
#5296=FACE_OUTER_BOUND('',#5291,.T.) ;
#5315=FACE_OUTER_BOUND('',#5310,.T.) ;
#5347=FACE_OUTER_BOUND('',#5341,.T.) ;
#5366=FACE_OUTER_BOUND('',#5359,.T.) ;
#5397=FACE_OUTER_BOUND('',#5392,.T.) ;
#5416=FACE_OUTER_BOUND('',#5409,.T.) ;
#5433=FACE_OUTER_BOUND('',#5428,.T.) ;
#5454=FACE_OUTER_BOUND('',#5447,.T.) ;
#5486=FACE_OUTER_BOUND('',#5480,.T.) ;
#5505=FACE_OUTER_BOUND('',#5500,.T.) ;
#5529=FACE_OUTER_BOUND('',#5524,.T.) ;
#5541=FACE_OUTER_BOUND('',#5536,.T.) ;
#5572=FACE_OUTER_BOUND('',#5567,.T.) ;
#5584=FACE_OUTER_BOUND('',#5579,.T.) ;
#5615=FACE_OUTER_BOUND('',#5610,.T.) ;
#5627=FACE_OUTER_BOUND('',#5622,.T.) ;
#5658=FACE_OUTER_BOUND('',#5653,.T.) ;
#5670=FACE_OUTER_BOUND('',#5665,.T.) ;
#5701=FACE_OUTER_BOUND('',#5696,.T.) ;
#5713=FACE_OUTER_BOUND('',#5708,.T.) ;
#5744=FACE_OUTER_BOUND('',#5739,.T.) ;
#5756=FACE_OUTER_BOUND('',#5751,.T.) ;
#5787=FACE_OUTER_BOUND('',#5782,.T.) ;
#5799=FACE_OUTER_BOUND('',#5794,.T.) ;
#5821=FACE_OUTER_BOUND('',#5816,.T.) ;
#5828=FACE_OUTER_BOUND('',#5823,.T.) ;
#5850=FACE_OUTER_BOUND('',#5845,.T.) ;
#5857=FACE_OUTER_BOUND('',#5852,.T.) ;
#5874=FACE_OUTER_BOUND('',#5869,.T.) ;
#5967=FACE_OUTER_BOUND('',#5906,.T.) ;
#6011=FACE_OUTER_BOUND('',#6006,.T.) ;
#6034=FACE_OUTER_BOUND('',#6023,.T.) ;
#6053=FACE_OUTER_BOUND('',#6045,.T.) ;
#6079=FACE_OUTER_BOUND('',#6060,.T.) ;
#6198=FACE_OUTER_BOUND('',#6188,.T.) ;
#6237=FACE_OUTER_BOUND('',#6229,.T.) ;
#6280=FACE_OUTER_BOUND('',#6270,.T.) ;
#6319=FACE_OUTER_BOUND('',#6311,.T.) ;
#6342=FACE_OUTER_BOUND('',#6336,.T.) ;
#6350=FACE_OUTER_BOUND('',#6344,.T.) ;
#6373=FACE_OUTER_BOUND('',#6367,.T.) ;
#6381=FACE_OUTER_BOUND('',#6375,.T.) ;
#50=UNCERTAINTY_MEASURE_WITH_UNIT(LENGTH_MEASURE(0.005),#46,'distance_accuracy_value','CONFUSED CURVE UNCERTAINTY') ;
#1626=UNCERTAINTY_MEASURE_WITH_UNIT(LENGTH_MEASURE(0.005),#46,'distance_accuracy_value','CONFUSED CURVE UNCERTAINTY') ;
#2017=UNCERTAINTY_MEASURE_WITH_UNIT(LENGTH_MEASURE(0.005),#46,'distance_accuracy_value','CONFUSED CURVE UNCERTAINTY') ;
#2936=UNCERTAINTY_MEASURE_WITH_UNIT(LENGTH_MEASURE(0.005),#46,'distance_accuracy_value','CONFUSED CURVE UNCERTAINTY') ;
#3241=UNCERTAINTY_MEASURE_WITH_UNIT(LENGTH_MEASURE(0.005),#46,'distance_accuracy_value','CONFUSED CURVE UNCERTAINTY') ;
#6399=UNCERTAINTY_MEASURE_WITH_UNIT(LENGTH_MEASURE(0.005),#46,'distance_accuracy_value','CONFUSED CURVE UNCERTAINTY') ;
#69=LINE('Line',#66,#68) ;
#85=LINE('Line',#82,#84) ;
#151=LINE('Line',#148,#150) ;
#167=LINE('Line',#164,#166) ;
#185=LINE('Line',#182,#184) ;
#201=LINE('Line',#198,#200) ;
#219=LINE('Line',#216,#218) ;
#235=LINE('Line',#232,#234) ;
#331=LINE('Line',#328,#330) ;
#338=LINE('Line',#335,#337) ;
#362=LINE('Line',#359,#361) ;
#369=LINE('Line',#366,#368) ;
#376=LINE('Line',#373,#375) ;
#383=LINE('Line',#380,#382) ;
#400=LINE('Line',#397,#399) ;
#409=LINE('Line',#406,#408) ;
#416=LINE('Line',#413,#415) ;
#423=LINE('Line',#420,#422) ;
#440=LINE('Line',#437,#439) ;
#449=LINE('Line',#446,#448) ;
#456=LINE('Line',#453,#455) ;
#463=LINE('Line',#460,#462) ;
#489=LINE('Line',#486,#488) ;
#494=LINE('Line',#491,#493) ;
#511=LINE('Line',#508,#510) ;
#518=LINE('Line',#515,#517) ;
#542=LINE('Line',#539,#541) ;
#559=LINE('Line',#556,#558) ;
#585=LINE('Line',#582,#584) ;
#590=LINE('Line',#587,#589) ;
#607=LINE('Line',#604,#606) ;
#614=LINE('Line',#611,#613) ;
#638=LINE('Line',#635,#637) ;
#655=LINE('Line',#652,#654) ;
#681=LINE('Line',#678,#680) ;
#686=LINE('Line',#683,#685) ;
#703=LINE('Line',#700,#702) ;
#710=LINE('Line',#707,#709) ;
#734=LINE('Line',#731,#733) ;
#751=LINE('Line',#748,#750) ;
#777=LINE('Line',#774,#776) ;
#782=LINE('Line',#779,#781) ;
#820=LINE('Line',#817,#819) ;
#825=LINE('Line',#822,#824) ;
#863=LINE('Line',#860,#862) ;
#868=LINE('Line',#865,#867) ;
#906=LINE('Line',#903,#905) ;
#911=LINE('Line',#908,#910) ;
#940=LINE('Line',#937,#939) ;
#971=LINE('Line',#968,#970) ;
#1002=LINE('Line',#999,#1001) ;
#1061=LINE('Line',#1058,#1060) ;
#1075=LINE('Line',#1072,#1074) ;
#1104=LINE('Line',#1101,#1103) ;
#1109=LINE('Line',#1106,#1108) ;
#1116=LINE('Line',#1113,#1115) ;
#1154=LINE('Line',#1151,#1153) ;
#1161=LINE('Line',#1158,#1160) ;
#1168=LINE('Line',#1165,#1167) ;
#1213=LINE('Line',#1210,#1212) ;
#1260=LINE('Line',#1257,#1259) ;
#1267=LINE('Line',#1264,#1266) ;
#1318=LINE('Line',#1315,#1317) ;
#1328=LINE('Line',#1325,#1327) ;
#1474=LINE('Line',#1471,#1473) ;
#1490=LINE('Line',#1487,#1489) ;
#1517=LINE('Line',#1514,#1516) ;
#1522=LINE('Line',#1519,#1521) ;
#1546=LINE('Line',#1543,#1545) ;
#1562=LINE('Line',#1559,#1561) ;
#1589=LINE('Line',#1586,#1588) ;
#1594=LINE('Line',#1591,#1593) ;
#1645=LINE('Line',#1642,#1644) ;
#1661=LINE('Line',#1658,#1660) ;
#1694=LINE('Line',#1691,#1693) ;
#1708=LINE('Line',#1705,#1707) ;
#1751=LINE('Line',#1748,#1750) ;
#1756=LINE('Line',#1753,#1755) ;
#1777=LINE('Line',#1774,#1776) ;
#1782=LINE('Line',#1779,#1781) ;
#1863=LINE('Line',#1860,#1862) ;
#1868=LINE('Line',#1865,#1867) ;
#1891=LINE('Line',#1888,#1890) ;
#1898=LINE('Line',#1895,#1897) ;
#1905=LINE('Line',#1902,#1904) ;
#1928=LINE('Line',#1925,#1927) ;
#1959=LINE('Line',#1956,#1958) ;
#1964=LINE('Line',#1961,#1963) ;
#2062=LINE('Line',#2059,#2061) ;
#2078=LINE('Line',#2075,#2077) ;
#2128=LINE('Line',#2125,#2127) ;
#2142=LINE('Line',#2139,#2141) ;
#2185=LINE('Line',#2182,#2184) ;
#2199=LINE('Line',#2196,#2198) ;
#2242=LINE('Line',#2239,#2241) ;
#2256=LINE('Line',#2253,#2255) ;
#2299=LINE('Line',#2296,#2298) ;
#2313=LINE('Line',#2310,#2312) ;
#2552=LINE('Line',#2549,#2551) ;
#2557=LINE('Line',#2554,#2556) ;
#2595=LINE('Line',#2592,#2594) ;
#2600=LINE('Line',#2597,#2599) ;
#2638=LINE('Line',#2635,#2637) ;
#2643=LINE('Line',#2640,#2642) ;
#2681=LINE('Line',#2678,#2680) ;
#2686=LINE('Line',#2683,#2685) ;
#2715=LINE('Line',#2712,#2714) ;
#2722=LINE('Line',#2719,#2721) ;
#2772=LINE('Line',#2769,#2771) ;
#2779=LINE('Line',#2776,#2778) ;
#2824=LINE('Line',#2821,#2823) ;
#2831=LINE('Line',#2828,#2830) ;
#2876=LINE('Line',#2873,#2875) ;
#2883=LINE('Line',#2880,#2882) ;
#2955=LINE('Line',#2952,#2954) ;
#2971=LINE('Line',#2968,#2970) ;
#3002=LINE('Line',#2999,#3001) ;
#3033=LINE('Line',#3030,#3032) ;
#3088=LINE('Line',#3085,#3087) ;
#3102=LINE('Line',#3099,#3101) ;
#3145=LINE('Line',#3142,#3144) ;
#3159=LINE('Line',#3156,#3158) ;
#3286=LINE('Line',#3283,#3285) ;
#3320=LINE('Line',#3317,#3319) ;
#3394=LINE('Line',#3391,#3393) ;
#3408=LINE('Line',#3405,#3407) ;
#3422=LINE('Line',#3419,#3421) ;
#3436=LINE('Line',#3433,#3435) ;
#3652=LINE('Line',#3649,#3651) ;
#3682=LINE('Line',#3679,#3681) ;
#3718=LINE('Line',#3715,#3717) ;
#3748=LINE('Line',#3745,#3747) ;
#3800=LINE('Line',#3797,#3799) ;
#3828=LINE('Line',#3825,#3827) ;
#3850=LINE('Line',#3847,#3849) ;
#3871=LINE('Line',#3868,#3870) ;
#3930=LINE('Line',#3927,#3929) ;
#3958=LINE('Line',#3955,#3957) ;
#3996=LINE('Line',#3993,#3995) ;
#4024=LINE('Line',#4021,#4023) ;
#4045=LINE('Line',#4042,#4044) ;
#4059=LINE('Line',#4056,#4058) ;
#4085=LINE('Line',#4082,#4084) ;
#4106=LINE('Line',#4103,#4105) ;
#4120=LINE('Line',#4117,#4119) ;
#4141=LINE('Line',#4138,#4140) ;
#4182=LINE('Line',#4179,#4181) ;
#4189=LINE('Line',#4186,#4188) ;
#4196=LINE('Line',#4193,#4195) ;
#4217=LINE('Line',#4214,#4216) ;
#4238=LINE('Line',#4235,#4237) ;
#4252=LINE('Line',#4249,#4251) ;
#4273=LINE('Line',#4270,#4272) ;
#4314=LINE('Line',#4311,#4313) ;
#4321=LINE('Line',#4318,#4320) ;
#4328=LINE('Line',#4325,#4327) ;
#4345=LINE('Line',#4342,#4344) ;
#4361=LINE('Line',#4358,#4360) ;
#4385=LINE('Line',#4382,#4384) ;
#4392=LINE('Line',#4389,#4391) ;
#4416=LINE('Line',#4413,#4415) ;
#4423=LINE('Line',#4420,#4422) ;
#4447=LINE('Line',#4444,#4446) ;
#4454=LINE('Line',#4451,#4453) ;
#4459=LINE('Line',#4456,#4458) ;
#4476=LINE('Line',#4473,#4475) ;
#4485=LINE('Line',#4482,#4484) ;
#4492=LINE('Line',#4489,#4491) ;
#4499=LINE('Line',#4496,#4498) ;
#4516=LINE('Line',#4513,#4515) ;
#4523=LINE('Line',#4520,#4522) ;
#4530=LINE('Line',#4527,#4529) ;
#4547=LINE('Line',#4544,#4546) ;
#4556=LINE('Line',#4553,#4555) ;
#4561=LINE('Line',#4558,#4560) ;
#4585=LINE('Line',#4582,#4584) ;
#4602=LINE('Line',#4599,#4601) ;
#4640=LINE('Line',#4637,#4639) ;
#4658=LINE('Line',#4655,#4657) ;
#4663=LINE('Line',#4660,#4662) ;
#4689=LINE('Line',#4686,#4688) ;
#4706=LINE('Line',#4703,#4705) ;
#4713=LINE('Line',#4710,#4712) ;
#4720=LINE('Line',#4717,#4719) ;
#4725=LINE('Line',#4722,#4724) ;
#4751=LINE('Line',#4748,#4750) ;
#4771=LINE('Line',#4768,#4770) ;
#4802=LINE('Line',#4799,#4801) ;
#4819=LINE('Line',#4816,#4818) ;
#4826=LINE('Line',#4823,#4825) ;
#4850=LINE('Line',#4847,#4849) ;
#4872=LINE('Line',#4869,#4871) ;
#4924=LINE('Line',#4921,#4923) ;
#4929=LINE('Line',#4926,#4928) ;
#4946=LINE('Line',#4943,#4945) ;
#4984=LINE('Line',#4981,#4983) ;
#5002=LINE('Line',#4999,#5001) ;
#5007=LINE('Line',#5004,#5006) ;
#5014=LINE('Line',#5011,#5013) ;
#5028=LINE('Line',#5025,#5027) ;
#5035=LINE('Line',#5032,#5034) ;
#5061=LINE('Line',#5058,#5060) ;
#5066=LINE('Line',#5063,#5065) ;
#5078=LINE('Line',#5075,#5077) ;
#5085=LINE('Line',#5082,#5084) ;
#5109=LINE('Line',#5106,#5108) ;
#5126=LINE('Line',#5123,#5125) ;
#5145=LINE('Line',#5142,#5144) ;
#5162=LINE('Line',#5159,#5161) ;
#5169=LINE('Line',#5166,#5168) ;
#5195=LINE('Line',#5192,#5194) ;
#5241=LINE('Line',#5238,#5240) ;
#5246=LINE('Line',#5243,#5245) ;
#5258=LINE('Line',#5255,#5257) ;
#5265=LINE('Line',#5262,#5264) ;
#5289=LINE('Line',#5286,#5288) ;
#5301=LINE('Line',#5298,#5300) ;
#5339=LINE('Line',#5336,#5338) ;
#5352=LINE('Line',#5349,#5351) ;
#5357=LINE('Line',#5354,#5356) ;
#5385=LINE('Line',#5382,#5384) ;
#5390=LINE('Line',#5387,#5389) ;
#5407=LINE('Line',#5404,#5406) ;
#5426=LINE('Line',#5423,#5425) ;
#5438=LINE('Line',#5435,#5437) ;
#5445=LINE('Line',#5442,#5444) ;
#5471=LINE('Line',#5468,#5470) ;
#5491=LINE('Line',#5488,#5490) ;
#5522=LINE('Line',#5519,#5521) ;
#5534=LINE('Line',#5531,#5533) ;
#5551=LINE('Line',#5548,#5550) ;
#5565=LINE('Line',#5562,#5564) ;
#5594=LINE('Line',#5591,#5593) ;
#5608=LINE('Line',#5605,#5607) ;
#5637=LINE('Line',#5634,#5636) ;
#5651=LINE('Line',#5648,#5650) ;
#5680=LINE('Line',#5677,#5679) ;
#5694=LINE('Line',#5691,#5693) ;
#5723=LINE('Line',#5720,#5722) ;
#5737=LINE('Line',#5734,#5736) ;
#5766=LINE('Line',#5763,#5765) ;
#5780=LINE('Line',#5777,#5779) ;
#5809=LINE('Line',#5806,#5808) ;
#5814=LINE('Line',#5811,#5813) ;
#5838=LINE('Line',#5835,#5837) ;
#5843=LINE('Line',#5840,#5842) ;
#5894=LINE('Line',#5891,#5893) ;
#5997=LINE('Line',#5994,#5996) ;
#6004=LINE('Line',#6001,#6003) ;
#6181=LINE('Line',#6178,#6180) ;
#6186=LINE('Line',#6183,#6185) ;
#6263=LINE('Line',#6260,#6262) ;
#6268=LINE('Line',#6265,#6267) ;
#6329=LINE('Line',#6326,#6328) ;
#6334=LINE('Line',#6331,#6333) ;
#6360=LINE('Line',#6357,#6359) ;
#6365=LINE('Line',#6362,#6364) ;
#2=MECHANICAL_CONTEXT(' ',#1,'mechanical') ;
#1613=NEXT_ASSEMBLY_USAGE_OCCURRENCE('SP02_ALPHA_AF_BAGUE0.1','SP02_ALPHA_AF_BAGUE0.1','',#17,#56,' ') ;
#2004=NEXT_ASSEMBLY_USAGE_OCCURRENCE('SP02_ALPHA_AF_BLOC_AF.1','SP02_ALPHA_AF_BLOC_AF.1','',#17,#1632,' ') ;
#2019=NEXT_ASSEMBLY_USAGE_OCCURRENCE('SP02_ALPHA_AF_BLOC_AF.2','SP02_ALPHA_AF_BLOC_AF.2','',#17,#1632,' ') ;
#2032=NEXT_ASSEMBLY_USAGE_OCCURRENCE('SP02_ALPHA_AF_BLOC_AF.3','SP02_ALPHA_AF_BLOC_AF.3','',#17,#1632,' ') ;
#2923=NEXT_ASSEMBLY_USAGE_OCCURRENCE('SP02_ALPHA_AF_BLOC_RONDELLE.1','SP02_ALPHA_AF_BLOC_RONDELLE.1','',#17,#2049,' ') ;
#3228=NEXT_ASSEMBLY_USAGE_OCCURRENCE('SP02_ALPHA_AF_BLOC_BIELLE.1','SP02_ALPHA_AF_BLOC_BIELLE.1','',#17,#2942,' ') ;
#3243=NEXT_ASSEMBLY_USAGE_OCCURRENCE('SP02_ALPHA_AF_BLOC_BIELLE.2','SP02_ALPHA_AF_BLOC_BIELLE.2','',#17,#2942,' ') ;
#3256=NEXT_ASSEMBLY_USAGE_OCCURRENCE('SP02_ALPHA_AF_BLOC_BIELLE.3','SP02_ALPHA_AF_BLOC_BIELLE.3','',#17,#2942,' ') ;
#6386=NEXT_ASSEMBLY_USAGE_OCCURRENCE('SP02_ALPHA_AF_BLOC_BAGUE1.1','SP02_ALPHA_AF_BLOC_BAGUE1.1','',#17,#3273,' ') ;
#6401=NEXT_ASSEMBLY_USAGE_OCCURRENCE('SP02_ALPHA_AF_BLOC_RONDELLE.2','SP02_ALPHA_AF_BLOC_RONDELLE.2','',#17,#2049,' ') ;
#27=PERSONAL_ADDRESS(' ',' ',' ',' ',' ',' ',' ',' ',' ',' ',' ',' ',(#25),' ') ;
#97=PLANE('Plane',#96) ;
#358=PLANE('Plane',#357) ;
#396=PLANE('Plane',#395) ;
#436=PLANE('Plane',#435) ;
#507=PLANE('Plane',#506) ;
#555=PLANE('Plane',#554) ;
#603=PLANE('Plane',#602) ;
#651=PLANE('Plane',#650) ;
#699=PLANE('Plane',#698) ;
#747=PLANE('Plane',#746) ;
#1029=PLANE('Plane',#1028) ;
#1100=PLANE('Plane',#1099) ;
#1129=PLANE('Plane',#1128) ;
#1150=PLANE('Plane',#1149) ;
#1197=PLANE('Plane',#1196) ;
#1256=PLANE('Plane',#1255) ;
#1738=PLANE('Plane',#1737) ;
#1859=PLANE('Plane',#1858) ;
#1887=PLANE('Plane',#1886) ;
#1924=PLANE('Plane',#1923) ;
#1955=PLANE('Plane',#1954) ;
#2343=PLANE('Plane',#2342) ;
#2441=PLANE('Plane',#2440) ;
#2754=PLANE('Plane',#2753) ;
#3189=PLANE('Plane',#3188) ;
#3209=PLANE('Plane',#3208) ;
#3454=PLANE('Plane',#3453) ;
#4072=PLANE('Plane',#4071) ;
#4178=PLANE('Plane',#4177) ;
#4310=PLANE('Plane',#4309) ;
#4443=PLANE('Plane',#4442) ;
#4472=PLANE('Plane',#4471) ;
#4512=PLANE('Plane',#4511) ;
#4543=PLANE('Plane',#4542) ;
#4654=PLANE('Plane',#4653) ;
#4702=PLANE('Plane',#4701) ;
#4815=PLANE('Plane',#4814) ;
#4998=PLANE('Plane',#4997) ;
#5158=PLANE('Plane',#5157) ;
#5880=PLANE('Plane',#5879) ;
#5993=PLANE('Plane',#5992) ;
#48=PLANE_ANGLE_MEASURE_WITH_UNIT(PLANE_ANGLE_MEASURE(0.0174532925199),#47) ;
#7=PRODUCT_CATEGORY('part',$) ;
#14=PRODUCT_CATEGORY('part',$) ;
#9=PRODUCT_CATEGORY_RELATIONSHIP(' ',' ',#7,#8) ;
#16=PRODUCT_CATEGORY_RELATIONSHIP(' ',' ',#14,#15) ;
#6=PRODUCT_DEFINITION_FORMATION_WITH_SPECIFIED_SOURCE('',' ',#5,.NOT_KNOWN.) ;
#55=PRODUCT_DEFINITION_FORMATION_WITH_SPECIFIED_SOURCE('',' ',#54,.NOT_KNOWN.) ;
#1631=PRODUCT_DEFINITION_FORMATION_WITH_SPECIFIED_SOURCE('',' ',#1630,.NOT_KNOWN.) ;
#2048=PRODUCT_DEFINITION_FORMATION_WITH_SPECIFIED_SOURCE('',' ',#2047,.NOT_KNOWN.) ;
#2941=PRODUCT_DEFINITION_FORMATION_WITH_SPECIFIED_SOURCE('',' ',#2940,.NOT_KNOWN.) ;
#3272=PRODUCT_DEFINITION_FORMATION_WITH_SPECIFIED_SOURCE('',' ',#3271,.NOT_KNOWN.) ;
#56=PRODUCT_DEFINITION_WITH_ASSOCIATED_DOCUMENTS('',' ',#55,#3,(#58)) ;
#1632=PRODUCT_DEFINITION_WITH_ASSOCIATED_DOCUMENTS('',' ',#1631,#3,(#1634)) ;
#2049=PRODUCT_DEFINITION_WITH_ASSOCIATED_DOCUMENTS('',' ',#2048,#3,(#2051)) ;
#2942=PRODUCT_DEFINITION_WITH_ASSOCIATED_DOCUMENTS('',' ',#2941,#3,(#2944)) ;
#3273=PRODUCT_DEFINITION_WITH_ASSOCIATED_DOCUMENTS('',' ',#3272,#3,(#3275)) ;
#8=PRODUCT_RELATED_PRODUCT_CATEGORY('detail',$,(#54,#1630,#2047,#2940,#3271)) ;
#15=PRODUCT_RELATED_PRODUCT_CATEGORY('part',$,(#5)) ;
#43=SHAPE_DEFINITION_REPRESENTATION(#45,#44) ;
#53=SHAPE_DEFINITION_REPRESENTATION(#59,#52) ;
#1629=SHAPE_DEFINITION_REPRESENTATION(#1635,#1628) ;
#2046=SHAPE_DEFINITION_REPRESENTATION(#2052,#2045) ;
#2939=SHAPE_DEFINITION_REPRESENTATION(#2945,#2938) ;
#3270=SHAPE_DEFINITION_REPRESENTATION(#3276,#3269) ;
#71=VERTEX_POINT('',#70) ;
#73=VERTEX_POINT('',#72) ;
#80=VERTEX_POINT('',#79) ;
#103=VERTEX_POINT('',#102) ;
#105=VERTEX_POINT('',#104) ;
#112=VERTEX_POINT('',#111) ;
#119=VERTEX_POINT('',#118) ;
#126=VERTEX_POINT('',#125) ;
#133=VERTEX_POINT('',#132) ;
#153=VERTEX_POINT('',#152) ;
#155=VERTEX_POINT('',#154) ;
#162=VERTEX_POINT('',#161) ;
#169=VERTEX_POINT('',#168) ;
#187=VERTEX_POINT('',#186) ;
#189=VERTEX_POINT('',#188) ;
#196=VERTEX_POINT('',#195) ;
#203=VERTEX_POINT('',#202) ;
#221=VERTEX_POINT('',#220) ;
#223=VERTEX_POINT('',#222) ;
#230=VERTEX_POINT('',#229) ;
#237=VERTEX_POINT('',#236) ;
#255=VERTEX_POINT('',#254) ;
#257=VERTEX_POINT('',#256) ;
#273=VERTEX_POINT('',#272) ;
#275=VERTEX_POINT('',#274) ;
#291=VERTEX_POINT('',#290) ;
#293=VERTEX_POINT('',#292) ;
#309=VERTEX_POINT('',#308) ;
#311=VERTEX_POINT('',#310) ;
#333=VERTEX_POINT('',#332) ;
#340=VERTEX_POINT('',#339) ;
#364=VERTEX_POINT('',#363) ;
#371=VERTEX_POINT('',#370) ;
#378=VERTEX_POINT('',#377) ;
#402=VERTEX_POINT('',#401) ;
#404=VERTEX_POINT('',#403) ;
#411=VERTEX_POINT('',#410) ;
#418=VERTEX_POINT('',#417) ;
#442=VERTEX_POINT('',#441) ;
#444=VERTEX_POINT('',#443) ;
#451=VERTEX_POINT('',#450) ;
#458=VERTEX_POINT('',#457) ;
#482=VERTEX_POINT('',#481) ;
#484=VERTEX_POINT('',#483) ;
#513=VERTEX_POINT('',#512) ;
#537=VERTEX_POINT('',#536) ;
#578=VERTEX_POINT('',#577) ;
#580=VERTEX_POINT('',#579) ;
#609=VERTEX_POINT('',#608) ;
#633=VERTEX_POINT('',#632) ;
#674=VERTEX_POINT('',#673) ;
#676=VERTEX_POINT('',#675) ;
#705=VERTEX_POINT('',#704) ;
#729=VERTEX_POINT('',#728) ;
#770=VERTEX_POINT('',#769) ;
#772=VERTEX_POINT('',#771) ;
#813=VERTEX_POINT('',#812) ;
#815=VERTEX_POINT('',#814) ;
#856=VERTEX_POINT('',#855) ;
#858=VERTEX_POINT('',#857) ;
#899=VERTEX_POINT('',#898) ;
#901=VERTEX_POINT('',#900) ;
#942=VERTEX_POINT('',#941) ;
#944=VERTEX_POINT('',#943) ;
#973=VERTEX_POINT('',#972) ;
#975=VERTEX_POINT('',#974) ;
#1004=VERTEX_POINT('',#1003) ;
#1006=VERTEX_POINT('',#1005) ;
#1035=VERTEX_POINT('',#1034) ;
#1037=VERTEX_POINT('',#1036) ;
#1063=VERTEX_POINT('',#1062) ;
#1070=VERTEX_POINT('',#1069) ;
#1111=VERTEX_POINT('',#1110) ;
#1156=VERTEX_POINT('',#1155) ;
#1163=VERTEX_POINT('',#1162) ;
#1208=VERTEX_POINT('',#1207) ;
#1262=VERTEX_POINT('',#1261) ;
#1311=VERTEX_POINT('',#1310) ;
#1313=VERTEX_POINT('',#1312) ;
#1407=VERTEX_POINT('',#1406) ;
#1409=VERTEX_POINT('',#1408) ;
#1443=VERTEX_POINT('',#1442) ;
#1445=VERTEX_POINT('',#1444) ;
#1476=VERTEX_POINT('',#1475) ;
#1478=VERTEX_POINT('',#1477) ;
#1485=VERTEX_POINT('',#1484) ;
#1548=VERTEX_POINT('',#1547) ;
#1550=VERTEX_POINT('',#1549) ;
#1557=VERTEX_POINT('',#1556) ;
#1647=VERTEX_POINT('',#1646) ;
#1649=VERTEX_POINT('',#1648) ;
#1656=VERTEX_POINT('',#1655) ;
#1663=VERTEX_POINT('',#1662) ;
#1687=VERTEX_POINT('',#1686) ;
#1689=VERTEX_POINT('',#1688) ;
#1696=VERTEX_POINT('',#1695) ;
#1703=VERTEX_POINT('',#1702) ;
#1744=VERTEX_POINT('',#1743) ;
#1746=VERTEX_POINT('',#1745) ;
#1770=VERTEX_POINT('',#1769) ;
#1772=VERTEX_POINT('',#1771) ;
#1801=VERTEX_POINT('',#1800) ;
#1803=VERTEX_POINT('',#1802) ;
#1822=VERTEX_POINT('',#1821) ;
#1829=VERTEX_POINT('',#1828) ;
#1893=VERTEX_POINT('',#1892) ;
#1900=VERTEX_POINT('',#1899) ;
#1930=VERTEX_POINT('',#1929) ;
#1932=VERTEX_POINT('',#1931) ;
#2064=VERTEX_POINT('',#2063) ;
#2066=VERTEX_POINT('',#2065) ;
#2073=VERTEX_POINT('',#2072) ;
#2080=VERTEX_POINT('',#2079) ;
#2121=VERTEX_POINT('',#2120) ;
#2123=VERTEX_POINT('',#2122) ;
#2130=VERTEX_POINT('',#2129) ;
#2137=VERTEX_POINT('',#2136) ;
#2178=VERTEX_POINT('',#2177) ;
#2180=VERTEX_POINT('',#2179) ;
#2187=VERTEX_POINT('',#2186) ;
#2194=VERTEX_POINT('',#2193) ;
#2235=VERTEX_POINT('',#2234) ;
#2237=VERTEX_POINT('',#2236) ;
#2244=VERTEX_POINT('',#2243) ;
#2251=VERTEX_POINT('',#2250) ;
#2292=VERTEX_POINT('',#2291) ;
#2294=VERTEX_POINT('',#2293) ;
#2301=VERTEX_POINT('',#2300) ;
#2308=VERTEX_POINT('',#2307) ;
#2365=VERTEX_POINT('',#2364) ;
#2367=VERTEX_POINT('',#2366) ;
#2383=VERTEX_POINT('',#2382) ;
#2385=VERTEX_POINT('',#2384) ;
#2401=VERTEX_POINT('',#2400) ;
#2403=VERTEX_POINT('',#2402) ;
#2419=VERTEX_POINT('',#2418) ;
#2421=VERTEX_POINT('',#2420) ;
#2467=VERTEX_POINT('',#2466) ;
#2469=VERTEX_POINT('',#2468) ;
#2485=VERTEX_POINT('',#2484) ;
#2487=VERTEX_POINT('',#2486) ;
#2503=VERTEX_POINT('',#2502) ;
#2505=VERTEX_POINT('',#2504) ;
#2521=VERTEX_POINT('',#2520) ;
#2523=VERTEX_POINT('',#2522) ;
#2545=VERTEX_POINT('',#2544) ;
#2547=VERTEX_POINT('',#2546) ;
#2588=VERTEX_POINT('',#2587) ;
#2590=VERTEX_POINT('',#2589) ;
#2631=VERTEX_POINT('',#2630) ;
#2633=VERTEX_POINT('',#2632) ;
#2674=VERTEX_POINT('',#2673) ;
#2676=VERTEX_POINT('',#2675) ;
#2717=VERTEX_POINT('',#2716) ;
#2724=VERTEX_POINT('',#2723) ;
#2774=VERTEX_POINT('',#2773) ;
#2781=VERTEX_POINT('',#2780) ;
#2826=VERTEX_POINT('',#2825) ;
#2833=VERTEX_POINT('',#2832) ;
#2878=VERTEX_POINT('',#2877) ;
#2885=VERTEX_POINT('',#2884) ;
#2957=VERTEX_POINT('',#2956) ;
#2959=VERTEX_POINT('',#2958) ;
#2966=VERTEX_POINT('',#2965) ;
#2973=VERTEX_POINT('',#2972) ;
#2997=VERTEX_POINT('',#2996) ;
#3004=VERTEX_POINT('',#3003) ;
#3028=VERTEX_POINT('',#3027) ;
#3035=VERTEX_POINT('',#3034) ;
#3081=VERTEX_POINT('',#3080) ;
#3083=VERTEX_POINT('',#3082) ;
#3090=VERTEX_POINT('',#3089) ;
#3097=VERTEX_POINT('',#3096) ;
#3138=VERTEX_POINT('',#3137) ;
#3140=VERTEX_POINT('',#3139) ;
#3147=VERTEX_POINT('',#3146) ;
#3154=VERTEX_POINT('',#3153) ;
#3288=VERTEX_POINT('',#3287) ;
#3290=VERTEX_POINT('',#3289) ;
#3299=VERTEX_POINT('',#3298) ;
#3315=VERTEX_POINT('',#3314) ;
#3322=VERTEX_POINT('',#3321) ;
#3354=VERTEX_POINT('',#3353) ;
#3396=VERTEX_POINT('',#3395) ;
#3403=VERTEX_POINT('',#3402) ;
#3410=VERTEX_POINT('',#3409) ;
#3417=VERTEX_POINT('',#3416) ;
#3424=VERTEX_POINT('',#3423) ;
#3431=VERTEX_POINT('',#3430) ;
#3460=VERTEX_POINT('',#3459) ;
#3462=VERTEX_POINT('',#3461) ;
#3469=VERTEX_POINT('',#3468) ;
#3476=VERTEX_POINT('',#3475) ;
#3483=VERTEX_POINT('',#3482) ;
#3490=VERTEX_POINT('',#3489) ;
#3510=VERTEX_POINT('',#3509) ;
#3512=VERTEX_POINT('',#3511) ;
#3528=VERTEX_POINT('',#3527) ;
#3530=VERTEX_POINT('',#3529) ;
#3546=VERTEX_POINT('',#3545) ;
#3548=VERTEX_POINT('',#3547) ;
#3564=VERTEX_POINT('',#3563) ;
#3566=VERTEX_POINT('',#3565) ;
#3582=VERTEX_POINT('',#3581) ;
#3584=VERTEX_POINT('',#3583) ;
#3600=VERTEX_POINT('',#3599) ;
#3602=VERTEX_POINT('',#3601) ;
#3618=VERTEX_POINT('',#3617) ;
#3620=VERTEX_POINT('',#3619) ;
#3636=VERTEX_POINT('',#3635) ;
#3638=VERTEX_POINT('',#3637) ;
#3654=VERTEX_POINT('',#3653) ;
#3656=VERTEX_POINT('',#3655) ;
#3663=VERTEX_POINT('',#3662) ;
#3670=VERTEX_POINT('',#3669) ;
#3677=VERTEX_POINT('',#3676) ;
#3684=VERTEX_POINT('',#3683) ;
#3691=VERTEX_POINT('',#3690) ;
#3698=VERTEX_POINT('',#3697) ;
#3720=VERTEX_POINT('',#3719) ;
#3722=VERTEX_POINT('',#3721) ;
#3729=VERTEX_POINT('',#3728) ;
#3736=VERTEX_POINT('',#3735) ;
#3743=VERTEX_POINT('',#3742) ;
#3750=VERTEX_POINT('',#3749) ;
#3757=VERTEX_POINT('',#3756) ;
#3764=VERTEX_POINT('',#3763) ;
#3786=VERTEX_POINT('',#3785) ;
#3788=VERTEX_POINT('',#3787) ;
#3795=VERTEX_POINT('',#3794) ;
#3802=VERTEX_POINT('',#3801) ;
#3809=VERTEX_POINT('',#3808) ;
#3816=VERTEX_POINT('',#3815) ;
#3823=VERTEX_POINT('',#3822) ;
#3830=VERTEX_POINT('',#3829) ;
#3852=VERTEX_POINT('',#3851) ;
#3854=VERTEX_POINT('',#3853) ;
#3866=VERTEX_POINT('',#3865) ;
#3873=VERTEX_POINT('',#3872) ;
#3880=VERTEX_POINT('',#3879) ;
#3887=VERTEX_POINT('',#3886) ;
#3909=VERTEX_POINT('',#3908) ;
#3911=VERTEX_POINT('',#3910) ;
#3918=VERTEX_POINT('',#3917) ;
#3925=VERTEX_POINT('',#3924) ;
#3932=VERTEX_POINT('',#3931) ;
#3939=VERTEX_POINT('',#3938) ;
#3946=VERTEX_POINT('',#3945) ;
#3953=VERTEX_POINT('',#3952) ;
#3975=VERTEX_POINT('',#3974) ;
#3977=VERTEX_POINT('',#3976) ;
#3984=VERTEX_POINT('',#3983) ;
#3991=VERTEX_POINT('',#3990) ;
#3998=VERTEX_POINT('',#3997) ;
#4005=VERTEX_POINT('',#4004) ;
#4012=VERTEX_POINT('',#4011) ;
#4019=VERTEX_POINT('',#4018) ;
#4047=VERTEX_POINT('',#4046) ;
#4054=VERTEX_POINT('',#4053) ;
#4078=VERTEX_POINT('',#4077) ;
#4080=VERTEX_POINT('',#4079) ;
#4087=VERTEX_POINT('',#4086) ;
#4094=VERTEX_POINT('',#4093) ;
#4101=VERTEX_POINT('',#4100) ;
#4108=VERTEX_POINT('',#4107) ;
#4115=VERTEX_POINT('',#4114) ;
#4122=VERTEX_POINT('',#4121) ;
#4129=VERTEX_POINT('',#4128) ;
#4136=VERTEX_POINT('',#4135) ;
#4160=VERTEX_POINT('',#4159) ;
#4162=VERTEX_POINT('',#4161) ;
#4184=VERTEX_POINT('',#4183) ;
#4191=VERTEX_POINT('',#4190) ;
#4210=VERTEX_POINT('',#4209) ;
#4212=VERTEX_POINT('',#4211) ;
#4219=VERTEX_POINT('',#4218) ;
#4226=VERTEX_POINT('',#4225) ;
#4233=VERTEX_POINT('',#4232) ;
#4240=VERTEX_POINT('',#4239) ;
#4247=VERTEX_POINT('',#4246) ;
#4254=VERTEX_POINT('',#4253) ;
#4261=VERTEX_POINT('',#4260) ;
#4268=VERTEX_POINT('',#4267) ;
#4292=VERTEX_POINT('',#4291) ;
#4294=VERTEX_POINT('',#4293) ;
#4316=VERTEX_POINT('',#4315) ;
#4323=VERTEX_POINT('',#4322) ;
#4347=VERTEX_POINT('',#4346) ;
#4349=VERTEX_POINT('',#4348) ;
#4356=VERTEX_POINT('',#4355) ;
#4363=VERTEX_POINT('',#4362) ;
#4387=VERTEX_POINT('',#4386) ;
#4394=VERTEX_POINT('',#4393) ;
#4418=VERTEX_POINT('',#4417) ;
#4425=VERTEX_POINT('',#4424) ;
#4449=VERTEX_POINT('',#4448) ;
#4478=VERTEX_POINT('',#4477) ;
#4480=VERTEX_POINT('',#4479) ;
#4487=VERTEX_POINT('',#4486) ;
#4494=VERTEX_POINT('',#4493) ;
#4518=VERTEX_POINT('',#4517) ;
#4525=VERTEX_POINT('',#4524) ;
#4549=VERTEX_POINT('',#4548) ;
#4551=VERTEX_POINT('',#4550) ;
#4580=VERTEX_POINT('',#4579) ;
#4604=VERTEX_POINT('',#4603) ;
#4628=VERTEX_POINT('',#4627) ;
#4630=VERTEX_POINT('',#4629) ;
#4684=VERTEX_POINT('',#4683) ;
#4708=VERTEX_POINT('',#4707) ;
#4715=VERTEX_POINT('',#4714) ;
#4746=VERTEX_POINT('',#4745) ;
#4753=VERTEX_POINT('',#4752) ;
#4773=VERTEX_POINT('',#4772) ;
#4797=VERTEX_POINT('',#4796) ;
#4821=VERTEX_POINT('',#4820) ;
#4845=VERTEX_POINT('',#4844) ;
#4874=VERTEX_POINT('',#4873) ;
#4917=VERTEX_POINT('',#4916) ;
#4919=VERTEX_POINT('',#4918) ;
#4948=VERTEX_POINT('',#4947) ;
#4972=VERTEX_POINT('',#4971) ;
#4974=VERTEX_POINT('',#4973) ;
#5009=VERTEX_POINT('',#5008) ;
#5030=VERTEX_POINT('',#5029) ;
#5054=VERTEX_POINT('',#5053) ;
#5056=VERTEX_POINT('',#5055) ;
#5080=VERTEX_POINT('',#5079) ;
#5104=VERTEX_POINT('',#5103) ;
#5164=VERTEX_POINT('',#5163) ;
#5190=VERTEX_POINT('',#5189) ;
#5197=VERTEX_POINT('',#5196) ;
#5234=VERTEX_POINT('',#5233) ;
#5236=VERTEX_POINT('',#5235) ;
#5260=VERTEX_POINT('',#5259) ;
#5284=VERTEX_POINT('',#5283) ;
#5303=VERTEX_POINT('',#5302) ;
#5327=VERTEX_POINT('',#5326) ;
#5329=VERTEX_POINT('',#5328) ;
#5378=VERTEX_POINT('',#5377) ;
#5380=VERTEX_POINT('',#5379) ;
#5440=VERTEX_POINT('',#5439) ;
#5466=VERTEX_POINT('',#5465) ;
#5473=VERTEX_POINT('',#5472) ;
#5493=VERTEX_POINT('',#5492) ;
#5517=VERTEX_POINT('',#5516) ;
#5553=VERTEX_POINT('',#5552) ;
#5560=VERTEX_POINT('',#5559) ;
#5596=VERTEX_POINT('',#5595) ;
#5603=VERTEX_POINT('',#5602) ;
#5639=VERTEX_POINT('',#5638) ;
#5646=VERTEX_POINT('',#5645) ;
#5682=VERTEX_POINT('',#5681) ;
#5689=VERTEX_POINT('',#5688) ;
#5725=VERTEX_POINT('',#5724) ;
#5732=VERTEX_POINT('',#5731) ;
#5768=VERTEX_POINT('',#5767) ;
#5775=VERTEX_POINT('',#5774) ;
#5999=VERTEX_POINT('',#5998) ;
#6098=VERTEX_POINT('',#6097) ;
#6100=VERTEX_POINT('',#6099) ;
#6134=VERTEX_POINT('',#6133) ;
#6136=VERTEX_POINT('',#6135) ;
#6164=VERTEX_POINT('',#6163) ;
#6166=VERTEX_POINT('',#6165) ;
#6176=VERTEX_POINT('',#6175) ;
#6213=VERTEX_POINT('',#6212) ;
#6246=VERTEX_POINT('',#6245) ;
#6248=VERTEX_POINT('',#6247) ;
#6258=VERTEX_POINT('',#6257) ;
#6295=VERTEX_POINT('',#6294) ;
#46=(LENGTH_UNIT()NAMED_UNIT(*)SI_UNIT(.MILLI.,.METRE.)) ;
#47=(NAMED_UNIT(*)PLANE_ANGLE_UNIT()SI_UNIT($,.RADIAN.)) ;
#49=(NAMED_UNIT(*)SI_UNIT($,.STERADIAN.)SOLID_ANGLE_UNIT()) ;
#51=(GEOMETRIC_REPRESENTATION_CONTEXT(3)GLOBAL_UNCERTAINTY_ASSIGNED_CONTEXT((#50))GLOBAL_UNIT_ASSIGNED_CONTEXT((#46,#47,#49))REPRESENTATION_CONTEXT(' ',' ')) ;
#1627=(GEOMETRIC_REPRESENTATION_CONTEXT(3)GLOBAL_UNCERTAINTY_ASSIGNED_CONTEXT((#1626))GLOBAL_UNIT_ASSIGNED_CONTEXT((#46,#47,#49))REPRESENTATION_CONTEXT(' ',' ')) ;
#2018=(GEOMETRIC_REPRESENTATION_CONTEXT(3)GLOBAL_UNCERTAINTY_ASSIGNED_CONTEXT((#2017))GLOBAL_UNIT_ASSIGNED_CONTEXT((#46,#47,#49))REPRESENTATION_CONTEXT(' ',' ')) ;
#2937=(GEOMETRIC_REPRESENTATION_CONTEXT(3)GLOBAL_UNCERTAINTY_ASSIGNED_CONTEXT((#2936))GLOBAL_UNIT_ASSIGNED_CONTEXT((#46,#47,#49))REPRESENTATION_CONTEXT(' ',' ')) ;
#3242=(GEOMETRIC_REPRESENTATION_CONTEXT(3)GLOBAL_UNCERTAINTY_ASSIGNED_CONTEXT((#3241))GLOBAL_UNIT_ASSIGNED_CONTEXT((#46,#47,#49))REPRESENTATION_CONTEXT(' ',' ')) ;
#6400=(GEOMETRIC_REPRESENTATION_CONTEXT(3)GLOBAL_UNCERTAINTY_ASSIGNED_CONTEXT((#6399))GLOBAL_UNIT_ASSIGNED_CONTEXT((#46,#47,#49))REPRESENTATION_CONTEXT(' ',' ')) ;
#1616=(REPRESENTATION_RELATIONSHIP(' ',' ',#52,#44)REPRESENTATION_RELATIONSHIP_WITH_TRANSFORMATION(#1617)SHAPE_REPRESENTATION_RELATIONSHIP()) ;
#2007=(REPRESENTATION_RELATIONSHIP(' ',' ',#1628,#44)REPRESENTATION_RELATIONSHIP_WITH_TRANSFORMATION(#2008)SHAPE_REPRESENTATION_RELATIONSHIP()) ;
#2022=(REPRESENTATION_RELATIONSHIP(' ',' ',#1628,#44)REPRESENTATION_RELATIONSHIP_WITH_TRANSFORMATION(#2023)SHAPE_REPRESENTATION_RELATIONSHIP()) ;
#2035=(REPRESENTATION_RELATIONSHIP(' ',' ',#1628,#44)REPRESENTATION_RELATIONSHIP_WITH_TRANSFORMATION(#2036)SHAPE_REPRESENTATION_RELATIONSHIP()) ;
#2926=(REPRESENTATION_RELATIONSHIP(' ',' ',#2045,#44)REPRESENTATION_RELATIONSHIP_WITH_TRANSFORMATION(#2927)SHAPE_REPRESENTATION_RELATIONSHIP()) ;
#3231=(REPRESENTATION_RELATIONSHIP(' ',' ',#2938,#44)REPRESENTATION_RELATIONSHIP_WITH_TRANSFORMATION(#3232)SHAPE_REPRESENTATION_RELATIONSHIP()) ;
#3246=(REPRESENTATION_RELATIONSHIP(' ',' ',#2938,#44)REPRESENTATION_RELATIONSHIP_WITH_TRANSFORMATION(#3247)SHAPE_REPRESENTATION_RELATIONSHIP()) ;
#3259=(REPRESENTATION_RELATIONSHIP(' ',' ',#2938,#44)REPRESENTATION_RELATIONSHIP_WITH_TRANSFORMATION(#3260)SHAPE_REPRESENTATION_RELATIONSHIP()) ;
#6389=(REPRESENTATION_RELATIONSHIP(' ',' ',#3269,#44)REPRESENTATION_RELATIONSHIP_WITH_TRANSFORMATION(#6390)SHAPE_REPRESENTATION_RELATIONSHIP()) ;
#6404=(REPRESENTATION_RELATIONSHIP(' ',' ',#2045,#44)REPRESENTATION_RELATIONSHIP_WITH_TRANSFORMATION(#6405)SHAPE_REPRESENTATION_RELATIONSHIP()) ;
ENDSEC;
END-ISO-10303-21;
