ISO-10303-21;
HEADER;
FILE_DESCRIPTION(('CATIA V5 STEP Exchange'),'2;1');

FILE_NAME('C:\\Users\\alexi\\Documents\\scolaire\\IPSA\\AeroIpsa\\SP-02\\CATIA\\new_catia\\SP02_ALPHA\\SP02_ALPHA_AF\\STEP\\SP02_ALPHA_AF_BLOC_BAGUE0.stp','2026-03-23T20:49:45+00:00',('none'),('none'),'CATIA Version 5 Release 19 GA (IN-10)','CATIA V5 STEP AP203','none');

FILE_SCHEMA(('CONFIG_CONTROL_DESIGN'));

ENDSEC;
/* file written by CATIA V5R19 */
DATA;
#5=PRODUCT('SP02_ALPHA_AF_BLOC_BAGUE0','','',(#2)) ;
#1=APPLICATION_CONTEXT('configuration controlled 3D design of mechanical parts and assemblies') ;
#14=PRODUCT_DEFINITION('',' ',#6,#3) ;
#16=SECURITY_CLASSIFICATION(' ',' ',#15) ;
#15=SECURITY_CLASSIFICATION_LEVEL('unclassified') ;
#47=CARTESIAN_POINT(' ',(0.,0.,0.)) ;
#52=CARTESIAN_POINT('Axis2P3D Location',(-23.834177447,23.834177447,3.5)) ;
#57=CARTESIAN_POINT('Line Origine',(-24.8974348792,23.6147692312,3.00451370585)) ;
#61=CARTESIAN_POINT('Vertex',(-23.834177447,23.834177447,3.5)) ;
#63=CARTESIAN_POINT('Vertex',(-25.9606923114,23.3953610154,2.50902741171)) ;
#66=CARTESIAN_POINT('Axis2P3D Location',(-24.6780266634,24.6780266634,3.5)) ;
#70=CARTESIAN_POINT('Vertex',(-23.3953610154,25.9606923114,4.49097258829)) ;
#73=CARTESIAN_POINT('Line Origine',(-23.6147692312,24.8974348792,3.99548629415)) ;
#84=CARTESIAN_POINT('Axis2P3D Location',(0.,0.,0.)) ;
#89=CARTESIAN_POINT('Axis2P3D Location',(0.,0.,0.)) ;
#93=CARTESIAN_POINT('Vertex',(18.,46.5404125465,0.)) ;
#95=CARTESIAN_POINT('Vertex',(-18.,46.5404125465,0.)) ;
#98=CARTESIAN_POINT('Axis2P3D Location',(0.,0.,0.)) ;
#102=CARTESIAN_POINT('Vertex',(49.3051795679,-7.68174900514,0.)) ;
#105=CARTESIAN_POINT('Axis2P3D Location',(0.,0.,0.)) ;
#109=CARTESIAN_POINT('Vertex',(31.3051795679,-38.8586635414,0.)) ;
#112=CARTESIAN_POINT('Axis2P3D Location',(0.,0.,0.)) ;
#116=CARTESIAN_POINT('Vertex',(-31.3051795679,-38.8586635414,0.)) ;
#119=CARTESIAN_POINT('Axis2P3D Location',(0.,0.,0.)) ;
#123=CARTESIAN_POINT('Vertex',(-49.3051795679,-7.68174900514,0.)) ;
#126=CARTESIAN_POINT('Axis2P3D Location',(0.,0.,0.)) ;
#139=CARTESIAN_POINT('Line Origine',(15.,28.6652713945,0.)) ;
#143=CARTESIAN_POINT('Vertex',(15.,18.973665961,0.)) ;
#145=CARTESIAN_POINT('Vertex',(15.,38.356876828,0.)) ;
#148=CARTESIAN_POINT('Axis2P3D Location',(13.,38.356876828,0.)) ;
#152=CARTESIAN_POINT('Vertex',(13.6419753086,40.251043585,0.)) ;
#155=CARTESIAN_POINT('Axis2P3D Location',(0.,0.,0.)) ;
#159=CARTESIAN_POINT('Vertex',(3.31280215906,42.3706896552,0.)) ;
#162=CARTESIAN_POINT('Axis2P3D Location',(3.39075044515,43.3676470588,0.)) ;
#166=CARTESIAN_POINT('Vertex',(2.42196460368,43.1197478992,0.)) ;
#169=CARTESIAN_POINT('Axis2P3D Location',(-5.20474889638E-015,42.5,0.)) ;
#173=CARTESIAN_POINT('Vertex',(-2.42196460368,43.1197478992,0.)) ;
#176=CARTESIAN_POINT('Axis2P3D Location',(-3.39075044515,43.3676470588,0.)) ;
#180=CARTESIAN_POINT('Vertex',(-3.31280215906,42.3706896552,0.)) ;
#183=CARTESIAN_POINT('Axis2P3D Location',(0.,0.,0.)) ;
#187=CARTESIAN_POINT('Vertex',(-13.6419753086,40.251043585,0.)) ;
#190=CARTESIAN_POINT('Axis2P3D Location',(-13.,38.356876828,0.)) ;
#194=CARTESIAN_POINT('Vertex',(-15.,38.356876828,0.)) ;
#197=CARTESIAN_POINT('Line Origine',(-15.,28.6652713945,0.)) ;
#201=CARTESIAN_POINT('Vertex',(-15.,18.973665961,0.)) ;
#204=CARTESIAN_POINT('Axis2P3D Location',(-13.,18.973665961,0.)) ;
#208=CARTESIAN_POINT('Vertex',(-11.8695652174,17.3237819644,0.)) ;
#211=CARTESIAN_POINT('Axis2P3D Location',(0.,0.,0.)) ;
#215=CARTESIAN_POINT('Vertex',(-3.42540485746,20.71875,0.)) ;
#218=CARTESIAN_POINT('Axis2P3D Location',(-3.26229034044,19.7321428571,0.)) ;
#222=CARTESIAN_POINT('Vertex',(-2.33020738603,20.0943877551,0.)) ;
#225=CARTESIAN_POINT('Axis2P3D Location',(-1.71146263515E-015,21.,0.)) ;
#229=CARTESIAN_POINT('Vertex',(2.33020738603,20.0943877551,0.)) ;
#232=CARTESIAN_POINT('Axis2P3D Location',(3.26229034044,19.7321428571,0.)) ;
#236=CARTESIAN_POINT('Vertex',(3.42540485746,20.71875,0.)) ;
#239=CARTESIAN_POINT('Axis2P3D Location',(0.,0.,0.)) ;
#243=CARTESIAN_POINT('Vertex',(11.8695652174,17.3237819644,0.)) ;
#246=CARTESIAN_POINT('Axis2P3D Location',(13.,18.973665961,0.)) ;
#269=CARTESIAN_POINT('Axis2P3D Location',(-18.7196821556,-7.04084511923,0.)) ;
#273=CARTESIAN_POINT('Vertex',(-18.5673539624,-8.02917508517,0.)) ;
#275=CARTESIAN_POINT('Vertex',(-19.6556662634,-7.39288737519,0.)) ;
#278=CARTESIAN_POINT('Axis2P3D Location',(0.,0.,0.)) ;
#282=CARTESIAN_POINT('Vertex',(-20.9376178795,1.61745402794,0.)) ;
#285=CARTESIAN_POINT('Axis2P3D Location',(-22.9316767252,1.77149726869,0.)) ;
#289=CARTESIAN_POINT('Vertex',(-23.9316767252,3.50354807626,0.)) ;
#292=CARTESIAN_POINT('Line Origine',(-32.324853234,-1.34225464049,0.)) ;
#296=CARTESIAN_POINT('Vertex',(-40.7180297429,-6.18805735724,0.)) ;
#299=CARTESIAN_POINT('Axis2P3D Location',(-39.7180297429,-7.92010816481,0.)) ;
#303=CARTESIAN_POINT('Vertex',(-41.6794139277,-8.3112246174,0.)) ;
#306=CARTESIAN_POINT('Axis2P3D Location',(0.,0.,0.)) ;
#310=CARTESIAN_POINT('Vertex',(-38.3504946968,-18.3163740001,0.)) ;
#313=CARTESIAN_POINT('Axis2P3D Location',(-39.2528592779,-18.747347506,0.)) ;
#317=CARTESIAN_POINT('Vertex',(-38.5537793873,-19.4623910757,0.)) ;
#320=CARTESIAN_POINT('Axis2P3D Location',(-36.8060796608,-21.25,0.)) ;
#324=CARTESIAN_POINT('Vertex',(-36.1318147836,-23.6573568234,0.)) ;
#327=CARTESIAN_POINT('Axis2P3D Location',(-35.8621088327,-24.6202995528,0.)) ;
#331=CARTESIAN_POINT('Vertex',(-35.0376925377,-24.054315655,0.)) ;
#334=CARTESIAN_POINT('Axis2P3D Location',(0.,0.,0.)) ;
#338=CARTESIAN_POINT('Vertex',(-28.0374386191,-31.9398189676,0.)) ;
#341=CARTESIAN_POINT('Axis2P3D Location',(-26.7180297429,-30.4367686632,0.)) ;
#345=CARTESIAN_POINT('Vertex',(-25.7180297429,-32.1688194708,0.)) ;
#348=CARTESIAN_POINT('Line Origine',(-17.324853234,-27.323016754,0.)) ;
#352=CARTESIAN_POINT('Vertex',(-8.93167672515,-22.4772140373,0.)) ;
#355=CARTESIAN_POINT('Axis2P3D Location',(-9.93167672515,-20.7451632297,0.)) ;
#359=CARTESIAN_POINT('Vertex',(-9.0680526621,-18.9412359923,0.)) ;
#362=CARTESIAN_POINT('Axis2P3D Location',(0.,0.,0.)) ;
#366=CARTESIAN_POINT('Vertex',(-16.2302614059,-13.3258626248,0.)) ;
#369=CARTESIAN_POINT('Axis2P3D Location',(-15.4573918152,-12.6912977379,0.)) ;
#373=CARTESIAN_POINT('Vertex',(-16.2371465764,-12.0652126699,0.)) ;
#376=CARTESIAN_POINT('Axis2P3D Location',(-18.1865334795,-10.5,0.)) ;
#399=CARTESIAN_POINT('Axis2P3D Location',(36.8060796608,-21.25,0.)) ;
#403=CARTESIAN_POINT('Vertex',(36.1318147836,-23.6573568234,0.)) ;
#405=CARTESIAN_POINT('Vertex',(38.5537793873,-19.4623910757,0.)) ;
#408=CARTESIAN_POINT('Axis2P3D Location',(39.2528592779,-18.747347506,0.)) ;
#412=CARTESIAN_POINT('Vertex',(38.3504946968,-18.3163740001,0.)) ;
#415=CARTESIAN_POINT('Axis2P3D Location',(1.68012161521E-015,0.,0.)) ;
#419=CARTESIAN_POINT('Vertex',(41.6794139277,-8.3112246174,0.)) ;
#422=CARTESIAN_POINT('Axis2P3D Location',(39.7180297429,-7.92010816481,0.)) ;
#426=CARTESIAN_POINT('Vertex',(40.7180297429,-6.18805735724,0.)) ;
#429=CARTESIAN_POINT('Line Origine',(32.324853234,-1.34225464049,0.)) ;
#433=CARTESIAN_POINT('Vertex',(23.9316767252,3.50354807626,0.)) ;
#436=CARTESIAN_POINT('Axis2P3D Location',(22.9316767252,1.77149726869,0.)) ;
#440=CARTESIAN_POINT('Vertex',(20.9376178795,1.61745402794,0.)) ;
#443=CARTESIAN_POINT('Axis2P3D Location',(1.68012161521E-015,0.,0.)) ;
#447=CARTESIAN_POINT('Vertex',(19.6556662634,-7.39288737519,0.)) ;
#450=CARTESIAN_POINT('Axis2P3D Location',(18.7196821556,-7.04084511923,0.)) ;
#454=CARTESIAN_POINT('Vertex',(18.5673539624,-8.02917508517,0.)) ;
#457=CARTESIAN_POINT('Axis2P3D Location',(18.1865334795,-10.5,0.)) ;
#461=CARTESIAN_POINT('Vertex',(16.2371465764,-12.0652126699,0.)) ;
#464=CARTESIAN_POINT('Axis2P3D Location',(15.4573918152,-12.6912977379,0.)) ;
#468=CARTESIAN_POINT('Vertex',(16.2302614059,-13.3258626248,0.)) ;
#471=CARTESIAN_POINT('Axis2P3D Location',(1.68012161521E-015,0.,0.)) ;
#475=CARTESIAN_POINT('Vertex',(9.0680526621,-18.9412359923,0.)) ;
#478=CARTESIAN_POINT('Axis2P3D Location',(9.93167672515,-20.7451632297,0.)) ;
#482=CARTESIAN_POINT('Vertex',(8.93167672515,-22.4772140373,0.)) ;
#485=CARTESIAN_POINT('Line Origine',(17.324853234,-27.323016754,0.)) ;
#489=CARTESIAN_POINT('Vertex',(25.7180297429,-32.1688194708,0.)) ;
#492=CARTESIAN_POINT('Axis2P3D Location',(26.7180297429,-30.4367686632,0.)) ;
#496=CARTESIAN_POINT('Vertex',(28.0374386191,-31.9398189676,0.)) ;
#499=CARTESIAN_POINT('Axis2P3D Location',(1.68012161521E-015,0.,0.)) ;
#503=CARTESIAN_POINT('Vertex',(35.0376925377,-24.054315655,0.)) ;
#506=CARTESIAN_POINT('Axis2P3D Location',(35.8621088327,-24.6202995528,0.)) ;
#529=CARTESIAN_POINT('Axis2P3D Location',(36.8060796608,21.25,0.)) ;
#533=CARTESIAN_POINT('Vertex',(39.3060796608,21.25,0.)) ;
#535=CARTESIAN_POINT('Vertex',(34.3060796608,21.25,0.)) ;
#538=CARTESIAN_POINT('Axis2P3D Location',(36.8060796608,21.25,0.)) ;
#547=CARTESIAN_POINT('Axis2P3D Location',(-36.8060796608,21.25,0.)) ;
#551=CARTESIAN_POINT('Vertex',(-34.3060796608,21.25,0.)) ;
#553=CARTESIAN_POINT('Vertex',(-39.3060796608,21.25,0.)) ;
#556=CARTESIAN_POINT('Axis2P3D Location',(-36.8060796608,21.25,0.)) ;
#565=CARTESIAN_POINT('Axis2P3D Location',(0.,-42.5,0.)) ;
#569=CARTESIAN_POINT('Vertex',(2.5,-42.5,0.)) ;
#571=CARTESIAN_POINT('Vertex',(-2.5,-42.5,0.)) ;
#574=CARTESIAN_POINT('Axis2P3D Location',(0.,-42.5,0.)) ;
#583=CARTESIAN_POINT('Axis2P3D Location',(0.,0.,0.)) ;
#587=CARTESIAN_POINT('Vertex',(14.2,0.,0.)) ;
#589=CARTESIAN_POINT('Vertex',(-14.2,1.73899845479E-015,0.)) ;
#592=CARTESIAN_POINT('Axis2P3D Location',(0.,0.,0.)) ;
#602=CARTESIAN_POINT('Axis2P3D Location',(0.,0.,1.75)) ;
#607=CARTESIAN_POINT('Line Origine',(18.,46.5404125465,1.75)) ;
#611=CARTESIAN_POINT('Vertex',(18.,46.5404125465,3.5)) ;
#614=CARTESIAN_POINT('Line Origine',(-18.,46.5404125465,1.75)) ;
#618=CARTESIAN_POINT('Vertex',(-18.,46.5404125465,3.5)) ;
#621=CARTESIAN_POINT('Axis2P3D Location',(0.,0.,3.5)) ;
#633=CARTESIAN_POINT('Axis2P3D Location',(18.,19.0525588833,0.)) ;
#638=CARTESIAN_POINT('Line Origine',(18.,32.7964857149,3.5)) ;
#642=CARTESIAN_POINT('Vertex',(18.,19.0525588833,3.5)) ;
#645=CARTESIAN_POINT('Line Origine',(18.,19.0525588833,5.25)) ;
#649=CARTESIAN_POINT('Vertex',(18.,19.0525588833,7.)) ;
#652=CARTESIAN_POINT('Line Origine',(18.,32.7964857149,7.)) ;
#656=CARTESIAN_POINT('Vertex',(18.,46.5404125465,7.)) ;
#659=CARTESIAN_POINT('Line Origine',(18.,46.5404125465,5.25)) ;
#671=CARTESIAN_POINT('Axis2P3D Location',(7.5,-25.1147367097,0.)) ;
#676=CARTESIAN_POINT('Line Origine',(19.4025897839,-31.9867001256,3.5)) ;
#680=CARTESIAN_POINT('Vertex',(31.3051795679,-38.8586635414,3.5)) ;
#682=CARTESIAN_POINT('Vertex',(7.5,-25.1147367097,3.5)) ;
#685=CARTESIAN_POINT('Line Origine',(7.5,-25.1147367097,5.25)) ;
#689=CARTESIAN_POINT('Vertex',(7.5,-25.1147367097,7.)) ;
#692=CARTESIAN_POINT('Line Origine',(19.4025897839,-31.9867001256,7.)) ;
#696=CARTESIAN_POINT('Vertex',(31.3051795679,-38.8586635414,7.)) ;
#699=CARTESIAN_POINT('Line Origine',(31.3051795679,-38.8586635414,5.25)) ;
#711=CARTESIAN_POINT('Axis2P3D Location',(-25.5,6.06217782649,0.)) ;
#716=CARTESIAN_POINT('Line Origine',(-37.4025897839,-0.809785589324,3.5)) ;
#720=CARTESIAN_POINT('Vertex',(-49.3051795679,-7.68174900514,3.5)) ;
#722=CARTESIAN_POINT('Vertex',(-25.5,6.06217782649,3.5)) ;
#725=CARTESIAN_POINT('Line Origine',(-25.5,6.06217782649,5.25)) ;
#729=CARTESIAN_POINT('Vertex',(-25.5,6.06217782649,7.)) ;
#732=CARTESIAN_POINT('Line Origine',(-37.4025897839,-0.809785589324,7.)) ;
#736=CARTESIAN_POINT('Vertex',(-49.3051795679,-7.68174900514,7.)) ;
#739=CARTESIAN_POINT('Line Origine',(-49.3051795679,-7.68174900514,5.25)) ;
#751=CARTESIAN_POINT('Axis2P3D Location',(13.,18.973665961,1.75)) ;
#756=CARTESIAN_POINT('Axis2P3D Location',(13.,18.973665961,3.5)) ;
#760=CARTESIAN_POINT('Vertex',(11.8695652174,17.3237819644,3.5)) ;
#762=CARTESIAN_POINT('Vertex',(15.,18.973665961,3.5)) ;
#765=CARTESIAN_POINT('Line Origine',(15.,18.973665961,1.75)) ;
#770=CARTESIAN_POINT('Line Origine',(11.8695652174,17.3237819644,1.75)) ;
#782=CARTESIAN_POINT('Axis2P3D Location',(0.,0.,1.75)) ;
#787=CARTESIAN_POINT('Axis2P3D Location',(0.,0.,3.5)) ;
#791=CARTESIAN_POINT('Vertex',(3.42540485746,20.71875,3.5)) ;
#794=CARTESIAN_POINT('Line Origine',(3.42540485746,20.71875,1.75)) ;
#806=CARTESIAN_POINT('Axis2P3D Location',(3.26229034044,19.7321428571,1.75)) ;
#811=CARTESIAN_POINT('Axis2P3D Location',(3.26229034044,19.7321428571,3.5)) ;
#815=CARTESIAN_POINT('Vertex',(2.33020738603,20.0943877551,3.5)) ;
#818=CARTESIAN_POINT('Line Origine',(2.33020738603,20.0943877551,1.75)) ;
#830=CARTESIAN_POINT('Axis2P3D Location',(-1.71146263515E-015,21.,1.75)) ;
#835=CARTESIAN_POINT('Axis2P3D Location',(-1.71146263515E-015,21.,3.5)) ;
#839=CARTESIAN_POINT('Vertex',(-2.33020738603,20.0943877551,3.5)) ;
#842=CARTESIAN_POINT('Line Origine',(-2.33020738603,20.0943877551,1.75)) ;
#854=CARTESIAN_POINT('Axis2P3D Location',(-3.26229034044,19.7321428571,1.75)) ;
#859=CARTESIAN_POINT('Axis2P3D Location',(-3.26229034044,19.7321428571,3.5)) ;
#863=CARTESIAN_POINT('Vertex',(-3.42540485746,20.71875,3.5)) ;
#866=CARTESIAN_POINT('Line Origine',(-3.42540485746,20.71875,1.75)) ;
#878=CARTESIAN_POINT('Axis2P3D Location',(0.,0.,3.5)) ;
#882=CARTESIAN_POINT('Vertex',(-11.8695652174,17.3237819644,3.5)) ;
#885=CARTESIAN_POINT('Line Origine',(-11.8695652174,17.3237819644,1.75)) ;
#897=CARTESIAN_POINT('Axis2P3D Location',(-13.,18.973665961,1.75)) ;
#902=CARTESIAN_POINT('Axis2P3D Location',(-13.,18.973665961,3.5)) ;
#906=CARTESIAN_POINT('Vertex',(-15.,18.973665961,3.5)) ;
#909=CARTESIAN_POINT('Line Origine',(-15.,18.973665961,1.75)) ;
#921=CARTESIAN_POINT('Axis2P3D Location',(-15.,38.356876828,0.)) ;
#926=CARTESIAN_POINT('Line Origine',(-15.,28.6652713945,3.5)) ;
#930=CARTESIAN_POINT('Vertex',(-15.,38.356876828,3.5)) ;
#933=CARTESIAN_POINT('Line Origine',(-15.,38.356876828,1.75)) ;
#945=CARTESIAN_POINT('Axis2P3D Location',(-13.,38.356876828,1.75)) ;
#950=CARTESIAN_POINT('Axis2P3D Location',(-13.,38.356876828,3.5)) ;
#954=CARTESIAN_POINT('Vertex',(-13.6419753086,40.251043585,3.5)) ;
#957=CARTESIAN_POINT('Line Origine',(-13.6419753086,40.251043585,1.75)) ;
#969=CARTESIAN_POINT('Axis2P3D Location',(0.,0.,1.75)) ;
#974=CARTESIAN_POINT('Axis2P3D Location',(0.,0.,3.5)) ;
#978=CARTESIAN_POINT('Vertex',(-3.31280215906,42.3706896552,3.5)) ;
#981=CARTESIAN_POINT('Line Origine',(-3.31280215906,42.3706896552,1.75)) ;
#993=CARTESIAN_POINT('Axis2P3D Location',(-3.39075044515,43.3676470588,1.75)) ;
#998=CARTESIAN_POINT('Axis2P3D Location',(-3.39075044515,43.3676470588,3.5)) ;
#1002=CARTESIAN_POINT('Vertex',(-2.42196460368,43.1197478992,3.5)) ;
#1005=CARTESIAN_POINT('Line Origine',(-2.42196460368,43.1197478992,1.75)) ;
#1017=CARTESIAN_POINT('Axis2P3D Location',(-5.20474889638E-015,42.5,1.75)) ;
#1022=CARTESIAN_POINT('Axis2P3D Location',(-5.20474889638E-015,42.5,3.5)) ;
#1026=CARTESIAN_POINT('Vertex',(2.42196460368,43.1197478992,3.5)) ;
#1029=CARTESIAN_POINT('Line Origine',(2.42196460368,43.1197478992,1.75)) ;
#1041=CARTESIAN_POINT('Axis2P3D Location',(3.39075044515,43.3676470588,1.75)) ;
#1046=CARTESIAN_POINT('Axis2P3D Location',(3.39075044515,43.3676470588,3.5)) ;
#1050=CARTESIAN_POINT('Vertex',(3.31280215906,42.3706896552,3.5)) ;
#1053=CARTESIAN_POINT('Line Origine',(3.31280215906,42.3706896552,1.75)) ;
#1065=CARTESIAN_POINT('Axis2P3D Location',(0.,0.,3.5)) ;
#1069=CARTESIAN_POINT('Vertex',(13.6419753086,40.251043585,3.5)) ;
#1072=CARTESIAN_POINT('Line Origine',(13.6419753086,40.251043585,1.75)) ;
#1084=CARTESIAN_POINT('Axis2P3D Location',(13.,38.356876828,1.75)) ;
#1089=CARTESIAN_POINT('Axis2P3D Location',(13.,38.356876828,3.5)) ;
#1093=CARTESIAN_POINT('Vertex',(15.,38.356876828,3.5)) ;
#1096=CARTESIAN_POINT('Line Origine',(15.,38.356876828,1.75)) ;
#1108=CARTESIAN_POINT('Axis2P3D Location',(15.,38.356876828,0.)) ;
#1113=CARTESIAN_POINT('Line Origine',(15.,28.6652713945,3.5)) ;
#1125=CARTESIAN_POINT('Axis2P3D Location',(-18.1865334795,-10.5,1.75)) ;
#1130=CARTESIAN_POINT('Axis2P3D Location',(-18.1865334795,-10.5,3.5)) ;
#1134=CARTESIAN_POINT('Vertex',(-16.2371465764,-12.0652126699,3.5)) ;
#1136=CARTESIAN_POINT('Vertex',(-18.5673539624,-8.02917508517,3.5)) ;
#1139=CARTESIAN_POINT('Line Origine',(-18.5673539624,-8.02917508517,1.75)) ;
#1144=CARTESIAN_POINT('Line Origine',(-16.2371465764,-12.0652126699,1.75)) ;
#1156=CARTESIAN_POINT('Axis2P3D Location',(-15.4573918152,-12.6912977379,1.75)) ;
#1161=CARTESIAN_POINT('Axis2P3D Location',(-15.4573918152,-12.6912977379,3.5)) ;
#1165=CARTESIAN_POINT('Vertex',(-16.2302614059,-13.3258626248,3.5)) ;
#1168=CARTESIAN_POINT('Line Origine',(-16.2302614059,-13.3258626248,1.75)) ;
#1180=CARTESIAN_POINT('Axis2P3D Location',(0.,0.,3.5)) ;
#1184=CARTESIAN_POINT('Vertex',(-9.0680526621,-18.9412359923,3.5)) ;
#1187=CARTESIAN_POINT('Line Origine',(-9.0680526621,-18.9412359923,1.75)) ;
#1199=CARTESIAN_POINT('Axis2P3D Location',(-9.93167672515,-20.7451632297,1.75)) ;
#1204=CARTESIAN_POINT('Axis2P3D Location',(-9.93167672515,-20.7451632297,3.5)) ;
#1208=CARTESIAN_POINT('Vertex',(-8.93167672515,-22.4772140373,3.5)) ;
#1211=CARTESIAN_POINT('Line Origine',(-8.93167672515,-22.4772140373,1.75)) ;
#1223=CARTESIAN_POINT('Axis2P3D Location',(-25.7180297429,-32.1688194708,0.)) ;
#1228=CARTESIAN_POINT('Line Origine',(-17.324853234,-27.323016754,3.5)) ;
#1232=CARTESIAN_POINT('Vertex',(-25.7180297429,-32.1688194708,3.5)) ;
#1235=CARTESIAN_POINT('Line Origine',(-25.7180297429,-32.1688194708,1.75)) ;
#1247=CARTESIAN_POINT('Axis2P3D Location',(-26.7180297429,-30.4367686632,1.75)) ;
#1252=CARTESIAN_POINT('Axis2P3D Location',(-26.7180297429,-30.4367686632,3.5)) ;
#1256=CARTESIAN_POINT('Vertex',(-28.0374386191,-31.9398189676,3.5)) ;
#1259=CARTESIAN_POINT('Line Origine',(-28.0374386191,-31.9398189676,1.75)) ;
#1271=CARTESIAN_POINT('Axis2P3D Location',(0.,0.,3.5)) ;
#1275=CARTESIAN_POINT('Vertex',(-35.0376925377,-24.054315655,3.5)) ;
#1278=CARTESIAN_POINT('Line Origine',(-35.0376925377,-24.054315655,1.75)) ;
#1290=CARTESIAN_POINT('Axis2P3D Location',(-35.8621088327,-24.6202995528,1.75)) ;
#1295=CARTESIAN_POINT('Axis2P3D Location',(-35.8621088327,-24.6202995528,3.5)) ;
#1299=CARTESIAN_POINT('Vertex',(-36.1318147836,-23.6573568234,3.5)) ;
#1302=CARTESIAN_POINT('Line Origine',(-36.1318147836,-23.6573568234,1.75)) ;
#1314=CARTESIAN_POINT('Axis2P3D Location',(-36.8060796608,-21.25,1.75)) ;
#1319=CARTESIAN_POINT('Axis2P3D Location',(-36.8060796608,-21.25,3.5)) ;
#1323=CARTESIAN_POINT('Vertex',(-38.5537793873,-19.4623910757,3.5)) ;
#1326=CARTESIAN_POINT('Line Origine',(-38.5537793873,-19.4623910757,1.75)) ;
#1338=CARTESIAN_POINT('Axis2P3D Location',(-39.2528592779,-18.747347506,1.75)) ;
#1343=CARTESIAN_POINT('Axis2P3D Location',(-39.2528592779,-18.747347506,3.5)) ;
#1347=CARTESIAN_POINT('Vertex',(-38.3504946968,-18.3163740001,3.5)) ;
#1350=CARTESIAN_POINT('Line Origine',(-38.3504946968,-18.3163740001,1.75)) ;
#1362=CARTESIAN_POINT('Axis2P3D Location',(0.,0.,3.5)) ;
#1366=CARTESIAN_POINT('Vertex',(-41.6794139277,-8.3112246174,3.5)) ;
#1369=CARTESIAN_POINT('Line Origine',(-41.6794139277,-8.3112246174,1.75)) ;
#1381=CARTESIAN_POINT('Axis2P3D Location',(-39.7180297429,-7.92010816481,1.75)) ;
#1386=CARTESIAN_POINT('Axis2P3D Location',(-39.7180297429,-7.92010816481,3.5)) ;
#1390=CARTESIAN_POINT('Vertex',(-40.7180297429,-6.18805735724,3.5)) ;
#1393=CARTESIAN_POINT('Line Origine',(-40.7180297429,-6.18805735724,1.75)) ;
#1405=CARTESIAN_POINT('Axis2P3D Location',(-40.7180297429,-6.18805735724,0.)) ;
#1410=CARTESIAN_POINT('Line Origine',(-32.324853234,-1.34225464049,3.5)) ;
#1414=CARTESIAN_POINT('Vertex',(-23.9316767252,3.50354807626,3.5)) ;
#1417=CARTESIAN_POINT('Line Origine',(-23.9316767252,3.50354807626,1.75)) ;
#1429=CARTESIAN_POINT('Axis2P3D Location',(-22.9316767252,1.77149726869,1.75)) ;
#1434=CARTESIAN_POINT('Axis2P3D Location',(-22.9316767252,1.77149726869,3.5)) ;
#1438=CARTESIAN_POINT('Vertex',(-20.9376178795,1.61745402794,3.5)) ;
#1441=CARTESIAN_POINT('Line Origine',(-20.9376178795,1.61745402794,1.75)) ;
#1453=CARTESIAN_POINT('Axis2P3D Location',(0.,0.,3.5)) ;
#1457=CARTESIAN_POINT('Vertex',(-19.6556662634,-7.39288737519,3.5)) ;
#1460=CARTESIAN_POINT('Line Origine',(-19.6556662634,-7.39288737519,1.75)) ;
#1472=CARTESIAN_POINT('Axis2P3D Location',(-18.7196821556,-7.04084511923,1.75)) ;
#1477=CARTESIAN_POINT('Axis2P3D Location',(-18.7196821556,-7.04084511923,3.5)) ;
#1489=CARTESIAN_POINT('Axis2P3D Location',(35.8621088327,-24.6202995528,1.75)) ;
#1494=CARTESIAN_POINT('Axis2P3D Location',(35.8621088327,-24.6202995528,3.5)) ;
#1498=CARTESIAN_POINT('Vertex',(35.0376925377,-24.054315655,3.5)) ;
#1500=CARTESIAN_POINT('Vertex',(36.1318147836,-23.6573568234,3.5)) ;
#1503=CARTESIAN_POINT('Line Origine',(36.1318147836,-23.6573568234,1.75)) ;
#1508=CARTESIAN_POINT('Line Origine',(35.0376925377,-24.054315655,1.75)) ;
#1520=CARTESIAN_POINT('Axis2P3D Location',(1.68012161521E-015,0.,1.75)) ;
#1525=CARTESIAN_POINT('Axis2P3D Location',(1.68012161521E-015,0.,3.5)) ;
#1529=CARTESIAN_POINT('Vertex',(28.0374386191,-31.9398189676,3.5)) ;
#1532=CARTESIAN_POINT('Line Origine',(28.0374386191,-31.9398189676,1.75)) ;
#1544=CARTESIAN_POINT('Axis2P3D Location',(26.7180297429,-30.4367686632,1.75)) ;
#1549=CARTESIAN_POINT('Axis2P3D Location',(26.7180297429,-30.4367686632,3.5)) ;
#1553=CARTESIAN_POINT('Vertex',(25.7180297429,-32.1688194708,3.5)) ;
#1556=CARTESIAN_POINT('Line Origine',(25.7180297429,-32.1688194708,1.75)) ;
#1568=CARTESIAN_POINT('Axis2P3D Location',(25.7180297429,-32.1688194708,0.)) ;
#1573=CARTESIAN_POINT('Line Origine',(17.324853234,-27.323016754,3.5)) ;
#1577=CARTESIAN_POINT('Vertex',(8.93167672515,-22.4772140373,3.5)) ;
#1580=CARTESIAN_POINT('Line Origine',(8.93167672515,-22.4772140373,1.75)) ;
#1592=CARTESIAN_POINT('Axis2P3D Location',(9.93167672515,-20.7451632297,1.75)) ;
#1597=CARTESIAN_POINT('Axis2P3D Location',(9.93167672515,-20.7451632297,3.5)) ;
#1601=CARTESIAN_POINT('Vertex',(9.0680526621,-18.9412359923,3.5)) ;
#1604=CARTESIAN_POINT('Line Origine',(9.0680526621,-18.9412359923,1.75)) ;
#1616=CARTESIAN_POINT('Axis2P3D Location',(1.68012161521E-015,0.,1.75)) ;
#1621=CARTESIAN_POINT('Axis2P3D Location',(1.68012161521E-015,0.,3.5)) ;
#1625=CARTESIAN_POINT('Vertex',(16.2302614059,-13.3258626248,3.5)) ;
#1628=CARTESIAN_POINT('Line Origine',(16.2302614059,-13.3258626248,1.75)) ;
#1640=CARTESIAN_POINT('Axis2P3D Location',(15.4573918152,-12.6912977379,1.75)) ;
#1645=CARTESIAN_POINT('Axis2P3D Location',(15.4573918152,-12.6912977379,3.5)) ;
#1649=CARTESIAN_POINT('Vertex',(16.2371465764,-12.0652126699,3.5)) ;
#1652=CARTESIAN_POINT('Line Origine',(16.2371465764,-12.0652126699,1.75)) ;
#1664=CARTESIAN_POINT('Axis2P3D Location',(18.1865334795,-10.5,1.75)) ;
#1669=CARTESIAN_POINT('Axis2P3D Location',(18.1865334795,-10.5,3.5)) ;
#1673=CARTESIAN_POINT('Vertex',(18.5673539624,-8.02917508517,3.5)) ;
#1676=CARTESIAN_POINT('Line Origine',(18.5673539624,-8.02917508517,1.75)) ;
#1688=CARTESIAN_POINT('Axis2P3D Location',(18.7196821556,-7.04084511923,1.75)) ;
#1693=CARTESIAN_POINT('Axis2P3D Location',(18.7196821556,-7.04084511923,3.5)) ;
#1697=CARTESIAN_POINT('Vertex',(19.6556662634,-7.39288737519,3.5)) ;
#1700=CARTESIAN_POINT('Line Origine',(19.6556662634,-7.39288737519,1.75)) ;
#1712=CARTESIAN_POINT('Axis2P3D Location',(1.68012161521E-015,0.,3.5)) ;
#1716=CARTESIAN_POINT('Vertex',(20.9376178795,1.61745402794,3.5)) ;
#1719=CARTESIAN_POINT('Line Origine',(20.9376178795,1.61745402794,1.75)) ;
#1731=CARTESIAN_POINT('Axis2P3D Location',(22.9316767252,1.77149726869,1.75)) ;
#1736=CARTESIAN_POINT('Axis2P3D Location',(22.9316767252,1.77149726869,3.5)) ;
#1740=CARTESIAN_POINT('Vertex',(23.9316767252,3.50354807626,3.5)) ;
#1743=CARTESIAN_POINT('Line Origine',(23.9316767252,3.50354807626,1.75)) ;
#1755=CARTESIAN_POINT('Axis2P3D Location',(40.7180297429,-6.18805735724,0.)) ;
#1760=CARTESIAN_POINT('Line Origine',(32.324853234,-1.34225464049,3.5)) ;
#1764=CARTESIAN_POINT('Vertex',(40.7180297429,-6.18805735724,3.5)) ;
#1767=CARTESIAN_POINT('Line Origine',(40.7180297429,-6.18805735724,1.75)) ;
#1779=CARTESIAN_POINT('Axis2P3D Location',(39.7180297429,-7.92010816481,1.75)) ;
#1784=CARTESIAN_POINT('Axis2P3D Location',(39.7180297429,-7.92010816481,3.5)) ;
#1788=CARTESIAN_POINT('Vertex',(41.6794139277,-8.3112246174,3.5)) ;
#1791=CARTESIAN_POINT('Line Origine',(41.6794139277,-8.3112246174,1.75)) ;
#1803=CARTESIAN_POINT('Axis2P3D Location',(1.68012161521E-015,0.,3.5)) ;
#1807=CARTESIAN_POINT('Vertex',(38.3504946968,-18.3163740001,3.5)) ;
#1810=CARTESIAN_POINT('Line Origine',(38.3504946968,-18.3163740001,1.75)) ;
#1822=CARTESIAN_POINT('Axis2P3D Location',(39.2528592779,-18.747347506,1.75)) ;
#1827=CARTESIAN_POINT('Axis2P3D Location',(39.2528592779,-18.747347506,3.5)) ;
#1831=CARTESIAN_POINT('Vertex',(38.5537793873,-19.4623910757,3.5)) ;
#1834=CARTESIAN_POINT('Line Origine',(38.5537793873,-19.4623910757,1.75)) ;
#1846=CARTESIAN_POINT('Axis2P3D Location',(36.8060796608,-21.25,1.75)) ;
#1851=CARTESIAN_POINT('Axis2P3D Location',(36.8060796608,-21.25,3.5)) ;
#1863=CARTESIAN_POINT('Axis2P3D Location',(36.8060796608,21.25,3.5)) ;
#1868=CARTESIAN_POINT('Axis2P3D Location',(36.8060796608,21.25,7.)) ;
#1872=CARTESIAN_POINT('Vertex',(34.3060796608,21.25,7.)) ;
#1874=CARTESIAN_POINT('Vertex',(39.3060796608,21.25,7.)) ;
#1877=CARTESIAN_POINT('Line Origine',(39.3060796608,21.25,3.5)) ;
#1882=CARTESIAN_POINT('Line Origine',(34.3060796608,21.25,3.5)) ;
#1894=CARTESIAN_POINT('Axis2P3D Location',(36.8060796608,21.25,7.)) ;
#1906=CARTESIAN_POINT('Axis2P3D Location',(-36.8060796608,21.25,3.5)) ;
#1911=CARTESIAN_POINT('Axis2P3D Location',(-36.8060796608,21.25,7.)) ;
#1915=CARTESIAN_POINT('Vertex',(-39.3060796608,21.25,7.)) ;
#1917=CARTESIAN_POINT('Vertex',(-34.3060796608,21.25,7.)) ;
#1920=CARTESIAN_POINT('Line Origine',(-34.3060796608,21.25,3.5)) ;
#1925=CARTESIAN_POINT('Line Origine',(-39.3060796608,21.25,3.5)) ;
#1937=CARTESIAN_POINT('Axis2P3D Location',(-36.8060796608,21.25,7.)) ;
#1949=CARTESIAN_POINT('Axis2P3D Location',(0.,-42.5,3.5)) ;
#1954=CARTESIAN_POINT('Axis2P3D Location',(0.,-42.5,7.)) ;
#1958=CARTESIAN_POINT('Vertex',(-2.5,-42.5,7.)) ;
#1960=CARTESIAN_POINT('Vertex',(2.5,-42.5,7.)) ;
#1963=CARTESIAN_POINT('Line Origine',(2.5,-42.5,3.5)) ;
#1968=CARTESIAN_POINT('Line Origine',(-2.5,-42.5,3.5)) ;
#1980=CARTESIAN_POINT('Axis2P3D Location',(0.,-42.5,7.)) ;
#1992=CARTESIAN_POINT('Axis2P3D Location',(0.,0.,0.75)) ;
#1997=CARTESIAN_POINT('Axis2P3D Location',(0.,0.,1.5)) ;
#2001=CARTESIAN_POINT('Vertex',(-14.2,1.73899845479E-015,1.5)) ;
#2003=CARTESIAN_POINT('Vertex',(14.2,0.,1.5)) ;
#2006=CARTESIAN_POINT('Line Origine',(14.2,-3.47799690958E-015,0.75)) ;
#2011=CARTESIAN_POINT('Line Origine',(-14.2,1.73899845479E-015,0.75)) ;
#2023=CARTESIAN_POINT('Axis2P3D Location',(0.,0.,1.5)) ;
#2035=CARTESIAN_POINT('Axis2P3D Location',(33.,19.0525588833,3.5)) ;
#2040=CARTESIAN_POINT('Line Origine',(25.5,6.06217782649,3.5)) ;
#2044=CARTESIAN_POINT('Vertex',(25.5,6.06217782649,3.5)) ;
#2046=CARTESIAN_POINT('Vertex',(25.5,6.06217782649,7.)) ;
#2049=CARTESIAN_POINT('Axis2P3D Location',(33.,19.0525588833,7.)) ;
#2054=CARTESIAN_POINT('Axis2P3D Location',(33.,19.0525588833,3.5)) ;
#2066=CARTESIAN_POINT('Axis2P3D Location',(3.5527136788E-015,-38.1051177665,3.5)) ;
#2071=CARTESIAN_POINT('Line Origine',(-7.5,-25.1147367097,3.5)) ;
#2075=CARTESIAN_POINT('Vertex',(-7.5,-25.1147367097,3.5)) ;
#2077=CARTESIAN_POINT('Vertex',(-7.5,-25.1147367097,7.)) ;
#2080=CARTESIAN_POINT('Axis2P3D Location',(3.5527136788E-015,-38.1051177665,7.)) ;
#2085=CARTESIAN_POINT('Axis2P3D Location',(3.5527136788E-015,-38.1051177665,3.5)) ;
#2097=CARTESIAN_POINT('Axis2P3D Location',(-33.,19.0525588833,3.5)) ;
#2102=CARTESIAN_POINT('Line Origine',(-18.,19.0525588833,3.5)) ;
#2106=CARTESIAN_POINT('Vertex',(-18.,19.0525588833,3.5)) ;
#2108=CARTESIAN_POINT('Vertex',(-18.,19.0525588833,7.)) ;
#2111=CARTESIAN_POINT('Axis2P3D Location',(-33.,19.0525588833,7.)) ;
#2116=CARTESIAN_POINT('Axis2P3D Location',(-33.,19.0525588833,3.5)) ;
#2128=CARTESIAN_POINT('Axis2P3D Location',(0.,0.,1.5)) ;
#2133=CARTESIAN_POINT('Axis2P3D Location',(0.,0.,1.5)) ;
#2137=CARTESIAN_POINT('Vertex',(16.2,0.,1.5)) ;
#2139=CARTESIAN_POINT('Vertex',(-16.2,-1.24045625845E-014,1.5)) ;
#2142=CARTESIAN_POINT('Axis2P3D Location',(0.,0.,1.5)) ;
#2156=CARTESIAN_POINT('Axis2P3D Location',(0.,0.,1.75)) ;
#2161=CARTESIAN_POINT('Line Origine',(16.2,0.,1.75)) ;
#2165=CARTESIAN_POINT('Vertex',(16.2,0.,3.5)) ;
#2168=CARTESIAN_POINT('Axis2P3D Location',(0.,0.,3.5)) ;
#2172=CARTESIAN_POINT('Vertex',(-16.2,1.98392781462E-015,3.5)) ;
#2175=CARTESIAN_POINT('Line Origine',(-16.2,1.98392781462E-015,1.75)) ;
#2187=CARTESIAN_POINT('Axis2P3D Location',(0.,0.,3.5)) ;
#2199=CARTESIAN_POINT('Axis2P3D Location',(-18.,46.5404125465,0.)) ;
#2204=CARTESIAN_POINT('Line Origine',(-18.,32.7964857149,3.5)) ;
#2209=CARTESIAN_POINT('Line Origine',(-18.,46.5404125465,5.25)) ;
#2213=CARTESIAN_POINT('Vertex',(-18.,46.5404125465,7.)) ;
#2216=CARTESIAN_POINT('Line Origine',(-18.,32.7964857149,7.)) ;
#2228=CARTESIAN_POINT('Axis2P3D Location',(0.,0.,7.)) ;
#2233=CARTESIAN_POINT('Axis2P3D Location',(0.,0.,7.)) ;
#2249=CARTESIAN_POINT('Axis2P3D Location',(-31.3051795679,-38.8586635414,0.)) ;
#2254=CARTESIAN_POINT('Line Origine',(-19.4025897839,-31.9867001256,3.5)) ;
#2258=CARTESIAN_POINT('Vertex',(-31.3051795679,-38.8586635414,3.5)) ;
#2261=CARTESIAN_POINT('Line Origine',(-31.3051795679,-38.8586635414,5.25)) ;
#2265=CARTESIAN_POINT('Vertex',(-31.3051795679,-38.8586635414,7.)) ;
#2268=CARTESIAN_POINT('Line Origine',(-19.4025897839,-31.9867001256,7.)) ;
#2280=CARTESIAN_POINT('Axis2P3D Location',(0.,0.,7.)) ;
#2296=CARTESIAN_POINT('Axis2P3D Location',(0.,0.,3.5)) ;
#2301=CARTESIAN_POINT('Axis2P3D Location',(0.,0.,3.5)) ;
#2306=CARTESIAN_POINT('Axis2P3D Location',(0.,0.,3.5)) ;
#2310=CARTESIAN_POINT('Vertex',(49.3051795679,-7.68174900514,3.5)) ;
#2313=CARTESIAN_POINT('Line Origine',(37.4025897839,-0.809785589324,3.5)) ;
#2391=CARTESIAN_POINT('Axis2P3D Location',(49.3051795679,-7.68174900514,0.)) ;
#2396=CARTESIAN_POINT('Line Origine',(49.3051795679,-7.68174900514,5.25)) ;
#2400=CARTESIAN_POINT('Vertex',(49.3051795679,-7.68174900514,7.)) ;
#2403=CARTESIAN_POINT('Line Origine',(37.4025897839,-0.809785589324,7.)) ;
#2415=CARTESIAN_POINT('Axis2P3D Location',(0.,0.,7.)) ;
#2431=CARTESIAN_POINT('Axis2P3D Location',(-35.2139177031,35.2139177031,3.5)) ;
#2437=CARTESIAN_POINT('Control Point',(-36.5439726124,33.9786413163,2.50902741171)) ;
#2438=CARTESIAN_POINT('Control Point',(-36.3711991116,34.1644589311,2.04488490051)) ;
#2439=CARTESIAN_POINT('Control Point',(-36.0961534102,34.4579015483,1.66189967875)) ;
#2440=CARTESIAN_POINT('Control Point',(-35.7389628405,34.8311937851,1.42421342273)) ;
#2441=CARTESIAN_POINT('Control Point',(-35.154314206,35.420019811,1.34019713091)) ;
#2442=CARTESIAN_POINT('Control Point',(-34.6154165599,35.9426619281,1.62941019882)) ;
#2443=CARTESIAN_POINT('Control Point',(-34.4469983053,36.1037908301,1.76581817617)) ;
#2444=CARTESIAN_POINT('Control Point',(-34.0107059479,36.5167821173,2.26284679152)) ;
#2445=CARTESIAN_POINT('Control Point',(-33.7661589924,36.7407429227,2.9962413515)) ;
#2446=CARTESIAN_POINT('Control Point',(-33.7220890302,36.7805122541,3.53176248328)) ;
#2447=CARTESIAN_POINT('Control Point',(-33.8014118607,36.7087608298,4.04828191713)) ;
#2448=CARTESIAN_POINT('Control Point',(-33.9786413163,36.5439726124,4.49097258829)) ;
#2449=CARTESIAN_POINT('Vertex',(-36.5439726124,33.9786413163,2.50902741171)) ;
#2451=CARTESIAN_POINT('Vertex',(-33.9786413163,36.5439726124,4.49097258829)) ;
#2454=CARTESIAN_POINT('Line Origine',(-38.6973896578,36.1320583618,2.50902741171)) ;
#2459=CARTESIAN_POINT('Axis2P3D Location',(-24.6780266634,24.6780266634,3.5)) ;
#2464=CARTESIAN_POINT('Line Origine',(-36.1320583618,38.6973896578,4.49097258829)) ;
#2477=CARTESIAN_POINT('Control Point',(-33.9786413163,36.5439726124,4.49097258829)) ;
#2478=CARTESIAN_POINT('Control Point',(-34.1644589311,36.3711991116,4.9551150995)) ;
#2479=CARTESIAN_POINT('Control Point',(-34.4579015483,36.0961534102,5.33810032126)) ;
#2480=CARTESIAN_POINT('Control Point',(-34.831193785,35.7389628405,5.57578657727)) ;
#2481=CARTESIAN_POINT('Control Point',(-35.4200198109,35.154314206,5.65980286908)) ;
#2482=CARTESIAN_POINT('Control Point',(-35.942661928,34.61541656,5.37058980122)) ;
#2483=CARTESIAN_POINT('Control Point',(-36.1037908301,34.4469983052,5.23418182376)) ;
#2484=CARTESIAN_POINT('Control Point',(-36.5167821172,34.010705948,4.73715320851)) ;
#2485=CARTESIAN_POINT('Control Point',(-36.7407429226,33.7661589925,4.00375864872)) ;
#2486=CARTESIAN_POINT('Control Point',(-36.780512254,33.7220890302,3.46823751648)) ;
#2487=CARTESIAN_POINT('Control Point',(-36.7087608298,33.8014118608,2.95171808277)) ;
#2488=CARTESIAN_POINT('Control Point',(-36.5439726124,33.9786413163,2.50902741171)) ;
#2503=CARTESIAN_POINT('Axis2P3D Location',(0.,0.,3.5)) ;
#2533=CARTESIAN_POINT('Control Point',(-11.1543802598,-48.6373292957,2.50902741171)) ;
#2534=CARTESIAN_POINT('Control Point',(-11.4016897851,-48.5806118623,2.04488490051)) ;
#2535=CARTESIAN_POINT('Control Point',(-11.7933400783,-48.489137064,1.66190221648)) ;
#2536=CARTESIAN_POINT('Control Point',(-12.2952144989,-48.3664473019,1.42421282143)) ;
#2537=CARTESIAN_POINT('Control Point',(-13.0974812318,-48.154538717,1.34019743255)) ;
#2538=CARTESIAN_POINT('Control Point',(-13.8195493392,-47.9491612398,1.6294100475)) ;
#2539=CARTESIAN_POINT('Control Point',(-14.0433004069,-47.8838711271,1.76581762922)) ;
#2540=CARTESIAN_POINT('Control Point',(-14.6191089018,-47.7125262285,2.26284783144)) ;
#2541=CARTESIAN_POINT('Control Point',(-14.9353355218,-47.6127232825,2.99623937425)) ;
#2542=CARTESIAN_POINT('Control Point',(-14.9918122142,-47.594442135,3.53176479188)) ;
#2543=CARTESIAN_POINT('Control Point',(-14.8900134897,-47.6272617701,4.04828191713)) ;
#2544=CARTESIAN_POINT('Control Point',(-14.6586879794,-47.6983528722,4.49097258829)) ;
#2545=CARTESIAN_POINT('Vertex',(-11.1543802598,-48.6373292957,2.50902741171)) ;
#2547=CARTESIAN_POINT('Vertex',(-14.6586879794,-47.6983528722,4.49097258829)) ;
#2551=CARTESIAN_POINT('Control Point',(-14.6586879794,-47.6983528722,4.49097258829)) ;
#2552=CARTESIAN_POINT('Control Point',(-14.4161529312,-47.7728888967,4.9551150995)) ;
#2553=CARTESIAN_POINT('Control Point',(-14.0312364288,-47.8894945442,5.33809778353)) ;
#2554=CARTESIAN_POINT('Control Point',(-13.5352555499,-48.0341793037,5.57578717857)) ;
#2555=CARTESIAN_POINT('Control Point',(-12.7345178862,-48.2517944524,5.65980256745)) ;
#2556=CARTESIAN_POINT('Control Point',(-12.0064998234,-48.4349663934,5.37058995253)) ;
#2557=CARTESIAN_POINT('Control Point',(-11.7800806581,-48.4902990311,5.23418237071)) ;
#2558=CARTESIAN_POINT('Control Point',(-11.1957434246,-48.6298142435,4.73715216858)) ;
#2559=CARTESIAN_POINT('Control Point',(-10.8719816654,-48.7014956669,4.00376062597)) ;
#2560=CARTESIAN_POINT('Control Point',(-10.8139308413,-48.7139020749,3.46823520788)) ;
#2561=CARTESIAN_POINT('Control Point',(-10.9185009403,-48.6914253504,2.95171808277)) ;
#2562=CARTESIAN_POINT('Control Point',(-11.1543802598,-48.6373292957,2.50902741171)) ;
#2569=CARTESIAN_POINT('Control Point',(47.6983528722,14.6586879794,2.50902741171)) ;
#2570=CARTESIAN_POINT('Control Point',(47.7728888967,14.4161529312,2.04488490051)) ;
#2571=CARTESIAN_POINT('Control Point',(47.8894945442,14.0312364288,1.66190221648)) ;
#2572=CARTESIAN_POINT('Control Point',(48.0341793037,13.5352555499,1.42421282143)) ;
#2573=CARTESIAN_POINT('Control Point',(48.2517944524,12.7345178862,1.34019743255)) ;
#2574=CARTESIAN_POINT('Control Point',(48.4349663934,12.0064998233,1.6294100475)) ;
#2575=CARTESIAN_POINT('Control Point',(48.4902990311,11.7800806582,1.76581762922)) ;
#2576=CARTESIAN_POINT('Control Point',(48.6298142435,11.1957434246,2.26284783144)) ;
#2577=CARTESIAN_POINT('Control Point',(48.7014956669,10.8719816653,2.99623937425)) ;
#2578=CARTESIAN_POINT('Control Point',(48.7139020749,10.8139308412,3.53176479188)) ;
#2579=CARTESIAN_POINT('Control Point',(48.6914253504,10.9185009403,4.04828191713)) ;
#2580=CARTESIAN_POINT('Control Point',(48.6373292957,11.1543802598,4.49097258829)) ;
#2581=CARTESIAN_POINT('Vertex',(47.6983528722,14.6586879794,2.50902741171)) ;
#2583=CARTESIAN_POINT('Vertex',(48.6373292957,11.1543802598,4.49097258829)) ;
#2587=CARTESIAN_POINT('Control Point',(48.6373292957,11.1543802598,4.49097258829)) ;
#2588=CARTESIAN_POINT('Control Point',(48.5806118623,11.4016897851,4.9551150995)) ;
#2589=CARTESIAN_POINT('Control Point',(48.489137064,11.7933400783,5.33809778353)) ;
#2590=CARTESIAN_POINT('Control Point',(48.3664473019,12.2952144989,5.57578717857)) ;
#2591=CARTESIAN_POINT('Control Point',(48.1545387171,13.0974812317,5.65980256745)) ;
#2592=CARTESIAN_POINT('Control Point',(47.9491612398,13.8195493391,5.37058995253)) ;
#2593=CARTESIAN_POINT('Control Point',(47.8838711271,14.043300407,5.23418237071)) ;
#2594=CARTESIAN_POINT('Control Point',(47.7125262285,14.6191089017,4.73715216858)) ;
#2595=CARTESIAN_POINT('Control Point',(47.6127232825,14.9353355217,4.00376062597)) ;
#2596=CARTESIAN_POINT('Control Point',(47.594442135,14.9918122141,3.46823520788)) ;
#2597=CARTESIAN_POINT('Control Point',(47.6272617701,14.8900134896,2.95171808277)) ;
#2598=CARTESIAN_POINT('Control Point',(47.6983528722,14.6586879794,2.50902741171)) ;
#2605=CARTESIAN_POINT('Axis2P3D Location',(32.5580918709,8.72391442392,3.5)) ;
#2610=CARTESIAN_POINT('Line Origine',(32.8997074983,9.75442647888,3.00451370585)) ;
#2614=CARTESIAN_POINT('Vertex',(32.5580918709,8.72391442392,3.5)) ;
#2616=CARTESIAN_POINT('Vertex',(33.2413231257,10.7849385338,2.50902741171)) ;
#2619=CARTESIAN_POINT('Axis2P3D Location',(33.7108113375,9.03278467408,3.5)) ;
#2623=CARTESIAN_POINT('Vertex',(34.1802995492,7.28063081431,4.49097258829)) ;
#2626=CARTESIAN_POINT('Line Origine',(33.3691957101,8.00227261911,3.99548629415)) ;
#2637=CARTESIAN_POINT('Axis2P3D Location',(33.7108113375,9.03278467408,3.5)) ;
#2648=CARTESIAN_POINT('Axis2P3D Location',(48.1031061492,12.8891884461,3.5)) ;
#2653=CARTESIAN_POINT('Line Origine',(51.5789516847,11.9425856034,4.49097258829)) ;
#2658=CARTESIAN_POINT('Line Origine',(50.6399752613,15.4468933229,2.50902741171)) ;
#2677=CARTESIAN_POINT('Axis2P3D Location',(-8.72391442392,-32.5580918709,3.5)) ;
#2682=CARTESIAN_POINT('Line Origine',(-8.00227261911,-33.3691957101,3.00451370585)) ;
#2686=CARTESIAN_POINT('Vertex',(-8.72391442392,-32.5580918709,3.5)) ;
#2688=CARTESIAN_POINT('Vertex',(-7.28063081431,-34.1802995492,2.50902741171)) ;
#2691=CARTESIAN_POINT('Axis2P3D Location',(-9.03278467408,-33.7108113375,3.5)) ;
#2695=CARTESIAN_POINT('Vertex',(-10.7849385338,-33.2413231257,4.49097258829)) ;
#2698=CARTESIAN_POINT('Line Origine',(-9.75442647888,-32.8997074983,3.99548629415)) ;
#2709=CARTESIAN_POINT('Axis2P3D Location',(-9.03278467408,-33.7108113375,3.5)) ;
#2720=CARTESIAN_POINT('Axis2P3D Location',(-12.8891884461,-48.1031061492,3.5)) ;
#2725=CARTESIAN_POINT('Line Origine',(-15.4468933229,-50.6399752613,4.49097258829)) ;
#2730=CARTESIAN_POINT('Line Origine',(-11.9425856034,-51.5789516847,2.50902741171)) ;
#53=DIRECTION('Axis2P3D Direction',(-0.707106781187,0.707106781187,0.)) ;
#54=DIRECTION('Axis2P3D XDirection',(0.620544580564,0.620544580564,0.479425538604)) ;
#58=DIRECTION('Vector Direction',(-0.890960761542,-0.183853980356,-0.415194695654)) ;
#67=DIRECTION('Axis2P3D Direction',(-0.707106781187,0.707106781187,0.)) ;
#74=DIRECTION('Vector Direction',(0.183853980356,0.890960761542,0.415194695654)) ;
#85=DIRECTION('Axis2P3D Direction',(0.,0.,1.)) ;
#86=DIRECTION('Axis2P3D XDirection',(1.,0.,0.)) ;
#90=DIRECTION('Axis2P3D Direction',(0.,0.,1.)) ;
#99=DIRECTION('Axis2P3D Direction',(0.,0.,1.)) ;
#106=DIRECTION('Axis2P3D Direction',(0.,0.,1.)) ;
#113=DIRECTION('Axis2P3D Direction',(0.,0.,1.)) ;
#120=DIRECTION('Axis2P3D Direction',(0.,0.,1.)) ;
#127=DIRECTION('Axis2P3D Direction',(0.,0.,1.)) ;
#140=DIRECTION('Vector Direction',(0.,-1.,0.)) ;
#149=DIRECTION('Axis2P3D Direction',(0.,0.,1.)) ;
#156=DIRECTION('Axis2P3D Direction',(0.,0.,1.)) ;
#163=DIRECTION('Axis2P3D Direction',(0.,0.,1.)) ;
#170=DIRECTION('Axis2P3D Direction',(0.,0.,1.)) ;
#177=DIRECTION('Axis2P3D Direction',(0.,0.,1.)) ;
#184=DIRECTION('Axis2P3D Direction',(0.,0.,1.)) ;
#191=DIRECTION('Axis2P3D Direction',(0.,0.,1.)) ;
#198=DIRECTION('Vector Direction',(0.,-1.,0.)) ;
#205=DIRECTION('Axis2P3D Direction',(0.,0.,1.)) ;
#212=DIRECTION('Axis2P3D Direction',(0.,0.,1.)) ;
#219=DIRECTION('Axis2P3D Direction',(0.,0.,1.)) ;
#226=DIRECTION('Axis2P3D Direction',(0.,0.,1.)) ;
#233=DIRECTION('Axis2P3D Direction',(0.,0.,1.)) ;
#240=DIRECTION('Axis2P3D Direction',(0.,0.,1.)) ;
#247=DIRECTION('Axis2P3D Direction',(0.,0.,1.)) ;
#270=DIRECTION('Axis2P3D Direction',(0.,0.,1.)) ;
#279=DIRECTION('Axis2P3D Direction',(0.,0.,1.)) ;
#286=DIRECTION('Axis2P3D Direction',(0.,0.,1.)) ;
#293=DIRECTION('Vector Direction',(0.866025403784,0.5,0.)) ;
#300=DIRECTION('Axis2P3D Direction',(0.,0.,1.)) ;
#307=DIRECTION('Axis2P3D Direction',(0.,0.,1.)) ;
#314=DIRECTION('Axis2P3D Direction',(0.,0.,1.)) ;
#321=DIRECTION('Axis2P3D Direction',(0.,0.,1.)) ;
#328=DIRECTION('Axis2P3D Direction',(0.,0.,1.)) ;
#335=DIRECTION('Axis2P3D Direction',(0.,0.,1.)) ;
#342=DIRECTION('Axis2P3D Direction',(0.,0.,1.)) ;
#349=DIRECTION('Vector Direction',(0.866025403784,0.5,0.)) ;
#356=DIRECTION('Axis2P3D Direction',(0.,0.,1.)) ;
#363=DIRECTION('Axis2P3D Direction',(0.,0.,1.)) ;
#370=DIRECTION('Axis2P3D Direction',(0.,0.,1.)) ;
#377=DIRECTION('Axis2P3D Direction',(0.,0.,1.)) ;
#400=DIRECTION('Axis2P3D Direction',(0.,0.,1.)) ;
#409=DIRECTION('Axis2P3D Direction',(0.,0.,1.)) ;
#416=DIRECTION('Axis2P3D Direction',(0.,0.,1.)) ;
#423=DIRECTION('Axis2P3D Direction',(0.,0.,1.)) ;
#430=DIRECTION('Vector Direction',(-0.866025403784,0.5,0.)) ;
#437=DIRECTION('Axis2P3D Direction',(0.,0.,1.)) ;
#444=DIRECTION('Axis2P3D Direction',(0.,0.,1.)) ;
#451=DIRECTION('Axis2P3D Direction',(0.,0.,1.)) ;
#458=DIRECTION('Axis2P3D Direction',(0.,0.,1.)) ;
#465=DIRECTION('Axis2P3D Direction',(0.,0.,1.)) ;
#472=DIRECTION('Axis2P3D Direction',(0.,0.,1.)) ;
#479=DIRECTION('Axis2P3D Direction',(0.,0.,1.)) ;
#486=DIRECTION('Vector Direction',(-0.866025403784,0.5,0.)) ;
#493=DIRECTION('Axis2P3D Direction',(0.,0.,1.)) ;
#500=DIRECTION('Axis2P3D Direction',(0.,0.,1.)) ;
#507=DIRECTION('Axis2P3D Direction',(0.,0.,1.)) ;
#530=DIRECTION('Axis2P3D Direction',(0.,0.,1.)) ;
#539=DIRECTION('Axis2P3D Direction',(0.,0.,1.)) ;
#548=DIRECTION('Axis2P3D Direction',(0.,0.,1.)) ;
#557=DIRECTION('Axis2P3D Direction',(0.,0.,1.)) ;
#566=DIRECTION('Axis2P3D Direction',(0.,0.,1.)) ;
#575=DIRECTION('Axis2P3D Direction',(0.,0.,1.)) ;
#584=DIRECTION('Axis2P3D Direction',(0.,0.,1.)) ;
#593=DIRECTION('Axis2P3D Direction',(0.,0.,1.)) ;
#603=DIRECTION('Axis2P3D Direction',(0.,0.,1.)) ;
#604=DIRECTION('Axis2P3D XDirection',(0.360721442886,0.932673598127,0.)) ;
#608=DIRECTION('Vector Direction',(0.,0.,1.)) ;
#615=DIRECTION('Vector Direction',(0.,0.,1.)) ;
#622=DIRECTION('Axis2P3D Direction',(0.,0.,1.)) ;
#634=DIRECTION('Axis2P3D Direction',(1.,0.,0.)) ;
#635=DIRECTION('Axis2P3D XDirection',(0.,1.,0.)) ;
#639=DIRECTION('Vector Direction',(0.,1.,0.)) ;
#646=DIRECTION('Vector Direction',(0.,0.,1.)) ;
#653=DIRECTION('Vector Direction',(0.,1.,0.)) ;
#660=DIRECTION('Vector Direction',(0.,0.,1.)) ;
#672=DIRECTION('Axis2P3D Direction',(-0.5,-0.866025403784,0.)) ;
#673=DIRECTION('Axis2P3D XDirection',(0.866025403784,-0.5,0.)) ;
#677=DIRECTION('Vector Direction',(0.866025403784,-0.5,0.)) ;
#686=DIRECTION('Vector Direction',(0.,0.,1.)) ;
#693=DIRECTION('Vector Direction',(0.866025403784,-0.5,0.)) ;
#700=DIRECTION('Vector Direction',(0.,0.,1.)) ;
#712=DIRECTION('Axis2P3D Direction',(-0.5,0.866025403784,0.)) ;
#713=DIRECTION('Axis2P3D XDirection',(-0.866025403784,-0.5,0.)) ;
#717=DIRECTION('Vector Direction',(-0.866025403784,-0.5,0.)) ;
#726=DIRECTION('Vector Direction',(0.,0.,1.)) ;
#733=DIRECTION('Vector Direction',(-0.866025403784,-0.5,0.)) ;
#740=DIRECTION('Vector Direction',(0.,0.,1.)) ;
#752=DIRECTION('Axis2P3D Direction',(0.,0.,1.)) ;
#753=DIRECTION('Axis2P3D XDirection',(-0.565217391304,-0.824941998305,-0.)) ;
#757=DIRECTION('Axis2P3D Direction',(0.,0.,1.)) ;
#766=DIRECTION('Vector Direction',(0.,0.,1.)) ;
#771=DIRECTION('Vector Direction',(0.,0.,1.)) ;
#783=DIRECTION('Axis2P3D Direction',(0.,0.,1.)) ;
#784=DIRECTION('Axis2P3D XDirection',(0.565217391304,0.824941998305,0.)) ;
#788=DIRECTION('Axis2P3D Direction',(0.,0.,1.)) ;
#795=DIRECTION('Vector Direction',(0.,0.,1.)) ;
#807=DIRECTION('Axis2P3D Direction',(0.,0.,1.)) ;
#808=DIRECTION('Axis2P3D XDirection',(0.163114517022,0.986607142857,0.)) ;
#812=DIRECTION('Axis2P3D Direction',(0.,0.,1.)) ;
#819=DIRECTION('Vector Direction',(0.,0.,1.)) ;
#831=DIRECTION('Axis2P3D Direction',(0.,0.,1.)) ;
#832=DIRECTION('Axis2P3D XDirection',(-0.93208295441,-0.362244897959,-0.)) ;
#836=DIRECTION('Axis2P3D Direction',(0.,0.,1.)) ;
#843=DIRECTION('Vector Direction',(0.,0.,1.)) ;
#855=DIRECTION('Axis2P3D Direction',(0.,0.,1.)) ;
#856=DIRECTION('Axis2P3D XDirection',(0.93208295441,0.362244897959,0.)) ;
#860=DIRECTION('Axis2P3D Direction',(0.,0.,1.)) ;
#867=DIRECTION('Vector Direction',(0.,0.,1.)) ;
#879=DIRECTION('Axis2P3D Direction',(0.,0.,1.)) ;
#886=DIRECTION('Vector Direction',(0.,0.,1.)) ;
#898=DIRECTION('Axis2P3D Direction',(0.,0.,1.)) ;
#899=DIRECTION('Axis2P3D XDirection',(-1.,1.22464679915E-016,0.)) ;
#903=DIRECTION('Axis2P3D Direction',(0.,0.,1.)) ;
#910=DIRECTION('Vector Direction',(0.,0.,1.)) ;
#922=DIRECTION('Axis2P3D Direction',(-1.,9.16440960988E-017,0.)) ;
#923=DIRECTION('Axis2P3D XDirection',(-9.16440960988E-017,-1.,0.)) ;
#927=DIRECTION('Vector Direction',(-9.16440960988E-017,-1.,0.)) ;
#934=DIRECTION('Vector Direction',(0.,0.,1.)) ;
#946=DIRECTION('Axis2P3D Direction',(0.,0.,1.)) ;
#947=DIRECTION('Axis2P3D XDirection',(-0.320987654321,0.94708337847,0.)) ;
#951=DIRECTION('Axis2P3D Direction',(0.,0.,1.)) ;
#958=DIRECTION('Vector Direction',(0.,0.,1.)) ;
#970=DIRECTION('Axis2P3D Direction',(0.,0.,1.)) ;
#971=DIRECTION('Axis2P3D XDirection',(0.320987654321,0.94708337847,0.)) ;
#975=DIRECTION('Axis2P3D Direction',(0.,0.,1.)) ;
#982=DIRECTION('Vector Direction',(0.,0.,1.)) ;
#994=DIRECTION('Axis2P3D Direction',(0.,0.,1.)) ;
#995=DIRECTION('Axis2P3D XDirection',(0.0779482860955,-0.996957403651,0.)) ;
#999=DIRECTION('Axis2P3D Direction',(0.,0.,1.)) ;
#1006=DIRECTION('Vector Direction',(0.,0.,1.)) ;
#1018=DIRECTION('Axis2P3D Direction',(0.,0.,1.)) ;
#1019=DIRECTION('Axis2P3D XDirection',(0.968785841473,0.247899159664,0.)) ;
#1023=DIRECTION('Axis2P3D Direction',(0.,0.,1.)) ;
#1030=DIRECTION('Vector Direction',(0.,0.,1.)) ;
#1042=DIRECTION('Axis2P3D Direction',(0.,0.,1.)) ;
#1043=DIRECTION('Axis2P3D XDirection',(-0.968785841473,-0.247899159664,-0.)) ;
#1047=DIRECTION('Axis2P3D Direction',(0.,0.,1.)) ;
#1054=DIRECTION('Vector Direction',(0.,0.,1.)) ;
#1066=DIRECTION('Axis2P3D Direction',(0.,0.,1.)) ;
#1073=DIRECTION('Vector Direction',(0.,0.,1.)) ;
#1085=DIRECTION('Axis2P3D Direction',(0.,0.,1.)) ;
#1086=DIRECTION('Axis2P3D XDirection',(1.,0.,0.)) ;
#1090=DIRECTION('Axis2P3D Direction',(0.,0.,1.)) ;
#1097=DIRECTION('Vector Direction',(0.,0.,1.)) ;
#1109=DIRECTION('Axis2P3D Direction',(-1.,-9.16440960988E-017,0.)) ;
#1110=DIRECTION('Axis2P3D XDirection',(9.16440960988E-017,-1.,0.)) ;
#1114=DIRECTION('Vector Direction',(9.16440960988E-017,-1.,0.)) ;
#1126=DIRECTION('Axis2P3D Direction',(0.,0.,1.)) ;
#1127=DIRECTION('Axis2P3D XDirection',(0.779754761229,-0.626085067974,0.)) ;
#1131=DIRECTION('Axis2P3D Direction',(0.,0.,1.)) ;
#1140=DIRECTION('Vector Direction',(0.,0.,1.)) ;
#1145=DIRECTION('Vector Direction',(0.,0.,1.)) ;
#1157=DIRECTION('Axis2P3D Direction',(0.,0.,1.)) ;
#1158=DIRECTION('Axis2P3D XDirection',(-0.779754761229,0.626085067974,0.)) ;
#1162=DIRECTION('Axis2P3D Direction',(0.,0.,1.)) ;
#1169=DIRECTION('Vector Direction',(0.,0.,1.)) ;
#1181=DIRECTION('Axis2P3D Direction',(0.,0.,1.)) ;
#1188=DIRECTION('Vector Direction',(0.,0.,1.)) ;
#1200=DIRECTION('Axis2P3D Direction',(0.,0.,1.)) ;
#1201=DIRECTION('Axis2P3D XDirection',(0.5,-0.866025403784,0.)) ;
#1205=DIRECTION('Axis2P3D Direction',(0.,0.,1.)) ;
#1212=DIRECTION('Vector Direction',(0.,0.,1.)) ;
#1224=DIRECTION('Axis2P3D Direction',(0.5,-0.866025403784,0.)) ;
#1225=DIRECTION('Axis2P3D XDirection',(0.866025403784,0.5,0.)) ;
#1229=DIRECTION('Vector Direction',(0.866025403784,0.5,0.)) ;
#1236=DIRECTION('Vector Direction',(0.,0.,1.)) ;
#1248=DIRECTION('Axis2P3D Direction',(0.,0.,1.)) ;
#1249=DIRECTION('Axis2P3D XDirection',(-0.659704438096,-0.751525152178,-0.)) ;
#1253=DIRECTION('Axis2P3D Direction',(0.,0.,1.)) ;
#1260=DIRECTION('Vector Direction',(0.,0.,1.)) ;
#1272=DIRECTION('Axis2P3D Direction',(0.,0.,1.)) ;
#1279=DIRECTION('Vector Direction',(0.,0.,1.)) ;
#1291=DIRECTION('Axis2P3D Direction',(0.,0.,1.)) ;
#1292=DIRECTION('Axis2P3D XDirection',(0.824416295005,0.565983897766,0.)) ;
#1296=DIRECTION('Axis2P3D Direction',(0.,0.,1.)) ;
#1303=DIRECTION('Vector Direction',(0.,0.,1.)) ;
#1315=DIRECTION('Axis2P3D Direction',(0.,0.,1.)) ;
#1316=DIRECTION('Axis2P3D XDirection',(-0.699079890582,0.71504356971,0.)) ;
#1320=DIRECTION('Axis2P3D Direction',(0.,0.,1.)) ;
#1327=DIRECTION('Vector Direction',(0.,0.,1.)) ;
#1339=DIRECTION('Axis2P3D Direction',(0.,0.,1.)) ;
#1340=DIRECTION('Axis2P3D XDirection',(0.699079890582,-0.71504356971,0.)) ;
#1344=DIRECTION('Axis2P3D Direction',(0.,0.,1.)) ;
#1351=DIRECTION('Vector Direction',(0.,0.,1.)) ;
#1363=DIRECTION('Axis2P3D Direction',(0.,0.,1.)) ;
#1370=DIRECTION('Vector Direction',(0.,0.,1.)) ;
#1382=DIRECTION('Axis2P3D Direction',(0.,0.,1.)) ;
#1383=DIRECTION('Axis2P3D XDirection',(-0.5,0.866025403784,0.)) ;
#1387=DIRECTION('Axis2P3D Direction',(0.,0.,1.)) ;
#1394=DIRECTION('Vector Direction',(0.,0.,1.)) ;
#1406=DIRECTION('Axis2P3D Direction',(0.5,-0.866025403784,0.)) ;
#1407=DIRECTION('Axis2P3D XDirection',(0.866025403784,0.5,0.)) ;
#1411=DIRECTION('Vector Direction',(0.866025403784,0.5,0.)) ;
#1418=DIRECTION('Vector Direction',(0.,0.,1.)) ;
#1430=DIRECTION('Axis2P3D Direction',(0.,0.,1.)) ;
#1431=DIRECTION('Axis2P3D XDirection',(0.997029422833,-0.0770216203779,0.)) ;
#1435=DIRECTION('Axis2P3D Direction',(0.,0.,1.)) ;
#1442=DIRECTION('Vector Direction',(0.,0.,1.)) ;
#1454=DIRECTION('Axis2P3D Direction',(0.,0.,1.)) ;
#1461=DIRECTION('Vector Direction',(0.,0.,1.)) ;
#1473=DIRECTION('Axis2P3D Direction',(0.,0.,1.)) ;
#1474=DIRECTION('Axis2P3D XDirection',(-0.93598410778,-0.352042255962,-0.)) ;
#1478=DIRECTION('Axis2P3D Direction',(0.,0.,1.)) ;
#1490=DIRECTION('Axis2P3D Direction',(0.,0.,1.)) ;
#1491=DIRECTION('Axis2P3D XDirection',(0.269705950891,0.962942729374,0.)) ;
#1495=DIRECTION('Axis2P3D Direction',(0.,0.,1.)) ;
#1504=DIRECTION('Vector Direction',(0.,0.,1.)) ;
#1509=DIRECTION('Vector Direction',(0.,0.,1.)) ;
#1521=DIRECTION('Axis2P3D Direction',(0.,0.,1.)) ;
#1522=DIRECTION('Axis2P3D XDirection',(0.659704438096,-0.751525152178,0.)) ;
#1526=DIRECTION('Axis2P3D Direction',(0.,0.,1.)) ;
#1533=DIRECTION('Vector Direction',(0.,0.,1.)) ;
#1545=DIRECTION('Axis2P3D Direction',(0.,0.,1.)) ;
#1546=DIRECTION('Axis2P3D XDirection',(-0.5,-0.866025403784,-0.)) ;
#1550=DIRECTION('Axis2P3D Direction',(0.,0.,1.)) ;
#1557=DIRECTION('Vector Direction',(0.,0.,1.)) ;
#1569=DIRECTION('Axis2P3D Direction',(0.5,0.866025403784,-0.)) ;
#1570=DIRECTION('Axis2P3D XDirection',(-0.866025403784,0.5,0.)) ;
#1574=DIRECTION('Vector Direction',(-0.866025403784,0.5,0.)) ;
#1581=DIRECTION('Vector Direction',(0.,0.,1.)) ;
#1593=DIRECTION('Axis2P3D Direction',(0.,0.,1.)) ;
#1594=DIRECTION('Axis2P3D XDirection',(-0.431812031528,0.901963618683,0.)) ;
#1598=DIRECTION('Axis2P3D Direction',(0.,0.,1.)) ;
#1605=DIRECTION('Vector Direction',(0.,0.,1.)) ;
#1617=DIRECTION('Axis2P3D Direction',(0.,0.,1.)) ;
#1618=DIRECTION('Axis2P3D XDirection',(0.431812031528,-0.901963618683,0.)) ;
#1622=DIRECTION('Axis2P3D Direction',(0.,0.,1.)) ;
#1629=DIRECTION('Vector Direction',(0.,0.,1.)) ;
#1641=DIRECTION('Axis2P3D Direction',(0.,0.,1.)) ;
#1642=DIRECTION('Axis2P3D XDirection',(0.772869590759,-0.634564886896,0.)) ;
#1646=DIRECTION('Axis2P3D Direction',(0.,0.,1.)) ;
#1653=DIRECTION('Vector Direction',(0.,0.,1.)) ;
#1665=DIRECTION('Axis2P3D Direction',(0.,0.,1.)) ;
#1666=DIRECTION('Axis2P3D XDirection',(0.152328193181,0.988329965934,0.)) ;
#1670=DIRECTION('Axis2P3D Direction',(0.,0.,1.)) ;
#1677=DIRECTION('Vector Direction',(0.,0.,1.)) ;
#1689=DIRECTION('Axis2P3D Direction',(0.,0.,1.)) ;
#1690=DIRECTION('Axis2P3D XDirection',(-0.152328193181,-0.988329965934,-0.)) ;
#1694=DIRECTION('Axis2P3D Direction',(0.,0.,1.)) ;
#1701=DIRECTION('Vector Direction',(0.,0.,1.)) ;
#1713=DIRECTION('Axis2P3D Direction',(0.,0.,1.)) ;
#1720=DIRECTION('Vector Direction',(0.,0.,1.)) ;
#1732=DIRECTION('Axis2P3D Direction',(0.,0.,1.)) ;
#1733=DIRECTION('Axis2P3D XDirection',(0.5,0.866025403784,0.)) ;
#1737=DIRECTION('Axis2P3D Direction',(0.,0.,1.)) ;
#1744=DIRECTION('Vector Direction',(0.,0.,1.)) ;
#1756=DIRECTION('Axis2P3D Direction',(0.5,0.866025403784,-0.)) ;
#1757=DIRECTION('Axis2P3D XDirection',(-0.866025403784,0.5,0.)) ;
#1761=DIRECTION('Vector Direction',(-0.866025403784,0.5,0.)) ;
#1768=DIRECTION('Vector Direction',(0.,0.,1.)) ;
#1780=DIRECTION('Axis2P3D Direction',(0.,0.,1.)) ;
#1781=DIRECTION('Axis2P3D XDirection',(0.980692092417,-0.195558226292,0.)) ;
#1785=DIRECTION('Axis2P3D Direction',(0.,0.,1.)) ;
#1792=DIRECTION('Vector Direction',(0.,0.,1.)) ;
#1804=DIRECTION('Axis2P3D Direction',(0.,0.,1.)) ;
#1811=DIRECTION('Vector Direction',(0.,0.,1.)) ;
#1823=DIRECTION('Axis2P3D Direction',(0.,0.,1.)) ;
#1824=DIRECTION('Axis2P3D XDirection',(-0.902364581101,0.430973505885,0.)) ;
#1828=DIRECTION('Axis2P3D Direction',(0.,0.,1.)) ;
#1835=DIRECTION('Vector Direction',(0.,0.,1.)) ;
#1847=DIRECTION('Axis2P3D Direction',(0.,0.,1.)) ;
#1848=DIRECTION('Axis2P3D XDirection',(-0.269705950891,-0.962942729374,-0.)) ;
#1852=DIRECTION('Axis2P3D Direction',(0.,0.,1.)) ;
#1864=DIRECTION('Axis2P3D Direction',(0.,0.,1.)) ;
#1865=DIRECTION('Axis2P3D XDirection',(1.,0.,0.)) ;
#1869=DIRECTION('Axis2P3D Direction',(0.,0.,1.)) ;
#1878=DIRECTION('Vector Direction',(0.,0.,1.)) ;
#1883=DIRECTION('Vector Direction',(0.,0.,1.)) ;
#1895=DIRECTION('Axis2P3D Direction',(0.,0.,1.)) ;
#1907=DIRECTION('Axis2P3D Direction',(0.,0.,1.)) ;
#1908=DIRECTION('Axis2P3D XDirection',(1.,0.,0.)) ;
#1912=DIRECTION('Axis2P3D Direction',(0.,0.,1.)) ;
#1921=DIRECTION('Vector Direction',(0.,0.,1.)) ;
#1926=DIRECTION('Vector Direction',(0.,0.,1.)) ;
#1938=DIRECTION('Axis2P3D Direction',(0.,0.,1.)) ;
#1950=DIRECTION('Axis2P3D Direction',(0.,0.,1.)) ;
#1951=DIRECTION('Axis2P3D XDirection',(1.,0.,0.)) ;
#1955=DIRECTION('Axis2P3D Direction',(0.,0.,1.)) ;
#1964=DIRECTION('Vector Direction',(0.,0.,1.)) ;
#1969=DIRECTION('Vector Direction',(0.,0.,1.)) ;
#1981=DIRECTION('Axis2P3D Direction',(0.,0.,1.)) ;
#1993=DIRECTION('Axis2P3D Direction',(0.,0.,1.)) ;
#1994=DIRECTION('Axis2P3D XDirection',(1.,0.,0.)) ;
#1998=DIRECTION('Axis2P3D Direction',(0.,0.,1.)) ;
#2007=DIRECTION('Vector Direction',(0.,0.,1.)) ;
#2012=DIRECTION('Vector Direction',(0.,0.,1.)) ;
#2024=DIRECTION('Axis2P3D Direction',(0.,0.,1.)) ;
#2036=DIRECTION('Axis2P3D Direction',(0.,0.,1.)) ;
#2037=DIRECTION('Axis2P3D XDirection',(-1.,5.66553889765E-016,0.)) ;
#2041=DIRECTION('Vector Direction',(0.,0.,1.)) ;
#2050=DIRECTION('Axis2P3D Direction',(0.,0.,1.)) ;
#2055=DIRECTION('Axis2P3D Direction',(0.,0.,1.)) ;
#2067=DIRECTION('Axis2P3D Direction',(0.,0.,1.)) ;
#2068=DIRECTION('Axis2P3D XDirection',(0.5,0.866025403784,0.)) ;
#2072=DIRECTION('Vector Direction',(0.,0.,1.)) ;
#2081=DIRECTION('Axis2P3D Direction',(0.,0.,1.)) ;
#2086=DIRECTION('Axis2P3D Direction',(0.,0.,1.)) ;
#2098=DIRECTION('Axis2P3D Direction',(0.,0.,1.)) ;
#2099=DIRECTION('Axis2P3D XDirection',(0.5,-0.866025403784,0.)) ;
#2103=DIRECTION('Vector Direction',(0.,0.,1.)) ;
#2112=DIRECTION('Axis2P3D Direction',(0.,0.,1.)) ;
#2117=DIRECTION('Axis2P3D Direction',(0.,0.,1.)) ;
#2129=DIRECTION('Axis2P3D Direction',(0.,0.,1.)) ;
#2130=DIRECTION('Axis2P3D XDirection',(1.,0.,0.)) ;
#2134=DIRECTION('Axis2P3D Direction',(0.,0.,1.)) ;
#2143=DIRECTION('Axis2P3D Direction',(0.,0.,1.)) ;
#2157=DIRECTION('Axis2P3D Direction',(0.,0.,1.)) ;
#2158=DIRECTION('Axis2P3D XDirection',(1.,0.,0.)) ;
#2162=DIRECTION('Vector Direction',(0.,0.,1.)) ;
#2169=DIRECTION('Axis2P3D Direction',(0.,0.,1.)) ;
#2176=DIRECTION('Vector Direction',(0.,0.,1.)) ;
#2188=DIRECTION('Axis2P3D Direction',(0.,0.,1.)) ;
#2200=DIRECTION('Axis2P3D Direction',(-1.,0.,0.)) ;
#2201=DIRECTION('Axis2P3D XDirection',(0.,-1.,0.)) ;
#2205=DIRECTION('Vector Direction',(0.,-1.,0.)) ;
#2210=DIRECTION('Vector Direction',(0.,0.,1.)) ;
#2217=DIRECTION('Vector Direction',(0.,-1.,0.)) ;
#2229=DIRECTION('Axis2P3D Direction',(0.,0.,1.)) ;
#2230=DIRECTION('Axis2P3D XDirection',(1.,0.,0.)) ;
#2234=DIRECTION('Axis2P3D Direction',(0.,0.,1.)) ;
#2250=DIRECTION('Axis2P3D Direction',(0.5,-0.866025403784,0.)) ;
#2251=DIRECTION('Axis2P3D XDirection',(0.866025403784,0.5,0.)) ;
#2255=DIRECTION('Vector Direction',(0.866025403784,0.5,0.)) ;
#2262=DIRECTION('Vector Direction',(0.,0.,1.)) ;
#2269=DIRECTION('Vector Direction',(0.866025403784,0.5,0.)) ;
#2281=DIRECTION('Axis2P3D Direction',(0.,0.,1.)) ;
#2297=DIRECTION('Axis2P3D Direction',(0.,0.,1.)) ;
#2298=DIRECTION('Axis2P3D XDirection',(1.,0.,0.)) ;
#2302=DIRECTION('Axis2P3D Direction',(0.,0.,1.)) ;
#2307=DIRECTION('Axis2P3D Direction',(0.,0.,1.)) ;
#2314=DIRECTION('Vector Direction',(-0.866025403784,0.5,0.)) ;
#2392=DIRECTION('Axis2P3D Direction',(0.5,0.866025403784,-0.)) ;
#2393=DIRECTION('Axis2P3D XDirection',(-0.866025403784,0.5,0.)) ;
#2397=DIRECTION('Vector Direction',(0.,0.,1.)) ;
#2404=DIRECTION('Vector Direction',(-0.866025403784,0.5,0.)) ;
#2416=DIRECTION('Axis2P3D Direction',(0.,0.,1.)) ;
#2432=DIRECTION('Axis2P3D Direction',(0.707106781187,-0.707106781187,-0.)) ;
#2433=DIRECTION('Axis2P3D XDirection',(0.620544580564,0.620544580564,0.479425538604)) ;
#2455=DIRECTION('Vector Direction',(0.707106781187,-0.707106781187,0.)) ;
#2460=DIRECTION('Axis2P3D Direction',(0.707106781187,-0.707106781187,-0.)) ;
#2465=DIRECTION('Vector Direction',(0.707106781187,-0.707106781187,0.)) ;
#2504=DIRECTION('Axis2P3D Direction',(0.,0.,1.)) ;
#2505=DIRECTION('Axis2P3D XDirection',(-0.360721442886,0.932673598127,0.)) ;
#2606=DIRECTION('Axis2P3D Direction',(0.965925826289,0.258819045103,0.)) ;
#2607=DIRECTION('Axis2P3D XDirection',(0.227135080667,-0.847679661231,0.479425538604)) ;
#2611=DIRECTION('Vector Direction',(0.286258163196,0.863521643449,-0.415194695654)) ;
#2620=DIRECTION('Axis2P3D Direction',(0.965925826289,0.258819045103,0.)) ;
#2627=DIRECTION('Vector Direction',(0.679667663093,-0.604702598346,0.415194695654)) ;
#2638=DIRECTION('Axis2P3D Direction',(0.965925826289,0.258819045103,0.)) ;
#2649=DIRECTION('Axis2P3D Direction',(-0.965925826289,-0.258819045103,0.)) ;
#2650=DIRECTION('Axis2P3D XDirection',(0.227135080667,-0.847679661231,0.479425538604)) ;
#2654=DIRECTION('Vector Direction',(-0.965925826289,-0.258819045103,0.)) ;
#2659=DIRECTION('Vector Direction',(-0.965925826289,-0.258819045103,0.)) ;
#2678=DIRECTION('Axis2P3D Direction',(-0.258819045103,-0.965925826289,0.)) ;
#2679=DIRECTION('Axis2P3D XDirection',(-0.847679661231,0.227135080667,0.479425538604)) ;
#2683=DIRECTION('Vector Direction',(0.604702598346,-0.679667663093,-0.415194695654)) ;
#2692=DIRECTION('Axis2P3D Direction',(-0.258819045103,-0.965925826289,0.)) ;
#2699=DIRECTION('Vector Direction',(-0.863521643449,-0.286258163196,0.415194695654)) ;
#2710=DIRECTION('Axis2P3D Direction',(-0.258819045103,-0.965925826289,0.)) ;
#2721=DIRECTION('Axis2P3D Direction',(0.258819045103,0.965925826289,-0.)) ;
#2722=DIRECTION('Axis2P3D XDirection',(-0.847679661231,0.227135080667,0.479425538604)) ;
#2726=DIRECTION('Vector Direction',(0.258819045103,0.965925826289,0.)) ;
#2731=DIRECTION('Vector Direction',(0.258819045103,0.965925826289,0.)) ;
#48=AXIS2_PLACEMENT_3D(' ',#47,$,$) ;
#55=AXIS2_PLACEMENT_3D('Cone Axis2P3D',#52,#53,#54) ;
#68=AXIS2_PLACEMENT_3D('Circle Axis2P3D',#66,#67,$) ;
#87=AXIS2_PLACEMENT_3D('Plane Axis2P3D',#84,#85,#86) ;
#91=AXIS2_PLACEMENT_3D('Circle Axis2P3D',#89,#90,$) ;
#100=AXIS2_PLACEMENT_3D('Circle Axis2P3D',#98,#99,$) ;
#107=AXIS2_PLACEMENT_3D('Circle Axis2P3D',#105,#106,$) ;
#114=AXIS2_PLACEMENT_3D('Circle Axis2P3D',#112,#113,$) ;
#121=AXIS2_PLACEMENT_3D('Circle Axis2P3D',#119,#120,$) ;
#128=AXIS2_PLACEMENT_3D('Circle Axis2P3D',#126,#127,$) ;
#150=AXIS2_PLACEMENT_3D('Circle Axis2P3D',#148,#149,$) ;
#157=AXIS2_PLACEMENT_3D('Circle Axis2P3D',#155,#156,$) ;
#164=AXIS2_PLACEMENT_3D('Circle Axis2P3D',#162,#163,$) ;
#171=AXIS2_PLACEMENT_3D('Circle Axis2P3D',#169,#170,$) ;
#178=AXIS2_PLACEMENT_3D('Circle Axis2P3D',#176,#177,$) ;
#185=AXIS2_PLACEMENT_3D('Circle Axis2P3D',#183,#184,$) ;
#192=AXIS2_PLACEMENT_3D('Circle Axis2P3D',#190,#191,$) ;
#206=AXIS2_PLACEMENT_3D('Circle Axis2P3D',#204,#205,$) ;
#213=AXIS2_PLACEMENT_3D('Circle Axis2P3D',#211,#212,$) ;
#220=AXIS2_PLACEMENT_3D('Circle Axis2P3D',#218,#219,$) ;
#227=AXIS2_PLACEMENT_3D('Circle Axis2P3D',#225,#226,$) ;
#234=AXIS2_PLACEMENT_3D('Circle Axis2P3D',#232,#233,$) ;
#241=AXIS2_PLACEMENT_3D('Circle Axis2P3D',#239,#240,$) ;
#248=AXIS2_PLACEMENT_3D('Circle Axis2P3D',#246,#247,$) ;
#271=AXIS2_PLACEMENT_3D('Circle Axis2P3D',#269,#270,$) ;
#280=AXIS2_PLACEMENT_3D('Circle Axis2P3D',#278,#279,$) ;
#287=AXIS2_PLACEMENT_3D('Circle Axis2P3D',#285,#286,$) ;
#301=AXIS2_PLACEMENT_3D('Circle Axis2P3D',#299,#300,$) ;
#308=AXIS2_PLACEMENT_3D('Circle Axis2P3D',#306,#307,$) ;
#315=AXIS2_PLACEMENT_3D('Circle Axis2P3D',#313,#314,$) ;
#322=AXIS2_PLACEMENT_3D('Circle Axis2P3D',#320,#321,$) ;
#329=AXIS2_PLACEMENT_3D('Circle Axis2P3D',#327,#328,$) ;
#336=AXIS2_PLACEMENT_3D('Circle Axis2P3D',#334,#335,$) ;
#343=AXIS2_PLACEMENT_3D('Circle Axis2P3D',#341,#342,$) ;
#357=AXIS2_PLACEMENT_3D('Circle Axis2P3D',#355,#356,$) ;
#364=AXIS2_PLACEMENT_3D('Circle Axis2P3D',#362,#363,$) ;
#371=AXIS2_PLACEMENT_3D('Circle Axis2P3D',#369,#370,$) ;
#378=AXIS2_PLACEMENT_3D('Circle Axis2P3D',#376,#377,$) ;
#401=AXIS2_PLACEMENT_3D('Circle Axis2P3D',#399,#400,$) ;
#410=AXIS2_PLACEMENT_3D('Circle Axis2P3D',#408,#409,$) ;
#417=AXIS2_PLACEMENT_3D('Circle Axis2P3D',#415,#416,$) ;
#424=AXIS2_PLACEMENT_3D('Circle Axis2P3D',#422,#423,$) ;
#438=AXIS2_PLACEMENT_3D('Circle Axis2P3D',#436,#437,$) ;
#445=AXIS2_PLACEMENT_3D('Circle Axis2P3D',#443,#444,$) ;
#452=AXIS2_PLACEMENT_3D('Circle Axis2P3D',#450,#451,$) ;
#459=AXIS2_PLACEMENT_3D('Circle Axis2P3D',#457,#458,$) ;
#466=AXIS2_PLACEMENT_3D('Circle Axis2P3D',#464,#465,$) ;
#473=AXIS2_PLACEMENT_3D('Circle Axis2P3D',#471,#472,$) ;
#480=AXIS2_PLACEMENT_3D('Circle Axis2P3D',#478,#479,$) ;
#494=AXIS2_PLACEMENT_3D('Circle Axis2P3D',#492,#493,$) ;
#501=AXIS2_PLACEMENT_3D('Circle Axis2P3D',#499,#500,$) ;
#508=AXIS2_PLACEMENT_3D('Circle Axis2P3D',#506,#507,$) ;
#531=AXIS2_PLACEMENT_3D('Circle Axis2P3D',#529,#530,$) ;
#540=AXIS2_PLACEMENT_3D('Circle Axis2P3D',#538,#539,$) ;
#549=AXIS2_PLACEMENT_3D('Circle Axis2P3D',#547,#548,$) ;
#558=AXIS2_PLACEMENT_3D('Circle Axis2P3D',#556,#557,$) ;
#567=AXIS2_PLACEMENT_3D('Circle Axis2P3D',#565,#566,$) ;
#576=AXIS2_PLACEMENT_3D('Circle Axis2P3D',#574,#575,$) ;
#585=AXIS2_PLACEMENT_3D('Circle Axis2P3D',#583,#584,$) ;
#594=AXIS2_PLACEMENT_3D('Circle Axis2P3D',#592,#593,$) ;
#605=AXIS2_PLACEMENT_3D('Cylinder Axis2P3D',#602,#603,#604) ;
#623=AXIS2_PLACEMENT_3D('Circle Axis2P3D',#621,#622,$) ;
#636=AXIS2_PLACEMENT_3D('Plane Axis2P3D',#633,#634,#635) ;
#674=AXIS2_PLACEMENT_3D('Plane Axis2P3D',#671,#672,#673) ;
#714=AXIS2_PLACEMENT_3D('Plane Axis2P3D',#711,#712,#713) ;
#754=AXIS2_PLACEMENT_3D('Cylinder Axis2P3D',#751,#752,#753) ;
#758=AXIS2_PLACEMENT_3D('Circle Axis2P3D',#756,#757,$) ;
#785=AXIS2_PLACEMENT_3D('Cylinder Axis2P3D',#782,#783,#784) ;
#789=AXIS2_PLACEMENT_3D('Circle Axis2P3D',#787,#788,$) ;
#809=AXIS2_PLACEMENT_3D('Cylinder Axis2P3D',#806,#807,#808) ;
#813=AXIS2_PLACEMENT_3D('Circle Axis2P3D',#811,#812,$) ;
#833=AXIS2_PLACEMENT_3D('Cylinder Axis2P3D',#830,#831,#832) ;
#837=AXIS2_PLACEMENT_3D('Circle Axis2P3D',#835,#836,$) ;
#857=AXIS2_PLACEMENT_3D('Cylinder Axis2P3D',#854,#855,#856) ;
#861=AXIS2_PLACEMENT_3D('Circle Axis2P3D',#859,#860,$) ;
#880=AXIS2_PLACEMENT_3D('Circle Axis2P3D',#878,#879,$) ;
#900=AXIS2_PLACEMENT_3D('Cylinder Axis2P3D',#897,#898,#899) ;
#904=AXIS2_PLACEMENT_3D('Circle Axis2P3D',#902,#903,$) ;
#924=AXIS2_PLACEMENT_3D('Plane Axis2P3D',#921,#922,#923) ;
#948=AXIS2_PLACEMENT_3D('Cylinder Axis2P3D',#945,#946,#947) ;
#952=AXIS2_PLACEMENT_3D('Circle Axis2P3D',#950,#951,$) ;
#972=AXIS2_PLACEMENT_3D('Cylinder Axis2P3D',#969,#970,#971) ;
#976=AXIS2_PLACEMENT_3D('Circle Axis2P3D',#974,#975,$) ;
#996=AXIS2_PLACEMENT_3D('Cylinder Axis2P3D',#993,#994,#995) ;
#1000=AXIS2_PLACEMENT_3D('Circle Axis2P3D',#998,#999,$) ;
#1020=AXIS2_PLACEMENT_3D('Cylinder Axis2P3D',#1017,#1018,#1019) ;
#1024=AXIS2_PLACEMENT_3D('Circle Axis2P3D',#1022,#1023,$) ;
#1044=AXIS2_PLACEMENT_3D('Cylinder Axis2P3D',#1041,#1042,#1043) ;
#1048=AXIS2_PLACEMENT_3D('Circle Axis2P3D',#1046,#1047,$) ;
#1067=AXIS2_PLACEMENT_3D('Circle Axis2P3D',#1065,#1066,$) ;
#1087=AXIS2_PLACEMENT_3D('Cylinder Axis2P3D',#1084,#1085,#1086) ;
#1091=AXIS2_PLACEMENT_3D('Circle Axis2P3D',#1089,#1090,$) ;
#1111=AXIS2_PLACEMENT_3D('Plane Axis2P3D',#1108,#1109,#1110) ;
#1128=AXIS2_PLACEMENT_3D('Cylinder Axis2P3D',#1125,#1126,#1127) ;
#1132=AXIS2_PLACEMENT_3D('Circle Axis2P3D',#1130,#1131,$) ;
#1159=AXIS2_PLACEMENT_3D('Cylinder Axis2P3D',#1156,#1157,#1158) ;
#1163=AXIS2_PLACEMENT_3D('Circle Axis2P3D',#1161,#1162,$) ;
#1182=AXIS2_PLACEMENT_3D('Circle Axis2P3D',#1180,#1181,$) ;
#1202=AXIS2_PLACEMENT_3D('Cylinder Axis2P3D',#1199,#1200,#1201) ;
#1206=AXIS2_PLACEMENT_3D('Circle Axis2P3D',#1204,#1205,$) ;
#1226=AXIS2_PLACEMENT_3D('Plane Axis2P3D',#1223,#1224,#1225) ;
#1250=AXIS2_PLACEMENT_3D('Cylinder Axis2P3D',#1247,#1248,#1249) ;
#1254=AXIS2_PLACEMENT_3D('Circle Axis2P3D',#1252,#1253,$) ;
#1273=AXIS2_PLACEMENT_3D('Circle Axis2P3D',#1271,#1272,$) ;
#1293=AXIS2_PLACEMENT_3D('Cylinder Axis2P3D',#1290,#1291,#1292) ;
#1297=AXIS2_PLACEMENT_3D('Circle Axis2P3D',#1295,#1296,$) ;
#1317=AXIS2_PLACEMENT_3D('Cylinder Axis2P3D',#1314,#1315,#1316) ;
#1321=AXIS2_PLACEMENT_3D('Circle Axis2P3D',#1319,#1320,$) ;
#1341=AXIS2_PLACEMENT_3D('Cylinder Axis2P3D',#1338,#1339,#1340) ;
#1345=AXIS2_PLACEMENT_3D('Circle Axis2P3D',#1343,#1344,$) ;
#1364=AXIS2_PLACEMENT_3D('Circle Axis2P3D',#1362,#1363,$) ;
#1384=AXIS2_PLACEMENT_3D('Cylinder Axis2P3D',#1381,#1382,#1383) ;
#1388=AXIS2_PLACEMENT_3D('Circle Axis2P3D',#1386,#1387,$) ;
#1408=AXIS2_PLACEMENT_3D('Plane Axis2P3D',#1405,#1406,#1407) ;
#1432=AXIS2_PLACEMENT_3D('Cylinder Axis2P3D',#1429,#1430,#1431) ;
#1436=AXIS2_PLACEMENT_3D('Circle Axis2P3D',#1434,#1435,$) ;
#1455=AXIS2_PLACEMENT_3D('Circle Axis2P3D',#1453,#1454,$) ;
#1475=AXIS2_PLACEMENT_3D('Cylinder Axis2P3D',#1472,#1473,#1474) ;
#1479=AXIS2_PLACEMENT_3D('Circle Axis2P3D',#1477,#1478,$) ;
#1492=AXIS2_PLACEMENT_3D('Cylinder Axis2P3D',#1489,#1490,#1491) ;
#1496=AXIS2_PLACEMENT_3D('Circle Axis2P3D',#1494,#1495,$) ;
#1523=AXIS2_PLACEMENT_3D('Cylinder Axis2P3D',#1520,#1521,#1522) ;
#1527=AXIS2_PLACEMENT_3D('Circle Axis2P3D',#1525,#1526,$) ;
#1547=AXIS2_PLACEMENT_3D('Cylinder Axis2P3D',#1544,#1545,#1546) ;
#1551=AXIS2_PLACEMENT_3D('Circle Axis2P3D',#1549,#1550,$) ;
#1571=AXIS2_PLACEMENT_3D('Plane Axis2P3D',#1568,#1569,#1570) ;
#1595=AXIS2_PLACEMENT_3D('Cylinder Axis2P3D',#1592,#1593,#1594) ;
#1599=AXIS2_PLACEMENT_3D('Circle Axis2P3D',#1597,#1598,$) ;
#1619=AXIS2_PLACEMENT_3D('Cylinder Axis2P3D',#1616,#1617,#1618) ;
#1623=AXIS2_PLACEMENT_3D('Circle Axis2P3D',#1621,#1622,$) ;
#1643=AXIS2_PLACEMENT_3D('Cylinder Axis2P3D',#1640,#1641,#1642) ;
#1647=AXIS2_PLACEMENT_3D('Circle Axis2P3D',#1645,#1646,$) ;
#1667=AXIS2_PLACEMENT_3D('Cylinder Axis2P3D',#1664,#1665,#1666) ;
#1671=AXIS2_PLACEMENT_3D('Circle Axis2P3D',#1669,#1670,$) ;
#1691=AXIS2_PLACEMENT_3D('Cylinder Axis2P3D',#1688,#1689,#1690) ;
#1695=AXIS2_PLACEMENT_3D('Circle Axis2P3D',#1693,#1694,$) ;
#1714=AXIS2_PLACEMENT_3D('Circle Axis2P3D',#1712,#1713,$) ;
#1734=AXIS2_PLACEMENT_3D('Cylinder Axis2P3D',#1731,#1732,#1733) ;
#1738=AXIS2_PLACEMENT_3D('Circle Axis2P3D',#1736,#1737,$) ;
#1758=AXIS2_PLACEMENT_3D('Plane Axis2P3D',#1755,#1756,#1757) ;
#1782=AXIS2_PLACEMENT_3D('Cylinder Axis2P3D',#1779,#1780,#1781) ;
#1786=AXIS2_PLACEMENT_3D('Circle Axis2P3D',#1784,#1785,$) ;
#1805=AXIS2_PLACEMENT_3D('Circle Axis2P3D',#1803,#1804,$) ;
#1825=AXIS2_PLACEMENT_3D('Cylinder Axis2P3D',#1822,#1823,#1824) ;
#1829=AXIS2_PLACEMENT_3D('Circle Axis2P3D',#1827,#1828,$) ;
#1849=AXIS2_PLACEMENT_3D('Cylinder Axis2P3D',#1846,#1847,#1848) ;
#1853=AXIS2_PLACEMENT_3D('Circle Axis2P3D',#1851,#1852,$) ;
#1866=AXIS2_PLACEMENT_3D('Cylinder Axis2P3D',#1863,#1864,#1865) ;
#1870=AXIS2_PLACEMENT_3D('Circle Axis2P3D',#1868,#1869,$) ;
#1896=AXIS2_PLACEMENT_3D('Circle Axis2P3D',#1894,#1895,$) ;
#1909=AXIS2_PLACEMENT_3D('Cylinder Axis2P3D',#1906,#1907,#1908) ;
#1913=AXIS2_PLACEMENT_3D('Circle Axis2P3D',#1911,#1912,$) ;
#1939=AXIS2_PLACEMENT_3D('Circle Axis2P3D',#1937,#1938,$) ;
#1952=AXIS2_PLACEMENT_3D('Cylinder Axis2P3D',#1949,#1950,#1951) ;
#1956=AXIS2_PLACEMENT_3D('Circle Axis2P3D',#1954,#1955,$) ;
#1982=AXIS2_PLACEMENT_3D('Circle Axis2P3D',#1980,#1981,$) ;
#1995=AXIS2_PLACEMENT_3D('Cylinder Axis2P3D',#1992,#1993,#1994) ;
#1999=AXIS2_PLACEMENT_3D('Circle Axis2P3D',#1997,#1998,$) ;
#2025=AXIS2_PLACEMENT_3D('Circle Axis2P3D',#2023,#2024,$) ;
#2038=AXIS2_PLACEMENT_3D('Cylinder Axis2P3D',#2035,#2036,#2037) ;
#2051=AXIS2_PLACEMENT_3D('Circle Axis2P3D',#2049,#2050,$) ;
#2056=AXIS2_PLACEMENT_3D('Circle Axis2P3D',#2054,#2055,$) ;
#2069=AXIS2_PLACEMENT_3D('Cylinder Axis2P3D',#2066,#2067,#2068) ;
#2082=AXIS2_PLACEMENT_3D('Circle Axis2P3D',#2080,#2081,$) ;
#2087=AXIS2_PLACEMENT_3D('Circle Axis2P3D',#2085,#2086,$) ;
#2100=AXIS2_PLACEMENT_3D('Cylinder Axis2P3D',#2097,#2098,#2099) ;
#2113=AXIS2_PLACEMENT_3D('Circle Axis2P3D',#2111,#2112,$) ;
#2118=AXIS2_PLACEMENT_3D('Circle Axis2P3D',#2116,#2117,$) ;
#2131=AXIS2_PLACEMENT_3D('Plane Axis2P3D',#2128,#2129,#2130) ;
#2135=AXIS2_PLACEMENT_3D('Circle Axis2P3D',#2133,#2134,$) ;
#2144=AXIS2_PLACEMENT_3D('Circle Axis2P3D',#2142,#2143,$) ;
#2159=AXIS2_PLACEMENT_3D('Cylinder Axis2P3D',#2156,#2157,#2158) ;
#2170=AXIS2_PLACEMENT_3D('Circle Axis2P3D',#2168,#2169,$) ;
#2189=AXIS2_PLACEMENT_3D('Circle Axis2P3D',#2187,#2188,$) ;
#2202=AXIS2_PLACEMENT_3D('Plane Axis2P3D',#2199,#2200,#2201) ;
#2231=AXIS2_PLACEMENT_3D('Plane Axis2P3D',#2228,#2229,#2230) ;
#2235=AXIS2_PLACEMENT_3D('Circle Axis2P3D',#2233,#2234,$) ;
#2252=AXIS2_PLACEMENT_3D('Plane Axis2P3D',#2249,#2250,#2251) ;
#2282=AXIS2_PLACEMENT_3D('Circle Axis2P3D',#2280,#2281,$) ;
#2299=AXIS2_PLACEMENT_3D('Plane Axis2P3D',#2296,#2297,#2298) ;
#2303=AXIS2_PLACEMENT_3D('Circle Axis2P3D',#2301,#2302,$) ;
#2308=AXIS2_PLACEMENT_3D('Circle Axis2P3D',#2306,#2307,$) ;
#2394=AXIS2_PLACEMENT_3D('Plane Axis2P3D',#2391,#2392,#2393) ;
#2417=AXIS2_PLACEMENT_3D('Circle Axis2P3D',#2415,#2416,$) ;
#2434=AXIS2_PLACEMENT_3D('Cylinder Axis2P3D',#2431,#2432,#2433) ;
#2461=AXIS2_PLACEMENT_3D('Circle Axis2P3D',#2459,#2460,$) ;
#2506=AXIS2_PLACEMENT_3D('Cylinder Axis2P3D',#2503,#2504,#2505) ;
#2608=AXIS2_PLACEMENT_3D('Cone Axis2P3D',#2605,#2606,#2607) ;
#2621=AXIS2_PLACEMENT_3D('Circle Axis2P3D',#2619,#2620,$) ;
#2639=AXIS2_PLACEMENT_3D('Circle Axis2P3D',#2637,#2638,$) ;
#2651=AXIS2_PLACEMENT_3D('Cylinder Axis2P3D',#2648,#2649,#2650) ;
#2680=AXIS2_PLACEMENT_3D('Cone Axis2P3D',#2677,#2678,#2679) ;
#2693=AXIS2_PLACEMENT_3D('Circle Axis2P3D',#2691,#2692,$) ;
#2711=AXIS2_PLACEMENT_3D('Circle Axis2P3D',#2709,#2710,$) ;
#2723=AXIS2_PLACEMENT_3D('Cylinder Axis2P3D',#2720,#2721,#2722) ;
#40=PRODUCT_DEFINITION_SHAPE(' ',' ',#14) ;
#31=APPROVAL_PERSON_ORGANIZATION(#25,#21,#19) ;
#25=PERSON_AND_ORGANIZATION(#22,#23) ;
#22=PERSON(' ',' ',' ',$,$,$) ;
#23=ORGANIZATION(' ',' ',' ') ;
#21=APPROVAL(#20,' ') ;
#20=APPROVAL_STATUS('not_yet_approved') ;
#19=APPROVAL_ROLE('APPROVER') ;
#13=DATE_AND_TIME(#11,#12) ;
#12=LOCAL_TIME(21,49,45.,#10) ;
#10=COORDINATED_UNIVERSAL_TIME_OFFSET(0,0,.AHEAD.) ;
#79=ORIENTED_EDGE('',*,*,#65,.T.) ;
#80=ORIENTED_EDGE('',*,*,#72,.F.) ;
#81=ORIENTED_EDGE('',*,*,#77,.F.) ;
#132=ORIENTED_EDGE('',*,*,#97,.F.) ;
#133=ORIENTED_EDGE('',*,*,#104,.F.) ;
#134=ORIENTED_EDGE('',*,*,#111,.F.) ;
#135=ORIENTED_EDGE('',*,*,#118,.F.) ;
#136=ORIENTED_EDGE('',*,*,#125,.F.) ;
#137=ORIENTED_EDGE('',*,*,#130,.F.) ;
#252=ORIENTED_EDGE('',*,*,#147,.T.) ;
#253=ORIENTED_EDGE('',*,*,#154,.T.) ;
#254=ORIENTED_EDGE('',*,*,#161,.T.) ;
#255=ORIENTED_EDGE('',*,*,#168,.T.) ;
#256=ORIENTED_EDGE('',*,*,#175,.T.) ;
#257=ORIENTED_EDGE('',*,*,#182,.T.) ;
#258=ORIENTED_EDGE('',*,*,#189,.T.) ;
#259=ORIENTED_EDGE('',*,*,#196,.T.) ;
#260=ORIENTED_EDGE('',*,*,#203,.T.) ;
#261=ORIENTED_EDGE('',*,*,#210,.T.) ;
#262=ORIENTED_EDGE('',*,*,#217,.T.) ;
#263=ORIENTED_EDGE('',*,*,#224,.T.) ;
#264=ORIENTED_EDGE('',*,*,#231,.T.) ;
#265=ORIENTED_EDGE('',*,*,#238,.T.) ;
#266=ORIENTED_EDGE('',*,*,#245,.T.) ;
#267=ORIENTED_EDGE('',*,*,#250,.T.) ;
#382=ORIENTED_EDGE('',*,*,#277,.T.) ;
#383=ORIENTED_EDGE('',*,*,#284,.T.) ;
#384=ORIENTED_EDGE('',*,*,#291,.T.) ;
#385=ORIENTED_EDGE('',*,*,#298,.T.) ;
#386=ORIENTED_EDGE('',*,*,#305,.T.) ;
#387=ORIENTED_EDGE('',*,*,#312,.T.) ;
#388=ORIENTED_EDGE('',*,*,#319,.T.) ;
#389=ORIENTED_EDGE('',*,*,#326,.T.) ;
#390=ORIENTED_EDGE('',*,*,#333,.T.) ;
#391=ORIENTED_EDGE('',*,*,#340,.T.) ;
#392=ORIENTED_EDGE('',*,*,#347,.T.) ;
#393=ORIENTED_EDGE('',*,*,#354,.T.) ;
#394=ORIENTED_EDGE('',*,*,#361,.T.) ;
#395=ORIENTED_EDGE('',*,*,#368,.T.) ;
#396=ORIENTED_EDGE('',*,*,#375,.T.) ;
#397=ORIENTED_EDGE('',*,*,#380,.T.) ;
#512=ORIENTED_EDGE('',*,*,#407,.T.) ;
#513=ORIENTED_EDGE('',*,*,#414,.T.) ;
#514=ORIENTED_EDGE('',*,*,#421,.T.) ;
#515=ORIENTED_EDGE('',*,*,#428,.T.) ;
#516=ORIENTED_EDGE('',*,*,#435,.T.) ;
#517=ORIENTED_EDGE('',*,*,#442,.T.) ;
#518=ORIENTED_EDGE('',*,*,#449,.T.) ;
#519=ORIENTED_EDGE('',*,*,#456,.T.) ;
#520=ORIENTED_EDGE('',*,*,#463,.T.) ;
#521=ORIENTED_EDGE('',*,*,#470,.T.) ;
#522=ORIENTED_EDGE('',*,*,#477,.T.) ;
#523=ORIENTED_EDGE('',*,*,#484,.T.) ;
#524=ORIENTED_EDGE('',*,*,#491,.T.) ;
#525=ORIENTED_EDGE('',*,*,#498,.T.) ;
#526=ORIENTED_EDGE('',*,*,#505,.T.) ;
#527=ORIENTED_EDGE('',*,*,#510,.T.) ;
#544=ORIENTED_EDGE('',*,*,#537,.T.) ;
#545=ORIENTED_EDGE('',*,*,#542,.T.) ;
#562=ORIENTED_EDGE('',*,*,#555,.T.) ;
#563=ORIENTED_EDGE('',*,*,#560,.T.) ;
#580=ORIENTED_EDGE('',*,*,#573,.T.) ;
#581=ORIENTED_EDGE('',*,*,#578,.T.) ;
#598=ORIENTED_EDGE('',*,*,#591,.T.) ;
#599=ORIENTED_EDGE('',*,*,#596,.T.) ;
#627=ORIENTED_EDGE('',*,*,#613,.F.) ;
#628=ORIENTED_EDGE('',*,*,#97,.T.) ;
#629=ORIENTED_EDGE('',*,*,#620,.T.) ;
#630=ORIENTED_EDGE('',*,*,#625,.F.) ;
#665=ORIENTED_EDGE('',*,*,#644,.T.) ;
#666=ORIENTED_EDGE('',*,*,#651,.T.) ;
#667=ORIENTED_EDGE('',*,*,#658,.F.) ;
#668=ORIENTED_EDGE('',*,*,#663,.F.) ;
#705=ORIENTED_EDGE('',*,*,#684,.T.) ;
#706=ORIENTED_EDGE('',*,*,#691,.T.) ;
#707=ORIENTED_EDGE('',*,*,#698,.F.) ;
#708=ORIENTED_EDGE('',*,*,#703,.F.) ;
#745=ORIENTED_EDGE('',*,*,#724,.T.) ;
#746=ORIENTED_EDGE('',*,*,#731,.T.) ;
#747=ORIENTED_EDGE('',*,*,#738,.F.) ;
#748=ORIENTED_EDGE('',*,*,#743,.F.) ;
#776=ORIENTED_EDGE('',*,*,#764,.T.) ;
#777=ORIENTED_EDGE('',*,*,#769,.F.) ;
#778=ORIENTED_EDGE('',*,*,#250,.F.) ;
#779=ORIENTED_EDGE('',*,*,#774,.T.) ;
#800=ORIENTED_EDGE('',*,*,#793,.T.) ;
#801=ORIENTED_EDGE('',*,*,#774,.F.) ;
#802=ORIENTED_EDGE('',*,*,#245,.F.) ;
#803=ORIENTED_EDGE('',*,*,#798,.T.) ;
#824=ORIENTED_EDGE('',*,*,#817,.T.) ;
#825=ORIENTED_EDGE('',*,*,#798,.F.) ;
#826=ORIENTED_EDGE('',*,*,#238,.F.) ;
#827=ORIENTED_EDGE('',*,*,#822,.T.) ;
#848=ORIENTED_EDGE('',*,*,#841,.T.) ;
#849=ORIENTED_EDGE('',*,*,#822,.F.) ;
#850=ORIENTED_EDGE('',*,*,#231,.F.) ;
#851=ORIENTED_EDGE('',*,*,#846,.T.) ;
#872=ORIENTED_EDGE('',*,*,#865,.T.) ;
#873=ORIENTED_EDGE('',*,*,#846,.F.) ;
#874=ORIENTED_EDGE('',*,*,#224,.F.) ;
#875=ORIENTED_EDGE('',*,*,#870,.T.) ;
#891=ORIENTED_EDGE('',*,*,#884,.T.) ;
#892=ORIENTED_EDGE('',*,*,#870,.F.) ;
#893=ORIENTED_EDGE('',*,*,#217,.F.) ;
#894=ORIENTED_EDGE('',*,*,#889,.T.) ;
#915=ORIENTED_EDGE('',*,*,#908,.T.) ;
#916=ORIENTED_EDGE('',*,*,#889,.F.) ;
#917=ORIENTED_EDGE('',*,*,#210,.F.) ;
#918=ORIENTED_EDGE('',*,*,#913,.T.) ;
#939=ORIENTED_EDGE('',*,*,#932,.T.) ;
#940=ORIENTED_EDGE('',*,*,#913,.F.) ;
#941=ORIENTED_EDGE('',*,*,#203,.F.) ;
#942=ORIENTED_EDGE('',*,*,#937,.T.) ;
#963=ORIENTED_EDGE('',*,*,#956,.T.) ;
#964=ORIENTED_EDGE('',*,*,#937,.F.) ;
#965=ORIENTED_EDGE('',*,*,#196,.F.) ;
#966=ORIENTED_EDGE('',*,*,#961,.T.) ;
#987=ORIENTED_EDGE('',*,*,#980,.T.) ;
#988=ORIENTED_EDGE('',*,*,#961,.F.) ;
#989=ORIENTED_EDGE('',*,*,#189,.F.) ;
#990=ORIENTED_EDGE('',*,*,#985,.T.) ;
#1011=ORIENTED_EDGE('',*,*,#1004,.T.) ;
#1012=ORIENTED_EDGE('',*,*,#985,.F.) ;
#1013=ORIENTED_EDGE('',*,*,#182,.F.) ;
#1014=ORIENTED_EDGE('',*,*,#1009,.T.) ;
#1035=ORIENTED_EDGE('',*,*,#1028,.T.) ;
#1036=ORIENTED_EDGE('',*,*,#1009,.F.) ;
#1037=ORIENTED_EDGE('',*,*,#175,.F.) ;
#1038=ORIENTED_EDGE('',*,*,#1033,.T.) ;
#1059=ORIENTED_EDGE('',*,*,#1052,.T.) ;
#1060=ORIENTED_EDGE('',*,*,#1033,.F.) ;
#1061=ORIENTED_EDGE('',*,*,#168,.F.) ;
#1062=ORIENTED_EDGE('',*,*,#1057,.T.) ;
#1078=ORIENTED_EDGE('',*,*,#1071,.T.) ;
#1079=ORIENTED_EDGE('',*,*,#1057,.F.) ;
#1080=ORIENTED_EDGE('',*,*,#161,.F.) ;
#1081=ORIENTED_EDGE('',*,*,#1076,.T.) ;
#1102=ORIENTED_EDGE('',*,*,#1095,.T.) ;
#1103=ORIENTED_EDGE('',*,*,#1076,.F.) ;
#1104=ORIENTED_EDGE('',*,*,#154,.F.) ;
#1105=ORIENTED_EDGE('',*,*,#1100,.T.) ;
#1119=ORIENTED_EDGE('',*,*,#1117,.T.) ;
#1120=ORIENTED_EDGE('',*,*,#1100,.F.) ;
#1121=ORIENTED_EDGE('',*,*,#147,.F.) ;
#1122=ORIENTED_EDGE('',*,*,#769,.T.) ;
#1150=ORIENTED_EDGE('',*,*,#1138,.T.) ;
#1151=ORIENTED_EDGE('',*,*,#1143,.F.) ;
#1152=ORIENTED_EDGE('',*,*,#380,.F.) ;
#1153=ORIENTED_EDGE('',*,*,#1148,.T.) ;
#1174=ORIENTED_EDGE('',*,*,#1167,.T.) ;
#1175=ORIENTED_EDGE('',*,*,#1148,.F.) ;
#1176=ORIENTED_EDGE('',*,*,#375,.F.) ;
#1177=ORIENTED_EDGE('',*,*,#1172,.T.) ;
#1193=ORIENTED_EDGE('',*,*,#1186,.T.) ;
#1194=ORIENTED_EDGE('',*,*,#1172,.F.) ;
#1195=ORIENTED_EDGE('',*,*,#368,.F.) ;
#1196=ORIENTED_EDGE('',*,*,#1191,.T.) ;
#1217=ORIENTED_EDGE('',*,*,#1210,.T.) ;
#1218=ORIENTED_EDGE('',*,*,#1191,.F.) ;
#1219=ORIENTED_EDGE('',*,*,#361,.F.) ;
#1220=ORIENTED_EDGE('',*,*,#1215,.T.) ;
#1241=ORIENTED_EDGE('',*,*,#1234,.T.) ;
#1242=ORIENTED_EDGE('',*,*,#1215,.F.) ;
#1243=ORIENTED_EDGE('',*,*,#354,.F.) ;
#1244=ORIENTED_EDGE('',*,*,#1239,.T.) ;
#1265=ORIENTED_EDGE('',*,*,#1258,.T.) ;
#1266=ORIENTED_EDGE('',*,*,#1239,.F.) ;
#1267=ORIENTED_EDGE('',*,*,#347,.F.) ;
#1268=ORIENTED_EDGE('',*,*,#1263,.T.) ;
#1284=ORIENTED_EDGE('',*,*,#1277,.T.) ;
#1285=ORIENTED_EDGE('',*,*,#1263,.F.) ;
#1286=ORIENTED_EDGE('',*,*,#340,.F.) ;
#1287=ORIENTED_EDGE('',*,*,#1282,.T.) ;
#1308=ORIENTED_EDGE('',*,*,#1301,.T.) ;
#1309=ORIENTED_EDGE('',*,*,#1282,.F.) ;
#1310=ORIENTED_EDGE('',*,*,#333,.F.) ;
#1311=ORIENTED_EDGE('',*,*,#1306,.T.) ;
#1332=ORIENTED_EDGE('',*,*,#1325,.T.) ;
#1333=ORIENTED_EDGE('',*,*,#1306,.F.) ;
#1334=ORIENTED_EDGE('',*,*,#326,.F.) ;
#1335=ORIENTED_EDGE('',*,*,#1330,.T.) ;
#1356=ORIENTED_EDGE('',*,*,#1349,.T.) ;
#1357=ORIENTED_EDGE('',*,*,#1330,.F.) ;
#1358=ORIENTED_EDGE('',*,*,#319,.F.) ;
#1359=ORIENTED_EDGE('',*,*,#1354,.T.) ;
#1375=ORIENTED_EDGE('',*,*,#1368,.T.) ;
#1376=ORIENTED_EDGE('',*,*,#1354,.F.) ;
#1377=ORIENTED_EDGE('',*,*,#312,.F.) ;
#1378=ORIENTED_EDGE('',*,*,#1373,.T.) ;
#1399=ORIENTED_EDGE('',*,*,#1392,.T.) ;
#1400=ORIENTED_EDGE('',*,*,#1373,.F.) ;
#1401=ORIENTED_EDGE('',*,*,#305,.F.) ;
#1402=ORIENTED_EDGE('',*,*,#1397,.T.) ;
#1423=ORIENTED_EDGE('',*,*,#1416,.T.) ;
#1424=ORIENTED_EDGE('',*,*,#1397,.F.) ;
#1425=ORIENTED_EDGE('',*,*,#298,.F.) ;
#1426=ORIENTED_EDGE('',*,*,#1421,.T.) ;
#1447=ORIENTED_EDGE('',*,*,#1440,.T.) ;
#1448=ORIENTED_EDGE('',*,*,#1421,.F.) ;
#1449=ORIENTED_EDGE('',*,*,#291,.F.) ;
#1450=ORIENTED_EDGE('',*,*,#1445,.T.) ;
#1466=ORIENTED_EDGE('',*,*,#1459,.T.) ;
#1467=ORIENTED_EDGE('',*,*,#1445,.F.) ;
#1468=ORIENTED_EDGE('',*,*,#284,.F.) ;
#1469=ORIENTED_EDGE('',*,*,#1464,.T.) ;
#1483=ORIENTED_EDGE('',*,*,#1481,.T.) ;
#1484=ORIENTED_EDGE('',*,*,#1464,.F.) ;
#1485=ORIENTED_EDGE('',*,*,#277,.F.) ;
#1486=ORIENTED_EDGE('',*,*,#1143,.T.) ;
#1514=ORIENTED_EDGE('',*,*,#1502,.T.) ;
#1515=ORIENTED_EDGE('',*,*,#1507,.F.) ;
#1516=ORIENTED_EDGE('',*,*,#510,.F.) ;
#1517=ORIENTED_EDGE('',*,*,#1512,.T.) ;
#1538=ORIENTED_EDGE('',*,*,#1531,.T.) ;
#1539=ORIENTED_EDGE('',*,*,#1512,.F.) ;
#1540=ORIENTED_EDGE('',*,*,#505,.F.) ;
#1541=ORIENTED_EDGE('',*,*,#1536,.T.) ;
#1562=ORIENTED_EDGE('',*,*,#1555,.T.) ;
#1563=ORIENTED_EDGE('',*,*,#1536,.F.) ;
#1564=ORIENTED_EDGE('',*,*,#498,.F.) ;
#1565=ORIENTED_EDGE('',*,*,#1560,.T.) ;
#1586=ORIENTED_EDGE('',*,*,#1579,.T.) ;
#1587=ORIENTED_EDGE('',*,*,#1560,.F.) ;
#1588=ORIENTED_EDGE('',*,*,#491,.F.) ;
#1589=ORIENTED_EDGE('',*,*,#1584,.T.) ;
#1610=ORIENTED_EDGE('',*,*,#1603,.T.) ;
#1611=ORIENTED_EDGE('',*,*,#1584,.F.) ;
#1612=ORIENTED_EDGE('',*,*,#484,.F.) ;
#1613=ORIENTED_EDGE('',*,*,#1608,.T.) ;
#1634=ORIENTED_EDGE('',*,*,#1627,.T.) ;
#1635=ORIENTED_EDGE('',*,*,#1608,.F.) ;
#1636=ORIENTED_EDGE('',*,*,#477,.F.) ;
#1637=ORIENTED_EDGE('',*,*,#1632,.T.) ;
#1658=ORIENTED_EDGE('',*,*,#1651,.T.) ;
#1659=ORIENTED_EDGE('',*,*,#1632,.F.) ;
#1660=ORIENTED_EDGE('',*,*,#470,.F.) ;
#1661=ORIENTED_EDGE('',*,*,#1656,.T.) ;
#1682=ORIENTED_EDGE('',*,*,#1675,.T.) ;
#1683=ORIENTED_EDGE('',*,*,#1656,.F.) ;
#1684=ORIENTED_EDGE('',*,*,#463,.F.) ;
#1685=ORIENTED_EDGE('',*,*,#1680,.T.) ;
#1706=ORIENTED_EDGE('',*,*,#1699,.T.) ;
#1707=ORIENTED_EDGE('',*,*,#1680,.F.) ;
#1708=ORIENTED_EDGE('',*,*,#456,.F.) ;
#1709=ORIENTED_EDGE('',*,*,#1704,.T.) ;
#1725=ORIENTED_EDGE('',*,*,#1718,.T.) ;
#1726=ORIENTED_EDGE('',*,*,#1704,.F.) ;
#1727=ORIENTED_EDGE('',*,*,#449,.F.) ;
#1728=ORIENTED_EDGE('',*,*,#1723,.T.) ;
#1749=ORIENTED_EDGE('',*,*,#1742,.T.) ;
#1750=ORIENTED_EDGE('',*,*,#1723,.F.) ;
#1751=ORIENTED_EDGE('',*,*,#442,.F.) ;
#1752=ORIENTED_EDGE('',*,*,#1747,.T.) ;
#1773=ORIENTED_EDGE('',*,*,#1766,.T.) ;
#1774=ORIENTED_EDGE('',*,*,#1747,.F.) ;
#1775=ORIENTED_EDGE('',*,*,#435,.F.) ;
#1776=ORIENTED_EDGE('',*,*,#1771,.T.) ;
#1797=ORIENTED_EDGE('',*,*,#1790,.T.) ;
#1798=ORIENTED_EDGE('',*,*,#1771,.F.) ;
#1799=ORIENTED_EDGE('',*,*,#428,.F.) ;
#1800=ORIENTED_EDGE('',*,*,#1795,.T.) ;
#1816=ORIENTED_EDGE('',*,*,#1809,.T.) ;
#1817=ORIENTED_EDGE('',*,*,#1795,.F.) ;
#1818=ORIENTED_EDGE('',*,*,#421,.F.) ;
#1819=ORIENTED_EDGE('',*,*,#1814,.T.) ;
#1840=ORIENTED_EDGE('',*,*,#1833,.T.) ;
#1841=ORIENTED_EDGE('',*,*,#1814,.F.) ;
#1842=ORIENTED_EDGE('',*,*,#414,.F.) ;
#1843=ORIENTED_EDGE('',*,*,#1838,.T.) ;
#1857=ORIENTED_EDGE('',*,*,#1855,.T.) ;
#1858=ORIENTED_EDGE('',*,*,#1838,.F.) ;
#1859=ORIENTED_EDGE('',*,*,#407,.F.) ;
#1860=ORIENTED_EDGE('',*,*,#1507,.T.) ;
#1888=ORIENTED_EDGE('',*,*,#1876,.T.) ;
#1889=ORIENTED_EDGE('',*,*,#1881,.F.) ;
#1890=ORIENTED_EDGE('',*,*,#542,.F.) ;
#1891=ORIENTED_EDGE('',*,*,#1886,.T.) ;
#1900=ORIENTED_EDGE('',*,*,#1898,.T.) ;
#1901=ORIENTED_EDGE('',*,*,#1886,.F.) ;
#1902=ORIENTED_EDGE('',*,*,#537,.F.) ;
#1903=ORIENTED_EDGE('',*,*,#1881,.T.) ;
#1931=ORIENTED_EDGE('',*,*,#1919,.T.) ;
#1932=ORIENTED_EDGE('',*,*,#1924,.F.) ;
#1933=ORIENTED_EDGE('',*,*,#560,.F.) ;
#1934=ORIENTED_EDGE('',*,*,#1929,.T.) ;
#1943=ORIENTED_EDGE('',*,*,#1941,.T.) ;
#1944=ORIENTED_EDGE('',*,*,#1929,.F.) ;
#1945=ORIENTED_EDGE('',*,*,#555,.F.) ;
#1946=ORIENTED_EDGE('',*,*,#1924,.T.) ;
#1974=ORIENTED_EDGE('',*,*,#1962,.T.) ;
#1975=ORIENTED_EDGE('',*,*,#1967,.F.) ;
#1976=ORIENTED_EDGE('',*,*,#578,.F.) ;
#1977=ORIENTED_EDGE('',*,*,#1972,.T.) ;
#1986=ORIENTED_EDGE('',*,*,#1984,.T.) ;
#1987=ORIENTED_EDGE('',*,*,#1972,.F.) ;
#1988=ORIENTED_EDGE('',*,*,#573,.F.) ;
#1989=ORIENTED_EDGE('',*,*,#1967,.T.) ;
#2017=ORIENTED_EDGE('',*,*,#2005,.T.) ;
#2018=ORIENTED_EDGE('',*,*,#2010,.F.) ;
#2019=ORIENTED_EDGE('',*,*,#596,.F.) ;
#2020=ORIENTED_EDGE('',*,*,#2015,.T.) ;
#2029=ORIENTED_EDGE('',*,*,#2027,.T.) ;
#2030=ORIENTED_EDGE('',*,*,#2015,.F.) ;
#2031=ORIENTED_EDGE('',*,*,#591,.F.) ;
#2032=ORIENTED_EDGE('',*,*,#2010,.T.) ;
#2060=ORIENTED_EDGE('',*,*,#2048,.T.) ;
#2061=ORIENTED_EDGE('',*,*,#2053,.F.) ;
#2062=ORIENTED_EDGE('',*,*,#651,.F.) ;
#2063=ORIENTED_EDGE('',*,*,#2058,.T.) ;
#2091=ORIENTED_EDGE('',*,*,#2079,.T.) ;
#2092=ORIENTED_EDGE('',*,*,#2084,.F.) ;
#2093=ORIENTED_EDGE('',*,*,#691,.F.) ;
#2094=ORIENTED_EDGE('',*,*,#2089,.T.) ;
#2122=ORIENTED_EDGE('',*,*,#2110,.T.) ;
#2123=ORIENTED_EDGE('',*,*,#2115,.F.) ;
#2124=ORIENTED_EDGE('',*,*,#731,.F.) ;
#2125=ORIENTED_EDGE('',*,*,#2120,.T.) ;
#2148=ORIENTED_EDGE('',*,*,#2141,.T.) ;
#2149=ORIENTED_EDGE('',*,*,#2146,.T.) ;
#2152=ORIENTED_EDGE('',*,*,#2005,.F.) ;
#2153=ORIENTED_EDGE('',*,*,#2027,.F.) ;
#2181=ORIENTED_EDGE('',*,*,#2141,.F.) ;
#2182=ORIENTED_EDGE('',*,*,#2167,.T.) ;
#2183=ORIENTED_EDGE('',*,*,#2174,.T.) ;
#2184=ORIENTED_EDGE('',*,*,#2179,.F.) ;
#2193=ORIENTED_EDGE('',*,*,#2146,.F.) ;
#2194=ORIENTED_EDGE('',*,*,#2179,.T.) ;
#2195=ORIENTED_EDGE('',*,*,#2191,.T.) ;
#2196=ORIENTED_EDGE('',*,*,#2167,.F.) ;
#2222=ORIENTED_EDGE('',*,*,#2208,.T.) ;
#2223=ORIENTED_EDGE('',*,*,#2215,.T.) ;
#2224=ORIENTED_EDGE('',*,*,#2220,.F.) ;
#2225=ORIENTED_EDGE('',*,*,#2110,.F.) ;
#2239=ORIENTED_EDGE('',*,*,#738,.T.) ;
#2240=ORIENTED_EDGE('',*,*,#2115,.T.) ;
#2241=ORIENTED_EDGE('',*,*,#2220,.T.) ;
#2242=ORIENTED_EDGE('',*,*,#2237,.T.) ;
#2245=ORIENTED_EDGE('',*,*,#1919,.F.) ;
#2246=ORIENTED_EDGE('',*,*,#1941,.F.) ;
#2274=ORIENTED_EDGE('',*,*,#2260,.T.) ;
#2275=ORIENTED_EDGE('',*,*,#2267,.T.) ;
#2276=ORIENTED_EDGE('',*,*,#2272,.F.) ;
#2277=ORIENTED_EDGE('',*,*,#2079,.F.) ;
#2286=ORIENTED_EDGE('',*,*,#698,.T.) ;
#2287=ORIENTED_EDGE('',*,*,#2084,.T.) ;
#2288=ORIENTED_EDGE('',*,*,#2272,.T.) ;
#2289=ORIENTED_EDGE('',*,*,#2284,.T.) ;
#2292=ORIENTED_EDGE('',*,*,#1962,.F.) ;
#2293=ORIENTED_EDGE('',*,*,#1984,.F.) ;
#2319=ORIENTED_EDGE('',*,*,#2305,.T.) ;
#2320=ORIENTED_EDGE('',*,*,#2260,.F.) ;
#2321=ORIENTED_EDGE('',*,*,#2089,.F.) ;
#2322=ORIENTED_EDGE('',*,*,#684,.F.) ;
#2323=ORIENTED_EDGE('',*,*,#2312,.T.) ;
#2324=ORIENTED_EDGE('',*,*,#2317,.F.) ;
#2325=ORIENTED_EDGE('',*,*,#2058,.F.) ;
#2326=ORIENTED_EDGE('',*,*,#644,.F.) ;
#2327=ORIENTED_EDGE('',*,*,#625,.T.) ;
#2328=ORIENTED_EDGE('',*,*,#2208,.F.) ;
#2329=ORIENTED_EDGE('',*,*,#2120,.F.) ;
#2330=ORIENTED_EDGE('',*,*,#724,.F.) ;
#2333=ORIENTED_EDGE('',*,*,#2191,.F.) ;
#2334=ORIENTED_EDGE('',*,*,#2174,.F.) ;
#2337=ORIENTED_EDGE('',*,*,#841,.F.) ;
#2338=ORIENTED_EDGE('',*,*,#865,.F.) ;
#2339=ORIENTED_EDGE('',*,*,#884,.F.) ;
#2340=ORIENTED_EDGE('',*,*,#908,.F.) ;
#2341=ORIENTED_EDGE('',*,*,#932,.F.) ;
#2342=ORIENTED_EDGE('',*,*,#956,.F.) ;
#2343=ORIENTED_EDGE('',*,*,#980,.F.) ;
#2344=ORIENTED_EDGE('',*,*,#1004,.F.) ;
#2345=ORIENTED_EDGE('',*,*,#1028,.F.) ;
#2346=ORIENTED_EDGE('',*,*,#1052,.F.) ;
#2347=ORIENTED_EDGE('',*,*,#1071,.F.) ;
#2348=ORIENTED_EDGE('',*,*,#1095,.F.) ;
#2349=ORIENTED_EDGE('',*,*,#1117,.F.) ;
#2350=ORIENTED_EDGE('',*,*,#764,.F.) ;
#2351=ORIENTED_EDGE('',*,*,#793,.F.) ;
#2352=ORIENTED_EDGE('',*,*,#817,.F.) ;
#2355=ORIENTED_EDGE('',*,*,#1210,.F.) ;
#2356=ORIENTED_EDGE('',*,*,#1234,.F.) ;
#2357=ORIENTED_EDGE('',*,*,#1258,.F.) ;
#2358=ORIENTED_EDGE('',*,*,#1277,.F.) ;
#2359=ORIENTED_EDGE('',*,*,#1301,.F.) ;
#2360=ORIENTED_EDGE('',*,*,#1325,.F.) ;
#2361=ORIENTED_EDGE('',*,*,#1349,.F.) ;
#2362=ORIENTED_EDGE('',*,*,#1368,.F.) ;
#2363=ORIENTED_EDGE('',*,*,#1392,.F.) ;
#2364=ORIENTED_EDGE('',*,*,#1416,.F.) ;
#2365=ORIENTED_EDGE('',*,*,#1440,.F.) ;
#2366=ORIENTED_EDGE('',*,*,#1459,.F.) ;
#2367=ORIENTED_EDGE('',*,*,#1481,.F.) ;
#2368=ORIENTED_EDGE('',*,*,#1138,.F.) ;
#2369=ORIENTED_EDGE('',*,*,#1167,.F.) ;
#2370=ORIENTED_EDGE('',*,*,#1186,.F.) ;
#2373=ORIENTED_EDGE('',*,*,#1579,.F.) ;
#2374=ORIENTED_EDGE('',*,*,#1603,.F.) ;
#2375=ORIENTED_EDGE('',*,*,#1627,.F.) ;
#2376=ORIENTED_EDGE('',*,*,#1651,.F.) ;
#2377=ORIENTED_EDGE('',*,*,#1675,.F.) ;
#2378=ORIENTED_EDGE('',*,*,#1699,.F.) ;
#2379=ORIENTED_EDGE('',*,*,#1718,.F.) ;
#2380=ORIENTED_EDGE('',*,*,#1742,.F.) ;
#2381=ORIENTED_EDGE('',*,*,#1766,.F.) ;
#2382=ORIENTED_EDGE('',*,*,#1790,.F.) ;
#2383=ORIENTED_EDGE('',*,*,#1809,.F.) ;
#2384=ORIENTED_EDGE('',*,*,#1833,.F.) ;
#2385=ORIENTED_EDGE('',*,*,#1855,.F.) ;
#2386=ORIENTED_EDGE('',*,*,#1502,.F.) ;
#2387=ORIENTED_EDGE('',*,*,#1531,.F.) ;
#2388=ORIENTED_EDGE('',*,*,#1555,.F.) ;
#2409=ORIENTED_EDGE('',*,*,#2317,.T.) ;
#2410=ORIENTED_EDGE('',*,*,#2402,.T.) ;
#2411=ORIENTED_EDGE('',*,*,#2407,.F.) ;
#2412=ORIENTED_EDGE('',*,*,#2048,.F.) ;
#2421=ORIENTED_EDGE('',*,*,#2419,.T.) ;
#2422=ORIENTED_EDGE('',*,*,#658,.T.) ;
#2423=ORIENTED_EDGE('',*,*,#2053,.T.) ;
#2424=ORIENTED_EDGE('',*,*,#2407,.T.) ;
#2427=ORIENTED_EDGE('',*,*,#1876,.F.) ;
#2428=ORIENTED_EDGE('',*,*,#1898,.F.) ;
#2470=ORIENTED_EDGE('',*,*,#2453,.F.) ;
#2471=ORIENTED_EDGE('',*,*,#2458,.F.) ;
#2472=ORIENTED_EDGE('',*,*,#2463,.T.) ;
#2473=ORIENTED_EDGE('',*,*,#2468,.T.) ;
#2491=ORIENTED_EDGE('',*,*,#2489,.F.) ;
#2492=ORIENTED_EDGE('',*,*,#2468,.F.) ;
#2493=ORIENTED_EDGE('',*,*,#72,.T.) ;
#2494=ORIENTED_EDGE('',*,*,#2458,.T.) ;
#2498=ORIENTED_EDGE('',*,*,#77,.T.) ;
#2499=ORIENTED_EDGE('',*,*,#2463,.F.) ;
#2500=ORIENTED_EDGE('',*,*,#65,.F.) ;
#2509=ORIENTED_EDGE('',*,*,#125,.T.) ;
#2510=ORIENTED_EDGE('',*,*,#118,.T.) ;
#2511=ORIENTED_EDGE('',*,*,#111,.T.) ;
#2512=ORIENTED_EDGE('',*,*,#104,.T.) ;
#2513=ORIENTED_EDGE('',*,*,#613,.T.) ;
#2514=ORIENTED_EDGE('',*,*,#663,.T.) ;
#2515=ORIENTED_EDGE('',*,*,#2419,.F.) ;
#2516=ORIENTED_EDGE('',*,*,#2402,.F.) ;
#2517=ORIENTED_EDGE('',*,*,#2312,.F.) ;
#2518=ORIENTED_EDGE('',*,*,#703,.T.) ;
#2519=ORIENTED_EDGE('',*,*,#2284,.F.) ;
#2520=ORIENTED_EDGE('',*,*,#2267,.F.) ;
#2521=ORIENTED_EDGE('',*,*,#2305,.F.) ;
#2522=ORIENTED_EDGE('',*,*,#743,.T.) ;
#2523=ORIENTED_EDGE('',*,*,#2237,.F.) ;
#2524=ORIENTED_EDGE('',*,*,#2215,.F.) ;
#2525=ORIENTED_EDGE('',*,*,#620,.F.) ;
#2526=ORIENTED_EDGE('',*,*,#130,.T.) ;
#2529=ORIENTED_EDGE('',*,*,#2453,.T.) ;
#2530=ORIENTED_EDGE('',*,*,#2489,.T.) ;
#2565=ORIENTED_EDGE('',*,*,#2549,.T.) ;
#2566=ORIENTED_EDGE('',*,*,#2563,.T.) ;
#2601=ORIENTED_EDGE('',*,*,#2585,.T.) ;
#2602=ORIENTED_EDGE('',*,*,#2599,.T.) ;
#2632=ORIENTED_EDGE('',*,*,#2618,.T.) ;
#2633=ORIENTED_EDGE('',*,*,#2625,.F.) ;
#2634=ORIENTED_EDGE('',*,*,#2630,.F.) ;
#2643=ORIENTED_EDGE('',*,*,#2630,.T.) ;
#2644=ORIENTED_EDGE('',*,*,#2641,.F.) ;
#2645=ORIENTED_EDGE('',*,*,#2618,.F.) ;
#2664=ORIENTED_EDGE('',*,*,#2599,.F.) ;
#2665=ORIENTED_EDGE('',*,*,#2657,.F.) ;
#2666=ORIENTED_EDGE('',*,*,#2625,.T.) ;
#2667=ORIENTED_EDGE('',*,*,#2662,.T.) ;
#2671=ORIENTED_EDGE('',*,*,#2585,.F.) ;
#2672=ORIENTED_EDGE('',*,*,#2662,.F.) ;
#2673=ORIENTED_EDGE('',*,*,#2641,.T.) ;
#2674=ORIENTED_EDGE('',*,*,#2657,.T.) ;
#2704=ORIENTED_EDGE('',*,*,#2690,.T.) ;
#2705=ORIENTED_EDGE('',*,*,#2697,.F.) ;
#2706=ORIENTED_EDGE('',*,*,#2702,.F.) ;
#2715=ORIENTED_EDGE('',*,*,#2702,.T.) ;
#2716=ORIENTED_EDGE('',*,*,#2713,.F.) ;
#2717=ORIENTED_EDGE('',*,*,#2690,.F.) ;
#2736=ORIENTED_EDGE('',*,*,#2563,.F.) ;
#2737=ORIENTED_EDGE('',*,*,#2729,.F.) ;
#2738=ORIENTED_EDGE('',*,*,#2697,.T.) ;
#2739=ORIENTED_EDGE('',*,*,#2734,.T.) ;
#2743=ORIENTED_EDGE('',*,*,#2549,.F.) ;
#2744=ORIENTED_EDGE('',*,*,#2734,.F.) ;
#2745=ORIENTED_EDGE('',*,*,#2713,.T.) ;
#2746=ORIENTED_EDGE('',*,*,#2729,.T.) ;
#268=FACE_BOUND('',#251,.T.) ;
#398=FACE_BOUND('',#381,.T.) ;
#528=FACE_BOUND('',#511,.T.) ;
#546=FACE_BOUND('',#543,.T.) ;
#564=FACE_BOUND('',#561,.T.) ;
#582=FACE_BOUND('',#579,.T.) ;
#600=FACE_BOUND('',#597,.T.) ;
#2154=FACE_BOUND('',#2151,.T.) ;
#2247=FACE_BOUND('',#2244,.T.) ;
#2294=FACE_BOUND('',#2291,.T.) ;
#2335=FACE_BOUND('',#2332,.T.) ;
#2353=FACE_BOUND('',#2336,.T.) ;
#2371=FACE_BOUND('',#2354,.T.) ;
#2389=FACE_BOUND('',#2372,.T.) ;
#2429=FACE_BOUND('',#2426,.T.) ;
#2531=FACE_BOUND('',#2528,.T.) ;
#2567=FACE_BOUND('',#2564,.T.) ;
#2603=FACE_BOUND('',#2600,.T.) ;
#51=CLOSED_SHELL('Closed Shell',(#83,#601,#632,#670,#710,#750,#781,#805,#829,#853,#877,#896,#920,#944,#968,#992,#1016,#1040,#1064,#1083,#1107,#1124,#1155,#1179,#1198,#1222,#1246,#1270,#1289,#1313,#1337,#1361,#1380,#1404,#1428,#1452,#1471,#1488,#1519,#1543,#1567,#1591,#1615,#1639,#1663,#1687,#1711,#1730,#1754,#1778,#1802,#1821,#1845,#1862,#1893,#1905,#1936,#1948,#1979,#1991,#2022,#2034,#2065,#2096,#2127,#2155,#2186,#2198,#2227,#2248,#2279,#2295,#2390,#2414,#2430,#2475,#2496,#2502,#2604,#2636,#2647,#2669,#2676,#2708,#2719,#2741,#2748)) ;
#59=VECTOR('Line Direction',#58,1.) ;
#75=VECTOR('Line Direction',#74,1.) ;
#141=VECTOR('Line Direction',#140,1.) ;
#199=VECTOR('Line Direction',#198,1.) ;
#294=VECTOR('Line Direction',#293,1.) ;
#350=VECTOR('Line Direction',#349,1.) ;
#431=VECTOR('Line Direction',#430,1.) ;
#487=VECTOR('Line Direction',#486,1.) ;
#609=VECTOR('Line Direction',#608,1.) ;
#616=VECTOR('Line Direction',#615,1.) ;
#640=VECTOR('Line Direction',#639,1.) ;
#647=VECTOR('Line Direction',#646,1.) ;
#654=VECTOR('Line Direction',#653,1.) ;
#661=VECTOR('Line Direction',#660,1.) ;
#678=VECTOR('Line Direction',#677,1.) ;
#687=VECTOR('Line Direction',#686,1.) ;
#694=VECTOR('Line Direction',#693,1.) ;
#701=VECTOR('Line Direction',#700,1.) ;
#718=VECTOR('Line Direction',#717,1.) ;
#727=VECTOR('Line Direction',#726,1.) ;
#734=VECTOR('Line Direction',#733,1.) ;
#741=VECTOR('Line Direction',#740,1.) ;
#767=VECTOR('Line Direction',#766,1.) ;
#772=VECTOR('Line Direction',#771,1.) ;
#796=VECTOR('Line Direction',#795,1.) ;
#820=VECTOR('Line Direction',#819,1.) ;
#844=VECTOR('Line Direction',#843,1.) ;
#868=VECTOR('Line Direction',#867,1.) ;
#887=VECTOR('Line Direction',#886,1.) ;
#911=VECTOR('Line Direction',#910,1.) ;
#928=VECTOR('Line Direction',#927,1.) ;
#935=VECTOR('Line Direction',#934,1.) ;
#959=VECTOR('Line Direction',#958,1.) ;
#983=VECTOR('Line Direction',#982,1.) ;
#1007=VECTOR('Line Direction',#1006,1.) ;
#1031=VECTOR('Line Direction',#1030,1.) ;
#1055=VECTOR('Line Direction',#1054,1.) ;
#1074=VECTOR('Line Direction',#1073,1.) ;
#1098=VECTOR('Line Direction',#1097,1.) ;
#1115=VECTOR('Line Direction',#1114,1.) ;
#1141=VECTOR('Line Direction',#1140,1.) ;
#1146=VECTOR('Line Direction',#1145,1.) ;
#1170=VECTOR('Line Direction',#1169,1.) ;
#1189=VECTOR('Line Direction',#1188,1.) ;
#1213=VECTOR('Line Direction',#1212,1.) ;
#1230=VECTOR('Line Direction',#1229,1.) ;
#1237=VECTOR('Line Direction',#1236,1.) ;
#1261=VECTOR('Line Direction',#1260,1.) ;
#1280=VECTOR('Line Direction',#1279,1.) ;
#1304=VECTOR('Line Direction',#1303,1.) ;
#1328=VECTOR('Line Direction',#1327,1.) ;
#1352=VECTOR('Line Direction',#1351,1.) ;
#1371=VECTOR('Line Direction',#1370,1.) ;
#1395=VECTOR('Line Direction',#1394,1.) ;
#1412=VECTOR('Line Direction',#1411,1.) ;
#1419=VECTOR('Line Direction',#1418,1.) ;
#1443=VECTOR('Line Direction',#1442,1.) ;
#1462=VECTOR('Line Direction',#1461,1.) ;
#1505=VECTOR('Line Direction',#1504,1.) ;
#1510=VECTOR('Line Direction',#1509,1.) ;
#1534=VECTOR('Line Direction',#1533,1.) ;
#1558=VECTOR('Line Direction',#1557,1.) ;
#1575=VECTOR('Line Direction',#1574,1.) ;
#1582=VECTOR('Line Direction',#1581,1.) ;
#1606=VECTOR('Line Direction',#1605,1.) ;
#1630=VECTOR('Line Direction',#1629,1.) ;
#1654=VECTOR('Line Direction',#1653,1.) ;
#1678=VECTOR('Line Direction',#1677,1.) ;
#1702=VECTOR('Line Direction',#1701,1.) ;
#1721=VECTOR('Line Direction',#1720,1.) ;
#1745=VECTOR('Line Direction',#1744,1.) ;
#1762=VECTOR('Line Direction',#1761,1.) ;
#1769=VECTOR('Line Direction',#1768,1.) ;
#1793=VECTOR('Line Direction',#1792,1.) ;
#1812=VECTOR('Line Direction',#1811,1.) ;
#1836=VECTOR('Line Direction',#1835,1.) ;
#1879=VECTOR('Line Direction',#1878,1.) ;
#1884=VECTOR('Line Direction',#1883,1.) ;
#1922=VECTOR('Line Direction',#1921,1.) ;
#1927=VECTOR('Line Direction',#1926,1.) ;
#1965=VECTOR('Line Direction',#1964,1.) ;
#1970=VECTOR('Line Direction',#1969,1.) ;
#2008=VECTOR('Line Direction',#2007,1.) ;
#2013=VECTOR('Line Direction',#2012,1.) ;
#2042=VECTOR('Line Direction',#2041,1.) ;
#2073=VECTOR('Line Direction',#2072,1.) ;
#2104=VECTOR('Line Direction',#2103,1.) ;
#2163=VECTOR('Line Direction',#2162,1.) ;
#2177=VECTOR('Line Direction',#2176,1.) ;
#2206=VECTOR('Line Direction',#2205,1.) ;
#2211=VECTOR('Line Direction',#2210,1.) ;
#2218=VECTOR('Line Direction',#2217,1.) ;
#2256=VECTOR('Line Direction',#2255,1.) ;
#2263=VECTOR('Line Direction',#2262,1.) ;
#2270=VECTOR('Line Direction',#2269,1.) ;
#2315=VECTOR('Line Direction',#2314,1.) ;
#2398=VECTOR('Line Direction',#2397,1.) ;
#2405=VECTOR('Line Direction',#2404,1.) ;
#2456=VECTOR('Line Direction',#2455,1.) ;
#2466=VECTOR('Line Direction',#2465,1.) ;
#2612=VECTOR('Line Direction',#2611,1.) ;
#2628=VECTOR('Line Direction',#2627,1.) ;
#2655=VECTOR('Line Direction',#2654,1.) ;
#2660=VECTOR('Line Direction',#2659,1.) ;
#2684=VECTOR('Line Direction',#2683,1.) ;
#2700=VECTOR('Line Direction',#2699,1.) ;
#2727=VECTOR('Line Direction',#2726,1.) ;
#2732=VECTOR('Line Direction',#2731,1.) ;
#2750=ADVANCED_BREP_SHAPE_REPRESENTATION('NONE',(#2749),#46) ;
#49=SHAPE_REPRESENTATION(' ',(#48),#46) ;
#83=ADVANCED_FACE('PartBody',(#82),#56,.F.) ;
#601=ADVANCED_FACE('PartBody',(#138,#268,#398,#528,#546,#564,#582,#600),#88,.F.) ;
#632=ADVANCED_FACE('PartBody',(#631),#606,.T.) ;
#670=ADVANCED_FACE('PartBody',(#669),#637,.F.) ;
#710=ADVANCED_FACE('PartBody',(#709),#675,.F.) ;
#750=ADVANCED_FACE('PartBody',(#749),#715,.F.) ;
#781=ADVANCED_FACE('PartBody',(#780),#755,.F.) ;
#805=ADVANCED_FACE('PartBody',(#804),#786,.T.) ;
#829=ADVANCED_FACE('PartBody',(#828),#810,.T.) ;
#853=ADVANCED_FACE('PartBody',(#852),#834,.F.) ;
#877=ADVANCED_FACE('PartBody',(#876),#858,.T.) ;
#896=ADVANCED_FACE('PartBody',(#895),#786,.T.) ;
#920=ADVANCED_FACE('PartBody',(#919),#901,.F.) ;
#944=ADVANCED_FACE('PartBody',(#943),#925,.F.) ;
#968=ADVANCED_FACE('PartBody',(#967),#949,.F.) ;
#992=ADVANCED_FACE('PartBody',(#991),#973,.F.) ;
#1016=ADVANCED_FACE('PartBody',(#1015),#997,.T.) ;
#1040=ADVANCED_FACE('PartBody',(#1039),#1021,.F.) ;
#1064=ADVANCED_FACE('PartBody',(#1063),#1045,.T.) ;
#1083=ADVANCED_FACE('PartBody',(#1082),#973,.F.) ;
#1107=ADVANCED_FACE('PartBody',(#1106),#1088,.F.) ;
#1124=ADVANCED_FACE('PartBody',(#1123),#1112,.T.) ;
#1155=ADVANCED_FACE('PartBody',(#1154),#1129,.F.) ;
#1179=ADVANCED_FACE('PartBody',(#1178),#1160,.T.) ;
#1198=ADVANCED_FACE('PartBody',(#1197),#786,.T.) ;
#1222=ADVANCED_FACE('PartBody',(#1221),#1203,.F.) ;
#1246=ADVANCED_FACE('PartBody',(#1245),#1227,.F.) ;
#1270=ADVANCED_FACE('PartBody',(#1269),#1251,.F.) ;
#1289=ADVANCED_FACE('PartBody',(#1288),#973,.F.) ;
#1313=ADVANCED_FACE('PartBody',(#1312),#1294,.T.) ;
#1337=ADVANCED_FACE('PartBody',(#1336),#1318,.F.) ;
#1361=ADVANCED_FACE('PartBody',(#1360),#1342,.T.) ;
#1380=ADVANCED_FACE('PartBody',(#1379),#973,.F.) ;
#1404=ADVANCED_FACE('PartBody',(#1403),#1385,.F.) ;
#1428=ADVANCED_FACE('PartBody',(#1427),#1409,.T.) ;
#1452=ADVANCED_FACE('PartBody',(#1451),#1433,.F.) ;
#1471=ADVANCED_FACE('PartBody',(#1470),#786,.T.) ;
#1488=ADVANCED_FACE('PartBody',(#1487),#1476,.T.) ;
#1519=ADVANCED_FACE('PartBody',(#1518),#1493,.T.) ;
#1543=ADVANCED_FACE('PartBody',(#1542),#1524,.F.) ;
#1567=ADVANCED_FACE('PartBody',(#1566),#1548,.F.) ;
#1591=ADVANCED_FACE('PartBody',(#1590),#1572,.T.) ;
#1615=ADVANCED_FACE('PartBody',(#1614),#1596,.F.) ;
#1639=ADVANCED_FACE('PartBody',(#1638),#1620,.T.) ;
#1663=ADVANCED_FACE('PartBody',(#1662),#1644,.T.) ;
#1687=ADVANCED_FACE('PartBody',(#1686),#1668,.F.) ;
#1711=ADVANCED_FACE('PartBody',(#1710),#1692,.T.) ;
#1730=ADVANCED_FACE('PartBody',(#1729),#1620,.T.) ;
#1754=ADVANCED_FACE('PartBody',(#1753),#1735,.F.) ;
#1778=ADVANCED_FACE('PartBody',(#1777),#1759,.F.) ;
#1802=ADVANCED_FACE('PartBody',(#1801),#1783,.F.) ;
#1821=ADVANCED_FACE('PartBody',(#1820),#1524,.F.) ;
#1845=ADVANCED_FACE('PartBody',(#1844),#1826,.T.) ;
#1862=ADVANCED_FACE('PartBody',(#1861),#1850,.F.) ;
#1893=ADVANCED_FACE('PartBody',(#1892),#1867,.F.) ;
#1905=ADVANCED_FACE('PartBody',(#1904),#1867,.F.) ;
#1936=ADVANCED_FACE('PartBody',(#1935),#1910,.F.) ;
#1948=ADVANCED_FACE('PartBody',(#1947),#1910,.F.) ;
#1979=ADVANCED_FACE('PartBody',(#1978),#1953,.F.) ;
#1991=ADVANCED_FACE('PartBody',(#1990),#1953,.F.) ;
#2022=ADVANCED_FACE('PartBody',(#2021),#1996,.F.) ;
#2034=ADVANCED_FACE('PartBody',(#2033),#1996,.F.) ;
#2065=ADVANCED_FACE('PartBody',(#2064),#2039,.T.) ;
#2096=ADVANCED_FACE('PartBody',(#2095),#2070,.T.) ;
#2127=ADVANCED_FACE('PartBody',(#2126),#2101,.T.) ;
#2155=ADVANCED_FACE('PartBody',(#2150,#2154),#2132,.T.) ;
#2186=ADVANCED_FACE('PartBody',(#2185),#2160,.F.) ;
#2198=ADVANCED_FACE('PartBody',(#2197),#2160,.F.) ;
#2227=ADVANCED_FACE('PartBody',(#2226),#2203,.F.) ;
#2248=ADVANCED_FACE('PartBody',(#2243,#2247),#2232,.T.) ;
#2279=ADVANCED_FACE('PartBody',(#2278),#2253,.F.) ;
#2295=ADVANCED_FACE('PartBody',(#2290,#2294),#2232,.T.) ;
#2390=ADVANCED_FACE('PartBody',(#2331,#2335,#2353,#2371,#2389),#2300,.T.) ;
#2414=ADVANCED_FACE('PartBody',(#2413),#2395,.F.) ;
#2430=ADVANCED_FACE('PartBody',(#2425,#2429),#2232,.T.) ;
#2475=ADVANCED_FACE('PartBody',(#2474),#2435,.F.) ;
#2496=ADVANCED_FACE('PartBody',(#2495),#2435,.F.) ;
#2502=ADVANCED_FACE('PartBody',(#2501),#56,.F.) ;
#2604=ADVANCED_FACE('PartBody',(#2527,#2531,#2567,#2603),#2507,.T.) ;
#2636=ADVANCED_FACE('PartBody',(#2635),#2609,.F.) ;
#2647=ADVANCED_FACE('PartBody',(#2646),#2609,.F.) ;
#2669=ADVANCED_FACE('PartBody',(#2668),#2652,.F.) ;
#2676=ADVANCED_FACE('PartBody',(#2675),#2652,.F.) ;
#2708=ADVANCED_FACE('PartBody',(#2707),#2681,.F.) ;
#2719=ADVANCED_FACE('PartBody',(#2718),#2681,.F.) ;
#2741=ADVANCED_FACE('PartBody',(#2740),#2724,.F.) ;
#2748=ADVANCED_FACE('PartBody',(#2747),#2724,.F.) ;
#4=APPLICATION_PROTOCOL_DEFINITION('international standard','config_control_design',1994,#1) ;
#32=APPROVAL_DATE_TIME(#13,#21) ;
#2436=B_SPLINE_CURVE_WITH_KNOTS('',5,(#2437,#2438,#2439,#2440,#2441,#2442,#2443,#2444,#2445,#2446,#2447,#2448),.UNSPECIFIED.,.F.,.U.,(6,3,3,6),(0.,3.74036855969,5.61667979791,9.18417518598),.UNSPECIFIED.) ;
#2476=B_SPLINE_CURVE_WITH_KNOTS('',5,(#2477,#2478,#2479,#2480,#2481,#2482,#2483,#2484,#2485,#2486,#2487,#2488),.UNSPECIFIED.,.F.,.U.,(6,3,3,6),(0.,3.74036855976,5.61667979761,9.18417518485),.UNSPECIFIED.) ;
#2532=B_SPLINE_CURVE_WITH_KNOTS('',5,(#2533,#2534,#2535,#2536,#2537,#2538,#2539,#2540,#2541,#2542,#2543,#2544),.UNSPECIFIED.,.F.,.U.,(6,3,3,6),(0.,3.74036855969,5.61667979791,9.18417518598),.UNSPECIFIED.) ;
#2550=B_SPLINE_CURVE_WITH_KNOTS('',5,(#2551,#2552,#2553,#2554,#2555,#2556,#2557,#2558,#2559,#2560,#2561,#2562),.UNSPECIFIED.,.F.,.U.,(6,3,3,6),(0.,3.74036855976,5.61667979761,9.18417518485),.UNSPECIFIED.) ;
#2568=B_SPLINE_CURVE_WITH_KNOTS('',5,(#2569,#2570,#2571,#2572,#2573,#2574,#2575,#2576,#2577,#2578,#2579,#2580),.UNSPECIFIED.,.F.,.U.,(6,3,3,6),(0.,3.74036855969,5.61667979791,9.18417518598),.UNSPECIFIED.) ;
#2586=B_SPLINE_CURVE_WITH_KNOTS('',5,(#2587,#2588,#2589,#2590,#2591,#2592,#2593,#2594,#2595,#2596,#2597,#2598),.UNSPECIFIED.,.F.,.U.,(6,3,3,6),(0.,3.74036855976,5.61667979761,9.18417518485),.UNSPECIFIED.) ;
#2749=MANIFOLD_SOLID_BREP('PartBody',#51) ;
#11=CALENDAR_DATE(2026,23,3) ;
#30=CC_DESIGN_APPROVAL(#21,(#16,#6,#14)) ;
#18=CC_DESIGN_DATE_AND_TIME_ASSIGNMENT(#13,#17,(#16)) ;
#29=CC_DESIGN_DATE_AND_TIME_ASSIGNMENT(#13,#28,(#14)) ;
#17=DATE_TIME_ROLE('classification_date') ;
#28=DATE_TIME_ROLE('creation_date') ;
#27=CC_DESIGN_PERSON_AND_ORGANIZATION_ASSIGNMENT(#25,#26,(#16)) ;
#33=CC_DESIGN_PERSON_AND_ORGANIZATION_ASSIGNMENT(#25,#34,(#6)) ;
#35=CC_DESIGN_PERSON_AND_ORGANIZATION_ASSIGNMENT(#25,#36,(#6,#14)) ;
#37=CC_DESIGN_PERSON_AND_ORGANIZATION_ASSIGNMENT(#25,#38,(#5)) ;
#26=PERSON_AND_ORGANIZATION_ROLE('classification_officer') ;
#34=PERSON_AND_ORGANIZATION_ROLE('design_supplier') ;
#36=PERSON_AND_ORGANIZATION_ROLE('creator') ;
#38=PERSON_AND_ORGANIZATION_ROLE('design_owner') ;
#39=CC_DESIGN_SECURITY_CLASSIFICATION(#16,(#6)) ;
#69=CIRCLE('generated circle',#68,2.067) ;
#92=CIRCLE('generated circle',#91,49.9) ;
#101=CIRCLE('generated circle',#100,49.9) ;
#108=CIRCLE('generated circle',#107,49.9) ;
#115=CIRCLE('generated circle',#114,49.9) ;
#122=CIRCLE('generated circle',#121,49.9) ;
#129=CIRCLE('generated circle',#128,49.9) ;
#151=CIRCLE('generated circle',#150,2.) ;
#158=CIRCLE('generated circle',#157,42.5) ;
#165=CIRCLE('generated circle',#164,1.) ;
#172=CIRCLE('generated circle',#171,2.5) ;
#179=CIRCLE('generated circle',#178,1.) ;
#186=CIRCLE('generated circle',#185,42.5) ;
#193=CIRCLE('generated circle',#192,2.) ;
#207=CIRCLE('generated circle',#206,2.) ;
#214=CIRCLE('generated circle',#213,21.) ;
#221=CIRCLE('generated circle',#220,1.) ;
#228=CIRCLE('generated circle',#227,2.5) ;
#235=CIRCLE('generated circle',#234,1.) ;
#242=CIRCLE('generated circle',#241,21.) ;
#249=CIRCLE('generated circle',#248,2.) ;
#272=CIRCLE('generated circle',#271,1.) ;
#281=CIRCLE('generated circle',#280,21.) ;
#288=CIRCLE('generated circle',#287,2.) ;
#302=CIRCLE('generated circle',#301,2.) ;
#309=CIRCLE('generated circle',#308,42.5) ;
#316=CIRCLE('generated circle',#315,1.) ;
#323=CIRCLE('generated circle',#322,2.5) ;
#330=CIRCLE('generated circle',#329,1.) ;
#337=CIRCLE('generated circle',#336,42.5) ;
#344=CIRCLE('generated circle',#343,2.) ;
#358=CIRCLE('generated circle',#357,2.) ;
#365=CIRCLE('generated circle',#364,21.) ;
#372=CIRCLE('generated circle',#371,1.) ;
#379=CIRCLE('generated circle',#378,2.5) ;
#402=CIRCLE('generated circle',#401,2.5) ;
#411=CIRCLE('generated circle',#410,1.) ;
#418=CIRCLE('generated circle',#417,42.5) ;
#425=CIRCLE('generated circle',#424,2.) ;
#439=CIRCLE('generated circle',#438,2.) ;
#446=CIRCLE('generated circle',#445,21.) ;
#453=CIRCLE('generated circle',#452,1.) ;
#460=CIRCLE('generated circle',#459,2.5) ;
#467=CIRCLE('generated circle',#466,1.) ;
#474=CIRCLE('generated circle',#473,21.) ;
#481=CIRCLE('generated circle',#480,2.) ;
#495=CIRCLE('generated circle',#494,2.) ;
#502=CIRCLE('generated circle',#501,42.5) ;
#509=CIRCLE('generated circle',#508,1.) ;
#532=CIRCLE('generated circle',#531,2.5) ;
#541=CIRCLE('generated circle',#540,2.5) ;
#550=CIRCLE('generated circle',#549,2.5) ;
#559=CIRCLE('generated circle',#558,2.5) ;
#568=CIRCLE('generated circle',#567,2.5) ;
#577=CIRCLE('generated circle',#576,2.5) ;
#586=CIRCLE('generated circle',#585,14.2) ;
#595=CIRCLE('generated circle',#594,14.2) ;
#624=CIRCLE('generated circle',#623,49.9) ;
#759=CIRCLE('generated circle',#758,2.) ;
#790=CIRCLE('generated circle',#789,21.) ;
#814=CIRCLE('generated circle',#813,1.) ;
#838=CIRCLE('generated circle',#837,2.5) ;
#862=CIRCLE('generated circle',#861,1.) ;
#881=CIRCLE('generated circle',#880,21.) ;
#905=CIRCLE('generated circle',#904,2.) ;
#953=CIRCLE('generated circle',#952,2.) ;
#977=CIRCLE('generated circle',#976,42.5) ;
#1001=CIRCLE('generated circle',#1000,1.) ;
#1025=CIRCLE('generated circle',#1024,2.5) ;
#1049=CIRCLE('generated circle',#1048,1.) ;
#1068=CIRCLE('generated circle',#1067,42.5) ;
#1092=CIRCLE('generated circle',#1091,2.) ;
#1133=CIRCLE('generated circle',#1132,2.5) ;
#1164=CIRCLE('generated circle',#1163,1.) ;
#1183=CIRCLE('generated circle',#1182,21.) ;
#1207=CIRCLE('generated circle',#1206,2.) ;
#1255=CIRCLE('generated circle',#1254,2.) ;
#1274=CIRCLE('generated circle',#1273,42.5) ;
#1298=CIRCLE('generated circle',#1297,1.) ;
#1322=CIRCLE('generated circle',#1321,2.5) ;
#1346=CIRCLE('generated circle',#1345,1.) ;
#1365=CIRCLE('generated circle',#1364,42.5) ;
#1389=CIRCLE('generated circle',#1388,2.) ;
#1437=CIRCLE('generated circle',#1436,2.) ;
#1456=CIRCLE('generated circle',#1455,21.) ;
#1480=CIRCLE('generated circle',#1479,1.) ;
#1497=CIRCLE('generated circle',#1496,1.) ;
#1528=CIRCLE('generated circle',#1527,42.5) ;
#1552=CIRCLE('generated circle',#1551,2.) ;
#1600=CIRCLE('generated circle',#1599,2.) ;
#1624=CIRCLE('generated circle',#1623,21.) ;
#1648=CIRCLE('generated circle',#1647,1.) ;
#1672=CIRCLE('generated circle',#1671,2.5) ;
#1696=CIRCLE('generated circle',#1695,1.) ;
#1715=CIRCLE('generated circle',#1714,21.) ;
#1739=CIRCLE('generated circle',#1738,2.) ;
#1787=CIRCLE('generated circle',#1786,2.) ;
#1806=CIRCLE('generated circle',#1805,42.5) ;
#1830=CIRCLE('generated circle',#1829,1.) ;
#1854=CIRCLE('generated circle',#1853,2.5) ;
#1871=CIRCLE('generated circle',#1870,2.5) ;
#1897=CIRCLE('generated circle',#1896,2.5) ;
#1914=CIRCLE('generated circle',#1913,2.5) ;
#1940=CIRCLE('generated circle',#1939,2.5) ;
#1957=CIRCLE('generated circle',#1956,2.5) ;
#1983=CIRCLE('generated circle',#1982,2.5) ;
#2000=CIRCLE('generated circle',#1999,14.2) ;
#2026=CIRCLE('generated circle',#2025,14.2) ;
#2052=CIRCLE('generated circle',#2051,15.) ;
#2057=CIRCLE('generated circle',#2056,15.) ;
#2083=CIRCLE('generated circle',#2082,15.) ;
#2088=CIRCLE('generated circle',#2087,15.) ;
#2114=CIRCLE('generated circle',#2113,15.) ;
#2119=CIRCLE('generated circle',#2118,15.) ;
#2136=CIRCLE('generated circle',#2135,16.2) ;
#2145=CIRCLE('generated circle',#2144,16.2) ;
#2171=CIRCLE('generated circle',#2170,16.2) ;
#2190=CIRCLE('generated circle',#2189,16.2) ;
#2236=CIRCLE('generated circle',#2235,49.9) ;
#2283=CIRCLE('generated circle',#2282,49.9) ;
#2304=CIRCLE('generated circle',#2303,49.9) ;
#2309=CIRCLE('generated circle',#2308,49.9) ;
#2418=CIRCLE('generated circle',#2417,49.9) ;
#2462=CIRCLE('generated circle',#2461,2.067) ;
#2622=CIRCLE('generated circle',#2621,2.067) ;
#2640=CIRCLE('generated circle',#2639,2.067) ;
#2694=CIRCLE('generated circle',#2693,2.067) ;
#2712=CIRCLE('generated circle',#2711,2.067) ;
#56=CONICAL_SURFACE('Cone',#55,0.,1.0471975512) ;
#2609=CONICAL_SURFACE('Cone',#2608,0.,1.0471975512) ;
#2681=CONICAL_SURFACE('Cone',#2680,0.,1.0471975512) ;
#2751=SHAPE_REPRESENTATION_RELATIONSHIP(' ',' ',#49,#2750) ;
#606=CYLINDRICAL_SURFACE('generated cylinder',#605,49.9) ;
#755=CYLINDRICAL_SURFACE('generated cylinder',#754,2.) ;
#786=CYLINDRICAL_SURFACE('generated cylinder',#785,21.) ;
#810=CYLINDRICAL_SURFACE('generated cylinder',#809,1.) ;
#834=CYLINDRICAL_SURFACE('generated cylinder',#833,2.5) ;
#858=CYLINDRICAL_SURFACE('generated cylinder',#857,1.) ;
#901=CYLINDRICAL_SURFACE('generated cylinder',#900,2.) ;
#949=CYLINDRICAL_SURFACE('generated cylinder',#948,2.) ;
#973=CYLINDRICAL_SURFACE('generated cylinder',#972,42.5) ;
#997=CYLINDRICAL_SURFACE('generated cylinder',#996,1.) ;
#1021=CYLINDRICAL_SURFACE('generated cylinder',#1020,2.5) ;
#1045=CYLINDRICAL_SURFACE('generated cylinder',#1044,1.) ;
#1088=CYLINDRICAL_SURFACE('generated cylinder',#1087,2.) ;
#1129=CYLINDRICAL_SURFACE('generated cylinder',#1128,2.5) ;
#1160=CYLINDRICAL_SURFACE('generated cylinder',#1159,1.) ;
#1203=CYLINDRICAL_SURFACE('generated cylinder',#1202,2.) ;
#1251=CYLINDRICAL_SURFACE('generated cylinder',#1250,2.) ;
#1294=CYLINDRICAL_SURFACE('generated cylinder',#1293,1.) ;
#1318=CYLINDRICAL_SURFACE('generated cylinder',#1317,2.5) ;
#1342=CYLINDRICAL_SURFACE('generated cylinder',#1341,1.) ;
#1385=CYLINDRICAL_SURFACE('generated cylinder',#1384,2.) ;
#1433=CYLINDRICAL_SURFACE('generated cylinder',#1432,2.) ;
#1476=CYLINDRICAL_SURFACE('generated cylinder',#1475,1.) ;
#1493=CYLINDRICAL_SURFACE('generated cylinder',#1492,1.) ;
#1524=CYLINDRICAL_SURFACE('generated cylinder',#1523,42.5) ;
#1548=CYLINDRICAL_SURFACE('generated cylinder',#1547,2.) ;
#1596=CYLINDRICAL_SURFACE('generated cylinder',#1595,2.) ;
#1620=CYLINDRICAL_SURFACE('generated cylinder',#1619,21.) ;
#1644=CYLINDRICAL_SURFACE('generated cylinder',#1643,1.) ;
#1668=CYLINDRICAL_SURFACE('generated cylinder',#1667,2.5) ;
#1692=CYLINDRICAL_SURFACE('generated cylinder',#1691,1.) ;
#1735=CYLINDRICAL_SURFACE('generated cylinder',#1734,2.) ;
#1783=CYLINDRICAL_SURFACE('generated cylinder',#1782,2.) ;
#1826=CYLINDRICAL_SURFACE('generated cylinder',#1825,1.) ;
#1850=CYLINDRICAL_SURFACE('generated cylinder',#1849,2.5) ;
#1867=CYLINDRICAL_SURFACE('generated cylinder',#1866,2.5) ;
#1910=CYLINDRICAL_SURFACE('generated cylinder',#1909,2.5) ;
#1953=CYLINDRICAL_SURFACE('generated cylinder',#1952,2.5) ;
#1996=CYLINDRICAL_SURFACE('generated cylinder',#1995,14.2) ;
#2039=CYLINDRICAL_SURFACE('generated cylinder',#2038,15.) ;
#2070=CYLINDRICAL_SURFACE('generated cylinder',#2069,15.) ;
#2101=CYLINDRICAL_SURFACE('generated cylinder',#2100,15.) ;
#2160=CYLINDRICAL_SURFACE('generated cylinder',#2159,16.2) ;
#2435=CYLINDRICAL_SURFACE('generated cylinder',#2434,2.067) ;
#2507=CYLINDRICAL_SURFACE('generated cylinder',#2506,49.9) ;
#2652=CYLINDRICAL_SURFACE('generated cylinder',#2651,2.067) ;
#2724=CYLINDRICAL_SURFACE('generated cylinder',#2723,2.067) ;
#3=DESIGN_CONTEXT(' ',#1,'design') ;
#65=EDGE_CURVE('',#62,#64,#60,.T.) ;
#72=EDGE_CURVE('',#71,#64,#69,.F.) ;
#77=EDGE_CURVE('',#62,#71,#76,.T.) ;
#97=EDGE_CURVE('',#94,#96,#92,.T.) ;
#104=EDGE_CURVE('',#103,#94,#101,.T.) ;
#111=EDGE_CURVE('',#110,#103,#108,.T.) ;
#118=EDGE_CURVE('',#117,#110,#115,.T.) ;
#125=EDGE_CURVE('',#124,#117,#122,.T.) ;
#130=EDGE_CURVE('',#96,#124,#129,.T.) ;
#147=EDGE_CURVE('',#144,#146,#142,.F.) ;
#154=EDGE_CURVE('',#146,#153,#151,.T.) ;
#161=EDGE_CURVE('',#153,#160,#158,.T.) ;
#168=EDGE_CURVE('',#160,#167,#165,.F.) ;
#175=EDGE_CURVE('',#167,#174,#172,.T.) ;
#182=EDGE_CURVE('',#174,#181,#179,.F.) ;
#189=EDGE_CURVE('',#181,#188,#186,.T.) ;
#196=EDGE_CURVE('',#188,#195,#193,.T.) ;
#203=EDGE_CURVE('',#195,#202,#200,.T.) ;
#210=EDGE_CURVE('',#202,#209,#207,.T.) ;
#217=EDGE_CURVE('',#209,#216,#214,.F.) ;
#224=EDGE_CURVE('',#216,#223,#221,.F.) ;
#231=EDGE_CURVE('',#223,#230,#228,.T.) ;
#238=EDGE_CURVE('',#230,#237,#235,.F.) ;
#245=EDGE_CURVE('',#237,#244,#242,.F.) ;
#250=EDGE_CURVE('',#244,#144,#249,.T.) ;
#277=EDGE_CURVE('',#274,#276,#272,.F.) ;
#284=EDGE_CURVE('',#276,#283,#281,.F.) ;
#291=EDGE_CURVE('',#283,#290,#288,.T.) ;
#298=EDGE_CURVE('',#290,#297,#295,.F.) ;
#305=EDGE_CURVE('',#297,#304,#302,.T.) ;
#312=EDGE_CURVE('',#304,#311,#309,.T.) ;
#319=EDGE_CURVE('',#311,#318,#316,.F.) ;
#326=EDGE_CURVE('',#318,#325,#323,.T.) ;
#333=EDGE_CURVE('',#325,#332,#330,.F.) ;
#340=EDGE_CURVE('',#332,#339,#337,.T.) ;
#347=EDGE_CURVE('',#339,#346,#344,.T.) ;
#354=EDGE_CURVE('',#346,#353,#351,.T.) ;
#361=EDGE_CURVE('',#353,#360,#358,.T.) ;
#368=EDGE_CURVE('',#360,#367,#365,.F.) ;
#375=EDGE_CURVE('',#367,#374,#372,.F.) ;
#380=EDGE_CURVE('',#374,#274,#379,.T.) ;
#407=EDGE_CURVE('',#404,#406,#402,.T.) ;
#414=EDGE_CURVE('',#406,#413,#411,.F.) ;
#421=EDGE_CURVE('',#413,#420,#418,.T.) ;
#428=EDGE_CURVE('',#420,#427,#425,.T.) ;
#435=EDGE_CURVE('',#427,#434,#432,.T.) ;
#442=EDGE_CURVE('',#434,#441,#439,.T.) ;
#449=EDGE_CURVE('',#441,#448,#446,.F.) ;
#456=EDGE_CURVE('',#448,#455,#453,.F.) ;
#463=EDGE_CURVE('',#455,#462,#460,.T.) ;
#470=EDGE_CURVE('',#462,#469,#467,.F.) ;
#477=EDGE_CURVE('',#469,#476,#474,.F.) ;
#484=EDGE_CURVE('',#476,#483,#481,.T.) ;
#491=EDGE_CURVE('',#483,#490,#488,.F.) ;
#498=EDGE_CURVE('',#490,#497,#495,.T.) ;
#505=EDGE_CURVE('',#497,#504,#502,.T.) ;
#510=EDGE_CURVE('',#504,#404,#509,.F.) ;
#537=EDGE_CURVE('',#534,#536,#532,.T.) ;
#542=EDGE_CURVE('',#536,#534,#541,.T.) ;
#555=EDGE_CURVE('',#552,#554,#550,.T.) ;
#560=EDGE_CURVE('',#554,#552,#559,.T.) ;
#573=EDGE_CURVE('',#570,#572,#568,.T.) ;
#578=EDGE_CURVE('',#572,#570,#577,.T.) ;
#591=EDGE_CURVE('',#588,#590,#586,.T.) ;
#596=EDGE_CURVE('',#590,#588,#595,.T.) ;
#613=EDGE_CURVE('',#94,#612,#610,.T.) ;
#620=EDGE_CURVE('',#96,#619,#617,.T.) ;
#625=EDGE_CURVE('',#612,#619,#624,.T.) ;
#644=EDGE_CURVE('',#612,#643,#641,.F.) ;
#651=EDGE_CURVE('',#643,#650,#648,.T.) ;
#658=EDGE_CURVE('',#657,#650,#655,.F.) ;
#663=EDGE_CURVE('',#612,#657,#662,.T.) ;
#684=EDGE_CURVE('',#681,#683,#679,.F.) ;
#691=EDGE_CURVE('',#683,#690,#688,.T.) ;
#698=EDGE_CURVE('',#697,#690,#695,.F.) ;
#703=EDGE_CURVE('',#681,#697,#702,.T.) ;
#724=EDGE_CURVE('',#721,#723,#719,.F.) ;
#731=EDGE_CURVE('',#723,#730,#728,.T.) ;
#738=EDGE_CURVE('',#737,#730,#735,.F.) ;
#743=EDGE_CURVE('',#721,#737,#742,.T.) ;
#764=EDGE_CURVE('',#761,#763,#759,.T.) ;
#769=EDGE_CURVE('',#144,#763,#768,.T.) ;
#774=EDGE_CURVE('',#244,#761,#773,.T.) ;
#793=EDGE_CURVE('',#792,#761,#790,.F.) ;
#798=EDGE_CURVE('',#237,#792,#797,.T.) ;
#817=EDGE_CURVE('',#816,#792,#814,.F.) ;
#822=EDGE_CURVE('',#230,#816,#821,.T.) ;
#841=EDGE_CURVE('',#840,#816,#838,.T.) ;
#846=EDGE_CURVE('',#223,#840,#845,.T.) ;
#865=EDGE_CURVE('',#864,#840,#862,.F.) ;
#870=EDGE_CURVE('',#216,#864,#869,.T.) ;
#884=EDGE_CURVE('',#883,#864,#881,.F.) ;
#889=EDGE_CURVE('',#209,#883,#888,.T.) ;
#908=EDGE_CURVE('',#907,#883,#905,.T.) ;
#913=EDGE_CURVE('',#202,#907,#912,.T.) ;
#932=EDGE_CURVE('',#931,#907,#929,.T.) ;
#937=EDGE_CURVE('',#195,#931,#936,.T.) ;
#956=EDGE_CURVE('',#955,#931,#953,.T.) ;
#961=EDGE_CURVE('',#188,#955,#960,.T.) ;
#980=EDGE_CURVE('',#979,#955,#977,.T.) ;
#985=EDGE_CURVE('',#181,#979,#984,.T.) ;
#1004=EDGE_CURVE('',#1003,#979,#1001,.F.) ;
#1009=EDGE_CURVE('',#174,#1003,#1008,.T.) ;
#1028=EDGE_CURVE('',#1027,#1003,#1025,.T.) ;
#1033=EDGE_CURVE('',#167,#1027,#1032,.T.) ;
#1052=EDGE_CURVE('',#1051,#1027,#1049,.F.) ;
#1057=EDGE_CURVE('',#160,#1051,#1056,.T.) ;
#1071=EDGE_CURVE('',#1070,#1051,#1068,.T.) ;
#1076=EDGE_CURVE('',#153,#1070,#1075,.T.) ;
#1095=EDGE_CURVE('',#1094,#1070,#1092,.T.) ;
#1100=EDGE_CURVE('',#146,#1094,#1099,.T.) ;
#1117=EDGE_CURVE('',#763,#1094,#1116,.F.) ;
#1138=EDGE_CURVE('',#1135,#1137,#1133,.T.) ;
#1143=EDGE_CURVE('',#274,#1137,#1142,.T.) ;
#1148=EDGE_CURVE('',#374,#1135,#1147,.T.) ;
#1167=EDGE_CURVE('',#1166,#1135,#1164,.F.) ;
#1172=EDGE_CURVE('',#367,#1166,#1171,.T.) ;
#1186=EDGE_CURVE('',#1185,#1166,#1183,.F.) ;
#1191=EDGE_CURVE('',#360,#1185,#1190,.T.) ;
#1210=EDGE_CURVE('',#1209,#1185,#1207,.T.) ;
#1215=EDGE_CURVE('',#353,#1209,#1214,.T.) ;
#1234=EDGE_CURVE('',#1233,#1209,#1231,.T.) ;
#1239=EDGE_CURVE('',#346,#1233,#1238,.T.) ;
#1258=EDGE_CURVE('',#1257,#1233,#1255,.T.) ;
#1263=EDGE_CURVE('',#339,#1257,#1262,.T.) ;
#1277=EDGE_CURVE('',#1276,#1257,#1274,.T.) ;
#1282=EDGE_CURVE('',#332,#1276,#1281,.T.) ;
#1301=EDGE_CURVE('',#1300,#1276,#1298,.F.) ;
#1306=EDGE_CURVE('',#325,#1300,#1305,.T.) ;
#1325=EDGE_CURVE('',#1324,#1300,#1322,.T.) ;
#1330=EDGE_CURVE('',#318,#1324,#1329,.T.) ;
#1349=EDGE_CURVE('',#1348,#1324,#1346,.F.) ;
#1354=EDGE_CURVE('',#311,#1348,#1353,.T.) ;
#1368=EDGE_CURVE('',#1367,#1348,#1365,.T.) ;
#1373=EDGE_CURVE('',#304,#1367,#1372,.T.) ;
#1392=EDGE_CURVE('',#1391,#1367,#1389,.T.) ;
#1397=EDGE_CURVE('',#297,#1391,#1396,.T.) ;
#1416=EDGE_CURVE('',#1415,#1391,#1413,.F.) ;
#1421=EDGE_CURVE('',#290,#1415,#1420,.T.) ;
#1440=EDGE_CURVE('',#1439,#1415,#1437,.T.) ;
#1445=EDGE_CURVE('',#283,#1439,#1444,.T.) ;
#1459=EDGE_CURVE('',#1458,#1439,#1456,.F.) ;
#1464=EDGE_CURVE('',#276,#1458,#1463,.T.) ;
#1481=EDGE_CURVE('',#1137,#1458,#1480,.F.) ;
#1502=EDGE_CURVE('',#1499,#1501,#1497,.F.) ;
#1507=EDGE_CURVE('',#404,#1501,#1506,.T.) ;
#1512=EDGE_CURVE('',#504,#1499,#1511,.T.) ;
#1531=EDGE_CURVE('',#1530,#1499,#1528,.T.) ;
#1536=EDGE_CURVE('',#497,#1530,#1535,.T.) ;
#1555=EDGE_CURVE('',#1554,#1530,#1552,.T.) ;
#1560=EDGE_CURVE('',#490,#1554,#1559,.T.) ;
#1579=EDGE_CURVE('',#1578,#1554,#1576,.F.) ;
#1584=EDGE_CURVE('',#483,#1578,#1583,.T.) ;
#1603=EDGE_CURVE('',#1602,#1578,#1600,.T.) ;
#1608=EDGE_CURVE('',#476,#1602,#1607,.T.) ;
#1627=EDGE_CURVE('',#1626,#1602,#1624,.F.) ;
#1632=EDGE_CURVE('',#469,#1626,#1631,.T.) ;
#1651=EDGE_CURVE('',#1650,#1626,#1648,.F.) ;
#1656=EDGE_CURVE('',#462,#1650,#1655,.T.) ;
#1675=EDGE_CURVE('',#1674,#1650,#1672,.T.) ;
#1680=EDGE_CURVE('',#455,#1674,#1679,.T.) ;
#1699=EDGE_CURVE('',#1698,#1674,#1696,.F.) ;
#1704=EDGE_CURVE('',#448,#1698,#1703,.T.) ;
#1718=EDGE_CURVE('',#1717,#1698,#1715,.F.) ;
#1723=EDGE_CURVE('',#441,#1717,#1722,.T.) ;
#1742=EDGE_CURVE('',#1741,#1717,#1739,.T.) ;
#1747=EDGE_CURVE('',#434,#1741,#1746,.T.) ;
#1766=EDGE_CURVE('',#1765,#1741,#1763,.T.) ;
#1771=EDGE_CURVE('',#427,#1765,#1770,.T.) ;
#1790=EDGE_CURVE('',#1789,#1765,#1787,.T.) ;
#1795=EDGE_CURVE('',#420,#1789,#1794,.T.) ;
#1809=EDGE_CURVE('',#1808,#1789,#1806,.T.) ;
#1814=EDGE_CURVE('',#413,#1808,#1813,.T.) ;
#1833=EDGE_CURVE('',#1832,#1808,#1830,.F.) ;
#1838=EDGE_CURVE('',#406,#1832,#1837,.T.) ;
#1855=EDGE_CURVE('',#1501,#1832,#1854,.T.) ;
#1876=EDGE_CURVE('',#1873,#1875,#1871,.T.) ;
#1881=EDGE_CURVE('',#534,#1875,#1880,.T.) ;
#1886=EDGE_CURVE('',#536,#1873,#1885,.T.) ;
#1898=EDGE_CURVE('',#1875,#1873,#1897,.T.) ;
#1919=EDGE_CURVE('',#1916,#1918,#1914,.T.) ;
#1924=EDGE_CURVE('',#552,#1918,#1923,.T.) ;
#1929=EDGE_CURVE('',#554,#1916,#1928,.T.) ;
#1941=EDGE_CURVE('',#1918,#1916,#1940,.T.) ;
#1962=EDGE_CURVE('',#1959,#1961,#1957,.T.) ;
#1967=EDGE_CURVE('',#570,#1961,#1966,.T.) ;
#1972=EDGE_CURVE('',#572,#1959,#1971,.T.) ;
#1984=EDGE_CURVE('',#1961,#1959,#1983,.T.) ;
#2005=EDGE_CURVE('',#2002,#2004,#2000,.T.) ;
#2010=EDGE_CURVE('',#588,#2004,#2009,.T.) ;
#2015=EDGE_CURVE('',#590,#2002,#2014,.T.) ;
#2027=EDGE_CURVE('',#2004,#2002,#2026,.T.) ;
#2048=EDGE_CURVE('',#2045,#2047,#2043,.T.) ;
#2053=EDGE_CURVE('',#650,#2047,#2052,.T.) ;
#2058=EDGE_CURVE('',#643,#2045,#2057,.T.) ;
#2079=EDGE_CURVE('',#2076,#2078,#2074,.T.) ;
#2084=EDGE_CURVE('',#690,#2078,#2083,.T.) ;
#2089=EDGE_CURVE('',#683,#2076,#2088,.T.) ;
#2110=EDGE_CURVE('',#2107,#2109,#2105,.T.) ;
#2115=EDGE_CURVE('',#730,#2109,#2114,.T.) ;
#2120=EDGE_CURVE('',#723,#2107,#2119,.T.) ;
#2141=EDGE_CURVE('',#2138,#2140,#2136,.T.) ;
#2146=EDGE_CURVE('',#2140,#2138,#2145,.T.) ;
#2167=EDGE_CURVE('',#2138,#2166,#2164,.T.) ;
#2174=EDGE_CURVE('',#2166,#2173,#2171,.T.) ;
#2179=EDGE_CURVE('',#2140,#2173,#2178,.T.) ;
#2191=EDGE_CURVE('',#2173,#2166,#2190,.T.) ;
#2208=EDGE_CURVE('',#2107,#619,#2207,.F.) ;
#2215=EDGE_CURVE('',#619,#2214,#2212,.T.) ;
#2220=EDGE_CURVE('',#2109,#2214,#2219,.F.) ;
#2237=EDGE_CURVE('',#2214,#737,#2236,.T.) ;
#2260=EDGE_CURVE('',#2076,#2259,#2257,.F.) ;
#2267=EDGE_CURVE('',#2259,#2266,#2264,.T.) ;
#2272=EDGE_CURVE('',#2078,#2266,#2271,.F.) ;
#2284=EDGE_CURVE('',#2266,#697,#2283,.T.) ;
#2305=EDGE_CURVE('',#721,#2259,#2304,.T.) ;
#2312=EDGE_CURVE('',#681,#2311,#2309,.T.) ;
#2317=EDGE_CURVE('',#2045,#2311,#2316,.F.) ;
#2402=EDGE_CURVE('',#2311,#2401,#2399,.T.) ;
#2407=EDGE_CURVE('',#2047,#2401,#2406,.F.) ;
#2419=EDGE_CURVE('',#2401,#657,#2418,.T.) ;
#2453=EDGE_CURVE('',#2450,#2452,#2436,.T.) ;
#2458=EDGE_CURVE('',#64,#2450,#2457,.F.) ;
#2463=EDGE_CURVE('',#64,#71,#2462,.T.) ;
#2468=EDGE_CURVE('',#71,#2452,#2467,.F.) ;
#2489=EDGE_CURVE('',#2452,#2450,#2476,.T.) ;
#2549=EDGE_CURVE('',#2546,#2548,#2532,.T.) ;
#2563=EDGE_CURVE('',#2548,#2546,#2550,.T.) ;
#2585=EDGE_CURVE('',#2582,#2584,#2568,.T.) ;
#2599=EDGE_CURVE('',#2584,#2582,#2586,.T.) ;
#2618=EDGE_CURVE('',#2615,#2617,#2613,.T.) ;
#2625=EDGE_CURVE('',#2624,#2617,#2622,.F.) ;
#2630=EDGE_CURVE('',#2615,#2624,#2629,.T.) ;
#2641=EDGE_CURVE('',#2617,#2624,#2640,.F.) ;
#2657=EDGE_CURVE('',#2624,#2584,#2656,.F.) ;
#2662=EDGE_CURVE('',#2617,#2582,#2661,.F.) ;
#2690=EDGE_CURVE('',#2687,#2689,#2685,.T.) ;
#2697=EDGE_CURVE('',#2696,#2689,#2694,.F.) ;
#2702=EDGE_CURVE('',#2687,#2696,#2701,.T.) ;
#2713=EDGE_CURVE('',#2689,#2696,#2712,.F.) ;
#2729=EDGE_CURVE('',#2696,#2548,#2728,.F.) ;
#2734=EDGE_CURVE('',#2689,#2546,#2733,.F.) ;
#78=EDGE_LOOP('',(#79,#80,#81)) ;
#131=EDGE_LOOP('',(#132,#133,#134,#135,#136,#137)) ;
#251=EDGE_LOOP('',(#252,#253,#254,#255,#256,#257,#258,#259,#260,#261,#262,#263,#264,#265,#266,#267)) ;
#381=EDGE_LOOP('',(#382,#383,#384,#385,#386,#387,#388,#389,#390,#391,#392,#393,#394,#395,#396,#397)) ;
#511=EDGE_LOOP('',(#512,#513,#514,#515,#516,#517,#518,#519,#520,#521,#522,#523,#524,#525,#526,#527)) ;
#543=EDGE_LOOP('',(#544,#545)) ;
#561=EDGE_LOOP('',(#562,#563)) ;
#579=EDGE_LOOP('',(#580,#581)) ;
#597=EDGE_LOOP('',(#598,#599)) ;
#626=EDGE_LOOP('',(#627,#628,#629,#630)) ;
#664=EDGE_LOOP('',(#665,#666,#667,#668)) ;
#704=EDGE_LOOP('',(#705,#706,#707,#708)) ;
#744=EDGE_LOOP('',(#745,#746,#747,#748)) ;
#775=EDGE_LOOP('',(#776,#777,#778,#779)) ;
#799=EDGE_LOOP('',(#800,#801,#802,#803)) ;
#823=EDGE_LOOP('',(#824,#825,#826,#827)) ;
#847=EDGE_LOOP('',(#848,#849,#850,#851)) ;
#871=EDGE_LOOP('',(#872,#873,#874,#875)) ;
#890=EDGE_LOOP('',(#891,#892,#893,#894)) ;
#914=EDGE_LOOP('',(#915,#916,#917,#918)) ;
#938=EDGE_LOOP('',(#939,#940,#941,#942)) ;
#962=EDGE_LOOP('',(#963,#964,#965,#966)) ;
#986=EDGE_LOOP('',(#987,#988,#989,#990)) ;
#1010=EDGE_LOOP('',(#1011,#1012,#1013,#1014)) ;
#1034=EDGE_LOOP('',(#1035,#1036,#1037,#1038)) ;
#1058=EDGE_LOOP('',(#1059,#1060,#1061,#1062)) ;
#1077=EDGE_LOOP('',(#1078,#1079,#1080,#1081)) ;
#1101=EDGE_LOOP('',(#1102,#1103,#1104,#1105)) ;
#1118=EDGE_LOOP('',(#1119,#1120,#1121,#1122)) ;
#1149=EDGE_LOOP('',(#1150,#1151,#1152,#1153)) ;
#1173=EDGE_LOOP('',(#1174,#1175,#1176,#1177)) ;
#1192=EDGE_LOOP('',(#1193,#1194,#1195,#1196)) ;
#1216=EDGE_LOOP('',(#1217,#1218,#1219,#1220)) ;
#1240=EDGE_LOOP('',(#1241,#1242,#1243,#1244)) ;
#1264=EDGE_LOOP('',(#1265,#1266,#1267,#1268)) ;
#1283=EDGE_LOOP('',(#1284,#1285,#1286,#1287)) ;
#1307=EDGE_LOOP('',(#1308,#1309,#1310,#1311)) ;
#1331=EDGE_LOOP('',(#1332,#1333,#1334,#1335)) ;
#1355=EDGE_LOOP('',(#1356,#1357,#1358,#1359)) ;
#1374=EDGE_LOOP('',(#1375,#1376,#1377,#1378)) ;
#1398=EDGE_LOOP('',(#1399,#1400,#1401,#1402)) ;
#1422=EDGE_LOOP('',(#1423,#1424,#1425,#1426)) ;
#1446=EDGE_LOOP('',(#1447,#1448,#1449,#1450)) ;
#1465=EDGE_LOOP('',(#1466,#1467,#1468,#1469)) ;
#1482=EDGE_LOOP('',(#1483,#1484,#1485,#1486)) ;
#1513=EDGE_LOOP('',(#1514,#1515,#1516,#1517)) ;
#1537=EDGE_LOOP('',(#1538,#1539,#1540,#1541)) ;
#1561=EDGE_LOOP('',(#1562,#1563,#1564,#1565)) ;
#1585=EDGE_LOOP('',(#1586,#1587,#1588,#1589)) ;
#1609=EDGE_LOOP('',(#1610,#1611,#1612,#1613)) ;
#1633=EDGE_LOOP('',(#1634,#1635,#1636,#1637)) ;
#1657=EDGE_LOOP('',(#1658,#1659,#1660,#1661)) ;
#1681=EDGE_LOOP('',(#1682,#1683,#1684,#1685)) ;
#1705=EDGE_LOOP('',(#1706,#1707,#1708,#1709)) ;
#1724=EDGE_LOOP('',(#1725,#1726,#1727,#1728)) ;
#1748=EDGE_LOOP('',(#1749,#1750,#1751,#1752)) ;
#1772=EDGE_LOOP('',(#1773,#1774,#1775,#1776)) ;
#1796=EDGE_LOOP('',(#1797,#1798,#1799,#1800)) ;
#1815=EDGE_LOOP('',(#1816,#1817,#1818,#1819)) ;
#1839=EDGE_LOOP('',(#1840,#1841,#1842,#1843)) ;
#1856=EDGE_LOOP('',(#1857,#1858,#1859,#1860)) ;
#1887=EDGE_LOOP('',(#1888,#1889,#1890,#1891)) ;
#1899=EDGE_LOOP('',(#1900,#1901,#1902,#1903)) ;
#1930=EDGE_LOOP('',(#1931,#1932,#1933,#1934)) ;
#1942=EDGE_LOOP('',(#1943,#1944,#1945,#1946)) ;
#1973=EDGE_LOOP('',(#1974,#1975,#1976,#1977)) ;
#1985=EDGE_LOOP('',(#1986,#1987,#1988,#1989)) ;
#2016=EDGE_LOOP('',(#2017,#2018,#2019,#2020)) ;
#2028=EDGE_LOOP('',(#2029,#2030,#2031,#2032)) ;
#2059=EDGE_LOOP('',(#2060,#2061,#2062,#2063)) ;
#2090=EDGE_LOOP('',(#2091,#2092,#2093,#2094)) ;
#2121=EDGE_LOOP('',(#2122,#2123,#2124,#2125)) ;
#2147=EDGE_LOOP('',(#2148,#2149)) ;
#2151=EDGE_LOOP('',(#2152,#2153)) ;
#2180=EDGE_LOOP('',(#2181,#2182,#2183,#2184)) ;
#2192=EDGE_LOOP('',(#2193,#2194,#2195,#2196)) ;
#2221=EDGE_LOOP('',(#2222,#2223,#2224,#2225)) ;
#2238=EDGE_LOOP('',(#2239,#2240,#2241,#2242)) ;
#2244=EDGE_LOOP('',(#2245,#2246)) ;
#2273=EDGE_LOOP('',(#2274,#2275,#2276,#2277)) ;
#2285=EDGE_LOOP('',(#2286,#2287,#2288,#2289)) ;
#2291=EDGE_LOOP('',(#2292,#2293)) ;
#2318=EDGE_LOOP('',(#2319,#2320,#2321,#2322,#2323,#2324,#2325,#2326,#2327,#2328,#2329,#2330)) ;
#2332=EDGE_LOOP('',(#2333,#2334)) ;
#2336=EDGE_LOOP('',(#2337,#2338,#2339,#2340,#2341,#2342,#2343,#2344,#2345,#2346,#2347,#2348,#2349,#2350,#2351,#2352)) ;
#2354=EDGE_LOOP('',(#2355,#2356,#2357,#2358,#2359,#2360,#2361,#2362,#2363,#2364,#2365,#2366,#2367,#2368,#2369,#2370)) ;
#2372=EDGE_LOOP('',(#2373,#2374,#2375,#2376,#2377,#2378,#2379,#2380,#2381,#2382,#2383,#2384,#2385,#2386,#2387,#2388)) ;
#2408=EDGE_LOOP('',(#2409,#2410,#2411,#2412)) ;
#2420=EDGE_LOOP('',(#2421,#2422,#2423,#2424)) ;
#2426=EDGE_LOOP('',(#2427,#2428)) ;
#2469=EDGE_LOOP('',(#2470,#2471,#2472,#2473)) ;
#2490=EDGE_LOOP('',(#2491,#2492,#2493,#2494)) ;
#2497=EDGE_LOOP('',(#2498,#2499,#2500)) ;
#2508=EDGE_LOOP('',(#2509,#2510,#2511,#2512,#2513,#2514,#2515,#2516,#2517,#2518,#2519,#2520,#2521,#2522,#2523,#2524,#2525,#2526)) ;
#2528=EDGE_LOOP('',(#2529,#2530)) ;
#2564=EDGE_LOOP('',(#2565,#2566)) ;
#2600=EDGE_LOOP('',(#2601,#2602)) ;
#2631=EDGE_LOOP('',(#2632,#2633,#2634)) ;
#2642=EDGE_LOOP('',(#2643,#2644,#2645)) ;
#2663=EDGE_LOOP('',(#2664,#2665,#2666,#2667)) ;
#2670=EDGE_LOOP('',(#2671,#2672,#2673,#2674)) ;
#2703=EDGE_LOOP('',(#2704,#2705,#2706)) ;
#2714=EDGE_LOOP('',(#2715,#2716,#2717)) ;
#2735=EDGE_LOOP('',(#2736,#2737,#2738,#2739)) ;
#2742=EDGE_LOOP('',(#2743,#2744,#2745,#2746)) ;
#82=FACE_OUTER_BOUND('',#78,.T.) ;
#138=FACE_OUTER_BOUND('',#131,.T.) ;
#631=FACE_OUTER_BOUND('',#626,.T.) ;
#669=FACE_OUTER_BOUND('',#664,.T.) ;
#709=FACE_OUTER_BOUND('',#704,.T.) ;
#749=FACE_OUTER_BOUND('',#744,.T.) ;
#780=FACE_OUTER_BOUND('',#775,.T.) ;
#804=FACE_OUTER_BOUND('',#799,.T.) ;
#828=FACE_OUTER_BOUND('',#823,.T.) ;
#852=FACE_OUTER_BOUND('',#847,.T.) ;
#876=FACE_OUTER_BOUND('',#871,.T.) ;
#895=FACE_OUTER_BOUND('',#890,.T.) ;
#919=FACE_OUTER_BOUND('',#914,.T.) ;
#943=FACE_OUTER_BOUND('',#938,.T.) ;
#967=FACE_OUTER_BOUND('',#962,.T.) ;
#991=FACE_OUTER_BOUND('',#986,.T.) ;
#1015=FACE_OUTER_BOUND('',#1010,.T.) ;
#1039=FACE_OUTER_BOUND('',#1034,.T.) ;
#1063=FACE_OUTER_BOUND('',#1058,.T.) ;
#1082=FACE_OUTER_BOUND('',#1077,.T.) ;
#1106=FACE_OUTER_BOUND('',#1101,.T.) ;
#1123=FACE_OUTER_BOUND('',#1118,.T.) ;
#1154=FACE_OUTER_BOUND('',#1149,.T.) ;
#1178=FACE_OUTER_BOUND('',#1173,.T.) ;
#1197=FACE_OUTER_BOUND('',#1192,.T.) ;
#1221=FACE_OUTER_BOUND('',#1216,.T.) ;
#1245=FACE_OUTER_BOUND('',#1240,.T.) ;
#1269=FACE_OUTER_BOUND('',#1264,.T.) ;
#1288=FACE_OUTER_BOUND('',#1283,.T.) ;
#1312=FACE_OUTER_BOUND('',#1307,.T.) ;
#1336=FACE_OUTER_BOUND('',#1331,.T.) ;
#1360=FACE_OUTER_BOUND('',#1355,.T.) ;
#1379=FACE_OUTER_BOUND('',#1374,.T.) ;
#1403=FACE_OUTER_BOUND('',#1398,.T.) ;
#1427=FACE_OUTER_BOUND('',#1422,.T.) ;
#1451=FACE_OUTER_BOUND('',#1446,.T.) ;
#1470=FACE_OUTER_BOUND('',#1465,.T.) ;
#1487=FACE_OUTER_BOUND('',#1482,.T.) ;
#1518=FACE_OUTER_BOUND('',#1513,.T.) ;
#1542=FACE_OUTER_BOUND('',#1537,.T.) ;
#1566=FACE_OUTER_BOUND('',#1561,.T.) ;
#1590=FACE_OUTER_BOUND('',#1585,.T.) ;
#1614=FACE_OUTER_BOUND('',#1609,.T.) ;
#1638=FACE_OUTER_BOUND('',#1633,.T.) ;
#1662=FACE_OUTER_BOUND('',#1657,.T.) ;
#1686=FACE_OUTER_BOUND('',#1681,.T.) ;
#1710=FACE_OUTER_BOUND('',#1705,.T.) ;
#1729=FACE_OUTER_BOUND('',#1724,.T.) ;
#1753=FACE_OUTER_BOUND('',#1748,.T.) ;
#1777=FACE_OUTER_BOUND('',#1772,.T.) ;
#1801=FACE_OUTER_BOUND('',#1796,.T.) ;
#1820=FACE_OUTER_BOUND('',#1815,.T.) ;
#1844=FACE_OUTER_BOUND('',#1839,.T.) ;
#1861=FACE_OUTER_BOUND('',#1856,.T.) ;
#1892=FACE_OUTER_BOUND('',#1887,.T.) ;
#1904=FACE_OUTER_BOUND('',#1899,.T.) ;
#1935=FACE_OUTER_BOUND('',#1930,.T.) ;
#1947=FACE_OUTER_BOUND('',#1942,.T.) ;
#1978=FACE_OUTER_BOUND('',#1973,.T.) ;
#1990=FACE_OUTER_BOUND('',#1985,.T.) ;
#2021=FACE_OUTER_BOUND('',#2016,.T.) ;
#2033=FACE_OUTER_BOUND('',#2028,.T.) ;
#2064=FACE_OUTER_BOUND('',#2059,.T.) ;
#2095=FACE_OUTER_BOUND('',#2090,.T.) ;
#2126=FACE_OUTER_BOUND('',#2121,.T.) ;
#2150=FACE_OUTER_BOUND('',#2147,.T.) ;
#2185=FACE_OUTER_BOUND('',#2180,.T.) ;
#2197=FACE_OUTER_BOUND('',#2192,.T.) ;
#2226=FACE_OUTER_BOUND('',#2221,.T.) ;
#2243=FACE_OUTER_BOUND('',#2238,.T.) ;
#2278=FACE_OUTER_BOUND('',#2273,.T.) ;
#2290=FACE_OUTER_BOUND('',#2285,.T.) ;
#2331=FACE_OUTER_BOUND('',#2318,.T.) ;
#2413=FACE_OUTER_BOUND('',#2408,.T.) ;
#2425=FACE_OUTER_BOUND('',#2420,.T.) ;
#2474=FACE_OUTER_BOUND('',#2469,.T.) ;
#2495=FACE_OUTER_BOUND('',#2490,.T.) ;
#2501=FACE_OUTER_BOUND('',#2497,.T.) ;
#2527=FACE_OUTER_BOUND('',#2508,.T.) ;
#2635=FACE_OUTER_BOUND('',#2631,.T.) ;
#2646=FACE_OUTER_BOUND('',#2642,.T.) ;
#2668=FACE_OUTER_BOUND('',#2663,.T.) ;
#2675=FACE_OUTER_BOUND('',#2670,.T.) ;
#2707=FACE_OUTER_BOUND('',#2703,.T.) ;
#2718=FACE_OUTER_BOUND('',#2714,.T.) ;
#2740=FACE_OUTER_BOUND('',#2735,.T.) ;
#2747=FACE_OUTER_BOUND('',#2742,.T.) ;
#45=UNCERTAINTY_MEASURE_WITH_UNIT(LENGTH_MEASURE(0.005),#41,'distance_accuracy_value','CONFUSED CURVE UNCERTAINTY') ;
#60=LINE('Line',#57,#59) ;
#76=LINE('Line',#73,#75) ;
#142=LINE('Line',#139,#141) ;
#200=LINE('Line',#197,#199) ;
#295=LINE('Line',#292,#294) ;
#351=LINE('Line',#348,#350) ;
#432=LINE('Line',#429,#431) ;
#488=LINE('Line',#485,#487) ;
#610=LINE('Line',#607,#609) ;
#617=LINE('Line',#614,#616) ;
#641=LINE('Line',#638,#640) ;
#648=LINE('Line',#645,#647) ;
#655=LINE('Line',#652,#654) ;
#662=LINE('Line',#659,#661) ;
#679=LINE('Line',#676,#678) ;
#688=LINE('Line',#685,#687) ;
#695=LINE('Line',#692,#694) ;
#702=LINE('Line',#699,#701) ;
#719=LINE('Line',#716,#718) ;
#728=LINE('Line',#725,#727) ;
#735=LINE('Line',#732,#734) ;
#742=LINE('Line',#739,#741) ;
#768=LINE('Line',#765,#767) ;
#773=LINE('Line',#770,#772) ;
#797=LINE('Line',#794,#796) ;
#821=LINE('Line',#818,#820) ;
#845=LINE('Line',#842,#844) ;
#869=LINE('Line',#866,#868) ;
#888=LINE('Line',#885,#887) ;
#912=LINE('Line',#909,#911) ;
#929=LINE('Line',#926,#928) ;
#936=LINE('Line',#933,#935) ;
#960=LINE('Line',#957,#959) ;
#984=LINE('Line',#981,#983) ;
#1008=LINE('Line',#1005,#1007) ;
#1032=LINE('Line',#1029,#1031) ;
#1056=LINE('Line',#1053,#1055) ;
#1075=LINE('Line',#1072,#1074) ;
#1099=LINE('Line',#1096,#1098) ;
#1116=LINE('Line',#1113,#1115) ;
#1142=LINE('Line',#1139,#1141) ;
#1147=LINE('Line',#1144,#1146) ;
#1171=LINE('Line',#1168,#1170) ;
#1190=LINE('Line',#1187,#1189) ;
#1214=LINE('Line',#1211,#1213) ;
#1231=LINE('Line',#1228,#1230) ;
#1238=LINE('Line',#1235,#1237) ;
#1262=LINE('Line',#1259,#1261) ;
#1281=LINE('Line',#1278,#1280) ;
#1305=LINE('Line',#1302,#1304) ;
#1329=LINE('Line',#1326,#1328) ;
#1353=LINE('Line',#1350,#1352) ;
#1372=LINE('Line',#1369,#1371) ;
#1396=LINE('Line',#1393,#1395) ;
#1413=LINE('Line',#1410,#1412) ;
#1420=LINE('Line',#1417,#1419) ;
#1444=LINE('Line',#1441,#1443) ;
#1463=LINE('Line',#1460,#1462) ;
#1506=LINE('Line',#1503,#1505) ;
#1511=LINE('Line',#1508,#1510) ;
#1535=LINE('Line',#1532,#1534) ;
#1559=LINE('Line',#1556,#1558) ;
#1576=LINE('Line',#1573,#1575) ;
#1583=LINE('Line',#1580,#1582) ;
#1607=LINE('Line',#1604,#1606) ;
#1631=LINE('Line',#1628,#1630) ;
#1655=LINE('Line',#1652,#1654) ;
#1679=LINE('Line',#1676,#1678) ;
#1703=LINE('Line',#1700,#1702) ;
#1722=LINE('Line',#1719,#1721) ;
#1746=LINE('Line',#1743,#1745) ;
#1763=LINE('Line',#1760,#1762) ;
#1770=LINE('Line',#1767,#1769) ;
#1794=LINE('Line',#1791,#1793) ;
#1813=LINE('Line',#1810,#1812) ;
#1837=LINE('Line',#1834,#1836) ;
#1880=LINE('Line',#1877,#1879) ;
#1885=LINE('Line',#1882,#1884) ;
#1923=LINE('Line',#1920,#1922) ;
#1928=LINE('Line',#1925,#1927) ;
#1966=LINE('Line',#1963,#1965) ;
#1971=LINE('Line',#1968,#1970) ;
#2009=LINE('Line',#2006,#2008) ;
#2014=LINE('Line',#2011,#2013) ;
#2043=LINE('Line',#2040,#2042) ;
#2074=LINE('Line',#2071,#2073) ;
#2105=LINE('Line',#2102,#2104) ;
#2164=LINE('Line',#2161,#2163) ;
#2178=LINE('Line',#2175,#2177) ;
#2207=LINE('Line',#2204,#2206) ;
#2212=LINE('Line',#2209,#2211) ;
#2219=LINE('Line',#2216,#2218) ;
#2257=LINE('Line',#2254,#2256) ;
#2264=LINE('Line',#2261,#2263) ;
#2271=LINE('Line',#2268,#2270) ;
#2316=LINE('Line',#2313,#2315) ;
#2399=LINE('Line',#2396,#2398) ;
#2406=LINE('Line',#2403,#2405) ;
#2457=LINE('Line',#2454,#2456) ;
#2467=LINE('Line',#2464,#2466) ;
#2613=LINE('Line',#2610,#2612) ;
#2629=LINE('Line',#2626,#2628) ;
#2656=LINE('Line',#2653,#2655) ;
#2661=LINE('Line',#2658,#2660) ;
#2685=LINE('Line',#2682,#2684) ;
#2701=LINE('Line',#2698,#2700) ;
#2728=LINE('Line',#2725,#2727) ;
#2733=LINE('Line',#2730,#2732) ;
#2=MECHANICAL_CONTEXT(' ',#1,'mechanical') ;
#24=PERSONAL_ADDRESS(' ',' ',' ',' ',' ',' ',' ',' ',' ',' ',' ',' ',(#22),' ') ;
#88=PLANE('Plane',#87) ;
#637=PLANE('Plane',#636) ;
#675=PLANE('Plane',#674) ;
#715=PLANE('Plane',#714) ;
#925=PLANE('Plane',#924) ;
#1112=PLANE('Plane',#1111) ;
#1227=PLANE('Plane',#1226) ;
#1409=PLANE('Plane',#1408) ;
#1572=PLANE('Plane',#1571) ;
#1759=PLANE('Plane',#1758) ;
#2132=PLANE('Plane',#2131) ;
#2203=PLANE('Plane',#2202) ;
#2232=PLANE('Plane',#2231) ;
#2253=PLANE('Plane',#2252) ;
#2300=PLANE('Plane',#2299) ;
#2395=PLANE('Plane',#2394) ;
#43=PLANE_ANGLE_MEASURE_WITH_UNIT(PLANE_ANGLE_MEASURE(0.0174532925199),#42) ;
#7=PRODUCT_CATEGORY('part',$) ;
#9=PRODUCT_CATEGORY_RELATIONSHIP(' ',' ',#7,#8) ;
#6=PRODUCT_DEFINITION_FORMATION_WITH_SPECIFIED_SOURCE('',' ',#5,.NOT_KNOWN.) ;
#8=PRODUCT_RELATED_PRODUCT_CATEGORY('detail',$,(#5)) ;
#50=SHAPE_DEFINITION_REPRESENTATION(#40,#49) ;
#62=VERTEX_POINT('',#61) ;
#64=VERTEX_POINT('',#63) ;
#71=VERTEX_POINT('',#70) ;
#94=VERTEX_POINT('',#93) ;
#96=VERTEX_POINT('',#95) ;
#103=VERTEX_POINT('',#102) ;
#110=VERTEX_POINT('',#109) ;
#117=VERTEX_POINT('',#116) ;
#124=VERTEX_POINT('',#123) ;
#144=VERTEX_POINT('',#143) ;
#146=VERTEX_POINT('',#145) ;
#153=VERTEX_POINT('',#152) ;
#160=VERTEX_POINT('',#159) ;
#167=VERTEX_POINT('',#166) ;
#174=VERTEX_POINT('',#173) ;
#181=VERTEX_POINT('',#180) ;
#188=VERTEX_POINT('',#187) ;
#195=VERTEX_POINT('',#194) ;
#202=VERTEX_POINT('',#201) ;
#209=VERTEX_POINT('',#208) ;
#216=VERTEX_POINT('',#215) ;
#223=VERTEX_POINT('',#222) ;
#230=VERTEX_POINT('',#229) ;
#237=VERTEX_POINT('',#236) ;
#244=VERTEX_POINT('',#243) ;
#274=VERTEX_POINT('',#273) ;
#276=VERTEX_POINT('',#275) ;
#283=VERTEX_POINT('',#282) ;
#290=VERTEX_POINT('',#289) ;
#297=VERTEX_POINT('',#296) ;
#304=VERTEX_POINT('',#303) ;
#311=VERTEX_POINT('',#310) ;
#318=VERTEX_POINT('',#317) ;
#325=VERTEX_POINT('',#324) ;
#332=VERTEX_POINT('',#331) ;
#339=VERTEX_POINT('',#338) ;
#346=VERTEX_POINT('',#345) ;
#353=VERTEX_POINT('',#352) ;
#360=VERTEX_POINT('',#359) ;
#367=VERTEX_POINT('',#366) ;
#374=VERTEX_POINT('',#373) ;
#404=VERTEX_POINT('',#403) ;
#406=VERTEX_POINT('',#405) ;
#413=VERTEX_POINT('',#412) ;
#420=VERTEX_POINT('',#419) ;
#427=VERTEX_POINT('',#426) ;
#434=VERTEX_POINT('',#433) ;
#441=VERTEX_POINT('',#440) ;
#448=VERTEX_POINT('',#447) ;
#455=VERTEX_POINT('',#454) ;
#462=VERTEX_POINT('',#461) ;
#469=VERTEX_POINT('',#468) ;
#476=VERTEX_POINT('',#475) ;
#483=VERTEX_POINT('',#482) ;
#490=VERTEX_POINT('',#489) ;
#497=VERTEX_POINT('',#496) ;
#504=VERTEX_POINT('',#503) ;
#534=VERTEX_POINT('',#533) ;
#536=VERTEX_POINT('',#535) ;
#552=VERTEX_POINT('',#551) ;
#554=VERTEX_POINT('',#553) ;
#570=VERTEX_POINT('',#569) ;
#572=VERTEX_POINT('',#571) ;
#588=VERTEX_POINT('',#587) ;
#590=VERTEX_POINT('',#589) ;
#612=VERTEX_POINT('',#611) ;
#619=VERTEX_POINT('',#618) ;
#643=VERTEX_POINT('',#642) ;
#650=VERTEX_POINT('',#649) ;
#657=VERTEX_POINT('',#656) ;
#681=VERTEX_POINT('',#680) ;
#683=VERTEX_POINT('',#682) ;
#690=VERTEX_POINT('',#689) ;
#697=VERTEX_POINT('',#696) ;
#721=VERTEX_POINT('',#720) ;
#723=VERTEX_POINT('',#722) ;
#730=VERTEX_POINT('',#729) ;
#737=VERTEX_POINT('',#736) ;
#761=VERTEX_POINT('',#760) ;
#763=VERTEX_POINT('',#762) ;
#792=VERTEX_POINT('',#791) ;
#816=VERTEX_POINT('',#815) ;
#840=VERTEX_POINT('',#839) ;
#864=VERTEX_POINT('',#863) ;
#883=VERTEX_POINT('',#882) ;
#907=VERTEX_POINT('',#906) ;
#931=VERTEX_POINT('',#930) ;
#955=VERTEX_POINT('',#954) ;
#979=VERTEX_POINT('',#978) ;
#1003=VERTEX_POINT('',#1002) ;
#1027=VERTEX_POINT('',#1026) ;
#1051=VERTEX_POINT('',#1050) ;
#1070=VERTEX_POINT('',#1069) ;
#1094=VERTEX_POINT('',#1093) ;
#1135=VERTEX_POINT('',#1134) ;
#1137=VERTEX_POINT('',#1136) ;
#1166=VERTEX_POINT('',#1165) ;
#1185=VERTEX_POINT('',#1184) ;
#1209=VERTEX_POINT('',#1208) ;
#1233=VERTEX_POINT('',#1232) ;
#1257=VERTEX_POINT('',#1256) ;
#1276=VERTEX_POINT('',#1275) ;
#1300=VERTEX_POINT('',#1299) ;
#1324=VERTEX_POINT('',#1323) ;
#1348=VERTEX_POINT('',#1347) ;
#1367=VERTEX_POINT('',#1366) ;
#1391=VERTEX_POINT('',#1390) ;
#1415=VERTEX_POINT('',#1414) ;
#1439=VERTEX_POINT('',#1438) ;
#1458=VERTEX_POINT('',#1457) ;
#1499=VERTEX_POINT('',#1498) ;
#1501=VERTEX_POINT('',#1500) ;
#1530=VERTEX_POINT('',#1529) ;
#1554=VERTEX_POINT('',#1553) ;
#1578=VERTEX_POINT('',#1577) ;
#1602=VERTEX_POINT('',#1601) ;
#1626=VERTEX_POINT('',#1625) ;
#1650=VERTEX_POINT('',#1649) ;
#1674=VERTEX_POINT('',#1673) ;
#1698=VERTEX_POINT('',#1697) ;
#1717=VERTEX_POINT('',#1716) ;
#1741=VERTEX_POINT('',#1740) ;
#1765=VERTEX_POINT('',#1764) ;
#1789=VERTEX_POINT('',#1788) ;
#1808=VERTEX_POINT('',#1807) ;
#1832=VERTEX_POINT('',#1831) ;
#1873=VERTEX_POINT('',#1872) ;
#1875=VERTEX_POINT('',#1874) ;
#1916=VERTEX_POINT('',#1915) ;
#1918=VERTEX_POINT('',#1917) ;
#1959=VERTEX_POINT('',#1958) ;
#1961=VERTEX_POINT('',#1960) ;
#2002=VERTEX_POINT('',#2001) ;
#2004=VERTEX_POINT('',#2003) ;
#2045=VERTEX_POINT('',#2044) ;
#2047=VERTEX_POINT('',#2046) ;
#2076=VERTEX_POINT('',#2075) ;
#2078=VERTEX_POINT('',#2077) ;
#2107=VERTEX_POINT('',#2106) ;
#2109=VERTEX_POINT('',#2108) ;
#2138=VERTEX_POINT('',#2137) ;
#2140=VERTEX_POINT('',#2139) ;
#2166=VERTEX_POINT('',#2165) ;
#2173=VERTEX_POINT('',#2172) ;
#2214=VERTEX_POINT('',#2213) ;
#2259=VERTEX_POINT('',#2258) ;
#2266=VERTEX_POINT('',#2265) ;
#2311=VERTEX_POINT('',#2310) ;
#2401=VERTEX_POINT('',#2400) ;
#2450=VERTEX_POINT('',#2449) ;
#2452=VERTEX_POINT('',#2451) ;
#2546=VERTEX_POINT('',#2545) ;
#2548=VERTEX_POINT('',#2547) ;
#2582=VERTEX_POINT('',#2581) ;
#2584=VERTEX_POINT('',#2583) ;
#2615=VERTEX_POINT('',#2614) ;
#2617=VERTEX_POINT('',#2616) ;
#2624=VERTEX_POINT('',#2623) ;
#2687=VERTEX_POINT('',#2686) ;
#2689=VERTEX_POINT('',#2688) ;
#2696=VERTEX_POINT('',#2695) ;
#41=(LENGTH_UNIT()NAMED_UNIT(*)SI_UNIT(.MILLI.,.METRE.)) ;
#42=(NAMED_UNIT(*)PLANE_ANGLE_UNIT()SI_UNIT($,.RADIAN.)) ;
#44=(NAMED_UNIT(*)SI_UNIT($,.STERADIAN.)SOLID_ANGLE_UNIT()) ;
#46=(GEOMETRIC_REPRESENTATION_CONTEXT(3)GLOBAL_UNCERTAINTY_ASSIGNED_CONTEXT((#45))GLOBAL_UNIT_ASSIGNED_CONTEXT((#41,#42,#44))REPRESENTATION_CONTEXT(' ',' ')) ;
ENDSEC;
END-ISO-10303-21;
