<?xml version="1.0" encoding="UTF-8"?>
<kml xmlns="http://www.opengis.net/kml/2.2" xmlns:gx="http://www.google.com/kml/ext/2.2">
<Document><name>Domaines de vol — Base de lancement de Ger (4)</name><open>1</open>
<Style id="s_cercle"><LineStyle><color>e6ffa022</color><width>2</width></LineStyle><LabelStyle><scale>0</scale></LabelStyle></Style>
<Style id="s_secteur"><LineStyle><color>f20088ff</color><width>2</width></LineStyle><LabelStyle><scale>0</scale></LabelStyle></Style>
<Style id="s_limites"><LineStyle><color>f2ffffff</color><width>3</width></LineStyle><LabelStyle><scale>0</scale></LabelStyle></Style>
<Style id="s_zone0"><LineStyle><color>ff00d2ff</color><width>2</width></LineStyle><PolyStyle><color>1f00d2ff</color><fill>1</fill><outline>1</outline></PolyStyle><LabelStyle><scale>0</scale></LabelStyle></Style>
<Style id="s_zone0_v"><LineStyle><color>ff00d2ff</color><width>2</width></LineStyle><PolyStyle><color>2600d2ff</color><fill>1</fill><outline>1</outline></PolyStyle><LabelStyle><scale>0</scale></LabelStyle></Style>
<Style id="s_zone0_l"><LineStyle><color>e600d2ff</color><width>2</width></LineStyle><LabelStyle><scale>0</scale></LabelStyle></Style>
<Style id="s_zone1"><LineStyle><color>ff0000ff</color><width>2</width></LineStyle><PolyStyle><color>330000ff</color><fill>1</fill><outline>1</outline></PolyStyle><LabelStyle><scale>0</scale></LabelStyle></Style>
<Style id="s_zone1_v"><LineStyle><color>ff0000ff</color><width>2</width></LineStyle><PolyStyle><color>260000ff</color><fill>1</fill><outline>1</outline></PolyStyle><LabelStyle><scale>0</scale></LabelStyle></Style>
<Style id="s_zone1_l"><LineStyle><color>e60000ff</color><width>2</width></LineStyle><LabelStyle><scale>0</scale></LabelStyle></Style>
<Style id="s_dom0"><LineStyle><color>ff0000ff</color><width>2</width></LineStyle><PolyStyle><color>470000ff</color><fill>1</fill><outline>1</outline></PolyStyle><LabelStyle><scale>0</scale></LabelStyle></Style>
<Style id="s_dom0_v"><LineStyle><color>ff0000ff</color><width>2</width></LineStyle><PolyStyle><color>260000ff</color><fill>1</fill><outline>1</outline></PolyStyle><LabelStyle><scale>0</scale></LabelStyle></Style>
<Style id="s_dom0_l"><LineStyle><color>f20000ff</color><width>2</width></LineStyle><LabelStyle><scale>0</scale></LabelStyle></Style>
<Style id="s_dom1"><LineStyle><color>ff00ff00</color><width>2</width></LineStyle><PolyStyle><color>4700ff00</color><fill>1</fill><outline>1</outline></PolyStyle><LabelStyle><scale>0</scale></LabelStyle></Style>
<Style id="s_dom1_v"><LineStyle><color>ff00ff00</color><width>2</width></LineStyle><PolyStyle><color>2600ff00</color><fill>1</fill><outline>1</outline></PolyStyle><LabelStyle><scale>0</scale></LabelStyle></Style>
<Style id="s_dom1_l"><LineStyle><color>f200ff00</color><width>2</width></LineStyle><LabelStyle><scale>0</scale></LabelStyle></Style>
<Style id="s_dom2"><LineStyle><color>ffff0000</color><width>2</width></LineStyle><PolyStyle><color>47ff0000</color><fill>1</fill><outline>1</outline></PolyStyle><LabelStyle><scale>0</scale></LabelStyle></Style>
<Style id="s_dom2_v"><LineStyle><color>ffff0000</color><width>2</width></LineStyle><PolyStyle><color>26ff0000</color><fill>1</fill><outline>1</outline></PolyStyle><LabelStyle><scale>0</scale></LabelStyle></Style>
<Style id="s_dom2_l"><LineStyle><color>f2ff0000</color><width>2</width></LineStyle><LabelStyle><scale>0</scale></LabelStyle></Style>
<Style id="s_dom3"><LineStyle><color>ffffff00</color><width>2</width></LineStyle><PolyStyle><color>47ffff00</color><fill>1</fill><outline>1</outline></PolyStyle><LabelStyle><scale>0</scale></LabelStyle></Style>
<Style id="s_dom3_v"><LineStyle><color>ffffff00</color><width>2</width></LineStyle><PolyStyle><color>26ffff00</color><fill>1</fill><outline>1</outline></PolyStyle><LabelStyle><scale>0</scale></LabelStyle></Style>
<Style id="s_dom3_l"><LineStyle><color>f2ffff00</color><width>2</width></LineStyle><LabelStyle><scale>0</scale></LabelStyle></Style>
<Style id="s_v0_0"><LineStyle><color>ff0000ff</color><width>3</width></LineStyle><PolyStyle><color>590000ff</color><fill>1</fill><outline>0</outline></PolyStyle><LabelStyle><scale>0</scale></LabelStyle></Style>
<Style id="s_v0_0_m"><LineStyle><color>590000ff</color><width>1.5</width></LineStyle><LabelStyle><scale>0</scale></LabelStyle></Style>
<Style id="s_v0_1"><LineStyle><color>ff0000ff</color><width>3</width></LineStyle><PolyStyle><color>590000ff</color><fill>1</fill><outline>0</outline></PolyStyle><LabelStyle><scale>0</scale></LabelStyle></Style>
<Style id="s_v0_1_m"><LineStyle><color>590000ff</color><width>1.5</width></LineStyle><LabelStyle><scale>0</scale></LabelStyle></Style>
<Style id="s_v0_2"><LineStyle><color>ff0000ff</color><width>3</width></LineStyle><PolyStyle><color>590000ff</color><fill>1</fill><outline>0</outline></PolyStyle><LabelStyle><scale>0</scale></LabelStyle></Style>
<Style id="s_v0_2_m"><LineStyle><color>590000ff</color><width>1.5</width></LineStyle><LabelStyle><scale>0</scale></LabelStyle></Style>
<Style id="s_v0_3"><LineStyle><color>ff0000ff</color><width>3</width></LineStyle><PolyStyle><color>590000ff</color><fill>1</fill><outline>0</outline></PolyStyle><LabelStyle><scale>0</scale></LabelStyle></Style>
<Style id="s_v0_3_m"><LineStyle><color>590000ff</color><width>1.5</width></LineStyle><LabelStyle><scale>0</scale></LabelStyle></Style>
<Style id="s_v1_0"><LineStyle><color>ff00ff00</color><width>3</width></LineStyle><PolyStyle><color>5900ff00</color><fill>1</fill><outline>0</outline></PolyStyle><LabelStyle><scale>0</scale></LabelStyle></Style>
<Style id="s_v1_0_m"><LineStyle><color>5900ff00</color><width>1.5</width></LineStyle><LabelStyle><scale>0</scale></LabelStyle></Style>
<Style id="s_v1_1"><LineStyle><color>ff00ff00</color><width>3</width></LineStyle><PolyStyle><color>5900ff00</color><fill>1</fill><outline>0</outline></PolyStyle><LabelStyle><scale>0</scale></LabelStyle></Style>
<Style id="s_v1_1_m"><LineStyle><color>5900ff00</color><width>1.5</width></LineStyle><LabelStyle><scale>0</scale></LabelStyle></Style>
<Style id="s_v1_2"><LineStyle><color>ff00ff00</color><width>3</width></LineStyle><PolyStyle><color>5900ff00</color><fill>1</fill><outline>0</outline></PolyStyle><LabelStyle><scale>0</scale></LabelStyle></Style>
<Style id="s_v1_2_m"><LineStyle><color>5900ff00</color><width>1.5</width></LineStyle><LabelStyle><scale>0</scale></LabelStyle></Style>
<Style id="s_v1_3"><LineStyle><color>ff00ff00</color><width>3</width></LineStyle><PolyStyle><color>5900ff00</color><fill>1</fill><outline>0</outline></PolyStyle><LabelStyle><scale>0</scale></LabelStyle></Style>
<Style id="s_v1_3_m"><LineStyle><color>5900ff00</color><width>1.5</width></LineStyle><LabelStyle><scale>0</scale></LabelStyle></Style>
<Style id="s_v2_0"><LineStyle><color>ffff0000</color><width>3</width></LineStyle><PolyStyle><color>59ff0000</color><fill>1</fill><outline>0</outline></PolyStyle><LabelStyle><scale>0</scale></LabelStyle></Style>
<Style id="s_v2_0_m"><LineStyle><color>59ff0000</color><width>1.5</width></LineStyle><LabelStyle><scale>0</scale></LabelStyle></Style>
<Style id="s_v2_1"><LineStyle><color>ffff0000</color><width>3</width></LineStyle><PolyStyle><color>59ff0000</color><fill>1</fill><outline>0</outline></PolyStyle><LabelStyle><scale>0</scale></LabelStyle></Style>
<Style id="s_v2_1_m"><LineStyle><color>59ff0000</color><width>1.5</width></LineStyle><LabelStyle><scale>0</scale></LabelStyle></Style>
<Style id="s_v2_2"><LineStyle><color>ffff0000</color><width>3</width></LineStyle><PolyStyle><color>59ff0000</color><fill>1</fill><outline>0</outline></PolyStyle><LabelStyle><scale>0</scale></LabelStyle></Style>
<Style id="s_v2_2_m"><LineStyle><color>59ff0000</color><width>1.5</width></LineStyle><LabelStyle><scale>0</scale></LabelStyle></Style>
<Style id="s_v2_3"><LineStyle><color>ffff0000</color><width>3</width></LineStyle><PolyStyle><color>59ff0000</color><fill>1</fill><outline>0</outline></PolyStyle><LabelStyle><scale>0</scale></LabelStyle></Style>
<Style id="s_v2_3_m"><LineStyle><color>59ff0000</color><width>1.5</width></LineStyle><LabelStyle><scale>0</scale></LabelStyle></Style>
<Style id="s_v3_0"><LineStyle><color>ff00ffff</color><width>3</width></LineStyle><PolyStyle><color>5900ffff</color><fill>1</fill><outline>0</outline></PolyStyle><LabelStyle><scale>0</scale></LabelStyle></Style>
<Style id="s_v3_0_m"><LineStyle><color>5900ffff</color><width>1.5</width></LineStyle><LabelStyle><scale>0</scale></LabelStyle></Style>
<Style id="s_v3_1"><LineStyle><color>ff00ffff</color><width>3</width></LineStyle><PolyStyle><color>5900ffff</color><fill>1</fill><outline>0</outline></PolyStyle><LabelStyle><scale>0</scale></LabelStyle></Style>
<Style id="s_v3_1_m"><LineStyle><color>5900ffff</color><width>1.5</width></LineStyle><LabelStyle><scale>0</scale></LabelStyle></Style>
<Style id="s_v3_2"><LineStyle><color>ff00ffff</color><width>3</width></LineStyle><PolyStyle><color>5900ffff</color><fill>1</fill><outline>0</outline></PolyStyle><LabelStyle><scale>0</scale></LabelStyle></Style>
<Style id="s_v3_2_m"><LineStyle><color>5900ffff</color><width>1.5</width></LineStyle><LabelStyle><scale>0</scale></LabelStyle></Style>
<Style id="s_v3_3"><LineStyle><color>ff00ffff</color><width>3</width></LineStyle><PolyStyle><color>5900ffff</color><fill>1</fill><outline>0</outline></PolyStyle><LabelStyle><scale>0</scale></LabelStyle></Style>
<Style id="s_v3_3_m"><LineStyle><color>5900ffff</color><width>1.5</width></LineStyle><LabelStyle><scale>0</scale></LabelStyle></Style>
<Style id="s_v4_0"><LineStyle><color>ffffff00</color><width>3</width></LineStyle><PolyStyle><color>59ffff00</color><fill>1</fill><outline>0</outline></PolyStyle><LabelStyle><scale>0</scale></LabelStyle></Style>
<Style id="s_v4_0_m"><LineStyle><color>59ffff00</color><width>1.5</width></LineStyle><LabelStyle><scale>0</scale></LabelStyle></Style>
<Style id="s_v4_1"><LineStyle><color>ffffff00</color><width>3</width></LineStyle><PolyStyle><color>59ffff00</color><fill>1</fill><outline>0</outline></PolyStyle><LabelStyle><scale>0</scale></LabelStyle></Style>
<Style id="s_v4_1_m"><LineStyle><color>59ffff00</color><width>1.5</width></LineStyle><LabelStyle><scale>0</scale></LabelStyle></Style>
<Style id="s_v4_2"><LineStyle><color>ffffff00</color><width>3</width></LineStyle><PolyStyle><color>59ffff00</color><fill>1</fill><outline>0</outline></PolyStyle><LabelStyle><scale>0</scale></LabelStyle></Style>
<Style id="s_v4_2_m"><LineStyle><color>59ffff00</color><width>1.5</width></LineStyle><LabelStyle><scale>0</scale></LabelStyle></Style>
<Style id="s_v4_3"><LineStyle><color>ffffff00</color><width>3</width></LineStyle><PolyStyle><color>59ffff00</color><fill>1</fill><outline>0</outline></PolyStyle><LabelStyle><scale>0</scale></LabelStyle></Style>
<Style id="s_v4_3_m"><LineStyle><color>59ffff00</color><width>1.5</width></LineStyle><LabelStyle><scale>0</scale></LabelStyle></Style>
<Folder><name>Zones</name><open>1</open>
<Placemark><name>Périmètre de la base</name><description>Zone « perimetre »&lt;br/&gt;Décor&lt;br/&gt;Surface : 823.2 ha&lt;br/&gt;Plafond : 3000 m</description><styleUrl>#s_zone0</styleUrl><Polygon><extrude>0</extrude><altitudeMode>clampToGround</altitudeMode><outerBoundaryIs><LinearRing><coordinates>-0.07362220,43.22199720,428.96 -0.04529440,43.22611110,428.96 -0.04557500,43.21689440,428.96 -0.04145560,43.20756390,428.96 -0.06411940,43.18800280,428.96 -0.07570280,43.19047780,428.96 -0.07362220,43.22199720,428.96</coordinates></LinearRing></outerBoundaryIs></Polygon></Placemark>
<Placemark><name>Périmètre de la base — arêtes</name><description>Zone « perimetre »&lt;br/&gt;Décor&lt;br/&gt;Surface : 823.2 ha&lt;br/&gt;Plafond : 3000 m</description><styleUrl>#s_zone0_l</styleUrl><MultiGeometry><LineString><altitudeMode>absolute</altitudeMode><coordinates>-0.07362220,43.22199720,428.96 -0.07362220,43.22199720,3428.96</coordinates></LineString><LineString><altitudeMode>absolute</altitudeMode><coordinates>-0.04529440,43.22611110,428.96 -0.04529440,43.22611110,3428.96</coordinates></LineString><LineString><altitudeMode>absolute</altitudeMode><coordinates>-0.04557500,43.21689440,428.96 -0.04557500,43.21689440,3428.96</coordinates></LineString><LineString><altitudeMode>absolute</altitudeMode><coordinates>-0.04145560,43.20756390,428.96 -0.04145560,43.20756390,3428.96</coordinates></LineString><LineString><altitudeMode>absolute</altitudeMode><coordinates>-0.06411940,43.18800280,428.96 -0.06411940,43.18800280,3428.96</coordinates></LineString><LineString><altitudeMode>absolute</altitudeMode><coordinates>-0.07570280,43.19047780,428.96 -0.07570280,43.19047780,3428.96</coordinates></LineString></MultiGeometry></Placemark>
<Placemark><name>Périmètre de la base — plafond</name><description>Plafond à 3000 m au-dessus du sol</description><styleUrl>#s_zone0_l</styleUrl><LineString><altitudeMode>absolute</altitudeMode><coordinates>-0.07362220,43.22199720,3428.96 -0.04529440,43.22611110,3428.96 -0.04557500,43.21689440,3428.96 -0.04145560,43.20756390,3428.96 -0.06411940,43.18800280,3428.96 -0.07570280,43.19047780,3428.96 -0.07362220,43.22199720,3428.96</coordinates></LineString></Placemark>
<Placemark><name>Zone rouge</name><description>Zone « zone_rouge »&lt;br/&gt;Décor&lt;br/&gt;Surface : 69.0 ha</description><styleUrl>#s_zone1</styleUrl><Polygon><extrude>0</extrude><altitudeMode>clampToGround</altitudeMode><outerBoundaryIs><LinearRing><coordinates>-0.06125000,43.20947220,428.96 -0.05688610,43.21667500,428.96 -0.05113610,43.21520000,428.96 -0.05724170,43.20332220,428.96 -0.06070830,43.20362500,428.96 -0.06125000,43.20947220,428.96</coordinates></LinearRing></outerBoundaryIs></Polygon></Placemark>
</Folder>
<Folder><name>Pas de tir</name><open>1</open>
<Placemark><name>Rampe FusEx</name><description>Identifiant : rampe_fusex&lt;br/&gt;Altitude sol : 429 m&lt;br/&gt;&lt;b&gt;Origine d'un domaine&lt;/b&gt;</description><Point><altitudeMode>clampToGround</altitudeMode><coordinates>-0.04733330,43.21843610,428.96</coordinates></Point></Placemark>
<Placemark><name>Rampe Minif</name><description>Identifiant : rampe_minif&lt;br/&gt;Altitude sol : 433 m</description><Point><altitudeMode>clampToGround</altitudeMode><coordinates>-0.05221670,43.22072500,428.96</coordinates></Point></Placemark>
</Folder>
<Folder><name>SP02 F85 — 214.6° ± 26.7°</name><open>0</open>
<Placemark><name>Domaine (R = 2143 m)</name><description>Pas de tir : Rampe FusEx&lt;br/&gt;Zone : Périmètre de la base&lt;br/&gt;Groupe : sp02_v3_F85&lt;br/&gt;Azimut : 214.6°&lt;br/&gt;Demi-angle : ± 26.7°&lt;br/&gt;Portée : 2143 m&lt;br/&gt;Surface : 476.1 ha</description><styleUrl>#s_dom0</styleUrl><Polygon><extrude>0</extrude><altitudeMode>clampToGround</altitudeMode><outerBoundaryIs><LinearRing><coordinates>-0.04733330,43.21843610,428.96 -0.07457530,43.20755858,428.96 -0.07570280,43.19047780,428.96 -0.06411940,43.18800280,428.96 -0.05097714,43.19934587,428.96 -0.04733330,43.21843610,428.96</coordinates></LinearRing></outerBoundaryIs></Polygon></Placemark>
<Placemark><name>Limite A</name><description>Azimut 241.3° — 2143 m</description><styleUrl>#s_limites</styleUrl><MultiGeometry><LineString><tessellate>1</tessellate><altitudeMode>clampToGround</altitudeMode><coordinates>-0.04733330,43.21843610,428.96 -0.04760386,43.21832807,428.96</coordinates></LineString><LineString><tessellate>1</tessellate><altitudeMode>clampToGround</altitudeMode><coordinates>-0.04776620,43.21826325,428.96 -0.04803677,43.21815521,428.96</coordinates></LineString><LineString><tessellate>1</tessellate><altitudeMode>clampToGround</altitudeMode><coordinates>-0.04819910,43.21809039,428.96 -0.04846967,43.21798236,428.96</coordinates></LineString><LineString><tessellate>1</tessellate><altitudeMode>clampToGround</altitudeMode><coordinates>-0.04863201,43.21791754,428.96 -0.04890257,43.21780950,428.96</coordinates></LineString><LineString><tessellate>1</tessellate><altitudeMode>clampToGround</altitudeMode><coordinates>-0.04906491,43.21774468,428.96 -0.04933547,43.21763665,428.96</coordinates></LineString><LineString><tessellate>1</tessellate><altitudeMode>clampToGround</altitudeMode><coordinates>-0.04949781,43.21757183,428.96 -0.04976838,43.21746379,428.96</coordinates></LineString><LineString><tessellate>1</tessellate><altitudeMode>clampToGround</altitudeMode><coordinates>-0.04993071,43.21739897,428.96 -0.05020128,43.21729094,428.96</coordinates></LineString><LineString><tessellate>1</tessellate><altitudeMode>clampToGround</altitudeMode><coordinates>-0.05036362,43.21722612,428.96 -0.05063418,43.21711808,428.96</coordinates></LineString><LineString><tessellate>1</tessellate><altitudeMode>clampToGround</altitudeMode><coordinates>-0.05079652,43.21705326,428.96 -0.05106708,43.21694523,428.96</coordinates></LineString><LineString><tessellate>1</tessellate><altitudeMode>clampToGround</altitudeMode><coordinates>-0.05122942,43.21688041,428.96 -0.05149999,43.21677238,428.96</coordinates></LineString><LineString><tessellate>1</tessellate><altitudeMode>clampToGround</altitudeMode><coordinates>-0.05166232,43.21670755,428.96 -0.05193289,43.21659952,428.96</coordinates></LineString><LineString><tessellate>1</tessellate><altitudeMode>clampToGround</altitudeMode><coordinates>-0.05209523,43.21653470,428.96 -0.05236579,43.21642667,428.96</coordinates></LineString><LineString><tessellate>1</tessellate><altitudeMode>clampToGround</altitudeMode><coordinates>-0.05252813,43.21636185,428.96 -0.05279869,43.21625381,428.96</coordinates></LineString><LineString><tessellate>1</tessellate><altitudeMode>clampToGround</altitudeMode><coordinates>-0.05296103,43.21618899,428.96 -0.05323159,43.21608096,428.96</coordinates></LineString><LineString><tessellate>1</tessellate><altitudeMode>clampToGround</altitudeMode><coordinates>-0.05339393,43.21601614,428.96 -0.05366450,43.21590810,428.96</coordinates></LineString><LineString><tessellate>1</tessellate><altitudeMode>clampToGround</altitudeMode><coordinates>-0.05382684,43.21584328,428.96 -0.05409740,43.21573525,428.96</coordinates></LineString><LineString><tessellate>1</tessellate><altitudeMode>clampToGround</altitudeMode><coordinates>-0.05425974,43.21567043,428.96 -0.05453030,43.21556239,428.96</coordinates></LineString><LineString><tessellate>1</tessellate><altitudeMode>clampToGround</altitudeMode><coordinates>-0.05469264,43.21549757,428.96 -0.05496320,43.21538954,428.96</coordinates></LineString><LineString><tessellate>1</tessellate><altitudeMode>clampToGround</altitudeMode><coordinates>-0.05512554,43.21532472,428.96 -0.05539611,43.21521668,428.96</coordinates></LineString><LineString><tessellate>1</tessellate><altitudeMode>clampToGround</altitudeMode><coordinates>-0.05555844,43.21515186,428.96 -0.05582901,43.21504383,428.96</coordinates></LineString><LineString><tessellate>1</tessellate><altitudeMode>clampToGround</altitudeMode><coordinates>-0.05599135,43.21497901,428.96 -0.05626191,43.21487098,428.96</coordinates></LineString><LineString><tessellate>1</tessellate><altitudeMode>clampToGround</altitudeMode><coordinates>-0.05642425,43.21480615,428.96 -0.05669481,43.21469812,428.96</coordinates></LineString><LineString><tessellate>1</tessellate><altitudeMode>clampToGround</altitudeMode><coordinates>-0.05685715,43.21463330,428.96 -0.05712772,43.21452527,428.96</coordinates></LineString><LineString><tessellate>1</tessellate><altitudeMode>clampToGround</altitudeMode><coordinates>-0.05729005,43.21446045,428.96 -0.05756062,43.21435241,428.96</coordinates></LineString><LineString><tessellate>1</tessellate><altitudeMode>clampToGround</altitudeMode><coordinates>-0.05772296,43.21428759,428.96 -0.05799352,43.21417956,428.96</coordinates></LineString><LineString><tessellate>1</tessellate><altitudeMode>clampToGround</altitudeMode><coordinates>-0.05815586,43.21411474,428.96 -0.05842642,43.21400670,428.96</coordinates></LineString><LineString><tessellate>1</tessellate><altitudeMode>clampToGround</altitudeMode><coordinates>-0.05858876,43.21394188,428.96 -0.05885932,43.21383385,428.96</coordinates></LineString><LineString><tessellate>1</tessellate><altitudeMode>clampToGround</altitudeMode><coordinates>-0.05902166,43.21376903,428.96 -0.05929223,43.21366099,428.96</coordinates></LineString><LineString><tessellate>1</tessellate><altitudeMode>clampToGround</altitudeMode><coordinates>-0.05945457,43.21359617,428.96 -0.05972513,43.21348814,428.96</coordinates></LineString><LineString><tessellate>1</tessellate><altitudeMode>clampToGround</altitudeMode><coordinates>-0.05988747,43.21342332,428.96 -0.06015803,43.21331528,428.96</coordinates></LineString><LineString><tessellate>1</tessellate><altitudeMode>clampToGround</altitudeMode><coordinates>-0.06032037,43.21325046,428.96 -0.06059093,43.21314243,428.96</coordinates></LineString><LineString><tessellate>1</tessellate><altitudeMode>clampToGround</altitudeMode><coordinates>-0.06075327,43.21307761,428.96 -0.06102384,43.21296958,428.96</coordinates></LineString><LineString><tessellate>1</tessellate><altitudeMode>clampToGround</altitudeMode><coordinates>-0.06118618,43.21290475,428.96 -0.06145674,43.21279672,428.96</coordinates></LineString><LineString><tessellate>1</tessellate><altitudeMode>clampToGround</altitudeMode><coordinates>-0.06161908,43.21273190,428.96 -0.06188964,43.21262387,428.96</coordinates></LineString><LineString><tessellate>1</tessellate><altitudeMode>clampToGround</altitudeMode><coordinates>-0.06205198,43.21255905,428.96 -0.06232254,43.21245101,428.96</coordinates></LineString><LineString><tessellate>1</tessellate><altitudeMode>clampToGround</altitudeMode><coordinates>-0.06248488,43.21238619,428.96 -0.06275545,43.21227816,428.96</coordinates></LineString><LineString><tessellate>1</tessellate><altitudeMode>clampToGround</altitudeMode><coordinates>-0.06291778,43.21221334,428.96 -0.06318835,43.21210530,428.96</coordinates></LineString><LineString><tessellate>1</tessellate><altitudeMode>clampToGround</altitudeMode><coordinates>-0.06335069,43.21204048,428.96 -0.06362125,43.21193245,428.96</coordinates></LineString><LineString><tessellate>1</tessellate><altitudeMode>clampToGround</altitudeMode><coordinates>-0.06378359,43.21186763,428.96 -0.06405415,43.21175959,428.96</coordinates></LineString><LineString><tessellate>1</tessellate><altitudeMode>clampToGround</altitudeMode><coordinates>-0.06421649,43.21169477,428.96 -0.06448706,43.21158674,428.96</coordinates></LineString><LineString><tessellate>1</tessellate><altitudeMode>clampToGround</altitudeMode><coordinates>-0.06464939,43.21152192,428.96 -0.06491996,43.21141388,428.96</coordinates></LineString><LineString><tessellate>1</tessellate><altitudeMode>clampToGround</altitudeMode><coordinates>-0.06508230,43.21134906,428.96 -0.06535286,43.21124103,428.96</coordinates></LineString><LineString><tessellate>1</tessellate><altitudeMode>clampToGround</altitudeMode><coordinates>-0.06551520,43.21117621,428.96 -0.06578576,43.21106818,428.96</coordinates></LineString><LineString><tessellate>1</tessellate><altitudeMode>clampToGround</altitudeMode><coordinates>-0.06594810,43.21100336,428.96 -0.06621866,43.21089532,428.96</coordinates></LineString><LineString><tessellate>1</tessellate><altitudeMode>clampToGround</altitudeMode><coordinates>-0.06638100,43.21083050,428.96 -0.06665157,43.21072247,428.96</coordinates></LineString><LineString><tessellate>1</tessellate><altitudeMode>clampToGround</altitudeMode><coordinates>-0.06681391,43.21065765,428.96 -0.06708447,43.21054961,428.96</coordinates></LineString><LineString><tessellate>1</tessellate><altitudeMode>clampToGround</altitudeMode><coordinates>-0.06724681,43.21048479,428.96 -0.06751737,43.21037676,428.96</coordinates></LineString><LineString><tessellate>1</tessellate><altitudeMode>clampToGround</altitudeMode><coordinates>-0.06767971,43.21031194,428.96 -0.06795027,43.21020390,428.96</coordinates></LineString><LineString><tessellate>1</tessellate><altitudeMode>clampToGround</altitudeMode><coordinates>-0.06811261,43.21013908,428.96 -0.06838318,43.21003105,428.96</coordinates></LineString><LineString><tessellate>1</tessellate><altitudeMode>clampToGround</altitudeMode><coordinates>-0.06854552,43.20996623,428.96 -0.06881608,43.20985819,428.96</coordinates></LineString><LineString><tessellate>1</tessellate><altitudeMode>clampToGround</altitudeMode><coordinates>-0.06897842,43.20979337,428.96 -0.06924898,43.20968534,428.96</coordinates></LineString><LineString><tessellate>1</tessellate><altitudeMode>clampToGround</altitudeMode><coordinates>-0.06941132,43.20962052,428.96 -0.06968188,43.20951248,428.96</coordinates></LineString><LineString><tessellate>1</tessellate><altitudeMode>clampToGround</altitudeMode><coordinates>-0.06984422,43.20944766,428.96 -0.07011479,43.20933963,428.96</coordinates></LineString><LineString><tessellate>1</tessellate><altitudeMode>clampToGround</altitudeMode><coordinates>-0.07027712,43.20927481,428.96 -0.07052821,43.20917455,428.96</coordinates></LineString></MultiGeometry></Placemark>
<Placemark><name>sp02_v3_F85 — A</name><description>Azimut 241.3° — 2143 m</description><Point><altitudeMode>clampToGround</altitudeMode><coordinates>-0.07052821,43.20917455,428.96</coordinates></Point></Placemark>
<Placemark><name>Limite B</name><description>Azimut 187.9° — 2143 m</description><styleUrl>#s_limites</styleUrl><MultiGeometry><LineString><tessellate>1</tessellate><altitudeMode>clampToGround</altitudeMode><coordinates>-0.04733330,43.21843610,428.96 -0.04737581,43.21821341,428.96</coordinates></LineString><LineString><tessellate>1</tessellate><altitudeMode>clampToGround</altitudeMode><coordinates>-0.04740131,43.21807980,428.96 -0.04744381,43.21785712,428.96</coordinates></LineString><LineString><tessellate>1</tessellate><altitudeMode>clampToGround</altitudeMode><coordinates>-0.04746932,43.21772350,428.96 -0.04751182,43.21750082,428.96</coordinates></LineString><LineString><tessellate>1</tessellate><altitudeMode>clampToGround</altitudeMode><coordinates>-0.04753732,43.21736721,428.96 -0.04757983,43.21714452,428.96</coordinates></LineString><LineString><tessellate>1</tessellate><altitudeMode>clampToGround</altitudeMode><coordinates>-0.04760533,43.21701091,428.96 -0.04764784,43.21678822,428.96</coordinates></LineString><LineString><tessellate>1</tessellate><altitudeMode>clampToGround</altitudeMode><coordinates>-0.04767334,43.21665461,428.96 -0.04771585,43.21643193,428.96</coordinates></LineString><LineString><tessellate>1</tessellate><altitudeMode>clampToGround</altitudeMode><coordinates>-0.04774135,43.21629831,428.96 -0.04778385,43.21607563,428.96</coordinates></LineString><LineString><tessellate>1</tessellate><altitudeMode>clampToGround</altitudeMode><coordinates>-0.04780936,43.21594202,428.96 -0.04785186,43.21571933,428.96</coordinates></LineString><LineString><tessellate>1</tessellate><altitudeMode>clampToGround</altitudeMode><coordinates>-0.04787737,43.21558572,428.96 -0.04791987,43.21536303,428.96</coordinates></LineString><LineString><tessellate>1</tessellate><altitudeMode>clampToGround</altitudeMode><coordinates>-0.04794537,43.21522942,428.96 -0.04798788,43.21500673,428.96</coordinates></LineString><LineString><tessellate>1</tessellate><altitudeMode>clampToGround</altitudeMode><coordinates>-0.04801338,43.21487312,428.96 -0.04805589,43.21465044,428.96</coordinates></LineString><LineString><tessellate>1</tessellate><altitudeMode>clampToGround</altitudeMode><coordinates>-0.04808139,43.21451683,428.96 -0.04812389,43.21429414,428.96</coordinates></LineString><LineString><tessellate>1</tessellate><altitudeMode>clampToGround</altitudeMode><coordinates>-0.04814940,43.21416053,428.96 -0.04819190,43.21393784,428.96</coordinates></LineString><LineString><tessellate>1</tessellate><altitudeMode>clampToGround</altitudeMode><coordinates>-0.04821741,43.21380423,428.96 -0.04825991,43.21358154,428.96</coordinates></LineString><LineString><tessellate>1</tessellate><altitudeMode>clampToGround</altitudeMode><coordinates>-0.04828541,43.21344793,428.96 -0.04832792,43.21322525,428.96</coordinates></LineString><LineString><tessellate>1</tessellate><altitudeMode>clampToGround</altitudeMode><coordinates>-0.04835342,43.21309163,428.96 -0.04839593,43.21286895,428.96</coordinates></LineString><LineString><tessellate>1</tessellate><altitudeMode>clampToGround</altitudeMode><coordinates>-0.04842143,43.21273534,428.96 -0.04846394,43.21251265,428.96</coordinates></LineString><LineString><tessellate>1</tessellate><altitudeMode>clampToGround</altitudeMode><coordinates>-0.04848944,43.21237904,428.96 -0.04853194,43.21215635,428.96</coordinates></LineString><LineString><tessellate>1</tessellate><altitudeMode>clampToGround</altitudeMode><coordinates>-0.04855745,43.21202274,428.96 -0.04859995,43.21180006,428.96</coordinates></LineString><LineString><tessellate>1</tessellate><altitudeMode>clampToGround</altitudeMode><coordinates>-0.04862545,43.21166644,428.96 -0.04866796,43.21144376,428.96</coordinates></LineString><LineString><tessellate>1</tessellate><altitudeMode>clampToGround</altitudeMode><coordinates>-0.04869346,43.21131015,428.96 -0.04873597,43.21108746,428.96</coordinates></LineString><LineString><tessellate>1</tessellate><altitudeMode>clampToGround</altitudeMode><coordinates>-0.04876147,43.21095385,428.96 -0.04880398,43.21073116,428.96</coordinates></LineString><LineString><tessellate>1</tessellate><altitudeMode>clampToGround</altitudeMode><coordinates>-0.04882948,43.21059755,428.96 -0.04887198,43.21037486,428.96</coordinates></LineString><LineString><tessellate>1</tessellate><altitudeMode>clampToGround</altitudeMode><coordinates>-0.04889749,43.21024125,428.96 -0.04893999,43.21001857,428.96</coordinates></LineString><LineString><tessellate>1</tessellate><altitudeMode>clampToGround</altitudeMode><coordinates>-0.04896550,43.20988495,428.96 -0.04900800,43.20966227,428.96</coordinates></LineString><LineString><tessellate>1</tessellate><altitudeMode>clampToGround</altitudeMode><coordinates>-0.04903350,43.20952866,428.96 -0.04907601,43.20930597,428.96</coordinates></LineString><LineString><tessellate>1</tessellate><altitudeMode>clampToGround</altitudeMode><coordinates>-0.04910151,43.20917236,428.96 -0.04914402,43.20894967,428.96</coordinates></LineString><LineString><tessellate>1</tessellate><altitudeMode>clampToGround</altitudeMode><coordinates>-0.04916952,43.20881606,428.96 -0.04921203,43.20859338,428.96</coordinates></LineString><LineString><tessellate>1</tessellate><altitudeMode>clampToGround</altitudeMode><coordinates>-0.04923753,43.20845976,428.96 -0.04928003,43.20823708,428.96</coordinates></LineString><LineString><tessellate>1</tessellate><altitudeMode>clampToGround</altitudeMode><coordinates>-0.04930554,43.20810347,428.96 -0.04934804,43.20788078,428.96</coordinates></LineString><LineString><tessellate>1</tessellate><altitudeMode>clampToGround</altitudeMode><coordinates>-0.04937354,43.20774717,428.96 -0.04941605,43.20752448,428.96</coordinates></LineString><LineString><tessellate>1</tessellate><altitudeMode>clampToGround</altitudeMode><coordinates>-0.04944155,43.20739087,428.96 -0.04948406,43.20716818,428.96</coordinates></LineString><LineString><tessellate>1</tessellate><altitudeMode>clampToGround</altitudeMode><coordinates>-0.04950956,43.20703457,428.96 -0.04955207,43.20681189,428.96</coordinates></LineString><LineString><tessellate>1</tessellate><altitudeMode>clampToGround</altitudeMode><coordinates>-0.04957757,43.20667828,428.96 -0.04962007,43.20645559,428.96</coordinates></LineString><LineString><tessellate>1</tessellate><altitudeMode>clampToGround</altitudeMode><coordinates>-0.04964558,43.20632198,428.96 -0.04968808,43.20609929,428.96</coordinates></LineString><LineString><tessellate>1</tessellate><altitudeMode>clampToGround</altitudeMode><coordinates>-0.04971359,43.20596568,428.96 -0.04975609,43.20574299,428.96</coordinates></LineString><LineString><tessellate>1</tessellate><altitudeMode>clampToGround</altitudeMode><coordinates>-0.04978159,43.20560938,428.96 -0.04982410,43.20538670,428.96</coordinates></LineString><LineString><tessellate>1</tessellate><altitudeMode>clampToGround</altitudeMode><coordinates>-0.04984960,43.20525308,428.96 -0.04989211,43.20503040,428.96</coordinates></LineString><LineString><tessellate>1</tessellate><altitudeMode>clampToGround</altitudeMode><coordinates>-0.04991761,43.20489679,428.96 -0.04996011,43.20467410,428.96</coordinates></LineString><LineString><tessellate>1</tessellate><altitudeMode>clampToGround</altitudeMode><coordinates>-0.04998562,43.20454049,428.96 -0.05002812,43.20431780,428.96</coordinates></LineString><LineString><tessellate>1</tessellate><altitudeMode>clampToGround</altitudeMode><coordinates>-0.05005363,43.20418419,428.96 -0.05009613,43.20396151,428.96</coordinates></LineString><LineString><tessellate>1</tessellate><altitudeMode>clampToGround</altitudeMode><coordinates>-0.05012163,43.20382789,428.96 -0.05016414,43.20360521,428.96</coordinates></LineString><LineString><tessellate>1</tessellate><altitudeMode>clampToGround</altitudeMode><coordinates>-0.05018964,43.20347160,428.96 -0.05023215,43.20324891,428.96</coordinates></LineString><LineString><tessellate>1</tessellate><altitudeMode>clampToGround</altitudeMode><coordinates>-0.05025765,43.20311530,428.96 -0.05030016,43.20289261,428.96</coordinates></LineString><LineString><tessellate>1</tessellate><altitudeMode>clampToGround</altitudeMode><coordinates>-0.05032566,43.20275900,428.96 -0.05036816,43.20253631,428.96</coordinates></LineString><LineString><tessellate>1</tessellate><altitudeMode>clampToGround</altitudeMode><coordinates>-0.05039367,43.20240270,428.96 -0.05043617,43.20218002,428.96</coordinates></LineString><LineString><tessellate>1</tessellate><altitudeMode>clampToGround</altitudeMode><coordinates>-0.05046168,43.20204641,428.96 -0.05050418,43.20182372,428.96</coordinates></LineString><LineString><tessellate>1</tessellate><altitudeMode>clampToGround</altitudeMode><coordinates>-0.05052968,43.20169011,428.96 -0.05057219,43.20146742,428.96</coordinates></LineString><LineString><tessellate>1</tessellate><altitudeMode>clampToGround</altitudeMode><coordinates>-0.05059769,43.20133381,428.96 -0.05064020,43.20111112,428.96</coordinates></LineString><LineString><tessellate>1</tessellate><altitudeMode>clampToGround</altitudeMode><coordinates>-0.05066570,43.20097751,428.96 -0.05070820,43.20075483,428.96</coordinates></LineString><LineString><tessellate>1</tessellate><altitudeMode>clampToGround</altitudeMode><coordinates>-0.05073371,43.20062121,428.96 -0.05077621,43.20039853,428.96</coordinates></LineString><LineString><tessellate>1</tessellate><altitudeMode>clampToGround</altitudeMode><coordinates>-0.05080172,43.20026492,428.96 -0.05084422,43.20004223,428.96</coordinates></LineString><LineString><tessellate>1</tessellate><altitudeMode>clampToGround</altitudeMode><coordinates>-0.05086972,43.19990862,428.96 -0.05091223,43.19968593,428.96</coordinates></LineString><LineString><tessellate>1</tessellate><altitudeMode>clampToGround</altitudeMode><coordinates>-0.05093773,43.19955232,428.96 -0.05097718,43.19934567,428.96</coordinates></LineString></MultiGeometry></Placemark>
<Placemark><name>sp02_v3_F85 — B</name><description>Azimut 187.9° — 2143 m</description><Point><altitudeMode>clampToGround</altitudeMode><coordinates>-0.05097718,43.19934567,428.96</coordinates></Point></Placemark>
<Placemark><name>Contour du secteur</name><description>Secteur demandé, non découpé par la zone</description><styleUrl>#s_secteur</styleUrl><MultiGeometry><LineString><tessellate>1</tessellate><altitudeMode>clampToGround</altitudeMode><coordinates>-0.04733330,43.21843610,428.96 -0.07052821,43.20917455,428.96 -0.07007612,43.20859712,428.96 -0.06959697,43.20803138,428.96 -0.06909133,43.20747803,428.96 -0.06855981,43.20693771,428.96 -0.06800303,43.20641107,428.96 -0.06742166,43.20589874,428.96 -0.06681639,43.20540133,428.96 -0.06618794,43.20491942,428.96 -0.06553706,43.20445360,428.96 -0.06486453,43.20400441,428.96 -0.06417113,43.20357239,428.96 -0.06345770,43.20315805,428.96 -0.06272509,43.20276189,428.96 -0.06197417,43.20238438,428.96 -0.06120583,43.20202597,428.96 -0.06042098,43.20168708,428.96 -0.05962056,43.20136811,428.96 -0.05880553,43.20106945,428.96 -0.05797684,43.20079146,428.96 -0.05713550,43.20053446,428.96 -0.05628249,43.20029875,428.96 -0.05541883,43.20008462,428.96 -0.05454555,43.19989233,428.96 -0.05366370,43.19972210,428.96 -0.05277431,43.19957413,428.96 -0.05187845,43.19944860,428.96 -0.05097718,43.19934567,428.96 -0.04733330,43.21843610,428.96</coordinates></LineString></MultiGeometry></Placemark>
<Placemark><name>Cercle de portée (2143 m)</name><description></description><styleUrl>#s_cercle</styleUrl><MultiGeometry><LineString><tessellate>1</tessellate><altitudeMode>clampToGround</altitudeMode><coordinates>-0.02088489,43.21843610,428.96 -0.02090100,43.21910876,428.96 -0.02094932,43.21978060,428.96 -0.02102978,43.22045081,428.96 -0.02114228,43.22111855,428.96 -0.02128670,43.22178304,428.96 -0.02146285,43.22244344,428.96 -0.02167052,43.22309896,428.96 -0.02190946,43.22374880,428.96 -0.02217937,43.22439217,428.96 -0.02247992,43.22502828,428.96 -0.02281076,43.22565636,428.96 -0.02317148,43.22627564,428.96 -0.02356163,43.22688537,428.96 -0.02398074,43.22748480,428.96 -0.02442831,43.22807322,428.96 -0.02490378,43.22864989,428.96 -0.02540657,43.22921411,428.96 -0.02593609,43.22976521,428.96 -0.02649167,43.23030250,428.96 -0.02707264,43.23082534,428.96 -0.02767830,43.23133308,428.96 -0.02830791,43.23182511,428.96 -0.02896069,43.23230082,428.96 -0.02963586,43.23275965,428.96 -0.03033259,43.23320102,428.96 -0.03105003,43.23362440,428.96 -0.03178731,43.23402928,428.96 -0.03254354,43.23441516,428.96 -0.03331778,43.23478158,428.96 -0.03410910,43.23512808,428.96 -0.03491652,43.23545424,428.96 -0.03573908,43.23575967,428.96 -0.03657576,43.23604399,428.96 -0.03742555,43.23630686,428.96 -0.03828741,43.23654796,428.96 -0.03916029,43.23676699,428.96 -0.04004313,43.23696368,428.96 -0.04093485,43.23713781,428.96 -0.04183437,43.23728915,428.96 -0.04274058,43.23741752,428.96 -0.04365239,43.23752276,428.96 -0.04456869,43.23760475,428.96 -0.04548835,43.23766338,428.96 -0.04641026,43.23769859,428.96 -0.04733330,43.23771033,428.96 -0.04825634,43.23769859,428.96 -0.04917825,43.23766338,428.96 -0.05009791,43.23760475,428.96 -0.05101421,43.23752276,428.96 -0.05192602,43.23741752,428.96 -0.05283223,43.23728915,428.96 -0.05373175,43.23713781,428.96 -0.05462347,43.23696368,428.96 -0.05550631,43.23676699,428.96 -0.05637919,43.23654796,428.96 -0.05724105,43.23630686,428.96 -0.05809084,43.23604399,428.96 -0.05892752,43.23575967,428.96 -0.05975008,43.23545424,428.96 -0.06055750,43.23512808,428.96 -0.06134882,43.23478158,428.96 -0.06212306,43.23441516,428.96 -0.06287929,43.23402928,428.96 -0.06361657,43.23362440,428.96 -0.06433401,43.23320102,428.96 -0.06503074,43.23275965,428.96 -0.06570591,43.23230082,428.96 -0.06635869,43.23182511,428.96 -0.06698830,43.23133308,428.96 -0.06759396,43.23082534,428.96 -0.06817493,43.23030250,428.96 -0.06873051,43.22976521,428.96 -0.06926003,43.22921411,428.96 -0.06976282,43.22864989,428.96 -0.07023829,43.22807322,428.96 -0.07068586,43.22748480,428.96 -0.07110497,43.22688537,428.96 -0.07149512,43.22627564,428.96 -0.07185584,43.22565636,428.96 -0.07218668,43.22502828,428.96 -0.07248723,43.22439217,428.96 -0.07275714,43.22374880,428.96 -0.07299608,43.22309896,428.96 -0.07320375,43.22244344,428.96 -0.07337990,43.22178304,428.96 -0.07352432,43.22111855,428.96 -0.07363682,43.22045081,428.96 -0.07371728,43.21978060,428.96 -0.07376560,43.21910876,428.96 -0.07378171,43.21843610,428.96 -0.07376560,43.21776344,428.96 -0.07371728,43.21709160,428.96 -0.07363682,43.21642139,428.96 -0.07352432,43.21575365,428.96 -0.07337990,43.21508916,428.96 -0.07320375,43.21442876,428.96 -0.07299608,43.21377324,428.96 -0.07275714,43.21312340,428.96 -0.07248723,43.21248003,428.96 -0.07218668,43.21184392,428.96 -0.07185584,43.21121584,428.96 -0.07149512,43.21059656,428.96 -0.07110497,43.20998683,428.96 -0.07068586,43.20938740,428.96 -0.07023829,43.20879898,428.96 -0.06976282,43.20822231,428.96 -0.06926003,43.20765809,428.96 -0.06873051,43.20710699,428.96 -0.06817493,43.20656970,428.96 -0.06759396,43.20604686,428.96 -0.06698830,43.20553912,428.96 -0.06635869,43.20504709,428.96 -0.06570591,43.20457138,428.96 -0.06503074,43.20411255,428.96 -0.06433401,43.20367118,428.96 -0.06361657,43.20324780,428.96 -0.06287929,43.20284292,428.96 -0.06212306,43.20245704,428.96 -0.06134882,43.20209062,428.96 -0.06055750,43.20174412,428.96 -0.05975008,43.20141796,428.96 -0.05892752,43.20111253,428.96 -0.05809084,43.20082821,428.96 -0.05724105,43.20056534,428.96 -0.05637919,43.20032424,428.96 -0.05550631,43.20010521,428.96 -0.05462347,43.19990852,428.96 -0.05373175,43.19973439,428.96 -0.05283223,43.19958305,428.96 -0.05192602,43.19945468,428.96 -0.05101421,43.19934944,428.96 -0.05009791,43.19926745,428.96 -0.04917825,43.19920882,428.96 -0.04825634,43.19917361,428.96 -0.04733330,43.19916187,428.96 -0.04641026,43.19917361,428.96 -0.04548835,43.19920882,428.96 -0.04456869,43.19926745,428.96 -0.04365239,43.19934944,428.96 -0.04274058,43.19945468,428.96 -0.04183437,43.19958305,428.96 -0.04093485,43.19973439,428.96 -0.04004313,43.19990852,428.96 -0.03916029,43.20010521,428.96 -0.03828741,43.20032424,428.96 -0.03742555,43.20056534,428.96 -0.03657576,43.20082821,428.96 -0.03573908,43.20111253,428.96 -0.03491652,43.20141796,428.96 -0.03410910,43.20174412,428.96 -0.03331778,43.20209062,428.96 -0.03254354,43.20245704,428.96 -0.03178731,43.20284292,428.96 -0.03105003,43.20324780,428.96 -0.03033259,43.20367118,428.96 -0.02963586,43.20411255,428.96 -0.02896069,43.20457138,428.96 -0.02830791,43.20504709,428.96 -0.02767830,43.20553912,428.96 -0.02707264,43.20604686,428.96 -0.02649167,43.20656970,428.96 -0.02593609,43.20710699,428.96 -0.02540657,43.20765809,428.96 -0.02490378,43.20822231,428.96 -0.02442831,43.20879898,428.96 -0.02398074,43.20938740,428.96 -0.02356163,43.20998683,428.96 -0.02317148,43.21059656,428.96 -0.02281076,43.21121584,428.96 -0.02247992,43.21184392,428.96 -0.02217937,43.21248003,428.96 -0.02190946,43.21312340,428.96 -0.02167052,43.21377324,428.96 -0.02146285,43.21442876,428.96 -0.02128670,43.21508916,428.96 -0.02114228,43.21575365,428.96 -0.02102978,43.21642139,428.96 -0.02094932,43.21709160,428.96 -0.02090100,43.21776344,428.96 -0.02088489,43.21843610,428.96</coordinates></LineString></MultiGeometry></Placemark>
</Folder>
<Folder><name>SP02 G150 — 214.6° ± 24.2°</name><open>0</open>
<Placemark><name>Domaine (R = 2300 m)</name><description>Pas de tir : Rampe FusEx&lt;br/&gt;Zone : Périmètre de la base&lt;br/&gt;Groupe : sp02_v3_G150&lt;br/&gt;Azimut : 214.6°&lt;br/&gt;Demi-angle : ± 24.2°&lt;br/&gt;Portée : 2300 m&lt;br/&gt;Surface : 451.7 ha</description><styleUrl>#s_dom1</styleUrl><Polygon><extrude>0</extrude><altitudeMode>clampToGround</altitudeMode><outerBoundaryIs><LinearRing><coordinates>-0.04733330,43.21843610,428.96 -0.07465183,43.20639912,428.96 -0.07570280,43.19047780,428.96 -0.06411940,43.18800280,428.96 -0.05243741,43.19808551,428.96 -0.04733330,43.21843610,428.96</coordinates></LinearRing></outerBoundaryIs></Polygon></Placemark>
<Placemark><name>Limite A</name><description>Azimut 238.8° — 2300 m</description><styleUrl>#s_limites</styleUrl><MultiGeometry><LineString><tessellate>1</tessellate><altitudeMode>clampToGround</altitudeMode><coordinates>-0.04733330,43.21843610,428.96 -0.04759731,43.21831977,428.96</coordinates></LineString><LineString><tessellate>1</tessellate><altitudeMode>clampToGround</altitudeMode><coordinates>-0.04775572,43.21824998,428.96 -0.04801973,43.21813365,428.96</coordinates></LineString><LineString><tessellate>1</tessellate><altitudeMode>clampToGround</altitudeMode><coordinates>-0.04817813,43.21806385,428.96 -0.04844214,43.21794753,428.96</coordinates></LineString><LineString><tessellate>1</tessellate><altitudeMode>clampToGround</altitudeMode><coordinates>-0.04860055,43.21787773,428.96 -0.04886456,43.21776140,428.96</coordinates></LineString><LineString><tessellate>1</tessellate><altitudeMode>clampToGround</altitudeMode><coordinates>-0.04902296,43.21769161,428.96 -0.04928698,43.21757528,428.96</coordinates></LineString><LineString><tessellate>1</tessellate><altitudeMode>clampToGround</altitudeMode><coordinates>-0.04944538,43.21750548,428.96 -0.04970939,43.21738916,428.96</coordinates></LineString><LineString><tessellate>1</tessellate><altitudeMode>clampToGround</altitudeMode><coordinates>-0.04986780,43.21731936,428.96 -0.05013181,43.21720303,428.96</coordinates></LineString><LineString><tessellate>1</tessellate><altitudeMode>clampToGround</altitudeMode><coordinates>-0.05029021,43.21713324,428.96 -0.05055422,43.21701691,428.96</coordinates></LineString><LineString><tessellate>1</tessellate><altitudeMode>clampToGround</altitudeMode><coordinates>-0.05071263,43.21694711,428.96 -0.05097664,43.21683079,428.96</coordinates></LineString><LineString><tessellate>1</tessellate><altitudeMode>clampToGround</altitudeMode><coordinates>-0.05113505,43.21676099,428.96 -0.05139906,43.21664466,428.96</coordinates></LineString><LineString><tessellate>1</tessellate><altitudeMode>clampToGround</altitudeMode><coordinates>-0.05155746,43.21657487,428.96 -0.05182147,43.21645854,428.96</coordinates></LineString><LineString><tessellate>1</tessellate><altitudeMode>clampToGround</altitudeMode><coordinates>-0.05197988,43.21638874,428.96 -0.05224389,43.21627242,428.96</coordinates></LineString><LineString><tessellate>1</tessellate><altitudeMode>clampToGround</altitudeMode><coordinates>-0.05240229,43.21620262,428.96 -0.05266630,43.21608629,428.96</coordinates></LineString><LineString><tessellate>1</tessellate><altitudeMode>clampToGround</altitudeMode><coordinates>-0.05282471,43.21601650,428.96 -0.05308872,43.21590017,428.96</coordinates></LineString><LineString><tessellate>1</tessellate><altitudeMode>clampToGround</altitudeMode><coordinates>-0.05324713,43.21583037,428.96 -0.05351114,43.21571405,428.96</coordinates></LineString><LineString><tessellate>1</tessellate><altitudeMode>clampToGround</altitudeMode><coordinates>-0.05366954,43.21564425,428.96 -0.05393355,43.21552792,428.96</coordinates></LineString><LineString><tessellate>1</tessellate><altitudeMode>clampToGround</altitudeMode><coordinates>-0.05409196,43.21545813,428.96 -0.05435597,43.21534180,428.96</coordinates></LineString><LineString><tessellate>1</tessellate><altitudeMode>clampToGround</altitudeMode><coordinates>-0.05451438,43.21527200,428.96 -0.05477839,43.21515568,428.96</coordinates></LineString><LineString><tessellate>1</tessellate><altitudeMode>clampToGround</altitudeMode><coordinates>-0.05493679,43.21508588,428.96 -0.05520080,43.21496955,428.96</coordinates></LineString><LineString><tessellate>1</tessellate><altitudeMode>clampToGround</altitudeMode><coordinates>-0.05535921,43.21489976,428.96 -0.05562322,43.21478343,428.96</coordinates></LineString><LineString><tessellate>1</tessellate><altitudeMode>clampToGround</altitudeMode><coordinates>-0.05578162,43.21471363,428.96 -0.05604563,43.21459731,428.96</coordinates></LineString><LineString><tessellate>1</tessellate><altitudeMode>clampToGround</altitudeMode><coordinates>-0.05620404,43.21452751,428.96 -0.05646805,43.21441118,428.96</coordinates></LineString><LineString><tessellate>1</tessellate><altitudeMode>clampToGround</altitudeMode><coordinates>-0.05662646,43.21434139,428.96 -0.05689047,43.21422506,428.96</coordinates></LineString><LineString><tessellate>1</tessellate><altitudeMode>clampToGround</altitudeMode><coordinates>-0.05704887,43.21415526,428.96 -0.05731288,43.21403894,428.96</coordinates></LineString><LineString><tessellate>1</tessellate><altitudeMode>clampToGround</altitudeMode><coordinates>-0.05747129,43.21396914,428.96 -0.05773530,43.21385281,428.96</coordinates></LineString><LineString><tessellate>1</tessellate><altitudeMode>clampToGround</altitudeMode><coordinates>-0.05789371,43.21378302,428.96 -0.05815772,43.21366669,428.96</coordinates></LineString><LineString><tessellate>1</tessellate><altitudeMode>clampToGround</altitudeMode><coordinates>-0.05831612,43.21359689,428.96 -0.05858013,43.21348057,428.96</coordinates></LineString><LineString><tessellate>1</tessellate><altitudeMode>clampToGround</altitudeMode><coordinates>-0.05873854,43.21341077,428.96 -0.05900255,43.21329444,428.96</coordinates></LineString><LineString><tessellate>1</tessellate><altitudeMode>clampToGround</altitudeMode><coordinates>-0.05916095,43.21322465,428.96 -0.05942496,43.21310832,428.96</coordinates></LineString><LineString><tessellate>1</tessellate><altitudeMode>clampToGround</altitudeMode><coordinates>-0.05958337,43.21303852,428.96 -0.05984738,43.21292220,428.96</coordinates></LineString><LineString><tessellate>1</tessellate><altitudeMode>clampToGround</altitudeMode><coordinates>-0.06000579,43.21285240,428.96 -0.06026980,43.21273607,428.96</coordinates></LineString><LineString><tessellate>1</tessellate><altitudeMode>clampToGround</altitudeMode><coordinates>-0.06042820,43.21266628,428.96 -0.06069221,43.21254995,428.96</coordinates></LineString><LineString><tessellate>1</tessellate><altitudeMode>clampToGround</altitudeMode><coordinates>-0.06085062,43.21248015,428.96 -0.06111463,43.21236383,428.96</coordinates></LineString><LineString><tessellate>1</tessellate><altitudeMode>clampToGround</altitudeMode><coordinates>-0.06127304,43.21229403,428.96 -0.06153705,43.21217770,428.96</coordinates></LineString><LineString><tessellate>1</tessellate><altitudeMode>clampToGround</altitudeMode><coordinates>-0.06169545,43.21210791,428.96 -0.06195946,43.21199158,428.96</coordinates></LineString><LineString><tessellate>1</tessellate><altitudeMode>clampToGround</altitudeMode><coordinates>-0.06211787,43.21192178,428.96 -0.06238188,43.21180546,428.96</coordinates></LineString><LineString><tessellate>1</tessellate><altitudeMode>clampToGround</altitudeMode><coordinates>-0.06254028,43.21173566,428.96 -0.06280429,43.21161933,428.96</coordinates></LineString><LineString><tessellate>1</tessellate><altitudeMode>clampToGround</altitudeMode><coordinates>-0.06296270,43.21154954,428.96 -0.06322671,43.21143321,428.96</coordinates></LineString><LineString><tessellate>1</tessellate><altitudeMode>clampToGround</altitudeMode><coordinates>-0.06338512,43.21136341,428.96 -0.06364913,43.21124709,428.96</coordinates></LineString><LineString><tessellate>1</tessellate><altitudeMode>clampToGround</altitudeMode><coordinates>-0.06380753,43.21117729,428.96 -0.06407154,43.21106096,428.96</coordinates></LineString><LineString><tessellate>1</tessellate><altitudeMode>clampToGround</altitudeMode><coordinates>-0.06422995,43.21099117,428.96 -0.06449396,43.21087484,428.96</coordinates></LineString><LineString><tessellate>1</tessellate><altitudeMode>clampToGround</altitudeMode><coordinates>-0.06465237,43.21080505,428.96 -0.06491638,43.21068872,428.96</coordinates></LineString><LineString><tessellate>1</tessellate><altitudeMode>clampToGround</altitudeMode><coordinates>-0.06507478,43.21061892,428.96 -0.06533879,43.21050259,428.96</coordinates></LineString><LineString><tessellate>1</tessellate><altitudeMode>clampToGround</altitudeMode><coordinates>-0.06549720,43.21043280,428.96 -0.06576121,43.21031647,428.96</coordinates></LineString><LineString><tessellate>1</tessellate><altitudeMode>clampToGround</altitudeMode><coordinates>-0.06591961,43.21024668,428.96 -0.06618362,43.21013035,428.96</coordinates></LineString><LineString><tessellate>1</tessellate><altitudeMode>clampToGround</altitudeMode><coordinates>-0.06634203,43.21006055,428.96 -0.06660604,43.20994422,428.96</coordinates></LineString><LineString><tessellate>1</tessellate><altitudeMode>clampToGround</altitudeMode><coordinates>-0.06676445,43.20987443,428.96 -0.06702846,43.20975810,428.96</coordinates></LineString><LineString><tessellate>1</tessellate><altitudeMode>clampToGround</altitudeMode><coordinates>-0.06718686,43.20968831,428.96 -0.06745087,43.20957198,428.96</coordinates></LineString><LineString><tessellate>1</tessellate><altitudeMode>clampToGround</altitudeMode><coordinates>-0.06760928,43.20950218,428.96 -0.06787329,43.20938585,428.96</coordinates></LineString><LineString><tessellate>1</tessellate><altitudeMode>clampToGround</altitudeMode><coordinates>-0.06803170,43.20931606,428.96 -0.06829571,43.20919973,428.96</coordinates></LineString><LineString><tessellate>1</tessellate><altitudeMode>clampToGround</altitudeMode><coordinates>-0.06845411,43.20912994,428.96 -0.06871812,43.20901361,428.96</coordinates></LineString><LineString><tessellate>1</tessellate><altitudeMode>clampToGround</altitudeMode><coordinates>-0.06887653,43.20894381,428.96 -0.06914054,43.20882749,428.96</coordinates></LineString><LineString><tessellate>1</tessellate><altitudeMode>clampToGround</altitudeMode><coordinates>-0.06929894,43.20875769,428.96 -0.06956295,43.20864136,428.96</coordinates></LineString><LineString><tessellate>1</tessellate><altitudeMode>clampToGround</altitudeMode><coordinates>-0.06972136,43.20857157,428.96 -0.06998537,43.20845524,428.96</coordinates></LineString><LineString><tessellate>1</tessellate><altitudeMode>clampToGround</altitudeMode><coordinates>-0.07014378,43.20838544,428.96 -0.07040779,43.20826912,428.96</coordinates></LineString><LineString><tessellate>1</tessellate><altitudeMode>clampToGround</altitudeMode><coordinates>-0.07056619,43.20819932,428.96 -0.07083020,43.20808299,428.96</coordinates></LineString><LineString><tessellate>1</tessellate><altitudeMode>clampToGround</altitudeMode><coordinates>-0.07098861,43.20801320,428.96 -0.07125262,43.20789687,428.96</coordinates></LineString><LineString><tessellate>1</tessellate><altitudeMode>clampToGround</altitudeMode><coordinates>-0.07141102,43.20782707,428.96 -0.07162540,43.20773261,428.96</coordinates></LineString></MultiGeometry></Placemark>
<Placemark><name>sp02_v3_G150 — A</name><description>Azimut 238.8° — 2300 m</description><Point><altitudeMode>clampToGround</altitudeMode><coordinates>-0.07162540,43.20773261,428.96</coordinates></Point></Placemark>
<Placemark><name>Limite B</name><description>Azimut 190.4° — 2300 m</description><styleUrl>#s_limites</styleUrl><MultiGeometry><LineString><tessellate>1</tessellate><altitudeMode>clampToGround</altitudeMode><coordinates>-0.04733330,43.21843610,428.96 -0.04738877,43.21821493,428.96</coordinates></LineString><LineString><tessellate>1</tessellate><altitudeMode>clampToGround</altitudeMode><coordinates>-0.04742205,43.21808223,428.96 -0.04747752,43.21786107,428.96</coordinates></LineString><LineString><tessellate>1</tessellate><altitudeMode>clampToGround</altitudeMode><coordinates>-0.04751081,43.21772837,428.96 -0.04756628,43.21750720,428.96</coordinates></LineString><LineString><tessellate>1</tessellate><altitudeMode>clampToGround</altitudeMode><coordinates>-0.04759956,43.21737450,428.96 -0.04765503,43.21715334,428.96</coordinates></LineString><LineString><tessellate>1</tessellate><altitudeMode>clampToGround</altitudeMode><coordinates>-0.04768831,43.21702064,428.96 -0.04774378,43.21679947,428.96</coordinates></LineString><LineString><tessellate>1</tessellate><altitudeMode>clampToGround</altitudeMode><coordinates>-0.04777706,43.21666677,428.96 -0.04783253,43.21644560,428.96</coordinates></LineString><LineString><tessellate>1</tessellate><altitudeMode>clampToGround</altitudeMode><coordinates>-0.04786582,43.21631290,428.96 -0.04792129,43.21609174,428.96</coordinates></LineString><LineString><tessellate>1</tessellate><altitudeMode>clampToGround</altitudeMode><coordinates>-0.04795457,43.21595904,428.96 -0.04801004,43.21573787,428.96</coordinates></LineString><LineString><tessellate>1</tessellate><altitudeMode>clampToGround</altitudeMode><coordinates>-0.04804332,43.21560517,428.96 -0.04809879,43.21538401,428.96</coordinates></LineString><LineString><tessellate>1</tessellate><altitudeMode>clampToGround</altitudeMode><coordinates>-0.04813207,43.21525131,428.96 -0.04818755,43.21503014,428.96</coordinates></LineString><LineString><tessellate>1</tessellate><altitudeMode>clampToGround</altitudeMode><coordinates>-0.04822083,43.21489744,428.96 -0.04827630,43.21467628,428.96</coordinates></LineString><LineString><tessellate>1</tessellate><altitudeMode>clampToGround</altitudeMode><coordinates>-0.04830958,43.21454358,428.96 -0.04836505,43.21432241,428.96</coordinates></LineString><LineString><tessellate>1</tessellate><altitudeMode>clampToGround</altitudeMode><coordinates>-0.04839833,43.21418971,428.96 -0.04845380,43.21396854,428.96</coordinates></LineString><LineString><tessellate>1</tessellate><altitudeMode>clampToGround</altitudeMode><coordinates>-0.04848709,43.21383584,428.96 -0.04854256,43.21361468,428.96</coordinates></LineString><LineString><tessellate>1</tessellate><altitudeMode>clampToGround</altitudeMode><coordinates>-0.04857584,43.21348198,428.96 -0.04863131,43.21326081,428.96</coordinates></LineString><LineString><tessellate>1</tessellate><altitudeMode>clampToGround</altitudeMode><coordinates>-0.04866459,43.21312811,428.96 -0.04872006,43.21290695,428.96</coordinates></LineString><LineString><tessellate>1</tessellate><altitudeMode>clampToGround</altitudeMode><coordinates>-0.04875334,43.21277425,428.96 -0.04880881,43.21255308,428.96</coordinates></LineString><LineString><tessellate>1</tessellate><altitudeMode>clampToGround</altitudeMode><coordinates>-0.04884210,43.21242038,428.96 -0.04889757,43.21219921,428.96</coordinates></LineString><LineString><tessellate>1</tessellate><altitudeMode>clampToGround</altitudeMode><coordinates>-0.04893085,43.21206651,428.96 -0.04898632,43.21184535,428.96</coordinates></LineString><LineString><tessellate>1</tessellate><altitudeMode>clampToGround</altitudeMode><coordinates>-0.04901960,43.21171265,428.96 -0.04907507,43.21149148,428.96</coordinates></LineString><LineString><tessellate>1</tessellate><altitudeMode>clampToGround</altitudeMode><coordinates>-0.04910836,43.21135878,428.96 -0.04916383,43.21113762,428.96</coordinates></LineString><LineString><tessellate>1</tessellate><altitudeMode>clampToGround</altitudeMode><coordinates>-0.04919711,43.21100492,428.96 -0.04925258,43.21078375,428.96</coordinates></LineString><LineString><tessellate>1</tessellate><altitudeMode>clampToGround</altitudeMode><coordinates>-0.04928586,43.21065105,428.96 -0.04934133,43.21042989,428.96</coordinates></LineString><LineString><tessellate>1</tessellate><altitudeMode>clampToGround</altitudeMode><coordinates>-0.04937461,43.21029719,428.96 -0.04943008,43.21007602,428.96</coordinates></LineString><LineString><tessellate>1</tessellate><altitudeMode>clampToGround</altitudeMode><coordinates>-0.04946337,43.20994332,428.96 -0.04951884,43.20972215,428.96</coordinates></LineString><LineString><tessellate>1</tessellate><altitudeMode>clampToGround</altitudeMode><coordinates>-0.04955212,43.20958945,428.96 -0.04960759,43.20936829,428.96</coordinates></LineString><LineString><tessellate>1</tessellate><altitudeMode>clampToGround</altitudeMode><coordinates>-0.04964087,43.20923559,428.96 -0.04969634,43.20901442,428.96</coordinates></LineString><LineString><tessellate>1</tessellate><altitudeMode>clampToGround</altitudeMode><coordinates>-0.04972962,43.20888172,428.96 -0.04978510,43.20866056,428.96</coordinates></LineString><LineString><tessellate>1</tessellate><altitudeMode>clampToGround</altitudeMode><coordinates>-0.04981838,43.20852786,428.96 -0.04987385,43.20830669,428.96</coordinates></LineString><LineString><tessellate>1</tessellate><altitudeMode>clampToGround</altitudeMode><coordinates>-0.04990713,43.20817399,428.96 -0.04996260,43.20795282,428.96</coordinates></LineString><LineString><tessellate>1</tessellate><altitudeMode>clampToGround</altitudeMode><coordinates>-0.04999588,43.20782012,428.96 -0.05005135,43.20759896,428.96</coordinates></LineString><LineString><tessellate>1</tessellate><altitudeMode>clampToGround</altitudeMode><coordinates>-0.05008464,43.20746626,428.96 -0.05014011,43.20724509,428.96</coordinates></LineString><LineString><tessellate>1</tessellate><altitudeMode>clampToGround</altitudeMode><coordinates>-0.05017339,43.20711239,428.96 -0.05022886,43.20689123,428.96</coordinates></LineString><LineString><tessellate>1</tessellate><altitudeMode>clampToGround</altitudeMode><coordinates>-0.05026214,43.20675853,428.96 -0.05031761,43.20653736,428.96</coordinates></LineString><LineString><tessellate>1</tessellate><altitudeMode>clampToGround</altitudeMode><coordinates>-0.05035089,43.20640466,428.96 -0.05040636,43.20618350,428.96</coordinates></LineString><LineString><tessellate>1</tessellate><altitudeMode>clampToGround</altitudeMode><coordinates>-0.05043965,43.20605080,428.96 -0.05049512,43.20582963,428.96</coordinates></LineString><LineString><tessellate>1</tessellate><altitudeMode>clampToGround</altitudeMode><coordinates>-0.05052840,43.20569693,428.96 -0.05058387,43.20547576,428.96</coordinates></LineString><LineString><tessellate>1</tessellate><altitudeMode>clampToGround</altitudeMode><coordinates>-0.05061715,43.20534306,428.96 -0.05067262,43.20512190,428.96</coordinates></LineString><LineString><tessellate>1</tessellate><altitudeMode>clampToGround</altitudeMode><coordinates>-0.05070591,43.20498920,428.96 -0.05076138,43.20476803,428.96</coordinates></LineString><LineString><tessellate>1</tessellate><altitudeMode>clampToGround</altitudeMode><coordinates>-0.05079466,43.20463533,428.96 -0.05085013,43.20441417,428.96</coordinates></LineString><LineString><tessellate>1</tessellate><altitudeMode>clampToGround</altitudeMode><coordinates>-0.05088341,43.20428147,428.96 -0.05093888,43.20406030,428.96</coordinates></LineString><LineString><tessellate>1</tessellate><altitudeMode>clampToGround</altitudeMode><coordinates>-0.05097216,43.20392760,428.96 -0.05102763,43.20370643,428.96</coordinates></LineString><LineString><tessellate>1</tessellate><altitudeMode>clampToGround</altitudeMode><coordinates>-0.05106092,43.20357373,428.96 -0.05111639,43.20335257,428.96</coordinates></LineString><LineString><tessellate>1</tessellate><altitudeMode>clampToGround</altitudeMode><coordinates>-0.05114967,43.20321987,428.96 -0.05120514,43.20299870,428.96</coordinates></LineString><LineString><tessellate>1</tessellate><altitudeMode>clampToGround</altitudeMode><coordinates>-0.05123842,43.20286600,428.96 -0.05129389,43.20264484,428.96</coordinates></LineString><LineString><tessellate>1</tessellate><altitudeMode>clampToGround</altitudeMode><coordinates>-0.05132717,43.20251214,428.96 -0.05138265,43.20229097,428.96</coordinates></LineString><LineString><tessellate>1</tessellate><altitudeMode>clampToGround</altitudeMode><coordinates>-0.05141593,43.20215827,428.96 -0.05147140,43.20193710,428.96</coordinates></LineString><LineString><tessellate>1</tessellate><altitudeMode>clampToGround</altitudeMode><coordinates>-0.05150468,43.20180441,428.96 -0.05156015,43.20158324,428.96</coordinates></LineString><LineString><tessellate>1</tessellate><altitudeMode>clampToGround</altitudeMode><coordinates>-0.05159343,43.20145054,428.96 -0.05164890,43.20122937,428.96</coordinates></LineString><LineString><tessellate>1</tessellate><altitudeMode>clampToGround</altitudeMode><coordinates>-0.05168219,43.20109667,428.96 -0.05173766,43.20087551,428.96</coordinates></LineString><LineString><tessellate>1</tessellate><altitudeMode>clampToGround</altitudeMode><coordinates>-0.05177094,43.20074281,428.96 -0.05182641,43.20052164,428.96</coordinates></LineString><LineString><tessellate>1</tessellate><altitudeMode>clampToGround</altitudeMode><coordinates>-0.05185969,43.20038894,428.96 -0.05191516,43.20016778,428.96</coordinates></LineString><LineString><tessellate>1</tessellate><altitudeMode>clampToGround</altitudeMode><coordinates>-0.05194844,43.20003508,428.96 -0.05200391,43.19981391,428.96</coordinates></LineString><LineString><tessellate>1</tessellate><altitudeMode>clampToGround</altitudeMode><coordinates>-0.05203720,43.19968121,428.96 -0.05209267,43.19946004,428.96</coordinates></LineString><LineString><tessellate>1</tessellate><altitudeMode>clampToGround</altitudeMode><coordinates>-0.05212595,43.19932734,428.96 -0.05218142,43.19910618,428.96</coordinates></LineString><LineString><tessellate>1</tessellate><altitudeMode>clampToGround</altitudeMode><coordinates>-0.05221470,43.19897348,428.96 -0.05227017,43.19875231,428.96</coordinates></LineString><LineString><tessellate>1</tessellate><altitudeMode>clampToGround</altitudeMode><coordinates>-0.05230346,43.19861961,428.96 -0.05235893,43.19839845,428.96</coordinates></LineString><LineString><tessellate>1</tessellate><altitudeMode>clampToGround</altitudeMode><coordinates>-0.05239221,43.19826575,428.96 -0.05243725,43.19808616,428.96</coordinates></LineString></MultiGeometry></Placemark>
<Placemark><name>sp02_v3_G150 — B</name><description>Azimut 190.4° — 2300 m</description><Point><altitudeMode>clampToGround</altitudeMode><coordinates>-0.05243725,43.19808616,428.96</coordinates></Point></Placemark>
<Placemark><name>Contour du secteur</name><description>Secteur demandé, non découpé par la zone</description><styleUrl>#s_secteur</styleUrl><MultiGeometry><LineString><tessellate>1</tessellate><altitudeMode>clampToGround</altitudeMode><coordinates>-0.04733330,43.21843610,428.96 -0.07162540,43.20773261,428.96 -0.07111444,43.20713965,428.96 -0.07057623,43.20655963,428.96 -0.07001139,43.20599321,428.96 -0.06942058,43.20544105,428.96 -0.06880446,43.20490377,428.96 -0.06816374,43.20438200,428.96 -0.06749917,43.20387633,428.96 -0.06681148,43.20338733,428.96 -0.06610149,43.20291558,428.96 -0.06536999,43.20246161,428.96 -0.06461784,43.20202593,428.96 -0.06384588,43.20160906,428.96 -0.06305500,43.20121146,428.96 -0.06224612,43.20083360,428.96 -0.06142015,43.20047590,428.96 -0.06057804,43.20013878,428.96 -0.05972076,43.19982261,428.96 -0.05884928,43.19952777,428.96 -0.05796462,43.19925460,428.96 -0.05706778,43.19900339,428.96 -0.05615978,43.19877445,428.96 -0.05524167,43.19856803,428.96 -0.05431451,43.19838438,428.96 -0.05337934,43.19822369,428.96 -0.05243725,43.19808616,428.96 -0.04733330,43.21843610,428.96</coordinates></LineString></MultiGeometry></Placemark>
<Placemark><name>Cercle de portée (2300 m)</name><description></description><styleUrl>#s_cercle</styleUrl><MultiGeometry><LineString><tessellate>1</tessellate><altitudeMode>clampToGround</altitudeMode><coordinates>-0.01894618,43.21843610,428.96 -0.01896347,43.21915807,428.96 -0.01901533,43.21987916,428.96 -0.01910169,43.22059849,428.96 -0.01922244,43.22131518,428.96 -0.01937744,43.22202837,428.96 -0.01956651,43.22273718,428.96 -0.01978940,43.22344075,428.96 -0.02004585,43.22413823,428.96 -0.02033554,43.22482876,428.96 -0.02065813,43.22551149,428.96 -0.02101322,43.22618561,428.96 -0.02140038,43.22685029,428.96 -0.02181913,43.22750471,428.96 -0.02226896,43.22814809,428.96 -0.02274933,43.22877963,428.96 -0.02325966,43.22939857,428.96 -0.02379931,43.23000416,428.96 -0.02436764,43.23059565,428.96 -0.02496394,43.23117233,428.96 -0.02558750,43.23173349,428.96 -0.02623756,43.23227845,428.96 -0.02691331,43.23280654,428.96 -0.02761395,43.23331713,428.96 -0.02833861,43.23380959,428.96 -0.02908641,43.23428331,428.96 -0.02985644,43.23473773,428.96 -0.03064777,43.23517229,428.96 -0.03145942,43.23558646,428.96 -0.03229042,43.23597973,428.96 -0.03313974,43.23635162,428.96 -0.03400635,43.23670170,428.96 -0.03488921,43.23702951,428.96 -0.03578722,43.23733468,428.96 -0.03669930,43.23761681,428.96 -0.03762433,43.23787558,428.96 -0.03856120,43.23811067,428.96 -0.03950875,43.23832178,428.96 -0.04046583,43.23850867,428.96 -0.04143129,43.23867110,428.96 -0.04240393,43.23880888,428.96 -0.04338258,43.23892184,428.96 -0.04436604,43.23900984,428.96 -0.04535311,43.23907277,428.96 -0.04634260,43.23911056,428.96 -0.04733330,43.23912317,428.96 -0.04832400,43.23911056,428.96 -0.04931349,43.23907277,428.96 -0.05030056,43.23900984,428.96 -0.05128402,43.23892184,428.96 -0.05226267,43.23880888,428.96 -0.05323531,43.23867110,428.96 -0.05420077,43.23850867,428.96 -0.05515785,43.23832178,428.96 -0.05610540,43.23811067,428.96 -0.05704227,43.23787558,428.96 -0.05796730,43.23761681,428.96 -0.05887938,43.23733468,428.96 -0.05977739,43.23702951,428.96 -0.06066025,43.23670170,428.96 -0.06152686,43.23635162,428.96 -0.06237618,43.23597973,428.96 -0.06320718,43.23558646,428.96 -0.06401883,43.23517229,428.96 -0.06481016,43.23473773,428.96 -0.06558019,43.23428331,428.96 -0.06632799,43.23380959,428.96 -0.06705265,43.23331713,428.96 -0.06775329,43.23280654,428.96 -0.06842904,43.23227845,428.96 -0.06907910,43.23173349,428.96 -0.06970266,43.23117233,428.96 -0.07029896,43.23059565,428.96 -0.07086729,43.23000416,428.96 -0.07140694,43.22939857,428.96 -0.07191727,43.22877963,428.96 -0.07239764,43.22814809,428.96 -0.07284747,43.22750471,428.96 -0.07326622,43.22685029,428.96 -0.07365338,43.22618561,428.96 -0.07400847,43.22551149,428.96 -0.07433106,43.22482876,428.96 -0.07462075,43.22413823,428.96 -0.07487720,43.22344075,428.96 -0.07510009,43.22273718,428.96 -0.07528916,43.22202837,428.96 -0.07544416,43.22131518,428.96 -0.07556491,43.22059849,428.96 -0.07565127,43.21987916,428.96 -0.07570313,43.21915807,428.96 -0.07572042,43.21843610,428.96 -0.07570313,43.21771413,428.96 -0.07565127,43.21699304,428.96 -0.07556491,43.21627371,428.96 -0.07544416,43.21555702,428.96 -0.07528916,43.21484383,428.96 -0.07510009,43.21413502,428.96 -0.07487720,43.21343145,428.96 -0.07462075,43.21273397,428.96 -0.07433106,43.21204344,428.96 -0.07400847,43.21136071,428.96 -0.07365338,43.21068659,428.96 -0.07326622,43.21002191,428.96 -0.07284747,43.20936749,428.96 -0.07239764,43.20872411,428.96 -0.07191727,43.20809257,428.96 -0.07140694,43.20747363,428.96 -0.07086729,43.20686804,428.96 -0.07029896,43.20627655,428.96 -0.06970266,43.20569987,428.96 -0.06907910,43.20513871,428.96 -0.06842904,43.20459375,428.96 -0.06775329,43.20406566,428.96 -0.06705265,43.20355507,428.96 -0.06632799,43.20306261,428.96 -0.06558019,43.20258889,428.96 -0.06481016,43.20213447,428.96 -0.06401883,43.20169991,428.96 -0.06320718,43.20128574,428.96 -0.06237618,43.20089247,428.96 -0.06152686,43.20052058,428.96 -0.06066025,43.20017050,428.96 -0.05977739,43.19984269,428.96 -0.05887938,43.19953752,428.96 -0.05796730,43.19925539,428.96 -0.05704227,43.19899662,428.96 -0.05610540,43.19876153,428.96 -0.05515785,43.19855042,428.96 -0.05420077,43.19836353,428.96 -0.05323531,43.19820110,428.96 -0.05226267,43.19806332,428.96 -0.05128402,43.19795036,428.96 -0.05030056,43.19786236,428.96 -0.04931349,43.19779943,428.96 -0.04832400,43.19776164,428.96 -0.04733330,43.19774903,428.96 -0.04634260,43.19776164,428.96 -0.04535311,43.19779943,428.96 -0.04436604,43.19786236,428.96 -0.04338258,43.19795036,428.96 -0.04240393,43.19806332,428.96 -0.04143129,43.19820110,428.96 -0.04046583,43.19836353,428.96 -0.03950875,43.19855042,428.96 -0.03856120,43.19876153,428.96 -0.03762433,43.19899662,428.96 -0.03669930,43.19925539,428.96 -0.03578722,43.19953752,428.96 -0.03488921,43.19984269,428.96 -0.03400635,43.20017050,428.96 -0.03313974,43.20052058,428.96 -0.03229042,43.20089247,428.96 -0.03145942,43.20128574,428.96 -0.03064777,43.20169991,428.96 -0.02985644,43.20213447,428.96 -0.02908641,43.20258889,428.96 -0.02833861,43.20306261,428.96 -0.02761395,43.20355507,428.96 -0.02691331,43.20406566,428.96 -0.02623756,43.20459375,428.96 -0.02558750,43.20513871,428.96 -0.02496394,43.20569987,428.96 -0.02436764,43.20627655,428.96 -0.02379931,43.20686804,428.96 -0.02325966,43.20747363,428.96 -0.02274933,43.20809257,428.96 -0.02226896,43.20872411,428.96 -0.02181913,43.20936749,428.96 -0.02140038,43.21002191,428.96 -0.02101322,43.21068659,428.96 -0.02065813,43.21136071,428.96 -0.02033554,43.21204344,428.96 -0.02004585,43.21273397,428.96 -0.01978940,43.21343145,428.96 -0.01956651,43.21413502,428.96 -0.01937744,43.21484383,428.96 -0.01922244,43.21555702,428.96 -0.01910169,43.21627371,428.96 -0.01901533,43.21699304,428.96 -0.01896347,43.21771413,428.96 -0.01894618,43.21843610,428.96</coordinates></LineString></MultiGeometry></Placemark>
</Folder>
<Folder><name>SP02 J285 — 214.6° ± 10.8°</name><open>0</open>
<Placemark><name>Domaine (R = 3169 m)</name><description>Pas de tir : Rampe FusEx&lt;br/&gt;Zone : Périmètre de la base&lt;br/&gt;Groupe : sp02_v3_J285&lt;br/&gt;Azimut : 214.6°&lt;br/&gt;Demi-angle : ± 10.8°&lt;br/&gt;Portée : 3169 m&lt;br/&gt;Surface : 250.4 ha</description><styleUrl>#s_dom2</styleUrl><Polygon><extrude>0</extrude><altitudeMode>clampToGround</altitudeMode><outerBoundaryIs><LinearRing><coordinates>-0.04733330,43.21843610,428.96 -0.07517812,43.19842630,428.96 -0.07570280,43.19047780,428.96 -0.06556440,43.18831155,428.96 -0.04733330,43.21843610,428.96</coordinates></LinearRing></outerBoundaryIs></Polygon></Placemark>
<Placemark><name>Limite A</name><description>Azimut 225.4° — 3169 m</description><styleUrl>#s_limites</styleUrl><MultiGeometry><LineString><tessellate>1</tessellate><altitudeMode>clampToGround</altitudeMode><coordinates>-0.04733330,43.21843610,428.96 -0.04755297,43.21827824,428.96</coordinates></LineString><LineString><tessellate>1</tessellate><altitudeMode>clampToGround</altitudeMode><coordinates>-0.04768478,43.21818352,428.96 -0.04790445,43.21802566,428.96</coordinates></LineString><LineString><tessellate>1</tessellate><altitudeMode>clampToGround</altitudeMode><coordinates>-0.04803626,43.21793094,428.96 -0.04825593,43.21777308,428.96</coordinates></LineString><LineString><tessellate>1</tessellate><altitudeMode>clampToGround</altitudeMode><coordinates>-0.04838774,43.21767836,428.96 -0.04860741,43.21752050,428.96</coordinates></LineString><LineString><tessellate>1</tessellate><altitudeMode>clampToGround</altitudeMode><coordinates>-0.04873922,43.21742578,428.96 -0.04895889,43.21726792,428.96</coordinates></LineString><LineString><tessellate>1</tessellate><altitudeMode>clampToGround</altitudeMode><coordinates>-0.04909070,43.21717320,428.96 -0.04931037,43.21701534,428.96</coordinates></LineString><LineString><tessellate>1</tessellate><altitudeMode>clampToGround</altitudeMode><coordinates>-0.04944218,43.21692062,428.96 -0.04966185,43.21676276,428.96</coordinates></LineString><LineString><tessellate>1</tessellate><altitudeMode>clampToGround</altitudeMode><coordinates>-0.04979366,43.21666804,428.96 -0.05001333,43.21651018,428.96</coordinates></LineString><LineString><tessellate>1</tessellate><altitudeMode>clampToGround</altitudeMode><coordinates>-0.05014514,43.21641546,428.96 -0.05036481,43.21625760,428.96</coordinates></LineString><LineString><tessellate>1</tessellate><altitudeMode>clampToGround</altitudeMode><coordinates>-0.05049662,43.21616288,428.96 -0.05071629,43.21600502,428.96</coordinates></LineString><LineString><tessellate>1</tessellate><altitudeMode>clampToGround</altitudeMode><coordinates>-0.05084810,43.21591030,428.96 -0.05106777,43.21575244,428.96</coordinates></LineString><LineString><tessellate>1</tessellate><altitudeMode>clampToGround</altitudeMode><coordinates>-0.05119958,43.21565772,428.96 -0.05141925,43.21549986,428.96</coordinates></LineString><LineString><tessellate>1</tessellate><altitudeMode>clampToGround</altitudeMode><coordinates>-0.05155106,43.21540514,428.96 -0.05177073,43.21524728,428.96</coordinates></LineString><LineString><tessellate>1</tessellate><altitudeMode>clampToGround</altitudeMode><coordinates>-0.05190254,43.21515256,428.96 -0.05212221,43.21499470,428.96</coordinates></LineString><LineString><tessellate>1</tessellate><altitudeMode>clampToGround</altitudeMode><coordinates>-0.05225402,43.21489998,428.96 -0.05247369,43.21474212,428.96</coordinates></LineString><LineString><tessellate>1</tessellate><altitudeMode>clampToGround</altitudeMode><coordinates>-0.05260549,43.21464740,428.96 -0.05282517,43.21448954,428.96</coordinates></LineString><LineString><tessellate>1</tessellate><altitudeMode>clampToGround</altitudeMode><coordinates>-0.05295697,43.21439482,428.96 -0.05317665,43.21423696,428.96</coordinates></LineString><LineString><tessellate>1</tessellate><altitudeMode>clampToGround</altitudeMode><coordinates>-0.05330845,43.21414224,428.96 -0.05352813,43.21398438,428.96</coordinates></LineString><LineString><tessellate>1</tessellate><altitudeMode>clampToGround</altitudeMode><coordinates>-0.05365993,43.21388966,428.96 -0.05387961,43.21373180,428.96</coordinates></LineString><LineString><tessellate>1</tessellate><altitudeMode>clampToGround</altitudeMode><coordinates>-0.05401141,43.21363708,428.96 -0.05423109,43.21347922,428.96</coordinates></LineString><LineString><tessellate>1</tessellate><altitudeMode>clampToGround</altitudeMode><coordinates>-0.05436289,43.21338451,428.96 -0.05458257,43.21322664,428.96</coordinates></LineString><LineString><tessellate>1</tessellate><altitudeMode>clampToGround</altitudeMode><coordinates>-0.05471437,43.21313193,428.96 -0.05493405,43.21297406,428.96</coordinates></LineString><LineString><tessellate>1</tessellate><altitudeMode>clampToGround</altitudeMode><coordinates>-0.05506585,43.21287935,428.96 -0.05528553,43.21272148,428.96</coordinates></LineString><LineString><tessellate>1</tessellate><altitudeMode>clampToGround</altitudeMode><coordinates>-0.05541733,43.21262677,428.96 -0.05563701,43.21246890,428.96</coordinates></LineString><LineString><tessellate>1</tessellate><altitudeMode>clampToGround</altitudeMode><coordinates>-0.05576881,43.21237419,428.96 -0.05598849,43.21221632,428.96</coordinates></LineString><LineString><tessellate>1</tessellate><altitudeMode>clampToGround</altitudeMode><coordinates>-0.05612029,43.21212161,428.96 -0.05633997,43.21196374,428.96</coordinates></LineString><LineString><tessellate>1</tessellate><altitudeMode>clampToGround</altitudeMode><coordinates>-0.05647177,43.21186903,428.96 -0.05669145,43.21171116,428.96</coordinates></LineString><LineString><tessellate>1</tessellate><altitudeMode>clampToGround</altitudeMode><coordinates>-0.05682325,43.21161645,428.96 -0.05704293,43.21145858,428.96</coordinates></LineString><LineString><tessellate>1</tessellate><altitudeMode>clampToGround</altitudeMode><coordinates>-0.05717473,43.21136387,428.96 -0.05739441,43.21120600,428.96</coordinates></LineString><LineString><tessellate>1</tessellate><altitudeMode>clampToGround</altitudeMode><coordinates>-0.05752621,43.21111129,428.96 -0.05774589,43.21095343,428.96</coordinates></LineString><LineString><tessellate>1</tessellate><altitudeMode>clampToGround</altitudeMode><coordinates>-0.05787769,43.21085871,428.96 -0.05809736,43.21070085,428.96</coordinates></LineString><LineString><tessellate>1</tessellate><altitudeMode>clampToGround</altitudeMode><coordinates>-0.05822917,43.21060613,428.96 -0.05844884,43.21044827,428.96</coordinates></LineString><LineString><tessellate>1</tessellate><altitudeMode>clampToGround</altitudeMode><coordinates>-0.05858065,43.21035355,428.96 -0.05880032,43.21019569,428.96</coordinates></LineString><LineString><tessellate>1</tessellate><altitudeMode>clampToGround</altitudeMode><coordinates>-0.05893213,43.21010097,428.96 -0.05915180,43.20994311,428.96</coordinates></LineString><LineString><tessellate>1</tessellate><altitudeMode>clampToGround</altitudeMode><coordinates>-0.05928361,43.20984839,428.96 -0.05950328,43.20969053,428.96</coordinates></LineString><LineString><tessellate>1</tessellate><altitudeMode>clampToGround</altitudeMode><coordinates>-0.05963509,43.20959581,428.96 -0.05985476,43.20943795,428.96</coordinates></LineString><LineString><tessellate>1</tessellate><altitudeMode>clampToGround</altitudeMode><coordinates>-0.05998657,43.20934323,428.96 -0.06020624,43.20918537,428.96</coordinates></LineString><LineString><tessellate>1</tessellate><altitudeMode>clampToGround</altitudeMode><coordinates>-0.06033805,43.20909065,428.96 -0.06055772,43.20893279,428.96</coordinates></LineString><LineString><tessellate>1</tessellate><altitudeMode>clampToGround</altitudeMode><coordinates>-0.06068953,43.20883807,428.96 -0.06090920,43.20868021,428.96</coordinates></LineString><LineString><tessellate>1</tessellate><altitudeMode>clampToGround</altitudeMode><coordinates>-0.06104101,43.20858549,428.96 -0.06126068,43.20842763,428.96</coordinates></LineString><LineString><tessellate>1</tessellate><altitudeMode>clampToGround</altitudeMode><coordinates>-0.06139249,43.20833291,428.96 -0.06161216,43.20817505,428.96</coordinates></LineString><LineString><tessellate>1</tessellate><altitudeMode>clampToGround</altitudeMode><coordinates>-0.06174397,43.20808033,428.96 -0.06196364,43.20792247,428.96</coordinates></LineString><LineString><tessellate>1</tessellate><altitudeMode>clampToGround</altitudeMode><coordinates>-0.06209545,43.20782775,428.96 -0.06231512,43.20766989,428.96</coordinates></LineString><LineString><tessellate>1</tessellate><altitudeMode>clampToGround</altitudeMode><coordinates>-0.06244693,43.20757517,428.96 -0.06266660,43.20741731,428.96</coordinates></LineString><LineString><tessellate>1</tessellate><altitudeMode>clampToGround</altitudeMode><coordinates>-0.06279841,43.20732259,428.96 -0.06301808,43.20716473,428.96</coordinates></LineString><LineString><tessellate>1</tessellate><altitudeMode>clampToGround</altitudeMode><coordinates>-0.06314988,43.20707001,428.96 -0.06336956,43.20691215,428.96</coordinates></LineString><LineString><tessellate>1</tessellate><altitudeMode>clampToGround</altitudeMode><coordinates>-0.06350136,43.20681743,428.96 -0.06372104,43.20665957,428.96</coordinates></LineString><LineString><tessellate>1</tessellate><altitudeMode>clampToGround</altitudeMode><coordinates>-0.06385284,43.20656485,428.96 -0.06407252,43.20640699,428.96</coordinates></LineString><LineString><tessellate>1</tessellate><altitudeMode>clampToGround</altitudeMode><coordinates>-0.06420432,43.20631227,428.96 -0.06442400,43.20615441,428.96</coordinates></LineString><LineString><tessellate>1</tessellate><altitudeMode>clampToGround</altitudeMode><coordinates>-0.06455580,43.20605969,428.96 -0.06477548,43.20590183,428.96</coordinates></LineString><LineString><tessellate>1</tessellate><altitudeMode>clampToGround</altitudeMode><coordinates>-0.06490728,43.20580711,428.96 -0.06512696,43.20564925,428.96</coordinates></LineString><LineString><tessellate>1</tessellate><altitudeMode>clampToGround</altitudeMode><coordinates>-0.06525876,43.20555453,428.96 -0.06547844,43.20539667,428.96</coordinates></LineString><LineString><tessellate>1</tessellate><altitudeMode>clampToGround</altitudeMode><coordinates>-0.06561024,43.20530195,428.96 -0.06582992,43.20514409,428.96</coordinates></LineString><LineString><tessellate>1</tessellate><altitudeMode>clampToGround</altitudeMode><coordinates>-0.06596172,43.20504937,428.96 -0.06618140,43.20489151,428.96</coordinates></LineString><LineString><tessellate>1</tessellate><altitudeMode>clampToGround</altitudeMode><coordinates>-0.06631320,43.20479679,428.96 -0.06653288,43.20463893,428.96</coordinates></LineString><LineString><tessellate>1</tessellate><altitudeMode>clampToGround</altitudeMode><coordinates>-0.06666468,43.20454421,428.96 -0.06688436,43.20438635,428.96</coordinates></LineString><LineString><tessellate>1</tessellate><altitudeMode>clampToGround</altitudeMode><coordinates>-0.06701616,43.20429163,428.96 -0.06723584,43.20413377,428.96</coordinates></LineString><LineString><tessellate>1</tessellate><altitudeMode>clampToGround</altitudeMode><coordinates>-0.06736764,43.20403905,428.96 -0.06758732,43.20388119,428.96</coordinates></LineString><LineString><tessellate>1</tessellate><altitudeMode>clampToGround</altitudeMode><coordinates>-0.06771912,43.20378647,428.96 -0.06793880,43.20362861,428.96</coordinates></LineString><LineString><tessellate>1</tessellate><altitudeMode>clampToGround</altitudeMode><coordinates>-0.06807060,43.20353390,428.96 -0.06829028,43.20337603,428.96</coordinates></LineString><LineString><tessellate>1</tessellate><altitudeMode>clampToGround</altitudeMode><coordinates>-0.06842208,43.20328132,428.96 -0.06864175,43.20312345,428.96</coordinates></LineString><LineString><tessellate>1</tessellate><altitudeMode>clampToGround</altitudeMode><coordinates>-0.06877356,43.20302874,428.96 -0.06899323,43.20287087,428.96</coordinates></LineString><LineString><tessellate>1</tessellate><altitudeMode>clampToGround</altitudeMode><coordinates>-0.06912504,43.20277616,428.96 -0.06934471,43.20261829,428.96</coordinates></LineString><LineString><tessellate>1</tessellate><altitudeMode>clampToGround</altitudeMode><coordinates>-0.06947652,43.20252358,428.96 -0.06969619,43.20236571,428.96</coordinates></LineString><LineString><tessellate>1</tessellate><altitudeMode>clampToGround</altitudeMode><coordinates>-0.06982800,43.20227100,428.96 -0.07004767,43.20211313,428.96</coordinates></LineString><LineString><tessellate>1</tessellate><altitudeMode>clampToGround</altitudeMode><coordinates>-0.07017948,43.20201842,428.96 -0.07039915,43.20186055,428.96</coordinates></LineString><LineString><tessellate>1</tessellate><altitudeMode>clampToGround</altitudeMode><coordinates>-0.07053096,43.20176584,428.96 -0.07075063,43.20160797,428.96</coordinates></LineString><LineString><tessellate>1</tessellate><altitudeMode>clampToGround</altitudeMode><coordinates>-0.07088244,43.20151326,428.96 -0.07110211,43.20135539,428.96</coordinates></LineString><LineString><tessellate>1</tessellate><altitudeMode>clampToGround</altitudeMode><coordinates>-0.07123392,43.20126068,428.96 -0.07145359,43.20110281,428.96</coordinates></LineString><LineString><tessellate>1</tessellate><altitudeMode>clampToGround</altitudeMode><coordinates>-0.07158540,43.20100810,428.96 -0.07180507,43.20085024,428.96</coordinates></LineString><LineString><tessellate>1</tessellate><altitudeMode>clampToGround</altitudeMode><coordinates>-0.07193688,43.20075552,428.96 -0.07215655,43.20059766,428.96</coordinates></LineString><LineString><tessellate>1</tessellate><altitudeMode>clampToGround</altitudeMode><coordinates>-0.07228836,43.20050294,428.96 -0.07250803,43.20034508,428.96</coordinates></LineString><LineString><tessellate>1</tessellate><altitudeMode>clampToGround</altitudeMode><coordinates>-0.07263984,43.20025036,428.96 -0.07285951,43.20009250,428.96</coordinates></LineString><LineString><tessellate>1</tessellate><altitudeMode>clampToGround</altitudeMode><coordinates>-0.07299132,43.19999778,428.96 -0.07321099,43.19983992,428.96</coordinates></LineString><LineString><tessellate>1</tessellate><altitudeMode>clampToGround</altitudeMode><coordinates>-0.07334280,43.19974520,428.96 -0.07356247,43.19958734,428.96</coordinates></LineString><LineString><tessellate>1</tessellate><altitudeMode>clampToGround</altitudeMode><coordinates>-0.07369427,43.19949262,428.96 -0.07391395,43.19933476,428.96</coordinates></LineString><LineString><tessellate>1</tessellate><altitudeMode>clampToGround</altitudeMode><coordinates>-0.07404575,43.19924004,428.96 -0.07426543,43.19908218,428.96</coordinates></LineString><LineString><tessellate>1</tessellate><altitudeMode>clampToGround</altitudeMode><coordinates>-0.07439723,43.19898746,428.96 -0.07461691,43.19882960,428.96</coordinates></LineString><LineString><tessellate>1</tessellate><altitudeMode>clampToGround</altitudeMode><coordinates>-0.07474871,43.19873488,428.96 -0.07496839,43.19857702,428.96</coordinates></LineString><LineString><tessellate>1</tessellate><altitudeMode>clampToGround</altitudeMode><coordinates>-0.07510019,43.19848230,428.96 -0.07517752,43.19842673,428.96</coordinates></LineString></MultiGeometry></Placemark>
<Placemark><name>sp02_v3_J285 — A</name><description>Azimut 225.4° — 3169 m</description><Point><altitudeMode>clampToGround</altitudeMode><coordinates>-0.07517752,43.19842673,428.96</coordinates></Point></Placemark>
<Placemark><name>Limite B</name><description>Azimut 203.8° — 3169 m</description><styleUrl>#s_limites</styleUrl><MultiGeometry><LineString><tessellate>1</tessellate><altitudeMode>clampToGround</altitudeMode><coordinates>-0.04733330,43.21843610,428.96 -0.04745780,43.21823039,428.96</coordinates></LineString><LineString><tessellate>1</tessellate><altitudeMode>clampToGround</altitudeMode><coordinates>-0.04753249,43.21810696,428.96 -0.04765699,43.21790125,428.96</coordinates></LineString><LineString><tessellate>1</tessellate><altitudeMode>clampToGround</altitudeMode><coordinates>-0.04773168,43.21777782,428.96 -0.04785618,43.21757211,428.96</coordinates></LineString><LineString><tessellate>1</tessellate><altitudeMode>clampToGround</altitudeMode><coordinates>-0.04793088,43.21744868,428.96 -0.04805537,43.21724297,428.96</coordinates></LineString><LineString><tessellate>1</tessellate><altitudeMode>clampToGround</altitudeMode><coordinates>-0.04813007,43.21711954,428.96 -0.04825456,43.21691383,428.96</coordinates></LineString><LineString><tessellate>1</tessellate><altitudeMode>clampToGround</altitudeMode><coordinates>-0.04832926,43.21679040,428.96 -0.04845376,43.21658469,428.96</coordinates></LineString><LineString><tessellate>1</tessellate><altitudeMode>clampToGround</altitudeMode><coordinates>-0.04852845,43.21646126,428.96 -0.04865295,43.21625555,428.96</coordinates></LineString><LineString><tessellate>1</tessellate><altitudeMode>clampToGround</altitudeMode><coordinates>-0.04872764,43.21613213,428.96 -0.04885214,43.21592641,428.96</coordinates></LineString><LineString><tessellate>1</tessellate><altitudeMode>clampToGround</altitudeMode><coordinates>-0.04892684,43.21580299,428.96 -0.04905133,43.21559727,428.96</coordinates></LineString><LineString><tessellate>1</tessellate><altitudeMode>clampToGround</altitudeMode><coordinates>-0.04912603,43.21547385,428.96 -0.04925052,43.21526813,428.96</coordinates></LineString><LineString><tessellate>1</tessellate><altitudeMode>clampToGround</altitudeMode><coordinates>-0.04932522,43.21514471,428.96 -0.04944972,43.21493900,428.96</coordinates></LineString><LineString><tessellate>1</tessellate><altitudeMode>clampToGround</altitudeMode><coordinates>-0.04952441,43.21481557,428.96 -0.04964891,43.21460986,428.96</coordinates></LineString><LineString><tessellate>1</tessellate><altitudeMode>clampToGround</altitudeMode><coordinates>-0.04972360,43.21448643,428.96 -0.04984810,43.21428072,428.96</coordinates></LineString><LineString><tessellate>1</tessellate><altitudeMode>clampToGround</altitudeMode><coordinates>-0.04992280,43.21415729,428.96 -0.05004729,43.21395158,428.96</coordinates></LineString><LineString><tessellate>1</tessellate><altitudeMode>clampToGround</altitudeMode><coordinates>-0.05012199,43.21382815,428.96 -0.05024648,43.21362244,428.96</coordinates></LineString><LineString><tessellate>1</tessellate><altitudeMode>clampToGround</altitudeMode><coordinates>-0.05032118,43.21349901,428.96 -0.05044568,43.21329330,428.96</coordinates></LineString><LineString><tessellate>1</tessellate><altitudeMode>clampToGround</altitudeMode><coordinates>-0.05052037,43.21316987,428.96 -0.05064487,43.21296416,428.96</coordinates></LineString><LineString><tessellate>1</tessellate><altitudeMode>clampToGround</altitudeMode><coordinates>-0.05071956,43.21284073,428.96 -0.05084406,43.21263502,428.96</coordinates></LineString><LineString><tessellate>1</tessellate><altitudeMode>clampToGround</altitudeMode><coordinates>-0.05091876,43.21251159,428.96 -0.05104325,43.21230588,428.96</coordinates></LineString><LineString><tessellate>1</tessellate><altitudeMode>clampToGround</altitudeMode><coordinates>-0.05111795,43.21218245,428.96 -0.05124244,43.21197674,428.96</coordinates></LineString><LineString><tessellate>1</tessellate><altitudeMode>clampToGround</altitudeMode><coordinates>-0.05131714,43.21185331,428.96 -0.05144164,43.21164760,428.96</coordinates></LineString><LineString><tessellate>1</tessellate><altitudeMode>clampToGround</altitudeMode><coordinates>-0.05151633,43.21152418,428.96 -0.05164083,43.21131846,428.96</coordinates></LineString><LineString><tessellate>1</tessellate><altitudeMode>clampToGround</altitudeMode><coordinates>-0.05171552,43.21119504,428.96 -0.05184002,43.21098932,428.96</coordinates></LineString><LineString><tessellate>1</tessellate><altitudeMode>clampToGround</altitudeMode><coordinates>-0.05191472,43.21086590,428.96 -0.05203921,43.21066018,428.96</coordinates></LineString><LineString><tessellate>1</tessellate><altitudeMode>clampToGround</altitudeMode><coordinates>-0.05211391,43.21053676,428.96 -0.05223840,43.21033105,428.96</coordinates></LineString><LineString><tessellate>1</tessellate><altitudeMode>clampToGround</altitudeMode><coordinates>-0.05231310,43.21020762,428.96 -0.05243760,43.21000191,428.96</coordinates></LineString><LineString><tessellate>1</tessellate><altitudeMode>clampToGround</altitudeMode><coordinates>-0.05251229,43.20987848,428.96 -0.05263679,43.20967277,428.96</coordinates></LineString><LineString><tessellate>1</tessellate><altitudeMode>clampToGround</altitudeMode><coordinates>-0.05271148,43.20954934,428.96 -0.05283598,43.20934363,428.96</coordinates></LineString><LineString><tessellate>1</tessellate><altitudeMode>clampToGround</altitudeMode><coordinates>-0.05291068,43.20922020,428.96 -0.05303517,43.20901449,428.96</coordinates></LineString><LineString><tessellate>1</tessellate><altitudeMode>clampToGround</altitudeMode><coordinates>-0.05310987,43.20889106,428.96 -0.05323436,43.20868535,428.96</coordinates></LineString><LineString><tessellate>1</tessellate><altitudeMode>clampToGround</altitudeMode><coordinates>-0.05330906,43.20856192,428.96 -0.05343356,43.20835621,428.96</coordinates></LineString><LineString><tessellate>1</tessellate><altitudeMode>clampToGround</altitudeMode><coordinates>-0.05350825,43.20823278,428.96 -0.05363275,43.20802707,428.96</coordinates></LineString><LineString><tessellate>1</tessellate><altitudeMode>clampToGround</altitudeMode><coordinates>-0.05370744,43.20790364,428.96 -0.05383194,43.20769793,428.96</coordinates></LineString><LineString><tessellate>1</tessellate><altitudeMode>clampToGround</altitudeMode><coordinates>-0.05390664,43.20757450,428.96 -0.05403113,43.20736879,428.96</coordinates></LineString><LineString><tessellate>1</tessellate><altitudeMode>clampToGround</altitudeMode><coordinates>-0.05410583,43.20724536,428.96 -0.05423032,43.20703965,428.96</coordinates></LineString><LineString><tessellate>1</tessellate><altitudeMode>clampToGround</altitudeMode><coordinates>-0.05430502,43.20691623,428.96 -0.05442952,43.20671051,428.96</coordinates></LineString><LineString><tessellate>1</tessellate><altitudeMode>clampToGround</altitudeMode><coordinates>-0.05450421,43.20658709,428.96 -0.05462871,43.20638137,428.96</coordinates></LineString><LineString><tessellate>1</tessellate><altitudeMode>clampToGround</altitudeMode><coordinates>-0.05470341,43.20625795,428.96 -0.05482790,43.20605223,428.96</coordinates></LineString><LineString><tessellate>1</tessellate><altitudeMode>clampToGround</altitudeMode><coordinates>-0.05490260,43.20592881,428.96 -0.05502709,43.20572310,428.96</coordinates></LineString><LineString><tessellate>1</tessellate><altitudeMode>clampToGround</altitudeMode><coordinates>-0.05510179,43.20559967,428.96 -0.05522628,43.20539396,428.96</coordinates></LineString><LineString><tessellate>1</tessellate><altitudeMode>clampToGround</altitudeMode><coordinates>-0.05530098,43.20527053,428.96 -0.05542548,43.20506482,428.96</coordinates></LineString><LineString><tessellate>1</tessellate><altitudeMode>clampToGround</altitudeMode><coordinates>-0.05550017,43.20494139,428.96 -0.05562467,43.20473568,428.96</coordinates></LineString><LineString><tessellate>1</tessellate><altitudeMode>clampToGround</altitudeMode><coordinates>-0.05569937,43.20461225,428.96 -0.05582386,43.20440654,428.96</coordinates></LineString><LineString><tessellate>1</tessellate><altitudeMode>clampToGround</altitudeMode><coordinates>-0.05589856,43.20428311,428.96 -0.05602305,43.20407740,428.96</coordinates></LineString><LineString><tessellate>1</tessellate><altitudeMode>clampToGround</altitudeMode><coordinates>-0.05609775,43.20395397,428.96 -0.05622224,43.20374826,428.96</coordinates></LineString><LineString><tessellate>1</tessellate><altitudeMode>clampToGround</altitudeMode><coordinates>-0.05629694,43.20362483,428.96 -0.05642144,43.20341912,428.96</coordinates></LineString><LineString><tessellate>1</tessellate><altitudeMode>clampToGround</altitudeMode><coordinates>-0.05649613,43.20329569,428.96 -0.05662063,43.20308998,428.96</coordinates></LineString><LineString><tessellate>1</tessellate><altitudeMode>clampToGround</altitudeMode><coordinates>-0.05669533,43.20296655,428.96 -0.05681982,43.20276084,428.96</coordinates></LineString><LineString><tessellate>1</tessellate><altitudeMode>clampToGround</altitudeMode><coordinates>-0.05689452,43.20263741,428.96 -0.05701901,43.20243170,428.96</coordinates></LineString><LineString><tessellate>1</tessellate><altitudeMode>clampToGround</altitudeMode><coordinates>-0.05709371,43.20230828,428.96 -0.05721820,43.20210256,428.96</coordinates></LineString><LineString><tessellate>1</tessellate><altitudeMode>clampToGround</altitudeMode><coordinates>-0.05729290,43.20197914,428.96 -0.05741740,43.20177342,428.96</coordinates></LineString><LineString><tessellate>1</tessellate><altitudeMode>clampToGround</altitudeMode><coordinates>-0.05749209,43.20165000,428.96 -0.05761659,43.20144428,428.96</coordinates></LineString><LineString><tessellate>1</tessellate><altitudeMode>clampToGround</altitudeMode><coordinates>-0.05769129,43.20132086,428.96 -0.05781578,43.20111515,428.96</coordinates></LineString><LineString><tessellate>1</tessellate><altitudeMode>clampToGround</altitudeMode><coordinates>-0.05789048,43.20099172,428.96 -0.05801497,43.20078601,428.96</coordinates></LineString><LineString><tessellate>1</tessellate><altitudeMode>clampToGround</altitudeMode><coordinates>-0.05808967,43.20066258,428.96 -0.05821416,43.20045687,428.96</coordinates></LineString><LineString><tessellate>1</tessellate><altitudeMode>clampToGround</altitudeMode><coordinates>-0.05828886,43.20033344,428.96 -0.05841336,43.20012773,428.96</coordinates></LineString><LineString><tessellate>1</tessellate><altitudeMode>clampToGround</altitudeMode><coordinates>-0.05848805,43.20000430,428.96 -0.05861255,43.19979859,428.96</coordinates></LineString><LineString><tessellate>1</tessellate><altitudeMode>clampToGround</altitudeMode><coordinates>-0.05868725,43.19967516,428.96 -0.05881174,43.19946945,428.96</coordinates></LineString><LineString><tessellate>1</tessellate><altitudeMode>clampToGround</altitudeMode><coordinates>-0.05888644,43.19934602,428.96 -0.05901093,43.19914031,428.96</coordinates></LineString><LineString><tessellate>1</tessellate><altitudeMode>clampToGround</altitudeMode><coordinates>-0.05908563,43.19901688,428.96 -0.05921012,43.19881117,428.96</coordinates></LineString><LineString><tessellate>1</tessellate><altitudeMode>clampToGround</altitudeMode><coordinates>-0.05928482,43.19868774,428.96 -0.05940932,43.19848203,428.96</coordinates></LineString><LineString><tessellate>1</tessellate><altitudeMode>clampToGround</altitudeMode><coordinates>-0.05948401,43.19835860,428.96 -0.05960851,43.19815289,428.96</coordinates></LineString><LineString><tessellate>1</tessellate><altitudeMode>clampToGround</altitudeMode><coordinates>-0.05968321,43.19802946,428.96 -0.05980770,43.19782375,428.96</coordinates></LineString><LineString><tessellate>1</tessellate><altitudeMode>clampToGround</altitudeMode><coordinates>-0.05988240,43.19770033,428.96 -0.06000689,43.19749461,428.96</coordinates></LineString><LineString><tessellate>1</tessellate><altitudeMode>clampToGround</altitudeMode><coordinates>-0.06008159,43.19737119,428.96 -0.06020608,43.19716547,428.96</coordinates></LineString><LineString><tessellate>1</tessellate><altitudeMode>clampToGround</altitudeMode><coordinates>-0.06028078,43.19704205,428.96 -0.06040528,43.19683633,428.96</coordinates></LineString><LineString><tessellate>1</tessellate><altitudeMode>clampToGround</altitudeMode><coordinates>-0.06047997,43.19671291,428.96 -0.06060447,43.19650720,428.96</coordinates></LineString><LineString><tessellate>1</tessellate><altitudeMode>clampToGround</altitudeMode><coordinates>-0.06067917,43.19638377,428.96 -0.06080366,43.19617806,428.96</coordinates></LineString><LineString><tessellate>1</tessellate><altitudeMode>clampToGround</altitudeMode><coordinates>-0.06087836,43.19605463,428.96 -0.06100285,43.19584892,428.96</coordinates></LineString><LineString><tessellate>1</tessellate><altitudeMode>clampToGround</altitudeMode><coordinates>-0.06107755,43.19572549,428.96 -0.06120204,43.19551978,428.96</coordinates></LineString><LineString><tessellate>1</tessellate><altitudeMode>clampToGround</altitudeMode><coordinates>-0.06127674,43.19539635,428.96 -0.06140124,43.19519064,428.96</coordinates></LineString><LineString><tessellate>1</tessellate><altitudeMode>clampToGround</altitudeMode><coordinates>-0.06147593,43.19506721,428.96 -0.06160043,43.19486150,428.96</coordinates></LineString><LineString><tessellate>1</tessellate><altitudeMode>clampToGround</altitudeMode><coordinates>-0.06167513,43.19473807,428.96 -0.06179962,43.19453236,428.96</coordinates></LineString><LineString><tessellate>1</tessellate><altitudeMode>clampToGround</altitudeMode><coordinates>-0.06187432,43.19440893,428.96 -0.06199881,43.19420322,428.96</coordinates></LineString><LineString><tessellate>1</tessellate><altitudeMode>clampToGround</altitudeMode><coordinates>-0.06207351,43.19407979,428.96 -0.06219801,43.19387408,428.96</coordinates></LineString><LineString><tessellate>1</tessellate><altitudeMode>clampToGround</altitudeMode><coordinates>-0.06227270,43.19375065,428.96 -0.06239720,43.19354494,428.96</coordinates></LineString><LineString><tessellate>1</tessellate><altitudeMode>clampToGround</altitudeMode><coordinates>-0.06247189,43.19342151,428.96 -0.06259639,43.19321580,428.96</coordinates></LineString><LineString><tessellate>1</tessellate><altitudeMode>clampToGround</altitudeMode><coordinates>-0.06267109,43.19309238,428.96 -0.06279558,43.19288666,428.96</coordinates></LineString><LineString><tessellate>1</tessellate><altitudeMode>clampToGround</altitudeMode><coordinates>-0.06287028,43.19276324,428.96 -0.06299477,43.19255752,428.96</coordinates></LineString><LineString><tessellate>1</tessellate><altitudeMode>clampToGround</altitudeMode><coordinates>-0.06306947,43.19243410,428.96 -0.06311329,43.19236169,428.96</coordinates></LineString></MultiGeometry></Placemark>
<Placemark><name>sp02_v3_J285 — B</name><description>Azimut 203.8° — 3169 m</description><Point><altitudeMode>clampToGround</altitudeMode><coordinates>-0.06311329,43.19236169,428.96</coordinates></Point></Placemark>
<Placemark><name>Contour du secteur</name><description>Secteur demandé, non découpé par la zone</description><styleUrl>#s_secteur</styleUrl><MultiGeometry><LineString><tessellate>1</tessellate><altitudeMode>clampToGround</altitudeMode><coordinates>-0.04733330,43.21843610,428.96 -0.07517752,43.19842673,428.96 -0.07422025,43.19774313,428.96 -0.07323140,43.19708384,428.96 -0.07221213,43.19644962,428.96 -0.07116364,43.19584124,428.96 -0.07008715,43.19525939,428.96 -0.06898393,43.19470477,428.96 -0.06785528,43.19417803,428.96 -0.06670253,43.19367978,428.96 -0.06552702,43.19321061,428.96 -0.06433014,43.19277107,428.96 -0.06311329,43.19236169,428.96 -0.04733330,43.21843610,428.96</coordinates></LineString></MultiGeometry></Placemark>
<Placemark><name>Cercle de portée (3169 m)</name><description></description><styleUrl>#s_cercle</styleUrl><MultiGeometry><LineString><tessellate>1</tessellate><altitudeMode>clampToGround</altitudeMode><coordinates>-0.00822835,43.21843610,428.96 -0.00825218,43.21943065,428.96 -0.00832361,43.22042400,428.96 -0.00844258,43.22141492,428.96 -0.00860892,43.22240221,428.96 -0.00882245,43.22338467,428.96 -0.00908289,43.22436110,428.96 -0.00938994,43.22533031,428.96 -0.00974321,43.22629112,428.96 -0.01014229,43.22724236,428.96 -0.01058667,43.22818288,428.96 -0.01107583,43.22911151,428.96 -0.01160915,43.23002714,428.96 -0.01218601,43.23092865,428.96 -0.01280568,43.23181494,428.96 -0.01346742,43.23268493,428.96 -0.01417043,43.23353756,428.96 -0.01491383,43.23437179,428.96 -0.01569673,43.23518661,428.96 -0.01651818,43.23598101,428.96 -0.01737717,43.23675405,428.96 -0.01827266,43.23750476,428.96 -0.01920356,43.23823224,428.96 -0.02016872,43.23893560,428.96 -0.02116698,43.23961399,428.96 -0.02219713,43.24026658,428.96 -0.02325789,43.24089257,428.96 -0.02434799,43.24149119,428.96 -0.02546609,43.24206173,428.96 -0.02661084,43.24260349,428.96 -0.02778083,43.24311580,428.96 -0.02897464,43.24359804,428.96 -0.03019082,43.24404963,428.96 -0.03142789,43.24447001,428.96 -0.03268433,43.24485867,428.96 -0.03395862,43.24521514,428.96 -0.03524921,43.24553899,428.96 -0.03655452,43.24582981,428.96 -0.03787296,43.24608726,428.96 -0.03920292,43.24631102,428.96 -0.04054280,43.24650082,428.96 -0.04189094,43.24665643,428.96 -0.04324572,43.24677765,428.96 -0.04460548,43.24686434,428.96 -0.04596856,43.24691640,428.96 -0.04733330,43.24693376,428.96 -0.04869804,43.24691640,428.96 -0.05006112,43.24686434,428.96 -0.05142088,43.24677765,428.96 -0.05277566,43.24665643,428.96 -0.05412380,43.24650082,428.96 -0.05546368,43.24631102,428.96 -0.05679364,43.24608726,428.96 -0.05811208,43.24582981,428.96 -0.05941739,43.24553899,428.96 -0.06070798,43.24521514,428.96 -0.06198227,43.24485867,428.96 -0.06323871,43.24447001,428.96 -0.06447578,43.24404963,428.96 -0.06569196,43.24359804,428.96 -0.06688577,43.24311580,428.96 -0.06805576,43.24260349,428.96 -0.06920051,43.24206173,428.96 -0.07031861,43.24149119,428.96 -0.07140871,43.24089257,428.96 -0.07246947,43.24026658,428.96 -0.07349962,43.23961399,428.96 -0.07449788,43.23893560,428.96 -0.07546304,43.23823224,428.96 -0.07639394,43.23750476,428.96 -0.07728943,43.23675405,428.96 -0.07814842,43.23598101,428.96 -0.07896987,43.23518661,428.96 -0.07975277,43.23437179,428.96 -0.08049617,43.23353756,428.96 -0.08119918,43.23268493,428.96 -0.08186092,43.23181494,428.96 -0.08248059,43.23092865,428.96 -0.08305745,43.23002714,428.96 -0.08359077,43.22911151,428.96 -0.08407993,43.22818288,428.96 -0.08452431,43.22724236,428.96 -0.08492339,43.22629112,428.96 -0.08527666,43.22533031,428.96 -0.08558371,43.22436110,428.96 -0.08584415,43.22338467,428.96 -0.08605768,43.22240221,428.96 -0.08622402,43.22141492,428.96 -0.08634299,43.22042400,428.96 -0.08641442,43.21943065,428.96 -0.08643825,43.21843610,428.96 -0.08641442,43.21744155,428.96 -0.08634299,43.21644820,428.96 -0.08622402,43.21545728,428.96 -0.08605768,43.21446999,428.96 -0.08584415,43.21348753,428.96 -0.08558371,43.21251110,428.96 -0.08527666,43.21154189,428.96 -0.08492339,43.21058108,428.96 -0.08452431,43.20962984,428.96 -0.08407993,43.20868932,428.96 -0.08359077,43.20776069,428.96 -0.08305745,43.20684506,428.96 -0.08248059,43.20594355,428.96 -0.08186092,43.20505726,428.96 -0.08119918,43.20418727,428.96 -0.08049617,43.20333464,428.96 -0.07975277,43.20250041,428.96 -0.07896987,43.20168559,428.96 -0.07814842,43.20089119,428.96 -0.07728943,43.20011815,428.96 -0.07639394,43.19936744,428.96 -0.07546304,43.19863996,428.96 -0.07449788,43.19793660,428.96 -0.07349962,43.19725821,428.96 -0.07246947,43.19660562,428.96 -0.07140871,43.19597963,428.96 -0.07031861,43.19538101,428.96 -0.06920051,43.19481047,428.96 -0.06805576,43.19426871,428.96 -0.06688577,43.19375640,428.96 -0.06569196,43.19327416,428.96 -0.06447578,43.19282257,428.96 -0.06323871,43.19240219,428.96 -0.06198227,43.19201353,428.96 -0.06070798,43.19165706,428.96 -0.05941739,43.19133321,428.96 -0.05811208,43.19104239,428.96 -0.05679364,43.19078494,428.96 -0.05546368,43.19056118,428.96 -0.05412380,43.19037138,428.96 -0.05277566,43.19021577,428.96 -0.05142088,43.19009455,428.96 -0.05006112,43.19000786,428.96 -0.04869804,43.18995580,428.96 -0.04733330,43.18993844,428.96 -0.04596856,43.18995580,428.96 -0.04460548,43.19000786,428.96 -0.04324572,43.19009455,428.96 -0.04189094,43.19021577,428.96 -0.04054280,43.19037138,428.96 -0.03920292,43.19056118,428.96 -0.03787296,43.19078494,428.96 -0.03655452,43.19104239,428.96 -0.03524921,43.19133321,428.96 -0.03395862,43.19165706,428.96 -0.03268433,43.19201353,428.96 -0.03142789,43.19240219,428.96 -0.03019082,43.19282257,428.96 -0.02897464,43.19327416,428.96 -0.02778083,43.19375640,428.96 -0.02661084,43.19426871,428.96 -0.02546609,43.19481047,428.96 -0.02434799,43.19538101,428.96 -0.02325789,43.19597963,428.96 -0.02219713,43.19660562,428.96 -0.02116698,43.19725821,428.96 -0.02016872,43.19793660,428.96 -0.01920356,43.19863996,428.96 -0.01827266,43.19936744,428.96 -0.01737717,43.20011815,428.96 -0.01651818,43.20089119,428.96 -0.01569673,43.20168559,428.96 -0.01491383,43.20250041,428.96 -0.01417043,43.20333464,428.96 -0.01346742,43.20418727,428.96 -0.01280568,43.20505726,428.96 -0.01218601,43.20594355,428.96 -0.01160915,43.20684506,428.96 -0.01107583,43.20776069,428.96 -0.01058667,43.20868932,428.96 -0.01014229,43.20962984,428.96 -0.00974321,43.21058108,428.96 -0.00938994,43.21154189,428.96 -0.00908289,43.21251110,428.96 -0.00882245,43.21348753,428.96 -0.00860892,43.21446999,428.96 -0.00844258,43.21545728,428.96 -0.00832361,43.21644820,428.96 -0.00825218,43.21744155,428.96 -0.00822835,43.21843610,428.96</coordinates></LineString></MultiGeometry></Placemark>
</Folder>
<Folder><name>SP02 K1200 — 214.6° ± 2.9°</name><open>0</open>
<Placemark><name>Domaine (R = 3762 m)</name><description>Pas de tir : Rampe FusEx&lt;br/&gt;Zone : Périmètre de la base&lt;br/&gt;Groupe : sp02_v3_K1200&lt;br/&gt;Azimut : 214.6°&lt;br/&gt;Demi-angle : ± 2.9°&lt;br/&gt;Portée : 3762 m&lt;br/&gt;Surface : 74.8 ha</description><styleUrl>#s_dom3</styleUrl><Polygon><extrude>0</extrude><altitudeMode>clampToGround</altitudeMode><outerBoundaryIs><LinearRing><coordinates>-0.04733330,43.21843610,428.96 -0.07562810,43.19160946,428.96 -0.07570280,43.19047780,428.96 -0.07170674,43.18962397,428.96 -0.04733330,43.21843610,428.96</coordinates></LinearRing></outerBoundaryIs></Polygon></Placemark>
<Placemark><name>Limite A</name><description>Azimut 217.5° — 3762 m</description><styleUrl>#s_limites</styleUrl><MultiGeometry><LineString><tessellate>1</tessellate><altitudeMode>clampToGround</altitudeMode><coordinates>-0.04733330,43.21843610,428.96 -0.04752131,43.21825784,428.96</coordinates></LineString><LineString><tessellate>1</tessellate><altitudeMode>clampToGround</altitudeMode><coordinates>-0.04763412,43.21815089,428.96 -0.04782213,43.21797263,428.96</coordinates></LineString><LineString><tessellate>1</tessellate><altitudeMode>clampToGround</altitudeMode><coordinates>-0.04793494,43.21786568,428.96 -0.04812295,43.21768742,428.96</coordinates></LineString><LineString><tessellate>1</tessellate><altitudeMode>clampToGround</altitudeMode><coordinates>-0.04823576,43.21758046,428.96 -0.04842378,43.21740221,428.96</coordinates></LineString><LineString><tessellate>1</tessellate><altitudeMode>clampToGround</altitudeMode><coordinates>-0.04853658,43.21729525,428.96 -0.04872460,43.21711700,428.96</coordinates></LineString><LineString><tessellate>1</tessellate><altitudeMode>clampToGround</altitudeMode><coordinates>-0.04883740,43.21701004,428.96 -0.04902542,43.21683178,428.96</coordinates></LineString><LineString><tessellate>1</tessellate><altitudeMode>clampToGround</altitudeMode><coordinates>-0.04913822,43.21672483,428.96 -0.04932624,43.21654657,428.96</coordinates></LineString><LineString><tessellate>1</tessellate><altitudeMode>clampToGround</altitudeMode><coordinates>-0.04943905,43.21643962,428.96 -0.04962706,43.21626136,428.96</coordinates></LineString><LineString><tessellate>1</tessellate><altitudeMode>clampToGround</altitudeMode><coordinates>-0.04973987,43.21615441,428.96 -0.04992788,43.21597615,428.96</coordinates></LineString><LineString><tessellate>1</tessellate><altitudeMode>clampToGround</altitudeMode><coordinates>-0.05004069,43.21586919,428.96 -0.05022870,43.21569094,428.96</coordinates></LineString><LineString><tessellate>1</tessellate><altitudeMode>clampToGround</altitudeMode><coordinates>-0.05034151,43.21558398,428.96 -0.05052952,43.21540572,428.96</coordinates></LineString><LineString><tessellate>1</tessellate><altitudeMode>clampToGround</altitudeMode><coordinates>-0.05064233,43.21529877,428.96 -0.05083034,43.21512051,428.96</coordinates></LineString><LineString><tessellate>1</tessellate><altitudeMode>clampToGround</altitudeMode><coordinates>-0.05094315,43.21501356,428.96 -0.05113116,43.21483530,428.96</coordinates></LineString><LineString><tessellate>1</tessellate><altitudeMode>clampToGround</altitudeMode><coordinates>-0.05124397,43.21472835,428.96 -0.05143198,43.21455009,428.96</coordinates></LineString><LineString><tessellate>1</tessellate><altitudeMode>clampToGround</altitudeMode><coordinates>-0.05154479,43.21444313,428.96 -0.05173280,43.21426488,428.96</coordinates></LineString><LineString><tessellate>1</tessellate><altitudeMode>clampToGround</altitudeMode><coordinates>-0.05184561,43.21415792,428.96 -0.05203363,43.21397967,428.96</coordinates></LineString><LineString><tessellate>1</tessellate><altitudeMode>clampToGround</altitudeMode><coordinates>-0.05214643,43.21387271,428.96 -0.05233445,43.21369445,428.96</coordinates></LineString><LineString><tessellate>1</tessellate><altitudeMode>clampToGround</altitudeMode><coordinates>-0.05244725,43.21358750,428.96 -0.05263527,43.21340924,428.96</coordinates></LineString><LineString><tessellate>1</tessellate><altitudeMode>clampToGround</altitudeMode><coordinates>-0.05274807,43.21330229,428.96 -0.05293609,43.21312403,428.96</coordinates></LineString><LineString><tessellate>1</tessellate><altitudeMode>clampToGround</altitudeMode><coordinates>-0.05304890,43.21301708,428.96 -0.05323691,43.21283882,428.96</coordinates></LineString><LineString><tessellate>1</tessellate><altitudeMode>clampToGround</altitudeMode><coordinates>-0.05334972,43.21273186,428.96 -0.05353773,43.21255361,428.96</coordinates></LineString><LineString><tessellate>1</tessellate><altitudeMode>clampToGround</altitudeMode><coordinates>-0.05365054,43.21244665,428.96 -0.05383855,43.21226839,428.96</coordinates></LineString><LineString><tessellate>1</tessellate><altitudeMode>clampToGround</altitudeMode><coordinates>-0.05395136,43.21216144,428.96 -0.05413937,43.21198318,428.96</coordinates></LineString><LineString><tessellate>1</tessellate><altitudeMode>clampToGround</altitudeMode><coordinates>-0.05425218,43.21187623,428.96 -0.05444019,43.21169797,428.96</coordinates></LineString><LineString><tessellate>1</tessellate><altitudeMode>clampToGround</altitudeMode><coordinates>-0.05455300,43.21159102,428.96 -0.05474101,43.21141276,428.96</coordinates></LineString><LineString><tessellate>1</tessellate><altitudeMode>clampToGround</altitudeMode><coordinates>-0.05485382,43.21130581,428.96 -0.05504183,43.21112755,428.96</coordinates></LineString><LineString><tessellate>1</tessellate><altitudeMode>clampToGround</altitudeMode><coordinates>-0.05515464,43.21102059,428.96 -0.05534265,43.21084234,428.96</coordinates></LineString><LineString><tessellate>1</tessellate><altitudeMode>clampToGround</altitudeMode><coordinates>-0.05545546,43.21073538,428.96 -0.05564347,43.21055712,428.96</coordinates></LineString><LineString><tessellate>1</tessellate><altitudeMode>clampToGround</altitudeMode><coordinates>-0.05575628,43.21045017,428.96 -0.05594430,43.21027191,428.96</coordinates></LineString><LineString><tessellate>1</tessellate><altitudeMode>clampToGround</altitudeMode><coordinates>-0.05605710,43.21016496,428.96 -0.05624512,43.20998670,428.96</coordinates></LineString><LineString><tessellate>1</tessellate><altitudeMode>clampToGround</altitudeMode><coordinates>-0.05635792,43.20987975,428.96 -0.05654594,43.20970149,428.96</coordinates></LineString><LineString><tessellate>1</tessellate><altitudeMode>clampToGround</altitudeMode><coordinates>-0.05665874,43.20959453,428.96 -0.05684676,43.20941628,428.96</coordinates></LineString><LineString><tessellate>1</tessellate><altitudeMode>clampToGround</altitudeMode><coordinates>-0.05695957,43.20930932,428.96 -0.05714758,43.20913107,428.96</coordinates></LineString><LineString><tessellate>1</tessellate><altitudeMode>clampToGround</altitudeMode><coordinates>-0.05726039,43.20902411,428.96 -0.05744840,43.20884585,428.96</coordinates></LineString><LineString><tessellate>1</tessellate><altitudeMode>clampToGround</altitudeMode><coordinates>-0.05756121,43.20873890,428.96 -0.05774922,43.20856064,428.96</coordinates></LineString><LineString><tessellate>1</tessellate><altitudeMode>clampToGround</altitudeMode><coordinates>-0.05786203,43.20845369,428.96 -0.05805004,43.20827543,428.96</coordinates></LineString><LineString><tessellate>1</tessellate><altitudeMode>clampToGround</altitudeMode><coordinates>-0.05816285,43.20816848,428.96 -0.05835086,43.20799022,428.96</coordinates></LineString><LineString><tessellate>1</tessellate><altitudeMode>clampToGround</altitudeMode><coordinates>-0.05846367,43.20788326,428.96 -0.05865168,43.20770501,428.96</coordinates></LineString><LineString><tessellate>1</tessellate><altitudeMode>clampToGround</altitudeMode><coordinates>-0.05876449,43.20759805,428.96 -0.05895250,43.20741979,428.96</coordinates></LineString><LineString><tessellate>1</tessellate><altitudeMode>clampToGround</altitudeMode><coordinates>-0.05906531,43.20731284,428.96 -0.05925332,43.20713458,428.96</coordinates></LineString><LineString><tessellate>1</tessellate><altitudeMode>clampToGround</altitudeMode><coordinates>-0.05936613,43.20702763,428.96 -0.05955415,43.20684937,428.96</coordinates></LineString><LineString><tessellate>1</tessellate><altitudeMode>clampToGround</altitudeMode><coordinates>-0.05966695,43.20674242,428.96 -0.05985497,43.20656416,428.96</coordinates></LineString><LineString><tessellate>1</tessellate><altitudeMode>clampToGround</altitudeMode><coordinates>-0.05996777,43.20645720,428.96 -0.06015579,43.20627895,428.96</coordinates></LineString><LineString><tessellate>1</tessellate><altitudeMode>clampToGround</altitudeMode><coordinates>-0.06026859,43.20617199,428.96 -0.06045661,43.20599374,428.96</coordinates></LineString><LineString><tessellate>1</tessellate><altitudeMode>clampToGround</altitudeMode><coordinates>-0.06056942,43.20588678,428.96 -0.06075743,43.20570852,428.96</coordinates></LineString><LineString><tessellate>1</tessellate><altitudeMode>clampToGround</altitudeMode><coordinates>-0.06087024,43.20560157,428.96 -0.06105825,43.20542331,428.96</coordinates></LineString><LineString><tessellate>1</tessellate><altitudeMode>clampToGround</altitudeMode><coordinates>-0.06117106,43.20531636,428.96 -0.06135907,43.20513810,428.96</coordinates></LineString><LineString><tessellate>1</tessellate><altitudeMode>clampToGround</altitudeMode><coordinates>-0.06147188,43.20503115,428.96 -0.06165989,43.20485289,428.96</coordinates></LineString><LineString><tessellate>1</tessellate><altitudeMode>clampToGround</altitudeMode><coordinates>-0.06177270,43.20474593,428.96 -0.06196071,43.20456768,428.96</coordinates></LineString><LineString><tessellate>1</tessellate><altitudeMode>clampToGround</altitudeMode><coordinates>-0.06207352,43.20446072,428.96 -0.06226153,43.20428246,428.96</coordinates></LineString><LineString><tessellate>1</tessellate><altitudeMode>clampToGround</altitudeMode><coordinates>-0.06237434,43.20417551,428.96 -0.06256235,43.20399725,428.96</coordinates></LineString><LineString><tessellate>1</tessellate><altitudeMode>clampToGround</altitudeMode><coordinates>-0.06267516,43.20389030,428.96 -0.06286317,43.20371204,428.96</coordinates></LineString><LineString><tessellate>1</tessellate><altitudeMode>clampToGround</altitudeMode><coordinates>-0.06297598,43.20360509,428.96 -0.06316399,43.20342683,428.96</coordinates></LineString><LineString><tessellate>1</tessellate><altitudeMode>clampToGround</altitudeMode><coordinates>-0.06327680,43.20331988,428.96 -0.06346482,43.20314162,428.96</coordinates></LineString><LineString><tessellate>1</tessellate><altitudeMode>clampToGround</altitudeMode><coordinates>-0.06357762,43.20303466,428.96 -0.06376564,43.20285641,428.96</coordinates></LineString><LineString><tessellate>1</tessellate><altitudeMode>clampToGround</altitudeMode><coordinates>-0.06387844,43.20274945,428.96 -0.06406646,43.20257119,428.96</coordinates></LineString><LineString><tessellate>1</tessellate><altitudeMode>clampToGround</altitudeMode><coordinates>-0.06417926,43.20246424,428.96 -0.06436728,43.20228598,428.96</coordinates></LineString><LineString><tessellate>1</tessellate><altitudeMode>clampToGround</altitudeMode><coordinates>-0.06448009,43.20217903,428.96 -0.06466810,43.20200077,428.96</coordinates></LineString><LineString><tessellate>1</tessellate><altitudeMode>clampToGround</altitudeMode><coordinates>-0.06478091,43.20189382,428.96 -0.06496892,43.20171556,428.96</coordinates></LineString><LineString><tessellate>1</tessellate><altitudeMode>clampToGround</altitudeMode><coordinates>-0.06508173,43.20160860,428.96 -0.06526974,43.20143035,428.96</coordinates></LineString><LineString><tessellate>1</tessellate><altitudeMode>clampToGround</altitudeMode><coordinates>-0.06538255,43.20132339,428.96 -0.06557056,43.20114514,428.96</coordinates></LineString><LineString><tessellate>1</tessellate><altitudeMode>clampToGround</altitudeMode><coordinates>-0.06568337,43.20103818,428.96 -0.06587138,43.20085992,428.96</coordinates></LineString><LineString><tessellate>1</tessellate><altitudeMode>clampToGround</altitudeMode><coordinates>-0.06598419,43.20075297,428.96 -0.06617220,43.20057471,428.96</coordinates></LineString><LineString><tessellate>1</tessellate><altitudeMode>clampToGround</altitudeMode><coordinates>-0.06628501,43.20046776,428.96 -0.06647302,43.20028950,428.96</coordinates></LineString><LineString><tessellate>1</tessellate><altitudeMode>clampToGround</altitudeMode><coordinates>-0.06658583,43.20018255,428.96 -0.06677384,43.20000429,428.96</coordinates></LineString><LineString><tessellate>1</tessellate><altitudeMode>clampToGround</altitudeMode><coordinates>-0.06688665,43.19989733,428.96 -0.06707467,43.19971908,428.96</coordinates></LineString><LineString><tessellate>1</tessellate><altitudeMode>clampToGround</altitudeMode><coordinates>-0.06718747,43.19961212,428.96 -0.06737549,43.19943386,428.96</coordinates></LineString><LineString><tessellate>1</tessellate><altitudeMode>clampToGround</altitudeMode><coordinates>-0.06748829,43.19932691,428.96 -0.06767631,43.19914865,428.96</coordinates></LineString><LineString><tessellate>1</tessellate><altitudeMode>clampToGround</altitudeMode><coordinates>-0.06778911,43.19904170,428.96 -0.06797713,43.19886344,428.96</coordinates></LineString><LineString><tessellate>1</tessellate><altitudeMode>clampToGround</altitudeMode><coordinates>-0.06808994,43.19875649,428.96 -0.06827795,43.19857823,428.96</coordinates></LineString><LineString><tessellate>1</tessellate><altitudeMode>clampToGround</altitudeMode><coordinates>-0.06839076,43.19847127,428.96 -0.06857877,43.19829302,428.96</coordinates></LineString><LineString><tessellate>1</tessellate><altitudeMode>clampToGround</altitudeMode><coordinates>-0.06869158,43.19818606,428.96 -0.06887959,43.19800781,428.96</coordinates></LineString><LineString><tessellate>1</tessellate><altitudeMode>clampToGround</altitudeMode><coordinates>-0.06899240,43.19790085,428.96 -0.06918041,43.19772259,428.96</coordinates></LineString><LineString><tessellate>1</tessellate><altitudeMode>clampToGround</altitudeMode><coordinates>-0.06929322,43.19761564,428.96 -0.06948123,43.19743738,428.96</coordinates></LineString><LineString><tessellate>1</tessellate><altitudeMode>clampToGround</altitudeMode><coordinates>-0.06959404,43.19733043,428.96 -0.06978205,43.19715217,428.96</coordinates></LineString><LineString><tessellate>1</tessellate><altitudeMode>clampToGround</altitudeMode><coordinates>-0.06989486,43.19704522,428.96 -0.07008287,43.19686696,428.96</coordinates></LineString><LineString><tessellate>1</tessellate><altitudeMode>clampToGround</altitudeMode><coordinates>-0.07019568,43.19676000,428.96 -0.07038369,43.19658175,428.96</coordinates></LineString><LineString><tessellate>1</tessellate><altitudeMode>clampToGround</altitudeMode><coordinates>-0.07049650,43.19647479,428.96 -0.07068451,43.19629653,428.96</coordinates></LineString><LineString><tessellate>1</tessellate><altitudeMode>clampToGround</altitudeMode><coordinates>-0.07079732,43.19618958,428.96 -0.07098534,43.19601132,428.96</coordinates></LineString><LineString><tessellate>1</tessellate><altitudeMode>clampToGround</altitudeMode><coordinates>-0.07109814,43.19590437,428.96 -0.07128616,43.19572611,428.96</coordinates></LineString><LineString><tessellate>1</tessellate><altitudeMode>clampToGround</altitudeMode><coordinates>-0.07139896,43.19561916,428.96 -0.07158698,43.19544090,428.96</coordinates></LineString><LineString><tessellate>1</tessellate><altitudeMode>clampToGround</altitudeMode><coordinates>-0.07169978,43.19533394,428.96 -0.07188780,43.19515569,428.96</coordinates></LineString><LineString><tessellate>1</tessellate><altitudeMode>clampToGround</altitudeMode><coordinates>-0.07200061,43.19504873,428.96 -0.07218862,43.19487048,428.96</coordinates></LineString><LineString><tessellate>1</tessellate><altitudeMode>clampToGround</altitudeMode><coordinates>-0.07230143,43.19476352,428.96 -0.07248944,43.19458526,428.96</coordinates></LineString><LineString><tessellate>1</tessellate><altitudeMode>clampToGround</altitudeMode><coordinates>-0.07260225,43.19447831,428.96 -0.07279026,43.19430005,428.96</coordinates></LineString><LineString><tessellate>1</tessellate><altitudeMode>clampToGround</altitudeMode><coordinates>-0.07290307,43.19419310,428.96 -0.07309108,43.19401484,428.96</coordinates></LineString><LineString><tessellate>1</tessellate><altitudeMode>clampToGround</altitudeMode><coordinates>-0.07320389,43.19390789,428.96 -0.07339190,43.19372963,428.96</coordinates></LineString><LineString><tessellate>1</tessellate><altitudeMode>clampToGround</altitudeMode><coordinates>-0.07350471,43.19362267,428.96 -0.07369272,43.19344442,428.96</coordinates></LineString><LineString><tessellate>1</tessellate><altitudeMode>clampToGround</altitudeMode><coordinates>-0.07380553,43.19333746,428.96 -0.07399354,43.19315920,428.96</coordinates></LineString><LineString><tessellate>1</tessellate><altitudeMode>clampToGround</altitudeMode><coordinates>-0.07410635,43.19305225,428.96 -0.07429436,43.19287399,428.96</coordinates></LineString><LineString><tessellate>1</tessellate><altitudeMode>clampToGround</altitudeMode><coordinates>-0.07440717,43.19276704,428.96 -0.07459519,43.19258878,428.96</coordinates></LineString><LineString><tessellate>1</tessellate><altitudeMode>clampToGround</altitudeMode><coordinates>-0.07470799,43.19248183,428.96 -0.07489601,43.19230357,428.96</coordinates></LineString><LineString><tessellate>1</tessellate><altitudeMode>clampToGround</altitudeMode><coordinates>-0.07500881,43.19219662,428.96 -0.07519683,43.19201836,428.96</coordinates></LineString><LineString><tessellate>1</tessellate><altitudeMode>clampToGround</altitudeMode><coordinates>-0.07530963,43.19191140,428.96 -0.07549765,43.19173315,428.96</coordinates></LineString><LineString><tessellate>1</tessellate><altitudeMode>clampToGround</altitudeMode><coordinates>-0.07561046,43.19162619,428.96 -0.07562775,43.19160979,428.96</coordinates></LineString></MultiGeometry></Placemark>
<Placemark><name>sp02_v3_K1200 — A</name><description>Azimut 217.5° — 3762 m</description><Point><altitudeMode>clampToGround</altitudeMode><coordinates>-0.07562775,43.19160979,428.96</coordinates></Point></Placemark>
<Placemark><name>Limite B</name><description>Azimut 211.7° — 3762 m</description><styleUrl>#s_limites</styleUrl><MultiGeometry><LineString><tessellate>1</tessellate><altitudeMode>clampToGround</altitudeMode><coordinates>-0.04733330,43.21843610,428.96 -0.04749520,43.21824472,428.96</coordinates></LineString><LineString><tessellate>1</tessellate><altitudeMode>clampToGround</altitudeMode><coordinates>-0.04759234,43.21812988,428.96 -0.04775424,43.21793850,428.96</coordinates></LineString><LineString><tessellate>1</tessellate><altitudeMode>clampToGround</altitudeMode><coordinates>-0.04785138,43.21782367,428.96 -0.04801328,43.21763228,428.96</coordinates></LineString><LineString><tessellate>1</tessellate><altitudeMode>clampToGround</altitudeMode><coordinates>-0.04811042,43.21751745,428.96 -0.04827232,43.21732607,428.96</coordinates></LineString><LineString><tessellate>1</tessellate><altitudeMode>clampToGround</altitudeMode><coordinates>-0.04836946,43.21721124,428.96 -0.04853137,43.21701985,428.96</coordinates></LineString><LineString><tessellate>1</tessellate><altitudeMode>clampToGround</altitudeMode><coordinates>-0.04862851,43.21690502,428.96 -0.04879041,43.21671364,428.96</coordinates></LineString><LineString><tessellate>1</tessellate><altitudeMode>clampToGround</altitudeMode><coordinates>-0.04888755,43.21659881,428.96 -0.04904945,43.21640742,428.96</coordinates></LineString><LineString><tessellate>1</tessellate><altitudeMode>clampToGround</altitudeMode><coordinates>-0.04914659,43.21629259,428.96 -0.04930849,43.21610121,428.96</coordinates></LineString><LineString><tessellate>1</tessellate><altitudeMode>clampToGround</altitudeMode><coordinates>-0.04940563,43.21598637,428.96 -0.04956753,43.21579499,428.96</coordinates></LineString><LineString><tessellate>1</tessellate><altitudeMode>clampToGround</altitudeMode><coordinates>-0.04966467,43.21568016,428.96 -0.04982657,43.21548877,428.96</coordinates></LineString><LineString><tessellate>1</tessellate><altitudeMode>clampToGround</altitudeMode><coordinates>-0.04992371,43.21537394,428.96 -0.05008561,43.21518256,428.96</coordinates></LineString><LineString><tessellate>1</tessellate><altitudeMode>clampToGround</altitudeMode><coordinates>-0.05018275,43.21506773,428.96 -0.05034465,43.21487634,428.96</coordinates></LineString><LineString><tessellate>1</tessellate><altitudeMode>clampToGround</altitudeMode><coordinates>-0.05044179,43.21476151,428.96 -0.05060369,43.21457013,428.96</coordinates></LineString><LineString><tessellate>1</tessellate><altitudeMode>clampToGround</altitudeMode><coordinates>-0.05070084,43.21445530,428.96 -0.05086274,43.21426391,428.96</coordinates></LineString><LineString><tessellate>1</tessellate><altitudeMode>clampToGround</altitudeMode><coordinates>-0.05095988,43.21414908,428.96 -0.05112178,43.21395770,428.96</coordinates></LineString><LineString><tessellate>1</tessellate><altitudeMode>clampToGround</altitudeMode><coordinates>-0.05121892,43.21384287,428.96 -0.05138082,43.21365148,428.96</coordinates></LineString><LineString><tessellate>1</tessellate><altitudeMode>clampToGround</altitudeMode><coordinates>-0.05147796,43.21353665,428.96 -0.05163986,43.21334526,428.96</coordinates></LineString><LineString><tessellate>1</tessellate><altitudeMode>clampToGround</altitudeMode><coordinates>-0.05173700,43.21323043,428.96 -0.05189890,43.21303905,428.96</coordinates></LineString><LineString><tessellate>1</tessellate><altitudeMode>clampToGround</altitudeMode><coordinates>-0.05199604,43.21292422,428.96 -0.05215794,43.21273283,428.96</coordinates></LineString><LineString><tessellate>1</tessellate><altitudeMode>clampToGround</altitudeMode><coordinates>-0.05225508,43.21261800,428.96 -0.05241698,43.21242662,428.96</coordinates></LineString><LineString><tessellate>1</tessellate><altitudeMode>clampToGround</altitudeMode><coordinates>-0.05251412,43.21231179,428.96 -0.05267602,43.21212040,428.96</coordinates></LineString><LineString><tessellate>1</tessellate><altitudeMode>clampToGround</altitudeMode><coordinates>-0.05277316,43.21200557,428.96 -0.05293507,43.21181419,428.96</coordinates></LineString><LineString><tessellate>1</tessellate><altitudeMode>clampToGround</altitudeMode><coordinates>-0.05303221,43.21169936,428.96 -0.05319411,43.21150797,428.96</coordinates></LineString><LineString><tessellate>1</tessellate><altitudeMode>clampToGround</altitudeMode><coordinates>-0.05329125,43.21139314,428.96 -0.05345315,43.21120176,428.96</coordinates></LineString><LineString><tessellate>1</tessellate><altitudeMode>clampToGround</altitudeMode><coordinates>-0.05355029,43.21108692,428.96 -0.05371219,43.21089554,428.96</coordinates></LineString><LineString><tessellate>1</tessellate><altitudeMode>clampToGround</altitudeMode><coordinates>-0.05380933,43.21078071,428.96 -0.05397123,43.21058932,428.96</coordinates></LineString><LineString><tessellate>1</tessellate><altitudeMode>clampToGround</altitudeMode><coordinates>-0.05406837,43.21047449,428.96 -0.05423027,43.21028311,428.96</coordinates></LineString><LineString><tessellate>1</tessellate><altitudeMode>clampToGround</altitudeMode><coordinates>-0.05432741,43.21016828,428.96 -0.05448931,43.20997689,428.96</coordinates></LineString><LineString><tessellate>1</tessellate><altitudeMode>clampToGround</altitudeMode><coordinates>-0.05458645,43.20986206,428.96 -0.05474835,43.20967068,428.96</coordinates></LineString><LineString><tessellate>1</tessellate><altitudeMode>clampToGround</altitudeMode><coordinates>-0.05484549,43.20955585,428.96 -0.05500739,43.20936446,428.96</coordinates></LineString><LineString><tessellate>1</tessellate><altitudeMode>clampToGround</altitudeMode><coordinates>-0.05510454,43.20924963,428.96 -0.05526644,43.20905825,428.96</coordinates></LineString><LineString><tessellate>1</tessellate><altitudeMode>clampToGround</altitudeMode><coordinates>-0.05536358,43.20894341,428.96 -0.05552548,43.20875203,428.96</coordinates></LineString><LineString><tessellate>1</tessellate><altitudeMode>clampToGround</altitudeMode><coordinates>-0.05562262,43.20863720,428.96 -0.05578452,43.20844581,428.96</coordinates></LineString><LineString><tessellate>1</tessellate><altitudeMode>clampToGround</altitudeMode><coordinates>-0.05588166,43.20833098,428.96 -0.05604356,43.20813960,428.96</coordinates></LineString><LineString><tessellate>1</tessellate><altitudeMode>clampToGround</altitudeMode><coordinates>-0.05614070,43.20802477,428.96 -0.05630260,43.20783338,428.96</coordinates></LineString><LineString><tessellate>1</tessellate><altitudeMode>clampToGround</altitudeMode><coordinates>-0.05639974,43.20771855,428.96 -0.05656164,43.20752717,428.96</coordinates></LineString><LineString><tessellate>1</tessellate><altitudeMode>clampToGround</altitudeMode><coordinates>-0.05665878,43.20741234,428.96 -0.05682068,43.20722095,428.96</coordinates></LineString><LineString><tessellate>1</tessellate><altitudeMode>clampToGround</altitudeMode><coordinates>-0.05691782,43.20710612,428.96 -0.05707972,43.20691474,428.96</coordinates></LineString><LineString><tessellate>1</tessellate><altitudeMode>clampToGround</altitudeMode><coordinates>-0.05717686,43.20679990,428.96 -0.05733877,43.20660852,428.96</coordinates></LineString><LineString><tessellate>1</tessellate><altitudeMode>clampToGround</altitudeMode><coordinates>-0.05743591,43.20649369,428.96 -0.05759781,43.20630230,428.96</coordinates></LineString><LineString><tessellate>1</tessellate><altitudeMode>clampToGround</altitudeMode><coordinates>-0.05769495,43.20618747,428.96 -0.05785685,43.20599609,428.96</coordinates></LineString><LineString><tessellate>1</tessellate><altitudeMode>clampToGround</altitudeMode><coordinates>-0.05795399,43.20588126,428.96 -0.05811589,43.20568987,428.96</coordinates></LineString><LineString><tessellate>1</tessellate><altitudeMode>clampToGround</altitudeMode><coordinates>-0.05821303,43.20557504,428.96 -0.05837493,43.20538366,428.96</coordinates></LineString><LineString><tessellate>1</tessellate><altitudeMode>clampToGround</altitudeMode><coordinates>-0.05847207,43.20526883,428.96 -0.05863397,43.20507744,428.96</coordinates></LineString><LineString><tessellate>1</tessellate><altitudeMode>clampToGround</altitudeMode><coordinates>-0.05873111,43.20496261,428.96 -0.05889301,43.20477123,428.96</coordinates></LineString><LineString><tessellate>1</tessellate><altitudeMode>clampToGround</altitudeMode><coordinates>-0.05899015,43.20465640,428.96 -0.05915205,43.20446501,428.96</coordinates></LineString><LineString><tessellate>1</tessellate><altitudeMode>clampToGround</altitudeMode><coordinates>-0.05924919,43.20435018,428.96 -0.05941109,43.20415879,428.96</coordinates></LineString><LineString><tessellate>1</tessellate><altitudeMode>clampToGround</altitudeMode><coordinates>-0.05950823,43.20404396,428.96 -0.05967014,43.20385258,428.96</coordinates></LineString><LineString><tessellate>1</tessellate><altitudeMode>clampToGround</altitudeMode><coordinates>-0.05976728,43.20373775,428.96 -0.05992918,43.20354636,428.96</coordinates></LineString><LineString><tessellate>1</tessellate><altitudeMode>clampToGround</altitudeMode><coordinates>-0.06002632,43.20343153,428.96 -0.06018822,43.20324015,428.96</coordinates></LineString><LineString><tessellate>1</tessellate><altitudeMode>clampToGround</altitudeMode><coordinates>-0.06028536,43.20312532,428.96 -0.06044726,43.20293393,428.96</coordinates></LineString><LineString><tessellate>1</tessellate><altitudeMode>clampToGround</altitudeMode><coordinates>-0.06054440,43.20281910,428.96 -0.06070630,43.20262772,428.96</coordinates></LineString><LineString><tessellate>1</tessellate><altitudeMode>clampToGround</altitudeMode><coordinates>-0.06080344,43.20251289,428.96 -0.06096534,43.20232150,428.96</coordinates></LineString><LineString><tessellate>1</tessellate><altitudeMode>clampToGround</altitudeMode><coordinates>-0.06106248,43.20220667,428.96 -0.06122438,43.20201529,428.96</coordinates></LineString><LineString><tessellate>1</tessellate><altitudeMode>clampToGround</altitudeMode><coordinates>-0.06132152,43.20190045,428.96 -0.06148342,43.20170907,428.96</coordinates></LineString><LineString><tessellate>1</tessellate><altitudeMode>clampToGround</altitudeMode><coordinates>-0.06158056,43.20159424,428.96 -0.06174246,43.20140285,428.96</coordinates></LineString><LineString><tessellate>1</tessellate><altitudeMode>clampToGround</altitudeMode><coordinates>-0.06183961,43.20128802,428.96 -0.06200151,43.20109664,428.96</coordinates></LineString><LineString><tessellate>1</tessellate><altitudeMode>clampToGround</altitudeMode><coordinates>-0.06209865,43.20098181,428.96 -0.06226055,43.20079042,428.96</coordinates></LineString><LineString><tessellate>1</tessellate><altitudeMode>clampToGround</altitudeMode><coordinates>-0.06235769,43.20067559,428.96 -0.06251959,43.20048421,428.96</coordinates></LineString><LineString><tessellate>1</tessellate><altitudeMode>clampToGround</altitudeMode><coordinates>-0.06261673,43.20036938,428.96 -0.06277863,43.20017799,428.96</coordinates></LineString><LineString><tessellate>1</tessellate><altitudeMode>clampToGround</altitudeMode><coordinates>-0.06287577,43.20006316,428.96 -0.06303767,43.19987178,428.96</coordinates></LineString><LineString><tessellate>1</tessellate><altitudeMode>clampToGround</altitudeMode><coordinates>-0.06313481,43.19975694,428.96 -0.06329671,43.19956556,428.96</coordinates></LineString><LineString><tessellate>1</tessellate><altitudeMode>clampToGround</altitudeMode><coordinates>-0.06339385,43.19945073,428.96 -0.06355575,43.19925934,428.96</coordinates></LineString><LineString><tessellate>1</tessellate><altitudeMode>clampToGround</altitudeMode><coordinates>-0.06365289,43.19914451,428.96 -0.06381479,43.19895313,428.96</coordinates></LineString><LineString><tessellate>1</tessellate><altitudeMode>clampToGround</altitudeMode><coordinates>-0.06391193,43.19883830,428.96 -0.06407384,43.19864691,428.96</coordinates></LineString><LineString><tessellate>1</tessellate><altitudeMode>clampToGround</altitudeMode><coordinates>-0.06417098,43.19853208,428.96 -0.06433288,43.19834070,428.96</coordinates></LineString><LineString><tessellate>1</tessellate><altitudeMode>clampToGround</altitudeMode><coordinates>-0.06443002,43.19822587,428.96 -0.06459192,43.19803448,428.96</coordinates></LineString><LineString><tessellate>1</tessellate><altitudeMode>clampToGround</altitudeMode><coordinates>-0.06468906,43.19791965,428.96 -0.06485096,43.19772827,428.96</coordinates></LineString><LineString><tessellate>1</tessellate><altitudeMode>clampToGround</altitudeMode><coordinates>-0.06494810,43.19761344,428.96 -0.06511000,43.19742205,428.96</coordinates></LineString><LineString><tessellate>1</tessellate><altitudeMode>clampToGround</altitudeMode><coordinates>-0.06520714,43.19730722,428.96 -0.06536904,43.19711583,428.96</coordinates></LineString><LineString><tessellate>1</tessellate><altitudeMode>clampToGround</altitudeMode><coordinates>-0.06546618,43.19700100,428.96 -0.06562808,43.19680962,428.96</coordinates></LineString><LineString><tessellate>1</tessellate><altitudeMode>clampToGround</altitudeMode><coordinates>-0.06572522,43.19669479,428.96 -0.06588712,43.19650340,428.96</coordinates></LineString><LineString><tessellate>1</tessellate><altitudeMode>clampToGround</altitudeMode><coordinates>-0.06598426,43.19638857,428.96 -0.06614616,43.19619719,428.96</coordinates></LineString><LineString><tessellate>1</tessellate><altitudeMode>clampToGround</altitudeMode><coordinates>-0.06624331,43.19608236,428.96 -0.06640521,43.19589097,428.96</coordinates></LineString><LineString><tessellate>1</tessellate><altitudeMode>clampToGround</altitudeMode><coordinates>-0.06650235,43.19577614,428.96 -0.06666425,43.19558476,428.96</coordinates></LineString><LineString><tessellate>1</tessellate><altitudeMode>clampToGround</altitudeMode><coordinates>-0.06676139,43.19546993,428.96 -0.06692329,43.19527854,428.96</coordinates></LineString><LineString><tessellate>1</tessellate><altitudeMode>clampToGround</altitudeMode><coordinates>-0.06702043,43.19516371,428.96 -0.06718233,43.19497233,428.96</coordinates></LineString><LineString><tessellate>1</tessellate><altitudeMode>clampToGround</altitudeMode><coordinates>-0.06727947,43.19485749,428.96 -0.06744137,43.19466611,428.96</coordinates></LineString><LineString><tessellate>1</tessellate><altitudeMode>clampToGround</altitudeMode><coordinates>-0.06753851,43.19455128,428.96 -0.06770041,43.19435989,428.96</coordinates></LineString><LineString><tessellate>1</tessellate><altitudeMode>clampToGround</altitudeMode><coordinates>-0.06779755,43.19424506,428.96 -0.06795945,43.19405368,428.96</coordinates></LineString><LineString><tessellate>1</tessellate><altitudeMode>clampToGround</altitudeMode><coordinates>-0.06805659,43.19393885,428.96 -0.06821849,43.19374746,428.96</coordinates></LineString><LineString><tessellate>1</tessellate><altitudeMode>clampToGround</altitudeMode><coordinates>-0.06831563,43.19363263,428.96 -0.06847754,43.19344125,428.96</coordinates></LineString><LineString><tessellate>1</tessellate><altitudeMode>clampToGround</altitudeMode><coordinates>-0.06857468,43.19332642,428.96 -0.06873658,43.19313503,428.96</coordinates></LineString><LineString><tessellate>1</tessellate><altitudeMode>clampToGround</altitudeMode><coordinates>-0.06883372,43.19302020,428.96 -0.06899562,43.19282882,428.96</coordinates></LineString><LineString><tessellate>1</tessellate><altitudeMode>clampToGround</altitudeMode><coordinates>-0.06909276,43.19271398,428.96 -0.06925466,43.19252260,428.96</coordinates></LineString><LineString><tessellate>1</tessellate><altitudeMode>clampToGround</altitudeMode><coordinates>-0.06935180,43.19240777,428.96 -0.06951370,43.19221638,428.96</coordinates></LineString><LineString><tessellate>1</tessellate><altitudeMode>clampToGround</altitudeMode><coordinates>-0.06961084,43.19210155,428.96 -0.06977274,43.19191017,428.96</coordinates></LineString><LineString><tessellate>1</tessellate><altitudeMode>clampToGround</altitudeMode><coordinates>-0.06986988,43.19179534,428.96 -0.07003178,43.19160395,428.96</coordinates></LineString><LineString><tessellate>1</tessellate><altitudeMode>clampToGround</altitudeMode><coordinates>-0.07012892,43.19148912,428.96 -0.07029082,43.19129774,428.96</coordinates></LineString><LineString><tessellate>1</tessellate><altitudeMode>clampToGround</altitudeMode><coordinates>-0.07038796,43.19118291,428.96 -0.07054986,43.19099152,428.96</coordinates></LineString><LineString><tessellate>1</tessellate><altitudeMode>clampToGround</altitudeMode><coordinates>-0.07064701,43.19087669,428.96 -0.07080891,43.19068531,428.96</coordinates></LineString><LineString><tessellate>1</tessellate><altitudeMode>clampToGround</altitudeMode><coordinates>-0.07090605,43.19057048,428.96 -0.07106795,43.19037909,428.96</coordinates></LineString><LineString><tessellate>1</tessellate><altitudeMode>clampToGround</altitudeMode><coordinates>-0.07116509,43.19026426,428.96 -0.07132699,43.19007287,428.96</coordinates></LineString><LineString><tessellate>1</tessellate><altitudeMode>clampToGround</altitudeMode><coordinates>-0.07142413,43.18995804,428.96 -0.07158603,43.18976666,428.96</coordinates></LineString><LineString><tessellate>1</tessellate><altitudeMode>clampToGround</altitudeMode><coordinates>-0.07168317,43.18965183,428.96 -0.07169806,43.18963422,428.96</coordinates></LineString></MultiGeometry></Placemark>
<Placemark><name>sp02_v3_K1200 — B</name><description>Azimut 211.7° — 3762 m</description><Point><altitudeMode>clampToGround</altitudeMode><coordinates>-0.07169806,43.18963422,428.96</coordinates></Point></Placemark>
<Placemark><name>Contour du secteur</name><description>Secteur demandé, non découpé par la zone</description><styleUrl>#s_secteur</styleUrl><MultiGeometry><LineString><tessellate>1</tessellate><altitudeMode>clampToGround</altitudeMode><coordinates>-0.04733330,43.21843610,428.96 -0.07562775,43.19160979,428.96 -0.07434910,43.19091866,428.96 -0.07303870,43.19025988,428.96 -0.07169806,43.18963422,428.96 -0.04733330,43.21843610,428.96</coordinates></LineString></MultiGeometry></Placemark>
<Placemark><name>Cercle de portée (3762 m)</name><description></description><styleUrl>#s_cercle</styleUrl><MultiGeometry><LineString><tessellate>1</tessellate><altitudeMode>clampToGround</altitudeMode><coordinates>-0.00090420,43.21843610,428.96 -0.00093248,43.21961693,428.96 -0.00101730,43.22079632,428.96 -0.00115854,43.22197283,428.96 -0.00135604,43.22314504,428.96 -0.00160956,43.22431151,428.96 -0.00191879,43.22547082,428.96 -0.00228334,43.22662156,428.96 -0.00270278,43.22776233,428.96 -0.00317660,43.22889173,428.96 -0.00370422,43.23000840,428.96 -0.00428499,43.23111096,428.96 -0.00491820,43.23219809,428.96 -0.00560310,43.23326844,428.96 -0.00633884,43.23432073,428.96 -0.00712452,43.23535367,428.96 -0.00795919,43.23636599,428.96 -0.00884183,43.23735646,428.96 -0.00977137,43.23832389,428.96 -0.01074667,43.23926709,428.96 -0.01176654,43.24018490,428.96 -0.01282975,43.24107622,428.96 -0.01393500,43.24193996,428.96 -0.01508094,43.24277506,428.96 -0.01626617,43.24358050,428.96 -0.01748925,43.24435531,428.96 -0.01874869,43.24509855,428.96 -0.02004296,43.24580930,428.96 -0.02137048,43.24648669,428.96 -0.02272962,43.24712992,428.96 -0.02411875,43.24773818,428.96 -0.02553616,43.24831075,428.96 -0.02698012,43.24884691,428.96 -0.02844888,43.24934603,428.96 -0.02994065,43.24980749,428.96 -0.03145361,43.25023072,428.96 -0.03298592,43.25061522,428.96 -0.03453571,43.25096051,428.96 -0.03610108,43.25126618,428.96 -0.03768015,43.25153185,428.96 -0.03927097,43.25175720,428.96 -0.04087162,43.25194195,428.96 -0.04248014,43.25208588,428.96 -0.04409457,43.25218881,428.96 -0.04571295,43.25225062,428.96 -0.04733330,43.25227123,428.96 -0.04895365,43.25225062,428.96 -0.05057203,43.25218881,428.96 -0.05218646,43.25208588,428.96 -0.05379498,43.25194195,428.96 -0.05539563,43.25175720,428.96 -0.05698645,43.25153185,428.96 -0.05856552,43.25126618,428.96 -0.06013089,43.25096051,428.96 -0.06168068,43.25061522,428.96 -0.06321299,43.25023072,428.96 -0.06472595,43.24980749,428.96 -0.06621772,43.24934603,428.96 -0.06768648,43.24884691,428.96 -0.06913044,43.24831075,428.96 -0.07054785,43.24773818,428.96 -0.07193698,43.24712992,428.96 -0.07329612,43.24648669,428.96 -0.07462364,43.24580930,428.96 -0.07591791,43.24509855,428.96 -0.07717735,43.24435531,428.96 -0.07840043,43.24358050,428.96 -0.07958566,43.24277506,428.96 -0.08073160,43.24193996,428.96 -0.08183685,43.24107622,428.96 -0.08290006,43.24018490,428.96 -0.08391993,43.23926709,428.96 -0.08489523,43.23832389,428.96 -0.08582477,43.23735646,428.96 -0.08670741,43.23636599,428.96 -0.08754208,43.23535367,428.96 -0.08832776,43.23432073,428.96 -0.08906350,43.23326844,428.96 -0.08974840,43.23219809,428.96 -0.09038161,43.23111096,428.96 -0.09096238,43.23000840,428.96 -0.09149000,43.22889173,428.96 -0.09196382,43.22776233,428.96 -0.09238326,43.22662156,428.96 -0.09274781,43.22547082,428.96 -0.09305704,43.22431151,428.96 -0.09331056,43.22314504,428.96 -0.09350806,43.22197283,428.96 -0.09364930,43.22079632,428.96 -0.09373412,43.21961693,428.96 -0.09376240,43.21843610,428.96 -0.09373412,43.21725527,428.96 -0.09364930,43.21607588,428.96 -0.09350806,43.21489937,428.96 -0.09331056,43.21372716,428.96 -0.09305704,43.21256069,428.96 -0.09274781,43.21140138,428.96 -0.09238326,43.21025064,428.96 -0.09196382,43.20910987,428.96 -0.09149000,43.20798047,428.96 -0.09096238,43.20686380,428.96 -0.09038161,43.20576124,428.96 -0.08974840,43.20467411,428.96 -0.08906350,43.20360376,428.96 -0.08832776,43.20255147,428.96 -0.08754208,43.20151853,428.96 -0.08670741,43.20050621,428.96 -0.08582477,43.19951574,428.96 -0.08489523,43.19854831,428.96 -0.08391993,43.19760511,428.96 -0.08290006,43.19668730,428.96 -0.08183685,43.19579598,428.96 -0.08073160,43.19493224,428.96 -0.07958566,43.19409714,428.96 -0.07840043,43.19329170,428.96 -0.07717735,43.19251689,428.96 -0.07591791,43.19177365,428.96 -0.07462364,43.19106290,428.96 -0.07329612,43.19038551,428.96 -0.07193698,43.18974228,428.96 -0.07054785,43.18913402,428.96 -0.06913044,43.18856145,428.96 -0.06768648,43.18802529,428.96 -0.06621772,43.18752617,428.96 -0.06472595,43.18706471,428.96 -0.06321299,43.18664148,428.96 -0.06168068,43.18625698,428.96 -0.06013089,43.18591169,428.96 -0.05856552,43.18560602,428.96 -0.05698645,43.18534035,428.96 -0.05539563,43.18511500,428.96 -0.05379498,43.18493025,428.96 -0.05218646,43.18478632,428.96 -0.05057203,43.18468339,428.96 -0.04895365,43.18462158,428.96 -0.04733330,43.18460097,428.96 -0.04571295,43.18462158,428.96 -0.04409457,43.18468339,428.96 -0.04248014,43.18478632,428.96 -0.04087162,43.18493025,428.96 -0.03927097,43.18511500,428.96 -0.03768015,43.18534035,428.96 -0.03610108,43.18560602,428.96 -0.03453571,43.18591169,428.96 -0.03298592,43.18625698,428.96 -0.03145361,43.18664148,428.96 -0.02994065,43.18706471,428.96 -0.02844888,43.18752617,428.96 -0.02698012,43.18802529,428.96 -0.02553616,43.18856145,428.96 -0.02411875,43.18913402,428.96 -0.02272962,43.18974228,428.96 -0.02137048,43.19038551,428.96 -0.02004296,43.19106290,428.96 -0.01874869,43.19177365,428.96 -0.01748925,43.19251689,428.96 -0.01626617,43.19329170,428.96 -0.01508094,43.19409714,428.96 -0.01393500,43.19493224,428.96 -0.01282975,43.19579598,428.96 -0.01176654,43.19668730,428.96 -0.01074667,43.19760511,428.96 -0.00977137,43.19854831,428.96 -0.00884183,43.19951574,428.96 -0.00795919,43.20050621,428.96 -0.00712452,43.20151853,428.96 -0.00633884,43.20255147,428.96 -0.00560310,43.20360376,428.96 -0.00491820,43.20467411,428.96 -0.00428499,43.20576124,428.96 -0.00370422,43.20686380,428.96 -0.00317660,43.20798047,428.96 -0.00270278,43.20910987,428.96 -0.00228334,43.21025064,428.96 -0.00191879,43.21140138,428.96 -0.00160956,43.21256069,428.96 -0.00135604,43.21372716,428.96 -0.00115854,43.21489937,428.96 -0.00101730,43.21607588,428.96 -0.00093248,43.21725527,428.96 -0.00090420,43.21843610,428.96</coordinates></LineString></MultiGeometry></Placemark>
</Folder>
<Folder><name>Trajectoires</name><open>1</open>
<Folder><name>SP02 F85</name><open>1</open>
<Placemark><name>alpha 80 nominal</name><description>Groupe : SP02 F85&lt;br/&gt;Fichier : alpha_80.csv&lt;br/&gt;Pas de tir : Rampe FusEx&lt;br/&gt;Azimut : 214.6°&lt;br/&gt;Apogée : 1071 m&lt;br/&gt;Portée : 463 m&lt;br/&gt;Points : 150 / 407&lt;br/&gt;Rideau : quadrillage_45</description><styleUrl>#s_v0_0</styleUrl><LineString><extrude>0</extrude><altitudeMode>absolute</altitudeMode><coordinates>-0.04733330,43.21843610,428.96 -0.04733331,43.21843609,428.96 -0.04733334,43.21843606,428.99 -0.04733345,43.21843594,429.06 -0.04733362,43.21843576,429.19 -0.04733390,43.21843547,429.40 -0.04733409,43.21843526,429.55 -0.04733451,43.21843483,429.87 -0.04733500,43.21843430,430.26 -0.04733558,43.21843369,430.72 -0.04733602,43.21843323,431.06 -0.04733674,43.21843247,431.64 -0.04733755,43.21843161,432.28 -0.04733814,43.21843098,432.75 -0.04733970,43.21842934,433.98 -0.04734432,43.21842446,437.57 -0.04735205,43.21841629,443.49 -0.04735868,43.21840929,448.49 -0.04737050,43.21839680,457.31 -0.04738033,43.21838642,464.53 -0.04738288,43.21838373,466.39 -0.04739433,43.21837163,474.63 -0.04741232,43.21835263,487.31 -0.04743267,43.21833112,501.35 -0.04744237,43.21832089,507.96 -0.04745950,43.21830279,519.58 -0.04748449,43.21827638,536.38 -0.04751159,43.21824776,554.32 -0.04752867,43.21822971,565.52 -0.04755891,43.21819776,585.16 -0.04759099,43.21816388,605.79 -0.04761337,43.21814024,620.05 -0.04764839,43.21810325,642.17 -0.04768501,43.21806456,665.08 -0.04772319,43.21802423,688.74 -0.04774946,43.21799647,704.90 -0.04778997,43.21795368,729.63 -0.04783130,43.21791002,754.64 -0.04787294,43.21786603,779.61 -0.04790070,43.21783671,796.13 -0.04794218,43.21779289,820.64 -0.04798332,43.21774943,844.74 -0.04801051,43.21772071,860.54 -0.04805092,43.21767802,883.84 -0.04809089,43.21763579,906.67 -0.04813045,43.21759401,929.04 -0.04815656,43.21756642,943.69 -0.04819500,43.21752581,965.07 -0.04823256,43.21748613,985.75 -0.04826930,43.21744733,1005.75 -0.04829335,43.21742192,1018.73 -0.04832881,43.21738446,1037.67 -0.04836356,43.21734775,1056.03 -0.04838636,43.21732367,1067.94 -0.04842001,43.21728812,1085.35 -0.04845304,43.21725323,1102.22 -0.04848549,43.21721895,1118.57 -0.04850681,43.21719643,1129.20 -0.04853835,43.21716311,1144.73 -0.04856938,43.21713033,1159.80 -0.04858979,43.21710876,1169.59 -0.04862002,43.21707683,1183.90 -0.04864981,43.21704537,1197.79 -0.04867915,43.21701437,1211.25 -0.04869850,43.21699393,1220.00 -0.04872717,43.21696364,1232.79 -0.04875547,43.21693375,1245.20 -0.04878339,43.21690425,1257.22 -0.04880182,43.21688478,1265.04 -0.04882918,43.21685588,1276.45 -0.04885621,43.21682733,1287.52 -0.04887406,43.21680847,1294.70 -0.04890058,43.21678046,1305.19 -0.04892682,43.21675274,1315.35 -0.04895277,43.21672532,1325.18 -0.04896993,43.21670720,1331.56 -0.04899544,43.21668025,1340.86 -0.04902071,43.21665355,1349.85 -0.04904574,43.21662711,1358.54 -0.04906229,43.21660963,1364.17 -0.04908694,43.21658358,1372.37 -0.04911139,43.21655776,1380.27 -0.04912756,43.21654068,1385.38 -0.04915167,43.21651521,1392.82 -0.04917557,43.21648996,1399.97 -0.04919930,43.21646490,1406.85 -0.04921501,43.21644830,1411.29 -0.04923844,43.21642355,1417.72 -0.04926171,43.21639897,1423.89 -0.04928482,43.21637456,1429.80 -0.04930013,43.21635837,1433.60 -0.04932299,43.21633423,1439.08 -0.04934570,43.21631024,1444.31 -0.04936076,43.21629433,1447.66 -0.04938324,43.21627058,1452.47 -0.04940560,43.21624696,1457.04 -0.04942783,43.21622348,1461.37 -0.04944258,43.21620790,1464.12 -0.04946461,43.21618463,1468.04 -0.04948652,43.21616148,1471.73 -0.04950108,43.21614610,1474.06 -0.04952281,43.21612314,1477.35 -0.04954445,43.21610029,1480.41 -0.04956598,43.21607754,1483.25 -0.04958028,43.21606243,1485.01 -0.04960166,43.21603985,1487.46 -0.04962294,43.21601736,1489.68 -0.04964414,43.21599498,1491.68 -0.04965822,43.21598010,1492.89 -0.04967927,43.21595786,1494.52 -0.04970024,43.21593571,1495.92 -0.04971417,43.21592100,1496.74 -0.04973501,43.21589898,1497.77 -0.04975577,43.21587705,1498.59 -0.04977645,43.21585520,1499.20 -0.04979021,43.21584067,1499.48 -0.04981078,43.21581894,1499.72 -0.04982446,43.21580449,1499.77 -0.04987202,43.21575424,1499.15 -0.04989918,43.21572555,1498.23 -0.04993992,43.21568251,1496.02 -0.04998071,43.21563942,1492.73 -0.05000799,43.21561061,1489.89 -0.05004914,43.21556714,1484.55 -0.05009078,43.21552315,1477.74 -0.05013318,43.21547836,1469.18 -0.05016203,43.21544788,1462.30 -0.05020648,43.21540092,1449.79 -0.05025282,43.21535198,1433.87 -0.05030172,43.21530032,1413.08 -0.05033623,43.21526386,1395.27 -0.05039181,43.21520515,1359.02 -0.05044949,43.21514422,1305.64 -0.05047902,43.21511302,1267.30 -0.05051130,43.21507892,1208.82 -0.05053314,43.21505585,1149.83 -0.05054785,43.21504031,1090.69 -0.05055486,43.21503290,1051.27 -0.05056243,43.21502491,992.22 -0.05056750,43.21501956,933.29 -0.05056990,43.21501702,894.09 -0.05057249,43.21501428,835.42 -0.05057422,43.21501246,776.92 -0.05057537,43.21501124,718.58 -0.05057591,43.21501066,679.78 -0.05057650,43.21501005,621.71 -0.05057688,43.21500964,563.81 -0.05057714,43.21500937,506.07 -0.05057726,43.21500924,467.67 -0.05057736,43.21500914,428.96</coordinates></LineString></Placemark>
<Placemark><name>alpha 80 nominal — quadrillage_45</name><description>Motif : quadrillage_45 (45°, 135°)&lt;br/&gt;Pas : 150 m&lt;br/&gt;Segments : 12</description><styleUrl>#s_v0_0_m</styleUrl><MultiGeometry><LineString><altitudeMode>absolute</altitudeMode><coordinates>-0.05030635,43.21529543,398.96 -0.05057726,43.21500925,467.62</coordinates></LineString><LineString><altitudeMode>absolute</altitudeMode><coordinates>-0.04881982,43.21686576,398.96 -0.05057592,43.21501066,679.56</coordinates></LineString><LineString><altitudeMode>absolute</altitudeMode><coordinates>-0.04733330,43.21843610,398.96 -0.05057004,43.21501687,890.85</coordinates></LineString><LineString><altitudeMode>absolute</altitudeMode><coordinates>-0.04774010,43.21800636,699.14 -0.05054565,43.21504263,1099.51</coordinates></LineString><LineString><altitudeMode>absolute</altitudeMode><coordinates>-0.04822227,43.21749700,980.08 -0.05045485,43.21513856,1298.68</coordinates></LineString><LineString><altitudeMode>absolute</altitudeMode><coordinates>-0.04883807,43.21684649,1280.09 -0.05014438,43.21546653,1466.51</coordinates></LineString><LineString><altitudeMode>absolute</altitudeMode><coordinates>-0.05048768,43.21510387,1251.61 -0.04926840,43.21639190,1425.61</coordinates></LineString><LineString><altitudeMode>absolute</altitudeMode><coordinates>-0.05055765,43.21502995,1029.49 -0.04882864,43.21685645,1276.23</coordinates></LineString><LineString><altitudeMode>absolute</altitudeMode><coordinates>-0.05057309,43.21501365,815.16 -0.04847697,43.21722795,1114.28</coordinates></LineString><LineString><altitudeMode>absolute</altitudeMode><coordinates>-0.05057662,43.21500992,602.52 -0.04816255,43.21756010,947.02</coordinates></LineString><LineString><altitudeMode>absolute</altitudeMode><coordinates>-0.05030635,43.21529543,398.96 -0.04786838,43.21787086,776.87</coordinates></LineString><LineString><altitudeMode>absolute</altitudeMode><coordinates>-0.04881982,43.21686577,398.96 -0.04758911,43.21816586,604.59</coordinates></LineString></MultiGeometry></Placemark>
<Placemark><name>alpha 80 nominal — trace au sol</name><description>Projection au sol</description><styleUrl>#s_v0_0</styleUrl><LineString><tessellate>1</tessellate><altitudeMode>clampToGround</altitudeMode><coordinates>-0.04733330,43.21843610,428.96 -0.04733331,43.21843609,428.96 -0.04733334,43.21843606,428.96 -0.04733345,43.21843594,428.96 -0.04733362,43.21843576,428.96 -0.04733390,43.21843547,428.96 -0.04733409,43.21843526,428.96 -0.04733451,43.21843483,428.96 -0.04733500,43.21843430,428.96 -0.04733558,43.21843369,428.96 -0.04733602,43.21843323,428.96 -0.04733674,43.21843247,428.96 -0.04733755,43.21843161,428.96 -0.04733814,43.21843098,428.96 -0.04733970,43.21842934,428.96 -0.04734432,43.21842446,428.96 -0.04735205,43.21841629,428.96 -0.04735868,43.21840929,428.96 -0.04737050,43.21839680,428.96 -0.04738033,43.21838642,428.96 -0.04738288,43.21838373,428.96 -0.04739433,43.21837163,428.96 -0.04741232,43.21835263,428.96 -0.04743267,43.21833112,428.96 -0.04744237,43.21832089,428.96 -0.04745950,43.21830279,428.96 -0.04748449,43.21827638,428.96 -0.04751159,43.21824776,428.96 -0.04752867,43.21822971,428.96 -0.04755891,43.21819776,428.96 -0.04759099,43.21816388,428.96 -0.04761337,43.21814024,428.96 -0.04764839,43.21810325,428.96 -0.04768501,43.21806456,428.96 -0.04772319,43.21802423,428.96 -0.04774946,43.21799647,428.96 -0.04778997,43.21795368,428.96 -0.04783130,43.21791002,428.96 -0.04787294,43.21786603,428.96 -0.04790070,43.21783671,428.96 -0.04794218,43.21779289,428.96 -0.04798332,43.21774943,428.96 -0.04801051,43.21772071,428.96 -0.04805092,43.21767802,428.96 -0.04809089,43.21763579,428.96 -0.04813045,43.21759401,428.96 -0.04815656,43.21756642,428.96 -0.04819500,43.21752581,428.96 -0.04823256,43.21748613,428.96 -0.04826930,43.21744733,428.96 -0.04829335,43.21742192,428.96 -0.04832881,43.21738446,428.96 -0.04836356,43.21734775,428.96 -0.04838636,43.21732367,428.96 -0.04842001,43.21728812,428.96 -0.04845304,43.21725323,428.96 -0.04848549,43.21721895,428.96 -0.04850681,43.21719643,428.96 -0.04853835,43.21716311,428.96 -0.04856938,43.21713033,428.96 -0.04858979,43.21710876,428.96 -0.04862002,43.21707683,428.96 -0.04864981,43.21704537,428.96 -0.04867915,43.21701437,428.96 -0.04869850,43.21699393,428.96 -0.04872717,43.21696364,428.96 -0.04875547,43.21693375,428.96 -0.04878339,43.21690425,428.96 -0.04880182,43.21688478,428.96 -0.04882918,43.21685588,428.96 -0.04885621,43.21682733,428.96 -0.04887406,43.21680847,428.96 -0.04890058,43.21678046,428.96 -0.04892682,43.21675274,428.96 -0.04895277,43.21672532,428.96 -0.04896993,43.21670720,428.96 -0.04899544,43.21668025,428.96 -0.04902071,43.21665355,428.96 -0.04904574,43.21662711,428.96 -0.04906229,43.21660963,428.96 -0.04908694,43.21658358,428.96 -0.04911139,43.21655776,428.96 -0.04912756,43.21654068,428.96 -0.04915167,43.21651521,428.96 -0.04917557,43.21648996,428.96 -0.04919930,43.21646490,428.96 -0.04921501,43.21644830,428.96 -0.04923844,43.21642355,428.96 -0.04926171,43.21639897,428.96 -0.04928482,43.21637456,428.96 -0.04930013,43.21635837,428.96 -0.04932299,43.21633423,428.96 -0.04934570,43.21631024,428.96 -0.04936076,43.21629433,428.96 -0.04938324,43.21627058,428.96 -0.04940560,43.21624696,428.96 -0.04942783,43.21622348,428.96 -0.04944258,43.21620790,428.96 -0.04946461,43.21618463,428.96 -0.04948652,43.21616148,428.96 -0.04950108,43.21614610,428.96 -0.04952281,43.21612314,428.96 -0.04954445,43.21610029,428.96 -0.04956598,43.21607754,428.96 -0.04958028,43.21606243,428.96 -0.04960166,43.21603985,428.96 -0.04962294,43.21601736,428.96 -0.04964414,43.21599498,428.96 -0.04965822,43.21598010,428.96 -0.04967927,43.21595786,428.96 -0.04970024,43.21593571,428.96 -0.04971417,43.21592100,428.96 -0.04973501,43.21589898,428.96 -0.04975577,43.21587705,428.96 -0.04977645,43.21585520,428.96 -0.04979021,43.21584067,428.96 -0.04981078,43.21581894,428.96 -0.04982446,43.21580449,428.96 -0.04987202,43.21575424,428.96 -0.04989918,43.21572555,428.96 -0.04993992,43.21568251,428.96 -0.04998071,43.21563942,428.96 -0.05000799,43.21561061,428.96 -0.05004914,43.21556714,428.96 -0.05009078,43.21552315,428.96 -0.05013318,43.21547836,428.96 -0.05016203,43.21544788,428.96 -0.05020648,43.21540092,428.96 -0.05025282,43.21535198,428.96 -0.05030172,43.21530032,428.96 -0.05033623,43.21526386,428.96 -0.05039181,43.21520515,428.96 -0.05044949,43.21514422,428.96 -0.05047902,43.21511302,428.96 -0.05051130,43.21507892,428.96 -0.05053314,43.21505585,428.96 -0.05054785,43.21504031,428.96 -0.05055486,43.21503290,428.96 -0.05056243,43.21502491,428.96 -0.05056750,43.21501956,428.96 -0.05056990,43.21501702,428.96 -0.05057249,43.21501428,428.96 -0.05057422,43.21501246,428.96 -0.05057537,43.21501124,428.96 -0.05057591,43.21501066,428.96 -0.05057650,43.21501005,428.96 -0.05057688,43.21500964,428.96 -0.05057714,43.21500937,428.96 -0.05057726,43.21500924,428.96 -0.05057736,43.21500914,428.96</coordinates></LineString></Placemark>
<Placemark><name>beta 80 nominal</name><description>Groupe : SP02 F85&lt;br/&gt;Fichier : beta_80.csv&lt;br/&gt;Pas de tir : Rampe FusEx&lt;br/&gt;Azimut : 214.6°&lt;br/&gt;Apogée : 1340 m&lt;br/&gt;Portée : 590 m&lt;br/&gt;Points : 150 / 482&lt;br/&gt;Rideau : quadrillage_45</description><styleUrl>#s_v0_1</styleUrl><LineString><extrude>0</extrude><altitudeMode>absolute</altitudeMode><coordinates>-0.04733330,43.21843610,428.96 -0.04733331,43.21843609,428.96 -0.04733338,43.21843602,429.01 -0.04733355,43.21843584,429.13 -0.04733380,43.21843557,429.32 -0.04733409,43.21843526,429.55 -0.04733451,43.21843483,429.87 -0.04733519,43.21843411,430.41 -0.04733579,43.21843346,430.89 -0.04733649,43.21843273,431.44 -0.04733727,43.21843190,432.06 -0.04733845,43.21843066,433.00 -0.04734095,43.21842802,434.96 -0.04734643,43.21842223,439.20 -0.04735524,43.21841292,445.90 -0.04736631,43.21840123,454.20 -0.04738033,43.21838642,464.53 -0.04738523,43.21838124,468.09 -0.04740005,43.21836558,478.70 -0.04741885,43.21834573,491.84 -0.04744237,43.21832089,507.96 -0.04745950,43.21830279,519.58 -0.04748449,43.21827638,536.38 -0.04751159,43.21824776,554.32 -0.04753854,43.21821928,571.95 -0.04758010,43.21817539,598.81 -0.04761337,43.21814024,620.05 -0.04764839,43.21810325,642.17 -0.04768501,43.21806456,665.08 -0.04773625,43.21801043,696.79 -0.04777634,43.21796808,721.34 -0.04781747,43.21792463,746.29 -0.04785905,43.21788070,771.30 -0.04791455,43.21782208,804.34 -0.04795593,43.21777836,828.73 -0.04799694,43.21773505,852.66 -0.04803750,43.21769219,876.12 -0.04807762,43.21764981,899.11 -0.04813045,43.21759401,929.04 -0.04816957,43.21755268,950.95 -0.04820818,43.21751190,972.35 -0.04824629,43.21747163,993.26 -0.04829658,43.21741850,1020.51 -0.04833488,43.21737805,1041.00 -0.04837390,43.21733683,1061.65 -0.04841360,43.21729489,1082.45 -0.04845395,43.21725227,1103.36 -0.04850083,43.21720275,1127.38 -0.04853694,43.21716459,1145.68 -0.04857675,43.21712255,1165.65 -0.04861608,43.21708100,1185.16 -0.04866782,43.21702634,1210.48 -0.04870611,43.21698589,1228.97 -0.04874398,43.21694588,1247.04 -0.04878145,43.21690630,1264.70 -0.04883080,43.21685416,1287.61 -0.04886738,43.21681552,1304.34 -0.04890361,43.21677725,1320.69 -0.04893948,43.21673936,1336.66 -0.04897503,43.21670181,1352.26 -0.04902191,43.21665228,1372.51 -0.04905671,43.21661552,1387.28 -0.04909122,43.21657907,1401.70 -0.04912543,43.21654293,1415.79 -0.04917061,43.21649520,1434.05 -0.04920419,43.21645973,1447.36 -0.04923749,43.21642455,1460.35 -0.04927056,43.21638962,1473.02 -0.04931426,43.21634345,1489.43 -0.04934676,43.21630912,1501.38 -0.04937904,43.21627502,1513.03 -0.04941110,43.21624115,1524.38 -0.04944294,43.21620752,1535.43 -0.04948508,43.21616300,1549.72 -0.04951646,43.21612985,1560.11 -0.04954765,43.21609690,1570.21 -0.04957864,43.21606416,1580.03 -0.04961969,43.21602080,1592.70 -0.04965028,43.21598849,1601.88 -0.04968070,43.21595635,1610.79 -0.04971096,43.21592439,1619.44 -0.04974106,43.21589258,1627.82 -0.04978096,43.21585043,1638.59 -0.04981072,43.21581900,1646.37 -0.04984033,43.21578773,1653.89 -0.04986980,43.21575659,1661.15 -0.04990889,43.21571529,1670.45 -0.04993806,43.21568448,1677.13 -0.04996711,43.21565380,1683.57 -0.04999603,43.21562324,1689.76 -0.05003442,43.21558269,1697.63 -0.05006308,43.21555241,1703.26 -0.05009163,43.21552225,1708.64 -0.05012007,43.21549221,1713.79 -0.05014842,43.21546226,1718.70 -0.05018605,43.21542251,1724.88 -0.05021416,43.21539281,1729.24 -0.05024219,43.21536321,1733.37 -0.05027012,43.21533370,1737.27 -0.05030722,43.21529450,1742.10 -0.05033495,43.21526521,1745.47 -0.05036260,43.21523601,1748.60 -0.05039016,43.21520689,1751.51 -0.05042679,43.21516820,1755.04 -0.05045417,43.21513927,1757.42 -0.05048148,43.21511042,1759.58 -0.05050872,43.21508165,1761.52 -0.05053589,43.21505295,1763.23 -0.05057200,43.21501480,1765.18 -0.05059901,43.21498627,1766.38 -0.05062595,43.21495780,1767.36 -0.05065284,43.21492941,1768.12 -0.05068858,43.21489165,1768.80 -0.05071533,43.21486339,1769.06 -0.05073313,43.21484459,1769.11 -0.05078916,43.21478540,1768.61 -0.05083673,43.21473515,1767.33 -0.05090041,43.21466788,1764.16 -0.05094817,43.21461742,1760.53 -0.05099590,43.21456700,1755.65 -0.05104372,43.21451648,1749.30 -0.05110797,43.21444861,1737.97 -0.05115694,43.21439688,1726.64 -0.05120707,43.21434392,1711.87 -0.05125891,43.21428916,1692.01 -0.05133181,43.21421215,1651.23 -0.05138272,43.21415837,1604.88 -0.05141524,43.21412401,1556.44 -0.05143541,43.21410271,1507.50 -0.05144784,43.21408958,1458.42 -0.05145731,43.21407958,1393.02 -0.05146129,43.21407537,1344.07 -0.05146373,43.21407279,1295.23 -0.05146522,43.21407122,1246.50 -0.05146635,43.21407003,1181.71 -0.05146682,43.21406952,1133.25 -0.05146711,43.21406923,1084.91 -0.05146728,43.21406904,1036.68 -0.05146739,43.21406893,988.56 -0.05146747,43.21406884,924.57 -0.05146750,43.21406881,876.71 -0.05146752,43.21406879,828.96 -0.05146753,43.21406878,781.33 -0.05146754,43.21406877,717.98 -0.05146754,43.21406877,670.61 -0.05146755,43.21406876,623.34 -0.05146755,43.21406876,576.17 -0.05146755,43.21406876,513.46 -0.05146755,43.21406876,466.54 -0.05146755,43.21406876,428.96</coordinates></LineString></Placemark>
<Placemark><name>beta 80 nominal — quadrillage_45</name><description>Motif : quadrillage_45 (45°, 135°)&lt;br/&gt;Pas : 150 m&lt;br/&gt;Segments : 15</description><styleUrl>#s_v0_1_m</styleUrl><MultiGeometry><LineString><altitudeMode>absolute</altitudeMode><coordinates>-0.05030635,43.21529543,398.96 -0.05146755,43.21406876,594.67</coordinates></LineString><LineString><altitudeMode>absolute</altitudeMode><coordinates>-0.04881982,43.21686576,398.96 -0.05146752,43.21406878,806.80</coordinates></LineString><LineString><altitudeMode>absolute</altitudeMode><coordinates>-0.04733330,43.21843610,398.96 -0.05146732,43.21406900,1018.90</coordinates></LineString><LineString><altitudeMode>absolute</altitudeMode><coordinates>-0.04774010,43.21800637,699.14 -0.05146549,43.21407093,1230.77</coordinates></LineString><LineString><altitudeMode>absolute</altitudeMode><coordinates>-0.04822227,43.21749701,980.08 -0.05145040,43.21408688,1440.75</coordinates></LineString><LineString><altitudeMode>absolute</altitudeMode><coordinates>-0.04880420,43.21688227,1275.26 -0.05134631,43.21419683,1638.03</coordinates></LineString><LineString><altitudeMode>absolute</altitudeMode><coordinates>-0.04969244,43.21594395,1614.15 -0.05077571,43.21479960,1768.73</coordinates></LineString><LineString><altitudeMode>absolute</altitudeMode><coordinates>-0.05142090,43.21411803,1542.70 -0.05016664,43.21544302,1721.69</coordinates></LineString><LineString><altitudeMode>absolute</altitudeMode><coordinates>-0.05146226,43.21407435,1324.67 -0.04960842,43.21603271,1589.22</coordinates></LineString><LineString><altitudeMode>absolute</altitudeMode><coordinates>-0.05146695,43.21406939,1111.87 -0.04918085,43.21648439,1438.10</coordinates></LineString><LineString><altitudeMode>absolute</altitudeMode><coordinates>-0.05146748,43.21406883,899.66 -0.04881155,43.21687451,1278.67</coordinates></LineString><LineString><altitudeMode>absolute</altitudeMode><coordinates>-0.05146754,43.21406877,687.52 -0.04847564,43.21722935,1114.47</coordinates></LineString><LineString><altitudeMode>absolute</altitudeMode><coordinates>-0.05146755,43.21406876,475.39 -0.04816255,43.21756010,947.02</coordinates></LineString><LineString><altitudeMode>absolute</altitudeMode><coordinates>-0.05030635,43.21529543,398.96 -0.04786840,43.21787083,776.86</coordinates></LineString><LineString><altitudeMode>absolute</altitudeMode><coordinates>-0.04881982,43.21686577,398.96 -0.04758914,43.21816584,604.58</coordinates></LineString></MultiGeometry></Placemark>
<Placemark><name>beta 80 nominal — trace au sol</name><description>Projection au sol</description><styleUrl>#s_v0_1</styleUrl><LineString><tessellate>1</tessellate><altitudeMode>clampToGround</altitudeMode><coordinates>-0.04733330,43.21843610,428.96 -0.04733331,43.21843609,428.96 -0.04733338,43.21843602,428.96 -0.04733355,43.21843584,428.96 -0.04733380,43.21843557,428.96 -0.04733409,43.21843526,428.96 -0.04733451,43.21843483,428.96 -0.04733519,43.21843411,428.96 -0.04733579,43.21843346,428.96 -0.04733649,43.21843273,428.96 -0.04733727,43.21843190,428.96 -0.04733845,43.21843066,428.96 -0.04734095,43.21842802,428.96 -0.04734643,43.21842223,428.96 -0.04735524,43.21841292,428.96 -0.04736631,43.21840123,428.96 -0.04738033,43.21838642,428.96 -0.04738523,43.21838124,428.96 -0.04740005,43.21836558,428.96 -0.04741885,43.21834573,428.96 -0.04744237,43.21832089,428.96 -0.04745950,43.21830279,428.96 -0.04748449,43.21827638,428.96 -0.04751159,43.21824776,428.96 -0.04753854,43.21821928,428.96 -0.04758010,43.21817539,428.96 -0.04761337,43.21814024,428.96 -0.04764839,43.21810325,428.96 -0.04768501,43.21806456,428.96 -0.04773625,43.21801043,428.96 -0.04777634,43.21796808,428.96 -0.04781747,43.21792463,428.96 -0.04785905,43.21788070,428.96 -0.04791455,43.21782208,428.96 -0.04795593,43.21777836,428.96 -0.04799694,43.21773505,428.96 -0.04803750,43.21769219,428.96 -0.04807762,43.21764981,428.96 -0.04813045,43.21759401,428.96 -0.04816957,43.21755268,428.96 -0.04820818,43.21751190,428.96 -0.04824629,43.21747163,428.96 -0.04829658,43.21741850,428.96 -0.04833488,43.21737805,428.96 -0.04837390,43.21733683,428.96 -0.04841360,43.21729489,428.96 -0.04845395,43.21725227,428.96 -0.04850083,43.21720275,428.96 -0.04853694,43.21716459,428.96 -0.04857675,43.21712255,428.96 -0.04861608,43.21708100,428.96 -0.04866782,43.21702634,428.96 -0.04870611,43.21698589,428.96 -0.04874398,43.21694588,428.96 -0.04878145,43.21690630,428.96 -0.04883080,43.21685416,428.96 -0.04886738,43.21681552,428.96 -0.04890361,43.21677725,428.96 -0.04893948,43.21673936,428.96 -0.04897503,43.21670181,428.96 -0.04902191,43.21665228,428.96 -0.04905671,43.21661552,428.96 -0.04909122,43.21657907,428.96 -0.04912543,43.21654293,428.96 -0.04917061,43.21649520,428.96 -0.04920419,43.21645973,428.96 -0.04923749,43.21642455,428.96 -0.04927056,43.21638962,428.96 -0.04931426,43.21634345,428.96 -0.04934676,43.21630912,428.96 -0.04937904,43.21627502,428.96 -0.04941110,43.21624115,428.96 -0.04944294,43.21620752,428.96 -0.04948508,43.21616300,428.96 -0.04951646,43.21612985,428.96 -0.04954765,43.21609690,428.96 -0.04957864,43.21606416,428.96 -0.04961969,43.21602080,428.96 -0.04965028,43.21598849,428.96 -0.04968070,43.21595635,428.96 -0.04971096,43.21592439,428.96 -0.04974106,43.21589258,428.96 -0.04978096,43.21585043,428.96 -0.04981072,43.21581900,428.96 -0.04984033,43.21578773,428.96 -0.04986980,43.21575659,428.96 -0.04990889,43.21571529,428.96 -0.04993806,43.21568448,428.96 -0.04996711,43.21565380,428.96 -0.04999603,43.21562324,428.96 -0.05003442,43.21558269,428.96 -0.05006308,43.21555241,428.96 -0.05009163,43.21552225,428.96 -0.05012007,43.21549221,428.96 -0.05014842,43.21546226,428.96 -0.05018605,43.21542251,428.96 -0.05021416,43.21539281,428.96 -0.05024219,43.21536321,428.96 -0.05027012,43.21533370,428.96 -0.05030722,43.21529450,428.96 -0.05033495,43.21526521,428.96 -0.05036260,43.21523601,428.96 -0.05039016,43.21520689,428.96 -0.05042679,43.21516820,428.96 -0.05045417,43.21513927,428.96 -0.05048148,43.21511042,428.96 -0.05050872,43.21508165,428.96 -0.05053589,43.21505295,428.96 -0.05057200,43.21501480,428.96 -0.05059901,43.21498627,428.96 -0.05062595,43.21495780,428.96 -0.05065284,43.21492941,428.96 -0.05068858,43.21489165,428.96 -0.05071533,43.21486339,428.96 -0.05073313,43.21484459,428.96 -0.05078916,43.21478540,428.96 -0.05083673,43.21473515,428.96 -0.05090041,43.21466788,428.96 -0.05094817,43.21461742,428.96 -0.05099590,43.21456700,428.96 -0.05104372,43.21451648,428.96 -0.05110797,43.21444861,428.96 -0.05115694,43.21439688,428.96 -0.05120707,43.21434392,428.96 -0.05125891,43.21428916,428.96 -0.05133181,43.21421215,428.96 -0.05138272,43.21415837,428.96 -0.05141524,43.21412401,428.96 -0.05143541,43.21410271,428.96 -0.05144784,43.21408958,428.96 -0.05145731,43.21407958,428.96 -0.05146129,43.21407537,428.96 -0.05146373,43.21407279,428.96 -0.05146522,43.21407122,428.96 -0.05146635,43.21407003,428.96 -0.05146682,43.21406952,428.96 -0.05146711,43.21406923,428.96 -0.05146728,43.21406904,428.96 -0.05146739,43.21406893,428.96 -0.05146747,43.21406884,428.96 -0.05146750,43.21406881,428.96 -0.05146752,43.21406879,428.96 -0.05146753,43.21406878,428.96 -0.05146754,43.21406877,428.96 -0.05146754,43.21406877,428.96 -0.05146755,43.21406876,428.96 -0.05146755,43.21406876,428.96 -0.05146755,43.21406876,428.96 -0.05146755,43.21406876,428.96 -0.05146755,43.21406876,428.96</coordinates></LineString></Placemark>
<Placemark><name>alpha 45 nominal</name><description>Groupe : SP02 F85&lt;br/&gt;Fichier : alpha_45.csv&lt;br/&gt;Pas de tir : Rampe FusEx&lt;br/&gt;Azimut : 214.6°&lt;br/&gt;Apogée : 497 m&lt;br/&gt;Portée : 1607 m&lt;br/&gt;Points : 150 / 461&lt;br/&gt;Rideau : quadrillage_45</description><styleUrl>#s_v0_2</styleUrl><LineString><extrude>0</extrude><altitudeMode>absolute</altitudeMode><coordinates>-0.04733330,43.21843610,428.96 -0.04733334,43.21843606,428.96 -0.04733362,43.21843577,428.99 -0.04733407,43.21843529,429.05 -0.04733499,43.21843432,429.16 -0.04733626,43.21843298,429.33 -0.04733836,43.21843076,429.61 -0.04734045,43.21842855,429.89 -0.04734290,43.21842596,430.23 -0.04734571,43.21842299,430.61 -0.04734888,43.21841964,431.05 -0.04735242,43.21841590,431.54 -0.04735877,43.21840919,432.41 -0.04737956,43.21838723,435.21 -0.04741352,43.21835135,439.65 -0.04745667,43.21830577,445.19 -0.04750900,43.21825049,451.76 -0.04757064,43.21818538,459.25 -0.04766737,43.21808319,470.51 -0.04775041,43.21799547,479.84 -0.04784180,43.21789894,489.93 -0.04794122,43.21779391,500.70 -0.04804859,43.21768048,512.08 -0.04816351,43.21755908,524.01 -0.04828548,43.21743024,536.47 -0.04841424,43.21729421,549.39 -0.04854946,43.21715137,562.72 -0.04869067,43.21700220,576.44 -0.04883760,43.21684698,590.47 -0.04904176,43.21663132,609.62 -0.04920000,43.21646416,624.21 -0.04936029,43.21629483,638.76 -0.04952098,43.21612507,653.13 -0.04968106,43.21595597,667.22 -0.04983984,43.21578824,680.98 -0.04999687,43.21562235,694.37 -0.05015203,43.21545845,707.38 -0.05030535,43.21529649,720.02 -0.05045688,43.21513641,732.29 -0.05060618,43.21497869,744.17 -0.05075172,43.21482495,755.53 -0.05094010,43.21462594,769.89 -0.05107741,43.21448090,780.11 -0.05121151,43.21433923,789.87 -0.05134258,43.21420077,799.19 -0.05147078,43.21406535,808.09 -0.05159623,43.21393282,816.58 -0.05171909,43.21380304,824.68 -0.05183947,43.21367587,832.40 -0.05195749,43.21355119,839.74 -0.05207326,43.21342890,846.73 -0.05218686,43.21330889,853.38 -0.05233514,43.21315225,861.70 -0.05244407,43.21303718,867.57 -0.05255112,43.21292409,873.12 -0.05265638,43.21281290,878.35 -0.05275991,43.21270353,883.28 -0.05286178,43.21259592,887.91 -0.05296205,43.21248999,892.26 -0.05306078,43.21238570,896.31 -0.05315802,43.21228297,900.09 -0.05325383,43.21218177,903.60 -0.05334824,43.21208203,906.83 -0.05344133,43.21198370,909.80 -0.05356341,43.21185473,913.36 -0.05365352,43.21175954,915.73 -0.05374243,43.21166562,917.85 -0.05383017,43.21157293,919.72 -0.05391676,43.21148146,921.36 -0.05400226,43.21139114,922.75 -0.05408668,43.21130196,923.91 -0.05417005,43.21121388,924.83 -0.05425242,43.21112687,925.52 -0.05433379,43.21104092,925.99 -0.05446727,43.21089991,926.27 -0.05451993,43.21084428,926.21 -0.05459817,43.21076163,925.95 -0.05467552,43.21067992,925.46 -0.05475200,43.21059913,924.76 -0.05482761,43.21051925,923.86 -0.05490240,43.21044025,922.74 -0.05497636,43.21036212,921.41 -0.05504951,43.21028484,919.89 -0.05512189,43.21020838,918.16 -0.05519348,43.21013276,916.23 -0.05526431,43.21005793,914.10 -0.05535759,43.20995939,910.96 -0.05542670,43.20988638,908.37 -0.05549508,43.20981415,905.60 -0.05556276,43.20974266,902.64 -0.05562973,43.20967191,899.48 -0.05569602,43.20960189,896.14 -0.05576161,43.20953259,892.62 -0.05582654,43.20946401,888.92 -0.05589080,43.20939612,885.03 -0.05595440,43.20932894,880.96 -0.05601735,43.20926244,876.72 -0.05607966,43.20919661,872.30 -0.05616174,43.20910991,866.14 -0.05622257,43.20904565,861.31 -0.05628277,43.20898205,856.32 -0.05634236,43.20891910,851.16 -0.05640134,43.20885680,845.84 -0.05645971,43.20879514,840.35 -0.05651748,43.20873411,834.69 -0.05657464,43.20867372,828.88 -0.05663122,43.20861395,822.91 -0.05668721,43.20855481,816.78 -0.05674261,43.20849629,810.50 -0.05681558,43.20841920,801.88 -0.05686963,43.20836211,795.24 -0.05692311,43.20830561,788.46 -0.05697601,43.20824972,781.52 -0.05702836,43.20819442,774.44 -0.05708015,43.20813972,767.22 -0.05713137,43.20808561,759.86 -0.05718204,43.20803208,752.36 -0.05723216,43.20797913,744.72 -0.05728173,43.20792677,736.94 -0.05733075,43.20787499,729.04 -0.05737924,43.20782377,721.00 -0.05744304,43.20775637,710.08 -0.05749026,43.20770648,701.74 -0.05753695,43.20765716,693.27 -0.05758312,43.20760839,684.68 -0.05762875,43.20756018,675.98 -0.05767387,43.20751252,667.15 -0.05771846,43.20746541,658.20 -0.05776254,43.20741885,649.14 -0.05780610,43.20737284,639.97 -0.05784915,43.20732736,630.69 -0.05789169,43.20728242,621.29 -0.05794763,43.20722332,608.60 -0.05798900,43.20717962,598.96 -0.05802987,43.20713645,589.21 -0.05807025,43.20709379,579.37 -0.05811014,43.20705166,569.42 -0.05814954,43.20701003,559.38 -0.05818845,43.20696893,549.24 -0.05822689,43.20692832,539.00 -0.05826485,43.20688822,528.68 -0.05830233,43.20684863,518.26 -0.05833935,43.20680952,507.76 -0.05837589,43.20677092,497.17 -0.05842390,43.20672020,482.92 -0.05845937,43.20668273,472.14 -0.05849439,43.20664574,461.27 -0.05852895,43.20660923,450.33 -0.05856307,43.20657319,439.31 -0.05859674,43.20653762,428.21</coordinates></LineString></Placemark>
<Placemark><name>alpha 45 nominal — quadrillage_45</name><description>Motif : quadrillage_45 (45°, 135°)&lt;br/&gt;Pas : 150 m&lt;br/&gt;Segments : 15</description><styleUrl>#s_v0_2_m</styleUrl><MultiGeometry><LineString><altitudeMode>absolute</altitudeMode><coordinates>-0.05773897,43.20744375,398.96 -0.05832322,43.20682655,512.34</coordinates></LineString><LineString><altitudeMode>absolute</altitudeMode><coordinates>-0.05625244,43.20901409,398.96 -0.05777581,43.20740483,646.35</coordinates></LineString><LineString><altitudeMode>absolute</altitudeMode><coordinates>-0.05476592,43.21058442,398.96 -0.05710813,43.20811016,763.20</coordinates></LineString><LineString><altitudeMode>absolute</altitudeMode><coordinates>-0.05327940,43.21215476,398.96 -0.05627732,43.20898781,856.77</coordinates></LineString><LineString><altitudeMode>absolute</altitudeMode><coordinates>-0.05179287,43.21372509,398.96 -0.05520499,43.21012060,915.88</coordinates></LineString><LineString><altitudeMode>absolute</altitudeMode><coordinates>-0.05030635,43.21529543,398.96 -0.05373023,43.21167850,917.56</coordinates></LineString><LineString><altitudeMode>absolute</altitudeMode><coordinates>-0.04881982,43.21686576,398.96 -0.05148183,43.21405368,808.84</coordinates></LineString><LineString><altitudeMode>absolute</altitudeMode><coordinates>-0.05791537,43.20725741,615.92 -0.05616225,43.20910937,866.10</coordinates></LineString><LineString><altitudeMode>absolute</altitudeMode><coordinates>-0.05773897,43.20744375,398.96 -0.05425901,43.21111991,925.56</coordinates></LineString><LineString><altitudeMode>absolute</altitudeMode><coordinates>-0.05625244,43.20901409,398.96 -0.05299607,43.21245405,893.66</coordinates></LineString><LineString><altitudeMode>absolute</altitudeMode><coordinates>-0.05476592,43.21058442,398.96 -0.05190864,43.21360279,836.70</coordinates></LineString><LineString><altitudeMode>absolute</altitudeMode><coordinates>-0.05327940,43.21215476,398.96 -0.05090765,43.21466022,767.42</coordinates></LineString><LineString><altitudeMode>absolute</altitudeMode><coordinates>-0.05179287,43.21372509,398.96 -0.04995689,43.21566459,690.96</coordinates></LineString><LineString><altitudeMode>absolute</altitudeMode><coordinates>-0.05030635,43.21529543,398.96 -0.04904090,43.21663222,609.54</coordinates></LineString><LineString><altitudeMode>absolute</altitudeMode><coordinates>-0.04881982,43.21686576,398.96 -0.04815787,43.21756504,523.42</coordinates></LineString></MultiGeometry></Placemark>
<Placemark><name>alpha 45 nominal — trace au sol</name><description>Projection au sol</description><styleUrl>#s_v0_2</styleUrl><LineString><tessellate>1</tessellate><altitudeMode>clampToGround</altitudeMode><coordinates>-0.04733330,43.21843610,428.96 -0.04733334,43.21843606,428.96 -0.04733362,43.21843577,428.96 -0.04733407,43.21843529,428.96 -0.04733499,43.21843432,428.96 -0.04733626,43.21843298,428.96 -0.04733836,43.21843076,428.96 -0.04734045,43.21842855,428.96 -0.04734290,43.21842596,428.96 -0.04734571,43.21842299,428.96 -0.04734888,43.21841964,428.96 -0.04735242,43.21841590,428.96 -0.04735877,43.21840919,428.96 -0.04737956,43.21838723,428.96 -0.04741352,43.21835135,428.96 -0.04745667,43.21830577,428.96 -0.04750900,43.21825049,428.96 -0.04757064,43.21818538,428.96 -0.04766737,43.21808319,428.96 -0.04775041,43.21799547,428.96 -0.04784180,43.21789894,428.96 -0.04794122,43.21779391,428.96 -0.04804859,43.21768048,428.96 -0.04816351,43.21755908,428.96 -0.04828548,43.21743024,428.96 -0.04841424,43.21729421,428.96 -0.04854946,43.21715137,428.96 -0.04869067,43.21700220,428.96 -0.04883760,43.21684698,428.96 -0.04904176,43.21663132,428.96 -0.04920000,43.21646416,428.96 -0.04936029,43.21629483,428.96 -0.04952098,43.21612507,428.96 -0.04968106,43.21595597,428.96 -0.04983984,43.21578824,428.96 -0.04999687,43.21562235,428.96 -0.05015203,43.21545845,428.96 -0.05030535,43.21529649,428.96 -0.05045688,43.21513641,428.96 -0.05060618,43.21497869,428.96 -0.05075172,43.21482495,428.96 -0.05094010,43.21462594,428.96 -0.05107741,43.21448090,428.96 -0.05121151,43.21433923,428.96 -0.05134258,43.21420077,428.96 -0.05147078,43.21406535,428.96 -0.05159623,43.21393282,428.96 -0.05171909,43.21380304,428.96 -0.05183947,43.21367587,428.96 -0.05195749,43.21355119,428.96 -0.05207326,43.21342890,428.96 -0.05218686,43.21330889,428.96 -0.05233514,43.21315225,428.96 -0.05244407,43.21303718,428.96 -0.05255112,43.21292409,428.96 -0.05265638,43.21281290,428.96 -0.05275991,43.21270353,428.96 -0.05286178,43.21259592,428.96 -0.05296205,43.21248999,428.96 -0.05306078,43.21238570,428.96 -0.05315802,43.21228297,428.96 -0.05325383,43.21218177,428.96 -0.05334824,43.21208203,428.96 -0.05344133,43.21198370,428.96 -0.05356341,43.21185473,428.96 -0.05365352,43.21175954,428.96 -0.05374243,43.21166562,428.96 -0.05383017,43.21157293,428.96 -0.05391676,43.21148146,428.96 -0.05400226,43.21139114,428.96 -0.05408668,43.21130196,428.96 -0.05417005,43.21121388,428.96 -0.05425242,43.21112687,428.96 -0.05433379,43.21104092,428.96 -0.05446727,43.21089991,428.96 -0.05451993,43.21084428,428.96 -0.05459817,43.21076163,428.96 -0.05467552,43.21067992,428.96 -0.05475200,43.21059913,428.96 -0.05482761,43.21051925,428.96 -0.05490240,43.21044025,428.96 -0.05497636,43.21036212,428.96 -0.05504951,43.21028484,428.96 -0.05512189,43.21020838,428.96 -0.05519348,43.21013276,428.96 -0.05526431,43.21005793,428.96 -0.05535759,43.20995939,428.96 -0.05542670,43.20988638,428.96 -0.05549508,43.20981415,428.96 -0.05556276,43.20974266,428.96 -0.05562973,43.20967191,428.96 -0.05569602,43.20960189,428.96 -0.05576161,43.20953259,428.96 -0.05582654,43.20946401,428.96 -0.05589080,43.20939612,428.96 -0.05595440,43.20932894,428.96 -0.05601735,43.20926244,428.96 -0.05607966,43.20919661,428.96 -0.05616174,43.20910991,428.96 -0.05622257,43.20904565,428.96 -0.05628277,43.20898205,428.96 -0.05634236,43.20891910,428.96 -0.05640134,43.20885680,428.96 -0.05645971,43.20879514,428.96 -0.05651748,43.20873411,428.96 -0.05657464,43.20867372,428.96 -0.05663122,43.20861395,428.96 -0.05668721,43.20855481,428.96 -0.05674261,43.20849629,428.96 -0.05681558,43.20841920,428.96 -0.05686963,43.20836211,428.96 -0.05692311,43.20830561,428.96 -0.05697601,43.20824972,428.96 -0.05702836,43.20819442,428.96 -0.05708015,43.20813972,428.96 -0.05713137,43.20808561,428.96 -0.05718204,43.20803208,428.96 -0.05723216,43.20797913,428.96 -0.05728173,43.20792677,428.96 -0.05733075,43.20787499,428.96 -0.05737924,43.20782377,428.96 -0.05744304,43.20775637,428.96 -0.05749026,43.20770648,428.96 -0.05753695,43.20765716,428.96 -0.05758312,43.20760839,428.96 -0.05762875,43.20756018,428.96 -0.05767387,43.20751252,428.96 -0.05771846,43.20746541,428.96 -0.05776254,43.20741885,428.96 -0.05780610,43.20737284,428.96 -0.05784915,43.20732736,428.96 -0.05789169,43.20728242,428.96 -0.05794763,43.20722332,428.96 -0.05798900,43.20717962,428.96 -0.05802987,43.20713645,428.96 -0.05807025,43.20709379,428.96 -0.05811014,43.20705166,428.96 -0.05814954,43.20701003,428.96 -0.05818845,43.20696893,428.96 -0.05822689,43.20692832,428.96 -0.05826485,43.20688822,428.96 -0.05830233,43.20684863,428.96 -0.05833935,43.20680952,428.96 -0.05837589,43.20677092,428.96 -0.05842390,43.20672020,428.96 -0.05845937,43.20668273,428.96 -0.05849439,43.20664574,428.96 -0.05852895,43.20660923,428.96 -0.05856307,43.20657319,428.96 -0.05859674,43.20653762,428.96</coordinates></LineString></Placemark>
<Placemark><name>beta 45 nominal</name><description>Groupe : SP02 F85&lt;br/&gt;Fichier : beta_45.csv&lt;br/&gt;Pas de tir : Rampe FusEx&lt;br/&gt;Azimut : 214.6°&lt;br/&gt;Apogée : 572 m&lt;br/&gt;Portée : 2143 m&lt;br/&gt;Points : 150 / 496&lt;br/&gt;Rideau : quadrillage_45</description><styleUrl>#s_v0_3</styleUrl><LineString><extrude>0</extrude><altitudeMode>absolute</altitudeMode><coordinates>-0.04733330,43.21843610,428.96 -0.04733334,43.21843606,428.96 -0.04733379,43.21843558,429.01 -0.04733434,43.21843500,429.08 -0.04733537,43.21843391,429.21 -0.04733717,43.21843201,429.45 -0.04733901,43.21843007,429.70 -0.04734123,43.21842773,430.00 -0.04734474,43.21842402,430.48 -0.04734778,43.21842080,430.90 -0.04735120,43.21841719,431.37 -0.04735877,43.21840919,432.41 -0.04737956,43.21838723,435.21 -0.04741352,43.21835135,439.65 -0.04747309,43.21828842,447.27 -0.04752850,43.21822989,454.16 -0.04759327,43.21816147,461.94 -0.04766737,43.21808319,470.51 -0.04777997,43.21796425,483.12 -0.04787404,43.21786487,493.45 -0.04797613,43.21775703,504.43 -0.04812440,43.21760039,519.97 -0.04824406,43.21747399,532.26 -0.04837058,43.21734034,545.04 -0.04854946,43.21715137,562.72 -0.04869067,43.21700220,576.44 -0.04883760,43.21684698,590.47 -0.04904176,43.21663132,609.62 -0.04920000,43.21646416,624.21 -0.04936029,43.21629483,638.76 -0.04957445,43.21606859,657.86 -0.04973416,43.21589988,671.85 -0.04989239,43.21573273,685.49 -0.05010052,43.21551287,703.09 -0.05025444,43.21535026,715.85 -0.05040657,43.21518956,728.24 -0.05060657,43.21497828,744.20 -0.05075409,43.21482244,755.71 -0.05089950,43.21466883,766.84 -0.05109093,43.21446661,781.16 -0.05123605,43.21431331,791.75 -0.05138323,43.21415783,802.27 -0.05158246,43.21394737,816.16 -0.05173376,43.21378754,826.45 -0.05185782,43.21365649,834.73 -0.05199200,43.21351473,843.51 -0.05218842,43.21330724,856.05 -0.05233337,43.21315412,865.04 -0.05247638,43.21300305,873.69 -0.05266413,43.21280472,884.72 -0.05280283,43.21265820,892.61 -0.05293978,43.21251353,900.17 -0.05311975,43.21232341,909.78 -0.05325282,43.21218283,916.63 -0.05338432,43.21204392,923.18 -0.05355727,43.21186121,931.45 -0.05368525,43.21172602,937.32 -0.05381180,43.21159234,942.90 -0.05397836,43.21141638,949.91 -0.05410171,43.21128608,954.85 -0.05422374,43.21115717,959.51 -0.05438446,43.21098739,965.31 -0.05450356,43.21086157,969.36 -0.05462145,43.21073704,973.14 -0.05477680,43.21057293,977.79 -0.05489199,43.21045125,980.97 -0.05500605,43.21033075,983.91 -0.05515645,43.21017187,987.45 -0.05526800,43.21005403,989.82 -0.05537853,43.20993728,991.94 -0.05552431,43.20978327,994.41 -0.05563250,43.20966898,995.98 -0.05573972,43.20955572,997.32 -0.05588120,43.20940626,998.75 -0.05598624,43.20929530,999.55 -0.05609037,43.20918530,1000.13 -0.05619361,43.20907624,1000.49 -0.05629597,43.20896811,1000.62 -0.05643112,43.20882534,1000.45 -0.05653150,43.20871930,1000.08 -0.05666405,43.20857927,999.24 -0.05676253,43.20847524,998.36 -0.05686020,43.20837207,997.27 -0.05698922,43.20823578,995.48 -0.05708508,43.20813451,993.90 -0.05718019,43.20803404,992.12 -0.05730583,43.20790131,989.42 -0.05739921,43.20780267,987.16 -0.05749185,43.20770480,984.69 -0.05761428,43.20757548,981.10 -0.05770527,43.20747935,978.17 -0.05779556,43.20738397,975.04 -0.05791488,43.20725792,970.57 -0.05800359,43.20716421,966.99 -0.05809161,43.20707122,963.22 -0.05820795,43.20694832,957.90 -0.05829444,43.20685696,953.68 -0.05838028,43.20676629,949.28 -0.05849372,43.20664644,943.12 -0.05857806,43.20655735,938.29 -0.05866178,43.20646891,933.27 -0.05877241,43.20635204,926.30 -0.05885467,43.20626515,920.86 -0.05893630,43.20617891,915.24 -0.05904420,43.20606493,907.47 -0.05912441,43.20598019,901.44 -0.05920403,43.20589609,895.24 -0.05928304,43.20581262,888.86 -0.05938747,43.20570231,880.09 -0.05946510,43.20562030,873.32 -0.05954214,43.20553891,866.38 -0.05964396,43.20543135,856.86 -0.05971965,43.20535140,849.53 -0.05979476,43.20527206,842.03 -0.05989401,43.20516721,831.79 -0.05996778,43.20508928,823.92 -0.06004099,43.20501194,815.89 -0.06013771,43.20490976,804.94 -0.06020960,43.20483382,796.55 -0.06028093,43.20475847,788.00 -0.06037517,43.20465892,776.36 -0.06044520,43.20458494,767.46 -0.06051468,43.20451155,758.41 -0.06060646,43.20441459,746.11 -0.06067465,43.20434255,736.72 -0.06074230,43.20427109,727.18 -0.06083166,43.20417669,714.24 -0.06089804,43.20410656,704.37 -0.06096389,43.20403700,694.36 -0.06105085,43.20394514,680.80 -0.06111545,43.20387690,670.48 -0.06117951,43.20380923,660.02 -0.06126410,43.20371987,645.86 -0.06132692,43.20365351,635.09 -0.06138922,43.20358770,624.19 -0.06145100,43.20352244,613.17 -0.06153254,43.20343629,598.27 -0.06159310,43.20337232,586.95 -0.06165313,43.20330890,575.52 -0.06173238,43.20322518,560.08 -0.06179122,43.20316303,548.36 -0.06184954,43.20310142,536.52 -0.06192651,43.20302011,520.56 -0.06198365,43.20295976,508.45 -0.06204027,43.20289994,496.23 -0.06211499,43.20282100,479.77 -0.06217045,43.20276242,467.30 -0.06222541,43.20270436,454.72 -0.06229791,43.20262777,437.78 -0.06235172,43.20257093,424.96</coordinates></LineString></Placemark>
<Placemark><name>beta 45 nominal — quadrillage_45</name><description>Motif : quadrillage_45 (45°, 135°)&lt;br/&gt;Pas : 150 m&lt;br/&gt;Segments : 20</description><styleUrl>#s_v0_3_m</styleUrl><MultiGeometry><LineString><altitudeMode>absolute</altitudeMode><coordinates>-0.06219854,43.20273274,398.96 -0.06228368,43.20264281,441.11</coordinates></LineString><LineString><altitudeMode>absolute</altitudeMode><coordinates>-0.06071202,43.20430308,398.96 -0.06168944,43.20327055,568.44</coordinates></LineString><LineString><altitudeMode>absolute</altitudeMode><coordinates>-0.05922549,43.20587342,398.96 -0.06102192,43.20397571,685.32</coordinates></LineString><LineString><altitudeMode>absolute</altitudeMode><coordinates>-0.05773897,43.20744375,398.96 -0.06026680,43.20477339,789.69</coordinates></LineString><LineString><altitudeMode>absolute</altitudeMode><coordinates>-0.05625244,43.20901409,398.96 -0.05940380,43.20568506,878.67</coordinates></LineString><LineString><altitudeMode>absolute</altitudeMode><coordinates>-0.05476592,43.21058442,398.96 -0.05840333,43.20674193,948.03</coordinates></LineString><LineString><altitudeMode>absolute</altitudeMode><coordinates>-0.05327940,43.21215476,398.96 -0.05721979,43.20799220,991.27</coordinates></LineString><LineString><altitudeMode>absolute</altitudeMode><coordinates>-0.05179287,43.21372509,398.96 -0.05577842,43.20951483,997.71</coordinates></LineString><LineString><altitudeMode>absolute</altitudeMode><coordinates>-0.05030635,43.21529543,398.96 -0.05394799,43.21144847,948.64</coordinates></LineString><LineString><altitudeMode>absolute</altitudeMode><coordinates>-0.04881982,43.21686576,398.96 -0.05148602,43.21404925,809.44</coordinates></LineString><LineString><altitudeMode>absolute</altitudeMode><coordinates>-0.06219854,43.20273275,398.96 -0.05866675,43.20646366,932.96</coordinates></LineString><LineString><altitudeMode>absolute</altitudeMode><coordinates>-0.06071202,43.20430308,398.96 -0.05671923,43.20852098,998.74</coordinates></LineString><LineString><altitudeMode>absolute</altitudeMode><coordinates>-0.05922549,43.20587342,398.96 -0.05529203,43.21002865,990.28</coordinates></LineString><LineString><altitudeMode>absolute</altitudeMode><coordinates>-0.05773897,43.20744375,398.96 -0.05406429,43.21132562,953.35</coordinates></LineString><LineString><altitudeMode>absolute</altitudeMode><coordinates>-0.05625244,43.20901409,398.96 -0.05294750,43.21250537,900.59</coordinates></LineString><LineString><altitudeMode>absolute</altitudeMode><coordinates>-0.05476592,43.21058442,398.96 -0.05190214,43.21360967,837.63</coordinates></LineString><LineString><altitudeMode>absolute</altitudeMode><coordinates>-0.05327940,43.21215476,398.96 -0.05090748,43.21466040,767.44</coordinates></LineString><LineString><altitudeMode>absolute</altitudeMode><coordinates>-0.05179287,43.21372509,398.96 -0.04995698,43.21566450,690.95</coordinates></LineString><LineString><altitudeMode>absolute</altitudeMode><coordinates>-0.05030635,43.21529543,398.96 -0.04904090,43.21663222,609.54</coordinates></LineString><LineString><altitudeMode>absolute</altitudeMode><coordinates>-0.04881982,43.21686577,398.96 -0.04815793,43.21756498,523.41</coordinates></LineString></MultiGeometry></Placemark>
<Placemark><name>beta 45 nominal — trace au sol</name><description>Projection au sol</description><styleUrl>#s_v0_3</styleUrl><LineString><tessellate>1</tessellate><altitudeMode>clampToGround</altitudeMode><coordinates>-0.04733330,43.21843610,428.96 -0.04733334,43.21843606,428.96 -0.04733379,43.21843558,428.96 -0.04733434,43.21843500,428.96 -0.04733537,43.21843391,428.96 -0.04733717,43.21843201,428.96 -0.04733901,43.21843007,428.96 -0.04734123,43.21842773,428.96 -0.04734474,43.21842402,428.96 -0.04734778,43.21842080,428.96 -0.04735120,43.21841719,428.96 -0.04735877,43.21840919,428.96 -0.04737956,43.21838723,428.96 -0.04741352,43.21835135,428.96 -0.04747309,43.21828842,428.96 -0.04752850,43.21822989,428.96 -0.04759327,43.21816147,428.96 -0.04766737,43.21808319,428.96 -0.04777997,43.21796425,428.96 -0.04787404,43.21786487,428.96 -0.04797613,43.21775703,428.96 -0.04812440,43.21760039,428.96 -0.04824406,43.21747399,428.96 -0.04837058,43.21734034,428.96 -0.04854946,43.21715137,428.96 -0.04869067,43.21700220,428.96 -0.04883760,43.21684698,428.96 -0.04904176,43.21663132,428.96 -0.04920000,43.21646416,428.96 -0.04936029,43.21629483,428.96 -0.04957445,43.21606859,428.96 -0.04973416,43.21589988,428.96 -0.04989239,43.21573273,428.96 -0.05010052,43.21551287,428.96 -0.05025444,43.21535026,428.96 -0.05040657,43.21518956,428.96 -0.05060657,43.21497828,428.96 -0.05075409,43.21482244,428.96 -0.05089950,43.21466883,428.96 -0.05109093,43.21446661,428.96 -0.05123605,43.21431331,428.96 -0.05138323,43.21415783,428.96 -0.05158246,43.21394737,428.96 -0.05173376,43.21378754,428.96 -0.05185782,43.21365649,428.96 -0.05199200,43.21351473,428.96 -0.05218842,43.21330724,428.96 -0.05233337,43.21315412,428.96 -0.05247638,43.21300305,428.96 -0.05266413,43.21280472,428.96 -0.05280283,43.21265820,428.96 -0.05293978,43.21251353,428.96 -0.05311975,43.21232341,428.96 -0.05325282,43.21218283,428.96 -0.05338432,43.21204392,428.96 -0.05355727,43.21186121,428.96 -0.05368525,43.21172602,428.96 -0.05381180,43.21159234,428.96 -0.05397836,43.21141638,428.96 -0.05410171,43.21128608,428.96 -0.05422374,43.21115717,428.96 -0.05438446,43.21098739,428.96 -0.05450356,43.21086157,428.96 -0.05462145,43.21073704,428.96 -0.05477680,43.21057293,428.96 -0.05489199,43.21045125,428.96 -0.05500605,43.21033075,428.96 -0.05515645,43.21017187,428.96 -0.05526800,43.21005403,428.96 -0.05537853,43.20993728,428.96 -0.05552431,43.20978327,428.96 -0.05563250,43.20966898,428.96 -0.05573972,43.20955572,428.96 -0.05588120,43.20940626,428.96 -0.05598624,43.20929530,428.96 -0.05609037,43.20918530,428.96 -0.05619361,43.20907624,428.96 -0.05629597,43.20896811,428.96 -0.05643112,43.20882534,428.96 -0.05653150,43.20871930,428.96 -0.05666405,43.20857927,428.96 -0.05676253,43.20847524,428.96 -0.05686020,43.20837207,428.96 -0.05698922,43.20823578,428.96 -0.05708508,43.20813451,428.96 -0.05718019,43.20803404,428.96 -0.05730583,43.20790131,428.96 -0.05739921,43.20780267,428.96 -0.05749185,43.20770480,428.96 -0.05761428,43.20757548,428.96 -0.05770527,43.20747935,428.96 -0.05779556,43.20738397,428.96 -0.05791488,43.20725792,428.96 -0.05800359,43.20716421,428.96 -0.05809161,43.20707122,428.96 -0.05820795,43.20694832,428.96 -0.05829444,43.20685696,428.96 -0.05838028,43.20676629,428.96 -0.05849372,43.20664644,428.96 -0.05857806,43.20655735,428.96 -0.05866178,43.20646891,428.96 -0.05877241,43.20635204,428.96 -0.05885467,43.20626515,428.96 -0.05893630,43.20617891,428.96 -0.05904420,43.20606493,428.96 -0.05912441,43.20598019,428.96 -0.05920403,43.20589609,428.96 -0.05928304,43.20581262,428.96 -0.05938747,43.20570231,428.96 -0.05946510,43.20562030,428.96 -0.05954214,43.20553891,428.96 -0.05964396,43.20543135,428.96 -0.05971965,43.20535140,428.96 -0.05979476,43.20527206,428.96 -0.05989401,43.20516721,428.96 -0.05996778,43.20508928,428.96 -0.06004099,43.20501194,428.96 -0.06013771,43.20490976,428.96 -0.06020960,43.20483382,428.96 -0.06028093,43.20475847,428.96 -0.06037517,43.20465892,428.96 -0.06044520,43.20458494,428.96 -0.06051468,43.20451155,428.96 -0.06060646,43.20441459,428.96 -0.06067465,43.20434255,428.96 -0.06074230,43.20427109,428.96 -0.06083166,43.20417669,428.96 -0.06089804,43.20410656,428.96 -0.06096389,43.20403700,428.96 -0.06105085,43.20394514,428.96 -0.06111545,43.20387690,428.96 -0.06117951,43.20380923,428.96 -0.06126410,43.20371987,428.96 -0.06132692,43.20365351,428.96 -0.06138922,43.20358770,428.96 -0.06145100,43.20352244,428.96 -0.06153254,43.20343629,428.96 -0.06159310,43.20337232,428.96 -0.06165313,43.20330890,428.96 -0.06173238,43.20322518,428.96 -0.06179122,43.20316303,428.96 -0.06184954,43.20310142,428.96 -0.06192651,43.20302011,428.96 -0.06198365,43.20295976,428.96 -0.06204027,43.20289994,428.96 -0.06211499,43.20282100,428.96 -0.06217045,43.20276242,428.96 -0.06222541,43.20270436,428.96 -0.06229791,43.20262777,428.96 -0.06235172,43.20257093,428.96</coordinates></LineString></Placemark>
</Folder>
<Folder><name>SP02 G150</name><open>1</open>
<Placemark><name>alpha 80 nominal</name><description>Groupe : SP02 G150&lt;br/&gt;Fichier : alpha_80.csv&lt;br/&gt;Pas de tir : Rampe FusEx&lt;br/&gt;Azimut : 214.6°&lt;br/&gt;Apogée : 1063 m&lt;br/&gt;Portée : 462 m&lt;br/&gt;Points : 150 / 406&lt;br/&gt;Rideau : quadrillage_45</description><styleUrl>#s_v1_0</styleUrl><LineString><extrude>0</extrude><altitudeMode>absolute</altitudeMode><coordinates>-0.04733330,43.21843610,428.96 -0.04733331,43.21843609,428.96 -0.04733334,43.21843606,428.99 -0.04733344,43.21843595,429.06 -0.04733362,43.21843576,429.19 -0.04733389,43.21843548,429.40 -0.04733409,43.21843526,429.55 -0.04733450,43.21843483,429.87 -0.04733499,43.21843432,430.25 -0.04733536,43.21843392,430.55 -0.04733600,43.21843325,431.05 -0.04733672,43.21843249,431.62 -0.04733753,43.21843164,432.26 -0.04733811,43.21843102,432.72 -0.04733965,43.21842939,433.95 -0.04734423,43.21842455,437.51 -0.04734900,43.21841951,441.16 -0.04735850,43.21840948,448.35 -0.04737024,43.21839707,457.10 -0.04738000,43.21838677,464.26 -0.04738253,43.21838409,466.11 -0.04739391,43.21837207,474.29 -0.04741178,43.21835320,486.87 -0.04743200,43.21833183,500.81 -0.04744164,43.21832166,507.37 -0.04745866,43.21830367,518.91 -0.04748351,43.21827742,535.58 -0.04750123,43.21825870,547.33 -0.04752742,43.21823103,564.50 -0.04755750,43.21819926,584.01 -0.04758939,43.21816557,604.49 -0.04761165,43.21814205,618.65 -0.04764648,43.21810526,640.61 -0.04768291,43.21806678,663.36 -0.04770807,43.21804020,678.95 -0.04774705,43.21799903,702.90 -0.04778736,43.21795644,727.47 -0.04782850,43.21791298,752.30 -0.04785613,43.21788380,768.86 -0.04789758,43.21784000,793.53 -0.04793889,43.21779636,817.88 -0.04796625,43.21776746,833.89 -0.04800694,43.21772448,857.52 -0.04804720,43.21768195,880.68 -0.04808703,43.21763987,903.37 -0.04811335,43.21761207,918.24 -0.04815246,43.21757075,940.17 -0.04819078,43.21753028,961.42 -0.04821584,43.21750380,975.20 -0.04825272,43.21746484,995.31 -0.04828883,43.21742670,1014.77 -0.04832419,43.21738935,1033.61 -0.04834737,43.21736486,1045.84 -0.04838157,43.21732873,1063.70 -0.04841514,43.21729327,1081.01 -0.04843717,43.21726999,1092.25 -0.04846973,43.21723559,1108.69 -0.04850174,43.21720178,1124.62 -0.04853321,43.21716854,1140.07 -0.04855390,43.21714668,1150.11 -0.04858454,43.21711432,1164.79 -0.04861471,43.21708245,1179.02 -0.04864443,43.21705105,1192.83 -0.04866400,43.21703037,1201.80 -0.04869303,43.21699971,1214.92 -0.04872166,43.21696947,1227.64 -0.04874053,43.21694953,1235.91 -0.04876853,43.21691995,1247.99 -0.04879618,43.21689074,1259.70 -0.04882350,43.21686189,1271.05 -0.04884153,43.21684284,1278.42 -0.04886831,43.21681455,1289.19 -0.04889480,43.21678656,1299.62 -0.04891230,43.21676808,1306.39 -0.04893831,43.21674060,1316.27 -0.04896405,43.21671340,1325.83 -0.04898953,43.21668649,1335.07 -0.04900639,43.21666868,1341.07 -0.04903147,43.21664219,1349.80 -0.04905631,43.21661594,1358.23 -0.04907276,43.21659857,1363.69 -0.04909725,43.21657270,1371.64 -0.04912152,43.21654706,1379.31 -0.04914560,43.21652162,1386.69 -0.04916155,43.21650478,1391.45 -0.04918531,43.21647967,1398.37 -0.04920889,43.21645476,1405.03 -0.04922452,43.21643825,1409.31 -0.04924782,43.21641363,1415.52 -0.04927096,43.21638919,1421.47 -0.04929395,43.21636490,1427.15 -0.04930920,43.21634880,1430.81 -0.04933194,43.21632478,1436.07 -0.04935454,43.21630090,1441.09 -0.04937701,43.21627716,1445.86 -0.04939192,43.21626141,1448.90 -0.04941418,43.21623790,1453.26 -0.04943632,43.21621451,1457.38 -0.04945101,43.21619899,1459.99 -0.04947295,43.21617581,1463.71 -0.04949479,43.21615274,1467.20 -0.04951652,43.21612979,1470.45 -0.04953095,43.21611455,1472.49 -0.04955251,43.21609177,1475.35 -0.04957398,43.21606909,1477.99 -0.04958823,43.21605404,1479.62 -0.04960954,43.21603152,1481.88 -0.04963076,43.21600911,1483.91 -0.04965189,43.21598679,1485.72 -0.04966593,43.21597196,1486.80 -0.04968692,43.21594979,1488.23 -0.04970783,43.21592770,1489.45 -0.04972172,43.21591302,1490.14 -0.04974250,43.21589107,1490.99 -0.04976321,43.21586919,1491.63 -0.04978384,43.21584739,1492.05 -0.04979757,43.21583290,1492.20 -0.04981126,43.21581843,1492.27 -0.04985216,43.21577522,1491.88 -0.04987940,43.21574645,1491.12 -0.04992025,43.21570329,1489.15 -0.04996114,43.21566011,1486.13 -0.05000215,43.21561678,1481.96 -0.05002964,43.21558774,1478.47 -0.05007125,43.21554378,1472.04 -0.05011354,43.21549911,1463.93 -0.05014227,43.21546875,1457.42 -0.05018646,43.21542208,1445.60 -0.05023238,43.21537357,1430.62 -0.05028068,43.21532255,1411.19 -0.05031463,43.21528668,1394.72 -0.05036909,43.21522915,1361.75 -0.05042791,43.21516701,1312.15 -0.05047379,43.21511855,1254.83 -0.05049594,43.21509515,1215.89 -0.05052004,43.21506969,1157.00 -0.05053627,43.21505254,1097.90 -0.05054402,43.21504436,1058.48 -0.05055238,43.21503553,999.43 -0.05055797,43.21502962,940.49 -0.05056172,43.21502566,881.70 -0.05056350,43.21502378,842.59 -0.05056541,43.21502176,784.06 -0.05056668,43.21502042,725.70 -0.05056728,43.21501978,686.89 -0.05056793,43.21501910,628.81 -0.05056835,43.21501865,570.89 -0.05056864,43.21501835,513.13 -0.05056877,43.21501821,474.71 -0.05056889,43.21501808,428.96</coordinates></LineString></Placemark>
<Placemark><name>alpha 80 nominal — quadrillage_45</name><description>Motif : quadrillage_45 (45°, 135°)&lt;br/&gt;Pas : 150 m&lt;br/&gt;Segments : 12</description><styleUrl>#s_v1_0_m</styleUrl><MultiGeometry><LineString><altitudeMode>absolute</altitudeMode><coordinates>-0.05030635,43.21529543,398.96 -0.05056879,43.21501819,466.41</coordinates></LineString><LineString><altitudeMode>absolute</altitudeMode><coordinates>-0.04881982,43.21686576,398.96 -0.05056737,43.21501969,678.34</coordinates></LineString><LineString><altitudeMode>absolute</altitudeMode><coordinates>-0.04733330,43.21843610,398.96 -0.05056122,43.21502619,889.59</coordinates></LineString><LineString><altitudeMode>absolute</altitudeMode><coordinates>-0.04774118,43.21800523,699.30 -0.05053620,43.21505262,1098.16</coordinates></LineString><LineString><altitudeMode>absolute</altitudeMode><coordinates>-0.04822569,43.21749339,980.57 -0.05044035,43.21515387,1296.61</coordinates></LineString><LineString><altitudeMode>absolute</altitudeMode><coordinates>-0.04884986,43.21683404,1281.77 -0.05011849,43.21549388,1462.81</coordinates></LineString><LineString><altitudeMode>absolute</altitudeMode><coordinates>-0.05047455,43.21511775,1253.49 -0.04928064,43.21637897,1423.86</coordinates></LineString><LineString><altitudeMode>absolute</altitudeMode><coordinates>-0.05054792,43.21504024,1030.88 -0.04883421,43.21685056,1275.43</coordinates></LineString><LineString><altitudeMode>absolute</altitudeMode><coordinates>-0.05056435,43.21502288,816.41 -0.04848008,43.21722466,1113.84</coordinates></LineString><LineString><altitudeMode>absolute</altitudeMode><coordinates>-0.05056811,43.21501891,603.74 -0.04816435,43.21755819,946.76</coordinates></LineString><LineString><altitudeMode>absolute</altitudeMode><coordinates>-0.05030635,43.21529543,398.96 -0.04786935,43.21786983,776.73</coordinates></LineString><LineString><altitudeMode>absolute</altitudeMode><coordinates>-0.04881982,43.21686576,398.96 -0.04758947,43.21816549,604.54</coordinates></LineString></MultiGeometry></Placemark>
<Placemark><name>alpha 80 nominal — trace au sol</name><description>Projection au sol</description><styleUrl>#s_v1_0</styleUrl><LineString><tessellate>1</tessellate><altitudeMode>clampToGround</altitudeMode><coordinates>-0.04733330,43.21843610,428.96 -0.04733331,43.21843609,428.96 -0.04733334,43.21843606,428.96 -0.04733344,43.21843595,428.96 -0.04733362,43.21843576,428.96 -0.04733389,43.21843548,428.96 -0.04733409,43.21843526,428.96 -0.04733450,43.21843483,428.96 -0.04733499,43.21843432,428.96 -0.04733536,43.21843392,428.96 -0.04733600,43.21843325,428.96 -0.04733672,43.21843249,428.96 -0.04733753,43.21843164,428.96 -0.04733811,43.21843102,428.96 -0.04733965,43.21842939,428.96 -0.04734423,43.21842455,428.96 -0.04734900,43.21841951,428.96 -0.04735850,43.21840948,428.96 -0.04737024,43.21839707,428.96 -0.04738000,43.21838677,428.96 -0.04738253,43.21838409,428.96 -0.04739391,43.21837207,428.96 -0.04741178,43.21835320,428.96 -0.04743200,43.21833183,428.96 -0.04744164,43.21832166,428.96 -0.04745866,43.21830367,428.96 -0.04748351,43.21827742,428.96 -0.04750123,43.21825870,428.96 -0.04752742,43.21823103,428.96 -0.04755750,43.21819926,428.96 -0.04758939,43.21816557,428.96 -0.04761165,43.21814205,428.96 -0.04764648,43.21810526,428.96 -0.04768291,43.21806678,428.96 -0.04770807,43.21804020,428.96 -0.04774705,43.21799903,428.96 -0.04778736,43.21795644,428.96 -0.04782850,43.21791298,428.96 -0.04785613,43.21788380,428.96 -0.04789758,43.21784000,428.96 -0.04793889,43.21779636,428.96 -0.04796625,43.21776746,428.96 -0.04800694,43.21772448,428.96 -0.04804720,43.21768195,428.96 -0.04808703,43.21763987,428.96 -0.04811335,43.21761207,428.96 -0.04815246,43.21757075,428.96 -0.04819078,43.21753028,428.96 -0.04821584,43.21750380,428.96 -0.04825272,43.21746484,428.96 -0.04828883,43.21742670,428.96 -0.04832419,43.21738935,428.96 -0.04834737,43.21736486,428.96 -0.04838157,43.21732873,428.96 -0.04841514,43.21729327,428.96 -0.04843717,43.21726999,428.96 -0.04846973,43.21723559,428.96 -0.04850174,43.21720178,428.96 -0.04853321,43.21716854,428.96 -0.04855390,43.21714668,428.96 -0.04858454,43.21711432,428.96 -0.04861471,43.21708245,428.96 -0.04864443,43.21705105,428.96 -0.04866400,43.21703037,428.96 -0.04869303,43.21699971,428.96 -0.04872166,43.21696947,428.96 -0.04874053,43.21694953,428.96 -0.04876853,43.21691995,428.96 -0.04879618,43.21689074,428.96 -0.04882350,43.21686189,428.96 -0.04884153,43.21684284,428.96 -0.04886831,43.21681455,428.96 -0.04889480,43.21678656,428.96 -0.04891230,43.21676808,428.96 -0.04893831,43.21674060,428.96 -0.04896405,43.21671340,428.96 -0.04898953,43.21668649,428.96 -0.04900639,43.21666868,428.96 -0.04903147,43.21664219,428.96 -0.04905631,43.21661594,428.96 -0.04907276,43.21659857,428.96 -0.04909725,43.21657270,428.96 -0.04912152,43.21654706,428.96 -0.04914560,43.21652162,428.96 -0.04916155,43.21650478,428.96 -0.04918531,43.21647967,428.96 -0.04920889,43.21645476,428.96 -0.04922452,43.21643825,428.96 -0.04924782,43.21641363,428.96 -0.04927096,43.21638919,428.96 -0.04929395,43.21636490,428.96 -0.04930920,43.21634880,428.96 -0.04933194,43.21632478,428.96 -0.04935454,43.21630090,428.96 -0.04937701,43.21627716,428.96 -0.04939192,43.21626141,428.96 -0.04941418,43.21623790,428.96 -0.04943632,43.21621451,428.96 -0.04945101,43.21619899,428.96 -0.04947295,43.21617581,428.96 -0.04949479,43.21615274,428.96 -0.04951652,43.21612979,428.96 -0.04953095,43.21611455,428.96 -0.04955251,43.21609177,428.96 -0.04957398,43.21606909,428.96 -0.04958823,43.21605404,428.96 -0.04960954,43.21603152,428.96 -0.04963076,43.21600911,428.96 -0.04965189,43.21598679,428.96 -0.04966593,43.21597196,428.96 -0.04968692,43.21594979,428.96 -0.04970783,43.21592770,428.96 -0.04972172,43.21591302,428.96 -0.04974250,43.21589107,428.96 -0.04976321,43.21586919,428.96 -0.04978384,43.21584739,428.96 -0.04979757,43.21583290,428.96 -0.04981126,43.21581843,428.96 -0.04985216,43.21577522,428.96 -0.04987940,43.21574645,428.96 -0.04992025,43.21570329,428.96 -0.04996114,43.21566011,428.96 -0.05000215,43.21561678,428.96 -0.05002964,43.21558774,428.96 -0.05007125,43.21554378,428.96 -0.05011354,43.21549911,428.96 -0.05014227,43.21546875,428.96 -0.05018646,43.21542208,428.96 -0.05023238,43.21537357,428.96 -0.05028068,43.21532255,428.96 -0.05031463,43.21528668,428.96 -0.05036909,43.21522915,428.96 -0.05042791,43.21516701,428.96 -0.05047379,43.21511855,428.96 -0.05049594,43.21509515,428.96 -0.05052004,43.21506969,428.96 -0.05053627,43.21505254,428.96 -0.05054402,43.21504436,428.96 -0.05055238,43.21503553,428.96 -0.05055797,43.21502962,428.96 -0.05056172,43.21502566,428.96 -0.05056350,43.21502378,428.96 -0.05056541,43.21502176,428.96 -0.05056668,43.21502042,428.96 -0.05056728,43.21501978,428.96 -0.05056793,43.21501910,428.96 -0.05056835,43.21501865,428.96 -0.05056864,43.21501835,428.96 -0.05056877,43.21501821,428.96 -0.05056889,43.21501808,428.96</coordinates></LineString></Placemark>
<Placemark><name>beta 80 nominal</name><description>Groupe : SP02 G150&lt;br/&gt;Fichier : beta_80.csv&lt;br/&gt;Pas de tir : Rampe FusEx&lt;br/&gt;Azimut : 214.6°&lt;br/&gt;Apogée : 1456 m&lt;br/&gt;Portée : 647 m&lt;br/&gt;Points : 150 / 504&lt;br/&gt;Rideau : quadrillage_45</description><styleUrl>#s_v1_1</styleUrl><LineString><extrude>0</extrude><altitudeMode>absolute</altitudeMode><coordinates>-0.04733330,43.21843610,428.96 -0.04733331,43.21843609,428.96 -0.04733342,43.21843597,429.04 -0.04733355,43.21843584,429.13 -0.04733389,43.21843548,429.40 -0.04733422,43.21843513,429.65 -0.04733465,43.21843467,429.99 -0.04733536,43.21843392,430.55 -0.04733600,43.21843325,431.05 -0.04733672,43.21843249,431.62 -0.04733781,43.21843133,432.49 -0.04733889,43.21843019,433.34 -0.04734423,43.21842455,437.51 -0.04735192,43.21841643,443.38 -0.04736216,43.21840561,451.09 -0.04737934,43.21838746,463.78 -0.04738253,43.21838409,466.11 -0.04739391,43.21837207,474.29 -0.04741827,43.21834634,491.37 -0.04743924,43.21832419,505.74 -0.04745866,43.21830367,518.91 -0.04748351,43.21827742,535.58 -0.04751044,43.21824898,553.39 -0.04754727,43.21821007,577.40 -0.04757856,43.21817701,597.56 -0.04761165,43.21814205,618.65 -0.04765845,43.21809262,648.11 -0.04769541,43.21805358,671.11 -0.04774705,43.21799903,702.90 -0.04778736,43.21795644,727.47 -0.04782850,43.21791298,752.30 -0.04788377,43.21785459,785.33 -0.04792515,43.21781088,809.80 -0.04796625,43.21776746,833.89 -0.04802041,43.21771025,865.29 -0.04806052,43.21766788,888.29 -0.04811335,43.21761207,918.24 -0.04815249,43.21757072,940.18 -0.04819114,43.21752989,961.63 -0.04824193,43.21747624,989.46 -0.04827958,43.21743647,1009.84 -0.04831857,43.21739527,1030.72 -0.04837331,43.21733745,1059.68 -0.04841620,43.21729215,1082.11 -0.04847547,43.21722954,1112.76 -0.04852064,43.21718181,1135.86 -0.04856558,43.21713435,1158.62 -0.04862432,43.21707229,1188.04 -0.04866793,43.21702622,1209.62 -0.04871098,43.21698075,1230.71 -0.04876754,43.21692100,1258.08 -0.04880938,43.21687680,1278.06 -0.04886438,43.21681869,1304.01 -0.04890511,43.21677567,1322.95 -0.04894537,43.21673314,1341.47 -0.04899839,43.21667713,1365.51 -0.04903767,43.21663564,1383.07 -0.04907655,43.21659457,1400.22 -0.04912779,43.21654043,1422.50 -0.04916579,43.21650029,1438.76 -0.04921591,43.21644735,1459.87 -0.04925311,43.21640805,1475.28 -0.04928997,43.21636911,1490.33 -0.04933863,43.21631771,1509.86 -0.04937476,43.21627954,1524.11 -0.04941060,43.21624168,1538.02 -0.04945794,43.21619167,1556.06 -0.04949314,43.21615449,1569.21 -0.04953965,43.21610536,1586.25 -0.04957423,43.21606883,1598.67 -0.04960856,43.21603255,1610.78 -0.04965398,43.21598458,1626.45 -0.04968777,43.21594888,1637.86 -0.04972134,43.21591342,1648.98 -0.04976577,43.21586648,1663.34 -0.04979885,43.21583154,1673.79 -0.04984265,43.21578527,1687.27 -0.04987527,43.21575081,1697.06 -0.04990771,43.21571654,1706.57 -0.04995068,43.21567115,1718.83 -0.04998270,43.21563732,1727.72 -0.05001456,43.21560367,1736.34 -0.05005678,43.21555907,1747.42 -0.05008827,43.21552581,1755.42 -0.05013000,43.21548172,1765.70 -0.05016114,43.21544882,1773.11 -0.05019214,43.21541608,1780.27 -0.05023325,43.21537265,1789.42 -0.05026393,43.21534024,1796.00 -0.05029448,43.21530796,1802.33 -0.05033503,43.21526513,1810.39 -0.05036530,43.21523315,1816.15 -0.05040548,43.21519070,1823.46 -0.05043548,43.21515901,1828.66 -0.05046538,43.21512743,1833.63 -0.05050508,43.21508549,1839.88 -0.05053474,43.21505416,1844.30 -0.05056430,43.21502294,1848.49 -0.05060355,43.21498147,1853.70 -0.05063289,43.21495047,1857.35 -0.05067187,43.21490930,1861.86 -0.05070100,43.21487853,1864.97 -0.05073004,43.21484784,1867.86 -0.05076865,43.21480706,1871.36 -0.05079750,43.21477659,1873.72 -0.05082628,43.21474618,1875.86 -0.05086453,43.21470577,1878.36 -0.05089314,43.21467556,1879.98 -0.05093117,43.21463538,1881.80 -0.05095960,43.21460534,1882.90 -0.05098799,43.21457536,1883.79 -0.05102571,43.21453550,1884.63 -0.05105394,43.21450569,1885.01 -0.05109148,43.21446603,1885.17 -0.05113327,43.21442188,1884.89 -0.05118241,43.21436997,1883.88 -0.05124842,43.21430024,1881.17 -0.05129803,43.21424783,1877.97 -0.05134762,43.21419545,1873.60 -0.05141374,43.21412561,1865.63 -0.05146352,43.21407302,1857.69 -0.05151375,43.21401996,1847.60 -0.05158206,43.21394779,1829.53 -0.05163493,43.21389194,1810.83 -0.05170871,43.21381400,1773.72 -0.05176450,43.21375507,1729.54 -0.05180267,43.21371475,1680.83 -0.05183226,43.21368348,1614.91 -0.05184489,43.21367014,1565.28 -0.05185270,43.21366190,1515.68 -0.05185867,43.21365559,1449.66 -0.05186119,43.21365293,1400.28 -0.05186312,43.21365089,1334.61 -0.05186392,43.21365004,1285.50 -0.05186442,43.21364951,1236.51 -0.05186480,43.21364911,1171.37 -0.05186496,43.21364894,1122.65 -0.05186505,43.21364885,1074.05 -0.05186513,43.21364877,1009.43 -0.05186515,43.21364874,961.09 -0.05186518,43.21364871,896.82 -0.05186518,43.21364871,848.74 -0.05186519,43.21364870,800.78 -0.05186520,43.21364869,737.00 -0.05186520,43.21364869,689.31 -0.05186520,43.21364869,641.72 -0.05186520,43.21364869,578.43 -0.05186520,43.21364869,531.10 -0.05186520,43.21364869,468.15 -0.05186520,43.21364869,428.96</coordinates></LineString></Placemark>
<Placemark><name>beta 80 nominal — quadrillage_45</name><description>Motif : quadrillage_45 (45°, 135°)&lt;br/&gt;Pas : 150 m&lt;br/&gt;Segments : 17</description><styleUrl>#s_v1_1_m</styleUrl><MultiGeometry><LineString><altitudeMode>absolute</altitudeMode><coordinates>-0.05179287,43.21372509,398.96 -0.05186520,43.21364869,439.28</coordinates></LineString><LineString><altitudeMode>absolute</altitudeMode><coordinates>-0.05030635,43.21529543,398.96 -0.05186520,43.21364869,651.41</coordinates></LineString><LineString><altitudeMode>absolute</altitudeMode><coordinates>-0.04881982,43.21686576,398.96 -0.05186518,43.21364871,863.54</coordinates></LineString><LineString><altitudeMode>absolute</altitudeMode><coordinates>-0.04733330,43.21843610,398.96 -0.05186504,43.21364885,1075.66</coordinates></LineString><LineString><altitudeMode>absolute</altitudeMode><coordinates>-0.04774119,43.21800521,699.30 -0.05186389,43.21365008,1287.62</coordinates></LineString><LineString><altitudeMode>absolute</altitudeMode><coordinates>-0.04822572,43.21749337,980.58 -0.05185426,43.21366025,1498.38</coordinates></LineString><LineString><altitudeMode>absolute</altitudeMode><coordinates>-0.04880321,43.21688331,1275.12 -0.05178694,43.21373136,1700.91</coordinates></LineString><LineString><altitudeMode>absolute</altitudeMode><coordinates>-0.04956778,43.21607564,1596.36 -0.05143310,43.21410515,1862.54</coordinates></LineString><LineString><altitudeMode>absolute</altitudeMode><coordinates>-0.05178544,43.21373294,1702.81 -0.05067135,43.21490984,1861.80</coordinates></LineString><LineString><altitudeMode>absolute</altitudeMode><coordinates>-0.05185586,43.21365855,1480.63 -0.05003198,43.21558527,1740.91</coordinates></LineString><LineString><altitudeMode>absolute</altitudeMode><coordinates>-0.05186411,43.21364984,1267.32 -0.04956511,43.21607846,1595.40</coordinates></LineString><LineString><altitudeMode>absolute</altitudeMode><coordinates>-0.05186507,43.21364882,1055.05 -0.04916843,43.21649750,1439.87</coordinates></LineString><LineString><altitudeMode>absolute</altitudeMode><coordinates>-0.05186518,43.21364871,842.91 -0.04881087,43.21687522,1278.77</coordinates></LineString><LineString><altitudeMode>absolute</altitudeMode><coordinates>-0.05186520,43.21364869,630.77 -0.04847812,43.21722673,1114.12</coordinates></LineString><LineString><altitudeMode>absolute</altitudeMode><coordinates>-0.05179287,43.21372509,398.96 -0.04816435,43.21755819,946.76</coordinates></LineString><LineString><altitudeMode>absolute</altitudeMode><coordinates>-0.05030635,43.21529543,398.96 -0.04786937,43.21786981,776.73</coordinates></LineString><LineString><altitudeMode>absolute</altitudeMode><coordinates>-0.04881982,43.21686577,398.96 -0.04758950,43.21816545,604.53</coordinates></LineString></MultiGeometry></Placemark>
<Placemark><name>beta 80 nominal — trace au sol</name><description>Projection au sol</description><styleUrl>#s_v1_1</styleUrl><LineString><tessellate>1</tessellate><altitudeMode>clampToGround</altitudeMode><coordinates>-0.04733330,43.21843610,428.96 -0.04733331,43.21843609,428.96 -0.04733342,43.21843597,428.96 -0.04733355,43.21843584,428.96 -0.04733389,43.21843548,428.96 -0.04733422,43.21843513,428.96 -0.04733465,43.21843467,428.96 -0.04733536,43.21843392,428.96 -0.04733600,43.21843325,428.96 -0.04733672,43.21843249,428.96 -0.04733781,43.21843133,428.96 -0.04733889,43.21843019,428.96 -0.04734423,43.21842455,428.96 -0.04735192,43.21841643,428.96 -0.04736216,43.21840561,428.96 -0.04737934,43.21838746,428.96 -0.04738253,43.21838409,428.96 -0.04739391,43.21837207,428.96 -0.04741827,43.21834634,428.96 -0.04743924,43.21832419,428.96 -0.04745866,43.21830367,428.96 -0.04748351,43.21827742,428.96 -0.04751044,43.21824898,428.96 -0.04754727,43.21821007,428.96 -0.04757856,43.21817701,428.96 -0.04761165,43.21814205,428.96 -0.04765845,43.21809262,428.96 -0.04769541,43.21805358,428.96 -0.04774705,43.21799903,428.96 -0.04778736,43.21795644,428.96 -0.04782850,43.21791298,428.96 -0.04788377,43.21785459,428.96 -0.04792515,43.21781088,428.96 -0.04796625,43.21776746,428.96 -0.04802041,43.21771025,428.96 -0.04806052,43.21766788,428.96 -0.04811335,43.21761207,428.96 -0.04815249,43.21757072,428.96 -0.04819114,43.21752989,428.96 -0.04824193,43.21747624,428.96 -0.04827958,43.21743647,428.96 -0.04831857,43.21739527,428.96 -0.04837331,43.21733745,428.96 -0.04841620,43.21729215,428.96 -0.04847547,43.21722954,428.96 -0.04852064,43.21718181,428.96 -0.04856558,43.21713435,428.96 -0.04862432,43.21707229,428.96 -0.04866793,43.21702622,428.96 -0.04871098,43.21698075,428.96 -0.04876754,43.21692100,428.96 -0.04880938,43.21687680,428.96 -0.04886438,43.21681869,428.96 -0.04890511,43.21677567,428.96 -0.04894537,43.21673314,428.96 -0.04899839,43.21667713,428.96 -0.04903767,43.21663564,428.96 -0.04907655,43.21659457,428.96 -0.04912779,43.21654043,428.96 -0.04916579,43.21650029,428.96 -0.04921591,43.21644735,428.96 -0.04925311,43.21640805,428.96 -0.04928997,43.21636911,428.96 -0.04933863,43.21631771,428.96 -0.04937476,43.21627954,428.96 -0.04941060,43.21624168,428.96 -0.04945794,43.21619167,428.96 -0.04949314,43.21615449,428.96 -0.04953965,43.21610536,428.96 -0.04957423,43.21606883,428.96 -0.04960856,43.21603255,428.96 -0.04965398,43.21598458,428.96 -0.04968777,43.21594888,428.96 -0.04972134,43.21591342,428.96 -0.04976577,43.21586648,428.96 -0.04979885,43.21583154,428.96 -0.04984265,43.21578527,428.96 -0.04987527,43.21575081,428.96 -0.04990771,43.21571654,428.96 -0.04995068,43.21567115,428.96 -0.04998270,43.21563732,428.96 -0.05001456,43.21560367,428.96 -0.05005678,43.21555907,428.96 -0.05008827,43.21552581,428.96 -0.05013000,43.21548172,428.96 -0.05016114,43.21544882,428.96 -0.05019214,43.21541608,428.96 -0.05023325,43.21537265,428.96 -0.05026393,43.21534024,428.96 -0.05029448,43.21530796,428.96 -0.05033503,43.21526513,428.96 -0.05036530,43.21523315,428.96 -0.05040548,43.21519070,428.96 -0.05043548,43.21515901,428.96 -0.05046538,43.21512743,428.96 -0.05050508,43.21508549,428.96 -0.05053474,43.21505416,428.96 -0.05056430,43.21502294,428.96 -0.05060355,43.21498147,428.96 -0.05063289,43.21495047,428.96 -0.05067187,43.21490930,428.96 -0.05070100,43.21487853,428.96 -0.05073004,43.21484784,428.96 -0.05076865,43.21480706,428.96 -0.05079750,43.21477659,428.96 -0.05082628,43.21474618,428.96 -0.05086453,43.21470577,428.96 -0.05089314,43.21467556,428.96 -0.05093117,43.21463538,428.96 -0.05095960,43.21460534,428.96 -0.05098799,43.21457536,428.96 -0.05102571,43.21453550,428.96 -0.05105394,43.21450569,428.96 -0.05109148,43.21446603,428.96 -0.05113327,43.21442188,428.96 -0.05118241,43.21436997,428.96 -0.05124842,43.21430024,428.96 -0.05129803,43.21424783,428.96 -0.05134762,43.21419545,428.96 -0.05141374,43.21412561,428.96 -0.05146352,43.21407302,428.96 -0.05151375,43.21401996,428.96 -0.05158206,43.21394779,428.96 -0.05163493,43.21389194,428.96 -0.05170871,43.21381400,428.96 -0.05176450,43.21375507,428.96 -0.05180267,43.21371475,428.96 -0.05183226,43.21368348,428.96 -0.05184489,43.21367014,428.96 -0.05185270,43.21366190,428.96 -0.05185867,43.21365559,428.96 -0.05186119,43.21365293,428.96 -0.05186312,43.21365089,428.96 -0.05186392,43.21365004,428.96 -0.05186442,43.21364951,428.96 -0.05186480,43.21364911,428.96 -0.05186496,43.21364894,428.96 -0.05186505,43.21364885,428.96 -0.05186513,43.21364877,428.96 -0.05186515,43.21364874,428.96 -0.05186518,43.21364871,428.96 -0.05186518,43.21364871,428.96 -0.05186519,43.21364870,428.96 -0.05186520,43.21364869,428.96 -0.05186520,43.21364869,428.96 -0.05186520,43.21364869,428.96 -0.05186520,43.21364869,428.96 -0.05186520,43.21364869,428.96 -0.05186520,43.21364869,428.96 -0.05186520,43.21364869,428.96</coordinates></LineString></Placemark>
<Placemark><name>alpha 45 nominal</name><description>Groupe : SP02 G150&lt;br/&gt;Fichier : alpha_45.csv&lt;br/&gt;Pas de tir : Rampe FusEx&lt;br/&gt;Azimut : 214.6°&lt;br/&gt;Apogée : 494 m&lt;br/&gt;Portée : 1599 m&lt;br/&gt;Points : 150 / 466&lt;br/&gt;Rideau : quadrillage_45</description><styleUrl>#s_v1_2</styleUrl><LineString><extrude>0</extrude><altitudeMode>absolute</altitudeMode><coordinates>-0.04733330,43.21843610,428.96 -0.04733334,43.21843606,428.96 -0.04733362,43.21843577,428.99 -0.04733406,43.21843529,429.04 -0.04733497,43.21843433,429.16 -0.04733661,43.21843260,429.37 -0.04733832,43.21843079,429.60 -0.04734040,43.21842860,429.88 -0.04734283,43.21842603,430.22 -0.04734563,43.21842308,430.60 -0.04734878,43.21841975,431.03 -0.04735228,43.21841605,431.52 -0.04735683,43.21841124,432.15 -0.04737919,43.21838763,435.17 -0.04741113,43.21835389,439.36 -0.04745351,43.21830912,444.82 -0.04750499,43.21825473,451.30 -0.04753103,43.21822722,454.51 -0.04756165,43.21819488,458.22 -0.04763109,43.21812153,466.41 -0.04770962,43.21803856,475.35 -0.04779096,43.21795263,484.41 -0.04787676,43.21786200,493.82 -0.04797864,43.21775438,504.79 -0.04808831,43.21763852,516.32 -0.04819663,43.21752410,527.51 -0.04831998,43.21739379,540.05 -0.04845001,43.21725642,553.04 -0.04858632,43.21711244,566.42 -0.04877713,43.21691086,584.81 -0.04892667,43.21675289,598.96 -0.04908124,43.21658961,613.36 -0.04923937,43.21642256,627.87 -0.04939895,43.21625399,642.29 -0.04955855,43.21608539,656.49 -0.04971731,43.21591768,670.40 -0.04987463,43.21575149,683.97 -0.05003016,43.21558719,697.16 -0.05023469,43.21537113,714.16 -0.05038602,43.21521127,726.49 -0.05053550,43.21505336,738.45 -0.05068158,43.21489904,749.92 -0.05082396,43.21474863,760.89 -0.05096285,43.21460191,771.36 -0.05109845,43.21445867,781.37 -0.05123093,43.21431872,790.94 -0.05140300,43.21413695,803.02 -0.05152883,43.21400403,811.60 -0.05165203,43.21387388,819.79 -0.05177273,43.21374637,827.59 -0.05189105,43.21362138,835.02 -0.05200711,43.21349878,842.09 -0.05212099,43.21337848,848.81 -0.05223279,43.21326037,855.18 -0.05237878,43.21310615,863.17 -0.05248607,43.21299281,868.79 -0.05259155,43.21288139,874.10 -0.05269529,43.21277180,879.09 -0.05279736,43.21266397,883.79 -0.05289782,43.21255785,888.20 -0.05299674,43.21245335,892.33 -0.05309415,43.21235045,896.17 -0.05319013,43.21224906,899.73 -0.05331593,43.21211616,904.07 -0.05340873,43.21201814,907.01 -0.05350023,43.21192147,909.69 -0.05359048,43.21182613,912.12 -0.05367953,43.21173207,914.30 -0.05376739,43.21163925,916.23 -0.05385412,43.21154763,917.92 -0.05393974,43.21145719,919.37 -0.05405222,43.21133836,920.93 -0.05413537,43.21125052,921.83 -0.05421751,43.21116375,922.50 -0.05429866,43.21107802,922.94 -0.05440537,43.21096530,923.19 -0.05445811,43.21090958,923.16 -0.05453645,43.21082683,922.94 -0.05461389,43.21074502,922.51 -0.05471579,43.21063737,921.60 -0.05479122,43.21055769,920.67 -0.05486582,43.21047889,919.53 -0.05493960,43.21040095,918.18 -0.05501258,43.21032386,916.64 -0.05508478,43.21024759,914.88 -0.05515620,43.21017214,912.93 -0.05522686,43.21009749,910.79 -0.05531992,43.20999919,907.62 -0.05538887,43.20992635,905.01 -0.05545709,43.20985428,902.22 -0.05552461,43.20978296,899.24 -0.05559143,43.20971237,896.07 -0.05565756,43.20964251,892.71 -0.05572301,43.20957337,889.16 -0.05578779,43.20950494,885.44 -0.05585190,43.20943722,881.53 -0.05593637,43.20934798,876.05 -0.05599896,43.20928186,871.73 -0.05606091,43.20921642,867.23 -0.05612224,43.20915164,862.56 -0.05618293,43.20908752,857.72 -0.05624300,43.20902406,852.71 -0.05630246,43.20896126,847.53 -0.05636131,43.20889909,842.19 -0.05643882,43.20881720,834.81 -0.05649626,43.20875652,829.09 -0.05655312,43.20869646,823.21 -0.05660937,43.20863704,817.17 -0.05666504,43.20857823,810.97 -0.05672013,43.20852004,804.62 -0.05677463,43.20846246,798.12 -0.05682856,43.20840549,791.46 -0.05689959,43.20833045,782.36 -0.05695220,43.20827488,775.36 -0.05700423,43.20821991,768.22 -0.05705572,43.20816552,760.93 -0.05710665,43.20811172,753.51 -0.05715702,43.20805851,745.95 -0.05720684,43.20800588,738.25 -0.05725613,43.20795382,730.41 -0.05730486,43.20790234,722.45 -0.05736900,43.20783458,711.62 -0.05741647,43.20778443,703.36 -0.05746342,43.20773484,694.96 -0.05750983,43.20768581,686.44 -0.05755571,43.20763734,677.80 -0.05760107,43.20758942,669.04 -0.05764591,43.20754205,660.16 -0.05769023,43.20749524,651.16 -0.05774853,43.20743366,638.99 -0.05779165,43.20738810,629.73 -0.05783426,43.20734308,620.36 -0.05787638,43.20729859,610.89 -0.05791798,43.20725464,601.30 -0.05795910,43.20721121,591.62 -0.05799970,43.20716832,581.83 -0.05803983,43.20712593,571.93 -0.05809257,43.20707022,558.59 -0.05813155,43.20702903,548.48 -0.05817006,43.20698836,538.26 -0.05820809,43.20694818,527.96 -0.05824564,43.20690851,517.57 -0.05828272,43.20686935,507.08 -0.05831934,43.20683066,496.51 -0.05835548,43.20679248,485.86 -0.05840297,43.20674231,471.52 -0.05843806,43.20670524,460.67 -0.05847269,43.20666866,449.75 -0.05850687,43.20663255,438.75 -0.05854061,43.20659691,427.67</coordinates></LineString></Placemark>
<Placemark><name>alpha 45 nominal — quadrillage_45</name><description>Motif : quadrillage_45 (45°, 135°)&lt;br/&gt;Pas : 150 m&lt;br/&gt;Segments : 15</description><styleUrl>#s_v1_2_m</styleUrl><MultiGeometry><LineString><altitudeMode>absolute</altitudeMode><coordinates>-0.05773897,43.20744375,398.96 -0.05828394,43.20686805,506.73</coordinates></LineString><LineString><altitudeMode>absolute</altitudeMode><coordinates>-0.05625244,43.20901409,398.96 -0.05773867,43.20744406,641.05</coordinates></LineString><LineString><altitudeMode>absolute</altitudeMode><coordinates>-0.05476592,43.21058442,398.96 -0.05707379,43.20814644,758.30</coordinates></LineString><LineString><altitudeMode>absolute</altitudeMode><coordinates>-0.05327940,43.21215476,398.96 -0.05624664,43.20902022,852.40</coordinates></LineString><LineString><altitudeMode>absolute</altitudeMode><coordinates>-0.05179287,43.21372509,398.96 -0.05517940,43.21014763,912.23</coordinates></LineString><LineString><altitudeMode>absolute</altitudeMode><coordinates>-0.05030635,43.21529543,398.96 -0.05371248,43.21169726,915.03</coordinates></LineString><LineString><altitudeMode>absolute</altitudeMode><coordinates>-0.04881982,43.21686576,398.96 -0.05147590,43.21405994,807.99</coordinates></LineString><LineString><altitudeMode>absolute</altitudeMode><coordinates>-0.05773740,43.20744541,641.32 -0.05627643,43.20898875,849.80</coordinates></LineString><LineString><altitudeMode>absolute</altitudeMode><coordinates>-0.05773897,43.20744375,398.96 -0.05427814,43.21109971,922.83</coordinates></LineString><LineString><altitudeMode>absolute</altitudeMode><coordinates>-0.05625244,43.20901409,398.96 -0.05300352,43.21244619,892.59</coordinates></LineString><LineString><altitudeMode>absolute</altitudeMode><coordinates>-0.05476592,43.21058442,398.96 -0.05191166,43.21359961,836.27</coordinates></LineString><LineString><altitudeMode>absolute</altitudeMode><coordinates>-0.05327940,43.21215476,398.96 -0.05090865,43.21465917,767.27</coordinates></LineString><LineString><altitudeMode>absolute</altitudeMode><coordinates>-0.05179287,43.21372509,398.96 -0.04995697,43.21566451,690.95</coordinates></LineString><LineString><altitudeMode>absolute</altitudeMode><coordinates>-0.05030635,43.21529543,398.96 -0.04904066,43.21663248,609.58</coordinates></LineString><LineString><altitudeMode>absolute</altitudeMode><coordinates>-0.04881982,43.21686577,398.96 -0.04815755,43.21756538,523.47</coordinates></LineString></MultiGeometry></Placemark>
<Placemark><name>alpha 45 nominal — trace au sol</name><description>Projection au sol</description><styleUrl>#s_v1_2</styleUrl><LineString><tessellate>1</tessellate><altitudeMode>clampToGround</altitudeMode><coordinates>-0.04733330,43.21843610,428.96 -0.04733334,43.21843606,428.96 -0.04733362,43.21843577,428.96 -0.04733406,43.21843529,428.96 -0.04733497,43.21843433,428.96 -0.04733661,43.21843260,428.96 -0.04733832,43.21843079,428.96 -0.04734040,43.21842860,428.96 -0.04734283,43.21842603,428.96 -0.04734563,43.21842308,428.96 -0.04734878,43.21841975,428.96 -0.04735228,43.21841605,428.96 -0.04735683,43.21841124,428.96 -0.04737919,43.21838763,428.96 -0.04741113,43.21835389,428.96 -0.04745351,43.21830912,428.96 -0.04750499,43.21825473,428.96 -0.04753103,43.21822722,428.96 -0.04756165,43.21819488,428.96 -0.04763109,43.21812153,428.96 -0.04770962,43.21803856,428.96 -0.04779096,43.21795263,428.96 -0.04787676,43.21786200,428.96 -0.04797864,43.21775438,428.96 -0.04808831,43.21763852,428.96 -0.04819663,43.21752410,428.96 -0.04831998,43.21739379,428.96 -0.04845001,43.21725642,428.96 -0.04858632,43.21711244,428.96 -0.04877713,43.21691086,428.96 -0.04892667,43.21675289,428.96 -0.04908124,43.21658961,428.96 -0.04923937,43.21642256,428.96 -0.04939895,43.21625399,428.96 -0.04955855,43.21608539,428.96 -0.04971731,43.21591768,428.96 -0.04987463,43.21575149,428.96 -0.05003016,43.21558719,428.96 -0.05023469,43.21537113,428.96 -0.05038602,43.21521127,428.96 -0.05053550,43.21505336,428.96 -0.05068158,43.21489904,428.96 -0.05082396,43.21474863,428.96 -0.05096285,43.21460191,428.96 -0.05109845,43.21445867,428.96 -0.05123093,43.21431872,428.96 -0.05140300,43.21413695,428.96 -0.05152883,43.21400403,428.96 -0.05165203,43.21387388,428.96 -0.05177273,43.21374637,428.96 -0.05189105,43.21362138,428.96 -0.05200711,43.21349878,428.96 -0.05212099,43.21337848,428.96 -0.05223279,43.21326037,428.96 -0.05237878,43.21310615,428.96 -0.05248607,43.21299281,428.96 -0.05259155,43.21288139,428.96 -0.05269529,43.21277180,428.96 -0.05279736,43.21266397,428.96 -0.05289782,43.21255785,428.96 -0.05299674,43.21245335,428.96 -0.05309415,43.21235045,428.96 -0.05319013,43.21224906,428.96 -0.05331593,43.21211616,428.96 -0.05340873,43.21201814,428.96 -0.05350023,43.21192147,428.96 -0.05359048,43.21182613,428.96 -0.05367953,43.21173207,428.96 -0.05376739,43.21163925,428.96 -0.05385412,43.21154763,428.96 -0.05393974,43.21145719,428.96 -0.05405222,43.21133836,428.96 -0.05413537,43.21125052,428.96 -0.05421751,43.21116375,428.96 -0.05429866,43.21107802,428.96 -0.05440537,43.21096530,428.96 -0.05445811,43.21090958,428.96 -0.05453645,43.21082683,428.96 -0.05461389,43.21074502,428.96 -0.05471579,43.21063737,428.96 -0.05479122,43.21055769,428.96 -0.05486582,43.21047889,428.96 -0.05493960,43.21040095,428.96 -0.05501258,43.21032386,428.96 -0.05508478,43.21024759,428.96 -0.05515620,43.21017214,428.96 -0.05522686,43.21009749,428.96 -0.05531992,43.20999919,428.96 -0.05538887,43.20992635,428.96 -0.05545709,43.20985428,428.96 -0.05552461,43.20978296,428.96 -0.05559143,43.20971237,428.96 -0.05565756,43.20964251,428.96 -0.05572301,43.20957337,428.96 -0.05578779,43.20950494,428.96 -0.05585190,43.20943722,428.96 -0.05593637,43.20934798,428.96 -0.05599896,43.20928186,428.96 -0.05606091,43.20921642,428.96 -0.05612224,43.20915164,428.96 -0.05618293,43.20908752,428.96 -0.05624300,43.20902406,428.96 -0.05630246,43.20896126,428.96 -0.05636131,43.20889909,428.96 -0.05643882,43.20881720,428.96 -0.05649626,43.20875652,428.96 -0.05655312,43.20869646,428.96 -0.05660937,43.20863704,428.96 -0.05666504,43.20857823,428.96 -0.05672013,43.20852004,428.96 -0.05677463,43.20846246,428.96 -0.05682856,43.20840549,428.96 -0.05689959,43.20833045,428.96 -0.05695220,43.20827488,428.96 -0.05700423,43.20821991,428.96 -0.05705572,43.20816552,428.96 -0.05710665,43.20811172,428.96 -0.05715702,43.20805851,428.96 -0.05720684,43.20800588,428.96 -0.05725613,43.20795382,428.96 -0.05730486,43.20790234,428.96 -0.05736900,43.20783458,428.96 -0.05741647,43.20778443,428.96 -0.05746342,43.20773484,428.96 -0.05750983,43.20768581,428.96 -0.05755571,43.20763734,428.96 -0.05760107,43.20758942,428.96 -0.05764591,43.20754205,428.96 -0.05769023,43.20749524,428.96 -0.05774853,43.20743366,428.96 -0.05779165,43.20738810,428.96 -0.05783426,43.20734308,428.96 -0.05787638,43.20729859,428.96 -0.05791798,43.20725464,428.96 -0.05795910,43.20721121,428.96 -0.05799970,43.20716832,428.96 -0.05803983,43.20712593,428.96 -0.05809257,43.20707022,428.96 -0.05813155,43.20702903,428.96 -0.05817006,43.20698836,428.96 -0.05820809,43.20694818,428.96 -0.05824564,43.20690851,428.96 -0.05828272,43.20686935,428.96 -0.05831934,43.20683066,428.96 -0.05835548,43.20679248,428.96 -0.05840297,43.20674231,428.96 -0.05843806,43.20670524,428.96 -0.05847269,43.20666866,428.96 -0.05850687,43.20663255,428.96 -0.05854061,43.20659691,428.96</coordinates></LineString></Placemark>
<Placemark><name>beta 45 nominal</name><description>Groupe : SP02 G150&lt;br/&gt;Fichier : beta_45.csv&lt;br/&gt;Pas de tir : Rampe FusEx&lt;br/&gt;Azimut : 214.6°&lt;br/&gt;Apogée : 604 m&lt;br/&gt;Portée : 2300 m&lt;br/&gt;Points : 150 / 517&lt;br/&gt;Rideau : quadrillage_45</description><styleUrl>#s_v1_3</styleUrl><LineString><extrude>0</extrude><altitudeMode>absolute</altitudeMode><coordinates>-0.04733330,43.21843610,428.96 -0.04733334,43.21843606,428.96 -0.04733379,43.21843558,429.01 -0.04733433,43.21843501,429.08 -0.04733578,43.21843348,429.26 -0.04733714,43.21843204,429.44 -0.04733966,43.21842938,429.78 -0.04734198,43.21842693,430.10 -0.04734563,43.21842308,430.60 -0.04734878,43.21841975,431.03 -0.04735353,43.21841473,431.69 -0.04736003,43.21840787,432.59 -0.04738792,43.21837840,436.32 -0.04742424,43.21834003,441.06 -0.04746965,43.21829206,446.87 -0.04752692,43.21823157,454.01 -0.04754687,43.21821049,456.44 -0.04763109,43.21812153,466.41 -0.04770962,43.21803856,475.35 -0.04779096,43.21795263,484.41 -0.04787676,43.21786200,493.82 -0.04801435,43.21771665,508.57 -0.04811821,43.21760694,519.42 -0.04827811,43.21743803,535.82 -0.04840595,43.21730297,548.66 -0.04858632,43.21711244,566.42 -0.04872848,43.21696226,580.16 -0.04892667,43.21675289,598.96 -0.04908124,43.21658961,613.36 -0.04923937,43.21642256,627.87 -0.04945219,43.21619774,647.05 -0.04961159,43.21602936,661.16 -0.04982238,43.21580668,679.49 -0.04997852,43.21564174,692.80 -0.05018386,43.21542483,709.97 -0.05033577,43.21526435,722.42 -0.05053560,43.21505325,738.46 -0.05068314,43.21489740,750.05 -0.05087662,43.21469300,764.90 -0.05101975,43.21454180,775.63 -0.05121760,43.21433280,790.12 -0.05137248,43.21416919,801.19 -0.05153224,43.21400042,812.40 -0.05175158,43.21376872,827.43 -0.05191792,43.21359299,838.57 -0.05213631,43.21336229,852.86 -0.05229813,43.21319135,863.20 -0.05251011,43.21296742,876.40 -0.05266637,43.21280235,885.87 -0.05287124,43.21258592,897.96 -0.05302239,43.21242625,906.62 -0.05322073,43.21221673,917.64 -0.05336716,43.21206205,925.53 -0.05355944,43.21185893,935.54 -0.05370149,43.21170886,942.68 -0.05384177,43.21156068,949.52 -0.05402614,43.21136591,958.16 -0.05416247,43.21122189,964.30 -0.05434175,43.21103251,972.03 -0.05447439,43.21089239,977.49 -0.05464891,43.21070803,984.34 -0.05477810,43.21057156,989.15 -0.05494815,43.21039192,995.15 -0.05507409,43.21025888,999.34 -0.05523994,43.21008367,1004.51 -0.05536282,43.20995387,1008.08 -0.05552471,43.20978285,1012.46 -0.05564469,43.20965610,1015.44 -0.05576349,43.20953061,1018.18 -0.05592008,43.20936519,1021.45 -0.05603620,43.20924252,1023.61 -0.05618931,43.20908078,1026.13 -0.05630289,43.20896080,1027.74 -0.05645269,43.20880255,1029.53 -0.05656384,43.20868513,1030.60 -0.05671049,43.20853021,1031.67 -0.05681933,43.20841524,1032.21 -0.05696296,43.20826351,1032.58 -0.05703415,43.20818831,1032.62 -0.05721033,43.20800220,1032.29 -0.05731483,43.20789180,1031.80 -0.05745279,43.20774606,1030.82 -0.05755526,43.20763782,1029.83 -0.05765687,43.20753048,1028.63 -0.05779105,43.20738874,1026.71 -0.05789072,43.20728344,1025.03 -0.05802237,43.20714438,1022.46 -0.05812017,43.20704106,1020.30 -0.05824936,43.20690458,1017.11 -0.05834535,43.20680318,1014.48 -0.05847217,43.20666922,1010.66 -0.05856640,43.20656967,1007.58 -0.05869090,43.20643815,1003.15 -0.05878343,43.20634040,999.61 -0.05890568,43.20621126,994.59 -0.05899654,43.20611528,990.60 -0.05908671,43.20602003,986.43 -0.05920584,43.20589417,980.57 -0.05929440,43.20580063,975.96 -0.05941142,43.20567701,969.53 -0.05949840,43.20558512,964.49 -0.05961334,43.20546370,957.49 -0.05969878,43.20537344,952.03 -0.05981169,43.20525417,944.48 -0.05989562,43.20516551,938.61 -0.06000652,43.20504836,930.51 -0.06008896,43.20496126,924.24 -0.06019790,43.20484618,915.60 -0.06027887,43.20476065,908.93 -0.06035923,43.20467576,902.09 -0.06046541,43.20456359,892.70 -0.06054434,43.20448021,885.47 -0.06064862,43.20437005,875.58 -0.06072613,43.20428817,867.97 -0.06082854,43.20417998,857.58 -0.06090466,43.20409958,849.59 -0.06100522,43.20399334,838.71 -0.06107996,43.20391439,830.36 -0.06117869,43.20381010,818.99 -0.06125207,43.20373258,810.29 -0.06134899,43.20363019,798.45 -0.06142101,43.20355411,789.39 -0.06149246,43.20347864,780.19 -0.06158684,43.20337894,767.70 -0.06165695,43.20330487,758.16 -0.06174957,43.20320703,745.22 -0.06181837,43.20313435,735.35 -0.06190923,43.20303837,721.98 -0.06197672,43.20296707,711.79 -0.06206585,43.20287292,697.99 -0.06213205,43.20280298,687.49 -0.06221947,43.20271063,673.28 -0.06228439,43.20264206,662.47 -0.06237010,43.20255151,647.85 -0.06243375,43.20248427,636.74 -0.06251778,43.20239550,621.74 -0.06258018,43.20232959,610.34 -0.06264203,43.20226425,598.82 -0.06272368,43.20217799,583.28 -0.06278430,43.20211396,571.48 -0.06286430,43.20202945,555.57 -0.06292369,43.20196671,543.50 -0.06300206,43.20188392,527.24 -0.06306023,43.20182247,514.91 -0.06313697,43.20174140,498.30 -0.06319394,43.20168122,485.72 -0.06326910,43.20160183,468.78 -0.06332486,43.20154292,455.96 -0.06339843,43.20146520,438.69 -0.06345302,43.20140753,425.63</coordinates></LineString></Placemark>
<Placemark><name>beta 45 nominal — quadrillage_45</name><description>Motif : quadrillage_45 (45°, 135°)&lt;br/&gt;Pas : 150 m&lt;br/&gt;Segments : 21</description><styleUrl>#s_v1_3_m</styleUrl><MultiGeometry><LineString><altitudeMode>absolute</altitudeMode><coordinates>-0.06219854,43.20273274,398.96 -0.06295527,43.20193335,536.95</coordinates></LineString><LineString><altitudeMode>absolute</altitudeMode><coordinates>-0.06071202,43.20430308,398.96 -0.06231352,43.20261129,657.50</coordinates></LineString><LineString><altitudeMode>absolute</altitudeMode><coordinates>-0.05922549,43.20587342,398.96 -0.06159318,43.20337224,766.84</coordinates></LineString><LineString><altitudeMode>absolute</altitudeMode><coordinates>-0.05773897,43.20744375,398.96 -0.06077827,43.20423310,862.68</coordinates></LineString><LineString><altitudeMode>absolute</altitudeMode><coordinates>-0.05625244,43.20901409,398.96 -0.05984745,43.20521639,941.98</coordinates></LineString><LineString><altitudeMode>absolute</altitudeMode><coordinates>-0.05476592,43.21058442,398.96 -0.05876872,43.20635594,1000.17</coordinates></LineString><LineString><altitudeMode>absolute</altitudeMode><coordinates>-0.05327940,43.21215476,398.96 -0.05749414,43.20770238,1030.42</coordinates></LineString><LineString><altitudeMode>absolute</altitudeMode><coordinates>-0.05179287,43.21372509,398.96 -0.05594845,43.20933522,1021.98</coordinates></LineString><LineString><altitudeMode>absolute</altitudeMode><coordinates>-0.05030635,43.21529543,398.96 -0.05400916,43.21138385,957.36</coordinates></LineString><LineString><altitudeMode>absolute</altitudeMode><coordinates>-0.04881982,43.21686576,398.96 -0.05148216,43.21405332,808.88</coordinates></LineString><LineString><altitudeMode>absolute</altitudeMode><coordinates>-0.06301378,43.20187154,524.75 -0.06038650,43.20464695,899.68</coordinates></LineString><LineString><altitudeMode>absolute</altitudeMode><coordinates>-0.06219854,43.20273275,398.96 -0.05804270,43.20712290,1022.01</coordinates></LineString><LineString><altitudeMode>absolute</altitudeMode><coordinates>-0.06071202,43.20430308,398.96 -0.05650029,43.20875227,1029.99</coordinates></LineString><LineString><altitudeMode>absolute</altitudeMode><coordinates>-0.05922549,43.20587342,398.96 -0.05520086,43.21012496,1003.29</coordinates></LineString><LineString><altitudeMode>absolute</altitudeMode><coordinates>-0.05773897,43.20744375,398.96 -0.05402951,43.21136235,958.31</coordinates></LineString><LineString><altitudeMode>absolute</altitudeMode><coordinates>-0.05625244,43.20901409,398.96 -0.05293880,43.21251455,901.83</coordinates></LineString><LineString><altitudeMode>absolute</altitudeMode><coordinates>-0.05476592,43.21058442,398.96 -0.05190271,43.21360907,837.55</coordinates></LineString><LineString><altitudeMode>absolute</altitudeMode><coordinates>-0.05327940,43.21215476,398.96 -0.05090852,43.21465931,767.29</coordinates></LineString><LineString><altitudeMode>absolute</altitudeMode><coordinates>-0.05179287,43.21372509,398.96 -0.04995691,43.21566457,690.96</coordinates></LineString><LineString><altitudeMode>absolute</altitudeMode><coordinates>-0.05030635,43.21529543,398.96 -0.04904065,43.21663248,609.58</coordinates></LineString><LineString><altitudeMode>absolute</altitudeMode><coordinates>-0.04881982,43.21686577,398.96 -0.04815760,43.21756532,523.46</coordinates></LineString></MultiGeometry></Placemark>
<Placemark><name>beta 45 nominal — trace au sol</name><description>Projection au sol</description><styleUrl>#s_v1_3</styleUrl><LineString><tessellate>1</tessellate><altitudeMode>clampToGround</altitudeMode><coordinates>-0.04733330,43.21843610,428.96 -0.04733334,43.21843606,428.96 -0.04733379,43.21843558,428.96 -0.04733433,43.21843501,428.96 -0.04733578,43.21843348,428.96 -0.04733714,43.21843204,428.96 -0.04733966,43.21842938,428.96 -0.04734198,43.21842693,428.96 -0.04734563,43.21842308,428.96 -0.04734878,43.21841975,428.96 -0.04735353,43.21841473,428.96 -0.04736003,43.21840787,428.96 -0.04738792,43.21837840,428.96 -0.04742424,43.21834003,428.96 -0.04746965,43.21829206,428.96 -0.04752692,43.21823157,428.96 -0.04754687,43.21821049,428.96 -0.04763109,43.21812153,428.96 -0.04770962,43.21803856,428.96 -0.04779096,43.21795263,428.96 -0.04787676,43.21786200,428.96 -0.04801435,43.21771665,428.96 -0.04811821,43.21760694,428.96 -0.04827811,43.21743803,428.96 -0.04840595,43.21730297,428.96 -0.04858632,43.21711244,428.96 -0.04872848,43.21696226,428.96 -0.04892667,43.21675289,428.96 -0.04908124,43.21658961,428.96 -0.04923937,43.21642256,428.96 -0.04945219,43.21619774,428.96 -0.04961159,43.21602936,428.96 -0.04982238,43.21580668,428.96 -0.04997852,43.21564174,428.96 -0.05018386,43.21542483,428.96 -0.05033577,43.21526435,428.96 -0.05053560,43.21505325,428.96 -0.05068314,43.21489740,428.96 -0.05087662,43.21469300,428.96 -0.05101975,43.21454180,428.96 -0.05121760,43.21433280,428.96 -0.05137248,43.21416919,428.96 -0.05153224,43.21400042,428.96 -0.05175158,43.21376872,428.96 -0.05191792,43.21359299,428.96 -0.05213631,43.21336229,428.96 -0.05229813,43.21319135,428.96 -0.05251011,43.21296742,428.96 -0.05266637,43.21280235,428.96 -0.05287124,43.21258592,428.96 -0.05302239,43.21242625,428.96 -0.05322073,43.21221673,428.96 -0.05336716,43.21206205,428.96 -0.05355944,43.21185893,428.96 -0.05370149,43.21170886,428.96 -0.05384177,43.21156068,428.96 -0.05402614,43.21136591,428.96 -0.05416247,43.21122189,428.96 -0.05434175,43.21103251,428.96 -0.05447439,43.21089239,428.96 -0.05464891,43.21070803,428.96 -0.05477810,43.21057156,428.96 -0.05494815,43.21039192,428.96 -0.05507409,43.21025888,428.96 -0.05523994,43.21008367,428.96 -0.05536282,43.20995387,428.96 -0.05552471,43.20978285,428.96 -0.05564469,43.20965610,428.96 -0.05576349,43.20953061,428.96 -0.05592008,43.20936519,428.96 -0.05603620,43.20924252,428.96 -0.05618931,43.20908078,428.96 -0.05630289,43.20896080,428.96 -0.05645269,43.20880255,428.96 -0.05656384,43.20868513,428.96 -0.05671049,43.20853021,428.96 -0.05681933,43.20841524,428.96 -0.05696296,43.20826351,428.96 -0.05703415,43.20818831,428.96 -0.05721033,43.20800220,428.96 -0.05731483,43.20789180,428.96 -0.05745279,43.20774606,428.96 -0.05755526,43.20763782,428.96 -0.05765687,43.20753048,428.96 -0.05779105,43.20738874,428.96 -0.05789072,43.20728344,428.96 -0.05802237,43.20714438,428.96 -0.05812017,43.20704106,428.96 -0.05824936,43.20690458,428.96 -0.05834535,43.20680318,428.96 -0.05847217,43.20666922,428.96 -0.05856640,43.20656967,428.96 -0.05869090,43.20643815,428.96 -0.05878343,43.20634040,428.96 -0.05890568,43.20621126,428.96 -0.05899654,43.20611528,428.96 -0.05908671,43.20602003,428.96 -0.05920584,43.20589417,428.96 -0.05929440,43.20580063,428.96 -0.05941142,43.20567701,428.96 -0.05949840,43.20558512,428.96 -0.05961334,43.20546370,428.96 -0.05969878,43.20537344,428.96 -0.05981169,43.20525417,428.96 -0.05989562,43.20516551,428.96 -0.06000652,43.20504836,428.96 -0.06008896,43.20496126,428.96 -0.06019790,43.20484618,428.96 -0.06027887,43.20476065,428.96 -0.06035923,43.20467576,428.96 -0.06046541,43.20456359,428.96 -0.06054434,43.20448021,428.96 -0.06064862,43.20437005,428.96 -0.06072613,43.20428817,428.96 -0.06082854,43.20417998,428.96 -0.06090466,43.20409958,428.96 -0.06100522,43.20399334,428.96 -0.06107996,43.20391439,428.96 -0.06117869,43.20381010,428.96 -0.06125207,43.20373258,428.96 -0.06134899,43.20363019,428.96 -0.06142101,43.20355411,428.96 -0.06149246,43.20347864,428.96 -0.06158684,43.20337894,428.96 -0.06165695,43.20330487,428.96 -0.06174957,43.20320703,428.96 -0.06181837,43.20313435,428.96 -0.06190923,43.20303837,428.96 -0.06197672,43.20296707,428.96 -0.06206585,43.20287292,428.96 -0.06213205,43.20280298,428.96 -0.06221947,43.20271063,428.96 -0.06228439,43.20264206,428.96 -0.06237010,43.20255151,428.96 -0.06243375,43.20248427,428.96 -0.06251778,43.20239550,428.96 -0.06258018,43.20232959,428.96 -0.06264203,43.20226425,428.96 -0.06272368,43.20217799,428.96 -0.06278430,43.20211396,428.96 -0.06286430,43.20202945,428.96 -0.06292369,43.20196671,428.96 -0.06300206,43.20188392,428.96 -0.06306023,43.20182247,428.96 -0.06313697,43.20174140,428.96 -0.06319394,43.20168122,428.96 -0.06326910,43.20160183,428.96 -0.06332486,43.20154292,428.96 -0.06339843,43.20146520,428.96 -0.06345302,43.20140753,428.96</coordinates></LineString></Placemark>
</Folder>
<Folder><name>SP02 J285</name><open>1</open>
<Placemark><name>alpha 80 nominal</name><description>Groupe : SP02 J285&lt;br/&gt;Fichier : alpha_80.csv&lt;br/&gt;Pas de tir : Rampe FusEx&lt;br/&gt;Azimut : 214.6°&lt;br/&gt;Apogée : 1034 m&lt;br/&gt;Portée : 459 m&lt;br/&gt;Points : 150 / 403&lt;br/&gt;Rideau : quadrillage_45</description><styleUrl>#s_v2_0</styleUrl><LineString><extrude>0</extrude><altitudeMode>absolute</altitudeMode><coordinates>-0.04733330,43.21843610,428.96 -0.04733331,43.21843609,428.96 -0.04733334,43.21843606,428.99 -0.04733344,43.21843595,429.05 -0.04733361,43.21843577,429.18 -0.04733378,43.21843560,429.31 -0.04733406,43.21843529,429.53 -0.04733446,43.21843488,429.83 -0.04733493,43.21843438,430.21 -0.04733530,43.21843399,430.50 -0.04733591,43.21843334,430.98 -0.04733661,43.21843261,431.53 -0.04733712,43.21843207,431.94 -0.04733795,43.21843118,432.60 -0.04733903,43.21843005,433.45 -0.04734102,43.21842795,435.01 -0.04734517,43.21842356,438.23 -0.04735294,43.21841536,444.14 -0.04736325,43.21840446,451.87 -0.04737135,43.21839590,457.86 -0.04738282,43.21838379,466.20 -0.04739880,43.21836691,477.55 -0.04741075,43.21835428,485.88 -0.04743058,43.21833334,499.45 -0.04743963,43.21832377,505.59 -0.04744414,43.21831901,508.63 -0.04746241,43.21829971,520.91 -0.04748726,43.21827346,537.40 -0.04751414,43.21824506,554.97 -0.04753155,43.21822667,566.24 -0.04756146,43.21819508,585.44 -0.04759318,43.21816157,605.57 -0.04761530,43.21813820,619.47 -0.04764983,43.21810172,641.00 -0.04768595,43.21806356,663.29 -0.04771089,43.21803722,678.55 -0.04774948,43.21799646,701.99 -0.04778928,43.21795441,725.94 -0.04782973,43.21791168,750.05 -0.04785683,43.21788306,766.08 -0.04789746,43.21784014,789.94 -0.04793790,43.21779742,813.47 -0.04796467,43.21776913,828.92 -0.04800452,43.21772704,851.73 -0.04804395,43.21768538,874.10 -0.04807002,43.21765785,888.76 -0.04810881,43.21761687,910.39 -0.04814711,43.21757641,931.53 -0.04818458,43.21753682,952.00 -0.04820912,43.21751090,965.28 -0.04824528,43.21747270,984.67 -0.04828071,43.21743528,1003.45 -0.04830394,43.21741074,1015.64 -0.04833823,43.21737451,1033.45 -0.04837189,43.21733896,1050.72 -0.04839399,43.21731561,1061.94 -0.04842666,43.21728110,1078.34 -0.04845877,43.21724717,1094.25 -0.04847990,43.21722486,1104.58 -0.04851115,43.21719184,1119.70 -0.04854192,43.21715934,1134.36 -0.04857222,43.21712733,1148.58 -0.04859218,43.21710625,1157.83 -0.04862176,43.21707500,1171.35 -0.04865092,43.21704419,1184.46 -0.04867014,43.21702388,1192.98 -0.04869867,43.21699375,1205.45 -0.04872683,43.21696401,1217.53 -0.04874540,43.21694438,1225.38 -0.04877299,43.21691524,1236.86 -0.04880025,43.21688644,1247.98 -0.04882720,43.21685797,1258.75 -0.04884501,43.21683916,1265.75 -0.04887146,43.21681121,1275.97 -0.04889765,43.21678355,1285.86 -0.04891495,43.21676527,1292.28 -0.04894070,43.21673808,1301.64 -0.04896619,43.21671115,1310.69 -0.04898305,43.21669334,1316.56 -0.04900815,43.21666682,1325.11 -0.04903303,43.21664054,1333.36 -0.04905769,43.21661449,1341.33 -0.04907402,43.21659724,1346.48 -0.04909834,43.21657155,1353.97 -0.04912247,43.21654606,1361.19 -0.04913845,43.21652917,1365.84 -0.04916227,43.21650401,1372.61 -0.04918592,43.21647903,1379.10 -0.04920159,43.21646247,1383.28 -0.04922497,43.21643777,1389.33 -0.04924819,43.21641325,1395.13 -0.04927126,43.21638888,1400.67 -0.04928656,43.21637271,1404.22 -0.04930939,43.21634859,1409.34 -0.04933208,43.21632462,1414.21 -0.04934714,43.21630872,1417.32 -0.04936962,43.21628497,1421.79 -0.04939198,43.21626135,1426.01 -0.04940682,43.21624567,1428.69 -0.04942899,43.21622225,1432.51 -0.04945104,43.21619896,1436.09 -0.04946568,43.21618349,1438.35 -0.04948756,43.21616038,1441.55 -0.04950933,43.21613738,1444.51 -0.04953101,43.21611448,1447.25 -0.04954541,43.21609927,1448.94 -0.04956693,43.21607654,1451.30 -0.04958836,43.21605390,1453.42 -0.04960259,43.21603887,1454.72 -0.04962387,43.21601639,1456.47 -0.04964507,43.21599399,1458.01 -0.04965915,43.21597911,1458.90 -0.04968022,43.21595686,1460.07 -0.04970120,43.21593469,1461.01 -0.04972211,43.21591260,1461.74 -0.04973602,43.21589791,1462.11 -0.04975682,43.21587594,1462.47 -0.04978444,43.21584676,1462.63 -0.04979133,43.21583949,1462.61 -0.04983247,43.21579602,1461.96 -0.04987363,43.21575255,1460.37 -0.04990106,43.21572357,1458.75 -0.04994226,43.21568005,1455.42 -0.04998362,43.21563635,1450.90 -0.05002532,43.21559230,1445.04 -0.05005342,43.21556261,1440.29 -0.05009623,43.21551739,1431.67 -0.05014013,43.21547102,1420.90 -0.05017020,43.21543926,1412.22 -0.05021692,43.21538990,1396.28 -0.05026619,43.21533785,1375.53 -0.05030092,43.21530116,1357.82 -0.05035677,43.21524216,1321.94 -0.05041551,43.21518011,1268.70 -0.05045848,43.21513472,1210.65 -0.05047925,43.21511278,1171.33 -0.05050187,43.21508888,1111.96 -0.05051716,43.21507274,1052.43 -0.05052446,43.21506502,1012.74 -0.05053236,43.21505667,953.28 -0.05053767,43.21505107,893.95 -0.05054020,43.21504840,854.47 -0.05054292,43.21504552,795.40 -0.05054474,43.21504360,736.49 -0.05054596,43.21504231,677.75 -0.05054654,43.21504170,638.69 -0.05054715,43.21504105,580.23 -0.05054757,43.21504061,521.93 -0.05054776,43.21504040,483.16 -0.05054796,43.21504019,428.96</coordinates></LineString></Placemark>
<Placemark><name>alpha 80 nominal — quadrillage_45</name><description>Motif : quadrillage_45 (45°, 135°)&lt;br/&gt;Pas : 150 m&lt;br/&gt;Segments : 12</description><styleUrl>#s_v2_0_m</styleUrl><MultiGeometry><LineString><altitudeMode>absolute</altitudeMode><coordinates>-0.05030635,43.21529543,398.96 -0.05054784,43.21504033,463.42</coordinates></LineString><LineString><altitudeMode>absolute</altitudeMode><coordinates>-0.04881982,43.21686576,398.96 -0.05054599,43.21504227,675.29</coordinates></LineString><LineString><altitudeMode>absolute</altitudeMode><coordinates>-0.04733330,43.21843610,398.96 -0.05053815,43.21505055,886.30</coordinates></LineString><LineString><altitudeMode>absolute</altitudeMode><coordinates>-0.04774624,43.21799988,700.02 -0.05050650,43.21508399,1093.92</coordinates></LineString><LineString><altitudeMode>absolute</altitudeMode><coordinates>-0.04824198,43.21747619,982.90 -0.05039229,43.21520465,1289.75</coordinates></LineString><LineString><altitudeMode>absolute</altitudeMode><coordinates>-0.04890964,43.21677089,1290.30 -0.05000952,43.21560899,1447.26</coordinates></LineString><LineString><altitudeMode>absolute</altitudeMode><coordinates>-0.05042113,43.21517418,1261.11 -0.04933869,43.21631764,1415.58</coordinates></LineString><LineString><altitudeMode>absolute</altitudeMode><coordinates>-0.05052040,43.21506931,1034.81 -0.04886040,43.21682290,1271.70</coordinates></LineString><LineString><altitudeMode>absolute</altitudeMode><coordinates>-0.05054180,43.21504670,819.62 -0.04849471,43.21720921,1111.75</coordinates></LineString><LineString><altitudeMode>absolute</altitudeMode><coordinates>-0.05054687,43.21504134,606.77 -0.04817279,43.21754928,945.56</coordinates></LineString><LineString><altitudeMode>absolute</altitudeMode><coordinates>-0.05030635,43.21529543,398.96 -0.04787386,43.21786506,776.08</coordinates></LineString><LineString><altitudeMode>absolute</altitudeMode><coordinates>-0.04881982,43.21686577,398.96 -0.04759117,43.21816369,604.29</coordinates></LineString></MultiGeometry></Placemark>
<Placemark><name>alpha 80 nominal — trace au sol</name><description>Projection au sol</description><styleUrl>#s_v2_0</styleUrl><LineString><tessellate>1</tessellate><altitudeMode>clampToGround</altitudeMode><coordinates>-0.04733330,43.21843610,428.96 -0.04733331,43.21843609,428.96 -0.04733334,43.21843606,428.96 -0.04733344,43.21843595,428.96 -0.04733361,43.21843577,428.96 -0.04733378,43.21843560,428.96 -0.04733406,43.21843529,428.96 -0.04733446,43.21843488,428.96 -0.04733493,43.21843438,428.96 -0.04733530,43.21843399,428.96 -0.04733591,43.21843334,428.96 -0.04733661,43.21843261,428.96 -0.04733712,43.21843207,428.96 -0.04733795,43.21843118,428.96 -0.04733903,43.21843005,428.96 -0.04734102,43.21842795,428.96 -0.04734517,43.21842356,428.96 -0.04735294,43.21841536,428.96 -0.04736325,43.21840446,428.96 -0.04737135,43.21839590,428.96 -0.04738282,43.21838379,428.96 -0.04739880,43.21836691,428.96 -0.04741075,43.21835428,428.96 -0.04743058,43.21833334,428.96 -0.04743963,43.21832377,428.96 -0.04744414,43.21831901,428.96 -0.04746241,43.21829971,428.96 -0.04748726,43.21827346,428.96 -0.04751414,43.21824506,428.96 -0.04753155,43.21822667,428.96 -0.04756146,43.21819508,428.96 -0.04759318,43.21816157,428.96 -0.04761530,43.21813820,428.96 -0.04764983,43.21810172,428.96 -0.04768595,43.21806356,428.96 -0.04771089,43.21803722,428.96 -0.04774948,43.21799646,428.96 -0.04778928,43.21795441,428.96 -0.04782973,43.21791168,428.96 -0.04785683,43.21788306,428.96 -0.04789746,43.21784014,428.96 -0.04793790,43.21779742,428.96 -0.04796467,43.21776913,428.96 -0.04800452,43.21772704,428.96 -0.04804395,43.21768538,428.96 -0.04807002,43.21765785,428.96 -0.04810881,43.21761687,428.96 -0.04814711,43.21757641,428.96 -0.04818458,43.21753682,428.96 -0.04820912,43.21751090,428.96 -0.04824528,43.21747270,428.96 -0.04828071,43.21743528,428.96 -0.04830394,43.21741074,428.96 -0.04833823,43.21737451,428.96 -0.04837189,43.21733896,428.96 -0.04839399,43.21731561,428.96 -0.04842666,43.21728110,428.96 -0.04845877,43.21724717,428.96 -0.04847990,43.21722486,428.96 -0.04851115,43.21719184,428.96 -0.04854192,43.21715934,428.96 -0.04857222,43.21712733,428.96 -0.04859218,43.21710625,428.96 -0.04862176,43.21707500,428.96 -0.04865092,43.21704419,428.96 -0.04867014,43.21702388,428.96 -0.04869867,43.21699375,428.96 -0.04872683,43.21696401,428.96 -0.04874540,43.21694438,428.96 -0.04877299,43.21691524,428.96 -0.04880025,43.21688644,428.96 -0.04882720,43.21685797,428.96 -0.04884501,43.21683916,428.96 -0.04887146,43.21681121,428.96 -0.04889765,43.21678355,428.96 -0.04891495,43.21676527,428.96 -0.04894070,43.21673808,428.96 -0.04896619,43.21671115,428.96 -0.04898305,43.21669334,428.96 -0.04900815,43.21666682,428.96 -0.04903303,43.21664054,428.96 -0.04905769,43.21661449,428.96 -0.04907402,43.21659724,428.96 -0.04909834,43.21657155,428.96 -0.04912247,43.21654606,428.96 -0.04913845,43.21652917,428.96 -0.04916227,43.21650401,428.96 -0.04918592,43.21647903,428.96 -0.04920159,43.21646247,428.96 -0.04922497,43.21643777,428.96 -0.04924819,43.21641325,428.96 -0.04927126,43.21638888,428.96 -0.04928656,43.21637271,428.96 -0.04930939,43.21634859,428.96 -0.04933208,43.21632462,428.96 -0.04934714,43.21630872,428.96 -0.04936962,43.21628497,428.96 -0.04939198,43.21626135,428.96 -0.04940682,43.21624567,428.96 -0.04942899,43.21622225,428.96 -0.04945104,43.21619896,428.96 -0.04946568,43.21618349,428.96 -0.04948756,43.21616038,428.96 -0.04950933,43.21613738,428.96 -0.04953101,43.21611448,428.96 -0.04954541,43.21609927,428.96 -0.04956693,43.21607654,428.96 -0.04958836,43.21605390,428.96 -0.04960259,43.21603887,428.96 -0.04962387,43.21601639,428.96 -0.04964507,43.21599399,428.96 -0.04965915,43.21597911,428.96 -0.04968022,43.21595686,428.96 -0.04970120,43.21593469,428.96 -0.04972211,43.21591260,428.96 -0.04973602,43.21589791,428.96 -0.04975682,43.21587594,428.96 -0.04978444,43.21584676,428.96 -0.04979133,43.21583949,428.96 -0.04983247,43.21579602,428.96 -0.04987363,43.21575255,428.96 -0.04990106,43.21572357,428.96 -0.04994226,43.21568005,428.96 -0.04998362,43.21563635,428.96 -0.05002532,43.21559230,428.96 -0.05005342,43.21556261,428.96 -0.05009623,43.21551739,428.96 -0.05014013,43.21547102,428.96 -0.05017020,43.21543926,428.96 -0.05021692,43.21538990,428.96 -0.05026619,43.21533785,428.96 -0.05030092,43.21530116,428.96 -0.05035677,43.21524216,428.96 -0.05041551,43.21518011,428.96 -0.05045848,43.21513472,428.96 -0.05047925,43.21511278,428.96 -0.05050187,43.21508888,428.96 -0.05051716,43.21507274,428.96 -0.05052446,43.21506502,428.96 -0.05053236,43.21505667,428.96 -0.05053767,43.21505107,428.96 -0.05054020,43.21504840,428.96 -0.05054292,43.21504552,428.96 -0.05054474,43.21504360,428.96 -0.05054596,43.21504231,428.96 -0.05054654,43.21504170,428.96 -0.05054715,43.21504105,428.96 -0.05054757,43.21504061,428.96 -0.05054776,43.21504040,428.96 -0.05054796,43.21504019,428.96</coordinates></LineString></Placemark>
<Placemark><name>beta 80 nominal</name><description>Groupe : SP02 J285&lt;br/&gt;Fichier : beta_80.csv&lt;br/&gt;Pas de tir : Rampe FusEx&lt;br/&gt;Azimut : 214.6°&lt;br/&gt;Apogée : 2191 m&lt;br/&gt;Portée : 975 m&lt;br/&gt;Points : 150 / 629&lt;br/&gt;Rideau : quadrillage_45</description><styleUrl>#s_v2_1</styleUrl><LineString><extrude>0</extrude><altitudeMode>absolute</altitudeMode><coordinates>-0.04733330,43.21843610,428.96 -0.04733332,43.21843608,428.97 -0.04733344,43.21843595,429.05 -0.04733378,43.21843560,429.31 -0.04733418,43.21843517,429.62 -0.04733476,43.21843455,430.08 -0.04733549,43.21843378,430.65 -0.04733661,43.21843261,431.53 -0.04733767,43.21843149,432.37 -0.04733903,43.21843005,433.45 -0.04734387,43.21842494,437.23 -0.04735294,43.21841536,444.14 -0.04737135,43.21839590,457.86 -0.04738788,43.21837844,469.83 -0.04741075,43.21835428,485.88 -0.04743766,43.21832586,504.25 -0.04744414,43.21831901,508.63 -0.04747874,43.21828246,531.78 -0.04751414,43.21824506,554.97 -0.04755129,43.21820582,578.93 -0.04759318,43.21816157,605.57 -0.04764983,43.21810172,641.00 -0.04769834,43.21805048,670.88 -0.04774948,43.21799646,701.99 -0.04780272,43.21794021,733.97 -0.04785683,43.21788306,766.08 -0.04792445,43.21781162,805.67 -0.04797800,43.21775505,836.58 -0.04803084,43.21769923,866.69 -0.04808299,43.21764414,896.02 -0.04813445,43.21758978,924.57 -0.04819769,43.21752297,959.11 -0.04824742,43.21747044,985.84 -0.04829911,43.21741583,1013.21 -0.04835683,43.21735486,1043.36 -0.04843775,43.21726938,1085.05 -0.04850947,43.21719362,1121.53 -0.04858702,43.21711169,1160.58 -0.04866997,43.21702406,1201.93 -0.04875788,43.21693120,1245.36 -0.04887391,43.21680863,1302.11 -0.04897077,43.21670630,1349.04 -0.04906848,43.21660309,1395.99 -0.04914558,43.21652165,1432.75 -0.04920295,43.21646104,1459.94 -0.04931817,43.21633933,1514.11 -0.04940756,43.21624489,1555.70 -0.04949469,43.21615285,1595.84 -0.04957969,43.21606306,1634.63 -0.04968317,43.21595374,1681.30 -0.04976389,43.21586847,1717.27 -0.04984290,43.21578501,1752.09 -0.04992029,43.21570326,1785.81 -0.04999616,43.21562311,1818.48 -0.05008898,43.21552505,1857.90 -0.05016173,43.21544820,1888.37 -0.05023320,43.21537271,1917.91 -0.05030347,43.21529847,1946.56 -0.05037259,43.21522545,1974.37 -0.05045747,43.21513578,2007.96 -0.05052422,43.21506527,2033.94 -0.05058999,43.21499579,2059.15 -0.05065483,43.21492730,2083.62 -0.05073464,43.21484299,2113.19 -0.05079754,43.21477654,2136.06 -0.05085964,43.21471094,2158.24 -0.05092097,43.21464615,2179.77 -0.05098157,43.21458213,2200.65 -0.05105633,43.21450316,2225.86 -0.05111539,43.21444077,2245.34 -0.05117381,43.21437906,2264.22 -0.05123162,43.21431799,2282.52 -0.05128883,43.21425755,2300.24 -0.05135957,43.21418283,2321.59 -0.05141555,43.21412369,2338.06 -0.05147102,43.21406510,2353.98 -0.05152598,43.21400703,2369.38 -0.05159403,43.21393514,2387.89 -0.05164796,43.21387818,2402.12 -0.05170145,43.21382167,2415.85 -0.05175452,43.21376561,2429.08 -0.05180720,43.21370996,2441.82 -0.05187248,43.21364099,2457.08 -0.05192431,43.21358625,2468.74 -0.05197578,43.21353188,2479.94 -0.05202690,43.21347788,2490.68 -0.05207769,43.21342422,2500.95 -0.05214073,43.21335762,2513.16 -0.05219083,43.21330470,2522.43 -0.05224064,43.21325208,2531.25 -0.05229016,43.21319977,2539.64 -0.05235169,43.21313477,2549.51 -0.05240061,43.21308309,2556.93 -0.05244929,43.21303167,2563.91 -0.05249773,43.21298050,2570.48 -0.05254593,43.21292958,2576.63 -0.05260587,43.21286626,2583.73 -0.05265357,43.21281587,2588.95 -0.05270106,43.21276570,2593.75 -0.05274836,43.21271574,2598.15 -0.05279545,43.21266598,2602.14 -0.05285405,43.21260408,2606.57 -0.05290073,43.21255477,2609.66 -0.05294722,43.21250566,2612.36 -0.05299354,43.21245673,2614.66 -0.05305122,43.21239580,2616.98 -0.05309716,43.21234726,2618.40 -0.05314297,43.21229888,2619.42 -0.05318861,43.21225067,2620.06 -0.05324545,43.21219062,2620.31 -0.05330945,43.21212301,2619.86 -0.05338133,43.21204707,2618.27 -0.05345444,43.21196984,2615.28 -0.05352811,43.21189202,2610.57 -0.05360184,43.21181413,2603.79 -0.05369391,43.21171687,2591.67 -0.05376780,43.21163882,2578.12 -0.05384253,43.21155988,2559.67 -0.05391899,43.21147910,2533.60 -0.05401864,43.21137384,2479.99 -0.05408561,43.21130309,2414.16 -0.05412226,43.21126438,2346.60 -0.05414202,43.21124349,2278.66 -0.05415263,43.21123229,2210.76 -0.05415924,43.21122531,2126.14 -0.05416183,43.21122257,2058.69 -0.05416320,43.21122112,1991.46 -0.05416393,43.21122035,1924.44 -0.05416431,43.21121995,1857.65 -0.05416455,43.21121970,1774.47 -0.05416464,43.21121961,1708.18 -0.05416469,43.21121955,1642.11 -0.05416471,43.21121952,1576.25 -0.05416473,43.21121951,1494.23 -0.05416473,43.21121951,1428.85 -0.05416474,43.21121950,1363.67 -0.05416474,43.21121950,1298.71 -0.05416474,43.21121950,1233.95 -0.05416474,43.21121950,1153.30 -0.05416474,43.21121950,1089.00 -0.05416474,43.21121950,1024.91 -0.05416474,43.21121950,961.01 -0.05416474,43.21121950,897.31 -0.05416473,43.21121951,817.96 -0.05416473,43.21121951,754.70 -0.05416473,43.21121951,691.64 -0.05416473,43.21121951,628.77 -0.05416473,43.21121951,550.46 -0.05416473,43.21121951,488.01 -0.05416473,43.21121951,428.96</coordinates></LineString></Placemark>
<Placemark><name>beta 80 nominal — quadrillage_45</name><description>Motif : quadrillage_45 (45°, 135°)&lt;br/&gt;Pas : 150 m&lt;br/&gt;Segments : 25</description><styleUrl>#s_v2_1_m</styleUrl><MultiGeometry><LineString><altitudeMode>absolute</altitudeMode><coordinates>-0.05327940,43.21215476,398.96 -0.05416473,43.21121950,555.30</coordinates></LineString><LineString><altitudeMode>absolute</altitudeMode><coordinates>-0.05179287,43.21372509,398.96 -0.05416473,43.21121950,767.43</coordinates></LineString><LineString><altitudeMode>absolute</altitudeMode><coordinates>-0.05030635,43.21529543,398.96 -0.05416473,43.21121950,979.56</coordinates></LineString><LineString><altitudeMode>absolute</altitudeMode><coordinates>-0.04881982,43.21686576,398.96 -0.05416473,43.21121950,1191.70</coordinates></LineString><LineString><altitudeMode>absolute</altitudeMode><coordinates>-0.04733330,43.21843610,398.96 -0.05416473,43.21121951,1403.83</coordinates></LineString><LineString><altitudeMode>absolute</altitudeMode><coordinates>-0.04774624,43.21799987,700.02 -0.05416470,43.21121954,1615.96</coordinates></LineString><LineString><altitudeMode>absolute</altitudeMode><coordinates>-0.04824193,43.21747624,982.89 -0.05416440,43.21121986,1828.04</coordinates></LineString><LineString><altitudeMode>absolute</altitudeMode><coordinates>-0.04882511,43.21686018,1278.24 -0.05416221,43.21122217,2039.86</coordinates></LineString><LineString><altitudeMode>absolute</altitudeMode><coordinates>-0.04946351,43.21618579,1581.48 -0.05414654,43.21123873,2249.76</coordinates></LineString><LineString><altitudeMode>absolute</altitudeMode><coordinates>-0.05017976,43.21542916,1895.82 -0.05405093,43.21133972,2448.25</coordinates></LineString><LineString><altitudeMode>absolute</altitudeMode><coordinates>-0.05109469,43.21446264,2238.52 -0.05362915,43.21178528,2600.19</coordinates></LineString><LineString><altitudeMode>absolute</altitudeMode><coordinates>-0.05406053,43.21132958,2438.81 -0.05287514,43.21258181,2607.97</coordinates></LineString><LineString><altitudeMode>absolute</altitudeMode><coordinates>-0.05415218,43.21123276,2213.60 -0.05210350,43.21339695,2505.95</coordinates></LineString><LineString><altitudeMode>absolute</altitudeMode><coordinates>-0.05416303,43.21122131,1999.92 -0.05154251,43.21398957,2373.88</coordinates></LineString><LineString><altitudeMode>absolute</altitudeMode><coordinates>-0.05416451,43.21121974,1787.58 -0.05106746,43.21449140,2229.53</coordinates></LineString><LineString><altitudeMode>absolute</altitudeMode><coordinates>-0.05416471,43.21121953,1575.41 -0.05064073,43.21494219,2078.30</coordinates></LineString><LineString><altitudeMode>absolute</altitudeMode><coordinates>-0.05416474,43.21121950,1363.28 -0.05024485,43.21536039,1922.66</coordinates></LineString><LineString><altitudeMode>absolute</altitudeMode><coordinates>-0.05416474,43.21121950,1151.15 -0.04987021,43.21575615,1763.99</coordinates></LineString><LineString><altitudeMode>absolute</altitudeMode><coordinates>-0.05416474,43.21121950,939.02 -0.04951072,43.21613591,1603.16</coordinates></LineString><LineString><altitudeMode>absolute</altitudeMode><coordinates>-0.05416474,43.21121950,726.88 -0.04916242,43.21650386,1440.73</coordinates></LineString><LineString><altitudeMode>absolute</altitudeMode><coordinates>-0.05416474,43.21121950,514.75 -0.04882272,43.21686270,1277.07</coordinates></LineString><LineString><altitudeMode>absolute</altitudeMode><coordinates>-0.05327939,43.21215476,398.96 -0.04849122,43.21721289,1112.25</coordinates></LineString><LineString><altitudeMode>absolute</altitudeMode><coordinates>-0.05179287,43.21372509,398.96 -0.04817286,43.21754921,945.55</coordinates></LineString><LineString><altitudeMode>absolute</altitudeMode><coordinates>-0.05030635,43.21529543,398.96 -0.04787390,43.21786502,776.08</coordinates></LineString><LineString><altitudeMode>absolute</altitudeMode><coordinates>-0.04881982,43.21686577,398.96 -0.04759118,43.21816368,604.29</coordinates></LineString></MultiGeometry></Placemark>
<Placemark><name>beta 80 nominal — trace au sol</name><description>Projection au sol</description><styleUrl>#s_v2_1</styleUrl><LineString><tessellate>1</tessellate><altitudeMode>clampToGround</altitudeMode><coordinates>-0.04733330,43.21843610,428.96 -0.04733332,43.21843608,428.96 -0.04733344,43.21843595,428.96 -0.04733378,43.21843560,428.96 -0.04733418,43.21843517,428.96 -0.04733476,43.21843455,428.96 -0.04733549,43.21843378,428.96 -0.04733661,43.21843261,428.96 -0.04733767,43.21843149,428.96 -0.04733903,43.21843005,428.96 -0.04734387,43.21842494,428.96 -0.04735294,43.21841536,428.96 -0.04737135,43.21839590,428.96 -0.04738788,43.21837844,428.96 -0.04741075,43.21835428,428.96 -0.04743766,43.21832586,428.96 -0.04744414,43.21831901,428.96 -0.04747874,43.21828246,428.96 -0.04751414,43.21824506,428.96 -0.04755129,43.21820582,428.96 -0.04759318,43.21816157,428.96 -0.04764983,43.21810172,428.96 -0.04769834,43.21805048,428.96 -0.04774948,43.21799646,428.96 -0.04780272,43.21794021,428.96 -0.04785683,43.21788306,428.96 -0.04792445,43.21781162,428.96 -0.04797800,43.21775505,428.96 -0.04803084,43.21769923,428.96 -0.04808299,43.21764414,428.96 -0.04813445,43.21758978,428.96 -0.04819769,43.21752297,428.96 -0.04824742,43.21747044,428.96 -0.04829911,43.21741583,428.96 -0.04835683,43.21735486,428.96 -0.04843775,43.21726938,428.96 -0.04850947,43.21719362,428.96 -0.04858702,43.21711169,428.96 -0.04866997,43.21702406,428.96 -0.04875788,43.21693120,428.96 -0.04887391,43.21680863,428.96 -0.04897077,43.21670630,428.96 -0.04906848,43.21660309,428.96 -0.04914558,43.21652165,428.96 -0.04920295,43.21646104,428.96 -0.04931817,43.21633933,428.96 -0.04940756,43.21624489,428.96 -0.04949469,43.21615285,428.96 -0.04957969,43.21606306,428.96 -0.04968317,43.21595374,428.96 -0.04976389,43.21586847,428.96 -0.04984290,43.21578501,428.96 -0.04992029,43.21570326,428.96 -0.04999616,43.21562311,428.96 -0.05008898,43.21552505,428.96 -0.05016173,43.21544820,428.96 -0.05023320,43.21537271,428.96 -0.05030347,43.21529847,428.96 -0.05037259,43.21522545,428.96 -0.05045747,43.21513578,428.96 -0.05052422,43.21506527,428.96 -0.05058999,43.21499579,428.96 -0.05065483,43.21492730,428.96 -0.05073464,43.21484299,428.96 -0.05079754,43.21477654,428.96 -0.05085964,43.21471094,428.96 -0.05092097,43.21464615,428.96 -0.05098157,43.21458213,428.96 -0.05105633,43.21450316,428.96 -0.05111539,43.21444077,428.96 -0.05117381,43.21437906,428.96 -0.05123162,43.21431799,428.96 -0.05128883,43.21425755,428.96 -0.05135957,43.21418283,428.96 -0.05141555,43.21412369,428.96 -0.05147102,43.21406510,428.96 -0.05152598,43.21400703,428.96 -0.05159403,43.21393514,428.96 -0.05164796,43.21387818,428.96 -0.05170145,43.21382167,428.96 -0.05175452,43.21376561,428.96 -0.05180720,43.21370996,428.96 -0.05187248,43.21364099,428.96 -0.05192431,43.21358625,428.96 -0.05197578,43.21353188,428.96 -0.05202690,43.21347788,428.96 -0.05207769,43.21342422,428.96 -0.05214073,43.21335762,428.96 -0.05219083,43.21330470,428.96 -0.05224064,43.21325208,428.96 -0.05229016,43.21319977,428.96 -0.05235169,43.21313477,428.96 -0.05240061,43.21308309,428.96 -0.05244929,43.21303167,428.96 -0.05249773,43.21298050,428.96 -0.05254593,43.21292958,428.96 -0.05260587,43.21286626,428.96 -0.05265357,43.21281587,428.96 -0.05270106,43.21276570,428.96 -0.05274836,43.21271574,428.96 -0.05279545,43.21266598,428.96 -0.05285405,43.21260408,428.96 -0.05290073,43.21255477,428.96 -0.05294722,43.21250566,428.96 -0.05299354,43.21245673,428.96 -0.05305122,43.21239580,428.96 -0.05309716,43.21234726,428.96 -0.05314297,43.21229888,428.96 -0.05318861,43.21225067,428.96 -0.05324545,43.21219062,428.96 -0.05330945,43.21212301,428.96 -0.05338133,43.21204707,428.96 -0.05345444,43.21196984,428.96 -0.05352811,43.21189202,428.96 -0.05360184,43.21181413,428.96 -0.05369391,43.21171687,428.96 -0.05376780,43.21163882,428.96 -0.05384253,43.21155988,428.96 -0.05391899,43.21147910,428.96 -0.05401864,43.21137384,428.96 -0.05408561,43.21130309,428.96 -0.05412226,43.21126438,428.96 -0.05414202,43.21124349,428.96 -0.05415263,43.21123229,428.96 -0.05415924,43.21122531,428.96 -0.05416183,43.21122257,428.96 -0.05416320,43.21122112,428.96 -0.05416393,43.21122035,428.96 -0.05416431,43.21121995,428.96 -0.05416455,43.21121970,428.96 -0.05416464,43.21121961,428.96 -0.05416469,43.21121955,428.96 -0.05416471,43.21121952,428.96 -0.05416473,43.21121951,428.96 -0.05416473,43.21121951,428.96 -0.05416474,43.21121950,428.96 -0.05416474,43.21121950,428.96 -0.05416474,43.21121950,428.96 -0.05416474,43.21121950,428.96 -0.05416474,43.21121950,428.96 -0.05416474,43.21121950,428.96 -0.05416474,43.21121950,428.96 -0.05416474,43.21121950,428.96 -0.05416473,43.21121951,428.96 -0.05416473,43.21121951,428.96 -0.05416473,43.21121951,428.96 -0.05416473,43.21121951,428.96 -0.05416473,43.21121951,428.96 -0.05416473,43.21121951,428.96 -0.05416473,43.21121951,428.96</coordinates></LineString></Placemark>
<Placemark><name>alpha 45 nominal</name><description>Groupe : SP02 J285&lt;br/&gt;Fichier : alpha_45.csv&lt;br/&gt;Pas de tir : Rampe FusEx&lt;br/&gt;Azimut : 214.6°&lt;br/&gt;Apogée : 472 m&lt;br/&gt;Portée : 1573 m&lt;br/&gt;Points : 150 / 457&lt;br/&gt;Rideau : quadrillage_45</description><styleUrl>#s_v2_2</styleUrl><LineString><extrude>0</extrude><altitudeMode>absolute</altitudeMode><coordinates>-0.04733330,43.21843610,428.96 -0.04733334,43.21843606,428.96 -0.04733360,43.21843578,428.99 -0.04733404,43.21843532,429.04 -0.04733493,43.21843438,429.15 -0.04733615,43.21843309,429.31 -0.04733758,43.21843158,429.50 -0.04733947,43.21842958,429.76 -0.04734171,43.21842722,430.06 -0.04734524,43.21842349,430.54 -0.04734830,43.21842026,430.97 -0.04735169,43.21841667,431.44 -0.04735610,43.21841202,432.04 -0.04737253,43.21839466,434.27 -0.04739698,43.21836882,437.49 -0.04743517,43.21832849,442.42 -0.04748221,43.21827879,448.35 -0.04752120,43.21823761,453.14 -0.04754061,43.21821710,455.49 -0.04759905,43.21815537,462.37 -0.04767258,43.21807769,470.73 -0.04775459,43.21799105,479.82 -0.04779982,43.21794328,484.77 -0.04789388,43.21784392,494.91 -0.04799576,43.21773629,505.62 -0.04813482,43.21758939,519.91 -0.04825290,43.21746465,531.81 -0.04837768,43.21733284,544.14 -0.04850873,43.21719440,556.87 -0.04864571,43.21704970,569.95 -0.04878833,43.21689903,583.34 -0.04893622,43.21674281,597.01 -0.04908886,43.21658156,610.88 -0.04924430,43.21641736,624.80 -0.04940074,43.21625210,638.57 -0.04955696,43.21608707,652.12 -0.04971227,43.21592300,665.36 -0.04986611,43.21576049,678.26 -0.05001826,43.21559976,690.79 -0.05016873,43.21544081,702.97 -0.05031755,43.21528359,714.80 -0.05046466,43.21512819,726.28 -0.05065573,43.21492635,740.84 -0.05079499,43.21477924,751.20 -0.05093100,43.21463556,761.10 -0.05106393,43.21449513,770.57 -0.05119394,43.21435780,779.60 -0.05132117,43.21422339,788.22 -0.05144577,43.21409176,796.45 -0.05156785,43.21396280,804.30 -0.05168754,43.21383636,811.77 -0.05180494,43.21371235,818.88 -0.05192015,43.21359064,825.64 -0.05203327,43.21347115,832.06 -0.05214437,43.21335378,838.15 -0.05225355,43.21323844,843.91 -0.05236090,43.21312504,849.36 -0.05246646,43.21301353,854.50 -0.05260456,43.21286764,860.89 -0.05270623,43.21276023,865.34 -0.05280635,43.21265447,869.50 -0.05290495,43.21255031,873.38 -0.05300210,43.21244769,876.98 -0.05309784,43.21234655,880.31 -0.05319222,43.21224685,883.38 -0.05328528,43.21214854,886.19 -0.05337707,43.21205157,888.74 -0.05346763,43.21195592,891.03 -0.05355698,43.21186153,893.08 -0.05364516,43.21176837,894.89 -0.05373222,43.21167640,896.45 -0.05381818,43.21158559,897.77 -0.05390307,43.21149592,898.86 -0.05398693,43.21140734,899.72 -0.05406977,43.21131982,900.34 -0.05417869,43.21120476,900.83 -0.05425927,43.21111964,900.93 -0.05433891,43.21103551,900.82 -0.05441764,43.21095234,900.49 -0.05449548,43.21087011,899.94 -0.05457244,43.21078881,899.18 -0.05464856,43.21070840,898.21 -0.05472383,43.21062888,897.03 -0.05479829,43.21055022,895.65 -0.05487195,43.21047241,894.06 -0.05494482,43.21039543,892.27 -0.05501692,43.21031928,890.29 -0.05508825,43.21024392,888.10 -0.05515883,43.21016937,885.72 -0.05522867,43.21009558,883.14 -0.05529779,43.21002256,880.38 -0.05536620,43.20995030,877.42 -0.05545632,43.20985510,873.18 -0.05552309,43.20978456,869.79 -0.05558919,43.20971474,866.21 -0.05565460,43.20964564,862.45 -0.05571936,43.20957723,858.51 -0.05578345,43.20950952,854.39 -0.05584690,43.20944250,850.09 -0.05590969,43.20937617,845.62 -0.05597185,43.20931050,840.97 -0.05603337,43.20924551,836.15 -0.05609427,43.20918118,831.16 -0.05615455,43.20911750,826.00 -0.05621421,43.20905448,820.68 -0.05627326,43.20899209,815.19 -0.05633171,43.20893035,809.54 -0.05638956,43.20886924,803.73 -0.05646577,43.20878874,795.74 -0.05652223,43.20872909,789.56 -0.05657810,43.20867007,783.22 -0.05663340,43.20861165,776.73 -0.05668812,43.20855385,770.10 -0.05674226,43.20849665,763.31 -0.05679583,43.20844007,756.37 -0.05684883,43.20838407,749.29 -0.05690127,43.20832868,742.06 -0.05695314,43.20827388,734.70 -0.05700446,43.20821967,727.19 -0.05705523,43.20816604,719.54 -0.05710544,43.20811300,711.76 -0.05715510,43.20806054,703.85 -0.05720422,43.20800865,695.80 -0.05725280,43.20795733,687.62 -0.05730083,43.20790659,679.32 -0.05736405,43.20783981,668.04 -0.05741084,43.20779038,659.45 -0.05745710,43.20774151,650.73 -0.05750283,43.20769320,641.89 -0.05754805,43.20764543,632.93 -0.05759275,43.20759822,623.86 -0.05763692,43.20755155,614.67 -0.05768059,43.20750542,605.37 -0.05772374,43.20745984,595.95 -0.05776639,43.20741479,586.43 -0.05780852,43.20737027,576.81 -0.05785017,43.20732628,567.08 -0.05789131,43.20728282,557.25 -0.05793196,43.20723988,547.31 -0.05797212,43.20719746,537.28 -0.05801178,43.20715555,527.15 -0.05806393,43.20710047,513.49 -0.05810247,43.20705976,503.14 -0.05814054,43.20701954,492.70 -0.05817814,43.20697982,482.17 -0.05821526,43.20694060,471.55 -0.05825192,43.20690188,460.85 -0.05828811,43.20686365,450.06 -0.05832385,43.20682589,439.19 -0.05835913,43.20678862,428.25</coordinates></LineString></Placemark>
<Placemark><name>alpha 45 nominal — quadrillage_45</name><description>Motif : quadrillage_45 (45°, 135°)&lt;br/&gt;Pas : 150 m&lt;br/&gt;Segments : 14</description><styleUrl>#s_v2_2_m</styleUrl><MultiGeometry><LineString><altitudeMode>absolute</altitudeMode><coordinates>-0.05773897,43.20744375,398.96 -0.05815576,43.20700346,488.44</coordinates></LineString><LineString><altitudeMode>absolute</altitudeMode><coordinates>-0.05625244,43.20901409,398.96 -0.05760309,43.20758729,621.70</coordinates></LineString><LineString><altitudeMode>absolute</altitudeMode><coordinates>-0.05476592,43.21058442,398.96 -0.05693071,43.20829758,737.88</coordinates></LineString><LineString><altitudeMode>absolute</altitudeMode><coordinates>-0.05327940,43.21215476,398.96 -0.05609650,43.20917882,830.97</coordinates></LineString><LineString><altitudeMode>absolute</altitudeMode><coordinates>-0.05179287,43.21372509,398.96 -0.05502409,43.21031170,890.07</coordinates></LineString><LineString><altitudeMode>absolute</altitudeMode><coordinates>-0.05030635,43.21529543,398.96 -0.05355900,43.21185939,893.12</coordinates></LineString><LineString><altitudeMode>absolute</altitudeMode><coordinates>-0.04881982,43.21686576,398.96 -0.05135134,43.21419152,790.22</coordinates></LineString><LineString><altitudeMode>absolute</altitudeMode><coordinates>-0.05773897,43.20744375,398.96 -0.05443561,43.21093336,900.36</coordinates></LineString><LineString><altitudeMode>absolute</altitudeMode><coordinates>-0.05625244,43.20901409,398.96 -0.05309119,43.21235357,880.08</coordinates></LineString><LineString><altitudeMode>absolute</altitudeMode><coordinates>-0.05476592,43.21058442,398.96 -0.05196738,43.21354074,828.32</coordinates></LineString><LineString><altitudeMode>absolute</altitudeMode><coordinates>-0.05327940,43.21215476,398.96 -0.05094493,43.21462084,762.10</coordinates></LineString><LineString><altitudeMode>absolute</altitudeMode><coordinates>-0.05179287,43.21372509,398.96 -0.04998010,43.21564007,687.65</coordinates></LineString><LineString><altitudeMode>absolute</altitudeMode><coordinates>-0.05030635,43.21529543,398.96 -0.04905383,43.21661857,607.70</coordinates></LineString><LineString><altitudeMode>absolute</altitudeMode><coordinates>-0.04881982,43.21686576,398.96 -0.04816275,43.21755989,522.73</coordinates></LineString></MultiGeometry></Placemark>
<Placemark><name>alpha 45 nominal — trace au sol</name><description>Projection au sol</description><styleUrl>#s_v2_2</styleUrl><LineString><tessellate>1</tessellate><altitudeMode>clampToGround</altitudeMode><coordinates>-0.04733330,43.21843610,428.96 -0.04733334,43.21843606,428.96 -0.04733360,43.21843578,428.96 -0.04733404,43.21843532,428.96 -0.04733493,43.21843438,428.96 -0.04733615,43.21843309,428.96 -0.04733758,43.21843158,428.96 -0.04733947,43.21842958,428.96 -0.04734171,43.21842722,428.96 -0.04734524,43.21842349,428.96 -0.04734830,43.21842026,428.96 -0.04735169,43.21841667,428.96 -0.04735610,43.21841202,428.96 -0.04737253,43.21839466,428.96 -0.04739698,43.21836882,428.96 -0.04743517,43.21832849,428.96 -0.04748221,43.21827879,428.96 -0.04752120,43.21823761,428.96 -0.04754061,43.21821710,428.96 -0.04759905,43.21815537,428.96 -0.04767258,43.21807769,428.96 -0.04775459,43.21799105,428.96 -0.04779982,43.21794328,428.96 -0.04789388,43.21784392,428.96 -0.04799576,43.21773629,428.96 -0.04813482,43.21758939,428.96 -0.04825290,43.21746465,428.96 -0.04837768,43.21733284,428.96 -0.04850873,43.21719440,428.96 -0.04864571,43.21704970,428.96 -0.04878833,43.21689903,428.96 -0.04893622,43.21674281,428.96 -0.04908886,43.21658156,428.96 -0.04924430,43.21641736,428.96 -0.04940074,43.21625210,428.96 -0.04955696,43.21608707,428.96 -0.04971227,43.21592300,428.96 -0.04986611,43.21576049,428.96 -0.05001826,43.21559976,428.96 -0.05016873,43.21544081,428.96 -0.05031755,43.21528359,428.96 -0.05046466,43.21512819,428.96 -0.05065573,43.21492635,428.96 -0.05079499,43.21477924,428.96 -0.05093100,43.21463556,428.96 -0.05106393,43.21449513,428.96 -0.05119394,43.21435780,428.96 -0.05132117,43.21422339,428.96 -0.05144577,43.21409176,428.96 -0.05156785,43.21396280,428.96 -0.05168754,43.21383636,428.96 -0.05180494,43.21371235,428.96 -0.05192015,43.21359064,428.96 -0.05203327,43.21347115,428.96 -0.05214437,43.21335378,428.96 -0.05225355,43.21323844,428.96 -0.05236090,43.21312504,428.96 -0.05246646,43.21301353,428.96 -0.05260456,43.21286764,428.96 -0.05270623,43.21276023,428.96 -0.05280635,43.21265447,428.96 -0.05290495,43.21255031,428.96 -0.05300210,43.21244769,428.96 -0.05309784,43.21234655,428.96 -0.05319222,43.21224685,428.96 -0.05328528,43.21214854,428.96 -0.05337707,43.21205157,428.96 -0.05346763,43.21195592,428.96 -0.05355698,43.21186153,428.96 -0.05364516,43.21176837,428.96 -0.05373222,43.21167640,428.96 -0.05381818,43.21158559,428.96 -0.05390307,43.21149592,428.96 -0.05398693,43.21140734,428.96 -0.05406977,43.21131982,428.96 -0.05417869,43.21120476,428.96 -0.05425927,43.21111964,428.96 -0.05433891,43.21103551,428.96 -0.05441764,43.21095234,428.96 -0.05449548,43.21087011,428.96 -0.05457244,43.21078881,428.96 -0.05464856,43.21070840,428.96 -0.05472383,43.21062888,428.96 -0.05479829,43.21055022,428.96 -0.05487195,43.21047241,428.96 -0.05494482,43.21039543,428.96 -0.05501692,43.21031928,428.96 -0.05508825,43.21024392,428.96 -0.05515883,43.21016937,428.96 -0.05522867,43.21009558,428.96 -0.05529779,43.21002256,428.96 -0.05536620,43.20995030,428.96 -0.05545632,43.20985510,428.96 -0.05552309,43.20978456,428.96 -0.05558919,43.20971474,428.96 -0.05565460,43.20964564,428.96 -0.05571936,43.20957723,428.96 -0.05578345,43.20950952,428.96 -0.05584690,43.20944250,428.96 -0.05590969,43.20937617,428.96 -0.05597185,43.20931050,428.96 -0.05603337,43.20924551,428.96 -0.05609427,43.20918118,428.96 -0.05615455,43.20911750,428.96 -0.05621421,43.20905448,428.96 -0.05627326,43.20899209,428.96 -0.05633171,43.20893035,428.96 -0.05638956,43.20886924,428.96 -0.05646577,43.20878874,428.96 -0.05652223,43.20872909,428.96 -0.05657810,43.20867007,428.96 -0.05663340,43.20861165,428.96 -0.05668812,43.20855385,428.96 -0.05674226,43.20849665,428.96 -0.05679583,43.20844007,428.96 -0.05684883,43.20838407,428.96 -0.05690127,43.20832868,428.96 -0.05695314,43.20827388,428.96 -0.05700446,43.20821967,428.96 -0.05705523,43.20816604,428.96 -0.05710544,43.20811300,428.96 -0.05715510,43.20806054,428.96 -0.05720422,43.20800865,428.96 -0.05725280,43.20795733,428.96 -0.05730083,43.20790659,428.96 -0.05736405,43.20783981,428.96 -0.05741084,43.20779038,428.96 -0.05745710,43.20774151,428.96 -0.05750283,43.20769320,428.96 -0.05754805,43.20764543,428.96 -0.05759275,43.20759822,428.96 -0.05763692,43.20755155,428.96 -0.05768059,43.20750542,428.96 -0.05772374,43.20745984,428.96 -0.05776639,43.20741479,428.96 -0.05780852,43.20737027,428.96 -0.05785017,43.20732628,428.96 -0.05789131,43.20728282,428.96 -0.05793196,43.20723988,428.96 -0.05797212,43.20719746,428.96 -0.05801178,43.20715555,428.96 -0.05806393,43.20710047,428.96 -0.05810247,43.20705976,428.96 -0.05814054,43.20701954,428.96 -0.05817814,43.20697982,428.96 -0.05821526,43.20694060,428.96 -0.05825192,43.20690188,428.96 -0.05828811,43.20686365,428.96 -0.05832385,43.20682589,428.96 -0.05835913,43.20678862,428.96</coordinates></LineString></Placemark>
<Placemark><name>beta 45 nominal</name><description>Groupe : SP02 J285&lt;br/&gt;Fichier : beta_45.csv&lt;br/&gt;Pas de tir : Rampe FusEx&lt;br/&gt;Azimut : 214.6°&lt;br/&gt;Apogée : 779 m&lt;br/&gt;Portée : 3169 m&lt;br/&gt;Points : 150 / 599&lt;br/&gt;Rideau : quadrillage_45</description><styleUrl>#s_v2_3</styleUrl><LineString><extrude>0</extrude><altitudeMode>absolute</altitudeMode><coordinates>-0.04733330,43.21843610,428.96 -0.04733338,43.21843601,428.97 -0.04733387,43.21843549,429.02 -0.04733493,43.21843438,429.15 -0.04733651,43.21843271,429.36 -0.04733880,43.21843029,429.67 -0.04734171,43.21842722,430.06 -0.04734524,43.21842349,430.54 -0.04734939,43.21841910,431.12 -0.04735415,43.21841407,431.78 -0.04737253,43.21839466,434.27 -0.04740873,43.21835642,439.02 -0.04746554,43.21829640,446.26 -0.04752120,43.21823761,453.14 -0.04755499,43.21820191,457.20 -0.04764710,43.21810461,467.86 -0.04775459,43.21799105,479.82 -0.04783030,43.21791108,488.08 -0.04796094,43.21777307,501.99 -0.04809698,43.21762936,516.05 -0.04825290,43.21746465,531.81 -0.04842069,43.21728740,548.34 -0.04859940,43.21709861,565.56 -0.04878833,43.21689903,583.34 -0.04898664,43.21668954,601.62 -0.04919230,43.21647229,620.17 -0.04940074,43.21625210,638.57 -0.04960886,43.21603224,656.57 -0.04981501,43.21581446,674.00 -0.05001826,43.21559976,690.79 -0.05021852,43.21538821,706.96 -0.05041588,43.21517972,722.50 -0.05061009,43.21497456,737.40 -0.05080092,43.21477297,751.65 -0.05099039,43.21457282,765.42 -0.05119546,43.21435619,779.90 -0.05142076,43.21411819,795.40 -0.05166632,43.21385878,811.88 -0.05200055,43.21350571,833.75 -0.05228775,43.21320231,852.08 -0.05259070,43.21288228,871.01 -0.05290753,43.21254759,890.41 -0.05323626,43.21220032,910.15 -0.05357322,43.21184437,929.98 -0.05390839,43.21149030,949.32 -0.05411405,43.21127305,960.98 -0.05436551,43.21100741,975.04 -0.05467833,43.21067695,992.18 -0.05498172,43.21035646,1008.42 -0.05527632,43.21004525,1023.80 -0.05556275,43.20974266,1038.37 -0.05584154,43.20944816,1052.16 -0.05611315,43.20916124,1065.21 -0.05637800,43.20888145,1077.56 -0.05663651,43.20860837,1089.21 -0.05688899,43.20834165,1100.22 -0.05713579,43.20808093,1110.58 -0.05737720,43.20782592,1120.33 -0.05761347,43.20757633,1129.49 -0.05784487,43.20733188,1138.07 -0.05807161,43.20709236,1146.10 -0.05829392,43.20685752,1153.57 -0.05851198,43.20662715,1160.52 -0.05872599,43.20640108,1166.95 -0.05893611,43.20617912,1172.88 -0.05914249,43.20596109,1178.31 -0.05934529,43.20574686,1183.26 -0.05954465,43.20553626,1187.74 -0.05974069,43.20532918,1191.75 -0.05993353,43.20512546,1195.31 -0.06012330,43.20492499,1198.43 -0.06031009,43.20472767,1201.11 -0.06049401,43.20453338,1203.36 -0.06067515,43.20434203,1205.19 -0.06085360,43.20415351,1206.60 -0.06102945,43.20396775,1207.61 -0.06120277,43.20378465,1208.21 -0.06137365,43.20360415,1208.41 -0.06154214,43.20342615,1208.23 -0.06170833,43.20325060,1207.66 -0.06187226,43.20307742,1206.70 -0.06203401,43.20290655,1205.38 -0.06219363,43.20273794,1203.68 -0.06235116,43.20257152,1201.61 -0.06250668,43.20240723,1199.18 -0.06266022,43.20224504,1196.39 -0.06281182,43.20208488,1193.25 -0.06296155,43.20192672,1189.77 -0.06310942,43.20177051,1185.93 -0.06325549,43.20161621,1181.75 -0.06339979,43.20146377,1177.24 -0.06354235,43.20131317,1172.39 -0.06368322,43.20116436,1167.21 -0.06382242,43.20101730,1161.70 -0.06395998,43.20087199,1155.87 -0.06409594,43.20072837,1149.72 -0.06423031,43.20058642,1143.25 -0.06436313,43.20044611,1136.46 -0.06449443,43.20030741,1129.37 -0.06462422,43.20017030,1121.96 -0.06475253,43.20003476,1114.25 -0.06487937,43.19990077,1106.25 -0.06500478,43.19976829,1097.94 -0.06512876,43.19963731,1089.34 -0.06525135,43.19950782,1080.44 -0.06537255,43.19937978,1071.26 -0.06549239,43.19925318,1061.79 -0.06561088,43.19912802,1052.04 -0.06572803,43.19900426,1042.01 -0.06584387,43.19888189,1031.71 -0.06595840,43.19876090,1021.13 -0.06607164,43.19864127,1010.28 -0.06621140,43.19849364,996.34 -0.06632178,43.19837703,984.89 -0.06643092,43.19826174,973.19 -0.06653882,43.19814776,961.23 -0.06664550,43.19803507,949.01 -0.06675095,43.19792366,936.54 -0.06685521,43.19781353,923.83 -0.06695827,43.19770466,910.88 -0.06706015,43.19759704,897.68 -0.06716085,43.19749065,884.24 -0.06726039,43.19738550,870.57 -0.06735878,43.19728157,856.67 -0.06745602,43.19717885,842.54 -0.06755213,43.19707732,828.19 -0.06764710,43.19697699,813.62 -0.06774096,43.19687784,798.83 -0.06783370,43.19677987,783.83 -0.06792535,43.19668306,768.61 -0.06801590,43.19658740,753.18 -0.06810536,43.19649289,737.56 -0.06819375,43.19639952,721.73 -0.06828106,43.19630728,705.70 -0.06836732,43.19621616,689.48 -0.06845252,43.19612616,673.07 -0.06853668,43.19603726,656.47 -0.06861979,43.19594945,639.68 -0.06870188,43.19586274,622.71 -0.06878294,43.19577711,605.57 -0.06886300,43.19569254,588.25 -0.06894204,43.19560904,570.76 -0.06902009,43.19552659,553.10 -0.06909713,43.19544520,535.28 -0.06917321,43.19536484,517.29 -0.06924830,43.19528551,499.15 -0.06932243,43.19520721,480.85 -0.06939559,43.19512992,462.40 -0.06946781,43.19505363,443.80 -0.06953907,43.19497835,425.05</coordinates></LineString></Placemark>
<Placemark><name>beta 45 nominal — quadrillage_45</name><description>Motif : quadrillage_45 (45°, 135°)&lt;br/&gt;Pas : 150 m&lt;br/&gt;Segments : 29</description><styleUrl>#s_v2_3_m</styleUrl><MultiGeometry><LineString><altitudeMode>absolute</altitudeMode><coordinates>-0.06814464,43.19645140,398.96 -0.06901795,43.19552885,553.59</coordinates></LineString><LineString><altitudeMode>absolute</altitudeMode><coordinates>-0.06665811,43.19802174,398.96 -0.06841685,43.19616384,679.94</coordinates></LineString><LineString><altitudeMode>absolute</altitudeMode><coordinates>-0.06517159,43.19959207,398.96 -0.06775151,43.19686670,797.12</coordinates></LineString><LineString><altitudeMode>absolute</altitudeMode><coordinates>-0.06368507,43.20116241,398.96 -0.06701270,43.19764716,903.82</coordinates></LineString><LineString><altitudeMode>absolute</altitudeMode><coordinates>-0.06219854,43.20273274,398.96 -0.06618967,43.19851660,998.51</coordinates></LineString><LineString><altitudeMode>absolute</altitudeMode><coordinates>-0.06071202,43.20430308,398.96 -0.06526831,43.19948990,1079.16</coordinates></LineString><LineString><altitudeMode>absolute</altitudeMode><coordinates>-0.05922549,43.20587342,398.96 -0.06423073,43.20058598,1143.22</coordinates></LineString><LineString><altitudeMode>absolute</altitudeMode><coordinates>-0.05773897,43.20744375,398.96 -0.06305362,43.20182946,1187.38</coordinates></LineString><LineString><altitudeMode>absolute</altitudeMode><coordinates>-0.05625244,43.20901409,398.96 -0.06170916,43.20324971,1207.65</coordinates></LineString><LineString><altitudeMode>absolute</altitudeMode><coordinates>-0.05476592,43.21058442,398.96 -0.06016190,43.20488421,1198.98</coordinates></LineString><LineString><altitudeMode>absolute</altitudeMode><coordinates>-0.05327940,43.21215476,398.96 -0.05837533,43.20677152,1156.17</coordinates></LineString><LineString><altitudeMode>absolute</altitudeMode><coordinates>-0.05179287,43.21372509,398.96 -0.05631852,43.20894429,1074.78</coordinates></LineString><LineString><altitudeMode>absolute</altitudeMode><coordinates>-0.05030635,43.21529543,398.96 -0.05398204,43.21141250,953.49</coordinates></LineString><LineString><altitudeMode>absolute</altitudeMode><coordinates>-0.04881982,43.21686576,398.96 -0.05135685,43.21418570,791.00</coordinates></LineString><LineString><altitudeMode>absolute</altitudeMode><coordinates>-0.06939398,43.19513162,462.81 -0.06488996,43.19988958,1105.55</coordinates></LineString><LineString><altitudeMode>absolute</altitudeMode><coordinates>-0.06814464,43.19645140,398.96 -0.06278490,43.20211332,1193.81</coordinates></LineString><LineString><altitudeMode>absolute</altitudeMode><coordinates>-0.06665811,43.19802174,398.96 -0.06119761,43.20379011,1208.19</coordinates></LineString><LineString><altitudeMode>absolute</altitudeMode><coordinates>-0.06517159,43.19959207,398.96 -0.05981649,43.20524910,1193.15</coordinates></LineString><LineString><altitudeMode>absolute</altitudeMode><coordinates>-0.06368506,43.20116241,398.96 -0.05855052,43.20658645,1161.68</coordinates></LineString><LineString><altitudeMode>absolute</altitudeMode><coordinates>-0.06219854,43.20273275,398.96 -0.05735889,43.20784526,1119.59</coordinates></LineString><LineString><altitudeMode>absolute</altitudeMode><coordinates>-0.06071202,43.20430308,398.96 -0.05621890,43.20904952,1070.14</coordinates></LineString><LineString><altitudeMode>absolute</altitudeMode><coordinates>-0.05922549,43.20587342,398.96 -0.05511585,43.21021476,1015.42</coordinates></LineString><LineString><altitudeMode>absolute</altitudeMode><coordinates>-0.05773897,43.20744375,398.96 -0.05404017,43.21135109,956.79</coordinates></LineString><LineString><altitudeMode>absolute</altitudeMode><coordinates>-0.05625244,43.20901409,398.96 -0.05298584,43.21246486,895.12</coordinates></LineString><LineString><altitudeMode>absolute</altitudeMode><coordinates>-0.05476592,43.21058442,398.96 -0.05195173,43.21355727,830.55</coordinates></LineString><LineString><altitudeMode>absolute</altitudeMode><coordinates>-0.05327940,43.21215476,398.96 -0.05094484,43.21462094,762.11</coordinates></LineString><LineString><altitudeMode>absolute</altitudeMode><coordinates>-0.05179287,43.21372509,398.96 -0.04998014,43.21564003,687.64</coordinates></LineString><LineString><altitudeMode>absolute</altitudeMode><coordinates>-0.05030635,43.21529543,398.96 -0.04905393,43.21661846,607.69</coordinates></LineString><LineString><altitudeMode>absolute</altitudeMode><coordinates>-0.04881982,43.21686577,398.96 -0.04816285,43.21755978,522.71</coordinates></LineString></MultiGeometry></Placemark>
<Placemark><name>beta 45 nominal — trace au sol</name><description>Projection au sol</description><styleUrl>#s_v2_3</styleUrl><LineString><tessellate>1</tessellate><altitudeMode>clampToGround</altitudeMode><coordinates>-0.04733330,43.21843610,428.96 -0.04733338,43.21843601,428.96 -0.04733387,43.21843549,428.96 -0.04733493,43.21843438,428.96 -0.04733651,43.21843271,428.96 -0.04733880,43.21843029,428.96 -0.04734171,43.21842722,428.96 -0.04734524,43.21842349,428.96 -0.04734939,43.21841910,428.96 -0.04735415,43.21841407,428.96 -0.04737253,43.21839466,428.96 -0.04740873,43.21835642,428.96 -0.04746554,43.21829640,428.96 -0.04752120,43.21823761,428.96 -0.04755499,43.21820191,428.96 -0.04764710,43.21810461,428.96 -0.04775459,43.21799105,428.96 -0.04783030,43.21791108,428.96 -0.04796094,43.21777307,428.96 -0.04809698,43.21762936,428.96 -0.04825290,43.21746465,428.96 -0.04842069,43.21728740,428.96 -0.04859940,43.21709861,428.96 -0.04878833,43.21689903,428.96 -0.04898664,43.21668954,428.96 -0.04919230,43.21647229,428.96 -0.04940074,43.21625210,428.96 -0.04960886,43.21603224,428.96 -0.04981501,43.21581446,428.96 -0.05001826,43.21559976,428.96 -0.05021852,43.21538821,428.96 -0.05041588,43.21517972,428.96 -0.05061009,43.21497456,428.96 -0.05080092,43.21477297,428.96 -0.05099039,43.21457282,428.96 -0.05119546,43.21435619,428.96 -0.05142076,43.21411819,428.96 -0.05166632,43.21385878,428.96 -0.05200055,43.21350571,428.96 -0.05228775,43.21320231,428.96 -0.05259070,43.21288228,428.96 -0.05290753,43.21254759,428.96 -0.05323626,43.21220032,428.96 -0.05357322,43.21184437,428.96 -0.05390839,43.21149030,428.96 -0.05411405,43.21127305,428.96 -0.05436551,43.21100741,428.96 -0.05467833,43.21067695,428.96 -0.05498172,43.21035646,428.96 -0.05527632,43.21004525,428.96 -0.05556275,43.20974266,428.96 -0.05584154,43.20944816,428.96 -0.05611315,43.20916124,428.96 -0.05637800,43.20888145,428.96 -0.05663651,43.20860837,428.96 -0.05688899,43.20834165,428.96 -0.05713579,43.20808093,428.96 -0.05737720,43.20782592,428.96 -0.05761347,43.20757633,428.96 -0.05784487,43.20733188,428.96 -0.05807161,43.20709236,428.96 -0.05829392,43.20685752,428.96 -0.05851198,43.20662715,428.96 -0.05872599,43.20640108,428.96 -0.05893611,43.20617912,428.96 -0.05914249,43.20596109,428.96 -0.05934529,43.20574686,428.96 -0.05954465,43.20553626,428.96 -0.05974069,43.20532918,428.96 -0.05993353,43.20512546,428.96 -0.06012330,43.20492499,428.96 -0.06031009,43.20472767,428.96 -0.06049401,43.20453338,428.96 -0.06067515,43.20434203,428.96 -0.06085360,43.20415351,428.96 -0.06102945,43.20396775,428.96 -0.06120277,43.20378465,428.96 -0.06137365,43.20360415,428.96 -0.06154214,43.20342615,428.96 -0.06170833,43.20325060,428.96 -0.06187226,43.20307742,428.96 -0.06203401,43.20290655,428.96 -0.06219363,43.20273794,428.96 -0.06235116,43.20257152,428.96 -0.06250668,43.20240723,428.96 -0.06266022,43.20224504,428.96 -0.06281182,43.20208488,428.96 -0.06296155,43.20192672,428.96 -0.06310942,43.20177051,428.96 -0.06325549,43.20161621,428.96 -0.06339979,43.20146377,428.96 -0.06354235,43.20131317,428.96 -0.06368322,43.20116436,428.96 -0.06382242,43.20101730,428.96 -0.06395998,43.20087199,428.96 -0.06409594,43.20072837,428.96 -0.06423031,43.20058642,428.96 -0.06436313,43.20044611,428.96 -0.06449443,43.20030741,428.96 -0.06462422,43.20017030,428.96 -0.06475253,43.20003476,428.96 -0.06487937,43.19990077,428.96 -0.06500478,43.19976829,428.96 -0.06512876,43.19963731,428.96 -0.06525135,43.19950782,428.96 -0.06537255,43.19937978,428.96 -0.06549239,43.19925318,428.96 -0.06561088,43.19912802,428.96 -0.06572803,43.19900426,428.96 -0.06584387,43.19888189,428.96 -0.06595840,43.19876090,428.96 -0.06607164,43.19864127,428.96 -0.06621140,43.19849364,428.96 -0.06632178,43.19837703,428.96 -0.06643092,43.19826174,428.96 -0.06653882,43.19814776,428.96 -0.06664550,43.19803507,428.96 -0.06675095,43.19792366,428.96 -0.06685521,43.19781353,428.96 -0.06695827,43.19770466,428.96 -0.06706015,43.19759704,428.96 -0.06716085,43.19749065,428.96 -0.06726039,43.19738550,428.96 -0.06735878,43.19728157,428.96 -0.06745602,43.19717885,428.96 -0.06755213,43.19707732,428.96 -0.06764710,43.19697699,428.96 -0.06774096,43.19687784,428.96 -0.06783370,43.19677987,428.96 -0.06792535,43.19668306,428.96 -0.06801590,43.19658740,428.96 -0.06810536,43.19649289,428.96 -0.06819375,43.19639952,428.96 -0.06828106,43.19630728,428.96 -0.06836732,43.19621616,428.96 -0.06845252,43.19612616,428.96 -0.06853668,43.19603726,428.96 -0.06861979,43.19594945,428.96 -0.06870188,43.19586274,428.96 -0.06878294,43.19577711,428.96 -0.06886300,43.19569254,428.96 -0.06894204,43.19560904,428.96 -0.06902009,43.19552659,428.96 -0.06909713,43.19544520,428.96 -0.06917321,43.19536484,428.96 -0.06924830,43.19528551,428.96 -0.06932243,43.19520721,428.96 -0.06939559,43.19512992,428.96 -0.06946781,43.19505363,428.96 -0.06953907,43.19497835,428.96</coordinates></LineString></Placemark>
</Folder>
<Folder><name>SP02 K570</name><open>1</open>
<Placemark><name>alpha 80 nominal</name><description>Groupe : SP02 K570&lt;br/&gt;Fichier : alpha_80.csv&lt;br/&gt;Pas de tir : Rampe FusEx&lt;br/&gt;Azimut : 214.6°&lt;br/&gt;Apogée : 993 m&lt;br/&gt;Portée : 429 m&lt;br/&gt;Points : 150 / 394&lt;br/&gt;Rideau : quadrillage_45</description><styleUrl>#s_v3_0</styleUrl><LineString><extrude>0</extrude><altitudeMode>absolute</altitudeMode><coordinates>-0.04733330,43.21843610,428.96 -0.04733331,43.21843609,428.96 -0.04733334,43.21843606,428.99 -0.04733344,43.21843595,429.06 -0.04733362,43.21843576,429.19 -0.04733379,43.21843558,429.32 -0.04733409,43.21843526,429.55 -0.04733435,43.21843499,429.75 -0.04733481,43.21843450,430.11 -0.04733536,43.21843392,430.55 -0.04733577,43.21843349,430.87 -0.04733647,43.21843275,431.42 -0.04733724,43.21843194,432.03 -0.04733780,43.21843135,432.48 -0.04733887,43.21843021,433.33 -0.04734290,43.21842596,436.48 -0.04734626,43.21842241,439.07 -0.04735493,43.21841326,445.64 -0.04736193,43.21840586,450.88 -0.04737427,43.21839282,459.99 -0.04738053,43.21838621,464.54 -0.04738435,43.21838217,467.29 -0.04739888,43.21836683,477.58 -0.04741723,43.21834744,490.29 -0.04743068,43.21833323,499.47 -0.04744364,43.21831954,508.25 -0.04746455,43.21829745,522.29 -0.04748093,43.21828015,533.16 -0.04750715,43.21825245,550.36 -0.04752365,43.21823501,561.06 -0.04755281,43.21820421,579.82 -0.04758370,43.21817158,599.47 -0.04760524,43.21814883,613.04 -0.04763888,43.21811329,634.05 -0.04767403,43.21807615,655.79 -0.04769829,43.21805053,670.66 -0.04773584,43.21801086,693.50 -0.04777463,43.21796988,716.88 -0.04780098,43.21794206,732.62 -0.04784083,43.21789996,756.26 -0.04788079,43.21785775,779.75 -0.04790737,43.21782966,795.26 -0.04794707,43.21778773,818.23 -0.04797335,43.21775997,833.32 -0.04801247,43.21771864,855.60 -0.04805123,43.21767769,877.45 -0.04807688,43.21765060,891.79 -0.04811505,43.21761027,912.96 -0.04815259,43.21757061,933.55 -0.04817710,43.21754473,946.88 -0.04821313,43.21750666,966.29 -0.04824834,43.21746947,985.04 -0.04827137,43.21744514,997.18 -0.04830530,43.21740930,1014.90 -0.04832753,43.21738581,1026.38 -0.04836030,43.21735119,1043.13 -0.04839243,43.21731725,1059.33 -0.04841351,43.21729498,1069.84 -0.04844465,43.21726209,1085.18 -0.04847522,43.21722980,1100.03 -0.04849530,43.21720858,1109.66 -0.04852501,43.21717720,1123.73 -0.04855423,43.21714633,1137.35 -0.04857345,43.21712603,1146.18 -0.04860191,43.21709596,1159.09 -0.04862064,43.21707618,1167.46 -0.04864840,43.21704686,1179.69 -0.04867576,43.21701795,1191.52 -0.04869379,43.21699890,1199.20 -0.04872054,43.21697065,1210.40 -0.04874694,43.21694276,1221.24 -0.04876435,43.21692437,1228.27 -0.04879020,43.21689706,1238.52 -0.04881573,43.21687009,1248.44 -0.04883259,43.21685228,1254.86 -0.04885764,43.21682581,1264.22 -0.04887419,43.21680834,1270.28 -0.04889879,43.21678234,1279.12 -0.04892313,43.21675664,1287.64 -0.04893923,43.21673963,1293.15 -0.04896316,43.21671434,1301.16 -0.04898688,43.21668929,1308.89 -0.04900256,43.21667273,1313.88 -0.04902592,43.21664805,1321.12 -0.04904906,43.21662360,1328.08 -0.04906439,43.21660741,1332.57 -0.04908722,43.21658329,1339.07 -0.04910233,43.21656733,1343.25 -0.04912486,43.21654353,1349.31 -0.04914722,43.21651991,1355.10 -0.04916204,43.21650426,1358.82 -0.04918412,43.21648092,1364.18 -0.04920607,43.21645775,1369.28 -0.04922061,43.21644239,1372.54 -0.04924231,43.21641946,1377.23 -0.04926387,43.21639668,1381.67 -0.04927817,43.21638158,1384.49 -0.04929952,43.21635902,1388.53 -0.04931368,43.21634406,1391.08 -0.04933482,43.21632173,1394.71 -0.04935585,43.21629952,1398.11 -0.04936980,43.21628478,1400.24 -0.04939065,43.21626275,1403.25 -0.04941139,43.21624085,1406.03 -0.04942516,43.21622630,1407.75 -0.04944572,43.21620458,1410.14 -0.04946620,43.21618295,1412.31 -0.04947979,43.21616858,1413.62 -0.04950012,43.21614712,1415.41 -0.04951361,43.21613286,1416.48 -0.04953378,43.21611155,1417.90 -0.04955387,43.21609033,1419.10 -0.04956721,43.21607624,1419.78 -0.04958716,43.21605516,1420.61 -0.04960704,43.21603416,1421.23 -0.04962025,43.21602021,1421.52 -0.04964000,43.21599935,1421.78 -0.04965313,43.21598547,1421.84 -0.04967928,43.21595785,1421.66 -0.04971844,43.21591648,1420.63 -0.04975760,43.21587511,1418.63 -0.04978373,43.21584752,1416.70 -0.04982300,43.21580603,1412.86 -0.04984932,43.21577822,1409.60 -0.04988917,43.21573612,1403.51 -0.04992970,43.21569331,1395.74 -0.04995726,43.21566420,1389.43 -0.04999972,43.21561935,1377.85 -0.05004401,43.21557256,1362.94 -0.05007488,43.21553995,1350.45 -0.05012394,43.21548812,1326.05 -0.05017747,43.21543158,1290.35 -0.05021475,43.21539219,1256.56 -0.05025686,43.21534771,1202.16 -0.05027682,43.21532662,1165.24 -0.05029815,43.21530409,1109.44 -0.05031223,43.21528921,1053.48 -0.05031886,43.21528222,1016.18 -0.05032592,43.21527475,960.28 -0.05033060,43.21526981,904.50 -0.05033282,43.21526747,867.39 -0.05033521,43.21526494,811.84 -0.05033683,43.21526323,756.44 -0.05033762,43.21526239,719.59 -0.05033851,43.21526145,664.44 -0.05033896,43.21526098,627.75 -0.05033949,43.21526042,572.85 -0.05033989,43.21525999,518.08 -0.05034012,43.21525976,481.65 -0.05034040,43.21525946,428.96</coordinates></LineString></Placemark>
<Placemark><name>alpha 80 nominal — quadrillage_45</name><description>Motif : quadrillage_45 (45°, 135°)&lt;br/&gt;Pas : 150 m&lt;br/&gt;Segments : 12</description><styleUrl>#s_v3_0_m</styleUrl><MultiGeometry><LineString><altitudeMode>absolute</altitudeMode><coordinates>-0.05030635,43.21529543,398.96 -0.05034037,43.21525949,433.82</coordinates></LineString><LineString><altitudeMode>absolute</altitudeMode><coordinates>-0.04881982,43.21686576,398.96 -0.05033874,43.21526121,645.71</coordinates></LineString><LineString><altitudeMode>absolute</altitudeMode><coordinates>-0.04733330,43.21843610,398.96 -0.05033326,43.21526700,857.06</coordinates></LineString><LineString><altitudeMode>absolute</altitudeMode><coordinates>-0.04774680,43.21799929,700.10 -0.05030914,43.21529247,1065.76</coordinates></LineString><LineString><altitudeMode>absolute</altitudeMode><coordinates>-0.04824517,43.21747282,983.35 -0.05020726,43.21540010,1263.35</coordinates></LineString><LineString><altitudeMode>absolute</altitudeMode><coordinates>-0.04894641,43.21673204,1295.55 -0.04979064,43.21584021,1416.03</coordinates></LineString><LineString><altitudeMode>absolute</altitudeMode><coordinates>-0.05016692,43.21544272,1297.38 -0.04940841,43.21624399,1405.63</coordinates></LineString><LineString><altitudeMode>absolute</altitudeMode><coordinates>-0.05030935,43.21529225,1064.93 -0.04887310,43.21680948,1269.89</coordinates></LineString><LineString><altitudeMode>absolute</altitudeMode><coordinates>-0.05033359,43.21526665,849.34 -0.04849856,43.21720514,1111.20</coordinates></LineString><LineString><altitudeMode>absolute</altitudeMode><coordinates>-0.05033885,43.21526109,636.45 -0.04817428,43.21754770,945.34</coordinates></LineString><LineString><altitudeMode>absolute</altitudeMode><coordinates>-0.05030635,43.21529543,398.96 -0.04787441,43.21786448,776.01</coordinates></LineString><LineString><altitudeMode>absolute</altitudeMode><coordinates>-0.04881982,43.21686576,398.96 -0.04759132,43.21816354,604.27</coordinates></LineString></MultiGeometry></Placemark>
<Placemark><name>alpha 80 nominal — trace au sol</name><description>Projection au sol</description><styleUrl>#s_v3_0</styleUrl><LineString><tessellate>1</tessellate><altitudeMode>clampToGround</altitudeMode><coordinates>-0.04733330,43.21843610,428.96 -0.04733331,43.21843609,428.96 -0.04733334,43.21843606,428.96 -0.04733344,43.21843595,428.96 -0.04733362,43.21843576,428.96 -0.04733379,43.21843558,428.96 -0.04733409,43.21843526,428.96 -0.04733435,43.21843499,428.96 -0.04733481,43.21843450,428.96 -0.04733536,43.21843392,428.96 -0.04733577,43.21843349,428.96 -0.04733647,43.21843275,428.96 -0.04733724,43.21843194,428.96 -0.04733780,43.21843135,428.96 -0.04733887,43.21843021,428.96 -0.04734290,43.21842596,428.96 -0.04734626,43.21842241,428.96 -0.04735493,43.21841326,428.96 -0.04736193,43.21840586,428.96 -0.04737427,43.21839282,428.96 -0.04738053,43.21838621,428.96 -0.04738435,43.21838217,428.96 -0.04739888,43.21836683,428.96 -0.04741723,43.21834744,428.96 -0.04743068,43.21833323,428.96 -0.04744364,43.21831954,428.96 -0.04746455,43.21829745,428.96 -0.04748093,43.21828015,428.96 -0.04750715,43.21825245,428.96 -0.04752365,43.21823501,428.96 -0.04755281,43.21820421,428.96 -0.04758370,43.21817158,428.96 -0.04760524,43.21814883,428.96 -0.04763888,43.21811329,428.96 -0.04767403,43.21807615,428.96 -0.04769829,43.21805053,428.96 -0.04773584,43.21801086,428.96 -0.04777463,43.21796988,428.96 -0.04780098,43.21794206,428.96 -0.04784083,43.21789996,428.96 -0.04788079,43.21785775,428.96 -0.04790737,43.21782966,428.96 -0.04794707,43.21778773,428.96 -0.04797335,43.21775997,428.96 -0.04801247,43.21771864,428.96 -0.04805123,43.21767769,428.96 -0.04807688,43.21765060,428.96 -0.04811505,43.21761027,428.96 -0.04815259,43.21757061,428.96 -0.04817710,43.21754473,428.96 -0.04821313,43.21750666,428.96 -0.04824834,43.21746947,428.96 -0.04827137,43.21744514,428.96 -0.04830530,43.21740930,428.96 -0.04832753,43.21738581,428.96 -0.04836030,43.21735119,428.96 -0.04839243,43.21731725,428.96 -0.04841351,43.21729498,428.96 -0.04844465,43.21726209,428.96 -0.04847522,43.21722980,428.96 -0.04849530,43.21720858,428.96 -0.04852501,43.21717720,428.96 -0.04855423,43.21714633,428.96 -0.04857345,43.21712603,428.96 -0.04860191,43.21709596,428.96 -0.04862064,43.21707618,428.96 -0.04864840,43.21704686,428.96 -0.04867576,43.21701795,428.96 -0.04869379,43.21699890,428.96 -0.04872054,43.21697065,428.96 -0.04874694,43.21694276,428.96 -0.04876435,43.21692437,428.96 -0.04879020,43.21689706,428.96 -0.04881573,43.21687009,428.96 -0.04883259,43.21685228,428.96 -0.04885764,43.21682581,428.96 -0.04887419,43.21680834,428.96 -0.04889879,43.21678234,428.96 -0.04892313,43.21675664,428.96 -0.04893923,43.21673963,428.96 -0.04896316,43.21671434,428.96 -0.04898688,43.21668929,428.96 -0.04900256,43.21667273,428.96 -0.04902592,43.21664805,428.96 -0.04904906,43.21662360,428.96 -0.04906439,43.21660741,428.96 -0.04908722,43.21658329,428.96 -0.04910233,43.21656733,428.96 -0.04912486,43.21654353,428.96 -0.04914722,43.21651991,428.96 -0.04916204,43.21650426,428.96 -0.04918412,43.21648092,428.96 -0.04920607,43.21645775,428.96 -0.04922061,43.21644239,428.96 -0.04924231,43.21641946,428.96 -0.04926387,43.21639668,428.96 -0.04927817,43.21638158,428.96 -0.04929952,43.21635902,428.96 -0.04931368,43.21634406,428.96 -0.04933482,43.21632173,428.96 -0.04935585,43.21629952,428.96 -0.04936980,43.21628478,428.96 -0.04939065,43.21626275,428.96 -0.04941139,43.21624085,428.96 -0.04942516,43.21622630,428.96 -0.04944572,43.21620458,428.96 -0.04946620,43.21618295,428.96 -0.04947979,43.21616858,428.96 -0.04950012,43.21614712,428.96 -0.04951361,43.21613286,428.96 -0.04953378,43.21611155,428.96 -0.04955387,43.21609033,428.96 -0.04956721,43.21607624,428.96 -0.04958716,43.21605516,428.96 -0.04960704,43.21603416,428.96 -0.04962025,43.21602021,428.96 -0.04964000,43.21599935,428.96 -0.04965313,43.21598547,428.96 -0.04967928,43.21595785,428.96 -0.04971844,43.21591648,428.96 -0.04975760,43.21587511,428.96 -0.04978373,43.21584752,428.96 -0.04982300,43.21580603,428.96 -0.04984932,43.21577822,428.96 -0.04988917,43.21573612,428.96 -0.04992970,43.21569331,428.96 -0.04995726,43.21566420,428.96 -0.04999972,43.21561935,428.96 -0.05004401,43.21557256,428.96 -0.05007488,43.21553995,428.96 -0.05012394,43.21548812,428.96 -0.05017747,43.21543158,428.96 -0.05021475,43.21539219,428.96 -0.05025686,43.21534771,428.96 -0.05027682,43.21532662,428.96 -0.05029815,43.21530409,428.96 -0.05031223,43.21528921,428.96 -0.05031886,43.21528222,428.96 -0.05032592,43.21527475,428.96 -0.05033060,43.21526981,428.96 -0.05033282,43.21526747,428.96 -0.05033521,43.21526494,428.96 -0.05033683,43.21526323,428.96 -0.05033762,43.21526239,428.96 -0.05033851,43.21526145,428.96 -0.05033896,43.21526098,428.96 -0.05033949,43.21526042,428.96 -0.05033989,43.21525999,428.96 -0.05034012,43.21525976,428.96 -0.05034040,43.21525946,428.96</coordinates></LineString></Placemark>
<Placemark><name>beta 80 nominal</name><description>Groupe : SP02 K570&lt;br/&gt;Fichier : beta_80.csv&lt;br/&gt;Pas de tir : Rampe FusEx&lt;br/&gt;Azimut : 214.6°&lt;br/&gt;Apogée : 3292 m&lt;br/&gt;Portée : 1302 m&lt;br/&gt;Points : 150 / 832&lt;br/&gt;Rideau : quadrillage_45</description><styleUrl>#s_v3_1</styleUrl><LineString><extrude>0</extrude><altitudeMode>absolute</altitudeMode><coordinates>-0.04733330,43.21843610,428.96 -0.04733338,43.21843602,429.01 -0.04733362,43.21843576,429.19 -0.04733422,43.21843513,429.65 -0.04733499,43.21843432,430.25 -0.04733622,43.21843301,431.23 -0.04733751,43.21843165,432.25 -0.04734086,43.21842811,434.89 -0.04735493,43.21841326,445.64 -0.04737427,43.21839282,459.99 -0.04738792,43.21837840,469.84 -0.04741723,43.21834744,490.29 -0.04744907,43.21831380,511.91 -0.04749819,43.21826192,544.51 -0.04754290,43.21821468,573.46 -0.04760524,43.21814883,613.04 -0.04766216,43.21808870,648.47 -0.04773584,43.21801086,693.50 -0.04780098,43.21794206,732.62 -0.04788079,43.21785775,779.75 -0.04796023,43.21777382,825.80 -0.04802543,43.21770495,862.93 -0.04810236,43.21762368,905.95 -0.04817114,43.21755103,943.67 -0.04828104,43.21743493,1003.04 -0.04839500,43.21731454,1063.86 -0.04855563,43.21714485,1148.72 -0.04873798,43.21695223,1244.14 -0.04883183,43.21685308,1292.93 -0.04888511,43.21679679,1320.55 -0.04894189,43.21673682,1349.91 -0.04905370,43.21661870,1407.53 -0.04915517,43.21651151,1459.62 -0.04926855,43.21639174,1517.59 -0.04929325,43.21636564,1530.19 -0.04931705,43.21634050,1542.32 -0.04934676,43.21630912,1557.45 -0.04937415,43.21628019,1571.38 -0.04941057,43.21624172,1589.89 -0.04945493,43.21619485,1612.40 -0.04950390,43.21614312,1637.21 -0.04959934,43.21604230,1685.45 -0.04970823,43.21592727,1740.30 -0.04981093,43.21581878,1791.85 -0.04990160,43.21572300,1837.23 -0.04995941,43.21566193,1866.10 -0.05005019,43.21556603,1911.32 -0.05014847,43.21546221,1960.12 -0.05028161,43.21532156,2025.98 -0.05041517,43.21518047,2091.71 -0.05049578,43.21509532,2131.22 -0.05060790,43.21497687,2185.92 -0.05078658,43.21478812,2272.47 -0.05095890,43.21460608,2355.12 -0.05109500,43.21446231,2419.73 -0.05125061,43.21429793,2492.83 -0.05137465,43.21416690,2550.45 -0.05151753,43.21401596,2616.04 -0.05163214,43.21389489,2668.00 -0.05176485,43.21375470,2727.37 -0.05189281,43.21361952,2783.76 -0.05199615,43.21351036,2828.64 -0.05211652,43.21338320,2880.14 -0.05221405,43.21328017,2921.19 -0.05232801,43.21315978,2968.38 -0.05243887,43.21304267,3013.42 -0.05252906,43.21294740,3049.39 -0.05263483,43.21283566,3090.80 -0.05272108,43.21274455,3123.89 -0.05282245,43.21263747,3162.00 -0.05290525,43.21255000,3192.46 -0.05300274,43.21244701,3227.53 -0.05309833,43.21234604,3261.04 -0.05317660,43.21226335,3287.83 -0.05326900,43.21216574,3318.64 -0.05334477,43.21208570,3343.25 -0.05343433,43.21199109,3371.53 -0.05350788,43.21191340,3394.10 -0.05359491,43.21182146,3420.00 -0.05368069,43.21173084,3444.65 -0.05375126,43.21165629,3464.27 -0.05383491,43.21156792,3486.73 -0.05390381,43.21149514,3504.56 -0.05398557,43.21140877,3524.91 -0.05405296,43.21133758,3541.03 -0.05413301,43.21125302,3559.37 -0.05421220,43.21116936,3576.64 -0.05427757,43.21110031,3590.23 -0.05435531,43.21101818,3605.59 -0.05441954,43.21095034,3617.61 -0.05449597,43.21086959,3631.12 -0.05457175,43.21078954,3643.64 -0.05463443,43.21072333,3653.33 -0.05470910,43.21064445,3664.07 -0.05477089,43.21057917,3672.29 -0.05484454,43.21050137,3681.29 -0.05490553,43.21043694,3688.08 -0.05497827,43.21036010,3695.38 -0.05505054,43.21028375,3701.76 -0.05511044,43.21022048,3706.38 -0.05518192,43.21014497,3711.10 -0.05524116,43.21008238,3714.34 -0.05531191,43.21000765,3717.42 -0.05537057,43.20994568,3719.31 -0.05544063,43.20987167,3720.77 -0.05552194,43.20978578,3721.36 -0.05558577,43.20971834,3720.97 -0.05569365,43.20960438,3718.30 -0.05578551,43.20950735,3713.53 -0.05589626,43.20939035,3703.79 -0.05598847,43.20929295,3691.24 -0.05609978,43.20917536,3668.39 -0.05621411,43.20905458,3630.63 -0.05631412,43.20894894,3572.92 -0.05639423,43.20886431,3473.67 -0.05642264,43.20883429,3389.51 -0.05643736,43.20881875,3288.57 -0.05644324,43.20881253,3188.07 -0.05644542,43.20881023,3104.70 -0.05644669,43.20880889,3005.13 -0.05644727,43.20880828,2922.53 -0.05644774,43.20880778,2823.87 -0.05644804,43.20880747,2742.03 -0.05644836,43.20880713,2644.27 -0.05644865,43.20880681,2547.00 -0.05644890,43.20880656,2466.31 -0.05644919,43.20880625,2369.89 -0.05644943,43.20880600,2289.90 -0.05644971,43.20880570,2194.35 -0.05644994,43.20880546,2115.07 -0.05645021,43.20880517,2020.35 -0.05645048,43.20880488,1926.07 -0.05645071,43.20880464,1847.83 -0.05645098,43.20880436,1754.36 -0.05645121,43.20880412,1676.79 -0.05645146,43.20880385,1584.11 -0.05645168,43.20880362,1507.19 -0.05645194,43.20880334,1415.28 -0.05645220,43.20880307,1323.76 -0.05645241,43.20880285,1247.83 -0.05645266,43.20880258,1157.07 -0.05645287,43.20880236,1081.75 -0.05645313,43.20880209,991.73 -0.05645337,43.20880183,902.10 -0.05645357,43.20880162,827.70 -0.05645382,43.20880136,738.78 -0.05645402,43.20880115,664.97 -0.05645425,43.20880090,576.75 -0.05645445,43.20880069,503.52 -0.05645465,43.20880048,428.96</coordinates></LineString></Placemark>
<Placemark><name>beta 80 nominal — quadrillage_45</name><description>Motif : quadrillage_45 (45°, 135°)&lt;br/&gt;Pas : 150 m&lt;br/&gt;Segments : 38</description><styleUrl>#s_v3_1_m</styleUrl><MultiGeometry><LineString><altitudeMode>absolute</altitudeMode><coordinates>-0.05625244,43.20901409,398.96 -0.05645457,43.20880056,457.80</coordinates></LineString><LineString><altitudeMode>absolute</altitudeMode><coordinates>-0.05476592,43.21058442,398.96 -0.05645400,43.20880117,669.85</coordinates></LineString><LineString><altitudeMode>absolute</altitudeMode><coordinates>-0.05327940,43.21215476,398.96 -0.05645342,43.20880177,881.90</coordinates></LineString><LineString><altitudeMode>absolute</altitudeMode><coordinates>-0.05179287,43.21372509,398.96 -0.05645284,43.20880239,1093.95</coordinates></LineString><LineString><altitudeMode>absolute</altitudeMode><coordinates>-0.05030635,43.21529543,398.96 -0.05645225,43.20880302,1306.00</coordinates></LineString><LineString><altitudeMode>absolute</altitudeMode><coordinates>-0.04881982,43.21686576,398.96 -0.05645165,43.20880365,1518.05</coordinates></LineString><LineString><altitudeMode>absolute</altitudeMode><coordinates>-0.04733330,43.21843610,398.96 -0.05645105,43.20880428,1730.09</coordinates></LineString><LineString><altitudeMode>absolute</altitudeMode><coordinates>-0.04774685,43.21799924,700.11 -0.05645044,43.20880493,1942.14</coordinates></LineString><LineString><altitudeMode>absolute</altitudeMode><coordinates>-0.04824438,43.21747365,983.24 -0.05644982,43.20880558,2154.18</coordinates></LineString><LineString><altitudeMode>absolute</altitudeMode><coordinates>-0.04879542,43.21689154,1274.01 -0.05644920,43.20880624,2366.23</coordinates></LineString><LineString><altitudeMode>absolute</altitudeMode><coordinates>-0.04936690,43.21628785,1567.69 -0.05644856,43.20880692,2578.27</coordinates></LineString><LineString><altitudeMode>absolute</altitudeMode><coordinates>-0.04995458,43.21566703,1863.69 -0.05644786,43.20880765,2790.30</coordinates></LineString><LineString><altitudeMode>absolute</altitudeMode><coordinates>-0.05055902,43.21502851,2162.07 -0.05644671,43.20880887,3002.27</coordinates></LineString><LineString><altitudeMode>absolute</altitudeMode><coordinates>-0.05118966,43.21436232,2464.20 -0.05644174,43.20881412,3213.69</coordinates></LineString><LineString><altitudeMode>absolute</altitudeMode><coordinates>-0.05186902,43.21364466,2773.28 -0.05641182,43.20884572,3421.55</coordinates></LineString><LineString><altitudeMode>absolute</altitudeMode><coordinates>-0.05265100,43.21281858,3097.00 -0.05624907,43.20901766,3610.46</coordinates></LineString><LineString><altitudeMode>absolute</altitudeMode><coordinates>-0.05376614,43.21164057,3468.27 -0.05553897,43.20976779,3721.26</coordinates></LineString><LineString><altitudeMode>absolute</altitudeMode><coordinates>-0.05624685,43.20902000,3611.74 -0.05548078,43.20982926,3721.06</coordinates></LineString><LineString><altitudeMode>absolute</altitudeMode><coordinates>-0.05642487,43.20883194,3374.20 -0.05455555,43.21080665,3640.96</coordinates></LineString><LineString><altitudeMode>absolute</altitudeMode><coordinates>-0.05644399,43.20881174,3159.34 -0.05394792,43.21144855,3515.54</coordinates></LineString><LineString><altitudeMode>absolute</altitudeMode><coordinates>-0.05644710,43.20880846,2946.77 -0.05344582,43.21197895,3375.06</coordinates></LineString><LineString><altitudeMode>absolute</altitudeMode><coordinates>-0.05644806,43.20880744,2734.50 -0.05300001,43.21244989,3226.55</coordinates></LineString><LineString><altitudeMode>absolute</altitudeMode><coordinates>-0.05644873,43.20880674,2522.27 -0.05258939,43.21288367,3073.01</coordinates></LineString><LineString><altitudeMode>absolute</altitudeMode><coordinates>-0.05644936,43.20880607,2310.05 -0.05220207,43.21329283,2916.15</coordinates></LineString><LineString><altitudeMode>absolute</altitudeMode><coordinates>-0.05644999,43.20880541,2097.83 -0.05183177,43.21368401,2756.86</coordinates></LineString><LineString><altitudeMode>absolute</altitudeMode><coordinates>-0.05645060,43.20880476,1885.61 -0.05147354,43.21406243,2595.85</coordinates></LineString><LineString><altitudeMode>absolute</altitudeMode><coordinates>-0.05645121,43.20880411,1673.39 -0.05112440,43.21443126,2433.54</coordinates></LineString><LineString><altitudeMode>absolute</altitudeMode><coordinates>-0.05645181,43.20880348,1461.17 -0.05078202,43.21479293,2270.27</coordinates></LineString><LineString><altitudeMode>absolute</altitudeMode><coordinates>-0.05645241,43.20880285,1248.95 -0.05044484,43.21514912,2106.25</coordinates></LineString><LineString><altitudeMode>absolute</altitudeMode><coordinates>-0.05645300,43.20880223,1036.74 -0.05011139,43.21550138,1941.71</coordinates></LineString><LineString><altitudeMode>absolute</altitudeMode><coordinates>-0.05645358,43.20880161,824.52 -0.04978083,43.21585057,1776.75</coordinates></LineString><LineString><altitudeMode>absolute</altitudeMode><coordinates>-0.05645416,43.20880100,612.31 -0.04945297,43.21619692,1611.40</coordinates></LineString><LineString><altitudeMode>absolute</altitudeMode><coordinates>-0.05625244,43.20901409,398.96 -0.04912796,43.21654026,1445.65</coordinates></LineString><LineString><altitudeMode>absolute</altitudeMode><coordinates>-0.05476592,43.21058442,398.96 -0.04880593,43.21688044,1279.47</coordinates></LineString><LineString><altitudeMode>absolute</altitudeMode><coordinates>-0.05327940,43.21215476,398.96 -0.04848758,43.21721674,1112.77</coordinates></LineString><LineString><altitudeMode>absolute</altitudeMode><coordinates>-0.05179287,43.21372509,398.96 -0.04817424,43.21754775,945.35</coordinates></LineString><LineString><altitudeMode>absolute</altitudeMode><coordinates>-0.05030635,43.21529543,398.96 -0.04787443,43.21786446,776.00</coordinates></LineString><LineString><altitudeMode>absolute</altitudeMode><coordinates>-0.04881982,43.21686576,398.96 -0.04759141,43.21816344,604.26</coordinates></LineString></MultiGeometry></Placemark>
<Placemark><name>beta 80 nominal — trace au sol</name><description>Projection au sol</description><styleUrl>#s_v3_1</styleUrl><LineString><tessellate>1</tessellate><altitudeMode>clampToGround</altitudeMode><coordinates>-0.04733330,43.21843610,428.96 -0.04733338,43.21843602,428.96 -0.04733362,43.21843576,428.96 -0.04733422,43.21843513,428.96 -0.04733499,43.21843432,428.96 -0.04733622,43.21843301,428.96 -0.04733751,43.21843165,428.96 -0.04734086,43.21842811,428.96 -0.04735493,43.21841326,428.96 -0.04737427,43.21839282,428.96 -0.04738792,43.21837840,428.96 -0.04741723,43.21834744,428.96 -0.04744907,43.21831380,428.96 -0.04749819,43.21826192,428.96 -0.04754290,43.21821468,428.96 -0.04760524,43.21814883,428.96 -0.04766216,43.21808870,428.96 -0.04773584,43.21801086,428.96 -0.04780098,43.21794206,428.96 -0.04788079,43.21785775,428.96 -0.04796023,43.21777382,428.96 -0.04802543,43.21770495,428.96 -0.04810236,43.21762368,428.96 -0.04817114,43.21755103,428.96 -0.04828104,43.21743493,428.96 -0.04839500,43.21731454,428.96 -0.04855563,43.21714485,428.96 -0.04873798,43.21695223,428.96 -0.04883183,43.21685308,428.96 -0.04888511,43.21679679,428.96 -0.04894189,43.21673682,428.96 -0.04905370,43.21661870,428.96 -0.04915517,43.21651151,428.96 -0.04926855,43.21639174,428.96 -0.04929325,43.21636564,428.96 -0.04931705,43.21634050,428.96 -0.04934676,43.21630912,428.96 -0.04937415,43.21628019,428.96 -0.04941057,43.21624172,428.96 -0.04945493,43.21619485,428.96 -0.04950390,43.21614312,428.96 -0.04959934,43.21604230,428.96 -0.04970823,43.21592727,428.96 -0.04981093,43.21581878,428.96 -0.04990160,43.21572300,428.96 -0.04995941,43.21566193,428.96 -0.05005019,43.21556603,428.96 -0.05014847,43.21546221,428.96 -0.05028161,43.21532156,428.96 -0.05041517,43.21518047,428.96 -0.05049578,43.21509532,428.96 -0.05060790,43.21497687,428.96 -0.05078658,43.21478812,428.96 -0.05095890,43.21460608,428.96 -0.05109500,43.21446231,428.96 -0.05125061,43.21429793,428.96 -0.05137465,43.21416690,428.96 -0.05151753,43.21401596,428.96 -0.05163214,43.21389489,428.96 -0.05176485,43.21375470,428.96 -0.05189281,43.21361952,428.96 -0.05199615,43.21351036,428.96 -0.05211652,43.21338320,428.96 -0.05221405,43.21328017,428.96 -0.05232801,43.21315978,428.96 -0.05243887,43.21304267,428.96 -0.05252906,43.21294740,428.96 -0.05263483,43.21283566,428.96 -0.05272108,43.21274455,428.96 -0.05282245,43.21263747,428.96 -0.05290525,43.21255000,428.96 -0.05300274,43.21244701,428.96 -0.05309833,43.21234604,428.96 -0.05317660,43.21226335,428.96 -0.05326900,43.21216574,428.96 -0.05334477,43.21208570,428.96 -0.05343433,43.21199109,428.96 -0.05350788,43.21191340,428.96 -0.05359491,43.21182146,428.96 -0.05368069,43.21173084,428.96 -0.05375126,43.21165629,428.96 -0.05383491,43.21156792,428.96 -0.05390381,43.21149514,428.96 -0.05398557,43.21140877,428.96 -0.05405296,43.21133758,428.96 -0.05413301,43.21125302,428.96 -0.05421220,43.21116936,428.96 -0.05427757,43.21110031,428.96 -0.05435531,43.21101818,428.96 -0.05441954,43.21095034,428.96 -0.05449597,43.21086959,428.96 -0.05457175,43.21078954,428.96 -0.05463443,43.21072333,428.96 -0.05470910,43.21064445,428.96 -0.05477089,43.21057917,428.96 -0.05484454,43.21050137,428.96 -0.05490553,43.21043694,428.96 -0.05497827,43.21036010,428.96 -0.05505054,43.21028375,428.96 -0.05511044,43.21022048,428.96 -0.05518192,43.21014497,428.96 -0.05524116,43.21008238,428.96 -0.05531191,43.21000765,428.96 -0.05537057,43.20994568,428.96 -0.05544063,43.20987167,428.96 -0.05552194,43.20978578,428.96 -0.05558577,43.20971834,428.96 -0.05569365,43.20960438,428.96 -0.05578551,43.20950735,428.96 -0.05589626,43.20939035,428.96 -0.05598847,43.20929295,428.96 -0.05609978,43.20917536,428.96 -0.05621411,43.20905458,428.96 -0.05631412,43.20894894,428.96 -0.05639423,43.20886431,428.96 -0.05642264,43.20883429,428.96 -0.05643736,43.20881875,428.96 -0.05644324,43.20881253,428.96 -0.05644542,43.20881023,428.96 -0.05644669,43.20880889,428.96 -0.05644727,43.20880828,428.96 -0.05644774,43.20880778,428.96 -0.05644804,43.20880747,428.96 -0.05644836,43.20880713,428.96 -0.05644865,43.20880681,428.96 -0.05644890,43.20880656,428.96 -0.05644919,43.20880625,428.96 -0.05644943,43.20880600,428.96 -0.05644971,43.20880570,428.96 -0.05644994,43.20880546,428.96 -0.05645021,43.20880517,428.96 -0.05645048,43.20880488,428.96 -0.05645071,43.20880464,428.96 -0.05645098,43.20880436,428.96 -0.05645121,43.20880412,428.96 -0.05645146,43.20880385,428.96 -0.05645168,43.20880362,428.96 -0.05645194,43.20880334,428.96 -0.05645220,43.20880307,428.96 -0.05645241,43.20880285,428.96 -0.05645266,43.20880258,428.96 -0.05645287,43.20880236,428.96 -0.05645313,43.20880209,428.96 -0.05645337,43.20880183,428.96 -0.05645357,43.20880162,428.96 -0.05645382,43.20880136,428.96 -0.05645402,43.20880115,428.96 -0.05645425,43.20880090,428.96 -0.05645445,43.20880069,428.96 -0.05645465,43.20880048,428.96</coordinates></LineString></Placemark>
<Placemark><name>alpha 45 nominal</name><description>Groupe : SP02 K570&lt;br/&gt;Fichier : alpha_45.csv&lt;br/&gt;Pas de tir : Rampe FusEx&lt;br/&gt;Azimut : 214.6°&lt;br/&gt;Apogée : 458 m&lt;br/&gt;Portée : 1492 m&lt;br/&gt;Points : 150 / 452&lt;br/&gt;Rideau : quadrillage_45</description><styleUrl>#s_v3_2</styleUrl><LineString><extrude>0</extrude><altitudeMode>absolute</altitudeMode><coordinates>-0.04733330,43.21843610,428.96 -0.04733334,43.21843606,428.96 -0.04733362,43.21843577,428.99 -0.04733407,43.21843529,429.04 -0.04733498,43.21843432,429.16 -0.04733624,43.21843299,429.32 -0.04733771,43.21843144,429.52 -0.04733966,43.21842938,429.78 -0.04734198,43.21842694,430.10 -0.04734465,43.21842412,430.46 -0.04734767,43.21842092,430.88 -0.04735104,43.21841736,431.35 -0.04735477,43.21841342,431.86 -0.04736511,43.21840250,433.28 -0.04738764,43.21837869,436.28 -0.04742359,43.21834072,440.96 -0.04746847,43.21829331,446.67 -0.04752229,43.21823645,453.32 -0.04753522,43.21822280,454.88 -0.04760378,43.21815037,462.96 -0.04767792,43.21807205,471.39 -0.04776035,43.21798497,480.53 -0.04780571,43.21793706,485.49 -0.04789987,43.21783759,495.64 -0.04800161,43.21773011,506.34 -0.04810247,43.21762356,516.72 -0.04821760,43.21750195,528.39 -0.04833920,43.21737349,540.48 -0.04846697,43.21723851,552.95 -0.04860045,43.21709751,565.76 -0.04873938,43.21695074,578.86 -0.04888344,43.21679856,592.22 -0.04903222,43.21664139,605.80 -0.04918441,43.21648062,619.46 -0.04933806,43.21631831,633.03 -0.04949191,43.21615579,646.40 -0.04964516,43.21599390,659.50 -0.04979725,43.21583323,672.28 -0.04994788,43.21567411,684.72 -0.05009698,43.21551661,696.81 -0.05024459,43.21536067,708.57 -0.05039076,43.21520626,719.98 -0.05053416,43.21505478,730.97 -0.05067363,43.21490744,741.44 -0.05080941,43.21476401,751.41 -0.05094171,43.21462425,760.91 -0.05107074,43.21448794,769.95 -0.05119668,43.21435490,778.57 -0.05131969,43.21422496,786.76 -0.05143993,43.21409793,794.55 -0.05155754,43.21397369,801.96 -0.05167266,43.21385209,808.99 -0.05178539,43.21373300,815.65 -0.05189585,43.21361630,821.96 -0.05200416,43.21350189,827.94 -0.05211040,43.21338967,833.58 -0.05224899,43.21324326,840.59 -0.05235074,43.21313578,845.49 -0.05245070,43.21303017,850.09 -0.05254895,43.21292639,854.38 -0.05264554,43.21282435,858.39 -0.05274056,43.21272398,862.11 -0.05283404,43.21262523,865.55 -0.05292605,43.21252803,868.72 -0.05301663,43.21243234,871.63 -0.05310585,43.21233808,874.27 -0.05319375,43.21224523,876.65 -0.05328036,43.21215374,878.78 -0.05336574,43.21206354,880.67 -0.05344992,43.21197462,882.30 -0.05353294,43.21188692,883.70 -0.05361482,43.21180042,884.86 -0.05369561,43.21171508,885.78 -0.05377533,43.21163086,886.47 -0.05385403,43.21154773,886.94 -0.05393171,43.21146566,887.18 -0.05398296,43.21141153,887.22 -0.05408417,43.21130461,887.00 -0.05415898,43.21122558,886.59 -0.05423289,43.21114750,885.96 -0.05430591,43.21107037,885.12 -0.05437806,43.21099415,884.07 -0.05444935,43.21091884,882.82 -0.05451982,43.21084440,881.36 -0.05458948,43.21077081,879.70 -0.05465833,43.21069808,877.84 -0.05472639,43.21062618,875.78 -0.05479369,43.21055509,873.53 -0.05486023,43.21048480,871.08 -0.05492602,43.21041530,868.44 -0.05499109,43.21034656,865.62 -0.05505543,43.21027859,862.60 -0.05511906,43.21021137,859.40 -0.05518200,43.21014488,856.02 -0.05526484,43.21005738,851.23 -0.05532617,43.20999258,847.42 -0.05538684,43.20992849,843.44 -0.05544685,43.20986510,839.28 -0.05550620,43.20980241,834.95 -0.05556490,43.20974040,830.45 -0.05562296,43.20967906,825.78 -0.05568039,43.20961839,820.94 -0.05573719,43.20955840,815.93 -0.05579337,43.20949905,810.76 -0.05584893,43.20944035,805.43 -0.05590387,43.20938231,799.94 -0.05595822,43.20932490,794.28 -0.05601196,43.20926813,788.48 -0.05606510,43.20921199,782.51 -0.05611766,43.20915647,776.40 -0.05616962,43.20910158,770.13 -0.05622101,43.20904730,763.72 -0.05627181,43.20899363,757.16 -0.05632204,43.20894057,750.45 -0.05637169,43.20888812,743.60 -0.05642078,43.20883626,736.62 -0.05646931,43.20878500,729.49 -0.05651727,43.20873433,722.22 -0.05656468,43.20868425,714.82 -0.05661153,43.20863475,707.29 -0.05665784,43.20858584,699.63 -0.05670360,43.20853750,691.84 -0.05674881,43.20848974,683.92 -0.05679349,43.20844254,675.88 -0.05683763,43.20839591,667.71 -0.05688123,43.20834985,659.43 -0.05692431,43.20830434,651.03 -0.05696686,43.20825939,642.51 -0.05700889,43.20821499,633.87 -0.05705041,43.20817114,625.13 -0.05709141,43.20812782,616.27 -0.05714527,43.20807092,604.29 -0.05718508,43.20802886,595.19 -0.05722439,43.20798734,585.98 -0.05726320,43.20794635,576.67 -0.05730151,43.20790588,567.26 -0.05733933,43.20786592,557.75 -0.05737665,43.20782650,548.14 -0.05741349,43.20778758,538.44 -0.05744986,43.20774916,528.65 -0.05748574,43.20771125,518.77 -0.05752115,43.20767385,508.80 -0.05755609,43.20763694,498.75 -0.05759057,43.20760052,488.61 -0.05762458,43.20756459,478.39 -0.05765813,43.20752915,468.09 -0.05769123,43.20749418,457.71 -0.05772388,43.20745969,447.25 -0.05775608,43.20742568,436.71 -0.05778784,43.20739213,426.10</coordinates></LineString></Placemark>
<Placemark><name>alpha 45 nominal — quadrillage_45</name><description>Motif : quadrillage_45 (45°, 135°)&lt;br/&gt;Pas : 150 m&lt;br/&gt;Segments : 14</description><styleUrl>#s_v3_2_m</styleUrl><MultiGeometry><LineString><altitudeMode>absolute</altitudeMode><coordinates>-0.05773897,43.20744375,398.96 -0.05776722,43.20741391,432.99</coordinates></LineString><LineString><altitudeMode>absolute</altitudeMode><coordinates>-0.05625244,43.20901409,398.96 -0.05727213,43.20793691,574.47</coordinates></LineString><LineString><altitudeMode>absolute</altitudeMode><coordinates>-0.05476592,43.21058442,398.96 -0.05666003,43.20858352,699.26</coordinates></LineString><LineString><altitudeMode>absolute</altitudeMode><coordinates>-0.05327940,43.21215476,398.96 -0.05588926,43.20939775,801.40</coordinates></LineString><LineString><altitudeMode>absolute</altitudeMode><coordinates>-0.05179287,43.21372509,398.96 -0.05488429,43.21045938,870.12</coordinates></LineString><LineString><altitudeMode>absolute</altitudeMode><coordinates>-0.05030635,43.21529543,398.96 -0.05348761,43.21193481,882.94</coordinates></LineString><LineString><altitudeMode>absolute</altitudeMode><coordinates>-0.04881982,43.21686576,398.96 -0.05133333,43.21421054,787.65</coordinates></LineString><LineString><altitudeMode>absolute</altitudeMode><coordinates>-0.05773897,43.20744375,398.96 -0.05457860,43.21078230,879.96</coordinates></LineString><LineString><altitudeMode>absolute</altitudeMode><coordinates>-0.05625244,43.20901409,398.96 -0.05312775,43.21231495,874.86</coordinates></LineString><LineString><altitudeMode>absolute</altitudeMode><coordinates>-0.05476592,43.21058442,398.96 -0.05197958,43.21352786,826.58</coordinates></LineString><LineString><altitudeMode>absolute</altitudeMode><coordinates>-0.05327940,43.21215476,398.96 -0.05094945,43.21461607,761.45</coordinates></LineString><LineString><altitudeMode>absolute</altitudeMode><coordinates>-0.05179287,43.21372509,398.96 -0.04998151,43.21563858,687.45</coordinates></LineString><LineString><altitudeMode>absolute</altitudeMode><coordinates>-0.05030635,43.21529543,398.96 -0.04905366,43.21661874,607.72</coordinates></LineString><LineString><altitudeMode>absolute</altitudeMode><coordinates>-0.04881982,43.21686577,398.96 -0.04816231,43.21756035,522.79</coordinates></LineString></MultiGeometry></Placemark>
<Placemark><name>alpha 45 nominal — trace au sol</name><description>Projection au sol</description><styleUrl>#s_v3_2</styleUrl><LineString><tessellate>1</tessellate><altitudeMode>clampToGround</altitudeMode><coordinates>-0.04733330,43.21843610,428.96 -0.04733334,43.21843606,428.96 -0.04733362,43.21843577,428.96 -0.04733407,43.21843529,428.96 -0.04733498,43.21843432,428.96 -0.04733624,43.21843299,428.96 -0.04733771,43.21843144,428.96 -0.04733966,43.21842938,428.96 -0.04734198,43.21842694,428.96 -0.04734465,43.21842412,428.96 -0.04734767,43.21842092,428.96 -0.04735104,43.21841736,428.96 -0.04735477,43.21841342,428.96 -0.04736511,43.21840250,428.96 -0.04738764,43.21837869,428.96 -0.04742359,43.21834072,428.96 -0.04746847,43.21829331,428.96 -0.04752229,43.21823645,428.96 -0.04753522,43.21822280,428.96 -0.04760378,43.21815037,428.96 -0.04767792,43.21807205,428.96 -0.04776035,43.21798497,428.96 -0.04780571,43.21793706,428.96 -0.04789987,43.21783759,428.96 -0.04800161,43.21773011,428.96 -0.04810247,43.21762356,428.96 -0.04821760,43.21750195,428.96 -0.04833920,43.21737349,428.96 -0.04846697,43.21723851,428.96 -0.04860045,43.21709751,428.96 -0.04873938,43.21695074,428.96 -0.04888344,43.21679856,428.96 -0.04903222,43.21664139,428.96 -0.04918441,43.21648062,428.96 -0.04933806,43.21631831,428.96 -0.04949191,43.21615579,428.96 -0.04964516,43.21599390,428.96 -0.04979725,43.21583323,428.96 -0.04994788,43.21567411,428.96 -0.05009698,43.21551661,428.96 -0.05024459,43.21536067,428.96 -0.05039076,43.21520626,428.96 -0.05053416,43.21505478,428.96 -0.05067363,43.21490744,428.96 -0.05080941,43.21476401,428.96 -0.05094171,43.21462425,428.96 -0.05107074,43.21448794,428.96 -0.05119668,43.21435490,428.96 -0.05131969,43.21422496,428.96 -0.05143993,43.21409793,428.96 -0.05155754,43.21397369,428.96 -0.05167266,43.21385209,428.96 -0.05178539,43.21373300,428.96 -0.05189585,43.21361630,428.96 -0.05200416,43.21350189,428.96 -0.05211040,43.21338967,428.96 -0.05224899,43.21324326,428.96 -0.05235074,43.21313578,428.96 -0.05245070,43.21303017,428.96 -0.05254895,43.21292639,428.96 -0.05264554,43.21282435,428.96 -0.05274056,43.21272398,428.96 -0.05283404,43.21262523,428.96 -0.05292605,43.21252803,428.96 -0.05301663,43.21243234,428.96 -0.05310585,43.21233808,428.96 -0.05319375,43.21224523,428.96 -0.05328036,43.21215374,428.96 -0.05336574,43.21206354,428.96 -0.05344992,43.21197462,428.96 -0.05353294,43.21188692,428.96 -0.05361482,43.21180042,428.96 -0.05369561,43.21171508,428.96 -0.05377533,43.21163086,428.96 -0.05385403,43.21154773,428.96 -0.05393171,43.21146566,428.96 -0.05398296,43.21141153,428.96 -0.05408417,43.21130461,428.96 -0.05415898,43.21122558,428.96 -0.05423289,43.21114750,428.96 -0.05430591,43.21107037,428.96 -0.05437806,43.21099415,428.96 -0.05444935,43.21091884,428.96 -0.05451982,43.21084440,428.96 -0.05458948,43.21077081,428.96 -0.05465833,43.21069808,428.96 -0.05472639,43.21062618,428.96 -0.05479369,43.21055509,428.96 -0.05486023,43.21048480,428.96 -0.05492602,43.21041530,428.96 -0.05499109,43.21034656,428.96 -0.05505543,43.21027859,428.96 -0.05511906,43.21021137,428.96 -0.05518200,43.21014488,428.96 -0.05526484,43.21005738,428.96 -0.05532617,43.20999258,428.96 -0.05538684,43.20992849,428.96 -0.05544685,43.20986510,428.96 -0.05550620,43.20980241,428.96 -0.05556490,43.20974040,428.96 -0.05562296,43.20967906,428.96 -0.05568039,43.20961839,428.96 -0.05573719,43.20955840,428.96 -0.05579337,43.20949905,428.96 -0.05584893,43.20944035,428.96 -0.05590387,43.20938231,428.96 -0.05595822,43.20932490,428.96 -0.05601196,43.20926813,428.96 -0.05606510,43.20921199,428.96 -0.05611766,43.20915647,428.96 -0.05616962,43.20910158,428.96 -0.05622101,43.20904730,428.96 -0.05627181,43.20899363,428.96 -0.05632204,43.20894057,428.96 -0.05637169,43.20888812,428.96 -0.05642078,43.20883626,428.96 -0.05646931,43.20878500,428.96 -0.05651727,43.20873433,428.96 -0.05656468,43.20868425,428.96 -0.05661153,43.20863475,428.96 -0.05665784,43.20858584,428.96 -0.05670360,43.20853750,428.96 -0.05674881,43.20848974,428.96 -0.05679349,43.20844254,428.96 -0.05683763,43.20839591,428.96 -0.05688123,43.20834985,428.96 -0.05692431,43.20830434,428.96 -0.05696686,43.20825939,428.96 -0.05700889,43.20821499,428.96 -0.05705041,43.20817114,428.96 -0.05709141,43.20812782,428.96 -0.05714527,43.20807092,428.96 -0.05718508,43.20802886,428.96 -0.05722439,43.20798734,428.96 -0.05726320,43.20794635,428.96 -0.05730151,43.20790588,428.96 -0.05733933,43.20786592,428.96 -0.05737665,43.20782650,428.96 -0.05741349,43.20778758,428.96 -0.05744986,43.20774916,428.96 -0.05748574,43.20771125,428.96 -0.05752115,43.20767385,428.96 -0.05755609,43.20763694,428.96 -0.05759057,43.20760052,428.96 -0.05762458,43.20756459,428.96 -0.05765813,43.20752915,428.96 -0.05769123,43.20749418,428.96 -0.05772388,43.20745969,428.96 -0.05775608,43.20742568,428.96 -0.05778784,43.20739213,428.96</coordinates></LineString></Placemark>
<Placemark><name>beta 45 nominal</name><description>Groupe : SP02 K570&lt;br/&gt;Fichier : beta_45.csv&lt;br/&gt;Pas de tir : Rampe FusEx&lt;br/&gt;Azimut : 214.6°&lt;br/&gt;Apogée : 1186 m&lt;br/&gt;Portée : 4229 m&lt;br/&gt;Points : 150 / 917&lt;br/&gt;Rideau : quadrillage_45</description><styleUrl>#s_v3_3</styleUrl><LineString><extrude>0</extrude><altitudeMode>absolute</altitudeMode><coordinates>-0.04733330,43.21843610,428.96 -0.04733362,43.21843577,428.99 -0.04733498,43.21843432,429.16 -0.04733771,43.21843144,429.52 -0.04734282,43.21842604,430.21 -0.04734875,43.21841978,431.03 -0.04735677,43.21841131,432.14 -0.04739862,43.21836709,437.72 -0.04748541,43.21827542,448.79 -0.04754465,43.21821283,456.02 -0.04767792,43.21807205,471.39 -0.04783625,43.21790480,488.81 -0.04803714,43.21769257,510.02 -0.04825742,43.21745988,532.38 -0.04851085,43.21719216,557.18 -0.04878685,43.21690059,583.28 -0.04908269,43.21658808,610.35 -0.04944066,43.21620993,641.97 -0.04974670,43.21588663,668.06 -0.05004745,43.21556893,692.82 -0.05034220,43.21525756,716.21 -0.05066378,43.21491784,740.77 -0.05108794,43.21446977,772.14 -0.05160786,43.21392054,809.63 -0.05231522,43.21317329,859.44 -0.05279664,43.21266473,892.70 -0.05328506,43.21214878,926.00 -0.05336824,43.21206091,931.63 -0.05346109,43.21196282,937.90 -0.05356015,43.21185818,944.58 -0.05367320,43.21173875,952.17 -0.05384649,43.21155569,963.77 -0.05401604,43.21137659,975.07 -0.05427330,43.21110482,992.13 -0.05474626,43.21060520,1023.22 -0.05482347,43.21052363,1028.26 -0.05491065,43.21043153,1033.95 -0.05500738,43.21032935,1040.24 -0.05512390,43.21020626,1047.80 -0.05525637,43.21006632,1056.38 -0.05542321,43.20989007,1067.13 -0.05562635,43.20967548,1080.18 -0.05601109,43.20926905,1104.72 -0.05641539,43.20884195,1130.28 -0.05660953,43.20863687,1142.46 -0.05703905,43.20818314,1169.23 -0.05720915,43.20800344,1179.76 -0.05724754,43.20796289,1182.13 -0.05729278,43.20791509,1184.92 -0.05733837,43.20786693,1187.73 -0.05738087,43.20782204,1190.35 -0.05743602,43.20776378,1193.73 -0.05748505,43.20771199,1196.74 -0.05753293,43.20766140,1199.68 -0.05759240,43.20759859,1203.32 -0.05763278,43.20755592,1205.79 -0.05770169,43.20748313,1210.00 -0.05774724,43.20743501,1212.77 -0.05782819,43.20734950,1217.70 -0.05790996,43.20726312,1222.66 -0.05800092,43.20716703,1228.17 -0.05810080,43.20706152,1234.21 -0.05821818,43.20693752,1241.27 -0.05838287,43.20676355,1251.14 -0.05857091,43.20656490,1262.35 -0.05898185,43.20613079,1286.59 -0.05940670,43.20568199,1311.24 -0.05996279,43.20509455,1342.81 -0.06049650,43.20453075,1372.26 -0.06099981,43.20399906,1399.17 -0.06147683,43.20349515,1423.82 -0.06193073,43.20301565,1446.41 -0.06243448,43.20248350,1470.40 -0.06284651,43.20204824,1489.08 -0.06324214,43.20163030,1506.15 -0.06362283,43.20122815,1521.72 -0.06398983,43.20084046,1535.85 -0.06434425,43.20046606,1548.63 -0.06474310,43.20004472,1561.93 -0.06507338,43.19969582,1571.99 -0.06539375,43.19935738,1580.89 -0.06570485,43.19902874,1588.66 -0.06600727,43.19870927,1595.34 -0.06630154,43.19839842,1600.97 -0.06658813,43.19809567,1605.59 -0.06691334,43.19775212,1609.72 -0.06718471,43.19746545,1612.23 -0.06744962,43.19718561,1613.81 -0.06779335,43.19682249,1614.51 -0.06796135,43.19664502,1614.27 -0.06820872,43.19638371,1613.18 -0.06845075,43.19612803,1611.25 -0.06872668,43.19583654,1607.95 -0.06895790,43.19559229,1604.24 -0.06918444,43.19535297,1599.73 -0.06940648,43.19511842,1594.43 -0.06962415,43.19488847,1588.38 -0.06983763,43.19466296,1581.56 -0.07004703,43.19444175,1574.00 -0.07028636,43.19418893,1564.26 -0.07048735,43.19397660,1555.13 -0.07068466,43.19376817,1545.30 -0.07087835,43.19356356,1534.78 -0.07106852,43.19336266,1523.57 -0.07125528,43.19316538,1511.70 -0.07146891,43.19293970,1497.01 -0.07164849,43.19275000,1483.71 -0.07182486,43.19256368,1469.78 -0.07199810,43.19238068,1455.23 -0.07216825,43.19220093,1440.05 -0.07233539,43.19202437,1424.28 -0.07249956,43.19185095,1407.91 -0.07268739,43.19165252,1388.07 -0.07284529,43.19148573,1370.46 -0.07300036,43.19132191,1352.28 -0.07315265,43.19116103,1333.56 -0.07330220,43.19100305,1314.30 -0.07344904,43.19084794,1294.51 -0.07359321,43.19069564,1274.21 -0.07375809,43.19052146,1249.90 -0.07389660,43.19037514,1228.53 -0.07403255,43.19023152,1206.67 -0.07416598,43.19009057,1184.36 -0.07429691,43.18995226,1161.59 -0.07442537,43.18981656,1138.37 -0.07455139,43.18968343,1114.72 -0.07469538,43.18953132,1086.60 -0.07481624,43.18940365,1062.06 -0.07493475,43.18927846,1037.11 -0.07505095,43.18915570,1011.79 -0.07516487,43.18903537,986.09 -0.07527653,43.18891741,960.02 -0.07538596,43.18880181,933.60 -0.07551087,43.18866985,902.35 -0.07561559,43.18855924,875.21 -0.07571816,43.18845088,847.75 -0.07581864,43.18834473,819.98 -0.07591704,43.18824078,791.92 -0.07601339,43.18813900,763.57 -0.07612325,43.18802294,730.14 -0.07621527,43.18792574,701.21 -0.07630532,43.18783061,672.01 -0.07639346,43.18773751,642.58 -0.07647969,43.18764642,612.90 -0.07656405,43.18755730,583.00 -0.07664658,43.18747012,552.89 -0.07674057,43.18737082,517.49 -0.07681921,43.18728775,486.93 -0.07689610,43.18720652,456.18 -0.07697128,43.18712711,425.25</coordinates></LineString></Placemark>
<Placemark><name>beta 45 nominal — quadrillage_45</name><description>Motif : quadrillage_45 (45°, 135°)&lt;br/&gt;Pas : 150 m&lt;br/&gt;Segments : 40</description><styleUrl>#s_v3_3_m</styleUrl><MultiGeometry><LineString><altitudeMode>absolute</altitudeMode><coordinates>-0.07557726,43.18859972,398.96 -0.07659010,43.18752978,573.50</coordinates></LineString><LineString><altitudeMode>absolute</altitudeMode><coordinates>-0.07409073,43.19017006,398.96 -0.07614761,43.18799721,722.48</coordinates></LineString><LineString><altitudeMode>absolute</altitudeMode><coordinates>-0.07260421,43.19174039,398.96 -0.07565583,43.18851672,864.44</coordinates></LineString><LineString><altitudeMode>absolute</altitudeMode><coordinates>-0.07111769,43.19331073,398.96 -0.07510942,43.18909394,998.59</coordinates></LineString><LineString><altitudeMode>absolute</altitudeMode><coordinates>-0.06963116,43.19488107,398.96 -0.07450184,43.18973578,1124.02</coordinates></LineString><LineString><altitudeMode>absolute</altitudeMode><coordinates>-0.06814464,43.19645140,398.96 -0.07382502,43.19045075,1239.57</coordinates></LineString><LineString><altitudeMode>absolute</altitudeMode><coordinates>-0.06665811,43.19802174,398.96 -0.07306909,43.19124930,1343.83</coordinates></LineString><LineString><altitudeMode>absolute</altitudeMode><coordinates>-0.06517159,43.19959207,398.96 -0.07222159,43.19214459,1435.02</coordinates></LineString><LineString><altitudeMode>absolute</altitudeMode><coordinates>-0.06368507,43.20116241,398.96 -0.07126682,43.19315318,1510.90</coordinates></LineString><LineString><altitudeMode>absolute</altitudeMode><coordinates>-0.06219854,43.20273274,398.96 -0.07018352,43.19429756,1568.44</coordinates></LineString><LineString><altitudeMode>absolute</altitudeMode><coordinates>-0.06071202,43.20430308,398.96 -0.06894884,43.19560186,1604.38</coordinates></LineString><LineString><altitudeMode>absolute</altitudeMode><coordinates>-0.05922549,43.20587342,398.96 -0.06752952,43.19710120,1613.97</coordinates></LineString><LineString><altitudeMode>absolute</altitudeMode><coordinates>-0.05773897,43.20744375,398.96 -0.06589504,43.19882783,1592.86</coordinates></LineString><LineString><altitudeMode>absolute</altitudeMode><coordinates>-0.05625244,43.20901409,398.96 -0.06401552,43.20081332,1536.78</coordinates></LineString><LineString><altitudeMode>absolute</altitudeMode><coordinates>-0.05476592,43.21058442,398.96 -0.06187705,43.20307236,1443.74</coordinates></LineString><LineString><altitudeMode>absolute</altitudeMode><coordinates>-0.05327940,43.21215476,398.96 -0.05949859,43.20558492,1316.46</coordinates></LineString><LineString><altitudeMode>absolute</altitudeMode><coordinates>-0.05179287,43.21372509,398.96 -0.05693488,43.20829317,1162.74</coordinates></LineString><LineString><altitudeMode>absolute</altitudeMode><coordinates>-0.05030635,43.21529543,398.96 -0.05423495,43.21114533,989.59</coordinates></LineString><LineString><altitudeMode>absolute</altitudeMode><coordinates>-0.04881982,43.21686576,398.96 -0.05136439,43.21417774,792.08</coordinates></LineString><LineString><altitudeMode>absolute</altitudeMode><coordinates>-0.07582710,43.18833580,817.57 -0.07075382,43.19369512,1541.55</coordinates></LineString><LineString><altitudeMode>absolute</altitudeMode><coordinates>-0.07690835,43.18719358,451.14 -0.06881151,43.19574693,1606.59</coordinates></LineString><LineString><altitudeMode>absolute</altitudeMode><coordinates>-0.07557726,43.18859973,398.96 -0.06728139,43.19736332,1612.81</coordinates></LineString><LineString><altitudeMode>absolute</altitudeMode><coordinates>-0.07409073,43.19017006,398.96 -0.06592935,43.19879159,1593.62</coordinates></LineString><LineString><altitudeMode>absolute</altitudeMode><coordinates>-0.07260421,43.19174040,398.96 -0.06467971,43.20011169,1559.81</coordinates></LineString><LineString><altitudeMode>absolute</altitudeMode><coordinates>-0.07111768,43.19331073,398.96 -0.06349638,43.20136173,1516.55</coordinates></LineString><LineString><altitudeMode>absolute</altitudeMode><coordinates>-0.06963116,43.19488107,398.96 -0.06235858,43.20256369,1466.78</coordinates></LineString><LineString><altitudeMode>absolute</altitudeMode><coordinates>-0.06814464,43.19645140,398.96 -0.06125384,43.20373071,1412.30</coordinates></LineString><LineString><altitudeMode>absolute</altitudeMode><coordinates>-0.06665811,43.19802174,398.96 -0.06017299,43.20487250,1354.41</coordinates></LineString><LineString><altitudeMode>absolute</altitudeMode><coordinates>-0.06517159,43.19959207,398.96 -0.05910971,43.20599573,1294.01</coordinates></LineString><LineString><altitudeMode>absolute</altitudeMode><coordinates>-0.06368506,43.20116241,398.96 -0.05805968,43.20710496,1231.72</coordinates></LineString><LineString><altitudeMode>absolute</altitudeMode><coordinates>-0.06219854,43.20273275,398.96 -0.05701955,43.20820373,1168.02</coordinates></LineString><LineString><altitudeMode>absolute</altitudeMode><coordinates>-0.06071202,43.20430308,398.96 -0.05598726,43.20929422,1103.20</coordinates></LineString><LineString><altitudeMode>absolute</altitudeMode><coordinates>-0.05922549,43.20587342,398.96 -0.05496242,43.21037685,1037.32</coordinates></LineString><LineString><altitudeMode>absolute</altitudeMode><coordinates>-0.05773897,43.20744375,398.96 -0.05394519,43.21145143,970.35</coordinates></LineString><LineString><altitudeMode>absolute</altitudeMode><coordinates>-0.05625244,43.20901409,398.96 -0.05293610,43.21251740,902.21</coordinates></LineString><LineString><altitudeMode>absolute</altitudeMode><coordinates>-0.05476592,43.21058442,398.96 -0.05193629,43.21357359,832.76</coordinates></LineString><LineString><altitudeMode>absolute</altitudeMode><coordinates>-0.05327939,43.21215476,398.96 -0.05094737,43.21461826,761.75</coordinates></LineString><LineString><altitudeMode>absolute</altitudeMode><coordinates>-0.05179287,43.21372509,398.96 -0.04998176,43.21563832,687.41</coordinates></LineString><LineString><altitudeMode>absolute</altitudeMode><coordinates>-0.05030635,43.21529543,398.96 -0.04905378,43.21661862,607.71</coordinates></LineString><LineString><altitudeMode>absolute</altitudeMode><coordinates>-0.04881982,43.21686577,398.96 -0.04816258,43.21756007,522.75</coordinates></LineString></MultiGeometry></Placemark>
<Placemark><name>beta 45 nominal — trace au sol</name><description>Projection au sol</description><styleUrl>#s_v3_3</styleUrl><LineString><tessellate>1</tessellate><altitudeMode>clampToGround</altitudeMode><coordinates>-0.04733330,43.21843610,428.96 -0.04733362,43.21843577,428.96 -0.04733498,43.21843432,428.96 -0.04733771,43.21843144,428.96 -0.04734282,43.21842604,428.96 -0.04734875,43.21841978,428.96 -0.04735677,43.21841131,428.96 -0.04739862,43.21836709,428.96 -0.04748541,43.21827542,428.96 -0.04754465,43.21821283,428.96 -0.04767792,43.21807205,428.96 -0.04783625,43.21790480,428.96 -0.04803714,43.21769257,428.96 -0.04825742,43.21745988,428.96 -0.04851085,43.21719216,428.96 -0.04878685,43.21690059,428.96 -0.04908269,43.21658808,428.96 -0.04944066,43.21620993,428.96 -0.04974670,43.21588663,428.96 -0.05004745,43.21556893,428.96 -0.05034220,43.21525756,428.96 -0.05066378,43.21491784,428.96 -0.05108794,43.21446977,428.96 -0.05160786,43.21392054,428.96 -0.05231522,43.21317329,428.96 -0.05279664,43.21266473,428.96 -0.05328506,43.21214878,428.96 -0.05336824,43.21206091,428.96 -0.05346109,43.21196282,428.96 -0.05356015,43.21185818,428.96 -0.05367320,43.21173875,428.96 -0.05384649,43.21155569,428.96 -0.05401604,43.21137659,428.96 -0.05427330,43.21110482,428.96 -0.05474626,43.21060520,428.96 -0.05482347,43.21052363,428.96 -0.05491065,43.21043153,428.96 -0.05500738,43.21032935,428.96 -0.05512390,43.21020626,428.96 -0.05525637,43.21006632,428.96 -0.05542321,43.20989007,428.96 -0.05562635,43.20967548,428.96 -0.05601109,43.20926905,428.96 -0.05641539,43.20884195,428.96 -0.05660953,43.20863687,428.96 -0.05703905,43.20818314,428.96 -0.05720915,43.20800344,428.96 -0.05724754,43.20796289,428.96 -0.05729278,43.20791509,428.96 -0.05733837,43.20786693,428.96 -0.05738087,43.20782204,428.96 -0.05743602,43.20776378,428.96 -0.05748505,43.20771199,428.96 -0.05753293,43.20766140,428.96 -0.05759240,43.20759859,428.96 -0.05763278,43.20755592,428.96 -0.05770169,43.20748313,428.96 -0.05774724,43.20743501,428.96 -0.05782819,43.20734950,428.96 -0.05790996,43.20726312,428.96 -0.05800092,43.20716703,428.96 -0.05810080,43.20706152,428.96 -0.05821818,43.20693752,428.96 -0.05838287,43.20676355,428.96 -0.05857091,43.20656490,428.96 -0.05898185,43.20613079,428.96 -0.05940670,43.20568199,428.96 -0.05996279,43.20509455,428.96 -0.06049650,43.20453075,428.96 -0.06099981,43.20399906,428.96 -0.06147683,43.20349515,428.96 -0.06193073,43.20301565,428.96 -0.06243448,43.20248350,428.96 -0.06284651,43.20204824,428.96 -0.06324214,43.20163030,428.96 -0.06362283,43.20122815,428.96 -0.06398983,43.20084046,428.96 -0.06434425,43.20046606,428.96 -0.06474310,43.20004472,428.96 -0.06507338,43.19969582,428.96 -0.06539375,43.19935738,428.96 -0.06570485,43.19902874,428.96 -0.06600727,43.19870927,428.96 -0.06630154,43.19839842,428.96 -0.06658813,43.19809567,428.96 -0.06691334,43.19775212,428.96 -0.06718471,43.19746545,428.96 -0.06744962,43.19718561,428.96 -0.06779335,43.19682249,428.96 -0.06796135,43.19664502,428.96 -0.06820872,43.19638371,428.96 -0.06845075,43.19612803,428.96 -0.06872668,43.19583654,428.96 -0.06895790,43.19559229,428.96 -0.06918444,43.19535297,428.96 -0.06940648,43.19511842,428.96 -0.06962415,43.19488847,428.96 -0.06983763,43.19466296,428.96 -0.07004703,43.19444175,428.96 -0.07028636,43.19418893,428.96 -0.07048735,43.19397660,428.96 -0.07068466,43.19376817,428.96 -0.07087835,43.19356356,428.96 -0.07106852,43.19336266,428.96 -0.07125528,43.19316538,428.96 -0.07146891,43.19293970,428.96 -0.07164849,43.19275000,428.96 -0.07182486,43.19256368,428.96 -0.07199810,43.19238068,428.96 -0.07216825,43.19220093,428.96 -0.07233539,43.19202437,428.96 -0.07249956,43.19185095,428.96 -0.07268739,43.19165252,428.96 -0.07284529,43.19148573,428.96 -0.07300036,43.19132191,428.96 -0.07315265,43.19116103,428.96 -0.07330220,43.19100305,428.96 -0.07344904,43.19084794,428.96 -0.07359321,43.19069564,428.96 -0.07375809,43.19052146,428.96 -0.07389660,43.19037514,428.96 -0.07403255,43.19023152,428.96 -0.07416598,43.19009057,428.96 -0.07429691,43.18995226,428.96 -0.07442537,43.18981656,428.96 -0.07455139,43.18968343,428.96 -0.07469538,43.18953132,428.96 -0.07481624,43.18940365,428.96 -0.07493475,43.18927846,428.96 -0.07505095,43.18915570,428.96 -0.07516487,43.18903537,428.96 -0.07527653,43.18891741,428.96 -0.07538596,43.18880181,428.96 -0.07551087,43.18866985,428.96 -0.07561559,43.18855924,428.96 -0.07571816,43.18845088,428.96 -0.07581864,43.18834473,428.96 -0.07591704,43.18824078,428.96 -0.07601339,43.18813900,428.96 -0.07612325,43.18802294,428.96 -0.07621527,43.18792574,428.96 -0.07630532,43.18783061,428.96 -0.07639346,43.18773751,428.96 -0.07647969,43.18764642,428.96 -0.07656405,43.18755730,428.96 -0.07664658,43.18747012,428.96 -0.07674057,43.18737082,428.96 -0.07681921,43.18728775,428.96 -0.07689610,43.18720652,428.96 -0.07697128,43.18712711,428.96</coordinates></LineString></Placemark>
</Folder>
<Folder><name>SP02 K1200</name><open>1</open>
<Placemark><name>alpha 80 nominal</name><description>Groupe : SP02 K1200&lt;br/&gt;Fichier : alpha_80.csv&lt;br/&gt;Pas de tir : Rampe FusEx&lt;br/&gt;Azimut : 214.6°&lt;br/&gt;Apogée : 878 m&lt;br/&gt;Portée : 344 m&lt;br/&gt;Points : 150 / 354&lt;br/&gt;Rideau : quadrillage_45</description><styleUrl>#s_v4_0</styleUrl><LineString><extrude>0</extrude><altitudeMode>absolute</altitudeMode><coordinates>-0.04733330,43.21843610,428.96 -0.04733331,43.21843609,428.97 -0.04733343,43.21843597,429.05 -0.04733358,43.21843580,429.17 -0.04733379,43.21843558,429.34 -0.04733422,43.21843512,429.68 -0.04733459,43.21843474,429.97 -0.04733525,43.21843404,430.49 -0.04733576,43.21843350,430.90 -0.04733634,43.21843289,431.37 -0.04733732,43.21843185,432.15 -0.04733805,43.21843108,432.74 -0.04733906,43.21843002,433.54 -0.04734249,43.21842640,436.27 -0.04734829,43.21842027,440.82 -0.04736062,43.21840724,450.40 -0.04737094,43.21839634,458.33 -0.04738298,43.21838362,467.49 -0.04740431,43.21836108,483.47 -0.04742069,43.21834378,495.55 -0.04743869,43.21832477,508.74 -0.04746857,43.21829321,530.49 -0.04749039,43.21827016,546.23 -0.04751366,43.21824557,562.91 -0.04754329,43.21821427,584.01 -0.04755342,43.21820357,591.20 -0.04756105,43.21819551,596.61 -0.04756741,43.21818879,601.10 -0.04758166,43.21817374,611.16 -0.04761940,43.21813387,637.62 -0.04764430,43.21810756,654.97 -0.04766902,43.21808145,672.09 -0.04770056,43.21804814,693.78 -0.04772455,43.21802279,710.18 -0.04775965,43.21798572,733.97 -0.04778248,43.21796160,749.34 -0.04780488,43.21793793,764.31 -0.04783772,43.21790324,786.09 -0.04785915,43.21788061,800.17 -0.04788020,43.21785837,813.91 -0.04791113,43.21782569,833.92 -0.04793135,43.21780433,846.88 -0.04796109,43.21777291,865.76 -0.04798054,43.21775236,877.98 -0.04799972,43.21773211,889.94 -0.04802797,43.21770226,907.37 -0.04804649,43.21768270,918.67 -0.04806475,43.21766341,929.73 -0.04809171,43.21763494,945.86 -0.04810939,43.21761625,956.32 -0.04812686,43.21759780,966.56 -0.04815268,43.21757052,981.50 -0.04816964,43.21755261,991.20 -0.04819472,43.21752612,1005.36 -0.04821120,43.21750870,1014.54 -0.04822751,43.21749147,1023.54 -0.04825167,43.21746596,1036.66 -0.04826756,43.21744917,1045.18 -0.04828330,43.21743254,1053.52 -0.04830661,43.21740791,1065.70 -0.04832198,43.21739168,1073.60 -0.04834476,43.21736761,1085.13 -0.04835978,43.21735175,1092.61 -0.04837467,43.21733602,1099.92 -0.04839676,43.21731268,1110.60 -0.04841134,43.21729728,1117.53 -0.04842580,43.21728201,1124.30 -0.04844727,43.21725932,1134.17 -0.04846146,43.21724434,1140.57 -0.04847554,43.21722946,1146.82 -0.04849645,43.21720737,1155.93 -0.04851028,43.21719276,1161.83 -0.04853083,43.21717105,1170.42 -0.04854443,43.21715669,1175.98 -0.04855792,43.21714243,1181.40 -0.04857801,43.21712121,1189.29 -0.04859131,43.21710716,1194.39 -0.04860452,43.21709321,1199.36 -0.04862419,43.21707243,1206.58 -0.04863721,43.21705868,1211.23 -0.04865660,43.21703819,1217.99 -0.04866944,43.21702463,1222.34 -0.04868222,43.21701113,1226.57 -0.04870125,43.21699102,1232.69 -0.04871386,43.21697770,1236.63 -0.04872642,43.21696443,1240.45 -0.04874513,43.21694467,1245.96 -0.04875754,43.21693156,1249.49 -0.04876989,43.21691852,1252.91 -0.04878832,43.21689905,1257.84 -0.04880053,43.21688614,1260.98 -0.04881877,43.21686688,1265.49 -0.04883087,43.21685410,1268.36 -0.04884291,43.21684137,1271.12 -0.04886090,43.21682237,1275.06 -0.04887284,43.21680976,1277.55 -0.04888473,43.21679720,1279.94 -0.04890248,43.21677844,1283.33 -0.04891428,43.21676598,1285.46 -0.04893189,43.21674738,1288.46 -0.04894358,43.21673503,1290.33 -0.04895523,43.21672272,1292.10 -0.04897264,43.21670434,1294.56 -0.04898420,43.21669212,1296.08 -0.04899573,43.21667994,1297.50 -0.04901294,43.21666176,1299.43 -0.04902439,43.21664967,1300.60 -0.04903579,43.21663762,1301.67 -0.04905284,43.21661961,1303.09 -0.04906416,43.21660766,1303.91 -0.04908108,43.21658978,1304.97 -0.04909233,43.21657790,1305.55 -0.04910353,43.21656606,1306.04 -0.04912029,43.21654835,1306.59 -0.04913144,43.21653658,1306.84 -0.04914254,43.21652485,1306.99 -0.04915363,43.21651314,1307.05 -0.04917584,43.21648967,1306.89 -0.04920930,43.21645433,1305.87 -0.04923159,43.21643078,1304.65 -0.04925393,43.21640719,1302.96 -0.04928754,43.21637168,1299.50 -0.04931010,43.21634785,1296.52 -0.04933286,43.21632380,1292.93 -0.04936753,43.21628718,1286.25 -0.04939113,43.21626225,1280.79 -0.04942753,43.21622379,1270.72 -0.04945268,43.21619723,1262.46 -0.04947874,43.21616970,1252.58 -0.04952005,43.21612606,1233.64 -0.04954954,43.21609491,1217.03 -0.04958114,43.21606152,1195.42 -0.04963196,43.21600784,1148.15 -0.04965903,43.21597924,1112.29 -0.04967968,43.21595743,1075.77 -0.04970170,43.21593417,1020.40 -0.04971200,43.21592329,983.32 -0.04972290,43.21591177,927.64 -0.04972798,43.21590641,890.54 -0.04973181,43.21590236,853.48 -0.04973584,43.21589811,798.00 -0.04973771,43.21589612,761.09 -0.04973912,43.21589464,724.23 -0.04974059,43.21589308,669.08 -0.04974128,43.21589236,632.39 -0.04974200,43.21589160,577.49 -0.04974233,43.21589125,540.96 -0.04974258,43.21589099,504.50 -0.04974284,43.21589070,449.92 -0.04974291,43.21589063,428.96</coordinates></LineString></Placemark>
<Placemark><name>alpha 80 nominal — quadrillage_45</name><description>Motif : quadrillage_45 (45°, 135°)&lt;br/&gt;Pas : 150 m&lt;br/&gt;Segments : 9</description><styleUrl>#s_v4_0_m</styleUrl><MultiGeometry><LineString><altitudeMode>absolute</altitudeMode><coordinates>-0.04881982,43.21686576,398.96 -0.04974215,43.21589144,560.58</coordinates></LineString><LineString><altitudeMode>absolute</altitudeMode><coordinates>-0.04733330,43.21843610,398.96 -0.04973716,43.21589671,772.00</coordinates></LineString><LineString><altitudeMode>absolute</altitudeMode><coordinates>-0.04770004,43.21804868,693.43 -0.04971252,43.21592273,980.62</coordinates></LineString><LineString><altitudeMode>absolute</altitudeMode><coordinates>-0.04812666,43.21759801,966.44 -0.04960111,43.21604043,1176.85</coordinates></LineString><LineString><altitudeMode>absolute</altitudeMode><coordinates>-0.04961489,43.21602587,1164.03 -0.04885142,43.21683239,1272.98</coordinates></LineString><LineString><altitudeMode>absolute</altitudeMode><coordinates>-0.04972112,43.21591366,936.74 -0.04842136,43.21728669,1122.22</coordinates></LineString><LineString><altitudeMode>absolute</altitudeMode><coordinates>-0.04973917,43.21589458,722.03 -0.04810706,43.21761872,954.94</coordinates></LineString><LineString><altitudeMode>absolute</altitudeMode><coordinates>-0.04974254,43.21589102,509.42 -0.04783171,43.21790959,782.10</coordinates></LineString><LineString><altitudeMode>absolute</altitudeMode><coordinates>-0.04881982,43.21686576,398.96 -0.04757517,43.21818060,606.58</coordinates></LineString></MultiGeometry></Placemark>
<Placemark><name>alpha 80 nominal — trace au sol</name><description>Projection au sol</description><styleUrl>#s_v4_0</styleUrl><LineString><tessellate>1</tessellate><altitudeMode>clampToGround</altitudeMode><coordinates>-0.04733330,43.21843610,428.96 -0.04733331,43.21843609,428.96 -0.04733343,43.21843597,428.96 -0.04733358,43.21843580,428.96 -0.04733379,43.21843558,428.96 -0.04733422,43.21843512,428.96 -0.04733459,43.21843474,428.96 -0.04733525,43.21843404,428.96 -0.04733576,43.21843350,428.96 -0.04733634,43.21843289,428.96 -0.04733732,43.21843185,428.96 -0.04733805,43.21843108,428.96 -0.04733906,43.21843002,428.96 -0.04734249,43.21842640,428.96 -0.04734829,43.21842027,428.96 -0.04736062,43.21840724,428.96 -0.04737094,43.21839634,428.96 -0.04738298,43.21838362,428.96 -0.04740431,43.21836108,428.96 -0.04742069,43.21834378,428.96 -0.04743869,43.21832477,428.96 -0.04746857,43.21829321,428.96 -0.04749039,43.21827016,428.96 -0.04751366,43.21824557,428.96 -0.04754329,43.21821427,428.96 -0.04755342,43.21820357,428.96 -0.04756105,43.21819551,428.96 -0.04756741,43.21818879,428.96 -0.04758166,43.21817374,428.96 -0.04761940,43.21813387,428.96 -0.04764430,43.21810756,428.96 -0.04766902,43.21808145,428.96 -0.04770056,43.21804814,428.96 -0.04772455,43.21802279,428.96 -0.04775965,43.21798572,428.96 -0.04778248,43.21796160,428.96 -0.04780488,43.21793793,428.96 -0.04783772,43.21790324,428.96 -0.04785915,43.21788061,428.96 -0.04788020,43.21785837,428.96 -0.04791113,43.21782569,428.96 -0.04793135,43.21780433,428.96 -0.04796109,43.21777291,428.96 -0.04798054,43.21775236,428.96 -0.04799972,43.21773211,428.96 -0.04802797,43.21770226,428.96 -0.04804649,43.21768270,428.96 -0.04806475,43.21766341,428.96 -0.04809171,43.21763494,428.96 -0.04810939,43.21761625,428.96 -0.04812686,43.21759780,428.96 -0.04815268,43.21757052,428.96 -0.04816964,43.21755261,428.96 -0.04819472,43.21752612,428.96 -0.04821120,43.21750870,428.96 -0.04822751,43.21749147,428.96 -0.04825167,43.21746596,428.96 -0.04826756,43.21744917,428.96 -0.04828330,43.21743254,428.96 -0.04830661,43.21740791,428.96 -0.04832198,43.21739168,428.96 -0.04834476,43.21736761,428.96 -0.04835978,43.21735175,428.96 -0.04837467,43.21733602,428.96 -0.04839676,43.21731268,428.96 -0.04841134,43.21729728,428.96 -0.04842580,43.21728201,428.96 -0.04844727,43.21725932,428.96 -0.04846146,43.21724434,428.96 -0.04847554,43.21722946,428.96 -0.04849645,43.21720737,428.96 -0.04851028,43.21719276,428.96 -0.04853083,43.21717105,428.96 -0.04854443,43.21715669,428.96 -0.04855792,43.21714243,428.96 -0.04857801,43.21712121,428.96 -0.04859131,43.21710716,428.96 -0.04860452,43.21709321,428.96 -0.04862419,43.21707243,428.96 -0.04863721,43.21705868,428.96 -0.04865660,43.21703819,428.96 -0.04866944,43.21702463,428.96 -0.04868222,43.21701113,428.96 -0.04870125,43.21699102,428.96 -0.04871386,43.21697770,428.96 -0.04872642,43.21696443,428.96 -0.04874513,43.21694467,428.96 -0.04875754,43.21693156,428.96 -0.04876989,43.21691852,428.96 -0.04878832,43.21689905,428.96 -0.04880053,43.21688614,428.96 -0.04881877,43.21686688,428.96 -0.04883087,43.21685410,428.96 -0.04884291,43.21684137,428.96 -0.04886090,43.21682237,428.96 -0.04887284,43.21680976,428.96 -0.04888473,43.21679720,428.96 -0.04890248,43.21677844,428.96 -0.04891428,43.21676598,428.96 -0.04893189,43.21674738,428.96 -0.04894358,43.21673503,428.96 -0.04895523,43.21672272,428.96 -0.04897264,43.21670434,428.96 -0.04898420,43.21669212,428.96 -0.04899573,43.21667994,428.96 -0.04901294,43.21666176,428.96 -0.04902439,43.21664967,428.96 -0.04903579,43.21663762,428.96 -0.04905284,43.21661961,428.96 -0.04906416,43.21660766,428.96 -0.04908108,43.21658978,428.96 -0.04909233,43.21657790,428.96 -0.04910353,43.21656606,428.96 -0.04912029,43.21654835,428.96 -0.04913144,43.21653658,428.96 -0.04914254,43.21652485,428.96 -0.04915363,43.21651314,428.96 -0.04917584,43.21648967,428.96 -0.04920930,43.21645433,428.96 -0.04923159,43.21643078,428.96 -0.04925393,43.21640719,428.96 -0.04928754,43.21637168,428.96 -0.04931010,43.21634785,428.96 -0.04933286,43.21632380,428.96 -0.04936753,43.21628718,428.96 -0.04939113,43.21626225,428.96 -0.04942753,43.21622379,428.96 -0.04945268,43.21619723,428.96 -0.04947874,43.21616970,428.96 -0.04952005,43.21612606,428.96 -0.04954954,43.21609491,428.96 -0.04958114,43.21606152,428.96 -0.04963196,43.21600784,428.96 -0.04965903,43.21597924,428.96 -0.04967968,43.21595743,428.96 -0.04970170,43.21593417,428.96 -0.04971200,43.21592329,428.96 -0.04972290,43.21591177,428.96 -0.04972798,43.21590641,428.96 -0.04973181,43.21590236,428.96 -0.04973584,43.21589811,428.96 -0.04973771,43.21589612,428.96 -0.04973912,43.21589464,428.96 -0.04974059,43.21589308,428.96 -0.04974128,43.21589236,428.96 -0.04974200,43.21589160,428.96 -0.04974233,43.21589125,428.96 -0.04974258,43.21589099,428.96 -0.04974284,43.21589070,428.96 -0.04974291,43.21589063,428.96</coordinates></LineString></Placemark>
<Placemark><name>beta 80 nominal</name><description>Groupe : SP02 K1200&lt;br/&gt;Fichier : beta_80.csv&lt;br/&gt;Pas de tir : Rampe FusEx&lt;br/&gt;Azimut : 214.6°&lt;br/&gt;Apogée : 2990 m&lt;br/&gt;Portée : 962 m&lt;br/&gt;Points : 150 / 740&lt;br/&gt;Rideau : quadrillage_45</description><styleUrl>#s_v4_1</styleUrl><LineString><extrude>0</extrude><altitudeMode>absolute</altitudeMode><coordinates>-0.04733330,43.21843610,428.96 -0.04733343,43.21843597,429.05 -0.04733392,43.21843544,429.44 -0.04733479,43.21843452,430.13 -0.04733605,43.21843320,431.13 -0.04733768,43.21843147,432.44 -0.04734076,43.21842822,434.90 -0.04735610,43.21841202,446.89 -0.04738298,43.21838362,467.49 -0.04742069,43.21834378,495.55 -0.04746857,43.21829321,530.49 -0.04752582,43.21823273,571.58 -0.04755596,43.21820088,593.01 -0.04756741,43.21818879,601.10 -0.04761940,43.21813387,637.62 -0.04768132,43.21806846,680.57 -0.04774330,43.21800299,722.97 -0.04783887,43.21790202,787.68 -0.04796107,43.21777294,869.74 -0.04807325,43.21765443,944.61 -0.04814852,43.21757492,994.65 -0.04822438,43.21749478,1044.95 -0.04833318,43.21737985,1116.89 -0.04845450,43.21725169,1196.85 -0.04852673,43.21717539,1244.34 -0.04859593,43.21710228,1289.76 -0.04872921,43.21696149,1377.03 -0.04875691,43.21693223,1395.13 -0.04879125,43.21689595,1417.55 -0.04882978,43.21685525,1442.69 -0.04887056,43.21681217,1469.25 -0.04893051,43.21674884,1508.25 -0.04902493,43.21664909,1569.53 -0.04904386,43.21662910,1581.77 -0.04906006,43.21661199,1592.26 -0.04908060,43.21659028,1605.55 -0.04910276,43.21656688,1619.87 -0.04912860,43.21653958,1636.55 -0.04915496,43.21651173,1653.55 -0.04919239,43.21647220,1677.66 -0.04923564,43.21642650,1705.47 -0.04932235,43.21633491,1761.05 -0.04943424,43.21621671,1832.41 -0.04952360,43.21612231,1889.06 -0.04964163,43.21599762,1963.39 -0.04975325,43.21587971,2033.08 -0.04985944,43.21576753,2098.78 -0.04996092,43.21566033,2160.97 -0.05005825,43.21555751,2220.02 -0.05015187,43.21545861,2276.22 -0.05024217,43.21536322,2329.82 -0.05032945,43.21527102,2381.03 -0.05041398,43.21518173,2430.02 -0.05049598,43.21509511,2476.95 -0.05057566,43.21501093,2521.95 -0.05065321,43.21492901,2565.13 -0.05072878,43.21484918,2606.61 -0.05080250,43.21477131,2646.48 -0.05087451,43.21469524,2684.81 -0.05094492,43.21462086,2721.69 -0.05101384,43.21454805,2757.19 -0.05108135,43.21447673,2791.35 -0.05114756,43.21440679,2824.25 -0.05119963,43.21435179,2849.69 -0.05126366,43.21428414,2880.42 -0.05132659,43.21421767,2910.02 -0.05138848,43.21415229,2938.53 -0.05144938,43.21408796,2965.97 -0.05150934,43.21402461,2992.39 -0.05156843,43.21396219,3017.81 -0.05162668,43.21390065,3042.27 -0.05168414,43.21383995,3065.79 -0.05174085,43.21378004,3088.39 -0.05179686,43.21372088,3110.11 -0.05185219,43.21366243,3130.96 -0.05190688,43.21360465,3150.96 -0.05196097,43.21354752,3170.13 -0.05201448,43.21349099,3188.49 -0.05206744,43.21343504,3206.06 -0.05211988,43.21337965,3222.85 -0.05217183,43.21332477,3238.87 -0.05222331,43.21327039,3254.14 -0.05227434,43.21321648,3268.68 -0.05232495,43.21316302,3282.48 -0.05237516,43.21310998,3295.57 -0.05242498,43.21305735,3307.95 -0.05247443,43.21300511,3319.64 -0.05251375,43.21296357,3328.49 -0.05256259,43.21291197,3338.94 -0.05261112,43.21286071,3348.72 -0.05265935,43.21280977,3357.83 -0.05270729,43.21275912,3366.28 -0.05275494,43.21270878,3374.08 -0.05280234,43.21265871,3381.24 -0.05284949,43.21260890,3387.75 -0.05289640,43.21255935,3393.62 -0.05294308,43.21251004,3398.86 -0.05298953,43.21246097,3403.48 -0.05303576,43.21241213,3407.47 -0.05308180,43.21236349,3410.85 -0.05312764,43.21231507,3413.61 -0.05317329,43.21226684,3415.76 -0.05321877,43.21221881,3417.30 -0.05326407,43.21217095,3418.24 -0.05330922,43.21212325,3418.57 -0.05337534,43.21205340,3417.95 -0.05345631,43.21196786,3415.12 -0.05353748,43.21188212,3409.47 -0.05361864,43.21179638,3400.29 -0.05370041,43.21171001,3386.39 -0.05378417,43.21162152,3365.43 -0.05387212,43.21152861,3331.85 -0.05394738,43.21144912,3285.24 -0.05401561,43.21137704,3204.20 -0.05404686,43.21134402,3121.39 -0.05406096,43.21132913,3038.46 -0.05406729,43.21132244,2955.77 -0.05407011,43.21131946,2873.40 -0.05407137,43.21131813,2791.38 -0.05407193,43.21131754,2709.70 -0.05407217,43.21131728,2628.36 -0.05407228,43.21131717,2547.35 -0.05407233,43.21131712,2466.67 -0.05407235,43.21131710,2386.31 -0.05407235,43.21131709,2306.28 -0.05407236,43.21131708,2226.57 -0.05407236,43.21131708,2147.18 -0.05407236,43.21131708,2068.11 -0.05407236,43.21131708,1989.35 -0.05407235,43.21131709,1910.89 -0.05407235,43.21131709,1832.73 -0.05407235,43.21131709,1754.88 -0.05407235,43.21131709,1677.34 -0.05407235,43.21131709,1600.09 -0.05407235,43.21131709,1523.13 -0.05407235,43.21131709,1446.47 -0.05407235,43.21131709,1370.08 -0.05407235,43.21131709,1309.18 -0.05407235,43.21131709,1233.32 -0.05407235,43.21131709,1157.73 -0.05407235,43.21131710,1082.43 -0.05407235,43.21131710,1007.40 -0.05407235,43.21131710,932.64 -0.05407235,43.21131710,858.15 -0.05407235,43.21131710,783.93 -0.05407235,43.21131710,709.98 -0.05407235,43.21131710,636.29 -0.05407235,43.21131710,562.87 -0.05407235,43.21131710,489.71 -0.05407235,43.21131710,428.96</coordinates></LineString></Placemark>
<Placemark><name>beta 80 nominal — quadrillage_45</name><description>Motif : quadrillage_45 (45°, 135°)&lt;br/&gt;Pas : 150 m&lt;br/&gt;Segments : 33</description><styleUrl>#s_v4_1_m</styleUrl><MultiGeometry><LineString><altitudeMode>absolute</altitudeMode><coordinates>-0.05327940,43.21215476,398.96 -0.05407236,43.21131709,542.12</coordinates></LineString><LineString><altitudeMode>absolute</altitudeMode><coordinates>-0.05179287,43.21372509,398.96 -0.05407236,43.21131709,754.25</coordinates></LineString><LineString><altitudeMode>absolute</altitudeMode><coordinates>-0.05030635,43.21529543,398.96 -0.05407236,43.21131709,966.38</coordinates></LineString><LineString><altitudeMode>absolute</altitudeMode><coordinates>-0.04881982,43.21686576,398.96 -0.05407236,43.21131709,1178.51</coordinates></LineString><LineString><altitudeMode>absolute</altitudeMode><coordinates>-0.04733330,43.21843610,398.96 -0.05407236,43.21131709,1390.65</coordinates></LineString><LineString><altitudeMode>absolute</altitudeMode><coordinates>-0.04770013,43.21804858,693.44 -0.05407236,43.21131709,1602.78</coordinates></LineString><LineString><altitudeMode>absolute</altitudeMode><coordinates>-0.04810046,43.21762569,962.70 -0.05407236,43.21131709,1814.91</coordinates></LineString><LineString><altitudeMode>absolute</altitudeMode><coordinates>-0.04850987,43.21719319,1233.26 -0.05407236,43.21131709,2027.04</coordinates></LineString><LineString><altitudeMode>absolute</altitudeMode><coordinates>-0.04892493,43.21675474,1504.62 -0.05407236,43.21131709,2239.17</coordinates></LineString><LineString><altitudeMode>absolute</altitudeMode><coordinates>-0.04934742,43.21630842,1777.04 -0.05407233,43.21131712,2451.30</coordinates></LineString><LineString><altitudeMode>absolute</altitudeMode><coordinates>-0.04978269,43.21584861,2051.29 -0.05407207,43.21131740,2663.40</coordinates></LineString><LineString><altitudeMode>absolute</altitudeMode><coordinates>-0.05024033,43.21536516,2328.73 -0.05407005,43.21131953,2875.24</coordinates></LineString><LineString><altitudeMode>absolute</altitudeMode><coordinates>-0.05073870,43.21483870,2611.98 -0.05405306,43.21133748,3084.95</coordinates></LineString><LineString><altitudeMode>absolute</altitudeMode><coordinates>-0.05132043,43.21422418,2907.12 -0.05394981,43.21144655,3282.35</coordinates></LineString><LineString><altitudeMode>absolute</altitudeMode><coordinates>-0.05218406,43.21331185,3242.50 -0.05340602,43.21202099,3416.88</coordinates></LineString><LineString><altitudeMode>absolute</altitudeMode><coordinates>-0.05390909,43.21148956,3308.95 -0.05316377,43.21227690,3415.31</coordinates></LineString><LineString><altitudeMode>absolute</altitudeMode><coordinates>-0.05405457,43.21133588,3076.06 -0.05242670,43.21305553,3308.36</coordinates></LineString><LineString><altitudeMode>absolute</altitudeMode><coordinates>-0.05407029,43.21131927,2861.68 -0.05194600,43.21356334,3164.83</coordinates></LineString><LineString><altitudeMode>absolute</altitudeMode><coordinates>-0.05407211,43.21131735,2649.29 -0.05154882,43.21398291,3009.37</coordinates></LineString><LineString><altitudeMode>absolute</altitudeMode><coordinates>-0.05407233,43.21131711,2437.13 -0.05119548,43.21435616,2847.66</coordinates></LineString><LineString><altitudeMode>absolute</altitudeMode><coordinates>-0.05407236,43.21131708,2224.99 -0.05086935,43.21470068,2682.07</coordinates></LineString><LineString><altitudeMode>absolute</altitudeMode><coordinates>-0.05407236,43.21131708,2012.86 -0.05056139,43.21502601,2513.89</coordinates></LineString><LineString><altitudeMode>absolute</altitudeMode><coordinates>-0.05407236,43.21131708,1800.73 -0.05026615,43.21533790,2343.88</coordinates></LineString><LineString><altitudeMode>absolute</altitudeMode><coordinates>-0.05407236,43.21131708,1588.59 -0.04998006,43.21564011,2172.58</coordinates></LineString><LineString><altitudeMode>absolute</altitudeMode><coordinates>-0.05407236,43.21131708,1376.46 -0.04970076,43.21593516,2000.30</coordinates></LineString><LineString><altitudeMode>absolute</altitudeMode><coordinates>-0.05407236,43.21131708,1164.33 -0.04942629,43.21622511,1827.34</coordinates></LineString><LineString><altitudeMode>absolute</altitudeMode><coordinates>-0.05407236,43.21131708,952.20 -0.04915543,43.21651123,1653.86</coordinates></LineString><LineString><altitudeMode>absolute</altitudeMode><coordinates>-0.05407236,43.21131708,740.07 -0.04888711,43.21679468,1480.02</coordinates></LineString><LineString><altitudeMode>absolute</altitudeMode><coordinates>-0.05407236,43.21131708,527.93 -0.04862061,43.21707621,1305.92</coordinates></LineString><LineString><altitudeMode>absolute</altitudeMode><coordinates>-0.05327940,43.21215476,398.96 -0.04835552,43.21735625,1131.61</coordinates></LineString><LineString><altitudeMode>absolute</altitudeMode><coordinates>-0.05179287,43.21372509,398.96 -0.04809202,43.21763461,957.08</coordinates></LineString><LineString><altitudeMode>absolute</altitudeMode><coordinates>-0.05030635,43.21529543,398.96 -0.04783081,43.21791054,782.23</coordinates></LineString><LineString><altitudeMode>absolute</altitudeMode><coordinates>-0.04881982,43.21686577,398.96 -0.04757520,43.21818056,606.57</coordinates></LineString></MultiGeometry></Placemark>
<Placemark><name>beta 80 nominal — trace au sol</name><description>Projection au sol</description><styleUrl>#s_v4_1</styleUrl><LineString><tessellate>1</tessellate><altitudeMode>clampToGround</altitudeMode><coordinates>-0.04733330,43.21843610,428.96 -0.04733343,43.21843597,428.96 -0.04733392,43.21843544,428.96 -0.04733479,43.21843452,428.96 -0.04733605,43.21843320,428.96 -0.04733768,43.21843147,428.96 -0.04734076,43.21842822,428.96 -0.04735610,43.21841202,428.96 -0.04738298,43.21838362,428.96 -0.04742069,43.21834378,428.96 -0.04746857,43.21829321,428.96 -0.04752582,43.21823273,428.96 -0.04755596,43.21820088,428.96 -0.04756741,43.21818879,428.96 -0.04761940,43.21813387,428.96 -0.04768132,43.21806846,428.96 -0.04774330,43.21800299,428.96 -0.04783887,43.21790202,428.96 -0.04796107,43.21777294,428.96 -0.04807325,43.21765443,428.96 -0.04814852,43.21757492,428.96 -0.04822438,43.21749478,428.96 -0.04833318,43.21737985,428.96 -0.04845450,43.21725169,428.96 -0.04852673,43.21717539,428.96 -0.04859593,43.21710228,428.96 -0.04872921,43.21696149,428.96 -0.04875691,43.21693223,428.96 -0.04879125,43.21689595,428.96 -0.04882978,43.21685525,428.96 -0.04887056,43.21681217,428.96 -0.04893051,43.21674884,428.96 -0.04902493,43.21664909,428.96 -0.04904386,43.21662910,428.96 -0.04906006,43.21661199,428.96 -0.04908060,43.21659028,428.96 -0.04910276,43.21656688,428.96 -0.04912860,43.21653958,428.96 -0.04915496,43.21651173,428.96 -0.04919239,43.21647220,428.96 -0.04923564,43.21642650,428.96 -0.04932235,43.21633491,428.96 -0.04943424,43.21621671,428.96 -0.04952360,43.21612231,428.96 -0.04964163,43.21599762,428.96 -0.04975325,43.21587971,428.96 -0.04985944,43.21576753,428.96 -0.04996092,43.21566033,428.96 -0.05005825,43.21555751,428.96 -0.05015187,43.21545861,428.96 -0.05024217,43.21536322,428.96 -0.05032945,43.21527102,428.96 -0.05041398,43.21518173,428.96 -0.05049598,43.21509511,428.96 -0.05057566,43.21501093,428.96 -0.05065321,43.21492901,428.96 -0.05072878,43.21484918,428.96 -0.05080250,43.21477131,428.96 -0.05087451,43.21469524,428.96 -0.05094492,43.21462086,428.96 -0.05101384,43.21454805,428.96 -0.05108135,43.21447673,428.96 -0.05114756,43.21440679,428.96 -0.05119963,43.21435179,428.96 -0.05126366,43.21428414,428.96 -0.05132659,43.21421767,428.96 -0.05138848,43.21415229,428.96 -0.05144938,43.21408796,428.96 -0.05150934,43.21402461,428.96 -0.05156843,43.21396219,428.96 -0.05162668,43.21390065,428.96 -0.05168414,43.21383995,428.96 -0.05174085,43.21378004,428.96 -0.05179686,43.21372088,428.96 -0.05185219,43.21366243,428.96 -0.05190688,43.21360465,428.96 -0.05196097,43.21354752,428.96 -0.05201448,43.21349099,428.96 -0.05206744,43.21343504,428.96 -0.05211988,43.21337965,428.96 -0.05217183,43.21332477,428.96 -0.05222331,43.21327039,428.96 -0.05227434,43.21321648,428.96 -0.05232495,43.21316302,428.96 -0.05237516,43.21310998,428.96 -0.05242498,43.21305735,428.96 -0.05247443,43.21300511,428.96 -0.05251375,43.21296357,428.96 -0.05256259,43.21291197,428.96 -0.05261112,43.21286071,428.96 -0.05265935,43.21280977,428.96 -0.05270729,43.21275912,428.96 -0.05275494,43.21270878,428.96 -0.05280234,43.21265871,428.96 -0.05284949,43.21260890,428.96 -0.05289640,43.21255935,428.96 -0.05294308,43.21251004,428.96 -0.05298953,43.21246097,428.96 -0.05303576,43.21241213,428.96 -0.05308180,43.21236349,428.96 -0.05312764,43.21231507,428.96 -0.05317329,43.21226684,428.96 -0.05321877,43.21221881,428.96 -0.05326407,43.21217095,428.96 -0.05330922,43.21212325,428.96 -0.05337534,43.21205340,428.96 -0.05345631,43.21196786,428.96 -0.05353748,43.21188212,428.96 -0.05361864,43.21179638,428.96 -0.05370041,43.21171001,428.96 -0.05378417,43.21162152,428.96 -0.05387212,43.21152861,428.96 -0.05394738,43.21144912,428.96 -0.05401561,43.21137704,428.96 -0.05404686,43.21134402,428.96 -0.05406096,43.21132913,428.96 -0.05406729,43.21132244,428.96 -0.05407011,43.21131946,428.96 -0.05407137,43.21131813,428.96 -0.05407193,43.21131754,428.96 -0.05407217,43.21131728,428.96 -0.05407228,43.21131717,428.96 -0.05407233,43.21131712,428.96 -0.05407235,43.21131710,428.96 -0.05407235,43.21131709,428.96 -0.05407236,43.21131708,428.96 -0.05407236,43.21131708,428.96 -0.05407236,43.21131708,428.96 -0.05407236,43.21131708,428.96 -0.05407235,43.21131709,428.96 -0.05407235,43.21131709,428.96 -0.05407235,43.21131709,428.96 -0.05407235,43.21131709,428.96 -0.05407235,43.21131709,428.96 -0.05407235,43.21131709,428.96 -0.05407235,43.21131709,428.96 -0.05407235,43.21131709,428.96 -0.05407235,43.21131709,428.96 -0.05407235,43.21131709,428.96 -0.05407235,43.21131709,428.96 -0.05407235,43.21131710,428.96 -0.05407235,43.21131710,428.96 -0.05407235,43.21131710,428.96 -0.05407235,43.21131710,428.96 -0.05407235,43.21131710,428.96 -0.05407235,43.21131710,428.96 -0.05407235,43.21131710,428.96 -0.05407235,43.21131710,428.96 -0.05407235,43.21131710,428.96 -0.05407235,43.21131710,428.96</coordinates></LineString></Placemark>
<Placemark><name>alpha 45 nominal</name><description>Groupe : SP02 K1200&lt;br/&gt;Fichier : alpha_45.csv&lt;br/&gt;Pas de tir : Rampe FusEx&lt;br/&gt;Azimut : 214.6°&lt;br/&gt;Apogée : 470 m&lt;br/&gt;Portée : 1288 m&lt;br/&gt;Points : 150 / 435&lt;br/&gt;Rideau : quadrillage_45</description><styleUrl>#s_v4_2</styleUrl><LineString><extrude>0</extrude><altitudeMode>absolute</altitudeMode><coordinates>-0.04733330,43.21843610,428.96 -0.04733343,43.21843596,428.97 -0.04733411,43.21843524,429.06 -0.04733535,43.21843393,429.23 -0.04733715,43.21843204,429.47 -0.04733952,43.21842953,429.80 -0.04734141,43.21842754,430.06 -0.04734472,43.21842403,430.52 -0.04734862,43.21841992,431.07 -0.04735310,43.21841519,431.69 -0.04735998,43.21840792,432.66 -0.04738193,43.21838473,435.68 -0.04742760,43.21833648,441.85 -0.04748856,43.21827209,449.96 -0.04756505,43.21819128,459.90 -0.04765707,43.21809408,471.53 -0.04776383,43.21798130,484.76 -0.04788443,43.21785390,499.52 -0.04797226,43.21776111,510.14 -0.04811450,43.21761085,527.11 -0.04820480,43.21751546,537.79 -0.04824551,43.21747246,542.58 -0.04828115,43.21743481,546.77 -0.04838880,43.21732109,559.31 -0.04853921,43.21716220,576.66 -0.04868786,43.21700516,593.59 -0.04881395,43.21687197,607.77 -0.04895694,43.21672092,623.65 -0.04909549,43.21657456,638.82 -0.04918554,43.21647943,648.56 -0.04931736,43.21634018,662.63 -0.04944550,43.21620481,676.10 -0.04957020,43.21607308,688.98 -0.04969165,43.21594478,701.32 -0.04981007,43.21581968,713.12 -0.04992563,43.21569761,724.43 -0.05003848,43.21557840,735.25 -0.05014877,43.21546189,745.61 -0.05025664,43.21534794,755.53 -0.05036222,43.21523641,765.01 -0.05046561,43.21512719,774.09 -0.05053338,43.21505560,779.91 -0.05063338,43.21494996,788.33 -0.05073145,43.21484636,796.36 -0.05082770,43.21474468,804.03 -0.05092221,43.21464484,811.34 -0.05101506,43.21454676,818.30 -0.05110630,43.21445037,824.93 -0.05119601,43.21435561,831.22 -0.05128426,43.21426238,837.20 -0.05137110,43.21417064,842.86 -0.05145659,43.21408034,848.21 -0.05151285,43.21402090,851.62 -0.05159619,43.21393286,856.48 -0.05167831,43.21384611,861.05 -0.05175925,43.21376061,865.33 -0.05183905,43.21367631,869.34 -0.05191776,43.21359316,873.08 -0.05199540,43.21351114,876.54 -0.05207202,43.21343020,879.74 -0.05214765,43.21335031,882.69 -0.05222231,43.21327145,885.37 -0.05229604,43.21319356,887.81 -0.05236886,43.21311663,889.99 -0.05241692,43.21306586,891.31 -0.05248829,43.21299046,893.10 -0.05255882,43.21291596,894.64 -0.05262854,43.21284231,895.94 -0.05269747,43.21276950,897.01 -0.05276562,43.21269750,897.85 -0.05283301,43.21262631,898.47 -0.05289966,43.21255590,898.86 -0.05298742,43.21246320,899.03 -0.05303082,43.21241734,898.97 -0.05309536,43.21234917,898.69 -0.05313801,43.21230411,898.39 -0.05320144,43.21223711,897.76 -0.05326420,43.21217081,896.92 -0.05332633,43.21210518,895.87 -0.05338782,43.21204022,894.61 -0.05344870,43.21197591,893.14 -0.05350896,43.21191225,891.48 -0.05356862,43.21184922,889.61 -0.05362770,43.21178682,887.53 -0.05368619,43.21172503,885.27 -0.05374410,43.21166385,882.80 -0.05378239,43.21162341,881.05 -0.05383936,43.21156322,878.26 -0.05389577,43.21150363,875.28 -0.05395163,43.21144462,872.11 -0.05400694,43.21138620,868.76 -0.05406170,43.21132834,865.21 -0.05411593,43.21127105,861.48 -0.05416963,43.21121434,857.58 -0.05422279,43.21115817,853.48 -0.05427543,43.21110256,849.22 -0.05432756,43.21104750,844.77 -0.05437915,43.21099300,840.15 -0.05441327,43.21095695,836.97 -0.05446401,43.21090335,832.07 -0.05451424,43.21085029,826.99 -0.05456397,43.21079776,821.75 -0.05461319,43.21074576,816.33 -0.05466191,43.21069430,810.76 -0.05471013,43.21064336,805.02 -0.05475784,43.21059296,799.13 -0.05480506,43.21054307,793.08 -0.05485179,43.21049371,786.87 -0.05489803,43.21044487,780.50 -0.05492857,43.21041260,776.18 -0.05497399,43.21036462,769.56 -0.05501892,43.21031716,762.80 -0.05506336,43.21027021,755.89 -0.05510732,43.21022377,748.84 -0.05515079,43.21017785,741.65 -0.05519379,43.21013243,734.32 -0.05523631,43.21008751,726.85 -0.05527835,43.21004311,719.24 -0.05531991,43.20999920,711.50 -0.05536100,43.20995579,703.63 -0.05540162,43.20991289,695.63 -0.05542843,43.20988456,690.23 -0.05546827,43.20984247,682.02 -0.05550765,43.20980088,673.69 -0.05554655,43.20975978,665.24 -0.05558500,43.20971916,656.67 -0.05562298,43.20967904,647.98 -0.05566052,43.20963939,639.18 -0.05569759,43.20960023,630.26 -0.05573421,43.20956154,621.24 -0.05577038,43.20952333,612.11 -0.05580610,43.20948559,602.87 -0.05582967,43.20946070,596.65 -0.05586465,43.20942374,587.24 -0.05589919,43.20938725,577.73 -0.05593330,43.20935123,568.12 -0.05596697,43.20931566,558.41 -0.05600020,43.20928055,548.61 -0.05603301,43.20924589,538.72 -0.05606539,43.20921169,528.74 -0.05609735,43.20917793,518.67 -0.05612888,43.20914462,508.51 -0.05615999,43.20911175,498.27 -0.05619070,43.20907931,487.95 -0.05621094,43.20905793,481.02 -0.05624096,43.20902622,470.56 -0.05627057,43.20899494,460.03 -0.05629978,43.20896408,449.42 -0.05632859,43.20893364,438.73 -0.05635701,43.20890363,427.97</coordinates></LineString></Placemark>
<Placemark><name>alpha 45 nominal — quadrillage_45</name><description>Motif : quadrillage_45 (45°, 135°)&lt;br/&gt;Pas : 150 m&lt;br/&gt;Segments : 12</description><styleUrl>#s_v4_2_m</styleUrl><MultiGeometry><LineString><altitudeMode>absolute</altitudeMode><coordinates>-0.05625244,43.20901409,398.96 -0.05632646,43.20893590,439.52</coordinates></LineString><LineString><altitudeMode>absolute</altitudeMode><coordinates>-0.05476592,43.21058442,398.96 -0.05586821,43.20941999,586.26</coordinates></LineString><LineString><altitudeMode>absolute</altitudeMode><coordinates>-0.05327940,43.21215476,398.96 -0.05529361,43.21002698,716.40</coordinates></LineString><LineString><altitudeMode>absolute</altitudeMode><coordinates>-0.05179287,43.21372509,398.96 -0.05455325,43.21080908,822.88</coordinates></LineString><LineString><altitudeMode>absolute</altitudeMode><coordinates>-0.05030635,43.21529543,398.96 -0.05354051,43.21187892,890.49</coordinates></LineString><LineString><altitudeMode>absolute</altitudeMode><coordinates>-0.04881982,43.21686576,398.96 -0.05193847,43.21357129,874.00</coordinates></LineString><LineString><altitudeMode>absolute</altitudeMode><coordinates>-0.05625244,43.20901409,398.96 -0.05295882,43.21249340,898.97</coordinates></LineString><LineString><altitudeMode>absolute</altitudeMode><coordinates>-0.05476592,43.21058442,398.96 -0.05172188,43.21380009,863.35</coordinates></LineString><LineString><altitudeMode>absolute</altitudeMode><coordinates>-0.05327939,43.21215476,398.96 -0.05071454,43.21486422,794.97</coordinates></LineString><LineString><altitudeMode>absolute</altitudeMode><coordinates>-0.05179287,43.21372509,398.96 -0.04980507,43.21582496,712.63</coordinates></LineString><LineString><altitudeMode>absolute</altitudeMode><coordinates>-0.05030635,43.21529543,398.96 -0.04894857,43.21672976,622.72</coordinates></LineString><LineString><altitudeMode>absolute</altitudeMode><coordinates>-0.04881982,43.21686577,398.96 -0.04812408,43.21760073,528.24</coordinates></LineString></MultiGeometry></Placemark>
<Placemark><name>alpha 45 nominal — trace au sol</name><description>Projection au sol</description><styleUrl>#s_v4_2</styleUrl><LineString><tessellate>1</tessellate><altitudeMode>clampToGround</altitudeMode><coordinates>-0.04733330,43.21843610,428.96 -0.04733343,43.21843596,428.96 -0.04733411,43.21843524,428.96 -0.04733535,43.21843393,428.96 -0.04733715,43.21843204,428.96 -0.04733952,43.21842953,428.96 -0.04734141,43.21842754,428.96 -0.04734472,43.21842403,428.96 -0.04734862,43.21841992,428.96 -0.04735310,43.21841519,428.96 -0.04735998,43.21840792,428.96 -0.04738193,43.21838473,428.96 -0.04742760,43.21833648,428.96 -0.04748856,43.21827209,428.96 -0.04756505,43.21819128,428.96 -0.04765707,43.21809408,428.96 -0.04776383,43.21798130,428.96 -0.04788443,43.21785390,428.96 -0.04797226,43.21776111,428.96 -0.04811450,43.21761085,428.96 -0.04820480,43.21751546,428.96 -0.04824551,43.21747246,428.96 -0.04828115,43.21743481,428.96 -0.04838880,43.21732109,428.96 -0.04853921,43.21716220,428.96 -0.04868786,43.21700516,428.96 -0.04881395,43.21687197,428.96 -0.04895694,43.21672092,428.96 -0.04909549,43.21657456,428.96 -0.04918554,43.21647943,428.96 -0.04931736,43.21634018,428.96 -0.04944550,43.21620481,428.96 -0.04957020,43.21607308,428.96 -0.04969165,43.21594478,428.96 -0.04981007,43.21581968,428.96 -0.04992563,43.21569761,428.96 -0.05003848,43.21557840,428.96 -0.05014877,43.21546189,428.96 -0.05025664,43.21534794,428.96 -0.05036222,43.21523641,428.96 -0.05046561,43.21512719,428.96 -0.05053338,43.21505560,428.96 -0.05063338,43.21494996,428.96 -0.05073145,43.21484636,428.96 -0.05082770,43.21474468,428.96 -0.05092221,43.21464484,428.96 -0.05101506,43.21454676,428.96 -0.05110630,43.21445037,428.96 -0.05119601,43.21435561,428.96 -0.05128426,43.21426238,428.96 -0.05137110,43.21417064,428.96 -0.05145659,43.21408034,428.96 -0.05151285,43.21402090,428.96 -0.05159619,43.21393286,428.96 -0.05167831,43.21384611,428.96 -0.05175925,43.21376061,428.96 -0.05183905,43.21367631,428.96 -0.05191776,43.21359316,428.96 -0.05199540,43.21351114,428.96 -0.05207202,43.21343020,428.96 -0.05214765,43.21335031,428.96 -0.05222231,43.21327145,428.96 -0.05229604,43.21319356,428.96 -0.05236886,43.21311663,428.96 -0.05241692,43.21306586,428.96 -0.05248829,43.21299046,428.96 -0.05255882,43.21291596,428.96 -0.05262854,43.21284231,428.96 -0.05269747,43.21276950,428.96 -0.05276562,43.21269750,428.96 -0.05283301,43.21262631,428.96 -0.05289966,43.21255590,428.96 -0.05298742,43.21246320,428.96 -0.05303082,43.21241734,428.96 -0.05309536,43.21234917,428.96 -0.05313801,43.21230411,428.96 -0.05320144,43.21223711,428.96 -0.05326420,43.21217081,428.96 -0.05332633,43.21210518,428.96 -0.05338782,43.21204022,428.96 -0.05344870,43.21197591,428.96 -0.05350896,43.21191225,428.96 -0.05356862,43.21184922,428.96 -0.05362770,43.21178682,428.96 -0.05368619,43.21172503,428.96 -0.05374410,43.21166385,428.96 -0.05378239,43.21162341,428.96 -0.05383936,43.21156322,428.96 -0.05389577,43.21150363,428.96 -0.05395163,43.21144462,428.96 -0.05400694,43.21138620,428.96 -0.05406170,43.21132834,428.96 -0.05411593,43.21127105,428.96 -0.05416963,43.21121434,428.96 -0.05422279,43.21115817,428.96 -0.05427543,43.21110256,428.96 -0.05432756,43.21104750,428.96 -0.05437915,43.21099300,428.96 -0.05441327,43.21095695,428.96 -0.05446401,43.21090335,428.96 -0.05451424,43.21085029,428.96 -0.05456397,43.21079776,428.96 -0.05461319,43.21074576,428.96 -0.05466191,43.21069430,428.96 -0.05471013,43.21064336,428.96 -0.05475784,43.21059296,428.96 -0.05480506,43.21054307,428.96 -0.05485179,43.21049371,428.96 -0.05489803,43.21044487,428.96 -0.05492857,43.21041260,428.96 -0.05497399,43.21036462,428.96 -0.05501892,43.21031716,428.96 -0.05506336,43.21027021,428.96 -0.05510732,43.21022377,428.96 -0.05515079,43.21017785,428.96 -0.05519379,43.21013243,428.96 -0.05523631,43.21008751,428.96 -0.05527835,43.21004311,428.96 -0.05531991,43.20999920,428.96 -0.05536100,43.20995579,428.96 -0.05540162,43.20991289,428.96 -0.05542843,43.20988456,428.96 -0.05546827,43.20984247,428.96 -0.05550765,43.20980088,428.96 -0.05554655,43.20975978,428.96 -0.05558500,43.20971916,428.96 -0.05562298,43.20967904,428.96 -0.05566052,43.20963939,428.96 -0.05569759,43.20960023,428.96 -0.05573421,43.20956154,428.96 -0.05577038,43.20952333,428.96 -0.05580610,43.20948559,428.96 -0.05582967,43.20946070,428.96 -0.05586465,43.20942374,428.96 -0.05589919,43.20938725,428.96 -0.05593330,43.20935123,428.96 -0.05596697,43.20931566,428.96 -0.05600020,43.20928055,428.96 -0.05603301,43.20924589,428.96 -0.05606539,43.20921169,428.96 -0.05609735,43.20917793,428.96 -0.05612888,43.20914462,428.96 -0.05615999,43.20911175,428.96 -0.05619070,43.20907931,428.96 -0.05621094,43.20905793,428.96 -0.05624096,43.20902622,428.96 -0.05627057,43.20899494,428.96 -0.05629978,43.20896408,428.96 -0.05632859,43.20893364,428.96 -0.05635701,43.20890363,428.96</coordinates></LineString></Placemark>
<Placemark><name>beta 45 nominal</name><description>Groupe : SP02 K1200&lt;br/&gt;Fichier : beta_45.csv&lt;br/&gt;Pas de tir : Rampe FusEx&lt;br/&gt;Azimut : 214.6°&lt;br/&gt;Apogée : 1516 m&lt;br/&gt;Portée : 3762 m&lt;br/&gt;Points : 150 / 823&lt;br/&gt;Rideau : quadrillage_45</description><styleUrl>#s_v4_3</styleUrl><LineString><extrude>0</extrude><altitudeMode>absolute</altitudeMode><coordinates>-0.04733330,43.21843610,428.96 -0.04733411,43.21843524,429.06 -0.04733649,43.21843273,429.38 -0.04734141,43.21842754,430.06 -0.04734726,43.21842135,430.88 -0.04735727,43.21841078,432.28 -0.04739546,43.21837043,437.52 -0.04751232,43.21824698,453.08 -0.04765707,43.21809408,471.53 -0.04788443,43.21785390,499.52 -0.04811450,43.21761085,527.11 -0.04824551,43.21747246,542.58 -0.04833825,43.21737449,553.43 -0.04863850,43.21705732,587.99 -0.04886275,43.21682042,613.22 -0.04927623,43.21638363,658.80 -0.04973383,43.21590022,708.49 -0.05027580,43.21532770,766.68 -0.05054335,43.21504506,795.20 -0.05100133,43.21456126,843.77 -0.05133950,43.21420402,879.46 -0.05179791,43.21371977,927.61 -0.05194399,43.21356546,942.90 -0.05218521,43.21331064,968.10 -0.05246627,43.21301373,997.39 -0.05286548,43.21259201,1038.85 -0.05298767,43.21246293,1051.50 -0.05316384,43.21227683,1069.71 -0.05334816,43.21208212,1088.71 -0.05374230,43.21166576,1129.20 -0.05419347,43.21118914,1175.25 -0.05436986,43.21100281,1193.16 -0.05473028,43.21062207,1229.57 -0.05498767,43.21035017,1255.40 -0.05510639,43.21022475,1267.27 -0.05521786,43.21010700,1278.38 -0.05540967,43.20990438,1297.43 -0.05571882,43.20957780,1327.92 -0.05623164,43.20903606,1377.87 -0.05664645,43.20859787,1417.64 -0.05711645,43.20810137,1461.91 -0.05748812,43.20770874,1496.27 -0.05791322,43.20725968,1534.77 -0.05825195,43.20690185,1564.80 -0.05864181,43.20649000,1598.56 -0.05895415,43.20616006,1624.95 -0.05931530,43.20577855,1654.67 -0.05960585,43.20547161,1677.93 -0.05994306,43.20511540,1704.12 -0.06021524,43.20482786,1724.60 -0.06053210,43.20449314,1747.64 -0.06078855,43.20422223,1765.63 -0.06108785,43.20390606,1785.83 -0.06133066,43.20364956,1801.55 -0.06161464,43.20334957,1819.14 -0.06184547,43.20310572,1832.78 -0.06211593,43.20282001,1847.95 -0.06233616,43.20258737,1859.65 -0.06259460,43.20231436,1872.58 -0.06280536,43.20209172,1882.45 -0.06305301,43.20183010,1893.26 -0.06329524,43.20157421,1902.96 -0.06349315,43.20136515,1910.22 -0.06372613,43.20111903,1917.97 -0.06391668,43.20091773,1923.64 -0.06414123,43.20068053,1929.52 -0.06432505,43.20048634,1933.67 -0.06454183,43.20025734,1937.77 -0.06471945,43.20006971,1940.46 -0.06492906,43.19984827,1942.84 -0.06510092,43.19966673,1944.12 -0.06537075,43.19938169,1944.87 -0.06547035,43.19927646,1944.75 -0.06566707,43.19906866,1943.85 -0.06582852,43.19889811,1942.45 -0.06601936,43.19869651,1939.99 -0.06617605,43.19853098,1937.30 -0.06636135,43.19833523,1933.33 -0.06651353,43.19817447,1929.40 -0.06669353,43.19798432,1923.94 -0.06684141,43.19782810,1918.80 -0.06701636,43.19764329,1911.90 -0.06716011,43.19749144,1905.58 -0.06733020,43.19731175,1897.29 -0.06746997,43.19716411,1889.80 -0.06763537,43.19698938,1880.15 -0.06777129,43.19684580,1871.55 -0.06793212,43.19667590,1860.57 -0.06806430,43.19653627,1850.88 -0.06822070,43.19637105,1838.61 -0.06837473,43.19620833,1825.66 -0.06850129,43.19607464,1814.34 -0.06865103,43.19591645,1800.16 -0.06877406,43.19578649,1787.83 -0.06891960,43.19563275,1772.45 -0.06903915,43.19550645,1759.15 -0.06918056,43.19535707,1742.61 -0.06929669,43.19523440,1728.37 -0.06943402,43.19508932,1710.71 -0.06954679,43.19497020,1695.55 -0.06968011,43.19482936,1676.83 -0.06978955,43.19471375,1660.79 -0.06991891,43.19457710,1641.03 -0.07002507,43.19446495,1624.14 -0.07015052,43.19433243,1603.38 -0.07025344,43.19422370,1585.69 -0.07037503,43.19409526,1563.98 -0.07047476,43.19398990,1545.51 -0.07059254,43.19386548,1522.89 -0.07068912,43.19376346,1503.68 -0.07080315,43.19364300,1480.19 -0.07089662,43.19354427,1460.27 -0.07100694,43.19342772,1435.96 -0.07109735,43.19333222,1415.37 -0.07120402,43.19321953,1390.28 -0.07129141,43.19312722,1369.05 -0.07139449,43.19301832,1343.21 -0.07147891,43.19292914,1321.38 -0.07157846,43.19282398,1294.84 -0.07165996,43.19273788,1272.44 -0.07175603,43.19263639,1245.24 -0.07185024,43.19253687,1217.69 -0.07192734,43.19245543,1194.48 -0.07201818,43.19235947,1166.33 -0.07209249,43.19228096,1142.64 -0.07218003,43.19218849,1113.92 -0.07225163,43.19211286,1089.78 -0.07233593,43.19202380,1060.54 -0.07240486,43.19195098,1035.96 -0.07248601,43.19186526,1006.24 -0.07255234,43.19179519,981.27 -0.07263041,43.19171272,951.09 -0.07269420,43.19164533,925.75 -0.07276926,43.19156604,895.15 -0.07283058,43.19150126,869.48 -0.07290272,43.19142505,838.48 -0.07296163,43.19136282,812.50 -0.07303092,43.19128963,781.14 -0.07308749,43.19122987,754.87 -0.07315400,43.19115961,723.19 -0.07320829,43.19110226,696.65 -0.07327212,43.19103483,664.67 -0.07332420,43.19097981,637.89 -0.07338541,43.19091515,605.63 -0.07343536,43.19086238,578.64 -0.07349404,43.19080039,546.13 -0.07354191,43.19074982,518.94 -0.07359815,43.19069042,486.21 -0.07364401,43.19064197,458.84 -0.07369787,43.19058507,425.90</coordinates></LineString></Placemark>
<Placemark><name>beta 45 nominal — quadrillage_45</name><description>Motif : quadrillage_45 (45°, 135°)&lt;br/&gt;Pas : 150 m&lt;br/&gt;Segments : 37</description><styleUrl>#s_v4_3_m</styleUrl><MultiGeometry><LineString><altitudeMode>absolute</altitudeMode><coordinates>-0.07260421,43.19174039,398.96 -0.07347996,43.19081527,553.93</coordinates></LineString><LineString><altitudeMode>absolute</altitudeMode><coordinates>-0.07111769,43.19331073,398.96 -0.07315976,43.19115352,720.37</coordinates></LineString><LineString><altitudeMode>absolute</altitudeMode><coordinates>-0.06963116,43.19488107,398.96 -0.07280199,43.19153147,881.45</coordinates></LineString><LineString><altitudeMode>absolute</altitudeMode><coordinates>-0.06814464,43.19645140,398.96 -0.07240297,43.19195298,1036.64</coordinates></LineString><LineString><altitudeMode>absolute</altitudeMode><coordinates>-0.06665811,43.19802174,398.96 -0.07195735,43.19242372,1185.18</coordinates></LineString><LineString><altitudeMode>absolute</altitudeMode><coordinates>-0.06517159,43.19959207,398.96 -0.07145983,43.19294930,1326.31</coordinates></LineString><LineString><altitudeMode>absolute</altitudeMode><coordinates>-0.06368507,43.20116241,398.96 -0.07090268,43.19353786,1458.94</coordinates></LineString><LineString><altitudeMode>absolute</altitudeMode><coordinates>-0.06219854,43.20273274,398.96 -0.07027606,43.19419981,1581.65</coordinates></LineString><LineString><altitudeMode>absolute</altitudeMode><coordinates>-0.06071202,43.20430308,398.96 -0.06956741,43.19494841,1692.66</coordinates></LineString><LineString><altitudeMode>absolute</altitudeMode><coordinates>-0.05922549,43.20587342,398.96 -0.06875865,43.19580277,1789.37</coordinates></LineString><LineString><altitudeMode>absolute</altitudeMode><coordinates>-0.05773897,43.20744375,398.96 -0.06782316,43.19679100,1868.01</coordinates></LineString><LineString><altitudeMode>absolute</altitudeMode><coordinates>-0.05625244,43.20901409,398.96 -0.06672172,43.19795454,1922.96</coordinates></LineString><LineString><altitudeMode>absolute</altitudeMode><coordinates>-0.05476592,43.21058442,398.96 -0.06538856,43.19936287,1944.85</coordinates></LineString><LineString><altitudeMode>absolute</altitudeMode><coordinates>-0.05327940,43.21215476,398.96 -0.06370991,43.20113616,1917.43</coordinates></LineString><LineString><altitudeMode>absolute</altitudeMode><coordinates>-0.05179287,43.21372509,398.96 -0.06147324,43.20349894,1810.38</coordinates></LineString><LineString><altitudeMode>absolute</altitudeMode><coordinates>-0.05030635,43.21529543,398.96 -0.05828710,43.20686471,1567.84</coordinates></LineString><LineString><altitudeMode>absolute</altitudeMode><coordinates>-0.04881982,43.21686576,398.96 -0.05368691,43.21172427,1123.51</coordinates></LineString><LineString><altitudeMode>absolute</altitudeMode><coordinates>-0.07211546,43.19225670,1135.10 -0.06655909,43.19812635,1928.02</coordinates></LineString><LineString><altitudeMode>absolute</altitudeMode><coordinates>-0.07299480,43.19132778,797.49 -0.06496675,43.19980846,1943.12</coordinates></LineString><LineString><altitudeMode>absolute</altitudeMode><coordinates>-0.07356846,43.19072178,503.49 -0.06366961,43.20117873,1916.09</coordinates></LineString><LineString><altitudeMode>absolute</altitudeMode><coordinates>-0.07260421,43.19174040,398.96 -0.06251567,43.20239773,1868.63</coordinates></LineString><LineString><altitudeMode>absolute</altitudeMode><coordinates>-0.07111768,43.19331073,398.96 -0.06144819,43.20352540,1808.83</coordinates></LineString><LineString><altitudeMode>absolute</altitudeMode><coordinates>-0.06963116,43.19488107,398.96 -0.06043827,43.20459226,1740.82</coordinates></LineString><LineString><altitudeMode>absolute</altitudeMode><coordinates>-0.06814464,43.19645140,398.96 -0.05946913,43.20561604,1666.98</coordinates></LineString><LineString><altitudeMode>absolute</altitudeMode><coordinates>-0.06665811,43.19802174,398.96 -0.05852997,43.20660816,1588.87</coordinates></LineString><LineString><altitudeMode>absolute</altitudeMode><coordinates>-0.06517159,43.19959207,398.96 -0.05761308,43.20757674,1507.59</coordinates></LineString><LineString><altitudeMode>absolute</altitudeMode><coordinates>-0.06368506,43.20116241,398.96 -0.05671295,43.20852762,1423.90</coordinates></LineString><LineString><altitudeMode>absolute</altitudeMode><coordinates>-0.06219854,43.20273275,398.96 -0.05582594,43.20946464,1338.35</coordinates></LineString><LineString><altitudeMode>absolute</altitudeMode><coordinates>-0.06071202,43.20430308,398.96 -0.05494835,43.21039171,1251.45</coordinates></LineString><LineString><altitudeMode>absolute</altitudeMode><coordinates>-0.05922549,43.20587342,398.96 -0.05407826,43.21131086,1163.49</coordinates></LineString><LineString><altitudeMode>absolute</altitudeMode><coordinates>-0.05773897,43.20744375,398.96 -0.05321322,43.21222466,1074.80</coordinates></LineString><LineString><altitudeMode>absolute</altitudeMode><coordinates>-0.05625244,43.20901409,398.96 -0.05235234,43.21313409,985.52</coordinates></LineString><LineString><altitudeMode>absolute</altitudeMode><coordinates>-0.05476592,43.21058442,398.96 -0.05149477,43.21404001,895.76</coordinates></LineString><LineString><altitudeMode>absolute</altitudeMode><coordinates>-0.05327940,43.21215476,398.96 -0.05064064,43.21494229,805.52</coordinates></LineString><LineString><altitudeMode>absolute</altitudeMode><coordinates>-0.05179287,43.21372509,398.96 -0.04979104,43.21583979,714.63</coordinates></LineString><LineString><altitudeMode>absolute</altitudeMode><coordinates>-0.05030635,43.21529543,398.96 -0.04894872,43.21672960,622.70</coordinates></LineString><LineString><altitudeMode>absolute</altitudeMode><coordinates>-0.04881982,43.21686577,398.96 -0.04812409,43.21760072,528.24</coordinates></LineString></MultiGeometry></Placemark>
<Placemark><name>beta 45 nominal — trace au sol</name><description>Projection au sol</description><styleUrl>#s_v4_3</styleUrl><LineString><tessellate>1</tessellate><altitudeMode>clampToGround</altitudeMode><coordinates>-0.04733330,43.21843610,428.96 -0.04733411,43.21843524,428.96 -0.04733649,43.21843273,428.96 -0.04734141,43.21842754,428.96 -0.04734726,43.21842135,428.96 -0.04735727,43.21841078,428.96 -0.04739546,43.21837043,428.96 -0.04751232,43.21824698,428.96 -0.04765707,43.21809408,428.96 -0.04788443,43.21785390,428.96 -0.04811450,43.21761085,428.96 -0.04824551,43.21747246,428.96 -0.04833825,43.21737449,428.96 -0.04863850,43.21705732,428.96 -0.04886275,43.21682042,428.96 -0.04927623,43.21638363,428.96 -0.04973383,43.21590022,428.96 -0.05027580,43.21532770,428.96 -0.05054335,43.21504506,428.96 -0.05100133,43.21456126,428.96 -0.05133950,43.21420402,428.96 -0.05179791,43.21371977,428.96 -0.05194399,43.21356546,428.96 -0.05218521,43.21331064,428.96 -0.05246627,43.21301373,428.96 -0.05286548,43.21259201,428.96 -0.05298767,43.21246293,428.96 -0.05316384,43.21227683,428.96 -0.05334816,43.21208212,428.96 -0.05374230,43.21166576,428.96 -0.05419347,43.21118914,428.96 -0.05436986,43.21100281,428.96 -0.05473028,43.21062207,428.96 -0.05498767,43.21035017,428.96 -0.05510639,43.21022475,428.96 -0.05521786,43.21010700,428.96 -0.05540967,43.20990438,428.96 -0.05571882,43.20957780,428.96 -0.05623164,43.20903606,428.96 -0.05664645,43.20859787,428.96 -0.05711645,43.20810137,428.96 -0.05748812,43.20770874,428.96 -0.05791322,43.20725968,428.96 -0.05825195,43.20690185,428.96 -0.05864181,43.20649000,428.96 -0.05895415,43.20616006,428.96 -0.05931530,43.20577855,428.96 -0.05960585,43.20547161,428.96 -0.05994306,43.20511540,428.96 -0.06021524,43.20482786,428.96 -0.06053210,43.20449314,428.96 -0.06078855,43.20422223,428.96 -0.06108785,43.20390606,428.96 -0.06133066,43.20364956,428.96 -0.06161464,43.20334957,428.96 -0.06184547,43.20310572,428.96 -0.06211593,43.20282001,428.96 -0.06233616,43.20258737,428.96 -0.06259460,43.20231436,428.96 -0.06280536,43.20209172,428.96 -0.06305301,43.20183010,428.96 -0.06329524,43.20157421,428.96 -0.06349315,43.20136515,428.96 -0.06372613,43.20111903,428.96 -0.06391668,43.20091773,428.96 -0.06414123,43.20068053,428.96 -0.06432505,43.20048634,428.96 -0.06454183,43.20025734,428.96 -0.06471945,43.20006971,428.96 -0.06492906,43.19984827,428.96 -0.06510092,43.19966673,428.96 -0.06537075,43.19938169,428.96 -0.06547035,43.19927646,428.96 -0.06566707,43.19906866,428.96 -0.06582852,43.19889811,428.96 -0.06601936,43.19869651,428.96 -0.06617605,43.19853098,428.96 -0.06636135,43.19833523,428.96 -0.06651353,43.19817447,428.96 -0.06669353,43.19798432,428.96 -0.06684141,43.19782810,428.96 -0.06701636,43.19764329,428.96 -0.06716011,43.19749144,428.96 -0.06733020,43.19731175,428.96 -0.06746997,43.19716411,428.96 -0.06763537,43.19698938,428.96 -0.06777129,43.19684580,428.96 -0.06793212,43.19667590,428.96 -0.06806430,43.19653627,428.96 -0.06822070,43.19637105,428.96 -0.06837473,43.19620833,428.96 -0.06850129,43.19607464,428.96 -0.06865103,43.19591645,428.96 -0.06877406,43.19578649,428.96 -0.06891960,43.19563275,428.96 -0.06903915,43.19550645,428.96 -0.06918056,43.19535707,428.96 -0.06929669,43.19523440,428.96 -0.06943402,43.19508932,428.96 -0.06954679,43.19497020,428.96 -0.06968011,43.19482936,428.96 -0.06978955,43.19471375,428.96 -0.06991891,43.19457710,428.96 -0.07002507,43.19446495,428.96 -0.07015052,43.19433243,428.96 -0.07025344,43.19422370,428.96 -0.07037503,43.19409526,428.96 -0.07047476,43.19398990,428.96 -0.07059254,43.19386548,428.96 -0.07068912,43.19376346,428.96 -0.07080315,43.19364300,428.96 -0.07089662,43.19354427,428.96 -0.07100694,43.19342772,428.96 -0.07109735,43.19333222,428.96 -0.07120402,43.19321953,428.96 -0.07129141,43.19312722,428.96 -0.07139449,43.19301832,428.96 -0.07147891,43.19292914,428.96 -0.07157846,43.19282398,428.96 -0.07165996,43.19273788,428.96 -0.07175603,43.19263639,428.96 -0.07185024,43.19253687,428.96 -0.07192734,43.19245543,428.96 -0.07201818,43.19235947,428.96 -0.07209249,43.19228096,428.96 -0.07218003,43.19218849,428.96 -0.07225163,43.19211286,428.96 -0.07233593,43.19202380,428.96 -0.07240486,43.19195098,428.96 -0.07248601,43.19186526,428.96 -0.07255234,43.19179519,428.96 -0.07263041,43.19171272,428.96 -0.07269420,43.19164533,428.96 -0.07276926,43.19156604,428.96 -0.07283058,43.19150126,428.96 -0.07290272,43.19142505,428.96 -0.07296163,43.19136282,428.96 -0.07303092,43.19128963,428.96 -0.07308749,43.19122987,428.96 -0.07315400,43.19115961,428.96 -0.07320829,43.19110226,428.96 -0.07327212,43.19103483,428.96 -0.07332420,43.19097981,428.96 -0.07338541,43.19091515,428.96 -0.07343536,43.19086238,428.96 -0.07349404,43.19080039,428.96 -0.07354191,43.19074982,428.96 -0.07359815,43.19069042,428.96 -0.07364401,43.19064197,428.96 -0.07369787,43.19058507,428.96</coordinates></LineString></Placemark>
</Folder>
</Folder>
</Document></kml>
