<?xml version="1.0" encoding="UTF-8"?>
<kml xmlns="http://www.opengis.net/kml/2.2" xmlns:gx="http://www.google.com/kml/ext/2.2">
<Document><name>Domaine de vol — Base de lancement de Ger — 214.6°</name><open>1</open>
<Style id="s_cercle"><LineStyle><color>e6ffa022</color><width>2</width></LineStyle><LabelStyle><scale>0</scale></LabelStyle></Style>
<Style id="s_secteur"><LineStyle><color>f20088ff</color><width>2</width></LineStyle><LabelStyle><scale>0</scale></LabelStyle></Style>
<Style id="s_limites"><LineStyle><color>f2ffffff</color><width>3</width></LineStyle><LabelStyle><scale>0</scale></LabelStyle></Style>
<Style id="s_zone0"><LineStyle><color>ff00d2ff</color><width>2</width></LineStyle><PolyStyle><color>1f00d2ff</color><fill>1</fill><outline>1</outline></PolyStyle><LabelStyle><scale>0</scale></LabelStyle></Style>
<Style id="s_zone0_v"><LineStyle><color>ff00d2ff</color><width>2</width></LineStyle><PolyStyle><color>2600d2ff</color><fill>1</fill><outline>1</outline></PolyStyle><LabelStyle><scale>0</scale></LabelStyle></Style>
<Style id="s_zone0_l"><LineStyle><color>e600d2ff</color><width>2</width></LineStyle><LabelStyle><scale>0</scale></LabelStyle></Style>
<Style id="s_zone1"><LineStyle><color>ff0000ff</color><width>2</width></LineStyle><PolyStyle><color>330000ff</color><fill>1</fill><outline>1</outline></PolyStyle><LabelStyle><scale>0</scale></LabelStyle></Style>
<Style id="s_zone1_v"><LineStyle><color>ff0000ff</color><width>2</width></LineStyle><PolyStyle><color>260000ff</color><fill>1</fill><outline>1</outline></PolyStyle><LabelStyle><scale>0</scale></LabelStyle></Style>
<Style id="s_zone1_l"><LineStyle><color>e60000ff</color><width>2</width></LineStyle><LabelStyle><scale>0</scale></LabelStyle></Style>
<Style id="s_dom0"><LineStyle><color>ffffff00</color><width>2</width></LineStyle><PolyStyle><color>47ffff00</color><fill>1</fill><outline>1</outline></PolyStyle><LabelStyle><scale>0</scale></LabelStyle></Style>
<Style id="s_dom0_v"><LineStyle><color>ffffff00</color><width>2</width></LineStyle><PolyStyle><color>26ffff00</color><fill>1</fill><outline>1</outline></PolyStyle><LabelStyle><scale>0</scale></LabelStyle></Style>
<Style id="s_dom0_l"><LineStyle><color>f2ffff00</color><width>2</width></LineStyle><LabelStyle><scale>0</scale></LabelStyle></Style>
<Style id="s_v0_0"><LineStyle><color>ffffff00</color><width>3</width></LineStyle><PolyStyle><color>59ffff00</color><fill>1</fill><outline>0</outline></PolyStyle><LabelStyle><scale>0</scale></LabelStyle></Style>
<Style id="s_v0_0_m"><LineStyle><color>59ffff00</color><width>1.5</width></LineStyle><LabelStyle><scale>0</scale></LabelStyle></Style>
<Style id="s_v0_1"><LineStyle><color>ffffff00</color><width>3</width></LineStyle><PolyStyle><color>59ffff00</color><fill>1</fill><outline>0</outline></PolyStyle><LabelStyle><scale>0</scale></LabelStyle></Style>
<Style id="s_v0_1_m"><LineStyle><color>59ffff00</color><width>1.5</width></LineStyle><LabelStyle><scale>0</scale></LabelStyle></Style>
<Style id="s_v0_2"><LineStyle><color>ffffff00</color><width>3</width></LineStyle><PolyStyle><color>59ffff00</color><fill>1</fill><outline>0</outline></PolyStyle><LabelStyle><scale>0</scale></LabelStyle></Style>
<Style id="s_v0_2_m"><LineStyle><color>59ffff00</color><width>1.5</width></LineStyle><LabelStyle><scale>0</scale></LabelStyle></Style>
<Style id="s_v0_3"><LineStyle><color>ffffff00</color><width>3</width></LineStyle><PolyStyle><color>59ffff00</color><fill>1</fill><outline>0</outline></PolyStyle><LabelStyle><scale>0</scale></LabelStyle></Style>
<Style id="s_v0_3_m"><LineStyle><color>59ffff00</color><width>1.5</width></LineStyle><LabelStyle><scale>0</scale></LabelStyle></Style>
<Folder><name>Zones</name><open>1</open>
<Placemark><name>Périmètre de la base</name><description>Zone « perimetre »&lt;br/&gt;Décor&lt;br/&gt;Surface : 823.2 ha&lt;br/&gt;Plafond : 3000 m</description><styleUrl>#s_zone0</styleUrl><Polygon><extrude>0</extrude><altitudeMode>clampToGround</altitudeMode><outerBoundaryIs><LinearRing><coordinates>-0.07362220,43.22199720,428.96 -0.04529440,43.22611110,428.96 -0.04557500,43.21689440,428.96 -0.04145560,43.20756390,428.96 -0.06411940,43.18800280,428.96 -0.07570280,43.19047780,428.96 -0.07362220,43.22199720,428.96</coordinates></LinearRing></outerBoundaryIs></Polygon></Placemark>
<Placemark><name>Périmètre de la base — arêtes</name><description>Zone « perimetre »&lt;br/&gt;Décor&lt;br/&gt;Surface : 823.2 ha&lt;br/&gt;Plafond : 3000 m</description><styleUrl>#s_zone0_l</styleUrl><MultiGeometry><LineString><altitudeMode>absolute</altitudeMode><coordinates>-0.07362220,43.22199720,428.96 -0.07362220,43.22199720,3428.96</coordinates></LineString><LineString><altitudeMode>absolute</altitudeMode><coordinates>-0.04529440,43.22611110,428.96 -0.04529440,43.22611110,3428.96</coordinates></LineString><LineString><altitudeMode>absolute</altitudeMode><coordinates>-0.04557500,43.21689440,428.96 -0.04557500,43.21689440,3428.96</coordinates></LineString><LineString><altitudeMode>absolute</altitudeMode><coordinates>-0.04145560,43.20756390,428.96 -0.04145560,43.20756390,3428.96</coordinates></LineString><LineString><altitudeMode>absolute</altitudeMode><coordinates>-0.06411940,43.18800280,428.96 -0.06411940,43.18800280,3428.96</coordinates></LineString><LineString><altitudeMode>absolute</altitudeMode><coordinates>-0.07570280,43.19047780,428.96 -0.07570280,43.19047780,3428.96</coordinates></LineString></MultiGeometry></Placemark>
<Placemark><name>Périmètre de la base — plafond</name><description>Plafond à 3000 m au-dessus du sol</description><styleUrl>#s_zone0_l</styleUrl><LineString><altitudeMode>absolute</altitudeMode><coordinates>-0.07362220,43.22199720,3428.96 -0.04529440,43.22611110,3428.96 -0.04557500,43.21689440,3428.96 -0.04145560,43.20756390,3428.96 -0.06411940,43.18800280,3428.96 -0.07570280,43.19047780,3428.96 -0.07362220,43.22199720,3428.96</coordinates></LineString></Placemark>
<Placemark><name>Zone rouge</name><description>Zone « zone_rouge »&lt;br/&gt;Décor&lt;br/&gt;Surface : 69.0 ha</description><styleUrl>#s_zone1</styleUrl><Polygon><extrude>0</extrude><altitudeMode>clampToGround</altitudeMode><outerBoundaryIs><LinearRing><coordinates>-0.06125000,43.20947220,428.96 -0.05688610,43.21667500,428.96 -0.05113610,43.21520000,428.96 -0.05724170,43.20332220,428.96 -0.06070830,43.20362500,428.96 -0.06125000,43.20947220,428.96</coordinates></LinearRing></outerBoundaryIs></Polygon></Placemark>
</Folder>
<Folder><name>Pas de tir</name><open>1</open>
<Placemark><name>Rampe FusEx</name><description>Identifiant : rampe_fusex&lt;br/&gt;Altitude sol : 429 m&lt;br/&gt;&lt;b&gt;Origine d'un domaine&lt;/b&gt;</description><Point><altitudeMode>clampToGround</altitudeMode><coordinates>-0.04733330,43.21843610,428.96</coordinates></Point></Placemark>
<Placemark><name>Rampe Minif</name><description>Identifiant : rampe_minif&lt;br/&gt;Altitude sol : 433 m</description><Point><altitudeMode>clampToGround</altitudeMode><coordinates>-0.05221670,43.22072500,428.96</coordinates></Point></Placemark>
</Folder>
<Folder><name>SP02 K1200 — 214.6° ± 3.0°</name><open>1</open>
<Placemark><name>Domaine (R = 3762 m)</name><description>Pas de tir : Rampe FusEx&lt;br/&gt;Zone : Périmètre de la base&lt;br/&gt;Groupe : sp02_v3_K1200&lt;br/&gt;Azimut : 214.6°&lt;br/&gt;Demi-angle : ± 3.0°&lt;br/&gt;Portée : 3762 m&lt;br/&gt;Surface : 75.7 ha</description><styleUrl>#s_dom0</styleUrl><Polygon><extrude>0</extrude><altitudeMode>clampToGround</altitudeMode><outerBoundaryIs><LinearRing><coordinates>-0.04733330,43.21843610,428.96 -0.07562810,43.19160946,428.96 -0.07570280,43.19047780,428.96 -0.07164708,43.18961122,428.96 -0.04733330,43.21843610,428.96</coordinates></LinearRing></outerBoundaryIs></Polygon></Placemark>
<Placemark><name>Limite A</name><description>Azimut 217.5° — 3762 m</description><styleUrl>#s_limites</styleUrl><MultiGeometry><LineString><tessellate>1</tessellate><altitudeMode>clampToGround</altitudeMode><coordinates>-0.04733330,43.21843610,428.96 -0.04752131,43.21825784,428.96</coordinates></LineString><LineString><tessellate>1</tessellate><altitudeMode>clampToGround</altitudeMode><coordinates>-0.04763412,43.21815089,428.96 -0.04782213,43.21797263,428.96</coordinates></LineString><LineString><tessellate>1</tessellate><altitudeMode>clampToGround</altitudeMode><coordinates>-0.04793494,43.21786568,428.96 -0.04812295,43.21768742,428.96</coordinates></LineString><LineString><tessellate>1</tessellate><altitudeMode>clampToGround</altitudeMode><coordinates>-0.04823576,43.21758046,428.96 -0.04842378,43.21740221,428.96</coordinates></LineString><LineString><tessellate>1</tessellate><altitudeMode>clampToGround</altitudeMode><coordinates>-0.04853658,43.21729525,428.96 -0.04872460,43.21711700,428.96</coordinates></LineString><LineString><tessellate>1</tessellate><altitudeMode>clampToGround</altitudeMode><coordinates>-0.04883740,43.21701004,428.96 -0.04902542,43.21683178,428.96</coordinates></LineString><LineString><tessellate>1</tessellate><altitudeMode>clampToGround</altitudeMode><coordinates>-0.04913822,43.21672483,428.96 -0.04932624,43.21654657,428.96</coordinates></LineString><LineString><tessellate>1</tessellate><altitudeMode>clampToGround</altitudeMode><coordinates>-0.04943905,43.21643962,428.96 -0.04962706,43.21626136,428.96</coordinates></LineString><LineString><tessellate>1</tessellate><altitudeMode>clampToGround</altitudeMode><coordinates>-0.04973987,43.21615441,428.96 -0.04992788,43.21597615,428.96</coordinates></LineString><LineString><tessellate>1</tessellate><altitudeMode>clampToGround</altitudeMode><coordinates>-0.05004069,43.21586919,428.96 -0.05022870,43.21569094,428.96</coordinates></LineString><LineString><tessellate>1</tessellate><altitudeMode>clampToGround</altitudeMode><coordinates>-0.05034151,43.21558398,428.96 -0.05052952,43.21540572,428.96</coordinates></LineString><LineString><tessellate>1</tessellate><altitudeMode>clampToGround</altitudeMode><coordinates>-0.05064233,43.21529877,428.96 -0.05083034,43.21512051,428.96</coordinates></LineString><LineString><tessellate>1</tessellate><altitudeMode>clampToGround</altitudeMode><coordinates>-0.05094315,43.21501356,428.96 -0.05113116,43.21483530,428.96</coordinates></LineString><LineString><tessellate>1</tessellate><altitudeMode>clampToGround</altitudeMode><coordinates>-0.05124397,43.21472835,428.96 -0.05143198,43.21455009,428.96</coordinates></LineString><LineString><tessellate>1</tessellate><altitudeMode>clampToGround</altitudeMode><coordinates>-0.05154479,43.21444313,428.96 -0.05173280,43.21426488,428.96</coordinates></LineString><LineString><tessellate>1</tessellate><altitudeMode>clampToGround</altitudeMode><coordinates>-0.05184561,43.21415792,428.96 -0.05203363,43.21397967,428.96</coordinates></LineString><LineString><tessellate>1</tessellate><altitudeMode>clampToGround</altitudeMode><coordinates>-0.05214643,43.21387271,428.96 -0.05233445,43.21369445,428.96</coordinates></LineString><LineString><tessellate>1</tessellate><altitudeMode>clampToGround</altitudeMode><coordinates>-0.05244725,43.21358750,428.96 -0.05263527,43.21340924,428.96</coordinates></LineString><LineString><tessellate>1</tessellate><altitudeMode>clampToGround</altitudeMode><coordinates>-0.05274807,43.21330229,428.96 -0.05293609,43.21312403,428.96</coordinates></LineString><LineString><tessellate>1</tessellate><altitudeMode>clampToGround</altitudeMode><coordinates>-0.05304890,43.21301708,428.96 -0.05323691,43.21283882,428.96</coordinates></LineString><LineString><tessellate>1</tessellate><altitudeMode>clampToGround</altitudeMode><coordinates>-0.05334972,43.21273186,428.96 -0.05353773,43.21255361,428.96</coordinates></LineString><LineString><tessellate>1</tessellate><altitudeMode>clampToGround</altitudeMode><coordinates>-0.05365054,43.21244665,428.96 -0.05383855,43.21226839,428.96</coordinates></LineString><LineString><tessellate>1</tessellate><altitudeMode>clampToGround</altitudeMode><coordinates>-0.05395136,43.21216144,428.96 -0.05413937,43.21198318,428.96</coordinates></LineString><LineString><tessellate>1</tessellate><altitudeMode>clampToGround</altitudeMode><coordinates>-0.05425218,43.21187623,428.96 -0.05444019,43.21169797,428.96</coordinates></LineString><LineString><tessellate>1</tessellate><altitudeMode>clampToGround</altitudeMode><coordinates>-0.05455300,43.21159102,428.96 -0.05474101,43.21141276,428.96</coordinates></LineString><LineString><tessellate>1</tessellate><altitudeMode>clampToGround</altitudeMode><coordinates>-0.05485382,43.21130581,428.96 -0.05504183,43.21112755,428.96</coordinates></LineString><LineString><tessellate>1</tessellate><altitudeMode>clampToGround</altitudeMode><coordinates>-0.05515464,43.21102059,428.96 -0.05534265,43.21084234,428.96</coordinates></LineString><LineString><tessellate>1</tessellate><altitudeMode>clampToGround</altitudeMode><coordinates>-0.05545546,43.21073538,428.96 -0.05564347,43.21055712,428.96</coordinates></LineString><LineString><tessellate>1</tessellate><altitudeMode>clampToGround</altitudeMode><coordinates>-0.05575628,43.21045017,428.96 -0.05594430,43.21027191,428.96</coordinates></LineString><LineString><tessellate>1</tessellate><altitudeMode>clampToGround</altitudeMode><coordinates>-0.05605710,43.21016496,428.96 -0.05624512,43.20998670,428.96</coordinates></LineString><LineString><tessellate>1</tessellate><altitudeMode>clampToGround</altitudeMode><coordinates>-0.05635792,43.20987975,428.96 -0.05654594,43.20970149,428.96</coordinates></LineString><LineString><tessellate>1</tessellate><altitudeMode>clampToGround</altitudeMode><coordinates>-0.05665874,43.20959453,428.96 -0.05684676,43.20941628,428.96</coordinates></LineString><LineString><tessellate>1</tessellate><altitudeMode>clampToGround</altitudeMode><coordinates>-0.05695957,43.20930932,428.96 -0.05714758,43.20913107,428.96</coordinates></LineString><LineString><tessellate>1</tessellate><altitudeMode>clampToGround</altitudeMode><coordinates>-0.05726039,43.20902411,428.96 -0.05744840,43.20884585,428.96</coordinates></LineString><LineString><tessellate>1</tessellate><altitudeMode>clampToGround</altitudeMode><coordinates>-0.05756121,43.20873890,428.96 -0.05774922,43.20856064,428.96</coordinates></LineString><LineString><tessellate>1</tessellate><altitudeMode>clampToGround</altitudeMode><coordinates>-0.05786203,43.20845369,428.96 -0.05805004,43.20827543,428.96</coordinates></LineString><LineString><tessellate>1</tessellate><altitudeMode>clampToGround</altitudeMode><coordinates>-0.05816285,43.20816848,428.96 -0.05835086,43.20799022,428.96</coordinates></LineString><LineString><tessellate>1</tessellate><altitudeMode>clampToGround</altitudeMode><coordinates>-0.05846367,43.20788326,428.96 -0.05865168,43.20770501,428.96</coordinates></LineString><LineString><tessellate>1</tessellate><altitudeMode>clampToGround</altitudeMode><coordinates>-0.05876449,43.20759805,428.96 -0.05895250,43.20741979,428.96</coordinates></LineString><LineString><tessellate>1</tessellate><altitudeMode>clampToGround</altitudeMode><coordinates>-0.05906531,43.20731284,428.96 -0.05925332,43.20713458,428.96</coordinates></LineString><LineString><tessellate>1</tessellate><altitudeMode>clampToGround</altitudeMode><coordinates>-0.05936613,43.20702763,428.96 -0.05955415,43.20684937,428.96</coordinates></LineString><LineString><tessellate>1</tessellate><altitudeMode>clampToGround</altitudeMode><coordinates>-0.05966695,43.20674242,428.96 -0.05985497,43.20656416,428.96</coordinates></LineString><LineString><tessellate>1</tessellate><altitudeMode>clampToGround</altitudeMode><coordinates>-0.05996777,43.20645720,428.96 -0.06015579,43.20627895,428.96</coordinates></LineString><LineString><tessellate>1</tessellate><altitudeMode>clampToGround</altitudeMode><coordinates>-0.06026859,43.20617199,428.96 -0.06045661,43.20599374,428.96</coordinates></LineString><LineString><tessellate>1</tessellate><altitudeMode>clampToGround</altitudeMode><coordinates>-0.06056942,43.20588678,428.96 -0.06075743,43.20570852,428.96</coordinates></LineString><LineString><tessellate>1</tessellate><altitudeMode>clampToGround</altitudeMode><coordinates>-0.06087024,43.20560157,428.96 -0.06105825,43.20542331,428.96</coordinates></LineString><LineString><tessellate>1</tessellate><altitudeMode>clampToGround</altitudeMode><coordinates>-0.06117106,43.20531636,428.96 -0.06135907,43.20513810,428.96</coordinates></LineString><LineString><tessellate>1</tessellate><altitudeMode>clampToGround</altitudeMode><coordinates>-0.06147188,43.20503115,428.96 -0.06165989,43.20485289,428.96</coordinates></LineString><LineString><tessellate>1</tessellate><altitudeMode>clampToGround</altitudeMode><coordinates>-0.06177270,43.20474593,428.96 -0.06196071,43.20456768,428.96</coordinates></LineString><LineString><tessellate>1</tessellate><altitudeMode>clampToGround</altitudeMode><coordinates>-0.06207352,43.20446072,428.96 -0.06226153,43.20428246,428.96</coordinates></LineString><LineString><tessellate>1</tessellate><altitudeMode>clampToGround</altitudeMode><coordinates>-0.06237434,43.20417551,428.96 -0.06256235,43.20399725,428.96</coordinates></LineString><LineString><tessellate>1</tessellate><altitudeMode>clampToGround</altitudeMode><coordinates>-0.06267516,43.20389030,428.96 -0.06286317,43.20371204,428.96</coordinates></LineString><LineString><tessellate>1</tessellate><altitudeMode>clampToGround</altitudeMode><coordinates>-0.06297598,43.20360509,428.96 -0.06316399,43.20342683,428.96</coordinates></LineString><LineString><tessellate>1</tessellate><altitudeMode>clampToGround</altitudeMode><coordinates>-0.06327680,43.20331988,428.96 -0.06346482,43.20314162,428.96</coordinates></LineString><LineString><tessellate>1</tessellate><altitudeMode>clampToGround</altitudeMode><coordinates>-0.06357762,43.20303466,428.96 -0.06376564,43.20285641,428.96</coordinates></LineString><LineString><tessellate>1</tessellate><altitudeMode>clampToGround</altitudeMode><coordinates>-0.06387844,43.20274945,428.96 -0.06406646,43.20257119,428.96</coordinates></LineString><LineString><tessellate>1</tessellate><altitudeMode>clampToGround</altitudeMode><coordinates>-0.06417926,43.20246424,428.96 -0.06436728,43.20228598,428.96</coordinates></LineString><LineString><tessellate>1</tessellate><altitudeMode>clampToGround</altitudeMode><coordinates>-0.06448009,43.20217903,428.96 -0.06466810,43.20200077,428.96</coordinates></LineString><LineString><tessellate>1</tessellate><altitudeMode>clampToGround</altitudeMode><coordinates>-0.06478091,43.20189382,428.96 -0.06496892,43.20171556,428.96</coordinates></LineString><LineString><tessellate>1</tessellate><altitudeMode>clampToGround</altitudeMode><coordinates>-0.06508173,43.20160860,428.96 -0.06526974,43.20143035,428.96</coordinates></LineString><LineString><tessellate>1</tessellate><altitudeMode>clampToGround</altitudeMode><coordinates>-0.06538255,43.20132339,428.96 -0.06557056,43.20114514,428.96</coordinates></LineString><LineString><tessellate>1</tessellate><altitudeMode>clampToGround</altitudeMode><coordinates>-0.06568337,43.20103818,428.96 -0.06587138,43.20085992,428.96</coordinates></LineString><LineString><tessellate>1</tessellate><altitudeMode>clampToGround</altitudeMode><coordinates>-0.06598419,43.20075297,428.96 -0.06617220,43.20057471,428.96</coordinates></LineString><LineString><tessellate>1</tessellate><altitudeMode>clampToGround</altitudeMode><coordinates>-0.06628501,43.20046776,428.96 -0.06647302,43.20028950,428.96</coordinates></LineString><LineString><tessellate>1</tessellate><altitudeMode>clampToGround</altitudeMode><coordinates>-0.06658583,43.20018255,428.96 -0.06677384,43.20000429,428.96</coordinates></LineString><LineString><tessellate>1</tessellate><altitudeMode>clampToGround</altitudeMode><coordinates>-0.06688665,43.19989733,428.96 -0.06707467,43.19971908,428.96</coordinates></LineString><LineString><tessellate>1</tessellate><altitudeMode>clampToGround</altitudeMode><coordinates>-0.06718747,43.19961212,428.96 -0.06737549,43.19943386,428.96</coordinates></LineString><LineString><tessellate>1</tessellate><altitudeMode>clampToGround</altitudeMode><coordinates>-0.06748829,43.19932691,428.96 -0.06767631,43.19914865,428.96</coordinates></LineString><LineString><tessellate>1</tessellate><altitudeMode>clampToGround</altitudeMode><coordinates>-0.06778911,43.19904170,428.96 -0.06797713,43.19886344,428.96</coordinates></LineString><LineString><tessellate>1</tessellate><altitudeMode>clampToGround</altitudeMode><coordinates>-0.06808994,43.19875649,428.96 -0.06827795,43.19857823,428.96</coordinates></LineString><LineString><tessellate>1</tessellate><altitudeMode>clampToGround</altitudeMode><coordinates>-0.06839076,43.19847127,428.96 -0.06857877,43.19829302,428.96</coordinates></LineString><LineString><tessellate>1</tessellate><altitudeMode>clampToGround</altitudeMode><coordinates>-0.06869158,43.19818606,428.96 -0.06887959,43.19800781,428.96</coordinates></LineString><LineString><tessellate>1</tessellate><altitudeMode>clampToGround</altitudeMode><coordinates>-0.06899240,43.19790085,428.96 -0.06918041,43.19772259,428.96</coordinates></LineString><LineString><tessellate>1</tessellate><altitudeMode>clampToGround</altitudeMode><coordinates>-0.06929322,43.19761564,428.96 -0.06948123,43.19743738,428.96</coordinates></LineString><LineString><tessellate>1</tessellate><altitudeMode>clampToGround</altitudeMode><coordinates>-0.06959404,43.19733043,428.96 -0.06978205,43.19715217,428.96</coordinates></LineString><LineString><tessellate>1</tessellate><altitudeMode>clampToGround</altitudeMode><coordinates>-0.06989486,43.19704522,428.96 -0.07008287,43.19686696,428.96</coordinates></LineString><LineString><tessellate>1</tessellate><altitudeMode>clampToGround</altitudeMode><coordinates>-0.07019568,43.19676000,428.96 -0.07038369,43.19658175,428.96</coordinates></LineString><LineString><tessellate>1</tessellate><altitudeMode>clampToGround</altitudeMode><coordinates>-0.07049650,43.19647479,428.96 -0.07068451,43.19629653,428.96</coordinates></LineString><LineString><tessellate>1</tessellate><altitudeMode>clampToGround</altitudeMode><coordinates>-0.07079732,43.19618958,428.96 -0.07098534,43.19601132,428.96</coordinates></LineString><LineString><tessellate>1</tessellate><altitudeMode>clampToGround</altitudeMode><coordinates>-0.07109814,43.19590437,428.96 -0.07128616,43.19572611,428.96</coordinates></LineString><LineString><tessellate>1</tessellate><altitudeMode>clampToGround</altitudeMode><coordinates>-0.07139896,43.19561916,428.96 -0.07158698,43.19544090,428.96</coordinates></LineString><LineString><tessellate>1</tessellate><altitudeMode>clampToGround</altitudeMode><coordinates>-0.07169978,43.19533394,428.96 -0.07188780,43.19515569,428.96</coordinates></LineString><LineString><tessellate>1</tessellate><altitudeMode>clampToGround</altitudeMode><coordinates>-0.07200061,43.19504873,428.96 -0.07218862,43.19487048,428.96</coordinates></LineString><LineString><tessellate>1</tessellate><altitudeMode>clampToGround</altitudeMode><coordinates>-0.07230143,43.19476352,428.96 -0.07248944,43.19458526,428.96</coordinates></LineString><LineString><tessellate>1</tessellate><altitudeMode>clampToGround</altitudeMode><coordinates>-0.07260225,43.19447831,428.96 -0.07279026,43.19430005,428.96</coordinates></LineString><LineString><tessellate>1</tessellate><altitudeMode>clampToGround</altitudeMode><coordinates>-0.07290307,43.19419310,428.96 -0.07309108,43.19401484,428.96</coordinates></LineString><LineString><tessellate>1</tessellate><altitudeMode>clampToGround</altitudeMode><coordinates>-0.07320389,43.19390789,428.96 -0.07339190,43.19372963,428.96</coordinates></LineString><LineString><tessellate>1</tessellate><altitudeMode>clampToGround</altitudeMode><coordinates>-0.07350471,43.19362267,428.96 -0.07369272,43.19344442,428.96</coordinates></LineString><LineString><tessellate>1</tessellate><altitudeMode>clampToGround</altitudeMode><coordinates>-0.07380553,43.19333746,428.96 -0.07399354,43.19315920,428.96</coordinates></LineString><LineString><tessellate>1</tessellate><altitudeMode>clampToGround</altitudeMode><coordinates>-0.07410635,43.19305225,428.96 -0.07429436,43.19287399,428.96</coordinates></LineString><LineString><tessellate>1</tessellate><altitudeMode>clampToGround</altitudeMode><coordinates>-0.07440717,43.19276704,428.96 -0.07459519,43.19258878,428.96</coordinates></LineString><LineString><tessellate>1</tessellate><altitudeMode>clampToGround</altitudeMode><coordinates>-0.07470799,43.19248183,428.96 -0.07489601,43.19230357,428.96</coordinates></LineString><LineString><tessellate>1</tessellate><altitudeMode>clampToGround</altitudeMode><coordinates>-0.07500881,43.19219662,428.96 -0.07519683,43.19201836,428.96</coordinates></LineString><LineString><tessellate>1</tessellate><altitudeMode>clampToGround</altitudeMode><coordinates>-0.07530963,43.19191140,428.96 -0.07549765,43.19173315,428.96</coordinates></LineString><LineString><tessellate>1</tessellate><altitudeMode>clampToGround</altitudeMode><coordinates>-0.07561046,43.19162619,428.96 -0.07562775,43.19160979,428.96</coordinates></LineString></MultiGeometry></Placemark>
<Placemark><name>sp02_v3_K1200 — A</name><description>Azimut 217.5° — 3762 m</description><Point><altitudeMode>clampToGround</altitudeMode><coordinates>-0.07562775,43.19160979,428.96</coordinates></Point></Placemark>
<Placemark><name>Limite B</name><description>Azimut 211.6° — 3762 m</description><styleUrl>#s_limites</styleUrl><MultiGeometry><LineString><tessellate>1</tessellate><altitudeMode>clampToGround</altitudeMode><coordinates>-0.04733330,43.21843610,428.96 -0.04749486,43.21824456,428.96</coordinates></LineString><LineString><tessellate>1</tessellate><altitudeMode>clampToGround</altitudeMode><coordinates>-0.04759180,43.21812964,428.96 -0.04775336,43.21793810,428.96</coordinates></LineString><LineString><tessellate>1</tessellate><altitudeMode>clampToGround</altitudeMode><coordinates>-0.04785030,43.21782318,428.96 -0.04801186,43.21763164,428.96</coordinates></LineString><LineString><tessellate>1</tessellate><altitudeMode>clampToGround</altitudeMode><coordinates>-0.04810879,43.21751672,428.96 -0.04827036,43.21732519,428.96</coordinates></LineString><LineString><tessellate>1</tessellate><altitudeMode>clampToGround</altitudeMode><coordinates>-0.04836729,43.21721026,428.96 -0.04852885,43.21701873,428.96</coordinates></LineString><LineString><tessellate>1</tessellate><altitudeMode>clampToGround</altitudeMode><coordinates>-0.04862579,43.21690380,428.96 -0.04878735,43.21671227,428.96</coordinates></LineString><LineString><tessellate>1</tessellate><altitudeMode>clampToGround</altitudeMode><coordinates>-0.04888429,43.21659734,428.96 -0.04904585,43.21640581,428.96</coordinates></LineString><LineString><tessellate>1</tessellate><altitudeMode>clampToGround</altitudeMode><coordinates>-0.04914279,43.21629089,428.96 -0.04930435,43.21609935,428.96</coordinates></LineString><LineString><tessellate>1</tessellate><altitudeMode>clampToGround</altitudeMode><coordinates>-0.04940129,43.21598443,428.96 -0.04956285,43.21579289,428.96</coordinates></LineString><LineString><tessellate>1</tessellate><altitudeMode>clampToGround</altitudeMode><coordinates>-0.04965978,43.21567797,428.96 -0.04982135,43.21548643,428.96</coordinates></LineString><LineString><tessellate>1</tessellate><altitudeMode>clampToGround</altitudeMode><coordinates>-0.04991828,43.21537151,428.96 -0.05007984,43.21517997,428.96</coordinates></LineString><LineString><tessellate>1</tessellate><altitudeMode>clampToGround</altitudeMode><coordinates>-0.05017678,43.21506505,428.96 -0.05033834,43.21487351,428.96</coordinates></LineString><LineString><tessellate>1</tessellate><altitudeMode>clampToGround</altitudeMode><coordinates>-0.05043528,43.21475859,428.96 -0.05059684,43.21456705,428.96</coordinates></LineString><LineString><tessellate>1</tessellate><altitudeMode>clampToGround</altitudeMode><coordinates>-0.05069378,43.21445213,428.96 -0.05085534,43.21426059,428.96</coordinates></LineString><LineString><tessellate>1</tessellate><altitudeMode>clampToGround</altitudeMode><coordinates>-0.05095228,43.21414567,428.96 -0.05111384,43.21395413,428.96</coordinates></LineString><LineString><tessellate>1</tessellate><altitudeMode>clampToGround</altitudeMode><coordinates>-0.05121077,43.21383921,428.96 -0.05137234,43.21364767,428.96</coordinates></LineString><LineString><tessellate>1</tessellate><altitudeMode>clampToGround</altitudeMode><coordinates>-0.05146927,43.21353275,428.96 -0.05163083,43.21334122,428.96</coordinates></LineString><LineString><tessellate>1</tessellate><altitudeMode>clampToGround</altitudeMode><coordinates>-0.05172777,43.21322629,428.96 -0.05188933,43.21303476,428.96</coordinates></LineString><LineString><tessellate>1</tessellate><altitudeMode>clampToGround</altitudeMode><coordinates>-0.05198627,43.21291983,428.96 -0.05214783,43.21272830,428.96</coordinates></LineString><LineString><tessellate>1</tessellate><altitudeMode>clampToGround</altitudeMode><coordinates>-0.05224477,43.21261337,428.96 -0.05240633,43.21242184,428.96</coordinates></LineString><LineString><tessellate>1</tessellate><altitudeMode>clampToGround</altitudeMode><coordinates>-0.05250327,43.21230692,428.96 -0.05266483,43.21211538,428.96</coordinates></LineString><LineString><tessellate>1</tessellate><altitudeMode>clampToGround</altitudeMode><coordinates>-0.05276176,43.21200046,428.96 -0.05292332,43.21180892,428.96</coordinates></LineString><LineString><tessellate>1</tessellate><altitudeMode>clampToGround</altitudeMode><coordinates>-0.05302026,43.21169400,428.96 -0.05318182,43.21150246,428.96</coordinates></LineString><LineString><tessellate>1</tessellate><altitudeMode>clampToGround</altitudeMode><coordinates>-0.05327876,43.21138754,428.96 -0.05344032,43.21119600,428.96</coordinates></LineString><LineString><tessellate>1</tessellate><altitudeMode>clampToGround</altitudeMode><coordinates>-0.05353726,43.21108108,428.96 -0.05369882,43.21088954,428.96</coordinates></LineString><LineString><tessellate>1</tessellate><altitudeMode>clampToGround</altitudeMode><coordinates>-0.05379576,43.21077462,428.96 -0.05395732,43.21058308,428.96</coordinates></LineString><LineString><tessellate>1</tessellate><altitudeMode>clampToGround</altitudeMode><coordinates>-0.05405425,43.21046816,428.96 -0.05421582,43.21027662,428.96</coordinates></LineString><LineString><tessellate>1</tessellate><altitudeMode>clampToGround</altitudeMode><coordinates>-0.05431275,43.21016170,428.96 -0.05447431,43.20997016,428.96</coordinates></LineString><LineString><tessellate>1</tessellate><altitudeMode>clampToGround</altitudeMode><coordinates>-0.05457125,43.20985524,428.96 -0.05473281,43.20966370,428.96</coordinates></LineString><LineString><tessellate>1</tessellate><altitudeMode>clampToGround</altitudeMode><coordinates>-0.05482975,43.20954878,428.96 -0.05499131,43.20935725,428.96</coordinates></LineString><LineString><tessellate>1</tessellate><altitudeMode>clampToGround</altitudeMode><coordinates>-0.05508825,43.20924232,428.96 -0.05524981,43.20905079,428.96</coordinates></LineString><LineString><tessellate>1</tessellate><altitudeMode>clampToGround</altitudeMode><coordinates>-0.05534675,43.20893586,428.96 -0.05550831,43.20874433,428.96</coordinates></LineString><LineString><tessellate>1</tessellate><altitudeMode>clampToGround</altitudeMode><coordinates>-0.05560524,43.20862941,428.96 -0.05576681,43.20843787,428.96</coordinates></LineString><LineString><tessellate>1</tessellate><altitudeMode>clampToGround</altitudeMode><coordinates>-0.05586374,43.20832295,428.96 -0.05602530,43.20813141,428.96</coordinates></LineString><LineString><tessellate>1</tessellate><altitudeMode>clampToGround</altitudeMode><coordinates>-0.05612224,43.20801649,428.96 -0.05628380,43.20782495,428.96</coordinates></LineString><LineString><tessellate>1</tessellate><altitudeMode>clampToGround</altitudeMode><coordinates>-0.05638074,43.20771003,428.96 -0.05654230,43.20751849,428.96</coordinates></LineString><LineString><tessellate>1</tessellate><altitudeMode>clampToGround</altitudeMode><coordinates>-0.05663924,43.20740357,428.96 -0.05680080,43.20721203,428.96</coordinates></LineString><LineString><tessellate>1</tessellate><altitudeMode>clampToGround</altitudeMode><coordinates>-0.05689774,43.20709711,428.96 -0.05705930,43.20690557,428.96</coordinates></LineString><LineString><tessellate>1</tessellate><altitudeMode>clampToGround</altitudeMode><coordinates>-0.05715623,43.20679065,428.96 -0.05731779,43.20659911,428.96</coordinates></LineString><LineString><tessellate>1</tessellate><altitudeMode>clampToGround</altitudeMode><coordinates>-0.05741473,43.20648419,428.96 -0.05757629,43.20629265,428.96</coordinates></LineString><LineString><tessellate>1</tessellate><altitudeMode>clampToGround</altitudeMode><coordinates>-0.05767323,43.20617773,428.96 -0.05783479,43.20598619,428.96</coordinates></LineString><LineString><tessellate>1</tessellate><altitudeMode>clampToGround</altitudeMode><coordinates>-0.05793173,43.20587127,428.96 -0.05809329,43.20567974,428.96</coordinates></LineString><LineString><tessellate>1</tessellate><altitudeMode>clampToGround</altitudeMode><coordinates>-0.05819023,43.20556481,428.96 -0.05835179,43.20537328,428.96</coordinates></LineString><LineString><tessellate>1</tessellate><altitudeMode>clampToGround</altitudeMode><coordinates>-0.05844872,43.20525835,428.96 -0.05861029,43.20506682,428.96</coordinates></LineString><LineString><tessellate>1</tessellate><altitudeMode>clampToGround</altitudeMode><coordinates>-0.05870722,43.20495189,428.96 -0.05886878,43.20476036,428.96</coordinates></LineString><LineString><tessellate>1</tessellate><altitudeMode>clampToGround</altitudeMode><coordinates>-0.05896572,43.20464544,428.96 -0.05912728,43.20445390,428.96</coordinates></LineString><LineString><tessellate>1</tessellate><altitudeMode>clampToGround</altitudeMode><coordinates>-0.05922422,43.20433898,428.96 -0.05938578,43.20414744,428.96</coordinates></LineString><LineString><tessellate>1</tessellate><altitudeMode>clampToGround</altitudeMode><coordinates>-0.05948272,43.20403252,428.96 -0.05964428,43.20384098,428.96</coordinates></LineString><LineString><tessellate>1</tessellate><altitudeMode>clampToGround</altitudeMode><coordinates>-0.05974122,43.20372606,428.96 -0.05990278,43.20353452,428.96</coordinates></LineString><LineString><tessellate>1</tessellate><altitudeMode>clampToGround</altitudeMode><coordinates>-0.05999971,43.20341960,428.96 -0.06016128,43.20322806,428.96</coordinates></LineString><LineString><tessellate>1</tessellate><altitudeMode>clampToGround</altitudeMode><coordinates>-0.06025821,43.20311314,428.96 -0.06041977,43.20292160,428.96</coordinates></LineString><LineString><tessellate>1</tessellate><altitudeMode>clampToGround</altitudeMode><coordinates>-0.06051671,43.20280668,428.96 -0.06067827,43.20261514,428.96</coordinates></LineString><LineString><tessellate>1</tessellate><altitudeMode>clampToGround</altitudeMode><coordinates>-0.06077521,43.20250022,428.96 -0.06093677,43.20230868,428.96</coordinates></LineString><LineString><tessellate>1</tessellate><altitudeMode>clampToGround</altitudeMode><coordinates>-0.06103371,43.20219376,428.96 -0.06119527,43.20200222,428.96</coordinates></LineString><LineString><tessellate>1</tessellate><altitudeMode>clampToGround</altitudeMode><coordinates>-0.06129221,43.20188730,428.96 -0.06145377,43.20169577,428.96</coordinates></LineString><LineString><tessellate>1</tessellate><altitudeMode>clampToGround</altitudeMode><coordinates>-0.06155070,43.20158084,428.96 -0.06171227,43.20138931,428.96</coordinates></LineString><LineString><tessellate>1</tessellate><altitudeMode>clampToGround</altitudeMode><coordinates>-0.06180920,43.20127438,428.96 -0.06197076,43.20108285,428.96</coordinates></LineString><LineString><tessellate>1</tessellate><altitudeMode>clampToGround</altitudeMode><coordinates>-0.06206770,43.20096792,428.96 -0.06222926,43.20077639,428.96</coordinates></LineString><LineString><tessellate>1</tessellate><altitudeMode>clampToGround</altitudeMode><coordinates>-0.06232620,43.20066147,428.96 -0.06248776,43.20046993,428.96</coordinates></LineString><LineString><tessellate>1</tessellate><altitudeMode>clampToGround</altitudeMode><coordinates>-0.06258470,43.20035501,428.96 -0.06274626,43.20016347,428.96</coordinates></LineString><LineString><tessellate>1</tessellate><altitudeMode>clampToGround</altitudeMode><coordinates>-0.06284320,43.20004855,428.96 -0.06300476,43.19985701,428.96</coordinates></LineString><LineString><tessellate>1</tessellate><altitudeMode>clampToGround</altitudeMode><coordinates>-0.06310169,43.19974209,428.96 -0.06326325,43.19955055,428.96</coordinates></LineString><LineString><tessellate>1</tessellate><altitudeMode>clampToGround</altitudeMode><coordinates>-0.06336019,43.19943563,428.96 -0.06352175,43.19924409,428.96</coordinates></LineString><LineString><tessellate>1</tessellate><altitudeMode>clampToGround</altitudeMode><coordinates>-0.06361869,43.19912917,428.96 -0.06378025,43.19893763,428.96</coordinates></LineString><LineString><tessellate>1</tessellate><altitudeMode>clampToGround</altitudeMode><coordinates>-0.06387719,43.19882271,428.96 -0.06403875,43.19863117,428.96</coordinates></LineString><LineString><tessellate>1</tessellate><altitudeMode>clampToGround</altitudeMode><coordinates>-0.06413569,43.19851625,428.96 -0.06429725,43.19832471,428.96</coordinates></LineString><LineString><tessellate>1</tessellate><altitudeMode>clampToGround</altitudeMode><coordinates>-0.06439418,43.19820979,428.96 -0.06455575,43.19801825,428.96</coordinates></LineString><LineString><tessellate>1</tessellate><altitudeMode>clampToGround</altitudeMode><coordinates>-0.06465268,43.19790333,428.96 -0.06481424,43.19771180,428.96</coordinates></LineString><LineString><tessellate>1</tessellate><altitudeMode>clampToGround</altitudeMode><coordinates>-0.06491118,43.19759687,428.96 -0.06507274,43.19740534,428.96</coordinates></LineString><LineString><tessellate>1</tessellate><altitudeMode>clampToGround</altitudeMode><coordinates>-0.06516968,43.19729041,428.96 -0.06533124,43.19709888,428.96</coordinates></LineString><LineString><tessellate>1</tessellate><altitudeMode>clampToGround</altitudeMode><coordinates>-0.06542818,43.19698395,428.96 -0.06558974,43.19679242,428.96</coordinates></LineString><LineString><tessellate>1</tessellate><altitudeMode>clampToGround</altitudeMode><coordinates>-0.06568668,43.19667750,428.96 -0.06584824,43.19648596,428.96</coordinates></LineString><LineString><tessellate>1</tessellate><altitudeMode>clampToGround</altitudeMode><coordinates>-0.06594517,43.19637104,428.96 -0.06610674,43.19617950,428.96</coordinates></LineString><LineString><tessellate>1</tessellate><altitudeMode>clampToGround</altitudeMode><coordinates>-0.06620367,43.19606458,428.96 -0.06636523,43.19587304,428.96</coordinates></LineString><LineString><tessellate>1</tessellate><altitudeMode>clampToGround</altitudeMode><coordinates>-0.06646217,43.19575812,428.96 -0.06662373,43.19556658,428.96</coordinates></LineString><LineString><tessellate>1</tessellate><altitudeMode>clampToGround</altitudeMode><coordinates>-0.06672067,43.19545166,428.96 -0.06688223,43.19526012,428.96</coordinates></LineString><LineString><tessellate>1</tessellate><altitudeMode>clampToGround</altitudeMode><coordinates>-0.06697917,43.19514520,428.96 -0.06714073,43.19495366,428.96</coordinates></LineString><LineString><tessellate>1</tessellate><altitudeMode>clampToGround</altitudeMode><coordinates>-0.06723767,43.19483874,428.96 -0.06739923,43.19464720,428.96</coordinates></LineString><LineString><tessellate>1</tessellate><altitudeMode>clampToGround</altitudeMode><coordinates>-0.06749616,43.19453228,428.96 -0.06765773,43.19434074,428.96</coordinates></LineString><LineString><tessellate>1</tessellate><altitudeMode>clampToGround</altitudeMode><coordinates>-0.06775466,43.19422582,428.96 -0.06791622,43.19403428,428.96</coordinates></LineString><LineString><tessellate>1</tessellate><altitudeMode>clampToGround</altitudeMode><coordinates>-0.06801316,43.19391936,428.96 -0.06817472,43.19372783,428.96</coordinates></LineString><LineString><tessellate>1</tessellate><altitudeMode>clampToGround</altitudeMode><coordinates>-0.06827166,43.19361290,428.96 -0.06843322,43.19342137,428.96</coordinates></LineString><LineString><tessellate>1</tessellate><altitudeMode>clampToGround</altitudeMode><coordinates>-0.06853016,43.19330644,428.96 -0.06869172,43.19311491,428.96</coordinates></LineString><LineString><tessellate>1</tessellate><altitudeMode>clampToGround</altitudeMode><coordinates>-0.06878865,43.19299999,428.96 -0.06895022,43.19280845,428.96</coordinates></LineString><LineString><tessellate>1</tessellate><altitudeMode>clampToGround</altitudeMode><coordinates>-0.06904715,43.19269353,428.96 -0.06920871,43.19250199,428.96</coordinates></LineString><LineString><tessellate>1</tessellate><altitudeMode>clampToGround</altitudeMode><coordinates>-0.06930565,43.19238707,428.96 -0.06946721,43.19219553,428.96</coordinates></LineString><LineString><tessellate>1</tessellate><altitudeMode>clampToGround</altitudeMode><coordinates>-0.06956415,43.19208061,428.96 -0.06972571,43.19188907,428.96</coordinates></LineString><LineString><tessellate>1</tessellate><altitudeMode>clampToGround</altitudeMode><coordinates>-0.06982265,43.19177415,428.96 -0.06998421,43.19158261,428.96</coordinates></LineString><LineString><tessellate>1</tessellate><altitudeMode>clampToGround</altitudeMode><coordinates>-0.07008115,43.19146769,428.96 -0.07024271,43.19127615,428.96</coordinates></LineString><LineString><tessellate>1</tessellate><altitudeMode>clampToGround</altitudeMode><coordinates>-0.07033964,43.19116123,428.96 -0.07050121,43.19096969,428.96</coordinates></LineString><LineString><tessellate>1</tessellate><altitudeMode>clampToGround</altitudeMode><coordinates>-0.07059814,43.19085477,428.96 -0.07075970,43.19066323,428.96</coordinates></LineString><LineString><tessellate>1</tessellate><altitudeMode>clampToGround</altitudeMode><coordinates>-0.07085664,43.19054831,428.96 -0.07101820,43.19035677,428.96</coordinates></LineString><LineString><tessellate>1</tessellate><altitudeMode>clampToGround</altitudeMode><coordinates>-0.07111514,43.19024185,428.96 -0.07127670,43.19005032,428.96</coordinates></LineString><LineString><tessellate>1</tessellate><altitudeMode>clampToGround</altitudeMode><coordinates>-0.07137364,43.18993539,428.96 -0.07153520,43.18974386,428.96</coordinates></LineString><LineString><tessellate>1</tessellate><altitudeMode>clampToGround</altitudeMode><coordinates>-0.07163214,43.18962893,428.96 -0.07164700,43.18961131,428.96</coordinates></LineString></MultiGeometry></Placemark>
<Placemark><name>sp02_v3_K1200 — B</name><description>Azimut 211.6° — 3762 m</description><Point><altitudeMode>clampToGround</altitudeMode><coordinates>-0.07164700,43.18961131,428.96</coordinates></Point></Placemark>
<Placemark><name>Contour du secteur</name><description>Secteur demandé, non découpé par la zone</description><styleUrl>#s_secteur</styleUrl><MultiGeometry><LineString><tessellate>1</tessellate><altitudeMode>clampToGround</altitudeMode><coordinates>-0.04733330,43.21843610,428.96 -0.07562775,43.19160979,428.96 -0.07433285,43.19091018,428.96 -0.07300540,43.19024376,428.96 -0.07164700,43.18961131,428.96 -0.04733330,43.21843610,428.96</coordinates></LineString></MultiGeometry></Placemark>
<Placemark><name>Cercle de portée (3762 m)</name><description></description><styleUrl>#s_cercle</styleUrl><MultiGeometry><LineString><tessellate>1</tessellate><altitudeMode>clampToGround</altitudeMode><coordinates>-0.00090420,43.21843610,428.96 -0.00093248,43.21961693,428.96 -0.00101730,43.22079632,428.96 -0.00115854,43.22197283,428.96 -0.00135604,43.22314504,428.96 -0.00160956,43.22431151,428.96 -0.00191879,43.22547082,428.96 -0.00228334,43.22662156,428.96 -0.00270278,43.22776233,428.96 -0.00317660,43.22889173,428.96 -0.00370422,43.23000840,428.96 -0.00428499,43.23111096,428.96 -0.00491820,43.23219809,428.96 -0.00560310,43.23326844,428.96 -0.00633884,43.23432073,428.96 -0.00712452,43.23535367,428.96 -0.00795919,43.23636599,428.96 -0.00884183,43.23735646,428.96 -0.00977137,43.23832389,428.96 -0.01074667,43.23926709,428.96 -0.01176654,43.24018490,428.96 -0.01282975,43.24107622,428.96 -0.01393500,43.24193996,428.96 -0.01508094,43.24277506,428.96 -0.01626617,43.24358050,428.96 -0.01748925,43.24435531,428.96 -0.01874869,43.24509855,428.96 -0.02004296,43.24580930,428.96 -0.02137048,43.24648669,428.96 -0.02272962,43.24712992,428.96 -0.02411875,43.24773818,428.96 -0.02553616,43.24831075,428.96 -0.02698012,43.24884691,428.96 -0.02844888,43.24934603,428.96 -0.02994065,43.24980749,428.96 -0.03145361,43.25023072,428.96 -0.03298592,43.25061522,428.96 -0.03453571,43.25096051,428.96 -0.03610108,43.25126618,428.96 -0.03768015,43.25153185,428.96 -0.03927097,43.25175720,428.96 -0.04087162,43.25194195,428.96 -0.04248014,43.25208588,428.96 -0.04409457,43.25218881,428.96 -0.04571295,43.25225062,428.96 -0.04733330,43.25227123,428.96 -0.04895365,43.25225062,428.96 -0.05057203,43.25218881,428.96 -0.05218646,43.25208588,428.96 -0.05379498,43.25194195,428.96 -0.05539563,43.25175720,428.96 -0.05698645,43.25153185,428.96 -0.05856552,43.25126618,428.96 -0.06013089,43.25096051,428.96 -0.06168068,43.25061522,428.96 -0.06321299,43.25023072,428.96 -0.06472595,43.24980749,428.96 -0.06621772,43.24934603,428.96 -0.06768648,43.24884691,428.96 -0.06913044,43.24831075,428.96 -0.07054785,43.24773818,428.96 -0.07193698,43.24712992,428.96 -0.07329612,43.24648669,428.96 -0.07462364,43.24580930,428.96 -0.07591791,43.24509855,428.96 -0.07717735,43.24435531,428.96 -0.07840043,43.24358050,428.96 -0.07958566,43.24277506,428.96 -0.08073160,43.24193996,428.96 -0.08183685,43.24107622,428.96 -0.08290006,43.24018490,428.96 -0.08391993,43.23926709,428.96 -0.08489523,43.23832389,428.96 -0.08582477,43.23735646,428.96 -0.08670741,43.23636599,428.96 -0.08754208,43.23535367,428.96 -0.08832776,43.23432073,428.96 -0.08906350,43.23326844,428.96 -0.08974840,43.23219809,428.96 -0.09038161,43.23111096,428.96 -0.09096238,43.23000840,428.96 -0.09149000,43.22889173,428.96 -0.09196382,43.22776233,428.96 -0.09238326,43.22662156,428.96 -0.09274781,43.22547082,428.96 -0.09305704,43.22431151,428.96 -0.09331056,43.22314504,428.96 -0.09350806,43.22197283,428.96 -0.09364930,43.22079632,428.96 -0.09373412,43.21961693,428.96 -0.09376240,43.21843610,428.96 -0.09373412,43.21725527,428.96 -0.09364930,43.21607588,428.96 -0.09350806,43.21489937,428.96 -0.09331056,43.21372716,428.96 -0.09305704,43.21256069,428.96 -0.09274781,43.21140138,428.96 -0.09238326,43.21025064,428.96 -0.09196382,43.20910987,428.96 -0.09149000,43.20798047,428.96 -0.09096238,43.20686380,428.96 -0.09038161,43.20576124,428.96 -0.08974840,43.20467411,428.96 -0.08906350,43.20360376,428.96 -0.08832776,43.20255147,428.96 -0.08754208,43.20151853,428.96 -0.08670741,43.20050621,428.96 -0.08582477,43.19951574,428.96 -0.08489523,43.19854831,428.96 -0.08391993,43.19760511,428.96 -0.08290006,43.19668730,428.96 -0.08183685,43.19579598,428.96 -0.08073160,43.19493224,428.96 -0.07958566,43.19409714,428.96 -0.07840043,43.19329170,428.96 -0.07717735,43.19251689,428.96 -0.07591791,43.19177365,428.96 -0.07462364,43.19106290,428.96 -0.07329612,43.19038551,428.96 -0.07193698,43.18974228,428.96 -0.07054785,43.18913402,428.96 -0.06913044,43.18856145,428.96 -0.06768648,43.18802529,428.96 -0.06621772,43.18752617,428.96 -0.06472595,43.18706471,428.96 -0.06321299,43.18664148,428.96 -0.06168068,43.18625698,428.96 -0.06013089,43.18591169,428.96 -0.05856552,43.18560602,428.96 -0.05698645,43.18534035,428.96 -0.05539563,43.18511500,428.96 -0.05379498,43.18493025,428.96 -0.05218646,43.18478632,428.96 -0.05057203,43.18468339,428.96 -0.04895365,43.18462158,428.96 -0.04733330,43.18460097,428.96 -0.04571295,43.18462158,428.96 -0.04409457,43.18468339,428.96 -0.04248014,43.18478632,428.96 -0.04087162,43.18493025,428.96 -0.03927097,43.18511500,428.96 -0.03768015,43.18534035,428.96 -0.03610108,43.18560602,428.96 -0.03453571,43.18591169,428.96 -0.03298592,43.18625698,428.96 -0.03145361,43.18664148,428.96 -0.02994065,43.18706471,428.96 -0.02844888,43.18752617,428.96 -0.02698012,43.18802529,428.96 -0.02553616,43.18856145,428.96 -0.02411875,43.18913402,428.96 -0.02272962,43.18974228,428.96 -0.02137048,43.19038551,428.96 -0.02004296,43.19106290,428.96 -0.01874869,43.19177365,428.96 -0.01748925,43.19251689,428.96 -0.01626617,43.19329170,428.96 -0.01508094,43.19409714,428.96 -0.01393500,43.19493224,428.96 -0.01282975,43.19579598,428.96 -0.01176654,43.19668730,428.96 -0.01074667,43.19760511,428.96 -0.00977137,43.19854831,428.96 -0.00884183,43.19951574,428.96 -0.00795919,43.20050621,428.96 -0.00712452,43.20151853,428.96 -0.00633884,43.20255147,428.96 -0.00560310,43.20360376,428.96 -0.00491820,43.20467411,428.96 -0.00428499,43.20576124,428.96 -0.00370422,43.20686380,428.96 -0.00317660,43.20798047,428.96 -0.00270278,43.20910987,428.96 -0.00228334,43.21025064,428.96 -0.00191879,43.21140138,428.96 -0.00160956,43.21256069,428.96 -0.00135604,43.21372716,428.96 -0.00115854,43.21489937,428.96 -0.00101730,43.21607588,428.96 -0.00093248,43.21725527,428.96 -0.00090420,43.21843610,428.96</coordinates></LineString></MultiGeometry></Placemark>
</Folder>
<Folder><name>Trajectoires</name><open>1</open>
<Folder><name>SP02 K1200</name><open>1</open>
<Placemark><name>alpha 80 nominal</name><description>Groupe : SP02 K1200&lt;br/&gt;Fichier : alpha_80.csv&lt;br/&gt;Pas de tir : Rampe FusEx&lt;br/&gt;Azimut : 214.6°&lt;br/&gt;Apogée : 878 m&lt;br/&gt;Portée : 344 m&lt;br/&gt;Points : 150 / 354&lt;br/&gt;Rideau : quadrillage_45</description><styleUrl>#s_v0_0</styleUrl><LineString><extrude>0</extrude><altitudeMode>absolute</altitudeMode><coordinates>-0.04733330,43.21843610,428.96 -0.04733331,43.21843609,428.97 -0.04733343,43.21843597,429.05 -0.04733358,43.21843580,429.17 -0.04733379,43.21843558,429.34 -0.04733422,43.21843512,429.68 -0.04733459,43.21843474,429.97 -0.04733525,43.21843404,430.49 -0.04733576,43.21843350,430.90 -0.04733634,43.21843289,431.37 -0.04733732,43.21843185,432.15 -0.04733805,43.21843108,432.74 -0.04733905,43.21843001,433.54 -0.04734248,43.21842639,436.27 -0.04734828,43.21842026,440.82 -0.04736060,43.21840722,450.40 -0.04737090,43.21839632,458.33 -0.04738293,43.21838360,467.49 -0.04740425,43.21836105,483.47 -0.04742061,43.21834374,495.55 -0.04743859,43.21832472,508.74 -0.04746844,43.21829314,530.49 -0.04749024,43.21827008,546.23 -0.04751349,43.21824549,562.91 -0.04754309,43.21821417,584.01 -0.04755321,43.21820346,591.20 -0.04756084,43.21819540,596.61 -0.04756719,43.21818868,601.10 -0.04758143,43.21817362,611.16 -0.04761913,43.21813374,637.62 -0.04764401,43.21810742,654.97 -0.04766871,43.21808129,672.09 -0.04770021,43.21804796,693.78 -0.04772419,43.21802260,710.18 -0.04775925,43.21798552,733.97 -0.04778206,43.21796139,749.34 -0.04780444,43.21793771,764.31 -0.04783725,43.21790300,786.09 -0.04785865,43.21788036,800.17 -0.04787968,43.21785811,813.91 -0.04791059,43.21782541,833.92 -0.04793079,43.21780405,846.88 -0.04796050,43.21777262,865.76 -0.04797994,43.21775206,877.98 -0.04799909,43.21773180,889.94 -0.04802732,43.21770194,907.37 -0.04804582,43.21768237,918.67 -0.04806407,43.21766306,929.73 -0.04809100,43.21763458,945.86 -0.04810867,43.21761589,956.32 -0.04812612,43.21759742,966.56 -0.04815191,43.21757014,981.50 -0.04816885,43.21755222,991.20 -0.04819391,43.21752571,1005.36 -0.04821038,43.21750829,1014.54 -0.04822667,43.21749105,1023.54 -0.04825081,43.21746552,1036.66 -0.04826668,43.21744873,1045.18 -0.04828241,43.21743209,1053.52 -0.04830570,43.21740745,1065.70 -0.04832105,43.21739121,1073.60 -0.04834381,43.21736714,1085.13 -0.04835882,43.21735126,1092.61 -0.04837369,43.21733553,1099.92 -0.04839577,43.21731218,1110.60 -0.04841033,43.21729677,1117.53 -0.04842477,43.21728149,1124.30 -0.04844623,43.21725879,1134.17 -0.04846040,43.21724380,1140.57 -0.04847447,43.21722893,1146.82 -0.04849536,43.21720682,1155.93 -0.04850918,43.21719221,1161.83 -0.04852971,43.21717049,1170.42 -0.04854329,43.21715612,1175.98 -0.04855678,43.21714185,1181.40 -0.04857685,43.21712062,1189.29 -0.04859013,43.21710657,1194.39 -0.04860333,43.21709261,1199.36 -0.04862298,43.21707182,1206.58 -0.04863599,43.21705806,1211.23 -0.04865536,43.21703757,1217.99 -0.04866819,43.21702400,1222.34 -0.04868095,43.21701050,1226.57 -0.04869997,43.21699038,1232.69 -0.04871257,43.21697705,1236.63 -0.04872512,43.21696378,1240.45 -0.04874381,43.21694401,1245.96 -0.04875621,43.21693089,1249.49 -0.04876854,43.21691784,1252.91 -0.04878696,43.21689836,1257.84 -0.04879916,43.21688545,1260.98 -0.04881738,43.21686618,1265.49 -0.04882947,43.21685339,1268.36 -0.04884150,43.21684066,1271.12 -0.04885947,43.21682165,1275.06 -0.04887139,43.21680904,1277.55 -0.04888328,43.21679647,1279.94 -0.04890102,43.21677771,1283.33 -0.04891280,43.21676524,1285.46 -0.04893039,43.21674663,1288.46 -0.04894207,43.21673428,1290.33 -0.04895371,43.21672196,1292.10 -0.04897110,43.21670356,1294.56 -0.04898265,43.21669134,1296.08 -0.04899417,43.21667916,1297.50 -0.04901137,43.21666097,1299.43 -0.04902280,43.21664887,1300.60 -0.04903420,43.21663682,1301.67 -0.04905123,43.21661880,1303.09 -0.04906254,43.21660684,1303.91 -0.04907944,43.21658896,1304.97 -0.04909068,43.21657707,1305.55 -0.04910187,43.21656523,1306.04 -0.04911862,43.21654751,1306.59 -0.04912975,43.21653574,1306.84 -0.04914085,43.21652400,1306.99 -0.04915192,43.21651228,1307.05 -0.04917412,43.21648881,1306.89 -0.04920754,43.21645345,1305.87 -0.04922982,43.21642989,1304.65 -0.04925213,43.21640628,1302.96 -0.04928571,43.21637076,1299.50 -0.04930825,43.21634692,1296.52 -0.04933099,43.21632286,1292.93 -0.04936562,43.21628623,1286.25 -0.04938920,43.21626128,1280.79 -0.04942557,43.21622281,1270.72 -0.04945070,43.21619623,1262.46 -0.04947673,43.21616869,1252.58 -0.04951800,43.21612504,1233.64 -0.04954747,43.21609386,1217.03 -0.04957904,43.21606046,1195.42 -0.04962980,43.21600676,1148.15 -0.04965686,43.21597815,1112.29 -0.04967748,43.21595633,1075.77 -0.04969948,43.21593306,1020.40 -0.04970977,43.21592217,983.32 -0.04972066,43.21591065,927.64 -0.04972574,43.21590528,890.54 -0.04972956,43.21590124,853.48 -0.04973359,43.21589698,798.00 -0.04973546,43.21589499,761.09 -0.04973686,43.21589351,724.23 -0.04973834,43.21589195,669.08 -0.04973903,43.21589122,632.39 -0.04973974,43.21589047,577.49 -0.04974008,43.21589011,540.96 -0.04974032,43.21588985,504.50 -0.04974059,43.21588957,449.92 -0.04974066,43.21588950,428.96</coordinates></LineString></Placemark>
<Placemark><name>alpha 80 nominal — quadrillage_45</name><description>Motif : quadrillage_45 (45°, 135°)&lt;br/&gt;Pas : 150 m&lt;br/&gt;Segments : 9</description><styleUrl>#s_v0_0_m</styleUrl><MultiGeometry><LineString><altitudeMode>absolute</altitudeMode><coordinates>-0.04881843,43.21686507,398.96 -0.04973989,43.21589030,560.58</coordinates></LineString><LineString><altitudeMode>absolute</altitudeMode><coordinates>-0.04733330,43.21843610,398.96 -0.04973491,43.21589558,772.00</coordinates></LineString><LineString><altitudeMode>absolute</altitudeMode><coordinates>-0.04769970,43.21804851,693.43 -0.04971030,43.21592161,980.62</coordinates></LineString><LineString><altitudeMode>absolute</altitudeMode><coordinates>-0.04812592,43.21759764,966.44 -0.04959899,43.21603936,1176.85</coordinates></LineString><LineString><altitudeMode>absolute</altitudeMode><coordinates>-0.04961275,43.21602480,1164.03 -0.04884999,43.21683168,1272.98</coordinates></LineString><LineString><altitudeMode>absolute</altitudeMode><coordinates>-0.04971888,43.21591253,936.74 -0.04842034,43.21728618,1122.22</coordinates></LineString><LineString><altitudeMode>absolute</altitudeMode><coordinates>-0.04973692,43.21589345,722.03 -0.04810633,43.21761835,954.94</coordinates></LineString><LineString><altitudeMode>absolute</altitudeMode><coordinates>-0.04974029,43.21588989,509.42 -0.04783124,43.21790936,782.10</coordinates></LineString><LineString><altitudeMode>absolute</altitudeMode><coordinates>-0.04881843,43.21686507,398.96 -0.04757494,43.21818048,606.58</coordinates></LineString></MultiGeometry></Placemark>
<Placemark><name>alpha 80 nominal — trace au sol</name><description>Projection au sol</description><styleUrl>#s_v0_0</styleUrl><LineString><tessellate>1</tessellate><altitudeMode>clampToGround</altitudeMode><coordinates>-0.04733330,43.21843610,428.96 -0.04733331,43.21843609,428.96 -0.04733343,43.21843597,428.96 -0.04733358,43.21843580,428.96 -0.04733379,43.21843558,428.96 -0.04733422,43.21843512,428.96 -0.04733459,43.21843474,428.96 -0.04733525,43.21843404,428.96 -0.04733576,43.21843350,428.96 -0.04733634,43.21843289,428.96 -0.04733732,43.21843185,428.96 -0.04733805,43.21843108,428.96 -0.04733905,43.21843001,428.96 -0.04734248,43.21842639,428.96 -0.04734828,43.21842026,428.96 -0.04736060,43.21840722,428.96 -0.04737090,43.21839632,428.96 -0.04738293,43.21838360,428.96 -0.04740425,43.21836105,428.96 -0.04742061,43.21834374,428.96 -0.04743859,43.21832472,428.96 -0.04746844,43.21829314,428.96 -0.04749024,43.21827008,428.96 -0.04751349,43.21824549,428.96 -0.04754309,43.21821417,428.96 -0.04755321,43.21820346,428.96 -0.04756084,43.21819540,428.96 -0.04756719,43.21818868,428.96 -0.04758143,43.21817362,428.96 -0.04761913,43.21813374,428.96 -0.04764401,43.21810742,428.96 -0.04766871,43.21808129,428.96 -0.04770021,43.21804796,428.96 -0.04772419,43.21802260,428.96 -0.04775925,43.21798552,428.96 -0.04778206,43.21796139,428.96 -0.04780444,43.21793771,428.96 -0.04783725,43.21790300,428.96 -0.04785865,43.21788036,428.96 -0.04787968,43.21785811,428.96 -0.04791059,43.21782541,428.96 -0.04793079,43.21780405,428.96 -0.04796050,43.21777262,428.96 -0.04797994,43.21775206,428.96 -0.04799909,43.21773180,428.96 -0.04802732,43.21770194,428.96 -0.04804582,43.21768237,428.96 -0.04806407,43.21766306,428.96 -0.04809100,43.21763458,428.96 -0.04810867,43.21761589,428.96 -0.04812612,43.21759742,428.96 -0.04815191,43.21757014,428.96 -0.04816885,43.21755222,428.96 -0.04819391,43.21752571,428.96 -0.04821038,43.21750829,428.96 -0.04822667,43.21749105,428.96 -0.04825081,43.21746552,428.96 -0.04826668,43.21744873,428.96 -0.04828241,43.21743209,428.96 -0.04830570,43.21740745,428.96 -0.04832105,43.21739121,428.96 -0.04834381,43.21736714,428.96 -0.04835882,43.21735126,428.96 -0.04837369,43.21733553,428.96 -0.04839577,43.21731218,428.96 -0.04841033,43.21729677,428.96 -0.04842477,43.21728149,428.96 -0.04844623,43.21725879,428.96 -0.04846040,43.21724380,428.96 -0.04847447,43.21722893,428.96 -0.04849536,43.21720682,428.96 -0.04850918,43.21719221,428.96 -0.04852971,43.21717049,428.96 -0.04854329,43.21715612,428.96 -0.04855678,43.21714185,428.96 -0.04857685,43.21712062,428.96 -0.04859013,43.21710657,428.96 -0.04860333,43.21709261,428.96 -0.04862298,43.21707182,428.96 -0.04863599,43.21705806,428.96 -0.04865536,43.21703757,428.96 -0.04866819,43.21702400,428.96 -0.04868095,43.21701050,428.96 -0.04869997,43.21699038,428.96 -0.04871257,43.21697705,428.96 -0.04872512,43.21696378,428.96 -0.04874381,43.21694401,428.96 -0.04875621,43.21693089,428.96 -0.04876854,43.21691784,428.96 -0.04878696,43.21689836,428.96 -0.04879916,43.21688545,428.96 -0.04881738,43.21686618,428.96 -0.04882947,43.21685339,428.96 -0.04884150,43.21684066,428.96 -0.04885947,43.21682165,428.96 -0.04887139,43.21680904,428.96 -0.04888328,43.21679647,428.96 -0.04890102,43.21677771,428.96 -0.04891280,43.21676524,428.96 -0.04893039,43.21674663,428.96 -0.04894207,43.21673428,428.96 -0.04895371,43.21672196,428.96 -0.04897110,43.21670356,428.96 -0.04898265,43.21669134,428.96 -0.04899417,43.21667916,428.96 -0.04901137,43.21666097,428.96 -0.04902280,43.21664887,428.96 -0.04903420,43.21663682,428.96 -0.04905123,43.21661880,428.96 -0.04906254,43.21660684,428.96 -0.04907944,43.21658896,428.96 -0.04909068,43.21657707,428.96 -0.04910187,43.21656523,428.96 -0.04911862,43.21654751,428.96 -0.04912975,43.21653574,428.96 -0.04914085,43.21652400,428.96 -0.04915192,43.21651228,428.96 -0.04917412,43.21648881,428.96 -0.04920754,43.21645345,428.96 -0.04922982,43.21642989,428.96 -0.04925213,43.21640628,428.96 -0.04928571,43.21637076,428.96 -0.04930825,43.21634692,428.96 -0.04933099,43.21632286,428.96 -0.04936562,43.21628623,428.96 -0.04938920,43.21626128,428.96 -0.04942557,43.21622281,428.96 -0.04945070,43.21619623,428.96 -0.04947673,43.21616869,428.96 -0.04951800,43.21612504,428.96 -0.04954747,43.21609386,428.96 -0.04957904,43.21606046,428.96 -0.04962980,43.21600676,428.96 -0.04965686,43.21597815,428.96 -0.04967748,43.21595633,428.96 -0.04969948,43.21593306,428.96 -0.04970977,43.21592217,428.96 -0.04972066,43.21591065,428.96 -0.04972574,43.21590528,428.96 -0.04972956,43.21590124,428.96 -0.04973359,43.21589698,428.96 -0.04973546,43.21589499,428.96 -0.04973686,43.21589351,428.96 -0.04973834,43.21589195,428.96 -0.04973903,43.21589122,428.96 -0.04973974,43.21589047,428.96 -0.04974008,43.21589011,428.96 -0.04974032,43.21588985,428.96 -0.04974059,43.21588957,428.96 -0.04974066,43.21588950,428.96</coordinates></LineString></Placemark>
<Placemark><name>beta 80 nominal</name><description>Groupe : SP02 K1200&lt;br/&gt;Fichier : beta_80.csv&lt;br/&gt;Pas de tir : Rampe FusEx&lt;br/&gt;Azimut : 214.6°&lt;br/&gt;Apogée : 2990 m&lt;br/&gt;Portée : 962 m&lt;br/&gt;Points : 150 / 740&lt;br/&gt;Rideau : quadrillage_45</description><styleUrl>#s_v0_1</styleUrl><LineString><extrude>0</extrude><altitudeMode>absolute</altitudeMode><coordinates>-0.04733330,43.21843610,428.96 -0.04733343,43.21843597,429.05 -0.04733392,43.21843544,429.44 -0.04733479,43.21843452,430.13 -0.04733604,43.21843320,431.13 -0.04733768,43.21843147,432.44 -0.04734075,43.21842822,434.90 -0.04735607,43.21841201,446.89 -0.04738293,43.21838360,467.49 -0.04742061,43.21834374,495.55 -0.04746844,43.21829314,530.49 -0.04752564,43.21823264,571.58 -0.04755576,43.21820078,593.01 -0.04756719,43.21818868,601.10 -0.04761913,43.21813374,637.62 -0.04768100,43.21806829,680.57 -0.04774291,43.21800279,722.97 -0.04783840,43.21790178,787.68 -0.04796048,43.21777264,869.74 -0.04807256,43.21765408,944.61 -0.04814775,43.21757454,994.65 -0.04822354,43.21749436,1044.95 -0.04833224,43.21737938,1116.89 -0.04845345,43.21725116,1196.85 -0.04852561,43.21717483,1244.34 -0.04859475,43.21710168,1289.76 -0.04872790,43.21696083,1377.03 -0.04875558,43.21693156,1395.13 -0.04878988,43.21689527,1417.55 -0.04882838,43.21685454,1442.69 -0.04886912,43.21681145,1469.25 -0.04892901,43.21674809,1508.25 -0.04902335,43.21664829,1569.53 -0.04904225,43.21662830,1581.77 -0.04905844,43.21661118,1592.26 -0.04907897,43.21658946,1605.55 -0.04910110,43.21656604,1619.87 -0.04912692,43.21653874,1636.55 -0.04915325,43.21651088,1653.55 -0.04919065,43.21647132,1677.66 -0.04923386,43.21642560,1705.47 -0.04932049,43.21633397,1761.05 -0.04943227,43.21621572,1832.41 -0.04952155,43.21612128,1889.06 -0.04963947,43.21599654,1963.39 -0.04975098,43.21587857,2033.08 -0.04985708,43.21576634,2098.78 -0.04995846,43.21565910,2160.97 -0.05005570,43.21555623,2220.02 -0.05014923,43.21545729,2276.22 -0.05023945,43.21536185,2329.82 -0.05032665,43.21526961,2381.03 -0.05041109,43.21518028,2430.02 -0.05049302,43.21509362,2476.95 -0.05057263,43.21500941,2521.95 -0.05065010,43.21492745,2565.13 -0.05072560,43.21484759,2606.61 -0.05079925,43.21476968,2646.48 -0.05087119,43.21469357,2684.81 -0.05094154,43.21461916,2721.69 -0.05101039,43.21454632,2757.19 -0.05107784,43.21447496,2791.35 -0.05114399,43.21440499,2824.25 -0.05119601,43.21434997,2849.69 -0.05125998,43.21428229,2880.42 -0.05132285,43.21421579,2910.02 -0.05138468,43.21415038,2938.53 -0.05144552,43.21408602,2965.97 -0.05150543,43.21402265,2992.39 -0.05156446,43.21396020,3017.81 -0.05162266,43.21389864,3042.27 -0.05168007,43.21383791,3065.79 -0.05173673,43.21377797,3088.39 -0.05179268,43.21371878,3110.11 -0.05184796,43.21366031,3130.96 -0.05190260,43.21360250,3150.96 -0.05195664,43.21354534,3170.13 -0.05201010,43.21348879,3188.49 -0.05206301,43.21343282,3206.06 -0.05211540,43.21337740,3222.85 -0.05216730,43.21332249,3238.87 -0.05221873,43.21326809,3254.14 -0.05226971,43.21321416,3268.68 -0.05232027,43.21316067,3282.48 -0.05237044,43.21310761,3295.57 -0.05242021,43.21305495,3307.95 -0.05246962,43.21300269,3319.64 -0.05250890,43.21296113,3328.49 -0.05255770,43.21290951,3338.94 -0.05260618,43.21285823,3348.72 -0.05265436,43.21280726,3357.83 -0.05270225,43.21275660,3366.28 -0.05274987,43.21270623,3374.08 -0.05279722,43.21265614,3381.24 -0.05284433,43.21260631,3387.75 -0.05289119,43.21255673,3393.62 -0.05293782,43.21250740,3398.86 -0.05298423,43.21245831,3403.48 -0.05303043,43.21240944,3407.47 -0.05307642,43.21236079,3410.85 -0.05312221,43.21231234,3413.61 -0.05316783,43.21226409,3415.76 -0.05321326,43.21221604,3417.30 -0.05325852,43.21216816,3418.24 -0.05330362,43.21212044,3418.57 -0.05336969,43.21205056,3417.95 -0.05345058,43.21196498,3415.12 -0.05353167,43.21187920,3409.47 -0.05361276,43.21179343,3400.29 -0.05369445,43.21170701,3386.39 -0.05377813,43.21161849,3365.43 -0.05386600,43.21152554,3331.85 -0.05394118,43.21144601,3285.24 -0.05400935,43.21137389,3204.20 -0.05404058,43.21134086,3121.39 -0.05405466,43.21132596,3038.46 -0.05406098,43.21131928,2955.77 -0.05406380,43.21131629,2873.40 -0.05406507,43.21131496,2791.38 -0.05406562,43.21131437,2709.70 -0.05406586,43.21131411,2628.36 -0.05406597,43.21131400,2547.35 -0.05406602,43.21131395,2466.67 -0.05406604,43.21131393,2386.31 -0.05406605,43.21131392,2306.28 -0.05406605,43.21131391,2226.57 -0.05406605,43.21131391,2147.18 -0.05406605,43.21131391,2068.11 -0.05406605,43.21131391,1989.35 -0.05406605,43.21131392,1910.89 -0.05406605,43.21131392,1832.73 -0.05406605,43.21131392,1754.88 -0.05406605,43.21131392,1677.34 -0.05406605,43.21131392,1600.09 -0.05406605,43.21131392,1523.13 -0.05406605,43.21131392,1446.47 -0.05406605,43.21131392,1370.08 -0.05406605,43.21131392,1309.18 -0.05406605,43.21131392,1233.32 -0.05406605,43.21131392,1157.73 -0.05406604,43.21131393,1082.43 -0.05406604,43.21131393,1007.40 -0.05406604,43.21131393,932.64 -0.05406604,43.21131393,858.15 -0.05406604,43.21131393,783.93 -0.05406604,43.21131393,709.98 -0.05406604,43.21131393,636.29 -0.05406604,43.21131393,562.87 -0.05406604,43.21131393,489.71 -0.05406604,43.21131393,428.96</coordinates></LineString></Placemark>
<Placemark><name>beta 80 nominal — quadrillage_45</name><description>Motif : quadrillage_45 (45°, 135°)&lt;br/&gt;Pas : 150 m&lt;br/&gt;Segments : 33</description><styleUrl>#s_v0_1_m</styleUrl><MultiGeometry><LineString><altitudeMode>absolute</altitudeMode><coordinates>-0.05327383,43.21215196,398.96 -0.05406605,43.21131392,542.12</coordinates></LineString><LineString><altitudeMode>absolute</altitudeMode><coordinates>-0.05178870,43.21372300,398.96 -0.05406605,43.21131392,754.25</coordinates></LineString><LineString><altitudeMode>absolute</altitudeMode><coordinates>-0.05030356,43.21529403,398.96 -0.05406605,43.21131392,966.38</coordinates></LineString><LineString><altitudeMode>absolute</altitudeMode><coordinates>-0.04881843,43.21686507,398.96 -0.05406605,43.21131392,1178.51</coordinates></LineString><LineString><altitudeMode>absolute</altitudeMode><coordinates>-0.04733330,43.21843610,398.96 -0.05406605,43.21131392,1390.65</coordinates></LineString><LineString><altitudeMode>absolute</altitudeMode><coordinates>-0.04769979,43.21804841,693.44 -0.05406605,43.21131392,1602.78</coordinates></LineString><LineString><altitudeMode>absolute</altitudeMode><coordinates>-0.04809974,43.21762533,962.70 -0.05406605,43.21131392,1814.91</coordinates></LineString><LineString><altitudeMode>absolute</altitudeMode><coordinates>-0.04850877,43.21719264,1233.26 -0.05406605,43.21131392,2027.04</coordinates></LineString><LineString><altitudeMode>absolute</altitudeMode><coordinates>-0.04892344,43.21675399,1504.62 -0.05406605,43.21131392,2239.17</coordinates></LineString><LineString><altitudeMode>absolute</altitudeMode><coordinates>-0.04934554,43.21630747,1777.04 -0.05406602,43.21131395,2451.30</coordinates></LineString><LineString><altitudeMode>absolute</altitudeMode><coordinates>-0.04978039,43.21584746,2051.29 -0.05406576,43.21131423,2663.40</coordinates></LineString><LineString><altitudeMode>absolute</altitudeMode><coordinates>-0.05023761,43.21536380,2328.73 -0.05406374,43.21131636,2875.24</coordinates></LineString><LineString><altitudeMode>absolute</altitudeMode><coordinates>-0.05073551,43.21483710,2611.98 -0.05404677,43.21133432,3084.95</coordinates></LineString><LineString><altitudeMode>absolute</altitudeMode><coordinates>-0.05131669,43.21422230,2907.12 -0.05394361,43.21144344,3282.35</coordinates></LineString><LineString><altitudeMode>absolute</altitudeMode><coordinates>-0.05217952,43.21330957,3242.50 -0.05340034,43.21201814,3416.88</coordinates></LineString><LineString><altitudeMode>absolute</altitudeMode><coordinates>-0.05390293,43.21148647,3308.95 -0.05315831,43.21227416,3415.31</coordinates></LineString><LineString><altitudeMode>absolute</altitudeMode><coordinates>-0.05404827,43.21133272,3076.06 -0.05242193,43.21305313,3308.36</coordinates></LineString><LineString><altitudeMode>absolute</altitudeMode><coordinates>-0.05406398,43.21131610,2861.68 -0.05194168,43.21356117,3164.83</coordinates></LineString><LineString><altitudeMode>absolute</altitudeMode><coordinates>-0.05406580,43.21131418,2649.29 -0.05154487,43.21398092,3009.37</coordinates></LineString><LineString><altitudeMode>absolute</altitudeMode><coordinates>-0.05406602,43.21131394,2437.13 -0.05119187,43.21435435,2847.66</coordinates></LineString><LineString><altitudeMode>absolute</altitudeMode><coordinates>-0.05406605,43.21131391,2224.99 -0.05086604,43.21469902,2682.07</coordinates></LineString><LineString><altitudeMode>absolute</altitudeMode><coordinates>-0.05406605,43.21131391,2012.86 -0.05055837,43.21502449,2513.89</coordinates></LineString><LineString><altitudeMode>absolute</altitudeMode><coordinates>-0.05406605,43.21131391,1800.73 -0.05026340,43.21533652,2343.88</coordinates></LineString><LineString><altitudeMode>absolute</altitudeMode><coordinates>-0.05406605,43.21131391,1588.59 -0.04997758,43.21563887,2172.58</coordinates></LineString><LineString><altitudeMode>absolute</altitudeMode><coordinates>-0.05406605,43.21131391,1376.46 -0.04969854,43.21593405,2000.30</coordinates></LineString><LineString><altitudeMode>absolute</altitudeMode><coordinates>-0.05406605,43.21131391,1164.33 -0.04942433,43.21622412,1827.34</coordinates></LineString><LineString><altitudeMode>absolute</altitudeMode><coordinates>-0.05406605,43.21131391,952.20 -0.04915373,43.21651038,1653.86</coordinates></LineString><LineString><altitudeMode>absolute</altitudeMode><coordinates>-0.05406605,43.21131391,740.07 -0.04888566,43.21679395,1480.02</coordinates></LineString><LineString><altitudeMode>absolute</altitudeMode><coordinates>-0.05406605,43.21131391,527.93 -0.04861940,43.21707561,1305.92</coordinates></LineString><LineString><altitudeMode>absolute</altitudeMode><coordinates>-0.05327383,43.21215196,398.96 -0.04835456,43.21735577,1131.61</coordinates></LineString><LineString><altitudeMode>absolute</altitudeMode><coordinates>-0.05178870,43.21372300,398.96 -0.04809131,43.21763425,957.08</coordinates></LineString><LineString><altitudeMode>absolute</altitudeMode><coordinates>-0.05030356,43.21529403,398.96 -0.04783035,43.21791030,782.23</coordinates></LineString><LineString><altitudeMode>absolute</altitudeMode><coordinates>-0.04881843,43.21686507,398.96 -0.04757497,43.21818045,606.57</coordinates></LineString></MultiGeometry></Placemark>
<Placemark><name>beta 80 nominal — trace au sol</name><description>Projection au sol</description><styleUrl>#s_v0_1</styleUrl><LineString><tessellate>1</tessellate><altitudeMode>clampToGround</altitudeMode><coordinates>-0.04733330,43.21843610,428.96 -0.04733343,43.21843597,428.96 -0.04733392,43.21843544,428.96 -0.04733479,43.21843452,428.96 -0.04733604,43.21843320,428.96 -0.04733768,43.21843147,428.96 -0.04734075,43.21842822,428.96 -0.04735607,43.21841201,428.96 -0.04738293,43.21838360,428.96 -0.04742061,43.21834374,428.96 -0.04746844,43.21829314,428.96 -0.04752564,43.21823264,428.96 -0.04755576,43.21820078,428.96 -0.04756719,43.21818868,428.96 -0.04761913,43.21813374,428.96 -0.04768100,43.21806829,428.96 -0.04774291,43.21800279,428.96 -0.04783840,43.21790178,428.96 -0.04796048,43.21777264,428.96 -0.04807256,43.21765408,428.96 -0.04814775,43.21757454,428.96 -0.04822354,43.21749436,428.96 -0.04833224,43.21737938,428.96 -0.04845345,43.21725116,428.96 -0.04852561,43.21717483,428.96 -0.04859475,43.21710168,428.96 -0.04872790,43.21696083,428.96 -0.04875558,43.21693156,428.96 -0.04878988,43.21689527,428.96 -0.04882838,43.21685454,428.96 -0.04886912,43.21681145,428.96 -0.04892901,43.21674809,428.96 -0.04902335,43.21664829,428.96 -0.04904225,43.21662830,428.96 -0.04905844,43.21661118,428.96 -0.04907897,43.21658946,428.96 -0.04910110,43.21656604,428.96 -0.04912692,43.21653874,428.96 -0.04915325,43.21651088,428.96 -0.04919065,43.21647132,428.96 -0.04923386,43.21642560,428.96 -0.04932049,43.21633397,428.96 -0.04943227,43.21621572,428.96 -0.04952155,43.21612128,428.96 -0.04963947,43.21599654,428.96 -0.04975098,43.21587857,428.96 -0.04985708,43.21576634,428.96 -0.04995846,43.21565910,428.96 -0.05005570,43.21555623,428.96 -0.05014923,43.21545729,428.96 -0.05023945,43.21536185,428.96 -0.05032665,43.21526961,428.96 -0.05041109,43.21518028,428.96 -0.05049302,43.21509362,428.96 -0.05057263,43.21500941,428.96 -0.05065010,43.21492745,428.96 -0.05072560,43.21484759,428.96 -0.05079925,43.21476968,428.96 -0.05087119,43.21469357,428.96 -0.05094154,43.21461916,428.96 -0.05101039,43.21454632,428.96 -0.05107784,43.21447496,428.96 -0.05114399,43.21440499,428.96 -0.05119601,43.21434997,428.96 -0.05125998,43.21428229,428.96 -0.05132285,43.21421579,428.96 -0.05138468,43.21415038,428.96 -0.05144552,43.21408602,428.96 -0.05150543,43.21402265,428.96 -0.05156446,43.21396020,428.96 -0.05162266,43.21389864,428.96 -0.05168007,43.21383791,428.96 -0.05173673,43.21377797,428.96 -0.05179268,43.21371878,428.96 -0.05184796,43.21366031,428.96 -0.05190260,43.21360250,428.96 -0.05195664,43.21354534,428.96 -0.05201010,43.21348879,428.96 -0.05206301,43.21343282,428.96 -0.05211540,43.21337740,428.96 -0.05216730,43.21332249,428.96 -0.05221873,43.21326809,428.96 -0.05226971,43.21321416,428.96 -0.05232027,43.21316067,428.96 -0.05237044,43.21310761,428.96 -0.05242021,43.21305495,428.96 -0.05246962,43.21300269,428.96 -0.05250890,43.21296113,428.96 -0.05255770,43.21290951,428.96 -0.05260618,43.21285823,428.96 -0.05265436,43.21280726,428.96 -0.05270225,43.21275660,428.96 -0.05274987,43.21270623,428.96 -0.05279722,43.21265614,428.96 -0.05284433,43.21260631,428.96 -0.05289119,43.21255673,428.96 -0.05293782,43.21250740,428.96 -0.05298423,43.21245831,428.96 -0.05303043,43.21240944,428.96 -0.05307642,43.21236079,428.96 -0.05312221,43.21231234,428.96 -0.05316783,43.21226409,428.96 -0.05321326,43.21221604,428.96 -0.05325852,43.21216816,428.96 -0.05330362,43.21212044,428.96 -0.05336969,43.21205056,428.96 -0.05345058,43.21196498,428.96 -0.05353167,43.21187920,428.96 -0.05361276,43.21179343,428.96 -0.05369445,43.21170701,428.96 -0.05377813,43.21161849,428.96 -0.05386600,43.21152554,428.96 -0.05394118,43.21144601,428.96 -0.05400935,43.21137389,428.96 -0.05404058,43.21134086,428.96 -0.05405466,43.21132596,428.96 -0.05406098,43.21131928,428.96 -0.05406380,43.21131629,428.96 -0.05406507,43.21131496,428.96 -0.05406562,43.21131437,428.96 -0.05406586,43.21131411,428.96 -0.05406597,43.21131400,428.96 -0.05406602,43.21131395,428.96 -0.05406604,43.21131393,428.96 -0.05406605,43.21131392,428.96 -0.05406605,43.21131391,428.96 -0.05406605,43.21131391,428.96 -0.05406605,43.21131391,428.96 -0.05406605,43.21131391,428.96 -0.05406605,43.21131392,428.96 -0.05406605,43.21131392,428.96 -0.05406605,43.21131392,428.96 -0.05406605,43.21131392,428.96 -0.05406605,43.21131392,428.96 -0.05406605,43.21131392,428.96 -0.05406605,43.21131392,428.96 -0.05406605,43.21131392,428.96 -0.05406605,43.21131392,428.96 -0.05406605,43.21131392,428.96 -0.05406605,43.21131392,428.96 -0.05406604,43.21131393,428.96 -0.05406604,43.21131393,428.96 -0.05406604,43.21131393,428.96 -0.05406604,43.21131393,428.96 -0.05406604,43.21131393,428.96 -0.05406604,43.21131393,428.96 -0.05406604,43.21131393,428.96 -0.05406604,43.21131393,428.96 -0.05406604,43.21131393,428.96 -0.05406604,43.21131393,428.96</coordinates></LineString></Placemark>
<Placemark><name>alpha 45 nominal</name><description>Groupe : SP02 K1200&lt;br/&gt;Fichier : alpha_45.csv&lt;br/&gt;Pas de tir : Rampe FusEx&lt;br/&gt;Azimut : 214.6°&lt;br/&gt;Apogée : 470 m&lt;br/&gt;Portée : 1288 m&lt;br/&gt;Points : 150 / 435&lt;br/&gt;Rideau : quadrillage_45</description><styleUrl>#s_v0_2</styleUrl><LineString><extrude>0</extrude><altitudeMode>absolute</altitudeMode><coordinates>-0.04733330,43.21843610,428.96 -0.04733343,43.21843596,428.97 -0.04733411,43.21843524,429.06 -0.04733535,43.21843393,429.23 -0.04733714,43.21843203,429.47 -0.04733951,43.21842953,429.80 -0.04734140,43.21842753,430.06 -0.04734471,43.21842403,430.52 -0.04734860,43.21841991,431.07 -0.04735308,43.21841518,431.69 -0.04735995,43.21840791,432.66 -0.04738189,43.21838470,435.68 -0.04742751,43.21833644,441.85 -0.04748841,43.21827201,449.96 -0.04756484,43.21819117,459.90 -0.04765677,43.21809392,471.53 -0.04776343,43.21798109,484.76 -0.04788391,43.21785364,499.52 -0.04797166,43.21776081,510.14 -0.04811377,43.21761049,527.11 -0.04820398,43.21751505,537.79 -0.04824465,43.21747203,542.58 -0.04828027,43.21743436,546.77 -0.04838781,43.21732060,559.31 -0.04853808,43.21716163,576.66 -0.04868660,43.21700453,593.59 -0.04881257,43.21687127,607.77 -0.04895542,43.21672015,623.65 -0.04909384,43.21657373,638.82 -0.04918381,43.21647856,648.56 -0.04931550,43.21633924,662.63 -0.04944352,43.21620382,676.10 -0.04956810,43.21607203,688.98 -0.04968945,43.21594367,701.32 -0.04980775,43.21581852,713.12 -0.04992320,43.21569639,724.43 -0.05003594,43.21557713,735.25 -0.05014613,43.21546057,745.61 -0.05025391,43.21534656,755.53 -0.05035938,43.21523498,765.01 -0.05046268,43.21512572,774.09 -0.05053038,43.21505409,779.91 -0.05063029,43.21494841,788.33 -0.05072827,43.21484476,796.36 -0.05082443,43.21474304,804.03 -0.05091885,43.21464315,811.34 -0.05101161,43.21454503,818.30 -0.05110277,43.21444860,824.93 -0.05119239,43.21435379,831.22 -0.05128056,43.21426053,837.20 -0.05136732,43.21416874,842.86 -0.05145273,43.21407840,848.21 -0.05150894,43.21401894,851.62 -0.05159220,43.21393086,856.48 -0.05167424,43.21384407,861.05 -0.05175511,43.21375853,865.33 -0.05183483,43.21367419,869.34 -0.05191347,43.21359101,873.08 -0.05199104,43.21350895,876.54 -0.05206759,43.21342797,879.74 -0.05214314,43.21334805,882.69 -0.05221773,43.21326915,885.37 -0.05229139,43.21319122,887.81 -0.05236415,43.21311426,889.99 -0.05241216,43.21306347,891.31 -0.05248347,43.21298804,893.10 -0.05255393,43.21291350,894.64 -0.05262358,43.21283982,895.94 -0.05269245,43.21276697,897.01 -0.05276053,43.21269495,897.85 -0.05282786,43.21262373,898.47 -0.05289445,43.21255328,898.86 -0.05298213,43.21246054,899.03 -0.05302549,43.21241466,898.97 -0.05308997,43.21234646,898.69 -0.05313258,43.21230138,898.39 -0.05319594,43.21223435,897.76 -0.05325865,43.21216802,896.92 -0.05332071,43.21210236,895.87 -0.05338215,43.21203737,894.61 -0.05344297,43.21197303,893.14 -0.05350318,43.21190934,891.48 -0.05356279,43.21184629,889.61 -0.05362180,43.21178386,887.53 -0.05368024,43.21172204,885.27 -0.05373810,43.21166084,882.80 -0.05377635,43.21162037,881.05 -0.05383327,43.21156016,878.26 -0.05388963,43.21150054,875.28 -0.05394543,43.21144151,872.11 -0.05400069,43.21138306,868.76 -0.05405540,43.21132518,865.21 -0.05410958,43.21126786,861.48 -0.05416323,43.21121112,857.58 -0.05421634,43.21115493,853.48 -0.05426893,43.21109930,849.22 -0.05432101,43.21104421,844.77 -0.05437256,43.21098968,840.15 -0.05440664,43.21095362,836.97 -0.05445734,43.21090000,832.07 -0.05450752,43.21084691,826.99 -0.05455720,43.21079436,821.75 -0.05460637,43.21074234,816.33 -0.05465504,43.21069085,810.76 -0.05470322,43.21063989,805.02 -0.05475089,43.21058947,799.13 -0.05479807,43.21053956,793.08 -0.05484475,43.21049017,786.87 -0.05489094,43.21044131,780.50 -0.05492146,43.21040903,776.18 -0.05496683,43.21036103,769.56 -0.05501172,43.21031354,762.80 -0.05505612,43.21026658,755.89 -0.05510004,43.21022012,748.84 -0.05514348,43.21017417,741.65 -0.05518643,43.21012874,734.32 -0.05522891,43.21008380,726.85 -0.05527091,43.21003937,719.24 -0.05531243,43.20999544,711.50 -0.05535348,43.20995202,703.63 -0.05539406,43.20990909,695.63 -0.05542085,43.20988075,690.23 -0.05546065,43.20983865,682.02 -0.05549999,43.20979703,673.69 -0.05553886,43.20975591,665.24 -0.05557728,43.20971528,656.67 -0.05561522,43.20967514,647.98 -0.05565272,43.20963547,639.18 -0.05568975,43.20959629,630.26 -0.05572634,43.20955759,621.24 -0.05576248,43.20951936,612.11 -0.05579817,43.20948161,602.87 -0.05582172,43.20945670,596.65 -0.05585666,43.20941973,587.24 -0.05589117,43.20938323,577.73 -0.05592525,43.20934718,568.12 -0.05595889,43.20931160,558.41 -0.05599208,43.20927648,548.61 -0.05602486,43.20924180,538.72 -0.05605722,43.20920758,528.74 -0.05608914,43.20917381,518.67 -0.05612064,43.20914048,508.51 -0.05615173,43.20910760,498.27 -0.05618241,43.20907515,487.95 -0.05620263,43.20905376,481.02 -0.05623262,43.20902203,470.56 -0.05626220,43.20899073,460.03 -0.05629138,43.20895987,449.42 -0.05632017,43.20892941,438.73 -0.05634856,43.20889938,427.97</coordinates></LineString></Placemark>
<Placemark><name>alpha 45 nominal — quadrillage_45</name><description>Motif : quadrillage_45 (45°, 135°)&lt;br/&gt;Pas : 150 m&lt;br/&gt;Segments : 12</description><styleUrl>#s_v0_2_m</styleUrl><MultiGeometry><LineString><altitudeMode>absolute</altitudeMode><coordinates>-0.05624409,43.20900989,398.96 -0.05631804,43.20893167,439.52</coordinates></LineString><LineString><altitudeMode>absolute</altitudeMode><coordinates>-0.05475896,43.21058093,398.96 -0.05586022,43.20941597,586.26</coordinates></LineString><LineString><altitudeMode>absolute</altitudeMode><coordinates>-0.05327383,43.21215196,398.96 -0.05528616,43.21002323,716.40</coordinates></LineString><LineString><altitudeMode>absolute</altitudeMode><coordinates>-0.05178870,43.21372300,398.96 -0.05454649,43.21080569,822.88</coordinates></LineString><LineString><altitudeMode>absolute</altitudeMode><coordinates>-0.05030356,43.21529403,398.96 -0.05353470,43.21187600,890.49</coordinates></LineString><LineString><altitudeMode>absolute</altitudeMode><coordinates>-0.04881843,43.21686507,398.96 -0.05193416,43.21356912,874.00</coordinates></LineString><LineString><altitudeMode>absolute</altitudeMode><coordinates>-0.05624409,43.20900989,398.96 -0.05295356,43.21249076,898.97</coordinates></LineString><LineString><altitudeMode>absolute</altitudeMode><coordinates>-0.05475896,43.21058093,398.96 -0.05171777,43.21379802,863.35</coordinates></LineString><LineString><altitudeMode>absolute</altitudeMode><coordinates>-0.05327383,43.21215196,398.96 -0.05071137,43.21486263,794.97</coordinates></LineString><LineString><altitudeMode>absolute</altitudeMode><coordinates>-0.05178870,43.21372300,398.96 -0.04980276,43.21582380,712.63</coordinates></LineString><LineString><altitudeMode>absolute</altitudeMode><coordinates>-0.05030356,43.21529403,398.96 -0.04894706,43.21672900,622.72</coordinates></LineString><LineString><altitudeMode>absolute</altitudeMode><coordinates>-0.04881843,43.21686507,398.96 -0.04812334,43.21760036,528.24</coordinates></LineString></MultiGeometry></Placemark>
<Placemark><name>alpha 45 nominal — trace au sol</name><description>Projection au sol</description><styleUrl>#s_v0_2</styleUrl><LineString><tessellate>1</tessellate><altitudeMode>clampToGround</altitudeMode><coordinates>-0.04733330,43.21843610,428.96 -0.04733343,43.21843596,428.96 -0.04733411,43.21843524,428.96 -0.04733535,43.21843393,428.96 -0.04733714,43.21843203,428.96 -0.04733951,43.21842953,428.96 -0.04734140,43.21842753,428.96 -0.04734471,43.21842403,428.96 -0.04734860,43.21841991,428.96 -0.04735308,43.21841518,428.96 -0.04735995,43.21840791,428.96 -0.04738189,43.21838470,428.96 -0.04742751,43.21833644,428.96 -0.04748841,43.21827201,428.96 -0.04756484,43.21819117,428.96 -0.04765677,43.21809392,428.96 -0.04776343,43.21798109,428.96 -0.04788391,43.21785364,428.96 -0.04797166,43.21776081,428.96 -0.04811377,43.21761049,428.96 -0.04820398,43.21751505,428.96 -0.04824465,43.21747203,428.96 -0.04828027,43.21743436,428.96 -0.04838781,43.21732060,428.96 -0.04853808,43.21716163,428.96 -0.04868660,43.21700453,428.96 -0.04881257,43.21687127,428.96 -0.04895542,43.21672015,428.96 -0.04909384,43.21657373,428.96 -0.04918381,43.21647856,428.96 -0.04931550,43.21633924,428.96 -0.04944352,43.21620382,428.96 -0.04956810,43.21607203,428.96 -0.04968945,43.21594367,428.96 -0.04980775,43.21581852,428.96 -0.04992320,43.21569639,428.96 -0.05003594,43.21557713,428.96 -0.05014613,43.21546057,428.96 -0.05025391,43.21534656,428.96 -0.05035938,43.21523498,428.96 -0.05046268,43.21512572,428.96 -0.05053038,43.21505409,428.96 -0.05063029,43.21494841,428.96 -0.05072827,43.21484476,428.96 -0.05082443,43.21474304,428.96 -0.05091885,43.21464315,428.96 -0.05101161,43.21454503,428.96 -0.05110277,43.21444860,428.96 -0.05119239,43.21435379,428.96 -0.05128056,43.21426053,428.96 -0.05136732,43.21416874,428.96 -0.05145273,43.21407840,428.96 -0.05150894,43.21401894,428.96 -0.05159220,43.21393086,428.96 -0.05167424,43.21384407,428.96 -0.05175511,43.21375853,428.96 -0.05183483,43.21367419,428.96 -0.05191347,43.21359101,428.96 -0.05199104,43.21350895,428.96 -0.05206759,43.21342797,428.96 -0.05214314,43.21334805,428.96 -0.05221773,43.21326915,428.96 -0.05229139,43.21319122,428.96 -0.05236415,43.21311426,428.96 -0.05241216,43.21306347,428.96 -0.05248347,43.21298804,428.96 -0.05255393,43.21291350,428.96 -0.05262358,43.21283982,428.96 -0.05269245,43.21276697,428.96 -0.05276053,43.21269495,428.96 -0.05282786,43.21262373,428.96 -0.05289445,43.21255328,428.96 -0.05298213,43.21246054,428.96 -0.05302549,43.21241466,428.96 -0.05308997,43.21234646,428.96 -0.05313258,43.21230138,428.96 -0.05319594,43.21223435,428.96 -0.05325865,43.21216802,428.96 -0.05332071,43.21210236,428.96 -0.05338215,43.21203737,428.96 -0.05344297,43.21197303,428.96 -0.05350318,43.21190934,428.96 -0.05356279,43.21184629,428.96 -0.05362180,43.21178386,428.96 -0.05368024,43.21172204,428.96 -0.05373810,43.21166084,428.96 -0.05377635,43.21162037,428.96 -0.05383327,43.21156016,428.96 -0.05388963,43.21150054,428.96 -0.05394543,43.21144151,428.96 -0.05400069,43.21138306,428.96 -0.05405540,43.21132518,428.96 -0.05410958,43.21126786,428.96 -0.05416323,43.21121112,428.96 -0.05421634,43.21115493,428.96 -0.05426893,43.21109930,428.96 -0.05432101,43.21104421,428.96 -0.05437256,43.21098968,428.96 -0.05440664,43.21095362,428.96 -0.05445734,43.21090000,428.96 -0.05450752,43.21084691,428.96 -0.05455720,43.21079436,428.96 -0.05460637,43.21074234,428.96 -0.05465504,43.21069085,428.96 -0.05470322,43.21063989,428.96 -0.05475089,43.21058947,428.96 -0.05479807,43.21053956,428.96 -0.05484475,43.21049017,428.96 -0.05489094,43.21044131,428.96 -0.05492146,43.21040903,428.96 -0.05496683,43.21036103,428.96 -0.05501172,43.21031354,428.96 -0.05505612,43.21026658,428.96 -0.05510004,43.21022012,428.96 -0.05514348,43.21017417,428.96 -0.05518643,43.21012874,428.96 -0.05522891,43.21008380,428.96 -0.05527091,43.21003937,428.96 -0.05531243,43.20999544,428.96 -0.05535348,43.20995202,428.96 -0.05539406,43.20990909,428.96 -0.05542085,43.20988075,428.96 -0.05546065,43.20983865,428.96 -0.05549999,43.20979703,428.96 -0.05553886,43.20975591,428.96 -0.05557728,43.20971528,428.96 -0.05561522,43.20967514,428.96 -0.05565272,43.20963547,428.96 -0.05568975,43.20959629,428.96 -0.05572634,43.20955759,428.96 -0.05576248,43.20951936,428.96 -0.05579817,43.20948161,428.96 -0.05582172,43.20945670,428.96 -0.05585666,43.20941973,428.96 -0.05589117,43.20938323,428.96 -0.05592525,43.20934718,428.96 -0.05595889,43.20931160,428.96 -0.05599208,43.20927648,428.96 -0.05602486,43.20924180,428.96 -0.05605722,43.20920758,428.96 -0.05608914,43.20917381,428.96 -0.05612064,43.20914048,428.96 -0.05615173,43.20910760,428.96 -0.05618241,43.20907515,428.96 -0.05620263,43.20905376,428.96 -0.05623262,43.20902203,428.96 -0.05626220,43.20899073,428.96 -0.05629138,43.20895987,428.96 -0.05632017,43.20892941,428.96 -0.05634856,43.20889938,428.96</coordinates></LineString></Placemark>
<Placemark><name>beta 45 nominal</name><description>Groupe : SP02 K1200&lt;br/&gt;Fichier : beta_45.csv&lt;br/&gt;Pas de tir : Rampe FusEx&lt;br/&gt;Azimut : 214.6°&lt;br/&gt;Apogée : 1516 m&lt;br/&gt;Portée : 3762 m&lt;br/&gt;Points : 150 / 823&lt;br/&gt;Rideau : quadrillage_45</description><styleUrl>#s_v0_3</styleUrl><LineString><extrude>0</extrude><altitudeMode>absolute</altitudeMode><coordinates>-0.04733330,43.21843610,428.96 -0.04733411,43.21843524,429.06 -0.04733649,43.21843273,429.38 -0.04734140,43.21842753,430.06 -0.04734725,43.21842135,430.88 -0.04735725,43.21841076,432.28 -0.04739541,43.21837040,437.52 -0.04751215,43.21824690,453.08 -0.04765677,43.21809392,471.53 -0.04788391,43.21785364,499.52 -0.04811377,43.21761049,527.11 -0.04824465,43.21747203,542.58 -0.04833731,43.21737402,553.43 -0.04863727,43.21705670,587.99 -0.04886131,43.21681970,613.22 -0.04927441,43.21638272,658.80 -0.04973158,43.21589910,708.49 -0.05027305,43.21532631,766.68 -0.05054034,43.21504355,795.20 -0.05099790,43.21455953,843.77 -0.05133575,43.21420214,879.46 -0.05179373,43.21371767,927.61 -0.05193967,43.21356329,942.90 -0.05218067,43.21330835,968.10 -0.05246146,43.21301132,997.39 -0.05286030,43.21258941,1038.85 -0.05298238,43.21246027,1051.50 -0.05315838,43.21227409,1069.71 -0.05334253,43.21207929,1088.71 -0.05373630,43.21166274,1129.20 -0.05418705,43.21118592,1175.25 -0.05436327,43.21099950,1193.16 -0.05472335,43.21061859,1229.57 -0.05498051,43.21034657,1255.40 -0.05509912,43.21022110,1267.27 -0.05521048,43.21010329,1278.38 -0.05540211,43.20990058,1297.43 -0.05571097,43.20957385,1327.92 -0.05622331,43.20903187,1377.87 -0.05663773,43.20859349,1417.64 -0.05710729,43.20809677,1461.91 -0.05747861,43.20770397,1496.27 -0.05790331,43.20725470,1534.77 -0.05824172,43.20689671,1564.80 -0.05863122,43.20648469,1598.56 -0.05894326,43.20615460,1624.95 -0.05930408,43.20577291,1654.67 -0.05959436,43.20546584,1677.93 -0.05993125,43.20510946,1704.12 -0.06020318,43.20482180,1724.60 -0.06051974,43.20448694,1747.64 -0.06077595,43.20421590,1765.63 -0.06107497,43.20389959,1785.83 -0.06131756,43.20364297,1801.55 -0.06160126,43.20334285,1819.14 -0.06183188,43.20309889,1832.78 -0.06210209,43.20281306,1847.95 -0.06232211,43.20258031,1859.65 -0.06258031,43.20230718,1872.58 -0.06279087,43.20208444,1882.45 -0.06303829,43.20182270,1893.26 -0.06328029,43.20156670,1902.96 -0.06347802,43.20135755,1910.22 -0.06371078,43.20111132,1917.97 -0.06390116,43.20090993,1923.64 -0.06412549,43.20067262,1929.52 -0.06430914,43.20047835,1933.67 -0.06452572,43.20024924,1937.77 -0.06470317,43.20006153,1940.46 -0.06491259,43.19984000,1942.84 -0.06508428,43.19965837,1944.12 -0.06535386,43.19937320,1944.87 -0.06545337,43.19926793,1944.75 -0.06564990,43.19906003,1943.85 -0.06581120,43.19888941,1942.45 -0.06600186,43.19868772,1939.99 -0.06615841,43.19852211,1937.30 -0.06634353,43.19832628,1933.33 -0.06649557,43.19816545,1929.40 -0.06667541,43.19797521,1923.94 -0.06682315,43.19781893,1918.80 -0.06699793,43.19763403,1911.90 -0.06714155,43.19748211,1905.58 -0.06731148,43.19730235,1897.29 -0.06745112,43.19715464,1889.80 -0.06761636,43.19697983,1880.15 -0.06775215,43.19683619,1871.55 -0.06791284,43.19666621,1860.57 -0.06804489,43.19652652,1850.88 -0.06820114,43.19636122,1838.61 -0.06835503,43.19619843,1825.66 -0.06848147,43.19606468,1814.34 -0.06863107,43.19590643,1800.16 -0.06875398,43.19577641,1787.83 -0.06889939,43.19562259,1772.45 -0.06901883,43.19549624,1759.15 -0.06916010,43.19534680,1742.61 -0.06927612,43.19522407,1728.37 -0.06941333,43.19507892,1710.71 -0.06952599,43.19495975,1695.55 -0.06965918,43.19481885,1676.83 -0.06976852,43.19470319,1660.79 -0.06989776,43.19456647,1641.03 -0.07000382,43.19445428,1624.14 -0.07012915,43.19432170,1603.38 -0.07023198,43.19421292,1585.69 -0.07035346,43.19408442,1563.98 -0.07045309,43.19397902,1545.51 -0.07057077,43.19385454,1522.89 -0.07066725,43.19375247,1503.68 -0.07078117,43.19363196,1480.19 -0.07087455,43.19353318,1460.27 -0.07098478,43.19341658,1435.96 -0.07107510,43.19332104,1415.37 -0.07118166,43.19320831,1390.28 -0.07126897,43.19311595,1369.05 -0.07137196,43.19300701,1343.21 -0.07145630,43.19291779,1321.38 -0.07155576,43.19281258,1294.84 -0.07163718,43.19272644,1272.44 -0.07173317,43.19262490,1245.24 -0.07182729,43.19252534,1217.69 -0.07190431,43.19244386,1194.48 -0.07199507,43.19234786,1166.33 -0.07206931,43.19226932,1142.64 -0.07215677,43.19217680,1113.92 -0.07222830,43.19210113,1089.78 -0.07231252,43.19201204,1060.54 -0.07238139,43.19193919,1035.96 -0.07246246,43.19185343,1006.24 -0.07252873,43.19178332,981.27 -0.07260672,43.19170082,951.09 -0.07267046,43.19163340,925.75 -0.07274545,43.19155407,895.15 -0.07280671,43.19148926,869.48 -0.07287878,43.19141303,838.48 -0.07293764,43.19135077,812.50 -0.07300686,43.19127754,781.14 -0.07306337,43.19121775,754.87 -0.07312982,43.19114747,723.19 -0.07318406,43.19109008,696.65 -0.07324783,43.19102263,664.67 -0.07329987,43.19096758,637.89 -0.07336102,43.19090289,605.63 -0.07341092,43.19085010,578.64 -0.07346955,43.19078809,546.13 -0.07351737,43.19073750,518.94 -0.07357356,43.19067806,486.21 -0.07361938,43.19062959,458.84 -0.07367319,43.19057267,425.90</coordinates></LineString></Placemark>
<Placemark><name>beta 45 nominal — quadrillage_45</name><description>Motif : quadrillage_45 (45°, 135°)&lt;br/&gt;Pas : 150 m&lt;br/&gt;Segments : 37</description><styleUrl>#s_v0_3_m</styleUrl><MultiGeometry><LineString><altitudeMode>absolute</altitudeMode><coordinates>-0.07258055,43.19172851,398.96 -0.07345548,43.19080297,553.93</coordinates></LineString><LineString><altitudeMode>absolute</altitudeMode><coordinates>-0.07109542,43.19329954,398.96 -0.07313558,43.19114138,720.37</coordinates></LineString><LineString><altitudeMode>absolute</altitudeMode><coordinates>-0.06961028,43.19487058,398.96 -0.07277814,43.19151949,881.45</coordinates></LineString><LineString><altitudeMode>absolute</altitudeMode><coordinates>-0.06812515,43.19644161,398.96 -0.07237950,43.19194119,1036.64</coordinates></LineString><LineString><altitudeMode>absolute</altitudeMode><coordinates>-0.06664002,43.19801265,398.96 -0.07193430,43.19241214,1185.18</coordinates></LineString><LineString><altitudeMode>absolute</altitudeMode><coordinates>-0.06515489,43.19958368,398.96 -0.07143724,43.19293795,1326.31</coordinates></LineString><LineString><altitudeMode>absolute</altitudeMode><coordinates>-0.06366976,43.20115472,398.96 -0.07088061,43.19352678,1458.94</coordinates></LineString><LineString><altitudeMode>absolute</altitudeMode><coordinates>-0.06218462,43.20272575,398.96 -0.07025458,43.19418902,1581.65</coordinates></LineString><LineString><altitudeMode>absolute</altitudeMode><coordinates>-0.06069949,43.20429679,398.96 -0.06954660,43.19493795,1692.66</coordinates></LineString><LineString><altitudeMode>absolute</altitudeMode><coordinates>-0.05921436,43.20586782,398.96 -0.06873859,43.19579269,1789.37</coordinates></LineString><LineString><altitudeMode>absolute</altitudeMode><coordinates>-0.05772923,43.20743886,398.96 -0.06780398,43.19678136,1868.01</coordinates></LineString><LineString><altitudeMode>absolute</altitudeMode><coordinates>-0.05624409,43.20900989,398.96 -0.06670357,43.19794542,1922.96</coordinates></LineString><LineString><altitudeMode>absolute</altitudeMode><coordinates>-0.05475896,43.21058093,398.96 -0.06537166,43.19935437,1944.85</coordinates></LineString><LineString><altitudeMode>absolute</altitudeMode><coordinates>-0.05327383,43.21215196,398.96 -0.06369458,43.20112846,1917.43</coordinates></LineString><LineString><altitudeMode>absolute</altitudeMode><coordinates>-0.05178870,43.21372300,398.96 -0.06146000,43.20349229,1810.38</coordinates></LineString><LineString><altitudeMode>absolute</altitudeMode><coordinates>-0.05030356,43.21529403,398.96 -0.05827684,43.20685956,1567.84</coordinates></LineString><LineString><altitudeMode>absolute</altitudeMode><coordinates>-0.04881843,43.21686507,398.96 -0.05368096,43.21172128,1123.51</coordinates></LineString><LineString><altitudeMode>absolute</altitudeMode><coordinates>-0.07209226,43.19224504,1135.10 -0.06654108,43.19811731,1928.02</coordinates></LineString><LineString><altitudeMode>absolute</altitudeMode><coordinates>-0.07297078,43.19131571,797.49 -0.06495024,43.19980017,1943.12</coordinates></LineString><LineString><altitudeMode>absolute</altitudeMode><coordinates>-0.07354389,43.19070944,503.49 -0.06365432,43.20117105,1916.09</coordinates></LineString><LineString><altitudeMode>absolute</altitudeMode><coordinates>-0.07258055,43.19172851,398.96 -0.06250146,43.20239059,1868.63</coordinates></LineString><LineString><altitudeMode>absolute</altitudeMode><coordinates>-0.07109542,43.19329954,398.96 -0.06143498,43.20351876,1808.83</coordinates></LineString><LineString><altitudeMode>absolute</altitudeMode><coordinates>-0.06961028,43.19487058,398.96 -0.06042600,43.20458609,1740.82</coordinates></LineString><LineString><altitudeMode>absolute</altitudeMode><coordinates>-0.06812515,43.19644161,398.96 -0.05945776,43.20561034,1666.98</coordinates></LineString><LineString><altitudeMode>absolute</altitudeMode><coordinates>-0.06664002,43.19801265,398.96 -0.05851948,43.20660289,1588.87</coordinates></LineString><LineString><altitudeMode>absolute</altitudeMode><coordinates>-0.06515489,43.19958368,398.96 -0.05760345,43.20757191,1507.59</coordinates></LineString><LineString><altitudeMode>absolute</altitudeMode><coordinates>-0.06366975,43.20115472,398.96 -0.05670417,43.20852320,1423.90</coordinates></LineString><LineString><altitudeMode>absolute</altitudeMode><coordinates>-0.06218462,43.20272575,398.96 -0.05581799,43.20946064,1338.35</coordinates></LineString><LineString><altitudeMode>absolute</altitudeMode><coordinates>-0.06069949,43.20429679,398.96 -0.05494122,43.21038812,1251.45</coordinates></LineString><LineString><altitudeMode>absolute</altitudeMode><coordinates>-0.05921436,43.20586782,398.96 -0.05407194,43.21130768,1163.49</coordinates></LineString><LineString><altitudeMode>absolute</altitudeMode><coordinates>-0.05772922,43.20743886,398.96 -0.05320772,43.21222190,1074.80</coordinates></LineString><LineString><altitudeMode>absolute</altitudeMode><coordinates>-0.05624409,43.20900989,398.96 -0.05234764,43.21313172,985.52</coordinates></LineString><LineString><altitudeMode>absolute</altitudeMode><coordinates>-0.05475896,43.21058093,398.96 -0.05149087,43.21403805,895.76</coordinates></LineString><LineString><altitudeMode>absolute</altitudeMode><coordinates>-0.05327383,43.21215196,398.96 -0.05063754,43.21494073,805.52</coordinates></LineString><LineString><altitudeMode>absolute</altitudeMode><coordinates>-0.05178870,43.21372300,398.96 -0.04978874,43.21583863,714.63</coordinates></LineString><LineString><altitudeMode>absolute</altitudeMode><coordinates>-0.05030356,43.21529403,398.96 -0.04894721,43.21672884,622.70</coordinates></LineString><LineString><altitudeMode>absolute</altitudeMode><coordinates>-0.04881843,43.21686507,398.96 -0.04812335,43.21760035,528.24</coordinates></LineString></MultiGeometry></Placemark>
<Placemark><name>beta 45 nominal — trace au sol</name><description>Projection au sol</description><styleUrl>#s_v0_3</styleUrl><LineString><tessellate>1</tessellate><altitudeMode>clampToGround</altitudeMode><coordinates>-0.04733330,43.21843610,428.96 -0.04733411,43.21843524,428.96 -0.04733649,43.21843273,428.96 -0.04734140,43.21842753,428.96 -0.04734725,43.21842135,428.96 -0.04735725,43.21841076,428.96 -0.04739541,43.21837040,428.96 -0.04751215,43.21824690,428.96 -0.04765677,43.21809392,428.96 -0.04788391,43.21785364,428.96 -0.04811377,43.21761049,428.96 -0.04824465,43.21747203,428.96 -0.04833731,43.21737402,428.96 -0.04863727,43.21705670,428.96 -0.04886131,43.21681970,428.96 -0.04927441,43.21638272,428.96 -0.04973158,43.21589910,428.96 -0.05027305,43.21532631,428.96 -0.05054034,43.21504355,428.96 -0.05099790,43.21455953,428.96 -0.05133575,43.21420214,428.96 -0.05179373,43.21371767,428.96 -0.05193967,43.21356329,428.96 -0.05218067,43.21330835,428.96 -0.05246146,43.21301132,428.96 -0.05286030,43.21258941,428.96 -0.05298238,43.21246027,428.96 -0.05315838,43.21227409,428.96 -0.05334253,43.21207929,428.96 -0.05373630,43.21166274,428.96 -0.05418705,43.21118592,428.96 -0.05436327,43.21099950,428.96 -0.05472335,43.21061859,428.96 -0.05498051,43.21034657,428.96 -0.05509912,43.21022110,428.96 -0.05521048,43.21010329,428.96 -0.05540211,43.20990058,428.96 -0.05571097,43.20957385,428.96 -0.05622331,43.20903187,428.96 -0.05663773,43.20859349,428.96 -0.05710729,43.20809677,428.96 -0.05747861,43.20770397,428.96 -0.05790331,43.20725470,428.96 -0.05824172,43.20689671,428.96 -0.05863122,43.20648469,428.96 -0.05894326,43.20615460,428.96 -0.05930408,43.20577291,428.96 -0.05959436,43.20546584,428.96 -0.05993125,43.20510946,428.96 -0.06020318,43.20482180,428.96 -0.06051974,43.20448694,428.96 -0.06077595,43.20421590,428.96 -0.06107497,43.20389959,428.96 -0.06131756,43.20364297,428.96 -0.06160126,43.20334285,428.96 -0.06183188,43.20309889,428.96 -0.06210209,43.20281306,428.96 -0.06232211,43.20258031,428.96 -0.06258031,43.20230718,428.96 -0.06279087,43.20208444,428.96 -0.06303829,43.20182270,428.96 -0.06328029,43.20156670,428.96 -0.06347802,43.20135755,428.96 -0.06371078,43.20111132,428.96 -0.06390116,43.20090993,428.96 -0.06412549,43.20067262,428.96 -0.06430914,43.20047835,428.96 -0.06452572,43.20024924,428.96 -0.06470317,43.20006153,428.96 -0.06491259,43.19984000,428.96 -0.06508428,43.19965837,428.96 -0.06535386,43.19937320,428.96 -0.06545337,43.19926793,428.96 -0.06564990,43.19906003,428.96 -0.06581120,43.19888941,428.96 -0.06600186,43.19868772,428.96 -0.06615841,43.19852211,428.96 -0.06634353,43.19832628,428.96 -0.06649557,43.19816545,428.96 -0.06667541,43.19797521,428.96 -0.06682315,43.19781893,428.96 -0.06699793,43.19763403,428.96 -0.06714155,43.19748211,428.96 -0.06731148,43.19730235,428.96 -0.06745112,43.19715464,428.96 -0.06761636,43.19697983,428.96 -0.06775215,43.19683619,428.96 -0.06791284,43.19666621,428.96 -0.06804489,43.19652652,428.96 -0.06820114,43.19636122,428.96 -0.06835503,43.19619843,428.96 -0.06848147,43.19606468,428.96 -0.06863107,43.19590643,428.96 -0.06875398,43.19577641,428.96 -0.06889939,43.19562259,428.96 -0.06901883,43.19549624,428.96 -0.06916010,43.19534680,428.96 -0.06927612,43.19522407,428.96 -0.06941333,43.19507892,428.96 -0.06952599,43.19495975,428.96 -0.06965918,43.19481885,428.96 -0.06976852,43.19470319,428.96 -0.06989776,43.19456647,428.96 -0.07000382,43.19445428,428.96 -0.07012915,43.19432170,428.96 -0.07023198,43.19421292,428.96 -0.07035346,43.19408442,428.96 -0.07045309,43.19397902,428.96 -0.07057077,43.19385454,428.96 -0.07066725,43.19375247,428.96 -0.07078117,43.19363196,428.96 -0.07087455,43.19353318,428.96 -0.07098478,43.19341658,428.96 -0.07107510,43.19332104,428.96 -0.07118166,43.19320831,428.96 -0.07126897,43.19311595,428.96 -0.07137196,43.19300701,428.96 -0.07145630,43.19291779,428.96 -0.07155576,43.19281258,428.96 -0.07163718,43.19272644,428.96 -0.07173317,43.19262490,428.96 -0.07182729,43.19252534,428.96 -0.07190431,43.19244386,428.96 -0.07199507,43.19234786,428.96 -0.07206931,43.19226932,428.96 -0.07215677,43.19217680,428.96 -0.07222830,43.19210113,428.96 -0.07231252,43.19201204,428.96 -0.07238139,43.19193919,428.96 -0.07246246,43.19185343,428.96 -0.07252873,43.19178332,428.96 -0.07260672,43.19170082,428.96 -0.07267046,43.19163340,428.96 -0.07274545,43.19155407,428.96 -0.07280671,43.19148926,428.96 -0.07287878,43.19141303,428.96 -0.07293764,43.19135077,428.96 -0.07300686,43.19127754,428.96 -0.07306337,43.19121775,428.96 -0.07312982,43.19114747,428.96 -0.07318406,43.19109008,428.96 -0.07324783,43.19102263,428.96 -0.07329987,43.19096758,428.96 -0.07336102,43.19090289,428.96 -0.07341092,43.19085010,428.96 -0.07346955,43.19078809,428.96 -0.07351737,43.19073750,428.96 -0.07357356,43.19067806,428.96 -0.07361938,43.19062959,428.96 -0.07367319,43.19057267,428.96</coordinates></LineString></Placemark>
</Folder>
</Folder>
</Document></kml>
