ISO-10303-21;
HEADER;
FILE_DESCRIPTION(('CATIA V5 STEP Exchange'),'2;1');

FILE_NAME('C:\\Users\\alexi\\Documents\\scolaire\\IPSA\\AeroIpsa\\SP-02\\CATIA\\new_catia\\PATANT.stp','2026-01-28T14:26:05+00:00',('none'),('none'),'CATIA Version 5 Release 19 GA (IN-10)','CATIA V5 STEP AP203','none');

FILE_SCHEMA(('CONFIG_CONTROL_DESIGN'));

ENDSEC;
/* file written by CATIA V5R19 */
DATA;
#5=PRODUCT('Part1','','',(#2)) ;
#1=APPLICATION_CONTEXT('configuration controlled 3D design of mechanical parts and assemblies') ;
#14=PRODUCT_DEFINITION('',' ',#6,#3) ;
#16=SECURITY_CLASSIFICATION(' ',' ',#15) ;
#15=SECURITY_CLASSIFICATION_LEVEL('unclassified') ;
#47=CARTESIAN_POINT(' ',(0.,0.,0.)) ;
#52=CARTESIAN_POINT('Axis2P3D Location',(107.5,107.5,5.)) ;
#57=CARTESIAN_POINT('Line Origine',(117.5,107.5,5.)) ;
#61=CARTESIAN_POINT('Vertex',(117.5,107.5,0.)) ;
#63=CARTESIAN_POINT('Vertex',(117.5,107.5,10.)) ;
#66=CARTESIAN_POINT('Axis2P3D Location',(107.5,107.5,0.)) ;
#70=CARTESIAN_POINT('Vertex',(107.5,117.5,0.)) ;
#73=CARTESIAN_POINT('Line Origine',(107.5,117.5,5.)) ;
#77=CARTESIAN_POINT('Vertex',(107.5,117.5,10.)) ;
#80=CARTESIAN_POINT('Axis2P3D Location',(107.5,107.5,10.)) ;
#92=CARTESIAN_POINT('Axis2P3D Location',(117.5,107.5,0.)) ;
#97=CARTESIAN_POINT('Line Origine',(117.5,-107.5,5.)) ;
#101=CARTESIAN_POINT('Vertex',(117.5,-107.5,0.)) ;
#103=CARTESIAN_POINT('Vertex',(117.5,-107.5,10.)) ;
#106=CARTESIAN_POINT('Line Origine',(117.5,0.,0.)) ;
#111=CARTESIAN_POINT('Line Origine',(117.5,0.,10.)) ;
#123=CARTESIAN_POINT('Axis2P3D Location',(-107.5,117.5,0.)) ;
#128=CARTESIAN_POINT('Line Origine',(0.,117.5,0.)) ;
#132=CARTESIAN_POINT('Vertex',(-107.5,117.5,0.)) ;
#135=CARTESIAN_POINT('Line Origine',(-107.5,117.5,5.)) ;
#139=CARTESIAN_POINT('Vertex',(-107.5,117.5,10.)) ;
#142=CARTESIAN_POINT('Line Origine',(0.,117.5,10.)) ;
#154=CARTESIAN_POINT('Axis2P3D Location',(107.5,-107.5,5.)) ;
#159=CARTESIAN_POINT('Line Origine',(107.5,-117.5,5.)) ;
#163=CARTESIAN_POINT('Vertex',(107.5,-117.5,0.)) ;
#165=CARTESIAN_POINT('Vertex',(107.5,-117.5,10.)) ;
#168=CARTESIAN_POINT('Axis2P3D Location',(107.5,-107.5,0.)) ;
#173=CARTESIAN_POINT('Axis2P3D Location',(107.5,-107.5,10.)) ;
#185=CARTESIAN_POINT('Axis2P3D Location',(-107.5,107.5,5.)) ;
#190=CARTESIAN_POINT('Axis2P3D Location',(-107.5,107.5,0.)) ;
#194=CARTESIAN_POINT('Vertex',(-117.5,107.5,0.)) ;
#197=CARTESIAN_POINT('Line Origine',(-117.5,107.5,5.)) ;
#201=CARTESIAN_POINT('Vertex',(-117.5,107.5,10.)) ;
#204=CARTESIAN_POINT('Axis2P3D Location',(-107.5,107.5,10.)) ;
#216=CARTESIAN_POINT('Axis2P3D Location',(-117.5,-107.5,0.)) ;
#221=CARTESIAN_POINT('Line Origine',(-117.5,1.42108547152E-014,0.)) ;
#225=CARTESIAN_POINT('Vertex',(-117.5,-107.5,0.)) ;
#228=CARTESIAN_POINT('Line Origine',(-117.5,-107.5,5.)) ;
#232=CARTESIAN_POINT('Vertex',(-117.5,-107.5,10.)) ;
#235=CARTESIAN_POINT('Line Origine',(-117.5,1.42108547152E-014,10.)) ;
#247=CARTESIAN_POINT('Axis2P3D Location',(-107.5,-107.5,5.)) ;
#252=CARTESIAN_POINT('Axis2P3D Location',(-107.5,-107.5,0.)) ;
#256=CARTESIAN_POINT('Vertex',(-107.5,-117.5,0.)) ;
#259=CARTESIAN_POINT('Line Origine',(-107.5,-117.5,5.)) ;
#263=CARTESIAN_POINT('Vertex',(-107.5,-117.5,10.)) ;
#266=CARTESIAN_POINT('Axis2P3D Location',(-107.5,-107.5,10.)) ;
#278=CARTESIAN_POINT('Axis2P3D Location',(107.5,-117.5,0.)) ;
#283=CARTESIAN_POINT('Line Origine',(0.,-117.5,0.)) ;
#288=CARTESIAN_POINT('Line Origine',(0.,-117.5,10.)) ;
#300=CARTESIAN_POINT('Axis2P3D Location',(108.903984489,-108.903984489,5.)) ;
#305=CARTESIAN_POINT('Axis2P3D Location',(108.903984489,-108.903984489,10.)) ;
#309=CARTESIAN_POINT('Vertex',(107.807968978,-110.,10.)) ;
#311=CARTESIAN_POINT('Vertex',(110.,-107.807968978,10.)) ;
#314=CARTESIAN_POINT('Line Origine',(110.,-107.807968978,5.)) ;
#318=CARTESIAN_POINT('Vertex',(110.,-107.807968978,0.)) ;
#321=CARTESIAN_POINT('Axis2P3D Location',(108.903984489,-108.903984489,0.)) ;
#325=CARTESIAN_POINT('Vertex',(107.807968978,-110.,0.)) ;
#328=CARTESIAN_POINT('Line Origine',(107.807968978,-110.,5.)) ;
#340=CARTESIAN_POINT('Axis2P3D Location',(-108.903984489,-108.903984489,5.)) ;
#345=CARTESIAN_POINT('Axis2P3D Location',(-108.903984489,-108.903984489,10.)) ;
#349=CARTESIAN_POINT('Vertex',(-110.,-107.807968978,10.)) ;
#351=CARTESIAN_POINT('Vertex',(-107.807968978,-110.,10.)) ;
#354=CARTESIAN_POINT('Line Origine',(-107.807968978,-110.,5.)) ;
#358=CARTESIAN_POINT('Vertex',(-107.807968978,-110.,0.)) ;
#361=CARTESIAN_POINT('Axis2P3D Location',(-108.903984489,-108.903984489,0.)) ;
#365=CARTESIAN_POINT('Vertex',(-110.,-107.807968978,0.)) ;
#368=CARTESIAN_POINT('Line Origine',(-110.,-107.807968978,5.)) ;
#380=CARTESIAN_POINT('Axis2P3D Location',(-108.903984489,108.903984489,5.)) ;
#385=CARTESIAN_POINT('Axis2P3D Location',(-108.903984489,108.903984489,10.)) ;
#389=CARTESIAN_POINT('Vertex',(-107.807968978,110.,10.)) ;
#391=CARTESIAN_POINT('Vertex',(-110.,107.807968978,10.)) ;
#394=CARTESIAN_POINT('Line Origine',(-110.,107.807968978,5.)) ;
#398=CARTESIAN_POINT('Vertex',(-110.,107.807968978,0.)) ;
#401=CARTESIAN_POINT('Axis2P3D Location',(-108.903984489,108.903984489,0.)) ;
#405=CARTESIAN_POINT('Vertex',(-107.807968978,110.,0.)) ;
#408=CARTESIAN_POINT('Line Origine',(-107.807968978,110.,5.)) ;
#420=CARTESIAN_POINT('Axis2P3D Location',(108.903984489,108.903984489,5.)) ;
#425=CARTESIAN_POINT('Axis2P3D Location',(108.903984489,108.903984489,10.)) ;
#429=CARTESIAN_POINT('Vertex',(110.,107.807968978,10.)) ;
#431=CARTESIAN_POINT('Vertex',(107.807968978,110.,10.)) ;
#434=CARTESIAN_POINT('Line Origine',(107.807968978,110.,5.)) ;
#438=CARTESIAN_POINT('Vertex',(107.807968978,110.,0.)) ;
#441=CARTESIAN_POINT('Axis2P3D Location',(108.903984489,108.903984489,0.)) ;
#445=CARTESIAN_POINT('Vertex',(110.,107.807968978,0.)) ;
#448=CARTESIAN_POINT('Line Origine',(110.,107.807968978,5.)) ;
#460=CARTESIAN_POINT('Axis2P3D Location',(0.,0.,5.)) ;
#465=CARTESIAN_POINT('Axis2P3D Location',(0.,0.,10.)) ;
#469=CARTESIAN_POINT('Vertex',(46.5297397368,29.3254722047,10.)) ;
#471=CARTESIAN_POINT('Vertex',(46.5297397368,-29.3254722047,10.)) ;
#474=CARTESIAN_POINT('Line Origine',(46.5297397368,-29.3254722047,5.)) ;
#478=CARTESIAN_POINT('Vertex',(46.5297397368,-29.3254722047,0.)) ;
#481=CARTESIAN_POINT('Axis2P3D Location',(0.,0.,0.)) ;
#485=CARTESIAN_POINT('Vertex',(46.5297397368,29.3254722047,0.)) ;
#488=CARTESIAN_POINT('Line Origine',(46.5297397368,29.3254722047,5.)) ;
#500=CARTESIAN_POINT('Axis2P3D Location',(49.9137208085,31.4582338196,5.)) ;
#505=CARTESIAN_POINT('Axis2P3D Location',(49.9137208085,31.4582338196,10.)) ;
#509=CARTESIAN_POINT('Vertex',(47.0852936838,34.2866609443,10.)) ;
#512=CARTESIAN_POINT('Axis2P3D Location',(49.9137208085,31.4582338196,0.)) ;
#516=CARTESIAN_POINT('Vertex',(47.0852936838,34.2866609443,0.)) ;
#519=CARTESIAN_POINT('Line Origine',(47.0852936838,34.2866609443,5.)) ;
#531=CARTESIAN_POINT('Axis2P3D Location',(47.0852936838,34.2866609443,0.)) ;
#536=CARTESIAN_POINT('Line Origine',(75.1284332795,62.32980054,10.)) ;
#540=CARTESIAN_POINT('Vertex',(103.171572875,90.3729401358,10.)) ;
#543=CARTESIAN_POINT('Line Origine',(75.1284332795,62.32980054,0.)) ;
#547=CARTESIAN_POINT('Vertex',(103.171572875,90.3729401358,0.)) ;
#550=CARTESIAN_POINT('Line Origine',(103.171572875,90.3729401358,5.)) ;
#562=CARTESIAN_POINT('Axis2P3D Location',(106.,87.544513011,5.)) ;
#567=CARTESIAN_POINT('Axis2P3D Location',(106.,87.544513011,10.)) ;
#571=CARTESIAN_POINT('Vertex',(110.,87.544513011,10.)) ;
#574=CARTESIAN_POINT('Axis2P3D Location',(106.,87.544513011,0.)) ;
#578=CARTESIAN_POINT('Vertex',(110.,87.544513011,0.)) ;
#581=CARTESIAN_POINT('Line Origine',(110.,87.544513011,5.)) ;
#593=CARTESIAN_POINT('Axis2P3D Location',(110.,87.544513011,0.)) ;
#598=CARTESIAN_POINT('Line Origine',(110.,-4.26325641456E-014,10.)) ;
#602=CARTESIAN_POINT('Vertex',(110.,-87.544513011,10.)) ;
#605=CARTESIAN_POINT('Line Origine',(110.,-4.26325641456E-014,0.)) ;
#609=CARTESIAN_POINT('Vertex',(110.,-87.544513011,0.)) ;
#612=CARTESIAN_POINT('Line Origine',(110.,-87.544513011,5.)) ;
#624=CARTESIAN_POINT('Axis2P3D Location',(106.,-87.544513011,5.)) ;
#629=CARTESIAN_POINT('Axis2P3D Location',(106.,-87.544513011,10.)) ;
#633=CARTESIAN_POINT('Vertex',(103.171572875,-90.3729401358,10.)) ;
#636=CARTESIAN_POINT('Axis2P3D Location',(106.,-87.544513011,0.)) ;
#640=CARTESIAN_POINT('Vertex',(103.171572875,-90.3729401358,0.)) ;
#643=CARTESIAN_POINT('Line Origine',(103.171572875,-90.3729401358,5.)) ;
#655=CARTESIAN_POINT('Axis2P3D Location',(47.0852936838,-34.2866609443,0.)) ;
#660=CARTESIAN_POINT('Line Origine',(75.1284332795,-62.32980054,10.)) ;
#664=CARTESIAN_POINT('Vertex',(47.0852936838,-34.2866609443,10.)) ;
#667=CARTESIAN_POINT('Line Origine',(75.1284332795,-62.32980054,0.)) ;
#671=CARTESIAN_POINT('Vertex',(47.0852936838,-34.2866609443,0.)) ;
#674=CARTESIAN_POINT('Line Origine',(47.0852936838,-34.2866609443,5.)) ;
#686=CARTESIAN_POINT('Axis2P3D Location',(49.9137208085,-31.4582338196,5.)) ;
#691=CARTESIAN_POINT('Axis2P3D Location',(49.9137208085,-31.4582338196,10.)) ;
#696=CARTESIAN_POINT('Axis2P3D Location',(49.9137208085,-31.4582338196,0.)) ;
#708=CARTESIAN_POINT('Axis2P3D Location',(34.2866609443,-47.0852936838,0.)) ;
#713=CARTESIAN_POINT('Line Origine',(62.32980054,-75.1284332795,10.)) ;
#717=CARTESIAN_POINT('Vertex',(90.3729401358,-103.171572875,10.)) ;
#719=CARTESIAN_POINT('Vertex',(34.2866609443,-47.0852936838,10.)) ;
#722=CARTESIAN_POINT('Line Origine',(34.2866609443,-47.0852936838,5.)) ;
#726=CARTESIAN_POINT('Vertex',(34.2866609443,-47.0852936838,0.)) ;
#729=CARTESIAN_POINT('Line Origine',(62.32980054,-75.1284332795,0.)) ;
#733=CARTESIAN_POINT('Vertex',(90.3729401358,-103.171572875,0.)) ;
#736=CARTESIAN_POINT('Line Origine',(90.3729401358,-103.171572875,5.)) ;
#748=CARTESIAN_POINT('Axis2P3D Location',(87.544513011,-106.,5.)) ;
#753=CARTESIAN_POINT('Axis2P3D Location',(87.544513011,-106.,10.)) ;
#757=CARTESIAN_POINT('Vertex',(87.544513011,-110.,10.)) ;
#760=CARTESIAN_POINT('Axis2P3D Location',(87.544513011,-106.,0.)) ;
#764=CARTESIAN_POINT('Vertex',(87.544513011,-110.,0.)) ;
#767=CARTESIAN_POINT('Line Origine',(87.544513011,-110.,5.)) ;
#779=CARTESIAN_POINT('Axis2P3D Location',(87.544513011,-110.,0.)) ;
#784=CARTESIAN_POINT('Line Origine',(1.42108547152E-014,-110.,10.)) ;
#788=CARTESIAN_POINT('Vertex',(-87.544513011,-110.,10.)) ;
#791=CARTESIAN_POINT('Line Origine',(1.42108547152E-014,-110.,0.)) ;
#795=CARTESIAN_POINT('Vertex',(-87.544513011,-110.,0.)) ;
#798=CARTESIAN_POINT('Line Origine',(-87.544513011,-110.,5.)) ;
#810=CARTESIAN_POINT('Axis2P3D Location',(-87.544513011,-106.,5.)) ;
#815=CARTESIAN_POINT('Axis2P3D Location',(-87.544513011,-106.,10.)) ;
#819=CARTESIAN_POINT('Vertex',(-90.3729401358,-103.171572875,10.)) ;
#822=CARTESIAN_POINT('Axis2P3D Location',(-87.544513011,-106.,0.)) ;
#826=CARTESIAN_POINT('Vertex',(-90.3729401358,-103.171572875,0.)) ;
#829=CARTESIAN_POINT('Line Origine',(-90.3729401358,-103.171572875,5.)) ;
#841=CARTESIAN_POINT('Line Origine',(-62.32980054,-75.1284332795,10.)) ;
#845=CARTESIAN_POINT('Vertex',(-34.2866609443,-47.0852936838,10.)) ;
#848=CARTESIAN_POINT('Line Origine',(-62.32980054,-75.1284332795,0.)) ;
#852=CARTESIAN_POINT('Vertex',(-34.2866609443,-47.0852936838,0.)) ;
#855=CARTESIAN_POINT('Line Origine',(-34.2866609443,-47.0852936838,5.)) ;
#867=CARTESIAN_POINT('Axis2P3D Location',(-31.4582338196,-49.9137208085,5.)) ;
#872=CARTESIAN_POINT('Axis2P3D Location',(-31.4582338196,-49.9137208085,10.)) ;
#876=CARTESIAN_POINT('Vertex',(-29.3254722047,-46.5297397368,10.)) ;
#879=CARTESIAN_POINT('Axis2P3D Location',(-31.4582338196,-49.9137208085,0.)) ;
#883=CARTESIAN_POINT('Vertex',(-29.3254722047,-46.5297397368,0.)) ;
#886=CARTESIAN_POINT('Line Origine',(-29.3254722047,-46.5297397368,5.)) ;
#898=CARTESIAN_POINT('Axis2P3D Location',(0.,0.,10.)) ;
#902=CARTESIAN_POINT('Vertex',(29.3254722047,-46.5297397368,10.)) ;
#905=CARTESIAN_POINT('Axis2P3D Location',(0.,0.,0.)) ;
#909=CARTESIAN_POINT('Vertex',(29.3254722047,-46.5297397368,0.)) ;
#912=CARTESIAN_POINT('Line Origine',(29.3254722047,-46.5297397368,5.)) ;
#924=CARTESIAN_POINT('Axis2P3D Location',(31.4582338196,-49.9137208085,5.)) ;
#929=CARTESIAN_POINT('Axis2P3D Location',(31.4582338196,-49.9137208085,10.)) ;
#934=CARTESIAN_POINT('Axis2P3D Location',(31.4582338196,-49.9137208085,0.)) ;
#946=CARTESIAN_POINT('Axis2P3D Location',(31.4582338196,49.9137208085,5.)) ;
#951=CARTESIAN_POINT('Axis2P3D Location',(31.4582338196,49.9137208085,10.)) ;
#955=CARTESIAN_POINT('Vertex',(29.3254722047,46.5297397368,10.)) ;
#957=CARTESIAN_POINT('Vertex',(34.2866609443,47.0852936838,10.)) ;
#960=CARTESIAN_POINT('Line Origine',(34.2866609443,47.0852936838,5.)) ;
#964=CARTESIAN_POINT('Vertex',(34.2866609443,47.0852936838,0.)) ;
#967=CARTESIAN_POINT('Axis2P3D Location',(31.4582338196,49.9137208085,0.)) ;
#971=CARTESIAN_POINT('Vertex',(29.3254722047,46.5297397368,0.)) ;
#974=CARTESIAN_POINT('Line Origine',(29.3254722047,46.5297397368,5.)) ;
#986=CARTESIAN_POINT('Axis2P3D Location',(0.,0.,5.)) ;
#991=CARTESIAN_POINT('Axis2P3D Location',(0.,0.,10.)) ;
#995=CARTESIAN_POINT('Vertex',(-29.3254722047,46.5297397368,10.)) ;
#998=CARTESIAN_POINT('Axis2P3D Location',(0.,0.,0.)) ;
#1002=CARTESIAN_POINT('Vertex',(-29.3254722047,46.5297397368,0.)) ;
#1005=CARTESIAN_POINT('Line Origine',(-29.3254722047,46.5297397368,5.)) ;
#1017=CARTESIAN_POINT('Axis2P3D Location',(-31.4582338196,49.9137208085,5.)) ;
#1022=CARTESIAN_POINT('Axis2P3D Location',(-31.4582338196,49.9137208085,10.)) ;
#1026=CARTESIAN_POINT('Vertex',(-34.2866609443,47.0852936838,10.)) ;
#1029=CARTESIAN_POINT('Axis2P3D Location',(-31.4582338196,49.9137208085,0.)) ;
#1033=CARTESIAN_POINT('Vertex',(-34.2866609443,47.0852936838,0.)) ;
#1036=CARTESIAN_POINT('Line Origine',(-34.2866609443,47.0852936838,5.)) ;
#1048=CARTESIAN_POINT('Line Origine',(-62.32980054,75.1284332795,10.)) ;
#1052=CARTESIAN_POINT('Vertex',(-90.3729401358,103.171572875,10.)) ;
#1055=CARTESIAN_POINT('Line Origine',(-62.32980054,75.1284332795,0.)) ;
#1059=CARTESIAN_POINT('Vertex',(-90.3729401358,103.171572875,0.)) ;
#1062=CARTESIAN_POINT('Line Origine',(-90.3729401358,103.171572875,5.)) ;
#1074=CARTESIAN_POINT('Axis2P3D Location',(-87.544513011,106.,5.)) ;
#1079=CARTESIAN_POINT('Axis2P3D Location',(-87.544513011,106.,10.)) ;
#1083=CARTESIAN_POINT('Vertex',(-87.544513011,110.,10.)) ;
#1086=CARTESIAN_POINT('Axis2P3D Location',(-87.544513011,106.,0.)) ;
#1090=CARTESIAN_POINT('Vertex',(-87.544513011,110.,0.)) ;
#1093=CARTESIAN_POINT('Line Origine',(-87.544513011,110.,5.)) ;
#1105=CARTESIAN_POINT('Axis2P3D Location',(-87.544513011,110.,0.)) ;
#1110=CARTESIAN_POINT('Line Origine',(-1.42108547152E-014,110.,10.)) ;
#1114=CARTESIAN_POINT('Vertex',(87.544513011,110.,10.)) ;
#1117=CARTESIAN_POINT('Line Origine',(-1.42108547152E-014,110.,0.)) ;
#1121=CARTESIAN_POINT('Vertex',(87.544513011,110.,0.)) ;
#1124=CARTESIAN_POINT('Line Origine',(87.544513011,110.,5.)) ;
#1136=CARTESIAN_POINT('Axis2P3D Location',(87.544513011,106.,5.)) ;
#1141=CARTESIAN_POINT('Axis2P3D Location',(87.544513011,106.,10.)) ;
#1145=CARTESIAN_POINT('Vertex',(90.3729401358,103.171572875,10.)) ;
#1148=CARTESIAN_POINT('Axis2P3D Location',(87.544513011,106.,0.)) ;
#1152=CARTESIAN_POINT('Vertex',(90.3729401358,103.171572875,0.)) ;
#1155=CARTESIAN_POINT('Line Origine',(90.3729401358,103.171572875,5.)) ;
#1167=CARTESIAN_POINT('Axis2P3D Location',(34.2866609443,47.0852936838,0.)) ;
#1172=CARTESIAN_POINT('Line Origine',(62.32980054,75.1284332795,10.)) ;
#1177=CARTESIAN_POINT('Line Origine',(62.32980054,75.1284332795,0.)) ;
#1189=CARTESIAN_POINT('Axis2P3D Location',(-49.9137208085,31.4582338196,5.)) ;
#1194=CARTESIAN_POINT('Axis2P3D Location',(-49.9137208085,31.4582338196,10.)) ;
#1198=CARTESIAN_POINT('Vertex',(-46.5297397368,29.3254722047,10.)) ;
#1200=CARTESIAN_POINT('Vertex',(-47.0852936838,34.2866609443,10.)) ;
#1203=CARTESIAN_POINT('Line Origine',(-47.0852936838,34.2866609443,5.)) ;
#1207=CARTESIAN_POINT('Vertex',(-47.0852936838,34.2866609443,0.)) ;
#1210=CARTESIAN_POINT('Axis2P3D Location',(-49.9137208085,31.4582338196,0.)) ;
#1214=CARTESIAN_POINT('Vertex',(-46.5297397368,29.3254722047,0.)) ;
#1217=CARTESIAN_POINT('Line Origine',(-46.5297397368,29.3254722047,5.)) ;
#1229=CARTESIAN_POINT('Axis2P3D Location',(0.,0.,10.)) ;
#1233=CARTESIAN_POINT('Vertex',(-46.5297397368,-29.3254722047,10.)) ;
#1236=CARTESIAN_POINT('Axis2P3D Location',(0.,0.,0.)) ;
#1240=CARTESIAN_POINT('Vertex',(-46.5297397368,-29.3254722047,0.)) ;
#1243=CARTESIAN_POINT('Line Origine',(-46.5297397368,-29.3254722047,5.)) ;
#1255=CARTESIAN_POINT('Axis2P3D Location',(-49.9137208085,-31.4582338196,5.)) ;
#1260=CARTESIAN_POINT('Axis2P3D Location',(-49.9137208085,-31.4582338196,10.)) ;
#1264=CARTESIAN_POINT('Vertex',(-47.0852936838,-34.2866609443,10.)) ;
#1267=CARTESIAN_POINT('Axis2P3D Location',(-49.9137208085,-31.4582338196,0.)) ;
#1271=CARTESIAN_POINT('Vertex',(-47.0852936838,-34.2866609443,0.)) ;
#1274=CARTESIAN_POINT('Line Origine',(-47.0852936838,-34.2866609443,5.)) ;
#1286=CARTESIAN_POINT('Line Origine',(-75.1284332795,-62.32980054,10.)) ;
#1290=CARTESIAN_POINT('Vertex',(-103.171572875,-90.3729401358,10.)) ;
#1293=CARTESIAN_POINT('Line Origine',(-75.1284332795,-62.32980054,0.)) ;
#1297=CARTESIAN_POINT('Vertex',(-103.171572875,-90.3729401358,0.)) ;
#1300=CARTESIAN_POINT('Line Origine',(-103.171572875,-90.3729401358,5.)) ;
#1312=CARTESIAN_POINT('Axis2P3D Location',(-106.,-87.544513011,5.)) ;
#1317=CARTESIAN_POINT('Axis2P3D Location',(-106.,-87.544513011,10.)) ;
#1321=CARTESIAN_POINT('Vertex',(-110.,-87.544513011,10.)) ;
#1324=CARTESIAN_POINT('Axis2P3D Location',(-106.,-87.544513011,0.)) ;
#1328=CARTESIAN_POINT('Vertex',(-110.,-87.544513011,0.)) ;
#1331=CARTESIAN_POINT('Line Origine',(-110.,-87.544513011,5.)) ;
#1343=CARTESIAN_POINT('Axis2P3D Location',(-110.,-87.544513011,0.)) ;
#1348=CARTESIAN_POINT('Line Origine',(-110.,1.42108547152E-014,10.)) ;
#1352=CARTESIAN_POINT('Vertex',(-110.,87.544513011,10.)) ;
#1355=CARTESIAN_POINT('Line Origine',(-110.,1.42108547152E-014,0.)) ;
#1359=CARTESIAN_POINT('Vertex',(-110.,87.544513011,0.)) ;
#1362=CARTESIAN_POINT('Line Origine',(-110.,87.544513011,5.)) ;
#1374=CARTESIAN_POINT('Axis2P3D Location',(-106.,87.544513011,5.)) ;
#1379=CARTESIAN_POINT('Axis2P3D Location',(-106.,87.544513011,10.)) ;
#1383=CARTESIAN_POINT('Vertex',(-103.171572875,90.3729401358,10.)) ;
#1386=CARTESIAN_POINT('Axis2P3D Location',(-106.,87.544513011,0.)) ;
#1390=CARTESIAN_POINT('Vertex',(-103.171572875,90.3729401358,0.)) ;
#1393=CARTESIAN_POINT('Line Origine',(-103.171572875,90.3729401358,5.)) ;
#1405=CARTESIAN_POINT('Line Origine',(-75.1284332795,62.32980054,10.)) ;
#1410=CARTESIAN_POINT('Line Origine',(-75.1284332795,62.32980054,0.)) ;
#1422=CARTESIAN_POINT('Axis2P3D Location',(-36.2137403982,-28.364855127,5.)) ;
#1427=CARTESIAN_POINT('Line Origine',(-33.3853132734,-31.1932822517,15.)) ;
#1431=CARTESIAN_POINT('Vertex',(-33.3853132734,-31.1932822517,0.)) ;
#1433=CARTESIAN_POINT('Vertex',(-33.3853132734,-31.1932822517,30.)) ;
#1436=CARTESIAN_POINT('Axis2P3D Location',(-36.2137403982,-28.364855127,0.)) ;
#1440=CARTESIAN_POINT('Vertex',(-33.064719494,-25.8983459855,0.)) ;
#1443=CARTESIAN_POINT('Line Origine',(-33.064719494,-25.8983459855,15.)) ;
#1447=CARTESIAN_POINT('Vertex',(-33.064719494,-25.8983459855,30.)) ;
#1450=CARTESIAN_POINT('Axis2P3D Location',(-36.2137403982,-28.364855127,30.)) ;
#1462=CARTESIAN_POINT('Axis2P3D Location',(0.,0.,5.)) ;
#1467=CARTESIAN_POINT('Axis2P3D Location',(0.,0.,0.)) ;
#1471=CARTESIAN_POINT('Vertex',(-33.064719494,25.8983459855,0.)) ;
#1474=CARTESIAN_POINT('Line Origine',(-33.064719494,25.8983459855,15.)) ;
#1478=CARTESIAN_POINT('Vertex',(-33.064719494,25.8983459855,30.)) ;
#1481=CARTESIAN_POINT('Axis2P3D Location',(0.,0.,30.)) ;
#1493=CARTESIAN_POINT('Axis2P3D Location',(-36.2137403982,28.364855127,5.)) ;
#1498=CARTESIAN_POINT('Axis2P3D Location',(-36.2137403982,28.364855127,0.)) ;
#1502=CARTESIAN_POINT('Vertex',(-33.3853132734,31.1932822517,0.)) ;
#1505=CARTESIAN_POINT('Line Origine',(-33.3853132734,31.1932822517,15.)) ;
#1509=CARTESIAN_POINT('Vertex',(-33.3853132734,31.1932822517,30.)) ;
#1512=CARTESIAN_POINT('Axis2P3D Location',(-36.2137403982,28.364855127,30.)) ;
#1524=CARTESIAN_POINT('Axis2P3D Location',(36.2137403982,28.364855127,5.)) ;
#1529=CARTESIAN_POINT('Line Origine',(33.3853132734,31.1932822517,15.)) ;
#1533=CARTESIAN_POINT('Vertex',(33.3853132734,31.1932822517,0.)) ;
#1535=CARTESIAN_POINT('Vertex',(33.3853132734,31.1932822517,30.)) ;
#1538=CARTESIAN_POINT('Axis2P3D Location',(36.2137403982,28.364855127,0.)) ;
#1542=CARTESIAN_POINT('Vertex',(33.064719494,25.8983459855,0.)) ;
#1545=CARTESIAN_POINT('Line Origine',(33.064719494,25.8983459855,15.)) ;
#1549=CARTESIAN_POINT('Vertex',(33.064719494,25.8983459855,30.)) ;
#1552=CARTESIAN_POINT('Axis2P3D Location',(36.2137403982,28.364855127,30.)) ;
#1564=CARTESIAN_POINT('Axis2P3D Location',(0.,0.,5.)) ;
#1569=CARTESIAN_POINT('Axis2P3D Location',(0.,0.,0.)) ;
#1573=CARTESIAN_POINT('Vertex',(33.064719494,-25.8983459855,0.)) ;
#1576=CARTESIAN_POINT('Line Origine',(33.064719494,-25.8983459855,15.)) ;
#1580=CARTESIAN_POINT('Vertex',(33.064719494,-25.8983459855,30.)) ;
#1583=CARTESIAN_POINT('Axis2P3D Location',(0.,0.,30.)) ;
#1595=CARTESIAN_POINT('Axis2P3D Location',(36.2137403982,-28.364855127,5.)) ;
#1600=CARTESIAN_POINT('Axis2P3D Location',(36.2137403982,-28.364855127,0.)) ;
#1604=CARTESIAN_POINT('Vertex',(33.3853132734,-31.1932822517,0.)) ;
#1607=CARTESIAN_POINT('Line Origine',(33.3853132734,-31.1932822517,15.)) ;
#1611=CARTESIAN_POINT('Vertex',(33.3853132734,-31.1932822517,30.)) ;
#1614=CARTESIAN_POINT('Axis2P3D Location',(36.2137403982,-28.364855127,30.)) ;
#1626=CARTESIAN_POINT('Axis2P3D Location',(-28.364855127,-36.2137403982,5.)) ;
#1631=CARTESIAN_POINT('Line Origine',(-25.8983459855,-33.064719494,15.)) ;
#1635=CARTESIAN_POINT('Vertex',(-25.8983459855,-33.064719494,0.)) ;
#1637=CARTESIAN_POINT('Vertex',(-25.8983459855,-33.064719494,30.)) ;
#1640=CARTESIAN_POINT('Axis2P3D Location',(-28.364855127,-36.2137403982,0.)) ;
#1644=CARTESIAN_POINT('Vertex',(-31.1932822517,-33.3853132734,0.)) ;
#1647=CARTESIAN_POINT('Line Origine',(-31.1932822517,-33.3853132734,15.)) ;
#1651=CARTESIAN_POINT('Vertex',(-31.1932822517,-33.3853132734,30.)) ;
#1654=CARTESIAN_POINT('Axis2P3D Location',(-28.364855127,-36.2137403982,30.)) ;
#1666=CARTESIAN_POINT('Line Origine',(25.8983459855,-33.064719494,15.)) ;
#1670=CARTESIAN_POINT('Vertex',(25.8983459855,-33.064719494,0.)) ;
#1672=CARTESIAN_POINT('Vertex',(25.8983459855,-33.064719494,30.)) ;
#1675=CARTESIAN_POINT('Axis2P3D Location',(0.,0.,0.)) ;
#1680=CARTESIAN_POINT('Axis2P3D Location',(0.,0.,30.)) ;
#1692=CARTESIAN_POINT('Axis2P3D Location',(28.364855127,-36.2137403982,5.)) ;
#1697=CARTESIAN_POINT('Line Origine',(31.1932822517,-33.3853132734,15.)) ;
#1701=CARTESIAN_POINT('Vertex',(31.1932822517,-33.3853132734,0.)) ;
#1703=CARTESIAN_POINT('Vertex',(31.1932822517,-33.3853132734,30.)) ;
#1706=CARTESIAN_POINT('Axis2P3D Location',(28.364855127,-36.2137403982,0.)) ;
#1711=CARTESIAN_POINT('Axis2P3D Location',(28.364855127,-36.2137403982,30.)) ;
#1723=CARTESIAN_POINT('Line Origine',(-25.8983459855,33.064719494,15.)) ;
#1727=CARTESIAN_POINT('Vertex',(-25.8983459855,33.064719494,0.)) ;
#1729=CARTESIAN_POINT('Vertex',(-25.8983459855,33.064719494,30.)) ;
#1732=CARTESIAN_POINT('Axis2P3D Location',(0.,0.,0.)) ;
#1736=CARTESIAN_POINT('Vertex',(25.8983459855,33.064719494,0.)) ;
#1739=CARTESIAN_POINT('Line Origine',(25.8983459855,33.064719494,15.)) ;
#1743=CARTESIAN_POINT('Vertex',(25.8983459855,33.064719494,30.)) ;
#1746=CARTESIAN_POINT('Axis2P3D Location',(0.,0.,30.)) ;
#1758=CARTESIAN_POINT('Axis2P3D Location',(-28.364855127,36.2137403982,5.)) ;
#1763=CARTESIAN_POINT('Line Origine',(-31.1932822517,33.3853132734,15.)) ;
#1767=CARTESIAN_POINT('Vertex',(-31.1932822517,33.3853132734,0.)) ;
#1769=CARTESIAN_POINT('Vertex',(-31.1932822517,33.3853132734,30.)) ;
#1772=CARTESIAN_POINT('Axis2P3D Location',(-28.364855127,36.2137403982,0.)) ;
#1777=CARTESIAN_POINT('Axis2P3D Location',(-28.364855127,36.2137403982,30.)) ;
#1789=CARTESIAN_POINT('Axis2P3D Location',(28.364855127,36.2137403982,5.)) ;
#1794=CARTESIAN_POINT('Axis2P3D Location',(28.364855127,36.2137403982,0.)) ;
#1798=CARTESIAN_POINT('Vertex',(31.1932822517,33.3853132734,0.)) ;
#1801=CARTESIAN_POINT('Line Origine',(31.1932822517,33.3853132734,15.)) ;
#1805=CARTESIAN_POINT('Vertex',(31.1932822517,33.3853132734,30.)) ;
#1808=CARTESIAN_POINT('Axis2P3D Location',(28.364855127,36.2137403982,30.)) ;
#1820=CARTESIAN_POINT('Axis2P3D Location',(0.,0.,30.)) ;
#1825=CARTESIAN_POINT('Axis2P3D Location',(0.,0.,30.)) ;
#1829=CARTESIAN_POINT('Vertex',(34.2423312247,36.4343622464,30.)) ;
#1831=CARTESIAN_POINT('Vertex',(-34.2423312247,36.4343622464,30.)) ;
#1834=CARTESIAN_POINT('Line Origine',(-32.7178067382,34.9098377599,30.)) ;
#1839=CARTESIAN_POINT('Line Origine',(32.7178067382,34.9098377599,30.)) ;
#1853=CARTESIAN_POINT('Line Origine',(-32.7178067382,-34.9098377599,30.)) ;
#1857=CARTESIAN_POINT('Vertex',(-34.2423312247,-36.4343622464,30.)) ;
#1860=CARTESIAN_POINT('Axis2P3D Location',(0.,0.,30.)) ;
#1864=CARTESIAN_POINT('Vertex',(34.2423312247,-36.4343622464,30.)) ;
#1867=CARTESIAN_POINT('Line Origine',(32.7178067382,-34.9098377599,30.)) ;
#1881=CARTESIAN_POINT('Line Origine',(34.9098377599,-32.7178067382,30.)) ;
#1885=CARTESIAN_POINT('Vertex',(36.4343622464,-34.2423312247,30.)) ;
#1888=CARTESIAN_POINT('Axis2P3D Location',(0.,0.,30.)) ;
#1892=CARTESIAN_POINT('Vertex',(36.4343622464,34.2423312247,30.)) ;
#1895=CARTESIAN_POINT('Line Origine',(34.9098377599,32.7178067382,30.)) ;
#1909=CARTESIAN_POINT('Axis2P3D Location',(0.,0.,30.)) ;
#1913=CARTESIAN_POINT('Vertex',(-36.4343622464,34.2423312247,30.)) ;
#1915=CARTESIAN_POINT('Vertex',(-36.4343622464,-34.2423312247,30.)) ;
#1918=CARTESIAN_POINT('Line Origine',(-34.9098377599,-32.7178067382,30.)) ;
#1923=CARTESIAN_POINT('Line Origine',(-34.9098377599,32.7178067382,30.)) ;
#1937=CARTESIAN_POINT('Axis2P3D Location',(0.,0.,0.)) ;
#1952=CARTESIAN_POINT('Line Origine',(71.6926566367,69.500625615,0.)) ;
#1957=CARTESIAN_POINT('Line Origine',(69.500625615,71.6926566367,0.)) ;
#1962=CARTESIAN_POINT('Line Origine',(-69.500625615,71.6926566367,0.)) ;
#1967=CARTESIAN_POINT('Line Origine',(-71.6926566367,69.500625615,0.)) ;
#1972=CARTESIAN_POINT('Line Origine',(-71.6926566367,-69.500625615,0.)) ;
#1977=CARTESIAN_POINT('Line Origine',(-69.500625615,-71.6926566367,0.)) ;
#1982=CARTESIAN_POINT('Line Origine',(69.500625615,-71.6926566367,0.)) ;
#1987=CARTESIAN_POINT('Line Origine',(71.6926566367,-69.500625615,0.)) ;
#2059=CARTESIAN_POINT('Axis2P3D Location',(-31.1932822517,33.3853132734,0.)) ;
#2064=CARTESIAN_POINT('Line Origine',(36.4343622464,-34.2423312247,22.)) ;
#2068=CARTESIAN_POINT('Vertex',(36.4343622464,-34.2423312247,14.)) ;
#2071=CARTESIAN_POINT('Line Origine',(74.6320243007,-72.439993279,10.)) ;
#2075=CARTESIAN_POINT('Vertex',(39.2640486014,-37.0720175797,10.)) ;
#2079=CARTESIAN_POINT('Control Point',(36.4343622464,-34.2423312247,14.)) ;
#2080=CARTESIAN_POINT('Control Point',(36.4343622464,-34.2423312247,13.62143454)) ;
#2081=CARTESIAN_POINT('Control Point',(36.4660452083,-34.2740141867,13.2428694762)) ;
#2082=CARTESIAN_POINT('Control Point',(36.5294188295,-34.3373878078,12.8713608288)) ;
#2083=CARTESIAN_POINT('Control Point',(36.7172285529,-34.5251975312,12.1562256996)) ;
#2084=CARTESIAN_POINT('Control Point',(37.0179289891,-34.8258979675,11.5228757368)) ;
#2085=CARTESIAN_POINT('Control Point',(37.194345683,-35.0023146614,11.2327803577)) ;
#2086=CARTESIAN_POINT('Control Point',(37.5924038599,-35.4003728382,10.7171652844)) ;
#2087=CARTESIAN_POINT('Control Point',(38.0645971559,-35.8725661343,10.3472631323)) ;
#2088=CARTESIAN_POINT('Control Point',(38.3151956566,-36.1231646349,10.2028605591)) ;
#2089=CARTESIAN_POINT('Control Point',(38.6580451964,-36.4660141748,10.0697151135)) ;
#2090=CARTESIAN_POINT('Control Point',(39.0091321162,-36.8171010945,10.0135437912)) ;
#2091=CARTESIAN_POINT('Control Point',(39.0939976361,-36.9019666144,10.0045146169)) ;
#2092=CARTESIAN_POINT('Control Point',(39.1790230559,-36.9869920342,10.)) ;
#2093=CARTESIAN_POINT('Control Point',(39.2640486014,-37.0720175797,10.)) ;
#2105=CARTESIAN_POINT('Axis2P3D Location',(33.3853132734,31.1932822517,0.)) ;
#2110=CARTESIAN_POINT('Line Origine',(74.6320243007,72.439993279,10.)) ;
#2114=CARTESIAN_POINT('Vertex',(39.2640486014,37.0720175797,10.)) ;
#2117=CARTESIAN_POINT('Line Origine',(36.4343622464,34.2423312247,22.)) ;
#2121=CARTESIAN_POINT('Vertex',(36.4343622464,34.2423312247,14.)) ;
#2125=CARTESIAN_POINT('Control Point',(36.4343622464,34.2423312247,14.)) ;
#2126=CARTESIAN_POINT('Control Point',(36.4343622464,34.2423312247,13.62143454)) ;
#2127=CARTESIAN_POINT('Control Point',(36.4660452083,34.2740141867,13.2428694762)) ;
#2128=CARTESIAN_POINT('Control Point',(36.5294188295,34.3373878078,12.8713608288)) ;
#2129=CARTESIAN_POINT('Control Point',(36.7172285529,34.5251975312,12.1562256996)) ;
#2130=CARTESIAN_POINT('Control Point',(37.0179289891,34.8258979675,11.5228757368)) ;
#2131=CARTESIAN_POINT('Control Point',(37.1943456831,35.0023146614,11.2327803577)) ;
#2132=CARTESIAN_POINT('Control Point',(37.5924038599,35.4003728382,10.7171652844)) ;
#2133=CARTESIAN_POINT('Control Point',(38.064597156,35.8725661343,10.3472631323)) ;
#2134=CARTESIAN_POINT('Control Point',(38.3151956566,36.1231646349,10.2028605591)) ;
#2135=CARTESIAN_POINT('Control Point',(38.6580451964,36.4660141748,10.0697151135)) ;
#2136=CARTESIAN_POINT('Control Point',(39.0091321162,36.8171010945,10.0135437912)) ;
#2137=CARTESIAN_POINT('Control Point',(39.0939976361,36.9019666144,10.0045146169)) ;
#2138=CARTESIAN_POINT('Control Point',(39.1790230559,36.9869920342,10.)) ;
#2139=CARTESIAN_POINT('Control Point',(39.2640486014,37.0720175797,10.)) ;
#2151=CARTESIAN_POINT('Axis2P3D Location',(0.,0.,20.)) ;
#2156=CARTESIAN_POINT('Axis2P3D Location',(0.,0.,14.)) ;
#2168=CARTESIAN_POINT('Axis2P3D Location',(4.26325641456E-014,3.5527136788E-015,14.)) ;
#2173=CARTESIAN_POINT('Axis2P3D Location',(4.26325641456E-014,3.5527136788E-015,10.)) ;
#2185=CARTESIAN_POINT('Axis2P3D Location',(31.1932822517,33.3853132734,0.)) ;
#2191=CARTESIAN_POINT('Control Point',(34.2423312247,36.4343622464,14.)) ;
#2192=CARTESIAN_POINT('Control Point',(34.2423312247,36.4343622464,13.62143454)) ;
#2193=CARTESIAN_POINT('Control Point',(34.2740141867,36.4660452083,13.2428694762)) ;
#2194=CARTESIAN_POINT('Control Point',(34.3373878078,36.5294188295,12.8713608289)) ;
#2195=CARTESIAN_POINT('Control Point',(34.5251975312,36.7172285529,12.1562256997)) ;
#2196=CARTESIAN_POINT('Control Point',(34.8258979675,37.0179289891,11.5228757368)) ;
#2197=CARTESIAN_POINT('Control Point',(35.0023146614,37.194345683,11.2327803578)) ;
#2198=CARTESIAN_POINT('Control Point',(35.4003728382,37.5924038599,10.7171652844)) ;
#2199=CARTESIAN_POINT('Control Point',(35.8725661343,38.064597156,10.3472631323)) ;
#2200=CARTESIAN_POINT('Control Point',(36.1231646349,38.3151956566,10.2028605591)) ;
#2201=CARTESIAN_POINT('Control Point',(36.4660141748,38.6580451964,10.0697151135)) ;
#2202=CARTESIAN_POINT('Control Point',(36.8171010945,39.0091321162,10.0135437912)) ;
#2203=CARTESIAN_POINT('Control Point',(36.9019666144,39.0939976361,10.0045146169)) ;
#2204=CARTESIAN_POINT('Control Point',(36.9869920342,39.1790230559,10.)) ;
#2205=CARTESIAN_POINT('Control Point',(37.0720175797,39.2640486014,10.)) ;
#2206=CARTESIAN_POINT('Vertex',(37.0720175797,39.2640486014,10.)) ;
#2208=CARTESIAN_POINT('Vertex',(34.2423312247,36.4343622464,14.)) ;
#2211=CARTESIAN_POINT('Line Origine',(34.2423312247,36.4343622464,22.)) ;
#2216=CARTESIAN_POINT('Line Origine',(72.439993279,74.6320243007,10.)) ;
#2231=CARTESIAN_POINT('Line Origine',(-72.439993279,74.6320243007,10.)) ;
#2235=CARTESIAN_POINT('Vertex',(-37.0720175797,39.2640486014,10.)) ;
#2238=CARTESIAN_POINT('Line Origine',(-34.2423312247,36.4343622464,22.)) ;
#2242=CARTESIAN_POINT('Vertex',(-34.2423312247,36.4343622464,14.)) ;
#2246=CARTESIAN_POINT('Control Point',(-34.2423312247,36.4343622464,14.)) ;
#2247=CARTESIAN_POINT('Control Point',(-34.2423312247,36.4343622464,13.62143454)) ;
#2248=CARTESIAN_POINT('Control Point',(-34.2740141867,36.4660452083,13.2428694762)) ;
#2249=CARTESIAN_POINT('Control Point',(-34.3373878078,36.5294188295,12.8713608288)) ;
#2250=CARTESIAN_POINT('Control Point',(-34.5251975312,36.7172285529,12.1562256996)) ;
#2251=CARTESIAN_POINT('Control Point',(-34.8258979675,37.0179289892,11.5228757367)) ;
#2252=CARTESIAN_POINT('Control Point',(-35.0023146613,37.194345683,11.2327803578)) ;
#2253=CARTESIAN_POINT('Control Point',(-35.4003728382,37.5924038599,10.7171652844)) ;
#2254=CARTESIAN_POINT('Control Point',(-35.8725661343,38.064597156,10.3472631323)) ;
#2255=CARTESIAN_POINT('Control Point',(-36.1231646349,38.3151956566,10.2028605591)) ;
#2256=CARTESIAN_POINT('Control Point',(-36.4660141747,38.6580451964,10.0697151135)) ;
#2257=CARTESIAN_POINT('Control Point',(-36.8171010945,39.0091321162,10.0135437912)) ;
#2258=CARTESIAN_POINT('Control Point',(-36.9019666144,39.0939976361,10.0045146169)) ;
#2259=CARTESIAN_POINT('Control Point',(-36.9869920342,39.1790230559,10.)) ;
#2260=CARTESIAN_POINT('Control Point',(-37.0720175797,39.2640486014,10.)) ;
#2272=CARTESIAN_POINT('Axis2P3D Location',(0.,0.,20.)) ;
#2277=CARTESIAN_POINT('Axis2P3D Location',(0.,0.,14.)) ;
#2289=CARTESIAN_POINT('Axis2P3D Location',(0.,-7.1054273576E-015,14.)) ;
#2294=CARTESIAN_POINT('Axis2P3D Location',(0.,-7.1054273576E-015,10.)) ;
#2306=CARTESIAN_POINT('Line Origine',(-34.2423312247,-36.4343622464,22.)) ;
#2310=CARTESIAN_POINT('Vertex',(-34.2423312247,-36.4343622464,14.)) ;
#2313=CARTESIAN_POINT('Line Origine',(-72.439993279,-74.6320243007,10.)) ;
#2317=CARTESIAN_POINT('Vertex',(-37.0720175797,-39.2640486014,10.)) ;
#2321=CARTESIAN_POINT('Control Point',(-34.2423312247,-36.4343622464,14.)) ;
#2322=CARTESIAN_POINT('Control Point',(-34.2423312247,-36.4343622464,13.62143454)) ;
#2323=CARTESIAN_POINT('Control Point',(-34.2740141867,-36.4660452083,13.2428694762)) ;
#2324=CARTESIAN_POINT('Control Point',(-34.3373878078,-36.5294188295,12.8713608288)) ;
#2325=CARTESIAN_POINT('Control Point',(-34.5251975312,-36.7172285529,12.1562256996)) ;
#2326=CARTESIAN_POINT('Control Point',(-34.8258979675,-37.0179289891,11.5228757367)) ;
#2327=CARTESIAN_POINT('Control Point',(-35.0023146613,-37.194345683,11.2327803578)) ;
#2328=CARTESIAN_POINT('Control Point',(-35.4003728382,-37.5924038599,10.7171652844)) ;
#2329=CARTESIAN_POINT('Control Point',(-35.8725661343,-38.0645971559,10.3472631323)) ;
#2330=CARTESIAN_POINT('Control Point',(-36.1231646349,-38.3151956566,10.2028605591)) ;
#2331=CARTESIAN_POINT('Control Point',(-36.4660141748,-38.6580451964,10.0697151135)) ;
#2332=CARTESIAN_POINT('Control Point',(-36.8171010945,-39.0091321162,10.0135437912)) ;
#2333=CARTESIAN_POINT('Control Point',(-36.9019666144,-39.0939976361,10.0045146169)) ;
#2334=CARTESIAN_POINT('Control Point',(-36.9869920342,-39.1790230559,10.)) ;
#2335=CARTESIAN_POINT('Control Point',(-37.0720175797,-39.2640486014,10.)) ;
#2347=CARTESIAN_POINT('Axis2P3D Location',(-33.3853132734,31.1932822517,0.)) ;
#2353=CARTESIAN_POINT('Control Point',(34.2423312247,-36.4343622464,14.)) ;
#2354=CARTESIAN_POINT('Control Point',(34.2423312247,-36.4343622464,13.62143454)) ;
#2355=CARTESIAN_POINT('Control Point',(34.2740141867,-36.4660452083,13.2428694762)) ;
#2356=CARTESIAN_POINT('Control Point',(34.3373878078,-36.5294188295,12.8713608288)) ;
#2357=CARTESIAN_POINT('Control Point',(34.5251975312,-36.7172285529,12.1562256997)) ;
#2358=CARTESIAN_POINT('Control Point',(34.8258979675,-37.0179289891,11.5228757368)) ;
#2359=CARTESIAN_POINT('Control Point',(35.0023146614,-37.194345683,11.2327803577)) ;
#2360=CARTESIAN_POINT('Control Point',(35.4003728382,-37.5924038599,10.7171652844)) ;
#2361=CARTESIAN_POINT('Control Point',(35.8725661343,-38.064597156,10.3472631323)) ;
#2362=CARTESIAN_POINT('Control Point',(36.1231646349,-38.3151956566,10.2028605591)) ;
#2363=CARTESIAN_POINT('Control Point',(36.4660141748,-38.6580451964,10.0697151135)) ;
#2364=CARTESIAN_POINT('Control Point',(36.8171010945,-39.0091321162,10.0135437912)) ;
#2365=CARTESIAN_POINT('Control Point',(36.9019666144,-39.0939976361,10.0045146169)) ;
#2366=CARTESIAN_POINT('Control Point',(36.9869920342,-39.1790230559,10.)) ;
#2367=CARTESIAN_POINT('Control Point',(37.0720175797,-39.2640486014,10.)) ;
#2368=CARTESIAN_POINT('Vertex',(34.2423312247,-36.4343622464,14.)) ;
#2370=CARTESIAN_POINT('Vertex',(37.0720175797,-39.2640486014,10.)) ;
#2373=CARTESIAN_POINT('Line Origine',(72.439993279,-74.6320243007,10.)) ;
#2378=CARTESIAN_POINT('Line Origine',(34.2423312247,-36.4343622464,22.)) ;
#2393=CARTESIAN_POINT('Axis2P3D Location',(0.,0.,14.)) ;
#2405=CARTESIAN_POINT('Axis2P3D Location',(-3.5527136788E-015,0.,14.)) ;
#2410=CARTESIAN_POINT('Axis2P3D Location',(-3.5527136788E-015,0.,10.)) ;
#2423=CARTESIAN_POINT('Control Point',(-36.4343622464,34.2423312247,14.)) ;
#2424=CARTESIAN_POINT('Control Point',(-36.4343622464,34.2423312247,13.62143454)) ;
#2425=CARTESIAN_POINT('Control Point',(-36.4660452083,34.2740141867,13.2428694762)) ;
#2426=CARTESIAN_POINT('Control Point',(-36.5294188295,34.3373878078,12.8713608288)) ;
#2427=CARTESIAN_POINT('Control Point',(-36.7172285529,34.5251975312,12.1562256996)) ;
#2428=CARTESIAN_POINT('Control Point',(-37.0179289891,34.8258979675,11.5228757368)) ;
#2429=CARTESIAN_POINT('Control Point',(-37.194345683,35.0023146614,11.2327803578)) ;
#2430=CARTESIAN_POINT('Control Point',(-37.5924038599,35.4003728382,10.7171652844)) ;
#2431=CARTESIAN_POINT('Control Point',(-38.064597156,35.8725661343,10.3472631323)) ;
#2432=CARTESIAN_POINT('Control Point',(-38.3151956566,36.1231646349,10.2028605591)) ;
#2433=CARTESIAN_POINT('Control Point',(-38.6580451964,36.4660141748,10.0697151135)) ;
#2434=CARTESIAN_POINT('Control Point',(-39.0091321162,36.8171010945,10.0135437912)) ;
#2435=CARTESIAN_POINT('Control Point',(-39.0939976361,36.9019666144,10.0045146169)) ;
#2436=CARTESIAN_POINT('Control Point',(-39.1790230559,36.9869920342,10.)) ;
#2437=CARTESIAN_POINT('Control Point',(-39.2640486014,37.0720175797,10.)) ;
#2438=CARTESIAN_POINT('Vertex',(-39.2640486014,37.0720175797,10.)) ;
#2440=CARTESIAN_POINT('Vertex',(-36.4343622464,34.2423312247,14.)) ;
#2443=CARTESIAN_POINT('Line Origine',(-36.4343622464,34.2423312247,22.)) ;
#2448=CARTESIAN_POINT('Line Origine',(-74.6320243007,72.439993279,10.)) ;
#2464=CARTESIAN_POINT('Control Point',(-36.4343622464,-34.2423312247,14.)) ;
#2465=CARTESIAN_POINT('Control Point',(-36.4343622464,-34.2423312247,13.62143454)) ;
#2466=CARTESIAN_POINT('Control Point',(-36.4660452083,-34.2740141867,13.2428694762)) ;
#2467=CARTESIAN_POINT('Control Point',(-36.5294188295,-34.3373878078,12.8713608288)) ;
#2468=CARTESIAN_POINT('Control Point',(-36.7172285529,-34.5251975312,12.1562256996)) ;
#2469=CARTESIAN_POINT('Control Point',(-37.0179289891,-34.8258979675,11.5228757368)) ;
#2470=CARTESIAN_POINT('Control Point',(-37.194345683,-35.0023146614,11.2327803577)) ;
#2471=CARTESIAN_POINT('Control Point',(-37.5924038599,-35.4003728382,10.7171652844)) ;
#2472=CARTESIAN_POINT('Control Point',(-38.0645971559,-35.8725661343,10.3472631323)) ;
#2473=CARTESIAN_POINT('Control Point',(-38.3151956566,-36.1231646349,10.2028605591)) ;
#2474=CARTESIAN_POINT('Control Point',(-38.6580451964,-36.4660141748,10.0697151135)) ;
#2475=CARTESIAN_POINT('Control Point',(-39.0091321162,-36.8171010945,10.0135437912)) ;
#2476=CARTESIAN_POINT('Control Point',(-39.0939976361,-36.9019666144,10.0045146169)) ;
#2477=CARTESIAN_POINT('Control Point',(-39.1790230559,-36.9869920342,10.)) ;
#2478=CARTESIAN_POINT('Control Point',(-39.2640486014,-37.0720175797,10.)) ;
#2479=CARTESIAN_POINT('Vertex',(-36.4343622464,-34.2423312247,14.)) ;
#2481=CARTESIAN_POINT('Vertex',(-39.2640486014,-37.0720175797,10.)) ;
#2484=CARTESIAN_POINT('Line Origine',(-74.6320243007,-72.439993279,10.)) ;
#2489=CARTESIAN_POINT('Line Origine',(-36.4343622464,-34.2423312247,22.)) ;
#2504=CARTESIAN_POINT('Axis2P3D Location',(0.,0.,14.)) ;
#2516=CARTESIAN_POINT('Axis2P3D Location',(0.,0.,10.)) ;
#2531=CARTESIAN_POINT('Axis2P3D Location',(-3.99680288865E-015,7.4593109467E-015,10.)) ;
#2595=CARTESIAN_POINT('Axis2P3D Location',(-1.42108547152E-014,0.,14.)) ;
#53=DIRECTION('Axis2P3D Direction',(0.,0.,1.)) ;
#54=DIRECTION('Axis2P3D XDirection',(1.,0.,0.)) ;
#58=DIRECTION('Vector Direction',(0.,0.,1.)) ;
#67=DIRECTION('Axis2P3D Direction',(0.,0.,1.)) ;
#74=DIRECTION('Vector Direction',(0.,0.,1.)) ;
#81=DIRECTION('Axis2P3D Direction',(0.,0.,1.)) ;
#93=DIRECTION('Axis2P3D Direction',(-1.,0.,0.)) ;
#94=DIRECTION('Axis2P3D XDirection',(0.,-1.,0.)) ;
#98=DIRECTION('Vector Direction',(0.,0.,1.)) ;
#107=DIRECTION('Vector Direction',(0.,-1.,0.)) ;
#112=DIRECTION('Vector Direction',(0.,-1.,0.)) ;
#124=DIRECTION('Axis2P3D Direction',(0.,-1.,0.)) ;
#125=DIRECTION('Axis2P3D XDirection',(1.,0.,0.)) ;
#129=DIRECTION('Vector Direction',(1.,0.,0.)) ;
#136=DIRECTION('Vector Direction',(0.,0.,1.)) ;
#143=DIRECTION('Vector Direction',(1.,0.,0.)) ;
#155=DIRECTION('Axis2P3D Direction',(0.,0.,1.)) ;
#156=DIRECTION('Axis2P3D XDirection',(-1.83697019872E-016,-1.,-0.)) ;
#160=DIRECTION('Vector Direction',(0.,0.,1.)) ;
#169=DIRECTION('Axis2P3D Direction',(0.,0.,1.)) ;
#174=DIRECTION('Axis2P3D Direction',(0.,0.,1.)) ;
#186=DIRECTION('Axis2P3D Direction',(0.,0.,1.)) ;
#187=DIRECTION('Axis2P3D XDirection',(6.12323399574E-017,1.,0.)) ;
#191=DIRECTION('Axis2P3D Direction',(0.,0.,1.)) ;
#198=DIRECTION('Vector Direction',(0.,0.,1.)) ;
#205=DIRECTION('Axis2P3D Direction',(0.,0.,1.)) ;
#217=DIRECTION('Axis2P3D Direction',(1.,0.,0.)) ;
#218=DIRECTION('Axis2P3D XDirection',(0.,1.,0.)) ;
#222=DIRECTION('Vector Direction',(0.,1.,0.)) ;
#229=DIRECTION('Vector Direction',(0.,0.,1.)) ;
#236=DIRECTION('Vector Direction',(0.,1.,0.)) ;
#248=DIRECTION('Axis2P3D Direction',(0.,0.,1.)) ;
#249=DIRECTION('Axis2P3D XDirection',(-1.,1.22464679915E-016,0.)) ;
#253=DIRECTION('Axis2P3D Direction',(0.,0.,1.)) ;
#260=DIRECTION('Vector Direction',(0.,0.,1.)) ;
#267=DIRECTION('Axis2P3D Direction',(0.,0.,1.)) ;
#279=DIRECTION('Axis2P3D Direction',(0.,1.,-0.)) ;
#280=DIRECTION('Axis2P3D XDirection',(-1.,0.,0.)) ;
#284=DIRECTION('Vector Direction',(-1.,0.,0.)) ;
#289=DIRECTION('Vector Direction',(-1.,0.,0.)) ;
#301=DIRECTION('Axis2P3D Direction',(0.,0.,1.)) ;
#302=DIRECTION('Axis2P3D XDirection',(-0.707106781187,-0.707106781187,-0.)) ;
#306=DIRECTION('Axis2P3D Direction',(0.,0.,1.)) ;
#315=DIRECTION('Vector Direction',(0.,0.,1.)) ;
#322=DIRECTION('Axis2P3D Direction',(0.,0.,1.)) ;
#329=DIRECTION('Vector Direction',(0.,0.,1.)) ;
#341=DIRECTION('Axis2P3D Direction',(0.,0.,1.)) ;
#342=DIRECTION('Axis2P3D XDirection',(-0.707106781187,0.707106781187,0.)) ;
#346=DIRECTION('Axis2P3D Direction',(0.,0.,1.)) ;
#355=DIRECTION('Vector Direction',(0.,0.,1.)) ;
#362=DIRECTION('Axis2P3D Direction',(0.,0.,1.)) ;
#369=DIRECTION('Vector Direction',(0.,0.,1.)) ;
#381=DIRECTION('Axis2P3D Direction',(0.,0.,1.)) ;
#382=DIRECTION('Axis2P3D XDirection',(0.707106781187,0.707106781187,0.)) ;
#386=DIRECTION('Axis2P3D Direction',(0.,0.,1.)) ;
#395=DIRECTION('Vector Direction',(0.,0.,1.)) ;
#402=DIRECTION('Axis2P3D Direction',(0.,0.,1.)) ;
#409=DIRECTION('Vector Direction',(0.,0.,1.)) ;
#421=DIRECTION('Axis2P3D Direction',(0.,0.,1.)) ;
#422=DIRECTION('Axis2P3D XDirection',(0.707106781187,-0.707106781187,0.)) ;
#426=DIRECTION('Axis2P3D Direction',(0.,0.,1.)) ;
#435=DIRECTION('Vector Direction',(0.,0.,1.)) ;
#442=DIRECTION('Axis2P3D Direction',(0.,0.,1.)) ;
#449=DIRECTION('Vector Direction',(0.,0.,1.)) ;
#461=DIRECTION('Axis2P3D Direction',(0.,0.,1.)) ;
#462=DIRECTION('Axis2P3D XDirection',(-0.533190403722,-0.845995267941,-0.)) ;
#466=DIRECTION('Axis2P3D Direction',(0.,0.,1.)) ;
#475=DIRECTION('Vector Direction',(0.,0.,1.)) ;
#482=DIRECTION('Axis2P3D Direction',(0.,0.,1.)) ;
#489=DIRECTION('Vector Direction',(0.,0.,1.)) ;
#501=DIRECTION('Axis2P3D Direction',(0.,0.,1.)) ;
#502=DIRECTION('Axis2P3D XDirection',(-0.707106781187,0.707106781187,0.)) ;
#506=DIRECTION('Axis2P3D Direction',(0.,0.,1.)) ;
#513=DIRECTION('Axis2P3D Direction',(0.,0.,1.)) ;
#520=DIRECTION('Vector Direction',(0.,0.,1.)) ;
#532=DIRECTION('Axis2P3D Direction',(0.707106781187,-0.707106781187,0.)) ;
#533=DIRECTION('Axis2P3D XDirection',(0.707106781187,0.707106781187,0.)) ;
#537=DIRECTION('Vector Direction',(0.707106781187,0.707106781187,0.)) ;
#544=DIRECTION('Vector Direction',(0.707106781187,0.707106781187,0.)) ;
#551=DIRECTION('Vector Direction',(0.,0.,1.)) ;
#563=DIRECTION('Axis2P3D Direction',(0.,0.,1.)) ;
#564=DIRECTION('Axis2P3D XDirection',(1.,0.,0.)) ;
#568=DIRECTION('Axis2P3D Direction',(0.,0.,1.)) ;
#575=DIRECTION('Axis2P3D Direction',(0.,0.,1.)) ;
#582=DIRECTION('Vector Direction',(0.,0.,1.)) ;
#594=DIRECTION('Axis2P3D Direction',(-1.,0.,0.)) ;
#595=DIRECTION('Axis2P3D XDirection',(0.,-1.,0.)) ;
#599=DIRECTION('Vector Direction',(0.,-1.,0.)) ;
#606=DIRECTION('Vector Direction',(0.,-1.,0.)) ;
#613=DIRECTION('Vector Direction',(0.,0.,1.)) ;
#625=DIRECTION('Axis2P3D Direction',(0.,0.,1.)) ;
#626=DIRECTION('Axis2P3D XDirection',(-0.707106781187,-0.707106781187,-0.)) ;
#630=DIRECTION('Axis2P3D Direction',(0.,0.,1.)) ;
#637=DIRECTION('Axis2P3D Direction',(0.,0.,1.)) ;
#644=DIRECTION('Vector Direction',(0.,0.,1.)) ;
#656=DIRECTION('Axis2P3D Direction',(-0.707106781187,-0.707106781187,0.)) ;
#657=DIRECTION('Axis2P3D XDirection',(0.707106781187,-0.707106781187,0.)) ;
#661=DIRECTION('Vector Direction',(0.707106781187,-0.707106781187,0.)) ;
#668=DIRECTION('Vector Direction',(0.707106781187,-0.707106781187,0.)) ;
#675=DIRECTION('Vector Direction',(0.,0.,1.)) ;
#687=DIRECTION('Axis2P3D Direction',(0.,0.,1.)) ;
#688=DIRECTION('Axis2P3D XDirection',(-0.845995267941,0.533190403722,0.)) ;
#692=DIRECTION('Axis2P3D Direction',(0.,0.,1.)) ;
#697=DIRECTION('Axis2P3D Direction',(0.,0.,1.)) ;
#709=DIRECTION('Axis2P3D Direction',(-0.707106781187,-0.707106781187,0.)) ;
#710=DIRECTION('Axis2P3D XDirection',(0.707106781187,-0.707106781187,0.)) ;
#714=DIRECTION('Vector Direction',(0.707106781187,-0.707106781187,0.)) ;
#723=DIRECTION('Vector Direction',(0.,0.,1.)) ;
#730=DIRECTION('Vector Direction',(0.707106781187,-0.707106781187,0.)) ;
#737=DIRECTION('Vector Direction',(0.,0.,1.)) ;
#749=DIRECTION('Axis2P3D Direction',(0.,0.,1.)) ;
#750=DIRECTION('Axis2P3D XDirection',(-3.73641069867E-015,-1.,-0.)) ;
#754=DIRECTION('Axis2P3D Direction',(0.,0.,1.)) ;
#761=DIRECTION('Axis2P3D Direction',(0.,0.,1.)) ;
#768=DIRECTION('Vector Direction',(0.,0.,1.)) ;
#780=DIRECTION('Axis2P3D Direction',(0.,1.,-0.)) ;
#781=DIRECTION('Axis2P3D XDirection',(-1.,0.,0.)) ;
#785=DIRECTION('Vector Direction',(-1.,0.,0.)) ;
#792=DIRECTION('Vector Direction',(-1.,0.,0.)) ;
#799=DIRECTION('Vector Direction',(0.,0.,1.)) ;
#811=DIRECTION('Axis2P3D Direction',(0.,0.,1.)) ;
#812=DIRECTION('Axis2P3D XDirection',(-0.707106781187,0.707106781187,0.)) ;
#816=DIRECTION('Axis2P3D Direction',(0.,0.,1.)) ;
#823=DIRECTION('Axis2P3D Direction',(0.,0.,1.)) ;
#830=DIRECTION('Vector Direction',(0.,0.,1.)) ;
#842=DIRECTION('Vector Direction',(-0.707106781187,-0.707106781187,0.)) ;
#849=DIRECTION('Vector Direction',(-0.707106781187,-0.707106781187,0.)) ;
#856=DIRECTION('Vector Direction',(0.,0.,1.)) ;
#868=DIRECTION('Axis2P3D Direction',(0.,0.,1.)) ;
#869=DIRECTION('Axis2P3D XDirection',(0.533190403722,0.845995267941,0.)) ;
#873=DIRECTION('Axis2P3D Direction',(0.,0.,1.)) ;
#880=DIRECTION('Axis2P3D Direction',(0.,0.,1.)) ;
#887=DIRECTION('Vector Direction',(0.,0.,1.)) ;
#899=DIRECTION('Axis2P3D Direction',(0.,0.,1.)) ;
#906=DIRECTION('Axis2P3D Direction',(0.,0.,1.)) ;
#913=DIRECTION('Vector Direction',(0.,0.,1.)) ;
#925=DIRECTION('Axis2P3D Direction',(0.,0.,1.)) ;
#926=DIRECTION('Axis2P3D XDirection',(0.707106781187,0.707106781187,0.)) ;
#930=DIRECTION('Axis2P3D Direction',(0.,0.,1.)) ;
#935=DIRECTION('Axis2P3D Direction',(0.,0.,1.)) ;
#947=DIRECTION('Axis2P3D Direction',(0.,0.,1.)) ;
#948=DIRECTION('Axis2P3D XDirection',(-0.533190403722,-0.845995267941,-0.)) ;
#952=DIRECTION('Axis2P3D Direction',(0.,0.,1.)) ;
#961=DIRECTION('Vector Direction',(0.,0.,1.)) ;
#968=DIRECTION('Axis2P3D Direction',(0.,0.,1.)) ;
#975=DIRECTION('Vector Direction',(0.,0.,1.)) ;
#987=DIRECTION('Axis2P3D Direction',(0.,0.,1.)) ;
#988=DIRECTION('Axis2P3D XDirection',(0.533190403722,0.845995267941,0.)) ;
#992=DIRECTION('Axis2P3D Direction',(0.,0.,1.)) ;
#999=DIRECTION('Axis2P3D Direction',(0.,0.,1.)) ;
#1006=DIRECTION('Vector Direction',(0.,0.,1.)) ;
#1018=DIRECTION('Axis2P3D Direction',(0.,0.,1.)) ;
#1019=DIRECTION('Axis2P3D XDirection',(-0.707106781187,-0.707106781187,-0.)) ;
#1023=DIRECTION('Axis2P3D Direction',(0.,0.,1.)) ;
#1030=DIRECTION('Axis2P3D Direction',(0.,0.,1.)) ;
#1037=DIRECTION('Vector Direction',(0.,0.,1.)) ;
#1049=DIRECTION('Vector Direction',(-0.707106781187,0.707106781187,0.)) ;
#1056=DIRECTION('Vector Direction',(-0.707106781187,0.707106781187,0.)) ;
#1063=DIRECTION('Vector Direction',(0.,0.,1.)) ;
#1075=DIRECTION('Axis2P3D Direction',(0.,0.,1.)) ;
#1076=DIRECTION('Axis2P3D XDirection',(6.12323399574E-017,1.,0.)) ;
#1080=DIRECTION('Axis2P3D Direction',(0.,0.,1.)) ;
#1087=DIRECTION('Axis2P3D Direction',(0.,0.,1.)) ;
#1094=DIRECTION('Vector Direction',(0.,0.,1.)) ;
#1106=DIRECTION('Axis2P3D Direction',(0.,-1.,0.)) ;
#1107=DIRECTION('Axis2P3D XDirection',(1.,0.,0.)) ;
#1111=DIRECTION('Vector Direction',(1.,0.,0.)) ;
#1118=DIRECTION('Vector Direction',(1.,0.,0.)) ;
#1125=DIRECTION('Vector Direction',(0.,0.,1.)) ;
#1137=DIRECTION('Axis2P3D Direction',(0.,0.,1.)) ;
#1138=DIRECTION('Axis2P3D XDirection',(0.707106781187,-0.707106781187,0.)) ;
#1142=DIRECTION('Axis2P3D Direction',(0.,0.,1.)) ;
#1149=DIRECTION('Axis2P3D Direction',(0.,0.,1.)) ;
#1156=DIRECTION('Vector Direction',(0.,0.,1.)) ;
#1168=DIRECTION('Axis2P3D Direction',(0.707106781187,-0.707106781187,0.)) ;
#1169=DIRECTION('Axis2P3D XDirection',(0.707106781187,0.707106781187,0.)) ;
#1173=DIRECTION('Vector Direction',(0.707106781187,0.707106781187,0.)) ;
#1178=DIRECTION('Vector Direction',(0.707106781187,0.707106781187,0.)) ;
#1190=DIRECTION('Axis2P3D Direction',(0.,0.,1.)) ;
#1191=DIRECTION('Axis2P3D XDirection',(0.845995267941,-0.533190403722,0.)) ;
#1195=DIRECTION('Axis2P3D Direction',(0.,0.,1.)) ;
#1204=DIRECTION('Vector Direction',(0.,0.,1.)) ;
#1211=DIRECTION('Axis2P3D Direction',(0.,0.,1.)) ;
#1218=DIRECTION('Vector Direction',(0.,0.,1.)) ;
#1230=DIRECTION('Axis2P3D Direction',(0.,0.,1.)) ;
#1237=DIRECTION('Axis2P3D Direction',(0.,0.,1.)) ;
#1244=DIRECTION('Vector Direction',(0.,0.,1.)) ;
#1256=DIRECTION('Axis2P3D Direction',(0.,0.,1.)) ;
#1257=DIRECTION('Axis2P3D XDirection',(0.707106781187,-0.707106781187,0.)) ;
#1261=DIRECTION('Axis2P3D Direction',(0.,0.,1.)) ;
#1268=DIRECTION('Axis2P3D Direction',(0.,0.,1.)) ;
#1275=DIRECTION('Vector Direction',(0.,0.,1.)) ;
#1287=DIRECTION('Vector Direction',(-0.707106781187,-0.707106781187,0.)) ;
#1294=DIRECTION('Vector Direction',(-0.707106781187,-0.707106781187,0.)) ;
#1301=DIRECTION('Vector Direction',(0.,0.,1.)) ;
#1313=DIRECTION('Axis2P3D Direction',(0.,0.,1.)) ;
#1314=DIRECTION('Axis2P3D XDirection',(-1.,-6.98296267769E-015,-0.)) ;
#1318=DIRECTION('Axis2P3D Direction',(0.,0.,1.)) ;
#1325=DIRECTION('Axis2P3D Direction',(0.,0.,1.)) ;
#1332=DIRECTION('Vector Direction',(0.,0.,1.)) ;
#1344=DIRECTION('Axis2P3D Direction',(1.,0.,0.)) ;
#1345=DIRECTION('Axis2P3D XDirection',(0.,1.,0.)) ;
#1349=DIRECTION('Vector Direction',(0.,1.,0.)) ;
#1356=DIRECTION('Vector Direction',(0.,1.,0.)) ;
#1363=DIRECTION('Vector Direction',(0.,0.,1.)) ;
#1375=DIRECTION('Axis2P3D Direction',(0.,0.,1.)) ;
#1376=DIRECTION('Axis2P3D XDirection',(0.707106781187,0.707106781187,0.)) ;
#1380=DIRECTION('Axis2P3D Direction',(0.,0.,1.)) ;
#1387=DIRECTION('Axis2P3D Direction',(0.,0.,1.)) ;
#1394=DIRECTION('Vector Direction',(0.,0.,1.)) ;
#1406=DIRECTION('Vector Direction',(-0.707106781187,0.707106781187,0.)) ;
#1411=DIRECTION('Vector Direction',(-0.707106781187,0.707106781187,0.)) ;
#1423=DIRECTION('Axis2P3D Direction',(0.,0.,1.)) ;
#1424=DIRECTION('Axis2P3D XDirection',(0.707106781187,-0.707106781187,0.)) ;
#1428=DIRECTION('Vector Direction',(0.,0.,1.)) ;
#1437=DIRECTION('Axis2P3D Direction',(0.,0.,1.)) ;
#1444=DIRECTION('Vector Direction',(0.,0.,1.)) ;
#1451=DIRECTION('Axis2P3D Direction',(0.,0.,1.)) ;
#1463=DIRECTION('Axis2P3D Direction',(0.,0.,1.)) ;
#1464=DIRECTION('Axis2P3D XDirection',(0.616627285369,0.787255226047,0.)) ;
#1468=DIRECTION('Axis2P3D Direction',(0.,0.,1.)) ;
#1475=DIRECTION('Vector Direction',(0.,0.,1.)) ;
#1482=DIRECTION('Axis2P3D Direction',(0.,0.,1.)) ;
#1494=DIRECTION('Axis2P3D Direction',(0.,0.,1.)) ;
#1495=DIRECTION('Axis2P3D XDirection',(0.787255226047,-0.616627285369,0.)) ;
#1499=DIRECTION('Axis2P3D Direction',(0.,0.,1.)) ;
#1506=DIRECTION('Vector Direction',(0.,0.,1.)) ;
#1513=DIRECTION('Axis2P3D Direction',(0.,0.,1.)) ;
#1525=DIRECTION('Axis2P3D Direction',(0.,0.,1.)) ;
#1526=DIRECTION('Axis2P3D XDirection',(-0.707106781187,0.707106781187,0.)) ;
#1530=DIRECTION('Vector Direction',(0.,0.,1.)) ;
#1539=DIRECTION('Axis2P3D Direction',(0.,0.,1.)) ;
#1546=DIRECTION('Vector Direction',(0.,0.,1.)) ;
#1553=DIRECTION('Axis2P3D Direction',(0.,0.,1.)) ;
#1565=DIRECTION('Axis2P3D Direction',(0.,0.,1.)) ;
#1566=DIRECTION('Axis2P3D XDirection',(-0.616627285369,-0.787255226047,-0.)) ;
#1570=DIRECTION('Axis2P3D Direction',(0.,0.,1.)) ;
#1577=DIRECTION('Vector Direction',(0.,0.,1.)) ;
#1584=DIRECTION('Axis2P3D Direction',(0.,0.,1.)) ;
#1596=DIRECTION('Axis2P3D Direction',(0.,0.,1.)) ;
#1597=DIRECTION('Axis2P3D XDirection',(-0.787255226047,0.616627285369,0.)) ;
#1601=DIRECTION('Axis2P3D Direction',(0.,0.,1.)) ;
#1608=DIRECTION('Vector Direction',(0.,0.,1.)) ;
#1615=DIRECTION('Axis2P3D Direction',(0.,0.,1.)) ;
#1627=DIRECTION('Axis2P3D Direction',(0.,0.,1.)) ;
#1628=DIRECTION('Axis2P3D XDirection',(0.616627285369,0.787255226047,0.)) ;
#1632=DIRECTION('Vector Direction',(0.,0.,1.)) ;
#1641=DIRECTION('Axis2P3D Direction',(0.,0.,1.)) ;
#1648=DIRECTION('Vector Direction',(0.,0.,1.)) ;
#1655=DIRECTION('Axis2P3D Direction',(0.,0.,1.)) ;
#1667=DIRECTION('Vector Direction',(0.,0.,1.)) ;
#1676=DIRECTION('Axis2P3D Direction',(0.,0.,1.)) ;
#1681=DIRECTION('Axis2P3D Direction',(0.,0.,1.)) ;
#1693=DIRECTION('Axis2P3D Direction',(0.,0.,1.)) ;
#1694=DIRECTION('Axis2P3D XDirection',(0.707106781187,0.707106781187,0.)) ;
#1698=DIRECTION('Vector Direction',(0.,0.,1.)) ;
#1707=DIRECTION('Axis2P3D Direction',(0.,0.,1.)) ;
#1712=DIRECTION('Axis2P3D Direction',(0.,0.,1.)) ;
#1724=DIRECTION('Vector Direction',(0.,0.,1.)) ;
#1733=DIRECTION('Axis2P3D Direction',(0.,0.,1.)) ;
#1740=DIRECTION('Vector Direction',(0.,0.,1.)) ;
#1747=DIRECTION('Axis2P3D Direction',(0.,0.,1.)) ;
#1759=DIRECTION('Axis2P3D Direction',(0.,0.,1.)) ;
#1760=DIRECTION('Axis2P3D XDirection',(-0.707106781187,-0.707106781187,-0.)) ;
#1764=DIRECTION('Vector Direction',(0.,0.,1.)) ;
#1773=DIRECTION('Axis2P3D Direction',(0.,0.,1.)) ;
#1778=DIRECTION('Axis2P3D Direction',(0.,0.,1.)) ;
#1790=DIRECTION('Axis2P3D Direction',(0.,0.,1.)) ;
#1791=DIRECTION('Axis2P3D XDirection',(-0.616627285369,-0.787255226047,-0.)) ;
#1795=DIRECTION('Axis2P3D Direction',(0.,0.,1.)) ;
#1802=DIRECTION('Vector Direction',(0.,0.,1.)) ;
#1809=DIRECTION('Axis2P3D Direction',(0.,0.,1.)) ;
#1821=DIRECTION('Axis2P3D Direction',(0.,0.,1.)) ;
#1822=DIRECTION('Axis2P3D XDirection',(1.,0.,0.)) ;
#1826=DIRECTION('Axis2P3D Direction',(0.,0.,1.)) ;
#1835=DIRECTION('Vector Direction',(-0.707106781187,0.707106781187,0.)) ;
#1840=DIRECTION('Vector Direction',(-0.707106781187,-0.707106781187,0.)) ;
#1854=DIRECTION('Vector Direction',(0.707106781187,0.707106781187,0.)) ;
#1861=DIRECTION('Axis2P3D Direction',(0.,0.,1.)) ;
#1868=DIRECTION('Vector Direction',(0.707106781187,-0.707106781187,0.)) ;
#1882=DIRECTION('Vector Direction',(-0.707106781187,0.707106781187,0.)) ;
#1889=DIRECTION('Axis2P3D Direction',(0.,0.,1.)) ;
#1896=DIRECTION('Vector Direction',(0.707106781187,0.707106781187,0.)) ;
#1910=DIRECTION('Axis2P3D Direction',(0.,0.,1.)) ;
#1919=DIRECTION('Vector Direction',(-0.707106781187,-0.707106781187,0.)) ;
#1924=DIRECTION('Vector Direction',(0.707106781187,-0.707106781187,0.)) ;
#1938=DIRECTION('Axis2P3D Direction',(0.,0.,1.)) ;
#1939=DIRECTION('Axis2P3D XDirection',(1.,0.,0.)) ;
#1953=DIRECTION('Vector Direction',(0.707106781187,0.707106781187,0.)) ;
#1958=DIRECTION('Vector Direction',(0.707106781187,0.707106781187,0.)) ;
#1963=DIRECTION('Vector Direction',(-0.707106781187,0.707106781187,0.)) ;
#1968=DIRECTION('Vector Direction',(-0.707106781187,0.707106781187,0.)) ;
#1973=DIRECTION('Vector Direction',(-0.707106781187,-0.707106781187,0.)) ;
#1978=DIRECTION('Vector Direction',(-0.707106781187,-0.707106781187,0.)) ;
#1983=DIRECTION('Vector Direction',(0.707106781187,-0.707106781187,0.)) ;
#1988=DIRECTION('Vector Direction',(0.707106781187,-0.707106781187,0.)) ;
#2060=DIRECTION('Axis2P3D Direction',(0.707106781187,0.707106781187,-0.)) ;
#2061=DIRECTION('Axis2P3D XDirection',(-0.707106781187,0.707106781187,0.)) ;
#2065=DIRECTION('Vector Direction',(0.,0.,1.)) ;
#2072=DIRECTION('Vector Direction',(0.707106781187,-0.707106781187,0.)) ;
#2106=DIRECTION('Axis2P3D Direction',(0.707106781187,-0.707106781187,0.)) ;
#2107=DIRECTION('Axis2P3D XDirection',(0.707106781187,0.707106781187,0.)) ;
#2111=DIRECTION('Vector Direction',(0.707106781187,0.707106781187,0.)) ;
#2118=DIRECTION('Vector Direction',(0.,0.,1.)) ;
#2152=DIRECTION('Axis2P3D Direction',(0.,0.,1.)) ;
#2153=DIRECTION('Axis2P3D XDirection',(-0.684846624494,-0.728687244927,-0.)) ;
#2157=DIRECTION('Axis2P3D Direction',(0.,0.,1.)) ;
#2169=DIRECTION('Axis2P3D Direction',(0.,0.,1.)) ;
#2170=DIRECTION('Axis2P3D XDirection',(0.636493816791,-0.771281804004,0.)) ;
#2174=DIRECTION('Axis2P3D Direction',(0.,0.,1.)) ;
#2186=DIRECTION('Axis2P3D Direction',(0.707106781187,-0.707106781187,0.)) ;
#2187=DIRECTION('Axis2P3D XDirection',(0.707106781187,0.707106781187,0.)) ;
#2212=DIRECTION('Vector Direction',(0.,0.,1.)) ;
#2217=DIRECTION('Vector Direction',(0.707106781187,0.707106781187,0.)) ;
#2232=DIRECTION('Vector Direction',(-0.707106781187,0.707106781187,0.)) ;
#2239=DIRECTION('Vector Direction',(0.,0.,1.)) ;
#2273=DIRECTION('Axis2P3D Direction',(0.,0.,1.)) ;
#2274=DIRECTION('Axis2P3D XDirection',(0.684846624494,0.728687244927,0.)) ;
#2278=DIRECTION('Axis2P3D Direction',(0.,0.,1.)) ;
#2290=DIRECTION('Axis2P3D Direction',(-0.,0.,1.)) ;
#2291=DIRECTION('Axis2P3D XDirection',(0.771281804105,0.636493816667,0.)) ;
#2295=DIRECTION('Axis2P3D Direction',(-0.,0.,1.)) ;
#2307=DIRECTION('Vector Direction',(0.,0.,1.)) ;
#2314=DIRECTION('Vector Direction',(-0.707106781187,-0.707106781187,0.)) ;
#2348=DIRECTION('Axis2P3D Direction',(0.707106781187,0.707106781187,-0.)) ;
#2349=DIRECTION('Axis2P3D XDirection',(-0.707106781187,0.707106781187,0.)) ;
#2374=DIRECTION('Vector Direction',(0.707106781187,-0.707106781187,0.)) ;
#2379=DIRECTION('Vector Direction',(0.,0.,1.)) ;
#2394=DIRECTION('Axis2P3D Direction',(0.,0.,1.)) ;
#2406=DIRECTION('Axis2P3D Direction',(0.,-0.,1.)) ;
#2407=DIRECTION('Axis2P3D XDirection',(-0.899684188721,-0.436541361804,0.)) ;
#2411=DIRECTION('Axis2P3D Direction',(0.,-0.,1.)) ;
#2444=DIRECTION('Vector Direction',(0.,0.,1.)) ;
#2449=DIRECTION('Vector Direction',(-0.707106781187,0.707106781187,0.)) ;
#2485=DIRECTION('Vector Direction',(-0.707106781187,-0.707106781187,0.)) ;
#2490=DIRECTION('Vector Direction',(0.,0.,1.)) ;
#2505=DIRECTION('Axis2P3D Direction',(0.,0.,1.)) ;
#2517=DIRECTION('Axis2P3D Direction',(0.,0.,1.)) ;
#2518=DIRECTION('Axis2P3D XDirection',(1.,0.,0.)) ;
#2532=DIRECTION('Axis2P3D Direction',(0.,0.,1.)) ;
#2596=DIRECTION('Axis2P3D Direction',(0.,-0.,1.)) ;
#2597=DIRECTION('Axis2P3D XDirection',(-0.379106939078,0.92535286715,0.)) ;
#48=AXIS2_PLACEMENT_3D(' ',#47,$,$) ;
#55=AXIS2_PLACEMENT_3D('Cylinder Axis2P3D',#52,#53,#54) ;
#68=AXIS2_PLACEMENT_3D('Circle Axis2P3D',#66,#67,$) ;
#82=AXIS2_PLACEMENT_3D('Circle Axis2P3D',#80,#81,$) ;
#95=AXIS2_PLACEMENT_3D('Plane Axis2P3D',#92,#93,#94) ;
#126=AXIS2_PLACEMENT_3D('Plane Axis2P3D',#123,#124,#125) ;
#157=AXIS2_PLACEMENT_3D('Cylinder Axis2P3D',#154,#155,#156) ;
#170=AXIS2_PLACEMENT_3D('Circle Axis2P3D',#168,#169,$) ;
#175=AXIS2_PLACEMENT_3D('Circle Axis2P3D',#173,#174,$) ;
#188=AXIS2_PLACEMENT_3D('Cylinder Axis2P3D',#185,#186,#187) ;
#192=AXIS2_PLACEMENT_3D('Circle Axis2P3D',#190,#191,$) ;
#206=AXIS2_PLACEMENT_3D('Circle Axis2P3D',#204,#205,$) ;
#219=AXIS2_PLACEMENT_3D('Plane Axis2P3D',#216,#217,#218) ;
#250=AXIS2_PLACEMENT_3D('Cylinder Axis2P3D',#247,#248,#249) ;
#254=AXIS2_PLACEMENT_3D('Circle Axis2P3D',#252,#253,$) ;
#268=AXIS2_PLACEMENT_3D('Circle Axis2P3D',#266,#267,$) ;
#281=AXIS2_PLACEMENT_3D('Plane Axis2P3D',#278,#279,#280) ;
#303=AXIS2_PLACEMENT_3D('Cylinder Axis2P3D',#300,#301,#302) ;
#307=AXIS2_PLACEMENT_3D('Circle Axis2P3D',#305,#306,$) ;
#323=AXIS2_PLACEMENT_3D('Circle Axis2P3D',#321,#322,$) ;
#343=AXIS2_PLACEMENT_3D('Cylinder Axis2P3D',#340,#341,#342) ;
#347=AXIS2_PLACEMENT_3D('Circle Axis2P3D',#345,#346,$) ;
#363=AXIS2_PLACEMENT_3D('Circle Axis2P3D',#361,#362,$) ;
#383=AXIS2_PLACEMENT_3D('Cylinder Axis2P3D',#380,#381,#382) ;
#387=AXIS2_PLACEMENT_3D('Circle Axis2P3D',#385,#386,$) ;
#403=AXIS2_PLACEMENT_3D('Circle Axis2P3D',#401,#402,$) ;
#423=AXIS2_PLACEMENT_3D('Cylinder Axis2P3D',#420,#421,#422) ;
#427=AXIS2_PLACEMENT_3D('Circle Axis2P3D',#425,#426,$) ;
#443=AXIS2_PLACEMENT_3D('Circle Axis2P3D',#441,#442,$) ;
#463=AXIS2_PLACEMENT_3D('Cylinder Axis2P3D',#460,#461,#462) ;
#467=AXIS2_PLACEMENT_3D('Circle Axis2P3D',#465,#466,$) ;
#483=AXIS2_PLACEMENT_3D('Circle Axis2P3D',#481,#482,$) ;
#503=AXIS2_PLACEMENT_3D('Cylinder Axis2P3D',#500,#501,#502) ;
#507=AXIS2_PLACEMENT_3D('Circle Axis2P3D',#505,#506,$) ;
#514=AXIS2_PLACEMENT_3D('Circle Axis2P3D',#512,#513,$) ;
#534=AXIS2_PLACEMENT_3D('Plane Axis2P3D',#531,#532,#533) ;
#565=AXIS2_PLACEMENT_3D('Cylinder Axis2P3D',#562,#563,#564) ;
#569=AXIS2_PLACEMENT_3D('Circle Axis2P3D',#567,#568,$) ;
#576=AXIS2_PLACEMENT_3D('Circle Axis2P3D',#574,#575,$) ;
#596=AXIS2_PLACEMENT_3D('Plane Axis2P3D',#593,#594,#595) ;
#627=AXIS2_PLACEMENT_3D('Cylinder Axis2P3D',#624,#625,#626) ;
#631=AXIS2_PLACEMENT_3D('Circle Axis2P3D',#629,#630,$) ;
#638=AXIS2_PLACEMENT_3D('Circle Axis2P3D',#636,#637,$) ;
#658=AXIS2_PLACEMENT_3D('Plane Axis2P3D',#655,#656,#657) ;
#689=AXIS2_PLACEMENT_3D('Cylinder Axis2P3D',#686,#687,#688) ;
#693=AXIS2_PLACEMENT_3D('Circle Axis2P3D',#691,#692,$) ;
#698=AXIS2_PLACEMENT_3D('Circle Axis2P3D',#696,#697,$) ;
#711=AXIS2_PLACEMENT_3D('Plane Axis2P3D',#708,#709,#710) ;
#751=AXIS2_PLACEMENT_3D('Cylinder Axis2P3D',#748,#749,#750) ;
#755=AXIS2_PLACEMENT_3D('Circle Axis2P3D',#753,#754,$) ;
#762=AXIS2_PLACEMENT_3D('Circle Axis2P3D',#760,#761,$) ;
#782=AXIS2_PLACEMENT_3D('Plane Axis2P3D',#779,#780,#781) ;
#813=AXIS2_PLACEMENT_3D('Cylinder Axis2P3D',#810,#811,#812) ;
#817=AXIS2_PLACEMENT_3D('Circle Axis2P3D',#815,#816,$) ;
#824=AXIS2_PLACEMENT_3D('Circle Axis2P3D',#822,#823,$) ;
#870=AXIS2_PLACEMENT_3D('Cylinder Axis2P3D',#867,#868,#869) ;
#874=AXIS2_PLACEMENT_3D('Circle Axis2P3D',#872,#873,$) ;
#881=AXIS2_PLACEMENT_3D('Circle Axis2P3D',#879,#880,$) ;
#900=AXIS2_PLACEMENT_3D('Circle Axis2P3D',#898,#899,$) ;
#907=AXIS2_PLACEMENT_3D('Circle Axis2P3D',#905,#906,$) ;
#927=AXIS2_PLACEMENT_3D('Cylinder Axis2P3D',#924,#925,#926) ;
#931=AXIS2_PLACEMENT_3D('Circle Axis2P3D',#929,#930,$) ;
#936=AXIS2_PLACEMENT_3D('Circle Axis2P3D',#934,#935,$) ;
#949=AXIS2_PLACEMENT_3D('Cylinder Axis2P3D',#946,#947,#948) ;
#953=AXIS2_PLACEMENT_3D('Circle Axis2P3D',#951,#952,$) ;
#969=AXIS2_PLACEMENT_3D('Circle Axis2P3D',#967,#968,$) ;
#989=AXIS2_PLACEMENT_3D('Cylinder Axis2P3D',#986,#987,#988) ;
#993=AXIS2_PLACEMENT_3D('Circle Axis2P3D',#991,#992,$) ;
#1000=AXIS2_PLACEMENT_3D('Circle Axis2P3D',#998,#999,$) ;
#1020=AXIS2_PLACEMENT_3D('Cylinder Axis2P3D',#1017,#1018,#1019) ;
#1024=AXIS2_PLACEMENT_3D('Circle Axis2P3D',#1022,#1023,$) ;
#1031=AXIS2_PLACEMENT_3D('Circle Axis2P3D',#1029,#1030,$) ;
#1077=AXIS2_PLACEMENT_3D('Cylinder Axis2P3D',#1074,#1075,#1076) ;
#1081=AXIS2_PLACEMENT_3D('Circle Axis2P3D',#1079,#1080,$) ;
#1088=AXIS2_PLACEMENT_3D('Circle Axis2P3D',#1086,#1087,$) ;
#1108=AXIS2_PLACEMENT_3D('Plane Axis2P3D',#1105,#1106,#1107) ;
#1139=AXIS2_PLACEMENT_3D('Cylinder Axis2P3D',#1136,#1137,#1138) ;
#1143=AXIS2_PLACEMENT_3D('Circle Axis2P3D',#1141,#1142,$) ;
#1150=AXIS2_PLACEMENT_3D('Circle Axis2P3D',#1148,#1149,$) ;
#1170=AXIS2_PLACEMENT_3D('Plane Axis2P3D',#1167,#1168,#1169) ;
#1192=AXIS2_PLACEMENT_3D('Cylinder Axis2P3D',#1189,#1190,#1191) ;
#1196=AXIS2_PLACEMENT_3D('Circle Axis2P3D',#1194,#1195,$) ;
#1212=AXIS2_PLACEMENT_3D('Circle Axis2P3D',#1210,#1211,$) ;
#1231=AXIS2_PLACEMENT_3D('Circle Axis2P3D',#1229,#1230,$) ;
#1238=AXIS2_PLACEMENT_3D('Circle Axis2P3D',#1236,#1237,$) ;
#1258=AXIS2_PLACEMENT_3D('Cylinder Axis2P3D',#1255,#1256,#1257) ;
#1262=AXIS2_PLACEMENT_3D('Circle Axis2P3D',#1260,#1261,$) ;
#1269=AXIS2_PLACEMENT_3D('Circle Axis2P3D',#1267,#1268,$) ;
#1315=AXIS2_PLACEMENT_3D('Cylinder Axis2P3D',#1312,#1313,#1314) ;
#1319=AXIS2_PLACEMENT_3D('Circle Axis2P3D',#1317,#1318,$) ;
#1326=AXIS2_PLACEMENT_3D('Circle Axis2P3D',#1324,#1325,$) ;
#1346=AXIS2_PLACEMENT_3D('Plane Axis2P3D',#1343,#1344,#1345) ;
#1377=AXIS2_PLACEMENT_3D('Cylinder Axis2P3D',#1374,#1375,#1376) ;
#1381=AXIS2_PLACEMENT_3D('Circle Axis2P3D',#1379,#1380,$) ;
#1388=AXIS2_PLACEMENT_3D('Circle Axis2P3D',#1386,#1387,$) ;
#1425=AXIS2_PLACEMENT_3D('Cylinder Axis2P3D',#1422,#1423,#1424) ;
#1438=AXIS2_PLACEMENT_3D('Circle Axis2P3D',#1436,#1437,$) ;
#1452=AXIS2_PLACEMENT_3D('Circle Axis2P3D',#1450,#1451,$) ;
#1465=AXIS2_PLACEMENT_3D('Cylinder Axis2P3D',#1462,#1463,#1464) ;
#1469=AXIS2_PLACEMENT_3D('Circle Axis2P3D',#1467,#1468,$) ;
#1483=AXIS2_PLACEMENT_3D('Circle Axis2P3D',#1481,#1482,$) ;
#1496=AXIS2_PLACEMENT_3D('Cylinder Axis2P3D',#1493,#1494,#1495) ;
#1500=AXIS2_PLACEMENT_3D('Circle Axis2P3D',#1498,#1499,$) ;
#1514=AXIS2_PLACEMENT_3D('Circle Axis2P3D',#1512,#1513,$) ;
#1527=AXIS2_PLACEMENT_3D('Cylinder Axis2P3D',#1524,#1525,#1526) ;
#1540=AXIS2_PLACEMENT_3D('Circle Axis2P3D',#1538,#1539,$) ;
#1554=AXIS2_PLACEMENT_3D('Circle Axis2P3D',#1552,#1553,$) ;
#1567=AXIS2_PLACEMENT_3D('Cylinder Axis2P3D',#1564,#1565,#1566) ;
#1571=AXIS2_PLACEMENT_3D('Circle Axis2P3D',#1569,#1570,$) ;
#1585=AXIS2_PLACEMENT_3D('Circle Axis2P3D',#1583,#1584,$) ;
#1598=AXIS2_PLACEMENT_3D('Cylinder Axis2P3D',#1595,#1596,#1597) ;
#1602=AXIS2_PLACEMENT_3D('Circle Axis2P3D',#1600,#1601,$) ;
#1616=AXIS2_PLACEMENT_3D('Circle Axis2P3D',#1614,#1615,$) ;
#1629=AXIS2_PLACEMENT_3D('Cylinder Axis2P3D',#1626,#1627,#1628) ;
#1642=AXIS2_PLACEMENT_3D('Circle Axis2P3D',#1640,#1641,$) ;
#1656=AXIS2_PLACEMENT_3D('Circle Axis2P3D',#1654,#1655,$) ;
#1677=AXIS2_PLACEMENT_3D('Circle Axis2P3D',#1675,#1676,$) ;
#1682=AXIS2_PLACEMENT_3D('Circle Axis2P3D',#1680,#1681,$) ;
#1695=AXIS2_PLACEMENT_3D('Cylinder Axis2P3D',#1692,#1693,#1694) ;
#1708=AXIS2_PLACEMENT_3D('Circle Axis2P3D',#1706,#1707,$) ;
#1713=AXIS2_PLACEMENT_3D('Circle Axis2P3D',#1711,#1712,$) ;
#1734=AXIS2_PLACEMENT_3D('Circle Axis2P3D',#1732,#1733,$) ;
#1748=AXIS2_PLACEMENT_3D('Circle Axis2P3D',#1746,#1747,$) ;
#1761=AXIS2_PLACEMENT_3D('Cylinder Axis2P3D',#1758,#1759,#1760) ;
#1774=AXIS2_PLACEMENT_3D('Circle Axis2P3D',#1772,#1773,$) ;
#1779=AXIS2_PLACEMENT_3D('Circle Axis2P3D',#1777,#1778,$) ;
#1792=AXIS2_PLACEMENT_3D('Cylinder Axis2P3D',#1789,#1790,#1791) ;
#1796=AXIS2_PLACEMENT_3D('Circle Axis2P3D',#1794,#1795,$) ;
#1810=AXIS2_PLACEMENT_3D('Circle Axis2P3D',#1808,#1809,$) ;
#1823=AXIS2_PLACEMENT_3D('Plane Axis2P3D',#1820,#1821,#1822) ;
#1827=AXIS2_PLACEMENT_3D('Circle Axis2P3D',#1825,#1826,$) ;
#1862=AXIS2_PLACEMENT_3D('Circle Axis2P3D',#1860,#1861,$) ;
#1890=AXIS2_PLACEMENT_3D('Circle Axis2P3D',#1888,#1889,$) ;
#1911=AXIS2_PLACEMENT_3D('Circle Axis2P3D',#1909,#1910,$) ;
#1940=AXIS2_PLACEMENT_3D('Plane Axis2P3D',#1937,#1938,#1939) ;
#2062=AXIS2_PLACEMENT_3D('Plane Axis2P3D',#2059,#2060,#2061) ;
#2108=AXIS2_PLACEMENT_3D('Plane Axis2P3D',#2105,#2106,#2107) ;
#2154=AXIS2_PLACEMENT_3D('Cylinder Axis2P3D',#2151,#2152,#2153) ;
#2158=AXIS2_PLACEMENT_3D('Circle Axis2P3D',#2156,#2157,$) ;
#2171=AXIS2_PLACEMENT_3D('Torus Axis2P3D',#2168,#2169,#2170) ;
#2175=AXIS2_PLACEMENT_3D('Circle Axis2P3D',#2173,#2174,$) ;
#2188=AXIS2_PLACEMENT_3D('Plane Axis2P3D',#2185,#2186,#2187) ;
#2275=AXIS2_PLACEMENT_3D('Cylinder Axis2P3D',#2272,#2273,#2274) ;
#2279=AXIS2_PLACEMENT_3D('Circle Axis2P3D',#2277,#2278,$) ;
#2292=AXIS2_PLACEMENT_3D('Torus Axis2P3D',#2289,#2290,#2291) ;
#2296=AXIS2_PLACEMENT_3D('Circle Axis2P3D',#2294,#2295,$) ;
#2350=AXIS2_PLACEMENT_3D('Plane Axis2P3D',#2347,#2348,#2349) ;
#2395=AXIS2_PLACEMENT_3D('Circle Axis2P3D',#2393,#2394,$) ;
#2408=AXIS2_PLACEMENT_3D('Torus Axis2P3D',#2405,#2406,#2407) ;
#2412=AXIS2_PLACEMENT_3D('Circle Axis2P3D',#2410,#2411,$) ;
#2506=AXIS2_PLACEMENT_3D('Circle Axis2P3D',#2504,#2505,$) ;
#2519=AXIS2_PLACEMENT_3D('Plane Axis2P3D',#2516,#2517,#2518) ;
#2533=AXIS2_PLACEMENT_3D('Circle Axis2P3D',#2531,#2532,$) ;
#2598=AXIS2_PLACEMENT_3D('Torus Axis2P3D',#2595,#2596,#2597) ;
#40=PRODUCT_DEFINITION_SHAPE(' ',' ',#14) ;
#31=APPROVAL_PERSON_ORGANIZATION(#25,#21,#19) ;
#25=PERSON_AND_ORGANIZATION(#22,#23) ;
#22=PERSON(' ',' ',' ',$,$,$) ;
#23=ORGANIZATION(' ',' ',' ') ;
#21=APPROVAL(#20,' ') ;
#20=APPROVAL_STATUS('not_yet_approved') ;
#19=APPROVAL_ROLE('APPROVER') ;
#13=DATE_AND_TIME(#11,#12) ;
#12=LOCAL_TIME(15,26,5.,#10) ;
#10=COORDINATED_UNIVERSAL_TIME_OFFSET(0,0,.AHEAD.) ;
#86=ORIENTED_EDGE('',*,*,#65,.F.) ;
#87=ORIENTED_EDGE('',*,*,#72,.T.) ;
#88=ORIENTED_EDGE('',*,*,#79,.T.) ;
#89=ORIENTED_EDGE('',*,*,#84,.F.) ;
#117=ORIENTED_EDGE('',*,*,#105,.F.) ;
#118=ORIENTED_EDGE('',*,*,#110,.T.) ;
#119=ORIENTED_EDGE('',*,*,#65,.T.) ;
#120=ORIENTED_EDGE('',*,*,#115,.F.) ;
#148=ORIENTED_EDGE('',*,*,#79,.F.) ;
#149=ORIENTED_EDGE('',*,*,#134,.T.) ;
#150=ORIENTED_EDGE('',*,*,#141,.T.) ;
#151=ORIENTED_EDGE('',*,*,#146,.F.) ;
#179=ORIENTED_EDGE('',*,*,#167,.F.) ;
#180=ORIENTED_EDGE('',*,*,#172,.T.) ;
#181=ORIENTED_EDGE('',*,*,#105,.T.) ;
#182=ORIENTED_EDGE('',*,*,#177,.F.) ;
#210=ORIENTED_EDGE('',*,*,#141,.F.) ;
#211=ORIENTED_EDGE('',*,*,#196,.T.) ;
#212=ORIENTED_EDGE('',*,*,#203,.T.) ;
#213=ORIENTED_EDGE('',*,*,#208,.F.) ;
#241=ORIENTED_EDGE('',*,*,#203,.F.) ;
#242=ORIENTED_EDGE('',*,*,#227,.T.) ;
#243=ORIENTED_EDGE('',*,*,#234,.T.) ;
#244=ORIENTED_EDGE('',*,*,#239,.F.) ;
#272=ORIENTED_EDGE('',*,*,#234,.F.) ;
#273=ORIENTED_EDGE('',*,*,#258,.T.) ;
#274=ORIENTED_EDGE('',*,*,#265,.T.) ;
#275=ORIENTED_EDGE('',*,*,#270,.F.) ;
#294=ORIENTED_EDGE('',*,*,#265,.F.) ;
#295=ORIENTED_EDGE('',*,*,#287,.T.) ;
#296=ORIENTED_EDGE('',*,*,#167,.T.) ;
#297=ORIENTED_EDGE('',*,*,#292,.F.) ;
#334=ORIENTED_EDGE('',*,*,#313,.T.) ;
#335=ORIENTED_EDGE('',*,*,#320,.F.) ;
#336=ORIENTED_EDGE('',*,*,#327,.F.) ;
#337=ORIENTED_EDGE('',*,*,#332,.T.) ;
#374=ORIENTED_EDGE('',*,*,#353,.T.) ;
#375=ORIENTED_EDGE('',*,*,#360,.F.) ;
#376=ORIENTED_EDGE('',*,*,#367,.F.) ;
#377=ORIENTED_EDGE('',*,*,#372,.T.) ;
#414=ORIENTED_EDGE('',*,*,#393,.T.) ;
#415=ORIENTED_EDGE('',*,*,#400,.F.) ;
#416=ORIENTED_EDGE('',*,*,#407,.F.) ;
#417=ORIENTED_EDGE('',*,*,#412,.T.) ;
#454=ORIENTED_EDGE('',*,*,#433,.T.) ;
#455=ORIENTED_EDGE('',*,*,#440,.F.) ;
#456=ORIENTED_EDGE('',*,*,#447,.F.) ;
#457=ORIENTED_EDGE('',*,*,#452,.T.) ;
#494=ORIENTED_EDGE('',*,*,#473,.T.) ;
#495=ORIENTED_EDGE('',*,*,#480,.F.) ;
#496=ORIENTED_EDGE('',*,*,#487,.F.) ;
#497=ORIENTED_EDGE('',*,*,#492,.T.) ;
#525=ORIENTED_EDGE('',*,*,#511,.T.) ;
#526=ORIENTED_EDGE('',*,*,#492,.F.) ;
#527=ORIENTED_EDGE('',*,*,#518,.F.) ;
#528=ORIENTED_EDGE('',*,*,#523,.T.) ;
#556=ORIENTED_EDGE('',*,*,#542,.T.) ;
#557=ORIENTED_EDGE('',*,*,#523,.F.) ;
#558=ORIENTED_EDGE('',*,*,#549,.F.) ;
#559=ORIENTED_EDGE('',*,*,#554,.T.) ;
#587=ORIENTED_EDGE('',*,*,#573,.T.) ;
#588=ORIENTED_EDGE('',*,*,#554,.F.) ;
#589=ORIENTED_EDGE('',*,*,#580,.F.) ;
#590=ORIENTED_EDGE('',*,*,#585,.T.) ;
#618=ORIENTED_EDGE('',*,*,#604,.T.) ;
#619=ORIENTED_EDGE('',*,*,#585,.F.) ;
#620=ORIENTED_EDGE('',*,*,#611,.F.) ;
#621=ORIENTED_EDGE('',*,*,#616,.T.) ;
#649=ORIENTED_EDGE('',*,*,#635,.T.) ;
#650=ORIENTED_EDGE('',*,*,#616,.F.) ;
#651=ORIENTED_EDGE('',*,*,#642,.F.) ;
#652=ORIENTED_EDGE('',*,*,#647,.T.) ;
#680=ORIENTED_EDGE('',*,*,#666,.T.) ;
#681=ORIENTED_EDGE('',*,*,#647,.F.) ;
#682=ORIENTED_EDGE('',*,*,#673,.F.) ;
#683=ORIENTED_EDGE('',*,*,#678,.T.) ;
#702=ORIENTED_EDGE('',*,*,#695,.T.) ;
#703=ORIENTED_EDGE('',*,*,#678,.F.) ;
#704=ORIENTED_EDGE('',*,*,#700,.F.) ;
#705=ORIENTED_EDGE('',*,*,#480,.T.) ;
#742=ORIENTED_EDGE('',*,*,#721,.T.) ;
#743=ORIENTED_EDGE('',*,*,#728,.F.) ;
#744=ORIENTED_EDGE('',*,*,#735,.F.) ;
#745=ORIENTED_EDGE('',*,*,#740,.T.) ;
#773=ORIENTED_EDGE('',*,*,#759,.T.) ;
#774=ORIENTED_EDGE('',*,*,#740,.F.) ;
#775=ORIENTED_EDGE('',*,*,#766,.F.) ;
#776=ORIENTED_EDGE('',*,*,#771,.T.) ;
#804=ORIENTED_EDGE('',*,*,#790,.T.) ;
#805=ORIENTED_EDGE('',*,*,#771,.F.) ;
#806=ORIENTED_EDGE('',*,*,#797,.F.) ;
#807=ORIENTED_EDGE('',*,*,#802,.T.) ;
#835=ORIENTED_EDGE('',*,*,#821,.T.) ;
#836=ORIENTED_EDGE('',*,*,#802,.F.) ;
#837=ORIENTED_EDGE('',*,*,#828,.F.) ;
#838=ORIENTED_EDGE('',*,*,#833,.T.) ;
#861=ORIENTED_EDGE('',*,*,#847,.T.) ;
#862=ORIENTED_EDGE('',*,*,#833,.F.) ;
#863=ORIENTED_EDGE('',*,*,#854,.F.) ;
#864=ORIENTED_EDGE('',*,*,#859,.T.) ;
#892=ORIENTED_EDGE('',*,*,#878,.T.) ;
#893=ORIENTED_EDGE('',*,*,#859,.F.) ;
#894=ORIENTED_EDGE('',*,*,#885,.F.) ;
#895=ORIENTED_EDGE('',*,*,#890,.T.) ;
#918=ORIENTED_EDGE('',*,*,#904,.T.) ;
#919=ORIENTED_EDGE('',*,*,#890,.F.) ;
#920=ORIENTED_EDGE('',*,*,#911,.F.) ;
#921=ORIENTED_EDGE('',*,*,#916,.T.) ;
#940=ORIENTED_EDGE('',*,*,#933,.T.) ;
#941=ORIENTED_EDGE('',*,*,#916,.F.) ;
#942=ORIENTED_EDGE('',*,*,#938,.F.) ;
#943=ORIENTED_EDGE('',*,*,#728,.T.) ;
#980=ORIENTED_EDGE('',*,*,#959,.T.) ;
#981=ORIENTED_EDGE('',*,*,#966,.F.) ;
#982=ORIENTED_EDGE('',*,*,#973,.F.) ;
#983=ORIENTED_EDGE('',*,*,#978,.T.) ;
#1011=ORIENTED_EDGE('',*,*,#997,.T.) ;
#1012=ORIENTED_EDGE('',*,*,#978,.F.) ;
#1013=ORIENTED_EDGE('',*,*,#1004,.F.) ;
#1014=ORIENTED_EDGE('',*,*,#1009,.T.) ;
#1042=ORIENTED_EDGE('',*,*,#1028,.T.) ;
#1043=ORIENTED_EDGE('',*,*,#1009,.F.) ;
#1044=ORIENTED_EDGE('',*,*,#1035,.F.) ;
#1045=ORIENTED_EDGE('',*,*,#1040,.T.) ;
#1068=ORIENTED_EDGE('',*,*,#1054,.T.) ;
#1069=ORIENTED_EDGE('',*,*,#1040,.F.) ;
#1070=ORIENTED_EDGE('',*,*,#1061,.F.) ;
#1071=ORIENTED_EDGE('',*,*,#1066,.T.) ;
#1099=ORIENTED_EDGE('',*,*,#1085,.T.) ;
#1100=ORIENTED_EDGE('',*,*,#1066,.F.) ;
#1101=ORIENTED_EDGE('',*,*,#1092,.F.) ;
#1102=ORIENTED_EDGE('',*,*,#1097,.T.) ;
#1130=ORIENTED_EDGE('',*,*,#1116,.T.) ;
#1131=ORIENTED_EDGE('',*,*,#1097,.F.) ;
#1132=ORIENTED_EDGE('',*,*,#1123,.F.) ;
#1133=ORIENTED_EDGE('',*,*,#1128,.T.) ;
#1161=ORIENTED_EDGE('',*,*,#1147,.T.) ;
#1162=ORIENTED_EDGE('',*,*,#1128,.F.) ;
#1163=ORIENTED_EDGE('',*,*,#1154,.F.) ;
#1164=ORIENTED_EDGE('',*,*,#1159,.T.) ;
#1183=ORIENTED_EDGE('',*,*,#1176,.T.) ;
#1184=ORIENTED_EDGE('',*,*,#1159,.F.) ;
#1185=ORIENTED_EDGE('',*,*,#1181,.F.) ;
#1186=ORIENTED_EDGE('',*,*,#966,.T.) ;
#1223=ORIENTED_EDGE('',*,*,#1202,.T.) ;
#1224=ORIENTED_EDGE('',*,*,#1209,.F.) ;
#1225=ORIENTED_EDGE('',*,*,#1216,.F.) ;
#1226=ORIENTED_EDGE('',*,*,#1221,.T.) ;
#1249=ORIENTED_EDGE('',*,*,#1235,.T.) ;
#1250=ORIENTED_EDGE('',*,*,#1221,.F.) ;
#1251=ORIENTED_EDGE('',*,*,#1242,.F.) ;
#1252=ORIENTED_EDGE('',*,*,#1247,.T.) ;
#1280=ORIENTED_EDGE('',*,*,#1266,.T.) ;
#1281=ORIENTED_EDGE('',*,*,#1247,.F.) ;
#1282=ORIENTED_EDGE('',*,*,#1273,.F.) ;
#1283=ORIENTED_EDGE('',*,*,#1278,.T.) ;
#1306=ORIENTED_EDGE('',*,*,#1292,.T.) ;
#1307=ORIENTED_EDGE('',*,*,#1278,.F.) ;
#1308=ORIENTED_EDGE('',*,*,#1299,.F.) ;
#1309=ORIENTED_EDGE('',*,*,#1304,.T.) ;
#1337=ORIENTED_EDGE('',*,*,#1323,.T.) ;
#1338=ORIENTED_EDGE('',*,*,#1304,.F.) ;
#1339=ORIENTED_EDGE('',*,*,#1330,.F.) ;
#1340=ORIENTED_EDGE('',*,*,#1335,.T.) ;
#1368=ORIENTED_EDGE('',*,*,#1354,.T.) ;
#1369=ORIENTED_EDGE('',*,*,#1335,.F.) ;
#1370=ORIENTED_EDGE('',*,*,#1361,.F.) ;
#1371=ORIENTED_EDGE('',*,*,#1366,.T.) ;
#1399=ORIENTED_EDGE('',*,*,#1385,.T.) ;
#1400=ORIENTED_EDGE('',*,*,#1366,.F.) ;
#1401=ORIENTED_EDGE('',*,*,#1392,.F.) ;
#1402=ORIENTED_EDGE('',*,*,#1397,.T.) ;
#1416=ORIENTED_EDGE('',*,*,#1409,.T.) ;
#1417=ORIENTED_EDGE('',*,*,#1397,.F.) ;
#1418=ORIENTED_EDGE('',*,*,#1414,.F.) ;
#1419=ORIENTED_EDGE('',*,*,#1209,.T.) ;
#1456=ORIENTED_EDGE('',*,*,#1435,.F.) ;
#1457=ORIENTED_EDGE('',*,*,#1442,.F.) ;
#1458=ORIENTED_EDGE('',*,*,#1449,.T.) ;
#1459=ORIENTED_EDGE('',*,*,#1454,.F.) ;
#1487=ORIENTED_EDGE('',*,*,#1449,.F.) ;
#1488=ORIENTED_EDGE('',*,*,#1473,.F.) ;
#1489=ORIENTED_EDGE('',*,*,#1480,.T.) ;
#1490=ORIENTED_EDGE('',*,*,#1485,.F.) ;
#1518=ORIENTED_EDGE('',*,*,#1480,.F.) ;
#1519=ORIENTED_EDGE('',*,*,#1504,.F.) ;
#1520=ORIENTED_EDGE('',*,*,#1511,.T.) ;
#1521=ORIENTED_EDGE('',*,*,#1516,.F.) ;
#1558=ORIENTED_EDGE('',*,*,#1537,.F.) ;
#1559=ORIENTED_EDGE('',*,*,#1544,.F.) ;
#1560=ORIENTED_EDGE('',*,*,#1551,.T.) ;
#1561=ORIENTED_EDGE('',*,*,#1556,.F.) ;
#1589=ORIENTED_EDGE('',*,*,#1551,.F.) ;
#1590=ORIENTED_EDGE('',*,*,#1575,.F.) ;
#1591=ORIENTED_EDGE('',*,*,#1582,.T.) ;
#1592=ORIENTED_EDGE('',*,*,#1587,.F.) ;
#1620=ORIENTED_EDGE('',*,*,#1582,.F.) ;
#1621=ORIENTED_EDGE('',*,*,#1606,.F.) ;
#1622=ORIENTED_EDGE('',*,*,#1613,.T.) ;
#1623=ORIENTED_EDGE('',*,*,#1618,.F.) ;
#1660=ORIENTED_EDGE('',*,*,#1639,.F.) ;
#1661=ORIENTED_EDGE('',*,*,#1646,.F.) ;
#1662=ORIENTED_EDGE('',*,*,#1653,.T.) ;
#1663=ORIENTED_EDGE('',*,*,#1658,.F.) ;
#1686=ORIENTED_EDGE('',*,*,#1674,.F.) ;
#1687=ORIENTED_EDGE('',*,*,#1679,.F.) ;
#1688=ORIENTED_EDGE('',*,*,#1639,.T.) ;
#1689=ORIENTED_EDGE('',*,*,#1684,.F.) ;
#1717=ORIENTED_EDGE('',*,*,#1705,.F.) ;
#1718=ORIENTED_EDGE('',*,*,#1710,.F.) ;
#1719=ORIENTED_EDGE('',*,*,#1674,.T.) ;
#1720=ORIENTED_EDGE('',*,*,#1715,.F.) ;
#1752=ORIENTED_EDGE('',*,*,#1731,.F.) ;
#1753=ORIENTED_EDGE('',*,*,#1738,.F.) ;
#1754=ORIENTED_EDGE('',*,*,#1745,.T.) ;
#1755=ORIENTED_EDGE('',*,*,#1750,.F.) ;
#1783=ORIENTED_EDGE('',*,*,#1771,.F.) ;
#1784=ORIENTED_EDGE('',*,*,#1776,.F.) ;
#1785=ORIENTED_EDGE('',*,*,#1731,.T.) ;
#1786=ORIENTED_EDGE('',*,*,#1781,.F.) ;
#1814=ORIENTED_EDGE('',*,*,#1745,.F.) ;
#1815=ORIENTED_EDGE('',*,*,#1800,.F.) ;
#1816=ORIENTED_EDGE('',*,*,#1807,.T.) ;
#1817=ORIENTED_EDGE('',*,*,#1812,.F.) ;
#1845=ORIENTED_EDGE('',*,*,#1833,.T.) ;
#1846=ORIENTED_EDGE('',*,*,#1838,.T.) ;
#1847=ORIENTED_EDGE('',*,*,#1781,.T.) ;
#1848=ORIENTED_EDGE('',*,*,#1750,.T.) ;
#1849=ORIENTED_EDGE('',*,*,#1812,.T.) ;
#1850=ORIENTED_EDGE('',*,*,#1843,.T.) ;
#1873=ORIENTED_EDGE('',*,*,#1715,.T.) ;
#1874=ORIENTED_EDGE('',*,*,#1684,.T.) ;
#1875=ORIENTED_EDGE('',*,*,#1658,.T.) ;
#1876=ORIENTED_EDGE('',*,*,#1859,.T.) ;
#1877=ORIENTED_EDGE('',*,*,#1866,.T.) ;
#1878=ORIENTED_EDGE('',*,*,#1871,.T.) ;
#1901=ORIENTED_EDGE('',*,*,#1618,.T.) ;
#1902=ORIENTED_EDGE('',*,*,#1887,.T.) ;
#1903=ORIENTED_EDGE('',*,*,#1894,.T.) ;
#1904=ORIENTED_EDGE('',*,*,#1899,.T.) ;
#1905=ORIENTED_EDGE('',*,*,#1556,.T.) ;
#1906=ORIENTED_EDGE('',*,*,#1587,.T.) ;
#1929=ORIENTED_EDGE('',*,*,#1917,.T.) ;
#1930=ORIENTED_EDGE('',*,*,#1922,.T.) ;
#1931=ORIENTED_EDGE('',*,*,#1454,.T.) ;
#1932=ORIENTED_EDGE('',*,*,#1485,.T.) ;
#1933=ORIENTED_EDGE('',*,*,#1516,.T.) ;
#1934=ORIENTED_EDGE('',*,*,#1927,.T.) ;
#1943=ORIENTED_EDGE('',*,*,#110,.F.) ;
#1944=ORIENTED_EDGE('',*,*,#172,.F.) ;
#1945=ORIENTED_EDGE('',*,*,#287,.F.) ;
#1946=ORIENTED_EDGE('',*,*,#258,.F.) ;
#1947=ORIENTED_EDGE('',*,*,#227,.F.) ;
#1948=ORIENTED_EDGE('',*,*,#196,.F.) ;
#1949=ORIENTED_EDGE('',*,*,#134,.F.) ;
#1950=ORIENTED_EDGE('',*,*,#72,.F.) ;
#1993=ORIENTED_EDGE('',*,*,#1575,.T.) ;
#1994=ORIENTED_EDGE('',*,*,#1544,.T.) ;
#1995=ORIENTED_EDGE('',*,*,#1956,.T.) ;
#1996=ORIENTED_EDGE('',*,*,#447,.T.) ;
#1997=ORIENTED_EDGE('',*,*,#1961,.T.) ;
#1998=ORIENTED_EDGE('',*,*,#1800,.T.) ;
#1999=ORIENTED_EDGE('',*,*,#1738,.T.) ;
#2000=ORIENTED_EDGE('',*,*,#1776,.T.) ;
#2001=ORIENTED_EDGE('',*,*,#1966,.T.) ;
#2002=ORIENTED_EDGE('',*,*,#407,.T.) ;
#2003=ORIENTED_EDGE('',*,*,#1971,.T.) ;
#2004=ORIENTED_EDGE('',*,*,#1504,.T.) ;
#2005=ORIENTED_EDGE('',*,*,#1473,.T.) ;
#2006=ORIENTED_EDGE('',*,*,#1442,.T.) ;
#2007=ORIENTED_EDGE('',*,*,#1976,.T.) ;
#2008=ORIENTED_EDGE('',*,*,#367,.T.) ;
#2009=ORIENTED_EDGE('',*,*,#1981,.T.) ;
#2010=ORIENTED_EDGE('',*,*,#1646,.T.) ;
#2011=ORIENTED_EDGE('',*,*,#1679,.T.) ;
#2012=ORIENTED_EDGE('',*,*,#1710,.T.) ;
#2013=ORIENTED_EDGE('',*,*,#1986,.T.) ;
#2014=ORIENTED_EDGE('',*,*,#327,.T.) ;
#2015=ORIENTED_EDGE('',*,*,#1991,.T.) ;
#2016=ORIENTED_EDGE('',*,*,#1606,.T.) ;
#2019=ORIENTED_EDGE('',*,*,#700,.T.) ;
#2020=ORIENTED_EDGE('',*,*,#673,.T.) ;
#2021=ORIENTED_EDGE('',*,*,#642,.T.) ;
#2022=ORIENTED_EDGE('',*,*,#611,.T.) ;
#2023=ORIENTED_EDGE('',*,*,#580,.T.) ;
#2024=ORIENTED_EDGE('',*,*,#549,.T.) ;
#2025=ORIENTED_EDGE('',*,*,#518,.T.) ;
#2026=ORIENTED_EDGE('',*,*,#487,.T.) ;
#2029=ORIENTED_EDGE('',*,*,#938,.T.) ;
#2030=ORIENTED_EDGE('',*,*,#911,.T.) ;
#2031=ORIENTED_EDGE('',*,*,#885,.T.) ;
#2032=ORIENTED_EDGE('',*,*,#854,.T.) ;
#2033=ORIENTED_EDGE('',*,*,#828,.T.) ;
#2034=ORIENTED_EDGE('',*,*,#797,.T.) ;
#2035=ORIENTED_EDGE('',*,*,#766,.T.) ;
#2036=ORIENTED_EDGE('',*,*,#735,.T.) ;
#2039=ORIENTED_EDGE('',*,*,#1181,.T.) ;
#2040=ORIENTED_EDGE('',*,*,#1154,.T.) ;
#2041=ORIENTED_EDGE('',*,*,#1123,.T.) ;
#2042=ORIENTED_EDGE('',*,*,#1092,.T.) ;
#2043=ORIENTED_EDGE('',*,*,#1061,.T.) ;
#2044=ORIENTED_EDGE('',*,*,#1035,.T.) ;
#2045=ORIENTED_EDGE('',*,*,#1004,.T.) ;
#2046=ORIENTED_EDGE('',*,*,#973,.T.) ;
#2049=ORIENTED_EDGE('',*,*,#1414,.T.) ;
#2050=ORIENTED_EDGE('',*,*,#1392,.T.) ;
#2051=ORIENTED_EDGE('',*,*,#1361,.T.) ;
#2052=ORIENTED_EDGE('',*,*,#1330,.T.) ;
#2053=ORIENTED_EDGE('',*,*,#1299,.T.) ;
#2054=ORIENTED_EDGE('',*,*,#1273,.T.) ;
#2055=ORIENTED_EDGE('',*,*,#1242,.T.) ;
#2056=ORIENTED_EDGE('',*,*,#1216,.T.) ;
#2096=ORIENTED_EDGE('',*,*,#2070,.T.) ;
#2097=ORIENTED_EDGE('',*,*,#1887,.F.) ;
#2098=ORIENTED_EDGE('',*,*,#1613,.F.) ;
#2099=ORIENTED_EDGE('',*,*,#1991,.F.) ;
#2100=ORIENTED_EDGE('',*,*,#320,.T.) ;
#2101=ORIENTED_EDGE('',*,*,#2077,.T.) ;
#2102=ORIENTED_EDGE('',*,*,#2094,.T.) ;
#2142=ORIENTED_EDGE('',*,*,#2116,.T.) ;
#2143=ORIENTED_EDGE('',*,*,#452,.F.) ;
#2144=ORIENTED_EDGE('',*,*,#1956,.F.) ;
#2145=ORIENTED_EDGE('',*,*,#1537,.T.) ;
#2146=ORIENTED_EDGE('',*,*,#1899,.F.) ;
#2147=ORIENTED_EDGE('',*,*,#2123,.F.) ;
#2148=ORIENTED_EDGE('',*,*,#2140,.T.) ;
#2162=ORIENTED_EDGE('',*,*,#2123,.T.) ;
#2163=ORIENTED_EDGE('',*,*,#1894,.F.) ;
#2164=ORIENTED_EDGE('',*,*,#2070,.F.) ;
#2165=ORIENTED_EDGE('',*,*,#2160,.F.) ;
#2179=ORIENTED_EDGE('',*,*,#2177,.F.) ;
#2180=ORIENTED_EDGE('',*,*,#2140,.F.) ;
#2181=ORIENTED_EDGE('',*,*,#2160,.T.) ;
#2182=ORIENTED_EDGE('',*,*,#2094,.F.) ;
#2222=ORIENTED_EDGE('',*,*,#2210,.T.) ;
#2223=ORIENTED_EDGE('',*,*,#2215,.T.) ;
#2224=ORIENTED_EDGE('',*,*,#1843,.F.) ;
#2225=ORIENTED_EDGE('',*,*,#1807,.F.) ;
#2226=ORIENTED_EDGE('',*,*,#1961,.F.) ;
#2227=ORIENTED_EDGE('',*,*,#440,.T.) ;
#2228=ORIENTED_EDGE('',*,*,#2220,.T.) ;
#2263=ORIENTED_EDGE('',*,*,#2237,.T.) ;
#2264=ORIENTED_EDGE('',*,*,#412,.F.) ;
#2265=ORIENTED_EDGE('',*,*,#1966,.F.) ;
#2266=ORIENTED_EDGE('',*,*,#1771,.T.) ;
#2267=ORIENTED_EDGE('',*,*,#1838,.F.) ;
#2268=ORIENTED_EDGE('',*,*,#2244,.F.) ;
#2269=ORIENTED_EDGE('',*,*,#2261,.T.) ;
#2283=ORIENTED_EDGE('',*,*,#2244,.T.) ;
#2284=ORIENTED_EDGE('',*,*,#1833,.F.) ;
#2285=ORIENTED_EDGE('',*,*,#2215,.F.) ;
#2286=ORIENTED_EDGE('',*,*,#2281,.F.) ;
#2300=ORIENTED_EDGE('',*,*,#2298,.F.) ;
#2301=ORIENTED_EDGE('',*,*,#2261,.F.) ;
#2302=ORIENTED_EDGE('',*,*,#2281,.T.) ;
#2303=ORIENTED_EDGE('',*,*,#2210,.F.) ;
#2338=ORIENTED_EDGE('',*,*,#2312,.T.) ;
#2339=ORIENTED_EDGE('',*,*,#1859,.F.) ;
#2340=ORIENTED_EDGE('',*,*,#1653,.F.) ;
#2341=ORIENTED_EDGE('',*,*,#1981,.F.) ;
#2342=ORIENTED_EDGE('',*,*,#360,.T.) ;
#2343=ORIENTED_EDGE('',*,*,#2319,.T.) ;
#2344=ORIENTED_EDGE('',*,*,#2336,.T.) ;
#2384=ORIENTED_EDGE('',*,*,#2372,.T.) ;
#2385=ORIENTED_EDGE('',*,*,#2377,.T.) ;
#2386=ORIENTED_EDGE('',*,*,#332,.F.) ;
#2387=ORIENTED_EDGE('',*,*,#1986,.F.) ;
#2388=ORIENTED_EDGE('',*,*,#1705,.T.) ;
#2389=ORIENTED_EDGE('',*,*,#1871,.F.) ;
#2390=ORIENTED_EDGE('',*,*,#2382,.F.) ;
#2399=ORIENTED_EDGE('',*,*,#2382,.T.) ;
#2400=ORIENTED_EDGE('',*,*,#1866,.F.) ;
#2401=ORIENTED_EDGE('',*,*,#2312,.F.) ;
#2402=ORIENTED_EDGE('',*,*,#2397,.F.) ;
#2416=ORIENTED_EDGE('',*,*,#2414,.F.) ;
#2417=ORIENTED_EDGE('',*,*,#2372,.F.) ;
#2418=ORIENTED_EDGE('',*,*,#2397,.T.) ;
#2419=ORIENTED_EDGE('',*,*,#2336,.F.) ;
#2454=ORIENTED_EDGE('',*,*,#2442,.T.) ;
#2455=ORIENTED_EDGE('',*,*,#2447,.T.) ;
#2456=ORIENTED_EDGE('',*,*,#1927,.F.) ;
#2457=ORIENTED_EDGE('',*,*,#1511,.F.) ;
#2458=ORIENTED_EDGE('',*,*,#1971,.F.) ;
#2459=ORIENTED_EDGE('',*,*,#400,.T.) ;
#2460=ORIENTED_EDGE('',*,*,#2452,.T.) ;
#2495=ORIENTED_EDGE('',*,*,#2483,.T.) ;
#2496=ORIENTED_EDGE('',*,*,#2488,.T.) ;
#2497=ORIENTED_EDGE('',*,*,#372,.F.) ;
#2498=ORIENTED_EDGE('',*,*,#1976,.F.) ;
#2499=ORIENTED_EDGE('',*,*,#1435,.T.) ;
#2500=ORIENTED_EDGE('',*,*,#1922,.F.) ;
#2501=ORIENTED_EDGE('',*,*,#2493,.F.) ;
#2510=ORIENTED_EDGE('',*,*,#2493,.T.) ;
#2511=ORIENTED_EDGE('',*,*,#1917,.F.) ;
#2512=ORIENTED_EDGE('',*,*,#2447,.F.) ;
#2513=ORIENTED_EDGE('',*,*,#2508,.F.) ;
#2522=ORIENTED_EDGE('',*,*,#84,.T.) ;
#2523=ORIENTED_EDGE('',*,*,#146,.T.) ;
#2524=ORIENTED_EDGE('',*,*,#208,.T.) ;
#2525=ORIENTED_EDGE('',*,*,#239,.T.) ;
#2526=ORIENTED_EDGE('',*,*,#270,.T.) ;
#2527=ORIENTED_EDGE('',*,*,#292,.T.) ;
#2528=ORIENTED_EDGE('',*,*,#177,.T.) ;
#2529=ORIENTED_EDGE('',*,*,#115,.T.) ;
#2537=ORIENTED_EDGE('',*,*,#2452,.F.) ;
#2538=ORIENTED_EDGE('',*,*,#393,.F.) ;
#2539=ORIENTED_EDGE('',*,*,#2237,.F.) ;
#2540=ORIENTED_EDGE('',*,*,#2298,.T.) ;
#2541=ORIENTED_EDGE('',*,*,#2220,.F.) ;
#2542=ORIENTED_EDGE('',*,*,#433,.F.) ;
#2543=ORIENTED_EDGE('',*,*,#2116,.F.) ;
#2544=ORIENTED_EDGE('',*,*,#2177,.T.) ;
#2545=ORIENTED_EDGE('',*,*,#2077,.F.) ;
#2546=ORIENTED_EDGE('',*,*,#313,.F.) ;
#2547=ORIENTED_EDGE('',*,*,#2377,.F.) ;
#2548=ORIENTED_EDGE('',*,*,#2414,.T.) ;
#2549=ORIENTED_EDGE('',*,*,#2319,.F.) ;
#2550=ORIENTED_EDGE('',*,*,#353,.F.) ;
#2551=ORIENTED_EDGE('',*,*,#2488,.F.) ;
#2552=ORIENTED_EDGE('',*,*,#2535,.T.) ;
#2555=ORIENTED_EDGE('',*,*,#473,.F.) ;
#2556=ORIENTED_EDGE('',*,*,#511,.F.) ;
#2557=ORIENTED_EDGE('',*,*,#542,.F.) ;
#2558=ORIENTED_EDGE('',*,*,#573,.F.) ;
#2559=ORIENTED_EDGE('',*,*,#604,.F.) ;
#2560=ORIENTED_EDGE('',*,*,#635,.F.) ;
#2561=ORIENTED_EDGE('',*,*,#666,.F.) ;
#2562=ORIENTED_EDGE('',*,*,#695,.F.) ;
#2565=ORIENTED_EDGE('',*,*,#721,.F.) ;
#2566=ORIENTED_EDGE('',*,*,#759,.F.) ;
#2567=ORIENTED_EDGE('',*,*,#790,.F.) ;
#2568=ORIENTED_EDGE('',*,*,#821,.F.) ;
#2569=ORIENTED_EDGE('',*,*,#847,.F.) ;
#2570=ORIENTED_EDGE('',*,*,#878,.F.) ;
#2571=ORIENTED_EDGE('',*,*,#904,.F.) ;
#2572=ORIENTED_EDGE('',*,*,#933,.F.) ;
#2575=ORIENTED_EDGE('',*,*,#959,.F.) ;
#2576=ORIENTED_EDGE('',*,*,#997,.F.) ;
#2577=ORIENTED_EDGE('',*,*,#1028,.F.) ;
#2578=ORIENTED_EDGE('',*,*,#1054,.F.) ;
#2579=ORIENTED_EDGE('',*,*,#1085,.F.) ;
#2580=ORIENTED_EDGE('',*,*,#1116,.F.) ;
#2581=ORIENTED_EDGE('',*,*,#1147,.F.) ;
#2582=ORIENTED_EDGE('',*,*,#1176,.F.) ;
#2585=ORIENTED_EDGE('',*,*,#1202,.F.) ;
#2586=ORIENTED_EDGE('',*,*,#1235,.F.) ;
#2587=ORIENTED_EDGE('',*,*,#1266,.F.) ;
#2588=ORIENTED_EDGE('',*,*,#1292,.F.) ;
#2589=ORIENTED_EDGE('',*,*,#1323,.F.) ;
#2590=ORIENTED_EDGE('',*,*,#1354,.F.) ;
#2591=ORIENTED_EDGE('',*,*,#1385,.F.) ;
#2592=ORIENTED_EDGE('',*,*,#1409,.F.) ;
#2601=ORIENTED_EDGE('',*,*,#2535,.F.) ;
#2602=ORIENTED_EDGE('',*,*,#2483,.F.) ;
#2603=ORIENTED_EDGE('',*,*,#2508,.T.) ;
#2604=ORIENTED_EDGE('',*,*,#2442,.F.) ;
#2017=FACE_BOUND('',#1992,.T.) ;
#2027=FACE_BOUND('',#2018,.T.) ;
#2037=FACE_BOUND('',#2028,.T.) ;
#2047=FACE_BOUND('',#2038,.T.) ;
#2057=FACE_BOUND('',#2048,.T.) ;
#2553=FACE_BOUND('',#2536,.T.) ;
#2563=FACE_BOUND('',#2554,.T.) ;
#2573=FACE_BOUND('',#2564,.T.) ;
#2583=FACE_BOUND('',#2574,.T.) ;
#2593=FACE_BOUND('',#2584,.T.) ;
#51=CLOSED_SHELL('Closed Shell',(#91,#122,#153,#184,#215,#246,#277,#299,#339,#379,#419,#459,#499,#530,#561,#592,#623,#654,#685,#707,#747,#778,#809,#840,#866,#897,#923,#945,#985,#1016,#1047,#1073,#1104,#1135,#1166,#1188,#1228,#1254,#1285,#1311,#1342,#1373,#1404,#1421,#1461,#1492,#1523,#1563,#1594,#1625,#1665,#1691,#1722,#1757,#1788,#1819,#1852,#1880,#1908,#1936,#2058,#2104,#2150,#2167,#2184,#2230,#2271,#2288,#2305,#2346,#2392,#2404,#2421,#2462,#2503,#2515,#2594,#2606)) ;
#59=VECTOR('Line Direction',#58,1.) ;
#75=VECTOR('Line Direction',#74,1.) ;
#99=VECTOR('Line Direction',#98,1.) ;
#108=VECTOR('Line Direction',#107,1.) ;
#113=VECTOR('Line Direction',#112,1.) ;
#130=VECTOR('Line Direction',#129,1.) ;
#137=VECTOR('Line Direction',#136,1.) ;
#144=VECTOR('Line Direction',#143,1.) ;
#161=VECTOR('Line Direction',#160,1.) ;
#199=VECTOR('Line Direction',#198,1.) ;
#223=VECTOR('Line Direction',#222,1.) ;
#230=VECTOR('Line Direction',#229,1.) ;
#237=VECTOR('Line Direction',#236,1.) ;
#261=VECTOR('Line Direction',#260,1.) ;
#285=VECTOR('Line Direction',#284,1.) ;
#290=VECTOR('Line Direction',#289,1.) ;
#316=VECTOR('Line Direction',#315,1.) ;
#330=VECTOR('Line Direction',#329,1.) ;
#356=VECTOR('Line Direction',#355,1.) ;
#370=VECTOR('Line Direction',#369,1.) ;
#396=VECTOR('Line Direction',#395,1.) ;
#410=VECTOR('Line Direction',#409,1.) ;
#436=VECTOR('Line Direction',#435,1.) ;
#450=VECTOR('Line Direction',#449,1.) ;
#476=VECTOR('Line Direction',#475,1.) ;
#490=VECTOR('Line Direction',#489,1.) ;
#521=VECTOR('Line Direction',#520,1.) ;
#538=VECTOR('Line Direction',#537,1.) ;
#545=VECTOR('Line Direction',#544,1.) ;
#552=VECTOR('Line Direction',#551,1.) ;
#583=VECTOR('Line Direction',#582,1.) ;
#600=VECTOR('Line Direction',#599,1.) ;
#607=VECTOR('Line Direction',#606,1.) ;
#614=VECTOR('Line Direction',#613,1.) ;
#645=VECTOR('Line Direction',#644,1.) ;
#662=VECTOR('Line Direction',#661,1.) ;
#669=VECTOR('Line Direction',#668,1.) ;
#676=VECTOR('Line Direction',#675,1.) ;
#715=VECTOR('Line Direction',#714,1.) ;
#724=VECTOR('Line Direction',#723,1.) ;
#731=VECTOR('Line Direction',#730,1.) ;
#738=VECTOR('Line Direction',#737,1.) ;
#769=VECTOR('Line Direction',#768,1.) ;
#786=VECTOR('Line Direction',#785,1.) ;
#793=VECTOR('Line Direction',#792,1.) ;
#800=VECTOR('Line Direction',#799,1.) ;
#831=VECTOR('Line Direction',#830,1.) ;
#843=VECTOR('Line Direction',#842,1.) ;
#850=VECTOR('Line Direction',#849,1.) ;
#857=VECTOR('Line Direction',#856,1.) ;
#888=VECTOR('Line Direction',#887,1.) ;
#914=VECTOR('Line Direction',#913,1.) ;
#962=VECTOR('Line Direction',#961,1.) ;
#976=VECTOR('Line Direction',#975,1.) ;
#1007=VECTOR('Line Direction',#1006,1.) ;
#1038=VECTOR('Line Direction',#1037,1.) ;
#1050=VECTOR('Line Direction',#1049,1.) ;
#1057=VECTOR('Line Direction',#1056,1.) ;
#1064=VECTOR('Line Direction',#1063,1.) ;
#1095=VECTOR('Line Direction',#1094,1.) ;
#1112=VECTOR('Line Direction',#1111,1.) ;
#1119=VECTOR('Line Direction',#1118,1.) ;
#1126=VECTOR('Line Direction',#1125,1.) ;
#1157=VECTOR('Line Direction',#1156,1.) ;
#1174=VECTOR('Line Direction',#1173,1.) ;
#1179=VECTOR('Line Direction',#1178,1.) ;
#1205=VECTOR('Line Direction',#1204,1.) ;
#1219=VECTOR('Line Direction',#1218,1.) ;
#1245=VECTOR('Line Direction',#1244,1.) ;
#1276=VECTOR('Line Direction',#1275,1.) ;
#1288=VECTOR('Line Direction',#1287,1.) ;
#1295=VECTOR('Line Direction',#1294,1.) ;
#1302=VECTOR('Line Direction',#1301,1.) ;
#1333=VECTOR('Line Direction',#1332,1.) ;
#1350=VECTOR('Line Direction',#1349,1.) ;
#1357=VECTOR('Line Direction',#1356,1.) ;
#1364=VECTOR('Line Direction',#1363,1.) ;
#1395=VECTOR('Line Direction',#1394,1.) ;
#1407=VECTOR('Line Direction',#1406,1.) ;
#1412=VECTOR('Line Direction',#1411,1.) ;
#1429=VECTOR('Line Direction',#1428,1.) ;
#1445=VECTOR('Line Direction',#1444,1.) ;
#1476=VECTOR('Line Direction',#1475,1.) ;
#1507=VECTOR('Line Direction',#1506,1.) ;
#1531=VECTOR('Line Direction',#1530,1.) ;
#1547=VECTOR('Line Direction',#1546,1.) ;
#1578=VECTOR('Line Direction',#1577,1.) ;
#1609=VECTOR('Line Direction',#1608,1.) ;
#1633=VECTOR('Line Direction',#1632,1.) ;
#1649=VECTOR('Line Direction',#1648,1.) ;
#1668=VECTOR('Line Direction',#1667,1.) ;
#1699=VECTOR('Line Direction',#1698,1.) ;
#1725=VECTOR('Line Direction',#1724,1.) ;
#1741=VECTOR('Line Direction',#1740,1.) ;
#1765=VECTOR('Line Direction',#1764,1.) ;
#1803=VECTOR('Line Direction',#1802,1.) ;
#1836=VECTOR('Line Direction',#1835,1.) ;
#1841=VECTOR('Line Direction',#1840,1.) ;
#1855=VECTOR('Line Direction',#1854,1.) ;
#1869=VECTOR('Line Direction',#1868,1.) ;
#1883=VECTOR('Line Direction',#1882,1.) ;
#1897=VECTOR('Line Direction',#1896,1.) ;
#1920=VECTOR('Line Direction',#1919,1.) ;
#1925=VECTOR('Line Direction',#1924,1.) ;
#1954=VECTOR('Line Direction',#1953,1.) ;
#1959=VECTOR('Line Direction',#1958,1.) ;
#1964=VECTOR('Line Direction',#1963,1.) ;
#1969=VECTOR('Line Direction',#1968,1.) ;
#1974=VECTOR('Line Direction',#1973,1.) ;
#1979=VECTOR('Line Direction',#1978,1.) ;
#1984=VECTOR('Line Direction',#1983,1.) ;
#1989=VECTOR('Line Direction',#1988,1.) ;
#2066=VECTOR('Line Direction',#2065,1.) ;
#2073=VECTOR('Line Direction',#2072,1.) ;
#2112=VECTOR('Line Direction',#2111,1.) ;
#2119=VECTOR('Line Direction',#2118,1.) ;
#2213=VECTOR('Line Direction',#2212,1.) ;
#2218=VECTOR('Line Direction',#2217,1.) ;
#2233=VECTOR('Line Direction',#2232,1.) ;
#2240=VECTOR('Line Direction',#2239,1.) ;
#2308=VECTOR('Line Direction',#2307,1.) ;
#2315=VECTOR('Line Direction',#2314,1.) ;
#2375=VECTOR('Line Direction',#2374,1.) ;
#2380=VECTOR('Line Direction',#2379,1.) ;
#2445=VECTOR('Line Direction',#2444,1.) ;
#2450=VECTOR('Line Direction',#2449,1.) ;
#2486=VECTOR('Line Direction',#2485,1.) ;
#2491=VECTOR('Line Direction',#2490,1.) ;
#2608=ADVANCED_BREP_SHAPE_REPRESENTATION('NONE',(#2607),#46) ;
#49=SHAPE_REPRESENTATION(' ',(#48),#46) ;
#91=ADVANCED_FACE('PartBody',(#90),#56,.T.) ;
#122=ADVANCED_FACE('PartBody',(#121),#96,.F.) ;
#153=ADVANCED_FACE('PartBody',(#152),#127,.F.) ;
#184=ADVANCED_FACE('PartBody',(#183),#158,.T.) ;
#215=ADVANCED_FACE('PartBody',(#214),#189,.T.) ;
#246=ADVANCED_FACE('PartBody',(#245),#220,.F.) ;
#277=ADVANCED_FACE('PartBody',(#276),#251,.T.) ;
#299=ADVANCED_FACE('PartBody',(#298),#282,.F.) ;
#339=ADVANCED_FACE('PartBody',(#338),#304,.F.) ;
#379=ADVANCED_FACE('PartBody',(#378),#344,.F.) ;
#419=ADVANCED_FACE('PartBody',(#418),#384,.F.) ;
#459=ADVANCED_FACE('PartBody',(#458),#424,.F.) ;
#499=ADVANCED_FACE('PartBody',(#498),#464,.T.) ;
#530=ADVANCED_FACE('PartBody',(#529),#504,.F.) ;
#561=ADVANCED_FACE('PartBody',(#560),#535,.T.) ;
#592=ADVANCED_FACE('PartBody',(#591),#566,.F.) ;
#623=ADVANCED_FACE('PartBody',(#622),#597,.T.) ;
#654=ADVANCED_FACE('PartBody',(#653),#628,.F.) ;
#685=ADVANCED_FACE('PartBody',(#684),#659,.F.) ;
#707=ADVANCED_FACE('PartBody',(#706),#690,.F.) ;
#747=ADVANCED_FACE('PartBody',(#746),#712,.T.) ;
#778=ADVANCED_FACE('PartBody',(#777),#752,.F.) ;
#809=ADVANCED_FACE('PartBody',(#808),#783,.T.) ;
#840=ADVANCED_FACE('PartBody',(#839),#814,.F.) ;
#866=ADVANCED_FACE('PartBody',(#865),#535,.T.) ;
#897=ADVANCED_FACE('PartBody',(#896),#871,.F.) ;
#923=ADVANCED_FACE('PartBody',(#922),#464,.T.) ;
#945=ADVANCED_FACE('PartBody',(#944),#928,.F.) ;
#985=ADVANCED_FACE('PartBody',(#984),#950,.F.) ;
#1016=ADVANCED_FACE('PartBody',(#1015),#990,.T.) ;
#1047=ADVANCED_FACE('PartBody',(#1046),#1021,.F.) ;
#1073=ADVANCED_FACE('PartBody',(#1072),#659,.F.) ;
#1104=ADVANCED_FACE('PartBody',(#1103),#1078,.F.) ;
#1135=ADVANCED_FACE('PartBody',(#1134),#1109,.T.) ;
#1166=ADVANCED_FACE('PartBody',(#1165),#1140,.F.) ;
#1188=ADVANCED_FACE('PartBody',(#1187),#1171,.F.) ;
#1228=ADVANCED_FACE('PartBody',(#1227),#1193,.F.) ;
#1254=ADVANCED_FACE('PartBody',(#1253),#990,.T.) ;
#1285=ADVANCED_FACE('PartBody',(#1284),#1259,.F.) ;
#1311=ADVANCED_FACE('PartBody',(#1310),#1171,.F.) ;
#1342=ADVANCED_FACE('PartBody',(#1341),#1316,.F.) ;
#1373=ADVANCED_FACE('PartBody',(#1372),#1347,.T.) ;
#1404=ADVANCED_FACE('PartBody',(#1403),#1378,.F.) ;
#1421=ADVANCED_FACE('PartBody',(#1420),#712,.T.) ;
#1461=ADVANCED_FACE('PartBody',(#1460),#1426,.T.) ;
#1492=ADVANCED_FACE('PartBody',(#1491),#1466,.F.) ;
#1523=ADVANCED_FACE('PartBody',(#1522),#1497,.T.) ;
#1563=ADVANCED_FACE('PartBody',(#1562),#1528,.T.) ;
#1594=ADVANCED_FACE('PartBody',(#1593),#1568,.F.) ;
#1625=ADVANCED_FACE('PartBody',(#1624),#1599,.T.) ;
#1665=ADVANCED_FACE('PartBody',(#1664),#1630,.T.) ;
#1691=ADVANCED_FACE('PartBody',(#1690),#1568,.F.) ;
#1722=ADVANCED_FACE('PartBody',(#1721),#1696,.T.) ;
#1757=ADVANCED_FACE('PartBody',(#1756),#1466,.F.) ;
#1788=ADVANCED_FACE('PartBody',(#1787),#1762,.T.) ;
#1819=ADVANCED_FACE('PartBody',(#1818),#1793,.T.) ;
#1852=ADVANCED_FACE('PartBody',(#1851),#1824,.T.) ;
#1880=ADVANCED_FACE('PartBody',(#1879),#1824,.T.) ;
#1908=ADVANCED_FACE('PartBody',(#1907),#1824,.T.) ;
#1936=ADVANCED_FACE('PartBody',(#1935),#1824,.T.) ;
#2058=ADVANCED_FACE('PartBody',(#1951,#2017,#2027,#2037,#2047,#2057),#1941,.F.) ;
#2104=ADVANCED_FACE('PartBody',(#2103),#2063,.F.) ;
#2150=ADVANCED_FACE('PartBody',(#2149),#2109,.F.) ;
#2167=ADVANCED_FACE('PartBody',(#2166),#2155,.T.) ;
#2184=ADVANCED_FACE('PartBody',(#2183),#2172,.F.) ;
#2230=ADVANCED_FACE('PartBody',(#2229),#2189,.T.) ;
#2271=ADVANCED_FACE('PartBody',(#2270),#2063,.F.) ;
#2288=ADVANCED_FACE('PartBody',(#2287),#2276,.T.) ;
#2305=ADVANCED_FACE('PartBody',(#2304),#2293,.F.) ;
#2346=ADVANCED_FACE('PartBody',(#2345),#2109,.F.) ;
#2392=ADVANCED_FACE('PartBody',(#2391),#2351,.T.) ;
#2404=ADVANCED_FACE('PartBody',(#2403),#2155,.T.) ;
#2421=ADVANCED_FACE('PartBody',(#2420),#2409,.F.) ;
#2462=ADVANCED_FACE('PartBody',(#2461),#2351,.T.) ;
#2503=ADVANCED_FACE('PartBody',(#2502),#2189,.T.) ;
#2515=ADVANCED_FACE('PartBody',(#2514),#2276,.T.) ;
#2594=ADVANCED_FACE('PartBody',(#2530,#2553,#2563,#2573,#2583,#2593),#2520,.T.) ;
#2606=ADVANCED_FACE('PartBody',(#2605),#2599,.F.) ;
#4=APPLICATION_PROTOCOL_DEFINITION('international standard','config_control_design',1994,#1) ;
#32=APPROVAL_DATE_TIME(#13,#21) ;
#2078=B_SPLINE_CURVE_WITH_KNOTS('',5,(#2079,#2080,#2081,#2082,#2083,#2084,#2085,#2086,#2087,#2088,#2089,#2090,#2091,#2092,#2093),.UNSPECIFIED.,.F.,.U.,(6,3,3,3,6),(0.,2.67686203895,5.35692230153,8.03745794061,8.88771339544),.UNSPECIFIED.) ;
#2124=B_SPLINE_CURVE_WITH_KNOTS('',5,(#2125,#2126,#2127,#2128,#2129,#2130,#2131,#2132,#2133,#2134,#2135,#2136,#2137,#2138,#2139),.UNSPECIFIED.,.F.,.U.,(6,3,3,3,6),(0.,2.67686203905,5.35692230158,8.03745794073,8.88771339556),.UNSPECIFIED.) ;
#2190=B_SPLINE_CURVE_WITH_KNOTS('',5,(#2191,#2192,#2193,#2194,#2195,#2196,#2197,#2198,#2199,#2200,#2201,#2202,#2203,#2204,#2205),.UNSPECIFIED.,.F.,.U.,(6,3,3,3,6),(0.,2.67686203923,5.35692230187,8.03745794102,8.88771339584),.UNSPECIFIED.) ;
#2245=B_SPLINE_CURVE_WITH_KNOTS('',5,(#2246,#2247,#2248,#2249,#2250,#2251,#2252,#2253,#2254,#2255,#2256,#2257,#2258,#2259,#2260),.UNSPECIFIED.,.F.,.U.,(6,3,3,3,6),(0.,2.676862039,5.3569223018,8.03745794097,8.88771339579),.UNSPECIFIED.) ;
#2320=B_SPLINE_CURVE_WITH_KNOTS('',5,(#2321,#2322,#2323,#2324,#2325,#2326,#2327,#2328,#2329,#2330,#2331,#2332,#2333,#2334,#2335),.UNSPECIFIED.,.F.,.U.,(6,3,3,3,6),(0.,2.67686203906,5.35692230176,8.03745794085,8.88771339567),.UNSPECIFIED.) ;
#2352=B_SPLINE_CURVE_WITH_KNOTS('',5,(#2353,#2354,#2355,#2356,#2357,#2358,#2359,#2360,#2361,#2362,#2363,#2364,#2365,#2366,#2367),.UNSPECIFIED.,.F.,.U.,(6,3,3,3,6),(0.,2.67686203909,5.35692230163,8.03745794077,8.88771339559),.UNSPECIFIED.) ;
#2422=B_SPLINE_CURVE_WITH_KNOTS('',5,(#2423,#2424,#2425,#2426,#2427,#2428,#2429,#2430,#2431,#2432,#2433,#2434,#2435,#2436,#2437),.UNSPECIFIED.,.F.,.U.,(6,3,3,3,6),(0.,2.67686203909,5.35692230175,8.03745794087,8.8877133957),.UNSPECIFIED.) ;
#2463=B_SPLINE_CURVE_WITH_KNOTS('',5,(#2464,#2465,#2466,#2467,#2468,#2469,#2470,#2471,#2472,#2473,#2474,#2475,#2476,#2477,#2478),.UNSPECIFIED.,.F.,.U.,(6,3,3,3,6),(0.,2.67686203899,5.35692230156,8.03745794061,8.88771339544),.UNSPECIFIED.) ;
#2607=MANIFOLD_SOLID_BREP('PartBody',#51) ;
#11=CALENDAR_DATE(2026,28,1) ;
#30=CC_DESIGN_APPROVAL(#21,(#16,#6,#14)) ;
#18=CC_DESIGN_DATE_AND_TIME_ASSIGNMENT(#13,#17,(#16)) ;
#29=CC_DESIGN_DATE_AND_TIME_ASSIGNMENT(#13,#28,(#14)) ;
#17=DATE_TIME_ROLE('classification_date') ;
#28=DATE_TIME_ROLE('creation_date') ;
#27=CC_DESIGN_PERSON_AND_ORGANIZATION_ASSIGNMENT(#25,#26,(#16)) ;
#33=CC_DESIGN_PERSON_AND_ORGANIZATION_ASSIGNMENT(#25,#34,(#6)) ;
#35=CC_DESIGN_PERSON_AND_ORGANIZATION_ASSIGNMENT(#25,#36,(#6,#14)) ;
#37=CC_DESIGN_PERSON_AND_ORGANIZATION_ASSIGNMENT(#25,#38,(#5)) ;
#26=PERSON_AND_ORGANIZATION_ROLE('classification_officer') ;
#34=PERSON_AND_ORGANIZATION_ROLE('design_supplier') ;
#36=PERSON_AND_ORGANIZATION_ROLE('creator') ;
#38=PERSON_AND_ORGANIZATION_ROLE('design_owner') ;
#39=CC_DESIGN_SECURITY_CLASSIFICATION(#16,(#6)) ;
#69=CIRCLE('generated circle',#68,10.) ;
#83=CIRCLE('generated circle',#82,10.) ;
#171=CIRCLE('generated circle',#170,10.) ;
#176=CIRCLE('generated circle',#175,10.) ;
#193=CIRCLE('generated circle',#192,10.) ;
#207=CIRCLE('generated circle',#206,10.) ;
#255=CIRCLE('generated circle',#254,10.) ;
#269=CIRCLE('generated circle',#268,10.) ;
#308=CIRCLE('generated circle',#307,1.55) ;
#324=CIRCLE('generated circle',#323,1.55) ;
#348=CIRCLE('generated circle',#347,1.55) ;
#364=CIRCLE('generated circle',#363,1.55) ;
#388=CIRCLE('generated circle',#387,1.55) ;
#404=CIRCLE('generated circle',#403,1.55) ;
#428=CIRCLE('generated circle',#427,1.55) ;
#444=CIRCLE('generated circle',#443,1.55) ;
#468=CIRCLE('generated circle',#467,55.) ;
#484=CIRCLE('generated circle',#483,55.) ;
#508=CIRCLE('generated circle',#507,4.) ;
#515=CIRCLE('generated circle',#514,4.) ;
#570=CIRCLE('generated circle',#569,4.) ;
#577=CIRCLE('generated circle',#576,4.) ;
#632=CIRCLE('generated circle',#631,4.) ;
#639=CIRCLE('generated circle',#638,4.) ;
#694=CIRCLE('generated circle',#693,4.) ;
#699=CIRCLE('generated circle',#698,4.) ;
#756=CIRCLE('generated circle',#755,4.) ;
#763=CIRCLE('generated circle',#762,4.) ;
#818=CIRCLE('generated circle',#817,4.) ;
#825=CIRCLE('generated circle',#824,4.) ;
#875=CIRCLE('generated circle',#874,4.) ;
#882=CIRCLE('generated circle',#881,4.) ;
#901=CIRCLE('generated circle',#900,55.) ;
#908=CIRCLE('generated circle',#907,55.) ;
#932=CIRCLE('generated circle',#931,4.) ;
#937=CIRCLE('generated circle',#936,4.) ;
#954=CIRCLE('generated circle',#953,4.) ;
#970=CIRCLE('generated circle',#969,4.) ;
#994=CIRCLE('generated circle',#993,55.) ;
#1001=CIRCLE('generated circle',#1000,55.) ;
#1025=CIRCLE('generated circle',#1024,4.) ;
#1032=CIRCLE('generated circle',#1031,4.) ;
#1082=CIRCLE('generated circle',#1081,4.) ;
#1089=CIRCLE('generated circle',#1088,4.) ;
#1144=CIRCLE('generated circle',#1143,4.) ;
#1151=CIRCLE('generated circle',#1150,4.) ;
#1197=CIRCLE('generated circle',#1196,4.) ;
#1213=CIRCLE('generated circle',#1212,4.) ;
#1232=CIRCLE('generated circle',#1231,55.) ;
#1239=CIRCLE('generated circle',#1238,55.) ;
#1263=CIRCLE('generated circle',#1262,4.) ;
#1270=CIRCLE('generated circle',#1269,4.) ;
#1320=CIRCLE('generated circle',#1319,4.) ;
#1327=CIRCLE('generated circle',#1326,4.) ;
#1382=CIRCLE('generated circle',#1381,4.) ;
#1389=CIRCLE('generated circle',#1388,4.) ;
#1439=CIRCLE('generated circle',#1438,4.) ;
#1453=CIRCLE('generated circle',#1452,4.) ;
#1470=CIRCLE('generated circle',#1469,42.) ;
#1484=CIRCLE('generated circle',#1483,42.) ;
#1501=CIRCLE('generated circle',#1500,4.) ;
#1515=CIRCLE('generated circle',#1514,4.) ;
#1541=CIRCLE('generated circle',#1540,4.) ;
#1555=CIRCLE('generated circle',#1554,4.) ;
#1572=CIRCLE('generated circle',#1571,42.) ;
#1586=CIRCLE('generated circle',#1585,42.) ;
#1603=CIRCLE('generated circle',#1602,4.) ;
#1617=CIRCLE('generated circle',#1616,4.) ;
#1643=CIRCLE('generated circle',#1642,4.) ;
#1657=CIRCLE('generated circle',#1656,4.) ;
#1678=CIRCLE('generated circle',#1677,42.) ;
#1683=CIRCLE('generated circle',#1682,42.) ;
#1709=CIRCLE('generated circle',#1708,4.) ;
#1714=CIRCLE('generated circle',#1713,4.) ;
#1735=CIRCLE('generated circle',#1734,42.) ;
#1749=CIRCLE('generated circle',#1748,42.) ;
#1775=CIRCLE('generated circle',#1774,4.) ;
#1780=CIRCLE('generated circle',#1779,4.) ;
#1797=CIRCLE('generated circle',#1796,4.) ;
#1811=CIRCLE('generated circle',#1810,4.) ;
#1828=CIRCLE('generated circle',#1827,50.) ;
#1863=CIRCLE('generated circle',#1862,50.) ;
#1891=CIRCLE('generated circle',#1890,50.) ;
#1912=CIRCLE('generated circle',#1911,50.) ;
#2159=CIRCLE('generated circle',#2158,50.) ;
#2176=CIRCLE('generated circle',#2175,54.) ;
#2280=CIRCLE('generated circle',#2279,50.) ;
#2297=CIRCLE('generated circle',#2296,54.) ;
#2396=CIRCLE('generated circle',#2395,50.) ;
#2413=CIRCLE('generated circle',#2412,54.) ;
#2507=CIRCLE('generated circle',#2506,50.) ;
#2534=CIRCLE('generated circle',#2533,54.) ;
#2609=SHAPE_REPRESENTATION_RELATIONSHIP(' ',' ',#49,#2608) ;
#56=CYLINDRICAL_SURFACE('generated cylinder',#55,10.) ;
#158=CYLINDRICAL_SURFACE('generated cylinder',#157,10.) ;
#189=CYLINDRICAL_SURFACE('generated cylinder',#188,10.) ;
#251=CYLINDRICAL_SURFACE('generated cylinder',#250,10.) ;
#304=CYLINDRICAL_SURFACE('generated cylinder',#303,1.55) ;
#344=CYLINDRICAL_SURFACE('generated cylinder',#343,1.55) ;
#384=CYLINDRICAL_SURFACE('generated cylinder',#383,1.55) ;
#424=CYLINDRICAL_SURFACE('generated cylinder',#423,1.55) ;
#464=CYLINDRICAL_SURFACE('generated cylinder',#463,55.) ;
#504=CYLINDRICAL_SURFACE('generated cylinder',#503,4.) ;
#566=CYLINDRICAL_SURFACE('generated cylinder',#565,4.) ;
#628=CYLINDRICAL_SURFACE('generated cylinder',#627,4.) ;
#690=CYLINDRICAL_SURFACE('generated cylinder',#689,4.) ;
#752=CYLINDRICAL_SURFACE('generated cylinder',#751,4.) ;
#814=CYLINDRICAL_SURFACE('generated cylinder',#813,4.) ;
#871=CYLINDRICAL_SURFACE('generated cylinder',#870,4.) ;
#928=CYLINDRICAL_SURFACE('generated cylinder',#927,4.) ;
#950=CYLINDRICAL_SURFACE('generated cylinder',#949,4.) ;
#990=CYLINDRICAL_SURFACE('generated cylinder',#989,55.) ;
#1021=CYLINDRICAL_SURFACE('generated cylinder',#1020,4.) ;
#1078=CYLINDRICAL_SURFACE('generated cylinder',#1077,4.) ;
#1140=CYLINDRICAL_SURFACE('generated cylinder',#1139,4.) ;
#1193=CYLINDRICAL_SURFACE('generated cylinder',#1192,4.) ;
#1259=CYLINDRICAL_SURFACE('generated cylinder',#1258,4.) ;
#1316=CYLINDRICAL_SURFACE('generated cylinder',#1315,4.) ;
#1378=CYLINDRICAL_SURFACE('generated cylinder',#1377,4.) ;
#1426=CYLINDRICAL_SURFACE('generated cylinder',#1425,4.) ;
#1466=CYLINDRICAL_SURFACE('generated cylinder',#1465,42.) ;
#1497=CYLINDRICAL_SURFACE('generated cylinder',#1496,4.) ;
#1528=CYLINDRICAL_SURFACE('generated cylinder',#1527,4.) ;
#1568=CYLINDRICAL_SURFACE('generated cylinder',#1567,42.) ;
#1599=CYLINDRICAL_SURFACE('generated cylinder',#1598,4.) ;
#1630=CYLINDRICAL_SURFACE('generated cylinder',#1629,4.) ;
#1696=CYLINDRICAL_SURFACE('generated cylinder',#1695,4.) ;
#1762=CYLINDRICAL_SURFACE('generated cylinder',#1761,4.) ;
#1793=CYLINDRICAL_SURFACE('generated cylinder',#1792,4.) ;
#2155=CYLINDRICAL_SURFACE('generated cylinder',#2154,50.) ;
#2276=CYLINDRICAL_SURFACE('generated cylinder',#2275,50.) ;
#2172=TOROIDAL_SURFACE('homeo Torus',#2171,54.,4.) ;
#2293=TOROIDAL_SURFACE('homeo Torus',#2292,54.,4.) ;
#2409=TOROIDAL_SURFACE('homeo Torus',#2408,54.,4.) ;
#2599=TOROIDAL_SURFACE('homeo Torus',#2598,54.,4.) ;
#3=DESIGN_CONTEXT(' ',#1,'design') ;
#65=EDGE_CURVE('',#62,#64,#60,.T.) ;
#72=EDGE_CURVE('',#62,#71,#69,.T.) ;
#79=EDGE_CURVE('',#71,#78,#76,.T.) ;
#84=EDGE_CURVE('',#64,#78,#83,.T.) ;
#105=EDGE_CURVE('',#102,#104,#100,.T.) ;
#110=EDGE_CURVE('',#102,#62,#109,.F.) ;
#115=EDGE_CURVE('',#104,#64,#114,.F.) ;
#134=EDGE_CURVE('',#71,#133,#131,.F.) ;
#141=EDGE_CURVE('',#133,#140,#138,.T.) ;
#146=EDGE_CURVE('',#78,#140,#145,.F.) ;
#167=EDGE_CURVE('',#164,#166,#162,.T.) ;
#172=EDGE_CURVE('',#164,#102,#171,.T.) ;
#177=EDGE_CURVE('',#166,#104,#176,.T.) ;
#196=EDGE_CURVE('',#133,#195,#193,.T.) ;
#203=EDGE_CURVE('',#195,#202,#200,.T.) ;
#208=EDGE_CURVE('',#140,#202,#207,.T.) ;
#227=EDGE_CURVE('',#195,#226,#224,.F.) ;
#234=EDGE_CURVE('',#226,#233,#231,.T.) ;
#239=EDGE_CURVE('',#202,#233,#238,.F.) ;
#258=EDGE_CURVE('',#226,#257,#255,.T.) ;
#265=EDGE_CURVE('',#257,#264,#262,.T.) ;
#270=EDGE_CURVE('',#233,#264,#269,.T.) ;
#287=EDGE_CURVE('',#257,#164,#286,.F.) ;
#292=EDGE_CURVE('',#264,#166,#291,.F.) ;
#313=EDGE_CURVE('',#310,#312,#308,.T.) ;
#320=EDGE_CURVE('',#319,#312,#317,.T.) ;
#327=EDGE_CURVE('',#326,#319,#324,.T.) ;
#332=EDGE_CURVE('',#326,#310,#331,.T.) ;
#353=EDGE_CURVE('',#350,#352,#348,.T.) ;
#360=EDGE_CURVE('',#359,#352,#357,.T.) ;
#367=EDGE_CURVE('',#366,#359,#364,.T.) ;
#372=EDGE_CURVE('',#366,#350,#371,.T.) ;
#393=EDGE_CURVE('',#390,#392,#388,.T.) ;
#400=EDGE_CURVE('',#399,#392,#397,.T.) ;
#407=EDGE_CURVE('',#406,#399,#404,.T.) ;
#412=EDGE_CURVE('',#406,#390,#411,.T.) ;
#433=EDGE_CURVE('',#430,#432,#428,.T.) ;
#440=EDGE_CURVE('',#439,#432,#437,.T.) ;
#447=EDGE_CURVE('',#446,#439,#444,.T.) ;
#452=EDGE_CURVE('',#446,#430,#451,.T.) ;
#473=EDGE_CURVE('',#470,#472,#468,.F.) ;
#480=EDGE_CURVE('',#479,#472,#477,.T.) ;
#487=EDGE_CURVE('',#486,#479,#484,.F.) ;
#492=EDGE_CURVE('',#486,#470,#491,.T.) ;
#511=EDGE_CURVE('',#510,#470,#508,.T.) ;
#518=EDGE_CURVE('',#517,#486,#515,.T.) ;
#523=EDGE_CURVE('',#517,#510,#522,.T.) ;
#542=EDGE_CURVE('',#541,#510,#539,.F.) ;
#549=EDGE_CURVE('',#548,#517,#546,.F.) ;
#554=EDGE_CURVE('',#548,#541,#553,.T.) ;
#573=EDGE_CURVE('',#572,#541,#570,.T.) ;
#580=EDGE_CURVE('',#579,#548,#577,.T.) ;
#585=EDGE_CURVE('',#579,#572,#584,.T.) ;
#604=EDGE_CURVE('',#603,#572,#601,.F.) ;
#611=EDGE_CURVE('',#610,#579,#608,.F.) ;
#616=EDGE_CURVE('',#610,#603,#615,.T.) ;
#635=EDGE_CURVE('',#634,#603,#632,.T.) ;
#642=EDGE_CURVE('',#641,#610,#639,.T.) ;
#647=EDGE_CURVE('',#641,#634,#646,.T.) ;
#666=EDGE_CURVE('',#665,#634,#663,.T.) ;
#673=EDGE_CURVE('',#672,#641,#670,.T.) ;
#678=EDGE_CURVE('',#672,#665,#677,.T.) ;
#695=EDGE_CURVE('',#472,#665,#694,.T.) ;
#700=EDGE_CURVE('',#479,#672,#699,.T.) ;
#721=EDGE_CURVE('',#718,#720,#716,.F.) ;
#728=EDGE_CURVE('',#727,#720,#725,.T.) ;
#735=EDGE_CURVE('',#734,#727,#732,.F.) ;
#740=EDGE_CURVE('',#734,#718,#739,.T.) ;
#759=EDGE_CURVE('',#758,#718,#756,.T.) ;
#766=EDGE_CURVE('',#765,#734,#763,.T.) ;
#771=EDGE_CURVE('',#765,#758,#770,.T.) ;
#790=EDGE_CURVE('',#789,#758,#787,.F.) ;
#797=EDGE_CURVE('',#796,#765,#794,.F.) ;
#802=EDGE_CURVE('',#796,#789,#801,.T.) ;
#821=EDGE_CURVE('',#820,#789,#818,.T.) ;
#828=EDGE_CURVE('',#827,#796,#825,.T.) ;
#833=EDGE_CURVE('',#827,#820,#832,.T.) ;
#847=EDGE_CURVE('',#846,#820,#844,.T.) ;
#854=EDGE_CURVE('',#853,#827,#851,.T.) ;
#859=EDGE_CURVE('',#853,#846,#858,.T.) ;
#878=EDGE_CURVE('',#877,#846,#875,.T.) ;
#885=EDGE_CURVE('',#884,#853,#882,.T.) ;
#890=EDGE_CURVE('',#884,#877,#889,.T.) ;
#904=EDGE_CURVE('',#903,#877,#901,.F.) ;
#911=EDGE_CURVE('',#910,#884,#908,.F.) ;
#916=EDGE_CURVE('',#910,#903,#915,.T.) ;
#933=EDGE_CURVE('',#720,#903,#932,.T.) ;
#938=EDGE_CURVE('',#727,#910,#937,.T.) ;
#959=EDGE_CURVE('',#956,#958,#954,.T.) ;
#966=EDGE_CURVE('',#965,#958,#963,.T.) ;
#973=EDGE_CURVE('',#972,#965,#970,.T.) ;
#978=EDGE_CURVE('',#972,#956,#977,.T.) ;
#997=EDGE_CURVE('',#996,#956,#994,.F.) ;
#1004=EDGE_CURVE('',#1003,#972,#1001,.F.) ;
#1009=EDGE_CURVE('',#1003,#996,#1008,.T.) ;
#1028=EDGE_CURVE('',#1027,#996,#1025,.T.) ;
#1035=EDGE_CURVE('',#1034,#1003,#1032,.T.) ;
#1040=EDGE_CURVE('',#1034,#1027,#1039,.T.) ;
#1054=EDGE_CURVE('',#1053,#1027,#1051,.F.) ;
#1061=EDGE_CURVE('',#1060,#1034,#1058,.F.) ;
#1066=EDGE_CURVE('',#1060,#1053,#1065,.T.) ;
#1085=EDGE_CURVE('',#1084,#1053,#1082,.T.) ;
#1092=EDGE_CURVE('',#1091,#1060,#1089,.T.) ;
#1097=EDGE_CURVE('',#1091,#1084,#1096,.T.) ;
#1116=EDGE_CURVE('',#1115,#1084,#1113,.F.) ;
#1123=EDGE_CURVE('',#1122,#1091,#1120,.F.) ;
#1128=EDGE_CURVE('',#1122,#1115,#1127,.T.) ;
#1147=EDGE_CURVE('',#1146,#1115,#1144,.T.) ;
#1154=EDGE_CURVE('',#1153,#1122,#1151,.T.) ;
#1159=EDGE_CURVE('',#1153,#1146,#1158,.T.) ;
#1176=EDGE_CURVE('',#958,#1146,#1175,.T.) ;
#1181=EDGE_CURVE('',#965,#1153,#1180,.T.) ;
#1202=EDGE_CURVE('',#1199,#1201,#1197,.T.) ;
#1209=EDGE_CURVE('',#1208,#1201,#1206,.T.) ;
#1216=EDGE_CURVE('',#1215,#1208,#1213,.T.) ;
#1221=EDGE_CURVE('',#1215,#1199,#1220,.T.) ;
#1235=EDGE_CURVE('',#1234,#1199,#1232,.F.) ;
#1242=EDGE_CURVE('',#1241,#1215,#1239,.F.) ;
#1247=EDGE_CURVE('',#1241,#1234,#1246,.T.) ;
#1266=EDGE_CURVE('',#1265,#1234,#1263,.T.) ;
#1273=EDGE_CURVE('',#1272,#1241,#1270,.T.) ;
#1278=EDGE_CURVE('',#1272,#1265,#1277,.T.) ;
#1292=EDGE_CURVE('',#1291,#1265,#1289,.F.) ;
#1299=EDGE_CURVE('',#1298,#1272,#1296,.F.) ;
#1304=EDGE_CURVE('',#1298,#1291,#1303,.T.) ;
#1323=EDGE_CURVE('',#1322,#1291,#1320,.T.) ;
#1330=EDGE_CURVE('',#1329,#1298,#1327,.T.) ;
#1335=EDGE_CURVE('',#1329,#1322,#1334,.T.) ;
#1354=EDGE_CURVE('',#1353,#1322,#1351,.F.) ;
#1361=EDGE_CURVE('',#1360,#1329,#1358,.F.) ;
#1366=EDGE_CURVE('',#1360,#1353,#1365,.T.) ;
#1385=EDGE_CURVE('',#1384,#1353,#1382,.T.) ;
#1392=EDGE_CURVE('',#1391,#1360,#1389,.T.) ;
#1397=EDGE_CURVE('',#1391,#1384,#1396,.T.) ;
#1409=EDGE_CURVE('',#1201,#1384,#1408,.T.) ;
#1414=EDGE_CURVE('',#1208,#1391,#1413,.T.) ;
#1435=EDGE_CURVE('',#1432,#1434,#1430,.T.) ;
#1442=EDGE_CURVE('',#1441,#1432,#1439,.F.) ;
#1449=EDGE_CURVE('',#1441,#1448,#1446,.T.) ;
#1454=EDGE_CURVE('',#1434,#1448,#1453,.T.) ;
#1473=EDGE_CURVE('',#1472,#1441,#1470,.T.) ;
#1480=EDGE_CURVE('',#1472,#1479,#1477,.T.) ;
#1485=EDGE_CURVE('',#1448,#1479,#1484,.F.) ;
#1504=EDGE_CURVE('',#1503,#1472,#1501,.F.) ;
#1511=EDGE_CURVE('',#1503,#1510,#1508,.T.) ;
#1516=EDGE_CURVE('',#1479,#1510,#1515,.T.) ;
#1537=EDGE_CURVE('',#1534,#1536,#1532,.T.) ;
#1544=EDGE_CURVE('',#1543,#1534,#1541,.F.) ;
#1551=EDGE_CURVE('',#1543,#1550,#1548,.T.) ;
#1556=EDGE_CURVE('',#1536,#1550,#1555,.T.) ;
#1575=EDGE_CURVE('',#1574,#1543,#1572,.T.) ;
#1582=EDGE_CURVE('',#1574,#1581,#1579,.T.) ;
#1587=EDGE_CURVE('',#1550,#1581,#1586,.F.) ;
#1606=EDGE_CURVE('',#1605,#1574,#1603,.F.) ;
#1613=EDGE_CURVE('',#1605,#1612,#1610,.T.) ;
#1618=EDGE_CURVE('',#1581,#1612,#1617,.T.) ;
#1639=EDGE_CURVE('',#1636,#1638,#1634,.T.) ;
#1646=EDGE_CURVE('',#1645,#1636,#1643,.F.) ;
#1653=EDGE_CURVE('',#1645,#1652,#1650,.T.) ;
#1658=EDGE_CURVE('',#1638,#1652,#1657,.T.) ;
#1674=EDGE_CURVE('',#1671,#1673,#1669,.T.) ;
#1679=EDGE_CURVE('',#1636,#1671,#1678,.T.) ;
#1684=EDGE_CURVE('',#1673,#1638,#1683,.F.) ;
#1705=EDGE_CURVE('',#1702,#1704,#1700,.T.) ;
#1710=EDGE_CURVE('',#1671,#1702,#1709,.F.) ;
#1715=EDGE_CURVE('',#1704,#1673,#1714,.T.) ;
#1731=EDGE_CURVE('',#1728,#1730,#1726,.T.) ;
#1738=EDGE_CURVE('',#1737,#1728,#1735,.T.) ;
#1745=EDGE_CURVE('',#1737,#1744,#1742,.T.) ;
#1750=EDGE_CURVE('',#1730,#1744,#1749,.F.) ;
#1771=EDGE_CURVE('',#1768,#1770,#1766,.T.) ;
#1776=EDGE_CURVE('',#1728,#1768,#1775,.F.) ;
#1781=EDGE_CURVE('',#1770,#1730,#1780,.T.) ;
#1800=EDGE_CURVE('',#1799,#1737,#1797,.F.) ;
#1807=EDGE_CURVE('',#1799,#1806,#1804,.T.) ;
#1812=EDGE_CURVE('',#1744,#1806,#1811,.T.) ;
#1833=EDGE_CURVE('',#1830,#1832,#1828,.T.) ;
#1838=EDGE_CURVE('',#1832,#1770,#1837,.F.) ;
#1843=EDGE_CURVE('',#1806,#1830,#1842,.F.) ;
#1859=EDGE_CURVE('',#1652,#1858,#1856,.F.) ;
#1866=EDGE_CURVE('',#1858,#1865,#1863,.T.) ;
#1871=EDGE_CURVE('',#1865,#1704,#1870,.F.) ;
#1887=EDGE_CURVE('',#1612,#1886,#1884,.F.) ;
#1894=EDGE_CURVE('',#1886,#1893,#1891,.T.) ;
#1899=EDGE_CURVE('',#1893,#1536,#1898,.F.) ;
#1917=EDGE_CURVE('',#1914,#1916,#1912,.T.) ;
#1922=EDGE_CURVE('',#1916,#1434,#1921,.F.) ;
#1927=EDGE_CURVE('',#1510,#1914,#1926,.F.) ;
#1956=EDGE_CURVE('',#1534,#446,#1955,.T.) ;
#1961=EDGE_CURVE('',#439,#1799,#1960,.F.) ;
#1966=EDGE_CURVE('',#1768,#406,#1965,.T.) ;
#1971=EDGE_CURVE('',#399,#1503,#1970,.F.) ;
#1976=EDGE_CURVE('',#1432,#366,#1975,.T.) ;
#1981=EDGE_CURVE('',#359,#1645,#1980,.F.) ;
#1986=EDGE_CURVE('',#1702,#326,#1985,.T.) ;
#1991=EDGE_CURVE('',#319,#1605,#1990,.F.) ;
#2070=EDGE_CURVE('',#2069,#1886,#2067,.T.) ;
#2077=EDGE_CURVE('',#312,#2076,#2074,.F.) ;
#2094=EDGE_CURVE('',#2076,#2069,#2078,.F.) ;
#2116=EDGE_CURVE('',#2115,#430,#2113,.T.) ;
#2123=EDGE_CURVE('',#2122,#1893,#2120,.T.) ;
#2140=EDGE_CURVE('',#2122,#2115,#2124,.T.) ;
#2160=EDGE_CURVE('',#2122,#2069,#2159,.F.) ;
#2177=EDGE_CURVE('',#2115,#2076,#2176,.F.) ;
#2210=EDGE_CURVE('',#2207,#2209,#2190,.F.) ;
#2215=EDGE_CURVE('',#2209,#1830,#2214,.T.) ;
#2220=EDGE_CURVE('',#432,#2207,#2219,.F.) ;
#2237=EDGE_CURVE('',#2236,#390,#2234,.T.) ;
#2244=EDGE_CURVE('',#2243,#1832,#2241,.T.) ;
#2261=EDGE_CURVE('',#2243,#2236,#2245,.T.) ;
#2281=EDGE_CURVE('',#2243,#2209,#2280,.F.) ;
#2298=EDGE_CURVE('',#2236,#2207,#2297,.F.) ;
#2312=EDGE_CURVE('',#2311,#1858,#2309,.T.) ;
#2319=EDGE_CURVE('',#352,#2318,#2316,.F.) ;
#2336=EDGE_CURVE('',#2318,#2311,#2320,.F.) ;
#2372=EDGE_CURVE('',#2369,#2371,#2352,.T.) ;
#2377=EDGE_CURVE('',#2371,#310,#2376,.T.) ;
#2382=EDGE_CURVE('',#2369,#1865,#2381,.T.) ;
#2397=EDGE_CURVE('',#2369,#2311,#2396,.F.) ;
#2414=EDGE_CURVE('',#2371,#2318,#2413,.F.) ;
#2442=EDGE_CURVE('',#2439,#2441,#2422,.F.) ;
#2447=EDGE_CURVE('',#2441,#1914,#2446,.T.) ;
#2452=EDGE_CURVE('',#392,#2439,#2451,.F.) ;
#2483=EDGE_CURVE('',#2480,#2482,#2463,.T.) ;
#2488=EDGE_CURVE('',#2482,#350,#2487,.T.) ;
#2493=EDGE_CURVE('',#2480,#1916,#2492,.T.) ;
#2508=EDGE_CURVE('',#2480,#2441,#2507,.F.) ;
#2535=EDGE_CURVE('',#2482,#2439,#2534,.F.) ;
#85=EDGE_LOOP('',(#86,#87,#88,#89)) ;
#116=EDGE_LOOP('',(#117,#118,#119,#120)) ;
#147=EDGE_LOOP('',(#148,#149,#150,#151)) ;
#178=EDGE_LOOP('',(#179,#180,#181,#182)) ;
#209=EDGE_LOOP('',(#210,#211,#212,#213)) ;
#240=EDGE_LOOP('',(#241,#242,#243,#244)) ;
#271=EDGE_LOOP('',(#272,#273,#274,#275)) ;
#293=EDGE_LOOP('',(#294,#295,#296,#297)) ;
#333=EDGE_LOOP('',(#334,#335,#336,#337)) ;
#373=EDGE_LOOP('',(#374,#375,#376,#377)) ;
#413=EDGE_LOOP('',(#414,#415,#416,#417)) ;
#453=EDGE_LOOP('',(#454,#455,#456,#457)) ;
#493=EDGE_LOOP('',(#494,#495,#496,#497)) ;
#524=EDGE_LOOP('',(#525,#526,#527,#528)) ;
#555=EDGE_LOOP('',(#556,#557,#558,#559)) ;
#586=EDGE_LOOP('',(#587,#588,#589,#590)) ;
#617=EDGE_LOOP('',(#618,#619,#620,#621)) ;
#648=EDGE_LOOP('',(#649,#650,#651,#652)) ;
#679=EDGE_LOOP('',(#680,#681,#682,#683)) ;
#701=EDGE_LOOP('',(#702,#703,#704,#705)) ;
#741=EDGE_LOOP('',(#742,#743,#744,#745)) ;
#772=EDGE_LOOP('',(#773,#774,#775,#776)) ;
#803=EDGE_LOOP('',(#804,#805,#806,#807)) ;
#834=EDGE_LOOP('',(#835,#836,#837,#838)) ;
#860=EDGE_LOOP('',(#861,#862,#863,#864)) ;
#891=EDGE_LOOP('',(#892,#893,#894,#895)) ;
#917=EDGE_LOOP('',(#918,#919,#920,#921)) ;
#939=EDGE_LOOP('',(#940,#941,#942,#943)) ;
#979=EDGE_LOOP('',(#980,#981,#982,#983)) ;
#1010=EDGE_LOOP('',(#1011,#1012,#1013,#1014)) ;
#1041=EDGE_LOOP('',(#1042,#1043,#1044,#1045)) ;
#1067=EDGE_LOOP('',(#1068,#1069,#1070,#1071)) ;
#1098=EDGE_LOOP('',(#1099,#1100,#1101,#1102)) ;
#1129=EDGE_LOOP('',(#1130,#1131,#1132,#1133)) ;
#1160=EDGE_LOOP('',(#1161,#1162,#1163,#1164)) ;
#1182=EDGE_LOOP('',(#1183,#1184,#1185,#1186)) ;
#1222=EDGE_LOOP('',(#1223,#1224,#1225,#1226)) ;
#1248=EDGE_LOOP('',(#1249,#1250,#1251,#1252)) ;
#1279=EDGE_LOOP('',(#1280,#1281,#1282,#1283)) ;
#1305=EDGE_LOOP('',(#1306,#1307,#1308,#1309)) ;
#1336=EDGE_LOOP('',(#1337,#1338,#1339,#1340)) ;
#1367=EDGE_LOOP('',(#1368,#1369,#1370,#1371)) ;
#1398=EDGE_LOOP('',(#1399,#1400,#1401,#1402)) ;
#1415=EDGE_LOOP('',(#1416,#1417,#1418,#1419)) ;
#1455=EDGE_LOOP('',(#1456,#1457,#1458,#1459)) ;
#1486=EDGE_LOOP('',(#1487,#1488,#1489,#1490)) ;
#1517=EDGE_LOOP('',(#1518,#1519,#1520,#1521)) ;
#1557=EDGE_LOOP('',(#1558,#1559,#1560,#1561)) ;
#1588=EDGE_LOOP('',(#1589,#1590,#1591,#1592)) ;
#1619=EDGE_LOOP('',(#1620,#1621,#1622,#1623)) ;
#1659=EDGE_LOOP('',(#1660,#1661,#1662,#1663)) ;
#1685=EDGE_LOOP('',(#1686,#1687,#1688,#1689)) ;
#1716=EDGE_LOOP('',(#1717,#1718,#1719,#1720)) ;
#1751=EDGE_LOOP('',(#1752,#1753,#1754,#1755)) ;
#1782=EDGE_LOOP('',(#1783,#1784,#1785,#1786)) ;
#1813=EDGE_LOOP('',(#1814,#1815,#1816,#1817)) ;
#1844=EDGE_LOOP('',(#1845,#1846,#1847,#1848,#1849,#1850)) ;
#1872=EDGE_LOOP('',(#1873,#1874,#1875,#1876,#1877,#1878)) ;
#1900=EDGE_LOOP('',(#1901,#1902,#1903,#1904,#1905,#1906)) ;
#1928=EDGE_LOOP('',(#1929,#1930,#1931,#1932,#1933,#1934)) ;
#1942=EDGE_LOOP('',(#1943,#1944,#1945,#1946,#1947,#1948,#1949,#1950)) ;
#1992=EDGE_LOOP('',(#1993,#1994,#1995,#1996,#1997,#1998,#1999,#2000,#2001,#2002,#2003,#2004,#2005,#2006,#2007,#2008,#2009,#2010,#2011,#2012,#2013,#2014,#2015,#2016)) ;
#2018=EDGE_LOOP('',(#2019,#2020,#2021,#2022,#2023,#2024,#2025,#2026)) ;
#2028=EDGE_LOOP('',(#2029,#2030,#2031,#2032,#2033,#2034,#2035,#2036)) ;
#2038=EDGE_LOOP('',(#2039,#2040,#2041,#2042,#2043,#2044,#2045,#2046)) ;
#2048=EDGE_LOOP('',(#2049,#2050,#2051,#2052,#2053,#2054,#2055,#2056)) ;
#2095=EDGE_LOOP('',(#2096,#2097,#2098,#2099,#2100,#2101,#2102)) ;
#2141=EDGE_LOOP('',(#2142,#2143,#2144,#2145,#2146,#2147,#2148)) ;
#2161=EDGE_LOOP('',(#2162,#2163,#2164,#2165)) ;
#2178=EDGE_LOOP('',(#2179,#2180,#2181,#2182)) ;
#2221=EDGE_LOOP('',(#2222,#2223,#2224,#2225,#2226,#2227,#2228)) ;
#2262=EDGE_LOOP('',(#2263,#2264,#2265,#2266,#2267,#2268,#2269)) ;
#2282=EDGE_LOOP('',(#2283,#2284,#2285,#2286)) ;
#2299=EDGE_LOOP('',(#2300,#2301,#2302,#2303)) ;
#2337=EDGE_LOOP('',(#2338,#2339,#2340,#2341,#2342,#2343,#2344)) ;
#2383=EDGE_LOOP('',(#2384,#2385,#2386,#2387,#2388,#2389,#2390)) ;
#2398=EDGE_LOOP('',(#2399,#2400,#2401,#2402)) ;
#2415=EDGE_LOOP('',(#2416,#2417,#2418,#2419)) ;
#2453=EDGE_LOOP('',(#2454,#2455,#2456,#2457,#2458,#2459,#2460)) ;
#2494=EDGE_LOOP('',(#2495,#2496,#2497,#2498,#2499,#2500,#2501)) ;
#2509=EDGE_LOOP('',(#2510,#2511,#2512,#2513)) ;
#2521=EDGE_LOOP('',(#2522,#2523,#2524,#2525,#2526,#2527,#2528,#2529)) ;
#2536=EDGE_LOOP('',(#2537,#2538,#2539,#2540,#2541,#2542,#2543,#2544,#2545,#2546,#2547,#2548,#2549,#2550,#2551,#2552)) ;
#2554=EDGE_LOOP('',(#2555,#2556,#2557,#2558,#2559,#2560,#2561,#2562)) ;
#2564=EDGE_LOOP('',(#2565,#2566,#2567,#2568,#2569,#2570,#2571,#2572)) ;
#2574=EDGE_LOOP('',(#2575,#2576,#2577,#2578,#2579,#2580,#2581,#2582)) ;
#2584=EDGE_LOOP('',(#2585,#2586,#2587,#2588,#2589,#2590,#2591,#2592)) ;
#2600=EDGE_LOOP('',(#2601,#2602,#2603,#2604)) ;
#90=FACE_OUTER_BOUND('',#85,.T.) ;
#121=FACE_OUTER_BOUND('',#116,.T.) ;
#152=FACE_OUTER_BOUND('',#147,.T.) ;
#183=FACE_OUTER_BOUND('',#178,.T.) ;
#214=FACE_OUTER_BOUND('',#209,.T.) ;
#245=FACE_OUTER_BOUND('',#240,.T.) ;
#276=FACE_OUTER_BOUND('',#271,.T.) ;
#298=FACE_OUTER_BOUND('',#293,.T.) ;
#338=FACE_OUTER_BOUND('',#333,.T.) ;
#378=FACE_OUTER_BOUND('',#373,.T.) ;
#418=FACE_OUTER_BOUND('',#413,.T.) ;
#458=FACE_OUTER_BOUND('',#453,.T.) ;
#498=FACE_OUTER_BOUND('',#493,.T.) ;
#529=FACE_OUTER_BOUND('',#524,.T.) ;
#560=FACE_OUTER_BOUND('',#555,.T.) ;
#591=FACE_OUTER_BOUND('',#586,.T.) ;
#622=FACE_OUTER_BOUND('',#617,.T.) ;
#653=FACE_OUTER_BOUND('',#648,.T.) ;
#684=FACE_OUTER_BOUND('',#679,.T.) ;
#706=FACE_OUTER_BOUND('',#701,.T.) ;
#746=FACE_OUTER_BOUND('',#741,.T.) ;
#777=FACE_OUTER_BOUND('',#772,.T.) ;
#808=FACE_OUTER_BOUND('',#803,.T.) ;
#839=FACE_OUTER_BOUND('',#834,.T.) ;
#865=FACE_OUTER_BOUND('',#860,.T.) ;
#896=FACE_OUTER_BOUND('',#891,.T.) ;
#922=FACE_OUTER_BOUND('',#917,.T.) ;
#944=FACE_OUTER_BOUND('',#939,.T.) ;
#984=FACE_OUTER_BOUND('',#979,.T.) ;
#1015=FACE_OUTER_BOUND('',#1010,.T.) ;
#1046=FACE_OUTER_BOUND('',#1041,.T.) ;
#1072=FACE_OUTER_BOUND('',#1067,.T.) ;
#1103=FACE_OUTER_BOUND('',#1098,.T.) ;
#1134=FACE_OUTER_BOUND('',#1129,.T.) ;
#1165=FACE_OUTER_BOUND('',#1160,.T.) ;
#1187=FACE_OUTER_BOUND('',#1182,.T.) ;
#1227=FACE_OUTER_BOUND('',#1222,.T.) ;
#1253=FACE_OUTER_BOUND('',#1248,.T.) ;
#1284=FACE_OUTER_BOUND('',#1279,.T.) ;
#1310=FACE_OUTER_BOUND('',#1305,.T.) ;
#1341=FACE_OUTER_BOUND('',#1336,.T.) ;
#1372=FACE_OUTER_BOUND('',#1367,.T.) ;
#1403=FACE_OUTER_BOUND('',#1398,.T.) ;
#1420=FACE_OUTER_BOUND('',#1415,.T.) ;
#1460=FACE_OUTER_BOUND('',#1455,.T.) ;
#1491=FACE_OUTER_BOUND('',#1486,.T.) ;
#1522=FACE_OUTER_BOUND('',#1517,.T.) ;
#1562=FACE_OUTER_BOUND('',#1557,.T.) ;
#1593=FACE_OUTER_BOUND('',#1588,.T.) ;
#1624=FACE_OUTER_BOUND('',#1619,.T.) ;
#1664=FACE_OUTER_BOUND('',#1659,.T.) ;
#1690=FACE_OUTER_BOUND('',#1685,.T.) ;
#1721=FACE_OUTER_BOUND('',#1716,.T.) ;
#1756=FACE_OUTER_BOUND('',#1751,.T.) ;
#1787=FACE_OUTER_BOUND('',#1782,.T.) ;
#1818=FACE_OUTER_BOUND('',#1813,.T.) ;
#1851=FACE_OUTER_BOUND('',#1844,.T.) ;
#1879=FACE_OUTER_BOUND('',#1872,.T.) ;
#1907=FACE_OUTER_BOUND('',#1900,.T.) ;
#1935=FACE_OUTER_BOUND('',#1928,.T.) ;
#1951=FACE_OUTER_BOUND('',#1942,.T.) ;
#2103=FACE_OUTER_BOUND('',#2095,.T.) ;
#2149=FACE_OUTER_BOUND('',#2141,.T.) ;
#2166=FACE_OUTER_BOUND('',#2161,.T.) ;
#2183=FACE_OUTER_BOUND('',#2178,.T.) ;
#2229=FACE_OUTER_BOUND('',#2221,.T.) ;
#2270=FACE_OUTER_BOUND('',#2262,.T.) ;
#2287=FACE_OUTER_BOUND('',#2282,.T.) ;
#2304=FACE_OUTER_BOUND('',#2299,.T.) ;
#2345=FACE_OUTER_BOUND('',#2337,.T.) ;
#2391=FACE_OUTER_BOUND('',#2383,.T.) ;
#2403=FACE_OUTER_BOUND('',#2398,.T.) ;
#2420=FACE_OUTER_BOUND('',#2415,.T.) ;
#2461=FACE_OUTER_BOUND('',#2453,.T.) ;
#2502=FACE_OUTER_BOUND('',#2494,.T.) ;
#2514=FACE_OUTER_BOUND('',#2509,.T.) ;
#2530=FACE_OUTER_BOUND('',#2521,.T.) ;
#2605=FACE_OUTER_BOUND('',#2600,.T.) ;
#45=UNCERTAINTY_MEASURE_WITH_UNIT(LENGTH_MEASURE(0.005),#41,'distance_accuracy_value','CONFUSED CURVE UNCERTAINTY') ;
#60=LINE('Line',#57,#59) ;
#76=LINE('Line',#73,#75) ;
#100=LINE('Line',#97,#99) ;
#109=LINE('Line',#106,#108) ;
#114=LINE('Line',#111,#113) ;
#131=LINE('Line',#128,#130) ;
#138=LINE('Line',#135,#137) ;
#145=LINE('Line',#142,#144) ;
#162=LINE('Line',#159,#161) ;
#200=LINE('Line',#197,#199) ;
#224=LINE('Line',#221,#223) ;
#231=LINE('Line',#228,#230) ;
#238=LINE('Line',#235,#237) ;
#262=LINE('Line',#259,#261) ;
#286=LINE('Line',#283,#285) ;
#291=LINE('Line',#288,#290) ;
#317=LINE('Line',#314,#316) ;
#331=LINE('Line',#328,#330) ;
#357=LINE('Line',#354,#356) ;
#371=LINE('Line',#368,#370) ;
#397=LINE('Line',#394,#396) ;
#411=LINE('Line',#408,#410) ;
#437=LINE('Line',#434,#436) ;
#451=LINE('Line',#448,#450) ;
#477=LINE('Line',#474,#476) ;
#491=LINE('Line',#488,#490) ;
#522=LINE('Line',#519,#521) ;
#539=LINE('Line',#536,#538) ;
#546=LINE('Line',#543,#545) ;
#553=LINE('Line',#550,#552) ;
#584=LINE('Line',#581,#583) ;
#601=LINE('Line',#598,#600) ;
#608=LINE('Line',#605,#607) ;
#615=LINE('Line',#612,#614) ;
#646=LINE('Line',#643,#645) ;
#663=LINE('Line',#660,#662) ;
#670=LINE('Line',#667,#669) ;
#677=LINE('Line',#674,#676) ;
#716=LINE('Line',#713,#715) ;
#725=LINE('Line',#722,#724) ;
#732=LINE('Line',#729,#731) ;
#739=LINE('Line',#736,#738) ;
#770=LINE('Line',#767,#769) ;
#787=LINE('Line',#784,#786) ;
#794=LINE('Line',#791,#793) ;
#801=LINE('Line',#798,#800) ;
#832=LINE('Line',#829,#831) ;
#844=LINE('Line',#841,#843) ;
#851=LINE('Line',#848,#850) ;
#858=LINE('Line',#855,#857) ;
#889=LINE('Line',#886,#888) ;
#915=LINE('Line',#912,#914) ;
#963=LINE('Line',#960,#962) ;
#977=LINE('Line',#974,#976) ;
#1008=LINE('Line',#1005,#1007) ;
#1039=LINE('Line',#1036,#1038) ;
#1051=LINE('Line',#1048,#1050) ;
#1058=LINE('Line',#1055,#1057) ;
#1065=LINE('Line',#1062,#1064) ;
#1096=LINE('Line',#1093,#1095) ;
#1113=LINE('Line',#1110,#1112) ;
#1120=LINE('Line',#1117,#1119) ;
#1127=LINE('Line',#1124,#1126) ;
#1158=LINE('Line',#1155,#1157) ;
#1175=LINE('Line',#1172,#1174) ;
#1180=LINE('Line',#1177,#1179) ;
#1206=LINE('Line',#1203,#1205) ;
#1220=LINE('Line',#1217,#1219) ;
#1246=LINE('Line',#1243,#1245) ;
#1277=LINE('Line',#1274,#1276) ;
#1289=LINE('Line',#1286,#1288) ;
#1296=LINE('Line',#1293,#1295) ;
#1303=LINE('Line',#1300,#1302) ;
#1334=LINE('Line',#1331,#1333) ;
#1351=LINE('Line',#1348,#1350) ;
#1358=LINE('Line',#1355,#1357) ;
#1365=LINE('Line',#1362,#1364) ;
#1396=LINE('Line',#1393,#1395) ;
#1408=LINE('Line',#1405,#1407) ;
#1413=LINE('Line',#1410,#1412) ;
#1430=LINE('Line',#1427,#1429) ;
#1446=LINE('Line',#1443,#1445) ;
#1477=LINE('Line',#1474,#1476) ;
#1508=LINE('Line',#1505,#1507) ;
#1532=LINE('Line',#1529,#1531) ;
#1548=LINE('Line',#1545,#1547) ;
#1579=LINE('Line',#1576,#1578) ;
#1610=LINE('Line',#1607,#1609) ;
#1634=LINE('Line',#1631,#1633) ;
#1650=LINE('Line',#1647,#1649) ;
#1669=LINE('Line',#1666,#1668) ;
#1700=LINE('Line',#1697,#1699) ;
#1726=LINE('Line',#1723,#1725) ;
#1742=LINE('Line',#1739,#1741) ;
#1766=LINE('Line',#1763,#1765) ;
#1804=LINE('Line',#1801,#1803) ;
#1837=LINE('Line',#1834,#1836) ;
#1842=LINE('Line',#1839,#1841) ;
#1856=LINE('Line',#1853,#1855) ;
#1870=LINE('Line',#1867,#1869) ;
#1884=LINE('Line',#1881,#1883) ;
#1898=LINE('Line',#1895,#1897) ;
#1921=LINE('Line',#1918,#1920) ;
#1926=LINE('Line',#1923,#1925) ;
#1955=LINE('Line',#1952,#1954) ;
#1960=LINE('Line',#1957,#1959) ;
#1965=LINE('Line',#1962,#1964) ;
#1970=LINE('Line',#1967,#1969) ;
#1975=LINE('Line',#1972,#1974) ;
#1980=LINE('Line',#1977,#1979) ;
#1985=LINE('Line',#1982,#1984) ;
#1990=LINE('Line',#1987,#1989) ;
#2067=LINE('Line',#2064,#2066) ;
#2074=LINE('Line',#2071,#2073) ;
#2113=LINE('Line',#2110,#2112) ;
#2120=LINE('Line',#2117,#2119) ;
#2214=LINE('Line',#2211,#2213) ;
#2219=LINE('Line',#2216,#2218) ;
#2234=LINE('Line',#2231,#2233) ;
#2241=LINE('Line',#2238,#2240) ;
#2309=LINE('Line',#2306,#2308) ;
#2316=LINE('Line',#2313,#2315) ;
#2376=LINE('Line',#2373,#2375) ;
#2381=LINE('Line',#2378,#2380) ;
#2446=LINE('Line',#2443,#2445) ;
#2451=LINE('Line',#2448,#2450) ;
#2487=LINE('Line',#2484,#2486) ;
#2492=LINE('Line',#2489,#2491) ;
#2=MECHANICAL_CONTEXT(' ',#1,'mechanical') ;
#24=PERSONAL_ADDRESS(' ',' ',' ',' ',' ',' ',' ',' ',' ',' ',' ',' ',(#22),' ') ;
#96=PLANE('Plane',#95) ;
#127=PLANE('Plane',#126) ;
#220=PLANE('Plane',#219) ;
#282=PLANE('Plane',#281) ;
#535=PLANE('Plane',#534) ;
#597=PLANE('Plane',#596) ;
#659=PLANE('Plane',#658) ;
#712=PLANE('Plane',#711) ;
#783=PLANE('Plane',#782) ;
#1109=PLANE('Plane',#1108) ;
#1171=PLANE('Plane',#1170) ;
#1347=PLANE('Plane',#1346) ;
#1824=PLANE('Plane',#1823) ;
#1941=PLANE('Plane',#1940) ;
#2063=PLANE('Plane',#2062) ;
#2109=PLANE('Plane',#2108) ;
#2189=PLANE('Plane',#2188) ;
#2351=PLANE('Plane',#2350) ;
#2520=PLANE('Plane',#2519) ;
#43=PLANE_ANGLE_MEASURE_WITH_UNIT(PLANE_ANGLE_MEASURE(0.0174532925199),#42) ;
#7=PRODUCT_CATEGORY('part',$) ;
#9=PRODUCT_CATEGORY_RELATIONSHIP(' ',' ',#7,#8) ;
#6=PRODUCT_DEFINITION_FORMATION_WITH_SPECIFIED_SOURCE('',' ',#5,.NOT_KNOWN.) ;
#8=PRODUCT_RELATED_PRODUCT_CATEGORY('detail',$,(#5)) ;
#50=SHAPE_DEFINITION_REPRESENTATION(#40,#49) ;
#62=VERTEX_POINT('',#61) ;
#64=VERTEX_POINT('',#63) ;
#71=VERTEX_POINT('',#70) ;
#78=VERTEX_POINT('',#77) ;
#102=VERTEX_POINT('',#101) ;
#104=VERTEX_POINT('',#103) ;
#133=VERTEX_POINT('',#132) ;
#140=VERTEX_POINT('',#139) ;
#164=VERTEX_POINT('',#163) ;
#166=VERTEX_POINT('',#165) ;
#195=VERTEX_POINT('',#194) ;
#202=VERTEX_POINT('',#201) ;
#226=VERTEX_POINT('',#225) ;
#233=VERTEX_POINT('',#232) ;
#257=VERTEX_POINT('',#256) ;
#264=VERTEX_POINT('',#263) ;
#310=VERTEX_POINT('',#309) ;
#312=VERTEX_POINT('',#311) ;
#319=VERTEX_POINT('',#318) ;
#326=VERTEX_POINT('',#325) ;
#350=VERTEX_POINT('',#349) ;
#352=VERTEX_POINT('',#351) ;
#359=VERTEX_POINT('',#358) ;
#366=VERTEX_POINT('',#365) ;
#390=VERTEX_POINT('',#389) ;
#392=VERTEX_POINT('',#391) ;
#399=VERTEX_POINT('',#398) ;
#406=VERTEX_POINT('',#405) ;
#430=VERTEX_POINT('',#429) ;
#432=VERTEX_POINT('',#431) ;
#439=VERTEX_POINT('',#438) ;
#446=VERTEX_POINT('',#445) ;
#470=VERTEX_POINT('',#469) ;
#472=VERTEX_POINT('',#471) ;
#479=VERTEX_POINT('',#478) ;
#486=VERTEX_POINT('',#485) ;
#510=VERTEX_POINT('',#509) ;
#517=VERTEX_POINT('',#516) ;
#541=VERTEX_POINT('',#540) ;
#548=VERTEX_POINT('',#547) ;
#572=VERTEX_POINT('',#571) ;
#579=VERTEX_POINT('',#578) ;
#603=VERTEX_POINT('',#602) ;
#610=VERTEX_POINT('',#609) ;
#634=VERTEX_POINT('',#633) ;
#641=VERTEX_POINT('',#640) ;
#665=VERTEX_POINT('',#664) ;
#672=VERTEX_POINT('',#671) ;
#718=VERTEX_POINT('',#717) ;
#720=VERTEX_POINT('',#719) ;
#727=VERTEX_POINT('',#726) ;
#734=VERTEX_POINT('',#733) ;
#758=VERTEX_POINT('',#757) ;
#765=VERTEX_POINT('',#764) ;
#789=VERTEX_POINT('',#788) ;
#796=VERTEX_POINT('',#795) ;
#820=VERTEX_POINT('',#819) ;
#827=VERTEX_POINT('',#826) ;
#846=VERTEX_POINT('',#845) ;
#853=VERTEX_POINT('',#852) ;
#877=VERTEX_POINT('',#876) ;
#884=VERTEX_POINT('',#883) ;
#903=VERTEX_POINT('',#902) ;
#910=VERTEX_POINT('',#909) ;
#956=VERTEX_POINT('',#955) ;
#958=VERTEX_POINT('',#957) ;
#965=VERTEX_POINT('',#964) ;
#972=VERTEX_POINT('',#971) ;
#996=VERTEX_POINT('',#995) ;
#1003=VERTEX_POINT('',#1002) ;
#1027=VERTEX_POINT('',#1026) ;
#1034=VERTEX_POINT('',#1033) ;
#1053=VERTEX_POINT('',#1052) ;
#1060=VERTEX_POINT('',#1059) ;
#1084=VERTEX_POINT('',#1083) ;
#1091=VERTEX_POINT('',#1090) ;
#1115=VERTEX_POINT('',#1114) ;
#1122=VERTEX_POINT('',#1121) ;
#1146=VERTEX_POINT('',#1145) ;
#1153=VERTEX_POINT('',#1152) ;
#1199=VERTEX_POINT('',#1198) ;
#1201=VERTEX_POINT('',#1200) ;
#1208=VERTEX_POINT('',#1207) ;
#1215=VERTEX_POINT('',#1214) ;
#1234=VERTEX_POINT('',#1233) ;
#1241=VERTEX_POINT('',#1240) ;
#1265=VERTEX_POINT('',#1264) ;
#1272=VERTEX_POINT('',#1271) ;
#1291=VERTEX_POINT('',#1290) ;
#1298=VERTEX_POINT('',#1297) ;
#1322=VERTEX_POINT('',#1321) ;
#1329=VERTEX_POINT('',#1328) ;
#1353=VERTEX_POINT('',#1352) ;
#1360=VERTEX_POINT('',#1359) ;
#1384=VERTEX_POINT('',#1383) ;
#1391=VERTEX_POINT('',#1390) ;
#1432=VERTEX_POINT('',#1431) ;
#1434=VERTEX_POINT('',#1433) ;
#1441=VERTEX_POINT('',#1440) ;
#1448=VERTEX_POINT('',#1447) ;
#1472=VERTEX_POINT('',#1471) ;
#1479=VERTEX_POINT('',#1478) ;
#1503=VERTEX_POINT('',#1502) ;
#1510=VERTEX_POINT('',#1509) ;
#1534=VERTEX_POINT('',#1533) ;
#1536=VERTEX_POINT('',#1535) ;
#1543=VERTEX_POINT('',#1542) ;
#1550=VERTEX_POINT('',#1549) ;
#1574=VERTEX_POINT('',#1573) ;
#1581=VERTEX_POINT('',#1580) ;
#1605=VERTEX_POINT('',#1604) ;
#1612=VERTEX_POINT('',#1611) ;
#1636=VERTEX_POINT('',#1635) ;
#1638=VERTEX_POINT('',#1637) ;
#1645=VERTEX_POINT('',#1644) ;
#1652=VERTEX_POINT('',#1651) ;
#1671=VERTEX_POINT('',#1670) ;
#1673=VERTEX_POINT('',#1672) ;
#1702=VERTEX_POINT('',#1701) ;
#1704=VERTEX_POINT('',#1703) ;
#1728=VERTEX_POINT('',#1727) ;
#1730=VERTEX_POINT('',#1729) ;
#1737=VERTEX_POINT('',#1736) ;
#1744=VERTEX_POINT('',#1743) ;
#1768=VERTEX_POINT('',#1767) ;
#1770=VERTEX_POINT('',#1769) ;
#1799=VERTEX_POINT('',#1798) ;
#1806=VERTEX_POINT('',#1805) ;
#1830=VERTEX_POINT('',#1829) ;
#1832=VERTEX_POINT('',#1831) ;
#1858=VERTEX_POINT('',#1857) ;
#1865=VERTEX_POINT('',#1864) ;
#1886=VERTEX_POINT('',#1885) ;
#1893=VERTEX_POINT('',#1892) ;
#1914=VERTEX_POINT('',#1913) ;
#1916=VERTEX_POINT('',#1915) ;
#2069=VERTEX_POINT('',#2068) ;
#2076=VERTEX_POINT('',#2075) ;
#2115=VERTEX_POINT('',#2114) ;
#2122=VERTEX_POINT('',#2121) ;
#2207=VERTEX_POINT('',#2206) ;
#2209=VERTEX_POINT('',#2208) ;
#2236=VERTEX_POINT('',#2235) ;
#2243=VERTEX_POINT('',#2242) ;
#2311=VERTEX_POINT('',#2310) ;
#2318=VERTEX_POINT('',#2317) ;
#2369=VERTEX_POINT('',#2368) ;
#2371=VERTEX_POINT('',#2370) ;
#2439=VERTEX_POINT('',#2438) ;
#2441=VERTEX_POINT('',#2440) ;
#2480=VERTEX_POINT('',#2479) ;
#2482=VERTEX_POINT('',#2481) ;
#41=(LENGTH_UNIT()NAMED_UNIT(*)SI_UNIT(.MILLI.,.METRE.)) ;
#42=(NAMED_UNIT(*)PLANE_ANGLE_UNIT()SI_UNIT($,.RADIAN.)) ;
#44=(NAMED_UNIT(*)SI_UNIT($,.STERADIAN.)SOLID_ANGLE_UNIT()) ;
#46=(GEOMETRIC_REPRESENTATION_CONTEXT(3)GLOBAL_UNCERTAINTY_ASSIGNED_CONTEXT((#45))GLOBAL_UNIT_ASSIGNED_CONTEXT((#41,#42,#44))REPRESENTATION_CONTEXT(' ',' ')) ;
ENDSEC;
END-ISO-10303-21;
