START RECORD GO HERE.                                                   S      1
1H,,1H;,20HCNEXT - IGES PRODUCT,14HSP02_ALPHA.igs,44HIBM CATIA IGES - CAG      1
TIA Version 5 Release 19 ,27HCATIA Version 5 Release 19 ,32,75,6,75,15, G      2
10HSP02_ALPHA,1.0,2,2HMM,1000,1.0,15H20251020.092256,0.001,10000.0,11HluG      3
caspichon,15HLUCASPICHON829F,11,0,15H20251020.092256,;                  G      4
     124       1       0       0       0       0       0       000000000D      1
     124       0       0       2       0                               0D      2
     406       3       0       0       0       0       0       000010201D      3
     406       0       0       1      15                               0D      4
     110       4       0       0       0       0       0       001010001D      5
     110       0       0       1       0                               0D      6
     110       5       0       0       0       0       0       001010001D      7
     110       0       0       2       0                               0D      8
     120       7       0       0       0       0       0       001010001D      9
     120       0       0       1       0                               0D     10
     110       8       0       0       0       0       0       001010001D     11
     110       0       0       2       0                               0D     12
     124      10       0       0       0       0       0       001020201D     13
     124       0       0       2       0                               0D     14
     100      12       0       0       0       0      13       001010001D     15
     100       0       0       1       0                               0D     16
     110      13       0       0       0       0       0       001010001D     17
     110       0       0       2       0                               0D     18
     124      15       0       0       0       0       0       001020201D     19
     124       0       0       2       0                               0D     20
     100      17       0       0       0       0      19       001010001D     21
     100       0       0       1       0                               0D     22
     102      18       0       0       0       0       0       001010001D     23
     102       0       0       1       0                               0D     24
     142      19       0       0       0       0       0       001010001D     25
     142       0       0       1       0                               0D     26
     144      20       0       0   10000       0       0       000010000D     27
     144       0       0       1       0                               0D     28
     110      21       0       0       0       0       0       001010001D     29
     110       0       0       1       0                               0D     30
     110      22       0       0       0       0       0       001010001D     31
     110       0       0       2       0                               0D     32
     120      24       0       0       0       0       0       001010001D     33
     120       0       0       1       0                               0D     34
     110      25       0       0       0       0       0       001010001D     35
     110       0       0       2       0                               0D     36
     124      27       0       0       0       0       0       001020201D     37
     124       0       0       2       0                               0D     38
     100      29       0       0       0       0      37       001010001D     39
     100       0       0       1       0                               0D     40
     110      30       0       0       0       0       0       001010001D     41
     110       0       0       2       0                               0D     42
     124      32       0       0       0       0       0       001020201D     43
     124       0       0       2       0                               0D     44
     100      34       0       0       0       0      43       001010001D     45
     100       0       0       1       0                               0D     46
     102      35       0       0       0       0       0       001010001D     47
     102       0       0       1       0                               0D     48
     142      36       0       0       0       0       0       001010001D     49
     142       0       0       1       0                               0D     50
     144      37       0       0   10000       0       0       000010000D     51
     144       0       0       1       0                               0D     52
     110      38       0       0       0       0       0       001010001D     53
     110       0       0       1       0                               0D     54
     110      39       0       0       0       0       0       001010001D     55
     110       0       0       2       0                               0D     56
     120      41       0       0       0       0       0       001010001D     57
     120       0       0       1       0                               0D     58
     110      42       0       0       0       0       0       001010001D     59
     110       0       0       2       0                               0D     60
     124      44       0       0       0       0       0       001020201D     61
     124       0       0       2       0                               0D     62
     100      46       0       0       0       0      61       001010001D     63
     100       0       0       1       0                               0D     64
     110      47       0       0       0       0       0       001010001D     65
     110       0       0       2       0                               0D     66
     124      49       0       0       0       0       0       001020201D     67
     124       0       0       2       0                               0D     68
     100      51       0       0       0       0      67       001010001D     69
     100       0       0       1       0                               0D     70
     102      52       0       0       0       0       0       001010001D     71
     102       0       0       1       0                               0D     72
     142      53       0       0       0       0       0       001010001D     73
     142       0       0       1       0                               0D     74
     144      54       0       0   10000       0       0       000010000D     75
     144       0       0       1       0                               0D     76
     110      55       0       0       0       0       0       001010001D     77
     110       0       0       1       0                               0D     78
     110      56       0       0       0       0       0       001010001D     79
     110       0       0       2       0                               0D     80
     120      58       0       0       0       0       0       001010001D     81
     120       0       0       1       0                               0D     82
     110      59       0       0       0       0       0       001010001D     83
     110       0       0       2       0                               0D     84
     124      61       0       0       0       0       0       001020201D     85
     124       0       0       2       0                               0D     86
     100      63       0       0       0       0      85       001010001D     87
     100       0       0       1       0                               0D     88
     110      64       0       0       0       0       0       001010001D     89
     110       0       0       2       0                               0D     90
     124      66       0       0       0       0       0       001020201D     91
     124       0       0       2       0                               0D     92
     100      68       0       0       0       0      91       001010001D     93
     100       0       0       1       0                               0D     94
     102      69       0       0       0       0       0       001010001D     95
     102       0       0       1       0                               0D     96
     142      70       0       0       0       0       0       001010001D     97
     142       0       0       1       0                               0D     98
     144      71       0       0   10000       0       0       000010000D     99
     144       0       0       1       0                               0D    100
     110      72       0       0       0       0       0       001010001D    101
     110       0       0       1       0                               0D    102
     110      73       0       0       0       0       0       001010001D    103
     110       0       0       2       0                               0D    104
     120      75       0       0       0       0       0       001010001D    105
     120       0       0       1       0                               0D    106
     110      76       0       0       0       0       0       001010001D    107
     110       0       0       2       0                               0D    108
     124      78       0       0       0       0       0       001020201D    109
     124       0       0       2       0                               0D    110
     100      80       0       0       0       0     109       001010001D    111
     100       0       0       1       0                               0D    112
     110      81       0       0       0       0       0       001010001D    113
     110       0       0       2       0                               0D    114
     124      83       0       0       0       0       0       001020201D    115
     124       0       0       2       0                               0D    116
     100      85       0       0       0       0     115       001010001D    117
     100       0       0       1       0                               0D    118
     102      86       0       0       0       0       0       001010001D    119
     102       0       0       1       0                               0D    120
     142      87       0       0       0       0       0       001010001D    121
     142       0       0       1       0                               0D    122
     144      88       0       0   10000       0       0       000010000D    123
     144       0       0       1       0                               0D    124
     110      89       0       0       0       0       0       001010001D    125
     110       0       0       1       0                               0D    126
     110      90       0       0       0       0       0       001010001D    127
     110       0       0       2       0                               0D    128
     120      92       0       0       0       0       0       001010001D    129
     120       0       0       1       0                               0D    130
     110      93       0       0       0       0       0       001010001D    131
     110       0       0       2       0                               0D    132
     124      95       0       0       0       0       0       001020201D    133
     124       0       0       2       0                               0D    134
     100      97       0       0       0       0     133       001010001D    135
     100       0       0       1       0                               0D    136
     110      98       0       0       0       0       0       001010001D    137
     110       0       0       2       0                               0D    138
     124     100       0       0       0       0       0       001020201D    139
     124       0       0       2       0                               0D    140
     100     102       0       0       0       0     139       001010001D    141
     100       0       0       1       0                               0D    142
     102     103       0       0       0       0       0       001010001D    143
     102       0       0       1       0                               0D    144
     142     104       0       0       0       0       0       001010001D    145
     142       0       0       1       0                               0D    146
     144     105       0       0   10000       0       0       000010000D    147
     144       0       0       1       0                               0D    148
     110     106       0       0       0       0       0       001010001D    149
     110       0       0       1       0                               0D    150
     110     107       0       0       0       0       0       001010001D    151
     110       0       0       2       0                               0D    152
     120     109       0       0       0       0       0       001010001D    153
     120       0       0       1       0                               0D    154
     110     110       0       0       0       0       0       001010001D    155
     110       0       0       2       0                               0D    156
     124     112       0       0       0       0       0       001020201D    157
     124       0       0       2       0                               0D    158
     100     114       0       0       0       0     157       001010001D    159
     100       0       0       1       0                               0D    160
     110     115       0       0       0       0       0       001010001D    161
     110       0       0       2       0                               0D    162
     124     117       0       0       0       0       0       001020201D    163
     124       0       0       2       0                               0D    164
     100     119       0       0       0       0     163       001010001D    165
     100       0       0       1       0                               0D    166
     102     120       0       0       0       0       0       001010001D    167
     102       0       0       1       0                               0D    168
     142     121       0       0       0       0       0       001010001D    169
     142       0       0       1       0                               0D    170
     144     122       0       0   10000       0       0       000010000D    171
     144       0       0       1       0                               0D    172
     110     123       0       0       0       0       0       001010001D    173
     110       0       0       1       0                               0D    174
     110     124       0       0       0       0       0       001010001D    175
     110       0       0       2       0                               0D    176
     120     126       0       0       0       0       0       001010001D    177
     120       0       0       1       0                               0D    178
     110     127       0       0       0       0       0       001010001D    179
     110       0       0       2       0                               0D    180
     124     129       0       0       0       0       0       001020201D    181
     124       0       0       2       0                               0D    182
     100     131       0       0       0       0     181       001010001D    183
     100       0       0       1       0                               0D    184
     110     132       0       0       0       0       0       001010001D    185
     110       0       0       2       0                               0D    186
     124     134       0       0       0       0       0       001020201D    187
     124       0       0       2       0                               0D    188
     100     136       0       0       0       0     187       001010001D    189
     100       0       0       1       0                               0D    190
     102     137       0       0       0       0       0       001010001D    191
     102       0       0       1       0                               0D    192
     142     138       0       0       0       0       0       001010001D    193
     142       0       0       1       0                               0D    194
     144     139       0       0   10000       0       0       000010000D    195
     144       0       0       1       0                               0D    196
     108     140       0       0       0       0       0       001010001D    197
     108       0       0       1       0                               0D    198
     124     141       0       0       0       0       0       001020201D    199
     124       0       0       2       0                               0D    200
     100     143       0       0       0       0     199       001010001D    201
     100       0       0       1       0                               0D    202
     124     144       0       0       0       0       0       001020201D    203
     124       0       0       2       0                               0D    204
     100     146       0       0       0       0     203       001010001D    205
     100       0       0       1       0                               0D    206
     102     147       0       0       0       0       0       001010001D    207
     102       0       0       1       0                               0D    208
     142     148       0       0       0       0       0       001010001D    209
     142       0       0       1       0                               0D    210
     144     149       0       0   10000       0       0       000010000D    211
     144       0       0       1       0                               0D    212
     108     150       0       0       0       0       0       001010001D    213
     108       0       0       1       0                               0D    214
     124     151       0       0       0       0       0       001020201D    215
     124       0       0       2       0                               0D    216
     100     153       0       0       0       0     215       001010001D    217
     100       0       0       1       0                               0D    218
     124     154       0       0       0       0       0       001020201D    219
     124       0       0       2       0                               0D    220
     100     156       0       0       0       0     219       001010001D    221
     100       0       0       1       0                               0D    222
     102     157       0       0       0       0       0       001010001D    223
     102       0       0       1       0                               0D    224
     142     158       0       0       0       0       0       001010001D    225
     142       0       0       1       0                               0D    226
     124     159       0       0       0       0       0       001020201D    227
     124       0       0       2       0                               0D    228
     100     161       0       0       0       0     227       001010001D    229
     100       0       0       1       0                               0D    230
     124     162       0       0       0       0       0       001020201D    231
     124       0       0       2       0                               0D    232
     100     164       0       0       0       0     231       001010001D    233
     100       0       0       1       0                               0D    234
     102     165       0       0       0       0       0       001010001D    235
     102       0       0       1       0                               0D    236
     142     166       0       0       0       0       0       001010001D    237
     142       0       0       1       0                               0D    238
     144     167       0       0   10000       0       0       000010000D    239
     144       0       0       1       0                               0D    240
     108     168       0       0       0       0       0       001010001D    241
     108       0       0       1       0                               0D    242
     124     169       0       0       0       0       0       001020201D    243
     124       0       0       2       0                               0D    244
     100     171       0       0       0       0     243       001010001D    245
     100       0       0       1       0                               0D    246
     124     172       0       0       0       0       0       001020201D    247
     124       0       0       2       0                               0D    248
     100     174       0       0       0       0     247       001010001D    249
     100       0       0       1       0                               0D    250
     102     175       0       0       0       0       0       001010001D    251
     102       0       0       1       0                               0D    252
     142     176       0       0       0       0       0       001010001D    253
     142       0       0       1       0                               0D    254
     124     177       0       0       0       0       0       001020201D    255
     124       0       0       2       0                               0D    256
     100     179       0       0       0       0     255       001010001D    257
     100       0       0       1       0                               0D    258
     124     180       0       0       0       0       0       001020201D    259
     124       0       0       2       0                               0D    260
     100     182       0       0       0       0     259       001010001D    261
     100       0       0       1       0                               0D    262
     102     183       0       0       0       0       0       001010001D    263
     102       0       0       1       0                               0D    264
     142     184       0       0       0       0       0       001010001D    265
     142       0       0       1       0                               0D    266
     144     185       0       0   10000       0       0       000010000D    267
     144       0       0       1       0                               0D    268
     108     186       0       0       0       0       0       001010001D    269
     108       0       0       1       0                               0D    270
     124     187       0       0       0       0       0       001020201D    271
     124       0       0       2       0                               0D    272
     100     189       0       0       0       0     271       001010001D    273
     100       0       0       1       0                               0D    274
     124     190       0       0       0       0       0       001020201D    275
     124       0       0       2       0                               0D    276
     100     192       0       0       0       0     275       001010001D    277
     100       0       0       1       0                               0D    278
     102     193       0       0       0       0       0       001010001D    279
     102       0       0       1       0                               0D    280
     142     194       0       0       0       0       0       001010001D    281
     142       0       0       1       0                               0D    282
     124     195       0       0       0       0       0       001020201D    283
     124       0       0       2       0                               0D    284
     100     197       0       0       0       0     283       001010001D    285
     100       0       0       1       0                               0D    286
     124     198       0       0       0       0       0       001020201D    287
     124       0       0       2       0                               0D    288
     100     200       0       0       0       0     287       001010001D    289
     100       0       0       1       0                               0D    290
     102     201       0       0       0       0       0       001010001D    291
     102       0       0       1       0                               0D    292
     142     202       0       0       0       0       0       001010001D    293
     142       0       0       1       0                               0D    294
     144     203       0       0   10000       0       0       000010000D    295
     144       0       0       1       0                               0D    296
     108     204       0       0       0       0       0       001010001D    297
     108       0       0       1       0                               0D    298
     124     205       0       0       0       0       0       001020201D    299
     124       0       0       2       0                               0D    300
     100     207       0       0       0       0     299       001010001D    301
     100       0       0       1       0                               0D    302
     124     208       0       0       0       0       0       001020201D    303
     124       0       0       2       0                               0D    304
     100     210       0       0       0       0     303       001010001D    305
     100       0       0       1       0                               0D    306
     102     211       0       0       0       0       0       001010001D    307
     102       0       0       1       0                               0D    308
     142     212       0       0       0       0       0       001010001D    309
     142       0       0       1       0                               0D    310
     144     213       0       0   10000       0       0       000010000D    311
     144       0       0       1       0                               0D    312
     406     214       0       0       0       0       0       000010201D    313
     406       0       0       1      15                               0D    314
     308     215       0       0       0       0       0       000010200D    315
     308       0       0       2       0                               0D    316
     406     217       0       0       0       0       0       000010201D    317
     406       0       0       1      15                               0D    318
     408     218       0       0       0       0       1       000000000D    319
     408       0       0       1       0                               0D    320
     124     219       0       0       0       0       0       000000000D    321
     124       0       0       2       0                               0D    322
     110     221       0       0       0       0       0       001010001D    323
     110       0       0       1       0                               0D    324
     110     222       0       0       0       0       0       001010001D    325
     110       0       0       2       0                               0D    326
     120     224       0       0       0       0       0       001010001D    327
     120       0       0       1       0                               0D    328
     124     225       0       0       0       0       0       001020201D    329
     124       0       0       2       0                               0D    330
     100     227       0       0       0       0     329       001010001D    331
     100       0       0       1       0                               0D    332
     110     228       0       0       0       0       0       001010001D    333
     110       0       0       2       0                               0D    334
     124     230       0       0       0       0       0       001020201D    335
     124       0       0       2       0                               0D    336
     100     232       0       0       0       0     335       001010001D    337
     100       0       0       1       0                               0D    338
     110     233       0       0       0       0       0       001010001D    339
     110       0       0       2       0                               0D    340
     102     235       0       0       0       0       0       001010001D    341
     102       0       0       1       0                               0D    342
     142     236       0       0       0       0       0       001010001D    343
     142       0       0       1       0                               0D    344
     144     237       0       0   10000       0       0       000010000D    345
     144       0       0       1       0                               0D    346
     110     238       0       0       0       0       0       001010001D    347
     110       0       0       1       0                               0D    348
     110     239       0       0       0       0       0       001010001D    349
     110       0       0       2       0                               0D    350
     120     241       0       0       0       0       0       001010001D    351
     120       0       0       1       0                               0D    352
     124     242       0       0       0       0       0       001020201D    353
     124       0       0       2       0                               0D    354
     100     244       0       0       0       0     353       001010001D    355
     100       0       0       1       0                               0D    356
     110     245       0       0       0       0       0       001010001D    357
     110       0       0       2       0                               0D    358
     124     247       0       0       0       0       0       001020201D    359
     124       0       0       2       0                               0D    360
     100     249       0       0       0       0     359       001010001D    361
     100       0       0       1       0                               0D    362
     110     250       0       0       0       0       0       001010001D    363
     110       0       0       2       0                               0D    364
     102     252       0       0       0       0       0       001010001D    365
     102       0       0       1       0                               0D    366
     142     253       0       0       0       0       0       001010001D    367
     142       0       0       1       0                               0D    368
     144     254       0       0   10000       0       0       000010000D    369
     144       0       0       1       0                               0D    370
     110     255       0       0       0       0       0       001010001D    371
     110       0       0       1       0                               0D    372
     110     256       0       0       0       0       0       001010001D    373
     110       0       0       2       0                               0D    374
     120     258       0       0       0       0       0       001010001D    375
     120       0       0       1       0                               0D    376
     124     259       0       0       0       0       0       001020201D    377
     124       0       0       2       0                               0D    378
     100     261       0       0       0       0     377       001010001D    379
     100       0       0       1       0                               0D    380
     110     262       0       0       0       0       0       001010001D    381
     110       0       0       2       0                               0D    382
     124     264       0       0       0       0       0       001020201D    383
     124       0       0       2       0                               0D    384
     100     266       0       0       0       0     383       001010001D    385
     100       0       0       1       0                               0D    386
     110     267       0       0       0       0       0       001010001D    387
     110       0       0       2       0                               0D    388
     102     269       0       0       0       0       0       001010001D    389
     102       0       0       1       0                               0D    390
     142     270       0       0       0       0       0       001010001D    391
     142       0       0       1       0                               0D    392
     144     271       0       0   10000       0       0       000010000D    393
     144       0       0       1       0                               0D    394
     110     272       0       0       0       0       0       001010001D    395
     110       0       0       1       0                               0D    396
     110     273       0       0       0       0       0       001010001D    397
     110       0       0       2       0                               0D    398
     120     275       0       0       0       0       0       001010001D    399
     120       0       0       1       0                               0D    400
     124     276       0       0       0       0       0       001020201D    401
     124       0       0       2       0                               0D    402
     100     278       0       0       0       0     401       001010001D    403
     100       0       0       1       0                               0D    404
     110     279       0       0       0       0       0       001010001D    405
     110       0       0       2       0                               0D    406
     124     281       0       0       0       0       0       001020201D    407
     124       0       0       2       0                               0D    408
     100     283       0       0       0       0     407       001010001D    409
     100       0       0       1       0                               0D    410
     110     284       0       0       0       0       0       001010001D    411
     110       0       0       2       0                               0D    412
     102     286       0       0       0       0       0       001010001D    413
     102       0       0       1       0                               0D    414
     142     287       0       0       0       0       0       001010001D    415
     142       0       0       1       0                               0D    416
     144     288       0       0   10000       0       0       000010000D    417
     144       0       0       1       0                               0D    418
     108     289       0       0       0       0       0       001010001D    419
     108       0       0       1       0                               0D    420
     124     290       0       0       0       0       0       001020201D    421
     124       0       0       2       0                               0D    422
     100     292       0       0       0       0     421       001010001D    423
     100       0       0       1       0                               0D    424
     124     293       0       0       0       0       0       001020201D    425
     124       0       0       2       0                               0D    426
     100     295       0       0       0       0     425       001010001D    427
     100       0       0       1       0                               0D    428
     102     296       0       0       0       0       0       001010001D    429
     102       0       0       1       0                               0D    430
     142     297       0       0       0       0       0       001010001D    431
     142       0       0       1       0                               0D    432
     124     298       0       0       0       0       0       001020201D    433
     124       0       0       2       0                               0D    434
     100     300       0       0       0       0     433       001010001D    435
     100       0       0       1       0                               0D    436
     124     301       0       0       0       0       0       001020201D    437
     124       0       0       2       0                               0D    438
     100     303       0       0       0       0     437       001010001D    439
     100       0       0       1       0                               0D    440
     102     304       0       0       0       0       0       001010001D    441
     102       0       0       1       0                               0D    442
     142     305       0       0       0       0       0       001010001D    443
     142       0       0       1       0                               0D    444
     144     306       0       0   10000       0       0       000010000D    445
     144       0       0       1       0                               0D    446
     108     307       0       0       0       0       0       001010001D    447
     108       0       0       1       0                               0D    448
     124     308       0       0       0       0       0       001020201D    449
     124       0       0       2       0                               0D    450
     100     310       0       0       0       0     449       001010001D    451
     100       0       0       1       0                               0D    452
     124     311       0       0       0       0       0       001020201D    453
     124       0       0       2       0                               0D    454
     100     313       0       0       0       0     453       001010001D    455
     100       0       0       1       0                               0D    456
     102     314       0       0       0       0       0       001010001D    457
     102       0       0       1       0                               0D    458
     142     315       0       0       0       0       0       001010001D    459
     142       0       0       1       0                               0D    460
     124     316       0       0       0       0       0       001020201D    461
     124       0       0       2       0                               0D    462
     100     318       0       0       0       0     461       001010001D    463
     100       0       0       1       0                               0D    464
     124     319       0       0       0       0       0       001020201D    465
     124       0       0       2       0                               0D    466
     100     321       0       0       0       0     465       001010001D    467
     100       0       0       1       0                               0D    468
     102     322       0       0       0       0       0       001010001D    469
     102       0       0       1       0                               0D    470
     142     323       0       0       0       0       0       001010001D    471
     142       0       0       1       0                               0D    472
     144     324       0       0   10000       0       0       000010000D    473
     144       0       0       1       0                               0D    474
     406     325       0       0       0       0       0       000010201D    475
     406       0       0       1      15                               0D    476
     308     326       0       0       0       0       0       000010200D    477
     308       0       0       1       0                               0D    478
     406     327       0       0       0       0       0       000010201D    479
     406       0       0       1      15                               0D    480
     408     328       0       0       0       0     321       000000000D    481
     408       0       0       1       0                               0D    482
     124     329       0       0       0       0       0       000000000D    483
     124       0       0       2       0                               0D    484
     110     331       0       0       0       0       0       001010001D    485
     110       0       0       1       0                               0D    486
     110     332       0       0       0       0       0       001010001D    487
     110       0       0       1       0                               0D    488
     120     333       0       0       0       0       0       001010001D    489
     120       0       0       1       0                               0D    490
     124     334       0       0       0       0       0       001020201D    491
     124       0       0       1       0                               0D    492
     100     335       0       0       0       0     491       001010001D    493
     100       0       0       1       0                               0D    494
     110     336       0       0       0       0       0       001010001D    495
     110       0       0       1       0                               0D    496
     124     337       0       0       0       0       0       001020201D    497
     124       0       0       2       0                               0D    498
     100     339       0       0       0       0     497       001010001D    499
     100       0       0       1       0                               0D    500
     110     340       0       0       0       0       0       001010001D    501
     110       0       0       1       0                               0D    502
     102     341       0       0       0       0       0       001010001D    503
     102       0       0       1       0                               0D    504
     142     342       0       0       0       0       0       001010001D    505
     142       0       0       1       0                               0D    506
     144     343       0       0   10000       0       0       000010000D    507
     144       0       0       1       0                               0D    508
     110     344       0       0       0       0       0       001010001D    509
     110       0       0       1       0                               0D    510
     110     345       0       0       0       0       0       001010001D    511
     110       0       0       1       0                               0D    512
     120     346       0       0       0       0       0       001010001D    513
     120       0       0       1       0                               0D    514
     124     347       0       0       0       0       0       001020201D    515
     124       0       0       2       0                               0D    516
     100     349       0       0       0       0     515       001010001D    517
     100       0       0       1       0                               0D    518
     110     350       0       0       0       0       0       001010001D    519
     110       0       0       1       0                               0D    520
     124     351       0       0       0       0       0       001020201D    521
     124       0       0       1       0                               0D    522
     100     352       0       0       0       0     521       001010001D    523
     100       0       0       1       0                               0D    524
     110     353       0       0       0       0       0       001010001D    525
     110       0       0       1       0                               0D    526
     102     354       0       0       0       0       0       001010001D    527
     102       0       0       1       0                               0D    528
     142     355       0       0       0       0       0       001010001D    529
     142       0       0       1       0                               0D    530
     144     356       0       0   10000       0       0       000010000D    531
     144       0       0       1       0                               0D    532
     110     357       0       0       0       0       0       001010001D    533
     110       0       0       1       0                               0D    534
     110     358       0       0       0       0       0       001010001D    535
     110       0       0       1       0                               0D    536
     120     359       0       0       0       0       0       001010001D    537
     120       0       0       1       0                               0D    538
     110     360       0       0       0       0       0       001010001D    539
     110       0       0       1       0                               0D    540
     124     361       0       0       0       0       0       001020201D    541
     124       0       0       2       0                               0D    542
     100     363       0       0       0       0     541       001010001D    543
     100       0       0       1       0                               0D    544
     110     364       0       0       0       0       0       001010001D    545
     110       0       0       1       0                               0D    546
     124     365       0       0       0       0       0       001020201D    547
     124       0       0       1       0                               0D    548
     100     366       0       0       0       0     547       001010001D    549
     100       0       0       1       0                               0D    550
     102     367       0       0       0       0       0       001010001D    551
     102       0       0       1       0                               0D    552
     142     368       0       0       0       0       0       001010001D    553
     142       0       0       1       0                               0D    554
     144     369       0       0   10000       0       0       000010000D    555
     144       0       0       1       0                               0D    556
     110     370       0       0       0       0       0       001010001D    557
     110       0       0       1       0                               0D    558
     110     371       0       0       0       0       0       001010001D    559
     110       0       0       1       0                               0D    560
     120     372       0       0       0       0       0       001010001D    561
     120       0       0       1       0                               0D    562
     110     373       0       0       0       0       0       001010001D    563
     110       0       0       1       0                               0D    564
     124     374       0       0       0       0       0       001020201D    565
     124       0       0       1       0                               0D    566
     100     375       0       0       0       0     565       001010001D    567
     100       0       0       1       0                               0D    568
     110     376       0       0       0       0       0       001010001D    569
     110       0       0       1       0                               0D    570
     124     377       0       0       0       0       0       001020201D    571
     124       0       0       2       0                               0D    572
     100     379       0       0       0       0     571       001010001D    573
     100       0       0       1       0                               0D    574
     102     380       0       0       0       0       0       001010001D    575
     102       0       0       1       0                               0D    576
     142     381       0       0       0       0       0       001010001D    577
     142       0       0       1       0                               0D    578
     144     382       0       0   10000       0       0       000010000D    579
     144       0       0       1       0                               0D    580
     124     383       0       0       0       0       0       001020201D    581
     124       0       0       1       0                               0D    582
     100     384       0       0       0       0     581       001010001D    583
     100       0       0       1       0                               0D    584
     124     385       0       0       0       0       0       001020201D    585
     124       0       0       2       0                               0D    586
     100     387       0       0       0       0     585       001010001D    587
     100       0       0       1       0                               0D    588
     102     388       0       0       0       0       0       001010001D    589
     102       0       0       1       0                               0D    590
     142     389       0       0       0       0       0       001010001D    591
     142       0       0       1       0                               0D    592
     124     390       0       0       0       0       0       001020201D    593
     124       0       0       1       0                               0D    594
     100     391       0       0       0       0     593       001010001D    595
     100       0       0       1       0                               0D    596
     124     392       0       0       0       0       0       001020201D    597
     124       0       0       2       0                               0D    598
     100     394       0       0       0       0     597       001010001D    599
     100       0       0       1       0                               0D    600
     102     395       0       0       0       0       0       001010001D    601
     102       0       0       1       0                               0D    602
     142     396       0       0       0       0       0       001010001D    603
     142       0       0       1       0                               0D    604
     144     397       0       0   10000       0       0       000010000D    605
     144       0       0       1       0                               0D    606
     108     398       0       0       0       0       0       001010001D    607
     108       0       0       1       0                               0D    608
     124     399       0       0       0       0       0       001020201D    609
     124       0       0       1       0                               0D    610
     100     400       0       0       0       0     609       001010001D    611
     100       0       0       1       0                               0D    612
     124     401       0       0       0       0       0       001020201D    613
     124       0       0       2       0                               0D    614
     100     403       0       0       0       0     613       001010001D    615
     100       0       0       1       0                               0D    616
     102     404       0       0       0       0       0       001010001D    617
     102       0       0       1       0                               0D    618
     142     405       0       0       0       0       0       001010001D    619
     142       0       0       1       0                               0D    620
     124     406       0       0       0       0       0       001020201D    621
     124       0       0       1       0                               0D    622
     100     407       0       0       0       0     621       001010001D    623
     100       0       0       1       0                               0D    624
     124     408       0       0       0       0       0       001020201D    625
     124       0       0       2       0                               0D    626
     100     410       0       0       0       0     625       001010001D    627
     100       0       0       1       0                               0D    628
     102     411       0       0       0       0       0       001010001D    629
     102       0       0       1       0                               0D    630
     142     412       0       0       0       0       0       001010001D    631
     142       0       0       1       0                               0D    632
     144     413       0       0   10000       0       0       000010000D    633
     144       0       0       1       0                               0D    634
     406     414       0       0       0       0       0       000010201D    635
     406       0       0       1      15                               0D    636
     308     415       0       0       0       0       0       000010200D    637
     308       0       0       1       0                               0D    638
     406     416       0       0       0       0       0       000010201D    639
     406       0       0       1      15                               0D    640
     408     417       0       0       0       0     483       000000000D    641
     408       0       0       1       0                               0D    642
     124     418       0       0       0       0       0       000000000D    643
     124       0       0       2       0                               0D    644
     110     420       0       0       0       0       0       001010001D    645
     110       0       0       1       0                               0D    646
     110     421       0       0       0       0       0       001010001D    647
     110       0       0       2       0                               0D    648
     120     423       0       0       0       0       0       001010001D    649
     120       0       0       1       0                               0D    650
     124     424       0       0       0       0       0       001020201D    651
     124       0       0       2       0                               0D    652
     100     426       0       0       0       0     651       001010001D    653
     100       0       0       2       0                               0D    654
     110     428       0       0       0       0       0       001010001D    655
     110       0       0       2       0                               0D    656
     124     430       0       0       0       0       0       001020201D    657
     124       0       0       2       0                               0D    658
     100     432       0       0       0       0     657       001010001D    659
     100       0       0       1       0                               0D    660
     110     433       0       0       0       0       0       001010001D    661
     110       0       0       2       0                               0D    662
     102     435       0       0       0       0       0       001010001D    663
     102       0       0       1       0                               0D    664
     142     436       0       0       0       0       0       001010001D    665
     142       0       0       1       0                               0D    666
     144     437       0       0   10000       0       0       000010000D    667
     144       0       0       1       0                               0D    668
     110     438       0       0       0       0       0       001010001D    669
     110       0       0       1       0                               0D    670
     110     439       0       0       0       0       0       001010001D    671
     110       0       0       2       0                               0D    672
     120     441       0       0       0       0       0       001010001D    673
     120       0       0       1       0                               0D    674
     124     442       0       0       0       0       0       001020201D    675
     124       0       0       2       0                               0D    676
     100     444       0       0       0       0     675       001010001D    677
     100       0       0       2       0                               0D    678
     110     446       0       0       0       0       0       001010001D    679
     110       0       0       2       0                               0D    680
     124     448       0       0       0       0       0       001020201D    681
     124       0       0       2       0                               0D    682
     100     450       0       0       0       0     681       001010001D    683
     100       0       0       2       0                               0D    684
     110     452       0       0       0       0       0       001010001D    685
     110       0       0       2       0                               0D    686
     102     454       0       0       0       0       0       001010001D    687
     102       0       0       1       0                               0D    688
     142     455       0       0       0       0       0       001010001D    689
     142       0       0       1       0                               0D    690
     144     456       0       0   10000       0       0       000010000D    691
     144       0       0       1       0                               0D    692
     110     457       0       0       0       0       0       001010001D    693
     110       0       0       1       0                               0D    694
     110     458       0       0       0       0       0       001010001D    695
     110       0       0       2       0                               0D    696
     120     460       0       0       0       0       0       001010001D    697
     120       0       0       1       0                               0D    698
     124     461       0       0       0       0       0       001020201D    699
     124       0       0       2       0                               0D    700
     100     463       0       0       0       0     699       001010001D    701
     100       0       0       1       0                               0D    702
     110     464       0       0       0       0       0       001010001D    703
     110       0       0       2       0                               0D    704
     124     466       0       0       0       0       0       001020201D    705
     124       0       0       2       0                               0D    706
     100     468       0       0       0       0     705       001010001D    707
     100       0       0       1       0                               0D    708
     110     469       0       0       0       0       0       001010001D    709
     110       0       0       2       0                               0D    710
     102     471       0       0       0       0       0       001010001D    711
     102       0       0       1       0                               0D    712
     142     472       0       0       0       0       0       001010001D    713
     142       0       0       1       0                               0D    714
     144     473       0       0   10000       0       0       000010000D    715
     144       0       0       1       0                               0D    716
     110     474       0       0       0       0       0       001010001D    717
     110       0       0       1       0                               0D    718
     110     475       0       0       0       0       0       001010001D    719
     110       0       0       2       0                               0D    720
     120     477       0       0       0       0       0       001010001D    721
     120       0       0       1       0                               0D    722
     124     478       0       0       0       0       0       001020201D    723
     124       0       0       2       0                               0D    724
     100     480       0       0       0       0     723       001010001D    725
     100       0       0       1       0                               0D    726
     110     481       0       0       0       0       0       001010001D    727
     110       0       0       2       0                               0D    728
     124     483       0       0       0       0       0       001020201D    729
     124       0       0       2       0                               0D    730
     100     485       0       0       0       0     729       001010001D    731
     100       0       0       1       0                               0D    732
     110     486       0       0       0       0       0       001010001D    733
     110       0       0       2       0                               0D    734
     102     488       0       0       0       0       0       001010001D    735
     102       0       0       1       0                               0D    736
     142     489       0       0       0       0       0       001010001D    737
     142       0       0       1       0                               0D    738
     144     490       0       0   10000       0       0       000010000D    739
     144       0       0       1       0                               0D    740
     110     491       0       0       0       0       0       001010001D    741
     110       0       0       1       0                               0D    742
     110     492       0       0       0       0       0       001010001D    743
     110       0       0       2       0                               0D    744
     120     494       0       0       0       0       0       001010001D    745
     120       0       0       1       0                               0D    746
     124     495       0       0       0       0       0       001020201D    747
     124       0       0       2       0                               0D    748
     100     497       0       0       0       0     747       001010001D    749
     100       0       0       1       0                               0D    750
     110     498       0       0       0       0       0       001010001D    751
     110       0       0       2       0                               0D    752
     124     500       0       0       0       0       0       001020201D    753
     124       0       0       2       0                               0D    754
     100     502       0       0       0       0     753       001010001D    755
     100       0       0       1       0                               0D    756
     110     503       0       0       0       0       0       001010001D    757
     110       0       0       2       0                               0D    758
     102     505       0       0       0       0       0       001010001D    759
     102       0       0       1       0                               0D    760
     142     506       0       0       0       0       0       001010001D    761
     142       0       0       1       0                               0D    762
     144     507       0       0   10000       0       0       000010000D    763
     144       0       0       1       0                               0D    764
     110     508       0       0       0       0       0       001010001D    765
     110       0       0       1       0                               0D    766
     110     509       0       0       0       0       0       001010001D    767
     110       0       0       2       0                               0D    768
     120     511       0       0       0       0       0       001010001D    769
     120       0       0       1       0                               0D    770
     124     512       0       0       0       0       0       001020201D    771
     124       0       0       2       0                               0D    772
     100     514       0       0       0       0     771       001010001D    773
     100       0       0       1       0                               0D    774
     110     515       0       0       0       0       0       001010001D    775
     110       0       0       2       0                               0D    776
     124     517       0       0       0       0       0       001020201D    777
     124       0       0       2       0                               0D    778
     100     519       0       0       0       0     777       001010001D    779
     100       0       0       1       0                               0D    780
     110     520       0       0       0       0       0       001010001D    781
     110       0       0       2       0                               0D    782
     102     522       0       0       0       0       0       001010001D    783
     102       0       0       1       0                               0D    784
     142     523       0       0       0       0       0       001010001D    785
     142       0       0       1       0                               0D    786
     144     524       0       0   10000       0       0       000010000D    787
     144       0       0       1       0                               0D    788
     108     525       0       0       0       0       0       001010001D    789
     108       0       0       1       0                               0D    790
     124     526       0       0       0       0       0       001020201D    791
     124       0       0       2       0                               0D    792
     100     528       0       0       0       0     791       001010001D    793
     100       0       0       2       0                               0D    794
     124     530       0       0       0       0       0       001020201D    795
     124       0       0       2       0                               0D    796
     100     532       0       0       0       0     795       001010001D    797
     100       0       0       1       0                               0D    798
     102     533       0       0       0       0       0       001010001D    799
     102       0       0       1       0                               0D    800
     142     534       0       0       0       0       0       001010001D    801
     142       0       0       1       0                               0D    802
     124     535       0       0       0       0       0       001020201D    803
     124       0       0       2       0                               0D    804
     100     537       0       0       0       0     803       001010001D    805
     100       0       0       1       0                               0D    806
     124     538       0       0       0       0       0       001020201D    807
     124       0       0       2       0                               0D    808
     100     540       0       0       0       0     807       001010001D    809
     100       0       0       1       0                               0D    810
     102     541       0       0       0       0       0       001010001D    811
     102       0       0       1       0                               0D    812
     142     542       0       0       0       0       0       001010001D    813
     142       0       0       1       0                               0D    814
     144     543       0       0   10000       0       0       000010000D    815
     144       0       0       1       0                               0D    816
     124     544       0       0       0       0       0       001020201D    817
     124       0       0       2       0                               0D    818
     100     546       0       0       0       0     817       001010001D    819
     100       0       0       2       0                               0D    820
     124     548       0       0       0       0       0       001020201D    821
     124       0       0       2       0                               0D    822
     100     550       0       0       0       0     821       001010001D    823
     100       0       0       2       0                               0D    824
     102     552       0       0       0       0       0       001010001D    825
     102       0       0       1       0                               0D    826
     142     553       0       0       0       0       0       001010001D    827
     142       0       0       1       0                               0D    828
     124     554       0       0       0       0       0       001020201D    829
     124       0       0       2       0                               0D    830
     100     556       0       0       0       0     829       001010001D    831
     100       0       0       1       0                               0D    832
     124     557       0       0       0       0       0       001020201D    833
     124       0       0       2       0                               0D    834
     100     559       0       0       0       0     833       001010001D    835
     100       0       0       1       0                               0D    836
     102     560       0       0       0       0       0       001010001D    837
     102       0       0       1       0                               0D    838
     142     561       0       0       0       0       0       001010001D    839
     142       0       0       1       0                               0D    840
     144     562       0       0   10000       0       0       000010000D    841
     144       0       0       1       0                               0D    842
     406     563       0       0       0       0       0       000010201D    843
     406       0       0       1      15                               0D    844
     308     564       0       0       0       0       0       000010200D    845
     308       0       0       1       0                               0D    846
     406     565       0       0       0       0       0       000010201D    847
     406       0       0       1      15                               0D    848
     408     566       0       0       0       0     643       000000000D    849
     408       0       0       1       0                               0D    850
     124     567       0       0       0       0       0       000000000D    851
     124       0       0       2       0                               0D    852
     110     569       0       0       0       0       0       001010001D    853
     110       0       0       1       0                               0D    854
     110     570       0       0       0       0       0       001010001D    855
     110       0       0       1       0                               0D    856
     120     571       0       0       0       0       0       001010001D    857
     120       0       0       1       0                               0D    858
     124     572       0       0       0       0       0       001020201D    859
     124       0       0       1       0                               0D    860
     100     573       0       0       0       0     859       001010001D    861
     100       0       0       1       0                               0D    862
     110     574       0       0       0       0       0       001010001D    863
     110       0       0       1       0                               0D    864
     124     575       0       0       0       0       0       001020201D    865
     124       0       0       2       0                               0D    866
     100     577       0       0       0       0     865       001010001D    867
     100       0       0       1       0                               0D    868
     110     578       0       0       0       0       0       001010001D    869
     110       0       0       1       0                               0D    870
     102     579       0       0       0       0       0       001010001D    871
     102       0       0       1       0                               0D    872
     142     580       0       0       0       0       0       001010001D    873
     142       0       0       1       0                               0D    874
     144     581       0       0   10000       0       0       000010000D    875
     144       0       0       1       0                               0D    876
     110     582       0       0       0       0       0       001010001D    877
     110       0       0       1       0                               0D    878
     110     583       0       0       0       0       0       001010001D    879
     110       0       0       1       0                               0D    880
     120     584       0       0       0       0       0       001010001D    881
     120       0       0       1       0                               0D    882
     124     585       0       0       0       0       0       001020201D    883
     124       0       0       2       0                               0D    884
     100     587       0       0       0       0     883       001010001D    885
     100       0       0       1       0                               0D    886
     110     588       0       0       0       0       0       001010001D    887
     110       0       0       1       0                               0D    888
     124     589       0       0       0       0       0       001020201D    889
     124       0       0       1       0                               0D    890
     100     590       0       0       0       0     889       001010001D    891
     100       0       0       1       0                               0D    892
     110     591       0       0       0       0       0       001010001D    893
     110       0       0       1       0                               0D    894
     102     592       0       0       0       0       0       001010001D    895
     102       0       0       1       0                               0D    896
     142     593       0       0       0       0       0       001010001D    897
     142       0       0       1       0                               0D    898
     144     594       0       0   10000       0       0       000010000D    899
     144       0       0       1       0                               0D    900
     110     595       0       0       0       0       0       001010001D    901
     110       0       0       1       0                               0D    902
     110     596       0       0       0       0       0       001010001D    903
     110       0       0       1       0                               0D    904
     120     597       0       0       0       0       0       001010001D    905
     120       0       0       1       0                               0D    906
     110     598       0       0       0       0       0       001010001D    907
     110       0       0       1       0                               0D    908
     124     599       0       0       0       0       0       001020201D    909
     124       0       0       2       0                               0D    910
     100     601       0       0       0       0     909       001010001D    911
     100       0       0       1       0                               0D    912
     110     602       0       0       0       0       0       001010001D    913
     110       0       0       1       0                               0D    914
     124     603       0       0       0       0       0       001020201D    915
     124       0       0       1       0                               0D    916
     100     604       0       0       0       0     915       001010001D    917
     100       0       0       1       0                               0D    918
     102     605       0       0       0       0       0       001010001D    919
     102       0       0       1       0                               0D    920
     142     606       0       0       0       0       0       001010001D    921
     142       0       0       1       0                               0D    922
     144     607       0       0   10000       0       0       000010000D    923
     144       0       0       1       0                               0D    924
     110     608       0       0       0       0       0       001010001D    925
     110       0       0       1       0                               0D    926
     110     609       0       0       0       0       0       001010001D    927
     110       0       0       1       0                               0D    928
     120     610       0       0       0       0       0       001010001D    929
     120       0       0       1       0                               0D    930
     110     611       0       0       0       0       0       001010001D    931
     110       0       0       1       0                               0D    932
     124     612       0       0       0       0       0       001020201D    933
     124       0       0       1       0                               0D    934
     100     613       0       0       0       0     933       001010001D    935
     100       0       0       1       0                               0D    936
     110     614       0       0       0       0       0       001010001D    937
     110       0       0       1       0                               0D    938
     124     615       0       0       0       0       0       001020201D    939
     124       0       0       2       0                               0D    940
     100     617       0       0       0       0     939       001010001D    941
     100       0       0       1       0                               0D    942
     102     618       0       0       0       0       0       001010001D    943
     102       0       0       1       0                               0D    944
     142     619       0       0       0       0       0       001010001D    945
     142       0       0       1       0                               0D    946
     144     620       0       0   10000       0       0       000010000D    947
     144       0       0       1       0                               0D    948
     124     621       0       0       0       0       0       001020201D    949
     124       0       0       1       0                               0D    950
     100     622       0       0       0       0     949       001010001D    951
     100       0       0       1       0                               0D    952
     124     623       0       0       0       0       0       001020201D    953
     124       0       0       2       0                               0D    954
     100     625       0       0       0       0     953       001010001D    955
     100       0       0       1       0                               0D    956
     102     626       0       0       0       0       0       001010001D    957
     102       0       0       1       0                               0D    958
     142     627       0       0       0       0       0       001010001D    959
     142       0       0       1       0                               0D    960
     124     628       0       0       0       0       0       001020201D    961
     124       0       0       1       0                               0D    962
     100     629       0       0       0       0     961       001010001D    963
     100       0       0       1       0                               0D    964
     124     630       0       0       0       0       0       001020201D    965
     124       0       0       2       0                               0D    966
     100     632       0       0       0       0     965       001010001D    967
     100       0       0       1       0                               0D    968
     102     633       0       0       0       0       0       001010001D    969
     102       0       0       1       0                               0D    970
     142     634       0       0       0       0       0       001010001D    971
     142       0       0       1       0                               0D    972
     144     635       0       0   10000       0       0       000010000D    973
     144       0       0       1       0                               0D    974
     124     636       0       0       0       0       0       001020201D    975
     124       0       0       1       0                               0D    976
     100     637       0       0       0       0     975       001010001D    977
     100       0       0       1       0                               0D    978
     124     638       0       0       0       0       0       001020201D    979
     124       0       0       2       0                               0D    980
     100     640       0       0       0       0     979       001010001D    981
     100       0       0       1       0                               0D    982
     102     641       0       0       0       0       0       001010001D    983
     102       0       0       1       0                               0D    984
     142     642       0       0       0       0       0       001010001D    985
     142       0       0       1       0                               0D    986
     124     643       0       0       0       0       0       001020201D    987
     124       0       0       1       0                               0D    988
     100     644       0       0       0       0     987       001010001D    989
     100       0       0       1       0                               0D    990
     124     645       0       0       0       0       0       001020201D    991
     124       0       0       2       0                               0D    992
     100     647       0       0       0       0     991       001010001D    993
     100       0       0       1       0                               0D    994
     102     648       0       0       0       0       0       001010001D    995
     102       0       0       1       0                               0D    996
     142     649       0       0       0       0       0       001010001D    997
     142       0       0       1       0                               0D    998
     144     650       0       0   10000       0       0       000010000D    999
     144       0       0       1       0                               0D   1000
     406     651       0       0       0       0       0       000010201D   1001
     406       0       0       1      15                               0D   1002
     308     652       0       0       0       0       0       000010200D   1003
     308       0       0       1       0                               0D   1004
     406     653       0       0       0       0       0       000010201D   1005
     406       0       0       1      15                               0D   1006
     408     654       0       0       0       0     851       000000000D   1007
     408       0       0       1       0                               0D   1008
     124     655       0       0       0       0       0       000000000D   1009
     124       0       0       2       0                               0D   1010
     108     657       0       0       0       0       0       001010001D   1011
     108       0       0       1       0                               0D   1012
     110     658       0       0       0       0       0       001010001D   1013
     110       0       0       1       0                               0D   1014
     110     659       0       0       0       0       0       001010001D   1015
     110       0       0       1       0                               0D   1016
     110     660       0       0       0       0       0       001010001D   1017
     110       0       0       1       0                               0D   1018
     110     661       0       0       0       0       0       001010001D   1019
     110       0       0       1       0                               0D   1020
     102     662       0       0       0       0       0       001010001D   1021
     102       0       0       1       0                               0D   1022
     142     663       0       0       0       0       0       001010001D   1023
     142       0       0       1       0                               0D   1024
     144     664       0       0   10000       0       0       000010000D   1025
     144       0       0       1       0                               0D   1026
     110     665       0       0       0       0       0       001010001D   1027
     110       0       0       1       0                               0D   1028
     110     666       0       0       0       0       0       001010001D   1029
     110       0       0       2       0                               0D   1030
     120     668       0       0       0       0       0       001010001D   1031
     120       0       0       1       0                               0D   1032
     110     669       0       0       0       0       0       001010001D   1033
     110       0       0       1       0                               0D   1034
     124     670       0       0       0       0       0       001020201D   1035
     124       0       0       2       0                               0D   1036
     100     672       0       0       0       0    1035       001010001D   1037
     100       0       0       1       0                               0D   1038
     110     673       0       0       0       0       0       001010001D   1039
     110       0       0       1       0                               0D   1040
     124     674       0       0       0       0       0       001020201D   1041
     124       0       0       2       0                               0D   1042
     100     676       0       0       0       0    1041       001010001D   1043
     100       0       0       1       0                               0D   1044
     110     677       0       0       0       0       0       001010001D   1045
     110       0       0       2       0                               0D   1046
     124     679       0       0       0       0       0       001020201D   1047
     124       0       0       2       0                               0D   1048
     100     681       0       0       0       0    1047       001010001D   1049
     100       0       0       1       0                               0D   1050
     110     682       0       0       0       0       0       001010001D   1051
     110       0       0       2       0                               0D   1052
     124     684       0       0       0       0       0       001020201D   1053
     124       0       0       2       0                               0D   1054
     100     686       0       0       0       0    1053       001010001D   1055
     100       0       0       1       0                               0D   1056
     110     687       0       0       0       0       0       001010001D   1057
     110       0       0       1       0                               0D   1058
     124     688       0       0       0       0       0       001020201D   1059
     124       0       0       2       0                               0D   1060
     100     690       0       0       0       0    1059       001010001D   1061
     100       0       0       1       0                               0D   1062
     110     691       0       0       0       0       0       001010001D   1063
     110       0       0       2       0                               0D   1064
     124     693       0       0       0       0       0       001020201D   1065
     124       0       0       2       0                               0D   1066
     100     695       0       0       0       0    1065       001010001D   1067
     100       0       0       1       0                               0D   1068
     102     696       0       0       0       0       0       001010001D   1069
     102       0       0       2       0                               0D   1070
     142     698       0       0       0       0       0       001010001D   1071
     142       0       0       1       0                               0D   1072
     126     699       0       0       0       0       0       001010001D   1073
     126       0       0      25       0                               0D   1074
     110     724       0       0       0       0       0       001010001D   1075
     110       0       0       1       0                               0D   1076
     126     725       0       0       0       0       0       001010001D   1077
     126       0       0      25       0                               0D   1078
     110     750       0       0       0       0       0       001010001D   1079
     110       0       0       1       0                               0D   1080
     102     751       0       0       0       0       0       001010001D   1081
     102       0       0       1       0                               0D   1082
     142     752       0       0       0       0       0       001010001D   1083
     142       0       0       1       0                               0D   1084
     144     753       0       0   10000       0       0       000010000D   1085
     144       0       0       1       0                               0D   1086
     110     754       0       0       0       0       0       001010001D   1087
     110       0       0       2       0                               0D   1088
     110     756       0       0       0       0       0       001010001D   1089
     110       0       0       1       0                               0D   1090
     120     757       0       0       0       0       0       001010001D   1091
     120       0       0       1       0                               0D   1092
     126     758       0       0       0       0       0       001010001D   1093
     126       0       0      24       0                               0D   1094
     110     782       0       0       0       0       0       001010001D   1095
     110       0       0       1       0                               0D   1096
     126     783       0       0       0       0       0       001010001D   1097
     126       0       0      25       0                               0D   1098
     110     808       0       0       0       0       0       001010001D   1099
     110       0       0       1       0                               0D   1100
     102     809       0       0       0       0       0       001010001D   1101
     102       0       0       1       0                               0D   1102
     142     810       0       0       0       0       0       001010001D   1103
     142       0       0       1       0                               0D   1104
     144     811       0       0   10000       0       0       000010000D   1105
     144       0       0       1       0                               0D   1106
     124     812       0       0       0       0       0       001020201D   1107
     124       0       0       2       0                               0D   1108
     100     814       0       0       0       0    1107       001010001D   1109
     100       0       0       1       0                               0D   1110
     110     815       0       0       0       0       0       001010001D   1111
     110       0       0       2       0                               0D   1112
     124     817       0       0       0       0       0       001020201D   1113
     124       0       0       2       0                               0D   1114
     100     819       0       0       0       0    1113       001010001D   1115
     100       0       0       1       0                               0D   1116
     110     820       0       0       0       0       0       001010001D   1117
     110       0       0       1       0                               0D   1118
     102     821       0       0       0       0       0       001010001D   1119
     102       0       0       1       0                               0D   1120
     142     822       0       0       0       0       0       001010001D   1121
     142       0       0       1       0                               0D   1122
     144     823       0       0   10000       0       0       000010000D   1123
     144       0       0       1       0                               0D   1124
     108     824       0       0       0       0       0       001010001D   1125
     108       0       0       1       0                               0D   1126
     110     825       0       0       0       0       0       001010001D   1127
     110       0       0       2       0                               0D   1128
     110     827       0       0       0       0       0       001010001D   1129
     110       0       0       2       0                               0D   1130
     110     829       0       0       0       0       0       001010001D   1131
     110       0       0       2       0                               0D   1132
     110     831       0       0       0       0       0       001010001D   1133
     110       0       0       1       0                               0D   1134
     102     832       0       0       0       0       0       001010001D   1135
     102       0       0       1       0                               0D   1136
     142     833       0       0       0       0       0       001010001D   1137
     142       0       0       1       0                               0D   1138
     144     834       0       0   10000       0       0       000010000D   1139
     144       0       0       1       0                               0D   1140
     108     835       0       0       0       0       0       001010001D   1141
     108       0       0       1       0                               0D   1142
     124     836       0       0       0       0       0       001020201D   1143
     124       0       0       2       0                               0D   1144
     100     838       0       0       0       0    1143       001010001D   1145
     100       0       0       1       0                               0D   1146
     110     839       0       0       0       0       0       001010001D   1147
     110       0       0       1       0                               0D   1148
     124     840       0       0       0       0       0       001020201D   1149
     124       0       0       3       0                               0D   1150
     100     843       0       0       0       0    1149       001010001D   1151
     100       0       0       1       0                               0D   1152
     110     844       0       0       0       0       0       001010001D   1153
     110       0       0       1       0                               0D   1154
     102     845       0       0       0       0       0       001010001D   1155
     102       0       0       1       0                               0D   1156
     142     846       0       0       0       0       0       001010001D   1157
     142       0       0       1       0                               0D   1158
     144     847       0       0   10000       0       0       000010000D   1159
     144       0       0       1       0                               0D   1160
     108     848       0       0       0       0       0       001010001D   1161
     108       0       0       1       0                               0D   1162
     110     849       0       0       0       0       0       001010001D   1163
     110       0       0       1       0                               0D   1164
     110     850       0       0       0       0       0       001010001D   1165
     110       0       0       1       0                               0D   1166
     110     851       0       0       0       0       0       001010001D   1167
     110       0       0       1       0                               0D   1168
     110     852       0       0       0       0       0       001010001D   1169
     110       0       0       1       0                               0D   1170
     102     853       0       0       0       0       0       001010001D   1171
     102       0       0       1       0                               0D   1172
     142     854       0       0       0       0       0       001010001D   1173
     142       0       0       1       0                               0D   1174
     144     855       0       0   10000       0       0       000010000D   1175
     144       0       0       1       0                               0D   1176
     124     856       0       0       0       0       0       001020201D   1177
     124       0       0       2       0                               0D   1178
     100     858       0       0       0       0    1177       001010001D   1179
     100       0       0       1       0                               0D   1180
     124     859       0       0       0       0       0       001020201D   1181
     124       0       0       2       0                               0D   1182
     100     861       0       0       0       0    1181       001010001D   1183
     100       0       0       1       0                               0D   1184
     110     862       0       0       0       0       0       001010001D   1185
     110       0       0       1       0                               0D   1186
     124     863       0       0       0       0       0       001020201D   1187
     124       0       0       2       0                               0D   1188
     100     865       0       0       0       0    1187       001010001D   1189
     100       0       0       1       0                               0D   1190
     124     866       0       0       0       0       0       001020201D   1191
     124       0       0       2       0                               0D   1192
     100     868       0       0       0       0    1191       001010001D   1193
     100       0       0       1       0                               0D   1194
     110     869       0       0       0       0       0       001010001D   1195
     110       0       0       1       0                               0D   1196
     102     870       0       0       0       0       0       001010001D   1197
     102       0       0       1       0                               0D   1198
     142     871       0       0       0       0       0       001010001D   1199
     142       0       0       1       0                               0D   1200
     144     872       0       0   10000       0       0       000010000D   1201
     144       0       0       1       0                               0D   1202
     110     873       0       0       0       0       0       001010001D   1203
     110       0       0       1       0                               0D   1204
     110     874       0       0       0       0       0       001010001D   1205
     110       0       0       2       0                               0D   1206
     120     876       0       0       0       0       0       001010001D   1207
     120       0       0       1       0                               0D   1208
     110     877       0       0       0       0       0       001010001D   1209
     110       0       0       1       0                               0D   1210
     124     878       0       0       0       0       0       001020201D   1211
     124       0       0       2       0                               0D   1212
     100     880       0       0       0       0    1211       001010001D   1213
     100       0       0       1       0                               0D   1214
     110     881       0       0       0       0       0       001010001D   1215
     110       0       0       1       0                               0D   1216
     124     882       0       0       0       0       0       001020201D   1217
     124       0       0       2       0                               0D   1218
     100     884       0       0       0       0    1217       001010001D   1219
     100       0       0       1       0                               0D   1220
     110     885       0       0       0       0       0       001010001D   1221
     110       0       0       2       0                               0D   1222
     124     887       0       0       0       0       0       001020201D   1223
     124       0       0       2       0                               0D   1224
     100     889       0       0       0       0    1223       001010001D   1225
     100       0       0       1       0                               0D   1226
     110     890       0       0       0       0       0       001010001D   1227
     110       0       0       2       0                               0D   1228
     124     892       0       0       0       0       0       001020201D   1229
     124       0       0       2       0                               0D   1230
     100     894       0       0       0       0    1229       001010001D   1231
     100       0       0       1       0                               0D   1232
     110     895       0       0       0       0       0       001010001D   1233
     110       0       0       2       0                               0D   1234
     124     897       0       0       0       0       0       001020201D   1235
     124       0       0       2       0                               0D   1236
     100     899       0       0       0       0    1235       001010001D   1237
     100       0       0       1       0                               0D   1238
     110     900       0       0       0       0       0       001010001D   1239
     110       0       0       1       0                               0D   1240
     124     901       0       0       0       0       0       001020201D   1241
     124       0       0       2       0                               0D   1242
     100     903       0       0       0       0    1241       001010001D   1243
     100       0       0       1       0                               0D   1244
     102     904       0       0       0       0       0       001010001D   1245
     102       0       0       2       0                               0D   1246
     142     906       0       0       0       0       0       001010001D   1247
     142       0       0       1       0                               0D   1248
     144     907       0       0   10000       0       0       000010000D   1249
     144       0       0       1       0                               0D   1250
     124     908       0       0       0       0       0       001020201D   1251
     124       0       0       2       0                               0D   1252
     100     910       0       0       0       0    1251       001010001D   1253
     100       0       0       1       0                               0D   1254
     124     911       0       0       0       0       0       001020201D   1255
     124       0       0       2       0                               0D   1256
     100     913       0       0       0       0    1255       001010001D   1257
     100       0       0       1       0                               0D   1258
     110     914       0       0       0       0       0       001010001D   1259
     110       0       0       2       0                               0D   1260
     124     916       0       0       0       0       0       001020201D   1261
     124       0       0       2       0                               0D   1262
     100     918       0       0       0       0    1261       001010001D   1263
     100       0       0       1       0                               0D   1264
     124     919       0       0       0       0       0       001020201D   1265
     124       0       0       2       0                               0D   1266
     100     921       0       0       0       0    1265       001010001D   1267
     100       0       0       1       0                               0D   1268
     110     922       0       0       0       0       0       001010001D   1269
     110       0       0       1       0                               0D   1270
     102     923       0       0       0       0       0       001010001D   1271
     102       0       0       1       0                               0D   1272
     142     924       0       0       0       0       0       001010001D   1273
     142       0       0       1       0                               0D   1274
     144     925       0       0   10000       0       0       000010000D   1275
     144       0       0       1       0                               0D   1276
     108     926       0       0       0       0       0       001010001D   1277
     108       0       0       2       0                               0D   1278
     110     928       0       0       0       0       0       001010001D   1279
     110       0       0       1       0                               0D   1280
     110     929       0       0       0       0       0       001010001D   1281
     110       0       0       1       0                               0D   1282
     110     930       0       0       0       0       0       001010001D   1283
     110       0       0       1       0                               0D   1284
     110     931       0       0       0       0       0       001010001D   1285
     110       0       0       1       0                               0D   1286
     102     932       0       0       0       0       0       001010001D   1287
     102       0       0       1       0                               0D   1288
     142     933       0       0       0       0       0       001010001D   1289
     142       0       0       1       0                               0D   1290
     144     934       0       0   10000       0       0       000010000D   1291
     144       0       0       1       0                               0D   1292
     124     935       0       0       0       0       0       001020201D   1293
     124       0       0       2       0                               0D   1294
     100     937       0       0       0       0    1293       001010001D   1295
     100       0       0       1       0                               0D   1296
     110     938       0       0       0       0       0       001010001D   1297
     110       0       0       1       0                               0D   1298
     124     939       0       0       0       0       0       001020201D   1299
     124       0       0       3       0                               0D   1300
     100     942       0       0       0       0    1299       001010001D   1301
     100       0       0       1       0                               0D   1302
     110     943       0       0       0       0       0       001010001D   1303
     110       0       0       1       0                               0D   1304
     102     944       0       0       0       0       0       001010001D   1305
     102       0       0       1       0                               0D   1306
     142     945       0       0       0       0       0       001010001D   1307
     142       0       0       1       0                               0D   1308
     144     946       0       0   10000       0       0       000010000D   1309
     144       0       0       1       0                               0D   1310
     110     947       0       0       0       0       0       001010001D   1311
     110       0       0       1       0                               0D   1312
     110     948       0       0       0       0       0       001010001D   1313
     110       0       0       2       0                               0D   1314
     120     950       0       0       0       0       0       001010001D   1315
     120       0       0       1       0                               0D   1316
     124     951       0       0       0       0       0       001020201D   1317
     124       0       0       2       0                               0D   1318
     100     953       0       0       0       0    1317       001010001D   1319
     100       0       0       1       0                               0D   1320
     110     954       0       0       0       0       0       001010001D   1321
     110       0       0       1       0                               0D   1322
     124     955       0       0       0       0       0       001020201D   1323
     124       0       0       2       0                               0D   1324
     100     957       0       0       0       0    1323       001010001D   1325
     100       0       0       1       0                               0D   1326
     110     958       0       0       0       0       0       001010001D   1327
     110       0       0       2       0                               0D   1328
     124     960       0       0       0       0       0       001020201D   1329
     124       0       0       2       0                               0D   1330
     100     962       0       0       0       0    1329       001010001D   1331
     100       0       0       1       0                               0D   1332
     110     963       0       0       0       0       0       001010001D   1333
     110       0       0       2       0                               0D   1334
     124     965       0       0       0       0       0       001020201D   1335
     124       0       0       2       0                               0D   1336
     100     967       0       0       0       0    1335       001010001D   1337
     100       0       0       1       0                               0D   1338
     110     968       0       0       0       0       0       001010001D   1339
     110       0       0       2       0                               0D   1340
     124     970       0       0       0       0       0       001020201D   1341
     124       0       0       2       0                               0D   1342
     100     972       0       0       0       0    1341       001010001D   1343
     100       0       0       1       0                               0D   1344
     110     973       0       0       0       0       0       001010001D   1345
     110       0       0       1       0                               0D   1346
     124     974       0       0       0       0       0       001020201D   1347
     124       0       0       2       0                               0D   1348
     100     976       0       0       0       0    1347       001010001D   1349
     100       0       0       1       0                               0D   1350
     110     977       0       0       0       0       0       001010001D   1351
     110       0       0       1       0                               0D   1352
     102     978       0       0       0       0       0       001010001D   1353
     102       0       0       2       0                               0D   1354
     142     980       0       0       0       0       0       001010001D   1355
     142       0       0       1       0                               0D   1356
     144     981       0       0   10000       0       0       000010000D   1357
     144       0       0       1       0                               0D   1358
     124     982       0       0       0       0       0       001020201D   1359
     124       0       0       2       0                               0D   1360
     100     984       0       0       0       0    1359       001010001D   1361
     100       0       0       1       0                               0D   1362
     110     985       0       0       0       0       0       001010001D   1363
     110       0       0       1       0                               0D   1364
     124     986       0       0       0       0       0       001020201D   1365
     124       0       0       2       0                               0D   1366
     100     988       0       0       0       0    1365       001010001D   1367
     100       0       0       1       0                               0D   1368
     110     989       0       0       0       0       0       001010001D   1369
     110       0       0       1       0                               0D   1370
     102     990       0       0       0       0       0       001010001D   1371
     102       0       0       1       0                               0D   1372
     142     991       0       0       0       0       0       001010001D   1373
     142       0       0       1       0                               0D   1374
     144     992       0       0   10000       0       0       000010000D   1375
     144       0       0       1       0                               0D   1376
     124     993       0       0       0       0       0       001020201D   1377
     124       0       0       2       0                               0D   1378
     100     995       0       0       0       0    1377       001010001D   1379
     100       0       0       1       0                               0D   1380
     110     996       0       0       0       0       0       001010001D   1381
     110       0       0       1       0                               0D   1382
     124     997       0       0       0       0       0       001020201D   1383
     124       0       0       3       0                               0D   1384
     100    1000       0       0       0       0    1383       001010001D   1385
     100       0       0       1       0                               0D   1386
     110    1001       0       0       0       0       0       001010001D   1387
     110       0       0       1       0                               0D   1388
     102    1002       0       0       0       0       0       001010001D   1389
     102       0       0       1       0                               0D   1390
     142    1003       0       0       0       0       0       001010001D   1391
     142       0       0       1       0                               0D   1392
     144    1004       0       0   10000       0       0       000010000D   1393
     144       0       0       1       0                               0D   1394
     124    1005       0       0       0       0       0       001020201D   1395
     124       0       0       2       0                               0D   1396
     100    1007       0       0       0       0    1395       001010001D   1397
     100       0       0       1       0                               0D   1398
     110    1008       0       0       0       0       0       001010001D   1399
     110       0       0       1       0                               0D   1400
     124    1009       0       0       0       0       0       001020201D   1401
     124       0       0       3       0                               0D   1402
     100    1012       0       0       0       0    1401       001010001D   1403
     100       0       0       1       0                               0D   1404
     110    1013       0       0       0       0       0       001010001D   1405
     110       0       0       1       0                               0D   1406
     102    1014       0       0       0       0       0       001010001D   1407
     102       0       0       1       0                               0D   1408
     142    1015       0       0       0       0       0       001010001D   1409
     142       0       0       1       0                               0D   1410
     144    1016       0       0   10000       0       0       000010000D   1411
     144       0       0       1       0                               0D   1412
     110    1017       0       0       0       0       0       001010001D   1413
     110       0       0       1       0                               0D   1414
     110    1018       0       0       0       0       0       001010001D   1415
     110       0       0       1       0                               0D   1416
     110    1019       0       0       0       0       0       001010001D   1417
     110       0       0       1       0                               0D   1418
     110    1020       0       0       0       0       0       001010001D   1419
     110       0       0       1       0                               0D   1420
     102    1021       0       0       0       0       0       001010001D   1421
     102       0       0       1       0                               0D   1422
     142    1022       0       0       0       0       0       001010001D   1423
     142       0       0       1       0                               0D   1424
     144    1023       0       0   10000       0       0       000010000D   1425
     144       0       0       1       0                               0D   1426
     110    1024       0       0       0       0       0       001010001D   1427
     110       0       0       2       0                               0D   1428
     110    1026       0       0       0       0       0       001010001D   1429
     110       0       0       1       0                               0D   1430
     110    1027       0       0       0       0       0       001010001D   1431
     110       0       0       2       0                               0D   1432
     110    1029       0       0       0       0       0       001010001D   1433
     110       0       0       2       0                               0D   1434
     102    1031       0       0       0       0       0       001010001D   1435
     102       0       0       1       0                               0D   1436
     142    1032       0       0       0       0       0       001010001D   1437
     142       0       0       1       0                               0D   1438
     144    1033       0       0   10000       0       0       000010000D   1439
     144       0       0       1       0                               0D   1440
     110    1034       0       0       0       0       0       001010001D   1441
     110       0       0       1       0                               0D   1442
     110    1035       0       0       0       0       0       001010001D   1443
     110       0       0       1       0                               0D   1444
     110    1036       0       0       0       0       0       001010001D   1445
     110       0       0       1       0                               0D   1446
     110    1037       0       0       0       0       0       001010001D   1447
     110       0       0       1       0                               0D   1448
     102    1038       0       0       0       0       0       001010001D   1449
     102       0       0       1       0                               0D   1450
     142    1039       0       0       0       0       0       001010001D   1451
     142       0       0       1       0                               0D   1452
     144    1040       0       0   10000       0       0       000010000D   1453
     144       0       0       1       0                               0D   1454
     108    1041       0       0       0       0       0       001010001D   1455
     108       0       0       2       0                               0D   1456
     110    1043       0       0       0       0       0       001010001D   1457
     110       0       0       1       0                               0D   1458
     110    1044       0       0       0       0       0       001010001D   1459
     110       0       0       1       0                               0D   1460
     110    1045       0       0       0       0       0       001010001D   1461
     110       0       0       1       0                               0D   1462
     110    1046       0       0       0       0       0       001010001D   1463
     110       0       0       1       0                               0D   1464
     102    1047       0       0       0       0       0       001010001D   1465
     102       0       0       1       0                               0D   1466
     142    1048       0       0       0       0       0       001010001D   1467
     142       0       0       1       0                               0D   1468
     144    1049       0       0   10000       0       0       000010000D   1469
     144       0       0       1       0                               0D   1470
     108    1050       0       0       0       0       0       001010001D   1471
     108       0       0       1       0                               0D   1472
     110    1051       0       0       0       0       0       001010001D   1473
     110       0       0       1       0                               0D   1474
     110    1052       0       0       0       0       0       001010001D   1475
     110       0       0       1       0                               0D   1476
     110    1053       0       0       0       0       0       001010001D   1477
     110       0       0       1       0                               0D   1478
     110    1054       0       0       0       0       0       001010001D   1479
     110       0       0       1       0                               0D   1480
     102    1055       0       0       0       0       0       001010001D   1481
     102       0       0       1       0                               0D   1482
     142    1056       0       0       0       0       0       001010001D   1483
     142       0       0       1       0                               0D   1484
     144    1057       0       0   10000       0       0       000010000D   1485
     144       0       0       1       0                               0D   1486
     110    1058       0       0       0       0       0       001010001D   1487
     110       0       0       1       0                               0D   1488
     110    1059       0       0       0       0       0       001010001D   1489
     110       0       0       1       0                               0D   1490
     110    1060       0       0       0       0       0       001010001D   1491
     110       0       0       1       0                               0D   1492
     110    1061       0       0       0       0       0       001010001D   1493
     110       0       0       1       0                               0D   1494
     102    1062       0       0       0       0       0       001010001D   1495
     102       0       0       1       0                               0D   1496
     142    1063       0       0       0       0       0       001010001D   1497
     142       0       0       1       0                               0D   1498
     144    1064       0       0   10000       0       0       000010000D   1499
     144       0       0       1       0                               0D   1500
     108    1065       0       0       0       0       0       001010001D   1501
     108       0       0       1       0                               0D   1502
     124    1066       0       0       0       0       0       001020201D   1503
     124       0       0       2       0                               0D   1504
     100    1068       0       0       0       0    1503       001010001D   1505
     100       0       0       1       0                               0D   1506
     124    1069       0       0       0       0       0       001020201D   1507
     124       0       0       2       0                               0D   1508
     100    1071       0       0       0       0    1507       001010001D   1509
     100       0       0       1       0                               0D   1510
     102    1072       0       0       0       0       0       001010001D   1511
     102       0       0       1       0                               0D   1512
     142    1073       0       0       0       0       0       001010001D   1513
     142       0       0       1       0                               0D   1514
     124    1074       0       0       0       0       0       001020201D   1515
     124       0       0       2       0                               0D   1516
     100    1076       0       0       0       0    1515       001010001D   1517
     100       0       0       1       0                               0D   1518
     124    1077       0       0       0       0       0       001020201D   1519
     124       0       0       2       0                               0D   1520
     100    1079       0       0       0       0    1519       001010001D   1521
     100       0       0       1       0                               0D   1522
     102    1080       0       0       0       0       0       001010001D   1523
     102       0       0       1       0                               0D   1524
     142    1081       0       0       0       0       0       001010001D   1525
     142       0       0       1       0                               0D   1526
     144    1082       0       0   10000       0       0       000010000D   1527
     144       0       0       1       0                               0D   1528
     110    1083       0       0       0       0       0       001010001D   1529
     110       0       0       2       0                               0D   1530
     110    1085       0       0       0       0       0       001010001D   1531
     110       0       0       1       0                               0D   1532
     120    1086       0       0       0       0       0       001010001D   1533
     120       0       0       1       0                               0D   1534
     126    1087       0       0       0       0       0       001010001D   1535
     126       0       0      24       0                               0D   1536
     110    1111       0       0       0       0       0       001010001D   1537
     110       0       0       1       0                               0D   1538
     126    1112       0       0       0       0       0       001010001D   1539
     126       0       0      25       0                               0D   1540
     110    1137       0       0       0       0       0       001010001D   1541
     110       0       0       1       0                               0D   1542
     102    1138       0       0       0       0       0       001010001D   1543
     102       0       0       1       0                               0D   1544
     142    1139       0       0       0       0       0       001010001D   1545
     142       0       0       1       0                               0D   1546
     144    1140       0       0   10000       0       0       000010000D   1547
     144       0       0       1       0                               0D   1548
     110    1141       0       0       0       0       0       001010001D   1549
     110       0       0       1       0                               0D   1550
     110    1142       0       0       0       0       0       001010001D   1551
     110       0       0       2       0                               0D   1552
     120    1144       0       0       0       0       0       001010001D   1553
     120       0       0       1       0                               0D   1554
     124    1145       0       0       0       0       0       001020201D   1555
     124       0       0       2       0                               0D   1556
     100    1147       0       0       0       0    1555       001010001D   1557
     100       0       0       1       0                               0D   1558
     110    1148       0       0       0       0       0       001010001D   1559
     110       0       0       2       0                               0D   1560
     124    1150       0       0       0       0       0       001020201D   1561
     124       0       0       2       0                               0D   1562
     100    1152       0       0       0       0    1561       001010001D   1563
     100       0       0       1       0                               0D   1564
     110    1153       0       0       0       0       0       001010001D   1565
     110       0       0       1       0                               0D   1566
     124    1154       0       0       0       0       0       001020201D   1567
     124       0       0       2       0                               0D   1568
     100    1156       0       0       0       0    1567       001010001D   1569
     100       0       0       1       0                               0D   1570
     110    1157       0       0       0       0       0       001010001D   1571
     110       0       0       2       0                               0D   1572
     124    1159       0       0       0       0       0       001020201D   1573
     124       0       0       2       0                               0D   1574
     100    1161       0       0       0       0    1573       001010001D   1575
     100       0       0       1       0                               0D   1576
     110    1162       0       0       0       0       0       001010001D   1577
     110       0       0       2       0                               0D   1578
     124    1164       0       0       0       0       0       001020201D   1579
     124       0       0       2       0                               0D   1580
     100    1166       0       0       0       0    1579       001010001D   1581
     100       0       0       1       0                               0D   1582
     110    1167       0       0       0       0       0       001010001D   1583
     110       0       0       1       0                               0D   1584
     124    1168       0       0       0       0       0       001020201D   1585
     124       0       0       2       0                               0D   1586
     100    1170       0       0       0       0    1585       001010001D   1587
     100       0       0       1       0                               0D   1588
     110    1171       0       0       0       0       0       001010001D   1589
     110       0       0       1       0                               0D   1590
     102    1172       0       0       0       0       0       001010001D   1591
     102       0       0       2       0                               0D   1592
     142    1174       0       0       0       0       0       001010001D   1593
     142       0       0       1       0                               0D   1594
     110    1175       0       0       0       0       0       001010001D   1595
     110       0       0       1       0                               0D   1596
     126    1176       0       0       0       0       0       001010001D   1597
     126       0       0      24       0                               0D   1598
     110    1200       0       0       0       0       0       001010001D   1599
     110       0       0       1       0                               0D   1600
     126    1201       0       0       0       0       0       001010001D   1601
     126       0       0      24       0                               0D   1602
     102    1225       0       0       0       0       0       001010001D   1603
     102       0       0       1       0                               0D   1604
     142    1226       0       0       0       0       0       001010001D   1605
     142       0       0       1       0                               0D   1606
     144    1227       0       0   10000       0       0       000010000D   1607
     144       0       0       1       0                               0D   1608
     406    1228       0       0       0       0       0       000010201D   1609
     406       0       0       1      15                               0D   1610
     308    1229       0       0       0       0       0       000010200D   1611
     308       0       0       3       0                               0D   1612
     406    1232       0       0       0       0       0       000010201D   1613
     406       0       0       1      15                               0D   1614
     408    1233       0       0       0       0    1009       000000000D   1615
     408       0       0       1       0                               0D   1616
     124    1234       0       0       0       0       0       000000000D   1617
     124       0       0       2       0                               0D   1618
     108    1236       0       0       0       0       0       001010001D   1619
     108       0       0       2       0                               0D   1620
     110    1238       0       0       0       0       0       001010001D   1621
     110       0       0       1       0                               0D   1622
     110    1239       0       0       0       0       0       001010001D   1623
     110       0       0       1       0                               0D   1624
     110    1240       0       0       0       0       0       001010001D   1625
     110       0       0       1       0                               0D   1626
     110    1241       0       0       0       0       0       001010001D   1627
     110       0       0       2       0                               0D   1628
     102    1243       0       0       0       0       0       001010001D   1629
     102       0       0       1       0                               0D   1630
     142    1244       0       0       0       0       0       001010001D   1631
     142       0       0       1       0                               0D   1632
     144    1245       0       0   10000       0       0       000010000D   1633
     144       0       0       1       0                               0D   1634
     110    1246       0       0       0       0       0       001010001D   1635
     110       0       0       1       0                               0D   1636
     110    1247       0       0       0       0       0       001010001D   1637
     110       0       0       1       0                               0D   1638
     110    1248       0       0       0       0       0       001010001D   1639
     110       0       0       1       0                               0D   1640
     110    1249       0       0       0       0       0       001010001D   1641
     110       0       0       1       0                               0D   1642
     102    1250       0       0       0       0       0       001010001D   1643
     102       0       0       1       0                               0D   1644
     142    1251       0       0       0       0       0       001010001D   1645
     142       0       0       1       0                               0D   1646
     144    1252       0       0   10000       0       0       000010000D   1647
     144       0       0       1       0                               0D   1648
     108    1253       0       0       0       0       0       001010001D   1649
     108       0       0       2       0                               0D   1650
     110    1255       0       0       0       0       0       001010001D   1651
     110       0       0       1       0                               0D   1652
     110    1256       0       0       0       0       0       001010001D   1653
     110       0       0       1       0                               0D   1654
     110    1257       0       0       0       0       0       001010001D   1655
     110       0       0       1       0                               0D   1656
     110    1258       0       0       0       0       0       001010001D   1657
     110       0       0       1       0                               0D   1658
     102    1259       0       0       0       0       0       001010001D   1659
     102       0       0       1       0                               0D   1660
     142    1260       0       0       0       0       0       001010001D   1661
     142       0       0       1       0                               0D   1662
     144    1261       0       0   10000       0       0       000010000D   1663
     144       0       0       1       0                               0D   1664
     108    1262       0       0       0       0       0       001010001D   1665
     108       0       0       1       0                               0D   1666
     110    1263       0       0       0       0       0       001010001D   1667
     110       0       0       1       0                               0D   1668
     110    1264       0       0       0       0       0       001010001D   1669
     110       0       0       1       0                               0D   1670
     110    1265       0       0       0       0       0       001010001D   1671
     110       0       0       1       0                               0D   1672
     110    1266       0       0       0       0       0       001010001D   1673
     110       0       0       1       0                               0D   1674
     102    1267       0       0       0       0       0       001010001D   1675
     102       0       0       1       0                               0D   1676
     142    1268       0       0       0       0       0       001010001D   1677
     142       0       0       1       0                               0D   1678
     144    1269       0       0   10000       0       0       000010000D   1679
     144       0       0       1       0                               0D   1680
     108    1270       0       0       0       0       0       001010001D   1681
     108       0       0       2       0                               0D   1682
     110    1272       0       0       0       0       0       001010001D   1683
     110       0       0       1       0                               0D   1684
     110    1273       0       0       0       0       0       001010001D   1685
     110       0       0       1       0                               0D   1686
     110    1274       0       0       0       0       0       001010001D   1687
     110       0       0       1       0                               0D   1688
     110    1275       0       0       0       0       0       001010001D   1689
     110       0       0       1       0                               0D   1690
     102    1276       0       0       0       0       0       001010001D   1691
     102       0       0       1       0                               0D   1692
     142    1277       0       0       0       0       0       001010001D   1693
     142       0       0       1       0                               0D   1694
     144    1278       0       0   10000       0       0       000010000D   1695
     144       0       0       1       0                               0D   1696
     108    1279       0       0       0       0       0       001010001D   1697
     108       0       0       1       0                               0D   1698
     110    1280       0       0       0       0       0       001010001D   1699
     110       0       0       1       0                               0D   1700
     110    1281       0       0       0       0       0       001010001D   1701
     110       0       0       2       0                               0D   1702
     110    1283       0       0       0       0       0       001010001D   1703
     110       0       0       1       0                               0D   1704
     110    1284       0       0       0       0       0       001010001D   1705
     110       0       0       1       0                               0D   1706
     102    1285       0       0       0       0       0       001010001D   1707
     102       0       0       1       0                               0D   1708
     142    1286       0       0       0       0       0       001010001D   1709
     142       0       0       1       0                               0D   1710
     144    1287       0       0   10000       0       0       000010000D   1711
     144       0       0       1       0                               0D   1712
     108    1288       0       0       0       0       0       001010001D   1713
     108       0       0       1       0                               0D   1714
     110    1289       0       0       0       0       0       001010001D   1715
     110       0       0       1       0                               0D   1716
     110    1290       0       0       0       0       0       001010001D   1717
     110       0       0       1       0                               0D   1718
     110    1291       0       0       0       0       0       001010001D   1719
     110       0       0       1       0                               0D   1720
     110    1292       0       0       0       0       0       001010001D   1721
     110       0       0       1       0                               0D   1722
     110    1293       0       0       0       0       0       001010001D   1723
     110       0       0       1       0                               0D   1724
     110    1294       0       0       0       0       0       001010001D   1725
     110       0       0       1       0                               0D   1726
     102    1295       0       0       0       0       0       001010001D   1727
     102       0       0       1       0                               0D   1728
     142    1296       0       0       0       0       0       001010001D   1729
     142       0       0       1       0                               0D   1730
     144    1297       0       0   10000       0       0       000010000D   1731
     144       0       0       1       0                               0D   1732
     110    1298       0       0       0       0       0       001010001D   1733
     110       0       0       1       0                               0D   1734
     110    1299       0       0       0       0       0       001010001D   1735
     110       0       0       1       0                               0D   1736
     110    1300       0       0       0       0       0       001010001D   1737
     110       0       0       1       0                               0D   1738
     110    1301       0       0       0       0       0       001010001D   1739
     110       0       0       1       0                               0D   1740
     110    1302       0       0       0       0       0       001010001D   1741
     110       0       0       1       0                               0D   1742
     110    1303       0       0       0       0       0       001010001D   1743
     110       0       0       1       0                               0D   1744
     102    1304       0       0       0       0       0       001010001D   1745
     102       0       0       1       0                               0D   1746
     142    1305       0       0       0       0       0       001010001D   1747
     142       0       0       1       0                               0D   1748
     144    1306       0       0   10000       0       0       000010000D   1749
     144       0       0       1       0                               0D   1750
     406    1307       0       0       0       0       0       000010201D   1751
     406       0       0       1      15                               0D   1752
     308    1308       0       0       0       0       0       000010200D   1753
     308       0       0       1       0                               0D   1754
     406    1309       0       0       0       0       0       000010201D   1755
     406       0       0       1      15                               0D   1756
     408    1310       0       0       0       0    1617       000000000D   1757
     408       0       0       1       0                               0D   1758
     124    1311       0       0       0       0       0       000000000D   1759
     124       0       0       2       0                               0D   1760
     406    1313       0       0       0       0       0       000010201D   1761
     406       0       0       1      15                               0D   1762
     408    1314       0       0       0       0    1759       000000000D   1763
     408       0       0       1       0                               0D   1764
     124    1315       0       0       0       0       0       000000000D   1765
     124       0       0       2       0                               0D   1766
     406    1317       0       0       0       0       0       000010201D   1767
     406       0       0       1      15                               0D   1768
     408    1318       0       0       0       0    1765       000000000D   1769
     408       0       0       1       0                               0D   1770
     124    1319       0       0       0       0       0       000000000D   1771
     124       0       0       2       0                               0D   1772
     406    1321       0       0       0       0       0       000010201D   1773
     406       0       0       1      15                               0D   1774
     408    1322       0       0       0       0    1771       000000000D   1775
     408       0       0       1       0                               0D   1776
     124    1323       0       0       0       0       0       000000000D   1777
     124       0       0       2       0                               0D   1778
     406    1325       0       0       0       0       0       000010201D   1779
     406       0       0       1      15                               0D   1780
     408    1326       0       0       0       0    1777       000000000D   1781
     408       0       0       1       0                               0D   1782
     124    1327       0       0       0       0       0       000000000D   1783
     124       0       0       2       0                               0D   1784
     110    1329       0       0       0       0       0       001010001D   1785
     110       0       0       1       0                               0D   1786
     110    1330       0       0       0       0       0       001010001D   1787
     110       0       0       1       0                               0D   1788
     120    1331       0       0       0       0       0       001010001D   1789
     120       0       0       1       0                               0D   1790
     124    1332       0       0       0       0       0       001020201D   1791
     124       0       0       1       0                               0D   1792
     100    1333       0       0       0       0    1791       001010001D   1793
     100       0       0       1       0                               0D   1794
     110    1334       0       0       0       0       0       001010001D   1795
     110       0       0       1       0                               0D   1796
     124    1335       0       0       0       0       0       001020201D   1797
     124       0       0       2       0                               0D   1798
     100    1337       0       0       0       0    1797       001010001D   1799
     100       0       0       1       0                               0D   1800
     110    1338       0       0       0       0       0       001010001D   1801
     110       0       0       1       0                               0D   1802
     102    1339       0       0       0       0       0       001010001D   1803
     102       0       0       1       0                               0D   1804
     142    1340       0       0       0       0       0       001010001D   1805
     142       0       0       1       0                               0D   1806
     144    1341       0       0   10000       0       0       000010000D   1807
     144       0       0       1       0                               0D   1808
     110    1342       0       0       0       0       0       001010001D   1809
     110       0       0       1       0                               0D   1810
     110    1343       0       0       0       0       0       001010001D   1811
     110       0       0       1       0                               0D   1812
     120    1344       0       0       0       0       0       001010001D   1813
     120       0       0       1       0                               0D   1814
     124    1345       0       0       0       0       0       001020201D   1815
     124       0       0       2       0                               0D   1816
     100    1347       0       0       0       0    1815       001010001D   1817
     100       0       0       1       0                               0D   1818
     110    1348       0       0       0       0       0       001010001D   1819
     110       0       0       1       0                               0D   1820
     124    1349       0       0       0       0       0       001020201D   1821
     124       0       0       1       0                               0D   1822
     100    1350       0       0       0       0    1821       001010001D   1823
     100       0       0       1       0                               0D   1824
     110    1351       0       0       0       0       0       001010001D   1825
     110       0       0       1       0                               0D   1826
     102    1352       0       0       0       0       0       001010001D   1827
     102       0       0       1       0                               0D   1828
     142    1353       0       0       0       0       0       001010001D   1829
     142       0       0       1       0                               0D   1830
     144    1354       0       0   10000       0       0       000010000D   1831
     144       0       0       1       0                               0D   1832
     124    1355       0       0       0       0       0       001020201D   1833
     124       0       0       1       0                               0D   1834
     100    1356       0       0       0       0    1833       001010001D   1835
     100       0       0       1       0                               0D   1836
     124    1357       0       0       0       0       0       001020201D   1837
     124       0       0       2       0                               0D   1838
     100    1359       0       0       0       0    1837       001010001D   1839
     100       0       0       1       0                               0D   1840
     102    1360       0       0       0       0       0       001010001D   1841
     102       0       0       1       0                               0D   1842
     142    1361       0       0       0       0       0       001010001D   1843
     142       0       0       1       0                               0D   1844
     144    1362       0       0   10000       0       0       000010000D   1845
     144       0       0       1       0                               0D   1846
     108    1363       0       0       0       0       0       001010001D   1847
     108       0       0       1       0                               0D   1848
     124    1364       0       0       0       0       0       001020201D   1849
     124       0       0       1       0                               0D   1850
     100    1365       0       0       0       0    1849       001010001D   1851
     100       0       0       1       0                               0D   1852
     124    1366       0       0       0       0       0       001020201D   1853
     124       0       0       2       0                               0D   1854
     100    1368       0       0       0       0    1853       001010001D   1855
     100       0       0       1       0                               0D   1856
     102    1369       0       0       0       0       0       001010001D   1857
     102       0       0       1       0                               0D   1858
     142    1370       0       0       0       0       0       001010001D   1859
     142       0       0       1       0                               0D   1860
     144    1371       0       0   10000       0       0       000010000D   1861
     144       0       0       1       0                               0D   1862
     406    1372       0       0       0       0       0       000010201D   1863
     406       0       0       1      15                               0D   1864
     308    1373       0       0       0       0       0       000010200D   1865
     308       0       0       1       0                               0D   1866
     406    1374       0       0       0       0       0       000010201D   1867
     406       0       0       1      15                               0D   1868
     408    1375       0       0       0       0    1783       000000000D   1869
     408       0       0       1       0                               0D   1870
124,0.95217263,0.3055606039,0.0,-22.3930523,-0.3055606039,             1P      1
0.95217263,0.0,1.640529296,0.0,0.0,1.0,9.768676758,0,0;                1P      2
406,1,15HCorps principal,0,0;                                          3P      3
110,0.0,0.0,240.205,0.0,0.0,239.205,0,0;                               5P      4
110,7.622866064,13.95356273,-9.5,7.622866064,13.95356273,-22.7,        7P      5
0,0;                                                                   7P      6
120,5,7,0.0,6.283185307,0,0;                                           9P      7
110,-7.622866064,-13.95356273,-22.7,-7.622866064,-13.95356273,        11P      8
-9.5,0,0;                                                             11P      9
124,-0.4794255386,0.8775825619,0.0,0.0,-0.8775825619,                 13P     10
-0.4794255386,0.0,0.0,-1.787528895E-015,0.0,1.0,-9.5,0,0;             13P     11
100,0.0,0.0,0.0,15.9,0.0,-15.9,2.647881914E-015,0,0;                  15P     12
110,7.622866064,13.95356273,-9.5,7.622866064,13.95356273,-22.7,       17P     13
0,0;                                                                  17P     14
124,0.4794255386,0.8775825619,0.0,0.0,0.8775825619,                   19P     15
-0.4794255386,0.0,0.0,-3.57505779E-015,0.0,-1.0,-22.7,0,0;            19P     16
100,0.0,0.0,0.0,15.9,0.0,-15.9,2.647881914E-015,0,0;                  21P     17
102,4,11,15,17,21,0,0;                                                23P     18
142,0,9,0,23,2,0,0;                                                   25P     19
144,9,1,0,25,0,1,3;                                                   27P     20
110,0.0,0.0,240.205,0.0,0.0,239.205,0,0;                              29P     21
110,-7.622866064,-13.95356273,-9.5,-7.622866064,-13.95356273,         31P     22
-22.7,0,0;                                                            31P     23
120,29,31,0.0,6.283185307,0,0;                                        33P     24
110,7.622866064,13.95356273,-22.7,7.622866064,13.95356273,-9.5,       35P     25
0,0;                                                                  35P     26
124,0.4794255386,-0.8775825619,0.0,0.0,0.8775825619,                  37P     27
0.4794255386,0.0,0.0,-1.787528895E-015,0.0,1.0,-9.5,0,0;              37P     28
100,0.0,0.0,0.0,15.9,0.0,-15.9,-2.647881914E-015,0,0;                 39P     29
110,-7.622866064,-13.95356273,-9.5,-7.622866064,-13.95356273,         41P     30
-22.7,0,0;                                                            41P     31
124,-0.4794255386,-0.8775825619,0.0,0.0,-0.8775825619,                43P     32
0.4794255386,0.0,0.0,-3.57505779E-015,0.0,-1.0,-22.7,0,0;             43P     33
100,0.0,0.0,0.0,15.9,0.0,-15.9,-2.647881914E-015,0,0;                 45P     34
102,4,35,39,41,45,0,0;                                                47P     35
142,0,33,0,47,2,0,0;                                                  49P     36
144,33,1,0,49,0,1,3;                                                  51P     37
110,0.0,0.0,240.205,0.0,0.0,239.205,0,0;                              53P     38
110,13.85539807,25.36213604,0.0,13.85539807,25.36213604,-9.5,0,       55P     39
0;                                                                    55P     40
120,53,55,0.0,6.283185307,0,0;                                        57P     41
110,-13.85539807,-25.36213604,-9.5,-13.85539807,-25.36213604,         59P     42
0.0,0,0;                                                              59P     43
124,-0.4794255386,0.8775825619,0.0,0.0,-0.8775825619,                 61P     44
-0.4794255386,0.0,0.0,0.0,0.0,1.0,0.0,0,0;                            61P     45
100,0.0,0.0,0.0,28.9,0.0,-28.9,4.812816812E-015,0,0;                  63P     46
110,13.85539807,25.36213604,0.0,13.85539807,25.36213604,-9.5,0,       65P     47
0;                                                                    65P     48
124,0.4794255386,0.8775825619,0.0,0.0,0.8775825619,                   67P     49
-0.4794255386,0.0,0.0,0.0,0.0,-1.0,-9.5,0,0;                          67P     50
100,0.0,0.0,0.0,28.9,0.0,-28.9,4.812816812E-015,0,0;                  69P     51
102,4,59,63,65,69,0,0;                                                71P     52
142,0,57,0,71,2,0,0;                                                  73P     53
144,57,1,0,73,0,1,3;                                                  75P     54
110,0.0,0.0,240.205,0.0,0.0,239.205,0,0;                              77P     55
110,-13.85539807,-25.36213604,0.0,-13.85539807,-25.36213604,          79P     56
-9.5,0,0;                                                             79P     57
120,77,79,0.0,6.283185307,0,0;                                        81P     58
110,13.85539807,25.36213604,-9.5,13.85539807,25.36213604,0.0,0,       83P     59
0;                                                                    83P     60
124,0.4794255386,-0.8775825619,0.0,0.0,0.8775825619,                  85P     61
0.4794255386,0.0,0.0,0.0,0.0,1.0,0.0,0,0;                             85P     62
100,0.0,0.0,0.0,28.9,0.0,-28.9,-4.812816812E-015,0,0;                 87P     63
110,-13.85539807,-25.36213604,0.0,-13.85539807,-25.36213604,          89P     64
-9.5,0,0;                                                             89P     65
124,-0.4794255386,-0.8775825619,0.0,0.0,-0.8775825619,                91P     66
0.4794255386,0.0,0.0,0.0,0.0,-1.0,-9.5,0,0;                           91P     67
100,0.0,0.0,0.0,28.9,0.0,-28.9,-4.812816812E-015,0,0;                 93P     68
102,4,83,87,89,93,0,0;                                                95P     69
142,0,81,0,95,2,0,0;                                                  97P     70
144,81,1,0,97,0,1,3;                                                  99P     71
110,0.0,0.0,240.205,0.0,0.0,239.205,0,0;                             101P     72
110,12.94448954,23.69472917,488.0,12.94448954,23.69472917,0.0,0,     103P     73
0;                                                                   103P     74
120,101,103,0.0,6.283185307,0,0;                                     105P     75
110,-12.94448954,-23.69472917,0.0,-12.94448954,-23.69472917,         107P     76
488.0,0,0;                                                           107P     77
124,-0.4794255386,0.8775825619,0.0,0.0,-0.8775825619,                109P     78
-0.4794255386,0.0,0.0,0.0,0.0,1.0,488.0,0,0;                         109P     79
100,0.0,0.0,0.0,27.0,0.0,-27.0,4.49640325E-015,0,0;                  111P     80
110,12.94448954,23.69472917,488.0,12.94448954,23.69472917,0.0,0,     113P     81
0;                                                                   113P     82
124,0.4794255386,0.8775825619,0.0,0.0,0.8775825619,                  115P     83
-0.4794255386,0.0,0.0,0.0,0.0,-1.0,0.0,0,0;                          115P     84
100,0.0,0.0,0.0,27.0,0.0,-27.0,4.49640325E-015,0,0;                  117P     85
102,4,107,111,113,117,0,0;                                           119P     86
142,0,105,0,119,2,0,0;                                               121P     87
144,105,1,0,121,0,1,3;                                               123P     88
110,0.0,0.0,240.205,0.0,0.0,239.205,0,0;                             125P     89
110,-12.94448954,-23.69472917,488.0,-12.94448954,-23.69472917,       127P     90
0.0,0,0;                                                             127P     91
120,125,127,0.0,6.283185307,0,0;                                     129P     92
110,12.94448954,23.69472917,0.0,12.94448954,23.69472917,488.0,0,     131P     93
0;                                                                   131P     94
124,0.4794255386,-0.8775825619,0.0,0.0,0.8775825619,                 133P     95
0.4794255386,0.0,0.0,0.0,0.0,1.0,488.0,0,0;                          133P     96
100,0.0,0.0,0.0,27.0,0.0,-27.0,-4.49640325E-015,0,0;                 135P     97
110,-12.94448954,-23.69472917,488.0,-12.94448954,-23.69472917,       137P     98
0.0,0,0;                                                             137P     99
124,-0.4794255386,-0.8775825619,0.0,0.0,-0.8775825619,               139P    100
0.4794255386,0.0,0.0,0.0,0.0,-1.0,0.0,0,0;                           139P    101
100,0.0,0.0,0.0,27.0,0.0,-27.0,-4.49640325E-015,0,0;                 141P    102
102,4,131,135,137,141,0,0;                                           143P    103
142,0,129,0,143,2,0,0;                                               145P    104
144,129,1,0,145,0,1,3;                                               147P    105
110,0.0,0.0,240.205,0.0,0.0,239.205,0,0;                             149P    106
110,8.965257572,16.41079391,503.11,8.965257572,16.41079391,          151P    107
488.0,0,0;                                                           151P    108
120,149,151,0.0,6.283185307,0,0;                                     153P    109
110,-8.965257572,-16.41079391,488.0,-8.965257572,-16.41079391,       155P    110
503.11,0,0;                                                          155P    111
124,-0.4794255386,0.8775825619,0.0,0.0,-0.8775825619,                157P    112
-0.4794255386,0.0,0.0,0.0,0.0,1.0,503.11,0,0;                        157P    113
100,0.0,0.0,0.0,18.7,0.0,-18.7,4.152234112E-015,0,0;                 159P    114
110,8.965257572,16.41079391,503.11,8.965257572,16.41079391,          161P    115
488.0,0,0;                                                           161P    116
124,0.4794255386,0.8775825619,0.0,0.0,0.8775825619,                  163P    117
-0.4794255386,0.0,0.0,0.0,0.0,-1.0,488.0,0,0;                        163P    118
100,0.0,0.0,0.0,18.7,0.0,-18.7,3.114175584E-015,0,0;                 165P    119
102,4,155,159,161,165,0,0;                                           167P    120
142,0,153,0,167,2,0,0;                                               169P    121
144,153,1,0,169,0,1,3;                                               171P    122
110,0.0,0.0,240.205,0.0,0.0,239.205,0,0;                             173P    123
110,-8.965257572,-16.41079391,503.11,-8.965257572,-16.41079391,      175P    124
488.0,0,0;                                                           175P    125
120,173,175,0.0,6.283185307,0,0;                                     177P    126
110,8.965257572,16.41079391,488.0,8.965257572,16.41079391,           179P    127
503.11,0,0;                                                          179P    128
124,0.4794255386,-0.8775825619,0.0,0.0,0.8775825619,                 181P    129
0.4794255386,0.0,0.0,0.0,0.0,1.0,503.11,0,0;                         181P    130
100,0.0,0.0,0.0,18.7,0.0,-18.7,-3.114175584E-015,0,0;                183P    131
110,-8.965257572,-16.41079391,503.11,-8.965257572,-16.41079391,      185P    132
488.0,0,0;                                                           185P    133
124,-0.4794255386,-0.8775825619,0.0,0.0,-0.8775825619,               187P    134
0.4794255386,0.0,0.0,0.0,0.0,-1.0,488.0,0,0;                         187P    135
100,0.0,0.0,0.0,18.7,0.0,-18.7,-4.152234112E-015,0,0;                189P    136
102,4,179,183,185,189,0,0;                                           191P    137
142,0,177,0,191,2,0,0;                                               193P    138
144,177,1,0,193,0,1,3;                                               195P    139
108,0.0,0.0,-1.0,22.7,0,0.0,15.9,-22.7,1.0,0,0;                      197P    140
124,0.4794255386,-0.8775825619,0.0,0.0,0.8775825619,                 199P    141
0.4794255386,0.0,0.0,-2.904734454E-015,0.0,1.0,-22.7,0,0;            199P    142
100,0.0,0.0,0.0,15.9,0.0,-15.9,-2.647881914E-015,0,0;                201P    143
124,-0.4794255386,0.8775825619,0.0,0.0,-0.8775825619,                203P    144
-0.4794255386,0.0,0.0,-2.904734454E-015,0.0,1.0,-22.7,0,0;           203P    145
100,0.0,0.0,0.0,15.9,0.0,-15.9,2.647881914E-015,0,0;                 205P    146
102,2,201,205,0,0;                                                   207P    147
142,0,197,0,207,2,0,0;                                               209P    148
144,197,1,0,209,0,1,3;                                               211P    149
108,0.0,0.0,-1.0,9.5,0,0.0,28.9,-9.5,1.0,0,0;                        213P    150
124,-0.4794255386,0.8775825619,0.0,0.0,-0.8775825619,                215P    151
-0.4794255386,0.0,0.0,0.0,0.0,1.0,-9.5,0,0;                          215P    152
100,0.0,0.0,0.0,28.9,0.0,-28.9,4.812816812E-015,0,0;                 217P    153
124,0.4794255386,-0.8775825619,0.0,0.0,0.8775825619,                 219P    154
0.4794255386,0.0,0.0,0.0,0.0,1.0,-9.5,0,0;                           219P    155
100,0.0,0.0,0.0,28.9,0.0,-28.9,-4.812816812E-015,0,0;                221P    156
102,2,217,221,0,0;                                                   223P    157
142,0,213,0,223,2,0,0;                                               225P    158
124,-0.4794255386,-0.8775825619,0.0,0.0,-0.8775825619,               227P    159
0.4794255386,0.0,0.0,0.0,0.0,-1.0,-9.5,0,0;                          227P    160
100,0.0,0.0,0.0,15.9,0.0,-15.9,-2.647881914E-015,0,0;                229P    161
124,0.4794255386,0.8775825619,0.0,0.0,0.8775825619,                  231P    162
-0.4794255386,0.0,0.0,0.0,0.0,-1.0,-9.5,0,0;                         231P    163
100,0.0,0.0,0.0,15.9,0.0,-15.9,2.647881914E-015,0,0;                 233P    164
102,2,229,233,0,0;                                                   235P    165
142,0,213,0,235,2,0,0;                                               237P    166
144,213,1,1,225,237,0,1,3;                                           239P    167
108,0.0,0.0,-1.0,0.0,0,0.0,27.0,0.0,1.0,0,0;                         241P    168
124,-0.4794255386,-0.8775825619,0.0,0.0,-0.8775825619,               243P    169
0.4794255386,0.0,0.0,0.0,0.0,-1.0,0.0,0,0;                           243P    170
100,0.0,0.0,0.0,28.9,0.0,-28.9,-4.812816812E-015,0,0;                245P    171
124,0.4794255386,0.8775825619,0.0,0.0,0.8775825619,                  247P    172
-0.4794255386,0.0,0.0,0.0,0.0,-1.0,0.0,0,0;                          247P    173
100,0.0,0.0,0.0,28.9,0.0,-28.9,4.812816812E-015,0,0;                 249P    174
102,2,245,249,0,0;                                                   251P    175
142,0,241,0,251,2,0,0;                                               253P    176
124,-0.4794255386,0.8775825619,0.0,0.0,-0.8775825619,                255P    177
-0.4794255386,0.0,0.0,0.0,0.0,1.0,0.0,0,0;                           255P    178
100,0.0,0.0,0.0,27.0,0.0,-27.0,4.49640325E-015,0,0;                  257P    179
124,0.4794255386,-0.8775825619,0.0,0.0,0.8775825619,                 259P    180
0.4794255386,0.0,0.0,0.0,0.0,1.0,0.0,0,0;                            259P    181
100,0.0,0.0,0.0,27.0,0.0,-27.0,-4.49640325E-015,0,0;                 261P    182
102,2,257,261,0,0;                                                   263P    183
142,0,241,0,263,2,0,0;                                               265P    184
144,241,1,1,253,265,0,1,3;                                           267P    185
108,0.0,0.0,-1.0,-488.0,0,0.0,18.7,488.0,1.0,0,0;                    269P    186
124,-0.4794255386,-0.8775825619,0.0,0.0,-0.8775825619,               271P    187
0.4794255386,0.0,0.0,0.0,0.0,-1.0,488.0,0,0;                         271P    188
100,0.0,0.0,0.0,27.0,0.0,-27.0,-4.49640325E-015,0,0;                 273P    189
124,0.4794255386,0.8775825619,0.0,0.0,0.8775825619,                  275P    190
-0.4794255386,0.0,0.0,0.0,0.0,-1.0,488.0,0,0;                        275P    191
100,0.0,0.0,0.0,27.0,0.0,-27.0,4.49640325E-015,0,0;                  277P    192
102,2,273,277,0,0;                                                   279P    193
142,0,269,0,279,2,0,0;                                               281P    194
124,-0.4794255386,0.8775825619,0.0,0.0,-0.8775825619,                283P    195
-0.4794255386,0.0,0.0,0.0,0.0,1.0,488.0,0,0;                         283P    196
100,0.0,0.0,0.0,18.7,0.0,-18.7,4.152234112E-015,0,0;                 285P    197
124,0.4794255386,-0.8775825619,0.0,0.0,0.8775825619,                 287P    198
0.4794255386,0.0,0.0,0.0,0.0,1.0,488.0,0,0;                          287P    199
100,0.0,0.0,0.0,18.7,0.0,-18.7,-3.114175584E-015,0,0;                289P    200
102,2,285,289,0,0;                                                   291P    201
142,0,269,0,291,2,0,0;                                               293P    202
144,269,1,1,281,293,0,1,3;                                           295P    203
108,0.0,0.0,-1.0,-503.11,0,0.0,0.0,503.11,1.0,0,0;                   297P    204
124,-0.4794255386,-0.8775825619,0.0,0.0,-0.8775825619,               299P    205
0.4794255386,0.0,0.0,0.0,0.0,-1.0,503.11,0,0;                        299P    206
100,0.0,0.0,0.0,18.7,0.0,-18.7,-4.152234112E-015,0,0;                301P    207
124,0.4794255386,0.8775825619,0.0,0.0,0.8775825619,                  303P    208
-0.4794255386,0.0,0.0,0.0,0.0,-1.0,503.11,0,0;                       303P    209
100,0.0,0.0,0.0,18.7,0.0,-18.7,3.114175584E-015,0,0;                 305P    210
102,2,301,305,0,0;                                                   307P    211
142,0,297,0,307,2,0,0;                                               309P    212
144,297,1,0,309,0,1,3;                                               311P    213
406,1,16HSP02_ALPHA_PROPU,0,0;                                       313P    214
308,0,,13,27,51,75,99,123,147,171,195,211,239,267,295,311,0,1,       315P    215
313;                                                                 315P    216
406,1,18HSP02_ALPHA_PROPU.1,0,0;                                     317P    217
408,315,0.0,0.0,0.0,1.0,0,1,317;                                     319P    218
124,0.95217263,0.3055606039,0.0,-22.3930523,-0.3055606039,           321P    219
0.95217263,0.0,1.640529296,0.0,0.0,1.0,9.768676758,0,0;              321P    220
110,0.0,0.0,150.0,0.0,0.0,151.0,0,0;                                 323P    221
110,-13.90334062,25.44989429,0.0,-13.90334062,25.44989429,300.0,     325P    222
0,0;                                                                 325P    223
120,323,325,0.0,6.283185307,0,0;                                     327P    224
124,0.4794255386,-0.8775825619,0.0,0.0,-0.8775825619,                329P    225
-0.4794255386,0.0,0.0,0.0,0.0,-1.0,0.0,0,0;                          329P    226
100,0.0,0.0,0.0,29.0,0.0,-29.0,3.219646771E-015,0,0;                 331P    227
110,-13.90334062,25.44989429,0.0,-13.90334062,25.44989429,300.0,     333P    228
0,0;                                                                 333P    229
124,-0.4794255386,-0.8775825619,0.0,0.0,0.8775825619,                335P    230
-0.4794255386,0.0,0.0,0.0,0.0,1.0,300.0,0,0;                         335P    231
100,0.0,0.0,0.0,29.0,0.0,-29.0,1.609823386E-015,0,0;                 337P    232
110,13.90334062,-25.44989429,300.0,13.90334062,-25.44989429,0.0,     339P    233
0,0;                                                                 339P    234
102,4,331,333,337,339,0,0;                                           341P    235
142,0,327,0,341,2,0,0;                                               343P    236
144,327,1,0,343,0,1,3;                                               345P    237
110,0.0,0.0,150.0,0.0,0.0,151.0,0,0;                                 347P    238
110,13.90334062,-25.44989429,0.0,13.90334062,-25.44989429,300.0,     349P    239
0,0;                                                                 349P    240
120,347,349,0.0,6.283185307,0,0;                                     351P    241
124,-0.4794255386,0.8775825619,0.0,0.0,0.8775825619,                 353P    242
0.4794255386,0.0,0.0,0.0,0.0,-1.0,0.0,0,0;                           353P    243
100,0.0,0.0,0.0,29.0,0.0,-29.0,-1.609823386E-015,0,0;                355P    244
110,13.90334062,-25.44989429,0.0,13.90334062,-25.44989429,300.0,     357P    245
0,0;                                                                 357P    246
124,0.4794255386,0.8775825619,0.0,0.0,-0.8775825619,                 359P    247
0.4794255386,0.0,0.0,0.0,0.0,1.0,300.0,0,0;                          359P    248
100,0.0,0.0,0.0,29.0,0.0,-29.0,-3.219646771E-015,0,0;                361P    249
110,-13.90334062,25.44989429,300.0,-13.90334062,25.44989429,0.0,     363P    250
0,0;                                                                 363P    251
102,4,355,357,361,363,0,0;                                           365P    252
142,0,351,0,365,2,0,0;                                               367P    253
144,351,1,0,367,0,1,3;                                               369P    254
110,0.0,0.0,150.0,0.0,0.0,151.0,0,0;                                 371P    255
110,-12.94448954,23.69472917,0.0,-12.94448954,23.69472917,300.0,     373P    256
0,0;                                                                 373P    257
120,371,373,0.0,6.283185307,0,0;                                     375P    258
124,0.4794255386,-0.8775825619,0.0,0.0,-0.8775825619,                377P    259
-0.4794255386,0.0,0.0,0.0,0.0,-1.0,300.0,0,0;                        377P    260
100,0.0,0.0,0.0,27.0,0.0,-27.0,2.997602166E-015,0,0;                 379P    261
110,-12.94448954,23.69472917,300.0,-12.94448954,23.69472917,0.0,     381P    262
0,0;                                                                 381P    263
124,-0.4794255386,-0.8775825619,0.0,0.0,0.8775825619,                383P    264
-0.4794255386,0.0,0.0,0.0,0.0,1.0,0.0,0,0;                           383P    265
100,0.0,0.0,0.0,27.0,0.0,-27.0,1.498801083E-015,0,0;                 385P    266
110,12.94448954,-23.69472917,0.0,12.94448954,-23.69472917,300.0,     387P    267
0,0;                                                                 387P    268
102,4,379,381,385,387,0,0;                                           389P    269
142,0,375,0,389,2,0,0;                                               391P    270
144,375,1,0,391,0,1,3;                                               393P    271
110,0.0,0.0,150.0,0.0,0.0,151.0,0,0;                                 395P    272
110,12.94448954,-23.69472917,0.0,12.94448954,-23.69472917,300.0,     397P    273
0,0;                                                                 397P    274
120,395,397,0.0,6.283185307,0,0;                                     399P    275
124,-0.4794255386,0.8775825619,0.0,0.0,0.8775825619,                 401P    276
0.4794255386,0.0,0.0,0.0,0.0,-1.0,300.0,0,0;                         401P    277
100,0.0,0.0,0.0,27.0,0.0,-27.0,-1.498801083E-015,0,0;                403P    278
110,12.94448954,-23.69472917,300.0,12.94448954,-23.69472917,0.0,     405P    279
0,0;                                                                 405P    280
124,0.4794255386,0.8775825619,0.0,0.0,-0.8775825619,                 407P    281
0.4794255386,0.0,0.0,0.0,0.0,1.0,0.0,0,0;                            407P    282
100,0.0,0.0,0.0,27.0,0.0,-27.0,-2.997602166E-015,0,0;                409P    283
110,-12.94448954,23.69472917,0.0,-12.94448954,23.69472917,300.0,     411P    284
0,0;                                                                 411P    285
102,4,403,405,409,411,0,0;                                           413P    286
142,0,399,0,413,2,0,0;                                               415P    287
144,399,1,0,415,0,1,3;                                               417P    288
108,0.0,0.0,1.0,0.0,0,0.0,27.0,0.0,1.0,0,0;                          419P    289
124,0.4794255386,0.8775825619,0.0,0.0,-0.8775825619,                 421P    290
0.4794255386,0.0,0.0,0.0,0.0,1.0,0.0,0,0;                            421P    291
100,0.0,0.0,0.0,29.0,0.0,-29.0,-3.219646771E-015,0,0;                423P    292
124,-0.4794255386,-0.8775825619,0.0,0.0,0.8775825619,                425P    293
-0.4794255386,0.0,0.0,0.0,0.0,1.0,0.0,0,0;                           425P    294
100,0.0,0.0,0.0,29.0,0.0,-29.0,1.609823386E-015,0,0;                 427P    295
102,2,423,427,0,0;                                                   429P    296
142,0,419,0,429,2,0,0;                                               431P    297
124,0.4794255386,-0.8775825619,0.0,0.0,-0.8775825619,                433P    298
-0.4794255386,0.0,0.0,0.0,0.0,-1.0,0.0,0,0;                          433P    299
100,0.0,0.0,0.0,27.0,0.0,-27.0,2.997602166E-015,0,0;                 435P    300
124,-0.4794255386,0.8775825619,0.0,0.0,0.8775825619,                 437P    301
0.4794255386,0.0,0.0,0.0,0.0,-1.0,0.0,0,0;                           437P    302
100,0.0,0.0,0.0,27.0,0.0,-27.0,-1.498801083E-015,0,0;                439P    303
102,2,435,439,0,0;                                                   441P    304
142,0,419,0,441,2,0,0;                                               443P    305
144,419,1,1,431,443,0,1,3;                                           445P    306
108,0.0,0.0,1.0,300.0,0,0.0,29.0,300.0,1.0,0,0;                      447P    307
124,0.4794255386,-0.8775825619,0.0,0.0,-0.8775825619,                449P    308
-0.4794255386,0.0,0.0,0.0,0.0,-1.0,300.0,0,0;                        449P    309
100,0.0,0.0,0.0,29.0,0.0,-29.0,3.219646771E-015,0,0;                 451P    310
124,-0.4794255386,0.8775825619,0.0,0.0,0.8775825619,                 453P    311
0.4794255386,0.0,0.0,0.0,0.0,-1.0,300.0,0,0;                         453P    312
100,0.0,0.0,0.0,29.0,0.0,-29.0,-1.609823386E-015,0,0;                455P    313
102,2,451,455,0,0;                                                   457P    314
142,0,447,0,457,2,0,0;                                               459P    315
124,0.4794255386,0.8775825619,0.0,0.0,-0.8775825619,                 461P    316
0.4794255386,0.0,0.0,0.0,0.0,1.0,300.0,0,0;                          461P    317
100,0.0,0.0,0.0,27.0,0.0,-27.0,-2.997602166E-015,0,0;                463P    318
124,-0.4794255386,-0.8775825619,0.0,0.0,0.8775825619,                465P    319
-0.4794255386,0.0,0.0,0.0,0.0,1.0,300.0,0,0;                         465P    320
100,0.0,0.0,0.0,27.0,0.0,-27.0,1.498801083E-015,0,0;                 467P    321
102,2,463,467,0,0;                                                   469P    322
142,0,447,0,469,2,0,0;                                               471P    323
144,447,1,1,459,471,0,1,3;                                           473P    324
406,1,21HSP02_ALPHA_TUBE_PROPU,0,0;                                  475P    325
308,0,,6,345,369,393,417,445,473,0,1,475;                            477P    326
406,1,23HSP02_ALPHA_TUBE_PROPU.1,0,0;                                479P    327
408,477,0.0,0.0,0.0,1.0,0,1,479;                                     481P    328
124,0.95217263,0.3055606039,0.0,-22.3930523,-0.3055606039,           483P    329
0.95217263,0.0,1.640529296,0.0,0.0,1.0,9.768676758,0,0;              483P    330
110,0.0,0.0,2.0,0.0,0.0,3.0,0,0;                                     485P    331
110,42.0,0.0,0.0,42.0,0.0,4.0,0,0;                                   487P    332
120,485,487,0.0,6.283185307,0,0;                                     489P    333
124,1.0,0.0,0.0,0.0,0.0,1.0,0.0,0.0,0.0,0.0,1.0,4.0,0,0;             491P    334
100,0.0,0.0,0.0,42.0,0.0,-42.0,5.143516556E-015,0,0;                 493P    335
110,-42.0,5.143516556E-015,4.0,-42.0,5.143516556E-015,0.0,0,0;       495P    336
124,-1.0,1.224646799E-016,0.0,0.0,1.224646799E-016,1.0,0.0,0.0,      497P    337
0.0,0.0,-1.0,0.0,0,0;                                                497P    338
100,0.0,0.0,0.0,42.0,0.0,-42.0,5.143516556E-015,0,0;                 499P    339
110,42.0,0.0,0.0,42.0,0.0,4.0,0,0;                                   501P    340
102,4,493,495,499,501,0,0;                                           503P    341
142,0,489,0,503,2,0,0;                                               505P    342
144,489,1,0,505,0,1,3;                                               507P    343
110,0.0,0.0,2.0,0.0,0.0,3.0,0,0;                                     509P    344
110,-42.0,5.143516556E-015,0.0,-42.0,5.143516556E-015,4.0,0,0;       511P    345
120,509,511,0.0,6.283185307,0,0;                                     513P    346
124,-1.0,-1.224646799E-016,0.0,0.0,1.224646799E-016,-1.0,0.0,        515P    347
0.0,0.0,0.0,1.0,4.0,0,0;                                             515P    348
100,0.0,0.0,0.0,42.0,0.0,-42.0,-5.143516556E-015,0,0;                517P    349
110,42.0,0.0,4.0,42.0,0.0,0.0,0,0;                                   519P    350
124,1.0,0.0,0.0,0.0,0.0,-1.0,0.0,0.0,0.0,0.0,-1.0,0.0,0,0;           521P    351
100,0.0,0.0,0.0,42.0,0.0,-42.0,-5.143516556E-015,0,0;                523P    352
110,-42.0,5.143516556E-015,0.0,-42.0,5.143516556E-015,4.0,0,0;       525P    353
102,4,517,519,523,525,0,0;                                           527P    354
142,0,513,0,527,2,0,0;                                               529P    355
144,513,1,0,529,0,1,3;                                               531P    356
110,0.0,0.0,2.0,0.0,0.0,3.0,0,0;                                     533P    357
110,-29.0,3.551475718E-015,0.0,-29.0,3.551475718E-015,4.0,0,0;       535P    358
120,533,535,0.0,6.283185307,0,0;                                     537P    359
110,-29.0,3.551475718E-015,4.0,-29.0,3.551475718E-015,0.0,0,0;       539P    360
124,-1.0,-1.224646799E-016,0.0,0.0,1.224646799E-016,-1.0,0.0,        541P    361
0.0,0.0,0.0,1.0,0.0,0,0;                                             541P    362
100,0.0,0.0,0.0,29.0,0.0,-29.0,-3.551475718E-015,0,0;                543P    363
110,29.0,0.0,0.0,29.0,0.0,4.0,0,0;                                   545P    364
124,1.0,0.0,0.0,0.0,0.0,-1.0,0.0,0.0,0.0,0.0,-1.0,4.0,0,0;           547P    365
100,0.0,0.0,0.0,29.0,0.0,-29.0,-3.551475718E-015,0,0;                549P    366
102,4,539,543,545,549,0,0;                                           551P    367
142,0,537,0,551,2,0,0;                                               553P    368
144,537,1,0,553,0,1,3;                                               555P    369
110,0.0,0.0,2.0,0.0,0.0,3.0,0,0;                                     557P    370
110,29.0,0.0,0.0,29.0,0.0,4.0,0,0;                                   559P    371
120,557,559,0.0,6.283185307,0,0;                                     561P    372
110,29.0,0.0,4.0,29.0,0.0,0.0,0,0;                                   563P    373
124,1.0,0.0,0.0,0.0,0.0,1.0,0.0,0.0,0.0,0.0,1.0,0.0,0,0;             565P    374
100,0.0,0.0,0.0,29.0,0.0,-29.0,3.551475718E-015,0,0;                 567P    375
110,-29.0,3.551475718E-015,0.0,-29.0,3.551475718E-015,4.0,0,0;       569P    376
124,-1.0,1.224646799E-016,0.0,0.0,1.224646799E-016,1.0,0.0,0.0,      571P    377
0.0,0.0,-1.0,4.0,0,0;                                                571P    378
100,0.0,0.0,0.0,29.0,0.0,-29.0,3.551475718E-015,0,0;                 573P    379
102,4,563,567,569,573,0,0;                                           575P    380
142,0,561,0,575,2,0,0;                                               577P    381
144,561,1,0,577,0,1,3;                                               579P    382
124,1.0,0.0,0.0,0.0,0.0,1.0,0.0,0.0,0.0,0.0,1.0,0.0,0,0;             581P    383
100,0.0,0.0,0.0,42.0,0.0,-42.0,5.143516556E-015,0,0;                 583P    384
124,-1.0,-1.224646799E-016,0.0,0.0,1.224646799E-016,-1.0,0.0,        585P    385
0.0,0.0,0.0,1.0,0.0,0,0;                                             585P    386
100,0.0,0.0,0.0,42.0,0.0,-42.0,-5.143516556E-015,0,0;                587P    387
102,2,583,587,0,0;                                                   589P    388
142,0,419,0,589,2,0,0;                                               591P    389
124,1.0,0.0,0.0,0.0,0.0,-1.0,0.0,0.0,0.0,0.0,-1.0,0.0,0,0;           593P    390
100,0.0,0.0,0.0,29.0,0.0,-29.0,-3.551475718E-015,0,0;                595P    391
124,-1.0,1.224646799E-016,0.0,0.0,1.224646799E-016,1.0,0.0,0.0,      597P    392
0.0,0.0,-1.0,0.0,0,0;                                                597P    393
100,0.0,0.0,0.0,29.0,0.0,-29.0,3.551475718E-015,0,0;                 599P    394
102,2,595,599,0,0;                                                   601P    395
142,0,419,0,601,2,0,0;                                               603P    396
144,419,1,1,591,603,0,1,3;                                           605P    397
108,0.0,0.0,1.0,4.0,0,0.0,0.0,4.0,1.0,0,0;                           607P    398
124,1.0,0.0,0.0,0.0,0.0,-1.0,0.0,0.0,0.0,0.0,-1.0,4.0,0,0;           609P    399
100,0.0,0.0,0.0,42.0,0.0,-42.0,-5.143516556E-015,0,0;                611P    400
124,-1.0,1.224646799E-016,0.0,0.0,1.224646799E-016,1.0,0.0,0.0,      613P    401
0.0,0.0,-1.0,4.0,0,0;                                                613P    402
100,0.0,0.0,0.0,42.0,0.0,-42.0,5.143516556E-015,0,0;                 615P    403
102,2,611,615,0,0;                                                   617P    404
142,0,607,0,617,2,0,0;                                               619P    405
124,1.0,0.0,0.0,0.0,0.0,1.0,0.0,0.0,0.0,0.0,1.0,4.0,0,0;             621P    406
100,0.0,0.0,0.0,29.0,0.0,-29.0,3.551475718E-015,0,0;                 623P    407
124,-1.0,-1.224646799E-016,0.0,0.0,1.224646799E-016,-1.0,0.0,        625P    408
0.0,0.0,0.0,1.0,4.0,0,0;                                             625P    409
100,0.0,0.0,0.0,29.0,0.0,-29.0,-3.551475718E-015,0,0;                627P    410
102,2,623,627,0,0;                                                   629P    411
142,0,607,0,629,2,0,0;                                               631P    412
144,607,1,1,619,631,0,1,3;                                           633P    413
406,1,18HSP02_ALPHA_BAGUE_0,0,0;                                     635P    414
308,0,,6,507,531,555,579,605,633,0,1,635;                            637P    415
406,1,20HSP02_ALPHA_BAGUE_0.1,0,0;                                   639P    416
408,637,0.0,0.0,0.0,1.0,0,1,639;                                     641P    417
124,0.95217263,0.3055606039,0.0,-22.3930523,-0.3055606039,           643P    418
0.95217263,0.0,1.640529296,0.0,0.0,1.0,9.768676758,0,0;              643P    419
110,0.0,0.0,7.105427358E-015,0.0,0.0,1.0,0,0;                        645P    420
110,-20.77560285,38.02948592,7.105427358E-015,-24.94452057,          647P    421
45.66063863,50.0,0,0;                                                647P    422
120,645,647,0.0,3.141592654,0,0;                                     649P    423
124,0.4794255386,-0.8775825619,0.0,0.0,-0.8775825619,                651P    424
-0.4794255386,0.0,0.0,0.0,0.0,-1.0,7.105427358E-015,0,0;             651P    425
100,0.0,0.0,0.0,43.33436827,0.0,-43.33436827,2.40554067E-015,0,      653P    426
0;                                                                   653P    427
110,-20.77560285,38.02948592,7.105427358E-015,-24.94452057,          655P    428
45.66063863,50.0,0,0;                                                655P    429
124,-0.4794255386,-0.8775825619,0.0,0.0,0.8775825619,                657P    430
-0.4794255386,0.0,0.0,0.0,0.0,1.0,50.0,0,0;                          657P    431
100,0.0,0.0,0.0,52.03002044,0.0,-52.03002044,0.0,0,0;                659P    432
110,24.94452057,-45.66063863,50.0,20.77560285,-38.02948592,          661P    433
7.105427358E-015,0,0;                                                661P    434
102,4,653,655,659,661,0,0;                                           663P    435
142,0,649,0,663,2,0,0;                                               665P    436
144,649,1,0,665,0,1,3;                                               667P    437
110,0.0,0.0,7.105427358E-015,0.0,0.0,1.0,0,0;                        669P    438
110,20.77560285,-38.02948592,7.105427358E-015,24.94452057,           671P    439
-45.66063863,50.0,0,0;                                               671P    440
120,669,671,0.0,3.141592654,0,0;                                     673P    441
124,-0.4794255386,0.8775825619,0.0,0.0,0.8775825619,                 675P    442
0.4794255386,0.0,0.0,0.0,0.0,-1.0,7.105427358E-015,0,0;              675P    443
100,0.0,0.0,0.0,43.33436827,0.0,-43.33436827,-2.40554067E-015,0,     677P    444
0;                                                                   677P    445
110,20.77560285,-38.02948592,7.105427358E-015,24.94452057,           679P    446
-45.66063863,50.0,0,0;                                               679P    447
124,0.4794255386,0.8775825619,0.0,0.0,-0.8775825619,                 681P    448
0.4794255386,0.0,0.0,0.0,0.0,1.0,50.0,0,0;                           681P    449
100,0.0,0.0,0.0,52.03002044,0.0,-52.03002044,-2.888246333E-015,      683P    450
0,0;                                                                 683P    451
110,-24.94452057,45.66063863,50.0,-20.77560285,38.02948592,          685P    452
7.105427358E-015,0,0;                                                685P    453
102,4,677,679,683,685,0,0;                                           687P    454
142,0,673,0,687,2,0,0;                                               689P    455
144,673,1,0,689,0,1,3;                                               691P    456
110,0.0,0.0,4.0,0.0,0.0,5.0,0,0;                                     693P    457
110,-20.13587262,36.8584676,4.0,-23.97127693,43.87912809,50.0,0,     695P    458
0;                                                                   695P    459
120,693,695,0.0,3.141592654,0,0;                                     697P    460
124,0.4794255386,-0.8775825619,0.0,0.0,-0.8775825619,                699P    461
-0.4794255386,0.0,0.0,0.0,0.0,-1.0,50.0,0,0;                         699P    462
100,0.0,0.0,0.0,50.0,0.0,-50.0,5.551115123E-015,0,0;                 701P    463
110,-23.97127693,43.87912809,50.0,-20.13587262,36.8584676,4.0,0,     703P    464
0;                                                                   703P    465
124,-0.4794255386,-0.8775825619,0.0,0.0,0.8775825619,                705P    466
-0.4794255386,0.0,0.0,0.0,0.0,1.0,4.0,0,0;                           705P    467
100,0.0,0.0,0.0,42.0,0.0,-42.0,2.331468352E-015,0,0;                 707P    468
110,20.13587262,-36.8584676,4.0,23.97127693,-43.87912809,50.0,0,     709P    469
0;                                                                   709P    470
102,4,701,703,707,709,0,0;                                           711P    471
142,0,697,0,711,2,0,0;                                               713P    472
144,697,1,0,713,0,1,3;                                               715P    473
110,0.0,0.0,4.0,0.0,0.0,5.0,0,0;                                     717P    474
110,20.13587262,-36.8584676,4.0,23.97127693,-43.87912809,50.0,0,     719P    475
0;                                                                   719P    476
120,717,719,0.0,3.141592654,0,0;                                     721P    477
124,-0.4794255386,0.8775825619,0.0,0.0,0.8775825619,                 723P    478
0.4794255386,0.0,0.0,0.0,0.0,-1.0,50.0,0,0;                          723P    479
100,0.0,0.0,0.0,50.0,0.0,-50.0,-5.551115123E-015,0,0;                725P    480
110,23.97127693,-43.87912809,50.0,20.13587262,-36.8584676,4.0,0,     727P    481
0;                                                                   727P    482
124,0.4794255386,0.8775825619,0.0,0.0,-0.8775825619,                 729P    483
0.4794255386,0.0,0.0,0.0,0.0,1.0,4.0,0,0;                            729P    484
100,0.0,0.0,0.0,42.0,0.0,-42.0,-2.331468352E-015,0,0;                731P    485
110,-20.13587262,36.8584676,4.0,-23.97127693,43.87912809,50.0,0,     733P    486
0;                                                                   733P    487
102,4,725,727,731,733,0,0;                                           735P    488
142,0,721,0,735,2,0,0;                                               737P    489
144,721,1,0,737,0,1,3;                                               739P    490
110,0.0,0.0,25.0,0.0,0.0,26.0,0,0;                                   741P    491
110,-20.13587262,36.8584676,-7.105427358E-015,-20.13587262,          743P    492
36.8584676,4.0,0,0;                                                  743P    493
120,741,743,0.0,6.283185307,0,0;                                     745P    494
124,0.4794255386,-0.8775825619,0.0,0.0,-0.8775825619,                747P    495
-0.4794255386,0.0,0.0,1.691768418E-016,0.0,-1.0,4.0,0,0;             747P    496
100,0.0,0.0,0.0,42.0,0.0,-42.0,2.331468352E-015,0,0;                 749P    497
110,-20.13587262,36.8584676,4.0,-20.13587262,36.8584676,             751P    498
-7.105427358E-015,0,0;                                               751P    499
124,-0.4794255386,-0.8775825619,0.0,0.0,0.8775825619,                753P    500
-0.4794255386,0.0,0.0,0.0,0.0,1.0,-7.105427358E-015,0,0;             753P    501
100,0.0,0.0,0.0,42.0,0.0,-42.0,2.331468352E-015,0,0;                 755P    502
110,20.13587262,-36.8584676,-7.105427358E-015,20.13587262,           757P    503
-36.8584676,4.0,0,0;                                                 757P    504
102,4,749,751,755,757,0,0;                                           759P    505
142,0,745,0,759,2,0,0;                                               761P    506
144,745,1,0,761,0,1,3;                                               763P    507
110,0.0,0.0,25.0,0.0,0.0,26.0,0,0;                                   765P    508
110,20.13587262,-36.8584676,-7.105427358E-015,20.13587262,           767P    509
-36.8584676,4.0,0,0;                                                 767P    510
120,765,767,0.0,6.283185307,0,0;                                     769P    511
124,-0.4794255386,0.8775825619,0.0,0.0,0.8775825619,                 771P    512
0.4794255386,0.0,0.0,1.691768418E-016,0.0,-1.0,4.0,0,0;              771P    513
100,0.0,0.0,0.0,42.0,0.0,-42.0,-2.331468352E-015,0,0;                773P    514
110,20.13587262,-36.8584676,4.0,20.13587262,-36.8584676,             775P    515
-7.105427358E-015,0,0;                                               775P    516
124,0.4794255386,0.8775825619,0.0,0.0,-0.8775825619,                 777P    517
0.4794255386,0.0,0.0,0.0,0.0,1.0,-7.105427358E-015,0,0;              777P    518
100,0.0,0.0,0.0,42.0,0.0,-42.0,-2.331468352E-015,0,0;                779P    519
110,-20.13587262,36.8584676,-7.105427358E-015,-20.13587262,          781P    520
36.8584676,4.0,0,0;                                                  781P    521
102,4,773,775,779,781,0,0;                                           783P    522
142,0,769,0,783,2,0,0;                                               785P    523
144,769,1,0,785,0,1,3;                                               787P    524
108,0.0,0.0,1.0,50.0,0,0.0,52.03002044,50.0,1.0,0,0;                 789P    525
124,0.4794255386,-0.8775825619,0.0,0.0,-0.8775825619,                791P    526
-0.4794255386,0.0,0.0,0.0,0.0,-1.0,50.0,0,0;                         791P    527
100,0.0,0.0,0.0,52.03002044,0.0,-52.03002044,2.888246333E-015,0,     793P    528
0;                                                                   793P    529
124,-0.4794255386,0.8775825619,0.0,0.0,0.8775825619,                 795P    530
0.4794255386,0.0,0.0,0.0,0.0,-1.0,50.0,0,0;                          795P    531
100,0.0,0.0,0.0,52.03002044,0.0,-52.03002044,0.0,0,0;                797P    532
102,2,793,797,0,0;                                                   799P    533
142,0,789,0,799,2,0,0;                                               801P    534
124,0.4794255386,0.8775825619,0.0,0.0,-0.8775825619,                 803P    535
0.4794255386,0.0,0.0,1.421085472E-016,0.0,1.0,50.0,0,0;              803P    536
100,0.0,0.0,0.0,50.0,0.0,-50.0,-5.551115123E-015,0,0;                805P    537
124,-0.4794255386,-0.8775825619,0.0,0.0,0.8775825619,                807P    538
-0.4794255386,0.0,0.0,1.421085472E-016,0.0,1.0,50.0,0,0;             807P    539
100,0.0,0.0,0.0,50.0,0.0,-50.0,5.551115123E-015,0,0;                 809P    540
102,2,805,809,0,0;                                                   811P    541
142,0,789,0,811,2,0,0;                                               813P    542
144,789,1,1,801,813,0,1,3;                                           815P    543
124,0.4794255386,0.8775825619,0.0,0.0,-0.8775825619,                 817P    544
0.4794255386,0.0,0.0,1.639674845E-016,0.0,1.0,0.0,0,0;               817P    545
100,0.0,0.0,0.0,43.33436827,0.0,-43.33436827,-2.40554067E-015,0,     819P    546
0;                                                                   819P    547
124,-0.4794255386,-0.8775825619,0.0,0.0,0.8775825619,                821P    548
-0.4794255386,0.0,0.0,1.639674845E-016,0.0,1.0,0.0,0,0;              821P    549
100,0.0,0.0,0.0,43.33436827,0.0,-43.33436827,2.40554067E-015,0,      823P    550
0;                                                                   823P    551
102,2,819,823,0,0;                                                   825P    552
142,0,419,0,825,2,0,0;                                               827P    553
124,0.4794255386,-0.8775825619,0.0,0.0,-0.8775825619,                829P    554
-0.4794255386,0.0,0.0,-1.691768418E-016,0.0,-1.0,0.0,0,0;            829P    555
100,0.0,0.0,0.0,42.0,0.0,-42.0,2.331468352E-015,0,0;                 831P    556
124,-0.4794255386,0.8775825619,0.0,0.0,0.8775825619,                 833P    557
0.4794255386,0.0,0.0,-1.691768418E-016,0.0,-1.0,0.0,0,0;             833P    558
100,0.0,0.0,0.0,42.0,0.0,-42.0,-2.331468352E-015,0,0;                835P    559
102,2,831,835,0,0;                                                   837P    560
142,0,419,0,837,2,0,0;                                               839P    561
144,419,1,1,827,839,0,1,3;                                           841P    562
406,1,19HSP02_ALPHA_RETREINT,0,0;                                    843P    563
308,0,,8,667,691,715,739,763,787,815,841,0,1,843;                    845P    564
406,1,21HSP02_ALPHA_RETREINT.1,0,0;                                  847P    565
408,845,0.0,0.0,0.0,1.0,0,1,847;                                     849P    566
124,0.95217263,0.3055606039,0.0,-22.3930523,-0.3055606039,           851P    567
0.95217263,0.0,1.640529296,0.0,0.0,1.0,59.76867676,0,0;              851P    568
110,0.0,0.0,2.0,0.0,0.0,3.0,0,0;                                     853P    569
110,50.0,0.0,0.0,50.0,0.0,4.0,0,0;                                   855P    570
120,853,855,0.0,6.283185307,0,0;                                     857P    571
124,1.0,0.0,0.0,0.0,0.0,1.0,0.0,0.0,0.0,0.0,1.0,4.0,0,0;             859P    572
100,0.0,0.0,0.0,50.0,0.0,-50.0,6.123233996E-015,0,0;                 861P    573
110,-50.0,6.123233996E-015,4.0,-50.0,6.123233996E-015,0.0,0,0;       863P    574
124,-1.0,1.224646799E-016,0.0,0.0,1.224646799E-016,1.0,0.0,0.0,      865P    575
0.0,0.0,-1.0,0.0,0,0;                                                865P    576
100,0.0,0.0,0.0,50.0,0.0,-50.0,6.123233996E-015,0,0;                 867P    577
110,50.0,0.0,0.0,50.0,0.0,4.0,0,0;                                   869P    578
102,4,861,863,867,869,0,0;                                           871P    579
142,0,857,0,871,2,0,0;                                               873P    580
144,857,1,0,873,0,1,3;                                               875P    581
110,0.0,0.0,2.0,0.0,0.0,3.0,0,0;                                     877P    582
110,-50.0,6.123233996E-015,0.0,-50.0,6.123233996E-015,4.0,0,0;       879P    583
120,877,879,0.0,6.283185307,0,0;                                     881P    584
124,-1.0,-1.224646799E-016,0.0,0.0,1.224646799E-016,-1.0,0.0,        883P    585
0.0,0.0,0.0,1.0,4.0,0,0;                                             883P    586
100,0.0,0.0,0.0,50.0,0.0,-50.0,-6.123233996E-015,0,0;                885P    587
110,50.0,0.0,4.0,50.0,0.0,0.0,0,0;                                   887P    588
124,1.0,0.0,0.0,0.0,0.0,-1.0,0.0,0.0,0.0,0.0,-1.0,0.0,0,0;           889P    589
100,0.0,0.0,0.0,50.0,0.0,-50.0,-6.123233996E-015,0,0;                891P    590
110,-50.0,6.123233996E-015,0.0,-50.0,6.123233996E-015,4.0,0,0;       893P    591
102,4,885,887,891,893,0,0;                                           895P    592
142,0,881,0,895,2,0,0;                                               897P    593
144,881,1,0,897,0,1,3;                                               899P    594
110,0.0,0.0,2.0,0.0,0.0,3.0,0,0;                                     901P    595
110,-29.0,3.551475718E-015,0.0,-29.0,3.551475718E-015,4.0,0,0;       903P    596
120,901,903,0.0,6.283185307,0,0;                                     905P    597
110,-29.0,3.551475718E-015,4.0,-29.0,3.551475718E-015,0.0,0,0;       907P    598
124,-1.0,-1.224646799E-016,0.0,0.0,1.224646799E-016,-1.0,0.0,        909P    599
0.0,0.0,0.0,1.0,0.0,0,0;                                             909P    600
100,0.0,0.0,0.0,29.0,0.0,-29.0,-3.551475718E-015,0,0;                911P    601
110,29.0,0.0,0.0,29.0,0.0,4.0,0,0;                                   913P    602
124,1.0,0.0,0.0,0.0,0.0,-1.0,0.0,0.0,0.0,0.0,-1.0,4.0,0,0;           915P    603
100,0.0,0.0,0.0,29.0,0.0,-29.0,-3.551475718E-015,0,0;                917P    604
102,4,907,911,913,917,0,0;                                           919P    605
142,0,905,0,919,2,0,0;                                               921P    606
144,905,1,0,921,0,1,3;                                               923P    607
110,0.0,0.0,2.0,0.0,0.0,3.0,0,0;                                     925P    608
110,29.0,0.0,0.0,29.0,0.0,4.0,0,0;                                   927P    609
120,925,927,0.0,6.283185307,0,0;                                     929P    610
110,29.0,0.0,4.0,29.0,0.0,0.0,0,0;                                   931P    611
124,1.0,0.0,0.0,0.0,0.0,1.0,0.0,0.0,0.0,0.0,1.0,0.0,0,0;             933P    612
100,0.0,0.0,0.0,29.0,0.0,-29.0,3.551475718E-015,0,0;                 935P    613
110,-29.0,3.551475718E-015,0.0,-29.0,3.551475718E-015,4.0,0,0;       937P    614
124,-1.0,1.224646799E-016,0.0,0.0,1.224646799E-016,1.0,0.0,0.0,      939P    615
0.0,0.0,-1.0,4.0,0,0;                                                939P    616
100,0.0,0.0,0.0,29.0,0.0,-29.0,3.551475718E-015,0,0;                 941P    617
102,4,931,935,937,941,0,0;                                           943P    618
142,0,929,0,943,2,0,0;                                               945P    619
144,929,1,0,945,0,1,3;                                               947P    620
124,1.0,0.0,0.0,0.0,0.0,1.0,0.0,0.0,0.0,0.0,1.0,0.0,0,0;             949P    621
100,0.0,0.0,0.0,50.0,0.0,-50.0,6.123233996E-015,0,0;                 951P    622
124,-1.0,-1.224646799E-016,0.0,0.0,1.224646799E-016,-1.0,0.0,        953P    623
0.0,0.0,0.0,1.0,0.0,0,0;                                             953P    624
100,0.0,0.0,0.0,50.0,0.0,-50.0,-6.123233996E-015,0,0;                955P    625
102,2,951,955,0,0;                                                   957P    626
142,0,419,0,957,2,0,0;                                               959P    627
124,1.0,0.0,0.0,0.0,0.0,-1.0,0.0,0.0,0.0,0.0,-1.0,0.0,0,0;           961P    628
100,0.0,0.0,0.0,29.0,0.0,-29.0,-3.551475718E-015,0,0;                963P    629
124,-1.0,1.224646799E-016,0.0,0.0,1.224646799E-016,1.0,0.0,0.0,      965P    630
0.0,0.0,-1.0,0.0,0,0;                                                965P    631
100,0.0,0.0,0.0,29.0,0.0,-29.0,3.551475718E-015,0,0;                 967P    632
102,2,963,967,0,0;                                                   969P    633
142,0,419,0,969,2,0,0;                                               971P    634
144,419,1,1,959,971,0,1,3;                                           973P    635
124,1.0,0.0,0.0,0.0,0.0,-1.0,0.0,0.0,0.0,0.0,-1.0,4.0,0,0;           975P    636
100,0.0,0.0,0.0,50.0,0.0,-50.0,-6.123233996E-015,0,0;                977P    637
124,-1.0,1.224646799E-016,0.0,0.0,1.224646799E-016,1.0,0.0,0.0,      979P    638
0.0,0.0,-1.0,4.0,0,0;                                                979P    639
100,0.0,0.0,0.0,50.0,0.0,-50.0,6.123233996E-015,0,0;                 981P    640
102,2,977,981,0,0;                                                   983P    641
142,0,607,0,983,2,0,0;                                               985P    642
124,1.0,0.0,0.0,0.0,0.0,1.0,0.0,0.0,0.0,0.0,1.0,4.0,0,0;             987P    643
100,0.0,0.0,0.0,29.0,0.0,-29.0,3.551475718E-015,0,0;                 989P    644
124,-1.0,-1.224646799E-016,0.0,0.0,1.224646799E-016,-1.0,0.0,        991P    645
0.0,0.0,0.0,1.0,4.0,0,0;                                             991P    646
100,0.0,0.0,0.0,29.0,0.0,-29.0,-3.551475718E-015,0,0;                993P    647
102,2,989,993,0,0;                                                   995P    648
142,0,607,0,995,2,0,0;                                               997P    649
144,607,1,1,985,997,0,1,3;                                           999P    650
406,1,18HSP02_ALPHA_BAGUE_1,0,0;                                    1001P    651
308,0,,6,875,899,923,947,973,999,0,1,1001;                          1003P    652
406,1,20HSP02_ALPHA_BAGUE_1.1,0,0;                                  1005P    653
408,1003,0.0,0.0,0.0,1.0,0,1,1005;                                  1007P    654
124,0.95217263,0.3055606039,0.0,-22.3930523,-0.3055606039,          1009P    655
0.95217263,0.0,1.640529296,0.0,0.0,1.0,59.76867676,0,0;             1009P    656
108,-1.0,0.0,0.0,30.0,0,-30.0,0.0,770.0,1.0,0,0;                    1011P    657
110,-30.0,-40.0,770.0,-30.0,-40.0,530.0,0,0;                        1013P    658
110,-30.0,-40.0,530.0,-30.0,-42.47352116,530.0,0,0;                 1015P    659
110,-30.0,-42.47352116,530.0,-30.0,-42.47352116,770.0,0,0;          1017P    660
110,-30.0,-42.47352116,770.0,-30.0,-40.0,770.0,0,0;                 1019P    661
102,4,1013,1015,1017,1019,0,0;                                      1021P    662
142,0,1011,0,1021,2,0,0;                                            1023P    663
144,1011,1,0,1023,0,1,3;                                            1025P    664
110,0.0,0.0,505.0,0.0,0.0,506.0,0,0;                                1027P    665
110,-45.63429322,-24.93012801,0.0,-45.63429322,-24.93012801,        1029P    666
1010.0,0,0;                                                         1029P    667
120,1027,1029,0.0,6.283185307,0,0;                                  1031P    668
110,1.5,-51.97836088,0.0,1.5,-51.97836088,194.0,0,0;                1033P    669
124,0.02884615385,-0.9995838631,0.0,0.0,-0.9995838631,              1035P    670
-0.02884615385,0.0,0.0,-1.09314267E-015,0.0,-1.0,194.0,0,0;         1035P    671
100,0.0,0.0,0.0,52.0,0.0,51.91346154,2.998751589,0,0;               1037P    672
110,-1.5,-51.97836088,194.0,-1.5,-51.97836088,0.0,0,0;              1039P    673
124,-0.02884615385,-0.9995838631,0.0,0.0,-0.9995838631,             1041P    674
0.02884615385,0.0,0.0,0.0,0.0,-1.0,0.0,0,0;                         1041P    675
100,0.0,0.0,0.0,52.0,0.0,26.2361275,44.8961648,0,0;                 1043P    676
110,-45.63429322,-24.93012801,0.0,-45.63429322,-24.93012801,        1045P    677
1010.0,0,0;                                                         1045P    678
124,-0.8775825619,0.4794255386,0.0,0.0,-0.4794255386,               1047P    679
-0.8775825619,0.0,0.0,0.0,0.0,1.0,1010.0,0,0;                       1047P    680
100,0.0,0.0,0.0,52.0,0.0,-52.0,-1.731947918E-014,0,0;               1049P    681
110,45.63429322,24.93012801,1010.0,45.63429322,24.93012801,0.0,     1051P    682
0,0;                                                                1051P    683
124,0.8775825619,0.4794255386,0.0,0.0,0.4794255386,                 1053P    684
-0.8775825619,0.0,0.0,0.0,0.0,-1.0,0.0,0,0;                         1053P    685
100,0.0,0.0,0.0,52.0,0.0,46.33444141,23.60337982,0,0;               1055P    686
110,51.97836088,1.5,0.0,51.97836088,1.5,194.0,0,0;                  1057P    687
124,0.9995838631,0.02884615385,0.0,0.0,0.02884615385,               1059P    688
-0.9995838631,0.0,0.0,0.0,0.0,-1.0,194.0,0,0;                       1059P    689
100,0.0,0.0,0.0,52.0,0.0,51.91346154,2.998751589,0,0;               1061P    690
110,51.97836088,-1.5,194.0,51.97836088,-1.5,-6.463937882E-015,0,    1063P    691
0;                                                                  1063P    692
124,0.9995838631,-0.02884615385,0.0,0.0,-0.02884615385,             1065P    693
-0.9995838631,0.0,0.0,-1.243064977E-016,0.0,-1.0,0.0,0,0;           1065P    694
100,0.0,0.0,0.0,52.0,0.0,2.998751589,51.91346154,0,0;               1067P    695
102,12,1033,1037,1039,1043,1045,1049,1051,1055,1057,1061,1063,      1069P    696
1067,0,0;                                                           1069P    697
142,0,1031,0,1069,2,0,0;                                            1071P    698
126,26,5,0,0,1,0,0.0,0.0,0.0,0.0,0.0,0.0,19.64276721,               1073P    699
19.64276721,19.64276721,30.31132089,30.31132089,30.31132089,        1073P    700
56.17620731,56.17620731,56.17620731,71.58087534,71.58087534,        1073P    701
71.58087534,86.38839129,86.38839129,86.38839129,99.79993363,        1073P    702
99.79993363,99.79993363,114.2496653,114.2496653,114.2496653,        1073P    703
136.5851157,136.5851157,136.5851157,136.5851157,136.5851157,        1073P    704
136.5851157,1.0,1.0,1.0,1.0,1.0,1.0,1.0,1.0,1.0,1.0,1.0,1.0,1.0,    1073P    705
1.0,1.0,1.0,1.0,1.0,1.0,1.0,1.0,1.0,1.0,1.0,1.0,1.0,1.0,-30.0,      1073P    706
-42.47352116,530.0,-30.0,-42.47352116,527.2220932,-29.67846808,     1073P    707
-42.70062636,524.444187,-29.03509456,-43.15553639,521.7445946,      1073P    708
-27.60579708,-44.10361246,517.7854482,-25.56361304,-45.29456252,    1073P    709
514.1996765,-24.77298223,-45.73453253,512.9877411,-21.83224177,     1073P    710
-47.28145582,509.0203442,-18.12575537,-48.87227129,505.7130226,     1073P    711
-15.15910849,-49.90762273,503.7422179,-9.933625083,-51.24474229,    1073P    712
501.3106619,-4.216053913,-51.89651455,500.1782174,-2.038430868,     1073P    713
-52.02947967,499.9495014,2.25694698,-52.06015742,499.8946657,       1073P    714
6.474337008,-51.65767319,500.5951996,8.494265559,-51.36042909,      1073P    715
501.1161976,12.21031784,-50.62870571,502.4241519,15.6152423,        1073P    716
-49.64194878,504.2855636,17.15198201,-49.12752068,505.2858847,      1073P    717
20.15908357,-47.99411274,507.5836447,22.75725789,-46.78954264,      1073P    718
510.3073665,23.98793333,-46.16392982,511.8259126,26.80368265,       1073P    719
-44.62202815,515.9413935,28.75308796,-43.35464714,520.6410613,      1073P    720
29.58427305,-42.76715843,523.6825814,30.0,-42.47352116,             1073P    721
526.8412903,30.0,-42.47352116,530.0,0.0,136.5851157,0.0,0.0,0.0,    1073P    722
0,0;                                                                1073P    723
110,30.0,-42.47352116,530.0,30.0,-42.47352116,770.0,0,0;            1075P    724
126,26,5,0,0,1,0,0.0,0.0,0.0,0.0,0.0,0.0,22.33545042,               1077P    725
22.33545042,22.33545042,36.7851821,36.7851821,36.7851821,           1077P    726
50.19672444,50.19672444,50.19672444,65.00424039,65.00424039,        1077P    727
65.00424039,80.40890841,80.40890841,80.40890841,106.2737948,        1077P    728
106.2737948,106.2737948,116.9423485,116.9423485,116.9423485,        1077P    729
136.5851157,136.5851157,136.5851157,136.5851157,136.5851157,        1077P    730
136.5851157,1.0,1.0,1.0,1.0,1.0,1.0,1.0,1.0,1.0,1.0,1.0,1.0,1.0,    1077P    731
1.0,1.0,1.0,1.0,1.0,1.0,1.0,1.0,1.0,1.0,1.0,1.0,1.0,1.0,30.0,       1077P    732
-42.47352116,770.0,30.0,-42.47352116,773.1587097,29.58427305,       1077P    733
-42.76715843,776.3174186,28.75308796,-43.35464714,779.3589387,      1077P    734
26.80368265,-44.62202815,784.0586065,23.98793334,-46.16392982,      1077P    735
788.1740873,22.75725789,-46.78954264,789.6926335,20.15908357,       1077P    736
-47.99411274,792.4163553,17.15198202,-49.12752068,794.7141153,      1077P    737
15.6152423,-49.64194878,795.7144364,12.21031784,-50.62870571,       1077P    738
797.5758481,8.494265562,-51.36042909,798.8838024,6.474337011,       1077P    739
-51.65767319,799.4048004,2.256946983,-52.06015741,800.1053343,      1077P    740
-2.038430865,-52.02947967,800.0504986,-4.21605391,-51.89651455,     1077P    741
799.8217826,-9.93362508,-51.24474229,798.6893381,-15.15910849,      1077P    742
-49.90762274,796.2577821,-18.12575536,-48.87227129,794.2869775,     1077P    743
-21.83224176,-47.28145582,790.9796558,-24.77298223,-45.73453253,    1077P    744
787.0122589,-25.56361304,-45.29456252,785.8003235,-27.60579708,     1077P    745
-44.10361246,782.2145518,-29.03509456,-43.15553639,778.2554054,     1077P    746
-29.67846808,-42.70062636,775.555813,-30.0,-42.47352116,            1077P    747
772.7779068,-30.0,-42.47352116,770.0,0.0,136.5851157,0.0,0.0,       1077P    748
0.0,0,0;                                                            1077P    749
110,-30.0,-42.47352116,770.0,-30.0,-42.47352116,530.0,0,0;          1079P    750
102,4,1073,1075,1077,1079,0,0;                                      1081P    751
142,0,1031,0,1081,2,0,0;                                            1083P    752
144,1031,1,1,1071,1083,0,1,3;                                       1085P    753
110,9.429780353E-014,-26.66,770.0,9.429780353E-014,-25.66,770.0,    1087P    754
0,0;                                                                1087P    755
110,-30.0,-52.22723977,770.0,-30.0,-39.79980889,770.0,0,0;          1089P    756
120,1087,1089,0.0,6.283185307,0,0;                                  1091P    757
126,26,5,0,0,1,0,0.0,0.0,0.0,0.0,0.0,0.0,22.07677569,               1093P    758
22.07677569,22.07677569,36.56869386,36.56869386,36.56869386,        1093P    759
50.06631952,50.06631952,50.06631952,64.86924101,64.86924101,        1093P    760
64.86924101,80.19732496,80.19732496,80.19732496,106.0493332,        1093P    761
106.0493332,106.0493332,116.8194848,116.8194848,116.8194848,        1093P    762
136.9146338,136.9146338,136.9146338,136.9146338,136.9146338,        1093P    763
136.9146338,1.0,1.0,1.0,1.0,1.0,1.0,1.0,1.0,1.0,1.0,1.0,1.0,1.0,    1093P    764
1.0,1.0,1.0,1.0,1.0,1.0,1.0,1.0,1.0,1.0,1.0,1.0,1.0,1.0,30.0,       1093P    765
-40.0,770.0,30.0,-40.0,773.1221276,29.59384665,-40.30461502,        1093P    766
776.2442548,28.78199649,-40.91377879,779.2477382,26.87243811,       1093P    767
-42.22968376,783.9146833,24.11316208,-43.83032138,788.0070798,      1093P    768
22.89528676,-44.48558696,789.5314294,20.31711198,-45.7499998,       1093P    769
792.2732315,17.32574611,-46.94198787,794.5930422,15.79221718,       1093P    770
-47.48469503,795.6067008,12.40142669,-48.52394623,797.4904729,      1093P    771
8.691208168,-49.29990286,798.8246778,6.678222595,-49.6166573,       1093P    772
799.3589171,2.480025069,-50.05127307,800.0866394,-1.804376496,      1093P    773
-50.03896875,800.0643238,-3.973336981,-49.91177043,799.8539622,     1093P    774
-9.688233926,-49.26316584,798.7715952,-14.9183548,-47.89735536,     1093P    775
796.3940172,-17.89309344,-46.83045267,794.4556068,-21.62513216,     1093P    776
-45.17562523,791.1903591,-24.59873336,-43.54685654,787.2640291,     1093P    777
-25.40497915,-43.07849426,786.0549803,-27.50960295,-41.79402465,    1093P    778
782.4428123,-28.99032006,-40.75770886,778.437376,-29.66348749,      1093P    779
-40.25238438,775.6837662,-30.0,-40.0,772.8418832,-30.0,-40.0,       1093P    780
770.0,0.0,136.9146338,0.0,0.0,0.0,0,0;                              1093P    781
110,-30.0,-40.0,770.0,-30.0,-42.47352116,770.0,0,0;                 1095P    782
126,26,5,0,0,1,0,0.0,0.0,0.0,0.0,0.0,0.0,19.64276721,               1097P    783
19.64276721,19.64276721,30.31132089,30.31132089,30.31132089,        1097P    784
56.17620731,56.17620731,56.17620731,71.58087534,71.58087534,        1097P    785
71.58087534,86.38839129,86.38839129,86.38839129,99.79993363,        1097P    786
99.79993363,99.79993363,114.2496653,114.2496653,114.2496653,        1097P    787
136.5851157,136.5851157,136.5851157,136.5851157,136.5851157,        1097P    788
136.5851157,1.0,1.0,1.0,1.0,1.0,1.0,1.0,1.0,1.0,1.0,1.0,1.0,1.0,    1097P    789
1.0,1.0,1.0,1.0,1.0,1.0,1.0,1.0,1.0,1.0,1.0,1.0,1.0,1.0,-30.0,      1097P    790
-42.47352116,770.0,-30.0,-42.47352116,772.7779068,-29.67846808,     1097P    791
-42.70062636,775.5558134,-29.03509485,-43.15553655,778.2554051,     1097P    792
-27.60579692,-44.10361237,782.2145519,-25.56361312,-45.29456257,    1097P    793
785.8003234,-24.7729823,-45.73453258,787.0122588,-21.83224157,      1097P    794
-47.28145569,790.979656,-18.12575582,-48.87227162,794.286977,       1097P    795
-15.15910891,-49.90762296,796.2577819,-9.933624829,-51.24474216,    1097P    796
798.6893383,-4.216054059,-51.89651462,799.8217825,-2.038431019,     1097P    797
-52.02947965,800.0504986,2.256947132,-52.06015744,800.1053343,      1097P    798
6.474336868,-51.65767317,799.4048004,8.494265428,-51.360429,        1097P    799
798.8838025,12.21031797,-50.62870579,797.575848,15.61524219,        1097P    800
-49.6419487,795.7144364,17.1519819,-49.12752059,794.7141154,        1097P    801
20.15908369,-47.99411284,792.4163552,22.75725776,-46.78954254,      1097P    802
789.6926336,23.98793318,-46.16392973,788.1740875,26.80368289,       1097P    803
-44.6220283,784.0586062,28.75308759,-43.35464691,779.358939,        1097P    804
29.58427305,-42.76715843,776.3174191,30.0,-42.47352116,             1097P    805
773.1587097,30.0,-42.47352116,770.0,0.0,136.5851157,0.0,0.0,0.0,    1097P    806
0,0;                                                                1097P    807
110,30.0,-42.47352116,770.0,30.0,-40.0,770.0,0,0;                   1099P    808
102,4,1093,1095,1097,1099,0,0;                                      1101P    809
142,0,1091,0,1101,2,0,0;                                            1103P    810
144,1091,1,0,1103,0,1,3;                                            1105P    811
124,0.02884615385,0.9995838631,0.0,0.0,-0.9995838631,               1107P    812
0.02884615385,0.0,0.0,0.0,0.0,1.0,0.0,0,0;                          1107P    813
100,0.0,0.0,0.0,52.0,0.0,2.998751589,51.91346154,0,0;               1109P    814
110,51.97836088,-1.5,-6.463937882E-015,49.97749494,-1.5,            1111P    815
-6.463937882E-015,0,0;                                              1111P    816
124,0.9995498987,-0.03,0.0,0.0,-0.03,-0.9995498987,0.0,0.0,         1113P    817
-1.292787576E-016,0.0,-1.0,0.0,0,0;                                 1113P    818
100,0.0,0.0,0.0,50.0,0.0,2.998649696,49.91,0,0;                     1115P    819
110,1.5,-49.97749494,0.0,1.5,-51.97836088,0.0,0,0;                  1117P    820
102,4,1109,1111,1115,1117,0,0;                                      1119P    821
142,0,419,0,1119,2,0,0;                                             1121P    822
144,419,1,0,1121,0,1,3;                                             1123P    823
108,0.0,-1.0,0.0,1.5,0,0.0,-1.5,-6.463937882E-015,1.0,0,0;          1125P    824
110,49.97749494,-1.5,194.0,49.97749494,-1.5,-6.463937882E-015,0,    1127P    825
0;                                                                  1127P    826
110,49.97749494,-1.5,-6.463937882E-015,51.97836088,-1.5,            1129P    827
-6.463937882E-015,0,0;                                              1129P    828
110,51.97836088,-1.5,-6.463937882E-015,51.97836088,-1.5,194.0,0,    1131P    829
0;                                                                  1131P    830
110,51.97836088,-1.5,194.0,49.97749494,-1.5,194.0,0,0;              1133P    831
102,4,1127,1129,1131,1133,0,0;                                      1135P    832
142,0,1125,0,1135,2,0,0;                                            1137P    833
144,1125,1,0,1137,0,1,3;                                            1139P    834
108,0.0,0.0,1.0,194.0,0,0.0,-1.5,194.0,1.0,0,0;                     1141P    835
124,0.9995498987,0.03,0.0,3.453237696E-012,0.03,-0.9995498987,      1143P    836
0.0,1.398881011E-014,0.0,0.0,-1.0,194.0,0,0;                        1143P    837
100,0.0,0.0,0.0,50.0,0.0,49.91,2.998649696,0,0;                     1145P    838
110,49.97749494,-1.5,194.0,51.97836088,-1.5,194.0,0,0;              1147P    839
124,0.9995838631,0.02884615385,0.0,1.080024958E-012,                1149P    840
-0.02884615385,0.9995838631,0.0,-3.61932706E-014,0.0,0.0,1.0,       1149P    841
194.0,0,0;                                                          1149P    842
100,0.0,0.0,0.0,52.0,0.0,51.91346154,2.998751589,0,0;               1151P    843
110,51.97836088,1.5,194.0,49.97749494,1.5,194.0,0,0;                1153P    844
102,4,1145,1147,1151,1153,0,0;                                      1155P    845
142,0,1141,0,1155,2,0,0;                                            1157P    846
144,1141,1,0,1157,0,1,3;                                            1159P    847
108,0.0,1.0,0.0,1.5,0,0.0,1.5,194.0,1.0,0,0;                        1161P    848
110,49.97749494,1.5,0.0,49.97749494,1.5,194.0,0,0;                  1163P    849
110,49.97749494,1.5,194.0,51.97836088,1.5,194.0,0,0;                1165P    850
110,51.97836088,1.5,194.0,51.97836088,1.5,0.0,0,0;                  1167P    851
110,51.97836088,1.5,0.0,49.97749494,1.5,0.0,0,0;                    1169P    852
102,4,1163,1165,1167,1169,0,0;                                      1171P    853
142,0,1161,0,1171,2,0,0;                                            1173P    854
144,1161,1,0,1173,0,1,3;                                            1175P    855
124,0.03,0.9995498987,0.0,0.0,0.9995498987,-0.03,0.0,0.0,           1177P    856
-1.292787576E-016,0.0,-1.0,0.0,0,0;                                 1177P    857
100,0.0,0.0,0.0,50.0,0.0,25.27686127,43.14023973,0,0;               1179P    858
124,0.8775825619,0.4794255386,0.0,0.0,0.4794255386,                 1181P    859
-0.8775825619,0.0,0.0,0.0,0.0,-1.0,0.0,0,0;                         1181P    860
100,0.0,0.0,0.0,50.0,0.0,44.57851635,22.64411358,0,0;               1183P    861
110,49.97749494,1.5,0.0,51.97836088,1.5,0.0,0,0;                    1185P    862
124,0.9995838631,-0.02884615385,0.0,0.0,0.02884615385,              1187P    863
0.9995838631,0.0,0.0,0.0,0.0,1.0,0.0,0,0;                           1187P    864
100,0.0,0.0,0.0,52.0,0.0,46.33444141,23.60337982,0,0;               1189P    865
124,0.8775825619,-0.4794255386,0.0,0.0,0.4794255386,                1191P    866
0.8775825619,0.0,0.0,0.0,0.0,1.0,0.0,0,0;                           1191P    867
100,0.0,0.0,0.0,52.0,0.0,26.2361275,44.8961648,0,0;                 1193P    868
110,1.5,51.97836088,0.0,1.5,49.97749494,-6.463937882E-015,0,0;      1195P    869
102,6,1179,1183,1185,1189,1193,1195,0,0;                            1197P    870
142,0,419,0,1197,2,0,0;                                             1199P    871
144,419,1,0,1199,0,1,3;                                             1201P    872
110,0.0,0.0,505.0,0.0,0.0,506.0,0,0;                                1203P    873
110,45.63429322,24.93012801,0.0,45.63429322,24.93012801,1010.0,     1205P    874
0,0;                                                                1205P    875
120,1203,1205,0.0,6.283185307,0,0;                                  1207P    876
110,-1.5,51.97836088,0.0,-1.5,51.97836088,194.0,0,0;                1209P    877
124,-0.02884615385,0.9995838631,0.0,0.0,0.9995838631,               1211P    878
0.02884615385,0.0,0.0,0.0,0.0,-1.0,194.0,0,0;                       1211P    879
100,0.0,0.0,0.0,52.0,0.0,51.91346154,2.998751589,0,0;               1213P    880
110,1.5,51.97836088,194.0,1.5,51.97836088,0.0,0,0;                  1215P    881
124,0.02884615385,0.9995838631,0.0,0.0,0.9995838631,                1217P    882
-0.02884615385,0.0,0.0,0.0,0.0,-1.0,0.0,0,0;                        1217P    883
100,0.0,0.0,0.0,52.0,0.0,26.2361275,44.8961648,0,0;                 1219P    884
110,45.63429322,24.93012801,0.0,45.63429322,24.93012801,1010.0,     1221P    885
0,0;                                                                1221P    886
124,0.8775825619,-0.4794255386,0.0,0.0,0.4794255386,                1223P    887
0.8775825619,0.0,0.0,0.0,0.0,1.0,1010.0,0,0;                        1223P    888
100,0.0,0.0,0.0,52.0,0.0,-52.0,1.731947918E-014,0,0;                1225P    889
110,-45.63429322,-24.93012801,1010.0,-45.63429322,-24.93012801,     1227P    890
0.0,0,0;                                                            1227P    891
124,-0.8775825619,-0.4794255386,0.0,0.0,-0.4794255386,              1229P    892
0.8775825619,0.0,0.0,0.0,0.0,-1.0,0.0,0,0;                          1229P    893
100,0.0,0.0,0.0,52.0,0.0,46.33444141,23.60337982,0,0;               1231P    894
110,-51.97836088,-1.5,-6.463937882E-015,-51.97836088,-1.5,194.0,    1233P    895
0,0;                                                                1233P    896
124,-0.9995838631,-0.02884615385,0.0,0.0,-0.02884615385,            1235P    897
0.9995838631,0.0,0.0,0.0,0.0,-1.0,194.0,0,0;                        1235P    898
100,0.0,0.0,0.0,52.0,0.0,51.91346154,2.998751589,0,0;               1237P    899
110,-51.97836088,1.5,194.0,-51.97836088,1.5,0.0,0,0;                1239P    900
124,-0.9995838631,0.02884615385,0.0,0.0,0.02884615385,              1241P    901
0.9995838631,0.0,0.0,0.0,0.0,-1.0,0.0,0,0;                          1241P    902
100,0.0,0.0,0.0,52.0,0.0,2.998751589,51.91346154,0,0;               1243P    903
102,12,1209,1213,1215,1219,1221,1225,1227,1231,1233,1237,1239,      1245P    904
1243,0,0;                                                           1245P    905
142,0,1207,0,1245,2,0,0;                                            1247P    906
144,1207,1,0,1247,0,1,3;                                            1249P    907
124,-0.03,-0.9995498987,0.0,0.0,-0.9995498987,0.03,0.0,0.0,0.0,     1251P    908
0.0,-1.0,0.0,0,0;                                                   1251P    909
100,0.0,0.0,0.0,50.0,0.0,25.27686127,43.14023973,0,0;               1253P    910
124,-0.8775825619,-0.4794255386,0.0,0.0,-0.4794255386,              1255P    911
0.8775825619,0.0,0.0,0.0,0.0,-1.0,0.0,0,0;                          1255P    912
100,0.0,0.0,0.0,50.0,0.0,44.57851635,22.64411358,0,0;               1257P    913
110,-49.97749494,-1.5,-6.463937882E-015,-51.97836088,-1.5,          1259P    914
-6.463937882E-015,0,0;                                              1259P    915
124,-0.9995838631,0.02884615385,0.0,0.0,-0.02884615385,             1261P    916
-0.9995838631,0.0,0.0,-1.243064977E-016,0.0,1.0,0.0,0,0;            1261P    917
100,0.0,0.0,0.0,52.0,0.0,46.33444141,23.60337982,0,0;               1263P    918
124,-0.8775825619,0.4794255386,0.0,0.0,-0.4794255386,               1265P    919
-0.8775825619,0.0,0.0,0.0,0.0,1.0,0.0,0,0;                          1265P    920
100,0.0,0.0,0.0,52.0,0.0,26.2361275,44.8961648,0,0;                 1267P    921
110,-1.5,-51.97836088,0.0,-1.5,-49.97749494,0.0,0,0;                1269P    922
102,6,1253,1257,1259,1263,1267,1269,0,0;                            1271P    923
142,0,419,0,1271,2,0,0;                                             1273P    924
144,419,1,0,1273,0,1,3;                                             1275P    925
108,-1.0,6.123233996E-017,0.0,1.5,0,-1.5,9.184850994E-017,194.0,    1277P    926
1.0,0,0;                                                            1277P    927
110,-1.5,-49.97749494,194.0,-1.5,-49.97749494,0.0,0,0;              1279P    928
110,-1.5,-49.97749494,0.0,-1.5,-51.97836088,0.0,0,0;                1281P    929
110,-1.5,-51.97836088,0.0,-1.5,-51.97836088,194.0,0,0;              1283P    930
110,-1.5,-51.97836088,194.0,-1.5,-49.97749494,194.0,0,0;            1285P    931
102,4,1279,1281,1283,1285,0,0;                                      1287P    932
142,0,1277,0,1287,2,0,0;                                            1289P    933
144,1277,1,0,1289,0,1,3;                                            1291P    934
124,0.03,-0.9995498987,0.0,-1.865174681E-014,-0.9995498987,         1293P    935
-0.03,0.0,-2.387423592E-012,0.0,0.0,-1.0,194.0,0,0;                 1293P    936
100,0.0,0.0,0.0,50.0,0.0,49.91,2.998649696,0,0;                     1295P    937
110,-1.5,-49.97749494,194.0,-1.5,-51.97836088,194.0,0,0;            1297P    938
124,-0.02884615385,0.9995838631,0.0,2.70894418E-014,                1299P    939
-0.9995838631,-0.02884615385,0.0,-2.025046797E-012,0.0,0.0,1.0,     1299P    940
194.0,0,0;                                                          1299P    941
100,0.0,0.0,0.0,52.0,0.0,51.91346154,2.998751589,0,0;               1301P    942
110,1.5,-51.97836088,194.0,1.5,-49.97749494,194.0,0,0;              1303P    943
102,4,1295,1297,1301,1303,0,0;                                      1305P    944
142,0,1141,0,1305,2,0,0;                                            1307P    945
144,1141,1,0,1307,0,1,3;                                            1309P    946
110,0.0,0.0,505.0,0.0,0.0,506.0,0,0;                                1311P    947
110,43.87912809,23.97127693,0.0,43.87912809,23.97127693,1010.0,     1313P    948
0,0;                                                                1313P    949
120,1311,1313,0.0,6.283185307,0,0;                                  1315P    950
124,-0.03,-0.9995498987,0.0,0.0,0.9995498987,-0.03,0.0,0.0,0.0,     1317P    951
0.0,1.0,0.0,0,0;                                                    1317P    952
100,0.0,0.0,0.0,50.0,0.0,2.998649696,49.91,0,0;                     1319P    953
110,-49.97749494,1.5,0.0,-49.97749494,1.5,194.0,0,0;                1321P    954
124,-0.9995498987,-0.03,0.0,0.0,0.03,-0.9995498987,0.0,0.0,0.0,     1323P    955
0.0,1.0,194.0,0,0;                                                  1323P    956
100,0.0,0.0,0.0,50.0,0.0,49.91,2.998649696,0,0;                     1325P    957
110,-49.97749494,-1.5,194.0,-49.97749494,-1.5,-6.463937882E-015,    1327P    958
0,0;                                                                1327P    959
124,-0.9995498987,0.03,0.0,0.0,-0.03,-0.9995498987,0.0,0.0,         1329P    960
-1.292787576E-016,0.0,1.0,0.0,0,0;                                  1329P    961
100,0.0,0.0,0.0,50.0,0.0,44.57851635,22.64411358,0,0;               1331P    962
110,-43.87912809,-23.97127693,0.0,-43.87912809,-23.97127693,        1333P    963
1010.0,0,0;                                                         1333P    964
124,-0.8775825619,-0.4794255386,0.0,0.0,-0.4794255386,              1335P    965
0.8775825619,0.0,0.0,0.0,0.0,-1.0,1010.0,0,0;                       1335P    966
100,0.0,0.0,0.0,50.0,0.0,-50.0,-5.273559367E-014,0,0;               1337P    967
110,43.87912809,23.97127693,1010.0,43.87912809,23.97127693,0.0,     1339P    968
0,0;                                                                1339P    969
124,0.8775825619,-0.4794255386,0.0,0.0,0.4794255386,                1341P    970
0.8775825619,0.0,0.0,0.0,0.0,1.0,0.0,0,0;                           1341P    971
100,0.0,0.0,0.0,50.0,0.0,25.27686127,43.14023973,0,0;               1343P    972
110,1.5,49.97749494,-6.463937882E-015,1.5,49.97749494,194.0,0,0;    1345P    973
124,0.03,-0.9995498987,0.0,0.0,0.9995498987,0.03,0.0,0.0,0.0,       1347P    974
0.0,1.0,194.0,0,0;                                                  1347P    975
100,0.0,0.0,0.0,50.0,0.0,49.91,2.998649696,0,0;                     1349P    976
110,-1.5,49.97749494,194.0,-1.5,49.97749494,0.0,0,0;                1351P    977
102,12,1319,1321,1325,1327,1331,1333,1337,1339,1343,1345,1349,      1353P    978
1351,0,0;                                                           1353P    979
142,0,1315,0,1353,2,0,0;                                            1355P    980
144,1315,1,0,1355,0,1,3;                                            1357P    981
124,-0.02884615385,-0.9995838631,0.0,0.0,0.9995838631,              1359P    982
-0.02884615385,0.0,0.0,0.0,0.0,1.0,0.0,0,0;                         1359P    983
100,0.0,0.0,0.0,52.0,0.0,2.998751589,51.91346154,0,0;               1361P    984
110,-51.97836088,1.5,0.0,-49.97749494,1.5,0.0,0,0;                  1363P    985
124,-0.9995498987,0.03,0.0,0.0,0.03,0.9995498987,0.0,0.0,0.0,       1365P    986
0.0,-1.0,0.0,0,0;                                                   1365P    987
100,0.0,0.0,0.0,50.0,0.0,2.998649696,49.91,0,0;                     1367P    988
110,-1.5,49.97749494,0.0,-1.5,51.97836088,0.0,0,0;                  1369P    989
102,4,1361,1363,1367,1369,0,0;                                      1371P    990
142,0,419,0,1371,2,0,0;                                             1373P    991
144,419,1,0,1373,0,1,3;                                             1375P    992
124,-0.9995498987,-0.03,0.0,-2.387423592E-012,-0.03,                1377P    993
0.9995498987,0.0,1.865174681E-014,0.0,0.0,-1.0,194.0,0,0;           1377P    994
100,0.0,0.0,0.0,50.0,0.0,49.91,2.998649696,0,0;                     1379P    995
110,-49.97749494,1.5,194.0,-51.97836088,1.5,194.0,0,0;              1381P    996
124,-0.9995838631,-0.02884615385,0.0,-2.025046797E-012,             1383P    997
0.02884615385,-0.9995838631,0.0,-2.70894418E-014,0.0,0.0,1.0,       1383P    998
194.0,0,0;                                                          1383P    999
100,0.0,0.0,0.0,52.0,0.0,51.91346154,2.998751589,0,0;               1385P   1000
110,-51.97836088,-1.5,194.0,-49.97749494,-1.5,194.0,0,0;            1387P   1001
102,4,1379,1381,1385,1387,0,0;                                      1389P   1002
142,0,1141,0,1389,2,0,0;                                            1391P   1003
144,1141,1,0,1391,0,1,3;                                            1393P   1004
124,-0.03,0.9995498987,0.0,-1.398881011E-014,0.9995498987,0.03,     1395P   1005
0.0,3.453237696E-012,0.0,0.0,-1.0,194.0,0,0;                        1395P   1006
100,0.0,0.0,0.0,50.0,0.0,49.91,2.998649696,0,0;                     1397P   1007
110,1.5,49.97749494,194.0,1.5,51.97836088,194.0,0,0;                1399P   1008
124,0.02884615385,-0.9995838631,0.0,3.61932706E-014,                1401P   1009
0.9995838631,0.02884615385,0.0,1.080024958E-012,0.0,0.0,1.0,        1401P   1010
194.0,0,0;                                                          1401P   1011
100,0.0,0.0,0.0,52.0,0.0,51.91346154,2.998751589,0,0;               1403P   1012
110,-1.5,51.97836088,194.0,-1.5,49.97749494,194.0,0,0;              1405P   1013
102,4,1397,1399,1403,1405,0,0;                                      1407P   1014
142,0,1141,0,1407,2,0,0;                                            1409P   1015
144,1141,1,0,1409,0,1,3;                                            1411P   1016
110,-1.5,49.97749494,0.0,-1.5,49.97749494,194.0,0,0;                1413P   1017
110,-1.5,49.97749494,194.0,-1.5,51.97836088,194.0,0,0;              1415P   1018
110,-1.5,51.97836088,194.0,-1.5,51.97836088,0.0,0,0;                1417P   1019
110,-1.5,51.97836088,0.0,-1.5,49.97749494,0.0,0,0;                  1419P   1020
102,4,1413,1415,1417,1419,0,0;                                      1421P   1021
142,0,1277,0,1421,2,0,0;                                            1423P   1022
144,1277,1,0,1423,0,1,3;                                            1425P   1023
110,-49.97749494,-1.5,-6.463937882E-015,-49.97749494,-1.5,194.0,    1427P   1024
0,0;                                                                1427P   1025
110,-49.97749494,-1.5,194.0,-51.97836088,-1.5,194.0,0,0;            1429P   1026
110,-51.97836088,-1.5,194.0,-51.97836088,-1.5,-6.463937882E-015,    1431P   1027
0,0;                                                                1431P   1028
110,-51.97836088,-1.5,-6.463937882E-015,-49.97749494,-1.5,          1433P   1029
-6.463937882E-015,0,0;                                              1433P   1030
102,4,1427,1429,1431,1433,0,0;                                      1435P   1031
142,0,1125,0,1435,2,0,0;                                            1437P   1032
144,1125,1,0,1437,0,1,3;                                            1439P   1033
110,-49.97749494,1.5,194.0,-49.97749494,1.5,0.0,0,0;                1441P   1034
110,-49.97749494,1.5,0.0,-51.97836088,1.5,0.0,0,0;                  1443P   1035
110,-51.97836088,1.5,0.0,-51.97836088,1.5,194.0,0,0;                1445P   1036
110,-51.97836088,1.5,194.0,-49.97749494,1.5,194.0,0,0;              1447P   1037
102,4,1441,1443,1445,1447,0,0;                                      1449P   1038
142,0,1161,0,1449,2,0,0;                                            1451P   1039
144,1161,1,0,1451,0,1,3;                                            1453P   1040
108,1.0,-6.123233996E-017,0.0,1.5,0,1.5,-9.184850994E-017,          1455P   1041
-6.463937882E-015,1.0,0,0;                                          1455P   1042
110,1.5,49.97749494,194.0,1.5,49.97749494,-6.463937882E-015,0,0;    1457P   1043
110,1.5,49.97749494,-6.463937882E-015,1.5,51.97836088,0.0,0,0;      1459P   1044
110,1.5,51.97836088,0.0,1.5,51.97836088,194.0,0,0;                  1461P   1045
110,1.5,51.97836088,194.0,1.5,49.97749494,194.0,0,0;                1463P   1046
102,4,1457,1459,1461,1463,0,0;                                      1465P   1047
142,0,1455,0,1465,2,0,0;                                            1467P   1048
144,1455,1,0,1467,0,1,3;                                            1469P   1049
108,1.0,0.0,0.0,30.0,0,30.0,0.0,530.0,1.0,0,0;                      1471P   1050
110,30.0,-40.0,530.0,30.0,-40.0,770.0,0,0;                          1473P   1051
110,30.0,-40.0,770.0,30.0,-42.47352116,770.0,0,0;                   1475P   1052
110,30.0,-42.47352116,770.0,30.0,-42.47352116,530.0,0,0;            1477P   1053
110,30.0,-42.47352116,530.0,30.0,-40.0,530.0,0,0;                   1479P   1054
102,4,1473,1475,1477,1479,0,0;                                      1481P   1055
142,0,1471,0,1481,2,0,0;                                            1483P   1056
144,1471,1,0,1483,0,1,3;                                            1485P   1057
110,1.5,-49.97749494,0.0,1.5,-49.97749494,194.0,0,0;                1487P   1058
110,1.5,-49.97749494,194.0,1.5,-51.97836088,194.0,0,0;              1489P   1059
110,1.5,-51.97836088,194.0,1.5,-51.97836088,0.0,0,0;                1491P   1060
110,1.5,-51.97836088,0.0,1.5,-49.97749494,0.0,0,0;                  1493P   1061
102,4,1487,1489,1491,1493,0,0;                                      1495P   1062
142,0,1455,0,1495,2,0,0;                                            1497P   1063
144,1455,1,0,1497,0,1,3;                                            1499P   1064
108,0.0,0.0,1.0,1010.0,0,-52.0,0.0,1010.0,1.0,0,0;                  1501P   1065
124,0.8775825619,0.4794255386,0.0,0.0,0.4794255386,                 1503P   1066
-0.8775825619,0.0,0.0,0.0,0.0,-1.0,1010.0,0,0;                      1503P   1067
100,0.0,0.0,0.0,52.0,0.0,-52.0,-1.731947918E-014,0,0;               1505P   1068
124,-0.8775825619,-0.4794255386,0.0,0.0,-0.4794255386,              1507P   1069
0.8775825619,0.0,0.0,0.0,0.0,-1.0,1010.0,0,0;                       1507P   1070
100,0.0,0.0,0.0,52.0,0.0,-52.0,1.731947918E-014,0,0;                1509P   1071
102,2,1505,1509,0,0;                                                1511P   1072
142,0,1501,0,1511,2,0,0;                                            1513P   1073
124,0.8775825619,-0.4794255386,0.0,0.0,0.4794255386,                1515P   1074
0.8775825619,0.0,0.0,0.0,0.0,1.0,1010.0,0,0;                        1515P   1075
100,0.0,0.0,0.0,50.0,0.0,-50.0,-5.273559367E-014,0,0;               1517P   1076
124,-0.8775825619,0.4794255386,0.0,0.0,-0.4794255386,               1519P   1077
-0.8775825619,0.0,0.0,0.0,0.0,1.0,1010.0,0,0;                       1519P   1078
100,0.0,0.0,0.0,50.0,0.0,-50.0,5.273559367E-014,0,0;                1521P   1079
102,2,1517,1521,0,0;                                                1523P   1080
142,0,1501,0,1523,2,0,0;                                            1525P   1081
144,1501,1,1,1513,1525,0,1,3;                                       1527P   1082
110,6.490628035E-014,-26.66,530.0,6.490628035E-014,-25.66,530.0,    1529P   1083
0,0;                                                                1529P   1084
110,30.0,-52.22723977,530.0,30.0,-39.79980889,530.0,0,0;            1531P   1085
120,1529,1531,0.0,6.283185307,0,0;                                  1533P   1086
126,26,5,0,0,1,0,0.0,0.0,0.0,0.0,0.0,0.0,20.09514905,               1535P   1087
20.09514905,20.09514905,30.86530063,30.86530063,30.86530063,        1535P   1088
56.71730886,56.71730886,56.71730886,72.04539281,72.04539281,        1535P   1089
72.04539281,86.8483143,86.8483143,86.8483143,100.34594,             1535P   1090
100.34594,100.34594,114.8378581,114.8378581,114.8378581,            1535P   1091
136.9146338,136.9146338,136.9146338,136.9146338,136.9146338,        1535P   1092
136.9146338,1.0,1.0,1.0,1.0,1.0,1.0,1.0,1.0,1.0,1.0,1.0,1.0,1.0,    1535P   1093
1.0,1.0,1.0,1.0,1.0,1.0,1.0,1.0,1.0,1.0,1.0,1.0,1.0,1.0,-30.0,      1535P   1094
-40.0,530.0,-30.0,-40.0,527.1581168,-29.66348749,-40.25238438,      1535P   1095
524.3162338,-28.99032007,-40.75770886,521.562624,-27.50960296,      1535P   1096
-41.79402465,517.5571877,-25.40497915,-43.07849426,513.9450197,     1535P   1097
-24.59873336,-43.54685654,512.7359709,-21.62513217,-45.17562523,    1535P   1098
508.8096409,-17.89309344,-46.83045267,505.5443932,-14.9183548,      1535P   1099
-47.89735536,503.6059828,-9.688233929,-49.26316584,501.2284048,     1535P   1100
-3.973336984,-49.91177043,500.1460378,-1.804376499,-50.03896875,    1535P   1101
499.9356762,2.480025066,-50.05127307,499.9133606,6.678222592,       1535P   1102
-49.6166573,500.6410829,8.691208164,-49.29990286,501.1753222,       1535P   1103
12.40142669,-48.52394623,502.5095271,15.79221717,-47.48469503,      1535P   1104
504.3932992,17.32574611,-46.94198787,505.4069578,20.31711198,       1535P   1105
-45.7499998,507.7267685,22.89528675,-44.48558696,510.4685706,       1535P   1106
24.11316208,-43.83032138,511.9929202,26.87243811,-42.22968376,      1535P   1107
516.0853167,28.78199649,-40.91377879,520.7522618,29.59384665,       1535P   1108
-40.30461502,523.7557452,30.0,-40.0,526.8778724,30.0,-40.0,         1535P   1109
530.0,0.0,136.9146338,0.0,0.0,0.0,0,0;                              1535P   1110
110,30.0,-40.0,530.0,30.0,-42.47352116,530.0,0,0;                   1537P   1111
126,26,5,0,0,1,0,0.0,0.0,0.0,0.0,0.0,0.0,22.33545043,               1539P   1112
22.33545043,22.33545043,36.78518211,36.78518211,36.78518211,        1539P   1113
50.19672445,50.19672445,50.19672445,65.00424039,65.00424039,        1539P   1114
65.00424039,80.40890842,80.40890842,80.40890842,106.2737948,        1539P   1115
106.2737948,106.2737948,116.9423485,116.9423485,116.9423485,        1539P   1116
136.5851157,136.5851157,136.5851157,136.5851157,136.5851157,        1539P   1117
136.5851157,1.0,1.0,1.0,1.0,1.0,1.0,1.0,1.0,1.0,1.0,1.0,1.0,1.0,    1539P   1118
1.0,1.0,1.0,1.0,1.0,1.0,1.0,1.0,1.0,1.0,1.0,1.0,1.0,1.0,30.0,       1539P   1119
-42.47352116,530.0,30.0,-42.47352116,526.8412903,29.58427305,       1539P   1120
-42.76715843,523.6825809,28.75308759,-43.35464691,520.641061,       1539P   1121
26.80368289,-44.6220283,515.9413938,23.98793318,-46.16392973,       1539P   1122
511.8259125,22.75725775,-46.78954254,510.3073664,20.15908369,       1539P   1123
-47.99411284,507.5836448,17.1519819,-49.12752059,505.2858846,       1539P   1124
15.61524219,-49.64194871,504.2855636,12.21031796,-50.62870579,      1539P   1125
502.424152,8.494265425,-51.360429,501.1161975,6.474336865,          1539P   1126
-51.65767317,500.5951996,2.256947128,-52.06015744,499.8946657,      1539P   1127
-2.038431023,-52.02947965,499.9495014,-4.216054062,-51.89651462,    1539P   1128
500.1782175,-9.933624833,-51.24474216,501.3106617,-15.15910891,     1539P   1129
-49.90762296,503.7422181,-18.12575583,-48.87227162,505.713023,      1539P   1130
-21.83224158,-47.28145569,509.020344,-24.77298231,-45.73453258,     1539P   1131
512.9877412,-25.56361312,-45.29456257,514.1996766,-27.60579692,     1539P   1132
-44.10361237,517.7854481,-29.03509485,-43.15553655,521.7445949,     1539P   1133
-29.67846808,-42.70062636,524.4441866,-30.0,-42.47352116,           1539P   1134
527.2220932,-30.0,-42.47352116,530.0,0.0,136.5851157,0.0,0.0,       1539P   1135
0.0,0,0;                                                            1539P   1136
110,-30.0,-42.47352116,530.0,-30.0,-40.0,530.0,0,0;                 1541P   1137
102,4,1535,1537,1539,1541,0,0;                                      1543P   1138
142,0,1533,0,1543,2,0,0;                                            1545P   1139
144,1533,1,0,1545,0,1,3;                                            1547P   1140
110,0.0,0.0,505.0,0.0,0.0,506.0,0,0;                                1549P   1141
110,-43.87912809,-23.97127693,0.0,-43.87912809,-23.97127693,        1551P   1142
1010.0,0,0;                                                         1551P   1143
120,1549,1551,0.0,6.283185307,0,0;                                  1553P   1144
124,0.03,0.9995498987,0.0,0.0,-0.9995498987,0.03,0.0,0.0,0.0,       1555P   1145
0.0,1.0,0.0,0,0;                                                    1555P   1146
100,0.0,0.0,0.0,50.0,0.0,2.998649696,49.91,0,0;                     1557P   1147
110,49.97749494,-1.5,-6.463937882E-015,49.97749494,-1.5,194.0,0,    1559P   1148
0;                                                                  1559P   1149
124,0.9995498987,0.03,0.0,0.0,-0.03,0.9995498987,0.0,0.0,0.0,       1561P   1150
0.0,1.0,194.0,0,0;                                                  1561P   1151
100,0.0,0.0,0.0,50.0,0.0,49.91,2.998649696,0,0;                     1563P   1152
110,49.97749494,1.5,194.0,49.97749494,1.5,0.0,0,0;                  1565P   1153
124,0.9995498987,-0.03,0.0,0.0,0.03,0.9995498987,0.0,0.0,0.0,       1567P   1154
0.0,1.0,0.0,0,0;                                                    1567P   1155
100,0.0,0.0,0.0,50.0,0.0,44.57851635,22.64411358,0,0;               1569P   1156
110,43.87912809,23.97127693,0.0,43.87912809,23.97127693,1010.0,     1571P   1157
0,0;                                                                1571P   1158
124,0.8775825619,0.4794255386,0.0,0.0,0.4794255386,                 1573P   1159
-0.8775825619,0.0,0.0,0.0,0.0,-1.0,1010.0,0,0;                      1573P   1160
100,0.0,0.0,0.0,50.0,0.0,-50.0,5.273559367E-014,0,0;                1575P   1161
110,-43.87912809,-23.97127693,1010.0,-43.87912809,-23.97127693,     1577P   1162
0.0,0,0;                                                            1577P   1163
124,-0.8775825619,0.4794255386,0.0,0.0,-0.4794255386,               1579P   1164
-0.8775825619,0.0,0.0,0.0,0.0,1.0,0.0,0,0;                          1579P   1165
100,0.0,0.0,0.0,50.0,0.0,25.27686127,43.14023973,0,0;               1581P   1166
110,-1.5,-49.97749494,0.0,-1.5,-49.97749494,194.0,0,0;              1583P   1167
124,-0.03,0.9995498987,0.0,0.0,-0.9995498987,-0.03,0.0,0.0,0.0,     1585P   1168
0.0,1.0,194.0,0,0;                                                  1585P   1169
100,0.0,0.0,0.0,50.0,0.0,49.91,2.998649696,0,0;                     1587P   1170
110,1.5,-49.97749494,194.0,1.5,-49.97749494,0.0,0,0;                1589P   1171
102,12,1557,1559,1563,1565,1569,1571,1575,1577,1581,1583,1587,      1591P   1172
1589,0,0;                                                           1591P   1173
142,0,1553,0,1591,2,0,0;                                            1593P   1174
110,-30.0,-40.0,530.0,-30.0,-40.0,770.0,0,0;                        1595P   1175
126,26,5,0,0,1,0,0.0,0.0,0.0,0.0,0.0,0.0,20.09514905,               1597P   1176
20.09514905,20.09514905,30.86530064,30.86530064,30.86530064,        1597P   1177
56.71730886,56.71730886,56.71730886,72.04539282,72.04539282,        1597P   1178
72.04539282,86.8483143,86.8483143,86.8483143,100.34594,             1597P   1179
100.34594,100.34594,114.8378581,114.8378581,114.8378581,            1597P   1180
136.9146338,136.9146338,136.9146338,136.9146338,136.9146338,        1597P   1181
136.9146338,1.0,1.0,1.0,1.0,1.0,1.0,1.0,1.0,1.0,1.0,1.0,1.0,1.0,    1597P   1182
1.0,1.0,1.0,1.0,1.0,1.0,1.0,1.0,1.0,1.0,1.0,1.0,1.0,1.0,-30.0,      1597P   1183
-40.0,770.0,-30.0,-40.0,772.8418832,-29.66348749,-40.25238438,      1597P   1184
775.6837658,-28.99031975,-40.75770868,778.4373763,-27.50960312,     1597P   1185
-41.79402475,782.4428122,-25.40497906,-43.07849421,786.0549804,     1597P   1186
-24.59873328,-43.54685648,787.2640292,-21.62513235,-45.17562537,    1597P   1187
791.1903589,-17.89309299,-46.83045234,794.4556072,-14.91835439,     1597P   1188
-47.89735514,796.3940175,-9.688234165,-49.26316597,798.771595,      1597P   1189
-3.973336839,-49.91177035,799.8539623,-1.804376349,-50.03896878,    1597P   1190
800.0643237,2.480024927,-50.05127304,800.0866394,6.678222732,       1597P   1191
-49.61665732,799.3589171,8.691208296,-49.29990296,798.8246777,      1597P   1192
12.40142658,-48.52394614,797.490473,15.79221728,-47.48469511,       1597P   1193
795.6067007,17.32574623,-46.94198796,794.593042,20.31711186,        1597P   1194
-45.7499997,792.2732317,22.89528689,-44.48558707,789.5314293,       1597P   1195
24.11316224,-43.83032147,788.0070797,26.87243787,-42.22968361,      1597P   1196
783.9146836,28.78199687,-40.91377902,779.2477379,29.59384665,       1597P   1197
-40.30461502,776.2442544,30.0,-40.0,773.1221276,30.0,-40.0,         1597P   1198
770.0,0.0,136.9146338,0.0,0.0,0.0,0,0;                              1597P   1199
110,30.0,-40.0,770.0,30.0,-40.0,530.0,0,0;                          1599P   1200
126,26,5,0,0,1,0,0.0,0.0,0.0,0.0,0.0,0.0,22.07677569,               1601P   1201
22.07677569,22.07677569,36.56869386,36.56869386,36.56869386,        1601P   1202
50.06631952,50.06631952,50.06631952,64.86924101,64.86924101,        1601P   1203
64.86924101,80.19732496,80.19732496,80.19732496,106.0493332,        1601P   1204
106.0493332,106.0493332,116.8194848,116.8194848,116.8194848,        1601P   1205
136.9146338,136.9146338,136.9146338,136.9146338,136.9146338,        1601P   1206
136.9146338,1.0,1.0,1.0,1.0,1.0,1.0,1.0,1.0,1.0,1.0,1.0,1.0,1.0,    1601P   1207
1.0,1.0,1.0,1.0,1.0,1.0,1.0,1.0,1.0,1.0,1.0,1.0,1.0,1.0,30.0,       1601P   1208
-40.0,530.0,30.0,-40.0,526.8778724,29.59384665,-40.30461502,        1601P   1209
523.7557456,28.78199687,-40.91377902,520.7522621,26.87243787,       1601P   1210
-42.22968361,516.0853164,24.11316224,-43.83032147,511.9929203,      1601P   1211
22.89528689,-44.48558707,510.4685707,20.31711185,-45.7499997,       1601P   1212
507.7267683,17.32574622,-46.94198796,505.406958,15.79221728,        1601P   1213
-47.48469511,504.3932993,12.40142657,-48.52394614,502.509527,       1601P   1214
8.691208293,-49.29990296,501.1753223,6.678222729,-49.61665732,      1601P   1215
500.6410829,2.480024924,-50.05127304,499.9133606,-1.804376352,      1601P   1216
-50.03896878,499.9356763,-3.973336843,-49.91177035,500.1460377,     1601P   1217
-9.688234168,-49.26316597,501.228405,-14.9183544,-47.89735514,      1601P   1218
503.6059825,-17.89309299,-46.83045234,505.5443928,-21.62513236,     1601P   1219
-45.17562536,508.8096411,-24.59873328,-43.54685648,512.7359708,     1601P   1220
-25.40497906,-43.07849421,513.9450196,-27.50960312,-41.79402475,    1601P   1221
517.5571878,-28.99031975,-40.75770868,521.5626237,-29.66348749,     1601P   1222
-40.25238438,524.3162342,-30.0,-40.0,527.1581168,-30.0,-40.0,       1601P   1223
530.0,0.0,136.9146338,0.0,0.0,0.0,0,0;                              1601P   1224
102,4,1595,1597,1599,1601,0,0;                                      1603P   1225
142,0,1553,0,1603,2,0,0;                                            1605P   1226
144,1553,1,1,1593,1605,0,1,3;                                       1607P   1227
406,1,15HSP02_ALPHA_TUBE,0,0;                                       1609P   1228
308,0,,25,1025,1085,1105,1123,1139,1159,1175,1201,1249,1275,        1611P   1229
1291,1309,1357,1375,1393,1411,1425,1439,1453,1469,1485,1499,        1611P   1230
1527,1547,1607,0,1,1609;                                            1611P   1231
406,1,17HSP02_ALPHA_TUBE.1,0,0;                                     1613P   1232
408,1611,0.0,0.0,0.0,1.0,0,1,1613;                                  1615P   1233
124,-0.3055606039,0.95217263,0.0,5.219953968,-0.95217263,           1617P   1234
-0.3055606039,0.0,-7.220728216,0.0,0.0,1.0,63.76867676,0,0;         1617P   1235
108,0.0,-1.0,0.0,1.421085472E-014,0,0.0,-1.421085472E-014,190.0,    1619P   1236
1.0,0,0;                                                            1619P   1237
110,1.5,-1.421085472E-014,190.0,1.5,-1.421085472E-014,0.0,0,0;      1621P   1238
110,1.5,-1.421085472E-014,0.0,-1.5,-1.421085472E-014,0.0,0,0;       1623P   1239
110,-1.5,-1.421085472E-014,0.0,-1.5,-1.421085472E-014,190.0,0,0;    1625P   1240
110,-1.5,-1.421085472E-014,190.0,1.5,-1.421085472E-014,190.0,0,     1627P   1241
0;                                                                  1627P   1242
102,4,1621,1623,1625,1627,0,0;                                      1629P   1243
142,0,1619,0,1629,2,0,0;                                            1631P   1244
144,1619,1,0,1631,0,1,3;                                            1633P   1245
110,1.5,-1.421085472E-014,0.0,1.5,23.0,0.0,0,0;                     1635P   1246
110,1.5,23.0,0.0,-1.5,23.0,0.0,0,0;                                 1637P   1247
110,-1.5,23.0,0.0,-1.5,-1.421085472E-014,0.0,0,0;                   1639P   1248
110,-1.5,-1.421085472E-014,0.0,1.5,-1.421085472E-014,0.0,0,0;       1641P   1249
102,4,1635,1637,1639,1641,0,0;                                      1643P   1250
142,0,241,0,1643,2,0,0;                                             1645P   1251
144,241,1,0,1645,0,1,3;                                             1647P   1252
108,0.0,-0.4472135955,-0.894427191,-10.2859127,0,0.0,23.0,0.0,      1649P   1253
1.0,0,0;                                                            1649P   1254
110,1.5,23.0,0.0,1.5,163.0,-70.0,0,0;                               1651P   1255
110,1.5,163.0,-70.0,-1.5,163.0,-70.0,0,0;                           1653P   1256
110,-1.5,163.0,-70.0,-1.5,23.0,0.0,0,0;                             1655P   1257
110,-1.5,23.0,0.0,1.5,23.0,0.0,0,0;                                 1657P   1258
102,4,1651,1653,1655,1657,0,0;                                      1659P   1259
142,0,1649,0,1659,2,0,0;                                            1661P   1260
144,1649,1,0,1661,0,1,3;                                            1663P   1261
108,0.0,1.0,0.0,163.0,0,0.0,163.0,-70.0,1.0,0,0;                    1665P   1262
110,1.5,163.0,-70.0,1.5,163.0,10.0,0,0;                             1667P   1263
110,1.5,163.0,10.0,-1.5,163.0,10.0,0,0;                             1669P   1264
110,-1.5,163.0,10.0,-1.5,163.0,-70.0,0,0;                           1671P   1265
110,-1.5,163.0,-70.0,1.5,163.0,-70.0,0,0;                           1673P   1266
102,4,1667,1669,1671,1673,0,0;                                      1675P   1267
142,0,1665,0,1675,2,0,0;                                            1677P   1268
144,1665,1,0,1677,0,1,3;                                            1679P   1269
108,0.0,0.7893522174,0.6139406135,134.8038176,0,0.0,163.0,10.0,     1681P   1270
1.0,0,0;                                                            1681P   1271
110,1.5,163.0,10.0,1.5,23.0,190.0,0,0;                              1683P   1272
110,1.5,23.0,190.0,-1.5,23.0,190.0,0,0;                             1685P   1273
110,-1.5,23.0,190.0,-1.5,163.0,10.0,0,0;                            1687P   1274
110,-1.5,163.0,10.0,1.5,163.0,10.0,0,0;                             1689P   1275
102,4,1683,1685,1687,1689,0,0;                                      1691P   1276
142,0,1681,0,1691,2,0,0;                                            1693P   1277
144,1681,1,0,1693,0,1,3;                                            1695P   1278
108,0.0,0.0,1.0,190.0,0,0.0,23.0,190.0,1.0,0,0;                     1697P   1279
110,1.5,23.0,190.0,1.5,-1.421085472E-014,190.0,0,0;                 1699P   1280
110,1.5,-1.421085472E-014,190.0,-1.5,-1.421085472E-014,190.0,0,     1701P   1281
0;                                                                  1701P   1282
110,-1.5,-1.421085472E-014,190.0,-1.5,23.0,190.0,0,0;               1703P   1283
110,-1.5,23.0,190.0,1.5,23.0,190.0,0,0;                             1705P   1284
102,4,1699,1701,1703,1705,0,0;                                      1707P   1285
142,0,1697,0,1707,2,0,0;                                            1709P   1286
144,1697,1,0,1709,0,1,3;                                            1711P   1287
108,1.0,0.0,0.0,-1.5,0,-1.5,0.0,0.0,1.0,0,0;                        1713P   1288
110,-1.5,-1.421085472E-014,190.0,-1.5,-1.421085472E-014,0.0,0,0;    1715P   1289
110,-1.5,-1.421085472E-014,0.0,-1.5,23.0,0.0,0,0;                   1717P   1290
110,-1.5,23.0,0.0,-1.5,163.0,-70.0,0,0;                             1719P   1291
110,-1.5,163.0,-70.0,-1.5,163.0,10.0,0,0;                           1721P   1292
110,-1.5,163.0,10.0,-1.5,23.0,190.0,0,0;                            1723P   1293
110,-1.5,23.0,190.0,-1.5,-1.421085472E-014,190.0,0,0;               1725P   1294
102,6,1715,1717,1719,1721,1723,1725,0,0;                            1727P   1295
142,0,1713,0,1727,2,0,0;                                            1729P   1296
144,1713,1,0,1729,0,1,3;                                            1731P   1297
110,1.5,-1.421085472E-014,190.0,1.5,23.0,190.0,0,0;                 1733P   1298
110,1.5,23.0,190.0,1.5,163.0,10.0,0,0;                              1735P   1299
110,1.5,163.0,10.0,1.5,163.0,-70.0,0,0;                             1737P   1300
110,1.5,163.0,-70.0,1.5,23.0,0.0,0,0;                               1739P   1301
110,1.5,23.0,0.0,1.5,-1.421085472E-014,0.0,0,0;                     1741P   1302
110,1.5,-1.421085472E-014,0.0,1.5,-1.421085472E-014,190.0,0,0;      1743P   1303
102,6,1733,1735,1737,1739,1741,1743,0,0;                            1745P   1304
142,0,1455,0,1745,2,0,0;                                            1747P   1305
144,1455,1,0,1747,0,1,3;                                            1749P   1306
406,1,18HSP02_ALPHA_AILERON,0,0;                                    1751P   1307
308,0,,8,1633,1647,1663,1679,1695,1711,1731,1749,0,1,1751;          1753P   1308
406,1,20HSP02_ALPHA_AILERON.1,0,0;                                  1755P   1309
408,1753,0.0,0.0,0.0,1.0,0,1,1755;                                  1757P   1310
124,0.95217263,0.3055606039,0.0,-13.53179479,-0.3055606039,         1759P   1311
0.95217263,0.0,29.25353557,0.0,0.0,1.0,63.76867676,0,0;             1759P   1312
406,1,20HSP02_ALPHA_AILERON.2,0,0;                                  1761P   1313
408,1753,0.0,0.0,0.0,1.0,0,1,1761;                                  1763P   1314
124,0.3055606039,-0.95217263,0.0,-50.00605857,0.95217263,           1765P   1315
0.3055606039,0.0,10.50178681,0.0,0.0,1.0,63.76867676,0,0;           1765P   1316
406,1,20HSP02_ALPHA_AILERON.3,0,0;                                  1767P   1317
408,1753,0.0,0.0,0.0,1.0,0,1,1767;                                  1769P   1318
124,-0.95217263,-0.3055606039,0.0,-31.25430981,0.3055606039,        1771P   1319
-0.95217263,0.0,-25.97247698,0.0,0.0,1.0,63.76867676,0,0;           1771P   1320
406,1,20HSP02_ALPHA_AILERON.4,0,0;                                  1773P   1321
408,1753,0.0,0.0,0.0,1.0,0,1,1773;                                  1775P   1322
124,0.95217263,0.3055606039,0.0,-22.3930523,-0.3055606039,          1777P   1323
0.95217263,0.0,1.640529296,0.0,0.0,1.0,253.7686768,0,0;             1777P   1324
406,1,20HSP02_ALPHA_BAGUE_1.2,0,0;                                  1779P   1325
408,1003,0.0,0.0,0.0,1.0,0,1,1779;                                  1781P   1326
124,1.0,0.0,0.0,-22.3930523,0.0,1.0,0.0,1.640529296,0.0,0.0,1.0,    1783P   1327
869.7686768,0,0;                                                    1783P   1328
110,0.0,0.0,5.0,0.0,0.0,6.0,0,0;                                    1785P   1329
110,50.0,0.0,0.0,50.0,0.0,10.0,0,0;                                 1787P   1330
120,1785,1787,0.0,6.283185307,0,0;                                  1789P   1331
124,1.0,0.0,0.0,0.0,0.0,1.0,0.0,0.0,0.0,0.0,1.0,10.0,0,0;           1791P   1332
100,0.0,0.0,0.0,50.0,0.0,-50.0,6.123233996E-015,0,0;                1793P   1333
110,-50.0,6.123233996E-015,10.0,-50.0,6.123233996E-015,0.0,0,0;     1795P   1334
124,-1.0,1.224646799E-016,0.0,0.0,1.224646799E-016,1.0,0.0,0.0,     1797P   1335
0.0,0.0,-1.0,0.0,0,0;                                               1797P   1336
100,0.0,0.0,0.0,50.0,0.0,-50.0,6.123233996E-015,0,0;                1799P   1337
110,50.0,0.0,0.0,50.0,0.0,10.0,0,0;                                 1801P   1338
102,4,1793,1795,1799,1801,0,0;                                      1803P   1339
142,0,1789,0,1803,2,0,0;                                            1805P   1340
144,1789,1,0,1805,0,1,3;                                            1807P   1341
110,0.0,0.0,5.0,0.0,0.0,6.0,0,0;                                    1809P   1342
110,-50.0,6.123233996E-015,0.0,-50.0,6.123233996E-015,10.0,0,0;     1811P   1343
120,1809,1811,0.0,6.283185307,0,0;                                  1813P   1344
124,-1.0,-1.224646799E-016,0.0,0.0,1.224646799E-016,-1.0,0.0,       1815P   1345
0.0,0.0,0.0,1.0,10.0,0,0;                                           1815P   1346
100,0.0,0.0,0.0,50.0,0.0,-50.0,-6.123233996E-015,0,0;               1817P   1347
110,50.0,0.0,10.0,50.0,0.0,0.0,0,0;                                 1819P   1348
124,1.0,0.0,0.0,0.0,0.0,-1.0,0.0,0.0,0.0,0.0,-1.0,0.0,0,0;          1821P   1349
100,0.0,0.0,0.0,50.0,0.0,-50.0,-6.123233996E-015,0,0;               1823P   1350
110,-50.0,6.123233996E-015,0.0,-50.0,6.123233996E-015,10.0,0,0;     1825P   1351
102,4,1817,1819,1823,1825,0,0;                                      1827P   1352
142,0,1813,0,1827,2,0,0;                                            1829P   1353
144,1813,1,0,1829,0,1,3;                                            1831P   1354
124,1.0,0.0,0.0,0.0,0.0,1.0,0.0,0.0,0.0,0.0,1.0,0.0,0,0;            1833P   1355
100,0.0,0.0,0.0,50.0,0.0,-50.0,6.123233996E-015,0,0;                1835P   1356
124,-1.0,-1.224646799E-016,0.0,0.0,1.224646799E-016,-1.0,0.0,       1837P   1357
0.0,0.0,0.0,1.0,0.0,0,0;                                            1837P   1358
100,0.0,0.0,0.0,50.0,0.0,-50.0,-6.123233996E-015,0,0;               1839P   1359
102,2,1835,1839,0,0;                                                1841P   1360
142,0,419,0,1841,2,0,0;                                             1843P   1361
144,419,1,0,1843,0,1,3;                                             1845P   1362
108,0.0,0.0,1.0,10.0,0,0.0,0.0,10.0,1.0,0,0;                        1847P   1363
124,1.0,0.0,0.0,0.0,0.0,-1.0,0.0,0.0,0.0,0.0,-1.0,10.0,0,0;         1849P   1364
100,0.0,0.0,0.0,50.0,0.0,-50.0,-6.123233996E-015,0,0;               1851P   1365
124,-1.0,1.224646799E-016,0.0,0.0,1.224646799E-016,1.0,0.0,0.0,     1853P   1366
0.0,0.0,-1.0,10.0,0,0;                                              1853P   1367
100,0.0,0.0,0.0,50.0,0.0,-50.0,6.123233996E-015,0,0;                1855P   1368
102,2,1851,1855,0,0;                                                1857P   1369
142,0,1847,0,1857,2,0,0;                                            1859P   1370
144,1847,1,0,1859,0,1,3;                                            1861P   1371
406,1,18HSP02_ALPHA_BAGUE_2,0,0;                                    1863P   1372
308,0,,4,1807,1831,1845,1861,0,1,1863;                              1865P   1373
406,1,20HSP02_ALPHA_BAGUE_2.1,0,0;                                  1867P   1374
408,1865,0.0,0.0,0.0,1.0,0,1,1867;                                  1869P   1375
S      1G      4D   1870P   1375                                        T      1
