solid CATIA STL
  facet normal  7.071059e-001  7.071077e-001 -5.281338e-005
    outer loop
      vertex  1.018905e+001 -6.653519e+000 -1.802961e+000
      vertex  1.615990e+001 -1.262437e+001 -2.000988e+000
      vertex  1.601942e+001 -1.248389e+001 -2.008893e+000
    endloop
  endfacet
  facet normal  7.071068e-001  7.071068e-001  0.000000e+000
    outer loop
      vertex  1.018905e+001 -6.653519e+000 -1.802961e+000
      vertex  1.601942e+001 -1.248389e+001 -2.008893e+000
      vertex  1.587928e+001 -1.234375e+001 -2.024689e+000
    endloop
  endfacet
  facet normal  7.071094e-001  7.071041e-001  2.759798e-008
    outer loop
      vertex  1.616325e+001 -1.262772e+001  2.178446e+001
      vertex  1.615990e+001 -1.262437e+001 -2.000988e+000
      vertex  1.603724e+001 -1.250171e+001  2.170478e+001
    endloop
  endfacet
  facet normal  7.071068e-001  7.071068e-001  0.000000e+000
    outer loop
      vertex  1.966556e+001 -1.613003e+001 -8.181723e+000
      vertex  1.962631e+001 -1.609078e+001 -3.992725e+001
      vertex  1.962963e+001 -1.609409e+001 -8.373939e+000
    endloop
  endfacet
  facet normal  7.071204e-001  7.070932e-001  2.407521e-008
    outer loop
      vertex  1.915516e+001 -1.561962e+001 -9.808772e+000
      vertex  1.918277e+001 -1.564724e+001 -4.085024e+001
      vertex  1.915798e+001 -1.562245e+001 -4.097089e+001
    endloop
  endfacet
  facet normal  7.071068e-001  7.071068e-001  0.000000e+000
    outer loop
      vertex  1.601942e+001 -1.248389e+001 -1.199111e+001
      vertex  1.009781e+001 -6.562275e+000 -1.197873e+001
      vertex  1.587928e+001 -1.234375e+001 -1.197531e+001
    endloop
  endfacet
  facet normal  7.071067e-001  7.071068e-001  0.000000e+000
    outer loop
      vertex  1.454421e+001 -1.100868e+001 -1.139488e+001
      vertex  9.823195e+000 -6.287662e+000 -1.123093e+001
      vertex  1.442200e+001 -1.088646e+001 -1.129661e+001
    endloop
  endfacet
  facet normal  7.071068e-001  7.071068e-001  0.000000e+000
    outer loop
      vertex  1.356241e+001 -1.002687e+001 -1.028113e+001
      vertex  9.528100e+000 -5.992566e+000 -1.018808e+001
      vertex  1.347227e+001 -9.936741e+000 -1.012854e+001
    endloop
  endfacet
  facet normal  7.071068e-001  7.071068e-001  0.000000e+000
    outer loop
      vertex  1.442200e+001 -1.088646e+001 -2.703392e+000
      vertex  9.901119e+000 -6.365585e+000 -2.540670e+000
      vertex  1.454421e+001 -1.100868e+001 -2.605124e+000
    endloop
  endfacet
  facet normal  7.071068e-001  7.071068e-001  0.000000e+000
    outer loop
      vertex  1.454421e+001 -1.100868e+001 -2.605124e+000
      vertex  9.901119e+000 -6.365585e+000 -2.540670e+000
      vertex  1.466910e+001 -1.113356e+001 -2.513806e+000
    endloop
  endfacet
  facet normal  7.070631e-001  7.071505e-001  5.879984e-005
    outer loop
      vertex  1.130053e+001 -7.764997e+000  1.691590e-001
      vertex  1.102360e+001 -7.488070e+000 -2.336984e-001
      vertex  1.116007e+001 -7.624533e+000 -2.951864e-002
    endloop
  endfacet
  facet normal  7.071066e-001  7.071069e-001 -1.574784e-007
    outer loop
      vertex  1.707169e+001 -1.353615e+001 -4.252232e+001
      vertex  1.933371e+001 -1.579817e+001 -4.253992e+001
      vertex  1.938364e+001 -1.584811e+001 -4.264384e+001
    endloop
  endfacet
  facet normal  7.071068e-001  7.071068e-001  0.000000e+000
    outer loop
      vertex  2.386144e+001 -2.032590e+001 -4.313359e+001
      vertex  2.112991e+001 -1.759438e+001 -4.327792e+001
      vertex  2.120907e+001 -1.767354e+001 -4.322089e+001
    endloop
  endfacet
  facet normal  7.071068e-001  7.071068e-001  0.000000e+000
    outer loop
      vertex  2.390569e+001 -2.037016e+001 -4.294449e+001
      vertex  2.135902e+001 -1.782349e+001 -4.308630e+001
      vertex  2.142922e+001 -1.789369e+001 -4.300930e+001
    endloop
  endfacet
  facet normal  7.071068e-001  7.071068e-001  0.000000e+000
    outer loop
      vertex  2.176705e+001 -1.823152e+001 -4.243178e+001
      vertex  2.180739e+001 -1.827185e+001 -4.231983e+001
      vertex  2.400606e+001 -2.047053e+001 -4.236435e+001
    endloop
  endfacet
  facet normal  7.071067e-001  7.071067e-001  0.000000e+000
    outer loop
      vertex  2.404610e+001 -2.051056e+001 -4.097559e+001
      vertex  2.405718e+001 -2.052165e+001 -4.117417e+001
      vertex  2.193083e+001 -1.839530e+001 -4.121761e+001
    endloop
  endfacet
  facet normal  7.071068e-001  7.071068e-001  0.000000e+000
    outer loop
      vertex  2.404610e+001 -2.051056e+001 -4.097559e+001
      vertex  2.193083e+001 -1.839530e+001 -4.121761e+001
      vertex  2.191693e+001 -1.838140e+001 -4.109351e+001
    endloop
  endfacet
  facet normal  7.071068e-001  7.071068e-001  0.000000e+000
    outer loop
      vertex  2.404610e+001 -2.051056e+001 -4.097559e+001
      vertex  2.191693e+001 -1.838140e+001 -4.109351e+001
      vertex  2.189755e+001 -1.836202e+001 -4.097089e+001
    endloop
  endfacet
  facet normal  7.071068e-001  7.071068e-001  0.000000e+000
    outer loop
      vertex  2.404610e+001 -2.051056e+001 -4.097559e+001
      vertex  2.189755e+001 -1.836202e+001 -4.097089e+001
      vertex  2.137203e+001 -1.783650e+001 -1.833533e+001
    endloop
  endfacet
  facet normal  7.071067e-001  7.071068e-001  0.000000e+000
    outer loop
      vertex  1.695654e+001 -1.342101e+001  2.211169e+001
      vertex  2.382077e+001 -2.028523e+001  2.040000e+001
      vertex  2.382077e+001 -2.028523e+001  1.540000e+001
    endloop
  endfacet
  facet normal  7.071067e-001  7.071067e-001  1.420915e-007
    outer loop
      vertex  1.695654e+001 -1.342101e+001  2.211169e+001
      vertex  2.382077e+001 -2.028523e+001  1.540000e+001
      vertex  2.099234e+001 -1.745681e+001  1.540000e+001
    endloop
  endfacet
  facet normal  7.071066e-001  7.071069e-001  7.987922e-009
    outer loop
      vertex  1.695654e+001 -1.342101e+001  2.211169e+001
      vertex  2.099234e+001 -1.745681e+001  1.540000e+001
      vertex  2.047150e+001 -1.693596e+001  5.807135e+000
    endloop
  endfacet
  facet normal  7.071066e-001  7.071068e-001  6.719780e-009
    outer loop
      vertex  1.695654e+001 -1.342101e+001  2.211169e+001
      vertex  2.047150e+001 -1.693596e+001  5.807135e+000
      vertex  2.045918e+001 -1.692364e+001  5.529716e+000
    endloop
  endfacet
  facet normal  7.071066e-001  7.071068e-001  3.635432e-009
    outer loop
      vertex  1.695654e+001 -1.342101e+001  2.211169e+001
      vertex  2.045918e+001 -1.692364e+001  5.529716e+000
      vertex  2.045231e+001 -1.691677e+001  5.251920e+000
    endloop
  endfacet
  facet normal  7.071067e-001  7.071069e-001  9.924370e-010
    outer loop
      vertex  1.695654e+001 -1.342101e+001  2.211169e+001
      vertex  2.045231e+001 -1.691677e+001  5.251920e+000
      vertex  2.045090e+001 -1.691537e+001  4.973961e+000
    endloop
  endfacet
  facet normal  7.071067e-001  7.071069e-001  9.853855e-009
    outer loop
      vertex  1.695654e+001 -1.342101e+001  2.211169e+001
      vertex  2.045090e+001 -1.691537e+001  4.973961e+000
      vertex  1.969607e+001 -1.616054e+001 -6.012363e+000
    endloop
  endfacet
  facet normal  7.071070e-001  7.071066e-001  6.459184e-008
    outer loop
      vertex  1.695654e+001 -1.342101e+001  2.211169e+001
      vertex  1.969607e+001 -1.616054e+001 -6.012363e+000
      vertex  1.966556e+001 -1.613003e+001 -5.818278e+000
    endloop
  endfacet
  facet normal  7.071069e-001  7.071066e-001  5.453986e-008
    outer loop
      vertex  1.695654e+001 -1.342101e+001  2.211169e+001
      vertex  1.966556e+001 -1.613003e+001 -5.818278e+000
      vertex  1.962963e+001 -1.609409e+001 -5.626061e+000
    endloop
  endfacet
  facet normal  7.071069e-001  7.071067e-001  4.129592e-008
    outer loop
      vertex  1.695654e+001 -1.342101e+001  2.211169e+001
      vertex  1.962963e+001 -1.609409e+001 -5.626061e+000
      vertex  1.958832e+001 -1.605278e+001 -5.436017e+000
    endloop
  endfacet
  facet normal  7.071068e-001  7.071066e-001  3.997910e-008
    outer loop
      vertex  1.695654e+001 -1.342101e+001  2.211169e+001
      vertex  1.958832e+001 -1.605278e+001 -5.436017e+000
      vertex  1.954169e+001 -1.600616e+001 -5.248446e+000
    endloop
  endfacet
  facet normal  7.071068e-001  7.071067e-001  4.478344e-008
    outer loop
      vertex  1.695654e+001 -1.342101e+001  2.211169e+001
      vertex  1.954169e+001 -1.600616e+001 -5.248446e+000
      vertex  1.948984e+001 -1.595430e+001 -5.063644e+000
    endloop
  endfacet
  facet normal  7.070984e-001  7.071151e-001 -1.538527e-006
    outer loop
      vertex  1.695654e+001 -1.342101e+001  2.211169e+001
      vertex  1.948984e+001 -1.595430e+001 -5.063644e+000
      vertex  1.943282e+001 -1.589729e+001 -4.881904e+000
    endloop
  endfacet
  facet normal  7.071068e-001  7.071068e-001  0.000000e+000
    outer loop
      vertex  1.695654e+001 -1.342101e+001  2.211169e+001
      vertex  1.943282e+001 -1.589729e+001 -4.881904e+000
      vertex  1.937075e+001 -1.583521e+001 -4.703514e+000
    endloop
  endfacet
  facet normal  7.071133e-001  7.071002e-001  1.187052e-006
    outer loop
      vertex  1.695654e+001 -1.342101e+001  2.211169e+001
      vertex  1.937075e+001 -1.583521e+001 -4.703514e+000
      vertex  1.930371e+001 -1.576817e+001 -4.528754e+000
    endloop
  endfacet
  facet normal  7.071068e-001  7.071067e-001  3.478689e-008
    outer loop
      vertex  1.695654e+001 -1.342101e+001  2.211169e+001
      vertex  1.930371e+001 -1.576817e+001 -4.528754e+000
      vertex  1.923180e+001 -1.569627e+001 -4.357902e+000
    endloop
  endfacet
  facet normal  7.071014e-001  7.071122e-001 -9.006169e-007
    outer loop
      vertex  1.695654e+001 -1.342101e+001  2.211169e+001
      vertex  1.923180e+001 -1.569627e+001 -4.357902e+000
      vertex  1.915516e+001 -1.561962e+001 -4.191228e+000
    endloop
  endfacet
  facet normal  7.071117e-001  7.071018e-001  8.341717e-007
    outer loop
      vertex  1.695654e+001 -1.342101e+001  2.211169e+001
      vertex  1.915516e+001 -1.561962e+001 -4.191228e+000
      vertex  1.907388e+001 -1.553835e+001 -4.028995e+000
    endloop
  endfacet
  facet normal  7.071068e-001  7.071068e-001  2.760438e-008
    outer loop
      vertex  1.695654e+001 -1.342101e+001  2.211169e+001
      vertex  1.907388e+001 -1.553835e+001 -4.028995e+000
      vertex  1.898811e+001 -1.545258e+001 -3.871460e+000
    endloop
  endfacet
  facet normal  7.071111e-001  7.071024e-001  7.052560e-007
    outer loop
      vertex  1.695654e+001 -1.342101e+001  2.211169e+001
      vertex  1.898811e+001 -1.545258e+001 -3.871460e+000
      vertex  1.889798e+001 -1.536245e+001 -3.718871e+000
    endloop
  endfacet
  facet normal  7.071028e-001  7.071108e-001 -5.486584e-007
    outer loop
      vertex  1.695654e+001 -1.342101e+001  2.211169e+001
      vertex  1.889798e+001 -1.536245e+001 -3.718871e+000
      vertex  1.880363e+001 -1.526810e+001 -3.571471e+000
    endloop
  endfacet
  facet normal  7.071106e-001  7.071030e-001  5.767345e-007
    outer loop
      vertex  1.695654e+001 -1.342101e+001  2.211169e+001
      vertex  1.880363e+001 -1.526810e+001 -3.571471e+000
      vertex  1.870522e+001 -1.516968e+001 -3.429492e+000
    endloop
  endfacet
  facet normal  7.071068e-001  7.071068e-001  6.210443e-008
    outer loop
      vertex  1.695654e+001 -1.342101e+001  2.211169e+001
      vertex  1.870522e+001 -1.516968e+001 -3.429492e+000
      vertex  1.860289e+001 -1.506735e+001 -3.293159e+000
    endloop
  endfacet
  facet normal  7.071068e-001  7.071068e-001  5.522789e-008
    outer loop
      vertex  1.695654e+001 -1.342101e+001  2.211169e+001
      vertex  1.860289e+001 -1.506735e+001 -3.293159e+000
      vertex  1.849680e+001 -1.496127e+001 -3.162687e+000
    endloop
  endfacet
  facet normal  7.071068e-001  7.071067e-001  5.717272e-008
    outer loop
      vertex  1.695654e+001 -1.342101e+001  2.211169e+001
      vertex  1.849680e+001 -1.496127e+001 -3.162687e+000
      vertex  1.838714e+001 -1.485160e+001 -3.038282e+000
    endloop
  endfacet
  facet normal  7.071005e-001  7.071131e-001 -6.617694e-007
    outer loop
      vertex  1.695654e+001 -1.342101e+001  2.211169e+001
      vertex  1.838714e+001 -1.485160e+001 -3.038282e+000
      vertex  1.827406e+001 -1.473852e+001 -2.920142e+000
    endloop
  endfacet
  facet normal  7.071099e-001  7.071038e-001  3.239992e-007
    outer loop
      vertex  1.695654e+001 -1.342101e+001  2.211169e+001
      vertex  1.827406e+001 -1.473852e+001 -2.920142e+000
      vertex  1.815775e+001 -1.462222e+001 -2.808453e+000
    endloop
  endfacet
  facet normal  7.071038e-001  7.071097e-001 -2.589593e-007
    outer loop
      vertex  1.695654e+001 -1.342101e+001  2.211169e+001
      vertex  1.815775e+001 -1.462222e+001 -2.808453e+000
      vertex  1.803839e+001 -1.450286e+001 -2.703392e+000
    endloop
  endfacet
  facet normal  7.071096e-001  7.071039e-001  2.484323e-007
    outer loop
      vertex  1.695654e+001 -1.342101e+001  2.211169e+001
      vertex  1.803839e+001 -1.450286e+001 -2.703392e+000
      vertex  1.791618e+001 -1.438064e+001 -2.605124e+000
    endloop
  endfacet
  facet normal  7.071096e-001  7.071040e-001  2.441771e-007
    outer loop
      vertex  1.695654e+001 -1.342101e+001  2.211169e+001
      vertex  1.791618e+001 -1.438064e+001 -2.605124e+000
      vertex  1.779129e+001 -1.425576e+001 -2.513806e+000
    endloop
  endfacet
  facet normal  7.071041e-001  7.071095e-001 -1.271644e-007
    outer loop
      vertex  1.695654e+001 -1.342101e+001  2.211169e+001
      vertex  1.779129e+001 -1.425576e+001 -2.513806e+000
      vertex  1.766394e+001 -1.412841e+001 -2.429581e+000
    endloop
  endfacet
  facet normal  7.071042e-001  7.071095e-001 -1.246947e-007
    outer loop
      vertex  1.695654e+001 -1.342101e+001  2.211169e+001
      vertex  1.766394e+001 -1.412841e+001 -2.429581e+000
      vertex  1.753432e+001 -1.399879e+001 -2.352583e+000
    endloop
  endfacet
  facet normal  7.071094e-001  7.071042e-001  1.225502e-007
    outer loop
      vertex  1.695654e+001 -1.342101e+001  2.211169e+001
      vertex  1.753432e+001 -1.399879e+001 -2.352583e+000
      vertex  1.740265e+001 -1.386711e+001 -2.282933e+000
    endloop
  endfacet
  facet normal  7.071068e-001  7.071068e-001  2.773029e-008
    outer loop
      vertex  1.695654e+001 -1.342101e+001  2.211169e+001
      vertex  1.740265e+001 -1.386711e+001 -2.282933e+000
      vertex  1.726911e+001 -1.373358e+001 -2.220743e+000
    endloop
  endfacet
  facet normal  7.071068e-001  7.071068e-001  2.737162e-008
    outer loop
      vertex  1.695654e+001 -1.342101e+001  2.211169e+001
      vertex  1.726911e+001 -1.373358e+001 -2.220743e+000
      vertex  1.713394e+001 -1.359840e+001 -2.166109e+000
    endloop
  endfacet
  facet normal  7.071068e-001  7.071068e-001  2.786932e-008
    outer loop
      vertex  1.695654e+001 -1.342101e+001  2.211169e+001
      vertex  1.713394e+001 -1.359840e+001 -2.166109e+000
      vertex  1.699733e+001 -1.346180e+001 -2.119118e+000
    endloop
  endfacet
  facet normal  7.071093e-001  7.071044e-001  3.610532e-008
    outer loop
      vertex  1.695654e+001 -1.342101e+001  2.211169e+001
      vertex  1.699733e+001 -1.346180e+001 -2.119118e+000
      vertex  1.685951e+001 -1.332398e+001 -2.079846e+000
    endloop
  endfacet
  facet normal  7.071072e-001  7.071062e-001  5.180778e-008
    outer loop
      vertex  1.695654e+001 -1.342101e+001  2.211169e+001
      vertex  1.685951e+001 -1.332398e+001 -2.079846e+000
      vertex  1.629136e+001 -1.275583e+001  2.185712e+001
    endloop
  endfacet
  facet normal  7.071007e-001  7.071128e-001  3.464250e-005
    outer loop
      vertex  1.695654e+001 -1.342101e+001  2.211169e+001
      vertex  1.629136e+001 -1.275583e+001  2.185712e+001
      vertex  1.642138e+001 -1.288585e+001  2.192266e+001
    endloop
  endfacet
  facet normal  7.071170e-001  7.070967e-001 -5.684183e-005
    outer loop
      vertex  1.695654e+001 -1.342101e+001  2.211169e+001
      vertex  1.642138e+001 -1.288585e+001  2.192266e+001
      vertex  1.655311e+001 -1.301758e+001  2.198096e+001
    endloop
  endfacet
  facet normal  7.071124e-001  7.071011e-001 -2.840070e-005
    outer loop
      vertex  1.695654e+001 -1.342101e+001  2.211169e+001
      vertex  1.655311e+001 -1.301758e+001  2.198096e+001
      vertex  1.668635e+001 -1.315082e+001  2.203196e+001
    endloop
  endfacet
  facet normal  7.071465e-001  7.070670e-001 -2.604425e-004
    outer loop
      vertex  1.695654e+001 -1.342101e+001  2.211169e+001
      vertex  1.668635e+001 -1.315082e+001  2.203196e+001
      vertex  1.682090e+001 -1.328537e+001  2.207555e+001
    endloop
  endfacet
  facet normal  7.071068e-001  7.071068e-001  0.000000e+000
    outer loop
      vertex  1.342118e+001 -9.885649e+000  6.572727e+000
      vertex  1.401794e+001 -1.048241e+001  1.756377e+001
      vertex  1.403119e+001 -1.049566e+001  1.775808e+001
    endloop
  endfacet
  facet normal  7.071068e-001  7.071068e-001  0.000000e+000
    outer loop
      vertex  1.342118e+001 -9.885649e+000  6.572727e+000
      vertex  1.403119e+001 -1.049566e+001  1.775808e+001
      vertex  1.404980e+001 -1.051426e+001  1.795150e+001
    endloop
  endfacet
  facet normal  7.071068e-001  7.071068e-001  0.000000e+000
    outer loop
      vertex  1.342118e+001 -9.885649e+000  6.572727e+000
      vertex  1.404980e+001 -1.051426e+001  1.795150e+001
      vertex  1.407373e+001 -1.053819e+001  1.814375e+001
    endloop
  endfacet
  facet normal  7.071068e-001  7.071068e-001  0.000000e+000
    outer loop
      vertex  1.342118e+001 -9.885649e+000  6.572727e+000
      vertex  1.407373e+001 -1.053819e+001  1.814375e+001
      vertex  1.410294e+001 -1.056741e+001  1.833454e+001
    endloop
  endfacet
  facet normal  7.071067e-001  7.071067e-001  0.000000e+000
    outer loop
      vertex  1.342118e+001 -9.885649e+000  6.572727e+000
      vertex  1.410294e+001 -1.056741e+001  1.833454e+001
      vertex  1.413741e+001 -1.060187e+001  1.852356e+001
    endloop
  endfacet
  facet normal  7.071068e-001  7.071068e-001  0.000000e+000
    outer loop
      vertex  1.342118e+001 -9.885649e+000  6.572727e+000
      vertex  1.413741e+001 -1.060187e+001  1.852356e+001
      vertex  1.417706e+001 -1.064152e+001  1.871054e+001
    endloop
  endfacet
  facet normal  7.071068e-001  7.071068e-001  0.000000e+000
    outer loop
      vertex  1.342118e+001 -9.885649e+000  6.572727e+000
      vertex  1.417706e+001 -1.064152e+001  1.871054e+001
      vertex  1.422184e+001 -1.068631e+001  1.889519e+001
    endloop
  endfacet
  facet normal  7.071068e-001  7.071068e-001  0.000000e+000
    outer loop
      vertex  1.342118e+001 -9.885649e+000  6.572727e+000
      vertex  1.422184e+001 -1.068631e+001  1.889519e+001
      vertex  1.427169e+001 -1.073615e+001  1.907722e+001
    endloop
  endfacet
  facet normal  7.071068e-001  7.071068e-001  0.000000e+000
    outer loop
      vertex  1.340341e+001 -9.867878e+000  6.295899e+000
      vertex  1.342118e+001 -9.885649e+000  6.572727e+000
      vertex  1.427169e+001 -1.073615e+001  1.907722e+001
    endloop
  endfacet
  facet normal  7.071068e-001  7.071068e-001  0.000000e+000
    outer loop
      vertex  1.340341e+001 -9.867878e+000  6.295899e+000
      vertex  1.427169e+001 -1.073615e+001  1.907722e+001
      vertex  1.432652e+001 -1.079098e+001  1.925637e+001
    endloop
  endfacet
  facet normal  7.071068e-001  7.071068e-001  0.000000e+000
    outer loop
      vertex  1.340341e+001 -9.867878e+000  6.295899e+000
      vertex  1.432652e+001 -1.079098e+001  1.925637e+001
      vertex  1.438625e+001 -1.085072e+001  1.943235e+001
    endloop
  endfacet
  facet normal  7.071068e-001  7.071068e-001  0.000000e+000
    outer loop
      vertex  1.340341e+001 -9.867878e+000  6.295899e+000
      vertex  1.438625e+001 -1.085072e+001  1.943235e+001
      vertex  1.445080e+001 -1.091527e+001  1.960490e+001
    endloop
  endfacet
  facet normal  7.071068e-001  7.071068e-001  0.000000e+000
    outer loop
      vertex  1.340341e+001 -9.867878e+000  6.295899e+000
      vertex  1.445080e+001 -1.091527e+001  1.960490e+001
      vertex  1.452006e+001 -1.098452e+001  1.977375e+001
    endloop
  endfacet
  facet normal  7.071068e-001  7.071068e-001  0.000000e+000
    outer loop
      vertex  1.340341e+001 -9.867878e+000  6.295899e+000
      vertex  1.452006e+001 -1.098452e+001  1.977375e+001
      vertex  1.459393e+001 -1.105839e+001  1.993866e+001
    endloop
  endfacet
  facet normal  7.071068e-001  7.071068e-001  0.000000e+000
    outer loop
      vertex  1.338021e+001 -9.844674e+000  6.019877e+000
      vertex  1.340341e+001 -9.867878e+000  6.295899e+000
      vertex  1.459393e+001 -1.105839e+001  1.993866e+001
    endloop
  endfacet
  facet normal  7.071068e-001  7.071068e-001  0.000000e+000
    outer loop
      vertex  1.338021e+001 -9.844674e+000  6.019877e+000
      vertex  1.459393e+001 -1.105839e+001  1.993866e+001
      vertex  1.467229e+001 -1.113675e+001  2.009935e+001
    endloop
  endfacet
  facet normal  7.071068e-001  7.071068e-001  0.000000e+000
    outer loop
      vertex  1.338021e+001 -9.844674e+000  6.019877e+000
      vertex  1.467229e+001 -1.113675e+001  2.009935e+001
      vertex  1.475503e+001 -1.121949e+001  2.025561e+001
    endloop
  endfacet
  facet normal  7.071068e-001  7.071068e-001  0.000000e+000
    outer loop
      vertex  1.338021e+001 -9.844674e+000  6.019877e+000
      vertex  1.475503e+001 -1.121949e+001  2.025561e+001
      vertex  1.484202e+001 -1.130648e+001  2.040717e+001
    endloop
  endfacet
  facet normal  7.071068e-001  7.071068e-001  0.000000e+000
    outer loop
      vertex  1.338021e+001 -9.844674e+000  6.019877e+000
      vertex  1.484202e+001 -1.130648e+001  2.040717e+001
      vertex  1.493312e+001 -1.139759e+001  2.055382e+001
    endloop
  endfacet
  facet normal  7.071068e-001  7.071068e-001  0.000000e+000
    outer loop
      vertex  1.335159e+001 -9.816055e+000  5.744874e+000
      vertex  1.338021e+001 -9.844674e+000  6.019877e+000
      vertex  1.493312e+001 -1.139759e+001  2.055382e+001
    endloop
  endfacet
  facet normal  7.071068e-001  7.071068e-001  0.000000e+000
    outer loop
      vertex  1.335159e+001 -9.816055e+000  5.744874e+000
      vertex  1.493312e+001 -1.139759e+001  2.055382e+001
      vertex  1.502820e+001 -1.149267e+001  2.069532e+001
    endloop
  endfacet
  facet normal  7.071068e-001  7.071068e-001  0.000000e+000
    outer loop
      vertex  1.335159e+001 -9.816055e+000  5.744874e+000
      vertex  1.502820e+001 -1.149267e+001  2.069532e+001
      vertex  1.512712e+001 -1.159159e+001  2.083147e+001
    endloop
  endfacet
  facet normal  7.071068e-001  7.071068e-001  0.000000e+000
    outer loop
      vertex  1.335159e+001 -9.816055e+000  5.744874e+000
      vertex  1.512712e+001 -1.159159e+001  2.083147e+001
      vertex  1.522972e+001 -1.169419e+001  2.096206e+001
    endloop
  endfacet
  facet normal  7.071068e-001  7.071068e-001  0.000000e+000
    outer loop
      vertex  1.335159e+001 -9.816055e+000  5.744874e+000
      vertex  1.522972e+001 -1.169419e+001  2.096206e+001
      vertex  1.533584e+001 -1.180031e+001  2.108688e+001
    endloop
  endfacet
  facet normal  7.071068e-001  7.071068e-001  0.000000e+000
    outer loop
      vertex  1.331758e+001 -9.782042e+000  5.471102e+000
      vertex  1.335159e+001 -9.816055e+000  5.744874e+000
      vertex  1.533584e+001 -1.180031e+001  2.108688e+001
    endloop
  endfacet
  facet normal  7.071068e-001  7.071068e-001  0.000000e+000
    outer loop
      vertex  1.331758e+001 -9.782042e+000  5.471102e+000
      vertex  1.533584e+001 -1.180031e+001  2.108688e+001
      vertex  1.544533e+001 -1.190980e+001  2.120575e+001
    endloop
  endfacet
  facet normal  7.071068e-001  7.071068e-001  0.000000e+000
    outer loop
      vertex  1.331758e+001 -9.782042e+000  5.471102e+000
      vertex  1.544533e+001 -1.190980e+001  2.120575e+001
      vertex  1.555802e+001 -1.202249e+001  2.131848e+001
    endloop
  endfacet
  facet normal  7.071067e-001  7.071067e-001  0.000000e+000
    outer loop
      vertex  1.331758e+001 -9.782042e+000  5.471102e+000
      vertex  1.555802e+001 -1.202249e+001  2.131848e+001
      vertex  1.567373e+001 -1.213820e+001  2.142491e+001
    endloop
  endfacet
  facet normal  7.071068e-001  7.071068e-001  0.000000e+000
    outer loop
      vertex  1.327820e+001 -9.742661e+000  5.198772e+000
      vertex  1.331758e+001 -9.782042e+000  5.471102e+000
      vertex  1.567373e+001 -1.213820e+001  2.142491e+001
    endloop
  endfacet
  facet normal  7.071068e-001  7.071068e-001  0.000000e+000
    outer loop
      vertex  1.327820e+001 -9.742661e+000  5.198772e+000
      vertex  1.567373e+001 -1.213820e+001  2.142491e+001
      vertex  1.579230e+001 -1.225676e+001  2.152487e+001
    endloop
  endfacet
  facet normal  7.071068e-001  7.071068e-001  0.000000e+000
    outer loop
      vertex  1.327820e+001 -9.742661e+000  5.198772e+000
      vertex  1.579230e+001 -1.225676e+001  2.152487e+001
      vertex  1.591353e+001 -1.237799e+001  2.161821e+001
    endloop
  endfacet
  facet normal  7.071037e-001  7.071099e-001  9.933809e-007
    outer loop
      vertex  1.327820e+001 -9.742661e+000  5.198772e+000
      vertex  1.591353e+001 -1.237799e+001  2.161821e+001
      vertex  1.603724e+001 -1.250171e+001  2.170478e+001
    endloop
  endfacet
  facet normal  7.071066e-001  7.071069e-001 -1.250094e-009
    outer loop
      vertex  1.327820e+001 -9.742661e+000  5.198772e+000
      vertex  1.603724e+001 -1.250171e+001  2.170478e+001
      vertex  1.615990e+001 -1.262437e+001 -2.000988e+000
    endloop
  endfacet
  facet normal  7.071062e-001  7.071074e-001  0.000000e+000
    outer loop
      vertex  1.327820e+001 -9.742661e+000  5.198772e+000
      vertex  1.615990e+001 -1.262437e+001 -2.000988e+000
      vertex  1.323348e+001 -9.697944e+000  4.928096e+000
    endloop
  endfacet
  facet normal  7.071067e-001  7.071067e-001  2.869414e-008
    outer loop
      vertex  1.629136e+001 -1.275583e+001  2.185712e+001
      vertex  1.685951e+001 -1.332398e+001 -2.079846e+000
      vertex  1.672070e+001 -1.318516e+001 -2.048353e+000
    endloop
  endfacet
  facet normal  7.071068e-001  7.071068e-001  2.850508e-008
    outer loop
      vertex  1.629136e+001 -1.275583e+001  2.185712e+001
      vertex  1.672070e+001 -1.318516e+001 -2.048353e+000
      vertex  1.658111e+001 -1.304558e+001 -2.024689e+000
    endloop
  endfacet
  facet normal  7.071044e-001  7.071092e-001 -3.073708e-008
    outer loop
      vertex  1.629136e+001 -1.275583e+001  2.185712e+001
      vertex  1.658111e+001 -1.304558e+001 -2.024689e+000
      vertex  1.644097e+001 -1.290543e+001 -2.008893e+000
    endloop
  endfacet
  facet normal  7.071044e-001  7.071092e-001 -2.986722e-008
    outer loop
      vertex  1.629136e+001 -1.275583e+001  2.185712e+001
      vertex  1.644097e+001 -1.290543e+001 -2.008893e+000
      vertex  1.630049e+001 -1.276495e+001 -2.000988e+000
    endloop
  endfacet
  facet normal  7.071116e-001  7.071020e-001 -2.459117e-008
    outer loop
      vertex  1.629136e+001 -1.275583e+001  2.185712e+001
      vertex  1.630049e+001 -1.276495e+001 -2.000988e+000
      vertex  1.615990e+001 -1.262437e+001 -2.000988e+000
    endloop
  endfacet
  facet normal  7.071068e-001  7.071068e-001  2.835361e-008
    outer loop
      vertex  1.629136e+001 -1.275583e+001  2.185712e+001
      vertex  1.615990e+001 -1.262437e+001 -2.000988e+000
      vertex  1.616325e+001 -1.262772e+001  2.178446e+001
    endloop
  endfacet
  facet normal  7.071068e-001  7.071068e-001  0.000000e+000
    outer loop
      vertex  1.969607e+001 -1.616054e+001 -6.012363e+000
      vertex  2.045090e+001 -1.691537e+001  4.973961e+000
      vertex  2.045497e+001 -1.691943e+001  4.696055e+000
    endloop
  endfacet
  facet normal  7.071068e-001  7.071068e-001  0.000000e+000
    outer loop
      vertex  1.969607e+001 -1.616054e+001 -6.012363e+000
      vertex  2.045497e+001 -1.691943e+001  4.696055e+000
      vertex  2.046449e+001 -1.692895e+001  4.418415e+000
    endloop
  endfacet
  facet normal  7.071068e-001  7.071068e-001  0.000000e+000
    outer loop
      vertex  1.969607e+001 -1.616054e+001 -6.012363e+000
      vertex  2.046449e+001 -1.692895e+001  4.418415e+000
      vertex  2.047946e+001 -1.694392e+001  4.141257e+000
    endloop
  endfacet
  facet normal  7.071068e-001  7.071068e-001  0.000000e+000
    outer loop
      vertex  1.969607e+001 -1.616054e+001 -6.012363e+000
      vertex  2.047946e+001 -1.694392e+001  4.141257e+000
      vertex  2.049987e+001 -1.696434e+001  3.864795e+000
    endloop
  endfacet
  facet normal  7.071068e-001  7.071068e-001  0.000000e+000
    outer loop
      vertex  1.969607e+001 -1.616054e+001 -6.012363e+000
      vertex  2.049987e+001 -1.696434e+001  3.864795e+000
      vertex  2.052571e+001 -1.699018e+001  3.589242e+000
    endloop
  endfacet
  facet normal  7.071067e-001  7.071069e-001  3.970516e-008
    outer loop
      vertex  1.615990e+001 -1.262437e+001 -2.000988e+000
      vertex  1.018905e+001 -6.653519e+000 -1.802961e+000
      vertex  1.183259e+001 -8.297056e+000  9.870050e-001
    endloop
  endfacet
  facet normal  7.071068e-001  7.071069e-001  6.452966e-008
    outer loop
      vertex  1.615990e+001 -1.262437e+001 -2.000988e+000
      vertex  1.183259e+001 -8.297056e+000  9.870050e-001
      vertex  1.195530e+001 -8.419770e+000  1.204140e+000
    endloop
  endfacet
  facet normal  7.071067e-001  7.071068e-001  6.422987e-008
    outer loop
      vertex  1.615990e+001 -1.262437e+001 -2.000988e+000
      vertex  1.195530e+001 -8.419770e+000  1.204140e+000
      vertex  1.207370e+001 -8.538169e+000  1.426014e+000
    endloop
  endfacet
  facet normal  7.071067e-001  7.071068e-001  6.405563e-008
    outer loop
      vertex  1.615990e+001 -1.262437e+001 -2.000988e+000
      vertex  1.207370e+001 -8.538169e+000  1.426014e+000
      vertex  1.218770e+001 -8.652163e+000  1.652457e+000
    endloop
  endfacet
  facet normal  7.071067e-001  7.071068e-001  4.800427e-008
    outer loop
      vertex  1.615990e+001 -1.262437e+001 -2.000988e+000
      vertex  1.218770e+001 -8.652163e+000  1.652457e+000
      vertex  1.229719e+001 -8.761661e+000  1.883293e+000
    endloop
  endfacet
  facet normal  7.071068e-001  7.071069e-001  4.805916e-008
    outer loop
      vertex  1.615990e+001 -1.262437e+001 -2.000988e+000
      vertex  1.229719e+001 -8.761661e+000  1.883293e+000
      vertex  1.240211e+001 -8.866580e+000  2.118343e+000
    endloop
  endfacet
  facet normal  7.071068e-001  7.071069e-001  4.820717e-008
    outer loop
      vertex  1.615990e+001 -1.262437e+001 -2.000988e+000
      vertex  1.240211e+001 -8.866580e+000  2.118343e+000
      vertex  1.250237e+001 -8.966840e+000  2.357427e+000
    endloop
  endfacet
  facet normal  7.071066e-001  7.071068e-001  4.845001e-008
    outer loop
      vertex  1.615990e+001 -1.262437e+001 -2.000988e+000
      vertex  1.250237e+001 -8.966840e+000  2.357427e+000
      vertex  1.259790e+001 -9.062362e+000  2.600359e+000
    endloop
  endfacet
  facet normal  7.071068e-001  7.071069e-001  3.252683e-008
    outer loop
      vertex  1.615990e+001 -1.262437e+001 -2.000988e+000
      vertex  1.259790e+001 -9.062362e+000  2.600359e+000
      vertex  1.268861e+001 -9.153072e+000  2.846952e+000
    endloop
  endfacet
  facet normal  7.071067e-001  7.071069e-001  4.923177e-008
    outer loop
      vertex  1.615990e+001 -1.262437e+001 -2.000988e+000
      vertex  1.268861e+001 -9.153072e+000  2.846952e+000
      vertex  1.277444e+001 -9.238901e+000  3.097015e+000
    endloop
  endfacet
  facet normal  7.071067e-001  7.071068e-001  3.318617e-008
    outer loop
      vertex  1.615990e+001 -1.262437e+001 -2.000988e+000
      vertex  1.277444e+001 -9.238901e+000  3.097015e+000
      vertex  1.285532e+001 -9.319783e+000  3.350356e+000
    endloop
  endfacet
  facet normal  7.071067e-001  7.071068e-001  3.362667e-008
    outer loop
      vertex  1.615990e+001 -1.262437e+001 -2.000988e+000
      vertex  1.285532e+001 -9.319783e+000  3.350356e+000
      vertex  1.293119e+001 -9.395654e+000  3.606777e+000
    endloop
  endfacet
  facet normal  7.071067e-001  7.071068e-001  3.414731e-008
    outer loop
      vertex  1.615990e+001 -1.262437e+001 -2.000988e+000
      vertex  1.293119e+001 -9.395654e+000  3.606777e+000
      vertex  1.300199e+001 -9.466456e+000  3.866082e+000
    endloop
  endfacet
  facet normal  7.071067e-001  7.071068e-001  3.475513e-008
    outer loop
      vertex  1.615990e+001 -1.262437e+001 -2.000988e+000
      vertex  1.300199e+001 -9.466456e+000  3.866082e+000
      vertex  1.306767e+001 -9.532136e+000  4.128070e+000
    endloop
  endfacet
  facet normal  7.071067e-001  7.071068e-001  3.545838e-008
    outer loop
      vertex  1.615990e+001 -1.262437e+001 -2.000988e+000
      vertex  1.306767e+001 -9.532136e+000  4.128070e+000
      vertex  1.312817e+001 -9.592640e+000  4.392538e+000
    endloop
  endfacet
  facet normal  7.071066e-001  7.071068e-001  2.719969e-008
    outer loop
      vertex  1.615990e+001 -1.262437e+001 -2.000988e+000
      vertex  1.312817e+001 -9.592640e+000  4.392538e+000
      vertex  1.318346e+001 -9.647923e+000  4.659282e+000
    endloop
  endfacet
  facet normal  7.071067e-001  7.071069e-001  2.789315e-008
    outer loop
      vertex  1.615990e+001 -1.262437e+001 -2.000988e+000
      vertex  1.318346e+001 -9.647923e+000  4.659282e+000
      vertex  1.323348e+001 -9.697944e+000  4.928096e+000
    endloop
  endfacet
  facet normal  7.071068e-001  7.071068e-001  0.000000e+000
    outer loop
      vertex  1.019913e+001 -6.663594e+000 -1.222039e+001
      vertex  1.249499e+001 -8.959456e+000 -1.571755e+001
      vertex  1.235530e+001 -8.819770e+000 -1.551277e+001
    endloop
  endfacet
  facet normal  7.071068e-001  7.071068e-001  0.000000e+000
    outer loop
      vertex  1.019913e+001 -6.663594e+000 -1.222039e+001
      vertex  1.235530e+001 -8.819770e+000 -1.551277e+001
      vertex  1.221184e+001 -8.676305e+000 -1.531328e+001
    endloop
  endfacet
  facet normal  7.071068e-001  7.071068e-001  0.000000e+000
    outer loop
      vertex  1.019913e+001 -6.663594e+000 -1.222039e+001
      vertex  1.221184e+001 -8.676305e+000 -1.531328e+001
      vertex  1.206469e+001 -8.529160e+000 -1.511923e+001
    endloop
  endfacet
  facet normal  7.071068e-001  7.071068e-001  0.000000e+000
    outer loop
      vertex  1.019913e+001 -6.663594e+000 -1.222039e+001
      vertex  1.206469e+001 -8.529160e+000 -1.511923e+001
      vertex  1.191397e+001 -8.378440e+000 -1.493074e+001
    endloop
  endfacet
  facet normal  7.071068e-001  7.071068e-001  0.000000e+000
    outer loop
      vertex  1.019913e+001 -6.663594e+000 -1.222039e+001
      vertex  1.191397e+001 -8.378440e+000 -1.493074e+001
      vertex  1.175978e+001 -8.224249e+000 -1.474796e+001
    endloop
  endfacet
  facet normal  7.071068e-001  7.071068e-001  0.000000e+000
    outer loop
      vertex  1.019913e+001 -6.663594e+000 -1.222039e+001
      vertex  1.175978e+001 -8.224249e+000 -1.474796e+001
      vertex  1.160764e+001 -8.072106e+000 -1.456730e+001
    endloop
  endfacet
  facet normal  7.071068e-001  7.071068e-001  0.000000e+000
    outer loop
      vertex  1.019913e+001 -6.663594e+000 -1.222039e+001
      vertex  1.160764e+001 -8.072106e+000 -1.456730e+001
      vertex  1.145915e+001 -7.923612e+000 -1.438066e+001
    endloop
  endfacet
  facet normal  7.071068e-001  7.071068e-001  0.000000e+000
    outer loop
      vertex  1.019913e+001 -6.663594e+000 -1.222039e+001
      vertex  1.145915e+001 -7.923612e+000 -1.438066e+001
      vertex  1.131442e+001 -7.778883e+000 -1.418820e+001
    endloop
  endfacet
  facet normal  7.071068e-001  7.071068e-001  0.000000e+000
    outer loop
      vertex  1.019913e+001 -6.663594e+000 -1.222039e+001
      vertex  1.131442e+001 -7.778883e+000 -1.418820e+001
      vertex  1.117357e+001 -7.638035e+000 -1.399007e+001
    endloop
  endfacet
  facet normal  7.071068e-001  7.071068e-001  0.000000e+000
    outer loop
      vertex  1.019913e+001 -6.663594e+000 -1.222039e+001
      vertex  1.117357e+001 -7.638035e+000 -1.399007e+001
      vertex  1.103671e+001 -7.501178e+000 -1.378642e+001
    endloop
  endfacet
  facet normal  7.071068e-001  7.071068e-001  0.000000e+000
    outer loop
      vertex  1.019913e+001 -6.663594e+000 -1.222039e+001
      vertex  1.103671e+001 -7.501178e+000 -1.378642e+001
      vertex  1.090395e+001 -7.368421e+000 -1.357741e+001
    endloop
  endfacet
  facet normal  7.071068e-001  7.071068e-001  0.000000e+000
    outer loop
      vertex  1.019913e+001 -6.663594e+000 -1.222039e+001
      vertex  1.090395e+001 -7.368421e+000 -1.357741e+001
      vertex  1.077540e+001 -7.239867e+000 -1.336321e+001
    endloop
  endfacet
  facet normal  7.071068e-001  7.071068e-001  0.000000e+000
    outer loop
      vertex  1.019913e+001 -6.663594e+000 -1.222039e+001
      vertex  1.077540e+001 -7.239867e+000 -1.336321e+001
      vertex  1.065115e+001 -7.115620e+000 -1.314399e+001
    endloop
  endfacet
  facet normal  7.070900e-001  7.071236e-001 -1.625092e-005
    outer loop
      vertex  1.019913e+001 -6.663594e+000 -1.222039e+001
      vertex  1.065115e+001 -7.115620e+000 -1.314399e+001
      vertex  1.053131e+001 -6.995776e+000 -1.291992e+001
    endloop
  endfacet
  facet normal  7.071494e-001  7.070643e-001  3.921145e-005
    outer loop
      vertex  1.019913e+001 -6.663594e+000 -1.222039e+001
      vertex  1.053131e+001 -6.995776e+000 -1.291992e+001
      vertex  1.041596e+001 -6.880430e+000 -1.269117e+001
    endloop
  endfacet
  facet normal  7.070808e-001  7.071328e-001 -2.351661e-005
    outer loop
      vertex  1.019913e+001 -6.663594e+000 -1.222039e+001
      vertex  1.041596e+001 -6.880430e+000 -1.269117e+001
      vertex  1.030521e+001 -6.769673e+000 -1.245794e+001
    endloop
  endfacet
  facet normal  7.071115e-001  7.071020e-001 -1.849409e-006
    outer loop
      vertex  1.615990e+001 -1.262437e+001 -1.199901e+001
      vertex  1.630049e+001 -1.276495e+001 -1.199901e+001
      vertex  1.444573e+001 -1.091020e+001 -2.123874e+001
    endloop
  endfacet
  facet normal  7.071067e-001  7.071069e-001 -2.561401e-008
    outer loop
      vertex  1.615990e+001 -1.262437e+001 -1.199901e+001
      vertex  1.444573e+001 -1.091020e+001 -2.123874e+001
      vertex  1.440857e+001 -1.087303e+001 -2.095911e+001
    endloop
  endfacet
  facet normal  7.071066e-001  7.071069e-001 -3.038797e-008
    outer loop
      vertex  1.615990e+001 -1.262437e+001 -1.199901e+001
      vertex  1.440857e+001 -1.087303e+001 -2.095911e+001
      vertex  1.436619e+001 -1.083066e+001 -2.068096e+001
    endloop
  endfacet
  facet normal  7.071067e-001  7.071069e-001 -3.478094e-008
    outer loop
      vertex  1.615990e+001 -1.262437e+001 -1.199901e+001
      vertex  1.436619e+001 -1.083066e+001 -2.068096e+001
      vertex  1.431863e+001 -1.078309e+001 -2.040449e+001
    endloop
  endfacet
  facet normal  7.071067e-001  7.071069e-001 -3.887291e-008
    outer loop
      vertex  1.615990e+001 -1.262437e+001 -1.199901e+001
      vertex  1.431863e+001 -1.078309e+001 -2.040449e+001
      vertex  1.426591e+001 -1.073038e+001 -2.012989e+001
    endloop
  endfacet
  facet normal  7.071066e-001  7.071068e-001 -3.738862e-008
    outer loop
      vertex  1.615990e+001 -1.262437e+001 -1.199901e+001
      vertex  1.426591e+001 -1.073038e+001 -2.012989e+001
      vertex  1.420809e+001 -1.067255e+001 -1.985736e+001
    endloop
  endfacet
  facet normal  7.071068e-001  7.071069e-001 -4.124648e-008
    outer loop
      vertex  1.615990e+001 -1.262437e+001 -1.199901e+001
      vertex  1.420809e+001 -1.067255e+001 -1.985736e+001
      vertex  1.414518e+001 -1.060965e+001 -1.958709e+001
    endloop
  endfacet
  facet normal  7.071067e-001  7.071069e-001 -3.994718e-008
    outer loop
      vertex  1.615990e+001 -1.262437e+001 -1.199901e+001
      vertex  1.414518e+001 -1.060965e+001 -1.958709e+001
      vertex  1.407725e+001 -1.054172e+001 -1.931927e+001
    endloop
  endfacet
  facet normal  7.071067e-001  7.071069e-001 -4.850924e-008
    outer loop
      vertex  1.615990e+001 -1.262437e+001 -1.199901e+001
      vertex  1.407725e+001 -1.054172e+001 -1.931927e+001
      vertex  1.400434e+001 -1.046880e+001 -1.905408e+001
    endloop
  endfacet
  facet normal  7.071067e-001  7.071068e-001 -4.725941e-008
    outer loop
      vertex  1.615990e+001 -1.262437e+001 -1.199901e+001
      vertex  1.400434e+001 -1.046880e+001 -1.905408e+001
      vertex  1.392649e+001 -1.039096e+001 -1.879170e+001
    endloop
  endfacet
  facet normal  7.071067e-001  7.071069e-001 -4.616517e-008
    outer loop
      vertex  1.615990e+001 -1.262437e+001 -1.199901e+001
      vertex  1.392649e+001 -1.039096e+001 -1.879170e+001
      vertex  1.384377e+001 -1.030823e+001 -1.853233e+001
    endloop
  endfacet
  facet normal  7.071067e-001  7.071068e-001 -5.425199e-008
    outer loop
      vertex  1.615990e+001 -1.262437e+001 -1.199901e+001
      vertex  1.384377e+001 -1.030823e+001 -1.853233e+001
      vertex  1.375622e+001 -1.022069e+001 -1.827614e+001
    endloop
  endfacet
  facet normal  7.071067e-001  7.071068e-001 -5.325647e-008
    outer loop
      vertex  1.615990e+001 -1.262437e+001 -1.199901e+001
      vertex  1.375622e+001 -1.022069e+001 -1.827614e+001
      vertex  1.366392e+001 -1.012839e+001 -1.802332e+001
    endloop
  endfacet
  facet normal  7.071067e-001  7.071068e-001 -5.239784e-008
    outer loop
      vertex  1.615990e+001 -1.262437e+001 -1.199901e+001
      vertex  1.366392e+001 -1.012839e+001 -1.802332e+001
      vertex  1.356693e+001 -1.003139e+001 -1.777403e+001
    endloop
  endfacet
  facet normal  7.071067e-001  7.071068e-001 -6.888848e-008
    outer loop
      vertex  1.615990e+001 -1.262437e+001 -1.199901e+001
      vertex  1.356693e+001 -1.003139e+001 -1.777403e+001
      vertex  1.346531e+001 -9.929773e+000 -1.752846e+001
    endloop
  endfacet
  facet normal  7.071068e-001  7.071069e-001 -5.105238e-008
    outer loop
      vertex  1.615990e+001 -1.262437e+001 -1.199901e+001
      vertex  1.346531e+001 -9.929773e+000 -1.752846e+001
      vertex  1.335913e+001 -9.823599e+000 -1.728677e+001
    endloop
  endfacet
  facet normal  7.071068e-001  7.071069e-001 -5.054850e-008
    outer loop
      vertex  1.615990e+001 -1.262437e+001 -1.199901e+001
      vertex  1.335913e+001 -9.823599e+000 -1.728677e+001
      vertex  1.324848e+001 -9.712942e+000 -1.704914e+001
    endloop
  endfacet
  facet normal  7.071067e-001  7.071069e-001 -6.686644e-008
    outer loop
      vertex  1.615990e+001 -1.262437e+001 -1.199901e+001
      vertex  1.324848e+001 -9.712942e+000 -1.704914e+001
      vertex  1.313342e+001 -9.597883e+000 -1.681572e+001
    endloop
  endfacet
  facet normal  7.071066e-001  7.071068e-001 -6.646766e-008
    outer loop
      vertex  1.615990e+001 -1.262437e+001 -1.199901e+001
      vertex  1.313342e+001 -9.597883e+000 -1.681572e+001
      vertex  1.301404e+001 -9.478501e+000 -1.658669e+001
    endloop
  endfacet
  facet normal  7.071066e-001  7.071068e-001 -6.619867e-008
    outer loop
      vertex  1.615990e+001 -1.262437e+001 -1.199901e+001
      vertex  1.301404e+001 -9.478501e+000 -1.658669e+001
      vertex  1.289041e+001 -9.354879e+000 -1.636220e+001
    endloop
  endfacet
  facet normal  7.071067e-001  7.071068e-001 -6.605560e-008
    outer loop
      vertex  1.615990e+001 -1.262437e+001 -1.199901e+001
      vertex  1.289041e+001 -9.354879e+000 -1.636220e+001
      vertex  1.276264e+001 -9.227105e+000 -1.614241e+001
    endloop
  endfacet
  facet normal  7.071068e-001  7.071069e-001 -6.603766e-008
    outer loop
      vertex  1.615990e+001 -1.262437e+001 -1.199901e+001
      vertex  1.276264e+001 -9.227105e+000 -1.614241e+001
      vertex  1.263080e+001 -9.095266e+000 -1.592748e+001
    endloop
  endfacet
  facet normal  7.071067e-001  7.071068e-001 -6.614435e-008
    outer loop
      vertex  1.615990e+001 -1.262437e+001 -1.199901e+001
      vertex  1.263080e+001 -9.095266e+000 -1.592748e+001
      vertex  1.249499e+001 -8.959456e+000 -1.571755e+001
    endloop
  endfacet
  facet normal  7.071067e-001  7.071068e-001 -9.473861e-008
    outer loop
      vertex  1.615990e+001 -1.262437e+001 -1.199901e+001
      vertex  1.249499e+001 -8.959456e+000 -1.571755e+001
      vertex  1.019913e+001 -6.663594e+000 -1.222039e+001
    endloop
  endfacet
  facet normal  7.071068e-001  7.071068e-001 -5.761919e-008
    outer loop
      vertex  1.615990e+001 -1.262437e+001 -1.199901e+001
      vertex  1.019913e+001 -6.663594e+000 -1.222039e+001
      vertex  1.009781e+001 -6.562275e+000 -1.197873e+001
    endloop
  endfacet
  facet normal  7.071069e-001  7.071067e-001  5.984767e-005
    outer loop
      vertex  1.615990e+001 -1.262437e+001 -1.199901e+001
      vertex  1.009781e+001 -6.562275e+000 -1.197873e+001
      vertex  1.601942e+001 -1.248389e+001 -1.199111e+001
    endloop
  endfacet
  facet normal  7.071044e-001  7.071093e-001  1.050950e-006
    outer loop
      vertex  1.444573e+001 -1.091020e+001 -2.123874e+001
      vertex  1.630049e+001 -1.276495e+001 -1.199901e+001
      vertex  1.644097e+001 -1.290543e+001 -1.199111e+001
    endloop
  endfacet
  facet normal  7.071043e-001  7.071093e-001  1.049937e-006
    outer loop
      vertex  1.444573e+001 -1.091020e+001 -2.123874e+001
      vertex  1.644097e+001 -1.290543e+001 -1.199111e+001
      vertex  1.658111e+001 -1.304558e+001 -1.197531e+001
    endloop
  endfacet
  facet normal  7.071068e-001  7.071068e-001 -8.479924e-008
    outer loop
      vertex  1.444573e+001 -1.091020e+001 -2.123874e+001
      vertex  1.658111e+001 -1.304558e+001 -1.197531e+001
      vertex  1.672070e+001 -1.318516e+001 -1.195165e+001
    endloop
  endfacet
  facet normal  7.071068e-001  7.071068e-001 -6.923371e-008
    outer loop
      vertex  1.444573e+001 -1.091020e+001 -2.123874e+001
      vertex  1.672070e+001 -1.318516e+001 -1.195165e+001
      vertex  1.685951e+001 -1.332398e+001 -1.192015e+001
    endloop
  endfacet
  facet normal  7.071094e-001  7.071041e-001 -1.435047e-006
    outer loop
      vertex  1.444573e+001 -1.091020e+001 -2.123874e+001
      vertex  1.685951e+001 -1.332398e+001 -1.192015e+001
      vertex  1.699733e+001 -1.346180e+001 -1.188088e+001
    endloop
  endfacet
  facet normal  7.071068e-001  7.071068e-001  0.000000e+000
    outer loop
      vertex  1.444573e+001 -1.091020e+001 -2.123874e+001
      vertex  1.699733e+001 -1.346180e+001 -1.188088e+001
      vertex  1.713394e+001 -1.359840e+001 -1.183389e+001
    endloop
  endfacet
  facet normal  7.071068e-001  7.071068e-001  0.000000e+000
    outer loop
      vertex  1.444573e+001 -1.091020e+001 -2.123874e+001
      vertex  1.713394e+001 -1.359840e+001 -1.183389e+001
      vertex  1.704474e+001 -1.350921e+001 -4.232681e+001
    endloop
  endfacet
  facet normal  7.071068e-001  7.071068e-001  0.000000e+000
    outer loop
      vertex  1.704474e+001 -1.350921e+001 -4.232681e+001
      vertex  1.713394e+001 -1.359840e+001 -1.183389e+001
      vertex  1.726911e+001 -1.373358e+001 -1.177926e+001
    endloop
  endfacet
  facet normal  7.071068e-001  7.071068e-001  0.000000e+000
    outer loop
      vertex  1.704474e+001 -1.350921e+001 -4.232681e+001
      vertex  1.726911e+001 -1.373358e+001 -1.177926e+001
      vertex  1.740265e+001 -1.386711e+001 -1.171707e+001
    endloop
  endfacet
  facet normal  7.071094e-001  7.071043e-001 -5.984134e-008
    outer loop
      vertex  1.704474e+001 -1.350921e+001 -4.232681e+001
      vertex  1.740265e+001 -1.386711e+001 -1.171707e+001
      vertex  1.753432e+001 -1.399879e+001 -1.164742e+001
    endloop
  endfacet
  facet normal  7.071041e-001  7.071095e-001  1.056646e-007
    outer loop
      vertex  1.704474e+001 -1.350921e+001 -4.232681e+001
      vertex  1.753432e+001 -1.399879e+001 -1.164742e+001
      vertex  1.766394e+001 -1.412841e+001 -1.157042e+001
    endloop
  endfacet
  facet normal  7.071041e-001  7.071095e-001  1.076924e-007
    outer loop
      vertex  1.704474e+001 -1.350921e+001 -4.232681e+001
      vertex  1.766394e+001 -1.412841e+001 -1.157042e+001
      vertex  1.779129e+001 -1.425576e+001 -1.148619e+001
    endloop
  endfacet
  facet normal  7.071095e-001  7.071040e-001 -1.545720e-007
    outer loop
      vertex  1.704474e+001 -1.350921e+001 -4.232681e+001
      vertex  1.779129e+001 -1.425576e+001 -1.148619e+001
      vertex  1.791618e+001 -1.438064e+001 -1.139488e+001
    endloop
  endfacet
  facet normal  7.071097e-001  7.071040e-001 -1.597018e-007
    outer loop
      vertex  1.704474e+001 -1.350921e+001 -4.232681e+001
      vertex  1.791618e+001 -1.438064e+001 -1.139488e+001
      vertex  1.803839e+001 -1.450286e+001 -1.129661e+001
    endloop
  endfacet
  facet normal  7.071038e-001  7.071097e-001  2.093117e-007
    outer loop
      vertex  1.704474e+001 -1.350921e+001 -4.232681e+001
      vertex  1.803839e+001 -1.450286e+001 -1.129661e+001
      vertex  1.815775e+001 -1.462222e+001 -1.119155e+001
    endloop
  endfacet
  facet normal  7.071098e-001  7.071038e-001 -2.139287e-007
    outer loop
      vertex  1.704474e+001 -1.350921e+001 -4.232681e+001
      vertex  1.815775e+001 -1.462222e+001 -1.119155e+001
      vertex  1.827406e+001 -1.473852e+001 -1.107986e+001
    endloop
  endfacet
  facet normal  7.071005e-001  7.071130e-001  5.100243e-007
    outer loop
      vertex  1.704474e+001 -1.350921e+001 -4.232681e+001
      vertex  1.827406e+001 -1.473852e+001 -1.107986e+001
      vertex  1.838714e+001 -1.485160e+001 -1.096172e+001
    endloop
  endfacet
  facet normal  7.071067e-001  7.071067e-001 -2.253697e-008
    outer loop
      vertex  1.704474e+001 -1.350921e+001 -4.232681e+001
      vertex  1.838714e+001 -1.485160e+001 -1.096172e+001
      vertex  1.849680e+001 -1.496127e+001 -1.083731e+001
    endloop
  endfacet
  facet normal  7.071068e-001  7.071068e-001 -2.340716e-008
    outer loop
      vertex  1.704474e+001 -1.350921e+001 -4.232681e+001
      vertex  1.849680e+001 -1.496127e+001 -1.083731e+001
      vertex  1.860289e+001 -1.506735e+001 -1.070684e+001
    endloop
  endfacet
  facet normal  7.071068e-001  7.071068e-001 -2.091115e-008
    outer loop
      vertex  1.704474e+001 -1.350921e+001 -4.232681e+001
      vertex  1.860289e+001 -1.506735e+001 -1.070684e+001
      vertex  1.870522e+001 -1.516968e+001 -1.057051e+001
    endloop
  endfacet
  facet normal  7.071104e-001  7.071030e-001 -4.120417e-007
    outer loop
      vertex  1.704474e+001 -1.350921e+001 -4.232681e+001
      vertex  1.870522e+001 -1.516968e+001 -1.057051e+001
      vertex  1.880363e+001 -1.526810e+001 -1.042853e+001
    endloop
  endfacet
  facet normal  7.071030e-001  7.071107e-001  4.290860e-007
    outer loop
      vertex  1.704474e+001 -1.350921e+001 -4.232681e+001
      vertex  1.880363e+001 -1.526810e+001 -1.042853e+001
      vertex  1.889798e+001 -1.536245e+001 -1.028113e+001
    endloop
  endfacet
  facet normal  7.071110e-001  7.071026e-001 -5.055027e-007
    outer loop
      vertex  1.704474e+001 -1.350921e+001 -4.232681e+001
      vertex  1.889798e+001 -1.536245e+001 -1.028113e+001
      vertex  1.898811e+001 -1.545258e+001 -1.012854e+001
    endloop
  endfacet
  facet normal  7.071068e-001  7.071068e-001  0.000000e+000
    outer loop
      vertex  1.704474e+001 -1.350921e+001 -4.232681e+001
      vertex  1.898811e+001 -1.545258e+001 -1.012854e+001
      vertex  1.907388e+001 -1.553835e+001 -9.971005e+000
    endloop
  endfacet
  facet normal  7.071068e-001  7.071068e-001  0.000000e+000
    outer loop
      vertex  1.704474e+001 -1.350921e+001 -4.232681e+001
      vertex  1.907388e+001 -1.553835e+001 -9.971005e+000
      vertex  1.911355e+001 -1.557802e+001 -4.146827e+001
    endloop
  endfacet
  facet normal  7.071068e-001  7.071068e-001  0.000000e+000
    outer loop
      vertex  1.704474e+001 -1.350921e+001 -4.232681e+001
      vertex  1.911355e+001 -1.557802e+001 -4.146827e+001
      vertex  1.911634e+001 -1.558081e+001 -4.159385e+001
    endloop
  endfacet
  facet normal  7.071058e-001  7.071077e-001  5.263340e-006
    outer loop
      vertex  1.704474e+001 -1.350921e+001 -4.232681e+001
      vertex  1.911634e+001 -1.558081e+001 -4.159385e+001
      vertex  1.912471e+001 -1.558917e+001 -4.171894e+001
    endloop
  endfacet
  facet normal  7.071074e-001  7.071061e-001 -5.296762e-006
    outer loop
      vertex  1.704474e+001 -1.350921e+001 -4.232681e+001
      vertex  1.912471e+001 -1.558917e+001 -4.171894e+001
      vertex  1.913860e+001 -1.560307e+001 -4.184303e+001
    endloop
  endfacet
  facet normal  7.071068e-001  7.071068e-001  0.000000e+000
    outer loop
      vertex  1.704474e+001 -1.350921e+001 -4.232681e+001
      vertex  1.913860e+001 -1.560307e+001 -4.184303e+001
      vertex  1.915798e+001 -1.562245e+001 -4.196565e+001
    endloop
  endfacet
  facet normal  7.071072e-001  7.071063e-001 -5.389788e-006
    outer loop
      vertex  1.704474e+001 -1.350921e+001 -4.232681e+001
      vertex  1.915798e+001 -1.562245e+001 -4.196565e+001
      vertex  1.918277e+001 -1.564724e+001 -4.208630e+001
    endloop
  endfacet
  facet normal  7.071069e-001  7.071066e-001  8.105479e-008
    outer loop
      vertex  1.704474e+001 -1.350921e+001 -4.232681e+001
      vertex  1.918277e+001 -1.564724e+001 -4.208630e+001
      vertex  1.921286e+001 -1.567733e+001 -4.220452e+001
    endloop
  endfacet
  facet normal  7.071069e-001  7.071066e-001  8.286381e-008
    outer loop
      vertex  1.704474e+001 -1.350921e+001 -4.232681e+001
      vertex  1.921286e+001 -1.567733e+001 -4.220452e+001
      vertex  1.924815e+001 -1.571262e+001 -4.231983e+001
    endloop
  endfacet
  facet normal  7.071069e-001  7.071066e-001  6.122708e-006
    outer loop
      vertex  1.704474e+001 -1.350921e+001 -4.232681e+001
      vertex  1.924815e+001 -1.571262e+001 -4.231983e+001
      vertex  1.928848e+001 -1.575295e+001 -4.243178e+001
    endloop
  endfacet
  facet normal  7.071068e-001  7.071068e-001  0.000000e+000
    outer loop
      vertex  1.704474e+001 -1.350921e+001 -4.232681e+001
      vertex  1.928848e+001 -1.575295e+001 -4.243178e+001
      vertex  1.933371e+001 -1.579817e+001 -4.253992e+001
    endloop
  endfacet
  facet normal  7.071066e-001  7.071069e-001 -3.052907e-006
    outer loop
      vertex  1.704474e+001 -1.350921e+001 -4.232681e+001
      vertex  1.933371e+001 -1.579817e+001 -4.253992e+001
      vertex  1.707169e+001 -1.353615e+001 -4.252232e+001
    endloop
  endfacet
  facet normal  7.071109e-001  7.071027e-001  2.239054e-008
    outer loop
      vertex  1.907388e+001 -1.553835e+001 -9.971005e+000
      vertex  1.915516e+001 -1.561962e+001 -9.808772e+000
      vertex  1.915798e+001 -1.562245e+001 -4.097089e+001
    endloop
  endfacet
  facet normal  7.071067e-001  7.071067e-001  0.000000e+000
    outer loop
      vertex  1.907388e+001 -1.553835e+001 -9.971005e+000
      vertex  1.915798e+001 -1.562245e+001 -4.097089e+001
      vertex  1.913860e+001 -1.560307e+001 -4.109351e+001
    endloop
  endfacet
  facet normal  7.071306e-001  7.070830e-001  9.912458e-008
    outer loop
      vertex  1.907388e+001 -1.553835e+001 -9.971005e+000
      vertex  1.913860e+001 -1.560307e+001 -4.109351e+001
      vertex  1.912471e+001 -1.558917e+001 -4.121761e+001
    endloop
  endfacet
  facet normal  7.070673e-001  7.071463e-001 -1.069653e-007
    outer loop
      vertex  1.907388e+001 -1.553835e+001 -9.971005e+000
      vertex  1.912471e+001 -1.558917e+001 -4.121761e+001
      vertex  1.911634e+001 -1.558081e+001 -4.134269e+001
    endloop
  endfacet
  facet normal  7.071068e-001  7.071068e-001  0.000000e+000
    outer loop
      vertex  1.907388e+001 -1.553835e+001 -9.971005e+000
      vertex  1.911634e+001 -1.558081e+001 -4.134269e+001
      vertex  1.911355e+001 -1.557802e+001 -4.146827e+001
    endloop
  endfacet
  facet normal  7.071068e-001  7.071068e-001  0.000000e+000
    outer loop
      vertex  1.969607e+001 -1.616054e+001 -7.987637e+000
      vertex  2.052777e+001 -1.699223e+001 -3.946827e+001
      vertex  2.043897e+001 -1.690343e+001 -3.947222e+001
    endloop
  endfacet
  facet normal  7.071068e-001  7.071068e-001  0.000000e+000
    outer loop
      vertex  1.969607e+001 -1.616054e+001 -7.987637e+000
      vertex  2.043897e+001 -1.690343e+001 -3.947222e+001
      vertex  2.035052e+001 -1.681499e+001 -3.948404e+001
    endloop
  endfacet
  facet normal  7.071068e-001  7.071068e-001  0.000000e+000
    outer loop
      vertex  1.969607e+001 -1.616054e+001 -7.987637e+000
      vertex  2.035052e+001 -1.681499e+001 -3.948404e+001
      vertex  2.026277e+001 -1.672724e+001 -3.950370e+001
    endloop
  endfacet
  facet normal  7.071068e-001  7.071068e-001  0.000000e+000
    outer loop
      vertex  1.969607e+001 -1.616054e+001 -7.987637e+000
      vertex  2.026277e+001 -1.672724e+001 -3.950370e+001
      vertex  2.017607e+001 -1.664053e+001 -3.953111e+001
    endloop
  endfacet
  facet normal  7.071068e-001  7.071068e-001  0.000000e+000
    outer loop
      vertex  1.969607e+001 -1.616054e+001 -7.987637e+000
      vertex  2.017607e+001 -1.664053e+001 -3.953111e+001
      vertex  2.009075e+001 -1.655522e+001 -3.956616e+001
    endloop
  endfacet
  facet normal  7.071068e-001  7.071068e-001  0.000000e+000
    outer loop
      vertex  1.969607e+001 -1.616054e+001 -7.987637e+000
      vertex  2.009075e+001 -1.655522e+001 -3.956616e+001
      vertex  2.000716e+001 -1.647163e+001 -3.960872e+001
    endloop
  endfacet
  facet normal  7.071068e-001  7.071068e-001  0.000000e+000
    outer loop
      vertex  1.969607e+001 -1.616054e+001 -7.987637e+000
      vertex  2.000716e+001 -1.647163e+001 -3.960872e+001
      vertex  1.992562e+001 -1.639009e+001 -3.965862e+001
    endloop
  endfacet
  facet normal  7.071068e-001  7.071068e-001  0.000000e+000
    outer loop
      vertex  1.969607e+001 -1.616054e+001 -7.987637e+000
      vertex  1.992562e+001 -1.639009e+001 -3.965862e+001
      vertex  1.984646e+001 -1.631093e+001 -3.971566e+001
    endloop
  endfacet
  facet normal  7.071068e-001  7.071068e-001  0.000000e+000
    outer loop
      vertex  1.969607e+001 -1.616054e+001 -7.987637e+000
      vertex  1.984646e+001 -1.631093e+001 -3.971566e+001
      vertex  1.976999e+001 -1.623446e+001 -3.977962e+001
    endloop
  endfacet
  facet normal  7.071068e-001  7.071068e-001  0.000000e+000
    outer loop
      vertex  1.969607e+001 -1.616054e+001 -7.987637e+000
      vertex  1.976999e+001 -1.623446e+001 -3.977962e+001
      vertex  1.969651e+001 -1.616098e+001 -3.985024e+001
    endloop
  endfacet
  facet normal  7.071068e-001  7.071068e-001  0.000000e+000
    outer loop
      vertex  1.969607e+001 -1.616054e+001 -7.987637e+000
      vertex  1.969651e+001 -1.616098e+001 -3.985024e+001
      vertex  1.962631e+001 -1.609078e+001 -3.992725e+001
    endloop
  endfacet
  facet normal  7.071068e-001  7.071068e-001  0.000000e+000
    outer loop
      vertex  1.969607e+001 -1.616054e+001 -7.987637e+000
      vertex  1.962631e+001 -1.609078e+001 -3.992725e+001
      vertex  1.966556e+001 -1.613003e+001 -8.181723e+000
    endloop
  endfacet
  facet normal  7.071068e-001  7.071068e-001  0.000000e+000
    outer loop
      vertex  2.055696e+001 -1.702142e+001  3.314810e+000
      vertex  2.059358e+001 -1.705805e+001  3.041713e+000
      vertex  2.242374e+001 -1.888821e+001 -1.182492e+001
    endloop
  endfacet
  facet normal  7.071068e-001  7.071068e-001  0.000000e+000
    outer loop
      vertex  2.055696e+001 -1.702142e+001  3.314810e+000
      vertex  2.242374e+001 -1.888821e+001 -1.182492e+001
      vertex  2.232566e+001 -1.879013e+001 -1.206859e+001
    endloop
  endfacet
  facet normal  7.071068e-001  7.071068e-001  0.000000e+000
    outer loop
      vertex  2.055696e+001 -1.702142e+001  3.314810e+000
      vertex  2.232566e+001 -1.879013e+001 -1.206859e+001
      vertex  2.222279e+001 -1.868725e+001 -1.230827e+001
    endloop
  endfacet
  facet normal  7.071068e-001  7.071068e-001  0.000000e+000
    outer loop
      vertex  2.055696e+001 -1.702142e+001  3.314810e+000
      vertex  2.222279e+001 -1.868725e+001 -1.230827e+001
      vertex  2.212691e+001 -1.859138e+001 -1.253218e+001
    endloop
  endfacet
  facet normal  7.071068e-001  7.071068e-001  0.000000e+000
    outer loop
      vertex  2.055696e+001 -1.702142e+001  3.314810e+000
      vertex  2.212691e+001 -1.859138e+001 -1.253218e+001
      vertex  2.203586e+001 -1.850033e+001 -1.276010e+001
    endloop
  endfacet
  facet normal  7.071068e-001  7.071068e-001  0.000000e+000
    outer loop
      vertex  2.055696e+001 -1.702142e+001  3.314810e+000
      vertex  2.203586e+001 -1.850033e+001 -1.276010e+001
      vertex  2.194972e+001 -1.841419e+001 -1.299179e+001
    endloop
  endfacet
  facet normal  7.071068e-001  7.071068e-001  0.000000e+000
    outer loop
      vertex  2.055696e+001 -1.702142e+001  3.314810e+000
      vertex  2.194972e+001 -1.841419e+001 -1.299179e+001
      vertex  2.186857e+001 -1.833304e+001 -1.322706e+001
    endloop
  endfacet
  facet normal  7.071068e-001  7.071068e-001  0.000000e+000
    outer loop
      vertex  2.055696e+001 -1.702142e+001  3.314810e+000
      vertex  2.186857e+001 -1.833304e+001 -1.322706e+001
      vertex  2.179249e+001 -1.825695e+001 -1.346570e+001
    endloop
  endfacet
  facet normal  7.071068e-001  7.071068e-001  0.000000e+000
    outer loop
      vertex  2.055696e+001 -1.702142e+001  3.314810e+000
      vertex  2.179249e+001 -1.825695e+001 -1.346570e+001
      vertex  2.172153e+001 -1.818600e+001 -1.370747e+001
    endloop
  endfacet
  facet normal  7.071068e-001  7.071068e-001  0.000000e+000
    outer loop
      vertex  2.055696e+001 -1.702142e+001  3.314810e+000
      vertex  2.172153e+001 -1.818600e+001 -1.370747e+001
      vertex  2.165577e+001 -1.812024e+001 -1.395216e+001
    endloop
  endfacet
  facet normal  7.071068e-001  7.071068e-001  0.000000e+000
    outer loop
      vertex  2.055696e+001 -1.702142e+001  3.314810e+000
      vertex  2.165577e+001 -1.812024e+001 -1.395216e+001
      vertex  2.159527e+001 -1.805973e+001 -1.419955e+001
    endloop
  endfacet
  facet normal  7.071068e-001  7.071068e-001  0.000000e+000
    outer loop
      vertex  2.055696e+001 -1.702142e+001  3.314810e+000
      vertex  2.159527e+001 -1.805973e+001 -1.419955e+001
      vertex  2.154008e+001 -1.800454e+001 -1.444941e+001
    endloop
  endfacet
  facet normal  7.071068e-001  7.071068e-001  0.000000e+000
    outer loop
      vertex  2.055696e+001 -1.702142e+001  3.314810e+000
      vertex  2.154008e+001 -1.800454e+001 -1.444941e+001
      vertex  2.149025e+001 -1.795471e+001 -1.470152e+001
    endloop
  endfacet
  facet normal  7.071067e-001  7.071067e-001  0.000000e+000
    outer loop
      vertex  2.055696e+001 -1.702142e+001  3.314810e+000
      vertex  2.149025e+001 -1.795471e+001 -1.470152e+001
      vertex  2.144583e+001 -1.791029e+001 -1.495564e+001
    endloop
  endfacet
  facet normal  7.071068e-001  7.071068e-001  0.000000e+000
    outer loop
      vertex  2.055696e+001 -1.702142e+001  3.314810e+000
      vertex  2.144583e+001 -1.791029e+001 -1.495564e+001
      vertex  2.140685e+001 -1.787132e+001 -1.521154e+001
    endloop
  endfacet
  facet normal  7.071068e-001  7.071068e-001  0.000000e+000
    outer loop
      vertex  2.055696e+001 -1.702142e+001  3.314810e+000
      vertex  2.140685e+001 -1.787132e+001 -1.521154e+001
      vertex  2.137336e+001 -1.783783e+001 -1.546899e+001
    endloop
  endfacet
  facet normal  7.071068e-001  7.071068e-001  0.000000e+000
    outer loop
      vertex  2.055696e+001 -1.702142e+001  3.314810e+000
      vertex  2.137336e+001 -1.783783e+001 -1.546899e+001
      vertex  2.134539e+001 -1.780985e+001 -1.572775e+001
    endloop
  endfacet
  facet normal  7.071068e-001  7.071068e-001  0.000000e+000
    outer loop
      vertex  2.055696e+001 -1.702142e+001  3.314810e+000
      vertex  2.134539e+001 -1.780985e+001 -1.572775e+001
      vertex  2.132295e+001 -1.778742e+001 -1.598759e+001
    endloop
  endfacet
  facet normal  7.071068e-001  7.071068e-001  0.000000e+000
    outer loop
      vertex  2.055696e+001 -1.702142e+001  3.314810e+000
      vertex  2.132295e+001 -1.778742e+001 -1.598759e+001
      vertex  2.130608e+001 -1.777054e+001 -1.624827e+001
    endloop
  endfacet
  facet normal  7.071068e-001  7.071068e-001  0.000000e+000
    outer loop
      vertex  2.055696e+001 -1.702142e+001  3.314810e+000
      vertex  2.130608e+001 -1.777054e+001 -1.624827e+001
      vertex  2.129478e+001 -1.775924e+001 -1.650955e+001
    endloop
  endfacet
  facet normal  7.071068e-001  7.071068e-001  0.000000e+000
    outer loop
      vertex  2.055696e+001 -1.702142e+001  3.314810e+000
      vertex  2.129478e+001 -1.775924e+001 -1.650955e+001
      vertex  2.128907e+001 -1.775353e+001 -1.677120e+001
    endloop
  endfacet
  facet normal  7.071068e-001  7.071068e-001  0.000000e+000
    outer loop
      vertex  2.055696e+001 -1.702142e+001  3.314810e+000
      vertex  2.128907e+001 -1.775353e+001 -1.677120e+001
      vertex  2.128894e+001 -1.775341e+001 -1.703297e+001
    endloop
  endfacet
  facet normal  7.071068e-001  7.071068e-001  0.000000e+000
    outer loop
      vertex  2.052571e+001 -1.699018e+001  3.589242e+000
      vertex  1.975455e+001 -1.621902e+001 -7.397251e+000
      vertex  1.976293e+001 -1.622740e+001 -7.198782e+000
    endloop
  endfacet
  facet normal  7.071067e-001  7.071067e-001  0.000000e+000
    outer loop
      vertex  2.052571e+001 -1.699018e+001  3.589242e+000
      vertex  1.976293e+001 -1.622740e+001 -7.198782e+000
      vertex  1.976573e+001 -1.623019e+001 -7.000000e+000
    endloop
  endfacet
  facet normal  7.071068e-001  7.071068e-001  0.000000e+000
    outer loop
      vertex  2.052571e+001 -1.699018e+001  3.589242e+000
      vertex  1.976573e+001 -1.623019e+001 -7.000000e+000
      vertex  1.976293e+001 -1.622740e+001 -6.801218e+000
    endloop
  endfacet
  facet normal  7.071068e-001  7.071068e-001  0.000000e+000
    outer loop
      vertex  2.052571e+001 -1.699018e+001  3.589242e+000
      vertex  1.976293e+001 -1.622740e+001 -6.801218e+000
      vertex  1.975455e+001 -1.621902e+001 -6.602749e+000
    endloop
  endfacet
  facet normal  7.071067e-001  7.071067e-001  0.000000e+000
    outer loop
      vertex  2.052571e+001 -1.699018e+001  3.589242e+000
      vertex  1.975455e+001 -1.621902e+001 -6.602749e+000
      vertex  1.974060e+001 -1.620506e+001 -6.404909e+000
    endloop
  endfacet
  facet normal  7.071068e-001  7.071068e-001  0.000000e+000
    outer loop
      vertex  2.052571e+001 -1.699018e+001  3.589242e+000
      vertex  1.974060e+001 -1.620506e+001 -6.404909e+000
      vertex  1.972109e+001 -1.618556e+001 -6.208010e+000
    endloop
  endfacet
  facet normal  7.071068e-001  7.071068e-001  0.000000e+000
    outer loop
      vertex  2.052571e+001 -1.699018e+001  3.589242e+000
      vertex  1.972109e+001 -1.618556e+001 -6.208010e+000
      vertex  1.969607e+001 -1.616054e+001 -6.012363e+000
    endloop
  endfacet
  facet normal  7.071068e-001  7.071068e-001  0.000000e+000
    outer loop
      vertex  1.000133e+001 -6.465796e+000 -1.173313e+001
      vertex  1.505774e+001 -1.152221e+001 -1.171707e+001
      vertex  1.519128e+001 -1.165574e+001 -1.177926e+001
    endloop
  endfacet
  facet normal  7.071068e-001  7.071068e-001  0.000000e+000
    outer loop
      vertex  1.000133e+001 -6.465796e+000 -1.173313e+001
      vertex  1.519128e+001 -1.165574e+001 -1.177926e+001
      vertex  1.532645e+001 -1.179092e+001 -1.183389e+001
    endloop
  endfacet
  facet normal  7.071068e-001  7.071068e-001  0.000000e+000
    outer loop
      vertex  1.000133e+001 -6.465796e+000 -1.173313e+001
      vertex  1.532645e+001 -1.179092e+001 -1.183389e+001
      vertex  1.546306e+001 -1.192752e+001 -1.188088e+001
    endloop
  endfacet
  facet normal  7.071068e-001  7.071068e-001  0.000000e+000
    outer loop
      vertex  1.000133e+001 -6.465796e+000 -1.173313e+001
      vertex  1.546306e+001 -1.192752e+001 -1.188088e+001
      vertex  1.560088e+001 -1.206534e+001 -1.192015e+001
    endloop
  endfacet
  facet normal  7.071068e-001  7.071068e-001  0.000000e+000
    outer loop
      vertex  1.000133e+001 -6.465796e+000 -1.173313e+001
      vertex  1.560088e+001 -1.206534e+001 -1.192015e+001
      vertex  1.573969e+001 -1.220416e+001 -1.195165e+001
    endloop
  endfacet
  facet normal  7.071068e-001  7.071068e-001  0.000000e+000
    outer loop
      vertex  1.000133e+001 -6.465796e+000 -1.173313e+001
      vertex  1.573969e+001 -1.220416e+001 -1.195165e+001
      vertex  1.587928e+001 -1.234375e+001 -1.197531e+001
    endloop
  endfacet
  facet normal  7.071068e-001  7.071068e-001  0.000000e+000
    outer loop
      vertex  1.000133e+001 -6.465796e+000 -1.173313e+001
      vertex  1.587928e+001 -1.234375e+001 -1.197531e+001
      vertex  1.009781e+001 -6.562275e+000 -1.197873e+001
    endloop
  endfacet
  facet normal  7.071068e-001  7.071068e-001  2.679704e-006
    outer loop
      vertex  9.909769e+000 -6.374235e+000 -1.148380e+001
      vertex  9.823195e+000 -6.287662e+000 -1.123093e+001
      vertex  1.454421e+001 -1.100868e+001 -1.139488e+001
    endloop
  endfacet
  facet normal  7.071068e-001  7.071068e-001  9.704145e-008
    outer loop
      vertex  9.909769e+000 -6.374235e+000 -1.148380e+001
      vertex  1.454421e+001 -1.100868e+001 -1.139488e+001
      vertex  1.466910e+001 -1.113356e+001 -1.148619e+001
    endloop
  endfacet
  facet normal  7.071069e-001  7.071068e-001  1.052231e-007
    outer loop
      vertex  9.909769e+000 -6.374235e+000 -1.148380e+001
      vertex  1.466910e+001 -1.113356e+001 -1.148619e+001
      vertex  1.479645e+001 -1.126091e+001 -1.157042e+001
    endloop
  endfacet
  facet normal  7.071068e-001  7.071067e-001  1.154596e-007
    outer loop
      vertex  9.909769e+000 -6.374235e+000 -1.148380e+001
      vertex  1.479645e+001 -1.126091e+001 -1.157042e+001
      vertex  1.492606e+001 -1.139053e+001 -1.164742e+001
    endloop
  endfacet
  facet normal  7.071068e-001  7.071067e-001  1.285599e-007
    outer loop
      vertex  9.909769e+000 -6.374235e+000 -1.148380e+001
      vertex  1.492606e+001 -1.139053e+001 -1.164742e+001
      vertex  1.505774e+001 -1.152221e+001 -1.171707e+001
    endloop
  endfacet
  facet normal  7.071068e-001  7.071068e-001 -1.068536e-006
    outer loop
      vertex  9.909769e+000 -6.374235e+000 -1.148380e+001
      vertex  1.505774e+001 -1.152221e+001 -1.171707e+001
      vertex  1.000133e+001 -6.465796e+000 -1.173313e+001
    endloop
  endfacet
  facet normal  7.071068e-001  7.071068e-001  0.000000e+000
    outer loop
      vertex  9.815036e+000 -6.279502e+000 -2.793875e+000
      vertex  9.901119e+000 -6.365585e+000 -2.540670e+000
      vertex  1.442200e+001 -1.088646e+001 -2.703392e+000
    endloop
  endfacet
  facet normal  7.071068e-001  7.071068e-001  0.000000e+000
    outer loop
      vertex  9.815036e+000 -6.279502e+000 -2.793875e+000
      vertex  1.442200e+001 -1.088646e+001 -2.703392e+000
      vertex  1.430264e+001 -1.076711e+001 -2.808453e+000
    endloop
  endfacet
  facet normal  7.071068e-001  7.071068e-001  0.000000e+000
    outer loop
      vertex  9.815036e+000 -6.279502e+000 -2.793875e+000
      vertex  1.430264e+001 -1.076711e+001 -2.808453e+000
      vertex  1.418633e+001 -1.065080e+001 -2.920142e+000
    endloop
  endfacet
  facet normal  7.071068e-001  7.071068e-001  0.000000e+000
    outer loop
      vertex  9.815036e+000 -6.279502e+000 -2.793875e+000
      vertex  1.418633e+001 -1.065080e+001 -2.920142e+000
      vertex  1.407325e+001 -1.053772e+001 -3.038282e+000
    endloop
  endfacet
  facet normal  7.071068e-001  7.071067e-001  1.212706e-006
    outer loop
      vertex  9.815036e+000 -6.279502e+000 -2.793875e+000
      vertex  1.407325e+001 -1.053772e+001 -3.038282e+000
      vertex  9.734016e+000 -6.198482e+000 -3.050400e+000
    endloop
  endfacet
  facet normal  7.071067e-001  7.071068e-001  1.198197e-007
    outer loop
      vertex  9.992198e+000 -6.456665e+000 -2.290986e+000
      vertex  1.505774e+001 -1.152221e+001 -2.282933e+000
      vertex  1.492606e+001 -1.139053e+001 -2.352583e+000
    endloop
  endfacet
  facet normal  7.071068e-001  7.071068e-001  1.086590e-007
    outer loop
      vertex  9.992198e+000 -6.456665e+000 -2.290986e+000
      vertex  1.492606e+001 -1.139053e+001 -2.352583e+000
      vertex  1.479645e+001 -1.126091e+001 -2.429581e+000
    endloop
  endfacet
  facet normal  7.071067e-001  7.071068e-001  9.980628e-008
    outer loop
      vertex  9.992198e+000 -6.456665e+000 -2.290986e+000
      vertex  1.479645e+001 -1.126091e+001 -2.429581e+000
      vertex  1.466910e+001 -1.113356e+001 -2.513806e+000
    endloop
  endfacet
  facet normal  7.071068e-001  7.071068e-001  1.135226e-006
    outer loop
      vertex  9.992198e+000 -6.456665e+000 -2.290986e+000
      vertex  1.466910e+001 -1.113356e+001 -2.513806e+000
      vertex  9.901119e+000 -6.365585e+000 -2.540670e+000
    endloop
  endfacet
  facet normal  7.071068e-001  7.071068e-001  0.000000e+000
    outer loop
      vertex  1.008820e+001 -6.552668e+000 -2.045018e+000
      vertex  1.018905e+001 -6.653519e+000 -1.802961e+000
      vertex  1.587928e+001 -1.234375e+001 -2.024689e+000
    endloop
  endfacet
  facet normal  7.071068e-001  7.071068e-001  0.000000e+000
    outer loop
      vertex  1.008820e+001 -6.552668e+000 -2.045018e+000
      vertex  1.587928e+001 -1.234375e+001 -2.024689e+000
      vertex  1.573969e+001 -1.220416e+001 -2.048353e+000
    endloop
  endfacet
  facet normal  7.071068e-001  7.071068e-001  0.000000e+000
    outer loop
      vertex  1.008820e+001 -6.552668e+000 -2.045018e+000
      vertex  1.573969e+001 -1.220416e+001 -2.048353e+000
      vertex  1.560088e+001 -1.206534e+001 -2.079846e+000
    endloop
  endfacet
  facet normal  7.071068e-001  7.071068e-001  0.000000e+000
    outer loop
      vertex  1.008820e+001 -6.552668e+000 -2.045018e+000
      vertex  1.560088e+001 -1.206534e+001 -2.079846e+000
      vertex  1.546306e+001 -1.192752e+001 -2.119118e+000
    endloop
  endfacet
  facet normal  7.071068e-001  7.071068e-001  0.000000e+000
    outer loop
      vertex  1.008820e+001 -6.552668e+000 -2.045018e+000
      vertex  1.546306e+001 -1.192752e+001 -2.119118e+000
      vertex  1.532645e+001 -1.179092e+001 -2.166109e+000
    endloop
  endfacet
  facet normal  7.071068e-001  7.071068e-001  0.000000e+000
    outer loop
      vertex  1.008820e+001 -6.552668e+000 -2.045018e+000
      vertex  1.532645e+001 -1.179092e+001 -2.166109e+000
      vertex  1.519128e+001 -1.165574e+001 -2.220743e+000
    endloop
  endfacet
  facet normal  7.071068e-001  7.071068e-001  0.000000e+000
    outer loop
      vertex  1.008820e+001 -6.552668e+000 -2.045018e+000
      vertex  1.519128e+001 -1.165574e+001 -2.220743e+000
      vertex  1.505774e+001 -1.152221e+001 -2.282933e+000
    endloop
  endfacet
  facet normal  7.071067e-001  7.071068e-001 -1.083129e-006
    outer loop
      vertex  1.008820e+001 -6.552668e+000 -2.045018e+000
      vertex  1.505774e+001 -1.152221e+001 -2.282933e+000
      vertex  9.992198e+000 -6.456665e+000 -2.290986e+000
    endloop
  endfacet
  facet normal  7.071068e-001  7.071068e-001  0.000000e+000
    outer loop
      vertex  1.143952e+001 -7.903990e+000  3.656965e-001
      vertex  1.076311e+001 -7.227579e+000 -6.579150e-001
      vertex  1.089125e+001 -7.355718e+000 -4.432189e-001
    endloop
  endfacet
  facet normal  7.071239e-001  7.070895e-001 -2.360296e-005
    outer loop
      vertex  1.143952e+001 -7.903990e+000  3.656965e-001
      vertex  1.089125e+001 -7.355718e+000 -4.432189e-001
      vertex  1.102360e+001 -7.488070e+000 -2.336984e-001
    endloop
  endfacet
  facet normal  7.071505e-001  7.070631e-001 -5.713071e-005
    outer loop
      vertex  1.143952e+001 -7.903990e+000  3.656965e-001
      vertex  1.102360e+001 -7.488070e+000 -2.336984e-001
      vertex  1.130053e+001 -7.764997e+000  1.691590e-001
    endloop
  endfacet
  facet normal  7.071003e-001  7.071132e-001  7.817510e-006
    outer loop
      vertex  1.157460e+001 -8.039066e+000  5.676213e-001
      vertex  1.040498e+001 -6.869443e+000 -1.331342e+000
      vertex  1.051988e+001 -6.984346e+000 -1.102152e+000
    endloop
  endfacet
  facet normal  7.071133e-001  7.071003e-001 -8.444374e-006
    outer loop
      vertex  1.157460e+001 -8.039066e+000  5.676213e-001
      vertex  1.051988e+001 -6.984346e+000 -1.102152e+000
      vertex  1.063929e+001 -7.103756e+000 -8.776171e-001
    endloop
  endfacet
  facet normal  7.071068e-001  7.071068e-001  0.000000e+000
    outer loop
      vertex  1.157460e+001 -8.039066e+000  5.676213e-001
      vertex  1.063929e+001 -7.103756e+000 -8.776171e-001
      vertex  1.076311e+001 -7.227579e+000 -6.579150e-001
    endloop
  endfacet
  facet normal  7.071068e-001  7.071068e-001  0.000000e+000
    outer loop
      vertex  1.157460e+001 -8.039066e+000  5.676213e-001
      vertex  1.076311e+001 -7.227579e+000 -6.579150e-001
      vertex  1.143952e+001 -7.903990e+000  3.656965e-001
    endloop
  endfacet
  facet normal  7.071068e-001  7.071068e-001  0.000000e+000
    outer loop
      vertex  1.170566e+001 -8.170122e+000  7.747775e-001
      vertex  1.183259e+001 -8.297056e+000  9.870050e-001
      vertex  1.018905e+001 -6.653519e+000 -1.802961e+000
    endloop
  endfacet
  facet normal  7.071067e-001  7.071067e-001  0.000000e+000
    outer loop
      vertex  1.170566e+001 -8.170122e+000  7.747775e-001
      vertex  1.018905e+001 -6.653519e+000 -1.802961e+000
      vertex  1.029467e+001 -6.759138e+000 -1.565006e+000
    endloop
  endfacet
  facet normal  7.071068e-001  7.071068e-001  0.000000e+000
    outer loop
      vertex  1.170566e+001 -8.170122e+000  7.747775e-001
      vertex  1.029467e+001 -6.759138e+000 -1.565006e+000
      vertex  1.040498e+001 -6.869443e+000 -1.331342e+000
    endloop
  endfacet
  facet normal  7.071068e-001  7.071068e-001  0.000000e+000
    outer loop
      vertex  1.170566e+001 -8.170122e+000  7.747775e-001
      vertex  1.040498e+001 -6.869443e+000 -1.331342e+000
      vertex  1.157460e+001 -8.039066e+000  5.676213e-001
    endloop
  endfacet
  facet normal  7.071068e-001  7.071068e-001  0.000000e+000
    outer loop
      vertex  2.052777e+001 -1.699223e+001 -4.346827e+001
      vertex  2.061657e+001 -1.708103e+001 -4.346432e+001
      vertex  2.375713e+001 -2.022160e+001 -4.350357e+001
    endloop
  endfacet
  facet normal  7.071068e-001  7.071068e-001  0.000000e+000
    outer loop
      vertex  2.052777e+001 -1.699223e+001 -4.346827e+001
      vertex  2.375713e+001 -2.022160e+001 -4.350357e+001
      vertex  2.369725e+001 -2.016171e+001 -4.368386e+001
    endloop
  endfacet
  facet normal  7.071068e-001  7.071068e-001  0.000000e+000
    outer loop
      vertex  2.052777e+001 -1.699223e+001 -4.346827e+001
      vertex  2.369725e+001 -2.016171e+001 -4.368386e+001
      vertex  2.363233e+001 -2.009680e+001 -4.386063e+001
    endloop
  endfacet
  facet normal  7.071068e-001  7.071068e-001  0.000000e+000
    outer loop
      vertex  2.052777e+001 -1.699223e+001 -4.346827e+001
      vertex  2.363233e+001 -2.009680e+001 -4.386063e+001
      vertex  2.356249e+001 -2.002695e+001 -4.403361e+001
    endloop
  endfacet
  facet normal  7.071068e-001  7.071068e-001  0.000000e+000
    outer loop
      vertex  2.052777e+001 -1.699223e+001 -4.346827e+001
      vertex  2.356249e+001 -2.002695e+001 -4.403361e+001
      vertex  2.348783e+001 -1.995230e+001 -4.420251e+001
    endloop
  endfacet
  facet normal  7.071067e-001  7.071067e-001  0.000000e+000
    outer loop
      vertex  2.052777e+001 -1.699223e+001 -4.346827e+001
      vertex  2.348783e+001 -1.995230e+001 -4.420251e+001
      vertex  2.340847e+001 -1.987294e+001 -4.436708e+001
    endloop
  endfacet
  facet normal  7.071068e-001  7.071068e-001  0.000000e+000
    outer loop
      vertex  2.052777e+001 -1.699223e+001 -4.346827e+001
      vertex  2.340847e+001 -1.987294e+001 -4.436708e+001
      vertex  2.332454e+001 -1.978901e+001 -4.452704e+001
    endloop
  endfacet
  facet normal  7.071068e-001  7.071068e-001  0.000000e+000
    outer loop
      vertex  2.052777e+001 -1.699223e+001 -4.346827e+001
      vertex  2.332454e+001 -1.978901e+001 -4.452704e+001
      vertex  2.323618e+001 -1.970065e+001 -4.468215e+001
    endloop
  endfacet
  facet normal  7.071068e-001  7.071068e-001  0.000000e+000
    outer loop
      vertex  2.052777e+001 -1.699223e+001 -4.346827e+001
      vertex  2.323618e+001 -1.970065e+001 -4.468215e+001
      vertex  2.314351e+001 -1.960798e+001 -4.483216e+001
    endloop
  endfacet
  facet normal  7.071068e-001  7.071068e-001  0.000000e+000
    outer loop
      vertex  2.052777e+001 -1.699223e+001 -4.346827e+001
      vertex  2.314351e+001 -1.960798e+001 -4.483216e+001
      vertex  2.304670e+001 -1.951116e+001 -4.497683e+001
    endloop
  endfacet
  facet normal  7.071068e-001  7.071068e-001  0.000000e+000
    outer loop
      vertex  2.052777e+001 -1.699223e+001 -4.346827e+001
      vertex  2.304670e+001 -1.951116e+001 -4.497683e+001
      vertex  2.294588e+001 -1.941035e+001 -4.511593e+001
    endloop
  endfacet
  facet normal  7.071068e-001  7.071068e-001  0.000000e+000
    outer loop
      vertex  2.052777e+001 -1.699223e+001 -4.346827e+001
      vertex  2.294588e+001 -1.941035e+001 -4.511593e+001
      vertex  2.284123e+001 -1.930570e+001 -4.524925e+001
    endloop
  endfacet
  facet normal  7.071068e-001  7.071068e-001  0.000000e+000
    outer loop
      vertex  2.052777e+001 -1.699223e+001 -4.346827e+001
      vertex  2.284123e+001 -1.930570e+001 -4.524925e+001
      vertex  2.273291e+001 -1.919737e+001 -4.537656e+001
    endloop
  endfacet
  facet normal  7.071068e-001  7.071068e-001  0.000000e+000
    outer loop
      vertex  2.052777e+001 -1.699223e+001 -4.346827e+001
      vertex  2.273291e+001 -1.919737e+001 -4.537656e+001
      vertex  2.262108e+001 -1.908555e+001 -4.549767e+001
    endloop
  endfacet
  facet normal  7.071068e-001  7.071068e-001  0.000000e+000
    outer loop
      vertex  2.052777e+001 -1.699223e+001 -4.346827e+001
      vertex  2.262108e+001 -1.908555e+001 -4.549767e+001
      vertex  2.250594e+001 -1.897040e+001 -4.561238e+001
    endloop
  endfacet
  facet normal  7.071068e-001  7.071068e-001  0.000000e+000
    outer loop
      vertex  2.052777e+001 -1.699223e+001 -4.346827e+001
      vertex  2.250594e+001 -1.897040e+001 -4.561238e+001
      vertex  2.238765e+001 -1.885212e+001 -4.572052e+001
    endloop
  endfacet
  facet normal  7.071068e-001  7.071068e-001  0.000000e+000
    outer loop
      vertex  2.052777e+001 -1.699223e+001 -4.346827e+001
      vertex  2.238765e+001 -1.885212e+001 -4.572052e+001
      vertex  2.226642e+001 -1.873088e+001 -4.582191e+001
    endloop
  endfacet
  facet normal  7.071068e-001  7.071068e-001  0.000000e+000
    outer loop
      vertex  2.052777e+001 -1.699223e+001 -4.346827e+001
      vertex  2.226642e+001 -1.873088e+001 -4.582191e+001
      vertex  2.214242e+001 -1.860689e+001 -4.591639e+001
    endloop
  endfacet
  facet normal  7.071068e-001  7.071068e-001  0.000000e+000
    outer loop
      vertex  2.052777e+001 -1.699223e+001 -4.346827e+001
      vertex  2.214242e+001 -1.860689e+001 -4.591639e+001
      vertex  2.201586e+001 -1.848033e+001 -4.600381e+001
    endloop
  endfacet
  facet normal  7.071068e-001  7.071068e-001  0.000000e+000
    outer loop
      vertex  2.052777e+001 -1.699223e+001 -4.346827e+001
      vertex  2.201586e+001 -1.848033e+001 -4.600381e+001
      vertex  2.188694e+001 -1.835141e+001 -4.608404e+001
    endloop
  endfacet
  facet normal  7.071068e-001  7.071068e-001  0.000000e+000
    outer loop
      vertex  2.052777e+001 -1.699223e+001 -4.346827e+001
      vertex  2.188694e+001 -1.835141e+001 -4.608404e+001
      vertex  2.175586e+001 -1.822033e+001 -4.615694e+001
    endloop
  endfacet
  facet normal  7.071068e-001  7.071068e-001  0.000000e+000
    outer loop
      vertex  2.052777e+001 -1.699223e+001 -4.346827e+001
      vertex  2.175586e+001 -1.822033e+001 -4.615694e+001
      vertex  2.162284e+001 -1.808730e+001 -4.622239e+001
    endloop
  endfacet
  facet normal  7.071068e-001  7.071068e-001  0.000000e+000
    outer loop
      vertex  2.052777e+001 -1.699223e+001 -4.346827e+001
      vertex  2.162284e+001 -1.808730e+001 -4.622239e+001
      vertex  2.148807e+001 -1.795254e+001 -4.628030e+001
    endloop
  endfacet
  facet normal  7.071068e-001  7.071068e-001  0.000000e+000
    outer loop
      vertex  2.052777e+001 -1.699223e+001 -4.346827e+001
      vertex  2.148807e+001 -1.795254e+001 -4.628030e+001
      vertex  2.135178e+001 -1.781625e+001 -4.633057e+001
    endloop
  endfacet
  facet normal  7.071068e-001  7.071068e-001  0.000000e+000
    outer loop
      vertex  2.052777e+001 -1.699223e+001 -4.346827e+001
      vertex  2.135178e+001 -1.781625e+001 -4.633057e+001
      vertex  2.121419e+001 -1.767865e+001 -4.637313e+001
    endloop
  endfacet
  facet normal  7.071068e-001  7.071068e-001  0.000000e+000
    outer loop
      vertex  2.052777e+001 -1.699223e+001 -4.346827e+001
      vertex  2.121419e+001 -1.767865e+001 -4.637313e+001
      vertex  2.107550e+001 -1.753997e+001 -4.640791e+001
    endloop
  endfacet
  facet normal  7.071068e-001  7.071068e-001  0.000000e+000
    outer loop
      vertex  2.052777e+001 -1.699223e+001 -4.346827e+001
      vertex  2.107550e+001 -1.753997e+001 -4.640791e+001
      vertex  2.093595e+001 -1.740041e+001 -4.643484e+001
    endloop
  endfacet
  facet normal  7.071068e-001  7.071068e-001  0.000000e+000
    outer loop
      vertex  2.052777e+001 -1.699223e+001 -4.346827e+001
      vertex  2.093595e+001 -1.740041e+001 -4.643484e+001
      vertex  2.079574e+001 -1.726021e+001 -4.645389e+001
    endloop
  endfacet
  facet normal  7.071068e-001  7.071068e-001  0.000000e+000
    outer loop
      vertex  2.052777e+001 -1.699223e+001 -4.346827e+001
      vertex  2.079574e+001 -1.726021e+001 -4.645389e+001
      vertex  2.065512e+001 -1.711958e+001 -4.646503e+001
    endloop
  endfacet
  facet normal  7.071068e-001  7.071068e-001  0.000000e+000
    outer loop
      vertex  2.052777e+001 -1.699223e+001 -4.346827e+001
      vertex  2.065512e+001 -1.711958e+001 -4.646503e+001
      vertex  2.051429e+001 -1.697875e+001 -4.646824e+001
    endloop
  endfacet
  facet normal  7.071068e-001  7.071068e-001  0.000000e+000
    outer loop
      vertex  2.052777e+001 -1.699223e+001 -4.346827e+001
      vertex  2.051429e+001 -1.697875e+001 -4.646824e+001
      vertex  2.037348e+001 -1.683794e+001 -4.646351e+001
    endloop
  endfacet
  facet normal  7.071068e-001  7.071068e-001  0.000000e+000
    outer loop
      vertex  2.052777e+001 -1.699223e+001 -4.346827e+001
      vertex  2.037348e+001 -1.683794e+001 -4.646351e+001
      vertex  2.023291e+001 -1.669738e+001 -4.645086e+001
    endloop
  endfacet
  facet normal  7.071068e-001  7.071068e-001  0.000000e+000
    outer loop
      vertex  2.052777e+001 -1.699223e+001 -4.346827e+001
      vertex  2.023291e+001 -1.669738e+001 -4.645086e+001
      vertex  2.009282e+001 -1.655728e+001 -4.643029e+001
    endloop
  endfacet
  facet normal  7.071068e-001  7.071068e-001  0.000000e+000
    outer loop
      vertex  2.052777e+001 -1.699223e+001 -4.346827e+001
      vertex  2.009282e+001 -1.655728e+001 -4.643029e+001
      vertex  1.995341e+001 -1.641788e+001 -4.640186e+001
    endloop
  endfacet
  facet normal  7.071068e-001  7.071068e-001  0.000000e+000
    outer loop
      vertex  2.052777e+001 -1.699223e+001 -4.346827e+001
      vertex  1.995341e+001 -1.641788e+001 -4.640186e+001
      vertex  1.981492e+001 -1.627938e+001 -4.636559e+001
    endloop
  endfacet
  facet normal  7.071068e-001  7.071068e-001  0.000000e+000
    outer loop
      vertex  2.052777e+001 -1.699223e+001 -4.346827e+001
      vertex  1.981492e+001 -1.627938e+001 -4.636559e+001
      vertex  1.967756e+001 -1.614202e+001 -4.632155e+001
    endloop
  endfacet
  facet normal  7.071068e-001  7.071068e-001  0.000000e+000
    outer loop
      vertex  2.052777e+001 -1.699223e+001 -4.346827e+001
      vertex  1.967756e+001 -1.614202e+001 -4.632155e+001
      vertex  1.954154e+001 -1.600601e+001 -4.626981e+001
    endloop
  endfacet
  facet normal  7.071090e-001  7.071046e-001 -1.525284e-006
    outer loop
      vertex  2.052777e+001 -1.699223e+001 -4.346827e+001
      vertex  1.954154e+001 -1.600601e+001 -4.626981e+001
      vertex  1.940709e+001 -1.587156e+001 -4.621044e+001
    endloop
  endfacet
  facet normal  7.071068e-001  7.071067e-001  1.921178e-007
    outer loop
      vertex  2.052777e+001 -1.699223e+001 -4.346827e+001
      vertex  1.940709e+001 -1.587156e+001 -4.621044e+001
      vertex  1.927442e+001 -1.573889e+001 -4.614355e+001
    endloop
  endfacet
  facet normal  7.071028e-001  7.071108e-001  3.998166e-006
    outer loop
      vertex  2.052777e+001 -1.699223e+001 -4.346827e+001
      vertex  1.927442e+001 -1.573889e+001 -4.614355e+001
      vertex  1.914374e+001 -1.560821e+001 -4.606924e+001
    endloop
  endfacet
  facet normal  7.071106e-001  7.071030e-001 -4.383079e-006
    outer loop
      vertex  2.052777e+001 -1.699223e+001 -4.346827e+001
      vertex  1.914374e+001 -1.560821e+001 -4.606924e+001
      vertex  1.901526e+001 -1.547972e+001 -4.598763e+001
    endloop
  endfacet
  facet normal  7.071068e-001  7.071068e-001  1.865174e-007
    outer loop
      vertex  2.052777e+001 -1.699223e+001 -4.346827e+001
      vertex  1.901526e+001 -1.547972e+001 -4.598763e+001
      vertex  1.888918e+001 -1.535364e+001 -4.589885e+001
    endloop
  endfacet
  facet normal  7.071050e-001  7.071085e-001  2.604588e-006
    outer loop
      vertex  2.052777e+001 -1.699223e+001 -4.346827e+001
      vertex  1.888918e+001 -1.535364e+001 -4.589885e+001
      vertex  1.876569e+001 -1.523016e+001 -4.580304e+001
    endloop
  endfacet
  facet normal  7.071051e-001  7.071086e-001  2.550310e-006
    outer loop
      vertex  2.052777e+001 -1.699223e+001 -4.346827e+001
      vertex  1.876569e+001 -1.523016e+001 -4.580304e+001
      vertex  1.864500e+001 -1.510947e+001 -4.570034e+001
    endloop
  endfacet
  facet normal  7.071099e-001  7.071037e-001 -5.575206e-006
    outer loop
      vertex  2.052777e+001 -1.699223e+001 -4.346827e+001
      vertex  1.864500e+001 -1.510947e+001 -4.570034e+001
      vertex  1.852731e+001 -1.499177e+001 -4.559093e+001
    endloop
  endfacet
  facet normal  7.071054e-001  7.071082e-001  2.994266e-006
    outer loop
      vertex  2.052777e+001 -1.699223e+001 -4.346827e+001
      vertex  1.852731e+001 -1.499177e+001 -4.559093e+001
      vertex  1.841278e+001 -1.487725e+001 -4.547498e+001
    endloop
  endfacet
  facet normal  7.071081e-001  7.071053e-001 -2.974476e-006
    outer loop
      vertex  2.052777e+001 -1.699223e+001 -4.346827e+001
      vertex  1.841278e+001 -1.487725e+001 -4.547498e+001
      vertex  1.830162e+001 -1.476608e+001 -4.535266e+001
    endloop
  endfacet
  facet normal  7.071068e-001  7.071066e-001  1.508824e-007
    outer loop
      vertex  2.052777e+001 -1.699223e+001 -4.346827e+001
      vertex  1.830162e+001 -1.476608e+001 -4.535266e+001
      vertex  1.819398e+001 -1.465845e+001 -4.522419e+001
    endloop
  endfacet
  facet normal  7.071056e-001  7.071079e-001  3.312350e-006
    outer loop
      vertex  2.052777e+001 -1.699223e+001 -4.346827e+001
      vertex  1.819398e+001 -1.465845e+001 -4.522419e+001
      vertex  1.809005e+001 -1.455452e+001 -4.508975e+001
    endloop
  endfacet
  facet normal  7.071056e-001  7.071078e-001  3.261488e-006
    outer loop
      vertex  2.052777e+001 -1.699223e+001 -4.346827e+001
      vertex  1.809005e+001 -1.455452e+001 -4.508975e+001
      vertex  1.798999e+001 -1.445446e+001 -4.494956e+001
    endloop
  endfacet
  facet normal  7.071076e-001  7.071059e-001 -3.457137e-006
    outer loop
      vertex  2.052777e+001 -1.699223e+001 -4.346827e+001
      vertex  1.798999e+001 -1.445446e+001 -4.494956e+001
      vertex  1.789396e+001 -1.435842e+001 -4.480385e+001
    endloop
  endfacet
  facet normal  7.071059e-001  7.071076e-001  3.401580e-006
    outer loop
      vertex  2.052777e+001 -1.699223e+001 -4.346827e+001
      vertex  1.789396e+001 -1.435842e+001 -4.480385e+001
      vertex  1.780210e+001 -1.426657e+001 -4.465285e+001
    endloop
  endfacet
  facet normal  7.071082e-001  7.071053e-001 -7.050398e-006
    outer loop
      vertex  2.052777e+001 -1.699223e+001 -4.346827e+001
      vertex  1.780210e+001 -1.426657e+001 -4.465285e+001
      vertex  1.771458e+001 -1.417904e+001 -4.449679e+001
    endloop
  endfacet
  facet normal  7.071069e-001  7.071067e-001  9.792888e-008
    outer loop
      vertex  2.052777e+001 -1.699223e+001 -4.346827e+001
      vertex  1.771458e+001 -1.417904e+001 -4.449679e+001
      vertex  1.763151e+001 -1.409598e+001 -4.433592e+001
    endloop
  endfacet
  facet normal  7.071059e-001  7.071078e-001  7.240523e-006
    outer loop
      vertex  2.052777e+001 -1.699223e+001 -4.346827e+001
      vertex  1.763151e+001 -1.409598e+001 -4.433592e+001
      vertex  1.755305e+001 -1.401751e+001 -4.417051e+001
    endloop
  endfacet
  facet normal  7.071075e-001  7.071060e-001 -7.307047e-006
    outer loop
      vertex  2.052777e+001 -1.699223e+001 -4.346827e+001
      vertex  1.755305e+001 -1.401751e+001 -4.417051e+001
      vertex  1.747930e+001 -1.394377e+001 -4.400080e+001
    endloop
  endfacet
  facet normal  7.071063e-001  7.071074e-001  7.349588e-006
    outer loop
      vertex  2.052777e+001 -1.699223e+001 -4.346827e+001
      vertex  1.747930e+001 -1.394377e+001 -4.400080e+001
      vertex  1.741039e+001 -1.387486e+001 -4.382708e+001
    endloop
  endfacet
  facet normal  7.071068e-001  7.071067e-001 -3.730580e-006
    outer loop
      vertex  2.052777e+001 -1.699223e+001 -4.346827e+001
      vertex  1.741039e+001 -1.387486e+001 -4.382708e+001
      vertex  1.734643e+001 -1.381090e+001 -4.364961e+001
    endloop
  endfacet
  facet normal  7.071069e-001  7.071066e-001 -3.666288e-006
    outer loop
      vertex  2.052777e+001 -1.699223e+001 -4.346827e+001
      vertex  1.734643e+001 -1.381090e+001 -4.364961e+001
      vertex  1.728752e+001 -1.375199e+001 -4.346868e+001
    endloop
  endfacet
  facet normal  7.071069e-001  7.071067e-001  0.000000e+000
    outer loop
      vertex  2.052777e+001 -1.699223e+001 -4.346827e+001
      vertex  1.728752e+001 -1.375199e+001 -4.346868e+001
      vertex  2.043897e+001 -1.690343e+001 -4.346432e+001
    endloop
  endfacet
  facet normal  7.071067e-001  7.071069e-001 -4.687614e-007
    outer loop
      vertex  1.723375e+001 -1.369822e+001 -4.328457e+001
      vertex  1.992562e+001 -1.639009e+001 -4.327792e+001
      vertex  2.000716e+001 -1.647163e+001 -4.332782e+001
    endloop
  endfacet
  facet normal  7.071066e-001  7.071069e-001 -5.525167e-007
    outer loop
      vertex  1.723375e+001 -1.369822e+001 -4.328457e+001
      vertex  2.000716e+001 -1.647163e+001 -4.332782e+001
      vertex  2.009075e+001 -1.655522e+001 -4.337038e+001
    endloop
  endfacet
  facet normal  7.071066e-001  7.071068e-001 -5.675518e-007
    outer loop
      vertex  1.723375e+001 -1.369822e+001 -4.328457e+001
      vertex  2.009075e+001 -1.655522e+001 -4.337038e+001
      vertex  2.017607e+001 -1.664053e+001 -4.340544e+001
    endloop
  endfacet
  facet normal  7.071066e-001  7.071069e-001 -9.010174e-007
    outer loop
      vertex  1.723375e+001 -1.369822e+001 -4.328457e+001
      vertex  2.017607e+001 -1.664053e+001 -4.340544e+001
      vertex  2.026277e+001 -1.672724e+001 -4.343285e+001
    endloop
  endfacet
  facet normal  7.071066e-001  7.071069e-001 -1.359012e-006
    outer loop
      vertex  1.723375e+001 -1.369822e+001 -4.328457e+001
      vertex  2.026277e+001 -1.672724e+001 -4.343285e+001
      vertex  2.035052e+001 -1.681499e+001 -4.345250e+001
    endloop
  endfacet
  facet normal  7.071066e-001  7.071070e-001 -1.915377e-006
    outer loop
      vertex  1.723375e+001 -1.369822e+001 -4.328457e+001
      vertex  2.035052e+001 -1.681499e+001 -4.345250e+001
      vertex  2.043897e+001 -1.690343e+001 -4.346432e+001
    endloop
  endfacet
  facet normal  7.071068e-001  7.071066e-001  8.132662e-006
    outer loop
      vertex  1.723375e+001 -1.369822e+001 -4.328457e+001
      vertex  2.043897e+001 -1.690343e+001 -4.346432e+001
      vertex  1.728752e+001 -1.375199e+001 -4.346868e+001
    endloop
  endfacet
  facet normal  7.071068e-001  7.071068e-001  0.000000e+000
    outer loop
      vertex  1.718521e+001 -1.364968e+001 -4.309759e+001
      vertex  1.969651e+001 -1.616098e+001 -4.308630e+001
      vertex  1.976999e+001 -1.623446e+001 -4.315693e+001
    endloop
  endfacet
  facet normal  7.071067e-001  7.071067e-001  0.000000e+000
    outer loop
      vertex  1.718521e+001 -1.364968e+001 -4.309759e+001
      vertex  1.976999e+001 -1.623446e+001 -4.315693e+001
      vertex  1.984646e+001 -1.631093e+001 -4.322089e+001
    endloop
  endfacet
  facet normal  7.071068e-001  7.071068e-001  0.000000e+000
    outer loop
      vertex  1.718521e+001 -1.364968e+001 -4.309759e+001
      vertex  1.984646e+001 -1.631093e+001 -4.322089e+001
      vertex  1.992562e+001 -1.639009e+001 -4.327792e+001
    endloop
  endfacet
  facet normal  7.071066e-001  7.071069e-001 -4.016677e-006
    outer loop
      vertex  1.718521e+001 -1.364968e+001 -4.309759e+001
      vertex  1.992562e+001 -1.639009e+001 -4.327792e+001
      vertex  1.723375e+001 -1.369822e+001 -4.328457e+001
    endloop
  endfacet
  facet normal  7.071066e-001  7.071070e-001  3.431305e-006
    outer loop
      vertex  1.714198e+001 -1.360644e+001 -4.290801e+001
      vertex  1.710411e+001 -1.356858e+001 -4.271616e+001
      vertex  1.949685e+001 -1.596132e+001 -4.283736e+001
    endloop
  endfacet
  facet normal  7.071068e-001  7.071069e-001 -7.644046e-006
    outer loop
      vertex  1.714198e+001 -1.360644e+001 -4.290801e+001
      vertex  1.949685e+001 -1.596132e+001 -4.283736e+001
      vertex  1.955967e+001 -1.602414e+001 -4.292621e+001
    endloop
  endfacet
  facet normal  7.071068e-001  7.071068e-001  0.000000e+000
    outer loop
      vertex  1.714198e+001 -1.360644e+001 -4.290801e+001
      vertex  1.955967e+001 -1.602414e+001 -4.292621e+001
      vertex  1.962631e+001 -1.609078e+001 -4.300930e+001
    endloop
  endfacet
  facet normal  7.071068e-001  7.071068e-001  0.000000e+000
    outer loop
      vertex  1.714198e+001 -1.360644e+001 -4.290801e+001
      vertex  1.962631e+001 -1.609078e+001 -4.300930e+001
      vertex  1.969651e+001 -1.616098e+001 -4.308630e+001
    endloop
  endfacet
  facet normal  7.071068e-001  7.071068e-001  0.000000e+000
    outer loop
      vertex  1.714198e+001 -1.360644e+001 -4.290801e+001
      vertex  1.969651e+001 -1.616098e+001 -4.308630e+001
      vertex  1.718521e+001 -1.364968e+001 -4.309759e+001
    endloop
  endfacet
  facet normal  7.071068e-001  7.071068e-001  0.000000e+000
    outer loop
      vertex  2.052777e+001 -1.699223e+001 -3.946827e+001
      vertex  1.969607e+001 -1.616054e+001 -7.987637e+000
      vertex  1.972109e+001 -1.618556e+001 -7.791990e+000
    endloop
  endfacet
  facet normal  7.071068e-001  7.071068e-001  0.000000e+000
    outer loop
      vertex  2.052777e+001 -1.699223e+001 -3.946827e+001
      vertex  1.972109e+001 -1.618556e+001 -7.791990e+000
      vertex  1.974060e+001 -1.620506e+001 -7.595091e+000
    endloop
  endfacet
  facet normal  7.071068e-001  7.071068e-001  0.000000e+000
    outer loop
      vertex  2.052777e+001 -1.699223e+001 -3.946827e+001
      vertex  1.974060e+001 -1.620506e+001 -7.595091e+000
      vertex  1.975455e+001 -1.621902e+001 -7.397251e+000
    endloop
  endfacet
  facet normal  7.071068e-001  7.071068e-001  0.000000e+000
    outer loop
      vertex  2.381189e+001 -2.027636e+001 -4.332005e+001
      vertex  2.375713e+001 -2.022160e+001 -4.350357e+001
      vertex  2.061657e+001 -1.708103e+001 -4.346432e+001
    endloop
  endfacet
  facet normal  7.071068e-001  7.071068e-001  0.000000e+000
    outer loop
      vertex  2.381189e+001 -2.027636e+001 -4.332005e+001
      vertex  2.061657e+001 -1.708103e+001 -4.346432e+001
      vertex  2.070502e+001 -1.716948e+001 -4.345250e+001
    endloop
  endfacet
  facet normal  7.071068e-001  7.071068e-001  0.000000e+000
    outer loop
      vertex  2.381189e+001 -2.027636e+001 -4.332005e+001
      vertex  2.070502e+001 -1.716948e+001 -4.345250e+001
      vertex  2.079276e+001 -1.725723e+001 -4.343285e+001
    endloop
  endfacet
  facet normal  7.071068e-001  7.071068e-001  0.000000e+000
    outer loop
      vertex  2.381189e+001 -2.027636e+001 -4.332005e+001
      vertex  2.079276e+001 -1.725723e+001 -4.343285e+001
      vertex  2.087947e+001 -1.734394e+001 -4.340544e+001
    endloop
  endfacet
  facet normal  7.071068e-001  7.071068e-001  0.000000e+000
    outer loop
      vertex  2.381189e+001 -2.027636e+001 -4.332005e+001
      vertex  2.087947e+001 -1.734394e+001 -4.340544e+001
      vertex  2.096478e+001 -1.742925e+001 -4.337038e+001
    endloop
  endfacet
  facet normal  7.071068e-001  7.071068e-001  0.000000e+000
    outer loop
      vertex  2.381189e+001 -2.027636e+001 -4.332005e+001
      vertex  2.096478e+001 -1.742925e+001 -4.337038e+001
      vertex  2.104837e+001 -1.751284e+001 -4.332782e+001
    endloop
  endfacet
  facet normal  7.071068e-001  7.071068e-001  0.000000e+000
    outer loop
      vertex  2.381189e+001 -2.027636e+001 -4.332005e+001
      vertex  2.104837e+001 -1.751284e+001 -4.332782e+001
      vertex  2.112991e+001 -1.759438e+001 -4.327792e+001
    endloop
  endfacet
  facet normal  7.071068e-001  7.071068e-001  0.000000e+000
    outer loop
      vertex  2.381189e+001 -2.027636e+001 -4.332005e+001
      vertex  2.112991e+001 -1.759438e+001 -4.327792e+001
      vertex  2.386144e+001 -2.032590e+001 -4.313359e+001
    endloop
  endfacet
  facet normal  7.071068e-001  7.071068e-001  0.000000e+000
    outer loop
      vertex  2.175986e+001 -1.822432e+001 -7.549854e-001
      vertex  2.187600e+001 -1.834047e+001 -9.792283e-001
      vertex  2.199314e+001 -1.845761e+001 -1.205439e+000
    endloop
  endfacet
  facet normal  7.071068e-001  7.071068e-001  0.000000e+000
    outer loop
      vertex  2.175986e+001 -1.822432e+001 -7.549854e-001
      vertex  2.199314e+001 -1.845761e+001 -1.205439e+000
      vertex  2.210575e+001 -1.857021e+001 -1.436206e+000
    endloop
  endfacet
  facet normal  7.071068e-001  7.071068e-001  0.000000e+000
    outer loop
      vertex  2.175986e+001 -1.822432e+001 -7.549854e-001
      vertex  2.210575e+001 -1.857021e+001 -1.436206e+000
      vertex  2.221373e+001 -1.867820e+001 -1.671346e+000
    endloop
  endfacet
  facet normal  7.071068e-001  7.071068e-001  0.000000e+000
    outer loop
      vertex  2.175986e+001 -1.822432e+001 -7.549854e-001
      vertex  2.221373e+001 -1.867820e+001 -1.671346e+000
      vertex  2.231701e+001 -1.878148e+001 -1.910675e+000
    endloop
  endfacet
  facet normal  7.071068e-001  7.071068e-001  0.000000e+000
    outer loop
      vertex  2.164816e+001 -1.811263e+001 -5.262638e-001
      vertex  2.175986e+001 -1.822432e+001 -7.549854e-001
      vertex  2.231701e+001 -1.878148e+001 -1.910675e+000
    endloop
  endfacet
  facet normal  7.071068e-001  7.071068e-001  0.000000e+000
    outer loop
      vertex  2.164816e+001 -1.811263e+001 -5.262638e-001
      vertex  2.231701e+001 -1.878148e+001 -1.910675e+000
      vertex  2.241551e+001 -1.887998e+001 -2.154005e+000
    endloop
  endfacet
  facet normal  7.071068e-001  7.071068e-001  0.000000e+000
    outer loop
      vertex  2.164816e+001 -1.811263e+001 -5.262638e-001
      vertex  2.241551e+001 -1.887998e+001 -2.154005e+000
      vertex  2.250915e+001 -1.897361e+001 -2.401145e+000
    endloop
  endfacet
  facet normal  7.071068e-001  7.071068e-001  0.000000e+000
    outer loop
      vertex  2.164816e+001 -1.811263e+001 -5.262638e-001
      vertex  2.250915e+001 -1.897361e+001 -2.401145e+000
      vertex  2.259785e+001 -1.906231e+001 -2.651900e+000
    endloop
  endfacet
  facet normal  7.071068e-001  7.071068e-001  0.000000e+000
    outer loop
      vertex  2.154101e+001 -1.800547e+001 -2.932402e-001
      vertex  2.164816e+001 -1.811263e+001 -5.262638e-001
      vertex  2.259785e+001 -1.906231e+001 -2.651900e+000
    endloop
  endfacet
  facet normal  7.071068e-001  7.071068e-001  0.000000e+000
    outer loop
      vertex  2.154101e+001 -1.800547e+001 -2.932402e-001
      vertex  2.259785e+001 -1.906231e+001 -2.651900e+000
      vertex  2.268154e+001 -1.914601e+001 -2.906073e+000
    endloop
  endfacet
  facet normal  7.071068e-001  7.071068e-001  0.000000e+000
    outer loop
      vertex  2.154101e+001 -1.800547e+001 -2.932402e-001
      vertex  2.268154e+001 -1.914601e+001 -2.906073e+000
      vertex  2.276016e+001 -1.922463e+001 -3.163464e+000
    endloop
  endfacet
  facet normal  7.071068e-001  7.071068e-001  0.000000e+000
    outer loop
      vertex  2.143847e+001 -1.790294e+001 -5.609467e-002
      vertex  2.154101e+001 -1.800547e+001 -2.932402e-001
      vertex  2.276016e+001 -1.922463e+001 -3.163464e+000
    endloop
  endfacet
  facet normal  7.071068e-001  7.071068e-001  0.000000e+000
    outer loop
      vertex  2.143847e+001 -1.790294e+001 -5.609467e-002
      vertex  2.276016e+001 -1.922463e+001 -3.163464e+000
      vertex  2.283365e+001 -1.929812e+001 -3.423872e+000
    endloop
  endfacet
  facet normal  7.071068e-001  7.071068e-001  0.000000e+000
    outer loop
      vertex  2.143847e+001 -1.790294e+001 -5.609467e-002
      vertex  2.283365e+001 -1.929812e+001 -3.423872e+000
      vertex  2.290195e+001 -1.936642e+001 -3.687091e+000
    endloop
  endfacet
  facet normal  7.071068e-001  7.071068e-001  0.000000e+000
    outer loop
      vertex  2.143847e+001 -1.790294e+001 -5.609467e-002
      vertex  2.290195e+001 -1.936642e+001 -3.687091e+000
      vertex  2.296500e+001 -1.942947e+001 -3.952914e+000
    endloop
  endfacet
  facet normal  7.071068e-001  7.071068e-001  0.000000e+000
    outer loop
      vertex  2.134064e+001 -1.780510e+001  1.849895e-001
      vertex  2.143847e+001 -1.790294e+001 -5.609467e-002
      vertex  2.296500e+001 -1.942947e+001 -3.952914e+000
    endloop
  endfacet
  facet normal  7.071068e-001  7.071068e-001  0.000000e+000
    outer loop
      vertex  2.134064e+001 -1.780510e+001  1.849895e-001
      vertex  2.296500e+001 -1.942947e+001 -3.952914e+000
      vertex  2.302276e+001 -1.948723e+001 -4.221133e+000
    endloop
  endfacet
  facet normal  7.071068e-001  7.071068e-001  0.000000e+000
    outer loop
      vertex  2.134064e+001 -1.780510e+001  1.849895e-001
      vertex  2.302276e+001 -1.948723e+001 -4.221133e+000
      vertex  2.307518e+001 -1.953964e+001 -4.491536e+000
    endloop
  endfacet
  facet normal  7.071068e-001  7.071068e-001  0.000000e+000
    outer loop
      vertex  2.124758e+001 -1.771204e+001  4.298261e-001
      vertex  2.134064e+001 -1.780510e+001  1.849895e-001
      vertex  2.307518e+001 -1.953964e+001 -4.491536e+000
    endloop
  endfacet
  facet normal  7.071068e-001  7.071068e-001  0.000000e+000
    outer loop
      vertex  2.124758e+001 -1.771204e+001  4.298261e-001
      vertex  2.307518e+001 -1.953964e+001 -4.491536e+000
      vertex  2.312222e+001 -1.958668e+001 -4.763911e+000
    endloop
  endfacet
  facet normal  7.071068e-001  7.071068e-001  0.000000e+000
    outer loop
      vertex  2.124758e+001 -1.771204e+001  4.298261e-001
      vertex  2.312222e+001 -1.958668e+001 -4.763911e+000
      vertex  2.316383e+001 -1.962830e+001 -5.038044e+000
    endloop
  endfacet
  facet normal  7.071068e-001  7.071068e-001  0.000000e+000
    outer loop
      vertex  2.115936e+001 -1.762383e+001  6.782260e-001
      vertex  2.124758e+001 -1.771204e+001  4.298261e-001
      vertex  2.316383e+001 -1.962830e+001 -5.038044e+000
    endloop
  endfacet
  facet normal  7.071068e-001  7.071068e-001  0.000000e+000
    outer loop
      vertex  2.115936e+001 -1.762383e+001  6.782260e-001
      vertex  2.316383e+001 -1.962830e+001 -5.038044e+000
      vertex  2.320000e+001 -1.966447e+001 -5.313720e+000
    endloop
  endfacet
  facet normal  7.071068e-001  7.071068e-001  0.000000e+000
    outer loop
      vertex  2.115936e+001 -1.762383e+001  6.782260e-001
      vertex  2.320000e+001 -1.966447e+001 -5.313720e+000
      vertex  2.323069e+001 -1.969516e+001 -5.590721e+000
    endloop
  endfacet
  facet normal  7.071068e-001  7.071068e-001  0.000000e+000
    outer loop
      vertex  2.115936e+001 -1.762383e+001  6.782260e-001
      vertex  2.323069e+001 -1.969516e+001 -5.590721e+000
      vertex  2.325588e+001 -1.972034e+001 -5.868830e+000
    endloop
  endfacet
  facet normal  7.071068e-001  7.071068e-001  0.000000e+000
    outer loop
      vertex  2.107607e+001 -1.754053e+001  9.299971e-001
      vertex  2.115936e+001 -1.762383e+001  6.782260e-001
      vertex  2.325588e+001 -1.972034e+001 -5.868830e+000
    endloop
  endfacet
  facet normal  7.071068e-001  7.071068e-001  0.000000e+000
    outer loop
      vertex  2.107607e+001 -1.754053e+001  9.299971e-001
      vertex  2.325588e+001 -1.972034e+001 -5.868830e+000
      vertex  2.327554e+001 -1.974001e+001 -6.147828e+000
    endloop
  endfacet
  facet normal  7.071068e-001  7.071068e-001  0.000000e+000
    outer loop
      vertex  2.107607e+001 -1.754053e+001  9.299971e-001
      vertex  2.327554e+001 -1.974001e+001 -6.147828e+000
      vertex  2.328967e+001 -1.975413e+001 -6.427496e+000
    endloop
  endfacet
  facet normal  7.071068e-001  7.071068e-001  0.000000e+000
    outer loop
      vertex  2.099775e+001 -1.746222e+001  1.184945e+000
      vertex  2.107607e+001 -1.754053e+001  9.299971e-001
      vertex  2.328967e+001 -1.975413e+001 -6.427496e+000
    endloop
  endfacet
  facet normal  7.071068e-001  7.071068e-001  0.000000e+000
    outer loop
      vertex  2.099775e+001 -1.746222e+001  1.184945e+000
      vertex  2.328967e+001 -1.975413e+001 -6.427496e+000
      vertex  2.329824e+001 -1.976270e+001 -6.707614e+000
    endloop
  endfacet
  facet normal  7.071067e-001  7.071067e-001  0.000000e+000
    outer loop
      vertex  2.099775e+001 -1.746222e+001  1.184945e+000
      vertex  2.329824e+001 -1.976270e+001 -6.707614e+000
      vertex  2.330126e+001 -1.976572e+001 -6.987962e+000
    endloop
  endfacet
  facet normal  7.071068e-001  7.071068e-001  0.000000e+000
    outer loop
      vertex  2.099775e+001 -1.746222e+001  1.184945e+000
      vertex  2.330126e+001 -1.976572e+001 -6.987962e+000
      vertex  2.329872e+001 -1.976318e+001 -7.268320e+000
    endloop
  endfacet
  facet normal  7.071068e-001  7.071068e-001  0.000000e+000
    outer loop
      vertex  2.092448e+001 -1.738895e+001  1.442873e+000
      vertex  2.099775e+001 -1.746222e+001  1.184945e+000
      vertex  2.329872e+001 -1.976318e+001 -7.268320e+000
    endloop
  endfacet
  facet normal  7.071068e-001  7.071068e-001  0.000000e+000
    outer loop
      vertex  2.092448e+001 -1.738895e+001  1.442873e+000
      vertex  2.329872e+001 -1.976318e+001 -7.268320e+000
      vertex  2.329062e+001 -1.975508e+001 -7.548466e+000
    endloop
  endfacet
  facet normal  7.071068e-001  7.071068e-001  0.000000e+000
    outer loop
      vertex  2.092448e+001 -1.738895e+001  1.442873e+000
      vertex  2.329062e+001 -1.975508e+001 -7.548466e+000
      vertex  2.327697e+001 -1.974144e+001 -7.828182e+000
    endloop
  endfacet
  facet normal  7.071068e-001  7.071068e-001  0.000000e+000
    outer loop
      vertex  2.085630e+001 -1.732077e+001  1.703581e+000
      vertex  2.092448e+001 -1.738895e+001  1.442873e+000
      vertex  2.327697e+001 -1.974144e+001 -7.828182e+000
    endloop
  endfacet
  facet normal  7.071068e-001  7.071068e-001  0.000000e+000
    outer loop
      vertex  2.085630e+001 -1.732077e+001  1.703581e+000
      vertex  2.327697e+001 -1.974144e+001 -7.828182e+000
      vertex  2.325778e+001 -1.972225e+001 -8.107246e+000
    endloop
  endfacet
  facet normal  7.071068e-001  7.071068e-001  0.000000e+000
    outer loop
      vertex  2.085630e+001 -1.732077e+001  1.703581e+000
      vertex  2.325778e+001 -1.972225e+001 -8.107246e+000
      vertex  2.323307e+001 -1.969754e+001 -8.385440e+000
    endloop
  endfacet
  facet normal  7.071068e-001  7.071068e-001  0.000000e+000
    outer loop
      vertex  2.079328e+001 -1.725774e+001  1.966868e+000
      vertex  2.085630e+001 -1.732077e+001  1.703581e+000
      vertex  2.323307e+001 -1.969754e+001 -8.385440e+000
    endloop
  endfacet
  facet normal  7.071068e-001  7.071068e-001  0.000000e+000
    outer loop
      vertex  2.079328e+001 -1.725774e+001  1.966868e+000
      vertex  2.323307e+001 -1.969754e+001 -8.385440e+000
      vertex  2.320285e+001 -1.966732e+001 -8.662544e+000
    endloop
  endfacet
  facet normal  7.071068e-001  7.071068e-001  0.000000e+000
    outer loop
      vertex  2.079328e+001 -1.725774e+001  1.966868e+000
      vertex  2.320285e+001 -1.966732e+001 -8.662544e+000
      vertex  2.316715e+001 -1.963162e+001 -8.938342e+000
    endloop
  endfacet
  facet normal  7.071068e-001  7.071068e-001  0.000000e+000
    outer loop
      vertex  2.079328e+001 -1.725774e+001  1.966868e+000
      vertex  2.316715e+001 -1.963162e+001 -8.938342e+000
      vertex  2.312600e+001 -1.959047e+001 -9.212616e+000
    endloop
  endfacet
  facet normal  7.071068e-001  7.071068e-001  0.000000e+000
    outer loop
      vertex  2.073545e+001 -1.719991e+001  2.232531e+000
      vertex  2.079328e+001 -1.725774e+001  1.966868e+000
      vertex  2.312600e+001 -1.959047e+001 -9.212616e+000
    endloop
  endfacet
  facet normal  7.071068e-001  7.071068e-001  0.000000e+000
    outer loop
      vertex  2.073545e+001 -1.719991e+001  2.232531e+000
      vertex  2.312600e+001 -1.959047e+001 -9.212616e+000
      vertex  2.307943e+001 -1.954390e+001 -9.485151e+000
    endloop
  endfacet
  facet normal  7.071068e-001  7.071068e-001  0.000000e+000
    outer loop
      vertex  2.073545e+001 -1.719991e+001  2.232531e+000
      vertex  2.307943e+001 -1.954390e+001 -9.485151e+000
      vertex  2.302747e+001 -1.949194e+001 -9.755732e+000
    endloop
  endfacet
  facet normal  7.071068e-001  7.071068e-001  0.000000e+000
    outer loop
      vertex  2.068286e+001 -1.714733e+001  2.500365e+000
      vertex  2.073545e+001 -1.719991e+001  2.232531e+000
      vertex  2.302747e+001 -1.949194e+001 -9.755732e+000
    endloop
  endfacet
  facet normal  7.071068e-001  7.071068e-001  0.000000e+000
    outer loop
      vertex  2.068286e+001 -1.714733e+001  2.500365e+000
      vertex  2.302747e+001 -1.949194e+001 -9.755732e+000
      vertex  2.297017e+001 -1.943464e+001 -1.002415e+001
    endloop
  endfacet
  facet normal  7.071068e-001  7.071068e-001  0.000000e+000
    outer loop
      vertex  2.068286e+001 -1.714733e+001  2.500365e+000
      vertex  2.297017e+001 -1.943464e+001 -1.002415e+001
      vertex  2.290757e+001 -1.937204e+001 -1.029018e+001
    endloop
  endfacet
  facet normal  7.071068e-001  7.071068e-001  0.000000e+000
    outer loop
      vertex  2.068286e+001 -1.714733e+001  2.500365e+000
      vertex  2.290757e+001 -1.937204e+001 -1.029018e+001
      vertex  2.283972e+001 -1.930419e+001 -1.055363e+001
    endloop
  endfacet
  facet normal  7.071068e-001  7.071068e-001  0.000000e+000
    outer loop
      vertex  2.063556e+001 -1.710003e+001  2.770162e+000
      vertex  2.068286e+001 -1.714733e+001  2.500365e+000
      vertex  2.283972e+001 -1.930419e+001 -1.055363e+001
    endloop
  endfacet
  facet normal  7.071068e-001  7.071068e-001  0.000000e+000
    outer loop
      vertex  2.063556e+001 -1.710003e+001  2.770162e+000
      vertex  2.283972e+001 -1.930419e+001 -1.055363e+001
      vertex  2.276668e+001 -1.923114e+001 -1.081429e+001
    endloop
  endfacet
  facet normal  7.071068e-001  7.071068e-001  0.000000e+000
    outer loop
      vertex  2.063556e+001 -1.710003e+001  2.770162e+000
      vertex  2.276668e+001 -1.923114e+001 -1.081429e+001
      vertex  2.268849e+001 -1.915296e+001 -1.107195e+001
    endloop
  endfacet
  facet normal  7.071067e-001  7.071067e-001  0.000000e+000
    outer loop
      vertex  2.059358e+001 -1.705805e+001  3.041713e+000
      vertex  2.063556e+001 -1.710003e+001  2.770162e+000
      vertex  2.268849e+001 -1.915296e+001 -1.107195e+001
    endloop
  endfacet
  facet normal  7.071068e-001  7.071068e-001  0.000000e+000
    outer loop
      vertex  2.059358e+001 -1.705805e+001  3.041713e+000
      vertex  2.268849e+001 -1.915296e+001 -1.107195e+001
      vertex  2.260523e+001 -1.906970e+001 -1.132641e+001
    endloop
  endfacet
  facet normal  7.071068e-001  7.071068e-001  0.000000e+000
    outer loop
      vertex  2.059358e+001 -1.705805e+001  3.041713e+000
      vertex  2.260523e+001 -1.906970e+001 -1.132641e+001
      vertex  2.251696e+001 -1.898143e+001 -1.157746e+001
    endloop
  endfacet
  facet normal  7.071068e-001  7.071068e-001  0.000000e+000
    outer loop
      vertex  2.059358e+001 -1.705805e+001  3.041713e+000
      vertex  2.251696e+001 -1.898143e+001 -1.157746e+001
      vertex  2.242374e+001 -1.888821e+001 -1.182492e+001
    endloop
  endfacet
  facet normal  7.071068e-001  7.071068e-001  0.000000e+000
    outer loop
      vertex  2.052777e+001 -1.699223e+001 -3.946827e+001
      vertex  2.129441e+001 -1.775888e+001 -1.729462e+001
      vertex  2.130547e+001 -1.776994e+001 -1.755593e+001
    endloop
  endfacet
  facet normal  7.071068e-001  7.071068e-001  0.000000e+000
    outer loop
      vertex  2.052777e+001 -1.699223e+001 -3.946827e+001
      vertex  2.130547e+001 -1.776994e+001 -1.755593e+001
      vertex  2.132210e+001 -1.778657e+001 -1.781664e+001
    endloop
  endfacet
  facet normal  7.071068e-001  7.071068e-001  0.000000e+000
    outer loop
      vertex  2.052777e+001 -1.699223e+001 -3.946827e+001
      vertex  2.132210e+001 -1.778657e+001 -1.781664e+001
      vertex  2.134430e+001 -1.780876e+001 -1.807652e+001
    endloop
  endfacet
  facet normal  7.071067e-001  7.071067e-001  0.000000e+000
    outer loop
      vertex  2.052777e+001 -1.699223e+001 -3.946827e+001
      vertex  2.134430e+001 -1.780876e+001 -1.807652e+001
      vertex  2.137203e+001 -1.783650e+001 -1.833533e+001
    endloop
  endfacet
  facet normal  7.071068e-001  7.071068e-001  0.000000e+000
    outer loop
      vertex  2.137203e+001 -1.783650e+001 -1.833533e+001
      vertex  2.189755e+001 -1.836202e+001 -4.097089e+001
      vertex  2.187276e+001 -1.833723e+001 -4.085024e+001
    endloop
  endfacet
  facet normal  7.071068e-001  7.071068e-001  0.000000e+000
    outer loop
      vertex  2.137203e+001 -1.783650e+001 -1.833533e+001
      vertex  2.187276e+001 -1.833723e+001 -4.085024e+001
      vertex  2.184267e+001 -1.830714e+001 -4.073202e+001
    endloop
  endfacet
  facet normal  7.071068e-001  7.071068e-001  0.000000e+000
    outer loop
      vertex  2.137203e+001 -1.783650e+001 -1.833533e+001
      vertex  2.184267e+001 -1.830714e+001 -4.073202e+001
      vertex  2.180739e+001 -1.827185e+001 -4.061671e+001
    endloop
  endfacet
  facet normal  7.071068e-001  7.071068e-001  0.000000e+000
    outer loop
      vertex  2.137203e+001 -1.783650e+001 -1.833533e+001
      vertex  2.180739e+001 -1.827185e+001 -4.061671e+001
      vertex  2.176705e+001 -1.823152e+001 -4.050476e+001
    endloop
  endfacet
  facet normal  7.071068e-001  7.071068e-001  0.000000e+000
    outer loop
      vertex  2.137203e+001 -1.783650e+001 -1.833533e+001
      vertex  2.176705e+001 -1.823152e+001 -4.050476e+001
      vertex  2.172183e+001 -1.818629e+001 -4.039662e+001
    endloop
  endfacet
  facet normal  7.071068e-001  7.071068e-001  0.000000e+000
    outer loop
      vertex  2.137203e+001 -1.783650e+001 -1.833533e+001
      vertex  2.172183e+001 -1.818629e+001 -4.039662e+001
      vertex  2.167189e+001 -1.813636e+001 -4.029270e+001
    endloop
  endfacet
  facet normal  7.071068e-001  7.071068e-001  0.000000e+000
    outer loop
      vertex  2.137203e+001 -1.783650e+001 -1.833533e+001
      vertex  2.167189e+001 -1.813636e+001 -4.029270e+001
      vertex  2.161744e+001 -1.808190e+001 -4.019342e+001
    endloop
  endfacet
  facet normal  7.071068e-001  7.071068e-001  0.000000e+000
    outer loop
      vertex  2.137203e+001 -1.783650e+001 -1.833533e+001
      vertex  2.161744e+001 -1.808190e+001 -4.019342e+001
      vertex  2.155869e+001 -1.802315e+001 -4.009918e+001
    endloop
  endfacet
  facet normal  7.071068e-001  7.071068e-001  0.000000e+000
    outer loop
      vertex  2.137203e+001 -1.783650e+001 -1.833533e+001
      vertex  2.155869e+001 -1.802315e+001 -4.009918e+001
      vertex  2.149586e+001 -1.796033e+001 -4.001033e+001
    endloop
  endfacet
  facet normal  7.071068e-001  7.071068e-001  0.000000e+000
    outer loop
      vertex  2.137203e+001 -1.783650e+001 -1.833533e+001
      vertex  2.149586e+001 -1.796033e+001 -4.001033e+001
      vertex  2.142922e+001 -1.789369e+001 -3.992725e+001
    endloop
  endfacet
  facet normal  7.071067e-001  7.071067e-001  0.000000e+000
    outer loop
      vertex  2.137203e+001 -1.783650e+001 -1.833533e+001
      vertex  2.142922e+001 -1.789369e+001 -3.992725e+001
      vertex  2.135902e+001 -1.782349e+001 -3.985024e+001
    endloop
  endfacet
  facet normal  7.071068e-001  7.071068e-001  0.000000e+000
    outer loop
      vertex  2.137203e+001 -1.783650e+001 -1.833533e+001
      vertex  2.135902e+001 -1.782349e+001 -3.985024e+001
      vertex  2.128554e+001 -1.775001e+001 -3.977962e+001
    endloop
  endfacet
  facet normal  7.071068e-001  7.071068e-001  0.000000e+000
    outer loop
      vertex  2.137203e+001 -1.783650e+001 -1.833533e+001
      vertex  2.128554e+001 -1.775001e+001 -3.977962e+001
      vertex  2.120907e+001 -1.767354e+001 -3.971566e+001
    endloop
  endfacet
  facet normal  7.071068e-001  7.071068e-001  0.000000e+000
    outer loop
      vertex  2.137203e+001 -1.783650e+001 -1.833533e+001
      vertex  2.120907e+001 -1.767354e+001 -3.971566e+001
      vertex  2.112991e+001 -1.759438e+001 -3.965862e+001
    endloop
  endfacet
  facet normal  7.071068e-001  7.071068e-001  0.000000e+000
    outer loop
      vertex  2.137203e+001 -1.783650e+001 -1.833533e+001
      vertex  2.112991e+001 -1.759438e+001 -3.965862e+001
      vertex  2.104837e+001 -1.751284e+001 -3.960872e+001
    endloop
  endfacet
  facet normal  7.071068e-001  7.071068e-001  0.000000e+000
    outer loop
      vertex  2.137203e+001 -1.783650e+001 -1.833533e+001
      vertex  2.104837e+001 -1.751284e+001 -3.960872e+001
      vertex  2.096478e+001 -1.742925e+001 -3.956616e+001
    endloop
  endfacet
  facet normal  7.071068e-001  7.071068e-001  0.000000e+000
    outer loop
      vertex  2.137203e+001 -1.783650e+001 -1.833533e+001
      vertex  2.096478e+001 -1.742925e+001 -3.956616e+001
      vertex  2.087947e+001 -1.734394e+001 -3.953111e+001
    endloop
  endfacet
  facet normal  7.071068e-001  7.071068e-001  0.000000e+000
    outer loop
      vertex  2.137203e+001 -1.783650e+001 -1.833533e+001
      vertex  2.087947e+001 -1.734394e+001 -3.953111e+001
      vertex  2.079276e+001 -1.725723e+001 -3.950370e+001
    endloop
  endfacet
  facet normal  7.071068e-001  7.071068e-001  0.000000e+000
    outer loop
      vertex  2.137203e+001 -1.783650e+001 -1.833533e+001
      vertex  2.079276e+001 -1.725723e+001 -3.950370e+001
      vertex  2.070502e+001 -1.716948e+001 -3.948404e+001
    endloop
  endfacet
  facet normal  7.071068e-001  7.071068e-001  0.000000e+000
    outer loop
      vertex  2.137203e+001 -1.783650e+001 -1.833533e+001
      vertex  2.070502e+001 -1.716948e+001 -3.948404e+001
      vertex  2.061657e+001 -1.708103e+001 -3.947222e+001
    endloop
  endfacet
  facet normal  7.071068e-001  7.071068e-001  0.000000e+000
    outer loop
      vertex  2.137203e+001 -1.783650e+001 -1.833533e+001
      vertex  2.061657e+001 -1.708103e+001 -3.947222e+001
      vertex  2.052777e+001 -1.699223e+001 -3.946827e+001
    endloop
  endfacet
  facet normal  7.071068e-001  7.071068e-001  0.000000e+000
    outer loop
      vertex  1.962963e+001 -1.609409e+001 -8.373939e+000
      vertex  1.962631e+001 -1.609078e+001 -3.992725e+001
      vertex  1.958832e+001 -1.605278e+001 -8.563983e+000
    endloop
  endfacet
  facet normal  7.071068e-001  7.071068e-001  0.000000e+000
    outer loop
      vertex  1.958832e+001 -1.605278e+001 -8.563983e+000
      vertex  1.962631e+001 -1.609078e+001 -3.992725e+001
      vertex  1.955967e+001 -1.602414e+001 -4.001033e+001
    endloop
  endfacet
  facet normal  7.071068e-001  7.071068e-001  0.000000e+000
    outer loop
      vertex  1.958832e+001 -1.605278e+001 -8.563983e+000
      vertex  1.955967e+001 -1.602414e+001 -4.001033e+001
      vertex  1.954169e+001 -1.600616e+001 -8.751554e+000
    endloop
  endfacet
  facet normal  7.071121e-001  7.071014e-001  6.178141e-009
    outer loop
      vertex  1.954169e+001 -1.600616e+001 -8.751554e+000
      vertex  1.955967e+001 -1.602414e+001 -4.001033e+001
      vertex  1.949685e+001 -1.596132e+001 -4.009918e+001
    endloop
  endfacet
  facet normal  7.071067e-001  7.071068e-001  2.161823e-008
    outer loop
      vertex  1.954169e+001 -1.600616e+001 -8.751554e+000
      vertex  1.949685e+001 -1.596132e+001 -4.009918e+001
      vertex  1.948984e+001 -1.595430e+001 -8.936356e+000
    endloop
  endfacet
  facet normal  7.071010e-001  7.071126e-001  1.904485e-008
    outer loop
      vertex  1.948984e+001 -1.595430e+001 -8.936356e+000
      vertex  1.949685e+001 -1.596132e+001 -4.009918e+001
      vertex  1.943810e+001 -1.590256e+001 -4.019342e+001
    endloop
  endfacet
  facet normal  7.071008e-001  7.071127e-001  1.968990e-008
    outer loop
      vertex  1.948984e+001 -1.595430e+001 -8.936356e+000
      vertex  1.943810e+001 -1.590256e+001 -4.019342e+001
      vertex  1.943282e+001 -1.589729e+001 -9.118095e+000
    endloop
  endfacet
  facet normal  7.071068e-001  7.071068e-001  2.168997e-008
    outer loop
      vertex  1.943282e+001 -1.589729e+001 -9.118095e+000
      vertex  1.943810e+001 -1.590256e+001 -4.019342e+001
      vertex  1.938364e+001 -1.584811e+001 -4.029270e+001
    endloop
  endfacet
  facet normal  7.071068e-001  7.071068e-001  2.172855e-008
    outer loop
      vertex  1.943282e+001 -1.589729e+001 -9.118095e+000
      vertex  1.938364e+001 -1.584811e+001 -4.029270e+001
      vertex  1.937075e+001 -1.583521e+001 -9.296487e+000
    endloop
  endfacet
  facet normal  7.071068e-001  7.071068e-001  2.173290e-008
    outer loop
      vertex  1.937075e+001 -1.583521e+001 -9.296487e+000
      vertex  1.938364e+001 -1.584811e+001 -4.029270e+001
      vertex  1.933371e+001 -1.579817e+001 -4.039662e+001
    endloop
  endfacet
  facet normal  7.071118e-001  7.071017e-001  9.742541e-009
    outer loop
      vertex  1.937075e+001 -1.583521e+001 -9.296487e+000
      vertex  1.933371e+001 -1.579817e+001 -4.039662e+001
      vertex  1.930371e+001 -1.576817e+001 -9.471246e+000
    endloop
  endfacet
  facet normal  7.071068e-001  7.071068e-001  0.000000e+000
    outer loop
      vertex  1.930371e+001 -1.576817e+001 -9.471246e+000
      vertex  1.933371e+001 -1.579817e+001 -4.039662e+001
      vertex  1.928848e+001 -1.575295e+001 -4.050476e+001
    endloop
  endfacet
  facet normal  7.071068e-001  7.071068e-001  0.000000e+000
    outer loop
      vertex  1.930371e+001 -1.576817e+001 -9.471246e+000
      vertex  1.928848e+001 -1.575295e+001 -4.050476e+001
      vertex  1.923180e+001 -1.569627e+001 -9.642097e+000
    endloop
  endfacet
  facet normal  7.070985e-001  7.071152e-001 -3.056086e-008
    outer loop
      vertex  1.923180e+001 -1.569627e+001 -9.642097e+000
      vertex  1.928848e+001 -1.575295e+001 -4.050476e+001
      vertex  1.924815e+001 -1.571262e+001 -4.061671e+001
    endloop
  endfacet
  facet normal  7.071024e-001  7.071111e-001 -2.639027e-008
    outer loop
      vertex  1.923180e+001 -1.569627e+001 -9.642097e+000
      vertex  1.924815e+001 -1.571262e+001 -4.061671e+001
      vertex  1.915516e+001 -1.561962e+001 -9.808772e+000
    endloop
  endfacet
  facet normal  7.071068e-001  7.071068e-001  0.000000e+000
    outer loop
      vertex  1.915516e+001 -1.561962e+001 -9.808772e+000
      vertex  1.924815e+001 -1.571262e+001 -4.061671e+001
      vertex  1.921286e+001 -1.567733e+001 -4.073202e+001
    endloop
  endfacet
  facet normal  7.071068e-001  7.071068e-001  0.000000e+000
    outer loop
      vertex  1.915516e+001 -1.561962e+001 -9.808772e+000
      vertex  1.921286e+001 -1.567733e+001 -4.073202e+001
      vertex  1.918277e+001 -1.564724e+001 -4.085024e+001
    endloop
  endfacet
  facet normal  7.071068e-001  7.071068e-001  0.000000e+000
    outer loop
      vertex  2.128894e+001 -1.775341e+001 -1.703297e+001
      vertex  2.129441e+001 -1.775888e+001 -1.729462e+001
      vertex  2.055696e+001 -1.702142e+001  3.314810e+000
    endloop
  endfacet
  facet normal  7.071068e-001  7.071068e-001  0.000000e+000
    outer loop
      vertex  2.055696e+001 -1.702142e+001  3.314810e+000
      vertex  2.129441e+001 -1.775888e+001 -1.729462e+001
      vertex  2.052777e+001 -1.699223e+001 -3.946827e+001
    endloop
  endfacet
  facet normal  7.071068e-001  7.071068e-001  0.000000e+000
    outer loop
      vertex  2.055696e+001 -1.702142e+001  3.314810e+000
      vertex  2.052777e+001 -1.699223e+001 -3.946827e+001
      vertex  2.052571e+001 -1.699018e+001  3.589242e+000
    endloop
  endfacet
  facet normal  7.071068e-001  7.071068e-001  0.000000e+000
    outer loop
      vertex  2.052571e+001 -1.699018e+001  3.589242e+000
      vertex  2.052777e+001 -1.699223e+001 -3.946827e+001
      vertex  1.975455e+001 -1.621902e+001 -7.397251e+000
    endloop
  endfacet
  facet normal  7.071067e-001  7.071068e-001 -1.193333e-006
    outer loop
      vertex  9.741680e+000 -6.206146e+000 -1.097472e+001
      vertex  1.418633e+001 -1.065080e+001 -1.107986e+001
      vertex  9.823195e+000 -6.287662e+000 -1.123093e+001
    endloop
  endfacet
  facet normal  7.071067e-001  7.071069e-001  0.000000e+000
    outer loop
      vertex  9.823195e+000 -6.287662e+000 -1.123093e+001
      vertex  1.418633e+001 -1.065080e+001 -1.107986e+001
      vertex  1.430264e+001 -1.076711e+001 -1.119155e+001
    endloop
  endfacet
  facet normal  7.071067e-001  7.071068e-001 -8.867172e-008
    outer loop
      vertex  9.823195e+000 -6.287662e+000 -1.123093e+001
      vertex  1.430264e+001 -1.076711e+001 -1.119155e+001
      vertex  1.442200e+001 -1.088646e+001 -1.129661e+001
    endloop
  endfacet
  facet normal  7.071068e-001  7.071068e-001  0.000000e+000
    outer loop
      vertex  9.665286e+000 -6.129752e+000 -1.071537e+001
      vertex  1.396359e+001 -1.042805e+001 -1.083731e+001
      vertex  9.741680e+000 -6.206146e+000 -1.097472e+001
    endloop
  endfacet
  facet normal  7.071068e-001  7.071068e-001  0.000000e+000
    outer loop
      vertex  9.741680e+000 -6.206146e+000 -1.097472e+001
      vertex  1.396359e+001 -1.042805e+001 -1.083731e+001
      vertex  1.407325e+001 -1.053772e+001 -1.096172e+001
    endloop
  endfacet
  facet normal  7.071068e-001  7.071068e-001  0.000000e+000
    outer loop
      vertex  9.741680e+000 -6.206146e+000 -1.097472e+001
      vertex  1.407325e+001 -1.053772e+001 -1.096172e+001
      vertex  1.418633e+001 -1.065080e+001 -1.107986e+001
    endloop
  endfacet
  facet normal  7.071068e-001  7.071068e-001  0.000000e+000
    outer loop
      vertex  9.594074e+000 -6.058540e+000 -1.045309e+001
      vertex  1.375517e+001 -1.021964e+001 -1.057051e+001
      vertex  9.665286e+000 -6.129752e+000 -1.071537e+001
    endloop
  endfacet
  facet normal  7.071068e-001  7.071068e-001  0.000000e+000
    outer loop
      vertex  9.665286e+000 -6.129752e+000 -1.071537e+001
      vertex  1.375517e+001 -1.021964e+001 -1.057051e+001
      vertex  1.385750e+001 -1.032197e+001 -1.070684e+001
    endloop
  endfacet
  facet normal  7.071068e-001  7.071068e-001  0.000000e+000
    outer loop
      vertex  9.665286e+000 -6.129752e+000 -1.071537e+001
      vertex  1.385750e+001 -1.032197e+001 -1.070684e+001
      vertex  1.396359e+001 -1.042805e+001 -1.083731e+001
    endloop
  endfacet
  facet normal  7.071068e-001  7.071068e-001  0.000000e+000
    outer loop
      vertex  9.528100e+000 -5.992566e+000 -1.018808e+001
      vertex  1.356241e+001 -1.002687e+001 -1.028113e+001
      vertex  9.594074e+000 -6.058540e+000 -1.045309e+001
    endloop
  endfacet
  facet normal  7.071068e-001  7.071068e-001  0.000000e+000
    outer loop
      vertex  9.594074e+000 -6.058540e+000 -1.045309e+001
      vertex  1.356241e+001 -1.002687e+001 -1.028113e+001
      vertex  1.365675e+001 -1.012122e+001 -1.042853e+001
    endloop
  endfacet
  facet normal  7.071068e-001  7.071068e-001  0.000000e+000
    outer loop
      vertex  9.594074e+000 -6.058540e+000 -1.045309e+001
      vertex  1.365675e+001 -1.012122e+001 -1.042853e+001
      vertex  1.375517e+001 -1.021964e+001 -1.057051e+001
    endloop
  endfacet
  facet normal  7.071068e-001  7.071068e-001  0.000000e+000
    outer loop
      vertex  1.347227e+001 -9.936741e+000 -1.012854e+001
      vertex  9.528100e+000 -5.992566e+000 -1.018808e+001
      vertex  1.338651e+001 -9.850972e+000 -9.971005e+000
    endloop
  endfacet
  facet normal  7.071068e-001  7.071068e-001 -1.290146e-006
    outer loop
      vertex  1.338651e+001 -9.850972e+000 -9.971005e+000
      vertex  9.528100e+000 -5.992566e+000 -1.018808e+001
      vertex  9.467417e+000 -5.931882e+000 -9.920560e+000
    endloop
  endfacet
  facet normal  7.071068e-001  7.071068e-001  0.000000e+000
    outer loop
      vertex  1.338651e+001 -9.850972e+000 -9.971005e+000
      vertex  9.467417e+000 -5.931882e+000 -9.920560e+000
      vertex  1.330523e+001 -9.769699e+000 -9.808772e+000
    endloop
  endfacet
  facet normal  7.071068e-001  7.071067e-001  2.589328e-006
    outer loop
      vertex  1.330523e+001 -9.769699e+000 -9.808772e+000
      vertex  9.467417e+000 -5.931882e+000 -9.920560e+000
      vertex  9.412070e+000 -5.876537e+000 -9.650732e+000
    endloop
  endfacet
  facet normal  7.071068e-001  7.071069e-001  0.000000e+000
    outer loop
      vertex  1.330523e+001 -9.769699e+000 -9.808772e+000
      vertex  9.412070e+000 -5.876537e+000 -9.650732e+000
      vertex  1.322859e+001 -9.693051e+000 -9.642097e+000
    endloop
  endfacet
  facet normal  7.071068e-001  7.071068e-001  0.000000e+000
    outer loop
      vertex  1.322859e+001 -9.693051e+000 -9.642097e+000
      vertex  9.412070e+000 -5.876537e+000 -9.650732e+000
      vertex  1.315668e+001 -9.621149e+000 -9.471246e+000
    endloop
  endfacet
  facet normal  7.071067e-001  7.071068e-001  0.000000e+000
    outer loop
      vertex  1.315668e+001 -9.621149e+000 -9.471246e+000
      vertex  9.412070e+000 -5.876537e+000 -9.650732e+000
      vertex  9.362106e+000 -5.826573e+000 -9.378812e+000
    endloop
  endfacet
  facet normal  7.071067e-001  7.071068e-001  0.000000e+000
    outer loop
      vertex  1.315668e+001 -9.621149e+000 -9.471246e+000
      vertex  9.362106e+000 -5.826573e+000 -9.378812e+000
      vertex  1.308964e+001 -9.554107e+000 -9.296487e+000
    endloop
  endfacet
  facet normal  7.071067e-001  7.071068e-001  0.000000e+000
    outer loop
      vertex  1.308964e+001 -9.554107e+000 -9.296487e+000
      vertex  9.362106e+000 -5.826573e+000 -9.378812e+000
      vertex  1.302757e+001 -9.492031e+000 -9.118095e+000
    endloop
  endfacet
  facet normal  7.071068e-001  7.071068e-001 -1.328495e-006
    outer loop
      vertex  1.302757e+001 -9.492031e+000 -9.118095e+000
      vertex  9.362106e+000 -5.826573e+000 -9.378812e+000
      vertex  9.317564e+000 -5.782030e+000 -9.105014e+000
    endloop
  endfacet
  facet normal  7.071068e-001  7.071068e-001  0.000000e+000
    outer loop
      vertex  1.302757e+001 -9.492031e+000 -9.118095e+000
      vertex  9.317564e+000 -5.782030e+000 -9.105014e+000
      vertex  1.297055e+001 -9.435019e+000 -8.936356e+000
    endloop
  endfacet
  facet normal  7.071068e-001  7.071068e-001  0.000000e+000
    outer loop
      vertex  1.297055e+001 -9.435019e+000 -8.936356e+000
      vertex  9.317564e+000 -5.782030e+000 -9.105014e+000
      vertex  9.278478e+000 -5.742944e+000 -8.829555e+000
    endloop
  endfacet
  facet normal  7.071068e-001  7.071068e-001  0.000000e+000
    outer loop
      vertex  1.297055e+001 -9.435019e+000 -8.936356e+000
      vertex  9.278478e+000 -5.742944e+000 -8.829555e+000
      vertex  1.291869e+001 -9.383161e+000 -8.751554e+000
    endloop
  endfacet
  facet normal  7.071068e-001  7.071068e-001  0.000000e+000
    outer loop
      vertex  1.291869e+001 -9.383161e+000 -8.751554e+000
      vertex  9.278478e+000 -5.742944e+000 -8.829555e+000
      vertex  1.287207e+001 -9.336539e+000 -8.563983e+000
    endloop
  endfacet
  facet normal  7.071069e-001  7.071068e-001 -6.716624e-007
    outer loop
      vertex  1.287207e+001 -9.336539e+000 -8.563983e+000
      vertex  9.278478e+000 -5.742944e+000 -8.829555e+000
      vertex  9.244879e+000 -5.709344e+000 -8.552651e+000
    endloop
  endfacet
  facet normal  7.071068e-001  7.071067e-001  0.000000e+000
    outer loop
      vertex  1.287207e+001 -9.336539e+000 -8.563983e+000
      vertex  9.244879e+000 -5.709344e+000 -8.552651e+000
      vertex  1.283076e+001 -9.295227e+000 -8.373939e+000
    endloop
  endfacet
  facet normal  7.071067e-001  7.071067e-001  1.345525e-006
    outer loop
      vertex  1.283076e+001 -9.295227e+000 -8.373939e+000
      vertex  9.244879e+000 -5.709344e+000 -8.552651e+000
      vertex  9.216793e+000 -5.681259e+000 -8.274522e+000
    endloop
  endfacet
  facet normal  7.071068e-001  7.071068e-001  0.000000e+000
    outer loop
      vertex  1.283076e+001 -9.295227e+000 -8.373939e+000
      vertex  9.216793e+000 -5.681259e+000 -8.274522e+000
      vertex  1.279482e+001 -9.259291e+000 -8.181723e+000
    endloop
  endfacet
  facet normal  7.071068e-001  7.071068e-001  0.000000e+000
    outer loop
      vertex  1.279482e+001 -9.259291e+000 -8.181723e+000
      vertex  9.216793e+000 -5.681259e+000 -8.274522e+000
      vertex  1.276432e+001 -9.228786e+000 -7.987637e+000
    endloop
  endfacet
  facet normal  7.071068e-001  7.071068e-001  0.000000e+000
    outer loop
      vertex  1.276432e+001 -9.228786e+000 -7.987637e+000
      vertex  9.216793e+000 -5.681259e+000 -8.274522e+000
      vertex  9.194243e+000 -5.658710e+000 -7.995387e+000
    endloop
  endfacet
  facet normal  7.071068e-001  7.071068e-001  0.000000e+000
    outer loop
      vertex  1.276432e+001 -9.228786e+000 -7.987637e+000
      vertex  9.194243e+000 -5.658710e+000 -7.995387e+000
      vertex  1.273930e+001 -9.203761e+000 -7.791990e+000
    endloop
  endfacet
  facet normal  7.071068e-001  7.071067e-001 -6.771996e-007
    outer loop
      vertex  1.273930e+001 -9.203761e+000 -7.791990e+000
      vertex  9.194243e+000 -5.658710e+000 -7.995387e+000
      vertex  9.177248e+000 -5.641714e+000 -7.715466e+000
    endloop
  endfacet
  facet normal  7.071068e-001  7.071067e-001  0.000000e+000
    outer loop
      vertex  1.273930e+001 -9.203761e+000 -7.791990e+000
      vertex  9.177248e+000 -5.641714e+000 -7.715466e+000
      vertex  1.271979e+001 -9.184257e+000 -7.595091e+000
    endloop
  endfacet
  facet normal  7.071069e-001  7.071068e-001  6.777340e-007
    outer loop
      vertex  1.271979e+001 -9.184257e+000 -7.595091e+000
      vertex  9.177248e+000 -5.641714e+000 -7.715466e+000
      vertex  9.165819e+000 -5.630285e+000 -7.434981e+000
    endloop
  endfacet
  facet normal  7.071068e-001  7.071068e-001  0.000000e+000
    outer loop
      vertex  1.271979e+001 -9.184257e+000 -7.595091e+000
      vertex  9.165819e+000 -5.630285e+000 -7.434981e+000
      vertex  1.270584e+001 -9.170302e+000 -7.397251e+000
    endloop
  endfacet
  facet normal  7.071068e-001  7.071068e-001  0.000000e+000
    outer loop
      vertex  1.270584e+001 -9.170302e+000 -7.397251e+000
      vertex  9.165819e+000 -5.630285e+000 -7.434981e+000
      vertex  1.269746e+001 -9.161922e+000 -7.198782e+000
    endloop
  endfacet
  facet normal  7.071068e-001  7.071068e-001  0.000000e+000
    outer loop
      vertex  1.269746e+001 -9.161922e+000 -7.198782e+000
      vertex  9.165819e+000 -5.630285e+000 -7.434981e+000
      vertex  9.159966e+000 -5.624433e+000 -7.154152e+000
    endloop
  endfacet
  facet normal  7.071068e-001  7.071068e-001  0.000000e+000
    outer loop
      vertex  1.269746e+001 -9.161922e+000 -7.198782e+000
      vertex  9.159966e+000 -5.624433e+000 -7.154152e+000
      vertex  1.269466e+001 -9.159126e+000 -7.000000e+000
    endloop
  endfacet
  facet normal  7.071067e-001  7.071067e-001  0.000000e+000
    outer loop
      vertex  1.269466e+001 -9.159126e+000 -7.000000e+000
      vertex  9.159966e+000 -5.624433e+000 -7.154152e+000
      vertex  9.159695e+000 -5.624161e+000 -6.873201e+000
    endloop
  endfacet
  facet normal  7.071068e-001  7.071068e-001  0.000000e+000
    outer loop
      vertex  1.269466e+001 -9.159126e+000 -7.000000e+000
      vertex  9.159695e+000 -5.624161e+000 -6.873201e+000
      vertex  1.269746e+001 -9.161922e+000 -6.801218e+000
    endloop
  endfacet
  facet normal  7.071068e-001  7.071068e-001  0.000000e+000
    outer loop
      vertex  1.269746e+001 -9.161922e+000 -6.801218e+000
      vertex  9.159695e+000 -5.624161e+000 -6.873201e+000
      vertex  1.270584e+001 -9.170302e+000 -6.602749e+000
    endloop
  endfacet
  facet normal  7.071067e-001  7.071068e-001  1.356159e-006
    outer loop
      vertex  1.270584e+001 -9.170302e+000 -6.602749e+000
      vertex  9.159695e+000 -5.624161e+000 -6.873201e+000
      vertex  9.165004e+000 -5.629470e+000 -6.592351e+000
    endloop
  endfacet
  facet normal  7.071068e-001  7.071068e-001  0.000000e+000
    outer loop
      vertex  1.270584e+001 -9.170302e+000 -6.602749e+000
      vertex  9.165004e+000 -5.629470e+000 -6.592351e+000
      vertex  1.271979e+001 -9.184257e+000 -6.404909e+000
    endloop
  endfacet
  facet normal  7.071067e-001  7.071068e-001 -6.776154e-007
    outer loop
      vertex  1.271979e+001 -9.184257e+000 -6.404909e+000
      vertex  9.165004e+000 -5.629470e+000 -6.592351e+000
      vertex  9.175890e+000 -5.640356e+000 -6.311822e+000
    endloop
  endfacet
  facet normal  7.071068e-001  7.071068e-001  0.000000e+000
    outer loop
      vertex  1.271979e+001 -9.184257e+000 -6.404909e+000
      vertex  9.175890e+000 -5.640356e+000 -6.311822e+000
      vertex  1.273930e+001 -9.203761e+000 -6.208010e+000
    endloop
  endfacet
  facet normal  7.071068e-001  7.071068e-001  0.000000e+000
    outer loop
      vertex  1.273930e+001 -9.203761e+000 -6.208010e+000
      vertex  9.175890e+000 -5.640356e+000 -6.311822e+000
      vertex  9.192345e+000 -5.656811e+000 -6.031837e+000
    endloop
  endfacet
  facet normal  7.071068e-001  7.071068e-001  0.000000e+000
    outer loop
      vertex  1.273930e+001 -9.203761e+000 -6.208010e+000
      vertex  9.192345e+000 -5.656811e+000 -6.031837e+000
      vertex  1.276432e+001 -9.228786e+000 -6.012363e+000
    endloop
  endfacet
  facet normal  7.071068e-001  7.071068e-001  0.000000e+000
    outer loop
      vertex  1.276432e+001 -9.228786e+000 -6.012363e+000
      vertex  9.192345e+000 -5.656811e+000 -6.031837e+000
      vertex  1.279482e+001 -9.259291e+000 -5.818278e+000
    endloop
  endfacet
  facet normal  7.071068e-001  7.071068e-001  1.347099e-006
    outer loop
      vertex  1.279482e+001 -9.259291e+000 -5.818278e+000
      vertex  9.192345e+000 -5.656811e+000 -6.031837e+000
      vertex  9.214354e+000 -5.678820e+000 -5.752615e+000
    endloop
  endfacet
  facet normal  7.071068e-001  7.071068e-001  0.000000e+000
    outer loop
      vertex  1.279482e+001 -9.259291e+000 -5.818278e+000
      vertex  9.214354e+000 -5.678820e+000 -5.752615e+000
      vertex  1.283076e+001 -9.295227e+000 -5.626061e+000
    endloop
  endfacet
  facet normal  7.071068e-001  7.071068e-001 -6.725126e-007
    outer loop
      vertex  1.283076e+001 -9.295227e+000 -5.626061e+000
      vertex  9.214354e+000 -5.678820e+000 -5.752615e+000
      vertex  9.241901e+000 -5.706367e+000 -5.474379e+000
    endloop
  endfacet
  facet normal  7.071068e-001  7.071068e-001  0.000000e+000
    outer loop
      vertex  1.283076e+001 -9.295227e+000 -5.626061e+000
      vertex  9.241901e+000 -5.706367e+000 -5.474379e+000
      vertex  1.287207e+001 -9.336539e+000 -5.436017e+000
    endloop
  endfacet
  facet normal  7.071068e-001  7.071068e-001  0.000000e+000
    outer loop
      vertex  1.287207e+001 -9.336539e+000 -5.436017e+000
      vertex  9.241901e+000 -5.706367e+000 -5.474379e+000
      vertex  1.291869e+001 -9.383161e+000 -5.248446e+000
    endloop
  endfacet
  facet normal  7.071067e-001  7.071068e-001  6.669329e-007
    outer loop
      vertex  1.291869e+001 -9.383161e+000 -5.248446e+000
      vertex  9.241901e+000 -5.706367e+000 -5.474379e+000
      vertex  9.274964e+000 -5.739431e+000 -5.197346e+000
    endloop
  endfacet
  facet normal  7.071067e-001  7.071068e-001  0.000000e+000
    outer loop
      vertex  1.291869e+001 -9.383161e+000 -5.248446e+000
      vertex  9.274964e+000 -5.739431e+000 -5.197346e+000
      vertex  1.297055e+001 -9.435019e+000 -5.063644e+000
    endloop
  endfacet
  facet normal  7.071067e-001  7.071069e-001  0.000000e+000
    outer loop
      vertex  1.297055e+001 -9.435019e+000 -5.063644e+000
      vertex  9.274964e+000 -5.739431e+000 -5.197346e+000
      vertex  9.313518e+000 -5.777984e+000 -4.921737e+000
    endloop
  endfacet
  facet normal  7.071068e-001  7.071068e-001  0.000000e+000
    outer loop
      vertex  1.297055e+001 -9.435019e+000 -5.063644e+000
      vertex  9.313518e+000 -5.777984e+000 -4.921737e+000
      vertex  1.302757e+001 -9.492031e+000 -4.881904e+000
    endloop
  endfacet
  facet normal  7.071068e-001  7.071068e-001  0.000000e+000
    outer loop
      vertex  1.302757e+001 -9.492031e+000 -4.881904e+000
      vertex  9.313518e+000 -5.777984e+000 -4.921737e+000
      vertex  1.308964e+001 -9.554107e+000 -4.703514e+000
    endloop
  endfacet
  facet normal  7.071068e-001  7.071068e-001  0.000000e+000
    outer loop
      vertex  1.308964e+001 -9.554107e+000 -4.703514e+000
      vertex  9.313518e+000 -5.777984e+000 -4.921737e+000
      vertex  9.357531e+000 -5.821997e+000 -4.647768e+000
    endloop
  endfacet
  facet normal  7.071067e-001  7.071068e-001  0.000000e+000
    outer loop
      vertex  1.308964e+001 -9.554107e+000 -4.703514e+000
      vertex  9.357531e+000 -5.821997e+000 -4.647768e+000
      vertex  1.315668e+001 -9.621149e+000 -4.528754e+000
    endloop
  endfacet
  facet normal  7.071068e-001  7.071068e-001 -2.624152e-006
    outer loop
      vertex  1.315668e+001 -9.621149e+000 -4.528754e+000
      vertex  9.357531e+000 -5.821997e+000 -4.647768e+000
      vertex  9.406969e+000 -5.871435e+000 -4.375655e+000
    endloop
  endfacet
  facet normal  7.071068e-001  7.071067e-001  0.000000e+000
    outer loop
      vertex  1.315668e+001 -9.621149e+000 -4.528754e+000
      vertex  9.406969e+000 -5.871435e+000 -4.375655e+000
      vertex  1.322859e+001 -9.693051e+000 -4.357902e+000
    endloop
  endfacet
  facet normal  7.071069e-001  7.071068e-001  0.000000e+000
    outer loop
      vertex  1.322859e+001 -9.693051e+000 -4.357902e+000
      vertex  9.406969e+000 -5.871435e+000 -4.375655e+000
      vertex  1.330523e+001 -9.769699e+000 -4.191228e+000
    endloop
  endfacet
  facet normal  7.071068e-001  7.071068e-001  2.587233e-006
    outer loop
      vertex  1.330523e+001 -9.769699e+000 -4.191228e+000
      vertex  9.406969e+000 -5.871435e+000 -4.375655e+000
      vertex  9.461792e+000 -5.926259e+000 -4.105614e+000
    endloop
  endfacet
  facet normal  7.071067e-001  7.071069e-001  0.000000e+000
    outer loop
      vertex  1.330523e+001 -9.769699e+000 -4.191228e+000
      vertex  9.461792e+000 -5.926259e+000 -4.105614e+000
      vertex  1.338651e+001 -9.850972e+000 -4.028995e+000
    endloop
  endfacet
  facet normal  7.071068e-001  7.071068e-001  0.000000e+000
    outer loop
      vertex  1.338651e+001 -9.850972e+000 -4.028995e+000
      vertex  9.461792e+000 -5.926259e+000 -4.105614e+000
      vertex  1.347227e+001 -9.936741e+000 -3.871460e+000
    endloop
  endfacet
  facet normal  7.071068e-001  7.071068e-001 -1.272664e-006
    outer loop
      vertex  1.347227e+001 -9.936741e+000 -3.871460e+000
      vertex  9.461792e+000 -5.926259e+000 -4.105614e+000
      vertex  9.521958e+000 -5.986424e+000 -3.837858e+000
    endloop
  endfacet
  facet normal  7.071068e-001  7.071068e-001  0.000000e+000
    outer loop
      vertex  1.347227e+001 -9.936741e+000 -3.871460e+000
      vertex  9.521958e+000 -5.986424e+000 -3.837858e+000
      vertex  1.356241e+001 -1.002687e+001 -3.718871e+000
    endloop
  endfacet
  facet normal  7.071068e-001  7.071068e-001  0.000000e+000
    outer loop
      vertex  1.356241e+001 -1.002687e+001 -3.718871e+000
      vertex  9.521958e+000 -5.986424e+000 -3.837858e+000
      vertex  9.587420e+000 -6.051886e+000 -3.572597e+000
    endloop
  endfacet
  facet normal  7.071068e-001  7.071068e-001  0.000000e+000
    outer loop
      vertex  1.356241e+001 -1.002687e+001 -3.718871e+000
      vertex  9.587420e+000 -6.051886e+000 -3.572597e+000
      vertex  1.365675e+001 -1.012122e+001 -3.571471e+000
    endloop
  endfacet
  facet normal  7.071068e-001  7.071068e-001  0.000000e+000
    outer loop
      vertex  1.365675e+001 -1.012122e+001 -3.571471e+000
      vertex  9.587420e+000 -6.051886e+000 -3.572597e+000
      vertex  1.375517e+001 -1.021964e+001 -3.429492e+000
    endloop
  endfacet
  facet normal  7.071068e-001  7.071068e-001  0.000000e+000
    outer loop
      vertex  1.375517e+001 -1.021964e+001 -3.429492e+000
      vertex  9.587420e+000 -6.051886e+000 -3.572597e+000
      vertex  9.658124e+000 -6.122590e+000 -3.310042e+000
    endloop
  endfacet
  facet normal  7.071068e-001  7.071068e-001  0.000000e+000
    outer loop
      vertex  1.375517e+001 -1.021964e+001 -3.429492e+000
      vertex  9.658124e+000 -6.122590e+000 -3.310042e+000
      vertex  1.385750e+001 -1.032197e+001 -3.293159e+000
    endloop
  endfacet
  facet normal  7.071068e-001  7.071068e-001  0.000000e+000
    outer loop
      vertex  1.385750e+001 -1.032197e+001 -3.293159e+000
      vertex  9.658124e+000 -6.122590e+000 -3.310042e+000
      vertex  1.396359e+001 -1.042805e+001 -3.162687e+000
    endloop
  endfacet
  facet normal  7.071068e-001  7.071068e-001 -1.218671e-006
    outer loop
      vertex  1.396359e+001 -1.042805e+001 -3.162687e+000
      vertex  9.658124e+000 -6.122590e+000 -3.310042e+000
      vertex  9.734016e+000 -6.198482e+000 -3.050400e+000
    endloop
  endfacet
  facet normal  7.071068e-001  7.071067e-001  0.000000e+000
    outer loop
      vertex  1.396359e+001 -1.042805e+001 -3.162687e+000
      vertex  9.734016e+000 -6.198482e+000 -3.050400e+000
      vertex  1.407325e+001 -1.053772e+001 -3.038282e+000
    endloop
  endfacet
  facet normal  7.071066e-001  7.071069e-001  0.000000e+000
    outer loop
      vertex  1.707169e+001 -1.353615e+001 -4.252232e+001
      vertex  1.938364e+001 -1.584811e+001 -4.264384e+001
      vertex  1.710411e+001 -1.356858e+001 -4.271616e+001
    endloop
  endfacet
  facet normal  7.071066e-001  7.071069e-001  0.000000e+000
    outer loop
      vertex  1.710411e+001 -1.356858e+001 -4.271616e+001
      vertex  1.938364e+001 -1.584811e+001 -4.264384e+001
      vertex  1.943810e+001 -1.590256e+001 -4.274312e+001
    endloop
  endfacet
  facet normal  7.071067e-001  7.071069e-001  7.044285e-006
    outer loop
      vertex  1.710411e+001 -1.356858e+001 -4.271616e+001
      vertex  1.943810e+001 -1.590256e+001 -4.274312e+001
      vertex  1.949685e+001 -1.596132e+001 -4.283736e+001
    endloop
  endfacet
  facet normal  7.071068e-001  7.071068e-001  0.000000e+000
    outer loop
      vertex  2.135902e+001 -1.782349e+001 -4.308630e+001
      vertex  2.390569e+001 -2.037016e+001 -4.294449e+001
      vertex  2.128554e+001 -1.775001e+001 -4.315693e+001
    endloop
  endfacet
  facet normal  7.071068e-001  7.071068e-001  0.000000e+000
    outer loop
      vertex  2.128554e+001 -1.775001e+001 -4.315693e+001
      vertex  2.390569e+001 -2.037016e+001 -4.294449e+001
      vertex  2.386144e+001 -2.032590e+001 -4.313359e+001
    endloop
  endfacet
  facet normal  7.071068e-001  7.071068e-001  0.000000e+000
    outer loop
      vertex  2.128554e+001 -1.775001e+001 -4.315693e+001
      vertex  2.386144e+001 -2.032590e+001 -4.313359e+001
      vertex  2.120907e+001 -1.767354e+001 -4.322089e+001
    endloop
  endfacet
  facet normal  7.071067e-001  7.071067e-001  0.000000e+000
    outer loop
      vertex  2.155869e+001 -1.802315e+001 -4.283736e+001
      vertex  2.394459e+001 -2.040906e+001 -4.275304e+001
      vertex  2.149586e+001 -1.796033e+001 -4.292621e+001
    endloop
  endfacet
  facet normal  7.071068e-001  7.071068e-001  0.000000e+000
    outer loop
      vertex  2.149586e+001 -1.796033e+001 -4.292621e+001
      vertex  2.394459e+001 -2.040906e+001 -4.275304e+001
      vertex  2.390569e+001 -2.037016e+001 -4.294449e+001
    endloop
  endfacet
  facet normal  7.071068e-001  7.071068e-001  0.000000e+000
    outer loop
      vertex  2.149586e+001 -1.796033e+001 -4.292621e+001
      vertex  2.390569e+001 -2.037016e+001 -4.294449e+001
      vertex  2.142922e+001 -1.789369e+001 -4.300930e+001
    endloop
  endfacet
  facet normal  7.071067e-001  7.071067e-001  0.000000e+000
    outer loop
      vertex  2.167189e+001 -1.813636e+001 -4.264384e+001
      vertex  2.397806e+001 -2.044253e+001 -4.255956e+001
      vertex  2.161744e+001 -1.808190e+001 -4.274312e+001
    endloop
  endfacet
  facet normal  7.071068e-001  7.071068e-001  0.000000e+000
    outer loop
      vertex  2.161744e+001 -1.808190e+001 -4.274312e+001
      vertex  2.397806e+001 -2.044253e+001 -4.255956e+001
      vertex  2.394459e+001 -2.040906e+001 -4.275304e+001
    endloop
  endfacet
  facet normal  7.071068e-001  7.071068e-001  0.000000e+000
    outer loop
      vertex  2.161744e+001 -1.808190e+001 -4.274312e+001
      vertex  2.394459e+001 -2.040906e+001 -4.275304e+001
      vertex  2.155869e+001 -1.802315e+001 -4.283736e+001
    endloop
  endfacet
  facet normal  7.071067e-001  7.071067e-001  0.000000e+000
    outer loop
      vertex  2.176705e+001 -1.823152e+001 -4.243178e+001
      vertex  2.400606e+001 -2.047053e+001 -4.236435e+001
      vertex  2.172183e+001 -1.818629e+001 -4.253992e+001
    endloop
  endfacet
  facet normal  7.071068e-001  7.071068e-001  0.000000e+000
    outer loop
      vertex  2.172183e+001 -1.818629e+001 -4.253992e+001
      vertex  2.400606e+001 -2.047053e+001 -4.236435e+001
      vertex  2.397806e+001 -2.044253e+001 -4.255956e+001
    endloop
  endfacet
  facet normal  7.071068e-001  7.071068e-001  0.000000e+000
    outer loop
      vertex  2.172183e+001 -1.818629e+001 -4.253992e+001
      vertex  2.397806e+001 -2.044253e+001 -4.255956e+001
      vertex  2.167189e+001 -1.813636e+001 -4.264384e+001
    endloop
  endfacet
  facet normal  7.071067e-001  7.071067e-001  0.000000e+000
    outer loop
      vertex  2.400606e+001 -2.047053e+001 -4.236435e+001
      vertex  2.180739e+001 -1.827185e+001 -4.231983e+001
      vertex  2.402854e+001 -2.049300e+001 -4.216771e+001
    endloop
  endfacet
  facet normal  7.071068e-001  7.071068e-001  0.000000e+000
    outer loop
      vertex  2.402854e+001 -2.049300e+001 -4.216771e+001
      vertex  2.180739e+001 -1.827185e+001 -4.231983e+001
      vertex  2.184267e+001 -1.830714e+001 -4.220452e+001
    endloop
  endfacet
  facet normal  7.071068e-001  7.071068e-001  0.000000e+000
    outer loop
      vertex  2.402854e+001 -2.049300e+001 -4.216771e+001
      vertex  2.184267e+001 -1.830714e+001 -4.220452e+001
      vertex  2.404546e+001 -2.050993e+001 -4.196996e+001
    endloop
  endfacet
  facet normal  7.071068e-001  7.071068e-001  0.000000e+000
    outer loop
      vertex  2.404546e+001 -2.050993e+001 -4.196996e+001
      vertex  2.184267e+001 -1.830714e+001 -4.220452e+001
      vertex  2.187276e+001 -1.833723e+001 -4.208630e+001
    endloop
  endfacet
  facet normal  7.071068e-001  7.071068e-001  0.000000e+000
    outer loop
      vertex  2.404546e+001 -2.050993e+001 -4.196996e+001
      vertex  2.187276e+001 -1.833723e+001 -4.208630e+001
      vertex  2.189755e+001 -1.836202e+001 -4.196565e+001
    endloop
  endfacet
  facet normal  7.071068e-001  7.071068e-001  0.000000e+000
    outer loop
      vertex  2.404546e+001 -2.050993e+001 -4.196996e+001
      vertex  2.189755e+001 -1.836202e+001 -4.196565e+001
      vertex  2.405680e+001 -2.052126e+001 -4.177142e+001
    endloop
  endfacet
  facet normal  7.071068e-001  7.071068e-001  0.000000e+000
    outer loop
      vertex  2.405680e+001 -2.052126e+001 -4.177142e+001
      vertex  2.189755e+001 -1.836202e+001 -4.196565e+001
      vertex  2.191693e+001 -1.838140e+001 -4.184303e+001
    endloop
  endfacet
  facet normal  7.071068e-001  7.071068e-001  0.000000e+000
    outer loop
      vertex  2.405680e+001 -2.052126e+001 -4.177142e+001
      vertex  2.191693e+001 -1.838140e+001 -4.184303e+001
      vertex  2.193083e+001 -1.839530e+001 -4.171894e+001
    endloop
  endfacet
  facet normal  7.071068e-001  7.071068e-001  0.000000e+000
    outer loop
      vertex  2.405680e+001 -2.052126e+001 -4.177142e+001
      vertex  2.193083e+001 -1.839530e+001 -4.171894e+001
      vertex  2.406253e+001 -2.052700e+001 -4.157240e+001
    endloop
  endfacet
  facet normal  7.071068e-001  7.071068e-001  0.000000e+000
    outer loop
      vertex  2.406253e+001 -2.052700e+001 -4.157240e+001
      vertex  2.193083e+001 -1.839530e+001 -4.171894e+001
      vertex  2.193919e+001 -1.840366e+001 -4.159385e+001
    endloop
  endfacet
  facet normal  7.071068e-001  7.071068e-001  0.000000e+000
    outer loop
      vertex  2.406253e+001 -2.052700e+001 -4.157240e+001
      vertex  2.193919e+001 -1.840366e+001 -4.159385e+001
      vertex  2.406266e+001 -2.052713e+001 -4.137320e+001
    endloop
  endfacet
  facet normal  7.071068e-001  7.071068e-001  0.000000e+000
    outer loop
      vertex  2.406266e+001 -2.052713e+001 -4.137320e+001
      vertex  2.193919e+001 -1.840366e+001 -4.159385e+001
      vertex  2.194198e+001 -1.840645e+001 -4.146827e+001
    endloop
  endfacet
  facet normal  7.071068e-001  7.071068e-001  0.000000e+000
    outer loop
      vertex  2.406266e+001 -2.052713e+001 -4.137320e+001
      vertex  2.194198e+001 -1.840645e+001 -4.146827e+001
      vertex  2.193919e+001 -1.840366e+001 -4.134269e+001
    endloop
  endfacet
  facet normal  7.071068e-001  7.071068e-001  0.000000e+000
    outer loop
      vertex  2.193919e+001 -1.840366e+001 -4.134269e+001
      vertex  2.193083e+001 -1.839530e+001 -4.121761e+001
      vertex  2.406266e+001 -2.052713e+001 -4.137320e+001
    endloop
  endfacet
  facet normal  7.071068e-001  7.071068e-001  0.000000e+000
    outer loop
      vertex  2.406266e+001 -2.052713e+001 -4.137320e+001
      vertex  2.193083e+001 -1.839530e+001 -4.121761e+001
      vertex  2.405718e+001 -2.052165e+001 -4.117417e+001
    endloop
  endfacet
  facet normal -7.069671e-001  7.069671e-001 -1.987532e-002
    outer loop
      vertex  1.976573e+001 -1.623019e+001 -7.000000e+000
      vertex  1.623019e+001 -1.976573e+001 -7.000000e+000
      vertex  1.976293e+001 -1.622740e+001 -6.801218e+000
    endloop
  endfacet
  facet normal -7.069671e-001  7.069671e-001 -1.987532e-002
    outer loop
      vertex  1.976293e+001 -1.622740e+001 -6.801218e+000
      vertex  1.623019e+001 -1.976573e+001 -7.000000e+000
      vertex  1.622740e+001 -1.976293e+001 -6.801218e+000
    endloop
  endfacet
  facet normal -7.058486e-001  7.058486e-001 -5.962588e-002
    outer loop
      vertex  1.976293e+001 -1.622740e+001 -6.801218e+000
      vertex  1.622740e+001 -1.976293e+001 -6.801218e+000
      vertex  1.975455e+001 -1.621902e+001 -6.602749e+000
    endloop
  endfacet
  facet normal -7.058486e-001  7.058486e-001 -5.962588e-002
    outer loop
      vertex  1.975455e+001 -1.621902e+001 -6.602749e+000
      vertex  1.622740e+001 -1.976293e+001 -6.801218e+000
      vertex  1.621902e+001 -1.975455e+001 -6.602749e+000
    endloop
  endfacet
  facet normal -7.036160e-001  7.036160e-001 -9.924228e-002
    outer loop
      vertex  1.975455e+001 -1.621902e+001 -6.602749e+000
      vertex  1.621902e+001 -1.975455e+001 -6.602749e+000
      vertex  1.974060e+001 -1.620506e+001 -6.404909e+000
    endloop
  endfacet
  facet normal -7.036160e-001  7.036160e-001 -9.924228e-002
    outer loop
      vertex  1.974060e+001 -1.620506e+001 -6.404909e+000
      vertex  1.621902e+001 -1.975455e+001 -6.602749e+000
      vertex  1.620506e+001 -1.974060e+001 -6.404909e+000
    endloop
  endfacet
  facet normal -7.002687e-001  7.002687e-001 -1.387355e-001
    outer loop
      vertex  1.974060e+001 -1.620506e+001 -6.404909e+000
      vertex  1.620506e+001 -1.974060e+001 -6.404909e+000
      vertex  1.972109e+001 -1.618556e+001 -6.208010e+000
    endloop
  endfacet
  facet normal -7.002687e-001  7.002687e-001 -1.387355e-001
    outer loop
      vertex  1.972109e+001 -1.618556e+001 -6.208010e+000
      vertex  1.620506e+001 -1.974060e+001 -6.404909e+000
      vertex  1.618556e+001 -1.972109e+001 -6.208010e+000
    endloop
  endfacet
  facet normal -6.958150e-001  6.958150e-001 -1.779972e-001
    outer loop
      vertex  1.972109e+001 -1.618556e+001 -6.208010e+000
      vertex  1.618556e+001 -1.972109e+001 -6.208010e+000
      vertex  1.969607e+001 -1.616054e+001 -6.012363e+000
    endloop
  endfacet
  facet normal -6.958150e-001  6.958150e-001 -1.779972e-001
    outer loop
      vertex  1.969607e+001 -1.616054e+001 -6.012363e+000
      vertex  1.618556e+001 -1.972109e+001 -6.208010e+000
      vertex  1.616054e+001 -1.969607e+001 -6.012363e+000
    endloop
  endfacet
  facet normal -6.902592e-001  6.902592e-001 -2.169894e-001
    outer loop
      vertex  1.969607e+001 -1.616054e+001 -6.012363e+000
      vertex  1.616054e+001 -1.969607e+001 -6.012363e+000
      vertex  1.966556e+001 -1.613003e+001 -5.818278e+000
    endloop
  endfacet
  facet normal -6.902592e-001  6.902592e-001 -2.169894e-001
    outer loop
      vertex  1.966556e+001 -1.613003e+001 -5.818278e+000
      vertex  1.616054e+001 -1.969607e+001 -6.012363e+000
      vertex  1.613003e+001 -1.966556e+001 -5.818278e+000
    endloop
  endfacet
  facet normal -6.836160e-001  6.836160e-001 -2.556141e-001
    outer loop
      vertex  1.966556e+001 -1.613003e+001 -5.818278e+000
      vertex  1.613003e+001 -1.966556e+001 -5.818278e+000
      vertex  1.962963e+001 -1.609409e+001 -5.626061e+000
    endloop
  endfacet
  facet normal -6.836160e-001  6.836160e-001 -2.556141e-001
    outer loop
      vertex  1.962963e+001 -1.609409e+001 -5.626061e+000
      vertex  1.613003e+001 -1.966556e+001 -5.818278e+000
      vertex  1.609409e+001 -1.962963e+001 -5.626061e+000
    endloop
  endfacet
  facet normal -6.758900e-001  6.758900e-001 -2.938460e-001
    outer loop
      vertex  1.962963e+001 -1.609409e+001 -5.626061e+000
      vertex  1.609409e+001 -1.962963e+001 -5.626061e+000
      vertex  1.958832e+001 -1.605278e+001 -5.436017e+000
    endloop
  endfacet
  facet normal -6.758900e-001  6.758900e-001 -2.938460e-001
    outer loop
      vertex  1.958832e+001 -1.605278e+001 -5.436017e+000
      vertex  1.609409e+001 -1.962963e+001 -5.626061e+000
      vertex  1.605278e+001 -1.958832e+001 -5.436017e+000
    endloop
  endfacet
  facet normal -6.670946e-001  6.670946e-001 -3.316164e-001
    outer loop
      vertex  1.958832e+001 -1.605278e+001 -5.436017e+000
      vertex  1.605278e+001 -1.958832e+001 -5.436017e+000
      vertex  1.954169e+001 -1.600616e+001 -5.248446e+000
    endloop
  endfacet
  facet normal -6.670946e-001  6.670946e-001 -3.316164e-001
    outer loop
      vertex  1.954169e+001 -1.600616e+001 -5.248446e+000
      vertex  1.605278e+001 -1.958832e+001 -5.436017e+000
      vertex  1.600616e+001 -1.954169e+001 -5.248446e+000
    endloop
  endfacet
  facet normal -6.572427e-001  6.572427e-001 -3.688686e-001
    outer loop
      vertex  1.954169e+001 -1.600616e+001 -5.248446e+000
      vertex  1.600616e+001 -1.954169e+001 -5.248446e+000
      vertex  1.948984e+001 -1.595430e+001 -5.063644e+000
    endloop
  endfacet
  facet normal -6.572427e-001  6.572427e-001 -3.688686e-001
    outer loop
      vertex  1.948984e+001 -1.595430e+001 -5.063644e+000
      vertex  1.600616e+001 -1.954169e+001 -5.248446e+000
      vertex  1.595430e+001 -1.948984e+001 -5.063644e+000
    endloop
  endfacet
  facet normal -6.463549e-001  6.463549e-001 -4.055252e-001
    outer loop
      vertex  1.948984e+001 -1.595430e+001 -5.063644e+000
      vertex  1.595430e+001 -1.948984e+001 -5.063644e+000
      vertex  1.943282e+001 -1.589729e+001 -4.881904e+000
    endloop
  endfacet
  facet normal -6.463549e-001  6.463549e-001 -4.055253e-001
    outer loop
      vertex  1.943282e+001 -1.589729e+001 -4.881904e+000
      vertex  1.595430e+001 -1.948984e+001 -5.063644e+000
      vertex  1.589729e+001 -1.943282e+001 -4.881904e+000
    endloop
  endfacet
  facet normal -6.344426e-001  6.344426e-001 -4.415486e-001
    outer loop
      vertex  1.943282e+001 -1.589729e+001 -4.881904e+000
      vertex  1.589729e+001 -1.943282e+001 -4.881904e+000
      vertex  1.937075e+001 -1.583521e+001 -4.703514e+000
    endloop
  endfacet
  facet normal -6.344426e-001  6.344426e-001 -4.415486e-001
    outer loop
      vertex  1.937075e+001 -1.583521e+001 -4.703514e+000
      vertex  1.589729e+001 -1.943282e+001 -4.881904e+000
      vertex  1.583521e+001 -1.937075e+001 -4.703514e+000
    endloop
  endfacet
  facet normal -6.215295e-001  6.215295e-001 -4.768668e-001
    outer loop
      vertex  1.937075e+001 -1.583521e+001 -4.703514e+000
      vertex  1.583521e+001 -1.937075e+001 -4.703514e+000
      vertex  1.930371e+001 -1.576817e+001 -4.528754e+000
    endloop
  endfacet
  facet normal -6.215293e-001  6.215293e-001 -4.768675e-001
    outer loop
      vertex  1.930371e+001 -1.576817e+001 -4.528754e+000
      vertex  1.583521e+001 -1.937075e+001 -4.703514e+000
      vertex  1.576817e+001 -1.930371e+001 -4.528754e+000
    endloop
  endfacet
  facet normal -6.076336e-001  6.076336e-001 -5.114322e-001
    outer loop
      vertex  1.930371e+001 -1.576817e+001 -4.528754e+000
      vertex  1.576817e+001 -1.930371e+001 -4.528754e+000
      vertex  1.923180e+001 -1.569627e+001 -4.357902e+000
    endloop
  endfacet
  facet normal -6.076336e-001  6.076336e-001 -5.114322e-001
    outer loop
      vertex  1.923180e+001 -1.569627e+001 -4.357902e+000
      vertex  1.576817e+001 -1.930371e+001 -4.528754e+000
      vertex  1.569627e+001 -1.923180e+001 -4.357902e+000
    endloop
  endfacet
  facet normal -5.927737e-001  5.927737e-001 -5.451960e-001
    outer loop
      vertex  1.923180e+001 -1.569627e+001 -4.357902e+000
      vertex  1.569627e+001 -1.923180e+001 -4.357902e+000
      vertex  1.915516e+001 -1.561962e+001 -4.191228e+000
    endloop
  endfacet
  facet normal -5.927737e-001  5.927737e-001 -5.451961e-001
    outer loop
      vertex  1.915516e+001 -1.561962e+001 -4.191228e+000
      vertex  1.569627e+001 -1.923180e+001 -4.357902e+000
      vertex  1.561962e+001 -1.915516e+001 -4.191228e+000
    endloop
  endfacet
  facet normal -5.769796e-001  5.769796e-001 -5.780907e-001
    outer loop
      vertex  1.915516e+001 -1.561962e+001 -4.191228e+000
      vertex  1.561962e+001 -1.915516e+001 -4.191228e+000
      vertex  1.907388e+001 -1.553835e+001 -4.028995e+000
    endloop
  endfacet
  facet normal -5.769797e-001  5.769797e-001 -5.780905e-001
    outer loop
      vertex  1.907388e+001 -1.553835e+001 -4.028995e+000
      vertex  1.561962e+001 -1.915516e+001 -4.191228e+000
      vertex  1.553835e+001 -1.907388e+001 -4.028995e+000
    endloop
  endfacet
  facet normal -5.602709e-001  5.602709e-001 -6.100762e-001
    outer loop
      vertex  1.907388e+001 -1.553835e+001 -4.028995e+000
      vertex  1.553835e+001 -1.907388e+001 -4.028995e+000
      vertex  1.898811e+001 -1.545258e+001 -3.871460e+000
    endloop
  endfacet
  facet normal -5.602709e-001  5.602709e-001 -6.100762e-001
    outer loop
      vertex  1.898811e+001 -1.545258e+001 -3.871460e+000
      vertex  1.553835e+001 -1.907388e+001 -4.028995e+000
      vertex  1.545258e+001 -1.898811e+001 -3.871460e+000
    endloop
  endfacet
  facet normal -5.426779e-001  5.426779e-001 -6.410939e-001
    outer loop
      vertex  1.898811e+001 -1.545258e+001 -3.871460e+000
      vertex  1.545258e+001 -1.898811e+001 -3.871460e+000
      vertex  1.889798e+001 -1.536245e+001 -3.718871e+000
    endloop
  endfacet
  facet normal -5.426780e-001  5.426780e-001 -6.410938e-001
    outer loop
      vertex  1.889798e+001 -1.536245e+001 -3.718871e+000
      vertex  1.545258e+001 -1.898811e+001 -3.871460e+000
      vertex  1.536245e+001 -1.889798e+001 -3.718871e+000
    endloop
  endfacet
  facet normal -5.242274e-001  5.242274e-001 -6.710972e-001
    outer loop
      vertex  1.889798e+001 -1.536245e+001 -3.718871e+000
      vertex  1.536245e+001 -1.889798e+001 -3.718871e+000
      vertex  1.880363e+001 -1.526810e+001 -3.571471e+000
    endloop
  endfacet
  facet normal -5.242273e-001  5.242273e-001 -6.710972e-001
    outer loop
      vertex  1.880363e+001 -1.526810e+001 -3.571471e+000
      vertex  1.536245e+001 -1.889798e+001 -3.718871e+000
      vertex  1.526810e+001 -1.880363e+001 -3.571471e+000
    endloop
  endfacet
  facet normal -5.049458e-001  5.049458e-001 -7.000425e-001
    outer loop
      vertex  1.880363e+001 -1.526810e+001 -3.571471e+000
      vertex  1.526810e+001 -1.880363e+001 -3.571471e+000
      vertex  1.870522e+001 -1.516968e+001 -3.429492e+000
    endloop
  endfacet
  facet normal -5.049459e-001  5.049459e-001 -7.000425e-001
    outer loop
      vertex  1.870522e+001 -1.516968e+001 -3.429492e+000
      vertex  1.526810e+001 -1.880363e+001 -3.571471e+000
      vertex  1.516968e+001 -1.870522e+001 -3.429492e+000
    endloop
  endfacet
  facet normal -4.848672e-001  4.848672e-001 -7.278787e-001
    outer loop
      vertex  1.870522e+001 -1.516968e+001 -3.429492e+000
      vertex  1.516968e+001 -1.870522e+001 -3.429492e+000
      vertex  1.860289e+001 -1.506735e+001 -3.293159e+000
    endloop
  endfacet
  facet normal -4.848672e-001  4.848672e-001 -7.278787e-001
    outer loop
      vertex  1.860289e+001 -1.506735e+001 -3.293159e+000
      vertex  1.516968e+001 -1.870522e+001 -3.429492e+000
      vertex  1.506735e+001 -1.860289e+001 -3.293159e+000
    endloop
  endfacet
  facet normal -4.640219e-001  4.640219e-001 -7.545643e-001
    outer loop
      vertex  1.860289e+001 -1.506735e+001 -3.293159e+000
      vertex  1.506735e+001 -1.860289e+001 -3.293159e+000
      vertex  1.849680e+001 -1.496127e+001 -3.162687e+000
    endloop
  endfacet
  facet normal -4.640219e-001  4.640219e-001 -7.545643e-001
    outer loop
      vertex  1.849680e+001 -1.496127e+001 -3.162687e+000
      vertex  1.506735e+001 -1.860289e+001 -3.293159e+000
      vertex  1.496127e+001 -1.849680e+001 -3.162687e+000
    endloop
  endfacet
  facet normal -4.424428e-001  4.424428e-001 -7.800569e-001
    outer loop
      vertex  1.849680e+001 -1.496127e+001 -3.162687e+000
      vertex  1.496127e+001 -1.849680e+001 -3.162687e+000
      vertex  1.838714e+001 -1.485160e+001 -3.038282e+000
    endloop
  endfacet
  facet normal -4.424428e-001  4.424428e-001 -7.800569e-001
    outer loop
      vertex  1.838714e+001 -1.485160e+001 -3.038282e+000
      vertex  1.496127e+001 -1.849680e+001 -3.162687e+000
      vertex  1.485160e+001 -1.838714e+001 -3.038282e+000
    endloop
  endfacet
  facet normal -4.201625e-001  4.201625e-001 -8.043177e-001
    outer loop
      vertex  1.838714e+001 -1.485160e+001 -3.038282e+000
      vertex  1.485160e+001 -1.838714e+001 -3.038282e+000
      vertex  1.827406e+001 -1.473852e+001 -2.920142e+000
    endloop
  endfacet
  facet normal -4.201623e-001  4.201623e-001 -8.043179e-001
    outer loop
      vertex  1.827406e+001 -1.473852e+001 -2.920142e+000
      vertex  1.485160e+001 -1.838714e+001 -3.038282e+000
      vertex  1.473852e+001 -1.827406e+001 -2.920142e+000
    endloop
  endfacet
  facet normal -3.972210e-001  3.972210e-001 -8.273033e-001
    outer loop
      vertex  1.827406e+001 -1.473852e+001 -2.920142e+000
      vertex  1.473852e+001 -1.827406e+001 -2.920142e+000
      vertex  1.815775e+001 -1.462222e+001 -2.808453e+000
    endloop
  endfacet
  facet normal -3.972211e-001  3.972211e-001 -8.273032e-001
    outer loop
      vertex  1.815775e+001 -1.462222e+001 -2.808453e+000
      vertex  1.473852e+001 -1.827406e+001 -2.920142e+000
      vertex  1.462222e+001 -1.815775e+001 -2.808453e+000
    endloop
  endfacet
  facet normal -3.736484e-001  3.736484e-001 -8.489839e-001
    outer loop
      vertex  1.815775e+001 -1.462222e+001 -2.808453e+000
      vertex  1.462222e+001 -1.815775e+001 -2.808453e+000
      vertex  1.803839e+001 -1.450286e+001 -2.703392e+000
    endloop
  endfacet
  facet normal -3.736483e-001  3.736483e-001 -8.489839e-001
    outer loop
      vertex  1.803839e+001 -1.450286e+001 -2.703392e+000
      vertex  1.462222e+001 -1.815775e+001 -2.808453e+000
      vertex  1.450286e+001 -1.803839e+001 -2.703392e+000
    endloop
  endfacet
  facet normal -3.494880e-001  3.494880e-001 -8.693194e-001
    outer loop
      vertex  1.803839e+001 -1.450286e+001 -2.703392e+000
      vertex  1.450286e+001 -1.803839e+001 -2.703392e+000
      vertex  1.791618e+001 -1.438064e+001 -2.605124e+000
    endloop
  endfacet
  facet normal -3.494881e-001  3.494881e-001 -8.693194e-001
    outer loop
      vertex  1.791618e+001 -1.438064e+001 -2.605124e+000
      vertex  1.450286e+001 -1.803839e+001 -2.703392e+000
      vertex  1.438064e+001 -1.791618e+001 -2.605124e+000
    endloop
  endfacet
  facet normal -3.247720e-001  3.247720e-001 -8.882827e-001
    outer loop
      vertex  1.791618e+001 -1.438064e+001 -2.605124e+000
      vertex  1.438064e+001 -1.791618e+001 -2.605124e+000
      vertex  1.779129e+001 -1.425576e+001 -2.513806e+000
    endloop
  endfacet
  facet normal -3.247721e-001  3.247721e-001 -8.882827e-001
    outer loop
      vertex  1.779129e+001 -1.425576e+001 -2.513806e+000
      vertex  1.438064e+001 -1.791618e+001 -2.605124e+000
      vertex  1.425576e+001 -1.779129e+001 -2.513806e+000
    endloop
  endfacet
  facet normal -2.995424e-001  2.995424e-001 -9.058414e-001
    outer loop
      vertex  1.779129e+001 -1.425576e+001 -2.513806e+000
      vertex  1.425576e+001 -1.779129e+001 -2.513806e+000
      vertex  1.766394e+001 -1.412841e+001 -2.429581e+000
    endloop
  endfacet
  facet normal -2.995423e-001  2.995423e-001 -9.058414e-001
    outer loop
      vertex  1.766394e+001 -1.412841e+001 -2.429581e+000
      vertex  1.425576e+001 -1.779129e+001 -2.513806e+000
      vertex  1.412841e+001 -1.766394e+001 -2.429581e+000
    endloop
  endfacet
  facet normal -2.738427e-001  2.738427e-001 -9.219655e-001
    outer loop
      vertex  1.766394e+001 -1.412841e+001 -2.429581e+000
      vertex  1.412841e+001 -1.766394e+001 -2.429581e+000
      vertex  1.753432e+001 -1.399879e+001 -2.352583e+000
    endloop
  endfacet
  facet normal -2.738429e-001  2.738429e-001 -9.219654e-001
    outer loop
      vertex  1.753432e+001 -1.399879e+001 -2.352583e+000
      vertex  1.412841e+001 -1.766394e+001 -2.429581e+000
      vertex  1.399879e+001 -1.753432e+001 -2.352583e+000
    endloop
  endfacet
  facet normal -2.477067e-001  2.477067e-001 -9.366338e-001
    outer loop
      vertex  1.753432e+001 -1.399879e+001 -2.352583e+000
      vertex  1.399879e+001 -1.753432e+001 -2.352583e+000
      vertex  1.740265e+001 -1.386711e+001 -2.282933e+000
    endloop
  endfacet
  facet normal -2.477067e-001  2.477067e-001 -9.366337e-001
    outer loop
      vertex  1.740265e+001 -1.386711e+001 -2.282933e+000
      vertex  1.399879e+001 -1.753432e+001 -2.352583e+000
      vertex  1.386711e+001 -1.740265e+001 -2.282933e+000
    endloop
  endfacet
  facet normal -2.211808e-001  2.211808e-001 -9.498200e-001
    outer loop
      vertex  1.740265e+001 -1.386711e+001 -2.282933e+000
      vertex  1.386711e+001 -1.740265e+001 -2.282933e+000
      vertex  1.726911e+001 -1.373358e+001 -2.220743e+000
    endloop
  endfacet
  facet normal -2.211808e-001  2.211808e-001 -9.498200e-001
    outer loop
      vertex  1.726911e+001 -1.373358e+001 -2.220743e+000
      vertex  1.386711e+001 -1.740265e+001 -2.282933e+000
      vertex  1.373358e+001 -1.726911e+001 -2.220743e+000
    endloop
  endfacet
  facet normal -1.943051e-001  1.943051e-001 -9.615046e-001
    outer loop
      vertex  1.726911e+001 -1.373358e+001 -2.220743e+000
      vertex  1.373358e+001 -1.726911e+001 -2.220743e+000
      vertex  1.713394e+001 -1.359840e+001 -2.166109e+000
    endloop
  endfacet
  facet normal -1.943051e-001  1.943051e-001 -9.615046e-001
    outer loop
      vertex  1.713394e+001 -1.359840e+001 -2.166109e+000
      vertex  1.373358e+001 -1.726911e+001 -2.220743e+000
      vertex  1.359840e+001 -1.713394e+001 -2.166109e+000
    endloop
  endfacet
  facet normal -1.671195e-001  1.671195e-001 -9.716697e-001
    outer loop
      vertex  1.713394e+001 -1.359840e+001 -2.166109e+000
      vertex  1.359840e+001 -1.713394e+001 -2.166109e+000
      vertex  1.699733e+001 -1.346180e+001 -2.119118e+000
    endloop
  endfacet
  facet normal -1.671195e-001  1.671195e-001 -9.716697e-001
    outer loop
      vertex  1.699733e+001 -1.346180e+001 -2.119118e+000
      vertex  1.359840e+001 -1.713394e+001 -2.166109e+000
      vertex  1.346180e+001 -1.699733e+001 -2.119118e+000
    endloop
  endfacet
  facet normal -1.396734e-001  1.396734e-001 -9.802972e-001
    outer loop
      vertex  1.699733e+001 -1.346180e+001 -2.119118e+000
      vertex  1.346180e+001 -1.699733e+001 -2.119118e+000
      vertex  1.685951e+001 -1.332398e+001 -2.079846e+000
    endloop
  endfacet
  facet normal -1.396735e-001  1.396735e-001 -9.802972e-001
    outer loop
      vertex  1.685951e+001 -1.332398e+001 -2.079846e+000
      vertex  1.346180e+001 -1.699733e+001 -2.119118e+000
      vertex  1.332398e+001 -1.685951e+001 -2.079846e+000
    endloop
  endfacet
  facet normal -1.120046e-001  1.120046e-001 -9.873753e-001
    outer loop
      vertex  1.685951e+001 -1.332398e+001 -2.079846e+000
      vertex  1.332398e+001 -1.685951e+001 -2.079846e+000
      vertex  1.672070e+001 -1.318516e+001 -2.048353e+000
    endloop
  endfacet
  facet normal -1.120046e-001  1.120046e-001 -9.873753e-001
    outer loop
      vertex  1.672070e+001 -1.318516e+001 -2.048353e+000
      vertex  1.332398e+001 -1.685951e+001 -2.079846e+000
      vertex  1.318516e+001 -1.672070e+001 -2.048353e+000
    endloop
  endfacet
  facet normal -8.415879e-002  8.415879e-002 -9.928921e-001
    outer loop
      vertex  1.672070e+001 -1.318516e+001 -2.048353e+000
      vertex  1.318516e+001 -1.672070e+001 -2.048353e+000
      vertex  1.658111e+001 -1.304558e+001 -2.024689e+000
    endloop
  endfacet
  facet normal -8.415879e-002  8.415879e-002 -9.928921e-001
    outer loop
      vertex  1.658111e+001 -1.304558e+001 -2.024689e+000
      vertex  1.318516e+001 -1.672070e+001 -2.048353e+000
      vertex  1.304558e+001 -1.658111e+001 -2.024689e+000
    endloop
  endfacet
  facet normal -5.617974e-002  5.617974e-002 -9.968388e-001
    outer loop
      vertex  1.658111e+001 -1.304558e+001 -2.024689e+000
      vertex  1.304558e+001 -1.658111e+001 -2.024689e+000
      vertex  1.644097e+001 -1.290543e+001 -2.008893e+000
    endloop
  endfacet
  facet normal -5.617972e-002  5.617972e-002 -9.968388e-001
    outer loop
      vertex  1.644097e+001 -1.290543e+001 -2.008893e+000
      vertex  1.304558e+001 -1.658111e+001 -2.024689e+000
      vertex  1.290543e+001 -1.644097e+001 -2.008893e+000
    endloop
  endfacet
  facet normal -2.811223e-002  2.811223e-002 -9.992093e-001
    outer loop
      vertex  1.644097e+001 -1.290543e+001 -2.008893e+000
      vertex  1.290543e+001 -1.644097e+001 -2.008893e+000
      vertex  1.630049e+001 -1.276495e+001 -2.000988e+000
    endloop
  endfacet
  facet normal -2.811222e-002  2.811222e-002 -9.992093e-001
    outer loop
      vertex  1.630049e+001 -1.276495e+001 -2.000988e+000
      vertex  1.290543e+001 -1.644097e+001 -2.008893e+000
      vertex  1.276495e+001 -1.630049e+001 -2.000988e+000
    endloop
  endfacet
  facet normal  0.000000e+000  0.000000e+000 -1.000000e+000
    outer loop
      vertex  1.630049e+001 -1.276495e+001 -2.000988e+000
      vertex  1.276495e+001 -1.630049e+001 -2.000988e+000
      vertex  1.615990e+001 -1.262437e+001 -2.000988e+000
    endloop
  endfacet
  facet normal  0.000000e+000  0.000000e+000 -1.000000e+000
    outer loop
      vertex  1.615990e+001 -1.262437e+001 -2.000988e+000
      vertex  1.276495e+001 -1.630049e+001 -2.000988e+000
      vertex  1.262437e+001 -1.615990e+001 -2.000988e+000
    endloop
  endfacet
  facet normal  2.811223e-002 -2.811223e-002 -9.992093e-001
    outer loop
      vertex  1.615990e+001 -1.262437e+001 -2.000988e+000
      vertex  1.262437e+001 -1.615990e+001 -2.000988e+000
      vertex  1.601942e+001 -1.248389e+001 -2.008893e+000
    endloop
  endfacet
  facet normal  2.811223e-002 -2.811223e-002 -9.992093e-001
    outer loop
      vertex  1.601942e+001 -1.248389e+001 -2.008893e+000
      vertex  1.262437e+001 -1.615990e+001 -2.000988e+000
      vertex  1.248389e+001 -1.601942e+001 -2.008893e+000
    endloop
  endfacet
  facet normal  5.617994e-002 -5.617994e-002 -9.968389e-001
    outer loop
      vertex  1.601942e+001 -1.248389e+001 -2.008893e+000
      vertex  1.248389e+001 -1.601942e+001 -2.008893e+000
      vertex  1.587928e+001 -1.234375e+001 -2.024689e+000
    endloop
  endfacet
  facet normal  5.617994e-002 -5.617994e-002 -9.968389e-001
    outer loop
      vertex  1.587928e+001 -1.234375e+001 -2.024689e+000
      vertex  1.248389e+001 -1.601942e+001 -2.008893e+000
      vertex  1.234375e+001 -1.587928e+001 -2.024689e+000
    endloop
  endfacet
  facet normal  8.415876e-002 -8.415876e-002 -9.928921e-001
    outer loop
      vertex  1.587928e+001 -1.234375e+001 -2.024689e+000
      vertex  1.234375e+001 -1.587928e+001 -2.024689e+000
      vertex  1.573969e+001 -1.220416e+001 -2.048353e+000
    endloop
  endfacet
  facet normal  8.415876e-002 -8.415876e-002 -9.928921e-001
    outer loop
      vertex  1.573969e+001 -1.220416e+001 -2.048353e+000
      vertex  1.234375e+001 -1.587928e+001 -2.024689e+000
      vertex  1.220416e+001 -1.573969e+001 -2.048353e+000
    endloop
  endfacet
  facet normal  1.120045e-001 -1.120045e-001 -9.873753e-001
    outer loop
      vertex  1.573969e+001 -1.220416e+001 -2.048353e+000
      vertex  1.220416e+001 -1.573969e+001 -2.048353e+000
      vertex  1.560088e+001 -1.206534e+001 -2.079846e+000
    endloop
  endfacet
  facet normal  1.120045e-001 -1.120045e-001 -9.873753e-001
    outer loop
      vertex  1.560088e+001 -1.206534e+001 -2.079846e+000
      vertex  1.220416e+001 -1.573969e+001 -2.048353e+000
      vertex  1.206534e+001 -1.560088e+001 -2.079846e+000
    endloop
  endfacet
  facet normal  1.396729e-001 -1.396729e-001 -9.802974e-001
    outer loop
      vertex  1.560088e+001 -1.206534e+001 -2.079846e+000
      vertex  1.206534e+001 -1.560088e+001 -2.079846e+000
      vertex  1.546306e+001 -1.192752e+001 -2.119118e+000
    endloop
  endfacet
  facet normal  1.396729e-001 -1.396729e-001 -9.802974e-001
    outer loop
      vertex  1.546306e+001 -1.192752e+001 -2.119118e+000
      vertex  1.206534e+001 -1.560088e+001 -2.079846e+000
      vertex  1.192752e+001 -1.546306e+001 -2.119118e+000
    endloop
  endfacet
  facet normal  1.671208e-001 -1.671208e-001 -9.716693e-001
    outer loop
      vertex  1.546306e+001 -1.192752e+001 -2.119118e+000
      vertex  1.192752e+001 -1.546306e+001 -2.119118e+000
      vertex  1.532645e+001 -1.179092e+001 -2.166109e+000
    endloop
  endfacet
  facet normal  1.671208e-001 -1.671208e-001 -9.716693e-001
    outer loop
      vertex  1.532645e+001 -1.179092e+001 -2.166109e+000
      vertex  1.192752e+001 -1.546306e+001 -2.119118e+000
      vertex  1.179092e+001 -1.532645e+001 -2.166109e+000
    endloop
  endfacet
  facet normal  1.943040e-001 -1.943040e-001 -9.615051e-001
    outer loop
      vertex  1.532645e+001 -1.179092e+001 -2.166109e+000
      vertex  1.179092e+001 -1.532645e+001 -2.166109e+000
      vertex  1.519128e+001 -1.165574e+001 -2.220743e+000
    endloop
  endfacet
  facet normal  1.943040e-001 -1.943040e-001 -9.615051e-001
    outer loop
      vertex  1.519128e+001 -1.165574e+001 -2.220743e+000
      vertex  1.179092e+001 -1.532645e+001 -2.166109e+000
      vertex  1.165574e+001 -1.519128e+001 -2.220743e+000
    endloop
  endfacet
  facet normal  2.211808e-001 -2.211808e-001 -9.498200e-001
    outer loop
      vertex  1.519128e+001 -1.165574e+001 -2.220743e+000
      vertex  1.165574e+001 -1.519128e+001 -2.220743e+000
      vertex  1.505774e+001 -1.152221e+001 -2.282933e+000
    endloop
  endfacet
  facet normal  2.211808e-001 -2.211808e-001 -9.498200e-001
    outer loop
      vertex  1.505774e+001 -1.152221e+001 -2.282933e+000
      vertex  1.165574e+001 -1.519128e+001 -2.220743e+000
      vertex  1.152221e+001 -1.505774e+001 -2.282933e+000
    endloop
  endfacet
  facet normal  2.477076e-001 -2.477076e-001 -9.366332e-001
    outer loop
      vertex  1.505774e+001 -1.152221e+001 -2.282933e+000
      vertex  1.152221e+001 -1.505774e+001 -2.282933e+000
      vertex  1.492606e+001 -1.139053e+001 -2.352583e+000
    endloop
  endfacet
  facet normal  2.477076e-001 -2.477076e-001 -9.366332e-001
    outer loop
      vertex  1.492606e+001 -1.139053e+001 -2.352583e+000
      vertex  1.152221e+001 -1.505774e+001 -2.282933e+000
      vertex  1.139053e+001 -1.492606e+001 -2.352583e+000
    endloop
  endfacet
  facet normal  2.738418e-001 -2.738418e-001 -9.219661e-001
    outer loop
      vertex  1.492606e+001 -1.139053e+001 -2.352583e+000
      vertex  1.139053e+001 -1.492606e+001 -2.352583e+000
      vertex  1.479645e+001 -1.126091e+001 -2.429581e+000
    endloop
  endfacet
  facet normal  2.738418e-001 -2.738418e-001 -9.219661e-001
    outer loop
      vertex  1.479645e+001 -1.126091e+001 -2.429581e+000
      vertex  1.139053e+001 -1.492606e+001 -2.352583e+000
      vertex  1.126091e+001 -1.479645e+001 -2.429581e+000
    endloop
  endfacet
  facet normal  2.995431e-001 -2.995431e-001 -9.058411e-001
    outer loop
      vertex  1.479645e+001 -1.126091e+001 -2.429581e+000
      vertex  1.126091e+001 -1.479645e+001 -2.429581e+000
      vertex  1.466910e+001 -1.113356e+001 -2.513806e+000
    endloop
  endfacet
  facet normal  2.995431e-001 -2.995431e-001 -9.058411e-001
    outer loop
      vertex  1.466910e+001 -1.113356e+001 -2.513806e+000
      vertex  1.126091e+001 -1.479645e+001 -2.429581e+000
      vertex  1.113356e+001 -1.466910e+001 -2.513806e+000
    endloop
  endfacet
  facet normal  3.247732e-001 -3.247732e-001 -8.882819e-001
    outer loop
      vertex  1.466910e+001 -1.113356e+001 -2.513806e+000
      vertex  1.113356e+001 -1.466910e+001 -2.513806e+000
      vertex  1.454421e+001 -1.100868e+001 -2.605124e+000
    endloop
  endfacet
  facet normal  3.247732e-001 -3.247732e-001 -8.882819e-001
    outer loop
      vertex  1.454421e+001 -1.100868e+001 -2.605124e+000
      vertex  1.113356e+001 -1.466910e+001 -2.513806e+000
      vertex  1.100868e+001 -1.454421e+001 -2.605124e+000
    endloop
  endfacet
  facet normal  3.494872e-001 -3.494872e-001 -8.693200e-001
    outer loop
      vertex  1.454421e+001 -1.100868e+001 -2.605124e+000
      vertex  1.100868e+001 -1.454421e+001 -2.605124e+000
      vertex  1.442200e+001 -1.088646e+001 -2.703392e+000
    endloop
  endfacet
  facet normal  3.494872e-001 -3.494872e-001 -8.693200e-001
    outer loop
      vertex  1.442200e+001 -1.088646e+001 -2.703392e+000
      vertex  1.100868e+001 -1.454421e+001 -2.605124e+000
      vertex  1.088646e+001 -1.442200e+001 -2.703392e+000
    endloop
  endfacet
  facet normal  3.736494e-001 -3.736494e-001 -8.489832e-001
    outer loop
      vertex  1.442200e+001 -1.088646e+001 -2.703392e+000
      vertex  1.088646e+001 -1.442200e+001 -2.703392e+000
      vertex  1.430264e+001 -1.076711e+001 -2.808453e+000
    endloop
  endfacet
  facet normal  3.736494e-001 -3.736494e-001 -8.489832e-001
    outer loop
      vertex  1.430264e+001 -1.076711e+001 -2.808453e+000
      vertex  1.088646e+001 -1.442200e+001 -2.703392e+000
      vertex  1.076711e+001 -1.430264e+001 -2.808453e+000
    endloop
  endfacet
  facet normal  3.972202e-001 -3.972202e-001 -8.273042e-001
    outer loop
      vertex  1.430264e+001 -1.076711e+001 -2.808453e+000
      vertex  1.076711e+001 -1.430264e+001 -2.808453e+000
      vertex  1.418633e+001 -1.065080e+001 -2.920142e+000
    endloop
  endfacet
  facet normal  3.972202e-001 -3.972202e-001 -8.273042e-001
    outer loop
      vertex  1.418633e+001 -1.065080e+001 -2.920142e+000
      vertex  1.076711e+001 -1.430264e+001 -2.808453e+000
      vertex  1.065080e+001 -1.418633e+001 -2.920142e+000
    endloop
  endfacet
  facet normal  4.201621e-001 -4.201621e-001 -8.043181e-001
    outer loop
      vertex  1.418633e+001 -1.065080e+001 -2.920142e+000
      vertex  1.065080e+001 -1.418633e+001 -2.920142e+000
      vertex  1.407325e+001 -1.053772e+001 -3.038282e+000
    endloop
  endfacet
  facet normal  4.201621e-001 -4.201621e-001 -8.043181e-001
    outer loop
      vertex  1.407325e+001 -1.053772e+001 -3.038282e+000
      vertex  1.065080e+001 -1.418633e+001 -2.920142e+000
      vertex  1.053772e+001 -1.407325e+001 -3.038282e+000
    endloop
  endfacet
  facet normal  4.424428e-001 -4.424428e-001 -7.800570e-001
    outer loop
      vertex  1.407325e+001 -1.053772e+001 -3.038282e+000
      vertex  1.053772e+001 -1.407325e+001 -3.038282e+000
      vertex  1.396359e+001 -1.042805e+001 -3.162687e+000
    endloop
  endfacet
  facet normal  4.424428e-001 -4.424428e-001 -7.800570e-001
    outer loop
      vertex  1.396359e+001 -1.042805e+001 -3.162687e+000
      vertex  1.053772e+001 -1.407325e+001 -3.038282e+000
      vertex  1.042805e+001 -1.396359e+001 -3.162687e+000
    endloop
  endfacet
  facet normal  4.640218e-001 -4.640218e-001 -7.545644e-001
    outer loop
      vertex  1.396359e+001 -1.042805e+001 -3.162687e+000
      vertex  1.042805e+001 -1.396359e+001 -3.162687e+000
      vertex  1.385750e+001 -1.032197e+001 -3.293159e+000
    endloop
  endfacet
  facet normal  4.640218e-001 -4.640218e-001 -7.545644e-001
    outer loop
      vertex  1.385750e+001 -1.032197e+001 -3.293159e+000
      vertex  1.042805e+001 -1.396359e+001 -3.162687e+000
      vertex  1.032197e+001 -1.385750e+001 -3.293159e+000
    endloop
  endfacet
  facet normal  4.848672e-001 -4.848672e-001 -7.278789e-001
    outer loop
      vertex  1.385750e+001 -1.032197e+001 -3.293159e+000
      vertex  1.032197e+001 -1.385750e+001 -3.293159e+000
      vertex  1.375517e+001 -1.021964e+001 -3.429492e+000
    endloop
  endfacet
  facet normal  4.848672e-001 -4.848672e-001 -7.278789e-001
    outer loop
      vertex  1.375517e+001 -1.021964e+001 -3.429492e+000
      vertex  1.032197e+001 -1.385750e+001 -3.293159e+000
      vertex  1.021964e+001 -1.375517e+001 -3.429492e+000
    endloop
  endfacet
  facet normal  5.049471e-001 -5.049471e-001 -7.000406e-001
    outer loop
      vertex  1.375517e+001 -1.021964e+001 -3.429492e+000
      vertex  1.021964e+001 -1.375517e+001 -3.429492e+000
      vertex  1.365675e+001 -1.012122e+001 -3.571471e+000
    endloop
  endfacet
  facet normal  5.049471e-001 -5.049471e-001 -7.000406e-001
    outer loop
      vertex  1.365675e+001 -1.012122e+001 -3.571471e+000
      vertex  1.021964e+001 -1.375517e+001 -3.429492e+000
      vertex  1.012122e+001 -1.365675e+001 -3.571471e+000
    endloop
  endfacet
  facet normal  5.242262e-001 -5.242262e-001 -6.710988e-001
    outer loop
      vertex  1.365675e+001 -1.012122e+001 -3.571471e+000
      vertex  1.012122e+001 -1.365675e+001 -3.571471e+000
      vertex  1.356241e+001 -1.002687e+001 -3.718871e+000
    endloop
  endfacet
  facet normal  5.242262e-001 -5.242262e-001 -6.710988e-001
    outer loop
      vertex  1.356241e+001 -1.002687e+001 -3.718871e+000
      vertex  1.012122e+001 -1.365675e+001 -3.571471e+000
      vertex  1.002687e+001 -1.356241e+001 -3.718871e+000
    endloop
  endfacet
  facet normal  5.426766e-001 -5.426766e-001 -6.410962e-001
    outer loop
      vertex  1.356241e+001 -1.002687e+001 -3.718871e+000
      vertex  1.002687e+001 -1.356241e+001 -3.718871e+000
      vertex  1.347227e+001 -9.936741e+000 -3.871460e+000
    endloop
  endfacet
  facet normal  5.426766e-001 -5.426766e-001 -6.410962e-001
    outer loop
      vertex  1.347227e+001 -9.936741e+000 -3.871460e+000
      vertex  1.002687e+001 -1.356241e+001 -3.718871e+000
      vertex  9.936741e+000 -1.347227e+001 -3.871460e+000
    endloop
  endfacet
  facet normal  5.602735e-001 -5.602735e-001 -6.100714e-001
    outer loop
      vertex  1.347227e+001 -9.936741e+000 -3.871460e+000
      vertex  9.936741e+000 -1.347227e+001 -3.871460e+000
      vertex  1.338651e+001 -9.850972e+000 -4.028995e+000
    endloop
  endfacet
  facet normal  5.602735e-001 -5.602735e-001 -6.100714e-001
    outer loop
      vertex  1.338651e+001 -9.850972e+000 -4.028995e+000
      vertex  9.936741e+000 -1.347227e+001 -3.871460e+000
      vertex  9.850972e+000 -1.338651e+001 -4.028995e+000
    endloop
  endfacet
  facet normal  5.769785e-001 -5.769785e-001 -5.780932e-001
    outer loop
      vertex  1.338651e+001 -9.850972e+000 -4.028995e+000
      vertex  9.850972e+000 -1.338651e+001 -4.028995e+000
      vertex  1.330523e+001 -9.769699e+000 -4.191228e+000
    endloop
  endfacet
  facet normal  5.769785e-001 -5.769785e-001 -5.780932e-001
    outer loop
      vertex  1.330523e+001 -9.769699e+000 -4.191228e+000
      vertex  9.850972e+000 -1.338651e+001 -4.028995e+000
      vertex  9.769699e+000 -1.330523e+001 -4.191228e+000
    endloop
  endfacet
  facet normal  5.927749e-001 -5.927749e-001 -5.451933e-001
    outer loop
      vertex  1.330523e+001 -9.769699e+000 -4.191228e+000
      vertex  9.769699e+000 -1.330523e+001 -4.191228e+000
      vertex  1.322859e+001 -9.693051e+000 -4.357902e+000
    endloop
  endfacet
  facet normal  5.927749e-001 -5.927749e-001 -5.451933e-001
    outer loop
      vertex  1.322859e+001 -9.693051e+000 -4.357902e+000
      vertex  9.769699e+000 -1.330523e+001 -4.191228e+000
      vertex  9.693051e+000 -1.322859e+001 -4.357902e+000
    endloop
  endfacet
  facet normal  6.076312e-001 -6.076312e-001 -5.114378e-001
    outer loop
      vertex  1.322859e+001 -9.693051e+000 -4.357902e+000
      vertex  9.693051e+000 -1.322859e+001 -4.357902e+000
      vertex  1.315668e+001 -9.621149e+000 -4.528754e+000
    endloop
  endfacet
  facet normal  6.076312e-001 -6.076312e-001 -5.114378e-001
    outer loop
      vertex  1.315668e+001 -9.621149e+000 -4.528754e+000
      vertex  9.693051e+000 -1.322859e+001 -4.357902e+000
      vertex  9.621149e+000 -1.315668e+001 -4.528754e+000
    endloop
  endfacet
  facet normal  6.215285e-001 -6.215285e-001 -4.768697e-001
    outer loop
      vertex  1.315668e+001 -9.621149e+000 -4.528754e+000
      vertex  9.621149e+000 -1.315668e+001 -4.528754e+000
      vertex  1.308964e+001 -9.554107e+000 -4.703514e+000
    endloop
  endfacet
  facet normal  6.215285e-001 -6.215285e-001 -4.768697e-001
    outer loop
      vertex  1.308964e+001 -9.554107e+000 -4.703514e+000
      vertex  9.621149e+000 -1.315668e+001 -4.528754e+000
      vertex  9.554107e+000 -1.308964e+001 -4.703514e+000
    endloop
  endfacet
  facet normal  6.344448e-001 -6.344448e-001 -4.415423e-001
    outer loop
      vertex  1.308964e+001 -9.554107e+000 -4.703514e+000
      vertex  9.554107e+000 -1.308964e+001 -4.703514e+000
      vertex  1.302757e+001 -9.492031e+000 -4.881904e+000
    endloop
  endfacet
  facet normal  6.344448e-001 -6.344448e-001 -4.415423e-001
    outer loop
      vertex  1.302757e+001 -9.492031e+000 -4.881904e+000
      vertex  9.554107e+000 -1.308964e+001 -4.703514e+000
      vertex  9.492031e+000 -1.302757e+001 -4.881904e+000
    endloop
  endfacet
  facet normal  6.463541e-001 -6.463541e-001 -4.055276e-001
    outer loop
      vertex  1.302757e+001 -9.492031e+000 -4.881904e+000
      vertex  9.492031e+000 -1.302757e+001 -4.881904e+000
      vertex  1.297055e+001 -9.435019e+000 -5.063644e+000
    endloop
  endfacet
  facet normal  6.463541e-001 -6.463541e-001 -4.055276e-001
    outer loop
      vertex  1.297055e+001 -9.435019e+000 -5.063644e+000
      vertex  9.492031e+000 -1.302757e+001 -4.881904e+000
      vertex  9.435019e+000 -1.297055e+001 -5.063644e+000
    endloop
  endfacet
  facet normal  6.572441e-001 -6.572441e-001 -3.688636e-001
    outer loop
      vertex  1.297055e+001 -9.435019e+000 -5.063644e+000
      vertex  9.435019e+000 -1.297055e+001 -5.063644e+000
      vertex  1.291869e+001 -9.383161e+000 -5.248446e+000
    endloop
  endfacet
  facet normal  6.572441e-001 -6.572441e-001 -3.688636e-001
    outer loop
      vertex  1.291869e+001 -9.383161e+000 -5.248446e+000
      vertex  9.435019e+000 -1.297055e+001 -5.063644e+000
      vertex  9.383161e+000 -1.291869e+001 -5.248446e+000
    endloop
  endfacet
  facet normal  6.670946e-001 -6.670946e-001 -3.316164e-001
    outer loop
      vertex  1.291869e+001 -9.383161e+000 -5.248446e+000
      vertex  9.383161e+000 -1.291869e+001 -5.248446e+000
      vertex  1.287207e+001 -9.336539e+000 -5.436017e+000
    endloop
  endfacet
  facet normal  6.670946e-001 -6.670946e-001 -3.316164e-001
    outer loop
      vertex  1.287207e+001 -9.336539e+000 -5.436017e+000
      vertex  9.383161e+000 -1.291869e+001 -5.248446e+000
      vertex  9.336539e+000 -1.287207e+001 -5.436017e+000
    endloop
  endfacet
  facet normal  6.758885e-001 -6.758885e-001 -2.938530e-001
    outer loop
      vertex  1.287207e+001 -9.336539e+000 -5.436017e+000
      vertex  9.336539e+000 -1.287207e+001 -5.436017e+000
      vertex  1.283076e+001 -9.295227e+000 -5.626061e+000
    endloop
  endfacet
  facet normal  6.758885e-001 -6.758885e-001 -2.938530e-001
    outer loop
      vertex  1.283076e+001 -9.295227e+000 -5.626061e+000
      vertex  9.336539e+000 -1.287207e+001 -5.436017e+000
      vertex  9.295227e+000 -1.283076e+001 -5.626061e+000
    endloop
  endfacet
  facet normal  6.836160e-001 -6.836160e-001 -2.556141e-001
    outer loop
      vertex  1.283076e+001 -9.295227e+000 -5.626061e+000
      vertex  9.295227e+000 -1.283076e+001 -5.626061e+000
      vertex  1.279482e+001 -9.259291e+000 -5.818278e+000
    endloop
  endfacet
  facet normal  6.836160e-001 -6.836160e-001 -2.556141e-001
    outer loop
      vertex  1.279482e+001 -9.259291e+000 -5.818278e+000
      vertex  9.295227e+000 -1.283076e+001 -5.626061e+000
      vertex  9.259291e+000 -1.279482e+001 -5.818278e+000
    endloop
  endfacet
  facet normal  6.902604e-001 -6.902604e-001 -2.169821e-001
    outer loop
      vertex  1.279482e+001 -9.259291e+000 -5.818278e+000
      vertex  9.259291e+000 -1.279482e+001 -5.818278e+000
      vertex  1.276432e+001 -9.228786e+000 -6.012363e+000
    endloop
  endfacet
  facet normal  6.902604e-001 -6.902604e-001 -2.169821e-001
    outer loop
      vertex  1.276432e+001 -9.228786e+000 -6.012363e+000
      vertex  9.259291e+000 -1.279482e+001 -5.818278e+000
      vertex  9.228786e+000 -1.276432e+001 -6.012363e+000
    endloop
  endfacet
  facet normal  6.958150e-001 -6.958150e-001 -1.779972e-001
    outer loop
      vertex  1.276432e+001 -9.228786e+000 -6.012363e+000
      vertex  9.228786e+000 -1.276432e+001 -6.012363e+000
      vertex  1.273930e+001 -9.203761e+000 -6.208010e+000
    endloop
  endfacet
  facet normal  6.958150e-001 -6.958150e-001 -1.779972e-001
    outer loop
      vertex  1.273930e+001 -9.203761e+000 -6.208010e+000
      vertex  9.228786e+000 -1.276432e+001 -6.012363e+000
      vertex  9.203761e+000 -1.273930e+001 -6.208010e+000
    endloop
  endfacet
  facet normal  7.002687e-001 -7.002687e-001 -1.387355e-001
    outer loop
      vertex  1.273930e+001 -9.203761e+000 -6.208010e+000
      vertex  9.203761e+000 -1.273930e+001 -6.208010e+000
      vertex  1.271979e+001 -9.184257e+000 -6.404909e+000
    endloop
  endfacet
  facet normal  7.002687e-001 -7.002687e-001 -1.387355e-001
    outer loop
      vertex  1.271979e+001 -9.184257e+000 -6.404909e+000
      vertex  9.203761e+000 -1.273930e+001 -6.208010e+000
      vertex  9.184257e+000 -1.271979e+001 -6.404909e+000
    endloop
  endfacet
  facet normal  7.036151e-001 -7.036151e-001 -9.925558e-002
    outer loop
      vertex  1.271979e+001 -9.184257e+000 -6.404909e+000
      vertex  9.184257e+000 -1.271979e+001 -6.404909e+000
      vertex  1.270584e+001 -9.170302e+000 -6.602749e+000
    endloop
  endfacet
  facet normal  7.036151e-001 -7.036151e-001 -9.925558e-002
    outer loop
      vertex  1.270584e+001 -9.170302e+000 -6.602749e+000
      vertex  9.184257e+000 -1.271979e+001 -6.404909e+000
      vertex  9.170302e+000 -1.270584e+001 -6.602749e+000
    endloop
  endfacet
  facet normal  7.058492e-001 -7.058492e-001 -5.961250e-002
    outer loop
      vertex  1.270584e+001 -9.170302e+000 -6.602749e+000
      vertex  9.170302e+000 -1.270584e+001 -6.602749e+000
      vertex  1.269746e+001 -9.161922e+000 -6.801218e+000
    endloop
  endfacet
  facet normal  7.058492e-001 -7.058492e-001 -5.961250e-002
    outer loop
      vertex  1.269746e+001 -9.161922e+000 -6.801218e+000
      vertex  9.170302e+000 -1.270584e+001 -6.602749e+000
      vertex  9.161922e+000 -1.269746e+001 -6.801218e+000
    endloop
  endfacet
  facet normal  7.069669e-001 -7.069669e-001 -1.988299e-002
    outer loop
      vertex  1.269746e+001 -9.161922e+000 -6.801218e+000
      vertex  9.161922e+000 -1.269746e+001 -6.801218e+000
      vertex  1.269466e+001 -9.159126e+000 -7.000000e+000
    endloop
  endfacet
  facet normal  7.069669e-001 -7.069669e-001 -1.988299e-002
    outer loop
      vertex  1.269466e+001 -9.159126e+000 -7.000000e+000
      vertex  9.161922e+000 -1.269746e+001 -6.801218e+000
      vertex  9.159126e+000 -1.269466e+001 -7.000000e+000
    endloop
  endfacet
  facet normal  7.069669e-001 -7.069669e-001  1.988299e-002
    outer loop
      vertex  1.269466e+001 -9.159126e+000 -7.000000e+000
      vertex  9.159126e+000 -1.269466e+001 -7.000000e+000
      vertex  1.269746e+001 -9.161922e+000 -7.198782e+000
    endloop
  endfacet
  facet normal  7.069669e-001 -7.069669e-001  1.988299e-002
    outer loop
      vertex  1.269746e+001 -9.161922e+000 -7.198782e+000
      vertex  9.159126e+000 -1.269466e+001 -7.000000e+000
      vertex  9.161922e+000 -1.269746e+001 -7.198782e+000
    endloop
  endfacet
  facet normal  7.058492e-001 -7.058492e-001  5.961250e-002
    outer loop
      vertex  1.269746e+001 -9.161922e+000 -7.198782e+000
      vertex  9.161922e+000 -1.269746e+001 -7.198782e+000
      vertex  1.270584e+001 -9.170302e+000 -7.397251e+000
    endloop
  endfacet
  facet normal  7.058492e-001 -7.058492e-001  5.961250e-002
    outer loop
      vertex  1.270584e+001 -9.170302e+000 -7.397251e+000
      vertex  9.161922e+000 -1.269746e+001 -7.198782e+000
      vertex  9.170302e+000 -1.270584e+001 -7.397251e+000
    endloop
  endfacet
  facet normal  7.036151e-001 -7.036151e-001  9.925558e-002
    outer loop
      vertex  1.270584e+001 -9.170302e+000 -7.397251e+000
      vertex  9.170302e+000 -1.270584e+001 -7.397251e+000
      vertex  1.271979e+001 -9.184257e+000 -7.595091e+000
    endloop
  endfacet
  facet normal  7.036151e-001 -7.036151e-001  9.925558e-002
    outer loop
      vertex  1.271979e+001 -9.184257e+000 -7.595091e+000
      vertex  9.170302e+000 -1.270584e+001 -7.397251e+000
      vertex  9.184257e+000 -1.271979e+001 -7.595091e+000
    endloop
  endfacet
  facet normal  7.002687e-001 -7.002687e-001  1.387355e-001
    outer loop
      vertex  1.271979e+001 -9.184257e+000 -7.595091e+000
      vertex  9.184257e+000 -1.271979e+001 -7.595091e+000
      vertex  1.273930e+001 -9.203761e+000 -7.791990e+000
    endloop
  endfacet
  facet normal  7.002687e-001 -7.002687e-001  1.387355e-001
    outer loop
      vertex  1.273930e+001 -9.203761e+000 -7.791990e+000
      vertex  9.184257e+000 -1.271979e+001 -7.595091e+000
      vertex  9.203761e+000 -1.273930e+001 -7.791990e+000
    endloop
  endfacet
  facet normal  6.958150e-001 -6.958150e-001  1.779972e-001
    outer loop
      vertex  1.273930e+001 -9.203761e+000 -7.791990e+000
      vertex  9.203761e+000 -1.273930e+001 -7.791990e+000
      vertex  1.276432e+001 -9.228786e+000 -7.987637e+000
    endloop
  endfacet
  facet normal  6.958150e-001 -6.958150e-001  1.779972e-001
    outer loop
      vertex  1.276432e+001 -9.228786e+000 -7.987637e+000
      vertex  9.203761e+000 -1.273930e+001 -7.791990e+000
      vertex  9.228786e+000 -1.276432e+001 -7.987637e+000
    endloop
  endfacet
  facet normal  6.902605e-001 -6.902605e-001  2.169816e-001
    outer loop
      vertex  1.276432e+001 -9.228786e+000 -7.987637e+000
      vertex  9.228786e+000 -1.276432e+001 -7.987637e+000
      vertex  1.279482e+001 -9.259291e+000 -8.181723e+000
    endloop
  endfacet
  facet normal  6.902605e-001 -6.902605e-001  2.169816e-001
    outer loop
      vertex  1.279482e+001 -9.259291e+000 -8.181723e+000
      vertex  9.228786e+000 -1.276432e+001 -7.987637e+000
      vertex  9.259291e+000 -1.279482e+001 -8.181723e+000
    endloop
  endfacet
  facet normal  6.836157e-001 -6.836157e-001  2.556152e-001
    outer loop
      vertex  1.279482e+001 -9.259291e+000 -8.181723e+000
      vertex  9.259291e+000 -1.279482e+001 -8.181723e+000
      vertex  1.283076e+001 -9.295227e+000 -8.373939e+000
    endloop
  endfacet
  facet normal  6.836157e-001 -6.836157e-001  2.556152e-001
    outer loop
      vertex  1.283076e+001 -9.295227e+000 -8.373939e+000
      vertex  9.259291e+000 -1.279482e+001 -8.181723e+000
      vertex  9.295227e+000 -1.283076e+001 -8.373939e+000
    endloop
  endfacet
  facet normal  6.758886e-001 -6.758886e-001  2.938523e-001
    outer loop
      vertex  1.283076e+001 -9.295227e+000 -8.373939e+000
      vertex  9.295227e+000 -1.283076e+001 -8.373939e+000
      vertex  1.287207e+001 -9.336539e+000 -8.563983e+000
    endloop
  endfacet
  facet normal  6.758886e-001 -6.758886e-001  2.938523e-001
    outer loop
      vertex  1.287207e+001 -9.336539e+000 -8.563983e+000
      vertex  9.295227e+000 -1.283076e+001 -8.373939e+000
      vertex  9.336539e+000 -1.287207e+001 -8.563983e+000
    endloop
  endfacet
  facet normal  6.670949e-001 -6.670949e-001  3.316156e-001
    outer loop
      vertex  1.287207e+001 -9.336539e+000 -8.563983e+000
      vertex  9.336539e+000 -1.287207e+001 -8.563983e+000
      vertex  1.291869e+001 -9.383161e+000 -8.751554e+000
    endloop
  endfacet
  facet normal  6.670949e-001 -6.670949e-001  3.316156e-001
    outer loop
      vertex  1.291869e+001 -9.383161e+000 -8.751554e+000
      vertex  9.336539e+000 -1.287207e+001 -8.563983e+000
      vertex  9.383161e+000 -1.291869e+001 -8.751554e+000
    endloop
  endfacet
  facet normal  6.572437e-001 -6.572437e-001  3.688653e-001
    outer loop
      vertex  1.291869e+001 -9.383161e+000 -8.751554e+000
      vertex  9.383161e+000 -1.291869e+001 -8.751554e+000
      vertex  1.297055e+001 -9.435019e+000 -8.936356e+000
    endloop
  endfacet
  facet normal  6.572437e-001 -6.572437e-001  3.688653e-001
    outer loop
      vertex  1.297055e+001 -9.435019e+000 -8.936356e+000
      vertex  9.383161e+000 -1.291869e+001 -8.751554e+000
      vertex  9.435019e+000 -1.297055e+001 -8.936356e+000
    endloop
  endfacet
  facet normal  6.463541e-001 -6.463541e-001  4.055276e-001
    outer loop
      vertex  1.297055e+001 -9.435019e+000 -8.936356e+000
      vertex  9.435019e+000 -1.297055e+001 -8.936356e+000
      vertex  1.302757e+001 -9.492031e+000 -9.118095e+000
    endloop
  endfacet
  facet normal  6.463541e-001 -6.463541e-001  4.055276e-001
    outer loop
      vertex  1.302757e+001 -9.492031e+000 -9.118095e+000
      vertex  9.435019e+000 -1.297055e+001 -8.936356e+000
      vertex  9.492031e+000 -1.302757e+001 -9.118095e+000
    endloop
  endfacet
  facet normal  6.344454e-001 -6.344454e-001  4.415404e-001
    outer loop
      vertex  1.302757e+001 -9.492031e+000 -9.118095e+000
      vertex  9.492031e+000 -1.302757e+001 -9.118095e+000
      vertex  1.308964e+001 -9.554107e+000 -9.296487e+000
    endloop
  endfacet
  facet normal  6.344454e-001 -6.344454e-001  4.415404e-001
    outer loop
      vertex  1.308964e+001 -9.554107e+000 -9.296487e+000
      vertex  9.492031e+000 -1.302757e+001 -9.118095e+000
      vertex  9.554107e+000 -1.308964e+001 -9.296487e+000
    endloop
  endfacet
  facet normal  6.215280e-001 -6.215280e-001  4.768707e-001
    outer loop
      vertex  1.308964e+001 -9.554107e+000 -9.296487e+000
      vertex  9.554107e+000 -1.308964e+001 -9.296487e+000
      vertex  1.315668e+001 -9.621149e+000 -9.471246e+000
    endloop
  endfacet
  facet normal  6.215280e-001 -6.215280e-001  4.768707e-001
    outer loop
      vertex  1.315668e+001 -9.621149e+000 -9.471246e+000
      vertex  9.554107e+000 -1.308964e+001 -9.296487e+000
      vertex  9.621149e+000 -1.315668e+001 -9.471246e+000
    endloop
  endfacet
  facet normal  6.076308e-001 -6.076308e-001  5.114389e-001
    outer loop
      vertex  1.315668e+001 -9.621149e+000 -9.471246e+000
      vertex  9.621149e+000 -1.315668e+001 -9.471246e+000
      vertex  1.322859e+001 -9.693051e+000 -9.642097e+000
    endloop
  endfacet
  facet normal  6.076308e-001 -6.076308e-001  5.114389e-001
    outer loop
      vertex  1.322859e+001 -9.693051e+000 -9.642097e+000
      vertex  9.621149e+000 -1.315668e+001 -9.471246e+000
      vertex  9.693051e+000 -1.322859e+001 -9.642097e+000
    endloop
  endfacet
  facet normal  5.927755e-001 -5.927755e-001  5.451921e-001
    outer loop
      vertex  1.322859e+001 -9.693051e+000 -9.642097e+000
      vertex  9.693051e+000 -1.322859e+001 -9.642097e+000
      vertex  1.330523e+001 -9.769699e+000 -9.808772e+000
    endloop
  endfacet
  facet normal  5.927755e-001 -5.927755e-001  5.451921e-001
    outer loop
      vertex  1.330523e+001 -9.769699e+000 -9.808772e+000
      vertex  9.693051e+000 -1.322859e+001 -9.642097e+000
      vertex  9.769699e+000 -1.330523e+001 -9.808772e+000
    endloop
  endfacet
  facet normal  5.769790e-001 -5.769790e-001  5.780920e-001
    outer loop
      vertex  1.330523e+001 -9.769699e+000 -9.808772e+000
      vertex  9.769699e+000 -1.330523e+001 -9.808772e+000
      vertex  1.338651e+001 -9.850972e+000 -9.971005e+000
    endloop
  endfacet
  facet normal  5.769790e-001 -5.769790e-001  5.780920e-001
    outer loop
      vertex  1.338651e+001 -9.850972e+000 -9.971005e+000
      vertex  9.769699e+000 -1.330523e+001 -9.808772e+000
      vertex  9.850972e+000 -1.338651e+001 -9.971005e+000
    endloop
  endfacet
  facet normal  5.602726e-001 -5.602726e-001  6.100731e-001
    outer loop
      vertex  1.338651e+001 -9.850972e+000 -9.971005e+000
      vertex  9.850972e+000 -1.338651e+001 -9.971005e+000
      vertex  1.347227e+001 -9.936741e+000 -1.012854e+001
    endloop
  endfacet
  facet normal  5.602726e-001 -5.602726e-001  6.100731e-001
    outer loop
      vertex  1.347227e+001 -9.936741e+000 -1.012854e+001
      vertex  9.850972e+000 -1.338651e+001 -9.971005e+000
      vertex  9.936741e+000 -1.347227e+001 -1.012854e+001
    endloop
  endfacet
  facet normal  5.426772e-001 -5.426772e-001  6.410950e-001
    outer loop
      vertex  1.347227e+001 -9.936741e+000 -1.012854e+001
      vertex  9.936741e+000 -1.347227e+001 -1.012854e+001
      vertex  1.356241e+001 -1.002687e+001 -1.028113e+001
    endloop
  endfacet
  facet normal  5.426772e-001 -5.426772e-001  6.410950e-001
    outer loop
      vertex  1.356241e+001 -1.002687e+001 -1.028113e+001
      vertex  9.936741e+000 -1.347227e+001 -1.012854e+001
      vertex  1.002687e+001 -1.356241e+001 -1.028113e+001
    endloop
  endfacet
  facet normal  5.242255e-001 -5.242255e-001  6.711000e-001
    outer loop
      vertex  1.356241e+001 -1.002687e+001 -1.028113e+001
      vertex  1.002687e+001 -1.356241e+001 -1.028113e+001
      vertex  1.365675e+001 -1.012122e+001 -1.042853e+001
    endloop
  endfacet
  facet normal  5.242255e-001 -5.242255e-001  6.711000e-001
    outer loop
      vertex  1.365675e+001 -1.012122e+001 -1.042853e+001
      vertex  1.002687e+001 -1.356241e+001 -1.028113e+001
      vertex  1.012122e+001 -1.365675e+001 -1.042853e+001
    endloop
  endfacet
  facet normal  5.049475e-001 -5.049475e-001  7.000400e-001
    outer loop
      vertex  1.365675e+001 -1.012122e+001 -1.042853e+001
      vertex  1.012122e+001 -1.365675e+001 -1.042853e+001
      vertex  1.375517e+001 -1.021964e+001 -1.057051e+001
    endloop
  endfacet
  facet normal  5.049475e-001 -5.049475e-001  7.000400e-001
    outer loop
      vertex  1.375517e+001 -1.021964e+001 -1.057051e+001
      vertex  1.012122e+001 -1.365675e+001 -1.042853e+001
      vertex  1.021964e+001 -1.375517e+001 -1.057051e+001
    endloop
  endfacet
  facet normal  4.848676e-001 -4.848676e-001  7.278783e-001
    outer loop
      vertex  1.375517e+001 -1.021964e+001 -1.057051e+001
      vertex  1.021964e+001 -1.375517e+001 -1.057051e+001
      vertex  1.385750e+001 -1.032197e+001 -1.070684e+001
    endloop
  endfacet
  facet normal  4.848676e-001 -4.848676e-001  7.278783e-001
    outer loop
      vertex  1.385750e+001 -1.032197e+001 -1.070684e+001
      vertex  1.021964e+001 -1.375517e+001 -1.057051e+001
      vertex  1.032197e+001 -1.385750e+001 -1.070684e+001
    endloop
  endfacet
  facet normal  4.640218e-001 -4.640218e-001  7.545644e-001
    outer loop
      vertex  1.385750e+001 -1.032197e+001 -1.070684e+001
      vertex  1.032197e+001 -1.385750e+001 -1.070684e+001
      vertex  1.396359e+001 -1.042805e+001 -1.083731e+001
    endloop
  endfacet
  facet normal  4.640218e-001 -4.640218e-001  7.545644e-001
    outer loop
      vertex  1.396359e+001 -1.042805e+001 -1.083731e+001
      vertex  1.032197e+001 -1.385750e+001 -1.070684e+001
      vertex  1.042805e+001 -1.396359e+001 -1.083731e+001
    endloop
  endfacet
  facet normal  4.424417e-001 -4.424417e-001  7.800581e-001
    outer loop
      vertex  1.396359e+001 -1.042805e+001 -1.083731e+001
      vertex  1.042805e+001 -1.396359e+001 -1.083731e+001
      vertex  1.407325e+001 -1.053772e+001 -1.096172e+001
    endloop
  endfacet
  facet normal  4.424417e-001 -4.424417e-001  7.800581e-001
    outer loop
      vertex  1.407325e+001 -1.053772e+001 -1.096172e+001
      vertex  1.042805e+001 -1.396359e+001 -1.083731e+001
      vertex  1.053772e+001 -1.407325e+001 -1.096172e+001
    endloop
  endfacet
  facet normal  4.201621e-001 -4.201621e-001  8.043181e-001
    outer loop
      vertex  1.407325e+001 -1.053772e+001 -1.096172e+001
      vertex  1.053772e+001 -1.407325e+001 -1.096172e+001
      vertex  1.418633e+001 -1.065080e+001 -1.107986e+001
    endloop
  endfacet
  facet normal  4.201621e-001 -4.201621e-001  8.043181e-001
    outer loop
      vertex  1.418633e+001 -1.065080e+001 -1.107986e+001
      vertex  1.053772e+001 -1.407325e+001 -1.096172e+001
      vertex  1.065080e+001 -1.418633e+001 -1.107986e+001
    endloop
  endfacet
  facet normal  3.972219e-001 -3.972219e-001  8.273025e-001
    outer loop
      vertex  1.418633e+001 -1.065080e+001 -1.107986e+001
      vertex  1.065080e+001 -1.418633e+001 -1.107986e+001
      vertex  1.430264e+001 -1.076711e+001 -1.119155e+001
    endloop
  endfacet
  facet normal  3.972219e-001 -3.972219e-001  8.273025e-001
    outer loop
      vertex  1.430264e+001 -1.076711e+001 -1.119155e+001
      vertex  1.065080e+001 -1.418633e+001 -1.107986e+001
      vertex  1.076711e+001 -1.430264e+001 -1.119155e+001
    endloop
  endfacet
  facet normal  3.736469e-001 -3.736469e-001  8.489853e-001
    outer loop
      vertex  1.430264e+001 -1.076711e+001 -1.119155e+001
      vertex  1.076711e+001 -1.430264e+001 -1.119155e+001
      vertex  1.442200e+001 -1.088646e+001 -1.129661e+001
    endloop
  endfacet
  facet normal  3.736469e-001 -3.736469e-001  8.489853e-001
    outer loop
      vertex  1.442200e+001 -1.088646e+001 -1.129661e+001
      vertex  1.076711e+001 -1.430264e+001 -1.119155e+001
      vertex  1.088646e+001 -1.442200e+001 -1.129661e+001
    endloop
  endfacet
  facet normal  3.494872e-001 -3.494872e-001  8.693200e-001
    outer loop
      vertex  1.442200e+001 -1.088646e+001 -1.129661e+001
      vertex  1.088646e+001 -1.442200e+001 -1.129661e+001
      vertex  1.454421e+001 -1.100868e+001 -1.139488e+001
    endloop
  endfacet
  facet normal  3.494872e-001 -3.494872e-001  8.693200e-001
    outer loop
      vertex  1.454421e+001 -1.100868e+001 -1.139488e+001
      vertex  1.088646e+001 -1.442200e+001 -1.129661e+001
      vertex  1.100868e+001 -1.454421e+001 -1.139488e+001
    endloop
  endfacet
  facet normal  3.247752e-001 -3.247752e-001  8.882805e-001
    outer loop
      vertex  1.454421e+001 -1.100868e+001 -1.139488e+001
      vertex  1.100868e+001 -1.454421e+001 -1.139488e+001
      vertex  1.466910e+001 -1.113356e+001 -1.148619e+001
    endloop
  endfacet
  facet normal  3.247752e-001 -3.247752e-001  8.882805e-001
    outer loop
      vertex  1.466910e+001 -1.113356e+001 -1.148619e+001
      vertex  1.100868e+001 -1.454421e+001 -1.139488e+001
      vertex  1.113356e+001 -1.466910e+001 -1.148619e+001
    endloop
  endfacet
  facet normal  2.995431e-001 -2.995431e-001  9.058411e-001
    outer loop
      vertex  1.466910e+001 -1.113356e+001 -1.148619e+001
      vertex  1.113356e+001 -1.466910e+001 -1.148619e+001
      vertex  1.479645e+001 -1.126091e+001 -1.157042e+001
    endloop
  endfacet
  facet normal  2.995431e-001 -2.995431e-001  9.058411e-001
    outer loop
      vertex  1.479645e+001 -1.126091e+001 -1.157042e+001
      vertex  1.113356e+001 -1.466910e+001 -1.148619e+001
      vertex  1.126091e+001 -1.479645e+001 -1.157042e+001
    endloop
  endfacet
  facet normal  2.738410e-001 -2.738410e-001  9.219664e-001
    outer loop
      vertex  1.479645e+001 -1.126091e+001 -1.157042e+001
      vertex  1.126091e+001 -1.479645e+001 -1.157042e+001
      vertex  1.492606e+001 -1.139053e+001 -1.164742e+001
    endloop
  endfacet
  facet normal  2.738410e-001 -2.738410e-001  9.219664e-001
    outer loop
      vertex  1.492606e+001 -1.139053e+001 -1.164742e+001
      vertex  1.126091e+001 -1.479645e+001 -1.157042e+001
      vertex  1.139053e+001 -1.492606e+001 -1.164742e+001
    endloop
  endfacet
  facet normal  2.477084e-001 -2.477084e-001  9.366329e-001
    outer loop
      vertex  1.492606e+001 -1.139053e+001 -1.164742e+001
      vertex  1.139053e+001 -1.492606e+001 -1.164742e+001
      vertex  1.505774e+001 -1.152221e+001 -1.171707e+001
    endloop
  endfacet
  facet normal  2.477084e-001 -2.477084e-001  9.366329e-001
    outer loop
      vertex  1.505774e+001 -1.152221e+001 -1.171707e+001
      vertex  1.139053e+001 -1.492606e+001 -1.164742e+001
      vertex  1.152221e+001 -1.505774e+001 -1.171707e+001
    endloop
  endfacet
  facet normal  2.211816e-001 -2.211816e-001  9.498197e-001
    outer loop
      vertex  1.505774e+001 -1.152221e+001 -1.171707e+001
      vertex  1.152221e+001 -1.505774e+001 -1.171707e+001
      vertex  1.519128e+001 -1.165574e+001 -1.177926e+001
    endloop
  endfacet
  facet normal  2.211816e-001 -2.211816e-001  9.498197e-001
    outer loop
      vertex  1.519128e+001 -1.165574e+001 -1.177926e+001
      vertex  1.152221e+001 -1.505774e+001 -1.171707e+001
      vertex  1.165574e+001 -1.519128e+001 -1.177926e+001
    endloop
  endfacet
  facet normal  1.943017e-001 -1.943017e-001  9.615059e-001
    outer loop
      vertex  1.519128e+001 -1.165574e+001 -1.177926e+001
      vertex  1.165574e+001 -1.519128e+001 -1.177926e+001
      vertex  1.532645e+001 -1.179092e+001 -1.183389e+001
    endloop
  endfacet
  facet normal  1.943017e-001 -1.943017e-001  9.615059e-001
    outer loop
      vertex  1.532645e+001 -1.179092e+001 -1.183389e+001
      vertex  1.165574e+001 -1.519128e+001 -1.177926e+001
      vertex  1.179092e+001 -1.532645e+001 -1.183389e+001
    endloop
  endfacet
  facet normal  1.671208e-001 -1.671208e-001  9.716693e-001
    outer loop
      vertex  1.532645e+001 -1.179092e+001 -1.183389e+001
      vertex  1.179092e+001 -1.532645e+001 -1.183389e+001
      vertex  1.546306e+001 -1.192752e+001 -1.188088e+001
    endloop
  endfacet
  facet normal  1.671208e-001 -1.671208e-001  9.716693e-001
    outer loop
      vertex  1.546306e+001 -1.192752e+001 -1.188088e+001
      vertex  1.179092e+001 -1.532645e+001 -1.183389e+001
      vertex  1.192752e+001 -1.546306e+001 -1.188088e+001
    endloop
  endfacet
  facet normal  1.396746e-001 -1.396746e-001  9.802970e-001
    outer loop
      vertex  1.546306e+001 -1.192752e+001 -1.188088e+001
      vertex  1.192752e+001 -1.546306e+001 -1.188088e+001
      vertex  1.560088e+001 -1.206534e+001 -1.192015e+001
    endloop
  endfacet
  facet normal  1.396746e-001 -1.396746e-001  9.802970e-001
    outer loop
      vertex  1.560088e+001 -1.206534e+001 -1.192015e+001
      vertex  1.192752e+001 -1.546306e+001 -1.188088e+001
      vertex  1.206534e+001 -1.560088e+001 -1.192015e+001
    endloop
  endfacet
  facet normal  1.120053e-001 -1.120053e-001  9.873751e-001
    outer loop
      vertex  1.560088e+001 -1.206534e+001 -1.192015e+001
      vertex  1.206534e+001 -1.560088e+001 -1.192015e+001
      vertex  1.573969e+001 -1.220416e+001 -1.195165e+001
    endloop
  endfacet
  facet normal  1.120053e-001 -1.120053e-001  9.873751e-001
    outer loop
      vertex  1.573969e+001 -1.220416e+001 -1.195165e+001
      vertex  1.206534e+001 -1.560088e+001 -1.192015e+001
      vertex  1.220416e+001 -1.573969e+001 -1.195165e+001
    endloop
  endfacet
  facet normal  8.415542e-002 -8.415542e-002  9.928926e-001
    outer loop
      vertex  1.573969e+001 -1.220416e+001 -1.195165e+001
      vertex  1.220416e+001 -1.573969e+001 -1.195165e+001
      vertex  1.587928e+001 -1.234375e+001 -1.197531e+001
    endloop
  endfacet
  facet normal  8.415542e-002 -8.415542e-002  9.928926e-001
    outer loop
      vertex  1.587928e+001 -1.234375e+001 -1.197531e+001
      vertex  1.220416e+001 -1.573969e+001 -1.195165e+001
      vertex  1.234375e+001 -1.587928e+001 -1.197531e+001
    endloop
  endfacet
  facet normal  5.618078e-002 -5.618078e-002  9.968387e-001
    outer loop
      vertex  1.587928e+001 -1.234375e+001 -1.197531e+001
      vertex  1.234375e+001 -1.587928e+001 -1.197531e+001
      vertex  1.601942e+001 -1.248389e+001 -1.199111e+001
    endloop
  endfacet
  facet normal  5.618078e-002 -5.618078e-002  9.968387e-001
    outer loop
      vertex  1.601942e+001 -1.248389e+001 -1.199111e+001
      vertex  1.234375e+001 -1.587928e+001 -1.197531e+001
      vertex  1.248389e+001 -1.601942e+001 -1.199111e+001
    endloop
  endfacet
  facet normal  2.811392e-002 -2.811392e-002  9.992092e-001
    outer loop
      vertex  1.601942e+001 -1.248389e+001 -1.199111e+001
      vertex  1.248389e+001 -1.601942e+001 -1.199111e+001
      vertex  1.615990e+001 -1.262437e+001 -1.199901e+001
    endloop
  endfacet
  facet normal  2.811393e-002 -2.811393e-002  9.992092e-001
    outer loop
      vertex  1.615990e+001 -1.262437e+001 -1.199901e+001
      vertex  1.248389e+001 -1.601942e+001 -1.199111e+001
      vertex  1.262437e+001 -1.615990e+001 -1.199901e+001
    endloop
  endfacet
  facet normal  0.000000e+000  0.000000e+000  1.000000e+000
    outer loop
      vertex  1.615990e+001 -1.262437e+001 -1.199901e+001
      vertex  1.262437e+001 -1.615990e+001 -1.199901e+001
      vertex  1.630049e+001 -1.276495e+001 -1.199901e+001
    endloop
  endfacet
  facet normal  0.000000e+000  0.000000e+000  1.000000e+000
    outer loop
      vertex  1.630049e+001 -1.276495e+001 -1.199901e+001
      vertex  1.262437e+001 -1.615990e+001 -1.199901e+001
      vertex  1.276495e+001 -1.630049e+001 -1.199901e+001
    endloop
  endfacet
  facet normal -2.811391e-002  2.811391e-002  9.992092e-001
    outer loop
      vertex  1.630049e+001 -1.276495e+001 -1.199901e+001
      vertex  1.276495e+001 -1.630049e+001 -1.199901e+001
      vertex  1.644097e+001 -1.290543e+001 -1.199111e+001
    endloop
  endfacet
  facet normal -2.811392e-002  2.811392e-002  9.992092e-001
    outer loop
      vertex  1.644097e+001 -1.290543e+001 -1.199111e+001
      vertex  1.276495e+001 -1.630049e+001 -1.199901e+001
      vertex  1.290543e+001 -1.644097e+001 -1.199111e+001
    endloop
  endfacet
  facet normal -5.618057e-002  5.618057e-002  9.968388e-001
    outer loop
      vertex  1.644097e+001 -1.290543e+001 -1.199111e+001
      vertex  1.290543e+001 -1.644097e+001 -1.199111e+001
      vertex  1.658111e+001 -1.304558e+001 -1.197531e+001
    endloop
  endfacet
  facet normal -5.618059e-002  5.618059e-002  9.968388e-001
    outer loop
      vertex  1.658111e+001 -1.304558e+001 -1.197531e+001
      vertex  1.290543e+001 -1.644097e+001 -1.199111e+001
      vertex  1.304558e+001 -1.658111e+001 -1.197531e+001
    endloop
  endfacet
  facet normal -8.415544e-002  8.415544e-002  9.928926e-001
    outer loop
      vertex  1.658111e+001 -1.304558e+001 -1.197531e+001
      vertex  1.304558e+001 -1.658111e+001 -1.197531e+001
      vertex  1.672070e+001 -1.318516e+001 -1.195165e+001
    endloop
  endfacet
  facet normal -8.415544e-002  8.415544e-002  9.928926e-001
    outer loop
      vertex  1.672070e+001 -1.318516e+001 -1.195165e+001
      vertex  1.304558e+001 -1.658111e+001 -1.197531e+001
      vertex  1.318516e+001 -1.672070e+001 -1.195165e+001
    endloop
  endfacet
  facet normal -1.120054e-001  1.120054e-001  9.873751e-001
    outer loop
      vertex  1.672070e+001 -1.318516e+001 -1.195165e+001
      vertex  1.318516e+001 -1.672070e+001 -1.195165e+001
      vertex  1.685951e+001 -1.332398e+001 -1.192015e+001
    endloop
  endfacet
  facet normal -1.120054e-001  1.120054e-001  9.873751e-001
    outer loop
      vertex  1.685951e+001 -1.332398e+001 -1.192015e+001
      vertex  1.318516e+001 -1.672070e+001 -1.195165e+001
      vertex  1.332398e+001 -1.685951e+001 -1.192015e+001
    endloop
  endfacet
  facet normal -1.396751e-001  1.396751e-001  9.802967e-001
    outer loop
      vertex  1.685951e+001 -1.332398e+001 -1.192015e+001
      vertex  1.332398e+001 -1.685951e+001 -1.192015e+001
      vertex  1.699733e+001 -1.346180e+001 -1.188088e+001
    endloop
  endfacet
  facet normal -1.396751e-001  1.396751e-001  9.802967e-001
    outer loop
      vertex  1.699733e+001 -1.346180e+001 -1.188088e+001
      vertex  1.332398e+001 -1.685951e+001 -1.192015e+001
      vertex  1.346180e+001 -1.699733e+001 -1.188088e+001
    endloop
  endfacet
  facet normal -1.671195e-001  1.671195e-001  9.716697e-001
    outer loop
      vertex  1.699733e+001 -1.346180e+001 -1.188088e+001
      vertex  1.346180e+001 -1.699733e+001 -1.188088e+001
      vertex  1.713394e+001 -1.359840e+001 -1.183389e+001
    endloop
  endfacet
  facet normal -1.671195e-001  1.671195e-001  9.716697e-001
    outer loop
      vertex  1.713394e+001 -1.359840e+001 -1.183389e+001
      vertex  1.346180e+001 -1.699733e+001 -1.188088e+001
      vertex  1.359840e+001 -1.713394e+001 -1.183389e+001
    endloop
  endfacet
  facet normal -1.943028e-001  1.943028e-001  9.615055e-001
    outer loop
      vertex  1.713394e+001 -1.359840e+001 -1.183389e+001
      vertex  1.359840e+001 -1.713394e+001 -1.183389e+001
      vertex  1.726911e+001 -1.373358e+001 -1.177926e+001
    endloop
  endfacet
  facet normal -1.943028e-001  1.943028e-001  9.615055e-001
    outer loop
      vertex  1.726911e+001 -1.373358e+001 -1.177926e+001
      vertex  1.359840e+001 -1.713394e+001 -1.183389e+001
      vertex  1.373358e+001 -1.726911e+001 -1.177926e+001
    endloop
  endfacet
  facet normal -2.211816e-001  2.211816e-001  9.498197e-001
    outer loop
      vertex  1.726911e+001 -1.373358e+001 -1.177926e+001
      vertex  1.373358e+001 -1.726911e+001 -1.177926e+001
      vertex  1.740265e+001 -1.386711e+001 -1.171707e+001
    endloop
  endfacet
  facet normal -2.211816e-001  2.211816e-001  9.498197e-001
    outer loop
      vertex  1.740265e+001 -1.386711e+001 -1.171707e+001
      vertex  1.373358e+001 -1.726911e+001 -1.177926e+001
      vertex  1.386711e+001 -1.740265e+001 -1.171707e+001
    endloop
  endfacet
  facet normal -2.477075e-001  2.477075e-001  9.366334e-001
    outer loop
      vertex  1.740265e+001 -1.386711e+001 -1.171707e+001
      vertex  1.386711e+001 -1.740265e+001 -1.171707e+001
      vertex  1.753432e+001 -1.399879e+001 -1.164742e+001
    endloop
  endfacet
  facet normal -2.477074e-001  2.477074e-001  9.366334e-001
    outer loop
      vertex  1.753432e+001 -1.399879e+001 -1.164742e+001
      vertex  1.386711e+001 -1.740265e+001 -1.171707e+001
      vertex  1.399879e+001 -1.753432e+001 -1.164742e+001
    endloop
  endfacet
  facet normal -2.738422e-001  2.738422e-001  9.219658e-001
    outer loop
      vertex  1.753432e+001 -1.399879e+001 -1.164742e+001
      vertex  1.399879e+001 -1.753432e+001 -1.164742e+001
      vertex  1.766394e+001 -1.412841e+001 -1.157042e+001
    endloop
  endfacet
  facet normal -2.738420e-001  2.738420e-001  9.219658e-001
    outer loop
      vertex  1.766394e+001 -1.412841e+001 -1.157042e+001
      vertex  1.399879e+001 -1.753432e+001 -1.164742e+001
      vertex  1.412841e+001 -1.766394e+001 -1.157042e+001
    endloop
  endfacet
  facet normal -2.995423e-001  2.995423e-001  9.058414e-001
    outer loop
      vertex  1.766394e+001 -1.412841e+001 -1.157042e+001
      vertex  1.412841e+001 -1.766394e+001 -1.157042e+001
      vertex  1.779129e+001 -1.425576e+001 -1.148619e+001
    endloop
  endfacet
  facet normal -2.995424e-001  2.995424e-001  9.058414e-001
    outer loop
      vertex  1.779129e+001 -1.425576e+001 -1.148619e+001
      vertex  1.412841e+001 -1.766394e+001 -1.157042e+001
      vertex  1.425576e+001 -1.779129e+001 -1.148619e+001
    endloop
  endfacet
  facet normal -3.247741e-001  3.247741e-001  8.882813e-001
    outer loop
      vertex  1.779129e+001 -1.425576e+001 -1.148619e+001
      vertex  1.425576e+001 -1.779129e+001 -1.148619e+001
      vertex  1.791618e+001 -1.438064e+001 -1.139488e+001
    endloop
  endfacet
  facet normal -3.247741e-001  3.247741e-001  8.882813e-001
    outer loop
      vertex  1.791618e+001 -1.438064e+001 -1.139488e+001
      vertex  1.425576e+001 -1.779129e+001 -1.148619e+001
      vertex  1.438064e+001 -1.791618e+001 -1.139488e+001
    endloop
  endfacet
  facet normal -3.494881e-001  3.494881e-001  8.693194e-001
    outer loop
      vertex  1.791618e+001 -1.438064e+001 -1.139488e+001
      vertex  1.438064e+001 -1.791618e+001 -1.139488e+001
      vertex  1.803839e+001 -1.450286e+001 -1.129661e+001
    endloop
  endfacet
  facet normal -3.494880e-001  3.494880e-001  8.693194e-001
    outer loop
      vertex  1.803839e+001 -1.450286e+001 -1.129661e+001
      vertex  1.438064e+001 -1.791618e+001 -1.139488e+001
      vertex  1.450286e+001 -1.803839e+001 -1.129661e+001
    endloop
  endfacet
  facet normal -3.736459e-001  3.736459e-001  8.489861e-001
    outer loop
      vertex  1.803839e+001 -1.450286e+001 -1.129661e+001
      vertex  1.450286e+001 -1.803839e+001 -1.129661e+001
      vertex  1.815775e+001 -1.462222e+001 -1.119155e+001
    endloop
  endfacet
  facet normal -3.736460e-001  3.736460e-001  8.489860e-001
    outer loop
      vertex  1.815775e+001 -1.462222e+001 -1.119155e+001
      vertex  1.450286e+001 -1.803839e+001 -1.129661e+001
      vertex  1.462222e+001 -1.815775e+001 -1.119155e+001
    endloop
  endfacet
  facet normal -3.972228e-001  3.972228e-001  8.273016e-001
    outer loop
      vertex  1.815775e+001 -1.462222e+001 -1.119155e+001
      vertex  1.462222e+001 -1.815775e+001 -1.119155e+001
      vertex  1.827406e+001 -1.473852e+001 -1.107986e+001
    endloop
  endfacet
  facet normal -3.972228e-001  3.972228e-001  8.273017e-001
    outer loop
      vertex  1.827406e+001 -1.473852e+001 -1.107986e+001
      vertex  1.462222e+001 -1.815775e+001 -1.119155e+001
      vertex  1.473852e+001 -1.827406e+001 -1.107986e+001
    endloop
  endfacet
  facet normal -4.201623e-001  4.201623e-001  8.043179e-001
    outer loop
      vertex  1.827406e+001 -1.473852e+001 -1.107986e+001
      vertex  1.473852e+001 -1.827406e+001 -1.107986e+001
      vertex  1.838714e+001 -1.485160e+001 -1.096172e+001
    endloop
  endfacet
  facet normal -4.201625e-001  4.201625e-001  8.043177e-001
    outer loop
      vertex  1.838714e+001 -1.485160e+001 -1.096172e+001
      vertex  1.473852e+001 -1.827406e+001 -1.107986e+001
      vertex  1.485160e+001 -1.838714e+001 -1.096172e+001
    endloop
  endfacet
  facet normal -4.424418e-001  4.424418e-001  7.800581e-001
    outer loop
      vertex  1.838714e+001 -1.485160e+001 -1.096172e+001
      vertex  1.485160e+001 -1.838714e+001 -1.096172e+001
      vertex  1.849680e+001 -1.496127e+001 -1.083731e+001
    endloop
  endfacet
  facet normal -4.424418e-001  4.424418e-001  7.800581e-001
    outer loop
      vertex  1.849680e+001 -1.496127e+001 -1.083731e+001
      vertex  1.485160e+001 -1.838714e+001 -1.096172e+001
      vertex  1.496127e+001 -1.849680e+001 -1.083731e+001
    endloop
  endfacet
  facet normal -4.640219e-001  4.640219e-001  7.545643e-001
    outer loop
      vertex  1.849680e+001 -1.496127e+001 -1.083731e+001
      vertex  1.496127e+001 -1.849680e+001 -1.083731e+001
      vertex  1.860289e+001 -1.506735e+001 -1.070684e+001
    endloop
  endfacet
  facet normal -4.640219e-001  4.640219e-001  7.545643e-001
    outer loop
      vertex  1.860289e+001 -1.506735e+001 -1.070684e+001
      vertex  1.496127e+001 -1.849680e+001 -1.083731e+001
      vertex  1.506735e+001 -1.860289e+001 -1.070684e+001
    endloop
  endfacet
  facet normal -4.848677e-001  4.848677e-001  7.278782e-001
    outer loop
      vertex  1.860289e+001 -1.506735e+001 -1.070684e+001
      vertex  1.506735e+001 -1.860289e+001 -1.070684e+001
      vertex  1.870522e+001 -1.516968e+001 -1.057051e+001
    endloop
  endfacet
  facet normal -4.848677e-001  4.848677e-001  7.278782e-001
    outer loop
      vertex  1.870522e+001 -1.516968e+001 -1.057051e+001
      vertex  1.506735e+001 -1.860289e+001 -1.070684e+001
      vertex  1.516968e+001 -1.870522e+001 -1.057051e+001
    endloop
  endfacet
  facet normal -5.049463e-001  5.049463e-001  7.000418e-001
    outer loop
      vertex  1.870522e+001 -1.516968e+001 -1.057051e+001
      vertex  1.516968e+001 -1.870522e+001 -1.057051e+001
      vertex  1.880363e+001 -1.526810e+001 -1.042853e+001
    endloop
  endfacet
  facet normal -5.049462e-001  5.049462e-001  7.000419e-001
    outer loop
      vertex  1.880363e+001 -1.526810e+001 -1.042853e+001
      vertex  1.516968e+001 -1.870522e+001 -1.057051e+001
      vertex  1.526810e+001 -1.880363e+001 -1.042853e+001
    endloop
  endfacet
  facet normal -5.242265e-001  5.242265e-001  6.710984e-001
    outer loop
      vertex  1.880363e+001 -1.526810e+001 -1.042853e+001
      vertex  1.526810e+001 -1.880363e+001 -1.042853e+001
      vertex  1.889798e+001 -1.536245e+001 -1.028113e+001
    endloop
  endfacet
  facet normal -5.242265e-001  5.242265e-001  6.710984e-001
    outer loop
      vertex  1.889798e+001 -1.536245e+001 -1.028113e+001
      vertex  1.526810e+001 -1.880363e+001 -1.042853e+001
      vertex  1.536245e+001 -1.889798e+001 -1.028113e+001
    endloop
  endfacet
  facet normal -5.426787e-001  5.426787e-001  6.410927e-001
    outer loop
      vertex  1.889798e+001 -1.536245e+001 -1.028113e+001
      vertex  1.536245e+001 -1.889798e+001 -1.028113e+001
      vertex  1.898811e+001 -1.545258e+001 -1.012854e+001
    endloop
  endfacet
  facet normal -5.426786e-001  5.426786e-001  6.410927e-001
    outer loop
      vertex  1.898811e+001 -1.545258e+001 -1.012854e+001
      vertex  1.536245e+001 -1.889798e+001 -1.028113e+001
      vertex  1.545258e+001 -1.898811e+001 -1.012854e+001
    endloop
  endfacet
  facet normal -5.602700e-001  5.602700e-001  6.100779e-001
    outer loop
      vertex  1.898811e+001 -1.545258e+001 -1.012854e+001
      vertex  1.545258e+001 -1.898811e+001 -1.012854e+001
      vertex  1.907388e+001 -1.553835e+001 -9.971005e+000
    endloop
  endfacet
  facet normal -5.602700e-001  5.602700e-001  6.100779e-001
    outer loop
      vertex  1.907388e+001 -1.553835e+001 -9.971005e+000
      vertex  1.545258e+001 -1.898811e+001 -1.012854e+001
      vertex  1.553835e+001 -1.907388e+001 -9.971005e+000
    endloop
  endfacet
  facet normal -5.769803e-001  5.769803e-001  5.780895e-001
    outer loop
      vertex  1.907388e+001 -1.553835e+001 -9.971005e+000
      vertex  1.553835e+001 -1.907388e+001 -9.971005e+000
      vertex  1.915516e+001 -1.561962e+001 -9.808772e+000
    endloop
  endfacet
  facet normal -5.769802e-001  5.769802e-001  5.780896e-001
    outer loop
      vertex  1.915516e+001 -1.561962e+001 -9.808772e+000
      vertex  1.553835e+001 -1.907388e+001 -9.971005e+000
      vertex  1.561962e+001 -1.915516e+001 -9.808772e+000
    endloop
  endfacet
  facet normal -5.927742e-001  5.927742e-001  5.451950e-001
    outer loop
      vertex  1.915516e+001 -1.561962e+001 -9.808772e+000
      vertex  1.561962e+001 -1.915516e+001 -9.808772e+000
      vertex  1.923180e+001 -1.569627e+001 -9.642097e+000
    endloop
  endfacet
  facet normal -5.927743e-001  5.927743e-001  5.451949e-001
    outer loop
      vertex  1.923180e+001 -1.569627e+001 -9.642097e+000
      vertex  1.561962e+001 -1.915516e+001 -9.808772e+000
      vertex  1.569627e+001 -1.923180e+001 -9.642097e+000
    endloop
  endfacet
  facet normal -6.076331e-001  6.076331e-001  5.114332e-001
    outer loop
      vertex  1.923180e+001 -1.569627e+001 -9.642097e+000
      vertex  1.569627e+001 -1.923180e+001 -9.642097e+000
      vertex  1.930371e+001 -1.576817e+001 -9.471246e+000
    endloop
  endfacet
  facet normal -6.076331e-001  6.076331e-001  5.114332e-001
    outer loop
      vertex  1.930371e+001 -1.576817e+001 -9.471246e+000
      vertex  1.569627e+001 -1.923180e+001 -9.642097e+000
      vertex  1.576817e+001 -1.930371e+001 -9.471246e+000
    endloop
  endfacet
  facet normal -6.215289e-001  6.215289e-001  4.768685e-001
    outer loop
      vertex  1.930371e+001 -1.576817e+001 -9.471246e+000
      vertex  1.576817e+001 -1.930371e+001 -9.471246e+000
      vertex  1.937075e+001 -1.583521e+001 -9.296487e+000
    endloop
  endfacet
  facet normal -6.215292e-001  6.215292e-001  4.768679e-001
    outer loop
      vertex  1.937075e+001 -1.583521e+001 -9.296487e+000
      vertex  1.576817e+001 -1.930371e+001 -9.471246e+000
      vertex  1.583521e+001 -1.937075e+001 -9.296487e+000
    endloop
  endfacet
  facet normal -6.344433e-001  6.344433e-001  4.415467e-001
    outer loop
      vertex  1.937075e+001 -1.583521e+001 -9.296487e+000
      vertex  1.583521e+001 -1.937075e+001 -9.296487e+000
      vertex  1.943282e+001 -1.589729e+001 -9.118095e+000
    endloop
  endfacet
  facet normal -6.344433e-001  6.344433e-001  4.415467e-001
    outer loop
      vertex  1.943282e+001 -1.589729e+001 -9.118095e+000
      vertex  1.583521e+001 -1.937075e+001 -9.296487e+000
      vertex  1.589729e+001 -1.943282e+001 -9.118095e+000
    endloop
  endfacet
  facet normal -6.463549e-001  6.463549e-001  4.055253e-001
    outer loop
      vertex  1.943282e+001 -1.589729e+001 -9.118095e+000
      vertex  1.589729e+001 -1.943282e+001 -9.118095e+000
      vertex  1.948984e+001 -1.595430e+001 -8.936356e+000
    endloop
  endfacet
  facet normal -6.463549e-001  6.463549e-001  4.055252e-001
    outer loop
      vertex  1.948984e+001 -1.595430e+001 -8.936356e+000
      vertex  1.589729e+001 -1.943282e+001 -9.118095e+000
      vertex  1.595430e+001 -1.948984e+001 -8.936356e+000
    endloop
  endfacet
  facet normal -6.572422e-001  6.572422e-001  3.688702e-001
    outer loop
      vertex  1.948984e+001 -1.595430e+001 -8.936356e+000
      vertex  1.595430e+001 -1.948984e+001 -8.936356e+000
      vertex  1.954169e+001 -1.600616e+001 -8.751554e+000
    endloop
  endfacet
  facet normal -6.572422e-001  6.572422e-001  3.688702e-001
    outer loop
      vertex  1.954169e+001 -1.600616e+001 -8.751554e+000
      vertex  1.595430e+001 -1.948984e+001 -8.936356e+000
      vertex  1.600616e+001 -1.954169e+001 -8.751554e+000
    endloop
  endfacet
  facet normal -6.670949e-001  6.670949e-001  3.316156e-001
    outer loop
      vertex  1.954169e+001 -1.600616e+001 -8.751554e+000
      vertex  1.600616e+001 -1.954169e+001 -8.751554e+000
      vertex  1.958832e+001 -1.605278e+001 -8.563983e+000
    endloop
  endfacet
  facet normal -6.670949e-001  6.670949e-001  3.316156e-001
    outer loop
      vertex  1.958832e+001 -1.605278e+001 -8.563983e+000
      vertex  1.600616e+001 -1.954169e+001 -8.751554e+000
      vertex  1.605278e+001 -1.958832e+001 -8.563983e+000
    endloop
  endfacet
  facet normal -6.758901e-001  6.758901e-001  2.938453e-001
    outer loop
      vertex  1.958832e+001 -1.605278e+001 -8.563983e+000
      vertex  1.605278e+001 -1.958832e+001 -8.563983e+000
      vertex  1.962963e+001 -1.609409e+001 -8.373939e+000
    endloop
  endfacet
  facet normal -6.758901e-001  6.758901e-001  2.938453e-001
    outer loop
      vertex  1.962963e+001 -1.609409e+001 -8.373939e+000
      vertex  1.605278e+001 -1.958832e+001 -8.563983e+000
      vertex  1.609409e+001 -1.962963e+001 -8.373939e+000
    endloop
  endfacet
  facet normal -6.836157e-001  6.836157e-001  2.556152e-001
    outer loop
      vertex  1.962963e+001 -1.609409e+001 -8.373939e+000
      vertex  1.609409e+001 -1.962963e+001 -8.373939e+000
      vertex  1.966556e+001 -1.613003e+001 -8.181723e+000
    endloop
  endfacet
  facet normal -6.836157e-001  6.836157e-001  2.556152e-001
    outer loop
      vertex  1.966556e+001 -1.613003e+001 -8.181723e+000
      vertex  1.609409e+001 -1.962963e+001 -8.373939e+000
      vertex  1.613003e+001 -1.966556e+001 -8.181723e+000
    endloop
  endfacet
  facet normal -6.902593e-001  6.902593e-001  2.169888e-001
    outer loop
      vertex  1.966556e+001 -1.613003e+001 -8.181723e+000
      vertex  1.613003e+001 -1.966556e+001 -8.181723e+000
      vertex  1.969607e+001 -1.616054e+001 -7.987637e+000
    endloop
  endfacet
  facet normal -6.902593e-001  6.902593e-001  2.169888e-001
    outer loop
      vertex  1.969607e+001 -1.616054e+001 -7.987637e+000
      vertex  1.613003e+001 -1.966556e+001 -8.181723e+000
      vertex  1.616054e+001 -1.969607e+001 -7.987637e+000
    endloop
  endfacet
  facet normal -6.958150e-001  6.958150e-001  1.779972e-001
    outer loop
      vertex  1.969607e+001 -1.616054e+001 -7.987637e+000
      vertex  1.616054e+001 -1.969607e+001 -7.987637e+000
      vertex  1.972109e+001 -1.618556e+001 -7.791990e+000
    endloop
  endfacet
  facet normal -6.958150e-001  6.958150e-001  1.779972e-001
    outer loop
      vertex  1.972109e+001 -1.618556e+001 -7.791990e+000
      vertex  1.616054e+001 -1.969607e+001 -7.987637e+000
      vertex  1.618556e+001 -1.972109e+001 -7.791990e+000
    endloop
  endfacet
  facet normal -7.002687e-001  7.002687e-001  1.387355e-001
    outer loop
      vertex  1.972109e+001 -1.618556e+001 -7.791990e+000
      vertex  1.618556e+001 -1.972109e+001 -7.791990e+000
      vertex  1.974060e+001 -1.620506e+001 -7.595091e+000
    endloop
  endfacet
  facet normal -7.002687e-001  7.002687e-001  1.387355e-001
    outer loop
      vertex  1.974060e+001 -1.620506e+001 -7.595091e+000
      vertex  1.618556e+001 -1.972109e+001 -7.791990e+000
      vertex  1.620506e+001 -1.974060e+001 -7.595091e+000
    endloop
  endfacet
  facet normal -7.036160e-001  7.036160e-001  9.924228e-002
    outer loop
      vertex  1.974060e+001 -1.620506e+001 -7.595091e+000
      vertex  1.620506e+001 -1.974060e+001 -7.595091e+000
      vertex  1.975455e+001 -1.621902e+001 -7.397251e+000
    endloop
  endfacet
  facet normal -7.036160e-001  7.036160e-001  9.924228e-002
    outer loop
      vertex  1.975455e+001 -1.621902e+001 -7.397251e+000
      vertex  1.620506e+001 -1.974060e+001 -7.595091e+000
      vertex  1.621902e+001 -1.975455e+001 -7.397251e+000
    endloop
  endfacet
  facet normal -7.058486e-001  7.058486e-001  5.962588e-002
    outer loop
      vertex  1.975455e+001 -1.621902e+001 -7.397251e+000
      vertex  1.621902e+001 -1.975455e+001 -7.397251e+000
      vertex  1.976293e+001 -1.622740e+001 -7.198782e+000
    endloop
  endfacet
  facet normal -7.058486e-001  7.058486e-001  5.962588e-002
    outer loop
      vertex  1.976293e+001 -1.622740e+001 -7.198782e+000
      vertex  1.621902e+001 -1.975455e+001 -7.397251e+000
      vertex  1.622740e+001 -1.976293e+001 -7.198782e+000
    endloop
  endfacet
  facet normal -7.069671e-001  7.069671e-001  1.987532e-002
    outer loop
      vertex  1.976293e+001 -1.622740e+001 -7.198782e+000
      vertex  1.622740e+001 -1.976293e+001 -7.198782e+000
      vertex  1.976573e+001 -1.623019e+001 -7.000000e+000
    endloop
  endfacet
  facet normal -7.069671e-001  7.069671e-001  1.987532e-002
    outer loop
      vertex  1.976573e+001 -1.623019e+001 -7.000000e+000
      vertex  1.622740e+001 -1.976293e+001 -7.198782e+000
      vertex  1.623019e+001 -1.976573e+001 -7.000000e+000
    endloop
  endfacet
  facet normal -7.071077e-001 -7.071059e-001 -5.281338e-005
    outer loop
      vertex  1.248389e+001 -1.601942e+001 -2.008893e+000
      vertex  1.262437e+001 -1.615990e+001 -2.000988e+000
      vertex  6.653519e+000 -1.018905e+001 -1.802961e+000
    endloop
  endfacet
  facet normal -7.071068e-001 -7.071068e-001  0.000000e+000
    outer loop
      vertex  1.234375e+001 -1.587928e+001 -2.024689e+000
      vertex  1.248389e+001 -1.601942e+001 -2.008893e+000
      vertex  6.653519e+000 -1.018905e+001 -1.802961e+000
    endloop
  endfacet
  facet normal -7.071041e-001 -7.071094e-001  2.759798e-008
    outer loop
      vertex  1.250171e+001 -1.603724e+001  2.170478e+001
      vertex  1.262437e+001 -1.615990e+001 -2.000988e+000
      vertex  1.262772e+001 -1.616325e+001  2.178446e+001
    endloop
  endfacet
  facet normal -7.071068e-001 -7.071068e-001  0.000000e+000
    outer loop
      vertex  1.609409e+001 -1.962963e+001 -8.373939e+000
      vertex  1.609078e+001 -1.962631e+001 -3.992725e+001
      vertex  1.613003e+001 -1.966556e+001 -8.181723e+000
    endloop
  endfacet
  facet normal -7.070932e-001 -7.071204e-001  2.407521e-008
    outer loop
      vertex  1.562245e+001 -1.915798e+001 -4.097089e+001
      vertex  1.564724e+001 -1.918277e+001 -4.085024e+001
      vertex  1.561962e+001 -1.915516e+001 -9.808772e+000
    endloop
  endfacet
  facet normal -7.071068e-001 -7.071068e-001  0.000000e+000
    outer loop
      vertex  1.234375e+001 -1.587928e+001 -1.197531e+001
      vertex  6.562275e+000 -1.009781e+001 -1.197873e+001
      vertex  1.248389e+001 -1.601942e+001 -1.199111e+001
    endloop
  endfacet
  facet normal -7.071068e-001 -7.071067e-001  0.000000e+000
    outer loop
      vertex  1.088646e+001 -1.442200e+001 -1.129661e+001
      vertex  6.287662e+000 -9.823195e+000 -1.123093e+001
      vertex  1.100868e+001 -1.454421e+001 -1.139488e+001
    endloop
  endfacet
  facet normal -7.071068e-001 -7.071068e-001  0.000000e+000
    outer loop
      vertex  9.936741e+000 -1.347227e+001 -1.012854e+001
      vertex  5.992566e+000 -9.528100e+000 -1.018808e+001
      vertex  1.002687e+001 -1.356241e+001 -1.028113e+001
    endloop
  endfacet
  facet normal -7.071068e-001 -7.071068e-001  0.000000e+000
    outer loop
      vertex  1.100868e+001 -1.454421e+001 -2.605124e+000
      vertex  6.365585e+000 -9.901119e+000 -2.540670e+000
      vertex  1.088646e+001 -1.442200e+001 -2.703392e+000
    endloop
  endfacet
  facet normal -7.071068e-001 -7.071068e-001  0.000000e+000
    outer loop
      vertex  1.113356e+001 -1.466910e+001 -2.513806e+000
      vertex  6.365585e+000 -9.901119e+000 -2.540670e+000
      vertex  1.100868e+001 -1.454421e+001 -2.605124e+000
    endloop
  endfacet
  facet normal -7.071505e-001 -7.070631e-001  5.879984e-005
    outer loop
      vertex  7.624533e+000 -1.116007e+001 -2.951864e-002
      vertex  7.488070e+000 -1.102360e+001 -2.336984e-001
      vertex  7.764997e+000 -1.130053e+001  1.691590e-001
    endloop
  endfacet
  facet normal -7.071069e-001 -7.071066e-001 -1.574784e-007
    outer loop
      vertex  1.584811e+001 -1.938364e+001 -4.264384e+001
      vertex  1.579817e+001 -1.933371e+001 -4.253992e+001
      vertex  1.353615e+001 -1.707169e+001 -4.252232e+001
    endloop
  endfacet
  facet normal -7.071068e-001 -7.071068e-001  0.000000e+000
    outer loop
      vertex  1.767354e+001 -2.120907e+001 -4.322089e+001
      vertex  1.759438e+001 -2.112991e+001 -4.327792e+001
      vertex  2.032590e+001 -2.386144e+001 -4.313359e+001
    endloop
  endfacet
  facet normal -7.071068e-001 -7.071068e-001  0.000000e+000
    outer loop
      vertex  1.789369e+001 -2.142922e+001 -4.300930e+001
      vertex  1.782349e+001 -2.135902e+001 -4.308630e+001
      vertex  2.037016e+001 -2.390569e+001 -4.294449e+001
    endloop
  endfacet
  facet normal -7.071068e-001 -7.071068e-001  0.000000e+000
    outer loop
      vertex  2.047053e+001 -2.400606e+001 -4.236435e+001
      vertex  1.827185e+001 -2.180739e+001 -4.231983e+001
      vertex  1.823152e+001 -2.176705e+001 -4.243178e+001
    endloop
  endfacet
  facet normal -7.071068e-001 -7.071068e-001  0.000000e+000
    outer loop
      vertex  2.051056e+001 -2.404610e+001 -4.097559e+001
      vertex  1.783650e+001 -2.137203e+001 -1.833533e+001
      vertex  1.836202e+001 -2.189755e+001 -4.097089e+001
    endloop
  endfacet
  facet normal -7.071068e-001 -7.071068e-001  0.000000e+000
    outer loop
      vertex  2.051056e+001 -2.404610e+001 -4.097559e+001
      vertex  1.836202e+001 -2.189755e+001 -4.097089e+001
      vertex  1.838140e+001 -2.191693e+001 -4.109351e+001
    endloop
  endfacet
  facet normal -7.071068e-001 -7.071068e-001  0.000000e+000
    outer loop
      vertex  2.051056e+001 -2.404610e+001 -4.097559e+001
      vertex  1.838140e+001 -2.191693e+001 -4.109351e+001
      vertex  1.839530e+001 -2.193083e+001 -4.121761e+001
    endloop
  endfacet
  facet normal -7.071068e-001 -7.071068e-001  0.000000e+000
    outer loop
      vertex  2.051056e+001 -2.404610e+001 -4.097559e+001
      vertex  1.839530e+001 -2.193083e+001 -4.121761e+001
      vertex  2.052165e+001 -2.405718e+001 -4.117417e+001
    endloop
  endfacet
  facet normal -7.070673e-001 -7.071462e-001 -2.591904e-004
    outer loop
      vertex  1.342101e+001 -1.695654e+001  2.211169e+001
      vertex  1.328537e+001 -1.682090e+001  2.207555e+001
      vertex  1.315082e+001 -1.668635e+001  2.203196e+001
    endloop
  endfacet
  facet normal -7.071013e-001 -7.071122e-001 -2.840070e-005
    outer loop
      vertex  1.342101e+001 -1.695654e+001  2.211169e+001
      vertex  1.315082e+001 -1.668635e+001  2.203196e+001
      vertex  1.301758e+001 -1.655311e+001  2.198096e+001
    endloop
  endfacet
  facet normal -7.070967e-001 -7.071170e-001 -5.725978e-005
    outer loop
      vertex  1.342101e+001 -1.695654e+001  2.211169e+001
      vertex  1.301758e+001 -1.655311e+001  2.198096e+001
      vertex  1.288585e+001 -1.642138e+001  2.192266e+001
    endloop
  endfacet
  facet normal -7.071129e-001 -7.071007e-001  3.414044e-005
    outer loop
      vertex  1.342101e+001 -1.695654e+001  2.211169e+001
      vertex  1.288585e+001 -1.642138e+001  2.192266e+001
      vertex  1.275583e+001 -1.629136e+001  2.185712e+001
    endloop
  endfacet
  facet normal -7.071062e-001 -7.071072e-001  5.115199e-008
    outer loop
      vertex  1.342101e+001 -1.695654e+001  2.211169e+001
      vertex  1.275583e+001 -1.629136e+001  2.185712e+001
      vertex  1.332398e+001 -1.685951e+001 -2.079846e+000
    endloop
  endfacet
  facet normal -7.071043e-001 -7.071093e-001  3.590802e-008
    outer loop
      vertex  1.342101e+001 -1.695654e+001  2.211169e+001
      vertex  1.332398e+001 -1.685951e+001 -2.079846e+000
      vertex  1.346180e+001 -1.699733e+001 -2.119118e+000
    endloop
  endfacet
  facet normal -7.071068e-001 -7.071068e-001  2.786932e-008
    outer loop
      vertex  1.342101e+001 -1.695654e+001  2.211169e+001
      vertex  1.346180e+001 -1.699733e+001 -2.119118e+000
      vertex  1.359840e+001 -1.713394e+001 -2.166109e+000
    endloop
  endfacet
  facet normal -7.071068e-001 -7.071068e-001  2.777415e-008
    outer loop
      vertex  1.342101e+001 -1.695654e+001  2.211169e+001
      vertex  1.359840e+001 -1.713394e+001 -2.166109e+000
      vertex  1.373358e+001 -1.726911e+001 -2.220743e+000
    endloop
  endfacet
  facet normal -7.071068e-001 -7.071068e-001  2.773029e-008
    outer loop
      vertex  1.342101e+001 -1.695654e+001  2.211169e+001
      vertex  1.373358e+001 -1.726911e+001 -2.220743e+000
      vertex  1.386711e+001 -1.740265e+001 -2.282933e+000
    endloop
  endfacet
  facet normal -7.071042e-001 -7.071094e-001  1.225502e-007
    outer loop
      vertex  1.342101e+001 -1.695654e+001  2.211169e+001
      vertex  1.386711e+001 -1.740265e+001 -2.282933e+000
      vertex  1.399879e+001 -1.753432e+001 -2.352583e+000
    endloop
  endfacet
  facet normal -7.071095e-001 -7.071042e-001 -1.246947e-007
    outer loop
      vertex  1.342101e+001 -1.695654e+001  2.211169e+001
      vertex  1.399879e+001 -1.753432e+001 -2.352583e+000
      vertex  1.412841e+001 -1.766394e+001 -2.429581e+000
    endloop
  endfacet
  facet normal -7.071095e-001 -7.071041e-001 -1.271644e-007
    outer loop
      vertex  1.342101e+001 -1.695654e+001  2.211169e+001
      vertex  1.412841e+001 -1.766394e+001 -2.429581e+000
      vertex  1.425576e+001 -1.779129e+001 -2.513806e+000
    endloop
  endfacet
  facet normal -7.071040e-001 -7.071096e-001  2.441771e-007
    outer loop
      vertex  1.342101e+001 -1.695654e+001  2.211169e+001
      vertex  1.425576e+001 -1.779129e+001 -2.513806e+000
      vertex  1.438064e+001 -1.791618e+001 -2.605124e+000
    endloop
  endfacet
  facet normal -7.071040e-001 -7.071096e-001  2.484324e-007
    outer loop
      vertex  1.342101e+001 -1.695654e+001  2.211169e+001
      vertex  1.438064e+001 -1.791618e+001 -2.605124e+000
      vertex  1.450286e+001 -1.803839e+001 -2.703392e+000
    endloop
  endfacet
  facet normal -7.071097e-001 -7.071038e-001 -2.552598e-007
    outer loop
      vertex  1.342101e+001 -1.695654e+001  2.211169e+001
      vertex  1.450286e+001 -1.803839e+001 -2.703392e+000
      vertex  1.462222e+001 -1.815775e+001 -2.808453e+000
    endloop
  endfacet
  facet normal -7.071037e-001 -7.071099e-001  3.201874e-007
    outer loop
      vertex  1.342101e+001 -1.695654e+001  2.211169e+001
      vertex  1.462222e+001 -1.815775e+001 -2.808453e+000
      vertex  1.473852e+001 -1.827406e+001 -2.920142e+000
    endloop
  endfacet
  facet normal -7.071131e-001 -7.071005e-001 -6.657085e-007
    outer loop
      vertex  1.342101e+001 -1.695654e+001  2.211169e+001
      vertex  1.473852e+001 -1.827406e+001 -2.920142e+000
      vertex  1.485160e+001 -1.838714e+001 -3.038282e+000
    endloop
  endfacet
  facet normal -7.071067e-001 -7.071068e-001  5.717272e-008
    outer loop
      vertex  1.342101e+001 -1.695654e+001  2.211169e+001
      vertex  1.485160e+001 -1.838714e+001 -3.038282e+000
      vertex  1.496127e+001 -1.849680e+001 -3.162687e+000
    endloop
  endfacet
  facet normal -7.071068e-001 -7.071068e-001  5.947619e-008
    outer loop
      vertex  1.342101e+001 -1.695654e+001  2.211169e+001
      vertex  1.496127e+001 -1.849680e+001 -3.162687e+000
      vertex  1.506735e+001 -1.860289e+001 -3.293159e+000
    endloop
  endfacet
  facet normal -7.071068e-001 -7.071068e-001  5.766840e-008
    outer loop
      vertex  1.342101e+001 -1.695654e+001  2.211169e+001
      vertex  1.506735e+001 -1.860289e+001 -3.293159e+000
      vertex  1.516968e+001 -1.870522e+001 -3.429492e+000
    endloop
  endfacet
  facet normal -7.071030e-001 -7.071106e-001  5.767345e-007
    outer loop
      vertex  1.342101e+001 -1.695654e+001  2.211169e+001
      vertex  1.516968e+001 -1.870522e+001 -3.429492e+000
      vertex  1.526810e+001 -1.880363e+001 -3.571471e+000
    endloop
  endfacet
  facet normal -7.071108e-001 -7.071027e-001 -5.486584e-007
    outer loop
      vertex  1.342101e+001 -1.695654e+001  2.211169e+001
      vertex  1.526810e+001 -1.880363e+001 -3.571471e+000
      vertex  1.536245e+001 -1.889798e+001 -3.718871e+000
    endloop
  endfacet
  facet normal -7.071024e-001 -7.071112e-001  7.000702e-007
    outer loop
      vertex  1.342101e+001 -1.695654e+001  2.211169e+001
      vertex  1.536245e+001 -1.889798e+001 -3.718871e+000
      vertex  1.545258e+001 -1.898811e+001 -3.871460e+000
    endloop
  endfacet
  facet normal -7.071067e-001 -7.071068e-001  2.760438e-008
    outer loop
      vertex  1.342101e+001 -1.695654e+001  2.211169e+001
      vertex  1.545258e+001 -1.898811e+001 -3.871460e+000
      vertex  1.553835e+001 -1.907388e+001 -4.028995e+000
    endloop
  endfacet
  facet normal -7.071018e-001 -7.071117e-001  8.282556e-007
    outer loop
      vertex  1.342101e+001 -1.695654e+001  2.211169e+001
      vertex  1.553835e+001 -1.907388e+001 -4.028995e+000
      vertex  1.561962e+001 -1.915516e+001 -4.191228e+000
    endloop
  endfacet
  facet normal -7.071122e-001 -7.071015e-001 -8.942297e-007
    outer loop
      vertex  1.342101e+001 -1.695654e+001  2.211169e+001
      vertex  1.561962e+001 -1.915516e+001 -4.191228e+000
      vertex  1.569627e+001 -1.923180e+001 -4.357902e+000
    endloop
  endfacet
  facet normal -7.071067e-001 -7.071068e-001  2.782951e-008
    outer loop
      vertex  1.342101e+001 -1.695654e+001  2.211169e+001
      vertex  1.569627e+001 -1.923180e+001 -4.357902e+000
      vertex  1.576817e+001 -1.930371e+001 -4.528754e+000
    endloop
  endfacet
  facet normal -7.071002e-001 -7.071133e-001  1.187052e-006
    outer loop
      vertex  1.342101e+001 -1.695654e+001  2.211169e+001
      vertex  1.576817e+001 -1.930371e+001 -4.528754e+000
      vertex  1.583521e+001 -1.937075e+001 -4.703514e+000
    endloop
  endfacet
  facet normal -7.071068e-001 -7.071068e-001  0.000000e+000
    outer loop
      vertex  1.342101e+001 -1.695654e+001  2.211169e+001
      vertex  1.583521e+001 -1.937075e+001 -4.703514e+000
      vertex  1.589729e+001 -1.943282e+001 -4.881904e+000
    endloop
  endfacet
  facet normal -7.071151e-001 -7.070984e-001 -1.538527e-006
    outer loop
      vertex  1.342101e+001 -1.695654e+001  2.211169e+001
      vertex  1.589729e+001 -1.943282e+001 -4.881904e+000
      vertex  1.595430e+001 -1.948984e+001 -5.063644e+000
    endloop
  endfacet
  facet normal -7.071067e-001 -7.071068e-001  4.478344e-008
    outer loop
      vertex  1.342101e+001 -1.695654e+001  2.211169e+001
      vertex  1.595430e+001 -1.948984e+001 -5.063644e+000
      vertex  1.600616e+001 -1.954169e+001 -5.248446e+000
    endloop
  endfacet
  facet normal -7.071066e-001 -7.071068e-001  3.997910e-008
    outer loop
      vertex  1.342101e+001 -1.695654e+001  2.211169e+001
      vertex  1.600616e+001 -1.954169e+001 -5.248446e+000
      vertex  1.605278e+001 -1.958832e+001 -5.436017e+000
    endloop
  endfacet
  facet normal -7.071067e-001 -7.071069e-001  4.955510e-008
    outer loop
      vertex  1.342101e+001 -1.695654e+001  2.211169e+001
      vertex  1.605278e+001 -1.958832e+001 -5.436017e+000
      vertex  1.609409e+001 -1.962963e+001 -5.626061e+000
    endloop
  endfacet
  facet normal -7.071066e-001 -7.071069e-001  4.363188e-008
    outer loop
      vertex  1.342101e+001 -1.695654e+001  2.211169e+001
      vertex  1.609409e+001 -1.962963e+001 -5.626061e+000
      vertex  1.613003e+001 -1.966556e+001 -5.818278e+000
    endloop
  endfacet
  facet normal -7.071066e-001 -7.071070e-001  6.459184e-008
    outer loop
      vertex  1.342101e+001 -1.695654e+001  2.211169e+001
      vertex  1.613003e+001 -1.966556e+001 -5.818278e+000
      vertex  1.616054e+001 -1.969607e+001 -6.012363e+000
    endloop
  endfacet
  facet normal -7.071069e-001 -7.071067e-001  9.853855e-009
    outer loop
      vertex  1.342101e+001 -1.695654e+001  2.211169e+001
      vertex  1.616054e+001 -1.969607e+001 -6.012363e+000
      vertex  1.691537e+001 -2.045090e+001  4.973961e+000
    endloop
  endfacet
  facet normal -7.071069e-001 -7.071067e-001  9.924370e-010
    outer loop
      vertex  1.342101e+001 -1.695654e+001  2.211169e+001
      vertex  1.691537e+001 -2.045090e+001  4.973961e+000
      vertex  1.691677e+001 -2.045231e+001  5.251920e+000
    endloop
  endfacet
  facet normal -7.071068e-001 -7.071066e-001  4.847243e-009
    outer loop
      vertex  1.342101e+001 -1.695654e+001  2.211169e+001
      vertex  1.691677e+001 -2.045231e+001  5.251920e+000
      vertex  1.692364e+001 -2.045918e+001  5.529716e+000
    endloop
  endfacet
  facet normal -7.071068e-001 -7.071066e-001  8.959707e-009
    outer loop
      vertex  1.342101e+001 -1.695654e+001  2.211169e+001
      vertex  1.692364e+001 -2.045918e+001  5.529716e+000
      vertex  1.693596e+001 -2.047150e+001  5.807135e+000
    endloop
  endfacet
  facet normal -7.071069e-001 -7.071067e-001  7.987922e-009
    outer loop
      vertex  1.342101e+001 -1.695654e+001  2.211169e+001
      vertex  1.693596e+001 -2.047150e+001  5.807135e+000
      vertex  1.745681e+001 -2.099234e+001  1.540000e+001
    endloop
  endfacet
  facet normal -7.071067e-001 -7.071067e-001  1.065686e-007
    outer loop
      vertex  1.342101e+001 -1.695654e+001  2.211169e+001
      vertex  1.745681e+001 -2.099234e+001  1.540000e+001
      vertex  2.028523e+001 -2.382077e+001  1.540000e+001
    endloop
  endfacet
  facet normal -7.071068e-001 -7.071067e-001  0.000000e+000
    outer loop
      vertex  1.342101e+001 -1.695654e+001  2.211169e+001
      vertex  2.028523e+001 -2.382077e+001  1.540000e+001
      vertex  2.028523e+001 -2.382077e+001  2.040000e+001
    endloop
  endfacet
  facet normal -7.071068e-001 -7.071068e-001  0.000000e+000
    outer loop
      vertex  9.885649e+000 -1.342118e+001  6.572727e+000
      vertex  1.073615e+001 -1.427169e+001  1.907722e+001
      vertex  1.068631e+001 -1.422184e+001  1.889519e+001
    endloop
  endfacet
  facet normal -7.071068e-001 -7.071068e-001  0.000000e+000
    outer loop
      vertex  9.885649e+000 -1.342118e+001  6.572727e+000
      vertex  1.068631e+001 -1.422184e+001  1.889519e+001
      vertex  1.064152e+001 -1.417706e+001  1.871054e+001
    endloop
  endfacet
  facet normal -7.071068e-001 -7.071068e-001  0.000000e+000
    outer loop
      vertex  9.885649e+000 -1.342118e+001  6.572727e+000
      vertex  1.064152e+001 -1.417706e+001  1.871054e+001
      vertex  1.060187e+001 -1.413741e+001  1.852356e+001
    endloop
  endfacet
  facet normal -7.071067e-001 -7.071067e-001  0.000000e+000
    outer loop
      vertex  9.885649e+000 -1.342118e+001  6.572727e+000
      vertex  1.060187e+001 -1.413741e+001  1.852356e+001
      vertex  1.056741e+001 -1.410294e+001  1.833454e+001
    endloop
  endfacet
  facet normal -7.071068e-001 -7.071068e-001  0.000000e+000
    outer loop
      vertex  9.885649e+000 -1.342118e+001  6.572727e+000
      vertex  1.056741e+001 -1.410294e+001  1.833454e+001
      vertex  1.053819e+001 -1.407373e+001  1.814375e+001
    endloop
  endfacet
  facet normal -7.071068e-001 -7.071068e-001  0.000000e+000
    outer loop
      vertex  9.885649e+000 -1.342118e+001  6.572727e+000
      vertex  1.053819e+001 -1.407373e+001  1.814375e+001
      vertex  1.051426e+001 -1.404980e+001  1.795150e+001
    endloop
  endfacet
  facet normal -7.071068e-001 -7.071068e-001  0.000000e+000
    outer loop
      vertex  9.885649e+000 -1.342118e+001  6.572727e+000
      vertex  1.051426e+001 -1.404980e+001  1.795150e+001
      vertex  1.049566e+001 -1.403119e+001  1.775808e+001
    endloop
  endfacet
  facet normal -7.071068e-001 -7.071068e-001  0.000000e+000
    outer loop
      vertex  9.885649e+000 -1.342118e+001  6.572727e+000
      vertex  1.049566e+001 -1.403119e+001  1.775808e+001
      vertex  1.048241e+001 -1.401794e+001  1.756377e+001
    endloop
  endfacet
  facet normal -7.071068e-001 -7.071068e-001  0.000000e+000
    outer loop
      vertex  9.867878e+000 -1.340341e+001  6.295899e+000
      vertex  1.105839e+001 -1.459393e+001  1.993866e+001
      vertex  1.098452e+001 -1.452006e+001  1.977375e+001
    endloop
  endfacet
  facet normal -7.071068e-001 -7.071068e-001  0.000000e+000
    outer loop
      vertex  9.867878e+000 -1.340341e+001  6.295899e+000
      vertex  1.098452e+001 -1.452006e+001  1.977375e+001
      vertex  1.091527e+001 -1.445080e+001  1.960490e+001
    endloop
  endfacet
  facet normal -7.071068e-001 -7.071068e-001  0.000000e+000
    outer loop
      vertex  9.867878e+000 -1.340341e+001  6.295899e+000
      vertex  1.091527e+001 -1.445080e+001  1.960490e+001
      vertex  1.085072e+001 -1.438625e+001  1.943235e+001
    endloop
  endfacet
  facet normal -7.071068e-001 -7.071068e-001  0.000000e+000
    outer loop
      vertex  9.867878e+000 -1.340341e+001  6.295899e+000
      vertex  1.085072e+001 -1.438625e+001  1.943235e+001
      vertex  1.079098e+001 -1.432652e+001  1.925637e+001
    endloop
  endfacet
  facet normal -7.071068e-001 -7.071068e-001  0.000000e+000
    outer loop
      vertex  9.867878e+000 -1.340341e+001  6.295899e+000
      vertex  1.079098e+001 -1.432652e+001  1.925637e+001
      vertex  1.073615e+001 -1.427169e+001  1.907722e+001
    endloop
  endfacet
  facet normal -7.071068e-001 -7.071068e-001  0.000000e+000
    outer loop
      vertex  9.867878e+000 -1.340341e+001  6.295899e+000
      vertex  1.073615e+001 -1.427169e+001  1.907722e+001
      vertex  9.885649e+000 -1.342118e+001  6.572727e+000
    endloop
  endfacet
  facet normal -7.071068e-001 -7.071068e-001  0.000000e+000
    outer loop
      vertex  9.844674e+000 -1.338021e+001  6.019877e+000
      vertex  1.139759e+001 -1.493312e+001  2.055382e+001
      vertex  1.130648e+001 -1.484202e+001  2.040717e+001
    endloop
  endfacet
  facet normal -7.071068e-001 -7.071068e-001  0.000000e+000
    outer loop
      vertex  9.844674e+000 -1.338021e+001  6.019877e+000
      vertex  1.130648e+001 -1.484202e+001  2.040717e+001
      vertex  1.121949e+001 -1.475503e+001  2.025561e+001
    endloop
  endfacet
  facet normal -7.071068e-001 -7.071068e-001  0.000000e+000
    outer loop
      vertex  9.844674e+000 -1.338021e+001  6.019877e+000
      vertex  1.121949e+001 -1.475503e+001  2.025561e+001
      vertex  1.113675e+001 -1.467229e+001  2.009935e+001
    endloop
  endfacet
  facet normal -7.071068e-001 -7.071068e-001  0.000000e+000
    outer loop
      vertex  9.844674e+000 -1.338021e+001  6.019877e+000
      vertex  1.113675e+001 -1.467229e+001  2.009935e+001
      vertex  1.105839e+001 -1.459393e+001  1.993866e+001
    endloop
  endfacet
  facet normal -7.071068e-001 -7.071068e-001  0.000000e+000
    outer loop
      vertex  9.844674e+000 -1.338021e+001  6.019877e+000
      vertex  1.105839e+001 -1.459393e+001  1.993866e+001
      vertex  9.867878e+000 -1.340341e+001  6.295899e+000
    endloop
  endfacet
  facet normal -7.071068e-001 -7.071068e-001  0.000000e+000
    outer loop
      vertex  9.816055e+000 -1.335159e+001  5.744874e+000
      vertex  1.180031e+001 -1.533584e+001  2.108688e+001
      vertex  1.169419e+001 -1.522972e+001  2.096206e+001
    endloop
  endfacet
  facet normal -7.071068e-001 -7.071068e-001  0.000000e+000
    outer loop
      vertex  9.816055e+000 -1.335159e+001  5.744874e+000
      vertex  1.169419e+001 -1.522972e+001  2.096206e+001
      vertex  1.159159e+001 -1.512712e+001  2.083147e+001
    endloop
  endfacet
  facet normal -7.071067e-001 -7.071067e-001  0.000000e+000
    outer loop
      vertex  9.816055e+000 -1.335159e+001  5.744874e+000
      vertex  1.159159e+001 -1.512712e+001  2.083147e+001
      vertex  1.149267e+001 -1.502820e+001  2.069532e+001
    endloop
  endfacet
  facet normal -7.071068e-001 -7.071068e-001  0.000000e+000
    outer loop
      vertex  9.816055e+000 -1.335159e+001  5.744874e+000
      vertex  1.149267e+001 -1.502820e+001  2.069532e+001
      vertex  1.139759e+001 -1.493312e+001  2.055382e+001
    endloop
  endfacet
  facet normal -7.071068e-001 -7.071068e-001  0.000000e+000
    outer loop
      vertex  9.816055e+000 -1.335159e+001  5.744874e+000
      vertex  1.139759e+001 -1.493312e+001  2.055382e+001
      vertex  9.844674e+000 -1.338021e+001  6.019877e+000
    endloop
  endfacet
  facet normal -7.071067e-001 -7.071067e-001  0.000000e+000
    outer loop
      vertex  9.782042e+000 -1.331758e+001  5.471102e+000
      vertex  1.213820e+001 -1.567373e+001  2.142491e+001
      vertex  1.202249e+001 -1.555802e+001  2.131848e+001
    endloop
  endfacet
  facet normal -7.071068e-001 -7.071068e-001  0.000000e+000
    outer loop
      vertex  9.782042e+000 -1.331758e+001  5.471102e+000
      vertex  1.202249e+001 -1.555802e+001  2.131848e+001
      vertex  1.190980e+001 -1.544533e+001  2.120575e+001
    endloop
  endfacet
  facet normal -7.071068e-001 -7.071068e-001  0.000000e+000
    outer loop
      vertex  9.782042e+000 -1.331758e+001  5.471102e+000
      vertex  1.190980e+001 -1.544533e+001  2.120575e+001
      vertex  1.180031e+001 -1.533584e+001  2.108688e+001
    endloop
  endfacet
  facet normal -7.071068e-001 -7.071068e-001  0.000000e+000
    outer loop
      vertex  9.782042e+000 -1.331758e+001  5.471102e+000
      vertex  1.180031e+001 -1.533584e+001  2.108688e+001
      vertex  9.816055e+000 -1.335159e+001  5.744874e+000
    endloop
  endfacet
  facet normal -7.071069e-001 -7.071067e-001  2.868518e-008
    outer loop
      vertex  9.742661e+000 -1.327820e+001  5.198772e+000
      vertex  9.697944e+000 -1.323348e+001  4.928096e+000
      vertex  1.262437e+001 -1.615990e+001 -2.000988e+000
    endloop
  endfacet
  facet normal -7.071069e-001 -7.071066e-001 -9.375701e-010
    outer loop
      vertex  9.742661e+000 -1.327820e+001  5.198772e+000
      vertex  1.262437e+001 -1.615990e+001 -2.000988e+000
      vertex  1.250171e+001 -1.603724e+001  2.170478e+001
    endloop
  endfacet
  facet normal -7.071099e-001 -7.071037e-001  9.816940e-007
    outer loop
      vertex  9.742661e+000 -1.327820e+001  5.198772e+000
      vertex  1.250171e+001 -1.603724e+001  2.170478e+001
      vertex  1.237799e+001 -1.591353e+001  2.161821e+001
    endloop
  endfacet
  facet normal -7.071068e-001 -7.071068e-001  0.000000e+000
    outer loop
      vertex  9.742661e+000 -1.327820e+001  5.198772e+000
      vertex  1.237799e+001 -1.591353e+001  2.161821e+001
      vertex  1.225676e+001 -1.579230e+001  2.152487e+001
    endloop
  endfacet
  facet normal -7.071068e-001 -7.071068e-001  0.000000e+000
    outer loop
      vertex  9.742661e+000 -1.327820e+001  5.198772e+000
      vertex  1.225676e+001 -1.579230e+001  2.152487e+001
      vertex  1.213820e+001 -1.567373e+001  2.142491e+001
    endloop
  endfacet
  facet normal -7.071068e-001 -7.071068e-001  0.000000e+000
    outer loop
      vertex  9.742661e+000 -1.327820e+001  5.198772e+000
      vertex  1.213820e+001 -1.567373e+001  2.142491e+001
      vertex  9.782042e+000 -1.331758e+001  5.471102e+000
    endloop
  endfacet
  facet normal -7.071068e-001 -7.071068e-001  2.835361e-008
    outer loop
      vertex  1.275583e+001 -1.629136e+001  2.185712e+001
      vertex  1.262772e+001 -1.616325e+001  2.178446e+001
      vertex  1.262437e+001 -1.615990e+001 -2.000988e+000
    endloop
  endfacet
  facet normal -7.071020e-001 -7.071116e-001 -2.434575e-008
    outer loop
      vertex  1.275583e+001 -1.629136e+001  2.185712e+001
      vertex  1.262437e+001 -1.615990e+001 -2.000988e+000
      vertex  1.276495e+001 -1.630049e+001 -2.000988e+000
    endloop
  endfacet
  facet normal -7.071092e-001 -7.071044e-001 -3.008828e-008
    outer loop
      vertex  1.275583e+001 -1.629136e+001  2.185712e+001
      vertex  1.276495e+001 -1.630049e+001 -2.000988e+000
      vertex  1.290543e+001 -1.644097e+001 -2.008893e+000
    endloop
  endfacet
  facet normal -7.071092e-001 -7.071044e-001 -2.994895e-008
    outer loop
      vertex  1.275583e+001 -1.629136e+001  2.185712e+001
      vertex  1.290543e+001 -1.644097e+001 -2.008893e+000
      vertex  1.304558e+001 -1.658111e+001 -2.024689e+000
    endloop
  endfacet
  facet normal -7.071068e-001 -7.071068e-001  2.850509e-008
    outer loop
      vertex  1.275583e+001 -1.629136e+001  2.185712e+001
      vertex  1.304558e+001 -1.658111e+001 -2.024689e+000
      vertex  1.318516e+001 -1.672070e+001 -2.048353e+000
    endloop
  endfacet
  facet normal -7.071068e-001 -7.071068e-001  2.869414e-008
    outer loop
      vertex  1.275583e+001 -1.629136e+001  2.185712e+001
      vertex  1.318516e+001 -1.672070e+001 -2.048353e+000
      vertex  1.332398e+001 -1.685951e+001 -2.079846e+000
    endloop
  endfacet
  facet normal -7.071068e-001 -7.071068e-001  0.000000e+000
    outer loop
      vertex  1.616054e+001 -1.969607e+001 -6.012363e+000
      vertex  1.699018e+001 -2.052571e+001  3.589242e+000
      vertex  1.696434e+001 -2.049987e+001  3.864795e+000
    endloop
  endfacet
  facet normal -7.071068e-001 -7.071068e-001  0.000000e+000
    outer loop
      vertex  1.616054e+001 -1.969607e+001 -6.012363e+000
      vertex  1.696434e+001 -2.049987e+001  3.864795e+000
      vertex  1.694392e+001 -2.047946e+001  4.141257e+000
    endloop
  endfacet
  facet normal -7.071068e-001 -7.071068e-001  0.000000e+000
    outer loop
      vertex  1.616054e+001 -1.969607e+001 -6.012363e+000
      vertex  1.694392e+001 -2.047946e+001  4.141257e+000
      vertex  1.692895e+001 -2.046449e+001  4.418415e+000
    endloop
  endfacet
  facet normal -7.071068e-001 -7.071068e-001  0.000000e+000
    outer loop
      vertex  1.616054e+001 -1.969607e+001 -6.012363e+000
      vertex  1.692895e+001 -2.046449e+001  4.418415e+000
      vertex  1.691943e+001 -2.045497e+001  4.696055e+000
    endloop
  endfacet
  facet normal -7.071068e-001 -7.071068e-001  0.000000e+000
    outer loop
      vertex  1.616054e+001 -1.969607e+001 -6.012363e+000
      vertex  1.691943e+001 -2.045497e+001  4.696055e+000
      vertex  1.691537e+001 -2.045090e+001  4.973961e+000
    endloop
  endfacet
  facet normal -7.071069e-001 -7.071066e-001  2.789315e-008
    outer loop
      vertex  1.262437e+001 -1.615990e+001 -2.000988e+000
      vertex  9.697944e+000 -1.323348e+001  4.928096e+000
      vertex  9.647923e+000 -1.318346e+001  4.659282e+000
    endloop
  endfacet
  facet normal -7.071069e-001 -7.071066e-001  2.719969e-008
    outer loop
      vertex  1.262437e+001 -1.615990e+001 -2.000988e+000
      vertex  9.647923e+000 -1.318346e+001  4.659282e+000
      vertex  9.592640e+000 -1.312817e+001  4.392538e+000
    endloop
  endfacet
  facet normal -7.071068e-001 -7.071067e-001  3.545838e-008
    outer loop
      vertex  1.262437e+001 -1.615990e+001 -2.000988e+000
      vertex  9.592640e+000 -1.312817e+001  4.392538e+000
      vertex  9.532136e+000 -1.306767e+001  4.128070e+000
    endloop
  endfacet
  facet normal -7.071068e-001 -7.071067e-001  3.475513e-008
    outer loop
      vertex  1.262437e+001 -1.615990e+001 -2.000988e+000
      vertex  9.532136e+000 -1.306767e+001  4.128070e+000
      vertex  9.466456e+000 -1.300199e+001  3.866082e+000
    endloop
  endfacet
  facet normal -7.071068e-001 -7.071067e-001  3.414731e-008
    outer loop
      vertex  1.262437e+001 -1.615990e+001 -2.000988e+000
      vertex  9.466456e+000 -1.300199e+001  3.866082e+000
      vertex  9.395654e+000 -1.293119e+001  3.606777e+000
    endloop
  endfacet
  facet normal -7.071068e-001 -7.071067e-001  4.203334e-008
    outer loop
      vertex  1.262437e+001 -1.615990e+001 -2.000988e+000
      vertex  9.395654e+000 -1.293119e+001  3.606777e+000
      vertex  9.319783e+000 -1.285532e+001  3.350356e+000
    endloop
  endfacet
  facet normal -7.071068e-001 -7.071067e-001  3.318617e-008
    outer loop
      vertex  1.262437e+001 -1.615990e+001 -2.000988e+000
      vertex  9.319783e+000 -1.285532e+001  3.350356e+000
      vertex  9.238901e+000 -1.277444e+001  3.097015e+000
    endloop
  endfacet
  facet normal -7.071069e-001 -7.071068e-001  3.282118e-008
    outer loop
      vertex  1.262437e+001 -1.615990e+001 -2.000988e+000
      vertex  9.238901e+000 -1.277444e+001  3.097015e+000
      vertex  9.153072e+000 -1.268861e+001  2.846952e+000
    endloop
  endfacet
  facet normal -7.071069e-001 -7.071068e-001  4.879024e-008
    outer loop
      vertex  1.262437e+001 -1.615990e+001 -2.000988e+000
      vertex  9.153072e+000 -1.268861e+001  2.846952e+000
      vertex  9.062362e+000 -1.259790e+001  2.600359e+000
    endloop
  endfacet
  facet normal -7.071068e-001 -7.071066e-001  4.845001e-008
    outer loop
      vertex  1.262437e+001 -1.615990e+001 -2.000988e+000
      vertex  9.062362e+000 -1.259790e+001  2.600359e+000
      vertex  8.966840e+000 -1.250237e+001  2.357427e+000
    endloop
  endfacet
  facet normal -7.071069e-001 -7.071068e-001  4.820717e-008
    outer loop
      vertex  1.262437e+001 -1.615990e+001 -2.000988e+000
      vertex  8.966840e+000 -1.250237e+001  2.357427e+000
      vertex  8.866580e+000 -1.240211e+001  2.118343e+000
    endloop
  endfacet
  facet normal -7.071069e-001 -7.071068e-001  4.805916e-008
    outer loop
      vertex  1.262437e+001 -1.615990e+001 -2.000988e+000
      vertex  8.866580e+000 -1.240211e+001  2.118343e+000
      vertex  8.761661e+000 -1.229719e+001  1.883293e+000
    endloop
  endfacet
  facet normal -7.071068e-001 -7.071067e-001  6.400570e-008
    outer loop
      vertex  1.262437e+001 -1.615990e+001 -2.000988e+000
      vertex  8.761661e+000 -1.229719e+001  1.883293e+000
      vertex  8.652163e+000 -1.218770e+001  1.652457e+000
    endloop
  endfacet
  facet normal -7.071068e-001 -7.071067e-001  4.804173e-008
    outer loop
      vertex  1.262437e+001 -1.615990e+001 -2.000988e+000
      vertex  8.652163e+000 -1.218770e+001  1.652457e+000
      vertex  8.538169e+000 -1.207370e+001  1.426014e+000
    endloop
  endfacet
  facet normal -7.071068e-001 -7.071067e-001  6.422987e-008
    outer loop
      vertex  1.262437e+001 -1.615990e+001 -2.000988e+000
      vertex  8.538169e+000 -1.207370e+001  1.426014e+000
      vertex  8.419770e+000 -1.195530e+001  1.204140e+000
    endloop
  endfacet
  facet normal -7.071067e-001 -7.071066e-001  6.452964e-008
    outer loop
      vertex  1.262437e+001 -1.615990e+001 -2.000988e+000
      vertex  8.419770e+000 -1.195530e+001  1.204140e+000
      vertex  8.297056e+000 -1.183259e+001  9.870050e-001
    endloop
  endfacet
  facet normal -7.071069e-001 -7.071067e-001  5.955775e-008
    outer loop
      vertex  1.262437e+001 -1.615990e+001 -2.000988e+000
      vertex  8.297056e+000 -1.183259e+001  9.870050e-001
      vertex  6.653519e+000 -1.018905e+001 -1.802961e+000
    endloop
  endfacet
  facet normal -7.071323e-001 -7.070811e-001 -2.309669e-005
    outer loop
      vertex  6.663594e+000 -1.019913e+001 -1.222039e+001
      vertex  6.769673e+000 -1.030521e+001 -1.245794e+001
      vertex  6.880430e+000 -1.041596e+001 -1.269117e+001
    endloop
  endfacet
  facet normal -7.070647e-001 -7.071488e-001  3.921148e-005
    outer loop
      vertex  6.663594e+000 -1.019913e+001 -1.222039e+001
      vertex  6.880430e+000 -1.041596e+001 -1.269117e+001
      vertex  6.995776e+000 -1.053131e+001 -1.291992e+001
    endloop
  endfacet
  facet normal -7.071236e-001 -7.070900e-001 -1.625092e-005
    outer loop
      vertex  6.663594e+000 -1.019913e+001 -1.222039e+001
      vertex  6.995776e+000 -1.053131e+001 -1.291992e+001
      vertex  7.115620e+000 -1.065115e+001 -1.314399e+001
    endloop
  endfacet
  facet normal -7.071068e-001 -7.071068e-001  0.000000e+000
    outer loop
      vertex  6.663594e+000 -1.019913e+001 -1.222039e+001
      vertex  7.115620e+000 -1.065115e+001 -1.314399e+001
      vertex  7.239867e+000 -1.077540e+001 -1.336321e+001
    endloop
  endfacet
  facet normal -7.071068e-001 -7.071068e-001  0.000000e+000
    outer loop
      vertex  6.663594e+000 -1.019913e+001 -1.222039e+001
      vertex  7.239867e+000 -1.077540e+001 -1.336321e+001
      vertex  7.368421e+000 -1.090395e+001 -1.357741e+001
    endloop
  endfacet
  facet normal -7.071068e-001 -7.071068e-001  0.000000e+000
    outer loop
      vertex  6.663594e+000 -1.019913e+001 -1.222039e+001
      vertex  7.368421e+000 -1.090395e+001 -1.357741e+001
      vertex  7.501178e+000 -1.103671e+001 -1.378642e+001
    endloop
  endfacet
  facet normal -7.071068e-001 -7.071068e-001  0.000000e+000
    outer loop
      vertex  6.663594e+000 -1.019913e+001 -1.222039e+001
      vertex  7.501178e+000 -1.103671e+001 -1.378642e+001
      vertex  7.638035e+000 -1.117357e+001 -1.399007e+001
    endloop
  endfacet
  facet normal -7.071068e-001 -7.071068e-001  0.000000e+000
    outer loop
      vertex  6.663594e+000 -1.019913e+001 -1.222039e+001
      vertex  7.638035e+000 -1.117357e+001 -1.399007e+001
      vertex  7.778883e+000 -1.131442e+001 -1.418820e+001
    endloop
  endfacet
  facet normal -7.071068e-001 -7.071068e-001  0.000000e+000
    outer loop
      vertex  6.663594e+000 -1.019913e+001 -1.222039e+001
      vertex  7.778883e+000 -1.131442e+001 -1.418820e+001
      vertex  7.923612e+000 -1.145915e+001 -1.438066e+001
    endloop
  endfacet
  facet normal -7.071068e-001 -7.071068e-001  0.000000e+000
    outer loop
      vertex  6.663594e+000 -1.019913e+001 -1.222039e+001
      vertex  7.923612e+000 -1.145915e+001 -1.438066e+001
      vertex  8.072106e+000 -1.160764e+001 -1.456730e+001
    endloop
  endfacet
  facet normal -7.071068e-001 -7.071068e-001  0.000000e+000
    outer loop
      vertex  6.663594e+000 -1.019913e+001 -1.222039e+001
      vertex  8.072106e+000 -1.160764e+001 -1.456730e+001
      vertex  8.224249e+000 -1.175978e+001 -1.474796e+001
    endloop
  endfacet
  facet normal -7.071068e-001 -7.071068e-001  0.000000e+000
    outer loop
      vertex  6.663594e+000 -1.019913e+001 -1.222039e+001
      vertex  8.224249e+000 -1.175978e+001 -1.474796e+001
      vertex  8.378440e+000 -1.191397e+001 -1.493074e+001
    endloop
  endfacet
  facet normal -7.071068e-001 -7.071068e-001  0.000000e+000
    outer loop
      vertex  6.663594e+000 -1.019913e+001 -1.222039e+001
      vertex  8.378440e+000 -1.191397e+001 -1.493074e+001
      vertex  8.529160e+000 -1.206469e+001 -1.511923e+001
    endloop
  endfacet
  facet normal -7.071068e-001 -7.071068e-001  0.000000e+000
    outer loop
      vertex  6.663594e+000 -1.019913e+001 -1.222039e+001
      vertex  8.529160e+000 -1.206469e+001 -1.511923e+001
      vertex  8.676305e+000 -1.221184e+001 -1.531328e+001
    endloop
  endfacet
  facet normal -7.071068e-001 -7.071068e-001  0.000000e+000
    outer loop
      vertex  6.663594e+000 -1.019913e+001 -1.222039e+001
      vertex  8.676305e+000 -1.221184e+001 -1.531328e+001
      vertex  8.819770e+000 -1.235530e+001 -1.551277e+001
    endloop
  endfacet
  facet normal -7.071068e-001 -7.071068e-001  0.000000e+000
    outer loop
      vertex  6.663594e+000 -1.019913e+001 -1.222039e+001
      vertex  8.819770e+000 -1.235530e+001 -1.551277e+001
      vertex  8.959456e+000 -1.249499e+001 -1.571755e+001
    endloop
  endfacet
  facet normal -7.071067e-001 -7.071068e-001  8.883639e-005
    outer loop
      vertex  1.262437e+001 -1.615990e+001 -1.199901e+001
      vertex  1.248389e+001 -1.601942e+001 -1.199111e+001
      vertex  6.562275e+000 -1.009781e+001 -1.197873e+001
    endloop
  endfacet
  facet normal -7.071068e-001 -7.071066e-001 -2.880959e-008
    outer loop
      vertex  1.262437e+001 -1.615990e+001 -1.199901e+001
      vertex  6.562275e+000 -1.009781e+001 -1.197873e+001
      vertex  6.663594e+000 -1.019913e+001 -1.222039e+001
    endloop
  endfacet
  facet normal -7.071068e-001 -7.071067e-001 -6.315906e-008
    outer loop
      vertex  1.262437e+001 -1.615990e+001 -1.199901e+001
      vertex  6.663594e+000 -1.019913e+001 -1.222039e+001
      vertex  8.959456e+000 -1.249499e+001 -1.571755e+001
    endloop
  endfacet
  facet normal -7.071068e-001 -7.071067e-001 -6.614435e-008
    outer loop
      vertex  1.262437e+001 -1.615990e+001 -1.199901e+001
      vertex  8.959456e+000 -1.249499e+001 -1.571755e+001
      vertex  9.095266e+000 -1.263080e+001 -1.592748e+001
    endloop
  endfacet
  facet normal -7.071069e-001 -7.071068e-001 -6.603766e-008
    outer loop
      vertex  1.262437e+001 -1.615990e+001 -1.199901e+001
      vertex  9.095266e+000 -1.263080e+001 -1.592748e+001
      vertex  9.227105e+000 -1.276264e+001 -1.614241e+001
    endloop
  endfacet
  facet normal -7.071068e-001 -7.071067e-001 -6.605560e-008
    outer loop
      vertex  1.262437e+001 -1.615990e+001 -1.199901e+001
      vertex  9.227105e+000 -1.276264e+001 -1.614241e+001
      vertex  9.354879e+000 -1.289041e+001 -1.636220e+001
    endloop
  endfacet
  facet normal -7.071068e-001 -7.071066e-001 -6.619867e-008
    outer loop
      vertex  1.262437e+001 -1.615990e+001 -1.199901e+001
      vertex  9.354879e+000 -1.289041e+001 -1.636220e+001
      vertex  9.478501e+000 -1.301404e+001 -1.658669e+001
    endloop
  endfacet
  facet normal -7.071068e-001 -7.071066e-001 -6.646766e-008
    outer loop
      vertex  1.262437e+001 -1.615990e+001 -1.199901e+001
      vertex  9.478501e+000 -1.301404e+001 -1.658669e+001
      vertex  9.597883e+000 -1.313342e+001 -1.681572e+001
    endloop
  endfacet
  facet normal -7.071069e-001 -7.071067e-001 -6.686644e-008
    outer loop
      vertex  1.262437e+001 -1.615990e+001 -1.199901e+001
      vertex  9.597883e+000 -1.313342e+001 -1.681572e+001
      vertex  9.712942e+000 -1.324848e+001 -1.704914e+001
    endloop
  endfacet
  facet normal -7.071068e-001 -7.071068e-001 -6.739801e-008
    outer loop
      vertex  1.262437e+001 -1.615990e+001 -1.199901e+001
      vertex  9.712942e+000 -1.324848e+001 -1.704914e+001
      vertex  9.823599e+000 -1.335913e+001 -1.728677e+001
    endloop
  endfacet
  facet normal -7.071069e-001 -7.071068e-001 -5.105238e-008
    outer loop
      vertex  1.262437e+001 -1.615990e+001 -1.199901e+001
      vertex  9.823599e+000 -1.335913e+001 -1.728677e+001
      vertex  9.929773e+000 -1.346531e+001 -1.752846e+001
    endloop
  endfacet
  facet normal -7.071068e-001 -7.071067e-001 -5.166635e-008
    outer loop
      vertex  1.262437e+001 -1.615990e+001 -1.199901e+001
      vertex  9.929773e+000 -1.346531e+001 -1.752846e+001
      vertex  1.003139e+001 -1.356693e+001 -1.777403e+001
    endloop
  endfacet
  facet normal -7.071068e-001 -7.071067e-001 -5.239784e-008
    outer loop
      vertex  1.262437e+001 -1.615990e+001 -1.199901e+001
      vertex  1.003139e+001 -1.356693e+001 -1.777403e+001
      vertex  1.012839e+001 -1.366392e+001 -1.802332e+001
    endloop
  endfacet
  facet normal -7.071068e-001 -7.071067e-001 -5.325647e-008
    outer loop
      vertex  1.262437e+001 -1.615990e+001 -1.199901e+001
      vertex  1.012839e+001 -1.366392e+001 -1.802332e+001
      vertex  1.022069e+001 -1.375622e+001 -1.827614e+001
    endloop
  endfacet
  facet normal -7.071068e-001 -7.071067e-001 -5.425199e-008
    outer loop
      vertex  1.262437e+001 -1.615990e+001 -1.199901e+001
      vertex  1.022069e+001 -1.375622e+001 -1.827614e+001
      vertex  1.030823e+001 -1.384377e+001 -1.853233e+001
    endloop
  endfacet
  facet normal -7.071069e-001 -7.071067e-001 -5.539820e-008
    outer loop
      vertex  1.262437e+001 -1.615990e+001 -1.199901e+001
      vertex  1.030823e+001 -1.384377e+001 -1.853233e+001
      vertex  1.039096e+001 -1.392649e+001 -1.879170e+001
    endloop
  endfacet
  facet normal -7.071068e-001 -7.071067e-001 -4.725941e-008
    outer loop
      vertex  1.262437e+001 -1.615990e+001 -1.199901e+001
      vertex  1.039096e+001 -1.392649e+001 -1.879170e+001
      vertex  1.046880e+001 -1.400434e+001 -1.905408e+001
    endloop
  endfacet
  facet normal -7.071069e-001 -7.071067e-001 -4.850924e-008
    outer loop
      vertex  1.262437e+001 -1.615990e+001 -1.199901e+001
      vertex  1.046880e+001 -1.400434e+001 -1.905408e+001
      vertex  1.054172e+001 -1.407725e+001 -1.931927e+001
    endloop
  endfacet
  facet normal -7.071069e-001 -7.071066e-001 -4.993397e-008
    outer loop
      vertex  1.262437e+001 -1.615990e+001 -1.199901e+001
      vertex  1.054172e+001 -1.407725e+001 -1.931927e+001
      vertex  1.060965e+001 -1.414518e+001 -1.958709e+001
    endloop
  endfacet
  facet normal -7.071069e-001 -7.071068e-001 -5.155810e-008
    outer loop
      vertex  1.262437e+001 -1.615990e+001 -1.199901e+001
      vertex  1.060965e+001 -1.414518e+001 -1.958709e+001
      vertex  1.067255e+001 -1.420809e+001 -1.985736e+001
    endloop
  endfacet
  facet normal -7.071069e-001 -7.071066e-001 -3.738862e-008
    outer loop
      vertex  1.262437e+001 -1.615990e+001 -1.199901e+001
      vertex  1.067255e+001 -1.420809e+001 -1.985736e+001
      vertex  1.073038e+001 -1.426591e+001 -2.012989e+001
    endloop
  endfacet
  facet normal -7.071069e-001 -7.071067e-001 -3.331964e-008
    outer loop
      vertex  1.262437e+001 -1.615990e+001 -1.199901e+001
      vertex  1.073038e+001 -1.426591e+001 -2.012989e+001
      vertex  1.078309e+001 -1.431863e+001 -2.040449e+001
    endloop
  endfacet
  facet normal -7.071069e-001 -7.071067e-001 -3.478094e-008
    outer loop
      vertex  1.262437e+001 -1.615990e+001 -1.199901e+001
      vertex  1.078309e+001 -1.431863e+001 -2.040449e+001
      vertex  1.083066e+001 -1.436619e+001 -2.068096e+001
    endloop
  endfacet
  facet normal -7.071069e-001 -7.071066e-001 -3.038797e-008
    outer loop
      vertex  1.262437e+001 -1.615990e+001 -1.199901e+001
      vertex  1.083066e+001 -1.436619e+001 -2.068096e+001
      vertex  1.087303e+001 -1.440857e+001 -2.095911e+001
    endloop
  endfacet
  facet normal -7.071069e-001 -7.071066e-001 -3.201752e-008
    outer loop
      vertex  1.262437e+001 -1.615990e+001 -1.199901e+001
      vertex  1.087303e+001 -1.440857e+001 -2.095911e+001
      vertex  1.091020e+001 -1.444573e+001 -2.123874e+001
    endloop
  endfacet
  facet normal -7.071016e-001 -7.071120e-001 -1.946746e-006
    outer loop
      vertex  1.262437e+001 -1.615990e+001 -1.199901e+001
      vertex  1.091020e+001 -1.444573e+001 -2.123874e+001
      vertex  1.276495e+001 -1.630049e+001 -1.199901e+001
    endloop
  endfacet
  facet normal -7.071068e-001 -7.071068e-001  0.000000e+000
    outer loop
      vertex  1.091020e+001 -1.444573e+001 -2.123874e+001
      vertex  1.350921e+001 -1.704474e+001 -4.232681e+001
      vertex  1.359840e+001 -1.713394e+001 -1.183389e+001
    endloop
  endfacet
  facet normal -7.071068e-001 -7.071068e-001  0.000000e+000
    outer loop
      vertex  1.091020e+001 -1.444573e+001 -2.123874e+001
      vertex  1.359840e+001 -1.713394e+001 -1.183389e+001
      vertex  1.346180e+001 -1.699733e+001 -1.188088e+001
    endloop
  endfacet
  facet normal -7.071041e-001 -7.071095e-001 -1.435047e-006
    outer loop
      vertex  1.091020e+001 -1.444573e+001 -2.123874e+001
      vertex  1.346180e+001 -1.699733e+001 -1.188088e+001
      vertex  1.332398e+001 -1.685951e+001 -1.192015e+001
    endloop
  endfacet
  facet normal -7.071068e-001 -7.071068e-001 -8.654213e-008
    outer loop
      vertex  1.091020e+001 -1.444573e+001 -2.123874e+001
      vertex  1.332398e+001 -1.685951e+001 -1.192015e+001
      vertex  1.318516e+001 -1.672070e+001 -1.195165e+001
    endloop
  endfacet
  facet normal -7.071068e-001 -7.071068e-001 -8.479924e-008
    outer loop
      vertex  1.091020e+001 -1.444573e+001 -2.123874e+001
      vertex  1.318516e+001 -1.672070e+001 -1.195165e+001
      vertex  1.304558e+001 -1.658111e+001 -1.197531e+001
    endloop
  endfacet
  facet normal -7.071093e-001 -7.071043e-001  1.066602e-006
    outer loop
      vertex  1.091020e+001 -1.444573e+001 -2.123874e+001
      vertex  1.304558e+001 -1.658111e+001 -1.197531e+001
      vertex  1.290543e+001 -1.644097e+001 -1.199111e+001
    endloop
  endfacet
  facet normal -7.071093e-001 -7.071044e-001  1.050950e-006
    outer loop
      vertex  1.091020e+001 -1.444573e+001 -2.123874e+001
      vertex  1.290543e+001 -1.644097e+001 -1.199111e+001
      vertex  1.276495e+001 -1.630049e+001 -1.199901e+001
    endloop
  endfacet
  facet normal -7.071070e-001 -7.071066e-001 -3.494148e-006
    outer loop
      vertex  1.350921e+001 -1.704474e+001 -4.232681e+001
      vertex  1.353615e+001 -1.707169e+001 -4.252232e+001
      vertex  1.579817e+001 -1.933371e+001 -4.253992e+001
    endloop
  endfacet
  facet normal -7.071068e-001 -7.071068e-001  0.000000e+000
    outer loop
      vertex  1.350921e+001 -1.704474e+001 -4.232681e+001
      vertex  1.579817e+001 -1.933371e+001 -4.253992e+001
      vertex  1.575295e+001 -1.928848e+001 -4.243178e+001
    endloop
  endfacet
  facet normal -7.071066e-001 -7.071069e-001  6.122708e-006
    outer loop
      vertex  1.350921e+001 -1.704474e+001 -4.232681e+001
      vertex  1.575295e+001 -1.928848e+001 -4.243178e+001
      vertex  1.571262e+001 -1.924815e+001 -4.231983e+001
    endloop
  endfacet
  facet normal -7.071066e-001 -7.071069e-001  8.286381e-008
    outer loop
      vertex  1.350921e+001 -1.704474e+001 -4.232681e+001
      vertex  1.571262e+001 -1.924815e+001 -4.231983e+001
      vertex  1.567733e+001 -1.921286e+001 -4.220452e+001
    endloop
  endfacet
  facet normal -7.071066e-001 -7.071069e-001  8.105479e-008
    outer loop
      vertex  1.350921e+001 -1.704474e+001 -4.232681e+001
      vertex  1.567733e+001 -1.921286e+001 -4.220452e+001
      vertex  1.564724e+001 -1.918277e+001 -4.208630e+001
    endloop
  endfacet
  facet normal -7.071063e-001 -7.071072e-001 -5.399770e-006
    outer loop
      vertex  1.350921e+001 -1.704474e+001 -4.232681e+001
      vertex  1.564724e+001 -1.918277e+001 -4.208630e+001
      vertex  1.562245e+001 -1.915798e+001 -4.196565e+001
    endloop
  endfacet
  facet normal -7.071068e-001 -7.071068e-001  0.000000e+000
    outer loop
      vertex  1.350921e+001 -1.704474e+001 -4.232681e+001
      vertex  1.562245e+001 -1.915798e+001 -4.196565e+001
      vertex  1.560307e+001 -1.913860e+001 -4.184303e+001
    endloop
  endfacet
  facet normal -7.071062e-001 -7.071074e-001 -5.296762e-006
    outer loop
      vertex  1.350921e+001 -1.704474e+001 -4.232681e+001
      vertex  1.560307e+001 -1.913860e+001 -4.184303e+001
      vertex  1.558917e+001 -1.912471e+001 -4.171894e+001
    endloop
  endfacet
  facet normal -7.071076e-001 -7.071058e-001  5.268305e-006
    outer loop
      vertex  1.350921e+001 -1.704474e+001 -4.232681e+001
      vertex  1.558917e+001 -1.912471e+001 -4.171894e+001
      vertex  1.558081e+001 -1.911634e+001 -4.159385e+001
    endloop
  endfacet
  facet normal -7.071068e-001 -7.071068e-001  0.000000e+000
    outer loop
      vertex  1.350921e+001 -1.704474e+001 -4.232681e+001
      vertex  1.558081e+001 -1.911634e+001 -4.159385e+001
      vertex  1.557802e+001 -1.911355e+001 -4.146827e+001
    endloop
  endfacet
  facet normal -7.071068e-001 -7.071068e-001  0.000000e+000
    outer loop
      vertex  1.350921e+001 -1.704474e+001 -4.232681e+001
      vertex  1.557802e+001 -1.911355e+001 -4.146827e+001
      vertex  1.553835e+001 -1.907388e+001 -9.971005e+000
    endloop
  endfacet
  facet normal -7.071068e-001 -7.071068e-001  0.000000e+000
    outer loop
      vertex  1.350921e+001 -1.704474e+001 -4.232681e+001
      vertex  1.553835e+001 -1.907388e+001 -9.971005e+000
      vertex  1.545258e+001 -1.898811e+001 -1.012854e+001
    endloop
  endfacet
  facet normal -7.071027e-001 -7.071109e-001 -5.014587e-007
    outer loop
      vertex  1.350921e+001 -1.704474e+001 -4.232681e+001
      vertex  1.545258e+001 -1.898811e+001 -1.012854e+001
      vertex  1.536245e+001 -1.889798e+001 -1.028113e+001
    endloop
  endfacet
  facet normal -7.071107e-001 -7.071030e-001  4.290860e-007
    outer loop
      vertex  1.350921e+001 -1.704474e+001 -4.232681e+001
      vertex  1.536245e+001 -1.889798e+001 -1.028113e+001
      vertex  1.526810e+001 -1.880363e+001 -1.042853e+001
    endloop
  endfacet
  facet normal -7.071030e-001 -7.071104e-001 -4.120417e-007
    outer loop
      vertex  1.350921e+001 -1.704474e+001 -4.232681e+001
      vertex  1.526810e+001 -1.880363e+001 -1.042853e+001
      vertex  1.516968e+001 -1.870522e+001 -1.057051e+001
    endloop
  endfacet
  facet normal -7.071068e-001 -7.071068e-001 -2.439634e-008
    outer loop
      vertex  1.350921e+001 -1.704474e+001 -4.232681e+001
      vertex  1.516968e+001 -1.870522e+001 -1.057051e+001
      vertex  1.506735e+001 -1.860289e+001 -1.070684e+001
    endloop
  endfacet
  facet normal -7.071068e-001 -7.071068e-001 -2.006328e-008
    outer loop
      vertex  1.350921e+001 -1.704474e+001 -4.232681e+001
      vertex  1.506735e+001 -1.860289e+001 -1.070684e+001
      vertex  1.496127e+001 -1.849680e+001 -1.083731e+001
    endloop
  endfacet
  facet normal -7.071067e-001 -7.071068e-001 -2.253697e-008
    outer loop
      vertex  1.350921e+001 -1.704474e+001 -4.232681e+001
      vertex  1.496127e+001 -1.849680e+001 -1.083731e+001
      vertex  1.485160e+001 -1.838714e+001 -1.096172e+001
    endloop
  endfacet
  facet normal -7.071130e-001 -7.071006e-001  5.131342e-007
    outer loop
      vertex  1.350921e+001 -1.704474e+001 -4.232681e+001
      vertex  1.485160e+001 -1.838714e+001 -1.096172e+001
      vertex  1.473852e+001 -1.827406e+001 -1.107986e+001
    endloop
  endfacet
  facet normal -7.071038e-001 -7.071098e-001 -2.139287e-007
    outer loop
      vertex  1.350921e+001 -1.704474e+001 -4.232681e+001
      vertex  1.473852e+001 -1.827406e+001 -1.107986e+001
      vertex  1.462222e+001 -1.815775e+001 -1.119155e+001
    endloop
  endfacet
  facet normal -7.071096e-001 -7.071038e-001  2.078480e-007
    outer loop
      vertex  1.350921e+001 -1.704474e+001 -4.232681e+001
      vertex  1.462222e+001 -1.815775e+001 -1.119155e+001
      vertex  1.450286e+001 -1.803839e+001 -1.129661e+001
    endloop
  endfacet
  facet normal -7.071040e-001 -7.071096e-001 -1.582759e-007
    outer loop
      vertex  1.350921e+001 -1.704474e+001 -4.232681e+001
      vertex  1.450286e+001 -1.803839e+001 -1.129661e+001
      vertex  1.438064e+001 -1.791618e+001 -1.139488e+001
    endloop
  endfacet
  facet normal -7.071040e-001 -7.071095e-001 -1.545720e-007
    outer loop
      vertex  1.350921e+001 -1.704474e+001 -4.232681e+001
      vertex  1.438064e+001 -1.791618e+001 -1.139488e+001
      vertex  1.425576e+001 -1.779129e+001 -1.148619e+001
    endloop
  endfacet
  facet normal -7.071095e-001 -7.071041e-001  1.076924e-007
    outer loop
      vertex  1.350921e+001 -1.704474e+001 -4.232681e+001
      vertex  1.425576e+001 -1.779129e+001 -1.148619e+001
      vertex  1.412841e+001 -1.766394e+001 -1.157042e+001
    endloop
  endfacet
  facet normal -7.071095e-001 -7.071041e-001  1.056646e-007
    outer loop
      vertex  1.350921e+001 -1.704474e+001 -4.232681e+001
      vertex  1.412841e+001 -1.766394e+001 -1.157042e+001
      vertex  1.399879e+001 -1.753432e+001 -1.164742e+001
    endloop
  endfacet
  facet normal -7.071041e-001 -7.071093e-001 -6.049893e-008
    outer loop
      vertex  1.350921e+001 -1.704474e+001 -4.232681e+001
      vertex  1.399879e+001 -1.753432e+001 -1.164742e+001
      vertex  1.386711e+001 -1.740265e+001 -1.171707e+001
    endloop
  endfacet
  facet normal -7.071068e-001 -7.071068e-001  0.000000e+000
    outer loop
      vertex  1.350921e+001 -1.704474e+001 -4.232681e+001
      vertex  1.386711e+001 -1.740265e+001 -1.171707e+001
      vertex  1.373358e+001 -1.726911e+001 -1.177926e+001
    endloop
  endfacet
  facet normal -7.071068e-001 -7.071068e-001  0.000000e+000
    outer loop
      vertex  1.350921e+001 -1.704474e+001 -4.232681e+001
      vertex  1.373358e+001 -1.726911e+001 -1.177926e+001
      vertex  1.359840e+001 -1.713394e+001 -1.183389e+001
    endloop
  endfacet
  facet normal -7.071068e-001 -7.071068e-001  0.000000e+000
    outer loop
      vertex  1.553835e+001 -1.907388e+001 -9.971005e+000
      vertex  1.557802e+001 -1.911355e+001 -4.146827e+001
      vertex  1.558081e+001 -1.911634e+001 -4.134269e+001
    endloop
  endfacet
  facet normal -7.071463e-001 -7.070673e-001 -1.069653e-007
    outer loop
      vertex  1.553835e+001 -1.907388e+001 -9.971005e+000
      vertex  1.558081e+001 -1.911634e+001 -4.134269e+001
      vertex  1.558917e+001 -1.912471e+001 -4.121761e+001
    endloop
  endfacet
  facet normal -7.070829e-001 -7.071306e-001  9.903116e-008
    outer loop
      vertex  1.553835e+001 -1.907388e+001 -9.971005e+000
      vertex  1.558917e+001 -1.912471e+001 -4.121761e+001
      vertex  1.560307e+001 -1.913860e+001 -4.109351e+001
    endloop
  endfacet
  facet normal -7.071067e-001 -7.071067e-001  0.000000e+000
    outer loop
      vertex  1.553835e+001 -1.907388e+001 -9.971005e+000
      vertex  1.560307e+001 -1.913860e+001 -4.109351e+001
      vertex  1.562245e+001 -1.915798e+001 -4.097089e+001
    endloop
  endfacet
  facet normal -7.071027e-001 -7.071109e-001  2.239054e-008
    outer loop
      vertex  1.553835e+001 -1.907388e+001 -9.971005e+000
      vertex  1.562245e+001 -1.915798e+001 -4.097089e+001
      vertex  1.561962e+001 -1.915516e+001 -9.808772e+000
    endloop
  endfacet
  facet normal -7.071068e-001 -7.071068e-001  0.000000e+000
    outer loop
      vertex  1.616054e+001 -1.969607e+001 -7.987637e+000
      vertex  1.613003e+001 -1.966556e+001 -8.181723e+000
      vertex  1.609078e+001 -1.962631e+001 -3.992725e+001
    endloop
  endfacet
  facet normal -7.071068e-001 -7.071068e-001  0.000000e+000
    outer loop
      vertex  1.616054e+001 -1.969607e+001 -7.987637e+000
      vertex  1.609078e+001 -1.962631e+001 -3.992725e+001
      vertex  1.616098e+001 -1.969651e+001 -3.985024e+001
    endloop
  endfacet
  facet normal -7.071068e-001 -7.071068e-001  0.000000e+000
    outer loop
      vertex  1.616054e+001 -1.969607e+001 -7.987637e+000
      vertex  1.616098e+001 -1.969651e+001 -3.985024e+001
      vertex  1.623446e+001 -1.976999e+001 -3.977962e+001
    endloop
  endfacet
  facet normal -7.071068e-001 -7.071068e-001  0.000000e+000
    outer loop
      vertex  1.616054e+001 -1.969607e+001 -7.987637e+000
      vertex  1.623446e+001 -1.976999e+001 -3.977962e+001
      vertex  1.631093e+001 -1.984646e+001 -3.971566e+001
    endloop
  endfacet
  facet normal -7.071068e-001 -7.071068e-001  0.000000e+000
    outer loop
      vertex  1.616054e+001 -1.969607e+001 -7.987637e+000
      vertex  1.631093e+001 -1.984646e+001 -3.971566e+001
      vertex  1.639009e+001 -1.992562e+001 -3.965862e+001
    endloop
  endfacet
  facet normal -7.071068e-001 -7.071068e-001  0.000000e+000
    outer loop
      vertex  1.616054e+001 -1.969607e+001 -7.987637e+000
      vertex  1.639009e+001 -1.992562e+001 -3.965862e+001
      vertex  1.647163e+001 -2.000716e+001 -3.960872e+001
    endloop
  endfacet
  facet normal -7.071068e-001 -7.071068e-001  0.000000e+000
    outer loop
      vertex  1.616054e+001 -1.969607e+001 -7.987637e+000
      vertex  1.647163e+001 -2.000716e+001 -3.960872e+001
      vertex  1.655522e+001 -2.009075e+001 -3.956616e+001
    endloop
  endfacet
  facet normal -7.071068e-001 -7.071068e-001  0.000000e+000
    outer loop
      vertex  1.616054e+001 -1.969607e+001 -7.987637e+000
      vertex  1.655522e+001 -2.009075e+001 -3.956616e+001
      vertex  1.664053e+001 -2.017607e+001 -3.953111e+001
    endloop
  endfacet
  facet normal -7.071068e-001 -7.071068e-001  0.000000e+000
    outer loop
      vertex  1.616054e+001 -1.969607e+001 -7.987637e+000
      vertex  1.664053e+001 -2.017607e+001 -3.953111e+001
      vertex  1.672724e+001 -2.026277e+001 -3.950370e+001
    endloop
  endfacet
  facet normal -7.071068e-001 -7.071068e-001  0.000000e+000
    outer loop
      vertex  1.616054e+001 -1.969607e+001 -7.987637e+000
      vertex  1.672724e+001 -2.026277e+001 -3.950370e+001
      vertex  1.681499e+001 -2.035052e+001 -3.948404e+001
    endloop
  endfacet
  facet normal -7.071068e-001 -7.071068e-001  0.000000e+000
    outer loop
      vertex  1.616054e+001 -1.969607e+001 -7.987637e+000
      vertex  1.681499e+001 -2.035052e+001 -3.948404e+001
      vertex  1.690343e+001 -2.043897e+001 -3.947222e+001
    endloop
  endfacet
  facet normal -7.071068e-001 -7.071068e-001  0.000000e+000
    outer loop
      vertex  1.616054e+001 -1.969607e+001 -7.987637e+000
      vertex  1.690343e+001 -2.043897e+001 -3.947222e+001
      vertex  1.699223e+001 -2.052777e+001 -3.946827e+001
    endloop
  endfacet
  facet normal -7.071068e-001 -7.071068e-001  0.000000e+000
    outer loop
      vertex  1.702142e+001 -2.055696e+001  3.314810e+000
      vertex  1.775341e+001 -2.128894e+001 -1.703297e+001
      vertex  1.775353e+001 -2.128907e+001 -1.677120e+001
    endloop
  endfacet
  facet normal -7.071068e-001 -7.071068e-001  0.000000e+000
    outer loop
      vertex  1.702142e+001 -2.055696e+001  3.314810e+000
      vertex  1.775353e+001 -2.128907e+001 -1.677120e+001
      vertex  1.775924e+001 -2.129478e+001 -1.650955e+001
    endloop
  endfacet
  facet normal -7.071068e-001 -7.071068e-001  0.000000e+000
    outer loop
      vertex  1.702142e+001 -2.055696e+001  3.314810e+000
      vertex  1.775924e+001 -2.129478e+001 -1.650955e+001
      vertex  1.777054e+001 -2.130608e+001 -1.624827e+001
    endloop
  endfacet
  facet normal -7.071068e-001 -7.071068e-001  0.000000e+000
    outer loop
      vertex  1.702142e+001 -2.055696e+001  3.314810e+000
      vertex  1.777054e+001 -2.130608e+001 -1.624827e+001
      vertex  1.778742e+001 -2.132295e+001 -1.598759e+001
    endloop
  endfacet
  facet normal -7.071068e-001 -7.071068e-001  0.000000e+000
    outer loop
      vertex  1.702142e+001 -2.055696e+001  3.314810e+000
      vertex  1.778742e+001 -2.132295e+001 -1.598759e+001
      vertex  1.780985e+001 -2.134539e+001 -1.572775e+001
    endloop
  endfacet
  facet normal -7.071068e-001 -7.071068e-001  0.000000e+000
    outer loop
      vertex  1.702142e+001 -2.055696e+001  3.314810e+000
      vertex  1.780985e+001 -2.134539e+001 -1.572775e+001
      vertex  1.783783e+001 -2.137336e+001 -1.546899e+001
    endloop
  endfacet
  facet normal -7.071068e-001 -7.071068e-001  0.000000e+000
    outer loop
      vertex  1.702142e+001 -2.055696e+001  3.314810e+000
      vertex  1.783783e+001 -2.137336e+001 -1.546899e+001
      vertex  1.787132e+001 -2.140685e+001 -1.521154e+001
    endloop
  endfacet
  facet normal -7.071068e-001 -7.071068e-001  0.000000e+000
    outer loop
      vertex  1.702142e+001 -2.055696e+001  3.314810e+000
      vertex  1.787132e+001 -2.140685e+001 -1.521154e+001
      vertex  1.791029e+001 -2.144583e+001 -1.495564e+001
    endloop
  endfacet
  facet normal -7.071067e-001 -7.071067e-001  0.000000e+000
    outer loop
      vertex  1.702142e+001 -2.055696e+001  3.314810e+000
      vertex  1.791029e+001 -2.144583e+001 -1.495564e+001
      vertex  1.795471e+001 -2.149025e+001 -1.470152e+001
    endloop
  endfacet
  facet normal -7.071068e-001 -7.071068e-001  0.000000e+000
    outer loop
      vertex  1.702142e+001 -2.055696e+001  3.314810e+000
      vertex  1.795471e+001 -2.149025e+001 -1.470152e+001
      vertex  1.800454e+001 -2.154008e+001 -1.444941e+001
    endloop
  endfacet
  facet normal -7.071068e-001 -7.071068e-001  0.000000e+000
    outer loop
      vertex  1.702142e+001 -2.055696e+001  3.314810e+000
      vertex  1.800454e+001 -2.154008e+001 -1.444941e+001
      vertex  1.805973e+001 -2.159527e+001 -1.419955e+001
    endloop
  endfacet
  facet normal -7.071068e-001 -7.071068e-001  0.000000e+000
    outer loop
      vertex  1.702142e+001 -2.055696e+001  3.314810e+000
      vertex  1.805973e+001 -2.159527e+001 -1.419955e+001
      vertex  1.812024e+001 -2.165577e+001 -1.395216e+001
    endloop
  endfacet
  facet normal -7.071068e-001 -7.071068e-001  0.000000e+000
    outer loop
      vertex  1.702142e+001 -2.055696e+001  3.314810e+000
      vertex  1.812024e+001 -2.165577e+001 -1.395216e+001
      vertex  1.818600e+001 -2.172153e+001 -1.370747e+001
    endloop
  endfacet
  facet normal -7.071068e-001 -7.071068e-001  0.000000e+000
    outer loop
      vertex  1.702142e+001 -2.055696e+001  3.314810e+000
      vertex  1.818600e+001 -2.172153e+001 -1.370747e+001
      vertex  1.825695e+001 -2.179249e+001 -1.346570e+001
    endloop
  endfacet
  facet normal -7.071068e-001 -7.071068e-001  0.000000e+000
    outer loop
      vertex  1.702142e+001 -2.055696e+001  3.314810e+000
      vertex  1.825695e+001 -2.179249e+001 -1.346570e+001
      vertex  1.833304e+001 -2.186857e+001 -1.322706e+001
    endloop
  endfacet
  facet normal -7.071068e-001 -7.071068e-001  0.000000e+000
    outer loop
      vertex  1.702142e+001 -2.055696e+001  3.314810e+000
      vertex  1.833304e+001 -2.186857e+001 -1.322706e+001
      vertex  1.841419e+001 -2.194972e+001 -1.299179e+001
    endloop
  endfacet
  facet normal -7.071068e-001 -7.071068e-001  0.000000e+000
    outer loop
      vertex  1.702142e+001 -2.055696e+001  3.314810e+000
      vertex  1.841419e+001 -2.194972e+001 -1.299179e+001
      vertex  1.850033e+001 -2.203586e+001 -1.276010e+001
    endloop
  endfacet
  facet normal -7.071068e-001 -7.071068e-001  0.000000e+000
    outer loop
      vertex  1.702142e+001 -2.055696e+001  3.314810e+000
      vertex  1.850033e+001 -2.203586e+001 -1.276010e+001
      vertex  1.859138e+001 -2.212691e+001 -1.253218e+001
    endloop
  endfacet
  facet normal -7.071068e-001 -7.071068e-001  0.000000e+000
    outer loop
      vertex  1.702142e+001 -2.055696e+001  3.314810e+000
      vertex  1.859138e+001 -2.212691e+001 -1.253218e+001
      vertex  1.868725e+001 -2.222279e+001 -1.230827e+001
    endloop
  endfacet
  facet normal -7.071068e-001 -7.071068e-001  0.000000e+000
    outer loop
      vertex  1.702142e+001 -2.055696e+001  3.314810e+000
      vertex  1.868725e+001 -2.222279e+001 -1.230827e+001
      vertex  1.879013e+001 -2.232566e+001 -1.206859e+001
    endloop
  endfacet
  facet normal -7.071068e-001 -7.071068e-001  0.000000e+000
    outer loop
      vertex  1.702142e+001 -2.055696e+001  3.314810e+000
      vertex  1.879013e+001 -2.232566e+001 -1.206859e+001
      vertex  1.888821e+001 -2.242374e+001 -1.182492e+001
    endloop
  endfacet
  facet normal -7.071068e-001 -7.071068e-001  0.000000e+000
    outer loop
      vertex  1.702142e+001 -2.055696e+001  3.314810e+000
      vertex  1.888821e+001 -2.242374e+001 -1.182492e+001
      vertex  1.705805e+001 -2.059358e+001  3.041713e+000
    endloop
  endfacet
  facet normal -7.071068e-001 -7.071068e-001  0.000000e+000
    outer loop
      vertex  1.699018e+001 -2.052571e+001  3.589242e+000
      vertex  1.616054e+001 -1.969607e+001 -6.012363e+000
      vertex  1.618556e+001 -1.972109e+001 -6.208010e+000
    endloop
  endfacet
  facet normal -7.071068e-001 -7.071068e-001  0.000000e+000
    outer loop
      vertex  1.699018e+001 -2.052571e+001  3.589242e+000
      vertex  1.618556e+001 -1.972109e+001 -6.208010e+000
      vertex  1.620506e+001 -1.974060e+001 -6.404909e+000
    endloop
  endfacet
  facet normal -7.071067e-001 -7.071067e-001  0.000000e+000
    outer loop
      vertex  1.699018e+001 -2.052571e+001  3.589242e+000
      vertex  1.620506e+001 -1.974060e+001 -6.404909e+000
      vertex  1.621902e+001 -1.975455e+001 -6.602749e+000
    endloop
  endfacet
  facet normal -7.071068e-001 -7.071068e-001  0.000000e+000
    outer loop
      vertex  1.699018e+001 -2.052571e+001  3.589242e+000
      vertex  1.621902e+001 -1.975455e+001 -6.602749e+000
      vertex  1.622740e+001 -1.976293e+001 -6.801218e+000
    endloop
  endfacet
  facet normal -7.071068e-001 -7.071068e-001  0.000000e+000
    outer loop
      vertex  1.699018e+001 -2.052571e+001  3.589242e+000
      vertex  1.622740e+001 -1.976293e+001 -6.801218e+000
      vertex  1.623019e+001 -1.976573e+001 -7.000000e+000
    endloop
  endfacet
  facet normal -7.071068e-001 -7.071068e-001  0.000000e+000
    outer loop
      vertex  1.699018e+001 -2.052571e+001  3.589242e+000
      vertex  1.623019e+001 -1.976573e+001 -7.000000e+000
      vertex  1.622740e+001 -1.976293e+001 -7.198782e+000
    endloop
  endfacet
  facet normal -7.071068e-001 -7.071068e-001  0.000000e+000
    outer loop
      vertex  1.699018e+001 -2.052571e+001  3.589242e+000
      vertex  1.622740e+001 -1.976293e+001 -7.198782e+000
      vertex  1.621902e+001 -1.975455e+001 -7.397251e+000
    endloop
  endfacet
  facet normal -7.071068e-001 -7.071068e-001  0.000000e+000
    outer loop
      vertex  6.465796e+000 -1.000133e+001 -1.173313e+001
      vertex  6.562275e+000 -1.009781e+001 -1.197873e+001
      vertex  1.234375e+001 -1.587928e+001 -1.197531e+001
    endloop
  endfacet
  facet normal -7.071068e-001 -7.071068e-001  0.000000e+000
    outer loop
      vertex  6.465796e+000 -1.000133e+001 -1.173313e+001
      vertex  1.234375e+001 -1.587928e+001 -1.197531e+001
      vertex  1.220416e+001 -1.573969e+001 -1.195165e+001
    endloop
  endfacet
  facet normal -7.071068e-001 -7.071068e-001  0.000000e+000
    outer loop
      vertex  6.465796e+000 -1.000133e+001 -1.173313e+001
      vertex  1.220416e+001 -1.573969e+001 -1.195165e+001
      vertex  1.206534e+001 -1.560088e+001 -1.192015e+001
    endloop
  endfacet
  facet normal -7.071068e-001 -7.071068e-001  0.000000e+000
    outer loop
      vertex  6.465796e+000 -1.000133e+001 -1.173313e+001
      vertex  1.206534e+001 -1.560088e+001 -1.192015e+001
      vertex  1.192752e+001 -1.546306e+001 -1.188088e+001
    endloop
  endfacet
  facet normal -7.071068e-001 -7.071068e-001  0.000000e+000
    outer loop
      vertex  6.465796e+000 -1.000133e+001 -1.173313e+001
      vertex  1.192752e+001 -1.546306e+001 -1.188088e+001
      vertex  1.179092e+001 -1.532645e+001 -1.183389e+001
    endloop
  endfacet
  facet normal -7.071068e-001 -7.071068e-001  0.000000e+000
    outer loop
      vertex  6.465796e+000 -1.000133e+001 -1.173313e+001
      vertex  1.179092e+001 -1.532645e+001 -1.183389e+001
      vertex  1.165574e+001 -1.519128e+001 -1.177926e+001
    endloop
  endfacet
  facet normal -7.071068e-001 -7.071068e-001  0.000000e+000
    outer loop
      vertex  6.465796e+000 -1.000133e+001 -1.173313e+001
      vertex  1.165574e+001 -1.519128e+001 -1.177926e+001
      vertex  1.152221e+001 -1.505774e+001 -1.171707e+001
    endloop
  endfacet
  facet normal -7.071068e-001 -7.071068e-001 -1.352366e-006
    outer loop
      vertex  6.374235e+000 -9.909769e+000 -1.148380e+001
      vertex  6.465796e+000 -1.000133e+001 -1.173313e+001
      vertex  1.152221e+001 -1.505774e+001 -1.171707e+001
    endloop
  endfacet
  facet normal -7.071068e-001 -7.071068e-001  1.285599e-007
    outer loop
      vertex  6.374235e+000 -9.909769e+000 -1.148380e+001
      vertex  1.152221e+001 -1.505774e+001 -1.171707e+001
      vertex  1.139053e+001 -1.492606e+001 -1.164742e+001
    endloop
  endfacet
  facet normal -7.071068e-001 -7.071069e-001  1.154596e-007
    outer loop
      vertex  6.374235e+000 -9.909769e+000 -1.148380e+001
      vertex  1.139053e+001 -1.492606e+001 -1.164742e+001
      vertex  1.126091e+001 -1.479645e+001 -1.157042e+001
    endloop
  endfacet
  facet normal -7.071068e-001 -7.071068e-001  1.052231e-007
    outer loop
      vertex  6.374235e+000 -9.909769e+000 -1.148380e+001
      vertex  1.126091e+001 -1.479645e+001 -1.157042e+001
      vertex  1.113356e+001 -1.466910e+001 -1.148619e+001
    endloop
  endfacet
  facet normal -7.071067e-001 -7.071068e-001  9.704144e-008
    outer loop
      vertex  6.374235e+000 -9.909769e+000 -1.148380e+001
      vertex  1.113356e+001 -1.466910e+001 -1.148619e+001
      vertex  1.100868e+001 -1.454421e+001 -1.139488e+001
    endloop
  endfacet
  facet normal -7.071068e-001 -7.071068e-001  2.286681e-006
    outer loop
      vertex  6.374235e+000 -9.909769e+000 -1.148380e+001
      vertex  1.100868e+001 -1.454421e+001 -1.139488e+001
      vertex  6.287662e+000 -9.823195e+000 -1.123093e+001
    endloop
  endfacet
  facet normal -7.071067e-001 -7.071068e-001  1.307449e-006
    outer loop
      vertex  6.279502e+000 -9.815036e+000 -2.793875e+000
      vertex  6.198482e+000 -9.734016e+000 -3.050400e+000
      vertex  1.053772e+001 -1.407325e+001 -3.038282e+000
    endloop
  endfacet
  facet normal -7.071068e-001 -7.071068e-001  0.000000e+000
    outer loop
      vertex  6.279502e+000 -9.815036e+000 -2.793875e+000
      vertex  1.053772e+001 -1.407325e+001 -3.038282e+000
      vertex  1.065080e+001 -1.418633e+001 -2.920142e+000
    endloop
  endfacet
  facet normal -7.071068e-001 -7.071068e-001  0.000000e+000
    outer loop
      vertex  6.279502e+000 -9.815036e+000 -2.793875e+000
      vertex  1.065080e+001 -1.418633e+001 -2.920142e+000
      vertex  1.076711e+001 -1.430264e+001 -2.808453e+000
    endloop
  endfacet
  facet normal -7.071068e-001 -7.071068e-001  0.000000e+000
    outer loop
      vertex  6.279502e+000 -9.815036e+000 -2.793875e+000
      vertex  1.076711e+001 -1.430264e+001 -2.808453e+000
      vertex  1.088646e+001 -1.442200e+001 -2.703392e+000
    endloop
  endfacet
  facet normal -7.071068e-001 -7.071068e-001  0.000000e+000
    outer loop
      vertex  6.279502e+000 -9.815036e+000 -2.793875e+000
      vertex  1.088646e+001 -1.442200e+001 -2.703392e+000
      vertex  6.365585e+000 -9.901119e+000 -2.540670e+000
    endloop
  endfacet
  facet normal -7.071068e-001 -7.071068e-001  1.348081e-006
    outer loop
      vertex  6.456665e+000 -9.992198e+000 -2.290986e+000
      vertex  6.365585e+000 -9.901119e+000 -2.540670e+000
      vertex  1.113356e+001 -1.466910e+001 -2.513806e+000
    endloop
  endfacet
  facet normal -7.071068e-001 -7.071068e-001  9.980628e-008
    outer loop
      vertex  6.456665e+000 -9.992198e+000 -2.290986e+000
      vertex  1.113356e+001 -1.466910e+001 -2.513806e+000
      vertex  1.126091e+001 -1.479645e+001 -2.429581e+000
    endloop
  endfacet
  facet normal -7.071069e-001 -7.071068e-001  1.086590e-007
    outer loop
      vertex  6.456665e+000 -9.992198e+000 -2.290986e+000
      vertex  1.126091e+001 -1.479645e+001 -2.429581e+000
      vertex  1.139053e+001 -1.492606e+001 -2.352583e+000
    endloop
  endfacet
  facet normal -7.071068e-001 -7.071067e-001  1.198197e-007
    outer loop
      vertex  6.456665e+000 -9.992198e+000 -2.290986e+000
      vertex  1.139053e+001 -1.492606e+001 -2.352583e+000
      vertex  1.152221e+001 -1.505774e+001 -2.282933e+000
    endloop
  endfacet
  facet normal -7.071068e-001 -7.071068e-001 -1.353911e-006
    outer loop
      vertex  6.552668e+000 -1.008820e+001 -2.045018e+000
      vertex  6.456665e+000 -9.992198e+000 -2.290986e+000
      vertex  1.152221e+001 -1.505774e+001 -2.282933e+000
    endloop
  endfacet
  facet normal -7.071068e-001 -7.071068e-001  0.000000e+000
    outer loop
      vertex  6.552668e+000 -1.008820e+001 -2.045018e+000
      vertex  1.152221e+001 -1.505774e+001 -2.282933e+000
      vertex  1.165574e+001 -1.519128e+001 -2.220743e+000
    endloop
  endfacet
  facet normal -7.071068e-001 -7.071068e-001  0.000000e+000
    outer loop
      vertex  6.552668e+000 -1.008820e+001 -2.045018e+000
      vertex  1.165574e+001 -1.519128e+001 -2.220743e+000
      vertex  1.179092e+001 -1.532645e+001 -2.166109e+000
    endloop
  endfacet
  facet normal -7.071068e-001 -7.071068e-001  0.000000e+000
    outer loop
      vertex  6.552668e+000 -1.008820e+001 -2.045018e+000
      vertex  1.179092e+001 -1.532645e+001 -2.166109e+000
      vertex  1.192752e+001 -1.546306e+001 -2.119118e+000
    endloop
  endfacet
  facet normal -7.071068e-001 -7.071068e-001  0.000000e+000
    outer loop
      vertex  6.552668e+000 -1.008820e+001 -2.045018e+000
      vertex  1.192752e+001 -1.546306e+001 -2.119118e+000
      vertex  1.206534e+001 -1.560088e+001 -2.079846e+000
    endloop
  endfacet
  facet normal -7.071068e-001 -7.071068e-001  0.000000e+000
    outer loop
      vertex  6.552668e+000 -1.008820e+001 -2.045018e+000
      vertex  1.206534e+001 -1.560088e+001 -2.079846e+000
      vertex  1.220416e+001 -1.573969e+001 -2.048353e+000
    endloop
  endfacet
  facet normal -7.071068e-001 -7.071068e-001  0.000000e+000
    outer loop
      vertex  6.552668e+000 -1.008820e+001 -2.045018e+000
      vertex  1.220416e+001 -1.573969e+001 -2.048353e+000
      vertex  1.234375e+001 -1.587928e+001 -2.024689e+000
    endloop
  endfacet
  facet normal -7.071068e-001 -7.071068e-001  0.000000e+000
    outer loop
      vertex  6.552668e+000 -1.008820e+001 -2.045018e+000
      vertex  1.234375e+001 -1.587928e+001 -2.024689e+000
      vertex  6.653519e+000 -1.018905e+001 -1.802961e+000
    endloop
  endfacet
  facet normal -7.070631e-001 -7.071505e-001 -5.881145e-005
    outer loop
      vertex  7.903990e+000 -1.143952e+001  3.656965e-001
      vertex  7.764997e+000 -1.130053e+001  1.691590e-001
      vertex  7.488070e+000 -1.102360e+001 -2.336984e-001
    endloop
  endfacet
  facet normal -7.070892e-001 -7.071243e-001 -2.360298e-005
    outer loop
      vertex  7.903990e+000 -1.143952e+001  3.656965e-001
      vertex  7.488070e+000 -1.102360e+001 -2.336984e-001
      vertex  7.355718e+000 -1.089125e+001 -4.432189e-001
    endloop
  endfacet
  facet normal -7.071067e-001 -7.071067e-001  0.000000e+000
    outer loop
      vertex  7.903990e+000 -1.143952e+001  3.656965e-001
      vertex  7.355718e+000 -1.089125e+001 -4.432189e-001
      vertex  7.227579e+000 -1.076311e+001 -6.579150e-001
    endloop
  endfacet
  facet normal -7.071068e-001 -7.071068e-001  0.000000e+000
    outer loop
      vertex  8.039066e+000 -1.157460e+001  5.676213e-001
      vertex  7.903990e+000 -1.143952e+001  3.656965e-001
      vertex  7.227579e+000 -1.076311e+001 -6.579150e-001
    endloop
  endfacet
  facet normal -7.071068e-001 -7.071068e-001  0.000000e+000
    outer loop
      vertex  8.039066e+000 -1.157460e+001  5.676213e-001
      vertex  7.227579e+000 -1.076311e+001 -6.579150e-001
      vertex  7.103756e+000 -1.063929e+001 -8.776171e-001
    endloop
  endfacet
  facet normal -7.071003e-001 -7.071133e-001 -8.444374e-006
    outer loop
      vertex  8.039066e+000 -1.157460e+001  5.676213e-001
      vertex  7.103756e+000 -1.063929e+001 -8.776171e-001
      vertex  6.984346e+000 -1.051988e+001 -1.102152e+000
    endloop
  endfacet
  facet normal -7.071132e-001 -7.071003e-001  7.923148e-006
    outer loop
      vertex  8.039066e+000 -1.157460e+001  5.676213e-001
      vertex  6.984346e+000 -1.051988e+001 -1.102152e+000
      vertex  6.869443e+000 -1.040498e+001 -1.331342e+000
    endloop
  endfacet
  facet normal -7.071068e-001 -7.071068e-001  0.000000e+000
    outer loop
      vertex  8.170122e+000 -1.170566e+001  7.747775e-001
      vertex  8.039066e+000 -1.157460e+001  5.676213e-001
      vertex  6.869443e+000 -1.040498e+001 -1.331342e+000
    endloop
  endfacet
  facet normal -7.071068e-001 -7.071068e-001  0.000000e+000
    outer loop
      vertex  8.170122e+000 -1.170566e+001  7.747775e-001
      vertex  6.869443e+000 -1.040498e+001 -1.331342e+000
      vertex  6.759138e+000 -1.029467e+001 -1.565006e+000
    endloop
  endfacet
  facet normal -7.071067e-001 -7.071067e-001  0.000000e+000
    outer loop
      vertex  8.170122e+000 -1.170566e+001  7.747775e-001
      vertex  6.759138e+000 -1.029467e+001 -1.565006e+000
      vertex  6.653519e+000 -1.018905e+001 -1.802961e+000
    endloop
  endfacet
  facet normal -7.071068e-001 -7.071068e-001  0.000000e+000
    outer loop
      vertex  8.170122e+000 -1.170566e+001  7.747775e-001
      vertex  6.653519e+000 -1.018905e+001 -1.802961e+000
      vertex  8.297056e+000 -1.183259e+001  9.870050e-001
    endloop
  endfacet
  facet normal -7.071067e-001 -7.071069e-001  4.927890e-006
    outer loop
      vertex  1.699223e+001 -2.052777e+001 -4.346827e+001
      vertex  1.690343e+001 -2.043897e+001 -4.346432e+001
      vertex  1.375199e+001 -1.728752e+001 -4.346868e+001
    endloop
  endfacet
  facet normal -7.071066e-001 -7.071069e-001 -3.666288e-006
    outer loop
      vertex  1.699223e+001 -2.052777e+001 -4.346827e+001
      vertex  1.375199e+001 -1.728752e+001 -4.346868e+001
      vertex  1.381090e+001 -1.734643e+001 -4.364961e+001
    endloop
  endfacet
  facet normal -7.071066e-001 -7.071068e-001 -3.730580e-006
    outer loop
      vertex  1.699223e+001 -2.052777e+001 -4.346827e+001
      vertex  1.381090e+001 -1.734643e+001 -4.364961e+001
      vertex  1.387486e+001 -1.741039e+001 -4.382708e+001
    endloop
  endfacet
  facet normal -7.071072e-001 -7.071062e-001  7.349587e-006
    outer loop
      vertex  1.699223e+001 -2.052777e+001 -4.346827e+001
      vertex  1.387486e+001 -1.741039e+001 -4.382708e+001
      vertex  1.394377e+001 -1.747930e+001 -4.400080e+001
    endloop
  endfacet
  facet normal -7.071060e-001 -7.071075e-001 -7.307047e-006
    outer loop
      vertex  1.699223e+001 -2.052777e+001 -4.346827e+001
      vertex  1.394377e+001 -1.747930e+001 -4.400080e+001
      vertex  1.401751e+001 -1.755305e+001 -4.417051e+001
    endloop
  endfacet
  facet normal -7.071078e-001 -7.071059e-001  7.240523e-006
    outer loop
      vertex  1.699223e+001 -2.052777e+001 -4.346827e+001
      vertex  1.401751e+001 -1.755305e+001 -4.417051e+001
      vertex  1.409598e+001 -1.763151e+001 -4.433592e+001
    endloop
  endfacet
  facet normal -7.071066e-001 -7.071069e-001  1.175146e-007
    outer loop
      vertex  1.699223e+001 -2.052777e+001 -4.346827e+001
      vertex  1.409598e+001 -1.763151e+001 -4.433592e+001
      vertex  1.417904e+001 -1.771458e+001 -4.449679e+001
    endloop
  endfacet
  facet normal -7.071053e-001 -7.071081e-001 -7.070314e-006
    outer loop
      vertex  1.699223e+001 -2.052777e+001 -4.346827e+001
      vertex  1.417904e+001 -1.771458e+001 -4.449679e+001
      vertex  1.426657e+001 -1.780210e+001 -4.465285e+001
    endloop
  endfacet
  facet normal -7.071077e-001 -7.071059e-001  3.401580e-006
    outer loop
      vertex  1.699223e+001 -2.052777e+001 -4.346827e+001
      vertex  1.426657e+001 -1.780210e+001 -4.465285e+001
      vertex  1.435842e+001 -1.789396e+001 -4.480385e+001
    endloop
  endfacet
  facet normal -7.071059e-001 -7.071076e-001 -3.457137e-006
    outer loop
      vertex  1.699223e+001 -2.052777e+001 -4.346827e+001
      vertex  1.435842e+001 -1.789396e+001 -4.480385e+001
      vertex  1.445446e+001 -1.798999e+001 -4.494956e+001
    endloop
  endfacet
  facet normal -7.071078e-001 -7.071056e-001  3.261488e-006
    outer loop
      vertex  1.699223e+001 -2.052777e+001 -4.346827e+001
      vertex  1.445446e+001 -1.798999e+001 -4.494956e+001
      vertex  1.455452e+001 -1.809005e+001 -4.508975e+001
    endloop
  endfacet
  facet normal -7.071079e-001 -7.071056e-001  3.312350e-006
    outer loop
      vertex  1.699223e+001 -2.052777e+001 -4.346827e+001
      vertex  1.455452e+001 -1.809005e+001 -4.508975e+001
      vertex  1.465845e+001 -1.819398e+001 -4.522419e+001
    endloop
  endfacet
  facet normal -7.071067e-001 -7.071069e-001  1.724370e-007
    outer loop
      vertex  1.699223e+001 -2.052777e+001 -4.346827e+001
      vertex  1.465845e+001 -1.819398e+001 -4.522419e+001
      vertex  1.476608e+001 -1.830162e+001 -4.535266e+001
    endloop
  endfacet
  facet normal -7.071054e-001 -7.071081e-001 -2.952605e-006
    outer loop
      vertex  1.699223e+001 -2.052777e+001 -4.346827e+001
      vertex  1.476608e+001 -1.830162e+001 -4.535266e+001
      vertex  1.487725e+001 -1.841278e+001 -4.547498e+001
    endloop
  endfacet
  facet normal -7.071082e-001 -7.071054e-001  3.016445e-006
    outer loop
      vertex  1.699223e+001 -2.052777e+001 -4.346827e+001
      vertex  1.487725e+001 -1.841278e+001 -4.547498e+001
      vertex  1.499177e+001 -1.852731e+001 -4.559093e+001
    endloop
  endfacet
  facet normal -7.071037e-001 -7.071099e-001 -5.597687e-006
    outer loop
      vertex  1.699223e+001 -2.052777e+001 -4.346827e+001
      vertex  1.499177e+001 -1.852731e+001 -4.559093e+001
      vertex  1.510947e+001 -1.864500e+001 -4.570034e+001
    endloop
  endfacet
  facet normal -7.071085e-001 -7.071052e-001  2.573081e-006
    outer loop
      vertex  1.699223e+001 -2.052777e+001 -4.346827e+001
      vertex  1.510947e+001 -1.864500e+001 -4.570034e+001
      vertex  1.523016e+001 -1.876569e+001 -4.580304e+001
    endloop
  endfacet
  facet normal -7.071085e-001 -7.071050e-001  2.604588e-006
    outer loop
      vertex  1.699223e+001 -2.052777e+001 -4.346827e+001
      vertex  1.523016e+001 -1.876569e+001 -4.580304e+001
      vertex  1.535364e+001 -1.888918e+001 -4.589885e+001
    endloop
  endfacet
  facet normal -7.071067e-001 -7.071068e-001  1.865174e-007
    outer loop
      vertex  1.699223e+001 -2.052777e+001 -4.346827e+001
      vertex  1.535364e+001 -1.888918e+001 -4.589885e+001
      vertex  1.547972e+001 -1.901526e+001 -4.598763e+001
    endloop
  endfacet
  facet normal -7.071030e-001 -7.071106e-001 -4.359514e-006
    outer loop
      vertex  1.699223e+001 -2.052777e+001 -4.346827e+001
      vertex  1.547972e+001 -1.901526e+001 -4.598763e+001
      vertex  1.560821e+001 -1.914374e+001 -4.606924e+001
    endloop
  endfacet
  facet normal -7.071108e-001 -7.071028e-001  4.021964e-006
    outer loop
      vertex  1.699223e+001 -2.052777e+001 -4.346827e+001
      vertex  1.560821e+001 -1.914374e+001 -4.606924e+001
      vertex  1.573889e+001 -1.927442e+001 -4.614355e+001
    endloop
  endfacet
  facet normal -7.071067e-001 -7.071068e-001  1.921178e-007
    outer loop
      vertex  1.699223e+001 -2.052777e+001 -4.346827e+001
      vertex  1.573889e+001 -1.927442e+001 -4.614355e+001
      vertex  1.587156e+001 -1.940709e+001 -4.621044e+001
    endloop
  endfacet
  facet normal -7.071046e-001 -7.071090e-001 -1.525284e-006
    outer loop
      vertex  1.699223e+001 -2.052777e+001 -4.346827e+001
      vertex  1.587156e+001 -1.940709e+001 -4.621044e+001
      vertex  1.600601e+001 -1.954154e+001 -4.626981e+001
    endloop
  endfacet
  facet normal -7.071068e-001 -7.071068e-001  0.000000e+000
    outer loop
      vertex  1.699223e+001 -2.052777e+001 -4.346827e+001
      vertex  1.600601e+001 -1.954154e+001 -4.626981e+001
      vertex  1.614202e+001 -1.967756e+001 -4.632155e+001
    endloop
  endfacet
  facet normal -7.071068e-001 -7.071068e-001  0.000000e+000
    outer loop
      vertex  1.699223e+001 -2.052777e+001 -4.346827e+001
      vertex  1.614202e+001 -1.967756e+001 -4.632155e+001
      vertex  1.627938e+001 -1.981492e+001 -4.636559e+001
    endloop
  endfacet
  facet normal -7.071068e-001 -7.071068e-001  0.000000e+000
    outer loop
      vertex  1.699223e+001 -2.052777e+001 -4.346827e+001
      vertex  1.627938e+001 -1.981492e+001 -4.636559e+001
      vertex  1.641788e+001 -1.995341e+001 -4.640186e+001
    endloop
  endfacet
  facet normal -7.071068e-001 -7.071068e-001  0.000000e+000
    outer loop
      vertex  1.699223e+001 -2.052777e+001 -4.346827e+001
      vertex  1.641788e+001 -1.995341e+001 -4.640186e+001
      vertex  1.655728e+001 -2.009282e+001 -4.643029e+001
    endloop
  endfacet
  facet normal -7.071068e-001 -7.071068e-001  0.000000e+000
    outer loop
      vertex  1.699223e+001 -2.052777e+001 -4.346827e+001
      vertex  1.655728e+001 -2.009282e+001 -4.643029e+001
      vertex  1.669738e+001 -2.023291e+001 -4.645086e+001
    endloop
  endfacet
  facet normal -7.071068e-001 -7.071068e-001  0.000000e+000
    outer loop
      vertex  1.699223e+001 -2.052777e+001 -4.346827e+001
      vertex  1.669738e+001 -2.023291e+001 -4.645086e+001
      vertex  1.683794e+001 -2.037348e+001 -4.646351e+001
    endloop
  endfacet
  facet normal -7.071068e-001 -7.071068e-001  0.000000e+000
    outer loop
      vertex  1.699223e+001 -2.052777e+001 -4.346827e+001
      vertex  1.683794e+001 -2.037348e+001 -4.646351e+001
      vertex  1.697875e+001 -2.051429e+001 -4.646824e+001
    endloop
  endfacet
  facet normal -7.071068e-001 -7.071068e-001  0.000000e+000
    outer loop
      vertex  1.699223e+001 -2.052777e+001 -4.346827e+001
      vertex  1.697875e+001 -2.051429e+001 -4.646824e+001
      vertex  1.711958e+001 -2.065512e+001 -4.646503e+001
    endloop
  endfacet
  facet normal -7.071068e-001 -7.071068e-001  0.000000e+000
    outer loop
      vertex  1.699223e+001 -2.052777e+001 -4.346827e+001
      vertex  1.711958e+001 -2.065512e+001 -4.646503e+001
      vertex  1.726021e+001 -2.079574e+001 -4.645389e+001
    endloop
  endfacet
  facet normal -7.071068e-001 -7.071068e-001  0.000000e+000
    outer loop
      vertex  1.699223e+001 -2.052777e+001 -4.346827e+001
      vertex  1.726021e+001 -2.079574e+001 -4.645389e+001
      vertex  1.740041e+001 -2.093595e+001 -4.643484e+001
    endloop
  endfacet
  facet normal -7.071068e-001 -7.071068e-001  0.000000e+000
    outer loop
      vertex  1.699223e+001 -2.052777e+001 -4.346827e+001
      vertex  1.740041e+001 -2.093595e+001 -4.643484e+001
      vertex  1.753997e+001 -2.107550e+001 -4.640791e+001
    endloop
  endfacet
  facet normal -7.071068e-001 -7.071068e-001  0.000000e+000
    outer loop
      vertex  1.699223e+001 -2.052777e+001 -4.346827e+001
      vertex  1.753997e+001 -2.107550e+001 -4.640791e+001
      vertex  1.767865e+001 -2.121419e+001 -4.637313e+001
    endloop
  endfacet
  facet normal -7.071068e-001 -7.071068e-001  0.000000e+000
    outer loop
      vertex  1.699223e+001 -2.052777e+001 -4.346827e+001
      vertex  1.767865e+001 -2.121419e+001 -4.637313e+001
      vertex  1.781625e+001 -2.135178e+001 -4.633057e+001
    endloop
  endfacet
  facet normal -7.071068e-001 -7.071068e-001  0.000000e+000
    outer loop
      vertex  1.699223e+001 -2.052777e+001 -4.346827e+001
      vertex  1.781625e+001 -2.135178e+001 -4.633057e+001
      vertex  1.795254e+001 -2.148807e+001 -4.628030e+001
    endloop
  endfacet
  facet normal -7.071068e-001 -7.071068e-001  0.000000e+000
    outer loop
      vertex  1.699223e+001 -2.052777e+001 -4.346827e+001
      vertex  1.795254e+001 -2.148807e+001 -4.628030e+001
      vertex  1.808730e+001 -2.162284e+001 -4.622239e+001
    endloop
  endfacet
  facet normal -7.071068e-001 -7.071068e-001  0.000000e+000
    outer loop
      vertex  1.699223e+001 -2.052777e+001 -4.346827e+001
      vertex  1.808730e+001 -2.162284e+001 -4.622239e+001
      vertex  1.822033e+001 -2.175586e+001 -4.615694e+001
    endloop
  endfacet
  facet normal -7.071068e-001 -7.071068e-001  0.000000e+000
    outer loop
      vertex  1.699223e+001 -2.052777e+001 -4.346827e+001
      vertex  1.822033e+001 -2.175586e+001 -4.615694e+001
      vertex  1.835141e+001 -2.188694e+001 -4.608404e+001
    endloop
  endfacet
  facet normal -7.071068e-001 -7.071068e-001  0.000000e+000
    outer loop
      vertex  1.699223e+001 -2.052777e+001 -4.346827e+001
      vertex  1.835141e+001 -2.188694e+001 -4.608404e+001
      vertex  1.848033e+001 -2.201586e+001 -4.600381e+001
    endloop
  endfacet
  facet normal -7.071068e-001 -7.071068e-001  0.000000e+000
    outer loop
      vertex  1.699223e+001 -2.052777e+001 -4.346827e+001
      vertex  1.848033e+001 -2.201586e+001 -4.600381e+001
      vertex  1.860689e+001 -2.214242e+001 -4.591639e+001
    endloop
  endfacet
  facet normal -7.071068e-001 -7.071068e-001  0.000000e+000
    outer loop
      vertex  1.699223e+001 -2.052777e+001 -4.346827e+001
      vertex  1.860689e+001 -2.214242e+001 -4.591639e+001
      vertex  1.873088e+001 -2.226642e+001 -4.582191e+001
    endloop
  endfacet
  facet normal -7.071068e-001 -7.071068e-001  0.000000e+000
    outer loop
      vertex  1.699223e+001 -2.052777e+001 -4.346827e+001
      vertex  1.873088e+001 -2.226642e+001 -4.582191e+001
      vertex  1.885212e+001 -2.238765e+001 -4.572052e+001
    endloop
  endfacet
  facet normal -7.071068e-001 -7.071068e-001  0.000000e+000
    outer loop
      vertex  1.699223e+001 -2.052777e+001 -4.346827e+001
      vertex  1.885212e+001 -2.238765e+001 -4.572052e+001
      vertex  1.897040e+001 -2.250594e+001 -4.561238e+001
    endloop
  endfacet
  facet normal -7.071068e-001 -7.071068e-001  0.000000e+000
    outer loop
      vertex  1.699223e+001 -2.052777e+001 -4.346827e+001
      vertex  1.897040e+001 -2.250594e+001 -4.561238e+001
      vertex  1.908555e+001 -2.262108e+001 -4.549767e+001
    endloop
  endfacet
  facet normal -7.071068e-001 -7.071068e-001  0.000000e+000
    outer loop
      vertex  1.699223e+001 -2.052777e+001 -4.346827e+001
      vertex  1.908555e+001 -2.262108e+001 -4.549767e+001
      vertex  1.919737e+001 -2.273291e+001 -4.537656e+001
    endloop
  endfacet
  facet normal -7.071068e-001 -7.071068e-001  0.000000e+000
    outer loop
      vertex  1.699223e+001 -2.052777e+001 -4.346827e+001
      vertex  1.919737e+001 -2.273291e+001 -4.537656e+001
      vertex  1.930570e+001 -2.284123e+001 -4.524925e+001
    endloop
  endfacet
  facet normal -7.071068e-001 -7.071068e-001  0.000000e+000
    outer loop
      vertex  1.699223e+001 -2.052777e+001 -4.346827e+001
      vertex  1.930570e+001 -2.284123e+001 -4.524925e+001
      vertex  1.941035e+001 -2.294588e+001 -4.511593e+001
    endloop
  endfacet
  facet normal -7.071068e-001 -7.071068e-001  0.000000e+000
    outer loop
      vertex  1.699223e+001 -2.052777e+001 -4.346827e+001
      vertex  1.941035e+001 -2.294588e+001 -4.511593e+001
      vertex  1.951116e+001 -2.304670e+001 -4.497683e+001
    endloop
  endfacet
  facet normal -7.071068e-001 -7.071068e-001  0.000000e+000
    outer loop
      vertex  1.699223e+001 -2.052777e+001 -4.346827e+001
      vertex  1.951116e+001 -2.304670e+001 -4.497683e+001
      vertex  1.960798e+001 -2.314351e+001 -4.483216e+001
    endloop
  endfacet
  facet normal -7.071068e-001 -7.071068e-001  0.000000e+000
    outer loop
      vertex  1.699223e+001 -2.052777e+001 -4.346827e+001
      vertex  1.960798e+001 -2.314351e+001 -4.483216e+001
      vertex  1.970065e+001 -2.323618e+001 -4.468215e+001
    endloop
  endfacet
  facet normal -7.071068e-001 -7.071068e-001  0.000000e+000
    outer loop
      vertex  1.699223e+001 -2.052777e+001 -4.346827e+001
      vertex  1.970065e+001 -2.323618e+001 -4.468215e+001
      vertex  1.978901e+001 -2.332454e+001 -4.452704e+001
    endloop
  endfacet
  facet normal -7.071068e-001 -7.071068e-001  0.000000e+000
    outer loop
      vertex  1.699223e+001 -2.052777e+001 -4.346827e+001
      vertex  1.978901e+001 -2.332454e+001 -4.452704e+001
      vertex  1.987294e+001 -2.340847e+001 -4.436708e+001
    endloop
  endfacet
  facet normal -7.071068e-001 -7.071068e-001  0.000000e+000
    outer loop
      vertex  1.699223e+001 -2.052777e+001 -4.346827e+001
      vertex  1.987294e+001 -2.340847e+001 -4.436708e+001
      vertex  1.995230e+001 -2.348783e+001 -4.420251e+001
    endloop
  endfacet
  facet normal -7.071068e-001 -7.071068e-001  0.000000e+000
    outer loop
      vertex  1.699223e+001 -2.052777e+001 -4.346827e+001
      vertex  1.995230e+001 -2.348783e+001 -4.420251e+001
      vertex  2.002695e+001 -2.356249e+001 -4.403361e+001
    endloop
  endfacet
  facet normal -7.071068e-001 -7.071068e-001  0.000000e+000
    outer loop
      vertex  1.699223e+001 -2.052777e+001 -4.346827e+001
      vertex  2.002695e+001 -2.356249e+001 -4.403361e+001
      vertex  2.009680e+001 -2.363233e+001 -4.386063e+001
    endloop
  endfacet
  facet normal -7.071068e-001 -7.071068e-001  0.000000e+000
    outer loop
      vertex  1.699223e+001 -2.052777e+001 -4.346827e+001
      vertex  2.009680e+001 -2.363233e+001 -4.386063e+001
      vertex  2.016171e+001 -2.369725e+001 -4.368386e+001
    endloop
  endfacet
  facet normal -7.071068e-001 -7.071068e-001  0.000000e+000
    outer loop
      vertex  1.699223e+001 -2.052777e+001 -4.346827e+001
      vertex  2.016171e+001 -2.369725e+001 -4.368386e+001
      vertex  2.022160e+001 -2.375713e+001 -4.350357e+001
    endloop
  endfacet
  facet normal -7.071068e-001 -7.071068e-001  0.000000e+000
    outer loop
      vertex  1.699223e+001 -2.052777e+001 -4.346827e+001
      vertex  2.022160e+001 -2.375713e+001 -4.350357e+001
      vertex  1.708103e+001 -2.061657e+001 -4.346432e+001
    endloop
  endfacet
  facet normal -7.071066e-001 -7.071068e-001  7.388378e-006
    outer loop
      vertex  1.369822e+001 -1.723375e+001 -4.328457e+001
      vertex  1.375199e+001 -1.728752e+001 -4.346868e+001
      vertex  1.690343e+001 -2.043897e+001 -4.346432e+001
    endloop
  endfacet
  facet normal -7.071069e-001 -7.071066e-001 -2.873066e-006
    outer loop
      vertex  1.369822e+001 -1.723375e+001 -4.328457e+001
      vertex  1.690343e+001 -2.043897e+001 -4.346432e+001
      vertex  1.681499e+001 -2.035052e+001 -4.345250e+001
    endloop
  endfacet
  facet normal -7.071069e-001 -7.071067e-001 -1.359012e-006
    outer loop
      vertex  1.369822e+001 -1.723375e+001 -4.328457e+001
      vertex  1.681499e+001 -2.035052e+001 -4.345250e+001
      vertex  1.672724e+001 -2.026277e+001 -4.343285e+001
    endloop
  endfacet
  facet normal -7.071069e-001 -7.071066e-001 -9.010173e-007
    outer loop
      vertex  1.369822e+001 -1.723375e+001 -4.328457e+001
      vertex  1.672724e+001 -2.026277e+001 -4.343285e+001
      vertex  1.664053e+001 -2.017607e+001 -4.340544e+001
    endloop
  endfacet
  facet normal -7.071068e-001 -7.071066e-001 -6.810621e-007
    outer loop
      vertex  1.369822e+001 -1.723375e+001 -4.328457e+001
      vertex  1.664053e+001 -2.017607e+001 -4.340544e+001
      vertex  1.655522e+001 -2.009075e+001 -4.337038e+001
    endloop
  endfacet
  facet normal -7.071069e-001 -7.071066e-001 -4.604306e-007
    outer loop
      vertex  1.369822e+001 -1.723375e+001 -4.328457e+001
      vertex  1.655522e+001 -2.009075e+001 -4.337038e+001
      vertex  1.647163e+001 -2.000716e+001 -4.332782e+001
    endloop
  endfacet
  facet normal -7.071069e-001 -7.071067e-001 -3.906345e-007
    outer loop
      vertex  1.369822e+001 -1.723375e+001 -4.328457e+001
      vertex  1.647163e+001 -2.000716e+001 -4.332782e+001
      vertex  1.639009e+001 -1.992562e+001 -4.327792e+001
    endloop
  endfacet
  facet normal -7.071069e-001 -7.071066e-001 -3.681954e-006
    outer loop
      vertex  1.364968e+001 -1.718521e+001 -4.309759e+001
      vertex  1.369822e+001 -1.723375e+001 -4.328457e+001
      vertex  1.639009e+001 -1.992562e+001 -4.327792e+001
    endloop
  endfacet
  facet normal -7.071068e-001 -7.071068e-001  0.000000e+000
    outer loop
      vertex  1.364968e+001 -1.718521e+001 -4.309759e+001
      vertex  1.639009e+001 -1.992562e+001 -4.327792e+001
      vertex  1.631093e+001 -1.984646e+001 -4.322089e+001
    endloop
  endfacet
  facet normal -7.071067e-001 -7.071067e-001  0.000000e+000
    outer loop
      vertex  1.364968e+001 -1.718521e+001 -4.309759e+001
      vertex  1.631093e+001 -1.984646e+001 -4.322089e+001
      vertex  1.623446e+001 -1.976999e+001 -4.315693e+001
    endloop
  endfacet
  facet normal -7.071068e-001 -7.071068e-001  0.000000e+000
    outer loop
      vertex  1.364968e+001 -1.718521e+001 -4.309759e+001
      vertex  1.623446e+001 -1.976999e+001 -4.315693e+001
      vertex  1.616098e+001 -1.969651e+001 -4.308630e+001
    endloop
  endfacet
  facet normal -7.071068e-001 -7.071068e-001  0.000000e+000
    outer loop
      vertex  1.360644e+001 -1.714198e+001 -4.290801e+001
      vertex  1.364968e+001 -1.718521e+001 -4.309759e+001
      vertex  1.616098e+001 -1.969651e+001 -4.308630e+001
    endloop
  endfacet
  facet normal -7.071068e-001 -7.071068e-001  0.000000e+000
    outer loop
      vertex  1.360644e+001 -1.714198e+001 -4.290801e+001
      vertex  1.616098e+001 -1.969651e+001 -4.308630e+001
      vertex  1.609078e+001 -1.962631e+001 -4.300930e+001
    endloop
  endfacet
  facet normal -7.071068e-001 -7.071068e-001  0.000000e+000
    outer loop
      vertex  1.360644e+001 -1.714198e+001 -4.290801e+001
      vertex  1.609078e+001 -1.962631e+001 -4.300930e+001
      vertex  1.602414e+001 -1.955967e+001 -4.292621e+001
    endloop
  endfacet
  facet normal -7.071069e-001 -7.071068e-001 -7.644046e-006
    outer loop
      vertex  1.360644e+001 -1.714198e+001 -4.290801e+001
      vertex  1.602414e+001 -1.955967e+001 -4.292621e+001
      vertex  1.596132e+001 -1.949685e+001 -4.283736e+001
    endloop
  endfacet
  facet normal -7.071069e-001 -7.071066e-001  3.709519e-006
    outer loop
      vertex  1.360644e+001 -1.714198e+001 -4.290801e+001
      vertex  1.596132e+001 -1.949685e+001 -4.283736e+001
      vertex  1.356858e+001 -1.710411e+001 -4.271616e+001
    endloop
  endfacet
  facet normal -7.071068e-001 -7.071068e-001  0.000000e+000
    outer loop
      vertex  1.699223e+001 -2.052777e+001 -3.946827e+001
      vertex  1.621902e+001 -1.975455e+001 -7.397251e+000
      vertex  1.620506e+001 -1.974060e+001 -7.595091e+000
    endloop
  endfacet
  facet normal -7.071068e-001 -7.071068e-001  0.000000e+000
    outer loop
      vertex  1.699223e+001 -2.052777e+001 -3.946827e+001
      vertex  1.620506e+001 -1.974060e+001 -7.595091e+000
      vertex  1.618556e+001 -1.972109e+001 -7.791990e+000
    endloop
  endfacet
  facet normal -7.071068e-001 -7.071068e-001  0.000000e+000
    outer loop
      vertex  1.699223e+001 -2.052777e+001 -3.946827e+001
      vertex  1.618556e+001 -1.972109e+001 -7.791990e+000
      vertex  1.616054e+001 -1.969607e+001 -7.987637e+000
    endloop
  endfacet
  facet normal -7.071068e-001 -7.071068e-001  0.000000e+000
    outer loop
      vertex  2.027636e+001 -2.381189e+001 -4.332005e+001
      vertex  2.032590e+001 -2.386144e+001 -4.313359e+001
      vertex  1.759438e+001 -2.112991e+001 -4.327792e+001
    endloop
  endfacet
  facet normal -7.071067e-001 -7.071067e-001  0.000000e+000
    outer loop
      vertex  2.027636e+001 -2.381189e+001 -4.332005e+001
      vertex  1.759438e+001 -2.112991e+001 -4.327792e+001
      vertex  1.751284e+001 -2.104837e+001 -4.332782e+001
    endloop
  endfacet
  facet normal -7.071068e-001 -7.071068e-001  0.000000e+000
    outer loop
      vertex  2.027636e+001 -2.381189e+001 -4.332005e+001
      vertex  1.751284e+001 -2.104837e+001 -4.332782e+001
      vertex  1.742925e+001 -2.096478e+001 -4.337038e+001
    endloop
  endfacet
  facet normal -7.071068e-001 -7.071068e-001  0.000000e+000
    outer loop
      vertex  2.027636e+001 -2.381189e+001 -4.332005e+001
      vertex  1.742925e+001 -2.096478e+001 -4.337038e+001
      vertex  1.734394e+001 -2.087947e+001 -4.340544e+001
    endloop
  endfacet
  facet normal -7.071068e-001 -7.071068e-001  0.000000e+000
    outer loop
      vertex  2.027636e+001 -2.381189e+001 -4.332005e+001
      vertex  1.734394e+001 -2.087947e+001 -4.340544e+001
      vertex  1.725723e+001 -2.079276e+001 -4.343285e+001
    endloop
  endfacet
  facet normal -7.071068e-001 -7.071068e-001  0.000000e+000
    outer loop
      vertex  2.027636e+001 -2.381189e+001 -4.332005e+001
      vertex  1.725723e+001 -2.079276e+001 -4.343285e+001
      vertex  1.716948e+001 -2.070502e+001 -4.345250e+001
    endloop
  endfacet
  facet normal -7.071068e-001 -7.071068e-001  0.000000e+000
    outer loop
      vertex  2.027636e+001 -2.381189e+001 -4.332005e+001
      vertex  1.716948e+001 -2.070502e+001 -4.345250e+001
      vertex  1.708103e+001 -2.061657e+001 -4.346432e+001
    endloop
  endfacet
  facet normal -7.071068e-001 -7.071068e-001  0.000000e+000
    outer loop
      vertex  2.027636e+001 -2.381189e+001 -4.332005e+001
      vertex  1.708103e+001 -2.061657e+001 -4.346432e+001
      vertex  2.022160e+001 -2.375713e+001 -4.350357e+001
    endloop
  endfacet
  facet normal -7.071068e-001 -7.071068e-001  0.000000e+000
    outer loop
      vertex  1.822432e+001 -2.175986e+001 -7.549854e-001
      vertex  1.878148e+001 -2.231701e+001 -1.910675e+000
      vertex  1.867820e+001 -2.221373e+001 -1.671346e+000
    endloop
  endfacet
  facet normal -7.071068e-001 -7.071068e-001  0.000000e+000
    outer loop
      vertex  1.822432e+001 -2.175986e+001 -7.549854e-001
      vertex  1.867820e+001 -2.221373e+001 -1.671346e+000
      vertex  1.857021e+001 -2.210575e+001 -1.436206e+000
    endloop
  endfacet
  facet normal -7.071068e-001 -7.071068e-001  0.000000e+000
    outer loop
      vertex  1.822432e+001 -2.175986e+001 -7.549854e-001
      vertex  1.857021e+001 -2.210575e+001 -1.436206e+000
      vertex  1.845761e+001 -2.199314e+001 -1.205439e+000
    endloop
  endfacet
  facet normal -7.071068e-001 -7.071068e-001  0.000000e+000
    outer loop
      vertex  1.822432e+001 -2.175986e+001 -7.549854e-001
      vertex  1.845761e+001 -2.199314e+001 -1.205439e+000
      vertex  1.834047e+001 -2.187600e+001 -9.792283e-001
    endloop
  endfacet
  facet normal -7.071068e-001 -7.071068e-001  0.000000e+000
    outer loop
      vertex  1.811263e+001 -2.164816e+001 -5.262638e-001
      vertex  1.906231e+001 -2.259785e+001 -2.651900e+000
      vertex  1.897361e+001 -2.250915e+001 -2.401145e+000
    endloop
  endfacet
  facet normal -7.071068e-001 -7.071068e-001  0.000000e+000
    outer loop
      vertex  1.811263e+001 -2.164816e+001 -5.262638e-001
      vertex  1.897361e+001 -2.250915e+001 -2.401145e+000
      vertex  1.887998e+001 -2.241551e+001 -2.154005e+000
    endloop
  endfacet
  facet normal -7.071068e-001 -7.071068e-001  0.000000e+000
    outer loop
      vertex  1.811263e+001 -2.164816e+001 -5.262638e-001
      vertex  1.887998e+001 -2.241551e+001 -2.154005e+000
      vertex  1.878148e+001 -2.231701e+001 -1.910675e+000
    endloop
  endfacet
  facet normal -7.071068e-001 -7.071068e-001  0.000000e+000
    outer loop
      vertex  1.811263e+001 -2.164816e+001 -5.262638e-001
      vertex  1.878148e+001 -2.231701e+001 -1.910675e+000
      vertex  1.822432e+001 -2.175986e+001 -7.549854e-001
    endloop
  endfacet
  facet normal -7.071068e-001 -7.071068e-001  0.000000e+000
    outer loop
      vertex  1.800547e+001 -2.154101e+001 -2.932402e-001
      vertex  1.922463e+001 -2.276016e+001 -3.163464e+000
      vertex  1.914601e+001 -2.268154e+001 -2.906073e+000
    endloop
  endfacet
  facet normal -7.071068e-001 -7.071068e-001  0.000000e+000
    outer loop
      vertex  1.800547e+001 -2.154101e+001 -2.932402e-001
      vertex  1.914601e+001 -2.268154e+001 -2.906073e+000
      vertex  1.906231e+001 -2.259785e+001 -2.651900e+000
    endloop
  endfacet
  facet normal -7.071068e-001 -7.071068e-001  0.000000e+000
    outer loop
      vertex  1.800547e+001 -2.154101e+001 -2.932402e-001
      vertex  1.906231e+001 -2.259785e+001 -2.651900e+000
      vertex  1.811263e+001 -2.164816e+001 -5.262638e-001
    endloop
  endfacet
  facet normal -7.071068e-001 -7.071068e-001  0.000000e+000
    outer loop
      vertex  1.790294e+001 -2.143847e+001 -5.609467e-002
      vertex  1.942947e+001 -2.296500e+001 -3.952914e+000
      vertex  1.936642e+001 -2.290195e+001 -3.687091e+000
    endloop
  endfacet
  facet normal -7.071068e-001 -7.071068e-001  0.000000e+000
    outer loop
      vertex  1.790294e+001 -2.143847e+001 -5.609467e-002
      vertex  1.936642e+001 -2.290195e+001 -3.687091e+000
      vertex  1.929812e+001 -2.283365e+001 -3.423872e+000
    endloop
  endfacet
  facet normal -7.071068e-001 -7.071068e-001  0.000000e+000
    outer loop
      vertex  1.790294e+001 -2.143847e+001 -5.609467e-002
      vertex  1.929812e+001 -2.283365e+001 -3.423872e+000
      vertex  1.922463e+001 -2.276016e+001 -3.163464e+000
    endloop
  endfacet
  facet normal -7.071067e-001 -7.071067e-001  0.000000e+000
    outer loop
      vertex  1.790294e+001 -2.143847e+001 -5.609467e-002
      vertex  1.922463e+001 -2.276016e+001 -3.163464e+000
      vertex  1.800547e+001 -2.154101e+001 -2.932402e-001
    endloop
  endfacet
  facet normal -7.071068e-001 -7.071068e-001  0.000000e+000
    outer loop
      vertex  1.780510e+001 -2.134064e+001  1.849895e-001
      vertex  1.953964e+001 -2.307518e+001 -4.491536e+000
      vertex  1.948723e+001 -2.302276e+001 -4.221133e+000
    endloop
  endfacet
  facet normal -7.071068e-001 -7.071068e-001  0.000000e+000
    outer loop
      vertex  1.780510e+001 -2.134064e+001  1.849895e-001
      vertex  1.948723e+001 -2.302276e+001 -4.221133e+000
      vertex  1.942947e+001 -2.296500e+001 -3.952914e+000
    endloop
  endfacet
  facet normal -7.071068e-001 -7.071068e-001  0.000000e+000
    outer loop
      vertex  1.780510e+001 -2.134064e+001  1.849895e-001
      vertex  1.942947e+001 -2.296500e+001 -3.952914e+000
      vertex  1.790294e+001 -2.143847e+001 -5.609467e-002
    endloop
  endfacet
  facet normal -7.071068e-001 -7.071068e-001  0.000000e+000
    outer loop
      vertex  1.771204e+001 -2.124758e+001  4.298261e-001
      vertex  1.962830e+001 -2.316383e+001 -5.038044e+000
      vertex  1.958668e+001 -2.312222e+001 -4.763911e+000
    endloop
  endfacet
  facet normal -7.071068e-001 -7.071068e-001  0.000000e+000
    outer loop
      vertex  1.771204e+001 -2.124758e+001  4.298261e-001
      vertex  1.958668e+001 -2.312222e+001 -4.763911e+000
      vertex  1.953964e+001 -2.307518e+001 -4.491536e+000
    endloop
  endfacet
  facet normal -7.071068e-001 -7.071068e-001  0.000000e+000
    outer loop
      vertex  1.771204e+001 -2.124758e+001  4.298261e-001
      vertex  1.953964e+001 -2.307518e+001 -4.491536e+000
      vertex  1.780510e+001 -2.134064e+001  1.849895e-001
    endloop
  endfacet
  facet normal -7.071068e-001 -7.071068e-001  0.000000e+000
    outer loop
      vertex  1.762383e+001 -2.115936e+001  6.782260e-001
      vertex  1.972034e+001 -2.325588e+001 -5.868830e+000
      vertex  1.969516e+001 -2.323069e+001 -5.590721e+000
    endloop
  endfacet
  facet normal -7.071068e-001 -7.071068e-001  0.000000e+000
    outer loop
      vertex  1.762383e+001 -2.115936e+001  6.782260e-001
      vertex  1.969516e+001 -2.323069e+001 -5.590721e+000
      vertex  1.966447e+001 -2.320000e+001 -5.313720e+000
    endloop
  endfacet
  facet normal -7.071068e-001 -7.071068e-001  0.000000e+000
    outer loop
      vertex  1.762383e+001 -2.115936e+001  6.782260e-001
      vertex  1.966447e+001 -2.320000e+001 -5.313720e+000
      vertex  1.962830e+001 -2.316383e+001 -5.038044e+000
    endloop
  endfacet
  facet normal -7.071068e-001 -7.071068e-001  0.000000e+000
    outer loop
      vertex  1.762383e+001 -2.115936e+001  6.782260e-001
      vertex  1.962830e+001 -2.316383e+001 -5.038044e+000
      vertex  1.771204e+001 -2.124758e+001  4.298261e-001
    endloop
  endfacet
  facet normal -7.071068e-001 -7.071068e-001  0.000000e+000
    outer loop
      vertex  1.754053e+001 -2.107607e+001  9.299971e-001
      vertex  1.975413e+001 -2.328967e+001 -6.427496e+000
      vertex  1.974001e+001 -2.327554e+001 -6.147828e+000
    endloop
  endfacet
  facet normal -7.071068e-001 -7.071068e-001  0.000000e+000
    outer loop
      vertex  1.754053e+001 -2.107607e+001  9.299971e-001
      vertex  1.974001e+001 -2.327554e+001 -6.147828e+000
      vertex  1.972034e+001 -2.325588e+001 -5.868830e+000
    endloop
  endfacet
  facet normal -7.071068e-001 -7.071068e-001  0.000000e+000
    outer loop
      vertex  1.754053e+001 -2.107607e+001  9.299971e-001
      vertex  1.972034e+001 -2.325588e+001 -5.868830e+000
      vertex  1.762383e+001 -2.115936e+001  6.782260e-001
    endloop
  endfacet
  facet normal -7.071068e-001 -7.071068e-001  0.000000e+000
    outer loop
      vertex  1.746222e+001 -2.099775e+001  1.184945e+000
      vertex  1.976318e+001 -2.329872e+001 -7.268320e+000
      vertex  1.976572e+001 -2.330126e+001 -6.987962e+000
    endloop
  endfacet
  facet normal -7.071068e-001 -7.071068e-001  0.000000e+000
    outer loop
      vertex  1.746222e+001 -2.099775e+001  1.184945e+000
      vertex  1.976572e+001 -2.330126e+001 -6.987962e+000
      vertex  1.976270e+001 -2.329824e+001 -6.707614e+000
    endloop
  endfacet
  facet normal -7.071068e-001 -7.071068e-001  0.000000e+000
    outer loop
      vertex  1.746222e+001 -2.099775e+001  1.184945e+000
      vertex  1.976270e+001 -2.329824e+001 -6.707614e+000
      vertex  1.975413e+001 -2.328967e+001 -6.427496e+000
    endloop
  endfacet
  facet normal -7.071068e-001 -7.071068e-001  0.000000e+000
    outer loop
      vertex  1.746222e+001 -2.099775e+001  1.184945e+000
      vertex  1.975413e+001 -2.328967e+001 -6.427496e+000
      vertex  1.754053e+001 -2.107607e+001  9.299971e-001
    endloop
  endfacet
  facet normal -7.071068e-001 -7.071068e-001  0.000000e+000
    outer loop
      vertex  1.738895e+001 -2.092448e+001  1.442873e+000
      vertex  1.974144e+001 -2.327697e+001 -7.828182e+000
      vertex  1.975508e+001 -2.329062e+001 -7.548466e+000
    endloop
  endfacet
  facet normal -7.071068e-001 -7.071068e-001  0.000000e+000
    outer loop
      vertex  1.738895e+001 -2.092448e+001  1.442873e+000
      vertex  1.975508e+001 -2.329062e+001 -7.548466e+000
      vertex  1.976318e+001 -2.329872e+001 -7.268320e+000
    endloop
  endfacet
  facet normal -7.071068e-001 -7.071068e-001  0.000000e+000
    outer loop
      vertex  1.738895e+001 -2.092448e+001  1.442873e+000
      vertex  1.976318e+001 -2.329872e+001 -7.268320e+000
      vertex  1.746222e+001 -2.099775e+001  1.184945e+000
    endloop
  endfacet
  facet normal -7.071068e-001 -7.071068e-001  0.000000e+000
    outer loop
      vertex  1.732077e+001 -2.085630e+001  1.703581e+000
      vertex  1.969754e+001 -2.323307e+001 -8.385440e+000
      vertex  1.972225e+001 -2.325778e+001 -8.107246e+000
    endloop
  endfacet
  facet normal -7.071068e-001 -7.071068e-001  0.000000e+000
    outer loop
      vertex  1.732077e+001 -2.085630e+001  1.703581e+000
      vertex  1.972225e+001 -2.325778e+001 -8.107246e+000
      vertex  1.974144e+001 -2.327697e+001 -7.828182e+000
    endloop
  endfacet
  facet normal -7.071068e-001 -7.071068e-001  0.000000e+000
    outer loop
      vertex  1.732077e+001 -2.085630e+001  1.703581e+000
      vertex  1.974144e+001 -2.327697e+001 -7.828182e+000
      vertex  1.738895e+001 -2.092448e+001  1.442873e+000
    endloop
  endfacet
  facet normal -7.071068e-001 -7.071068e-001  0.000000e+000
    outer loop
      vertex  1.725774e+001 -2.079328e+001  1.966868e+000
      vertex  1.959047e+001 -2.312600e+001 -9.212616e+000
      vertex  1.963162e+001 -2.316715e+001 -8.938342e+000
    endloop
  endfacet
  facet normal -7.071068e-001 -7.071068e-001  0.000000e+000
    outer loop
      vertex  1.725774e+001 -2.079328e+001  1.966868e+000
      vertex  1.963162e+001 -2.316715e+001 -8.938342e+000
      vertex  1.966732e+001 -2.320285e+001 -8.662544e+000
    endloop
  endfacet
  facet normal -7.071068e-001 -7.071068e-001  0.000000e+000
    outer loop
      vertex  1.725774e+001 -2.079328e+001  1.966868e+000
      vertex  1.966732e+001 -2.320285e+001 -8.662544e+000
      vertex  1.969754e+001 -2.323307e+001 -8.385440e+000
    endloop
  endfacet
  facet normal -7.071068e-001 -7.071068e-001  0.000000e+000
    outer loop
      vertex  1.725774e+001 -2.079328e+001  1.966868e+000
      vertex  1.969754e+001 -2.323307e+001 -8.385440e+000
      vertex  1.732077e+001 -2.085630e+001  1.703581e+000
    endloop
  endfacet
  facet normal -7.071068e-001 -7.071068e-001  0.000000e+000
    outer loop
      vertex  1.719991e+001 -2.073545e+001  2.232531e+000
      vertex  1.949194e+001 -2.302747e+001 -9.755732e+000
      vertex  1.954390e+001 -2.307943e+001 -9.485151e+000
    endloop
  endfacet
  facet normal -7.071068e-001 -7.071068e-001  0.000000e+000
    outer loop
      vertex  1.719991e+001 -2.073545e+001  2.232531e+000
      vertex  1.954390e+001 -2.307943e+001 -9.485151e+000
      vertex  1.959047e+001 -2.312600e+001 -9.212616e+000
    endloop
  endfacet
  facet normal -7.071068e-001 -7.071068e-001  0.000000e+000
    outer loop
      vertex  1.719991e+001 -2.073545e+001  2.232531e+000
      vertex  1.959047e+001 -2.312600e+001 -9.212616e+000
      vertex  1.725774e+001 -2.079328e+001  1.966868e+000
    endloop
  endfacet
  facet normal -7.071068e-001 -7.071068e-001  0.000000e+000
    outer loop
      vertex  1.714733e+001 -2.068286e+001  2.500365e+000
      vertex  1.930419e+001 -2.283972e+001 -1.055363e+001
      vertex  1.937204e+001 -2.290757e+001 -1.029018e+001
    endloop
  endfacet
  facet normal -7.071068e-001 -7.071068e-001  0.000000e+000
    outer loop
      vertex  1.714733e+001 -2.068286e+001  2.500365e+000
      vertex  1.937204e+001 -2.290757e+001 -1.029018e+001
      vertex  1.943464e+001 -2.297017e+001 -1.002415e+001
    endloop
  endfacet
  facet normal -7.071068e-001 -7.071068e-001  0.000000e+000
    outer loop
      vertex  1.714733e+001 -2.068286e+001  2.500365e+000
      vertex  1.943464e+001 -2.297017e+001 -1.002415e+001
      vertex  1.949194e+001 -2.302747e+001 -9.755732e+000
    endloop
  endfacet
  facet normal -7.071068e-001 -7.071068e-001  0.000000e+000
    outer loop
      vertex  1.714733e+001 -2.068286e+001  2.500365e+000
      vertex  1.949194e+001 -2.302747e+001 -9.755732e+000
      vertex  1.719991e+001 -2.073545e+001  2.232531e+000
    endloop
  endfacet
  facet normal -7.071068e-001 -7.071068e-001  0.000000e+000
    outer loop
      vertex  1.710003e+001 -2.063556e+001  2.770162e+000
      vertex  1.915296e+001 -2.268849e+001 -1.107195e+001
      vertex  1.923114e+001 -2.276668e+001 -1.081429e+001
    endloop
  endfacet
  facet normal -7.071068e-001 -7.071068e-001  0.000000e+000
    outer loop
      vertex  1.710003e+001 -2.063556e+001  2.770162e+000
      vertex  1.923114e+001 -2.276668e+001 -1.081429e+001
      vertex  1.930419e+001 -2.283972e+001 -1.055363e+001
    endloop
  endfacet
  facet normal -7.071068e-001 -7.071068e-001  0.000000e+000
    outer loop
      vertex  1.710003e+001 -2.063556e+001  2.770162e+000
      vertex  1.930419e+001 -2.283972e+001 -1.055363e+001
      vertex  1.714733e+001 -2.068286e+001  2.500365e+000
    endloop
  endfacet
  facet normal -7.071068e-001 -7.071068e-001  0.000000e+000
    outer loop
      vertex  1.705805e+001 -2.059358e+001  3.041713e+000
      vertex  1.888821e+001 -2.242374e+001 -1.182492e+001
      vertex  1.898143e+001 -2.251696e+001 -1.157746e+001
    endloop
  endfacet
  facet normal -7.071068e-001 -7.071068e-001  0.000000e+000
    outer loop
      vertex  1.705805e+001 -2.059358e+001  3.041713e+000
      vertex  1.898143e+001 -2.251696e+001 -1.157746e+001
      vertex  1.906970e+001 -2.260523e+001 -1.132641e+001
    endloop
  endfacet
  facet normal -7.071068e-001 -7.071068e-001  0.000000e+000
    outer loop
      vertex  1.705805e+001 -2.059358e+001  3.041713e+000
      vertex  1.906970e+001 -2.260523e+001 -1.132641e+001
      vertex  1.915296e+001 -2.268849e+001 -1.107195e+001
    endloop
  endfacet
  facet normal -7.071068e-001 -7.071068e-001  0.000000e+000
    outer loop
      vertex  1.705805e+001 -2.059358e+001  3.041713e+000
      vertex  1.915296e+001 -2.268849e+001 -1.107195e+001
      vertex  1.710003e+001 -2.063556e+001  2.770162e+000
    endloop
  endfacet
  facet normal -7.071067e-001 -7.071067e-001  0.000000e+000
    outer loop
      vertex  1.699223e+001 -2.052777e+001 -3.946827e+001
      vertex  1.783650e+001 -2.137203e+001 -1.833533e+001
      vertex  1.780876e+001 -2.134430e+001 -1.807652e+001
    endloop
  endfacet
  facet normal -7.071068e-001 -7.071068e-001  0.000000e+000
    outer loop
      vertex  1.699223e+001 -2.052777e+001 -3.946827e+001
      vertex  1.780876e+001 -2.134430e+001 -1.807652e+001
      vertex  1.778657e+001 -2.132210e+001 -1.781664e+001
    endloop
  endfacet
  facet normal -7.071068e-001 -7.071068e-001  0.000000e+000
    outer loop
      vertex  1.699223e+001 -2.052777e+001 -3.946827e+001
      vertex  1.778657e+001 -2.132210e+001 -1.781664e+001
      vertex  1.776994e+001 -2.130547e+001 -1.755593e+001
    endloop
  endfacet
  facet normal -7.071068e-001 -7.071068e-001  0.000000e+000
    outer loop
      vertex  1.699223e+001 -2.052777e+001 -3.946827e+001
      vertex  1.776994e+001 -2.130547e+001 -1.755593e+001
      vertex  1.775888e+001 -2.129441e+001 -1.729462e+001
    endloop
  endfacet
  facet normal -7.071068e-001 -7.071068e-001  0.000000e+000
    outer loop
      vertex  1.783650e+001 -2.137203e+001 -1.833533e+001
      vertex  1.699223e+001 -2.052777e+001 -3.946827e+001
      vertex  1.708103e+001 -2.061657e+001 -3.947222e+001
    endloop
  endfacet
  facet normal -7.071068e-001 -7.071068e-001  0.000000e+000
    outer loop
      vertex  1.783650e+001 -2.137203e+001 -1.833533e+001
      vertex  1.708103e+001 -2.061657e+001 -3.947222e+001
      vertex  1.716948e+001 -2.070502e+001 -3.948404e+001
    endloop
  endfacet
  facet normal -7.071068e-001 -7.071068e-001  0.000000e+000
    outer loop
      vertex  1.783650e+001 -2.137203e+001 -1.833533e+001
      vertex  1.716948e+001 -2.070502e+001 -3.948404e+001
      vertex  1.725723e+001 -2.079276e+001 -3.950370e+001
    endloop
  endfacet
  facet normal -7.071068e-001 -7.071068e-001  0.000000e+000
    outer loop
      vertex  1.783650e+001 -2.137203e+001 -1.833533e+001
      vertex  1.725723e+001 -2.079276e+001 -3.950370e+001
      vertex  1.734394e+001 -2.087947e+001 -3.953111e+001
    endloop
  endfacet
  facet normal -7.071068e-001 -7.071068e-001  0.000000e+000
    outer loop
      vertex  1.783650e+001 -2.137203e+001 -1.833533e+001
      vertex  1.734394e+001 -2.087947e+001 -3.953111e+001
      vertex  1.742925e+001 -2.096478e+001 -3.956616e+001
    endloop
  endfacet
  facet normal -7.071068e-001 -7.071068e-001  0.000000e+000
    outer loop
      vertex  1.783650e+001 -2.137203e+001 -1.833533e+001
      vertex  1.742925e+001 -2.096478e+001 -3.956616e+001
      vertex  1.751284e+001 -2.104837e+001 -3.960872e+001
    endloop
  endfacet
  facet normal -7.071068e-001 -7.071068e-001  0.000000e+000
    outer loop
      vertex  1.783650e+001 -2.137203e+001 -1.833533e+001
      vertex  1.751284e+001 -2.104837e+001 -3.960872e+001
      vertex  1.759438e+001 -2.112991e+001 -3.965862e+001
    endloop
  endfacet
  facet normal -7.071068e-001 -7.071068e-001  0.000000e+000
    outer loop
      vertex  1.783650e+001 -2.137203e+001 -1.833533e+001
      vertex  1.759438e+001 -2.112991e+001 -3.965862e+001
      vertex  1.767354e+001 -2.120907e+001 -3.971566e+001
    endloop
  endfacet
  facet normal -7.071068e-001 -7.071068e-001  0.000000e+000
    outer loop
      vertex  1.783650e+001 -2.137203e+001 -1.833533e+001
      vertex  1.767354e+001 -2.120907e+001 -3.971566e+001
      vertex  1.775001e+001 -2.128554e+001 -3.977962e+001
    endloop
  endfacet
  facet normal -7.071068e-001 -7.071068e-001  0.000000e+000
    outer loop
      vertex  1.783650e+001 -2.137203e+001 -1.833533e+001
      vertex  1.775001e+001 -2.128554e+001 -3.977962e+001
      vertex  1.782349e+001 -2.135902e+001 -3.985024e+001
    endloop
  endfacet
  facet normal -7.071067e-001 -7.071067e-001  0.000000e+000
    outer loop
      vertex  1.783650e+001 -2.137203e+001 -1.833533e+001
      vertex  1.782349e+001 -2.135902e+001 -3.985024e+001
      vertex  1.789369e+001 -2.142922e+001 -3.992725e+001
    endloop
  endfacet
  facet normal -7.071068e-001 -7.071068e-001  0.000000e+000
    outer loop
      vertex  1.783650e+001 -2.137203e+001 -1.833533e+001
      vertex  1.789369e+001 -2.142922e+001 -3.992725e+001
      vertex  1.796033e+001 -2.149586e+001 -4.001033e+001
    endloop
  endfacet
  facet normal -7.071068e-001 -7.071068e-001  0.000000e+000
    outer loop
      vertex  1.783650e+001 -2.137203e+001 -1.833533e+001
      vertex  1.796033e+001 -2.149586e+001 -4.001033e+001
      vertex  1.802315e+001 -2.155869e+001 -4.009918e+001
    endloop
  endfacet
  facet normal -7.071068e-001 -7.071068e-001  0.000000e+000
    outer loop
      vertex  1.783650e+001 -2.137203e+001 -1.833533e+001
      vertex  1.802315e+001 -2.155869e+001 -4.009918e+001
      vertex  1.808190e+001 -2.161744e+001 -4.019342e+001
    endloop
  endfacet
  facet normal -7.071068e-001 -7.071068e-001  0.000000e+000
    outer loop
      vertex  1.783650e+001 -2.137203e+001 -1.833533e+001
      vertex  1.808190e+001 -2.161744e+001 -4.019342e+001
      vertex  1.813636e+001 -2.167189e+001 -4.029270e+001
    endloop
  endfacet
  facet normal -7.071068e-001 -7.071068e-001  0.000000e+000
    outer loop
      vertex  1.783650e+001 -2.137203e+001 -1.833533e+001
      vertex  1.813636e+001 -2.167189e+001 -4.029270e+001
      vertex  1.818629e+001 -2.172183e+001 -4.039662e+001
    endloop
  endfacet
  facet normal -7.071068e-001 -7.071068e-001  0.000000e+000
    outer loop
      vertex  1.783650e+001 -2.137203e+001 -1.833533e+001
      vertex  1.818629e+001 -2.172183e+001 -4.039662e+001
      vertex  1.823152e+001 -2.176705e+001 -4.050476e+001
    endloop
  endfacet
  facet normal -7.071068e-001 -7.071068e-001  0.000000e+000
    outer loop
      vertex  1.783650e+001 -2.137203e+001 -1.833533e+001
      vertex  1.823152e+001 -2.176705e+001 -4.050476e+001
      vertex  1.827185e+001 -2.180739e+001 -4.061671e+001
    endloop
  endfacet
  facet normal -7.071068e-001 -7.071068e-001  0.000000e+000
    outer loop
      vertex  1.783650e+001 -2.137203e+001 -1.833533e+001
      vertex  1.827185e+001 -2.180739e+001 -4.061671e+001
      vertex  1.830714e+001 -2.184267e+001 -4.073202e+001
    endloop
  endfacet
  facet normal -7.071068e-001 -7.071068e-001  0.000000e+000
    outer loop
      vertex  1.783650e+001 -2.137203e+001 -1.833533e+001
      vertex  1.830714e+001 -2.184267e+001 -4.073202e+001
      vertex  1.833723e+001 -2.187276e+001 -4.085024e+001
    endloop
  endfacet
  facet normal -7.071068e-001 -7.071068e-001  0.000000e+000
    outer loop
      vertex  1.783650e+001 -2.137203e+001 -1.833533e+001
      vertex  1.833723e+001 -2.187276e+001 -4.085024e+001
      vertex  1.836202e+001 -2.189755e+001 -4.097089e+001
    endloop
  endfacet
  facet normal -7.071068e-001 -7.071068e-001  0.000000e+000
    outer loop
      vertex  1.609078e+001 -1.962631e+001 -3.992725e+001
      vertex  1.609409e+001 -1.962963e+001 -8.373939e+000
      vertex  1.602414e+001 -1.955967e+001 -4.001033e+001
    endloop
  endfacet
  facet normal -7.071068e-001 -7.071068e-001  0.000000e+000
    outer loop
      vertex  1.602414e+001 -1.955967e+001 -4.001033e+001
      vertex  1.609409e+001 -1.962963e+001 -8.373939e+000
      vertex  1.605278e+001 -1.958832e+001 -8.563983e+000
    endloop
  endfacet
  facet normal -7.071014e-001 -7.071121e-001 -9.763294e-009
    outer loop
      vertex  1.602414e+001 -1.955967e+001 -4.001033e+001
      vertex  1.605278e+001 -1.958832e+001 -8.563983e+000
      vertex  1.596132e+001 -1.949685e+001 -4.009918e+001
    endloop
  endfacet
  facet normal -7.071069e-001 -7.071067e-001  2.152763e-008
    outer loop
      vertex  1.596132e+001 -1.949685e+001 -4.009918e+001
      vertex  1.605278e+001 -1.958832e+001 -8.563983e+000
      vertex  1.600616e+001 -1.954169e+001 -8.751554e+000
    endloop
  endfacet
  facet normal -7.071126e-001 -7.071010e-001  3.798835e-008
    outer loop
      vertex  1.596132e+001 -1.949685e+001 -4.009918e+001
      vertex  1.600616e+001 -1.954169e+001 -8.751554e+000
      vertex  1.590256e+001 -1.943810e+001 -4.019342e+001
    endloop
  endfacet
  facet normal -7.071068e-001 -7.071068e-001  0.000000e+000
    outer loop
      vertex  1.590256e+001 -1.943810e+001 -4.019342e+001
      vertex  1.600616e+001 -1.954169e+001 -8.751554e+000
      vertex  1.595430e+001 -1.948984e+001 -8.936356e+000
    endloop
  endfacet
  facet normal -7.071067e-001 -7.071067e-001  0.000000e+000
    outer loop
      vertex  1.590256e+001 -1.943810e+001 -4.019342e+001
      vertex  1.595430e+001 -1.948984e+001 -8.936356e+000
      vertex  1.584811e+001 -1.938364e+001 -4.029270e+001
    endloop
  endfacet
  facet normal -7.071127e-001 -7.071008e-001  4.040513e-008
    outer loop
      vertex  1.584811e+001 -1.938364e+001 -4.029270e+001
      vertex  1.595430e+001 -1.948984e+001 -8.936356e+000
      vertex  1.589729e+001 -1.943282e+001 -9.118095e+000
    endloop
  endfacet
  facet normal -7.071068e-001 -7.071068e-001  2.185763e-008
    outer loop
      vertex  1.584811e+001 -1.938364e+001 -4.029270e+001
      vertex  1.589729e+001 -1.943282e+001 -9.118095e+000
      vertex  1.579817e+001 -1.933371e+001 -4.039662e+001
    endloop
  endfacet
  facet normal -7.071068e-001 -7.071067e-001  2.182048e-008
    outer loop
      vertex  1.579817e+001 -1.933371e+001 -4.039662e+001
      vertex  1.589729e+001 -1.943282e+001 -9.118095e+000
      vertex  1.583521e+001 -1.937075e+001 -9.296487e+000
    endloop
  endfacet
  facet normal -7.071068e-001 -7.071067e-001  2.171667e-008
    outer loop
      vertex  1.579817e+001 -1.933371e+001 -4.039662e+001
      vertex  1.583521e+001 -1.937075e+001 -9.296487e+000
      vertex  1.575295e+001 -1.928848e+001 -4.050476e+001
    endloop
  endfacet
  facet normal -7.071018e-001 -7.071118e-001 -4.912418e-009
    outer loop
      vertex  1.575295e+001 -1.928848e+001 -4.050476e+001
      vertex  1.583521e+001 -1.937075e+001 -9.296487e+000
      vertex  1.576817e+001 -1.930371e+001 -9.471246e+000
    endloop
  endfacet
  facet normal -7.071151e-001 -7.070984e-001  8.198821e-009
    outer loop
      vertex  1.575295e+001 -1.928848e+001 -4.050476e+001
      vertex  1.576817e+001 -1.930371e+001 -9.471246e+000
      vertex  1.571262e+001 -1.924815e+001 -4.061671e+001
    endloop
  endfacet
  facet normal -7.071067e-001 -7.071068e-001 -2.174320e-008
    outer loop
      vertex  1.571262e+001 -1.924815e+001 -4.061671e+001
      vertex  1.576817e+001 -1.930371e+001 -9.471246e+000
      vertex  1.569627e+001 -1.923180e+001 -9.642097e+000
    endloop
  endfacet
  facet normal -7.071068e-001 -7.071068e-001 -2.173004e-008
    outer loop
      vertex  1.571262e+001 -1.924815e+001 -4.061671e+001
      vertex  1.569627e+001 -1.923180e+001 -9.642097e+000
      vertex  1.567733e+001 -1.921286e+001 -4.073202e+001
    endloop
  endfacet
  facet normal -7.071112e-001 -7.071024e-001 -1.636101e-008
    outer loop
      vertex  1.567733e+001 -1.921286e+001 -4.073202e+001
      vertex  1.569627e+001 -1.923180e+001 -9.642097e+000
      vertex  1.561962e+001 -1.915516e+001 -9.808772e+000
    endloop
  endfacet
  facet normal -7.071068e-001 -7.071068e-001  0.000000e+000
    outer loop
      vertex  1.567733e+001 -1.921286e+001 -4.073202e+001
      vertex  1.561962e+001 -1.915516e+001 -9.808772e+000
      vertex  1.564724e+001 -1.918277e+001 -4.085024e+001
    endloop
  endfacet
  facet normal -7.071068e-001 -7.071068e-001  0.000000e+000
    outer loop
      vertex  1.775888e+001 -2.129441e+001 -1.729462e+001
      vertex  1.775341e+001 -2.128894e+001 -1.703297e+001
      vertex  1.699223e+001 -2.052777e+001 -3.946827e+001
    endloop
  endfacet
  facet normal -7.071068e-001 -7.071068e-001  0.000000e+000
    outer loop
      vertex  1.699223e+001 -2.052777e+001 -3.946827e+001
      vertex  1.775341e+001 -2.128894e+001 -1.703297e+001
      vertex  1.702142e+001 -2.055696e+001  3.314810e+000
    endloop
  endfacet
  facet normal -7.071068e-001 -7.071068e-001  0.000000e+000
    outer loop
      vertex  1.699223e+001 -2.052777e+001 -3.946827e+001
      vertex  1.702142e+001 -2.055696e+001  3.314810e+000
      vertex  1.621902e+001 -1.975455e+001 -7.397251e+000
    endloop
  endfacet
  facet normal -7.071068e-001 -7.071068e-001  0.000000e+000
    outer loop
      vertex  1.621902e+001 -1.975455e+001 -7.397251e+000
      vertex  1.702142e+001 -2.055696e+001  3.314810e+000
      vertex  1.699018e+001 -2.052571e+001  3.589242e+000
    endloop
  endfacet
  facet normal -7.071068e-001 -7.071068e-001  0.000000e+000
    outer loop
      vertex  1.065080e+001 -1.418633e+001 -1.107986e+001
      vertex  6.206146e+000 -9.741680e+000 -1.097472e+001
      vertex  1.076711e+001 -1.430264e+001 -1.119155e+001
    endloop
  endfacet
  facet normal -7.071068e-001 -7.071068e-001 -1.171875e-006
    outer loop
      vertex  1.076711e+001 -1.430264e+001 -1.119155e+001
      vertex  6.206146e+000 -9.741680e+000 -1.097472e+001
      vertex  6.287662e+000 -9.823195e+000 -1.123093e+001
    endloop
  endfacet
  facet normal -7.071068e-001 -7.071067e-001  0.000000e+000
    outer loop
      vertex  1.076711e+001 -1.430264e+001 -1.119155e+001
      vertex  6.287662e+000 -9.823195e+000 -1.123093e+001
      vertex  1.088646e+001 -1.442200e+001 -1.129661e+001
    endloop
  endfacet
  facet normal -7.071068e-001 -7.071068e-001  0.000000e+000
    outer loop
      vertex  1.042805e+001 -1.396359e+001 -1.083731e+001
      vertex  6.129752e+000 -9.665286e+000 -1.071537e+001
      vertex  1.053772e+001 -1.407325e+001 -1.096172e+001
    endloop
  endfacet
  facet normal -7.071068e-001 -7.071068e-001  0.000000e+000
    outer loop
      vertex  1.053772e+001 -1.407325e+001 -1.096172e+001
      vertex  6.129752e+000 -9.665286e+000 -1.071537e+001
      vertex  6.206146e+000 -9.741680e+000 -1.097472e+001
    endloop
  endfacet
  facet normal -7.071068e-001 -7.071068e-001  0.000000e+000
    outer loop
      vertex  1.053772e+001 -1.407325e+001 -1.096172e+001
      vertex  6.206146e+000 -9.741680e+000 -1.097472e+001
      vertex  1.065080e+001 -1.418633e+001 -1.107986e+001
    endloop
  endfacet
  facet normal -7.071067e-001 -7.071067e-001  0.000000e+000
    outer loop
      vertex  1.021964e+001 -1.375517e+001 -1.057051e+001
      vertex  6.058540e+000 -9.594074e+000 -1.045309e+001
      vertex  1.032197e+001 -1.385750e+001 -1.070684e+001
    endloop
  endfacet
  facet normal -7.071068e-001 -7.071068e-001  0.000000e+000
    outer loop
      vertex  1.032197e+001 -1.385750e+001 -1.070684e+001
      vertex  6.058540e+000 -9.594074e+000 -1.045309e+001
      vertex  6.129752e+000 -9.665286e+000 -1.071537e+001
    endloop
  endfacet
  facet normal -7.071068e-001 -7.071068e-001  0.000000e+000
    outer loop
      vertex  1.032197e+001 -1.385750e+001 -1.070684e+001
      vertex  6.129752e+000 -9.665286e+000 -1.071537e+001
      vertex  1.042805e+001 -1.396359e+001 -1.083731e+001
    endloop
  endfacet
  facet normal -7.071068e-001 -7.071068e-001  0.000000e+000
    outer loop
      vertex  1.002687e+001 -1.356241e+001 -1.028113e+001
      vertex  5.992566e+000 -9.528100e+000 -1.018808e+001
      vertex  1.012122e+001 -1.365675e+001 -1.042853e+001
    endloop
  endfacet
  facet normal -7.071068e-001 -7.071068e-001  0.000000e+000
    outer loop
      vertex  1.012122e+001 -1.365675e+001 -1.042853e+001
      vertex  5.992566e+000 -9.528100e+000 -1.018808e+001
      vertex  6.058540e+000 -9.594074e+000 -1.045309e+001
    endloop
  endfacet
  facet normal -7.071068e-001 -7.071068e-001  0.000000e+000
    outer loop
      vertex  1.012122e+001 -1.365675e+001 -1.042853e+001
      vertex  6.058540e+000 -9.594074e+000 -1.045309e+001
      vertex  1.021964e+001 -1.375517e+001 -1.057051e+001
    endloop
  endfacet
  facet normal -7.071068e-001 -7.071068e-001 -1.273836e-006
    outer loop
      vertex  5.992566e+000 -9.528100e+000 -1.018808e+001
      vertex  9.936741e+000 -1.347227e+001 -1.012854e+001
      vertex  5.931882e+000 -9.467417e+000 -9.920560e+000
    endloop
  endfacet
  facet normal -7.071067e-001 -7.071068e-001  0.000000e+000
    outer loop
      vertex  5.931882e+000 -9.467417e+000 -9.920560e+000
      vertex  9.936741e+000 -1.347227e+001 -1.012854e+001
      vertex  9.850972e+000 -1.338651e+001 -9.971005e+000
    endloop
  endfacet
  facet normal -7.071067e-001 -7.071069e-001  2.557533e-006
    outer loop
      vertex  5.931882e+000 -9.467417e+000 -9.920560e+000
      vertex  9.850972e+000 -1.338651e+001 -9.971005e+000
      vertex  5.876537e+000 -9.412070e+000 -9.650732e+000
    endloop
  endfacet
  facet normal -7.071068e-001 -7.071068e-001  0.000000e+000
    outer loop
      vertex  5.876537e+000 -9.412070e+000 -9.650732e+000
      vertex  9.850972e+000 -1.338651e+001 -9.971005e+000
      vertex  9.769699e+000 -1.330523e+001 -9.808772e+000
    endloop
  endfacet
  facet normal -7.071069e-001 -7.071068e-001 -3.309384e-008
    outer loop
      vertex  5.876537e+000 -9.412070e+000 -9.650732e+000
      vertex  9.769699e+000 -1.330523e+001 -9.808772e+000
      vertex  9.693051e+000 -1.322859e+001 -9.642097e+000
    endloop
  endfacet
  facet normal -7.071068e-001 -7.071068e-001  0.000000e+000
    outer loop
      vertex  5.876537e+000 -9.412070e+000 -9.650732e+000
      vertex  9.693051e+000 -1.322859e+001 -9.642097e+000
      vertex  5.826573e+000 -9.362106e+000 -9.378812e+000
    endloop
  endfacet
  facet normal -7.071068e-001 -7.071067e-001  0.000000e+000
    outer loop
      vertex  5.826573e+000 -9.362106e+000 -9.378812e+000
      vertex  9.693051e+000 -1.322859e+001 -9.642097e+000
      vertex  9.621149e+000 -1.315668e+001 -9.471246e+000
    endloop
  endfacet
  facet normal -7.071068e-001 -7.071067e-001 -3.207820e-008
    outer loop
      vertex  5.826573e+000 -9.362106e+000 -9.378812e+000
      vertex  9.621149e+000 -1.315668e+001 -9.471246e+000
      vertex  9.554107e+000 -1.308964e+001 -9.296487e+000
    endloop
  endfacet
  facet normal -7.071068e-001 -7.071068e-001 -1.316757e-006
    outer loop
      vertex  5.826573e+000 -9.362106e+000 -9.378812e+000
      vertex  9.554107e+000 -1.308964e+001 -9.296487e+000
      vertex  5.782030e+000 -9.317564e+000 -9.105014e+000
    endloop
  endfacet
  facet normal -7.071068e-001 -7.071068e-001  0.000000e+000
    outer loop
      vertex  5.782030e+000 -9.317564e+000 -9.105014e+000
      vertex  9.554107e+000 -1.308964e+001 -9.296487e+000
      vertex  9.492031e+000 -1.302757e+001 -9.118095e+000
    endloop
  endfacet
  facet normal -7.071068e-001 -7.071068e-001  0.000000e+000
    outer loop
      vertex  5.782030e+000 -9.317564e+000 -9.105014e+000
      vertex  9.492031e+000 -1.302757e+001 -9.118095e+000
      vertex  5.742944e+000 -9.278478e+000 -8.829555e+000
    endloop
  endfacet
  facet normal -7.071068e-001 -7.071068e-001  0.000000e+000
    outer loop
      vertex  5.742944e+000 -9.278478e+000 -8.829555e+000
      vertex  9.492031e+000 -1.302757e+001 -9.118095e+000
      vertex  9.435019e+000 -1.297055e+001 -8.936356e+000
    endloop
  endfacet
  facet normal -7.071068e-001 -7.071068e-001  0.000000e+000
    outer loop
      vertex  5.742944e+000 -9.278478e+000 -8.829555e+000
      vertex  9.435019e+000 -1.297055e+001 -8.936356e+000
      vertex  9.383161e+000 -1.291869e+001 -8.751554e+000
    endloop
  endfacet
  facet normal -7.071068e-001 -7.071068e-001 -1.334542e-006
    outer loop
      vertex  5.742944e+000 -9.278478e+000 -8.829555e+000
      vertex  9.383161e+000 -1.291869e+001 -8.751554e+000
      vertex  5.709344e+000 -9.244879e+000 -8.552651e+000
    endloop
  endfacet
  facet normal -7.071068e-001 -7.071068e-001  0.000000e+000
    outer loop
      vertex  5.709344e+000 -9.244879e+000 -8.552651e+000
      vertex  9.383161e+000 -1.291869e+001 -8.751554e+000
      vertex  9.336539e+000 -1.287207e+001 -8.563983e+000
    endloop
  endfacet
  facet normal -7.071067e-001 -7.071069e-001  1.337316e-006
    outer loop
      vertex  5.709344e+000 -9.244879e+000 -8.552651e+000
      vertex  9.336539e+000 -1.287207e+001 -8.563983e+000
      vertex  5.681259e+000 -9.216793e+000 -8.274522e+000
    endloop
  endfacet
  facet normal -7.071068e-001 -7.071068e-001  0.000000e+000
    outer loop
      vertex  5.681259e+000 -9.216793e+000 -8.274522e+000
      vertex  9.336539e+000 -1.287207e+001 -8.563983e+000
      vertex  9.295227e+000 -1.283076e+001 -8.373939e+000
    endloop
  endfacet
  facet normal -7.071068e-001 -7.071068e-001  0.000000e+000
    outer loop
      vertex  5.681259e+000 -9.216793e+000 -8.274522e+000
      vertex  9.295227e+000 -1.283076e+001 -8.373939e+000
      vertex  9.259291e+000 -1.279482e+001 -8.181723e+000
    endloop
  endfacet
  facet normal -7.071068e-001 -7.071068e-001  0.000000e+000
    outer loop
      vertex  5.681259e+000 -9.216793e+000 -8.274522e+000
      vertex  9.259291e+000 -1.279482e+001 -8.181723e+000
      vertex  5.658710e+000 -9.194243e+000 -7.995387e+000
    endloop
  endfacet
  facet normal -7.071068e-001 -7.071068e-001  0.000000e+000
    outer loop
      vertex  5.658710e+000 -9.194243e+000 -7.995387e+000
      vertex  9.259291e+000 -1.279482e+001 -8.181723e+000
      vertex  9.228786e+000 -1.276432e+001 -7.987637e+000
    endloop
  endfacet
  facet normal -7.071068e-001 -7.071068e-001 -6.747064e-007
    outer loop
      vertex  5.658710e+000 -9.194243e+000 -7.995387e+000
      vertex  9.228786e+000 -1.276432e+001 -7.987637e+000
      vertex  5.641714e+000 -9.177248e+000 -7.715466e+000
    endloop
  endfacet
  facet normal -7.071066e-001 -7.071068e-001  0.000000e+000
    outer loop
      vertex  5.641714e+000 -9.177248e+000 -7.715466e+000
      vertex  9.228786e+000 -1.276432e+001 -7.987637e+000
      vertex  9.203761e+000 -1.273930e+001 -7.791990e+000
    endloop
  endfacet
  facet normal -7.071066e-001 -7.071068e-001  1.351095e-006
    outer loop
      vertex  5.641714e+000 -9.177248e+000 -7.715466e+000
      vertex  9.203761e+000 -1.273930e+001 -7.791990e+000
      vertex  5.630285e+000 -9.165819e+000 -7.434981e+000
    endloop
  endfacet
  facet normal -7.071068e-001 -7.071068e-001  0.000000e+000
    outer loop
      vertex  5.630285e+000 -9.165819e+000 -7.434981e+000
      vertex  9.203761e+000 -1.273930e+001 -7.791990e+000
      vertex  9.184257e+000 -1.271979e+001 -7.595091e+000
    endloop
  endfacet
  facet normal -7.071068e-001 -7.071068e-001  0.000000e+000
    outer loop
      vertex  5.630285e+000 -9.165819e+000 -7.434981e+000
      vertex  9.184257e+000 -1.271979e+001 -7.595091e+000
      vertex  9.170302e+000 -1.270584e+001 -7.397251e+000
    endloop
  endfacet
  facet normal -7.071068e-001 -7.071068e-001  0.000000e+000
    outer loop
      vertex  5.630285e+000 -9.165819e+000 -7.434981e+000
      vertex  9.170302e+000 -1.270584e+001 -7.397251e+000
      vertex  5.624433e+000 -9.159966e+000 -7.154152e+000
    endloop
  endfacet
  facet normal -7.071068e-001 -7.071068e-001  0.000000e+000
    outer loop
      vertex  5.624433e+000 -9.159966e+000 -7.154152e+000
      vertex  9.170302e+000 -1.270584e+001 -7.397251e+000
      vertex  9.161922e+000 -1.269746e+001 -7.198782e+000
    endloop
  endfacet
  facet normal -7.071068e-001 -7.071068e-001  0.000000e+000
    outer loop
      vertex  5.624433e+000 -9.159966e+000 -7.154152e+000
      vertex  9.161922e+000 -1.269746e+001 -7.198782e+000
      vertex  5.624161e+000 -9.159695e+000 -6.873201e+000
    endloop
  endfacet
  facet normal -7.071068e-001 -7.071068e-001  0.000000e+000
    outer loop
      vertex  5.624161e+000 -9.159695e+000 -6.873201e+000
      vertex  9.161922e+000 -1.269746e+001 -7.198782e+000
      vertex  9.159126e+000 -1.269466e+001 -7.000000e+000
    endloop
  endfacet
  facet normal -7.071068e-001 -7.071068e-001  0.000000e+000
    outer loop
      vertex  5.624161e+000 -9.159695e+000 -6.873201e+000
      vertex  9.159126e+000 -1.269466e+001 -7.000000e+000
      vertex  9.161922e+000 -1.269746e+001 -6.801218e+000
    endloop
  endfacet
  facet normal -7.071068e-001 -7.071068e-001  6.789670e-007
    outer loop
      vertex  5.624161e+000 -9.159695e+000 -6.873201e+000
      vertex  9.161922e+000 -1.269746e+001 -6.801218e+000
      vertex  5.629470e+000 -9.165004e+000 -6.592351e+000
    endloop
  endfacet
  facet normal -7.071068e-001 -7.071068e-001  0.000000e+000
    outer loop
      vertex  5.629470e+000 -9.165004e+000 -6.592351e+000
      vertex  9.161922e+000 -1.269746e+001 -6.801218e+000
      vertex  9.170302e+000 -1.270584e+001 -6.602749e+000
    endloop
  endfacet
  facet normal -7.071069e-001 -7.071068e-001 -1.357633e-006
    outer loop
      vertex  5.629470e+000 -9.165004e+000 -6.592351e+000
      vertex  9.170302e+000 -1.270584e+001 -6.602749e+000
      vertex  5.640356e+000 -9.175890e+000 -6.311822e+000
    endloop
  endfacet
  facet normal -7.071068e-001 -7.071068e-001  0.000000e+000
    outer loop
      vertex  5.640356e+000 -9.175890e+000 -6.311822e+000
      vertex  9.170302e+000 -1.270584e+001 -6.602749e+000
      vertex  9.184257e+000 -1.271979e+001 -6.404909e+000
    endloop
  endfacet
  facet normal -7.071067e-001 -7.071067e-001  0.000000e+000
    outer loop
      vertex  5.640356e+000 -9.175890e+000 -6.311822e+000
      vertex  9.184257e+000 -1.271979e+001 -6.404909e+000
      vertex  5.656811e+000 -9.192345e+000 -6.031837e+000
    endloop
  endfacet
  facet normal -7.071068e-001 -7.071068e-001  0.000000e+000
    outer loop
      vertex  5.656811e+000 -9.192345e+000 -6.031837e+000
      vertex  9.184257e+000 -1.271979e+001 -6.404909e+000
      vertex  9.203761e+000 -1.273930e+001 -6.208010e+000
    endloop
  endfacet
  facet normal -7.071068e-001 -7.071068e-001  0.000000e+000
    outer loop
      vertex  5.656811e+000 -9.192345e+000 -6.031837e+000
      vertex  9.203761e+000 -1.273930e+001 -6.208010e+000
      vertex  9.228786e+000 -1.276432e+001 -6.012363e+000
    endloop
  endfacet
  facet normal -7.071068e-001 -7.071068e-001  1.352836e-006
    outer loop
      vertex  5.656811e+000 -9.192345e+000 -6.031837e+000
      vertex  9.228786e+000 -1.276432e+001 -6.012363e+000
      vertex  5.678820e+000 -9.214354e+000 -5.752615e+000
    endloop
  endfacet
  facet normal -7.071069e-001 -7.071068e-001  0.000000e+000
    outer loop
      vertex  5.678820e+000 -9.214354e+000 -5.752615e+000
      vertex  9.228786e+000 -1.276432e+001 -6.012363e+000
      vertex  9.259291e+000 -1.279482e+001 -5.818278e+000
    endloop
  endfacet
  facet normal -7.071069e-001 -7.071068e-001 -1.351364e-006
    outer loop
      vertex  5.678820e+000 -9.214354e+000 -5.752615e+000
      vertex  9.259291e+000 -1.279482e+001 -5.818278e+000
      vertex  5.706367e+000 -9.241901e+000 -5.474379e+000
    endloop
  endfacet
  facet normal -7.071068e-001 -7.071068e-001  0.000000e+000
    outer loop
      vertex  5.706367e+000 -9.241901e+000 -5.474379e+000
      vertex  9.259291e+000 -1.279482e+001 -5.818278e+000
      vertex  9.295227e+000 -1.283076e+001 -5.626061e+000
    endloop
  endfacet
  facet normal -7.071068e-001 -7.071068e-001  0.000000e+000
    outer loop
      vertex  5.706367e+000 -9.241901e+000 -5.474379e+000
      vertex  9.295227e+000 -1.283076e+001 -5.626061e+000
      vertex  9.336539e+000 -1.287207e+001 -5.436017e+000
    endloop
  endfacet
  facet normal -7.071068e-001 -7.071067e-001  6.713909e-007
    outer loop
      vertex  5.706367e+000 -9.241901e+000 -5.474379e+000
      vertex  9.336539e+000 -1.287207e+001 -5.436017e+000
      vertex  5.739431e+000 -9.274964e+000 -5.197346e+000
    endloop
  endfacet
  facet normal -7.071068e-001 -7.071068e-001  0.000000e+000
    outer loop
      vertex  5.739431e+000 -9.274964e+000 -5.197346e+000
      vertex  9.336539e+000 -1.287207e+001 -5.436017e+000
      vertex  9.383161e+000 -1.291869e+001 -5.248446e+000
    endloop
  endfacet
  facet normal -7.071068e-001 -7.071068e-001  0.000000e+000
    outer loop
      vertex  5.739431e+000 -9.274964e+000 -5.197346e+000
      vertex  9.383161e+000 -1.291869e+001 -5.248446e+000
      vertex  5.777984e+000 -9.313518e+000 -4.921737e+000
    endloop
  endfacet
  facet normal -7.071068e-001 -7.071068e-001  0.000000e+000
    outer loop
      vertex  5.777984e+000 -9.313518e+000 -4.921737e+000
      vertex  9.383161e+000 -1.291869e+001 -5.248446e+000
      vertex  9.435019e+000 -1.297055e+001 -5.063644e+000
    endloop
  endfacet
  facet normal -7.071068e-001 -7.071068e-001  3.132573e-008
    outer loop
      vertex  5.777984e+000 -9.313518e+000 -4.921737e+000
      vertex  9.435019e+000 -1.297055e+001 -5.063644e+000
      vertex  9.492031e+000 -1.302757e+001 -4.881904e+000
    endloop
  endfacet
  facet normal -7.071068e-001 -7.071067e-001  0.000000e+000
    outer loop
      vertex  5.777984e+000 -9.313518e+000 -4.921737e+000
      vertex  9.492031e+000 -1.302757e+001 -4.881904e+000
      vertex  5.821997e+000 -9.357531e+000 -4.647768e+000
    endloop
  endfacet
  facet normal -7.071068e-001 -7.071067e-001  0.000000e+000
    outer loop
      vertex  5.821997e+000 -9.357531e+000 -4.647768e+000
      vertex  9.492031e+000 -1.302757e+001 -4.881904e+000
      vertex  9.554107e+000 -1.308964e+001 -4.703514e+000
    endloop
  endfacet
  facet normal -7.071069e-001 -7.071067e-001 -1.986674e-006
    outer loop
      vertex  5.821997e+000 -9.357531e+000 -4.647768e+000
      vertex  9.554107e+000 -1.308964e+001 -4.703514e+000
      vertex  5.871435e+000 -9.406969e+000 -4.375655e+000
    endloop
  endfacet
  facet normal -7.071067e-001 -7.071068e-001  0.000000e+000
    outer loop
      vertex  5.871435e+000 -9.406969e+000 -4.375655e+000
      vertex  9.554107e+000 -1.308964e+001 -4.703514e+000
      vertex  9.621149e+000 -1.315668e+001 -4.528754e+000
    endloop
  endfacet
  facet normal -7.071067e-001 -7.071068e-001 -3.233831e-008
    outer loop
      vertex  5.871435e+000 -9.406969e+000 -4.375655e+000
      vertex  9.621149e+000 -1.315668e+001 -4.528754e+000
      vertex  9.693051e+000 -1.322859e+001 -4.357902e+000
    endloop
  endfacet
  facet normal -7.071068e-001 -7.071068e-001  2.616243e-006
    outer loop
      vertex  5.871435e+000 -9.406969e+000 -4.375655e+000
      vertex  9.693051e+000 -1.322859e+001 -4.357902e+000
      vertex  5.926259e+000 -9.461792e+000 -4.105614e+000
    endloop
  endfacet
  facet normal -7.071068e-001 -7.071066e-001  0.000000e+000
    outer loop
      vertex  5.926259e+000 -9.461792e+000 -4.105614e+000
      vertex  9.693051e+000 -1.322859e+001 -4.357902e+000
      vertex  9.769699e+000 -1.330523e+001 -4.191228e+000
    endloop
  endfacet
  facet normal -7.071068e-001 -7.071067e-001  3.342386e-008
    outer loop
      vertex  5.926259e+000 -9.461792e+000 -4.105614e+000
      vertex  9.769699e+000 -1.330523e+001 -4.191228e+000
      vertex  9.850972e+000 -1.338651e+001 -4.028995e+000
    endloop
  endfacet
  facet normal -7.071068e-001 -7.071066e-001 -1.289070e-006
    outer loop
      vertex  5.926259e+000 -9.461792e+000 -4.105614e+000
      vertex  9.850972e+000 -1.338651e+001 -4.028995e+000
      vertex  5.986424e+000 -9.521958e+000 -3.837858e+000
    endloop
  endfacet
  facet normal -7.071068e-001 -7.071068e-001  0.000000e+000
    outer loop
      vertex  5.986424e+000 -9.521958e+000 -3.837858e+000
      vertex  9.850972e+000 -1.338651e+001 -4.028995e+000
      vertex  9.936741e+000 -1.347227e+001 -3.871460e+000
    endloop
  endfacet
  facet normal -7.071068e-001 -7.071068e-001  0.000000e+000
    outer loop
      vertex  5.986424e+000 -9.521958e+000 -3.837858e+000
      vertex  9.936741e+000 -1.347227e+001 -3.871460e+000
      vertex  6.051886e+000 -9.587420e+000 -3.572597e+000
    endloop
  endfacet
  facet normal -7.071068e-001 -7.071068e-001  0.000000e+000
    outer loop
      vertex  6.051886e+000 -9.587420e+000 -3.572597e+000
      vertex  9.936741e+000 -1.347227e+001 -3.871460e+000
      vertex  1.002687e+001 -1.356241e+001 -3.718871e+000
    endloop
  endfacet
  facet normal -7.071068e-001 -7.071068e-001  0.000000e+000
    outer loop
      vertex  6.051886e+000 -9.587420e+000 -3.572597e+000
      vertex  1.002687e+001 -1.356241e+001 -3.718871e+000
      vertex  1.012122e+001 -1.365675e+001 -3.571471e+000
    endloop
  endfacet
  facet normal -7.071068e-001 -7.071068e-001  0.000000e+000
    outer loop
      vertex  6.051886e+000 -9.587420e+000 -3.572597e+000
      vertex  1.012122e+001 -1.365675e+001 -3.571471e+000
      vertex  6.122590e+000 -9.658124e+000 -3.310042e+000
    endloop
  endfacet
  facet normal -7.071068e-001 -7.071068e-001  0.000000e+000
    outer loop
      vertex  6.122590e+000 -9.658124e+000 -3.310042e+000
      vertex  1.012122e+001 -1.365675e+001 -3.571471e+000
      vertex  1.021964e+001 -1.375517e+001 -3.429492e+000
    endloop
  endfacet
  facet normal -7.071068e-001 -7.071068e-001  0.000000e+000
    outer loop
      vertex  6.122590e+000 -9.658124e+000 -3.310042e+000
      vertex  1.021964e+001 -1.375517e+001 -3.429492e+000
      vertex  1.032197e+001 -1.385750e+001 -3.293159e+000
    endloop
  endfacet
  facet normal -7.071068e-001 -7.071068e-001 -1.238412e-006
    outer loop
      vertex  6.122590e+000 -9.658124e+000 -3.310042e+000
      vertex  1.032197e+001 -1.385750e+001 -3.293159e+000
      vertex  6.198482e+000 -9.734016e+000 -3.050400e+000
    endloop
  endfacet
  facet normal -7.071068e-001 -7.071068e-001  0.000000e+000
    outer loop
      vertex  6.198482e+000 -9.734016e+000 -3.050400e+000
      vertex  1.032197e+001 -1.385750e+001 -3.293159e+000
      vertex  1.042805e+001 -1.396359e+001 -3.162687e+000
    endloop
  endfacet
  facet normal -7.071067e-001 -7.071069e-001 -7.826839e-008
    outer loop
      vertex  6.198482e+000 -9.734016e+000 -3.050400e+000
      vertex  1.042805e+001 -1.396359e+001 -3.162687e+000
      vertex  1.053772e+001 -1.407325e+001 -3.038282e+000
    endloop
  endfacet
  facet normal -7.071068e-001 -7.071066e-001  0.000000e+000
    outer loop
      vertex  1.584811e+001 -1.938364e+001 -4.264384e+001
      vertex  1.353615e+001 -1.707169e+001 -4.252232e+001
      vertex  1.590256e+001 -1.943810e+001 -4.274312e+001
    endloop
  endfacet
  facet normal -7.071069e-001 -7.071066e-001  0.000000e+000
    outer loop
      vertex  1.590256e+001 -1.943810e+001 -4.274312e+001
      vertex  1.353615e+001 -1.707169e+001 -4.252232e+001
      vertex  1.356858e+001 -1.710411e+001 -4.271616e+001
    endloop
  endfacet
  facet normal -7.071068e-001 -7.071066e-001  7.719763e-006
    outer loop
      vertex  1.590256e+001 -1.943810e+001 -4.274312e+001
      vertex  1.356858e+001 -1.710411e+001 -4.271616e+001
      vertex  1.596132e+001 -1.949685e+001 -4.283736e+001
    endloop
  endfacet
  facet normal -7.071067e-001 -7.071067e-001  0.000000e+000
    outer loop
      vertex  2.037016e+001 -2.390569e+001 -4.294449e+001
      vertex  1.782349e+001 -2.135902e+001 -4.308630e+001
      vertex  2.032590e+001 -2.386144e+001 -4.313359e+001
    endloop
  endfacet
  facet normal -7.071068e-001 -7.071068e-001  0.000000e+000
    outer loop
      vertex  2.032590e+001 -2.386144e+001 -4.313359e+001
      vertex  1.782349e+001 -2.135902e+001 -4.308630e+001
      vertex  1.775001e+001 -2.128554e+001 -4.315693e+001
    endloop
  endfacet
  facet normal -7.071068e-001 -7.071068e-001  0.000000e+000
    outer loop
      vertex  2.032590e+001 -2.386144e+001 -4.313359e+001
      vertex  1.775001e+001 -2.128554e+001 -4.315693e+001
      vertex  1.767354e+001 -2.120907e+001 -4.322089e+001
    endloop
  endfacet
  facet normal -7.071068e-001 -7.071068e-001  0.000000e+000
    outer loop
      vertex  2.040906e+001 -2.394459e+001 -4.275304e+001
      vertex  1.802315e+001 -2.155869e+001 -4.283736e+001
      vertex  2.037016e+001 -2.390569e+001 -4.294449e+001
    endloop
  endfacet
  facet normal -7.071068e-001 -7.071068e-001  0.000000e+000
    outer loop
      vertex  2.037016e+001 -2.390569e+001 -4.294449e+001
      vertex  1.802315e+001 -2.155869e+001 -4.283736e+001
      vertex  1.796033e+001 -2.149586e+001 -4.292621e+001
    endloop
  endfacet
  facet normal -7.071068e-001 -7.071068e-001  0.000000e+000
    outer loop
      vertex  2.037016e+001 -2.390569e+001 -4.294449e+001
      vertex  1.796033e+001 -2.149586e+001 -4.292621e+001
      vertex  1.789369e+001 -2.142922e+001 -4.300930e+001
    endloop
  endfacet
  facet normal -7.071068e-001 -7.071068e-001  0.000000e+000
    outer loop
      vertex  2.044253e+001 -2.397806e+001 -4.255956e+001
      vertex  1.813636e+001 -2.167189e+001 -4.264384e+001
      vertex  2.040906e+001 -2.394459e+001 -4.275304e+001
    endloop
  endfacet
  facet normal -7.071068e-001 -7.071068e-001  0.000000e+000
    outer loop
      vertex  2.040906e+001 -2.394459e+001 -4.275304e+001
      vertex  1.813636e+001 -2.167189e+001 -4.264384e+001
      vertex  1.808190e+001 -2.161744e+001 -4.274312e+001
    endloop
  endfacet
  facet normal -7.071068e-001 -7.071068e-001  0.000000e+000
    outer loop
      vertex  2.040906e+001 -2.394459e+001 -4.275304e+001
      vertex  1.808190e+001 -2.161744e+001 -4.274312e+001
      vertex  1.802315e+001 -2.155869e+001 -4.283736e+001
    endloop
  endfacet
  facet normal -7.071068e-001 -7.071068e-001  0.000000e+000
    outer loop
      vertex  2.047053e+001 -2.400606e+001 -4.236435e+001
      vertex  1.823152e+001 -2.176705e+001 -4.243178e+001
      vertex  2.044253e+001 -2.397806e+001 -4.255956e+001
    endloop
  endfacet
  facet normal -7.071068e-001 -7.071068e-001  0.000000e+000
    outer loop
      vertex  2.044253e+001 -2.397806e+001 -4.255956e+001
      vertex  1.823152e+001 -2.176705e+001 -4.243178e+001
      vertex  1.818629e+001 -2.172183e+001 -4.253992e+001
    endloop
  endfacet
  facet normal -7.071068e-001 -7.071068e-001  0.000000e+000
    outer loop
      vertex  2.044253e+001 -2.397806e+001 -4.255956e+001
      vertex  1.818629e+001 -2.172183e+001 -4.253992e+001
      vertex  1.813636e+001 -2.167189e+001 -4.264384e+001
    endloop
  endfacet
  facet normal -7.071068e-001 -7.071068e-001  0.000000e+000
    outer loop
      vertex  1.827185e+001 -2.180739e+001 -4.231983e+001
      vertex  2.047053e+001 -2.400606e+001 -4.236435e+001
      vertex  1.830714e+001 -2.184267e+001 -4.220452e+001
    endloop
  endfacet
  facet normal -7.071068e-001 -7.071068e-001  0.000000e+000
    outer loop
      vertex  1.830714e+001 -2.184267e+001 -4.220452e+001
      vertex  2.047053e+001 -2.400606e+001 -4.236435e+001
      vertex  2.049300e+001 -2.402854e+001 -4.216771e+001
    endloop
  endfacet
  facet normal -7.071068e-001 -7.071068e-001  0.000000e+000
    outer loop
      vertex  1.830714e+001 -2.184267e+001 -4.220452e+001
      vertex  2.049300e+001 -2.402854e+001 -4.216771e+001
      vertex  1.833723e+001 -2.187276e+001 -4.208630e+001
    endloop
  endfacet
  facet normal -7.071068e-001 -7.071068e-001  0.000000e+000
    outer loop
      vertex  1.833723e+001 -2.187276e+001 -4.208630e+001
      vertex  2.049300e+001 -2.402854e+001 -4.216771e+001
      vertex  2.050993e+001 -2.404546e+001 -4.196996e+001
    endloop
  endfacet
  facet normal -7.071068e-001 -7.071068e-001  0.000000e+000
    outer loop
      vertex  1.833723e+001 -2.187276e+001 -4.208630e+001
      vertex  2.050993e+001 -2.404546e+001 -4.196996e+001
      vertex  1.836202e+001 -2.189755e+001 -4.196565e+001
    endloop
  endfacet
  facet normal -7.071068e-001 -7.071068e-001  0.000000e+000
    outer loop
      vertex  1.836202e+001 -2.189755e+001 -4.196565e+001
      vertex  2.050993e+001 -2.404546e+001 -4.196996e+001
      vertex  1.838140e+001 -2.191693e+001 -4.184303e+001
    endloop
  endfacet
  facet normal -7.071068e-001 -7.071068e-001  0.000000e+000
    outer loop
      vertex  1.838140e+001 -2.191693e+001 -4.184303e+001
      vertex  2.050993e+001 -2.404546e+001 -4.196996e+001
      vertex  2.052126e+001 -2.405680e+001 -4.177142e+001
    endloop
  endfacet
  facet normal -7.071068e-001 -7.071068e-001  0.000000e+000
    outer loop
      vertex  1.838140e+001 -2.191693e+001 -4.184303e+001
      vertex  2.052126e+001 -2.405680e+001 -4.177142e+001
      vertex  1.839530e+001 -2.193083e+001 -4.171894e+001
    endloop
  endfacet
  facet normal -7.071068e-001 -7.071068e-001  0.000000e+000
    outer loop
      vertex  1.839530e+001 -2.193083e+001 -4.171894e+001
      vertex  2.052126e+001 -2.405680e+001 -4.177142e+001
      vertex  1.840366e+001 -2.193919e+001 -4.159385e+001
    endloop
  endfacet
  facet normal -7.071068e-001 -7.071068e-001  0.000000e+000
    outer loop
      vertex  1.840366e+001 -2.193919e+001 -4.159385e+001
      vertex  2.052126e+001 -2.405680e+001 -4.177142e+001
      vertex  2.052700e+001 -2.406253e+001 -4.157240e+001
    endloop
  endfacet
  facet normal -7.071068e-001 -7.071068e-001  0.000000e+000
    outer loop
      vertex  1.840366e+001 -2.193919e+001 -4.159385e+001
      vertex  2.052700e+001 -2.406253e+001 -4.157240e+001
      vertex  1.840645e+001 -2.194198e+001 -4.146827e+001
    endloop
  endfacet
  facet normal -7.071068e-001 -7.071068e-001  0.000000e+000
    outer loop
      vertex  1.840645e+001 -2.194198e+001 -4.146827e+001
      vertex  2.052700e+001 -2.406253e+001 -4.157240e+001
      vertex  2.052713e+001 -2.406266e+001 -4.137320e+001
    endloop
  endfacet
  facet normal -7.071068e-001 -7.071068e-001  0.000000e+000
    outer loop
      vertex  1.840645e+001 -2.194198e+001 -4.146827e+001
      vertex  2.052713e+001 -2.406266e+001 -4.137320e+001
      vertex  1.840366e+001 -2.193919e+001 -4.134269e+001
    endloop
  endfacet
  facet normal -7.071068e-001 -7.071068e-001  0.000000e+000
    outer loop
      vertex  1.839530e+001 -2.193083e+001 -4.121761e+001
      vertex  1.840366e+001 -2.193919e+001 -4.134269e+001
      vertex  2.052165e+001 -2.405718e+001 -4.117417e+001
    endloop
  endfacet
  facet normal -7.071068e-001 -7.071068e-001  0.000000e+000
    outer loop
      vertex  2.052165e+001 -2.405718e+001 -4.117417e+001
      vertex  1.840366e+001 -2.193919e+001 -4.134269e+001
      vertex  2.052713e+001 -2.406266e+001 -4.137320e+001
    endloop
  endfacet
  facet normal -6.940482e-001  6.940482e-001 -1.912956e-001
    outer loop
      vertex  1.350921e+001 -1.704474e+001 -4.232681e+001
      vertex  1.704474e+001 -1.350921e+001 -4.232681e+001
      vertex  1.353615e+001 -1.707169e+001 -4.252232e+001
    endloop
  endfacet
  facet normal -6.940482e-001  6.940482e-001 -1.912956e-001
    outer loop
      vertex  1.353615e+001 -1.707169e+001 -4.252232e+001
      vertex  1.704474e+001 -1.350921e+001 -4.232681e+001
      vertex  1.707169e+001 -1.353615e+001 -4.252232e+001
    endloop
  endfacet
  facet normal -6.881102e-001  6.881102e-001 -2.302362e-001
    outer loop
      vertex  1.353615e+001 -1.707169e+001 -4.252232e+001
      vertex  1.707169e+001 -1.353615e+001 -4.252232e+001
      vertex  1.356858e+001 -1.710411e+001 -4.271616e+001
    endloop
  endfacet
  facet normal -6.881102e-001  6.881102e-001 -2.302362e-001
    outer loop
      vertex  1.356858e+001 -1.710411e+001 -4.271616e+001
      vertex  1.707169e+001 -1.353615e+001 -4.252232e+001
      vertex  1.710411e+001 -1.356858e+001 -4.271616e+001
    endloop
  endfacet
  facet normal -6.810789e-001  6.810789e-001 -2.688180e-001
    outer loop
      vertex  1.356858e+001 -1.710411e+001 -4.271616e+001
      vertex  1.710411e+001 -1.356858e+001 -4.271616e+001
      vertex  1.360644e+001 -1.714198e+001 -4.290801e+001
    endloop
  endfacet
  facet normal -6.810789e-001  6.810789e-001 -2.688179e-001
    outer loop
      vertex  1.360644e+001 -1.714198e+001 -4.290801e+001
      vertex  1.710411e+001 -1.356858e+001 -4.271616e+001
      vertex  1.714198e+001 -1.360644e+001 -4.290801e+001
    endloop
  endfacet
  facet normal -6.729686e-001  6.729686e-001 -3.069634e-001
    outer loop
      vertex  1.360644e+001 -1.714198e+001 -4.290801e+001
      vertex  1.714198e+001 -1.360644e+001 -4.290801e+001
      vertex  1.364968e+001 -1.718521e+001 -4.309759e+001
    endloop
  endfacet
  facet normal -6.729686e-001  6.729686e-001 -3.069634e-001
    outer loop
      vertex  1.364968e+001 -1.718521e+001 -4.309759e+001
      vertex  1.714198e+001 -1.360644e+001 -4.290801e+001
      vertex  1.718521e+001 -1.364968e+001 -4.309759e+001
    endloop
  endfacet
  facet normal -6.637875e-001  6.637875e-001 -3.446336e-001
    outer loop
      vertex  1.364968e+001 -1.718521e+001 -4.309759e+001
      vertex  1.718521e+001 -1.364968e+001 -4.309759e+001
      vertex  1.369822e+001 -1.723375e+001 -4.328457e+001
    endloop
  endfacet
  facet normal -6.637875e-001  6.637875e-001 -3.446337e-001
    outer loop
      vertex  1.369822e+001 -1.723375e+001 -4.328457e+001
      vertex  1.718521e+001 -1.364968e+001 -4.309759e+001
      vertex  1.723375e+001 -1.369822e+001 -4.328457e+001
    endloop
  endfacet
  facet normal -6.535546e-001  6.535546e-001 -3.817495e-001
    outer loop
      vertex  1.369822e+001 -1.723375e+001 -4.328457e+001
      vertex  1.723375e+001 -1.369822e+001 -4.328457e+001
      vertex  1.375199e+001 -1.728752e+001 -4.346868e+001
    endloop
  endfacet
  facet normal -6.535544e-001  6.535544e-001 -3.817502e-001
    outer loop
      vertex  1.375199e+001 -1.728752e+001 -4.346868e+001
      vertex  1.723375e+001 -1.369822e+001 -4.328457e+001
      vertex  1.728752e+001 -1.375199e+001 -4.346868e+001
    endloop
  endfacet
  facet normal -6.422861e-001  6.422861e-001 -4.182548e-001
    outer loop
      vertex  1.375199e+001 -1.728752e+001 -4.346868e+001
      vertex  1.728752e+001 -1.375199e+001 -4.346868e+001
      vertex  1.381090e+001 -1.734643e+001 -4.364961e+001
    endloop
  endfacet
  facet normal -6.422861e-001  6.422861e-001 -4.182549e-001
    outer loop
      vertex  1.381090e+001 -1.734643e+001 -4.364961e+001
      vertex  1.728752e+001 -1.375199e+001 -4.346868e+001
      vertex  1.734643e+001 -1.381090e+001 -4.364961e+001
    endloop
  endfacet
  facet normal -6.299959e-001  6.299959e-001 -4.541039e-001
    outer loop
      vertex  1.381090e+001 -1.734643e+001 -4.364961e+001
      vertex  1.734643e+001 -1.381090e+001 -4.364961e+001
      vertex  1.387486e+001 -1.741039e+001 -4.382708e+001
    endloop
  endfacet
  facet normal -6.299959e-001  6.299959e-001 -4.541040e-001
    outer loop
      vertex  1.387486e+001 -1.741039e+001 -4.382708e+001
      vertex  1.734643e+001 -1.381090e+001 -4.364961e+001
      vertex  1.741039e+001 -1.387486e+001 -4.382708e+001
    endloop
  endfacet
  facet normal -6.167066e-001  6.167066e-001 -4.892301e-001
    outer loop
      vertex  1.387486e+001 -1.741039e+001 -4.382708e+001
      vertex  1.741039e+001 -1.387486e+001 -4.382708e+001
      vertex  1.394377e+001 -1.747930e+001 -4.400080e+001
    endloop
  endfacet
  facet normal -6.167060e-001  6.167060e-001 -4.892313e-001
    outer loop
      vertex  1.394377e+001 -1.747930e+001 -4.400080e+001
      vertex  1.741039e+001 -1.387486e+001 -4.382708e+001
      vertex  1.747930e+001 -1.394377e+001 -4.400080e+001
    endloop
  endfacet
  facet normal -6.024392e-001  6.024392e-001 -5.235782e-001
    outer loop
      vertex  1.394377e+001 -1.747930e+001 -4.400080e+001
      vertex  1.747930e+001 -1.394377e+001 -4.400080e+001
      vertex  1.401751e+001 -1.755305e+001 -4.417051e+001
    endloop
  endfacet
  facet normal -6.024390e-001  6.024390e-001 -5.235784e-001
    outer loop
      vertex  1.401751e+001 -1.755305e+001 -4.417051e+001
      vertex  1.747930e+001 -1.394377e+001 -4.400080e+001
      vertex  1.755305e+001 -1.401751e+001 -4.417051e+001
    endloop
  endfacet
  facet normal -5.872122e-001  5.872122e-001 -5.571028e-001
    outer loop
      vertex  1.401751e+001 -1.755305e+001 -4.417051e+001
      vertex  1.755305e+001 -1.401751e+001 -4.417051e+001
      vertex  1.409598e+001 -1.763151e+001 -4.433592e+001
    endloop
  endfacet
  facet normal -5.872123e-001  5.872123e-001 -5.571026e-001
    outer loop
      vertex  1.409598e+001 -1.763151e+001 -4.433592e+001
      vertex  1.755305e+001 -1.401751e+001 -4.417051e+001
      vertex  1.763151e+001 -1.409598e+001 -4.433592e+001
    endloop
  endfacet
  facet normal -5.710585e-001  5.710585e-001 -5.897326e-001
    outer loop
      vertex  1.409598e+001 -1.763151e+001 -4.433592e+001
      vertex  1.763151e+001 -1.409598e+001 -4.433592e+001
      vertex  1.417904e+001 -1.771458e+001 -4.449679e+001
    endloop
  endfacet
  facet normal -5.710585e-001  5.710585e-001 -5.897326e-001
    outer loop
      vertex  1.417904e+001 -1.771458e+001 -4.449679e+001
      vertex  1.763151e+001 -1.409598e+001 -4.433592e+001
      vertex  1.771458e+001 -1.417904e+001 -4.449679e+001
    endloop
  endfacet
  facet normal -5.539975e-001  5.539975e-001 -6.214285e-001
    outer loop
      vertex  1.417904e+001 -1.771458e+001 -4.449679e+001
      vertex  1.771458e+001 -1.417904e+001 -4.449679e+001
      vertex  1.426657e+001 -1.780210e+001 -4.465285e+001
    endloop
  endfacet
  facet normal -5.539974e-001  5.539974e-001 -6.214287e-001
    outer loop
      vertex  1.426657e+001 -1.780210e+001 -4.465285e+001
      vertex  1.771458e+001 -1.417904e+001 -4.449679e+001
      vertex  1.780210e+001 -1.426657e+001 -4.465285e+001
    endloop
  endfacet
  facet normal -5.360539e-001  5.360539e-001 -6.521445e-001
    outer loop
      vertex  1.426657e+001 -1.780210e+001 -4.465285e+001
      vertex  1.780210e+001 -1.426657e+001 -4.465285e+001
      vertex  1.435842e+001 -1.789396e+001 -4.480385e+001
    endloop
  endfacet
  facet normal -5.360540e-001  5.360540e-001 -6.521444e-001
    outer loop
      vertex  1.435842e+001 -1.789396e+001 -4.480385e+001
      vertex  1.780210e+001 -1.426657e+001 -4.465285e+001
      vertex  1.789396e+001 -1.435842e+001 -4.480385e+001
    endloop
  endfacet
  facet normal -5.172598e-001  5.172598e-001 -6.818244e-001
    outer loop
      vertex  1.435842e+001 -1.789396e+001 -4.480385e+001
      vertex  1.789396e+001 -1.435842e+001 -4.480385e+001
      vertex  1.445446e+001 -1.798999e+001 -4.494956e+001
    endloop
  endfacet
  facet normal -5.172598e-001  5.172598e-001 -6.818245e-001
    outer loop
      vertex  1.445446e+001 -1.798999e+001 -4.494956e+001
      vertex  1.789396e+001 -1.435842e+001 -4.480385e+001
      vertex  1.798999e+001 -1.445446e+001 -4.494956e+001
    endloop
  endfacet
  facet normal -4.976493e-001  4.976493e-001 -7.104156e-001
    outer loop
      vertex  1.445446e+001 -1.798999e+001 -4.494956e+001
      vertex  1.798999e+001 -1.445446e+001 -4.494956e+001
      vertex  1.455452e+001 -1.809005e+001 -4.508975e+001
    endloop
  endfacet
  facet normal -4.976494e-001  4.976494e-001 -7.104155e-001
    outer loop
      vertex  1.455452e+001 -1.809005e+001 -4.508975e+001
      vertex  1.798999e+001 -1.445446e+001 -4.494956e+001
      vertex  1.809005e+001 -1.455452e+001 -4.508975e+001
    endloop
  endfacet
  facet normal -4.772410e-001  4.772410e-001 -7.378903e-001
    outer loop
      vertex  1.455452e+001 -1.809005e+001 -4.508975e+001
      vertex  1.809005e+001 -1.455452e+001 -4.508975e+001
      vertex  1.465845e+001 -1.819398e+001 -4.522419e+001
    endloop
  endfacet
  facet normal -4.772407e-001  4.772407e-001 -7.378905e-001
    outer loop
      vertex  1.465845e+001 -1.819398e+001 -4.522419e+001
      vertex  1.809005e+001 -1.455452e+001 -4.508975e+001
      vertex  1.819398e+001 -1.465845e+001 -4.522419e+001
    endloop
  endfacet
  facet normal -4.560880e-001  4.560880e-001 -7.641776e-001
    outer loop
      vertex  1.465845e+001 -1.819398e+001 -4.522419e+001
      vertex  1.819398e+001 -1.465845e+001 -4.522419e+001
      vertex  1.476608e+001 -1.830162e+001 -4.535266e+001
    endloop
  endfacet
  facet normal -4.560880e-001  4.560880e-001 -7.641776e-001
    outer loop
      vertex  1.476608e+001 -1.830162e+001 -4.535266e+001
      vertex  1.819398e+001 -1.465845e+001 -4.522419e+001
      vertex  1.830162e+001 -1.476608e+001 -4.535266e+001
    endloop
  endfacet
  facet normal -4.341962e-001  4.341962e-001 -7.892702e-001
    outer loop
      vertex  1.476608e+001 -1.830162e+001 -4.535266e+001
      vertex  1.830162e+001 -1.476608e+001 -4.535266e+001
      vertex  1.487725e+001 -1.841278e+001 -4.547498e+001
    endloop
  endfacet
  facet normal -4.341961e-001  4.341961e-001 -7.892702e-001
    outer loop
      vertex  1.487725e+001 -1.841278e+001 -4.547498e+001
      vertex  1.830162e+001 -1.476608e+001 -4.535266e+001
      vertex  1.841278e+001 -1.487725e+001 -4.547498e+001
    endloop
  endfacet
  facet normal -4.116278e-001  4.116278e-001 -8.130961e-001
    outer loop
      vertex  1.487725e+001 -1.841278e+001 -4.547498e+001
      vertex  1.841278e+001 -1.487725e+001 -4.547498e+001
      vertex  1.499177e+001 -1.852731e+001 -4.559093e+001
    endloop
  endfacet
  facet normal -4.116279e-001  4.116279e-001 -8.130960e-001
    outer loop
      vertex  1.499177e+001 -1.852731e+001 -4.559093e+001
      vertex  1.841278e+001 -1.487725e+001 -4.547498e+001
      vertex  1.852731e+001 -1.499177e+001 -4.559093e+001
    endloop
  endfacet
  facet normal -3.883968e-001  3.883968e-001 -8.356410e-001
    outer loop
      vertex  1.499177e+001 -1.852731e+001 -4.559093e+001
      vertex  1.852731e+001 -1.499177e+001 -4.559093e+001
      vertex  1.510947e+001 -1.864500e+001 -4.570034e+001
    endloop
  endfacet
  facet normal -3.883972e-001  3.883972e-001 -8.356405e-001
    outer loop
      vertex  1.510947e+001 -1.864500e+001 -4.570034e+001
      vertex  1.852731e+001 -1.499177e+001 -4.559093e+001
      vertex  1.864500e+001 -1.510947e+001 -4.570034e+001
    endloop
  endfacet
  facet normal -3.645578e-001  3.645578e-001 -8.568518e-001
    outer loop
      vertex  1.510947e+001 -1.864500e+001 -4.570034e+001
      vertex  1.864500e+001 -1.510947e+001 -4.570034e+001
      vertex  1.523016e+001 -1.876569e+001 -4.580304e+001
    endloop
  endfacet
  facet normal -3.645579e-001  3.645579e-001 -8.568518e-001
    outer loop
      vertex  1.523016e+001 -1.876569e+001 -4.580304e+001
      vertex  1.864500e+001 -1.510947e+001 -4.570034e+001
      vertex  1.876569e+001 -1.523016e+001 -4.580304e+001
    endloop
  endfacet
  facet normal -3.401312e-001  3.401312e-001 -8.767105e-001
    outer loop
      vertex  1.523016e+001 -1.876569e+001 -4.580304e+001
      vertex  1.876569e+001 -1.523016e+001 -4.580304e+001
      vertex  1.535364e+001 -1.888918e+001 -4.589885e+001
    endloop
  endfacet
  facet normal -3.401310e-001  3.401310e-001 -8.767108e-001
    outer loop
      vertex  1.535364e+001 -1.888918e+001 -4.589885e+001
      vertex  1.876569e+001 -1.523016e+001 -4.580304e+001
      vertex  1.888918e+001 -1.535364e+001 -4.589885e+001
    endloop
  endfacet
  facet normal -3.151733e-001  3.151733e-001 -8.951713e-001
    outer loop
      vertex  1.535364e+001 -1.888918e+001 -4.589885e+001
      vertex  1.888918e+001 -1.535364e+001 -4.589885e+001
      vertex  1.547972e+001 -1.901526e+001 -4.598763e+001
    endloop
  endfacet
  facet normal -3.151733e-001  3.151733e-001 -8.951713e-001
    outer loop
      vertex  1.547972e+001 -1.901526e+001 -4.598763e+001
      vertex  1.888918e+001 -1.535364e+001 -4.589885e+001
      vertex  1.901526e+001 -1.547972e+001 -4.598763e+001
    endloop
  endfacet
  facet normal -2.897144e-001  2.897144e-001 -9.122122e-001
    outer loop
      vertex  1.547972e+001 -1.901526e+001 -4.598763e+001
      vertex  1.901526e+001 -1.547972e+001 -4.598763e+001
      vertex  1.560821e+001 -1.914374e+001 -4.606924e+001
    endloop
  endfacet
  facet normal -2.897143e-001  2.897143e-001 -9.122123e-001
    outer loop
      vertex  1.560821e+001 -1.914374e+001 -4.606924e+001
      vertex  1.901526e+001 -1.547972e+001 -4.598763e+001
      vertex  1.914374e+001 -1.560821e+001 -4.606924e+001
    endloop
  endfacet
  facet normal -2.637935e-001  2.637935e-001 -9.278070e-001
    outer loop
      vertex  1.560821e+001 -1.914374e+001 -4.606924e+001
      vertex  1.914374e+001 -1.560821e+001 -4.606924e+001
      vertex  1.573889e+001 -1.927442e+001 -4.614355e+001
    endloop
  endfacet
  facet normal -2.637936e-001  2.637936e-001 -9.278069e-001
    outer loop
      vertex  1.573889e+001 -1.927442e+001 -4.614355e+001
      vertex  1.914374e+001 -1.560821e+001 -4.606924e+001
      vertex  1.927442e+001 -1.573889e+001 -4.614355e+001
    endloop
  endfacet
  facet normal -2.374440e-001  2.374440e-001 -9.419346e-001
    outer loop
      vertex  1.573889e+001 -1.927442e+001 -4.614355e+001
      vertex  1.927442e+001 -1.573889e+001 -4.614355e+001
      vertex  1.587156e+001 -1.940709e+001 -4.621044e+001
    endloop
  endfacet
  facet normal -2.374440e-001  2.374440e-001 -9.419346e-001
    outer loop
      vertex  1.587156e+001 -1.940709e+001 -4.621044e+001
      vertex  1.927442e+001 -1.573889e+001 -4.614355e+001
      vertex  1.940709e+001 -1.587156e+001 -4.621044e+001
    endloop
  endfacet
  facet normal -2.107386e-001  2.107386e-001 -9.545567e-001
    outer loop
      vertex  1.587156e+001 -1.940709e+001 -4.621044e+001
      vertex  1.940709e+001 -1.587156e+001 -4.621044e+001
      vertex  1.600601e+001 -1.954154e+001 -4.626981e+001
    endloop
  endfacet
  facet normal -2.107386e-001  2.107386e-001 -9.545567e-001
    outer loop
      vertex  1.600601e+001 -1.954154e+001 -4.626981e+001
      vertex  1.940709e+001 -1.587156e+001 -4.621044e+001
      vertex  1.954154e+001 -1.600601e+001 -4.626981e+001
    endloop
  endfacet
  facet normal -1.836797e-001  1.836797e-001 -9.656726e-001
    outer loop
      vertex  1.600601e+001 -1.954154e+001 -4.626981e+001
      vertex  1.954154e+001 -1.600601e+001 -4.626981e+001
      vertex  1.614202e+001 -1.967756e+001 -4.632155e+001
    endloop
  endfacet
  facet normal -1.836797e-001  1.836797e-001 -9.656726e-001
    outer loop
      vertex  1.614202e+001 -1.967756e+001 -4.632155e+001
      vertex  1.954154e+001 -1.600601e+001 -4.626981e+001
      vertex  1.967756e+001 -1.614202e+001 -4.632155e+001
    endloop
  endfacet
  facet normal -1.563290e-001  1.563290e-001 -9.752551e-001
    outer loop
      vertex  1.614202e+001 -1.967756e+001 -4.632155e+001
      vertex  1.967756e+001 -1.614202e+001 -4.632155e+001
      vertex  1.627938e+001 -1.981492e+001 -4.636559e+001
    endloop
  endfacet
  facet normal -1.563290e-001  1.563290e-001 -9.752551e-001
    outer loop
      vertex  1.627938e+001 -1.981492e+001 -4.636559e+001
      vertex  1.967756e+001 -1.614202e+001 -4.632155e+001
      vertex  1.981492e+001 -1.627938e+001 -4.636559e+001
    endloop
  endfacet
  facet normal -1.287553e-001  1.287553e-001 -9.832823e-001
    outer loop
      vertex  1.627938e+001 -1.981492e+001 -4.636559e+001
      vertex  1.981492e+001 -1.627938e+001 -4.636559e+001
      vertex  1.641788e+001 -1.995341e+001 -4.640186e+001
    endloop
  endfacet
  facet normal -1.287553e-001  1.287553e-001 -9.832823e-001
    outer loop
      vertex  1.641788e+001 -1.995341e+001 -4.640186e+001
      vertex  1.981492e+001 -1.627938e+001 -4.636559e+001
      vertex  1.995341e+001 -1.641788e+001 -4.640186e+001
    endloop
  endfacet
  facet normal -1.009408e-001  1.009408e-001 -9.897585e-001
    outer loop
      vertex  1.641788e+001 -1.995341e+001 -4.640186e+001
      vertex  1.995341e+001 -1.641788e+001 -4.640186e+001
      vertex  1.655728e+001 -2.009282e+001 -4.643029e+001
    endloop
  endfacet
  facet normal -1.009408e-001  1.009408e-001 -9.897585e-001
    outer loop
      vertex  1.655728e+001 -2.009282e+001 -4.643029e+001
      vertex  1.995341e+001 -1.641788e+001 -4.640186e+001
      vertex  2.009282e+001 -1.655728e+001 -4.643029e+001
    endloop
  endfacet
  facet normal -7.300463e-002  7.300463e-002 -9.946560e-001
    outer loop
      vertex  1.655728e+001 -2.009282e+001 -4.643029e+001
      vertex  2.009282e+001 -1.655728e+001 -4.643029e+001
      vertex  1.669738e+001 -2.023291e+001 -4.645086e+001
    endloop
  endfacet
  facet normal -7.300463e-002  7.300463e-002 -9.946560e-001
    outer loop
      vertex  1.669738e+001 -2.023291e+001 -4.645086e+001
      vertex  2.009282e+001 -1.655728e+001 -4.643029e+001
      vertex  2.023291e+001 -1.669738e+001 -4.645086e+001
    endloop
  endfacet
  facet normal -4.491835e-002  4.491835e-002 -9.979802e-001
    outer loop
      vertex  1.669738e+001 -2.023291e+001 -4.645086e+001
      vertex  2.023291e+001 -1.669738e+001 -4.645086e+001
      vertex  1.683794e+001 -2.037348e+001 -4.646351e+001
    endloop
  endfacet
  facet normal -4.491835e-002  4.491835e-002 -9.979802e-001
    outer loop
      vertex  1.683794e+001 -2.037348e+001 -4.646351e+001
      vertex  2.023291e+001 -1.669738e+001 -4.645086e+001
      vertex  2.037348e+001 -1.683794e+001 -4.646351e+001
    endloop
  endfacet
  facet normal -1.677820e-002  1.677820e-002 -9.997185e-001
    outer loop
      vertex  1.683794e+001 -2.037348e+001 -4.646351e+001
      vertex  2.037348e+001 -1.683794e+001 -4.646351e+001
      vertex  1.697875e+001 -2.051429e+001 -4.646824e+001
    endloop
  endfacet
  facet normal -1.677820e-002  1.677820e-002 -9.997185e-001
    outer loop
      vertex  1.697875e+001 -2.051429e+001 -4.646824e+001
      vertex  2.037348e+001 -1.683794e+001 -4.646351e+001
      vertex  2.051429e+001 -1.697875e+001 -4.646824e+001
    endloop
  endfacet
  facet normal  1.138879e-002 -1.138879e-002 -9.998703e-001
    outer loop
      vertex  1.697875e+001 -2.051429e+001 -4.646824e+001
      vertex  2.051429e+001 -1.697875e+001 -4.646824e+001
      vertex  1.711958e+001 -2.065512e+001 -4.646503e+001
    endloop
  endfacet
  facet normal  1.138879e-002 -1.138879e-002 -9.998703e-001
    outer loop
      vertex  1.711958e+001 -2.065512e+001 -4.646503e+001
      vertex  2.051429e+001 -1.697875e+001 -4.646824e+001
      vertex  2.065512e+001 -1.711958e+001 -4.646503e+001
    endloop
  endfacet
  facet normal  3.954197e-002 -3.954197e-002 -9.984351e-001
    outer loop
      vertex  1.711958e+001 -2.065512e+001 -4.646503e+001
      vertex  2.065512e+001 -1.711958e+001 -4.646503e+001
      vertex  1.726021e+001 -2.079574e+001 -4.645389e+001
    endloop
  endfacet
  facet normal  3.954197e-002 -3.954197e-002 -9.984351e-001
    outer loop
      vertex  1.726021e+001 -2.079574e+001 -4.645389e+001
      vertex  2.065512e+001 -1.711958e+001 -4.646503e+001
      vertex  2.079574e+001 -1.726021e+001 -4.645389e+001
    endloop
  endfacet
  facet normal  6.762768e-002 -6.762768e-002 -9.954160e-001
    outer loop
      vertex  1.726021e+001 -2.079574e+001 -4.645389e+001
      vertex  2.079574e+001 -1.726021e+001 -4.645389e+001
      vertex  1.740041e+001 -2.093595e+001 -4.643484e+001
    endloop
  endfacet
  facet normal  6.762768e-002 -6.762768e-002 -9.954160e-001
    outer loop
      vertex  1.740041e+001 -2.093595e+001 -4.643484e+001
      vertex  2.079574e+001 -1.726021e+001 -4.645389e+001
      vertex  2.093595e+001 -1.740041e+001 -4.643484e+001
    endloop
  endfacet
  facet normal  9.560551e-002 -9.560551e-002 -9.908174e-001
    outer loop
      vertex  1.740041e+001 -2.093595e+001 -4.643484e+001
      vertex  2.093595e+001 -1.740041e+001 -4.643484e+001
      vertex  1.753997e+001 -2.107550e+001 -4.640791e+001
    endloop
  endfacet
  facet normal  9.560551e-002 -9.560551e-002 -9.908174e-001
    outer loop
      vertex  1.753997e+001 -2.107550e+001 -4.640791e+001
      vertex  2.093595e+001 -1.740041e+001 -4.643484e+001
      vertex  2.107550e+001 -1.753997e+001 -4.640791e+001
    endloop
  endfacet
  facet normal  1.234478e-001 -1.234478e-001 -9.846427e-001
    outer loop
      vertex  1.753997e+001 -2.107550e+001 -4.640791e+001
      vertex  2.107550e+001 -1.753997e+001 -4.640791e+001
      vertex  1.767865e+001 -2.121419e+001 -4.637313e+001
    endloop
  endfacet
  facet normal  1.234478e-001 -1.234478e-001 -9.846427e-001
    outer loop
      vertex  1.767865e+001 -2.121419e+001 -4.637313e+001
      vertex  2.107550e+001 -1.753997e+001 -4.640791e+001
      vertex  2.121419e+001 -1.767865e+001 -4.637313e+001
    endloop
  endfacet
  facet normal  1.510730e-001 -1.510730e-001 -9.769104e-001
    outer loop
      vertex  1.767865e+001 -2.121419e+001 -4.637313e+001
      vertex  2.121419e+001 -1.767865e+001 -4.637313e+001
      vertex  1.781625e+001 -2.135178e+001 -4.633057e+001
    endloop
  endfacet
  facet normal  1.510730e-001 -1.510730e-001 -9.769104e-001
    outer loop
      vertex  1.781625e+001 -2.135178e+001 -4.633057e+001
      vertex  2.121419e+001 -1.767865e+001 -4.637313e+001
      vertex  2.135178e+001 -1.781625e+001 -4.633057e+001
    endloop
  endfacet
  facet normal  1.784691e-001 -1.784691e-001 -9.676247e-001
    outer loop
      vertex  1.781625e+001 -2.135178e+001 -4.633057e+001
      vertex  2.135178e+001 -1.781625e+001 -4.633057e+001
      vertex  1.795254e+001 -2.148807e+001 -4.628030e+001
    endloop
  endfacet
  facet normal  1.784691e-001 -1.784691e-001 -9.676247e-001
    outer loop
      vertex  1.795254e+001 -2.148807e+001 -4.628030e+001
      vertex  2.135178e+001 -1.781625e+001 -4.633057e+001
      vertex  2.148807e+001 -1.795254e+001 -4.628030e+001
    endloop
  endfacet
  facet normal  2.055773e-001 -2.055773e-001 -9.568051e-001
    outer loop
      vertex  1.795254e+001 -2.148807e+001 -4.628030e+001
      vertex  2.148807e+001 -1.795254e+001 -4.628030e+001
      vertex  1.808730e+001 -2.162284e+001 -4.622239e+001
    endloop
  endfacet
  facet normal  2.055773e-001 -2.055773e-001 -9.568051e-001
    outer loop
      vertex  1.808730e+001 -2.162284e+001 -4.622239e+001
      vertex  2.148807e+001 -1.795254e+001 -4.628030e+001
      vertex  2.162284e+001 -1.808730e+001 -4.622239e+001
    endloop
  endfacet
  facet normal  2.323527e-001 -2.323527e-001 -9.444704e-001
    outer loop
      vertex  1.808730e+001 -2.162284e+001 -4.622239e+001
      vertex  2.162284e+001 -1.808730e+001 -4.622239e+001
      vertex  1.822033e+001 -2.175586e+001 -4.615694e+001
    endloop
  endfacet
  facet normal  2.323527e-001 -2.323527e-001 -9.444704e-001
    outer loop
      vertex  1.822033e+001 -2.175586e+001 -4.615694e+001
      vertex  2.162284e+001 -1.808730e+001 -4.622239e+001
      vertex  2.175586e+001 -1.822033e+001 -4.615694e+001
    endloop
  endfacet
  facet normal  2.587849e-001 -2.587849e-001 -9.306238e-001
    outer loop
      vertex  1.822033e+001 -2.175586e+001 -4.615694e+001
      vertex  2.175586e+001 -1.822033e+001 -4.615694e+001
      vertex  1.835141e+001 -2.188694e+001 -4.608404e+001
    endloop
  endfacet
  facet normal  2.587849e-001 -2.587849e-001 -9.306238e-001
    outer loop
      vertex  1.835141e+001 -2.188694e+001 -4.608404e+001
      vertex  2.175586e+001 -1.822033e+001 -4.615694e+001
      vertex  2.188694e+001 -1.835141e+001 -4.608404e+001
    endloop
  endfacet
  facet normal  2.847825e-001 -2.847825e-001 -9.153130e-001
    outer loop
      vertex  1.835141e+001 -2.188694e+001 -4.608404e+001
      vertex  2.188694e+001 -1.835141e+001 -4.608404e+001
      vertex  1.848033e+001 -2.201586e+001 -4.600381e+001
    endloop
  endfacet
  facet normal  2.847825e-001 -2.847825e-001 -9.153130e-001
    outer loop
      vertex  1.848033e+001 -2.201586e+001 -4.600381e+001
      vertex  2.188694e+001 -1.835141e+001 -4.608404e+001
      vertex  2.201586e+001 -1.848033e+001 -4.600381e+001
    endloop
  endfacet
  facet normal  3.103386e-001 -3.103386e-001 -8.985432e-001
    outer loop
      vertex  1.848033e+001 -2.201586e+001 -4.600381e+001
      vertex  2.201586e+001 -1.848033e+001 -4.600381e+001
      vertex  1.860689e+001 -2.214242e+001 -4.591639e+001
    endloop
  endfacet
  facet normal  3.103386e-001 -3.103386e-001 -8.985432e-001
    outer loop
      vertex  1.860689e+001 -2.214242e+001 -4.591639e+001
      vertex  2.201586e+001 -1.848033e+001 -4.600381e+001
      vertex  2.214242e+001 -1.860689e+001 -4.591639e+001
    endloop
  endfacet
  facet normal  3.353910e-001 -3.353910e-001 -8.803555e-001
    outer loop
      vertex  1.860689e+001 -2.214242e+001 -4.591639e+001
      vertex  2.214242e+001 -1.860689e+001 -4.591639e+001
      vertex  1.873088e+001 -2.226642e+001 -4.582191e+001
    endloop
  endfacet
  facet normal  3.353910e-001 -3.353910e-001 -8.803555e-001
    outer loop
      vertex  1.873088e+001 -2.226642e+001 -4.582191e+001
      vertex  2.214242e+001 -1.860689e+001 -4.591639e+001
      vertex  2.226642e+001 -1.873088e+001 -4.582191e+001
    endloop
  endfacet
  facet normal  3.599279e-001 -3.599279e-001 -8.607578e-001
    outer loop
      vertex  1.873088e+001 -2.226642e+001 -4.582191e+001
      vertex  2.226642e+001 -1.873088e+001 -4.582191e+001
      vertex  1.885212e+001 -2.238765e+001 -4.572052e+001
    endloop
  endfacet
  facet normal  3.599279e-001 -3.599279e-001 -8.607578e-001
    outer loop
      vertex  1.885212e+001 -2.238765e+001 -4.572052e+001
      vertex  2.226642e+001 -1.873088e+001 -4.582191e+001
      vertex  2.238765e+001 -1.885212e+001 -4.572052e+001
    endloop
  endfacet
  facet normal  3.838855e-001 -3.838855e-001 -8.397998e-001
    outer loop
      vertex  1.885212e+001 -2.238765e+001 -4.572052e+001
      vertex  2.238765e+001 -1.885212e+001 -4.572052e+001
      vertex  1.897040e+001 -2.250594e+001 -4.561238e+001
    endloop
  endfacet
  facet normal  3.838855e-001 -3.838855e-001 -8.397998e-001
    outer loop
      vertex  1.897040e+001 -2.250594e+001 -4.561238e+001
      vertex  2.238765e+001 -1.885212e+001 -4.572052e+001
      vertex  2.250594e+001 -1.897040e+001 -4.561238e+001
    endloop
  endfacet
  facet normal  4.072277e-001 -4.072277e-001 -8.175152e-001
    outer loop
      vertex  1.897040e+001 -2.250594e+001 -4.561238e+001
      vertex  2.250594e+001 -1.897040e+001 -4.561238e+001
      vertex  1.908555e+001 -2.262108e+001 -4.549767e+001
    endloop
  endfacet
  facet normal  4.072277e-001 -4.072277e-001 -8.175152e-001
    outer loop
      vertex  1.908555e+001 -2.262108e+001 -4.549767e+001
      vertex  2.250594e+001 -1.897040e+001 -4.561238e+001
      vertex  2.262108e+001 -1.908555e+001 -4.549767e+001
    endloop
  endfacet
  facet normal  4.299313e-001 -4.299313e-001 -7.939257e-001
    outer loop
      vertex  1.908555e+001 -2.262108e+001 -4.549767e+001
      vertex  2.262108e+001 -1.908555e+001 -4.549767e+001
      vertex  1.919737e+001 -2.273291e+001 -4.537656e+001
    endloop
  endfacet
  facet normal  4.299313e-001 -4.299313e-001 -7.939257e-001
    outer loop
      vertex  1.919737e+001 -2.273291e+001 -4.537656e+001
      vertex  2.262108e+001 -1.908555e+001 -4.549767e+001
      vertex  2.273291e+001 -1.919737e+001 -4.537656e+001
    endloop
  endfacet
  facet normal  4.519464e-001 -4.519464e-001 -7.690832e-001
    outer loop
      vertex  1.919737e+001 -2.273291e+001 -4.537656e+001
      vertex  2.273291e+001 -1.919737e+001 -4.537656e+001
      vertex  1.930570e+001 -2.284123e+001 -4.524925e+001
    endloop
  endfacet
  facet normal  4.519464e-001 -4.519464e-001 -7.690832e-001
    outer loop
      vertex  1.930570e+001 -2.284123e+001 -4.524925e+001
      vertex  2.273291e+001 -1.919737e+001 -4.537656e+001
      vertex  2.284123e+001 -1.930570e+001 -4.524925e+001
    endloop
  endfacet
  facet normal  4.732558e-001 -4.732558e-001 -7.430060e-001
    outer loop
      vertex  1.930570e+001 -2.284123e+001 -4.524925e+001
      vertex  2.284123e+001 -1.930570e+001 -4.524925e+001
      vertex  1.941035e+001 -2.294588e+001 -4.511593e+001
    endloop
  endfacet
  facet normal  4.732558e-001 -4.732558e-001 -7.430060e-001
    outer loop
      vertex  1.941035e+001 -2.294588e+001 -4.511593e+001
      vertex  2.284123e+001 -1.930570e+001 -4.524925e+001
      vertex  2.294588e+001 -1.941035e+001 -4.511593e+001
    endloop
  endfacet
  facet normal  4.937949e-001 -4.937949e-001 -7.157744e-001
    outer loop
      vertex  1.941035e+001 -2.294588e+001 -4.511593e+001
      vertex  2.294588e+001 -1.941035e+001 -4.511593e+001
      vertex  1.951116e+001 -2.304670e+001 -4.497683e+001
    endloop
  endfacet
  facet normal  4.937949e-001 -4.937949e-001 -7.157744e-001
    outer loop
      vertex  1.951116e+001 -2.304670e+001 -4.497683e+001
      vertex  2.294588e+001 -1.941035e+001 -4.511593e+001
      vertex  2.304670e+001 -1.951116e+001 -4.497683e+001
    endloop
  endfacet
  facet normal  5.135758e-001 -5.135758e-001 -6.873716e-001
    outer loop
      vertex  1.951116e+001 -2.304670e+001 -4.497683e+001
      vertex  2.304670e+001 -1.951116e+001 -4.497683e+001
      vertex  1.960798e+001 -2.314351e+001 -4.483216e+001
    endloop
  endfacet
  facet normal  5.135758e-001 -5.135758e-001 -6.873716e-001
    outer loop
      vertex  1.960798e+001 -2.314351e+001 -4.483216e+001
      vertex  2.304670e+001 -1.951116e+001 -4.497683e+001
      vertex  2.314351e+001 -1.960798e+001 -4.483216e+001
    endloop
  endfacet
  facet normal  5.325170e-001 -5.325170e-001 -6.579143e-001
    outer loop
      vertex  1.960798e+001 -2.314351e+001 -4.483216e+001
      vertex  2.314351e+001 -1.960798e+001 -4.483216e+001
      vertex  1.970065e+001 -2.323618e+001 -4.468215e+001
    endloop
  endfacet
  facet normal  5.325170e-001 -5.325170e-001 -6.579143e-001
    outer loop
      vertex  1.970065e+001 -2.323618e+001 -4.468215e+001
      vertex  2.314351e+001 -1.960798e+001 -4.483216e+001
      vertex  2.323618e+001 -1.970065e+001 -4.468215e+001
    endloop
  endfacet
  facet normal  5.506300e-001 -5.506300e-001 -6.273859e-001
    outer loop
      vertex  1.970065e+001 -2.323618e+001 -4.468215e+001
      vertex  2.323618e+001 -1.970065e+001 -4.468215e+001
      vertex  1.978901e+001 -2.332454e+001 -4.452704e+001
    endloop
  endfacet
  facet normal  5.506300e-001 -5.506300e-001 -6.273859e-001
    outer loop
      vertex  1.978901e+001 -2.332454e+001 -4.452704e+001
      vertex  2.323618e+001 -1.970065e+001 -4.468215e+001
      vertex  2.332454e+001 -1.978901e+001 -4.452704e+001
    endloop
  endfacet
  facet normal  5.678599e-001 -5.678599e-001 -5.958775e-001
    outer loop
      vertex  1.978901e+001 -2.332454e+001 -4.452704e+001
      vertex  2.332454e+001 -1.978901e+001 -4.452704e+001
      vertex  1.987294e+001 -2.340847e+001 -4.436708e+001
    endloop
  endfacet
  facet normal  5.678599e-001 -5.678599e-001 -5.958775e-001
    outer loop
      vertex  1.987294e+001 -2.340847e+001 -4.436708e+001
      vertex  2.332454e+001 -1.978901e+001 -4.452704e+001
      vertex  2.340847e+001 -1.987294e+001 -4.436708e+001
    endloop
  endfacet
  facet normal  5.841959e-001 -5.841959e-001 -5.634096e-001
    outer loop
      vertex  1.987294e+001 -2.340847e+001 -4.436708e+001
      vertex  2.340847e+001 -1.987294e+001 -4.436708e+001
      vertex  1.995230e+001 -2.348783e+001 -4.420251e+001
    endloop
  endfacet
  facet normal  5.841959e-001 -5.841959e-001 -5.634096e-001
    outer loop
      vertex  1.995230e+001 -2.348783e+001 -4.420251e+001
      vertex  2.340847e+001 -1.987294e+001 -4.436708e+001
      vertex  2.348783e+001 -1.995230e+001 -4.420251e+001
    endloop
  endfacet
  facet normal  5.995938e-001 -5.995938e-001 -5.300702e-001
    outer loop
      vertex  1.995230e+001 -2.348783e+001 -4.420251e+001
      vertex  2.348783e+001 -1.995230e+001 -4.420251e+001
      vertex  2.002695e+001 -2.356249e+001 -4.403361e+001
    endloop
  endfacet
  facet normal  5.995938e-001 -5.995938e-001 -5.300702e-001
    outer loop
      vertex  2.002695e+001 -2.356249e+001 -4.403361e+001
      vertex  2.348783e+001 -1.995230e+001 -4.420251e+001
      vertex  2.356249e+001 -2.002695e+001 -4.403361e+001
    endloop
  endfacet
  facet normal  6.140534e-001 -6.140534e-001 -4.958599e-001
    outer loop
      vertex  2.002695e+001 -2.356249e+001 -4.403361e+001
      vertex  2.356249e+001 -2.002695e+001 -4.403361e+001
      vertex  2.009680e+001 -2.363233e+001 -4.386063e+001
    endloop
  endfacet
  facet normal  6.140534e-001 -6.140534e-001 -4.958599e-001
    outer loop
      vertex  2.009680e+001 -2.363233e+001 -4.386063e+001
      vertex  2.356249e+001 -2.002695e+001 -4.403361e+001
      vertex  2.363233e+001 -2.009680e+001 -4.386063e+001
    endloop
  endfacet
  facet normal  6.275254e-001 -6.275254e-001 -4.608944e-001
    outer loop
      vertex  2.009680e+001 -2.363233e+001 -4.386063e+001
      vertex  2.363233e+001 -2.009680e+001 -4.386063e+001
      vertex  2.016171e+001 -2.369725e+001 -4.368386e+001
    endloop
  endfacet
  facet normal  6.275254e-001 -6.275254e-001 -4.608944e-001
    outer loop
      vertex  2.016171e+001 -2.369725e+001 -4.368386e+001
      vertex  2.363233e+001 -2.009680e+001 -4.386063e+001
      vertex  2.369725e+001 -2.016171e+001 -4.368386e+001
    endloop
  endfacet
  facet normal  6.400153e-001 -6.400153e-001 -4.251597e-001
    outer loop
      vertex  2.016171e+001 -2.369725e+001 -4.368386e+001
      vertex  2.369725e+001 -2.016171e+001 -4.368386e+001
      vertex  2.022160e+001 -2.375713e+001 -4.350357e+001
    endloop
  endfacet
  facet normal  6.400153e-001 -6.400153e-001 -4.251597e-001
    outer loop
      vertex  2.022160e+001 -2.375713e+001 -4.350357e+001
      vertex  2.369725e+001 -2.016171e+001 -4.368386e+001
      vertex  2.375713e+001 -2.022160e+001 -4.350357e+001
    endloop
  endfacet
  facet normal  6.514764e-001 -6.514764e-001 -3.887889e-001
    outer loop
      vertex  2.022160e+001 -2.375713e+001 -4.350357e+001
      vertex  2.375713e+001 -2.022160e+001 -4.350357e+001
      vertex  2.027636e+001 -2.381189e+001 -4.332005e+001
    endloop
  endfacet
  facet normal  6.514764e-001 -6.514764e-001 -3.887889e-001
    outer loop
      vertex  2.027636e+001 -2.381189e+001 -4.332005e+001
      vertex  2.375713e+001 -2.022160e+001 -4.350357e+001
      vertex  2.381189e+001 -2.027636e+001 -4.332005e+001
    endloop
  endfacet
  facet normal  6.619083e-001 -6.619083e-001 -3.517878e-001
    outer loop
      vertex  2.027636e+001 -2.381189e+001 -4.332005e+001
      vertex  2.381189e+001 -2.027636e+001 -4.332005e+001
      vertex  2.032590e+001 -2.386144e+001 -4.313359e+001
    endloop
  endfacet
  facet normal  6.619083e-001 -6.619083e-001 -3.517878e-001
    outer loop
      vertex  2.032590e+001 -2.386144e+001 -4.313359e+001
      vertex  2.381189e+001 -2.027636e+001 -4.332005e+001
      vertex  2.386144e+001 -2.032590e+001 -4.313359e+001
    endloop
  endfacet
  facet normal  6.712942e-001 -6.712942e-001 -3.142105e-001
    outer loop
      vertex  2.032590e+001 -2.386144e+001 -4.313359e+001
      vertex  2.386144e+001 -2.032590e+001 -4.313359e+001
      vertex  2.037016e+001 -2.390569e+001 -4.294449e+001
    endloop
  endfacet
  facet normal  6.712942e-001 -6.712942e-001 -3.142105e-001
    outer loop
      vertex  2.037016e+001 -2.390569e+001 -4.294449e+001
      vertex  2.386144e+001 -2.032590e+001 -4.313359e+001
      vertex  2.390569e+001 -2.037016e+001 -4.294449e+001
    endloop
  endfacet
  facet normal  6.796091e-001 -6.796091e-001 -2.761575e-001
    outer loop
      vertex  2.037016e+001 -2.390569e+001 -4.294449e+001
      vertex  2.390569e+001 -2.037016e+001 -4.294449e+001
      vertex  2.040906e+001 -2.394459e+001 -4.275304e+001
    endloop
  endfacet
  facet normal  6.796091e-001 -6.796091e-001 -2.761575e-001
    outer loop
      vertex  2.040906e+001 -2.394459e+001 -4.275304e+001
      vertex  2.390569e+001 -2.037016e+001 -4.294449e+001
      vertex  2.394459e+001 -2.040906e+001 -4.275304e+001
    endloop
  endfacet
  facet normal  6.868491e-001 -6.868491e-001 -2.376478e-001
    outer loop
      vertex  2.040906e+001 -2.394459e+001 -4.275304e+001
      vertex  2.394459e+001 -2.040906e+001 -4.275304e+001
      vertex  2.044253e+001 -2.397806e+001 -4.255956e+001
    endloop
  endfacet
  facet normal  6.868491e-001 -6.868491e-001 -2.376478e-001
    outer loop
      vertex  2.044253e+001 -2.397806e+001 -4.255956e+001
      vertex  2.394459e+001 -2.040906e+001 -4.275304e+001
      vertex  2.397806e+001 -2.044253e+001 -4.255956e+001
    endloop
  endfacet
  facet normal  6.929961e-001 -6.929961e-001 -1.987781e-001
    outer loop
      vertex  2.044253e+001 -2.397806e+001 -4.255956e+001
      vertex  2.397806e+001 -2.044253e+001 -4.255956e+001
      vertex  2.047053e+001 -2.400606e+001 -4.236435e+001
    endloop
  endfacet
  facet normal  6.929961e-001 -6.929961e-001 -1.987781e-001
    outer loop
      vertex  2.047053e+001 -2.400606e+001 -4.236435e+001
      vertex  2.397806e+001 -2.044253e+001 -4.255956e+001
      vertex  2.400606e+001 -2.047053e+001 -4.236435e+001
    endloop
  endfacet
  facet normal  6.980455e-001 -6.980455e-001 -1.595771e-001
    outer loop
      vertex  2.047053e+001 -2.400606e+001 -4.236435e+001
      vertex  2.400606e+001 -2.047053e+001 -4.236435e+001
      vertex  2.049300e+001 -2.402854e+001 -4.216771e+001
    endloop
  endfacet
  facet normal  6.980455e-001 -6.980455e-001 -1.595771e-001
    outer loop
      vertex  2.049300e+001 -2.402854e+001 -4.216771e+001
      vertex  2.400606e+001 -2.047053e+001 -4.236435e+001
      vertex  2.402854e+001 -2.049300e+001 -4.216771e+001
    endloop
  endfacet
  facet normal  7.019848e-001 -7.019848e-001 -1.201446e-001
    outer loop
      vertex  2.049300e+001 -2.402854e+001 -4.216771e+001
      vertex  2.402854e+001 -2.049300e+001 -4.216771e+001
      vertex  2.050993e+001 -2.404546e+001 -4.196996e+001
    endloop
  endfacet
  facet normal  7.019848e-001 -7.019848e-001 -1.201446e-001
    outer loop
      vertex  2.050993e+001 -2.404546e+001 -4.196996e+001
      vertex  2.402854e+001 -2.049300e+001 -4.216771e+001
      vertex  2.404546e+001 -2.050993e+001 -4.196996e+001
    endloop
  endfacet
  facet normal  7.048125e-001 -7.048125e-001 -8.049192e-002
    outer loop
      vertex  2.050993e+001 -2.404546e+001 -4.196996e+001
      vertex  2.404546e+001 -2.050993e+001 -4.196996e+001
      vertex  2.052126e+001 -2.405680e+001 -4.177142e+001
    endloop
  endfacet
  facet normal  7.048125e-001 -7.048125e-001 -8.049192e-002
    outer loop
      vertex  2.052126e+001 -2.405680e+001 -4.177142e+001
      vertex  2.404546e+001 -2.050993e+001 -4.196996e+001
      vertex  2.405680e+001 -2.052126e+001 -4.177142e+001
    endloop
  endfacet
  facet normal  7.065198e-001 -7.065198e-001 -4.073438e-002
    outer loop
      vertex  2.052126e+001 -2.405680e+001 -4.177142e+001
      vertex  2.405680e+001 -2.052126e+001 -4.177142e+001
      vertex  2.052700e+001 -2.406253e+001 -4.157240e+001
    endloop
  endfacet
  facet normal  7.065198e-001 -7.065198e-001 -4.073438e-002
    outer loop
      vertex  2.052700e+001 -2.406253e+001 -4.157240e+001
      vertex  2.405680e+001 -2.052126e+001 -4.177142e+001
      vertex  2.406253e+001 -2.052700e+001 -4.157240e+001
    endloop
  endfacet
  facet normal  7.071065e-001 -7.071065e-001 -9.077500e-004
    outer loop
      vertex  2.052700e+001 -2.406253e+001 -4.157240e+001
      vertex  2.406253e+001 -2.052700e+001 -4.157240e+001
      vertex  2.052713e+001 -2.406266e+001 -4.137320e+001
    endloop
  endfacet
  facet normal  7.071065e-001 -7.071065e-001 -9.077500e-004
    outer loop
      vertex  2.052713e+001 -2.406266e+001 -4.137320e+001
      vertex  2.406253e+001 -2.052700e+001 -4.157240e+001
      vertex  2.406266e+001 -2.052713e+001 -4.137320e+001
    endloop
  endfacet
  facet normal  7.065710e-001 -7.065710e-001  3.891943e-002
    outer loop
      vertex  2.052713e+001 -2.406266e+001 -4.137320e+001
      vertex  2.406266e+001 -2.052713e+001 -4.137320e+001
      vertex  2.052165e+001 -2.405718e+001 -4.117417e+001
    endloop
  endfacet
  facet normal  7.065710e-001 -7.065710e-001  3.891943e-002
    outer loop
      vertex  2.052165e+001 -2.405718e+001 -4.117417e+001
      vertex  2.406266e+001 -2.052713e+001 -4.137320e+001
      vertex  2.405718e+001 -2.052165e+001 -4.117417e+001
    endloop
  endfacet
  facet normal  7.049141e-001 -7.049141e-001  7.869097e-002
    outer loop
      vertex  2.052165e+001 -2.405718e+001 -4.117417e+001
      vertex  2.405718e+001 -2.052165e+001 -4.117417e+001
      vertex  2.051056e+001 -2.404610e+001 -4.097559e+001
    endloop
  endfacet
  facet normal  7.049141e-001 -7.049141e-001  7.869097e-002
    outer loop
      vertex  2.051056e+001 -2.404610e+001 -4.097559e+001
      vertex  2.405718e+001 -2.052165e+001 -4.117417e+001
      vertex  2.404610e+001 -2.051056e+001 -4.097559e+001
    endloop
  endfacet
  facet normal -6.966048e-001  6.966048e-001 -1.717070e-001
    outer loop
      vertex  1.350921e+001 -1.704474e+001 -4.232681e+001
      vertex  1.091020e+001 -1.444573e+001 -2.123874e+001
      vertex  1.704474e+001 -1.350921e+001 -4.232681e+001
    endloop
  endfacet
  facet normal -6.966048e-001  6.966048e-001 -1.717070e-001
    outer loop
      vertex  1.704474e+001 -1.350921e+001 -4.232681e+001
      vertex  1.091020e+001 -1.444573e+001 -2.123874e+001
      vertex  1.444573e+001 -1.091020e+001 -2.123874e+001
    endloop
  endfacet
  facet normal -6.949392e-001  6.949392e-001 -1.847136e-001
    outer loop
      vertex  1.444573e+001 -1.091020e+001 -2.123874e+001
      vertex  1.091020e+001 -1.444573e+001 -2.123874e+001
      vertex  1.440857e+001 -1.087303e+001 -2.095911e+001
    endloop
  endfacet
  facet normal -6.949392e-001  6.949392e-001 -1.847136e-001
    outer loop
      vertex  1.440857e+001 -1.087303e+001 -2.095911e+001
      vertex  1.091020e+001 -1.444573e+001 -2.123874e+001
      vertex  1.087303e+001 -1.440857e+001 -2.095911e+001
    endloop
  endfacet
  facet normal -6.912429e-001  6.912429e-001 -2.106332e-001
    outer loop
      vertex  1.440857e+001 -1.087303e+001 -2.095911e+001
      vertex  1.087303e+001 -1.440857e+001 -2.095911e+001
      vertex  1.436619e+001 -1.083066e+001 -2.068096e+001
    endloop
  endfacet
  facet normal -6.912429e-001  6.912429e-001 -2.106332e-001
    outer loop
      vertex  1.436619e+001 -1.083066e+001 -2.068096e+001
      vertex  1.087303e+001 -1.440857e+001 -2.095911e+001
      vertex  1.083066e+001 -1.436619e+001 -2.068096e+001
    endloop
  endfacet
  facet normal -6.870655e-001  6.870655e-001 -2.363939e-001
    outer loop
      vertex  1.436619e+001 -1.083066e+001 -2.068096e+001
      vertex  1.083066e+001 -1.436619e+001 -2.068096e+001
      vertex  1.431863e+001 -1.078309e+001 -2.040449e+001
    endloop
  endfacet
  facet normal -6.870655e-001  6.870655e-001 -2.363939e-001
    outer loop
      vertex  1.431863e+001 -1.078309e+001 -2.040449e+001
      vertex  1.083066e+001 -1.436619e+001 -2.068096e+001
      vertex  1.078309e+001 -1.431863e+001 -2.040449e+001
    endloop
  endfacet
  facet normal -6.824052e-001  6.824052e-001 -2.620046e-001
    outer loop
      vertex  1.431863e+001 -1.078309e+001 -2.040449e+001
      vertex  1.078309e+001 -1.431863e+001 -2.040449e+001
      vertex  1.426591e+001 -1.073038e+001 -2.012989e+001
    endloop
  endfacet
  facet normal -6.824052e-001  6.824052e-001 -2.620046e-001
    outer loop
      vertex  1.426591e+001 -1.073038e+001 -2.012989e+001
      vertex  1.078309e+001 -1.431863e+001 -2.040449e+001
      vertex  1.073038e+001 -1.426591e+001 -2.012989e+001
    endloop
  endfacet
  facet normal -6.772699e-001  6.772699e-001 -2.874211e-001
    outer loop
      vertex  1.426591e+001 -1.073038e+001 -2.012989e+001
      vertex  1.073038e+001 -1.426591e+001 -2.012989e+001
      vertex  1.420809e+001 -1.067255e+001 -1.985736e+001
    endloop
  endfacet
  facet normal -6.772699e-001  6.772699e-001 -2.874211e-001
    outer loop
      vertex  1.420809e+001 -1.067255e+001 -1.985736e+001
      vertex  1.073038e+001 -1.426591e+001 -2.012989e+001
      vertex  1.067255e+001 -1.420809e+001 -1.985736e+001
    endloop
  endfacet
  facet normal -6.716601e-001  6.716601e-001 -3.126423e-001
    outer loop
      vertex  1.420809e+001 -1.067255e+001 -1.985736e+001
      vertex  1.067255e+001 -1.420809e+001 -1.985736e+001
      vertex  1.414518e+001 -1.060965e+001 -1.958709e+001
    endloop
  endfacet
  facet normal -6.716601e-001  6.716601e-001 -3.126423e-001
    outer loop
      vertex  1.414518e+001 -1.060965e+001 -1.958709e+001
      vertex  1.067255e+001 -1.420809e+001 -1.985736e+001
      vertex  1.060965e+001 -1.414518e+001 -1.958709e+001
    endloop
  endfacet
  facet normal -6.655816e-001  6.655816e-001 -3.376420e-001
    outer loop
      vertex  1.414518e+001 -1.060965e+001 -1.958709e+001
      vertex  1.060965e+001 -1.414518e+001 -1.958709e+001
      vertex  1.407725e+001 -1.054172e+001 -1.931927e+001
    endloop
  endfacet
  facet normal -6.655816e-001  6.655816e-001 -3.376420e-001
    outer loop
      vertex  1.407725e+001 -1.054172e+001 -1.931927e+001
      vertex  1.060965e+001 -1.414518e+001 -1.958709e+001
      vertex  1.054172e+001 -1.407725e+001 -1.931927e+001
    endloop
  endfacet
  facet normal -6.590385e-001  6.590385e-001 -3.624035e-001
    outer loop
      vertex  1.407725e+001 -1.054172e+001 -1.931927e+001
      vertex  1.054172e+001 -1.407725e+001 -1.931927e+001
      vertex  1.400434e+001 -1.046880e+001 -1.905408e+001
    endloop
  endfacet
  facet normal -6.590385e-001  6.590385e-001 -3.624035e-001
    outer loop
      vertex  1.400434e+001 -1.046880e+001 -1.905408e+001
      vertex  1.054172e+001 -1.407725e+001 -1.931927e+001
      vertex  1.046880e+001 -1.400434e+001 -1.905408e+001
    endloop
  endfacet
  facet normal -6.520328e-001  6.520328e-001 -3.869192e-001
    outer loop
      vertex  1.400434e+001 -1.046880e+001 -1.905408e+001
      vertex  1.046880e+001 -1.400434e+001 -1.905408e+001
      vertex  1.392649e+001 -1.039096e+001 -1.879170e+001
    endloop
  endfacet
  facet normal -6.520328e-001  6.520328e-001 -3.869192e-001
    outer loop
      vertex  1.392649e+001 -1.039096e+001 -1.879170e+001
      vertex  1.046880e+001 -1.400434e+001 -1.905408e+001
      vertex  1.039096e+001 -1.392649e+001 -1.879170e+001
    endloop
  endfacet
  facet normal -6.445728e-001  6.445728e-001 -4.111592e-001
    outer loop
      vertex  1.392649e+001 -1.039096e+001 -1.879170e+001
      vertex  1.039096e+001 -1.392649e+001 -1.879170e+001
      vertex  1.384377e+001 -1.030823e+001 -1.853233e+001
    endloop
  endfacet
  facet normal -6.445728e-001  6.445728e-001 -4.111592e-001
    outer loop
      vertex  1.384377e+001 -1.030823e+001 -1.853233e+001
      vertex  1.039096e+001 -1.392649e+001 -1.879170e+001
      vertex  1.030823e+001 -1.384377e+001 -1.853233e+001
    endloop
  endfacet
  facet normal -6.366626e-001  6.366626e-001 -4.351111e-001
    outer loop
      vertex  1.384377e+001 -1.030823e+001 -1.853233e+001
      vertex  1.030823e+001 -1.384377e+001 -1.853233e+001
      vertex  1.375622e+001 -1.022069e+001 -1.827614e+001
    endloop
  endfacet
  facet normal -6.366626e-001  6.366626e-001 -4.351111e-001
    outer loop
      vertex  1.375622e+001 -1.022069e+001 -1.827614e+001
      vertex  1.030823e+001 -1.384377e+001 -1.853233e+001
      vertex  1.022069e+001 -1.375622e+001 -1.827614e+001
    endloop
  endfacet
  facet normal -6.283069e-001  6.283069e-001 -4.587602e-001
    outer loop
      vertex  1.375622e+001 -1.022069e+001 -1.827614e+001
      vertex  1.022069e+001 -1.375622e+001 -1.827614e+001
      vertex  1.366392e+001 -1.012839e+001 -1.802332e+001
    endloop
  endfacet
  facet normal -6.283069e-001  6.283069e-001 -4.587602e-001
    outer loop
      vertex  1.366392e+001 -1.012839e+001 -1.802332e+001
      vertex  1.022069e+001 -1.375622e+001 -1.827614e+001
      vertex  1.012839e+001 -1.366392e+001 -1.802332e+001
    endloop
  endfacet
  facet normal -6.195103e-001  6.195103e-001 -4.820932e-001
    outer loop
      vertex  1.366392e+001 -1.012839e+001 -1.802332e+001
      vertex  1.012839e+001 -1.366392e+001 -1.802332e+001
      vertex  1.356693e+001 -1.003139e+001 -1.777403e+001
    endloop
  endfacet
  facet normal -6.195103e-001  6.195103e-001 -4.820932e-001
    outer loop
      vertex  1.356693e+001 -1.003139e+001 -1.777403e+001
      vertex  1.012839e+001 -1.366392e+001 -1.802332e+001
      vertex  1.003139e+001 -1.356693e+001 -1.777403e+001
    endloop
  endfacet
  facet normal -6.102831e-001  6.102831e-001 -5.050831e-001
    outer loop
      vertex  1.356693e+001 -1.003139e+001 -1.777403e+001
      vertex  1.003139e+001 -1.356693e+001 -1.777403e+001
      vertex  1.346531e+001 -9.929773e+000 -1.752846e+001
    endloop
  endfacet
  facet normal -6.102831e-001  6.102831e-001 -5.050831e-001
    outer loop
      vertex  1.346531e+001 -9.929773e+000 -1.752846e+001
      vertex  1.003139e+001 -1.356693e+001 -1.777403e+001
      vertex  9.929773e+000 -1.346531e+001 -1.752846e+001
    endloop
  endfacet
  facet normal -6.006314e-001  6.006314e-001 -5.277156e-001
    outer loop
      vertex  1.346531e+001 -9.929773e+000 -1.752846e+001
      vertex  9.929773e+000 -1.346531e+001 -1.752846e+001
      vertex  1.335913e+001 -9.823599e+000 -1.728677e+001
    endloop
  endfacet
  facet normal -6.006314e-001  6.006314e-001 -5.277156e-001
    outer loop
      vertex  1.335913e+001 -9.823599e+000 -1.728677e+001
      vertex  9.929773e+000 -1.346531e+001 -1.752846e+001
      vertex  9.823599e+000 -1.335913e+001 -1.728677e+001
    endloop
  endfacet
  facet normal -5.905537e-001  5.905537e-001 -5.499933e-001
    outer loop
      vertex  1.335913e+001 -9.823599e+000 -1.728677e+001
      vertex  9.823599e+000 -1.335913e+001 -1.728677e+001
      vertex  1.324848e+001 -9.712942e+000 -1.704914e+001
    endloop
  endfacet
  facet normal -5.905537e-001  5.905537e-001 -5.499933e-001
    outer loop
      vertex  1.324848e+001 -9.712942e+000 -1.704914e+001
      vertex  9.823599e+000 -1.335913e+001 -1.728677e+001
      vertex  9.712942e+000 -1.324848e+001 -1.704914e+001
    endloop
  endfacet
  facet normal -5.800677e-001  5.800677e-001 -5.718768e-001
    outer loop
      vertex  1.324848e+001 -9.712942e+000 -1.704914e+001
      vertex  9.712942e+000 -1.324848e+001 -1.704914e+001
      vertex  1.313342e+001 -9.597883e+000 -1.681572e+001
    endloop
  endfacet
  facet normal -5.800677e-001  5.800677e-001 -5.718768e-001
    outer loop
      vertex  1.313342e+001 -9.597883e+000 -1.681572e+001
      vertex  9.712942e+000 -1.324848e+001 -1.704914e+001
      vertex  9.597883e+000 -1.313342e+001 -1.681572e+001
    endloop
  endfacet
  facet normal -5.691763e-001  5.691763e-001 -5.933603e-001
    outer loop
      vertex  1.313342e+001 -9.597883e+000 -1.681572e+001
      vertex  9.597883e+000 -1.313342e+001 -1.681572e+001
      vertex  1.301404e+001 -9.478501e+000 -1.658669e+001
    endloop
  endfacet
  facet normal -5.691763e-001  5.691763e-001 -5.933603e-001
    outer loop
      vertex  1.301404e+001 -9.478501e+000 -1.658669e+001
      vertex  9.597883e+000 -1.313342e+001 -1.681572e+001
      vertex  9.478501e+000 -1.301404e+001 -1.658669e+001
    endloop
  endfacet
  facet normal -5.578832e-001  5.578832e-001 -6.144370e-001
    outer loop
      vertex  1.301404e+001 -9.478501e+000 -1.658669e+001
      vertex  9.478501e+000 -1.301404e+001 -1.658669e+001
      vertex  1.289041e+001 -9.354879e+000 -1.636220e+001
    endloop
  endfacet
  facet normal -5.578832e-001  5.578832e-001 -6.144370e-001
    outer loop
      vertex  1.289041e+001 -9.354879e+000 -1.636220e+001
      vertex  9.478501e+000 -1.301404e+001 -1.658669e+001
      vertex  9.354879e+000 -1.289041e+001 -1.636220e+001
    endloop
  endfacet
  facet normal -5.462067e-001  5.462067e-001 -6.350720e-001
    outer loop
      vertex  1.289041e+001 -9.354879e+000 -1.636220e+001
      vertex  9.354879e+000 -1.289041e+001 -1.636220e+001
      vertex  1.276264e+001 -9.227105e+000 -1.614241e+001
    endloop
  endfacet
  facet normal -5.462067e-001  5.462067e-001 -6.350720e-001
    outer loop
      vertex  1.276264e+001 -9.227105e+000 -1.614241e+001
      vertex  9.354879e+000 -1.289041e+001 -1.636220e+001
      vertex  9.227105e+000 -1.276264e+001 -1.614241e+001
    endloop
  endfacet
  facet normal -5.341414e-001  5.341414e-001 -6.552754e-001
    outer loop
      vertex  1.276264e+001 -9.227105e+000 -1.614241e+001
      vertex  9.227105e+000 -1.276264e+001 -1.614241e+001
      vertex  1.263080e+001 -9.095266e+000 -1.592748e+001
    endloop
  endfacet
  facet normal -5.341414e-001  5.341414e-001 -6.552754e-001
    outer loop
      vertex  1.263080e+001 -9.095266e+000 -1.592748e+001
      vertex  9.227105e+000 -1.276264e+001 -1.614241e+001
      vertex  9.095266e+000 -1.263080e+001 -1.592748e+001
    endloop
  endfacet
  facet normal -5.217068e-001  5.217068e-001 -6.750140e-001
    outer loop
      vertex  1.263080e+001 -9.095266e+000 -1.592748e+001
      vertex  9.095266e+000 -1.263080e+001 -1.592748e+001
      vertex  1.249499e+001 -8.959456e+000 -1.571755e+001
    endloop
  endfacet
  facet normal -5.217068e-001  5.217068e-001 -6.750140e-001
    outer loop
      vertex  1.249499e+001 -8.959456e+000 -1.571755e+001
      vertex  9.095266e+000 -1.263080e+001 -1.592748e+001
      vertex  8.959456e+000 -1.249499e+001 -1.571755e+001
    endloop
  endfacet
  facet normal -5.089077e-001  5.089077e-001 -6.942808e-001
    outer loop
      vertex  1.249499e+001 -8.959456e+000 -1.571755e+001
      vertex  8.959456e+000 -1.249499e+001 -1.571755e+001
      vertex  1.235530e+001 -8.819770e+000 -1.551277e+001
    endloop
  endfacet
  facet normal -5.089077e-001  5.089077e-001 -6.942808e-001
    outer loop
      vertex  1.235530e+001 -8.819770e+000 -1.551277e+001
      vertex  8.959456e+000 -1.249499e+001 -1.571755e+001
      vertex  8.819770e+000 -1.235530e+001 -1.551277e+001
    endloop
  endfacet
  facet normal -4.957528e-001  4.957528e-001 -7.130626e-001
    outer loop
      vertex  1.235530e+001 -8.819770e+000 -1.551277e+001
      vertex  8.819770e+000 -1.235530e+001 -1.551277e+001
      vertex  1.221184e+001 -8.676305e+000 -1.531328e+001
    endloop
  endfacet
  facet normal -4.957528e-001  4.957528e-001 -7.130626e-001
    outer loop
      vertex  1.221184e+001 -8.676305e+000 -1.531328e+001
      vertex  8.819770e+000 -1.235530e+001 -1.551277e+001
      vertex  8.676305e+000 -1.221184e+001 -1.531328e+001
    endloop
  endfacet
  facet normal -4.822499e-001  4.822499e-001 -7.313481e-001
    outer loop
      vertex  1.221184e+001 -8.676305e+000 -1.531328e+001
      vertex  8.676305e+000 -1.221184e+001 -1.531328e+001
      vertex  1.206469e+001 -8.529160e+000 -1.511923e+001
    endloop
  endfacet
  facet normal -4.822499e-001  4.822499e-001 -7.313481e-001
    outer loop
      vertex  1.206469e+001 -8.529160e+000 -1.511923e+001
      vertex  8.676305e+000 -1.221184e+001 -1.531328e+001
      vertex  8.529160e+000 -1.206469e+001 -1.511923e+001
    endloop
  endfacet
  facet normal -4.684093e-001  4.684093e-001 -7.491232e-001
    outer loop
      vertex  1.206469e+001 -8.529160e+000 -1.511923e+001
      vertex  8.529160e+000 -1.206469e+001 -1.511923e+001
      vertex  1.191397e+001 -8.378440e+000 -1.493074e+001
    endloop
  endfacet
  facet normal -4.684093e-001  4.684093e-001 -7.491232e-001
    outer loop
      vertex  1.191397e+001 -8.378440e+000 -1.493074e+001
      vertex  8.529160e+000 -1.206469e+001 -1.511923e+001
      vertex  8.378440e+000 -1.191397e+001 -1.493074e+001
    endloop
  endfacet
  facet normal -4.542448e-001  4.542448e-001 -7.663704e-001
    outer loop
      vertex  1.191397e+001 -8.378440e+000 -1.493074e+001
      vertex  8.378440e+000 -1.191397e+001 -1.493074e+001
      vertex  1.175978e+001 -8.224249e+000 -1.474796e+001
    endloop
  endfacet
  facet normal -4.542448e-001  4.542448e-001 -7.663704e-001
    outer loop
      vertex  1.175978e+001 -8.224249e+000 -1.474796e+001
      vertex  8.378440e+000 -1.191397e+001 -1.493074e+001
      vertex  8.224249e+000 -1.175978e+001 -1.474796e+001
    endloop
  endfacet
  facet normal -5.000387e-001  5.000387e-001  7.070520e-001
    outer loop
      vertex  7.764997e+000 -1.130053e+001  1.691590e-001
      vertex  1.130053e+001 -7.764997e+000  1.691590e-001
      vertex  7.624533e+000 -1.116007e+001 -2.951864e-002
    endloop
  endfacet
  facet normal -5.000387e-001  5.000387e-001  7.070521e-001
    outer loop
      vertex  7.624533e+000 -1.116007e+001 -2.951864e-002
      vertex  1.130053e+001 -7.764997e+000  1.691590e-001
      vertex  1.116007e+001 -7.624533e+000 -2.951864e-002
    endloop
  endfacet
  facet normal -5.138866e-001  5.138866e-001  6.869069e-001
    outer loop
      vertex  7.624533e+000 -1.116007e+001 -2.951864e-002
      vertex  1.116007e+001 -7.624533e+000 -2.951864e-002
      vertex  7.488070e+000 -1.102360e+001 -2.336984e-001
    endloop
  endfacet
  facet normal -5.138866e-001  5.138866e-001  6.869069e-001
    outer loop
      vertex  7.488070e+000 -1.102360e+001 -2.336984e-001
      vertex  1.116007e+001 -7.624533e+000 -2.951864e-002
      vertex  1.102360e+001 -7.488070e+000 -2.336984e-001
    endloop
  endfacet
  facet normal -5.273290e-001  5.273290e-001  6.662194e-001
    outer loop
      vertex  7.488070e+000 -1.102360e+001 -2.336984e-001
      vertex  1.102360e+001 -7.488070e+000 -2.336984e-001
      vertex  7.355718e+000 -1.089125e+001 -4.432189e-001
    endloop
  endfacet
  facet normal -5.273290e-001  5.273290e-001  6.662194e-001
    outer loop
      vertex  7.355718e+000 -1.089125e+001 -4.432189e-001
      vertex  1.102360e+001 -7.488070e+000 -2.336984e-001
      vertex  1.089125e+001 -7.355718e+000 -4.432189e-001
    endloop
  endfacet
  facet normal -5.403544e-001  5.403544e-001  6.450071e-001
    outer loop
      vertex  7.355718e+000 -1.089125e+001 -4.432189e-001
      vertex  1.089125e+001 -7.355718e+000 -4.432189e-001
      vertex  7.227579e+000 -1.076311e+001 -6.579150e-001
    endloop
  endfacet
  facet normal -5.403544e-001  5.403544e-001  6.450071e-001
    outer loop
      vertex  7.227579e+000 -1.076311e+001 -6.579150e-001
      vertex  1.089125e+001 -7.355718e+000 -4.432189e-001
      vertex  1.076311e+001 -7.227579e+000 -6.579150e-001
    endloop
  endfacet
  facet normal -5.529538e-001  5.529538e-001  6.232851e-001
    outer loop
      vertex  7.227579e+000 -1.076311e+001 -6.579150e-001
      vertex  1.076311e+001 -7.227579e+000 -6.579150e-001
      vertex  7.103756e+000 -1.063929e+001 -8.776171e-001
    endloop
  endfacet
  facet normal -5.529538e-001  5.529538e-001  6.232851e-001
    outer loop
      vertex  7.103756e+000 -1.063929e+001 -8.776171e-001
      vertex  1.076311e+001 -7.227579e+000 -6.579150e-001
      vertex  1.063929e+001 -7.103756e+000 -8.776171e-001
    endloop
  endfacet
  facet normal -5.651164e-001  5.651164e-001  6.010715e-001
    outer loop
      vertex  7.103756e+000 -1.063929e+001 -8.776171e-001
      vertex  1.063929e+001 -7.103756e+000 -8.776171e-001
      vertex  6.984346e+000 -1.051988e+001 -1.102152e+000
    endloop
  endfacet
  facet normal -5.651166e-001  5.651166e-001  6.010712e-001
    outer loop
      vertex  6.984346e+000 -1.051988e+001 -1.102152e+000
      vertex  1.063929e+001 -7.103756e+000 -8.776171e-001
      vertex  1.051988e+001 -6.984346e+000 -1.102152e+000
    endloop
  endfacet
  facet normal -5.768335e-001  5.768335e-001  5.783824e-001
    outer loop
      vertex  6.984346e+000 -1.051988e+001 -1.102152e+000
      vertex  1.051988e+001 -6.984346e+000 -1.102152e+000
      vertex  6.869443e+000 -1.040498e+001 -1.331342e+000
    endloop
  endfacet
  facet normal -5.768335e-001  5.768335e-001  5.783824e-001
    outer loop
      vertex  6.869443e+000 -1.040498e+001 -1.331342e+000
      vertex  1.051988e+001 -6.984346e+000 -1.102152e+000
      vertex  1.040498e+001 -6.869443e+000 -1.331342e+000
    endloop
  endfacet
  facet normal -5.880949e-001  5.880949e-001  5.552375e-001
    outer loop
      vertex  6.869443e+000 -1.040498e+001 -1.331342e+000
      vertex  1.040498e+001 -6.869443e+000 -1.331342e+000
      vertex  6.759138e+000 -1.029467e+001 -1.565006e+000
    endloop
  endfacet
  facet normal -5.880949e-001  5.880949e-001  5.552375e-001
    outer loop
      vertex  6.759138e+000 -1.029467e+001 -1.565006e+000
      vertex  1.040498e+001 -6.869443e+000 -1.331342e+000
      vertex  1.029467e+001 -6.759138e+000 -1.565006e+000
    endloop
  endfacet
  facet normal -5.988927e-001  5.988927e-001  5.316530e-001
    outer loop
      vertex  6.759138e+000 -1.029467e+001 -1.565006e+000
      vertex  1.029467e+001 -6.759138e+000 -1.565006e+000
      vertex  6.653519e+000 -1.018905e+001 -1.802961e+000
    endloop
  endfacet
  facet normal -5.988927e-001  5.988927e-001  5.316530e-001
    outer loop
      vertex  6.653519e+000 -1.018905e+001 -1.802961e+000
      vertex  1.029467e+001 -6.759138e+000 -1.565006e+000
      vertex  1.018905e+001 -6.653519e+000 -1.802961e+000
    endloop
  endfacet
  facet normal -6.092168e-001  6.092168e-001  5.076513e-001
    outer loop
      vertex  6.653519e+000 -1.018905e+001 -1.802961e+000
      vertex  1.018905e+001 -6.653519e+000 -1.802961e+000
      vertex  6.552668e+000 -1.008820e+001 -2.045018e+000
    endloop
  endfacet
  facet normal -6.092168e-001  6.092168e-001  5.076513e-001
    outer loop
      vertex  6.552668e+000 -1.008820e+001 -2.045018e+000
      vertex  1.018905e+001 -6.653519e+000 -1.802961e+000
      vertex  1.008820e+001 -6.552668e+000 -2.045018e+000
    endloop
  endfacet
  facet normal -6.190600e-001  6.190600e-001  4.832489e-001
    outer loop
      vertex  6.552668e+000 -1.008820e+001 -2.045018e+000
      vertex  1.008820e+001 -6.552668e+000 -2.045018e+000
      vertex  6.456665e+000 -9.992198e+000 -2.290986e+000
    endloop
  endfacet
  facet normal -6.190602e-001  6.190602e-001  4.832484e-001
    outer loop
      vertex  6.456665e+000 -9.992198e+000 -2.290986e+000
      vertex  1.008820e+001 -6.552668e+000 -2.045018e+000
      vertex  9.992198e+000 -6.456665e+000 -2.290986e+000
    endloop
  endfacet
  facet normal -6.284157e-001  6.284157e-001  4.584619e-001
    outer loop
      vertex  6.456665e+000 -9.992198e+000 -2.290986e+000
      vertex  9.992198e+000 -6.456665e+000 -2.290986e+000
      vertex  6.365585e+000 -9.901119e+000 -2.540670e+000
    endloop
  endfacet
  facet normal -6.284158e-001  6.284158e-001  4.584619e-001
    outer loop
      vertex  6.365585e+000 -9.901119e+000 -2.540670e+000
      vertex  9.992198e+000 -6.456665e+000 -2.290986e+000
      vertex  9.901119e+000 -6.365585e+000 -2.540670e+000
    endloop
  endfacet
  facet normal -6.372746e-001  6.372746e-001  4.333154e-001
    outer loop
      vertex  6.365585e+000 -9.901119e+000 -2.540670e+000
      vertex  9.901119e+000 -6.365585e+000 -2.540670e+000
      vertex  6.279502e+000 -9.815036e+000 -2.793875e+000
    endloop
  endfacet
  facet normal -6.372746e-001  6.372746e-001  4.333154e-001
    outer loop
      vertex  6.279502e+000 -9.815036e+000 -2.793875e+000
      vertex  9.901119e+000 -6.365585e+000 -2.540670e+000
      vertex  9.815036e+000 -6.279502e+000 -2.793875e+000
    endloop
  endfacet
  facet normal -6.456307e-001  6.456307e-001  4.078259e-001
    outer loop
      vertex  6.279502e+000 -9.815036e+000 -2.793875e+000
      vertex  9.815036e+000 -6.279502e+000 -2.793875e+000
      vertex  6.198482e+000 -9.734016e+000 -3.050400e+000
    endloop
  endfacet
  facet normal -6.456305e-001  6.456305e-001  4.078265e-001
    outer loop
      vertex  6.198482e+000 -9.734016e+000 -3.050400e+000
      vertex  9.815036e+000 -6.279502e+000 -2.793875e+000
      vertex  9.734016e+000 -6.198482e+000 -3.050400e+000
    endloop
  endfacet
  facet normal -6.534767e-001  6.534767e-001  3.820163e-001
    outer loop
      vertex  6.198482e+000 -9.734016e+000 -3.050400e+000
      vertex  9.734016e+000 -6.198482e+000 -3.050400e+000
      vertex  6.122590e+000 -9.658124e+000 -3.310042e+000
    endloop
  endfacet
  facet normal -6.534768e-001  6.534768e-001  3.820158e-001
    outer loop
      vertex  6.122590e+000 -9.658124e+000 -3.310042e+000
      vertex  9.734016e+000 -6.198482e+000 -3.050400e+000
      vertex  9.658124e+000 -6.122590e+000 -3.310042e+000
    endloop
  endfacet
  facet normal -6.608075e-001  6.608075e-001  3.559031e-001
    outer loop
      vertex  6.122590e+000 -9.658124e+000 -3.310042e+000
      vertex  9.658124e+000 -6.122590e+000 -3.310042e+000
      vertex  6.051886e+000 -9.587420e+000 -3.572597e+000
    endloop
  endfacet
  facet normal -6.608075e-001  6.608075e-001  3.559031e-001
    outer loop
      vertex  6.051886e+000 -9.587420e+000 -3.572597e+000
      vertex  9.658124e+000 -6.122590e+000 -3.310042e+000
      vertex  9.587420e+000 -6.051886e+000 -3.572597e+000
    endloop
  endfacet
  facet normal -6.676164e-001  6.676164e-001  3.295102e-001
    outer loop
      vertex  6.051886e+000 -9.587420e+000 -3.572597e+000
      vertex  9.587420e+000 -6.051886e+000 -3.572597e+000
      vertex  5.986424e+000 -9.521958e+000 -3.837858e+000
    endloop
  endfacet
  facet normal -6.676164e-001  6.676164e-001  3.295102e-001
    outer loop
      vertex  5.986424e+000 -9.521958e+000 -3.837858e+000
      vertex  9.587420e+000 -6.051886e+000 -3.572597e+000
      vertex  9.521958e+000 -5.986424e+000 -3.837858e+000
    endloop
  endfacet
  facet normal -6.738984e-001  6.738984e-001  3.028563e-001
    outer loop
      vertex  5.986424e+000 -9.521958e+000 -3.837858e+000
      vertex  9.521958e+000 -5.986424e+000 -3.837858e+000
      vertex  5.926259e+000 -9.461792e+000 -4.105614e+000
    endloop
  endfacet
  facet normal -6.738984e-001  6.738984e-001  3.028564e-001
    outer loop
      vertex  5.926259e+000 -9.461792e+000 -4.105614e+000
      vertex  9.521958e+000 -5.986424e+000 -3.837858e+000
      vertex  9.461792e+000 -5.926259e+000 -4.105614e+000
    endloop
  endfacet
  facet normal -6.796486e-001  6.796486e-001  2.759630e-001
    outer loop
      vertex  5.926259e+000 -9.461792e+000 -4.105614e+000
      vertex  9.461792e+000 -5.926259e+000 -4.105614e+000
      vertex  5.871435e+000 -9.406969e+000 -4.375655e+000
    endloop
  endfacet
  facet normal -6.796486e-001  6.796486e-001  2.759629e-001
    outer loop
      vertex  5.871435e+000 -9.406969e+000 -4.375655e+000
      vertex  9.461792e+000 -5.926259e+000 -4.105614e+000
      vertex  9.406969e+000 -5.871435e+000 -4.375655e+000
    endloop
  endfacet
  facet normal -6.848618e-001  6.848618e-001  2.488547e-001
    outer loop
      vertex  5.871435e+000 -9.406969e+000 -4.375655e+000
      vertex  9.406969e+000 -5.871435e+000 -4.375655e+000
      vertex  5.821997e+000 -9.357531e+000 -4.647768e+000
    endloop
  endfacet
  facet normal -6.848618e-001  6.848618e-001  2.488548e-001
    outer loop
      vertex  5.821997e+000 -9.357531e+000 -4.647768e+000
      vertex  9.406969e+000 -5.871435e+000 -4.375655e+000
      vertex  9.357531e+000 -5.821997e+000 -4.647768e+000
    endloop
  endfacet
  facet normal -6.895350e-001  6.895350e-001  2.215471e-001
    outer loop
      vertex  5.821997e+000 -9.357531e+000 -4.647768e+000
      vertex  9.357531e+000 -5.821997e+000 -4.647768e+000
      vertex  5.777984e+000 -9.313518e+000 -4.921737e+000
    endloop
  endfacet
  facet normal -6.895350e-001  6.895350e-001  2.215471e-001
    outer loop
      vertex  5.777984e+000 -9.313518e+000 -4.921737e+000
      vertex  9.357531e+000 -5.821997e+000 -4.647768e+000
      vertex  9.313518e+000 -5.777984e+000 -4.921737e+000
    endloop
  endfacet
  facet normal -6.936638e-001  6.936638e-001  1.940644e-001
    outer loop
      vertex  5.777984e+000 -9.313518e+000 -4.921737e+000
      vertex  9.313518e+000 -5.777984e+000 -4.921737e+000
      vertex  5.739431e+000 -9.274964e+000 -5.197346e+000
    endloop
  endfacet
  facet normal -6.936638e-001  6.936638e-001  1.940644e-001
    outer loop
      vertex  5.739431e+000 -9.274964e+000 -5.197346e+000
      vertex  9.313518e+000 -5.777984e+000 -4.921737e+000
      vertex  9.274964e+000 -5.739431e+000 -5.197346e+000
    endloop
  endfacet
  facet normal -6.972451e-001  6.972451e-001  1.664295e-001
    outer loop
      vertex  5.739431e+000 -9.274964e+000 -5.197346e+000
      vertex  9.274964e+000 -5.739431e+000 -5.197346e+000
      vertex  5.706367e+000 -9.241901e+000 -5.474379e+000
    endloop
  endfacet
  facet normal -6.972451e-001  6.972451e-001  1.664288e-001
    outer loop
      vertex  5.706367e+000 -9.241901e+000 -5.474379e+000
      vertex  9.274964e+000 -5.739431e+000 -5.197346e+000
      vertex  9.241901e+000 -5.706367e+000 -5.474379e+000
    endloop
  endfacet
  facet normal -7.002757e-001  7.002757e-001  1.386653e-001
    outer loop
      vertex  5.706367e+000 -9.241901e+000 -5.474379e+000
      vertex  9.241901e+000 -5.706367e+000 -5.474379e+000
      vertex  5.678820e+000 -9.214354e+000 -5.752615e+000
    endloop
  endfacet
  facet normal -7.002757e-001  7.002757e-001  1.386653e-001
    outer loop
      vertex  5.678820e+000 -9.214354e+000 -5.752615e+000
      vertex  9.241901e+000 -5.706367e+000 -5.474379e+000
      vertex  9.214354e+000 -5.678820e+000 -5.752615e+000
    endloop
  endfacet
  facet normal -7.027540e-001  7.027540e-001  1.107869e-001
    outer loop
      vertex  5.678820e+000 -9.214354e+000 -5.752615e+000
      vertex  9.214354e+000 -5.678820e+000 -5.752615e+000
      vertex  5.656811e+000 -9.192345e+000 -6.031837e+000
    endloop
  endfacet
  facet normal -7.027540e-001  7.027540e-001  1.107869e-001
    outer loop
      vertex  5.656811e+000 -9.192345e+000 -6.031837e+000
      vertex  9.214354e+000 -5.678820e+000 -5.752615e+000
      vertex  9.192345e+000 -5.656811e+000 -6.031837e+000
    endloop
  endfacet
  facet normal -7.046772e-001  7.046772e-001  8.282737e-002
    outer loop
      vertex  5.656811e+000 -9.192345e+000 -6.031837e+000
      vertex  9.192345e+000 -5.656811e+000 -6.031837e+000
      vertex  5.640356e+000 -9.175890e+000 -6.311822e+000
    endloop
  endfacet
  facet normal -7.046772e-001  7.046772e-001  8.282737e-002
    outer loop
      vertex  5.640356e+000 -9.175890e+000 -6.311822e+000
      vertex  9.192345e+000 -5.656811e+000 -6.031837e+000
      vertex  9.175890e+000 -5.640356e+000 -6.311822e+000
    endloop
  endfacet
  facet normal -7.060444e-001  7.060444e-001  5.479591e-002
    outer loop
      vertex  5.640356e+000 -9.175890e+000 -6.311822e+000
      vertex  9.175890e+000 -5.640356e+000 -6.311822e+000
      vertex  5.629470e+000 -9.165004e+000 -6.592351e+000
    endloop
  endfacet
  facet normal -7.060444e-001  7.060444e-001  5.479660e-002
    outer loop
      vertex  5.629470e+000 -9.165004e+000 -6.592351e+000
      vertex  9.175890e+000 -5.640356e+000 -6.311822e+000
      vertex  9.165004e+000 -5.629470e+000 -6.592351e+000
    endloop
  endfacet
  facet normal -7.068542e-001  7.068542e-001  2.672589e-002
    outer loop
      vertex  5.629470e+000 -9.165004e+000 -6.592351e+000
      vertex  9.165004e+000 -5.629470e+000 -6.592351e+000
      vertex  5.624161e+000 -9.159695e+000 -6.873201e+000
    endloop
  endfacet
  facet normal -7.068542e-001  7.068542e-001  2.672521e-002
    outer loop
      vertex  5.624161e+000 -9.159695e+000 -6.873201e+000
      vertex  9.165004e+000 -5.629470e+000 -6.592351e+000
      vertex  9.159695e+000 -5.624161e+000 -6.873201e+000
    endloop
  endfacet
  facet normal -7.071061e-001  7.071061e-001 -1.368643e-003
    outer loop
      vertex  5.624161e+000 -9.159695e+000 -6.873201e+000
      vertex  9.159695e+000 -5.624161e+000 -6.873201e+000
      vertex  5.624433e+000 -9.159966e+000 -7.154152e+000
    endloop
  endfacet
  facet normal -7.071061e-001  7.071061e-001 -1.368643e-003
    outer loop
      vertex  5.624433e+000 -9.159966e+000 -7.154152e+000
      vertex  9.159695e+000 -5.624161e+000 -6.873201e+000
      vertex  9.159966e+000 -5.624433e+000 -7.154152e+000
    endloop
  endfacet
  facet normal -7.067999e-001  7.067999e-001 -2.946113e-002
    outer loop
      vertex  5.624433e+000 -9.159966e+000 -7.154152e+000
      vertex  9.159966e+000 -5.624433e+000 -7.154152e+000
      vertex  5.630285e+000 -9.165819e+000 -7.434981e+000
    endloop
  endfacet
  facet normal -7.067999e-001  7.067999e-001 -2.946113e-002
    outer loop
      vertex  5.630285e+000 -9.165819e+000 -7.434981e+000
      vertex  9.159966e+000 -5.624433e+000 -7.154152e+000
      vertex  9.165819e+000 -5.630285e+000 -7.434981e+000
    endloop
  endfacet
  facet normal -7.059358e-001  7.059358e-001 -5.752791e-002
    outer loop
      vertex  5.630285e+000 -9.165819e+000 -7.434981e+000
      vertex  9.165819e+000 -5.630285e+000 -7.434981e+000
      vertex  5.641714e+000 -9.177248e+000 -7.715466e+000
    endloop
  endfacet
  facet normal -7.059357e-001  7.059357e-001 -5.752790e-002
    outer loop
      vertex  5.641714e+000 -9.177248e+000 -7.715466e+000
      vertex  9.165819e+000 -5.630285e+000 -7.434981e+000
      vertex  9.177248e+000 -5.641714e+000 -7.715466e+000
    endloop
  endfacet
  facet normal -7.045144e-001  7.045144e-001 -8.555032e-002
    outer loop
      vertex  5.641714e+000 -9.177248e+000 -7.715466e+000
      vertex  9.177248e+000 -5.641714e+000 -7.715466e+000
      vertex  5.658710e+000 -9.194243e+000 -7.995387e+000
    endloop
  endfacet
  facet normal -7.045144e-001  7.045144e-001 -8.555100e-002
    outer loop
      vertex  5.658710e+000 -9.194243e+000 -7.995387e+000
      vertex  9.177248e+000 -5.641714e+000 -7.715466e+000
      vertex  9.194243e+000 -5.658710e+000 -7.995387e+000
    endloop
  endfacet
  facet normal -7.025368e-001  7.025368e-001 -1.135079e-001
    outer loop
      vertex  5.658710e+000 -9.194243e+000 -7.995387e+000
      vertex  9.194243e+000 -5.658710e+000 -7.995387e+000
      vertex  5.681259e+000 -9.216793e+000 -8.274522e+000
    endloop
  endfacet
  facet normal -7.025368e-001  7.025368e-001 -1.135079e-001
    outer loop
      vertex  5.681259e+000 -9.216793e+000 -8.274522e+000
      vertex  9.194243e+000 -5.658710e+000 -7.995387e+000
      vertex  9.216793e+000 -5.681259e+000 -8.274522e+000
    endloop
  endfacet
  facet normal -7.000049e-001  7.000049e-001 -1.413726e-001
    outer loop
      vertex  5.681259e+000 -9.216793e+000 -8.274522e+000
      vertex  9.216793e+000 -5.681259e+000 -8.274522e+000
      vertex  5.709344e+000 -9.244879e+000 -8.552651e+000
    endloop
  endfacet
  facet normal -7.000049e-001  7.000049e-001 -1.413726e-001
    outer loop
      vertex  5.709344e+000 -9.244879e+000 -8.552651e+000
      vertex  9.216793e+000 -5.681259e+000 -8.274522e+000
      vertex  9.244879e+000 -5.709344e+000 -8.552651e+000
    endloop
  endfacet
  facet normal -6.969203e-001  6.969203e-001 -1.691274e-001
    outer loop
      vertex  5.709344e+000 -9.244879e+000 -8.552651e+000
      vertex  9.244879e+000 -5.709344e+000 -8.552651e+000
      vertex  5.742944e+000 -9.278478e+000 -8.829555e+000
    endloop
  endfacet
  facet normal -6.969204e-001  6.969204e-001 -1.691268e-001
    outer loop
      vertex  5.742944e+000 -9.278478e+000 -8.829555e+000
      vertex  9.244879e+000 -5.709344e+000 -8.552651e+000
      vertex  9.278478e+000 -5.742944e+000 -8.829555e+000
    endloop
  endfacet
  facet normal -6.932857e-001  6.932857e-001 -1.967480e-001
    outer loop
      vertex  5.742944e+000 -9.278478e+000 -8.829555e+000
      vertex  9.278478e+000 -5.742944e+000 -8.829555e+000
      vertex  5.782030e+000 -9.317564e+000 -9.105014e+000
    endloop
  endfacet
  facet normal -6.932857e-001  6.932857e-001 -1.967480e-001
    outer loop
      vertex  5.782030e+000 -9.317564e+000 -9.105014e+000
      vertex  9.278478e+000 -5.742944e+000 -8.829555e+000
      vertex  9.317564e+000 -5.782030e+000 -9.105014e+000
    endloop
  endfacet
  facet normal -6.891041e-001  6.891041e-001 -2.242124e-001
    outer loop
      vertex  5.782030e+000 -9.317564e+000 -9.105014e+000
      vertex  9.317564e+000 -5.782030e+000 -9.105014e+000
      vertex  5.826573e+000 -9.362106e+000 -9.378812e+000
    endloop
  endfacet
  facet normal -6.891041e-001  6.891041e-001 -2.242124e-001
    outer loop
      vertex  5.826573e+000 -9.362106e+000 -9.378812e+000
      vertex  9.317564e+000 -5.782030e+000 -9.105014e+000
      vertex  9.362106e+000 -5.826573e+000 -9.378812e+000
    endloop
  endfacet
  facet normal -6.843781e-001  6.843781e-001 -2.515025e-001
    outer loop
      vertex  5.826573e+000 -9.362106e+000 -9.378812e+000
      vertex  9.362106e+000 -5.826573e+000 -9.378812e+000
      vertex  5.876537e+000 -9.412070e+000 -9.650732e+000
    endloop
  endfacet
  facet normal -6.843781e-001  6.843781e-001 -2.515025e-001
    outer loop
      vertex  5.876537e+000 -9.412070e+000 -9.650732e+000
      vertex  9.362106e+000 -5.826573e+000 -9.378812e+000
      vertex  9.412070e+000 -5.876537e+000 -9.650732e+000
    endloop
  endfacet
  facet normal -6.791118e-001  6.791118e-001 -2.785935e-001
    outer loop
      vertex  5.876537e+000 -9.412070e+000 -9.650732e+000
      vertex  9.412070e+000 -5.876537e+000 -9.650732e+000
      vertex  5.931882e+000 -9.467417e+000 -9.920560e+000
    endloop
  endfacet
  facet normal -6.791118e-001  6.791118e-001 -2.785935e-001
    outer loop
      vertex  5.931882e+000 -9.467417e+000 -9.920560e+000
      vertex  9.412070e+000 -5.876537e+000 -9.650732e+000
      vertex  9.467417e+000 -5.931882e+000 -9.920560e+000
    endloop
  endfacet
  facet normal -6.733105e-001  6.733105e-001 -3.054605e-001
    outer loop
      vertex  5.931882e+000 -9.467417e+000 -9.920560e+000
      vertex  9.467417e+000 -5.931882e+000 -9.920560e+000
      vertex  5.992566e+000 -9.528100e+000 -1.018808e+001
    endloop
  endfacet
  facet normal -6.733105e-001  6.733105e-001 -3.054606e-001
    outer loop
      vertex  5.992566e+000 -9.528100e+000 -1.018808e+001
      vertex  9.467417e+000 -5.931882e+000 -9.920560e+000
      vertex  9.528100e+000 -5.992566e+000 -1.018808e+001
    endloop
  endfacet
  facet normal -6.669762e-001  6.669762e-001 -3.320928e-001
    outer loop
      vertex  5.992566e+000 -9.528100e+000 -1.018808e+001
      vertex  9.528100e+000 -5.992566e+000 -1.018808e+001
      vertex  6.058540e+000 -9.594074e+000 -1.045309e+001
    endloop
  endfacet
  facet normal -6.669762e-001  6.669762e-001 -3.320928e-001
    outer loop
      vertex  6.058540e+000 -9.594074e+000 -1.045309e+001
      vertex  9.528100e+000 -5.992566e+000 -1.018808e+001
      vertex  9.594074e+000 -6.058540e+000 -1.045309e+001
    endloop
  endfacet
  facet normal -6.601169e-001  6.601169e-001 -3.584571e-001
    outer loop
      vertex  6.058540e+000 -9.594074e+000 -1.045309e+001
      vertex  9.594074e+000 -6.058540e+000 -1.045309e+001
      vertex  6.129752e+000 -9.665286e+000 -1.071537e+001
    endloop
  endfacet
  facet normal -6.601169e-001  6.601169e-001 -3.584571e-001
    outer loop
      vertex  6.129752e+000 -9.665286e+000 -1.071537e+001
      vertex  9.594074e+000 -6.058540e+000 -1.045309e+001
      vertex  9.665286e+000 -6.129752e+000 -1.071537e+001
    endloop
  endfacet
  facet normal -6.527355e-001  6.527355e-001 -3.845424e-001
    outer loop
      vertex  6.129752e+000 -9.665286e+000 -1.071537e+001
      vertex  9.665286e+000 -6.129752e+000 -1.071537e+001
      vertex  6.206146e+000 -9.741680e+000 -1.097472e+001
    endloop
  endfacet
  facet normal -6.527355e-001  6.527355e-001 -3.845424e-001
    outer loop
      vertex  6.206146e+000 -9.741680e+000 -1.097472e+001
      vertex  9.665286e+000 -6.129752e+000 -1.071537e+001
      vertex  9.741680e+000 -6.206146e+000 -1.097472e+001
    endloop
  endfacet
  facet normal -6.448392e-001  6.448392e-001 -4.103229e-001
    outer loop
      vertex  6.206146e+000 -9.741680e+000 -1.097472e+001
      vertex  9.741680e+000 -6.206146e+000 -1.097472e+001
      vertex  6.287662e+000 -9.823195e+000 -1.123093e+001
    endloop
  endfacet
  facet normal -6.448393e-001  6.448393e-001 -4.103224e-001
    outer loop
      vertex  6.287662e+000 -9.823195e+000 -1.123093e+001
      vertex  9.741680e+000 -6.206146e+000 -1.097472e+001
      vertex  9.823195e+000 -6.287662e+000 -1.123093e+001
    endloop
  endfacet
  facet normal -6.364335e-001  6.364335e-001 -4.357807e-001
    outer loop
      vertex  6.287662e+000 -9.823195e+000 -1.123093e+001
      vertex  9.823195e+000 -6.287662e+000 -1.123093e+001
      vertex  6.374235e+000 -9.909769e+000 -1.148380e+001
    endloop
  endfacet
  facet normal -6.364335e-001  6.364335e-001 -4.357806e-001
    outer loop
      vertex  6.374235e+000 -9.909769e+000 -1.148380e+001
      vertex  9.823195e+000 -6.287662e+000 -1.123093e+001
      vertex  9.909769e+000 -6.374235e+000 -1.148380e+001
    endloop
  endfacet
  facet normal -6.275267e-001  6.275267e-001 -4.608910e-001
    outer loop
      vertex  6.374235e+000 -9.909769e+000 -1.148380e+001
      vertex  9.909769e+000 -6.374235e+000 -1.148380e+001
      vertex  6.465796e+000 -1.000133e+001 -1.173313e+001
    endloop
  endfacet
  facet normal -6.275266e-001  6.275266e-001 -4.608911e-001
    outer loop
      vertex  6.465796e+000 -1.000133e+001 -1.173313e+001
      vertex  9.909769e+000 -6.374235e+000 -1.148380e+001
      vertex  1.000133e+001 -6.465796e+000 -1.173313e+001
    endloop
  endfacet
  facet normal -6.181238e-001  6.181238e-001 -4.856398e-001
    outer loop
      vertex  6.465796e+000 -1.000133e+001 -1.173313e+001
      vertex  1.000133e+001 -6.465796e+000 -1.173313e+001
      vertex  6.562275e+000 -1.009781e+001 -1.197873e+001
    endloop
  endfacet
  facet normal -6.181238e-001  6.181238e-001 -4.856398e-001
    outer loop
      vertex  6.562275e+000 -1.009781e+001 -1.197873e+001
      vertex  1.000133e+001 -6.465796e+000 -1.173313e+001
      vertex  1.009781e+001 -6.562275e+000 -1.197873e+001
    endloop
  endfacet
  facet normal -6.082320e-001  6.082320e-001 -5.100076e-001
    outer loop
      vertex  6.562275e+000 -1.009781e+001 -1.197873e+001
      vertex  1.009781e+001 -6.562275e+000 -1.197873e+001
      vertex  6.663594e+000 -1.019913e+001 -1.222039e+001
    endloop
  endfacet
  facet normal -6.082320e-001  6.082320e-001 -5.100076e-001
    outer loop
      vertex  6.663594e+000 -1.019913e+001 -1.222039e+001
      vertex  1.009781e+001 -6.562275e+000 -1.197873e+001
      vertex  1.019913e+001 -6.663594e+000 -1.222039e+001
    endloop
  endfacet
  facet normal -5.978620e-001  5.978620e-001 -5.339682e-001
    outer loop
      vertex  6.663594e+000 -1.019913e+001 -1.222039e+001
      vertex  1.019913e+001 -6.663594e+000 -1.222039e+001
      vertex  6.769673e+000 -1.030521e+001 -1.245794e+001
    endloop
  endfacet
  facet normal -5.978620e-001  5.978620e-001 -5.339682e-001
    outer loop
      vertex  6.769673e+000 -1.030521e+001 -1.245794e+001
      vertex  1.019913e+001 -6.663594e+000 -1.222039e+001
      vertex  1.030521e+001 -6.769673e+000 -1.245794e+001
    endloop
  endfacet
  facet normal -5.870177e-001  5.870177e-001 -5.575128e-001
    outer loop
      vertex  6.769673e+000 -1.030521e+001 -1.245794e+001
      vertex  1.030521e+001 -6.769673e+000 -1.245794e+001
      vertex  6.880430e+000 -1.041596e+001 -1.269117e+001
    endloop
  endfacet
  facet normal -5.870177e-001  5.870177e-001 -5.575128e-001
    outer loop
      vertex  6.880430e+000 -1.041596e+001 -1.269117e+001
      vertex  1.030521e+001 -6.769673e+000 -1.245794e+001
      vertex  1.041596e+001 -6.880430e+000 -1.269117e+001
    endloop
  endfacet
  facet normal -5.757127e-001  5.757127e-001 -5.806115e-001
    outer loop
      vertex  6.880430e+000 -1.041596e+001 -1.269117e+001
      vertex  1.041596e+001 -6.880430e+000 -1.269117e+001
      vertex  6.995776e+000 -1.053131e+001 -1.291992e+001
    endloop
  endfacet
  facet normal -5.757126e-001  5.757126e-001 -5.806116e-001
    outer loop
      vertex  6.995776e+000 -1.053131e+001 -1.291992e+001
      vertex  1.041596e+001 -6.880430e+000 -1.269117e+001
      vertex  1.053131e+001 -6.995776e+000 -1.291992e+001
    endloop
  endfacet
  facet normal -5.639520e-001  5.639520e-001 -6.032547e-001
    outer loop
      vertex  6.995776e+000 -1.053131e+001 -1.291992e+001
      vertex  1.053131e+001 -6.995776e+000 -1.291992e+001
      vertex  7.115620e+000 -1.065115e+001 -1.314399e+001
    endloop
  endfacet
  facet normal -5.639520e-001  5.639520e-001 -6.032546e-001
    outer loop
      vertex  7.115620e+000 -1.065115e+001 -1.314399e+001
      vertex  1.053131e+001 -6.995776e+000 -1.291992e+001
      vertex  1.065115e+001 -7.115620e+000 -1.314399e+001
    endloop
  endfacet
  facet normal -5.517462e-001  5.517462e-001 -6.254217e-001
    outer loop
      vertex  7.115620e+000 -1.065115e+001 -1.314399e+001
      vertex  1.065115e+001 -7.115620e+000 -1.314399e+001
      vertex  7.239867e+000 -1.077540e+001 -1.336321e+001
    endloop
  endfacet
  facet normal -5.517462e-001  5.517462e-001 -6.254217e-001
    outer loop
      vertex  7.239867e+000 -1.077540e+001 -1.336321e+001
      vertex  1.065115e+001 -7.115620e+000 -1.314399e+001
      vertex  1.077540e+001 -7.239867e+000 -1.336321e+001
    endloop
  endfacet
  facet normal -5.391042e-001  5.391042e-001 -6.470960e-001
    outer loop
      vertex  7.239867e+000 -1.077540e+001 -1.336321e+001
      vertex  1.077540e+001 -7.239867e+000 -1.336321e+001
      vertex  7.368421e+000 -1.090395e+001 -1.357741e+001
    endloop
  endfacet
  facet normal -5.391042e-001  5.391042e-001 -6.470960e-001
    outer loop
      vertex  7.368421e+000 -1.090395e+001 -1.357741e+001
      vertex  1.077540e+001 -7.239867e+000 -1.336321e+001
      vertex  1.090395e+001 -7.368421e+000 -1.357741e+001
    endloop
  endfacet
  facet normal -5.260389e-001  5.260389e-001 -6.682562e-001
    outer loop
      vertex  7.368421e+000 -1.090395e+001 -1.357741e+001
      vertex  1.090395e+001 -7.368421e+000 -1.357741e+001
      vertex  7.501178e+000 -1.103671e+001 -1.378642e+001
    endloop
  endfacet
  facet normal -5.260389e-001  5.260389e-001 -6.682562e-001
    outer loop
      vertex  7.501178e+000 -1.103671e+001 -1.378642e+001
      vertex  1.090395e+001 -7.368421e+000 -1.357741e+001
      vertex  1.103671e+001 -7.501178e+000 -1.378642e+001
    endloop
  endfacet
  facet normal -5.125561e-001  5.125561e-001 -6.888922e-001
    outer loop
      vertex  7.501178e+000 -1.103671e+001 -1.378642e+001
      vertex  1.103671e+001 -7.501178e+000 -1.378642e+001
      vertex  7.638035e+000 -1.117357e+001 -1.399007e+001
    endloop
  endfacet
  facet normal -5.125561e-001  5.125561e-001 -6.888922e-001
    outer loop
      vertex  7.638035e+000 -1.117357e+001 -1.399007e+001
      vertex  1.103671e+001 -7.501178e+000 -1.378642e+001
      vertex  1.117357e+001 -7.638035e+000 -1.399007e+001
    endloop
  endfacet
  facet normal -4.986695e-001  4.986695e-001 -7.089835e-001
    outer loop
      vertex  7.638035e+000 -1.117357e+001 -1.399007e+001
      vertex  1.117357e+001 -7.638035e+000 -1.399007e+001
      vertex  7.778883e+000 -1.131442e+001 -1.418820e+001
    endloop
  endfacet
  facet normal -4.986695e-001  4.986695e-001 -7.089835e-001
    outer loop
      vertex  7.778883e+000 -1.131442e+001 -1.418820e+001
      vertex  1.117357e+001 -7.638035e+000 -1.399007e+001
      vertex  1.131442e+001 -7.778883e+000 -1.418820e+001
    endloop
  endfacet
  facet normal -4.843881e-001  4.843881e-001 -7.285166e-001
    outer loop
      vertex  7.778883e+000 -1.131442e+001 -1.418820e+001
      vertex  1.131442e+001 -7.778883e+000 -1.418820e+001
      vertex  7.923612e+000 -1.145915e+001 -1.438066e+001
    endloop
  endfacet
  facet normal -4.843881e-001  4.843881e-001 -7.285166e-001
    outer loop
      vertex  7.923612e+000 -1.145915e+001 -1.438066e+001
      vertex  1.131442e+001 -7.778883e+000 -1.418820e+001
      vertex  1.145915e+001 -7.923612e+000 -1.438066e+001
    endloop
  endfacet
  facet normal -4.697262e-001  4.697262e-001 -7.474720e-001
    outer loop
      vertex  7.923612e+000 -1.145915e+001 -1.438066e+001
      vertex  1.145915e+001 -7.923612e+000 -1.438066e+001
      vertex  8.072106e+000 -1.160764e+001 -1.456730e+001
    endloop
  endfacet
  facet normal -4.697262e-001  4.697262e-001 -7.474720e-001
    outer loop
      vertex  8.072106e+000 -1.160764e+001 -1.456730e+001
      vertex  1.145915e+001 -7.923612e+000 -1.438066e+001
      vertex  1.160764e+001 -8.072106e+000 -1.456730e+001
    endloop
  endfacet
  facet normal -4.546937e-001  4.546937e-001 -7.658376e-001
    outer loop
      vertex  8.072106e+000 -1.160764e+001 -1.456730e+001
      vertex  1.160764e+001 -8.072106e+000 -1.456730e+001
      vertex  8.224249e+000 -1.175978e+001 -1.474796e+001
    endloop
  endfacet
  facet normal -4.546937e-001  4.546937e-001 -7.658376e-001
    outer loop
      vertex  8.224249e+000 -1.175978e+001 -1.474796e+001
      vertex  1.160764e+001 -8.072106e+000 -1.456730e+001
      vertex  1.175978e+001 -8.224249e+000 -1.474796e+001
    endloop
  endfacet
  facet normal -4.999649e-001  4.999649e-001  7.071564e-001
    outer loop
      vertex  1.130053e+001 -7.764997e+000  1.691590e-001
      vertex  7.764997e+000 -1.130053e+001  1.691590e-001
      vertex  1.143952e+001 -7.903990e+000  3.656965e-001
    endloop
  endfacet
  facet normal -4.999646e-001  4.999646e-001  7.071568e-001
    outer loop
      vertex  1.143952e+001 -7.903990e+000  3.656965e-001
      vertex  7.764997e+000 -1.130053e+001  1.691590e-001
      vertex  7.903990e+000 -1.143952e+001  3.656965e-001
    endloop
  endfacet
  facet normal -5.136690e-001  5.136690e-001  6.872323e-001
    outer loop
      vertex  1.143952e+001 -7.903990e+000  3.656965e-001
      vertex  7.903990e+000 -1.143952e+001  3.656965e-001
      vertex  1.157460e+001 -8.039066e+000  5.676213e-001
    endloop
  endfacet
  facet normal -5.136690e-001  5.136690e-001  6.872323e-001
    outer loop
      vertex  1.157460e+001 -8.039066e+000  5.676213e-001
      vertex  7.903990e+000 -1.143952e+001  3.656965e-001
      vertex  8.039066e+000 -1.157460e+001  5.676213e-001
    endloop
  endfacet
  facet normal -5.269770e-001  5.269770e-001  6.667761e-001
    outer loop
      vertex  1.157460e+001 -8.039066e+000  5.676213e-001
      vertex  8.039066e+000 -1.157460e+001  5.676213e-001
      vertex  1.170566e+001 -8.170122e+000  7.747775e-001
    endloop
  endfacet
  facet normal -5.269770e-001  5.269770e-001  6.667761e-001
    outer loop
      vertex  1.170566e+001 -8.170122e+000  7.747775e-001
      vertex  8.039066e+000 -1.157460e+001  5.676213e-001
      vertex  8.170122e+000 -1.170566e+001  7.747775e-001
    endloop
  endfacet
  facet normal -5.398772e-001  5.398772e-001  6.458057e-001
    outer loop
      vertex  1.170566e+001 -8.170122e+000  7.747775e-001
      vertex  8.170122e+000 -1.170566e+001  7.747775e-001
      vertex  1.183259e+001 -8.297056e+000  9.870050e-001
    endloop
  endfacet
  facet normal -5.398772e-001  5.398772e-001  6.458057e-001
    outer loop
      vertex  1.183259e+001 -8.297056e+000  9.870050e-001
      vertex  8.170122e+000 -1.170566e+001  7.747775e-001
      vertex  8.297056e+000 -1.183259e+001  9.870050e-001
    endloop
  endfacet
  facet normal -5.523610e-001  5.523610e-001  6.243353e-001
    outer loop
      vertex  1.183259e+001 -8.297056e+000  9.870050e-001
      vertex  8.297056e+000 -1.183259e+001  9.870050e-001
      vertex  1.195530e+001 -8.419770e+000  1.204140e+000
    endloop
  endfacet
  facet normal -5.523610e-001  5.523610e-001  6.243353e-001
    outer loop
      vertex  1.195530e+001 -8.419770e+000  1.204140e+000
      vertex  8.297056e+000 -1.183259e+001  9.870050e-001
      vertex  8.419770e+000 -1.195530e+001  1.204140e+000
    endloop
  endfacet
  facet normal -5.644187e-001  5.644187e-001  6.023811e-001
    outer loop
      vertex  1.195530e+001 -8.419770e+000  1.204140e+000
      vertex  8.419770e+000 -1.195530e+001  1.204140e+000
      vertex  1.207370e+001 -8.538169e+000  1.426014e+000
    endloop
  endfacet
  facet normal -5.644187e-001  5.644187e-001  6.023811e-001
    outer loop
      vertex  1.207370e+001 -8.538169e+000  1.426014e+000
      vertex  8.419770e+000 -1.195530e+001  1.204140e+000
      vertex  8.538169e+000 -1.207370e+001  1.426014e+000
    endloop
  endfacet
  facet normal -5.760373e-001  5.760373e-001  5.799673e-001
    outer loop
      vertex  1.207370e+001 -8.538169e+000  1.426014e+000
      vertex  8.538169e+000 -1.207370e+001  1.426014e+000
      vertex  1.218770e+001 -8.652163e+000  1.652457e+000
    endloop
  endfacet
  facet normal -5.760373e-001  5.760373e-001  5.799673e-001
    outer loop
      vertex  1.218770e+001 -8.652163e+000  1.652457e+000
      vertex  8.538169e+000 -1.207370e+001  1.426014e+000
      vertex  8.652163e+000 -1.218770e+001  1.652457e+000
    endloop
  endfacet
  facet normal -5.872154e-001  5.872154e-001  5.570961e-001
    outer loop
      vertex  1.218770e+001 -8.652163e+000  1.652457e+000
      vertex  8.652163e+000 -1.218770e+001  1.652457e+000
      vertex  1.229719e+001 -8.761661e+000  1.883293e+000
    endloop
  endfacet
  facet normal -5.872154e-001  5.872154e-001  5.570961e-001
    outer loop
      vertex  1.229719e+001 -8.761661e+000  1.883293e+000
      vertex  8.652163e+000 -1.218770e+001  1.652457e+000
      vertex  8.761661e+000 -1.229719e+001  1.883293e+000
    endloop
  endfacet
  facet normal -5.979366e-001  5.979366e-001  5.338011e-001
    outer loop
      vertex  1.229719e+001 -8.761661e+000  1.883293e+000
      vertex  8.761661e+000 -1.229719e+001  1.883293e+000
      vertex  1.240211e+001 -8.866580e+000  2.118343e+000
    endloop
  endfacet
  facet normal -5.979366e-001  5.979366e-001  5.338011e-001
    outer loop
      vertex  1.240211e+001 -8.866580e+000  2.118343e+000
      vertex  8.761661e+000 -1.229719e+001  1.883293e+000
      vertex  8.866580e+000 -1.240211e+001  2.118343e+000
    endloop
  endfacet
  facet normal -6.081957e-001  6.081957e-001  5.100942e-001
    outer loop
      vertex  1.240211e+001 -8.866580e+000  2.118343e+000
      vertex  8.866580e+000 -1.240211e+001  2.118343e+000
      vertex  1.250237e+001 -8.966840e+000  2.357427e+000
    endloop
  endfacet
  facet normal -6.081957e-001  6.081957e-001  5.100942e-001
    outer loop
      vertex  1.250237e+001 -8.966840e+000  2.357427e+000
      vertex  8.866580e+000 -1.240211e+001  2.118343e+000
      vertex  8.966840e+000 -1.250237e+001  2.357427e+000
    endloop
  endfacet
  facet normal -6.179864e-001  6.179864e-001  4.859891e-001
    outer loop
      vertex  1.250237e+001 -8.966840e+000  2.357427e+000
      vertex  8.966840e+000 -1.250237e+001  2.357427e+000
      vertex  1.259790e+001 -9.062362e+000  2.600359e+000
    endloop
  endfacet
  facet normal -6.179864e-001  6.179864e-001  4.859891e-001
    outer loop
      vertex  1.259790e+001 -9.062362e+000  2.600359e+000
      vertex  8.966840e+000 -1.250237e+001  2.357427e+000
      vertex  9.062362e+000 -1.259790e+001  2.600359e+000
    endloop
  endfacet
  facet normal -6.272990e-001  6.272990e-001  4.615105e-001
    outer loop
      vertex  1.259790e+001 -9.062362e+000  2.600359e+000
      vertex  9.062362e+000 -1.259790e+001  2.600359e+000
      vertex  1.268861e+001 -9.153072e+000  2.846952e+000
    endloop
  endfacet
  facet normal -6.272990e-001  6.272990e-001  4.615105e-001
    outer loop
      vertex  1.268861e+001 -9.153072e+000  2.846952e+000
      vertex  9.062362e+000 -1.259790e+001  2.600359e+000
      vertex  9.153072e+000 -1.268861e+001  2.846952e+000
    endloop
  endfacet
  facet normal -6.361274e-001  6.361274e-001  4.366739e-001
    outer loop
      vertex  1.268861e+001 -9.153072e+000  2.846952e+000
      vertex  9.153072e+000 -1.268861e+001  2.846952e+000
      vertex  1.277444e+001 -9.238901e+000  3.097015e+000
    endloop
  endfacet
  facet normal -6.361274e-001  6.361274e-001  4.366739e-001
    outer loop
      vertex  1.277444e+001 -9.238901e+000  3.097015e+000
      vertex  9.153072e+000 -1.268861e+001  2.846952e+000
      vertex  9.238901e+000 -1.277444e+001  3.097015e+000
    endloop
  endfacet
  facet normal -6.444625e-001  6.444625e-001  4.115050e-001
    outer loop
      vertex  1.277444e+001 -9.238901e+000  3.097015e+000
      vertex  9.238901e+000 -1.277444e+001  3.097015e+000
      vertex  1.285532e+001 -9.319783e+000  3.350356e+000
    endloop
  endfacet
  facet normal -6.444625e-001  6.444625e-001  4.115050e-001
    outer loop
      vertex  1.285532e+001 -9.319783e+000  3.350356e+000
      vertex  9.238901e+000 -1.277444e+001  3.097015e+000
      vertex  9.319783e+000 -1.285532e+001  3.350356e+000
    endloop
  endfacet
  facet normal -6.523024e-001  6.523024e-001  3.860092e-001
    outer loop
      vertex  1.285532e+001 -9.319783e+000  3.350356e+000
      vertex  9.319783e+000 -1.285532e+001  3.350356e+000
      vertex  1.293119e+001 -9.395654e+000  3.606777e+000
    endloop
  endfacet
  facet normal -6.523024e-001  6.523024e-001  3.860092e-001
    outer loop
      vertex  1.293119e+001 -9.395654e+000  3.606777e+000
      vertex  9.319783e+000 -1.285532e+001  3.350356e+000
      vertex  9.395654e+000 -1.293119e+001  3.606777e+000
    endloop
  endfacet
  facet normal -6.596356e-001  6.596356e-001  3.602245e-001
    outer loop
      vertex  1.293119e+001 -9.395654e+000  3.606777e+000
      vertex  9.395654e+000 -1.293119e+001  3.606777e+000
      vertex  1.300199e+001 -9.466456e+000  3.866082e+000
    endloop
  endfacet
  facet normal -6.596356e-001  6.596356e-001  3.602245e-001
    outer loop
      vertex  1.300199e+001 -9.466456e+000  3.866082e+000
      vertex  9.395654e+000 -1.293119e+001  3.606777e+000
      vertex  9.466456e+000 -1.300199e+001  3.866082e+000
    endloop
  endfacet
  facet normal -6.664600e-001  6.664600e-001  3.341588e-001
    outer loop
      vertex  1.300199e+001 -9.466456e+000  3.866082e+000
      vertex  9.466456e+000 -1.300199e+001  3.866082e+000
      vertex  1.306767e+001 -9.532136e+000  4.128070e+000
    endloop
  endfacet
  facet normal -6.664600e-001  6.664600e-001  3.341588e-001
    outer loop
      vertex  1.306767e+001 -9.532136e+000  4.128070e+000
      vertex  9.466456e+000 -1.300199e+001  3.866082e+000
      vertex  9.532136e+000 -1.306767e+001  4.128070e+000
    endloop
  endfacet
  facet normal -6.727712e-001  6.727712e-001  3.078279e-001
    outer loop
      vertex  1.306767e+001 -9.532136e+000  4.128070e+000
      vertex  9.532136e+000 -1.306767e+001  4.128070e+000
      vertex  1.312817e+001 -9.592640e+000  4.392538e+000
    endloop
  endfacet
  facet normal -6.727712e-001  6.727712e-001  3.078279e-001
    outer loop
      vertex  1.312817e+001 -9.592640e+000  4.392538e+000
      vertex  9.532136e+000 -1.306767e+001  4.128070e+000
      vertex  9.592640e+000 -1.312817e+001  4.392538e+000
    endloop
  endfacet
  facet normal -6.785604e-001  6.785604e-001  2.812675e-001
    outer loop
      vertex  1.312817e+001 -9.592640e+000  4.392538e+000
      vertex  9.592640e+000 -1.312817e+001  4.392538e+000
      vertex  1.318346e+001 -9.647923e+000  4.659282e+000
    endloop
  endfacet
  facet normal -6.785604e-001  6.785604e-001  2.812675e-001
    outer loop
      vertex  1.318346e+001 -9.647923e+000  4.659282e+000
      vertex  9.592640e+000 -1.312817e+001  4.392538e+000
      vertex  9.647923e+000 -1.318346e+001  4.659282e+000
    endloop
  endfacet
  facet normal -6.838257e-001  6.838257e-001  2.544893e-001
    outer loop
      vertex  1.318346e+001 -9.647923e+000  4.659282e+000
      vertex  9.647923e+000 -1.318346e+001  4.659282e+000
      vertex  1.323348e+001 -9.697944e+000  4.928096e+000
    endloop
  endfacet
  facet normal -6.838257e-001  6.838257e-001  2.544893e-001
    outer loop
      vertex  1.323348e+001 -9.697944e+000  4.928096e+000
      vertex  9.647923e+000 -1.318346e+001  4.659282e+000
      vertex  9.697944e+000 -1.323348e+001  4.928096e+000
    endloop
  endfacet
  facet normal -6.885632e-001  6.885632e-001  2.275113e-001
    outer loop
      vertex  1.323348e+001 -9.697944e+000  4.928096e+000
      vertex  9.697944e+000 -1.323348e+001  4.928096e+000
      vertex  1.327820e+001 -9.742661e+000  5.198772e+000
    endloop
  endfacet
  facet normal -6.885632e-001  6.885632e-001  2.275113e-001
    outer loop
      vertex  1.327820e+001 -9.742661e+000  5.198772e+000
      vertex  9.697944e+000 -1.323348e+001  4.928096e+000
      vertex  9.742661e+000 -1.327820e+001  5.198772e+000
    endloop
  endfacet
  facet normal -6.927690e-001  6.927690e-001  2.003554e-001
    outer loop
      vertex  1.327820e+001 -9.742661e+000  5.198772e+000
      vertex  9.742661e+000 -1.327820e+001  5.198772e+000
      vertex  1.331758e+001 -9.782042e+000  5.471102e+000
    endloop
  endfacet
  facet normal -6.927690e-001  6.927690e-001  2.003554e-001
    outer loop
      vertex  1.331758e+001 -9.782042e+000  5.471102e+000
      vertex  9.742661e+000 -1.327820e+001  5.198772e+000
      vertex  9.782042e+000 -1.331758e+001  5.471102e+000
    endloop
  endfacet
  facet normal -6.964384e-001  6.964384e-001  1.730520e-001
    outer loop
      vertex  1.331758e+001 -9.782042e+000  5.471102e+000
      vertex  9.782042e+000 -1.331758e+001  5.471102e+000
      vertex  1.335159e+001 -9.816055e+000  5.744874e+000
    endloop
  endfacet
  facet normal -6.964384e-001  6.964384e-001  1.730520e-001
    outer loop
      vertex  1.335159e+001 -9.816055e+000  5.744874e+000
      vertex  9.782042e+000 -1.331758e+001  5.471102e+000
      vertex  9.816055e+000 -1.335159e+001  5.744874e+000
    endloop
  endfacet
  facet normal -6.995710e-001  6.995710e-001  1.456051e-001
    outer loop
      vertex  1.335159e+001 -9.816055e+000  5.744874e+000
      vertex  9.816055e+000 -1.335159e+001  5.744874e+000
      vertex  1.338021e+001 -9.844674e+000  6.019877e+000
    endloop
  endfacet
  facet normal -6.995710e-001  6.995710e-001  1.456051e-001
    outer loop
      vertex  1.338021e+001 -9.844674e+000  6.019877e+000
      vertex  9.816055e+000 -1.335159e+001  5.744874e+000
      vertex  9.844674e+000 -1.338021e+001  6.019877e+000
    endloop
  endfacet
  facet normal -7.021620e-001  7.021620e-001  1.180547e-001
    outer loop
      vertex  1.338021e+001 -9.844674e+000  6.019877e+000
      vertex  9.844674e+000 -1.338021e+001  6.019877e+000
      vertex  1.340341e+001 -9.867878e+000  6.295899e+000
    endloop
  endfacet
  facet normal -7.021620e-001  7.021620e-001  1.180547e-001
    outer loop
      vertex  1.340341e+001 -9.867878e+000  6.295899e+000
      vertex  9.844674e+000 -1.338021e+001  6.019877e+000
      vertex  9.867878e+000 -1.340341e+001  6.295899e+000
    endloop
  endfacet
  facet normal -7.042108e-001  7.042108e-001  9.041244e-002
    outer loop
      vertex  1.340341e+001 -9.867878e+000  6.295899e+000
      vertex  9.867878e+000 -1.340341e+001  6.295899e+000
      vertex  1.342118e+001 -9.885649e+000  6.572727e+000
    endloop
  endfacet
  facet normal -7.042108e-001  7.042108e-001  9.041244e-002
    outer loop
      vertex  1.342118e+001 -9.885649e+000  6.572727e+000
      vertex  9.867878e+000 -1.340341e+001  6.295899e+000
      vertex  9.885649e+000 -1.342118e+001  6.572727e+000
    endloop
  endfacet
  facet normal -7.050314e-001  7.050314e-001  7.655910e-002
    outer loop
      vertex  9.885649e+000 -1.342118e+001  6.572727e+000
      vertex  1.048241e+001 -1.401794e+001  1.756377e+001
      vertex  1.342118e+001 -9.885649e+000  6.572727e+000
    endloop
  endfacet
  facet normal -7.050314e-001  7.050314e-001  7.655910e-002
    outer loop
      vertex  1.342118e+001 -9.885649e+000  6.572727e+000
      vertex  1.048241e+001 -1.401794e+001  1.756377e+001
      vertex  1.401794e+001 -1.048241e+001  1.756377e+001
    endloop
  endfacet
  facet normal -1.308998e-001  1.308998e-001  9.827158e-001
    outer loop
      vertex  1.342101e+001 -1.695654e+001  2.211169e+001
      vertex  1.695654e+001 -1.342101e+001  2.211169e+001
      vertex  1.328537e+001 -1.682090e+001  2.207555e+001
    endloop
  endfacet
  facet normal -1.308999e-001  1.308999e-001  9.827158e-001
    outer loop
      vertex  1.328537e+001 -1.682090e+001  2.207555e+001
      vertex  1.695654e+001 -1.342101e+001  2.211169e+001
      vertex  1.682090e+001 -1.328537e+001  2.207555e+001
    endloop
  endfacet
  facet normal -1.579272e-001  1.579272e-001  9.747400e-001
    outer loop
      vertex  1.328537e+001 -1.682090e+001  2.207555e+001
      vertex  1.682090e+001 -1.328537e+001  2.207555e+001
      vertex  1.315082e+001 -1.668635e+001  2.203196e+001
    endloop
  endfacet
  facet normal -1.579272e-001  1.579272e-001  9.747400e-001
    outer loop
      vertex  1.315082e+001 -1.668635e+001  2.203196e+001
      vertex  1.682090e+001 -1.328537e+001  2.207555e+001
      vertex  1.668635e+001 -1.315082e+001  2.203196e+001
    endloop
  endfacet
  facet normal -1.847070e-001  1.847070e-001  9.652806e-001
    outer loop
      vertex  1.315082e+001 -1.668635e+001  2.203196e+001
      vertex  1.668635e+001 -1.315082e+001  2.203196e+001
      vertex  1.301758e+001 -1.655311e+001  2.198096e+001
    endloop
  endfacet
  facet normal -1.847070e-001  1.847070e-001  9.652806e-001
    outer loop
      vertex  1.301758e+001 -1.655311e+001  2.198096e+001
      vertex  1.668635e+001 -1.315082e+001  2.203196e+001
      vertex  1.655311e+001 -1.301758e+001  2.198096e+001
    endloop
  endfacet
  facet normal -2.112106e-001  2.112106e-001  9.543480e-001
    outer loop
      vertex  1.301758e+001 -1.655311e+001  2.198096e+001
      vertex  1.655311e+001 -1.301758e+001  2.198096e+001
      vertex  1.288585e+001 -1.642138e+001  2.192266e+001
    endloop
  endfacet
  facet normal -2.112106e-001  2.112106e-001  9.543480e-001
    outer loop
      vertex  1.288585e+001 -1.642138e+001  2.192266e+001
      vertex  1.655311e+001 -1.301758e+001  2.198096e+001
      vertex  1.642138e+001 -1.288585e+001  2.192266e+001
    endloop
  endfacet
  facet normal -2.373897e-001  2.373897e-001  9.419619e-001
    outer loop
      vertex  1.288585e+001 -1.642138e+001  2.192266e+001
      vertex  1.642138e+001 -1.288585e+001  2.192266e+001
      vertex  1.275583e+001 -1.629136e+001  2.185712e+001
    endloop
  endfacet
  facet normal -2.373895e-001  2.373895e-001  9.419619e-001
    outer loop
      vertex  1.275583e+001 -1.629136e+001  2.185712e+001
      vertex  1.642138e+001 -1.288585e+001  2.192266e+001
      vertex  1.629136e+001 -1.275583e+001  2.185712e+001
    endloop
  endfacet
  facet normal -2.632089e-001  2.632089e-001  9.281392e-001
    outer loop
      vertex  1.275583e+001 -1.629136e+001  2.185712e+001
      vertex  1.629136e+001 -1.275583e+001  2.185712e+001
      vertex  1.262772e+001 -1.616325e+001  2.178446e+001
    endloop
  endfacet
  facet normal -2.632089e-001  2.632089e-001  9.281392e-001
    outer loop
      vertex  1.262772e+001 -1.616325e+001  2.178446e+001
      vertex  1.629136e+001 -1.275583e+001  2.185712e+001
      vertex  1.616325e+001 -1.262772e+001  2.178446e+001
    endloop
  endfacet
  facet normal -2.886271e-001  2.886271e-001  9.129013e-001
    outer loop
      vertex  1.262772e+001 -1.616325e+001  2.178446e+001
      vertex  1.616325e+001 -1.262772e+001  2.178446e+001
      vertex  1.250171e+001 -1.603724e+001  2.170478e+001
    endloop
  endfacet
  facet normal -2.886271e-001  2.886271e-001  9.129013e-001
    outer loop
      vertex  1.250171e+001 -1.603724e+001  2.170478e+001
      vertex  1.616325e+001 -1.262772e+001  2.178446e+001
      vertex  1.603724e+001 -1.250171e+001  2.170478e+001
    endloop
  endfacet
  facet normal -3.136021e-001  3.136021e-001  8.962741e-001
    outer loop
      vertex  1.250171e+001 -1.603724e+001  2.170478e+001
      vertex  1.603724e+001 -1.250171e+001  2.170478e+001
      vertex  1.237799e+001 -1.591353e+001  2.161821e+001
    endloop
  endfacet
  facet normal -3.136021e-001  3.136021e-001  8.962743e-001
    outer loop
      vertex  1.237799e+001 -1.591353e+001  2.161821e+001
      vertex  1.603724e+001 -1.250171e+001  2.170478e+001
      vertex  1.591353e+001 -1.237799e+001  2.161821e+001
    endloop
  endfacet
  facet normal -3.380981e-001  3.380981e-001  8.782820e-001
    outer loop
      vertex  1.237799e+001 -1.591353e+001  2.161821e+001
      vertex  1.591353e+001 -1.237799e+001  2.161821e+001
      vertex  1.225676e+001 -1.579230e+001  2.152487e+001
    endloop
  endfacet
  facet normal -3.380981e-001  3.380981e-001  8.782820e-001
    outer loop
      vertex  1.225676e+001 -1.579230e+001  2.152487e+001
      vertex  1.591353e+001 -1.237799e+001  2.161821e+001
      vertex  1.579230e+001 -1.225676e+001  2.152487e+001
    endloop
  endfacet
  facet normal -3.620879e-001  3.620879e-001  8.589439e-001
    outer loop
      vertex  1.225676e+001 -1.579230e+001  2.152487e+001
      vertex  1.579230e+001 -1.225676e+001  2.152487e+001
      vertex  1.213820e+001 -1.567373e+001  2.142491e+001
    endloop
  endfacet
  facet normal -3.620879e-001  3.620879e-001  8.589439e-001
    outer loop
      vertex  1.213820e+001 -1.567373e+001  2.142491e+001
      vertex  1.579230e+001 -1.225676e+001  2.152487e+001
      vertex  1.567373e+001 -1.213820e+001  2.142491e+001
    endloop
  endfacet
  facet normal -3.855155e-001  3.855155e-001  8.383052e-001
    outer loop
      vertex  1.213820e+001 -1.567373e+001  2.142491e+001
      vertex  1.567373e+001 -1.213820e+001  2.142491e+001
      vertex  1.202249e+001 -1.555802e+001  2.131848e+001
    endloop
  endfacet
  facet normal -3.855155e-001  3.855155e-001  8.383052e-001
    outer loop
      vertex  1.202249e+001 -1.555802e+001  2.131848e+001
      vertex  1.567373e+001 -1.213820e+001  2.142491e+001
      vertex  1.555802e+001 -1.202249e+001  2.131848e+001
    endloop
  endfacet
  facet normal -4.083613e-001  4.083613e-001  8.163836e-001
    outer loop
      vertex  1.202249e+001 -1.555802e+001  2.131848e+001
      vertex  1.555802e+001 -1.202249e+001  2.131848e+001
      vertex  1.190980e+001 -1.544533e+001  2.120575e+001
    endloop
  endfacet
  facet normal -4.083613e-001  4.083613e-001  8.163836e-001
    outer loop
      vertex  1.190980e+001 -1.544533e+001  2.120575e+001
      vertex  1.555802e+001 -1.202249e+001  2.131848e+001
      vertex  1.544533e+001 -1.190980e+001  2.120575e+001
    endloop
  endfacet
  facet normal -4.305862e-001  4.305862e-001  7.932157e-001
    outer loop
      vertex  1.190980e+001 -1.544533e+001  2.120575e+001
      vertex  1.544533e+001 -1.190980e+001  2.120575e+001
      vertex  1.180031e+001 -1.533584e+001  2.108688e+001
    endloop
  endfacet
  facet normal -4.305862e-001  4.305862e-001  7.932157e-001
    outer loop
      vertex  1.180031e+001 -1.533584e+001  2.108688e+001
      vertex  1.544533e+001 -1.190980e+001  2.120575e+001
      vertex  1.533584e+001 -1.180031e+001  2.108688e+001
    endloop
  endfacet
  facet normal -4.521471e-001  4.521471e-001  7.688472e-001
    outer loop
      vertex  1.180031e+001 -1.533584e+001  2.108688e+001
      vertex  1.533584e+001 -1.180031e+001  2.108688e+001
      vertex  1.169419e+001 -1.522972e+001  2.096206e+001
    endloop
  endfacet
  facet normal -4.521471e-001  4.521471e-001  7.688472e-001
    outer loop
      vertex  1.169419e+001 -1.522972e+001  2.096206e+001
      vertex  1.533584e+001 -1.180031e+001  2.108688e+001
      vertex  1.522972e+001 -1.169419e+001  2.096206e+001
    endloop
  endfacet
  facet normal -4.730282e-001  4.730282e-001  7.432958e-001
    outer loop
      vertex  1.169419e+001 -1.522972e+001  2.096206e+001
      vertex  1.522972e+001 -1.169419e+001  2.096206e+001
      vertex  1.159159e+001 -1.512712e+001  2.083147e+001
    endloop
  endfacet
  facet normal -4.730282e-001  4.730282e-001  7.432958e-001
    outer loop
      vertex  1.159159e+001 -1.512712e+001  2.083147e+001
      vertex  1.522972e+001 -1.169419e+001  2.096206e+001
      vertex  1.512712e+001 -1.159159e+001  2.083147e+001
    endloop
  endfacet
  facet normal -4.931777e-001  4.931777e-001  7.166252e-001
    outer loop
      vertex  1.159159e+001 -1.512712e+001  2.083147e+001
      vertex  1.512712e+001 -1.159159e+001  2.083147e+001
      vertex  1.149267e+001 -1.502820e+001  2.069532e+001
    endloop
  endfacet
  facet normal -4.931777e-001  4.931777e-001  7.166252e-001
    outer loop
      vertex  1.149267e+001 -1.502820e+001  2.069532e+001
      vertex  1.512712e+001 -1.159159e+001  2.083147e+001
      vertex  1.502820e+001 -1.149267e+001  2.069532e+001
    endloop
  endfacet
  facet normal -5.125847e-001  5.125847e-001  6.888496e-001
    outer loop
      vertex  1.149267e+001 -1.502820e+001  2.069532e+001
      vertex  1.502820e+001 -1.149267e+001  2.069532e+001
      vertex  1.139759e+001 -1.493312e+001  2.055382e+001
    endloop
  endfacet
  facet normal -5.125847e-001  5.125847e-001  6.888496e-001
    outer loop
      vertex  1.139759e+001 -1.493312e+001  2.055382e+001
      vertex  1.502820e+001 -1.149267e+001  2.069532e+001
      vertex  1.493312e+001 -1.139759e+001  2.055382e+001
    endloop
  endfacet
  facet normal -5.312102e-001  5.312102e-001  6.600237e-001
    outer loop
      vertex  1.139759e+001 -1.493312e+001  2.055382e+001
      vertex  1.493312e+001 -1.139759e+001  2.055382e+001
      vertex  1.130648e+001 -1.484202e+001  2.040717e+001
    endloop
  endfacet
  facet normal -5.312102e-001  5.312102e-001  6.600237e-001
    outer loop
      vertex  1.130648e+001 -1.484202e+001  2.040717e+001
      vertex  1.493312e+001 -1.139759e+001  2.055382e+001
      vertex  1.484202e+001 -1.130648e+001  2.040717e+001
    endloop
  endfacet
  facet normal -5.490175e-001  5.490175e-001  6.302060e-001
    outer loop
      vertex  1.130648e+001 -1.484202e+001  2.040717e+001
      vertex  1.484202e+001 -1.130648e+001  2.040717e+001
      vertex  1.121949e+001 -1.475503e+001  2.025561e+001
    endloop
  endfacet
  facet normal -5.490175e-001  5.490175e-001  6.302060e-001
    outer loop
      vertex  1.121949e+001 -1.475503e+001  2.025561e+001
      vertex  1.484202e+001 -1.130648e+001  2.040717e+001
      vertex  1.475503e+001 -1.121949e+001  2.025561e+001
    endloop
  endfacet
  facet normal -5.659982e-001  5.659982e-001  5.994099e-001
    outer loop
      vertex  1.121949e+001 -1.475503e+001  2.025561e+001
      vertex  1.475503e+001 -1.121949e+001  2.025561e+001
      vertex  1.113675e+001 -1.467229e+001  2.009935e+001
    endloop
  endfacet
  facet normal -5.659982e-001  5.659982e-001  5.994099e-001
    outer loop
      vertex  1.113675e+001 -1.467229e+001  2.009935e+001
      vertex  1.475503e+001 -1.121949e+001  2.025561e+001
      vertex  1.467229e+001 -1.113675e+001  2.009935e+001
    endloop
  endfacet
  facet normal -5.821078e-001  5.821078e-001  5.677155e-001
    outer loop
      vertex  1.113675e+001 -1.467229e+001  2.009935e+001
      vertex  1.467229e+001 -1.113675e+001  2.009935e+001
      vertex  1.105839e+001 -1.459393e+001  1.993866e+001
    endloop
  endfacet
  facet normal -5.821078e-001  5.821078e-001  5.677155e-001
    outer loop
      vertex  1.105839e+001 -1.459393e+001  1.993866e+001
      vertex  1.467229e+001 -1.113675e+001  2.009935e+001
      vertex  1.459393e+001 -1.105839e+001  1.993866e+001
    endloop
  endfacet
  facet normal -5.973351e-001  5.973351e-001  5.351462e-001
    outer loop
      vertex  1.105839e+001 -1.459393e+001  1.993866e+001
      vertex  1.459393e+001 -1.105839e+001  1.993866e+001
      vertex  1.098452e+001 -1.452006e+001  1.977375e+001
    endloop
  endfacet
  facet normal -5.973351e-001  5.973351e-001  5.351462e-001
    outer loop
      vertex  1.098452e+001 -1.452006e+001  1.977375e+001
      vertex  1.459393e+001 -1.105839e+001  1.993866e+001
      vertex  1.452006e+001 -1.098452e+001  1.977375e+001
    endloop
  endfacet
  facet normal -6.116492e-001  6.116492e-001  5.017675e-001
    outer loop
      vertex  1.098452e+001 -1.452006e+001  1.977375e+001
      vertex  1.452006e+001 -1.098452e+001  1.977375e+001
      vertex  1.091527e+001 -1.445080e+001  1.960490e+001
    endloop
  endfacet
  facet normal -6.116492e-001  6.116492e-001  5.017675e-001
    outer loop
      vertex  1.091527e+001 -1.445080e+001  1.960490e+001
      vertex  1.452006e+001 -1.098452e+001  1.977375e+001
      vertex  1.445080e+001 -1.091527e+001  1.960490e+001
    endloop
  endfacet
  facet normal -6.250334e-001  6.250334e-001  4.676178e-001
    outer loop
      vertex  1.091527e+001 -1.445080e+001  1.960490e+001
      vertex  1.445080e+001 -1.091527e+001  1.960490e+001
      vertex  1.085072e+001 -1.438625e+001  1.943235e+001
    endloop
  endfacet
  facet normal -6.250334e-001  6.250334e-001  4.676178e-001
    outer loop
      vertex  1.085072e+001 -1.438625e+001  1.943235e+001
      vertex  1.445080e+001 -1.091527e+001  1.960490e+001
      vertex  1.438625e+001 -1.085072e+001  1.943235e+001
    endloop
  endfacet
  facet normal -6.374632e-001  6.374632e-001  4.327603e-001
    outer loop
      vertex  1.085072e+001 -1.438625e+001  1.943235e+001
      vertex  1.438625e+001 -1.085072e+001  1.943235e+001
      vertex  1.079098e+001 -1.432652e+001  1.925637e+001
    endloop
  endfacet
  facet normal -6.374632e-001  6.374632e-001  4.327603e-001
    outer loop
      vertex  1.079098e+001 -1.432652e+001  1.925637e+001
      vertex  1.438625e+001 -1.085072e+001  1.943235e+001
      vertex  1.432652e+001 -1.079098e+001  1.925637e+001
    endloop
  endfacet
  facet normal -6.489226e-001  6.489226e-001  3.972391e-001
    outer loop
      vertex  1.079098e+001 -1.432652e+001  1.925637e+001
      vertex  1.432652e+001 -1.079098e+001  1.925637e+001
      vertex  1.073615e+001 -1.427169e+001  1.907722e+001
    endloop
  endfacet
  facet normal -6.489226e-001  6.489226e-001  3.972391e-001
    outer loop
      vertex  1.073615e+001 -1.427169e+001  1.907722e+001
      vertex  1.432652e+001 -1.079098e+001  1.925637e+001
      vertex  1.427169e+001 -1.073615e+001  1.907722e+001
    endloop
  endfacet
  facet normal -6.593921e-001  6.593921e-001  3.611154e-001
    outer loop
      vertex  1.073615e+001 -1.427169e+001  1.907722e+001
      vertex  1.427169e+001 -1.073615e+001  1.907722e+001
      vertex  1.068631e+001 -1.422184e+001  1.889519e+001
    endloop
  endfacet
  facet normal -6.593921e-001  6.593921e-001  3.611154e-001
    outer loop
      vertex  1.068631e+001 -1.422184e+001  1.889519e+001
      vertex  1.427169e+001 -1.073615e+001  1.907722e+001
      vertex  1.422184e+001 -1.068631e+001  1.889519e+001
    endloop
  endfacet
  facet normal -6.688571e-001  6.688571e-001  3.244388e-001
    outer loop
      vertex  1.068631e+001 -1.422184e+001  1.889519e+001
      vertex  1.422184e+001 -1.068631e+001  1.889519e+001
      vertex  1.064152e+001 -1.417706e+001  1.871054e+001
    endloop
  endfacet
  facet normal -6.688571e-001  6.688571e-001  3.244388e-001
    outer loop
      vertex  1.064152e+001 -1.417706e+001  1.871054e+001
      vertex  1.422184e+001 -1.068631e+001  1.889519e+001
      vertex  1.417706e+001 -1.064152e+001  1.871054e+001
    endloop
  endfacet
  facet normal -6.773016e-001  6.773016e-001  2.872717e-001
    outer loop
      vertex  1.064152e+001 -1.417706e+001  1.871054e+001
      vertex  1.417706e+001 -1.064152e+001  1.871054e+001
      vertex  1.060187e+001 -1.413741e+001  1.852356e+001
    endloop
  endfacet
  facet normal -6.773016e-001  6.773016e-001  2.872717e-001
    outer loop
      vertex  1.060187e+001 -1.413741e+001  1.852356e+001
      vertex  1.417706e+001 -1.064152e+001  1.871054e+001
      vertex  1.413741e+001 -1.060187e+001  1.852356e+001
    endloop
  endfacet
  facet normal -6.847149e-001  6.847149e-001  2.496621e-001
    outer loop
      vertex  1.060187e+001 -1.413741e+001  1.852356e+001
      vertex  1.413741e+001 -1.060187e+001  1.852356e+001
      vertex  1.056741e+001 -1.410294e+001  1.833454e+001
    endloop
  endfacet
  facet normal -6.847149e-001  6.847149e-001  2.496621e-001
    outer loop
      vertex  1.056741e+001 -1.410294e+001  1.833454e+001
      vertex  1.413741e+001 -1.060187e+001  1.852356e+001
      vertex  1.410294e+001 -1.056741e+001  1.833454e+001
    endloop
  endfacet
  facet normal -6.910843e-001  6.910843e-001  2.116722e-001
    outer loop
      vertex  1.056741e+001 -1.410294e+001  1.833454e+001
      vertex  1.410294e+001 -1.056741e+001  1.833454e+001
      vertex  1.053819e+001 -1.407373e+001  1.814375e+001
    endloop
  endfacet
  facet normal -6.910843e-001  6.910843e-001  2.116722e-001
    outer loop
      vertex  1.053819e+001 -1.407373e+001  1.814375e+001
      vertex  1.410294e+001 -1.056741e+001  1.833454e+001
      vertex  1.407373e+001 -1.053819e+001  1.814375e+001
    endloop
  endfacet
  facet normal -6.963997e-001  6.963997e-001  1.733631e-001
    outer loop
      vertex  1.053819e+001 -1.407373e+001  1.814375e+001
      vertex  1.407373e+001 -1.053819e+001  1.814375e+001
      vertex  1.051426e+001 -1.404980e+001  1.795150e+001
    endloop
  endfacet
  facet normal -6.963997e-001  6.963997e-001  1.733631e-001
    outer loop
      vertex  1.051426e+001 -1.404980e+001  1.795150e+001
      vertex  1.407373e+001 -1.053819e+001  1.814375e+001
      vertex  1.404980e+001 -1.051426e+001  1.795150e+001
    endloop
  endfacet
  facet normal -7.006538e-001  7.006538e-001  1.347905e-001
    outer loop
      vertex  1.051426e+001 -1.404980e+001  1.795150e+001
      vertex  1.404980e+001 -1.051426e+001  1.795150e+001
      vertex  1.049566e+001 -1.403119e+001  1.775808e+001
    endloop
  endfacet
  facet normal -7.006538e-001  7.006538e-001  1.347905e-001
    outer loop
      vertex  1.049566e+001 -1.403119e+001  1.775808e+001
      vertex  1.404980e+001 -1.051426e+001  1.795150e+001
      vertex  1.403119e+001 -1.049566e+001  1.775808e+001
    endloop
  endfacet
  facet normal -7.038403e-001  7.038403e-001  9.600880e-002
    outer loop
      vertex  1.049566e+001 -1.403119e+001  1.775808e+001
      vertex  1.403119e+001 -1.049566e+001  1.775808e+001
      vertex  1.048241e+001 -1.401794e+001  1.756377e+001
    endloop
  endfacet
  facet normal -7.038403e-001  7.038403e-001  9.600880e-002
    outer loop
      vertex  1.048241e+001 -1.401794e+001  1.756377e+001
      vertex  1.403119e+001 -1.049566e+001  1.775808e+001
      vertex  1.401794e+001 -1.048241e+001  1.756377e+001
    endloop
  endfacet
  facet normal  1.227879e-001 -1.227879e-001  9.848077e-001
    outer loop
      vertex  1.342101e+001 -1.695654e+001  2.211169e+001
      vertex  2.028523e+001 -2.382077e+001  2.040000e+001
      vertex  1.695654e+001 -1.342101e+001  2.211169e+001
    endloop
  endfacet
  facet normal  1.227879e-001 -1.227879e-001  9.848077e-001
    outer loop
      vertex  1.695654e+001 -1.342101e+001  2.211169e+001
      vertex  2.028523e+001 -2.382077e+001  2.040000e+001
      vertex  2.382077e+001 -2.028523e+001  2.040000e+001
    endloop
  endfacet
  facet normal  7.071068e-001 -7.071068e-001  0.000000e+000
    outer loop
      vertex  2.028523e+001 -2.382077e+001  2.040000e+001
      vertex  2.028523e+001 -2.382077e+001  1.540000e+001
      vertex  2.382077e+001 -2.028523e+001  2.040000e+001
    endloop
  endfacet
  facet normal  7.071068e-001 -7.071068e-001  0.000000e+000
    outer loop
      vertex  2.382077e+001 -2.028523e+001  2.040000e+001
      vertex  2.028523e+001 -2.382077e+001  1.540000e+001
      vertex  2.382077e+001 -2.028523e+001  1.540000e+001
    endloop
  endfacet
  facet normal  0.000000e+000  0.000000e+000 -1.000000e+000
    outer loop
      vertex  2.028523e+001 -2.382077e+001  1.540000e+001
      vertex  1.745681e+001 -2.099234e+001  1.540000e+001
      vertex  2.382077e+001 -2.028523e+001  1.540000e+001
    endloop
  endfacet
  facet normal  -0.000000e+000  0.000000e+000 -1.000000e+000
    outer loop
      vertex  2.382077e+001 -2.028523e+001  1.540000e+001
      vertex  1.745681e+001 -2.099234e+001  1.540000e+001
      vertex  2.099234e+001 -1.745681e+001  1.540000e+001
    endloop
  endfacet
  facet normal  7.050314e-001 -7.050315e-001 -7.655921e-002
    outer loop
      vertex  1.745681e+001 -2.099234e+001  1.540000e+001
      vertex  1.693596e+001 -2.047150e+001  5.807135e+000
      vertex  2.099234e+001 -1.745681e+001  1.540000e+001
    endloop
  endfacet
  facet normal  7.050314e-001 -7.050315e-001 -7.655921e-002
    outer loop
      vertex  2.099234e+001 -1.745681e+001  1.540000e+001
      vertex  1.693596e+001 -2.047150e+001  5.807135e+000
      vertex  2.047150e+001 -1.693596e+001  5.807135e+000
    endloop
  endfacet
  facet normal  7.057160e-001 -7.057160e-001 -6.268813e-002
    outer loop
      vertex  2.047150e+001 -1.693596e+001  5.807135e+000
      vertex  1.693596e+001 -2.047150e+001  5.807135e+000
      vertex  2.045918e+001 -1.692364e+001  5.529716e+000
    endloop
  endfacet
  facet normal  7.057160e-001 -7.057160e-001 -6.268813e-002
    outer loop
      vertex  2.045918e+001 -1.692364e+001  5.529716e+000
      vertex  1.693596e+001 -2.047150e+001  5.807135e+000
      vertex  1.692364e+001 -2.045918e+001  5.529716e+000
    endloop
  endfacet
  facet normal  7.066751e-001 -7.066751e-001 -3.493483e-002
    outer loop
      vertex  2.045918e+001 -1.692364e+001  5.529716e+000
      vertex  1.692364e+001 -2.045918e+001  5.529716e+000
      vertex  2.045231e+001 -1.691677e+001  5.251920e+000
    endloop
  endfacet
  facet normal  7.066751e-001 -7.066751e-001 -3.493483e-002
    outer loop
      vertex  2.045231e+001 -1.691677e+001  5.251920e+000
      vertex  1.692364e+001 -2.045918e+001  5.529716e+000
      vertex  1.691677e+001 -2.045231e+001  5.251920e+000
    endloop
  endfacet
  facet normal  7.070888e-001 -7.070888e-001 -7.141781e-003
    outer loop
      vertex  2.045231e+001 -1.691677e+001  5.251920e+000
      vertex  1.691677e+001 -2.045231e+001  5.251920e+000
      vertex  2.045090e+001 -1.691537e+001  4.973961e+000
    endloop
  endfacet
  facet normal  7.070888e-001 -7.070888e-001 -7.141781e-003
    outer loop
      vertex  2.045090e+001 -1.691537e+001  4.973961e+000
      vertex  1.691677e+001 -2.045231e+001  5.251920e+000
      vertex  1.691537e+001 -2.045090e+001  4.973961e+000
    endloop
  endfacet
  facet normal  7.069558e-001 -7.069558e-001  2.065954e-002
    outer loop
      vertex  2.045090e+001 -1.691537e+001  4.973961e+000
      vertex  1.691537e+001 -2.045090e+001  4.973961e+000
      vertex  2.045497e+001 -1.691943e+001  4.696055e+000
    endloop
  endfacet
  facet normal  7.069558e-001 -7.069558e-001  2.065954e-002
    outer loop
      vertex  2.045497e+001 -1.691943e+001  4.696055e+000
      vertex  1.691537e+001 -2.045090e+001  4.973961e+000
      vertex  1.691943e+001 -2.045497e+001  4.696055e+000
    endloop
  endfacet
  facet normal  7.062769e-001 -7.062769e-001  4.843335e-002
    outer loop
      vertex  2.045497e+001 -1.691943e+001  4.696055e+000
      vertex  1.691943e+001 -2.045497e+001  4.696055e+000
      vertex  2.046449e+001 -1.692895e+001  4.418415e+000
    endloop
  endfacet
  facet normal  7.062769e-001 -7.062769e-001  4.843335e-002
    outer loop
      vertex  2.046449e+001 -1.692895e+001  4.418415e+000
      vertex  1.691943e+001 -2.045497e+001  4.696055e+000
      vertex  1.692895e+001 -2.046449e+001  4.418415e+000
    endloop
  endfacet
  facet normal  7.050521e-001 -7.050521e-001  7.617716e-002
    outer loop
      vertex  2.046449e+001 -1.692895e+001  4.418415e+000
      vertex  1.692895e+001 -2.046449e+001  4.418415e+000
      vertex  2.047946e+001 -1.694392e+001  4.141257e+000
    endloop
  endfacet
  facet normal  7.050521e-001 -7.050521e-001  7.617716e-002
    outer loop
      vertex  2.047946e+001 -1.694392e+001  4.141257e+000
      vertex  1.692895e+001 -2.046449e+001  4.418415e+000
      vertex  1.694392e+001 -2.047946e+001  4.141257e+000
    endloop
  endfacet
  facet normal  7.032825e-001 -7.032825e-001  1.038631e-001
    outer loop
      vertex  2.047946e+001 -1.694392e+001  4.141257e+000
      vertex  1.694392e+001 -2.047946e+001  4.141257e+000
      vertex  2.049987e+001 -1.696434e+001  3.864795e+000
    endloop
  endfacet
  facet normal  7.032825e-001 -7.032825e-001  1.038631e-001
    outer loop
      vertex  2.049987e+001 -1.696434e+001  3.864795e+000
      vertex  1.694392e+001 -2.047946e+001  4.141257e+000
      vertex  1.696434e+001 -2.049987e+001  3.864795e+000
    endloop
  endfacet
  facet normal  7.009700e-001 -7.009700e-001  1.314614e-001
    outer loop
      vertex  2.049987e+001 -1.696434e+001  3.864795e+000
      vertex  1.696434e+001 -2.049987e+001  3.864795e+000
      vertex  2.052571e+001 -1.699018e+001  3.589242e+000
    endloop
  endfacet
  facet normal  7.009700e-001 -7.009700e-001  1.314614e-001
    outer loop
      vertex  2.052571e+001 -1.699018e+001  3.589242e+000
      vertex  1.696434e+001 -2.049987e+001  3.864795e+000
      vertex  1.699018e+001 -2.052571e+001  3.589242e+000
    endloop
  endfacet
  facet normal  6.981146e-001 -6.981146e-001  1.589715e-001
    outer loop
      vertex  2.052571e+001 -1.699018e+001  3.589242e+000
      vertex  1.699018e+001 -2.052571e+001  3.589242e+000
      vertex  2.055696e+001 -1.702142e+001  3.314810e+000
    endloop
  endfacet
  facet normal  6.981146e-001 -6.981146e-001  1.589715e-001
    outer loop
      vertex  2.055696e+001 -1.702142e+001  3.314810e+000
      vertex  1.699018e+001 -2.052571e+001  3.589242e+000
      vertex  1.702142e+001 -2.055696e+001  3.314810e+000
    endloop
  endfacet
  facet normal  6.947210e-001 -6.947210e-001  1.863476e-001
    outer loop
      vertex  2.055696e+001 -1.702142e+001  3.314810e+000
      vertex  1.702142e+001 -2.055696e+001  3.314810e+000
      vertex  2.059358e+001 -1.705805e+001  3.041713e+000
    endloop
  endfacet
  facet normal  6.947210e-001 -6.947210e-001  1.863476e-001
    outer loop
      vertex  2.059358e+001 -1.705805e+001  3.041713e+000
      vertex  1.702142e+001 -2.055696e+001  3.314810e+000
      vertex  1.705805e+001 -2.059358e+001  3.041713e+000
    endloop
  endfacet
  facet normal  6.907912e-001 -6.907912e-001  2.135768e-001
    outer loop
      vertex  2.059358e+001 -1.705805e+001  3.041713e+000
      vertex  1.705805e+001 -2.059358e+001  3.041713e+000
      vertex  2.063556e+001 -1.710003e+001  2.770162e+000
    endloop
  endfacet
  facet normal  6.907912e-001 -6.907912e-001  2.135768e-001
    outer loop
      vertex  2.063556e+001 -1.710003e+001  2.770162e+000
      vertex  1.705805e+001 -2.059358e+001  3.041713e+000
      vertex  1.710003e+001 -2.063556e+001  2.770162e+000
    endloop
  endfacet
  facet normal  6.863261e-001 -6.863261e-001  2.406506e-001
    outer loop
      vertex  2.063556e+001 -1.710003e+001  2.770162e+000
      vertex  1.710003e+001 -2.063556e+001  2.770162e+000
      vertex  2.068286e+001 -1.714733e+001  2.500365e+000
    endloop
  endfacet
  facet normal  6.863261e-001 -6.863261e-001  2.406506e-001
    outer loop
      vertex  2.068286e+001 -1.714733e+001  2.500365e+000
      vertex  1.710003e+001 -2.063556e+001  2.770162e+000
      vertex  1.714733e+001 -2.068286e+001  2.500365e+000
    endloop
  endfacet
  facet normal  6.813304e-001 -6.813304e-001  2.675402e-001
    outer loop
      vertex  2.068286e+001 -1.714733e+001  2.500365e+000
      vertex  1.714733e+001 -2.068286e+001  2.500365e+000
      vertex  2.073545e+001 -1.719991e+001  2.232531e+000
    endloop
  endfacet
  facet normal  6.813304e-001 -6.813304e-001  2.675402e-001
    outer loop
      vertex  2.073545e+001 -1.719991e+001  2.232531e+000
      vertex  1.714733e+001 -2.068286e+001  2.500365e+000
      vertex  1.719991e+001 -2.073545e+001  2.232531e+000
    endloop
  endfacet
  facet normal  6.758111e-001 -6.758111e-001  2.942089e-001
    outer loop
      vertex  2.073545e+001 -1.719991e+001  2.232531e+000
      vertex  1.719991e+001 -2.073545e+001  2.232531e+000
      vertex  2.079328e+001 -1.725774e+001  1.966868e+000
    endloop
  endfacet
  facet normal  6.758111e-001 -6.758111e-001  2.942089e-001
    outer loop
      vertex  2.079328e+001 -1.725774e+001  1.966868e+000
      vertex  1.719991e+001 -2.073545e+001  2.232531e+000
      vertex  1.725774e+001 -2.079328e+001  1.966868e+000
    endloop
  endfacet
  facet normal  6.697673e-001 -6.697673e-001  3.206609e-001
    outer loop
      vertex  2.079328e+001 -1.725774e+001  1.966868e+000
      vertex  1.725774e+001 -2.079328e+001  1.966868e+000
      vertex  2.085630e+001 -1.732077e+001  1.703581e+000
    endloop
  endfacet
  facet normal  6.697673e-001 -6.697673e-001  3.206609e-001
    outer loop
      vertex  2.085630e+001 -1.732077e+001  1.703581e+000
      vertex  1.725774e+001 -2.079328e+001  1.966868e+000
      vertex  1.732077e+001 -2.085630e+001  1.703581e+000
    endloop
  endfacet
  facet normal  6.632046e-001 -6.632046e-001  3.468707e-001
    outer loop
      vertex  2.085630e+001 -1.732077e+001  1.703581e+000
      vertex  1.732077e+001 -2.085630e+001  1.703581e+000
      vertex  2.092448e+001 -1.738895e+001  1.442873e+000
    endloop
  endfacet
  facet normal  6.632046e-001 -6.632046e-001  3.468707e-001
    outer loop
      vertex  2.092448e+001 -1.738895e+001  1.442873e+000
      vertex  1.732077e+001 -2.085630e+001  1.703581e+000
      vertex  1.738895e+001 -2.092448e+001  1.442873e+000
    endloop
  endfacet
  facet normal  6.561349e-001 -6.561349e-001  3.727924e-001
    outer loop
      vertex  2.092448e+001 -1.738895e+001  1.442873e+000
      vertex  1.738895e+001 -2.092448e+001  1.442873e+000
      vertex  2.099775e+001 -1.746222e+001  1.184945e+000
    endloop
  endfacet
  facet normal  6.561349e-001 -6.561349e-001  3.727924e-001
    outer loop
      vertex  2.099775e+001 -1.746222e+001  1.184945e+000
      vertex  1.738895e+001 -2.092448e+001  1.442873e+000
      vertex  1.746222e+001 -2.099775e+001  1.184945e+000
    endloop
  endfacet
  facet normal  6.485518e-001 -6.485518e-001  3.984484e-001
    outer loop
      vertex  2.099775e+001 -1.746222e+001  1.184945e+000
      vertex  1.746222e+001 -2.099775e+001  1.184945e+000
      vertex  2.107607e+001 -1.754053e+001  9.299971e-001
    endloop
  endfacet
  facet normal  6.485518e-001 -6.485518e-001  3.984484e-001
    outer loop
      vertex  2.107607e+001 -1.754053e+001  9.299971e-001
      vertex  1.746222e+001 -2.099775e+001  1.184945e+000
      vertex  1.754053e+001 -2.107607e+001  9.299971e-001
    endloop
  endfacet
  facet normal  6.404706e-001 -6.404706e-001  4.237864e-001
    outer loop
      vertex  2.107607e+001 -1.754053e+001  9.299971e-001
      vertex  1.754053e+001 -2.107607e+001  9.299971e-001
      vertex  2.115936e+001 -1.762383e+001  6.782260e-001
    endloop
  endfacet
  facet normal  6.404706e-001 -6.404706e-001  4.237864e-001
    outer loop
      vertex  2.115936e+001 -1.762383e+001  6.782260e-001
      vertex  1.754053e+001 -2.107607e+001  9.299971e-001
      vertex  1.762383e+001 -2.115936e+001  6.782260e-001
    endloop
  endfacet
  facet normal  6.318955e-001 -6.318955e-001  4.487943e-001
    outer loop
      vertex  2.115936e+001 -1.762383e+001  6.782260e-001
      vertex  1.762383e+001 -2.115936e+001  6.782260e-001
      vertex  2.124758e+001 -1.771204e+001  4.298261e-001
    endloop
  endfacet
  facet normal  6.318955e-001 -6.318955e-001  4.487943e-001
    outer loop
      vertex  2.124758e+001 -1.771204e+001  4.298261e-001
      vertex  1.762383e+001 -2.115936e+001  6.782260e-001
      vertex  1.771204e+001 -2.124758e+001  4.298261e-001
    endloop
  endfacet
  facet normal  6.228303e-001 -6.228303e-001  4.734605e-001
    outer loop
      vertex  2.124758e+001 -1.771204e+001  4.298261e-001
      vertex  1.771204e+001 -2.124758e+001  4.298261e-001
      vertex  2.134064e+001 -1.780510e+001  1.849895e-001
    endloop
  endfacet
  facet normal  6.228303e-001 -6.228303e-001  4.734605e-001
    outer loop
      vertex  2.134064e+001 -1.780510e+001  1.849895e-001
      vertex  1.771204e+001 -2.124758e+001  4.298261e-001
      vertex  1.780510e+001 -2.134064e+001  1.849895e-001
    endloop
  endfacet
  facet normal  6.132844e-001 -6.132844e-001  4.977593e-001
    outer loop
      vertex  2.134064e+001 -1.780510e+001  1.849895e-001
      vertex  1.780510e+001 -2.134064e+001  1.849895e-001
      vertex  2.143847e+001 -1.790294e+001 -5.609467e-002
    endloop
  endfacet
  facet normal  6.132844e-001 -6.132844e-001  4.977593e-001
    outer loop
      vertex  2.143847e+001 -1.790294e+001 -5.609467e-002
      vertex  1.780510e+001 -2.134064e+001  1.849895e-001
      vertex  1.790294e+001 -2.143847e+001 -5.609467e-002
    endloop
  endfacet
  facet normal  6.032659e-001 -6.032659e-001  5.216708e-001
    outer loop
      vertex  2.143847e+001 -1.790294e+001 -5.609467e-002
      vertex  1.790294e+001 -2.143847e+001 -5.609467e-002
      vertex  2.154101e+001 -1.800547e+001 -2.932402e-001
    endloop
  endfacet
  facet normal  6.032659e-001 -6.032659e-001  5.216708e-001
    outer loop
      vertex  2.154101e+001 -1.800547e+001 -2.932402e-001
      vertex  1.790294e+001 -2.143847e+001 -5.609467e-002
      vertex  1.800547e+001 -2.154101e+001 -2.932402e-001
    endloop
  endfacet
  facet normal  5.927823e-001 -5.927823e-001  5.451772e-001
    outer loop
      vertex  2.154101e+001 -1.800547e+001 -2.932402e-001
      vertex  1.800547e+001 -2.154101e+001 -2.932402e-001
      vertex  2.164816e+001 -1.811263e+001 -5.262638e-001
    endloop
  endfacet
  facet normal  5.927823e-001 -5.927823e-001  5.451772e-001
    outer loop
      vertex  2.164816e+001 -1.811263e+001 -5.262638e-001
      vertex  1.800547e+001 -2.154101e+001 -2.932402e-001
      vertex  1.811263e+001 -2.164816e+001 -5.262638e-001
    endloop
  endfacet
  facet normal  5.818369e-001 -5.818369e-001  5.682709e-001
    outer loop
      vertex  2.164816e+001 -1.811263e+001 -5.262638e-001
      vertex  1.811263e+001 -2.164816e+001 -5.262638e-001
      vertex  2.175986e+001 -1.822432e+001 -7.549854e-001
    endloop
  endfacet
  facet normal  5.818369e-001 -5.818369e-001  5.682709e-001
    outer loop
      vertex  2.175986e+001 -1.822432e+001 -7.549854e-001
      vertex  1.811263e+001 -2.164816e+001 -5.262638e-001
      vertex  1.822432e+001 -2.175986e+001 -7.549854e-001
    endloop
  endfacet
  facet normal  5.704408e-001 -5.704408e-001  5.909270e-001
    outer loop
      vertex  2.175986e+001 -1.822432e+001 -7.549854e-001
      vertex  1.822432e+001 -2.175986e+001 -7.549854e-001
      vertex  2.187600e+001 -1.834047e+001 -9.792283e-001
    endloop
  endfacet
  facet normal  5.704408e-001 -5.704408e-001  5.909270e-001
    outer loop
      vertex  2.187600e+001 -1.834047e+001 -9.792283e-001
      vertex  1.822432e+001 -2.175986e+001 -7.549854e-001
      vertex  1.834047e+001 -2.187600e+001 -9.792283e-001
    endloop
  endfacet
  facet normal  6.044634e-001 -6.044634e-001 -5.188913e-001
    outer loop
      vertex  1.868725e+001 -2.222279e+001 -1.230827e+001
      vertex  2.222279e+001 -1.868725e+001 -1.230827e+001
      vertex  1.879013e+001 -2.232566e+001 -1.206859e+001
    endloop
  endfacet
  facet normal  6.044634e-001 -6.044634e-001 -5.188913e-001
    outer loop
      vertex  1.879013e+001 -2.232566e+001 -1.206859e+001
      vertex  2.222279e+001 -1.868725e+001 -1.230827e+001
      vertex  2.232566e+001 -1.879013e+001 -1.206859e+001
    endloop
  endfacet
  facet normal  6.145110e-001 -6.145110e-001 -4.947245e-001
    outer loop
      vertex  1.879013e+001 -2.232566e+001 -1.206859e+001
      vertex  2.232566e+001 -1.879013e+001 -1.206859e+001
      vertex  1.888821e+001 -2.242374e+001 -1.182492e+001
    endloop
  endfacet
  facet normal  6.145110e-001 -6.145110e-001 -4.947245e-001
    outer loop
      vertex  1.888821e+001 -2.242374e+001 -1.182492e+001
      vertex  2.232566e+001 -1.879013e+001 -1.206859e+001
      vertex  2.242374e+001 -1.888821e+001 -1.182492e+001
    endloop
  endfacet
  facet normal  6.240749e-001 -6.240749e-001 -4.701712e-001
    outer loop
      vertex  1.888821e+001 -2.242374e+001 -1.182492e+001
      vertex  2.242374e+001 -1.888821e+001 -1.182492e+001
      vertex  1.898143e+001 -2.251696e+001 -1.157746e+001
    endloop
  endfacet
  facet normal  6.240749e-001 -6.240749e-001 -4.701712e-001
    outer loop
      vertex  1.898143e+001 -2.251696e+001 -1.157746e+001
      vertex  2.242374e+001 -1.888821e+001 -1.182492e+001
      vertex  2.251696e+001 -1.898143e+001 -1.157746e+001
    endloop
  endfacet
  facet normal  6.331524e-001 -6.331524e-001 -4.452373e-001
    outer loop
      vertex  1.898143e+001 -2.251696e+001 -1.157746e+001
      vertex  2.251696e+001 -1.898143e+001 -1.157746e+001
      vertex  1.906970e+001 -2.260523e+001 -1.132641e+001
    endloop
  endfacet
  facet normal  6.331524e-001 -6.331524e-001 -4.452373e-001
    outer loop
      vertex  1.906970e+001 -2.260523e+001 -1.132641e+001
      vertex  2.251696e+001 -1.898143e+001 -1.157746e+001
      vertex  2.260523e+001 -1.906970e+001 -1.132641e+001
    endloop
  endfacet
  facet normal  6.417314e-001 -6.417314e-001 -4.199542e-001
    outer loop
      vertex  1.906970e+001 -2.260523e+001 -1.132641e+001
      vertex  2.260523e+001 -1.906970e+001 -1.132641e+001
      vertex  1.915296e+001 -2.268849e+001 -1.107195e+001
    endloop
  endfacet
  facet normal  6.417314e-001 -6.417314e-001 -4.199542e-001
    outer loop
      vertex  1.915296e+001 -2.268849e+001 -1.107195e+001
      vertex  2.260523e+001 -1.906970e+001 -1.132641e+001
      vertex  2.268849e+001 -1.915296e+001 -1.107195e+001
    endloop
  endfacet
  facet normal  6.498024e-001 -6.498024e-001 -3.943523e-001
    outer loop
      vertex  1.915296e+001 -2.268849e+001 -1.107195e+001
      vertex  2.268849e+001 -1.915296e+001 -1.107195e+001
      vertex  1.923114e+001 -2.276668e+001 -1.081429e+001
    endloop
  endfacet
  facet normal  6.498024e-001 -6.498024e-001 -3.943523e-001
    outer loop
      vertex  1.923114e+001 -2.276668e+001 -1.081429e+001
      vertex  2.268849e+001 -1.915296e+001 -1.107195e+001
      vertex  2.276668e+001 -1.923114e+001 -1.081429e+001
    endloop
  endfacet
  facet normal  6.573642e-001 -6.573642e-001 -3.684355e-001
    outer loop
      vertex  1.923114e+001 -2.276668e+001 -1.081429e+001
      vertex  2.276668e+001 -1.923114e+001 -1.081429e+001
      vertex  1.930419e+001 -2.283972e+001 -1.055363e+001
    endloop
  endfacet
  facet normal  6.573642e-001 -6.573642e-001 -3.684355e-001
    outer loop
      vertex  1.930419e+001 -2.283972e+001 -1.055363e+001
      vertex  2.276668e+001 -1.923114e+001 -1.081429e+001
      vertex  2.283972e+001 -1.930419e+001 -1.055363e+001
    endloop
  endfacet
  facet normal  6.644114e-001 -6.644114e-001 -3.422206e-001
    outer loop
      vertex  1.930419e+001 -2.283972e+001 -1.055363e+001
      vertex  2.283972e+001 -1.930419e+001 -1.055363e+001
      vertex  1.937204e+001 -2.290757e+001 -1.029018e+001
    endloop
  endfacet
  facet normal  6.644114e-001 -6.644114e-001 -3.422206e-001
    outer loop
      vertex  1.937204e+001 -2.290757e+001 -1.029018e+001
      vertex  2.283972e+001 -1.930419e+001 -1.055363e+001
      vertex  2.290757e+001 -1.937204e+001 -1.029018e+001
    endloop
  endfacet
  facet normal  6.709343e-001 -6.709343e-001 -3.157445e-001
    outer loop
      vertex  1.937204e+001 -2.290757e+001 -1.029018e+001
      vertex  2.290757e+001 -1.937204e+001 -1.029018e+001
      vertex  1.943464e+001 -2.297017e+001 -1.002415e+001
    endloop
  endfacet
  facet normal  6.709343e-001 -6.709343e-001 -3.157445e-001
    outer loop
      vertex  1.943464e+001 -2.297017e+001 -1.002415e+001
      vertex  2.290757e+001 -1.937204e+001 -1.029018e+001
      vertex  2.297017e+001 -1.943464e+001 -1.002415e+001
    endloop
  endfacet
  facet normal  6.769279e-001 -6.769279e-001 -2.890278e-001
    outer loop
      vertex  1.943464e+001 -2.297017e+001 -1.002415e+001
      vertex  2.297017e+001 -1.943464e+001 -1.002415e+001
      vertex  1.949194e+001 -2.302747e+001 -9.755732e+000
    endloop
  endfacet
  facet normal  6.769279e-001 -6.769279e-001 -2.890278e-001
    outer loop
      vertex  1.949194e+001 -2.302747e+001 -9.755732e+000
      vertex  2.297017e+001 -1.943464e+001 -1.002415e+001
      vertex  2.302747e+001 -1.949194e+001 -9.755732e+000
    endloop
  endfacet
  facet normal  6.823922e-001 -6.823922e-001 -2.620723e-001
    outer loop
      vertex  1.949194e+001 -2.302747e+001 -9.755732e+000
      vertex  2.302747e+001 -1.949194e+001 -9.755732e+000
      vertex  1.954390e+001 -2.307943e+001 -9.485151e+000
    endloop
  endfacet
  facet normal  6.823922e-001 -6.823922e-001 -2.620723e-001
    outer loop
      vertex  1.954390e+001 -2.307943e+001 -9.485151e+000
      vertex  2.302747e+001 -1.949194e+001 -9.755732e+000
      vertex  2.307943e+001 -1.954390e+001 -9.485151e+000
    endloop
  endfacet
  facet normal  6.873211e-001 -6.873211e-001 -2.349030e-001
    outer loop
      vertex  1.954390e+001 -2.307943e+001 -9.485151e+000
      vertex  2.307943e+001 -1.954390e+001 -9.485151e+000
      vertex  1.959047e+001 -2.312600e+001 -9.212616e+000
    endloop
  endfacet
  facet normal  6.873211e-001 -6.873211e-001 -2.349030e-001
    outer loop
      vertex  1.959047e+001 -2.312600e+001 -9.212616e+000
      vertex  2.307943e+001 -1.954390e+001 -9.485151e+000
      vertex  2.312600e+001 -1.959047e+001 -9.212616e+000
    endloop
  endfacet
  facet normal  6.917059e-001 -6.917059e-001 -2.075712e-001
    outer loop
      vertex  1.959047e+001 -2.312600e+001 -9.212616e+000
      vertex  2.312600e+001 -1.959047e+001 -9.212616e+000
      vertex  1.963162e+001 -2.316715e+001 -8.938342e+000
    endloop
  endfacet
  facet normal  6.917059e-001 -6.917059e-001 -2.075712e-001
    outer loop
      vertex  1.963162e+001 -2.316715e+001 -8.938342e+000
      vertex  2.312600e+001 -1.959047e+001 -9.212616e+000
      vertex  2.316715e+001 -1.963162e+001 -8.938342e+000
    endloop
  endfacet
  facet normal  6.955499e-001 -6.955499e-001 -1.800571e-001
    outer loop
      vertex  1.963162e+001 -2.316715e+001 -8.938342e+000
      vertex  2.316715e+001 -1.963162e+001 -8.938342e+000
      vertex  1.966732e+001 -2.320285e+001 -8.662544e+000
    endloop
  endfacet
  facet normal  6.955499e-001 -6.955499e-001 -1.800571e-001
    outer loop
      vertex  1.966732e+001 -2.320285e+001 -8.662544e+000
      vertex  2.316715e+001 -1.963162e+001 -8.938342e+000
      vertex  2.320285e+001 -1.966732e+001 -8.662544e+000
    endloop
  endfacet
  facet normal  6.988450e-001 -6.988450e-001 -1.524177e-001
    outer loop
      vertex  1.966732e+001 -2.320285e+001 -8.662544e+000
      vertex  2.320285e+001 -1.966732e+001 -8.662544e+000
      vertex  1.969754e+001 -2.323307e+001 -8.385440e+000
    endloop
  endfacet
  facet normal  6.988450e-001 -6.988450e-001 -1.524177e-001
    outer loop
      vertex  1.969754e+001 -2.323307e+001 -8.385440e+000
      vertex  2.320285e+001 -1.966732e+001 -8.662544e+000
      vertex  2.323307e+001 -1.969754e+001 -8.385440e+000
    endloop
  endfacet
  facet normal  7.015916e-001 -7.015916e-001 -1.246530e-001
    outer loop
      vertex  1.969754e+001 -2.323307e+001 -8.385440e+000
      vertex  2.323307e+001 -1.969754e+001 -8.385440e+000
      vertex  1.972225e+001 -2.325778e+001 -8.107246e+000
    endloop
  endfacet
  facet normal  7.015916e-001 -7.015916e-001 -1.246530e-001
    outer loop
      vertex  1.972225e+001 -2.325778e+001 -8.107246e+000
      vertex  2.323307e+001 -1.969754e+001 -8.385440e+000
      vertex  2.325778e+001 -1.972225e+001 -8.107246e+000
    endloop
  endfacet
  facet normal  7.037880e-001 -7.037880e-001 -9.677266e-002
    outer loop
      vertex  1.972225e+001 -2.325778e+001 -8.107246e+000
      vertex  2.325778e+001 -1.972225e+001 -8.107246e+000
      vertex  1.974144e+001 -2.327697e+001 -7.828182e+000
    endloop
  endfacet
  facet normal  7.037880e-001 -7.037880e-001 -9.677266e-002
    outer loop
      vertex  1.974144e+001 -2.327697e+001 -7.828182e+000
      vertex  2.325778e+001 -1.972225e+001 -8.107246e+000
      vertex  2.327697e+001 -1.974144e+001 -7.828182e+000
    endloop
  endfacet
  facet normal  7.054291e-001 -7.054291e-001 -6.884477e-002
    outer loop
      vertex  1.974144e+001 -2.327697e+001 -7.828182e+000
      vertex  2.327697e+001 -1.974144e+001 -7.828182e+000
      vertex  1.975508e+001 -2.329062e+001 -7.548466e+000
    endloop
  endfacet
  facet normal  7.054291e-001 -7.054291e-001 -6.884477e-002
    outer loop
      vertex  1.975508e+001 -2.329062e+001 -7.548466e+000
      vertex  2.327697e+001 -1.974144e+001 -7.828182e+000
      vertex  2.329062e+001 -1.975508e+001 -7.548466e+000
    endloop
  endfacet
  facet normal  7.065169e-001 -7.065169e-001 -4.083942e-002
    outer loop
      vertex  1.975508e+001 -2.329062e+001 -7.548466e+000
      vertex  2.329062e+001 -1.975508e+001 -7.548466e+000
      vertex  1.976318e+001 -2.329872e+001 -7.268320e+000
    endloop
  endfacet
  facet normal  7.065169e-001 -7.065169e-001 -4.083942e-002
    outer loop
      vertex  1.976318e+001 -2.329872e+001 -7.268320e+000
      vertex  2.329062e+001 -1.975508e+001 -7.548466e+000
      vertex  2.329872e+001 -1.976318e+001 -7.268320e+000
    endloop
  endfacet
  facet normal  7.070487e-001 -7.070487e-001 -1.281496e-002
    outer loop
      vertex  1.976318e+001 -2.329872e+001 -7.268320e+000
      vertex  2.329872e+001 -1.976318e+001 -7.268320e+000
      vertex  1.976572e+001 -2.330126e+001 -6.987962e+000
    endloop
  endfacet
  facet normal  7.070487e-001 -7.070487e-001 -1.281496e-002
    outer loop
      vertex  1.976572e+001 -2.330126e+001 -6.987962e+000
      vertex  2.329872e+001 -1.976318e+001 -7.268320e+000
      vertex  2.330126e+001 -1.976572e+001 -6.987962e+000
    endloop
  endfacet
  facet normal  7.070249e-001 -7.070249e-001  1.521902e-002
    outer loop
      vertex  1.976572e+001 -2.330126e+001 -6.987962e+000
      vertex  2.330126e+001 -1.976572e+001 -6.987962e+000
      vertex  1.976270e+001 -2.329824e+001 -6.707614e+000
    endloop
  endfacet
  facet normal  7.070249e-001 -7.070249e-001  1.521902e-002
    outer loop
      vertex  1.976270e+001 -2.329824e+001 -6.707614e+000
      vertex  2.330126e+001 -1.976572e+001 -6.987962e+000
      vertex  2.329824e+001 -1.976270e+001 -6.707614e+000
    endloop
  endfacet
  facet normal  7.064453e-001 -7.064453e-001  4.324353e-002
    outer loop
      vertex  1.976270e+001 -2.329824e+001 -6.707614e+000
      vertex  2.329824e+001 -1.976270e+001 -6.707614e+000
      vertex  1.975413e+001 -2.328967e+001 -6.427496e+000
    endloop
  endfacet
  facet normal  7.064453e-001 -7.064453e-001  4.324353e-002
    outer loop
      vertex  1.975413e+001 -2.328967e+001 -6.427496e+000
      vertex  2.329824e+001 -1.976270e+001 -6.707614e+000
      vertex  2.328967e+001 -1.975413e+001 -6.427496e+000
    endloop
  endfacet
  facet normal  7.053097e-001 -7.053097e-001  7.124881e-002
    outer loop
      vertex  1.975413e+001 -2.328967e+001 -6.427496e+000
      vertex  2.328967e+001 -1.975413e+001 -6.427496e+000
      vertex  1.974001e+001 -2.327554e+001 -6.147828e+000
    endloop
  endfacet
  facet normal  7.053097e-001 -7.053097e-001  7.124881e-002
    outer loop
      vertex  1.974001e+001 -2.327554e+001 -6.147828e+000
      vertex  2.328967e+001 -1.975413e+001 -6.427496e+000
      vertex  2.327554e+001 -1.974001e+001 -6.147828e+000
    endloop
  endfacet
  facet normal  7.036212e-001 -7.036212e-001  9.916880e-002
    outer loop
      vertex  1.974001e+001 -2.327554e+001 -6.147828e+000
      vertex  2.327554e+001 -1.974001e+001 -6.147828e+000
      vertex  1.972034e+001 -2.325588e+001 -5.868830e+000
    endloop
  endfacet
  facet normal  7.036212e-001 -7.036212e-001  9.916880e-002
    outer loop
      vertex  1.972034e+001 -2.325588e+001 -5.868830e+000
      vertex  2.327554e+001 -1.974001e+001 -6.147828e+000
      vertex  2.325588e+001 -1.972034e+001 -5.868830e+000
    endloop
  endfacet
  facet normal  7.013777e-001 -7.013777e-001  1.270379e-001
    outer loop
      vertex  1.972034e+001 -2.325588e+001 -5.868830e+000
      vertex  2.325588e+001 -1.972034e+001 -5.868830e+000
      vertex  1.969516e+001 -2.323069e+001 -5.590721e+000
    endloop
  endfacet
  facet normal  7.013777e-001 -7.013777e-001  1.270379e-001
    outer loop
      vertex  1.969516e+001 -2.323069e+001 -5.590721e+000
      vertex  2.325588e+001 -1.972034e+001 -5.868830e+000
      vertex  2.323069e+001 -1.969516e+001 -5.590721e+000
    endloop
  endfacet
  facet normal  6.985839e-001 -6.985839e-001  1.547931e-001
    outer loop
      vertex  1.969516e+001 -2.323069e+001 -5.590721e+000
      vertex  2.323069e+001 -1.969516e+001 -5.590721e+000
      vertex  1.966447e+001 -2.320000e+001 -5.313720e+000
    endloop
  endfacet
  facet normal  6.985839e-001 -6.985839e-001  1.547931e-001
    outer loop
      vertex  1.966447e+001 -2.320000e+001 -5.313720e+000
      vertex  2.323069e+001 -1.969516e+001 -5.590721e+000
      vertex  2.320000e+001 -1.966447e+001 -5.313720e+000
    endloop
  endfacet
  facet normal  6.952403e-001 -6.952403e-001  1.824335e-001
    outer loop
      vertex  1.966447e+001 -2.320000e+001 -5.313720e+000
      vertex  2.320000e+001 -1.966447e+001 -5.313720e+000
      vertex  1.962830e+001 -2.316383e+001 -5.038044e+000
    endloop
  endfacet
  facet normal  6.952403e-001 -6.952403e-001  1.824335e-001
    outer loop
      vertex  1.962830e+001 -2.316383e+001 -5.038044e+000
      vertex  2.320000e+001 -1.966447e+001 -5.313720e+000
      vertex  2.316383e+001 -1.962830e+001 -5.038044e+000
    endloop
  endfacet
  facet normal  6.913515e-001 -6.913515e-001  2.099199e-001
    outer loop
      vertex  1.962830e+001 -2.316383e+001 -5.038044e+000
      vertex  2.316383e+001 -1.962830e+001 -5.038044e+000
      vertex  1.958668e+001 -2.312222e+001 -4.763911e+000
    endloop
  endfacet
  facet normal  6.913515e-001 -6.913515e-001  2.099199e-001
    outer loop
      vertex  1.958668e+001 -2.312222e+001 -4.763911e+000
      vertex  2.316383e+001 -1.962830e+001 -5.038044e+000
      vertex  2.312222e+001 -1.958668e+001 -4.763911e+000
    endloop
  endfacet
  facet normal  6.869176e-001 -6.869176e-001  2.372515e-001
    outer loop
      vertex  1.958668e+001 -2.312222e+001 -4.763911e+000
      vertex  2.312222e+001 -1.958668e+001 -4.763911e+000
      vertex  1.953964e+001 -2.307518e+001 -4.491536e+000
    endloop
  endfacet
  facet normal  6.869176e-001 -6.869176e-001  2.372515e-001
    outer loop
      vertex  1.953964e+001 -2.307518e+001 -4.491536e+000
      vertex  2.312222e+001 -1.958668e+001 -4.763911e+000
      vertex  2.307518e+001 -1.953964e+001 -4.491536e+000
    endloop
  endfacet
  facet normal  6.819449e-001 -6.819449e-001  2.643902e-001
    outer loop
      vertex  1.953964e+001 -2.307518e+001 -4.491536e+000
      vertex  2.307518e+001 -1.953964e+001 -4.491536e+000
      vertex  1.948723e+001 -2.302276e+001 -4.221133e+000
    endloop
  endfacet
  facet normal  6.819449e-001 -6.819449e-001  2.643902e-001
    outer loop
      vertex  1.948723e+001 -2.302276e+001 -4.221133e+000
      vertex  2.307518e+001 -1.953964e+001 -4.491536e+000
      vertex  2.302276e+001 -1.948723e+001 -4.221133e+000
    endloop
  endfacet
  facet normal  6.764349e-001 -6.764349e-001  2.913274e-001
    outer loop
      vertex  1.948723e+001 -2.302276e+001 -4.221133e+000
      vertex  2.302276e+001 -1.948723e+001 -4.221133e+000
      vertex  1.942947e+001 -2.296500e+001 -3.952914e+000
    endloop
  endfacet
  facet normal  6.764349e-001 -6.764349e-001  2.913274e-001
    outer loop
      vertex  1.942947e+001 -2.296500e+001 -3.952914e+000
      vertex  2.302276e+001 -1.948723e+001 -4.221133e+000
      vertex  2.296500e+001 -1.942947e+001 -3.952914e+000
    endloop
  endfacet
  facet normal  6.703934e-001 -6.703934e-001  3.180336e-001
    outer loop
      vertex  1.942947e+001 -2.296500e+001 -3.952914e+000
      vertex  2.296500e+001 -1.942947e+001 -3.952914e+000
      vertex  1.936642e+001 -2.290195e+001 -3.687091e+000
    endloop
  endfacet
  facet normal  6.703934e-001 -6.703934e-001  3.180336e-001
    outer loop
      vertex  1.936642e+001 -2.290195e+001 -3.687091e+000
      vertex  2.296500e+001 -1.942947e+001 -3.952914e+000
      vertex  2.290195e+001 -1.936642e+001 -3.687091e+000
    endloop
  endfacet
  facet normal  6.638269e-001 -6.638269e-001  3.444818e-001
    outer loop
      vertex  1.936642e+001 -2.290195e+001 -3.687091e+000
      vertex  2.290195e+001 -1.936642e+001 -3.687091e+000
      vertex  1.929812e+001 -2.283365e+001 -3.423872e+000
    endloop
  endfacet
  facet normal  6.638269e-001 -6.638269e-001  3.444818e-001
    outer loop
      vertex  1.929812e+001 -2.283365e+001 -3.423872e+000
      vertex  2.290195e+001 -1.936642e+001 -3.687091e+000
      vertex  2.283365e+001 -1.929812e+001 -3.423872e+000
    endloop
  endfacet
  facet normal  6.567364e-001 -6.567364e-001  3.706678e-001
    outer loop
      vertex  1.929812e+001 -2.283365e+001 -3.423872e+000
      vertex  2.283365e+001 -1.929812e+001 -3.423872e+000
      vertex  1.922463e+001 -2.276016e+001 -3.163464e+000
    endloop
  endfacet
  facet normal  6.567364e-001 -6.567364e-001  3.706678e-001
    outer loop
      vertex  1.922463e+001 -2.276016e+001 -3.163464e+000
      vertex  2.283365e+001 -1.929812e+001 -3.423872e+000
      vertex  2.276016e+001 -1.922463e+001 -3.163464e+000
    endloop
  endfacet
  facet normal  6.491287e-001 -6.491287e-001  3.965652e-001
    outer loop
      vertex  1.922463e+001 -2.276016e+001 -3.163464e+000
      vertex  2.276016e+001 -1.922463e+001 -3.163464e+000
      vertex  1.914601e+001 -2.268154e+001 -2.906073e+000
    endloop
  endfacet
  facet normal  6.491287e-001 -6.491287e-001  3.965652e-001
    outer loop
      vertex  1.914601e+001 -2.268154e+001 -2.906073e+000
      vertex  2.276016e+001 -1.922463e+001 -3.163464e+000
      vertex  2.268154e+001 -1.914601e+001 -2.906073e+000
    endloop
  endfacet
  facet normal  6.410120e-001 -6.410120e-001  4.221461e-001
    outer loop
      vertex  1.914601e+001 -2.268154e+001 -2.906073e+000
      vertex  2.268154e+001 -1.914601e+001 -2.906073e+000
      vertex  1.906231e+001 -2.259785e+001 -2.651900e+000
    endloop
  endfacet
  facet normal  6.410120e-001 -6.410120e-001  4.221461e-001
    outer loop
      vertex  1.906231e+001 -2.259785e+001 -2.651900e+000
      vertex  2.268154e+001 -1.914601e+001 -2.906073e+000
      vertex  2.259785e+001 -1.906231e+001 -2.651900e+000
    endloop
  endfacet
  facet normal  6.323926e-001 -6.323926e-001  4.473913e-001
    outer loop
      vertex  1.906231e+001 -2.259785e+001 -2.651900e+000
      vertex  2.259785e+001 -1.906231e+001 -2.651900e+000
      vertex  1.897361e+001 -2.250915e+001 -2.401145e+000
    endloop
  endfacet
  facet normal  6.323926e-001 -6.323926e-001  4.473913e-001
    outer loop
      vertex  1.897361e+001 -2.250915e+001 -2.401145e+000
      vertex  2.259785e+001 -1.906231e+001 -2.651900e+000
      vertex  2.250915e+001 -1.897361e+001 -2.401145e+000
    endloop
  endfacet
  facet normal  6.232747e-001 -6.232747e-001  4.722892e-001
    outer loop
      vertex  1.897361e+001 -2.250915e+001 -2.401145e+000
      vertex  2.250915e+001 -1.897361e+001 -2.401145e+000
      vertex  1.887998e+001 -2.241551e+001 -2.154005e+000
    endloop
  endfacet
  facet normal  6.232747e-001 -6.232747e-001  4.722892e-001
    outer loop
      vertex  1.887998e+001 -2.241551e+001 -2.154005e+000
      vertex  2.250915e+001 -1.897361e+001 -2.401145e+000
      vertex  2.241551e+001 -1.887998e+001 -2.154005e+000
    endloop
  endfacet
  facet normal  6.136683e-001 -6.136683e-001  4.968125e-001
    outer loop
      vertex  1.887998e+001 -2.241551e+001 -2.154005e+000
      vertex  2.241551e+001 -1.887998e+001 -2.154005e+000
      vertex  1.878148e+001 -2.231701e+001 -1.910675e+000
    endloop
  endfacet
  facet normal  6.136683e-001 -6.136683e-001  4.968125e-001
    outer loop
      vertex  1.878148e+001 -2.231701e+001 -1.910675e+000
      vertex  2.241551e+001 -1.887998e+001 -2.154005e+000
      vertex  2.231701e+001 -1.878148e+001 -1.910675e+000
    endloop
  endfacet
  facet normal  6.035774e-001 -6.035774e-001  5.209495e-001
    outer loop
      vertex  1.878148e+001 -2.231701e+001 -1.910675e+000
      vertex  2.231701e+001 -1.878148e+001 -1.910675e+000
      vertex  1.867820e+001 -2.221373e+001 -1.671346e+000
    endloop
  endfacet
  facet normal  6.035774e-001 -6.035774e-001  5.209495e-001
    outer loop
      vertex  1.867820e+001 -2.221373e+001 -1.671346e+000
      vertex  2.231701e+001 -1.878148e+001 -1.910675e+000
      vertex  2.221373e+001 -1.867820e+001 -1.671346e+000
    endloop
  endfacet
  facet normal  5.930132e-001 -5.930132e-001  5.446747e-001
    outer loop
      vertex  1.867820e+001 -2.221373e+001 -1.671346e+000
      vertex  2.221373e+001 -1.867820e+001 -1.671346e+000
      vertex  1.857021e+001 -2.210575e+001 -1.436206e+000
    endloop
  endfacet
  facet normal  5.930132e-001 -5.930132e-001  5.446747e-001
    outer loop
      vertex  1.857021e+001 -2.210575e+001 -1.436206e+000
      vertex  2.221373e+001 -1.867820e+001 -1.671346e+000
      vertex  2.210575e+001 -1.857021e+001 -1.436206e+000
    endloop
  endfacet
  facet normal  5.819815e-001 -5.819815e-001  5.679745e-001
    outer loop
      vertex  1.857021e+001 -2.210575e+001 -1.436206e+000
      vertex  2.210575e+001 -1.857021e+001 -1.436206e+000
      vertex  1.845761e+001 -2.199314e+001 -1.205439e+000
    endloop
  endfacet
  facet normal  5.819815e-001 -5.819815e-001  5.679745e-001
    outer loop
      vertex  1.845761e+001 -2.199314e+001 -1.205439e+000
      vertex  2.210575e+001 -1.857021e+001 -1.436206e+000
      vertex  2.199314e+001 -1.845761e+001 -1.205439e+000
    endloop
  endfacet
  facet normal  5.704945e-001 -5.704945e-001  5.908233e-001
    outer loop
      vertex  1.845761e+001 -2.199314e+001 -1.205439e+000
      vertex  2.199314e+001 -1.845761e+001 -1.205439e+000
      vertex  1.834047e+001 -2.187600e+001 -9.792283e-001
    endloop
  endfacet
  facet normal  5.704945e-001 -5.704945e-001  5.908233e-001
    outer loop
      vertex  1.834047e+001 -2.187600e+001 -9.792283e-001
      vertex  2.199314e+001 -1.845761e+001 -1.205439e+000
      vertex  2.187600e+001 -1.834047e+001 -9.792283e-001
    endloop
  endfacet
  facet normal  6.048611e-001 -6.048611e-001 -5.179632e-001
    outer loop
      vertex  2.222279e+001 -1.868725e+001 -1.230827e+001
      vertex  1.868725e+001 -2.222279e+001 -1.230827e+001
      vertex  2.212691e+001 -1.859138e+001 -1.253218e+001
    endloop
  endfacet
  facet normal  6.048611e-001 -6.048611e-001 -5.179632e-001
    outer loop
      vertex  2.212691e+001 -1.859138e+001 -1.253218e+001
      vertex  1.868725e+001 -2.222279e+001 -1.230827e+001
      vertex  1.859138e+001 -2.212691e+001 -1.253218e+001
    endloop
  endfacet
  facet normal  6.156493e-001 -6.156493e-001 -4.918861e-001
    outer loop
      vertex  2.212691e+001 -1.859138e+001 -1.253218e+001
      vertex  1.859138e+001 -2.212691e+001 -1.253218e+001
      vertex  2.203586e+001 -1.850033e+001 -1.276010e+001
    endloop
  endfacet
  facet normal  6.156493e-001 -6.156493e-001 -4.918861e-001
    outer loop
      vertex  2.203586e+001 -1.850033e+001 -1.276010e+001
      vertex  1.859138e+001 -2.212691e+001 -1.253218e+001
      vertex  1.850033e+001 -2.203586e+001 -1.276010e+001
    endloop
  endfacet
  facet normal  6.258722e-001 -6.258722e-001 -4.653687e-001
    outer loop
      vertex  2.203586e+001 -1.850033e+001 -1.276010e+001
      vertex  1.850033e+001 -2.203586e+001 -1.276010e+001
      vertex  2.194972e+001 -1.841419e+001 -1.299179e+001
    endloop
  endfacet
  facet normal  6.258722e-001 -6.258722e-001 -4.653687e-001
    outer loop
      vertex  2.194972e+001 -1.841419e+001 -1.299179e+001
      vertex  1.850033e+001 -2.203586e+001 -1.276010e+001
      vertex  1.841419e+001 -2.194972e+001 -1.299179e+001
    endloop
  endfacet
  facet normal  6.355279e-001 -6.355279e-001 -4.384161e-001
    outer loop
      vertex  2.194972e+001 -1.841419e+001 -1.299179e+001
      vertex  1.841419e+001 -2.194972e+001 -1.299179e+001
      vertex  2.186857e+001 -1.833304e+001 -1.322706e+001
    endloop
  endfacet
  facet normal  6.355279e-001 -6.355279e-001 -4.384161e-001
    outer loop
      vertex  2.186857e+001 -1.833304e+001 -1.322706e+001
      vertex  1.841419e+001 -2.194972e+001 -1.299179e+001
      vertex  1.833304e+001 -2.186857e+001 -1.322706e+001
    endloop
  endfacet
  facet normal  6.446027e-001 -6.446027e-001 -4.110652e-001
    outer loop
      vertex  2.186857e+001 -1.833304e+001 -1.322706e+001
      vertex  1.833304e+001 -2.186857e+001 -1.322706e+001
      vertex  2.179249e+001 -1.825695e+001 -1.346570e+001
    endloop
  endfacet
  facet normal  6.446027e-001 -6.446027e-001 -4.110652e-001
    outer loop
      vertex  2.179249e+001 -1.825695e+001 -1.346570e+001
      vertex  1.833304e+001 -2.186857e+001 -1.322706e+001
      vertex  1.825695e+001 -2.179249e+001 -1.346570e+001
    endloop
  endfacet
  facet normal  6.530895e-001 -6.530895e-001 -3.833383e-001
    outer loop
      vertex  2.179249e+001 -1.825695e+001 -1.346570e+001
      vertex  1.825695e+001 -2.179249e+001 -1.346570e+001
      vertex  2.172153e+001 -1.818600e+001 -1.370747e+001
    endloop
  endfacet
  facet normal  6.530895e-001 -6.530895e-001 -3.833383e-001
    outer loop
      vertex  2.172153e+001 -1.818600e+001 -1.370747e+001
      vertex  1.825695e+001 -2.179249e+001 -1.346570e+001
      vertex  1.818600e+001 -2.172153e+001 -1.370747e+001
    endloop
  endfacet
  facet normal  6.609788e-001 -6.609788e-001 -3.552661e-001
    outer loop
      vertex  2.172153e+001 -1.818600e+001 -1.370747e+001
      vertex  1.818600e+001 -2.172153e+001 -1.370747e+001
      vertex  2.165577e+001 -1.812024e+001 -1.395216e+001
    endloop
  endfacet
  facet normal  6.609788e-001 -6.609788e-001 -3.552661e-001
    outer loop
      vertex  2.165577e+001 -1.812024e+001 -1.395216e+001
      vertex  1.818600e+001 -2.172153e+001 -1.370747e+001
      vertex  1.812024e+001 -2.165577e+001 -1.395216e+001
    endloop
  endfacet
  facet normal  6.682653e-001 -6.682653e-001 -3.268687e-001
    outer loop
      vertex  2.165577e+001 -1.812024e+001 -1.395216e+001
      vertex  1.812024e+001 -2.165577e+001 -1.395216e+001
      vertex  2.159527e+001 -1.805973e+001 -1.419955e+001
    endloop
  endfacet
  facet normal  6.682653e-001 -6.682653e-001 -3.268687e-001
    outer loop
      vertex  2.159527e+001 -1.805973e+001 -1.419955e+001
      vertex  1.812024e+001 -2.165577e+001 -1.395216e+001
      vertex  1.805973e+001 -2.159527e+001 -1.419955e+001
    endloop
  endfacet
  facet normal  6.749426e-001 -6.749426e-001 -2.981695e-001
    outer loop
      vertex  2.159527e+001 -1.805973e+001 -1.419955e+001
      vertex  1.805973e+001 -2.159527e+001 -1.419955e+001
      vertex  2.154008e+001 -1.800454e+001 -1.444941e+001
    endloop
  endfacet
  facet normal  6.749426e-001 -6.749426e-001 -2.981695e-001
    outer loop
      vertex  2.154008e+001 -1.800454e+001 -1.444941e+001
      vertex  1.805973e+001 -2.159527e+001 -1.419955e+001
      vertex  1.800454e+001 -2.154008e+001 -1.444941e+001
    endloop
  endfacet
  facet normal  6.810024e-001 -6.810024e-001 -2.692050e-001
    outer loop
      vertex  2.154008e+001 -1.800454e+001 -1.444941e+001
      vertex  1.800454e+001 -2.154008e+001 -1.444941e+001
      vertex  2.149025e+001 -1.795471e+001 -1.470152e+001
    endloop
  endfacet
  facet normal  6.810024e-001 -6.810024e-001 -2.692050e-001
    outer loop
      vertex  2.149025e+001 -1.795471e+001 -1.470152e+001
      vertex  1.800454e+001 -2.154008e+001 -1.444941e+001
      vertex  1.795471e+001 -2.149025e+001 -1.470152e+001
    endloop
  endfacet
  facet normal  6.864434e-001 -6.864434e-001 -2.399810e-001
    outer loop
      vertex  2.149025e+001 -1.795471e+001 -1.470152e+001
      vertex  1.795471e+001 -2.149025e+001 -1.470152e+001
      vertex  2.144583e+001 -1.791029e+001 -1.495564e+001
    endloop
  endfacet
  facet normal  6.864434e-001 -6.864434e-001 -2.399810e-001
    outer loop
      vertex  2.144583e+001 -1.791029e+001 -1.495564e+001
      vertex  1.795471e+001 -2.149025e+001 -1.470152e+001
      vertex  1.791029e+001 -2.144583e+001 -1.495564e+001
    endloop
  endfacet
  facet normal  6.912540e-001 -6.912540e-001 -2.105610e-001
    outer loop
      vertex  2.144583e+001 -1.791029e+001 -1.495564e+001
      vertex  1.791029e+001 -2.144583e+001 -1.495564e+001
      vertex  2.140685e+001 -1.787132e+001 -1.521154e+001
    endloop
  endfacet
  facet normal  6.912540e-001 -6.912540e-001 -2.105610e-001
    outer loop
      vertex  2.140685e+001 -1.787132e+001 -1.521154e+001
      vertex  1.791029e+001 -2.144583e+001 -1.495564e+001
      vertex  1.787132e+001 -2.140685e+001 -1.521154e+001
    endloop
  endfacet
  facet normal  6.954372e-001 -6.954372e-001 -1.809259e-001
    outer loop
      vertex  2.140685e+001 -1.787132e+001 -1.521154e+001
      vertex  1.787132e+001 -2.140685e+001 -1.521154e+001
      vertex  2.137336e+001 -1.783783e+001 -1.546899e+001
    endloop
  endfacet
  facet normal  6.954372e-001 -6.954372e-001 -1.809259e-001
    outer loop
      vertex  2.137336e+001 -1.783783e+001 -1.546899e+001
      vertex  1.787132e+001 -2.140685e+001 -1.521154e+001
      vertex  1.783783e+001 -2.137336e+001 -1.546899e+001
    endloop
  endfacet
  facet normal  6.989843e-001 -6.989843e-001 -1.511354e-001
    outer loop
      vertex  2.137336e+001 -1.783783e+001 -1.546899e+001
      vertex  1.783783e+001 -2.137336e+001 -1.546899e+001
      vertex  2.134539e+001 -1.780985e+001 -1.572775e+001
    endloop
  endfacet
  facet normal  6.989843e-001 -6.989843e-001 -1.511354e-001
    outer loop
      vertex  2.134539e+001 -1.780985e+001 -1.572775e+001
      vertex  1.783783e+001 -2.137336e+001 -1.546899e+001
      vertex  1.780985e+001 -2.134539e+001 -1.572775e+001
    endloop
  endfacet
  facet normal  7.018939e-001 -7.018939e-001 -1.212013e-001
    outer loop
      vertex  2.134539e+001 -1.780985e+001 -1.572775e+001
      vertex  1.780985e+001 -2.134539e+001 -1.572775e+001
      vertex  2.132295e+001 -1.778742e+001 -1.598759e+001
    endloop
  endfacet
  facet normal  7.018939e-001 -7.018939e-001 -1.212013e-001
    outer loop
      vertex  2.132295e+001 -1.778742e+001 -1.598759e+001
      vertex  1.780985e+001 -2.134539e+001 -1.572775e+001
      vertex  1.778742e+001 -2.132295e+001 -1.598759e+001
    endloop
  endfacet
  facet normal  7.041616e-001 -7.041616e-001 -9.117430e-002
    outer loop
      vertex  2.132295e+001 -1.778742e+001 -1.598759e+001
      vertex  1.778742e+001 -2.132295e+001 -1.598759e+001
      vertex  2.130608e+001 -1.777054e+001 -1.624827e+001
    endloop
  endfacet
  facet normal  7.041616e-001 -7.041616e-001 -9.117430e-002
    outer loop
      vertex  2.130608e+001 -1.777054e+001 -1.624827e+001
      vertex  1.778742e+001 -2.132295e+001 -1.598759e+001
      vertex  1.777054e+001 -2.130608e+001 -1.624827e+001
    endloop
  endfacet
  facet normal  7.057881e-001 -7.057881e-001 -6.104357e-002
    outer loop
      vertex  2.130608e+001 -1.777054e+001 -1.624827e+001
      vertex  1.777054e+001 -2.130608e+001 -1.624827e+001
      vertex  2.129478e+001 -1.775924e+001 -1.650955e+001
    endloop
  endfacet
  facet normal  7.057881e-001 -7.057881e-001 -6.104357e-002
    outer loop
      vertex  2.129478e+001 -1.775924e+001 -1.650955e+001
      vertex  1.777054e+001 -2.130608e+001 -1.624827e+001
      vertex  1.775924e+001 -2.129478e+001 -1.650955e+001
    endloop
  endfacet
  facet normal  7.067699e-001 -7.067699e-001 -3.086219e-002
    outer loop
      vertex  2.129478e+001 -1.775924e+001 -1.650955e+001
      vertex  1.775924e+001 -2.129478e+001 -1.650955e+001
      vertex  2.128907e+001 -1.775353e+001 -1.677120e+001
    endloop
  endfacet
  facet normal  7.067699e-001 -7.067699e-001 -3.086219e-002
    outer loop
      vertex  2.128907e+001 -1.775353e+001 -1.677120e+001
      vertex  1.775924e+001 -2.129478e+001 -1.650955e+001
      vertex  1.775353e+001 -2.128907e+001 -1.677120e+001
    endloop
  endfacet
  facet normal  7.071066e-001 -7.071066e-001 -6.601476e-004
    outer loop
      vertex  2.128907e+001 -1.775353e+001 -1.677120e+001
      vertex  1.775353e+001 -2.128907e+001 -1.677120e+001
      vertex  2.128894e+001 -1.775341e+001 -1.703297e+001
    endloop
  endfacet
  facet normal  7.071066e-001 -7.071066e-001 -6.601476e-004
    outer loop
      vertex  2.128894e+001 -1.775341e+001 -1.703297e+001
      vertex  1.775353e+001 -2.128907e+001 -1.677120e+001
      vertex  1.775341e+001 -2.128894e+001 -1.703297e+001
    endloop
  endfacet
  facet normal  7.067979e-001 -7.067979e-001  2.955343e-002
    outer loop
      vertex  2.128894e+001 -1.775341e+001 -1.703297e+001
      vertex  1.775341e+001 -2.128894e+001 -1.703297e+001
      vertex  2.129441e+001 -1.775888e+001 -1.729462e+001
    endloop
  endfacet
  facet normal  7.067979e-001 -7.067979e-001  2.955343e-002
    outer loop
      vertex  2.129441e+001 -1.775888e+001 -1.729462e+001
      vertex  1.775341e+001 -2.128894e+001 -1.703297e+001
      vertex  1.775888e+001 -2.129441e+001 -1.729462e+001
    endloop
  endfacet
  facet normal  7.058445e-001 -7.058445e-001  5.972473e-002
    outer loop
      vertex  2.129441e+001 -1.775888e+001 -1.729462e+001
      vertex  1.775888e+001 -2.129441e+001 -1.729462e+001
      vertex  2.130547e+001 -1.776994e+001 -1.755593e+001
    endloop
  endfacet
  facet normal  7.058445e-001 -7.058445e-001  5.972473e-002
    outer loop
      vertex  2.130547e+001 -1.776994e+001 -1.755593e+001
      vertex  1.775888e+001 -2.129441e+001 -1.729462e+001
      vertex  1.776994e+001 -2.130547e+001 -1.755593e+001
    endloop
  endfacet
  facet normal  7.042464e-001 -7.042464e-001  8.985576e-002
    outer loop
      vertex  2.130547e+001 -1.776994e+001 -1.755593e+001
      vertex  1.776994e+001 -2.130547e+001 -1.755593e+001
      vertex  2.132210e+001 -1.778657e+001 -1.781664e+001
    endloop
  endfacet
  facet normal  7.042464e-001 -7.042464e-001  8.985576e-002
    outer loop
      vertex  2.132210e+001 -1.778657e+001 -1.781664e+001
      vertex  1.776994e+001 -2.130547e+001 -1.755593e+001
      vertex  1.778657e+001 -2.132210e+001 -1.781664e+001
    endloop
  endfacet
  facet normal  7.020055e-001 -7.020055e-001  1.199026e-001
    outer loop
      vertex  2.132210e+001 -1.778657e+001 -1.781664e+001
      vertex  1.778657e+001 -2.132210e+001 -1.781664e+001
      vertex  2.134430e+001 -1.780876e+001 -1.807652e+001
    endloop
  endfacet
  facet normal  7.020055e-001 -7.020055e-001  1.199026e-001
    outer loop
      vertex  2.134430e+001 -1.780876e+001 -1.807652e+001
      vertex  1.778657e+001 -2.132210e+001 -1.781664e+001
      vertex  1.780876e+001 -2.134430e+001 -1.807652e+001
    endloop
  endfacet
  facet normal  6.991240e-001 -6.991240e-001  1.498371e-001
    outer loop
      vertex  2.134430e+001 -1.780876e+001 -1.807652e+001
      vertex  1.780876e+001 -2.134430e+001 -1.807652e+001
      vertex  2.137203e+001 -1.783650e+001 -1.833533e+001
    endloop
  endfacet
  facet normal  6.991240e-001 -6.991240e-001  1.498371e-001
    outer loop
      vertex  2.137203e+001 -1.783650e+001 -1.833533e+001
      vertex  1.780876e+001 -2.134430e+001 -1.807652e+001
      vertex  1.783650e+001 -2.137203e+001 -1.833533e+001
    endloop
  endfacet
  facet normal  6.974443e-001 -6.974442e-001  1.647518e-001
    outer loop
      vertex  1.783650e+001 -2.137203e+001 -1.833533e+001
      vertex  2.051056e+001 -2.404610e+001 -4.097559e+001
      vertex  2.137203e+001 -1.783650e+001 -1.833533e+001
    endloop
  endfacet
  facet normal  6.974443e-001 -6.974442e-001  1.647518e-001
    outer loop
      vertex  2.137203e+001 -1.783650e+001 -1.833533e+001
      vertex  2.051056e+001 -2.404610e+001 -4.097559e+001
      vertex  2.404610e+001 -2.051056e+001 -4.097559e+001
    endloop
  endfacet
  facet normal  7.067579e-001 -7.067579e-001 -3.140821e-002
    outer loop
      vertex  1.557802e+001 -1.911355e+001 -4.146827e+001
      vertex  1.911355e+001 -1.557802e+001 -4.146827e+001
      vertex  1.558081e+001 -1.911634e+001 -4.134269e+001
    endloop
  endfacet
  facet normal  7.067579e-001 -7.067579e-001 -3.140821e-002
    outer loop
      vertex  1.558081e+001 -1.911634e+001 -4.134269e+001
      vertex  1.911355e+001 -1.557802e+001 -4.146827e+001
      vertex  1.911634e+001 -1.558081e+001 -4.134269e+001
    endloop
  endfacet
  facet normal  7.039681e-001 -7.039681e-001 -9.411530e-002
    outer loop
      vertex  1.558081e+001 -1.911634e+001 -4.134269e+001
      vertex  1.911634e+001 -1.558081e+001 -4.134269e+001
      vertex  1.558917e+001 -1.912471e+001 -4.121761e+001
    endloop
  endfacet
  facet normal  7.039682e-001 -7.039682e-001 -9.411528e-002
    outer loop
      vertex  1.558917e+001 -1.912471e+001 -4.121761e+001
      vertex  1.911634e+001 -1.558081e+001 -4.134269e+001
      vertex  1.912471e+001 -1.558917e+001 -4.121761e+001
    endloop
  endfacet
  facet normal  6.984020e-001 -6.984020e-001 -1.564269e-001
    outer loop
      vertex  1.558917e+001 -1.912471e+001 -4.121761e+001
      vertex  1.912471e+001 -1.558917e+001 -4.121761e+001
      vertex  1.560307e+001 -1.913860e+001 -4.109351e+001
    endloop
  endfacet
  facet normal  6.984019e-001 -6.984019e-001 -1.564269e-001
    outer loop
      vertex  1.560307e+001 -1.913860e+001 -4.109351e+001
      vertex  1.912471e+001 -1.558917e+001 -4.121761e+001
      vertex  1.913860e+001 -1.560307e+001 -4.109351e+001
    endloop
  endfacet
  facet normal  6.900780e-001 -6.900780e-001 -2.181393e-001
    outer loop
      vertex  1.560307e+001 -1.913860e+001 -4.109351e+001
      vertex  1.913860e+001 -1.560307e+001 -4.109351e+001
      vertex  1.562245e+001 -1.915798e+001 -4.097089e+001
    endloop
  endfacet
  facet normal  6.900780e-001 -6.900780e-001 -2.181393e-001
    outer loop
      vertex  1.562245e+001 -1.915798e+001 -4.097089e+001
      vertex  1.913860e+001 -1.560307e+001 -4.109351e+001
      vertex  1.915798e+001 -1.562245e+001 -4.097089e+001
    endloop
  endfacet
  facet normal  6.790286e-001 -6.790286e-001 -2.789986e-001
    outer loop
      vertex  1.562245e+001 -1.915798e+001 -4.097089e+001
      vertex  1.915798e+001 -1.562245e+001 -4.097089e+001
      vertex  1.564724e+001 -1.918277e+001 -4.085024e+001
    endloop
  endfacet
  facet normal  6.790286e-001 -6.790286e-001 -2.789986e-001
    outer loop
      vertex  1.564724e+001 -1.918277e+001 -4.085024e+001
      vertex  1.915798e+001 -1.562245e+001 -4.097089e+001
      vertex  1.918277e+001 -1.564724e+001 -4.085024e+001
    endloop
  endfacet
  facet normal  6.653058e-001 -6.653058e-001 -3.387276e-001
    outer loop
      vertex  1.564724e+001 -1.918277e+001 -4.085024e+001
      vertex  1.918277e+001 -1.564724e+001 -4.085024e+001
      vertex  1.567733e+001 -1.921286e+001 -4.073202e+001
    endloop
  endfacet
  facet normal  6.653058e-001 -6.653058e-001 -3.387276e-001
    outer loop
      vertex  1.567733e+001 -1.921286e+001 -4.073202e+001
      vertex  1.918277e+001 -1.564724e+001 -4.085024e+001
      vertex  1.921286e+001 -1.567733e+001 -4.073202e+001
    endloop
  endfacet
  facet normal  6.489472e-001 -6.489472e-001 -3.971584e-001
    outer loop
      vertex  1.567733e+001 -1.921286e+001 -4.073202e+001
      vertex  1.921286e+001 -1.567733e+001 -4.073202e+001
      vertex  1.571262e+001 -1.924815e+001 -4.061671e+001
    endloop
  endfacet
  facet normal  6.489472e-001 -6.489472e-001 -3.971584e-001
    outer loop
      vertex  1.571262e+001 -1.924815e+001 -4.061671e+001
      vertex  1.921286e+001 -1.567733e+001 -4.073202e+001
      vertex  1.924815e+001 -1.571262e+001 -4.061671e+001
    endloop
  endfacet
  facet normal  6.300371e-001 -6.300371e-001 -4.539896e-001
    outer loop
      vertex  1.571262e+001 -1.924815e+001 -4.061671e+001
      vertex  1.924815e+001 -1.571262e+001 -4.061671e+001
      vertex  1.575295e+001 -1.928848e+001 -4.050476e+001
    endloop
  endfacet
  facet normal  6.300371e-001 -6.300371e-001 -4.539894e-001
    outer loop
      vertex  1.575295e+001 -1.928848e+001 -4.050476e+001
      vertex  1.924815e+001 -1.571262e+001 -4.061671e+001
      vertex  1.928848e+001 -1.575295e+001 -4.050476e+001
    endloop
  endfacet
  facet normal  6.086360e-001 -6.086360e-001 -5.090427e-001
    outer loop
      vertex  1.575295e+001 -1.928848e+001 -4.050476e+001
      vertex  1.928848e+001 -1.575295e+001 -4.050476e+001
      vertex  1.579817e+001 -1.933371e+001 -4.039662e+001
    endloop
  endfacet
  facet normal  6.086360e-001 -6.086360e-001 -5.090427e-001
    outer loop
      vertex  1.579817e+001 -1.933371e+001 -4.039662e+001
      vertex  1.928848e+001 -1.575295e+001 -4.050476e+001
      vertex  1.933371e+001 -1.579817e+001 -4.039662e+001
    endloop
  endfacet
  facet normal  5.848359e-001 -5.848359e-001 -5.620799e-001
    outer loop
      vertex  1.579817e+001 -1.933371e+001 -4.039662e+001
      vertex  1.933371e+001 -1.579817e+001 -4.039662e+001
      vertex  1.584811e+001 -1.938364e+001 -4.029270e+001
    endloop
  endfacet
  facet normal  5.848359e-001 -5.848359e-001 -5.620799e-001
    outer loop
      vertex  1.584811e+001 -1.938364e+001 -4.029270e+001
      vertex  1.933371e+001 -1.579817e+001 -4.039662e+001
      vertex  1.938364e+001 -1.584811e+001 -4.029270e+001
    endloop
  endfacet
  facet normal  5.587225e-001 -5.587225e-001 -6.129097e-001
    outer loop
      vertex  1.584811e+001 -1.938364e+001 -4.029270e+001
      vertex  1.938364e+001 -1.584811e+001 -4.029270e+001
      vertex  1.590256e+001 -1.943810e+001 -4.019342e+001
    endloop
  endfacet
  facet normal  5.587225e-001 -5.587225e-001 -6.129097e-001
    outer loop
      vertex  1.590256e+001 -1.943810e+001 -4.019342e+001
      vertex  1.938364e+001 -1.584811e+001 -4.029270e+001
      vertex  1.943810e+001 -1.590256e+001 -4.019342e+001
    endloop
  endfacet
  facet normal  5.304056e-001 -5.304056e-001 -6.613167e-001
    outer loop
      vertex  1.590256e+001 -1.943810e+001 -4.019342e+001
      vertex  1.943810e+001 -1.590256e+001 -4.019342e+001
      vertex  1.596132e+001 -1.949685e+001 -4.009918e+001
    endloop
  endfacet
  facet normal  5.304057e-001 -5.304057e-001 -6.613166e-001
    outer loop
      vertex  1.596132e+001 -1.949685e+001 -4.009918e+001
      vertex  1.943810e+001 -1.590256e+001 -4.019342e+001
      vertex  1.949685e+001 -1.596132e+001 -4.009918e+001
    endloop
  endfacet
  facet normal  5.000060e-001 -5.000060e-001 -7.070983e-001
    outer loop
      vertex  1.596132e+001 -1.949685e+001 -4.009918e+001
      vertex  1.949685e+001 -1.596132e+001 -4.009918e+001
      vertex  1.602414e+001 -1.955967e+001 -4.001033e+001
    endloop
  endfacet
  facet normal  5.000059e-001 -5.000059e-001 -7.070985e-001
    outer loop
      vertex  1.602414e+001 -1.955967e+001 -4.001033e+001
      vertex  1.949685e+001 -1.596132e+001 -4.009918e+001
      vertex  1.955967e+001 -1.602414e+001 -4.001033e+001
    endloop
  endfacet
  facet normal  4.676116e-001 -4.676116e-001 -7.501191e-001
    outer loop
      vertex  1.602414e+001 -1.955967e+001 -4.001033e+001
      vertex  1.955967e+001 -1.602414e+001 -4.001033e+001
      vertex  1.609078e+001 -1.962631e+001 -3.992725e+001
    endloop
  endfacet
  facet normal  4.676116e-001 -4.676116e-001 -7.501191e-001
    outer loop
      vertex  1.609078e+001 -1.962631e+001 -3.992725e+001
      vertex  1.955967e+001 -1.602414e+001 -4.001033e+001
      vertex  1.962631e+001 -1.609078e+001 -3.992725e+001
    endloop
  endfacet
  facet normal  4.333889e-001 -4.333889e-001 -7.901570e-001
    outer loop
      vertex  1.609078e+001 -1.962631e+001 -3.992725e+001
      vertex  1.962631e+001 -1.609078e+001 -3.992725e+001
      vertex  1.616098e+001 -1.969651e+001 -3.985024e+001
    endloop
  endfacet
  facet normal  4.333889e-001 -4.333889e-001 -7.901570e-001
    outer loop
      vertex  1.616098e+001 -1.969651e+001 -3.985024e+001
      vertex  1.962631e+001 -1.609078e+001 -3.992725e+001
      vertex  1.969651e+001 -1.616098e+001 -3.985024e+001
    endloop
  endfacet
  facet normal  3.974505e-001 -3.974505e-001 -8.270829e-001
    outer loop
      vertex  1.616098e+001 -1.969651e+001 -3.985024e+001
      vertex  1.969651e+001 -1.616098e+001 -3.985024e+001
      vertex  1.623446e+001 -1.976999e+001 -3.977962e+001
    endloop
  endfacet
  facet normal  3.974505e-001 -3.974505e-001 -8.270829e-001
    outer loop
      vertex  1.623446e+001 -1.976999e+001 -3.977962e+001
      vertex  1.969651e+001 -1.616098e+001 -3.985024e+001
      vertex  1.976999e+001 -1.623446e+001 -3.977962e+001
    endloop
  endfacet
  facet normal  3.599669e-001 -3.599669e-001 -8.607252e-001
    outer loop
      vertex  1.623446e+001 -1.976999e+001 -3.977962e+001
      vertex  1.976999e+001 -1.623446e+001 -3.977962e+001
      vertex  1.631093e+001 -1.984646e+001 -3.971566e+001
    endloop
  endfacet
  facet normal  3.599669e-001 -3.599669e-001 -8.607252e-001
    outer loop
      vertex  1.631093e+001 -1.984646e+001 -3.971566e+001
      vertex  1.976999e+001 -1.623446e+001 -3.977962e+001
      vertex  1.984646e+001 -1.631093e+001 -3.971566e+001
    endloop
  endfacet
  facet normal  3.210011e-001 -3.210011e-001 -8.910200e-001
    outer loop
      vertex  1.631093e+001 -1.984646e+001 -3.971566e+001
      vertex  1.984646e+001 -1.631093e+001 -3.971566e+001
      vertex  1.639009e+001 -1.992562e+001 -3.965862e+001
    endloop
  endfacet
  facet normal  3.210011e-001 -3.210011e-001 -8.910200e-001
    outer loop
      vertex  1.639009e+001 -1.992562e+001 -3.965862e+001
      vertex  1.984646e+001 -1.631093e+001 -3.971566e+001
      vertex  1.992562e+001 -1.639009e+001 -3.965862e+001
    endloop
  endfacet
  facet normal  2.808338e-001 -2.808338e-001 -9.177498e-001
    outer loop
      vertex  1.639009e+001 -1.992562e+001 -3.965862e+001
      vertex  1.992562e+001 -1.639009e+001 -3.965862e+001
      vertex  1.647163e+001 -2.000716e+001 -3.960872e+001
    endloop
  endfacet
  facet normal  2.808338e-001 -2.808338e-001 -9.177498e-001
    outer loop
      vertex  1.647163e+001 -2.000716e+001 -3.960872e+001
      vertex  1.992562e+001 -1.639009e+001 -3.965862e+001
      vertex  2.000716e+001 -1.647163e+001 -3.960872e+001
    endloop
  endfacet
  facet normal  2.395243e-001 -2.395243e-001 -9.408805e-001
    outer loop
      vertex  1.647163e+001 -2.000716e+001 -3.960872e+001
      vertex  2.000716e+001 -1.647163e+001 -3.960872e+001
      vertex  1.655522e+001 -2.009075e+001 -3.956616e+001
    endloop
  endfacet
  facet normal  2.395243e-001 -2.395243e-001 -9.408805e-001
    outer loop
      vertex  1.655522e+001 -2.009075e+001 -3.956616e+001
      vertex  2.000716e+001 -1.647163e+001 -3.960872e+001
      vertex  2.009075e+001 -1.655522e+001 -3.956616e+001
    endloop
  endfacet
  facet normal  1.972756e-001 -1.972756e-001 -9.602941e-001
    outer loop
      vertex  1.655522e+001 -2.009075e+001 -3.956616e+001
      vertex  2.009075e+001 -1.655522e+001 -3.956616e+001
      vertex  1.664053e+001 -2.017607e+001 -3.953111e+001
    endloop
  endfacet
  facet normal  1.972756e-001 -1.972756e-001 -9.602941e-001
    outer loop
      vertex  1.664053e+001 -2.017607e+001 -3.953111e+001
      vertex  2.009075e+001 -1.655522e+001 -3.956616e+001
      vertex  2.017607e+001 -1.664053e+001 -3.953111e+001
    endloop
  endfacet
  facet normal  1.542544e-001 -1.542544e-001 -9.759156e-001
    outer loop
      vertex  1.664053e+001 -2.017607e+001 -3.953111e+001
      vertex  2.017607e+001 -1.664053e+001 -3.953111e+001
      vertex  1.672724e+001 -2.026277e+001 -3.950370e+001
    endloop
  endfacet
  facet normal  1.542544e-001 -1.542544e-001 -9.759156e-001
    outer loop
      vertex  1.672724e+001 -2.026277e+001 -3.950370e+001
      vertex  2.017607e+001 -1.664053e+001 -3.953111e+001
      vertex  2.026277e+001 -1.672724e+001 -3.950370e+001
    endloop
  endfacet
  facet normal  1.106067e-001 -1.106067e-001 -9.876904e-001
    outer loop
      vertex  1.672724e+001 -2.026277e+001 -3.950370e+001
      vertex  2.026277e+001 -1.672724e+001 -3.950370e+001
      vertex  1.681499e+001 -2.035052e+001 -3.948404e+001
    endloop
  endfacet
  facet normal  1.106067e-001 -1.106067e-001 -9.876904e-001
    outer loop
      vertex  1.681499e+001 -2.035052e+001 -3.948404e+001
      vertex  2.026277e+001 -1.672724e+001 -3.950370e+001
      vertex  2.035052e+001 -1.681499e+001 -3.948404e+001
    endloop
  endfacet
  facet normal  6.655242e-002 -6.655242e-002 -9.955609e-001
    outer loop
      vertex  1.681499e+001 -2.035052e+001 -3.948404e+001
      vertex  2.035052e+001 -1.681499e+001 -3.948404e+001
      vertex  1.690343e+001 -2.043897e+001 -3.947222e+001
    endloop
  endfacet
  facet normal  6.655242e-002 -6.655242e-002 -9.955609e-001
    outer loop
      vertex  1.690343e+001 -2.043897e+001 -3.947222e+001
      vertex  2.035052e+001 -1.681499e+001 -3.948404e+001
      vertex  2.043897e+001 -1.690343e+001 -3.947222e+001
    endloop
  endfacet
  facet normal  2.219884e-002 -2.219884e-002 -9.995071e-001
    outer loop
      vertex  1.690343e+001 -2.043897e+001 -3.947222e+001
      vertex  2.043897e+001 -1.690343e+001 -3.947222e+001
      vertex  1.699223e+001 -2.052777e+001 -3.946827e+001
    endloop
  endfacet
  facet normal  2.219884e-002 -2.219884e-002 -9.995071e-001
    outer loop
      vertex  1.699223e+001 -2.052777e+001 -3.946827e+001
      vertex  2.043897e+001 -1.690343e+001 -3.947222e+001
      vertex  2.052777e+001 -1.699223e+001 -3.946827e+001
    endloop
  endfacet
  facet normal -2.219884e-002  2.219884e-002 -9.995071e-001
    outer loop
      vertex  1.699223e+001 -2.052777e+001 -3.946827e+001
      vertex  2.052777e+001 -1.699223e+001 -3.946827e+001
      vertex  1.708103e+001 -2.061657e+001 -3.947222e+001
    endloop
  endfacet
  facet normal -2.219884e-002  2.219884e-002 -9.995071e-001
    outer loop
      vertex  1.708103e+001 -2.061657e+001 -3.947222e+001
      vertex  2.052777e+001 -1.699223e+001 -3.946827e+001
      vertex  2.061657e+001 -1.708103e+001 -3.947222e+001
    endloop
  endfacet
  facet normal -6.655242e-002  6.655242e-002 -9.955609e-001
    outer loop
      vertex  1.708103e+001 -2.061657e+001 -3.947222e+001
      vertex  2.061657e+001 -1.708103e+001 -3.947222e+001
      vertex  1.716948e+001 -2.070502e+001 -3.948404e+001
    endloop
  endfacet
  facet normal -6.655242e-002  6.655242e-002 -9.955609e-001
    outer loop
      vertex  1.716948e+001 -2.070502e+001 -3.948404e+001
      vertex  2.061657e+001 -1.708103e+001 -3.947222e+001
      vertex  2.070502e+001 -1.716948e+001 -3.948404e+001
    endloop
  endfacet
  facet normal -1.106067e-001  1.106067e-001 -9.876904e-001
    outer loop
      vertex  1.716948e+001 -2.070502e+001 -3.948404e+001
      vertex  2.070502e+001 -1.716948e+001 -3.948404e+001
      vertex  1.725723e+001 -2.079276e+001 -3.950370e+001
    endloop
  endfacet
  facet normal -1.106067e-001  1.106067e-001 -9.876904e-001
    outer loop
      vertex  1.725723e+001 -2.079276e+001 -3.950370e+001
      vertex  2.070502e+001 -1.716948e+001 -3.948404e+001
      vertex  2.079276e+001 -1.725723e+001 -3.950370e+001
    endloop
  endfacet
  facet normal -1.542512e-001  1.542512e-001 -9.759166e-001
    outer loop
      vertex  1.725723e+001 -2.079276e+001 -3.950370e+001
      vertex  2.079276e+001 -1.725723e+001 -3.950370e+001
      vertex  1.734394e+001 -2.087947e+001 -3.953111e+001
    endloop
  endfacet
  facet normal -1.542512e-001  1.542512e-001 -9.759166e-001
    outer loop
      vertex  1.734394e+001 -2.087947e+001 -3.953111e+001
      vertex  2.079276e+001 -1.725723e+001 -3.950370e+001
      vertex  2.087947e+001 -1.734394e+001 -3.953111e+001
    endloop
  endfacet
  facet normal -1.972796e-001  1.972796e-001 -9.602924e-001
    outer loop
      vertex  1.734394e+001 -2.087947e+001 -3.953111e+001
      vertex  2.087947e+001 -1.734394e+001 -3.953111e+001
      vertex  1.742925e+001 -2.096478e+001 -3.956616e+001
    endloop
  endfacet
  facet normal -1.972796e-001  1.972796e-001 -9.602924e-001
    outer loop
      vertex  1.742925e+001 -2.096478e+001 -3.956616e+001
      vertex  2.087947e+001 -1.734394e+001 -3.953111e+001
      vertex  2.096478e+001 -1.742925e+001 -3.956616e+001
    endloop
  endfacet
  facet normal -2.395243e-001  2.395243e-001 -9.408805e-001
    outer loop
      vertex  1.742925e+001 -2.096478e+001 -3.956616e+001
      vertex  2.096478e+001 -1.742925e+001 -3.956616e+001
      vertex  1.751284e+001 -2.104837e+001 -3.960872e+001
    endloop
  endfacet
  facet normal -2.395243e-001  2.395243e-001 -9.408805e-001
    outer loop
      vertex  1.751284e+001 -2.104837e+001 -3.960872e+001
      vertex  2.096478e+001 -1.742925e+001 -3.956616e+001
      vertex  2.104837e+001 -1.751284e+001 -3.960872e+001
    endloop
  endfacet
  facet normal -2.808338e-001  2.808338e-001 -9.177498e-001
    outer loop
      vertex  1.751284e+001 -2.104837e+001 -3.960872e+001
      vertex  2.104837e+001 -1.751284e+001 -3.960872e+001
      vertex  1.759438e+001 -2.112991e+001 -3.965862e+001
    endloop
  endfacet
  facet normal -2.808338e-001  2.808338e-001 -9.177498e-001
    outer loop
      vertex  1.759438e+001 -2.112991e+001 -3.965862e+001
      vertex  2.104837e+001 -1.751284e+001 -3.960872e+001
      vertex  2.112991e+001 -1.759438e+001 -3.965862e+001
    endloop
  endfacet
  facet normal -3.210011e-001  3.210011e-001 -8.910200e-001
    outer loop
      vertex  1.759438e+001 -2.112991e+001 -3.965862e+001
      vertex  2.112991e+001 -1.759438e+001 -3.965862e+001
      vertex  1.767354e+001 -2.120907e+001 -3.971566e+001
    endloop
  endfacet
  facet normal -3.210011e-001  3.210011e-001 -8.910200e-001
    outer loop
      vertex  1.767354e+001 -2.120907e+001 -3.971566e+001
      vertex  2.112991e+001 -1.759438e+001 -3.965862e+001
      vertex  2.120907e+001 -1.767354e+001 -3.971566e+001
    endloop
  endfacet
  facet normal -3.599603e-001  3.599603e-001 -8.607306e-001
    outer loop
      vertex  1.767354e+001 -2.120907e+001 -3.971566e+001
      vertex  2.120907e+001 -1.767354e+001 -3.971566e+001
      vertex  1.775001e+001 -2.128554e+001 -3.977962e+001
    endloop
  endfacet
  facet normal -3.599603e-001  3.599603e-001 -8.607306e-001
    outer loop
      vertex  1.775001e+001 -2.128554e+001 -3.977962e+001
      vertex  2.120907e+001 -1.767354e+001 -3.971566e+001
      vertex  2.128554e+001 -1.775001e+001 -3.977962e+001
    endloop
  endfacet
  facet normal -3.974505e-001  3.974505e-001 -8.270829e-001
    outer loop
      vertex  1.775001e+001 -2.128554e+001 -3.977962e+001
      vertex  2.128554e+001 -1.775001e+001 -3.977962e+001
      vertex  1.782349e+001 -2.135902e+001 -3.985024e+001
    endloop
  endfacet
  facet normal -3.974505e-001  3.974505e-001 -8.270829e-001
    outer loop
      vertex  1.782349e+001 -2.135902e+001 -3.985024e+001
      vertex  2.128554e+001 -1.775001e+001 -3.977962e+001
      vertex  2.135902e+001 -1.782349e+001 -3.985024e+001
    endloop
  endfacet
  facet normal -4.333962e-001  4.333962e-001 -7.901491e-001
    outer loop
      vertex  1.782349e+001 -2.135902e+001 -3.985024e+001
      vertex  2.135902e+001 -1.782349e+001 -3.985024e+001
      vertex  1.789369e+001 -2.142922e+001 -3.992725e+001
    endloop
  endfacet
  facet normal -4.333962e-001  4.333962e-001 -7.901491e-001
    outer loop
      vertex  1.789369e+001 -2.142922e+001 -3.992725e+001
      vertex  2.135902e+001 -1.782349e+001 -3.985024e+001
      vertex  2.142922e+001 -1.789369e+001 -3.992725e+001
    endloop
  endfacet
  facet normal -4.676116e-001  4.676116e-001 -7.501191e-001
    outer loop
      vertex  1.789369e+001 -2.142922e+001 -3.992725e+001
      vertex  2.142922e+001 -1.789369e+001 -3.992725e+001
      vertex  1.796033e+001 -2.149586e+001 -4.001033e+001
    endloop
  endfacet
  facet normal -4.676116e-001  4.676116e-001 -7.501191e-001
    outer loop
      vertex  1.796033e+001 -2.149586e+001 -4.001033e+001
      vertex  2.142922e+001 -1.789369e+001 -3.992725e+001
      vertex  2.149586e+001 -1.796033e+001 -4.001033e+001
    endloop
  endfacet
  facet normal -5.000000e-001  5.000000e-001 -7.071068e-001
    outer loop
      vertex  1.796033e+001 -2.149586e+001 -4.001033e+001
      vertex  2.149586e+001 -1.796033e+001 -4.001033e+001
      vertex  1.802315e+001 -2.155869e+001 -4.009918e+001
    endloop
  endfacet
  facet normal -5.000000e-001  5.000000e-001 -7.071068e-001
    outer loop
      vertex  1.802315e+001 -2.155869e+001 -4.009918e+001
      vertex  2.149586e+001 -1.796033e+001 -4.001033e+001
      vertex  2.155869e+001 -1.802315e+001 -4.009918e+001
    endloop
  endfacet
  facet normal -5.304115e-001  5.304115e-001 -6.613073e-001
    outer loop
      vertex  1.802315e+001 -2.155869e+001 -4.009918e+001
      vertex  2.155869e+001 -1.802315e+001 -4.009918e+001
      vertex  1.808190e+001 -2.161744e+001 -4.019342e+001
    endloop
  endfacet
  facet normal -5.304115e-001  5.304115e-001 -6.613073e-001
    outer loop
      vertex  1.808190e+001 -2.161744e+001 -4.019342e+001
      vertex  2.155869e+001 -1.802315e+001 -4.009918e+001
      vertex  2.161744e+001 -1.808190e+001 -4.019342e+001
    endloop
  endfacet
  facet normal -5.587225e-001  5.587225e-001 -6.129097e-001
    outer loop
      vertex  1.808190e+001 -2.161744e+001 -4.019342e+001
      vertex  2.161744e+001 -1.808190e+001 -4.019342e+001
      vertex  1.813636e+001 -2.167189e+001 -4.029270e+001
    endloop
  endfacet
  facet normal -5.587225e-001  5.587225e-001 -6.129097e-001
    outer loop
      vertex  1.813636e+001 -2.167189e+001 -4.029270e+001
      vertex  2.161744e+001 -1.808190e+001 -4.019342e+001
      vertex  2.167189e+001 -1.813636e+001 -4.029270e+001
    endloop
  endfacet
  facet normal -5.848359e-001  5.848359e-001 -5.620799e-001
    outer loop
      vertex  1.813636e+001 -2.167189e+001 -4.029270e+001
      vertex  2.167189e+001 -1.813636e+001 -4.029270e+001
      vertex  1.818629e+001 -2.172183e+001 -4.039662e+001
    endloop
  endfacet
  facet normal -5.848359e-001  5.848359e-001 -5.620799e-001
    outer loop
      vertex  1.818629e+001 -2.172183e+001 -4.039662e+001
      vertex  2.167189e+001 -1.813636e+001 -4.029270e+001
      vertex  2.172183e+001 -1.818629e+001 -4.039662e+001
    endloop
  endfacet
  facet normal -6.086360e-001  6.086360e-001 -5.090427e-001
    outer loop
      vertex  1.818629e+001 -2.172183e+001 -4.039662e+001
      vertex  2.172183e+001 -1.818629e+001 -4.039662e+001
      vertex  1.823152e+001 -2.176705e+001 -4.050476e+001
    endloop
  endfacet
  facet normal -6.086360e-001  6.086360e-001 -5.090427e-001
    outer loop
      vertex  1.823152e+001 -2.176705e+001 -4.050476e+001
      vertex  2.172183e+001 -1.818629e+001 -4.039662e+001
      vertex  2.176705e+001 -1.823152e+001 -4.050476e+001
    endloop
  endfacet
  facet normal -6.300354e-001  6.300354e-001 -4.539943e-001
    outer loop
      vertex  1.823152e+001 -2.176705e+001 -4.050476e+001
      vertex  2.176705e+001 -1.823152e+001 -4.050476e+001
      vertex  1.827185e+001 -2.180739e+001 -4.061671e+001
    endloop
  endfacet
  facet normal -6.300354e-001  6.300354e-001 -4.539943e-001
    outer loop
      vertex  1.827185e+001 -2.180739e+001 -4.061671e+001
      vertex  2.176705e+001 -1.823152e+001 -4.050476e+001
      vertex  2.180739e+001 -1.827185e+001 -4.061671e+001
    endloop
  endfacet
  facet normal -6.489474e-001  6.489474e-001 -3.971584e-001
    outer loop
      vertex  1.827185e+001 -2.180739e+001 -4.061671e+001
      vertex  2.180739e+001 -1.827185e+001 -4.061671e+001
      vertex  1.830714e+001 -2.184267e+001 -4.073202e+001
    endloop
  endfacet
  facet normal -6.489474e-001  6.489474e-001 -3.971584e-001
    outer loop
      vertex  1.830714e+001 -2.184267e+001 -4.073202e+001
      vertex  2.180739e+001 -1.827185e+001 -4.061671e+001
      vertex  2.184267e+001 -1.830714e+001 -4.073202e+001
    endloop
  endfacet
  facet normal -6.653058e-001  6.653058e-001 -3.387275e-001
    outer loop
      vertex  1.830714e+001 -2.184267e+001 -4.073202e+001
      vertex  2.184267e+001 -1.830714e+001 -4.073202e+001
      vertex  1.833723e+001 -2.187276e+001 -4.085024e+001
    endloop
  endfacet
  facet normal -6.653058e-001  6.653058e-001 -3.387275e-001
    outer loop
      vertex  1.833723e+001 -2.187276e+001 -4.085024e+001
      vertex  2.184267e+001 -1.830714e+001 -4.073202e+001
      vertex  2.187276e+001 -1.833723e+001 -4.085024e+001
    endloop
  endfacet
  facet normal -6.790295e-001  6.790295e-001 -2.789944e-001
    outer loop
      vertex  1.833723e+001 -2.187276e+001 -4.085024e+001
      vertex  2.187276e+001 -1.833723e+001 -4.085024e+001
      vertex  1.836202e+001 -2.189755e+001 -4.097089e+001
    endloop
  endfacet
  facet normal -6.790295e-001  6.790295e-001 -2.789944e-001
    outer loop
      vertex  1.836202e+001 -2.189755e+001 -4.097089e+001
      vertex  2.187276e+001 -1.833723e+001 -4.085024e+001
      vertex  2.189755e+001 -1.836202e+001 -4.097089e+001
    endloop
  endfacet
  facet normal -6.900780e-001  6.900780e-001 -2.181393e-001
    outer loop
      vertex  1.836202e+001 -2.189755e+001 -4.097089e+001
      vertex  2.189755e+001 -1.836202e+001 -4.097089e+001
      vertex  1.838140e+001 -2.191693e+001 -4.109351e+001
    endloop
  endfacet
  facet normal -6.900780e-001  6.900780e-001 -2.181393e-001
    outer loop
      vertex  1.838140e+001 -2.191693e+001 -4.109351e+001
      vertex  2.189755e+001 -1.836202e+001 -4.097089e+001
      vertex  2.191693e+001 -1.838140e+001 -4.109351e+001
    endloop
  endfacet
  facet normal -6.984001e-001  6.984001e-001 -1.564432e-001
    outer loop
      vertex  1.838140e+001 -2.191693e+001 -4.109351e+001
      vertex  2.191693e+001 -1.838140e+001 -4.109351e+001
      vertex  1.839530e+001 -2.193083e+001 -4.121761e+001
    endloop
  endfacet
  facet normal -6.984001e-001  6.984001e-001 -1.564432e-001
    outer loop
      vertex  1.839530e+001 -2.193083e+001 -4.121761e+001
      vertex  2.191693e+001 -1.838140e+001 -4.109351e+001
      vertex  2.193083e+001 -1.839530e+001 -4.121761e+001
    endloop
  endfacet
  facet normal -7.039694e-001  7.039694e-001 -9.409725e-002
    outer loop
      vertex  1.839530e+001 -2.193083e+001 -4.121761e+001
      vertex  2.193083e+001 -1.839530e+001 -4.121761e+001
      vertex  1.840366e+001 -2.193919e+001 -4.134269e+001
    endloop
  endfacet
  facet normal -7.039694e-001  7.039694e-001 -9.409725e-002
    outer loop
      vertex  1.840366e+001 -2.193919e+001 -4.134269e+001
      vertex  2.193083e+001 -1.839530e+001 -4.121761e+001
      vertex  2.193919e+001 -1.840366e+001 -4.134269e+001
    endloop
  endfacet
  facet normal -7.067579e-001  7.067579e-001 -3.140821e-002
    outer loop
      vertex  1.840366e+001 -2.193919e+001 -4.134269e+001
      vertex  2.193919e+001 -1.840366e+001 -4.134269e+001
      vertex  1.840645e+001 -2.194198e+001 -4.146827e+001
    endloop
  endfacet
  facet normal -7.067579e-001  7.067579e-001 -3.140821e-002
    outer loop
      vertex  1.840645e+001 -2.194198e+001 -4.146827e+001
      vertex  2.193919e+001 -1.840366e+001 -4.134269e+001
      vertex  2.194198e+001 -1.840645e+001 -4.146827e+001
    endloop
  endfacet
  facet normal -7.067579e-001  7.067579e-001  3.140916e-002
    outer loop
      vertex  1.840645e+001 -2.194198e+001 -4.146827e+001
      vertex  2.194198e+001 -1.840645e+001 -4.146827e+001
      vertex  1.840366e+001 -2.193919e+001 -4.159385e+001
    endloop
  endfacet
  facet normal -7.067579e-001  7.067579e-001  3.140916e-002
    outer loop
      vertex  1.840366e+001 -2.193919e+001 -4.159385e+001
      vertex  2.194198e+001 -1.840645e+001 -4.146827e+001
      vertex  2.193919e+001 -1.840366e+001 -4.159385e+001
    endloop
  endfacet
  facet normal -7.039694e-001  7.039694e-001  9.409725e-002
    outer loop
      vertex  1.840366e+001 -2.193919e+001 -4.159385e+001
      vertex  2.193919e+001 -1.840366e+001 -4.159385e+001
      vertex  1.839530e+001 -2.193083e+001 -4.171894e+001
    endloop
  endfacet
  facet normal -7.039694e-001  7.039694e-001  9.409725e-002
    outer loop
      vertex  1.839530e+001 -2.193083e+001 -4.171894e+001
      vertex  2.193919e+001 -1.840366e+001 -4.159385e+001
      vertex  2.193083e+001 -1.839530e+001 -4.171894e+001
    endloop
  endfacet
  facet normal -6.984001e-001  6.984001e-001  1.564432e-001
    outer loop
      vertex  1.839530e+001 -2.193083e+001 -4.171894e+001
      vertex  2.193083e+001 -1.839530e+001 -4.171894e+001
      vertex  1.838140e+001 -2.191693e+001 -4.184303e+001
    endloop
  endfacet
  facet normal -6.984001e-001  6.984001e-001  1.564432e-001
    outer loop
      vertex  1.838140e+001 -2.191693e+001 -4.184303e+001
      vertex  2.193083e+001 -1.839530e+001 -4.171894e+001
      vertex  2.191693e+001 -1.838140e+001 -4.184303e+001
    endloop
  endfacet
  facet normal -6.900780e-001  6.900780e-001  2.181393e-001
    outer loop
      vertex  1.838140e+001 -2.191693e+001 -4.184303e+001
      vertex  2.191693e+001 -1.838140e+001 -4.184303e+001
      vertex  1.836202e+001 -2.189755e+001 -4.196565e+001
    endloop
  endfacet
  facet normal -6.900780e-001  6.900780e-001  2.181393e-001
    outer loop
      vertex  1.836202e+001 -2.189755e+001 -4.196565e+001
      vertex  2.191693e+001 -1.838140e+001 -4.184303e+001
      vertex  2.189755e+001 -1.836202e+001 -4.196565e+001
    endloop
  endfacet
  facet normal -6.790295e-001  6.790295e-001  2.789944e-001
    outer loop
      vertex  1.836202e+001 -2.189755e+001 -4.196565e+001
      vertex  2.189755e+001 -1.836202e+001 -4.196565e+001
      vertex  1.833723e+001 -2.187276e+001 -4.208630e+001
    endloop
  endfacet
  facet normal -6.790295e-001  6.790295e-001  2.789944e-001
    outer loop
      vertex  1.833723e+001 -2.187276e+001 -4.208630e+001
      vertex  2.189755e+001 -1.836202e+001 -4.196565e+001
      vertex  2.187276e+001 -1.833723e+001 -4.208630e+001
    endloop
  endfacet
  facet normal -6.653058e-001  6.653058e-001  3.387275e-001
    outer loop
      vertex  1.833723e+001 -2.187276e+001 -4.208630e+001
      vertex  2.187276e+001 -1.833723e+001 -4.208630e+001
      vertex  1.830714e+001 -2.184267e+001 -4.220452e+001
    endloop
  endfacet
  facet normal -6.653058e-001  6.653058e-001  3.387275e-001
    outer loop
      vertex  1.830714e+001 -2.184267e+001 -4.220452e+001
      vertex  2.187276e+001 -1.833723e+001 -4.208630e+001
      vertex  2.184267e+001 -1.830714e+001 -4.220452e+001
    endloop
  endfacet
  facet normal -6.489474e-001  6.489474e-001  3.971584e-001
    outer loop
      vertex  1.830714e+001 -2.184267e+001 -4.220452e+001
      vertex  2.184267e+001 -1.830714e+001 -4.220452e+001
      vertex  1.827185e+001 -2.180739e+001 -4.231983e+001
    endloop
  endfacet
  facet normal -6.489474e-001  6.489474e-001  3.971584e-001
    outer loop
      vertex  1.827185e+001 -2.180739e+001 -4.231983e+001
      vertex  2.184267e+001 -1.830714e+001 -4.220452e+001
      vertex  2.180739e+001 -1.827185e+001 -4.231983e+001
    endloop
  endfacet
  facet normal -6.300354e-001  6.300354e-001  4.539943e-001
    outer loop
      vertex  1.827185e+001 -2.180739e+001 -4.231983e+001
      vertex  2.180739e+001 -1.827185e+001 -4.231983e+001
      vertex  1.823152e+001 -2.176705e+001 -4.243178e+001
    endloop
  endfacet
  facet normal -6.300354e-001  6.300354e-001  4.539943e-001
    outer loop
      vertex  1.823152e+001 -2.176705e+001 -4.243178e+001
      vertex  2.180739e+001 -1.827185e+001 -4.231983e+001
      vertex  2.176705e+001 -1.823152e+001 -4.243178e+001
    endloop
  endfacet
  facet normal -6.086360e-001  6.086360e-001  5.090427e-001
    outer loop
      vertex  1.823152e+001 -2.176705e+001 -4.243178e+001
      vertex  2.176705e+001 -1.823152e+001 -4.243178e+001
      vertex  1.818629e+001 -2.172183e+001 -4.253992e+001
    endloop
  endfacet
  facet normal -6.086360e-001  6.086360e-001  5.090427e-001
    outer loop
      vertex  1.818629e+001 -2.172183e+001 -4.253992e+001
      vertex  2.176705e+001 -1.823152e+001 -4.243178e+001
      vertex  2.172183e+001 -1.818629e+001 -4.253992e+001
    endloop
  endfacet
  facet normal -5.848359e-001  5.848359e-001  5.620799e-001
    outer loop
      vertex  1.818629e+001 -2.172183e+001 -4.253992e+001
      vertex  2.172183e+001 -1.818629e+001 -4.253992e+001
      vertex  1.813636e+001 -2.167189e+001 -4.264384e+001
    endloop
  endfacet
  facet normal -5.848359e-001  5.848359e-001  5.620799e-001
    outer loop
      vertex  1.813636e+001 -2.167189e+001 -4.264384e+001
      vertex  2.172183e+001 -1.818629e+001 -4.253992e+001
      vertex  2.167189e+001 -1.813636e+001 -4.264384e+001
    endloop
  endfacet
  facet normal -5.587225e-001  5.587225e-001  6.129097e-001
    outer loop
      vertex  1.813636e+001 -2.167189e+001 -4.264384e+001
      vertex  2.167189e+001 -1.813636e+001 -4.264384e+001
      vertex  1.808190e+001 -2.161744e+001 -4.274312e+001
    endloop
  endfacet
  facet normal -5.587225e-001  5.587225e-001  6.129097e-001
    outer loop
      vertex  1.808190e+001 -2.161744e+001 -4.274312e+001
      vertex  2.167189e+001 -1.813636e+001 -4.264384e+001
      vertex  2.161744e+001 -1.808190e+001 -4.274312e+001
    endloop
  endfacet
  facet normal -5.304115e-001  5.304115e-001  6.613073e-001
    outer loop
      vertex  1.808190e+001 -2.161744e+001 -4.274312e+001
      vertex  2.161744e+001 -1.808190e+001 -4.274312e+001
      vertex  1.802315e+001 -2.155869e+001 -4.283736e+001
    endloop
  endfacet
  facet normal -5.304115e-001  5.304115e-001  6.613073e-001
    outer loop
      vertex  1.802315e+001 -2.155869e+001 -4.283736e+001
      vertex  2.161744e+001 -1.808190e+001 -4.274312e+001
      vertex  2.155869e+001 -1.802315e+001 -4.283736e+001
    endloop
  endfacet
  facet normal -5.000000e-001  5.000000e-001  7.071068e-001
    outer loop
      vertex  1.802315e+001 -2.155869e+001 -4.283736e+001
      vertex  2.155869e+001 -1.802315e+001 -4.283736e+001
      vertex  1.796033e+001 -2.149586e+001 -4.292621e+001
    endloop
  endfacet
  facet normal -5.000000e-001  5.000000e-001  7.071068e-001
    outer loop
      vertex  1.796033e+001 -2.149586e+001 -4.292621e+001
      vertex  2.155869e+001 -1.802315e+001 -4.283736e+001
      vertex  2.149586e+001 -1.796033e+001 -4.292621e+001
    endloop
  endfacet
  facet normal -4.676116e-001  4.676116e-001  7.501191e-001
    outer loop
      vertex  1.796033e+001 -2.149586e+001 -4.292621e+001
      vertex  2.149586e+001 -1.796033e+001 -4.292621e+001
      vertex  1.789369e+001 -2.142922e+001 -4.300930e+001
    endloop
  endfacet
  facet normal -4.676116e-001  4.676116e-001  7.501191e-001
    outer loop
      vertex  1.789369e+001 -2.142922e+001 -4.300930e+001
      vertex  2.149586e+001 -1.796033e+001 -4.292621e+001
      vertex  2.142922e+001 -1.789369e+001 -4.300930e+001
    endloop
  endfacet
  facet normal -4.333962e-001  4.333962e-001  7.901491e-001
    outer loop
      vertex  1.789369e+001 -2.142922e+001 -4.300930e+001
      vertex  2.142922e+001 -1.789369e+001 -4.300930e+001
      vertex  1.782349e+001 -2.135902e+001 -4.308630e+001
    endloop
  endfacet
  facet normal -4.333962e-001  4.333962e-001  7.901491e-001
    outer loop
      vertex  1.782349e+001 -2.135902e+001 -4.308630e+001
      vertex  2.142922e+001 -1.789369e+001 -4.300930e+001
      vertex  2.135902e+001 -1.782349e+001 -4.308630e+001
    endloop
  endfacet
  facet normal -3.974652e-001  3.974652e-001  8.270688e-001
    outer loop
      vertex  1.782349e+001 -2.135902e+001 -4.308630e+001
      vertex  2.135902e+001 -1.782349e+001 -4.308630e+001
      vertex  1.775001e+001 -2.128554e+001 -4.315693e+001
    endloop
  endfacet
  facet normal -3.974652e-001  3.974652e-001  8.270688e-001
    outer loop
      vertex  1.775001e+001 -2.128554e+001 -4.315693e+001
      vertex  2.135902e+001 -1.782349e+001 -4.308630e+001
      vertex  2.128554e+001 -1.775001e+001 -4.315693e+001
    endloop
  endfacet
  facet normal -3.599444e-001  3.599444e-001  8.607439e-001
    outer loop
      vertex  1.775001e+001 -2.128554e+001 -4.315693e+001
      vertex  2.128554e+001 -1.775001e+001 -4.315693e+001
      vertex  1.767354e+001 -2.120907e+001 -4.322089e+001
    endloop
  endfacet
  facet normal -3.599444e-001  3.599444e-001  8.607439e-001
    outer loop
      vertex  1.767354e+001 -2.120907e+001 -4.322089e+001
      vertex  2.128554e+001 -1.775001e+001 -4.315693e+001
      vertex  2.120907e+001 -1.767354e+001 -4.322089e+001
    endloop
  endfacet
  facet normal -3.210011e-001  3.210011e-001  8.910200e-001
    outer loop
      vertex  1.767354e+001 -2.120907e+001 -4.322089e+001
      vertex  2.120907e+001 -1.767354e+001 -4.322089e+001
      vertex  1.759438e+001 -2.112991e+001 -4.327792e+001
    endloop
  endfacet
  facet normal -3.210011e-001  3.210011e-001  8.910200e-001
    outer loop
      vertex  1.759438e+001 -2.112991e+001 -4.327792e+001
      vertex  2.120907e+001 -1.767354e+001 -4.322089e+001
      vertex  2.112991e+001 -1.759438e+001 -4.327792e+001
    endloop
  endfacet
  facet normal -2.808338e-001  2.808338e-001  9.177498e-001
    outer loop
      vertex  1.759438e+001 -2.112991e+001 -4.327792e+001
      vertex  2.112991e+001 -1.759438e+001 -4.327792e+001
      vertex  1.751284e+001 -2.104837e+001 -4.332782e+001
    endloop
  endfacet
  facet normal -2.808338e-001  2.808338e-001  9.177498e-001
    outer loop
      vertex  1.751284e+001 -2.104837e+001 -4.332782e+001
      vertex  2.112991e+001 -1.759438e+001 -4.327792e+001
      vertex  2.104837e+001 -1.751284e+001 -4.332782e+001
    endloop
  endfacet
  facet normal -2.395243e-001  2.395243e-001  9.408805e-001
    outer loop
      vertex  1.751284e+001 -2.104837e+001 -4.332782e+001
      vertex  2.104837e+001 -1.751284e+001 -4.332782e+001
      vertex  1.742925e+001 -2.096478e+001 -4.337038e+001
    endloop
  endfacet
  facet normal -2.395243e-001  2.395243e-001  9.408805e-001
    outer loop
      vertex  1.742925e+001 -2.096478e+001 -4.337038e+001
      vertex  2.104837e+001 -1.751284e+001 -4.332782e+001
      vertex  2.096478e+001 -1.742925e+001 -4.337038e+001
    endloop
  endfacet
  facet normal -1.972796e-001  1.972796e-001  9.602924e-001
    outer loop
      vertex  1.742925e+001 -2.096478e+001 -4.337038e+001
      vertex  2.096478e+001 -1.742925e+001 -4.337038e+001
      vertex  1.734394e+001 -2.087947e+001 -4.340544e+001
    endloop
  endfacet
  facet normal -1.972796e-001  1.972796e-001  9.602924e-001
    outer loop
      vertex  1.734394e+001 -2.087947e+001 -4.340544e+001
      vertex  2.096478e+001 -1.742925e+001 -4.337038e+001
      vertex  2.087947e+001 -1.734394e+001 -4.340544e+001
    endloop
  endfacet
  facet normal -1.542512e-001  1.542512e-001  9.759166e-001
    outer loop
      vertex  1.734394e+001 -2.087947e+001 -4.340544e+001
      vertex  2.087947e+001 -1.734394e+001 -4.340544e+001
      vertex  1.725723e+001 -2.079276e+001 -4.343285e+001
    endloop
  endfacet
  facet normal -1.542512e-001  1.542512e-001  9.759166e-001
    outer loop
      vertex  1.725723e+001 -2.079276e+001 -4.343285e+001
      vertex  2.087947e+001 -1.734394e+001 -4.340544e+001
      vertex  2.079276e+001 -1.725723e+001 -4.343285e+001
    endloop
  endfacet
  facet normal -1.106067e-001  1.106067e-001  9.876904e-001
    outer loop
      vertex  1.725723e+001 -2.079276e+001 -4.343285e+001
      vertex  2.079276e+001 -1.725723e+001 -4.343285e+001
      vertex  1.716948e+001 -2.070502e+001 -4.345250e+001
    endloop
  endfacet
  facet normal -1.106067e-001  1.106067e-001  9.876904e-001
    outer loop
      vertex  1.716948e+001 -2.070502e+001 -4.345250e+001
      vertex  2.079276e+001 -1.725723e+001 -4.343285e+001
      vertex  2.070502e+001 -1.716948e+001 -4.345250e+001
    endloop
  endfacet
  facet normal -6.655242e-002  6.655242e-002  9.955609e-001
    outer loop
      vertex  1.716948e+001 -2.070502e+001 -4.345250e+001
      vertex  2.070502e+001 -1.716948e+001 -4.345250e+001
      vertex  1.708103e+001 -2.061657e+001 -4.346432e+001
    endloop
  endfacet
  facet normal -6.655242e-002  6.655242e-002  9.955609e-001
    outer loop
      vertex  1.708103e+001 -2.061657e+001 -4.346432e+001
      vertex  2.070502e+001 -1.716948e+001 -4.345250e+001
      vertex  2.061657e+001 -1.708103e+001 -4.346432e+001
    endloop
  endfacet
  facet normal -2.222029e-002  2.222029e-002  9.995062e-001
    outer loop
      vertex  1.708103e+001 -2.061657e+001 -4.346432e+001
      vertex  2.061657e+001 -1.708103e+001 -4.346432e+001
      vertex  1.699223e+001 -2.052777e+001 -4.346827e+001
    endloop
  endfacet
  facet normal -2.222029e-002  2.222029e-002  9.995062e-001
    outer loop
      vertex  1.699223e+001 -2.052777e+001 -4.346827e+001
      vertex  2.061657e+001 -1.708103e+001 -4.346432e+001
      vertex  2.052777e+001 -1.699223e+001 -4.346827e+001
    endloop
  endfacet
  facet normal  2.222029e-002 -2.222029e-002  9.995062e-001
    outer loop
      vertex  1.699223e+001 -2.052777e+001 -4.346827e+001
      vertex  2.052777e+001 -1.699223e+001 -4.346827e+001
      vertex  1.690343e+001 -2.043897e+001 -4.346432e+001
    endloop
  endfacet
  facet normal  2.222029e-002 -2.222029e-002  9.995062e-001
    outer loop
      vertex  1.690343e+001 -2.043897e+001 -4.346432e+001
      vertex  2.052777e+001 -1.699223e+001 -4.346827e+001
      vertex  2.043897e+001 -1.690343e+001 -4.346432e+001
    endloop
  endfacet
  facet normal  6.655242e-002 -6.655242e-002  9.955609e-001
    outer loop
      vertex  1.690343e+001 -2.043897e+001 -4.346432e+001
      vertex  2.043897e+001 -1.690343e+001 -4.346432e+001
      vertex  1.681499e+001 -2.035052e+001 -4.345250e+001
    endloop
  endfacet
  facet normal  6.655242e-002 -6.655242e-002  9.955609e-001
    outer loop
      vertex  1.681499e+001 -2.035052e+001 -4.345250e+001
      vertex  2.043897e+001 -1.690343e+001 -4.346432e+001
      vertex  2.035052e+001 -1.681499e+001 -4.345250e+001
    endloop
  endfacet
  facet normal  1.106067e-001 -1.106067e-001  9.876904e-001
    outer loop
      vertex  1.681499e+001 -2.035052e+001 -4.345250e+001
      vertex  2.035052e+001 -1.681499e+001 -4.345250e+001
      vertex  1.672724e+001 -2.026277e+001 -4.343285e+001
    endloop
  endfacet
  facet normal  1.106067e-001 -1.106067e-001  9.876904e-001
    outer loop
      vertex  1.672724e+001 -2.026277e+001 -4.343285e+001
      vertex  2.035052e+001 -1.681499e+001 -4.345250e+001
      vertex  2.026277e+001 -1.672724e+001 -4.343285e+001
    endloop
  endfacet
  facet normal  1.542544e-001 -1.542544e-001  9.759156e-001
    outer loop
      vertex  1.672724e+001 -2.026277e+001 -4.343285e+001
      vertex  2.026277e+001 -1.672724e+001 -4.343285e+001
      vertex  1.664053e+001 -2.017607e+001 -4.340544e+001
    endloop
  endfacet
  facet normal  1.542544e-001 -1.542544e-001  9.759156e-001
    outer loop
      vertex  1.664053e+001 -2.017607e+001 -4.340544e+001
      vertex  2.026277e+001 -1.672724e+001 -4.343285e+001
      vertex  2.017607e+001 -1.664053e+001 -4.340544e+001
    endloop
  endfacet
  facet normal  1.972756e-001 -1.972756e-001  9.602941e-001
    outer loop
      vertex  1.664053e+001 -2.017607e+001 -4.340544e+001
      vertex  2.017607e+001 -1.664053e+001 -4.340544e+001
      vertex  1.655522e+001 -2.009075e+001 -4.337038e+001
    endloop
  endfacet
  facet normal  1.972756e-001 -1.972756e-001  9.602941e-001
    outer loop
      vertex  1.655522e+001 -2.009075e+001 -4.337038e+001
      vertex  2.017607e+001 -1.664053e+001 -4.340544e+001
      vertex  2.009075e+001 -1.655522e+001 -4.337038e+001
    endloop
  endfacet
  facet normal  2.395243e-001 -2.395243e-001  9.408805e-001
    outer loop
      vertex  1.655522e+001 -2.009075e+001 -4.337038e+001
      vertex  2.009075e+001 -1.655522e+001 -4.337038e+001
      vertex  1.647163e+001 -2.000716e+001 -4.332782e+001
    endloop
  endfacet
  facet normal  2.395243e-001 -2.395243e-001  9.408805e-001
    outer loop
      vertex  1.647163e+001 -2.000716e+001 -4.332782e+001
      vertex  2.009075e+001 -1.655522e+001 -4.337038e+001
      vertex  2.000716e+001 -1.647163e+001 -4.332782e+001
    endloop
  endfacet
  facet normal  2.808338e-001 -2.808338e-001  9.177498e-001
    outer loop
      vertex  1.647163e+001 -2.000716e+001 -4.332782e+001
      vertex  2.000716e+001 -1.647163e+001 -4.332782e+001
      vertex  1.639009e+001 -1.992562e+001 -4.327792e+001
    endloop
  endfacet
  facet normal  2.808338e-001 -2.808338e-001  9.177498e-001
    outer loop
      vertex  1.639009e+001 -1.992562e+001 -4.327792e+001
      vertex  2.000716e+001 -1.647163e+001 -4.332782e+001
      vertex  1.992562e+001 -1.639009e+001 -4.327792e+001
    endloop
  endfacet
  facet normal  3.210011e-001 -3.210011e-001  8.910200e-001
    outer loop
      vertex  1.639009e+001 -1.992562e+001 -4.327792e+001
      vertex  1.992562e+001 -1.639009e+001 -4.327792e+001
      vertex  1.631093e+001 -1.984646e+001 -4.322089e+001
    endloop
  endfacet
  facet normal  3.210011e-001 -3.210011e-001  8.910200e-001
    outer loop
      vertex  1.631093e+001 -1.984646e+001 -4.322089e+001
      vertex  1.992562e+001 -1.639009e+001 -4.327792e+001
      vertex  1.984646e+001 -1.631093e+001 -4.322089e+001
    endloop
  endfacet
  facet normal  3.599510e-001 -3.599510e-001  8.607385e-001
    outer loop
      vertex  1.631093e+001 -1.984646e+001 -4.322089e+001
      vertex  1.984646e+001 -1.631093e+001 -4.322089e+001
      vertex  1.623446e+001 -1.976999e+001 -4.315693e+001
    endloop
  endfacet
  facet normal  3.599510e-001 -3.599510e-001  8.607385e-001
    outer loop
      vertex  1.623446e+001 -1.976999e+001 -4.315693e+001
      vertex  1.984646e+001 -1.631093e+001 -4.322089e+001
      vertex  1.976999e+001 -1.623446e+001 -4.315693e+001
    endloop
  endfacet
  facet normal  3.974652e-001 -3.974652e-001  8.270688e-001
    outer loop
      vertex  1.623446e+001 -1.976999e+001 -4.315693e+001
      vertex  1.976999e+001 -1.623446e+001 -4.315693e+001
      vertex  1.616098e+001 -1.969651e+001 -4.308630e+001
    endloop
  endfacet
  facet normal  3.974652e-001 -3.974652e-001  8.270688e-001
    outer loop
      vertex  1.616098e+001 -1.969651e+001 -4.308630e+001
      vertex  1.976999e+001 -1.623446e+001 -4.315693e+001
      vertex  1.969651e+001 -1.616098e+001 -4.308630e+001
    endloop
  endfacet
  facet normal  4.333889e-001 -4.333889e-001  7.901570e-001
    outer loop
      vertex  1.616098e+001 -1.969651e+001 -4.308630e+001
      vertex  1.969651e+001 -1.616098e+001 -4.308630e+001
      vertex  1.609078e+001 -1.962631e+001 -4.300930e+001
    endloop
  endfacet
  facet normal  4.333889e-001 -4.333889e-001  7.901570e-001
    outer loop
      vertex  1.609078e+001 -1.962631e+001 -4.300930e+001
      vertex  1.969651e+001 -1.616098e+001 -4.308630e+001
      vertex  1.962631e+001 -1.609078e+001 -4.300930e+001
    endloop
  endfacet
  facet normal  4.676116e-001 -4.676116e-001  7.501191e-001
    outer loop
      vertex  1.609078e+001 -1.962631e+001 -4.300930e+001
      vertex  1.962631e+001 -1.609078e+001 -4.300930e+001
      vertex  1.602414e+001 -1.955967e+001 -4.292621e+001
    endloop
  endfacet
  facet normal  4.676116e-001 -4.676116e-001  7.501191e-001
    outer loop
      vertex  1.602414e+001 -1.955967e+001 -4.292621e+001
      vertex  1.962631e+001 -1.609078e+001 -4.300930e+001
      vertex  1.955967e+001 -1.602414e+001 -4.292621e+001
    endloop
  endfacet
  facet normal  5.000059e-001 -5.000059e-001  7.070985e-001
    outer loop
      vertex  1.602414e+001 -1.955967e+001 -4.292621e+001
      vertex  1.955967e+001 -1.602414e+001 -4.292621e+001
      vertex  1.596132e+001 -1.949685e+001 -4.283736e+001
    endloop
  endfacet
  facet normal  5.000060e-001 -5.000060e-001  7.070983e-001
    outer loop
      vertex  1.596132e+001 -1.949685e+001 -4.283736e+001
      vertex  1.955967e+001 -1.602414e+001 -4.292621e+001
      vertex  1.949685e+001 -1.596132e+001 -4.283736e+001
    endloop
  endfacet
  facet normal  5.304057e-001 -5.304057e-001  6.613166e-001
    outer loop
      vertex  1.596132e+001 -1.949685e+001 -4.283736e+001
      vertex  1.949685e+001 -1.596132e+001 -4.283736e+001
      vertex  1.590256e+001 -1.943810e+001 -4.274312e+001
    endloop
  endfacet
  facet normal  5.304056e-001 -5.304056e-001  6.613167e-001
    outer loop
      vertex  1.590256e+001 -1.943810e+001 -4.274312e+001
      vertex  1.949685e+001 -1.596132e+001 -4.283736e+001
      vertex  1.943810e+001 -1.590256e+001 -4.274312e+001
    endloop
  endfacet
  facet normal  5.587225e-001 -5.587225e-001  6.129097e-001
    outer loop
      vertex  1.590256e+001 -1.943810e+001 -4.274312e+001
      vertex  1.943810e+001 -1.590256e+001 -4.274312e+001
      vertex  1.584811e+001 -1.938364e+001 -4.264384e+001
    endloop
  endfacet
  facet normal  5.587225e-001 -5.587225e-001  6.129097e-001
    outer loop
      vertex  1.584811e+001 -1.938364e+001 -4.264384e+001
      vertex  1.943810e+001 -1.590256e+001 -4.274312e+001
      vertex  1.938364e+001 -1.584811e+001 -4.264384e+001
    endloop
  endfacet
  facet normal  5.848359e-001 -5.848359e-001  5.620799e-001
    outer loop
      vertex  1.584811e+001 -1.938364e+001 -4.264384e+001
      vertex  1.938364e+001 -1.584811e+001 -4.264384e+001
      vertex  1.579817e+001 -1.933371e+001 -4.253992e+001
    endloop
  endfacet
  facet normal  5.848359e-001 -5.848359e-001  5.620799e-001
    outer loop
      vertex  1.579817e+001 -1.933371e+001 -4.253992e+001
      vertex  1.938364e+001 -1.584811e+001 -4.264384e+001
      vertex  1.933371e+001 -1.579817e+001 -4.253992e+001
    endloop
  endfacet
  facet normal  6.086360e-001 -6.086360e-001  5.090427e-001
    outer loop
      vertex  1.579817e+001 -1.933371e+001 -4.253992e+001
      vertex  1.933371e+001 -1.579817e+001 -4.253992e+001
      vertex  1.575295e+001 -1.928848e+001 -4.243178e+001
    endloop
  endfacet
  facet normal  6.086360e-001 -6.086360e-001  5.090427e-001
    outer loop
      vertex  1.575295e+001 -1.928848e+001 -4.243178e+001
      vertex  1.933371e+001 -1.579817e+001 -4.253992e+001
      vertex  1.928848e+001 -1.575295e+001 -4.243178e+001
    endloop
  endfacet
  facet normal  6.300371e-001 -6.300371e-001  4.539894e-001
    outer loop
      vertex  1.575295e+001 -1.928848e+001 -4.243178e+001
      vertex  1.928848e+001 -1.575295e+001 -4.243178e+001
      vertex  1.571262e+001 -1.924815e+001 -4.231983e+001
    endloop
  endfacet
  facet normal  6.300371e-001 -6.300371e-001  4.539896e-001
    outer loop
      vertex  1.571262e+001 -1.924815e+001 -4.231983e+001
      vertex  1.928848e+001 -1.575295e+001 -4.243178e+001
      vertex  1.924815e+001 -1.571262e+001 -4.231983e+001
    endloop
  endfacet
  facet normal  6.489472e-001 -6.489472e-001  3.971584e-001
    outer loop
      vertex  1.571262e+001 -1.924815e+001 -4.231983e+001
      vertex  1.924815e+001 -1.571262e+001 -4.231983e+001
      vertex  1.567733e+001 -1.921286e+001 -4.220452e+001
    endloop
  endfacet
  facet normal  6.489472e-001 -6.489472e-001  3.971584e-001
    outer loop
      vertex  1.567733e+001 -1.921286e+001 -4.220452e+001
      vertex  1.924815e+001 -1.571262e+001 -4.231983e+001
      vertex  1.921286e+001 -1.567733e+001 -4.220452e+001
    endloop
  endfacet
  facet normal  6.653058e-001 -6.653058e-001  3.387276e-001
    outer loop
      vertex  1.567733e+001 -1.921286e+001 -4.220452e+001
      vertex  1.921286e+001 -1.567733e+001 -4.220452e+001
      vertex  1.564724e+001 -1.918277e+001 -4.208630e+001
    endloop
  endfacet
  facet normal  6.653058e-001 -6.653058e-001  3.387276e-001
    outer loop
      vertex  1.564724e+001 -1.918277e+001 -4.208630e+001
      vertex  1.921286e+001 -1.567733e+001 -4.220452e+001
      vertex  1.918277e+001 -1.564724e+001 -4.208630e+001
    endloop
  endfacet
  facet normal  6.790286e-001 -6.790286e-001  2.789986e-001
    outer loop
      vertex  1.564724e+001 -1.918277e+001 -4.208630e+001
      vertex  1.918277e+001 -1.564724e+001 -4.208630e+001
      vertex  1.562245e+001 -1.915798e+001 -4.196565e+001
    endloop
  endfacet
  facet normal  6.790286e-001 -6.790286e-001  2.789986e-001
    outer loop
      vertex  1.562245e+001 -1.915798e+001 -4.196565e+001
      vertex  1.918277e+001 -1.564724e+001 -4.208630e+001
      vertex  1.915798e+001 -1.562245e+001 -4.196565e+001
    endloop
  endfacet
  facet normal  6.900780e-001 -6.900780e-001  2.181393e-001
    outer loop
      vertex  1.562245e+001 -1.915798e+001 -4.196565e+001
      vertex  1.915798e+001 -1.562245e+001 -4.196565e+001
      vertex  1.560307e+001 -1.913860e+001 -4.184303e+001
    endloop
  endfacet
  facet normal  6.900780e-001 -6.900780e-001  2.181393e-001
    outer loop
      vertex  1.560307e+001 -1.913860e+001 -4.184303e+001
      vertex  1.915798e+001 -1.562245e+001 -4.196565e+001
      vertex  1.913860e+001 -1.560307e+001 -4.184303e+001
    endloop
  endfacet
  facet normal  6.984019e-001 -6.984019e-001  1.564269e-001
    outer loop
      vertex  1.560307e+001 -1.913860e+001 -4.184303e+001
      vertex  1.913860e+001 -1.560307e+001 -4.184303e+001
      vertex  1.558917e+001 -1.912471e+001 -4.171894e+001
    endloop
  endfacet
  facet normal  6.984020e-001 -6.984020e-001  1.564269e-001
    outer loop
      vertex  1.558917e+001 -1.912471e+001 -4.171894e+001
      vertex  1.913860e+001 -1.560307e+001 -4.184303e+001
      vertex  1.912471e+001 -1.558917e+001 -4.171894e+001
    endloop
  endfacet
  facet normal  7.039682e-001 -7.039682e-001  9.411528e-002
    outer loop
      vertex  1.558917e+001 -1.912471e+001 -4.171894e+001
      vertex  1.912471e+001 -1.558917e+001 -4.171894e+001
      vertex  1.558081e+001 -1.911634e+001 -4.159385e+001
    endloop
  endfacet
  facet normal  7.039681e-001 -7.039681e-001  9.411530e-002
    outer loop
      vertex  1.558081e+001 -1.911634e+001 -4.159385e+001
      vertex  1.912471e+001 -1.558917e+001 -4.171894e+001
      vertex  1.911634e+001 -1.558081e+001 -4.159385e+001
    endloop
  endfacet
  facet normal  7.067579e-001 -7.067579e-001  3.140916e-002
    outer loop
      vertex  1.558081e+001 -1.911634e+001 -4.159385e+001
      vertex  1.911634e+001 -1.558081e+001 -4.159385e+001
      vertex  1.557802e+001 -1.911355e+001 -4.146827e+001
    endloop
  endfacet
  facet normal  7.067579e-001 -7.067579e-001  3.140916e-002
    outer loop
      vertex  1.557802e+001 -1.911355e+001 -4.146827e+001
      vertex  1.911634e+001 -1.558081e+001 -4.159385e+001
      vertex  1.911355e+001 -1.557802e+001 -4.146827e+001
    endloop
  endfacet
endsolid CATIA STL
