solid CATIA STL
  facet normal  0.000000e+000  0.000000e+000 -1.000000e+000
    outer loop
      vertex  2.899469e+001 -2.995001e+001 -5.000000e+000
      vertex  2.867372e+001  2.643517e+001 -5.000000e+000
      vertex  2.904727e+001  2.602415e+001 -5.000000e+000
    endloop
  endfacet
  facet normal  0.000000e+000  0.000000e+000 -1.000000e+000
    outer loop
      vertex  3.082518e+001  2.389159e+001 -5.000000e+000
      vertex  3.060001e+001  1.005531e+001 -5.000000e+000
      vertex  3.048182e+001  2.432814e+001 -5.000000e+000
    endloop
  endfacet
  facet normal  0.000000e+000  0.000000e+000 -1.000000e+000
    outer loop
      vertex  3.098356e+001 -3.169407e+001 -5.000000e+000
      vertex  3.096357e+001 -3.157002e+001 -5.000000e+000
      vertex  3.259469e+001  8.050007e+000 -5.000000e+000
    endloop
  endfacet
  facet normal  0.000000e+000  0.000000e+000 -1.000000e+000
    outer loop
      vertex -3.246912e+001  1.204571e+001 -5.000000e+000
      vertex -3.259469e+001  1.204999e+001 -5.000000e+000
      vertex -3.275172e+001  2.117368e+001 -5.000000e+000
    endloop
  endfacet
  facet normal  0.000000e+000  0.000000e+000 -1.000000e+000
    outer loop
      vertex -3.013228e+001  2.475976e+001 -5.000000e+000
      vertex -2.977662e+001  2.518636e+001 -5.000000e+000
      vertex -3.060001e+001  1.004469e+001 -5.000000e+000
    endloop
  endfacet
  facet normal  0.000000e+000  0.000000e+000 -1.000000e+000
    outer loop
      vertex -3.048182e+001  2.432814e+001 -5.000000e+000
      vertex -3.013228e+001  2.475976e+001 -5.000000e+000
      vertex -3.060001e+001  1.004469e+001 -5.000000e+000
    endloop
  endfacet
  facet normal  0.000000e+000  0.000000e+000 -1.000000e+000
    outer loop
      vertex -3.287059e+001 -4.007518e+001 -5.000000e+000
      vertex -3.310966e+001 -3.995691e+001 -5.000000e+000
      vertex -3.262811e+001 -4.018631e+001 -5.000000e+000
    endloop
  endfacet
  facet normal  0.000000e+000  0.000000e+000 -1.000000e+000
    outer loop
      vertex -3.440739e+001  1.090636e+001 -5.000000e+000
      vertex -3.746365e+001  1.072757e+001 -5.000000e+000
      vertex -3.435005e+001  1.101816e+001 -5.000000e+000
    endloop
  endfacet
  facet normal  0.000000e+000  0.000000e+000 -1.000000e+000
    outer loop
      vertex -3.746365e+001  1.072757e+001 -5.000000e+000
      vertex -3.440739e+001  1.090636e+001 -5.000000e+000
      vertex -3.445759e+001  1.079118e+001 -5.000000e+000
    endloop
  endfacet
  facet normal  0.000000e+000  0.000000e+000 -1.000000e+000
    outer loop
      vertex -3.450047e+001  1.067308e+001 -5.000000e+000
      vertex -3.746365e+001  1.072757e+001 -5.000000e+000
      vertex -3.445759e+001  1.079118e+001 -5.000000e+000
    endloop
  endfacet
  facet normal  0.000000e+000  0.000000e+000 -1.000000e+000
    outer loop
      vertex -3.450375e+001  9.437018e+000 -5.000000e+000
      vertex -3.776100e+001  9.249162e+000 -5.000000e+000
      vertex -3.453848e+001  9.557765e+000 -5.000000e+000
    endloop
  endfacet
  facet normal  0.000000e+000  -0.000000e+000 -1.000000e+000
    outer loop
      vertex -3.776100e+001  9.249162e+000 -5.000000e+000
      vertex -3.450375e+001  9.437018e+000 -5.000000e+000
      vertex -3.446150e+001  9.318690e+000 -5.000000e+000
    endloop
  endfacet
  facet normal  0.000000e+000  0.000000e+000 -1.000000e+000
    outer loop
      vertex -3.441191e+001  9.203249e+000 -5.000000e+000
      vertex -3.776100e+001  9.249162e+000 -5.000000e+000
      vertex -3.446150e+001  9.318690e+000 -5.000000e+000
    endloop
  endfacet
  facet normal  0.000000e+000  0.000000e+000 -1.000000e+000
    outer loop
      vertex  3.093584e+001 -3.144748e+001 -5.000000e+000
      vertex  3.259469e+001  8.050007e+000 -5.000000e+000
      vertex  3.096357e+001 -3.157002e+001 -5.000000e+000
    endloop
  endfacet
  facet normal  0.000000e+000  0.000000e+000 -1.000000e+000
    outer loop
      vertex  3.090047e+001 -3.132692e+001 -5.000000e+000
      vertex  3.259469e+001  8.050007e+000 -5.000000e+000
      vertex  3.093584e+001 -3.144748e+001 -5.000000e+000
    endloop
  endfacet
  facet normal  0.000000e+000  0.000000e+000 -1.000000e+000
    outer loop
      vertex  3.085759e+001 -3.120882e+001 -5.000000e+000
      vertex  3.259469e+001  8.050007e+000 -5.000000e+000
      vertex  3.090047e+001 -3.132692e+001 -5.000000e+000
    endloop
  endfacet
  facet normal  0.000000e+000  0.000000e+000 -1.000000e+000
    outer loop
      vertex  3.080739e+001 -3.109364e+001 -5.000000e+000
      vertex  3.259469e+001  8.050007e+000 -5.000000e+000
      vertex  3.085759e+001 -3.120882e+001 -5.000000e+000
    endloop
  endfacet
  facet normal  0.000000e+000  0.000000e+000 -9.999999e-001
    outer loop
      vertex  3.075005e+001 -3.098184e+001 -5.000000e+000
      vertex  3.259469e+001  8.050007e+000 -5.000000e+000
      vertex  3.080739e+001 -3.109364e+001 -5.000000e+000
    endloop
  endfacet
  facet normal  0.000000e+000  0.000000e+000 -1.000000e+000
    outer loop
      vertex  3.068580e+001 -3.087387e+001 -5.000000e+000
      vertex  3.259469e+001  8.050007e+000 -5.000000e+000
      vertex  3.075005e+001 -3.098184e+001 -5.000000e+000
    endloop
  endfacet
  facet normal  0.000000e+000  0.000000e+000 -1.000000e+000
    outer loop
      vertex  3.061491e+001 -3.077014e+001 -5.000000e+000
      vertex  3.259469e+001  8.050007e+000 -5.000000e+000
      vertex  3.068580e+001 -3.087387e+001 -5.000000e+000
    endloop
  endfacet
  facet normal  0.000000e+000  0.000000e+000 -1.000000e+000
    outer loop
      vertex  3.053764e+001 -3.067107e+001 -5.000000e+000
      vertex  3.259469e+001  8.050007e+000 -5.000000e+000
      vertex  3.061491e+001 -3.077014e+001 -5.000000e+000
    endloop
  endfacet
  facet normal  0.000000e+000  0.000000e+000 -1.000000e+000
    outer loop
      vertex  3.045430e+001 -3.057704e+001 -5.000000e+000
      vertex  3.259469e+001  8.050007e+000 -5.000000e+000
      vertex  3.053764e+001 -3.067107e+001 -5.000000e+000
    endloop
  endfacet
  facet normal  0.000000e+000  0.000000e+000 -1.000000e+000
    outer loop
      vertex  3.036522e+001 -3.048843e+001 -5.000000e+000
      vertex  3.259469e+001  8.050007e+000 -5.000000e+000
      vertex  3.045430e+001 -3.057704e+001 -5.000000e+000
    endloop
  endfacet
  facet normal  0.000000e+000  0.000000e+000 -1.000000e+000
    outer loop
      vertex  3.027075e+001 -3.040559e+001 -5.000000e+000
      vertex  3.259469e+001  8.050007e+000 -5.000000e+000
      vertex  3.036522e+001 -3.048843e+001 -5.000000e+000
    endloop
  endfacet
  facet normal  0.000000e+000  0.000000e+000 -1.000000e+000
    outer loop
      vertex  3.017127e+001 -3.032885e+001 -5.000000e+000
      vertex  3.259469e+001  8.050007e+000 -5.000000e+000
      vertex  3.027075e+001 -3.040559e+001 -5.000000e+000
    endloop
  endfacet
  facet normal  0.000000e+000  0.000000e+000 -1.000000e+000
    outer loop
      vertex  3.006717e+001 -3.025850e+001 -5.000000e+000
      vertex  3.259469e+001  8.050007e+000 -5.000000e+000
      vertex  3.017127e+001 -3.032885e+001 -5.000000e+000
    endloop
  endfacet
  facet normal  0.000000e+000  0.000000e+000 -1.000000e+000
    outer loop
      vertex  2.995885e+001 -3.019484e+001 -5.000000e+000
      vertex  3.259469e+001  8.050007e+000 -5.000000e+000
      vertex  3.006717e+001 -3.025850e+001 -5.000000e+000
    endloop
  endfacet
  facet normal  0.000000e+000  0.000000e+000 -1.000000e+000
    outer loop
      vertex  2.984675e+001 -3.013809e+001 -5.000000e+000
      vertex  3.259469e+001  8.050007e+000 -5.000000e+000
      vertex  2.995885e+001 -3.019484e+001 -5.000000e+000
    endloop
  endfacet
  facet normal  0.000000e+000  0.000000e+000 -1.000000e+000
    outer loop
      vertex  2.973131e+001 -3.008850e+001 -5.000000e+000
      vertex  3.259469e+001  8.050007e+000 -5.000000e+000
      vertex  2.984675e+001 -3.013809e+001 -5.000000e+000
    endloop
  endfacet
  facet normal  0.000000e+000  0.000000e+000 -9.999999e-001
    outer loop
      vertex  2.961298e+001 -3.004625e+001 -5.000000e+000
      vertex  3.259469e+001  8.050007e+000 -5.000000e+000
      vertex  2.973131e+001 -3.008850e+001 -5.000000e+000
    endloop
  endfacet
  facet normal  0.000000e+000  0.000000e+000 -1.000000e+000
    outer loop
      vertex  2.949224e+001 -3.001152e+001 -5.000000e+000
      vertex  3.259469e+001  8.050007e+000 -5.000000e+000
      vertex  2.961298e+001 -3.004625e+001 -5.000000e+000
    endloop
  endfacet
  facet normal  0.000000e+000  0.000000e+000 -1.000000e+000
    outer loop
      vertex  2.936954e+001 -2.998444e+001 -5.000000e+000
      vertex  3.259469e+001  8.050007e+000 -5.000000e+000
      vertex  2.949224e+001 -3.001152e+001 -5.000000e+000
    endloop
  endfacet
  facet normal  0.000000e+000  0.000000e+000 -1.000000e+000
    outer loop
      vertex  2.924540e+001 -2.996511e+001 -5.000000e+000
      vertex  3.259469e+001  8.050007e+000 -5.000000e+000
      vertex  2.936954e+001 -2.998444e+001 -5.000000e+000
    endloop
  endfacet
  facet normal  0.000000e+000  0.000000e+000 -1.000000e+000
    outer loop
      vertex  3.746365e+001  1.072757e+001 -5.000000e+000
      vertex  3.441191e+001  1.089675e+001 -5.000000e+000
      vertex  3.435516e+001  1.100885e+001 -5.000000e+000
    endloop
  endfacet
  facet normal  0.000000e+000  0.000000e+000 -1.000000e+000
    outer loop
      vertex  3.453848e+001  1.054224e+001 -5.000000e+000
      vertex  3.450375e+001  1.066298e+001 -5.000000e+000
      vertex  3.754898e+001  1.036026e+001 -5.000000e+000
    endloop
  endfacet
  facet normal  0.000000e+000  0.000000e+000 -1.000000e+000
    outer loop
      vertex  3.459638e+001  1.017028e+001 -5.000000e+000
      vertex  3.458489e+001  1.029540e+001 -5.000000e+000
      vertex  3.762700e+001  9.991319e+000 -5.000000e+000
    endloop
  endfacet
  facet normal  0.000000e+000  -0.000000e+000 -1.000000e+000
    outer loop
      vertex  3.458356e+001  9.794066e+000 -5.000000e+000
      vertex  3.459571e+001  9.919120e+000 -5.000000e+000
      vertex  3.769768e+001  9.620905e+000 -5.000000e+000
    endloop
  endfacet
  facet normal  0.000000e+000  -0.000000e+000 -1.000000e+000
    outer loop
      vertex  3.450047e+001  9.426918e+000 -5.000000e+000
      vertex  3.453584e+001  9.547479e+000 -5.000000e+000
      vertex  3.776100e+001  9.249162e+000 -5.000000e+000
    endloop
  endfacet
  facet normal  0.000000e+000  -0.000000e+000 -1.000000e+000
    outer loop
      vertex  3.445759e+001  9.308817e+000 -5.000000e+000
      vertex  3.450047e+001  9.426918e+000 -5.000000e+000
      vertex  3.776100e+001  9.249162e+000 -5.000000e+000
    endloop
  endfacet
  facet normal  0.000000e+000  0.000000e+000 -1.000000e+000
    outer loop
      vertex  3.776100e+001  9.249162e+000 -5.000000e+000
      vertex  3.440739e+001  9.193640e+000 -5.000000e+000
      vertex  3.445759e+001  9.308817e+000 -5.000000e+000
    endloop
  endfacet
  facet normal  0.000000e+000  0.000000e+000 -1.000000e+000
    outer loop
      vertex  3.781692e+001  8.876235e+000 -5.000000e+000
      vertex  3.421491e+001  8.870138e+000 -5.000000e+000
      vertex  3.428580e+001  8.973867e+000 -5.000000e+000
    endloop
  endfacet
  facet normal  -0.000000e+000  0.000000e+000 -1.000000e+000
    outer loop
      vertex  3.310966e+001 -3.995691e+001 -5.000000e+000
      vertex  3.287059e+001 -4.007518e+001 -5.000000e+000
      vertex  3.262811e+001 -4.018631e+001 -5.000000e+000
    endloop
  endfacet
  facet normal  0.000000e+000  0.000000e+000 -1.000000e+000
    outer loop
      vertex  3.705000e+001  1.217775e+001 -5.000000e+000
      vertex  3.716419e+001  1.181835e+001 -5.000000e+000
      vertex  3.273088e+001  1.204571e+001 -5.000000e+000
    endloop
  endfacet
  facet normal  0.000000e+000  0.000000e+000 -1.000000e+000
    outer loop
      vertex  3.705000e+001  1.217775e+001 -5.000000e+000
      vertex  3.273088e+001  1.204571e+001 -5.000000e+000
      vertex  3.260531e+001  1.204999e+001 -5.000000e+000
    endloop
  endfacet
  facet normal  0.000000e+000  0.000000e+000 -1.000000e+000
    outer loop
      vertex  3.705000e+001  1.217775e+001 -5.000000e+000
      vertex  3.260531e+001  1.204999e+001 -5.000000e+000
      vertex  3.687282e+001  1.270413e+001 -5.000000e+000
    endloop
  endfacet
  facet normal  0.000000e+000  0.000000e+000 -1.000000e+000
    outer loop
      vertex -2.900000e+001 -4.095000e+001 -5.000000e+000
      vertex -2.926670e+001 -4.094605e+001 -5.000000e+000
      vertex -2.953317e+001 -4.093419e+001 -5.000000e+000
    endloop
  endfacet
  facet normal  0.000000e+000  0.000000e+000 -1.000000e+000
    outer loop
      vertex -2.900000e+001 -4.095000e+001 -5.000000e+000
      vertex -2.953317e+001 -4.093419e+001 -5.000000e+000
      vertex -2.979916e+001 -4.091445e+001 -5.000000e+000
    endloop
  endfacet
  facet normal  0.000000e+000  0.000000e+000 -1.000000e+000
    outer loop
      vertex -2.900000e+001 -4.095000e+001 -5.000000e+000
      vertex -2.979916e+001 -4.091445e+001 -5.000000e+000
      vertex -3.006446e+001 -4.088683e+001 -5.000000e+000
    endloop
  endfacet
  facet normal  0.000000e+000  0.000000e+000 -1.000000e+000
    outer loop
      vertex -2.900000e+001 -4.095000e+001 -5.000000e+000
      vertex -3.006446e+001 -4.088683e+001 -5.000000e+000
      vertex -3.032882e+001 -4.085136e+001 -5.000000e+000
    endloop
  endfacet
  facet normal  0.000000e+000  0.000000e+000 -1.000000e+000
    outer loop
      vertex -2.900000e+001 -4.095000e+001 -5.000000e+000
      vertex -3.032882e+001 -4.085136e+001 -5.000000e+000
      vertex -3.059201e+001 -4.080807e+001 -5.000000e+000
    endloop
  endfacet
  facet normal  0.000000e+000  0.000000e+000 -9.999999e-001
    outer loop
      vertex -2.900000e+001 -4.095000e+001 -5.000000e+000
      vertex -3.059201e+001 -4.080807e+001 -5.000000e+000
      vertex -3.085381e+001 -4.075701e+001 -5.000000e+000
    endloop
  endfacet
  facet normal  0.000000e+000  0.000000e+000 -1.000000e+000
    outer loop
      vertex -2.900000e+001 -4.095000e+001 -5.000000e+000
      vertex -3.085381e+001 -4.075701e+001 -5.000000e+000
      vertex -3.111398e+001 -4.069821e+001 -5.000000e+000
    endloop
  endfacet
  facet normal  0.000000e+000  0.000000e+000 -1.000000e+000
    outer loop
      vertex -2.900000e+001 -4.095000e+001 -5.000000e+000
      vertex -3.111398e+001 -4.069821e+001 -5.000000e+000
      vertex -3.137229e+001 -4.063172e+001 -5.000000e+000
    endloop
  endfacet
  facet normal  0.000000e+000  0.000000e+000 -1.000000e+000
    outer loop
      vertex -2.900000e+001 -4.095000e+001 -5.000000e+000
      vertex -3.137229e+001 -4.063172e+001 -5.000000e+000
      vertex -3.162851e+001 -4.055761e+001 -5.000000e+000
    endloop
  endfacet
  facet normal  0.000000e+000  0.000000e+000 -1.000000e+000
    outer loop
      vertex -2.900000e+001 -4.095000e+001 -5.000000e+000
      vertex -3.162851e+001 -4.055761e+001 -5.000000e+000
      vertex -3.188243e+001 -4.047594e+001 -5.000000e+000
    endloop
  endfacet
  facet normal  0.000000e+000  0.000000e+000 -1.000000e+000
    outer loop
      vertex -2.900000e+001 -4.095000e+001 -5.000000e+000
      vertex -3.188243e+001 -4.047594e+001 -5.000000e+000
      vertex -3.213382e+001 -4.038678e+001 -5.000000e+000
    endloop
  endfacet
  facet normal  0.000000e+000  0.000000e+000 -1.000000e+000
    outer loop
      vertex -2.900000e+001 -4.095000e+001 -5.000000e+000
      vertex -3.213382e+001 -4.038678e+001 -5.000000e+000
      vertex -3.238245e+001 -4.029021e+001 -5.000000e+000
    endloop
  endfacet
  facet normal  0.000000e+000  0.000000e+000 -1.000000e+000
    outer loop
      vertex -2.900000e+001 -4.095000e+001 -5.000000e+000
      vertex -3.238245e+001 -4.029021e+001 -5.000000e+000
      vertex -2.912028e+001 -3.394638e+001 -5.000000e+000
    endloop
  endfacet
  facet normal  0.000000e+000  0.000000e+000 -1.000000e+000
    outer loop
      vertex -2.900000e+001 -4.095000e+001 -5.000000e+000
      vertex -2.912028e+001 -3.394638e+001 -5.000000e+000
      vertex -2.899469e+001 -3.394999e+001 -5.000000e+000
    endloop
  endfacet
  facet normal  0.000000e+000  0.000000e+000 -9.999999e-001
    outer loop
      vertex  2.912028e+001 -2.995362e+001 -5.000000e+000
      vertex  2.899469e+001 -2.995001e+001 -5.000000e+000
      vertex  2.904727e+001  2.602415e+001 -5.000000e+000
    endloop
  endfacet
  facet normal  0.000000e+000  0.000000e+000 -1.000000e+000
    outer loop
      vertex  2.912028e+001 -2.995362e+001 -5.000000e+000
      vertex  2.904727e+001  2.602415e+001 -5.000000e+000
      vertex  2.941493e+001  2.560785e+001 -5.000000e+000
    endloop
  endfacet
  facet normal  0.000000e+000  -0.000000e+000 -1.000000e+000
    outer loop
      vertex  2.912028e+001 -2.995362e+001 -5.000000e+000
      vertex  2.941493e+001  2.560785e+001 -5.000000e+000
      vertex  2.977662e+001  2.518636e+001 -5.000000e+000
    endloop
  endfacet
  facet normal  0.000000e+000  -0.000000e+000 -1.000000e+000
    outer loop
      vertex  2.912028e+001 -2.995362e+001 -5.000000e+000
      vertex  2.977662e+001  2.518636e+001 -5.000000e+000
      vertex  3.013228e+001  2.475976e+001 -5.000000e+000
    endloop
  endfacet
  facet normal  0.000000e+000  -0.000000e+000 -1.000000e+000
    outer loop
      vertex  2.912028e+001 -2.995362e+001 -5.000000e+000
      vertex  3.013228e+001  2.475976e+001 -5.000000e+000
      vertex  3.048182e+001  2.432814e+001 -5.000000e+000
    endloop
  endfacet
  facet normal  0.000000e+000  -0.000000e+000 -1.000000e+000
    outer loop
      vertex  2.912028e+001 -2.995362e+001 -5.000000e+000
      vertex  3.048182e+001  2.432814e+001 -5.000000e+000
      vertex  3.060001e+001  1.005531e+001 -5.000000e+000
    endloop
  endfacet
  facet normal  0.000000e+000  -0.000000e+000 -9.999999e-001
    outer loop
      vertex  2.912028e+001 -2.995362e+001 -5.000000e+000
      vertex  3.060001e+001  1.005531e+001 -5.000000e+000
      vertex  3.060362e+001  9.929719e+000 -5.000000e+000
    endloop
  endfacet
  facet normal  0.000000e+000  -0.000000e+000 -1.000000e+000
    outer loop
      vertex  2.912028e+001 -2.995362e+001 -5.000000e+000
      vertex  3.060362e+001  9.929719e+000 -5.000000e+000
      vertex  3.061511e+001  9.804603e+000 -5.000000e+000
    endloop
  endfacet
  facet normal  0.000000e+000  -0.000000e+000 -1.000000e+000
    outer loop
      vertex  2.912028e+001 -2.995362e+001 -5.000000e+000
      vertex  3.061511e+001  9.804603e+000 -5.000000e+000
      vertex  3.063444e+001  9.680454e+000 -5.000000e+000
    endloop
  endfacet
  facet normal  0.000000e+000  -0.000000e+000 -1.000000e+000
    outer loop
      vertex  2.912028e+001 -2.995362e+001 -5.000000e+000
      vertex  3.063444e+001  9.680454e+000 -5.000000e+000
      vertex  3.066152e+001  9.557765e+000 -5.000000e+000
    endloop
  endfacet
  facet normal  0.000000e+000  -0.000000e+000 -1.000000e+000
    outer loop
      vertex  2.912028e+001 -2.995362e+001 -5.000000e+000
      vertex  3.066152e+001  9.557765e+000 -5.000000e+000
      vertex  3.069625e+001  9.437018e+000 -5.000000e+000
    endloop
  endfacet
  facet normal  0.000000e+000  -0.000000e+000 -9.999999e-001
    outer loop
      vertex  2.912028e+001 -2.995362e+001 -5.000000e+000
      vertex  3.069625e+001  9.437018e+000 -5.000000e+000
      vertex  3.073850e+001  9.318690e+000 -5.000000e+000
    endloop
  endfacet
  facet normal  0.000000e+000  -0.000000e+000 -1.000000e+000
    outer loop
      vertex  2.912028e+001 -2.995362e+001 -5.000000e+000
      vertex  3.073850e+001  9.318690e+000 -5.000000e+000
      vertex  3.078809e+001  9.203249e+000 -5.000000e+000
    endloop
  endfacet
  facet normal  0.000000e+000  -0.000000e+000 -9.999999e-001
    outer loop
      vertex  2.912028e+001 -2.995362e+001 -5.000000e+000
      vertex  3.078809e+001  9.203249e+000 -5.000000e+000
      vertex  3.084484e+001  9.091149e+000 -5.000000e+000
    endloop
  endfacet
  facet normal  0.000000e+000  -0.000000e+000 -1.000000e+000
    outer loop
      vertex  2.912028e+001 -2.995362e+001 -5.000000e+000
      vertex  3.084484e+001  9.091149e+000 -5.000000e+000
      vertex  3.090850e+001  8.982833e+000 -5.000000e+000
    endloop
  endfacet
  facet normal  0.000000e+000  -0.000000e+000 -1.000000e+000
    outer loop
      vertex  2.912028e+001 -2.995362e+001 -5.000000e+000
      vertex  3.090850e+001  8.982833e+000 -5.000000e+000
      vertex  3.097885e+001  8.878729e+000 -5.000000e+000
    endloop
  endfacet
  facet normal  0.000000e+000  -0.000000e+000 -1.000000e+000
    outer loop
      vertex  2.912028e+001 -2.995362e+001 -5.000000e+000
      vertex  3.097885e+001  8.878729e+000 -5.000000e+000
      vertex  3.105560e+001  8.779247e+000 -5.000000e+000
    endloop
  endfacet
  facet normal  0.000000e+000  -0.000000e+000 -9.999999e-001
    outer loop
      vertex  2.912028e+001 -2.995362e+001 -5.000000e+000
      vertex  3.105560e+001  8.779247e+000 -5.000000e+000
      vertex  3.113843e+001  8.684781e+000 -5.000000e+000
    endloop
  endfacet
  facet normal  0.000000e+000  -0.000000e+000 -9.999999e-001
    outer loop
      vertex  2.912028e+001 -2.995362e+001 -5.000000e+000
      vertex  3.113843e+001  8.684781e+000 -5.000000e+000
      vertex  3.122704e+001  8.595702e+000 -5.000000e+000
    endloop
  endfacet
  facet normal  0.000000e+000  -0.000000e+000 -1.000000e+000
    outer loop
      vertex  2.912028e+001 -2.995362e+001 -5.000000e+000
      vertex  3.122704e+001  8.595702e+000 -5.000000e+000
      vertex  3.132107e+001  8.512363e+000 -5.000000e+000
    endloop
  endfacet
  facet normal  0.000000e+000  -0.000000e+000 -9.999999e-001
    outer loop
      vertex  2.912028e+001 -2.995362e+001 -5.000000e+000
      vertex  3.132107e+001  8.512363e+000 -5.000000e+000
      vertex  3.142014e+001  8.435093e+000 -5.000000e+000
    endloop
  endfacet
  facet normal  0.000000e+000  -0.000000e+000 -1.000000e+000
    outer loop
      vertex  2.912028e+001 -2.995362e+001 -5.000000e+000
      vertex  3.142014e+001  8.435093e+000 -5.000000e+000
      vertex  3.152387e+001  8.364195e+000 -5.000000e+000
    endloop
  endfacet
  facet normal  0.000000e+000  -0.000000e+000 -1.000000e+000
    outer loop
      vertex  2.912028e+001 -2.995362e+001 -5.000000e+000
      vertex  3.152387e+001  8.364195e+000 -5.000000e+000
      vertex  3.163184e+001  8.299951e+000 -5.000000e+000
    endloop
  endfacet
  facet normal  0.000000e+000  -0.000000e+000 -1.000000e+000
    outer loop
      vertex  2.912028e+001 -2.995362e+001 -5.000000e+000
      vertex  3.163184e+001  8.299951e+000 -5.000000e+000
      vertex  3.174364e+001  8.242613e+000 -5.000000e+000
    endloop
  endfacet
  facet normal  0.000000e+000  -0.000000e+000 -1.000000e+000
    outer loop
      vertex  2.912028e+001 -2.995362e+001 -5.000000e+000
      vertex  3.174364e+001  8.242613e+000 -5.000000e+000
      vertex  3.185882e+001  8.192409e+000 -5.000000e+000
    endloop
  endfacet
  facet normal  0.000000e+000  -0.000000e+000 -1.000000e+000
    outer loop
      vertex  2.912028e+001 -2.995362e+001 -5.000000e+000
      vertex  3.185882e+001  8.192409e+000 -5.000000e+000
      vertex  3.197692e+001  8.149534e+000 -5.000000e+000
    endloop
  endfacet
  facet normal  0.000000e+000  -0.000000e+000 -1.000000e+000
    outer loop
      vertex  2.912028e+001 -2.995362e+001 -5.000000e+000
      vertex  3.197692e+001  8.149534e+000 -5.000000e+000
      vertex  3.209748e+001  8.114161e+000 -5.000000e+000
    endloop
  endfacet
  facet normal  0.000000e+000  -0.000000e+000 -1.000000e+000
    outer loop
      vertex  2.912028e+001 -2.995362e+001 -5.000000e+000
      vertex  3.209748e+001  8.114161e+000 -5.000000e+000
      vertex  3.222002e+001  8.086428e+000 -5.000000e+000
    endloop
  endfacet
  facet normal  0.000000e+000  -0.000000e+000 -1.000000e+000
    outer loop
      vertex  2.912028e+001 -2.995362e+001 -5.000000e+000
      vertex  3.222002e+001  8.086428e+000 -5.000000e+000
      vertex  3.234407e+001  8.066443e+000 -5.000000e+000
    endloop
  endfacet
  facet normal  0.000000e+000  -0.000000e+000 -1.000000e+000
    outer loop
      vertex  2.912028e+001 -2.995362e+001 -5.000000e+000
      vertex  3.234407e+001  8.066443e+000 -5.000000e+000
      vertex  3.246912e+001  8.054287e+000 -5.000000e+000
    endloop
  endfacet
  facet normal  0.000000e+000  -0.000000e+000 -1.000000e+000
    outer loop
      vertex  2.912028e+001 -2.995362e+001 -5.000000e+000
      vertex  3.246912e+001  8.054287e+000 -5.000000e+000
      vertex  3.259469e+001  8.050007e+000 -5.000000e+000
    endloop
  endfacet
  facet normal  0.000000e+000  0.000000e+000 -1.000000e+000
    outer loop
      vertex  2.912028e+001 -2.995362e+001 -5.000000e+000
      vertex  3.259469e+001  8.050007e+000 -5.000000e+000
      vertex  2.924540e+001 -2.996511e+001 -5.000000e+000
    endloop
  endfacet
  facet normal  -0.000000e+000  0.000000e+000 -1.000000e+000
    outer loop
      vertex  3.272028e+001  8.053620e+000 -5.000000e+000
      vertex  3.794016e+001  7.751826e+000 -5.000000e+000
      vertex  3.793683e+001 -3.301446e+001 -5.000000e+000
    endloop
  endfacet
  facet normal  -0.000000e+000  0.000000e+000 -9.999999e-001
    outer loop
      vertex  3.272028e+001  8.053620e+000 -5.000000e+000
      vertex  3.793683e+001 -3.301446e+001 -5.000000e+000
      vertex  3.790136e+001 -3.327882e+001 -5.000000e+000
    endloop
  endfacet
  facet normal  -0.000000e+000  0.000000e+000 -1.000000e+000
    outer loop
      vertex  3.272028e+001  8.053620e+000 -5.000000e+000
      vertex  3.790136e+001 -3.327882e+001 -5.000000e+000
      vertex  3.785807e+001 -3.354201e+001 -5.000000e+000
    endloop
  endfacet
  facet normal  -0.000000e+000  0.000000e+000 -1.000000e+000
    outer loop
      vertex  3.272028e+001  8.053620e+000 -5.000000e+000
      vertex  3.785807e+001 -3.354201e+001 -5.000000e+000
      vertex  3.780701e+001 -3.380381e+001 -5.000000e+000
    endloop
  endfacet
  facet normal  -0.000000e+000  0.000000e+000 -1.000000e+000
    outer loop
      vertex  3.272028e+001  8.053620e+000 -5.000000e+000
      vertex  3.780701e+001 -3.380381e+001 -5.000000e+000
      vertex  3.774821e+001 -3.406398e+001 -5.000000e+000
    endloop
  endfacet
  facet normal  -0.000000e+000  0.000000e+000 -1.000000e+000
    outer loop
      vertex  3.272028e+001  8.053620e+000 -5.000000e+000
      vertex  3.774821e+001 -3.406398e+001 -5.000000e+000
      vertex  3.768172e+001 -3.432228e+001 -5.000000e+000
    endloop
  endfacet
  facet normal  -0.000000e+000  0.000000e+000 -1.000000e+000
    outer loop
      vertex  3.272028e+001  8.053620e+000 -5.000000e+000
      vertex  3.768172e+001 -3.432228e+001 -5.000000e+000
      vertex  3.760761e+001 -3.457851e+001 -5.000000e+000
    endloop
  endfacet
  facet normal  -0.000000e+000  0.000000e+000 -1.000000e+000
    outer loop
      vertex  3.272028e+001  8.053620e+000 -5.000000e+000
      vertex  3.760761e+001 -3.457851e+001 -5.000000e+000
      vertex  3.752594e+001 -3.483243e+001 -5.000000e+000
    endloop
  endfacet
  facet normal  -0.000000e+000  0.000000e+000 -1.000000e+000
    outer loop
      vertex  3.272028e+001  8.053620e+000 -5.000000e+000
      vertex  3.752594e+001 -3.483243e+001 -5.000000e+000
      vertex  3.743678e+001 -3.508382e+001 -5.000000e+000
    endloop
  endfacet
  facet normal  -0.000000e+000  0.000000e+000 -1.000000e+000
    outer loop
      vertex  3.272028e+001  8.053620e+000 -5.000000e+000
      vertex  3.743678e+001 -3.508382e+001 -5.000000e+000
      vertex  3.734021e+001 -3.533245e+001 -5.000000e+000
    endloop
  endfacet
  facet normal  -0.000000e+000  0.000000e+000 -1.000000e+000
    outer loop
      vertex  3.272028e+001  8.053620e+000 -5.000000e+000
      vertex  3.734021e+001 -3.533245e+001 -5.000000e+000
      vertex  3.723631e+001 -3.557811e+001 -5.000000e+000
    endloop
  endfacet
  facet normal  -0.000000e+000  0.000000e+000 -9.999999e-001
    outer loop
      vertex  3.272028e+001  8.053620e+000 -5.000000e+000
      vertex  3.723631e+001 -3.557811e+001 -5.000000e+000
      vertex  3.712518e+001 -3.582059e+001 -5.000000e+000
    endloop
  endfacet
  facet normal  -0.000000e+000  0.000000e+000 -1.000000e+000
    outer loop
      vertex  3.272028e+001  8.053620e+000 -5.000000e+000
      vertex  3.712518e+001 -3.582059e+001 -5.000000e+000
      vertex  3.700691e+001 -3.605966e+001 -5.000000e+000
    endloop
  endfacet
  facet normal  -0.000000e+000  0.000000e+000 -1.000000e+000
    outer loop
      vertex  3.272028e+001  8.053620e+000 -5.000000e+000
      vertex  3.700691e+001 -3.605966e+001 -5.000000e+000
      vertex  3.688161e+001 -3.629513e+001 -5.000000e+000
    endloop
  endfacet
  facet normal  -0.000000e+000  0.000000e+000 -1.000000e+000
    outer loop
      vertex  3.272028e+001  8.053620e+000 -5.000000e+000
      vertex  3.688161e+001 -3.629513e+001 -5.000000e+000
      vertex  3.674939e+001 -3.652678e+001 -5.000000e+000
    endloop
  endfacet
  facet normal  -0.000000e+000  0.000000e+000 -9.999999e-001
    outer loop
      vertex  3.272028e+001  8.053620e+000 -5.000000e+000
      vertex  3.674939e+001 -3.652678e+001 -5.000000e+000
      vertex  3.661036e+001 -3.675441e+001 -5.000000e+000
    endloop
  endfacet
  facet normal  -0.000000e+000  0.000000e+000 -1.000000e+000
    outer loop
      vertex  3.272028e+001  8.053620e+000 -5.000000e+000
      vertex  3.661036e+001 -3.675441e+001 -5.000000e+000
      vertex  3.646465e+001 -3.697782e+001 -5.000000e+000
    endloop
  endfacet
  facet normal  -0.000000e+000  0.000000e+000 -9.999999e-001
    outer loop
      vertex  3.272028e+001  8.053620e+000 -5.000000e+000
      vertex  3.646465e+001 -3.697782e+001 -5.000000e+000
      vertex  3.631238e+001 -3.719682e+001 -5.000000e+000
    endloop
  endfacet
  facet normal  -0.000000e+000  0.000000e+000 -9.999999e-001
    outer loop
      vertex  3.272028e+001  8.053620e+000 -5.000000e+000
      vertex  3.631238e+001 -3.719682e+001 -5.000000e+000
      vertex  3.615369e+001 -3.741120e+001 -5.000000e+000
    endloop
  endfacet
  facet normal  -0.000000e+000  0.000000e+000 -1.000000e+000
    outer loop
      vertex  3.272028e+001  8.053620e+000 -5.000000e+000
      vertex  3.615369e+001 -3.741120e+001 -5.000000e+000
      vertex  3.598872e+001 -3.762079e+001 -5.000000e+000
    endloop
  endfacet
  facet normal  -0.000000e+000  0.000000e+000 -1.000000e+000
    outer loop
      vertex  3.272028e+001  8.053620e+000 -5.000000e+000
      vertex  3.598872e+001 -3.762079e+001 -5.000000e+000
      vertex  3.581760e+001 -3.782540e+001 -5.000000e+000
    endloop
  endfacet
  facet normal  -0.000000e+000  0.000000e+000 -1.000000e+000
    outer loop
      vertex  3.272028e+001  8.053620e+000 -5.000000e+000
      vertex  3.581760e+001 -3.782540e+001 -5.000000e+000
      vertex  3.564050e+001 -3.802485e+001 -5.000000e+000
    endloop
  endfacet
  facet normal  -0.000000e+000  0.000000e+000 -1.000000e+000
    outer loop
      vertex  3.272028e+001  8.053620e+000 -5.000000e+000
      vertex  3.564050e+001 -3.802485e+001 -5.000000e+000
      vertex  3.545757e+001 -3.821896e+001 -5.000000e+000
    endloop
  endfacet
  facet normal  -0.000000e+000  0.000000e+000 -1.000000e+000
    outer loop
      vertex  3.272028e+001  8.053620e+000 -5.000000e+000
      vertex  3.545757e+001 -3.821896e+001 -5.000000e+000
      vertex  3.526896e+001 -3.840757e+001 -5.000000e+000
    endloop
  endfacet
  facet normal  -0.000000e+000  0.000000e+000 -1.000000e+000
    outer loop
      vertex  3.272028e+001  8.053620e+000 -5.000000e+000
      vertex  3.526896e+001 -3.840757e+001 -5.000000e+000
      vertex  3.507485e+001 -3.859050e+001 -5.000000e+000
    endloop
  endfacet
  facet normal  -0.000000e+000  0.000000e+000 -1.000000e+000
    outer loop
      vertex  3.272028e+001  8.053620e+000 -5.000000e+000
      vertex  3.507485e+001 -3.859050e+001 -5.000000e+000
      vertex  3.487540e+001 -3.876760e+001 -5.000000e+000
    endloop
  endfacet
  facet normal  -0.000000e+000  0.000000e+000 -1.000000e+000
    outer loop
      vertex  3.272028e+001  8.053620e+000 -5.000000e+000
      vertex  3.487540e+001 -3.876760e+001 -5.000000e+000
      vertex  3.467079e+001 -3.893871e+001 -5.000000e+000
    endloop
  endfacet
  facet normal  -0.000000e+000  0.000000e+000 -1.000000e+000
    outer loop
      vertex  3.272028e+001  8.053620e+000 -5.000000e+000
      vertex  3.467079e+001 -3.893871e+001 -5.000000e+000
      vertex  3.446120e+001 -3.910369e+001 -5.000000e+000
    endloop
  endfacet
  facet normal  -0.000000e+000  0.000000e+000 -1.000000e+000
    outer loop
      vertex  3.272028e+001  8.053620e+000 -5.000000e+000
      vertex  3.446120e+001 -3.910369e+001 -5.000000e+000
      vertex  3.424681e+001 -3.926238e+001 -5.000000e+000
    endloop
  endfacet
  facet normal  -0.000000e+000  0.000000e+000 -1.000000e+000
    outer loop
      vertex  3.272028e+001  8.053620e+000 -5.000000e+000
      vertex  3.424681e+001 -3.926238e+001 -5.000000e+000
      vertex  3.402782e+001 -3.941465e+001 -5.000000e+000
    endloop
  endfacet
  facet normal  -0.000000e+000  0.000000e+000 -1.000000e+000
    outer loop
      vertex  3.272028e+001  8.053620e+000 -5.000000e+000
      vertex  3.402782e+001 -3.941465e+001 -5.000000e+000
      vertex  3.380441e+001 -3.956036e+001 -5.000000e+000
    endloop
  endfacet
  facet normal  -0.000000e+000  0.000000e+000 -1.000000e+000
    outer loop
      vertex  3.272028e+001  8.053620e+000 -5.000000e+000
      vertex  3.380441e+001 -3.956036e+001 -5.000000e+000
      vertex  3.357678e+001 -3.969939e+001 -5.000000e+000
    endloop
  endfacet
  facet normal  -0.000000e+000  0.000000e+000 -1.000000e+000
    outer loop
      vertex  3.272028e+001  8.053620e+000 -5.000000e+000
      vertex  3.357678e+001 -3.969939e+001 -5.000000e+000
      vertex  3.334513e+001 -3.983162e+001 -5.000000e+000
    endloop
  endfacet
  facet normal  -0.000000e+000  0.000000e+000 -1.000000e+000
    outer loop
      vertex  3.272028e+001  8.053620e+000 -5.000000e+000
      vertex  3.334513e+001 -3.983162e+001 -5.000000e+000
      vertex  3.310966e+001 -3.995691e+001 -5.000000e+000
    endloop
  endfacet
  facet normal  0.000000e+000  -0.000000e+000 -1.000000e+000
    outer loop
      vertex  2.900000e+001 -4.095000e+001 -5.000000e+000
      vertex  2.900531e+001 -3.394999e+001 -5.000000e+000
      vertex  2.913088e+001 -3.394571e+001 -5.000000e+000
    endloop
  endfacet
  facet normal  0.000000e+000  -0.000000e+000 -1.000000e+000
    outer loop
      vertex  2.900000e+001 -4.095000e+001 -5.000000e+000
      vertex  2.913088e+001 -3.394571e+001 -5.000000e+000
      vertex  2.925593e+001 -3.393356e+001 -5.000000e+000
    endloop
  endfacet
  facet normal  0.000000e+000  -0.000000e+000 -1.000000e+000
    outer loop
      vertex  2.900000e+001 -4.095000e+001 -5.000000e+000
      vertex  2.925593e+001 -3.393356e+001 -5.000000e+000
      vertex  2.937998e+001 -3.391357e+001 -5.000000e+000
    endloop
  endfacet
  facet normal  0.000000e+000  -0.000000e+000 -9.999999e-001
    outer loop
      vertex  2.900000e+001 -4.095000e+001 -5.000000e+000
      vertex  2.937998e+001 -3.391357e+001 -5.000000e+000
      vertex  2.950252e+001 -3.388584e+001 -5.000000e+000
    endloop
  endfacet
  facet normal  0.000000e+000  -0.000000e+000 -1.000000e+000
    outer loop
      vertex  2.900000e+001 -4.095000e+001 -5.000000e+000
      vertex  2.950252e+001 -3.388584e+001 -5.000000e+000
      vertex  2.962308e+001 -3.385046e+001 -5.000000e+000
    endloop
  endfacet
  facet normal  0.000000e+000  -0.000000e+000 -1.000000e+000
    outer loop
      vertex  2.900000e+001 -4.095000e+001 -5.000000e+000
      vertex  2.962308e+001 -3.385046e+001 -5.000000e+000
      vertex  2.974118e+001 -3.380759e+001 -5.000000e+000
    endloop
  endfacet
  facet normal  0.000000e+000  -0.000000e+000 -1.000000e+000
    outer loop
      vertex  2.900000e+001 -4.095000e+001 -5.000000e+000
      vertex  2.974118e+001 -3.380759e+001 -5.000000e+000
      vertex  2.985636e+001 -3.375739e+001 -5.000000e+000
    endloop
  endfacet
  facet normal  0.000000e+000  -0.000000e+000 -1.000000e+000
    outer loop
      vertex  2.900000e+001 -4.095000e+001 -5.000000e+000
      vertex  2.985636e+001 -3.375739e+001 -5.000000e+000
      vertex  2.996816e+001 -3.370005e+001 -5.000000e+000
    endloop
  endfacet
  facet normal  0.000000e+000  -0.000000e+000 -1.000000e+000
    outer loop
      vertex  2.900000e+001 -4.095000e+001 -5.000000e+000
      vertex  2.996816e+001 -3.370005e+001 -5.000000e+000
      vertex  3.007613e+001 -3.363580e+001 -5.000000e+000
    endloop
  endfacet
  facet normal  0.000000e+000  -0.000000e+000 -1.000000e+000
    outer loop
      vertex  2.900000e+001 -4.095000e+001 -5.000000e+000
      vertex  3.007613e+001 -3.363580e+001 -5.000000e+000
      vertex  3.017986e+001 -3.356491e+001 -5.000000e+000
    endloop
  endfacet
  facet normal  0.000000e+000  -0.000000e+000 -9.999999e-001
    outer loop
      vertex  2.900000e+001 -4.095000e+001 -5.000000e+000
      vertex  3.017986e+001 -3.356491e+001 -5.000000e+000
      vertex  3.027893e+001 -3.348764e+001 -5.000000e+000
    endloop
  endfacet
  facet normal  0.000000e+000  -0.000000e+000 -9.999999e-001
    outer loop
      vertex  2.900000e+001 -4.095000e+001 -5.000000e+000
      vertex  3.027893e+001 -3.348764e+001 -5.000000e+000
      vertex  3.037296e+001 -3.340430e+001 -5.000000e+000
    endloop
  endfacet
  facet normal  0.000000e+000  -0.000000e+000 -1.000000e+000
    outer loop
      vertex  2.900000e+001 -4.095000e+001 -5.000000e+000
      vertex  3.037296e+001 -3.340430e+001 -5.000000e+000
      vertex  3.046157e+001 -3.331522e+001 -5.000000e+000
    endloop
  endfacet
  facet normal  0.000000e+000  -0.000000e+000 -1.000000e+000
    outer loop
      vertex  2.900000e+001 -4.095000e+001 -5.000000e+000
      vertex  3.046157e+001 -3.331522e+001 -5.000000e+000
      vertex  3.054440e+001 -3.322075e+001 -5.000000e+000
    endloop
  endfacet
  facet normal  0.000000e+000  -0.000000e+000 -1.000000e+000
    outer loop
      vertex  2.900000e+001 -4.095000e+001 -5.000000e+000
      vertex  3.054440e+001 -3.322075e+001 -5.000000e+000
      vertex  3.062115e+001 -3.312127e+001 -5.000000e+000
    endloop
  endfacet
  facet normal  0.000000e+000  -0.000000e+000 -9.999999e-001
    outer loop
      vertex  2.900000e+001 -4.095000e+001 -5.000000e+000
      vertex  3.062115e+001 -3.312127e+001 -5.000000e+000
      vertex  3.069150e+001 -3.301717e+001 -5.000000e+000
    endloop
  endfacet
  facet normal  0.000000e+000  -0.000000e+000 -1.000000e+000
    outer loop
      vertex  2.900000e+001 -4.095000e+001 -5.000000e+000
      vertex  3.069150e+001 -3.301717e+001 -5.000000e+000
      vertex  3.075517e+001 -3.290885e+001 -5.000000e+000
    endloop
  endfacet
  facet normal  0.000000e+000  -0.000000e+000 -1.000000e+000
    outer loop
      vertex  2.900000e+001 -4.095000e+001 -5.000000e+000
      vertex  3.075517e+001 -3.290885e+001 -5.000000e+000
      vertex  3.081191e+001 -3.279675e+001 -5.000000e+000
    endloop
  endfacet
  facet normal  0.000000e+000  -0.000000e+000 -1.000000e+000
    outer loop
      vertex  2.900000e+001 -4.095000e+001 -5.000000e+000
      vertex  3.081191e+001 -3.279675e+001 -5.000000e+000
      vertex  3.086150e+001 -3.268131e+001 -5.000000e+000
    endloop
  endfacet
  facet normal  0.000000e+000  -0.000000e+000 -1.000000e+000
    outer loop
      vertex  2.900000e+001 -4.095000e+001 -5.000000e+000
      vertex  3.086150e+001 -3.268131e+001 -5.000000e+000
      vertex  3.090375e+001 -3.256298e+001 -5.000000e+000
    endloop
  endfacet
  facet normal  0.000000e+000  -0.000000e+000 -1.000000e+000
    outer loop
      vertex  2.900000e+001 -4.095000e+001 -5.000000e+000
      vertex  3.090375e+001 -3.256298e+001 -5.000000e+000
      vertex  3.093848e+001 -3.244223e+001 -5.000000e+000
    endloop
  endfacet
  facet normal  0.000000e+000  0.000000e+000 -1.000000e+000
    outer loop
      vertex  3.238245e+001 -4.029021e+001 -5.000000e+000
      vertex  2.900000e+001 -4.095000e+001 -5.000000e+000
      vertex  3.093848e+001 -3.244223e+001 -5.000000e+000
    endloop
  endfacet
  facet normal  0.000000e+000  0.000000e+000 -1.000000e+000
    outer loop
      vertex  3.238245e+001 -4.029021e+001 -5.000000e+000
      vertex  3.093848e+001 -3.244223e+001 -5.000000e+000
      vertex  3.096556e+001 -3.231955e+001 -5.000000e+000
    endloop
  endfacet
  facet normal  0.000000e+000  0.000000e+000 -1.000000e+000
    outer loop
      vertex  3.238245e+001 -4.029021e+001 -5.000000e+000
      vertex  3.096556e+001 -3.231955e+001 -5.000000e+000
      vertex  3.098489e+001 -3.219540e+001 -5.000000e+000
    endloop
  endfacet
  facet normal  0.000000e+000  0.000000e+000 -1.000000e+000
    outer loop
      vertex  3.238245e+001 -4.029021e+001 -5.000000e+000
      vertex  3.098489e+001 -3.219540e+001 -5.000000e+000
      vertex  3.099638e+001 -3.207028e+001 -5.000000e+000
    endloop
  endfacet
  facet normal  0.000000e+000  0.000000e+000 -1.000000e+000
    outer loop
      vertex  3.238245e+001 -4.029021e+001 -5.000000e+000
      vertex  3.099638e+001 -3.207028e+001 -5.000000e+000
      vertex  3.099999e+001 -3.194469e+001 -5.000000e+000
    endloop
  endfacet
  facet normal  0.000000e+000  0.000000e+000 -1.000000e+000
    outer loop
      vertex  3.238245e+001 -4.029021e+001 -5.000000e+000
      vertex  3.099999e+001 -3.194469e+001 -5.000000e+000
      vertex  3.099571e+001 -3.181912e+001 -5.000000e+000
    endloop
  endfacet
  facet normal  0.000000e+000  0.000000e+000 -1.000000e+000
    outer loop
      vertex  3.238245e+001 -4.029021e+001 -5.000000e+000
      vertex  3.099571e+001 -3.181912e+001 -5.000000e+000
      vertex  3.098356e+001 -3.169407e+001 -5.000000e+000
    endloop
  endfacet
  facet normal  0.000000e+000  0.000000e+000 -1.000000e+000
    outer loop
      vertex  3.260531e+001  1.204999e+001 -5.000000e+000
      vertex  3.247972e+001  1.204638e+001 -5.000000e+000
      vertex  3.244687e+001  2.163794e+001 -5.000000e+000
    endloop
  endfacet
  facet normal  0.000000e+000  0.000000e+000 -1.000000e+000
    outer loop
      vertex  3.260531e+001  1.204999e+001 -5.000000e+000
      vertex  3.244687e+001  2.163794e+001 -5.000000e+000
      vertex  3.275172e+001  2.117368e+001 -5.000000e+000
    endloop
  endfacet
  facet normal  0.000000e+000  -0.000000e+000 -1.000000e+000
    outer loop
      vertex  3.260531e+001  1.204999e+001 -5.000000e+000
      vertex  3.275172e+001  2.117368e+001 -5.000000e+000
      vertex  3.304993e+001  2.070512e+001 -5.000000e+000
    endloop
  endfacet
  facet normal  0.000000e+000  -0.000000e+000 -1.000000e+000
    outer loop
      vertex  3.260531e+001  1.204999e+001 -5.000000e+000
      vertex  3.304993e+001  2.070512e+001 -5.000000e+000
      vertex  3.334144e+001  2.023236e+001 -5.000000e+000
    endloop
  endfacet
  facet normal  0.000000e+000  -0.000000e+000 -1.000000e+000
    outer loop
      vertex  3.260531e+001  1.204999e+001 -5.000000e+000
      vertex  3.334144e+001  2.023236e+001 -5.000000e+000
      vertex  3.362618e+001  1.975550e+001 -5.000000e+000
    endloop
  endfacet
  facet normal  0.000000e+000  -0.000000e+000 -1.000000e+000
    outer loop
      vertex  3.260531e+001  1.204999e+001 -5.000000e+000
      vertex  3.362618e+001  1.975550e+001 -5.000000e+000
      vertex  3.390411e+001  1.927463e+001 -5.000000e+000
    endloop
  endfacet
  facet normal  0.000000e+000  -0.000000e+000 -1.000000e+000
    outer loop
      vertex  3.260531e+001  1.204999e+001 -5.000000e+000
      vertex  3.390411e+001  1.927463e+001 -5.000000e+000
      vertex  3.417516e+001  1.878985e+001 -5.000000e+000
    endloop
  endfacet
  facet normal  0.000000e+000  -0.000000e+000 -1.000000e+000
    outer loop
      vertex  3.260531e+001  1.204999e+001 -5.000000e+000
      vertex  3.417516e+001  1.878985e+001 -5.000000e+000
      vertex  3.443927e+001  1.830127e+001 -5.000000e+000
    endloop
  endfacet
  facet normal  0.000000e+000  -0.000000e+000 -1.000000e+000
    outer loop
      vertex  3.260531e+001  1.204999e+001 -5.000000e+000
      vertex  3.443927e+001  1.830127e+001 -5.000000e+000
      vertex  3.469641e+001  1.780897e+001 -5.000000e+000
    endloop
  endfacet
  facet normal  0.000000e+000  -0.000000e+000 -9.999999e-001
    outer loop
      vertex  3.260531e+001  1.204999e+001 -5.000000e+000
      vertex  3.469641e+001  1.780897e+001 -5.000000e+000
      vertex  3.494650e+001  1.731306e+001 -5.000000e+000
    endloop
  endfacet
  facet normal  0.000000e+000  -0.000000e+000 -1.000000e+000
    outer loop
      vertex  3.260531e+001  1.204999e+001 -5.000000e+000
      vertex  3.494650e+001  1.731306e+001 -5.000000e+000
      vertex  3.518951e+001  1.681363e+001 -5.000000e+000
    endloop
  endfacet
  facet normal  0.000000e+000  -0.000000e+000 -1.000000e+000
    outer loop
      vertex  3.260531e+001  1.204999e+001 -5.000000e+000
      vertex  3.518951e+001  1.681363e+001 -5.000000e+000
      vertex  3.542538e+001  1.631080e+001 -5.000000e+000
    endloop
  endfacet
  facet normal  0.000000e+000  -0.000000e+000 -1.000000e+000
    outer loop
      vertex  3.260531e+001  1.204999e+001 -5.000000e+000
      vertex  3.542538e+001  1.631080e+001 -5.000000e+000
      vertex  3.565407e+001  1.580466e+001 -5.000000e+000
    endloop
  endfacet
  facet normal  0.000000e+000  -0.000000e+000 -1.000000e+000
    outer loop
      vertex  3.260531e+001  1.204999e+001 -5.000000e+000
      vertex  3.565407e+001  1.580466e+001 -5.000000e+000
      vertex  3.587553e+001  1.529531e+001 -5.000000e+000
    endloop
  endfacet
  facet normal  0.000000e+000  -0.000000e+000 -1.000000e+000
    outer loop
      vertex  3.260531e+001  1.204999e+001 -5.000000e+000
      vertex  3.587553e+001  1.529531e+001 -5.000000e+000
      vertex  3.608971e+001  1.478286e+001 -5.000000e+000
    endloop
  endfacet
  facet normal  0.000000e+000  -0.000000e+000 -1.000000e+000
    outer loop
      vertex  3.260531e+001  1.204999e+001 -5.000000e+000
      vertex  3.608971e+001  1.478286e+001 -5.000000e+000
      vertex  3.629657e+001  1.426742e+001 -5.000000e+000
    endloop
  endfacet
  facet normal  0.000000e+000  -0.000000e+000 -1.000000e+000
    outer loop
      vertex  3.260531e+001  1.204999e+001 -5.000000e+000
      vertex  3.629657e+001  1.426742e+001 -5.000000e+000
      vertex  3.649607e+001  1.374907e+001 -5.000000e+000
    endloop
  endfacet
  facet normal  0.000000e+000  -0.000000e+000 -9.999999e-001
    outer loop
      vertex  3.260531e+001  1.204999e+001 -5.000000e+000
      vertex  3.649607e+001  1.374907e+001 -5.000000e+000
      vertex  3.668816e+001  1.322795e+001 -5.000000e+000
    endloop
  endfacet
  facet normal  0.000000e+000  -0.000000e+000 -1.000000e+000
    outer loop
      vertex  3.260531e+001  1.204999e+001 -5.000000e+000
      vertex  3.668816e+001  1.322795e+001 -5.000000e+000
      vertex  3.687282e+001  1.270413e+001 -5.000000e+000
    endloop
  endfacet
  facet normal  -0.000000e+000  0.000000e+000 -9.999999e-001
    outer loop
      vertex  3.244687e+001  2.163794e+001 -5.000000e+000
      vertex  3.247972e+001  1.204638e+001 -5.000000e+000
      vertex  3.235460e+001  1.203489e+001 -5.000000e+000
    endloop
  endfacet
  facet normal  -0.000000e+000  0.000000e+000 -1.000000e+000
    outer loop
      vertex  3.244687e+001  2.163794e+001 -5.000000e+000
      vertex  3.235460e+001  1.203489e+001 -5.000000e+000
      vertex  3.223045e+001  1.201556e+001 -5.000000e+000
    endloop
  endfacet
  facet normal  -0.000000e+000  0.000000e+000 -1.000000e+000
    outer loop
      vertex  3.244687e+001  2.163794e+001 -5.000000e+000
      vertex  3.223045e+001  1.201556e+001 -5.000000e+000
      vertex  3.210777e+001  1.198848e+001 -5.000000e+000
    endloop
  endfacet
  facet normal  -0.000000e+000  0.000000e+000 -1.000000e+000
    outer loop
      vertex  3.244687e+001  2.163794e+001 -5.000000e+000
      vertex  3.210777e+001  1.198848e+001 -5.000000e+000
      vertex  3.198702e+001  1.195375e+001 -5.000000e+000
    endloop
  endfacet
  facet normal  -0.000000e+000  0.000000e+000 -1.000000e+000
    outer loop
      vertex  3.244687e+001  2.163794e+001 -5.000000e+000
      vertex  3.198702e+001  1.195375e+001 -5.000000e+000
      vertex  3.186869e+001  1.191150e+001 -5.000000e+000
    endloop
  endfacet
  facet normal  -0.000000e+000  0.000000e+000 -1.000000e+000
    outer loop
      vertex  3.244687e+001  2.163794e+001 -5.000000e+000
      vertex  3.186869e+001  1.191150e+001 -5.000000e+000
      vertex  3.175325e+001  1.186191e+001 -5.000000e+000
    endloop
  endfacet
  facet normal  -0.000000e+000  0.000000e+000 -1.000000e+000
    outer loop
      vertex  3.244687e+001  2.163794e+001 -5.000000e+000
      vertex  3.175325e+001  1.186191e+001 -5.000000e+000
      vertex  3.164115e+001  1.180517e+001 -5.000000e+000
    endloop
  endfacet
  facet normal  -0.000000e+000  0.000000e+000 -1.000000e+000
    outer loop
      vertex  3.244687e+001  2.163794e+001 -5.000000e+000
      vertex  3.164115e+001  1.180517e+001 -5.000000e+000
      vertex  3.153283e+001  1.174150e+001 -5.000000e+000
    endloop
  endfacet
  facet normal  -0.000000e+000  0.000000e+000 -9.999999e-001
    outer loop
      vertex  3.244687e+001  2.163794e+001 -5.000000e+000
      vertex  3.153283e+001  1.174150e+001 -5.000000e+000
      vertex  3.142873e+001  1.167115e+001 -5.000000e+000
    endloop
  endfacet
  facet normal  -0.000000e+000  0.000000e+000 -1.000000e+000
    outer loop
      vertex  3.244687e+001  2.163794e+001 -5.000000e+000
      vertex  3.142873e+001  1.167115e+001 -5.000000e+000
      vertex  3.132925e+001  1.159441e+001 -5.000000e+000
    endloop
  endfacet
  facet normal  -0.000000e+000  0.000000e+000 -1.000000e+000
    outer loop
      vertex  3.244687e+001  2.163794e+001 -5.000000e+000
      vertex  3.132925e+001  1.159441e+001 -5.000000e+000
      vertex  3.123478e+001  1.151157e+001 -5.000000e+000
    endloop
  endfacet
  facet normal  -0.000000e+000  0.000000e+000 -1.000000e+000
    outer loop
      vertex  3.244687e+001  2.163794e+001 -5.000000e+000
      vertex  3.123478e+001  1.151157e+001 -5.000000e+000
      vertex  3.114570e+001  1.142296e+001 -5.000000e+000
    endloop
  endfacet
  facet normal  -0.000000e+000  0.000000e+000 -1.000000e+000
    outer loop
      vertex  3.244687e+001  2.163794e+001 -5.000000e+000
      vertex  3.114570e+001  1.142296e+001 -5.000000e+000
      vertex  3.106236e+001  1.132893e+001 -5.000000e+000
    endloop
  endfacet
  facet normal  -0.000000e+000  0.000000e+000 -9.999999e-001
    outer loop
      vertex  3.244687e+001  2.163794e+001 -5.000000e+000
      vertex  3.106236e+001  1.132893e+001 -5.000000e+000
      vertex  3.098509e+001  1.122986e+001 -5.000000e+000
    endloop
  endfacet
  facet normal  -0.000000e+000  0.000000e+000 -1.000000e+000
    outer loop
      vertex  3.244687e+001  2.163794e+001 -5.000000e+000
      vertex  3.098509e+001  1.122986e+001 -5.000000e+000
      vertex  3.091420e+001  1.112613e+001 -5.000000e+000
    endloop
  endfacet
  facet normal  -0.000000e+000  0.000000e+000 -1.000000e+000
    outer loop
      vertex  3.244687e+001  2.163794e+001 -5.000000e+000
      vertex  3.091420e+001  1.112613e+001 -5.000000e+000
      vertex  3.084995e+001  1.101816e+001 -5.000000e+000
    endloop
  endfacet
  facet normal  -0.000000e+000  0.000000e+000 -1.000000e+000
    outer loop
      vertex  3.244687e+001  2.163794e+001 -5.000000e+000
      vertex  3.084995e+001  1.101816e+001 -5.000000e+000
      vertex  3.079261e+001  1.090636e+001 -5.000000e+000
    endloop
  endfacet
  facet normal  -0.000000e+000  0.000000e+000 -1.000000e+000
    outer loop
      vertex  3.244687e+001  2.163794e+001 -5.000000e+000
      vertex  3.079261e+001  1.090636e+001 -5.000000e+000
      vertex  3.074241e+001  1.079118e+001 -5.000000e+000
    endloop
  endfacet
  facet normal  -0.000000e+000  0.000000e+000 -1.000000e+000
    outer loop
      vertex  3.244687e+001  2.163794e+001 -5.000000e+000
      vertex  3.074241e+001  1.079118e+001 -5.000000e+000
      vertex  3.069954e+001  1.067308e+001 -5.000000e+000
    endloop
  endfacet
  facet normal  -0.000000e+000  0.000000e+000 -1.000000e+000
    outer loop
      vertex  3.244687e+001  2.163794e+001 -5.000000e+000
      vertex  3.069954e+001  1.067308e+001 -5.000000e+000
      vertex  3.066416e+001  1.055252e+001 -5.000000e+000
    endloop
  endfacet
  facet normal  -0.000000e+000  0.000000e+000 -1.000000e+000
    outer loop
      vertex  3.244687e+001  2.163794e+001 -5.000000e+000
      vertex  3.066416e+001  1.055252e+001 -5.000000e+000
      vertex  3.063643e+001  1.042998e+001 -5.000000e+000
    endloop
  endfacet
  facet normal  0.000000e+000  0.000000e+000 -1.000000e+000
    outer loop
      vertex  3.244687e+001  2.163794e+001 -5.000000e+000
      vertex  3.063643e+001  1.042998e+001 -5.000000e+000
      vertex  3.213544e+001  2.209782e+001 -5.000000e+000
    endloop
  endfacet
  facet normal  0.000000e+000  -0.000000e+000 -1.000000e+000
    outer loop
      vertex -3.238245e+001 -4.029021e+001 -5.000000e+000
      vertex -3.099999e+001 -3.195531e+001 -5.000000e+000
      vertex -3.099571e+001 -3.208088e+001 -5.000000e+000
    endloop
  endfacet
  facet normal  0.000000e+000  -0.000000e+000 -1.000000e+000
    outer loop
      vertex -3.238245e+001 -4.029021e+001 -5.000000e+000
      vertex -3.099571e+001 -3.208088e+001 -5.000000e+000
      vertex -3.098356e+001 -3.220593e+001 -5.000000e+000
    endloop
  endfacet
  facet normal  0.000000e+000  -0.000000e+000 -1.000000e+000
    outer loop
      vertex -3.238245e+001 -4.029021e+001 -5.000000e+000
      vertex -3.098356e+001 -3.220593e+001 -5.000000e+000
      vertex -3.096357e+001 -3.232998e+001 -5.000000e+000
    endloop
  endfacet
  facet normal  0.000000e+000  -0.000000e+000 -1.000000e+000
    outer loop
      vertex -3.238245e+001 -4.029021e+001 -5.000000e+000
      vertex -3.096357e+001 -3.232998e+001 -5.000000e+000
      vertex -3.093584e+001 -3.245252e+001 -5.000000e+000
    endloop
  endfacet
  facet normal  0.000000e+000  -0.000000e+000 -1.000000e+000
    outer loop
      vertex -3.238245e+001 -4.029021e+001 -5.000000e+000
      vertex -3.093584e+001 -3.245252e+001 -5.000000e+000
      vertex -3.090047e+001 -3.257308e+001 -5.000000e+000
    endloop
  endfacet
  facet normal  0.000000e+000  -0.000000e+000 -1.000000e+000
    outer loop
      vertex -3.238245e+001 -4.029021e+001 -5.000000e+000
      vertex -3.090047e+001 -3.257308e+001 -5.000000e+000
      vertex -3.085759e+001 -3.269118e+001 -5.000000e+000
    endloop
  endfacet
  facet normal  0.000000e+000  -0.000000e+000 -1.000000e+000
    outer loop
      vertex -3.238245e+001 -4.029021e+001 -5.000000e+000
      vertex -3.085759e+001 -3.269118e+001 -5.000000e+000
      vertex -3.080739e+001 -3.280636e+001 -5.000000e+000
    endloop
  endfacet
  facet normal  0.000000e+000  -0.000000e+000 -1.000000e+000
    outer loop
      vertex -3.238245e+001 -4.029021e+001 -5.000000e+000
      vertex -3.080739e+001 -3.280636e+001 -5.000000e+000
      vertex -3.075005e+001 -3.291816e+001 -5.000000e+000
    endloop
  endfacet
  facet normal  0.000000e+000  -0.000000e+000 -1.000000e+000
    outer loop
      vertex -3.238245e+001 -4.029021e+001 -5.000000e+000
      vertex -3.075005e+001 -3.291816e+001 -5.000000e+000
      vertex -3.068580e+001 -3.302613e+001 -5.000000e+000
    endloop
  endfacet
  facet normal  0.000000e+000  -0.000000e+000 -1.000000e+000
    outer loop
      vertex -3.238245e+001 -4.029021e+001 -5.000000e+000
      vertex -3.068580e+001 -3.302613e+001 -5.000000e+000
      vertex -3.061491e+001 -3.312986e+001 -5.000000e+000
    endloop
  endfacet
  facet normal  0.000000e+000  -0.000000e+000 -1.000000e+000
    outer loop
      vertex -3.238245e+001 -4.029021e+001 -5.000000e+000
      vertex -3.061491e+001 -3.312986e+001 -5.000000e+000
      vertex -3.053764e+001 -3.322894e+001 -5.000000e+000
    endloop
  endfacet
  facet normal  0.000000e+000  -0.000000e+000 -1.000000e+000
    outer loop
      vertex -3.238245e+001 -4.029021e+001 -5.000000e+000
      vertex -3.053764e+001 -3.322894e+001 -5.000000e+000
      vertex -3.045430e+001 -3.332296e+001 -5.000000e+000
    endloop
  endfacet
  facet normal  0.000000e+000  -0.000000e+000 -1.000000e+000
    outer loop
      vertex -3.238245e+001 -4.029021e+001 -5.000000e+000
      vertex -3.045430e+001 -3.332296e+001 -5.000000e+000
      vertex -3.036522e+001 -3.341157e+001 -5.000000e+000
    endloop
  endfacet
  facet normal  0.000000e+000  -0.000000e+000 -1.000000e+000
    outer loop
      vertex -3.238245e+001 -4.029021e+001 -5.000000e+000
      vertex -3.036522e+001 -3.341157e+001 -5.000000e+000
      vertex -3.027075e+001 -3.349440e+001 -5.000000e+000
    endloop
  endfacet
  facet normal  0.000000e+000  -0.000000e+000 -1.000000e+000
    outer loop
      vertex -3.238245e+001 -4.029021e+001 -5.000000e+000
      vertex -3.027075e+001 -3.349440e+001 -5.000000e+000
      vertex -3.017127e+001 -3.357115e+001 -5.000000e+000
    endloop
  endfacet
  facet normal  0.000000e+000  -0.000000e+000 -1.000000e+000
    outer loop
      vertex -3.238245e+001 -4.029021e+001 -5.000000e+000
      vertex -3.017127e+001 -3.357115e+001 -5.000000e+000
      vertex -3.006717e+001 -3.364149e+001 -5.000000e+000
    endloop
  endfacet
  facet normal  0.000000e+000  -0.000000e+000 -1.000000e+000
    outer loop
      vertex -3.238245e+001 -4.029021e+001 -5.000000e+000
      vertex -3.006717e+001 -3.364149e+001 -5.000000e+000
      vertex -2.995885e+001 -3.370517e+001 -5.000000e+000
    endloop
  endfacet
  facet normal  0.000000e+000  -0.000000e+000 -9.999999e-001
    outer loop
      vertex -3.238245e+001 -4.029021e+001 -5.000000e+000
      vertex -2.995885e+001 -3.370517e+001 -5.000000e+000
      vertex -2.984675e+001 -3.376191e+001 -5.000000e+000
    endloop
  endfacet
  facet normal  0.000000e+000  -0.000000e+000 -1.000000e+000
    outer loop
      vertex -3.238245e+001 -4.029021e+001 -5.000000e+000
      vertex -2.984675e+001 -3.376191e+001 -5.000000e+000
      vertex -2.973131e+001 -3.381150e+001 -5.000000e+000
    endloop
  endfacet
  facet normal  0.000000e+000  -0.000000e+000 -1.000000e+000
    outer loop
      vertex -3.238245e+001 -4.029021e+001 -5.000000e+000
      vertex -2.973131e+001 -3.381150e+001 -5.000000e+000
      vertex -2.961298e+001 -3.385375e+001 -5.000000e+000
    endloop
  endfacet
  facet normal  0.000000e+000  -0.000000e+000 -1.000000e+000
    outer loop
      vertex -3.238245e+001 -4.029021e+001 -5.000000e+000
      vertex -2.961298e+001 -3.385375e+001 -5.000000e+000
      vertex -2.949224e+001 -3.388848e+001 -5.000000e+000
    endloop
  endfacet
  facet normal  0.000000e+000  -0.000000e+000 -1.000000e+000
    outer loop
      vertex -3.238245e+001 -4.029021e+001 -5.000000e+000
      vertex -2.949224e+001 -3.388848e+001 -5.000000e+000
      vertex -2.936954e+001 -3.391556e+001 -5.000000e+000
    endloop
  endfacet
  facet normal  0.000000e+000  -0.000000e+000 -9.999999e-001
    outer loop
      vertex -3.238245e+001 -4.029021e+001 -5.000000e+000
      vertex -2.936954e+001 -3.391556e+001 -5.000000e+000
      vertex -2.924540e+001 -3.393489e+001 -5.000000e+000
    endloop
  endfacet
  facet normal  0.000000e+000  -0.000000e+000 -1.000000e+000
    outer loop
      vertex -3.238245e+001 -4.029021e+001 -5.000000e+000
      vertex -2.924540e+001 -3.393489e+001 -5.000000e+000
      vertex -2.912028e+001 -3.394638e+001 -5.000000e+000
    endloop
  endfacet
  facet normal  0.000000e+000  -0.000000e+000 -1.000000e+000
    outer loop
      vertex -3.794016e+001  7.751826e+000 -5.000000e+000
      vertex -3.790652e+001  8.127419e+000 -5.000000e+000
      vertex -3.310252e+001  8.114161e+000 -5.000000e+000
    endloop
  endfacet
  facet normal  0.000000e+000  -0.000000e+000 -1.000000e+000
    outer loop
      vertex -3.794016e+001  7.751826e+000 -5.000000e+000
      vertex -3.310252e+001  8.114161e+000 -5.000000e+000
      vertex -3.297998e+001  8.086428e+000 -5.000000e+000
    endloop
  endfacet
  facet normal  0.000000e+000  -0.000000e+000 -1.000000e+000
    outer loop
      vertex -3.794016e+001  7.751826e+000 -5.000000e+000
      vertex -3.297998e+001  8.086428e+000 -5.000000e+000
      vertex -3.285593e+001  8.066443e+000 -5.000000e+000
    endloop
  endfacet
  facet normal  0.000000e+000  -0.000000e+000 -9.999999e-001
    outer loop
      vertex -3.794016e+001  7.751826e+000 -5.000000e+000
      vertex -3.285593e+001  8.066443e+000 -5.000000e+000
      vertex -3.273088e+001  8.054287e+000 -5.000000e+000
    endloop
  endfacet
  facet normal  0.000000e+000  -0.000000e+000 -9.999999e-001
    outer loop
      vertex -3.794016e+001  7.751826e+000 -5.000000e+000
      vertex -3.273088e+001  8.054287e+000 -5.000000e+000
      vertex -3.260531e+001  8.050007e+000 -5.000000e+000
    endloop
  endfacet
  facet normal  0.000000e+000  0.000000e+000 -1.000000e+000
    outer loop
      vertex -3.794016e+001  7.751826e+000 -5.000000e+000
      vertex -3.260531e+001  8.050007e+000 -5.000000e+000
      vertex -3.262811e+001 -4.018631e+001 -5.000000e+000
    endloop
  endfacet
  facet normal  0.000000e+000  0.000000e+000 -1.000000e+000
    outer loop
      vertex -3.794016e+001  7.751826e+000 -5.000000e+000
      vertex -3.262811e+001 -4.018631e+001 -5.000000e+000
      vertex -3.310966e+001 -3.995691e+001 -5.000000e+000
    endloop
  endfacet
  facet normal  0.000000e+000  0.000000e+000 -1.000000e+000
    outer loop
      vertex -3.794016e+001  7.751826e+000 -5.000000e+000
      vertex -3.310966e+001 -3.995691e+001 -5.000000e+000
      vertex -3.334513e+001 -3.983162e+001 -5.000000e+000
    endloop
  endfacet
  facet normal  0.000000e+000  0.000000e+000 -1.000000e+000
    outer loop
      vertex -3.794016e+001  7.751826e+000 -5.000000e+000
      vertex -3.334513e+001 -3.983162e+001 -5.000000e+000
      vertex -3.357678e+001 -3.969939e+001 -5.000000e+000
    endloop
  endfacet
  facet normal  0.000000e+000  0.000000e+000 -1.000000e+000
    outer loop
      vertex -3.794016e+001  7.751826e+000 -5.000000e+000
      vertex -3.357678e+001 -3.969939e+001 -5.000000e+000
      vertex -3.380441e+001 -3.956036e+001 -5.000000e+000
    endloop
  endfacet
  facet normal  0.000000e+000  0.000000e+000 -1.000000e+000
    outer loop
      vertex -3.794016e+001  7.751826e+000 -5.000000e+000
      vertex -3.380441e+001 -3.956036e+001 -5.000000e+000
      vertex -3.402782e+001 -3.941465e+001 -5.000000e+000
    endloop
  endfacet
  facet normal  0.000000e+000  0.000000e+000 -1.000000e+000
    outer loop
      vertex -3.794016e+001  7.751826e+000 -5.000000e+000
      vertex -3.402782e+001 -3.941465e+001 -5.000000e+000
      vertex -3.424681e+001 -3.926238e+001 -5.000000e+000
    endloop
  endfacet
  facet normal  0.000000e+000  0.000000e+000 -1.000000e+000
    outer loop
      vertex -3.794016e+001  7.751826e+000 -5.000000e+000
      vertex -3.424681e+001 -3.926238e+001 -5.000000e+000
      vertex -3.446120e+001 -3.910369e+001 -5.000000e+000
    endloop
  endfacet
  facet normal  0.000000e+000  0.000000e+000 -1.000000e+000
    outer loop
      vertex -3.794016e+001  7.751826e+000 -5.000000e+000
      vertex -3.446120e+001 -3.910369e+001 -5.000000e+000
      vertex -3.467079e+001 -3.893871e+001 -5.000000e+000
    endloop
  endfacet
  facet normal  0.000000e+000  0.000000e+000 -1.000000e+000
    outer loop
      vertex -3.794016e+001  7.751826e+000 -5.000000e+000
      vertex -3.467079e+001 -3.893871e+001 -5.000000e+000
      vertex -3.487540e+001 -3.876760e+001 -5.000000e+000
    endloop
  endfacet
  facet normal  0.000000e+000  0.000000e+000 -1.000000e+000
    outer loop
      vertex -3.794016e+001  7.751826e+000 -5.000000e+000
      vertex -3.487540e+001 -3.876760e+001 -5.000000e+000
      vertex -3.507485e+001 -3.859050e+001 -5.000000e+000
    endloop
  endfacet
  facet normal  0.000000e+000  0.000000e+000 -1.000000e+000
    outer loop
      vertex -3.794016e+001  7.751826e+000 -5.000000e+000
      vertex -3.507485e+001 -3.859050e+001 -5.000000e+000
      vertex -3.526896e+001 -3.840757e+001 -5.000000e+000
    endloop
  endfacet
  facet normal  0.000000e+000  0.000000e+000 -1.000000e+000
    outer loop
      vertex -3.794016e+001  7.751826e+000 -5.000000e+000
      vertex -3.526896e+001 -3.840757e+001 -5.000000e+000
      vertex -3.545757e+001 -3.821896e+001 -5.000000e+000
    endloop
  endfacet
  facet normal  0.000000e+000  0.000000e+000 -9.999999e-001
    outer loop
      vertex -3.794016e+001  7.751826e+000 -5.000000e+000
      vertex -3.545757e+001 -3.821896e+001 -5.000000e+000
      vertex -3.564050e+001 -3.802485e+001 -5.000000e+000
    endloop
  endfacet
  facet normal  0.000000e+000  0.000000e+000 -9.999999e-001
    outer loop
      vertex -3.794016e+001  7.751826e+000 -5.000000e+000
      vertex -3.564050e+001 -3.802485e+001 -5.000000e+000
      vertex -3.581760e+001 -3.782540e+001 -5.000000e+000
    endloop
  endfacet
  facet normal  0.000000e+000  0.000000e+000 -1.000000e+000
    outer loop
      vertex -3.794016e+001  7.751826e+000 -5.000000e+000
      vertex -3.581760e+001 -3.782540e+001 -5.000000e+000
      vertex -3.598872e+001 -3.762079e+001 -5.000000e+000
    endloop
  endfacet
  facet normal  0.000000e+000  0.000000e+000 -1.000000e+000
    outer loop
      vertex -3.794016e+001  7.751826e+000 -5.000000e+000
      vertex -3.598872e+001 -3.762079e+001 -5.000000e+000
      vertex -3.615369e+001 -3.741120e+001 -5.000000e+000
    endloop
  endfacet
  facet normal  0.000000e+000  0.000000e+000 -9.999999e-001
    outer loop
      vertex -3.794016e+001  7.751826e+000 -5.000000e+000
      vertex -3.615369e+001 -3.741120e+001 -5.000000e+000
      vertex -3.631238e+001 -3.719682e+001 -5.000000e+000
    endloop
  endfacet
  facet normal  0.000000e+000  0.000000e+000 -9.999999e-001
    outer loop
      vertex -3.794016e+001  7.751826e+000 -5.000000e+000
      vertex -3.631238e+001 -3.719682e+001 -5.000000e+000
      vertex -3.646465e+001 -3.697782e+001 -5.000000e+000
    endloop
  endfacet
  facet normal  0.000000e+000  0.000000e+000 -1.000000e+000
    outer loop
      vertex -3.794016e+001  7.751826e+000 -5.000000e+000
      vertex -3.646465e+001 -3.697782e+001 -5.000000e+000
      vertex -3.661036e+001 -3.675441e+001 -5.000000e+000
    endloop
  endfacet
  facet normal  0.000000e+000  0.000000e+000 -1.000000e+000
    outer loop
      vertex -3.794016e+001  7.751826e+000 -5.000000e+000
      vertex -3.661036e+001 -3.675441e+001 -5.000000e+000
      vertex -3.674939e+001 -3.652678e+001 -5.000000e+000
    endloop
  endfacet
  facet normal  0.000000e+000  0.000000e+000 -1.000000e+000
    outer loop
      vertex -3.794016e+001  7.751826e+000 -5.000000e+000
      vertex -3.674939e+001 -3.652678e+001 -5.000000e+000
      vertex -3.688161e+001 -3.629513e+001 -5.000000e+000
    endloop
  endfacet
  facet normal  0.000000e+000  0.000000e+000 -1.000000e+000
    outer loop
      vertex -3.794016e+001  7.751826e+000 -5.000000e+000
      vertex -3.688161e+001 -3.629513e+001 -5.000000e+000
      vertex -3.700691e+001 -3.605966e+001 -5.000000e+000
    endloop
  endfacet
  facet normal  0.000000e+000  0.000000e+000 -1.000000e+000
    outer loop
      vertex -3.794016e+001  7.751826e+000 -5.000000e+000
      vertex -3.700691e+001 -3.605966e+001 -5.000000e+000
      vertex -3.712518e+001 -3.582059e+001 -5.000000e+000
    endloop
  endfacet
  facet normal  0.000000e+000  0.000000e+000 -1.000000e+000
    outer loop
      vertex -3.794016e+001  7.751826e+000 -5.000000e+000
      vertex -3.712518e+001 -3.582059e+001 -5.000000e+000
      vertex -3.723631e+001 -3.557811e+001 -5.000000e+000
    endloop
  endfacet
  facet normal  0.000000e+000  0.000000e+000 -1.000000e+000
    outer loop
      vertex -3.794016e+001  7.751826e+000 -5.000000e+000
      vertex -3.723631e+001 -3.557811e+001 -5.000000e+000
      vertex -3.734021e+001 -3.533245e+001 -5.000000e+000
    endloop
  endfacet
  facet normal  0.000000e+000  0.000000e+000 -1.000000e+000
    outer loop
      vertex -3.794016e+001  7.751826e+000 -5.000000e+000
      vertex -3.734021e+001 -3.533245e+001 -5.000000e+000
      vertex -3.743678e+001 -3.508381e+001 -5.000000e+000
    endloop
  endfacet
  facet normal  0.000000e+000  0.000000e+000 -1.000000e+000
    outer loop
      vertex -3.794016e+001  7.751826e+000 -5.000000e+000
      vertex -3.743678e+001 -3.508381e+001 -5.000000e+000
      vertex -3.752594e+001 -3.483243e+001 -5.000000e+000
    endloop
  endfacet
  facet normal  0.000000e+000  0.000000e+000 -1.000000e+000
    outer loop
      vertex -3.794016e+001  7.751826e+000 -5.000000e+000
      vertex -3.752594e+001 -3.483243e+001 -5.000000e+000
      vertex -3.760761e+001 -3.457851e+001 -5.000000e+000
    endloop
  endfacet
  facet normal  0.000000e+000  0.000000e+000 -1.000000e+000
    outer loop
      vertex -3.794016e+001  7.751826e+000 -5.000000e+000
      vertex -3.760761e+001 -3.457851e+001 -5.000000e+000
      vertex -3.768172e+001 -3.432228e+001 -5.000000e+000
    endloop
  endfacet
  facet normal  0.000000e+000  0.000000e+000 -1.000000e+000
    outer loop
      vertex -3.794016e+001  7.751826e+000 -5.000000e+000
      vertex -3.768172e+001 -3.432228e+001 -5.000000e+000
      vertex -3.774821e+001 -3.406397e+001 -5.000000e+000
    endloop
  endfacet
  facet normal  0.000000e+000  0.000000e+000 -1.000000e+000
    outer loop
      vertex -3.794016e+001  7.751826e+000 -5.000000e+000
      vertex -3.774821e+001 -3.406397e+001 -5.000000e+000
      vertex -3.780701e+001 -3.380381e+001 -5.000000e+000
    endloop
  endfacet
  facet normal  0.000000e+000  0.000000e+000 -1.000000e+000
    outer loop
      vertex -3.794016e+001  7.751826e+000 -5.000000e+000
      vertex -3.780701e+001 -3.380381e+001 -5.000000e+000
      vertex -3.785807e+001 -3.354201e+001 -5.000000e+000
    endloop
  endfacet
  facet normal  0.000000e+000  0.000000e+000 -1.000000e+000
    outer loop
      vertex -3.794016e+001  7.751826e+000 -5.000000e+000
      vertex -3.785807e+001 -3.354201e+001 -5.000000e+000
      vertex -3.790136e+001 -3.327882e+001 -5.000000e+000
    endloop
  endfacet
  facet normal  0.000000e+000  0.000000e+000 -1.000000e+000
    outer loop
      vertex -3.794016e+001  7.751826e+000 -5.000000e+000
      vertex -3.790136e+001 -3.327882e+001 -5.000000e+000
      vertex -3.793683e+001 -3.301446e+001 -5.000000e+000
    endloop
  endfacet
  facet normal  -0.000000e+000  0.000000e+000 -1.000000e+000
    outer loop
      vertex -3.247972e+001  8.053620e+000 -5.000000e+000
      vertex -2.900531e+001 -2.995001e+001 -5.000000e+000
      vertex -2.913088e+001 -2.995429e+001 -5.000000e+000
    endloop
  endfacet
  facet normal  -0.000000e+000  0.000000e+000 -1.000000e+000
    outer loop
      vertex -3.247972e+001  8.053620e+000 -5.000000e+000
      vertex -2.913088e+001 -2.995429e+001 -5.000000e+000
      vertex -2.925593e+001 -2.996644e+001 -5.000000e+000
    endloop
  endfacet
  facet normal  -0.000000e+000  0.000000e+000 -1.000000e+000
    outer loop
      vertex -3.247972e+001  8.053620e+000 -5.000000e+000
      vertex -2.925593e+001 -2.996644e+001 -5.000000e+000
      vertex -2.937998e+001 -2.998643e+001 -5.000000e+000
    endloop
  endfacet
  facet normal  -0.000000e+000  0.000000e+000 -1.000000e+000
    outer loop
      vertex -3.247972e+001  8.053620e+000 -5.000000e+000
      vertex -2.937998e+001 -2.998643e+001 -5.000000e+000
      vertex -2.950252e+001 -3.001416e+001 -5.000000e+000
    endloop
  endfacet
  facet normal  -0.000000e+000  0.000000e+000 -1.000000e+000
    outer loop
      vertex -3.247972e+001  8.053620e+000 -5.000000e+000
      vertex -2.950252e+001 -3.001416e+001 -5.000000e+000
      vertex -2.962308e+001 -3.004953e+001 -5.000000e+000
    endloop
  endfacet
  facet normal  -0.000000e+000  0.000000e+000 -1.000000e+000
    outer loop
      vertex -3.247972e+001  8.053620e+000 -5.000000e+000
      vertex -2.962308e+001 -3.004953e+001 -5.000000e+000
      vertex -2.974118e+001 -3.009241e+001 -5.000000e+000
    endloop
  endfacet
  facet normal  -0.000000e+000  0.000000e+000 -9.999999e-001
    outer loop
      vertex -3.247972e+001  8.053620e+000 -5.000000e+000
      vertex -2.974118e+001 -3.009241e+001 -5.000000e+000
      vertex -2.985636e+001 -3.014261e+001 -5.000000e+000
    endloop
  endfacet
  facet normal  -0.000000e+000  0.000000e+000 -1.000000e+000
    outer loop
      vertex -3.247972e+001  8.053620e+000 -5.000000e+000
      vertex -2.985636e+001 -3.014261e+001 -5.000000e+000
      vertex -2.996816e+001 -3.019995e+001 -5.000000e+000
    endloop
  endfacet
  facet normal  -0.000000e+000  0.000000e+000 -1.000000e+000
    outer loop
      vertex -3.247972e+001  8.053620e+000 -5.000000e+000
      vertex -2.996816e+001 -3.019995e+001 -5.000000e+000
      vertex -3.007613e+001 -3.026419e+001 -5.000000e+000
    endloop
  endfacet
  facet normal  -0.000000e+000  0.000000e+000 -1.000000e+000
    outer loop
      vertex -3.247972e+001  8.053620e+000 -5.000000e+000
      vertex -3.007613e+001 -3.026419e+001 -5.000000e+000
      vertex -3.017986e+001 -3.033509e+001 -5.000000e+000
    endloop
  endfacet
  facet normal  -0.000000e+000  0.000000e+000 -1.000000e+000
    outer loop
      vertex -3.247972e+001  8.053620e+000 -5.000000e+000
      vertex -3.017986e+001 -3.033509e+001 -5.000000e+000
      vertex -3.027893e+001 -3.041236e+001 -5.000000e+000
    endloop
  endfacet
  facet normal  -0.000000e+000  0.000000e+000 -1.000000e+000
    outer loop
      vertex -3.247972e+001  8.053620e+000 -5.000000e+000
      vertex -3.027893e+001 -3.041236e+001 -5.000000e+000
      vertex -3.037296e+001 -3.049570e+001 -5.000000e+000
    endloop
  endfacet
  facet normal  -0.000000e+000  0.000000e+000 -1.000000e+000
    outer loop
      vertex -3.247972e+001  8.053620e+000 -5.000000e+000
      vertex -3.037296e+001 -3.049570e+001 -5.000000e+000
      vertex -3.046157e+001 -3.058478e+001 -5.000000e+000
    endloop
  endfacet
  facet normal  -0.000000e+000  0.000000e+000 -1.000000e+000
    outer loop
      vertex -3.247972e+001  8.053620e+000 -5.000000e+000
      vertex -3.046157e+001 -3.058478e+001 -5.000000e+000
      vertex -3.054440e+001 -3.067925e+001 -5.000000e+000
    endloop
  endfacet
  facet normal  -0.000000e+000  0.000000e+000 -9.999999e-001
    outer loop
      vertex -3.247972e+001  8.053620e+000 -5.000000e+000
      vertex -3.054440e+001 -3.067925e+001 -5.000000e+000
      vertex -3.062115e+001 -3.077873e+001 -5.000000e+000
    endloop
  endfacet
  facet normal  -0.000000e+000  0.000000e+000 -1.000000e+000
    outer loop
      vertex -3.247972e+001  8.053620e+000 -5.000000e+000
      vertex -3.062115e+001 -3.077873e+001 -5.000000e+000
      vertex -3.069150e+001 -3.088283e+001 -5.000000e+000
    endloop
  endfacet
  facet normal  -0.000000e+000  0.000000e+000 -1.000000e+000
    outer loop
      vertex -3.247972e+001  8.053620e+000 -5.000000e+000
      vertex -3.069150e+001 -3.088283e+001 -5.000000e+000
      vertex -3.075517e+001 -3.099115e+001 -5.000000e+000
    endloop
  endfacet
  facet normal  -0.000000e+000  0.000000e+000 -1.000000e+000
    outer loop
      vertex -3.247972e+001  8.053620e+000 -5.000000e+000
      vertex -3.075517e+001 -3.099115e+001 -5.000000e+000
      vertex -3.081191e+001 -3.110325e+001 -5.000000e+000
    endloop
  endfacet
  facet normal  -0.000000e+000  0.000000e+000 -1.000000e+000
    outer loop
      vertex -3.247972e+001  8.053620e+000 -5.000000e+000
      vertex -3.081191e+001 -3.110325e+001 -5.000000e+000
      vertex -3.086150e+001 -3.121869e+001 -5.000000e+000
    endloop
  endfacet
  facet normal  -0.000000e+000  0.000000e+000 -1.000000e+000
    outer loop
      vertex -3.247972e+001  8.053620e+000 -5.000000e+000
      vertex -3.086150e+001 -3.121869e+001 -5.000000e+000
      vertex -3.090375e+001 -3.133702e+001 -5.000000e+000
    endloop
  endfacet
  facet normal  -0.000000e+000  0.000000e+000 -1.000000e+000
    outer loop
      vertex -3.247972e+001  8.053620e+000 -5.000000e+000
      vertex -3.090375e+001 -3.133702e+001 -5.000000e+000
      vertex -3.093848e+001 -3.145777e+001 -5.000000e+000
    endloop
  endfacet
  facet normal  -0.000000e+000  0.000000e+000 -1.000000e+000
    outer loop
      vertex -3.247972e+001  8.053620e+000 -5.000000e+000
      vertex -3.093848e+001 -3.145777e+001 -5.000000e+000
      vertex -3.096556e+001 -3.158045e+001 -5.000000e+000
    endloop
  endfacet
  facet normal  -0.000000e+000  0.000000e+000 -1.000000e+000
    outer loop
      vertex -3.247972e+001  8.053620e+000 -5.000000e+000
      vertex -3.096556e+001 -3.158045e+001 -5.000000e+000
      vertex -3.098489e+001 -3.170460e+001 -5.000000e+000
    endloop
  endfacet
  facet normal  -0.000000e+000  0.000000e+000 -1.000000e+000
    outer loop
      vertex -3.247972e+001  8.053620e+000 -5.000000e+000
      vertex -3.098489e+001 -3.170460e+001 -5.000000e+000
      vertex -3.099638e+001 -3.182972e+001 -5.000000e+000
    endloop
  endfacet
  facet normal  -0.000000e+000  0.000000e+000 -1.000000e+000
    outer loop
      vertex -3.247972e+001  8.053620e+000 -5.000000e+000
      vertex -3.099638e+001 -3.182972e+001 -5.000000e+000
      vertex -3.099999e+001 -3.195531e+001 -5.000000e+000
    endloop
  endfacet
  facet normal  -0.000000e+000  0.000000e+000 -1.000000e+000
    outer loop
      vertex -3.247972e+001  8.053620e+000 -5.000000e+000
      vertex -3.099999e+001 -3.195531e+001 -5.000000e+000
      vertex -3.238245e+001 -4.029021e+001 -5.000000e+000
    endloop
  endfacet
  facet normal  0.000000e+000  0.000000e+000 -1.000000e+000
    outer loop
      vertex -3.247972e+001  8.053620e+000 -5.000000e+000
      vertex -3.238245e+001 -4.029021e+001 -5.000000e+000
      vertex -3.262811e+001 -4.018631e+001 -5.000000e+000
    endloop
  endfacet
  facet normal  0.000000e+000  0.000000e+000 -1.000000e+000
    outer loop
      vertex -3.247972e+001  8.053620e+000 -5.000000e+000
      vertex -3.262811e+001 -4.018631e+001 -5.000000e+000
      vertex -3.260531e+001  8.050007e+000 -5.000000e+000
    endloop
  endfacet
  facet normal  0.000000e+000  -0.000000e+000 -1.000000e+000
    outer loop
      vertex -3.705000e+001  1.217775e+001 -5.000000e+000
      vertex -3.687282e+001  1.270413e+001 -5.000000e+000
      vertex -3.668816e+001  1.322795e+001 -5.000000e+000
    endloop
  endfacet
  facet normal  0.000000e+000  -0.000000e+000 -1.000000e+000
    outer loop
      vertex -3.705000e+001  1.217775e+001 -5.000000e+000
      vertex -3.668816e+001  1.322795e+001 -5.000000e+000
      vertex -3.649607e+001  1.374907e+001 -5.000000e+000
    endloop
  endfacet
  facet normal  0.000000e+000  -0.000000e+000 -1.000000e+000
    outer loop
      vertex -3.705000e+001  1.217775e+001 -5.000000e+000
      vertex -3.649607e+001  1.374907e+001 -5.000000e+000
      vertex -3.629657e+001  1.426742e+001 -5.000000e+000
    endloop
  endfacet
  facet normal  0.000000e+000  -0.000000e+000 -9.999999e-001
    outer loop
      vertex -3.705000e+001  1.217775e+001 -5.000000e+000
      vertex -3.629657e+001  1.426742e+001 -5.000000e+000
      vertex -3.608971e+001  1.478286e+001 -5.000000e+000
    endloop
  endfacet
  facet normal  0.000000e+000  -0.000000e+000 -1.000000e+000
    outer loop
      vertex -3.705000e+001  1.217775e+001 -5.000000e+000
      vertex -3.608971e+001  1.478286e+001 -5.000000e+000
      vertex -3.587553e+001  1.529531e+001 -5.000000e+000
    endloop
  endfacet
  facet normal  0.000000e+000  -0.000000e+000 -1.000000e+000
    outer loop
      vertex -3.705000e+001  1.217775e+001 -5.000000e+000
      vertex -3.587553e+001  1.529531e+001 -5.000000e+000
      vertex -3.565407e+001  1.580466e+001 -5.000000e+000
    endloop
  endfacet
  facet normal  0.000000e+000  -0.000000e+000 -9.999999e-001
    outer loop
      vertex -3.705000e+001  1.217775e+001 -5.000000e+000
      vertex -3.565407e+001  1.580466e+001 -5.000000e+000
      vertex -3.542538e+001  1.631080e+001 -5.000000e+000
    endloop
  endfacet
  facet normal  0.000000e+000  -0.000000e+000 -1.000000e+000
    outer loop
      vertex -3.705000e+001  1.217775e+001 -5.000000e+000
      vertex -3.542538e+001  1.631080e+001 -5.000000e+000
      vertex -3.518951e+001  1.681363e+001 -5.000000e+000
    endloop
  endfacet
  facet normal  0.000000e+000  -0.000000e+000 -1.000000e+000
    outer loop
      vertex -3.705000e+001  1.217775e+001 -5.000000e+000
      vertex -3.518951e+001  1.681363e+001 -5.000000e+000
      vertex -3.494650e+001  1.731306e+001 -5.000000e+000
    endloop
  endfacet
  facet normal  0.000000e+000  -0.000000e+000 -1.000000e+000
    outer loop
      vertex -3.705000e+001  1.217775e+001 -5.000000e+000
      vertex -3.494650e+001  1.731306e+001 -5.000000e+000
      vertex -3.469641e+001  1.780897e+001 -5.000000e+000
    endloop
  endfacet
  facet normal  0.000000e+000  -0.000000e+000 -1.000000e+000
    outer loop
      vertex -3.705000e+001  1.217775e+001 -5.000000e+000
      vertex -3.469641e+001  1.780897e+001 -5.000000e+000
      vertex -3.443927e+001  1.830127e+001 -5.000000e+000
    endloop
  endfacet
  facet normal  0.000000e+000  -0.000000e+000 -1.000000e+000
    outer loop
      vertex -3.705000e+001  1.217775e+001 -5.000000e+000
      vertex -3.443927e+001  1.830127e+001 -5.000000e+000
      vertex -3.417516e+001  1.878985e+001 -5.000000e+000
    endloop
  endfacet
  facet normal  0.000000e+000  -0.000000e+000 -1.000000e+000
    outer loop
      vertex -3.705000e+001  1.217775e+001 -5.000000e+000
      vertex -3.417516e+001  1.878985e+001 -5.000000e+000
      vertex -3.390411e+001  1.927463e+001 -5.000000e+000
    endloop
  endfacet
  facet normal  0.000000e+000  -0.000000e+000 -1.000000e+000
    outer loop
      vertex -3.705000e+001  1.217775e+001 -5.000000e+000
      vertex -3.390411e+001  1.927463e+001 -5.000000e+000
      vertex -3.362618e+001  1.975550e+001 -5.000000e+000
    endloop
  endfacet
  facet normal  0.000000e+000  -0.000000e+000 -1.000000e+000
    outer loop
      vertex -3.705000e+001  1.217775e+001 -5.000000e+000
      vertex -3.362618e+001  1.975550e+001 -5.000000e+000
      vertex -3.334144e+001  2.023236e+001 -5.000000e+000
    endloop
  endfacet
  facet normal  0.000000e+000  -0.000000e+000 -1.000000e+000
    outer loop
      vertex -3.705000e+001  1.217775e+001 -5.000000e+000
      vertex -3.334144e+001  2.023236e+001 -5.000000e+000
      vertex -3.304993e+001  2.070512e+001 -5.000000e+000
    endloop
  endfacet
  facet normal  0.000000e+000  -0.000000e+000 -1.000000e+000
    outer loop
      vertex -3.705000e+001  1.217775e+001 -5.000000e+000
      vertex -3.304993e+001  2.070512e+001 -5.000000e+000
      vertex -3.275172e+001  2.117368e+001 -5.000000e+000
    endloop
  endfacet
  facet normal  0.000000e+000  -0.000000e+000 -1.000000e+000
    outer loop
      vertex -3.705000e+001  1.217775e+001 -5.000000e+000
      vertex -3.275172e+001  2.117368e+001 -5.000000e+000
      vertex -3.259469e+001  1.204999e+001 -5.000000e+000
    endloop
  endfacet
  facet normal  -0.000000e+000  0.000000e+000 -1.000000e+000
    outer loop
      vertex -3.705000e+001  1.217775e+001 -5.000000e+000
      vertex -3.259469e+001  1.204999e+001 -5.000000e+000
      vertex -3.272028e+001  1.204638e+001 -5.000000e+000
    endloop
  endfacet
  facet normal  -0.000000e+000  0.000000e+000 -1.000000e+000
    outer loop
      vertex -3.705000e+001  1.217775e+001 -5.000000e+000
      vertex -3.272028e+001  1.204638e+001 -5.000000e+000
      vertex -3.716419e+001  1.181835e+001 -5.000000e+000
    endloop
  endfacet
  facet normal  0.000000e+000  -0.000000e+000 -1.000000e+000
    outer loop
      vertex -3.244687e+001  2.163794e+001 -5.000000e+000
      vertex -3.213544e+001  2.209782e+001 -5.000000e+000
      vertex -3.063444e+001  1.041955e+001 -5.000000e+000
    endloop
  endfacet
  facet normal  0.000000e+000  0.000000e+000 -1.000000e+000
    outer loop
      vertex -3.244687e+001  2.163794e+001 -5.000000e+000
      vertex -3.063444e+001  1.041955e+001 -5.000000e+000
      vertex -3.066152e+001  1.054224e+001 -5.000000e+000
    endloop
  endfacet
  facet normal  0.000000e+000  0.000000e+000 -1.000000e+000
    outer loop
      vertex -3.244687e+001  2.163794e+001 -5.000000e+000
      vertex -3.066152e+001  1.054224e+001 -5.000000e+000
      vertex -3.069625e+001  1.066298e+001 -5.000000e+000
    endloop
  endfacet
  facet normal  0.000000e+000  0.000000e+000 -1.000000e+000
    outer loop
      vertex -3.244687e+001  2.163794e+001 -5.000000e+000
      vertex -3.069625e+001  1.066298e+001 -5.000000e+000
      vertex -3.073850e+001  1.078131e+001 -5.000000e+000
    endloop
  endfacet
  facet normal  0.000000e+000  0.000000e+000 -1.000000e+000
    outer loop
      vertex -3.244687e+001  2.163794e+001 -5.000000e+000
      vertex -3.073850e+001  1.078131e+001 -5.000000e+000
      vertex -3.078809e+001  1.089675e+001 -5.000000e+000
    endloop
  endfacet
  facet normal  0.000000e+000  0.000000e+000 -9.999999e-001
    outer loop
      vertex -3.244687e+001  2.163794e+001 -5.000000e+000
      vertex -3.078809e+001  1.089675e+001 -5.000000e+000
      vertex -3.084484e+001  1.100885e+001 -5.000000e+000
    endloop
  endfacet
  facet normal  0.000000e+000  0.000000e+000 -1.000000e+000
    outer loop
      vertex -3.244687e+001  2.163794e+001 -5.000000e+000
      vertex -3.084484e+001  1.100885e+001 -5.000000e+000
      vertex -3.090850e+001  1.111717e+001 -5.000000e+000
    endloop
  endfacet
  facet normal  0.000000e+000  0.000000e+000 -1.000000e+000
    outer loop
      vertex -3.244687e+001  2.163794e+001 -5.000000e+000
      vertex -3.090850e+001  1.111717e+001 -5.000000e+000
      vertex -3.097885e+001  1.122127e+001 -5.000000e+000
    endloop
  endfacet
  facet normal  0.000000e+000  0.000000e+000 -1.000000e+000
    outer loop
      vertex -3.244687e+001  2.163794e+001 -5.000000e+000
      vertex -3.097885e+001  1.122127e+001 -5.000000e+000
      vertex -3.105560e+001  1.132075e+001 -5.000000e+000
    endloop
  endfacet
  facet normal  0.000000e+000  0.000000e+000 -1.000000e+000
    outer loop
      vertex -3.244687e+001  2.163794e+001 -5.000000e+000
      vertex -3.105560e+001  1.132075e+001 -5.000000e+000
      vertex -3.113843e+001  1.141522e+001 -5.000000e+000
    endloop
  endfacet
  facet normal  0.000000e+000  0.000000e+000 -1.000000e+000
    outer loop
      vertex -3.244687e+001  2.163794e+001 -5.000000e+000
      vertex -3.113843e+001  1.141522e+001 -5.000000e+000
      vertex -3.122704e+001  1.150430e+001 -5.000000e+000
    endloop
  endfacet
  facet normal  0.000000e+000  0.000000e+000 -1.000000e+000
    outer loop
      vertex -3.244687e+001  2.163794e+001 -5.000000e+000
      vertex -3.122704e+001  1.150430e+001 -5.000000e+000
      vertex -3.132107e+001  1.158764e+001 -5.000000e+000
    endloop
  endfacet
  facet normal  0.000000e+000  0.000000e+000 -1.000000e+000
    outer loop
      vertex -3.244687e+001  2.163794e+001 -5.000000e+000
      vertex -3.132107e+001  1.158764e+001 -5.000000e+000
      vertex -3.142014e+001  1.166491e+001 -5.000000e+000
    endloop
  endfacet
  facet normal  0.000000e+000  0.000000e+000 -1.000000e+000
    outer loop
      vertex -3.244687e+001  2.163794e+001 -5.000000e+000
      vertex -3.142014e+001  1.166491e+001 -5.000000e+000
      vertex -3.152387e+001  1.173580e+001 -5.000000e+000
    endloop
  endfacet
  facet normal  0.000000e+000  0.000000e+000 -1.000000e+000
    outer loop
      vertex -3.244687e+001  2.163794e+001 -5.000000e+000
      vertex -3.152387e+001  1.173580e+001 -5.000000e+000
      vertex -3.163184e+001  1.180005e+001 -5.000000e+000
    endloop
  endfacet
  facet normal  0.000000e+000  0.000000e+000 -1.000000e+000
    outer loop
      vertex -3.244687e+001  2.163794e+001 -5.000000e+000
      vertex -3.163184e+001  1.180005e+001 -5.000000e+000
      vertex -3.174364e+001  1.185739e+001 -5.000000e+000
    endloop
  endfacet
  facet normal  0.000000e+000  0.000000e+000 -1.000000e+000
    outer loop
      vertex -3.244687e+001  2.163794e+001 -5.000000e+000
      vertex -3.174364e+001  1.185739e+001 -5.000000e+000
      vertex -3.185882e+001  1.190759e+001 -5.000000e+000
    endloop
  endfacet
  facet normal  0.000000e+000  0.000000e+000 -1.000000e+000
    outer loop
      vertex -3.244687e+001  2.163794e+001 -5.000000e+000
      vertex -3.185882e+001  1.190759e+001 -5.000000e+000
      vertex -3.197692e+001  1.195047e+001 -5.000000e+000
    endloop
  endfacet
  facet normal  0.000000e+000  0.000000e+000 -1.000000e+000
    outer loop
      vertex -3.244687e+001  2.163794e+001 -5.000000e+000
      vertex -3.197692e+001  1.195047e+001 -5.000000e+000
      vertex -3.209748e+001  1.198584e+001 -5.000000e+000
    endloop
  endfacet
  facet normal  0.000000e+000  0.000000e+000 -1.000000e+000
    outer loop
      vertex -3.244687e+001  2.163794e+001 -5.000000e+000
      vertex -3.209748e+001  1.198584e+001 -5.000000e+000
      vertex -3.222002e+001  1.201357e+001 -5.000000e+000
    endloop
  endfacet
  facet normal  0.000000e+000  0.000000e+000 -1.000000e+000
    outer loop
      vertex -3.244687e+001  2.163794e+001 -5.000000e+000
      vertex -3.222002e+001  1.201357e+001 -5.000000e+000
      vertex -3.234407e+001  1.203356e+001 -5.000000e+000
    endloop
  endfacet
  facet normal  0.000000e+000  0.000000e+000 -1.000000e+000
    outer loop
      vertex -3.244687e+001  2.163794e+001 -5.000000e+000
      vertex -3.234407e+001  1.203356e+001 -5.000000e+000
      vertex -3.246912e+001  1.204571e+001 -5.000000e+000
    endloop
  endfacet
  facet normal  0.000000e+000  0.000000e+000 -1.000000e+000
    outer loop
      vertex -3.244687e+001  2.163794e+001 -5.000000e+000
      vertex -3.246912e+001  1.204571e+001 -5.000000e+000
      vertex -3.275172e+001  2.117368e+001 -5.000000e+000
    endloop
  endfacet
  facet normal  0.000000e+000  -0.000000e+000 -1.000000e+000
    outer loop
      vertex -3.060429e+001  9.919120e+000 -5.000000e+000
      vertex -3.060001e+001  1.004469e+001 -5.000000e+000
      vertex -2.977662e+001  2.518636e+001 -5.000000e+000
    endloop
  endfacet
  facet normal  0.000000e+000  -0.000000e+000 -1.000000e+000
    outer loop
      vertex -3.060429e+001  9.919120e+000 -5.000000e+000
      vertex -2.977662e+001  2.518636e+001 -5.000000e+000
      vertex -2.941493e+001  2.560785e+001 -5.000000e+000
    endloop
  endfacet
  facet normal  0.000000e+000  -0.000000e+000 -1.000000e+000
    outer loop
      vertex -3.060429e+001  9.919120e+000 -5.000000e+000
      vertex -2.941493e+001  2.560785e+001 -5.000000e+000
      vertex -2.904727e+001  2.602415e+001 -5.000000e+000
    endloop
  endfacet
  facet normal  0.000000e+000  0.000000e+000 -1.000000e+000
    outer loop
      vertex -2.900531e+001 -2.995001e+001 -5.000000e+000
      vertex -3.247972e+001  8.053620e+000 -5.000000e+000
      vertex -3.235460e+001  8.065112e+000 -5.000000e+000
    endloop
  endfacet
  facet normal  0.000000e+000  0.000000e+000 -1.000000e+000
    outer loop
      vertex -2.900531e+001 -2.995001e+001 -5.000000e+000
      vertex -3.235460e+001  8.065112e+000 -5.000000e+000
      vertex -3.223045e+001  8.084437e+000 -5.000000e+000
    endloop
  endfacet
  facet normal  0.000000e+000  0.000000e+000 -1.000000e+000
    outer loop
      vertex -2.900531e+001 -2.995001e+001 -5.000000e+000
      vertex -3.223045e+001  8.084437e+000 -5.000000e+000
      vertex -3.210777e+001  8.111520e+000 -5.000000e+000
    endloop
  endfacet
  facet normal  0.000000e+000  0.000000e+000 -1.000000e+000
    outer loop
      vertex -2.900531e+001 -2.995001e+001 -5.000000e+000
      vertex -3.210777e+001  8.111520e+000 -5.000000e+000
      vertex -3.198702e+001  8.146253e+000 -5.000000e+000
    endloop
  endfacet
  facet normal  0.000000e+000  0.000000e+000 -1.000000e+000
    outer loop
      vertex -2.900531e+001 -2.995001e+001 -5.000000e+000
      vertex -3.198702e+001  8.146253e+000 -5.000000e+000
      vertex -3.186869e+001  8.188498e+000 -5.000000e+000
    endloop
  endfacet
  facet normal  0.000000e+000  0.000000e+000 -1.000000e+000
    outer loop
      vertex -2.900531e+001 -2.995001e+001 -5.000000e+000
      vertex -3.186869e+001  8.188498e+000 -5.000000e+000
      vertex -3.175325e+001  8.238091e+000 -5.000000e+000
    endloop
  endfacet
  facet normal  0.000000e+000  0.000000e+000 -1.000000e+000
    outer loop
      vertex -2.900531e+001 -2.995001e+001 -5.000000e+000
      vertex -3.175325e+001  8.238091e+000 -5.000000e+000
      vertex -3.164115e+001  8.294835e+000 -5.000000e+000
    endloop
  endfacet
  facet normal  0.000000e+000  0.000000e+000 -1.000000e+000
    outer loop
      vertex -2.900531e+001 -2.995001e+001 -5.000000e+000
      vertex -3.164115e+001  8.294835e+000 -5.000000e+000
      vertex -3.153283e+001  8.358505e+000 -5.000000e+000
    endloop
  endfacet
  facet normal  0.000000e+000  0.000000e+000 -1.000000e+000
    outer loop
      vertex -2.900531e+001 -2.995001e+001 -5.000000e+000
      vertex -3.153283e+001  8.358505e+000 -5.000000e+000
      vertex -3.142873e+001  8.428851e+000 -5.000000e+000
    endloop
  endfacet
  facet normal  0.000000e+000  0.000000e+000 -1.000000e+000
    outer loop
      vertex -2.900531e+001 -2.995001e+001 -5.000000e+000
      vertex -3.142873e+001  8.428851e+000 -5.000000e+000
      vertex -3.132925e+001  8.505594e+000 -5.000000e+000
    endloop
  endfacet
  facet normal  0.000000e+000  0.000000e+000 -1.000000e+000
    outer loop
      vertex -2.900531e+001 -2.995001e+001 -5.000000e+000
      vertex -3.132925e+001  8.505594e+000 -5.000000e+000
      vertex -3.123478e+001  8.588433e+000 -5.000000e+000
    endloop
  endfacet
  facet normal  0.000000e+000  0.000000e+000 -1.000000e+000
    outer loop
      vertex -2.900531e+001 -2.995001e+001 -5.000000e+000
      vertex -3.123478e+001  8.588433e+000 -5.000000e+000
      vertex -3.114570e+001  8.677040e+000 -5.000000e+000
    endloop
  endfacet
  facet normal  0.000000e+000  0.000000e+000 -1.000000e+000
    outer loop
      vertex -2.900531e+001 -2.995001e+001 -5.000000e+000
      vertex -3.114570e+001  8.677040e+000 -5.000000e+000
      vertex -3.106236e+001  8.771066e+000 -5.000000e+000
    endloop
  endfacet
  facet normal  0.000000e+000  0.000000e+000 -1.000000e+000
    outer loop
      vertex -2.900531e+001 -2.995001e+001 -5.000000e+000
      vertex -3.106236e+001  8.771066e+000 -5.000000e+000
      vertex -3.098509e+001  8.870138e+000 -5.000000e+000
    endloop
  endfacet
  facet normal  0.000000e+000  0.000000e+000 -1.000000e+000
    outer loop
      vertex -2.900531e+001 -2.995001e+001 -5.000000e+000
      vertex -3.098509e+001  8.870138e+000 -5.000000e+000
      vertex -3.091420e+001  8.973867e+000 -5.000000e+000
    endloop
  endfacet
  facet normal  0.000000e+000  0.000000e+000 -1.000000e+000
    outer loop
      vertex -2.900531e+001 -2.995001e+001 -5.000000e+000
      vertex -3.091420e+001  8.973867e+000 -5.000000e+000
      vertex -3.084995e+001  9.081843e+000 -5.000000e+000
    endloop
  endfacet
  facet normal  0.000000e+000  0.000000e+000 -1.000000e+000
    outer loop
      vertex -2.900531e+001 -2.995001e+001 -5.000000e+000
      vertex -3.084995e+001  9.081843e+000 -5.000000e+000
      vertex -3.079261e+001  9.193640e+000 -5.000000e+000
    endloop
  endfacet
  facet normal  0.000000e+000  0.000000e+000 -1.000000e+000
    outer loop
      vertex -2.900531e+001 -2.995001e+001 -5.000000e+000
      vertex -3.079261e+001  9.193640e+000 -5.000000e+000
      vertex -3.074241e+001  9.308817e+000 -5.000000e+000
    endloop
  endfacet
  facet normal  0.000000e+000  0.000000e+000 -1.000000e+000
    outer loop
      vertex -2.900531e+001 -2.995001e+001 -5.000000e+000
      vertex -3.074241e+001  9.308817e+000 -5.000000e+000
      vertex -3.069954e+001  9.426918e+000 -5.000000e+000
    endloop
  endfacet
  facet normal  0.000000e+000  0.000000e+000 -1.000000e+000
    outer loop
      vertex -2.900531e+001 -2.995001e+001 -5.000000e+000
      vertex -3.069954e+001  9.426918e+000 -5.000000e+000
      vertex -3.066416e+001  9.547479e+000 -5.000000e+000
    endloop
  endfacet
  facet normal  0.000000e+000  0.000000e+000 -1.000000e+000
    outer loop
      vertex -2.900531e+001 -2.995001e+001 -5.000000e+000
      vertex -3.066416e+001  9.547479e+000 -5.000000e+000
      vertex -3.063643e+001  9.670023e+000 -5.000000e+000
    endloop
  endfacet
  facet normal  0.000000e+000  0.000000e+000 -1.000000e+000
    outer loop
      vertex -2.900531e+001 -2.995001e+001 -5.000000e+000
      vertex -3.063643e+001  9.670023e+000 -5.000000e+000
      vertex -3.061644e+001  9.794066e+000 -5.000000e+000
    endloop
  endfacet
  facet normal  0.000000e+000  0.000000e+000 -1.000000e+000
    outer loop
      vertex -2.900531e+001 -2.995001e+001 -5.000000e+000
      vertex -3.061644e+001  9.794066e+000 -5.000000e+000
      vertex -3.060429e+001  9.919120e+000 -5.000000e+000
    endloop
  endfacet
  facet normal  0.000000e+000  0.000000e+000 -9.999999e-001
    outer loop
      vertex -2.900531e+001 -2.995001e+001 -5.000000e+000
      vertex -3.060429e+001  9.919120e+000 -5.000000e+000
      vertex -2.904727e+001  2.602415e+001 -5.000000e+000
    endloop
  endfacet
  facet normal  0.000000e+000  0.000000e+000 -1.000000e+000
    outer loop
      vertex -2.900531e+001 -2.995001e+001 -5.000000e+000
      vertex -2.904727e+001  2.602415e+001 -5.000000e+000
      vertex -2.887972e+001 -2.995362e+001 -5.000000e+000
    endloop
  endfacet
  facet normal  0.000000e+000  0.000000e+000 -1.000000e+000
    outer loop
      vertex -3.716419e+001  1.181835e+001 -5.000000e+000
      vertex -3.272028e+001  1.204638e+001 -5.000000e+000
      vertex -3.284540e+001  1.203489e+001 -5.000000e+000
    endloop
  endfacet
  facet normal  0.000000e+000  0.000000e+000 -1.000000e+000
    outer loop
      vertex -3.716419e+001  1.181835e+001 -5.000000e+000
      vertex -3.284540e+001  1.203489e+001 -5.000000e+000
      vertex -3.296955e+001  1.201556e+001 -5.000000e+000
    endloop
  endfacet
  facet normal  0.000000e+000  0.000000e+000 -1.000000e+000
    outer loop
      vertex -3.716419e+001  1.181835e+001 -5.000000e+000
      vertex -3.296955e+001  1.201556e+001 -5.000000e+000
      vertex -3.309224e+001  1.198848e+001 -5.000000e+000
    endloop
  endfacet
  facet normal  0.000000e+000  0.000000e+000 -9.999999e-001
    outer loop
      vertex -3.716419e+001  1.181835e+001 -5.000000e+000
      vertex -3.309224e+001  1.198848e+001 -5.000000e+000
      vertex -3.321298e+001  1.195375e+001 -5.000000e+000
    endloop
  endfacet
  facet normal  0.000000e+000  0.000000e+000 -1.000000e+000
    outer loop
      vertex -3.716419e+001  1.181835e+001 -5.000000e+000
      vertex -3.321298e+001  1.195375e+001 -5.000000e+000
      vertex -3.333131e+001  1.191150e+001 -5.000000e+000
    endloop
  endfacet
  facet normal  0.000000e+000  0.000000e+000 -1.000000e+000
    outer loop
      vertex -3.716419e+001  1.181835e+001 -5.000000e+000
      vertex -3.333131e+001  1.191150e+001 -5.000000e+000
      vertex -3.344675e+001  1.186191e+001 -5.000000e+000
    endloop
  endfacet
  facet normal  0.000000e+000  0.000000e+000 -9.999999e-001
    outer loop
      vertex -3.716419e+001  1.181835e+001 -5.000000e+000
      vertex -3.344675e+001  1.186191e+001 -5.000000e+000
      vertex -3.355885e+001  1.180517e+001 -5.000000e+000
    endloop
  endfacet
  facet normal  0.000000e+000  -0.000000e+000 -1.000000e+000
    outer loop
      vertex -3.727122e+001  1.145677e+001 -5.000000e+000
      vertex -3.716419e+001  1.181835e+001 -5.000000e+000
      vertex -3.355885e+001  1.180517e+001 -5.000000e+000
    endloop
  endfacet
  facet normal  0.000000e+000  0.000000e+000 -1.000000e+000
    outer loop
      vertex -3.727122e+001  1.145677e+001 -5.000000e+000
      vertex -3.355885e+001  1.180517e+001 -5.000000e+000
      vertex -3.366717e+001  1.174150e+001 -5.000000e+000
    endloop
  endfacet
  facet normal  0.000000e+000  0.000000e+000 -1.000000e+000
    outer loop
      vertex -3.727122e+001  1.145677e+001 -5.000000e+000
      vertex -3.366717e+001  1.174150e+001 -5.000000e+000
      vertex -3.377127e+001  1.167115e+001 -5.000000e+000
    endloop
  endfacet
  facet normal  0.000000e+000  0.000000e+000 -9.999999e-001
    outer loop
      vertex -3.727122e+001  1.145677e+001 -5.000000e+000
      vertex -3.377127e+001  1.167115e+001 -5.000000e+000
      vertex -3.387075e+001  1.159441e+001 -5.000000e+000
    endloop
  endfacet
  facet normal  0.000000e+000  0.000000e+000 -1.000000e+000
    outer loop
      vertex -3.727122e+001  1.145677e+001 -5.000000e+000
      vertex -3.387075e+001  1.159441e+001 -5.000000e+000
      vertex -3.396522e+001  1.151157e+001 -5.000000e+000
    endloop
  endfacet
  facet normal  0.000000e+000  0.000000e+000 -1.000000e+000
    outer loop
      vertex -3.727122e+001  1.145677e+001 -5.000000e+000
      vertex -3.396522e+001  1.151157e+001 -5.000000e+000
      vertex -3.405430e+001  1.142296e+001 -5.000000e+000
    endloop
  endfacet
  facet normal  0.000000e+000  -0.000000e+000 -1.000000e+000
    outer loop
      vertex -3.737106e+001  1.109312e+001 -5.000000e+000
      vertex -3.727122e+001  1.145677e+001 -5.000000e+000
      vertex -3.405430e+001  1.142296e+001 -5.000000e+000
    endloop
  endfacet
  facet normal  0.000000e+000  0.000000e+000 -9.999999e-001
    outer loop
      vertex -3.737106e+001  1.109312e+001 -5.000000e+000
      vertex -3.405430e+001  1.142296e+001 -5.000000e+000
      vertex -3.413764e+001  1.132893e+001 -5.000000e+000
    endloop
  endfacet
  facet normal  0.000000e+000  0.000000e+000 -9.999999e-001
    outer loop
      vertex -3.737106e+001  1.109312e+001 -5.000000e+000
      vertex -3.413764e+001  1.132893e+001 -5.000000e+000
      vertex -3.421491e+001  1.122986e+001 -5.000000e+000
    endloop
  endfacet
  facet normal  0.000000e+000  0.000000e+000 -1.000000e+000
    outer loop
      vertex -3.737106e+001  1.109312e+001 -5.000000e+000
      vertex -3.421491e+001  1.122986e+001 -5.000000e+000
      vertex -3.428580e+001  1.112613e+001 -5.000000e+000
    endloop
  endfacet
  facet normal  0.000000e+000  0.000000e+000 -1.000000e+000
    outer loop
      vertex -3.737106e+001  1.109312e+001 -5.000000e+000
      vertex -3.428580e+001  1.112613e+001 -5.000000e+000
      vertex -3.435005e+001  1.101816e+001 -5.000000e+000
    endloop
  endfacet
  facet normal  -0.000000e+000  0.000000e+000 -1.000000e+000
    outer loop
      vertex -3.737106e+001  1.109312e+001 -5.000000e+000
      vertex -3.435005e+001  1.101816e+001 -5.000000e+000
      vertex -3.746365e+001  1.072757e+001 -5.000000e+000
    endloop
  endfacet
  facet normal  0.000000e+000  -0.000000e+000 -1.000000e+000
    outer loop
      vertex -3.754898e+001  1.036026e+001 -5.000000e+000
      vertex -3.746365e+001  1.072757e+001 -5.000000e+000
      vertex -3.450047e+001  1.067308e+001 -5.000000e+000
    endloop
  endfacet
  facet normal  0.000000e+000  0.000000e+000 -1.000000e+000
    outer loop
      vertex -3.754898e+001  1.036026e+001 -5.000000e+000
      vertex -3.450047e+001  1.067308e+001 -5.000000e+000
      vertex -3.453584e+001  1.055252e+001 -5.000000e+000
    endloop
  endfacet
  facet normal  0.000000e+000  0.000000e+000 -1.000000e+000
    outer loop
      vertex -3.754898e+001  1.036026e+001 -5.000000e+000
      vertex -3.453584e+001  1.055252e+001 -5.000000e+000
      vertex -3.456357e+001  1.042998e+001 -5.000000e+000
    endloop
  endfacet
  facet normal  0.000000e+000  0.000000e+000 -1.000000e+000
    outer loop
      vertex -3.754898e+001  1.036026e+001 -5.000000e+000
      vertex -3.456357e+001  1.042998e+001 -5.000000e+000
      vertex -3.458356e+001  1.030593e+001 -5.000000e+000
    endloop
  endfacet
  facet normal  0.000000e+000  -0.000000e+000 -1.000000e+000
    outer loop
      vertex -3.762700e+001  9.991319e+000 -5.000000e+000
      vertex -3.754898e+001  1.036026e+001 -5.000000e+000
      vertex -3.458356e+001  1.030593e+001 -5.000000e+000
    endloop
  endfacet
  facet normal  0.000000e+000  0.000000e+000 -1.000000e+000
    outer loop
      vertex -3.762700e+001  9.991319e+000 -5.000000e+000
      vertex -3.458356e+001  1.030593e+001 -5.000000e+000
      vertex -3.459571e+001  1.018088e+001 -5.000000e+000
    endloop
  endfacet
  facet normal  0.000000e+000  0.000000e+000 -1.000000e+000
    outer loop
      vertex -3.762700e+001  9.991319e+000 -5.000000e+000
      vertex -3.459571e+001  1.018088e+001 -5.000000e+000
      vertex -3.459999e+001  1.005531e+001 -5.000000e+000
    endloop
  endfacet
  facet normal  0.000000e+000  -0.000000e+000 -1.000000e+000
    outer loop
      vertex -3.762700e+001  9.991319e+000 -5.000000e+000
      vertex -3.459999e+001  1.005531e+001 -5.000000e+000
      vertex -3.459638e+001  9.929719e+000 -5.000000e+000
    endloop
  endfacet
  facet normal  0.000000e+000  -0.000000e+000 -1.000000e+000
    outer loop
      vertex -3.769768e+001  9.620905e+000 -5.000000e+000
      vertex -3.762700e+001  9.991319e+000 -5.000000e+000
      vertex -3.459638e+001  9.929719e+000 -5.000000e+000
    endloop
  endfacet
  facet normal  0.000000e+000  -0.000000e+000 -1.000000e+000
    outer loop
      vertex -3.769768e+001  9.620905e+000 -5.000000e+000
      vertex -3.459638e+001  9.929719e+000 -5.000000e+000
      vertex -3.458489e+001  9.804603e+000 -5.000000e+000
    endloop
  endfacet
  facet normal  0.000000e+000  -0.000000e+000 -1.000000e+000
    outer loop
      vertex -3.769768e+001  9.620905e+000 -5.000000e+000
      vertex -3.458489e+001  9.804603e+000 -5.000000e+000
      vertex -3.456556e+001  9.680454e+000 -5.000000e+000
    endloop
  endfacet
  facet normal  0.000000e+000  -0.000000e+000 -1.000000e+000
    outer loop
      vertex -3.769768e+001  9.620905e+000 -5.000000e+000
      vertex -3.456556e+001  9.680454e+000 -5.000000e+000
      vertex -3.453848e+001  9.557765e+000 -5.000000e+000
    endloop
  endfacet
  facet normal  -0.000000e+000  0.000000e+000 -1.000000e+000
    outer loop
      vertex -3.769768e+001  9.620905e+000 -5.000000e+000
      vertex -3.453848e+001  9.557765e+000 -5.000000e+000
      vertex -3.776100e+001  9.249162e+000 -5.000000e+000
    endloop
  endfacet
  facet normal  0.000000e+000  -0.000000e+000 -1.000000e+000
    outer loop
      vertex -3.781692e+001  8.876235e+000 -5.000000e+000
      vertex -3.776100e+001  9.249162e+000 -5.000000e+000
      vertex -3.441191e+001  9.203249e+000 -5.000000e+000
    endloop
  endfacet
  facet normal  0.000000e+000  -0.000000e+000 -9.999999e-001
    outer loop
      vertex -3.781692e+001  8.876235e+000 -5.000000e+000
      vertex -3.441191e+001  9.203249e+000 -5.000000e+000
      vertex -3.435516e+001  9.091149e+000 -5.000000e+000
    endloop
  endfacet
  facet normal  0.000000e+000  -0.000000e+000 -1.000000e+000
    outer loop
      vertex -3.781692e+001  8.876235e+000 -5.000000e+000
      vertex -3.435516e+001  9.091149e+000 -5.000000e+000
      vertex -3.429150e+001  8.982833e+000 -5.000000e+000
    endloop
  endfacet
  facet normal  0.000000e+000  -0.000000e+000 -1.000000e+000
    outer loop
      vertex -3.781692e+001  8.876235e+000 -5.000000e+000
      vertex -3.429150e+001  8.982833e+000 -5.000000e+000
      vertex -3.422115e+001  8.878729e+000 -5.000000e+000
    endloop
  endfacet
  facet normal  0.000000e+000  -0.000000e+000 -1.000000e+000
    outer loop
      vertex -3.781692e+001  8.876235e+000 -5.000000e+000
      vertex -3.422115e+001  8.878729e+000 -5.000000e+000
      vertex -3.414441e+001  8.779247e+000 -5.000000e+000
    endloop
  endfacet
  facet normal  -0.000000e+000  0.000000e+000 -1.000000e+000
    outer loop
      vertex -3.781692e+001  8.876235e+000 -5.000000e+000
      vertex -3.414441e+001  8.779247e+000 -5.000000e+000
      vertex -3.786544e+001  8.502272e+000 -5.000000e+000
    endloop
  endfacet
  facet normal  0.000000e+000  -0.000000e+000 -9.999999e-001
    outer loop
      vertex -3.786544e+001  8.502272e+000 -5.000000e+000
      vertex -3.414441e+001  8.779247e+000 -5.000000e+000
      vertex -3.406157e+001  8.684781e+000 -5.000000e+000
    endloop
  endfacet
  facet normal  0.000000e+000  -0.000000e+000 -1.000000e+000
    outer loop
      vertex -3.786544e+001  8.502272e+000 -5.000000e+000
      vertex -3.406157e+001  8.684781e+000 -5.000000e+000
      vertex -3.397296e+001  8.595702e+000 -5.000000e+000
    endloop
  endfacet
  facet normal  0.000000e+000  -0.000000e+000 -1.000000e+000
    outer loop
      vertex -3.786544e+001  8.502272e+000 -5.000000e+000
      vertex -3.397296e+001  8.595702e+000 -5.000000e+000
      vertex -3.387893e+001  8.512363e+000 -5.000000e+000
    endloop
  endfacet
  facet normal  0.000000e+000  -0.000000e+000 -1.000000e+000
    outer loop
      vertex -3.786544e+001  8.502272e+000 -5.000000e+000
      vertex -3.387893e+001  8.512363e+000 -5.000000e+000
      vertex -3.377986e+001  8.435093e+000 -5.000000e+000
    endloop
  endfacet
  facet normal  -0.000000e+000  0.000000e+000 -1.000000e+000
    outer loop
      vertex -3.786544e+001  8.502272e+000 -5.000000e+000
      vertex -3.377986e+001  8.435093e+000 -5.000000e+000
      vertex -3.790652e+001  8.127419e+000 -5.000000e+000
    endloop
  endfacet
  facet normal  0.000000e+000  -0.000000e+000 -1.000000e+000
    outer loop
      vertex -3.790652e+001  8.127419e+000 -5.000000e+000
      vertex -3.377986e+001  8.435093e+000 -5.000000e+000
      vertex -3.367613e+001  8.364195e+000 -5.000000e+000
    endloop
  endfacet
  facet normal  0.000000e+000  -0.000000e+000 -1.000000e+000
    outer loop
      vertex -3.790652e+001  8.127419e+000 -5.000000e+000
      vertex -3.367613e+001  8.364195e+000 -5.000000e+000
      vertex -3.356816e+001  8.299951e+000 -5.000000e+000
    endloop
  endfacet
  facet normal  0.000000e+000  -0.000000e+000 -1.000000e+000
    outer loop
      vertex -3.790652e+001  8.127419e+000 -5.000000e+000
      vertex -3.356816e+001  8.299951e+000 -5.000000e+000
      vertex -3.345636e+001  8.242613e+000 -5.000000e+000
    endloop
  endfacet
  facet normal  0.000000e+000  -0.000000e+000 -1.000000e+000
    outer loop
      vertex -3.790652e+001  8.127419e+000 -5.000000e+000
      vertex -3.345636e+001  8.242613e+000 -5.000000e+000
      vertex -3.334118e+001  8.192409e+000 -5.000000e+000
    endloop
  endfacet
  facet normal  0.000000e+000  -0.000000e+000 -1.000000e+000
    outer loop
      vertex -3.790652e+001  8.127419e+000 -5.000000e+000
      vertex -3.334118e+001  8.192409e+000 -5.000000e+000
      vertex -3.322308e+001  8.149534e+000 -5.000000e+000
    endloop
  endfacet
  facet normal  0.000000e+000  -0.000000e+000 -1.000000e+000
    outer loop
      vertex -3.790652e+001  8.127419e+000 -5.000000e+000
      vertex -3.322308e+001  8.149534e+000 -5.000000e+000
      vertex -3.310252e+001  8.114161e+000 -5.000000e+000
    endloop
  endfacet
  facet normal  0.000000e+000  0.000000e+000 -1.000000e+000
    outer loop
      vertex -3.061511e+001  1.029540e+001 -5.000000e+000
      vertex -3.063444e+001  1.041955e+001 -5.000000e+000
      vertex -3.213544e+001  2.209782e+001 -5.000000e+000
    endloop
  endfacet
  facet normal  0.000000e+000  0.000000e+000 -1.000000e+000
    outer loop
      vertex -3.061511e+001  1.029540e+001 -5.000000e+000
      vertex -3.213544e+001  2.209782e+001 -5.000000e+000
      vertex -3.181749e+001  2.255322e+001 -5.000000e+000
    endloop
  endfacet
  facet normal  0.000000e+000  0.000000e+000 -1.000000e+000
    outer loop
      vertex -3.061511e+001  1.029540e+001 -5.000000e+000
      vertex -3.181749e+001  2.255322e+001 -5.000000e+000
      vertex -3.149308e+001  2.300404e+001 -5.000000e+000
    endloop
  endfacet
  facet normal  0.000000e+000  0.000000e+000 -1.000000e+000
    outer loop
      vertex -3.060362e+001  1.017028e+001 -5.000000e+000
      vertex -3.061511e+001  1.029540e+001 -5.000000e+000
      vertex -3.149308e+001  2.300404e+001 -5.000000e+000
    endloop
  endfacet
  facet normal  0.000000e+000  0.000000e+000 -1.000000e+000
    outer loop
      vertex -3.060362e+001  1.017028e+001 -5.000000e+000
      vertex -3.149308e+001  2.300404e+001 -5.000000e+000
      vertex -3.116229e+001  2.345019e+001 -5.000000e+000
    endloop
  endfacet
  facet normal  0.000000e+000  0.000000e+000 -1.000000e+000
    outer loop
      vertex -3.060362e+001  1.017028e+001 -5.000000e+000
      vertex -3.116229e+001  2.345019e+001 -5.000000e+000
      vertex -3.082518e+001  2.389159e+001 -5.000000e+000
    endloop
  endfacet
  facet normal  0.000000e+000  0.000000e+000 -1.000000e+000
    outer loop
      vertex -3.060362e+001  1.017028e+001 -5.000000e+000
      vertex -3.082518e+001  2.389159e+001 -5.000000e+000
      vertex -3.048182e+001  2.432814e+001 -5.000000e+000
    endloop
  endfacet
  facet normal  0.000000e+000  0.000000e+000 -1.000000e+000
    outer loop
      vertex -3.060362e+001  1.017028e+001 -5.000000e+000
      vertex -3.048182e+001  2.432814e+001 -5.000000e+000
      vertex -3.060001e+001  1.004469e+001 -5.000000e+000
    endloop
  endfacet
  facet normal  0.000000e+000  0.000000e+000 -1.000000e+000
    outer loop
      vertex  2.900000e+001 -4.095000e+001 -5.000000e+000
      vertex  3.238245e+001 -4.029021e+001 -5.000000e+000
      vertex  3.213382e+001 -4.038678e+001 -5.000000e+000
    endloop
  endfacet
  facet normal  0.000000e+000  0.000000e+000 -1.000000e+000
    outer loop
      vertex  2.900000e+001 -4.095000e+001 -5.000000e+000
      vertex  3.213382e+001 -4.038678e+001 -5.000000e+000
      vertex  3.188243e+001 -4.047594e+001 -5.000000e+000
    endloop
  endfacet
  facet normal  0.000000e+000  0.000000e+000 -9.999999e-001
    outer loop
      vertex  2.900000e+001 -4.095000e+001 -5.000000e+000
      vertex  3.188243e+001 -4.047594e+001 -5.000000e+000
      vertex  3.162851e+001 -4.055761e+001 -5.000000e+000
    endloop
  endfacet
  facet normal  0.000000e+000  0.000000e+000 -1.000000e+000
    outer loop
      vertex  2.900000e+001 -4.095000e+001 -5.000000e+000
      vertex  3.162851e+001 -4.055761e+001 -5.000000e+000
      vertex  3.137228e+001 -4.063172e+001 -5.000000e+000
    endloop
  endfacet
  facet normal  0.000000e+000  0.000000e+000 -1.000000e+000
    outer loop
      vertex  2.900000e+001 -4.095000e+001 -5.000000e+000
      vertex  3.137228e+001 -4.063172e+001 -5.000000e+000
      vertex  3.111397e+001 -4.069821e+001 -5.000000e+000
    endloop
  endfacet
  facet normal  0.000000e+000  0.000000e+000 -1.000000e+000
    outer loop
      vertex  2.900000e+001 -4.095000e+001 -5.000000e+000
      vertex  3.111397e+001 -4.069821e+001 -5.000000e+000
      vertex  3.085381e+001 -4.075701e+001 -5.000000e+000
    endloop
  endfacet
  facet normal  0.000000e+000  0.000000e+000 -9.999999e-001
    outer loop
      vertex  2.900000e+001 -4.095000e+001 -5.000000e+000
      vertex  3.085381e+001 -4.075701e+001 -5.000000e+000
      vertex  3.059201e+001 -4.080807e+001 -5.000000e+000
    endloop
  endfacet
  facet normal  0.000000e+000  0.000000e+000 -1.000000e+000
    outer loop
      vertex  2.900000e+001 -4.095000e+001 -5.000000e+000
      vertex  3.059201e+001 -4.080807e+001 -5.000000e+000
      vertex  3.032882e+001 -4.085136e+001 -5.000000e+000
    endloop
  endfacet
  facet normal  0.000000e+000  0.000000e+000 -1.000000e+000
    outer loop
      vertex  2.900000e+001 -4.095000e+001 -5.000000e+000
      vertex  3.032882e+001 -4.085136e+001 -5.000000e+000
      vertex  3.006446e+001 -4.088683e+001 -5.000000e+000
    endloop
  endfacet
  facet normal  0.000000e+000  0.000000e+000 -1.000000e+000
    outer loop
      vertex  2.900000e+001 -4.095000e+001 -5.000000e+000
      vertex  3.006446e+001 -4.088683e+001 -5.000000e+000
      vertex  2.979916e+001 -4.091445e+001 -5.000000e+000
    endloop
  endfacet
  facet normal  0.000000e+000  0.000000e+000 -1.000000e+000
    outer loop
      vertex  2.900000e+001 -4.095000e+001 -5.000000e+000
      vertex  2.979916e+001 -4.091445e+001 -5.000000e+000
      vertex  2.953316e+001 -4.093419e+001 -5.000000e+000
    endloop
  endfacet
  facet normal  0.000000e+000  0.000000e+000 -1.000000e+000
    outer loop
      vertex  2.900000e+001 -4.095000e+001 -5.000000e+000
      vertex  2.953316e+001 -4.093419e+001 -5.000000e+000
      vertex  2.926670e+001 -4.094605e+001 -5.000000e+000
    endloop
  endfacet
  facet normal  0.000000e+000  -0.000000e+000 -1.000000e+000
    outer loop
      vertex  3.061644e+001  1.030593e+001 -5.000000e+000
      vertex  3.149308e+001  2.300404e+001 -5.000000e+000
      vertex  3.181749e+001  2.255322e+001 -5.000000e+000
    endloop
  endfacet
  facet normal  0.000000e+000  -0.000000e+000 -1.000000e+000
    outer loop
      vertex  3.061644e+001  1.030593e+001 -5.000000e+000
      vertex  3.181749e+001  2.255322e+001 -5.000000e+000
      vertex  3.213544e+001  2.209782e+001 -5.000000e+000
    endloop
  endfacet
  facet normal  0.000000e+000  0.000000e+000 -1.000000e+000
    outer loop
      vertex  3.061644e+001  1.030593e+001 -5.000000e+000
      vertex  3.213544e+001  2.209782e+001 -5.000000e+000
      vertex  3.063643e+001  1.042998e+001 -5.000000e+000
    endloop
  endfacet
  facet normal  0.000000e+000  0.000000e+000 -1.000000e+000
    outer loop
      vertex  3.060429e+001  1.018088e+001 -5.000000e+000
      vertex  3.060001e+001  1.005531e+001 -5.000000e+000
      vertex  3.082518e+001  2.389159e+001 -5.000000e+000
    endloop
  endfacet
  facet normal  0.000000e+000  -0.000000e+000 -1.000000e+000
    outer loop
      vertex  3.060429e+001  1.018088e+001 -5.000000e+000
      vertex  3.082518e+001  2.389159e+001 -5.000000e+000
      vertex  3.116229e+001  2.345019e+001 -5.000000e+000
    endloop
  endfacet
  facet normal  0.000000e+000  -0.000000e+000 -1.000000e+000
    outer loop
      vertex  3.060429e+001  1.018088e+001 -5.000000e+000
      vertex  3.116229e+001  2.345019e+001 -5.000000e+000
      vertex  3.149308e+001  2.300404e+001 -5.000000e+000
    endloop
  endfacet
  facet normal  0.000000e+000  0.000000e+000 -1.000000e+000
    outer loop
      vertex  3.060429e+001  1.018088e+001 -5.000000e+000
      vertex  3.149308e+001  2.300404e+001 -5.000000e+000
      vertex  3.061644e+001  1.030593e+001 -5.000000e+000
    endloop
  endfacet
  facet normal  0.000000e+000  0.000000e+000 -1.000000e+000
    outer loop
      vertex  3.716419e+001  1.181835e+001 -5.000000e+000
      vertex  3.727122e+001  1.145677e+001 -5.000000e+000
      vertex  3.356816e+001  1.180005e+001 -5.000000e+000
    endloop
  endfacet
  facet normal  0.000000e+000  0.000000e+000 -1.000000e+000
    outer loop
      vertex  3.716419e+001  1.181835e+001 -5.000000e+000
      vertex  3.356816e+001  1.180005e+001 -5.000000e+000
      vertex  3.345636e+001  1.185739e+001 -5.000000e+000
    endloop
  endfacet
  facet normal  0.000000e+000  0.000000e+000 -1.000000e+000
    outer loop
      vertex  3.716419e+001  1.181835e+001 -5.000000e+000
      vertex  3.345636e+001  1.185739e+001 -5.000000e+000
      vertex  3.334118e+001  1.190759e+001 -5.000000e+000
    endloop
  endfacet
  facet normal  0.000000e+000  0.000000e+000 -9.999999e-001
    outer loop
      vertex  3.716419e+001  1.181835e+001 -5.000000e+000
      vertex  3.334118e+001  1.190759e+001 -5.000000e+000
      vertex  3.322308e+001  1.195047e+001 -5.000000e+000
    endloop
  endfacet
  facet normal  0.000000e+000  0.000000e+000 -1.000000e+000
    outer loop
      vertex  3.716419e+001  1.181835e+001 -5.000000e+000
      vertex  3.322308e+001  1.195047e+001 -5.000000e+000
      vertex  3.310252e+001  1.198584e+001 -5.000000e+000
    endloop
  endfacet
  facet normal  0.000000e+000  0.000000e+000 -1.000000e+000
    outer loop
      vertex  3.716419e+001  1.181835e+001 -5.000000e+000
      vertex  3.310252e+001  1.198584e+001 -5.000000e+000
      vertex  3.297998e+001  1.201357e+001 -5.000000e+000
    endloop
  endfacet
  facet normal  0.000000e+000  0.000000e+000 -9.999999e-001
    outer loop
      vertex  3.716419e+001  1.181835e+001 -5.000000e+000
      vertex  3.297998e+001  1.201357e+001 -5.000000e+000
      vertex  3.285593e+001  1.203356e+001 -5.000000e+000
    endloop
  endfacet
  facet normal  0.000000e+000  0.000000e+000 -1.000000e+000
    outer loop
      vertex  3.716419e+001  1.181835e+001 -5.000000e+000
      vertex  3.285593e+001  1.203356e+001 -5.000000e+000
      vertex  3.273088e+001  1.204571e+001 -5.000000e+000
    endloop
  endfacet
  facet normal  0.000000e+000  0.000000e+000 -1.000000e+000
    outer loop
      vertex  3.727122e+001  1.145677e+001 -5.000000e+000
      vertex  3.737106e+001  1.109312e+001 -5.000000e+000
      vertex  3.406157e+001  1.141522e+001 -5.000000e+000
    endloop
  endfacet
  facet normal  0.000000e+000  0.000000e+000 -1.000000e+000
    outer loop
      vertex  3.727122e+001  1.145677e+001 -5.000000e+000
      vertex  3.406157e+001  1.141522e+001 -5.000000e+000
      vertex  3.397296e+001  1.150430e+001 -5.000000e+000
    endloop
  endfacet
  facet normal  0.000000e+000  0.000000e+000 -1.000000e+000
    outer loop
      vertex  3.727122e+001  1.145677e+001 -5.000000e+000
      vertex  3.397296e+001  1.150430e+001 -5.000000e+000
      vertex  3.387893e+001  1.158764e+001 -5.000000e+000
    endloop
  endfacet
  facet normal  0.000000e+000  0.000000e+000 -1.000000e+000
    outer loop
      vertex  3.727122e+001  1.145677e+001 -5.000000e+000
      vertex  3.387893e+001  1.158764e+001 -5.000000e+000
      vertex  3.377986e+001  1.166491e+001 -5.000000e+000
    endloop
  endfacet
  facet normal  0.000000e+000  0.000000e+000 -9.999999e-001
    outer loop
      vertex  3.727122e+001  1.145677e+001 -5.000000e+000
      vertex  3.377986e+001  1.166491e+001 -5.000000e+000
      vertex  3.367613e+001  1.173580e+001 -5.000000e+000
    endloop
  endfacet
  facet normal  0.000000e+000  0.000000e+000 -9.999999e-001
    outer loop
      vertex  3.727122e+001  1.145677e+001 -5.000000e+000
      vertex  3.367613e+001  1.173580e+001 -5.000000e+000
      vertex  3.356816e+001  1.180005e+001 -5.000000e+000
    endloop
  endfacet
  facet normal  0.000000e+000  0.000000e+000 -1.000000e+000
    outer loop
      vertex  3.737106e+001  1.109312e+001 -5.000000e+000
      vertex  3.746365e+001  1.072757e+001 -5.000000e+000
      vertex  3.435516e+001  1.100885e+001 -5.000000e+000
    endloop
  endfacet
  facet normal  0.000000e+000  0.000000e+000 -1.000000e+000
    outer loop
      vertex  3.737106e+001  1.109312e+001 -5.000000e+000
      vertex  3.435516e+001  1.100885e+001 -5.000000e+000
      vertex  3.429150e+001  1.111717e+001 -5.000000e+000
    endloop
  endfacet
  facet normal  0.000000e+000  0.000000e+000 -9.999999e-001
    outer loop
      vertex  3.737106e+001  1.109312e+001 -5.000000e+000
      vertex  3.429150e+001  1.111717e+001 -5.000000e+000
      vertex  3.422115e+001  1.122127e+001 -5.000000e+000
    endloop
  endfacet
  facet normal  0.000000e+000  0.000000e+000 -1.000000e+000
    outer loop
      vertex  3.737106e+001  1.109312e+001 -5.000000e+000
      vertex  3.422115e+001  1.122127e+001 -5.000000e+000
      vertex  3.414441e+001  1.132075e+001 -5.000000e+000
    endloop
  endfacet
  facet normal  0.000000e+000  0.000000e+000 -1.000000e+000
    outer loop
      vertex  3.737106e+001  1.109312e+001 -5.000000e+000
      vertex  3.414441e+001  1.132075e+001 -5.000000e+000
      vertex  3.406157e+001  1.141522e+001 -5.000000e+000
    endloop
  endfacet
  facet normal  0.000000e+000  0.000000e+000 -1.000000e+000
    outer loop
      vertex  3.786544e+001  8.502272e+000 -5.000000e+000
      vertex  3.790652e+001  8.127419e+000 -5.000000e+000
      vertex  3.377127e+001  8.428851e+000 -5.000000e+000
    endloop
  endfacet
  facet normal  0.000000e+000  0.000000e+000 -1.000000e+000
    outer loop
      vertex  3.786544e+001  8.502272e+000 -5.000000e+000
      vertex  3.377127e+001  8.428851e+000 -5.000000e+000
      vertex  3.387075e+001  8.505594e+000 -5.000000e+000
    endloop
  endfacet
  facet normal  0.000000e+000  0.000000e+000 -1.000000e+000
    outer loop
      vertex  3.786544e+001  8.502272e+000 -5.000000e+000
      vertex  3.387075e+001  8.505594e+000 -5.000000e+000
      vertex  3.396522e+001  8.588433e+000 -5.000000e+000
    endloop
  endfacet
  facet normal  0.000000e+000  0.000000e+000 -1.000000e+000
    outer loop
      vertex  3.786544e+001  8.502272e+000 -5.000000e+000
      vertex  3.396522e+001  8.588433e+000 -5.000000e+000
      vertex  3.405430e+001  8.677040e+000 -5.000000e+000
    endloop
  endfacet
  facet normal  0.000000e+000  0.000000e+000 -1.000000e+000
    outer loop
      vertex  3.786544e+001  8.502272e+000 -5.000000e+000
      vertex  3.405430e+001  8.677040e+000 -5.000000e+000
      vertex  3.413764e+001  8.771066e+000 -5.000000e+000
    endloop
  endfacet
  facet normal  0.000000e+000  0.000000e+000 -1.000000e+000
    outer loop
      vertex  3.786544e+001  8.502272e+000 -5.000000e+000
      vertex  3.413764e+001  8.771066e+000 -5.000000e+000
      vertex  3.421491e+001  8.870138e+000 -5.000000e+000
    endloop
  endfacet
  facet normal  0.000000e+000  0.000000e+000 -1.000000e+000
    outer loop
      vertex  3.786544e+001  8.502272e+000 -5.000000e+000
      vertex  3.421491e+001  8.870138e+000 -5.000000e+000
      vertex  3.781692e+001  8.876235e+000 -5.000000e+000
    endloop
  endfacet
  facet normal  0.000000e+000  0.000000e+000 -1.000000e+000
    outer loop
      vertex  3.790652e+001  8.127419e+000 -5.000000e+000
      vertex  3.794016e+001  7.751826e+000 -5.000000e+000
      vertex  3.309224e+001  8.111520e+000 -5.000000e+000
    endloop
  endfacet
  facet normal  0.000000e+000  0.000000e+000 -9.999999e-001
    outer loop
      vertex  3.790652e+001  8.127419e+000 -5.000000e+000
      vertex  3.309224e+001  8.111520e+000 -5.000000e+000
      vertex  3.321298e+001  8.146253e+000 -5.000000e+000
    endloop
  endfacet
  facet normal  0.000000e+000  0.000000e+000 -1.000000e+000
    outer loop
      vertex  3.790652e+001  8.127419e+000 -5.000000e+000
      vertex  3.321298e+001  8.146253e+000 -5.000000e+000
      vertex  3.333131e+001  8.188498e+000 -5.000000e+000
    endloop
  endfacet
  facet normal  0.000000e+000  0.000000e+000 -1.000000e+000
    outer loop
      vertex  3.790652e+001  8.127419e+000 -5.000000e+000
      vertex  3.333131e+001  8.188498e+000 -5.000000e+000
      vertex  3.344675e+001  8.238091e+000 -5.000000e+000
    endloop
  endfacet
  facet normal  0.000000e+000  0.000000e+000 -1.000000e+000
    outer loop
      vertex  3.790652e+001  8.127419e+000 -5.000000e+000
      vertex  3.344675e+001  8.238091e+000 -5.000000e+000
      vertex  3.355885e+001  8.294835e+000 -5.000000e+000
    endloop
  endfacet
  facet normal  0.000000e+000  0.000000e+000 -1.000000e+000
    outer loop
      vertex  3.790652e+001  8.127419e+000 -5.000000e+000
      vertex  3.355885e+001  8.294835e+000 -5.000000e+000
      vertex  3.366717e+001  8.358505e+000 -5.000000e+000
    endloop
  endfacet
  facet normal  0.000000e+000  0.000000e+000 -1.000000e+000
    outer loop
      vertex  3.790652e+001  8.127419e+000 -5.000000e+000
      vertex  3.366717e+001  8.358505e+000 -5.000000e+000
      vertex  3.377127e+001  8.428851e+000 -5.000000e+000
    endloop
  endfacet
  facet normal  0.000000e+000  0.000000e+000 -9.999999e-001
    outer loop
      vertex  3.794016e+001  7.751826e+000 -5.000000e+000
      vertex  3.272028e+001  8.053620e+000 -5.000000e+000
      vertex  3.284540e+001  8.065112e+000 -5.000000e+000
    endloop
  endfacet
  facet normal  0.000000e+000  0.000000e+000 -1.000000e+000
    outer loop
      vertex  3.794016e+001  7.751826e+000 -5.000000e+000
      vertex  3.284540e+001  8.065112e+000 -5.000000e+000
      vertex  3.296955e+001  8.084437e+000 -5.000000e+000
    endloop
  endfacet
  facet normal  0.000000e+000  0.000000e+000 -1.000000e+000
    outer loop
      vertex  3.794016e+001  7.751826e+000 -5.000000e+000
      vertex  3.296955e+001  8.084437e+000 -5.000000e+000
      vertex  3.309224e+001  8.111520e+000 -5.000000e+000
    endloop
  endfacet
  facet normal  0.000000e+000  0.000000e+000 -1.000000e+000
    outer loop
      vertex  2.900531e+001 -3.394999e+001 -5.000000e+000
      vertex  2.900000e+001 -4.095000e+001 -5.000000e+000
      vertex  2.887972e+001 -3.394638e+001 -5.000000e+000
    endloop
  endfacet
  facet normal  0.000000e+000  -0.000000e+000 -1.000000e+000
    outer loop
      vertex  2.887972e+001 -3.394638e+001 -5.000000e+000
      vertex  2.900000e+001 -4.095000e+001 -5.000000e+000
      vertex -2.900000e+001 -4.095000e+001 -5.000000e+000
    endloop
  endfacet
  facet normal  0.000000e+000  0.000000e+000 -1.000000e+000
    outer loop
      vertex  2.887972e+001 -3.394638e+001 -5.000000e+000
      vertex -2.900000e+001 -4.095000e+001 -5.000000e+000
      vertex -2.886912e+001 -3.394571e+001 -5.000000e+000
    endloop
  endfacet
  facet normal  0.000000e+000  0.000000e+000 -1.000000e+000
    outer loop
      vertex -2.886912e+001 -3.394571e+001 -5.000000e+000
      vertex -2.900000e+001 -4.095000e+001 -5.000000e+000
      vertex -2.899469e+001 -3.394999e+001 -5.000000e+000
    endloop
  endfacet
  facet normal  0.000000e+000  0.000000e+000 -1.000000e+000
    outer loop
      vertex  3.272028e+001  8.053620e+000 -5.000000e+000
      vertex  3.310966e+001 -3.995691e+001 -5.000000e+000
      vertex  3.259469e+001  8.050007e+000 -5.000000e+000
    endloop
  endfacet
  facet normal  0.000000e+000  0.000000e+000 -9.999999e-001
    outer loop
      vertex  3.259469e+001  8.050007e+000 -5.000000e+000
      vertex  3.310966e+001 -3.995691e+001 -5.000000e+000
      vertex  3.262811e+001 -4.018631e+001 -5.000000e+000
    endloop
  endfacet
  facet normal  0.000000e+000  0.000000e+000 -1.000000e+000
    outer loop
      vertex  3.259469e+001  8.050007e+000 -5.000000e+000
      vertex  3.262811e+001 -4.018631e+001 -5.000000e+000
      vertex  3.098356e+001 -3.169407e+001 -5.000000e+000
    endloop
  endfacet
  facet normal  0.000000e+000  0.000000e+000 -1.000000e+000
    outer loop
      vertex  3.098356e+001 -3.169407e+001 -5.000000e+000
      vertex  3.262811e+001 -4.018631e+001 -5.000000e+000
      vertex  3.238245e+001 -4.029021e+001 -5.000000e+000
    endloop
  endfacet
  facet normal  0.000000e+000  0.000000e+000 -1.000000e+000
    outer loop
      vertex  3.800000e+001  6.244998e+000 -5.000000e+000
      vertex  3.800000e+001 -3.195000e+001 -5.000000e+000
      vertex  3.799626e+001  6.622076e+000 -5.000000e+000
    endloop
  endfacet
  facet normal  0.000000e+000  -0.000000e+000 -1.000000e+000
    outer loop
      vertex  3.799626e+001  6.622076e+000 -5.000000e+000
      vertex  3.800000e+001 -3.195000e+001 -5.000000e+000
      vertex  3.799605e+001 -3.221670e+001 -5.000000e+000
    endloop
  endfacet
  facet normal  0.000000e+000  0.000000e+000 -1.000000e+000
    outer loop
      vertex  3.799626e+001  6.622076e+000 -5.000000e+000
      vertex  3.799605e+001 -3.221670e+001 -5.000000e+000
      vertex  3.798503e+001  6.999006e+000 -5.000000e+000
    endloop
  endfacet
  facet normal  0.000000e+000  -0.000000e+000 -1.000000e+000
    outer loop
      vertex  3.798503e+001  6.999006e+000 -5.000000e+000
      vertex  3.799605e+001 -3.221670e+001 -5.000000e+000
      vertex  3.798419e+001 -3.248317e+001 -5.000000e+000
    endloop
  endfacet
  facet normal  0.000000e+000  0.000000e+000 -1.000000e+000
    outer loop
      vertex  3.798503e+001  6.999006e+000 -5.000000e+000
      vertex  3.798419e+001 -3.248317e+001 -5.000000e+000
      vertex  3.796633e+001  7.375638e+000 -5.000000e+000
    endloop
  endfacet
  facet normal  0.000000e+000  -0.000000e+000 -1.000000e+000
    outer loop
      vertex  3.796633e+001  7.375638e+000 -5.000000e+000
      vertex  3.798419e+001 -3.248317e+001 -5.000000e+000
      vertex  3.796445e+001 -3.274916e+001 -5.000000e+000
    endloop
  endfacet
  facet normal  0.000000e+000  0.000000e+000 -1.000000e+000
    outer loop
      vertex  3.796633e+001  7.375638e+000 -5.000000e+000
      vertex  3.796445e+001 -3.274916e+001 -5.000000e+000
      vertex  3.794016e+001  7.751826e+000 -5.000000e+000
    endloop
  endfacet
  facet normal  0.000000e+000  -0.000000e+000 -1.000000e+000
    outer loop
      vertex  3.794016e+001  7.751826e+000 -5.000000e+000
      vertex  3.796445e+001 -3.274916e+001 -5.000000e+000
      vertex  3.793683e+001 -3.301446e+001 -5.000000e+000
    endloop
  endfacet
  facet normal  0.000000e+000  0.000000e+000 -1.000000e+000
    outer loop
      vertex -3.794016e+001  7.751826e+000 -5.000000e+000
      vertex -3.793683e+001 -3.301446e+001 -5.000000e+000
      vertex -3.796633e+001  7.375638e+000 -5.000000e+000
    endloop
  endfacet
  facet normal  0.000000e+000  0.000000e+000 -1.000000e+000
    outer loop
      vertex -3.796633e+001  7.375638e+000 -5.000000e+000
      vertex -3.793683e+001 -3.301446e+001 -5.000000e+000
      vertex -3.796445e+001 -3.274916e+001 -5.000000e+000
    endloop
  endfacet
  facet normal  0.000000e+000  0.000000e+000 -1.000000e+000
    outer loop
      vertex -3.796633e+001  7.375638e+000 -5.000000e+000
      vertex -3.796445e+001 -3.274916e+001 -5.000000e+000
      vertex -3.798503e+001  6.999006e+000 -5.000000e+000
    endloop
  endfacet
  facet normal  0.000000e+000  0.000000e+000 -9.999999e-001
    outer loop
      vertex -3.798503e+001  6.999006e+000 -5.000000e+000
      vertex -3.796445e+001 -3.274916e+001 -5.000000e+000
      vertex -3.798419e+001 -3.248317e+001 -5.000000e+000
    endloop
  endfacet
  facet normal  0.000000e+000  0.000000e+000 -9.999999e-001
    outer loop
      vertex -3.798503e+001  6.999006e+000 -5.000000e+000
      vertex -3.798419e+001 -3.248317e+001 -5.000000e+000
      vertex -3.799626e+001  6.622076e+000 -5.000000e+000
    endloop
  endfacet
  facet normal  0.000000e+000  0.000000e+000 -1.000000e+000
    outer loop
      vertex -3.799626e+001  6.622076e+000 -5.000000e+000
      vertex -3.798419e+001 -3.248317e+001 -5.000000e+000
      vertex -3.799605e+001 -3.221670e+001 -5.000000e+000
    endloop
  endfacet
  facet normal  0.000000e+000  0.000000e+000 -1.000000e+000
    outer loop
      vertex -3.799626e+001  6.622076e+000 -5.000000e+000
      vertex -3.799605e+001 -3.221670e+001 -5.000000e+000
      vertex -3.800000e+001  6.244998e+000 -5.000000e+000
    endloop
  endfacet
  facet normal  0.000000e+000  0.000000e+000 -1.000000e+000
    outer loop
      vertex -3.800000e+001  6.244998e+000 -5.000000e+000
      vertex -3.799605e+001 -3.221670e+001 -5.000000e+000
      vertex -3.800000e+001 -3.195000e+001 -5.000000e+000
    endloop
  endfacet
  facet normal  0.000000e+000  0.000000e+000 -1.000000e+000
    outer loop
      vertex  2.899469e+001 -2.995001e+001 -5.000000e+000
      vertex  2.886912e+001 -2.995429e+001 -5.000000e+000
      vertex  2.867372e+001  2.643517e+001 -5.000000e+000
    endloop
  endfacet
  facet normal  0.000000e+000  -0.000000e+000 -1.000000e+000
    outer loop
      vertex  2.867372e+001  2.643517e+001 -5.000000e+000
      vertex  2.886912e+001 -2.995429e+001 -5.000000e+000
      vertex -2.887972e+001 -2.995362e+001 -5.000000e+000
    endloop
  endfacet
  facet normal  0.000000e+000  0.000000e+000 -1.000000e+000
    outer loop
      vertex  2.867372e+001  2.643517e+001 -5.000000e+000
      vertex -2.887972e+001 -2.995362e+001 -5.000000e+000
      vertex -2.867372e+001  2.643517e+001 -5.000000e+000
    endloop
  endfacet
  facet normal  0.000000e+000  0.000000e+000 -1.000000e+000
    outer loop
      vertex -2.867372e+001  2.643517e+001 -5.000000e+000
      vertex -2.887972e+001 -2.995362e+001 -5.000000e+000
      vertex -2.904727e+001  2.602415e+001 -5.000000e+000
    endloop
  endfacet
  facet normal  0.000000e+000  0.000000e+000 -9.999999e-001
    outer loop
      vertex  2.867372e+001  2.643517e+001 -5.000000e+000
      vertex -2.867372e+001  2.643517e+001 -5.000000e+000
      vertex  2.829435e+001  2.684082e+001 -5.000000e+000
    endloop
  endfacet
  facet normal  -0.000000e+000  0.000000e+000 -1.000000e+000
    outer loop
      vertex  2.829435e+001  2.684082e+001 -5.000000e+000
      vertex -2.867372e+001  2.643517e+001 -5.000000e+000
      vertex -2.829435e+001  2.684082e+001 -5.000000e+000
    endloop
  endfacet
  facet normal  0.000000e+000  0.000000e+000 -1.000000e+000
    outer loop
      vertex  2.829435e+001  2.684082e+001 -5.000000e+000
      vertex -2.829435e+001  2.684082e+001 -5.000000e+000
      vertex  2.790925e+001  2.724104e+001 -5.000000e+000
    endloop
  endfacet
  facet normal  -0.000000e+000  0.000000e+000 -1.000000e+000
    outer loop
      vertex  2.790925e+001  2.724104e+001 -5.000000e+000
      vertex -2.829435e+001  2.684082e+001 -5.000000e+000
      vertex -2.790924e+001  2.724104e+001 -5.000000e+000
    endloop
  endfacet
  facet normal  0.000000e+000  0.000000e+000 -1.000000e+000
    outer loop
      vertex  2.790925e+001  2.724104e+001 -5.000000e+000
      vertex -2.790924e+001  2.724104e+001 -5.000000e+000
      vertex  2.751848e+001  2.763573e+001 -5.000000e+000
    endloop
  endfacet
  facet normal  -0.000000e+000  0.000000e+000 -1.000000e+000
    outer loop
      vertex  2.751848e+001  2.763573e+001 -5.000000e+000
      vertex -2.790924e+001  2.724104e+001 -5.000000e+000
      vertex -2.751848e+001  2.763573e+001 -5.000000e+000
    endloop
  endfacet
  facet normal  0.000000e+000  0.000000e+000 -1.000000e+000
    outer loop
      vertex  2.751848e+001  2.763573e+001 -5.000000e+000
      vertex -2.751848e+001  2.763573e+001 -5.000000e+000
      vertex  2.712213e+001  2.802481e+001 -5.000000e+000
    endloop
  endfacet
  facet normal  -0.000000e+000  0.000000e+000 -1.000000e+000
    outer loop
      vertex  2.712213e+001  2.802481e+001 -5.000000e+000
      vertex -2.751848e+001  2.763573e+001 -5.000000e+000
      vertex -2.712213e+001  2.802481e+001 -5.000000e+000
    endloop
  endfacet
  facet normal  0.000000e+000  0.000000e+000 -1.000000e+000
    outer loop
      vertex  2.712213e+001  2.802481e+001 -5.000000e+000
      vertex -2.712213e+001  2.802481e+001 -5.000000e+000
      vertex  2.672029e+001  2.840821e+001 -5.000000e+000
    endloop
  endfacet
  facet normal  -0.000000e+000  0.000000e+000 -1.000000e+000
    outer loop
      vertex  2.672029e+001  2.840821e+001 -5.000000e+000
      vertex -2.712213e+001  2.802481e+001 -5.000000e+000
      vertex -2.672029e+001  2.840821e+001 -5.000000e+000
    endloop
  endfacet
  facet normal  0.000000e+000  0.000000e+000 -1.000000e+000
    outer loop
      vertex  2.672029e+001  2.840821e+001 -5.000000e+000
      vertex -2.672029e+001  2.840821e+001 -5.000000e+000
      vertex  2.631302e+001  2.878585e+001 -5.000000e+000
    endloop
  endfacet
  facet normal  -0.000000e+000  0.000000e+000 -1.000000e+000
    outer loop
      vertex  2.631302e+001  2.878585e+001 -5.000000e+000
      vertex -2.672029e+001  2.840821e+001 -5.000000e+000
      vertex -2.631302e+001  2.878585e+001 -5.000000e+000
    endloop
  endfacet
  facet normal  0.000000e+000  0.000000e+000 -1.000000e+000
    outer loop
      vertex  2.631302e+001  2.878585e+001 -5.000000e+000
      vertex -2.631302e+001  2.878585e+001 -5.000000e+000
      vertex  2.590042e+001  2.915765e+001 -5.000000e+000
    endloop
  endfacet
  facet normal  -0.000000e+000  0.000000e+000 -1.000000e+000
    outer loop
      vertex  2.590042e+001  2.915765e+001 -5.000000e+000
      vertex -2.631302e+001  2.878585e+001 -5.000000e+000
      vertex -2.590042e+001  2.915765e+001 -5.000000e+000
    endloop
  endfacet
  facet normal  0.000000e+000  0.000000e+000 -1.000000e+000
    outer loop
      vertex  2.590042e+001  2.915765e+001 -5.000000e+000
      vertex -2.590042e+001  2.915765e+001 -5.000000e+000
      vertex  2.548256e+001  2.952353e+001 -5.000000e+000
    endloop
  endfacet
  facet normal  -0.000000e+000  0.000000e+000 -1.000000e+000
    outer loop
      vertex  2.548256e+001  2.952353e+001 -5.000000e+000
      vertex -2.590042e+001  2.915765e+001 -5.000000e+000
      vertex -2.548256e+001  2.952353e+001 -5.000000e+000
    endloop
  endfacet
  facet normal  0.000000e+000  0.000000e+000 -1.000000e+000
    outer loop
      vertex  2.548256e+001  2.952353e+001 -5.000000e+000
      vertex -2.548256e+001  2.952353e+001 -5.000000e+000
      vertex  2.505954e+001  2.988343e+001 -5.000000e+000
    endloop
  endfacet
  facet normal  -0.000000e+000  0.000000e+000 -1.000000e+000
    outer loop
      vertex  2.505954e+001  2.988343e+001 -5.000000e+000
      vertex -2.548256e+001  2.952353e+001 -5.000000e+000
      vertex -2.505954e+001  2.988343e+001 -5.000000e+000
    endloop
  endfacet
  facet normal  0.000000e+000  0.000000e+000 -1.000000e+000
    outer loop
      vertex  2.505954e+001  2.988343e+001 -5.000000e+000
      vertex -2.505954e+001  2.988343e+001 -5.000000e+000
      vertex  2.463143e+001  3.023727e+001 -5.000000e+000
    endloop
  endfacet
  facet normal  -0.000000e+000  0.000000e+000 -1.000000e+000
    outer loop
      vertex  2.463143e+001  3.023727e+001 -5.000000e+000
      vertex -2.505954e+001  2.988343e+001 -5.000000e+000
      vertex -2.463143e+001  3.023727e+001 -5.000000e+000
    endloop
  endfacet
  facet normal  0.000000e+000  0.000000e+000 -1.000000e+000
    outer loop
      vertex  2.463143e+001  3.023727e+001 -5.000000e+000
      vertex -2.463143e+001  3.023727e+001 -5.000000e+000
      vertex  2.419833e+001  3.058498e+001 -5.000000e+000
    endloop
  endfacet
  facet normal  -0.000000e+000  0.000000e+000 -1.000000e+000
    outer loop
      vertex  2.419833e+001  3.058498e+001 -5.000000e+000
      vertex -2.463143e+001  3.023727e+001 -5.000000e+000
      vertex -2.419833e+001  3.058498e+001 -5.000000e+000
    endloop
  endfacet
  facet normal  0.000000e+000  0.000000e+000 -1.000000e+000
    outer loop
      vertex  2.419833e+001  3.058498e+001 -5.000000e+000
      vertex -2.419833e+001  3.058498e+001 -5.000000e+000
      vertex  2.376032e+001  3.092648e+001 -5.000000e+000
    endloop
  endfacet
  facet normal  -0.000000e+000  0.000000e+000 -1.000000e+000
    outer loop
      vertex  2.376032e+001  3.092648e+001 -5.000000e+000
      vertex -2.419833e+001  3.058498e+001 -5.000000e+000
      vertex -2.376032e+001  3.092648e+001 -5.000000e+000
    endloop
  endfacet
  facet normal  0.000000e+000  0.000000e+000 -9.999999e-001
    outer loop
      vertex  2.376032e+001  3.092648e+001 -5.000000e+000
      vertex -2.376032e+001  3.092648e+001 -5.000000e+000
      vertex  2.331749e+001  3.126171e+001 -5.000000e+000
    endloop
  endfacet
  facet normal  -0.000000e+000  0.000000e+000 -1.000000e+000
    outer loop
      vertex  2.331749e+001  3.126171e+001 -5.000000e+000
      vertex -2.376032e+001  3.092648e+001 -5.000000e+000
      vertex -2.331749e+001  3.126171e+001 -5.000000e+000
    endloop
  endfacet
  facet normal  0.000000e+000  0.000000e+000 -1.000000e+000
    outer loop
      vertex  2.331749e+001  3.126171e+001 -5.000000e+000
      vertex -2.331749e+001  3.126171e+001 -5.000000e+000
      vertex  2.286994e+001  3.159060e+001 -5.000000e+000
    endloop
  endfacet
  facet normal  -0.000000e+000  0.000000e+000 -1.000000e+000
    outer loop
      vertex  2.286994e+001  3.159060e+001 -5.000000e+000
      vertex -2.331749e+001  3.126171e+001 -5.000000e+000
      vertex -2.286994e+001  3.159060e+001 -5.000000e+000
    endloop
  endfacet
  facet normal  0.000000e+000  0.000000e+000 -1.000000e+000
    outer loop
      vertex  2.286994e+001  3.159060e+001 -5.000000e+000
      vertex -2.286994e+001  3.159060e+001 -5.000000e+000
      vertex  2.241774e+001  3.191308e+001 -5.000000e+000
    endloop
  endfacet
  facet normal  -0.000000e+000  0.000000e+000 -1.000000e+000
    outer loop
      vertex  2.241774e+001  3.191308e+001 -5.000000e+000
      vertex -2.286994e+001  3.159060e+001 -5.000000e+000
      vertex -2.241774e+001  3.191308e+001 -5.000000e+000
    endloop
  endfacet
  facet normal  0.000000e+000  0.000000e+000 -1.000000e+000
    outer loop
      vertex  2.241774e+001  3.191308e+001 -5.000000e+000
      vertex -2.241774e+001  3.191308e+001 -5.000000e+000
      vertex  2.196100e+001  3.222910e+001 -5.000000e+000
    endloop
  endfacet
  facet normal  -0.000000e+000  0.000000e+000 -1.000000e+000
    outer loop
      vertex  2.196100e+001  3.222910e+001 -5.000000e+000
      vertex -2.241774e+001  3.191308e+001 -5.000000e+000
      vertex -2.196100e+001  3.222910e+001 -5.000000e+000
    endloop
  endfacet
  facet normal  0.000000e+000  0.000000e+000 -1.000000e+000
    outer loop
      vertex  2.196100e+001  3.222910e+001 -5.000000e+000
      vertex -2.196100e+001  3.222910e+001 -5.000000e+000
      vertex  2.149980e+001  3.253857e+001 -5.000000e+000
    endloop
  endfacet
  facet normal  -0.000000e+000  0.000000e+000 -1.000000e+000
    outer loop
      vertex  2.149980e+001  3.253857e+001 -5.000000e+000
      vertex -2.196100e+001  3.222910e+001 -5.000000e+000
      vertex -2.149980e+001  3.253857e+001 -5.000000e+000
    endloop
  endfacet
  facet normal  0.000000e+000  0.000000e+000 -9.999999e-001
    outer loop
      vertex  2.149980e+001  3.253857e+001 -5.000000e+000
      vertex -2.149980e+001  3.253857e+001 -5.000000e+000
      vertex  2.103424e+001  3.284145e+001 -5.000000e+000
    endloop
  endfacet
  facet normal  -0.000000e+000  0.000000e+000 -1.000000e+000
    outer loop
      vertex  2.103424e+001  3.284145e+001 -5.000000e+000
      vertex -2.149980e+001  3.253857e+001 -5.000000e+000
      vertex -2.103424e+001  3.284145e+001 -5.000000e+000
    endloop
  endfacet
  facet normal  0.000000e+000  0.000000e+000 -1.000000e+000
    outer loop
      vertex  2.103424e+001  3.284145e+001 -5.000000e+000
      vertex -2.103424e+001  3.284145e+001 -5.000000e+000
      vertex  2.056442e+001  3.313766e+001 -5.000000e+000
    endloop
  endfacet
  facet normal  -0.000000e+000  0.000000e+000 -9.999999e-001
    outer loop
      vertex  2.056442e+001  3.313766e+001 -5.000000e+000
      vertex -2.103424e+001  3.284145e+001 -5.000000e+000
      vertex -2.056442e+001  3.313766e+001 -5.000000e+000
    endloop
  endfacet
  facet normal  0.000000e+000  0.000000e+000 -1.000000e+000
    outer loop
      vertex  2.056442e+001  3.313766e+001 -5.000000e+000
      vertex -2.056442e+001  3.313766e+001 -5.000000e+000
      vertex  2.009043e+001  3.342715e+001 -5.000000e+000
    endloop
  endfacet
  facet normal  -0.000000e+000  0.000000e+000 -1.000000e+000
    outer loop
      vertex  2.009043e+001  3.342715e+001 -5.000000e+000
      vertex -2.056442e+001  3.313766e+001 -5.000000e+000
      vertex -2.009043e+001  3.342715e+001 -5.000000e+000
    endloop
  endfacet
  facet normal  0.000000e+000  0.000000e+000 -1.000000e+000
    outer loop
      vertex  2.009043e+001  3.342715e+001 -5.000000e+000
      vertex -2.009043e+001  3.342715e+001 -5.000000e+000
      vertex  1.961236e+001  3.370987e+001 -5.000000e+000
    endloop
  endfacet
  facet normal  -0.000000e+000  0.000000e+000 -9.999999e-001
    outer loop
      vertex  1.961236e+001  3.370987e+001 -5.000000e+000
      vertex -2.009043e+001  3.342715e+001 -5.000000e+000
      vertex -1.961236e+001  3.370987e+001 -5.000000e+000
    endloop
  endfacet
  facet normal  0.000000e+000  0.000000e+000 -1.000000e+000
    outer loop
      vertex  1.961236e+001  3.370987e+001 -5.000000e+000
      vertex -1.961236e+001  3.370987e+001 -5.000000e+000
      vertex  1.913032e+001  3.398575e+001 -5.000000e+000
    endloop
  endfacet
  facet normal  -0.000000e+000  0.000000e+000 -1.000000e+000
    outer loop
      vertex  1.913032e+001  3.398575e+001 -5.000000e+000
      vertex -1.961236e+001  3.370987e+001 -5.000000e+000
      vertex -1.913032e+001  3.398575e+001 -5.000000e+000
    endloop
  endfacet
  facet normal  0.000000e+000  0.000000e+000 -1.000000e+000
    outer loop
      vertex  1.913032e+001  3.398575e+001 -5.000000e+000
      vertex -1.913032e+001  3.398575e+001 -5.000000e+000
      vertex  1.864439e+001  3.425473e+001 -5.000000e+000
    endloop
  endfacet
  facet normal  -0.000000e+000  0.000000e+000 -1.000000e+000
    outer loop
      vertex  1.864439e+001  3.425473e+001 -5.000000e+000
      vertex -1.913032e+001  3.398575e+001 -5.000000e+000
      vertex -1.864439e+001  3.425473e+001 -5.000000e+000
    endloop
  endfacet
  facet normal  0.000000e+000  0.000000e+000 -9.999999e-001
    outer loop
      vertex  1.864439e+001  3.425473e+001 -5.000000e+000
      vertex -1.864439e+001  3.425473e+001 -5.000000e+000
      vertex  1.815468e+001  3.451677e+001 -5.000000e+000
    endloop
  endfacet
  facet normal  -0.000000e+000  0.000000e+000 -1.000000e+000
    outer loop
      vertex  1.815468e+001  3.451677e+001 -5.000000e+000
      vertex -1.864439e+001  3.425473e+001 -5.000000e+000
      vertex -1.815468e+001  3.451677e+001 -5.000000e+000
    endloop
  endfacet
  facet normal  0.000000e+000  0.000000e+000 -1.000000e+000
    outer loop
      vertex  1.815468e+001  3.451677e+001 -5.000000e+000
      vertex -1.815468e+001  3.451677e+001 -5.000000e+000
      vertex  1.766129e+001  3.477181e+001 -5.000000e+000
    endloop
  endfacet
  facet normal  -0.000000e+000  0.000000e+000 -1.000000e+000
    outer loop
      vertex  1.766129e+001  3.477181e+001 -5.000000e+000
      vertex -1.815468e+001  3.451677e+001 -5.000000e+000
      vertex -1.766129e+001  3.477181e+001 -5.000000e+000
    endloop
  endfacet
  facet normal  0.000000e+000  0.000000e+000 -1.000000e+000
    outer loop
      vertex  1.766129e+001  3.477181e+001 -5.000000e+000
      vertex -1.766129e+001  3.477181e+001 -5.000000e+000
      vertex  1.716432e+001  3.501979e+001 -5.000000e+000
    endloop
  endfacet
  facet normal  -0.000000e+000  0.000000e+000 -1.000000e+000
    outer loop
      vertex  1.716432e+001  3.501979e+001 -5.000000e+000
      vertex -1.766129e+001  3.477181e+001 -5.000000e+000
      vertex -1.716432e+001  3.501979e+001 -5.000000e+000
    endloop
  endfacet
  facet normal  0.000000e+000  0.000000e+000 -1.000000e+000
    outer loop
      vertex  1.716432e+001  3.501979e+001 -5.000000e+000
      vertex -1.716432e+001  3.501979e+001 -5.000000e+000
      vertex  1.666387e+001  3.526068e+001 -5.000000e+000
    endloop
  endfacet
  facet normal  -0.000000e+000  0.000000e+000 -1.000000e+000
    outer loop
      vertex  1.666387e+001  3.526068e+001 -5.000000e+000
      vertex -1.716432e+001  3.501979e+001 -5.000000e+000
      vertex -1.666387e+001  3.526068e+001 -5.000000e+000
    endloop
  endfacet
  facet normal  0.000000e+000  0.000000e+000 -1.000000e+000
    outer loop
      vertex  1.666387e+001  3.526068e+001 -5.000000e+000
      vertex -1.666387e+001  3.526068e+001 -5.000000e+000
      vertex  1.616004e+001  3.549441e+001 -5.000000e+000
    endloop
  endfacet
  facet normal  -0.000000e+000  0.000000e+000 -1.000000e+000
    outer loop
      vertex  1.616004e+001  3.549441e+001 -5.000000e+000
      vertex -1.666387e+001  3.526068e+001 -5.000000e+000
      vertex -1.616004e+001  3.549441e+001 -5.000000e+000
    endloop
  endfacet
  facet normal  0.000000e+000  0.000000e+000 -1.000000e+000
    outer loop
      vertex  1.616004e+001  3.549441e+001 -5.000000e+000
      vertex -1.616004e+001  3.549441e+001 -5.000000e+000
      vertex  1.565293e+001  3.572094e+001 -5.000000e+000
    endloop
  endfacet
  facet normal  -0.000000e+000  0.000000e+000 -1.000000e+000
    outer loop
      vertex  1.565293e+001  3.572094e+001 -5.000000e+000
      vertex -1.616004e+001  3.549441e+001 -5.000000e+000
      vertex -1.565293e+001  3.572094e+001 -5.000000e+000
    endloop
  endfacet
  facet normal  0.000000e+000  0.000000e+000 -9.999999e-001
    outer loop
      vertex  1.565293e+001  3.572094e+001 -5.000000e+000
      vertex -1.565293e+001  3.572094e+001 -5.000000e+000
      vertex  1.514265e+001  3.594023e+001 -5.000000e+000
    endloop
  endfacet
  facet normal  -0.000000e+000  0.000000e+000 -1.000000e+000
    outer loop
      vertex  1.514265e+001  3.594023e+001 -5.000000e+000
      vertex -1.565293e+001  3.572094e+001 -5.000000e+000
      vertex -1.514265e+001  3.594023e+001 -5.000000e+000
    endloop
  endfacet
  facet normal  0.000000e+000  0.000000e+000 -1.000000e+000
    outer loop
      vertex  1.514265e+001  3.594023e+001 -5.000000e+000
      vertex -1.514265e+001  3.594023e+001 -5.000000e+000
      vertex  1.462929e+001  3.615223e+001 -5.000000e+000
    endloop
  endfacet
  facet normal  -0.000000e+000  0.000000e+000 -9.999999e-001
    outer loop
      vertex  1.462929e+001  3.615223e+001 -5.000000e+000
      vertex -1.514265e+001  3.594023e+001 -5.000000e+000
      vertex -1.462929e+001  3.615223e+001 -5.000000e+000
    endloop
  endfacet
  facet normal  0.000000e+000  0.000000e+000 -1.000000e+000
    outer loop
      vertex  1.462929e+001  3.615223e+001 -5.000000e+000
      vertex -1.462929e+001  3.615223e+001 -5.000000e+000
      vertex  1.411297e+001  3.635690e+001 -5.000000e+000
    endloop
  endfacet
  facet normal  -0.000000e+000  0.000000e+000 -1.000000e+000
    outer loop
      vertex  1.411297e+001  3.635690e+001 -5.000000e+000
      vertex -1.462929e+001  3.615223e+001 -5.000000e+000
      vertex -1.411297e+001  3.635690e+001 -5.000000e+000
    endloop
  endfacet
  facet normal  0.000000e+000  0.000000e+000 -1.000000e+000
    outer loop
      vertex  1.411297e+001  3.635690e+001 -5.000000e+000
      vertex -1.411297e+001  3.635690e+001 -5.000000e+000
      vertex  1.359379e+001  3.655419e+001 -5.000000e+000
    endloop
  endfacet
  facet normal  -0.000000e+000  0.000000e+000 -1.000000e+000
    outer loop
      vertex  1.359379e+001  3.655419e+001 -5.000000e+000
      vertex -1.411297e+001  3.635690e+001 -5.000000e+000
      vertex -1.359379e+001  3.655419e+001 -5.000000e+000
    endloop
  endfacet
  facet normal  0.000000e+000  0.000000e+000 -1.000000e+000
    outer loop
      vertex  1.359379e+001  3.655419e+001 -5.000000e+000
      vertex -1.359379e+001  3.655419e+001 -5.000000e+000
      vertex  1.307185e+001  3.674407e+001 -5.000000e+000
    endloop
  endfacet
  facet normal  -0.000000e+000  0.000000e+000 -9.999999e-001
    outer loop
      vertex  1.307185e+001  3.674407e+001 -5.000000e+000
      vertex -1.359379e+001  3.655419e+001 -5.000000e+000
      vertex -1.307185e+001  3.674407e+001 -5.000000e+000
    endloop
  endfacet
  facet normal  0.000000e+000  0.000000e+000 -1.000000e+000
    outer loop
      vertex  1.307185e+001  3.674407e+001 -5.000000e+000
      vertex -1.307185e+001  3.674407e+001 -5.000000e+000
      vertex  1.254726e+001  3.692650e+001 -5.000000e+000
    endloop
  endfacet
  facet normal  -0.000000e+000  0.000000e+000 -1.000000e+000
    outer loop
      vertex  1.254726e+001  3.692650e+001 -5.000000e+000
      vertex -1.307185e+001  3.674407e+001 -5.000000e+000
      vertex -1.254726e+001  3.692650e+001 -5.000000e+000
    endloop
  endfacet
  facet normal  0.000000e+000  0.000000e+000 -1.000000e+000
    outer loop
      vertex  1.254726e+001  3.692650e+001 -5.000000e+000
      vertex -1.254726e+001  3.692650e+001 -5.000000e+000
      vertex  1.202012e+001  3.710144e+001 -5.000000e+000
    endloop
  endfacet
  facet normal  -0.000000e+000  0.000000e+000 -1.000000e+000
    outer loop
      vertex  1.202012e+001  3.710144e+001 -5.000000e+000
      vertex -1.254726e+001  3.692650e+001 -5.000000e+000
      vertex -1.202012e+001  3.710144e+001 -5.000000e+000
    endloop
  endfacet
  facet normal  0.000000e+000  0.000000e+000 -1.000000e+000
    outer loop
      vertex  1.202012e+001  3.710144e+001 -5.000000e+000
      vertex -1.202012e+001  3.710144e+001 -5.000000e+000
      vertex  1.149055e+001  3.726885e+001 -5.000000e+000
    endloop
  endfacet
  facet normal  -0.000000e+000  0.000000e+000 -9.999999e-001
    outer loop
      vertex  1.149055e+001  3.726885e+001 -5.000000e+000
      vertex -1.202012e+001  3.710144e+001 -5.000000e+000
      vertex -1.149055e+001  3.726885e+001 -5.000000e+000
    endloop
  endfacet
  facet normal  0.000000e+000  0.000000e+000 -9.999999e-001
    outer loop
      vertex  1.149055e+001  3.726885e+001 -5.000000e+000
      vertex -1.149055e+001  3.726885e+001 -5.000000e+000
      vertex  1.095864e+001  3.742871e+001 -5.000000e+000
    endloop
  endfacet
  facet normal  -0.000000e+000  0.000000e+000 -1.000000e+000
    outer loop
      vertex  1.095864e+001  3.742871e+001 -5.000000e+000
      vertex -1.149055e+001  3.726885e+001 -5.000000e+000
      vertex -1.095864e+001  3.742871e+001 -5.000000e+000
    endloop
  endfacet
  facet normal  0.000000e+000  0.000000e+000 -9.999999e-001
    outer loop
      vertex  1.095864e+001  3.742871e+001 -5.000000e+000
      vertex -1.095864e+001  3.742871e+001 -5.000000e+000
      vertex  1.042451e+001  3.758097e+001 -5.000000e+000
    endloop
  endfacet
  facet normal  -0.000000e+000  0.000000e+000 -9.999999e-001
    outer loop
      vertex  1.042451e+001  3.758097e+001 -5.000000e+000
      vertex -1.095864e+001  3.742871e+001 -5.000000e+000
      vertex -1.042451e+001  3.758097e+001 -5.000000e+000
    endloop
  endfacet
  facet normal  0.000000e+000  0.000000e+000 -1.000000e+000
    outer loop
      vertex  1.042451e+001  3.758097e+001 -5.000000e+000
      vertex -1.042451e+001  3.758097e+001 -5.000000e+000
      vertex  9.888272e+000  3.772562e+001 -5.000000e+000
    endloop
  endfacet
  facet normal  -0.000000e+000  0.000000e+000 -1.000000e+000
    outer loop
      vertex  9.888272e+000  3.772562e+001 -5.000000e+000
      vertex -1.042451e+001  3.758097e+001 -5.000000e+000
      vertex -9.888271e+000  3.772562e+001 -5.000000e+000
    endloop
  endfacet
  facet normal  0.000000e+000  0.000000e+000 -1.000000e+000
    outer loop
      vertex  9.888272e+000  3.772562e+001 -5.000000e+000
      vertex -9.888271e+000  3.772562e+001 -5.000000e+000
      vertex  9.350025e+000  3.786261e+001 -5.000000e+000
    endloop
  endfacet
  facet normal  -0.000000e+000  0.000000e+000 -1.000000e+000
    outer loop
      vertex  9.350025e+000  3.786261e+001 -5.000000e+000
      vertex -9.888271e+000  3.772562e+001 -5.000000e+000
      vertex -9.350025e+000  3.786261e+001 -5.000000e+000
    endloop
  endfacet
  facet normal  0.000000e+000  0.000000e+000 -1.000000e+000
    outer loop
      vertex  9.350025e+000  3.786261e+001 -5.000000e+000
      vertex -9.350025e+000  3.786261e+001 -5.000000e+000
      vertex  8.809881e+000  3.799192e+001 -5.000000e+000
    endloop
  endfacet
  facet normal  -0.000000e+000  0.000000e+000 -9.999999e-001
    outer loop
      vertex  8.809881e+000  3.799192e+001 -5.000000e+000
      vertex -9.350025e+000  3.786261e+001 -5.000000e+000
      vertex -8.809881e+000  3.799192e+001 -5.000000e+000
    endloop
  endfacet
  facet normal  0.000000e+000  0.000000e+000 -1.000000e+000
    outer loop
      vertex  8.809881e+000  3.799192e+001 -5.000000e+000
      vertex -8.809881e+000  3.799192e+001 -5.000000e+000
      vertex  8.267951e+000  3.811353e+001 -5.000000e+000
    endloop
  endfacet
  facet normal  -0.000000e+000  0.000000e+000 -1.000000e+000
    outer loop
      vertex  8.267951e+000  3.811353e+001 -5.000000e+000
      vertex -8.809881e+000  3.799192e+001 -5.000000e+000
      vertex -8.267951e+000  3.811353e+001 -5.000000e+000
    endloop
  endfacet
  facet normal  0.000000e+000  0.000000e+000 -1.000000e+000
    outer loop
      vertex  8.267951e+000  3.811353e+001 -5.000000e+000
      vertex -8.267951e+000  3.811353e+001 -5.000000e+000
      vertex  7.724345e+000  3.822741e+001 -5.000000e+000
    endloop
  endfacet
  facet normal  -0.000000e+000  0.000000e+000 -1.000000e+000
    outer loop
      vertex  7.724345e+000  3.822741e+001 -5.000000e+000
      vertex -8.267951e+000  3.811353e+001 -5.000000e+000
      vertex -7.724345e+000  3.822741e+001 -5.000000e+000
    endloop
  endfacet
  facet normal  0.000000e+000  0.000000e+000 -9.999999e-001
    outer loop
      vertex  7.724345e+000  3.822741e+001 -5.000000e+000
      vertex -7.724345e+000  3.822741e+001 -5.000000e+000
      vertex  7.179171e+000  3.833353e+001 -5.000000e+000
    endloop
  endfacet
  facet normal  -0.000000e+000  0.000000e+000 -9.999999e-001
    outer loop
      vertex  7.179171e+000  3.833353e+001 -5.000000e+000
      vertex -7.724345e+000  3.822741e+001 -5.000000e+000
      vertex -7.179171e+000  3.833353e+001 -5.000000e+000
    endloop
  endfacet
  facet normal  0.000000e+000  0.000000e+000 -1.000000e+000
    outer loop
      vertex  7.179171e+000  3.833353e+001 -5.000000e+000
      vertex -7.179171e+000  3.833353e+001 -5.000000e+000
      vertex  6.632542e+000  3.843188e+001 -5.000000e+000
    endloop
  endfacet
  facet normal  -0.000000e+000  0.000000e+000 -1.000000e+000
    outer loop
      vertex  6.632542e+000  3.843188e+001 -5.000000e+000
      vertex -7.179171e+000  3.833353e+001 -5.000000e+000
      vertex -6.632542e+000  3.843188e+001 -5.000000e+000
    endloop
  endfacet
  facet normal  0.000000e+000  0.000000e+000 -1.000000e+000
    outer loop
      vertex  6.632542e+000  3.843188e+001 -5.000000e+000
      vertex -6.632542e+000  3.843188e+001 -5.000000e+000
      vertex  6.084567e+000  3.852243e+001 -5.000000e+000
    endloop
  endfacet
  facet normal  -0.000000e+000  0.000000e+000 -1.000000e+000
    outer loop
      vertex  6.084567e+000  3.852243e+001 -5.000000e+000
      vertex -6.632542e+000  3.843188e+001 -5.000000e+000
      vertex -6.084567e+000  3.852243e+001 -5.000000e+000
    endloop
  endfacet
  facet normal  0.000000e+000  0.000000e+000 -1.000000e+000
    outer loop
      vertex  6.084567e+000  3.852243e+001 -5.000000e+000
      vertex -6.084567e+000  3.852243e+001 -5.000000e+000
      vertex  5.535358e+000  3.860518e+001 -5.000000e+000
    endloop
  endfacet
  facet normal  -0.000000e+000  0.000000e+000 -1.000000e+000
    outer loop
      vertex  5.535358e+000  3.860518e+001 -5.000000e+000
      vertex -6.084567e+000  3.852243e+001 -5.000000e+000
      vertex -5.535358e+000  3.860518e+001 -5.000000e+000
    endloop
  endfacet
  facet normal  0.000000e+000  0.000000e+000 -1.000000e+000
    outer loop
      vertex  5.535358e+000  3.860518e+001 -5.000000e+000
      vertex -5.535358e+000  3.860518e+001 -5.000000e+000
      vertex  4.985027e+000  3.868009e+001 -5.000000e+000
    endloop
  endfacet
  facet normal  -0.000000e+000  0.000000e+000 -1.000000e+000
    outer loop
      vertex  4.985027e+000  3.868009e+001 -5.000000e+000
      vertex -5.535358e+000  3.860518e+001 -5.000000e+000
      vertex -4.985027e+000  3.868009e+001 -5.000000e+000
    endloop
  endfacet
  facet normal  0.000000e+000  0.000000e+000 -1.000000e+000
    outer loop
      vertex  4.985027e+000  3.868009e+001 -5.000000e+000
      vertex -4.985027e+000  3.868009e+001 -5.000000e+000
      vertex  4.433685e+000  3.874716e+001 -5.000000e+000
    endloop
  endfacet
  facet normal  -0.000000e+000  0.000000e+000 -1.000000e+000
    outer loop
      vertex  4.433685e+000  3.874716e+001 -5.000000e+000
      vertex -4.985027e+000  3.868009e+001 -5.000000e+000
      vertex -4.433684e+000  3.874716e+001 -5.000000e+000
    endloop
  endfacet
  facet normal  0.000000e+000  0.000000e+000 -1.000000e+000
    outer loop
      vertex  4.433685e+000  3.874716e+001 -5.000000e+000
      vertex -4.433684e+000  3.874716e+001 -5.000000e+000
      vertex  3.881443e+000  3.880637e+001 -5.000000e+000
    endloop
  endfacet
  facet normal  -0.000000e+000  0.000000e+000 -1.000000e+000
    outer loop
      vertex  3.881443e+000  3.880637e+001 -5.000000e+000
      vertex -4.433684e+000  3.874716e+001 -5.000000e+000
      vertex -3.881443e+000  3.880637e+001 -5.000000e+000
    endloop
  endfacet
  facet normal  0.000000e+000  0.000000e+000 -1.000000e+000
    outer loop
      vertex  3.881443e+000  3.880637e+001 -5.000000e+000
      vertex -3.881443e+000  3.880637e+001 -5.000000e+000
      vertex  3.328414e+000  3.885771e+001 -5.000000e+000
    endloop
  endfacet
  facet normal  -0.000000e+000  0.000000e+000 -1.000000e+000
    outer loop
      vertex  3.328414e+000  3.885771e+001 -5.000000e+000
      vertex -3.881443e+000  3.880637e+001 -5.000000e+000
      vertex -3.328414e+000  3.885771e+001 -5.000000e+000
    endloop
  endfacet
  facet normal  0.000000e+000  0.000000e+000 -9.999999e-001
    outer loop
      vertex  3.328414e+000  3.885771e+001 -5.000000e+000
      vertex -3.328414e+000  3.885771e+001 -5.000000e+000
      vertex  2.774711e+000  3.890117e+001 -5.000000e+000
    endloop
  endfacet
  facet normal  -0.000000e+000  0.000000e+000 -1.000000e+000
    outer loop
      vertex  2.774711e+000  3.890117e+001 -5.000000e+000
      vertex -3.328414e+000  3.885771e+001 -5.000000e+000
      vertex -2.774711e+000  3.890117e+001 -5.000000e+000
    endloop
  endfacet
  facet normal  0.000000e+000  0.000000e+000 -1.000000e+000
    outer loop
      vertex  2.774711e+000  3.890117e+001 -5.000000e+000
      vertex -2.774711e+000  3.890117e+001 -5.000000e+000
      vertex  2.220444e+000  3.893674e+001 -5.000000e+000
    endloop
  endfacet
  facet normal  -0.000000e+000  0.000000e+000 -9.999999e-001
    outer loop
      vertex  2.220444e+000  3.893674e+001 -5.000000e+000
      vertex -2.774711e+000  3.890117e+001 -5.000000e+000
      vertex -2.220444e+000  3.893674e+001 -5.000000e+000
    endloop
  endfacet
  facet normal  0.000000e+000  0.000000e+000 -9.999999e-001
    outer loop
      vertex  2.220444e+000  3.893674e+001 -5.000000e+000
      vertex -2.220444e+000  3.893674e+001 -5.000000e+000
      vertex  1.665727e+000  3.896441e+001 -5.000000e+000
    endloop
  endfacet
  facet normal  -0.000000e+000  0.000000e+000 -1.000000e+000
    outer loop
      vertex  1.665727e+000  3.896441e+001 -5.000000e+000
      vertex -2.220444e+000  3.893674e+001 -5.000000e+000
      vertex -1.665727e+000  3.896441e+001 -5.000000e+000
    endloop
  endfacet
  facet normal  0.000000e+000  0.000000e+000 -1.000000e+000
    outer loop
      vertex  1.665727e+000  3.896441e+001 -5.000000e+000
      vertex -1.665727e+000  3.896441e+001 -5.000000e+000
      vertex  1.110673e+000  3.898418e+001 -5.000000e+000
    endloop
  endfacet
  facet normal  -0.000000e+000  0.000000e+000 -1.000000e+000
    outer loop
      vertex  1.110673e+000  3.898418e+001 -5.000000e+000
      vertex -1.665727e+000  3.896441e+001 -5.000000e+000
      vertex -1.110672e+000  3.898418e+001 -5.000000e+000
    endloop
  endfacet
  facet normal  0.000000e+000  0.000000e+000 -1.000000e+000
    outer loop
      vertex  1.110673e+000  3.898418e+001 -5.000000e+000
      vertex -1.110672e+000  3.898418e+001 -5.000000e+000
      vertex  5.553926e-001  3.899604e+001 -5.000000e+000
    endloop
  endfacet
  facet normal  -0.000000e+000  0.000000e+000 -9.999999e-001
    outer loop
      vertex  5.553926e-001  3.899604e+001 -5.000000e+000
      vertex -1.110672e+000  3.898418e+001 -5.000000e+000
      vertex -5.553926e-001  3.899604e+001 -5.000000e+000
    endloop
  endfacet
  facet normal  0.000000e+000  0.000000e+000 -1.000000e+000
    outer loop
      vertex  5.553926e-001  3.899604e+001 -5.000000e+000
      vertex -5.553926e-001  3.899604e+001 -5.000000e+000
      vertex  3.007318e-008  3.900000e+001 -5.000000e+000
    endloop
  endfacet
  facet normal  -0.000000e+000  0.000000e+000 -1.000000e+000
    outer loop
      vertex -2.887972e+001 -2.995362e+001 -5.000000e+000
      vertex  2.886912e+001 -2.995429e+001 -5.000000e+000
      vertex -2.875460e+001 -2.996511e+001 -5.000000e+000
    endloop
  endfacet
  facet normal  0.000000e+000  0.000000e+000 -1.000000e+000
    outer loop
      vertex -2.875460e+001 -2.996511e+001 -5.000000e+000
      vertex  2.886912e+001 -2.995429e+001 -5.000000e+000
      vertex  2.874407e+001 -2.996644e+001 -5.000000e+000
    endloop
  endfacet
  facet normal  -0.000000e+000  0.000000e+000 -1.000000e+000
    outer loop
      vertex -2.875460e+001 -2.996511e+001 -5.000000e+000
      vertex  2.874407e+001 -2.996644e+001 -5.000000e+000
      vertex -2.863046e+001 -2.998444e+001 -5.000000e+000
    endloop
  endfacet
  facet normal  0.000000e+000  0.000000e+000 -1.000000e+000
    outer loop
      vertex -2.863046e+001 -2.998444e+001 -5.000000e+000
      vertex  2.874407e+001 -2.996644e+001 -5.000000e+000
      vertex  2.862002e+001 -2.998643e+001 -5.000000e+000
    endloop
  endfacet
  facet normal  -0.000000e+000  0.000000e+000 -1.000000e+000
    outer loop
      vertex -2.863046e+001 -2.998444e+001 -5.000000e+000
      vertex  2.862002e+001 -2.998643e+001 -5.000000e+000
      vertex -2.850776e+001 -3.001152e+001 -5.000000e+000
    endloop
  endfacet
  facet normal  0.000000e+000  0.000000e+000 -1.000000e+000
    outer loop
      vertex -2.850776e+001 -3.001152e+001 -5.000000e+000
      vertex  2.862002e+001 -2.998643e+001 -5.000000e+000
      vertex  2.849748e+001 -3.001416e+001 -5.000000e+000
    endloop
  endfacet
  facet normal  -0.000000e+000  0.000000e+000 -9.999999e-001
    outer loop
      vertex -2.850776e+001 -3.001152e+001 -5.000000e+000
      vertex  2.849748e+001 -3.001416e+001 -5.000000e+000
      vertex -2.838702e+001 -3.004625e+001 -5.000000e+000
    endloop
  endfacet
  facet normal  0.000000e+000  0.000000e+000 -1.000000e+000
    outer loop
      vertex -2.838702e+001 -3.004625e+001 -5.000000e+000
      vertex  2.849748e+001 -3.001416e+001 -5.000000e+000
      vertex  2.837692e+001 -3.004953e+001 -5.000000e+000
    endloop
  endfacet
  facet normal  -0.000000e+000  0.000000e+000 -1.000000e+000
    outer loop
      vertex -2.838702e+001 -3.004625e+001 -5.000000e+000
      vertex  2.837692e+001 -3.004953e+001 -5.000000e+000
      vertex -2.826869e+001 -3.008850e+001 -5.000000e+000
    endloop
  endfacet
  facet normal  0.000000e+000  0.000000e+000 -9.999999e-001
    outer loop
      vertex -2.826869e+001 -3.008850e+001 -5.000000e+000
      vertex  2.837692e+001 -3.004953e+001 -5.000000e+000
      vertex  2.825882e+001 -3.009241e+001 -5.000000e+000
    endloop
  endfacet
  facet normal  -0.000000e+000  0.000000e+000 -1.000000e+000
    outer loop
      vertex -2.826869e+001 -3.008850e+001 -5.000000e+000
      vertex  2.825882e+001 -3.009241e+001 -5.000000e+000
      vertex -2.815325e+001 -3.013809e+001 -5.000000e+000
    endloop
  endfacet
  facet normal  0.000000e+000  0.000000e+000 -1.000000e+000
    outer loop
      vertex -2.815325e+001 -3.013809e+001 -5.000000e+000
      vertex  2.825882e+001 -3.009241e+001 -5.000000e+000
      vertex  2.814364e+001 -3.014261e+001 -5.000000e+000
    endloop
  endfacet
  facet normal  -0.000000e+000  0.000000e+000 -1.000000e+000
    outer loop
      vertex -2.815325e+001 -3.013809e+001 -5.000000e+000
      vertex  2.814364e+001 -3.014261e+001 -5.000000e+000
      vertex -2.804115e+001 -3.019484e+001 -5.000000e+000
    endloop
  endfacet
  facet normal  0.000000e+000  0.000000e+000 -1.000000e+000
    outer loop
      vertex -2.804115e+001 -3.019484e+001 -5.000000e+000
      vertex  2.814364e+001 -3.014261e+001 -5.000000e+000
      vertex  2.803184e+001 -3.019995e+001 -5.000000e+000
    endloop
  endfacet
  facet normal  -0.000000e+000  0.000000e+000 -9.999999e-001
    outer loop
      vertex -2.804115e+001 -3.019484e+001 -5.000000e+000
      vertex  2.803184e+001 -3.019995e+001 -5.000000e+000
      vertex -2.793283e+001 -3.025850e+001 -5.000000e+000
    endloop
  endfacet
  facet normal  0.000000e+000  0.000000e+000 -1.000000e+000
    outer loop
      vertex -2.793283e+001 -3.025850e+001 -5.000000e+000
      vertex  2.803184e+001 -3.019995e+001 -5.000000e+000
      vertex  2.792387e+001 -3.026419e+001 -5.000000e+000
    endloop
  endfacet
  facet normal  -0.000000e+000  0.000000e+000 -9.999999e-001
    outer loop
      vertex -2.793283e+001 -3.025850e+001 -5.000000e+000
      vertex  2.792387e+001 -3.026419e+001 -5.000000e+000
      vertex -2.782873e+001 -3.032885e+001 -5.000000e+000
    endloop
  endfacet
  facet normal  0.000000e+000  0.000000e+000 -1.000000e+000
    outer loop
      vertex -2.782873e+001 -3.032885e+001 -5.000000e+000
      vertex  2.792387e+001 -3.026419e+001 -5.000000e+000
      vertex  2.782014e+001 -3.033509e+001 -5.000000e+000
    endloop
  endfacet
  facet normal  -0.000000e+000  0.000000e+000 -1.000000e+000
    outer loop
      vertex -2.782873e+001 -3.032885e+001 -5.000000e+000
      vertex  2.782014e+001 -3.033509e+001 -5.000000e+000
      vertex -2.772925e+001 -3.040559e+001 -5.000000e+000
    endloop
  endfacet
  facet normal  0.000000e+000  0.000000e+000 -1.000000e+000
    outer loop
      vertex -2.772925e+001 -3.040559e+001 -5.000000e+000
      vertex  2.782014e+001 -3.033509e+001 -5.000000e+000
      vertex  2.772107e+001 -3.041236e+001 -5.000000e+000
    endloop
  endfacet
  facet normal  -0.000000e+000  0.000000e+000 -1.000000e+000
    outer loop
      vertex -2.772925e+001 -3.040559e+001 -5.000000e+000
      vertex  2.772107e+001 -3.041236e+001 -5.000000e+000
      vertex -2.763478e+001 -3.048843e+001 -5.000000e+000
    endloop
  endfacet
  facet normal  0.000000e+000  0.000000e+000 -1.000000e+000
    outer loop
      vertex -2.763478e+001 -3.048843e+001 -5.000000e+000
      vertex  2.772107e+001 -3.041236e+001 -5.000000e+000
      vertex  2.762704e+001 -3.049570e+001 -5.000000e+000
    endloop
  endfacet
  facet normal  -0.000000e+000  0.000000e+000 -1.000000e+000
    outer loop
      vertex -2.763478e+001 -3.048843e+001 -5.000000e+000
      vertex  2.762704e+001 -3.049570e+001 -5.000000e+000
      vertex -2.754570e+001 -3.057704e+001 -5.000000e+000
    endloop
  endfacet
  facet normal  0.000000e+000  0.000000e+000 -1.000000e+000
    outer loop
      vertex -2.754570e+001 -3.057704e+001 -5.000000e+000
      vertex  2.762704e+001 -3.049570e+001 -5.000000e+000
      vertex  2.753843e+001 -3.058478e+001 -5.000000e+000
    endloop
  endfacet
  facet normal  -0.000000e+000  0.000000e+000 -1.000000e+000
    outer loop
      vertex -2.754570e+001 -3.057704e+001 -5.000000e+000
      vertex  2.753843e+001 -3.058478e+001 -5.000000e+000
      vertex -2.746236e+001 -3.067107e+001 -5.000000e+000
    endloop
  endfacet
  facet normal  0.000000e+000  0.000000e+000 -1.000000e+000
    outer loop
      vertex -2.746236e+001 -3.067107e+001 -5.000000e+000
      vertex  2.753843e+001 -3.058478e+001 -5.000000e+000
      vertex  2.745560e+001 -3.067925e+001 -5.000000e+000
    endloop
  endfacet
  facet normal  -0.000000e+000  0.000000e+000 -1.000000e+000
    outer loop
      vertex -2.746236e+001 -3.067107e+001 -5.000000e+000
      vertex  2.745560e+001 -3.067925e+001 -5.000000e+000
      vertex -2.738509e+001 -3.077014e+001 -5.000000e+000
    endloop
  endfacet
  facet normal  0.000000e+000  0.000000e+000 -1.000000e+000
    outer loop
      vertex -2.738509e+001 -3.077014e+001 -5.000000e+000
      vertex  2.745560e+001 -3.067925e+001 -5.000000e+000
      vertex  2.737885e+001 -3.077873e+001 -5.000000e+000
    endloop
  endfacet
  facet normal  -0.000000e+000  0.000000e+000 -9.999999e-001
    outer loop
      vertex -2.738509e+001 -3.077014e+001 -5.000000e+000
      vertex  2.737885e+001 -3.077873e+001 -5.000000e+000
      vertex -2.731420e+001 -3.087387e+001 -5.000000e+000
    endloop
  endfacet
  facet normal  0.000000e+000  0.000000e+000 -1.000000e+000
    outer loop
      vertex -2.731420e+001 -3.087387e+001 -5.000000e+000
      vertex  2.737885e+001 -3.077873e+001 -5.000000e+000
      vertex  2.730850e+001 -3.088283e+001 -5.000000e+000
    endloop
  endfacet
  facet normal  -0.000000e+000  0.000000e+000 -1.000000e+000
    outer loop
      vertex -2.731420e+001 -3.087387e+001 -5.000000e+000
      vertex  2.730850e+001 -3.088283e+001 -5.000000e+000
      vertex -2.724995e+001 -3.098184e+001 -5.000000e+000
    endloop
  endfacet
  facet normal  0.000000e+000  0.000000e+000 -1.000000e+000
    outer loop
      vertex -2.724995e+001 -3.098184e+001 -5.000000e+000
      vertex  2.730850e+001 -3.088283e+001 -5.000000e+000
      vertex  2.724483e+001 -3.099115e+001 -5.000000e+000
    endloop
  endfacet
  facet normal  -0.000000e+000  0.000000e+000 -9.999999e-001
    outer loop
      vertex -2.724995e+001 -3.098184e+001 -5.000000e+000
      vertex  2.724483e+001 -3.099115e+001 -5.000000e+000
      vertex -2.719261e+001 -3.109364e+001 -5.000000e+000
    endloop
  endfacet
  facet normal  0.000000e+000  0.000000e+000 -9.999999e-001
    outer loop
      vertex -2.719261e+001 -3.109364e+001 -5.000000e+000
      vertex  2.724483e+001 -3.099115e+001 -5.000000e+000
      vertex  2.718809e+001 -3.110325e+001 -5.000000e+000
    endloop
  endfacet
  facet normal  -0.000000e+000  0.000000e+000 -1.000000e+000
    outer loop
      vertex -2.719261e+001 -3.109364e+001 -5.000000e+000
      vertex  2.718809e+001 -3.110325e+001 -5.000000e+000
      vertex -2.714241e+001 -3.120882e+001 -5.000000e+000
    endloop
  endfacet
  facet normal  0.000000e+000  0.000000e+000 -1.000000e+000
    outer loop
      vertex -2.714241e+001 -3.120882e+001 -5.000000e+000
      vertex  2.718809e+001 -3.110325e+001 -5.000000e+000
      vertex  2.713850e+001 -3.121869e+001 -5.000000e+000
    endloop
  endfacet
  facet normal  -0.000000e+000  0.000000e+000 -9.999999e-001
    outer loop
      vertex -2.714241e+001 -3.120882e+001 -5.000000e+000
      vertex  2.713850e+001 -3.121869e+001 -5.000000e+000
      vertex -2.709953e+001 -3.132692e+001 -5.000000e+000
    endloop
  endfacet
  facet normal  0.000000e+000  0.000000e+000 -1.000000e+000
    outer loop
      vertex -2.709953e+001 -3.132692e+001 -5.000000e+000
      vertex  2.713850e+001 -3.121869e+001 -5.000000e+000
      vertex  2.709625e+001 -3.133702e+001 -5.000000e+000
    endloop
  endfacet
  facet normal  -0.000000e+000  0.000000e+000 -1.000000e+000
    outer loop
      vertex -2.709953e+001 -3.132692e+001 -5.000000e+000
      vertex  2.709625e+001 -3.133702e+001 -5.000000e+000
      vertex -2.706416e+001 -3.144748e+001 -5.000000e+000
    endloop
  endfacet
  facet normal  0.000000e+000  0.000000e+000 -1.000000e+000
    outer loop
      vertex -2.706416e+001 -3.144748e+001 -5.000000e+000
      vertex  2.709625e+001 -3.133702e+001 -5.000000e+000
      vertex  2.706152e+001 -3.145777e+001 -5.000000e+000
    endloop
  endfacet
  facet normal  -0.000000e+000  0.000000e+000 -1.000000e+000
    outer loop
      vertex -2.706416e+001 -3.144748e+001 -5.000000e+000
      vertex  2.706152e+001 -3.145777e+001 -5.000000e+000
      vertex -2.703643e+001 -3.157002e+001 -5.000000e+000
    endloop
  endfacet
  facet normal  0.000000e+000  0.000000e+000 -9.999999e-001
    outer loop
      vertex -2.703643e+001 -3.157002e+001 -5.000000e+000
      vertex  2.706152e+001 -3.145777e+001 -5.000000e+000
      vertex  2.703444e+001 -3.158045e+001 -5.000000e+000
    endloop
  endfacet
  facet normal  -0.000000e+000  0.000000e+000 -1.000000e+000
    outer loop
      vertex -2.703643e+001 -3.157002e+001 -5.000000e+000
      vertex  2.703444e+001 -3.158045e+001 -5.000000e+000
      vertex -2.701644e+001 -3.169407e+001 -5.000000e+000
    endloop
  endfacet
  facet normal  0.000000e+000  0.000000e+000 -1.000000e+000
    outer loop
      vertex -2.701644e+001 -3.169407e+001 -5.000000e+000
      vertex  2.703444e+001 -3.158045e+001 -5.000000e+000
      vertex  2.701511e+001 -3.170460e+001 -5.000000e+000
    endloop
  endfacet
  facet normal  -0.000000e+000  0.000000e+000 -9.999999e-001
    outer loop
      vertex -2.701644e+001 -3.169407e+001 -5.000000e+000
      vertex  2.701511e+001 -3.170460e+001 -5.000000e+000
      vertex -2.700429e+001 -3.181912e+001 -5.000000e+000
    endloop
  endfacet
  facet normal  0.000000e+000  0.000000e+000 -9.999999e-001
    outer loop
      vertex -2.700429e+001 -3.181912e+001 -5.000000e+000
      vertex  2.701511e+001 -3.170460e+001 -5.000000e+000
      vertex  2.700362e+001 -3.182972e+001 -5.000000e+000
    endloop
  endfacet
  facet normal  -0.000000e+000  0.000000e+000 -1.000000e+000
    outer loop
      vertex -2.700429e+001 -3.181912e+001 -5.000000e+000
      vertex  2.700362e+001 -3.182972e+001 -5.000000e+000
      vertex -2.700001e+001 -3.194469e+001 -5.000000e+000
    endloop
  endfacet
  facet normal  0.000000e+000  0.000000e+000 -1.000000e+000
    outer loop
      vertex -2.700001e+001 -3.194469e+001 -5.000000e+000
      vertex  2.700362e+001 -3.182972e+001 -5.000000e+000
      vertex  2.700001e+001 -3.195531e+001 -5.000000e+000
    endloop
  endfacet
  facet normal  -0.000000e+000  0.000000e+000 -1.000000e+000
    outer loop
      vertex -2.700001e+001 -3.194469e+001 -5.000000e+000
      vertex  2.700001e+001 -3.195531e+001 -5.000000e+000
      vertex -2.700362e+001 -3.207028e+001 -5.000000e+000
    endloop
  endfacet
  facet normal  0.000000e+000  0.000000e+000 -1.000000e+000
    outer loop
      vertex -2.700362e+001 -3.207028e+001 -5.000000e+000
      vertex  2.700001e+001 -3.195531e+001 -5.000000e+000
      vertex  2.700429e+001 -3.208088e+001 -5.000000e+000
    endloop
  endfacet
  facet normal  -0.000000e+000  0.000000e+000 -1.000000e+000
    outer loop
      vertex -2.700362e+001 -3.207028e+001 -5.000000e+000
      vertex  2.700429e+001 -3.208088e+001 -5.000000e+000
      vertex -2.701511e+001 -3.219540e+001 -5.000000e+000
    endloop
  endfacet
  facet normal  0.000000e+000  0.000000e+000 -9.999999e-001
    outer loop
      vertex -2.701511e+001 -3.219540e+001 -5.000000e+000
      vertex  2.700429e+001 -3.208088e+001 -5.000000e+000
      vertex  2.701644e+001 -3.220593e+001 -5.000000e+000
    endloop
  endfacet
  facet normal  -0.000000e+000  0.000000e+000 -1.000000e+000
    outer loop
      vertex -2.701511e+001 -3.219540e+001 -5.000000e+000
      vertex  2.701644e+001 -3.220593e+001 -5.000000e+000
      vertex -2.703444e+001 -3.231955e+001 -5.000000e+000
    endloop
  endfacet
  facet normal  0.000000e+000  0.000000e+000 -1.000000e+000
    outer loop
      vertex -2.703444e+001 -3.231955e+001 -5.000000e+000
      vertex  2.701644e+001 -3.220593e+001 -5.000000e+000
      vertex  2.703643e+001 -3.232998e+001 -5.000000e+000
    endloop
  endfacet
  facet normal  -0.000000e+000  0.000000e+000 -9.999999e-001
    outer loop
      vertex -2.703444e+001 -3.231955e+001 -5.000000e+000
      vertex  2.703643e+001 -3.232998e+001 -5.000000e+000
      vertex -2.706152e+001 -3.244223e+001 -5.000000e+000
    endloop
  endfacet
  facet normal  0.000000e+000  0.000000e+000 -1.000000e+000
    outer loop
      vertex -2.706152e+001 -3.244223e+001 -5.000000e+000
      vertex  2.703643e+001 -3.232998e+001 -5.000000e+000
      vertex  2.706416e+001 -3.245252e+001 -5.000000e+000
    endloop
  endfacet
  facet normal  -0.000000e+000  0.000000e+000 -9.999999e-001
    outer loop
      vertex -2.706152e+001 -3.244223e+001 -5.000000e+000
      vertex  2.706416e+001 -3.245252e+001 -5.000000e+000
      vertex -2.709625e+001 -3.256298e+001 -5.000000e+000
    endloop
  endfacet
  facet normal  0.000000e+000  0.000000e+000 -1.000000e+000
    outer loop
      vertex -2.709625e+001 -3.256298e+001 -5.000000e+000
      vertex  2.706416e+001 -3.245252e+001 -5.000000e+000
      vertex  2.709953e+001 -3.257308e+001 -5.000000e+000
    endloop
  endfacet
  facet normal  -0.000000e+000  0.000000e+000 -1.000000e+000
    outer loop
      vertex -2.709625e+001 -3.256298e+001 -5.000000e+000
      vertex  2.709953e+001 -3.257308e+001 -5.000000e+000
      vertex -2.713850e+001 -3.268131e+001 -5.000000e+000
    endloop
  endfacet
  facet normal  0.000000e+000  0.000000e+000 -9.999999e-001
    outer loop
      vertex -2.713850e+001 -3.268131e+001 -5.000000e+000
      vertex  2.709953e+001 -3.257308e+001 -5.000000e+000
      vertex  2.714241e+001 -3.269118e+001 -5.000000e+000
    endloop
  endfacet
  facet normal  -0.000000e+000  0.000000e+000 -1.000000e+000
    outer loop
      vertex -2.713850e+001 -3.268131e+001 -5.000000e+000
      vertex  2.714241e+001 -3.269118e+001 -5.000000e+000
      vertex -2.718809e+001 -3.279675e+001 -5.000000e+000
    endloop
  endfacet
  facet normal  0.000000e+000  0.000000e+000 -9.999999e-001
    outer loop
      vertex -2.718809e+001 -3.279675e+001 -5.000000e+000
      vertex  2.714241e+001 -3.269118e+001 -5.000000e+000
      vertex  2.719261e+001 -3.280636e+001 -5.000000e+000
    endloop
  endfacet
  facet normal  -0.000000e+000  0.000000e+000 -1.000000e+000
    outer loop
      vertex -2.718809e+001 -3.279675e+001 -5.000000e+000
      vertex  2.719261e+001 -3.280636e+001 -5.000000e+000
      vertex -2.724483e+001 -3.290885e+001 -5.000000e+000
    endloop
  endfacet
  facet normal  0.000000e+000  0.000000e+000 -9.999999e-001
    outer loop
      vertex -2.724483e+001 -3.290885e+001 -5.000000e+000
      vertex  2.719261e+001 -3.280636e+001 -5.000000e+000
      vertex  2.724995e+001 -3.291816e+001 -5.000000e+000
    endloop
  endfacet
  facet normal  -0.000000e+000  0.000000e+000 -1.000000e+000
    outer loop
      vertex -2.724483e+001 -3.290885e+001 -5.000000e+000
      vertex  2.724995e+001 -3.291816e+001 -5.000000e+000
      vertex -2.730850e+001 -3.301717e+001 -5.000000e+000
    endloop
  endfacet
  facet normal  0.000000e+000  0.000000e+000 -9.999999e-001
    outer loop
      vertex -2.730850e+001 -3.301717e+001 -5.000000e+000
      vertex  2.724995e+001 -3.291816e+001 -5.000000e+000
      vertex  2.731420e+001 -3.302613e+001 -5.000000e+000
    endloop
  endfacet
  facet normal  -0.000000e+000  0.000000e+000 -1.000000e+000
    outer loop
      vertex -2.730850e+001 -3.301717e+001 -5.000000e+000
      vertex  2.731420e+001 -3.302613e+001 -5.000000e+000
      vertex -2.737885e+001 -3.312127e+001 -5.000000e+000
    endloop
  endfacet
  facet normal  0.000000e+000  0.000000e+000 -9.999999e-001
    outer loop
      vertex -2.737885e+001 -3.312127e+001 -5.000000e+000
      vertex  2.731420e+001 -3.302613e+001 -5.000000e+000
      vertex  2.738509e+001 -3.312986e+001 -5.000000e+000
    endloop
  endfacet
  facet normal  -0.000000e+000  0.000000e+000 -1.000000e+000
    outer loop
      vertex -2.737885e+001 -3.312127e+001 -5.000000e+000
      vertex  2.738509e+001 -3.312986e+001 -5.000000e+000
      vertex -2.745560e+001 -3.322075e+001 -5.000000e+000
    endloop
  endfacet
  facet normal  0.000000e+000  0.000000e+000 -1.000000e+000
    outer loop
      vertex -2.745560e+001 -3.322075e+001 -5.000000e+000
      vertex  2.738509e+001 -3.312986e+001 -5.000000e+000
      vertex  2.746236e+001 -3.322894e+001 -5.000000e+000
    endloop
  endfacet
  facet normal  -0.000000e+000  0.000000e+000 -1.000000e+000
    outer loop
      vertex -2.745560e+001 -3.322075e+001 -5.000000e+000
      vertex  2.746236e+001 -3.322894e+001 -5.000000e+000
      vertex -2.753843e+001 -3.331522e+001 -5.000000e+000
    endloop
  endfacet
  facet normal  0.000000e+000  0.000000e+000 -1.000000e+000
    outer loop
      vertex -2.753843e+001 -3.331522e+001 -5.000000e+000
      vertex  2.746236e+001 -3.322894e+001 -5.000000e+000
      vertex  2.754570e+001 -3.332296e+001 -5.000000e+000
    endloop
  endfacet
  facet normal  -0.000000e+000  0.000000e+000 -1.000000e+000
    outer loop
      vertex -2.753843e+001 -3.331522e+001 -5.000000e+000
      vertex  2.754570e+001 -3.332296e+001 -5.000000e+000
      vertex -2.762704e+001 -3.340430e+001 -5.000000e+000
    endloop
  endfacet
  facet normal  0.000000e+000  0.000000e+000 -1.000000e+000
    outer loop
      vertex -2.762704e+001 -3.340430e+001 -5.000000e+000
      vertex  2.754570e+001 -3.332296e+001 -5.000000e+000
      vertex  2.763478e+001 -3.341157e+001 -5.000000e+000
    endloop
  endfacet
  facet normal  -0.000000e+000  0.000000e+000 -1.000000e+000
    outer loop
      vertex -2.762704e+001 -3.340430e+001 -5.000000e+000
      vertex  2.763478e+001 -3.341157e+001 -5.000000e+000
      vertex -2.772107e+001 -3.348764e+001 -5.000000e+000
    endloop
  endfacet
  facet normal  0.000000e+000  0.000000e+000 -1.000000e+000
    outer loop
      vertex -2.772107e+001 -3.348764e+001 -5.000000e+000
      vertex  2.763478e+001 -3.341157e+001 -5.000000e+000
      vertex  2.772925e+001 -3.349440e+001 -5.000000e+000
    endloop
  endfacet
  facet normal  -0.000000e+000  0.000000e+000 -1.000000e+000
    outer loop
      vertex -2.772107e+001 -3.348764e+001 -5.000000e+000
      vertex  2.772925e+001 -3.349440e+001 -5.000000e+000
      vertex -2.782014e+001 -3.356491e+001 -5.000000e+000
    endloop
  endfacet
  facet normal  0.000000e+000  0.000000e+000 -1.000000e+000
    outer loop
      vertex -2.782014e+001 -3.356491e+001 -5.000000e+000
      vertex  2.772925e+001 -3.349440e+001 -5.000000e+000
      vertex  2.782873e+001 -3.357115e+001 -5.000000e+000
    endloop
  endfacet
  facet normal  -0.000000e+000  0.000000e+000 -1.000000e+000
    outer loop
      vertex -2.782014e+001 -3.356491e+001 -5.000000e+000
      vertex  2.782873e+001 -3.357115e+001 -5.000000e+000
      vertex -2.792387e+001 -3.363580e+001 -5.000000e+000
    endloop
  endfacet
  facet normal  0.000000e+000  0.000000e+000 -9.999999e-001
    outer loop
      vertex -2.792387e+001 -3.363580e+001 -5.000000e+000
      vertex  2.782873e+001 -3.357115e+001 -5.000000e+000
      vertex  2.793283e+001 -3.364149e+001 -5.000000e+000
    endloop
  endfacet
  facet normal  -0.000000e+000  0.000000e+000 -1.000000e+000
    outer loop
      vertex -2.792387e+001 -3.363580e+001 -5.000000e+000
      vertex  2.793283e+001 -3.364149e+001 -5.000000e+000
      vertex -2.803184e+001 -3.370005e+001 -5.000000e+000
    endloop
  endfacet
  facet normal  0.000000e+000  0.000000e+000 -1.000000e+000
    outer loop
      vertex -2.803184e+001 -3.370005e+001 -5.000000e+000
      vertex  2.793283e+001 -3.364149e+001 -5.000000e+000
      vertex  2.804115e+001 -3.370517e+001 -5.000000e+000
    endloop
  endfacet
  facet normal  -0.000000e+000  0.000000e+000 -1.000000e+000
    outer loop
      vertex -2.803184e+001 -3.370005e+001 -5.000000e+000
      vertex  2.804115e+001 -3.370517e+001 -5.000000e+000
      vertex -2.814364e+001 -3.375739e+001 -5.000000e+000
    endloop
  endfacet
  facet normal  0.000000e+000  0.000000e+000 -1.000000e+000
    outer loop
      vertex -2.814364e+001 -3.375739e+001 -5.000000e+000
      vertex  2.804115e+001 -3.370517e+001 -5.000000e+000
      vertex  2.815325e+001 -3.376191e+001 -5.000000e+000
    endloop
  endfacet
  facet normal  -0.000000e+000  0.000000e+000 -1.000000e+000
    outer loop
      vertex -2.814364e+001 -3.375739e+001 -5.000000e+000
      vertex  2.815325e+001 -3.376191e+001 -5.000000e+000
      vertex -2.825882e+001 -3.380759e+001 -5.000000e+000
    endloop
  endfacet
  facet normal  0.000000e+000  0.000000e+000 -1.000000e+000
    outer loop
      vertex -2.825882e+001 -3.380759e+001 -5.000000e+000
      vertex  2.815325e+001 -3.376191e+001 -5.000000e+000
      vertex  2.826869e+001 -3.381150e+001 -5.000000e+000
    endloop
  endfacet
  facet normal  -0.000000e+000  0.000000e+000 -1.000000e+000
    outer loop
      vertex -2.825882e+001 -3.380759e+001 -5.000000e+000
      vertex  2.826869e+001 -3.381150e+001 -5.000000e+000
      vertex -2.837692e+001 -3.385046e+001 -5.000000e+000
    endloop
  endfacet
  facet normal  0.000000e+000  0.000000e+000 -1.000000e+000
    outer loop
      vertex -2.837692e+001 -3.385046e+001 -5.000000e+000
      vertex  2.826869e+001 -3.381150e+001 -5.000000e+000
      vertex  2.838702e+001 -3.385375e+001 -5.000000e+000
    endloop
  endfacet
  facet normal  -0.000000e+000  0.000000e+000 -1.000000e+000
    outer loop
      vertex -2.837692e+001 -3.385046e+001 -5.000000e+000
      vertex  2.838702e+001 -3.385375e+001 -5.000000e+000
      vertex -2.849748e+001 -3.388584e+001 -5.000000e+000
    endloop
  endfacet
  facet normal  0.000000e+000  0.000000e+000 -1.000000e+000
    outer loop
      vertex -2.849748e+001 -3.388584e+001 -5.000000e+000
      vertex  2.838702e+001 -3.385375e+001 -5.000000e+000
      vertex  2.850776e+001 -3.388848e+001 -5.000000e+000
    endloop
  endfacet
  facet normal  -0.000000e+000  0.000000e+000 -1.000000e+000
    outer loop
      vertex -2.849748e+001 -3.388584e+001 -5.000000e+000
      vertex  2.850776e+001 -3.388848e+001 -5.000000e+000
      vertex -2.862002e+001 -3.391357e+001 -5.000000e+000
    endloop
  endfacet
  facet normal  0.000000e+000  0.000000e+000 -9.999999e-001
    outer loop
      vertex -2.862002e+001 -3.391357e+001 -5.000000e+000
      vertex  2.850776e+001 -3.388848e+001 -5.000000e+000
      vertex  2.863046e+001 -3.391556e+001 -5.000000e+000
    endloop
  endfacet
  facet normal  -0.000000e+000  0.000000e+000 -1.000000e+000
    outer loop
      vertex -2.862002e+001 -3.391357e+001 -5.000000e+000
      vertex  2.863046e+001 -3.391556e+001 -5.000000e+000
      vertex -2.874407e+001 -3.393356e+001 -5.000000e+000
    endloop
  endfacet
  facet normal  0.000000e+000  0.000000e+000 -1.000000e+000
    outer loop
      vertex -2.874407e+001 -3.393356e+001 -5.000000e+000
      vertex  2.863046e+001 -3.391556e+001 -5.000000e+000
      vertex  2.875460e+001 -3.393489e+001 -5.000000e+000
    endloop
  endfacet
  facet normal  -0.000000e+000  0.000000e+000 -1.000000e+000
    outer loop
      vertex -2.874407e+001 -3.393356e+001 -5.000000e+000
      vertex  2.875460e+001 -3.393489e+001 -5.000000e+000
      vertex -2.886912e+001 -3.394571e+001 -5.000000e+000
    endloop
  endfacet
  facet normal  0.000000e+000  0.000000e+000 -1.000000e+000
    outer loop
      vertex -2.886912e+001 -3.394571e+001 -5.000000e+000
      vertex  2.875460e+001 -3.393489e+001 -5.000000e+000
      vertex  2.887972e+001 -3.394638e+001 -5.000000e+000
    endloop
  endfacet
  facet normal  0.000000e+000  0.000000e+000 -1.000000e+000
    outer loop
      vertex  3.754898e+001  1.036026e+001 -5.000000e+000
      vertex  3.450375e+001  1.066298e+001 -5.000000e+000
      vertex  3.746365e+001  1.072757e+001 -5.000000e+000
    endloop
  endfacet
  facet normal  -0.000000e+000  0.000000e+000 -1.000000e+000
    outer loop
      vertex  3.746365e+001  1.072757e+001 -5.000000e+000
      vertex  3.450375e+001  1.066298e+001 -5.000000e+000
      vertex  3.446150e+001  1.078131e+001 -5.000000e+000
    endloop
  endfacet
  facet normal  0.000000e+000  0.000000e+000 -1.000000e+000
    outer loop
      vertex  3.746365e+001  1.072757e+001 -5.000000e+000
      vertex  3.446150e+001  1.078131e+001 -5.000000e+000
      vertex  3.441191e+001  1.089675e+001 -5.000000e+000
    endloop
  endfacet
  facet normal  0.000000e+000  0.000000e+000 -1.000000e+000
    outer loop
      vertex  3.762700e+001  9.991319e+000 -5.000000e+000
      vertex  3.458489e+001  1.029540e+001 -5.000000e+000
      vertex  3.754898e+001  1.036026e+001 -5.000000e+000
    endloop
  endfacet
  facet normal  -0.000000e+000  0.000000e+000 -1.000000e+000
    outer loop
      vertex  3.754898e+001  1.036026e+001 -5.000000e+000
      vertex  3.458489e+001  1.029540e+001 -5.000000e+000
      vertex  3.456556e+001  1.041955e+001 -5.000000e+000
    endloop
  endfacet
  facet normal  0.000000e+000  0.000000e+000 -1.000000e+000
    outer loop
      vertex  3.754898e+001  1.036026e+001 -5.000000e+000
      vertex  3.456556e+001  1.041955e+001 -5.000000e+000
      vertex  3.453848e+001  1.054224e+001 -5.000000e+000
    endloop
  endfacet
  facet normal  0.000000e+000  0.000000e+000 -1.000000e+000
    outer loop
      vertex  3.769768e+001  9.620905e+000 -5.000000e+000
      vertex  3.459571e+001  9.919120e+000 -5.000000e+000
      vertex  3.762700e+001  9.991319e+000 -5.000000e+000
    endloop
  endfacet
  facet normal  -0.000000e+000  0.000000e+000 -9.999999e-001
    outer loop
      vertex  3.762700e+001  9.991319e+000 -5.000000e+000
      vertex  3.459571e+001  9.919120e+000 -5.000000e+000
      vertex  3.459999e+001  1.004469e+001 -5.000000e+000
    endloop
  endfacet
  facet normal  0.000000e+000  0.000000e+000 -1.000000e+000
    outer loop
      vertex  3.762700e+001  9.991319e+000 -5.000000e+000
      vertex  3.459999e+001  1.004469e+001 -5.000000e+000
      vertex  3.459638e+001  1.017028e+001 -5.000000e+000
    endloop
  endfacet
  facet normal  0.000000e+000  0.000000e+000 -1.000000e+000
    outer loop
      vertex  3.776100e+001  9.249162e+000 -5.000000e+000
      vertex  3.453584e+001  9.547479e+000 -5.000000e+000
      vertex  3.769768e+001  9.620905e+000 -5.000000e+000
    endloop
  endfacet
  facet normal  -0.000000e+000  0.000000e+000 -1.000000e+000
    outer loop
      vertex  3.769768e+001  9.620905e+000 -5.000000e+000
      vertex  3.453584e+001  9.547479e+000 -5.000000e+000
      vertex  3.456357e+001  9.670023e+000 -5.000000e+000
    endloop
  endfacet
  facet normal  0.000000e+000  0.000000e+000 -1.000000e+000
    outer loop
      vertex  3.769768e+001  9.620905e+000 -5.000000e+000
      vertex  3.456357e+001  9.670023e+000 -5.000000e+000
      vertex  3.458356e+001  9.794066e+000 -5.000000e+000
    endloop
  endfacet
  facet normal  0.000000e+000  0.000000e+000 -1.000000e+000
    outer loop
      vertex  3.440739e+001  9.193640e+000 -5.000000e+000
      vertex  3.776100e+001  9.249162e+000 -5.000000e+000
      vertex  3.435005e+001  9.081843e+000 -5.000000e+000
    endloop
  endfacet
  facet normal  0.000000e+000  0.000000e+000 -1.000000e+000
    outer loop
      vertex  3.435005e+001  9.081843e+000 -5.000000e+000
      vertex  3.776100e+001  9.249162e+000 -5.000000e+000
      vertex  3.781692e+001  8.876235e+000 -5.000000e+000
    endloop
  endfacet
  facet normal  0.000000e+000  0.000000e+000 -1.000000e+000
    outer loop
      vertex  3.435005e+001  9.081843e+000 -5.000000e+000
      vertex  3.781692e+001  8.876235e+000 -5.000000e+000
      vertex  3.428580e+001  8.973867e+000 -5.000000e+000
    endloop
  endfacet
  facet normal  9.530520e-001  3.028067e-001  0.000000e+000
    outer loop
      vertex  3.800000e+001  1.249000e+001 -4.000000e+000
      vertex  3.800000e+001  1.249000e+001  0.000000e+000
      vertex  3.812020e+001  1.211169e+001 -4.000000e+000
    endloop
  endfacet
  facet normal  9.530520e-001  3.028067e-001  -0.000000e+000
    outer loop
      vertex  3.812020e+001  1.211169e+001 -4.000000e+000
      vertex  3.800000e+001  1.249000e+001  0.000000e+000
      vertex  3.812020e+001  1.211169e+001  0.000000e+000
    endloop
  endfacet
  facet normal  9.588729e-001  2.838361e-001  0.000000e+000
    outer loop
      vertex  3.812020e+001  1.211169e+001 -4.000000e+000
      vertex  3.812020e+001  1.211169e+001  0.000000e+000
      vertex  3.823286e+001  1.173107e+001 -4.000000e+000
    endloop
  endfacet
  facet normal  9.588729e-001  2.838361e-001  -0.000000e+000
    outer loop
      vertex  3.823286e+001  1.173107e+001 -4.000000e+000
      vertex  3.812020e+001  1.211169e+001  0.000000e+000
      vertex  3.823286e+001  1.173107e+001  0.000000e+000
    endloop
  endfacet
  facet normal  9.643195e-001  2.647414e-001  0.000000e+000
    outer loop
      vertex  3.823286e+001  1.173107e+001 -4.000000e+000
      vertex  3.823286e+001  1.173107e+001  0.000000e+000
      vertex  3.833795e+001  1.134829e+001 -4.000000e+000
    endloop
  endfacet
  facet normal  9.643195e-001  2.647414e-001  -0.000000e+000
    outer loop
      vertex  3.833795e+001  1.134829e+001 -4.000000e+000
      vertex  3.823286e+001  1.173107e+001  0.000000e+000
      vertex  3.833795e+001  1.134829e+001  0.000000e+000
    endloop
  endfacet
  facet normal  9.693817e-001  2.455588e-001  0.000000e+000
    outer loop
      vertex  3.833795e+001  1.134829e+001 -4.000000e+000
      vertex  3.833795e+001  1.134829e+001  0.000000e+000
      vertex  3.843542e+001  1.096350e+001 -4.000000e+000
    endloop
  endfacet
  facet normal  9.693817e-001  2.455588e-001  -0.000000e+000
    outer loop
      vertex  3.843542e+001  1.096350e+001 -4.000000e+000
      vertex  3.833795e+001  1.134829e+001  0.000000e+000
      vertex  3.843542e+001  1.096350e+001  0.000000e+000
    endloop
  endfacet
  facet normal  9.740643e-001  2.262712e-001  0.000000e+000
    outer loop
      vertex  3.843542e+001  1.096350e+001 -4.000000e+000
      vertex  3.843542e+001  1.096350e+001  0.000000e+000
      vertex  3.852524e+001  1.057685e+001 -4.000000e+000
    endloop
  endfacet
  facet normal  9.740643e-001  2.262712e-001  -0.000000e+000
    outer loop
      vertex  3.852524e+001  1.057685e+001 -4.000000e+000
      vertex  3.843542e+001  1.096350e+001  0.000000e+000
      vertex  3.852524e+001  1.057685e+001  0.000000e+000
    endloop
  endfacet
  facet normal  9.783627e-001  2.068967e-001  0.000000e+000
    outer loop
      vertex  3.852524e+001  1.057685e+001 -4.000000e+000
      vertex  3.852524e+001  1.057685e+001  0.000000e+000
      vertex  3.860737e+001  1.018849e+001 -4.000000e+000
    endloop
  endfacet
  facet normal  9.783627e-001  2.068967e-001  -0.000000e+000
    outer loop
      vertex  3.860737e+001  1.018849e+001 -4.000000e+000
      vertex  3.852524e+001  1.057685e+001  0.000000e+000
      vertex  3.860737e+001  1.018849e+001  0.000000e+000
    endloop
  endfacet
  facet normal  9.822767e-001  1.874367e-001  0.000000e+000
    outer loop
      vertex  3.860737e+001  1.018849e+001 -4.000000e+000
      vertex  3.860737e+001  1.018849e+001  0.000000e+000
      vertex  3.868177e+001  9.798584e+000 -4.000000e+000
    endloop
  endfacet
  facet normal  9.822767e-001  1.874367e-001  -0.000000e+000
    outer loop
      vertex  3.868177e+001  9.798584e+000 -4.000000e+000
      vertex  3.860737e+001  1.018849e+001  0.000000e+000
      vertex  3.868177e+001  9.798584e+000  0.000000e+000
    endloop
  endfacet
  facet normal  9.858041e-001  1.678993e-001  0.000000e+000
    outer loop
      vertex  3.868177e+001  9.798584e+000 -4.000000e+000
      vertex  3.868177e+001  9.798584e+000  0.000000e+000
      vertex  3.874842e+001  9.407275e+000 -4.000000e+000
    endloop
  endfacet
  facet normal  9.858041e-001  1.678993e-001  -0.000000e+000
    outer loop
      vertex  3.874842e+001  9.407275e+000 -4.000000e+000
      vertex  3.868177e+001  9.798584e+000  0.000000e+000
      vertex  3.874842e+001  9.407275e+000  0.000000e+000
    endloop
  endfacet
  facet normal  9.889404e-001  1.483136e-001  0.000000e+000
    outer loop
      vertex  3.874842e+001  9.407275e+000 -4.000000e+000
      vertex  3.874842e+001  9.407275e+000  0.000000e+000
      vertex  3.880729e+001  9.014721e+000 -4.000000e+000
    endloop
  endfacet
  facet normal  9.889404e-001  1.483136e-001  -0.000000e+000
    outer loop
      vertex  3.880729e+001  9.014721e+000 -4.000000e+000
      vertex  3.874842e+001  9.407275e+000  0.000000e+000
      vertex  3.880729e+001  9.014721e+000  0.000000e+000
    endloop
  endfacet
  facet normal  9.916899e-001  1.286513e-001  0.000000e+000
    outer loop
      vertex  3.880729e+001  9.014721e+000 -4.000000e+000
      vertex  3.880729e+001  9.014721e+000  0.000000e+000
      vertex  3.885836e+001  8.621076e+000 -4.000000e+000
    endloop
  endfacet
  facet normal  9.916899e-001  1.286513e-001  -0.000000e+000
    outer loop
      vertex  3.885836e+001  8.621076e+000 -4.000000e+000
      vertex  3.880729e+001  9.014721e+000  0.000000e+000
      vertex  3.885836e+001  8.621076e+000  0.000000e+000
    endloop
  endfacet
  facet normal  9.940482e-001  1.089410e-001  0.000000e+000
    outer loop
      vertex  3.885836e+001  8.621076e+000 -4.000000e+000
      vertex  3.885836e+001  8.621076e+000  0.000000e+000
      vertex  3.890160e+001  8.226495e+000 -4.000000e+000
    endloop
  endfacet
  facet normal  9.940482e-001  1.089410e-001  -0.000000e+000
    outer loop
      vertex  3.890160e+001  8.226495e+000 -4.000000e+000
      vertex  3.885836e+001  8.621076e+000  0.000000e+000
      vertex  3.890160e+001  8.226495e+000  0.000000e+000
    endloop
  endfacet
  facet normal  9.960145e-001  8.919196e-002  0.000000e+000
    outer loop
      vertex  3.890160e+001  8.226495e+000 -4.000000e+000
      vertex  3.890160e+001  8.226495e+000  0.000000e+000
      vertex  3.893700e+001  7.831133e+000 -4.000000e+000
    endloop
  endfacet
  facet normal  9.960145e-001  8.919196e-002  -0.000000e+000
    outer loop
      vertex  3.893700e+001  7.831133e+000 -4.000000e+000
      vertex  3.890160e+001  8.226495e+000  0.000000e+000
      vertex  3.893700e+001  7.831133e+000  0.000000e+000
    endloop
  endfacet
  facet normal  9.975879e-001  6.941414e-002  0.000000e+000
    outer loop
      vertex  3.893700e+001  7.831133e+000 -4.000000e+000
      vertex  3.893700e+001  7.831133e+000  0.000000e+000
      vertex  3.896456e+001  7.435146e+000 -4.000000e+000
    endloop
  endfacet
  facet normal  9.975879e-001  6.941414e-002  -0.000000e+000
    outer loop
      vertex  3.896456e+001  7.435146e+000 -4.000000e+000
      vertex  3.893700e+001  7.831133e+000  0.000000e+000
      vertex  3.896456e+001  7.435146e+000  0.000000e+000
    endloop
  endfacet
  facet normal  9.987692e-001  4.959808e-002  0.000000e+000
    outer loop
      vertex  3.896456e+001  7.435146e+000 -4.000000e+000
      vertex  3.896456e+001  7.435146e+000  0.000000e+000
      vertex  3.898425e+001  7.038691e+000 -4.000000e+000
    endloop
  endfacet
  facet normal  9.987692e-001  4.959808e-002  -0.000000e+000
    outer loop
      vertex  3.898425e+001  7.038691e+000 -4.000000e+000
      vertex  3.896456e+001  7.435146e+000  0.000000e+000
      vertex  3.898425e+001  7.038691e+000  0.000000e+000
    endloop
  endfacet
  facet normal  9.995570e-001  2.976268e-002  0.000000e+000
    outer loop
      vertex  3.898425e+001  7.038691e+000 -4.000000e+000
      vertex  3.898425e+001  7.038691e+000  0.000000e+000
      vertex  3.899606e+001  6.641922e+000 -4.000000e+000
    endloop
  endfacet
  facet normal  9.995570e-001  2.976268e-002  -0.000000e+000
    outer loop
      vertex  3.899606e+001  6.641922e+000 -4.000000e+000
      vertex  3.898425e+001  7.038691e+000  0.000000e+000
      vertex  3.899606e+001  6.641922e+000  0.000000e+000
    endloop
  endfacet
  facet normal  9.999508e-001  9.927300e-003  0.000000e+000
    outer loop
      vertex  3.899606e+001  6.641922e+000 -4.000000e+000
      vertex  3.899606e+001  6.641922e+000  0.000000e+000
      vertex  3.900000e+001  6.244998e+000 -4.000000e+000
    endloop
  endfacet
  facet normal  9.999508e-001  9.927300e-003  -0.000000e+000
    outer loop
      vertex  3.900000e+001  6.244998e+000 -4.000000e+000
      vertex  3.899606e+001  6.641922e+000  0.000000e+000
      vertex  3.900000e+001  6.244998e+000  0.000000e+000
    endloop
  endfacet
  facet normal  1.000000e+000  0.000000e+000  0.000000e+000
    outer loop
      vertex  3.900000e+001  6.244998e+000 -4.000000e+000
      vertex  3.900000e+001  6.244998e+000  0.000000e+000
      vertex  3.900000e+001 -3.195000e+001 -4.000000e+000
    endloop
  endfacet
  facet normal  1.000000e+000  0.000000e+000  0.000000e+000
    outer loop
      vertex  3.900000e+001 -3.195000e+001 -4.000000e+000
      vertex  3.900000e+001  6.244998e+000  0.000000e+000
      vertex  3.900000e+001 -3.195000e+001  0.000000e+000
    endloop
  endfacet
  facet normal  9.999017e-001 -1.402183e-002  0.000000e+000
    outer loop
      vertex  3.900000e+001 -3.195000e+001 -4.000000e+000
      vertex  3.900000e+001 -3.195000e+001  0.000000e+000
      vertex  3.899607e+001 -3.223046e+001 -4.000000e+000
    endloop
  endfacet
  facet normal  9.999017e-001 -1.402183e-002  0.000000e+000
    outer loop
      vertex  3.899607e+001 -3.223046e+001 -4.000000e+000
      vertex  3.900000e+001 -3.195000e+001  0.000000e+000
      vertex  3.899607e+001 -3.223046e+001  0.000000e+000
    endloop
  endfacet
  facet normal  9.991148e-001 -4.206499e-002  0.000000e+000
    outer loop
      vertex  3.899607e+001 -3.223046e+001 -4.000000e+000
      vertex  3.899607e+001 -3.223046e+001  0.000000e+000
      vertex  3.898427e+001 -3.251070e+001 -4.000000e+000
    endloop
  endfacet
  facet normal  9.991148e-001 -4.206499e-002  0.000000e+000
    outer loop
      vertex  3.898427e+001 -3.251070e+001 -4.000000e+000
      vertex  3.899607e+001 -3.223046e+001  0.000000e+000
      vertex  3.898427e+001 -3.251070e+001  0.000000e+000
    endloop
  endfacet
  facet normal  9.975422e-001 -7.006786e-002  0.000000e+000
    outer loop
      vertex  3.898427e+001 -3.251070e+001 -4.000000e+000
      vertex  3.898427e+001 -3.251070e+001  0.000000e+000
      vertex  3.896461e+001 -3.279050e+001 -4.000000e+000
    endloop
  endfacet
  facet normal  9.975422e-001 -7.006786e-002  0.000000e+000
    outer loop
      vertex  3.896461e+001 -3.279050e+001 -4.000000e+000
      vertex  3.898427e+001 -3.251070e+001  0.000000e+000
      vertex  3.896461e+001 -3.279050e+001  0.000000e+000
    endloop
  endfacet
  facet normal  9.951848e-001 -9.801568e-002  0.000000e+000
    outer loop
      vertex  3.896461e+001 -3.279050e+001 -4.000000e+000
      vertex  3.896461e+001 -3.279050e+001  0.000000e+000
      vertex  3.893712e+001 -3.306964e+001 -4.000000e+000
    endloop
  endfacet
  facet normal  9.951848e-001 -9.801568e-002  0.000000e+000
    outer loop
      vertex  3.893712e+001 -3.306964e+001 -4.000000e+000
      vertex  3.896461e+001 -3.279050e+001  0.000000e+000
      vertex  3.893712e+001 -3.306964e+001  0.000000e+000
    endloop
  endfacet
  facet normal  9.920436e-001 -1.258959e-001  0.000000e+000
    outer loop
      vertex  3.893712e+001 -3.306964e+001 -4.000000e+000
      vertex  3.893712e+001 -3.306964e+001  0.000000e+000
      vertex  3.890181e+001 -3.334790e+001 -4.000000e+000
    endloop
  endfacet
  facet normal  9.920436e-001 -1.258959e-001  0.000000e+000
    outer loop
      vertex  3.890181e+001 -3.334790e+001 -4.000000e+000
      vertex  3.893712e+001 -3.306964e+001  0.000000e+000
      vertex  3.890181e+001 -3.334790e+001  0.000000e+000
    endloop
  endfacet
  facet normal  9.881244e-001 -1.536554e-001  0.000000e+000
    outer loop
      vertex  3.890181e+001 -3.334790e+001 -4.000000e+000
      vertex  3.890181e+001 -3.334790e+001  0.000000e+000
      vertex  3.885871e+001 -3.362506e+001 -4.000000e+000
    endloop
  endfacet
  facet normal  9.881244e-001 -1.536554e-001  0.000000e+000
    outer loop
      vertex  3.885871e+001 -3.362506e+001 -4.000000e+000
      vertex  3.890181e+001 -3.334790e+001  0.000000e+000
      vertex  3.885871e+001 -3.362506e+001  0.000000e+000
    endloop
  endfacet
  facet normal  9.834247e-001 -1.813168e-001  0.000000e+000
    outer loop
      vertex  3.885871e+001 -3.362506e+001 -4.000000e+000
      vertex  3.885871e+001 -3.362506e+001  0.000000e+000
      vertex  3.880785e+001 -3.390090e+001 -4.000000e+000
    endloop
  endfacet
  facet normal  9.834247e-001 -1.813168e-001  0.000000e+000
    outer loop
      vertex  3.880785e+001 -3.390090e+001 -4.000000e+000
      vertex  3.885871e+001 -3.362506e+001  0.000000e+000
      vertex  3.880785e+001 -3.390090e+001  0.000000e+000
    endloop
  endfacet
  facet normal  9.779522e-001 -2.088287e-001  0.000000e+000
    outer loop
      vertex  3.880785e+001 -3.390090e+001 -4.000000e+000
      vertex  3.880785e+001 -3.390090e+001  0.000000e+000
      vertex  3.874928e+001 -3.417521e+001 -4.000000e+000
    endloop
  endfacet
  facet normal  9.779522e-001 -2.088287e-001  0.000000e+000
    outer loop
      vertex  3.874928e+001 -3.417521e+001 -4.000000e+000
      vertex  3.880785e+001 -3.390090e+001  0.000000e+000
      vertex  3.874928e+001 -3.417521e+001  0.000000e+000
    endloop
  endfacet
  facet normal  9.717129e-001 -2.361656e-001  0.000000e+000
    outer loop
      vertex  3.874928e+001 -3.417521e+001 -4.000000e+000
      vertex  3.874928e+001 -3.417521e+001  0.000000e+000
      vertex  3.868304e+001 -3.444777e+001 -4.000000e+000
    endloop
  endfacet
  facet normal  9.717129e-001 -2.361656e-001  0.000000e+000
    outer loop
      vertex  3.868304e+001 -3.444777e+001 -4.000000e+000
      vertex  3.874928e+001 -3.417521e+001  0.000000e+000
      vertex  3.868304e+001 -3.444777e+001  0.000000e+000
    endloop
  endfacet
  facet normal  9.647029e-001 -2.633407e-001  0.000000e+000
    outer loop
      vertex  3.868304e+001 -3.444777e+001 -4.000000e+000
      vertex  3.868304e+001 -3.444777e+001  0.000000e+000
      vertex  3.860917e+001 -3.471835e+001 -4.000000e+000
    endloop
  endfacet
  facet normal  9.647029e-001 -2.633407e-001  0.000000e+000
    outer loop
      vertex  3.860917e+001 -3.471835e+001 -4.000000e+000
      vertex  3.868304e+001 -3.444777e+001  0.000000e+000
      vertex  3.860917e+001 -3.471835e+001  0.000000e+000
    endloop
  endfacet
  facet normal  9.569418e-001 -2.902799e-001  0.000000e+000
    outer loop
      vertex  3.860917e+001 -3.471835e+001 -4.000000e+000
      vertex  3.860917e+001 -3.471835e+001  0.000000e+000
      vertex  3.852775e+001 -3.498677e+001 -4.000000e+000
    endloop
  endfacet
  facet normal  9.569418e-001 -2.902799e-001  0.000000e+000
    outer loop
      vertex  3.852775e+001 -3.498677e+001 -4.000000e+000
      vertex  3.860917e+001 -3.471835e+001  0.000000e+000
      vertex  3.852775e+001 -3.498677e+001  0.000000e+000
    endloop
  endfacet
  facet normal  9.484246e-001 -3.170029e-001  0.000000e+000
    outer loop
      vertex  3.852775e+001 -3.498677e+001 -4.000000e+000
      vertex  3.852775e+001 -3.498677e+001  0.000000e+000
      vertex  3.843884e+001 -3.525279e+001 -4.000000e+000
    endloop
  endfacet
  facet normal  9.484246e-001 -3.170029e-001  0.000000e+000
    outer loop
      vertex  3.843884e+001 -3.525279e+001 -4.000000e+000
      vertex  3.852775e+001 -3.498677e+001  0.000000e+000
      vertex  3.843884e+001 -3.525279e+001  0.000000e+000
    endloop
  endfacet
  facet normal  9.391580e-001 -3.434853e-001  0.000000e+000
    outer loop
      vertex  3.843884e+001 -3.525279e+001 -4.000000e+000
      vertex  3.843884e+001 -3.525279e+001  0.000000e+000
      vertex  3.834249e+001 -3.551622e+001 -4.000000e+000
    endloop
  endfacet
  facet normal  9.391580e-001 -3.434853e-001  0.000000e+000
    outer loop
      vertex  3.834249e+001 -3.551622e+001 -4.000000e+000
      vertex  3.843884e+001 -3.525279e+001  0.000000e+000
      vertex  3.834249e+001 -3.551622e+001  0.000000e+000
    endloop
  endfacet
  facet normal  9.291533e-001 -3.696947e-001  0.000000e+000
    outer loop
      vertex  3.834249e+001 -3.551622e+001 -4.000000e+000
      vertex  3.834249e+001 -3.551622e+001  0.000000e+000
      vertex  3.823880e+001 -3.577683e+001 -4.000000e+000
    endloop
  endfacet
  facet normal  9.291533e-001 -3.696947e-001  0.000000e+000
    outer loop
      vertex  3.823880e+001 -3.577683e+001 -4.000000e+000
      vertex  3.834249e+001 -3.551622e+001  0.000000e+000
      vertex  3.823880e+001 -3.577683e+001  0.000000e+000
    endloop
  endfacet
  facet normal  9.184240e-001 -3.955978e-001  0.000000e+000
    outer loop
      vertex  3.823880e+001 -3.577683e+001 -4.000000e+000
      vertex  3.823880e+001 -3.577683e+001  0.000000e+000
      vertex  3.812783e+001 -3.603444e+001 -4.000000e+000
    endloop
  endfacet
  facet normal  9.184240e-001 -3.955978e-001  0.000000e+000
    outer loop
      vertex  3.812783e+001 -3.603444e+001 -4.000000e+000
      vertex  3.823880e+001 -3.577683e+001  0.000000e+000
      vertex  3.812783e+001 -3.603444e+001  0.000000e+000
    endloop
  endfacet
  facet normal  9.069637e-001 -4.212088e-001  0.000000e+000
    outer loop
      vertex  3.812783e+001 -3.603444e+001 -4.000000e+000
      vertex  3.812783e+001 -3.603444e+001  0.000000e+000
      vertex  3.800969e+001 -3.628884e+001 -4.000000e+000
    endloop
  endfacet
  facet normal  9.069637e-001 -4.212088e-001  0.000000e+000
    outer loop
      vertex  3.800969e+001 -3.628884e+001 -4.000000e+000
      vertex  3.812783e+001 -3.603444e+001  0.000000e+000
      vertex  3.800969e+001 -3.628884e+001  0.000000e+000
    endloop
  endfacet
  facet normal  8.947940e-001 -4.464790e-001  0.000000e+000
    outer loop
      vertex  3.800969e+001 -3.628884e+001 -4.000000e+000
      vertex  3.800969e+001 -3.628884e+001  0.000000e+000
      vertex  3.788446e+001 -3.653982e+001 -4.000000e+000
    endloop
  endfacet
  facet normal  8.947940e-001 -4.464790e-001  0.000000e+000
    outer loop
      vertex  3.788446e+001 -3.653982e+001 -4.000000e+000
      vertex  3.800969e+001 -3.628884e+001  0.000000e+000
      vertex  3.788446e+001 -3.653982e+001  0.000000e+000
    endloop
  endfacet
  facet normal  8.819238e-001 -4.713921e-001  0.000000e+000
    outer loop
      vertex  3.788446e+001 -3.653982e+001 -4.000000e+000
      vertex  3.788446e+001 -3.653982e+001  0.000000e+000
      vertex  3.775224e+001 -3.678719e+001 -4.000000e+000
    endloop
  endfacet
  facet normal  8.819238e-001 -4.713921e-001  0.000000e+000
    outer loop
      vertex  3.775224e+001 -3.678719e+001 -4.000000e+000
      vertex  3.788446e+001 -3.653982e+001  0.000000e+000
      vertex  3.775224e+001 -3.678719e+001  0.000000e+000
    endloop
  endfacet
  facet normal  8.683494e-001 -4.959529e-001  0.000000e+000
    outer loop
      vertex  3.775224e+001 -3.678719e+001 -4.000000e+000
      vertex  3.775224e+001 -3.678719e+001  0.000000e+000
      vertex  3.761312e+001 -3.703075e+001 -4.000000e+000
    endloop
  endfacet
  facet normal  8.683494e-001 -4.959529e-001  0.000000e+000
    outer loop
      vertex  3.761312e+001 -3.703075e+001 -4.000000e+000
      vertex  3.775224e+001 -3.678719e+001  0.000000e+000
      vertex  3.761312e+001 -3.703075e+001  0.000000e+000
    endloop
  endfacet
  facet normal  8.541061e-001 -5.200988e-001  0.000000e+000
    outer loop
      vertex  3.761312e+001 -3.703075e+001 -4.000000e+000
      vertex  3.761312e+001 -3.703075e+001  0.000000e+000
      vertex  3.746724e+001 -3.727032e+001 -4.000000e+000
    endloop
  endfacet
  facet normal  8.541061e-001 -5.200988e-001  0.000000e+000
    outer loop
      vertex  3.746724e+001 -3.727032e+001 -4.000000e+000
      vertex  3.761312e+001 -3.703075e+001  0.000000e+000
      vertex  3.746724e+001 -3.727032e+001  0.000000e+000
    endloop
  endfacet
  facet normal  8.391799e-001 -5.438539e-001  0.000000e+000
    outer loop
      vertex  3.746724e+001 -3.727032e+001 -4.000000e+000
      vertex  3.746724e+001 -3.727032e+001  0.000000e+000
      vertex  3.731470e+001 -3.750570e+001 -4.000000e+000
    endloop
  endfacet
  facet normal  8.391799e-001 -5.438539e-001  0.000000e+000
    outer loop
      vertex  3.731470e+001 -3.750570e+001 -4.000000e+000
      vertex  3.746724e+001 -3.727032e+001  0.000000e+000
      vertex  3.731470e+001 -3.750570e+001  0.000000e+000
    endloop
  endfacet
  facet normal  8.235949e-001 -5.671786e-001  0.000000e+000
    outer loop
      vertex  3.731470e+001 -3.750570e+001 -4.000000e+000
      vertex  3.731470e+001 -3.750570e+001  0.000000e+000
      vertex  3.715561e+001 -3.773671e+001 -4.000000e+000
    endloop
  endfacet
  facet normal  8.235949e-001 -5.671786e-001  0.000000e+000
    outer loop
      vertex  3.715561e+001 -3.773671e+001 -4.000000e+000
      vertex  3.731470e+001 -3.750570e+001  0.000000e+000
      vertex  3.715561e+001 -3.773671e+001  0.000000e+000
    endloop
  endfacet
  facet normal  8.073612e-001 -5.900576e-001  0.000000e+000
    outer loop
      vertex  3.715561e+001 -3.773671e+001 -4.000000e+000
      vertex  3.715561e+001 -3.773671e+001  0.000000e+000
      vertex  3.699010e+001 -3.796317e+001 -4.000000e+000
    endloop
  endfacet
  facet normal  8.073612e-001 -5.900576e-001  0.000000e+000
    outer loop
      vertex  3.699010e+001 -3.796317e+001 -4.000000e+000
      vertex  3.715561e+001 -3.773671e+001  0.000000e+000
      vertex  3.699010e+001 -3.796317e+001  0.000000e+000
    endloop
  endfacet
  facet normal  7.904998e-001 -6.124622e-001  0.000000e+000
    outer loop
      vertex  3.699010e+001 -3.796317e+001 -4.000000e+000
      vertex  3.699010e+001 -3.796317e+001  0.000000e+000
      vertex  3.681831e+001 -3.818490e+001 -4.000000e+000
    endloop
  endfacet
  facet normal  7.904998e-001 -6.124622e-001  0.000000e+000
    outer loop
      vertex  3.681831e+001 -3.818490e+001 -4.000000e+000
      vertex  3.699010e+001 -3.796317e+001  0.000000e+000
      vertex  3.681831e+001 -3.818490e+001  0.000000e+000
    endloop
  endfacet
  facet normal  7.730087e-001 -6.343954e-001  0.000000e+000
    outer loop
      vertex  3.681831e+001 -3.818490e+001 -4.000000e+000
      vertex  3.681831e+001 -3.818490e+001  0.000000e+000
      vertex  3.664037e+001 -3.840172e+001 -4.000000e+000
    endloop
  endfacet
  facet normal  7.730087e-001 -6.343954e-001  0.000000e+000
    outer loop
      vertex  3.664037e+001 -3.840172e+001 -4.000000e+000
      vertex  3.681831e+001 -3.818490e+001  0.000000e+000
      vertex  3.664037e+001 -3.840172e+001  0.000000e+000
    endloop
  endfacet
  facet normal  7.549140e-001 -6.558237e-001  0.000000e+000
    outer loop
      vertex  3.664037e+001 -3.840172e+001 -4.000000e+000
      vertex  3.664037e+001 -3.840172e+001  0.000000e+000
      vertex  3.645642e+001 -3.861346e+001 -4.000000e+000
    endloop
  endfacet
  facet normal  7.549140e-001 -6.558237e-001  0.000000e+000
    outer loop
      vertex  3.645642e+001 -3.861346e+001 -4.000000e+000
      vertex  3.664037e+001 -3.840172e+001  0.000000e+000
      vertex  3.645642e+001 -3.861346e+001  0.000000e+000
    endloop
  endfacet
  facet normal  7.362243e-001 -6.767377e-001  0.000000e+000
    outer loop
      vertex  3.645642e+001 -3.861346e+001 -4.000000e+000
      vertex  3.645642e+001 -3.861346e+001  0.000000e+000
      vertex  3.626660e+001 -3.881997e+001 -4.000000e+000
    endloop
  endfacet
  facet normal  7.362243e-001 -6.767377e-001  0.000000e+000
    outer loop
      vertex  3.626660e+001 -3.881997e+001 -4.000000e+000
      vertex  3.645642e+001 -3.861346e+001  0.000000e+000
      vertex  3.626660e+001 -3.881997e+001  0.000000e+000
    endloop
  endfacet
  facet normal  7.169585e-001 -6.971159e-001  0.000000e+000
    outer loop
      vertex  3.626660e+001 -3.881997e+001 -4.000000e+000
      vertex  3.626660e+001 -3.881997e+001  0.000000e+000
      vertex  3.607107e+001 -3.902107e+001 -4.000000e+000
    endloop
  endfacet
  facet normal  7.169585e-001 -6.971159e-001  0.000000e+000
    outer loop
      vertex  3.607107e+001 -3.902107e+001 -4.000000e+000
      vertex  3.626660e+001 -3.881997e+001  0.000000e+000
      vertex  3.607107e+001 -3.902107e+001  0.000000e+000
    endloop
  endfacet
  facet normal  6.971159e-001 -7.169585e-001  0.000000e+000
    outer loop
      vertex  3.607107e+001 -3.902107e+001 -4.000000e+000
      vertex  3.607107e+001 -3.902107e+001  0.000000e+000
      vertex  3.586997e+001 -3.921660e+001 -4.000000e+000
    endloop
  endfacet
  facet normal  6.971159e-001 -7.169585e-001  0.000000e+000
    outer loop
      vertex  3.586997e+001 -3.921660e+001 -4.000000e+000
      vertex  3.607107e+001 -3.902107e+001  0.000000e+000
      vertex  3.586997e+001 -3.921660e+001  0.000000e+000
    endloop
  endfacet
  facet normal  6.767445e-001 -7.362180e-001  0.000000e+000
    outer loop
      vertex  3.586997e+001 -3.921660e+001 -4.000000e+000
      vertex  3.586997e+001 -3.921660e+001  0.000000e+000
      vertex  3.566347e+001 -3.940642e+001 -4.000000e+000
    endloop
  endfacet
  facet normal  6.767445e-001 -7.362180e-001  0.000000e+000
    outer loop
      vertex  3.566347e+001 -3.940642e+001 -4.000000e+000
      vertex  3.586997e+001 -3.921660e+001  0.000000e+000
      vertex  3.566347e+001 -3.940642e+001  0.000000e+000
    endloop
  endfacet
  facet normal  6.558237e-001 -7.549140e-001  0.000000e+000
    outer loop
      vertex  3.566347e+001 -3.940642e+001 -4.000000e+000
      vertex  3.566347e+001 -3.940642e+001  0.000000e+000
      vertex  3.545172e+001 -3.959037e+001 -4.000000e+000
    endloop
  endfacet
  facet normal  6.558237e-001 -7.549140e-001  0.000000e+000
    outer loop
      vertex  3.545172e+001 -3.959037e+001 -4.000000e+000
      vertex  3.566347e+001 -3.940642e+001  0.000000e+000
      vertex  3.545172e+001 -3.959037e+001  0.000000e+000
    endloop
  endfacet
  facet normal  6.343887e-001 -7.730142e-001  0.000000e+000
    outer loop
      vertex  3.545172e+001 -3.959037e+001 -4.000000e+000
      vertex  3.545172e+001 -3.959037e+001  0.000000e+000
      vertex  3.523490e+001 -3.976831e+001 -4.000000e+000
    endloop
  endfacet
  facet normal  6.343887e-001 -7.730142e-001  0.000000e+000
    outer loop
      vertex  3.523490e+001 -3.976831e+001 -4.000000e+000
      vertex  3.545172e+001 -3.959037e+001  0.000000e+000
      vertex  3.523490e+001 -3.976831e+001  0.000000e+000
    endloop
  endfacet
  facet normal  6.124688e-001 -7.904947e-001  0.000000e+000
    outer loop
      vertex  3.523490e+001 -3.976831e+001 -4.000000e+000
      vertex  3.523490e+001 -3.976831e+001  0.000000e+000
      vertex  3.501317e+001 -3.994011e+001 -4.000000e+000
    endloop
  endfacet
  facet normal  6.124688e-001 -7.904947e-001  0.000000e+000
    outer loop
      vertex  3.501317e+001 -3.994011e+001 -4.000000e+000
      vertex  3.523490e+001 -3.976831e+001  0.000000e+000
      vertex  3.501317e+001 -3.994011e+001  0.000000e+000
    endloop
  endfacet
  facet normal  5.900510e-001 -8.073660e-001  0.000000e+000
    outer loop
      vertex  3.501317e+001 -3.994011e+001 -4.000000e+000
      vertex  3.501317e+001 -3.994011e+001  0.000000e+000
      vertex  3.478671e+001 -4.010561e+001 -4.000000e+000
    endloop
  endfacet
  facet normal  5.900510e-001 -8.073660e-001  0.000000e+000
    outer loop
      vertex  3.478671e+001 -4.010561e+001 -4.000000e+000
      vertex  3.501317e+001 -3.994011e+001  0.000000e+000
      vertex  3.478671e+001 -4.010561e+001  0.000000e+000
    endloop
  endfacet
  facet normal  5.671786e-001 -8.235949e-001  0.000000e+000
    outer loop
      vertex  3.478671e+001 -4.010561e+001 -4.000000e+000
      vertex  3.478671e+001 -4.010561e+001  0.000000e+000
      vertex  3.455570e+001 -4.026470e+001 -4.000000e+000
    endloop
  endfacet
  facet normal  5.671786e-001 -8.235949e-001  0.000000e+000
    outer loop
      vertex  3.455570e+001 -4.026470e+001 -4.000000e+000
      vertex  3.478671e+001 -4.010561e+001  0.000000e+000
      vertex  3.455570e+001 -4.026470e+001  0.000000e+000
    endloop
  endfacet
  facet normal  5.438444e-001 -8.391861e-001  0.000000e+000
    outer loop
      vertex  3.455570e+001 -4.026470e+001 -4.000000e+000
      vertex  3.455570e+001 -4.026470e+001  0.000000e+000
      vertex  3.432032e+001 -4.041724e+001 -4.000000e+000
    endloop
  endfacet
  facet normal  5.438444e-001 -8.391861e-001  0.000000e+000
    outer loop
      vertex  3.432032e+001 -4.041724e+001 -4.000000e+000
      vertex  3.455570e+001 -4.026470e+001  0.000000e+000
      vertex  3.432032e+001 -4.041724e+001  0.000000e+000
    endloop
  endfacet
  facet normal  5.201087e-001 -8.541000e-001  0.000000e+000
    outer loop
      vertex  3.432032e+001 -4.041724e+001 -4.000000e+000
      vertex  3.432032e+001 -4.041724e+001  0.000000e+000
      vertex  3.408075e+001 -4.056313e+001 -4.000000e+000
    endloop
  endfacet
  facet normal  5.201087e-001 -8.541000e-001  0.000000e+000
    outer loop
      vertex  3.408075e+001 -4.056313e+001 -4.000000e+000
      vertex  3.432032e+001 -4.041724e+001  0.000000e+000
      vertex  3.408075e+001 -4.056313e+001  0.000000e+000
    endloop
  endfacet
  facet normal  4.959426e-001 -8.683552e-001  0.000000e+000
    outer loop
      vertex  3.408075e+001 -4.056313e+001 -4.000000e+000
      vertex  3.408075e+001 -4.056313e+001  0.000000e+000
      vertex  3.383719e+001 -4.070223e+001 -4.000000e+000
    endloop
  endfacet
  facet normal  4.959426e-001 -8.683552e-001  0.000000e+000
    outer loop
      vertex  3.383719e+001 -4.070223e+001 -4.000000e+000
      vertex  3.408075e+001 -4.056313e+001  0.000000e+000
      vertex  3.383719e+001 -4.070223e+001  0.000000e+000
    endloop
  endfacet
  facet normal  4.714026e-001 -8.819181e-001  0.000000e+000
    outer loop
      vertex  3.383719e+001 -4.070223e+001 -4.000000e+000
      vertex  3.383719e+001 -4.070223e+001  0.000000e+000
      vertex  3.358982e+001 -4.083446e+001 -4.000000e+000
    endloop
  endfacet
  facet normal  4.714026e-001 -8.819181e-001  0.000000e+000
    outer loop
      vertex  3.358982e+001 -4.083446e+001 -4.000000e+000
      vertex  3.383719e+001 -4.070223e+001  0.000000e+000
      vertex  3.358982e+001 -4.083446e+001  0.000000e+000
    endloop
  endfacet
  facet normal  4.464790e-001 -8.947940e-001  0.000000e+000
    outer loop
      vertex  3.358982e+001 -4.083446e+001 -4.000000e+000
      vertex  3.358982e+001 -4.083446e+001  0.000000e+000
      vertex  3.333884e+001 -4.095969e+001 -4.000000e+000
    endloop
  endfacet
  facet normal  4.464790e-001 -8.947940e-001  0.000000e+000
    outer loop
      vertex  3.333884e+001 -4.095969e+001 -4.000000e+000
      vertex  3.358982e+001 -4.083446e+001  0.000000e+000
      vertex  3.333884e+001 -4.095969e+001  0.000000e+000
    endloop
  endfacet
  facet normal  4.211976e-001 -9.069690e-001  0.000000e+000
    outer loop
      vertex  3.333884e+001 -4.095969e+001 -4.000000e+000
      vertex  3.333884e+001 -4.095969e+001  0.000000e+000
      vertex  3.308444e+001 -4.107783e+001 -4.000000e+000
    endloop
  endfacet
  facet normal  4.211976e-001 -9.069690e-001  0.000000e+000
    outer loop
      vertex  3.308444e+001 -4.107783e+001 -4.000000e+000
      vertex  3.333884e+001 -4.095969e+001  0.000000e+000
      vertex  3.308444e+001 -4.107783e+001  0.000000e+000
    endloop
  endfacet
  facet normal  3.956142e-001 -9.184168e-001  0.000000e+000
    outer loop
      vertex  3.308444e+001 -4.107783e+001 -4.000000e+000
      vertex  3.308444e+001 -4.107783e+001  0.000000e+000
      vertex  3.282684e+001 -4.118880e+001 -4.000000e+000
    endloop
  endfacet
  facet normal  3.956142e-001 -9.184168e-001  0.000000e+000
    outer loop
      vertex  3.282684e+001 -4.118880e+001 -4.000000e+000
      vertex  3.308444e+001 -4.107783e+001  0.000000e+000
      vertex  3.282684e+001 -4.118880e+001  0.000000e+000
    endloop
  endfacet
  facet normal  3.696783e-001 -9.291598e-001  0.000000e+000
    outer loop
      vertex  3.282684e+001 -4.118880e+001 -4.000000e+000
      vertex  3.282684e+001 -4.118880e+001  0.000000e+000
      vertex  3.256622e+001 -4.129249e+001 -4.000000e+000
    endloop
  endfacet
  facet normal  3.696783e-001 -9.291598e-001  0.000000e+000
    outer loop
      vertex  3.256622e+001 -4.129249e+001 -4.000000e+000
      vertex  3.282684e+001 -4.118880e+001  0.000000e+000
      vertex  3.256622e+001 -4.129249e+001  0.000000e+000
    endloop
  endfacet
  facet normal  3.434853e-001 -9.391580e-001  0.000000e+000
    outer loop
      vertex  3.256622e+001 -4.129249e+001 -4.000000e+000
      vertex  3.256622e+001 -4.129249e+001  0.000000e+000
      vertex  3.230279e+001 -4.138883e+001 -4.000000e+000
    endloop
  endfacet
  facet normal  3.434853e-001 -9.391580e-001  0.000000e+000
    outer loop
      vertex  3.230279e+001 -4.138883e+001 -4.000000e+000
      vertex  3.256622e+001 -4.129249e+001  0.000000e+000
      vertex  3.230279e+001 -4.138883e+001  0.000000e+000
    endloop
  endfacet
  facet normal  3.170151e-001 -9.484205e-001  0.000000e+000
    outer loop
      vertex  3.230279e+001 -4.138883e+001 -4.000000e+000
      vertex  3.230279e+001 -4.138883e+001  0.000000e+000
      vertex  3.203677e+001 -4.147775e+001 -4.000000e+000
    endloop
  endfacet
  facet normal  3.170151e-001 -9.484205e-001  0.000000e+000
    outer loop
      vertex  3.203677e+001 -4.147775e+001 -4.000000e+000
      vertex  3.230279e+001 -4.138883e+001  0.000000e+000
      vertex  3.203677e+001 -4.147775e+001  0.000000e+000
    endloop
  endfacet
  facet normal  2.902818e-001 -9.569412e-001  0.000000e+000
    outer loop
      vertex  3.203677e+001 -4.147775e+001 -4.000000e+000
      vertex  3.203677e+001 -4.147775e+001  0.000000e+000
      vertex  3.176835e+001 -4.155917e+001 -4.000000e+000
    endloop
  endfacet
  facet normal  2.902818e-001 -9.569412e-001  0.000000e+000
    outer loop
      vertex  3.176835e+001 -4.155917e+001 -4.000000e+000
      vertex  3.203677e+001 -4.147775e+001  0.000000e+000
      vertex  3.176835e+001 -4.155917e+001  0.000000e+000
    endloop
  endfacet
  facet normal  2.633263e-001 -9.647068e-001  0.000000e+000
    outer loop
      vertex  3.176835e+001 -4.155917e+001 -4.000000e+000
      vertex  3.176835e+001 -4.155917e+001  0.000000e+000
      vertex  3.149776e+001 -4.163303e+001 -4.000000e+000
    endloop
  endfacet
  facet normal  2.633263e-001 -9.647068e-001  0.000000e+000
    outer loop
      vertex  3.149776e+001 -4.163303e+001 -4.000000e+000
      vertex  3.176835e+001 -4.155917e+001  0.000000e+000
      vertex  3.149776e+001 -4.163303e+001  0.000000e+000
    endloop
  endfacet
  facet normal  2.361800e-001 -9.717094e-001  0.000000e+000
    outer loop
      vertex  3.149776e+001 -4.163303e+001 -4.000000e+000
      vertex  3.149776e+001 -4.163303e+001  0.000000e+000
      vertex  3.122521e+001 -4.169928e+001 -4.000000e+000
    endloop
  endfacet
  facet normal  2.361800e-001 -9.717094e-001  0.000000e+000
    outer loop
      vertex  3.122521e+001 -4.169928e+001 -4.000000e+000
      vertex  3.149776e+001 -4.163303e+001  0.000000e+000
      vertex  3.122521e+001 -4.169928e+001  0.000000e+000
    endloop
  endfacet
  facet normal  2.088287e-001 -9.779522e-001  0.000000e+000
    outer loop
      vertex  3.122521e+001 -4.169928e+001 -4.000000e+000
      vertex  3.122521e+001 -4.169928e+001  0.000000e+000
      vertex  3.095090e+001 -4.175785e+001 -4.000000e+000
    endloop
  endfacet
  facet normal  2.088287e-001 -9.779522e-001  0.000000e+000
    outer loop
      vertex  3.095090e+001 -4.175785e+001 -4.000000e+000
      vertex  3.122521e+001 -4.169928e+001  0.000000e+000
      vertex  3.095090e+001 -4.175785e+001  0.000000e+000
    endloop
  endfacet
  facet normal  1.813168e-001 -9.834247e-001  0.000000e+000
    outer loop
      vertex  3.095090e+001 -4.175785e+001 -4.000000e+000
      vertex  3.095090e+001 -4.175785e+001  0.000000e+000
      vertex  3.067506e+001 -4.180871e+001 -4.000000e+000
    endloop
  endfacet
  facet normal  1.813168e-001 -9.834247e-001  0.000000e+000
    outer loop
      vertex  3.067506e+001 -4.180871e+001 -4.000000e+000
      vertex  3.095090e+001 -4.175785e+001  0.000000e+000
      vertex  3.067506e+001 -4.180871e+001  0.000000e+000
    endloop
  endfacet
  facet normal  1.536543e-001 -9.881246e-001  0.000000e+000
    outer loop
      vertex  3.067506e+001 -4.180871e+001 -4.000000e+000
      vertex  3.067506e+001 -4.180871e+001  0.000000e+000
      vertex  3.039790e+001 -4.185181e+001 -4.000000e+000
    endloop
  endfacet
  facet normal  1.536543e-001 -9.881246e-001  0.000000e+000
    outer loop
      vertex  3.039790e+001 -4.185181e+001 -4.000000e+000
      vertex  3.067506e+001 -4.180871e+001  0.000000e+000
      vertex  3.039790e+001 -4.185181e+001  0.000000e+000
    endloop
  endfacet
  facet normal  1.258959e-001 -9.920436e-001  0.000000e+000
    outer loop
      vertex  3.039790e+001 -4.185181e+001 -4.000000e+000
      vertex  3.039790e+001 -4.185181e+001  0.000000e+000
      vertex  3.011964e+001 -4.188712e+001 -4.000000e+000
    endloop
  endfacet
  facet normal  1.258959e-001 -9.920436e-001  0.000000e+000
    outer loop
      vertex  3.011964e+001 -4.188712e+001 -4.000000e+000
      vertex  3.039790e+001 -4.185181e+001  0.000000e+000
      vertex  3.011964e+001 -4.188712e+001  0.000000e+000
    endloop
  endfacet
  facet normal  9.801634e-002 -9.951848e-001  0.000000e+000
    outer loop
      vertex  3.011964e+001 -4.188712e+001 -4.000000e+000
      vertex  3.011964e+001 -4.188712e+001  0.000000e+000
      vertex  2.984051e+001 -4.191462e+001 -4.000000e+000
    endloop
  endfacet
  facet normal  9.801634e-002 -9.951848e-001  0.000000e+000
    outer loop
      vertex  2.984051e+001 -4.191462e+001 -4.000000e+000
      vertex  3.011964e+001 -4.188712e+001  0.000000e+000
      vertex  2.984051e+001 -4.191462e+001  0.000000e+000
    endloop
  endfacet
  facet normal  7.006786e-002 -9.975422e-001  0.000000e+000
    outer loop
      vertex  2.984051e+001 -4.191462e+001 -4.000000e+000
      vertex  2.984051e+001 -4.191462e+001  0.000000e+000
      vertex  2.956071e+001 -4.193427e+001 -4.000000e+000
    endloop
  endfacet
  facet normal  7.006786e-002 -9.975422e-001  0.000000e+000
    outer loop
      vertex  2.956071e+001 -4.193427e+001 -4.000000e+000
      vertex  2.984051e+001 -4.191462e+001  0.000000e+000
      vertex  2.956071e+001 -4.193427e+001  0.000000e+000
    endloop
  endfacet
  facet normal  4.206499e-002 -9.991148e-001  0.000000e+000
    outer loop
      vertex  2.956071e+001 -4.193427e+001 -4.000000e+000
      vertex  2.956071e+001 -4.193427e+001  0.000000e+000
      vertex  2.928046e+001 -4.194607e+001 -4.000000e+000
    endloop
  endfacet
  facet normal  4.206499e-002 -9.991148e-001  0.000000e+000
    outer loop
      vertex  2.928046e+001 -4.194607e+001 -4.000000e+000
      vertex  2.956071e+001 -4.193427e+001  0.000000e+000
      vertex  2.928046e+001 -4.194607e+001  0.000000e+000
    endloop
  endfacet
  facet normal  1.402173e-002 -9.999017e-001  0.000000e+000
    outer loop
      vertex  2.928046e+001 -4.194607e+001 -4.000000e+000
      vertex  2.928046e+001 -4.194607e+001  0.000000e+000
      vertex  2.900000e+001 -4.195000e+001 -4.000000e+000
    endloop
  endfacet
  facet normal  1.402173e-002 -9.999017e-001  0.000000e+000
    outer loop
      vertex  2.900000e+001 -4.195000e+001 -4.000000e+000
      vertex  2.928046e+001 -4.194607e+001  0.000000e+000
      vertex  2.900000e+001 -4.195000e+001  0.000000e+000
    endloop
  endfacet
  facet normal  0.000000e+000 -1.000000e+000  -0.000000e+000
    outer loop
      vertex  2.900000e+001 -4.195000e+001 -4.000000e+000
      vertex  2.900000e+001 -4.195000e+001  0.000000e+000
      vertex -2.900000e+001 -4.195000e+001 -4.000000e+000
    endloop
  endfacet
  facet normal  0.000000e+000 -1.000000e+000  0.000000e+000
    outer loop
      vertex -2.900000e+001 -4.195000e+001 -4.000000e+000
      vertex  2.900000e+001 -4.195000e+001  0.000000e+000
      vertex -2.900000e+001 -4.195000e+001  0.000000e+000
    endloop
  endfacet
  facet normal -1.402173e-002 -9.999017e-001  -0.000000e+000
    outer loop
      vertex -2.900000e+001 -4.195000e+001 -4.000000e+000
      vertex -2.900000e+001 -4.195000e+001  0.000000e+000
      vertex -2.928046e+001 -4.194607e+001 -4.000000e+000
    endloop
  endfacet
  facet normal -1.402173e-002 -9.999017e-001  0.000000e+000
    outer loop
      vertex -2.928046e+001 -4.194607e+001 -4.000000e+000
      vertex -2.900000e+001 -4.195000e+001  0.000000e+000
      vertex -2.928046e+001 -4.194607e+001  0.000000e+000
    endloop
  endfacet
  facet normal -4.206499e-002 -9.991148e-001  -0.000000e+000
    outer loop
      vertex -2.928046e+001 -4.194607e+001 -4.000000e+000
      vertex -2.928046e+001 -4.194607e+001  0.000000e+000
      vertex -2.956071e+001 -4.193427e+001 -4.000000e+000
    endloop
  endfacet
  facet normal -4.206499e-002 -9.991148e-001  0.000000e+000
    outer loop
      vertex -2.956071e+001 -4.193427e+001 -4.000000e+000
      vertex -2.928046e+001 -4.194607e+001  0.000000e+000
      vertex -2.956071e+001 -4.193427e+001  0.000000e+000
    endloop
  endfacet
  facet normal -7.006786e-002 -9.975422e-001  -0.000000e+000
    outer loop
      vertex -2.956071e+001 -4.193427e+001 -4.000000e+000
      vertex -2.956071e+001 -4.193427e+001  0.000000e+000
      vertex -2.984051e+001 -4.191462e+001 -4.000000e+000
    endloop
  endfacet
  facet normal -7.006786e-002 -9.975422e-001  0.000000e+000
    outer loop
      vertex -2.984051e+001 -4.191462e+001 -4.000000e+000
      vertex -2.956071e+001 -4.193427e+001  0.000000e+000
      vertex -2.984051e+001 -4.191462e+001  0.000000e+000
    endloop
  endfacet
  facet normal -9.801634e-002 -9.951848e-001  -0.000000e+000
    outer loop
      vertex -2.984051e+001 -4.191462e+001 -4.000000e+000
      vertex -2.984051e+001 -4.191462e+001  0.000000e+000
      vertex -3.011964e+001 -4.188712e+001 -4.000000e+000
    endloop
  endfacet
  facet normal -9.801634e-002 -9.951848e-001  0.000000e+000
    outer loop
      vertex -3.011964e+001 -4.188712e+001 -4.000000e+000
      vertex -2.984051e+001 -4.191462e+001  0.000000e+000
      vertex -3.011964e+001 -4.188712e+001  0.000000e+000
    endloop
  endfacet
  facet normal -1.258959e-001 -9.920436e-001  -0.000000e+000
    outer loop
      vertex -3.011964e+001 -4.188712e+001 -4.000000e+000
      vertex -3.011964e+001 -4.188712e+001  0.000000e+000
      vertex -3.039790e+001 -4.185181e+001 -4.000000e+000
    endloop
  endfacet
  facet normal -1.258959e-001 -9.920436e-001  0.000000e+000
    outer loop
      vertex -3.039790e+001 -4.185181e+001 -4.000000e+000
      vertex -3.011964e+001 -4.188712e+001  0.000000e+000
      vertex -3.039790e+001 -4.185181e+001  0.000000e+000
    endloop
  endfacet
  facet normal -1.536543e-001 -9.881246e-001  -0.000000e+000
    outer loop
      vertex -3.039790e+001 -4.185181e+001 -4.000000e+000
      vertex -3.039790e+001 -4.185181e+001  0.000000e+000
      vertex -3.067506e+001 -4.180871e+001 -4.000000e+000
    endloop
  endfacet
  facet normal -1.536543e-001 -9.881246e-001  0.000000e+000
    outer loop
      vertex -3.067506e+001 -4.180871e+001 -4.000000e+000
      vertex -3.039790e+001 -4.185181e+001  0.000000e+000
      vertex -3.067506e+001 -4.180871e+001  0.000000e+000
    endloop
  endfacet
  facet normal -1.813168e-001 -9.834247e-001  -0.000000e+000
    outer loop
      vertex -3.067506e+001 -4.180871e+001 -4.000000e+000
      vertex -3.067506e+001 -4.180871e+001  0.000000e+000
      vertex -3.095090e+001 -4.175785e+001 -4.000000e+000
    endloop
  endfacet
  facet normal -1.813168e-001 -9.834247e-001  0.000000e+000
    outer loop
      vertex -3.095090e+001 -4.175785e+001 -4.000000e+000
      vertex -3.067506e+001 -4.180871e+001  0.000000e+000
      vertex -3.095090e+001 -4.175785e+001  0.000000e+000
    endloop
  endfacet
  facet normal -2.088287e-001 -9.779522e-001  -0.000000e+000
    outer loop
      vertex -3.095090e+001 -4.175785e+001 -4.000000e+000
      vertex -3.095090e+001 -4.175785e+001  0.000000e+000
      vertex -3.122521e+001 -4.169928e+001 -4.000000e+000
    endloop
  endfacet
  facet normal -2.088287e-001 -9.779522e-001  0.000000e+000
    outer loop
      vertex -3.122521e+001 -4.169928e+001 -4.000000e+000
      vertex -3.095090e+001 -4.175785e+001  0.000000e+000
      vertex -3.122521e+001 -4.169928e+001  0.000000e+000
    endloop
  endfacet
  facet normal -2.361800e-001 -9.717094e-001  -0.000000e+000
    outer loop
      vertex -3.122521e+001 -4.169928e+001 -4.000000e+000
      vertex -3.122521e+001 -4.169928e+001  0.000000e+000
      vertex -3.149776e+001 -4.163303e+001 -4.000000e+000
    endloop
  endfacet
  facet normal -2.361800e-001 -9.717094e-001  0.000000e+000
    outer loop
      vertex -3.149776e+001 -4.163303e+001 -4.000000e+000
      vertex -3.122521e+001 -4.169928e+001  0.000000e+000
      vertex -3.149776e+001 -4.163303e+001  0.000000e+000
    endloop
  endfacet
  facet normal -2.633263e-001 -9.647068e-001  -0.000000e+000
    outer loop
      vertex -3.149776e+001 -4.163303e+001 -4.000000e+000
      vertex -3.149776e+001 -4.163303e+001  0.000000e+000
      vertex -3.176835e+001 -4.155917e+001 -4.000000e+000
    endloop
  endfacet
  facet normal -2.633263e-001 -9.647068e-001  0.000000e+000
    outer loop
      vertex -3.176835e+001 -4.155917e+001 -4.000000e+000
      vertex -3.149776e+001 -4.163303e+001  0.000000e+000
      vertex -3.176835e+001 -4.155917e+001  0.000000e+000
    endloop
  endfacet
  facet normal -2.902818e-001 -9.569412e-001  -0.000000e+000
    outer loop
      vertex -3.176835e+001 -4.155917e+001 -4.000000e+000
      vertex -3.176835e+001 -4.155917e+001  0.000000e+000
      vertex -3.203677e+001 -4.147775e+001 -4.000000e+000
    endloop
  endfacet
  facet normal -2.902818e-001 -9.569412e-001  0.000000e+000
    outer loop
      vertex -3.203677e+001 -4.147775e+001 -4.000000e+000
      vertex -3.176835e+001 -4.155917e+001  0.000000e+000
      vertex -3.203677e+001 -4.147775e+001  0.000000e+000
    endloop
  endfacet
  facet normal -3.170151e-001 -9.484205e-001  -0.000000e+000
    outer loop
      vertex -3.203677e+001 -4.147775e+001 -4.000000e+000
      vertex -3.203677e+001 -4.147775e+001  0.000000e+000
      vertex -3.230279e+001 -4.138883e+001 -4.000000e+000
    endloop
  endfacet
  facet normal -3.170151e-001 -9.484205e-001  0.000000e+000
    outer loop
      vertex -3.230279e+001 -4.138883e+001 -4.000000e+000
      vertex -3.203677e+001 -4.147775e+001  0.000000e+000
      vertex -3.230279e+001 -4.138883e+001  0.000000e+000
    endloop
  endfacet
  facet normal -3.434853e-001 -9.391580e-001  -0.000000e+000
    outer loop
      vertex -3.230279e+001 -4.138883e+001 -4.000000e+000
      vertex -3.230279e+001 -4.138883e+001  0.000000e+000
      vertex -3.256622e+001 -4.129249e+001 -4.000000e+000
    endloop
  endfacet
  facet normal -3.434853e-001 -9.391580e-001  0.000000e+000
    outer loop
      vertex -3.256622e+001 -4.129249e+001 -4.000000e+000
      vertex -3.230279e+001 -4.138883e+001  0.000000e+000
      vertex -3.256622e+001 -4.129249e+001  0.000000e+000
    endloop
  endfacet
  facet normal -3.696783e-001 -9.291598e-001  -0.000000e+000
    outer loop
      vertex -3.256622e+001 -4.129249e+001 -4.000000e+000
      vertex -3.256622e+001 -4.129249e+001  0.000000e+000
      vertex -3.282684e+001 -4.118880e+001 -4.000000e+000
    endloop
  endfacet
  facet normal -3.696783e-001 -9.291598e-001  0.000000e+000
    outer loop
      vertex -3.282684e+001 -4.118880e+001 -4.000000e+000
      vertex -3.256622e+001 -4.129249e+001  0.000000e+000
      vertex -3.282684e+001 -4.118880e+001  0.000000e+000
    endloop
  endfacet
  facet normal -3.956142e-001 -9.184168e-001  -0.000000e+000
    outer loop
      vertex -3.282684e+001 -4.118880e+001 -4.000000e+000
      vertex -3.282684e+001 -4.118880e+001  0.000000e+000
      vertex -3.308444e+001 -4.107783e+001 -4.000000e+000
    endloop
  endfacet
  facet normal -3.956142e-001 -9.184168e-001  0.000000e+000
    outer loop
      vertex -3.308444e+001 -4.107783e+001 -4.000000e+000
      vertex -3.282684e+001 -4.118880e+001  0.000000e+000
      vertex -3.308444e+001 -4.107783e+001  0.000000e+000
    endloop
  endfacet
  facet normal -4.211976e-001 -9.069690e-001  -0.000000e+000
    outer loop
      vertex -3.308444e+001 -4.107783e+001 -4.000000e+000
      vertex -3.308444e+001 -4.107783e+001  0.000000e+000
      vertex -3.333884e+001 -4.095969e+001 -4.000000e+000
    endloop
  endfacet
  facet normal -4.211976e-001 -9.069690e-001  0.000000e+000
    outer loop
      vertex -3.333884e+001 -4.095969e+001 -4.000000e+000
      vertex -3.308444e+001 -4.107783e+001  0.000000e+000
      vertex -3.333884e+001 -4.095969e+001  0.000000e+000
    endloop
  endfacet
  facet normal -4.464790e-001 -8.947940e-001  -0.000000e+000
    outer loop
      vertex -3.333884e+001 -4.095969e+001 -4.000000e+000
      vertex -3.333884e+001 -4.095969e+001  0.000000e+000
      vertex -3.358982e+001 -4.083446e+001 -4.000000e+000
    endloop
  endfacet
  facet normal -4.464790e-001 -8.947940e-001  0.000000e+000
    outer loop
      vertex -3.358982e+001 -4.083446e+001 -4.000000e+000
      vertex -3.333884e+001 -4.095969e+001  0.000000e+000
      vertex -3.358982e+001 -4.083446e+001  0.000000e+000
    endloop
  endfacet
  facet normal -4.714026e-001 -8.819181e-001  -0.000000e+000
    outer loop
      vertex -3.358982e+001 -4.083446e+001 -4.000000e+000
      vertex -3.358982e+001 -4.083446e+001  0.000000e+000
      vertex -3.383719e+001 -4.070223e+001 -4.000000e+000
    endloop
  endfacet
  facet normal -4.714026e-001 -8.819181e-001  0.000000e+000
    outer loop
      vertex -3.383719e+001 -4.070223e+001 -4.000000e+000
      vertex -3.358982e+001 -4.083446e+001  0.000000e+000
      vertex -3.383719e+001 -4.070223e+001  0.000000e+000
    endloop
  endfacet
  facet normal -4.959426e-001 -8.683552e-001  -0.000000e+000
    outer loop
      vertex -3.383719e+001 -4.070223e+001 -4.000000e+000
      vertex -3.383719e+001 -4.070223e+001  0.000000e+000
      vertex -3.408075e+001 -4.056313e+001 -4.000000e+000
    endloop
  endfacet
  facet normal -4.959426e-001 -8.683552e-001  0.000000e+000
    outer loop
      vertex -3.408075e+001 -4.056313e+001 -4.000000e+000
      vertex -3.383719e+001 -4.070223e+001  0.000000e+000
      vertex -3.408075e+001 -4.056313e+001  0.000000e+000
    endloop
  endfacet
  facet normal -5.201087e-001 -8.541000e-001  -0.000000e+000
    outer loop
      vertex -3.408075e+001 -4.056313e+001 -4.000000e+000
      vertex -3.408075e+001 -4.056313e+001  0.000000e+000
      vertex -3.432032e+001 -4.041724e+001 -4.000000e+000
    endloop
  endfacet
  facet normal -5.201087e-001 -8.541000e-001  0.000000e+000
    outer loop
      vertex -3.432032e+001 -4.041724e+001 -4.000000e+000
      vertex -3.408075e+001 -4.056313e+001  0.000000e+000
      vertex -3.432032e+001 -4.041724e+001  0.000000e+000
    endloop
  endfacet
  facet normal -5.438444e-001 -8.391861e-001  -0.000000e+000
    outer loop
      vertex -3.432032e+001 -4.041724e+001 -4.000000e+000
      vertex -3.432032e+001 -4.041724e+001  0.000000e+000
      vertex -3.455570e+001 -4.026470e+001 -4.000000e+000
    endloop
  endfacet
  facet normal -5.438444e-001 -8.391861e-001  0.000000e+000
    outer loop
      vertex -3.455570e+001 -4.026470e+001 -4.000000e+000
      vertex -3.432032e+001 -4.041724e+001  0.000000e+000
      vertex -3.455570e+001 -4.026470e+001  0.000000e+000
    endloop
  endfacet
  facet normal -5.671786e-001 -8.235949e-001  -0.000000e+000
    outer loop
      vertex -3.455570e+001 -4.026470e+001 -4.000000e+000
      vertex -3.455570e+001 -4.026470e+001  0.000000e+000
      vertex -3.478671e+001 -4.010561e+001 -4.000000e+000
    endloop
  endfacet
  facet normal -5.671786e-001 -8.235949e-001  0.000000e+000
    outer loop
      vertex -3.478671e+001 -4.010561e+001 -4.000000e+000
      vertex -3.455570e+001 -4.026470e+001  0.000000e+000
      vertex -3.478671e+001 -4.010561e+001  0.000000e+000
    endloop
  endfacet
  facet normal -5.900510e-001 -8.073660e-001  -0.000000e+000
    outer loop
      vertex -3.478671e+001 -4.010561e+001 -4.000000e+000
      vertex -3.478671e+001 -4.010561e+001  0.000000e+000
      vertex -3.501317e+001 -3.994011e+001 -4.000000e+000
    endloop
  endfacet
  facet normal -5.900510e-001 -8.073660e-001  0.000000e+000
    outer loop
      vertex -3.501317e+001 -3.994011e+001 -4.000000e+000
      vertex -3.478671e+001 -4.010561e+001  0.000000e+000
      vertex -3.501317e+001 -3.994011e+001  0.000000e+000
    endloop
  endfacet
  facet normal -6.124688e-001 -7.904947e-001  -0.000000e+000
    outer loop
      vertex -3.501317e+001 -3.994011e+001 -4.000000e+000
      vertex -3.501317e+001 -3.994011e+001  0.000000e+000
      vertex -3.523490e+001 -3.976831e+001 -4.000000e+000
    endloop
  endfacet
  facet normal -6.124688e-001 -7.904947e-001  0.000000e+000
    outer loop
      vertex -3.523490e+001 -3.976831e+001 -4.000000e+000
      vertex -3.501317e+001 -3.994011e+001  0.000000e+000
      vertex -3.523490e+001 -3.976831e+001  0.000000e+000
    endloop
  endfacet
  facet normal -6.343887e-001 -7.730142e-001  -0.000000e+000
    outer loop
      vertex -3.523490e+001 -3.976831e+001 -4.000000e+000
      vertex -3.523490e+001 -3.976831e+001  0.000000e+000
      vertex -3.545172e+001 -3.959037e+001 -4.000000e+000
    endloop
  endfacet
  facet normal -6.343887e-001 -7.730142e-001  0.000000e+000
    outer loop
      vertex -3.545172e+001 -3.959037e+001 -4.000000e+000
      vertex -3.523490e+001 -3.976831e+001  0.000000e+000
      vertex -3.545172e+001 -3.959037e+001  0.000000e+000
    endloop
  endfacet
  facet normal -6.558237e-001 -7.549140e-001  -0.000000e+000
    outer loop
      vertex -3.545172e+001 -3.959037e+001 -4.000000e+000
      vertex -3.545172e+001 -3.959037e+001  0.000000e+000
      vertex -3.566347e+001 -3.940642e+001 -4.000000e+000
    endloop
  endfacet
  facet normal -6.558237e-001 -7.549140e-001  0.000000e+000
    outer loop
      vertex -3.566347e+001 -3.940642e+001 -4.000000e+000
      vertex -3.545172e+001 -3.959037e+001  0.000000e+000
      vertex -3.566347e+001 -3.940642e+001  0.000000e+000
    endloop
  endfacet
  facet normal -6.767445e-001 -7.362180e-001  -0.000000e+000
    outer loop
      vertex -3.566347e+001 -3.940642e+001 -4.000000e+000
      vertex -3.566347e+001 -3.940642e+001  0.000000e+000
      vertex -3.586997e+001 -3.921660e+001 -4.000000e+000
    endloop
  endfacet
  facet normal -6.767445e-001 -7.362180e-001  0.000000e+000
    outer loop
      vertex -3.586997e+001 -3.921660e+001 -4.000000e+000
      vertex -3.566347e+001 -3.940642e+001  0.000000e+000
      vertex -3.586997e+001 -3.921660e+001  0.000000e+000
    endloop
  endfacet
  facet normal -6.971159e-001 -7.169585e-001  -0.000000e+000
    outer loop
      vertex -3.586997e+001 -3.921660e+001 -4.000000e+000
      vertex -3.586997e+001 -3.921660e+001  0.000000e+000
      vertex -3.607107e+001 -3.902107e+001 -4.000000e+000
    endloop
  endfacet
  facet normal -6.971159e-001 -7.169585e-001  0.000000e+000
    outer loop
      vertex -3.607107e+001 -3.902107e+001 -4.000000e+000
      vertex -3.586997e+001 -3.921660e+001  0.000000e+000
      vertex -3.607107e+001 -3.902107e+001  0.000000e+000
    endloop
  endfacet
  facet normal -7.169585e-001 -6.971159e-001  -0.000000e+000
    outer loop
      vertex -3.607107e+001 -3.902107e+001 -4.000000e+000
      vertex -3.607107e+001 -3.902107e+001  0.000000e+000
      vertex -3.626660e+001 -3.881997e+001 -4.000000e+000
    endloop
  endfacet
  facet normal -7.169585e-001 -6.971159e-001  0.000000e+000
    outer loop
      vertex -3.626660e+001 -3.881997e+001 -4.000000e+000
      vertex -3.607107e+001 -3.902107e+001  0.000000e+000
      vertex -3.626660e+001 -3.881997e+001  0.000000e+000
    endloop
  endfacet
  facet normal -7.362243e-001 -6.767377e-001  -0.000000e+000
    outer loop
      vertex -3.626660e+001 -3.881997e+001 -4.000000e+000
      vertex -3.626660e+001 -3.881997e+001  0.000000e+000
      vertex -3.645642e+001 -3.861346e+001 -4.000000e+000
    endloop
  endfacet
  facet normal -7.362243e-001 -6.767377e-001  0.000000e+000
    outer loop
      vertex -3.645642e+001 -3.861346e+001 -4.000000e+000
      vertex -3.626660e+001 -3.881997e+001  0.000000e+000
      vertex -3.645642e+001 -3.861346e+001  0.000000e+000
    endloop
  endfacet
  facet normal -7.549140e-001 -6.558237e-001  -0.000000e+000
    outer loop
      vertex -3.645642e+001 -3.861346e+001 -4.000000e+000
      vertex -3.645642e+001 -3.861346e+001  0.000000e+000
      vertex -3.664037e+001 -3.840172e+001 -4.000000e+000
    endloop
  endfacet
  facet normal -7.549140e-001 -6.558237e-001  0.000000e+000
    outer loop
      vertex -3.664037e+001 -3.840172e+001 -4.000000e+000
      vertex -3.645642e+001 -3.861346e+001  0.000000e+000
      vertex -3.664037e+001 -3.840172e+001  0.000000e+000
    endloop
  endfacet
  facet normal -7.730087e-001 -6.343954e-001  -0.000000e+000
    outer loop
      vertex -3.664037e+001 -3.840172e+001 -4.000000e+000
      vertex -3.664037e+001 -3.840172e+001  0.000000e+000
      vertex -3.681831e+001 -3.818490e+001 -4.000000e+000
    endloop
  endfacet
  facet normal -7.730087e-001 -6.343954e-001  0.000000e+000
    outer loop
      vertex -3.681831e+001 -3.818490e+001 -4.000000e+000
      vertex -3.664037e+001 -3.840172e+001  0.000000e+000
      vertex -3.681831e+001 -3.818490e+001  0.000000e+000
    endloop
  endfacet
  facet normal -7.904998e-001 -6.124622e-001  -0.000000e+000
    outer loop
      vertex -3.681831e+001 -3.818490e+001 -4.000000e+000
      vertex -3.681831e+001 -3.818490e+001  0.000000e+000
      vertex -3.699010e+001 -3.796317e+001 -4.000000e+000
    endloop
  endfacet
  facet normal -7.904998e-001 -6.124622e-001  0.000000e+000
    outer loop
      vertex -3.699010e+001 -3.796317e+001 -4.000000e+000
      vertex -3.681831e+001 -3.818490e+001  0.000000e+000
      vertex -3.699010e+001 -3.796317e+001  0.000000e+000
    endloop
  endfacet
  facet normal -8.073612e-001 -5.900576e-001  -0.000000e+000
    outer loop
      vertex -3.699010e+001 -3.796317e+001 -4.000000e+000
      vertex -3.699010e+001 -3.796317e+001  0.000000e+000
      vertex -3.715561e+001 -3.773671e+001 -4.000000e+000
    endloop
  endfacet
  facet normal -8.073612e-001 -5.900576e-001  0.000000e+000
    outer loop
      vertex -3.715561e+001 -3.773671e+001 -4.000000e+000
      vertex -3.699010e+001 -3.796317e+001  0.000000e+000
      vertex -3.715561e+001 -3.773671e+001  0.000000e+000
    endloop
  endfacet
  facet normal -8.235949e-001 -5.671786e-001  -0.000000e+000
    outer loop
      vertex -3.715561e+001 -3.773671e+001 -4.000000e+000
      vertex -3.715561e+001 -3.773671e+001  0.000000e+000
      vertex -3.731470e+001 -3.750570e+001 -4.000000e+000
    endloop
  endfacet
  facet normal -8.235949e-001 -5.671786e-001  0.000000e+000
    outer loop
      vertex -3.731470e+001 -3.750570e+001 -4.000000e+000
      vertex -3.715561e+001 -3.773671e+001  0.000000e+000
      vertex -3.731470e+001 -3.750570e+001  0.000000e+000
    endloop
  endfacet
  facet normal -8.391799e-001 -5.438539e-001  -0.000000e+000
    outer loop
      vertex -3.731470e+001 -3.750570e+001 -4.000000e+000
      vertex -3.731470e+001 -3.750570e+001  0.000000e+000
      vertex -3.746724e+001 -3.727032e+001 -4.000000e+000
    endloop
  endfacet
  facet normal -8.391799e-001 -5.438539e-001  0.000000e+000
    outer loop
      vertex -3.746724e+001 -3.727032e+001 -4.000000e+000
      vertex -3.731470e+001 -3.750570e+001  0.000000e+000
      vertex -3.746724e+001 -3.727032e+001  0.000000e+000
    endloop
  endfacet
  facet normal -8.541061e-001 -5.200988e-001  -0.000000e+000
    outer loop
      vertex -3.746724e+001 -3.727032e+001 -4.000000e+000
      vertex -3.746724e+001 -3.727032e+001  0.000000e+000
      vertex -3.761312e+001 -3.703075e+001 -4.000000e+000
    endloop
  endfacet
  facet normal -8.541061e-001 -5.200988e-001  0.000000e+000
    outer loop
      vertex -3.761312e+001 -3.703075e+001 -4.000000e+000
      vertex -3.746724e+001 -3.727032e+001  0.000000e+000
      vertex -3.761312e+001 -3.703075e+001  0.000000e+000
    endloop
  endfacet
  facet normal -8.683494e-001 -4.959529e-001  -0.000000e+000
    outer loop
      vertex -3.761312e+001 -3.703075e+001 -4.000000e+000
      vertex -3.761312e+001 -3.703075e+001  0.000000e+000
      vertex -3.775224e+001 -3.678719e+001 -4.000000e+000
    endloop
  endfacet
  facet normal -8.683494e-001 -4.959529e-001  0.000000e+000
    outer loop
      vertex -3.775224e+001 -3.678719e+001 -4.000000e+000
      vertex -3.761312e+001 -3.703075e+001  0.000000e+000
      vertex -3.775224e+001 -3.678719e+001  0.000000e+000
    endloop
  endfacet
  facet normal -8.819238e-001 -4.713921e-001  -0.000000e+000
    outer loop
      vertex -3.775224e+001 -3.678719e+001 -4.000000e+000
      vertex -3.775224e+001 -3.678719e+001  0.000000e+000
      vertex -3.788446e+001 -3.653982e+001 -4.000000e+000
    endloop
  endfacet
  facet normal -8.819238e-001 -4.713921e-001  0.000000e+000
    outer loop
      vertex -3.788446e+001 -3.653982e+001 -4.000000e+000
      vertex -3.775224e+001 -3.678719e+001  0.000000e+000
      vertex -3.788446e+001 -3.653982e+001  0.000000e+000
    endloop
  endfacet
  facet normal -8.947940e-001 -4.464790e-001  -0.000000e+000
    outer loop
      vertex -3.788446e+001 -3.653982e+001 -4.000000e+000
      vertex -3.788446e+001 -3.653982e+001  0.000000e+000
      vertex -3.800969e+001 -3.628884e+001 -4.000000e+000
    endloop
  endfacet
  facet normal -8.947940e-001 -4.464790e-001  0.000000e+000
    outer loop
      vertex -3.800969e+001 -3.628884e+001 -4.000000e+000
      vertex -3.788446e+001 -3.653982e+001  0.000000e+000
      vertex -3.800969e+001 -3.628884e+001  0.000000e+000
    endloop
  endfacet
  facet normal -9.069637e-001 -4.212088e-001  -0.000000e+000
    outer loop
      vertex -3.800969e+001 -3.628884e+001 -4.000000e+000
      vertex -3.800969e+001 -3.628884e+001  0.000000e+000
      vertex -3.812783e+001 -3.603444e+001 -4.000000e+000
    endloop
  endfacet
  facet normal -9.069637e-001 -4.212088e-001  0.000000e+000
    outer loop
      vertex -3.812783e+001 -3.603444e+001 -4.000000e+000
      vertex -3.800969e+001 -3.628884e+001  0.000000e+000
      vertex -3.812783e+001 -3.603444e+001  0.000000e+000
    endloop
  endfacet
  facet normal -9.184240e-001 -3.955978e-001  -0.000000e+000
    outer loop
      vertex -3.812783e+001 -3.603444e+001 -4.000000e+000
      vertex -3.812783e+001 -3.603444e+001  0.000000e+000
      vertex -3.823880e+001 -3.577683e+001 -4.000000e+000
    endloop
  endfacet
  facet normal -9.184240e-001 -3.955978e-001  0.000000e+000
    outer loop
      vertex -3.823880e+001 -3.577683e+001 -4.000000e+000
      vertex -3.812783e+001 -3.603444e+001  0.000000e+000
      vertex -3.823880e+001 -3.577683e+001  0.000000e+000
    endloop
  endfacet
  facet normal -9.291533e-001 -3.696947e-001  -0.000000e+000
    outer loop
      vertex -3.823880e+001 -3.577683e+001 -4.000000e+000
      vertex -3.823880e+001 -3.577683e+001  0.000000e+000
      vertex -3.834249e+001 -3.551622e+001 -4.000000e+000
    endloop
  endfacet
  facet normal -9.291533e-001 -3.696947e-001  0.000000e+000
    outer loop
      vertex -3.834249e+001 -3.551622e+001 -4.000000e+000
      vertex -3.823880e+001 -3.577683e+001  0.000000e+000
      vertex -3.834249e+001 -3.551622e+001  0.000000e+000
    endloop
  endfacet
  facet normal -9.391580e-001 -3.434853e-001  -0.000000e+000
    outer loop
      vertex -3.834249e+001 -3.551622e+001 -4.000000e+000
      vertex -3.834249e+001 -3.551622e+001  0.000000e+000
      vertex -3.843884e+001 -3.525279e+001 -4.000000e+000
    endloop
  endfacet
  facet normal -9.391580e-001 -3.434853e-001  0.000000e+000
    outer loop
      vertex -3.843884e+001 -3.525279e+001 -4.000000e+000
      vertex -3.834249e+001 -3.551622e+001  0.000000e+000
      vertex -3.843884e+001 -3.525279e+001  0.000000e+000
    endloop
  endfacet
  facet normal -9.484246e-001 -3.170029e-001  -0.000000e+000
    outer loop
      vertex -3.843884e+001 -3.525279e+001 -4.000000e+000
      vertex -3.843884e+001 -3.525279e+001  0.000000e+000
      vertex -3.852775e+001 -3.498677e+001 -4.000000e+000
    endloop
  endfacet
  facet normal -9.484246e-001 -3.170029e-001  0.000000e+000
    outer loop
      vertex -3.852775e+001 -3.498677e+001 -4.000000e+000
      vertex -3.843884e+001 -3.525279e+001  0.000000e+000
      vertex -3.852775e+001 -3.498677e+001  0.000000e+000
    endloop
  endfacet
  facet normal -9.569418e-001 -2.902799e-001  -0.000000e+000
    outer loop
      vertex -3.852775e+001 -3.498677e+001 -4.000000e+000
      vertex -3.852775e+001 -3.498677e+001  0.000000e+000
      vertex -3.860917e+001 -3.471835e+001 -4.000000e+000
    endloop
  endfacet
  facet normal -9.569418e-001 -2.902799e-001  0.000000e+000
    outer loop
      vertex -3.860917e+001 -3.471835e+001 -4.000000e+000
      vertex -3.852775e+001 -3.498677e+001  0.000000e+000
      vertex -3.860917e+001 -3.471835e+001  0.000000e+000
    endloop
  endfacet
  facet normal -9.647029e-001 -2.633407e-001  -0.000000e+000
    outer loop
      vertex -3.860917e+001 -3.471835e+001 -4.000000e+000
      vertex -3.860917e+001 -3.471835e+001  0.000000e+000
      vertex -3.868304e+001 -3.444777e+001 -4.000000e+000
    endloop
  endfacet
  facet normal -9.647029e-001 -2.633407e-001  0.000000e+000
    outer loop
      vertex -3.868304e+001 -3.444777e+001 -4.000000e+000
      vertex -3.860917e+001 -3.471835e+001  0.000000e+000
      vertex -3.868304e+001 -3.444777e+001  0.000000e+000
    endloop
  endfacet
  facet normal -9.717129e-001 -2.361656e-001  -0.000000e+000
    outer loop
      vertex -3.868304e+001 -3.444777e+001 -4.000000e+000
      vertex -3.868304e+001 -3.444777e+001  0.000000e+000
      vertex -3.874928e+001 -3.417521e+001 -4.000000e+000
    endloop
  endfacet
  facet normal -9.717129e-001 -2.361656e-001  0.000000e+000
    outer loop
      vertex -3.874928e+001 -3.417521e+001 -4.000000e+000
      vertex -3.868304e+001 -3.444777e+001  0.000000e+000
      vertex -3.874928e+001 -3.417521e+001  0.000000e+000
    endloop
  endfacet
  facet normal -9.779522e-001 -2.088287e-001  -0.000000e+000
    outer loop
      vertex -3.874928e+001 -3.417521e+001 -4.000000e+000
      vertex -3.874928e+001 -3.417521e+001  0.000000e+000
      vertex -3.880785e+001 -3.390090e+001 -4.000000e+000
    endloop
  endfacet
  facet normal -9.779522e-001 -2.088287e-001  0.000000e+000
    outer loop
      vertex -3.880785e+001 -3.390090e+001 -4.000000e+000
      vertex -3.874928e+001 -3.417521e+001  0.000000e+000
      vertex -3.880785e+001 -3.390090e+001  0.000000e+000
    endloop
  endfacet
  facet normal -9.834247e-001 -1.813168e-001  -0.000000e+000
    outer loop
      vertex -3.880785e+001 -3.390090e+001 -4.000000e+000
      vertex -3.880785e+001 -3.390090e+001  0.000000e+000
      vertex -3.885871e+001 -3.362506e+001 -4.000000e+000
    endloop
  endfacet
  facet normal -9.834247e-001 -1.813168e-001  0.000000e+000
    outer loop
      vertex -3.885871e+001 -3.362506e+001 -4.000000e+000
      vertex -3.880785e+001 -3.390090e+001  0.000000e+000
      vertex -3.885871e+001 -3.362506e+001  0.000000e+000
    endloop
  endfacet
  facet normal -9.881244e-001 -1.536554e-001  -0.000000e+000
    outer loop
      vertex -3.885871e+001 -3.362506e+001 -4.000000e+000
      vertex -3.885871e+001 -3.362506e+001  0.000000e+000
      vertex -3.890181e+001 -3.334790e+001 -4.000000e+000
    endloop
  endfacet
  facet normal -9.881244e-001 -1.536554e-001  0.000000e+000
    outer loop
      vertex -3.890181e+001 -3.334790e+001 -4.000000e+000
      vertex -3.885871e+001 -3.362506e+001  0.000000e+000
      vertex -3.890181e+001 -3.334790e+001  0.000000e+000
    endloop
  endfacet
  facet normal -9.920436e-001 -1.258959e-001  -0.000000e+000
    outer loop
      vertex -3.890181e+001 -3.334790e+001 -4.000000e+000
      vertex -3.890181e+001 -3.334790e+001  0.000000e+000
      vertex -3.893712e+001 -3.306964e+001 -4.000000e+000
    endloop
  endfacet
  facet normal -9.920436e-001 -1.258959e-001  0.000000e+000
    outer loop
      vertex -3.893712e+001 -3.306964e+001 -4.000000e+000
      vertex -3.890181e+001 -3.334790e+001  0.000000e+000
      vertex -3.893712e+001 -3.306964e+001  0.000000e+000
    endloop
  endfacet
  facet normal -9.951848e-001 -9.801568e-002  -0.000000e+000
    outer loop
      vertex -3.893712e+001 -3.306964e+001 -4.000000e+000
      vertex -3.893712e+001 -3.306964e+001  0.000000e+000
      vertex -3.896461e+001 -3.279050e+001 -4.000000e+000
    endloop
  endfacet
  facet normal -9.951848e-001 -9.801568e-002  0.000000e+000
    outer loop
      vertex -3.896461e+001 -3.279050e+001 -4.000000e+000
      vertex -3.893712e+001 -3.306964e+001  0.000000e+000
      vertex -3.896461e+001 -3.279050e+001  0.000000e+000
    endloop
  endfacet
  facet normal -9.975422e-001 -7.006786e-002  -0.000000e+000
    outer loop
      vertex -3.896461e+001 -3.279050e+001 -4.000000e+000
      vertex -3.896461e+001 -3.279050e+001  0.000000e+000
      vertex -3.898427e+001 -3.251070e+001 -4.000000e+000
    endloop
  endfacet
  facet normal -9.975422e-001 -7.006786e-002  0.000000e+000
    outer loop
      vertex -3.898427e+001 -3.251070e+001 -4.000000e+000
      vertex -3.896461e+001 -3.279050e+001  0.000000e+000
      vertex -3.898427e+001 -3.251070e+001  0.000000e+000
    endloop
  endfacet
  facet normal -9.991148e-001 -4.206499e-002  -0.000000e+000
    outer loop
      vertex -3.898427e+001 -3.251070e+001 -4.000000e+000
      vertex -3.898427e+001 -3.251070e+001  0.000000e+000
      vertex -3.899607e+001 -3.223046e+001 -4.000000e+000
    endloop
  endfacet
  facet normal -9.991148e-001 -4.206499e-002  0.000000e+000
    outer loop
      vertex -3.899607e+001 -3.223046e+001 -4.000000e+000
      vertex -3.898427e+001 -3.251070e+001  0.000000e+000
      vertex -3.899607e+001 -3.223046e+001  0.000000e+000
    endloop
  endfacet
  facet normal -9.999017e-001 -1.402183e-002  -0.000000e+000
    outer loop
      vertex -3.899607e+001 -3.223046e+001 -4.000000e+000
      vertex -3.899607e+001 -3.223046e+001  0.000000e+000
      vertex -3.900000e+001 -3.195000e+001 -4.000000e+000
    endloop
  endfacet
  facet normal -9.999017e-001 -1.402183e-002  0.000000e+000
    outer loop
      vertex -3.900000e+001 -3.195000e+001 -4.000000e+000
      vertex -3.899607e+001 -3.223046e+001  0.000000e+000
      vertex -3.900000e+001 -3.195000e+001  0.000000e+000
    endloop
  endfacet
  facet normal -1.000000e+000  0.000000e+000  0.000000e+000
    outer loop
      vertex -3.900000e+001 -3.195000e+001 -4.000000e+000
      vertex -3.900000e+001 -3.195000e+001  0.000000e+000
      vertex -3.900000e+001  6.244998e+000 -4.000000e+000
    endloop
  endfacet
  facet normal -1.000000e+000  0.000000e+000  0.000000e+000
    outer loop
      vertex -3.900000e+001  6.244998e+000 -4.000000e+000
      vertex -3.900000e+001 -3.195000e+001  0.000000e+000
      vertex -3.900000e+001  6.244998e+000  0.000000e+000
    endloop
  endfacet
  facet normal -9.999508e-001  9.927300e-003  0.000000e+000
    outer loop
      vertex -3.900000e+001  6.244998e+000 -4.000000e+000
      vertex -3.900000e+001  6.244998e+000  0.000000e+000
      vertex -3.899606e+001  6.641922e+000 -4.000000e+000
    endloop
  endfacet
  facet normal -9.999508e-001  9.927300e-003  0.000000e+000
    outer loop
      vertex -3.899606e+001  6.641922e+000 -4.000000e+000
      vertex -3.900000e+001  6.244998e+000  0.000000e+000
      vertex -3.899606e+001  6.641922e+000  0.000000e+000
    endloop
  endfacet
  facet normal -9.995570e-001  2.976268e-002  0.000000e+000
    outer loop
      vertex -3.899606e+001  6.641922e+000 -4.000000e+000
      vertex -3.899606e+001  6.641922e+000  0.000000e+000
      vertex -3.898425e+001  7.038691e+000 -4.000000e+000
    endloop
  endfacet
  facet normal -9.995570e-001  2.976268e-002  0.000000e+000
    outer loop
      vertex -3.898425e+001  7.038691e+000 -4.000000e+000
      vertex -3.899606e+001  6.641922e+000  0.000000e+000
      vertex -3.898425e+001  7.038691e+000  0.000000e+000
    endloop
  endfacet
  facet normal -9.987692e-001  4.959808e-002  0.000000e+000
    outer loop
      vertex -3.898425e+001  7.038691e+000 -4.000000e+000
      vertex -3.898425e+001  7.038691e+000  0.000000e+000
      vertex -3.896456e+001  7.435146e+000 -4.000000e+000
    endloop
  endfacet
  facet normal -9.987692e-001  4.959808e-002  0.000000e+000
    outer loop
      vertex -3.896456e+001  7.435146e+000 -4.000000e+000
      vertex -3.898425e+001  7.038691e+000  0.000000e+000
      vertex -3.896456e+001  7.435146e+000  0.000000e+000
    endloop
  endfacet
  facet normal -9.975879e-001  6.941414e-002  0.000000e+000
    outer loop
      vertex -3.896456e+001  7.435146e+000 -4.000000e+000
      vertex -3.896456e+001  7.435146e+000  0.000000e+000
      vertex -3.893700e+001  7.831133e+000 -4.000000e+000
    endloop
  endfacet
  facet normal -9.975879e-001  6.941414e-002  0.000000e+000
    outer loop
      vertex -3.893700e+001  7.831133e+000 -4.000000e+000
      vertex -3.896456e+001  7.435146e+000  0.000000e+000
      vertex -3.893700e+001  7.831133e+000  0.000000e+000
    endloop
  endfacet
  facet normal -9.960145e-001  8.919196e-002  0.000000e+000
    outer loop
      vertex -3.893700e+001  7.831133e+000 -4.000000e+000
      vertex -3.893700e+001  7.831133e+000  0.000000e+000
      vertex -3.890160e+001  8.226495e+000 -4.000000e+000
    endloop
  endfacet
  facet normal -9.960145e-001  8.919196e-002  0.000000e+000
    outer loop
      vertex -3.890160e+001  8.226495e+000 -4.000000e+000
      vertex -3.893700e+001  7.831133e+000  0.000000e+000
      vertex -3.890160e+001  8.226495e+000  0.000000e+000
    endloop
  endfacet
  facet normal -9.940482e-001  1.089410e-001  0.000000e+000
    outer loop
      vertex -3.890160e+001  8.226495e+000 -4.000000e+000
      vertex -3.890160e+001  8.226495e+000  0.000000e+000
      vertex -3.885836e+001  8.621076e+000 -4.000000e+000
    endloop
  endfacet
  facet normal -9.940482e-001  1.089410e-001  0.000000e+000
    outer loop
      vertex -3.885836e+001  8.621076e+000 -4.000000e+000
      vertex -3.890160e+001  8.226495e+000  0.000000e+000
      vertex -3.885836e+001  8.621076e+000  0.000000e+000
    endloop
  endfacet
  facet normal -9.916899e-001  1.286513e-001  0.000000e+000
    outer loop
      vertex -3.885836e+001  8.621076e+000 -4.000000e+000
      vertex -3.885836e+001  8.621076e+000  0.000000e+000
      vertex -3.880729e+001  9.014721e+000 -4.000000e+000
    endloop
  endfacet
  facet normal -9.916899e-001  1.286513e-001  0.000000e+000
    outer loop
      vertex -3.880729e+001  9.014721e+000 -4.000000e+000
      vertex -3.885836e+001  8.621076e+000  0.000000e+000
      vertex -3.880729e+001  9.014721e+000  0.000000e+000
    endloop
  endfacet
  facet normal -9.889404e-001  1.483136e-001  0.000000e+000
    outer loop
      vertex -3.880729e+001  9.014721e+000 -4.000000e+000
      vertex -3.880729e+001  9.014721e+000  0.000000e+000
      vertex -3.874842e+001  9.407275e+000 -4.000000e+000
    endloop
  endfacet
  facet normal -9.889404e-001  1.483136e-001  0.000000e+000
    outer loop
      vertex -3.874842e+001  9.407275e+000 -4.000000e+000
      vertex -3.880729e+001  9.014721e+000  0.000000e+000
      vertex -3.874842e+001  9.407275e+000  0.000000e+000
    endloop
  endfacet
  facet normal -9.858041e-001  1.678993e-001  0.000000e+000
    outer loop
      vertex -3.874842e+001  9.407275e+000 -4.000000e+000
      vertex -3.874842e+001  9.407275e+000  0.000000e+000
      vertex -3.868177e+001  9.798584e+000 -4.000000e+000
    endloop
  endfacet
  facet normal -9.858041e-001  1.678993e-001  0.000000e+000
    outer loop
      vertex -3.868177e+001  9.798584e+000 -4.000000e+000
      vertex -3.874842e+001  9.407275e+000  0.000000e+000
      vertex -3.868177e+001  9.798584e+000  0.000000e+000
    endloop
  endfacet
  facet normal -9.822767e-001  1.874367e-001  0.000000e+000
    outer loop
      vertex -3.868177e+001  9.798584e+000 -4.000000e+000
      vertex -3.868177e+001  9.798584e+000  0.000000e+000
      vertex -3.860737e+001  1.018849e+001 -4.000000e+000
    endloop
  endfacet
  facet normal -9.822767e-001  1.874367e-001  0.000000e+000
    outer loop
      vertex -3.860737e+001  1.018849e+001 -4.000000e+000
      vertex -3.868177e+001  9.798584e+000  0.000000e+000
      vertex -3.860737e+001  1.018849e+001  0.000000e+000
    endloop
  endfacet
  facet normal -9.783627e-001  2.068967e-001  0.000000e+000
    outer loop
      vertex -3.860737e+001  1.018849e+001 -4.000000e+000
      vertex -3.860737e+001  1.018849e+001  0.000000e+000
      vertex -3.852524e+001  1.057685e+001 -4.000000e+000
    endloop
  endfacet
  facet normal -9.783627e-001  2.068967e-001  0.000000e+000
    outer loop
      vertex -3.852524e+001  1.057685e+001 -4.000000e+000
      vertex -3.860737e+001  1.018849e+001  0.000000e+000
      vertex -3.852524e+001  1.057685e+001  0.000000e+000
    endloop
  endfacet
  facet normal -9.740643e-001  2.262712e-001  0.000000e+000
    outer loop
      vertex -3.852524e+001  1.057685e+001 -4.000000e+000
      vertex -3.852524e+001  1.057685e+001  0.000000e+000
      vertex -3.843542e+001  1.096350e+001 -4.000000e+000
    endloop
  endfacet
  facet normal -9.740643e-001  2.262712e-001  0.000000e+000
    outer loop
      vertex -3.843542e+001  1.096350e+001 -4.000000e+000
      vertex -3.852524e+001  1.057685e+001  0.000000e+000
      vertex -3.843542e+001  1.096350e+001  0.000000e+000
    endloop
  endfacet
  facet normal -9.693817e-001  2.455588e-001  0.000000e+000
    outer loop
      vertex -3.843542e+001  1.096350e+001 -4.000000e+000
      vertex -3.843542e+001  1.096350e+001  0.000000e+000
      vertex -3.833795e+001  1.134829e+001 -4.000000e+000
    endloop
  endfacet
  facet normal -9.693817e-001  2.455588e-001  0.000000e+000
    outer loop
      vertex -3.833795e+001  1.134829e+001 -4.000000e+000
      vertex -3.843542e+001  1.096350e+001  0.000000e+000
      vertex -3.833795e+001  1.134829e+001  0.000000e+000
    endloop
  endfacet
  facet normal -9.643195e-001  2.647414e-001  0.000000e+000
    outer loop
      vertex -3.833795e+001  1.134829e+001 -4.000000e+000
      vertex -3.833795e+001  1.134829e+001  0.000000e+000
      vertex -3.823286e+001  1.173107e+001 -4.000000e+000
    endloop
  endfacet
  facet normal -9.643195e-001  2.647414e-001  0.000000e+000
    outer loop
      vertex -3.823286e+001  1.173107e+001 -4.000000e+000
      vertex -3.833795e+001  1.134829e+001  0.000000e+000
      vertex -3.823286e+001  1.173107e+001  0.000000e+000
    endloop
  endfacet
  facet normal -9.588729e-001  2.838361e-001  0.000000e+000
    outer loop
      vertex -3.823286e+001  1.173107e+001 -4.000000e+000
      vertex -3.823286e+001  1.173107e+001  0.000000e+000
      vertex -3.812020e+001  1.211169e+001 -4.000000e+000
    endloop
  endfacet
  facet normal -9.588729e-001  2.838361e-001  0.000000e+000
    outer loop
      vertex -3.812020e+001  1.211169e+001 -4.000000e+000
      vertex -3.823286e+001  1.173107e+001  0.000000e+000
      vertex -3.812020e+001  1.211169e+001  0.000000e+000
    endloop
  endfacet
  facet normal -9.530520e-001  3.028067e-001  0.000000e+000
    outer loop
      vertex -3.812020e+001  1.211169e+001 -4.000000e+000
      vertex -3.812020e+001  1.211169e+001  0.000000e+000
      vertex -3.800000e+001  1.249000e+001 -4.000000e+000
    endloop
  endfacet
  facet normal -9.530520e-001  3.028067e-001  0.000000e+000
    outer loop
      vertex -3.800000e+001  1.249000e+001 -4.000000e+000
      vertex -3.812020e+001  1.211169e+001  0.000000e+000
      vertex -3.800000e+001  1.249000e+001  0.000000e+000
    endloop
  endfacet
  facet normal -9.477775e-001  3.189323e-001  0.000000e+000
    outer loop
      vertex -3.800000e+001  1.249000e+001 -4.000000e+000
      vertex -3.800000e+001  1.249000e+001  0.000000e+000
      vertex -3.782036e+001  1.302383e+001 -4.000000e+000
    endloop
  endfacet
  facet normal -9.477775e-001  3.189323e-001  0.000000e+000
    outer loop
      vertex -3.782036e+001  1.302383e+001 -4.000000e+000
      vertex -3.800000e+001  1.249000e+001  0.000000e+000
      vertex -3.782036e+001  1.302383e+001  0.000000e+000
    endloop
  endfacet
  facet normal -9.431944e-001  3.322414e-001  0.000000e+000
    outer loop
      vertex -3.782036e+001  1.302383e+001 -4.000000e+000
      vertex -3.782036e+001  1.302383e+001  0.000000e+000
      vertex -3.763323e+001  1.355508e+001 -4.000000e+000
    endloop
  endfacet
  facet normal -9.431944e-001  3.322414e-001  0.000000e+000
    outer loop
      vertex -3.763323e+001  1.355508e+001 -4.000000e+000
      vertex -3.782036e+001  1.302383e+001  0.000000e+000
      vertex -3.763323e+001  1.355508e+001  0.000000e+000
    endloop
  endfacet
  facet normal -9.384207e-001  3.454947e-001  0.000000e+000
    outer loop
      vertex -3.763323e+001  1.355508e+001 -4.000000e+000
      vertex -3.763323e+001  1.355508e+001  0.000000e+000
      vertex -3.743863e+001  1.408364e+001 -4.000000e+000
    endloop
  endfacet
  facet normal -9.384207e-001  3.454947e-001  0.000000e+000
    outer loop
      vertex -3.743863e+001  1.408364e+001 -4.000000e+000
      vertex -3.763323e+001  1.355508e+001  0.000000e+000
      vertex -3.743863e+001  1.408364e+001  0.000000e+000
    endloop
  endfacet
  facet normal -9.334628e-001  3.586742e-001  0.000000e+000
    outer loop
      vertex -3.743863e+001  1.408364e+001 -4.000000e+000
      vertex -3.743863e+001  1.408364e+001  0.000000e+000
      vertex -3.723661e+001  1.460942e+001 -4.000000e+000
    endloop
  endfacet
  facet normal -9.334628e-001  3.586742e-001  0.000000e+000
    outer loop
      vertex -3.723661e+001  1.460942e+001 -4.000000e+000
      vertex -3.743863e+001  1.408364e+001  0.000000e+000
      vertex -3.723661e+001  1.460942e+001  0.000000e+000
    endloop
  endfacet
  facet normal -9.283211e-001  3.717795e-001  0.000000e+000
    outer loop
      vertex -3.723661e+001  1.460942e+001 -4.000000e+000
      vertex -3.723661e+001  1.460942e+001  0.000000e+000
      vertex -3.702720e+001  1.513229e+001 -4.000000e+000
    endloop
  endfacet
  facet normal -9.283211e-001  3.717795e-001  0.000000e+000
    outer loop
      vertex -3.702720e+001  1.513229e+001 -4.000000e+000
      vertex -3.723661e+001  1.460942e+001  0.000000e+000
      vertex -3.702720e+001  1.513229e+001  0.000000e+000
    endloop
  endfacet
  facet normal -9.229952e-001  3.848112e-001  0.000000e+000
    outer loop
      vertex -3.702720e+001  1.513229e+001 -4.000000e+000
      vertex -3.702720e+001  1.513229e+001  0.000000e+000
      vertex -3.681046e+001  1.565216e+001 -4.000000e+000
    endloop
  endfacet
  facet normal -9.229952e-001  3.848112e-001  0.000000e+000
    outer loop
      vertex -3.681046e+001  1.565216e+001 -4.000000e+000
      vertex -3.702720e+001  1.513229e+001  0.000000e+000
      vertex -3.681046e+001  1.565216e+001  0.000000e+000
    endloop
  endfacet
  facet normal -9.174837e-001  3.977733e-001  0.000000e+000
    outer loop
      vertex -3.681046e+001  1.565216e+001 -4.000000e+000
      vertex -3.681046e+001  1.565216e+001  0.000000e+000
      vertex -3.658641e+001  1.616893e+001 -4.000000e+000
    endloop
  endfacet
  facet normal -9.174837e-001  3.977733e-001  0.000000e+000
    outer loop
      vertex -3.658641e+001  1.616893e+001 -4.000000e+000
      vertex -3.681046e+001  1.565216e+001  0.000000e+000
      vertex -3.658641e+001  1.616893e+001  0.000000e+000
    endloop
  endfacet
  facet normal -9.117907e-001  4.106554e-001  0.000000e+000
    outer loop
      vertex -3.658641e+001  1.616893e+001 -4.000000e+000
      vertex -3.658641e+001  1.616893e+001  0.000000e+000
      vertex -3.635511e+001  1.668250e+001 -4.000000e+000
    endloop
  endfacet
  facet normal -9.117907e-001  4.106554e-001  0.000000e+000
    outer loop
      vertex -3.635511e+001  1.668250e+001 -4.000000e+000
      vertex -3.658641e+001  1.616893e+001  0.000000e+000
      vertex -3.635511e+001  1.668250e+001  0.000000e+000
    endloop
  endfacet
  facet normal -9.059177e-001  4.234538e-001  0.000000e+000
    outer loop
      vertex -3.635511e+001  1.668250e+001 -4.000000e+000
      vertex -3.635511e+001  1.668250e+001  0.000000e+000
      vertex -3.611660e+001  1.719275e+001 -4.000000e+000
    endloop
  endfacet
  facet normal -9.059177e-001  4.234538e-001  0.000000e+000
    outer loop
      vertex -3.611660e+001  1.719275e+001 -4.000000e+000
      vertex -3.635511e+001  1.668250e+001  0.000000e+000
      vertex -3.611660e+001  1.719275e+001  0.000000e+000
    endloop
  endfacet
  facet normal -8.998683e-001  4.361618e-001  0.000000e+000
    outer loop
      vertex -3.611660e+001  1.719275e+001 -4.000000e+000
      vertex -3.611660e+001  1.719275e+001  0.000000e+000
      vertex -3.587094e+001  1.769960e+001 -4.000000e+000
    endloop
  endfacet
  facet normal -8.998683e-001  4.361618e-001  0.000000e+000
    outer loop
      vertex -3.587094e+001  1.769960e+001 -4.000000e+000
      vertex -3.611660e+001  1.719275e+001  0.000000e+000
      vertex -3.587094e+001  1.769960e+001  0.000000e+000
    endloop
  endfacet
  facet normal -8.936361e-001  4.487923e-001  0.000000e+000
    outer loop
      vertex -3.587094e+001  1.769960e+001 -4.000000e+000
      vertex -3.587094e+001  1.769960e+001  0.000000e+000
      vertex -3.561816e+001  1.820294e+001 -4.000000e+000
    endloop
  endfacet
  facet normal -8.936361e-001  4.487923e-001  0.000000e+000
    outer loop
      vertex -3.561816e+001  1.820294e+001 -4.000000e+000
      vertex -3.587094e+001  1.769960e+001  0.000000e+000
      vertex -3.561816e+001  1.820294e+001  0.000000e+000
    endloop
  endfacet
  facet normal -8.872266e-001  4.613340e-001  0.000000e+000
    outer loop
      vertex -3.561816e+001  1.820294e+001 -4.000000e+000
      vertex -3.561816e+001  1.820294e+001  0.000000e+000
      vertex -3.535831e+001  1.870267e+001 -4.000000e+000
    endloop
  endfacet
  facet normal -8.872266e-001  4.613340e-001  0.000000e+000
    outer loop
      vertex -3.535831e+001  1.870267e+001 -4.000000e+000
      vertex -3.561816e+001  1.820294e+001  0.000000e+000
      vertex -3.535831e+001  1.870267e+001  0.000000e+000
    endloop
  endfacet
  facet normal -8.806445e-001  4.737777e-001  0.000000e+000
    outer loop
      vertex -3.535831e+001  1.870267e+001 -4.000000e+000
      vertex -3.535831e+001  1.870267e+001  0.000000e+000
      vertex -3.509146e+001  1.919869e+001 -4.000000e+000
    endloop
  endfacet
  facet normal -8.806445e-001  4.737777e-001  0.000000e+000
    outer loop
      vertex -3.509146e+001  1.919869e+001 -4.000000e+000
      vertex -3.535831e+001  1.870267e+001  0.000000e+000
      vertex -3.509146e+001  1.919869e+001  0.000000e+000
    endloop
  endfacet
  facet normal -8.738866e-001  4.861299e-001  0.000000e+000
    outer loop
      vertex -3.509146e+001  1.919869e+001 -4.000000e+000
      vertex -3.509146e+001  1.919869e+001  0.000000e+000
      vertex -3.481765e+001  1.969090e+001 -4.000000e+000
    endloop
  endfacet
  facet normal -8.738866e-001  4.861299e-001  0.000000e+000
    outer loop
      vertex -3.481765e+001  1.969090e+001 -4.000000e+000
      vertex -3.509146e+001  1.919869e+001  0.000000e+000
      vertex -3.481765e+001  1.969090e+001  0.000000e+000
    endloop
  endfacet
  facet normal -8.669511e-001  4.983932e-001  0.000000e+000
    outer loop
      vertex -3.481765e+001  1.969090e+001 -4.000000e+000
      vertex -3.481765e+001  1.969090e+001  0.000000e+000
      vertex -3.453693e+001  2.017921e+001 -4.000000e+000
    endloop
  endfacet
  facet normal -8.669511e-001  4.983932e-001  0.000000e+000
    outer loop
      vertex -3.453693e+001  2.017921e+001 -4.000000e+000
      vertex -3.481765e+001  1.969090e+001  0.000000e+000
      vertex -3.453693e+001  2.017921e+001  0.000000e+000
    endloop
  endfacet
  facet normal -8.598506e-001  5.105457e-001  0.000000e+000
    outer loop
      vertex -3.453693e+001  2.017921e+001 -4.000000e+000
      vertex -3.453693e+001  2.017921e+001  0.000000e+000
      vertex -3.424936e+001  2.066352e+001 -4.000000e+000
    endloop
  endfacet
  facet normal -8.598506e-001  5.105457e-001  0.000000e+000
    outer loop
      vertex -3.424936e+001  2.066352e+001 -4.000000e+000
      vertex -3.453693e+001  2.017921e+001  0.000000e+000
      vertex -3.424936e+001  2.066352e+001  0.000000e+000
    endloop
  endfacet
  facet normal -8.525771e-001  5.226014e-001  0.000000e+000
    outer loop
      vertex -3.424936e+001  2.066352e+001 -4.000000e+000
      vertex -3.424936e+001  2.066352e+001  0.000000e+000
      vertex -3.395501e+001  2.114373e+001 -4.000000e+000
    endloop
  endfacet
  facet normal -8.525771e-001  5.226014e-001  0.000000e+000
    outer loop
      vertex -3.395501e+001  2.114373e+001 -4.000000e+000
      vertex -3.424936e+001  2.066352e+001  0.000000e+000
      vertex -3.395501e+001  2.114373e+001  0.000000e+000
    endloop
  endfacet
  facet normal -8.451306e-001  5.345598e-001  0.000000e+000
    outer loop
      vertex -3.395501e+001  2.114373e+001 -4.000000e+000
      vertex -3.395501e+001  2.114373e+001  0.000000e+000
      vertex -3.365392e+001  2.161975e+001 -4.000000e+000
    endloop
  endfacet
  facet normal -8.451306e-001  5.345598e-001  0.000000e+000
    outer loop
      vertex -3.365392e+001  2.161975e+001 -4.000000e+000
      vertex -3.395501e+001  2.114373e+001  0.000000e+000
      vertex -3.365392e+001  2.161975e+001  0.000000e+000
    endloop
  endfacet
  facet normal -8.375233e-001  5.464018e-001  0.000000e+000
    outer loop
      vertex -3.365392e+001  2.161975e+001 -4.000000e+000
      vertex -3.365392e+001  2.161975e+001  0.000000e+000
      vertex -3.334616e+001  2.209148e+001 -4.000000e+000
    endloop
  endfacet
  facet normal -8.375233e-001  5.464018e-001  0.000000e+000
    outer loop
      vertex -3.334616e+001  2.209148e+001 -4.000000e+000
      vertex -3.365392e+001  2.161975e+001  0.000000e+000
      vertex -3.334616e+001  2.209148e+001  0.000000e+000
    endloop
  endfacet
  facet normal -8.297446e-001  5.581432e-001  0.000000e+000
    outer loop
      vertex -3.334616e+001  2.209148e+001 -4.000000e+000
      vertex -3.334616e+001  2.209148e+001  0.000000e+000
      vertex -3.303179e+001  2.255883e+001 -4.000000e+000
    endloop
  endfacet
  facet normal -8.297446e-001  5.581432e-001  0.000000e+000
    outer loop
      vertex -3.303179e+001  2.255883e+001 -4.000000e+000
      vertex -3.334616e+001  2.209148e+001  0.000000e+000
      vertex -3.303179e+001  2.255883e+001  0.000000e+000
    endloop
  endfacet
  facet normal -8.218031e-001  5.697716e-001  0.000000e+000
    outer loop
      vertex -3.303179e+001  2.255883e+001 -4.000000e+000
      vertex -3.303179e+001  2.255883e+001  0.000000e+000
      vertex -3.271087e+001  2.302171e+001 -4.000000e+000
    endloop
  endfacet
  facet normal -8.218031e-001  5.697716e-001  0.000000e+000
    outer loop
      vertex -3.271087e+001  2.302171e+001 -4.000000e+000
      vertex -3.303179e+001  2.255883e+001  0.000000e+000
      vertex -3.271087e+001  2.302171e+001  0.000000e+000
    endloop
  endfacet
  facet normal -8.136987e-001  5.812869e-001  0.000000e+000
    outer loop
      vertex -3.271087e+001  2.302171e+001 -4.000000e+000
      vertex -3.271087e+001  2.302171e+001  0.000000e+000
      vertex -3.238346e+001  2.348003e+001 -4.000000e+000
    endloop
  endfacet
  facet normal -8.136987e-001  5.812869e-001  0.000000e+000
    outer loop
      vertex -3.238346e+001  2.348003e+001 -4.000000e+000
      vertex -3.271087e+001  2.302171e+001  0.000000e+000
      vertex -3.238346e+001  2.348003e+001  0.000000e+000
    endloop
  endfacet
  facet normal -8.054348e-001  5.926844e-001  0.000000e+000
    outer loop
      vertex -3.238346e+001  2.348003e+001 -4.000000e+000
      vertex -3.238346e+001  2.348003e+001  0.000000e+000
      vertex -3.204963e+001  2.393369e+001 -4.000000e+000
    endloop
  endfacet
  facet normal -8.054348e-001  5.926844e-001  0.000000e+000
    outer loop
      vertex -3.204963e+001  2.393369e+001 -4.000000e+000
      vertex -3.238346e+001  2.348003e+001  0.000000e+000
      vertex -3.204963e+001  2.393369e+001  0.000000e+000
    endloop
  endfacet
  facet normal -7.970091e-001  6.039674e-001  0.000000e+000
    outer loop
      vertex -3.204963e+001  2.393369e+001 -4.000000e+000
      vertex -3.204963e+001  2.393369e+001  0.000000e+000
      vertex -3.170945e+001  2.438260e+001 -4.000000e+000
    endloop
  endfacet
  facet normal -7.970091e-001  6.039674e-001  0.000000e+000
    outer loop
      vertex -3.170945e+001  2.438260e+001 -4.000000e+000
      vertex -3.204963e+001  2.393369e+001  0.000000e+000
      vertex -3.170945e+001  2.438260e+001  0.000000e+000
    endloop
  endfacet
  facet normal -7.884231e-001  6.151335e-001  0.000000e+000
    outer loop
      vertex -3.170945e+001  2.438260e+001 -4.000000e+000
      vertex -3.170945e+001  2.438260e+001  0.000000e+000
      vertex -3.136297e+001  2.482668e+001 -4.000000e+000
    endloop
  endfacet
  facet normal -7.884231e-001  6.151335e-001  0.000000e+000
    outer loop
      vertex -3.136297e+001  2.482668e+001 -4.000000e+000
      vertex -3.170945e+001  2.438260e+001  0.000000e+000
      vertex -3.136297e+001  2.482668e+001  0.000000e+000
    endloop
  endfacet
  facet normal -7.796850e-001  6.261719e-001  0.000000e+000
    outer loop
      vertex -3.136297e+001  2.482668e+001 -4.000000e+000
      vertex -3.136297e+001  2.482668e+001  0.000000e+000
      vertex -3.101028e+001  2.526583e+001 -4.000000e+000
    endloop
  endfacet
  facet normal -7.796850e-001  6.261719e-001  0.000000e+000
    outer loop
      vertex -3.101028e+001  2.526583e+001 -4.000000e+000
      vertex -3.136297e+001  2.482668e+001  0.000000e+000
      vertex -3.101028e+001  2.526583e+001  0.000000e+000
    endloop
  endfacet
  facet normal -7.707909e-001  6.370882e-001  0.000000e+000
    outer loop
      vertex -3.101028e+001  2.526583e+001 -4.000000e+000
      vertex -3.101028e+001  2.526583e+001  0.000000e+000
      vertex -3.065145e+001  2.569998e+001 -4.000000e+000
    endloop
  endfacet
  facet normal -7.707909e-001  6.370882e-001  0.000000e+000
    outer loop
      vertex -3.065145e+001  2.569998e+001 -4.000000e+000
      vertex -3.101028e+001  2.526583e+001  0.000000e+000
      vertex -3.065145e+001  2.569998e+001  0.000000e+000
    endloop
  endfacet
  facet normal -7.617439e-001  6.478782e-001  0.000000e+000
    outer loop
      vertex -3.065145e+001  2.569998e+001 -4.000000e+000
      vertex -3.065145e+001  2.569998e+001  0.000000e+000
      vertex -3.028653e+001  2.612903e+001 -4.000000e+000
    endloop
  endfacet
  facet normal -7.617439e-001  6.478782e-001  0.000000e+000
    outer loop
      vertex -3.028653e+001  2.612903e+001 -4.000000e+000
      vertex -3.065145e+001  2.569998e+001  0.000000e+000
      vertex -3.028653e+001  2.612903e+001  0.000000e+000
    endloop
  endfacet
  facet normal -7.525454e-001  6.585403e-001  0.000000e+000
    outer loop
      vertex -3.028653e+001  2.612903e+001 -4.000000e+000
      vertex -3.028653e+001  2.612903e+001  0.000000e+000
      vertex -2.991561e+001  2.655290e+001 -4.000000e+000
    endloop
  endfacet
  facet normal -7.525454e-001  6.585403e-001  0.000000e+000
    outer loop
      vertex -2.991561e+001  2.655290e+001 -4.000000e+000
      vertex -3.028653e+001  2.612903e+001  0.000000e+000
      vertex -2.991561e+001  2.655290e+001  0.000000e+000
    endloop
  endfacet
  facet normal -7.431982e-001  6.690714e-001  0.000000e+000
    outer loop
      vertex -2.991561e+001  2.655290e+001 -4.000000e+000
      vertex -2.991561e+001  2.655290e+001  0.000000e+000
      vertex -2.953876e+001  2.697150e+001 -4.000000e+000
    endloop
  endfacet
  facet normal -7.431982e-001  6.690714e-001  0.000000e+000
    outer loop
      vertex -2.953876e+001  2.697150e+001 -4.000000e+000
      vertex -2.991561e+001  2.655290e+001  0.000000e+000
      vertex -2.953876e+001  2.697150e+001  0.000000e+000
    endloop
  endfacet
  facet normal -7.337028e-001  6.794705e-001  0.000000e+000
    outer loop
      vertex -2.953876e+001  2.697150e+001 -4.000000e+000
      vertex -2.953876e+001  2.697150e+001  0.000000e+000
      vertex -2.915605e+001  2.738476e+001 -4.000000e+000
    endloop
  endfacet
  facet normal -7.337028e-001  6.794705e-001  0.000000e+000
    outer loop
      vertex -2.915605e+001  2.738476e+001 -4.000000e+000
      vertex -2.953876e+001  2.697150e+001  0.000000e+000
      vertex -2.915605e+001  2.738476e+001  0.000000e+000
    endloop
  endfacet
  facet normal -7.240638e-001  6.897331e-001  0.000000e+000
    outer loop
      vertex -2.915605e+001  2.738476e+001 -4.000000e+000
      vertex -2.915605e+001  2.738476e+001  0.000000e+000
      vertex -2.876756e+001  2.779259e+001 -4.000000e+000
    endloop
  endfacet
  facet normal -7.240638e-001  6.897331e-001  0.000000e+000
    outer loop
      vertex -2.876756e+001  2.779259e+001 -4.000000e+000
      vertex -2.915605e+001  2.738476e+001  0.000000e+000
      vertex -2.876756e+001  2.779259e+001  0.000000e+000
    endloop
  endfacet
  facet normal -7.142779e-001  6.998622e-001  0.000000e+000
    outer loop
      vertex -2.876756e+001  2.779259e+001 -4.000000e+000
      vertex -2.876756e+001  2.779259e+001  0.000000e+000
      vertex -2.837336e+001  2.819490e+001 -4.000000e+000
    endloop
  endfacet
  facet normal -7.142779e-001  6.998622e-001  0.000000e+000
    outer loop
      vertex -2.837336e+001  2.819490e+001 -4.000000e+000
      vertex -2.876756e+001  2.779259e+001  0.000000e+000
      vertex -2.837336e+001  2.819490e+001  0.000000e+000
    endloop
  endfacet
  facet normal -7.043534e-001  7.098494e-001  0.000000e+000
    outer loop
      vertex -2.837336e+001  2.819490e+001 -4.000000e+000
      vertex -2.837336e+001  2.819490e+001  0.000000e+000
      vertex -2.797354e+001  2.859163e+001 -4.000000e+000
    endloop
  endfacet
  facet normal -7.043534e-001  7.098494e-001  0.000000e+000
    outer loop
      vertex -2.797354e+001  2.859163e+001 -4.000000e+000
      vertex -2.837336e+001  2.819490e+001  0.000000e+000
      vertex -2.797354e+001  2.859163e+001  0.000000e+000
    endloop
  endfacet
  facet normal -6.942906e-001  7.196949e-001  0.000000e+000
    outer loop
      vertex -2.797354e+001  2.859163e+001 -4.000000e+000
      vertex -2.797354e+001  2.859163e+001  0.000000e+000
      vertex -2.756817e+001  2.898268e+001 -4.000000e+000
    endloop
  endfacet
  facet normal -6.942906e-001  7.196949e-001  0.000000e+000
    outer loop
      vertex -2.756817e+001  2.898268e+001 -4.000000e+000
      vertex -2.797354e+001  2.859163e+001  0.000000e+000
      vertex -2.756817e+001  2.898268e+001  0.000000e+000
    endloop
  endfacet
  facet normal -6.840857e-001  7.294018e-001  0.000000e+000
    outer loop
      vertex -2.756817e+001  2.898268e+001 -4.000000e+000
      vertex -2.756817e+001  2.898268e+001  0.000000e+000
      vertex -2.715734e+001  2.936799e+001 -4.000000e+000
    endloop
  endfacet
  facet normal -6.840857e-001  7.294018e-001  0.000000e+000
    outer loop
      vertex -2.715734e+001  2.936799e+001 -4.000000e+000
      vertex -2.756817e+001  2.898268e+001  0.000000e+000
      vertex -2.715734e+001  2.936799e+001  0.000000e+000
    endloop
  endfacet
  facet normal -6.737474e-001  7.389617e-001  0.000000e+000
    outer loop
      vertex -2.715734e+001  2.936799e+001 -4.000000e+000
      vertex -2.715734e+001  2.936799e+001  0.000000e+000
      vertex -2.674112e+001  2.974748e+001 -4.000000e+000
    endloop
  endfacet
  facet normal -6.737474e-001  7.389617e-001  0.000000e+000
    outer loop
      vertex -2.674112e+001  2.974748e+001 -4.000000e+000
      vertex -2.715734e+001  2.936799e+001  0.000000e+000
      vertex -2.674112e+001  2.974748e+001  0.000000e+000
    endloop
  endfacet
  facet normal -6.632760e-001  7.483748e-001  0.000000e+000
    outer loop
      vertex -2.674112e+001  2.974748e+001 -4.000000e+000
      vertex -2.674112e+001  2.974748e+001  0.000000e+000
      vertex -2.631960e+001  3.012107e+001 -4.000000e+000
    endloop
  endfacet
  facet normal -6.632760e-001  7.483748e-001  0.000000e+000
    outer loop
      vertex -2.631960e+001  3.012107e+001 -4.000000e+000
      vertex -2.674112e+001  2.974748e+001  0.000000e+000
      vertex -2.631960e+001  3.012107e+001  0.000000e+000
    endloop
  endfacet
  facet normal -6.526696e-001  7.576427e-001  0.000000e+000
    outer loop
      vertex -2.631960e+001  3.012107e+001 -4.000000e+000
      vertex -2.631960e+001  3.012107e+001  0.000000e+000
      vertex -2.589286e+001  3.048868e+001 -4.000000e+000
    endloop
  endfacet
  facet normal -6.526696e-001  7.576427e-001  0.000000e+000
    outer loop
      vertex -2.589286e+001  3.048868e+001 -4.000000e+000
      vertex -2.631960e+001  3.012107e+001  0.000000e+000
      vertex -2.589286e+001  3.048868e+001  0.000000e+000
    endloop
  endfacet
  facet normal -6.419387e-001  7.667559e-001  0.000000e+000
    outer loop
      vertex -2.589286e+001  3.048868e+001 -4.000000e+000
      vertex -2.589286e+001  3.048868e+001  0.000000e+000
      vertex -2.546099e+001  3.085025e+001 -4.000000e+000
    endloop
  endfacet
  facet normal -6.419387e-001  7.667559e-001  0.000000e+000
    outer loop
      vertex -2.546099e+001  3.085025e+001 -4.000000e+000
      vertex -2.589286e+001  3.048868e+001  0.000000e+000
      vertex -2.546099e+001  3.085025e+001  0.000000e+000
    endloop
  endfacet
  facet normal -6.310800e-001  7.757178e-001  0.000000e+000
    outer loop
      vertex -2.546099e+001  3.085025e+001 -4.000000e+000
      vertex -2.546099e+001  3.085025e+001  0.000000e+000
      vertex -2.502407e+001  3.120571e+001 -4.000000e+000
    endloop
  endfacet
  facet normal -6.310800e-001  7.757178e-001  0.000000e+000
    outer loop
      vertex -2.502407e+001  3.120571e+001 -4.000000e+000
      vertex -2.546099e+001  3.085025e+001  0.000000e+000
      vertex -2.502407e+001  3.120571e+001  0.000000e+000
    endloop
  endfacet
  facet normal -6.200921e-001  7.845291e-001  0.000000e+000
    outer loop
      vertex -2.502407e+001  3.120571e+001 -4.000000e+000
      vertex -2.502407e+001  3.120571e+001  0.000000e+000
      vertex -2.458218e+001  3.155497e+001 -4.000000e+000
    endloop
  endfacet
  facet normal -6.200921e-001  7.845291e-001  0.000000e+000
    outer loop
      vertex -2.458218e+001  3.155497e+001 -4.000000e+000
      vertex -2.502407e+001  3.120571e+001  0.000000e+000
      vertex -2.458218e+001  3.155497e+001  0.000000e+000
    endloop
  endfacet
  facet normal -6.089869e-001  7.931803e-001  0.000000e+000
    outer loop
      vertex -2.458218e+001  3.155497e+001 -4.000000e+000
      vertex -2.458218e+001  3.155497e+001  0.000000e+000
      vertex -2.413543e+001  3.189798e+001 -4.000000e+000
    endloop
  endfacet
  facet normal -6.089869e-001  7.931803e-001  0.000000e+000
    outer loop
      vertex -2.413543e+001  3.189798e+001 -4.000000e+000
      vertex -2.458218e+001  3.155497e+001  0.000000e+000
      vertex -2.413543e+001  3.189798e+001  0.000000e+000
    endloop
  endfacet
  facet normal -5.977539e-001  8.016796e-001  0.000000e+000
    outer loop
      vertex -2.413543e+001  3.189798e+001 -4.000000e+000
      vertex -2.413543e+001  3.189798e+001  0.000000e+000
      vertex -2.368388e+001  3.223466e+001 -4.000000e+000
    endloop
  endfacet
  facet normal -5.977539e-001  8.016796e-001  0.000000e+000
    outer loop
      vertex -2.368388e+001  3.223466e+001 -4.000000e+000
      vertex -2.413543e+001  3.189798e+001  0.000000e+000
      vertex -2.368388e+001  3.223466e+001  0.000000e+000
    endloop
  endfacet
  facet normal -5.864125e-001  8.100125e-001  0.000000e+000
    outer loop
      vertex -2.368388e+001  3.223466e+001 -4.000000e+000
      vertex -2.368388e+001  3.223466e+001  0.000000e+000
      vertex -2.322764e+001  3.256496e+001 -4.000000e+000
    endloop
  endfacet
  facet normal -5.864125e-001  8.100125e-001  0.000000e+000
    outer loop
      vertex -2.322764e+001  3.256496e+001 -4.000000e+000
      vertex -2.368388e+001  3.223466e+001  0.000000e+000
      vertex -2.322764e+001  3.256496e+001  0.000000e+000
    endloop
  endfacet
  facet normal -5.749405e-001  8.181953e-001  0.000000e+000
    outer loop
      vertex -2.322764e+001  3.256496e+001 -4.000000e+000
      vertex -2.322764e+001  3.256496e+001  0.000000e+000
      vertex -2.276680e+001  3.288879e+001 -4.000000e+000
    endloop
  endfacet
  facet normal -5.749405e-001  8.181953e-001  0.000000e+000
    outer loop
      vertex -2.276680e+001  3.288879e+001 -4.000000e+000
      vertex -2.322764e+001  3.256496e+001  0.000000e+000
      vertex -2.276680e+001  3.288879e+001  0.000000e+000
    endloop
  endfacet
  facet normal -5.633706e-001  8.262043e-001  0.000000e+000
    outer loop
      vertex -2.276680e+001  3.288879e+001 -4.000000e+000
      vertex -2.276680e+001  3.288879e+001  0.000000e+000
      vertex -2.230144e+001  3.320611e+001 -4.000000e+000
    endloop
  endfacet
  facet normal -5.633706e-001  8.262043e-001  0.000000e+000
    outer loop
      vertex -2.230144e+001  3.320611e+001 -4.000000e+000
      vertex -2.276680e+001  3.288879e+001  0.000000e+000
      vertex -2.230144e+001  3.320611e+001  0.000000e+000
    endloop
  endfacet
  facet normal -5.516769e-001  8.340579e-001  0.000000e+000
    outer loop
      vertex -2.230144e+001  3.320611e+001 -4.000000e+000
      vertex -2.230144e+001  3.320611e+001  0.000000e+000
      vertex -2.183166e+001  3.351684e+001 -4.000000e+000
    endloop
  endfacet
  facet normal -5.516769e-001  8.340579e-001  0.000000e+000
    outer loop
      vertex -2.183166e+001  3.351684e+001 -4.000000e+000
      vertex -2.230144e+001  3.320611e+001  0.000000e+000
      vertex -2.183166e+001  3.351684e+001  0.000000e+000
    endloop
  endfacet
  facet normal -5.398780e-001  8.417434e-001  0.000000e+000
    outer loop
      vertex -2.183166e+001  3.351684e+001 -4.000000e+000
      vertex -2.183166e+001  3.351684e+001  0.000000e+000
      vertex -2.135755e+001  3.382093e+001 -4.000000e+000
    endloop
  endfacet
  facet normal -5.398780e-001  8.417434e-001  0.000000e+000
    outer loop
      vertex -2.135755e+001  3.382093e+001 -4.000000e+000
      vertex -2.183166e+001  3.351684e+001  0.000000e+000
      vertex -2.135755e+001  3.382093e+001  0.000000e+000
    endloop
  endfacet
  facet normal -5.279720e-001  8.492618e-001  0.000000e+000
    outer loop
      vertex -2.135755e+001  3.382093e+001 -4.000000e+000
      vertex -2.135755e+001  3.382093e+001  0.000000e+000
      vertex -2.087921e+001  3.411831e+001 -4.000000e+000
    endloop
  endfacet
  facet normal -5.279720e-001  8.492618e-001  0.000000e+000
    outer loop
      vertex -2.087921e+001  3.411831e+001 -4.000000e+000
      vertex -2.135755e+001  3.382093e+001  0.000000e+000
      vertex -2.087921e+001  3.411831e+001  0.000000e+000
    endloop
  endfacet
  facet normal -5.159625e-001  8.566111e-001  0.000000e+000
    outer loop
      vertex -2.087921e+001  3.411831e+001 -4.000000e+000
      vertex -2.087921e+001  3.411831e+001  0.000000e+000
      vertex -2.039672e+001  3.440892e+001 -4.000000e+000
    endloop
  endfacet
  facet normal -5.159625e-001  8.566111e-001  0.000000e+000
    outer loop
      vertex -2.039672e+001  3.440892e+001 -4.000000e+000
      vertex -2.087921e+001  3.411831e+001  0.000000e+000
      vertex -2.039672e+001  3.440892e+001  0.000000e+000
    endloop
  endfacet
  facet normal -5.038477e-001  8.637926e-001  0.000000e+000
    outer loop
      vertex -2.039672e+001  3.440892e+001 -4.000000e+000
      vertex -2.039672e+001  3.440892e+001  0.000000e+000
      vertex -1.991019e+001  3.469271e+001 -4.000000e+000
    endloop
  endfacet
  facet normal -5.038477e-001  8.637926e-001  0.000000e+000
    outer loop
      vertex -1.991019e+001  3.469271e+001 -4.000000e+000
      vertex -2.039672e+001  3.440892e+001  0.000000e+000
      vertex -1.991019e+001  3.469271e+001  0.000000e+000
    endloop
  endfacet
  facet normal -4.916357e-001  8.708010e-001  0.000000e+000
    outer loop
      vertex -1.991019e+001  3.469271e+001 -4.000000e+000
      vertex -1.991019e+001  3.469271e+001  0.000000e+000
      vertex -1.941972e+001  3.496962e+001 -4.000000e+000
    endloop
  endfacet
  facet normal -4.916357e-001  8.708010e-001  0.000000e+000
    outer loop
      vertex -1.941972e+001  3.496962e+001 -4.000000e+000
      vertex -1.991019e+001  3.469271e+001  0.000000e+000
      vertex -1.941972e+001  3.496962e+001  0.000000e+000
    endloop
  endfacet
  facet normal -4.793285e-001  8.776356e-001  0.000000e+000
    outer loop
      vertex -1.941972e+001  3.496962e+001 -4.000000e+000
      vertex -1.941972e+001  3.496962e+001  0.000000e+000
      vertex -1.892539e+001  3.523960e+001 -4.000000e+000
    endloop
  endfacet
  facet normal -4.793285e-001  8.776356e-001  0.000000e+000
    outer loop
      vertex -1.892539e+001  3.523960e+001 -4.000000e+000
      vertex -1.941972e+001  3.496962e+001  0.000000e+000
      vertex -1.892539e+001  3.523960e+001  0.000000e+000
    endloop
  endfacet
  facet normal -4.669167e-001  8.843014e-001  0.000000e+000
    outer loop
      vertex -1.892539e+001  3.523960e+001 -4.000000e+000
      vertex -1.892539e+001  3.523960e+001  0.000000e+000
      vertex -1.842731e+001  3.550259e+001 -4.000000e+000
    endloop
  endfacet
  facet normal -4.669167e-001  8.843014e-001  0.000000e+000
    outer loop
      vertex -1.842731e+001  3.550259e+001 -4.000000e+000
      vertex -1.892539e+001  3.523960e+001  0.000000e+000
      vertex -1.842731e+001  3.550259e+001  0.000000e+000
    endloop
  endfacet
  facet normal -4.544268e-001  8.907840e-001  0.000000e+000
    outer loop
      vertex -1.842731e+001  3.550259e+001 -4.000000e+000
      vertex -1.842731e+001  3.550259e+001  0.000000e+000
      vertex -1.792558e+001  3.575855e+001 -4.000000e+000
    endloop
  endfacet
  facet normal -4.544268e-001  8.907840e-001  0.000000e+000
    outer loop
      vertex -1.792558e+001  3.575855e+001 -4.000000e+000
      vertex -1.842731e+001  3.550259e+001  0.000000e+000
      vertex -1.792558e+001  3.575855e+001  0.000000e+000
    endloop
  endfacet
  facet normal -4.418307e-001  8.970984e-001  0.000000e+000
    outer loop
      vertex -1.792558e+001  3.575855e+001 -4.000000e+000
      vertex -1.792558e+001  3.575855e+001  0.000000e+000
      vertex -1.742029e+001  3.600741e+001 -4.000000e+000
    endloop
  endfacet
  facet normal -4.418307e-001  8.970984e-001  0.000000e+000
    outer loop
      vertex -1.742029e+001  3.600741e+001 -4.000000e+000
      vertex -1.792558e+001  3.575855e+001  0.000000e+000
      vertex -1.742029e+001  3.600741e+001  0.000000e+000
    endloop
  endfacet
  facet normal -4.291568e-001  9.032300e-001  0.000000e+000
    outer loop
      vertex -1.742029e+001  3.600741e+001 -4.000000e+000
      vertex -1.742029e+001  3.600741e+001  0.000000e+000
      vertex -1.691155e+001  3.624913e+001 -4.000000e+000
    endloop
  endfacet
  facet normal -4.291568e-001  9.032300e-001  0.000000e+000
    outer loop
      vertex -1.691155e+001  3.624913e+001 -4.000000e+000
      vertex -1.742029e+001  3.600741e+001  0.000000e+000
      vertex -1.691155e+001  3.624913e+001  0.000000e+000
    endloop
  endfacet
  facet normal -4.163983e-001  9.091823e-001  0.000000e+000
    outer loop
      vertex -1.691155e+001  3.624913e+001 -4.000000e+000
      vertex -1.691155e+001  3.624913e+001  0.000000e+000
      vertex -1.639945e+001  3.648367e+001 -4.000000e+000
    endloop
  endfacet
  facet normal -4.163983e-001  9.091823e-001  0.000000e+000
    outer loop
      vertex -1.639945e+001  3.648367e+001 -4.000000e+000
      vertex -1.691155e+001  3.624913e+001  0.000000e+000
      vertex -1.639945e+001  3.648367e+001  0.000000e+000
    endloop
  endfacet
  facet normal -4.035573e-001  9.149544e-001  0.000000e+000
    outer loop
      vertex -1.639945e+001  3.648367e+001 -4.000000e+000
      vertex -1.639945e+001  3.648367e+001  0.000000e+000
      vertex -1.588411e+001  3.671097e+001 -4.000000e+000
    endloop
  endfacet
  facet normal -4.035573e-001  9.149544e-001  0.000000e+000
    outer loop
      vertex -1.588411e+001  3.671097e+001 -4.000000e+000
      vertex -1.639945e+001  3.648367e+001  0.000000e+000
      vertex -1.588411e+001  3.671097e+001  0.000000e+000
    endloop
  endfacet
  facet normal -3.906288e-001  9.205484e-001  0.000000e+000
    outer loop
      vertex -1.588411e+001  3.671097e+001 -4.000000e+000
      vertex -1.588411e+001  3.671097e+001  0.000000e+000
      vertex -1.536561e+001  3.693099e+001 -4.000000e+000
    endloop
  endfacet
  facet normal -3.906288e-001  9.205484e-001  0.000000e+000
    outer loop
      vertex -1.536561e+001  3.693099e+001 -4.000000e+000
      vertex -1.588411e+001  3.671097e+001  0.000000e+000
      vertex -1.536561e+001  3.693099e+001  0.000000e+000
    endloop
  endfacet
  facet normal -3.776307e-001  9.259564e-001  0.000000e+000
    outer loop
      vertex -1.536561e+001  3.693099e+001 -4.000000e+000
      vertex -1.536561e+001  3.693099e+001  0.000000e+000
      vertex -1.484407e+001  3.714369e+001 -4.000000e+000
    endloop
  endfacet
  facet normal -3.776307e-001  9.259564e-001  0.000000e+000
    outer loop
      vertex -1.484407e+001  3.714369e+001 -4.000000e+000
      vertex -1.536561e+001  3.693099e+001  0.000000e+000
      vertex -1.484407e+001  3.714369e+001  0.000000e+000
    endloop
  endfacet
  facet normal -3.645536e-001  9.311824e-001  0.000000e+000
    outer loop
      vertex -1.484407e+001  3.714369e+001 -4.000000e+000
      vertex -1.484407e+001  3.714369e+001  0.000000e+000
      vertex -1.431958e+001  3.734902e+001 -4.000000e+000
    endloop
  endfacet
  facet normal -3.645536e-001  9.311824e-001  0.000000e+000
    outer loop
      vertex -1.431958e+001  3.734902e+001 -4.000000e+000
      vertex -1.484407e+001  3.714369e+001  0.000000e+000
      vertex -1.431958e+001  3.734902e+001  0.000000e+000
    endloop
  endfacet
  facet normal -3.514077e-001  9.362226e-001  0.000000e+000
    outer loop
      vertex -1.431958e+001  3.734902e+001 -4.000000e+000
      vertex -1.431958e+001  3.734902e+001  0.000000e+000
      vertex -1.379226e+001  3.754695e+001 -4.000000e+000
    endloop
  endfacet
  facet normal -3.514077e-001  9.362226e-001  0.000000e+000
    outer loop
      vertex -1.379226e+001  3.754695e+001 -4.000000e+000
      vertex -1.431958e+001  3.734902e+001  0.000000e+000
      vertex -1.379226e+001  3.754695e+001  0.000000e+000
    endloop
  endfacet
  facet normal -3.381935e-001  9.410766e-001  0.000000e+000
    outer loop
      vertex -1.379226e+001  3.754695e+001 -4.000000e+000
      vertex -1.379226e+001  3.754695e+001  0.000000e+000
      vertex -1.326220e+001  3.773744e+001 -4.000000e+000
    endloop
  endfacet
  facet normal -3.381935e-001  9.410766e-001  0.000000e+000
    outer loop
      vertex -1.326220e+001  3.773744e+001 -4.000000e+000
      vertex -1.379226e+001  3.754695e+001  0.000000e+000
      vertex -1.326220e+001  3.773744e+001  0.000000e+000
    endloop
  endfacet
  facet normal -3.248995e-001  9.457486e-001  0.000000e+000
    outer loop
      vertex -1.326220e+001  3.773744e+001 -4.000000e+000
      vertex -1.326220e+001  3.773744e+001  0.000000e+000
      vertex -1.272951e+001  3.792044e+001 -4.000000e+000
    endloop
  endfacet
  facet normal -3.248995e-001  9.457486e-001  0.000000e+000
    outer loop
      vertex -1.272951e+001  3.792044e+001 -4.000000e+000
      vertex -1.326220e+001  3.773744e+001  0.000000e+000
      vertex -1.272951e+001  3.792044e+001  0.000000e+000
    endloop
  endfacet
  facet normal -3.115569e-001  9.502274e-001  0.000000e+000
    outer loop
      vertex -1.272951e+001  3.792044e+001 -4.000000e+000
      vertex -1.272951e+001  3.792044e+001  0.000000e+000
      vertex -1.219429e+001  3.809592e+001 -4.000000e+000
    endloop
  endfacet
  facet normal -3.115569e-001  9.502274e-001  0.000000e+000
    outer loop
      vertex -1.219429e+001  3.809592e+001 -4.000000e+000
      vertex -1.272951e+001  3.792044e+001  0.000000e+000
      vertex -1.219429e+001  3.809592e+001  0.000000e+000
    endloop
  endfacet
  facet normal -2.981471e-001  9.545200e-001  0.000000e+000
    outer loop
      vertex -1.219429e+001  3.809592e+001 -4.000000e+000
      vertex -1.219429e+001  3.809592e+001  0.000000e+000
      vertex -1.165666e+001  3.826385e+001 -4.000000e+000
    endloop
  endfacet
  facet normal -2.981471e-001  9.545200e-001  0.000000e+000
    outer loop
      vertex -1.165666e+001  3.826385e+001 -4.000000e+000
      vertex -1.219429e+001  3.809592e+001  0.000000e+000
      vertex -1.165666e+001  3.826385e+001  0.000000e+000
    endloop
  endfacet
  facet normal -2.846698e-001  9.586256e-001  0.000000e+000
    outer loop
      vertex -1.165666e+001  3.826385e+001 -4.000000e+000
      vertex -1.165666e+001  3.826385e+001  0.000000e+000
      vertex -1.111672e+001  3.842419e+001 -4.000000e+000
    endloop
  endfacet
  facet normal -2.846698e-001  9.586256e-001  0.000000e+000
    outer loop
      vertex -1.111672e+001  3.842419e+001 -4.000000e+000
      vertex -1.165666e+001  3.826385e+001  0.000000e+000
      vertex -1.111672e+001  3.842419e+001  0.000000e+000
    endloop
  endfacet
  facet normal -2.711511e-001  9.625368e-001  0.000000e+000
    outer loop
      vertex -1.111672e+001  3.842419e+001 -4.000000e+000
      vertex -1.111672e+001  3.842419e+001  0.000000e+000
      vertex -1.057457e+001  3.857692e+001 -4.000000e+000
    endloop
  endfacet
  facet normal -2.711511e-001  9.625368e-001  0.000000e+000
    outer loop
      vertex -1.057457e+001  3.857692e+001 -4.000000e+000
      vertex -1.111672e+001  3.842419e+001  0.000000e+000
      vertex -1.057457e+001  3.857692e+001  0.000000e+000
    endloop
  endfacet
  facet normal -2.575653e-001  9.662609e-001  0.000000e+000
    outer loop
      vertex -1.057457e+001  3.857692e+001 -4.000000e+000
      vertex -1.057457e+001  3.857692e+001  0.000000e+000
      vertex -1.003033e+001  3.872199e+001 -4.000000e+000
    endloop
  endfacet
  facet normal -2.575653e-001  9.662609e-001  0.000000e+000
    outer loop
      vertex -1.003033e+001  3.872199e+001 -4.000000e+000
      vertex -1.057457e+001  3.857692e+001  0.000000e+000
      vertex -1.003033e+001  3.872199e+001  0.000000e+000
    endloop
  endfacet
  facet normal -2.439385e-001  9.697907e-001  0.000000e+000
    outer loop
      vertex -1.003033e+001  3.872199e+001 -4.000000e+000
      vertex -1.003033e+001  3.872199e+001  0.000000e+000
      vertex -9.484097e+000  3.885939e+001 -4.000000e+000
    endloop
  endfacet
  facet normal -2.439385e-001  9.697907e-001  0.000000e+000
    outer loop
      vertex -9.484097e+000  3.885939e+001 -4.000000e+000
      vertex -1.003033e+001  3.872199e+001  0.000000e+000
      vertex -9.484097e+000  3.885939e+001  0.000000e+000
    endloop
  endfacet
  facet normal -2.302577e-001  9.731297e-001  0.000000e+000
    outer loop
      vertex -9.484097e+000  3.885939e+001 -4.000000e+000
      vertex -9.484097e+000  3.885939e+001  0.000000e+000
      vertex -8.935985e+000  3.898908e+001 -4.000000e+000
    endloop
  endfacet
  facet normal -2.302577e-001  9.731297e-001  0.000000e+000
    outer loop
      vertex -8.935985e+000  3.898908e+001 -4.000000e+000
      vertex -9.484097e+000  3.885939e+001  0.000000e+000
      vertex -8.935985e+000  3.898908e+001  0.000000e+000
    endloop
  endfacet
  facet normal -2.165296e-001  9.762760e-001  0.000000e+000
    outer loop
      vertex -8.935985e+000  3.898908e+001 -4.000000e+000
      vertex -8.935985e+000  3.898908e+001  0.000000e+000
      vertex -8.386100e+000  3.911104e+001 -4.000000e+000
    endloop
  endfacet
  facet normal -2.165296e-001  9.762760e-001  0.000000e+000
    outer loop
      vertex -8.386100e+000  3.911104e+001 -4.000000e+000
      vertex -8.935985e+000  3.898908e+001  0.000000e+000
      vertex -8.386100e+000  3.911104e+001  0.000000e+000
    endloop
  endfacet
  facet normal -2.027606e-001  9.792283e-001  0.000000e+000
    outer loop
      vertex -8.386100e+000  3.911104e+001 -4.000000e+000
      vertex -8.386100e+000  3.911104e+001  0.000000e+000
      vertex -7.834552e+000  3.922524e+001 -4.000000e+000
    endloop
  endfacet
  facet normal -2.027606e-001  9.792283e-001  0.000000e+000
    outer loop
      vertex -7.834552e+000  3.922524e+001 -4.000000e+000
      vertex -8.386100e+000  3.911104e+001  0.000000e+000
      vertex -7.834552e+000  3.922524e+001  0.000000e+000
    endloop
  endfacet
  facet normal -1.889578e-001  9.819852e-001  0.000000e+000
    outer loop
      vertex -7.834552e+000  3.922524e+001 -4.000000e+000
      vertex -7.834552e+000  3.922524e+001  0.000000e+000
      vertex -7.281451e+000  3.933167e+001 -4.000000e+000
    endloop
  endfacet
  facet normal -1.889578e-001  9.819852e-001  0.000000e+000
    outer loop
      vertex -7.281451e+000  3.933167e+001 -4.000000e+000
      vertex -7.834552e+000  3.922524e+001  0.000000e+000
      vertex -7.281451e+000  3.933167e+001  0.000000e+000
    endloop
  endfacet
  facet normal -1.751079e-001  9.845493e-001  0.000000e+000
    outer loop
      vertex -7.281451e+000  3.933167e+001 -4.000000e+000
      vertex -7.281451e+000  3.933167e+001  0.000000e+000
      vertex -6.726906e+000  3.943030e+001 -4.000000e+000
    endloop
  endfacet
  facet normal -1.751079e-001  9.845493e-001  0.000000e+000
    outer loop
      vertex -6.726906e+000  3.943030e+001 -4.000000e+000
      vertex -7.281451e+000  3.933167e+001  0.000000e+000
      vertex -6.726906e+000  3.943030e+001  0.000000e+000
    endloop
  endfacet
  facet normal -1.612304e-001  9.869168e-001  0.000000e+000
    outer loop
      vertex -6.726906e+000  3.943030e+001 -4.000000e+000
      vertex -6.726906e+000  3.943030e+001  0.000000e+000
      vertex -6.171028e+000  3.952111e+001 -4.000000e+000
    endloop
  endfacet
  facet normal -1.612304e-001  9.869168e-001  0.000000e+000
    outer loop
      vertex -6.171028e+000  3.952111e+001 -4.000000e+000
      vertex -6.726906e+000  3.943030e+001  0.000000e+000
      vertex -6.171028e+000  3.952111e+001  0.000000e+000
    endloop
  endfacet
  facet normal -1.473127e-001  9.890900e-001  0.000000e+000
    outer loop
      vertex -6.171028e+000  3.952111e+001 -4.000000e+000
      vertex -6.171028e+000  3.952111e+001  0.000000e+000
      vertex -5.613925e+000  3.960409e+001 -4.000000e+000
    endloop
  endfacet
  facet normal -1.473127e-001  9.890900e-001  0.000000e+000
    outer loop
      vertex -5.613925e+000  3.960409e+001 -4.000000e+000
      vertex -6.171028e+000  3.952111e+001  0.000000e+000
      vertex -5.613925e+000  3.960409e+001  0.000000e+000
    endloop
  endfacet
  facet normal -1.333745e-001  9.910657e-001  0.000000e+000
    outer loop
      vertex -5.613925e+000  3.960409e+001 -4.000000e+000
      vertex -5.613925e+000  3.960409e+001  0.000000e+000
      vertex -5.055710e+000  3.967921e+001 -4.000000e+000
    endloop
  endfacet
  facet normal -1.333745e-001  9.910657e-001  0.000000e+000
    outer loop
      vertex -5.055710e+000  3.967921e+001 -4.000000e+000
      vertex -5.613925e+000  3.960409e+001  0.000000e+000
      vertex -5.055710e+000  3.967921e+001  0.000000e+000
    endloop
  endfacet
  facet normal -1.194091e-001  9.928452e-001  0.000000e+000
    outer loop
      vertex -5.055710e+000  3.967921e+001 -4.000000e+000
      vertex -5.055710e+000  3.967921e+001  0.000000e+000
      vertex -4.496492e+000  3.974647e+001 -4.000000e+000
    endloop
  endfacet
  facet normal -1.194091e-001  9.928452e-001  0.000000e+000
    outer loop
      vertex -4.496492e+000  3.974647e+001 -4.000000e+000
      vertex -5.055710e+000  3.967921e+001  0.000000e+000
      vertex -4.496492e+000  3.974647e+001  0.000000e+000
    endloop
  endfacet
  facet normal -1.054101e-001  9.944288e-001  0.000000e+000
    outer loop
      vertex -4.496492e+000  3.974647e+001 -4.000000e+000
      vertex -4.496492e+000  3.974647e+001  0.000000e+000
      vertex -3.936383e+000  3.980584e+001 -4.000000e+000
    endloop
  endfacet
  facet normal -1.054101e-001  9.944288e-001  0.000000e+000
    outer loop
      vertex -3.936383e+000  3.980584e+001 -4.000000e+000
      vertex -4.496492e+000  3.974647e+001  0.000000e+000
      vertex -3.936383e+000  3.980584e+001  0.000000e+000
    endloop
  endfacet
  facet normal -9.140409e-002  9.958138e-001  0.000000e+000
    outer loop
      vertex -3.936383e+000  3.980584e+001 -4.000000e+000
      vertex -3.936383e+000  3.980584e+001  0.000000e+000
      vertex -3.375493e+000  3.985732e+001 -4.000000e+000
    endloop
  endfacet
  facet normal -9.140409e-002  9.958138e-001  0.000000e+000
    outer loop
      vertex -3.375493e+000  3.985732e+001 -4.000000e+000
      vertex -3.936383e+000  3.980584e+001  0.000000e+000
      vertex -3.375493e+000  3.985732e+001  0.000000e+000
    endloop
  endfacet
  facet normal -7.736442e-002  9.970028e-001  0.000000e+000
    outer loop
      vertex -3.375493e+000  3.985732e+001 -4.000000e+000
      vertex -3.375493e+000  3.985732e+001  0.000000e+000
      vertex -2.813934e+000  3.990090e+001 -4.000000e+000
    endloop
  endfacet
  facet normal -7.736442e-002  9.970028e-001  0.000000e+000
    outer loop
      vertex -2.813934e+000  3.990090e+001 -4.000000e+000
      vertex -3.375493e+000  3.985732e+001  0.000000e+000
      vertex -2.813934e+000  3.990090e+001  0.000000e+000
    endloop
  endfacet
  facet normal -6.332459e-002  9.979930e-001  0.000000e+000
    outer loop
      vertex -2.813934e+000  3.990090e+001 -4.000000e+000
      vertex -2.813934e+000  3.990090e+001  0.000000e+000
      vertex -2.251817e+000  3.993657e+001 -4.000000e+000
    endloop
  endfacet
  facet normal -6.332459e-002  9.979930e-001  0.000000e+000
    outer loop
      vertex -2.251817e+000  3.993657e+001 -4.000000e+000
      vertex -2.813934e+000  3.990090e+001  0.000000e+000
      vertex -2.251817e+000  3.993657e+001  0.000000e+000
    endloop
  endfacet
  facet normal -4.926451e-002  9.987858e-001  0.000000e+000
    outer loop
      vertex -2.251817e+000  3.993657e+001 -4.000000e+000
      vertex -2.251817e+000  3.993657e+001  0.000000e+000
      vertex -1.689254e+000  3.996431e+001 -4.000000e+000
    endloop
  endfacet
  facet normal -4.926451e-002  9.987858e-001  0.000000e+000
    outer loop
      vertex -1.689254e+000  3.996431e+001 -4.000000e+000
      vertex -2.251817e+000  3.993657e+001  0.000000e+000
      vertex -1.689254e+000  3.996431e+001  0.000000e+000
    endloop
  endfacet
  facet normal -3.519765e-002  9.993804e-001  0.000000e+000
    outer loop
      vertex -1.689254e+000  3.996431e+001 -4.000000e+000
      vertex -1.689254e+000  3.996431e+001  0.000000e+000
      vertex -1.126355e+000  3.998414e+001 -4.000000e+000
    endloop
  endfacet
  facet normal -3.519765e-002  9.993804e-001  0.000000e+000
    outer loop
      vertex -1.126355e+000  3.998414e+001 -4.000000e+000
      vertex -1.689254e+000  3.996431e+001  0.000000e+000
      vertex -1.126355e+000  3.998414e+001  0.000000e+000
    endloop
  endfacet
  facet normal -2.111723e-002  9.997770e-001  0.000000e+000
    outer loop
      vertex -1.126355e+000  3.998414e+001 -4.000000e+000
      vertex -1.126355e+000  3.998414e+001  0.000000e+000
      vertex -5.632335e-001  3.999603e+001 -4.000000e+000
    endloop
  endfacet
  facet normal -2.111723e-002  9.997770e-001  0.000000e+000
    outer loop
      vertex -5.632335e-001  3.999603e+001 -4.000000e+000
      vertex -1.126355e+000  3.998414e+001  0.000000e+000
      vertex -5.632335e-001  3.999603e+001  0.000000e+000
    endloop
  endfacet
  facet normal -7.043591e-003  9.999751e-001  0.000000e+000
    outer loop
      vertex -5.632335e-001  3.999603e+001 -4.000000e+000
      vertex -5.632335e-001  3.999603e+001  0.000000e+000
      vertex -4.195963e-014  4.000000e+001 -4.000000e+000
    endloop
  endfacet
  facet normal -7.043591e-003  9.999751e-001  4.691974e-017
    outer loop
      vertex -4.195963e-014  4.000000e+001 -4.000000e+000
      vertex -5.632335e-001  3.999603e+001  0.000000e+000
      vertex -1.531427e-014  4.000000e+001  0.000000e+000
    endloop
  endfacet
  facet normal  7.043591e-003  9.999751e-001 -4.691974e-017
    outer loop
      vertex -4.195963e-014  4.000000e+001 -4.000000e+000
      vertex -1.531427e-014  4.000000e+001  0.000000e+000
      vertex  5.632335e-001  3.999603e+001 -4.000000e+000
    endloop
  endfacet
  facet normal  7.043591e-003  9.999751e-001  -0.000000e+000
    outer loop
      vertex  5.632335e-001  3.999603e+001 -4.000000e+000
      vertex -1.531427e-014  4.000000e+001  0.000000e+000
      vertex  5.632335e-001  3.999603e+001  0.000000e+000
    endloop
  endfacet
  facet normal  2.111723e-002  9.997770e-001  0.000000e+000
    outer loop
      vertex  5.632335e-001  3.999603e+001 -4.000000e+000
      vertex  5.632335e-001  3.999603e+001  0.000000e+000
      vertex  1.126355e+000  3.998414e+001 -4.000000e+000
    endloop
  endfacet
  facet normal  2.111723e-002  9.997770e-001  -0.000000e+000
    outer loop
      vertex  1.126355e+000  3.998414e+001 -4.000000e+000
      vertex  5.632335e-001  3.999603e+001  0.000000e+000
      vertex  1.126355e+000  3.998414e+001  0.000000e+000
    endloop
  endfacet
  facet normal  3.519765e-002  9.993804e-001  0.000000e+000
    outer loop
      vertex  1.126355e+000  3.998414e+001 -4.000000e+000
      vertex  1.126355e+000  3.998414e+001  0.000000e+000
      vertex  1.689254e+000  3.996431e+001 -4.000000e+000
    endloop
  endfacet
  facet normal  3.519765e-002  9.993804e-001  -0.000000e+000
    outer loop
      vertex  1.689254e+000  3.996431e+001 -4.000000e+000
      vertex  1.126355e+000  3.998414e+001  0.000000e+000
      vertex  1.689254e+000  3.996431e+001  0.000000e+000
    endloop
  endfacet
  facet normal  4.926451e-002  9.987858e-001  0.000000e+000
    outer loop
      vertex  1.689254e+000  3.996431e+001 -4.000000e+000
      vertex  1.689254e+000  3.996431e+001  0.000000e+000
      vertex  2.251817e+000  3.993657e+001 -4.000000e+000
    endloop
  endfacet
  facet normal  4.926451e-002  9.987858e-001  -0.000000e+000
    outer loop
      vertex  2.251817e+000  3.993657e+001 -4.000000e+000
      vertex  1.689254e+000  3.996431e+001  0.000000e+000
      vertex  2.251817e+000  3.993657e+001  0.000000e+000
    endloop
  endfacet
  facet normal  6.332459e-002  9.979930e-001  0.000000e+000
    outer loop
      vertex  2.251817e+000  3.993657e+001 -4.000000e+000
      vertex  2.251817e+000  3.993657e+001  0.000000e+000
      vertex  2.813934e+000  3.990090e+001 -4.000000e+000
    endloop
  endfacet
  facet normal  6.332459e-002  9.979930e-001  -0.000000e+000
    outer loop
      vertex  2.813934e+000  3.990090e+001 -4.000000e+000
      vertex  2.251817e+000  3.993657e+001  0.000000e+000
      vertex  2.813934e+000  3.990090e+001  0.000000e+000
    endloop
  endfacet
  facet normal  7.736442e-002  9.970028e-001  0.000000e+000
    outer loop
      vertex  2.813934e+000  3.990090e+001 -4.000000e+000
      vertex  2.813934e+000  3.990090e+001  0.000000e+000
      vertex  3.375493e+000  3.985732e+001 -4.000000e+000
    endloop
  endfacet
  facet normal  7.736442e-002  9.970028e-001  -0.000000e+000
    outer loop
      vertex  3.375493e+000  3.985732e+001 -4.000000e+000
      vertex  2.813934e+000  3.990090e+001  0.000000e+000
      vertex  3.375493e+000  3.985732e+001  0.000000e+000
    endloop
  endfacet
  facet normal  9.140409e-002  9.958138e-001  0.000000e+000
    outer loop
      vertex  3.375493e+000  3.985732e+001 -4.000000e+000
      vertex  3.375493e+000  3.985732e+001  0.000000e+000
      vertex  3.936383e+000  3.980584e+001 -4.000000e+000
    endloop
  endfacet
  facet normal  9.140409e-002  9.958138e-001  -0.000000e+000
    outer loop
      vertex  3.936383e+000  3.980584e+001 -4.000000e+000
      vertex  3.375493e+000  3.985732e+001  0.000000e+000
      vertex  3.936383e+000  3.980584e+001  0.000000e+000
    endloop
  endfacet
  facet normal  1.054101e-001  9.944288e-001  0.000000e+000
    outer loop
      vertex  3.936383e+000  3.980584e+001 -4.000000e+000
      vertex  3.936383e+000  3.980584e+001  0.000000e+000
      vertex  4.496492e+000  3.974647e+001 -4.000000e+000
    endloop
  endfacet
  facet normal  1.054101e-001  9.944288e-001  -0.000000e+000
    outer loop
      vertex  4.496492e+000  3.974647e+001 -4.000000e+000
      vertex  3.936383e+000  3.980584e+001  0.000000e+000
      vertex  4.496492e+000  3.974647e+001  0.000000e+000
    endloop
  endfacet
  facet normal  1.194091e-001  9.928452e-001  0.000000e+000
    outer loop
      vertex  4.496492e+000  3.974647e+001 -4.000000e+000
      vertex  4.496492e+000  3.974647e+001  0.000000e+000
      vertex  5.055710e+000  3.967921e+001 -4.000000e+000
    endloop
  endfacet
  facet normal  1.194091e-001  9.928452e-001  -0.000000e+000
    outer loop
      vertex  5.055710e+000  3.967921e+001 -4.000000e+000
      vertex  4.496492e+000  3.974647e+001  0.000000e+000
      vertex  5.055710e+000  3.967921e+001  0.000000e+000
    endloop
  endfacet
  facet normal  1.333745e-001  9.910657e-001  0.000000e+000
    outer loop
      vertex  5.055710e+000  3.967921e+001 -4.000000e+000
      vertex  5.055710e+000  3.967921e+001  0.000000e+000
      vertex  5.613925e+000  3.960409e+001 -4.000000e+000
    endloop
  endfacet
  facet normal  1.333745e-001  9.910657e-001  -0.000000e+000
    outer loop
      vertex  5.613925e+000  3.960409e+001 -4.000000e+000
      vertex  5.055710e+000  3.967921e+001  0.000000e+000
      vertex  5.613925e+000  3.960409e+001  0.000000e+000
    endloop
  endfacet
  facet normal  1.473127e-001  9.890900e-001  0.000000e+000
    outer loop
      vertex  5.613925e+000  3.960409e+001 -4.000000e+000
      vertex  5.613925e+000  3.960409e+001  0.000000e+000
      vertex  6.171028e+000  3.952111e+001 -4.000000e+000
    endloop
  endfacet
  facet normal  1.473127e-001  9.890900e-001  -0.000000e+000
    outer loop
      vertex  6.171028e+000  3.952111e+001 -4.000000e+000
      vertex  5.613925e+000  3.960409e+001  0.000000e+000
      vertex  6.171028e+000  3.952111e+001  0.000000e+000
    endloop
  endfacet
  facet normal  1.612304e-001  9.869168e-001  0.000000e+000
    outer loop
      vertex  6.171028e+000  3.952111e+001 -4.000000e+000
      vertex  6.171028e+000  3.952111e+001  0.000000e+000
      vertex  6.726906e+000  3.943030e+001 -4.000000e+000
    endloop
  endfacet
  facet normal  1.612304e-001  9.869168e-001  -0.000000e+000
    outer loop
      vertex  6.726906e+000  3.943030e+001 -4.000000e+000
      vertex  6.171028e+000  3.952111e+001  0.000000e+000
      vertex  6.726906e+000  3.943030e+001  0.000000e+000
    endloop
  endfacet
  facet normal  1.751079e-001  9.845493e-001  0.000000e+000
    outer loop
      vertex  6.726906e+000  3.943030e+001 -4.000000e+000
      vertex  6.726906e+000  3.943030e+001  0.000000e+000
      vertex  7.281451e+000  3.933167e+001 -4.000000e+000
    endloop
  endfacet
  facet normal  1.751079e-001  9.845493e-001  -0.000000e+000
    outer loop
      vertex  7.281451e+000  3.933167e+001 -4.000000e+000
      vertex  6.726906e+000  3.943030e+001  0.000000e+000
      vertex  7.281451e+000  3.933167e+001  0.000000e+000
    endloop
  endfacet
  facet normal  1.889578e-001  9.819852e-001  0.000000e+000
    outer loop
      vertex  7.281451e+000  3.933167e+001 -4.000000e+000
      vertex  7.281451e+000  3.933167e+001  0.000000e+000
      vertex  7.834552e+000  3.922524e+001 -4.000000e+000
    endloop
  endfacet
  facet normal  1.889578e-001  9.819852e-001  -0.000000e+000
    outer loop
      vertex  7.834552e+000  3.922524e+001 -4.000000e+000
      vertex  7.281451e+000  3.933167e+001  0.000000e+000
      vertex  7.834552e+000  3.922524e+001  0.000000e+000
    endloop
  endfacet
  facet normal  2.027606e-001  9.792283e-001  0.000000e+000
    outer loop
      vertex  7.834552e+000  3.922524e+001 -4.000000e+000
      vertex  7.834552e+000  3.922524e+001  0.000000e+000
      vertex  8.386100e+000  3.911104e+001 -4.000000e+000
    endloop
  endfacet
  facet normal  2.027606e-001  9.792283e-001  -0.000000e+000
    outer loop
      vertex  8.386100e+000  3.911104e+001 -4.000000e+000
      vertex  7.834552e+000  3.922524e+001  0.000000e+000
      vertex  8.386100e+000  3.911104e+001  0.000000e+000
    endloop
  endfacet
  facet normal  2.165296e-001  9.762760e-001  0.000000e+000
    outer loop
      vertex  8.386100e+000  3.911104e+001 -4.000000e+000
      vertex  8.386100e+000  3.911104e+001  0.000000e+000
      vertex  8.935985e+000  3.898908e+001 -4.000000e+000
    endloop
  endfacet
  facet normal  2.165296e-001  9.762760e-001  -0.000000e+000
    outer loop
      vertex  8.935985e+000  3.898908e+001 -4.000000e+000
      vertex  8.386100e+000  3.911104e+001  0.000000e+000
      vertex  8.935985e+000  3.898908e+001  0.000000e+000
    endloop
  endfacet
  facet normal  2.302577e-001  9.731297e-001  0.000000e+000
    outer loop
      vertex  8.935985e+000  3.898908e+001 -4.000000e+000
      vertex  8.935985e+000  3.898908e+001  0.000000e+000
      vertex  9.484097e+000  3.885939e+001 -4.000000e+000
    endloop
  endfacet
  facet normal  2.302577e-001  9.731297e-001  -0.000000e+000
    outer loop
      vertex  9.484097e+000  3.885939e+001 -4.000000e+000
      vertex  8.935985e+000  3.898908e+001  0.000000e+000
      vertex  9.484097e+000  3.885939e+001  0.000000e+000
    endloop
  endfacet
  facet normal  2.439385e-001  9.697907e-001  0.000000e+000
    outer loop
      vertex  9.484097e+000  3.885939e+001 -4.000000e+000
      vertex  9.484097e+000  3.885939e+001  0.000000e+000
      vertex  1.003033e+001  3.872199e+001 -4.000000e+000
    endloop
  endfacet
  facet normal  2.439385e-001  9.697907e-001  -0.000000e+000
    outer loop
      vertex  1.003033e+001  3.872199e+001 -4.000000e+000
      vertex  9.484097e+000  3.885939e+001  0.000000e+000
      vertex  1.003033e+001  3.872199e+001  0.000000e+000
    endloop
  endfacet
  facet normal  2.575653e-001  9.662609e-001  0.000000e+000
    outer loop
      vertex  1.003033e+001  3.872199e+001 -4.000000e+000
      vertex  1.003033e+001  3.872199e+001  0.000000e+000
      vertex  1.057457e+001  3.857692e+001 -4.000000e+000
    endloop
  endfacet
  facet normal  2.575653e-001  9.662609e-001  -0.000000e+000
    outer loop
      vertex  1.057457e+001  3.857692e+001 -4.000000e+000
      vertex  1.003033e+001  3.872199e+001  0.000000e+000
      vertex  1.057457e+001  3.857692e+001  0.000000e+000
    endloop
  endfacet
  facet normal  2.711511e-001  9.625368e-001  0.000000e+000
    outer loop
      vertex  1.057457e+001  3.857692e+001 -4.000000e+000
      vertex  1.057457e+001  3.857692e+001  0.000000e+000
      vertex  1.111672e+001  3.842419e+001 -4.000000e+000
    endloop
  endfacet
  facet normal  2.711511e-001  9.625368e-001  -0.000000e+000
    outer loop
      vertex  1.111672e+001  3.842419e+001 -4.000000e+000
      vertex  1.057457e+001  3.857692e+001  0.000000e+000
      vertex  1.111672e+001  3.842419e+001  0.000000e+000
    endloop
  endfacet
  facet normal  2.846698e-001  9.586256e-001  0.000000e+000
    outer loop
      vertex  1.111672e+001  3.842419e+001 -4.000000e+000
      vertex  1.111672e+001  3.842419e+001  0.000000e+000
      vertex  1.165666e+001  3.826385e+001 -4.000000e+000
    endloop
  endfacet
  facet normal  2.846698e-001  9.586256e-001  -0.000000e+000
    outer loop
      vertex  1.165666e+001  3.826385e+001 -4.000000e+000
      vertex  1.111672e+001  3.842419e+001  0.000000e+000
      vertex  1.165666e+001  3.826385e+001  0.000000e+000
    endloop
  endfacet
  facet normal  2.981471e-001  9.545200e-001  0.000000e+000
    outer loop
      vertex  1.165666e+001  3.826385e+001 -4.000000e+000
      vertex  1.165666e+001  3.826385e+001  0.000000e+000
      vertex  1.219429e+001  3.809592e+001 -4.000000e+000
    endloop
  endfacet
  facet normal  2.981471e-001  9.545200e-001  -0.000000e+000
    outer loop
      vertex  1.219429e+001  3.809592e+001 -4.000000e+000
      vertex  1.165666e+001  3.826385e+001  0.000000e+000
      vertex  1.219429e+001  3.809592e+001  0.000000e+000
    endloop
  endfacet
  facet normal  3.115569e-001  9.502274e-001  0.000000e+000
    outer loop
      vertex  1.219429e+001  3.809592e+001 -4.000000e+000
      vertex  1.219429e+001  3.809592e+001  0.000000e+000
      vertex  1.272951e+001  3.792044e+001 -4.000000e+000
    endloop
  endfacet
  facet normal  3.115569e-001  9.502274e-001  -0.000000e+000
    outer loop
      vertex  1.272951e+001  3.792044e+001 -4.000000e+000
      vertex  1.219429e+001  3.809592e+001  0.000000e+000
      vertex  1.272951e+001  3.792044e+001  0.000000e+000
    endloop
  endfacet
  facet normal  3.248995e-001  9.457486e-001  0.000000e+000
    outer loop
      vertex  1.272951e+001  3.792044e+001 -4.000000e+000
      vertex  1.272951e+001  3.792044e+001  0.000000e+000
      vertex  1.326220e+001  3.773744e+001 -4.000000e+000
    endloop
  endfacet
  facet normal  3.248995e-001  9.457486e-001  -0.000000e+000
    outer loop
      vertex  1.326220e+001  3.773744e+001 -4.000000e+000
      vertex  1.272951e+001  3.792044e+001  0.000000e+000
      vertex  1.326220e+001  3.773744e+001  0.000000e+000
    endloop
  endfacet
  facet normal  3.381935e-001  9.410766e-001  0.000000e+000
    outer loop
      vertex  1.326220e+001  3.773744e+001 -4.000000e+000
      vertex  1.326220e+001  3.773744e+001  0.000000e+000
      vertex  1.379226e+001  3.754695e+001 -4.000000e+000
    endloop
  endfacet
  facet normal  3.381935e-001  9.410766e-001  -0.000000e+000
    outer loop
      vertex  1.379226e+001  3.754695e+001 -4.000000e+000
      vertex  1.326220e+001  3.773744e+001  0.000000e+000
      vertex  1.379226e+001  3.754695e+001  0.000000e+000
    endloop
  endfacet
  facet normal  3.514077e-001  9.362226e-001  0.000000e+000
    outer loop
      vertex  1.379226e+001  3.754695e+001 -4.000000e+000
      vertex  1.379226e+001  3.754695e+001  0.000000e+000
      vertex  1.431958e+001  3.734902e+001 -4.000000e+000
    endloop
  endfacet
  facet normal  3.514077e-001  9.362226e-001  -0.000000e+000
    outer loop
      vertex  1.431958e+001  3.734902e+001 -4.000000e+000
      vertex  1.379226e+001  3.754695e+001  0.000000e+000
      vertex  1.431958e+001  3.734902e+001  0.000000e+000
    endloop
  endfacet
  facet normal  3.645536e-001  9.311824e-001  0.000000e+000
    outer loop
      vertex  1.431958e+001  3.734902e+001 -4.000000e+000
      vertex  1.431958e+001  3.734902e+001  0.000000e+000
      vertex  1.484407e+001  3.714369e+001 -4.000000e+000
    endloop
  endfacet
  facet normal  3.645536e-001  9.311824e-001  -0.000000e+000
    outer loop
      vertex  1.484407e+001  3.714369e+001 -4.000000e+000
      vertex  1.431958e+001  3.734902e+001  0.000000e+000
      vertex  1.484407e+001  3.714369e+001  0.000000e+000
    endloop
  endfacet
  facet normal  3.776307e-001  9.259564e-001  0.000000e+000
    outer loop
      vertex  1.484407e+001  3.714369e+001 -4.000000e+000
      vertex  1.484407e+001  3.714369e+001  0.000000e+000
      vertex  1.536561e+001  3.693099e+001 -4.000000e+000
    endloop
  endfacet
  facet normal  3.776307e-001  9.259564e-001  -0.000000e+000
    outer loop
      vertex  1.536561e+001  3.693099e+001 -4.000000e+000
      vertex  1.484407e+001  3.714369e+001  0.000000e+000
      vertex  1.536561e+001  3.693099e+001  0.000000e+000
    endloop
  endfacet
  facet normal  3.906288e-001  9.205484e-001  0.000000e+000
    outer loop
      vertex  1.536561e+001  3.693099e+001 -4.000000e+000
      vertex  1.536561e+001  3.693099e+001  0.000000e+000
      vertex  1.588411e+001  3.671097e+001 -4.000000e+000
    endloop
  endfacet
  facet normal  3.906288e-001  9.205484e-001  -0.000000e+000
    outer loop
      vertex  1.588411e+001  3.671097e+001 -4.000000e+000
      vertex  1.536561e+001  3.693099e+001  0.000000e+000
      vertex  1.588411e+001  3.671097e+001  0.000000e+000
    endloop
  endfacet
  facet normal  4.035573e-001  9.149544e-001  0.000000e+000
    outer loop
      vertex  1.588411e+001  3.671097e+001 -4.000000e+000
      vertex  1.588411e+001  3.671097e+001  0.000000e+000
      vertex  1.639945e+001  3.648367e+001 -4.000000e+000
    endloop
  endfacet
  facet normal  4.035573e-001  9.149544e-001  -0.000000e+000
    outer loop
      vertex  1.639945e+001  3.648367e+001 -4.000000e+000
      vertex  1.588411e+001  3.671097e+001  0.000000e+000
      vertex  1.639945e+001  3.648367e+001  0.000000e+000
    endloop
  endfacet
  facet normal  4.163983e-001  9.091823e-001  0.000000e+000
    outer loop
      vertex  1.639945e+001  3.648367e+001 -4.000000e+000
      vertex  1.639945e+001  3.648367e+001  0.000000e+000
      vertex  1.691155e+001  3.624913e+001 -4.000000e+000
    endloop
  endfacet
  facet normal  4.163983e-001  9.091823e-001  -0.000000e+000
    outer loop
      vertex  1.691155e+001  3.624913e+001 -4.000000e+000
      vertex  1.639945e+001  3.648367e+001  0.000000e+000
      vertex  1.691155e+001  3.624913e+001  0.000000e+000
    endloop
  endfacet
  facet normal  4.291568e-001  9.032300e-001  0.000000e+000
    outer loop
      vertex  1.691155e+001  3.624913e+001 -4.000000e+000
      vertex  1.691155e+001  3.624913e+001  0.000000e+000
      vertex  1.742029e+001  3.600741e+001 -4.000000e+000
    endloop
  endfacet
  facet normal  4.291568e-001  9.032300e-001  -0.000000e+000
    outer loop
      vertex  1.742029e+001  3.600741e+001 -4.000000e+000
      vertex  1.691155e+001  3.624913e+001  0.000000e+000
      vertex  1.742029e+001  3.600741e+001  0.000000e+000
    endloop
  endfacet
  facet normal  4.418307e-001  8.970984e-001  0.000000e+000
    outer loop
      vertex  1.742029e+001  3.600741e+001 -4.000000e+000
      vertex  1.742029e+001  3.600741e+001  0.000000e+000
      vertex  1.792558e+001  3.575855e+001 -4.000000e+000
    endloop
  endfacet
  facet normal  4.418307e-001  8.970984e-001  -0.000000e+000
    outer loop
      vertex  1.792558e+001  3.575855e+001 -4.000000e+000
      vertex  1.742029e+001  3.600741e+001  0.000000e+000
      vertex  1.792558e+001  3.575855e+001  0.000000e+000
    endloop
  endfacet
  facet normal  4.544268e-001  8.907840e-001  0.000000e+000
    outer loop
      vertex  1.792558e+001  3.575855e+001 -4.000000e+000
      vertex  1.792558e+001  3.575855e+001  0.000000e+000
      vertex  1.842731e+001  3.550259e+001 -4.000000e+000
    endloop
  endfacet
  facet normal  4.544268e-001  8.907840e-001  -0.000000e+000
    outer loop
      vertex  1.842731e+001  3.550259e+001 -4.000000e+000
      vertex  1.792558e+001  3.575855e+001  0.000000e+000
      vertex  1.842731e+001  3.550259e+001  0.000000e+000
    endloop
  endfacet
  facet normal  4.669167e-001  8.843014e-001  0.000000e+000
    outer loop
      vertex  1.842731e+001  3.550259e+001 -4.000000e+000
      vertex  1.842731e+001  3.550259e+001  0.000000e+000
      vertex  1.892539e+001  3.523960e+001 -4.000000e+000
    endloop
  endfacet
  facet normal  4.669167e-001  8.843014e-001  -0.000000e+000
    outer loop
      vertex  1.892539e+001  3.523960e+001 -4.000000e+000
      vertex  1.842731e+001  3.550259e+001  0.000000e+000
      vertex  1.892539e+001  3.523960e+001  0.000000e+000
    endloop
  endfacet
  facet normal  4.793285e-001  8.776356e-001  0.000000e+000
    outer loop
      vertex  1.892539e+001  3.523960e+001 -4.000000e+000
      vertex  1.892539e+001  3.523960e+001  0.000000e+000
      vertex  1.941972e+001  3.496962e+001 -4.000000e+000
    endloop
  endfacet
  facet normal  4.793285e-001  8.776356e-001  -0.000000e+000
    outer loop
      vertex  1.941972e+001  3.496962e+001 -4.000000e+000
      vertex  1.892539e+001  3.523960e+001  0.000000e+000
      vertex  1.941972e+001  3.496962e+001  0.000000e+000
    endloop
  endfacet
  facet normal  4.916357e-001  8.708010e-001  0.000000e+000
    outer loop
      vertex  1.941972e+001  3.496962e+001 -4.000000e+000
      vertex  1.941972e+001  3.496962e+001  0.000000e+000
      vertex  1.991019e+001  3.469271e+001 -4.000000e+000
    endloop
  endfacet
  facet normal  4.916357e-001  8.708010e-001  -0.000000e+000
    outer loop
      vertex  1.991019e+001  3.469271e+001 -4.000000e+000
      vertex  1.941972e+001  3.496962e+001  0.000000e+000
      vertex  1.991019e+001  3.469271e+001  0.000000e+000
    endloop
  endfacet
  facet normal  5.038477e-001  8.637926e-001  0.000000e+000
    outer loop
      vertex  1.991019e+001  3.469271e+001 -4.000000e+000
      vertex  1.991019e+001  3.469271e+001  0.000000e+000
      vertex  2.039672e+001  3.440892e+001 -4.000000e+000
    endloop
  endfacet
  facet normal  5.038477e-001  8.637926e-001  -0.000000e+000
    outer loop
      vertex  2.039672e+001  3.440892e+001 -4.000000e+000
      vertex  1.991019e+001  3.469271e+001  0.000000e+000
      vertex  2.039672e+001  3.440892e+001  0.000000e+000
    endloop
  endfacet
  facet normal  5.159625e-001  8.566111e-001  0.000000e+000
    outer loop
      vertex  2.039672e+001  3.440892e+001 -4.000000e+000
      vertex  2.039672e+001  3.440892e+001  0.000000e+000
      vertex  2.087921e+001  3.411831e+001 -4.000000e+000
    endloop
  endfacet
  facet normal  5.159625e-001  8.566111e-001  -0.000000e+000
    outer loop
      vertex  2.087921e+001  3.411831e+001 -4.000000e+000
      vertex  2.039672e+001  3.440892e+001  0.000000e+000
      vertex  2.087921e+001  3.411831e+001  0.000000e+000
    endloop
  endfacet
  facet normal  5.279720e-001  8.492618e-001  0.000000e+000
    outer loop
      vertex  2.087921e+001  3.411831e+001 -4.000000e+000
      vertex  2.087921e+001  3.411831e+001  0.000000e+000
      vertex  2.135755e+001  3.382093e+001 -4.000000e+000
    endloop
  endfacet
  facet normal  5.279720e-001  8.492618e-001  -0.000000e+000
    outer loop
      vertex  2.135755e+001  3.382093e+001 -4.000000e+000
      vertex  2.087921e+001  3.411831e+001  0.000000e+000
      vertex  2.135755e+001  3.382093e+001  0.000000e+000
    endloop
  endfacet
  facet normal  5.398780e-001  8.417434e-001  0.000000e+000
    outer loop
      vertex  2.135755e+001  3.382093e+001 -4.000000e+000
      vertex  2.135755e+001  3.382093e+001  0.000000e+000
      vertex  2.183166e+001  3.351684e+001 -4.000000e+000
    endloop
  endfacet
  facet normal  5.398780e-001  8.417434e-001  -0.000000e+000
    outer loop
      vertex  2.183166e+001  3.351684e+001 -4.000000e+000
      vertex  2.135755e+001  3.382093e+001  0.000000e+000
      vertex  2.183166e+001  3.351684e+001  0.000000e+000
    endloop
  endfacet
  facet normal  5.516769e-001  8.340579e-001  0.000000e+000
    outer loop
      vertex  2.183166e+001  3.351684e+001 -4.000000e+000
      vertex  2.183166e+001  3.351684e+001  0.000000e+000
      vertex  2.230144e+001  3.320611e+001 -4.000000e+000
    endloop
  endfacet
  facet normal  5.516769e-001  8.340579e-001  -0.000000e+000
    outer loop
      vertex  2.230144e+001  3.320611e+001 -4.000000e+000
      vertex  2.183166e+001  3.351684e+001  0.000000e+000
      vertex  2.230144e+001  3.320611e+001  0.000000e+000
    endloop
  endfacet
  facet normal  5.633706e-001  8.262043e-001  0.000000e+000
    outer loop
      vertex  2.230144e+001  3.320611e+001 -4.000000e+000
      vertex  2.230144e+001  3.320611e+001  0.000000e+000
      vertex  2.276680e+001  3.288879e+001 -4.000000e+000
    endloop
  endfacet
  facet normal  5.633706e-001  8.262043e-001  -0.000000e+000
    outer loop
      vertex  2.276680e+001  3.288879e+001 -4.000000e+000
      vertex  2.230144e+001  3.320611e+001  0.000000e+000
      vertex  2.276680e+001  3.288879e+001  0.000000e+000
    endloop
  endfacet
  facet normal  5.749405e-001  8.181953e-001  0.000000e+000
    outer loop
      vertex  2.276680e+001  3.288879e+001 -4.000000e+000
      vertex  2.276680e+001  3.288879e+001  0.000000e+000
      vertex  2.322764e+001  3.256496e+001 -4.000000e+000
    endloop
  endfacet
  facet normal  5.749405e-001  8.181953e-001  -0.000000e+000
    outer loop
      vertex  2.322764e+001  3.256496e+001 -4.000000e+000
      vertex  2.276680e+001  3.288879e+001  0.000000e+000
      vertex  2.322764e+001  3.256496e+001  0.000000e+000
    endloop
  endfacet
  facet normal  5.864125e-001  8.100125e-001  0.000000e+000
    outer loop
      vertex  2.322764e+001  3.256496e+001 -4.000000e+000
      vertex  2.322764e+001  3.256496e+001  0.000000e+000
      vertex  2.368388e+001  3.223466e+001 -4.000000e+000
    endloop
  endfacet
  facet normal  5.864125e-001  8.100125e-001  -0.000000e+000
    outer loop
      vertex  2.368388e+001  3.223466e+001 -4.000000e+000
      vertex  2.322764e+001  3.256496e+001  0.000000e+000
      vertex  2.368388e+001  3.223466e+001  0.000000e+000
    endloop
  endfacet
  facet normal  5.977539e-001  8.016796e-001  0.000000e+000
    outer loop
      vertex  2.368388e+001  3.223466e+001 -4.000000e+000
      vertex  2.368388e+001  3.223466e+001  0.000000e+000
      vertex  2.413543e+001  3.189798e+001 -4.000000e+000
    endloop
  endfacet
  facet normal  5.977539e-001  8.016796e-001  -0.000000e+000
    outer loop
      vertex  2.413543e+001  3.189798e+001 -4.000000e+000
      vertex  2.368388e+001  3.223466e+001  0.000000e+000
      vertex  2.413543e+001  3.189798e+001  0.000000e+000
    endloop
  endfacet
  facet normal  6.089869e-001  7.931803e-001  0.000000e+000
    outer loop
      vertex  2.413543e+001  3.189798e+001 -4.000000e+000
      vertex  2.413543e+001  3.189798e+001  0.000000e+000
      vertex  2.458218e+001  3.155497e+001 -4.000000e+000
    endloop
  endfacet
  facet normal  6.089869e-001  7.931803e-001  -0.000000e+000
    outer loop
      vertex  2.458218e+001  3.155497e+001 -4.000000e+000
      vertex  2.413543e+001  3.189798e+001  0.000000e+000
      vertex  2.458218e+001  3.155497e+001  0.000000e+000
    endloop
  endfacet
  facet normal  6.200921e-001  7.845291e-001  0.000000e+000
    outer loop
      vertex  2.458218e+001  3.155497e+001 -4.000000e+000
      vertex  2.458218e+001  3.155497e+001  0.000000e+000
      vertex  2.502407e+001  3.120571e+001 -4.000000e+000
    endloop
  endfacet
  facet normal  6.200921e-001  7.845291e-001  -0.000000e+000
    outer loop
      vertex  2.502407e+001  3.120571e+001 -4.000000e+000
      vertex  2.458218e+001  3.155497e+001  0.000000e+000
      vertex  2.502407e+001  3.120571e+001  0.000000e+000
    endloop
  endfacet
  facet normal  6.310800e-001  7.757178e-001  0.000000e+000
    outer loop
      vertex  2.502407e+001  3.120571e+001 -4.000000e+000
      vertex  2.502407e+001  3.120571e+001  0.000000e+000
      vertex  2.546099e+001  3.085025e+001 -4.000000e+000
    endloop
  endfacet
  facet normal  6.310800e-001  7.757178e-001  -0.000000e+000
    outer loop
      vertex  2.546099e+001  3.085025e+001 -4.000000e+000
      vertex  2.502407e+001  3.120571e+001  0.000000e+000
      vertex  2.546099e+001  3.085025e+001  0.000000e+000
    endloop
  endfacet
  facet normal  6.419387e-001  7.667559e-001  0.000000e+000
    outer loop
      vertex  2.546099e+001  3.085025e+001 -4.000000e+000
      vertex  2.546099e+001  3.085025e+001  0.000000e+000
      vertex  2.589286e+001  3.048868e+001 -4.000000e+000
    endloop
  endfacet
  facet normal  6.419387e-001  7.667559e-001  -0.000000e+000
    outer loop
      vertex  2.589286e+001  3.048868e+001 -4.000000e+000
      vertex  2.546099e+001  3.085025e+001  0.000000e+000
      vertex  2.589286e+001  3.048868e+001  0.000000e+000
    endloop
  endfacet
  facet normal  6.526696e-001  7.576427e-001  0.000000e+000
    outer loop
      vertex  2.589286e+001  3.048868e+001 -4.000000e+000
      vertex  2.589286e+001  3.048868e+001  0.000000e+000
      vertex  2.631960e+001  3.012107e+001 -4.000000e+000
    endloop
  endfacet
  facet normal  6.526696e-001  7.576427e-001  -0.000000e+000
    outer loop
      vertex  2.631960e+001  3.012107e+001 -4.000000e+000
      vertex  2.589286e+001  3.048868e+001  0.000000e+000
      vertex  2.631960e+001  3.012107e+001  0.000000e+000
    endloop
  endfacet
  facet normal  6.632760e-001  7.483748e-001  0.000000e+000
    outer loop
      vertex  2.631960e+001  3.012107e+001 -4.000000e+000
      vertex  2.631960e+001  3.012107e+001  0.000000e+000
      vertex  2.674112e+001  2.974748e+001 -4.000000e+000
    endloop
  endfacet
  facet normal  6.632760e-001  7.483748e-001  -0.000000e+000
    outer loop
      vertex  2.674112e+001  2.974748e+001 -4.000000e+000
      vertex  2.631960e+001  3.012107e+001  0.000000e+000
      vertex  2.674112e+001  2.974748e+001  0.000000e+000
    endloop
  endfacet
  facet normal  6.737474e-001  7.389617e-001  0.000000e+000
    outer loop
      vertex  2.674112e+001  2.974748e+001 -4.000000e+000
      vertex  2.674112e+001  2.974748e+001  0.000000e+000
      vertex  2.715734e+001  2.936799e+001 -4.000000e+000
    endloop
  endfacet
  facet normal  6.737474e-001  7.389617e-001  -0.000000e+000
    outer loop
      vertex  2.715734e+001  2.936799e+001 -4.000000e+000
      vertex  2.674112e+001  2.974748e+001  0.000000e+000
      vertex  2.715734e+001  2.936799e+001  0.000000e+000
    endloop
  endfacet
  facet normal  6.840857e-001  7.294018e-001  0.000000e+000
    outer loop
      vertex  2.715734e+001  2.936799e+001 -4.000000e+000
      vertex  2.715734e+001  2.936799e+001  0.000000e+000
      vertex  2.756817e+001  2.898268e+001 -4.000000e+000
    endloop
  endfacet
  facet normal  6.840857e-001  7.294018e-001  -0.000000e+000
    outer loop
      vertex  2.756817e+001  2.898268e+001 -4.000000e+000
      vertex  2.715734e+001  2.936799e+001  0.000000e+000
      vertex  2.756817e+001  2.898268e+001  0.000000e+000
    endloop
  endfacet
  facet normal  6.942906e-001  7.196949e-001  0.000000e+000
    outer loop
      vertex  2.756817e+001  2.898268e+001 -4.000000e+000
      vertex  2.756817e+001  2.898268e+001  0.000000e+000
      vertex  2.797354e+001  2.859163e+001 -4.000000e+000
    endloop
  endfacet
  facet normal  6.942906e-001  7.196949e-001  -0.000000e+000
    outer loop
      vertex  2.797354e+001  2.859163e+001 -4.000000e+000
      vertex  2.756817e+001  2.898268e+001  0.000000e+000
      vertex  2.797354e+001  2.859163e+001  0.000000e+000
    endloop
  endfacet
  facet normal  7.043534e-001  7.098494e-001  0.000000e+000
    outer loop
      vertex  2.797354e+001  2.859163e+001 -4.000000e+000
      vertex  2.797354e+001  2.859163e+001  0.000000e+000
      vertex  2.837336e+001  2.819490e+001 -4.000000e+000
    endloop
  endfacet
  facet normal  7.043534e-001  7.098494e-001  -0.000000e+000
    outer loop
      vertex  2.837336e+001  2.819490e+001 -4.000000e+000
      vertex  2.797354e+001  2.859163e+001  0.000000e+000
      vertex  2.837336e+001  2.819490e+001  0.000000e+000
    endloop
  endfacet
  facet normal  7.142779e-001  6.998622e-001  0.000000e+000
    outer loop
      vertex  2.837336e+001  2.819490e+001 -4.000000e+000
      vertex  2.837336e+001  2.819490e+001  0.000000e+000
      vertex  2.876756e+001  2.779259e+001 -4.000000e+000
    endloop
  endfacet
  facet normal  7.142779e-001  6.998622e-001  -0.000000e+000
    outer loop
      vertex  2.876756e+001  2.779259e+001 -4.000000e+000
      vertex  2.837336e+001  2.819490e+001  0.000000e+000
      vertex  2.876756e+001  2.779259e+001  0.000000e+000
    endloop
  endfacet
  facet normal  7.240638e-001  6.897331e-001  0.000000e+000
    outer loop
      vertex  2.876756e+001  2.779259e+001 -4.000000e+000
      vertex  2.876756e+001  2.779259e+001  0.000000e+000
      vertex  2.915605e+001  2.738476e+001 -4.000000e+000
    endloop
  endfacet
  facet normal  7.240638e-001  6.897331e-001  -0.000000e+000
    outer loop
      vertex  2.915605e+001  2.738476e+001 -4.000000e+000
      vertex  2.876756e+001  2.779259e+001  0.000000e+000
      vertex  2.915605e+001  2.738476e+001  0.000000e+000
    endloop
  endfacet
  facet normal  7.337028e-001  6.794705e-001  0.000000e+000
    outer loop
      vertex  2.915605e+001  2.738476e+001 -4.000000e+000
      vertex  2.915605e+001  2.738476e+001  0.000000e+000
      vertex  2.953876e+001  2.697150e+001 -4.000000e+000
    endloop
  endfacet
  facet normal  7.337028e-001  6.794705e-001  -0.000000e+000
    outer loop
      vertex  2.953876e+001  2.697150e+001 -4.000000e+000
      vertex  2.915605e+001  2.738476e+001  0.000000e+000
      vertex  2.953876e+001  2.697150e+001  0.000000e+000
    endloop
  endfacet
  facet normal  7.431982e-001  6.690714e-001  0.000000e+000
    outer loop
      vertex  2.953876e+001  2.697150e+001 -4.000000e+000
      vertex  2.953876e+001  2.697150e+001  0.000000e+000
      vertex  2.991561e+001  2.655290e+001 -4.000000e+000
    endloop
  endfacet
  facet normal  7.431982e-001  6.690714e-001  -0.000000e+000
    outer loop
      vertex  2.991561e+001  2.655290e+001 -4.000000e+000
      vertex  2.953876e+001  2.697150e+001  0.000000e+000
      vertex  2.991561e+001  2.655290e+001  0.000000e+000
    endloop
  endfacet
  facet normal  7.525454e-001  6.585403e-001  0.000000e+000
    outer loop
      vertex  2.991561e+001  2.655290e+001 -4.000000e+000
      vertex  2.991561e+001  2.655290e+001  0.000000e+000
      vertex  3.028653e+001  2.612903e+001 -4.000000e+000
    endloop
  endfacet
  facet normal  7.525454e-001  6.585403e-001  -0.000000e+000
    outer loop
      vertex  3.028653e+001  2.612903e+001 -4.000000e+000
      vertex  2.991561e+001  2.655290e+001  0.000000e+000
      vertex  3.028653e+001  2.612903e+001  0.000000e+000
    endloop
  endfacet
  facet normal  7.617439e-001  6.478782e-001  0.000000e+000
    outer loop
      vertex  3.028653e+001  2.612903e+001 -4.000000e+000
      vertex  3.028653e+001  2.612903e+001  0.000000e+000
      vertex  3.065145e+001  2.569998e+001 -4.000000e+000
    endloop
  endfacet
  facet normal  7.617439e-001  6.478782e-001  -0.000000e+000
    outer loop
      vertex  3.065145e+001  2.569998e+001 -4.000000e+000
      vertex  3.028653e+001  2.612903e+001  0.000000e+000
      vertex  3.065145e+001  2.569998e+001  0.000000e+000
    endloop
  endfacet
  facet normal  7.707909e-001  6.370882e-001  0.000000e+000
    outer loop
      vertex  3.065145e+001  2.569998e+001 -4.000000e+000
      vertex  3.065145e+001  2.569998e+001  0.000000e+000
      vertex  3.101028e+001  2.526583e+001 -4.000000e+000
    endloop
  endfacet
  facet normal  7.707909e-001  6.370882e-001  -0.000000e+000
    outer loop
      vertex  3.101028e+001  2.526583e+001 -4.000000e+000
      vertex  3.065145e+001  2.569998e+001  0.000000e+000
      vertex  3.101028e+001  2.526583e+001  0.000000e+000
    endloop
  endfacet
  facet normal  7.796850e-001  6.261719e-001  0.000000e+000
    outer loop
      vertex  3.101028e+001  2.526583e+001 -4.000000e+000
      vertex  3.101028e+001  2.526583e+001  0.000000e+000
      vertex  3.136297e+001  2.482668e+001 -4.000000e+000
    endloop
  endfacet
  facet normal  7.796850e-001  6.261719e-001  -0.000000e+000
    outer loop
      vertex  3.136297e+001  2.482668e+001 -4.000000e+000
      vertex  3.101028e+001  2.526583e+001  0.000000e+000
      vertex  3.136297e+001  2.482668e+001  0.000000e+000
    endloop
  endfacet
  facet normal  7.884231e-001  6.151335e-001  0.000000e+000
    outer loop
      vertex  3.136297e+001  2.482668e+001 -4.000000e+000
      vertex  3.136297e+001  2.482668e+001  0.000000e+000
      vertex  3.170945e+001  2.438260e+001 -4.000000e+000
    endloop
  endfacet
  facet normal  7.884231e-001  6.151335e-001  -0.000000e+000
    outer loop
      vertex  3.170945e+001  2.438260e+001 -4.000000e+000
      vertex  3.136297e+001  2.482668e+001  0.000000e+000
      vertex  3.170945e+001  2.438260e+001  0.000000e+000
    endloop
  endfacet
  facet normal  7.970091e-001  6.039674e-001  0.000000e+000
    outer loop
      vertex  3.170945e+001  2.438260e+001 -4.000000e+000
      vertex  3.170945e+001  2.438260e+001  0.000000e+000
      vertex  3.204963e+001  2.393369e+001 -4.000000e+000
    endloop
  endfacet
  facet normal  7.970091e-001  6.039674e-001  -0.000000e+000
    outer loop
      vertex  3.204963e+001  2.393369e+001 -4.000000e+000
      vertex  3.170945e+001  2.438260e+001  0.000000e+000
      vertex  3.204963e+001  2.393369e+001  0.000000e+000
    endloop
  endfacet
  facet normal  8.054348e-001  5.926844e-001  0.000000e+000
    outer loop
      vertex  3.204963e+001  2.393369e+001 -4.000000e+000
      vertex  3.204963e+001  2.393369e+001  0.000000e+000
      vertex  3.238346e+001  2.348003e+001 -4.000000e+000
    endloop
  endfacet
  facet normal  8.054348e-001  5.926844e-001  -0.000000e+000
    outer loop
      vertex  3.238346e+001  2.348003e+001 -4.000000e+000
      vertex  3.204963e+001  2.393369e+001  0.000000e+000
      vertex  3.238346e+001  2.348003e+001  0.000000e+000
    endloop
  endfacet
  facet normal  8.136987e-001  5.812869e-001  0.000000e+000
    outer loop
      vertex  3.238346e+001  2.348003e+001 -4.000000e+000
      vertex  3.238346e+001  2.348003e+001  0.000000e+000
      vertex  3.271087e+001  2.302171e+001 -4.000000e+000
    endloop
  endfacet
  facet normal  8.136987e-001  5.812869e-001  -0.000000e+000
    outer loop
      vertex  3.271087e+001  2.302171e+001 -4.000000e+000
      vertex  3.238346e+001  2.348003e+001  0.000000e+000
      vertex  3.271087e+001  2.302171e+001  0.000000e+000
    endloop
  endfacet
  facet normal  8.218031e-001  5.697716e-001  0.000000e+000
    outer loop
      vertex  3.271087e+001  2.302171e+001 -4.000000e+000
      vertex  3.271087e+001  2.302171e+001  0.000000e+000
      vertex  3.303179e+001  2.255883e+001 -4.000000e+000
    endloop
  endfacet
  facet normal  8.218031e-001  5.697716e-001  -0.000000e+000
    outer loop
      vertex  3.303179e+001  2.255883e+001 -4.000000e+000
      vertex  3.271087e+001  2.302171e+001  0.000000e+000
      vertex  3.303179e+001  2.255883e+001  0.000000e+000
    endloop
  endfacet
  facet normal  8.297446e-001  5.581432e-001  0.000000e+000
    outer loop
      vertex  3.303179e+001  2.255883e+001 -4.000000e+000
      vertex  3.303179e+001  2.255883e+001  0.000000e+000
      vertex  3.334616e+001  2.209148e+001 -4.000000e+000
    endloop
  endfacet
  facet normal  8.297446e-001  5.581432e-001  -0.000000e+000
    outer loop
      vertex  3.334616e+001  2.209148e+001 -4.000000e+000
      vertex  3.303179e+001  2.255883e+001  0.000000e+000
      vertex  3.334616e+001  2.209148e+001  0.000000e+000
    endloop
  endfacet
  facet normal  8.375233e-001  5.464018e-001  0.000000e+000
    outer loop
      vertex  3.334616e+001  2.209148e+001 -4.000000e+000
      vertex  3.334616e+001  2.209148e+001  0.000000e+000
      vertex  3.365392e+001  2.161975e+001 -4.000000e+000
    endloop
  endfacet
  facet normal  8.375233e-001  5.464018e-001  -0.000000e+000
    outer loop
      vertex  3.365392e+001  2.161975e+001 -4.000000e+000
      vertex  3.334616e+001  2.209148e+001  0.000000e+000
      vertex  3.365392e+001  2.161975e+001  0.000000e+000
    endloop
  endfacet
  facet normal  8.451306e-001  5.345598e-001  0.000000e+000
    outer loop
      vertex  3.365392e+001  2.161975e+001 -4.000000e+000
      vertex  3.365392e+001  2.161975e+001  0.000000e+000
      vertex  3.395501e+001  2.114373e+001 -4.000000e+000
    endloop
  endfacet
  facet normal  8.451306e-001  5.345598e-001  -0.000000e+000
    outer loop
      vertex  3.395501e+001  2.114373e+001 -4.000000e+000
      vertex  3.365392e+001  2.161975e+001  0.000000e+000
      vertex  3.395501e+001  2.114373e+001  0.000000e+000
    endloop
  endfacet
  facet normal  8.525771e-001  5.226014e-001  0.000000e+000
    outer loop
      vertex  3.395501e+001  2.114373e+001 -4.000000e+000
      vertex  3.395501e+001  2.114373e+001  0.000000e+000
      vertex  3.424936e+001  2.066352e+001 -4.000000e+000
    endloop
  endfacet
  facet normal  8.525771e-001  5.226014e-001  -0.000000e+000
    outer loop
      vertex  3.424936e+001  2.066352e+001 -4.000000e+000
      vertex  3.395501e+001  2.114373e+001  0.000000e+000
      vertex  3.424936e+001  2.066352e+001  0.000000e+000
    endloop
  endfacet
  facet normal  8.598506e-001  5.105457e-001  0.000000e+000
    outer loop
      vertex  3.424936e+001  2.066352e+001 -4.000000e+000
      vertex  3.424936e+001  2.066352e+001  0.000000e+000
      vertex  3.453693e+001  2.017921e+001 -4.000000e+000
    endloop
  endfacet
  facet normal  8.598506e-001  5.105457e-001  -0.000000e+000
    outer loop
      vertex  3.453693e+001  2.017921e+001 -4.000000e+000
      vertex  3.424936e+001  2.066352e+001  0.000000e+000
      vertex  3.453693e+001  2.017921e+001  0.000000e+000
    endloop
  endfacet
  facet normal  8.669511e-001  4.983932e-001  0.000000e+000
    outer loop
      vertex  3.453693e+001  2.017921e+001 -4.000000e+000
      vertex  3.453693e+001  2.017921e+001  0.000000e+000
      vertex  3.481765e+001  1.969090e+001 -4.000000e+000
    endloop
  endfacet
  facet normal  8.669511e-001  4.983932e-001  -0.000000e+000
    outer loop
      vertex  3.481765e+001  1.969090e+001 -4.000000e+000
      vertex  3.453693e+001  2.017921e+001  0.000000e+000
      vertex  3.481765e+001  1.969090e+001  0.000000e+000
    endloop
  endfacet
  facet normal  8.738866e-001  4.861299e-001  0.000000e+000
    outer loop
      vertex  3.481765e+001  1.969090e+001 -4.000000e+000
      vertex  3.481765e+001  1.969090e+001  0.000000e+000
      vertex  3.509146e+001  1.919869e+001 -4.000000e+000
    endloop
  endfacet
  facet normal  8.738866e-001  4.861299e-001  -0.000000e+000
    outer loop
      vertex  3.509146e+001  1.919869e+001 -4.000000e+000
      vertex  3.481765e+001  1.969090e+001  0.000000e+000
      vertex  3.509146e+001  1.919869e+001  0.000000e+000
    endloop
  endfacet
  facet normal  8.806445e-001  4.737777e-001  0.000000e+000
    outer loop
      vertex  3.509146e+001  1.919869e+001 -4.000000e+000
      vertex  3.509146e+001  1.919869e+001  0.000000e+000
      vertex  3.535831e+001  1.870267e+001 -4.000000e+000
    endloop
  endfacet
  facet normal  8.806445e-001  4.737777e-001  -0.000000e+000
    outer loop
      vertex  3.535831e+001  1.870267e+001 -4.000000e+000
      vertex  3.509146e+001  1.919869e+001  0.000000e+000
      vertex  3.535831e+001  1.870267e+001  0.000000e+000
    endloop
  endfacet
  facet normal  8.872266e-001  4.613340e-001  0.000000e+000
    outer loop
      vertex  3.535831e+001  1.870267e+001 -4.000000e+000
      vertex  3.535831e+001  1.870267e+001  0.000000e+000
      vertex  3.561816e+001  1.820294e+001 -4.000000e+000
    endloop
  endfacet
  facet normal  8.872266e-001  4.613340e-001  -0.000000e+000
    outer loop
      vertex  3.561816e+001  1.820294e+001 -4.000000e+000
      vertex  3.535831e+001  1.870267e+001  0.000000e+000
      vertex  3.561816e+001  1.820294e+001  0.000000e+000
    endloop
  endfacet
  facet normal  8.936361e-001  4.487923e-001  0.000000e+000
    outer loop
      vertex  3.561816e+001  1.820294e+001 -4.000000e+000
      vertex  3.561816e+001  1.820294e+001  0.000000e+000
      vertex  3.587094e+001  1.769960e+001 -4.000000e+000
    endloop
  endfacet
  facet normal  8.936361e-001  4.487923e-001  -0.000000e+000
    outer loop
      vertex  3.587094e+001  1.769960e+001 -4.000000e+000
      vertex  3.561816e+001  1.820294e+001  0.000000e+000
      vertex  3.587094e+001  1.769960e+001  0.000000e+000
    endloop
  endfacet
  facet normal  8.998683e-001  4.361618e-001  0.000000e+000
    outer loop
      vertex  3.587094e+001  1.769960e+001 -4.000000e+000
      vertex  3.587094e+001  1.769960e+001  0.000000e+000
      vertex  3.611660e+001  1.719275e+001 -4.000000e+000
    endloop
  endfacet
  facet normal  8.998683e-001  4.361618e-001  -0.000000e+000
    outer loop
      vertex  3.611660e+001  1.719275e+001 -4.000000e+000
      vertex  3.587094e+001  1.769960e+001  0.000000e+000
      vertex  3.611660e+001  1.719275e+001  0.000000e+000
    endloop
  endfacet
  facet normal  9.059177e-001  4.234538e-001  0.000000e+000
    outer loop
      vertex  3.611660e+001  1.719275e+001 -4.000000e+000
      vertex  3.611660e+001  1.719275e+001  0.000000e+000
      vertex  3.635511e+001  1.668250e+001 -4.000000e+000
    endloop
  endfacet
  facet normal  9.059177e-001  4.234538e-001  -0.000000e+000
    outer loop
      vertex  3.635511e+001  1.668250e+001 -4.000000e+000
      vertex  3.611660e+001  1.719275e+001  0.000000e+000
      vertex  3.635511e+001  1.668250e+001  0.000000e+000
    endloop
  endfacet
  facet normal  9.117907e-001  4.106554e-001  0.000000e+000
    outer loop
      vertex  3.635511e+001  1.668250e+001 -4.000000e+000
      vertex  3.635511e+001  1.668250e+001  0.000000e+000
      vertex  3.658641e+001  1.616893e+001 -4.000000e+000
    endloop
  endfacet
  facet normal  9.117907e-001  4.106554e-001  -0.000000e+000
    outer loop
      vertex  3.658641e+001  1.616893e+001 -4.000000e+000
      vertex  3.635511e+001  1.668250e+001  0.000000e+000
      vertex  3.658641e+001  1.616893e+001  0.000000e+000
    endloop
  endfacet
  facet normal  9.174837e-001  3.977733e-001  0.000000e+000
    outer loop
      vertex  3.658641e+001  1.616893e+001 -4.000000e+000
      vertex  3.658641e+001  1.616893e+001  0.000000e+000
      vertex  3.681046e+001  1.565216e+001 -4.000000e+000
    endloop
  endfacet
  facet normal  9.174837e-001  3.977733e-001  -0.000000e+000
    outer loop
      vertex  3.681046e+001  1.565216e+001 -4.000000e+000
      vertex  3.658641e+001  1.616893e+001  0.000000e+000
      vertex  3.681046e+001  1.565216e+001  0.000000e+000
    endloop
  endfacet
  facet normal  9.229952e-001  3.848112e-001  0.000000e+000
    outer loop
      vertex  3.681046e+001  1.565216e+001 -4.000000e+000
      vertex  3.681046e+001  1.565216e+001  0.000000e+000
      vertex  3.702720e+001  1.513229e+001 -4.000000e+000
    endloop
  endfacet
  facet normal  9.229952e-001  3.848112e-001  -0.000000e+000
    outer loop
      vertex  3.702720e+001  1.513229e+001 -4.000000e+000
      vertex  3.681046e+001  1.565216e+001  0.000000e+000
      vertex  3.702720e+001  1.513229e+001  0.000000e+000
    endloop
  endfacet
  facet normal  9.283211e-001  3.717795e-001  0.000000e+000
    outer loop
      vertex  3.702720e+001  1.513229e+001 -4.000000e+000
      vertex  3.702720e+001  1.513229e+001  0.000000e+000
      vertex  3.723661e+001  1.460942e+001 -4.000000e+000
    endloop
  endfacet
  facet normal  9.283211e-001  3.717795e-001  -0.000000e+000
    outer loop
      vertex  3.723661e+001  1.460942e+001 -4.000000e+000
      vertex  3.702720e+001  1.513229e+001  0.000000e+000
      vertex  3.723661e+001  1.460942e+001  0.000000e+000
    endloop
  endfacet
  facet normal  9.334628e-001  3.586742e-001  0.000000e+000
    outer loop
      vertex  3.723661e+001  1.460942e+001 -4.000000e+000
      vertex  3.723661e+001  1.460942e+001  0.000000e+000
      vertex  3.743863e+001  1.408364e+001 -4.000000e+000
    endloop
  endfacet
  facet normal  9.334628e-001  3.586742e-001  -0.000000e+000
    outer loop
      vertex  3.743863e+001  1.408364e+001 -4.000000e+000
      vertex  3.723661e+001  1.460942e+001  0.000000e+000
      vertex  3.743863e+001  1.408364e+001  0.000000e+000
    endloop
  endfacet
  facet normal  9.384207e-001  3.454947e-001  0.000000e+000
    outer loop
      vertex  3.743863e+001  1.408364e+001 -4.000000e+000
      vertex  3.743863e+001  1.408364e+001  0.000000e+000
      vertex  3.763323e+001  1.355508e+001 -4.000000e+000
    endloop
  endfacet
  facet normal  9.384207e-001  3.454947e-001  -0.000000e+000
    outer loop
      vertex  3.763323e+001  1.355508e+001 -4.000000e+000
      vertex  3.743863e+001  1.408364e+001  0.000000e+000
      vertex  3.763323e+001  1.355508e+001  0.000000e+000
    endloop
  endfacet
  facet normal  9.431944e-001  3.322414e-001  0.000000e+000
    outer loop
      vertex  3.763323e+001  1.355508e+001 -4.000000e+000
      vertex  3.763323e+001  1.355508e+001  0.000000e+000
      vertex  3.782036e+001  1.302383e+001 -4.000000e+000
    endloop
  endfacet
  facet normal  9.431944e-001  3.322414e-001  -0.000000e+000
    outer loop
      vertex  3.782036e+001  1.302383e+001 -4.000000e+000
      vertex  3.763323e+001  1.355508e+001  0.000000e+000
      vertex  3.782036e+001  1.302383e+001  0.000000e+000
    endloop
  endfacet
  facet normal  9.477775e-001  3.189323e-001  0.000000e+000
    outer loop
      vertex  3.782036e+001  1.302383e+001 -4.000000e+000
      vertex  3.782036e+001  1.302383e+001  0.000000e+000
      vertex  3.800000e+001  1.249000e+001 -4.000000e+000
    endloop
  endfacet
  facet normal  9.477775e-001  3.189323e-001  -0.000000e+000
    outer loop
      vertex  3.800000e+001  1.249000e+001 -4.000000e+000
      vertex  3.782036e+001  1.302383e+001  0.000000e+000
      vertex  3.800000e+001  1.249000e+001  0.000000e+000
    endloop
  endfacet
  facet normal  7.016755e-001  6.283424e-002 -7.097205e-001
    outer loop
      vertex  3.796633e+001  7.375638e+000 -5.000000e+000
      vertex  3.890160e+001  8.226495e+000 -4.000000e+000
      vertex  3.893700e+001  7.831133e+000 -4.000000e+000
    endloop
  endfacet
  facet normal  7.068100e-001  2.105196e-002 -7.070901e-001
    outer loop
      vertex  3.798503e+001  6.999006e+000 -5.000000e+000
      vertex  3.898425e+001  7.038691e+000 -4.000000e+000
      vertex  3.799626e+001  6.622076e+000 -5.000000e+000
    endloop
  endfacet
  facet normal  6.966902e-001  1.044841e-001 -7.097223e-001
    outer loop
      vertex  3.786544e+001  8.502272e+000 -5.000000e+000
      vertex  3.874842e+001  9.407275e+000 -4.000000e+000
      vertex  3.880729e+001  9.014721e+000 -4.000000e+000
    endloop
  endfacet
  facet normal  7.043062e-001  6.307020e-002 -7.070891e-001
    outer loop
      vertex  3.790652e+001  8.127419e+000 -5.000000e+000
      vertex  3.890160e+001  8.226495e+000 -4.000000e+000
      vertex  3.794016e+001  7.751826e+000 -5.000000e+000
    endloop
  endfacet
  facet normal  7.082037e-001  4.927215e-002 -7.042868e-001
    outer loop
      vertex  3.890160e+001  8.226495e+000 -4.000000e+000
      vertex  3.796633e+001  7.375638e+000 -5.000000e+000
      vertex  3.794016e+001  7.751826e+000 -5.000000e+000
    endloop
  endfacet
  facet normal  6.829133e-001  1.729921e-001 -7.097206e-001
    outer loop
      vertex  3.754898e+001  1.036026e+001 -5.000000e+000
      vertex  3.833795e+001  1.134829e+001 -4.000000e+000
      vertex  3.843542e+001  1.096350e+001 -4.000000e+000
    endloop
  endfacet
  facet normal  6.945910e-001  1.325422e-001 -7.070897e-001
    outer loop
      vertex  3.762700e+001  9.991319e+000 -5.000000e+000
      vertex  3.860737e+001  1.018849e+001 -4.000000e+000
      vertex  3.769768e+001  9.620905e+000 -5.000000e+000
    endloop
  endfacet
  facet normal  6.998364e-001  1.191981e-001 -7.042875e-001
    outer loop
      vertex  3.860737e+001  1.018849e+001 -4.000000e+000
      vertex  3.776100e+001  9.249162e+000 -5.000000e+000
      vertex  3.769768e+001  9.620905e+000 -5.000000e+000
    endloop
  endfacet
  facet normal  6.854745e-001  1.736380e-001 -7.070888e-001
    outer loop
      vertex  3.737106e+001  1.109312e+001 -5.000000e+000
      vertex  3.833795e+001  1.134829e+001 -4.000000e+000
      vertex  3.746365e+001  1.072757e+001 -5.000000e+000
    endloop
  endfacet
  facet normal  6.915023e-001  1.606348e-001 -7.042876e-001
    outer loop
      vertex  3.833795e+001  1.134829e+001 -4.000000e+000
      vertex  3.754898e+001  1.036026e+001 -5.000000e+000
      vertex  3.746365e+001  1.072757e+001 -5.000000e+000
    endloop
  endfacet
  facet normal  7.040144e-001  9.133376e-002 -7.042882e-001
    outer loop
      vertex  3.874842e+001  9.407275e+000 -4.000000e+000
      vertex  3.786544e+001  8.502272e+000 -5.000000e+000
      vertex  3.781692e+001  8.876235e+000 -5.000000e+000
    endloop
  endfacet
  facet normal  6.993057e-001  1.048667e-001 -7.070886e-001
    outer loop
      vertex  3.874842e+001  9.407275e+000 -4.000000e+000
      vertex  3.781692e+001  8.876235e+000 -5.000000e+000
      vertex  3.776100e+001  9.249162e+000 -5.000000e+000
    endloop
  endfacet
  facet normal  6.970866e-001  1.187258e-001 -7.070887e-001
    outer loop
      vertex  3.868177e+001  9.798584e+000 -4.000000e+000
      vertex  3.874842e+001  9.407275e+000 -4.000000e+000
      vertex  3.776100e+001  9.249162e+000 -5.000000e+000
    endloop
  endfacet
  facet normal  6.919971e-001  1.320459e-001 -7.097209e-001
    outer loop
      vertex  3.776100e+001  9.249162e+000 -5.000000e+000
      vertex  3.860737e+001  1.018849e+001 -4.000000e+000
      vertex  3.868177e+001  9.798584e+000 -4.000000e+000
    endloop
  endfacet
  facet normal  6.714095e-001  2.133223e-001 -7.097203e-001
    outer loop
      vertex  3.800000e+001  1.249000e+001 -4.000000e+000
      vertex  3.812020e+001  1.211169e+001 -4.000000e+000
      vertex  3.727122e+001  1.145677e+001 -5.000000e+000
    endloop
  endfacet
  facet normal  6.807190e-001  2.014977e-001 -7.042872e-001
    outer loop
      vertex  3.800000e+001  1.249000e+001 -4.000000e+000
      vertex  3.727122e+001  1.145677e+001 -5.000000e+000
      vertex  3.716419e+001  1.181835e+001 -5.000000e+000
    endloop
  endfacet
  facet normal  6.739247e-001  2.141251e-001 -7.070897e-001
    outer loop
      vertex  3.800000e+001  1.249000e+001 -4.000000e+000
      vertex  3.716419e+001  1.181835e+001 -5.000000e+000
      vertex  3.705000e+001  1.217775e+001 -5.000000e+000
    endloop
  endfacet
  facet normal  7.098799e-001  7.045028e-003 -7.042875e-001
    outer loop
      vertex  3.800000e+001  6.244998e+000 -5.000000e+000
      vertex  3.799626e+001  6.622076e+000 -5.000000e+000
      vertex  3.898425e+001  7.038691e+000 -4.000000e+000
    endloop
  endfacet
  facet normal  7.041721e-001  2.096734e-002 -7.097197e-001
    outer loop
      vertex  3.800000e+001  6.244998e+000 -5.000000e+000
      vertex  3.898425e+001  7.038691e+000 -4.000000e+000
      vertex  3.899606e+001  6.641922e+000 -4.000000e+000
    endloop
  endfacet
  facet normal  7.070894e-001  7.019834e-003 -7.070894e-001
    outer loop
      vertex  3.800000e+001  6.244998e+000 -5.000000e+000
      vertex  3.899606e+001  6.641922e+000 -4.000000e+000
      vertex  3.900000e+001  6.244998e+000 -4.000000e+000
    endloop
  endfacet
  facet normal  7.062532e-001  3.507197e-002 -7.070900e-001
    outer loop
      vertex  3.898425e+001  7.038691e+000 -4.000000e+000
      vertex  3.798503e+001  6.999006e+000 -5.000000e+000
      vertex  3.896456e+001  7.435146e+000 -4.000000e+000
    endloop
  endfacet
  facet normal  7.062531e-001  3.507231e-002 -7.070901e-001
    outer loop
      vertex  3.896456e+001  7.435146e+000 -4.000000e+000
      vertex  3.798503e+001  6.999006e+000 -5.000000e+000
      vertex  3.796633e+001  7.375638e+000 -5.000000e+000
    endloop
  endfacet
  facet normal  7.054179e-001  4.908437e-002 -7.070901e-001
    outer loop
      vertex  3.896456e+001  7.435146e+000 -4.000000e+000
      vertex  3.796633e+001  7.375638e+000 -5.000000e+000
      vertex  3.893700e+001  7.831133e+000 -4.000000e+000
    endloop
  endfacet
  facet normal  7.029158e-001  7.703485e-002 -7.070891e-001
    outer loop
      vertex  3.890160e+001  8.226495e+000 -4.000000e+000
      vertex  3.790652e+001  8.127419e+000 -5.000000e+000
      vertex  3.885836e+001  8.621076e+000 -4.000000e+000
    endloop
  endfacet
  facet normal  7.029142e-001  7.704031e-002 -7.070903e-001
    outer loop
      vertex  3.885836e+001  8.621076e+000 -4.000000e+000
      vertex  3.790652e+001  8.127419e+000 -5.000000e+000
      vertex  3.786544e+001  8.502272e+000 -5.000000e+000
    endloop
  endfacet
  facet normal  7.012472e-001  9.097235e-002 -7.070901e-001
    outer loop
      vertex  3.885836e+001  8.621076e+000 -4.000000e+000
      vertex  3.786544e+001  8.502272e+000 -5.000000e+000
      vertex  3.880729e+001  9.014721e+000 -4.000000e+000
    endloop
  endfacet
  facet normal  6.918236e-001  1.463016e-001 -7.070897e-001
    outer loop
      vertex  3.860737e+001  1.018849e+001 -4.000000e+000
      vertex  3.762700e+001  9.991319e+000 -5.000000e+000
      vertex  3.852524e+001  1.057685e+001 -4.000000e+000
    endloop
  endfacet
  facet normal  6.918250e-001  1.462983e-001 -7.070890e-001
    outer loop
      vertex  3.852524e+001  1.057685e+001 -4.000000e+000
      vertex  3.762700e+001  9.991319e+000 -5.000000e+000
      vertex  3.754898e+001  1.036026e+001 -5.000000e+000
    endloop
  endfacet
  facet normal  6.887847e-001  1.600019e-001 -7.070891e-001
    outer loop
      vertex  3.852524e+001  1.057685e+001 -4.000000e+000
      vertex  3.754898e+001  1.036026e+001 -5.000000e+000
      vertex  3.843542e+001  1.096350e+001 -4.000000e+000
    endloop
  endfacet
  facet normal  6.818941e-001  1.872052e-001 -7.070888e-001
    outer loop
      vertex  3.833795e+001  1.134829e+001 -4.000000e+000
      vertex  3.737106e+001  1.109312e+001 -5.000000e+000
      vertex  3.823286e+001  1.173107e+001 -4.000000e+000
    endloop
  endfacet
  facet normal  6.818928e-001  1.872078e-001 -7.070894e-001
    outer loop
      vertex  3.823286e+001  1.173107e+001 -4.000000e+000
      vertex  3.737106e+001  1.109312e+001 -5.000000e+000
      vertex  3.727122e+001  1.145677e+001 -5.000000e+000
    endloop
  endfacet
  facet normal  6.780422e-001  2.007073e-001 -7.070893e-001
    outer loop
      vertex  3.823286e+001  1.173107e+001 -4.000000e+000
      vertex  3.727122e+001  1.145677e+001 -5.000000e+000
      vertex  3.812020e+001  1.211169e+001 -4.000000e+000
    endloop
  endfacet
  facet normal  7.071068e-001  0.000000e+000 -7.071068e-001
    outer loop
      vertex  3.900000e+001 -3.195000e+001 -4.000000e+000
      vertex  3.800000e+001 -3.195000e+001 -5.000000e+000
      vertex  3.900000e+001  6.244998e+000 -4.000000e+000
    endloop
  endfacet
  facet normal  7.071068e-001  0.000000e+000 -7.071068e-001
    outer loop
      vertex  3.900000e+001  6.244998e+000 -4.000000e+000
      vertex  3.800000e+001 -3.195000e+001 -5.000000e+000
      vertex  3.800000e+001  6.244998e+000 -5.000000e+000
    endloop
  endfacet
  facet normal  1.076642e-001 -6.923701e-001 -7.134648e-001
    outer loop
      vertex  2.979916e+001 -4.091445e+001 -5.000000e+000
      vertex  3.067506e+001 -4.180871e+001 -4.000000e+000
      vertex  3.039790e+001 -4.185181e+001 -4.000000e+000
    endloop
  endfacet
  facet normal  3.153935e-002 -7.088438e-001 -7.046600e-001
    outer loop
      vertex  2.926670e+001 -4.094605e+001 -5.000000e+000
      vertex  2.953316e+001 -4.093419e+001 -5.000000e+000
      vertex  2.984051e+001 -4.191462e+001 -4.000000e+000
    endloop
  endfacet
  facet normal  1.657118e-001 -6.817842e-001 -7.125377e-001
    outer loop
      vertex  3.059201e+001 -4.080807e+001 -5.000000e+000
      vertex  3.149776e+001 -4.163303e+001 -4.000000e+000
      vertex  3.122521e+001 -4.169928e+001 -4.000000e+000
    endloop
  endfacet
  facet normal  9.426992e-002 -7.026191e-001 -7.052940e-001
    outer loop
      vertex  3.006446e+001 -4.088683e+001 -5.000000e+000
      vertex  3.032882e+001 -4.085136e+001 -5.000000e+000
      vertex  3.067506e+001 -4.180871e+001 -4.000000e+000
    endloop
  endfacet
  facet normal  7.394749e-002 -7.103198e-001 -6.999840e-001
    outer loop
      vertex  3.067506e+001 -4.180871e+001 -4.000000e+000
      vertex  2.979916e+001 -4.091445e+001 -5.000000e+000
      vertex  3.006446e+001 -4.088683e+001 -5.000000e+000
    endloop
  endfacet
  facet normal  2.227063e-001 -6.662750e-001 -7.116737e-001
    outer loop
      vertex  3.137228e+001 -4.063172e+001 -5.000000e+000
      vertex  3.230279e+001 -4.138883e+001 -4.000000e+000
      vertex  3.203677e+001 -4.147775e+001 -4.000000e+000
    endloop
  endfacet
  facet normal  1.561587e-001 -6.909419e-001 -7.058426e-001
    outer loop
      vertex  3.085381e+001 -4.075701e+001 -5.000000e+000
      vertex  3.111397e+001 -4.069821e+001 -5.000000e+000
      vertex  3.149776e+001 -4.163303e+001 -4.000000e+000
    endloop
  endfacet
  facet normal  1.365290e-001 -6.999112e-001 -7.010593e-001
    outer loop
      vertex  3.149776e+001 -4.163303e+001 -4.000000e+000
      vertex  3.059201e+001 -4.080807e+001 -5.000000e+000
      vertex  3.085381e+001 -4.075701e+001 -5.000000e+000
    endloop
  endfacet
  facet normal  2.782408e-001 -6.459350e-001 -7.108799e-001
    outer loop
      vertex  3.213382e+001 -4.038678e+001 -5.000000e+000
      vertex  3.308444e+001 -4.107783e+001 -4.000000e+000
      vertex  3.282684e+001 -4.118880e+001 -4.000000e+000
    endloop
  endfacet
  facet normal  2.167589e-001 -6.738963e-001 -7.063140e-001
    outer loop
      vertex  3.162851e+001 -4.055761e+001 -5.000000e+000
      vertex  3.188243e+001 -4.047594e+001 -5.000000e+000
      vertex  3.230279e+001 -4.138883e+001 -4.000000e+000
    endloop
  endfacet
  facet normal  1.978676e-001 -6.840885e-001 -7.020481e-001
    outer loop
      vertex  3.230279e+001 -4.138883e+001 -4.000000e+000
      vertex  3.137228e+001 -4.063172e+001 -5.000000e+000
      vertex  3.162851e+001 -4.055761e+001 -5.000000e+000
    endloop
  endfacet
  facet normal  3.318906e-001 -6.209136e-001 -7.101514e-001
    outer loop
      vertex  3.287059e+001 -4.007518e+001 -5.000000e+000
      vertex  3.383719e+001 -4.070223e+001 -4.000000e+000
      vertex  3.358982e+001 -4.083446e+001 -4.000000e+000
    endloop
  endfacet
  facet normal  2.755909e-001 -6.516294e-001 -7.067029e-001
    outer loop
      vertex  3.238245e+001 -4.029021e+001 -5.000000e+000
      vertex  3.262811e+001 -4.018631e+001 -5.000000e+000
      vertex  3.308444e+001 -4.107783e+001 -4.000000e+000
    endloop
  endfacet
  facet normal  2.575061e-001 -6.629854e-001 -7.029517e-001
    outer loop
      vertex  3.308444e+001 -4.107783e+001 -4.000000e+000
      vertex  3.213382e+001 -4.038678e+001 -5.000000e+000
      vertex  3.238245e+001 -4.029021e+001 -5.000000e+000
    endloop
  endfacet
  facet normal  3.506779e-001 -6.140085e-001 -7.071199e-001
    outer loop
      vertex  3.334513e+001 -3.983162e+001 -5.000000e+000
      vertex  3.408075e+001 -4.056313e+001 -4.000000e+000
      vertex  3.383719e+001 -4.070223e+001 -4.000000e+000
    endloop
  endfacet
  facet normal  3.322107e-001 -6.243187e-001 -7.070093e-001
    outer loop
      vertex  3.310966e+001 -3.995691e+001 -5.000000e+000
      vertex  3.334513e+001 -3.983162e+001 -5.000000e+000
      vertex  3.383719e+001 -4.070223e+001 -4.000000e+000
    endloop
  endfacet
  facet normal  3.150026e-001 -6.367721e-001 -7.037717e-001
    outer loop
      vertex  3.383719e+001 -4.070223e+001 -4.000000e+000
      vertex  3.287059e+001 -4.007518e+001 -5.000000e+000
      vertex  3.310966e+001 -3.995691e+001 -5.000000e+000
    endloop
  endfacet
  facet normal  4.011564e-001 -5.825156e-001 -7.069293e-001
    outer loop
      vertex  3.478671e+001 -4.010561e+001 -4.000000e+000
      vertex  3.455570e+001 -4.026470e+001 -4.000000e+000
      vertex  3.402782e+001 -3.941465e+001 -5.000000e+000
    endloop
  endfacet
  facet normal  4.891925e-001 -5.031168e-001 -7.124353e-001
    outer loop
      vertex  3.487540e+001 -3.876760e+001 -5.000000e+000
      vertex  3.607107e+001 -3.902107e+001 -4.000000e+000
      vertex  3.586997e+001 -3.921660e+001 -4.000000e+000
    endloop
  endfacet
  facet normal  4.487699e-001 -5.468342e-001 -7.068081e-001
    outer loop
      vertex  3.545172e+001 -3.959037e+001 -4.000000e+000
      vertex  3.523490e+001 -3.976831e+001 -4.000000e+000
      vertex  3.467079e+001 -3.893871e+001 -5.000000e+000
    endloop
  endfacet
  facet normal  5.304059e-001 -4.607846e-001 -7.115806e-001
    outer loop
      vertex  3.545757e+001 -3.821896e+001 -5.000000e+000
      vertex  3.664037e+001 -3.840172e+001 -4.000000e+000
      vertex  3.645642e+001 -3.861346e+001 -4.000000e+000
    endloop
  endfacet
  facet normal  5.679001e-001 -4.150481e-001 -7.107915e-001
    outer loop
      vertex  3.598872e+001 -3.762079e+001 -5.000000e+000
      vertex  3.715561e+001 -3.773671e+001 -4.000000e+000
      vertex  3.699010e+001 -3.796317e+001 -4.000000e+000
    endloop
  endfacet
  facet normal  5.293035e-001 -4.699903e-001 -7.063617e-001
    outer loop
      vertex  3.564050e+001 -3.802485e+001 -5.000000e+000
      vertex  3.581760e+001 -3.782540e+001 -5.000000e+000
      vertex  3.664037e+001 -3.840172e+001 -4.000000e+000
    endloop
  endfacet
  facet normal  5.181768e-001 -4.883397e-001 -7.021518e-001
    outer loop
      vertex  3.664037e+001 -3.840172e+001 -4.000000e+000
      vertex  3.545757e+001 -3.821896e+001 -5.000000e+000
      vertex  3.564050e+001 -3.802485e+001 -5.000000e+000
    endloop
  endfacet
  facet normal  6.013978e-001 -3.662148e-001 -7.100755e-001
    outer loop
      vertex  3.646465e+001 -3.697782e+001 -5.000000e+000
      vertex  3.761312e+001 -3.703075e+001 -4.000000e+000
      vertex  3.746724e+001 -3.727032e+001 -4.000000e+000
    endloop
  endfacet
  facet normal  5.686377e-001 -4.209133e-001 -7.067412e-001
    outer loop
      vertex  3.615369e+001 -3.741120e+001 -5.000000e+000
      vertex  3.631238e+001 -3.719682e+001 -5.000000e+000
      vertex  3.715561e+001 -3.773671e+001 -4.000000e+000
    endloop
  endfacet
  facet normal  5.588009e-001 -4.398461e-001 -7.030483e-001
    outer loop
      vertex  3.715561e+001 -3.773671e+001 -4.000000e+000
      vertex  3.598872e+001 -3.762079e+001 -5.000000e+000
      vertex  3.615369e+001 -3.741120e+001 -5.000000e+000
    endloop
  endfacet
  facet normal  6.140254e-001 -3.506972e-001 -7.070957e-001
    outer loop
      vertex  3.674939e+001 -3.652678e+001 -5.000000e+000
      vertex  3.775224e+001 -3.678719e+001 -4.000000e+000
      vertex  3.761312e+001 -3.703075e+001 -4.000000e+000
    endloop
  endfacet
  facet normal  6.035100e-001 -3.686071e-001 -7.070392e-001
    outer loop
      vertex  3.661036e+001 -3.675441e+001 -5.000000e+000
      vertex  3.674939e+001 -3.652678e+001 -5.000000e+000
      vertex  3.761312e+001 -3.703075e+001 -4.000000e+000
    endloop
  endfacet
  facet normal  5.949767e-001 -3.880565e-001 -7.038571e-001
    outer loop
      vertex  3.761312e+001 -3.703075e+001 -4.000000e+000
      vertex  3.646465e+001 -3.697782e+001 -5.000000e+000
      vertex  3.661036e+001 -3.675441e+001 -5.000000e+000
    endloop
  endfacet
  facet normal  6.414967e-001 -2.979216e-001 -7.069122e-001
    outer loop
      vertex  3.812783e+001 -3.603444e+001 -4.000000e+000
      vertex  3.800969e+001 -3.628884e+001 -4.000000e+000
      vertex  3.712518e+001 -3.582059e+001 -5.000000e+000
    endloop
  endfacet
  facet normal  6.643729e-001 -2.429860e-001 -7.068002e-001
    outer loop
      vertex  3.843884e+001 -3.525279e+001 -4.000000e+000
      vertex  3.834249e+001 -3.551622e+001 -4.000000e+000
      vertex  3.743678e+001 -3.508382e+001 -5.000000e+000
    endloop
  endfacet
  facet normal  6.824834e-001 -1.863015e-001 -7.067589e-001
    outer loop
      vertex  3.868304e+001 -3.444777e+001 -4.000000e+000
      vertex  3.860917e+001 -3.471835e+001 -4.000000e+000
      vertex  3.768172e+001 -3.432228e+001 -5.000000e+000
    endloop
  endfacet
  facet normal  6.956960e-001 -1.282675e-001 -7.067918e-001
    outer loop
      vertex  3.885871e+001 -3.362506e+001 -4.000000e+000
      vertex  3.880785e+001 -3.390090e+001 -4.000000e+000
      vertex  3.785807e+001 -3.354201e+001 -5.000000e+000
    endloop
  endfacet
  facet normal  7.039118e-001 -6.932821e-002 -7.068959e-001
    outer loop
      vertex  3.896461e+001 -3.279050e+001 -4.000000e+000
      vertex  3.893712e+001 -3.306964e+001 -4.000000e+000
      vertex  3.796445e+001 -3.274916e+001 -5.000000e+000
    endloop
  endfacet
  facet normal  4.734083e-001 -5.331426e-001 -7.011731e-001
    outer loop
      vertex  3.607107e+001 -3.902107e+001 -4.000000e+000
      vertex  3.487540e+001 -3.876760e+001 -5.000000e+000
      vertex  3.507485e+001 -3.859050e+001 -5.000000e+000
    endloop
  endfacet
  facet normal  4.857909e-001 -5.154722e-001 -7.059006e-001
    outer loop
      vertex  3.607107e+001 -3.902107e+001 -4.000000e+000
      vertex  3.507485e+001 -3.859050e+001 -5.000000e+000
      vertex  3.526896e+001 -3.840757e+001 -5.000000e+000
    endloop
  endfacet
  facet normal  7.041330e-001 -9.874201e-003 -7.099994e-001
    outer loop
      vertex  3.900000e+001 -3.195000e+001 -4.000000e+000
      vertex  3.899607e+001 -3.223046e+001 -4.000000e+000
      vertex  3.798419e+001 -3.248317e+001 -5.000000e+000
    endloop
  endfacet
  facet normal  7.095566e-001 -3.157106e-002 -7.039407e-001
    outer loop
      vertex  3.900000e+001 -3.195000e+001 -4.000000e+000
      vertex  3.798419e+001 -3.248317e+001 -5.000000e+000
      vertex  3.799605e+001 -3.221670e+001 -5.000000e+000
    endloop
  endfacet
  facet normal  7.070680e-001 -1.047748e-002 -7.070680e-001
    outer loop
      vertex  3.900000e+001 -3.195000e+001 -4.000000e+000
      vertex  3.799605e+001 -3.221670e+001 -5.000000e+000
      vertex  3.800000e+001 -3.195000e+001 -5.000000e+000
    endloop
  endfacet
  facet normal  1.059827e-002 -7.152197e-001 -6.988194e-001
    outer loop
      vertex  2.900000e+001 -4.095000e+001 -5.000000e+000
      vertex  2.926670e+001 -4.094605e+001 -5.000000e+000
      vertex  2.984051e+001 -4.191462e+001 -4.000000e+000
    endloop
  endfacet
  facet normal  4.902465e-002 -6.979542e-001 -7.144624e-001
    outer loop
      vertex  2.900000e+001 -4.095000e+001 -5.000000e+000
      vertex  2.984051e+001 -4.191462e+001 -4.000000e+000
      vertex  2.956071e+001 -4.193427e+001 -4.000000e+000
    endloop
  endfacet
  facet normal  2.964077e-002 -7.040185e-001 -7.095628e-001
    outer loop
      vertex  2.900000e+001 -4.095000e+001 -5.000000e+000
      vertex  2.956071e+001 -4.193427e+001 -4.000000e+000
      vertex  2.928046e+001 -4.194607e+001 -4.000000e+000
    endloop
  endfacet
  facet normal  9.915348e-003 -7.070720e-001 -7.070720e-001
    outer loop
      vertex  2.900000e+001 -4.095000e+001 -5.000000e+000
      vertex  2.928046e+001 -4.194607e+001 -4.000000e+000
      vertex  2.900000e+001 -4.195000e+001 -4.000000e+000
    endloop
  endfacet
  facet normal  6.910641e-002 -7.016549e-001 -7.091578e-001
    outer loop
      vertex  2.984051e+001 -4.191462e+001 -4.000000e+000
      vertex  2.953316e+001 -4.093419e+001 -5.000000e+000
      vertex  3.011964e+001 -4.188712e+001 -4.000000e+000
    endloop
  endfacet
  facet normal  5.250828e-002 -7.073807e-001 -7.048796e-001
    outer loop
      vertex  3.011964e+001 -4.188712e+001 -4.000000e+000
      vertex  2.953316e+001 -4.093419e+001 -5.000000e+000
      vertex  2.979916e+001 -4.091445e+001 -5.000000e+000
    endloop
  endfacet
  facet normal  8.878695e-002 -6.996300e-001 -7.089674e-001
    outer loop
      vertex  3.011964e+001 -4.188712e+001 -4.000000e+000
      vertex  2.979916e+001 -4.091445e+001 -5.000000e+000
      vertex  3.039790e+001 -4.185181e+001 -4.000000e+000
    endloop
  endfacet
  facet normal  1.279374e-001 -6.939057e-001 -7.086092e-001
    outer loop
      vertex  3.067506e+001 -4.180871e+001 -4.000000e+000
      vertex  3.032882e+001 -4.085136e+001 -5.000000e+000
      vertex  3.095090e+001 -4.175785e+001 -4.000000e+000
    endloop
  endfacet
  facet normal  1.150134e-001 -6.993293e-001 -7.054858e-001
    outer loop
      vertex  3.095090e+001 -4.175785e+001 -4.000000e+000
      vertex  3.032882e+001 -4.085136e+001 -5.000000e+000
      vertex  3.059201e+001 -4.080807e+001 -5.000000e+000
    endloop
  endfacet
  facet normal  1.473850e-001 -6.902090e-001 -7.084414e-001
    outer loop
      vertex  3.095090e+001 -4.175785e+001 -4.000000e+000
      vertex  3.059201e+001 -4.080807e+001 -5.000000e+000
      vertex  3.122521e+001 -4.169928e+001 -4.000000e+000
    endloop
  endfacet
  facet normal  1.859304e-001 -6.811640e-001 -7.081282e-001
    outer loop
      vertex  3.149776e+001 -4.163303e+001 -4.000000e+000
      vertex  3.111397e+001 -4.069821e+001 -5.000000e+000
      vertex  3.176835e+001 -4.155917e+001 -4.000000e+000
    endloop
  endfacet
  facet normal  1.765301e-001 -6.858481e-001 -7.060096e-001
    outer loop
      vertex  3.176835e+001 -4.155917e+001 -4.000000e+000
      vertex  3.111397e+001 -4.069821e+001 -5.000000e+000
      vertex  3.137228e+001 -4.063172e+001 -5.000000e+000
    endloop
  endfacet
  facet normal  2.050049e-001 -6.758180e-001 -7.079852e-001
    outer loop
      vertex  3.176835e+001 -4.155917e+001 -4.000000e+000
      vertex  3.137228e+001 -4.063172e+001 -5.000000e+000
      vertex  3.203677e+001 -4.147775e+001 -4.000000e+000
    endloop
  endfacet
  facet normal  2.426694e-001 -6.635071e-001 -7.077216e-001
    outer loop
      vertex  3.230279e+001 -4.138883e+001 -4.000000e+000
      vertex  3.188243e+001 -4.047594e+001 -5.000000e+000
      vertex  3.256622e+001 -4.129249e+001 -4.000000e+000
    endloop
  endfacet
  facet normal  2.365859e-001 -6.670472e-001 -7.064525e-001
    outer loop
      vertex  3.256622e+001 -4.129249e+001 -4.000000e+000
      vertex  3.188243e+001 -4.047594e+001 -5.000000e+000
      vertex  3.213382e+001 -4.038678e+001 -5.000000e+000
    endloop
  endfacet
  facet normal  2.612191e-001 -6.565554e-001 -7.076012e-001
    outer loop
      vertex  3.256622e+001 -4.129249e+001 -4.000000e+000
      vertex  3.213382e+001 -4.038678e+001 -5.000000e+000
      vertex  3.282684e+001 -4.118880e+001 -4.000000e+000
    endloop
  endfacet
  facet normal  2.977143e-001 -6.410711e-001 -7.073854e-001
    outer loop
      vertex  3.308444e+001 -4.107783e+001 -4.000000e+000
      vertex  3.262811e+001 -4.018631e+001 -5.000000e+000
      vertex  3.333884e+001 -4.095969e+001 -4.000000e+000
    endloop
  endfacet
  facet normal  2.947284e-001 -6.430770e-001 -7.068147e-001
    outer loop
      vertex  3.333884e+001 -4.095969e+001 -4.000000e+000
      vertex  3.262811e+001 -4.018631e+001 -5.000000e+000
      vertex  3.287059e+001 -4.007518e+001 -5.000000e+000
    endloop
  endfacet
  facet normal  3.156265e-001 -6.325510e-001 -7.072900e-001
    outer loop
      vertex  3.333884e+001 -4.095969e+001 -4.000000e+000
      vertex  3.287059e+001 -4.007518e+001 -5.000000e+000
      vertex  3.358982e+001 -4.083446e+001 -4.000000e+000
    endloop
  endfacet
  facet normal  3.664166e-001 -6.017135e-001 -7.097039e-001
    outer loop
      vertex  3.408075e+001 -4.056313e+001 -4.000000e+000
      vertex  3.334513e+001 -3.983162e+001 -5.000000e+000
      vertex  3.432032e+001 -4.041724e+001 -4.000000e+000
    endloop
  endfacet
  facet normal  3.519264e-001 -6.165642e-001 -7.042700e-001
    outer loop
      vertex  3.432032e+001 -4.041724e+001 -4.000000e+000
      vertex  3.334513e+001 -3.983162e+001 -5.000000e+000
      vertex  3.357678e+001 -3.969939e+001 -5.000000e+000
    endloop
  endfacet
  facet normal  3.832551e-001 -5.913868e-001 -7.094908e-001
    outer loop
      vertex  3.432032e+001 -4.041724e+001 -4.000000e+000
      vertex  3.357678e+001 -3.969939e+001 -5.000000e+000
      vertex  3.455570e+001 -4.026470e+001 -4.000000e+000
    endloop
  endfacet
  facet normal  3.699216e-001 -6.056620e-001 -7.045080e-001
    outer loop
      vertex  3.455570e+001 -4.026470e+001 -4.000000e+000
      vertex  3.357678e+001 -3.969939e+001 -5.000000e+000
      vertex  3.380441e+001 -3.956036e+001 -5.000000e+000
    endloop
  endfacet
  facet normal  3.862173e-001 -5.921567e-001 -7.072387e-001
    outer loop
      vertex  3.455570e+001 -4.026470e+001 -4.000000e+000
      vertex  3.380441e+001 -3.956036e+001 -5.000000e+000
      vertex  3.402782e+001 -3.941465e+001 -5.000000e+000
    endloop
  endfacet
  facet normal  4.160536e-001 -5.692855e-001 -7.090933e-001
    outer loop
      vertex  3.478671e+001 -4.010561e+001 -4.000000e+000
      vertex  3.402782e+001 -3.941465e+001 -5.000000e+000
      vertex  3.501317e+001 -3.994011e+001 -4.000000e+000
    endloop
  endfacet
  facet normal  4.048944e-001 -5.823274e-001 -7.049505e-001
    outer loop
      vertex  3.501317e+001 -3.994011e+001 -4.000000e+000
      vertex  3.402782e+001 -3.941465e+001 -5.000000e+000
      vertex  3.424681e+001 -3.926238e+001 -5.000000e+000
    endloop
  endfacet
  facet normal  4.319766e-001 -5.575389e-001 -7.089053e-001
    outer loop
      vertex  3.501317e+001 -3.994011e+001 -4.000000e+000
      vertex  3.424681e+001 -3.926238e+001 -5.000000e+000
      vertex  3.523490e+001 -3.976831e+001 -4.000000e+000
    endloop
  endfacet
  facet normal  4.218521e-001 -5.699059e-001 -7.051583e-001
    outer loop
      vertex  3.523490e+001 -3.976831e+001 -4.000000e+000
      vertex  3.424681e+001 -3.926238e+001 -5.000000e+000
      vertex  3.446120e+001 -3.910369e+001 -5.000000e+000
    endloop
  endfacet
  facet normal  4.371846e-001 -5.554068e-001 -7.073846e-001
    outer loop
      vertex  3.523490e+001 -3.976831e+001 -4.000000e+000
      vertex  3.446120e+001 -3.910369e+001 -5.000000e+000
      vertex  3.467079e+001 -3.893871e+001 -5.000000e+000
    endloop
  endfacet
  facet normal  4.627877e-001 -5.327116e-001 -7.085519e-001
    outer loop
      vertex  3.545172e+001 -3.959037e+001 -4.000000e+000
      vertex  3.467079e+001 -3.893871e+001 -5.000000e+000
      vertex  3.566347e+001 -3.940642e+001 -4.000000e+000
    endloop
  endfacet
  facet normal  4.546221e-001 -5.436189e-001 -7.055476e-001
    outer loop
      vertex  3.566347e+001 -3.940642e+001 -4.000000e+000
      vertex  3.467079e+001 -3.893871e+001 -5.000000e+000
      vertex  3.487540e+001 -3.876760e+001 -5.000000e+000
    endloop
  endfacet
  facet normal  4.776626e-001 -5.196404e-001 -7.083870e-001
    outer loop
      vertex  3.566347e+001 -3.940642e+001 -4.000000e+000
      vertex  3.487540e+001 -3.876760e+001 -5.000000e+000
      vertex  3.586997e+001 -3.921660e+001 -4.000000e+000
    endloop
  endfacet
  facet normal  5.062668e-001 -4.922554e-001 -7.080810e-001
    outer loop
      vertex  3.607107e+001 -3.902107e+001 -4.000000e+000
      vertex  3.526896e+001 -3.840757e+001 -5.000000e+000
      vertex  3.626660e+001 -3.881997e+001 -4.000000e+000
    endloop
  endfacet
  facet normal  5.007374e-001 -5.007374e-001 -7.060625e-001
    outer loop
      vertex  3.626660e+001 -3.881997e+001 -4.000000e+000
      vertex  3.526896e+001 -3.840757e+001 -5.000000e+000
      vertex  3.545757e+001 -3.821896e+001 -5.000000e+000
    endloop
  endfacet
  facet normal  5.199758e-001 -4.779620e-001 -7.079390e-001
    outer loop
      vertex  3.626660e+001 -3.881997e+001 -4.000000e+000
      vertex  3.545757e+001 -3.821896e+001 -5.000000e+000
      vertex  3.645642e+001 -3.861346e+001 -4.000000e+000
    endloop
  endfacet
  facet normal  5.461555e-001 -4.482207e-001 -7.076808e-001
    outer loop
      vertex  3.664037e+001 -3.840172e+001 -4.000000e+000
      vertex  3.581760e+001 -3.782540e+001 -5.000000e+000
      vertex  3.681831e+001 -3.818490e+001 -4.000000e+000
    endloop
  endfacet
  facet normal  5.428849e-001 -4.540269e-001 -7.064953e-001
    outer loop
      vertex  3.681831e+001 -3.818490e+001 -4.000000e+000
      vertex  3.581760e+001 -3.782540e+001 -5.000000e+000
      vertex  3.598872e+001 -3.762079e+001 -5.000000e+000
    endloop
  endfacet
  facet normal  5.586073e-001 -4.327969e-001 -7.075624e-001
    outer loop
      vertex  3.681831e+001 -3.818490e+001 -4.000000e+000
      vertex  3.598872e+001 -3.762079e+001 -5.000000e+000
      vertex  3.699010e+001 -3.796317e+001 -4.000000e+000
    endloop
  endfacet
  facet normal  5.821668e-001 -4.009162e-001 -7.073528e-001
    outer loop
      vertex  3.715561e+001 -3.773671e+001 -4.000000e+000
      vertex  3.631238e+001 -3.719682e+001 -5.000000e+000
      vertex  3.731470e+001 -3.750570e+001 -4.000000e+000
    endloop
  endfacet
  facet normal  5.807728e-001 -4.038135e-001 -7.068504e-001
    outer loop
      vertex  3.731470e+001 -3.750570e+001 -4.000000e+000
      vertex  3.631238e+001 -3.719682e+001 -5.000000e+000
      vertex  3.646465e+001 -3.697782e+001 -5.000000e+000
    endloop
  endfacet
  facet normal  5.932611e-001 -3.844794e-001 -7.072600e-001
    outer loop
      vertex  3.731470e+001 -3.750570e+001 -4.000000e+000
      vertex  3.646465e+001 -3.697782e+001 -5.000000e+000
      vertex  3.746724e+001 -3.727032e+001 -4.000000e+000
    endloop
  endfacet
  facet normal  6.213778e-001 -3.321291e-001 -7.096336e-001
    outer loop
      vertex  3.775224e+001 -3.678719e+001 -4.000000e+000
      vertex  3.674939e+001 -3.652678e+001 -5.000000e+000
      vertex  3.788446e+001 -3.653982e+001 -4.000000e+000
    endloop
  endfacet
  facet normal  6.164956e-001 -3.518873e-001 -7.043496e-001
    outer loop
      vertex  3.788446e+001 -3.653982e+001 -4.000000e+000
      vertex  3.674939e+001 -3.652678e+001 -5.000000e+000
      vertex  3.688161e+001 -3.629513e+001 -5.000000e+000
    endloop
  endfacet
  facet normal  6.306354e-001 -3.146707e-001 -7.094232e-001
    outer loop
      vertex  3.788446e+001 -3.653982e+001 -4.000000e+000
      vertex  3.688161e+001 -3.629513e+001 -5.000000e+000
      vertex  3.800969e+001 -3.628884e+001 -4.000000e+000
    endloop
  endfacet
  facet normal  6.264508e-001 -3.333453e-001 -7.045853e-001
    outer loop
      vertex  3.800969e+001 -3.628884e+001 -4.000000e+000
      vertex  3.688161e+001 -3.629513e+001 -5.000000e+000
      vertex  3.700691e+001 -3.605966e+001 -5.000000e+000
    endloop
  endfacet
  facet normal  6.336607e-001 -3.134634e-001 -7.072586e-001
    outer loop
      vertex  3.800969e+001 -3.628884e+001 -4.000000e+000
      vertex  3.700691e+001 -3.605966e+001 -5.000000e+000
      vertex  3.712518e+001 -3.582059e+001 -5.000000e+000
    endloop
  endfacet
  facet normal  6.476522e-001 -2.789668e-001 -7.090304e-001
    outer loop
      vertex  3.812783e+001 -3.603444e+001 -4.000000e+000
      vertex  3.712518e+001 -3.582059e+001 -5.000000e+000
      vertex  3.823880e+001 -3.577683e+001 -4.000000e+000
    endloop
  endfacet
  facet normal  6.447013e-001 -2.954729e-001 -7.050220e-001
    outer loop
      vertex  3.823880e+001 -3.577683e+001 -4.000000e+000
      vertex  3.712518e+001 -3.582059e+001 -5.000000e+000
      vertex  3.723631e+001 -3.557811e+001 -5.000000e+000
    endloop
  endfacet
  facet normal  6.553928e-001 -2.607699e-001 -7.088438e-001
    outer loop
      vertex  3.823880e+001 -3.577683e+001 -4.000000e+000
      vertex  3.723631e+001 -3.557811e+001 -5.000000e+000
      vertex  3.834249e+001 -3.551622e+001 -4.000000e+000
    endloop
  endfacet
  facet normal  6.529844e-001 -2.761640e-001 -7.052268e-001
    outer loop
      vertex  3.834249e+001 -3.551622e+001 -4.000000e+000
      vertex  3.723631e+001 -3.557811e+001 -5.000000e+000
      vertex  3.734021e+001 -3.533245e+001 -5.000000e+000
    endloop
  endfacet
  facet normal  6.588640e-001 -2.559054e-001 -7.073970e-001
    outer loop
      vertex  3.834249e+001 -3.551622e+001 -4.000000e+000
      vertex  3.734021e+001 -3.533245e+001 -5.000000e+000
      vertex  3.743678e+001 -3.508382e+001 -5.000000e+000
    endloop
  endfacet
  facet normal  6.693162e-001 -2.237133e-001 -7.084971e-001
    outer loop
      vertex  3.843884e+001 -3.525279e+001 -4.000000e+000
      vertex  3.743678e+001 -3.508382e+001 -5.000000e+000
      vertex  3.852775e+001 -3.498677e+001 -4.000000e+000
    endloop
  endfacet
  facet normal  6.678396e-001 -2.368652e-001 -7.056097e-001
    outer loop
      vertex  3.852775e+001 -3.498677e+001 -4.000000e+000
      vertex  3.743678e+001 -3.508382e+001 -5.000000e+000
      vertex  3.752594e+001 -3.483243e+001 -5.000000e+000
    endloop
  endfacet
  facet normal  6.754834e-001 -2.049020e-001 -7.083343e-001
    outer loop
      vertex  3.852775e+001 -3.498677e+001 -4.000000e+000
      vertex  3.752594e+001 -3.483243e+001 -5.000000e+000
      vertex  3.860917e+001 -3.471835e+001 -4.000000e+000
    endloop
  endfacet
  facet normal  6.743969e-001 -2.169199e-001 -7.057864e-001
    outer loop
      vertex  3.860917e+001 -3.471835e+001 -4.000000e+000
      vertex  3.752594e+001 -3.483243e+001 -5.000000e+000
      vertex  3.760761e+001 -3.457851e+001 -5.000000e+000
    endloop
  endfacet
  facet normal  6.789297e-001 -1.963770e-001 -7.074535e-001
    outer loop
      vertex  3.860917e+001 -3.471835e+001 -4.000000e+000
      vertex  3.760761e+001 -3.457851e+001 -5.000000e+000
      vertex  3.768172e+001 -3.432228e+001 -5.000000e+000
    endloop
  endfacet
  facet normal  6.862032e-001 -1.667752e-001 -7.080333e-001
    outer loop
      vertex  3.868304e+001 -3.444777e+001 -4.000000e+000
      vertex  3.768172e+001 -3.432228e+001 -5.000000e+000
      vertex  3.874928e+001 -3.417521e+001 -4.000000e+000
    endloop
  endfacet
  facet normal  6.857464e-001 -1.765052e-001 -7.061146e-001
    outer loop
      vertex  3.874928e+001 -3.417521e+001 -4.000000e+000
      vertex  3.768172e+001 -3.432228e+001 -5.000000e+000
      vertex  3.774821e+001 -3.406398e+001 -5.000000e+000
    endloop
  endfacet
  facet normal  6.907464e-001 -1.474997e-001 -7.078936e-001
    outer loop
      vertex  3.874928e+001 -3.417521e+001 -4.000000e+000
      vertex  3.774821e+001 -3.406398e+001 -5.000000e+000
      vertex  3.880785e+001 -3.390090e+001 -4.000000e+000
    endloop
  endfacet
  facet normal  6.905294e-001 -1.560632e-001 -7.062672e-001
    outer loop
      vertex  3.880785e+001 -3.390090e+001 -4.000000e+000
      vertex  3.774821e+001 -3.406398e+001 -5.000000e+000
      vertex  3.780701e+001 -3.380381e+001 -5.000000e+000
    endloop
  endfacet
  facet normal  6.937062e-001 -1.353186e-001 -7.074324e-001
    outer loop
      vertex  3.880785e+001 -3.390090e+001 -4.000000e+000
      vertex  3.780701e+001 -3.380381e+001 -5.000000e+000
      vertex  3.785807e+001 -3.354201e+001 -5.000000e+000
    endloop
  endfacet
  facet normal  6.981805e-001 -1.085685e-001 -7.076418e-001
    outer loop
      vertex  3.885871e+001 -3.362506e+001 -4.000000e+000
      vertex  3.785807e+001 -3.354201e+001 -5.000000e+000
      vertex  3.890181e+001 -3.334790e+001 -4.000000e+000
    endloop
  endfacet
  facet normal  6.982921e-001 -1.148537e-001 -7.065384e-001
    outer loop
      vertex  3.890181e+001 -3.334790e+001 -4.000000e+000
      vertex  3.785807e+001 -3.354201e+001 -5.000000e+000
      vertex  3.790136e+001 -3.327882e+001 -5.000000e+000
    endloop
  endfacet
  facet normal  7.010656e-001 -8.896913e-002 -7.075249e-001
    outer loop
      vertex  3.890181e+001 -3.334790e+001 -4.000000e+000
      vertex  3.790136e+001 -3.327882e+001 -5.000000e+000
      vertex  3.893712e+001 -3.306964e+001 -4.000000e+000
    endloop
  endfacet
  facet normal  7.012665e-001 -9.407765e-002 -7.066644e-001
    outer loop
      vertex  3.893712e+001 -3.306964e+001 -4.000000e+000
      vertex  3.790136e+001 -3.327882e+001 -5.000000e+000
      vertex  3.793683e+001 -3.301446e+001 -5.000000e+000
    endloop
  endfacet
  facet normal  7.030840e-001 -7.319473e-002 -7.073299e-001
    outer loop
      vertex  3.893712e+001 -3.306964e+001 -4.000000e+000
      vertex  3.793683e+001 -3.301446e+001 -5.000000e+000
      vertex  3.796445e+001 -3.274916e+001 -5.000000e+000
    endloop
  endfacet
  facet normal  7.051551e-001 -4.953044e-002 -7.073210e-001
    outer loop
      vertex  3.896461e+001 -3.279050e+001 -4.000000e+000
      vertex  3.796445e+001 -3.274916e+001 -5.000000e+000
      vertex  3.898427e+001 -3.251070e+001 -4.000000e+000
    endloop
  endfacet
  facet normal  7.053886e-001 -5.236041e-002 -7.068843e-001
    outer loop
      vertex  3.898427e+001 -3.251070e+001 -4.000000e+000
      vertex  3.796445e+001 -3.274916e+001 -5.000000e+000
      vertex  3.798419e+001 -3.248317e+001 -5.000000e+000
    endloop
  endfacet
  facet normal  7.063575e-001 -2.973924e-002 -7.072303e-001
    outer loop
      vertex  3.898427e+001 -3.251070e+001 -4.000000e+000
      vertex  3.798419e+001 -3.248317e+001 -5.000000e+000
      vertex  3.899607e+001 -3.223046e+001 -4.000000e+000
    endloop
  endfacet
  facet normal  0.000000e+000 -7.071068e-001 -7.071068e-001
    outer loop
      vertex -2.900000e+001 -4.195000e+001 -4.000000e+000
      vertex -2.900000e+001 -4.095000e+001 -5.000000e+000
      vertex  2.900000e+001 -4.195000e+001 -4.000000e+000
    endloop
  endfacet
  facet normal  0.000000e+000 -7.071068e-001 -7.071068e-001
    outer loop
      vertex  2.900000e+001 -4.195000e+001 -4.000000e+000
      vertex -2.900000e+001 -4.095000e+001 -5.000000e+000
      vertex  2.900000e+001 -4.095000e+001 -5.000000e+000
    endloop
  endfacet
  facet normal -6.923699e-001 -1.076649e-001 -7.134649e-001
    outer loop
      vertex -3.796445e+001 -3.274916e+001 -5.000000e+000
      vertex -3.885871e+001 -3.362506e+001 -4.000000e+000
      vertex -3.890181e+001 -3.334790e+001 -4.000000e+000
    endloop
  endfacet
  facet normal -7.088438e-001 -3.153935e-002 -7.046600e-001
    outer loop
      vertex -3.799605e+001 -3.221670e+001 -5.000000e+000
      vertex -3.798419e+001 -3.248317e+001 -5.000000e+000
      vertex -3.896461e+001 -3.279050e+001 -4.000000e+000
    endloop
  endfacet
  facet normal -6.817886e-001 -1.657023e-001 -7.125356e-001
    outer loop
      vertex -3.785807e+001 -3.354201e+001 -5.000000e+000
      vertex -3.868304e+001 -3.444777e+001 -4.000000e+000
      vertex -3.874928e+001 -3.417521e+001 -4.000000e+000
    endloop
  endfacet
  facet normal -7.026231e-001 -9.425964e-002 -7.052913e-001
    outer loop
      vertex -3.793683e+001 -3.301446e+001 -5.000000e+000
      vertex -3.790136e+001 -3.327882e+001 -5.000000e+000
      vertex -3.885871e+001 -3.362506e+001 -4.000000e+000
    endloop
  endfacet
  facet normal -7.103196e-001 -7.394800e-002 -6.999842e-001
    outer loop
      vertex -3.885871e+001 -3.362506e+001 -4.000000e+000
      vertex -3.796445e+001 -3.274916e+001 -5.000000e+000
      vertex -3.793683e+001 -3.301446e+001 -5.000000e+000
    endloop
  endfacet
  facet normal -6.662793e-001 -2.226982e-001 -7.116721e-001
    outer loop
      vertex -3.768172e+001 -3.432228e+001 -5.000000e+000
      vertex -3.843884e+001 -3.525279e+001 -4.000000e+000
      vertex -3.852775e+001 -3.498677e+001 -4.000000e+000
    endloop
  endfacet
  facet normal -6.909404e-001 -1.561584e-001 -7.058441e-001
    outer loop
      vertex -3.780701e+001 -3.380381e+001 -5.000000e+000
      vertex -3.774821e+001 -3.406397e+001 -5.000000e+000
      vertex -3.868304e+001 -3.444777e+001 -4.000000e+000
    endloop
  endfacet
  facet normal -6.999097e-001 -1.365287e-001 -7.010608e-001
    outer loop
      vertex -3.868304e+001 -3.444777e+001 -4.000000e+000
      vertex -3.785807e+001 -3.354201e+001 -5.000000e+000
      vertex -3.780701e+001 -3.380381e+001 -5.000000e+000
    endloop
  endfacet
  facet normal -6.459418e-001 -2.782301e-001 -7.108778e-001
    outer loop
      vertex -3.743678e+001 -3.508381e+001 -5.000000e+000
      vertex -3.812783e+001 -3.603444e+001 -4.000000e+000
      vertex -3.823880e+001 -3.577683e+001 -4.000000e+000
    endloop
  endfacet
  facet normal -6.738949e-001 -2.167584e-001 -7.063155e-001
    outer loop
      vertex -3.760761e+001 -3.457851e+001 -5.000000e+000
      vertex -3.752594e+001 -3.483243e+001 -5.000000e+000
      vertex -3.843884e+001 -3.525279e+001 -4.000000e+000
    endloop
  endfacet
  facet normal -6.840864e-001 -1.978685e-001 -7.020498e-001
    outer loop
      vertex -3.843884e+001 -3.525279e+001 -4.000000e+000
      vertex -3.768172e+001 -3.432228e+001 -5.000000e+000
      vertex -3.760761e+001 -3.457851e+001 -5.000000e+000
    endloop
  endfacet
  facet normal -6.209186e-001 -3.318836e-001 -7.101503e-001
    outer loop
      vertex -3.712518e+001 -3.582059e+001 -5.000000e+000
      vertex -3.775224e+001 -3.678719e+001 -4.000000e+000
      vertex -3.788446e+001 -3.653982e+001 -4.000000e+000
    endloop
  endfacet
  facet normal -6.516283e-001 -2.755904e-001 -7.067040e-001
    outer loop
      vertex -3.734021e+001 -3.533245e+001 -5.000000e+000
      vertex -3.723631e+001 -3.557811e+001 -5.000000e+000
      vertex -3.812783e+001 -3.603444e+001 -4.000000e+000
    endloop
  endfacet
  facet normal -6.629862e-001 -2.575024e-001 -7.029522e-001
    outer loop
      vertex -3.812783e+001 -3.603444e+001 -4.000000e+000
      vertex -3.743678e+001 -3.508381e+001 -5.000000e+000
      vertex -3.734021e+001 -3.533245e+001 -5.000000e+000
    endloop
  endfacet
  facet normal -6.140028e-001 -3.506843e-001 -7.071218e-001
    outer loop
      vertex -3.688161e+001 -3.629513e+001 -5.000000e+000
      vertex -3.761312e+001 -3.703075e+001 -4.000000e+000
      vertex -3.775224e+001 -3.678719e+001 -4.000000e+000
    endloop
  endfacet
  facet normal -6.243148e-001 -3.322141e-001 -7.070112e-001
    outer loop
      vertex -3.700691e+001 -3.605966e+001 -5.000000e+000
      vertex -3.688161e+001 -3.629513e+001 -5.000000e+000
      vertex -3.775224e+001 -3.678719e+001 -4.000000e+000
    endloop
  endfacet
  facet normal -6.367710e-001 -3.150021e-001 -7.037730e-001
    outer loop
      vertex -3.775224e+001 -3.678719e+001 -4.000000e+000
      vertex -3.712518e+001 -3.582059e+001 -5.000000e+000
      vertex -3.700691e+001 -3.605966e+001 -5.000000e+000
    endloop
  endfacet
  facet normal -5.825165e-001 -4.011570e-001 -7.069283e-001
    outer loop
      vertex -3.715561e+001 -3.773671e+001 -4.000000e+000
      vertex -3.731470e+001 -3.750570e+001 -4.000000e+000
      vertex -3.646465e+001 -3.697782e+001 -5.000000e+000
    endloop
  endfacet
  facet normal -5.031162e-001 -4.891919e-001 -7.124363e-001
    outer loop
      vertex -3.581760e+001 -3.782540e+001 -5.000000e+000
      vertex -3.607107e+001 -3.902107e+001 -4.000000e+000
      vertex -3.626660e+001 -3.881997e+001 -4.000000e+000
    endloop
  endfacet
  facet normal -5.468308e-001 -4.487749e-001 -7.068077e-001
    outer loop
      vertex -3.664037e+001 -3.840172e+001 -4.000000e+000
      vertex -3.681831e+001 -3.818490e+001 -4.000000e+000
      vertex -3.598872e+001 -3.762079e+001 -5.000000e+000
    endloop
  endfacet
  facet normal -4.607841e-001 -5.304053e-001 -7.115815e-001
    outer loop
      vertex -3.526896e+001 -3.840757e+001 -5.000000e+000
      vertex -3.545172e+001 -3.959037e+001 -4.000000e+000
      vertex -3.566347e+001 -3.940642e+001 -4.000000e+000
    endloop
  endfacet
  facet normal -4.150419e-001 -5.679013e-001 -7.107942e-001
    outer loop
      vertex -3.467079e+001 -3.893871e+001 -5.000000e+000
      vertex -3.478671e+001 -4.010561e+001 -4.000000e+000
      vertex -3.501317e+001 -3.994011e+001 -4.000000e+000
    endloop
  endfacet
  facet normal -4.699956e-001 -5.292993e-001 -7.063614e-001
    outer loop
      vertex -3.507485e+001 -3.859050e+001 -5.000000e+000
      vertex -3.487540e+001 -3.876760e+001 -5.000000e+000
      vertex -3.545172e+001 -3.959037e+001 -4.000000e+000
    endloop
  endfacet
  facet normal -4.883391e-001 -5.181761e-001 -7.021527e-001
    outer loop
      vertex -3.545172e+001 -3.959037e+001 -4.000000e+000
      vertex -3.526896e+001 -3.840757e+001 -5.000000e+000
      vertex -3.507485e+001 -3.859050e+001 -5.000000e+000
    endloop
  endfacet
  facet normal -3.662230e-001 -6.013955e-001 -7.100734e-001
    outer loop
      vertex -3.402782e+001 -3.941465e+001 -5.000000e+000
      vertex -3.408075e+001 -4.056313e+001 -4.000000e+000
      vertex -3.432032e+001 -4.041724e+001 -4.000000e+000
    endloop
  endfacet
  facet normal -4.209133e-001 -5.686377e-001 -7.067412e-001
    outer loop
      vertex -3.446120e+001 -3.910369e+001 -5.000000e+000
      vertex -3.424681e+001 -3.926238e+001 -5.000000e+000
      vertex -3.478671e+001 -4.010561e+001 -4.000000e+000
    endloop
  endfacet
  facet normal -4.398533e-001 -5.587971e-001 -7.030469e-001
    outer loop
      vertex -3.478671e+001 -4.010561e+001 -4.000000e+000
      vertex -3.467079e+001 -3.893871e+001 -5.000000e+000
      vertex -3.446120e+001 -3.910369e+001 -5.000000e+000
    endloop
  endfacet
  facet normal -3.506903e-001 -6.140302e-001 -7.070949e-001
    outer loop
      vertex -3.357678e+001 -3.969939e+001 -5.000000e+000
      vertex -3.383719e+001 -4.070223e+001 -4.000000e+000
      vertex -3.408075e+001 -4.056313e+001 -4.000000e+000
    endloop
  endfacet
  facet normal -3.686121e-001 -6.035079e-001 -7.070385e-001
    outer loop
      vertex -3.380441e+001 -3.956036e+001 -5.000000e+000
      vertex -3.357678e+001 -3.969939e+001 -5.000000e+000
      vertex -3.408075e+001 -4.056313e+001 -4.000000e+000
    endloop
  endfacet
  facet normal -3.880565e-001 -5.949767e-001 -7.038571e-001
    outer loop
      vertex -3.408075e+001 -4.056313e+001 -4.000000e+000
      vertex -3.402782e+001 -3.941465e+001 -5.000000e+000
      vertex -3.380441e+001 -3.956036e+001 -5.000000e+000
    endloop
  endfacet
  facet normal -2.979137e-001 -6.415005e-001 -7.069119e-001
    outer loop
      vertex -3.308444e+001 -4.107783e+001 -4.000000e+000
      vertex -3.333884e+001 -4.095969e+001 -4.000000e+000
      vertex -3.287059e+001 -4.007518e+001 -5.000000e+000
    endloop
  endfacet
  facet normal -2.429865e-001 -6.643741e-001 -7.067989e-001
    outer loop
      vertex -3.230279e+001 -4.138883e+001 -4.000000e+000
      vertex -3.256622e+001 -4.129249e+001 -4.000000e+000
      vertex -3.213382e+001 -4.038678e+001 -5.000000e+000
    endloop
  endfacet
  facet normal -1.862915e-001 -6.824869e-001 -7.067581e-001
    outer loop
      vertex -3.149776e+001 -4.163303e+001 -4.000000e+000
      vertex -3.176835e+001 -4.155917e+001 -4.000000e+000
      vertex -3.137229e+001 -4.063172e+001 -5.000000e+000
    endloop
  endfacet
  facet normal -1.282675e-001 -6.956960e-001 -7.067918e-001
    outer loop
      vertex -3.067506e+001 -4.180871e+001 -4.000000e+000
      vertex -3.095090e+001 -4.175785e+001 -4.000000e+000
      vertex -3.059201e+001 -4.080807e+001 -5.000000e+000
    endloop
  endfacet
  facet normal -6.932868e-002 -7.039117e-001 -7.068960e-001
    outer loop
      vertex -2.984051e+001 -4.191462e+001 -4.000000e+000
      vertex -3.011964e+001 -4.188712e+001 -4.000000e+000
      vertex -2.979916e+001 -4.091445e+001 -5.000000e+000
    endloop
  endfacet
  facet normal -5.331419e-001 -4.734077e-001 -7.011740e-001
    outer loop
      vertex -3.607107e+001 -3.902107e+001 -4.000000e+000
      vertex -3.581760e+001 -3.782540e+001 -5.000000e+000
      vertex -3.564050e+001 -3.802485e+001 -5.000000e+000
    endloop
  endfacet
  facet normal -5.154774e-001 -4.857863e-001 -7.059001e-001
    outer loop
      vertex -3.607107e+001 -3.902107e+001 -4.000000e+000
      vertex -3.564050e+001 -3.802485e+001 -5.000000e+000
      vertex -3.545757e+001 -3.821896e+001 -5.000000e+000
    endloop
  endfacet
  facet normal -9.874133e-003 -7.041330e-001 -7.099994e-001
    outer loop
      vertex -2.900000e+001 -4.195000e+001 -4.000000e+000
      vertex -2.928046e+001 -4.194607e+001 -4.000000e+000
      vertex -2.953317e+001 -4.093419e+001 -5.000000e+000
    endloop
  endfacet
  facet normal -3.157084e-002 -7.095566e-001 -7.039408e-001
    outer loop
      vertex -2.900000e+001 -4.195000e+001 -4.000000e+000
      vertex -2.953317e+001 -4.093419e+001 -5.000000e+000
      vertex -2.926670e+001 -4.094605e+001 -5.000000e+000
    endloop
  endfacet
  facet normal -1.047748e-002 -7.070680e-001 -7.070680e-001
    outer loop
      vertex -2.900000e+001 -4.195000e+001 -4.000000e+000
      vertex -2.926670e+001 -4.094605e+001 -5.000000e+000
      vertex -2.900000e+001 -4.095000e+001 -5.000000e+000
    endloop
  endfacet
  facet normal -7.152197e-001 -1.059827e-002 -6.988194e-001
    outer loop
      vertex -3.800000e+001 -3.195000e+001 -5.000000e+000
      vertex -3.799605e+001 -3.221670e+001 -5.000000e+000
      vertex -3.896461e+001 -3.279050e+001 -4.000000e+000
    endloop
  endfacet
  facet normal -6.979542e-001 -4.902465e-002 -7.144624e-001
    outer loop
      vertex -3.800000e+001 -3.195000e+001 -5.000000e+000
      vertex -3.896461e+001 -3.279050e+001 -4.000000e+000
      vertex -3.898427e+001 -3.251070e+001 -4.000000e+000
    endloop
  endfacet
  facet normal -7.040185e-001 -2.964077e-002 -7.095628e-001
    outer loop
      vertex -3.800000e+001 -3.195000e+001 -5.000000e+000
      vertex -3.898427e+001 -3.251070e+001 -4.000000e+000
      vertex -3.899607e+001 -3.223046e+001 -4.000000e+000
    endloop
  endfacet
  facet normal -7.070720e-001 -9.915415e-003 -7.070720e-001
    outer loop
      vertex -3.800000e+001 -3.195000e+001 -5.000000e+000
      vertex -3.899607e+001 -3.223046e+001 -4.000000e+000
      vertex -3.900000e+001 -3.195000e+001 -4.000000e+000
    endloop
  endfacet
  facet normal -7.016551e-001 -6.910595e-002 -7.091577e-001
    outer loop
      vertex -3.896461e+001 -3.279050e+001 -4.000000e+000
      vertex -3.798419e+001 -3.248317e+001 -5.000000e+000
      vertex -3.893712e+001 -3.306964e+001 -4.000000e+000
    endloop
  endfacet
  facet normal -7.073807e-001 -5.250828e-002 -7.048796e-001
    outer loop
      vertex -3.893712e+001 -3.306964e+001 -4.000000e+000
      vertex -3.798419e+001 -3.248317e+001 -5.000000e+000
      vertex -3.796445e+001 -3.274916e+001 -5.000000e+000
    endloop
  endfacet
  facet normal -6.996300e-001 -8.878695e-002 -7.089674e-001
    outer loop
      vertex -3.893712e+001 -3.306964e+001 -4.000000e+000
      vertex -3.796445e+001 -3.274916e+001 -5.000000e+000
      vertex -3.890181e+001 -3.334790e+001 -4.000000e+000
    endloop
  endfacet
  facet normal -6.939071e-001 -1.279376e-001 -7.086077e-001
    outer loop
      vertex -3.885871e+001 -3.362506e+001 -4.000000e+000
      vertex -3.790136e+001 -3.327882e+001 -5.000000e+000
      vertex -3.880785e+001 -3.390090e+001 -4.000000e+000
    endloop
  endfacet
  facet normal -6.993265e-001 -1.150239e-001 -7.054870e-001
    outer loop
      vertex -3.880785e+001 -3.390090e+001 -4.000000e+000
      vertex -3.790136e+001 -3.327882e+001 -5.000000e+000
      vertex -3.785807e+001 -3.354201e+001 -5.000000e+000
    endloop
  endfacet
  facet normal -6.902090e-001 -1.473850e-001 -7.084414e-001
    outer loop
      vertex -3.880785e+001 -3.390090e+001 -4.000000e+000
      vertex -3.785807e+001 -3.354201e+001 -5.000000e+000
      vertex -3.874928e+001 -3.417521e+001 -4.000000e+000
    endloop
  endfacet
  facet normal -6.811591e-001 -1.859400e-001 -7.081303e-001
    outer loop
      vertex -3.868304e+001 -3.444777e+001 -4.000000e+000
      vertex -3.774821e+001 -3.406397e+001 -5.000000e+000
      vertex -3.860917e+001 -3.471835e+001 -4.000000e+000
    endloop
  endfacet
  facet normal -6.858487e-001 -1.765289e-001 -7.060093e-001
    outer loop
      vertex -3.860917e+001 -3.471835e+001 -4.000000e+000
      vertex -3.774821e+001 -3.406397e+001 -5.000000e+000
      vertex -3.768172e+001 -3.432228e+001 -5.000000e+000
    endloop
  endfacet
  facet normal -6.758187e-001 -2.050037e-001 -7.079849e-001
    outer loop
      vertex -3.860917e+001 -3.471835e+001 -4.000000e+000
      vertex -3.768172e+001 -3.432228e+001 -5.000000e+000
      vertex -3.852775e+001 -3.498677e+001 -4.000000e+000
    endloop
  endfacet
  facet normal -6.635057e-001 -2.426689e-001 -7.077231e-001
    outer loop
      vertex -3.843884e+001 -3.525279e+001 -4.000000e+000
      vertex -3.752594e+001 -3.483243e+001 -5.000000e+000
      vertex -3.834249e+001 -3.551622e+001 -4.000000e+000
    endloop
  endfacet
  facet normal -6.670450e-001 -2.365869e-001 -7.064542e-001
    outer loop
      vertex -3.834249e+001 -3.551622e+001 -4.000000e+000
      vertex -3.752594e+001 -3.483243e+001 -5.000000e+000
      vertex -3.743678e+001 -3.508381e+001 -5.000000e+000
    endloop
  endfacet
  facet normal -6.565487e-001 -2.612299e-001 -7.076035e-001
    outer loop
      vertex -3.834249e+001 -3.551622e+001 -4.000000e+000
      vertex -3.743678e+001 -3.508381e+001 -5.000000e+000
      vertex -3.823880e+001 -3.577683e+001 -4.000000e+000
    endloop
  endfacet
  facet normal -6.410661e-001 -2.977216e-001 -7.073869e-001
    outer loop
      vertex -3.812783e+001 -3.603444e+001 -4.000000e+000
      vertex -3.723631e+001 -3.557811e+001 -5.000000e+000
      vertex -3.800969e+001 -3.628884e+001 -4.000000e+000
    endloop
  endfacet
  facet normal -6.430770e-001 -2.947284e-001 -7.068147e-001
    outer loop
      vertex -3.800969e+001 -3.628884e+001 -4.000000e+000
      vertex -3.723631e+001 -3.557811e+001 -5.000000e+000
      vertex -3.712518e+001 -3.582059e+001 -5.000000e+000
    endloop
  endfacet
  facet normal -6.325510e-001 -3.156265e-001 -7.072900e-001
    outer loop
      vertex -3.800969e+001 -3.628884e+001 -4.000000e+000
      vertex -3.712518e+001 -3.582059e+001 -5.000000e+000
      vertex -3.788446e+001 -3.653982e+001 -4.000000e+000
    endloop
  endfacet
  facet normal -6.017181e-001 -3.664098e-001 -7.097035e-001
    outer loop
      vertex -3.761312e+001 -3.703075e+001 -4.000000e+000
      vertex -3.688161e+001 -3.629513e+001 -5.000000e+000
      vertex -3.746724e+001 -3.727032e+001 -4.000000e+000
    endloop
  endfacet
  facet normal -6.165663e-001 -3.519218e-001 -7.042705e-001
    outer loop
      vertex -3.746724e+001 -3.727032e+001 -4.000000e+000
      vertex -3.688161e+001 -3.629513e+001 -5.000000e+000
      vertex -3.674939e+001 -3.652678e+001 -5.000000e+000
    endloop
  endfacet
  facet normal -5.913807e-001 -3.832608e-001 -7.094929e-001
    outer loop
      vertex -3.746724e+001 -3.727032e+001 -4.000000e+000
      vertex -3.674939e+001 -3.652678e+001 -5.000000e+000
      vertex -3.731470e+001 -3.750570e+001 -4.000000e+000
    endloop
  endfacet
  facet normal -6.056620e-001 -3.699216e-001 -7.045080e-001
    outer loop
      vertex -3.731470e+001 -3.750570e+001 -4.000000e+000
      vertex -3.674939e+001 -3.652678e+001 -5.000000e+000
      vertex -3.661036e+001 -3.675441e+001 -5.000000e+000
    endloop
  endfacet
  facet normal -5.921622e-001 -3.862108e-001 -7.072377e-001
    outer loop
      vertex -3.731470e+001 -3.750570e+001 -4.000000e+000
      vertex -3.661036e+001 -3.675441e+001 -5.000000e+000
      vertex -3.646465e+001 -3.697782e+001 -5.000000e+000
    endloop
  endfacet
  facet normal -5.692827e-001 -4.160585e-001 -7.090927e-001
    outer loop
      vertex -3.715561e+001 -3.773671e+001 -4.000000e+000
      vertex -3.646465e+001 -3.697782e+001 -5.000000e+000
      vertex -3.699010e+001 -3.796317e+001 -4.000000e+000
    endloop
  endfacet
  facet normal -5.823225e-001 -4.049012e-001 -7.049507e-001
    outer loop
      vertex -3.699010e+001 -3.796317e+001 -4.000000e+000
      vertex -3.646465e+001 -3.697782e+001 -5.000000e+000
      vertex -3.631238e+001 -3.719682e+001 -5.000000e+000
    endloop
  endfacet
  facet normal -5.575435e-001 -4.319727e-001 -7.089040e-001
    outer loop
      vertex -3.699010e+001 -3.796317e+001 -4.000000e+000
      vertex -3.631238e+001 -3.719682e+001 -5.000000e+000
      vertex -3.681831e+001 -3.818490e+001 -4.000000e+000
    endloop
  endfacet
  facet normal -5.699059e-001 -4.218521e-001 -7.051583e-001
    outer loop
      vertex -3.681831e+001 -3.818490e+001 -4.000000e+000
      vertex -3.631238e+001 -3.719682e+001 -5.000000e+000
      vertex -3.615369e+001 -3.741120e+001 -5.000000e+000
    endloop
  endfacet
  facet normal -5.554079e-001 -4.371833e-001 -7.073843e-001
    outer loop
      vertex -3.681831e+001 -3.818490e+001 -4.000000e+000
      vertex -3.615369e+001 -3.741120e+001 -5.000000e+000
      vertex -3.598872e+001 -3.762079e+001 -5.000000e+000
    endloop
  endfacet
  facet normal -5.327124e-001 -4.627884e-001 -7.085509e-001
    outer loop
      vertex -3.664037e+001 -3.840172e+001 -4.000000e+000
      vertex -3.598872e+001 -3.762079e+001 -5.000000e+000
      vertex -3.645642e+001 -3.861346e+001 -4.000000e+000
    endloop
  endfacet
  facet normal -5.436132e-001 -4.546275e-001 -7.055483e-001
    outer loop
      vertex -3.645642e+001 -3.861346e+001 -4.000000e+000
      vertex -3.598872e+001 -3.762079e+001 -5.000000e+000
      vertex -3.581760e+001 -3.782540e+001 -5.000000e+000
    endloop
  endfacet
  facet normal -5.196452e-001 -4.776581e-001 -7.083866e-001
    outer loop
      vertex -3.645642e+001 -3.861346e+001 -4.000000e+000
      vertex -3.581760e+001 -3.782540e+001 -5.000000e+000
      vertex -3.626660e+001 -3.881997e+001 -4.000000e+000
    endloop
  endfacet
  facet normal -4.922554e-001 -5.062668e-001 -7.080810e-001
    outer loop
      vertex -3.607107e+001 -3.902107e+001 -4.000000e+000
      vertex -3.545757e+001 -3.821896e+001 -5.000000e+000
      vertex -3.586997e+001 -3.921660e+001 -4.000000e+000
    endloop
  endfacet
  facet normal -5.007374e-001 -5.007374e-001 -7.060625e-001
    outer loop
      vertex -3.586997e+001 -3.921660e+001 -4.000000e+000
      vertex -3.545757e+001 -3.821896e+001 -5.000000e+000
      vertex -3.526896e+001 -3.840757e+001 -5.000000e+000
    endloop
  endfacet
  facet normal -4.779670e-001 -5.199716e-001 -7.079386e-001
    outer loop
      vertex -3.586997e+001 -3.921660e+001 -4.000000e+000
      vertex -3.526896e+001 -3.840757e+001 -5.000000e+000
      vertex -3.566347e+001 -3.940642e+001 -4.000000e+000
    endloop
  endfacet
  facet normal -4.482159e-001 -5.461593e-001 -7.076811e-001
    outer loop
      vertex -3.545172e+001 -3.959037e+001 -4.000000e+000
      vertex -3.487540e+001 -3.876760e+001 -5.000000e+000
      vertex -3.523490e+001 -3.976831e+001 -4.000000e+000
    endloop
  endfacet
  facet normal -4.540149e-001 -5.428928e-001 -7.064970e-001
    outer loop
      vertex -3.523490e+001 -3.976831e+001 -4.000000e+000
      vertex -3.487540e+001 -3.876760e+001 -5.000000e+000
      vertex -3.467079e+001 -3.893871e+001 -5.000000e+000
    endloop
  endfacet
  facet normal -4.328009e-001 -5.586029e-001 -7.075634e-001
    outer loop
      vertex -3.523490e+001 -3.976831e+001 -4.000000e+000
      vertex -3.467079e+001 -3.893871e+001 -5.000000e+000
      vertex -3.501317e+001 -3.994011e+001 -4.000000e+000
    endloop
  endfacet
  facet normal -4.009162e-001 -5.821668e-001 -7.073528e-001
    outer loop
      vertex -3.478671e+001 -4.010561e+001 -4.000000e+000
      vertex -3.424681e+001 -3.926238e+001 -5.000000e+000
      vertex -3.455570e+001 -4.026470e+001 -4.000000e+000
    endloop
  endfacet
  facet normal -4.038135e-001 -5.807728e-001 -7.068504e-001
    outer loop
      vertex -3.455570e+001 -4.026470e+001 -4.000000e+000
      vertex -3.424681e+001 -3.926238e+001 -5.000000e+000
      vertex -3.402782e+001 -3.941465e+001 -5.000000e+000
    endloop
  endfacet
  facet normal -3.844726e-001 -5.932654e-001 -7.072601e-001
    outer loop
      vertex -3.455570e+001 -4.026470e+001 -4.000000e+000
      vertex -3.402782e+001 -3.941465e+001 -5.000000e+000
      vertex -3.432032e+001 -4.041724e+001 -4.000000e+000
    endloop
  endfacet
  facet normal -3.321379e-001 -6.213763e-001 -7.096308e-001
    outer loop
      vertex -3.383719e+001 -4.070223e+001 -4.000000e+000
      vertex -3.357678e+001 -3.969939e+001 -5.000000e+000
      vertex -3.358982e+001 -4.083446e+001 -4.000000e+000
    endloop
  endfacet
  facet normal -3.518825e-001 -6.164975e-001 -7.043504e-001
    outer loop
      vertex -3.358982e+001 -4.083446e+001 -4.000000e+000
      vertex -3.357678e+001 -3.969939e+001 -5.000000e+000
      vertex -3.334513e+001 -3.983162e+001 -5.000000e+000
    endloop
  endfacet
  facet normal -3.146707e-001 -6.306354e-001 -7.094232e-001
    outer loop
      vertex -3.358982e+001 -4.083446e+001 -4.000000e+000
      vertex -3.334513e+001 -3.983162e+001 -5.000000e+000
      vertex -3.333884e+001 -4.095969e+001 -4.000000e+000
    endloop
  endfacet
  facet normal -3.333501e-001 -6.264498e-001 -7.045839e-001
    outer loop
      vertex -3.333884e+001 -4.095969e+001 -4.000000e+000
      vertex -3.334513e+001 -3.983162e+001 -5.000000e+000
      vertex -3.310966e+001 -3.995691e+001 -5.000000e+000
    endloop
  endfacet
  facet normal -3.134595e-001 -6.336627e-001 -7.072585e-001
    outer loop
      vertex -3.333884e+001 -4.095969e+001 -4.000000e+000
      vertex -3.310966e+001 -3.995691e+001 -5.000000e+000
      vertex -3.287059e+001 -4.007518e+001 -5.000000e+000
    endloop
  endfacet
  facet normal -2.789794e-001 -6.476495e-001 -7.090279e-001
    outer loop
      vertex -3.308444e+001 -4.107783e+001 -4.000000e+000
      vertex -3.287059e+001 -4.007518e+001 -5.000000e+000
      vertex -3.282684e+001 -4.118880e+001 -4.000000e+000
    endloop
  endfacet
  facet normal -2.954769e-001 -6.446999e-001 -7.050214e-001
    outer loop
      vertex -3.282684e+001 -4.118880e+001 -4.000000e+000
      vertex -3.287059e+001 -4.007518e+001 -5.000000e+000
      vertex -3.262811e+001 -4.018631e+001 -5.000000e+000
    endloop
  endfacet
  facet normal -2.607579e-001 -6.553962e-001 -7.088449e-001
    outer loop
      vertex -3.282684e+001 -4.118880e+001 -4.000000e+000
      vertex -3.262811e+001 -4.018631e+001 -5.000000e+000
      vertex -3.256622e+001 -4.129249e+001 -4.000000e+000
    endloop
  endfacet
  facet normal -2.761647e-001 -6.529860e-001 -7.052251e-001
    outer loop
      vertex -3.256622e+001 -4.129249e+001 -4.000000e+000
      vertex -3.262811e+001 -4.018631e+001 -5.000000e+000
      vertex -3.238245e+001 -4.029021e+001 -5.000000e+000
    endloop
  endfacet
  facet normal -2.559024e-001 -6.588667e-001 -7.073957e-001
    outer loop
      vertex -3.256622e+001 -4.129249e+001 -4.000000e+000
      vertex -3.238245e+001 -4.029021e+001 -5.000000e+000
      vertex -3.213382e+001 -4.038678e+001 -5.000000e+000
    endloop
  endfacet
  facet normal -2.237225e-001 -6.693152e-001 -7.084951e-001
    outer loop
      vertex -3.230279e+001 -4.138883e+001 -4.000000e+000
      vertex -3.213382e+001 -4.038678e+001 -5.000000e+000
      vertex -3.203677e+001 -4.147775e+001 -4.000000e+000
    endloop
  endfacet
  facet normal -2.368669e-001 -6.678394e-001 -7.056094e-001
    outer loop
      vertex -3.203677e+001 -4.147775e+001 -4.000000e+000
      vertex -3.213382e+001 -4.038678e+001 -5.000000e+000
      vertex -3.188243e+001 -4.047594e+001 -5.000000e+000
    endloop
  endfacet
  facet normal -2.049034e-001 -6.754833e-001 -7.083340e-001
    outer loop
      vertex -3.203677e+001 -4.147775e+001 -4.000000e+000
      vertex -3.188243e+001 -4.047594e+001 -5.000000e+000
      vertex -3.176835e+001 -4.155917e+001 -4.000000e+000
    endloop
  endfacet
  facet normal -2.169199e-001 -6.743969e-001 -7.057864e-001
    outer loop
      vertex -3.176835e+001 -4.155917e+001 -4.000000e+000
      vertex -3.188243e+001 -4.047594e+001 -5.000000e+000
      vertex -3.162851e+001 -4.055761e+001 -5.000000e+000
    endloop
  endfacet
  facet normal -1.963770e-001 -6.789297e-001 -7.074535e-001
    outer loop
      vertex -3.176835e+001 -4.155917e+001 -4.000000e+000
      vertex -3.162851e+001 -4.055761e+001 -5.000000e+000
      vertex -3.137229e+001 -4.063172e+001 -5.000000e+000
    endloop
  endfacet
  facet normal -1.667858e-001 -6.862026e-001 -7.080312e-001
    outer loop
      vertex -3.149776e+001 -4.163303e+001 -4.000000e+000
      vertex -3.137229e+001 -4.063172e+001 -5.000000e+000
      vertex -3.122521e+001 -4.169928e+001 -4.000000e+000
    endloop
  endfacet
  facet normal -1.765039e-001 -6.857464e-001 -7.061148e-001
    outer loop
      vertex -3.122521e+001 -4.169928e+001 -4.000000e+000
      vertex -3.137229e+001 -4.063172e+001 -5.000000e+000
      vertex -3.111398e+001 -4.069821e+001 -5.000000e+000
    endloop
  endfacet
  facet normal -1.474997e-001 -6.907462e-001 -7.078937e-001
    outer loop
      vertex -3.122521e+001 -4.169928e+001 -4.000000e+000
      vertex -3.111398e+001 -4.069821e+001 -5.000000e+000
      vertex -3.095090e+001 -4.175785e+001 -4.000000e+000
    endloop
  endfacet
  facet normal -1.560643e-001 -6.905292e-001 -7.062672e-001
    outer loop
      vertex -3.095090e+001 -4.175785e+001 -4.000000e+000
      vertex -3.111398e+001 -4.069821e+001 -5.000000e+000
      vertex -3.085381e+001 -4.075701e+001 -5.000000e+000
    endloop
  endfacet
  facet normal -1.353186e-001 -6.937062e-001 -7.074324e-001
    outer loop
      vertex -3.095090e+001 -4.175785e+001 -4.000000e+000
      vertex -3.085381e+001 -4.075701e+001 -5.000000e+000
      vertex -3.059201e+001 -4.080807e+001 -5.000000e+000
    endloop
  endfacet
  facet normal -1.085677e-001 -6.981805e-001 -7.076418e-001
    outer loop
      vertex -3.067506e+001 -4.180871e+001 -4.000000e+000
      vertex -3.059201e+001 -4.080807e+001 -5.000000e+000
      vertex -3.039790e+001 -4.185181e+001 -4.000000e+000
    endloop
  endfacet
  facet normal -1.148428e-001 -6.982921e-001 -7.065403e-001
    outer loop
      vertex -3.039790e+001 -4.185181e+001 -4.000000e+000
      vertex -3.059201e+001 -4.080807e+001 -5.000000e+000
      vertex -3.032882e+001 -4.085136e+001 -5.000000e+000
    endloop
  endfacet
  facet normal -8.896898e-002 -7.010643e-001 -7.075263e-001
    outer loop
      vertex -3.039790e+001 -4.185181e+001 -4.000000e+000
      vertex -3.032882e+001 -4.085136e+001 -5.000000e+000
      vertex -3.011964e+001 -4.188712e+001 -4.000000e+000
    endloop
  endfacet
  facet normal -9.408832e-002 -7.012656e-001 -7.066639e-001
    outer loop
      vertex -3.011964e+001 -4.188712e+001 -4.000000e+000
      vertex -3.032882e+001 -4.085136e+001 -5.000000e+000
      vertex -3.006446e+001 -4.088683e+001 -5.000000e+000
    endloop
  endfacet
  facet normal -7.319421e-002 -7.030841e-001 -7.073298e-001
    outer loop
      vertex -3.011964e+001 -4.188712e+001 -4.000000e+000
      vertex -3.006446e+001 -4.088683e+001 -5.000000e+000
      vertex -2.979916e+001 -4.091445e+001 -5.000000e+000
    endloop
  endfacet
  facet normal -4.953044e-002 -7.051550e-001 -7.073210e-001
    outer loop
      vertex -2.984051e+001 -4.191462e+001 -4.000000e+000
      vertex -2.979916e+001 -4.091445e+001 -5.000000e+000
      vertex -2.956071e+001 -4.193427e+001 -4.000000e+000
    endloop
  endfacet
  facet normal -5.236078e-002 -7.053885e-001 -7.068843e-001
    outer loop
      vertex -2.956071e+001 -4.193427e+001 -4.000000e+000
      vertex -2.979916e+001 -4.091445e+001 -5.000000e+000
      vertex -2.953317e+001 -4.093419e+001 -5.000000e+000
    endloop
  endfacet
  facet normal -2.973924e-002 -7.063575e-001 -7.072303e-001
    outer loop
      vertex -2.956071e+001 -4.193427e+001 -4.000000e+000
      vertex -2.953317e+001 -4.093419e+001 -5.000000e+000
      vertex -2.928046e+001 -4.194607e+001 -4.000000e+000
    endloop
  endfacet
  facet normal -7.071068e-001  0.000000e+000 -7.071068e-001
    outer loop
      vertex -3.900000e+001  6.244998e+000 -4.000000e+000
      vertex -3.800000e+001  6.244998e+000 -5.000000e+000
      vertex -3.900000e+001 -3.195000e+001 -4.000000e+000
    endloop
  endfacet
  facet normal -7.071068e-001  0.000000e+000 -7.071068e-001
    outer loop
      vertex -3.900000e+001 -3.195000e+001 -4.000000e+000
      vertex -3.800000e+001  6.244998e+000 -5.000000e+000
      vertex -3.800000e+001 -3.195000e+001 -5.000000e+000
    endloop
  endfacet
  facet normal -6.862122e-001  1.594044e-001 -7.097203e-001
    outer loop
      vertex -3.737106e+001  1.109312e+001 -5.000000e+000
      vertex -3.852524e+001  1.057685e+001 -4.000000e+000
      vertex -3.843542e+001  1.096350e+001 -4.000000e+000
    endloop
  endfacet
  facet normal -6.780427e-001  2.007055e-001 -7.070894e-001
    outer loop
      vertex -3.727122e+001  1.145677e+001 -5.000000e+000
      vertex -3.823286e+001  1.173107e+001 -4.000000e+000
      vertex -3.716419e+001  1.181835e+001 -5.000000e+000
    endloop
  endfacet
  facet normal -6.944813e-001  1.182820e-001 -7.097219e-001
    outer loop
      vertex -3.762700e+001  9.991319e+000 -5.000000e+000
      vertex -3.874842e+001  9.407275e+000 -4.000000e+000
      vertex -3.868177e+001  9.798584e+000 -4.000000e+000
    endloop
  endfacet
  facet normal -6.887844e-001  1.600038e-001 -7.070891e-001
    outer loop
      vertex -3.754898e+001  1.036026e+001 -5.000000e+000
      vertex -3.852524e+001  1.057685e+001 -4.000000e+000
      vertex -3.746365e+001  1.072757e+001 -5.000000e+000
    endloop
  endfacet
  facet normal -6.881787e-001  1.743230e-001 -7.042879e-001
    outer loop
      vertex -3.852524e+001  1.057685e+001 -4.000000e+000
      vertex -3.737106e+001  1.109312e+001 -5.000000e+000
      vertex -3.746365e+001  1.072757e+001 -5.000000e+000
    endloop
  endfacet
  facet normal -7.027851e-001  4.890117e-002 -7.097195e-001
    outer loop
      vertex -3.790652e+001  8.127419e+000 -5.000000e+000
      vertex -3.896456e+001  7.435146e+000 -4.000000e+000
      vertex -3.893700e+001  7.831133e+000 -4.000000e+000
    endloop
  endfacet
  facet normal -7.012469e-001  9.097473e-002 -7.070901e-001
    outer loop
      vertex -3.786544e+001  8.502272e+000 -5.000000e+000
      vertex -3.885836e+001  8.621076e+000 -4.000000e+000
      vertex -3.781692e+001  8.876235e+000 -5.000000e+000
    endloop
  endfacet
  facet normal -7.020628e-001  1.052802e-001 -7.042897e-001
    outer loop
      vertex -3.885836e+001  8.621076e+000 -4.000000e+000
      vertex -3.776100e+001  9.249162e+000 -5.000000e+000
      vertex -3.781692e+001  8.876235e+000 -5.000000e+000
    endloop
  endfacet
  facet normal -7.054182e-001  4.907835e-002 -7.070901e-001
    outer loop
      vertex -3.796633e+001  7.375638e+000 -5.000000e+000
      vertex -3.896456e+001  7.435146e+000 -4.000000e+000
      vertex -3.794016e+001  7.751826e+000 -5.000000e+000
    endloop
  endfacet
  facet normal -7.070850e-001  6.331904e-002 -7.042879e-001
    outer loop
      vertex -3.896456e+001  7.435146e+000 -4.000000e+000
      vertex -3.790652e+001  8.127419e+000 -5.000000e+000
      vertex -3.794016e+001  7.751826e+000 -5.000000e+000
    endloop
  endfacet
  facet normal -6.973336e-001  1.330655e-001 -7.042864e-001
    outer loop
      vertex -3.874842e+001  9.407275e+000 -4.000000e+000
      vertex -3.762700e+001  9.991319e+000 -5.000000e+000
      vertex -3.769768e+001  9.620905e+000 -5.000000e+000
    endloop
  endfacet
  facet normal -6.970860e-001  1.187296e-001 -7.070888e-001
    outer loop
      vertex -3.874842e+001  9.407275e+000 -4.000000e+000
      vertex -3.769768e+001  9.620905e+000 -5.000000e+000
      vertex -3.776100e+001  9.249162e+000 -5.000000e+000
    endloop
  endfacet
  facet normal -6.993043e-001  1.048762e-001 -7.070888e-001
    outer loop
      vertex -3.880729e+001  9.014721e+000 -4.000000e+000
      vertex -3.874842e+001  9.407275e+000 -4.000000e+000
      vertex -3.776100e+001  9.249162e+000 -5.000000e+000
    endloop
  endfacet
  facet normal -6.986285e-001  9.063263e-002 -7.097210e-001
    outer loop
      vertex -3.776100e+001  9.249162e+000 -5.000000e+000
      vertex -3.885836e+001  8.621076e+000 -4.000000e+000
      vertex -3.880729e+001  9.014721e+000 -4.000000e+000
    endloop
  endfacet
  facet normal -7.044488e-001  6.993618e-003 -7.097203e-001
    outer loop
      vertex -3.900000e+001  6.244998e+000 -4.000000e+000
      vertex -3.899606e+001  6.641922e+000 -4.000000e+000
      vertex -3.798503e+001  6.999006e+000 -5.000000e+000
    endloop
  endfacet
  facet normal -7.096009e-001  2.113509e-002 -7.042868e-001
    outer loop
      vertex -3.900000e+001  6.244998e+000 -4.000000e+000
      vertex -3.798503e+001  6.999006e+000 -5.000000e+000
      vertex -3.799626e+001  6.622076e+000 -5.000000e+000
    endloop
  endfacet
  facet normal -7.070894e-001  7.017334e-003 -7.070894e-001
    outer loop
      vertex -3.900000e+001  6.244998e+000 -4.000000e+000
      vertex -3.799626e+001  6.622076e+000 -5.000000e+000
      vertex -3.800000e+001  6.244998e+000 -5.000000e+000
    endloop
  endfacet
  facet normal -6.765854e-001  2.149699e-001 -7.042870e-001
    outer loop
      vertex -3.705000e+001  1.217775e+001 -5.000000e+000
      vertex -3.716419e+001  1.181835e+001 -5.000000e+000
      vertex -3.823286e+001  1.173107e+001 -4.000000e+000
    endloop
  endfacet
  facet normal -6.755100e-001  1.999578e-001 -7.097204e-001
    outer loop
      vertex -3.705000e+001  1.217775e+001 -5.000000e+000
      vertex -3.823286e+001  1.173107e+001 -4.000000e+000
      vertex -3.812020e+001  1.211169e+001 -4.000000e+000
    endloop
  endfacet
  facet normal -6.739259e-001  2.141218e-001 -7.070895e-001
    outer loop
      vertex -3.705000e+001  1.217775e+001 -5.000000e+000
      vertex -3.812020e+001  1.211169e+001 -4.000000e+000
      vertex -3.800000e+001  1.249000e+001 -4.000000e+000
    endloop
  endfacet
  facet normal -6.818936e-001  1.872050e-001 -7.070894e-001
    outer loop
      vertex -3.823286e+001  1.173107e+001 -4.000000e+000
      vertex -3.727122e+001  1.145677e+001 -5.000000e+000
      vertex -3.833795e+001  1.134829e+001 -4.000000e+000
    endloop
  endfacet
  facet normal -6.818935e-001  1.872075e-001 -7.070889e-001
    outer loop
      vertex -3.833795e+001  1.134829e+001 -4.000000e+000
      vertex -3.727122e+001  1.145677e+001 -5.000000e+000
      vertex -3.737106e+001  1.109312e+001 -5.000000e+000
    endloop
  endfacet
  facet normal -6.854737e-001  1.736407e-001 -7.070889e-001
    outer loop
      vertex -3.833795e+001  1.134829e+001 -4.000000e+000
      vertex -3.737106e+001  1.109312e+001 -5.000000e+000
      vertex -3.843542e+001  1.096350e+001 -4.000000e+000
    endloop
  endfacet
  facet normal -6.918243e-001  1.463017e-001 -7.070890e-001
    outer loop
      vertex -3.852524e+001  1.057685e+001 -4.000000e+000
      vertex -3.754898e+001  1.036026e+001 -5.000000e+000
      vertex -3.860737e+001  1.018849e+001 -4.000000e+000
    endloop
  endfacet
  facet normal -6.918243e-001  1.462982e-001 -7.070897e-001
    outer loop
      vertex -3.860737e+001  1.018849e+001 -4.000000e+000
      vertex -3.754898e+001  1.036026e+001 -5.000000e+000
      vertex -3.762700e+001  9.991319e+000 -5.000000e+000
    endloop
  endfacet
  facet normal -6.945913e-001  1.325409e-001 -7.070898e-001
    outer loop
      vertex -3.860737e+001  1.018849e+001 -4.000000e+000
      vertex -3.762700e+001  9.991319e+000 -5.000000e+000
      vertex -3.868177e+001  9.798584e+000 -4.000000e+000
    endloop
  endfacet
  facet normal -7.029147e-001  7.703473e-002 -7.070901e-001
    outer loop
      vertex -3.885836e+001  8.621076e+000 -4.000000e+000
      vertex -3.786544e+001  8.502272e+000 -5.000000e+000
      vertex -3.890160e+001  8.226495e+000 -4.000000e+000
    endloop
  endfacet
  facet normal -7.029153e-001  7.704043e-002 -7.070891e-001
    outer loop
      vertex -3.890160e+001  8.226495e+000 -4.000000e+000
      vertex -3.786544e+001  8.502272e+000 -5.000000e+000
      vertex -3.790652e+001  8.127419e+000 -5.000000e+000
    endloop
  endfacet
  facet normal -7.043062e-001  6.306981e-002 -7.070890e-001
    outer loop
      vertex -3.890160e+001  8.226495e+000 -4.000000e+000
      vertex -3.790652e+001  8.127419e+000 -5.000000e+000
      vertex -3.893700e+001  7.831133e+000 -4.000000e+000
    endloop
  endfacet
  facet normal -7.062531e-001  3.507197e-002 -7.070901e-001
    outer loop
      vertex -3.896456e+001  7.435146e+000 -4.000000e+000
      vertex -3.796633e+001  7.375638e+000 -5.000000e+000
      vertex -3.898425e+001  7.038691e+000 -4.000000e+000
    endloop
  endfacet
  facet normal -7.062532e-001  3.507231e-002 -7.070900e-001
    outer loop
      vertex -3.898425e+001  7.038691e+000 -4.000000e+000
      vertex -3.796633e+001  7.375638e+000 -5.000000e+000
      vertex -3.798503e+001  6.999006e+000 -5.000000e+000
    endloop
  endfacet
  facet normal -7.068102e-001  2.104589e-002 -7.070900e-001
    outer loop
      vertex -3.898425e+001  7.038691e+000 -4.000000e+000
      vertex -3.798503e+001  6.999006e+000 -5.000000e+000
      vertex -3.899606e+001  6.641922e+000 -4.000000e+000
    endloop
  endfacet
  facet normal  6.601081e-001  2.536402e-001 -7.070531e-001
    outer loop
      vertex  3.723661e+001  1.460942e+001 -4.000000e+000
      vertex  3.743863e+001  1.408364e+001 -4.000000e+000
      vertex  3.649607e+001  1.374907e+001 -5.000000e+000
    endloop
  endfacet
  facet normal  6.634312e-001  2.445518e-001 -7.071445e-001
    outer loop
      vertex  3.649607e+001  1.374907e+001 -5.000000e+000
      vertex  3.743863e+001  1.408364e+001 -4.000000e+000
      vertex  3.668816e+001  1.322795e+001 -5.000000e+000
    endloop
  endfacet
  facet normal  6.694638e-001  2.360046e-001 -7.043580e-001
    outer loop
      vertex  3.687282e+001  1.270413e+001 -5.000000e+000
      vertex  3.668816e+001  1.322795e+001 -5.000000e+000
      vertex  3.743863e+001  1.408364e+001 -4.000000e+000
    endloop
  endfacet
  facet normal  6.488459e-001  2.813059e-001 -7.070119e-001
    outer loop
      vertex  3.658641e+001  1.616893e+001 -4.000000e+000
      vertex  3.681046e+001  1.565216e+001 -4.000000e+000
      vertex  3.587553e+001  1.529531e+001 -5.000000e+000
    endloop
  endfacet
  facet normal  6.364245e-001  3.084719e-001 -7.069716e-001
    outer loop
      vertex  3.587094e+001  1.769960e+001 -4.000000e+000
      vertex  3.611660e+001  1.719275e+001 -4.000000e+000
      vertex  3.518951e+001  1.681363e+001 -5.000000e+000
    endloop
  endfacet
  facet normal  6.228589e-001  3.350917e-001 -7.069373e-001
    outer loop
      vertex  3.509146e+001  1.919869e+001 -4.000000e+000
      vertex  3.535831e+001  1.870267e+001 -4.000000e+000
      vertex  3.443927e+001  1.830127e+001 -5.000000e+000
    endloop
  endfacet
  facet normal  6.081802e-001  3.611137e-001 -7.069044e-001
    outer loop
      vertex  3.424936e+001  2.066352e+001 -4.000000e+000
      vertex  3.453693e+001  2.017921e+001 -4.000000e+000
      vertex  3.362618e+001  1.975550e+001 -5.000000e+000
    endloop
  endfacet
  facet normal  5.924128e-001  3.864912e-001 -7.068746e-001
    outer loop
      vertex  3.334616e+001  2.209148e+001 -4.000000e+000
      vertex  3.365392e+001  2.161975e+001 -4.000000e+000
      vertex  3.275172e+001  2.117368e+001 -5.000000e+000
    endloop
  endfacet
  facet normal  5.755814e-001  4.111816e-001 -7.068492e-001
    outer loop
      vertex  3.238346e+001  2.348003e+001 -4.000000e+000
      vertex  3.271087e+001  2.302171e+001 -4.000000e+000
      vertex  3.181749e+001  2.255322e+001 -5.000000e+000
    endloop
  endfacet
  facet normal  5.338105e-001  4.540163e-001 -7.133831e-001
    outer loop
      vertex  3.048182e+001  2.432814e+001 -5.000000e+000
      vertex  3.028653e+001  2.612903e+001 -4.000000e+000
      vertex  3.065145e+001  2.569998e+001 -4.000000e+000
    endloop
  endfacet
  facet normal  5.577199e-001  4.351372e-001 -7.068268e-001
    outer loop
      vertex  3.136297e+001  2.482668e+001 -4.000000e+000
      vertex  3.170945e+001  2.438260e+001 -4.000000e+000
      vertex  3.082518e+001  2.389159e+001 -5.000000e+000
    endloop
  endfacet
  facet normal  5.143090e-001  4.762934e-001 -7.131834e-001
    outer loop
      vertex  2.941493e+001  2.560785e+001 -5.000000e+000
      vertex  2.915605e+001  2.738476e+001 -4.000000e+000
      vertex  2.953876e+001  2.697150e+001 -4.000000e+000
    endloop
  endfacet
  facet normal  5.443980e-001  4.538641e-001 -7.054349e-001
    outer loop
      vertex  3.013228e+001  2.475976e+001 -5.000000e+000
      vertex  2.977662e+001  2.518636e+001 -5.000000e+000
      vertex  3.028653e+001  2.612903e+001 -4.000000e+000
    endloop
  endfacet
  facet normal  5.545846e-001  4.491245e-001 -7.005163e-001
    outer loop
      vertex  3.028653e+001  2.612903e+001 -4.000000e+000
      vertex  3.048182e+001  2.432814e+001 -5.000000e+000
      vertex  3.013228e+001  2.475976e+001 -5.000000e+000
    endloop
  endfacet
  facet normal  4.938766e-001  4.977303e-001 -7.129870e-001
    outer loop
      vertex  2.829435e+001  2.684082e+001 -5.000000e+000
      vertex  2.797354e+001  2.859163e+001 -4.000000e+000
      vertex  2.837336e+001  2.819490e+001 -4.000000e+000
    endloop
  endfacet
  facet normal  5.244322e-001  4.766255e-001 -7.055486e-001
    outer loop
      vertex  2.904727e+001  2.602415e+001 -5.000000e+000
      vertex  2.867372e+001  2.643517e+001 -5.000000e+000
      vertex  2.915605e+001  2.738476e+001 -4.000000e+000
    endloop
  endfacet
  facet normal  5.347350e-001  4.722624e-001 -7.007329e-001
    outer loop
      vertex  2.915605e+001  2.738476e+001 -4.000000e+000
      vertex  2.941493e+001  2.560785e+001 -5.000000e+000
      vertex  2.904727e+001  2.602415e+001 -5.000000e+000
    endloop
  endfacet
  facet normal  4.725487e-001  5.182883e-001 -7.127938e-001
    outer loop
      vertex  2.712213e+001  2.802481e+001 -5.000000e+000
      vertex  2.674112e+001  2.974748e+001 -4.000000e+000
      vertex  2.715734e+001  2.936799e+001 -4.000000e+000
    endloop
  endfacet
  facet normal  5.035180e-001  4.985128e-001 -7.056590e-001
    outer loop
      vertex  2.790925e+001  2.724104e+001 -5.000000e+000
      vertex  2.751848e+001  2.763573e+001 -5.000000e+000
      vertex  2.797354e+001  2.859163e+001 -4.000000e+000
    endloop
  endfacet
  facet normal  5.139289e-001  4.945256e-001 -7.009432e-001
    outer loop
      vertex  2.797354e+001  2.859163e+001 -4.000000e+000
      vertex  2.829435e+001  2.684082e+001 -5.000000e+000
      vertex  2.790925e+001  2.724104e+001 -5.000000e+000
    endloop
  endfacet
  facet normal  4.692335e-001  5.294365e-001 -7.067652e-001
    outer loop
      vertex  2.631960e+001  3.012107e+001 -4.000000e+000
      vertex  2.674112e+001  2.974748e+001 -4.000000e+000
      vertex  2.590042e+001  2.915765e+001 -5.000000e+000
    endloop
  endfacet
  facet normal  4.731231e-001  5.250470e-001 -7.074462e-001
    outer loop
      vertex  2.590042e+001  2.915765e+001 -5.000000e+000
      vertex  2.674112e+001  2.974748e+001 -4.000000e+000
      vertex  2.631302e+001  2.878585e+001 -5.000000e+000
    endloop
  endfacet
  facet normal  4.816944e-001  5.194846e-001 -7.057665e-001
    outer loop
      vertex  2.672029e+001  2.840821e+001 -5.000000e+000
      vertex  2.631302e+001  2.878585e+001 -5.000000e+000
      vertex  2.674112e+001  2.974748e+001 -4.000000e+000
    endloop
  endfacet
  facet normal  4.921958e-001  5.158762e-001 -7.011526e-001
    outer loop
      vertex  2.674112e+001  2.974748e+001 -4.000000e+000
      vertex  2.712213e+001  2.802481e+001 -5.000000e+000
      vertex  2.672029e+001  2.840821e+001 -5.000000e+000
    endloop
  endfacet
  facet normal  4.464604e-001  5.487850e-001 -7.067589e-001
    outer loop
      vertex  2.502407e+001  3.120571e+001 -4.000000e+000
      vertex  2.546099e+001  3.085025e+001 -4.000000e+000
      vertex  2.463143e+001  3.023727e+001 -5.000000e+000
    endloop
  endfacet
  facet normal  4.228857e-001  5.671545e-001 -7.067555e-001
    outer loop
      vertex  2.368388e+001  3.223466e+001 -4.000000e+000
      vertex  2.413543e+001  3.189798e+001 -4.000000e+000
      vertex  2.331749e+001  3.126171e+001 -5.000000e+000
    endloop
  endfacet
  facet normal  3.985603e-001  5.845037e-001 -7.067567e-001
    outer loop
      vertex  2.230144e+001  3.320611e+001 -4.000000e+000
      vertex  2.276680e+001  3.288879e+001 -4.000000e+000
      vertex  2.196100e+001  3.222910e+001 -5.000000e+000
    endloop
  endfacet
  facet normal  3.453113e-001  6.116264e-001 -7.118099e-001
    outer loop
      vertex  2.009043e+001  3.342715e+001 -5.000000e+000
      vertex  1.941972e+001  3.496962e+001 -4.000000e+000
      vertex  1.991019e+001  3.469271e+001 -4.000000e+000
    endloop
  endfacet
  facet normal  3.735155e-001  6.008130e-001 -7.067602e-001
    outer loop
      vertex  2.087921e+001  3.411831e+001 -4.000000e+000
      vertex  2.135755e+001  3.382093e+001 -4.000000e+000
      vertex  2.056442e+001  3.313766e+001 -5.000000e+000
    endloop
  endfacet
  facet normal  3.192582e-001  6.258217e-001 -7.116329e-001
    outer loop
      vertex  1.864439e+001  3.425473e+001 -5.000000e+000
      vertex  1.792558e+001  3.575855e+001 -4.000000e+000
      vertex  1.842731e+001  3.550259e+001 -4.000000e+000
    endloop
  endfacet
  facet normal  3.516409e-001  6.144234e-001 -7.062809e-001
    outer loop
      vertex  1.961236e+001  3.370987e+001 -5.000000e+000
      vertex  1.913032e+001  3.398575e+001 -5.000000e+000
      vertex  1.941972e+001  3.496962e+001 -4.000000e+000
    endloop
  endfacet
  facet normal  3.624109e-001  6.128349e-001 -7.022050e-001
    outer loop
      vertex  1.941972e+001  3.496962e+001 -4.000000e+000
      vertex  2.009043e+001  3.342715e+001 -5.000000e+000
      vertex  1.961236e+001  3.370987e+001 -5.000000e+000
    endloop
  endfacet
  facet normal  2.926132e-001  6.389045e-001 -7.114623e-001
    outer loop
      vertex  1.716432e+001  3.501979e+001 -5.000000e+000
      vertex  1.639945e+001  3.648367e+001 -4.000000e+000
      vertex  1.691155e+001  3.624913e+001 -4.000000e+000
    endloop
  endfacet
  facet normal  3.250382e-001  6.288040e-001 -7.063679e-001
    outer loop
      vertex  1.815468e+001  3.451677e+001 -5.000000e+000
      vertex  1.766129e+001  3.477181e+001 -5.000000e+000
      vertex  1.792558e+001  3.575855e+001 -4.000000e+000
    endloop
  endfacet
  facet normal  3.358150e-001  6.275918e-001 -7.023937e-001
    outer loop
      vertex  1.792558e+001  3.575855e+001 -4.000000e+000
      vertex  1.864439e+001  3.425473e+001 -5.000000e+000
      vertex  1.815468e+001  3.451677e+001 -5.000000e+000
    endloop
  endfacet
  facet normal  2.654349e-001  6.508505e-001 -7.112933e-001
    outer loop
      vertex  1.565293e+001  3.572094e+001 -5.000000e+000
      vertex  1.484407e+001  3.714369e+001 -4.000000e+000
      vertex  1.536561e+001  3.693099e+001 -4.000000e+000
    endloop
  endfacet
  facet normal  2.978458e-001  6.420398e-001 -7.064509e-001
    outer loop
      vertex  1.666387e+001  3.526068e+001 -5.000000e+000
      vertex  1.616004e+001  3.549441e+001 -5.000000e+000
      vertex  1.639945e+001  3.648367e+001 -4.000000e+000
    endloop
  endfacet
  facet normal  3.086296e-001  6.412008e-001 -7.025734e-001
    outer loop
      vertex  1.639945e+001  3.648367e+001 -4.000000e+000
      vertex  1.716432e+001  3.501979e+001 -5.000000e+000
      vertex  1.666387e+001  3.526068e+001 -5.000000e+000
    endloop
  endfacet
  facet normal  2.377718e-001  6.616375e-001 -7.111261e-001
    outer loop
      vertex  1.411297e+001  3.635690e+001 -5.000000e+000
      vertex  1.326220e+001  3.773744e+001 -4.000000e+000
      vertex  1.379226e+001  3.754695e+001 -4.000000e+000
    endloop
  endfacet
  facet normal  2.701220e-001  6.541019e-001 -7.065301e-001
    outer loop
      vertex  1.514265e+001  3.594023e+001 -5.000000e+000
      vertex  1.462929e+001  3.615223e+001 -5.000000e+000
      vertex  1.484407e+001  3.714369e+001 -4.000000e+000
    endloop
  endfacet
  facet normal  2.808914e-001  6.536350e-001 -7.027526e-001
    outer loop
      vertex  1.484407e+001  3.714369e+001 -4.000000e+000
      vertex  1.565293e+001  3.572094e+001 -5.000000e+000
      vertex  1.514265e+001  3.594023e+001 -5.000000e+000
    endloop
  endfacet
  facet normal  2.096653e-001  6.712449e-001 -7.109647e-001
    outer loop
      vertex  1.254726e+001  3.692650e+001 -5.000000e+000
      vertex  1.165666e+001  3.826385e+001 -4.000000e+000
      vertex  1.219429e+001  3.809592e+001 -4.000000e+000
    endloop
  endfacet
  facet normal  2.419137e-001  6.649697e-001 -7.066067e-001
    outer loop
      vertex  1.359379e+001  3.655419e+001 -5.000000e+000
      vertex  1.307185e+001  3.674407e+001 -5.000000e+000
      vertex  1.326220e+001  3.773744e+001 -4.000000e+000
    endloop
  endfacet
  facet normal  2.526550e-001  6.648723e-001 -7.029297e-001
    outer loop
      vertex  1.326220e+001  3.773744e+001 -4.000000e+000
      vertex  1.411297e+001  3.635690e+001 -5.000000e+000
      vertex  1.359379e+001  3.655419e+001 -5.000000e+000
    endloop
  endfacet
  facet normal  1.811683e-001  6.796561e-001 -7.108063e-001
    outer loop
      vertex  1.095864e+001  3.742871e+001 -5.000000e+000
      vertex  1.003033e+001  3.872199e+001 -4.000000e+000
      vertex  1.057457e+001  3.857692e+001 -4.000000e+000
    endloop
  endfacet
  facet normal  2.132709e-001  6.746254e-001 -7.066796e-001
    outer loop
      vertex  1.202012e+001  3.710144e+001 -5.000000e+000
      vertex  1.149055e+001  3.726885e+001 -5.000000e+000
      vertex  1.165666e+001  3.826385e+001 -4.000000e+000
    endloop
  endfacet
  facet normal  2.239738e-001  6.748946e-001 -7.031025e-001
    outer loop
      vertex  1.165666e+001  3.826385e+001 -4.000000e+000
      vertex  1.254726e+001  3.692650e+001 -5.000000e+000
      vertex  1.202012e+001  3.710144e+001 -5.000000e+000
    endloop
  endfacet
  facet normal  1.725446e-001  6.859603e-001 -7.068853e-001
    outer loop
      vertex  9.484097e+000  3.885939e+001 -4.000000e+000
      vertex  1.003033e+001  3.872199e+001 -4.000000e+000
      vertex  9.350025e+000  3.786261e+001 -5.000000e+000
    endloop
  endfacet
  facet normal  1.743514e-001  6.850459e-001 -7.073286e-001
    outer loop
      vertex  9.350025e+000  3.786261e+001 -5.000000e+000
      vertex  1.003033e+001  3.872199e+001 -4.000000e+000
      vertex  9.888272e+000  3.772562e+001 -5.000000e+000
    endloop
  endfacet
  facet normal  1.842418e-001  6.830534e-001 -7.067483e-001
    outer loop
      vertex  1.042451e+001  3.758097e+001 -5.000000e+000
      vertex  9.888272e+000  3.772562e+001 -5.000000e+000
      vertex  1.003033e+001  3.872199e+001 -4.000000e+000
    endloop
  endfacet
  facet normal  1.949033e-001  6.836864e-001 -7.032679e-001
    outer loop
      vertex  1.003033e+001  3.872199e+001 -4.000000e+000
      vertex  1.095864e+001  3.742871e+001 -5.000000e+000
      vertex  1.042451e+001  3.758097e+001 -5.000000e+000
    endloop
  endfacet
  facet normal  1.134667e-001  6.945476e-001 -7.104428e-001
    outer loop
      vertex  7.179171e+000  3.833353e+001 -5.000000e+000
      vertex  6.171028e+000  3.952111e+001 -4.000000e+000
      vertex  6.726906e+000  3.943030e+001 -4.000000e+000
    endloop
  endfacet
  facet normal  1.434124e-001  6.926073e-001 -7.069144e-001
    outer loop
      vertex  7.834552e+000  3.922524e+001 -4.000000e+000
      vertex  8.386100e+000  3.911104e+001 -4.000000e+000
      vertex  7.724345e+000  3.822741e+001 -5.000000e+000
    endloop
  endfacet
  facet normal  8.405283e-002  6.988700e-001 -7.102928e-001
    outer loop
      vertex  5.535358e+000  3.860518e+001 -5.000000e+000
      vertex  4.496492e+000  3.974647e+001 -4.000000e+000
      vertex  5.055710e+000  3.967921e+001 -4.000000e+000
    endloop
  endfacet
  facet normal  1.153203e-001  6.978498e-001 -7.068994e-001
    outer loop
      vertex  6.632542e+000  3.843188e+001 -5.000000e+000
      vertex  6.084567e+000  3.852243e+001 -5.000000e+000
      vertex  6.171028e+000  3.952111e+001 -4.000000e+000
    endloop
  endfacet
  facet normal  1.258224e-001  6.993170e-001 -7.036507e-001
    outer loop
      vertex  6.171028e+000  3.952111e+001 -4.000000e+000
      vertex  7.179171e+000  3.833353e+001 -5.000000e+000
      vertex  6.632542e+000  3.843188e+001 -5.000000e+000
    endloop
  endfacet
  facet normal  5.446854e-002  7.019413e-001 -7.101490e-001
    outer loop
      vertex  3.881443e+000  3.880637e+001 -5.000000e+000
      vertex  2.813934e+000  3.990090e+001 -4.000000e+000
      vertex  3.375493e+000  3.985732e+001 -4.000000e+000
    endloop
  endfacet
  facet normal  8.540714e-002  7.020805e-001 -7.069572e-001
    outer loop
      vertex  4.985027e+000  3.868009e+001 -5.000000e+000
      vertex  4.433685e+000  3.874716e+001 -5.000000e+000
      vertex  4.496492e+000  3.974647e+001 -4.000000e+000
    endloop
  endfacet
  facet normal  9.581693e-002  7.038974e-001 -7.038093e-001
    outer loop
      vertex  4.496492e+000  3.974647e+001 -4.000000e+000
      vertex  5.535358e+000  3.860518e+001 -5.000000e+000
      vertex  4.985027e+000  3.868009e+001 -5.000000e+000
    endloop
  endfacet
  facet normal  2.478613e-002  7.037621e-001 -7.100032e-001
    outer loop
      vertex  2.220444e+000  3.893674e+001 -5.000000e+000
      vertex  1.126355e+000  3.998414e+001 -4.000000e+000
      vertex  1.689254e+000  3.996431e+001 -4.000000e+000
    endloop
  endfacet
  facet normal  5.533399e-002  7.050331e-001 -7.070125e-001
    outer loop
      vertex  3.328414e+000  3.885771e+001 -5.000000e+000
      vertex  2.774711e+000  3.890117e+001 -5.000000e+000
      vertex  2.813934e+000  3.990090e+001 -4.000000e+000
    endloop
  endfacet
  facet normal  6.565475e-002  7.071977e-001 -7.039608e-001
    outer loop
      vertex  2.813934e+000  3.990090e+001 -4.000000e+000
      vertex  3.881443e+000  3.880637e+001 -5.000000e+000
      vertex  3.328414e+000  3.885771e+001 -5.000000e+000
    endloop
  endfacet
  facet normal -4.961079e-003  7.043219e-001 -7.098634e-001
    outer loop
      vertex  5.553926e-001  3.899604e+001 -5.000000e+000
      vertex -5.632335e-001  3.999603e+001 -4.000000e+000
      vertex -4.195963e-014  4.000000e+001 -4.000000e+000
    endloop
  endfacet
  facet normal  2.516848e-002  7.067003e-001 -7.070653e-001
    outer loop
      vertex  1.665727e+000  3.896441e+001 -5.000000e+000
      vertex  1.110673e+000  3.898418e+001 -5.000000e+000
      vertex  1.126355e+000  3.998414e+001 -4.000000e+000
    endloop
  endfacet
  facet normal  3.538338e-002  7.092070e-001 -7.041119e-001
    outer loop
      vertex  1.126355e+000  3.998414e+001 -4.000000e+000
      vertex  2.220444e+000  3.893674e+001 -5.000000e+000
      vertex  1.665727e+000  3.896441e+001 -5.000000e+000
    endloop
  endfacet
  facet normal -1.493265e-002  7.069734e-001 -7.070825e-001
    outer loop
      vertex -1.126355e+000  3.998414e+001 -4.000000e+000
      vertex -5.632335e-001  3.999603e+001 -4.000000e+000
      vertex -5.553926e-001  3.899604e+001 -5.000000e+000
    endloop
  endfacet
  facet normal -5.036265e-003  7.070822e-001 -7.071136e-001
    outer loop
      vertex -5.553926e-001  3.899604e+001 -5.000000e+000
      vertex -5.632335e-001  3.999603e+001 -4.000000e+000
      vertex  3.007318e-008  3.900000e+001 -5.000000e+000
    endloop
  endfacet
  facet normal  5.056509e-003  7.099243e-001 -7.042598e-001
    outer loop
      vertex -5.632335e-001  3.999603e+001 -4.000000e+000
      vertex  5.553926e-001  3.899604e+001 -5.000000e+000
      vertex  3.007318e-008  3.900000e+001 -5.000000e+000
    endloop
  endfacet
  facet normal -4.478154e-002  7.057552e-001 -7.070390e-001
    outer loop
      vertex -2.813934e+000  3.990090e+001 -4.000000e+000
      vertex -2.251817e+000  3.993657e+001 -4.000000e+000
      vertex -2.220444e+000  3.893674e+001 -5.000000e+000
    endloop
  endfacet
  facet normal -7.454767e-002  7.032754e-001 -7.069982e-001
    outer loop
      vertex -4.496492e+000  3.974647e+001 -4.000000e+000
      vertex -3.936383e+000  3.980584e+001 -4.000000e+000
      vertex -3.881443e+000  3.880637e+001 -5.000000e+000
    endloop
  endfacet
  facet normal -1.322297e-001  6.871778e-001 -7.143542e-001
    outer loop
      vertex -6.084567e+000  3.852243e+001 -5.000000e+000
      vertex -7.834552e+000  3.922524e+001 -4.000000e+000
      vertex -7.281451e+000  3.933167e+001 -4.000000e+000
    endloop
  endfacet
  facet normal -1.041874e-001  6.995375e-001 -7.069599e-001
    outer loop
      vertex -6.171028e+000  3.952111e+001 -4.000000e+000
      vertex -5.613925e+000  3.960409e+001 -4.000000e+000
      vertex -5.535358e+000  3.860518e+001 -5.000000e+000
    endloop
  endfacet
  facet normal -1.611810e-001  6.811935e-001 -7.141401e-001
    outer loop
      vertex -7.724345e+000  3.822741e+001 -5.000000e+000
      vertex -9.484097e+000  3.885939e+001 -4.000000e+000
      vertex -8.935985e+000  3.898908e+001 -4.000000e+000
    endloop
  endfacet
  facet normal -1.256100e-001  6.981369e-001 -7.048596e-001
    outer loop
      vertex -6.632542e+000  3.843188e+001 -5.000000e+000
      vertex -7.179171e+000  3.833353e+001 -5.000000e+000
      vertex -7.834552e+000  3.922524e+001 -4.000000e+000
    endloop
  endfacet
  facet normal -1.165195e-001  7.051068e-001 -6.994624e-001
    outer loop
      vertex -7.834552e+000  3.922524e+001 -4.000000e+000
      vertex -6.084567e+000  3.852243e+001 -5.000000e+000
      vertex -6.632542e+000  3.843188e+001 -5.000000e+000
    endloop
  endfacet
  facet normal -1.898643e-001  6.739837e-001 -7.139311e-001
    outer loop
      vertex -9.350025e+000  3.786261e+001 -5.000000e+000
      vertex -1.111672e+001  3.842419e+001 -4.000000e+000
      vertex -1.057457e+001  3.857692e+001 -4.000000e+000
    endloop
  endfacet
  facet normal -1.552861e-001  6.920081e-001 -7.049900e-001
    outer loop
      vertex -8.267951e+000  3.811353e+001 -5.000000e+000
      vertex -8.809881e+000  3.799192e+001 -5.000000e+000
      vertex -9.484097e+000  3.885939e+001 -4.000000e+000
    endloop
  endfacet
  facet normal -1.464837e-001  6.992627e-001 -6.996958e-001
    outer loop
      vertex -9.484097e+000  3.885939e+001 -4.000000e+000
      vertex -7.724345e+000  3.822741e+001 -5.000000e+000
      vertex -8.267951e+000  3.811353e+001 -5.000000e+000
    endloop
  endfacet
  facet normal -2.013628e-001  6.780893e-001 -7.068579e-001
    outer loop
      vertex -1.165666e+001  3.826385e+001 -4.000000e+000
      vertex -1.111672e+001  3.842419e+001 -4.000000e+000
      vertex -1.095864e+001  3.742871e+001 -5.000000e+000
    endloop
  endfacet
  facet normal -1.937903e-001  6.797833e-001 -7.073471e-001
    outer loop
      vertex -1.095864e+001  3.742871e+001 -5.000000e+000
      vertex -1.111672e+001  3.842419e+001 -4.000000e+000
      vertex -1.042451e+001  3.758097e+001 -5.000000e+000
    endloop
  endfacet
  facet normal -1.846659e-001  6.846256e-001 -7.051144e-001
    outer loop
      vertex -9.888271e+000  3.772562e+001 -5.000000e+000
      vertex -1.042451e+001  3.758097e+001 -5.000000e+000
      vertex -1.111672e+001  3.842419e+001 -4.000000e+000
    endloop
  endfacet
  facet normal -1.761604e-001  6.921521e-001 -6.999235e-001
    outer loop
      vertex -1.111672e+001  3.842419e+001 -4.000000e+000
      vertex -9.350025e+000  3.786261e+001 -5.000000e+000
      vertex -9.888271e+000  3.772562e+001 -5.000000e+000
    endloop
  endfacet
  facet normal -2.298272e-001  6.690030e-001 -7.068341e-001
    outer loop
      vertex -1.326220e+001  3.773744e+001 -4.000000e+000
      vertex -1.272951e+001  3.792044e+001 -4.000000e+000
      vertex -1.254726e+001  3.692650e+001 -5.000000e+000
    endloop
  endfacet
  facet normal -2.578857e-001  6.587195e-001 -7.068123e-001
    outer loop
      vertex -1.484407e+001  3.714369e+001 -4.000000e+000
      vertex -1.431958e+001  3.734902e+001 -4.000000e+000
      vertex -1.411297e+001  3.635690e+001 -5.000000e+000
    endloop
  endfacet
  facet normal -2.854837e-001  6.472553e-001 -7.067953e-001
    outer loop
      vertex -1.639945e+001  3.648367e+001 -4.000000e+000
      vertex -1.588411e+001  3.671097e+001 -4.000000e+000
      vertex -1.565293e+001  3.572094e+001 -5.000000e+000
    endloop
  endfacet
  facet normal -3.125652e-001  6.346361e-001 -7.067814e-001
    outer loop
      vertex -1.792558e+001  3.575855e+001 -4.000000e+000
      vertex -1.742029e+001  3.600741e+001 -4.000000e+000
      vertex -1.716432e+001  3.501979e+001 -5.000000e+000
    endloop
  endfacet
  facet normal -3.619497e-001  6.009159e-001 -7.126657e-001
    outer loop
      vertex -1.913032e+001  3.398575e+001 -5.000000e+000
      vertex -2.087921e+001  3.411831e+001 -4.000000e+000
      vertex -2.039672e+001  3.440892e+001 -4.000000e+000
    endloop
  endfacet
  facet normal -3.390977e-001  6.208774e-001 -7.067700e-001
    outer loop
      vertex -1.941972e+001  3.496962e+001 -4.000000e+000
      vertex -1.892539e+001  3.523960e+001 -4.000000e+000
      vertex -1.864439e+001  3.425473e+001 -5.000000e+000
    endloop
  endfacet
  facet normal -3.871094e-001  5.852548e-001 -7.124767e-001
    outer loop
      vertex -2.056442e+001  3.313766e+001 -5.000000e+000
      vertex -2.230144e+001  3.320611e+001 -4.000000e+000
      vertex -2.183166e+001  3.351684e+001 -4.000000e+000
    endloop
  endfacet
  facet normal -3.605795e-001  6.097356e-001 -7.058364e-001
    outer loop
      vertex -1.961236e+001  3.370987e+001 -5.000000e+000
      vertex -2.009043e+001  3.342715e+001 -5.000000e+000
      vertex -2.087921e+001  3.411831e+001 -4.000000e+000
    endloop
  endfacet
  facet normal -3.540965e-001  6.187141e-001 -7.012907e-001
    outer loop
      vertex -2.087921e+001  3.411831e+001 -4.000000e+000
      vertex -1.913032e+001  3.398575e+001 -5.000000e+000
      vertex -1.961236e+001  3.370987e+001 -5.000000e+000
    endloop
  endfacet
  facet normal -4.115925e-001  5.685334e-001 -7.122931e-001
    outer loop
      vertex -2.196100e+001  3.222910e+001 -5.000000e+000
      vertex -2.368388e+001  3.223466e+001 -4.000000e+000
      vertex -2.322764e+001  3.256496e+001 -4.000000e+000
    endloop
  endfacet
  facet normal -3.862371e-001  5.936942e-001 -7.059378e-001
    outer loop
      vertex -2.103424e+001  3.284145e+001 -5.000000e+000
      vertex -2.149980e+001  3.253857e+001 -5.000000e+000
      vertex -2.230144e+001  3.320611e+001 -4.000000e+000
    endloop
  endfacet
  facet normal -3.800922e-001  6.028581e-001 -7.014927e-001
    outer loop
      vertex -2.230144e+001  3.320611e+001 -4.000000e+000
      vertex -2.056442e+001  3.313766e+001 -5.000000e+000
      vertex -2.103424e+001  3.284145e+001 -5.000000e+000
    endloop
  endfacet
  facet normal -4.353487e-001  5.507951e-001 -7.121069e-001
    outer loop
      vertex -2.331749e+001  3.126171e+001 -5.000000e+000
      vertex -2.502407e+001  3.120571e+001 -4.000000e+000
      vertex -2.458218e+001  3.155497e+001 -4.000000e+000
    endloop
  endfacet
  facet normal -4.111852e-001  5.765772e-001 -7.060350e-001
    outer loop
      vertex -2.241774e+001  3.191308e+001 -5.000000e+000
      vertex -2.286994e+001  3.159060e+001 -5.000000e+000
      vertex -2.368388e+001  3.223466e+001 -4.000000e+000
    endloop
  endfacet
  facet normal -4.053823e-001  5.859144e-001 -7.016905e-001
    outer loop
      vertex -2.368388e+001  3.223466e+001 -4.000000e+000
      vertex -2.196100e+001  3.222910e+001 -5.000000e+000
      vertex -2.241774e+001  3.191308e+001 -5.000000e+000
    endloop
  endfacet
  facet normal -4.583392e-001  5.320569e-001 -7.119274e-001
    outer loop
      vertex -2.463143e+001  3.023727e+001 -5.000000e+000
      vertex -2.631960e+001  3.012107e+001 -4.000000e+000
      vertex -2.589286e+001  3.048868e+001 -4.000000e+000
    endloop
  endfacet
  facet normal -4.353782e-001  5.584127e-001 -7.061311e-001
    outer loop
      vertex -2.376032e+001  3.092648e+001 -5.000000e+000
      vertex -2.419833e+001  3.058498e+001 -5.000000e+000
      vertex -2.502407e+001  3.120571e+001 -4.000000e+000
    endloop
  endfacet
  facet normal -4.299221e-001  5.679092e-001 -7.018876e-001
    outer loop
      vertex -2.502407e+001  3.120571e+001 -4.000000e+000
      vertex -2.331749e+001  3.126171e+001 -5.000000e+000
      vertex -2.376032e+001  3.092648e+001 -5.000000e+000
    endloop
  endfacet
  facet normal -4.805230e-001  5.123544e-001 -7.117517e-001
    outer loop
      vertex -2.590042e+001  2.915765e+001 -5.000000e+000
      vertex -2.756817e+001  2.898268e+001 -4.000000e+000
      vertex -2.715734e+001  2.936799e+001 -4.000000e+000
    endloop
  endfacet
  facet normal -4.587713e-001  5.392388e-001 -7.062227e-001
    outer loop
      vertex -2.505954e+001  2.988343e+001 -5.000000e+000
      vertex -2.548256e+001  2.952353e+001 -5.000000e+000
      vertex -2.631960e+001  3.012107e+001 -4.000000e+000
    endloop
  endfacet
  facet normal -4.536636e-001  5.488847e-001 -7.020789e-001
    outer loop
      vertex -2.631960e+001  3.012107e+001 -4.000000e+000
      vertex -2.463143e+001  3.023727e+001 -5.000000e+000
      vertex -2.505954e+001  2.988343e+001 -5.000000e+000
    endloop
  endfacet
  facet normal -4.911685e-001  5.091405e-001 -7.067740e-001
    outer loop
      vertex -2.797354e+001  2.859163e+001 -4.000000e+000
      vertex -2.756817e+001  2.898268e+001 -4.000000e+000
      vertex -2.712213e+001  2.802481e+001 -5.000000e+000
    endloop
  endfacet
  facet normal -4.878897e-001  5.113629e-001 -7.074403e-001
    outer loop
      vertex -2.712213e+001  2.802481e+001 -5.000000e+000
      vertex -2.756817e+001  2.898268e+001 -4.000000e+000
      vertex -2.672029e+001  2.840821e+001 -5.000000e+000
    endloop
  endfacet
  facet normal -4.813252e-001  5.190864e-001 -7.063112e-001
    outer loop
      vertex -2.631302e+001  2.878585e+001 -5.000000e+000
      vertex -2.672029e+001  2.840821e+001 -5.000000e+000
      vertex -2.756817e+001  2.898268e+001 -4.000000e+000
    endloop
  endfacet
  facet normal -4.765685e-001  5.288705e-001 -7.022668e-001
    outer loop
      vertex -2.756817e+001  2.898268e+001 -4.000000e+000
      vertex -2.590042e+001  2.915765e+001 -5.000000e+000
      vertex -2.631302e+001  2.878585e+001 -5.000000e+000
    endloop
  endfacet
  facet normal -5.122225e-001  4.879360e-001 -7.067861e-001
    outer loop
      vertex -2.915605e+001  2.738476e+001 -4.000000e+000
      vertex -2.876756e+001  2.779259e+001 -4.000000e+000
      vertex -2.829435e+001  2.684082e+001 -5.000000e+000
    endloop
  endfacet
  facet normal -5.481243e-001  4.402034e-001 -7.111827e-001
    outer loop
      vertex -2.977662e+001  2.518636e+001 -5.000000e+000
      vertex -3.136297e+001  2.482668e+001 -4.000000e+000
      vertex -3.101028e+001  2.526583e+001 -4.000000e+000
    endloop
  endfacet
  facet normal -5.323600e-001  4.658596e-001 -7.068011e-001
    outer loop
      vertex -3.028653e+001  2.612903e+001 -4.000000e+000
      vertex -2.991561e+001  2.655290e+001 -4.000000e+000
      vertex -2.941493e+001  2.560785e+001 -5.000000e+000
    endloop
  endfacet
  facet normal -5.663593e-001  4.167592e-001 -7.110196e-001
    outer loop
      vertex -3.082518e+001  2.389159e+001 -5.000000e+000
      vertex -3.238346e+001  2.348003e+001 -4.000000e+000
      vertex -3.204963e+001  2.393369e+001 -4.000000e+000
    endloop
  endfacet
  facet normal -5.499181e-001  4.453454e-001 -7.065816e-001
    outer loop
      vertex -3.013228e+001  2.475976e+001 -5.000000e+000
      vertex -3.048182e+001  2.432814e+001 -5.000000e+000
      vertex -3.136297e+001  2.482668e+001 -4.000000e+000
    endloop
  endfacet
  facet normal -5.463511e-001  4.554925e-001 -7.028706e-001
    outer loop
      vertex -3.136297e+001  2.482668e+001 -4.000000e+000
      vertex -2.977662e+001  2.518636e+001 -5.000000e+000
      vertex -3.013228e+001  2.475976e+001 -5.000000e+000
    endloop
  endfacet
  facet normal -5.835890e-001  3.925621e-001 -7.108579e-001
    outer loop
      vertex -3.181749e+001  2.255322e+001 -5.000000e+000
      vertex -3.334616e+001  2.209148e+001 -4.000000e+000
      vertex -3.303179e+001  2.255883e+001 -4.000000e+000
    endloop
  endfacet
  facet normal -5.683775e-001  4.214094e-001 -7.066549e-001
    outer loop
      vertex -3.116229e+001  2.345019e+001 -5.000000e+000
      vertex -3.149308e+001  2.300404e+001 -5.000000e+000
      vertex -3.238346e+001  2.348003e+001 -4.000000e+000
    endloop
  endfacet
  facet normal -5.651708e-001  4.316375e-001 -7.030441e-001
    outer loop
      vertex -3.238346e+001  2.348003e+001 -4.000000e+000
      vertex -3.082518e+001  2.389159e+001 -5.000000e+000
      vertex -3.116229e+001  2.345019e+001 -5.000000e+000
    endloop
  endfacet
  facet normal -5.997834e-001  3.676472e-001 -7.107005e-001
    outer loop
      vertex -3.275172e+001  2.117368e+001 -5.000000e+000
      vertex -3.424936e+001  2.066352e+001 -4.000000e+000
      vertex -3.395501e+001  2.114373e+001 -4.000000e+000
    endloop
  endfacet
  facet normal -5.857992e-001  3.967072e-001 -7.067267e-001
    outer loop
      vertex -3.213544e+001  2.209782e+001 -5.000000e+000
      vertex -3.244687e+001  2.163794e+001 -5.000000e+000
      vertex -3.334616e+001  2.209148e+001 -4.000000e+000
    endloop
  endfacet
  facet normal -5.829524e-001  4.070080e-001 -7.032147e-001
    outer loop
      vertex -3.334616e+001  2.209148e+001 -4.000000e+000
      vertex -3.181749e+001  2.255322e+001 -5.000000e+000
      vertex -3.213544e+001  2.209782e+001 -5.000000e+000
    endloop
  endfacet
  facet normal -6.149104e-001  3.420654e-001 -7.105465e-001
    outer loop
      vertex -3.362618e+001  1.975550e+001 -5.000000e+000
      vertex -3.509146e+001  1.919869e+001 -4.000000e+000
      vertex -3.481765e+001  1.969090e+001 -4.000000e+000
    endloop
  endfacet
  facet normal -6.021506e-001  3.712916e-001 -7.067935e-001
    outer loop
      vertex -3.304993e+001  2.070512e+001 -5.000000e+000
      vertex -3.334144e+001  2.023236e+001 -5.000000e+000
      vertex -3.424936e+001  2.066352e+001 -4.000000e+000
    endloop
  endfacet
  facet normal -5.996658e-001  3.816468e-001 -7.033824e-001
    outer loop
      vertex -3.424936e+001  2.066352e+001 -4.000000e+000
      vertex -3.275172e+001  2.117368e+001 -5.000000e+000
      vertex -3.304993e+001  2.070512e+001 -5.000000e+000
    endloop
  endfacet
  facet normal -6.289445e-001  3.158617e-001 -7.103944e-001
    outer loop
      vertex -3.443927e+001  1.830127e+001 -5.000000e+000
      vertex -3.587094e+001  1.769960e+001 -4.000000e+000
      vertex -3.561816e+001  1.820294e+001 -4.000000e+000
    endloop
  endfacet
  facet normal -6.174047e-001  3.451994e-001 -7.068583e-001
    outer loop
      vertex -3.390411e+001  1.927463e+001 -5.000000e+000
      vertex -3.417516e+001  1.878985e+001 -5.000000e+000
      vertex -3.509146e+001  1.919869e+001 -4.000000e+000
    endloop
  endfacet
  facet normal -6.152785e-001  3.556117e-001 -7.035431e-001
    outer loop
      vertex -3.509146e+001  1.919869e+001 -4.000000e+000
      vertex -3.362618e+001  1.975550e+001 -5.000000e+000
      vertex -3.390411e+001  1.927463e+001 -5.000000e+000
    endloop
  endfacet
  facet normal -6.418604e-001  2.890833e-001 -7.102436e-001
    outer loop
      vertex -3.518951e+001  1.681363e+001 -5.000000e+000
      vertex -3.658641e+001  1.616893e+001 -4.000000e+000
      vertex -3.635511e+001  1.668250e+001 -4.000000e+000
    endloop
  endfacet
  facet normal -6.315294e-001  3.184900e-001 -7.069191e-001
    outer loop
      vertex -3.469641e+001  1.780897e+001 -5.000000e+000
      vertex -3.494650e+001  1.731306e+001 -5.000000e+000
      vertex -3.587094e+001  1.769960e+001 -4.000000e+000
    endloop
  endfacet
  facet normal -6.297647e-001  3.289327e-001 -7.037044e-001
    outer loop
      vertex -3.587094e+001  1.769960e+001 -4.000000e+000
      vertex -3.443927e+001  1.830127e+001 -5.000000e+000
      vertex -3.469641e+001  1.780897e+001 -5.000000e+000
    endloop
  endfacet
  facet normal -6.536326e-001  2.617706e-001 -7.100990e-001
    outer loop
      vertex -3.587553e+001  1.529531e+001 -5.000000e+000
      vertex -3.723661e+001  1.460942e+001 -4.000000e+000
      vertex -3.702720e+001  1.513229e+001 -4.000000e+000
    endloop
  endfacet
  facet normal -6.445037e-001  2.912027e-001 -7.069766e-001
    outer loop
      vertex -3.542538e+001  1.631080e+001 -5.000000e+000
      vertex -3.565407e+001  1.580466e+001 -5.000000e+000
      vertex -3.658641e+001  1.616893e+001 -4.000000e+000
    endloop
  endfacet
  facet normal -6.430990e-001  3.016671e-001 -7.038612e-001
    outer loop
      vertex -3.658641e+001  1.616893e+001 -4.000000e+000
      vertex -3.518951e+001  1.681363e+001 -5.000000e+000
      vertex -3.542538e+001  1.631080e+001 -5.000000e+000
    endloop
  endfacet
  facet normal -6.642399e-001  2.339793e-001 -7.099571e-001
    outer loop
      vertex -3.649607e+001  1.374907e+001 -5.000000e+000
      vertex -3.782036e+001  1.302383e+001 -4.000000e+000
      vertex -3.763323e+001  1.355508e+001 -4.000000e+000
    endloop
  endfacet
  facet normal -6.563030e-001  2.633931e-001 -7.070292e-001
    outer loop
      vertex -3.608971e+001  1.478286e+001 -5.000000e+000
      vertex -3.629657e+001  1.426742e+001 -5.000000e+000
      vertex -3.723661e+001  1.460942e+001 -4.000000e+000
    endloop
  endfacet
  facet normal -6.552573e-001  2.738676e-001 -7.040130e-001
    outer loop
      vertex -3.723661e+001  1.460942e+001 -4.000000e+000
      vertex -3.587553e+001  1.529531e+001 -5.000000e+000
      vertex -3.608971e+001  1.478286e+001 -5.000000e+000
    endloop
  endfacet
  facet normal -6.622419e-001  2.228480e-001 -7.153841e-001
    outer loop
      vertex -3.800000e+001  1.249000e+001 -4.000000e+000
      vertex -3.782036e+001  1.302383e+001 -4.000000e+000
      vertex -3.649607e+001  1.374907e+001 -5.000000e+000
    endloop
  endfacet
  facet normal -6.715957e-001  2.475614e-001 -6.983356e-001
    outer loop
      vertex -3.800000e+001  1.249000e+001 -4.000000e+000
      vertex -3.649607e+001  1.374907e+001 -5.000000e+000
      vertex -3.668816e+001  1.322795e+001 -5.000000e+000
    endloop
  endfacet
  facet normal -6.696008e-001  2.360529e-001 -7.042114e-001
    outer loop
      vertex -3.800000e+001  1.249000e+001 -4.000000e+000
      vertex -3.668816e+001  1.322795e+001 -5.000000e+000
      vertex -3.687282e+001  1.270413e+001 -5.000000e+000
    endloop
  endfacet
  facet normal -6.701710e-001  2.255734e-001 -7.070979e-001
    outer loop
      vertex -3.800000e+001  1.249000e+001 -4.000000e+000
      vertex -3.687282e+001  1.270413e+001 -5.000000e+000
      vertex -3.705000e+001  1.217775e+001 -5.000000e+000
    endloop
  endfacet
  facet normal  6.781455e-001  2.282571e-001 -6.985825e-001
    outer loop
      vertex  3.705000e+001  1.217775e+001 -5.000000e+000
      vertex  3.687282e+001  1.270413e+001 -5.000000e+000
      vertex  3.743863e+001  1.408364e+001 -4.000000e+000
    endloop
  endfacet
  facet normal  6.559194e-001  2.414873e-001 -7.151600e-001
    outer loop
      vertex  3.705000e+001  1.217775e+001 -5.000000e+000
      vertex  3.743863e+001  1.408364e+001 -4.000000e+000
      vertex  3.763323e+001  1.355508e+001 -4.000000e+000
    endloop
  endfacet
  facet normal  6.643745e-001  2.340267e-001 -7.098156e-001
    outer loop
      vertex  3.705000e+001  1.217775e+001 -5.000000e+000
      vertex  3.763323e+001  1.355508e+001 -4.000000e+000
      vertex  3.782036e+001  1.302383e+001 -4.000000e+000
    endloop
  endfacet
  facet normal  6.701879e-001  2.255219e-001 -7.070983e-001
    outer loop
      vertex  3.705000e+001  1.217775e+001 -5.000000e+000
      vertex  3.782036e+001  1.302383e+001 -4.000000e+000
      vertex  3.800000e+001  1.249000e+001 -4.000000e+000
    endloop
  endfacet
  facet normal  6.540256e-001  2.619280e-001 -7.096789e-001
    outer loop
      vertex  3.723661e+001  1.460942e+001 -4.000000e+000
      vertex  3.649607e+001  1.374907e+001 -5.000000e+000
      vertex  3.702720e+001  1.513229e+001 -4.000000e+000
    endloop
  endfacet
  facet normal  6.623872e-001  2.549372e-001 -7.044502e-001
    outer loop
      vertex  3.702720e+001  1.513229e+001 -4.000000e+000
      vertex  3.649607e+001  1.374907e+001 -5.000000e+000
      vertex  3.629657e+001  1.426742e+001 -5.000000e+000
    endloop
  endfacet
  facet normal  6.503162e-001  2.711270e-001 -7.096330e-001
    outer loop
      vertex  3.702720e+001  1.513229e+001 -4.000000e+000
      vertex  3.629657e+001  1.426742e+001 -5.000000e+000
      vertex  3.681046e+001  1.565216e+001 -4.000000e+000
    endloop
  endfacet
  facet normal  6.586409e-001  2.643313e-001 -7.045007e-001
    outer loop
      vertex  3.681046e+001  1.565216e+001 -4.000000e+000
      vertex  3.629657e+001  1.426742e+001 -5.000000e+000
      vertex  3.608971e+001  1.478286e+001 -5.000000e+000
    endloop
  endfacet
  facet normal  6.523396e-001  2.726482e-001 -7.071888e-001
    outer loop
      vertex  3.681046e+001  1.565216e+001 -4.000000e+000
      vertex  3.608971e+001  1.478286e+001 -5.000000e+000
      vertex  3.587553e+001  1.529531e+001 -5.000000e+000
    endloop
  endfacet
  facet normal  6.425003e-001  2.893715e-001 -7.095473e-001
    outer loop
      vertex  3.658641e+001  1.616893e+001 -4.000000e+000
      vertex  3.587553e+001  1.529531e+001 -5.000000e+000
      vertex  3.635511e+001  1.668250e+001 -4.000000e+000
    endloop
  endfacet
  facet normal  6.507653e-001  2.829412e-001 -7.045912e-001
    outer loop
      vertex  3.635511e+001  1.668250e+001 -4.000000e+000
      vertex  3.587553e+001  1.529531e+001 -5.000000e+000
      vertex  3.565407e+001  1.580466e+001 -5.000000e+000
    endloop
  endfacet
  facet normal  6.384027e-001  2.984090e-001 -7.095027e-001
    outer loop
      vertex  3.635511e+001  1.668250e+001 -4.000000e+000
      vertex  3.565407e+001  1.580466e+001 -5.000000e+000
      vertex  3.611660e+001  1.719275e+001 -4.000000e+000
    endloop
  endfacet
  facet normal  6.466284e-001  2.921627e-001 -7.046367e-001
    outer loop
      vertex  3.611660e+001  1.719275e+001 -4.000000e+000
      vertex  3.565407e+001  1.580466e+001 -5.000000e+000
      vertex  3.542538e+001  1.631080e+001 -5.000000e+000
    endloop
  endfacet
  facet normal  6.400650e-001  3.002439e-001 -7.072273e-001
    outer loop
      vertex  3.611660e+001  1.719275e+001 -4.000000e+000
      vertex  3.542538e+001  1.631080e+001 -5.000000e+000
      vertex  3.518951e+001  1.681363e+001 -5.000000e+000
    endloop
  endfacet
  facet normal  6.298265e-001  3.163047e-001 -7.094153e-001
    outer loop
      vertex  3.587094e+001  1.769960e+001 -4.000000e+000
      vertex  3.518951e+001  1.681363e+001 -5.000000e+000
      vertex  3.561816e+001  1.820294e+001 -4.000000e+000
    endloop
  endfacet
  facet normal  6.379618e-001  3.104217e-001 -7.047291e-001
    outer loop
      vertex  3.561816e+001  1.820294e+001 -4.000000e+000
      vertex  3.518951e+001  1.681363e+001 -5.000000e+000
      vertex  3.494650e+001  1.731306e+001 -5.000000e+000
    endloop
  endfacet
  facet normal  6.253461e-001  3.251632e-001 -7.093738e-001
    outer loop
      vertex  3.561816e+001  1.820294e+001 -4.000000e+000
      vertex  3.494650e+001  1.731306e+001 -5.000000e+000
      vertex  3.535831e+001  1.870267e+001 -4.000000e+000
    endloop
  endfacet
  facet normal  6.334395e-001  3.194533e-001 -7.047722e-001
    outer loop
      vertex  3.535831e+001  1.870267e+001 -4.000000e+000
      vertex  3.494650e+001  1.731306e+001 -5.000000e+000
      vertex  3.469641e+001  1.780897e+001 -5.000000e+000
    endloop
  endfacet
  facet normal  6.266227e-001  3.272916e-001 -7.072653e-001
    outer loop
      vertex  3.535831e+001  1.870267e+001 -4.000000e+000
      vertex  3.469641e+001  1.780897e+001 -5.000000e+000
      vertex  3.443927e+001  1.830127e+001 -5.000000e+000
    endloop
  endfacet
  facet normal  6.160190e-001  3.426821e-001 -7.092881e-001
    outer loop
      vertex  3.509146e+001  1.919869e+001 -4.000000e+000
      vertex  3.443927e+001  1.830127e+001 -5.000000e+000
      vertex  3.481765e+001  1.969090e+001 -4.000000e+000
    endloop
  endfacet
  facet normal  6.240066e-001  3.373218e-001 -7.048616e-001
    outer loop
      vertex  3.481765e+001  1.969090e+001 -4.000000e+000
      vertex  3.443927e+001  1.830127e+001 -5.000000e+000
      vertex  3.417516e+001  1.878985e+001 -5.000000e+000
    endloop
  endfacet
  facet normal  6.111650e-001  3.513468e-001 -7.092481e-001
    outer loop
      vertex  3.481765e+001  1.969090e+001 -4.000000e+000
      vertex  3.417516e+001  1.878985e+001 -5.000000e+000
      vertex  3.453693e+001  2.017921e+001 -4.000000e+000
    endloop
  endfacet
  facet normal  6.191064e-001  3.461508e-001 -7.049021e-001
    outer loop
      vertex  3.453693e+001  2.017921e+001 -4.000000e+000
      vertex  3.417516e+001  1.878985e+001 -5.000000e+000
      vertex  3.390411e+001  1.927463e+001 -5.000000e+000
    endloop
  endfacet
  facet normal  6.120425e-001  3.537414e-001 -7.072984e-001
    outer loop
      vertex  3.453693e+001  2.017921e+001 -4.000000e+000
      vertex  3.390411e+001  1.927463e+001 -5.000000e+000
      vertex  3.362618e+001  1.975550e+001 -5.000000e+000
    endloop
  endfacet
  facet normal  6.011047e-001  3.684571e-001 -7.091631e-001
    outer loop
      vertex  3.424936e+001  2.066352e+001 -4.000000e+000
      vertex  3.362618e+001  1.975550e+001 -5.000000e+000
      vertex  3.395501e+001  2.114373e+001 -4.000000e+000
    endloop
  endfacet
  facet normal  6.089199e-001  3.636003e-001 -7.049904e-001
    outer loop
      vertex  3.395501e+001  2.114373e+001 -4.000000e+000
      vertex  3.362618e+001  1.975550e+001 -5.000000e+000
      vertex  3.334144e+001  2.023236e+001 -5.000000e+000
    endloop
  endfacet
  facet normal  5.958879e-001  3.769094e-001 -7.091240e-001
    outer loop
      vertex  3.395501e+001  2.114373e+001 -4.000000e+000
      vertex  3.334144e+001  2.023236e+001 -5.000000e+000
      vertex  3.365392e+001  2.161975e+001 -4.000000e+000
    endloop
  endfacet
  facet normal  6.036449e-001  3.722130e-001 -7.050321e-001
    outer loop
      vertex  3.365392e+001  2.161975e+001 -4.000000e+000
      vertex  3.334144e+001  2.023236e+001 -5.000000e+000
      vertex  3.304993e+001  2.070512e+001 -5.000000e+000
    endloop
  endfacet
  facet normal  5.963532e-001  3.795386e-001 -7.073283e-001
    outer loop
      vertex  3.365392e+001  2.161975e+001 -4.000000e+000
      vertex  3.304993e+001  2.070512e+001 -5.000000e+000
      vertex  3.275172e+001  2.117368e+001 -5.000000e+000
    endloop
  endfacet
  facet normal  5.851079e-001  3.935838e-001 -7.090419e-001
    outer loop
      vertex  3.334616e+001  2.209148e+001 -4.000000e+000
      vertex  3.275172e+001  2.117368e+001 -5.000000e+000
      vertex  3.303179e+001  2.255883e+001 -4.000000e+000
    endloop
  endfacet
  facet normal  5.927272e-001  3.892098e-001 -7.051171e-001
    outer loop
      vertex  3.303179e+001  2.255883e+001 -4.000000e+000
      vertex  3.275172e+001  2.117368e+001 -5.000000e+000
      vertex  3.244687e+001  2.163794e+001 -5.000000e+000
    endloop
  endfacet
  facet normal  5.795399e-001  4.018059e-001 -7.090033e-001
    outer loop
      vertex  3.303179e+001  2.255883e+001 -4.000000e+000
      vertex  3.244687e+001  2.163794e+001 -5.000000e+000
      vertex  3.271087e+001  2.302171e+001 -4.000000e+000
    endloop
  endfacet
  facet normal  5.870950e-001  3.975847e-001 -7.051566e-001
    outer loop
      vertex  3.271087e+001  2.302171e+001 -4.000000e+000
      vertex  3.244687e+001  2.163794e+001 -5.000000e+000
      vertex  3.213544e+001  2.209782e+001 -5.000000e+000
    endloop
  endfacet
  facet normal  5.795742e-001  4.046494e-001 -7.073560e-001
    outer loop
      vertex  3.271087e+001  2.302171e+001 -4.000000e+000
      vertex  3.213544e+001  2.209782e+001 -5.000000e+000
      vertex  3.181749e+001  2.255322e+001 -5.000000e+000
    endloop
  endfacet
  facet normal  5.680615e-001  4.180118e-001 -7.089235e-001
    outer loop
      vertex  3.238346e+001  2.348003e+001 -4.000000e+000
      vertex  3.181749e+001  2.255322e+001 -5.000000e+000
      vertex  3.204963e+001  2.393369e+001 -4.000000e+000
    endloop
  endfacet
  facet normal  5.754669e-001  4.140971e-001 -7.052385e-001
    outer loop
      vertex  3.204963e+001  2.393369e+001 -4.000000e+000
      vertex  3.181749e+001  2.255322e+001 -5.000000e+000
      vertex  3.149308e+001  2.300404e+001 -5.000000e+000
    endloop
  endfacet
  facet normal  5.621494e-001  4.259925e-001 -7.088853e-001
    outer loop
      vertex  3.204963e+001  2.393369e+001 -4.000000e+000
      vertex  3.149308e+001  2.300404e+001 -5.000000e+000
      vertex  3.170945e+001  2.438260e+001 -4.000000e+000
    endloop
  endfacet
  facet normal  5.694791e-001  4.222262e-001 -7.052791e-001
    outer loop
      vertex  3.170945e+001  2.438260e+001 -4.000000e+000
      vertex  3.149308e+001  2.300404e+001 -5.000000e+000
      vertex  3.116229e+001  2.345019e+001 -5.000000e+000
    endloop
  endfacet
  facet normal  5.617430e-001  4.290196e-001 -7.073805e-001
    outer loop
      vertex  3.170945e+001  2.438260e+001 -4.000000e+000
      vertex  3.116229e+001  2.345019e+001 -5.000000e+000
      vertex  3.082518e+001  2.389159e+001 -5.000000e+000
    endloop
  endfacet
  facet normal  5.499904e-001  4.417021e-001 -7.088087e-001
    outer loop
      vertex  3.136297e+001  2.482668e+001 -4.000000e+000
      vertex  3.082518e+001  2.389159e+001 -5.000000e+000
      vertex  3.101028e+001  2.526583e+001 -4.000000e+000
    endloop
  endfacet
  facet normal  5.571608e-001  4.382256e-001 -7.053583e-001
    outer loop
      vertex  3.101028e+001  2.526583e+001 -4.000000e+000
      vertex  3.082518e+001  2.389159e+001 -5.000000e+000
      vertex  3.048182e+001  2.432814e+001 -5.000000e+000
    endloop
  endfacet
  facet normal  5.437453e-001  4.494263e-001 -7.087715e-001
    outer loop
      vertex  3.101028e+001  2.526583e+001 -4.000000e+000
      vertex  3.048182e+001  2.432814e+001 -5.000000e+000
      vertex  3.065145e+001  2.569998e+001 -4.000000e+000
    endloop
  endfacet
  facet normal  5.309308e-001  4.646089e-001 -7.086967e-001
    outer loop
      vertex  3.028653e+001  2.612903e+001 -4.000000e+000
      vertex  2.977662e+001  2.518636e+001 -5.000000e+000
      vertex  2.991561e+001  2.655290e+001 -4.000000e+000
    endloop
  endfacet
  facet normal  5.378495e-001  4.615465e-001 -7.054734e-001
    outer loop
      vertex  2.991561e+001  2.655290e+001 -4.000000e+000
      vertex  2.977662e+001  2.518636e+001 -5.000000e+000
      vertex  2.941493e+001  2.560785e+001 -5.000000e+000
    endloop
  endfacet
  facet normal  5.243635e-001  4.720633e-001 -7.086600e-001
    outer loop
      vertex  2.991561e+001  2.655290e+001 -4.000000e+000
      vertex  2.941493e+001  2.560785e+001 -5.000000e+000
      vertex  2.953876e+001  2.697150e+001 -4.000000e+000
    endloop
  endfacet
  facet normal  5.109158e-001  4.866913e-001 -7.085876e-001
    outer loop
      vertex  2.915605e+001  2.738476e+001 -4.000000e+000
      vertex  2.867372e+001  2.643517e+001 -5.000000e+000
      vertex  2.876756e+001  2.779259e+001 -4.000000e+000
    endloop
  endfacet
  facet normal  5.175623e-001  4.840212e-001 -7.055869e-001
    outer loop
      vertex  2.876756e+001  2.779259e+001 -4.000000e+000
      vertex  2.867372e+001  2.643517e+001 -5.000000e+000
      vertex  2.829435e+001  2.684082e+001 -5.000000e+000
    endloop
  endfacet
  facet normal  5.040355e-001  4.938630e-001 -7.085531e-001
    outer loop
      vertex  2.876756e+001  2.779259e+001 -4.000000e+000
      vertex  2.829435e+001  2.684082e+001 -5.000000e+000
      vertex  2.837336e+001  2.819490e+001 -4.000000e+000
    endloop
  endfacet
  facet normal  4.899812e-001  5.079098e-001 -7.084815e-001
    outer loop
      vertex  2.797354e+001  2.859163e+001 -4.000000e+000
      vertex  2.751848e+001  2.763573e+001 -5.000000e+000
      vertex  2.756817e+001  2.898268e+001 -4.000000e+000
    endloop
  endfacet
  facet normal  4.963398e-001  5.056077e-001 -7.056966e-001
    outer loop
      vertex  2.756817e+001  2.898268e+001 -4.000000e+000
      vertex  2.751848e+001  2.763573e+001 -5.000000e+000
      vertex  2.712213e+001  2.802481e+001 -5.000000e+000
    endloop
  endfacet
  facet normal  4.828021e-001  5.147845e-001 -7.084484e-001
    outer loop
      vertex  2.756817e+001  2.898268e+001 -4.000000e+000
      vertex  2.712213e+001  2.802481e+001 -5.000000e+000
      vertex  2.715734e+001  2.936799e+001 -4.000000e+000
    endloop
  endfacet
  facet normal  4.606962e-001  5.347930e-001 -7.083470e-001
    outer loop
      vertex  2.631960e+001  3.012107e+001 -4.000000e+000
      vertex  2.590042e+001  2.915765e+001 -5.000000e+000
      vertex  2.589286e+001  3.048868e+001 -4.000000e+000
    endloop
  endfacet
  facet normal  4.666594e-001  5.329400e-001 -7.058356e-001
    outer loop
      vertex  2.589286e+001  3.048868e+001 -4.000000e+000
      vertex  2.590042e+001  2.915765e+001 -5.000000e+000
      vertex  2.548256e+001  2.952353e+001 -5.000000e+000
    endloop
  endfacet
  facet normal  4.531438e-001  5.412521e-001 -7.083126e-001
    outer loop
      vertex  2.589286e+001  3.048868e+001 -4.000000e+000
      vertex  2.548256e+001  2.952353e+001 -5.000000e+000
      vertex  2.546099e+001  3.085025e+001 -4.000000e+000
    endloop
  endfacet
  facet normal  4.589989e-001  5.395064e-001 -7.058702e-001
    outer loop
      vertex  2.546099e+001  3.085025e+001 -4.000000e+000
      vertex  2.548256e+001  2.952353e+001 -5.000000e+000
      vertex  2.505954e+001  2.988343e+001 -5.000000e+000
    endloop
  endfacet
  facet normal  4.502629e-001  5.447702e-001 -7.074523e-001
    outer loop
      vertex  2.546099e+001  3.085025e+001 -4.000000e+000
      vertex  2.505954e+001  2.988343e+001 -5.000000e+000
      vertex  2.463143e+001  3.023727e+001 -5.000000e+000
    endloop
  endfacet
  facet normal  4.377625e-001  5.538491e-001 -7.082481e-001
    outer loop
      vertex  2.502407e+001  3.120571e+001 -4.000000e+000
      vertex  2.463143e+001  3.023727e+001 -5.000000e+000
      vertex  2.458218e+001  3.155497e+001 -4.000000e+000
    endloop
  endfacet
  facet normal  4.434069e-001  5.523066e-001 -7.059375e-001
    outer loop
      vertex  2.458218e+001  3.155497e+001 -4.000000e+000
      vertex  2.463143e+001  3.023727e+001 -5.000000e+000
      vertex  2.419833e+001  3.058498e+001 -5.000000e+000
    endloop
  endfacet
  facet normal  4.299427e-001  5.599827e-001 -7.082151e-001
    outer loop
      vertex  2.458218e+001  3.155497e+001 -4.000000e+000
      vertex  2.419833e+001  3.058498e+001 -5.000000e+000
      vertex  2.413543e+001  3.189798e+001 -4.000000e+000
    endloop
  endfacet
  facet normal  4.354764e-001  5.585386e-001 -7.059709e-001
    outer loop
      vertex  2.413543e+001  3.189798e+001 -4.000000e+000
      vertex  2.419833e+001  3.058498e+001 -5.000000e+000
      vertex  2.376032e+001  3.092648e+001 -5.000000e+000
    endloop
  endfacet
  facet normal  4.265843e-001  5.635002e-001 -7.074556e-001
    outer loop
      vertex  2.413543e+001  3.189798e+001 -4.000000e+000
      vertex  2.376032e+001  3.092648e+001 -5.000000e+000
      vertex  2.331749e+001  3.126171e+001 -5.000000e+000
    endloop
  endfacet
  facet normal  4.140432e-001  5.719185e-001 -7.081508e-001
    outer loop
      vertex  2.368388e+001  3.223466e+001 -4.000000e+000
      vertex  2.331749e+001  3.126171e+001 -5.000000e+000
      vertex  2.322764e+001  3.256496e+001 -4.000000e+000
    endloop
  endfacet
  facet normal  4.193539e-001  5.706620e-001 -7.060362e-001
    outer loop
      vertex  2.322764e+001  3.256496e+001 -4.000000e+000
      vertex  2.331749e+001  3.126171e+001 -5.000000e+000
      vertex  2.286994e+001  3.159060e+001 -5.000000e+000
    endloop
  endfacet
  facet normal  4.059599e-001  5.777197e-001 -7.081218e-001
    outer loop
      vertex  2.322764e+001  3.256496e+001 -4.000000e+000
      vertex  2.286994e+001  3.159060e+001 -5.000000e+000
      vertex  2.276680e+001  3.288879e+001 -4.000000e+000
    endloop
  endfacet
  facet normal  4.111665e-001  5.765508e-001 -7.060674e-001
    outer loop
      vertex  2.276680e+001  3.288879e+001 -4.000000e+000
      vertex  2.286994e+001  3.159060e+001 -5.000000e+000
      vertex  2.241774e+001  3.191308e+001 -5.000000e+000
    endloop
  endfacet
  facet normal  4.021257e-001  5.812075e-001 -7.074552e-001
    outer loop
      vertex  2.276680e+001  3.288879e+001 -4.000000e+000
      vertex  2.241774e+001  3.191308e+001 -5.000000e+000
      vertex  2.196100e+001  3.222910e+001 -5.000000e+000
    endloop
  endfacet
  facet normal  3.895677e-001  5.889716e-001 -7.080604e-001
    outer loop
      vertex  2.230144e+001  3.320611e+001 -4.000000e+000
      vertex  2.196100e+001  3.222910e+001 -5.000000e+000
      vertex  2.183166e+001  3.351684e+001 -4.000000e+000
    endloop
  endfacet
  facet normal  3.945467e-001  5.879731e-001 -7.061307e-001
    outer loop
      vertex  2.183166e+001  3.351684e+001 -4.000000e+000
      vertex  2.196100e+001  3.222910e+001 -5.000000e+000
      vertex  2.149980e+001  3.253857e+001 -5.000000e+000
    endloop
  endfacet
  facet normal  3.812523e-001  5.944244e-001 -7.080299e-001
    outer loop
      vertex  2.183166e+001  3.351684e+001 -4.000000e+000
      vertex  2.149980e+001  3.253857e+001 -5.000000e+000
      vertex  2.135755e+001  3.382093e+001 -4.000000e+000
    endloop
  endfacet
  facet normal  3.861154e-001  5.935071e-001 -7.061617e-001
    outer loop
      vertex  2.135755e+001  3.382093e+001 -4.000000e+000
      vertex  2.149980e+001  3.253857e+001 -5.000000e+000
      vertex  2.103424e+001  3.284145e+001 -5.000000e+000
    endloop
  endfacet
  facet normal  3.769372e-001  5.978541e-001 -7.074523e-001
    outer loop
      vertex  2.135755e+001  3.382093e+001 -4.000000e+000
      vertex  2.103424e+001  3.284145e+001 -5.000000e+000
      vertex  2.056442e+001  3.313766e+001 -5.000000e+000
    endloop
  endfacet
  facet normal  3.643945e-001  6.049749e-001 -7.079704e-001
    outer loop
      vertex  2.087921e+001  3.411831e+001 -4.000000e+000
      vertex  2.056442e+001  3.313766e+001 -5.000000e+000
      vertex  2.039672e+001  3.440892e+001 -4.000000e+000
    endloop
  endfacet
  facet normal  3.690245e-001  6.042107e-001 -7.062225e-001
    outer loop
      vertex  2.039672e+001  3.440892e+001 -4.000000e+000
      vertex  2.056442e+001  3.313766e+001 -5.000000e+000
      vertex  2.009043e+001  3.342715e+001 -5.000000e+000
    endloop
  endfacet
  facet normal  3.558528e-001  6.100713e-001 -7.079419e-001
    outer loop
      vertex  2.039672e+001  3.440892e+001 -4.000000e+000
      vertex  2.009043e+001  3.342715e+001 -5.000000e+000
      vertex  1.991019e+001  3.469271e+001 -4.000000e+000
    endloop
  endfacet
  facet normal  3.385635e-001  6.198993e-001 -7.078839e-001
    outer loop
      vertex  1.941972e+001  3.496962e+001 -4.000000e+000
      vertex  1.913032e+001  3.398575e+001 -5.000000e+000
      vertex  1.892539e+001  3.523960e+001 -4.000000e+000
    endloop
  endfacet
  facet normal  3.428396e-001  6.193435e-001 -7.063106e-001
    outer loop
      vertex  1.892539e+001  3.523960e+001 -4.000000e+000
      vertex  1.913032e+001  3.398575e+001 -5.000000e+000
      vertex  1.864439e+001  3.425473e+001 -5.000000e+000
    endloop
  endfacet
  facet normal  3.298093e-001  6.246313e-001 -7.078570e-001
    outer loop
      vertex  1.892539e+001  3.523960e+001 -4.000000e+000
      vertex  1.864439e+001  3.425473e+001 -5.000000e+000
      vertex  1.842731e+001  3.550259e+001 -4.000000e+000
    endloop
  endfacet
  facet normal  3.121137e-001  6.337196e-001 -7.078025e-001
    outer loop
      vertex  1.792558e+001  3.575855e+001 -4.000000e+000
      vertex  1.766129e+001  3.477181e+001 -5.000000e+000
      vertex  1.742029e+001  3.600741e+001 -4.000000e+000
    endloop
  endfacet
  facet normal  3.160360e-001  6.333457e-001 -7.063954e-001
    outer loop
      vertex  1.742029e+001  3.600741e+001 -4.000000e+000
      vertex  1.766129e+001  3.477181e+001 -5.000000e+000
      vertex  1.716432e+001  3.501979e+001 -5.000000e+000
    endloop
  endfacet
  facet normal  3.031728e-001  6.380762e-001 -7.077747e-001
    outer loop
      vertex  1.742029e+001  3.600741e+001 -4.000000e+000
      vertex  1.716432e+001  3.501979e+001 -5.000000e+000
      vertex  1.691155e+001  3.624913e+001 -4.000000e+000
    endloop
  endfacet
  facet normal  2.851096e-001  6.464071e-001 -7.077219e-001
    outer loop
      vertex  1.639945e+001  3.648367e+001 -4.000000e+000
      vertex  1.616004e+001  3.549441e+001 -5.000000e+000
      vertex  1.588411e+001  3.671097e+001 -4.000000e+000
    endloop
  endfacet
  facet normal  2.886670e-001  6.461904e-001 -7.064769e-001
    outer loop
      vertex  1.588411e+001  3.671097e+001 -4.000000e+000
      vertex  1.616004e+001  3.549441e+001 -5.000000e+000
      vertex  1.565293e+001  3.572094e+001 -5.000000e+000
    endloop
  endfacet
  facet normal  2.759859e-001  6.503831e-001 -7.076961e-001
    outer loop
      vertex  1.588411e+001  3.671097e+001 -4.000000e+000
      vertex  1.565293e+001  3.572094e+001 -5.000000e+000
      vertex  1.536561e+001  3.693099e+001 -4.000000e+000
    endloop
  endfacet
  facet normal  2.575818e-001  6.579434e-001 -7.076455e-001
    outer loop
      vertex  1.484407e+001  3.714369e+001 -4.000000e+000
      vertex  1.462929e+001  3.615223e+001 -5.000000e+000
      vertex  1.431958e+001  3.734902e+001 -4.000000e+000
    endloop
  endfacet
  facet normal  2.607748e-001  6.578581e-001 -7.065545e-001
    outer loop
      vertex  1.431958e+001  3.734902e+001 -4.000000e+000
      vertex  1.462929e+001  3.615223e+001 -5.000000e+000
      vertex  1.411297e+001  3.635690e+001 -5.000000e+000
    endloop
  endfacet
  facet normal  2.483024e-001  6.615289e-001 -7.076195e-001
    outer loop
      vertex  1.431958e+001  3.734902e+001 -4.000000e+000
      vertex  1.411297e+001  3.635690e+001 -5.000000e+000
      vertex  1.379226e+001  3.754695e+001 -4.000000e+000
    endloop
  endfacet
  facet normal  2.295871e-001  6.683042e-001 -7.075727e-001
    outer loop
      vertex  1.326220e+001  3.773744e+001 -4.000000e+000
      vertex  1.307185e+001  3.674407e+001 -5.000000e+000
      vertex  1.272951e+001  3.792044e+001 -4.000000e+000
    endloop
  endfacet
  facet normal  2.324098e-001  6.683251e-001 -7.066309e-001
    outer loop
      vertex  1.272951e+001  3.792044e+001 -4.000000e+000
      vertex  1.307185e+001  3.674407e+001 -5.000000e+000
      vertex  1.254726e+001  3.692650e+001 -5.000000e+000
    endloop
  endfacet
  facet normal  2.201664e-001  6.714928e-001 -7.075480e-001
    outer loop
      vertex  1.272951e+001  3.792044e+001 -4.000000e+000
      vertex  1.254726e+001  3.692650e+001 -5.000000e+000
      vertex  1.219429e+001  3.809592e+001 -4.000000e+000
    endloop
  endfacet
  facet normal  2.011793e-001  6.774712e-001 -7.075025e-001
    outer loop
      vertex  1.165666e+001  3.826385e+001 -4.000000e+000
      vertex  1.149055e+001  3.726885e+001 -5.000000e+000
      vertex  1.111672e+001  3.842419e+001 -4.000000e+000
    endloop
  endfacet
  facet normal  2.036331e-001  6.775728e-001 -7.067026e-001
    outer loop
      vertex  1.111672e+001  3.842419e+001 -4.000000e+000
      vertex  1.149055e+001  3.726885e+001 -5.000000e+000
      vertex  1.095864e+001  3.742871e+001 -5.000000e+000
    endloop
  endfacet
  facet normal  1.916318e-001  6.802581e-001 -7.074786e-001
    outer loop
      vertex  1.111672e+001  3.842419e+001 -4.000000e+000
      vertex  1.095864e+001  3.742871e+001 -5.000000e+000
      vertex  1.057457e+001  3.857692e+001 -4.000000e+000
    endloop
  endfacet
  facet normal  1.627461e-001  6.878081e-001 -7.074133e-001
    outer loop
      vertex  9.484097e+000  3.885939e+001 -4.000000e+000
      vertex  9.350025e+000  3.786261e+001 -5.000000e+000
      vertex  8.935985e+000  3.898908e+001 -4.000000e+000
    endloop
  endfacet
  facet normal  1.647071e-001  6.879786e-001 -7.067935e-001
    outer loop
      vertex  8.935985e+000  3.898908e+001 -4.000000e+000
      vertex  9.350025e+000  3.786261e+001 -5.000000e+000
      vertex  8.809881e+000  3.799192e+001 -5.000000e+000
    endloop
  endfacet
  facet normal  1.530478e-001  6.900530e-001 -7.073918e-001
    outer loop
      vertex  8.935985e+000  3.898908e+001 -4.000000e+000
      vertex  8.809881e+000  3.799192e+001 -5.000000e+000
      vertex  8.386100e+000  3.911104e+001 -4.000000e+000
    endloop
  endfacet
  facet normal  1.548880e-001  6.902340e-001 -7.068145e-001
    outer loop
      vertex  8.386100e+000  3.911104e+001 -4.000000e+000
      vertex  8.809881e+000  3.799192e+001 -5.000000e+000
      vertex  8.267951e+000  3.811353e+001 -5.000000e+000
    endloop
  endfacet
  facet normal  1.449408e-001  6.918971e-001 -7.072982e-001
    outer loop
      vertex  8.386100e+000  3.911104e+001 -4.000000e+000
      vertex  8.267951e+000  3.811353e+001 -5.000000e+000
      vertex  7.724345e+000  3.822741e+001 -5.000000e+000
    endloop
  endfacet
  facet normal  1.335675e-001  6.941304e-001 -7.073491e-001
    outer loop
      vertex  7.834552e+000  3.922524e+001 -4.000000e+000
      vertex  7.724345e+000  3.822741e+001 -5.000000e+000
      vertex  7.281451e+000  3.933167e+001 -4.000000e+000
    endloop
  endfacet
  facet normal  1.351587e-001  6.943232e-001 -7.068574e-001
    outer loop
      vertex  7.281451e+000  3.933167e+001 -4.000000e+000
      vertex  7.724345e+000  3.822741e+001 -5.000000e+000
      vertex  7.179171e+000  3.833353e+001 -5.000000e+000
    endloop
  endfacet
  facet normal  1.237810e-001  6.959621e-001 -7.073295e-001
    outer loop
      vertex  7.281451e+000  3.933167e+001 -4.000000e+000
      vertex  7.179171e+000  3.833353e+001 -5.000000e+000
      vertex  6.726906e+000  3.943030e+001 -4.000000e+000
    endloop
  endfacet
  facet normal  1.041387e-001  6.992100e-001 -7.072910e-001
    outer loop
      vertex  6.171028e+000  3.952111e+001 -4.000000e+000
      vertex  6.084567e+000  3.852243e+001 -5.000000e+000
      vertex  5.613925e+000  3.960409e+001 -4.000000e+000
    endloop
  endfacet
  facet normal  1.053730e-001  6.994022e-001 -7.069180e-001
    outer loop
      vertex  5.613925e+000  3.960409e+001 -4.000000e+000
      vertex  6.084567e+000  3.852243e+001 -5.000000e+000
      vertex  5.535358e+000  3.860518e+001 -5.000000e+000
    endloop
  endfacet
  facet normal  9.428817e-002  7.006270e-001 -7.072705e-001
    outer loop
      vertex  5.613925e+000  3.960409e+001 -4.000000e+000
      vertex  5.535358e+000  3.860518e+001 -5.000000e+000
      vertex  5.055710e+000  3.967921e+001 -4.000000e+000
    endloop
  endfacet
  facet normal  7.452285e-002  7.030412e-001 -7.072337e-001
    outer loop
      vertex  4.496492e+000  3.974647e+001 -4.000000e+000
      vertex  4.433685e+000  3.874716e+001 -5.000000e+000
      vertex  3.936383e+000  3.980584e+001 -4.000000e+000
    endloop
  endfacet
  facet normal  7.539348e-002  7.032071e-001 -7.069764e-001
    outer loop
      vertex  3.936383e+000  3.980584e+001 -4.000000e+000
      vertex  4.433685e+000  3.874716e+001 -5.000000e+000
      vertex  3.881443e+000  3.880637e+001 -5.000000e+000
    endloop
  endfacet
  facet normal  6.462251e-002  7.040384e-001 -7.072155e-001
    outer loop
      vertex  3.936383e+000  3.980584e+001 -4.000000e+000
      vertex  3.881443e+000  3.880637e+001 -5.000000e+000
      vertex  3.375493e+000  3.985732e+001 -4.000000e+000
    endloop
  endfacet
  facet normal  4.477262e-002  7.056147e-001 -7.071798e-001
    outer loop
      vertex  2.813934e+000  3.990090e+001 -4.000000e+000
      vertex  2.774711e+000  3.890117e+001 -5.000000e+000
      vertex  2.251817e+000  3.993657e+001 -4.000000e+000
    endloop
  endfacet
  facet normal  4.528797e-002  7.057311e-001 -7.070308e-001
    outer loop
      vertex  2.251817e+000  3.993657e+001 -4.000000e+000
      vertex  2.774711e+000  3.890117e+001 -5.000000e+000
      vertex  2.220444e+000  3.893674e+001 -5.000000e+000
    endloop
  endfacet
  facet normal  3.483248e-002  7.061917e-001 -7.071633e-001
    outer loop
      vertex  2.251817e+000  3.993657e+001 -4.000000e+000
      vertex  2.220444e+000  3.893674e+001 -5.000000e+000
      vertex  1.689254e+000  3.996431e+001 -4.000000e+000
    endloop
  endfacet
  facet normal  1.493164e-002  7.069257e-001 -7.071302e-001
    outer loop
      vertex  1.126355e+000  3.998414e+001 -4.000000e+000
      vertex  1.110673e+000  3.898418e+001 -5.000000e+000
      vertex  5.632335e-001  3.999603e+001 -4.000000e+000
    endloop
  endfacet
  facet normal  1.510463e-002  7.069709e-001 -7.070813e-001
    outer loop
      vertex  5.632335e-001  3.999603e+001 -4.000000e+000
      vertex  1.110673e+000  3.898418e+001 -5.000000e+000
      vertex  5.553926e-001  3.899604e+001 -5.000000e+000
    endloop
  endfacet
  facet normal  4.980525e-003  7.070826e-001 -7.071134e-001
    outer loop
      vertex  5.632335e-001  3.999603e+001 -4.000000e+000
      vertex  5.553926e-001  3.899604e+001 -5.000000e+000
      vertex -4.195963e-014  4.000000e+001 -4.000000e+000
    endloop
  endfacet
  facet normal -2.479436e-002  7.039959e-001 -7.097710e-001
    outer loop
      vertex -1.126355e+000  3.998414e+001 -4.000000e+000
      vertex -5.553926e-001  3.899604e+001 -5.000000e+000
      vertex -1.689254e+000  3.996431e+001 -4.000000e+000
    endloop
  endfacet
  facet normal -1.516259e-002  7.096837e-001 -7.043573e-001
    outer loop
      vertex -1.689254e+000  3.996431e+001 -4.000000e+000
      vertex -5.553926e-001  3.899604e+001 -5.000000e+000
      vertex -1.110672e+000  3.898418e+001 -5.000000e+000
    endloop
  endfacet
  facet normal -3.470581e-002  7.036236e-001 -7.097248e-001
    outer loop
      vertex -1.689254e+000  3.996431e+001 -4.000000e+000
      vertex -1.110672e+000  3.898418e+001 -5.000000e+000
      vertex -2.251817e+000  3.993657e+001 -4.000000e+000
    endloop
  endfacet
  facet normal -2.526286e-002  7.093503e-001 -7.044032e-001
    outer loop
      vertex -2.251817e+000  3.993657e+001 -4.000000e+000
      vertex -1.110672e+000  3.898418e+001 -5.000000e+000
      vertex -1.665727e+000  3.896441e+001 -5.000000e+000
    endloop
  endfacet
  facet normal -3.523213e-002  7.061756e-001 -7.071597e-001
    outer loop
      vertex -2.251817e+000  3.993657e+001 -4.000000e+000
      vertex -1.665727e+000  3.896441e+001 -5.000000e+000
      vertex -2.220444e+000  3.893674e+001 -5.000000e+000
    endloop
  endfacet
  facet normal -5.450871e-002  7.024590e-001 -7.096339e-001
    outer loop
      vertex -2.813934e+000  3.990090e+001 -4.000000e+000
      vertex -2.220444e+000  3.893674e+001 -5.000000e+000
      vertex -3.375493e+000  3.985732e+001 -4.000000e+000
    endloop
  endfacet
  facet normal -4.544947e-002  7.082478e-001 -7.044992e-001
    outer loop
      vertex -3.375493e+000  3.985732e+001 -4.000000e+000
      vertex -2.220444e+000  3.893674e+001 -5.000000e+000
      vertex -2.774711e+000  3.890117e+001 -5.000000e+000
    endloop
  endfacet
  facet normal -6.440453e-002  7.016636e-001 -7.095916e-001
    outer loop
      vertex -3.375493e+000  3.985732e+001 -4.000000e+000
      vertex -2.774711e+000  3.890117e+001 -5.000000e+000
      vertex -3.936383e+000  3.980584e+001 -4.000000e+000
    endloop
  endfacet
  facet normal -5.552643e-002  7.074846e-001 -7.045441e-001
    outer loop
      vertex -3.936383e+000  3.980584e+001 -4.000000e+000
      vertex -2.774711e+000  3.890117e+001 -5.000000e+000
      vertex -3.328414e+000  3.885771e+001 -5.000000e+000
    endloop
  endfacet
  facet normal -6.535640e-002  7.039844e-001 -7.072018e-001
    outer loop
      vertex -3.936383e+000  3.980584e+001 -4.000000e+000
      vertex -3.328414e+000  3.885771e+001 -5.000000e+000
      vertex -3.881443e+000  3.880637e+001 -5.000000e+000
    endloop
  endfacet
  facet normal -8.414782e-002  6.996598e-001 -7.095037e-001
    outer loop
      vertex -4.496492e+000  3.974647e+001 -4.000000e+000
      vertex -3.881443e+000  3.880637e+001 -5.000000e+000
      vertex -5.055710e+000  3.967921e+001 -4.000000e+000
    endloop
  endfacet
  facet normal -7.564213e-002  7.055258e-001 -7.046358e-001
    outer loop
      vertex -5.055710e+000  3.967921e+001 -4.000000e+000
      vertex -3.881443e+000  3.880637e+001 -5.000000e+000
      vertex -4.433684e+000  3.874716e+001 -5.000000e+000
    endloop
  endfacet
  facet normal -9.399536e-002  6.984512e-001 -7.094582e-001
    outer loop
      vertex -5.055710e+000  3.967921e+001 -4.000000e+000
      vertex -4.433684e+000  3.874716e+001 -5.000000e+000
      vertex -5.613925e+000  3.960409e+001 -4.000000e+000
    endloop
  endfacet
  facet normal -8.568074e-002  7.043302e-001 -7.046827e-001
    outer loop
      vertex -5.613925e+000  3.960409e+001 -4.000000e+000
      vertex -4.433684e+000  3.874716e+001 -5.000000e+000
      vertex -4.985027e+000  3.868009e+001 -5.000000e+000
    endloop
  endfacet
  facet normal -9.535621e-002  7.005128e-001 -7.072404e-001
    outer loop
      vertex -5.613925e+000  3.960409e+001 -4.000000e+000
      vertex -4.985027e+000  3.868009e+001 -5.000000e+000
      vertex -5.535358e+000  3.860518e+001 -5.000000e+000
    endloop
  endfacet
  facet normal -1.136406e-001  6.956116e-001 -7.093732e-001
    outer loop
      vertex -6.171028e+000  3.952111e+001 -4.000000e+000
      vertex -5.535358e+000  3.860518e+001 -5.000000e+000
      vertex -6.726906e+000  3.943030e+001 -4.000000e+000
    endloop
  endfacet
  facet normal -1.056914e-001  7.015157e-001 -7.047731e-001
    outer loop
      vertex -6.726906e+000  3.943030e+001 -4.000000e+000
      vertex -5.535358e+000  3.860518e+001 -5.000000e+000
      vertex -6.084567e+000  3.852243e+001 -5.000000e+000
    endloop
  endfacet
  facet normal -1.234294e-001  6.939854e-001 -7.093303e-001
    outer loop
      vertex -6.726906e+000  3.943030e+001 -4.000000e+000
      vertex -6.084567e+000  3.852243e+001 -5.000000e+000
      vertex -7.281451e+000  3.933167e+001 -4.000000e+000
    endloop
  endfacet
  facet normal -1.429385e-001  6.903189e-001 -7.092449e-001
    outer loop
      vertex -7.834552e+000  3.922524e+001 -4.000000e+000
      vertex -7.179171e+000  3.833353e+001 -5.000000e+000
      vertex -8.386100e+000  3.911104e+001 -4.000000e+000
    endloop
  endfacet
  facet normal -1.355308e-001  6.962344e-001 -7.049035e-001
    outer loop
      vertex -8.386100e+000  3.911104e+001 -4.000000e+000
      vertex -7.179171e+000  3.833353e+001 -5.000000e+000
      vertex -7.724345e+000  3.822741e+001 -5.000000e+000
    endloop
  endfacet
  facet normal -1.526540e-001  6.882776e-001 -7.092042e-001
    outer loop
      vertex -8.386100e+000  3.911104e+001 -4.000000e+000
      vertex -7.724345e+000  3.822741e+001 -5.000000e+000
      vertex -8.935985e+000  3.898908e+001 -4.000000e+000
    endloop
  endfacet
  facet normal -1.719973e-001  6.837845e-001 -7.091232e-001
    outer loop
      vertex -9.484097e+000  3.885939e+001 -4.000000e+000
      vertex -8.809881e+000  3.799192e+001 -5.000000e+000
      vertex -1.003033e+001  3.872199e+001 -4.000000e+000
    endloop
  endfacet
  facet normal -1.651157e-001  6.896854e-001 -7.050326e-001
    outer loop
      vertex -1.003033e+001  3.872199e+001 -4.000000e+000
      vertex -8.809881e+000  3.799192e+001 -5.000000e+000
      vertex -9.350025e+000  3.786261e+001 -5.000000e+000
    endloop
  endfacet
  facet normal -1.816160e-001  6.813356e-001 -7.090821e-001
    outer loop
      vertex -1.003033e+001  3.872199e+001 -4.000000e+000
      vertex -9.350025e+000  3.786261e+001 -5.000000e+000
      vertex -1.057457e+001  3.857692e+001 -4.000000e+000
    endloop
  endfacet
  facet normal -2.102665e-001  6.731697e-001 -7.089643e-001
    outer loop
      vertex -1.165666e+001  3.826385e+001 -4.000000e+000
      vertex -1.095864e+001  3.742871e+001 -5.000000e+000
      vertex -1.219429e+001  3.809592e+001 -4.000000e+000
    endloop
  endfacet
  facet normal -2.040649e-001  6.790094e-001 -7.051976e-001
    outer loop
      vertex -1.219429e+001  3.809592e+001 -4.000000e+000
      vertex -1.095864e+001  3.742871e+001 -5.000000e+000
      vertex -1.149055e+001  3.726885e+001 -5.000000e+000
    endloop
  endfacet
  facet normal -2.197362e-001  6.701807e-001 -7.089244e-001
    outer loop
      vertex -1.219429e+001  3.809592e+001 -4.000000e+000
      vertex -1.149055e+001  3.726885e+001 -5.000000e+000
      vertex -1.272951e+001  3.792044e+001 -4.000000e+000
    endloop
  endfacet
  facet normal -2.137038e-001  6.759948e-001 -7.052388e-001
    outer loop
      vertex -1.272951e+001  3.792044e+001 -4.000000e+000
      vertex -1.149055e+001  3.726885e+001 -5.000000e+000
      vertex -1.202012e+001  3.710144e+001 -5.000000e+000
    endloop
  endfacet
  facet normal -2.226360e-001  6.708632e-001 -7.073724e-001
    outer loop
      vertex -1.272951e+001  3.792044e+001 -4.000000e+000
      vertex -1.202012e+001  3.710144e+001 -5.000000e+000
      vertex -1.254726e+001  3.692650e+001 -5.000000e+000
    endloop
  endfacet
  facet normal -2.385484e-001  6.637985e-001 -7.088486e-001
    outer loop
      vertex -1.326220e+001  3.773744e+001 -4.000000e+000
      vertex -1.254726e+001  3.692650e+001 -5.000000e+000
      vertex -1.379226e+001  3.754695e+001 -4.000000e+000
    endloop
  endfacet
  facet normal -2.328398e-001  6.695618e-001 -7.053174e-001
    outer loop
      vertex -1.379226e+001  3.754695e+001 -4.000000e+000
      vertex -1.254726e+001  3.692650e+001 -5.000000e+000
      vertex -1.307185e+001  3.674407e+001 -5.000000e+000
    endloop
  endfacet
  facet normal -2.478833e-001  6.604121e-001 -7.088087e-001
    outer loop
      vertex -1.379226e+001  3.754695e+001 -4.000000e+000
      vertex -1.307185e+001  3.674407e+001 -5.000000e+000
      vertex -1.431958e+001  3.734902e+001 -4.000000e+000
    endloop
  endfacet
  facet normal -2.423396e-001  6.661404e-001 -7.053570e-001
    outer loop
      vertex -1.431958e+001  3.734902e+001 -4.000000e+000
      vertex -1.307185e+001  3.674407e+001 -5.000000e+000
      vertex -1.359379e+001  3.655419e+001 -5.000000e+000
    endloop
  endfacet
  facet normal -2.510781e-001  6.607228e-001 -7.073932e-001
    outer loop
      vertex -1.431958e+001  3.734902e+001 -4.000000e+000
      vertex -1.359379e+001  3.655419e+001 -5.000000e+000
      vertex -1.411297e+001  3.635690e+001 -5.000000e+000
    endloop
  endfacet
  facet normal -2.664096e-001  6.532405e-001 -7.087332e-001
    outer loop
      vertex -1.484407e+001  3.714369e+001 -4.000000e+000
      vertex -1.411297e+001  3.635690e+001 -5.000000e+000
      vertex -1.536561e+001  3.693099e+001 -4.000000e+000
    endloop
  endfacet
  facet normal -2.611858e-001  6.588949e-001 -7.054358e-001
    outer loop
      vertex -1.536561e+001  3.693099e+001 -4.000000e+000
      vertex -1.411297e+001  3.635690e+001 -5.000000e+000
      vertex -1.462929e+001  3.615223e+001 -5.000000e+000
    endloop
  endfacet
  facet normal -2.755939e-001  6.494592e-001 -7.086966e-001
    outer loop
      vertex -1.536561e+001  3.693099e+001 -4.000000e+000
      vertex -1.462929e+001  3.615223e+001 -5.000000e+000
      vertex -1.588411e+001  3.671097e+001 -4.000000e+000
    endloop
  endfacet
  facet normal -2.705241e-001  6.550757e-001 -7.054731e-001
    outer loop
      vertex -1.588411e+001  3.671097e+001 -4.000000e+000
      vertex -1.462929e+001  3.615223e+001 -5.000000e+000
      vertex -1.514265e+001  3.594023e+001 -5.000000e+000
    endloop
  endfacet
  facet normal -2.790621e-001  6.493782e-001 -7.074124e-001
    outer loop
      vertex -1.588411e+001  3.671097e+001 -4.000000e+000
      vertex -1.514265e+001  3.594023e+001 -5.000000e+000
      vertex -1.565293e+001  3.572094e+001 -5.000000e+000
    endloop
  endfacet
  facet normal -2.938052e-001  6.415073e-001 -7.086232e-001
    outer loop
      vertex -1.639945e+001  3.648367e+001 -4.000000e+000
      vertex -1.565293e+001  3.572094e+001 -5.000000e+000
      vertex -1.691155e+001  3.624913e+001 -4.000000e+000
    endloop
  endfacet
  facet normal -2.890439e-001  6.470342e-001 -7.055498e-001
    outer loop
      vertex -1.691155e+001  3.624913e+001 -4.000000e+000
      vertex -1.565293e+001  3.572094e+001 -5.000000e+000
      vertex -1.616004e+001  3.549441e+001 -5.000000e+000
    endloop
  endfacet
  facet normal -3.028227e-001  6.373395e-001 -7.085879e-001
    outer loop
      vertex -1.691155e+001  3.624913e+001 -4.000000e+000
      vertex -1.616004e+001  3.549441e+001 -5.000000e+000
      vertex -1.742029e+001  3.600741e+001 -4.000000e+000
    endloop
  endfacet
  facet normal -2.982087e-001  6.428223e-001 -7.055857e-001
    outer loop
      vertex -1.742029e+001  3.600741e+001 -4.000000e+000
      vertex -1.616004e+001  3.549441e+001 -5.000000e+000
      vertex -1.666387e+001  3.526068e+001 -5.000000e+000
    endloop
  endfacet
  facet normal -3.065367e-001  6.368528e-001 -7.074276e-001
    outer loop
      vertex -1.742029e+001  3.600741e+001 -4.000000e+000
      vertex -1.666387e+001  3.526068e+001 -5.000000e+000
      vertex -1.716432e+001  3.501979e+001 -5.000000e+000
    endloop
  endfacet
  facet normal -3.206855e-001  6.286196e-001 -7.085184e-001
    outer loop
      vertex -1.792558e+001  3.575855e+001 -4.000000e+000
      vertex -1.716432e+001  3.501979e+001 -5.000000e+000
      vertex -1.842731e+001  3.550259e+001 -4.000000e+000
    endloop
  endfacet
  facet normal -3.163638e-001  6.340026e-001 -7.056590e-001
    outer loop
      vertex -1.842731e+001  3.550259e+001 -4.000000e+000
      vertex -1.716432e+001  3.501979e+001 -5.000000e+000
      vertex -1.766129e+001  3.477181e+001 -5.000000e+000
    endloop
  endfacet
  facet normal -3.295169e-001  6.240775e-001 -7.084813e-001
    outer loop
      vertex -1.842731e+001  3.550259e+001 -4.000000e+000
      vertex -1.766129e+001  3.477181e+001 -5.000000e+000
      vertex -1.892539e+001  3.523960e+001 -4.000000e+000
    endloop
  endfacet
  facet normal -3.253453e-001  6.293982e-001 -7.056970e-001
    outer loop
      vertex -1.892539e+001  3.523960e+001 -4.000000e+000
      vertex -1.766129e+001  3.477181e+001 -5.000000e+000
      vertex -1.815468e+001  3.451677e+001 -5.000000e+000
    endloop
  endfacet
  facet normal -3.334487e-001  6.231697e-001 -7.074402e-001
    outer loop
      vertex -1.892539e+001  3.523960e+001 -4.000000e+000
      vertex -1.815468e+001  3.451677e+001 -5.000000e+000
      vertex -1.864439e+001  3.425473e+001 -5.000000e+000
    endloop
  endfacet
  facet normal -3.469957e-001  6.146098e-001 -7.084129e-001
    outer loop
      vertex -1.941972e+001  3.496962e+001 -4.000000e+000
      vertex -1.864439e+001  3.425473e+001 -5.000000e+000
      vertex -1.991019e+001  3.469271e+001 -4.000000e+000
    endloop
  endfacet
  facet normal -3.431025e-001  6.198184e-001 -7.057661e-001
    outer loop
      vertex -1.991019e+001  3.469271e+001 -4.000000e+000
      vertex -1.864439e+001  3.425473e+001 -5.000000e+000
      vertex -1.913032e+001  3.398575e+001 -5.000000e+000
    endloop
  endfacet
  facet normal -3.556319e-001  6.096926e-001 -7.083790e-001
    outer loop
      vertex -1.991019e+001  3.469271e+001 -4.000000e+000
      vertex -1.913032e+001  3.398575e+001 -5.000000e+000
      vertex -2.039672e+001  3.440892e+001 -4.000000e+000
    endloop
  endfacet
  facet normal -3.726946e-001  5.994925e-001 -7.083131e-001
    outer loop
      vertex -2.087921e+001  3.411831e+001 -4.000000e+000
      vertex -2.009043e+001  3.342715e+001 -5.000000e+000
      vertex -2.135755e+001  3.382093e+001 -4.000000e+000
    endloop
  endfacet
  facet normal -3.692067e-001  6.045115e-001 -7.058699e-001
    outer loop
      vertex -2.135755e+001  3.382093e+001 -4.000000e+000
      vertex -2.009043e+001  3.342715e+001 -5.000000e+000
      vertex -2.056442e+001  3.313766e+001 -5.000000e+000
    endloop
  endfacet
  facet normal -3.811170e-001  5.942134e-001 -7.082798e-001
    outer loop
      vertex -2.135755e+001  3.382093e+001 -4.000000e+000
      vertex -2.056442e+001  3.313766e+001 -5.000000e+000
      vertex -2.183166e+001  3.351684e+001 -4.000000e+000
    endloop
  endfacet
  facet normal -3.977373e-001  5.832968e-001 -7.082161e-001
    outer loop
      vertex -2.230144e+001  3.320611e+001 -4.000000e+000
      vertex -2.149980e+001  3.253857e+001 -5.000000e+000
      vertex -2.276680e+001  3.288879e+001 -4.000000e+000
    endloop
  endfacet
  facet normal -3.946357e-001  5.881057e-001 -7.059705e-001
    outer loop
      vertex -2.276680e+001  3.288879e+001 -4.000000e+000
      vertex -2.149980e+001  3.253857e+001 -5.000000e+000
      vertex -2.196100e+001  3.222910e+001 -5.000000e+000
    endloop
  endfacet
  facet normal -4.059248e-001  5.776698e-001 -7.081827e-001
    outer loop
      vertex -2.276680e+001  3.288879e+001 -4.000000e+000
      vertex -2.196100e+001  3.222910e+001 -5.000000e+000
      vertex -2.322764e+001  3.256496e+001 -4.000000e+000
    endloop
  endfacet
  facet normal -4.220693e-001  5.660596e-001 -7.081200e-001
    outer loop
      vertex -2.368388e+001  3.223466e+001 -4.000000e+000
      vertex -2.286994e+001  3.159060e+001 -5.000000e+000
      vertex -2.413543e+001  3.189798e+001 -4.000000e+000
    endloop
  endfacet
  facet normal -4.193355e-001  5.706370e-001 -7.060674e-001
    outer loop
      vertex -2.413543e+001  3.189798e+001 -4.000000e+000
      vertex -2.286994e+001  3.159060e+001 -5.000000e+000
      vertex -2.331749e+001  3.126171e+001 -5.000000e+000
    endloop
  endfacet
  facet normal -4.300190e-001  5.600821e-001 -7.080901e-001
    outer loop
      vertex -2.413543e+001  3.189798e+001 -4.000000e+000
      vertex -2.331749e+001  3.126171e+001 -5.000000e+000
      vertex -2.458218e+001  3.155497e+001 -4.000000e+000
    endloop
  endfacet
  facet normal -4.456574e-001  5.477980e-001 -7.080302e-001
    outer loop
      vertex -2.502407e+001  3.120571e+001 -4.000000e+000
      vertex -2.419833e+001  3.058498e+001 -5.000000e+000
      vertex -2.546099e+001  3.085025e+001 -4.000000e+000
    endloop
  endfacet
  facet normal -4.432670e-001  5.521324e-001 -7.061617e-001
    outer loop
      vertex -2.546099e+001  3.085025e+001 -4.000000e+000
      vertex -2.419833e+001  3.058498e+001 -5.000000e+000
      vertex -2.463143e+001  3.023727e+001 -5.000000e+000
    endloop
  endfacet
  facet normal -4.533451e-001  5.414925e-001 -7.080000e-001
    outer loop
      vertex -2.546099e+001  3.085025e+001 -4.000000e+000
      vertex -2.463143e+001  3.023727e+001 -5.000000e+000
      vertex -2.589286e+001  3.048868e+001 -4.000000e+000
    endloop
  endfacet
  facet normal -4.684523e-001  5.285550e-001 -7.079421e-001
    outer loop
      vertex -2.631960e+001  3.012107e+001 -4.000000e+000
      vertex -2.548256e+001  2.952353e+001 -5.000000e+000
      vertex -2.674112e+001  2.974748e+001 -4.000000e+000
    endloop
  endfacet
  facet normal -4.663855e-001  5.326271e-001 -7.062527e-001
    outer loop
      vertex -2.674112e+001  2.974748e+001 -4.000000e+000
      vertex -2.548256e+001  2.952353e+001 -5.000000e+000
      vertex -2.590042e+001  2.915765e+001 -5.000000e+000
    endloop
  endfacet
  facet normal -4.758672e-001  5.219280e-001 -7.079135e-001
    outer loop
      vertex -2.674112e+001  2.974748e+001 -4.000000e+000
      vertex -2.590042e+001  2.915765e+001 -5.000000e+000
      vertex -2.715734e+001  2.936799e+001 -4.000000e+000
    endloop
  endfacet
  facet normal -4.975437e-001  5.014260e-001 -7.078292e-001
    outer loop
      vertex -2.797354e+001  2.859163e+001 -4.000000e+000
      vertex -2.712213e+001  2.802481e+001 -5.000000e+000
      vertex -2.837336e+001  2.819490e+001 -4.000000e+000
    endloop
  endfacet
  facet normal -4.958716e-001  5.051307e-001 -7.063671e-001
    outer loop
      vertex -2.837336e+001  2.819490e+001 -4.000000e+000
      vertex -2.712213e+001  2.802481e+001 -5.000000e+000
      vertex -2.751848e+001  2.763573e+001 -5.000000e+000
    endloop
  endfacet
  facet normal -5.045741e-001  4.943908e-001 -7.078013e-001
    outer loop
      vertex -2.837336e+001  2.819490e+001 -4.000000e+000
      vertex -2.751848e+001  2.763573e+001 -5.000000e+000
      vertex -2.876756e+001  2.779259e+001 -4.000000e+000
    endloop
  endfacet
  facet normal -5.029969e-001  4.979944e-001 -7.063963e-001
    outer loop
      vertex -2.876756e+001  2.779259e+001 -4.000000e+000
      vertex -2.751848e+001  2.763573e+001 -5.000000e+000
      vertex -2.790924e+001  2.724104e+001 -5.000000e+000
    endloop
  endfacet
  facet normal -5.092931e-001  4.900672e-001 -7.074282e-001
    outer loop
      vertex -2.876756e+001  2.779259e+001 -4.000000e+000
      vertex -2.790924e+001  2.724104e+001 -5.000000e+000
      vertex -2.829435e+001  2.684082e+001 -5.000000e+000
    endloop
  endfacet
  facet normal -5.183350e-001  4.800218e-001 -7.077484e-001
    outer loop
      vertex -2.915605e+001  2.738476e+001 -4.000000e+000
      vertex -2.829435e+001  2.684082e+001 -5.000000e+000
      vertex -2.953876e+001  2.697150e+001 -4.000000e+000
    endloop
  endfacet
  facet normal -5.169336e-001  4.834332e-001 -7.064502e-001
    outer loop
      vertex -2.953876e+001  2.697150e+001 -4.000000e+000
      vertex -2.829435e+001  2.684082e+001 -5.000000e+000
      vertex -2.867372e+001  2.643517e+001 -5.000000e+000
    endloop
  endfacet
  facet normal -5.250629e-001  4.726930e-001 -7.077220e-001
    outer loop
      vertex -2.953876e+001  2.697150e+001 -4.000000e+000
      vertex -2.867372e+001  2.643517e+001 -5.000000e+000
      vertex -2.991561e+001  2.655290e+001 -4.000000e+000
    endloop
  endfacet
  facet normal -5.237470e-001  4.760028e-001 -7.064775e-001
    outer loop
      vertex -2.991561e+001  2.655290e+001 -4.000000e+000
      vertex -2.867372e+001  2.643517e+001 -5.000000e+000
      vertex -2.904727e+001  2.602415e+001 -5.000000e+000
    endloop
  endfacet
  facet normal -5.297710e-001  4.678784e-001 -7.074125e-001
    outer loop
      vertex -2.991561e+001  2.655290e+001 -4.000000e+000
      vertex -2.904727e+001  2.602415e+001 -5.000000e+000
      vertex -2.941493e+001  2.560785e+001 -5.000000e+000
    endloop
  endfacet
  facet normal -5.382045e-001  4.577535e-001 -7.076705e-001
    outer loop
      vertex -3.028653e+001  2.612903e+001 -4.000000e+000
      vertex -2.941493e+001  2.560785e+001 -5.000000e+000
      vertex -3.065145e+001  2.569998e+001 -4.000000e+000
    endloop
  endfacet
  facet normal -5.370504e-001  4.608608e-001 -7.065296e-001
    outer loop
      vertex -3.065145e+001  2.569998e+001 -4.000000e+000
      vertex -2.941493e+001  2.560785e+001 -5.000000e+000
      vertex -2.977662e+001  2.518636e+001 -5.000000e+000
    endloop
  endfacet
  facet normal -5.446163e-001  4.501462e-001 -7.076452e-001
    outer loop
      vertex -3.065145e+001  2.569998e+001 -4.000000e+000
      vertex -2.977662e+001  2.518636e+001 -5.000000e+000
      vertex -3.101028e+001  2.526583e+001 -4.000000e+000
    endloop
  endfacet
  facet normal -5.571131e-001  4.346637e-001 -7.075962e-001
    outer loop
      vertex -3.136297e+001  2.482668e+001 -4.000000e+000
      vertex -3.048182e+001  2.432814e+001 -5.000000e+000
      vertex -3.170945e+001  2.438260e+001 -4.000000e+000
    endloop
  endfacet
  facet normal -5.561829e-001  4.374564e-001 -7.066063e-001
    outer loop
      vertex -3.170945e+001  2.438260e+001 -4.000000e+000
      vertex -3.048182e+001  2.432814e+001 -5.000000e+000
      vertex -3.082518e+001  2.389159e+001 -5.000000e+000
    endloop
  endfacet
  facet normal -5.631992e-001  4.267880e-001 -7.075723e-001
    outer loop
      vertex -3.170945e+001  2.438260e+001 -4.000000e+000
      vertex -3.082518e+001  2.389159e+001 -5.000000e+000
      vertex -3.204963e+001  2.393369e+001 -4.000000e+000
    endloop
  endfacet
  facet normal -5.750318e-001  4.107890e-001 -7.075245e-001
    outer loop
      vertex -3.238346e+001  2.348003e+001 -4.000000e+000
      vertex -3.149308e+001  2.300404e+001 -5.000000e+000
      vertex -3.271087e+001  2.302171e+001 -4.000000e+000
    endloop
  endfacet
  facet normal -5.743015e-001  4.132585e-001 -7.066789e-001
    outer loop
      vertex -3.271087e+001  2.302171e+001 -4.000000e+000
      vertex -3.149308e+001  2.300404e+001 -5.000000e+000
      vertex -3.181749e+001  2.255322e+001 -5.000000e+000
    endloop
  endfacet
  facet normal -5.807779e-001  4.026643e-001 -7.075014e-001
    outer loop
      vertex -3.271087e+001  2.302171e+001 -4.000000e+000
      vertex -3.181749e+001  2.255322e+001 -5.000000e+000
      vertex -3.303179e+001  2.255883e+001 -4.000000e+000
    endloop
  endfacet
  facet normal -5.919245e-001  3.861727e-001 -7.074574e-001
    outer loop
      vertex -3.334616e+001  2.209148e+001 -4.000000e+000
      vertex -3.244687e+001  2.163794e+001 -5.000000e+000
      vertex -3.365392e+001  2.161975e+001 -4.000000e+000
    endloop
  endfacet
  facet normal -5.913689e-001  3.883179e-001 -7.067476e-001
    outer loop
      vertex -3.365392e+001  2.161975e+001 -4.000000e+000
      vertex -3.244687e+001  2.163794e+001 -5.000000e+000
      vertex -3.275172e+001  2.117368e+001 -5.000000e+000
    endloop
  endfacet
  facet normal -5.973214e-001  3.778162e-001 -7.074335e-001
    outer loop
      vertex -3.365392e+001  2.161975e+001 -4.000000e+000
      vertex -3.275172e+001  2.117368e+001 -5.000000e+000
      vertex -3.395501e+001  2.114373e+001 -4.000000e+000
    endloop
  endfacet
  facet normal -6.077611e-001  3.608648e-001 -7.073917e-001
    outer loop
      vertex -3.424936e+001  2.066352e+001 -4.000000e+000
      vertex -3.334144e+001  2.023236e+001 -5.000000e+000
      vertex -3.453693e+001  2.017921e+001 -4.000000e+000
    endloop
  endfacet
  facet normal -6.073588e-001  3.626681e-001 -7.068149e-001
    outer loop
      vertex -3.453693e+001  2.017921e+001 -4.000000e+000
      vertex -3.334144e+001  2.023236e+001 -5.000000e+000
      vertex -3.362618e+001  1.975550e+001 -5.000000e+000
    endloop
  endfacet
  facet normal -6.127986e-001  3.522859e-001 -7.073702e-001
    outer loop
      vertex -3.453693e+001  2.017921e+001 -4.000000e+000
      vertex -3.362618e+001  1.975550e+001 -5.000000e+000
      vertex -3.481765e+001  1.969090e+001 -4.000000e+000
    endloop
  endfacet
  facet normal -6.225127e-001  3.349054e-001 -7.073303e-001
    outer loop
      vertex -3.509146e+001  1.919869e+001 -4.000000e+000
      vertex -3.417516e+001  1.878985e+001 -5.000000e+000
      vertex -3.535831e+001  1.870267e+001 -4.000000e+000
    endloop
  endfacet
  facet normal -6.222384e-001  3.363660e-001 -7.068785e-001
    outer loop
      vertex -3.535831e+001  1.870267e+001 -4.000000e+000
      vertex -3.417516e+001  1.878985e+001 -5.000000e+000
      vertex -3.443927e+001  1.830127e+001 -5.000000e+000
    endloop
  endfacet
  facet normal -6.271836e-001  3.261186e-001 -7.073100e-001
    outer loop
      vertex -3.535831e+001  1.870267e+001 -4.000000e+000
      vertex -3.443927e+001  1.830127e+001 -5.000000e+000
      vertex -3.561816e+001  1.820294e+001 -4.000000e+000
    endloop
  endfacet
  facet normal -6.361545e-001  3.083411e-001 -7.072717e-001
    outer loop
      vertex -3.587094e+001  1.769960e+001 -4.000000e+000
      vertex -3.494650e+001  1.731306e+001 -5.000000e+000
      vertex -3.611660e+001  1.719275e+001 -4.000000e+000
    endloop
  endfacet
  facet normal -6.359836e-001  3.094591e-001 -7.069371e-001
    outer loop
      vertex -3.611660e+001  1.719275e+001 -4.000000e+000
      vertex -3.494650e+001  1.731306e+001 -5.000000e+000
      vertex -3.518951e+001  1.681363e+001 -5.000000e+000
    endloop
  endfacet
  facet normal -6.404497e-001  2.993659e-001 -7.072511e-001
    outer loop
      vertex -3.611660e+001  1.719275e+001 -4.000000e+000
      vertex -3.518951e+001  1.681363e+001 -5.000000e+000
      vertex -3.635511e+001  1.668250e+001 -4.000000e+000
    endloop
  endfacet
  facet normal -6.486588e-001  2.812248e-001 -7.072159e-001
    outer loop
      vertex -3.658641e+001  1.616893e+001 -4.000000e+000
      vertex -3.565407e+001  1.580466e+001 -5.000000e+000
      vertex -3.681046e+001  1.565216e+001 -4.000000e+000
    endloop
  endfacet
  facet normal -6.485686e-001  2.819861e-001 -7.069955e-001
    outer loop
      vertex -3.681046e+001  1.565216e+001 -4.000000e+000
      vertex -3.565407e+001  1.580466e+001 -5.000000e+000
      vertex -3.587553e+001  1.529531e+001 -5.000000e+000
    endloop
  endfacet
  facet normal -6.525717e-001  2.720674e-001 -7.071985e-001
    outer loop
      vertex -3.681046e+001  1.565216e+001 -4.000000e+000
      vertex -3.587553e+001  1.529531e+001 -5.000000e+000
      vertex -3.702720e+001  1.513229e+001 -4.000000e+000
    endloop
  endfacet
  facet normal -6.600066e-001  2.536012e-001 -7.071618e-001
    outer loop
      vertex -3.723661e+001  1.460942e+001 -4.000000e+000
      vertex -3.629657e+001  1.426742e+001 -5.000000e+000
      vertex -3.743863e+001  1.408364e+001 -4.000000e+000
    endloop
  endfacet
  facet normal -6.599723e-001  2.540077e-001 -7.070479e-001
    outer loop
      vertex -3.743863e+001  1.408364e+001 -4.000000e+000
      vertex -3.629657e+001  1.426742e+001 -5.000000e+000
      vertex -3.649607e+001  1.374907e+001 -5.000000e+000
    endloop
  endfacet
  facet normal -6.635267e-001  2.442880e-001 -7.071462e-001
    outer loop
      vertex -3.743863e+001  1.408364e+001 -4.000000e+000
      vertex -3.649607e+001  1.374907e+001 -5.000000e+000
      vertex -3.763323e+001  1.355508e+001 -4.000000e+000
    endloop
  endfacet
  facet normal  -0.000000e+000  0.000000e+000  1.000000e+000
    outer loop
      vertex -3.900000e+001  6.244998e+000  0.000000e+000
      vertex -3.900000e+001 -3.195000e+001  0.000000e+000
      vertex -3.899607e+001 -3.223046e+001  0.000000e+000
    endloop
  endfacet
  facet normal  0.000000e+000  0.000000e+000  1.000000e+000
    outer loop
      vertex -3.435516e+001  9.091149e+000  0.000000e+000
      vertex -3.441191e+001  9.203249e+000  0.000000e+000
      vertex -3.880729e+001  9.014721e+000  0.000000e+000
    endloop
  endfacet
  facet normal  -0.000000e+000  0.000000e+000  1.000000e+000
    outer loop
      vertex -3.435516e+001  9.091149e+000  0.000000e+000
      vertex -3.880729e+001  9.014721e+000  0.000000e+000
      vertex -3.429150e+001  8.982833e+000  0.000000e+000
    endloop
  endfacet
  facet normal  0.000000e+000  -0.000000e+000  1.000000e+000
    outer loop
      vertex  3.028653e+001  2.612903e+001  0.000000e+000
      vertex  3.060001e+001  1.005531e+001  0.000000e+000
      vertex  3.065145e+001  2.569998e+001  0.000000e+000
    endloop
  endfacet
  facet normal  0.000000e+000  0.000000e+000  1.000000e+000
    outer loop
      vertex -3.060001e+001  1.004469e+001  0.000000e+000
      vertex -2.991561e+001  2.655290e+001  0.000000e+000
      vertex -3.028653e+001  2.612903e+001  0.000000e+000
    endloop
  endfacet
  facet normal  0.000000e+000  0.000000e+000  9.999999e-001
    outer loop
      vertex -3.440739e+001  1.090636e+001  0.000000e+000
      vertex -3.852524e+001  1.057685e+001  0.000000e+000
      vertex -3.445759e+001  1.079118e+001  0.000000e+000
    endloop
  endfacet
  facet normal  0.000000e+000  0.000000e+000  1.000000e+000
    outer loop
      vertex -3.450047e+001  1.067308e+001  0.000000e+000
      vertex -3.445759e+001  1.079118e+001  0.000000e+000
      vertex -3.852524e+001  1.057685e+001  0.000000e+000
    endloop
  endfacet
  facet normal  -0.000000e+000  0.000000e+000  9.999999e-001
    outer loop
      vertex -3.450047e+001  1.067308e+001  0.000000e+000
      vertex -3.852524e+001  1.057685e+001  0.000000e+000
      vertex -3.453584e+001  1.055252e+001  0.000000e+000
    endloop
  endfacet
  facet normal  0.000000e+000  0.000000e+000  1.000000e+000
    outer loop
      vertex -3.456556e+001  9.680454e+000  0.000000e+000
      vertex -3.874842e+001  9.407275e+000  0.000000e+000
      vertex -3.453848e+001  9.557765e+000  0.000000e+000
    endloop
  endfacet
  facet normal  0.000000e+000  0.000000e+000  1.000000e+000
    outer loop
      vertex -3.446150e+001  9.318690e+000  0.000000e+000
      vertex -3.880729e+001  9.014721e+000  0.000000e+000
      vertex -3.441191e+001  9.203249e+000  0.000000e+000
    endloop
  endfacet
  facet normal  0.000000e+000  0.000000e+000  9.999999e-001
    outer loop
      vertex  3.098356e+001 -3.169407e+001  0.000000e+000
      vertex  3.259469e+001  8.050007e+000  0.000000e+000
      vertex  3.096357e+001 -3.157002e+001  0.000000e+000
    endloop
  endfacet
  facet normal  0.000000e+000  0.000000e+000  1.000000e+000
    outer loop
      vertex  3.096357e+001 -3.157002e+001  0.000000e+000
      vertex  3.259469e+001  8.050007e+000  0.000000e+000
      vertex  3.093584e+001 -3.144748e+001  0.000000e+000
    endloop
  endfacet
  facet normal  0.000000e+000  0.000000e+000  1.000000e+000
    outer loop
      vertex  3.093584e+001 -3.144748e+001  0.000000e+000
      vertex  3.259469e+001  8.050007e+000  0.000000e+000
      vertex  3.090047e+001 -3.132692e+001  0.000000e+000
    endloop
  endfacet
  facet normal  0.000000e+000  0.000000e+000  1.000000e+000
    outer loop
      vertex  3.090047e+001 -3.132692e+001  0.000000e+000
      vertex  3.259469e+001  8.050007e+000  0.000000e+000
      vertex  3.085759e+001 -3.120882e+001  0.000000e+000
    endloop
  endfacet
  facet normal  0.000000e+000  0.000000e+000  1.000000e+000
    outer loop
      vertex  3.085759e+001 -3.120882e+001  0.000000e+000
      vertex  3.259469e+001  8.050007e+000  0.000000e+000
      vertex  3.080739e+001 -3.109364e+001  0.000000e+000
    endloop
  endfacet
  facet normal  0.000000e+000  0.000000e+000  9.999999e-001
    outer loop
      vertex  3.080739e+001 -3.109364e+001  0.000000e+000
      vertex  3.259469e+001  8.050007e+000  0.000000e+000
      vertex  3.075005e+001 -3.098184e+001  0.000000e+000
    endloop
  endfacet
  facet normal  0.000000e+000  0.000000e+000  1.000000e+000
    outer loop
      vertex  3.075005e+001 -3.098184e+001  0.000000e+000
      vertex  3.259469e+001  8.050007e+000  0.000000e+000
      vertex  3.068580e+001 -3.087387e+001  0.000000e+000
    endloop
  endfacet
  facet normal  0.000000e+000  0.000000e+000  1.000000e+000
    outer loop
      vertex  3.068580e+001 -3.087387e+001  0.000000e+000
      vertex  3.259469e+001  8.050007e+000  0.000000e+000
      vertex  3.061491e+001 -3.077014e+001  0.000000e+000
    endloop
  endfacet
  facet normal  0.000000e+000  0.000000e+000  1.000000e+000
    outer loop
      vertex  3.061491e+001 -3.077014e+001  0.000000e+000
      vertex  3.259469e+001  8.050007e+000  0.000000e+000
      vertex  3.053764e+001 -3.067107e+001  0.000000e+000
    endloop
  endfacet
  facet normal  0.000000e+000  0.000000e+000  1.000000e+000
    outer loop
      vertex  3.053764e+001 -3.067107e+001  0.000000e+000
      vertex  3.259469e+001  8.050007e+000  0.000000e+000
      vertex  3.045430e+001 -3.057704e+001  0.000000e+000
    endloop
  endfacet
  facet normal  0.000000e+000  0.000000e+000  1.000000e+000
    outer loop
      vertex  3.045430e+001 -3.057704e+001  0.000000e+000
      vertex  3.259469e+001  8.050007e+000  0.000000e+000
      vertex  3.036522e+001 -3.048843e+001  0.000000e+000
    endloop
  endfacet
  facet normal  0.000000e+000  0.000000e+000  1.000000e+000
    outer loop
      vertex  3.036522e+001 -3.048843e+001  0.000000e+000
      vertex  3.259469e+001  8.050007e+000  0.000000e+000
      vertex  3.027075e+001 -3.040559e+001  0.000000e+000
    endloop
  endfacet
  facet normal  0.000000e+000  0.000000e+000  1.000000e+000
    outer loop
      vertex  3.027075e+001 -3.040559e+001  0.000000e+000
      vertex  3.259469e+001  8.050007e+000  0.000000e+000
      vertex  3.017127e+001 -3.032885e+001  0.000000e+000
    endloop
  endfacet
  facet normal  0.000000e+000  0.000000e+000  1.000000e+000
    outer loop
      vertex  3.017127e+001 -3.032885e+001  0.000000e+000
      vertex  3.259469e+001  8.050007e+000  0.000000e+000
      vertex  3.006717e+001 -3.025850e+001  0.000000e+000
    endloop
  endfacet
  facet normal  0.000000e+000  0.000000e+000  1.000000e+000
    outer loop
      vertex  3.006717e+001 -3.025850e+001  0.000000e+000
      vertex  3.259469e+001  8.050007e+000  0.000000e+000
      vertex  2.995885e+001 -3.019484e+001  0.000000e+000
    endloop
  endfacet
  facet normal  0.000000e+000  0.000000e+000  1.000000e+000
    outer loop
      vertex  2.995885e+001 -3.019484e+001  0.000000e+000
      vertex  3.259469e+001  8.050007e+000  0.000000e+000
      vertex  2.984675e+001 -3.013809e+001  0.000000e+000
    endloop
  endfacet
  facet normal  0.000000e+000  0.000000e+000  1.000000e+000
    outer loop
      vertex  2.984675e+001 -3.013809e+001  0.000000e+000
      vertex  3.259469e+001  8.050007e+000  0.000000e+000
      vertex  2.973131e+001 -3.008850e+001  0.000000e+000
    endloop
  endfacet
  facet normal  0.000000e+000  0.000000e+000  9.999999e-001
    outer loop
      vertex  2.973131e+001 -3.008850e+001  0.000000e+000
      vertex  3.259469e+001  8.050007e+000  0.000000e+000
      vertex  2.961298e+001 -3.004625e+001  0.000000e+000
    endloop
  endfacet
  facet normal  0.000000e+000  0.000000e+000  1.000000e+000
    outer loop
      vertex  2.961298e+001 -3.004625e+001  0.000000e+000
      vertex  3.259469e+001  8.050007e+000  0.000000e+000
      vertex  2.949224e+001 -3.001152e+001  0.000000e+000
    endloop
  endfacet
  facet normal  0.000000e+000  0.000000e+000  1.000000e+000
    outer loop
      vertex  2.949224e+001 -3.001152e+001  0.000000e+000
      vertex  3.259469e+001  8.050007e+000  0.000000e+000
      vertex  2.936954e+001 -2.998444e+001  0.000000e+000
    endloop
  endfacet
  facet normal  0.000000e+000  0.000000e+000  1.000000e+000
    outer loop
      vertex  2.936954e+001 -2.998444e+001  0.000000e+000
      vertex  3.259469e+001  8.050007e+000  0.000000e+000
      vertex  2.924540e+001 -2.996511e+001  0.000000e+000
    endloop
  endfacet
  facet normal  0.000000e+000  0.000000e+000  1.000000e+000
    outer loop
      vertex  3.852524e+001  1.057685e+001  0.000000e+000
      vertex  3.441191e+001  1.089675e+001  0.000000e+000
      vertex  3.446150e+001  1.078131e+001  0.000000e+000
    endloop
  endfacet
  facet normal  0.000000e+000  0.000000e+000  1.000000e+000
    outer loop
      vertex  3.852524e+001  1.057685e+001  0.000000e+000
      vertex  3.446150e+001  1.078131e+001  0.000000e+000
      vertex  3.450375e+001  1.066298e+001  0.000000e+000
    endloop
  endfacet
  facet normal  0.000000e+000  -0.000000e+000  1.000000e+000
    outer loop
      vertex  3.450375e+001  1.066298e+001  0.000000e+000
      vertex  3.453848e+001  1.054224e+001  0.000000e+000
      vertex  3.852524e+001  1.057685e+001  0.000000e+000
    endloop
  endfacet
  facet normal  0.000000e+000  -0.000000e+000  1.000000e+000
    outer loop
      vertex  3.458489e+001  1.029540e+001  0.000000e+000
      vertex  3.459638e+001  1.017028e+001  0.000000e+000
      vertex  3.860737e+001  1.018849e+001  0.000000e+000
    endloop
  endfacet
  facet normal  0.000000e+000  0.000000e+000  1.000000e+000
    outer loop
      vertex  3.459571e+001  9.919120e+000  0.000000e+000
      vertex  3.458356e+001  9.794066e+000  0.000000e+000
      vertex  3.868177e+001  9.798584e+000  0.000000e+000
    endloop
  endfacet
  facet normal  0.000000e+000  0.000000e+000  1.000000e+000
    outer loop
      vertex  3.880729e+001  9.014721e+000  0.000000e+000
      vertex  3.445759e+001  9.308817e+000  0.000000e+000
      vertex  3.440739e+001  9.193640e+000  0.000000e+000
    endloop
  endfacet
  facet normal  0.000000e+000  0.000000e+000  1.000000e+000
    outer loop
      vertex  3.880729e+001  9.014721e+000  0.000000e+000
      vertex  3.440739e+001  9.193640e+000  0.000000e+000
      vertex  3.435005e+001  9.081843e+000  0.000000e+000
    endloop
  endfacet
  facet normal  0.000000e+000  0.000000e+000  1.000000e+000
    outer loop
      vertex  3.435005e+001  9.081843e+000  0.000000e+000
      vertex  3.428580e+001  8.973867e+000  0.000000e+000
      vertex  3.880729e+001  9.014721e+000  0.000000e+000
    endloop
  endfacet
  facet normal  0.000000e+000  0.000000e+000  1.000000e+000
    outer loop
      vertex -2.900000e+001 -4.195000e+001  0.000000e+000
      vertex -2.899469e+001 -3.394999e+001  0.000000e+000
      vertex -2.912028e+001 -3.394638e+001  0.000000e+000
    endloop
  endfacet
  facet normal  0.000000e+000  0.000000e+000  1.000000e+000
    outer loop
      vertex -2.900000e+001 -4.195000e+001  0.000000e+000
      vertex -2.912028e+001 -3.394638e+001  0.000000e+000
      vertex -3.256622e+001 -4.129249e+001  0.000000e+000
    endloop
  endfacet
  facet normal  0.000000e+000  0.000000e+000  1.000000e+000
    outer loop
      vertex -2.900000e+001 -4.195000e+001  0.000000e+000
      vertex -3.256622e+001 -4.129249e+001  0.000000e+000
      vertex -3.230279e+001 -4.138883e+001  0.000000e+000
    endloop
  endfacet
  facet normal  0.000000e+000  0.000000e+000  1.000000e+000
    outer loop
      vertex -2.900000e+001 -4.195000e+001  0.000000e+000
      vertex -3.230279e+001 -4.138883e+001  0.000000e+000
      vertex -3.203677e+001 -4.147775e+001  0.000000e+000
    endloop
  endfacet
  facet normal  0.000000e+000  0.000000e+000  1.000000e+000
    outer loop
      vertex -2.900000e+001 -4.195000e+001  0.000000e+000
      vertex -3.203677e+001 -4.147775e+001  0.000000e+000
      vertex -3.176835e+001 -4.155917e+001  0.000000e+000
    endloop
  endfacet
  facet normal  0.000000e+000  0.000000e+000  1.000000e+000
    outer loop
      vertex -2.900000e+001 -4.195000e+001  0.000000e+000
      vertex -3.176835e+001 -4.155917e+001  0.000000e+000
      vertex -3.149776e+001 -4.163303e+001  0.000000e+000
    endloop
  endfacet
  facet normal  0.000000e+000  0.000000e+000  1.000000e+000
    outer loop
      vertex -2.900000e+001 -4.195000e+001  0.000000e+000
      vertex -3.149776e+001 -4.163303e+001  0.000000e+000
      vertex -3.122521e+001 -4.169928e+001  0.000000e+000
    endloop
  endfacet
  facet normal  0.000000e+000  0.000000e+000  1.000000e+000
    outer loop
      vertex -2.900000e+001 -4.195000e+001  0.000000e+000
      vertex -3.122521e+001 -4.169928e+001  0.000000e+000
      vertex -3.095090e+001 -4.175785e+001  0.000000e+000
    endloop
  endfacet
  facet normal  0.000000e+000  0.000000e+000  9.999999e-001
    outer loop
      vertex -2.900000e+001 -4.195000e+001  0.000000e+000
      vertex -3.095090e+001 -4.175785e+001  0.000000e+000
      vertex -3.067506e+001 -4.180871e+001  0.000000e+000
    endloop
  endfacet
  facet normal  0.000000e+000  0.000000e+000  1.000000e+000
    outer loop
      vertex -2.900000e+001 -4.195000e+001  0.000000e+000
      vertex -3.067506e+001 -4.180871e+001  0.000000e+000
      vertex -3.039790e+001 -4.185181e+001  0.000000e+000
    endloop
  endfacet
  facet normal  0.000000e+000  0.000000e+000  1.000000e+000
    outer loop
      vertex -2.900000e+001 -4.195000e+001  0.000000e+000
      vertex -3.039790e+001 -4.185181e+001  0.000000e+000
      vertex -3.011964e+001 -4.188712e+001  0.000000e+000
    endloop
  endfacet
  facet normal  0.000000e+000  0.000000e+000  1.000000e+000
    outer loop
      vertex -2.900000e+001 -4.195000e+001  0.000000e+000
      vertex -3.011964e+001 -4.188712e+001  0.000000e+000
      vertex -2.984051e+001 -4.191462e+001  0.000000e+000
    endloop
  endfacet
  facet normal  0.000000e+000  0.000000e+000  1.000000e+000
    outer loop
      vertex -2.900000e+001 -4.195000e+001  0.000000e+000
      vertex -2.984051e+001 -4.191462e+001  0.000000e+000
      vertex -2.956071e+001 -4.193427e+001  0.000000e+000
    endloop
  endfacet
  facet normal  0.000000e+000  0.000000e+000  1.000000e+000
    outer loop
      vertex -2.900000e+001 -4.195000e+001  0.000000e+000
      vertex -2.956071e+001 -4.193427e+001  0.000000e+000
      vertex -2.928046e+001 -4.194607e+001  0.000000e+000
    endloop
  endfacet
  facet normal  0.000000e+000  -0.000000e+000  1.000000e+000
    outer loop
      vertex  2.912028e+001 -2.995362e+001  0.000000e+000
      vertex  2.924540e+001 -2.996511e+001  0.000000e+000
      vertex  3.259469e+001  8.050007e+000  0.000000e+000
    endloop
  endfacet
  facet normal  0.000000e+000  0.000000e+000  1.000000e+000
    outer loop
      vertex  2.912028e+001 -2.995362e+001  0.000000e+000
      vertex  3.259469e+001  8.050007e+000  0.000000e+000
      vertex  3.246912e+001  8.054287e+000  0.000000e+000
    endloop
  endfacet
  facet normal  0.000000e+000  0.000000e+000  1.000000e+000
    outer loop
      vertex  2.912028e+001 -2.995362e+001  0.000000e+000
      vertex  3.246912e+001  8.054287e+000  0.000000e+000
      vertex  3.234407e+001  8.066443e+000  0.000000e+000
    endloop
  endfacet
  facet normal  0.000000e+000  0.000000e+000  1.000000e+000
    outer loop
      vertex  2.912028e+001 -2.995362e+001  0.000000e+000
      vertex  3.234407e+001  8.066443e+000  0.000000e+000
      vertex  3.222002e+001  8.086428e+000  0.000000e+000
    endloop
  endfacet
  facet normal  0.000000e+000  0.000000e+000  1.000000e+000
    outer loop
      vertex  2.912028e+001 -2.995362e+001  0.000000e+000
      vertex  3.222002e+001  8.086428e+000  0.000000e+000
      vertex  3.209748e+001  8.114161e+000  0.000000e+000
    endloop
  endfacet
  facet normal  0.000000e+000  0.000000e+000  1.000000e+000
    outer loop
      vertex  2.912028e+001 -2.995362e+001  0.000000e+000
      vertex  3.209748e+001  8.114161e+000  0.000000e+000
      vertex  3.197692e+001  8.149534e+000  0.000000e+000
    endloop
  endfacet
  facet normal  0.000000e+000  0.000000e+000  1.000000e+000
    outer loop
      vertex  2.912028e+001 -2.995362e+001  0.000000e+000
      vertex  3.197692e+001  8.149534e+000  0.000000e+000
      vertex  3.185882e+001  8.192409e+000  0.000000e+000
    endloop
  endfacet
  facet normal  0.000000e+000  0.000000e+000  1.000000e+000
    outer loop
      vertex  2.912028e+001 -2.995362e+001  0.000000e+000
      vertex  3.185882e+001  8.192409e+000  0.000000e+000
      vertex  3.174364e+001  8.242613e+000  0.000000e+000
    endloop
  endfacet
  facet normal  0.000000e+000  0.000000e+000  1.000000e+000
    outer loop
      vertex  2.912028e+001 -2.995362e+001  0.000000e+000
      vertex  3.174364e+001  8.242613e+000  0.000000e+000
      vertex  3.163184e+001  8.299951e+000  0.000000e+000
    endloop
  endfacet
  facet normal  0.000000e+000  0.000000e+000  1.000000e+000
    outer loop
      vertex  2.912028e+001 -2.995362e+001  0.000000e+000
      vertex  3.163184e+001  8.299951e+000  0.000000e+000
      vertex  3.152387e+001  8.364195e+000  0.000000e+000
    endloop
  endfacet
  facet normal  0.000000e+000  0.000000e+000  1.000000e+000
    outer loop
      vertex  2.912028e+001 -2.995362e+001  0.000000e+000
      vertex  3.152387e+001  8.364195e+000  0.000000e+000
      vertex  3.142014e+001  8.435093e+000  0.000000e+000
    endloop
  endfacet
  facet normal  0.000000e+000  0.000000e+000  1.000000e+000
    outer loop
      vertex  2.912028e+001 -2.995362e+001  0.000000e+000
      vertex  3.142014e+001  8.435093e+000  0.000000e+000
      vertex  3.132107e+001  8.512363e+000  0.000000e+000
    endloop
  endfacet
  facet normal  0.000000e+000  0.000000e+000  1.000000e+000
    outer loop
      vertex  2.912028e+001 -2.995362e+001  0.000000e+000
      vertex  3.132107e+001  8.512363e+000  0.000000e+000
      vertex  3.122704e+001  8.595702e+000  0.000000e+000
    endloop
  endfacet
  facet normal  0.000000e+000  0.000000e+000  1.000000e+000
    outer loop
      vertex  2.912028e+001 -2.995362e+001  0.000000e+000
      vertex  3.122704e+001  8.595702e+000  0.000000e+000
      vertex  3.113843e+001  8.684781e+000  0.000000e+000
    endloop
  endfacet
  facet normal  0.000000e+000  0.000000e+000  1.000000e+000
    outer loop
      vertex  2.912028e+001 -2.995362e+001  0.000000e+000
      vertex  3.113843e+001  8.684781e+000  0.000000e+000
      vertex  3.105560e+001  8.779247e+000  0.000000e+000
    endloop
  endfacet
  facet normal  0.000000e+000  0.000000e+000  9.999999e-001
    outer loop
      vertex  2.912028e+001 -2.995362e+001  0.000000e+000
      vertex  3.105560e+001  8.779247e+000  0.000000e+000
      vertex  3.097885e+001  8.878729e+000  0.000000e+000
    endloop
  endfacet
  facet normal  0.000000e+000  0.000000e+000  1.000000e+000
    outer loop
      vertex  2.912028e+001 -2.995362e+001  0.000000e+000
      vertex  3.097885e+001  8.878729e+000  0.000000e+000
      vertex  3.090850e+001  8.982833e+000  0.000000e+000
    endloop
  endfacet
  facet normal  0.000000e+000  0.000000e+000  1.000000e+000
    outer loop
      vertex  2.912028e+001 -2.995362e+001  0.000000e+000
      vertex  3.090850e+001  8.982833e+000  0.000000e+000
      vertex  3.084484e+001  9.091149e+000  0.000000e+000
    endloop
  endfacet
  facet normal  0.000000e+000  0.000000e+000  9.999999e-001
    outer loop
      vertex  2.912028e+001 -2.995362e+001  0.000000e+000
      vertex  3.084484e+001  9.091149e+000  0.000000e+000
      vertex  3.078809e+001  9.203249e+000  0.000000e+000
    endloop
  endfacet
  facet normal  0.000000e+000  0.000000e+000  1.000000e+000
    outer loop
      vertex  2.912028e+001 -2.995362e+001  0.000000e+000
      vertex  3.078809e+001  9.203249e+000  0.000000e+000
      vertex  3.073850e+001  9.318690e+000  0.000000e+000
    endloop
  endfacet
  facet normal  0.000000e+000  0.000000e+000  9.999999e-001
    outer loop
      vertex  2.912028e+001 -2.995362e+001  0.000000e+000
      vertex  3.073850e+001  9.318690e+000  0.000000e+000
      vertex  3.069625e+001  9.437018e+000  0.000000e+000
    endloop
  endfacet
  facet normal  0.000000e+000  0.000000e+000  1.000000e+000
    outer loop
      vertex  2.912028e+001 -2.995362e+001  0.000000e+000
      vertex  3.069625e+001  9.437018e+000  0.000000e+000
      vertex  3.066152e+001  9.557765e+000  0.000000e+000
    endloop
  endfacet
  facet normal  0.000000e+000  0.000000e+000  1.000000e+000
    outer loop
      vertex  2.912028e+001 -2.995362e+001  0.000000e+000
      vertex  3.066152e+001  9.557765e+000  0.000000e+000
      vertex  3.063444e+001  9.680454e+000  0.000000e+000
    endloop
  endfacet
  facet normal  0.000000e+000  0.000000e+000  1.000000e+000
    outer loop
      vertex  2.912028e+001 -2.995362e+001  0.000000e+000
      vertex  3.063444e+001  9.680454e+000  0.000000e+000
      vertex  3.061511e+001  9.804603e+000  0.000000e+000
    endloop
  endfacet
  facet normal  0.000000e+000  0.000000e+000  1.000000e+000
    outer loop
      vertex  2.912028e+001 -2.995362e+001  0.000000e+000
      vertex  3.061511e+001  9.804603e+000  0.000000e+000
      vertex  3.060362e+001  9.929719e+000  0.000000e+000
    endloop
  endfacet
  facet normal  0.000000e+000  0.000000e+000  9.999999e-001
    outer loop
      vertex  2.912028e+001 -2.995362e+001  0.000000e+000
      vertex  3.060362e+001  9.929719e+000  0.000000e+000
      vertex  3.060001e+001  1.005531e+001  0.000000e+000
    endloop
  endfacet
  facet normal  0.000000e+000  0.000000e+000  1.000000e+000
    outer loop
      vertex  2.912028e+001 -2.995362e+001  0.000000e+000
      vertex  3.060001e+001  1.005531e+001  0.000000e+000
      vertex  3.028653e+001  2.612903e+001  0.000000e+000
    endloop
  endfacet
  facet normal  0.000000e+000  0.000000e+000  1.000000e+000
    outer loop
      vertex  2.912028e+001 -2.995362e+001  0.000000e+000
      vertex  3.028653e+001  2.612903e+001  0.000000e+000
      vertex  2.991561e+001  2.655290e+001  0.000000e+000
    endloop
  endfacet
  facet normal  0.000000e+000  0.000000e+000  1.000000e+000
    outer loop
      vertex  2.912028e+001 -2.995362e+001  0.000000e+000
      vertex  2.991561e+001  2.655290e+001  0.000000e+000
      vertex  2.953876e+001  2.697150e+001  0.000000e+000
    endloop
  endfacet
  facet normal  0.000000e+000  0.000000e+000  1.000000e+000
    outer loop
      vertex  2.912028e+001 -2.995362e+001  0.000000e+000
      vertex  2.953876e+001  2.697150e+001  0.000000e+000
      vertex  2.915605e+001  2.738476e+001  0.000000e+000
    endloop
  endfacet
  facet normal  0.000000e+000  0.000000e+000  1.000000e+000
    outer loop
      vertex  2.912028e+001 -2.995362e+001  0.000000e+000
      vertex  2.915605e+001  2.738476e+001  0.000000e+000
      vertex  2.876756e+001  2.779259e+001  0.000000e+000
    endloop
  endfacet
  facet normal  0.000000e+000  0.000000e+000  1.000000e+000
    outer loop
      vertex  2.912028e+001 -2.995362e+001  0.000000e+000
      vertex  2.876756e+001  2.779259e+001  0.000000e+000
      vertex  2.899469e+001 -2.995001e+001  0.000000e+000
    endloop
  endfacet
  facet normal  -0.000000e+000  0.000000e+000  1.000000e+000
    outer loop
      vertex  3.272028e+001  8.053620e+000  0.000000e+000
      vertex  3.259469e+001  8.050007e+000  0.000000e+000
      vertex  3.098356e+001 -3.169407e+001  0.000000e+000
    endloop
  endfacet
  facet normal  -0.000000e+000  0.000000e+000  1.000000e+000
    outer loop
      vertex  3.272028e+001  8.053620e+000  0.000000e+000
      vertex  3.098356e+001 -3.169407e+001  0.000000e+000
      vertex  3.256622e+001 -4.129249e+001  0.000000e+000
    endloop
  endfacet
  facet normal  0.000000e+000  0.000000e+000  1.000000e+000
    outer loop
      vertex  3.272028e+001  8.053620e+000  0.000000e+000
      vertex  3.256622e+001 -4.129249e+001  0.000000e+000
      vertex  3.282684e+001 -4.118880e+001  0.000000e+000
    endloop
  endfacet
  facet normal  0.000000e+000  -0.000000e+000  1.000000e+000
    outer loop
      vertex  3.272028e+001  8.053620e+000  0.000000e+000
      vertex  3.282684e+001 -4.118880e+001  0.000000e+000
      vertex  3.308444e+001 -4.107783e+001  0.000000e+000
    endloop
  endfacet
  facet normal  0.000000e+000  -0.000000e+000  9.999999e-001
    outer loop
      vertex  3.272028e+001  8.053620e+000  0.000000e+000
      vertex  3.308444e+001 -4.107783e+001  0.000000e+000
      vertex  3.333884e+001 -4.095969e+001  0.000000e+000
    endloop
  endfacet
  facet normal  0.000000e+000  -0.000000e+000  9.999999e-001
    outer loop
      vertex  3.272028e+001  8.053620e+000  0.000000e+000
      vertex  3.333884e+001 -4.095969e+001  0.000000e+000
      vertex  3.358982e+001 -4.083446e+001  0.000000e+000
    endloop
  endfacet
  facet normal  0.000000e+000  -0.000000e+000  1.000000e+000
    outer loop
      vertex  3.272028e+001  8.053620e+000  0.000000e+000
      vertex  3.358982e+001 -4.083446e+001  0.000000e+000
      vertex  3.383719e+001 -4.070223e+001  0.000000e+000
    endloop
  endfacet
  facet normal  0.000000e+000  -0.000000e+000  1.000000e+000
    outer loop
      vertex  3.272028e+001  8.053620e+000  0.000000e+000
      vertex  3.383719e+001 -4.070223e+001  0.000000e+000
      vertex  3.408075e+001 -4.056313e+001  0.000000e+000
    endloop
  endfacet
  facet normal  0.000000e+000  -0.000000e+000  1.000000e+000
    outer loop
      vertex  3.272028e+001  8.053620e+000  0.000000e+000
      vertex  3.408075e+001 -4.056313e+001  0.000000e+000
      vertex  3.432032e+001 -4.041724e+001  0.000000e+000
    endloop
  endfacet
  facet normal  0.000000e+000  -0.000000e+000  1.000000e+000
    outer loop
      vertex  3.272028e+001  8.053620e+000  0.000000e+000
      vertex  3.432032e+001 -4.041724e+001  0.000000e+000
      vertex  3.455570e+001 -4.026470e+001  0.000000e+000
    endloop
  endfacet
  facet normal  0.000000e+000  -0.000000e+000  1.000000e+000
    outer loop
      vertex  3.272028e+001  8.053620e+000  0.000000e+000
      vertex  3.455570e+001 -4.026470e+001  0.000000e+000
      vertex  3.478671e+001 -4.010561e+001  0.000000e+000
    endloop
  endfacet
  facet normal  0.000000e+000  -0.000000e+000  9.999999e-001
    outer loop
      vertex  3.272028e+001  8.053620e+000  0.000000e+000
      vertex  3.478671e+001 -4.010561e+001  0.000000e+000
      vertex  3.501317e+001 -3.994011e+001  0.000000e+000
    endloop
  endfacet
  facet normal  0.000000e+000  -0.000000e+000  1.000000e+000
    outer loop
      vertex  3.272028e+001  8.053620e+000  0.000000e+000
      vertex  3.501317e+001 -3.994011e+001  0.000000e+000
      vertex  3.523490e+001 -3.976831e+001  0.000000e+000
    endloop
  endfacet
  facet normal  0.000000e+000  -0.000000e+000  9.999999e-001
    outer loop
      vertex  3.272028e+001  8.053620e+000  0.000000e+000
      vertex  3.523490e+001 -3.976831e+001  0.000000e+000
      vertex  3.545172e+001 -3.959037e+001  0.000000e+000
    endloop
  endfacet
  facet normal  0.000000e+000  -0.000000e+000  9.999999e-001
    outer loop
      vertex  3.272028e+001  8.053620e+000  0.000000e+000
      vertex  3.545172e+001 -3.959037e+001  0.000000e+000
      vertex  3.566347e+001 -3.940642e+001  0.000000e+000
    endloop
  endfacet
  facet normal  0.000000e+000  -0.000000e+000  1.000000e+000
    outer loop
      vertex  3.272028e+001  8.053620e+000  0.000000e+000
      vertex  3.566347e+001 -3.940642e+001  0.000000e+000
      vertex  3.586997e+001 -3.921660e+001  0.000000e+000
    endloop
  endfacet
  facet normal  0.000000e+000  -0.000000e+000  1.000000e+000
    outer loop
      vertex  3.272028e+001  8.053620e+000  0.000000e+000
      vertex  3.586997e+001 -3.921660e+001  0.000000e+000
      vertex  3.607107e+001 -3.902107e+001  0.000000e+000
    endloop
  endfacet
  facet normal  0.000000e+000  -0.000000e+000  1.000000e+000
    outer loop
      vertex  3.272028e+001  8.053620e+000  0.000000e+000
      vertex  3.607107e+001 -3.902107e+001  0.000000e+000
      vertex  3.626660e+001 -3.881997e+001  0.000000e+000
    endloop
  endfacet
  facet normal  0.000000e+000  -0.000000e+000  1.000000e+000
    outer loop
      vertex  3.272028e+001  8.053620e+000  0.000000e+000
      vertex  3.626660e+001 -3.881997e+001  0.000000e+000
      vertex  3.645642e+001 -3.861346e+001  0.000000e+000
    endloop
  endfacet
  facet normal  0.000000e+000  -0.000000e+000  1.000000e+000
    outer loop
      vertex  3.272028e+001  8.053620e+000  0.000000e+000
      vertex  3.645642e+001 -3.861346e+001  0.000000e+000
      vertex  3.664037e+001 -3.840172e+001  0.000000e+000
    endloop
  endfacet
  facet normal  0.000000e+000  -0.000000e+000  1.000000e+000
    outer loop
      vertex  3.272028e+001  8.053620e+000  0.000000e+000
      vertex  3.664037e+001 -3.840172e+001  0.000000e+000
      vertex  3.681831e+001 -3.818490e+001  0.000000e+000
    endloop
  endfacet
  facet normal  0.000000e+000  -0.000000e+000  1.000000e+000
    outer loop
      vertex  3.272028e+001  8.053620e+000  0.000000e+000
      vertex  3.681831e+001 -3.818490e+001  0.000000e+000
      vertex  3.699010e+001 -3.796317e+001  0.000000e+000
    endloop
  endfacet
  facet normal  0.000000e+000  -0.000000e+000  1.000000e+000
    outer loop
      vertex  3.272028e+001  8.053620e+000  0.000000e+000
      vertex  3.699010e+001 -3.796317e+001  0.000000e+000
      vertex  3.715561e+001 -3.773671e+001  0.000000e+000
    endloop
  endfacet
  facet normal  0.000000e+000  -0.000000e+000  1.000000e+000
    outer loop
      vertex  3.272028e+001  8.053620e+000  0.000000e+000
      vertex  3.715561e+001 -3.773671e+001  0.000000e+000
      vertex  3.731470e+001 -3.750570e+001  0.000000e+000
    endloop
  endfacet
  facet normal  0.000000e+000  -0.000000e+000  1.000000e+000
    outer loop
      vertex  3.272028e+001  8.053620e+000  0.000000e+000
      vertex  3.731470e+001 -3.750570e+001  0.000000e+000
      vertex  3.746724e+001 -3.727032e+001  0.000000e+000
    endloop
  endfacet
  facet normal  0.000000e+000  -0.000000e+000  1.000000e+000
    outer loop
      vertex  3.272028e+001  8.053620e+000  0.000000e+000
      vertex  3.746724e+001 -3.727032e+001  0.000000e+000
      vertex  3.761312e+001 -3.703075e+001  0.000000e+000
    endloop
  endfacet
  facet normal  0.000000e+000  -0.000000e+000  1.000000e+000
    outer loop
      vertex  3.272028e+001  8.053620e+000  0.000000e+000
      vertex  3.761312e+001 -3.703075e+001  0.000000e+000
      vertex  3.775224e+001 -3.678719e+001  0.000000e+000
    endloop
  endfacet
  facet normal  0.000000e+000  -0.000000e+000  1.000000e+000
    outer loop
      vertex  3.272028e+001  8.053620e+000  0.000000e+000
      vertex  3.775224e+001 -3.678719e+001  0.000000e+000
      vertex  3.788446e+001 -3.653982e+001  0.000000e+000
    endloop
  endfacet
  facet normal  0.000000e+000  -0.000000e+000  1.000000e+000
    outer loop
      vertex  3.272028e+001  8.053620e+000  0.000000e+000
      vertex  3.788446e+001 -3.653982e+001  0.000000e+000
      vertex  3.800969e+001 -3.628884e+001  0.000000e+000
    endloop
  endfacet
  facet normal  0.000000e+000  -0.000000e+000  9.999999e-001
    outer loop
      vertex  3.272028e+001  8.053620e+000  0.000000e+000
      vertex  3.800969e+001 -3.628884e+001  0.000000e+000
      vertex  3.812783e+001 -3.603444e+001  0.000000e+000
    endloop
  endfacet
  facet normal  0.000000e+000  -0.000000e+000  1.000000e+000
    outer loop
      vertex  3.272028e+001  8.053620e+000  0.000000e+000
      vertex  3.812783e+001 -3.603444e+001  0.000000e+000
      vertex  3.823880e+001 -3.577683e+001  0.000000e+000
    endloop
  endfacet
  facet normal  0.000000e+000  -0.000000e+000  1.000000e+000
    outer loop
      vertex  3.272028e+001  8.053620e+000  0.000000e+000
      vertex  3.823880e+001 -3.577683e+001  0.000000e+000
      vertex  3.834249e+001 -3.551622e+001  0.000000e+000
    endloop
  endfacet
  facet normal  0.000000e+000  -0.000000e+000  1.000000e+000
    outer loop
      vertex  3.272028e+001  8.053620e+000  0.000000e+000
      vertex  3.834249e+001 -3.551622e+001  0.000000e+000
      vertex  3.843884e+001 -3.525279e+001  0.000000e+000
    endloop
  endfacet
  facet normal  0.000000e+000  -0.000000e+000  1.000000e+000
    outer loop
      vertex  3.272028e+001  8.053620e+000  0.000000e+000
      vertex  3.843884e+001 -3.525279e+001  0.000000e+000
      vertex  3.852775e+001 -3.498677e+001  0.000000e+000
    endloop
  endfacet
  facet normal  0.000000e+000  -0.000000e+000  1.000000e+000
    outer loop
      vertex  3.272028e+001  8.053620e+000  0.000000e+000
      vertex  3.852775e+001 -3.498677e+001  0.000000e+000
      vertex  3.860917e+001 -3.471835e+001  0.000000e+000
    endloop
  endfacet
  facet normal  0.000000e+000  -0.000000e+000  1.000000e+000
    outer loop
      vertex  3.272028e+001  8.053620e+000  0.000000e+000
      vertex  3.860917e+001 -3.471835e+001  0.000000e+000
      vertex  3.868304e+001 -3.444777e+001  0.000000e+000
    endloop
  endfacet
  facet normal  0.000000e+000  -0.000000e+000  1.000000e+000
    outer loop
      vertex  3.272028e+001  8.053620e+000  0.000000e+000
      vertex  3.868304e+001 -3.444777e+001  0.000000e+000
      vertex  3.874928e+001 -3.417521e+001  0.000000e+000
    endloop
  endfacet
  facet normal  0.000000e+000  -0.000000e+000  1.000000e+000
    outer loop
      vertex  3.272028e+001  8.053620e+000  0.000000e+000
      vertex  3.874928e+001 -3.417521e+001  0.000000e+000
      vertex  3.880785e+001 -3.390090e+001  0.000000e+000
    endloop
  endfacet
  facet normal  0.000000e+000  -0.000000e+000  1.000000e+000
    outer loop
      vertex  3.272028e+001  8.053620e+000  0.000000e+000
      vertex  3.880785e+001 -3.390090e+001  0.000000e+000
      vertex  3.885871e+001 -3.362506e+001  0.000000e+000
    endloop
  endfacet
  facet normal  0.000000e+000  -0.000000e+000  1.000000e+000
    outer loop
      vertex  3.272028e+001  8.053620e+000  0.000000e+000
      vertex  3.885871e+001 -3.362506e+001  0.000000e+000
      vertex  3.890181e+001 -3.334790e+001  0.000000e+000
    endloop
  endfacet
  facet normal  0.000000e+000  0.000000e+000  1.000000e+000
    outer loop
      vertex  2.900000e+001 -4.195000e+001  0.000000e+000
      vertex  3.096556e+001 -3.231955e+001  0.000000e+000
      vertex  3.093848e+001 -3.244223e+001  0.000000e+000
    endloop
  endfacet
  facet normal  0.000000e+000  0.000000e+000  1.000000e+000
    outer loop
      vertex  2.900000e+001 -4.195000e+001  0.000000e+000
      vertex  3.093848e+001 -3.244223e+001  0.000000e+000
      vertex  3.090375e+001 -3.256298e+001  0.000000e+000
    endloop
  endfacet
  facet normal  0.000000e+000  0.000000e+000  1.000000e+000
    outer loop
      vertex  2.900000e+001 -4.195000e+001  0.000000e+000
      vertex  3.090375e+001 -3.256298e+001  0.000000e+000
      vertex  3.086150e+001 -3.268131e+001  0.000000e+000
    endloop
  endfacet
  facet normal  0.000000e+000  0.000000e+000  1.000000e+000
    outer loop
      vertex  2.900000e+001 -4.195000e+001  0.000000e+000
      vertex  3.086150e+001 -3.268131e+001  0.000000e+000
      vertex  3.081191e+001 -3.279675e+001  0.000000e+000
    endloop
  endfacet
  facet normal  0.000000e+000  0.000000e+000  1.000000e+000
    outer loop
      vertex  2.900000e+001 -4.195000e+001  0.000000e+000
      vertex  3.081191e+001 -3.279675e+001  0.000000e+000
      vertex  3.075517e+001 -3.290885e+001  0.000000e+000
    endloop
  endfacet
  facet normal  0.000000e+000  0.000000e+000  1.000000e+000
    outer loop
      vertex  2.900000e+001 -4.195000e+001  0.000000e+000
      vertex  3.075517e+001 -3.290885e+001  0.000000e+000
      vertex  3.069150e+001 -3.301717e+001  0.000000e+000
    endloop
  endfacet
  facet normal  0.000000e+000  0.000000e+000  1.000000e+000
    outer loop
      vertex  2.900000e+001 -4.195000e+001  0.000000e+000
      vertex  3.069150e+001 -3.301717e+001  0.000000e+000
      vertex  3.062115e+001 -3.312127e+001  0.000000e+000
    endloop
  endfacet
  facet normal  0.000000e+000  0.000000e+000  1.000000e+000
    outer loop
      vertex  2.900000e+001 -4.195000e+001  0.000000e+000
      vertex  3.062115e+001 -3.312127e+001  0.000000e+000
      vertex  3.054440e+001 -3.322075e+001  0.000000e+000
    endloop
  endfacet
  facet normal  0.000000e+000  0.000000e+000  1.000000e+000
    outer loop
      vertex  2.900000e+001 -4.195000e+001  0.000000e+000
      vertex  3.054440e+001 -3.322075e+001  0.000000e+000
      vertex  3.046157e+001 -3.331522e+001  0.000000e+000
    endloop
  endfacet
  facet normal  0.000000e+000  0.000000e+000  1.000000e+000
    outer loop
      vertex  2.900000e+001 -4.195000e+001  0.000000e+000
      vertex  3.046157e+001 -3.331522e+001  0.000000e+000
      vertex  3.037296e+001 -3.340430e+001  0.000000e+000
    endloop
  endfacet
  facet normal  0.000000e+000  0.000000e+000  1.000000e+000
    outer loop
      vertex  2.900000e+001 -4.195000e+001  0.000000e+000
      vertex  3.037296e+001 -3.340430e+001  0.000000e+000
      vertex  3.027893e+001 -3.348764e+001  0.000000e+000
    endloop
  endfacet
  facet normal  0.000000e+000  0.000000e+000  9.999999e-001
    outer loop
      vertex  2.900000e+001 -4.195000e+001  0.000000e+000
      vertex  3.027893e+001 -3.348764e+001  0.000000e+000
      vertex  3.017986e+001 -3.356491e+001  0.000000e+000
    endloop
  endfacet
  facet normal  0.000000e+000  0.000000e+000  1.000000e+000
    outer loop
      vertex  2.900000e+001 -4.195000e+001  0.000000e+000
      vertex  3.017986e+001 -3.356491e+001  0.000000e+000
      vertex  3.007613e+001 -3.363580e+001  0.000000e+000
    endloop
  endfacet
  facet normal  0.000000e+000  0.000000e+000  1.000000e+000
    outer loop
      vertex  2.900000e+001 -4.195000e+001  0.000000e+000
      vertex  3.007613e+001 -3.363580e+001  0.000000e+000
      vertex  2.996816e+001 -3.370005e+001  0.000000e+000
    endloop
  endfacet
  facet normal  0.000000e+000  0.000000e+000  1.000000e+000
    outer loop
      vertex  2.900000e+001 -4.195000e+001  0.000000e+000
      vertex  2.996816e+001 -3.370005e+001  0.000000e+000
      vertex  2.985636e+001 -3.375739e+001  0.000000e+000
    endloop
  endfacet
  facet normal  0.000000e+000  0.000000e+000  9.999999e-001
    outer loop
      vertex  2.900000e+001 -4.195000e+001  0.000000e+000
      vertex  2.985636e+001 -3.375739e+001  0.000000e+000
      vertex  2.974118e+001 -3.380759e+001  0.000000e+000
    endloop
  endfacet
  facet normal  0.000000e+000  0.000000e+000  1.000000e+000
    outer loop
      vertex  2.900000e+001 -4.195000e+001  0.000000e+000
      vertex  2.974118e+001 -3.380759e+001  0.000000e+000
      vertex  2.962308e+001 -3.385046e+001  0.000000e+000
    endloop
  endfacet
  facet normal  0.000000e+000  0.000000e+000  1.000000e+000
    outer loop
      vertex  2.900000e+001 -4.195000e+001  0.000000e+000
      vertex  2.962308e+001 -3.385046e+001  0.000000e+000
      vertex  2.950252e+001 -3.388584e+001  0.000000e+000
    endloop
  endfacet
  facet normal  0.000000e+000  0.000000e+000  1.000000e+000
    outer loop
      vertex  2.900000e+001 -4.195000e+001  0.000000e+000
      vertex  2.950252e+001 -3.388584e+001  0.000000e+000
      vertex  2.937998e+001 -3.391357e+001  0.000000e+000
    endloop
  endfacet
  facet normal  0.000000e+000  0.000000e+000  9.999999e-001
    outer loop
      vertex  2.900000e+001 -4.195000e+001  0.000000e+000
      vertex  2.937998e+001 -3.391357e+001  0.000000e+000
      vertex  2.925593e+001 -3.393356e+001  0.000000e+000
    endloop
  endfacet
  facet normal  0.000000e+000  0.000000e+000  9.999999e-001
    outer loop
      vertex  2.900000e+001 -4.195000e+001  0.000000e+000
      vertex  2.925593e+001 -3.393356e+001  0.000000e+000
      vertex  2.913088e+001 -3.394571e+001  0.000000e+000
    endloop
  endfacet
  facet normal  0.000000e+000  0.000000e+000  1.000000e+000
    outer loop
      vertex  2.900000e+001 -4.195000e+001  0.000000e+000
      vertex  2.913088e+001 -3.394571e+001  0.000000e+000
      vertex  2.900531e+001 -3.394999e+001  0.000000e+000
    endloop
  endfacet
  facet normal  0.000000e+000  0.000000e+000  1.000000e+000
    outer loop
      vertex  3.256622e+001 -4.129249e+001  0.000000e+000
      vertex  3.098356e+001 -3.169407e+001  0.000000e+000
      vertex  3.099571e+001 -3.181912e+001  0.000000e+000
    endloop
  endfacet
  facet normal  0.000000e+000  0.000000e+000  1.000000e+000
    outer loop
      vertex  3.256622e+001 -4.129249e+001  0.000000e+000
      vertex  3.099571e+001 -3.181912e+001  0.000000e+000
      vertex  3.099999e+001 -3.194469e+001  0.000000e+000
    endloop
  endfacet
  facet normal  0.000000e+000  0.000000e+000  1.000000e+000
    outer loop
      vertex  3.256622e+001 -4.129249e+001  0.000000e+000
      vertex  3.099999e+001 -3.194469e+001  0.000000e+000
      vertex  3.099638e+001 -3.207028e+001  0.000000e+000
    endloop
  endfacet
  facet normal  0.000000e+000  0.000000e+000  1.000000e+000
    outer loop
      vertex  3.256622e+001 -4.129249e+001  0.000000e+000
      vertex  3.099638e+001 -3.207028e+001  0.000000e+000
      vertex  3.098489e+001 -3.219540e+001  0.000000e+000
    endloop
  endfacet
  facet normal  0.000000e+000  0.000000e+000  9.999999e-001
    outer loop
      vertex  3.256622e+001 -4.129249e+001  0.000000e+000
      vertex  3.098489e+001 -3.219540e+001  0.000000e+000
      vertex  3.096556e+001 -3.231955e+001  0.000000e+000
    endloop
  endfacet
  facet normal  0.000000e+000  0.000000e+000  1.000000e+000
    outer loop
      vertex  3.256622e+001 -4.129249e+001  0.000000e+000
      vertex  3.096556e+001 -3.231955e+001  0.000000e+000
      vertex  2.900000e+001 -4.195000e+001  0.000000e+000
    endloop
  endfacet
  facet normal  0.000000e+000  -0.000000e+000  1.000000e+000
    outer loop
      vertex  3.260531e+001  1.204999e+001  0.000000e+000
      vertex  3.273088e+001  1.204571e+001  0.000000e+000
      vertex  3.812020e+001  1.211169e+001  0.000000e+000
    endloop
  endfacet
  facet normal  0.000000e+000  0.000000e+000  1.000000e+000
    outer loop
      vertex  3.260531e+001  1.204999e+001  0.000000e+000
      vertex  3.812020e+001  1.211169e+001  0.000000e+000
      vertex  3.800000e+001  1.249000e+001  0.000000e+000
    endloop
  endfacet
  facet normal  0.000000e+000  0.000000e+000  1.000000e+000
    outer loop
      vertex  3.260531e+001  1.204999e+001  0.000000e+000
      vertex  3.800000e+001  1.249000e+001  0.000000e+000
      vertex  3.782036e+001  1.302383e+001  0.000000e+000
    endloop
  endfacet
  facet normal  0.000000e+000  0.000000e+000  1.000000e+000
    outer loop
      vertex  3.260531e+001  1.204999e+001  0.000000e+000
      vertex  3.782036e+001  1.302383e+001  0.000000e+000
      vertex  3.763323e+001  1.355508e+001  0.000000e+000
    endloop
  endfacet
  facet normal  0.000000e+000  0.000000e+000  1.000000e+000
    outer loop
      vertex  3.260531e+001  1.204999e+001  0.000000e+000
      vertex  3.763323e+001  1.355508e+001  0.000000e+000
      vertex  3.743863e+001  1.408364e+001  0.000000e+000
    endloop
  endfacet
  facet normal  0.000000e+000  0.000000e+000  1.000000e+000
    outer loop
      vertex  3.260531e+001  1.204999e+001  0.000000e+000
      vertex  3.743863e+001  1.408364e+001  0.000000e+000
      vertex  3.723661e+001  1.460942e+001  0.000000e+000
    endloop
  endfacet
  facet normal  0.000000e+000  0.000000e+000  9.999999e-001
    outer loop
      vertex  3.260531e+001  1.204999e+001  0.000000e+000
      vertex  3.723661e+001  1.460942e+001  0.000000e+000
      vertex  3.702720e+001  1.513229e+001  0.000000e+000
    endloop
  endfacet
  facet normal  0.000000e+000  0.000000e+000  1.000000e+000
    outer loop
      vertex  3.260531e+001  1.204999e+001  0.000000e+000
      vertex  3.702720e+001  1.513229e+001  0.000000e+000
      vertex  3.681046e+001  1.565216e+001  0.000000e+000
    endloop
  endfacet
  facet normal  0.000000e+000  0.000000e+000  1.000000e+000
    outer loop
      vertex  3.260531e+001  1.204999e+001  0.000000e+000
      vertex  3.681046e+001  1.565216e+001  0.000000e+000
      vertex  3.658641e+001  1.616893e+001  0.000000e+000
    endloop
  endfacet
  facet normal  0.000000e+000  0.000000e+000  1.000000e+000
    outer loop
      vertex  3.260531e+001  1.204999e+001  0.000000e+000
      vertex  3.658641e+001  1.616893e+001  0.000000e+000
      vertex  3.635511e+001  1.668250e+001  0.000000e+000
    endloop
  endfacet
  facet normal  0.000000e+000  0.000000e+000  1.000000e+000
    outer loop
      vertex  3.260531e+001  1.204999e+001  0.000000e+000
      vertex  3.635511e+001  1.668250e+001  0.000000e+000
      vertex  3.611660e+001  1.719275e+001  0.000000e+000
    endloop
  endfacet
  facet normal  0.000000e+000  0.000000e+000  1.000000e+000
    outer loop
      vertex  3.260531e+001  1.204999e+001  0.000000e+000
      vertex  3.611660e+001  1.719275e+001  0.000000e+000
      vertex  3.587094e+001  1.769960e+001  0.000000e+000
    endloop
  endfacet
  facet normal  0.000000e+000  0.000000e+000  1.000000e+000
    outer loop
      vertex  3.260531e+001  1.204999e+001  0.000000e+000
      vertex  3.587094e+001  1.769960e+001  0.000000e+000
      vertex  3.561816e+001  1.820294e+001  0.000000e+000
    endloop
  endfacet
  facet normal  0.000000e+000  0.000000e+000  1.000000e+000
    outer loop
      vertex  3.260531e+001  1.204999e+001  0.000000e+000
      vertex  3.561816e+001  1.820294e+001  0.000000e+000
      vertex  3.535831e+001  1.870267e+001  0.000000e+000
    endloop
  endfacet
  facet normal  0.000000e+000  0.000000e+000  1.000000e+000
    outer loop
      vertex  3.260531e+001  1.204999e+001  0.000000e+000
      vertex  3.535831e+001  1.870267e+001  0.000000e+000
      vertex  3.509146e+001  1.919869e+001  0.000000e+000
    endloop
  endfacet
  facet normal  0.000000e+000  0.000000e+000  1.000000e+000
    outer loop
      vertex  3.260531e+001  1.204999e+001  0.000000e+000
      vertex  3.509146e+001  1.919869e+001  0.000000e+000
      vertex  3.481765e+001  1.969090e+001  0.000000e+000
    endloop
  endfacet
  facet normal  0.000000e+000  0.000000e+000  1.000000e+000
    outer loop
      vertex  3.260531e+001  1.204999e+001  0.000000e+000
      vertex  3.481765e+001  1.969090e+001  0.000000e+000
      vertex  3.453693e+001  2.017921e+001  0.000000e+000
    endloop
  endfacet
  facet normal  0.000000e+000  0.000000e+000  1.000000e+000
    outer loop
      vertex  3.260531e+001  1.204999e+001  0.000000e+000
      vertex  3.453693e+001  2.017921e+001  0.000000e+000
      vertex  3.424936e+001  2.066352e+001  0.000000e+000
    endloop
  endfacet
  facet normal  0.000000e+000  0.000000e+000  1.000000e+000
    outer loop
      vertex  3.260531e+001  1.204999e+001  0.000000e+000
      vertex  3.424936e+001  2.066352e+001  0.000000e+000
      vertex  3.395501e+001  2.114373e+001  0.000000e+000
    endloop
  endfacet
  facet normal  0.000000e+000  0.000000e+000  9.999999e-001
    outer loop
      vertex  3.260531e+001  1.204999e+001  0.000000e+000
      vertex  3.395501e+001  2.114373e+001  0.000000e+000
      vertex  3.365392e+001  2.161975e+001  0.000000e+000
    endloop
  endfacet
  facet normal  0.000000e+000  0.000000e+000  1.000000e+000
    outer loop
      vertex  3.260531e+001  1.204999e+001  0.000000e+000
      vertex  3.365392e+001  2.161975e+001  0.000000e+000
      vertex  3.334616e+001  2.209148e+001  0.000000e+000
    endloop
  endfacet
  facet normal  0.000000e+000  0.000000e+000  1.000000e+000
    outer loop
      vertex  3.260531e+001  1.204999e+001  0.000000e+000
      vertex  3.334616e+001  2.209148e+001  0.000000e+000
      vertex  3.303179e+001  2.255883e+001  0.000000e+000
    endloop
  endfacet
  facet normal  0.000000e+000  0.000000e+000  1.000000e+000
    outer loop
      vertex  3.260531e+001  1.204999e+001  0.000000e+000
      vertex  3.303179e+001  2.255883e+001  0.000000e+000
      vertex  3.271087e+001  2.302171e+001  0.000000e+000
    endloop
  endfacet
  facet normal  0.000000e+000  0.000000e+000  1.000000e+000
    outer loop
      vertex  3.260531e+001  1.204999e+001  0.000000e+000
      vertex  3.271087e+001  2.302171e+001  0.000000e+000
      vertex  3.238346e+001  2.348003e+001  0.000000e+000
    endloop
  endfacet
  facet normal  0.000000e+000  0.000000e+000  1.000000e+000
    outer loop
      vertex  3.260531e+001  1.204999e+001  0.000000e+000
      vertex  3.238346e+001  2.348003e+001  0.000000e+000
      vertex  3.247972e+001  1.204638e+001  0.000000e+000
    endloop
  endfacet
  facet normal  0.000000e+000  0.000000e+000  1.000000e+000
    outer loop
      vertex  3.238346e+001  2.348003e+001  0.000000e+000
      vertex  3.063643e+001  1.042998e+001  0.000000e+000
      vertex  3.066416e+001  1.055252e+001  0.000000e+000
    endloop
  endfacet
  facet normal  0.000000e+000  0.000000e+000  1.000000e+000
    outer loop
      vertex  3.238346e+001  2.348003e+001  0.000000e+000
      vertex  3.066416e+001  1.055252e+001  0.000000e+000
      vertex  3.069954e+001  1.067308e+001  0.000000e+000
    endloop
  endfacet
  facet normal  0.000000e+000  0.000000e+000  1.000000e+000
    outer loop
      vertex  3.238346e+001  2.348003e+001  0.000000e+000
      vertex  3.069954e+001  1.067308e+001  0.000000e+000
      vertex  3.074241e+001  1.079118e+001  0.000000e+000
    endloop
  endfacet
  facet normal  0.000000e+000  0.000000e+000  1.000000e+000
    outer loop
      vertex  3.238346e+001  2.348003e+001  0.000000e+000
      vertex  3.074241e+001  1.079118e+001  0.000000e+000
      vertex  3.079261e+001  1.090636e+001  0.000000e+000
    endloop
  endfacet
  facet normal  0.000000e+000  0.000000e+000  1.000000e+000
    outer loop
      vertex  3.238346e+001  2.348003e+001  0.000000e+000
      vertex  3.079261e+001  1.090636e+001  0.000000e+000
      vertex  3.084995e+001  1.101816e+001  0.000000e+000
    endloop
  endfacet
  facet normal  0.000000e+000  0.000000e+000  9.999999e-001
    outer loop
      vertex  3.238346e+001  2.348003e+001  0.000000e+000
      vertex  3.084995e+001  1.101816e+001  0.000000e+000
      vertex  3.091420e+001  1.112613e+001  0.000000e+000
    endloop
  endfacet
  facet normal  0.000000e+000  0.000000e+000  1.000000e+000
    outer loop
      vertex  3.238346e+001  2.348003e+001  0.000000e+000
      vertex  3.091420e+001  1.112613e+001  0.000000e+000
      vertex  3.098509e+001  1.122986e+001  0.000000e+000
    endloop
  endfacet
  facet normal  0.000000e+000  0.000000e+000  1.000000e+000
    outer loop
      vertex  3.238346e+001  2.348003e+001  0.000000e+000
      vertex  3.098509e+001  1.122986e+001  0.000000e+000
      vertex  3.106236e+001  1.132893e+001  0.000000e+000
    endloop
  endfacet
  facet normal  0.000000e+000  0.000000e+000  1.000000e+000
    outer loop
      vertex  3.238346e+001  2.348003e+001  0.000000e+000
      vertex  3.106236e+001  1.132893e+001  0.000000e+000
      vertex  3.114570e+001  1.142296e+001  0.000000e+000
    endloop
  endfacet
  facet normal  0.000000e+000  0.000000e+000  1.000000e+000
    outer loop
      vertex  3.238346e+001  2.348003e+001  0.000000e+000
      vertex  3.114570e+001  1.142296e+001  0.000000e+000
      vertex  3.123478e+001  1.151157e+001  0.000000e+000
    endloop
  endfacet
  facet normal  0.000000e+000  0.000000e+000  1.000000e+000
    outer loop
      vertex  3.238346e+001  2.348003e+001  0.000000e+000
      vertex  3.123478e+001  1.151157e+001  0.000000e+000
      vertex  3.132925e+001  1.159441e+001  0.000000e+000
    endloop
  endfacet
  facet normal  0.000000e+000  0.000000e+000  1.000000e+000
    outer loop
      vertex  3.238346e+001  2.348003e+001  0.000000e+000
      vertex  3.132925e+001  1.159441e+001  0.000000e+000
      vertex  3.142873e+001  1.167115e+001  0.000000e+000
    endloop
  endfacet
  facet normal  0.000000e+000  0.000000e+000  1.000000e+000
    outer loop
      vertex  3.238346e+001  2.348003e+001  0.000000e+000
      vertex  3.142873e+001  1.167115e+001  0.000000e+000
      vertex  3.153283e+001  1.174150e+001  0.000000e+000
    endloop
  endfacet
  facet normal  0.000000e+000  0.000000e+000  1.000000e+000
    outer loop
      vertex  3.238346e+001  2.348003e+001  0.000000e+000
      vertex  3.153283e+001  1.174150e+001  0.000000e+000
      vertex  3.164115e+001  1.180517e+001  0.000000e+000
    endloop
  endfacet
  facet normal  0.000000e+000  0.000000e+000  9.999999e-001
    outer loop
      vertex  3.238346e+001  2.348003e+001  0.000000e+000
      vertex  3.164115e+001  1.180517e+001  0.000000e+000
      vertex  3.175325e+001  1.186191e+001  0.000000e+000
    endloop
  endfacet
  facet normal  0.000000e+000  0.000000e+000  1.000000e+000
    outer loop
      vertex  3.238346e+001  2.348003e+001  0.000000e+000
      vertex  3.175325e+001  1.186191e+001  0.000000e+000
      vertex  3.186869e+001  1.191150e+001  0.000000e+000
    endloop
  endfacet
  facet normal  0.000000e+000  0.000000e+000  1.000000e+000
    outer loop
      vertex  3.238346e+001  2.348003e+001  0.000000e+000
      vertex  3.186869e+001  1.191150e+001  0.000000e+000
      vertex  3.198702e+001  1.195375e+001  0.000000e+000
    endloop
  endfacet
  facet normal  0.000000e+000  0.000000e+000  1.000000e+000
    outer loop
      vertex  3.238346e+001  2.348003e+001  0.000000e+000
      vertex  3.198702e+001  1.195375e+001  0.000000e+000
      vertex  3.210777e+001  1.198848e+001  0.000000e+000
    endloop
  endfacet
  facet normal  0.000000e+000  0.000000e+000  1.000000e+000
    outer loop
      vertex  3.238346e+001  2.348003e+001  0.000000e+000
      vertex  3.210777e+001  1.198848e+001  0.000000e+000
      vertex  3.223045e+001  1.201556e+001  0.000000e+000
    endloop
  endfacet
  facet normal  0.000000e+000  0.000000e+000  1.000000e+000
    outer loop
      vertex  3.238346e+001  2.348003e+001  0.000000e+000
      vertex  3.223045e+001  1.201556e+001  0.000000e+000
      vertex  3.235460e+001  1.203489e+001  0.000000e+000
    endloop
  endfacet
  facet normal  0.000000e+000  0.000000e+000  1.000000e+000
    outer loop
      vertex  3.238346e+001  2.348003e+001  0.000000e+000
      vertex  3.235460e+001  1.203489e+001  0.000000e+000
      vertex  3.247972e+001  1.204638e+001  0.000000e+000
    endloop
  endfacet
  facet normal  0.000000e+000  0.000000e+000  1.000000e+000
    outer loop
      vertex -3.256622e+001 -4.129249e+001  0.000000e+000
      vertex -2.912028e+001 -3.394638e+001  0.000000e+000
      vertex -2.924540e+001 -3.393489e+001  0.000000e+000
    endloop
  endfacet
  facet normal  0.000000e+000  0.000000e+000  9.999999e-001
    outer loop
      vertex -3.256622e+001 -4.129249e+001  0.000000e+000
      vertex -2.924540e+001 -3.393489e+001  0.000000e+000
      vertex -2.936954e+001 -3.391556e+001  0.000000e+000
    endloop
  endfacet
  facet normal  0.000000e+000  0.000000e+000  1.000000e+000
    outer loop
      vertex -3.256622e+001 -4.129249e+001  0.000000e+000
      vertex -2.936954e+001 -3.391556e+001  0.000000e+000
      vertex -2.949224e+001 -3.388848e+001  0.000000e+000
    endloop
  endfacet
  facet normal  0.000000e+000  0.000000e+000  1.000000e+000
    outer loop
      vertex -3.256622e+001 -4.129249e+001  0.000000e+000
      vertex -2.949224e+001 -3.388848e+001  0.000000e+000
      vertex -2.961298e+001 -3.385375e+001  0.000000e+000
    endloop
  endfacet
  facet normal  0.000000e+000  0.000000e+000  1.000000e+000
    outer loop
      vertex -3.256622e+001 -4.129249e+001  0.000000e+000
      vertex -2.961298e+001 -3.385375e+001  0.000000e+000
      vertex -2.973131e+001 -3.381150e+001  0.000000e+000
    endloop
  endfacet
  facet normal  0.000000e+000  0.000000e+000  1.000000e+000
    outer loop
      vertex -3.256622e+001 -4.129249e+001  0.000000e+000
      vertex -2.973131e+001 -3.381150e+001  0.000000e+000
      vertex -2.984675e+001 -3.376191e+001  0.000000e+000
    endloop
  endfacet
  facet normal  0.000000e+000  0.000000e+000  9.999999e-001
    outer loop
      vertex -3.256622e+001 -4.129249e+001  0.000000e+000
      vertex -2.984675e+001 -3.376191e+001  0.000000e+000
      vertex -2.995885e+001 -3.370517e+001  0.000000e+000
    endloop
  endfacet
  facet normal  0.000000e+000  0.000000e+000  1.000000e+000
    outer loop
      vertex -3.256622e+001 -4.129249e+001  0.000000e+000
      vertex -2.995885e+001 -3.370517e+001  0.000000e+000
      vertex -3.006717e+001 -3.364149e+001  0.000000e+000
    endloop
  endfacet
  facet normal  0.000000e+000  0.000000e+000  1.000000e+000
    outer loop
      vertex -3.256622e+001 -4.129249e+001  0.000000e+000
      vertex -3.006717e+001 -3.364149e+001  0.000000e+000
      vertex -3.017127e+001 -3.357115e+001  0.000000e+000
    endloop
  endfacet
  facet normal  0.000000e+000  0.000000e+000  9.999999e-001
    outer loop
      vertex -3.256622e+001 -4.129249e+001  0.000000e+000
      vertex -3.017127e+001 -3.357115e+001  0.000000e+000
      vertex -3.027075e+001 -3.349440e+001  0.000000e+000
    endloop
  endfacet
  facet normal  0.000000e+000  0.000000e+000  1.000000e+000
    outer loop
      vertex -3.256622e+001 -4.129249e+001  0.000000e+000
      vertex -3.027075e+001 -3.349440e+001  0.000000e+000
      vertex -3.036522e+001 -3.341157e+001  0.000000e+000
    endloop
  endfacet
  facet normal  0.000000e+000  0.000000e+000  1.000000e+000
    outer loop
      vertex -3.256622e+001 -4.129249e+001  0.000000e+000
      vertex -3.036522e+001 -3.341157e+001  0.000000e+000
      vertex -3.045430e+001 -3.332296e+001  0.000000e+000
    endloop
  endfacet
  facet normal  0.000000e+000  0.000000e+000  9.999999e-001
    outer loop
      vertex -3.256622e+001 -4.129249e+001  0.000000e+000
      vertex -3.045430e+001 -3.332296e+001  0.000000e+000
      vertex -3.053764e+001 -3.322894e+001  0.000000e+000
    endloop
  endfacet
  facet normal  0.000000e+000  0.000000e+000  9.999999e-001
    outer loop
      vertex -3.256622e+001 -4.129249e+001  0.000000e+000
      vertex -3.053764e+001 -3.322894e+001  0.000000e+000
      vertex -3.061491e+001 -3.312986e+001  0.000000e+000
    endloop
  endfacet
  facet normal  0.000000e+000  0.000000e+000  1.000000e+000
    outer loop
      vertex -3.256622e+001 -4.129249e+001  0.000000e+000
      vertex -3.061491e+001 -3.312986e+001  0.000000e+000
      vertex -3.068580e+001 -3.302613e+001  0.000000e+000
    endloop
  endfacet
  facet normal  0.000000e+000  0.000000e+000  1.000000e+000
    outer loop
      vertex -3.256622e+001 -4.129249e+001  0.000000e+000
      vertex -3.068580e+001 -3.302613e+001  0.000000e+000
      vertex -3.075005e+001 -3.291816e+001  0.000000e+000
    endloop
  endfacet
  facet normal  0.000000e+000  0.000000e+000  9.999999e-001
    outer loop
      vertex -3.256622e+001 -4.129249e+001  0.000000e+000
      vertex -3.075005e+001 -3.291816e+001  0.000000e+000
      vertex -3.080739e+001 -3.280636e+001  0.000000e+000
    endloop
  endfacet
  facet normal  0.000000e+000  0.000000e+000  1.000000e+000
    outer loop
      vertex -3.256622e+001 -4.129249e+001  0.000000e+000
      vertex -3.080739e+001 -3.280636e+001  0.000000e+000
      vertex -3.085759e+001 -3.269118e+001  0.000000e+000
    endloop
  endfacet
  facet normal  0.000000e+000  0.000000e+000  1.000000e+000
    outer loop
      vertex -3.256622e+001 -4.129249e+001  0.000000e+000
      vertex -3.085759e+001 -3.269118e+001  0.000000e+000
      vertex -3.090047e+001 -3.257308e+001  0.000000e+000
    endloop
  endfacet
  facet normal  0.000000e+000  0.000000e+000  1.000000e+000
    outer loop
      vertex -3.256622e+001 -4.129249e+001  0.000000e+000
      vertex -3.090047e+001 -3.257308e+001  0.000000e+000
      vertex -3.093584e+001 -3.245252e+001  0.000000e+000
    endloop
  endfacet
  facet normal  0.000000e+000  0.000000e+000  1.000000e+000
    outer loop
      vertex -3.256622e+001 -4.129249e+001  0.000000e+000
      vertex -3.093584e+001 -3.245252e+001  0.000000e+000
      vertex -3.096357e+001 -3.232998e+001  0.000000e+000
    endloop
  endfacet
  facet normal  0.000000e+000  0.000000e+000  1.000000e+000
    outer loop
      vertex -3.256622e+001 -4.129249e+001  0.000000e+000
      vertex -3.096357e+001 -3.232998e+001  0.000000e+000
      vertex -3.098356e+001 -3.220593e+001  0.000000e+000
    endloop
  endfacet
  facet normal  0.000000e+000  0.000000e+000  9.999999e-001
    outer loop
      vertex -3.256622e+001 -4.129249e+001  0.000000e+000
      vertex -3.098356e+001 -3.220593e+001  0.000000e+000
      vertex -3.099571e+001 -3.208088e+001  0.000000e+000
    endloop
  endfacet
  facet normal  0.000000e+000  0.000000e+000  1.000000e+000
    outer loop
      vertex -3.256622e+001 -4.129249e+001  0.000000e+000
      vertex -3.099571e+001 -3.208088e+001  0.000000e+000
      vertex -3.099999e+001 -3.195531e+001  0.000000e+000
    endloop
  endfacet
  facet normal  -0.000000e+000  0.000000e+000  9.999999e-001
    outer loop
      vertex -3.893700e+001  7.831133e+000  0.000000e+000
      vertex -3.893712e+001 -3.306964e+001  0.000000e+000
      vertex -3.890181e+001 -3.334790e+001  0.000000e+000
    endloop
  endfacet
  facet normal  -0.000000e+000  -0.000000e+000  1.000000e+000
    outer loop
      vertex -3.893700e+001  7.831133e+000  0.000000e+000
      vertex -3.890181e+001 -3.334790e+001  0.000000e+000
      vertex -3.885871e+001 -3.362506e+001  0.000000e+000
    endloop
  endfacet
  facet normal  -0.000000e+000  -0.000000e+000  1.000000e+000
    outer loop
      vertex -3.893700e+001  7.831133e+000  0.000000e+000
      vertex -3.885871e+001 -3.362506e+001  0.000000e+000
      vertex -3.880785e+001 -3.390090e+001  0.000000e+000
    endloop
  endfacet
  facet normal  -0.000000e+000  -0.000000e+000  1.000000e+000
    outer loop
      vertex -3.893700e+001  7.831133e+000  0.000000e+000
      vertex -3.880785e+001 -3.390090e+001  0.000000e+000
      vertex -3.874928e+001 -3.417521e+001  0.000000e+000
    endloop
  endfacet
  facet normal  -0.000000e+000  -0.000000e+000  9.999999e-001
    outer loop
      vertex -3.893700e+001  7.831133e+000  0.000000e+000
      vertex -3.874928e+001 -3.417521e+001  0.000000e+000
      vertex -3.868304e+001 -3.444777e+001  0.000000e+000
    endloop
  endfacet
  facet normal  -0.000000e+000  -0.000000e+000  1.000000e+000
    outer loop
      vertex -3.893700e+001  7.831133e+000  0.000000e+000
      vertex -3.868304e+001 -3.444777e+001  0.000000e+000
      vertex -3.860917e+001 -3.471835e+001  0.000000e+000
    endloop
  endfacet
  facet normal  -0.000000e+000  -0.000000e+000  1.000000e+000
    outer loop
      vertex -3.893700e+001  7.831133e+000  0.000000e+000
      vertex -3.860917e+001 -3.471835e+001  0.000000e+000
      vertex -3.852775e+001 -3.498677e+001  0.000000e+000
    endloop
  endfacet
  facet normal  -0.000000e+000  -0.000000e+000  1.000000e+000
    outer loop
      vertex -3.893700e+001  7.831133e+000  0.000000e+000
      vertex -3.852775e+001 -3.498677e+001  0.000000e+000
      vertex -3.843884e+001 -3.525279e+001  0.000000e+000
    endloop
  endfacet
  facet normal  -0.000000e+000  -0.000000e+000  1.000000e+000
    outer loop
      vertex -3.893700e+001  7.831133e+000  0.000000e+000
      vertex -3.843884e+001 -3.525279e+001  0.000000e+000
      vertex -3.834249e+001 -3.551622e+001  0.000000e+000
    endloop
  endfacet
  facet normal  -0.000000e+000  -0.000000e+000  1.000000e+000
    outer loop
      vertex -3.893700e+001  7.831133e+000  0.000000e+000
      vertex -3.834249e+001 -3.551622e+001  0.000000e+000
      vertex -3.823880e+001 -3.577683e+001  0.000000e+000
    endloop
  endfacet
  facet normal  -0.000000e+000  -0.000000e+000  1.000000e+000
    outer loop
      vertex -3.893700e+001  7.831133e+000  0.000000e+000
      vertex -3.823880e+001 -3.577683e+001  0.000000e+000
      vertex -3.812783e+001 -3.603444e+001  0.000000e+000
    endloop
  endfacet
  facet normal  -0.000000e+000  -0.000000e+000  1.000000e+000
    outer loop
      vertex -3.893700e+001  7.831133e+000  0.000000e+000
      vertex -3.812783e+001 -3.603444e+001  0.000000e+000
      vertex -3.800969e+001 -3.628884e+001  0.000000e+000
    endloop
  endfacet
  facet normal  -0.000000e+000  -0.000000e+000  1.000000e+000
    outer loop
      vertex -3.893700e+001  7.831133e+000  0.000000e+000
      vertex -3.800969e+001 -3.628884e+001  0.000000e+000
      vertex -3.788446e+001 -3.653982e+001  0.000000e+000
    endloop
  endfacet
  facet normal  -0.000000e+000  -0.000000e+000  1.000000e+000
    outer loop
      vertex -3.893700e+001  7.831133e+000  0.000000e+000
      vertex -3.788446e+001 -3.653982e+001  0.000000e+000
      vertex -3.775224e+001 -3.678719e+001  0.000000e+000
    endloop
  endfacet
  facet normal  -0.000000e+000  -0.000000e+000  1.000000e+000
    outer loop
      vertex -3.893700e+001  7.831133e+000  0.000000e+000
      vertex -3.775224e+001 -3.678719e+001  0.000000e+000
      vertex -3.761312e+001 -3.703075e+001  0.000000e+000
    endloop
  endfacet
  facet normal  -0.000000e+000  -0.000000e+000  9.999999e-001
    outer loop
      vertex -3.893700e+001  7.831133e+000  0.000000e+000
      vertex -3.761312e+001 -3.703075e+001  0.000000e+000
      vertex -3.746724e+001 -3.727032e+001  0.000000e+000
    endloop
  endfacet
  facet normal  -0.000000e+000  -0.000000e+000  9.999999e-001
    outer loop
      vertex -3.893700e+001  7.831133e+000  0.000000e+000
      vertex -3.746724e+001 -3.727032e+001  0.000000e+000
      vertex -3.731470e+001 -3.750570e+001  0.000000e+000
    endloop
  endfacet
  facet normal  -0.000000e+000  -0.000000e+000  1.000000e+000
    outer loop
      vertex -3.893700e+001  7.831133e+000  0.000000e+000
      vertex -3.731470e+001 -3.750570e+001  0.000000e+000
      vertex -3.715561e+001 -3.773671e+001  0.000000e+000
    endloop
  endfacet
  facet normal  -0.000000e+000  -0.000000e+000  9.999999e-001
    outer loop
      vertex -3.893700e+001  7.831133e+000  0.000000e+000
      vertex -3.715561e+001 -3.773671e+001  0.000000e+000
      vertex -3.699010e+001 -3.796317e+001  0.000000e+000
    endloop
  endfacet
  facet normal  -0.000000e+000  -0.000000e+000  1.000000e+000
    outer loop
      vertex -3.893700e+001  7.831133e+000  0.000000e+000
      vertex -3.699010e+001 -3.796317e+001  0.000000e+000
      vertex -3.681831e+001 -3.818490e+001  0.000000e+000
    endloop
  endfacet
  facet normal  -0.000000e+000  -0.000000e+000  1.000000e+000
    outer loop
      vertex -3.893700e+001  7.831133e+000  0.000000e+000
      vertex -3.681831e+001 -3.818490e+001  0.000000e+000
      vertex -3.664037e+001 -3.840172e+001  0.000000e+000
    endloop
  endfacet
  facet normal  -0.000000e+000  -0.000000e+000  1.000000e+000
    outer loop
      vertex -3.893700e+001  7.831133e+000  0.000000e+000
      vertex -3.664037e+001 -3.840172e+001  0.000000e+000
      vertex -3.645642e+001 -3.861346e+001  0.000000e+000
    endloop
  endfacet
  facet normal  -0.000000e+000  -0.000000e+000  1.000000e+000
    outer loop
      vertex -3.893700e+001  7.831133e+000  0.000000e+000
      vertex -3.645642e+001 -3.861346e+001  0.000000e+000
      vertex -3.626660e+001 -3.881997e+001  0.000000e+000
    endloop
  endfacet
  facet normal  -0.000000e+000  -0.000000e+000  1.000000e+000
    outer loop
      vertex -3.893700e+001  7.831133e+000  0.000000e+000
      vertex -3.626660e+001 -3.881997e+001  0.000000e+000
      vertex -3.607107e+001 -3.902107e+001  0.000000e+000
    endloop
  endfacet
  facet normal  -0.000000e+000  -0.000000e+000  1.000000e+000
    outer loop
      vertex -3.893700e+001  7.831133e+000  0.000000e+000
      vertex -3.607107e+001 -3.902107e+001  0.000000e+000
      vertex -3.586997e+001 -3.921660e+001  0.000000e+000
    endloop
  endfacet
  facet normal  -0.000000e+000  -0.000000e+000  1.000000e+000
    outer loop
      vertex -3.893700e+001  7.831133e+000  0.000000e+000
      vertex -3.586997e+001 -3.921660e+001  0.000000e+000
      vertex -3.566347e+001 -3.940642e+001  0.000000e+000
    endloop
  endfacet
  facet normal  -0.000000e+000  -0.000000e+000  1.000000e+000
    outer loop
      vertex -3.893700e+001  7.831133e+000  0.000000e+000
      vertex -3.566347e+001 -3.940642e+001  0.000000e+000
      vertex -3.545172e+001 -3.959037e+001  0.000000e+000
    endloop
  endfacet
  facet normal  -0.000000e+000  -0.000000e+000  1.000000e+000
    outer loop
      vertex -3.893700e+001  7.831133e+000  0.000000e+000
      vertex -3.545172e+001 -3.959037e+001  0.000000e+000
      vertex -3.523490e+001 -3.976831e+001  0.000000e+000
    endloop
  endfacet
  facet normal  -0.000000e+000  -0.000000e+000  1.000000e+000
    outer loop
      vertex -3.893700e+001  7.831133e+000  0.000000e+000
      vertex -3.523490e+001 -3.976831e+001  0.000000e+000
      vertex -3.501317e+001 -3.994011e+001  0.000000e+000
    endloop
  endfacet
  facet normal  -0.000000e+000  -0.000000e+000  1.000000e+000
    outer loop
      vertex -3.893700e+001  7.831133e+000  0.000000e+000
      vertex -3.501317e+001 -3.994011e+001  0.000000e+000
      vertex -3.478671e+001 -4.010561e+001  0.000000e+000
    endloop
  endfacet
  facet normal  -0.000000e+000  -0.000000e+000  1.000000e+000
    outer loop
      vertex -3.893700e+001  7.831133e+000  0.000000e+000
      vertex -3.478671e+001 -4.010561e+001  0.000000e+000
      vertex -3.455570e+001 -4.026470e+001  0.000000e+000
    endloop
  endfacet
  facet normal  -0.000000e+000  -0.000000e+000  1.000000e+000
    outer loop
      vertex -3.893700e+001  7.831133e+000  0.000000e+000
      vertex -3.455570e+001 -4.026470e+001  0.000000e+000
      vertex -3.432032e+001 -4.041724e+001  0.000000e+000
    endloop
  endfacet
  facet normal  -0.000000e+000  -0.000000e+000  1.000000e+000
    outer loop
      vertex -3.893700e+001  7.831133e+000  0.000000e+000
      vertex -3.432032e+001 -4.041724e+001  0.000000e+000
      vertex -3.408075e+001 -4.056313e+001  0.000000e+000
    endloop
  endfacet
  facet normal  -0.000000e+000  -0.000000e+000  9.999999e-001
    outer loop
      vertex -3.893700e+001  7.831133e+000  0.000000e+000
      vertex -3.408075e+001 -4.056313e+001  0.000000e+000
      vertex -3.383719e+001 -4.070223e+001  0.000000e+000
    endloop
  endfacet
  facet normal  -0.000000e+000  -0.000000e+000  1.000000e+000
    outer loop
      vertex -3.893700e+001  7.831133e+000  0.000000e+000
      vertex -3.383719e+001 -4.070223e+001  0.000000e+000
      vertex -3.358982e+001 -4.083446e+001  0.000000e+000
    endloop
  endfacet
  facet normal  -0.000000e+000  -0.000000e+000  1.000000e+000
    outer loop
      vertex -3.893700e+001  7.831133e+000  0.000000e+000
      vertex -3.358982e+001 -4.083446e+001  0.000000e+000
      vertex -3.333884e+001 -4.095969e+001  0.000000e+000
    endloop
  endfacet
  facet normal  -0.000000e+000  -0.000000e+000  1.000000e+000
    outer loop
      vertex -3.893700e+001  7.831133e+000  0.000000e+000
      vertex -3.333884e+001 -4.095969e+001  0.000000e+000
      vertex -3.308444e+001 -4.107783e+001  0.000000e+000
    endloop
  endfacet
  facet normal  -0.000000e+000  -0.000000e+000  1.000000e+000
    outer loop
      vertex -3.893700e+001  7.831133e+000  0.000000e+000
      vertex -3.308444e+001 -4.107783e+001  0.000000e+000
      vertex -3.282684e+001 -4.118880e+001  0.000000e+000
    endloop
  endfacet
  facet normal  0.000000e+000  -0.000000e+000  1.000000e+000
    outer loop
      vertex -3.247972e+001  8.053620e+000  0.000000e+000
      vertex -3.099999e+001 -3.195531e+001  0.000000e+000
      vertex -3.099638e+001 -3.182972e+001  0.000000e+000
    endloop
  endfacet
  facet normal  0.000000e+000  -0.000000e+000  1.000000e+000
    outer loop
      vertex -3.247972e+001  8.053620e+000  0.000000e+000
      vertex -3.099638e+001 -3.182972e+001  0.000000e+000
      vertex -3.098489e+001 -3.170460e+001  0.000000e+000
    endloop
  endfacet
  facet normal  0.000000e+000  -0.000000e+000  1.000000e+000
    outer loop
      vertex -3.247972e+001  8.053620e+000  0.000000e+000
      vertex -3.098489e+001 -3.170460e+001  0.000000e+000
      vertex -3.096556e+001 -3.158045e+001  0.000000e+000
    endloop
  endfacet
  facet normal  0.000000e+000  -0.000000e+000  9.999999e-001
    outer loop
      vertex -3.247972e+001  8.053620e+000  0.000000e+000
      vertex -3.096556e+001 -3.158045e+001  0.000000e+000
      vertex -3.093848e+001 -3.145777e+001  0.000000e+000
    endloop
  endfacet
  facet normal  0.000000e+000  -0.000000e+000  1.000000e+000
    outer loop
      vertex -3.247972e+001  8.053620e+000  0.000000e+000
      vertex -3.093848e+001 -3.145777e+001  0.000000e+000
      vertex -3.090375e+001 -3.133702e+001  0.000000e+000
    endloop
  endfacet
  facet normal  0.000000e+000  -0.000000e+000  9.999999e-001
    outer loop
      vertex -3.247972e+001  8.053620e+000  0.000000e+000
      vertex -3.090375e+001 -3.133702e+001  0.000000e+000
      vertex -3.086150e+001 -3.121869e+001  0.000000e+000
    endloop
  endfacet
  facet normal  0.000000e+000  -0.000000e+000  1.000000e+000
    outer loop
      vertex -3.247972e+001  8.053620e+000  0.000000e+000
      vertex -3.086150e+001 -3.121869e+001  0.000000e+000
      vertex -3.081191e+001 -3.110325e+001  0.000000e+000
    endloop
  endfacet
  facet normal  0.000000e+000  -0.000000e+000  1.000000e+000
    outer loop
      vertex -3.247972e+001  8.053620e+000  0.000000e+000
      vertex -3.081191e+001 -3.110325e+001  0.000000e+000
      vertex -3.075517e+001 -3.099115e+001  0.000000e+000
    endloop
  endfacet
  facet normal  0.000000e+000  -0.000000e+000  1.000000e+000
    outer loop
      vertex -3.247972e+001  8.053620e+000  0.000000e+000
      vertex -3.075517e+001 -3.099115e+001  0.000000e+000
      vertex -3.069150e+001 -3.088283e+001  0.000000e+000
    endloop
  endfacet
  facet normal  0.000000e+000  -0.000000e+000  1.000000e+000
    outer loop
      vertex -3.247972e+001  8.053620e+000  0.000000e+000
      vertex -3.069150e+001 -3.088283e+001  0.000000e+000
      vertex -3.062115e+001 -3.077873e+001  0.000000e+000
    endloop
  endfacet
  facet normal  0.000000e+000  -0.000000e+000  9.999999e-001
    outer loop
      vertex -3.247972e+001  8.053620e+000  0.000000e+000
      vertex -3.062115e+001 -3.077873e+001  0.000000e+000
      vertex -3.054440e+001 -3.067925e+001  0.000000e+000
    endloop
  endfacet
  facet normal  0.000000e+000  -0.000000e+000  1.000000e+000
    outer loop
      vertex -3.247972e+001  8.053620e+000  0.000000e+000
      vertex -3.054440e+001 -3.067925e+001  0.000000e+000
      vertex -3.046157e+001 -3.058478e+001  0.000000e+000
    endloop
  endfacet
  facet normal  0.000000e+000  -0.000000e+000  1.000000e+000
    outer loop
      vertex -3.247972e+001  8.053620e+000  0.000000e+000
      vertex -3.046157e+001 -3.058478e+001  0.000000e+000
      vertex -3.037296e+001 -3.049570e+001  0.000000e+000
    endloop
  endfacet
  facet normal  0.000000e+000  -0.000000e+000  1.000000e+000
    outer loop
      vertex -3.247972e+001  8.053620e+000  0.000000e+000
      vertex -3.037296e+001 -3.049570e+001  0.000000e+000
      vertex -3.027893e+001 -3.041236e+001  0.000000e+000
    endloop
  endfacet
  facet normal  0.000000e+000  -0.000000e+000  1.000000e+000
    outer loop
      vertex -3.247972e+001  8.053620e+000  0.000000e+000
      vertex -3.027893e+001 -3.041236e+001  0.000000e+000
      vertex -3.017986e+001 -3.033509e+001  0.000000e+000
    endloop
  endfacet
  facet normal  0.000000e+000  -0.000000e+000  1.000000e+000
    outer loop
      vertex -3.247972e+001  8.053620e+000  0.000000e+000
      vertex -3.017986e+001 -3.033509e+001  0.000000e+000
      vertex -3.007613e+001 -3.026419e+001  0.000000e+000
    endloop
  endfacet
  facet normal  0.000000e+000  -0.000000e+000  1.000000e+000
    outer loop
      vertex -3.247972e+001  8.053620e+000  0.000000e+000
      vertex -3.007613e+001 -3.026419e+001  0.000000e+000
      vertex -2.996816e+001 -3.019995e+001  0.000000e+000
    endloop
  endfacet
  facet normal  0.000000e+000  -0.000000e+000  9.999999e-001
    outer loop
      vertex -3.247972e+001  8.053620e+000  0.000000e+000
      vertex -2.996816e+001 -3.019995e+001  0.000000e+000
      vertex -2.985636e+001 -3.014261e+001  0.000000e+000
    endloop
  endfacet
  facet normal  0.000000e+000  -0.000000e+000  9.999999e-001
    outer loop
      vertex -3.247972e+001  8.053620e+000  0.000000e+000
      vertex -2.985636e+001 -3.014261e+001  0.000000e+000
      vertex -2.974118e+001 -3.009241e+001  0.000000e+000
    endloop
  endfacet
  facet normal  0.000000e+000  -0.000000e+000  1.000000e+000
    outer loop
      vertex -3.247972e+001  8.053620e+000  0.000000e+000
      vertex -2.974118e+001 -3.009241e+001  0.000000e+000
      vertex -2.962308e+001 -3.004953e+001  0.000000e+000
    endloop
  endfacet
  facet normal  0.000000e+000  -0.000000e+000  1.000000e+000
    outer loop
      vertex -3.247972e+001  8.053620e+000  0.000000e+000
      vertex -2.962308e+001 -3.004953e+001  0.000000e+000
      vertex -2.950252e+001 -3.001416e+001  0.000000e+000
    endloop
  endfacet
  facet normal  0.000000e+000  -0.000000e+000  1.000000e+000
    outer loop
      vertex -3.247972e+001  8.053620e+000  0.000000e+000
      vertex -2.950252e+001 -3.001416e+001  0.000000e+000
      vertex -2.937998e+001 -2.998643e+001  0.000000e+000
    endloop
  endfacet
  facet normal  0.000000e+000  -0.000000e+000  1.000000e+000
    outer loop
      vertex -3.247972e+001  8.053620e+000  0.000000e+000
      vertex -2.937998e+001 -2.998643e+001  0.000000e+000
      vertex -2.925593e+001 -2.996644e+001  0.000000e+000
    endloop
  endfacet
  facet normal  0.000000e+000  -0.000000e+000  1.000000e+000
    outer loop
      vertex -3.247972e+001  8.053620e+000  0.000000e+000
      vertex -2.925593e+001 -2.996644e+001  0.000000e+000
      vertex -2.913088e+001 -2.995429e+001  0.000000e+000
    endloop
  endfacet
  facet normal  0.000000e+000  -0.000000e+000  1.000000e+000
    outer loop
      vertex -3.247972e+001  8.053620e+000  0.000000e+000
      vertex -2.913088e+001 -2.995429e+001  0.000000e+000
      vertex -2.900531e+001 -2.995001e+001  0.000000e+000
    endloop
  endfacet
  facet normal  0.000000e+000  0.000000e+000  1.000000e+000
    outer loop
      vertex -3.812020e+001  1.211169e+001  0.000000e+000
      vertex -3.823286e+001  1.173107e+001  0.000000e+000
      vertex -3.272028e+001  1.204638e+001  0.000000e+000
    endloop
  endfacet
  facet normal  0.000000e+000  0.000000e+000  1.000000e+000
    outer loop
      vertex -3.812020e+001  1.211169e+001  0.000000e+000
      vertex -3.272028e+001  1.204638e+001  0.000000e+000
      vertex -3.303179e+001  2.255883e+001  0.000000e+000
    endloop
  endfacet
  facet normal  0.000000e+000  0.000000e+000  1.000000e+000
    outer loop
      vertex -3.812020e+001  1.211169e+001  0.000000e+000
      vertex -3.303179e+001  2.255883e+001  0.000000e+000
      vertex -3.334616e+001  2.209148e+001  0.000000e+000
    endloop
  endfacet
  facet normal  0.000000e+000  0.000000e+000  1.000000e+000
    outer loop
      vertex -3.812020e+001  1.211169e+001  0.000000e+000
      vertex -3.334616e+001  2.209148e+001  0.000000e+000
      vertex -3.365392e+001  2.161975e+001  0.000000e+000
    endloop
  endfacet
  facet normal  0.000000e+000  0.000000e+000  1.000000e+000
    outer loop
      vertex -3.812020e+001  1.211169e+001  0.000000e+000
      vertex -3.365392e+001  2.161975e+001  0.000000e+000
      vertex -3.395501e+001  2.114373e+001  0.000000e+000
    endloop
  endfacet
  facet normal  0.000000e+000  0.000000e+000  1.000000e+000
    outer loop
      vertex -3.812020e+001  1.211169e+001  0.000000e+000
      vertex -3.395501e+001  2.114373e+001  0.000000e+000
      vertex -3.424936e+001  2.066352e+001  0.000000e+000
    endloop
  endfacet
  facet normal  0.000000e+000  0.000000e+000  1.000000e+000
    outer loop
      vertex -3.812020e+001  1.211169e+001  0.000000e+000
      vertex -3.424936e+001  2.066352e+001  0.000000e+000
      vertex -3.453693e+001  2.017921e+001  0.000000e+000
    endloop
  endfacet
  facet normal  0.000000e+000  0.000000e+000  1.000000e+000
    outer loop
      vertex -3.812020e+001  1.211169e+001  0.000000e+000
      vertex -3.453693e+001  2.017921e+001  0.000000e+000
      vertex -3.481765e+001  1.969090e+001  0.000000e+000
    endloop
  endfacet
  facet normal  0.000000e+000  0.000000e+000  1.000000e+000
    outer loop
      vertex -3.812020e+001  1.211169e+001  0.000000e+000
      vertex -3.481765e+001  1.969090e+001  0.000000e+000
      vertex -3.509146e+001  1.919869e+001  0.000000e+000
    endloop
  endfacet
  facet normal  0.000000e+000  0.000000e+000  1.000000e+000
    outer loop
      vertex -3.812020e+001  1.211169e+001  0.000000e+000
      vertex -3.509146e+001  1.919869e+001  0.000000e+000
      vertex -3.535831e+001  1.870267e+001  0.000000e+000
    endloop
  endfacet
  facet normal  0.000000e+000  0.000000e+000  9.999999e-001
    outer loop
      vertex -3.812020e+001  1.211169e+001  0.000000e+000
      vertex -3.535831e+001  1.870267e+001  0.000000e+000
      vertex -3.561816e+001  1.820294e+001  0.000000e+000
    endloop
  endfacet
  facet normal  0.000000e+000  0.000000e+000  1.000000e+000
    outer loop
      vertex -3.812020e+001  1.211169e+001  0.000000e+000
      vertex -3.561816e+001  1.820294e+001  0.000000e+000
      vertex -3.587094e+001  1.769960e+001  0.000000e+000
    endloop
  endfacet
  facet normal  0.000000e+000  0.000000e+000  9.999999e-001
    outer loop
      vertex -3.812020e+001  1.211169e+001  0.000000e+000
      vertex -3.587094e+001  1.769960e+001  0.000000e+000
      vertex -3.611660e+001  1.719275e+001  0.000000e+000
    endloop
  endfacet
  facet normal  0.000000e+000  0.000000e+000  1.000000e+000
    outer loop
      vertex -3.812020e+001  1.211169e+001  0.000000e+000
      vertex -3.611660e+001  1.719275e+001  0.000000e+000
      vertex -3.635511e+001  1.668250e+001  0.000000e+000
    endloop
  endfacet
  facet normal  0.000000e+000  0.000000e+000  1.000000e+000
    outer loop
      vertex -3.812020e+001  1.211169e+001  0.000000e+000
      vertex -3.635511e+001  1.668250e+001  0.000000e+000
      vertex -3.658641e+001  1.616893e+001  0.000000e+000
    endloop
  endfacet
  facet normal  0.000000e+000  0.000000e+000  1.000000e+000
    outer loop
      vertex -3.812020e+001  1.211169e+001  0.000000e+000
      vertex -3.658641e+001  1.616893e+001  0.000000e+000
      vertex -3.681046e+001  1.565216e+001  0.000000e+000
    endloop
  endfacet
  facet normal  0.000000e+000  0.000000e+000  9.999999e-001
    outer loop
      vertex -3.812020e+001  1.211169e+001  0.000000e+000
      vertex -3.681046e+001  1.565216e+001  0.000000e+000
      vertex -3.702720e+001  1.513229e+001  0.000000e+000
    endloop
  endfacet
  facet normal  0.000000e+000  0.000000e+000  1.000000e+000
    outer loop
      vertex -3.812020e+001  1.211169e+001  0.000000e+000
      vertex -3.702720e+001  1.513229e+001  0.000000e+000
      vertex -3.723661e+001  1.460942e+001  0.000000e+000
    endloop
  endfacet
  facet normal  0.000000e+000  0.000000e+000  1.000000e+000
    outer loop
      vertex -3.812020e+001  1.211169e+001  0.000000e+000
      vertex -3.723661e+001  1.460942e+001  0.000000e+000
      vertex -3.743863e+001  1.408364e+001  0.000000e+000
    endloop
  endfacet
  facet normal  0.000000e+000  0.000000e+000  1.000000e+000
    outer loop
      vertex -3.812020e+001  1.211169e+001  0.000000e+000
      vertex -3.743863e+001  1.408364e+001  0.000000e+000
      vertex -3.763323e+001  1.355508e+001  0.000000e+000
    endloop
  endfacet
  facet normal  0.000000e+000  0.000000e+000  9.999999e-001
    outer loop
      vertex -3.812020e+001  1.211169e+001  0.000000e+000
      vertex -3.763323e+001  1.355508e+001  0.000000e+000
      vertex -3.782036e+001  1.302383e+001  0.000000e+000
    endloop
  endfacet
  facet normal  0.000000e+000  0.000000e+000  1.000000e+000
    outer loop
      vertex -3.812020e+001  1.211169e+001  0.000000e+000
      vertex -3.782036e+001  1.302383e+001  0.000000e+000
      vertex -3.800000e+001  1.249000e+001  0.000000e+000
    endloop
  endfacet
  facet normal  -0.000000e+000  0.000000e+000  1.000000e+000
    outer loop
      vertex -3.238346e+001  2.348003e+001  0.000000e+000
      vertex -3.271087e+001  2.302171e+001  0.000000e+000
      vertex -3.246912e+001  1.204571e+001  0.000000e+000
    endloop
  endfacet
  facet normal  -0.000000e+000  0.000000e+000  1.000000e+000
    outer loop
      vertex -3.238346e+001  2.348003e+001  0.000000e+000
      vertex -3.246912e+001  1.204571e+001  0.000000e+000
      vertex -3.234407e+001  1.203356e+001  0.000000e+000
    endloop
  endfacet
  facet normal  -0.000000e+000  -0.000000e+000  1.000000e+000
    outer loop
      vertex -3.238346e+001  2.348003e+001  0.000000e+000
      vertex -3.234407e+001  1.203356e+001  0.000000e+000
      vertex -3.222002e+001  1.201357e+001  0.000000e+000
    endloop
  endfacet
  facet normal  -0.000000e+000  -0.000000e+000  1.000000e+000
    outer loop
      vertex -3.238346e+001  2.348003e+001  0.000000e+000
      vertex -3.222002e+001  1.201357e+001  0.000000e+000
      vertex -3.209748e+001  1.198584e+001  0.000000e+000
    endloop
  endfacet
  facet normal  -0.000000e+000  -0.000000e+000  1.000000e+000
    outer loop
      vertex -3.238346e+001  2.348003e+001  0.000000e+000
      vertex -3.209748e+001  1.198584e+001  0.000000e+000
      vertex -3.197692e+001  1.195047e+001  0.000000e+000
    endloop
  endfacet
  facet normal  -0.000000e+000  -0.000000e+000  1.000000e+000
    outer loop
      vertex -3.238346e+001  2.348003e+001  0.000000e+000
      vertex -3.197692e+001  1.195047e+001  0.000000e+000
      vertex -3.185882e+001  1.190759e+001  0.000000e+000
    endloop
  endfacet
  facet normal  -0.000000e+000  -0.000000e+000  1.000000e+000
    outer loop
      vertex -3.238346e+001  2.348003e+001  0.000000e+000
      vertex -3.185882e+001  1.190759e+001  0.000000e+000
      vertex -3.174364e+001  1.185739e+001  0.000000e+000
    endloop
  endfacet
  facet normal  -0.000000e+000  -0.000000e+000  1.000000e+000
    outer loop
      vertex -3.238346e+001  2.348003e+001  0.000000e+000
      vertex -3.174364e+001  1.185739e+001  0.000000e+000
      vertex -3.163184e+001  1.180005e+001  0.000000e+000
    endloop
  endfacet
  facet normal  -0.000000e+000  -0.000000e+000  1.000000e+000
    outer loop
      vertex -3.238346e+001  2.348003e+001  0.000000e+000
      vertex -3.163184e+001  1.180005e+001  0.000000e+000
      vertex -3.152387e+001  1.173580e+001  0.000000e+000
    endloop
  endfacet
  facet normal  -0.000000e+000  -0.000000e+000  1.000000e+000
    outer loop
      vertex -3.238346e+001  2.348003e+001  0.000000e+000
      vertex -3.152387e+001  1.173580e+001  0.000000e+000
      vertex -3.142014e+001  1.166491e+001  0.000000e+000
    endloop
  endfacet
  facet normal  -0.000000e+000  -0.000000e+000  1.000000e+000
    outer loop
      vertex -3.238346e+001  2.348003e+001  0.000000e+000
      vertex -3.142014e+001  1.166491e+001  0.000000e+000
      vertex -3.132107e+001  1.158764e+001  0.000000e+000
    endloop
  endfacet
  facet normal  -0.000000e+000  -0.000000e+000  1.000000e+000
    outer loop
      vertex -3.238346e+001  2.348003e+001  0.000000e+000
      vertex -3.132107e+001  1.158764e+001  0.000000e+000
      vertex -3.122704e+001  1.150430e+001  0.000000e+000
    endloop
  endfacet
  facet normal  -0.000000e+000  -0.000000e+000  9.999999e-001
    outer loop
      vertex -3.238346e+001  2.348003e+001  0.000000e+000
      vertex -3.122704e+001  1.150430e+001  0.000000e+000
      vertex -3.113843e+001  1.141522e+001  0.000000e+000
    endloop
  endfacet
  facet normal  -0.000000e+000  -0.000000e+000  1.000000e+000
    outer loop
      vertex -3.238346e+001  2.348003e+001  0.000000e+000
      vertex -3.113843e+001  1.141522e+001  0.000000e+000
      vertex -3.105560e+001  1.132075e+001  0.000000e+000
    endloop
  endfacet
  facet normal  -0.000000e+000  -0.000000e+000  1.000000e+000
    outer loop
      vertex -3.238346e+001  2.348003e+001  0.000000e+000
      vertex -3.105560e+001  1.132075e+001  0.000000e+000
      vertex -3.097885e+001  1.122127e+001  0.000000e+000
    endloop
  endfacet
  facet normal  -0.000000e+000  -0.000000e+000  1.000000e+000
    outer loop
      vertex -3.238346e+001  2.348003e+001  0.000000e+000
      vertex -3.097885e+001  1.122127e+001  0.000000e+000
      vertex -3.090850e+001  1.111717e+001  0.000000e+000
    endloop
  endfacet
  facet normal  -0.000000e+000  -0.000000e+000  1.000000e+000
    outer loop
      vertex -3.238346e+001  2.348003e+001  0.000000e+000
      vertex -3.090850e+001  1.111717e+001  0.000000e+000
      vertex -3.084484e+001  1.100885e+001  0.000000e+000
    endloop
  endfacet
  facet normal  -0.000000e+000  -0.000000e+000  1.000000e+000
    outer loop
      vertex -3.238346e+001  2.348003e+001  0.000000e+000
      vertex -3.084484e+001  1.100885e+001  0.000000e+000
      vertex -3.078809e+001  1.089675e+001  0.000000e+000
    endloop
  endfacet
  facet normal  -0.000000e+000  -0.000000e+000  1.000000e+000
    outer loop
      vertex -3.238346e+001  2.348003e+001  0.000000e+000
      vertex -3.078809e+001  1.089675e+001  0.000000e+000
      vertex -3.073850e+001  1.078131e+001  0.000000e+000
    endloop
  endfacet
  facet normal  -0.000000e+000  -0.000000e+000  1.000000e+000
    outer loop
      vertex -3.238346e+001  2.348003e+001  0.000000e+000
      vertex -3.073850e+001  1.078131e+001  0.000000e+000
      vertex -3.069625e+001  1.066298e+001  0.000000e+000
    endloop
  endfacet
  facet normal  -0.000000e+000  -0.000000e+000  1.000000e+000
    outer loop
      vertex -3.238346e+001  2.348003e+001  0.000000e+000
      vertex -3.069625e+001  1.066298e+001  0.000000e+000
      vertex -3.066152e+001  1.054224e+001  0.000000e+000
    endloop
  endfacet
  facet normal  -0.000000e+000  -0.000000e+000  1.000000e+000
    outer loop
      vertex -3.238346e+001  2.348003e+001  0.000000e+000
      vertex -3.066152e+001  1.054224e+001  0.000000e+000
      vertex -3.063444e+001  1.041955e+001  0.000000e+000
    endloop
  endfacet
  facet normal  0.000000e+000  0.000000e+000  1.000000e+000
    outer loop
      vertex -2.900531e+001 -2.995001e+001  0.000000e+000
      vertex -2.887972e+001 -2.995362e+001  0.000000e+000
      vertex -2.915605e+001  2.738476e+001  0.000000e+000
    endloop
  endfacet
  facet normal  0.000000e+000  0.000000e+000  1.000000e+000
    outer loop
      vertex -2.900531e+001 -2.995001e+001  0.000000e+000
      vertex -2.915605e+001  2.738476e+001  0.000000e+000
      vertex -3.060429e+001  9.919120e+000  0.000000e+000
    endloop
  endfacet
  facet normal  0.000000e+000  0.000000e+000  1.000000e+000
    outer loop
      vertex -2.900531e+001 -2.995001e+001  0.000000e+000
      vertex -3.060429e+001  9.919120e+000  0.000000e+000
      vertex -3.061644e+001  9.794066e+000  0.000000e+000
    endloop
  endfacet
  facet normal  0.000000e+000  0.000000e+000  1.000000e+000
    outer loop
      vertex -2.900531e+001 -2.995001e+001  0.000000e+000
      vertex -3.061644e+001  9.794066e+000  0.000000e+000
      vertex -3.063643e+001  9.670023e+000  0.000000e+000
    endloop
  endfacet
  facet normal  0.000000e+000  0.000000e+000  1.000000e+000
    outer loop
      vertex -2.900531e+001 -2.995001e+001  0.000000e+000
      vertex -3.063643e+001  9.670023e+000  0.000000e+000
      vertex -3.066416e+001  9.547479e+000  0.000000e+000
    endloop
  endfacet
  facet normal  0.000000e+000  0.000000e+000  1.000000e+000
    outer loop
      vertex -2.900531e+001 -2.995001e+001  0.000000e+000
      vertex -3.066416e+001  9.547479e+000  0.000000e+000
      vertex -3.069954e+001  9.426918e+000  0.000000e+000
    endloop
  endfacet
  facet normal  0.000000e+000  0.000000e+000  1.000000e+000
    outer loop
      vertex -2.900531e+001 -2.995001e+001  0.000000e+000
      vertex -3.069954e+001  9.426918e+000  0.000000e+000
      vertex -3.074241e+001  9.308817e+000  0.000000e+000
    endloop
  endfacet
  facet normal  0.000000e+000  0.000000e+000  1.000000e+000
    outer loop
      vertex -2.900531e+001 -2.995001e+001  0.000000e+000
      vertex -3.074241e+001  9.308817e+000  0.000000e+000
      vertex -3.079261e+001  9.193640e+000  0.000000e+000
    endloop
  endfacet
  facet normal  0.000000e+000  0.000000e+000  1.000000e+000
    outer loop
      vertex -2.900531e+001 -2.995001e+001  0.000000e+000
      vertex -3.079261e+001  9.193640e+000  0.000000e+000
      vertex -3.084995e+001  9.081843e+000  0.000000e+000
    endloop
  endfacet
  facet normal  0.000000e+000  0.000000e+000  1.000000e+000
    outer loop
      vertex -2.900531e+001 -2.995001e+001  0.000000e+000
      vertex -3.084995e+001  9.081843e+000  0.000000e+000
      vertex -3.091420e+001  8.973867e+000  0.000000e+000
    endloop
  endfacet
  facet normal  0.000000e+000  0.000000e+000  1.000000e+000
    outer loop
      vertex -2.900531e+001 -2.995001e+001  0.000000e+000
      vertex -3.091420e+001  8.973867e+000  0.000000e+000
      vertex -3.098509e+001  8.870138e+000  0.000000e+000
    endloop
  endfacet
  facet normal  0.000000e+000  0.000000e+000  1.000000e+000
    outer loop
      vertex -2.900531e+001 -2.995001e+001  0.000000e+000
      vertex -3.098509e+001  8.870138e+000  0.000000e+000
      vertex -3.106236e+001  8.771066e+000  0.000000e+000
    endloop
  endfacet
  facet normal  0.000000e+000  0.000000e+000  9.999999e-001
    outer loop
      vertex -2.900531e+001 -2.995001e+001  0.000000e+000
      vertex -3.106236e+001  8.771066e+000  0.000000e+000
      vertex -3.114570e+001  8.677040e+000  0.000000e+000
    endloop
  endfacet
  facet normal  0.000000e+000  0.000000e+000  9.999999e-001
    outer loop
      vertex -2.900531e+001 -2.995001e+001  0.000000e+000
      vertex -3.114570e+001  8.677040e+000  0.000000e+000
      vertex -3.123478e+001  8.588433e+000  0.000000e+000
    endloop
  endfacet
  facet normal  0.000000e+000  0.000000e+000  1.000000e+000
    outer loop
      vertex -2.900531e+001 -2.995001e+001  0.000000e+000
      vertex -3.123478e+001  8.588433e+000  0.000000e+000
      vertex -3.132925e+001  8.505594e+000  0.000000e+000
    endloop
  endfacet
  facet normal  0.000000e+000  0.000000e+000  1.000000e+000
    outer loop
      vertex -2.900531e+001 -2.995001e+001  0.000000e+000
      vertex -3.132925e+001  8.505594e+000  0.000000e+000
      vertex -3.142873e+001  8.428851e+000  0.000000e+000
    endloop
  endfacet
  facet normal  0.000000e+000  0.000000e+000  1.000000e+000
    outer loop
      vertex -2.900531e+001 -2.995001e+001  0.000000e+000
      vertex -3.142873e+001  8.428851e+000  0.000000e+000
      vertex -3.153283e+001  8.358505e+000  0.000000e+000
    endloop
  endfacet
  facet normal  0.000000e+000  0.000000e+000  1.000000e+000
    outer loop
      vertex -2.900531e+001 -2.995001e+001  0.000000e+000
      vertex -3.153283e+001  8.358505e+000  0.000000e+000
      vertex -3.164115e+001  8.294835e+000  0.000000e+000
    endloop
  endfacet
  facet normal  0.000000e+000  0.000000e+000  1.000000e+000
    outer loop
      vertex -2.900531e+001 -2.995001e+001  0.000000e+000
      vertex -3.164115e+001  8.294835e+000  0.000000e+000
      vertex -3.175325e+001  8.238091e+000  0.000000e+000
    endloop
  endfacet
  facet normal  0.000000e+000  0.000000e+000  1.000000e+000
    outer loop
      vertex -2.900531e+001 -2.995001e+001  0.000000e+000
      vertex -3.175325e+001  8.238091e+000  0.000000e+000
      vertex -3.186869e+001  8.188498e+000  0.000000e+000
    endloop
  endfacet
  facet normal  0.000000e+000  0.000000e+000  1.000000e+000
    outer loop
      vertex -2.900531e+001 -2.995001e+001  0.000000e+000
      vertex -3.186869e+001  8.188498e+000  0.000000e+000
      vertex -3.198702e+001  8.146253e+000  0.000000e+000
    endloop
  endfacet
  facet normal  0.000000e+000  0.000000e+000  1.000000e+000
    outer loop
      vertex -2.900531e+001 -2.995001e+001  0.000000e+000
      vertex -3.198702e+001  8.146253e+000  0.000000e+000
      vertex -3.210777e+001  8.111520e+000  0.000000e+000
    endloop
  endfacet
  facet normal  0.000000e+000  0.000000e+000  1.000000e+000
    outer loop
      vertex -2.900531e+001 -2.995001e+001  0.000000e+000
      vertex -3.210777e+001  8.111520e+000  0.000000e+000
      vertex -3.223045e+001  8.084437e+000  0.000000e+000
    endloop
  endfacet
  facet normal  0.000000e+000  0.000000e+000  1.000000e+000
    outer loop
      vertex -2.900531e+001 -2.995001e+001  0.000000e+000
      vertex -3.223045e+001  8.084437e+000  0.000000e+000
      vertex -3.235460e+001  8.065112e+000  0.000000e+000
    endloop
  endfacet
  facet normal  0.000000e+000  0.000000e+000  1.000000e+000
    outer loop
      vertex -2.900531e+001 -2.995001e+001  0.000000e+000
      vertex -3.235460e+001  8.065112e+000  0.000000e+000
      vertex -3.247972e+001  8.053620e+000  0.000000e+000
    endloop
  endfacet
  facet normal  0.000000e+000  0.000000e+000  1.000000e+000
    outer loop
      vertex -3.823286e+001  1.173107e+001  0.000000e+000
      vertex -3.833795e+001  1.134829e+001  0.000000e+000
      vertex -3.377127e+001  1.167115e+001  0.000000e+000
    endloop
  endfacet
  facet normal  0.000000e+000  -0.000000e+000  1.000000e+000
    outer loop
      vertex -3.823286e+001  1.173107e+001  0.000000e+000
      vertex -3.377127e+001  1.167115e+001  0.000000e+000
      vertex -3.366717e+001  1.174150e+001  0.000000e+000
    endloop
  endfacet
  facet normal  0.000000e+000  -0.000000e+000  9.999999e-001
    outer loop
      vertex -3.823286e+001  1.173107e+001  0.000000e+000
      vertex -3.366717e+001  1.174150e+001  0.000000e+000
      vertex -3.355885e+001  1.180517e+001  0.000000e+000
    endloop
  endfacet
  facet normal  0.000000e+000  -0.000000e+000  1.000000e+000
    outer loop
      vertex -3.823286e+001  1.173107e+001  0.000000e+000
      vertex -3.355885e+001  1.180517e+001  0.000000e+000
      vertex -3.344675e+001  1.186191e+001  0.000000e+000
    endloop
  endfacet
  facet normal  0.000000e+000  -0.000000e+000  1.000000e+000
    outer loop
      vertex -3.823286e+001  1.173107e+001  0.000000e+000
      vertex -3.344675e+001  1.186191e+001  0.000000e+000
      vertex -3.333131e+001  1.191150e+001  0.000000e+000
    endloop
  endfacet
  facet normal  0.000000e+000  -0.000000e+000  1.000000e+000
    outer loop
      vertex -3.823286e+001  1.173107e+001  0.000000e+000
      vertex -3.333131e+001  1.191150e+001  0.000000e+000
      vertex -3.321298e+001  1.195375e+001  0.000000e+000
    endloop
  endfacet
  facet normal  0.000000e+000  -0.000000e+000  1.000000e+000
    outer loop
      vertex -3.823286e+001  1.173107e+001  0.000000e+000
      vertex -3.321298e+001  1.195375e+001  0.000000e+000
      vertex -3.309224e+001  1.198848e+001  0.000000e+000
    endloop
  endfacet
  facet normal  0.000000e+000  -0.000000e+000  1.000000e+000
    outer loop
      vertex -3.823286e+001  1.173107e+001  0.000000e+000
      vertex -3.309224e+001  1.198848e+001  0.000000e+000
      vertex -3.296955e+001  1.201556e+001  0.000000e+000
    endloop
  endfacet
  facet normal  0.000000e+000  -0.000000e+000  1.000000e+000
    outer loop
      vertex -3.823286e+001  1.173107e+001  0.000000e+000
      vertex -3.296955e+001  1.201556e+001  0.000000e+000
      vertex -3.284540e+001  1.203489e+001  0.000000e+000
    endloop
  endfacet
  facet normal  0.000000e+000  -0.000000e+000  9.999999e-001
    outer loop
      vertex -3.823286e+001  1.173107e+001  0.000000e+000
      vertex -3.284540e+001  1.203489e+001  0.000000e+000
      vertex -3.272028e+001  1.204638e+001  0.000000e+000
    endloop
  endfacet
  facet normal  0.000000e+000  -0.000000e+000  1.000000e+000
    outer loop
      vertex -3.833795e+001  1.134829e+001  0.000000e+000
      vertex -3.413764e+001  1.132893e+001  0.000000e+000
      vertex -3.405430e+001  1.142296e+001  0.000000e+000
    endloop
  endfacet
  facet normal  0.000000e+000  -0.000000e+000  1.000000e+000
    outer loop
      vertex -3.833795e+001  1.134829e+001  0.000000e+000
      vertex -3.405430e+001  1.142296e+001  0.000000e+000
      vertex -3.396522e+001  1.151157e+001  0.000000e+000
    endloop
  endfacet
  facet normal  0.000000e+000  -0.000000e+000  1.000000e+000
    outer loop
      vertex -3.833795e+001  1.134829e+001  0.000000e+000
      vertex -3.396522e+001  1.151157e+001  0.000000e+000
      vertex -3.387075e+001  1.159441e+001  0.000000e+000
    endloop
  endfacet
  facet normal  0.000000e+000  -0.000000e+000  1.000000e+000
    outer loop
      vertex -3.833795e+001  1.134829e+001  0.000000e+000
      vertex -3.387075e+001  1.159441e+001  0.000000e+000
      vertex -3.377127e+001  1.167115e+001  0.000000e+000
    endloop
  endfacet
  facet normal  0.000000e+000  0.000000e+000  9.999999e-001
    outer loop
      vertex -3.843542e+001  1.096350e+001  0.000000e+000
      vertex -3.852524e+001  1.057685e+001  0.000000e+000
      vertex -3.440739e+001  1.090636e+001  0.000000e+000
    endloop
  endfacet
  facet normal  0.000000e+000  -0.000000e+000  1.000000e+000
    outer loop
      vertex -3.843542e+001  1.096350e+001  0.000000e+000
      vertex -3.440739e+001  1.090636e+001  0.000000e+000
      vertex -3.435005e+001  1.101816e+001  0.000000e+000
    endloop
  endfacet
  facet normal  0.000000e+000  -0.000000e+000  1.000000e+000
    outer loop
      vertex -3.843542e+001  1.096350e+001  0.000000e+000
      vertex -3.435005e+001  1.101816e+001  0.000000e+000
      vertex -3.428580e+001  1.112613e+001  0.000000e+000
    endloop
  endfacet
  facet normal  0.000000e+000  -0.000000e+000  1.000000e+000
    outer loop
      vertex -3.843542e+001  1.096350e+001  0.000000e+000
      vertex -3.428580e+001  1.112613e+001  0.000000e+000
      vertex -3.421491e+001  1.122986e+001  0.000000e+000
    endloop
  endfacet
  facet normal  0.000000e+000  -0.000000e+000  1.000000e+000
    outer loop
      vertex -3.843542e+001  1.096350e+001  0.000000e+000
      vertex -3.421491e+001  1.122986e+001  0.000000e+000
      vertex -3.413764e+001  1.132893e+001  0.000000e+000
    endloop
  endfacet
  facet normal  0.000000e+000  0.000000e+000  1.000000e+000
    outer loop
      vertex -3.843542e+001  1.096350e+001  0.000000e+000
      vertex -3.413764e+001  1.132893e+001  0.000000e+000
      vertex -3.833795e+001  1.134829e+001  0.000000e+000
    endloop
  endfacet
  facet normal  0.000000e+000  -0.000000e+000  1.000000e+000
    outer loop
      vertex -3.860737e+001  1.018849e+001  0.000000e+000
      vertex -3.459571e+001  1.018088e+001  0.000000e+000
      vertex -3.458356e+001  1.030593e+001  0.000000e+000
    endloop
  endfacet
  facet normal  0.000000e+000  -0.000000e+000  1.000000e+000
    outer loop
      vertex -3.860737e+001  1.018849e+001  0.000000e+000
      vertex -3.458356e+001  1.030593e+001  0.000000e+000
      vertex -3.456357e+001  1.042998e+001  0.000000e+000
    endloop
  endfacet
  facet normal  0.000000e+000  -0.000000e+000  1.000000e+000
    outer loop
      vertex -3.860737e+001  1.018849e+001  0.000000e+000
      vertex -3.456357e+001  1.042998e+001  0.000000e+000
      vertex -3.453584e+001  1.055252e+001  0.000000e+000
    endloop
  endfacet
  facet normal  0.000000e+000  0.000000e+000  1.000000e+000
    outer loop
      vertex -3.860737e+001  1.018849e+001  0.000000e+000
      vertex -3.453584e+001  1.055252e+001  0.000000e+000
      vertex -3.852524e+001  1.057685e+001  0.000000e+000
    endloop
  endfacet
  facet normal  0.000000e+000  0.000000e+000  1.000000e+000
    outer loop
      vertex -3.868177e+001  9.798584e+000  0.000000e+000
      vertex -3.874842e+001  9.407275e+000  0.000000e+000
      vertex -3.456556e+001  9.680454e+000  0.000000e+000
    endloop
  endfacet
  facet normal  0.000000e+000  0.000000e+000  1.000000e+000
    outer loop
      vertex -3.868177e+001  9.798584e+000  0.000000e+000
      vertex -3.456556e+001  9.680454e+000  0.000000e+000
      vertex -3.458489e+001  9.804603e+000  0.000000e+000
    endloop
  endfacet
  facet normal  0.000000e+000  0.000000e+000  1.000000e+000
    outer loop
      vertex -3.868177e+001  9.798584e+000  0.000000e+000
      vertex -3.458489e+001  9.804603e+000  0.000000e+000
      vertex -3.459638e+001  9.929719e+000  0.000000e+000
    endloop
  endfacet
  facet normal  0.000000e+000  0.000000e+000  1.000000e+000
    outer loop
      vertex -3.868177e+001  9.798584e+000  0.000000e+000
      vertex -3.459638e+001  9.929719e+000  0.000000e+000
      vertex -3.459999e+001  1.005531e+001  0.000000e+000
    endloop
  endfacet
  facet normal  0.000000e+000  -0.000000e+000  1.000000e+000
    outer loop
      vertex -3.868177e+001  9.798584e+000  0.000000e+000
      vertex -3.459999e+001  1.005531e+001  0.000000e+000
      vertex -3.459571e+001  1.018088e+001  0.000000e+000
    endloop
  endfacet
  facet normal  0.000000e+000  0.000000e+000  1.000000e+000
    outer loop
      vertex -3.868177e+001  9.798584e+000  0.000000e+000
      vertex -3.459571e+001  1.018088e+001  0.000000e+000
      vertex -3.860737e+001  1.018849e+001  0.000000e+000
    endloop
  endfacet
  facet normal  0.000000e+000  0.000000e+000  1.000000e+000
    outer loop
      vertex -3.885836e+001  8.621076e+000  0.000000e+000
      vertex -3.397296e+001  8.595702e+000  0.000000e+000
      vertex -3.406157e+001  8.684781e+000  0.000000e+000
    endloop
  endfacet
  facet normal  0.000000e+000  0.000000e+000  1.000000e+000
    outer loop
      vertex -3.885836e+001  8.621076e+000  0.000000e+000
      vertex -3.406157e+001  8.684781e+000  0.000000e+000
      vertex -3.414441e+001  8.779247e+000  0.000000e+000
    endloop
  endfacet
  facet normal  0.000000e+000  0.000000e+000  1.000000e+000
    outer loop
      vertex -3.885836e+001  8.621076e+000  0.000000e+000
      vertex -3.414441e+001  8.779247e+000  0.000000e+000
      vertex -3.422115e+001  8.878729e+000  0.000000e+000
    endloop
  endfacet
  facet normal  0.000000e+000  0.000000e+000  1.000000e+000
    outer loop
      vertex -3.885836e+001  8.621076e+000  0.000000e+000
      vertex -3.422115e+001  8.878729e+000  0.000000e+000
      vertex -3.429150e+001  8.982833e+000  0.000000e+000
    endloop
  endfacet
  facet normal  0.000000e+000  0.000000e+000  1.000000e+000
    outer loop
      vertex -3.885836e+001  8.621076e+000  0.000000e+000
      vertex -3.429150e+001  8.982833e+000  0.000000e+000
      vertex -3.880729e+001  9.014721e+000  0.000000e+000
    endloop
  endfacet
  facet normal  0.000000e+000  0.000000e+000  1.000000e+000
    outer loop
      vertex -3.890160e+001  8.226495e+000  0.000000e+000
      vertex -3.893700e+001  7.831133e+000  0.000000e+000
      vertex -3.334118e+001  8.192409e+000  0.000000e+000
    endloop
  endfacet
  facet normal  0.000000e+000  0.000000e+000  1.000000e+000
    outer loop
      vertex -3.890160e+001  8.226495e+000  0.000000e+000
      vertex -3.334118e+001  8.192409e+000  0.000000e+000
      vertex -3.345636e+001  8.242613e+000  0.000000e+000
    endloop
  endfacet
  facet normal  0.000000e+000  0.000000e+000  1.000000e+000
    outer loop
      vertex -3.890160e+001  8.226495e+000  0.000000e+000
      vertex -3.345636e+001  8.242613e+000  0.000000e+000
      vertex -3.356816e+001  8.299951e+000  0.000000e+000
    endloop
  endfacet
  facet normal  0.000000e+000  0.000000e+000  1.000000e+000
    outer loop
      vertex -3.890160e+001  8.226495e+000  0.000000e+000
      vertex -3.356816e+001  8.299951e+000  0.000000e+000
      vertex -3.367613e+001  8.364195e+000  0.000000e+000
    endloop
  endfacet
  facet normal  0.000000e+000  0.000000e+000  1.000000e+000
    outer loop
      vertex -3.890160e+001  8.226495e+000  0.000000e+000
      vertex -3.367613e+001  8.364195e+000  0.000000e+000
      vertex -3.377986e+001  8.435093e+000  0.000000e+000
    endloop
  endfacet
  facet normal  0.000000e+000  0.000000e+000  1.000000e+000
    outer loop
      vertex -3.890160e+001  8.226495e+000  0.000000e+000
      vertex -3.377986e+001  8.435093e+000  0.000000e+000
      vertex -3.387893e+001  8.512363e+000  0.000000e+000
    endloop
  endfacet
  facet normal  0.000000e+000  0.000000e+000  9.999999e-001
    outer loop
      vertex -3.890160e+001  8.226495e+000  0.000000e+000
      vertex -3.387893e+001  8.512363e+000  0.000000e+000
      vertex -3.397296e+001  8.595702e+000  0.000000e+000
    endloop
  endfacet
  facet normal  0.000000e+000  0.000000e+000  1.000000e+000
    outer loop
      vertex -3.890160e+001  8.226495e+000  0.000000e+000
      vertex -3.397296e+001  8.595702e+000  0.000000e+000
      vertex -3.885836e+001  8.621076e+000  0.000000e+000
    endloop
  endfacet
  facet normal  0.000000e+000  0.000000e+000  9.999999e-001
    outer loop
      vertex -3.893700e+001  7.831133e+000  0.000000e+000
      vertex -3.260531e+001  8.050007e+000  0.000000e+000
      vertex -3.273088e+001  8.054287e+000  0.000000e+000
    endloop
  endfacet
  facet normal  0.000000e+000  0.000000e+000  9.999999e-001
    outer loop
      vertex -3.893700e+001  7.831133e+000  0.000000e+000
      vertex -3.273088e+001  8.054287e+000  0.000000e+000
      vertex -3.285593e+001  8.066443e+000  0.000000e+000
    endloop
  endfacet
  facet normal  0.000000e+000  0.000000e+000  1.000000e+000
    outer loop
      vertex -3.893700e+001  7.831133e+000  0.000000e+000
      vertex -3.285593e+001  8.066443e+000  0.000000e+000
      vertex -3.297998e+001  8.086428e+000  0.000000e+000
    endloop
  endfacet
  facet normal  0.000000e+000  0.000000e+000  9.999999e-001
    outer loop
      vertex -3.893700e+001  7.831133e+000  0.000000e+000
      vertex -3.297998e+001  8.086428e+000  0.000000e+000
      vertex -3.310252e+001  8.114161e+000  0.000000e+000
    endloop
  endfacet
  facet normal  0.000000e+000  0.000000e+000  9.999999e-001
    outer loop
      vertex -3.893700e+001  7.831133e+000  0.000000e+000
      vertex -3.310252e+001  8.114161e+000  0.000000e+000
      vertex -3.322308e+001  8.149534e+000  0.000000e+000
    endloop
  endfacet
  facet normal  0.000000e+000  0.000000e+000  1.000000e+000
    outer loop
      vertex -3.893700e+001  7.831133e+000  0.000000e+000
      vertex -3.322308e+001  8.149534e+000  0.000000e+000
      vertex -3.334118e+001  8.192409e+000  0.000000e+000
    endloop
  endfacet
  facet normal  0.000000e+000  0.000000e+000  1.000000e+000
    outer loop
      vertex -3.061511e+001  1.029540e+001  0.000000e+000
      vertex -3.170945e+001  2.438260e+001  0.000000e+000
      vertex -3.204963e+001  2.393369e+001  0.000000e+000
    endloop
  endfacet
  facet normal  0.000000e+000  0.000000e+000  1.000000e+000
    outer loop
      vertex -3.061511e+001  1.029540e+001  0.000000e+000
      vertex -3.204963e+001  2.393369e+001  0.000000e+000
      vertex -3.238346e+001  2.348003e+001  0.000000e+000
    endloop
  endfacet
  facet normal  0.000000e+000  0.000000e+000  1.000000e+000
    outer loop
      vertex -3.061511e+001  1.029540e+001  0.000000e+000
      vertex -3.238346e+001  2.348003e+001  0.000000e+000
      vertex -3.063444e+001  1.041955e+001  0.000000e+000
    endloop
  endfacet
  facet normal  0.000000e+000  -0.000000e+000  9.999999e-001
    outer loop
      vertex -3.060362e+001  1.017028e+001  0.000000e+000
      vertex -3.060001e+001  1.004469e+001  0.000000e+000
      vertex -3.028653e+001  2.612903e+001  0.000000e+000
    endloop
  endfacet
  facet normal  0.000000e+000  0.000000e+000  1.000000e+000
    outer loop
      vertex -3.060362e+001  1.017028e+001  0.000000e+000
      vertex -3.028653e+001  2.612903e+001  0.000000e+000
      vertex -3.065145e+001  2.569998e+001  0.000000e+000
    endloop
  endfacet
  facet normal  0.000000e+000  0.000000e+000  1.000000e+000
    outer loop
      vertex -3.060362e+001  1.017028e+001  0.000000e+000
      vertex -3.065145e+001  2.569998e+001  0.000000e+000
      vertex -3.101028e+001  2.526583e+001  0.000000e+000
    endloop
  endfacet
  facet normal  0.000000e+000  0.000000e+000  1.000000e+000
    outer loop
      vertex -3.060362e+001  1.017028e+001  0.000000e+000
      vertex -3.101028e+001  2.526583e+001  0.000000e+000
      vertex -3.136297e+001  2.482668e+001  0.000000e+000
    endloop
  endfacet
  facet normal  0.000000e+000  0.000000e+000  9.999999e-001
    outer loop
      vertex -3.060362e+001  1.017028e+001  0.000000e+000
      vertex -3.136297e+001  2.482668e+001  0.000000e+000
      vertex -3.170945e+001  2.438260e+001  0.000000e+000
    endloop
  endfacet
  facet normal  0.000000e+000  0.000000e+000  1.000000e+000
    outer loop
      vertex -3.060362e+001  1.017028e+001  0.000000e+000
      vertex -3.170945e+001  2.438260e+001  0.000000e+000
      vertex -3.061511e+001  1.029540e+001  0.000000e+000
    endloop
  endfacet
  facet normal  0.000000e+000  -0.000000e+000  1.000000e+000
    outer loop
      vertex  2.900000e+001 -4.195000e+001  0.000000e+000
      vertex  2.928046e+001 -4.194607e+001  0.000000e+000
      vertex  2.956071e+001 -4.193427e+001  0.000000e+000
    endloop
  endfacet
  facet normal  0.000000e+000  -0.000000e+000  1.000000e+000
    outer loop
      vertex  2.900000e+001 -4.195000e+001  0.000000e+000
      vertex  2.956071e+001 -4.193427e+001  0.000000e+000
      vertex  2.984051e+001 -4.191462e+001  0.000000e+000
    endloop
  endfacet
  facet normal  0.000000e+000  -0.000000e+000  1.000000e+000
    outer loop
      vertex  2.900000e+001 -4.195000e+001  0.000000e+000
      vertex  2.984051e+001 -4.191462e+001  0.000000e+000
      vertex  3.011964e+001 -4.188712e+001  0.000000e+000
    endloop
  endfacet
  facet normal  0.000000e+000  -0.000000e+000  1.000000e+000
    outer loop
      vertex  2.900000e+001 -4.195000e+001  0.000000e+000
      vertex  3.011964e+001 -4.188712e+001  0.000000e+000
      vertex  3.039790e+001 -4.185181e+001  0.000000e+000
    endloop
  endfacet
  facet normal  0.000000e+000  -0.000000e+000  1.000000e+000
    outer loop
      vertex  2.900000e+001 -4.195000e+001  0.000000e+000
      vertex  3.039790e+001 -4.185181e+001  0.000000e+000
      vertex  3.067506e+001 -4.180871e+001  0.000000e+000
    endloop
  endfacet
  facet normal  0.000000e+000  -0.000000e+000  1.000000e+000
    outer loop
      vertex  2.900000e+001 -4.195000e+001  0.000000e+000
      vertex  3.067506e+001 -4.180871e+001  0.000000e+000
      vertex  3.095090e+001 -4.175785e+001  0.000000e+000
    endloop
  endfacet
  facet normal  0.000000e+000  -0.000000e+000  1.000000e+000
    outer loop
      vertex  2.900000e+001 -4.195000e+001  0.000000e+000
      vertex  3.095090e+001 -4.175785e+001  0.000000e+000
      vertex  3.122521e+001 -4.169928e+001  0.000000e+000
    endloop
  endfacet
  facet normal  0.000000e+000  -0.000000e+000  1.000000e+000
    outer loop
      vertex  2.900000e+001 -4.195000e+001  0.000000e+000
      vertex  3.122521e+001 -4.169928e+001  0.000000e+000
      vertex  3.149776e+001 -4.163303e+001  0.000000e+000
    endloop
  endfacet
  facet normal  0.000000e+000  -0.000000e+000  1.000000e+000
    outer loop
      vertex  2.900000e+001 -4.195000e+001  0.000000e+000
      vertex  3.149776e+001 -4.163303e+001  0.000000e+000
      vertex  3.176835e+001 -4.155917e+001  0.000000e+000
    endloop
  endfacet
  facet normal  0.000000e+000  -0.000000e+000  1.000000e+000
    outer loop
      vertex  2.900000e+001 -4.195000e+001  0.000000e+000
      vertex  3.176835e+001 -4.155917e+001  0.000000e+000
      vertex  3.203677e+001 -4.147775e+001  0.000000e+000
    endloop
  endfacet
  facet normal  0.000000e+000  -0.000000e+000  1.000000e+000
    outer loop
      vertex  2.900000e+001 -4.195000e+001  0.000000e+000
      vertex  3.203677e+001 -4.147775e+001  0.000000e+000
      vertex  3.230279e+001 -4.138883e+001  0.000000e+000
    endloop
  endfacet
  facet normal  0.000000e+000  -0.000000e+000  1.000000e+000
    outer loop
      vertex  2.900000e+001 -4.195000e+001  0.000000e+000
      vertex  3.230279e+001 -4.138883e+001  0.000000e+000
      vertex  3.256622e+001 -4.129249e+001  0.000000e+000
    endloop
  endfacet
  facet normal  0.000000e+000  -0.000000e+000  1.000000e+000
    outer loop
      vertex  3.061644e+001  1.030593e+001  0.000000e+000
      vertex  3.063643e+001  1.042998e+001  0.000000e+000
      vertex  3.238346e+001  2.348003e+001  0.000000e+000
    endloop
  endfacet
  facet normal  0.000000e+000  0.000000e+000  9.999999e-001
    outer loop
      vertex  3.061644e+001  1.030593e+001  0.000000e+000
      vertex  3.238346e+001  2.348003e+001  0.000000e+000
      vertex  3.204963e+001  2.393369e+001  0.000000e+000
    endloop
  endfacet
  facet normal  0.000000e+000  0.000000e+000  1.000000e+000
    outer loop
      vertex  3.061644e+001  1.030593e+001  0.000000e+000
      vertex  3.204963e+001  2.393369e+001  0.000000e+000
      vertex  3.170945e+001  2.438260e+001  0.000000e+000
    endloop
  endfacet
  facet normal  0.000000e+000  -0.000000e+000  1.000000e+000
    outer loop
      vertex  3.060429e+001  1.018088e+001  0.000000e+000
      vertex  3.061644e+001  1.030593e+001  0.000000e+000
      vertex  3.170945e+001  2.438260e+001  0.000000e+000
    endloop
  endfacet
  facet normal  0.000000e+000  0.000000e+000  1.000000e+000
    outer loop
      vertex  3.060429e+001  1.018088e+001  0.000000e+000
      vertex  3.170945e+001  2.438260e+001  0.000000e+000
      vertex  3.136297e+001  2.482668e+001  0.000000e+000
    endloop
  endfacet
  facet normal  0.000000e+000  0.000000e+000  1.000000e+000
    outer loop
      vertex  3.060429e+001  1.018088e+001  0.000000e+000
      vertex  3.136297e+001  2.482668e+001  0.000000e+000
      vertex  3.101028e+001  2.526583e+001  0.000000e+000
    endloop
  endfacet
  facet normal  0.000000e+000  0.000000e+000  1.000000e+000
    outer loop
      vertex  3.060429e+001  1.018088e+001  0.000000e+000
      vertex  3.101028e+001  2.526583e+001  0.000000e+000
      vertex  3.065145e+001  2.569998e+001  0.000000e+000
    endloop
  endfacet
  facet normal  0.000000e+000  0.000000e+000  1.000000e+000
    outer loop
      vertex  3.060429e+001  1.018088e+001  0.000000e+000
      vertex  3.065145e+001  2.569998e+001  0.000000e+000
      vertex  3.060001e+001  1.005531e+001  0.000000e+000
    endloop
  endfacet
  facet normal  0.000000e+000  0.000000e+000  1.000000e+000
    outer loop
      vertex  3.823286e+001  1.173107e+001  0.000000e+000
      vertex  3.812020e+001  1.211169e+001  0.000000e+000
      vertex  3.273088e+001  1.204571e+001  0.000000e+000
    endloop
  endfacet
  facet normal  0.000000e+000  0.000000e+000  1.000000e+000
    outer loop
      vertex  3.823286e+001  1.173107e+001  0.000000e+000
      vertex  3.273088e+001  1.204571e+001  0.000000e+000
      vertex  3.285593e+001  1.203356e+001  0.000000e+000
    endloop
  endfacet
  facet normal  0.000000e+000  0.000000e+000  1.000000e+000
    outer loop
      vertex  3.823286e+001  1.173107e+001  0.000000e+000
      vertex  3.285593e+001  1.203356e+001  0.000000e+000
      vertex  3.297998e+001  1.201357e+001  0.000000e+000
    endloop
  endfacet
  facet normal  0.000000e+000  0.000000e+000  1.000000e+000
    outer loop
      vertex  3.823286e+001  1.173107e+001  0.000000e+000
      vertex  3.297998e+001  1.201357e+001  0.000000e+000
      vertex  3.310252e+001  1.198584e+001  0.000000e+000
    endloop
  endfacet
  facet normal  0.000000e+000  0.000000e+000  1.000000e+000
    outer loop
      vertex  3.823286e+001  1.173107e+001  0.000000e+000
      vertex  3.310252e+001  1.198584e+001  0.000000e+000
      vertex  3.322308e+001  1.195047e+001  0.000000e+000
    endloop
  endfacet
  facet normal  0.000000e+000  0.000000e+000  1.000000e+000
    outer loop
      vertex  3.823286e+001  1.173107e+001  0.000000e+000
      vertex  3.322308e+001  1.195047e+001  0.000000e+000
      vertex  3.334118e+001  1.190759e+001  0.000000e+000
    endloop
  endfacet
  facet normal  0.000000e+000  0.000000e+000  1.000000e+000
    outer loop
      vertex  3.823286e+001  1.173107e+001  0.000000e+000
      vertex  3.334118e+001  1.190759e+001  0.000000e+000
      vertex  3.345636e+001  1.185739e+001  0.000000e+000
    endloop
  endfacet
  facet normal  0.000000e+000  0.000000e+000  1.000000e+000
    outer loop
      vertex  3.823286e+001  1.173107e+001  0.000000e+000
      vertex  3.345636e+001  1.185739e+001  0.000000e+000
      vertex  3.356816e+001  1.180005e+001  0.000000e+000
    endloop
  endfacet
  facet normal  0.000000e+000  0.000000e+000  1.000000e+000
    outer loop
      vertex  3.823286e+001  1.173107e+001  0.000000e+000
      vertex  3.356816e+001  1.180005e+001  0.000000e+000
      vertex  3.367613e+001  1.173580e+001  0.000000e+000
    endloop
  endfacet
  facet normal  0.000000e+000  0.000000e+000  1.000000e+000
    outer loop
      vertex  3.823286e+001  1.173107e+001  0.000000e+000
      vertex  3.367613e+001  1.173580e+001  0.000000e+000
      vertex  3.377986e+001  1.166491e+001  0.000000e+000
    endloop
  endfacet
  facet normal  -0.000000e+000  0.000000e+000  1.000000e+000
    outer loop
      vertex  3.823286e+001  1.173107e+001  0.000000e+000
      vertex  3.377986e+001  1.166491e+001  0.000000e+000
      vertex  3.833795e+001  1.134829e+001  0.000000e+000
    endloop
  endfacet
  facet normal  0.000000e+000  0.000000e+000  1.000000e+000
    outer loop
      vertex  3.833795e+001  1.134829e+001  0.000000e+000
      vertex  3.377986e+001  1.166491e+001  0.000000e+000
      vertex  3.387893e+001  1.158764e+001  0.000000e+000
    endloop
  endfacet
  facet normal  0.000000e+000  0.000000e+000  1.000000e+000
    outer loop
      vertex  3.833795e+001  1.134829e+001  0.000000e+000
      vertex  3.387893e+001  1.158764e+001  0.000000e+000
      vertex  3.397296e+001  1.150430e+001  0.000000e+000
    endloop
  endfacet
  facet normal  0.000000e+000  0.000000e+000  9.999999e-001
    outer loop
      vertex  3.833795e+001  1.134829e+001  0.000000e+000
      vertex  3.397296e+001  1.150430e+001  0.000000e+000
      vertex  3.406157e+001  1.141522e+001  0.000000e+000
    endloop
  endfacet
  facet normal  0.000000e+000  0.000000e+000  1.000000e+000
    outer loop
      vertex  3.833795e+001  1.134829e+001  0.000000e+000
      vertex  3.406157e+001  1.141522e+001  0.000000e+000
      vertex  3.414441e+001  1.132075e+001  0.000000e+000
    endloop
  endfacet
  facet normal  -0.000000e+000  0.000000e+000  1.000000e+000
    outer loop
      vertex  3.833795e+001  1.134829e+001  0.000000e+000
      vertex  3.414441e+001  1.132075e+001  0.000000e+000
      vertex  3.843542e+001  1.096350e+001  0.000000e+000
    endloop
  endfacet
  facet normal  0.000000e+000  0.000000e+000  9.999999e-001
    outer loop
      vertex  3.843542e+001  1.096350e+001  0.000000e+000
      vertex  3.414441e+001  1.132075e+001  0.000000e+000
      vertex  3.422115e+001  1.122127e+001  0.000000e+000
    endloop
  endfacet
  facet normal  0.000000e+000  0.000000e+000  1.000000e+000
    outer loop
      vertex  3.843542e+001  1.096350e+001  0.000000e+000
      vertex  3.422115e+001  1.122127e+001  0.000000e+000
      vertex  3.429150e+001  1.111717e+001  0.000000e+000
    endloop
  endfacet
  facet normal  0.000000e+000  0.000000e+000  1.000000e+000
    outer loop
      vertex  3.843542e+001  1.096350e+001  0.000000e+000
      vertex  3.429150e+001  1.111717e+001  0.000000e+000
      vertex  3.435516e+001  1.100885e+001  0.000000e+000
    endloop
  endfacet
  facet normal  0.000000e+000  0.000000e+000  1.000000e+000
    outer loop
      vertex  3.843542e+001  1.096350e+001  0.000000e+000
      vertex  3.435516e+001  1.100885e+001  0.000000e+000
      vertex  3.441191e+001  1.089675e+001  0.000000e+000
    endloop
  endfacet
  facet normal  -0.000000e+000  0.000000e+000  9.999999e-001
    outer loop
      vertex  3.843542e+001  1.096350e+001  0.000000e+000
      vertex  3.441191e+001  1.089675e+001  0.000000e+000
      vertex  3.852524e+001  1.057685e+001  0.000000e+000
    endloop
  endfacet
  facet normal  0.000000e+000  0.000000e+000  1.000000e+000
    outer loop
      vertex  3.874842e+001  9.407275e+000  0.000000e+000
      vertex  3.868177e+001  9.798584e+000  0.000000e+000
      vertex  3.458356e+001  9.794066e+000  0.000000e+000
    endloop
  endfacet
  facet normal  0.000000e+000  0.000000e+000  1.000000e+000
    outer loop
      vertex  3.874842e+001  9.407275e+000  0.000000e+000
      vertex  3.458356e+001  9.794066e+000  0.000000e+000
      vertex  3.456357e+001  9.670023e+000  0.000000e+000
    endloop
  endfacet
  facet normal  0.000000e+000  0.000000e+000  1.000000e+000
    outer loop
      vertex  3.874842e+001  9.407275e+000  0.000000e+000
      vertex  3.456357e+001  9.670023e+000  0.000000e+000
      vertex  3.453584e+001  9.547479e+000  0.000000e+000
    endloop
  endfacet
  facet normal  0.000000e+000  0.000000e+000  1.000000e+000
    outer loop
      vertex  3.874842e+001  9.407275e+000  0.000000e+000
      vertex  3.453584e+001  9.547479e+000  0.000000e+000
      vertex  3.450047e+001  9.426918e+000  0.000000e+000
    endloop
  endfacet
  facet normal  0.000000e+000  0.000000e+000  1.000000e+000
    outer loop
      vertex  3.874842e+001  9.407275e+000  0.000000e+000
      vertex  3.450047e+001  9.426918e+000  0.000000e+000
      vertex  3.445759e+001  9.308817e+000  0.000000e+000
    endloop
  endfacet
  facet normal  -0.000000e+000  0.000000e+000  9.999999e-001
    outer loop
      vertex  3.874842e+001  9.407275e+000  0.000000e+000
      vertex  3.445759e+001  9.308817e+000  0.000000e+000
      vertex  3.880729e+001  9.014721e+000  0.000000e+000
    endloop
  endfacet
  facet normal  0.000000e+000  0.000000e+000  9.999999e-001
    outer loop
      vertex  3.885836e+001  8.621076e+000  0.000000e+000
      vertex  3.880729e+001  9.014721e+000  0.000000e+000
      vertex  3.428580e+001  8.973867e+000  0.000000e+000
    endloop
  endfacet
  facet normal  0.000000e+000  0.000000e+000  1.000000e+000
    outer loop
      vertex  3.885836e+001  8.621076e+000  0.000000e+000
      vertex  3.428580e+001  8.973867e+000  0.000000e+000
      vertex  3.421491e+001  8.870138e+000  0.000000e+000
    endloop
  endfacet
  facet normal  0.000000e+000  0.000000e+000  1.000000e+000
    outer loop
      vertex  3.885836e+001  8.621076e+000  0.000000e+000
      vertex  3.421491e+001  8.870138e+000  0.000000e+000
      vertex  3.413764e+001  8.771066e+000  0.000000e+000
    endloop
  endfacet
  facet normal  0.000000e+000  0.000000e+000  1.000000e+000
    outer loop
      vertex  3.885836e+001  8.621076e+000  0.000000e+000
      vertex  3.413764e+001  8.771066e+000  0.000000e+000
      vertex  3.405430e+001  8.677040e+000  0.000000e+000
    endloop
  endfacet
  facet normal  0.000000e+000  0.000000e+000  1.000000e+000
    outer loop
      vertex  3.885836e+001  8.621076e+000  0.000000e+000
      vertex  3.405430e+001  8.677040e+000  0.000000e+000
      vertex  3.396522e+001  8.588433e+000  0.000000e+000
    endloop
  endfacet
  facet normal  -0.000000e+000  0.000000e+000  1.000000e+000
    outer loop
      vertex  3.885836e+001  8.621076e+000  0.000000e+000
      vertex  3.396522e+001  8.588433e+000  0.000000e+000
      vertex  3.890160e+001  8.226495e+000  0.000000e+000
    endloop
  endfacet
  facet normal  0.000000e+000  0.000000e+000  1.000000e+000
    outer loop
      vertex  3.890160e+001  8.226495e+000  0.000000e+000
      vertex  3.396522e+001  8.588433e+000  0.000000e+000
      vertex  3.387075e+001  8.505594e+000  0.000000e+000
    endloop
  endfacet
  facet normal  0.000000e+000  0.000000e+000  1.000000e+000
    outer loop
      vertex  3.890160e+001  8.226495e+000  0.000000e+000
      vertex  3.387075e+001  8.505594e+000  0.000000e+000
      vertex  3.377127e+001  8.428851e+000  0.000000e+000
    endloop
  endfacet
  facet normal  0.000000e+000  0.000000e+000  1.000000e+000
    outer loop
      vertex  3.890160e+001  8.226495e+000  0.000000e+000
      vertex  3.377127e+001  8.428851e+000  0.000000e+000
      vertex  3.366717e+001  8.358505e+000  0.000000e+000
    endloop
  endfacet
  facet normal  0.000000e+000  0.000000e+000  1.000000e+000
    outer loop
      vertex  3.890160e+001  8.226495e+000  0.000000e+000
      vertex  3.366717e+001  8.358505e+000  0.000000e+000
      vertex  3.355885e+001  8.294835e+000  0.000000e+000
    endloop
  endfacet
  facet normal  0.000000e+000  0.000000e+000  1.000000e+000
    outer loop
      vertex  3.890160e+001  8.226495e+000  0.000000e+000
      vertex  3.355885e+001  8.294835e+000  0.000000e+000
      vertex  3.344675e+001  8.238091e+000  0.000000e+000
    endloop
  endfacet
  facet normal  0.000000e+000  0.000000e+000  1.000000e+000
    outer loop
      vertex  3.890160e+001  8.226495e+000  0.000000e+000
      vertex  3.344675e+001  8.238091e+000  0.000000e+000
      vertex  3.333131e+001  8.188498e+000  0.000000e+000
    endloop
  endfacet
  facet normal  -0.000000e+000  0.000000e+000  1.000000e+000
    outer loop
      vertex  3.890160e+001  8.226495e+000  0.000000e+000
      vertex  3.333131e+001  8.188498e+000  0.000000e+000
      vertex  3.893700e+001  7.831133e+000  0.000000e+000
    endloop
  endfacet
  facet normal  0.000000e+000  0.000000e+000  9.999999e-001
    outer loop
      vertex  3.893700e+001  7.831133e+000  0.000000e+000
      vertex  3.333131e+001  8.188498e+000  0.000000e+000
      vertex  3.321298e+001  8.146253e+000  0.000000e+000
    endloop
  endfacet
  facet normal  0.000000e+000  0.000000e+000  1.000000e+000
    outer loop
      vertex  3.893700e+001  7.831133e+000  0.000000e+000
      vertex  3.321298e+001  8.146253e+000  0.000000e+000
      vertex  3.309224e+001  8.111520e+000  0.000000e+000
    endloop
  endfacet
  facet normal  0.000000e+000  0.000000e+000  9.999999e-001
    outer loop
      vertex  3.893700e+001  7.831133e+000  0.000000e+000
      vertex  3.309224e+001  8.111520e+000  0.000000e+000
      vertex  3.296955e+001  8.084437e+000  0.000000e+000
    endloop
  endfacet
  facet normal  0.000000e+000  0.000000e+000  1.000000e+000
    outer loop
      vertex  3.893700e+001  7.831133e+000  0.000000e+000
      vertex  3.296955e+001  8.084437e+000  0.000000e+000
      vertex  3.284540e+001  8.065112e+000  0.000000e+000
    endloop
  endfacet
  facet normal  0.000000e+000  0.000000e+000  1.000000e+000
    outer loop
      vertex  3.893700e+001  7.831133e+000  0.000000e+000
      vertex  3.284540e+001  8.065112e+000  0.000000e+000
      vertex  3.272028e+001  8.053620e+000  0.000000e+000
    endloop
  endfacet
  facet normal  0.000000e+000  0.000000e+000  1.000000e+000
    outer loop
      vertex  2.900000e+001 -4.195000e+001  0.000000e+000
      vertex  2.900531e+001 -3.394999e+001  0.000000e+000
      vertex -2.900000e+001 -4.195000e+001  0.000000e+000
    endloop
  endfacet
  facet normal  0.000000e+000  0.000000e+000  1.000000e+000
    outer loop
      vertex -2.900000e+001 -4.195000e+001  0.000000e+000
      vertex  2.900531e+001 -3.394999e+001  0.000000e+000
      vertex  2.887972e+001 -3.394638e+001  0.000000e+000
    endloop
  endfacet
  facet normal  0.000000e+000  0.000000e+000  1.000000e+000
    outer loop
      vertex -2.900000e+001 -4.195000e+001  0.000000e+000
      vertex  2.887972e+001 -3.394638e+001  0.000000e+000
      vertex -2.899469e+001 -3.394999e+001  0.000000e+000
    endloop
  endfacet
  facet normal  0.000000e+000  0.000000e+000  9.999999e-001
    outer loop
      vertex -2.899469e+001 -3.394999e+001  0.000000e+000
      vertex  2.887972e+001 -3.394638e+001  0.000000e+000
      vertex -2.886912e+001 -3.394571e+001  0.000000e+000
    endloop
  endfacet
  facet normal  0.000000e+000  0.000000e+000  1.000000e+000
    outer loop
      vertex  3.900000e+001 -3.195000e+001  0.000000e+000
      vertex  3.900000e+001  6.244998e+000  0.000000e+000
      vertex  3.899607e+001 -3.223046e+001  0.000000e+000
    endloop
  endfacet
  facet normal  0.000000e+000  -0.000000e+000  9.999999e-001
    outer loop
      vertex  3.899607e+001 -3.223046e+001  0.000000e+000
      vertex  3.900000e+001  6.244998e+000  0.000000e+000
      vertex  3.899606e+001  6.641922e+000  0.000000e+000
    endloop
  endfacet
  facet normal  0.000000e+000  0.000000e+000  1.000000e+000
    outer loop
      vertex  3.899607e+001 -3.223046e+001  0.000000e+000
      vertex  3.899606e+001  6.641922e+000  0.000000e+000
      vertex  3.898427e+001 -3.251070e+001  0.000000e+000
    endloop
  endfacet
  facet normal  0.000000e+000  -0.000000e+000  1.000000e+000
    outer loop
      vertex  3.898427e+001 -3.251070e+001  0.000000e+000
      vertex  3.899606e+001  6.641922e+000  0.000000e+000
      vertex  3.898425e+001  7.038691e+000  0.000000e+000
    endloop
  endfacet
  facet normal  0.000000e+000  0.000000e+000  1.000000e+000
    outer loop
      vertex  3.898427e+001 -3.251070e+001  0.000000e+000
      vertex  3.898425e+001  7.038691e+000  0.000000e+000
      vertex  3.896461e+001 -3.279050e+001  0.000000e+000
    endloop
  endfacet
  facet normal  0.000000e+000  -0.000000e+000  1.000000e+000
    outer loop
      vertex  3.896461e+001 -3.279050e+001  0.000000e+000
      vertex  3.898425e+001  7.038691e+000  0.000000e+000
      vertex  3.896456e+001  7.435146e+000  0.000000e+000
    endloop
  endfacet
  facet normal  0.000000e+000  0.000000e+000  1.000000e+000
    outer loop
      vertex  3.896461e+001 -3.279050e+001  0.000000e+000
      vertex  3.896456e+001  7.435146e+000  0.000000e+000
      vertex  3.893712e+001 -3.306964e+001  0.000000e+000
    endloop
  endfacet
  facet normal  0.000000e+000  -0.000000e+000  1.000000e+000
    outer loop
      vertex  3.893712e+001 -3.306964e+001  0.000000e+000
      vertex  3.896456e+001  7.435146e+000  0.000000e+000
      vertex  3.893700e+001  7.831133e+000  0.000000e+000
    endloop
  endfacet
  facet normal  0.000000e+000  0.000000e+000  9.999999e-001
    outer loop
      vertex  3.893712e+001 -3.306964e+001  0.000000e+000
      vertex  3.893700e+001  7.831133e+000  0.000000e+000
      vertex  3.890181e+001 -3.334790e+001  0.000000e+000
    endloop
  endfacet
  facet normal  0.000000e+000  -0.000000e+000  1.000000e+000
    outer loop
      vertex  3.890181e+001 -3.334790e+001  0.000000e+000
      vertex  3.893700e+001  7.831133e+000  0.000000e+000
      vertex  3.272028e+001  8.053620e+000  0.000000e+000
    endloop
  endfacet
  facet normal  0.000000e+000  0.000000e+000  1.000000e+000
    outer loop
      vertex -3.893712e+001 -3.306964e+001  0.000000e+000
      vertex -3.893700e+001  7.831133e+000  0.000000e+000
      vertex -3.896461e+001 -3.279050e+001  0.000000e+000
    endloop
  endfacet
  facet normal  0.000000e+000  0.000000e+000  1.000000e+000
    outer loop
      vertex -3.896461e+001 -3.279050e+001  0.000000e+000
      vertex -3.893700e+001  7.831133e+000  0.000000e+000
      vertex -3.896456e+001  7.435146e+000  0.000000e+000
    endloop
  endfacet
  facet normal  0.000000e+000  0.000000e+000  1.000000e+000
    outer loop
      vertex -3.896461e+001 -3.279050e+001  0.000000e+000
      vertex -3.896456e+001  7.435146e+000  0.000000e+000
      vertex -3.898427e+001 -3.251070e+001  0.000000e+000
    endloop
  endfacet
  facet normal  0.000000e+000  0.000000e+000  9.999999e-001
    outer loop
      vertex -3.898427e+001 -3.251070e+001  0.000000e+000
      vertex -3.896456e+001  7.435146e+000  0.000000e+000
      vertex -3.898425e+001  7.038691e+000  0.000000e+000
    endloop
  endfacet
  facet normal  0.000000e+000  0.000000e+000  1.000000e+000
    outer loop
      vertex -3.898427e+001 -3.251070e+001  0.000000e+000
      vertex -3.898425e+001  7.038691e+000  0.000000e+000
      vertex -3.899607e+001 -3.223046e+001  0.000000e+000
    endloop
  endfacet
  facet normal  0.000000e+000  0.000000e+000  9.999999e-001
    outer loop
      vertex -3.899607e+001 -3.223046e+001  0.000000e+000
      vertex -3.898425e+001  7.038691e+000  0.000000e+000
      vertex -3.899606e+001  6.641922e+000  0.000000e+000
    endloop
  endfacet
  facet normal  0.000000e+000  0.000000e+000  1.000000e+000
    outer loop
      vertex -3.899607e+001 -3.223046e+001  0.000000e+000
      vertex -3.899606e+001  6.641922e+000  0.000000e+000
      vertex -3.900000e+001  6.244998e+000  0.000000e+000
    endloop
  endfacet
  facet normal  0.000000e+000  0.000000e+000  1.000000e+000
    outer loop
      vertex -3.099999e+001 -3.195531e+001  0.000000e+000
      vertex -3.247972e+001  8.053620e+000  0.000000e+000
      vertex -3.256622e+001 -4.129249e+001  0.000000e+000
    endloop
  endfacet
  facet normal  0.000000e+000  -0.000000e+000  1.000000e+000
    outer loop
      vertex -3.256622e+001 -4.129249e+001  0.000000e+000
      vertex -3.247972e+001  8.053620e+000  0.000000e+000
      vertex -3.260531e+001  8.050007e+000  0.000000e+000
    endloop
  endfacet
  facet normal  0.000000e+000  0.000000e+000  9.999999e-001
    outer loop
      vertex -3.256622e+001 -4.129249e+001  0.000000e+000
      vertex -3.260531e+001  8.050007e+000  0.000000e+000
      vertex -3.282684e+001 -4.118880e+001  0.000000e+000
    endloop
  endfacet
  facet normal  0.000000e+000  -0.000000e+000  1.000000e+000
    outer loop
      vertex -3.282684e+001 -4.118880e+001  0.000000e+000
      vertex -3.260531e+001  8.050007e+000  0.000000e+000
      vertex -3.893700e+001  7.831133e+000  0.000000e+000
    endloop
  endfacet
  facet normal  0.000000e+000  -0.000000e+000  1.000000e+000
    outer loop
      vertex -3.303179e+001  2.255883e+001  0.000000e+000
      vertex -3.272028e+001  1.204638e+001  0.000000e+000
      vertex -3.271087e+001  2.302171e+001  0.000000e+000
    endloop
  endfacet
  facet normal  0.000000e+000  0.000000e+000  1.000000e+000
    outer loop
      vertex -3.271087e+001  2.302171e+001  0.000000e+000
      vertex -3.272028e+001  1.204638e+001  0.000000e+000
      vertex -3.259469e+001  1.204999e+001  0.000000e+000
    endloop
  endfacet
  facet normal  -0.000000e+000  -0.000000e+000  1.000000e+000
    outer loop
      vertex -3.271087e+001  2.302171e+001  0.000000e+000
      vertex -3.259469e+001  1.204999e+001  0.000000e+000
      vertex -3.246912e+001  1.204571e+001  0.000000e+000
    endloop
  endfacet
  facet normal  0.000000e+000  0.000000e+000  1.000000e+000
    outer loop
      vertex -3.060429e+001  9.919120e+000  0.000000e+000
      vertex -2.915605e+001  2.738476e+001  0.000000e+000
      vertex -3.060001e+001  1.004469e+001  0.000000e+000
    endloop
  endfacet
  facet normal  0.000000e+000  0.000000e+000  1.000000e+000
    outer loop
      vertex -3.060001e+001  1.004469e+001  0.000000e+000
      vertex -2.915605e+001  2.738476e+001  0.000000e+000
      vertex -2.953876e+001  2.697150e+001  0.000000e+000
    endloop
  endfacet
  facet normal  0.000000e+000  0.000000e+000  1.000000e+000
    outer loop
      vertex -3.060001e+001  1.004469e+001  0.000000e+000
      vertex -2.953876e+001  2.697150e+001  0.000000e+000
      vertex -2.991561e+001  2.655290e+001  0.000000e+000
    endloop
  endfacet
  facet normal  0.000000e+000  0.000000e+000  9.999999e-001
    outer loop
      vertex  2.886912e+001 -2.995429e+001  0.000000e+000
      vertex  2.899469e+001 -2.995001e+001  0.000000e+000
      vertex -2.887972e+001 -2.995362e+001  0.000000e+000
    endloop
  endfacet
  facet normal  0.000000e+000  0.000000e+000  1.000000e+000
    outer loop
      vertex -2.887972e+001 -2.995362e+001  0.000000e+000
      vertex  2.899469e+001 -2.995001e+001  0.000000e+000
      vertex  2.876756e+001  2.779259e+001  0.000000e+000
    endloop
  endfacet
  facet normal  0.000000e+000  0.000000e+000  1.000000e+000
    outer loop
      vertex -2.887972e+001 -2.995362e+001  0.000000e+000
      vertex  2.876756e+001  2.779259e+001  0.000000e+000
      vertex -2.915605e+001  2.738476e+001  0.000000e+000
    endloop
  endfacet
  facet normal  0.000000e+000  0.000000e+000  1.000000e+000
    outer loop
      vertex -2.915605e+001  2.738476e+001  0.000000e+000
      vertex  2.876756e+001  2.779259e+001  0.000000e+000
      vertex -2.876756e+001  2.779259e+001  0.000000e+000
    endloop
  endfacet
  facet normal  0.000000e+000  0.000000e+000  1.000000e+000
    outer loop
      vertex -3.880729e+001  9.014721e+000  0.000000e+000
      vertex -3.446150e+001  9.318690e+000  0.000000e+000
      vertex -3.874842e+001  9.407275e+000  0.000000e+000
    endloop
  endfacet
  facet normal  -0.000000e+000  0.000000e+000  1.000000e+000
    outer loop
      vertex -3.874842e+001  9.407275e+000  0.000000e+000
      vertex -3.446150e+001  9.318690e+000  0.000000e+000
      vertex -3.450375e+001  9.437018e+000  0.000000e+000
    endloop
  endfacet
  facet normal  0.000000e+000  0.000000e+000  1.000000e+000
    outer loop
      vertex -3.874842e+001  9.407275e+000  0.000000e+000
      vertex -3.450375e+001  9.437018e+000  0.000000e+000
      vertex -3.453848e+001  9.557765e+000  0.000000e+000
    endloop
  endfacet
  facet normal  0.000000e+000  0.000000e+000  1.000000e+000
    outer loop
      vertex -2.876756e+001  2.779259e+001  0.000000e+000
      vertex  2.876756e+001  2.779259e+001  0.000000e+000
      vertex -2.837336e+001  2.819490e+001  0.000000e+000
    endloop
  endfacet
  facet normal  -0.000000e+000  0.000000e+000  9.999999e-001
    outer loop
      vertex -2.837336e+001  2.819490e+001  0.000000e+000
      vertex  2.876756e+001  2.779259e+001  0.000000e+000
      vertex  2.837336e+001  2.819490e+001  0.000000e+000
    endloop
  endfacet
  facet normal  0.000000e+000  0.000000e+000  1.000000e+000
    outer loop
      vertex -2.837336e+001  2.819490e+001  0.000000e+000
      vertex  2.837336e+001  2.819490e+001  0.000000e+000
      vertex -2.797354e+001  2.859163e+001  0.000000e+000
    endloop
  endfacet
  facet normal  -0.000000e+000  0.000000e+000  1.000000e+000
    outer loop
      vertex -2.797354e+001  2.859163e+001  0.000000e+000
      vertex  2.837336e+001  2.819490e+001  0.000000e+000
      vertex  2.797354e+001  2.859163e+001  0.000000e+000
    endloop
  endfacet
  facet normal  0.000000e+000  0.000000e+000  1.000000e+000
    outer loop
      vertex -2.797354e+001  2.859163e+001  0.000000e+000
      vertex  2.797354e+001  2.859163e+001  0.000000e+000
      vertex -2.756817e+001  2.898268e+001  0.000000e+000
    endloop
  endfacet
  facet normal  -0.000000e+000  0.000000e+000  1.000000e+000
    outer loop
      vertex -2.756817e+001  2.898268e+001  0.000000e+000
      vertex  2.797354e+001  2.859163e+001  0.000000e+000
      vertex  2.756817e+001  2.898268e+001  0.000000e+000
    endloop
  endfacet
  facet normal  0.000000e+000  0.000000e+000  1.000000e+000
    outer loop
      vertex -2.756817e+001  2.898268e+001  0.000000e+000
      vertex  2.756817e+001  2.898268e+001  0.000000e+000
      vertex -2.715734e+001  2.936799e+001  0.000000e+000
    endloop
  endfacet
  facet normal  -0.000000e+000  0.000000e+000  1.000000e+000
    outer loop
      vertex -2.715734e+001  2.936799e+001  0.000000e+000
      vertex  2.756817e+001  2.898268e+001  0.000000e+000
      vertex  2.715734e+001  2.936799e+001  0.000000e+000
    endloop
  endfacet
  facet normal  0.000000e+000  0.000000e+000  9.999999e-001
    outer loop
      vertex -2.715734e+001  2.936799e+001  0.000000e+000
      vertex  2.715734e+001  2.936799e+001  0.000000e+000
      vertex -2.674112e+001  2.974748e+001  0.000000e+000
    endloop
  endfacet
  facet normal  -0.000000e+000  0.000000e+000  1.000000e+000
    outer loop
      vertex -2.674112e+001  2.974748e+001  0.000000e+000
      vertex  2.715734e+001  2.936799e+001  0.000000e+000
      vertex  2.674112e+001  2.974748e+001  0.000000e+000
    endloop
  endfacet
  facet normal  0.000000e+000  0.000000e+000  1.000000e+000
    outer loop
      vertex -2.674112e+001  2.974748e+001  0.000000e+000
      vertex  2.674112e+001  2.974748e+001  0.000000e+000
      vertex -2.631960e+001  3.012107e+001  0.000000e+000
    endloop
  endfacet
  facet normal  -0.000000e+000  0.000000e+000  1.000000e+000
    outer loop
      vertex -2.631960e+001  3.012107e+001  0.000000e+000
      vertex  2.674112e+001  2.974748e+001  0.000000e+000
      vertex  2.631960e+001  3.012107e+001  0.000000e+000
    endloop
  endfacet
  facet normal  0.000000e+000  0.000000e+000  1.000000e+000
    outer loop
      vertex -2.631960e+001  3.012107e+001  0.000000e+000
      vertex  2.631960e+001  3.012107e+001  0.000000e+000
      vertex -2.589286e+001  3.048868e+001  0.000000e+000
    endloop
  endfacet
  facet normal  -0.000000e+000  0.000000e+000  1.000000e+000
    outer loop
      vertex -2.589286e+001  3.048868e+001  0.000000e+000
      vertex  2.631960e+001  3.012107e+001  0.000000e+000
      vertex  2.589286e+001  3.048868e+001  0.000000e+000
    endloop
  endfacet
  facet normal  0.000000e+000  0.000000e+000  1.000000e+000
    outer loop
      vertex -2.589286e+001  3.048868e+001  0.000000e+000
      vertex  2.589286e+001  3.048868e+001  0.000000e+000
      vertex -2.546099e+001  3.085025e+001  0.000000e+000
    endloop
  endfacet
  facet normal  -0.000000e+000  0.000000e+000  1.000000e+000
    outer loop
      vertex -2.546099e+001  3.085025e+001  0.000000e+000
      vertex  2.589286e+001  3.048868e+001  0.000000e+000
      vertex  2.546099e+001  3.085025e+001  0.000000e+000
    endloop
  endfacet
  facet normal  0.000000e+000  0.000000e+000  1.000000e+000
    outer loop
      vertex -2.546099e+001  3.085025e+001  0.000000e+000
      vertex  2.546099e+001  3.085025e+001  0.000000e+000
      vertex -2.502407e+001  3.120571e+001  0.000000e+000
    endloop
  endfacet
  facet normal  -0.000000e+000  0.000000e+000  1.000000e+000
    outer loop
      vertex -2.502407e+001  3.120571e+001  0.000000e+000
      vertex  2.546099e+001  3.085025e+001  0.000000e+000
      vertex  2.502407e+001  3.120571e+001  0.000000e+000
    endloop
  endfacet
  facet normal  0.000000e+000  0.000000e+000  1.000000e+000
    outer loop
      vertex -2.502407e+001  3.120571e+001  0.000000e+000
      vertex  2.502407e+001  3.120571e+001  0.000000e+000
      vertex -2.458218e+001  3.155497e+001  0.000000e+000
    endloop
  endfacet
  facet normal  -0.000000e+000  0.000000e+000  9.999999e-001
    outer loop
      vertex -2.458218e+001  3.155497e+001  0.000000e+000
      vertex  2.502407e+001  3.120571e+001  0.000000e+000
      vertex  2.458218e+001  3.155497e+001  0.000000e+000
    endloop
  endfacet
  facet normal  0.000000e+000  0.000000e+000  1.000000e+000
    outer loop
      vertex -2.458218e+001  3.155497e+001  0.000000e+000
      vertex  2.458218e+001  3.155497e+001  0.000000e+000
      vertex -2.413543e+001  3.189798e+001  0.000000e+000
    endloop
  endfacet
  facet normal  -0.000000e+000  0.000000e+000  1.000000e+000
    outer loop
      vertex -2.413543e+001  3.189798e+001  0.000000e+000
      vertex  2.458218e+001  3.155497e+001  0.000000e+000
      vertex  2.413543e+001  3.189798e+001  0.000000e+000
    endloop
  endfacet
  facet normal  0.000000e+000  0.000000e+000  1.000000e+000
    outer loop
      vertex -2.413543e+001  3.189798e+001  0.000000e+000
      vertex  2.413543e+001  3.189798e+001  0.000000e+000
      vertex -2.368388e+001  3.223466e+001  0.000000e+000
    endloop
  endfacet
  facet normal  -0.000000e+000  0.000000e+000  1.000000e+000
    outer loop
      vertex -2.368388e+001  3.223466e+001  0.000000e+000
      vertex  2.413543e+001  3.189798e+001  0.000000e+000
      vertex  2.368388e+001  3.223466e+001  0.000000e+000
    endloop
  endfacet
  facet normal  0.000000e+000  0.000000e+000  1.000000e+000
    outer loop
      vertex -2.368388e+001  3.223466e+001  0.000000e+000
      vertex  2.368388e+001  3.223466e+001  0.000000e+000
      vertex -2.322764e+001  3.256496e+001  0.000000e+000
    endloop
  endfacet
  facet normal  -0.000000e+000  0.000000e+000  1.000000e+000
    outer loop
      vertex -2.322764e+001  3.256496e+001  0.000000e+000
      vertex  2.368388e+001  3.223466e+001  0.000000e+000
      vertex  2.322764e+001  3.256496e+001  0.000000e+000
    endloop
  endfacet
  facet normal  0.000000e+000  0.000000e+000  1.000000e+000
    outer loop
      vertex -2.322764e+001  3.256496e+001  0.000000e+000
      vertex  2.322764e+001  3.256496e+001  0.000000e+000
      vertex -2.276680e+001  3.288879e+001  0.000000e+000
    endloop
  endfacet
  facet normal  -0.000000e+000  0.000000e+000  1.000000e+000
    outer loop
      vertex -2.276680e+001  3.288879e+001  0.000000e+000
      vertex  2.322764e+001  3.256496e+001  0.000000e+000
      vertex  2.276680e+001  3.288879e+001  0.000000e+000
    endloop
  endfacet
  facet normal  0.000000e+000  0.000000e+000  9.999999e-001
    outer loop
      vertex -2.276680e+001  3.288879e+001  0.000000e+000
      vertex  2.276680e+001  3.288879e+001  0.000000e+000
      vertex -2.230144e+001  3.320611e+001  0.000000e+000
    endloop
  endfacet
  facet normal  -0.000000e+000  0.000000e+000  1.000000e+000
    outer loop
      vertex -2.230144e+001  3.320611e+001  0.000000e+000
      vertex  2.276680e+001  3.288879e+001  0.000000e+000
      vertex  2.230144e+001  3.320611e+001  0.000000e+000
    endloop
  endfacet
  facet normal  0.000000e+000  0.000000e+000  1.000000e+000
    outer loop
      vertex -2.230144e+001  3.320611e+001  0.000000e+000
      vertex  2.230144e+001  3.320611e+001  0.000000e+000
      vertex -2.183166e+001  3.351684e+001  0.000000e+000
    endloop
  endfacet
  facet normal  -0.000000e+000  0.000000e+000  9.999999e-001
    outer loop
      vertex -2.183166e+001  3.351684e+001  0.000000e+000
      vertex  2.230144e+001  3.320611e+001  0.000000e+000
      vertex  2.183166e+001  3.351684e+001  0.000000e+000
    endloop
  endfacet
  facet normal  0.000000e+000  0.000000e+000  9.999999e-001
    outer loop
      vertex -2.183166e+001  3.351684e+001  0.000000e+000
      vertex  2.183166e+001  3.351684e+001  0.000000e+000
      vertex -2.135755e+001  3.382093e+001  0.000000e+000
    endloop
  endfacet
  facet normal  -0.000000e+000  0.000000e+000  1.000000e+000
    outer loop
      vertex -2.135755e+001  3.382093e+001  0.000000e+000
      vertex  2.183166e+001  3.351684e+001  0.000000e+000
      vertex  2.135755e+001  3.382093e+001  0.000000e+000
    endloop
  endfacet
  facet normal  0.000000e+000  0.000000e+000  9.999999e-001
    outer loop
      vertex -2.135755e+001  3.382093e+001  0.000000e+000
      vertex  2.135755e+001  3.382093e+001  0.000000e+000
      vertex -2.087921e+001  3.411831e+001  0.000000e+000
    endloop
  endfacet
  facet normal  -0.000000e+000  0.000000e+000  9.999999e-001
    outer loop
      vertex -2.087921e+001  3.411831e+001  0.000000e+000
      vertex  2.135755e+001  3.382093e+001  0.000000e+000
      vertex  2.087921e+001  3.411831e+001  0.000000e+000
    endloop
  endfacet
  facet normal  0.000000e+000  0.000000e+000  1.000000e+000
    outer loop
      vertex -2.087921e+001  3.411831e+001  0.000000e+000
      vertex  2.087921e+001  3.411831e+001  0.000000e+000
      vertex -2.039672e+001  3.440892e+001  0.000000e+000
    endloop
  endfacet
  facet normal  -0.000000e+000  0.000000e+000  1.000000e+000
    outer loop
      vertex -2.039672e+001  3.440892e+001  0.000000e+000
      vertex  2.087921e+001  3.411831e+001  0.000000e+000
      vertex  2.039672e+001  3.440892e+001  0.000000e+000
    endloop
  endfacet
  facet normal  0.000000e+000  0.000000e+000  1.000000e+000
    outer loop
      vertex -2.039672e+001  3.440892e+001  0.000000e+000
      vertex  2.039672e+001  3.440892e+001  0.000000e+000
      vertex -1.991019e+001  3.469271e+001  0.000000e+000
    endloop
  endfacet
  facet normal  -0.000000e+000  0.000000e+000  1.000000e+000
    outer loop
      vertex -1.991019e+001  3.469271e+001  0.000000e+000
      vertex  2.039672e+001  3.440892e+001  0.000000e+000
      vertex  1.991019e+001  3.469271e+001  0.000000e+000
    endloop
  endfacet
  facet normal  0.000000e+000  0.000000e+000  1.000000e+000
    outer loop
      vertex -1.991019e+001  3.469271e+001  0.000000e+000
      vertex  1.991019e+001  3.469271e+001  0.000000e+000
      vertex -1.941972e+001  3.496962e+001  0.000000e+000
    endloop
  endfacet
  facet normal  -0.000000e+000  0.000000e+000  1.000000e+000
    outer loop
      vertex -1.941972e+001  3.496962e+001  0.000000e+000
      vertex  1.991019e+001  3.469271e+001  0.000000e+000
      vertex  1.941972e+001  3.496962e+001  0.000000e+000
    endloop
  endfacet
  facet normal  0.000000e+000  0.000000e+000  1.000000e+000
    outer loop
      vertex -1.941972e+001  3.496962e+001  0.000000e+000
      vertex  1.941972e+001  3.496962e+001  0.000000e+000
      vertex -1.892539e+001  3.523960e+001  0.000000e+000
    endloop
  endfacet
  facet normal  -0.000000e+000  0.000000e+000  1.000000e+000
    outer loop
      vertex -1.892539e+001  3.523960e+001  0.000000e+000
      vertex  1.941972e+001  3.496962e+001  0.000000e+000
      vertex  1.892539e+001  3.523960e+001  0.000000e+000
    endloop
  endfacet
  facet normal  0.000000e+000  0.000000e+000  1.000000e+000
    outer loop
      vertex -1.892539e+001  3.523960e+001  0.000000e+000
      vertex  1.892539e+001  3.523960e+001  0.000000e+000
      vertex -1.842731e+001  3.550259e+001  0.000000e+000
    endloop
  endfacet
  facet normal  -0.000000e+000  0.000000e+000  1.000000e+000
    outer loop
      vertex -1.842731e+001  3.550259e+001  0.000000e+000
      vertex  1.892539e+001  3.523960e+001  0.000000e+000
      vertex  1.842731e+001  3.550259e+001  0.000000e+000
    endloop
  endfacet
  facet normal  0.000000e+000  0.000000e+000  9.999999e-001
    outer loop
      vertex -1.842731e+001  3.550259e+001  0.000000e+000
      vertex  1.842731e+001  3.550259e+001  0.000000e+000
      vertex -1.792558e+001  3.575855e+001  0.000000e+000
    endloop
  endfacet
  facet normal  -0.000000e+000  0.000000e+000  1.000000e+000
    outer loop
      vertex -1.792558e+001  3.575855e+001  0.000000e+000
      vertex  1.842731e+001  3.550259e+001  0.000000e+000
      vertex  1.792558e+001  3.575855e+001  0.000000e+000
    endloop
  endfacet
  facet normal  0.000000e+000  0.000000e+000  1.000000e+000
    outer loop
      vertex -1.792558e+001  3.575855e+001  0.000000e+000
      vertex  1.792558e+001  3.575855e+001  0.000000e+000
      vertex -1.742029e+001  3.600741e+001  0.000000e+000
    endloop
  endfacet
  facet normal  -0.000000e+000  0.000000e+000  1.000000e+000
    outer loop
      vertex -1.742029e+001  3.600741e+001  0.000000e+000
      vertex  1.792558e+001  3.575855e+001  0.000000e+000
      vertex  1.742029e+001  3.600741e+001  0.000000e+000
    endloop
  endfacet
  facet normal  0.000000e+000  0.000000e+000  1.000000e+000
    outer loop
      vertex -1.742029e+001  3.600741e+001  0.000000e+000
      vertex  1.742029e+001  3.600741e+001  0.000000e+000
      vertex -1.691155e+001  3.624913e+001  0.000000e+000
    endloop
  endfacet
  facet normal  -0.000000e+000  0.000000e+000  1.000000e+000
    outer loop
      vertex -1.691155e+001  3.624913e+001  0.000000e+000
      vertex  1.742029e+001  3.600741e+001  0.000000e+000
      vertex  1.691155e+001  3.624913e+001  0.000000e+000
    endloop
  endfacet
  facet normal  0.000000e+000  0.000000e+000  1.000000e+000
    outer loop
      vertex -1.691155e+001  3.624913e+001  0.000000e+000
      vertex  1.691155e+001  3.624913e+001  0.000000e+000
      vertex -1.639945e+001  3.648367e+001  0.000000e+000
    endloop
  endfacet
  facet normal  -0.000000e+000  0.000000e+000  1.000000e+000
    outer loop
      vertex -1.639945e+001  3.648367e+001  0.000000e+000
      vertex  1.691155e+001  3.624913e+001  0.000000e+000
      vertex  1.639945e+001  3.648367e+001  0.000000e+000
    endloop
  endfacet
  facet normal  0.000000e+000  0.000000e+000  1.000000e+000
    outer loop
      vertex -1.639945e+001  3.648367e+001  0.000000e+000
      vertex  1.639945e+001  3.648367e+001  0.000000e+000
      vertex -1.588411e+001  3.671097e+001  0.000000e+000
    endloop
  endfacet
  facet normal  -0.000000e+000  0.000000e+000  1.000000e+000
    outer loop
      vertex -1.588411e+001  3.671097e+001  0.000000e+000
      vertex  1.639945e+001  3.648367e+001  0.000000e+000
      vertex  1.588411e+001  3.671097e+001  0.000000e+000
    endloop
  endfacet
  facet normal  0.000000e+000  0.000000e+000  9.999999e-001
    outer loop
      vertex -1.588411e+001  3.671097e+001  0.000000e+000
      vertex  1.588411e+001  3.671097e+001  0.000000e+000
      vertex -1.536561e+001  3.693099e+001  0.000000e+000
    endloop
  endfacet
  facet normal  -0.000000e+000  0.000000e+000  1.000000e+000
    outer loop
      vertex -1.536561e+001  3.693099e+001  0.000000e+000
      vertex  1.588411e+001  3.671097e+001  0.000000e+000
      vertex  1.536561e+001  3.693099e+001  0.000000e+000
    endloop
  endfacet
  facet normal  0.000000e+000  0.000000e+000  1.000000e+000
    outer loop
      vertex -1.536561e+001  3.693099e+001  0.000000e+000
      vertex  1.536561e+001  3.693099e+001  0.000000e+000
      vertex -1.484407e+001  3.714369e+001  0.000000e+000
    endloop
  endfacet
  facet normal  -0.000000e+000  0.000000e+000  1.000000e+000
    outer loop
      vertex -1.484407e+001  3.714369e+001  0.000000e+000
      vertex  1.536561e+001  3.693099e+001  0.000000e+000
      vertex  1.484407e+001  3.714369e+001  0.000000e+000
    endloop
  endfacet
  facet normal  0.000000e+000  0.000000e+000  1.000000e+000
    outer loop
      vertex -1.484407e+001  3.714369e+001  0.000000e+000
      vertex  1.484407e+001  3.714369e+001  0.000000e+000
      vertex -1.431958e+001  3.734902e+001  0.000000e+000
    endloop
  endfacet
  facet normal  -0.000000e+000  0.000000e+000  9.999999e-001
    outer loop
      vertex -1.431958e+001  3.734902e+001  0.000000e+000
      vertex  1.484407e+001  3.714369e+001  0.000000e+000
      vertex  1.431958e+001  3.734902e+001  0.000000e+000
    endloop
  endfacet
  facet normal  0.000000e+000  0.000000e+000  1.000000e+000
    outer loop
      vertex -1.431958e+001  3.734902e+001  0.000000e+000
      vertex  1.431958e+001  3.734902e+001  0.000000e+000
      vertex -1.379226e+001  3.754695e+001  0.000000e+000
    endloop
  endfacet
  facet normal  -0.000000e+000  0.000000e+000  1.000000e+000
    outer loop
      vertex -1.379226e+001  3.754695e+001  0.000000e+000
      vertex  1.431958e+001  3.734902e+001  0.000000e+000
      vertex  1.379226e+001  3.754695e+001  0.000000e+000
    endloop
  endfacet
  facet normal  0.000000e+000  0.000000e+000  9.999999e-001
    outer loop
      vertex -1.379226e+001  3.754695e+001  0.000000e+000
      vertex  1.379226e+001  3.754695e+001  0.000000e+000
      vertex -1.326220e+001  3.773744e+001  0.000000e+000
    endloop
  endfacet
  facet normal  -0.000000e+000  0.000000e+000  1.000000e+000
    outer loop
      vertex -1.326220e+001  3.773744e+001  0.000000e+000
      vertex  1.379226e+001  3.754695e+001  0.000000e+000
      vertex  1.326220e+001  3.773744e+001  0.000000e+000
    endloop
  endfacet
  facet normal  0.000000e+000  0.000000e+000  1.000000e+000
    outer loop
      vertex -1.326220e+001  3.773744e+001  0.000000e+000
      vertex  1.326220e+001  3.773744e+001  0.000000e+000
      vertex -1.272951e+001  3.792044e+001  0.000000e+000
    endloop
  endfacet
  facet normal  -0.000000e+000  0.000000e+000  1.000000e+000
    outer loop
      vertex -1.272951e+001  3.792044e+001  0.000000e+000
      vertex  1.326220e+001  3.773744e+001  0.000000e+000
      vertex  1.272951e+001  3.792044e+001  0.000000e+000
    endloop
  endfacet
  facet normal  0.000000e+000  0.000000e+000  1.000000e+000
    outer loop
      vertex -1.272951e+001  3.792044e+001  0.000000e+000
      vertex  1.272951e+001  3.792044e+001  0.000000e+000
      vertex -1.219429e+001  3.809592e+001  0.000000e+000
    endloop
  endfacet
  facet normal  -0.000000e+000  0.000000e+000  1.000000e+000
    outer loop
      vertex -1.219429e+001  3.809592e+001  0.000000e+000
      vertex  1.272951e+001  3.792044e+001  0.000000e+000
      vertex  1.219429e+001  3.809592e+001  0.000000e+000
    endloop
  endfacet
  facet normal  0.000000e+000  0.000000e+000  1.000000e+000
    outer loop
      vertex -1.219429e+001  3.809592e+001  0.000000e+000
      vertex  1.219429e+001  3.809592e+001  0.000000e+000
      vertex -1.165666e+001  3.826385e+001  0.000000e+000
    endloop
  endfacet
  facet normal  -0.000000e+000  0.000000e+000  9.999999e-001
    outer loop
      vertex -1.165666e+001  3.826385e+001  0.000000e+000
      vertex  1.219429e+001  3.809592e+001  0.000000e+000
      vertex  1.165666e+001  3.826385e+001  0.000000e+000
    endloop
  endfacet
  facet normal  0.000000e+000  0.000000e+000  1.000000e+000
    outer loop
      vertex -1.165666e+001  3.826385e+001  0.000000e+000
      vertex  1.165666e+001  3.826385e+001  0.000000e+000
      vertex -1.111672e+001  3.842419e+001  0.000000e+000
    endloop
  endfacet
  facet normal  -0.000000e+000  0.000000e+000  1.000000e+000
    outer loop
      vertex -1.111672e+001  3.842419e+001  0.000000e+000
      vertex  1.165666e+001  3.826385e+001  0.000000e+000
      vertex  1.111672e+001  3.842419e+001  0.000000e+000
    endloop
  endfacet
  facet normal  0.000000e+000  0.000000e+000  9.999999e-001
    outer loop
      vertex -1.111672e+001  3.842419e+001  0.000000e+000
      vertex  1.111672e+001  3.842419e+001  0.000000e+000
      vertex -1.057457e+001  3.857692e+001  0.000000e+000
    endloop
  endfacet
  facet normal  -0.000000e+000  0.000000e+000  1.000000e+000
    outer loop
      vertex -1.057457e+001  3.857692e+001  0.000000e+000
      vertex  1.111672e+001  3.842419e+001  0.000000e+000
      vertex  1.057457e+001  3.857692e+001  0.000000e+000
    endloop
  endfacet
  facet normal  0.000000e+000  0.000000e+000  9.999999e-001
    outer loop
      vertex -1.057457e+001  3.857692e+001  0.000000e+000
      vertex  1.057457e+001  3.857692e+001  0.000000e+000
      vertex -1.003033e+001  3.872199e+001  0.000000e+000
    endloop
  endfacet
  facet normal  -0.000000e+000  0.000000e+000  9.999999e-001
    outer loop
      vertex -1.003033e+001  3.872199e+001  0.000000e+000
      vertex  1.057457e+001  3.857692e+001  0.000000e+000
      vertex  1.003033e+001  3.872199e+001  0.000000e+000
    endloop
  endfacet
  facet normal  0.000000e+000  0.000000e+000  1.000000e+000
    outer loop
      vertex -1.003033e+001  3.872199e+001  0.000000e+000
      vertex  1.003033e+001  3.872199e+001  0.000000e+000
      vertex -9.484097e+000  3.885939e+001  0.000000e+000
    endloop
  endfacet
  facet normal  -0.000000e+000  0.000000e+000  1.000000e+000
    outer loop
      vertex -9.484097e+000  3.885939e+001  0.000000e+000
      vertex  1.003033e+001  3.872199e+001  0.000000e+000
      vertex  9.484097e+000  3.885939e+001  0.000000e+000
    endloop
  endfacet
  facet normal  0.000000e+000  0.000000e+000  1.000000e+000
    outer loop
      vertex -9.484097e+000  3.885939e+001  0.000000e+000
      vertex  9.484097e+000  3.885939e+001  0.000000e+000
      vertex -8.935985e+000  3.898908e+001  0.000000e+000
    endloop
  endfacet
  facet normal  -0.000000e+000  0.000000e+000  1.000000e+000
    outer loop
      vertex -8.935985e+000  3.898908e+001  0.000000e+000
      vertex  9.484097e+000  3.885939e+001  0.000000e+000
      vertex  8.935985e+000  3.898908e+001  0.000000e+000
    endloop
  endfacet
  facet normal  0.000000e+000  0.000000e+000  1.000000e+000
    outer loop
      vertex -8.935985e+000  3.898908e+001  0.000000e+000
      vertex  8.935985e+000  3.898908e+001  0.000000e+000
      vertex -8.386100e+000  3.911104e+001  0.000000e+000
    endloop
  endfacet
  facet normal  -0.000000e+000  0.000000e+000  1.000000e+000
    outer loop
      vertex -8.386100e+000  3.911104e+001  0.000000e+000
      vertex  8.935985e+000  3.898908e+001  0.000000e+000
      vertex  8.386100e+000  3.911104e+001  0.000000e+000
    endloop
  endfacet
  facet normal  0.000000e+000  0.000000e+000  1.000000e+000
    outer loop
      vertex -8.386100e+000  3.911104e+001  0.000000e+000
      vertex  8.386100e+000  3.911104e+001  0.000000e+000
      vertex -7.834552e+000  3.922524e+001  0.000000e+000
    endloop
  endfacet
  facet normal  -0.000000e+000  0.000000e+000  9.999999e-001
    outer loop
      vertex -7.834552e+000  3.922524e+001  0.000000e+000
      vertex  8.386100e+000  3.911104e+001  0.000000e+000
      vertex  7.834552e+000  3.922524e+001  0.000000e+000
    endloop
  endfacet
  facet normal  0.000000e+000  0.000000e+000  1.000000e+000
    outer loop
      vertex -7.834552e+000  3.922524e+001  0.000000e+000
      vertex  7.834552e+000  3.922524e+001  0.000000e+000
      vertex -7.281451e+000  3.933167e+001  0.000000e+000
    endloop
  endfacet
  facet normal  -0.000000e+000  0.000000e+000  1.000000e+000
    outer loop
      vertex -7.281451e+000  3.933167e+001  0.000000e+000
      vertex  7.834552e+000  3.922524e+001  0.000000e+000
      vertex  7.281451e+000  3.933167e+001  0.000000e+000
    endloop
  endfacet
  facet normal  0.000000e+000  0.000000e+000  1.000000e+000
    outer loop
      vertex -7.281451e+000  3.933167e+001  0.000000e+000
      vertex  7.281451e+000  3.933167e+001  0.000000e+000
      vertex -6.726906e+000  3.943030e+001  0.000000e+000
    endloop
  endfacet
  facet normal  -0.000000e+000  0.000000e+000  1.000000e+000
    outer loop
      vertex -6.726906e+000  3.943030e+001  0.000000e+000
      vertex  7.281451e+000  3.933167e+001  0.000000e+000
      vertex  6.726906e+000  3.943030e+001  0.000000e+000
    endloop
  endfacet
  facet normal  0.000000e+000  0.000000e+000  1.000000e+000
    outer loop
      vertex -6.726906e+000  3.943030e+001  0.000000e+000
      vertex  6.726906e+000  3.943030e+001  0.000000e+000
      vertex -6.171028e+000  3.952111e+001  0.000000e+000
    endloop
  endfacet
  facet normal  -0.000000e+000  0.000000e+000  1.000000e+000
    outer loop
      vertex -6.171028e+000  3.952111e+001  0.000000e+000
      vertex  6.726906e+000  3.943030e+001  0.000000e+000
      vertex  6.171028e+000  3.952111e+001  0.000000e+000
    endloop
  endfacet
  facet normal  0.000000e+000  0.000000e+000  1.000000e+000
    outer loop
      vertex -6.171028e+000  3.952111e+001  0.000000e+000
      vertex  6.171028e+000  3.952111e+001  0.000000e+000
      vertex -5.613925e+000  3.960409e+001  0.000000e+000
    endloop
  endfacet
  facet normal  -0.000000e+000  0.000000e+000  1.000000e+000
    outer loop
      vertex -5.613925e+000  3.960409e+001  0.000000e+000
      vertex  6.171028e+000  3.952111e+001  0.000000e+000
      vertex  5.613925e+000  3.960409e+001  0.000000e+000
    endloop
  endfacet
  facet normal  0.000000e+000  0.000000e+000  9.999999e-001
    outer loop
      vertex -5.613925e+000  3.960409e+001  0.000000e+000
      vertex  5.613925e+000  3.960409e+001  0.000000e+000
      vertex -5.055710e+000  3.967921e+001  0.000000e+000
    endloop
  endfacet
  facet normal  -0.000000e+000  0.000000e+000  9.999999e-001
    outer loop
      vertex -5.055710e+000  3.967921e+001  0.000000e+000
      vertex  5.613925e+000  3.960409e+001  0.000000e+000
      vertex  5.055710e+000  3.967921e+001  0.000000e+000
    endloop
  endfacet
  facet normal  0.000000e+000  0.000000e+000  1.000000e+000
    outer loop
      vertex -5.055710e+000  3.967921e+001  0.000000e+000
      vertex  5.055710e+000  3.967921e+001  0.000000e+000
      vertex -4.496492e+000  3.974647e+001  0.000000e+000
    endloop
  endfacet
  facet normal  -0.000000e+000  0.000000e+000  1.000000e+000
    outer loop
      vertex -4.496492e+000  3.974647e+001  0.000000e+000
      vertex  5.055710e+000  3.967921e+001  0.000000e+000
      vertex  4.496492e+000  3.974647e+001  0.000000e+000
    endloop
  endfacet
  facet normal  0.000000e+000  0.000000e+000  1.000000e+000
    outer loop
      vertex -4.496492e+000  3.974647e+001  0.000000e+000
      vertex  4.496492e+000  3.974647e+001  0.000000e+000
      vertex -3.936383e+000  3.980584e+001  0.000000e+000
    endloop
  endfacet
  facet normal  -0.000000e+000  0.000000e+000  1.000000e+000
    outer loop
      vertex -3.936383e+000  3.980584e+001  0.000000e+000
      vertex  4.496492e+000  3.974647e+001  0.000000e+000
      vertex  3.936383e+000  3.980584e+001  0.000000e+000
    endloop
  endfacet
  facet normal  0.000000e+000  0.000000e+000  1.000000e+000
    outer loop
      vertex -3.936383e+000  3.980584e+001  0.000000e+000
      vertex  3.936383e+000  3.980584e+001  0.000000e+000
      vertex -3.375493e+000  3.985732e+001  0.000000e+000
    endloop
  endfacet
  facet normal  -0.000000e+000  0.000000e+000  1.000000e+000
    outer loop
      vertex -3.375493e+000  3.985732e+001  0.000000e+000
      vertex  3.936383e+000  3.980584e+001  0.000000e+000
      vertex  3.375493e+000  3.985732e+001  0.000000e+000
    endloop
  endfacet
  facet normal  0.000000e+000  0.000000e+000  1.000000e+000
    outer loop
      vertex -3.375493e+000  3.985732e+001  0.000000e+000
      vertex  3.375493e+000  3.985732e+001  0.000000e+000
      vertex -2.813934e+000  3.990090e+001  0.000000e+000
    endloop
  endfacet
  facet normal  -0.000000e+000  0.000000e+000  1.000000e+000
    outer loop
      vertex -2.813934e+000  3.990090e+001  0.000000e+000
      vertex  3.375493e+000  3.985732e+001  0.000000e+000
      vertex  2.813934e+000  3.990090e+001  0.000000e+000
    endloop
  endfacet
  facet normal  0.000000e+000  0.000000e+000  1.000000e+000
    outer loop
      vertex -2.813934e+000  3.990090e+001  0.000000e+000
      vertex  2.813934e+000  3.990090e+001  0.000000e+000
      vertex -2.251817e+000  3.993657e+001  0.000000e+000
    endloop
  endfacet
  facet normal  -0.000000e+000  0.000000e+000  1.000000e+000
    outer loop
      vertex -2.251817e+000  3.993657e+001  0.000000e+000
      vertex  2.813934e+000  3.990090e+001  0.000000e+000
      vertex  2.251817e+000  3.993657e+001  0.000000e+000
    endloop
  endfacet
  facet normal  0.000000e+000  0.000000e+000  1.000000e+000
    outer loop
      vertex -2.251817e+000  3.993657e+001  0.000000e+000
      vertex  2.251817e+000  3.993657e+001  0.000000e+000
      vertex -1.689254e+000  3.996431e+001  0.000000e+000
    endloop
  endfacet
  facet normal  -0.000000e+000  0.000000e+000  1.000000e+000
    outer loop
      vertex -1.689254e+000  3.996431e+001  0.000000e+000
      vertex  2.251817e+000  3.993657e+001  0.000000e+000
      vertex  1.689254e+000  3.996431e+001  0.000000e+000
    endloop
  endfacet
  facet normal  0.000000e+000  0.000000e+000  1.000000e+000
    outer loop
      vertex -1.689254e+000  3.996431e+001  0.000000e+000
      vertex  1.689254e+000  3.996431e+001  0.000000e+000
      vertex -1.126355e+000  3.998414e+001  0.000000e+000
    endloop
  endfacet
  facet normal  -0.000000e+000  0.000000e+000  9.999999e-001
    outer loop
      vertex -1.126355e+000  3.998414e+001  0.000000e+000
      vertex  1.689254e+000  3.996431e+001  0.000000e+000
      vertex  1.126355e+000  3.998414e+001  0.000000e+000
    endloop
  endfacet
  facet normal  0.000000e+000  0.000000e+000  1.000000e+000
    outer loop
      vertex -1.126355e+000  3.998414e+001  0.000000e+000
      vertex  1.126355e+000  3.998414e+001  0.000000e+000
      vertex -5.632335e-001  3.999603e+001  0.000000e+000
    endloop
  endfacet
  facet normal  -0.000000e+000  0.000000e+000  1.000000e+000
    outer loop
      vertex -5.632335e-001  3.999603e+001  0.000000e+000
      vertex  1.126355e+000  3.998414e+001  0.000000e+000
      vertex  5.632335e-001  3.999603e+001  0.000000e+000
    endloop
  endfacet
  facet normal  0.000000e+000  0.000000e+000  1.000000e+000
    outer loop
      vertex -5.632335e-001  3.999603e+001  0.000000e+000
      vertex  5.632335e-001  3.999603e+001  0.000000e+000
      vertex -1.531427e-014  4.000000e+001  0.000000e+000
    endloop
  endfacet
  facet normal  0.000000e+000  0.000000e+000  1.000000e+000
    outer loop
      vertex  2.886912e+001 -2.995429e+001  0.000000e+000
      vertex -2.887972e+001 -2.995362e+001  0.000000e+000
      vertex  2.874407e+001 -2.996644e+001  0.000000e+000
    endloop
  endfacet
  facet normal  0.000000e+000  0.000000e+000  1.000000e+000
    outer loop
      vertex  2.874407e+001 -2.996644e+001  0.000000e+000
      vertex -2.887972e+001 -2.995362e+001  0.000000e+000
      vertex -2.875460e+001 -2.996511e+001  0.000000e+000
    endloop
  endfacet
  facet normal  0.000000e+000  0.000000e+000  9.999999e-001
    outer loop
      vertex  2.874407e+001 -2.996644e+001  0.000000e+000
      vertex -2.875460e+001 -2.996511e+001  0.000000e+000
      vertex  2.862002e+001 -2.998643e+001  0.000000e+000
    endloop
  endfacet
  facet normal  0.000000e+000  0.000000e+000  1.000000e+000
    outer loop
      vertex  2.862002e+001 -2.998643e+001  0.000000e+000
      vertex -2.875460e+001 -2.996511e+001  0.000000e+000
      vertex -2.863046e+001 -2.998444e+001  0.000000e+000
    endloop
  endfacet
  facet normal  0.000000e+000  0.000000e+000  9.999999e-001
    outer loop
      vertex  2.862002e+001 -2.998643e+001  0.000000e+000
      vertex -2.863046e+001 -2.998444e+001  0.000000e+000
      vertex  2.849748e+001 -3.001416e+001  0.000000e+000
    endloop
  endfacet
  facet normal  0.000000e+000  0.000000e+000  1.000000e+000
    outer loop
      vertex  2.849748e+001 -3.001416e+001  0.000000e+000
      vertex -2.863046e+001 -2.998444e+001  0.000000e+000
      vertex -2.850776e+001 -3.001152e+001  0.000000e+000
    endloop
  endfacet
  facet normal  0.000000e+000  0.000000e+000  1.000000e+000
    outer loop
      vertex  2.849748e+001 -3.001416e+001  0.000000e+000
      vertex -2.850776e+001 -3.001152e+001  0.000000e+000
      vertex  2.837692e+001 -3.004953e+001  0.000000e+000
    endloop
  endfacet
  facet normal  0.000000e+000  0.000000e+000  1.000000e+000
    outer loop
      vertex  2.837692e+001 -3.004953e+001  0.000000e+000
      vertex -2.850776e+001 -3.001152e+001  0.000000e+000
      vertex -2.838702e+001 -3.004625e+001  0.000000e+000
    endloop
  endfacet
  facet normal  0.000000e+000  0.000000e+000  1.000000e+000
    outer loop
      vertex  2.837692e+001 -3.004953e+001  0.000000e+000
      vertex -2.838702e+001 -3.004625e+001  0.000000e+000
      vertex  2.825882e+001 -3.009241e+001  0.000000e+000
    endloop
  endfacet
  facet normal  0.000000e+000  0.000000e+000  1.000000e+000
    outer loop
      vertex  2.825882e+001 -3.009241e+001  0.000000e+000
      vertex -2.838702e+001 -3.004625e+001  0.000000e+000
      vertex -2.826869e+001 -3.008850e+001  0.000000e+000
    endloop
  endfacet
  facet normal  0.000000e+000  0.000000e+000  1.000000e+000
    outer loop
      vertex  2.825882e+001 -3.009241e+001  0.000000e+000
      vertex -2.826869e+001 -3.008850e+001  0.000000e+000
      vertex  2.814364e+001 -3.014261e+001  0.000000e+000
    endloop
  endfacet
  facet normal  0.000000e+000  0.000000e+000  1.000000e+000
    outer loop
      vertex  2.814364e+001 -3.014261e+001  0.000000e+000
      vertex -2.826869e+001 -3.008850e+001  0.000000e+000
      vertex -2.815325e+001 -3.013809e+001  0.000000e+000
    endloop
  endfacet
  facet normal  0.000000e+000  0.000000e+000  1.000000e+000
    outer loop
      vertex  2.814364e+001 -3.014261e+001  0.000000e+000
      vertex -2.815325e+001 -3.013809e+001  0.000000e+000
      vertex  2.803184e+001 -3.019995e+001  0.000000e+000
    endloop
  endfacet
  facet normal  0.000000e+000  0.000000e+000  1.000000e+000
    outer loop
      vertex  2.803184e+001 -3.019995e+001  0.000000e+000
      vertex -2.815325e+001 -3.013809e+001  0.000000e+000
      vertex -2.804115e+001 -3.019484e+001  0.000000e+000
    endloop
  endfacet
  facet normal  0.000000e+000  0.000000e+000  1.000000e+000
    outer loop
      vertex  2.803184e+001 -3.019995e+001  0.000000e+000
      vertex -2.804115e+001 -3.019484e+001  0.000000e+000
      vertex  2.792387e+001 -3.026419e+001  0.000000e+000
    endloop
  endfacet
  facet normal  0.000000e+000  0.000000e+000  9.999999e-001
    outer loop
      vertex  2.792387e+001 -3.026419e+001  0.000000e+000
      vertex -2.804115e+001 -3.019484e+001  0.000000e+000
      vertex -2.793283e+001 -3.025850e+001  0.000000e+000
    endloop
  endfacet
  facet normal  0.000000e+000  0.000000e+000  9.999999e-001
    outer loop
      vertex  2.792387e+001 -3.026419e+001  0.000000e+000
      vertex -2.793283e+001 -3.025850e+001  0.000000e+000
      vertex  2.782014e+001 -3.033509e+001  0.000000e+000
    endloop
  endfacet
  facet normal  0.000000e+000  0.000000e+000  1.000000e+000
    outer loop
      vertex  2.782014e+001 -3.033509e+001  0.000000e+000
      vertex -2.793283e+001 -3.025850e+001  0.000000e+000
      vertex -2.782873e+001 -3.032885e+001  0.000000e+000
    endloop
  endfacet
  facet normal  0.000000e+000  0.000000e+000  1.000000e+000
    outer loop
      vertex  2.782014e+001 -3.033509e+001  0.000000e+000
      vertex -2.782873e+001 -3.032885e+001  0.000000e+000
      vertex  2.772107e+001 -3.041236e+001  0.000000e+000
    endloop
  endfacet
  facet normal  0.000000e+000  0.000000e+000  1.000000e+000
    outer loop
      vertex  2.772107e+001 -3.041236e+001  0.000000e+000
      vertex -2.782873e+001 -3.032885e+001  0.000000e+000
      vertex -2.772925e+001 -3.040559e+001  0.000000e+000
    endloop
  endfacet
  facet normal  0.000000e+000  0.000000e+000  1.000000e+000
    outer loop
      vertex  2.772107e+001 -3.041236e+001  0.000000e+000
      vertex -2.772925e+001 -3.040559e+001  0.000000e+000
      vertex  2.762704e+001 -3.049570e+001  0.000000e+000
    endloop
  endfacet
  facet normal  0.000000e+000  0.000000e+000  1.000000e+000
    outer loop
      vertex  2.762704e+001 -3.049570e+001  0.000000e+000
      vertex -2.772925e+001 -3.040559e+001  0.000000e+000
      vertex -2.763478e+001 -3.048843e+001  0.000000e+000
    endloop
  endfacet
  facet normal  0.000000e+000  0.000000e+000  9.999999e-001
    outer loop
      vertex  2.762704e+001 -3.049570e+001  0.000000e+000
      vertex -2.763478e+001 -3.048843e+001  0.000000e+000
      vertex  2.753843e+001 -3.058478e+001  0.000000e+000
    endloop
  endfacet
  facet normal  0.000000e+000  0.000000e+000  1.000000e+000
    outer loop
      vertex  2.753843e+001 -3.058478e+001  0.000000e+000
      vertex -2.763478e+001 -3.048843e+001  0.000000e+000
      vertex -2.754570e+001 -3.057704e+001  0.000000e+000
    endloop
  endfacet
  facet normal  0.000000e+000  0.000000e+000  1.000000e+000
    outer loop
      vertex  2.753843e+001 -3.058478e+001  0.000000e+000
      vertex -2.754570e+001 -3.057704e+001  0.000000e+000
      vertex  2.745560e+001 -3.067925e+001  0.000000e+000
    endloop
  endfacet
  facet normal  0.000000e+000  0.000000e+000  1.000000e+000
    outer loop
      vertex  2.745560e+001 -3.067925e+001  0.000000e+000
      vertex -2.754570e+001 -3.057704e+001  0.000000e+000
      vertex -2.746236e+001 -3.067107e+001  0.000000e+000
    endloop
  endfacet
  facet normal  0.000000e+000  0.000000e+000  9.999999e-001
    outer loop
      vertex  2.745560e+001 -3.067925e+001  0.000000e+000
      vertex -2.746236e+001 -3.067107e+001  0.000000e+000
      vertex  2.737885e+001 -3.077873e+001  0.000000e+000
    endloop
  endfacet
  facet normal  0.000000e+000  0.000000e+000  1.000000e+000
    outer loop
      vertex  2.737885e+001 -3.077873e+001  0.000000e+000
      vertex -2.746236e+001 -3.067107e+001  0.000000e+000
      vertex -2.738509e+001 -3.077014e+001  0.000000e+000
    endloop
  endfacet
  facet normal  0.000000e+000  0.000000e+000  1.000000e+000
    outer loop
      vertex  2.737885e+001 -3.077873e+001  0.000000e+000
      vertex -2.738509e+001 -3.077014e+001  0.000000e+000
      vertex  2.730850e+001 -3.088283e+001  0.000000e+000
    endloop
  endfacet
  facet normal  0.000000e+000  0.000000e+000  1.000000e+000
    outer loop
      vertex  2.730850e+001 -3.088283e+001  0.000000e+000
      vertex -2.738509e+001 -3.077014e+001  0.000000e+000
      vertex -2.731420e+001 -3.087387e+001  0.000000e+000
    endloop
  endfacet
  facet normal  0.000000e+000  0.000000e+000  1.000000e+000
    outer loop
      vertex  2.730850e+001 -3.088283e+001  0.000000e+000
      vertex -2.731420e+001 -3.087387e+001  0.000000e+000
      vertex  2.724483e+001 -3.099115e+001  0.000000e+000
    endloop
  endfacet
  facet normal  0.000000e+000  0.000000e+000  1.000000e+000
    outer loop
      vertex  2.724483e+001 -3.099115e+001  0.000000e+000
      vertex -2.731420e+001 -3.087387e+001  0.000000e+000
      vertex -2.724995e+001 -3.098184e+001  0.000000e+000
    endloop
  endfacet
  facet normal  0.000000e+000  0.000000e+000  9.999999e-001
    outer loop
      vertex  2.724483e+001 -3.099115e+001  0.000000e+000
      vertex -2.724995e+001 -3.098184e+001  0.000000e+000
      vertex  2.718809e+001 -3.110325e+001  0.000000e+000
    endloop
  endfacet
  facet normal  0.000000e+000  0.000000e+000  9.999999e-001
    outer loop
      vertex  2.718809e+001 -3.110325e+001  0.000000e+000
      vertex -2.724995e+001 -3.098184e+001  0.000000e+000
      vertex -2.719261e+001 -3.109364e+001  0.000000e+000
    endloop
  endfacet
  facet normal  0.000000e+000  0.000000e+000  1.000000e+000
    outer loop
      vertex  2.718809e+001 -3.110325e+001  0.000000e+000
      vertex -2.719261e+001 -3.109364e+001  0.000000e+000
      vertex  2.713850e+001 -3.121869e+001  0.000000e+000
    endloop
  endfacet
  facet normal  0.000000e+000  0.000000e+000  1.000000e+000
    outer loop
      vertex  2.713850e+001 -3.121869e+001  0.000000e+000
      vertex -2.719261e+001 -3.109364e+001  0.000000e+000
      vertex -2.714241e+001 -3.120882e+001  0.000000e+000
    endloop
  endfacet
  facet normal  0.000000e+000  0.000000e+000  1.000000e+000
    outer loop
      vertex  2.713850e+001 -3.121869e+001  0.000000e+000
      vertex -2.714241e+001 -3.120882e+001  0.000000e+000
      vertex  2.709625e+001 -3.133702e+001  0.000000e+000
    endloop
  endfacet
  facet normal  0.000000e+000  0.000000e+000  1.000000e+000
    outer loop
      vertex  2.709625e+001 -3.133702e+001  0.000000e+000
      vertex -2.714241e+001 -3.120882e+001  0.000000e+000
      vertex -2.709953e+001 -3.132692e+001  0.000000e+000
    endloop
  endfacet
  facet normal  0.000000e+000  0.000000e+000  1.000000e+000
    outer loop
      vertex  2.709625e+001 -3.133702e+001  0.000000e+000
      vertex -2.709953e+001 -3.132692e+001  0.000000e+000
      vertex  2.706152e+001 -3.145777e+001  0.000000e+000
    endloop
  endfacet
  facet normal  0.000000e+000  0.000000e+000  1.000000e+000
    outer loop
      vertex  2.706152e+001 -3.145777e+001  0.000000e+000
      vertex -2.709953e+001 -3.132692e+001  0.000000e+000
      vertex -2.706416e+001 -3.144748e+001  0.000000e+000
    endloop
  endfacet
  facet normal  0.000000e+000  0.000000e+000  1.000000e+000
    outer loop
      vertex  2.706152e+001 -3.145777e+001  0.000000e+000
      vertex -2.706416e+001 -3.144748e+001  0.000000e+000
      vertex  2.703444e+001 -3.158045e+001  0.000000e+000
    endloop
  endfacet
  facet normal  0.000000e+000  0.000000e+000  1.000000e+000
    outer loop
      vertex  2.703444e+001 -3.158045e+001  0.000000e+000
      vertex -2.706416e+001 -3.144748e+001  0.000000e+000
      vertex -2.703643e+001 -3.157002e+001  0.000000e+000
    endloop
  endfacet
  facet normal  0.000000e+000  0.000000e+000  1.000000e+000
    outer loop
      vertex  2.703444e+001 -3.158045e+001  0.000000e+000
      vertex -2.703643e+001 -3.157002e+001  0.000000e+000
      vertex  2.701511e+001 -3.170460e+001  0.000000e+000
    endloop
  endfacet
  facet normal  0.000000e+000  0.000000e+000  1.000000e+000
    outer loop
      vertex  2.701511e+001 -3.170460e+001  0.000000e+000
      vertex -2.703643e+001 -3.157002e+001  0.000000e+000
      vertex -2.701644e+001 -3.169407e+001  0.000000e+000
    endloop
  endfacet
  facet normal  0.000000e+000  0.000000e+000  1.000000e+000
    outer loop
      vertex  2.701511e+001 -3.170460e+001  0.000000e+000
      vertex -2.701644e+001 -3.169407e+001  0.000000e+000
      vertex  2.700362e+001 -3.182972e+001  0.000000e+000
    endloop
  endfacet
  facet normal  0.000000e+000  0.000000e+000  1.000000e+000
    outer loop
      vertex  2.700362e+001 -3.182972e+001  0.000000e+000
      vertex -2.701644e+001 -3.169407e+001  0.000000e+000
      vertex -2.700429e+001 -3.181912e+001  0.000000e+000
    endloop
  endfacet
  facet normal  0.000000e+000  0.000000e+000  1.000000e+000
    outer loop
      vertex  2.700362e+001 -3.182972e+001  0.000000e+000
      vertex -2.700429e+001 -3.181912e+001  0.000000e+000
      vertex  2.700001e+001 -3.195531e+001  0.000000e+000
    endloop
  endfacet
  facet normal  0.000000e+000  0.000000e+000  1.000000e+000
    outer loop
      vertex  2.700001e+001 -3.195531e+001  0.000000e+000
      vertex -2.700429e+001 -3.181912e+001  0.000000e+000
      vertex -2.700001e+001 -3.194469e+001  0.000000e+000
    endloop
  endfacet
  facet normal  0.000000e+000  0.000000e+000  1.000000e+000
    outer loop
      vertex  2.700001e+001 -3.195531e+001  0.000000e+000
      vertex -2.700001e+001 -3.194469e+001  0.000000e+000
      vertex  2.700429e+001 -3.208088e+001  0.000000e+000
    endloop
  endfacet
  facet normal  0.000000e+000  0.000000e+000  1.000000e+000
    outer loop
      vertex  2.700429e+001 -3.208088e+001  0.000000e+000
      vertex -2.700001e+001 -3.194469e+001  0.000000e+000
      vertex -2.700362e+001 -3.207028e+001  0.000000e+000
    endloop
  endfacet
  facet normal  0.000000e+000  0.000000e+000  1.000000e+000
    outer loop
      vertex  2.700429e+001 -3.208088e+001  0.000000e+000
      vertex -2.700362e+001 -3.207028e+001  0.000000e+000
      vertex  2.701644e+001 -3.220593e+001  0.000000e+000
    endloop
  endfacet
  facet normal  0.000000e+000  0.000000e+000  1.000000e+000
    outer loop
      vertex  2.701644e+001 -3.220593e+001  0.000000e+000
      vertex -2.700362e+001 -3.207028e+001  0.000000e+000
      vertex -2.701511e+001 -3.219540e+001  0.000000e+000
    endloop
  endfacet
  facet normal  0.000000e+000  0.000000e+000  1.000000e+000
    outer loop
      vertex  2.701644e+001 -3.220593e+001  0.000000e+000
      vertex -2.701511e+001 -3.219540e+001  0.000000e+000
      vertex  2.703643e+001 -3.232998e+001  0.000000e+000
    endloop
  endfacet
  facet normal  0.000000e+000  0.000000e+000  1.000000e+000
    outer loop
      vertex  2.703643e+001 -3.232998e+001  0.000000e+000
      vertex -2.701511e+001 -3.219540e+001  0.000000e+000
      vertex -2.703444e+001 -3.231955e+001  0.000000e+000
    endloop
  endfacet
  facet normal  0.000000e+000  0.000000e+000  1.000000e+000
    outer loop
      vertex  2.703643e+001 -3.232998e+001  0.000000e+000
      vertex -2.703444e+001 -3.231955e+001  0.000000e+000
      vertex  2.706416e+001 -3.245252e+001  0.000000e+000
    endloop
  endfacet
  facet normal  0.000000e+000  0.000000e+000  1.000000e+000
    outer loop
      vertex  2.706416e+001 -3.245252e+001  0.000000e+000
      vertex -2.703444e+001 -3.231955e+001  0.000000e+000
      vertex -2.706152e+001 -3.244223e+001  0.000000e+000
    endloop
  endfacet
  facet normal  0.000000e+000  0.000000e+000  1.000000e+000
    outer loop
      vertex  2.706416e+001 -3.245252e+001  0.000000e+000
      vertex -2.706152e+001 -3.244223e+001  0.000000e+000
      vertex  2.709953e+001 -3.257308e+001  0.000000e+000
    endloop
  endfacet
  facet normal  0.000000e+000  0.000000e+000  1.000000e+000
    outer loop
      vertex  2.709953e+001 -3.257308e+001  0.000000e+000
      vertex -2.706152e+001 -3.244223e+001  0.000000e+000
      vertex -2.709625e+001 -3.256298e+001  0.000000e+000
    endloop
  endfacet
  facet normal  0.000000e+000  0.000000e+000  1.000000e+000
    outer loop
      vertex  2.709953e+001 -3.257308e+001  0.000000e+000
      vertex -2.709625e+001 -3.256298e+001  0.000000e+000
      vertex  2.714241e+001 -3.269118e+001  0.000000e+000
    endloop
  endfacet
  facet normal  0.000000e+000  0.000000e+000  1.000000e+000
    outer loop
      vertex  2.714241e+001 -3.269118e+001  0.000000e+000
      vertex -2.709625e+001 -3.256298e+001  0.000000e+000
      vertex -2.713850e+001 -3.268131e+001  0.000000e+000
    endloop
  endfacet
  facet normal  0.000000e+000  0.000000e+000  1.000000e+000
    outer loop
      vertex  2.714241e+001 -3.269118e+001  0.000000e+000
      vertex -2.713850e+001 -3.268131e+001  0.000000e+000
      vertex  2.719261e+001 -3.280636e+001  0.000000e+000
    endloop
  endfacet
  facet normal  0.000000e+000  0.000000e+000  1.000000e+000
    outer loop
      vertex  2.719261e+001 -3.280636e+001  0.000000e+000
      vertex -2.713850e+001 -3.268131e+001  0.000000e+000
      vertex -2.718809e+001 -3.279675e+001  0.000000e+000
    endloop
  endfacet
  facet normal  0.000000e+000  0.000000e+000  1.000000e+000
    outer loop
      vertex  2.719261e+001 -3.280636e+001  0.000000e+000
      vertex -2.718809e+001 -3.279675e+001  0.000000e+000
      vertex  2.724995e+001 -3.291816e+001  0.000000e+000
    endloop
  endfacet
  facet normal  0.000000e+000  0.000000e+000  1.000000e+000
    outer loop
      vertex  2.724995e+001 -3.291816e+001  0.000000e+000
      vertex -2.718809e+001 -3.279675e+001  0.000000e+000
      vertex -2.724483e+001 -3.290885e+001  0.000000e+000
    endloop
  endfacet
  facet normal  0.000000e+000  0.000000e+000  1.000000e+000
    outer loop
      vertex  2.724995e+001 -3.291816e+001  0.000000e+000
      vertex -2.724483e+001 -3.290885e+001  0.000000e+000
      vertex  2.731420e+001 -3.302613e+001  0.000000e+000
    endloop
  endfacet
  facet normal  0.000000e+000  0.000000e+000  1.000000e+000
    outer loop
      vertex  2.731420e+001 -3.302613e+001  0.000000e+000
      vertex -2.724483e+001 -3.290885e+001  0.000000e+000
      vertex -2.730850e+001 -3.301717e+001  0.000000e+000
    endloop
  endfacet
  facet normal  0.000000e+000  0.000000e+000  1.000000e+000
    outer loop
      vertex  2.731420e+001 -3.302613e+001  0.000000e+000
      vertex -2.730850e+001 -3.301717e+001  0.000000e+000
      vertex  2.738509e+001 -3.312986e+001  0.000000e+000
    endloop
  endfacet
  facet normal  0.000000e+000  0.000000e+000  1.000000e+000
    outer loop
      vertex  2.738509e+001 -3.312986e+001  0.000000e+000
      vertex -2.730850e+001 -3.301717e+001  0.000000e+000
      vertex -2.737885e+001 -3.312127e+001  0.000000e+000
    endloop
  endfacet
  facet normal  0.000000e+000  0.000000e+000  1.000000e+000
    outer loop
      vertex  2.738509e+001 -3.312986e+001  0.000000e+000
      vertex -2.737885e+001 -3.312127e+001  0.000000e+000
      vertex  2.746236e+001 -3.322894e+001  0.000000e+000
    endloop
  endfacet
  facet normal  0.000000e+000  0.000000e+000  1.000000e+000
    outer loop
      vertex  2.746236e+001 -3.322894e+001  0.000000e+000
      vertex -2.737885e+001 -3.312127e+001  0.000000e+000
      vertex -2.745560e+001 -3.322075e+001  0.000000e+000
    endloop
  endfacet
  facet normal  0.000000e+000  0.000000e+000  1.000000e+000
    outer loop
      vertex  2.746236e+001 -3.322894e+001  0.000000e+000
      vertex -2.745560e+001 -3.322075e+001  0.000000e+000
      vertex  2.754570e+001 -3.332296e+001  0.000000e+000
    endloop
  endfacet
  facet normal  0.000000e+000  0.000000e+000  1.000000e+000
    outer loop
      vertex  2.754570e+001 -3.332296e+001  0.000000e+000
      vertex -2.745560e+001 -3.322075e+001  0.000000e+000
      vertex -2.753843e+001 -3.331522e+001  0.000000e+000
    endloop
  endfacet
  facet normal  0.000000e+000  0.000000e+000  1.000000e+000
    outer loop
      vertex  2.754570e+001 -3.332296e+001  0.000000e+000
      vertex -2.753843e+001 -3.331522e+001  0.000000e+000
      vertex  2.763478e+001 -3.341157e+001  0.000000e+000
    endloop
  endfacet
  facet normal  0.000000e+000  0.000000e+000  1.000000e+000
    outer loop
      vertex  2.763478e+001 -3.341157e+001  0.000000e+000
      vertex -2.753843e+001 -3.331522e+001  0.000000e+000
      vertex -2.762704e+001 -3.340430e+001  0.000000e+000
    endloop
  endfacet
  facet normal  0.000000e+000  0.000000e+000  1.000000e+000
    outer loop
      vertex  2.763478e+001 -3.341157e+001  0.000000e+000
      vertex -2.762704e+001 -3.340430e+001  0.000000e+000
      vertex  2.772925e+001 -3.349440e+001  0.000000e+000
    endloop
  endfacet
  facet normal  0.000000e+000  0.000000e+000  1.000000e+000
    outer loop
      vertex  2.772925e+001 -3.349440e+001  0.000000e+000
      vertex -2.762704e+001 -3.340430e+001  0.000000e+000
      vertex -2.772107e+001 -3.348764e+001  0.000000e+000
    endloop
  endfacet
  facet normal  0.000000e+000  0.000000e+000  1.000000e+000
    outer loop
      vertex  2.772925e+001 -3.349440e+001  0.000000e+000
      vertex -2.772107e+001 -3.348764e+001  0.000000e+000
      vertex  2.782873e+001 -3.357115e+001  0.000000e+000
    endloop
  endfacet
  facet normal  0.000000e+000  0.000000e+000  1.000000e+000
    outer loop
      vertex  2.782873e+001 -3.357115e+001  0.000000e+000
      vertex -2.772107e+001 -3.348764e+001  0.000000e+000
      vertex -2.782014e+001 -3.356491e+001  0.000000e+000
    endloop
  endfacet
  facet normal  0.000000e+000  0.000000e+000  1.000000e+000
    outer loop
      vertex  2.782873e+001 -3.357115e+001  0.000000e+000
      vertex -2.782014e+001 -3.356491e+001  0.000000e+000
      vertex  2.793283e+001 -3.364149e+001  0.000000e+000
    endloop
  endfacet
  facet normal  0.000000e+000  0.000000e+000  1.000000e+000
    outer loop
      vertex  2.793283e+001 -3.364149e+001  0.000000e+000
      vertex -2.782014e+001 -3.356491e+001  0.000000e+000
      vertex -2.792387e+001 -3.363580e+001  0.000000e+000
    endloop
  endfacet
  facet normal  0.000000e+000  0.000000e+000  1.000000e+000
    outer loop
      vertex  2.793283e+001 -3.364149e+001  0.000000e+000
      vertex -2.792387e+001 -3.363580e+001  0.000000e+000
      vertex  2.804115e+001 -3.370517e+001  0.000000e+000
    endloop
  endfacet
  facet normal  0.000000e+000  0.000000e+000  1.000000e+000
    outer loop
      vertex  2.804115e+001 -3.370517e+001  0.000000e+000
      vertex -2.792387e+001 -3.363580e+001  0.000000e+000
      vertex -2.803184e+001 -3.370005e+001  0.000000e+000
    endloop
  endfacet
  facet normal  0.000000e+000  0.000000e+000  1.000000e+000
    outer loop
      vertex  2.804115e+001 -3.370517e+001  0.000000e+000
      vertex -2.803184e+001 -3.370005e+001  0.000000e+000
      vertex  2.815325e+001 -3.376191e+001  0.000000e+000
    endloop
  endfacet
  facet normal  0.000000e+000  0.000000e+000  1.000000e+000
    outer loop
      vertex  2.815325e+001 -3.376191e+001  0.000000e+000
      vertex -2.803184e+001 -3.370005e+001  0.000000e+000
      vertex -2.814364e+001 -3.375739e+001  0.000000e+000
    endloop
  endfacet
  facet normal  0.000000e+000  0.000000e+000  1.000000e+000
    outer loop
      vertex  2.815325e+001 -3.376191e+001  0.000000e+000
      vertex -2.814364e+001 -3.375739e+001  0.000000e+000
      vertex  2.826869e+001 -3.381150e+001  0.000000e+000
    endloop
  endfacet
  facet normal  0.000000e+000  0.000000e+000  1.000000e+000
    outer loop
      vertex  2.826869e+001 -3.381150e+001  0.000000e+000
      vertex -2.814364e+001 -3.375739e+001  0.000000e+000
      vertex -2.825882e+001 -3.380759e+001  0.000000e+000
    endloop
  endfacet
  facet normal  0.000000e+000  0.000000e+000  9.999999e-001
    outer loop
      vertex  2.826869e+001 -3.381150e+001  0.000000e+000
      vertex -2.825882e+001 -3.380759e+001  0.000000e+000
      vertex  2.838702e+001 -3.385375e+001  0.000000e+000
    endloop
  endfacet
  facet normal  0.000000e+000  0.000000e+000  1.000000e+000
    outer loop
      vertex  2.838702e+001 -3.385375e+001  0.000000e+000
      vertex -2.825882e+001 -3.380759e+001  0.000000e+000
      vertex -2.837692e+001 -3.385046e+001  0.000000e+000
    endloop
  endfacet
  facet normal  0.000000e+000  0.000000e+000  9.999999e-001
    outer loop
      vertex  2.838702e+001 -3.385375e+001  0.000000e+000
      vertex -2.837692e+001 -3.385046e+001  0.000000e+000
      vertex  2.850776e+001 -3.388848e+001  0.000000e+000
    endloop
  endfacet
  facet normal  0.000000e+000  0.000000e+000  1.000000e+000
    outer loop
      vertex  2.850776e+001 -3.388848e+001  0.000000e+000
      vertex -2.837692e+001 -3.385046e+001  0.000000e+000
      vertex -2.849748e+001 -3.388584e+001  0.000000e+000
    endloop
  endfacet
  facet normal  0.000000e+000  0.000000e+000  1.000000e+000
    outer loop
      vertex  2.850776e+001 -3.388848e+001  0.000000e+000
      vertex -2.849748e+001 -3.388584e+001  0.000000e+000
      vertex  2.863046e+001 -3.391556e+001  0.000000e+000
    endloop
  endfacet
  facet normal  0.000000e+000  0.000000e+000  1.000000e+000
    outer loop
      vertex  2.863046e+001 -3.391556e+001  0.000000e+000
      vertex -2.849748e+001 -3.388584e+001  0.000000e+000
      vertex -2.862002e+001 -3.391357e+001  0.000000e+000
    endloop
  endfacet
  facet normal  0.000000e+000  0.000000e+000  1.000000e+000
    outer loop
      vertex  2.863046e+001 -3.391556e+001  0.000000e+000
      vertex -2.862002e+001 -3.391357e+001  0.000000e+000
      vertex  2.875460e+001 -3.393489e+001  0.000000e+000
    endloop
  endfacet
  facet normal  0.000000e+000  0.000000e+000  1.000000e+000
    outer loop
      vertex  2.875460e+001 -3.393489e+001  0.000000e+000
      vertex -2.862002e+001 -3.391357e+001  0.000000e+000
      vertex -2.874407e+001 -3.393356e+001  0.000000e+000
    endloop
  endfacet
  facet normal  0.000000e+000  0.000000e+000  1.000000e+000
    outer loop
      vertex  2.875460e+001 -3.393489e+001  0.000000e+000
      vertex -2.874407e+001 -3.393356e+001  0.000000e+000
      vertex  2.887972e+001 -3.394638e+001  0.000000e+000
    endloop
  endfacet
  facet normal  0.000000e+000  0.000000e+000  1.000000e+000
    outer loop
      vertex  2.887972e+001 -3.394638e+001  0.000000e+000
      vertex -2.874407e+001 -3.393356e+001  0.000000e+000
      vertex -2.886912e+001 -3.394571e+001  0.000000e+000
    endloop
  endfacet
  facet normal  -0.000000e+000  0.000000e+000  1.000000e+000
    outer loop
      vertex  3.852524e+001  1.057685e+001  0.000000e+000
      vertex  3.453848e+001  1.054224e+001  0.000000e+000
      vertex  3.860737e+001  1.018849e+001  0.000000e+000
    endloop
  endfacet
  facet normal  0.000000e+000  0.000000e+000  1.000000e+000
    outer loop
      vertex  3.860737e+001  1.018849e+001  0.000000e+000
      vertex  3.453848e+001  1.054224e+001  0.000000e+000
      vertex  3.456556e+001  1.041955e+001  0.000000e+000
    endloop
  endfacet
  facet normal  0.000000e+000  0.000000e+000  1.000000e+000
    outer loop
      vertex  3.860737e+001  1.018849e+001  0.000000e+000
      vertex  3.456556e+001  1.041955e+001  0.000000e+000
      vertex  3.458489e+001  1.029540e+001  0.000000e+000
    endloop
  endfacet
  facet normal  -0.000000e+000  0.000000e+000  1.000000e+000
    outer loop
      vertex  3.860737e+001  1.018849e+001  0.000000e+000
      vertex  3.459638e+001  1.017028e+001  0.000000e+000
      vertex  3.868177e+001  9.798584e+000  0.000000e+000
    endloop
  endfacet
  facet normal  0.000000e+000  0.000000e+000  1.000000e+000
    outer loop
      vertex  3.868177e+001  9.798584e+000  0.000000e+000
      vertex  3.459638e+001  1.017028e+001  0.000000e+000
      vertex  3.459999e+001  1.004469e+001  0.000000e+000
    endloop
  endfacet
  facet normal  0.000000e+000  0.000000e+000  1.000000e+000
    outer loop
      vertex  3.868177e+001  9.798584e+000  0.000000e+000
      vertex  3.459999e+001  1.004469e+001  0.000000e+000
      vertex  3.459571e+001  9.919120e+000  0.000000e+000
    endloop
  endfacet
  facet normal -8.922076e-001 -4.516258e-001  0.000000e+000
    outer loop
      vertex -3.084484e+001  1.100885e+001  0.000000e+000
      vertex -3.084484e+001  1.100885e+001 -5.000000e+000
      vertex -3.078809e+001  1.089675e+001  0.000000e+000
    endloop
  endfacet
  facet normal -8.922076e-001 -4.516258e-001  -0.000000e+000
    outer loop
      vertex -3.078809e+001  1.089675e+001  0.000000e+000
      vertex -3.084484e+001  1.100885e+001 -5.000000e+000
      vertex -3.078809e+001  1.089675e+001 -5.000000e+000
    endloop
  endfacet
  facet normal -9.188043e-001 -3.947134e-001  0.000000e+000
    outer loop
      vertex -3.078809e+001  1.089675e+001  0.000000e+000
      vertex -3.078809e+001  1.089675e+001 -5.000000e+000
      vertex -3.073850e+001  1.078131e+001  0.000000e+000
    endloop
  endfacet
  facet normal -9.188043e-001 -3.947134e-001  -0.000000e+000
    outer loop
      vertex -3.073850e+001  1.078131e+001  0.000000e+000
      vertex -3.078809e+001  1.089675e+001 -5.000000e+000
      vertex -3.073850e+001  1.078131e+001 -5.000000e+000
    endloop
  endfacet
  facet normal -9.417776e-001 -3.362364e-001  0.000000e+000
    outer loop
      vertex -3.073850e+001  1.078131e+001  0.000000e+000
      vertex -3.073850e+001  1.078131e+001 -5.000000e+000
      vertex -3.069625e+001  1.066298e+001  0.000000e+000
    endloop
  endfacet
  facet normal -9.417776e-001 -3.362364e-001  -0.000000e+000
    outer loop
      vertex -3.069625e+001  1.066298e+001  0.000000e+000
      vertex -3.073850e+001  1.078131e+001 -5.000000e+000
      vertex -3.069625e+001  1.066298e+001 -5.000000e+000
    endloop
  endfacet
  facet normal -9.610309e-001 -2.764410e-001  0.000000e+000
    outer loop
      vertex -3.069625e+001  1.066298e+001  0.000000e+000
      vertex -3.069625e+001  1.066298e+001 -5.000000e+000
      vertex -3.066152e+001  1.054224e+001  0.000000e+000
    endloop
  endfacet
  facet normal -9.610309e-001 -2.764410e-001  -0.000000e+000
    outer loop
      vertex -3.066152e+001  1.054224e+001  0.000000e+000
      vertex -3.069625e+001  1.066298e+001 -5.000000e+000
      vertex -3.066152e+001  1.054224e+001 -5.000000e+000
    endloop
  endfacet
  facet normal -9.764925e-001 -2.155511e-001  0.000000e+000
    outer loop
      vertex -3.066152e+001  1.054224e+001  0.000000e+000
      vertex -3.066152e+001  1.054224e+001 -5.000000e+000
      vertex -3.063444e+001  1.041955e+001  0.000000e+000
    endloop
  endfacet
  facet normal -9.764925e-001 -2.155511e-001  -0.000000e+000
    outer loop
      vertex -3.063444e+001  1.041955e+001  0.000000e+000
      vertex -3.066152e+001  1.054224e+001 -5.000000e+000
      vertex -3.063444e+001  1.041955e+001 -5.000000e+000
    endloop
  endfacet
  facet normal -9.881004e-001 -1.538103e-001  0.000000e+000
    outer loop
      vertex -3.063444e+001  1.041955e+001  0.000000e+000
      vertex -3.063444e+001  1.041955e+001 -5.000000e+000
      vertex -3.061511e+001  1.029540e+001  0.000000e+000
    endloop
  endfacet
  facet normal -9.881004e-001 -1.538103e-001  -0.000000e+000
    outer loop
      vertex -3.061511e+001  1.029540e+001  0.000000e+000
      vertex -3.063444e+001  1.041955e+001 -5.000000e+000
      vertex -3.061511e+001  1.029540e+001 -5.000000e+000
    endloop
  endfacet
  facet normal -9.958084e-001 -9.146371e-002  0.000000e+000
    outer loop
      vertex -3.061511e+001  1.029540e+001  0.000000e+000
      vertex -3.061511e+001  1.029540e+001 -5.000000e+000
      vertex -3.060362e+001  1.017028e+001  0.000000e+000
    endloop
  endfacet
  facet normal -9.958084e-001 -9.146371e-002  -0.000000e+000
    outer loop
      vertex -3.060362e+001  1.017028e+001  0.000000e+000
      vertex -3.061511e+001  1.029540e+001 -5.000000e+000
      vertex -3.060362e+001  1.017028e+001 -5.000000e+000
    endloop
  endfacet
  facet normal -9.995861e-001 -2.876736e-002  0.000000e+000
    outer loop
      vertex -3.060362e+001  1.017028e+001  0.000000e+000
      vertex -3.060362e+001  1.017028e+001 -5.000000e+000
      vertex -3.060001e+001  1.004469e+001  0.000000e+000
    endloop
  endfacet
  facet normal -9.995861e-001 -2.876736e-002  -0.000000e+000
    outer loop
      vertex -3.060001e+001  1.004469e+001  0.000000e+000
      vertex -3.060362e+001  1.017028e+001 -5.000000e+000
      vertex -3.060001e+001  1.004469e+001 -5.000000e+000
    endloop
  endfacet
  facet normal -9.994196e-001  3.406543e-002  0.000000e+000
    outer loop
      vertex -3.060001e+001  1.004469e+001  0.000000e+000
      vertex -3.060001e+001  1.004469e+001 -5.000000e+000
      vertex -3.060429e+001  9.919120e+000  0.000000e+000
    endloop
  endfacet
  facet normal -9.994196e-001  3.406543e-002  0.000000e+000
    outer loop
      vertex -3.060429e+001  9.919120e+000  0.000000e+000
      vertex -3.060001e+001  1.004469e+001 -5.000000e+000
      vertex -3.060429e+001  9.919120e+000 -5.000000e+000
    endloop
  endfacet
  facet normal -9.953076e-001  9.676180e-002  0.000000e+000
    outer loop
      vertex -3.060429e+001  9.919120e+000  0.000000e+000
      vertex -3.060429e+001  9.919120e+000 -5.000000e+000
      vertex -3.061644e+001  9.794066e+000  0.000000e+000
    endloop
  endfacet
  facet normal -9.953076e-001  9.676180e-002  0.000000e+000
    outer loop
      vertex -3.061644e+001  9.794066e+000  0.000000e+000
      vertex -3.060429e+001  9.919120e+000 -5.000000e+000
      vertex -3.061644e+001  9.794066e+000 -5.000000e+000
    endloop
  endfacet
  facet normal -9.872708e-001  1.590484e-001  0.000000e+000
    outer loop
      vertex -3.061644e+001  9.794066e+000  0.000000e+000
      vertex -3.061644e+001  9.794066e+000 -5.000000e+000
      vertex -3.063643e+001  9.670023e+000  0.000000e+000
    endloop
  endfacet
  facet normal -9.872708e-001  1.590484e-001  0.000000e+000
    outer loop
      vertex -3.063643e+001  9.670023e+000  0.000000e+000
      vertex -3.061644e+001  9.794066e+000 -5.000000e+000
      vertex -3.063643e+001  9.670023e+000 -5.000000e+000
    endloop
  endfacet
  facet normal -9.753323e-001  2.207415e-001  0.000000e+000
    outer loop
      vertex -3.063643e+001  9.670023e+000  0.000000e+000
      vertex -3.063643e+001  9.670023e+000 -5.000000e+000
      vertex -3.066416e+001  9.547479e+000  0.000000e+000
    endloop
  endfacet
  facet normal -9.753323e-001  2.207415e-001  0.000000e+000
    outer loop
      vertex -3.066416e+001  9.547479e+000  0.000000e+000
      vertex -3.063643e+001  9.670023e+000 -5.000000e+000
      vertex -3.066416e+001  9.547479e+000 -5.000000e+000
    endloop
  endfacet
  facet normal -9.595491e-001  2.815412e-001  0.000000e+000
    outer loop
      vertex -3.066416e+001  9.547479e+000  0.000000e+000
      vertex -3.066416e+001  9.547479e+000 -5.000000e+000
      vertex -3.069954e+001  9.426918e+000  0.000000e+000
    endloop
  endfacet
  facet normal -9.595491e-001  2.815412e-001  0.000000e+000
    outer loop
      vertex -3.069954e+001  9.426918e+000  0.000000e+000
      vertex -3.066416e+001  9.547479e+000 -5.000000e+000
      vertex -3.069954e+001  9.426918e+000 -5.000000e+000
    endloop
  endfacet
  facet normal -9.399785e-001  3.412335e-001  0.000000e+000
    outer loop
      vertex -3.069954e+001  9.426918e+000  0.000000e+000
      vertex -3.069954e+001  9.426918e+000 -5.000000e+000
      vertex -3.074241e+001  9.308817e+000  0.000000e+000
    endloop
  endfacet
  facet normal -9.399785e-001  3.412335e-001  0.000000e+000
    outer loop
      vertex -3.074241e+001  9.308817e+000  0.000000e+000
      vertex -3.069954e+001  9.426918e+000 -5.000000e+000
      vertex -3.074241e+001  9.308817e+000 -5.000000e+000
    endloop
  endfacet
  facet normal -9.167022e-001  3.995714e-001  0.000000e+000
    outer loop
      vertex -3.074241e+001  9.308817e+000  0.000000e+000
      vertex -3.074241e+001  9.308817e+000 -5.000000e+000
      vertex -3.079261e+001  9.193640e+000  0.000000e+000
    endloop
  endfacet
  facet normal -9.167022e-001  3.995714e-001  0.000000e+000
    outer loop
      vertex -3.079261e+001  9.193640e+000  0.000000e+000
      vertex -3.074241e+001  9.308817e+000 -5.000000e+000
      vertex -3.079261e+001  9.193640e+000 -5.000000e+000
    endloop
  endfacet
  facet normal -8.897941e-001  4.563623e-001  0.000000e+000
    outer loop
      vertex -3.079261e+001  9.193640e+000  0.000000e+000
      vertex -3.079261e+001  9.193640e+000 -5.000000e+000
      vertex -3.084995e+001  9.081843e+000  0.000000e+000
    endloop
  endfacet
  facet normal -8.897941e-001  4.563623e-001  0.000000e+000
    outer loop
      vertex -3.084995e+001  9.081843e+000  0.000000e+000
      vertex -3.079261e+001  9.193640e+000 -5.000000e+000
      vertex -3.084995e+001  9.081843e+000 -5.000000e+000
    endloop
  endfacet
  facet normal -8.593844e-001  5.113300e-001  0.000000e+000
    outer loop
      vertex -3.084995e+001  9.081843e+000  0.000000e+000
      vertex -3.084995e+001  9.081843e+000 -5.000000e+000
      vertex -3.091420e+001  8.973867e+000  0.000000e+000
    endloop
  endfacet
  facet normal -8.593844e-001  5.113300e-001  0.000000e+000
    outer loop
      vertex -3.091420e+001  8.973867e+000  0.000000e+000
      vertex -3.084995e+001  9.081843e+000 -5.000000e+000
      vertex -3.091420e+001  8.973867e+000 -5.000000e+000
    endloop
  endfacet
  facet normal -8.255909e-001  5.642692e-001  0.000000e+000
    outer loop
      vertex -3.091420e+001  8.973867e+000  0.000000e+000
      vertex -3.091420e+001  8.973867e+000 -5.000000e+000
      vertex -3.098509e+001  8.870138e+000  0.000000e+000
    endloop
  endfacet
  facet normal -8.255909e-001  5.642692e-001  0.000000e+000
    outer loop
      vertex -3.098509e+001  8.870138e+000  0.000000e+000
      vertex -3.091420e+001  8.973867e+000 -5.000000e+000
      vertex -3.098509e+001  8.870138e+000 -5.000000e+000
    endloop
  endfacet
  facet normal -7.885255e-001  6.150020e-001  0.000000e+000
    outer loop
      vertex -3.098509e+001  8.870138e+000  0.000000e+000
      vertex -3.098509e+001  8.870138e+000 -5.000000e+000
      vertex -3.106236e+001  8.771066e+000  0.000000e+000
    endloop
  endfacet
  facet normal -7.885255e-001  6.150020e-001  0.000000e+000
    outer loop
      vertex -3.106236e+001  8.771066e+000  0.000000e+000
      vertex -3.098509e+001  8.870138e+000 -5.000000e+000
      vertex -3.106236e+001  8.771066e+000 -5.000000e+000
    endloop
  endfacet
  facet normal -7.483516e-001  6.633022e-001  0.000000e+000
    outer loop
      vertex -3.106236e+001  8.771066e+000  0.000000e+000
      vertex -3.106236e+001  8.771066e+000 -5.000000e+000
      vertex -3.114570e+001  8.677040e+000  0.000000e+000
    endloop
  endfacet
  facet normal -7.483516e-001  6.633022e-001  0.000000e+000
    outer loop
      vertex -3.114570e+001  8.677040e+000  0.000000e+000
      vertex -3.106236e+001  8.771066e+000 -5.000000e+000
      vertex -3.114570e+001  8.677040e+000 -5.000000e+000
    endloop
  endfacet
  facet normal -7.052257e-001  7.089829e-001  0.000000e+000
    outer loop
      vertex -3.114570e+001  8.677040e+000  0.000000e+000
      vertex -3.114570e+001  8.677040e+000 -5.000000e+000
      vertex -3.123478e+001  8.588433e+000  0.000000e+000
    endloop
  endfacet
  facet normal -7.052257e-001  7.089829e-001  0.000000e+000
    outer loop
      vertex -3.123478e+001  8.588433e+000  0.000000e+000
      vertex -3.114570e+001  8.677040e+000 -5.000000e+000
      vertex -3.123478e+001  8.588433e+000 -5.000000e+000
    endloop
  endfacet
  facet normal -6.593167e-001  7.518653e-001  0.000000e+000
    outer loop
      vertex -3.123478e+001  8.588433e+000  0.000000e+000
      vertex -3.123478e+001  8.588433e+000 -5.000000e+000
      vertex -3.132925e+001  8.505594e+000  0.000000e+000
    endloop
  endfacet
  facet normal -6.593167e-001  7.518653e-001  0.000000e+000
    outer loop
      vertex -3.132925e+001  8.505594e+000  0.000000e+000
      vertex -3.123478e+001  8.588433e+000 -5.000000e+000
      vertex -3.132925e+001  8.505594e+000 -5.000000e+000
    endloop
  endfacet
  facet normal -6.108044e-001  7.917815e-001  0.000000e+000
    outer loop
      vertex -3.132925e+001  8.505594e+000  0.000000e+000
      vertex -3.132925e+001  8.505594e+000 -5.000000e+000
      vertex -3.142873e+001  8.428851e+000  0.000000e+000
    endloop
  endfacet
  facet normal -6.108044e-001  7.917815e-001  0.000000e+000
    outer loop
      vertex -3.142873e+001  8.428851e+000  0.000000e+000
      vertex -3.132925e+001  8.505594e+000 -5.000000e+000
      vertex -3.142873e+001  8.428851e+000 -5.000000e+000
    endloop
  endfacet
  facet normal -5.598899e-001  8.285670e-001  0.000000e+000
    outer loop
      vertex -3.142873e+001  8.428851e+000  0.000000e+000
      vertex -3.142873e+001  8.428851e+000 -5.000000e+000
      vertex -3.153283e+001  8.358505e+000  0.000000e+000
    endloop
  endfacet
  facet normal -5.598899e-001  8.285670e-001  0.000000e+000
    outer loop
      vertex -3.153283e+001  8.358505e+000  0.000000e+000
      vertex -3.142873e+001  8.428851e+000 -5.000000e+000
      vertex -3.153283e+001  8.358505e+000 -5.000000e+000
    endloop
  endfacet
  facet normal -5.067517e-001  8.620920e-001  0.000000e+000
    outer loop
      vertex -3.153283e+001  8.358505e+000  0.000000e+000
      vertex -3.153283e+001  8.358505e+000 -5.000000e+000
      vertex -3.164115e+001  8.294835e+000  0.000000e+000
    endloop
  endfacet
  facet normal -5.067517e-001  8.620920e-001  0.000000e+000
    outer loop
      vertex -3.164115e+001  8.294835e+000  0.000000e+000
      vertex -3.153283e+001  8.358505e+000 -5.000000e+000
      vertex -3.164115e+001  8.294835e+000 -5.000000e+000
    endloop
  endfacet
  facet normal -4.516288e-001  8.922059e-001  0.000000e+000
    outer loop
      vertex -3.164115e+001  8.294835e+000  0.000000e+000
      vertex -3.164115e+001  8.294835e+000 -5.000000e+000
      vertex -3.175325e+001  8.238091e+000  0.000000e+000
    endloop
  endfacet
  facet normal -4.516288e-001  8.922059e-001  0.000000e+000
    outer loop
      vertex -3.175325e+001  8.238091e+000  0.000000e+000
      vertex -3.164115e+001  8.294835e+000 -5.000000e+000
      vertex -3.175325e+001  8.238091e+000 -5.000000e+000
    endloop
  endfacet
  facet normal -3.947106e-001  9.188055e-001  0.000000e+000
    outer loop
      vertex -3.175325e+001  8.238091e+000  0.000000e+000
      vertex -3.175325e+001  8.238091e+000 -5.000000e+000
      vertex -3.186869e+001  8.188498e+000  0.000000e+000
    endloop
  endfacet
  facet normal -3.947106e-001  9.188055e-001  0.000000e+000
    outer loop
      vertex -3.186869e+001  8.188498e+000  0.000000e+000
      vertex -3.175325e+001  8.238091e+000 -5.000000e+000
      vertex -3.186869e+001  8.188498e+000 -5.000000e+000
    endloop
  endfacet
  facet normal -3.362364e-001  9.417776e-001  0.000000e+000
    outer loop
      vertex -3.186869e+001  8.188498e+000  0.000000e+000
      vertex -3.186869e+001  8.188498e+000 -5.000000e+000
      vertex -3.198702e+001  8.146253e+000  0.000000e+000
    endloop
  endfacet
  facet normal -3.362364e-001  9.417776e-001  0.000000e+000
    outer loop
      vertex -3.198702e+001  8.146253e+000  0.000000e+000
      vertex -3.186869e+001  8.188498e+000 -5.000000e+000
      vertex -3.198702e+001  8.146253e+000 -5.000000e+000
    endloop
  endfacet
  facet normal -2.764410e-001  9.610309e-001  0.000000e+000
    outer loop
      vertex -3.198702e+001  8.146253e+000  0.000000e+000
      vertex -3.198702e+001  8.146253e+000 -5.000000e+000
      vertex -3.210777e+001  8.111520e+000  0.000000e+000
    endloop
  endfacet
  facet normal -2.764410e-001  9.610309e-001  0.000000e+000
    outer loop
      vertex -3.210777e+001  8.111520e+000  0.000000e+000
      vertex -3.198702e+001  8.146253e+000 -5.000000e+000
      vertex -3.210777e+001  8.111520e+000 -5.000000e+000
    endloop
  endfacet
  facet normal -2.155527e-001  9.764922e-001  0.000000e+000
    outer loop
      vertex -3.210777e+001  8.111520e+000  0.000000e+000
      vertex -3.210777e+001  8.111520e+000 -5.000000e+000
      vertex -3.223045e+001  8.084437e+000  0.000000e+000
    endloop
  endfacet
  facet normal -2.155527e-001  9.764922e-001  0.000000e+000
    outer loop
      vertex -3.223045e+001  8.084437e+000  0.000000e+000
      vertex -3.210777e+001  8.111520e+000 -5.000000e+000
      vertex -3.223045e+001  8.084437e+000 -5.000000e+000
    endloop
  endfacet
  facet normal -1.538091e-001  9.881005e-001  0.000000e+000
    outer loop
      vertex -3.223045e+001  8.084437e+000  0.000000e+000
      vertex -3.223045e+001  8.084437e+000 -5.000000e+000
      vertex -3.235460e+001  8.065112e+000  0.000000e+000
    endloop
  endfacet
  facet normal -1.538091e-001  9.881005e-001  0.000000e+000
    outer loop
      vertex -3.235460e+001  8.065112e+000  0.000000e+000
      vertex -3.223045e+001  8.084437e+000 -5.000000e+000
      vertex -3.235460e+001  8.065112e+000 -5.000000e+000
    endloop
  endfacet
  facet normal -9.146510e-002  9.958082e-001  0.000000e+000
    outer loop
      vertex -3.235460e+001  8.065112e+000  0.000000e+000
      vertex -3.235460e+001  8.065112e+000 -5.000000e+000
      vertex -3.247972e+001  8.053620e+000  0.000000e+000
    endloop
  endfacet
  facet normal -9.146510e-002  9.958082e-001  0.000000e+000
    outer loop
      vertex -3.247972e+001  8.053620e+000  0.000000e+000
      vertex -3.235460e+001  8.065112e+000 -5.000000e+000
      vertex -3.247972e+001  8.053620e+000 -5.000000e+000
    endloop
  endfacet
  facet normal -2.875978e-002  9.995863e-001  0.000000e+000
    outer loop
      vertex -3.247972e+001  8.053620e+000  0.000000e+000
      vertex -3.247972e+001  8.053620e+000 -5.000000e+000
      vertex -3.260531e+001  8.050007e+000  0.000000e+000
    endloop
  endfacet
  facet normal -2.875978e-002  9.995863e-001  0.000000e+000
    outer loop
      vertex -3.260531e+001  8.050007e+000  0.000000e+000
      vertex -3.247972e+001  8.053620e+000 -5.000000e+000
      vertex -3.260531e+001  8.050007e+000 -5.000000e+000
    endloop
  endfacet
  facet normal  3.406492e-002  9.994196e-001  -0.000000e+000
    outer loop
      vertex -3.260531e+001  8.050007e+000  0.000000e+000
      vertex -3.260531e+001  8.050007e+000 -5.000000e+000
      vertex -3.273088e+001  8.054287e+000  0.000000e+000
    endloop
  endfacet
  facet normal  3.406492e-002  9.994196e-001  0.000000e+000
    outer loop
      vertex -3.273088e+001  8.054287e+000  0.000000e+000
      vertex -3.260531e+001  8.050007e+000 -5.000000e+000
      vertex -3.273088e+001  8.054287e+000 -5.000000e+000
    endloop
  endfacet
  facet normal  9.675428e-002  9.953083e-001  -0.000000e+000
    outer loop
      vertex -3.273088e+001  8.054287e+000  0.000000e+000
      vertex -3.273088e+001  8.054287e+000 -5.000000e+000
      vertex -3.285593e+001  8.066443e+000  0.000000e+000
    endloop
  endfacet
  facet normal  9.675428e-002  9.953083e-001  0.000000e+000
    outer loop
      vertex -3.285593e+001  8.066443e+000  0.000000e+000
      vertex -3.273088e+001  8.054287e+000 -5.000000e+000
      vertex -3.285593e+001  8.066443e+000 -5.000000e+000
    endloop
  endfacet
  facet normal  1.590570e-001  9.872693e-001  -0.000000e+000
    outer loop
      vertex -3.285593e+001  8.066443e+000  0.000000e+000
      vertex -3.285593e+001  8.066443e+000 -5.000000e+000
      vertex -3.297998e+001  8.086428e+000  0.000000e+000
    endloop
  endfacet
  facet normal  1.590570e-001  9.872693e-001  0.000000e+000
    outer loop
      vertex -3.297998e+001  8.086428e+000  0.000000e+000
      vertex -3.285593e+001  8.066443e+000 -5.000000e+000
      vertex -3.297998e+001  8.086428e+000 -5.000000e+000
    endloop
  endfacet
  facet normal  2.207286e-001  9.753352e-001  -0.000000e+000
    outer loop
      vertex -3.297998e+001  8.086428e+000  0.000000e+000
      vertex -3.297998e+001  8.086428e+000 -5.000000e+000
      vertex -3.310252e+001  8.114161e+000  0.000000e+000
    endloop
  endfacet
  facet normal  2.207286e-001  9.753352e-001  0.000000e+000
    outer loop
      vertex -3.310252e+001  8.114161e+000  0.000000e+000
      vertex -3.297998e+001  8.086428e+000 -5.000000e+000
      vertex -3.310252e+001  8.114161e+000 -5.000000e+000
    endloop
  endfacet
  facet normal  2.815433e-001  9.595486e-001  -0.000000e+000
    outer loop
      vertex -3.310252e+001  8.114161e+000  0.000000e+000
      vertex -3.310252e+001  8.114161e+000 -5.000000e+000
      vertex -3.322308e+001  8.149534e+000  0.000000e+000
    endloop
  endfacet
  facet normal  2.815433e-001  9.595486e-001  0.000000e+000
    outer loop
      vertex -3.322308e+001  8.149534e+000  0.000000e+000
      vertex -3.310252e+001  8.114161e+000 -5.000000e+000
      vertex -3.322308e+001  8.149534e+000 -5.000000e+000
    endloop
  endfacet
  facet normal  3.412353e-001  9.399779e-001  -0.000000e+000
    outer loop
      vertex -3.322308e+001  8.149534e+000  0.000000e+000
      vertex -3.322308e+001  8.149534e+000 -5.000000e+000
      vertex -3.334118e+001  8.192409e+000  0.000000e+000
    endloop
  endfacet
  facet normal  3.412353e-001  9.399779e-001  0.000000e+000
    outer loop
      vertex -3.334118e+001  8.192409e+000  0.000000e+000
      vertex -3.322308e+001  8.149534e+000 -5.000000e+000
      vertex -3.334118e+001  8.192409e+000 -5.000000e+000
    endloop
  endfacet
  facet normal  3.995777e-001  9.166993e-001  -0.000000e+000
    outer loop
      vertex -3.334118e+001  8.192409e+000  0.000000e+000
      vertex -3.334118e+001  8.192409e+000 -5.000000e+000
      vertex -3.345636e+001  8.242613e+000  0.000000e+000
    endloop
  endfacet
  facet normal  3.995777e-001  9.166993e-001  0.000000e+000
    outer loop
      vertex -3.345636e+001  8.242613e+000  0.000000e+000
      vertex -3.334118e+001  8.192409e+000 -5.000000e+000
      vertex -3.345636e+001  8.242613e+000 -5.000000e+000
    endloop
  endfacet
  facet normal  4.563532e-001  8.897987e-001  -0.000000e+000
    outer loop
      vertex -3.345636e+001  8.242613e+000  0.000000e+000
      vertex -3.345636e+001  8.242613e+000 -5.000000e+000
      vertex -3.356816e+001  8.299951e+000  0.000000e+000
    endloop
  endfacet
  facet normal  4.563532e-001  8.897987e-001  0.000000e+000
    outer loop
      vertex -3.356816e+001  8.299951e+000  0.000000e+000
      vertex -3.345636e+001  8.242613e+000 -5.000000e+000
      vertex -3.356816e+001  8.299951e+000 -5.000000e+000
    endloop
  endfacet
  facet normal  5.113277e-001  8.593858e-001  -0.000000e+000
    outer loop
      vertex -3.356816e+001  8.299951e+000  0.000000e+000
      vertex -3.356816e+001  8.299951e+000 -5.000000e+000
      vertex -3.367613e+001  8.364195e+000  0.000000e+000
    endloop
  endfacet
  facet normal  5.113277e-001  8.593858e-001  0.000000e+000
    outer loop
      vertex -3.367613e+001  8.364195e+000  0.000000e+000
      vertex -3.356816e+001  8.299951e+000 -5.000000e+000
      vertex -3.367613e+001  8.364195e+000 -5.000000e+000
    endloop
  endfacet
  facet normal  5.642795e-001  8.255839e-001  -0.000000e+000
    outer loop
      vertex -3.367613e+001  8.364195e+000  0.000000e+000
      vertex -3.367613e+001  8.364195e+000 -5.000000e+000
      vertex -3.377986e+001  8.435093e+000  0.000000e+000
    endloop
  endfacet
  facet normal  5.642795e-001  8.255839e-001  0.000000e+000
    outer loop
      vertex -3.377986e+001  8.435093e+000  0.000000e+000
      vertex -3.367613e+001  8.364195e+000 -5.000000e+000
      vertex -3.377986e+001  8.435093e+000 -5.000000e+000
    endloop
  endfacet
  facet normal  6.150057e-001  7.885226e-001  -0.000000e+000
    outer loop
      vertex -3.377986e+001  8.435093e+000  0.000000e+000
      vertex -3.377986e+001  8.435093e+000 -5.000000e+000
      vertex -3.387893e+001  8.512363e+000  0.000000e+000
    endloop
  endfacet
  facet normal  6.150057e-001  7.885226e-001  0.000000e+000
    outer loop
      vertex -3.387893e+001  8.512363e+000  0.000000e+000
      vertex -3.377986e+001  8.435093e+000 -5.000000e+000
      vertex -3.387893e+001  8.512363e+000 -5.000000e+000
    endloop
  endfacet
  facet normal  6.632866e-001  7.483654e-001  -0.000000e+000
    outer loop
      vertex -3.387893e+001  8.512363e+000  0.000000e+000
      vertex -3.387893e+001  8.512363e+000 -5.000000e+000
      vertex -3.397296e+001  8.595702e+000  0.000000e+000
    endloop
  endfacet
  facet normal  6.632866e-001  7.483654e-001  0.000000e+000
    outer loop
      vertex -3.397296e+001  8.595702e+000  0.000000e+000
      vertex -3.387893e+001  8.512363e+000 -5.000000e+000
      vertex -3.397296e+001  8.595702e+000 -5.000000e+000
    endloop
  endfacet
  facet normal  7.089943e-001  7.052142e-001  -0.000000e+000
    outer loop
      vertex -3.397296e+001  8.595702e+000  0.000000e+000
      vertex -3.397296e+001  8.595702e+000 -5.000000e+000
      vertex -3.406157e+001  8.684781e+000  0.000000e+000
    endloop
  endfacet
  facet normal  7.089943e-001  7.052142e-001  0.000000e+000
    outer loop
      vertex -3.406157e+001  8.684781e+000  0.000000e+000
      vertex -3.397296e+001  8.595702e+000 -5.000000e+000
      vertex -3.406157e+001  8.684781e+000 -5.000000e+000
    endloop
  endfacet
  facet normal  7.518582e-001  6.593248e-001  -0.000000e+000
    outer loop
      vertex -3.406157e+001  8.684781e+000  0.000000e+000
      vertex -3.406157e+001  8.684781e+000 -5.000000e+000
      vertex -3.414441e+001  8.779247e+000  0.000000e+000
    endloop
  endfacet
  facet normal  7.518582e-001  6.593248e-001  0.000000e+000
    outer loop
      vertex -3.414441e+001  8.779247e+000  0.000000e+000
      vertex -3.406157e+001  8.684781e+000 -5.000000e+000
      vertex -3.414441e+001  8.779247e+000 -5.000000e+000
    endloop
  endfacet
  facet normal  7.917778e-001  6.108092e-001  -0.000000e+000
    outer loop
      vertex -3.414441e+001  8.779247e+000  0.000000e+000
      vertex -3.414441e+001  8.779247e+000 -5.000000e+000
      vertex -3.422115e+001  8.878729e+000  0.000000e+000
    endloop
  endfacet
  facet normal  7.917778e-001  6.108092e-001  0.000000e+000
    outer loop
      vertex -3.422115e+001  8.878729e+000  0.000000e+000
      vertex -3.414441e+001  8.779247e+000 -5.000000e+000
      vertex -3.422115e+001  8.878729e+000 -5.000000e+000
    endloop
  endfacet
  facet normal  8.285658e-001  5.598916e-001  -0.000000e+000
    outer loop
      vertex -3.422115e+001  8.878729e+000  0.000000e+000
      vertex -3.422115e+001  8.878729e+000 -5.000000e+000
      vertex -3.429150e+001  8.982833e+000  0.000000e+000
    endloop
  endfacet
  facet normal  8.285658e-001  5.598916e-001  0.000000e+000
    outer loop
      vertex -3.429150e+001  8.982833e+000  0.000000e+000
      vertex -3.422115e+001  8.878729e+000 -5.000000e+000
      vertex -3.429150e+001  8.982833e+000 -5.000000e+000
    endloop
  endfacet
  facet normal  8.621019e-001  5.067348e-001  -0.000000e+000
    outer loop
      vertex -3.429150e+001  8.982833e+000  0.000000e+000
      vertex -3.429150e+001  8.982833e+000 -5.000000e+000
      vertex -3.435516e+001  9.091149e+000  0.000000e+000
    endloop
  endfacet
  facet normal  8.621019e-001  5.067348e-001  0.000000e+000
    outer loop
      vertex -3.435516e+001  9.091149e+000  0.000000e+000
      vertex -3.429150e+001  8.982833e+000 -5.000000e+000
      vertex -3.435516e+001  9.091149e+000 -5.000000e+000
    endloop
  endfacet
  facet normal  8.922076e-001  4.516258e-001  -0.000000e+000
    outer loop
      vertex -3.435516e+001  9.091149e+000  0.000000e+000
      vertex -3.435516e+001  9.091149e+000 -5.000000e+000
      vertex -3.441191e+001  9.203249e+000  0.000000e+000
    endloop
  endfacet
  facet normal  8.922076e-001  4.516258e-001  0.000000e+000
    outer loop
      vertex -3.441191e+001  9.203249e+000  0.000000e+000
      vertex -3.435516e+001  9.091149e+000 -5.000000e+000
      vertex -3.441191e+001  9.203249e+000 -5.000000e+000
    endloop
  endfacet
  facet normal  9.187989e-001  3.947262e-001  -0.000000e+000
    outer loop
      vertex -3.441191e+001  9.203249e+000  0.000000e+000
      vertex -3.441191e+001  9.203249e+000 -5.000000e+000
      vertex -3.446150e+001  9.318690e+000  0.000000e+000
    endloop
  endfacet
  facet normal  9.187989e-001  3.947262e-001  0.000000e+000
    outer loop
      vertex -3.446150e+001  9.318690e+000  0.000000e+000
      vertex -3.441191e+001  9.203249e+000 -5.000000e+000
      vertex -3.446150e+001  9.318690e+000 -5.000000e+000
    endloop
  endfacet
  facet normal  9.417825e-001  3.362229e-001  -0.000000e+000
    outer loop
      vertex -3.446150e+001  9.318690e+000  0.000000e+000
      vertex -3.446150e+001  9.318690e+000 -5.000000e+000
      vertex -3.450375e+001  9.437018e+000  0.000000e+000
    endloop
  endfacet
  facet normal  9.417825e-001  3.362229e-001  0.000000e+000
    outer loop
      vertex -3.450375e+001  9.437018e+000  0.000000e+000
      vertex -3.446150e+001  9.318690e+000 -5.000000e+000
      vertex -3.450375e+001  9.437018e+000 -5.000000e+000
    endloop
  endfacet
  facet normal  9.610309e-001  2.764410e-001  -0.000000e+000
    outer loop
      vertex -3.450375e+001  9.437018e+000  0.000000e+000
      vertex -3.450375e+001  9.437018e+000 -5.000000e+000
      vertex -3.453848e+001  9.557765e+000  0.000000e+000
    endloop
  endfacet
  facet normal  9.610309e-001  2.764410e-001  0.000000e+000
    outer loop
      vertex -3.453848e+001  9.557765e+000  0.000000e+000
      vertex -3.450375e+001  9.437018e+000 -5.000000e+000
      vertex -3.453848e+001  9.557765e+000 -5.000000e+000
    endloop
  endfacet
  facet normal  9.764894e-001  2.155656e-001  -0.000000e+000
    outer loop
      vertex -3.453848e+001  9.557765e+000  0.000000e+000
      vertex -3.453848e+001  9.557765e+000 -5.000000e+000
      vertex -3.456556e+001  9.680454e+000  0.000000e+000
    endloop
  endfacet
  facet normal  9.764894e-001  2.155656e-001  0.000000e+000
    outer loop
      vertex -3.456556e+001  9.680454e+000  0.000000e+000
      vertex -3.453848e+001  9.557765e+000 -5.000000e+000
      vertex -3.456556e+001  9.680454e+000 -5.000000e+000
    endloop
  endfacet
  facet normal  9.881004e-001  1.538103e-001  -0.000000e+000
    outer loop
      vertex -3.456556e+001  9.680454e+000  0.000000e+000
      vertex -3.456556e+001  9.680454e+000 -5.000000e+000
      vertex -3.458489e+001  9.804603e+000  0.000000e+000
    endloop
  endfacet
  facet normal  9.881004e-001  1.538103e-001  0.000000e+000
    outer loop
      vertex -3.458489e+001  9.804603e+000  0.000000e+000
      vertex -3.456556e+001  9.680454e+000 -5.000000e+000
      vertex -3.458489e+001  9.804603e+000 -5.000000e+000
    endloop
  endfacet
  facet normal  9.958098e-001  9.144866e-002  -0.000000e+000
    outer loop
      vertex -3.458489e+001  9.804603e+000  0.000000e+000
      vertex -3.458489e+001  9.804603e+000 -5.000000e+000
      vertex -3.459638e+001  9.929719e+000  0.000000e+000
    endloop
  endfacet
  facet normal  9.958098e-001  9.144866e-002  0.000000e+000
    outer loop
      vertex -3.459638e+001  9.929719e+000  0.000000e+000
      vertex -3.458489e+001  9.804603e+000 -5.000000e+000
      vertex -3.459638e+001  9.929719e+000 -5.000000e+000
    endloop
  endfacet
  facet normal  9.995856e-001  2.878275e-002  -0.000000e+000
    outer loop
      vertex -3.459638e+001  9.929719e+000  0.000000e+000
      vertex -3.459638e+001  9.929719e+000 -5.000000e+000
      vertex -3.459999e+001  1.005531e+001  0.000000e+000
    endloop
  endfacet
  facet normal  9.995856e-001  2.878275e-002  0.000000e+000
    outer loop
      vertex -3.459999e+001  1.005531e+001  0.000000e+000
      vertex -3.459638e+001  9.929719e+000 -5.000000e+000
      vertex -3.459999e+001  1.005531e+001 -5.000000e+000
    endloop
  endfacet
  facet normal  9.994196e-001 -3.406543e-002  0.000000e+000
    outer loop
      vertex -3.459999e+001  1.005531e+001  0.000000e+000
      vertex -3.459999e+001  1.005531e+001 -5.000000e+000
      vertex -3.459571e+001  1.018088e+001  0.000000e+000
    endloop
  endfacet
  facet normal  9.994196e-001 -3.406543e-002  0.000000e+000
    outer loop
      vertex -3.459571e+001  1.018088e+001  0.000000e+000
      vertex -3.459999e+001  1.005531e+001 -5.000000e+000
      vertex -3.459571e+001  1.018088e+001 -5.000000e+000
    endloop
  endfacet
  facet normal  9.953076e-001 -9.676180e-002  0.000000e+000
    outer loop
      vertex -3.459571e+001  1.018088e+001  0.000000e+000
      vertex -3.459571e+001  1.018088e+001 -5.000000e+000
      vertex -3.458356e+001  1.030593e+001  0.000000e+000
    endloop
  endfacet
  facet normal  9.953076e-001 -9.676180e-002  0.000000e+000
    outer loop
      vertex -3.458356e+001  1.030593e+001  0.000000e+000
      vertex -3.459571e+001  1.018088e+001 -5.000000e+000
      vertex -3.458356e+001  1.030593e+001 -5.000000e+000
    endloop
  endfacet
  facet normal  9.872683e-001 -1.590632e-001  0.000000e+000
    outer loop
      vertex -3.458356e+001  1.030593e+001  0.000000e+000
      vertex -3.458356e+001  1.030593e+001 -5.000000e+000
      vertex -3.456357e+001  1.042998e+001  0.000000e+000
    endloop
  endfacet
  facet normal  9.872683e-001 -1.590632e-001  0.000000e+000
    outer loop
      vertex -3.456357e+001  1.042998e+001  0.000000e+000
      vertex -3.458356e+001  1.030593e+001 -5.000000e+000
      vertex -3.456357e+001  1.042998e+001 -5.000000e+000
    endloop
  endfacet
  facet normal  9.753356e-001 -2.207270e-001  0.000000e+000
    outer loop
      vertex -3.456357e+001  1.042998e+001  0.000000e+000
      vertex -3.456357e+001  1.042998e+001 -5.000000e+000
      vertex -3.453584e+001  1.055252e+001  0.000000e+000
    endloop
  endfacet
  facet normal  9.753356e-001 -2.207270e-001  0.000000e+000
    outer loop
      vertex -3.453584e+001  1.055252e+001  0.000000e+000
      vertex -3.456357e+001  1.042998e+001 -5.000000e+000
      vertex -3.453584e+001  1.055252e+001 -5.000000e+000
    endloop
  endfacet
  facet normal  9.595491e-001 -2.815412e-001  0.000000e+000
    outer loop
      vertex -3.453584e+001  1.055252e+001  0.000000e+000
      vertex -3.453584e+001  1.055252e+001 -5.000000e+000
      vertex -3.450047e+001  1.067308e+001  0.000000e+000
    endloop
  endfacet
  facet normal  9.595491e-001 -2.815412e-001  0.000000e+000
    outer loop
      vertex -3.450047e+001  1.067308e+001  0.000000e+000
      vertex -3.453584e+001  1.055252e+001 -5.000000e+000
      vertex -3.450047e+001  1.067308e+001 -5.000000e+000
    endloop
  endfacet
  facet normal  9.399794e-001 -3.412311e-001  0.000000e+000
    outer loop
      vertex -3.450047e+001  1.067308e+001  0.000000e+000
      vertex -3.450047e+001  1.067308e+001 -5.000000e+000
      vertex -3.445759e+001  1.079118e+001  0.000000e+000
    endloop
  endfacet
  facet normal  9.399794e-001 -3.412311e-001  0.000000e+000
    outer loop
      vertex -3.445759e+001  1.079118e+001  0.000000e+000
      vertex -3.450047e+001  1.067308e+001 -5.000000e+000
      vertex -3.445759e+001  1.079118e+001 -5.000000e+000
    endloop
  endfacet
  facet normal  9.166954e-001 -3.995869e-001  0.000000e+000
    outer loop
      vertex -3.445759e+001  1.079118e+001  0.000000e+000
      vertex -3.445759e+001  1.079118e+001 -5.000000e+000
      vertex -3.440739e+001  1.090636e+001  0.000000e+000
    endloop
  endfacet
  facet normal  9.166954e-001 -3.995869e-001  0.000000e+000
    outer loop
      vertex -3.440739e+001  1.090636e+001  0.000000e+000
      vertex -3.445759e+001  1.079118e+001 -5.000000e+000
      vertex -3.440739e+001  1.090636e+001 -5.000000e+000
    endloop
  endfacet
  facet normal  8.897957e-001 -4.563592e-001  0.000000e+000
    outer loop
      vertex -3.440739e+001  1.090636e+001  0.000000e+000
      vertex -3.440739e+001  1.090636e+001 -5.000000e+000
      vertex -3.435005e+001  1.101816e+001  0.000000e+000
    endloop
  endfacet
  facet normal  8.897957e-001 -4.563592e-001  0.000000e+000
    outer loop
      vertex -3.435005e+001  1.101816e+001  0.000000e+000
      vertex -3.440739e+001  1.090636e+001 -5.000000e+000
      vertex -3.435005e+001  1.101816e+001 -5.000000e+000
    endloop
  endfacet
  facet normal  8.593912e-001 -5.113188e-001  0.000000e+000
    outer loop
      vertex -3.435005e+001  1.101816e+001  0.000000e+000
      vertex -3.435005e+001  1.101816e+001 -5.000000e+000
      vertex -3.428580e+001  1.112613e+001  0.000000e+000
    endloop
  endfacet
  facet normal  8.593912e-001 -5.113188e-001  0.000000e+000
    outer loop
      vertex -3.428580e+001  1.112613e+001  0.000000e+000
      vertex -3.435005e+001  1.101816e+001 -5.000000e+000
      vertex -3.428580e+001  1.112613e+001 -5.000000e+000
    endloop
  endfacet
  facet normal  8.255909e-001 -5.642692e-001  0.000000e+000
    outer loop
      vertex -3.428580e+001  1.112613e+001  0.000000e+000
      vertex -3.428580e+001  1.112613e+001 -5.000000e+000
      vertex -3.421491e+001  1.122986e+001  0.000000e+000
    endloop
  endfacet
  facet normal  8.255909e-001 -5.642692e-001  0.000000e+000
    outer loop
      vertex -3.421491e+001  1.122986e+001  0.000000e+000
      vertex -3.428580e+001  1.112613e+001 -5.000000e+000
      vertex -3.421491e+001  1.122986e+001 -5.000000e+000
    endloop
  endfacet
  facet normal  7.885255e-001 -6.150020e-001  0.000000e+000
    outer loop
      vertex -3.421491e+001  1.122986e+001  0.000000e+000
      vertex -3.421491e+001  1.122986e+001 -5.000000e+000
      vertex -3.413764e+001  1.132893e+001  0.000000e+000
    endloop
  endfacet
  facet normal  7.885255e-001 -6.150020e-001  0.000000e+000
    outer loop
      vertex -3.413764e+001  1.132893e+001  0.000000e+000
      vertex -3.421491e+001  1.122986e+001 -5.000000e+000
      vertex -3.413764e+001  1.132893e+001 -5.000000e+000
    endloop
  endfacet
  facet normal  7.483516e-001 -6.633022e-001  0.000000e+000
    outer loop
      vertex -3.413764e+001  1.132893e+001  0.000000e+000
      vertex -3.413764e+001  1.132893e+001 -5.000000e+000
      vertex -3.405430e+001  1.142296e+001  0.000000e+000
    endloop
  endfacet
  facet normal  7.483516e-001 -6.633022e-001  0.000000e+000
    outer loop
      vertex -3.405430e+001  1.142296e+001  0.000000e+000
      vertex -3.413764e+001  1.132893e+001 -5.000000e+000
      vertex -3.405430e+001  1.142296e+001 -5.000000e+000
    endloop
  endfacet
  facet normal  7.052181e-001 -7.089905e-001  0.000000e+000
    outer loop
      vertex -3.405430e+001  1.142296e+001  0.000000e+000
      vertex -3.405430e+001  1.142296e+001 -5.000000e+000
      vertex -3.396522e+001  1.151157e+001  0.000000e+000
    endloop
  endfacet
  facet normal  7.052181e-001 -7.089905e-001  0.000000e+000
    outer loop
      vertex -3.396522e+001  1.151157e+001  0.000000e+000
      vertex -3.405430e+001  1.142296e+001 -5.000000e+000
      vertex -3.396522e+001  1.151157e+001 -5.000000e+000
    endloop
  endfacet
  facet normal  6.593275e-001 -7.518559e-001  0.000000e+000
    outer loop
      vertex -3.396522e+001  1.151157e+001  0.000000e+000
      vertex -3.396522e+001  1.151157e+001 -5.000000e+000
      vertex -3.387075e+001  1.159441e+001  0.000000e+000
    endloop
  endfacet
  facet normal  6.593275e-001 -7.518559e-001  0.000000e+000
    outer loop
      vertex -3.387075e+001  1.159441e+001  0.000000e+000
      vertex -3.396522e+001  1.151157e+001 -5.000000e+000
      vertex -3.387075e+001  1.159441e+001 -5.000000e+000
    endloop
  endfacet
  facet normal  6.108018e-001 -7.917835e-001  0.000000e+000
    outer loop
      vertex -3.387075e+001  1.159441e+001  0.000000e+000
      vertex -3.387075e+001  1.159441e+001 -5.000000e+000
      vertex -3.377127e+001  1.167115e+001  0.000000e+000
    endloop
  endfacet
  facet normal  6.108018e-001 -7.917835e-001  0.000000e+000
    outer loop
      vertex -3.377127e+001  1.167115e+001  0.000000e+000
      vertex -3.387075e+001  1.159441e+001 -5.000000e+000
      vertex -3.377127e+001  1.167115e+001 -5.000000e+000
    endloop
  endfacet
  facet normal  5.598899e-001 -8.285670e-001  0.000000e+000
    outer loop
      vertex -3.377127e+001  1.167115e+001  0.000000e+000
      vertex -3.377127e+001  1.167115e+001 -5.000000e+000
      vertex -3.366717e+001  1.174150e+001  0.000000e+000
    endloop
  endfacet
  facet normal  5.598899e-001 -8.285670e-001  0.000000e+000
    outer loop
      vertex -3.366717e+001  1.174150e+001  0.000000e+000
      vertex -3.377127e+001  1.167115e+001 -5.000000e+000
      vertex -3.366717e+001  1.174150e+001 -5.000000e+000
    endloop
  endfacet
  facet normal  5.067451e-001 -8.620959e-001  0.000000e+000
    outer loop
      vertex -3.366717e+001  1.174150e+001  0.000000e+000
      vertex -3.366717e+001  1.174150e+001 -5.000000e+000
      vertex -3.355885e+001  1.180517e+001  0.000000e+000
    endloop
  endfacet
  facet normal  5.067451e-001 -8.620959e-001  0.000000e+000
    outer loop
      vertex -3.355885e+001  1.180517e+001  0.000000e+000
      vertex -3.366717e+001  1.174150e+001 -5.000000e+000
      vertex -3.355885e+001  1.180517e+001 -5.000000e+000
    endloop
  endfacet
  facet normal  4.516288e-001 -8.922059e-001  0.000000e+000
    outer loop
      vertex -3.355885e+001  1.180517e+001  0.000000e+000
      vertex -3.355885e+001  1.180517e+001 -5.000000e+000
      vertex -3.344675e+001  1.186191e+001  0.000000e+000
    endloop
  endfacet
  facet normal  4.516288e-001 -8.922059e-001  0.000000e+000
    outer loop
      vertex -3.344675e+001  1.186191e+001  0.000000e+000
      vertex -3.355885e+001  1.180517e+001 -5.000000e+000
      vertex -3.344675e+001  1.186191e+001 -5.000000e+000
    endloop
  endfacet
  facet normal  3.947098e-001 -9.188059e-001  0.000000e+000
    outer loop
      vertex -3.344675e+001  1.186191e+001  0.000000e+000
      vertex -3.344675e+001  1.186191e+001 -5.000000e+000
      vertex -3.333131e+001  1.191150e+001  0.000000e+000
    endloop
  endfacet
  facet normal  3.947098e-001 -9.188059e-001  0.000000e+000
    outer loop
      vertex -3.333131e+001  1.191150e+001  0.000000e+000
      vertex -3.344675e+001  1.186191e+001 -5.000000e+000
      vertex -3.333131e+001  1.191150e+001 -5.000000e+000
    endloop
  endfacet
  facet normal  3.362364e-001 -9.417776e-001  0.000000e+000
    outer loop
      vertex -3.333131e+001  1.191150e+001  0.000000e+000
      vertex -3.333131e+001  1.191150e+001 -5.000000e+000
      vertex -3.321298e+001  1.195375e+001  0.000000e+000
    endloop
  endfacet
  facet normal  3.362364e-001 -9.417776e-001  0.000000e+000
    outer loop
      vertex -3.321298e+001  1.195375e+001  0.000000e+000
      vertex -3.333131e+001  1.191150e+001 -5.000000e+000
      vertex -3.321298e+001  1.195375e+001 -5.000000e+000
    endloop
  endfacet
  facet normal  2.764410e-001 -9.610309e-001  0.000000e+000
    outer loop
      vertex -3.321298e+001  1.195375e+001  0.000000e+000
      vertex -3.321298e+001  1.195375e+001 -5.000000e+000
      vertex -3.309224e+001  1.198848e+001  0.000000e+000
    endloop
  endfacet
  facet normal  2.764410e-001 -9.610309e-001  0.000000e+000
    outer loop
      vertex -3.309224e+001  1.198848e+001  0.000000e+000
      vertex -3.321298e+001  1.195375e+001 -5.000000e+000
      vertex -3.309224e+001  1.198848e+001 -5.000000e+000
    endloop
  endfacet
  facet normal  2.155527e-001 -9.764922e-001  0.000000e+000
    outer loop
      vertex -3.309224e+001  1.198848e+001  0.000000e+000
      vertex -3.309224e+001  1.198848e+001 -5.000000e+000
      vertex -3.296955e+001  1.201556e+001  0.000000e+000
    endloop
  endfacet
  facet normal  2.155527e-001 -9.764922e-001  0.000000e+000
    outer loop
      vertex -3.296955e+001  1.201556e+001  0.000000e+000
      vertex -3.309224e+001  1.198848e+001 -5.000000e+000
      vertex -3.296955e+001  1.201556e+001 -5.000000e+000
    endloop
  endfacet
  facet normal  1.538165e-001 -9.880994e-001  0.000000e+000
    outer loop
      vertex -3.296955e+001  1.201556e+001  0.000000e+000
      vertex -3.296955e+001  1.201556e+001 -5.000000e+000
      vertex -3.284540e+001  1.203489e+001  0.000000e+000
    endloop
  endfacet
  facet normal  1.538165e-001 -9.880994e-001  0.000000e+000
    outer loop
      vertex -3.284540e+001  1.203489e+001  0.000000e+000
      vertex -3.296955e+001  1.201556e+001 -5.000000e+000
      vertex -3.284540e+001  1.203489e+001 -5.000000e+000
    endloop
  endfacet
  facet normal  9.146234e-002 -9.958085e-001  0.000000e+000
    outer loop
      vertex -3.284540e+001  1.203489e+001  0.000000e+000
      vertex -3.284540e+001  1.203489e+001 -5.000000e+000
      vertex -3.272028e+001  1.204638e+001  0.000000e+000
    endloop
  endfacet
  facet normal  9.146234e-002 -9.958085e-001  0.000000e+000
    outer loop
      vertex -3.272028e+001  1.204638e+001  0.000000e+000
      vertex -3.284540e+001  1.203489e+001 -5.000000e+000
      vertex -3.272028e+001  1.204638e+001 -5.000000e+000
    endloop
  endfacet
  facet normal  2.875307e-002 -9.995865e-001  0.000000e+000
    outer loop
      vertex -3.272028e+001  1.204638e+001  0.000000e+000
      vertex -3.272028e+001  1.204638e+001 -5.000000e+000
      vertex -3.259469e+001  1.204999e+001  0.000000e+000
    endloop
  endfacet
  facet normal  2.875307e-002 -9.995865e-001  0.000000e+000
    outer loop
      vertex -3.259469e+001  1.204999e+001  0.000000e+000
      vertex -3.272028e+001  1.204638e+001 -5.000000e+000
      vertex -3.259469e+001  1.204999e+001 -5.000000e+000
    endloop
  endfacet
  facet normal -3.405733e-002 -9.994199e-001  0.000000e+000
    outer loop
      vertex -3.259469e+001  1.204999e+001  0.000000e+000
      vertex -3.259469e+001  1.204999e+001 -5.000000e+000
      vertex -3.246912e+001  1.204571e+001  0.000000e+000
    endloop
  endfacet
  facet normal -3.405733e-002 -9.994199e-001  -0.000000e+000
    outer loop
      vertex -3.246912e+001  1.204571e+001  0.000000e+000
      vertex -3.259469e+001  1.204999e+001 -5.000000e+000
      vertex -3.246912e+001  1.204571e+001 -5.000000e+000
    endloop
  endfacet
  facet normal -9.675428e-002 -9.953083e-001  0.000000e+000
    outer loop
      vertex -3.246912e+001  1.204571e+001  0.000000e+000
      vertex -3.246912e+001  1.204571e+001 -5.000000e+000
      vertex -3.234407e+001  1.203356e+001  0.000000e+000
    endloop
  endfacet
  facet normal -9.675428e-002 -9.953083e-001  -0.000000e+000
    outer loop
      vertex -3.234407e+001  1.203356e+001  0.000000e+000
      vertex -3.246912e+001  1.204571e+001 -5.000000e+000
      vertex -3.234407e+001  1.203356e+001 -5.000000e+000
    endloop
  endfacet
  facet normal -1.590570e-001 -9.872693e-001  0.000000e+000
    outer loop
      vertex -3.234407e+001  1.203356e+001  0.000000e+000
      vertex -3.234407e+001  1.203356e+001 -5.000000e+000
      vertex -3.222002e+001  1.201357e+001  0.000000e+000
    endloop
  endfacet
  facet normal -1.590570e-001 -9.872693e-001  -0.000000e+000
    outer loop
      vertex -3.222002e+001  1.201357e+001  0.000000e+000
      vertex -3.234407e+001  1.203356e+001 -5.000000e+000
      vertex -3.222002e+001  1.201357e+001 -5.000000e+000
    endloop
  endfacet
  facet normal -2.207359e-001 -9.753336e-001  0.000000e+000
    outer loop
      vertex -3.222002e+001  1.201357e+001  0.000000e+000
      vertex -3.222002e+001  1.201357e+001 -5.000000e+000
      vertex -3.209748e+001  1.198584e+001  0.000000e+000
    endloop
  endfacet
  facet normal -2.207359e-001 -9.753336e-001  -0.000000e+000
    outer loop
      vertex -3.209748e+001  1.198584e+001  0.000000e+000
      vertex -3.222002e+001  1.201357e+001 -5.000000e+000
      vertex -3.209748e+001  1.198584e+001 -5.000000e+000
    endloop
  endfacet
  facet normal -2.815391e-001 -9.595497e-001  0.000000e+000
    outer loop
      vertex -3.209748e+001  1.198584e+001  0.000000e+000
      vertex -3.209748e+001  1.198584e+001 -5.000000e+000
      vertex -3.197692e+001  1.195047e+001  0.000000e+000
    endloop
  endfacet
  facet normal -2.815391e-001 -9.595497e-001  -0.000000e+000
    outer loop
      vertex -3.197692e+001  1.195047e+001  0.000000e+000
      vertex -3.209748e+001  1.198584e+001 -5.000000e+000
      vertex -3.197692e+001  1.195047e+001 -5.000000e+000
    endloop
  endfacet
  facet normal -3.412287e-001 -9.399804e-001  0.000000e+000
    outer loop
      vertex -3.197692e+001  1.195047e+001  0.000000e+000
      vertex -3.197692e+001  1.195047e+001 -5.000000e+000
      vertex -3.185882e+001  1.190759e+001  0.000000e+000
    endloop
  endfacet
  facet normal -3.412287e-001 -9.399804e-001  -0.000000e+000
    outer loop
      vertex -3.185882e+001  1.190759e+001  0.000000e+000
      vertex -3.197692e+001  1.195047e+001 -5.000000e+000
      vertex -3.185882e+001  1.190759e+001 -5.000000e+000
    endloop
  endfacet
  facet normal -3.995897e-001 -9.166940e-001  0.000000e+000
    outer loop
      vertex -3.185882e+001  1.190759e+001  0.000000e+000
      vertex -3.185882e+001  1.190759e+001 -5.000000e+000
      vertex -3.174364e+001  1.185739e+001  0.000000e+000
    endloop
  endfacet
  facet normal -3.995897e-001 -9.166940e-001  -0.000000e+000
    outer loop
      vertex -3.174364e+001  1.185739e+001  0.000000e+000
      vertex -3.185882e+001  1.190759e+001 -5.000000e+000
      vertex -3.174364e+001  1.185739e+001 -5.000000e+000
    endloop
  endfacet
  facet normal -4.563532e-001 -8.897987e-001  0.000000e+000
    outer loop
      vertex -3.174364e+001  1.185739e+001  0.000000e+000
      vertex -3.174364e+001  1.185739e+001 -5.000000e+000
      vertex -3.163184e+001  1.180005e+001  0.000000e+000
    endloop
  endfacet
  facet normal -4.563532e-001 -8.897987e-001  -0.000000e+000
    outer loop
      vertex -3.163184e+001  1.180005e+001  0.000000e+000
      vertex -3.174364e+001  1.185739e+001 -5.000000e+000
      vertex -3.163184e+001  1.180005e+001 -5.000000e+000
    endloop
  endfacet
  facet normal -5.113210e-001 -8.593897e-001  0.000000e+000
    outer loop
      vertex -3.163184e+001  1.180005e+001  0.000000e+000
      vertex -3.163184e+001  1.180005e+001 -5.000000e+000
      vertex -3.152387e+001  1.173580e+001  0.000000e+000
    endloop
  endfacet
  facet normal -5.113210e-001 -8.593897e-001  -0.000000e+000
    outer loop
      vertex -3.152387e+001  1.173580e+001  0.000000e+000
      vertex -3.163184e+001  1.180005e+001 -5.000000e+000
      vertex -3.152387e+001  1.173580e+001 -5.000000e+000
    endloop
  endfacet
  facet normal -5.642743e-001 -8.255874e-001  0.000000e+000
    outer loop
      vertex -3.152387e+001  1.173580e+001  0.000000e+000
      vertex -3.152387e+001  1.173580e+001 -5.000000e+000
      vertex -3.142014e+001  1.166491e+001  0.000000e+000
    endloop
  endfacet
  facet normal -5.642743e-001 -8.255874e-001  -0.000000e+000
    outer loop
      vertex -3.142014e+001  1.166491e+001  0.000000e+000
      vertex -3.152387e+001  1.173580e+001 -5.000000e+000
      vertex -3.142014e+001  1.166491e+001 -5.000000e+000
    endloop
  endfacet
  facet normal -6.150057e-001 -7.885226e-001  0.000000e+000
    outer loop
      vertex -3.142014e+001  1.166491e+001  0.000000e+000
      vertex -3.142014e+001  1.166491e+001 -5.000000e+000
      vertex -3.132107e+001  1.158764e+001  0.000000e+000
    endloop
  endfacet
  facet normal -6.150057e-001 -7.885226e-001  -0.000000e+000
    outer loop
      vertex -3.132107e+001  1.158764e+001  0.000000e+000
      vertex -3.142014e+001  1.166491e+001 -5.000000e+000
      vertex -3.132107e+001  1.158764e+001 -5.000000e+000
    endloop
  endfacet
  facet normal -6.632984e-001 -7.483550e-001  0.000000e+000
    outer loop
      vertex -3.132107e+001  1.158764e+001  0.000000e+000
      vertex -3.132107e+001  1.158764e+001 -5.000000e+000
      vertex -3.122704e+001  1.150430e+001  0.000000e+000
    endloop
  endfacet
  facet normal -6.632984e-001 -7.483550e-001  -0.000000e+000
    outer loop
      vertex -3.122704e+001  1.150430e+001  0.000000e+000
      vertex -3.132107e+001  1.158764e+001 -5.000000e+000
      vertex -3.122704e+001  1.150430e+001 -5.000000e+000
    endloop
  endfacet
  facet normal -7.089867e-001 -7.052218e-001  0.000000e+000
    outer loop
      vertex -3.122704e+001  1.150430e+001  0.000000e+000
      vertex -3.122704e+001  1.150430e+001 -5.000000e+000
      vertex -3.113843e+001  1.141522e+001  0.000000e+000
    endloop
  endfacet
  facet normal -7.089867e-001 -7.052218e-001  -0.000000e+000
    outer loop
      vertex -3.113843e+001  1.141522e+001  0.000000e+000
      vertex -3.122704e+001  1.150430e+001 -5.000000e+000
      vertex -3.113843e+001  1.141522e+001 -5.000000e+000
    endloop
  endfacet
  facet normal -7.518658e-001 -6.593162e-001  0.000000e+000
    outer loop
      vertex -3.113843e+001  1.141522e+001  0.000000e+000
      vertex -3.113843e+001  1.141522e+001 -5.000000e+000
      vertex -3.105560e+001  1.132075e+001  0.000000e+000
    endloop
  endfacet
  facet normal -7.518658e-001 -6.593162e-001  -0.000000e+000
    outer loop
      vertex -3.105560e+001  1.132075e+001  0.000000e+000
      vertex -3.113843e+001  1.141522e+001 -5.000000e+000
      vertex -3.105560e+001  1.132075e+001 -5.000000e+000
    endloop
  endfacet
  facet normal -7.917778e-001 -6.108092e-001  0.000000e+000
    outer loop
      vertex -3.105560e+001  1.132075e+001  0.000000e+000
      vertex -3.105560e+001  1.132075e+001 -5.000000e+000
      vertex -3.097885e+001  1.122127e+001  0.000000e+000
    endloop
  endfacet
  facet normal -7.917778e-001 -6.108092e-001  -0.000000e+000
    outer loop
      vertex -3.097885e+001  1.122127e+001  0.000000e+000
      vertex -3.105560e+001  1.132075e+001 -5.000000e+000
      vertex -3.097885e+001  1.122127e+001 -5.000000e+000
    endloop
  endfacet
  facet normal -8.285658e-001 -5.598916e-001  0.000000e+000
    outer loop
      vertex -3.097885e+001  1.122127e+001  0.000000e+000
      vertex -3.097885e+001  1.122127e+001 -5.000000e+000
      vertex -3.090850e+001  1.111717e+001  0.000000e+000
    endloop
  endfacet
  facet normal -8.285658e-001 -5.598916e-001  -0.000000e+000
    outer loop
      vertex -3.090850e+001  1.111717e+001  0.000000e+000
      vertex -3.097885e+001  1.122127e+001 -5.000000e+000
      vertex -3.090850e+001  1.111717e+001 -5.000000e+000
    endloop
  endfacet
  facet normal -8.620934e-001 -5.067494e-001  0.000000e+000
    outer loop
      vertex -3.090850e+001  1.111717e+001  0.000000e+000
      vertex -3.090850e+001  1.111717e+001 -5.000000e+000
      vertex -3.084484e+001  1.100885e+001  0.000000e+000
    endloop
  endfacet
  facet normal -8.620934e-001 -5.067494e-001  -0.000000e+000
    outer loop
      vertex -3.084484e+001  1.100885e+001  0.000000e+000
      vertex -3.090850e+001  1.111717e+001 -5.000000e+000
      vertex -3.084484e+001  1.100885e+001 -5.000000e+000
    endloop
  endfacet
  facet normal -8.922059e-001  4.516288e-001  0.000000e+000
    outer loop
      vertex -2.724483e+001 -3.290885e+001 -5.000000e+000
      vertex -2.724483e+001 -3.290885e+001  0.000000e+000
      vertex -2.718809e+001 -3.279675e+001 -5.000000e+000
    endloop
  endfacet
  facet normal -8.922059e-001  4.516288e-001  0.000000e+000
    outer loop
      vertex -2.718809e+001 -3.279675e+001 -5.000000e+000
      vertex -2.724483e+001 -3.290885e+001  0.000000e+000
      vertex -2.718809e+001 -3.279675e+001  0.000000e+000
    endloop
  endfacet
  facet normal -9.188078e-001  3.947051e-001  0.000000e+000
    outer loop
      vertex -2.718809e+001 -3.279675e+001 -5.000000e+000
      vertex -2.718809e+001 -3.279675e+001  0.000000e+000
      vertex -2.713850e+001 -3.268131e+001 -5.000000e+000
    endloop
  endfacet
  facet normal -9.188078e-001  3.947051e-001  0.000000e+000
    outer loop
      vertex -2.713850e+001 -3.268131e+001 -5.000000e+000
      vertex -2.718809e+001 -3.279675e+001  0.000000e+000
      vertex -2.713850e+001 -3.268131e+001  0.000000e+000
    endloop
  endfacet
  facet normal -9.417776e-001  3.362364e-001  0.000000e+000
    outer loop
      vertex -2.713850e+001 -3.268131e+001 -5.000000e+000
      vertex -2.713850e+001 -3.268131e+001  0.000000e+000
      vertex -2.709625e+001 -3.256298e+001 -5.000000e+000
    endloop
  endfacet
  facet normal -9.417776e-001  3.362364e-001  0.000000e+000
    outer loop
      vertex -2.709625e+001 -3.256298e+001 -5.000000e+000
      vertex -2.713850e+001 -3.268131e+001  0.000000e+000
      vertex -2.709625e+001 -3.256298e+001  0.000000e+000
    endloop
  endfacet
  facet normal -9.610309e-001  2.764410e-001  0.000000e+000
    outer loop
      vertex -2.709625e+001 -3.256298e+001 -5.000000e+000
      vertex -2.709625e+001 -3.256298e+001  0.000000e+000
      vertex -2.706152e+001 -3.244223e+001 -5.000000e+000
    endloop
  endfacet
  facet normal -9.610309e-001  2.764410e-001  0.000000e+000
    outer loop
      vertex -2.706152e+001 -3.244223e+001 -5.000000e+000
      vertex -2.709625e+001 -3.256298e+001  0.000000e+000
      vertex -2.706152e+001 -3.244223e+001  0.000000e+000
    endloop
  endfacet
  facet normal -9.764922e-001  2.155527e-001  0.000000e+000
    outer loop
      vertex -2.706152e+001 -3.244223e+001 -5.000000e+000
      vertex -2.706152e+001 -3.244223e+001  0.000000e+000
      vertex -2.703444e+001 -3.231955e+001 -5.000000e+000
    endloop
  endfacet
  facet normal -9.764922e-001  2.155527e-001  0.000000e+000
    outer loop
      vertex -2.703444e+001 -3.231955e+001 -5.000000e+000
      vertex -2.706152e+001 -3.244223e+001  0.000000e+000
      vertex -2.703444e+001 -3.231955e+001  0.000000e+000
    endloop
  endfacet
  facet normal -9.881005e-001  1.538091e-001  0.000000e+000
    outer loop
      vertex -2.703444e+001 -3.231955e+001 -5.000000e+000
      vertex -2.703444e+001 -3.231955e+001  0.000000e+000
      vertex -2.701511e+001 -3.219540e+001 -5.000000e+000
    endloop
  endfacet
  facet normal -9.881005e-001  1.538091e-001  0.000000e+000
    outer loop
      vertex -2.701511e+001 -3.219540e+001 -5.000000e+000
      vertex -2.703444e+001 -3.231955e+001  0.000000e+000
      vertex -2.701511e+001 -3.219540e+001  0.000000e+000
    endloop
  endfacet
  facet normal -9.958082e-001  9.146510e-002  0.000000e+000
    outer loop
      vertex -2.701511e+001 -3.219540e+001 -5.000000e+000
      vertex -2.701511e+001 -3.219540e+001  0.000000e+000
      vertex -2.700362e+001 -3.207028e+001 -5.000000e+000
    endloop
  endfacet
  facet normal -9.958082e-001  9.146510e-002  0.000000e+000
    outer loop
      vertex -2.700362e+001 -3.207028e+001 -5.000000e+000
      vertex -2.701511e+001 -3.219540e+001  0.000000e+000
      vertex -2.700362e+001 -3.207028e+001  0.000000e+000
    endloop
  endfacet
  facet normal -9.995866e-001  2.875219e-002  0.000000e+000
    outer loop
      vertex -2.700362e+001 -3.207028e+001 -5.000000e+000
      vertex -2.700362e+001 -3.207028e+001  0.000000e+000
      vertex -2.700001e+001 -3.194469e+001 -5.000000e+000
    endloop
  endfacet
  facet normal -9.995866e-001  2.875219e-002  0.000000e+000
    outer loop
      vertex -2.700001e+001 -3.194469e+001 -5.000000e+000
      vertex -2.700362e+001 -3.207028e+001  0.000000e+000
      vertex -2.700001e+001 -3.194469e+001  0.000000e+000
    endloop
  endfacet
  facet normal -9.994196e-001 -3.406543e-002  -0.000000e+000
    outer loop
      vertex -2.700001e+001 -3.194469e+001 -5.000000e+000
      vertex -2.700001e+001 -3.194469e+001  0.000000e+000
      vertex -2.700429e+001 -3.181912e+001 -5.000000e+000
    endloop
  endfacet
  facet normal -9.994196e-001 -3.406543e-002  0.000000e+000
    outer loop
      vertex -2.700429e+001 -3.181912e+001 -5.000000e+000
      vertex -2.700001e+001 -3.194469e+001  0.000000e+000
      vertex -2.700429e+001 -3.181912e+001  0.000000e+000
    endloop
  endfacet
  facet normal -9.953091e-001 -9.674676e-002  -0.000000e+000
    outer loop
      vertex -2.700429e+001 -3.181912e+001 -5.000000e+000
      vertex -2.700429e+001 -3.181912e+001  0.000000e+000
      vertex -2.701644e+001 -3.169407e+001 -5.000000e+000
    endloop
  endfacet
  facet normal -9.953091e-001 -9.674676e-002  0.000000e+000
    outer loop
      vertex -2.701644e+001 -3.169407e+001 -5.000000e+000
      vertex -2.700429e+001 -3.181912e+001  0.000000e+000
      vertex -2.701644e+001 -3.169407e+001  0.000000e+000
    endloop
  endfacet
  facet normal -9.872710e-001 -1.590473e-001  -0.000000e+000
    outer loop
      vertex -2.701644e+001 -3.169407e+001 -5.000000e+000
      vertex -2.701644e+001 -3.169407e+001  0.000000e+000
      vertex -2.703643e+001 -3.157002e+001 -5.000000e+000
    endloop
  endfacet
  facet normal -9.872710e-001 -1.590473e-001  0.000000e+000
    outer loop
      vertex -2.703643e+001 -3.157002e+001 -5.000000e+000
      vertex -2.701644e+001 -3.169407e+001  0.000000e+000
      vertex -2.703643e+001 -3.157002e+001  0.000000e+000
    endloop
  endfacet
  facet normal -9.753320e-001 -2.207431e-001  -0.000000e+000
    outer loop
      vertex -2.703643e+001 -3.157002e+001 -5.000000e+000
      vertex -2.703643e+001 -3.157002e+001  0.000000e+000
      vertex -2.706416e+001 -3.144748e+001 -5.000000e+000
    endloop
  endfacet
  facet normal -9.753320e-001 -2.207431e-001  0.000000e+000
    outer loop
      vertex -2.706416e+001 -3.144748e+001 -5.000000e+000
      vertex -2.703643e+001 -3.157002e+001  0.000000e+000
      vertex -2.706416e+001 -3.144748e+001  0.000000e+000
    endloop
  endfacet
  facet normal -9.595497e-001 -2.815391e-001  -0.000000e+000
    outer loop
      vertex -2.706416e+001 -3.144748e+001 -5.000000e+000
      vertex -2.706416e+001 -3.144748e+001  0.000000e+000
      vertex -2.709953e+001 -3.132692e+001 -5.000000e+000
    endloop
  endfacet
  facet normal -9.595497e-001 -2.815391e-001  0.000000e+000
    outer loop
      vertex -2.709953e+001 -3.132692e+001 -5.000000e+000
      vertex -2.706416e+001 -3.144748e+001  0.000000e+000
      vertex -2.709953e+001 -3.132692e+001  0.000000e+000
    endloop
  endfacet
  facet normal -9.399785e-001 -3.412335e-001  -0.000000e+000
    outer loop
      vertex -2.709953e+001 -3.132692e+001 -5.000000e+000
      vertex -2.709953e+001 -3.132692e+001  0.000000e+000
      vertex -2.714241e+001 -3.120882e+001 -5.000000e+000
    endloop
  endfacet
  facet normal -9.399785e-001 -3.412335e-001  0.000000e+000
    outer loop
      vertex -2.714241e+001 -3.120882e+001 -5.000000e+000
      vertex -2.709953e+001 -3.132692e+001  0.000000e+000
      vertex -2.714241e+001 -3.120882e+001  0.000000e+000
    endloop
  endfacet
  facet normal -9.166965e-001 -3.995841e-001  -0.000000e+000
    outer loop
      vertex -2.714241e+001 -3.120882e+001 -5.000000e+000
      vertex -2.714241e+001 -3.120882e+001  0.000000e+000
      vertex -2.719261e+001 -3.109364e+001 -5.000000e+000
    endloop
  endfacet
  facet normal -9.166965e-001 -3.995841e-001  0.000000e+000
    outer loop
      vertex -2.719261e+001 -3.109364e+001 -5.000000e+000
      vertex -2.714241e+001 -3.120882e+001  0.000000e+000
      vertex -2.719261e+001 -3.109364e+001  0.000000e+000
    endloop
  endfacet
  facet normal -8.897986e-001 -4.563533e-001  -0.000000e+000
    outer loop
      vertex -2.719261e+001 -3.109364e+001 -5.000000e+000
      vertex -2.719261e+001 -3.109364e+001  0.000000e+000
      vertex -2.724995e+001 -3.098184e+001 -5.000000e+000
    endloop
  endfacet
  facet normal -8.897986e-001 -4.563533e-001  0.000000e+000
    outer loop
      vertex -2.724995e+001 -3.098184e+001 -5.000000e+000
      vertex -2.719261e+001 -3.109364e+001  0.000000e+000
      vertex -2.724995e+001 -3.098184e+001  0.000000e+000
    endloop
  endfacet
  facet normal -8.593864e-001 -5.113267e-001  -0.000000e+000
    outer loop
      vertex -2.724995e+001 -3.098184e+001 -5.000000e+000
      vertex -2.724995e+001 -3.098184e+001  0.000000e+000
      vertex -2.731420e+001 -3.087387e+001 -5.000000e+000
    endloop
  endfacet
  facet normal -8.593864e-001 -5.113267e-001  0.000000e+000
    outer loop
      vertex -2.731420e+001 -3.087387e+001 -5.000000e+000
      vertex -2.724995e+001 -3.098184e+001  0.000000e+000
      vertex -2.731420e+001 -3.087387e+001  0.000000e+000
    endloop
  endfacet
  facet normal -8.255909e-001 -5.642692e-001  -0.000000e+000
    outer loop
      vertex -2.731420e+001 -3.087387e+001 -5.000000e+000
      vertex -2.731420e+001 -3.087387e+001  0.000000e+000
      vertex -2.738509e+001 -3.077014e+001 -5.000000e+000
    endloop
  endfacet
  facet normal -8.255909e-001 -5.642692e-001  0.000000e+000
    outer loop
      vertex -2.738509e+001 -3.077014e+001 -5.000000e+000
      vertex -2.731420e+001 -3.087387e+001  0.000000e+000
      vertex -2.738509e+001 -3.077014e+001  0.000000e+000
    endloop
  endfacet
  facet normal -7.885153e-001 -6.150152e-001  -0.000000e+000
    outer loop
      vertex -2.738509e+001 -3.077014e+001 -5.000000e+000
      vertex -2.738509e+001 -3.077014e+001  0.000000e+000
      vertex -2.746236e+001 -3.067107e+001 -5.000000e+000
    endloop
  endfacet
  facet normal -7.885153e-001 -6.150152e-001  0.000000e+000
    outer loop
      vertex -2.746236e+001 -3.067107e+001 -5.000000e+000
      vertex -2.738509e+001 -3.077014e+001  0.000000e+000
      vertex -2.746236e+001 -3.067107e+001  0.000000e+000
    endloop
  endfacet
  facet normal -7.483626e-001 -6.632900e-001  -0.000000e+000
    outer loop
      vertex -2.746236e+001 -3.067107e+001 -5.000000e+000
      vertex -2.746236e+001 -3.067107e+001  0.000000e+000
      vertex -2.754570e+001 -3.057704e+001 -5.000000e+000
    endloop
  endfacet
  facet normal -7.483626e-001 -6.632900e-001  0.000000e+000
    outer loop
      vertex -2.754570e+001 -3.057704e+001 -5.000000e+000
      vertex -2.746236e+001 -3.067107e+001  0.000000e+000
      vertex -2.754570e+001 -3.057704e+001  0.000000e+000
    endloop
  endfacet
  facet normal -7.052218e-001 -7.089867e-001  -0.000000e+000
    outer loop
      vertex -2.754570e+001 -3.057704e+001 -5.000000e+000
      vertex -2.754570e+001 -3.057704e+001  0.000000e+000
      vertex -2.763478e+001 -3.048843e+001 -5.000000e+000
    endloop
  endfacet
  facet normal -7.052218e-001 -7.089867e-001  0.000000e+000
    outer loop
      vertex -2.763478e+001 -3.048843e+001 -5.000000e+000
      vertex -2.754570e+001 -3.057704e+001  0.000000e+000
      vertex -2.763478e+001 -3.048843e+001  0.000000e+000
    endloop
  endfacet
  facet normal -6.593210e-001 -7.518616e-001  -0.000000e+000
    outer loop
      vertex -2.763478e+001 -3.048843e+001 -5.000000e+000
      vertex -2.763478e+001 -3.048843e+001  0.000000e+000
      vertex -2.772925e+001 -3.040559e+001 -5.000000e+000
    endloop
  endfacet
  facet normal -6.593210e-001 -7.518616e-001  0.000000e+000
    outer loop
      vertex -2.772925e+001 -3.040559e+001 -5.000000e+000
      vertex -2.763478e+001 -3.048843e+001  0.000000e+000
      vertex -2.772925e+001 -3.040559e+001  0.000000e+000
    endloop
  endfacet
  facet normal -6.107997e-001 -7.917852e-001  -0.000000e+000
    outer loop
      vertex -2.772925e+001 -3.040559e+001 -5.000000e+000
      vertex -2.772925e+001 -3.040559e+001  0.000000e+000
      vertex -2.782873e+001 -3.032885e+001 -5.000000e+000
    endloop
  endfacet
  facet normal -6.107997e-001 -7.917852e-001  0.000000e+000
    outer loop
      vertex -2.782873e+001 -3.032885e+001 -5.000000e+000
      vertex -2.772925e+001 -3.040559e+001  0.000000e+000
      vertex -2.782873e+001 -3.032885e+001  0.000000e+000
    endloop
  endfacet
  facet normal -5.598951e-001 -8.285634e-001  -0.000000e+000
    outer loop
      vertex -2.782873e+001 -3.032885e+001 -5.000000e+000
      vertex -2.782873e+001 -3.032885e+001  0.000000e+000
      vertex -2.793283e+001 -3.025850e+001 -5.000000e+000
    endloop
  endfacet
  facet normal -5.598951e-001 -8.285634e-001  0.000000e+000
    outer loop
      vertex -2.793283e+001 -3.025850e+001 -5.000000e+000
      vertex -2.782873e+001 -3.032885e+001  0.000000e+000
      vertex -2.793283e+001 -3.025850e+001  0.000000e+000
    endloop
  endfacet
  facet normal -5.067461e-001 -8.620954e-001  -0.000000e+000
    outer loop
      vertex -2.793283e+001 -3.025850e+001 -5.000000e+000
      vertex -2.793283e+001 -3.025850e+001  0.000000e+000
      vertex -2.804115e+001 -3.019484e+001 -5.000000e+000
    endloop
  endfacet
  facet normal -5.067461e-001 -8.620954e-001  0.000000e+000
    outer loop
      vertex -2.804115e+001 -3.019484e+001 -5.000000e+000
      vertex -2.793283e+001 -3.025850e+001  0.000000e+000
      vertex -2.804115e+001 -3.019484e+001  0.000000e+000
    endloop
  endfacet
  facet normal -4.516288e-001 -8.922059e-001  -0.000000e+000
    outer loop
      vertex -2.804115e+001 -3.019484e+001 -5.000000e+000
      vertex -2.804115e+001 -3.019484e+001  0.000000e+000
      vertex -2.815325e+001 -3.013809e+001 -5.000000e+000
    endloop
  endfacet
  facet normal -4.516288e-001 -8.922059e-001  0.000000e+000
    outer loop
      vertex -2.815325e+001 -3.013809e+001 -5.000000e+000
      vertex -2.804115e+001 -3.019484e+001  0.000000e+000
      vertex -2.815325e+001 -3.013809e+001  0.000000e+000
    endloop
  endfacet
  facet normal -3.947106e-001 -9.188055e-001  -0.000000e+000
    outer loop
      vertex -2.815325e+001 -3.013809e+001 -5.000000e+000
      vertex -2.815325e+001 -3.013809e+001  0.000000e+000
      vertex -2.826869e+001 -3.008850e+001 -5.000000e+000
    endloop
  endfacet
  facet normal -3.947106e-001 -9.188055e-001  0.000000e+000
    outer loop
      vertex -2.826869e+001 -3.008850e+001 -5.000000e+000
      vertex -2.815325e+001 -3.013809e+001  0.000000e+000
      vertex -2.826869e+001 -3.008850e+001  0.000000e+000
    endloop
  endfacet
  facet normal -3.362364e-001 -9.417776e-001  -0.000000e+000
    outer loop
      vertex -2.826869e+001 -3.008850e+001 -5.000000e+000
      vertex -2.826869e+001 -3.008850e+001  0.000000e+000
      vertex -2.838702e+001 -3.004625e+001 -5.000000e+000
    endloop
  endfacet
  facet normal -3.362364e-001 -9.417776e-001  0.000000e+000
    outer loop
      vertex -2.838702e+001 -3.004625e+001 -5.000000e+000
      vertex -2.826869e+001 -3.008850e+001  0.000000e+000
      vertex -2.838702e+001 -3.004625e+001  0.000000e+000
    endloop
  endfacet
  facet normal -2.764410e-001 -9.610309e-001  -0.000000e+000
    outer loop
      vertex -2.838702e+001 -3.004625e+001 -5.000000e+000
      vertex -2.838702e+001 -3.004625e+001  0.000000e+000
      vertex -2.850776e+001 -3.001152e+001 -5.000000e+000
    endloop
  endfacet
  facet normal -2.764410e-001 -9.610309e-001  0.000000e+000
    outer loop
      vertex -2.850776e+001 -3.001152e+001 -5.000000e+000
      vertex -2.838702e+001 -3.004625e+001  0.000000e+000
      vertex -2.850776e+001 -3.001152e+001  0.000000e+000
    endloop
  endfacet
  facet normal -2.155495e-001 -9.764929e-001  -0.000000e+000
    outer loop
      vertex -2.850776e+001 -3.001152e+001 -5.000000e+000
      vertex -2.850776e+001 -3.001152e+001  0.000000e+000
      vertex -2.863046e+001 -2.998444e+001 -5.000000e+000
    endloop
  endfacet
  facet normal -2.155495e-001 -9.764929e-001  0.000000e+000
    outer loop
      vertex -2.863046e+001 -2.998444e+001 -5.000000e+000
      vertex -2.850776e+001 -3.001152e+001  0.000000e+000
      vertex -2.863046e+001 -2.998444e+001  0.000000e+000
    endloop
  endfacet
  facet normal -1.538114e-001 -9.881002e-001  -0.000000e+000
    outer loop
      vertex -2.863046e+001 -2.998444e+001 -5.000000e+000
      vertex -2.863046e+001 -2.998444e+001  0.000000e+000
      vertex -2.875460e+001 -2.996511e+001 -5.000000e+000
    endloop
  endfacet
  facet normal -1.538114e-001 -9.881002e-001  0.000000e+000
    outer loop
      vertex -2.875460e+001 -2.996511e+001 -5.000000e+000
      vertex -2.863046e+001 -2.998444e+001  0.000000e+000
      vertex -2.875460e+001 -2.996511e+001  0.000000e+000
    endloop
  endfacet
  facet normal -9.146371e-002 -9.958084e-001  -0.000000e+000
    outer loop
      vertex -2.875460e+001 -2.996511e+001 -5.000000e+000
      vertex -2.875460e+001 -2.996511e+001  0.000000e+000
      vertex -2.887972e+001 -2.995362e+001 -5.000000e+000
    endloop
  endfacet
  facet normal -9.146371e-002 -9.958084e-001  0.000000e+000
    outer loop
      vertex -2.887972e+001 -2.995362e+001 -5.000000e+000
      vertex -2.875460e+001 -2.996511e+001  0.000000e+000
      vertex -2.887972e+001 -2.995362e+001  0.000000e+000
    endloop
  endfacet
  facet normal -2.876736e-002 -9.995861e-001  -0.000000e+000
    outer loop
      vertex -2.887972e+001 -2.995362e+001 -5.000000e+000
      vertex -2.887972e+001 -2.995362e+001  0.000000e+000
      vertex -2.900531e+001 -2.995001e+001 -5.000000e+000
    endloop
  endfacet
  facet normal -2.876736e-002 -9.995861e-001  0.000000e+000
    outer loop
      vertex -2.900531e+001 -2.995001e+001 -5.000000e+000
      vertex -2.887972e+001 -2.995362e+001  0.000000e+000
      vertex -2.900531e+001 -2.995001e+001  0.000000e+000
    endloop
  endfacet
  facet normal  3.406543e-002 -9.994196e-001  0.000000e+000
    outer loop
      vertex -2.900531e+001 -2.995001e+001 -5.000000e+000
      vertex -2.900531e+001 -2.995001e+001  0.000000e+000
      vertex -2.913088e+001 -2.995429e+001 -5.000000e+000
    endloop
  endfacet
  facet normal  3.406543e-002 -9.994196e-001  0.000000e+000
    outer loop
      vertex -2.913088e+001 -2.995429e+001 -5.000000e+000
      vertex -2.900531e+001 -2.995001e+001  0.000000e+000
      vertex -2.913088e+001 -2.995429e+001  0.000000e+000
    endloop
  endfacet
  facet normal  9.676180e-002 -9.953076e-001  0.000000e+000
    outer loop
      vertex -2.913088e+001 -2.995429e+001 -5.000000e+000
      vertex -2.913088e+001 -2.995429e+001  0.000000e+000
      vertex -2.925593e+001 -2.996644e+001 -5.000000e+000
    endloop
  endfacet
  facet normal  9.676180e-002 -9.953076e-001  0.000000e+000
    outer loop
      vertex -2.925593e+001 -2.996644e+001 -5.000000e+000
      vertex -2.913088e+001 -2.995429e+001  0.000000e+000
      vertex -2.925593e+001 -2.996644e+001  0.000000e+000
    endloop
  endfacet
  facet normal  1.590496e-001 -9.872706e-001  0.000000e+000
    outer loop
      vertex -2.925593e+001 -2.996644e+001 -5.000000e+000
      vertex -2.925593e+001 -2.996644e+001  0.000000e+000
      vertex -2.937998e+001 -2.998643e+001 -5.000000e+000
    endloop
  endfacet
  facet normal  1.590496e-001 -9.872706e-001  0.000000e+000
    outer loop
      vertex -2.937998e+001 -2.998643e+001 -5.000000e+000
      vertex -2.925593e+001 -2.996644e+001  0.000000e+000
      vertex -2.937998e+001 -2.998643e+001  0.000000e+000
    endloop
  endfacet
  facet normal  2.207254e-001 -9.753360e-001  0.000000e+000
    outer loop
      vertex -2.937998e+001 -2.998643e+001 -5.000000e+000
      vertex -2.937998e+001 -2.998643e+001  0.000000e+000
      vertex -2.950252e+001 -3.001416e+001 -5.000000e+000
    endloop
  endfacet
  facet normal  2.207254e-001 -9.753360e-001  0.000000e+000
    outer loop
      vertex -2.950252e+001 -3.001416e+001 -5.000000e+000
      vertex -2.937998e+001 -2.998643e+001  0.000000e+000
      vertex -2.950252e+001 -3.001416e+001  0.000000e+000
    endloop
  endfacet
  facet normal  2.815433e-001 -9.595486e-001  0.000000e+000
    outer loop
      vertex -2.950252e+001 -3.001416e+001 -5.000000e+000
      vertex -2.950252e+001 -3.001416e+001  0.000000e+000
      vertex -2.962308e+001 -3.004953e+001 -5.000000e+000
    endloop
  endfacet
  facet normal  2.815433e-001 -9.595486e-001  0.000000e+000
    outer loop
      vertex -2.962308e+001 -3.004953e+001 -5.000000e+000
      vertex -2.950252e+001 -3.001416e+001  0.000000e+000
      vertex -2.962308e+001 -3.004953e+001  0.000000e+000
    endloop
  endfacet
  facet normal  3.412420e-001 -9.399754e-001  0.000000e+000
    outer loop
      vertex -2.962308e+001 -3.004953e+001 -5.000000e+000
      vertex -2.962308e+001 -3.004953e+001  0.000000e+000
      vertex -2.974118e+001 -3.009241e+001 -5.000000e+000
    endloop
  endfacet
  facet normal  3.412420e-001 -9.399754e-001  0.000000e+000
    outer loop
      vertex -2.974118e+001 -3.009241e+001 -5.000000e+000
      vertex -2.962308e+001 -3.004953e+001  0.000000e+000
      vertex -2.974118e+001 -3.009241e+001  0.000000e+000
    endloop
  endfacet
  facet normal  3.995769e-001 -9.166997e-001  0.000000e+000
    outer loop
      vertex -2.974118e+001 -3.009241e+001 -5.000000e+000
      vertex -2.974118e+001 -3.009241e+001  0.000000e+000
      vertex -2.985636e+001 -3.014261e+001 -5.000000e+000
    endloop
  endfacet
  facet normal  3.995769e-001 -9.166997e-001  0.000000e+000
    outer loop
      vertex -2.985636e+001 -3.014261e+001 -5.000000e+000
      vertex -2.974118e+001 -3.009241e+001  0.000000e+000
      vertex -2.985636e+001 -3.014261e+001  0.000000e+000
    endloop
  endfacet
  facet normal  4.563592e-001 -8.897957e-001  0.000000e+000
    outer loop
      vertex -2.985636e+001 -3.014261e+001 -5.000000e+000
      vertex -2.985636e+001 -3.014261e+001  0.000000e+000
      vertex -2.996816e+001 -3.019995e+001 -5.000000e+000
    endloop
  endfacet
  facet normal  4.563592e-001 -8.897957e-001  0.000000e+000
    outer loop
      vertex -2.996816e+001 -3.019995e+001 -5.000000e+000
      vertex -2.985636e+001 -3.014261e+001  0.000000e+000
      vertex -2.996816e+001 -3.019995e+001  0.000000e+000
    endloop
  endfacet
  facet normal  5.113154e-001 -8.593931e-001  0.000000e+000
    outer loop
      vertex -2.996816e+001 -3.019995e+001 -5.000000e+000
      vertex -2.996816e+001 -3.019995e+001  0.000000e+000
      vertex -3.007613e+001 -3.026419e+001 -5.000000e+000
    endloop
  endfacet
  facet normal  5.113154e-001 -8.593931e-001  0.000000e+000
    outer loop
      vertex -3.007613e+001 -3.026419e+001 -5.000000e+000
      vertex -2.996816e+001 -3.019995e+001  0.000000e+000
      vertex -3.007613e+001 -3.026419e+001  0.000000e+000
    endloop
  endfacet
  facet normal  5.642866e-001 -8.255790e-001  0.000000e+000
    outer loop
      vertex -3.007613e+001 -3.026419e+001 -5.000000e+000
      vertex -3.007613e+001 -3.026419e+001  0.000000e+000
      vertex -3.017986e+001 -3.033509e+001 -5.000000e+000
    endloop
  endfacet
  facet normal  5.642866e-001 -8.255790e-001  0.000000e+000
    outer loop
      vertex -3.017986e+001 -3.033509e+001 -5.000000e+000
      vertex -3.007613e+001 -3.026419e+001  0.000000e+000
      vertex -3.017986e+001 -3.033509e+001  0.000000e+000
    endloop
  endfacet
  facet normal  6.149984e-001 -7.885284e-001  0.000000e+000
    outer loop
      vertex -3.017986e+001 -3.033509e+001 -5.000000e+000
      vertex -3.017986e+001 -3.033509e+001  0.000000e+000
      vertex -3.027893e+001 -3.041236e+001 -5.000000e+000
    endloop
  endfacet
  facet normal  6.149984e-001 -7.885284e-001  0.000000e+000
    outer loop
      vertex -3.027893e+001 -3.041236e+001 -5.000000e+000
      vertex -3.017986e+001 -3.033509e+001  0.000000e+000
      vertex -3.027893e+001 -3.041236e+001  0.000000e+000
    endloop
  endfacet
  facet normal  6.633059e-001 -7.483483e-001  0.000000e+000
    outer loop
      vertex -3.027893e+001 -3.041236e+001 -5.000000e+000
      vertex -3.027893e+001 -3.041236e+001  0.000000e+000
      vertex -3.037296e+001 -3.049570e+001 -5.000000e+000
    endloop
  endfacet
  facet normal  6.633059e-001 -7.483483e-001  0.000000e+000
    outer loop
      vertex -3.037296e+001 -3.049570e+001 -5.000000e+000
      vertex -3.027893e+001 -3.041236e+001  0.000000e+000
      vertex -3.037296e+001 -3.049570e+001  0.000000e+000
    endloop
  endfacet
  facet normal  7.089791e-001 -7.052295e-001  0.000000e+000
    outer loop
      vertex -3.037296e+001 -3.049570e+001 -5.000000e+000
      vertex -3.037296e+001 -3.049570e+001  0.000000e+000
      vertex -3.046157e+001 -3.058478e+001 -5.000000e+000
    endloop
  endfacet
  facet normal  7.089791e-001 -7.052295e-001  0.000000e+000
    outer loop
      vertex -3.046157e+001 -3.058478e+001 -5.000000e+000
      vertex -3.037296e+001 -3.049570e+001  0.000000e+000
      vertex -3.046157e+001 -3.058478e+001  0.000000e+000
    endloop
  endfacet
  facet normal  7.518625e-001 -6.593199e-001  0.000000e+000
    outer loop
      vertex -3.046157e+001 -3.058478e+001 -5.000000e+000
      vertex -3.046157e+001 -3.058478e+001  0.000000e+000
      vertex -3.054440e+001 -3.067925e+001 -5.000000e+000
    endloop
  endfacet
  facet normal  7.518625e-001 -6.593199e-001  0.000000e+000
    outer loop
      vertex -3.054440e+001 -3.067925e+001 -5.000000e+000
      vertex -3.046157e+001 -3.058478e+001  0.000000e+000
      vertex -3.054440e+001 -3.067925e+001  0.000000e+000
    endloop
  endfacet
  facet normal  7.917778e-001 -6.108092e-001  0.000000e+000
    outer loop
      vertex -3.054440e+001 -3.067925e+001 -5.000000e+000
      vertex -3.054440e+001 -3.067925e+001  0.000000e+000
      vertex -3.062115e+001 -3.077873e+001 -5.000000e+000
    endloop
  endfacet
  facet normal  7.917778e-001 -6.108092e-001  0.000000e+000
    outer loop
      vertex -3.062115e+001 -3.077873e+001 -5.000000e+000
      vertex -3.054440e+001 -3.067925e+001  0.000000e+000
      vertex -3.062115e+001 -3.077873e+001  0.000000e+000
    endloop
  endfacet
  facet normal  8.285682e-001 -5.598881e-001  0.000000e+000
    outer loop
      vertex -3.062115e+001 -3.077873e+001 -5.000000e+000
      vertex -3.062115e+001 -3.077873e+001  0.000000e+000
      vertex -3.069150e+001 -3.088283e+001 -5.000000e+000
    endloop
  endfacet
  facet normal  8.285682e-001 -5.598881e-001  0.000000e+000
    outer loop
      vertex -3.069150e+001 -3.088283e+001 -5.000000e+000
      vertex -3.062115e+001 -3.077873e+001  0.000000e+000
      vertex -3.069150e+001 -3.088283e+001  0.000000e+000
    endloop
  endfacet
  facet normal  8.620915e-001 -5.067527e-001  0.000000e+000
    outer loop
      vertex -3.069150e+001 -3.088283e+001 -5.000000e+000
      vertex -3.069150e+001 -3.088283e+001  0.000000e+000
      vertex -3.075517e+001 -3.099115e+001 -5.000000e+000
    endloop
  endfacet
  facet normal  8.620915e-001 -5.067527e-001  0.000000e+000
    outer loop
      vertex -3.075517e+001 -3.099115e+001 -5.000000e+000
      vertex -3.069150e+001 -3.088283e+001  0.000000e+000
      vertex -3.075517e+001 -3.099115e+001  0.000000e+000
    endloop
  endfacet
  facet normal  8.922091e-001 -4.516227e-001  0.000000e+000
    outer loop
      vertex -3.075517e+001 -3.099115e+001 -5.000000e+000
      vertex -3.075517e+001 -3.099115e+001  0.000000e+000
      vertex -3.081191e+001 -3.110325e+001 -5.000000e+000
    endloop
  endfacet
  facet normal  8.922091e-001 -4.516227e-001  0.000000e+000
    outer loop
      vertex -3.081191e+001 -3.110325e+001 -5.000000e+000
      vertex -3.075517e+001 -3.099115e+001  0.000000e+000
      vertex -3.081191e+001 -3.110325e+001  0.000000e+000
    endloop
  endfacet
  facet normal  9.188055e-001 -3.947106e-001  0.000000e+000
    outer loop
      vertex -3.081191e+001 -3.110325e+001 -5.000000e+000
      vertex -3.081191e+001 -3.110325e+001  0.000000e+000
      vertex -3.086150e+001 -3.121869e+001 -5.000000e+000
    endloop
  endfacet
  facet normal  9.188055e-001 -3.947106e-001  0.000000e+000
    outer loop
      vertex -3.086150e+001 -3.121869e+001 -5.000000e+000
      vertex -3.081191e+001 -3.110325e+001  0.000000e+000
      vertex -3.086150e+001 -3.121869e+001  0.000000e+000
    endloop
  endfacet
  facet normal  9.417760e-001 -3.362412e-001  0.000000e+000
    outer loop
      vertex -3.086150e+001 -3.121869e+001 -5.000000e+000
      vertex -3.086150e+001 -3.121869e+001  0.000000e+000
      vertex -3.090375e+001 -3.133702e+001 -5.000000e+000
    endloop
  endfacet
  facet normal  9.417760e-001 -3.362412e-001  0.000000e+000
    outer loop
      vertex -3.090375e+001 -3.133702e+001 -5.000000e+000
      vertex -3.086150e+001 -3.121869e+001  0.000000e+000
      vertex -3.090375e+001 -3.133702e+001  0.000000e+000
    endloop
  endfacet
  facet normal  9.610322e-001 -2.764370e-001  0.000000e+000
    outer loop
      vertex -3.090375e+001 -3.133702e+001 -5.000000e+000
      vertex -3.090375e+001 -3.133702e+001  0.000000e+000
      vertex -3.093848e+001 -3.145777e+001 -5.000000e+000
    endloop
  endfacet
  facet normal  9.610322e-001 -2.764370e-001  0.000000e+000
    outer loop
      vertex -3.093848e+001 -3.145777e+001 -5.000000e+000
      vertex -3.090375e+001 -3.133702e+001  0.000000e+000
      vertex -3.093848e+001 -3.145777e+001  0.000000e+000
    endloop
  endfacet
  facet normal  9.764922e-001 -2.155527e-001  0.000000e+000
    outer loop
      vertex -3.093848e+001 -3.145777e+001 -5.000000e+000
      vertex -3.093848e+001 -3.145777e+001  0.000000e+000
      vertex -3.096556e+001 -3.158045e+001 -5.000000e+000
    endloop
  endfacet
  facet normal  9.764922e-001 -2.155527e-001  0.000000e+000
    outer loop
      vertex -3.096556e+001 -3.158045e+001 -5.000000e+000
      vertex -3.093848e+001 -3.145777e+001  0.000000e+000
      vertex -3.096556e+001 -3.158045e+001  0.000000e+000
    endloop
  endfacet
  facet normal  9.881002e-001 -1.538114e-001  0.000000e+000
    outer loop
      vertex -3.096556e+001 -3.158045e+001 -5.000000e+000
      vertex -3.096556e+001 -3.158045e+001  0.000000e+000
      vertex -3.098489e+001 -3.170460e+001 -5.000000e+000
    endloop
  endfacet
  facet normal  9.881002e-001 -1.538114e-001  0.000000e+000
    outer loop
      vertex -3.098489e+001 -3.170460e+001 -5.000000e+000
      vertex -3.096556e+001 -3.158045e+001  0.000000e+000
      vertex -3.098489e+001 -3.170460e+001  0.000000e+000
    endloop
  endfacet
  facet normal  9.958084e-001 -9.146371e-002  0.000000e+000
    outer loop
      vertex -3.098489e+001 -3.170460e+001 -5.000000e+000
      vertex -3.098489e+001 -3.170460e+001  0.000000e+000
      vertex -3.099638e+001 -3.182972e+001 -5.000000e+000
    endloop
  endfacet
  facet normal  9.958084e-001 -9.146371e-002  0.000000e+000
    outer loop
      vertex -3.099638e+001 -3.182972e+001 -5.000000e+000
      vertex -3.098489e+001 -3.170460e+001  0.000000e+000
      vertex -3.099638e+001 -3.182972e+001  0.000000e+000
    endloop
  endfacet
  facet normal  9.995866e-001 -2.875219e-002  0.000000e+000
    outer loop
      vertex -3.099638e+001 -3.182972e+001 -5.000000e+000
      vertex -3.099638e+001 -3.182972e+001  0.000000e+000
      vertex -3.099999e+001 -3.195531e+001 -5.000000e+000
    endloop
  endfacet
  facet normal  9.995866e-001 -2.875219e-002  0.000000e+000
    outer loop
      vertex -3.099999e+001 -3.195531e+001 -5.000000e+000
      vertex -3.099638e+001 -3.182972e+001  0.000000e+000
      vertex -3.099999e+001 -3.195531e+001  0.000000e+000
    endloop
  endfacet
  facet normal  9.994196e-001  3.406543e-002  0.000000e+000
    outer loop
      vertex -3.099999e+001 -3.195531e+001 -5.000000e+000
      vertex -3.099999e+001 -3.195531e+001  0.000000e+000
      vertex -3.099571e+001 -3.208088e+001 -5.000000e+000
    endloop
  endfacet
  facet normal  9.994196e-001  3.406543e-002  -0.000000e+000
    outer loop
      vertex -3.099571e+001 -3.208088e+001 -5.000000e+000
      vertex -3.099999e+001 -3.195531e+001  0.000000e+000
      vertex -3.099571e+001 -3.208088e+001  0.000000e+000
    endloop
  endfacet
  facet normal  9.953091e-001  9.674676e-002  0.000000e+000
    outer loop
      vertex -3.099571e+001 -3.208088e+001 -5.000000e+000
      vertex -3.099571e+001 -3.208088e+001  0.000000e+000
      vertex -3.098356e+001 -3.220593e+001 -5.000000e+000
    endloop
  endfacet
  facet normal  9.953091e-001  9.674676e-002  -0.000000e+000
    outer loop
      vertex -3.098356e+001 -3.220593e+001 -5.000000e+000
      vertex -3.099571e+001 -3.208088e+001  0.000000e+000
      vertex -3.098356e+001 -3.220593e+001  0.000000e+000
    endloop
  endfacet
  facet normal  9.872706e-001  1.590496e-001  0.000000e+000
    outer loop
      vertex -3.098356e+001 -3.220593e+001 -5.000000e+000
      vertex -3.098356e+001 -3.220593e+001  0.000000e+000
      vertex -3.096357e+001 -3.232998e+001 -5.000000e+000
    endloop
  endfacet
  facet normal  9.872706e-001  1.590496e-001  -0.000000e+000
    outer loop
      vertex -3.096357e+001 -3.232998e+001 -5.000000e+000
      vertex -3.098356e+001 -3.220593e+001  0.000000e+000
      vertex -3.096357e+001 -3.232998e+001  0.000000e+000
    endloop
  endfacet
  facet normal  9.753335e-001  2.207366e-001  0.000000e+000
    outer loop
      vertex -3.096357e+001 -3.232998e+001 -5.000000e+000
      vertex -3.096357e+001 -3.232998e+001  0.000000e+000
      vertex -3.093584e+001 -3.245252e+001 -5.000000e+000
    endloop
  endfacet
  facet normal  9.753335e-001  2.207366e-001  -0.000000e+000
    outer loop
      vertex -3.093584e+001 -3.245252e+001 -5.000000e+000
      vertex -3.096357e+001 -3.232998e+001  0.000000e+000
      vertex -3.093584e+001 -3.245252e+001  0.000000e+000
    endloop
  endfacet
  facet normal  9.595486e-001  2.815433e-001  0.000000e+000
    outer loop
      vertex -3.093584e+001 -3.245252e+001 -5.000000e+000
      vertex -3.093584e+001 -3.245252e+001  0.000000e+000
      vertex -3.090047e+001 -3.257308e+001 -5.000000e+000
    endloop
  endfacet
  facet normal  9.595486e-001  2.815433e-001  -0.000000e+000
    outer loop
      vertex -3.090047e+001 -3.257308e+001 -5.000000e+000
      vertex -3.093584e+001 -3.245252e+001  0.000000e+000
      vertex -3.090047e+001 -3.257308e+001  0.000000e+000
    endloop
  endfacet
  facet normal  9.399804e-001  3.412287e-001  0.000000e+000
    outer loop
      vertex -3.090047e+001 -3.257308e+001 -5.000000e+000
      vertex -3.090047e+001 -3.257308e+001  0.000000e+000
      vertex -3.085759e+001 -3.269118e+001 -5.000000e+000
    endloop
  endfacet
  facet normal  9.399804e-001  3.412287e-001  -0.000000e+000
    outer loop
      vertex -3.085759e+001 -3.269118e+001 -5.000000e+000
      vertex -3.090047e+001 -3.257308e+001  0.000000e+000
      vertex -3.085759e+001 -3.269118e+001  0.000000e+000
    endloop
  endfacet
  facet normal  9.166917e-001  3.995952e-001  0.000000e+000
    outer loop
      vertex -3.085759e+001 -3.269118e+001 -5.000000e+000
      vertex -3.085759e+001 -3.269118e+001  0.000000e+000
      vertex -3.080739e+001 -3.280636e+001 -5.000000e+000
    endloop
  endfacet
  facet normal  9.166917e-001  3.995952e-001  -0.000000e+000
    outer loop
      vertex -3.080739e+001 -3.280636e+001 -5.000000e+000
      vertex -3.085759e+001 -3.269118e+001  0.000000e+000
      vertex -3.080739e+001 -3.280636e+001  0.000000e+000
    endloop
  endfacet
  facet normal  8.898018e-001  4.563472e-001  0.000000e+000
    outer loop
      vertex -3.080739e+001 -3.280636e+001 -5.000000e+000
      vertex -3.080739e+001 -3.280636e+001  0.000000e+000
      vertex -3.075005e+001 -3.291816e+001 -5.000000e+000
    endloop
  endfacet
  facet normal  8.898018e-001  4.563472e-001  -0.000000e+000
    outer loop
      vertex -3.075005e+001 -3.291816e+001 -5.000000e+000
      vertex -3.080739e+001 -3.280636e+001  0.000000e+000
      vertex -3.075005e+001 -3.291816e+001  0.000000e+000
    endloop
  endfacet
  facet normal  8.593904e-001  5.113200e-001  0.000000e+000
    outer loop
      vertex -3.075005e+001 -3.291816e+001 -5.000000e+000
      vertex -3.075005e+001 -3.291816e+001  0.000000e+000
      vertex -3.068580e+001 -3.302613e+001 -5.000000e+000
    endloop
  endfacet
  facet normal  8.593904e-001  5.113200e-001  -0.000000e+000
    outer loop
      vertex -3.068580e+001 -3.302613e+001 -5.000000e+000
      vertex -3.075005e+001 -3.291816e+001  0.000000e+000
      vertex -3.068580e+001 -3.302613e+001  0.000000e+000
    endloop
  endfacet
  facet normal  8.255909e-001  5.642692e-001  0.000000e+000
    outer loop
      vertex -3.068580e+001 -3.302613e+001 -5.000000e+000
      vertex -3.068580e+001 -3.302613e+001  0.000000e+000
      vertex -3.061491e+001 -3.312986e+001 -5.000000e+000
    endloop
  endfacet
  facet normal  8.255909e-001  5.642692e-001  -0.000000e+000
    outer loop
      vertex -3.061491e+001 -3.312986e+001 -5.000000e+000
      vertex -3.068580e+001 -3.302613e+001  0.000000e+000
      vertex -3.061491e+001 -3.312986e+001  0.000000e+000
    endloop
  endfacet
  facet normal  7.885153e-001  6.150152e-001  0.000000e+000
    outer loop
      vertex -3.061491e+001 -3.312986e+001 -5.000000e+000
      vertex -3.061491e+001 -3.312986e+001  0.000000e+000
      vertex -3.053764e+001 -3.322894e+001 -5.000000e+000
    endloop
  endfacet
  facet normal  7.885153e-001  6.150152e-001  -0.000000e+000
    outer loop
      vertex -3.053764e+001 -3.322894e+001 -5.000000e+000
      vertex -3.061491e+001 -3.312986e+001  0.000000e+000
      vertex -3.053764e+001 -3.322894e+001  0.000000e+000
    endloop
  endfacet
  facet normal  7.483559e-001  6.632975e-001  0.000000e+000
    outer loop
      vertex -3.053764e+001 -3.322894e+001 -5.000000e+000
      vertex -3.053764e+001 -3.322894e+001  0.000000e+000
      vertex -3.045430e+001 -3.332296e+001 -5.000000e+000
    endloop
  endfacet
  facet normal  7.483559e-001  6.632975e-001  -0.000000e+000
    outer loop
      vertex -3.045430e+001 -3.332296e+001 -5.000000e+000
      vertex -3.053764e+001 -3.322894e+001  0.000000e+000
      vertex -3.045430e+001 -3.332296e+001  0.000000e+000
    endloop
  endfacet
  facet normal  7.052295e-001  7.089791e-001  0.000000e+000
    outer loop
      vertex -3.045430e+001 -3.332296e+001 -5.000000e+000
      vertex -3.045430e+001 -3.332296e+001  0.000000e+000
      vertex -3.036522e+001 -3.341157e+001 -5.000000e+000
    endloop
  endfacet
  facet normal  7.052295e-001  7.089791e-001  -0.000000e+000
    outer loop
      vertex -3.036522e+001 -3.341157e+001 -5.000000e+000
      vertex -3.045430e+001 -3.332296e+001  0.000000e+000
      vertex -3.036522e+001 -3.341157e+001  0.000000e+000
    endloop
  endfacet
  facet normal  6.593038e-001  7.518766e-001  0.000000e+000
    outer loop
      vertex -3.036522e+001 -3.341157e+001 -5.000000e+000
      vertex -3.036522e+001 -3.341157e+001  0.000000e+000
      vertex -3.027075e+001 -3.349440e+001 -5.000000e+000
    endloop
  endfacet
  facet normal  6.593038e-001  7.518766e-001  -0.000000e+000
    outer loop
      vertex -3.027075e+001 -3.349440e+001 -5.000000e+000
      vertex -3.036522e+001 -3.341157e+001  0.000000e+000
      vertex -3.027075e+001 -3.349440e+001  0.000000e+000
    endloop
  endfacet
  facet normal  6.108092e-001  7.917778e-001  0.000000e+000
    outer loop
      vertex -3.027075e+001 -3.349440e+001 -5.000000e+000
      vertex -3.027075e+001 -3.349440e+001  0.000000e+000
      vertex -3.017127e+001 -3.357115e+001 -5.000000e+000
    endloop
  endfacet
  facet normal  6.108092e-001  7.917778e-001  -0.000000e+000
    outer loop
      vertex -3.017127e+001 -3.357115e+001 -5.000000e+000
      vertex -3.027075e+001 -3.349440e+001  0.000000e+000
      vertex -3.017127e+001 -3.357115e+001  0.000000e+000
    endloop
  endfacet
  facet normal  5.598951e-001  8.285634e-001  0.000000e+000
    outer loop
      vertex -3.017127e+001 -3.357115e+001 -5.000000e+000
      vertex -3.017127e+001 -3.357115e+001  0.000000e+000
      vertex -3.006717e+001 -3.364149e+001 -5.000000e+000
    endloop
  endfacet
  facet normal  5.598951e-001  8.285634e-001  -0.000000e+000
    outer loop
      vertex -3.006717e+001 -3.364149e+001 -5.000000e+000
      vertex -3.017127e+001 -3.357115e+001  0.000000e+000
      vertex -3.006717e+001 -3.364149e+001  0.000000e+000
    endloop
  endfacet
  facet normal  5.067574e-001  8.620887e-001  0.000000e+000
    outer loop
      vertex -3.006717e+001 -3.364149e+001 -5.000000e+000
      vertex -3.006717e+001 -3.364149e+001  0.000000e+000
      vertex -2.995885e+001 -3.370517e+001 -5.000000e+000
    endloop
  endfacet
  facet normal  5.067574e-001  8.620887e-001  -0.000000e+000
    outer loop
      vertex -2.995885e+001 -3.370517e+001 -5.000000e+000
      vertex -3.006717e+001 -3.364149e+001  0.000000e+000
      vertex -2.995885e+001 -3.370517e+001  0.000000e+000
    endloop
  endfacet
  facet normal  4.516288e-001  8.922059e-001  0.000000e+000
    outer loop
      vertex -2.995885e+001 -3.370517e+001 -5.000000e+000
      vertex -2.995885e+001 -3.370517e+001  0.000000e+000
      vertex -2.984675e+001 -3.376191e+001 -5.000000e+000
    endloop
  endfacet
  facet normal  4.516288e-001  8.922059e-001  -0.000000e+000
    outer loop
      vertex -2.984675e+001 -3.376191e+001 -5.000000e+000
      vertex -2.995885e+001 -3.370517e+001  0.000000e+000
      vertex -2.984675e+001 -3.376191e+001  0.000000e+000
    endloop
  endfacet
  facet normal  3.946978e-001  9.188110e-001  0.000000e+000
    outer loop
      vertex -2.984675e+001 -3.376191e+001 -5.000000e+000
      vertex -2.984675e+001 -3.376191e+001  0.000000e+000
      vertex -2.973131e+001 -3.381150e+001 -5.000000e+000
    endloop
  endfacet
  facet normal  3.946978e-001  9.188110e-001  -0.000000e+000
    outer loop
      vertex -2.973131e+001 -3.381150e+001 -5.000000e+000
      vertex -2.984675e+001 -3.376191e+001  0.000000e+000
      vertex -2.973131e+001 -3.381150e+001  0.000000e+000
    endloop
  endfacet
  facet normal  3.362498e-001  9.417728e-001  0.000000e+000
    outer loop
      vertex -2.973131e+001 -3.381150e+001 -5.000000e+000
      vertex -2.973131e+001 -3.381150e+001  0.000000e+000
      vertex -2.961298e+001 -3.385375e+001 -5.000000e+000
    endloop
  endfacet
  facet normal  3.362498e-001  9.417728e-001  -0.000000e+000
    outer loop
      vertex -2.961298e+001 -3.385375e+001 -5.000000e+000
      vertex -2.973131e+001 -3.381150e+001  0.000000e+000
      vertex -2.961298e+001 -3.385375e+001  0.000000e+000
    endloop
  endfacet
  facet normal  2.764410e-001  9.610309e-001  0.000000e+000
    outer loop
      vertex -2.961298e+001 -3.385375e+001 -5.000000e+000
      vertex -2.961298e+001 -3.385375e+001  0.000000e+000
      vertex -2.949224e+001 -3.388848e+001 -5.000000e+000
    endloop
  endfacet
  facet normal  2.764410e-001  9.610309e-001  -0.000000e+000
    outer loop
      vertex -2.949224e+001 -3.388848e+001 -5.000000e+000
      vertex -2.961298e+001 -3.385375e+001  0.000000e+000
      vertex -2.949224e+001 -3.388848e+001  0.000000e+000
    endloop
  endfacet
  facet normal  2.155351e-001  9.764962e-001  0.000000e+000
    outer loop
      vertex -2.949224e+001 -3.388848e+001 -5.000000e+000
      vertex -2.949224e+001 -3.388848e+001  0.000000e+000
      vertex -2.936954e+001 -3.391556e+001 -5.000000e+000
    endloop
  endfacet
  facet normal  2.155351e-001  9.764962e-001  -0.000000e+000
    outer loop
      vertex -2.936954e+001 -3.391556e+001 -5.000000e+000
      vertex -2.949224e+001 -3.388848e+001  0.000000e+000
      vertex -2.936954e+001 -3.391556e+001  0.000000e+000
    endloop
  endfacet
  facet normal  1.538114e-001  9.881002e-001  0.000000e+000
    outer loop
      vertex -2.936954e+001 -3.391556e+001 -5.000000e+000
      vertex -2.936954e+001 -3.391556e+001  0.000000e+000
      vertex -2.924540e+001 -3.393489e+001 -5.000000e+000
    endloop
  endfacet
  facet normal  1.538114e-001  9.881002e-001  -0.000000e+000
    outer loop
      vertex -2.924540e+001 -3.393489e+001 -5.000000e+000
      vertex -2.936954e+001 -3.391556e+001  0.000000e+000
      vertex -2.924540e+001 -3.393489e+001  0.000000e+000
    endloop
  endfacet
  facet normal  9.147878e-002  9.958071e-001  0.000000e+000
    outer loop
      vertex -2.924540e+001 -3.393489e+001 -5.000000e+000
      vertex -2.924540e+001 -3.393489e+001  0.000000e+000
      vertex -2.912028e+001 -3.394638e+001 -5.000000e+000
    endloop
  endfacet
  facet normal  9.147878e-002  9.958071e-001  -0.000000e+000
    outer loop
      vertex -2.912028e+001 -3.394638e+001 -5.000000e+000
      vertex -2.924540e+001 -3.393489e+001  0.000000e+000
      vertex -2.912028e+001 -3.394638e+001  0.000000e+000
    endloop
  endfacet
  facet normal  2.875219e-002  9.995866e-001  0.000000e+000
    outer loop
      vertex -2.912028e+001 -3.394638e+001 -5.000000e+000
      vertex -2.912028e+001 -3.394638e+001  0.000000e+000
      vertex -2.899469e+001 -3.394999e+001 -5.000000e+000
    endloop
  endfacet
  facet normal  2.875219e-002  9.995866e-001  -0.000000e+000
    outer loop
      vertex -2.899469e+001 -3.394999e+001 -5.000000e+000
      vertex -2.912028e+001 -3.394638e+001  0.000000e+000
      vertex -2.899469e+001 -3.394999e+001  0.000000e+000
    endloop
  endfacet
  facet normal -3.406543e-002  9.994196e-001  0.000000e+000
    outer loop
      vertex -2.899469e+001 -3.394999e+001 -5.000000e+000
      vertex -2.899469e+001 -3.394999e+001  0.000000e+000
      vertex -2.886912e+001 -3.394571e+001 -5.000000e+000
    endloop
  endfacet
  facet normal -3.406543e-002  9.994196e-001  0.000000e+000
    outer loop
      vertex -2.886912e+001 -3.394571e+001 -5.000000e+000
      vertex -2.899469e+001 -3.394999e+001  0.000000e+000
      vertex -2.886912e+001 -3.394571e+001  0.000000e+000
    endloop
  endfacet
  facet normal -9.676180e-002  9.953076e-001  0.000000e+000
    outer loop
      vertex -2.886912e+001 -3.394571e+001 -5.000000e+000
      vertex -2.886912e+001 -3.394571e+001  0.000000e+000
      vertex -2.874407e+001 -3.393356e+001 -5.000000e+000
    endloop
  endfacet
  facet normal -9.676180e-002  9.953076e-001  0.000000e+000
    outer loop
      vertex -2.874407e+001 -3.393356e+001 -5.000000e+000
      vertex -2.886912e+001 -3.394571e+001  0.000000e+000
      vertex -2.874407e+001 -3.393356e+001  0.000000e+000
    endloop
  endfacet
  facet normal -1.590348e-001  9.872730e-001  0.000000e+000
    outer loop
      vertex -2.874407e+001 -3.393356e+001 -5.000000e+000
      vertex -2.874407e+001 -3.393356e+001  0.000000e+000
      vertex -2.862002e+001 -3.391357e+001 -5.000000e+000
    endloop
  endfacet
  facet normal -1.590348e-001  9.872730e-001  0.000000e+000
    outer loop
      vertex -2.862002e+001 -3.391357e+001 -5.000000e+000
      vertex -2.874407e+001 -3.393356e+001  0.000000e+000
      vertex -2.862002e+001 -3.391357e+001  0.000000e+000
    endloop
  endfacet
  facet normal -2.207543e-001  9.753295e-001  0.000000e+000
    outer loop
      vertex -2.862002e+001 -3.391357e+001 -5.000000e+000
      vertex -2.862002e+001 -3.391357e+001  0.000000e+000
      vertex -2.849748e+001 -3.388584e+001 -5.000000e+000
    endloop
  endfacet
  facet normal -2.207543e-001  9.753295e-001  0.000000e+000
    outer loop
      vertex -2.849748e+001 -3.388584e+001 -5.000000e+000
      vertex -2.862002e+001 -3.391357e+001  0.000000e+000
      vertex -2.849748e+001 -3.388584e+001  0.000000e+000
    endloop
  endfacet
  facet normal -2.815433e-001  9.595486e-001  0.000000e+000
    outer loop
      vertex -2.849748e+001 -3.388584e+001 -5.000000e+000
      vertex -2.849748e+001 -3.388584e+001  0.000000e+000
      vertex -2.837692e+001 -3.385046e+001 -5.000000e+000
    endloop
  endfacet
  facet normal -2.815433e-001  9.595486e-001  0.000000e+000
    outer loop
      vertex -2.837692e+001 -3.385046e+001 -5.000000e+000
      vertex -2.849748e+001 -3.388584e+001  0.000000e+000
      vertex -2.837692e+001 -3.385046e+001  0.000000e+000
    endloop
  endfacet
  facet normal -3.412287e-001  9.399804e-001  0.000000e+000
    outer loop
      vertex -2.837692e+001 -3.385046e+001 -5.000000e+000
      vertex -2.837692e+001 -3.385046e+001  0.000000e+000
      vertex -2.825882e+001 -3.380759e+001 -5.000000e+000
    endloop
  endfacet
  facet normal -3.412287e-001  9.399804e-001  0.000000e+000
    outer loop
      vertex -2.825882e+001 -3.380759e+001 -5.000000e+000
      vertex -2.837692e+001 -3.385046e+001  0.000000e+000
      vertex -2.825882e+001 -3.380759e+001  0.000000e+000
    endloop
  endfacet
  facet normal -3.995897e-001  9.166940e-001  0.000000e+000
    outer loop
      vertex -2.825882e+001 -3.380759e+001 -5.000000e+000
      vertex -2.825882e+001 -3.380759e+001  0.000000e+000
      vertex -2.814364e+001 -3.375739e+001 -5.000000e+000
    endloop
  endfacet
  facet normal -3.995897e-001  9.166940e-001  0.000000e+000
    outer loop
      vertex -2.814364e+001 -3.375739e+001 -5.000000e+000
      vertex -2.825882e+001 -3.380759e+001  0.000000e+000
      vertex -2.814364e+001 -3.375739e+001  0.000000e+000
    endloop
  endfacet
  facet normal -4.563352e-001  8.898080e-001  0.000000e+000
    outer loop
      vertex -2.814364e+001 -3.375739e+001 -5.000000e+000
      vertex -2.814364e+001 -3.375739e+001  0.000000e+000
      vertex -2.803184e+001 -3.370005e+001 -5.000000e+000
    endloop
  endfacet
  facet normal -4.563352e-001  8.898080e-001  0.000000e+000
    outer loop
      vertex -2.803184e+001 -3.370005e+001 -5.000000e+000
      vertex -2.814364e+001 -3.375739e+001  0.000000e+000
      vertex -2.803184e+001 -3.370005e+001  0.000000e+000
    endloop
  endfacet
  facet normal -5.113379e-001  8.593798e-001  0.000000e+000
    outer loop
      vertex -2.803184e+001 -3.370005e+001 -5.000000e+000
      vertex -2.803184e+001 -3.370005e+001  0.000000e+000
      vertex -2.792387e+001 -3.363580e+001 -5.000000e+000
    endloop
  endfacet
  facet normal -5.113379e-001  8.593798e-001  0.000000e+000
    outer loop
      vertex -2.792387e+001 -3.363580e+001 -5.000000e+000
      vertex -2.803184e+001 -3.370005e+001  0.000000e+000
      vertex -2.792387e+001 -3.363580e+001  0.000000e+000
    endloop
  endfacet
  facet normal -5.642762e-001  8.255860e-001  0.000000e+000
    outer loop
      vertex -2.792387e+001 -3.363580e+001 -5.000000e+000
      vertex -2.792387e+001 -3.363580e+001  0.000000e+000
      vertex -2.782014e+001 -3.356491e+001 -5.000000e+000
    endloop
  endfacet
  facet normal -5.642762e-001  8.255860e-001  0.000000e+000
    outer loop
      vertex -2.782014e+001 -3.356491e+001 -5.000000e+000
      vertex -2.792387e+001 -3.363580e+001  0.000000e+000
      vertex -2.782014e+001 -3.356491e+001  0.000000e+000
    endloop
  endfacet
  facet normal -6.149984e-001  7.885284e-001  0.000000e+000
    outer loop
      vertex -2.782014e+001 -3.356491e+001 -5.000000e+000
      vertex -2.782014e+001 -3.356491e+001  0.000000e+000
      vertex -2.772107e+001 -3.348764e+001 -5.000000e+000
    endloop
  endfacet
  facet normal -6.149984e-001  7.885284e-001  0.000000e+000
    outer loop
      vertex -2.772107e+001 -3.348764e+001 -5.000000e+000
      vertex -2.782014e+001 -3.356491e+001  0.000000e+000
      vertex -2.772107e+001 -3.348764e+001  0.000000e+000
    endloop
  endfacet
  facet normal -6.633059e-001  7.483483e-001  0.000000e+000
    outer loop
      vertex -2.772107e+001 -3.348764e+001 -5.000000e+000
      vertex -2.772107e+001 -3.348764e+001  0.000000e+000
      vertex -2.762704e+001 -3.340430e+001 -5.000000e+000
    endloop
  endfacet
  facet normal -6.633059e-001  7.483483e-001  0.000000e+000
    outer loop
      vertex -2.762704e+001 -3.340430e+001 -5.000000e+000
      vertex -2.772107e+001 -3.348764e+001  0.000000e+000
      vertex -2.762704e+001 -3.340430e+001  0.000000e+000
    endloop
  endfacet
  facet normal -7.089716e-001  7.052371e-001  0.000000e+000
    outer loop
      vertex -2.762704e+001 -3.340430e+001 -5.000000e+000
      vertex -2.762704e+001 -3.340430e+001  0.000000e+000
      vertex -2.753843e+001 -3.331522e+001 -5.000000e+000
    endloop
  endfacet
  facet normal -7.089716e-001  7.052371e-001  0.000000e+000
    outer loop
      vertex -2.753843e+001 -3.331522e+001 -5.000000e+000
      vertex -2.762704e+001 -3.340430e+001  0.000000e+000
      vertex -2.753843e+001 -3.331522e+001  0.000000e+000
    endloop
  endfacet
  facet normal -7.518691e-001  6.593124e-001  0.000000e+000
    outer loop
      vertex -2.753843e+001 -3.331522e+001 -5.000000e+000
      vertex -2.753843e+001 -3.331522e+001  0.000000e+000
      vertex -2.745560e+001 -3.322075e+001 -5.000000e+000
    endloop
  endfacet
  facet normal -7.518691e-001  6.593124e-001  0.000000e+000
    outer loop
      vertex -2.745560e+001 -3.322075e+001 -5.000000e+000
      vertex -2.753843e+001 -3.331522e+001  0.000000e+000
      vertex -2.745560e+001 -3.322075e+001  0.000000e+000
    endloop
  endfacet
  facet normal -7.917835e-001  6.108018e-001  0.000000e+000
    outer loop
      vertex -2.745560e+001 -3.322075e+001 -5.000000e+000
      vertex -2.745560e+001 -3.322075e+001  0.000000e+000
      vertex -2.737885e+001 -3.312127e+001 -5.000000e+000
    endloop
  endfacet
  facet normal -7.917835e-001  6.108018e-001  0.000000e+000
    outer loop
      vertex -2.737885e+001 -3.312127e+001 -5.000000e+000
      vertex -2.745560e+001 -3.322075e+001  0.000000e+000
      vertex -2.737885e+001 -3.312127e+001  0.000000e+000
    endloop
  endfacet
  facet normal -8.285634e-001  5.598951e-001  0.000000e+000
    outer loop
      vertex -2.737885e+001 -3.312127e+001 -5.000000e+000
      vertex -2.737885e+001 -3.312127e+001  0.000000e+000
      vertex -2.730850e+001 -3.301717e+001 -5.000000e+000
    endloop
  endfacet
  facet normal -8.285634e-001  5.598951e-001  0.000000e+000
    outer loop
      vertex -2.730850e+001 -3.301717e+001 -5.000000e+000
      vertex -2.737885e+001 -3.312127e+001  0.000000e+000
      vertex -2.730850e+001 -3.301717e+001  0.000000e+000
    endloop
  endfacet
  facet normal -8.620915e-001  5.067527e-001  0.000000e+000
    outer loop
      vertex -2.730850e+001 -3.301717e+001 -5.000000e+000
      vertex -2.730850e+001 -3.301717e+001  0.000000e+000
      vertex -2.724483e+001 -3.290885e+001 -5.000000e+000
    endloop
  endfacet
  facet normal -8.620915e-001  5.067527e-001  0.000000e+000
    outer loop
      vertex -2.724483e+001 -3.290885e+001 -5.000000e+000
      vertex -2.730850e+001 -3.301717e+001  0.000000e+000
      vertex -2.724483e+001 -3.290885e+001  0.000000e+000
    endloop
  endfacet
  facet normal  8.922076e-001  4.516258e-001  -0.000000e+000
    outer loop
      vertex  3.084484e+001  9.091149e+000  0.000000e+000
      vertex  3.084484e+001  9.091149e+000 -5.000000e+000
      vertex  3.078809e+001  9.203249e+000  0.000000e+000
    endloop
  endfacet
  facet normal  8.922076e-001  4.516258e-001  0.000000e+000
    outer loop
      vertex  3.078809e+001  9.203249e+000  0.000000e+000
      vertex  3.084484e+001  9.091149e+000 -5.000000e+000
      vertex  3.078809e+001  9.203249e+000 -5.000000e+000
    endloop
  endfacet
  facet normal  9.188043e-001  3.947134e-001  -0.000000e+000
    outer loop
      vertex  3.078809e+001  9.203249e+000  0.000000e+000
      vertex  3.078809e+001  9.203249e+000 -5.000000e+000
      vertex  3.073850e+001  9.318690e+000  0.000000e+000
    endloop
  endfacet
  facet normal  9.188043e-001  3.947134e-001  0.000000e+000
    outer loop
      vertex  3.073850e+001  9.318690e+000  0.000000e+000
      vertex  3.078809e+001  9.203249e+000 -5.000000e+000
      vertex  3.073850e+001  9.318690e+000 -5.000000e+000
    endloop
  endfacet
  facet normal  9.417776e-001  3.362364e-001  -0.000000e+000
    outer loop
      vertex  3.073850e+001  9.318690e+000  0.000000e+000
      vertex  3.073850e+001  9.318690e+000 -5.000000e+000
      vertex  3.069625e+001  9.437018e+000  0.000000e+000
    endloop
  endfacet
  facet normal  9.417776e-001  3.362364e-001  0.000000e+000
    outer loop
      vertex  3.069625e+001  9.437018e+000  0.000000e+000
      vertex  3.073850e+001  9.318690e+000 -5.000000e+000
      vertex  3.069625e+001  9.437018e+000 -5.000000e+000
    endloop
  endfacet
  facet normal  9.610309e-001  2.764410e-001  -0.000000e+000
    outer loop
      vertex  3.069625e+001  9.437018e+000  0.000000e+000
      vertex  3.069625e+001  9.437018e+000 -5.000000e+000
      vertex  3.066152e+001  9.557765e+000  0.000000e+000
    endloop
  endfacet
  facet normal  9.610309e-001  2.764410e-001  0.000000e+000
    outer loop
      vertex  3.066152e+001  9.557765e+000  0.000000e+000
      vertex  3.069625e+001  9.437018e+000 -5.000000e+000
      vertex  3.066152e+001  9.557765e+000 -5.000000e+000
    endloop
  endfacet
  facet normal  9.764925e-001  2.155511e-001  -0.000000e+000
    outer loop
      vertex  3.066152e+001  9.557765e+000  0.000000e+000
      vertex  3.066152e+001  9.557765e+000 -5.000000e+000
      vertex  3.063444e+001  9.680454e+000  0.000000e+000
    endloop
  endfacet
  facet normal  9.764925e-001  2.155511e-001  0.000000e+000
    outer loop
      vertex  3.063444e+001  9.680454e+000  0.000000e+000
      vertex  3.066152e+001  9.557765e+000 -5.000000e+000
      vertex  3.063444e+001  9.680454e+000 -5.000000e+000
    endloop
  endfacet
  facet normal  9.881004e-001  1.538103e-001  -0.000000e+000
    outer loop
      vertex  3.063444e+001  9.680454e+000  0.000000e+000
      vertex  3.063444e+001  9.680454e+000 -5.000000e+000
      vertex  3.061511e+001  9.804603e+000  0.000000e+000
    endloop
  endfacet
  facet normal  9.881004e-001  1.538103e-001  0.000000e+000
    outer loop
      vertex  3.061511e+001  9.804603e+000  0.000000e+000
      vertex  3.063444e+001  9.680454e+000 -5.000000e+000
      vertex  3.061511e+001  9.804603e+000 -5.000000e+000
    endloop
  endfacet
  facet normal  9.958084e-001  9.146371e-002  -0.000000e+000
    outer loop
      vertex  3.061511e+001  9.804603e+000  0.000000e+000
      vertex  3.061511e+001  9.804603e+000 -5.000000e+000
      vertex  3.060362e+001  9.929719e+000  0.000000e+000
    endloop
  endfacet
  facet normal  9.958084e-001  9.146371e-002  0.000000e+000
    outer loop
      vertex  3.060362e+001  9.929719e+000  0.000000e+000
      vertex  3.061511e+001  9.804603e+000 -5.000000e+000
      vertex  3.060362e+001  9.929719e+000 -5.000000e+000
    endloop
  endfacet
  facet normal  9.995861e-001  2.876758e-002  -0.000000e+000
    outer loop
      vertex  3.060362e+001  9.929719e+000  0.000000e+000
      vertex  3.060362e+001  9.929719e+000 -5.000000e+000
      vertex  3.060001e+001  1.005531e+001  0.000000e+000
    endloop
  endfacet
  facet normal  9.995861e-001  2.876758e-002  0.000000e+000
    outer loop
      vertex  3.060001e+001  1.005531e+001  0.000000e+000
      vertex  3.060362e+001  9.929719e+000 -5.000000e+000
      vertex  3.060001e+001  1.005531e+001 -5.000000e+000
    endloop
  endfacet
  facet normal  9.994196e-001 -3.406543e-002  0.000000e+000
    outer loop
      vertex  3.060001e+001  1.005531e+001  0.000000e+000
      vertex  3.060001e+001  1.005531e+001 -5.000000e+000
      vertex  3.060429e+001  1.018088e+001  0.000000e+000
    endloop
  endfacet
  facet normal  9.994196e-001 -3.406543e-002  0.000000e+000
    outer loop
      vertex  3.060429e+001  1.018088e+001  0.000000e+000
      vertex  3.060001e+001  1.005531e+001 -5.000000e+000
      vertex  3.060429e+001  1.018088e+001 -5.000000e+000
    endloop
  endfacet
  facet normal  9.953076e-001 -9.676180e-002  0.000000e+000
    outer loop
      vertex  3.060429e+001  1.018088e+001  0.000000e+000
      vertex  3.060429e+001  1.018088e+001 -5.000000e+000
      vertex  3.061644e+001  1.030593e+001  0.000000e+000
    endloop
  endfacet
  facet normal  9.953076e-001 -9.676180e-002  0.000000e+000
    outer loop
      vertex  3.061644e+001  1.030593e+001  0.000000e+000
      vertex  3.060429e+001  1.018088e+001 -5.000000e+000
      vertex  3.061644e+001  1.030593e+001 -5.000000e+000
    endloop
  endfacet
  facet normal  9.872708e-001 -1.590484e-001  0.000000e+000
    outer loop
      vertex  3.061644e+001  1.030593e+001  0.000000e+000
      vertex  3.061644e+001  1.030593e+001 -5.000000e+000
      vertex  3.063643e+001  1.042998e+001  0.000000e+000
    endloop
  endfacet
  facet normal  9.872708e-001 -1.590484e-001  0.000000e+000
    outer loop
      vertex  3.063643e+001  1.042998e+001  0.000000e+000
      vertex  3.061644e+001  1.030593e+001 -5.000000e+000
      vertex  3.063643e+001  1.042998e+001 -5.000000e+000
    endloop
  endfacet
  facet normal  9.753323e-001 -2.207415e-001  0.000000e+000
    outer loop
      vertex  3.063643e+001  1.042998e+001  0.000000e+000
      vertex  3.063643e+001  1.042998e+001 -5.000000e+000
      vertex  3.066416e+001  1.055252e+001  0.000000e+000
    endloop
  endfacet
  facet normal  9.753323e-001 -2.207415e-001  0.000000e+000
    outer loop
      vertex  3.066416e+001  1.055252e+001  0.000000e+000
      vertex  3.063643e+001  1.042998e+001 -5.000000e+000
      vertex  3.066416e+001  1.055252e+001 -5.000000e+000
    endloop
  endfacet
  facet normal  9.595491e-001 -2.815412e-001  0.000000e+000
    outer loop
      vertex  3.066416e+001  1.055252e+001  0.000000e+000
      vertex  3.066416e+001  1.055252e+001 -5.000000e+000
      vertex  3.069954e+001  1.067308e+001  0.000000e+000
    endloop
  endfacet
  facet normal  9.595491e-001 -2.815412e-001  0.000000e+000
    outer loop
      vertex  3.069954e+001  1.067308e+001  0.000000e+000
      vertex  3.066416e+001  1.055252e+001 -5.000000e+000
      vertex  3.069954e+001  1.067308e+001 -5.000000e+000
    endloop
  endfacet
  facet normal  9.399794e-001 -3.412311e-001  0.000000e+000
    outer loop
      vertex  3.069954e+001  1.067308e+001  0.000000e+000
      vertex  3.069954e+001  1.067308e+001 -5.000000e+000
      vertex  3.074241e+001  1.079118e+001  0.000000e+000
    endloop
  endfacet
  facet normal  9.399794e-001 -3.412311e-001  0.000000e+000
    outer loop
      vertex  3.074241e+001  1.079118e+001  0.000000e+000
      vertex  3.069954e+001  1.067308e+001 -5.000000e+000
      vertex  3.074241e+001  1.079118e+001 -5.000000e+000
    endloop
  endfacet
  facet normal  9.167009e-001 -3.995741e-001  0.000000e+000
    outer loop
      vertex  3.074241e+001  1.079118e+001  0.000000e+000
      vertex  3.074241e+001  1.079118e+001 -5.000000e+000
      vertex  3.079261e+001  1.090636e+001  0.000000e+000
    endloop
  endfacet
  facet normal  9.167009e-001 -3.995741e-001  0.000000e+000
    outer loop
      vertex  3.079261e+001  1.090636e+001  0.000000e+000
      vertex  3.074241e+001  1.079118e+001 -5.000000e+000
      vertex  3.079261e+001  1.090636e+001 -5.000000e+000
    endloop
  endfacet
  facet normal  8.897957e-001 -4.563592e-001  0.000000e+000
    outer loop
      vertex  3.079261e+001  1.090636e+001  0.000000e+000
      vertex  3.079261e+001  1.090636e+001 -5.000000e+000
      vertex  3.084995e+001  1.101816e+001  0.000000e+000
    endloop
  endfacet
  facet normal  8.897957e-001 -4.563592e-001  0.000000e+000
    outer loop
      vertex  3.084995e+001  1.101816e+001  0.000000e+000
      vertex  3.079261e+001  1.090636e+001 -5.000000e+000
      vertex  3.084995e+001  1.101816e+001 -5.000000e+000
    endloop
  endfacet
  facet normal  8.593844e-001 -5.113300e-001  0.000000e+000
    outer loop
      vertex  3.084995e+001  1.101816e+001  0.000000e+000
      vertex  3.084995e+001  1.101816e+001 -5.000000e+000
      vertex  3.091420e+001  1.112613e+001  0.000000e+000
    endloop
  endfacet
  facet normal  8.593844e-001 -5.113300e-001  0.000000e+000
    outer loop
      vertex  3.091420e+001  1.112613e+001  0.000000e+000
      vertex  3.084995e+001  1.101816e+001 -5.000000e+000
      vertex  3.091420e+001  1.112613e+001 -5.000000e+000
    endloop
  endfacet
  facet normal  8.255909e-001 -5.642692e-001  0.000000e+000
    outer loop
      vertex  3.091420e+001  1.112613e+001  0.000000e+000
      vertex  3.091420e+001  1.112613e+001 -5.000000e+000
      vertex  3.098509e+001  1.122986e+001  0.000000e+000
    endloop
  endfacet
  facet normal  8.255909e-001 -5.642692e-001  0.000000e+000
    outer loop
      vertex  3.098509e+001  1.122986e+001  0.000000e+000
      vertex  3.091420e+001  1.112613e+001 -5.000000e+000
      vertex  3.098509e+001  1.122986e+001 -5.000000e+000
    endloop
  endfacet
  facet normal  7.885255e-001 -6.150020e-001  0.000000e+000
    outer loop
      vertex  3.098509e+001  1.122986e+001  0.000000e+000
      vertex  3.098509e+001  1.122986e+001 -5.000000e+000
      vertex  3.106236e+001  1.132893e+001  0.000000e+000
    endloop
  endfacet
  facet normal  7.885255e-001 -6.150020e-001  0.000000e+000
    outer loop
      vertex  3.106236e+001  1.132893e+001  0.000000e+000
      vertex  3.098509e+001  1.122986e+001 -5.000000e+000
      vertex  3.106236e+001  1.132893e+001 -5.000000e+000
    endloop
  endfacet
  facet normal  7.483516e-001 -6.633022e-001  0.000000e+000
    outer loop
      vertex  3.106236e+001  1.132893e+001  0.000000e+000
      vertex  3.106236e+001  1.132893e+001 -5.000000e+000
      vertex  3.114570e+001  1.142296e+001  0.000000e+000
    endloop
  endfacet
  facet normal  7.483516e-001 -6.633022e-001  0.000000e+000
    outer loop
      vertex  3.114570e+001  1.142296e+001  0.000000e+000
      vertex  3.106236e+001  1.132893e+001 -5.000000e+000
      vertex  3.114570e+001  1.142296e+001 -5.000000e+000
    endloop
  endfacet
  facet normal  7.052257e-001 -7.089829e-001  0.000000e+000
    outer loop
      vertex  3.114570e+001  1.142296e+001  0.000000e+000
      vertex  3.114570e+001  1.142296e+001 -5.000000e+000
      vertex  3.123478e+001  1.151157e+001  0.000000e+000
    endloop
  endfacet
  facet normal  7.052257e-001 -7.089829e-001  0.000000e+000
    outer loop
      vertex  3.123478e+001  1.151157e+001  0.000000e+000
      vertex  3.114570e+001  1.142296e+001 -5.000000e+000
      vertex  3.123478e+001  1.151157e+001 -5.000000e+000
    endloop
  endfacet
  facet normal  6.593124e-001 -7.518691e-001  0.000000e+000
    outer loop
      vertex  3.123478e+001  1.151157e+001  0.000000e+000
      vertex  3.123478e+001  1.151157e+001 -5.000000e+000
      vertex  3.132925e+001  1.159441e+001  0.000000e+000
    endloop
  endfacet
  facet normal  6.593124e-001 -7.518691e-001  0.000000e+000
    outer loop
      vertex  3.132925e+001  1.159441e+001  0.000000e+000
      vertex  3.123478e+001  1.151157e+001 -5.000000e+000
      vertex  3.132925e+001  1.159441e+001 -5.000000e+000
    endloop
  endfacet
  facet normal  6.108092e-001 -7.917778e-001  0.000000e+000
    outer loop
      vertex  3.132925e+001  1.159441e+001  0.000000e+000
      vertex  3.132925e+001  1.159441e+001 -5.000000e+000
      vertex  3.142873e+001  1.167115e+001  0.000000e+000
    endloop
  endfacet
  facet normal  6.108092e-001 -7.917778e-001  0.000000e+000
    outer loop
      vertex  3.142873e+001  1.167115e+001  0.000000e+000
      vertex  3.132925e+001  1.159441e+001 -5.000000e+000
      vertex  3.142873e+001  1.167115e+001 -5.000000e+000
    endloop
  endfacet
  facet normal  5.598899e-001 -8.285670e-001  0.000000e+000
    outer loop
      vertex  3.142873e+001  1.167115e+001  0.000000e+000
      vertex  3.142873e+001  1.167115e+001 -5.000000e+000
      vertex  3.153283e+001  1.174150e+001  0.000000e+000
    endloop
  endfacet
  facet normal  5.598899e-001 -8.285670e-001  0.000000e+000
    outer loop
      vertex  3.153283e+001  1.174150e+001  0.000000e+000
      vertex  3.142873e+001  1.167115e+001 -5.000000e+000
      vertex  3.153283e+001  1.174150e+001 -5.000000e+000
    endloop
  endfacet
  facet normal  5.067517e-001 -8.620920e-001  0.000000e+000
    outer loop
      vertex  3.153283e+001  1.174150e+001  0.000000e+000
      vertex  3.153283e+001  1.174150e+001 -5.000000e+000
      vertex  3.164115e+001  1.180517e+001  0.000000e+000
    endloop
  endfacet
  facet normal  5.067517e-001 -8.620920e-001  0.000000e+000
    outer loop
      vertex  3.164115e+001  1.180517e+001  0.000000e+000
      vertex  3.153283e+001  1.174150e+001 -5.000000e+000
      vertex  3.164115e+001  1.180517e+001 -5.000000e+000
    endloop
  endfacet
  facet normal  4.516288e-001 -8.922059e-001  0.000000e+000
    outer loop
      vertex  3.164115e+001  1.180517e+001  0.000000e+000
      vertex  3.164115e+001  1.180517e+001 -5.000000e+000
      vertex  3.175325e+001  1.186191e+001  0.000000e+000
    endloop
  endfacet
  facet normal  4.516288e-001 -8.922059e-001  0.000000e+000
    outer loop
      vertex  3.175325e+001  1.186191e+001  0.000000e+000
      vertex  3.164115e+001  1.180517e+001 -5.000000e+000
      vertex  3.175325e+001  1.186191e+001 -5.000000e+000
    endloop
  endfacet
  facet normal  3.947042e-001 -9.188082e-001  0.000000e+000
    outer loop
      vertex  3.175325e+001  1.186191e+001  0.000000e+000
      vertex  3.175325e+001  1.186191e+001 -5.000000e+000
      vertex  3.186869e+001  1.191150e+001  0.000000e+000
    endloop
  endfacet
  facet normal  3.947042e-001 -9.188082e-001  0.000000e+000
    outer loop
      vertex  3.186869e+001  1.191150e+001  0.000000e+000
      vertex  3.175325e+001  1.186191e+001 -5.000000e+000
      vertex  3.186869e+001  1.191150e+001 -5.000000e+000
    endloop
  endfacet
  facet normal  3.362364e-001 -9.417776e-001  0.000000e+000
    outer loop
      vertex  3.186869e+001  1.191150e+001  0.000000e+000
      vertex  3.186869e+001  1.191150e+001 -5.000000e+000
      vertex  3.198702e+001  1.195375e+001  0.000000e+000
    endloop
  endfacet
  facet normal  3.362364e-001 -9.417776e-001  0.000000e+000
    outer loop
      vertex  3.198702e+001  1.195375e+001  0.000000e+000
      vertex  3.186869e+001  1.191150e+001 -5.000000e+000
      vertex  3.198702e+001  1.195375e+001 -5.000000e+000
    endloop
  endfacet
  facet normal  2.764410e-001 -9.610309e-001  0.000000e+000
    outer loop
      vertex  3.198702e+001  1.195375e+001  0.000000e+000
      vertex  3.198702e+001  1.195375e+001 -5.000000e+000
      vertex  3.210777e+001  1.198848e+001  0.000000e+000
    endloop
  endfacet
  facet normal  2.764410e-001 -9.610309e-001  0.000000e+000
    outer loop
      vertex  3.210777e+001  1.198848e+001  0.000000e+000
      vertex  3.198702e+001  1.195375e+001 -5.000000e+000
      vertex  3.210777e+001  1.198848e+001 -5.000000e+000
    endloop
  endfacet
  facet normal  2.155527e-001 -9.764922e-001  0.000000e+000
    outer loop
      vertex  3.210777e+001  1.198848e+001  0.000000e+000
      vertex  3.210777e+001  1.198848e+001 -5.000000e+000
      vertex  3.223045e+001  1.201556e+001  0.000000e+000
    endloop
  endfacet
  facet normal  2.155527e-001 -9.764922e-001  0.000000e+000
    outer loop
      vertex  3.223045e+001  1.201556e+001  0.000000e+000
      vertex  3.210777e+001  1.198848e+001 -5.000000e+000
      vertex  3.223045e+001  1.201556e+001 -5.000000e+000
    endloop
  endfacet
  facet normal  1.538165e-001 -9.880994e-001  0.000000e+000
    outer loop
      vertex  3.223045e+001  1.201556e+001  0.000000e+000
      vertex  3.223045e+001  1.201556e+001 -5.000000e+000
      vertex  3.235460e+001  1.203489e+001  0.000000e+000
    endloop
  endfacet
  facet normal  1.538165e-001 -9.880994e-001  0.000000e+000
    outer loop
      vertex  3.235460e+001  1.203489e+001  0.000000e+000
      vertex  3.223045e+001  1.201556e+001 -5.000000e+000
      vertex  3.235460e+001  1.203489e+001 -5.000000e+000
    endloop
  endfacet
  facet normal  9.146510e-002 -9.958082e-001  0.000000e+000
    outer loop
      vertex  3.235460e+001  1.203489e+001  0.000000e+000
      vertex  3.235460e+001  1.203489e+001 -5.000000e+000
      vertex  3.247972e+001  1.204638e+001  0.000000e+000
    endloop
  endfacet
  facet normal  9.146510e-002 -9.958082e-001  0.000000e+000
    outer loop
      vertex  3.247972e+001  1.204638e+001  0.000000e+000
      vertex  3.235460e+001  1.203489e+001 -5.000000e+000
      vertex  3.247972e+001  1.204638e+001 -5.000000e+000
    endloop
  endfacet
  facet normal  2.875219e-002 -9.995866e-001  0.000000e+000
    outer loop
      vertex  3.247972e+001  1.204638e+001  0.000000e+000
      vertex  3.247972e+001  1.204638e+001 -5.000000e+000
      vertex  3.260531e+001  1.204999e+001  0.000000e+000
    endloop
  endfacet
  facet normal  2.875219e-002 -9.995866e-001  0.000000e+000
    outer loop
      vertex  3.260531e+001  1.204999e+001  0.000000e+000
      vertex  3.247972e+001  1.204638e+001 -5.000000e+000
      vertex  3.260531e+001  1.204999e+001 -5.000000e+000
    endloop
  endfacet
  facet normal -3.405733e-002 -9.994199e-001  0.000000e+000
    outer loop
      vertex  3.260531e+001  1.204999e+001  0.000000e+000
      vertex  3.260531e+001  1.204999e+001 -5.000000e+000
      vertex  3.273088e+001  1.204571e+001  0.000000e+000
    endloop
  endfacet
  facet normal -3.405733e-002 -9.994199e-001  -0.000000e+000
    outer loop
      vertex  3.273088e+001  1.204571e+001  0.000000e+000
      vertex  3.260531e+001  1.204999e+001 -5.000000e+000
      vertex  3.273088e+001  1.204571e+001 -5.000000e+000
    endloop
  endfacet
  facet normal -9.675428e-002 -9.953083e-001  0.000000e+000
    outer loop
      vertex  3.273088e+001  1.204571e+001  0.000000e+000
      vertex  3.273088e+001  1.204571e+001 -5.000000e+000
      vertex  3.285593e+001  1.203356e+001  0.000000e+000
    endloop
  endfacet
  facet normal -9.675428e-002 -9.953083e-001  -0.000000e+000
    outer loop
      vertex  3.285593e+001  1.203356e+001  0.000000e+000
      vertex  3.273088e+001  1.204571e+001 -5.000000e+000
      vertex  3.285593e+001  1.203356e+001 -5.000000e+000
    endloop
  endfacet
  facet normal -1.590570e-001 -9.872693e-001  0.000000e+000
    outer loop
      vertex  3.285593e+001  1.203356e+001  0.000000e+000
      vertex  3.285593e+001  1.203356e+001 -5.000000e+000
      vertex  3.297998e+001  1.201357e+001  0.000000e+000
    endloop
  endfacet
  facet normal -1.590570e-001 -9.872693e-001  -0.000000e+000
    outer loop
      vertex  3.297998e+001  1.201357e+001  0.000000e+000
      vertex  3.285593e+001  1.203356e+001 -5.000000e+000
      vertex  3.297998e+001  1.201357e+001 -5.000000e+000
    endloop
  endfacet
  facet normal -2.207359e-001 -9.753336e-001  0.000000e+000
    outer loop
      vertex  3.297998e+001  1.201357e+001  0.000000e+000
      vertex  3.297998e+001  1.201357e+001 -5.000000e+000
      vertex  3.310252e+001  1.198584e+001  0.000000e+000
    endloop
  endfacet
  facet normal -2.207359e-001 -9.753336e-001  -0.000000e+000
    outer loop
      vertex  3.310252e+001  1.198584e+001  0.000000e+000
      vertex  3.297998e+001  1.201357e+001 -5.000000e+000
      vertex  3.310252e+001  1.198584e+001 -5.000000e+000
    endloop
  endfacet
  facet normal -2.815433e-001 -9.595486e-001  0.000000e+000
    outer loop
      vertex  3.310252e+001  1.198584e+001  0.000000e+000
      vertex  3.310252e+001  1.198584e+001 -5.000000e+000
      vertex  3.322308e+001  1.195047e+001  0.000000e+000
    endloop
  endfacet
  facet normal -2.815433e-001 -9.595486e-001  -0.000000e+000
    outer loop
      vertex  3.322308e+001  1.195047e+001  0.000000e+000
      vertex  3.310252e+001  1.198584e+001 -5.000000e+000
      vertex  3.322308e+001  1.195047e+001 -5.000000e+000
    endloop
  endfacet
  facet normal -3.412287e-001 -9.399804e-001  0.000000e+000
    outer loop
      vertex  3.322308e+001  1.195047e+001  0.000000e+000
      vertex  3.322308e+001  1.195047e+001 -5.000000e+000
      vertex  3.334118e+001  1.190759e+001  0.000000e+000
    endloop
  endfacet
  facet normal -3.412287e-001 -9.399804e-001  -0.000000e+000
    outer loop
      vertex  3.334118e+001  1.190759e+001  0.000000e+000
      vertex  3.322308e+001  1.195047e+001 -5.000000e+000
      vertex  3.334118e+001  1.190759e+001 -5.000000e+000
    endloop
  endfacet
  facet normal -3.995841e-001 -9.166965e-001  0.000000e+000
    outer loop
      vertex  3.334118e+001  1.190759e+001  0.000000e+000
      vertex  3.334118e+001  1.190759e+001 -5.000000e+000
      vertex  3.345636e+001  1.185739e+001  0.000000e+000
    endloop
  endfacet
  facet normal -3.995841e-001 -9.166965e-001  -0.000000e+000
    outer loop
      vertex  3.345636e+001  1.185739e+001  0.000000e+000
      vertex  3.334118e+001  1.190759e+001 -5.000000e+000
      vertex  3.345636e+001  1.185739e+001 -5.000000e+000
    endloop
  endfacet
  facet normal -4.563532e-001 -8.897987e-001  0.000000e+000
    outer loop
      vertex  3.345636e+001  1.185739e+001  0.000000e+000
      vertex  3.345636e+001  1.185739e+001 -5.000000e+000
      vertex  3.356816e+001  1.180005e+001  0.000000e+000
    endloop
  endfacet
  facet normal -4.563532e-001 -8.897987e-001  -0.000000e+000
    outer loop
      vertex  3.356816e+001  1.180005e+001  0.000000e+000
      vertex  3.345636e+001  1.185739e+001 -5.000000e+000
      vertex  3.356816e+001  1.180005e+001 -5.000000e+000
    endloop
  endfacet
  facet normal -5.113277e-001 -8.593858e-001  0.000000e+000
    outer loop
      vertex  3.356816e+001  1.180005e+001  0.000000e+000
      vertex  3.356816e+001  1.180005e+001 -5.000000e+000
      vertex  3.367613e+001  1.173580e+001  0.000000e+000
    endloop
  endfacet
  facet normal -5.113277e-001 -8.593858e-001  -0.000000e+000
    outer loop
      vertex  3.367613e+001  1.173580e+001  0.000000e+000
      vertex  3.356816e+001  1.180005e+001 -5.000000e+000
      vertex  3.367613e+001  1.173580e+001 -5.000000e+000
    endloop
  endfacet
  facet normal -5.642743e-001 -8.255874e-001  0.000000e+000
    outer loop
      vertex  3.367613e+001  1.173580e+001  0.000000e+000
      vertex  3.367613e+001  1.173580e+001 -5.000000e+000
      vertex  3.377986e+001  1.166491e+001  0.000000e+000
    endloop
  endfacet
  facet normal -5.642743e-001 -8.255874e-001  -0.000000e+000
    outer loop
      vertex  3.377986e+001  1.166491e+001  0.000000e+000
      vertex  3.367613e+001  1.173580e+001 -5.000000e+000
      vertex  3.377986e+001  1.166491e+001 -5.000000e+000
    endloop
  endfacet
  facet normal -6.150057e-001 -7.885226e-001  0.000000e+000
    outer loop
      vertex  3.377986e+001  1.166491e+001  0.000000e+000
      vertex  3.377986e+001  1.166491e+001 -5.000000e+000
      vertex  3.387893e+001  1.158764e+001  0.000000e+000
    endloop
  endfacet
  facet normal -6.150057e-001 -7.885226e-001  -0.000000e+000
    outer loop
      vertex  3.387893e+001  1.158764e+001  0.000000e+000
      vertex  3.377986e+001  1.166491e+001 -5.000000e+000
      vertex  3.387893e+001  1.158764e+001 -5.000000e+000
    endloop
  endfacet
  facet normal -6.632910e-001 -7.483617e-001  0.000000e+000
    outer loop
      vertex  3.387893e+001  1.158764e+001  0.000000e+000
      vertex  3.387893e+001  1.158764e+001 -5.000000e+000
      vertex  3.397296e+001  1.150430e+001  0.000000e+000
    endloop
  endfacet
  facet normal -6.632910e-001 -7.483617e-001  -0.000000e+000
    outer loop
      vertex  3.397296e+001  1.150430e+001  0.000000e+000
      vertex  3.387893e+001  1.158764e+001 -5.000000e+000
      vertex  3.397296e+001  1.150430e+001 -5.000000e+000
    endloop
  endfacet
  facet normal -7.089943e-001 -7.052142e-001  0.000000e+000
    outer loop
      vertex  3.397296e+001  1.150430e+001  0.000000e+000
      vertex  3.397296e+001  1.150430e+001 -5.000000e+000
      vertex  3.406157e+001  1.141522e+001  0.000000e+000
    endloop
  endfacet
  facet normal -7.089943e-001 -7.052142e-001  -0.000000e+000
    outer loop
      vertex  3.406157e+001  1.141522e+001  0.000000e+000
      vertex  3.397296e+001  1.150430e+001 -5.000000e+000
      vertex  3.406157e+001  1.141522e+001 -5.000000e+000
    endloop
  endfacet
  facet normal -7.518582e-001 -6.593248e-001  0.000000e+000
    outer loop
      vertex  3.406157e+001  1.141522e+001  0.000000e+000
      vertex  3.406157e+001  1.141522e+001 -5.000000e+000
      vertex  3.414441e+001  1.132075e+001  0.000000e+000
    endloop
  endfacet
  facet normal -7.518582e-001 -6.593248e-001  -0.000000e+000
    outer loop
      vertex  3.414441e+001  1.132075e+001  0.000000e+000
      vertex  3.406157e+001  1.141522e+001 -5.000000e+000
      vertex  3.414441e+001  1.132075e+001 -5.000000e+000
    endloop
  endfacet
  facet normal -7.917778e-001 -6.108092e-001  0.000000e+000
    outer loop
      vertex  3.414441e+001  1.132075e+001  0.000000e+000
      vertex  3.414441e+001  1.132075e+001 -5.000000e+000
      vertex  3.422115e+001  1.122127e+001  0.000000e+000
    endloop
  endfacet
  facet normal -7.917778e-001 -6.108092e-001  -0.000000e+000
    outer loop
      vertex  3.422115e+001  1.122127e+001  0.000000e+000
      vertex  3.414441e+001  1.132075e+001 -5.000000e+000
      vertex  3.422115e+001  1.122127e+001 -5.000000e+000
    endloop
  endfacet
  facet normal -8.285658e-001 -5.598916e-001  0.000000e+000
    outer loop
      vertex  3.422115e+001  1.122127e+001  0.000000e+000
      vertex  3.422115e+001  1.122127e+001 -5.000000e+000
      vertex  3.429150e+001  1.111717e+001  0.000000e+000
    endloop
  endfacet
  facet normal -8.285658e-001 -5.598916e-001  -0.000000e+000
    outer loop
      vertex  3.429150e+001  1.111717e+001  0.000000e+000
      vertex  3.422115e+001  1.122127e+001 -5.000000e+000
      vertex  3.429150e+001  1.111717e+001 -5.000000e+000
    endloop
  endfacet
  facet normal -8.621000e-001 -5.067381e-001  0.000000e+000
    outer loop
      vertex  3.429150e+001  1.111717e+001  0.000000e+000
      vertex  3.429150e+001  1.111717e+001 -5.000000e+000
      vertex  3.435516e+001  1.100885e+001  0.000000e+000
    endloop
  endfacet
  facet normal -8.621000e-001 -5.067381e-001  -0.000000e+000
    outer loop
      vertex  3.435516e+001  1.100885e+001  0.000000e+000
      vertex  3.429150e+001  1.111717e+001 -5.000000e+000
      vertex  3.435516e+001  1.100885e+001 -5.000000e+000
    endloop
  endfacet
  facet normal -8.922076e-001 -4.516258e-001  0.000000e+000
    outer loop
      vertex  3.435516e+001  1.100885e+001  0.000000e+000
      vertex  3.435516e+001  1.100885e+001 -5.000000e+000
      vertex  3.441191e+001  1.089675e+001  0.000000e+000
    endloop
  endfacet
  facet normal -8.922076e-001 -4.516258e-001  -0.000000e+000
    outer loop
      vertex  3.441191e+001  1.089675e+001  0.000000e+000
      vertex  3.435516e+001  1.100885e+001 -5.000000e+000
      vertex  3.441191e+001  1.089675e+001 -5.000000e+000
    endloop
  endfacet
  facet normal -9.187989e-001 -3.947262e-001  0.000000e+000
    outer loop
      vertex  3.441191e+001  1.089675e+001  0.000000e+000
      vertex  3.441191e+001  1.089675e+001 -5.000000e+000
      vertex  3.446150e+001  1.078131e+001  0.000000e+000
    endloop
  endfacet
  facet normal -9.187989e-001 -3.947262e-001  -0.000000e+000
    outer loop
      vertex  3.446150e+001  1.078131e+001  0.000000e+000
      vertex  3.441191e+001  1.089675e+001 -5.000000e+000
      vertex  3.446150e+001  1.078131e+001 -5.000000e+000
    endloop
  endfacet
  facet normal -9.417825e-001 -3.362229e-001  0.000000e+000
    outer loop
      vertex  3.446150e+001  1.078131e+001  0.000000e+000
      vertex  3.446150e+001  1.078131e+001 -5.000000e+000
      vertex  3.450375e+001  1.066298e+001  0.000000e+000
    endloop
  endfacet
  facet normal -9.417825e-001 -3.362229e-001  -0.000000e+000
    outer loop
      vertex  3.450375e+001  1.066298e+001  0.000000e+000
      vertex  3.446150e+001  1.078131e+001 -5.000000e+000
      vertex  3.450375e+001  1.066298e+001 -5.000000e+000
    endloop
  endfacet
  facet normal -9.610309e-001 -2.764410e-001  0.000000e+000
    outer loop
      vertex  3.450375e+001  1.066298e+001  0.000000e+000
      vertex  3.450375e+001  1.066298e+001 -5.000000e+000
      vertex  3.453848e+001  1.054224e+001  0.000000e+000
    endloop
  endfacet
  facet normal -9.610309e-001 -2.764410e-001  -0.000000e+000
    outer loop
      vertex  3.453848e+001  1.054224e+001  0.000000e+000
      vertex  3.450375e+001  1.066298e+001 -5.000000e+000
      vertex  3.453848e+001  1.054224e+001 -5.000000e+000
    endloop
  endfacet
  facet normal -9.764894e-001 -2.155656e-001  0.000000e+000
    outer loop
      vertex  3.453848e+001  1.054224e+001  0.000000e+000
      vertex  3.453848e+001  1.054224e+001 -5.000000e+000
      vertex  3.456556e+001  1.041955e+001  0.000000e+000
    endloop
  endfacet
  facet normal -9.764894e-001 -2.155656e-001  -0.000000e+000
    outer loop
      vertex  3.456556e+001  1.041955e+001  0.000000e+000
      vertex  3.453848e+001  1.054224e+001 -5.000000e+000
      vertex  3.456556e+001  1.041955e+001 -5.000000e+000
    endloop
  endfacet
  facet normal -9.881004e-001 -1.538103e-001  0.000000e+000
    outer loop
      vertex  3.456556e+001  1.041955e+001  0.000000e+000
      vertex  3.456556e+001  1.041955e+001 -5.000000e+000
      vertex  3.458489e+001  1.029540e+001  0.000000e+000
    endloop
  endfacet
  facet normal -9.881004e-001 -1.538103e-001  -0.000000e+000
    outer loop
      vertex  3.458489e+001  1.029540e+001  0.000000e+000
      vertex  3.456556e+001  1.041955e+001 -5.000000e+000
      vertex  3.458489e+001  1.029540e+001 -5.000000e+000
    endloop
  endfacet
  facet normal -9.958098e-001 -9.144866e-002  0.000000e+000
    outer loop
      vertex  3.458489e+001  1.029540e+001  0.000000e+000
      vertex  3.458489e+001  1.029540e+001 -5.000000e+000
      vertex  3.459638e+001  1.017028e+001  0.000000e+000
    endloop
  endfacet
  facet normal -9.958098e-001 -9.144866e-002  -0.000000e+000
    outer loop
      vertex  3.459638e+001  1.017028e+001  0.000000e+000
      vertex  3.458489e+001  1.029540e+001 -5.000000e+000
      vertex  3.459638e+001  1.017028e+001 -5.000000e+000
    endloop
  endfacet
  facet normal -9.995857e-001 -2.878253e-002  0.000000e+000
    outer loop
      vertex  3.459638e+001  1.017028e+001  0.000000e+000
      vertex  3.459638e+001  1.017028e+001 -5.000000e+000
      vertex  3.459999e+001  1.004469e+001  0.000000e+000
    endloop
  endfacet
  facet normal -9.995857e-001 -2.878253e-002  -0.000000e+000
    outer loop
      vertex  3.459999e+001  1.004469e+001  0.000000e+000
      vertex  3.459638e+001  1.017028e+001 -5.000000e+000
      vertex  3.459999e+001  1.004469e+001 -5.000000e+000
    endloop
  endfacet
  facet normal -9.994196e-001  3.406543e-002  0.000000e+000
    outer loop
      vertex  3.459999e+001  1.004469e+001  0.000000e+000
      vertex  3.459999e+001  1.004469e+001 -5.000000e+000
      vertex  3.459571e+001  9.919120e+000  0.000000e+000
    endloop
  endfacet
  facet normal -9.994196e-001  3.406543e-002  0.000000e+000
    outer loop
      vertex  3.459571e+001  9.919120e+000  0.000000e+000
      vertex  3.459999e+001  1.004469e+001 -5.000000e+000
      vertex  3.459571e+001  9.919120e+000 -5.000000e+000
    endloop
  endfacet
  facet normal -9.953076e-001  9.676180e-002  0.000000e+000
    outer loop
      vertex  3.459571e+001  9.919120e+000  0.000000e+000
      vertex  3.459571e+001  9.919120e+000 -5.000000e+000
      vertex  3.458356e+001  9.794066e+000  0.000000e+000
    endloop
  endfacet
  facet normal -9.953076e-001  9.676180e-002  0.000000e+000
    outer loop
      vertex  3.458356e+001  9.794066e+000  0.000000e+000
      vertex  3.459571e+001  9.919120e+000 -5.000000e+000
      vertex  3.458356e+001  9.794066e+000 -5.000000e+000
    endloop
  endfacet
  facet normal -9.872683e-001  1.590632e-001  0.000000e+000
    outer loop
      vertex  3.458356e+001  9.794066e+000  0.000000e+000
      vertex  3.458356e+001  9.794066e+000 -5.000000e+000
      vertex  3.456357e+001  9.670023e+000  0.000000e+000
    endloop
  endfacet
  facet normal -9.872683e-001  1.590632e-001  0.000000e+000
    outer loop
      vertex  3.456357e+001  9.670023e+000  0.000000e+000
      vertex  3.458356e+001  9.794066e+000 -5.000000e+000
      vertex  3.456357e+001  9.670023e+000 -5.000000e+000
    endloop
  endfacet
  facet normal -9.753356e-001  2.207270e-001  0.000000e+000
    outer loop
      vertex  3.456357e+001  9.670023e+000  0.000000e+000
      vertex  3.456357e+001  9.670023e+000 -5.000000e+000
      vertex  3.453584e+001  9.547479e+000  0.000000e+000
    endloop
  endfacet
  facet normal -9.753356e-001  2.207270e-001  0.000000e+000
    outer loop
      vertex  3.453584e+001  9.547479e+000  0.000000e+000
      vertex  3.456357e+001  9.670023e+000 -5.000000e+000
      vertex  3.453584e+001  9.547479e+000 -5.000000e+000
    endloop
  endfacet
  facet normal -9.595491e-001  2.815412e-001  0.000000e+000
    outer loop
      vertex  3.453584e+001  9.547479e+000  0.000000e+000
      vertex  3.453584e+001  9.547479e+000 -5.000000e+000
      vertex  3.450047e+001  9.426918e+000  0.000000e+000
    endloop
  endfacet
  facet normal -9.595491e-001  2.815412e-001  0.000000e+000
    outer loop
      vertex  3.450047e+001  9.426918e+000  0.000000e+000
      vertex  3.453584e+001  9.547479e+000 -5.000000e+000
      vertex  3.450047e+001  9.426918e+000 -5.000000e+000
    endloop
  endfacet
  facet normal -9.399785e-001  3.412335e-001  0.000000e+000
    outer loop
      vertex  3.450047e+001  9.426918e+000  0.000000e+000
      vertex  3.450047e+001  9.426918e+000 -5.000000e+000
      vertex  3.445759e+001  9.308817e+000  0.000000e+000
    endloop
  endfacet
  facet normal -9.399785e-001  3.412335e-001  0.000000e+000
    outer loop
      vertex  3.445759e+001  9.308817e+000  0.000000e+000
      vertex  3.450047e+001  9.426918e+000 -5.000000e+000
      vertex  3.445759e+001  9.308817e+000 -5.000000e+000
    endloop
  endfacet
  facet normal -9.166965e-001  3.995841e-001  0.000000e+000
    outer loop
      vertex  3.445759e+001  9.308817e+000  0.000000e+000
      vertex  3.445759e+001  9.308817e+000 -5.000000e+000
      vertex  3.440739e+001  9.193640e+000  0.000000e+000
    endloop
  endfacet
  facet normal -9.166965e-001  3.995841e-001  0.000000e+000
    outer loop
      vertex  3.440739e+001  9.193640e+000  0.000000e+000
      vertex  3.445759e+001  9.308817e+000 -5.000000e+000
      vertex  3.440739e+001  9.193640e+000 -5.000000e+000
    endloop
  endfacet
  facet normal -8.897941e-001  4.563623e-001  0.000000e+000
    outer loop
      vertex  3.440739e+001  9.193640e+000  0.000000e+000
      vertex  3.440739e+001  9.193640e+000 -5.000000e+000
      vertex  3.435005e+001  9.081843e+000  0.000000e+000
    endloop
  endfacet
  facet normal -8.897941e-001  4.563623e-001  0.000000e+000
    outer loop
      vertex  3.435005e+001  9.081843e+000  0.000000e+000
      vertex  3.440739e+001  9.193640e+000 -5.000000e+000
      vertex  3.435005e+001  9.081843e+000 -5.000000e+000
    endloop
  endfacet
  facet normal -8.593912e-001  5.113188e-001  0.000000e+000
    outer loop
      vertex  3.435005e+001  9.081843e+000  0.000000e+000
      vertex  3.435005e+001  9.081843e+000 -5.000000e+000
      vertex  3.428580e+001  8.973867e+000  0.000000e+000
    endloop
  endfacet
  facet normal -8.593912e-001  5.113188e-001  0.000000e+000
    outer loop
      vertex  3.428580e+001  8.973867e+000  0.000000e+000
      vertex  3.435005e+001  9.081843e+000 -5.000000e+000
      vertex  3.428580e+001  8.973867e+000 -5.000000e+000
    endloop
  endfacet
  facet normal -8.255909e-001  5.642692e-001  0.000000e+000
    outer loop
      vertex  3.428580e+001  8.973867e+000  0.000000e+000
      vertex  3.428580e+001  8.973867e+000 -5.000000e+000
      vertex  3.421491e+001  8.870138e+000  0.000000e+000
    endloop
  endfacet
  facet normal -8.255909e-001  5.642692e-001  0.000000e+000
    outer loop
      vertex  3.421491e+001  8.870138e+000  0.000000e+000
      vertex  3.428580e+001  8.973867e+000 -5.000000e+000
      vertex  3.421491e+001  8.870138e+000 -5.000000e+000
    endloop
  endfacet
  facet normal -7.885255e-001  6.150020e-001  0.000000e+000
    outer loop
      vertex  3.421491e+001  8.870138e+000  0.000000e+000
      vertex  3.421491e+001  8.870138e+000 -5.000000e+000
      vertex  3.413764e+001  8.771066e+000  0.000000e+000
    endloop
  endfacet
  facet normal -7.885255e-001  6.150020e-001  0.000000e+000
    outer loop
      vertex  3.413764e+001  8.771066e+000  0.000000e+000
      vertex  3.421491e+001  8.870138e+000 -5.000000e+000
      vertex  3.413764e+001  8.771066e+000 -5.000000e+000
    endloop
  endfacet
  facet normal -7.483516e-001  6.633022e-001  0.000000e+000
    outer loop
      vertex  3.413764e+001  8.771066e+000  0.000000e+000
      vertex  3.413764e+001  8.771066e+000 -5.000000e+000
      vertex  3.405430e+001  8.677040e+000  0.000000e+000
    endloop
  endfacet
  facet normal -7.483516e-001  6.633022e-001  0.000000e+000
    outer loop
      vertex  3.405430e+001  8.677040e+000  0.000000e+000
      vertex  3.413764e+001  8.771066e+000 -5.000000e+000
      vertex  3.405430e+001  8.677040e+000 -5.000000e+000
    endloop
  endfacet
  facet normal -7.052181e-001  7.089905e-001  0.000000e+000
    outer loop
      vertex  3.405430e+001  8.677040e+000  0.000000e+000
      vertex  3.405430e+001  8.677040e+000 -5.000000e+000
      vertex  3.396522e+001  8.588433e+000  0.000000e+000
    endloop
  endfacet
  facet normal -7.052181e-001  7.089905e-001  0.000000e+000
    outer loop
      vertex  3.396522e+001  8.588433e+000  0.000000e+000
      vertex  3.405430e+001  8.677040e+000 -5.000000e+000
      vertex  3.396522e+001  8.588433e+000 -5.000000e+000
    endloop
  endfacet
  facet normal -6.593318e-001  7.518522e-001  0.000000e+000
    outer loop
      vertex  3.396522e+001  8.588433e+000  0.000000e+000
      vertex  3.396522e+001  8.588433e+000 -5.000000e+000
      vertex  3.387075e+001  8.505594e+000  0.000000e+000
    endloop
  endfacet
  facet normal -6.593318e-001  7.518522e-001  0.000000e+000
    outer loop
      vertex  3.387075e+001  8.505594e+000  0.000000e+000
      vertex  3.396522e+001  8.588433e+000 -5.000000e+000
      vertex  3.387075e+001  8.505594e+000 -5.000000e+000
    endloop
  endfacet
  facet normal -6.107970e-001  7.917872e-001  0.000000e+000
    outer loop
      vertex  3.387075e+001  8.505594e+000  0.000000e+000
      vertex  3.387075e+001  8.505594e+000 -5.000000e+000
      vertex  3.377127e+001  8.428851e+000  0.000000e+000
    endloop
  endfacet
  facet normal -6.107970e-001  7.917872e-001  0.000000e+000
    outer loop
      vertex  3.377127e+001  8.428851e+000  0.000000e+000
      vertex  3.387075e+001  8.505594e+000 -5.000000e+000
      vertex  3.377127e+001  8.428851e+000 -5.000000e+000
    endloop
  endfacet
  facet normal -5.598899e-001  8.285670e-001  0.000000e+000
    outer loop
      vertex  3.377127e+001  8.428851e+000  0.000000e+000
      vertex  3.377127e+001  8.428851e+000 -5.000000e+000
      vertex  3.366717e+001  8.358505e+000  0.000000e+000
    endloop
  endfacet
  facet normal -5.598899e-001  8.285670e-001  0.000000e+000
    outer loop
      vertex  3.366717e+001  8.358505e+000  0.000000e+000
      vertex  3.377127e+001  8.428851e+000 -5.000000e+000
      vertex  3.366717e+001  8.358505e+000 -5.000000e+000
    endloop
  endfacet
  facet normal -5.067451e-001  8.620959e-001  0.000000e+000
    outer loop
      vertex  3.366717e+001  8.358505e+000  0.000000e+000
      vertex  3.366717e+001  8.358505e+000 -5.000000e+000
      vertex  3.355885e+001  8.294835e+000  0.000000e+000
    endloop
  endfacet
  facet normal -5.067451e-001  8.620959e-001  0.000000e+000
    outer loop
      vertex  3.355885e+001  8.294835e+000  0.000000e+000
      vertex  3.366717e+001  8.358505e+000 -5.000000e+000
      vertex  3.355885e+001  8.294835e+000 -5.000000e+000
    endloop
  endfacet
  facet normal -4.516288e-001  8.922059e-001  0.000000e+000
    outer loop
      vertex  3.355885e+001  8.294835e+000  0.000000e+000
      vertex  3.355885e+001  8.294835e+000 -5.000000e+000
      vertex  3.344675e+001  8.238091e+000  0.000000e+000
    endloop
  endfacet
  facet normal -4.516288e-001  8.922059e-001  0.000000e+000
    outer loop
      vertex  3.344675e+001  8.238091e+000  0.000000e+000
      vertex  3.355885e+001  8.294835e+000 -5.000000e+000
      vertex  3.344675e+001  8.238091e+000 -5.000000e+000
    endloop
  endfacet
  facet normal -3.947161e-001  9.188031e-001  0.000000e+000
    outer loop
      vertex  3.344675e+001  8.238091e+000  0.000000e+000
      vertex  3.344675e+001  8.238091e+000 -5.000000e+000
      vertex  3.333131e+001  8.188498e+000  0.000000e+000
    endloop
  endfacet
  facet normal -3.947161e-001  9.188031e-001  0.000000e+000
    outer loop
      vertex  3.333131e+001  8.188498e+000  0.000000e+000
      vertex  3.344675e+001  8.238091e+000 -5.000000e+000
      vertex  3.333131e+001  8.188498e+000 -5.000000e+000
    endloop
  endfacet
  facet normal -3.362364e-001  9.417776e-001  0.000000e+000
    outer loop
      vertex  3.333131e+001  8.188498e+000  0.000000e+000
      vertex  3.333131e+001  8.188498e+000 -5.000000e+000
      vertex  3.321298e+001  8.146253e+000  0.000000e+000
    endloop
  endfacet
  facet normal -3.362364e-001  9.417776e-001  0.000000e+000
    outer loop
      vertex  3.321298e+001  8.146253e+000  0.000000e+000
      vertex  3.333131e+001  8.188498e+000 -5.000000e+000
      vertex  3.321298e+001  8.146253e+000 -5.000000e+000
    endloop
  endfacet
  facet normal -2.764410e-001  9.610309e-001  0.000000e+000
    outer loop
      vertex  3.321298e+001  8.146253e+000  0.000000e+000
      vertex  3.321298e+001  8.146253e+000 -5.000000e+000
      vertex  3.309224e+001  8.111520e+000  0.000000e+000
    endloop
  endfacet
  facet normal -2.764410e-001  9.610309e-001  0.000000e+000
    outer loop
      vertex  3.309224e+001  8.111520e+000  0.000000e+000
      vertex  3.321298e+001  8.146253e+000 -5.000000e+000
      vertex  3.309224e+001  8.111520e+000 -5.000000e+000
    endloop
  endfacet
  facet normal -2.155527e-001  9.764922e-001  0.000000e+000
    outer loop
      vertex  3.309224e+001  8.111520e+000  0.000000e+000
      vertex  3.309224e+001  8.111520e+000 -5.000000e+000
      vertex  3.296955e+001  8.084437e+000  0.000000e+000
    endloop
  endfacet
  facet normal -2.155527e-001  9.764922e-001  0.000000e+000
    outer loop
      vertex  3.296955e+001  8.084437e+000  0.000000e+000
      vertex  3.309224e+001  8.111520e+000 -5.000000e+000
      vertex  3.296955e+001  8.084437e+000 -5.000000e+000
    endloop
  endfacet
  facet normal -1.538091e-001  9.881005e-001  0.000000e+000
    outer loop
      vertex  3.296955e+001  8.084437e+000  0.000000e+000
      vertex  3.296955e+001  8.084437e+000 -5.000000e+000
      vertex  3.284540e+001  8.065112e+000  0.000000e+000
    endloop
  endfacet
  facet normal -1.538091e-001  9.881005e-001  0.000000e+000
    outer loop
      vertex  3.284540e+001  8.065112e+000  0.000000e+000
      vertex  3.296955e+001  8.084437e+000 -5.000000e+000
      vertex  3.284540e+001  8.065112e+000 -5.000000e+000
    endloop
  endfacet
  facet normal -9.146234e-002  9.958085e-001  0.000000e+000
    outer loop
      vertex  3.284540e+001  8.065112e+000  0.000000e+000
      vertex  3.284540e+001  8.065112e+000 -5.000000e+000
      vertex  3.272028e+001  8.053620e+000  0.000000e+000
    endloop
  endfacet
  facet normal -9.146234e-002  9.958085e-001  0.000000e+000
    outer loop
      vertex  3.272028e+001  8.053620e+000  0.000000e+000
      vertex  3.284540e+001  8.065112e+000 -5.000000e+000
      vertex  3.272028e+001  8.053620e+000 -5.000000e+000
    endloop
  endfacet
  facet normal -2.876065e-002  9.995863e-001  0.000000e+000
    outer loop
      vertex  3.272028e+001  8.053620e+000  0.000000e+000
      vertex  3.272028e+001  8.053620e+000 -5.000000e+000
      vertex  3.259469e+001  8.050007e+000  0.000000e+000
    endloop
  endfacet
  facet normal -2.876065e-002  9.995863e-001  0.000000e+000
    outer loop
      vertex  3.259469e+001  8.050007e+000  0.000000e+000
      vertex  3.272028e+001  8.053620e+000 -5.000000e+000
      vertex  3.259469e+001  8.050007e+000 -5.000000e+000
    endloop
  endfacet
  facet normal  3.406492e-002  9.994196e-001  -0.000000e+000
    outer loop
      vertex  3.259469e+001  8.050007e+000  0.000000e+000
      vertex  3.259469e+001  8.050007e+000 -5.000000e+000
      vertex  3.246912e+001  8.054287e+000  0.000000e+000
    endloop
  endfacet
  facet normal  3.406492e-002  9.994196e-001  0.000000e+000
    outer loop
      vertex  3.246912e+001  8.054287e+000  0.000000e+000
      vertex  3.259469e+001  8.050007e+000 -5.000000e+000
      vertex  3.246912e+001  8.054287e+000 -5.000000e+000
    endloop
  endfacet
  facet normal  9.675428e-002  9.953083e-001  -0.000000e+000
    outer loop
      vertex  3.246912e+001  8.054287e+000  0.000000e+000
      vertex  3.246912e+001  8.054287e+000 -5.000000e+000
      vertex  3.234407e+001  8.066443e+000  0.000000e+000
    endloop
  endfacet
  facet normal  9.675428e-002  9.953083e-001  0.000000e+000
    outer loop
      vertex  3.234407e+001  8.066443e+000  0.000000e+000
      vertex  3.246912e+001  8.054287e+000 -5.000000e+000
      vertex  3.234407e+001  8.066443e+000 -5.000000e+000
    endloop
  endfacet
  facet normal  1.590570e-001  9.872693e-001  -0.000000e+000
    outer loop
      vertex  3.234407e+001  8.066443e+000  0.000000e+000
      vertex  3.234407e+001  8.066443e+000 -5.000000e+000
      vertex  3.222002e+001  8.086428e+000  0.000000e+000
    endloop
  endfacet
  facet normal  1.590570e-001  9.872693e-001  0.000000e+000
    outer loop
      vertex  3.222002e+001  8.086428e+000  0.000000e+000
      vertex  3.234407e+001  8.066443e+000 -5.000000e+000
      vertex  3.222002e+001  8.086428e+000 -5.000000e+000
    endloop
  endfacet
  facet normal  2.207286e-001  9.753352e-001  -0.000000e+000
    outer loop
      vertex  3.222002e+001  8.086428e+000  0.000000e+000
      vertex  3.222002e+001  8.086428e+000 -5.000000e+000
      vertex  3.209748e+001  8.114161e+000  0.000000e+000
    endloop
  endfacet
  facet normal  2.207286e-001  9.753352e-001  0.000000e+000
    outer loop
      vertex  3.209748e+001  8.114161e+000  0.000000e+000
      vertex  3.222002e+001  8.086428e+000 -5.000000e+000
      vertex  3.209748e+001  8.114161e+000 -5.000000e+000
    endloop
  endfacet
  facet normal  2.815391e-001  9.595497e-001  -0.000000e+000
    outer loop
      vertex  3.209748e+001  8.114161e+000  0.000000e+000
      vertex  3.209748e+001  8.114161e+000 -5.000000e+000
      vertex  3.197692e+001  8.149534e+000  0.000000e+000
    endloop
  endfacet
  facet normal  2.815391e-001  9.595497e-001  0.000000e+000
    outer loop
      vertex  3.197692e+001  8.149534e+000  0.000000e+000
      vertex  3.209748e+001  8.114161e+000 -5.000000e+000
      vertex  3.197692e+001  8.149534e+000 -5.000000e+000
    endloop
  endfacet
  facet normal  3.412353e-001  9.399779e-001  -0.000000e+000
    outer loop
      vertex  3.197692e+001  8.149534e+000  0.000000e+000
      vertex  3.197692e+001  8.149534e+000 -5.000000e+000
      vertex  3.185882e+001  8.192409e+000  0.000000e+000
    endloop
  endfacet
  facet normal  3.412353e-001  9.399779e-001  0.000000e+000
    outer loop
      vertex  3.185882e+001  8.192409e+000  0.000000e+000
      vertex  3.197692e+001  8.149534e+000 -5.000000e+000
      vertex  3.185882e+001  8.192409e+000 -5.000000e+000
    endloop
  endfacet
  facet normal  3.995833e-001  9.166968e-001  -0.000000e+000
    outer loop
      vertex  3.185882e+001  8.192409e+000  0.000000e+000
      vertex  3.185882e+001  8.192409e+000 -5.000000e+000
      vertex  3.174364e+001  8.242613e+000  0.000000e+000
    endloop
  endfacet
  facet normal  3.995833e-001  9.166968e-001  0.000000e+000
    outer loop
      vertex  3.174364e+001  8.242613e+000  0.000000e+000
      vertex  3.185882e+001  8.192409e+000 -5.000000e+000
      vertex  3.174364e+001  8.242613e+000 -5.000000e+000
    endloop
  endfacet
  facet normal  4.563532e-001  8.897987e-001  -0.000000e+000
    outer loop
      vertex  3.174364e+001  8.242613e+000  0.000000e+000
      vertex  3.174364e+001  8.242613e+000 -5.000000e+000
      vertex  3.163184e+001  8.299951e+000  0.000000e+000
    endloop
  endfacet
  facet normal  4.563532e-001  8.897987e-001  0.000000e+000
    outer loop
      vertex  3.163184e+001  8.299951e+000  0.000000e+000
      vertex  3.174364e+001  8.242613e+000 -5.000000e+000
      vertex  3.163184e+001  8.299951e+000 -5.000000e+000
    endloop
  endfacet
  facet normal  5.113210e-001  8.593897e-001  -0.000000e+000
    outer loop
      vertex  3.163184e+001  8.299951e+000  0.000000e+000
      vertex  3.163184e+001  8.299951e+000 -5.000000e+000
      vertex  3.152387e+001  8.364195e+000  0.000000e+000
    endloop
  endfacet
  facet normal  5.113210e-001  8.593897e-001  0.000000e+000
    outer loop
      vertex  3.152387e+001  8.364195e+000  0.000000e+000
      vertex  3.163184e+001  8.299951e+000 -5.000000e+000
      vertex  3.152387e+001  8.364195e+000 -5.000000e+000
    endloop
  endfacet
  facet normal  5.642795e-001  8.255839e-001  -0.000000e+000
    outer loop
      vertex  3.152387e+001  8.364195e+000  0.000000e+000
      vertex  3.152387e+001  8.364195e+000 -5.000000e+000
      vertex  3.142014e+001  8.435093e+000  0.000000e+000
    endloop
  endfacet
  facet normal  5.642795e-001  8.255839e-001  0.000000e+000
    outer loop
      vertex  3.142014e+001  8.435093e+000  0.000000e+000
      vertex  3.152387e+001  8.364195e+000 -5.000000e+000
      vertex  3.142014e+001  8.435093e+000 -5.000000e+000
    endloop
  endfacet
  facet normal  6.150057e-001  7.885226e-001  -0.000000e+000
    outer loop
      vertex  3.142014e+001  8.435093e+000  0.000000e+000
      vertex  3.142014e+001  8.435093e+000 -5.000000e+000
      vertex  3.132107e+001  8.512363e+000  0.000000e+000
    endloop
  endfacet
  facet normal  6.150057e-001  7.885226e-001  0.000000e+000
    outer loop
      vertex  3.132107e+001  8.512363e+000  0.000000e+000
      vertex  3.142014e+001  8.435093e+000 -5.000000e+000
      vertex  3.132107e+001  8.512363e+000 -5.000000e+000
    endloop
  endfacet
  facet normal  6.632941e-001  7.483587e-001  -0.000000e+000
    outer loop
      vertex  3.132107e+001  8.512363e+000  0.000000e+000
      vertex  3.132107e+001  8.512363e+000 -5.000000e+000
      vertex  3.122704e+001  8.595702e+000  0.000000e+000
    endloop
  endfacet
  facet normal  6.632941e-001  7.483587e-001  0.000000e+000
    outer loop
      vertex  3.122704e+001  8.595702e+000  0.000000e+000
      vertex  3.132107e+001  8.512363e+000 -5.000000e+000
      vertex  3.122704e+001  8.595702e+000 -5.000000e+000
    endloop
  endfacet
  facet normal  7.089867e-001  7.052218e-001  -0.000000e+000
    outer loop
      vertex  3.122704e+001  8.595702e+000  0.000000e+000
      vertex  3.122704e+001  8.595702e+000 -5.000000e+000
      vertex  3.113843e+001  8.684781e+000  0.000000e+000
    endloop
  endfacet
  facet normal  7.089867e-001  7.052218e-001  0.000000e+000
    outer loop
      vertex  3.113843e+001  8.684781e+000  0.000000e+000
      vertex  3.122704e+001  8.595702e+000 -5.000000e+000
      vertex  3.113843e+001  8.684781e+000 -5.000000e+000
    endloop
  endfacet
  facet normal  7.518658e-001  6.593162e-001  -0.000000e+000
    outer loop
      vertex  3.113843e+001  8.684781e+000  0.000000e+000
      vertex  3.113843e+001  8.684781e+000 -5.000000e+000
      vertex  3.105560e+001  8.779247e+000  0.000000e+000
    endloop
  endfacet
  facet normal  7.518658e-001  6.593162e-001  0.000000e+000
    outer loop
      vertex  3.105560e+001  8.779247e+000  0.000000e+000
      vertex  3.113843e+001  8.684781e+000 -5.000000e+000
      vertex  3.105560e+001  8.779247e+000 -5.000000e+000
    endloop
  endfacet
  facet normal  7.917778e-001  6.108092e-001  -0.000000e+000
    outer loop
      vertex  3.105560e+001  8.779247e+000  0.000000e+000
      vertex  3.105560e+001  8.779247e+000 -5.000000e+000
      vertex  3.097885e+001  8.878729e+000  0.000000e+000
    endloop
  endfacet
  facet normal  7.917778e-001  6.108092e-001  0.000000e+000
    outer loop
      vertex  3.097885e+001  8.878729e+000  0.000000e+000
      vertex  3.105560e+001  8.779247e+000 -5.000000e+000
      vertex  3.097885e+001  8.878729e+000 -5.000000e+000
    endloop
  endfacet
  facet normal  8.285658e-001  5.598916e-001  -0.000000e+000
    outer loop
      vertex  3.097885e+001  8.878729e+000  0.000000e+000
      vertex  3.097885e+001  8.878729e+000 -5.000000e+000
      vertex  3.090850e+001  8.982833e+000  0.000000e+000
    endloop
  endfacet
  facet normal  8.285658e-001  5.598916e-001  0.000000e+000
    outer loop
      vertex  3.090850e+001  8.982833e+000  0.000000e+000
      vertex  3.097885e+001  8.878729e+000 -5.000000e+000
      vertex  3.090850e+001  8.982833e+000 -5.000000e+000
    endloop
  endfacet
  facet normal  8.620954e-001  5.067461e-001  -0.000000e+000
    outer loop
      vertex  3.090850e+001  8.982833e+000  0.000000e+000
      vertex  3.090850e+001  8.982833e+000 -5.000000e+000
      vertex  3.084484e+001  9.091149e+000  0.000000e+000
    endloop
  endfacet
  facet normal  8.620954e-001  5.067461e-001  0.000000e+000
    outer loop
      vertex  3.084484e+001  9.091149e+000  0.000000e+000
      vertex  3.090850e+001  8.982833e+000 -5.000000e+000
      vertex  3.084484e+001  9.091149e+000 -5.000000e+000
    endloop
  endfacet
  facet normal  8.922091e-001 -4.516227e-001  0.000000e+000
    outer loop
      vertex  2.724483e+001 -3.099115e+001 -5.000000e+000
      vertex  2.724483e+001 -3.099115e+001  0.000000e+000
      vertex  2.718809e+001 -3.110325e+001 -5.000000e+000
    endloop
  endfacet
  facet normal  8.922091e-001 -4.516227e-001  0.000000e+000
    outer loop
      vertex  2.718809e+001 -3.110325e+001 -5.000000e+000
      vertex  2.724483e+001 -3.099115e+001  0.000000e+000
      vertex  2.718809e+001 -3.110325e+001  0.000000e+000
    endloop
  endfacet
  facet normal  9.188055e-001 -3.947106e-001  0.000000e+000
    outer loop
      vertex  2.718809e+001 -3.110325e+001 -5.000000e+000
      vertex  2.718809e+001 -3.110325e+001  0.000000e+000
      vertex  2.713850e+001 -3.121869e+001 -5.000000e+000
    endloop
  endfacet
  facet normal  9.188055e-001 -3.947106e-001  0.000000e+000
    outer loop
      vertex  2.713850e+001 -3.121869e+001 -5.000000e+000
      vertex  2.718809e+001 -3.110325e+001  0.000000e+000
      vertex  2.713850e+001 -3.121869e+001  0.000000e+000
    endloop
  endfacet
  facet normal  9.417760e-001 -3.362412e-001  0.000000e+000
    outer loop
      vertex  2.713850e+001 -3.121869e+001 -5.000000e+000
      vertex  2.713850e+001 -3.121869e+001  0.000000e+000
      vertex  2.709625e+001 -3.133702e+001 -5.000000e+000
    endloop
  endfacet
  facet normal  9.417760e-001 -3.362412e-001  0.000000e+000
    outer loop
      vertex  2.709625e+001 -3.133702e+001 -5.000000e+000
      vertex  2.713850e+001 -3.121869e+001  0.000000e+000
      vertex  2.709625e+001 -3.133702e+001  0.000000e+000
    endloop
  endfacet
  facet normal  9.610322e-001 -2.764370e-001  0.000000e+000
    outer loop
      vertex  2.709625e+001 -3.133702e+001 -5.000000e+000
      vertex  2.709625e+001 -3.133702e+001  0.000000e+000
      vertex  2.706152e+001 -3.145777e+001 -5.000000e+000
    endloop
  endfacet
  facet normal  9.610322e-001 -2.764370e-001  0.000000e+000
    outer loop
      vertex  2.706152e+001 -3.145777e+001 -5.000000e+000
      vertex  2.709625e+001 -3.133702e+001  0.000000e+000
      vertex  2.706152e+001 -3.145777e+001  0.000000e+000
    endloop
  endfacet
  facet normal  9.764922e-001 -2.155527e-001  0.000000e+000
    outer loop
      vertex  2.706152e+001 -3.145777e+001 -5.000000e+000
      vertex  2.706152e+001 -3.145777e+001  0.000000e+000
      vertex  2.703444e+001 -3.158045e+001 -5.000000e+000
    endloop
  endfacet
  facet normal  9.764922e-001 -2.155527e-001  0.000000e+000
    outer loop
      vertex  2.703444e+001 -3.158045e+001 -5.000000e+000
      vertex  2.706152e+001 -3.145777e+001  0.000000e+000
      vertex  2.703444e+001 -3.158045e+001  0.000000e+000
    endloop
  endfacet
  facet normal  9.881002e-001 -1.538114e-001  0.000000e+000
    outer loop
      vertex  2.703444e+001 -3.158045e+001 -5.000000e+000
      vertex  2.703444e+001 -3.158045e+001  0.000000e+000
      vertex  2.701511e+001 -3.170460e+001 -5.000000e+000
    endloop
  endfacet
  facet normal  9.881002e-001 -1.538114e-001  0.000000e+000
    outer loop
      vertex  2.701511e+001 -3.170460e+001 -5.000000e+000
      vertex  2.703444e+001 -3.158045e+001  0.000000e+000
      vertex  2.701511e+001 -3.170460e+001  0.000000e+000
    endloop
  endfacet
  facet normal  9.958084e-001 -9.146371e-002  0.000000e+000
    outer loop
      vertex  2.701511e+001 -3.170460e+001 -5.000000e+000
      vertex  2.701511e+001 -3.170460e+001  0.000000e+000
      vertex  2.700362e+001 -3.182972e+001 -5.000000e+000
    endloop
  endfacet
  facet normal  9.958084e-001 -9.146371e-002  0.000000e+000
    outer loop
      vertex  2.700362e+001 -3.182972e+001 -5.000000e+000
      vertex  2.701511e+001 -3.170460e+001  0.000000e+000
      vertex  2.700362e+001 -3.182972e+001  0.000000e+000
    endloop
  endfacet
  facet normal  9.995866e-001 -2.875219e-002  0.000000e+000
    outer loop
      vertex  2.700362e+001 -3.182972e+001 -5.000000e+000
      vertex  2.700362e+001 -3.182972e+001  0.000000e+000
      vertex  2.700001e+001 -3.195531e+001 -5.000000e+000
    endloop
  endfacet
  facet normal  9.995866e-001 -2.875219e-002  0.000000e+000
    outer loop
      vertex  2.700001e+001 -3.195531e+001 -5.000000e+000
      vertex  2.700362e+001 -3.182972e+001  0.000000e+000
      vertex  2.700001e+001 -3.195531e+001  0.000000e+000
    endloop
  endfacet
  facet normal  9.994196e-001  3.406543e-002  0.000000e+000
    outer loop
      vertex  2.700001e+001 -3.195531e+001 -5.000000e+000
      vertex  2.700001e+001 -3.195531e+001  0.000000e+000
      vertex  2.700429e+001 -3.208088e+001 -5.000000e+000
    endloop
  endfacet
  facet normal  9.994196e-001  3.406543e-002  -0.000000e+000
    outer loop
      vertex  2.700429e+001 -3.208088e+001 -5.000000e+000
      vertex  2.700001e+001 -3.195531e+001  0.000000e+000
      vertex  2.700429e+001 -3.208088e+001  0.000000e+000
    endloop
  endfacet
  facet normal  9.953091e-001  9.674676e-002  0.000000e+000
    outer loop
      vertex  2.700429e+001 -3.208088e+001 -5.000000e+000
      vertex  2.700429e+001 -3.208088e+001  0.000000e+000
      vertex  2.701644e+001 -3.220593e+001 -5.000000e+000
    endloop
  endfacet
  facet normal  9.953091e-001  9.674676e-002  -0.000000e+000
    outer loop
      vertex  2.701644e+001 -3.220593e+001 -5.000000e+000
      vertex  2.700429e+001 -3.208088e+001  0.000000e+000
      vertex  2.701644e+001 -3.220593e+001  0.000000e+000
    endloop
  endfacet
  facet normal  9.872706e-001  1.590496e-001  0.000000e+000
    outer loop
      vertex  2.701644e+001 -3.220593e+001 -5.000000e+000
      vertex  2.701644e+001 -3.220593e+001  0.000000e+000
      vertex  2.703643e+001 -3.232998e+001 -5.000000e+000
    endloop
  endfacet
  facet normal  9.872706e-001  1.590496e-001  -0.000000e+000
    outer loop
      vertex  2.703643e+001 -3.232998e+001 -5.000000e+000
      vertex  2.701644e+001 -3.220593e+001  0.000000e+000
      vertex  2.703643e+001 -3.232998e+001  0.000000e+000
    endloop
  endfacet
  facet normal  9.753335e-001  2.207366e-001  0.000000e+000
    outer loop
      vertex  2.703643e+001 -3.232998e+001 -5.000000e+000
      vertex  2.703643e+001 -3.232998e+001  0.000000e+000
      vertex  2.706416e+001 -3.245252e+001 -5.000000e+000
    endloop
  endfacet
  facet normal  9.753335e-001  2.207366e-001  -0.000000e+000
    outer loop
      vertex  2.706416e+001 -3.245252e+001 -5.000000e+000
      vertex  2.703643e+001 -3.232998e+001  0.000000e+000
      vertex  2.706416e+001 -3.245252e+001  0.000000e+000
    endloop
  endfacet
  facet normal  9.595486e-001  2.815433e-001  0.000000e+000
    outer loop
      vertex  2.706416e+001 -3.245252e+001 -5.000000e+000
      vertex  2.706416e+001 -3.245252e+001  0.000000e+000
      vertex  2.709953e+001 -3.257308e+001 -5.000000e+000
    endloop
  endfacet
  facet normal  9.595486e-001  2.815433e-001  -0.000000e+000
    outer loop
      vertex  2.709953e+001 -3.257308e+001 -5.000000e+000
      vertex  2.706416e+001 -3.245252e+001  0.000000e+000
      vertex  2.709953e+001 -3.257308e+001  0.000000e+000
    endloop
  endfacet
  facet normal  9.399804e-001  3.412287e-001  0.000000e+000
    outer loop
      vertex  2.709953e+001 -3.257308e+001 -5.000000e+000
      vertex  2.709953e+001 -3.257308e+001  0.000000e+000
      vertex  2.714241e+001 -3.269118e+001 -5.000000e+000
    endloop
  endfacet
  facet normal  9.399804e-001  3.412287e-001  -0.000000e+000
    outer loop
      vertex  2.714241e+001 -3.269118e+001 -5.000000e+000
      vertex  2.709953e+001 -3.257308e+001  0.000000e+000
      vertex  2.714241e+001 -3.269118e+001  0.000000e+000
    endloop
  endfacet
  facet normal  9.166917e-001  3.995952e-001  0.000000e+000
    outer loop
      vertex  2.714241e+001 -3.269118e+001 -5.000000e+000
      vertex  2.714241e+001 -3.269118e+001  0.000000e+000
      vertex  2.719261e+001 -3.280636e+001 -5.000000e+000
    endloop
  endfacet
  facet normal  9.166917e-001  3.995952e-001  -0.000000e+000
    outer loop
      vertex  2.719261e+001 -3.280636e+001 -5.000000e+000
      vertex  2.714241e+001 -3.269118e+001  0.000000e+000
      vertex  2.719261e+001 -3.280636e+001  0.000000e+000
    endloop
  endfacet
  facet normal  8.898018e-001  4.563472e-001  0.000000e+000
    outer loop
      vertex  2.719261e+001 -3.280636e+001 -5.000000e+000
      vertex  2.719261e+001 -3.280636e+001  0.000000e+000
      vertex  2.724995e+001 -3.291816e+001 -5.000000e+000
    endloop
  endfacet
  facet normal  8.898018e-001  4.563472e-001  -0.000000e+000
    outer loop
      vertex  2.724995e+001 -3.291816e+001 -5.000000e+000
      vertex  2.719261e+001 -3.280636e+001  0.000000e+000
      vertex  2.724995e+001 -3.291816e+001  0.000000e+000
    endloop
  endfacet
  facet normal  8.593904e-001  5.113200e-001  0.000000e+000
    outer loop
      vertex  2.724995e+001 -3.291816e+001 -5.000000e+000
      vertex  2.724995e+001 -3.291816e+001  0.000000e+000
      vertex  2.731420e+001 -3.302613e+001 -5.000000e+000
    endloop
  endfacet
  facet normal  8.593904e-001  5.113200e-001  -0.000000e+000
    outer loop
      vertex  2.731420e+001 -3.302613e+001 -5.000000e+000
      vertex  2.724995e+001 -3.291816e+001  0.000000e+000
      vertex  2.731420e+001 -3.302613e+001  0.000000e+000
    endloop
  endfacet
  facet normal  8.255909e-001  5.642692e-001  0.000000e+000
    outer loop
      vertex  2.731420e+001 -3.302613e+001 -5.000000e+000
      vertex  2.731420e+001 -3.302613e+001  0.000000e+000
      vertex  2.738509e+001 -3.312986e+001 -5.000000e+000
    endloop
  endfacet
  facet normal  8.255909e-001  5.642692e-001  -0.000000e+000
    outer loop
      vertex  2.738509e+001 -3.312986e+001 -5.000000e+000
      vertex  2.731420e+001 -3.302613e+001  0.000000e+000
      vertex  2.738509e+001 -3.312986e+001  0.000000e+000
    endloop
  endfacet
  facet normal  7.885153e-001  6.150152e-001  0.000000e+000
    outer loop
      vertex  2.738509e+001 -3.312986e+001 -5.000000e+000
      vertex  2.738509e+001 -3.312986e+001  0.000000e+000
      vertex  2.746236e+001 -3.322894e+001 -5.000000e+000
    endloop
  endfacet
  facet normal  7.885153e-001  6.150152e-001  -0.000000e+000
    outer loop
      vertex  2.746236e+001 -3.322894e+001 -5.000000e+000
      vertex  2.738509e+001 -3.312986e+001  0.000000e+000
      vertex  2.746236e+001 -3.322894e+001  0.000000e+000
    endloop
  endfacet
  facet normal  7.483559e-001  6.632975e-001  0.000000e+000
    outer loop
      vertex  2.746236e+001 -3.322894e+001 -5.000000e+000
      vertex  2.746236e+001 -3.322894e+001  0.000000e+000
      vertex  2.754570e+001 -3.332296e+001 -5.000000e+000
    endloop
  endfacet
  facet normal  7.483559e-001  6.632975e-001  -0.000000e+000
    outer loop
      vertex  2.754570e+001 -3.332296e+001 -5.000000e+000
      vertex  2.746236e+001 -3.322894e+001  0.000000e+000
      vertex  2.754570e+001 -3.332296e+001  0.000000e+000
    endloop
  endfacet
  facet normal  7.052295e-001  7.089791e-001  0.000000e+000
    outer loop
      vertex  2.754570e+001 -3.332296e+001 -5.000000e+000
      vertex  2.754570e+001 -3.332296e+001  0.000000e+000
      vertex  2.763478e+001 -3.341157e+001 -5.000000e+000
    endloop
  endfacet
  facet normal  7.052295e-001  7.089791e-001  -0.000000e+000
    outer loop
      vertex  2.763478e+001 -3.341157e+001 -5.000000e+000
      vertex  2.754570e+001 -3.332296e+001  0.000000e+000
      vertex  2.763478e+001 -3.341157e+001  0.000000e+000
    endloop
  endfacet
  facet normal  6.593038e-001  7.518766e-001  0.000000e+000
    outer loop
      vertex  2.763478e+001 -3.341157e+001 -5.000000e+000
      vertex  2.763478e+001 -3.341157e+001  0.000000e+000
      vertex  2.772925e+001 -3.349440e+001 -5.000000e+000
    endloop
  endfacet
  facet normal  6.593038e-001  7.518766e-001  -0.000000e+000
    outer loop
      vertex  2.772925e+001 -3.349440e+001 -5.000000e+000
      vertex  2.763478e+001 -3.341157e+001  0.000000e+000
      vertex  2.772925e+001 -3.349440e+001  0.000000e+000
    endloop
  endfacet
  facet normal  6.108092e-001  7.917778e-001  0.000000e+000
    outer loop
      vertex  2.772925e+001 -3.349440e+001 -5.000000e+000
      vertex  2.772925e+001 -3.349440e+001  0.000000e+000
      vertex  2.782873e+001 -3.357115e+001 -5.000000e+000
    endloop
  endfacet
  facet normal  6.108092e-001  7.917778e-001  -0.000000e+000
    outer loop
      vertex  2.782873e+001 -3.357115e+001 -5.000000e+000
      vertex  2.772925e+001 -3.349440e+001  0.000000e+000
      vertex  2.782873e+001 -3.357115e+001  0.000000e+000
    endloop
  endfacet
  facet normal  5.598951e-001  8.285634e-001  0.000000e+000
    outer loop
      vertex  2.782873e+001 -3.357115e+001 -5.000000e+000
      vertex  2.782873e+001 -3.357115e+001  0.000000e+000
      vertex  2.793283e+001 -3.364149e+001 -5.000000e+000
    endloop
  endfacet
  facet normal  5.598951e-001  8.285634e-001  -0.000000e+000
    outer loop
      vertex  2.793283e+001 -3.364149e+001 -5.000000e+000
      vertex  2.782873e+001 -3.357115e+001  0.000000e+000
      vertex  2.793283e+001 -3.364149e+001  0.000000e+000
    endloop
  endfacet
  facet normal  5.067574e-001  8.620887e-001  0.000000e+000
    outer loop
      vertex  2.793283e+001 -3.364149e+001 -5.000000e+000
      vertex  2.793283e+001 -3.364149e+001  0.000000e+000
      vertex  2.804115e+001 -3.370517e+001 -5.000000e+000
    endloop
  endfacet
  facet normal  5.067574e-001  8.620887e-001  -0.000000e+000
    outer loop
      vertex  2.804115e+001 -3.370517e+001 -5.000000e+000
      vertex  2.793283e+001 -3.364149e+001  0.000000e+000
      vertex  2.804115e+001 -3.370517e+001  0.000000e+000
    endloop
  endfacet
  facet normal  4.516288e-001  8.922059e-001  0.000000e+000
    outer loop
      vertex  2.804115e+001 -3.370517e+001 -5.000000e+000
      vertex  2.804115e+001 -3.370517e+001  0.000000e+000
      vertex  2.815325e+001 -3.376191e+001 -5.000000e+000
    endloop
  endfacet
  facet normal  4.516288e-001  8.922059e-001  -0.000000e+000
    outer loop
      vertex  2.815325e+001 -3.376191e+001 -5.000000e+000
      vertex  2.804115e+001 -3.370517e+001  0.000000e+000
      vertex  2.815325e+001 -3.376191e+001  0.000000e+000
    endloop
  endfacet
  facet normal  3.946978e-001  9.188110e-001  0.000000e+000
    outer loop
      vertex  2.815325e+001 -3.376191e+001 -5.000000e+000
      vertex  2.815325e+001 -3.376191e+001  0.000000e+000
      vertex  2.826869e+001 -3.381150e+001 -5.000000e+000
    endloop
  endfacet
  facet normal  3.946978e-001  9.188110e-001  -0.000000e+000
    outer loop
      vertex  2.826869e+001 -3.381150e+001 -5.000000e+000
      vertex  2.815325e+001 -3.376191e+001  0.000000e+000
      vertex  2.826869e+001 -3.381150e+001  0.000000e+000
    endloop
  endfacet
  facet normal  3.362498e-001  9.417728e-001  0.000000e+000
    outer loop
      vertex  2.826869e+001 -3.381150e+001 -5.000000e+000
      vertex  2.826869e+001 -3.381150e+001  0.000000e+000
      vertex  2.838702e+001 -3.385375e+001 -5.000000e+000
    endloop
  endfacet
  facet normal  3.362498e-001  9.417728e-001  -0.000000e+000
    outer loop
      vertex  2.838702e+001 -3.385375e+001 -5.000000e+000
      vertex  2.826869e+001 -3.381150e+001  0.000000e+000
      vertex  2.838702e+001 -3.385375e+001  0.000000e+000
    endloop
  endfacet
  facet normal  2.764410e-001  9.610309e-001  0.000000e+000
    outer loop
      vertex  2.838702e+001 -3.385375e+001 -5.000000e+000
      vertex  2.838702e+001 -3.385375e+001  0.000000e+000
      vertex  2.850776e+001 -3.388848e+001 -5.000000e+000
    endloop
  endfacet
  facet normal  2.764410e-001  9.610309e-001  -0.000000e+000
    outer loop
      vertex  2.850776e+001 -3.388848e+001 -5.000000e+000
      vertex  2.838702e+001 -3.385375e+001  0.000000e+000
      vertex  2.850776e+001 -3.388848e+001  0.000000e+000
    endloop
  endfacet
  facet normal  2.155351e-001  9.764962e-001  0.000000e+000
    outer loop
      vertex  2.850776e+001 -3.388848e+001 -5.000000e+000
      vertex  2.850776e+001 -3.388848e+001  0.000000e+000
      vertex  2.863046e+001 -3.391556e+001 -5.000000e+000
    endloop
  endfacet
  facet normal  2.155351e-001  9.764962e-001  -0.000000e+000
    outer loop
      vertex  2.863046e+001 -3.391556e+001 -5.000000e+000
      vertex  2.850776e+001 -3.388848e+001  0.000000e+000
      vertex  2.863046e+001 -3.391556e+001  0.000000e+000
    endloop
  endfacet
  facet normal  1.538114e-001  9.881002e-001  0.000000e+000
    outer loop
      vertex  2.863046e+001 -3.391556e+001 -5.000000e+000
      vertex  2.863046e+001 -3.391556e+001  0.000000e+000
      vertex  2.875460e+001 -3.393489e+001 -5.000000e+000
    endloop
  endfacet
  facet normal  1.538114e-001  9.881002e-001  -0.000000e+000
    outer loop
      vertex  2.875460e+001 -3.393489e+001 -5.000000e+000
      vertex  2.863046e+001 -3.391556e+001  0.000000e+000
      vertex  2.875460e+001 -3.393489e+001  0.000000e+000
    endloop
  endfacet
  facet normal  9.147878e-002  9.958071e-001  0.000000e+000
    outer loop
      vertex  2.875460e+001 -3.393489e+001 -5.000000e+000
      vertex  2.875460e+001 -3.393489e+001  0.000000e+000
      vertex  2.887972e+001 -3.394638e+001 -5.000000e+000
    endloop
  endfacet
  facet normal  9.147878e-002  9.958071e-001  -0.000000e+000
    outer loop
      vertex  2.887972e+001 -3.394638e+001 -5.000000e+000
      vertex  2.875460e+001 -3.393489e+001  0.000000e+000
      vertex  2.887972e+001 -3.394638e+001  0.000000e+000
    endloop
  endfacet
  facet normal  2.875219e-002  9.995866e-001  0.000000e+000
    outer loop
      vertex  2.887972e+001 -3.394638e+001 -5.000000e+000
      vertex  2.887972e+001 -3.394638e+001  0.000000e+000
      vertex  2.900531e+001 -3.394999e+001 -5.000000e+000
    endloop
  endfacet
  facet normal  2.875219e-002  9.995866e-001  -0.000000e+000
    outer loop
      vertex  2.900531e+001 -3.394999e+001 -5.000000e+000
      vertex  2.887972e+001 -3.394638e+001  0.000000e+000
      vertex  2.900531e+001 -3.394999e+001  0.000000e+000
    endloop
  endfacet
  facet normal -3.406543e-002  9.994196e-001  0.000000e+000
    outer loop
      vertex  2.900531e+001 -3.394999e+001 -5.000000e+000
      vertex  2.900531e+001 -3.394999e+001  0.000000e+000
      vertex  2.913088e+001 -3.394571e+001 -5.000000e+000
    endloop
  endfacet
  facet normal -3.406543e-002  9.994196e-001  0.000000e+000
    outer loop
      vertex  2.913088e+001 -3.394571e+001 -5.000000e+000
      vertex  2.900531e+001 -3.394999e+001  0.000000e+000
      vertex  2.913088e+001 -3.394571e+001  0.000000e+000
    endloop
  endfacet
  facet normal -9.676180e-002  9.953076e-001  0.000000e+000
    outer loop
      vertex  2.913088e+001 -3.394571e+001 -5.000000e+000
      vertex  2.913088e+001 -3.394571e+001  0.000000e+000
      vertex  2.925593e+001 -3.393356e+001 -5.000000e+000
    endloop
  endfacet
  facet normal -9.676180e-002  9.953076e-001  0.000000e+000
    outer loop
      vertex  2.925593e+001 -3.393356e+001 -5.000000e+000
      vertex  2.913088e+001 -3.394571e+001  0.000000e+000
      vertex  2.925593e+001 -3.393356e+001  0.000000e+000
    endloop
  endfacet
  facet normal -1.590348e-001  9.872730e-001  0.000000e+000
    outer loop
      vertex  2.925593e+001 -3.393356e+001 -5.000000e+000
      vertex  2.925593e+001 -3.393356e+001  0.000000e+000
      vertex  2.937998e+001 -3.391357e+001 -5.000000e+000
    endloop
  endfacet
  facet normal -1.590348e-001  9.872730e-001  0.000000e+000
    outer loop
      vertex  2.937998e+001 -3.391357e+001 -5.000000e+000
      vertex  2.925593e+001 -3.393356e+001  0.000000e+000
      vertex  2.937998e+001 -3.391357e+001  0.000000e+000
    endloop
  endfacet
  facet normal -2.207543e-001  9.753295e-001  0.000000e+000
    outer loop
      vertex  2.937998e+001 -3.391357e+001 -5.000000e+000
      vertex  2.937998e+001 -3.391357e+001  0.000000e+000
      vertex  2.950252e+001 -3.388584e+001 -5.000000e+000
    endloop
  endfacet
  facet normal -2.207543e-001  9.753295e-001  0.000000e+000
    outer loop
      vertex  2.950252e+001 -3.388584e+001 -5.000000e+000
      vertex  2.937998e+001 -3.391357e+001  0.000000e+000
      vertex  2.950252e+001 -3.388584e+001  0.000000e+000
    endloop
  endfacet
  facet normal -2.815433e-001  9.595486e-001  0.000000e+000
    outer loop
      vertex  2.950252e+001 -3.388584e+001 -5.000000e+000
      vertex  2.950252e+001 -3.388584e+001  0.000000e+000
      vertex  2.962308e+001 -3.385046e+001 -5.000000e+000
    endloop
  endfacet
  facet normal -2.815433e-001  9.595486e-001  0.000000e+000
    outer loop
      vertex  2.962308e+001 -3.385046e+001 -5.000000e+000
      vertex  2.950252e+001 -3.388584e+001  0.000000e+000
      vertex  2.962308e+001 -3.385046e+001  0.000000e+000
    endloop
  endfacet
  facet normal -3.412287e-001  9.399804e-001  0.000000e+000
    outer loop
      vertex  2.962308e+001 -3.385046e+001 -5.000000e+000
      vertex  2.962308e+001 -3.385046e+001  0.000000e+000
      vertex  2.974118e+001 -3.380759e+001 -5.000000e+000
    endloop
  endfacet
  facet normal -3.412287e-001  9.399804e-001  0.000000e+000
    outer loop
      vertex  2.974118e+001 -3.380759e+001 -5.000000e+000
      vertex  2.962308e+001 -3.385046e+001  0.000000e+000
      vertex  2.974118e+001 -3.380759e+001  0.000000e+000
    endloop
  endfacet
  facet normal -3.995897e-001  9.166940e-001  0.000000e+000
    outer loop
      vertex  2.974118e+001 -3.380759e+001 -5.000000e+000
      vertex  2.974118e+001 -3.380759e+001  0.000000e+000
      vertex  2.985636e+001 -3.375739e+001 -5.000000e+000
    endloop
  endfacet
  facet normal -3.995897e-001  9.166940e-001  0.000000e+000
    outer loop
      vertex  2.985636e+001 -3.375739e+001 -5.000000e+000
      vertex  2.974118e+001 -3.380759e+001  0.000000e+000
      vertex  2.985636e+001 -3.375739e+001  0.000000e+000
    endloop
  endfacet
  facet normal -4.563352e-001  8.898080e-001  0.000000e+000
    outer loop
      vertex  2.985636e+001 -3.375739e+001 -5.000000e+000
      vertex  2.985636e+001 -3.375739e+001  0.000000e+000
      vertex  2.996816e+001 -3.370005e+001 -5.000000e+000
    endloop
  endfacet
  facet normal -4.563352e-001  8.898080e-001  0.000000e+000
    outer loop
      vertex  2.996816e+001 -3.370005e+001 -5.000000e+000
      vertex  2.985636e+001 -3.375739e+001  0.000000e+000
      vertex  2.996816e+001 -3.370005e+001  0.000000e+000
    endloop
  endfacet
  facet normal -5.113379e-001  8.593798e-001  0.000000e+000
    outer loop
      vertex  2.996816e+001 -3.370005e+001 -5.000000e+000
      vertex  2.996816e+001 -3.370005e+001  0.000000e+000
      vertex  3.007613e+001 -3.363580e+001 -5.000000e+000
    endloop
  endfacet
  facet normal -5.113379e-001  8.593798e-001  0.000000e+000
    outer loop
      vertex  3.007613e+001 -3.363580e+001 -5.000000e+000
      vertex  2.996816e+001 -3.370005e+001  0.000000e+000
      vertex  3.007613e+001 -3.363580e+001  0.000000e+000
    endloop
  endfacet
  facet normal -5.642762e-001  8.255860e-001  0.000000e+000
    outer loop
      vertex  3.007613e+001 -3.363580e+001 -5.000000e+000
      vertex  3.007613e+001 -3.363580e+001  0.000000e+000
      vertex  3.017986e+001 -3.356491e+001 -5.000000e+000
    endloop
  endfacet
  facet normal -5.642762e-001  8.255860e-001  0.000000e+000
    outer loop
      vertex  3.017986e+001 -3.356491e+001 -5.000000e+000
      vertex  3.007613e+001 -3.363580e+001  0.000000e+000
      vertex  3.017986e+001 -3.356491e+001  0.000000e+000
    endloop
  endfacet
  facet normal -6.149984e-001  7.885284e-001  0.000000e+000
    outer loop
      vertex  3.017986e+001 -3.356491e+001 -5.000000e+000
      vertex  3.017986e+001 -3.356491e+001  0.000000e+000
      vertex  3.027893e+001 -3.348764e+001 -5.000000e+000
    endloop
  endfacet
  facet normal -6.149984e-001  7.885284e-001  0.000000e+000
    outer loop
      vertex  3.027893e+001 -3.348764e+001 -5.000000e+000
      vertex  3.017986e+001 -3.356491e+001  0.000000e+000
      vertex  3.027893e+001 -3.348764e+001  0.000000e+000
    endloop
  endfacet
  facet normal -6.633059e-001  7.483483e-001  0.000000e+000
    outer loop
      vertex  3.027893e+001 -3.348764e+001 -5.000000e+000
      vertex  3.027893e+001 -3.348764e+001  0.000000e+000
      vertex  3.037296e+001 -3.340430e+001 -5.000000e+000
    endloop
  endfacet
  facet normal -6.633059e-001  7.483483e-001  0.000000e+000
    outer loop
      vertex  3.037296e+001 -3.340430e+001 -5.000000e+000
      vertex  3.027893e+001 -3.348764e+001  0.000000e+000
      vertex  3.037296e+001 -3.340430e+001  0.000000e+000
    endloop
  endfacet
  facet normal -7.089716e-001  7.052371e-001  0.000000e+000
    outer loop
      vertex  3.037296e+001 -3.340430e+001 -5.000000e+000
      vertex  3.037296e+001 -3.340430e+001  0.000000e+000
      vertex  3.046157e+001 -3.331522e+001 -5.000000e+000
    endloop
  endfacet
  facet normal -7.089716e-001  7.052371e-001  0.000000e+000
    outer loop
      vertex  3.046157e+001 -3.331522e+001 -5.000000e+000
      vertex  3.037296e+001 -3.340430e+001  0.000000e+000
      vertex  3.046157e+001 -3.331522e+001  0.000000e+000
    endloop
  endfacet
  facet normal -7.518691e-001  6.593124e-001  0.000000e+000
    outer loop
      vertex  3.046157e+001 -3.331522e+001 -5.000000e+000
      vertex  3.046157e+001 -3.331522e+001  0.000000e+000
      vertex  3.054440e+001 -3.322075e+001 -5.000000e+000
    endloop
  endfacet
  facet normal -7.518691e-001  6.593124e-001  0.000000e+000
    outer loop
      vertex  3.054440e+001 -3.322075e+001 -5.000000e+000
      vertex  3.046157e+001 -3.331522e+001  0.000000e+000
      vertex  3.054440e+001 -3.322075e+001  0.000000e+000
    endloop
  endfacet
  facet normal -7.917835e-001  6.108018e-001  0.000000e+000
    outer loop
      vertex  3.054440e+001 -3.322075e+001 -5.000000e+000
      vertex  3.054440e+001 -3.322075e+001  0.000000e+000
      vertex  3.062115e+001 -3.312127e+001 -5.000000e+000
    endloop
  endfacet
  facet normal -7.917835e-001  6.108018e-001  0.000000e+000
    outer loop
      vertex  3.062115e+001 -3.312127e+001 -5.000000e+000
      vertex  3.054440e+001 -3.322075e+001  0.000000e+000
      vertex  3.062115e+001 -3.312127e+001  0.000000e+000
    endloop
  endfacet
  facet normal -8.285634e-001  5.598951e-001  0.000000e+000
    outer loop
      vertex  3.062115e+001 -3.312127e+001 -5.000000e+000
      vertex  3.062115e+001 -3.312127e+001  0.000000e+000
      vertex  3.069150e+001 -3.301717e+001 -5.000000e+000
    endloop
  endfacet
  facet normal -8.285634e-001  5.598951e-001  0.000000e+000
    outer loop
      vertex  3.069150e+001 -3.301717e+001 -5.000000e+000
      vertex  3.062115e+001 -3.312127e+001  0.000000e+000
      vertex  3.069150e+001 -3.301717e+001  0.000000e+000
    endloop
  endfacet
  facet normal -8.620915e-001  5.067527e-001  0.000000e+000
    outer loop
      vertex  3.069150e+001 -3.301717e+001 -5.000000e+000
      vertex  3.069150e+001 -3.301717e+001  0.000000e+000
      vertex  3.075517e+001 -3.290885e+001 -5.000000e+000
    endloop
  endfacet
  facet normal -8.620915e-001  5.067527e-001  0.000000e+000
    outer loop
      vertex  3.075517e+001 -3.290885e+001 -5.000000e+000
      vertex  3.069150e+001 -3.301717e+001  0.000000e+000
      vertex  3.075517e+001 -3.290885e+001  0.000000e+000
    endloop
  endfacet
  facet normal -8.922059e-001  4.516288e-001  0.000000e+000
    outer loop
      vertex  3.075517e+001 -3.290885e+001 -5.000000e+000
      vertex  3.075517e+001 -3.290885e+001  0.000000e+000
      vertex  3.081191e+001 -3.279675e+001 -5.000000e+000
    endloop
  endfacet
  facet normal -8.922059e-001  4.516288e-001  0.000000e+000
    outer loop
      vertex  3.081191e+001 -3.279675e+001 -5.000000e+000
      vertex  3.075517e+001 -3.290885e+001  0.000000e+000
      vertex  3.081191e+001 -3.279675e+001  0.000000e+000
    endloop
  endfacet
  facet normal -9.188078e-001  3.947051e-001  0.000000e+000
    outer loop
      vertex  3.081191e+001 -3.279675e+001 -5.000000e+000
      vertex  3.081191e+001 -3.279675e+001  0.000000e+000
      vertex  3.086150e+001 -3.268131e+001 -5.000000e+000
    endloop
  endfacet
  facet normal -9.188078e-001  3.947051e-001  0.000000e+000
    outer loop
      vertex  3.086150e+001 -3.268131e+001 -5.000000e+000
      vertex  3.081191e+001 -3.279675e+001  0.000000e+000
      vertex  3.086150e+001 -3.268131e+001  0.000000e+000
    endloop
  endfacet
  facet normal -9.417776e-001  3.362364e-001  0.000000e+000
    outer loop
      vertex  3.086150e+001 -3.268131e+001 -5.000000e+000
      vertex  3.086150e+001 -3.268131e+001  0.000000e+000
      vertex  3.090375e+001 -3.256298e+001 -5.000000e+000
    endloop
  endfacet
  facet normal -9.417776e-001  3.362364e-001  0.000000e+000
    outer loop
      vertex  3.090375e+001 -3.256298e+001 -5.000000e+000
      vertex  3.086150e+001 -3.268131e+001  0.000000e+000
      vertex  3.090375e+001 -3.256298e+001  0.000000e+000
    endloop
  endfacet
  facet normal -9.610309e-001  2.764410e-001  0.000000e+000
    outer loop
      vertex  3.090375e+001 -3.256298e+001 -5.000000e+000
      vertex  3.090375e+001 -3.256298e+001  0.000000e+000
      vertex  3.093848e+001 -3.244223e+001 -5.000000e+000
    endloop
  endfacet
  facet normal -9.610309e-001  2.764410e-001  0.000000e+000
    outer loop
      vertex  3.093848e+001 -3.244223e+001 -5.000000e+000
      vertex  3.090375e+001 -3.256298e+001  0.000000e+000
      vertex  3.093848e+001 -3.244223e+001  0.000000e+000
    endloop
  endfacet
  facet normal -9.764922e-001  2.155527e-001  0.000000e+000
    outer loop
      vertex  3.093848e+001 -3.244223e+001 -5.000000e+000
      vertex  3.093848e+001 -3.244223e+001  0.000000e+000
      vertex  3.096556e+001 -3.231955e+001 -5.000000e+000
    endloop
  endfacet
  facet normal -9.764922e-001  2.155527e-001  0.000000e+000
    outer loop
      vertex  3.096556e+001 -3.231955e+001 -5.000000e+000
      vertex  3.093848e+001 -3.244223e+001  0.000000e+000
      vertex  3.096556e+001 -3.231955e+001  0.000000e+000
    endloop
  endfacet
  facet normal -9.881005e-001  1.538091e-001  0.000000e+000
    outer loop
      vertex  3.096556e+001 -3.231955e+001 -5.000000e+000
      vertex  3.096556e+001 -3.231955e+001  0.000000e+000
      vertex  3.098489e+001 -3.219540e+001 -5.000000e+000
    endloop
  endfacet
  facet normal -9.881005e-001  1.538091e-001  0.000000e+000
    outer loop
      vertex  3.098489e+001 -3.219540e+001 -5.000000e+000
      vertex  3.096556e+001 -3.231955e+001  0.000000e+000
      vertex  3.098489e+001 -3.219540e+001  0.000000e+000
    endloop
  endfacet
  facet normal -9.958082e-001  9.146510e-002  0.000000e+000
    outer loop
      vertex  3.098489e+001 -3.219540e+001 -5.000000e+000
      vertex  3.098489e+001 -3.219540e+001  0.000000e+000
      vertex  3.099638e+001 -3.207028e+001 -5.000000e+000
    endloop
  endfacet
  facet normal -9.958082e-001  9.146510e-002  0.000000e+000
    outer loop
      vertex  3.099638e+001 -3.207028e+001 -5.000000e+000
      vertex  3.098489e+001 -3.219540e+001  0.000000e+000
      vertex  3.099638e+001 -3.207028e+001  0.000000e+000
    endloop
  endfacet
  facet normal -9.995866e-001  2.875219e-002  0.000000e+000
    outer loop
      vertex  3.099638e+001 -3.207028e+001 -5.000000e+000
      vertex  3.099638e+001 -3.207028e+001  0.000000e+000
      vertex  3.099999e+001 -3.194469e+001 -5.000000e+000
    endloop
  endfacet
  facet normal -9.995866e-001  2.875219e-002  0.000000e+000
    outer loop
      vertex  3.099999e+001 -3.194469e+001 -5.000000e+000
      vertex  3.099638e+001 -3.207028e+001  0.000000e+000
      vertex  3.099999e+001 -3.194469e+001  0.000000e+000
    endloop
  endfacet
  facet normal -9.994196e-001 -3.406543e-002  -0.000000e+000
    outer loop
      vertex  3.099999e+001 -3.194469e+001 -5.000000e+000
      vertex  3.099999e+001 -3.194469e+001  0.000000e+000
      vertex  3.099571e+001 -3.181912e+001 -5.000000e+000
    endloop
  endfacet
  facet normal -9.994196e-001 -3.406543e-002  0.000000e+000
    outer loop
      vertex  3.099571e+001 -3.181912e+001 -5.000000e+000
      vertex  3.099999e+001 -3.194469e+001  0.000000e+000
      vertex  3.099571e+001 -3.181912e+001  0.000000e+000
    endloop
  endfacet
  facet normal -9.953091e-001 -9.674676e-002  -0.000000e+000
    outer loop
      vertex  3.099571e+001 -3.181912e+001 -5.000000e+000
      vertex  3.099571e+001 -3.181912e+001  0.000000e+000
      vertex  3.098356e+001 -3.169407e+001 -5.000000e+000
    endloop
  endfacet
  facet normal -9.953091e-001 -9.674676e-002  0.000000e+000
    outer loop
      vertex  3.098356e+001 -3.169407e+001 -5.000000e+000
      vertex  3.099571e+001 -3.181912e+001  0.000000e+000
      vertex  3.098356e+001 -3.169407e+001  0.000000e+000
    endloop
  endfacet
  facet normal -9.872710e-001 -1.590473e-001  -0.000000e+000
    outer loop
      vertex  3.098356e+001 -3.169407e+001 -5.000000e+000
      vertex  3.098356e+001 -3.169407e+001  0.000000e+000
      vertex  3.096357e+001 -3.157002e+001 -5.000000e+000
    endloop
  endfacet
  facet normal -9.872710e-001 -1.590473e-001  0.000000e+000
    outer loop
      vertex  3.096357e+001 -3.157002e+001 -5.000000e+000
      vertex  3.098356e+001 -3.169407e+001  0.000000e+000
      vertex  3.096357e+001 -3.157002e+001  0.000000e+000
    endloop
  endfacet
  facet normal -9.753320e-001 -2.207431e-001  -0.000000e+000
    outer loop
      vertex  3.096357e+001 -3.157002e+001 -5.000000e+000
      vertex  3.096357e+001 -3.157002e+001  0.000000e+000
      vertex  3.093584e+001 -3.144748e+001 -5.000000e+000
    endloop
  endfacet
  facet normal -9.753320e-001 -2.207431e-001  0.000000e+000
    outer loop
      vertex  3.093584e+001 -3.144748e+001 -5.000000e+000
      vertex  3.096357e+001 -3.157002e+001  0.000000e+000
      vertex  3.093584e+001 -3.144748e+001  0.000000e+000
    endloop
  endfacet
  facet normal -9.595497e-001 -2.815391e-001  -0.000000e+000
    outer loop
      vertex  3.093584e+001 -3.144748e+001 -5.000000e+000
      vertex  3.093584e+001 -3.144748e+001  0.000000e+000
      vertex  3.090047e+001 -3.132692e+001 -5.000000e+000
    endloop
  endfacet
  facet normal -9.595497e-001 -2.815391e-001  0.000000e+000
    outer loop
      vertex  3.090047e+001 -3.132692e+001 -5.000000e+000
      vertex  3.093584e+001 -3.144748e+001  0.000000e+000
      vertex  3.090047e+001 -3.132692e+001  0.000000e+000
    endloop
  endfacet
  facet normal -9.399785e-001 -3.412335e-001  -0.000000e+000
    outer loop
      vertex  3.090047e+001 -3.132692e+001 -5.000000e+000
      vertex  3.090047e+001 -3.132692e+001  0.000000e+000
      vertex  3.085759e+001 -3.120882e+001 -5.000000e+000
    endloop
  endfacet
  facet normal -9.399785e-001 -3.412335e-001  0.000000e+000
    outer loop
      vertex  3.085759e+001 -3.120882e+001 -5.000000e+000
      vertex  3.090047e+001 -3.132692e+001  0.000000e+000
      vertex  3.085759e+001 -3.120882e+001  0.000000e+000
    endloop
  endfacet
  facet normal -9.166965e-001 -3.995841e-001  -0.000000e+000
    outer loop
      vertex  3.085759e+001 -3.120882e+001 -5.000000e+000
      vertex  3.085759e+001 -3.120882e+001  0.000000e+000
      vertex  3.080739e+001 -3.109364e+001 -5.000000e+000
    endloop
  endfacet
  facet normal -9.166965e-001 -3.995841e-001  0.000000e+000
    outer loop
      vertex  3.080739e+001 -3.109364e+001 -5.000000e+000
      vertex  3.085759e+001 -3.120882e+001  0.000000e+000
      vertex  3.080739e+001 -3.109364e+001  0.000000e+000
    endloop
  endfacet
  facet normal -8.897986e-001 -4.563533e-001  -0.000000e+000
    outer loop
      vertex  3.080739e+001 -3.109364e+001 -5.000000e+000
      vertex  3.080739e+001 -3.109364e+001  0.000000e+000
      vertex  3.075005e+001 -3.098184e+001 -5.000000e+000
    endloop
  endfacet
  facet normal -8.897986e-001 -4.563533e-001  0.000000e+000
    outer loop
      vertex  3.075005e+001 -3.098184e+001 -5.000000e+000
      vertex  3.080739e+001 -3.109364e+001  0.000000e+000
      vertex  3.075005e+001 -3.098184e+001  0.000000e+000
    endloop
  endfacet
  facet normal -8.593864e-001 -5.113267e-001  -0.000000e+000
    outer loop
      vertex  3.075005e+001 -3.098184e+001 -5.000000e+000
      vertex  3.075005e+001 -3.098184e+001  0.000000e+000
      vertex  3.068580e+001 -3.087387e+001 -5.000000e+000
    endloop
  endfacet
  facet normal -8.593864e-001 -5.113267e-001  0.000000e+000
    outer loop
      vertex  3.068580e+001 -3.087387e+001 -5.000000e+000
      vertex  3.075005e+001 -3.098184e+001  0.000000e+000
      vertex  3.068580e+001 -3.087387e+001  0.000000e+000
    endloop
  endfacet
  facet normal -8.255909e-001 -5.642692e-001  -0.000000e+000
    outer loop
      vertex  3.068580e+001 -3.087387e+001 -5.000000e+000
      vertex  3.068580e+001 -3.087387e+001  0.000000e+000
      vertex  3.061491e+001 -3.077014e+001 -5.000000e+000
    endloop
  endfacet
  facet normal -8.255909e-001 -5.642692e-001  0.000000e+000
    outer loop
      vertex  3.061491e+001 -3.077014e+001 -5.000000e+000
      vertex  3.068580e+001 -3.087387e+001  0.000000e+000
      vertex  3.061491e+001 -3.077014e+001  0.000000e+000
    endloop
  endfacet
  facet normal -7.885153e-001 -6.150152e-001  -0.000000e+000
    outer loop
      vertex  3.061491e+001 -3.077014e+001 -5.000000e+000
      vertex  3.061491e+001 -3.077014e+001  0.000000e+000
      vertex  3.053764e+001 -3.067107e+001 -5.000000e+000
    endloop
  endfacet
  facet normal -7.885153e-001 -6.150152e-001  0.000000e+000
    outer loop
      vertex  3.053764e+001 -3.067107e+001 -5.000000e+000
      vertex  3.061491e+001 -3.077014e+001  0.000000e+000
      vertex  3.053764e+001 -3.067107e+001  0.000000e+000
    endloop
  endfacet
  facet normal -7.483626e-001 -6.632900e-001  -0.000000e+000
    outer loop
      vertex  3.053764e+001 -3.067107e+001 -5.000000e+000
      vertex  3.053764e+001 -3.067107e+001  0.000000e+000
      vertex  3.045430e+001 -3.057704e+001 -5.000000e+000
    endloop
  endfacet
  facet normal -7.483626e-001 -6.632900e-001  0.000000e+000
    outer loop
      vertex  3.045430e+001 -3.057704e+001 -5.000000e+000
      vertex  3.053764e+001 -3.067107e+001  0.000000e+000
      vertex  3.045430e+001 -3.057704e+001  0.000000e+000
    endloop
  endfacet
  facet normal -7.052218e-001 -7.089867e-001  -0.000000e+000
    outer loop
      vertex  3.045430e+001 -3.057704e+001 -5.000000e+000
      vertex  3.045430e+001 -3.057704e+001  0.000000e+000
      vertex  3.036522e+001 -3.048843e+001 -5.000000e+000
    endloop
  endfacet
  facet normal -7.052218e-001 -7.089867e-001  0.000000e+000
    outer loop
      vertex  3.036522e+001 -3.048843e+001 -5.000000e+000
      vertex  3.045430e+001 -3.057704e+001  0.000000e+000
      vertex  3.036522e+001 -3.048843e+001  0.000000e+000
    endloop
  endfacet
  facet normal -6.593210e-001 -7.518616e-001  -0.000000e+000
    outer loop
      vertex  3.036522e+001 -3.048843e+001 -5.000000e+000
      vertex  3.036522e+001 -3.048843e+001  0.000000e+000
      vertex  3.027075e+001 -3.040559e+001 -5.000000e+000
    endloop
  endfacet
  facet normal -6.593210e-001 -7.518616e-001  0.000000e+000
    outer loop
      vertex  3.027075e+001 -3.040559e+001 -5.000000e+000
      vertex  3.036522e+001 -3.048843e+001  0.000000e+000
      vertex  3.027075e+001 -3.040559e+001  0.000000e+000
    endloop
  endfacet
  facet normal -6.107997e-001 -7.917852e-001  -0.000000e+000
    outer loop
      vertex  3.027075e+001 -3.040559e+001 -5.000000e+000
      vertex  3.027075e+001 -3.040559e+001  0.000000e+000
      vertex  3.017127e+001 -3.032885e+001 -5.000000e+000
    endloop
  endfacet
  facet normal -6.107997e-001 -7.917852e-001  0.000000e+000
    outer loop
      vertex  3.017127e+001 -3.032885e+001 -5.000000e+000
      vertex  3.027075e+001 -3.040559e+001  0.000000e+000
      vertex  3.017127e+001 -3.032885e+001  0.000000e+000
    endloop
  endfacet
  facet normal -5.598951e-001 -8.285634e-001  -0.000000e+000
    outer loop
      vertex  3.017127e+001 -3.032885e+001 -5.000000e+000
      vertex  3.017127e+001 -3.032885e+001  0.000000e+000
      vertex  3.006717e+001 -3.025850e+001 -5.000000e+000
    endloop
  endfacet
  facet normal -5.598951e-001 -8.285634e-001  0.000000e+000
    outer loop
      vertex  3.006717e+001 -3.025850e+001 -5.000000e+000
      vertex  3.017127e+001 -3.032885e+001  0.000000e+000
      vertex  3.006717e+001 -3.025850e+001  0.000000e+000
    endloop
  endfacet
  facet normal -5.067461e-001 -8.620954e-001  -0.000000e+000
    outer loop
      vertex  3.006717e+001 -3.025850e+001 -5.000000e+000
      vertex  3.006717e+001 -3.025850e+001  0.000000e+000
      vertex  2.995885e+001 -3.019484e+001 -5.000000e+000
    endloop
  endfacet
  facet normal -5.067461e-001 -8.620954e-001  0.000000e+000
    outer loop
      vertex  2.995885e+001 -3.019484e+001 -5.000000e+000
      vertex  3.006717e+001 -3.025850e+001  0.000000e+000
      vertex  2.995885e+001 -3.019484e+001  0.000000e+000
    endloop
  endfacet
  facet normal -4.516288e-001 -8.922059e-001  -0.000000e+000
    outer loop
      vertex  2.995885e+001 -3.019484e+001 -5.000000e+000
      vertex  2.995885e+001 -3.019484e+001  0.000000e+000
      vertex  2.984675e+001 -3.013809e+001 -5.000000e+000
    endloop
  endfacet
  facet normal -4.516288e-001 -8.922059e-001  0.000000e+000
    outer loop
      vertex  2.984675e+001 -3.013809e+001 -5.000000e+000
      vertex  2.995885e+001 -3.019484e+001  0.000000e+000
      vertex  2.984675e+001 -3.013809e+001  0.000000e+000
    endloop
  endfacet
  facet normal -3.947106e-001 -9.188055e-001  -0.000000e+000
    outer loop
      vertex  2.984675e+001 -3.013809e+001 -5.000000e+000
      vertex  2.984675e+001 -3.013809e+001  0.000000e+000
      vertex  2.973131e+001 -3.008850e+001 -5.000000e+000
    endloop
  endfacet
  facet normal -3.947106e-001 -9.188055e-001  0.000000e+000
    outer loop
      vertex  2.973131e+001 -3.008850e+001 -5.000000e+000
      vertex  2.984675e+001 -3.013809e+001  0.000000e+000
      vertex  2.973131e+001 -3.008850e+001  0.000000e+000
    endloop
  endfacet
  facet normal -3.362364e-001 -9.417776e-001  -0.000000e+000
    outer loop
      vertex  2.973131e+001 -3.008850e+001 -5.000000e+000
      vertex  2.973131e+001 -3.008850e+001  0.000000e+000
      vertex  2.961298e+001 -3.004625e+001 -5.000000e+000
    endloop
  endfacet
  facet normal -3.362364e-001 -9.417776e-001  0.000000e+000
    outer loop
      vertex  2.961298e+001 -3.004625e+001 -5.000000e+000
      vertex  2.973131e+001 -3.008850e+001  0.000000e+000
      vertex  2.961298e+001 -3.004625e+001  0.000000e+000
    endloop
  endfacet
  facet normal -2.764410e-001 -9.610309e-001  -0.000000e+000
    outer loop
      vertex  2.961298e+001 -3.004625e+001 -5.000000e+000
      vertex  2.961298e+001 -3.004625e+001  0.000000e+000
      vertex  2.949224e+001 -3.001152e+001 -5.000000e+000
    endloop
  endfacet
  facet normal -2.764410e-001 -9.610309e-001  0.000000e+000
    outer loop
      vertex  2.949224e+001 -3.001152e+001 -5.000000e+000
      vertex  2.961298e+001 -3.004625e+001  0.000000e+000
      vertex  2.949224e+001 -3.001152e+001  0.000000e+000
    endloop
  endfacet
  facet normal -2.155495e-001 -9.764929e-001  -0.000000e+000
    outer loop
      vertex  2.949224e+001 -3.001152e+001 -5.000000e+000
      vertex  2.949224e+001 -3.001152e+001  0.000000e+000
      vertex  2.936954e+001 -2.998444e+001 -5.000000e+000
    endloop
  endfacet
  facet normal -2.155495e-001 -9.764929e-001  0.000000e+000
    outer loop
      vertex  2.936954e+001 -2.998444e+001 -5.000000e+000
      vertex  2.949224e+001 -3.001152e+001  0.000000e+000
      vertex  2.936954e+001 -2.998444e+001  0.000000e+000
    endloop
  endfacet
  facet normal -1.538114e-001 -9.881002e-001  -0.000000e+000
    outer loop
      vertex  2.936954e+001 -2.998444e+001 -5.000000e+000
      vertex  2.936954e+001 -2.998444e+001  0.000000e+000
      vertex  2.924540e+001 -2.996511e+001 -5.000000e+000
    endloop
  endfacet
  facet normal -1.538114e-001 -9.881002e-001  0.000000e+000
    outer loop
      vertex  2.924540e+001 -2.996511e+001 -5.000000e+000
      vertex  2.936954e+001 -2.998444e+001  0.000000e+000
      vertex  2.924540e+001 -2.996511e+001  0.000000e+000
    endloop
  endfacet
  facet normal -9.146371e-002 -9.958084e-001  -0.000000e+000
    outer loop
      vertex  2.924540e+001 -2.996511e+001 -5.000000e+000
      vertex  2.924540e+001 -2.996511e+001  0.000000e+000
      vertex  2.912028e+001 -2.995362e+001 -5.000000e+000
    endloop
  endfacet
  facet normal -9.146371e-002 -9.958084e-001  0.000000e+000
    outer loop
      vertex  2.912028e+001 -2.995362e+001 -5.000000e+000
      vertex  2.924540e+001 -2.996511e+001  0.000000e+000
      vertex  2.912028e+001 -2.995362e+001  0.000000e+000
    endloop
  endfacet
  facet normal -2.876736e-002 -9.995861e-001  -0.000000e+000
    outer loop
      vertex  2.912028e+001 -2.995362e+001 -5.000000e+000
      vertex  2.912028e+001 -2.995362e+001  0.000000e+000
      vertex  2.899469e+001 -2.995001e+001 -5.000000e+000
    endloop
  endfacet
  facet normal -2.876736e-002 -9.995861e-001  0.000000e+000
    outer loop
      vertex  2.899469e+001 -2.995001e+001 -5.000000e+000
      vertex  2.912028e+001 -2.995362e+001  0.000000e+000
      vertex  2.899469e+001 -2.995001e+001  0.000000e+000
    endloop
  endfacet
  facet normal  3.406543e-002 -9.994196e-001  0.000000e+000
    outer loop
      vertex  2.899469e+001 -2.995001e+001 -5.000000e+000
      vertex  2.899469e+001 -2.995001e+001  0.000000e+000
      vertex  2.886912e+001 -2.995429e+001 -5.000000e+000
    endloop
  endfacet
  facet normal  3.406543e-002 -9.994196e-001  0.000000e+000
    outer loop
      vertex  2.886912e+001 -2.995429e+001 -5.000000e+000
      vertex  2.899469e+001 -2.995001e+001  0.000000e+000
      vertex  2.886912e+001 -2.995429e+001  0.000000e+000
    endloop
  endfacet
  facet normal  9.676180e-002 -9.953076e-001  0.000000e+000
    outer loop
      vertex  2.886912e+001 -2.995429e+001 -5.000000e+000
      vertex  2.886912e+001 -2.995429e+001  0.000000e+000
      vertex  2.874407e+001 -2.996644e+001 -5.000000e+000
    endloop
  endfacet
  facet normal  9.676180e-002 -9.953076e-001  0.000000e+000
    outer loop
      vertex  2.874407e+001 -2.996644e+001 -5.000000e+000
      vertex  2.886912e+001 -2.995429e+001  0.000000e+000
      vertex  2.874407e+001 -2.996644e+001  0.000000e+000
    endloop
  endfacet
  facet normal  1.590496e-001 -9.872706e-001  0.000000e+000
    outer loop
      vertex  2.874407e+001 -2.996644e+001 -5.000000e+000
      vertex  2.874407e+001 -2.996644e+001  0.000000e+000
      vertex  2.862002e+001 -2.998643e+001 -5.000000e+000
    endloop
  endfacet
  facet normal  1.590496e-001 -9.872706e-001  0.000000e+000
    outer loop
      vertex  2.862002e+001 -2.998643e+001 -5.000000e+000
      vertex  2.874407e+001 -2.996644e+001  0.000000e+000
      vertex  2.862002e+001 -2.998643e+001  0.000000e+000
    endloop
  endfacet
  facet normal  2.207254e-001 -9.753360e-001  0.000000e+000
    outer loop
      vertex  2.862002e+001 -2.998643e+001 -5.000000e+000
      vertex  2.862002e+001 -2.998643e+001  0.000000e+000
      vertex  2.849748e+001 -3.001416e+001 -5.000000e+000
    endloop
  endfacet
  facet normal  2.207254e-001 -9.753360e-001  0.000000e+000
    outer loop
      vertex  2.849748e+001 -3.001416e+001 -5.000000e+000
      vertex  2.862002e+001 -2.998643e+001  0.000000e+000
      vertex  2.849748e+001 -3.001416e+001  0.000000e+000
    endloop
  endfacet
  facet normal  2.815433e-001 -9.595486e-001  0.000000e+000
    outer loop
      vertex  2.849748e+001 -3.001416e+001 -5.000000e+000
      vertex  2.849748e+001 -3.001416e+001  0.000000e+000
      vertex  2.837692e+001 -3.004953e+001 -5.000000e+000
    endloop
  endfacet
  facet normal  2.815433e-001 -9.595486e-001  0.000000e+000
    outer loop
      vertex  2.837692e+001 -3.004953e+001 -5.000000e+000
      vertex  2.849748e+001 -3.001416e+001  0.000000e+000
      vertex  2.837692e+001 -3.004953e+001  0.000000e+000
    endloop
  endfacet
  facet normal  3.412420e-001 -9.399754e-001  0.000000e+000
    outer loop
      vertex  2.837692e+001 -3.004953e+001 -5.000000e+000
      vertex  2.837692e+001 -3.004953e+001  0.000000e+000
      vertex  2.825882e+001 -3.009241e+001 -5.000000e+000
    endloop
  endfacet
  facet normal  3.412420e-001 -9.399754e-001  0.000000e+000
    outer loop
      vertex  2.825882e+001 -3.009241e+001 -5.000000e+000
      vertex  2.837692e+001 -3.004953e+001  0.000000e+000
      vertex  2.825882e+001 -3.009241e+001  0.000000e+000
    endloop
  endfacet
  facet normal  3.995769e-001 -9.166997e-001  0.000000e+000
    outer loop
      vertex  2.825882e+001 -3.009241e+001 -5.000000e+000
      vertex  2.825882e+001 -3.009241e+001  0.000000e+000
      vertex  2.814364e+001 -3.014261e+001 -5.000000e+000
    endloop
  endfacet
  facet normal  3.995769e-001 -9.166997e-001  0.000000e+000
    outer loop
      vertex  2.814364e+001 -3.014261e+001 -5.000000e+000
      vertex  2.825882e+001 -3.009241e+001  0.000000e+000
      vertex  2.814364e+001 -3.014261e+001  0.000000e+000
    endloop
  endfacet
  facet normal  4.563592e-001 -8.897957e-001  0.000000e+000
    outer loop
      vertex  2.814364e+001 -3.014261e+001 -5.000000e+000
      vertex  2.814364e+001 -3.014261e+001  0.000000e+000
      vertex  2.803184e+001 -3.019995e+001 -5.000000e+000
    endloop
  endfacet
  facet normal  4.563592e-001 -8.897957e-001  0.000000e+000
    outer loop
      vertex  2.803184e+001 -3.019995e+001 -5.000000e+000
      vertex  2.814364e+001 -3.014261e+001  0.000000e+000
      vertex  2.803184e+001 -3.019995e+001  0.000000e+000
    endloop
  endfacet
  facet normal  5.113154e-001 -8.593931e-001  0.000000e+000
    outer loop
      vertex  2.803184e+001 -3.019995e+001 -5.000000e+000
      vertex  2.803184e+001 -3.019995e+001  0.000000e+000
      vertex  2.792387e+001 -3.026419e+001 -5.000000e+000
    endloop
  endfacet
  facet normal  5.113154e-001 -8.593931e-001  0.000000e+000
    outer loop
      vertex  2.792387e+001 -3.026419e+001 -5.000000e+000
      vertex  2.803184e+001 -3.019995e+001  0.000000e+000
      vertex  2.792387e+001 -3.026419e+001  0.000000e+000
    endloop
  endfacet
  facet normal  5.642866e-001 -8.255790e-001  0.000000e+000
    outer loop
      vertex  2.792387e+001 -3.026419e+001 -5.000000e+000
      vertex  2.792387e+001 -3.026419e+001  0.000000e+000
      vertex  2.782014e+001 -3.033509e+001 -5.000000e+000
    endloop
  endfacet
  facet normal  5.642866e-001 -8.255790e-001  0.000000e+000
    outer loop
      vertex  2.782014e+001 -3.033509e+001 -5.000000e+000
      vertex  2.792387e+001 -3.026419e+001  0.000000e+000
      vertex  2.782014e+001 -3.033509e+001  0.000000e+000
    endloop
  endfacet
  facet normal  6.149984e-001 -7.885284e-001  0.000000e+000
    outer loop
      vertex  2.782014e+001 -3.033509e+001 -5.000000e+000
      vertex  2.782014e+001 -3.033509e+001  0.000000e+000
      vertex  2.772107e+001 -3.041236e+001 -5.000000e+000
    endloop
  endfacet
  facet normal  6.149984e-001 -7.885284e-001  0.000000e+000
    outer loop
      vertex  2.772107e+001 -3.041236e+001 -5.000000e+000
      vertex  2.782014e+001 -3.033509e+001  0.000000e+000
      vertex  2.772107e+001 -3.041236e+001  0.000000e+000
    endloop
  endfacet
  facet normal  6.633059e-001 -7.483483e-001  0.000000e+000
    outer loop
      vertex  2.772107e+001 -3.041236e+001 -5.000000e+000
      vertex  2.772107e+001 -3.041236e+001  0.000000e+000
      vertex  2.762704e+001 -3.049570e+001 -5.000000e+000
    endloop
  endfacet
  facet normal  6.633059e-001 -7.483483e-001  0.000000e+000
    outer loop
      vertex  2.762704e+001 -3.049570e+001 -5.000000e+000
      vertex  2.772107e+001 -3.041236e+001  0.000000e+000
      vertex  2.762704e+001 -3.049570e+001  0.000000e+000
    endloop
  endfacet
  facet normal  7.089791e-001 -7.052295e-001  0.000000e+000
    outer loop
      vertex  2.762704e+001 -3.049570e+001 -5.000000e+000
      vertex  2.762704e+001 -3.049570e+001  0.000000e+000
      vertex  2.753843e+001 -3.058478e+001 -5.000000e+000
    endloop
  endfacet
  facet normal  7.089791e-001 -7.052295e-001  0.000000e+000
    outer loop
      vertex  2.753843e+001 -3.058478e+001 -5.000000e+000
      vertex  2.762704e+001 -3.049570e+001  0.000000e+000
      vertex  2.753843e+001 -3.058478e+001  0.000000e+000
    endloop
  endfacet
  facet normal  7.518625e-001 -6.593199e-001  0.000000e+000
    outer loop
      vertex  2.753843e+001 -3.058478e+001 -5.000000e+000
      vertex  2.753843e+001 -3.058478e+001  0.000000e+000
      vertex  2.745560e+001 -3.067925e+001 -5.000000e+000
    endloop
  endfacet
  facet normal  7.518625e-001 -6.593199e-001  0.000000e+000
    outer loop
      vertex  2.745560e+001 -3.067925e+001 -5.000000e+000
      vertex  2.753843e+001 -3.058478e+001  0.000000e+000
      vertex  2.745560e+001 -3.067925e+001  0.000000e+000
    endloop
  endfacet
  facet normal  7.917778e-001 -6.108092e-001  0.000000e+000
    outer loop
      vertex  2.745560e+001 -3.067925e+001 -5.000000e+000
      vertex  2.745560e+001 -3.067925e+001  0.000000e+000
      vertex  2.737885e+001 -3.077873e+001 -5.000000e+000
    endloop
  endfacet
  facet normal  7.917778e-001 -6.108092e-001  0.000000e+000
    outer loop
      vertex  2.737885e+001 -3.077873e+001 -5.000000e+000
      vertex  2.745560e+001 -3.067925e+001  0.000000e+000
      vertex  2.737885e+001 -3.077873e+001  0.000000e+000
    endloop
  endfacet
  facet normal  8.285682e-001 -5.598881e-001  0.000000e+000
    outer loop
      vertex  2.737885e+001 -3.077873e+001 -5.000000e+000
      vertex  2.737885e+001 -3.077873e+001  0.000000e+000
      vertex  2.730850e+001 -3.088283e+001 -5.000000e+000
    endloop
  endfacet
  facet normal  8.285682e-001 -5.598881e-001  0.000000e+000
    outer loop
      vertex  2.730850e+001 -3.088283e+001 -5.000000e+000
      vertex  2.737885e+001 -3.077873e+001  0.000000e+000
      vertex  2.730850e+001 -3.088283e+001  0.000000e+000
    endloop
  endfacet
  facet normal  8.620915e-001 -5.067527e-001  0.000000e+000
    outer loop
      vertex  2.730850e+001 -3.088283e+001 -5.000000e+000
      vertex  2.730850e+001 -3.088283e+001  0.000000e+000
      vertex  2.724483e+001 -3.099115e+001 -5.000000e+000
    endloop
  endfacet
  facet normal  8.620915e-001 -5.067527e-001  0.000000e+000
    outer loop
      vertex  2.724483e+001 -3.099115e+001 -5.000000e+000
      vertex  2.730850e+001 -3.088283e+001  0.000000e+000
      vertex  2.724483e+001 -3.099115e+001  0.000000e+000
    endloop
  endfacet
endsolid CATIA STL
