This is pdfTeX, Version 3.141592653-2.6-1.40.27 (MiKTeX 25.4) (preloaded format=pdflatex 2025.10.6)  27 APR 2026 15:18
entering extended mode
 restricted \write18 enabled.
 %&-line parsing enabled.
**"c:/Users/alexi/Documents/scolaire/IPSA/AeroIpsa/SP-02/RAPPORT/DOSSIER SUIVI/DossierSuivi_SP02.tex"
(c:/Users/alexi/Documents/scolaire/IPSA/AeroIpsa/SP-02/RAPPORT/DOSSIER SUIVI/DossierSuivi_SP02.tex
LaTeX2e <2025-06-01> patch level 1
L3 programming layer <2025-09-02>
(C:\Users\alexi\AppData\Local\Programs\MiKTeX\tex/latex/base\article.cls
Document Class: article 2025/01/22 v1.4n Standard LaTeX document class
(C:\Users\alexi\AppData\Local\Programs\MiKTeX\tex/latex/base\size10.clo
File: size10.clo 2025/01/22 v1.4n Standard LaTeX file (size option)
)
\c@part=\count275
\c@section=\count276
\c@subsection=\count277
\c@subsubsection=\count278
\c@paragraph=\count279
\c@subparagraph=\count280
\c@figure=\count281
\c@table=\count282
\abovecaptionskip=\skip49
\belowcaptionskip=\skip50
\bibindent=\dimen148
) (C:\Users\alexi\AppData\Local\Programs\MiKTeX\tex/latex/graphics\graphicx.sty
Package: graphicx 2024/12/31 v1.2e Enhanced LaTeX Graphics (DPC,SPQR)
 (C:\Users\alexi\AppData\Local\Programs\MiKTeX\tex/latex/graphics\keyval.sty
Package: keyval 2022/05/29 v1.15 key=value parser (DPC)
\KV@toks@=\toks17
) (C:\Users\alexi\AppData\Local\Programs\MiKTeX\tex/latex/graphics\graphics.sty
Package: graphics 2024/08/06 v1.4g Standard LaTeX Graphics (DPC,SPQR)
 (C:\Users\alexi\AppData\Local\Programs\MiKTeX\tex/latex/graphics\trig.sty
Package: trig 2023/12/02 v1.11 sin cos tan (DPC)
) (C:\Users\alexi\AppData\Local\Programs\MiKTeX\tex/latex/graphics-cfg\graphics.cfg
File: graphics.cfg 2016/06/04 v1.11 sample graphics configuration
)
Package graphics Info: Driver file: pdftex.def on input line 106.
 (C:\Users\alexi\AppData\Local\Programs\MiKTeX\tex/latex/graphics-def\pdftex.def
File: pdftex.def 2024/04/13 v1.2c Graphics/color driver for pdftex
))
\Gin@req@height=\dimen149
\Gin@req@width=\dimen150
) (C:\Users\alexi\AppData\Local\Programs\MiKTeX\tex/latex/geometry\geometry.sty
Package: geometry 2020/01/02 v5.9 Page Geometry
 (C:\Users\alexi\AppData\Local\Programs\MiKTeX\tex/generic/iftex\ifvtex.sty
Package: ifvtex 2019/10/25 v1.7 ifvtex legacy package. Use iftex instead.
 (C:\Users\alexi\AppData\Local\Programs\MiKTeX\tex/generic/iftex\iftex.sty
Package: iftex 2024/12/12 v1.0g TeX engine tests
))
\Gm@cnth=\count283
\Gm@cntv=\count284
\c@Gm@tempcnt=\count285
\Gm@bindingoffset=\dimen151
\Gm@wd@mp=\dimen152
\Gm@odd@mp=\dimen153
\Gm@even@mp=\dimen154
\Gm@layoutwidth=\dimen155
\Gm@layoutheight=\dimen156
\Gm@layouthoffset=\dimen157
\Gm@layoutvoffset=\dimen158
\Gm@dimlist=\toks18
 (C:\Users\alexi\AppData\Local\Programs\MiKTeX\tex/latex/geometry\geometry.cfg)

Package geometry Warning: Over-specification in `h'-direction.
    `width' (469.75499pt) is ignored.


Package geometry Warning: Over-specification in `v'-direction.
    `height' (722.7pt) is ignored.

) (C:\Users\alexi\AppData\Local\Programs\MiKTeX\tex/latex/tex-gyre\tgpagella.sty
Package: tgpagella 2009/09/27 v1.2 TeX Gyre Pagella as default roman family
 (C:\Users\alexi\AppData\Local\Programs\MiKTeX\tex/latex/kvoptions\kvoptions.sty
Package: kvoptions 2022-06-15 v3.15 Key value format for package options (HO)
 (C:\Users\alexi\AppData\Local\Programs\MiKTeX\tex/generic/ltxcmds\ltxcmds.sty
Package: ltxcmds 2023-12-04 v1.26 LaTeX kernel commands for general use (HO)
) (C:\Users\alexi\AppData\Local\Programs\MiKTeX\tex/latex/kvsetkeys\kvsetkeys.sty
Package: kvsetkeys 2022-10-05 v1.19 Key value parser (HO)
))) (C:\Users\alexi\AppData\Local\Programs\MiKTeX\tex/latex/base\fontenc.sty
Package: fontenc 2024/12/21 v2.1c Standard LaTeX package
LaTeX Font Info:    Trying to load font information for T1+qpl on input line 116.
 (C:\Users\alexi\AppData\Local\Programs\MiKTeX\tex/latex/tex-gyre\t1qpl.fd
File: t1qpl.fd 2009/09/25 v1.2 font definition file for T1/qpl
)) (C:\Users\alexi\AppData\Local\Programs\MiKTeX\tex/generic/babel\babel.sty
Package: babel 2025/08/03 v25.12 The multilingual framework for LuaLaTeX, pdfLaTeX and XeLaTeX
\babel@savecnt=\count286
LaTeX Encoding Info:    Redeclaring text command \ij (encoding OT1) on input line 2045.
LaTeX Encoding Info:    Redeclaring text command \IJ (encoding OT1) on input line 2047.
LaTeX Encoding Info:    Redeclaring text command \ij (encoding T1) on input line 2049.
LaTeX Encoding Info:    Redeclaring text command \IJ (encoding T1) on input line 2050.
LaTeX Encoding Info:    Ignoring declaration for text command \ij (encoding ?) on input line 2051.
LaTeX Encoding Info:    Ignoring declaration for text command \IJ (encoding ?) on input line 2053.
LaTeX Encoding Info:    Ignoring declaration for text command \SS (encoding ?) on input line 2078.
\U@D=\dimen159
\l@unhyphenated=\language79
 (C:\Users\alexi\AppData\Local\Programs\MiKTeX\tex/generic/babel\txtbabel.def)
\bbl@readstream=\read2
\bbl@dirlevel=\count287

*************************************
* Local config file bblopts.cfg used
*
(C:\Users\alexi\AppData\Local\Programs\MiKTeX\tex/latex/arabi\bblopts.cfg
File: bblopts.cfg 2005/09/08 v0.1 add Arabic and Farsi to "declared" options of babel
) (C:\Users\alexi\AppData\Local\Programs\MiKTeX\tex/generic/babel-french\french.ldf
Language: french 2025-08-15 v4.0e French support from the babel system
 (C:\Users\alexi\AppData\Local\Programs\MiKTeX\tex/generic/babel/locale/fr\babel-french.tex
Package babel Info: Importing font and identification data for french
(babel)             from babel-fr.ini. Reported on input line 12.
) (C:\Users\alexi\AppData\Local\Programs\MiKTeX\tex/generic/babel-french\french3.ldf
Language: french 2025-08-15 v3.7e French support from the babel system
\FB@stdchar=\count288
Package babel Info: Making : an active character on input line 273.
Package babel Info: Making ; an active character on input line 274.
Package babel Info: Making ! an active character on input line 275.
Package babel Info: Making ? an active character on input line 276.
\FBguill@level=\count289
\FBold@everypar=\toks19
\FB@Mht=\dimen160
\mc@charclass=\count290
\mc@charfam=\count291
\mc@charslot=\count292
\std@mcc=\count293
\dec@mcc=\count294
\FB@pardim=\dimen161
\listindentFB=\dimen162
\descindentFB=\dimen163
\labelindentFB=\dimen164
\labelwidthFB=\dimen165
\leftmarginFB=\dimen166
\parindentFFN=\dimen167
\FBfnindent=\dimen168
))) (C:\Users\alexi\AppData\Local\Programs\MiKTeX\tex/latex/carlisle\scalefnt.sty) (C:\Users\alexi\AppData\Local\Programs\MiKTeX\tex/latex/hyphenat\hyphenat.sty
Package: hyphenat 2009/09/02 v2.3c hyphenation utilities
\langwohyphens=\language80
LaTeX Info: Redefining \_ on input line 43.
) (C:\Users\alexi\AppData\Local\Programs\MiKTeX\tex/latex/fancybox\fancybox.sty
Package: fancybox 2010/05/15 1.4

Style option: `fancybox' v1.4 <2010/05/15> (tvz)
\@fancybox=\box53
\shadowsize=\dimen169
\@Sbox=\box54
\do@VerbBox=\toks20
\the@fancyput=\toks21
\this@fancyput=\toks22
\EndVerbatimTokens=\toks23
\Verbatim@Outfile=\write3
\Verbatim@Infile=\read3
) (C:\Users\alexi\AppData\Local\Programs\MiKTeX\tex/latex/fancyhdr\fancyhdr.sty
Package: fancyhdr 2025/02/07 v5.2 Extensive control of page headers and footers
\f@nch@headwidth=\skip51
\f@nch@offset@elh=\skip52
\f@nch@offset@erh=\skip53
\f@nch@offset@olh=\skip54
\f@nch@offset@orh=\skip55
\f@nch@offset@elf=\skip56
\f@nch@offset@erf=\skip57
\f@nch@offset@olf=\skip58
\f@nch@offset@orf=\skip59
\f@nch@height=\skip60
\f@nch@footalignment=\skip61
\f@nch@widthL=\skip62
\f@nch@widthC=\skip63
\f@nch@widthR=\skip64
\@temptokenb=\toks24
) (C:\Users\alexi\AppData\Local\Programs\MiKTeX\tex/latex/float\float.sty
Package: float 2001/11/08 v1.3d Float enhancements (AL)
\c@float@type=\count295
\float@exts=\toks25
\float@box=\box55
\@float@everytoks=\toks26
\@floatcapt=\box56
) (C:\Users\alexi\AppData\Local\Programs\MiKTeX\tex/latex/psnfss\pifont.sty
Package: pifont 2020/03/25 PSNFSS-v9.3 Pi font support (SPQR) 
LaTeX Font Info:    Trying to load font information for U+pzd on input line 63.
 (C:\Users\alexi\AppData\Local\Programs\MiKTeX\tex/latex/psnfss\upzd.fd
File: upzd.fd 2001/06/04 font definitions for U/pzd.
)
LaTeX Font Info:    Trying to load font information for U+psy on input line 64.
 (C:\Users\alexi\AppData\Local\Programs\MiKTeX\tex/latex/psnfss\upsy.fd
File: upsy.fd 2001/06/04 font definitions for U/psy.
)) (C:\Users\alexi\AppData\Local\Programs\MiKTeX\tex/latex/pgf/frontendlayer\tikz.sty (C:\Users\alexi\AppData\Local\Programs\MiKTeX\tex/latex/pgf/basiclayer\pgf.sty (C:\Users\alexi\AppData\Local\Programs\MiKTeX\tex/latex/pgf/utilities\pgfrcs.sty (C:\Users\alexi\AppData\Local\Programs\MiKTeX\tex/generic/pgf/utilities\pgfutil-common.tex
\pgfutil@everybye=\toks27
\pgfutil@tempdima=\dimen170
\pgfutil@tempdimb=\dimen171
) (C:\Users\alexi\AppData\Local\Programs\MiKTeX\tex/generic/pgf/utilities\pgfutil-latex.def
\pgfutil@abb=\box57
) (C:\Users\alexi\AppData\Local\Programs\MiKTeX\tex/generic/pgf/utilities\pgfrcs.code.tex (C:\Users\alexi\AppData\Local\Programs\MiKTeX\tex/generic/pgf\pgf.revision.tex)
Package: pgfrcs 2025-08-29 v3.1.11a (3.1.11a)
))
Package: pgf 2025-08-29 v3.1.11a (3.1.11a)
 (C:\Users\alexi\AppData\Local\Programs\MiKTeX\tex/latex/pgf/basiclayer\pgfcore.sty (C:\Users\alexi\AppData\Local\Programs\MiKTeX\tex/latex/pgf/systemlayer\pgfsys.sty (C:\Users\alexi\AppData\Local\Programs\MiKTeX\tex/generic/pgf/systemlayer\pgfsys.code.tex
Package: pgfsys 2025-08-29 v3.1.11a (3.1.11a)
 (C:\Users\alexi\AppData\Local\Programs\MiKTeX\tex/generic/pgf/utilities\pgfkeys.code.tex
\pgfkeys@pathtoks=\toks28
\pgfkeys@temptoks=\toks29
 (C:\Users\alexi\AppData\Local\Programs\MiKTeX\tex/generic/pgf/utilities\pgfkeyslibraryfiltered.code.tex
\pgfkeys@tmptoks=\toks30
))
\pgf@x=\dimen172
\pgf@y=\dimen173
\pgf@xa=\dimen174
\pgf@ya=\dimen175
\pgf@xb=\dimen176
\pgf@yb=\dimen177
\pgf@xc=\dimen178
\pgf@yc=\dimen179
\pgf@xd=\dimen180
\pgf@yd=\dimen181
\w@pgf@writea=\write4
\r@pgf@reada=\read4
\c@pgf@counta=\count296
\c@pgf@countb=\count297
\c@pgf@countc=\count298
\c@pgf@countd=\count299
\t@pgf@toka=\toks31
\t@pgf@tokb=\toks32
\t@pgf@tokc=\toks33
\pgf@sys@id@count=\count300
 (C:\Users\alexi\AppData\Local\Programs\MiKTeX\tex/generic/pgf/systemlayer\pgf.cfg
File: pgf.cfg 2025-08-29 v3.1.11a (3.1.11a)
)
Driver file for pgf: pgfsys-pdftex.def
 (C:\Users\alexi\AppData\Local\Programs\MiKTeX\tex/generic/pgf/systemlayer\pgfsys-pdftex.def
File: pgfsys-pdftex.def 2025-08-29 v3.1.11a (3.1.11a)
 (C:\Users\alexi\AppData\Local\Programs\MiKTeX\tex/generic/pgf/systemlayer\pgfsys-common-pdf.def
File: pgfsys-common-pdf.def 2025-08-29 v3.1.11a (3.1.11a)
))) (C:\Users\alexi\AppData\Local\Programs\MiKTeX\tex/generic/pgf/systemlayer\pgfsyssoftpath.code.tex
File: pgfsyssoftpath.code.tex 2025-08-29 v3.1.11a (3.1.11a)
\pgfsyssoftpath@smallbuffer@items=\count301
\pgfsyssoftpath@bigbuffer@items=\count302
) (C:\Users\alexi\AppData\Local\Programs\MiKTeX\tex/generic/pgf/systemlayer\pgfsysprotocol.code.tex
File: pgfsysprotocol.code.tex 2025-08-29 v3.1.11a (3.1.11a)
)) (C:\Users\alexi\AppData\Local\Programs\MiKTeX\tex/latex/xcolor\xcolor.sty
Package: xcolor 2024/09/29 v3.02 LaTeX color extensions (UK)
 (C:\Users\alexi\AppData\Local\Programs\MiKTeX\tex/latex/graphics-cfg\color.cfg
File: color.cfg 2016/01/02 v1.6 sample color configuration
)
Package xcolor Info: Driver file: pdftex.def on input line 274.
 (C:\Users\alexi\AppData\Local\Programs\MiKTeX\tex/latex/graphics\mathcolor.ltx)
Package xcolor Info: Model `cmy' substituted by `cmy0' on input line 1349.
Package xcolor Info: Model `hsb' substituted by `rgb' on input line 1353.
Package xcolor Info: Model `RGB' extended on input line 1365.
Package xcolor Info: Model `HTML' substituted by `rgb' on input line 1367.
Package xcolor Info: Model `Hsb' substituted by `hsb' on input line 1368.
Package xcolor Info: Model `tHsb' substituted by `hsb' on input line 1369.
Package xcolor Info: Model `HSB' substituted by `hsb' on input line 1370.
Package xcolor Info: Model `Gray' substituted by `gray' on input line 1371.
Package xcolor Info: Model `wave' substituted by `hsb' on input line 1372.
) (C:\Users\alexi\AppData\Local\Programs\MiKTeX\tex/generic/pgf/basiclayer\pgfcore.code.tex
Package: pgfcore 2025-08-29 v3.1.11a (3.1.11a)
 (C:\Users\alexi\AppData\Local\Programs\MiKTeX\tex/generic/pgf/math\pgfmath.code.tex (C:\Users\alexi\AppData\Local\Programs\MiKTeX\tex/generic/pgf/math\pgfmathutil.code.tex) (C:\Users\alexi\AppData\Local\Programs\MiKTeX\tex/generic/pgf/math\pgfmathparser.code.tex
\pgfmath@dimen=\dimen182
\pgfmath@count=\count303
\pgfmath@box=\box58
\pgfmath@toks=\toks34
\pgfmath@stack@operand=\toks35
\pgfmath@stack@operation=\toks36
) (C:\Users\alexi\AppData\Local\Programs\MiKTeX\tex/generic/pgf/math\pgfmathfunctions.code.tex) (C:\Users\alexi\AppData\Local\Programs\MiKTeX\tex/generic/pgf/math\pgfmathfunctions.basic.code.tex) (C:\Users\alexi\AppData\Local\Programs\MiKTeX\tex/generic/pgf/math\pgfmathfunctions.trigonometric.code.tex) (C:\Users\alexi\AppData\Local\Programs\MiKTeX\tex/generic/pgf/math\pgfmathfunctions.random.code.tex) (C:\Users\alexi\AppData\Local\Programs\MiKTeX\tex/generic/pgf/math\pgfmathfunctions.comparison.code.tex) (C:\Users\alexi\AppData\Local\Programs\MiKTeX\tex/generic/pgf/math\pgfmathfunctions.base.code.tex) (C:\Users\alexi\AppData\Local\Programs\MiKTeX\tex/generic/pgf/math\pgfmathfunctions.round.code.tex) (C:\Users\alexi\AppData\Local\Programs\MiKTeX\tex/generic/pgf/math\pgfmathfunctions.misc.code.tex) (C:\Users\alexi\AppData\Local\Programs\MiKTeX\tex/generic/pgf/math\pgfmathfunctions.integerarithmetics.code.tex) (C:\Users\alexi\AppData\Local\Programs\MiKTeX\tex/generic/pgf/math\pgfmathcalc.code.tex) (C:\Users\alexi\AppData\Local\Programs\MiKTeX\tex/generic/pgf/math\pgfmathfloat.code.tex
\c@pgfmathroundto@lastzeros=\count304
)) (C:\Users\alexi\AppData\Local\Programs\MiKTeX\tex/generic/pgf/math\pgfint.code.tex) (C:\Users\alexi\AppData\Local\Programs\MiKTeX\tex/generic/pgf/basiclayer\pgfcorepoints.code.tex
File: pgfcorepoints.code.tex 2025-08-29 v3.1.11a (3.1.11a)
\pgf@picminx=\dimen183
\pgf@picmaxx=\dimen184
\pgf@picminy=\dimen185
\pgf@picmaxy=\dimen186
\pgf@pathminx=\dimen187
\pgf@pathmaxx=\dimen188
\pgf@pathminy=\dimen189
\pgf@pathmaxy=\dimen190
\pgf@xx=\dimen191
\pgf@xy=\dimen192
\pgf@yx=\dimen193
\pgf@yy=\dimen194
\pgf@zx=\dimen195
\pgf@zy=\dimen196
) (C:\Users\alexi\AppData\Local\Programs\MiKTeX\tex/generic/pgf/basiclayer\pgfcorepathconstruct.code.tex
File: pgfcorepathconstruct.code.tex 2025-08-29 v3.1.11a (3.1.11a)
\pgf@path@lastx=\dimen197
\pgf@path@lasty=\dimen198
) (C:\Users\alexi\AppData\Local\Programs\MiKTeX\tex/generic/pgf/basiclayer\pgfcorepathusage.code.tex
File: pgfcorepathusage.code.tex 2025-08-29 v3.1.11a (3.1.11a)
\pgf@shorten@end@additional=\dimen199
\pgf@shorten@start@additional=\dimen256
) (C:\Users\alexi\AppData\Local\Programs\MiKTeX\tex/generic/pgf/basiclayer\pgfcorescopes.code.tex
File: pgfcorescopes.code.tex 2025-08-29 v3.1.11a (3.1.11a)
\pgfpic=\box59
\pgf@hbox=\box60
\pgf@layerbox@main=\box61
\pgf@picture@serial@count=\count305
) (C:\Users\alexi\AppData\Local\Programs\MiKTeX\tex/generic/pgf/basiclayer\pgfcoregraphicstate.code.tex
File: pgfcoregraphicstate.code.tex 2025-08-29 v3.1.11a (3.1.11a)
\pgflinewidth=\dimen257
) (C:\Users\alexi\AppData\Local\Programs\MiKTeX\tex/generic/pgf/basiclayer\pgfcoretransformations.code.tex
File: pgfcoretransformations.code.tex 2025-08-29 v3.1.11a (3.1.11a)
\pgf@pt@x=\dimen258
\pgf@pt@y=\dimen259
\pgf@pt@temp=\dimen260
) (C:\Users\alexi\AppData\Local\Programs\MiKTeX\tex/generic/pgf/basiclayer\pgfcorequick.code.tex
File: pgfcorequick.code.tex 2025-08-29 v3.1.11a (3.1.11a)
) (C:\Users\alexi\AppData\Local\Programs\MiKTeX\tex/generic/pgf/basiclayer\pgfcoreobjects.code.tex
File: pgfcoreobjects.code.tex 2025-08-29 v3.1.11a (3.1.11a)
) (C:\Users\alexi\AppData\Local\Programs\MiKTeX\tex/generic/pgf/basiclayer\pgfcorepathprocessing.code.tex
File: pgfcorepathprocessing.code.tex 2025-08-29 v3.1.11a (3.1.11a)
) (C:\Users\alexi\AppData\Local\Programs\MiKTeX\tex/generic/pgf/basiclayer\pgfcorearrows.code.tex
File: pgfcorearrows.code.tex 2025-08-29 v3.1.11a (3.1.11a)
\pgfarrowsep=\dimen261
) (C:\Users\alexi\AppData\Local\Programs\MiKTeX\tex/generic/pgf/basiclayer\pgfcoreshade.code.tex
File: pgfcoreshade.code.tex 2025-08-29 v3.1.11a (3.1.11a)
\pgf@max=\dimen262
\pgf@sys@shading@range@num=\count306
\pgf@shadingcount=\count307
) (C:\Users\alexi\AppData\Local\Programs\MiKTeX\tex/generic/pgf/basiclayer\pgfcoreimage.code.tex
File: pgfcoreimage.code.tex 2025-08-29 v3.1.11a (3.1.11a)
) (C:\Users\alexi\AppData\Local\Programs\MiKTeX\tex/generic/pgf/basiclayer\pgfcoreexternal.code.tex
File: pgfcoreexternal.code.tex 2025-08-29 v3.1.11a (3.1.11a)
\pgfexternal@startupbox=\box62
) (C:\Users\alexi\AppData\Local\Programs\MiKTeX\tex/generic/pgf/basiclayer\pgfcorelayers.code.tex
File: pgfcorelayers.code.tex 2025-08-29 v3.1.11a (3.1.11a)
) (C:\Users\alexi\AppData\Local\Programs\MiKTeX\tex/generic/pgf/basiclayer\pgfcoretransparency.code.tex
File: pgfcoretransparency.code.tex 2025-08-29 v3.1.11a (3.1.11a)
) (C:\Users\alexi\AppData\Local\Programs\MiKTeX\tex/generic/pgf/basiclayer\pgfcorepatterns.code.tex
File: pgfcorepatterns.code.tex 2025-08-29 v3.1.11a (3.1.11a)
) (C:\Users\alexi\AppData\Local\Programs\MiKTeX\tex/generic/pgf/basiclayer\pgfcorerdf.code.tex
File: pgfcorerdf.code.tex 2025-08-29 v3.1.11a (3.1.11a)
))) (C:\Users\alexi\AppData\Local\Programs\MiKTeX\tex/generic/pgf/modules\pgfmoduleshapes.code.tex
File: pgfmoduleshapes.code.tex 2025-08-29 v3.1.11a (3.1.11a)
\pgfnodeparttextbox=\box63
) (C:\Users\alexi\AppData\Local\Programs\MiKTeX\tex/generic/pgf/modules\pgfmoduleplot.code.tex
File: pgfmoduleplot.code.tex 2025-08-29 v3.1.11a (3.1.11a)
) (C:\Users\alexi\AppData\Local\Programs\MiKTeX\tex/latex/pgf/compatibility\pgfcomp-version-0-65.sty
Package: pgfcomp-version-0-65 2025-08-29 v3.1.11a (3.1.11a)
\pgf@nodesepstart=\dimen263
\pgf@nodesepend=\dimen264
) (C:\Users\alexi\AppData\Local\Programs\MiKTeX\tex/latex/pgf/compatibility\pgfcomp-version-1-18.sty
Package: pgfcomp-version-1-18 2025-08-29 v3.1.11a (3.1.11a)
)) (C:\Users\alexi\AppData\Local\Programs\MiKTeX\tex/latex/pgf/utilities\pgffor.sty (C:\Users\alexi\AppData\Local\Programs\MiKTeX\tex/latex/pgf/utilities\pgfkeys.sty (C:\Users\alexi\AppData\Local\Programs\MiKTeX\tex/generic/pgf/utilities\pgfkeys.code.tex)) (C:\Users\alexi\AppData\Local\Programs\MiKTeX\tex/latex/pgf/math\pgfmath.sty (C:\Users\alexi\AppData\Local\Programs\MiKTeX\tex/generic/pgf/math\pgfmath.code.tex)) (C:\Users\alexi\AppData\Local\Programs\MiKTeX\tex/generic/pgf/utilities\pgffor.code.tex
Package: pgffor 2025-08-29 v3.1.11a (3.1.11a)
\pgffor@iter=\dimen265
\pgffor@skip=\dimen266
\pgffor@stack=\toks37
\pgffor@toks=\toks38
)) (C:\Users\alexi\AppData\Local\Programs\MiKTeX\tex/generic/pgf/frontendlayer/tikz\tikz.code.tex
Package: tikz 2025-08-29 v3.1.11a (3.1.11a)
 (C:\Users\alexi\AppData\Local\Programs\MiKTeX\tex/generic/pgf/libraries\pgflibraryplothandlers.code.tex
File: pgflibraryplothandlers.code.tex 2025-08-29 v3.1.11a (3.1.11a)
\pgf@plot@mark@count=\count308
\pgfplotmarksize=\dimen267
)
\tikz@lastx=\dimen268
\tikz@lasty=\dimen269
\tikz@lastxsaved=\dimen270
\tikz@lastysaved=\dimen271
\tikz@lastmovetox=\dimen272
\tikz@lastmovetoy=\dimen273
\tikzleveldistance=\dimen274
\tikzsiblingdistance=\dimen275
\tikz@figbox=\box64
\tikz@figbox@bg=\box65
\tikz@tempbox=\box66
\tikz@tempbox@bg=\box67
\tikztreelevel=\count309
\tikznumberofchildren=\count310
\tikznumberofcurrentchild=\count311
\tikz@fig@count=\count312
 (C:\Users\alexi\AppData\Local\Programs\MiKTeX\tex/generic/pgf/modules\pgfmodulematrix.code.tex
File: pgfmodulematrix.code.tex 2025-08-29 v3.1.11a (3.1.11a)
\pgfmatrixcurrentrow=\count313
\pgfmatrixcurrentcolumn=\count314
\pgf@matrix@numberofcolumns=\count315
)
\tikz@expandcount=\count316
 (C:\Users\alexi\AppData\Local\Programs\MiKTeX\tex/generic/pgf/frontendlayer/tikz/libraries\tikzlibrarytopaths.code.tex
File: tikzlibrarytopaths.code.tex 2025-08-29 v3.1.11a (3.1.11a)
))) (C:\Users\alexi\AppData\Local\Programs\MiKTeX\tex/latex/tikz-3dplot\tikz-3dplot.sty (C:\Users\alexi\AppData\Local\Programs\MiKTeX\tex/latex/base\ifthen.sty
Package: ifthen 2024/03/16 v1.1e Standard LaTeX ifthen package (DPC)
) (C:\Users\alexi\AppData\Local\Programs\MiKTeX\tex/generic/pgf/frontendlayer/tikz/libraries\tikzlibrarycalc.code.tex
File: tikzlibrarycalc.code.tex 2025-08-29 v3.1.11a (3.1.11a)
) (C:\Users\alexi\AppData\Local\Programs\MiKTeX\tex/generic/pgf/frontendlayer/tikz/libraries\tikzlibrary3d.code.tex
File: tikzlibrary3d.code.tex 2025-08-29 v3.1.11a (3.1.11a)
) (C:\Users\alexi\AppData\Local\Programs\MiKTeX\tex/generic/pgf/frontendlayer/tikz/libraries\tikzlibraryarrows.code.tex
File: tikzlibraryarrows.code.tex 2025-08-29 v3.1.11a (3.1.11a)
 (C:\Users\alexi\AppData\Local\Programs\MiKTeX\tex/generic/pgf/libraries\pgflibraryarrows.code.tex
File: pgflibraryarrows.code.tex 2025-08-29 v3.1.11a (3.1.11a)
\arrowsize=\dimen276
))) (C:\Users\alexi\AppData\Local\Programs\MiKTeX\tex/latex/listings\listings.sty
\lst@mode=\count317
\lst@gtempboxa=\box68
\lst@token=\toks39
\lst@length=\count318
\lst@currlwidth=\dimen277
\lst@column=\count319
\lst@pos=\count320
\lst@lostspace=\dimen278
\lst@width=\dimen279
\lst@newlines=\count321
\lst@lineno=\count322
\lst@maxwidth=\dimen280
 (C:\Users\alexi\AppData\Local\Programs\MiKTeX\tex/latex/listings\lstpatch.sty
File: lstpatch.sty 2024/09/23 1.10c (Carsten Heinz)
) (C:\Users\alexi\AppData\Local\Programs\MiKTeX\tex/latex/listings\lstmisc.sty
File: lstmisc.sty 2024/09/23 1.10c (Carsten Heinz)
\c@lstnumber=\count323
\lst@skipnumbers=\count324
\lst@framebox=\box69
) (C:\Users\alexi\AppData\Local\Programs\MiKTeX\tex/latex/listings\listings.cfg
File: listings.cfg 2024/09/23 1.10c listings configuration
))
Package: listings 2024/09/23 1.10c (Carsten Heinz)
 (C:\Users\alexi\AppData\Local\Programs\MiKTeX\tex/latex/etoolbox\etoolbox.sty
Package: etoolbox 2025/02/11 v2.5l e-TeX tools for LaTeX (JAW)
\etb@tempcnta=\count325
) (C:\Users\alexi\AppData\Local\Programs\MiKTeX\tex/latex/lm\lmodern.sty
Package: lmodern 2015/05/01 v1.6.1 Latin Modern Fonts
LaTeX Font Info:    Overwriting symbol font `operators' in version `normal'
(Font)                  OT1/cmr/m/n --> OT1/lmr/m/n on input line 22.
LaTeX Font Info:    Overwriting symbol font `letters' in version `normal'
(Font)                  OML/cmm/m/it --> OML/lmm/m/it on input line 23.
LaTeX Font Info:    Overwriting symbol font `symbols' in version `normal'
(Font)                  OMS/cmsy/m/n --> OMS/lmsy/m/n on input line 24.
LaTeX Font Info:    Overwriting symbol font `largesymbols' in version `normal'
(Font)                  OMX/cmex/m/n --> OMX/lmex/m/n on input line 25.
LaTeX Font Info:    Overwriting symbol font `operators' in version `bold'
(Font)                  OT1/cmr/bx/n --> OT1/lmr/bx/n on input line 26.
LaTeX Font Info:    Overwriting symbol font `letters' in version `bold'
(Font)                  OML/cmm/b/it --> OML/lmm/b/it on input line 27.
LaTeX Font Info:    Overwriting symbol font `symbols' in version `bold'
(Font)                  OMS/cmsy/b/n --> OMS/lmsy/b/n on input line 28.
LaTeX Font Info:    Overwriting symbol font `largesymbols' in version `bold'
(Font)                  OMX/cmex/m/n --> OMX/lmex/m/n on input line 29.
LaTeX Font Info:    Overwriting math alphabet `\mathbf' in version `normal'
(Font)                  OT1/cmr/bx/n --> OT1/lmr/bx/n on input line 31.
LaTeX Font Info:    Overwriting math alphabet `\mathsf' in version `normal'
(Font)                  OT1/cmss/m/n --> OT1/lmss/m/n on input line 32.
LaTeX Font Info:    Overwriting math alphabet `\mathit' in version `normal'
(Font)                  OT1/cmr/m/it --> OT1/lmr/m/it on input line 33.
LaTeX Font Info:    Overwriting math alphabet `\mathtt' in version `normal'
(Font)                  OT1/cmtt/m/n --> OT1/lmtt/m/n on input line 34.
LaTeX Font Info:    Overwriting math alphabet `\mathbf' in version `bold'
(Font)                  OT1/cmr/bx/n --> OT1/lmr/bx/n on input line 35.
LaTeX Font Info:    Overwriting math alphabet `\mathsf' in version `bold'
(Font)                  OT1/cmss/bx/n --> OT1/lmss/bx/n on input line 36.
LaTeX Font Info:    Overwriting math alphabet `\mathit' in version `bold'
(Font)                  OT1/cmr/bx/it --> OT1/lmr/bx/it on input line 37.
LaTeX Font Info:    Overwriting math alphabet `\mathtt' in version `bold'
(Font)                  OT1/cmtt/m/n --> OT1/lmtt/m/n on input line 38.
) (C:\Users\alexi\AppData\Local\Programs\MiKTeX\tex/latex/colortbl\colortbl.sty
Package: colortbl 2024/10/29 v1.0k Color table columns (DPC)
 (C:\Users\alexi\AppData\Local\Programs\MiKTeX\tex/latex/tools\array.sty
Package: array 2025/06/08 v2.6j Tabular extension package (FMi)
\col@sep=\dimen281
\ar@mcellbox=\box70
\extrarowheight=\dimen282
\NC@list=\toks40
\extratabsurround=\skip65
\backup@length=\skip66
\ar@cellbox=\box71
)
\everycr=\toks41
\minrowclearance=\skip67
\rownum=\count326
) (C:\Users\alexi\AppData\Local\Programs\MiKTeX\tex/latex/base\inputenc.sty
Package: inputenc 2024/02/08 v1.3d Input encoding file
\inpenc@prehook=\toks42
\inpenc@posthook=\toks43
) (C:\Users\alexi\AppData\Local\Programs\MiKTeX\tex/generic/pgf/frontendlayer/tikz/libraries\tikzlibraryshapes.geometric.code.tex
File: tikzlibraryshapes.geometric.code.tex 2025-08-29 v3.1.11a (3.1.11a)
 (C:\Users\alexi\AppData\Local\Programs\MiKTeX\tex/generic/pgf/libraries/shapes\pgflibraryshapes.geometric.code.tex
File: pgflibraryshapes.geometric.code.tex 2025-08-29 v3.1.11a (3.1.11a)
)) (C:\Users\alexi\AppData\Local\Programs\MiKTeX\tex/generic/pgf/frontendlayer/tikz/libraries\tikzlibraryshapes.symbols.code.tex
File: tikzlibraryshapes.symbols.code.tex 2025-08-29 v3.1.11a (3.1.11a)
 (C:\Users\alexi\AppData\Local\Programs\MiKTeX\tex/generic/pgf/libraries/shapes\pgflibraryshapes.symbols.code.tex
File: pgflibraryshapes.symbols.code.tex 2025-08-29 v3.1.11a (3.1.11a)
)) (C:\Users\alexi\AppData\Local\Programs\MiKTeX\tex/generic/pgf/frontendlayer/tikz/libraries\tikzlibrarydecorations.pathreplacing.code.tex (C:\Users\alexi\AppData\Local\Programs\MiKTeX\tex/generic/pgf/frontendlayer/tikz/libraries\tikzlibrarydecorations.code.tex (C:\Users\alexi\AppData\Local\Programs\MiKTeX\tex/generic/pgf/modules\pgfmoduledecorations.code.tex
\pgfdecoratedcompleteddistance=\dimen283
\pgfdecoratedremainingdistance=\dimen284
\pgfdecoratedinputsegmentcompleteddistance=\dimen285
\pgfdecoratedinputsegmentremainingdistance=\dimen286
\pgf@decorate@distancetomove=\dimen287
\pgf@decorate@repeatstate=\count327
\pgfdecorationsegmentamplitude=\dimen288
\pgfdecorationsegmentlength=\dimen289
)
\tikz@lib@dec@box=\box72
) (C:\Users\alexi\AppData\Local\Programs\MiKTeX\tex/generic/pgf/libraries/decorations\pgflibrarydecorations.pathreplacing.code.tex)) (C:\Users\alexi\AppData\Local\Programs\MiKTeX\tex/latex/caption\caption.sty
Package: caption 2023/08/05 v3.6o Customizing captions (AR)
 (C:\Users\alexi\AppData\Local\Programs\MiKTeX\tex/latex/caption\caption3.sty
Package: caption3 2023/07/31 v2.4d caption3 kernel (AR)
\caption@tempdima=\dimen290
\captionmargin=\dimen291
\caption@leftmargin=\dimen292
\caption@rightmargin=\dimen293
\caption@width=\dimen294
\caption@indent=\dimen295
\caption@parindent=\dimen296
\caption@hangindent=\dimen297
Package caption Info: Standard document class detected.
Package caption Info: french babel package is loaded.
)
\c@caption@flags=\count328
\c@continuedfloat=\count329
Package caption Info: float package is loaded.
Package caption Info: listings package is loaded.
) (C:\Users\alexi\AppData\Local\Programs\MiKTeX\tex/latex/caption\subcaption.sty
Package: subcaption 2023/07/28 v1.6b Sub-captions (AR)
Package caption Info: New subtype `subfigure' on input line 238.
\c@subfigure=\count330
Package caption Info: New subtype `subtable' on input line 238.
\c@subtable=\count331
) (C:\Users\alexi\AppData\Local\Programs\MiKTeX\tex/latex/cprotect\cprotect.sty
Package: cprotect 2011/01/27 v1.0e (Bruno Le Floch)
 (C:\Users\alexi\AppData\Local\Programs\MiKTeX\tex/latex/bigfoot\suffix.sty
Package: suffix 2006/07/15 1.5a Variant command support
)
\CPT@WriteOut=\write5
\c@CPT@WriteCount=\count332
\c@CPT@numB=\count333
\CPT@commandatend@toks=\toks44
) (C:\Users\alexi\AppData\Local\Programs\MiKTeX\tex/latex/tools\tabularx.sty
Package: tabularx 2023/12/11 v2.12a `tabularx' package (DPC)
\TX@col@width=\dimen298
\TX@old@table=\dimen299
\TX@old@col=\dimen300
\TX@target=\dimen301
\TX@delta=\dimen302
\TX@cols=\count334
\TX@ftn=\toks45
) (C:\Users\alexi\AppData\Local\Programs\MiKTeX\tex/latex/multirow\multirow.sty
Package: multirow 2024/11/12 v2.9 Span multiple rows of a table
\multirow@colwidth=\skip68
\multirow@cntb=\count335
\multirow@dima=\skip69
\bigstrutjot=\dimen303
) (C:\Users\alexi\AppData\Local\Programs\MiKTeX\tex/latex/pdfpages\pdfpages.sty
Package: pdfpages 2025/07/23 v0.6g Insert pages of external PDF documents (AM)
 (C:\Users\alexi\AppData\Local\Programs\MiKTeX\tex/latex/tools\calc.sty
Package: calc 2025/03/01 v4.3b Infix arithmetic (KKT,FJ)
\calc@Acount=\count336
\calc@Bcount=\count337
\calc@Adimen=\dimen304
\calc@Bdimen=\dimen305
\calc@Askip=\skip70
\calc@Bskip=\skip71
LaTeX Info: Redefining \setlength on input line 86.
LaTeX Info: Redefining \addtolength on input line 87.
\calc@Ccount=\count338
\calc@Cskip=\skip72
) (C:\Users\alexi\AppData\Local\Programs\MiKTeX\tex/latex/eso-pic\eso-pic.sty
Package: eso-pic 2023/05/03 v3.0c eso-pic (RN)
\ESO@tempdima=\dimen306
\ESO@tempdimb=\dimen307
)
\AM@pagewidth=\dimen308
\AM@pageheight=\dimen309
\AM@fboxrule=\dimen310
 (C:\Users\alexi\AppData\Local\Programs\MiKTeX\tex/latex/pdfpages\pppdftex.def
File: pppdftex.def 2025/07/23 v0.6g Pdfpages driver for pdfTeX (AM)
)
\pdfpages@includegraphics@status=\count339
\AM@pagebox=\box73
\AM@global@opts=\toks46
\AM@pagecnt=\count340
\AM@toc@title=\toks47
\AM@lof@heading=\toks48
\c@AM@survey=\count341
\AM@templatesizebox=\box74
) (C:\Users\alexi\AppData\Local\Programs\MiKTeX\tex/latex/lastpage\lastpage.sty
Package: lastpage 2025/08/14 v2.1h lastpage: 2.09 or 2e? (HMM)
 (C:\Users\alexi\AppData\Local\Programs\MiKTeX\tex/latex/lastpage\lastpage2e.sty
Package: lastpage2e 2025/08/14 v2.1h Decide which 2e lastpage version to use (HMM)

(C:\Users\alexi\AppData\Local\Programs\MiKTeX\tex/latex/lastpage\lastpagemodern.sty
Package: lastpagemodern 2025-08-14 v2.1h Refers to last page's name (HMM; JPG)
\c@lastpagecount=\count342
) 
)) (C:\Users\alexi\AppData\Local\Programs\MiKTeX\tex/latex/titlesec\titlesec.sty
Package: titlesec 2025/01/04 v2.17 Sectioning titles
\ttl@box=\box75
\beforetitleunit=\skip73
\aftertitleunit=\skip74
\ttl@plus=\dimen311
\ttl@minus=\dimen312
\ttl@toksa=\toks49
\titlewidth=\dimen313
\titlewidthlast=\dimen314
\titlewidthfirst=\dimen315
) (C:\Users\alexi\AppData\Local\Programs\MiKTeX\tex/latex/hyperref\hyperref.sty
Package: hyperref 2025-07-12 v7.01o Hypertext links for LaTeX
 (C:\Users\alexi\AppData\Local\Programs\MiKTeX\tex/generic/kvdefinekeys\kvdefinekeys.sty
Package: kvdefinekeys 2019-12-19 v1.6 Define keys (HO)
) (C:\Users\alexi\AppData\Local\Programs\MiKTeX\tex/generic/pdfescape\pdfescape.sty
Package: pdfescape 2019/12/09 v1.15 Implements pdfTeX's escape features (HO)
 (C:\Users\alexi\AppData\Local\Programs\MiKTeX\tex/generic/pdftexcmds\pdftexcmds.sty
Package: pdftexcmds 2020-06-27 v0.33 Utility functions of pdfTeX for LuaTeX (HO)
 (C:\Users\alexi\AppData\Local\Programs\MiKTeX\tex/generic/infwarerr\infwarerr.sty
Package: infwarerr 2019/12/03 v1.5 Providing info/warning/error messages (HO)
)
Package pdftexcmds Info: \pdf@primitive is available.
Package pdftexcmds Info: \pdf@ifprimitive is available.
Package pdftexcmds Info: \pdfdraftmode found.
)) (C:\Users\alexi\AppData\Local\Programs\MiKTeX\tex/latex/hycolor\hycolor.sty
Package: hycolor 2020-01-27 v1.10 Color options for hyperref/bookmark (HO)
) (C:\Users\alexi\AppData\Local\Programs\MiKTeX\tex/latex/hyperref\nameref.sty
Package: nameref 2025-06-21 v2.57 Cross-referencing by name of section
 (C:\Users\alexi\AppData\Local\Programs\MiKTeX\tex/latex/refcount\refcount.sty
Package: refcount 2019/12/15 v3.6 Data extraction from label references (HO)
) (C:\Users\alexi\AppData\Local\Programs\MiKTeX\tex/generic/gettitlestring\gettitlestring.sty
Package: gettitlestring 2019/12/15 v1.6 Cleanup title references (HO)
)
\c@section@level=\count343
) (C:\Users\alexi\AppData\Local\Programs\MiKTeX\tex/generic/stringenc\stringenc.sty
Package: stringenc 2019/11/29 v1.12 Convert strings between diff. encodings (HO)
)
\@linkdim=\dimen316
\Hy@linkcounter=\count344
\Hy@pagecounter=\count345
 (C:\Users\alexi\AppData\Local\Programs\MiKTeX\tex/latex/hyperref\pd1enc.def
File: pd1enc.def 2025-07-12 v7.01o Hyperref: PDFDocEncoding definition (HO)
Now handling font encoding PD1 ...
... no UTF-8 mapping file for font encoding PD1
) (C:\Users\alexi\AppData\Local\Programs\MiKTeX\tex/generic/intcalc\intcalc.sty
Package: intcalc 2019/12/15 v1.3 Expandable calculations with integers (HO)
)
\Hy@SavedSpaceFactor=\count346
 (C:\Users\alexi\AppData\Local\Programs\MiKTeX\tex/latex/hyperref\puenc.def
File: puenc.def 2025-07-12 v7.01o Hyperref: PDF Unicode definition (HO)
Now handling font encoding PU ...
... no UTF-8 mapping file for font encoding PU
)
Package hyperref Info: Option `colorlinks' set `true' on input line 4066.
Package hyperref Info: Hyper figures OFF on input line 4195.
Package hyperref Info: Link nesting OFF on input line 4200.
Package hyperref Info: Hyper index ON on input line 4203.
Package hyperref Info: Plain pages OFF on input line 4210.
Package hyperref Info: Backreferencing OFF on input line 4215.
Package hyperref Info: Implicit mode ON; LaTeX internals redefined.
Package hyperref Info: Bookmarks ON on input line 4462.
\c@Hy@tempcnt=\count347
 (C:\Users\alexi\AppData\Local\Programs\MiKTeX\tex/latex/url\url.sty
\Urlmuskip=\muskip17
Package: url 2013/09/16  ver 3.4  Verb mode for urls, etc.
)
LaTeX Info: Redefining \url on input line 4801.
\XeTeXLinkMargin=\dimen317
 (C:\Users\alexi\AppData\Local\Programs\MiKTeX\tex/generic/bitset\bitset.sty
Package: bitset 2019/12/09 v1.3 Handle bit-vector datatype (HO)
 (C:\Users\alexi\AppData\Local\Programs\MiKTeX\tex/generic/bigintcalc\bigintcalc.sty
Package: bigintcalc 2019/12/15 v1.5 Expandable calculations on big integers (HO)
))
\Fld@menulength=\count348
\Field@Width=\dimen318
\Fld@charsize=\dimen319
Package hyperref Info: Hyper figures OFF on input line 6078.
Package hyperref Info: Link nesting OFF on input line 6083.
Package hyperref Info: Hyper index ON on input line 6086.
Package hyperref Info: backreferencing OFF on input line 6093.
Package hyperref Info: Link coloring ON on input line 6096.
Package hyperref Info: Link coloring with OCG OFF on input line 6103.
Package hyperref Info: PDF/A mode OFF on input line 6108.
\Hy@abspage=\count349
\c@Item=\count350
\c@Hfootnote=\count351
)
Package hyperref Info: Driver (autodetected): hpdftex.
 (C:\Users\alexi\AppData\Local\Programs\MiKTeX\tex/latex/hyperref\hpdftex.def
File: hpdftex.def 2025-07-12 v7.01o Hyperref driver for pdfTeX
\Fld@listcount=\count352
\c@bookmark@seq@number=\count353
 (C:\Users\alexi\AppData\Local\Programs\MiKTeX\tex/latex/rerunfilecheck\rerunfilecheck.sty
Package: rerunfilecheck 2025-06-21 v1.11 Rerun checks for auxiliary files (HO)
 (C:\Users\alexi\AppData\Local\Programs\MiKTeX\tex/generic/uniquecounter\uniquecounter.sty
Package: uniquecounter 2019/12/15 v1.4 Provide unlimited unique counter (HO)
)
Package uniquecounter Info: New unique counter `rerunfilecheck' on input line 284.
)
\Hy@SectionHShift=\skip75
) (C:\Users\alexi\AppData\Local\Programs\MiKTeX\tex/latex/dirtree\dirtree.sty
Package: dirtree 2012/12/11 v0.32 package wrapper for dirtree
 (C:\Users\alexi\AppData\Local\Programs\MiKTeX\tex/generic/dirtree\dirtree.tex `dirtree' v0.32, 2012/12/11 (jcc)
\DT@offset=\dimen320
\DT@width=\dimen321
\DT@sep=\dimen322
\DT@all=\dimen323
\DT@rulewidth=\dimen324
\DT@dotwidth=\dimen325
\DTbaselineskip=\dimen326
\DT@counti=\count354
\DT@countii=\count355
\DT@countiii=\count356
\DT@countiv=\count357
\DT@indent=\dimen327
\DT@parskip=\dimen328
\DT@baselineskip=\dimen329
)
File: dirtree.tex 2012/12/11 v0.32 `dirtree' (jcc)
) (C:\Users\alexi\AppData\Local\Programs\MiKTeX\tex/latex/wrapfig\wrapfig.sty
\wrapoverhang=\dimen330
\WF@size=\dimen331
\c@WF@wrappedlines=\count358
\WF@box=\box76
\WF@everypar=\toks50
Package: wrapfig 2003/01/31  v 3.6
) (C:\Users\alexi\AppData\Local\Programs\MiKTeX\tex/latex/lipsum\lipsum.sty (C:\Users\alexi\AppData\Local\Programs\MiKTeX\tex/latex/l3packages/l3keys2e\l3keys2e.sty (C:\Users\alexi\AppData\Local\Programs\MiKTeX\tex/latex/l3kernel\expl3.sty
Package: expl3 2025-09-02 L3 programming layer (loader) 
 (C:\Users\alexi\AppData\Local\Programs\MiKTeX\tex/latex/l3backend\l3backend-pdftex.def
File: l3backend-pdftex.def 2025-06-09 L3 backend support: PDF output (pdfTeX)
\l__color_backend_stack_int=\count359
))
Package: l3keys2e 2024-08-16 LaTeX2e option processing using LaTeX3 keys
)
Package: lipsum 2021-09-20 v2.7 150 paragraphs of Lorem Ipsum dummy text
\g__lipsum_par_int=\count360
\l__lipsum_a_int=\count361
\l__lipsum_b_int=\count362
 (C:\Users\alexi\AppData\Local\Programs\MiKTeX\tex/latex/lipsum\lipsum.ltd.tex)) (C:\Users\alexi\AppData\Local\Programs\MiKTeX\tex/latex/cancel\cancel.sty
Package: cancel 2013/04/12 v2.2 Cancel math terms
) (C:\Users\alexi\AppData\Local\Programs\MiKTeX\tex/latex/chngcntr\chngcntr.sty
Package: chngcntr 2018/04/09 v1.1a change counter resetting
Package chngcntr Info: \counterwithout already defined.
(chngcntr)             Quitting chngcntr on input line 21.
) (C:\Users\alexi\AppData\Local\Programs\MiKTeX\tex/latex/amsmath\amsmath.sty
Package: amsmath 2025/06/16 v2.17y AMS math features
\@mathmargin=\skip76

For additional information on amsmath, use the `?' option.
(C:\Users\alexi\AppData\Local\Programs\MiKTeX\tex/latex/amsmath\amstext.sty
Package: amstext 2024/11/17 v2.01 AMS text
 (C:\Users\alexi\AppData\Local\Programs\MiKTeX\tex/latex/amsmath\amsgen.sty
File: amsgen.sty 1999/11/30 v2.0 generic functions
\@emptytoks=\toks51
\ex@=\dimen332
)) (C:\Users\alexi\AppData\Local\Programs\MiKTeX\tex/latex/amsmath\amsbsy.sty
Package: amsbsy 1999/11/29 v1.2d Bold Symbols
\pmbraise@=\dimen333
) (C:\Users\alexi\AppData\Local\Programs\MiKTeX\tex/latex/amsmath\amsopn.sty
Package: amsopn 2022/04/08 v2.04 operator names
)
\inf@bad=\count363
LaTeX Info: Redefining \frac on input line 233.
\uproot@=\count364
\leftroot@=\count365
LaTeX Info: Redefining \overline on input line 398.
LaTeX Info: Redefining \colon on input line 409.
\classnum@=\count366
\DOTSCASE@=\count367
LaTeX Info: Redefining \ldots on input line 495.
LaTeX Info: Redefining \dots on input line 498.
LaTeX Info: Redefining \cdots on input line 619.
\Mathstrutbox@=\box77
\strutbox@=\box78
LaTeX Info: Redefining \big on input line 721.
LaTeX Info: Redefining \Big on input line 722.
LaTeX Info: Redefining \bigg on input line 723.
LaTeX Info: Redefining \Bigg on input line 724.
\big@size=\dimen334
LaTeX Font Info:    Redeclaring font encoding OML on input line 742.
LaTeX Font Info:    Redeclaring font encoding OMS on input line 743.
\macc@depth=\count368
LaTeX Info: Redefining \bmod on input line 904.
LaTeX Info: Redefining \pmod on input line 909.
LaTeX Info: Redefining \smash on input line 939.
LaTeX Info: Redefining \relbar on input line 969.
LaTeX Info: Redefining \Relbar on input line 970.
\c@MaxMatrixCols=\count369
\dotsspace@=\muskip18
\c@parentequation=\count370
\dspbrk@lvl=\count371
\tag@help=\toks52
\row@=\count372
\column@=\count373
\maxfields@=\count374
\andhelp@=\toks53
\eqnshift@=\dimen335
\alignsep@=\dimen336
\tagshift@=\dimen337
\tagwidth@=\dimen338
\totwidth@=\dimen339
\lineht@=\dimen340
\@envbody=\toks54
\multlinegap=\skip77
\multlinetaggap=\skip78
\mathdisplay@stack=\toks55
LaTeX Info: Redefining \[ on input line 2949.
LaTeX Info: Redefining \] on input line 2950.
) (C:\Users\alexi\AppData\Local\Programs\MiKTeX\tex/latex/tcolorbox\tcolorbox.sty
Package: tcolorbox 2025/09/09 version 6.8.0 text color boxes
 (C:\Users\alexi\AppData\Local\Programs\MiKTeX\tex/latex/tools\verbatim.sty
Package: verbatim 2024-01-22 v1.5x LaTeX2e package for verbatim enhancements
\every@verbatim=\toks56
\verbatim@line=\toks57
\verbatim@in@stream=\read5
) (C:\Users\alexi\AppData\Local\Programs\MiKTeX\tex/latex/environ\environ.sty
Package: environ 2014/05/04 v0.3 A new way to define environments
 (C:\Users\alexi\AppData\Local\Programs\MiKTeX\tex/latex/trimspaces\trimspaces.sty
Package: trimspaces 2009/09/17 v1.1 Trim spaces around a token list
))
\tcb@titlebox=\box79
\tcb@upperbox=\box80
\tcb@lowerbox=\box81
\tcb@phantombox=\box82
\c@tcbbreakpart=\count375
\c@tcblayer=\count376
\c@tcolorbox@number=\count377
\l__tcobox_tmpa_box=\box83
\l__tcobox_tmpa_dim=\dimen341
\tcb@temp=\box84
\tcb@temp=\box85
\tcb@temp=\box86
\tcb@temp=\box87
) (C:\Users\alexi\AppData\Local\Programs\MiKTeX\tex/latex/acronym\acronym.sty
Package: acronym 2025/01/17 v1.50 Support for acronyms (Tobias Oetiker)
 (C:\Users\alexi\AppData\Local\Programs\MiKTeX\tex/latex/xstring\xstring.sty (C:\Users\alexi\AppData\Local\Programs\MiKTeX\tex/generic/xstring\xstring.tex
\xs_counta=\count378
\xs_countb=\count379
)
Package: xstring 2023/08/22 v1.86 String manipulations (CT)
)
\AC@clearlist=\toks58
) (C:\Users\alexi\AppData\Local\Programs\MiKTeX\tex/latex/glossaries/base\glossaries.sty
Package: glossaries 2025/08/11 v4.8 (NLCT)
 (C:\Users\alexi\AppData\Local\Programs\MiKTeX\tex/latex/xkeyval\xkeyval.sty
Package: xkeyval 2022/06/16 v2.9 package option processing (HA)
 (C:\Users\alexi\AppData\Local\Programs\MiKTeX\tex/generic/xkeyval\xkeyval.tex (C:\Users\alexi\AppData\Local\Programs\MiKTeX\tex/generic/xkeyval\xkvutils.tex
\XKV@toks=\toks59
\XKV@tempa@toks=\toks60
)
\XKV@depth=\count380
File: xkeyval.tex 2014/12/03 v2.7a key=value parser (HA)
)) (C:\Users\alexi\AppData\Local\Programs\MiKTeX\tex/latex/mfirstuc\mfirstuc.sty
Package: mfirstuc 2025/04/03 v2.09 (NLCT)
\@glsmfirst=\toks61
\@glsmrest=\toks62
) (C:\Users\alexi\AppData\Local\Programs\MiKTeX\tex/latex/xfor\xfor.sty
Package: xfor 2009/02/05 v1.05 (NLCT)
) (C:\Users\alexi\AppData\Local\Programs\MiKTeX\tex/latex/tracklang\tracklang.sty
Package: tracklang 2025/03/11 v1.6.6 (NLCT) Track Languages
 (C:\Users\alexi\AppData\Local\Programs\MiKTeX\tex/generic/tracklang\tracklang.tex)
Package tracklang Info: Tracking dialect `french' (language `french') on input line 264.
Package tracklang Info: Tracking dialect `french' (language `french') on input line 264.
) (C:\Users\alexi\AppData\Local\Programs\MiKTeX\tex/latex/translator\translator.sty
Package: translator 2021-05-31 v1.12d Easy translation of strings in LaTeX
) (C:\Users\alexi\AppData\Local\Programs\MiKTeX\tex/latex/glossaries-french\glossaries-french.ldf
File: glossaries-french.ldf 2016/12/12 v1.1
) (C:\Users\alexi\AppData\Local\Programs\MiKTeX\tex/latex/datatool\datatool-base.sty
Package: datatool-base 2025/04/25 v3.4.1 (NLCT)
 (C:\Users\alexi\AppData\Local\Programs\MiKTeX\tex/latex/datatool\datatool-l3fp.def
File: datatool-l3fp.def 2025/04/25 v3.4.1 (NLCT)
)
\@dtl@toks=\toks63
\@dtl@tmpcount=\count381
\dtl@tmplength=\skip79
\l__datatool_measure_box=\box88
\dtl@sortresult=\count382
 (C:\Users\alexi\AppData\Local\Programs\MiKTeX\tex/latex/datatool\datatool-utf8.ldf
File: datatool-utf8.ldf 2025/04/25 v3.4.1 (NLCT)
)
\@dtl@datatype=\count383
\l__datatool_tmpa_int=\count384
\l__datatool_tmpb_int=\count385
\l__datatool_tmpc_int=\count386
\l__datatool_tmpd_int=\count387
\l__datatool_count_int=\count388
\l__datatool_tmp_datatype_int=\count389
\l__datatool_tmpa_dim=\dimen342
\l__datatool_tmpb_dim=\dimen343
\c_datatool_unknown_int=\count390
\l__datatool_year_int=\count391
\l__datatool_month_int=\count392
\l__datatool_day_int=\count393
\l__datatool_hour_int=\count394
\l__datatool_minute_int=\count395
\l__datatool_second_int=\count396
\l__datatool_tzhour_int=\count397
\l__datatool_tzminute_int=\count398
\l__datatool_julian_int=\count399
\l__datatool_local_julian_int=\count400
\l__datatool_prefix_int=\count401
\l__datatool_suffix_int=\count402
\@dtl@foreach@level=\count403


Package tracklang Warning: No `datatool' support for dialect `french'  on input line 9908.

\dtl@codeA=\count404
\dtl@codeB=\count405
)
\gls@level=\count406
\@gls@tmpb=\toks64
\gls@tmplen=\skip80
\l__glossaries_tmpa_dim=\dimen344
\l__glossaries_tmpb_dim=\dimen345
\glskeylisttok=\toks65
\glslabeltok=\toks66
\glsshorttok=\toks67
\glslongtok=\toks68
 (C:\Users\alexi\AppData\Local\Programs\MiKTeX\tex/latex/glossaries/styles\glossary-hypernav.sty
Package: glossary-hypernav 2025/08/11 v4.8 (NLCT)
) (C:\Users\alexi\AppData\Local\Programs\MiKTeX\tex/latex/glossaries/styles\glossary-list.sty
Package: glossary-list 2025/08/11 v4.8 (NLCT)
\glslistdottedwidth=\skip81
) (C:\Users\alexi\AppData\Local\Programs\MiKTeX\tex/latex/glossaries/styles\glossary-long.sty
Package: glossary-long 2025/08/11 v4.8 (NLCT)
 (C:\Users\alexi\AppData\Local\Programs\MiKTeX\tex/latex/tools\longtable.sty
Package: longtable 2024-12-18 v4.23 Multi-page Table package (DPC)
\LTleft=\skip82
\LTright=\skip83
\LTpre=\skip84
\LTpost=\skip85
\LTchunksize=\count407
\LTcapwidth=\dimen346
\LT@head=\box89
\LT@firsthead=\box90
\LT@foot=\box91
\LT@lastfoot=\box92
\LT@gbox=\box93
\LT@cols=\count408
\LT@rows=\count409
\c@LT@tables=\count410
\c@LT@chunks=\count411
\LT@p@ftn=\toks69
)
\glsdescwidth=\skip86
\glspagelistwidth=\skip87
) (C:\Users\alexi\AppData\Local\Programs\MiKTeX\tex/latex/glossaries/styles\glossary-super.sty
Package: glossary-super 2025/08/11 v4.8 (NLCT)
 (C:\Users\alexi\AppData\Local\Programs\MiKTeX\tex/latex/supertabular\supertabular.sty
Package: supertabular 2024/07/20 v4.2c the supertabular environment
\c@tracingst=\count412
\ST@wd=\dimen347
\ST@rightskip=\skip88
\ST@leftskip=\skip89
\ST@parfillskip=\skip90
\ST@pageleft=\dimen348
\ST@headht=\dimen349
\ST@tailht=\dimen350
\ST@pagesofar=\dimen351
\ST@pboxht=\dimen352
\ST@rowht=\dimen353
\ST@prevht=\dimen354
\ST@toadd=\dimen355
\ST@dimen=\dimen356
\ST@pbox=\box94
)) (C:\Users\alexi\AppData\Local\Programs\MiKTeX\tex/latex/glossaries/styles\glossary-tree.sty
Package: glossary-tree 2025/08/11 v4.8 (NLCT)
\l__glossaries_tree_max_known_level_int=\count413
\l__glossaries_tree_offset_dim=\dimen357
\l__glossaries_tree_namewidth_dim=\dimen358
\l__glossaries_tree_symbolwidth_dim=\dimen359
\l__glossaries_tree_prenamesym_width_dim=\dimen360
\l__glossaries_tree_presubnamesym_width_dim=\dimen361
\l__glossaries_tree_namewidth_padding_dim=\dimen362
\l__glossaries_tree_symbolwidth_padding_dim=\dimen363
\l__glossaries_tree_namesymbolwidth_dim=\dimen364
\l__glossaries_tree_namesymbolwidth_padding_dim=\dimen365
\l__glossaries_tree_level_int=\count414
\glstreeindent=\skip91
)) (C:\Users\alexi\AppData\Local\Programs\MiKTeX\tex/latex/l3packages/xparse\xparse.sty
Package: xparse 2024-08-16 L3 Experimental document command parser
)
\larg=\skip92
 (glossary.tex)
\c@subsubsubsection=\count415
LaTeX Font Info:    Trying to load font information for T1+lmr on input line 240.
 (C:\Users\alexi\AppData\Local\Programs\MiKTeX\tex/latex/lm\t1lmr.fd
File: t1lmr.fd 2015/05/01 v1.6.1 Font defs for Latin Modern
) (DossierSuivi_SP02.aux
Package babel Info: 'french' activates 'french' shorthands.
(babel)             Reported on input line 15.
\g__glossaries_gls_ref_acronym_int=\count416
\g__glossaries_gls_ref_main_int=\count417


LaTeX Warning: Label `fig:para_etage2' multiply defined.

)
\openout1 = `DossierSuivi_SP02.aux'.

LaTeX Font Info:    Checking defaults for OML/cmm/m/it on input line 240.
LaTeX Font Info:    ... okay on input line 240.
LaTeX Font Info:    Checking defaults for OMS/cmsy/m/n on input line 240.
LaTeX Font Info:    ... okay on input line 240.
LaTeX Font Info:    Checking defaults for OT1/cmr/m/n on input line 240.
LaTeX Font Info:    ... okay on input line 240.
LaTeX Font Info:    Checking defaults for T1/cmr/m/n on input line 240.
LaTeX Font Info:    ... okay on input line 240.
LaTeX Font Info:    Checking defaults for TS1/cmr/m/n on input line 240.
LaTeX Font Info:    ... okay on input line 240.
LaTeX Font Info:    Checking defaults for OMX/cmex/m/n on input line 240.
LaTeX Font Info:    ... okay on input line 240.
LaTeX Font Info:    Checking defaults for U/cmr/m/n on input line 240.
LaTeX Font Info:    ... okay on input line 240.
LaTeX Font Info:    Checking defaults for PD1/pdf/m/n on input line 240.
LaTeX Font Info:    ... okay on input line 240.
LaTeX Font Info:    Checking defaults for PU/pdf/m/n on input line 240.
LaTeX Font Info:    ... okay on input line 240.
 (C:\Users\alexi\AppData\Local\Programs\MiKTeX\tex/context/base/mkii\supp-pdf.mkii
[Loading MPS to PDF converter (version 2006.09.02).]
\scratchcounter=\count418
\scratchdimen=\dimen366
\scratchbox=\box95
\nofMPsegments=\count419
\nofMParguments=\count420
\everyMPshowfont=\toks70
\MPscratchCnt=\count421
\MPscratchDim=\dimen367
\MPnumerator=\count422
\makeMPintoPDFobject=\count423
\everyMPtoPDFconversion=\toks71
) (C:\Users\alexi\AppData\Local\Programs\MiKTeX\tex/latex/epstopdf-pkg\epstopdf-base.sty
Package: epstopdf-base 2020-01-24 v2.11 Base part for package epstopdf
Package epstopdf-base Info: Redefining graphics rule for `.eps' on input line 485.
 (C:\Users\alexi\AppData\Local\Programs\MiKTeX\tex/latex/00miktex\epstopdf-sys.cfg
File: epstopdf-sys.cfg 2021/03/18 v2.0 Configuration of epstopdf for MiKTeX
))
*geometry* driver: auto-detecting
*geometry* detected driver: pdftex
*geometry* verbose mode - [ preamble ] result:
* driver: pdftex
* paper: a4paper
* layout: <same size as paper>
* layoutoffset:(h,v)=(0.0pt,0.0pt)
* modes: 
* h-part:(L,W,R)=(71.13188pt, 455.24411pt, 71.13188pt)
* v-part:(T,H,B)=(71.13188pt, 702.78308pt, 71.13188pt)
* \paperwidth=597.50787pt
* \paperheight=845.04684pt
* \textwidth=455.24411pt
* \textheight=702.78308pt
* \oddsidemargin=-1.1381pt
* \evensidemargin=-1.1381pt
* \topmargin=-38.1381pt
* \headheight=12.0pt
* \headsep=25.0pt
* \topskip=10.0pt
* \footskip=30.0pt
* \marginparwidth=65.0pt
* \marginparsep=11.0pt
* \columnsep=10.0pt
* \skip\footins=9.0pt plus 4.0pt minus 2.0pt
* \hoffset=0.0pt
* \voffset=0.0pt
* \mag=1000
* \@twocolumnfalse
* \@twosidefalse
* \@mparswitchfalse
* \@reversemarginfalse
* (1in=72.27pt=25.4mm, 1cm=28.453pt)

LaTeX Info: Redefining \degres on input line 240.
\c@lstlisting=\count424
Package caption Info: Begin \AtBeginDocument code.
Package caption Info: hyperref package is loaded.
Package caption Info: longtable package is loaded.
(C:\Users\alexi\AppData\Local\Programs\MiKTeX\tex/latex/caption\ltcaption.sty
Package: ltcaption 2021/01/08 v1.4c longtable captions (AR)
)
Package caption Info: supertabular package is loaded.
Package caption Info: wrapfig package is loaded.
Package caption Info: End \AtBeginDocument code.
 (C:\Users\alexi\AppData\Local\Programs\MiKTeX\tex/latex/pdflscape\pdflscape.sty
Package: pdflscape 2022-10-27 v0.13 Display of landscape pages in PDF
 (C:\Users\alexi\AppData\Local\Programs\MiKTeX\tex/latex/pdflscape\pdflscape-nometadata.sty
Package: pdflscape-nometadata 2022-10-28 v0.13 Display of landscape pages in PDF (HO)
 (C:\Users\alexi\AppData\Local\Programs\MiKTeX\tex/latex/graphics\lscape.sty
Package: lscape 2020/05/28 v3.02 Landscape Pages (DPC)
)
Package pdflscape Info: Auto-detected driver: pdftex on input line 81.
))
Package hyperref Info: Link coloring ON on input line 240.
 (DossierSuivi_SP02.out) (DossierSuivi_SP02.out)
\@outlinefile=\write6
\openout6 = `DossierSuivi_SP02.out'.

LaTeX Font Info:    Trying to load font information for OT1+lmr on input line 263.
 (C:\Users\alexi\AppData\Local\Programs\MiKTeX\tex/latex/lm\ot1lmr.fd
File: ot1lmr.fd 2015/05/01 v1.6.1 Font defs for Latin Modern
)
LaTeX Font Info:    Trying to load font information for OML+lmm on input line 263.
 (C:\Users\alexi\AppData\Local\Programs\MiKTeX\tex/latex/lm\omllmm.fd
File: omllmm.fd 2015/05/01 v1.6.1 Font defs for Latin Modern
)
LaTeX Font Info:    Trying to load font information for OMS+lmsy on input line 263.
 (C:\Users\alexi\AppData\Local\Programs\MiKTeX\tex/latex/lm\omslmsy.fd
File: omslmsy.fd 2015/05/01 v1.6.1 Font defs for Latin Modern
)
LaTeX Font Info:    Trying to load font information for OMX+lmex on input line 263.
 (C:\Users\alexi\AppData\Local\Programs\MiKTeX\tex/latex/lm\omxlmex.fd
File: omxlmex.fd 2015/05/01 v1.6.1 Font defs for Latin Modern
)
LaTeX Font Info:    External font `lmex10' loaded for size
(Font)              <10> on input line 263.
LaTeX Font Info:    External font `lmex10' loaded for size
(Font)              <7> on input line 263.
LaTeX Font Info:    External font `lmex10' loaded for size
(Font)              <5> on input line 263.
<figures/Logo_SP-02.png, id=351, 3764.0625pt x 3764.0625pt>
File: figures/Logo_SP-02.png Graphic file (type png)
<use figures/Logo_SP-02.png>
Package pdftex.def Info: figures/Logo_SP-02.png  used on input line 263.
(pdftex.def)             Requested size: 136.57462pt x 136.52274pt.
<figures/AEROIPSA.png, id=353, 501.875pt x 355.3275pt>
File: figures/AEROIPSA.png Graphic file (type png)
<use figures/AEROIPSA.png>
Package pdftex.def Info: figures/AEROIPSA.png  used on input line 263.
(pdftex.def)             Requested size: 136.57462pt x 96.69333pt.

Overfull \hbox (24.0pt too wide) in paragraph at lines 263--263
 [] 
 []


Overfull \hbox (23.99998pt too wide) in paragraph at lines 263--263
 [] 
 []

<figures/catia_alpha_beta.png, id=354, 1284.8pt x 195.73125pt>
File: figures/catia_alpha_beta.png Graphic file (type png)
<use figures/catia_alpha_beta.png>
Package pdftex.def Info: figures/catia_alpha_beta.png  used on input line 263.
(pdftex.def)             Requested size: 455.24411pt x 69.35216pt.

Overfull \hbox (24.0pt too wide) in paragraph at lines 263--264
[]
 []


Underfull \hbox (badness 10000) in paragraph at lines 263--264

 []



<figures/AEROIPSA_HEADER.png, id=355, 707.64375pt x 61.73062pt>
File: figures/AEROIPSA_HEADER.png Graphic file (type png)
<use figures/AEROIPSA_HEADER.png>
Package pdftex.def Info: figures/AEROIPSA_HEADER.png  used on input line 265.
(pdftex.def)             Requested size: 407.72343pt x 35.56593pt.
<figures/AEROIPSA_FOOTER.png, id=356, 193.47281pt x 61.73062pt>
File: figures/AEROIPSA_FOOTER.png Graphic file (type png)
<use figures/AEROIPSA_FOOTER.png>
Package pdftex.def Info: figures/AEROIPSA_FOOTER.png  used on input line 265.
(pdftex.def)             Requested size: 111.47331pt x 35.56593pt.
[1

{C:/Users/alexi/AppData/Local/MiKTeX/fonts/map/pdftex/pdftex.map}{C:/Users/alexi/AppData/Local/Programs/MiKTeX/fonts/enc/dvips/lm/lm-ec.enc} <./figures/AEROIPSA_HEADER.png> <./figures/AEROIPSA_FOOTER.png> <./figures/Logo_SP-02.png> <./figures/AEROIPSA.png> <./figures/catia_alpha_beta.png>] (DossierSuivi_SP02.toc

Package babel Info: 'french' activates 'french' shorthands.
(babel)             Reported on input line 55.

Package fancyhdr Warning: \headheight is too small (12.0pt): 
(fancyhdr)                Make it at least 12.80502pt, for example:
(fancyhdr)                \setlength{\headheight}{12.80502pt}.
(fancyhdr)                You might also make \topmargin smaller:
(fancyhdr)                \addtolength{\topmargin}{-0.80502pt}.

File: figures/AEROIPSA_HEADER.png Graphic file (type png)
<use figures/AEROIPSA_HEADER.png>
Package pdftex.def Info: figures/AEROIPSA_HEADER.png  used on input line 55.
(pdftex.def)             Requested size: 407.72343pt x 35.56593pt.
File: figures/AEROIPSA_FOOTER.png Graphic file (type png)
<use figures/AEROIPSA_FOOTER.png>
Package pdftex.def Info: figures/AEROIPSA_FOOTER.png  used on input line 55.
(pdftex.def)             Requested size: 111.47331pt x 35.56593pt.
[2])
\tf@toc=\write7
\openout7 = `DossierSuivi_SP02.toc'.




Package fancyhdr Warning: \headheight is too small (12.0pt): 
(fancyhdr)                Make it at least 12.80502pt, for example:
(fancyhdr)                \setlength{\headheight}{12.80502pt}.
(fancyhdr)                You might also make \topmargin smaller:
(fancyhdr)                \addtolength{\topmargin}{-0.80502pt}.

File: figures/AEROIPSA_HEADER.png Graphic file (type png)
<use figures/AEROIPSA_HEADER.png>
Package pdftex.def Info: figures/AEROIPSA_HEADER.png  used on input line 271.
(pdftex.def)             Requested size: 407.72343pt x 35.56593pt.
File: figures/AEROIPSA_FOOTER.png Graphic file (type png)
<use figures/AEROIPSA_FOOTER.png>
Package pdftex.def Info: figures/AEROIPSA_FOOTER.png  used on input line 271.
(pdftex.def)             Requested size: 111.47331pt x 35.56593pt.
[3] (sections/Introduction.tex
Underfull \hbox (badness 10000) in paragraph at lines 5--9

 []


Underfull \hbox (badness 10000) in paragraph at lines 15--17

 []


Underfull \hbox (badness 10000) in paragraph at lines 19--24

 []


Underfull \hbox (badness 10000) in paragraph at lines 25--31

 []


Underfull \hbox (badness 10000) in paragraph at lines 32--33

 []




Package fancyhdr Warning: \headheight is too small (12.0pt): 
(fancyhdr)                Make it at least 12.80502pt, for example:
(fancyhdr)                \setlength{\headheight}{12.80502pt}.
(fancyhdr)                You might also make \topmargin smaller:
(fancyhdr)                \addtolength{\topmargin}{-0.80502pt}.

File: figures/AEROIPSA_HEADER.png Graphic file (type png)
<use figures/AEROIPSA_HEADER.png>
Package pdftex.def Info: figures/AEROIPSA_HEADER.png  used on input line 45.
(pdftex.def)             Requested size: 407.72343pt x 35.56593pt.
File: figures/AEROIPSA_FOOTER.png Graphic file (type png)
<use figures/AEROIPSA_FOOTER.png>
Package pdftex.def Info: figures/AEROIPSA_FOOTER.png  used on input line 45.
(pdftex.def)             Requested size: 111.47331pt x 35.56593pt.
[4]) (sections/ch1_generalites/main.tex
Underfull \hbox (badness 10000) in paragraph at lines 4--7

 []

(sections/ch1_generalites/subsec1_pres_club.tex
Underfull \hbox (badness 10000) in paragraph at lines 4--10

 []

<figures/cspace2025.jpg, id=527, 3228.06pt x 1533.73pt>
File: figures/cspace2025.jpg Graphic file (type jpg)
<use figures/cspace2025.jpg>
Package pdftex.def Info: figures/cspace2025.jpg  used on input line 21.
(pdftex.def)             Requested size: 455.24411pt x 216.28873pt.


File: figures/AEROIPSA_HEADER.png Graphic file (type png)
<use figures/AEROIPSA_HEADER.png>
Package pdftex.def Info: figures/AEROIPSA_HEADER.png  used on input line 28.
(pdftex.def)             Requested size: 407.72343pt x 35.56593pt.
File: figures/AEROIPSA_FOOTER.png Graphic file (type png)
<use figures/AEROIPSA_FOOTER.png>
Package pdftex.def Info: figures/AEROIPSA_FOOTER.png  used on input line 28.
(pdftex.def)             Requested size: 111.47331pt x 35.56593pt.
[5 <./figures/cspace2025.jpg>]) (sections/ch1_generalites/subsec2_pres_equipe.tex
Underfull \hbox (badness 10000) in paragraph at lines 4--8

 []

) (sections/ch1_generalites/subsec3_def_projet.tex
Underfull \hbox (badness 10000) in paragraph at lines 4--9

 []


Underfull \hbox (badness 10000) in paragraph at lines 15--16

 []


Underfull \hbox (badness 10000) in paragraph at lines 18--21

 []


Underfull \hbox (badness 10000) in paragraph at lines 22--25

 []


Underfull \hbox (badness 10000) in paragraph at lines 26--30

 []



File: figures/AEROIPSA_HEADER.png Graphic file (type png)
<use figures/AEROIPSA_HEADER.png>
Package pdftex.def Info: figures/AEROIPSA_HEADER.png  used on input line 34.
(pdftex.def)             Requested size: 407.72343pt x 35.56593pt.
File: figures/AEROIPSA_FOOTER.png Graphic file (type png)
<use figures/AEROIPSA_FOOTER.png>
Package pdftex.def Info: figures/AEROIPSA_FOOTER.png  used on input line 34.
(pdftex.def)             Requested size: 111.47331pt x 35.56593pt.
[6]
Underfull \hbox (badness 10000) in paragraph at lines 38--41

 []

<figures/catia_alpha.png, id=556, 1284.8pt x 352.31625pt>
File: figures/catia_alpha.png Graphic file (type png)
<use figures/catia_alpha.png>
Package pdftex.def Info: figures/catia_alpha.png  used on input line 55.
(pdftex.def)             Requested size: 455.24411pt x 124.83391pt.

Overfull \hbox (25.2005pt too wide) in paragraph at lines 77--78
 [][] 
 []


Underfull \hbox (badness 10000) in paragraph at lines 84--87

 []

<figures/catia_beta.png, id=559, 1284.8pt x 334.24875pt>
File: figures/catia_beta.png Graphic file (type png)
<use figures/catia_beta.png>
Package pdftex.def Info: figures/catia_beta.png  used on input line 100.
(pdftex.def)             Requested size: 455.24411pt x 118.43217pt.

Overfull \hbox (57.50021pt too wide) in paragraph at lines 120--121
 [][] 
 []



File: figures/AEROIPSA_HEADER.png Graphic file (type png)
<use figures/AEROIPSA_HEADER.png>
Package pdftex.def Info: figures/AEROIPSA_HEADER.png  used on input line 125.
(pdftex.def)             Requested size: 407.72343pt x 35.56593pt.
File: figures/AEROIPSA_FOOTER.png Graphic file (type png)
<use figures/AEROIPSA_FOOTER.png>
Package pdftex.def Info: figures/AEROIPSA_FOOTER.png  used on input line 125.
(pdftex.def)             Requested size: 111.47331pt x 35.56593pt.
[7 <./figures/catia_alpha.png> <./figures/catia_beta.png>]
File: figures/catia_alpha_beta.png Graphic file (type png)
<use figures/catia_alpha_beta.png>
Package pdftex.def Info: figures/catia_alpha_beta.png  used on input line 140.
(pdftex.def)             Requested size: 409.71692pt x 62.41725pt.

Underfull \hbox (badness 10000) in paragraph at lines 148--154

 []



File: figures/AEROIPSA_HEADER.png Graphic file (type png)
<use figures/AEROIPSA_HEADER.png>
Package pdftex.def Info: figures/AEROIPSA_HEADER.png  used on input line 155.
(pdftex.def)             Requested size: 407.72343pt x 35.56593pt.
File: figures/AEROIPSA_FOOTER.png Graphic file (type png)
<use figures/AEROIPSA_FOOTER.png>
Package pdftex.def Info: figures/AEROIPSA_FOOTER.png  used on input line 155.
(pdftex.def)             Requested size: 111.47331pt x 35.56593pt.
[8]) (sections/ch1_generalites/subsec4_retour_exp.tex
Underfull \hbox (badness 10000) in paragraph at lines 4--7

 []


Underfull \hbox (badness 10000) in paragraph at lines 8--12

 []


Underfull \hbox (badness 10000) in paragraph at lines 13--14

 []

<figures/arcturus.png, id=585, 602.25pt x 285.065pt>
File: figures/arcturus.png Graphic file (type png)
<use figures/arcturus.png>
Package pdftex.def Info: figures/arcturus.png  used on input line 24.
(pdftex.def)             Requested size: 250.38564pt x 118.51724pt.
<figures/sp01_2.png, id=588, 526.96875pt x 144.54pt>
File: figures/sp01_2.png Graphic file (type png)
<use figures/sp01_2.png>
Package pdftex.def Info: figures/sp01_2.png  used on input line 41.
(pdftex.def)             Requested size: 364.19667pt x 99.8981pt.


File: figures/AEROIPSA_HEADER.png Graphic file (type png)
<use figures/AEROIPSA_HEADER.png>
Package pdftex.def Info: figures/AEROIPSA_HEADER.png  used on input line 46.
(pdftex.def)             Requested size: 407.72343pt x 35.56593pt.
File: figures/AEROIPSA_FOOTER.png Graphic file (type png)
<use figures/AEROIPSA_FOOTER.png>
Package pdftex.def Info: figures/AEROIPSA_FOOTER.png  used on input line 46.
(pdftex.def)             Requested size: 111.47331pt x 35.56593pt.
[9 <./figures/arcturus.png> <./figures/sp01_2.png>]
<figures/unknown1.jpg, id=602, 1247.41031pt x 890.5772pt>
File: figures/unknown1.jpg Graphic file (type jpg)
<use figures/unknown1.jpg>
Package pdftex.def Info: figures/unknown1.jpg  used on input line 59.
(pdftex.def)             Requested size: 163.88739pt x 117.0021pt.
<figures/unknown2.jpg, id=603, 1574.88374pt x 1124.70187pt>
File: figures/unknown2.jpg Graphic file (type jpg)
<use figures/unknown2.jpg>
Package pdftex.def Info: figures/unknown2.jpg  used on input line 65.
(pdftex.def)             Requested size: 163.88739pt x 117.02458pt.
<figures/APEX_BACK.jpg, id=609, 2125.9425pt x 2835.59375pt>
File: figures/APEX_BACK.jpg Graphic file (type jpg)
<use figures/APEX_BACK.jpg>
Package pdftex.def Info: figures/APEX_BACK.jpg  used on input line 84.
(pdftex.def)             Requested size: 143.40028pt x 191.24287pt.
<figures/APEX_FRONT.jpg, id=610, 2100.84875pt x 2802.47pt>
File: figures/APEX_FRONT.jpg Graphic file (type jpg)
<use figures/APEX_FRONT.jpg>
Package pdftex.def Info: figures/APEX_FRONT.jpg  used on input line 90.
(pdftex.def)             Requested size: 143.40028pt x 191.27528pt.


File: figures/AEROIPSA_HEADER.png Graphic file (type png)
<use figures/AEROIPSA_HEADER.png>
Package pdftex.def Info: figures/AEROIPSA_HEADER.png  used on input line 103.
(pdftex.def)             Requested size: 407.72343pt x 35.56593pt.
File: figures/AEROIPSA_FOOTER.png Graphic file (type png)
<use figures/AEROIPSA_FOOTER.png>
Package pdftex.def Info: figures/AEROIPSA_FOOTER.png  used on input line 103.
(pdftex.def)             Requested size: 111.47331pt x 35.56593pt.
[10 <./figures/unknown1.jpg> <./figures/unknown2.jpg> <./figures/APEX_BACK.jpg> <./figures/APEX_FRONT.jpg>]) (sections/ch1_generalites/subsec5_financement_partenaires.tex
Underfull \hbox (badness 10000) in paragraph at lines 10--11

 []

LaTeX Font Info:    Trying to load font information for TS1+lmr on input line 13.
(C:\Users\alexi\AppData\Local\Programs\MiKTeX\tex/latex/lm\ts1lmr.fd
File: ts1lmr.fd 2015/05/01 v1.6.1 Font defs for Latin Modern
)) (sections/ch1_generalites/subsec6_planification.tex
Underfull \hbox (badness 10000) in paragraph at lines 4--9

 []


Underfull \hbox (badness 10000) in paragraph at lines 18--20

 []


Underfull \hbox (badness 10000) in paragraph at lines 22--25

 []

<figures/gantt.jpg, id=635, 871.75688pt x 481.04718pt>
File: figures/gantt.jpg Graphic file (type jpg)
<use figures/gantt.jpg>
Package pdftex.def Info: figures/gantt.jpg  used on input line 30.
(pdftex.def)             Requested size: 295.90588pt x 163.28229pt.
)

File: figures/AEROIPSA_HEADER.png Graphic file (type png)
<use figures/AEROIPSA_HEADER.png>
Package pdftex.def Info: figures/AEROIPSA_HEADER.png  used on input line 15.
(pdftex.def)             Requested size: 407.72343pt x 35.56593pt.
File: figures/AEROIPSA_FOOTER.png Graphic file (type png)
<use figures/AEROIPSA_FOOTER.png>
Package pdftex.def Info: figures/AEROIPSA_FOOTER.png  used on input line 15.
(pdftex.def)             Requested size: 111.47331pt x 35.56593pt.
[11{C:/Users/alexi/AppData/Local/Programs/MiKTeX/fonts/enc/dvips/lm/lm-mathsy.enc}{C:/Users/alexi/AppData/Local/Programs/MiKTeX/fonts/enc/dvips/lm/lm-rm.enc}{C:/Users/alexi/AppData/Local/Programs/MiKTeX/fonts/enc/dvips/lm/lm-ts1.enc} <./figures/gantt.jpg>]) (sections/ch2_analyse_surete_fonc/main.tex
Underfull \hbox (badness 10000) in paragraph at lines 37--38

 []



File: figures/AEROIPSA_HEADER.png Graphic file (type png)
<use figures/AEROIPSA_HEADER.png>
Package pdftex.def Info: figures/AEROIPSA_HEADER.png  used on input line 44.
(pdftex.def)             Requested size: 407.72343pt x 35.56593pt.
File: figures/AEROIPSA_FOOTER.png Graphic file (type png)
<use figures/AEROIPSA_FOOTER.png>
Package pdftex.def Info: figures/AEROIPSA_FOOTER.png  used on input line 44.
(pdftex.def)             Requested size: 111.47331pt x 35.56593pt.
[12] (sections/ch2_analyse_surete_fonc/subsec1_phases_vol.tex
<figures/Phase_vol.drawio.png, id=668, 733.74126pt x 513.92pt>
File: figures/Phase_vol.drawio.png Graphic file (type png)
<use figures/Phase_vol.drawio.png>
Package pdftex.def Info: figures/Phase_vol.drawio.png  used on input line 10.
(pdftex.def)             Requested size: 455.24411pt x 318.86235pt.


File: figures/AEROIPSA_HEADER.png Graphic file (type png)
<use figures/AEROIPSA_HEADER.png>
Package pdftex.def Info: figures/AEROIPSA_HEADER.png  used on input line 48.
(pdftex.def)             Requested size: 407.72343pt x 35.56593pt.
File: figures/AEROIPSA_FOOTER.png Graphic file (type png)
<use figures/AEROIPSA_FOOTER.png>
Package pdftex.def Info: figures/AEROIPSA_FOOTER.png  used on input line 48.
(pdftex.def)             Requested size: 111.47331pt x 35.56593pt.
[13 <./figures/Phase_vol.drawio.png>]

File: figures/AEROIPSA_HEADER.png Graphic file (type png)
<use figures/AEROIPSA_HEADER.png>
Package pdftex.def Info: figures/AEROIPSA_HEADER.png  used on input line 109.
(pdftex.def)             Requested size: 407.72343pt x 35.56593pt.
File: figures/AEROIPSA_FOOTER.png Graphic file (type png)
<use figures/AEROIPSA_FOOTER.png>
Package pdftex.def Info: figures/AEROIPSA_FOOTER.png  used on input line 109.
(pdftex.def)             Requested size: 111.47331pt x 35.56593pt.
[14]

File: figures/AEROIPSA_HEADER.png Graphic file (type png)
<use figures/AEROIPSA_HEADER.png>
Package pdftex.def Info: figures/AEROIPSA_HEADER.png  used on input line 145.
(pdftex.def)             Requested size: 407.72343pt x 35.56593pt.
File: figures/AEROIPSA_FOOTER.png Graphic file (type png)
<use figures/AEROIPSA_FOOTER.png>
Package pdftex.def Info: figures/AEROIPSA_FOOTER.png  used on input line 145.
(pdftex.def)             Requested size: 111.47331pt x 35.56593pt.
[15]) (sections/ch2_analyse_surete_fonc/subsec2_analyse_prelem.tex

Package hyperref Warning: Token not allowed in a PDF string (Unicode):
(hyperref)                removing `\acrlong' on input line 1.


Underfull \hbox (badness 10000) in paragraph at lines 4--8

 []


Underfull \hbox (badness 10000) in paragraph at lines 9--13

 []


Overfull \hbox (16.78427pt too wide) in paragraph at lines 14--18
[]\T1/lmr/m/n/10 Cette pre-mière étape abou-tit à l'iden-ti-fi-ca-tion des [][][]Évé-ne-ments Re-dou-tés Prin-ci-paux (ERPs)[][](section [][]2.2.1[][]),
 []


Package hyperref Warning: Token not allowed in a PDF string (Unicode):
(hyperref)                removing `\acrlong' on input line 19.


Underfull \hbox (badness 10000) in paragraph at lines 22--25

 []


Underfull \hbox (badness 10000) in paragraph at lines 47--54

 []



File: figures/AEROIPSA_HEADER.png Graphic file (type png)
<use figures/AEROIPSA_HEADER.png>
Package pdftex.def Info: figures/AEROIPSA_HEADER.png  used on input line 72.
(pdftex.def)             Requested size: 407.72343pt x 35.56593pt.
File: figures/AEROIPSA_FOOTER.png Graphic file (type png)
<use figures/AEROIPSA_FOOTER.png>
Package pdftex.def Info: figures/AEROIPSA_FOOTER.png  used on input line 72.
(pdftex.def)             Requested size: 111.47331pt x 35.56593pt.
[16]
Underfull \hbox (badness 10000) in paragraph at lines 77--81

 []


Underfull \hbox (badness 10000) in paragraph at lines 103--103
[]|\T1/lmr/m/n/10 ERP1,
 []


Underfull \hbox (badness 10000) in paragraph at lines 110--110
[]|\T1/lmr/m/n/10 ERP1,
 []


Underfull \hbox (badness 10000) in paragraph at lines 117--117
[]|\T1/lmr/m/n/10 ERP1,
 []


Underfull \hbox (badness 10000) in paragraph at lines 117--117
\T1/lmr/m/n/10 ERP2b,
 []



File: figures/AEROIPSA_HEADER.png Graphic file (type png)
<use figures/AEROIPSA_HEADER.png>
Package pdftex.def Info: figures/AEROIPSA_HEADER.png  used on input line 145.
(pdftex.def)             Requested size: 407.72343pt x 35.56593pt.
File: figures/AEROIPSA_FOOTER.png Graphic file (type png)
<use figures/AEROIPSA_FOOTER.png>
Package pdftex.def Info: figures/AEROIPSA_FOOTER.png  used on input line 145.
(pdftex.def)             Requested size: 111.47331pt x 35.56593pt.
[17]) (sections/ch2_analyse_surete_fonc/subsec3_modes_defaillances.tex

Package hyperref Warning: Token not allowed in a PDF string (Unicode):
(hyperref)                removing `\acrlong' on input line 1.


Underfull \hbox (badness 10000) in paragraph at lines 5--8

 []


LaTeX Warning: Reference `subsec:AMDEC' on page 18 undefined on input line 11.


Underfull \hbox (badness 10000) in paragraph at lines 16--17

 []


Underfull \hbox (badness 10000) in paragraph at lines 24--25

 []


Underfull \hbox (badness 10000) in paragraph at lines 35--38

 []


Underfull \hbox (badness 10000) in paragraph at lines 39--42

 []


Underfull \hbox (badness 10000) in paragraph at lines 43--46

 []


Underfull \hbox (badness 10000) in paragraph at lines 47--50

 []


Underfull \hbox (badness 10000) in paragraph at lines 51--54

 []


Underfull \hbox (badness 10000) in paragraph at lines 55--58

 []


Underfull \hbox (badness 10000) in paragraph at lines 59--62

 []


Underfull \hbox (badness 10000) in paragraph at lines 63--66

 []



File: figures/AEROIPSA_HEADER.png Graphic file (type png)
<use figures/AEROIPSA_HEADER.png>
Package pdftex.def Info: figures/AEROIPSA_HEADER.png  used on input line 66.
(pdftex.def)             Requested size: 407.72343pt x 35.56593pt.
File: figures/AEROIPSA_FOOTER.png Graphic file (type png)
<use figures/AEROIPSA_FOOTER.png>
Package pdftex.def Info: figures/AEROIPSA_FOOTER.png  used on input line 66.
(pdftex.def)             Requested size: 111.47331pt x 35.56593pt.
[18{C:/Users/alexi/AppData/Local/Programs/MiKTeX/fonts/enc/dvips/lm/lm-mathit.enc}]
Underfull \hbox (badness 10000) in paragraph at lines 67--70

 []


Underfull \hbox (badness 10000) in paragraph at lines 71--74

 []


Underfull \hbox (badness 10000) in paragraph at lines 75--78

 []


Underfull \hbox (badness 10000) in paragraph at lines 86--87

 []


Underfull \hbox (badness 10000) in paragraph at lines 93--95

 []



File: figures/AEROIPSA_HEADER.png Graphic file (type png)
<use figures/AEROIPSA_HEADER.png>
Package pdftex.def Info: figures/AEROIPSA_HEADER.png  used on input line 100.
(pdftex.def)             Requested size: 407.72343pt x 35.56593pt.
File: figures/AEROIPSA_FOOTER.png Graphic file (type png)
<use figures/AEROIPSA_FOOTER.png>
Package pdftex.def Info: figures/AEROIPSA_FOOTER.png  used on input line 100.
(pdftex.def)             Requested size: 111.47331pt x 35.56593pt.
[19]) (sections/ch2_analyse_surete_fonc/subsec4_AMDEC.tex

Package hyperref Warning: Token not allowed in a PDF string (Unicode):
(hyperref)                removing `\acrshort' on input line 1.


Underfull \hbox (badness 10000) in paragraph at lines 11--13

 []


Underfull \hbox (badness 10000) in paragraph at lines 22--23

 []


Underfull \hbox (badness 10000) in paragraph at lines 25--27

 []


Underfull \hbox (badness 10000) in paragraph at lines 28--30

 []


Underfull \hbox (badness 10000) in paragraph at lines 37--38

 []


Underfull \hbox (badness 10000) in paragraph at lines 45--46

 []


Underfull \hbox (badness 10000) in paragraph at lines 53--54

 []



File: figures/AEROIPSA_HEADER.png Graphic file (type png)
<use figures/AEROIPSA_HEADER.png>
Package pdftex.def Info: figures/AEROIPSA_HEADER.png  used on input line 57.
(pdftex.def)             Requested size: 407.72343pt x 35.56593pt.
File: figures/AEROIPSA_FOOTER.png Graphic file (type png)
<use figures/AEROIPSA_FOOTER.png>
Package pdftex.def Info: figures/AEROIPSA_FOOTER.png  used on input line 57.
(pdftex.def)             Requested size: 111.47331pt x 35.56593pt.
[20]
<figures/MDF_table_WORD.jpg, id=878, 507.39563pt x 716.6775pt>
File: figures/MDF_table_WORD.jpg Graphic file (type jpg)
<use figures/MDF_table_WORD.jpg>
Package pdftex.def Info: figures/MDF_table_WORD.jpg  used on input line 65.
(pdftex.def)             Requested size: 386.96027pt x 546.58337pt.


File: figures/AEROIPSA_HEADER.png Graphic file (type png)
<use figures/AEROIPSA_HEADER.png>
Package pdftex.def Info: figures/AEROIPSA_HEADER.png  used on input line 69.
(pdftex.def)             Requested size: 407.72343pt x 35.56593pt.
File: figures/AEROIPSA_FOOTER.png Graphic file (type png)
<use figures/AEROIPSA_FOOTER.png>
Package pdftex.def Info: figures/AEROIPSA_FOOTER.png  used on input line 69.
(pdftex.def)             Requested size: 111.47331pt x 35.56593pt.
[21 <./figures/MDF_table_WORD.jpg>]
Underfull \hbox (badness 10000) in paragraph at lines 71--75

 []

<figures/AMDEC.jpg, id=889, 980.91469pt x 517.18219pt>
File: figures/AMDEC.jpg Graphic file (type jpg)
<use figures/AMDEC.jpg>
Package pdftex.def Info: figures/AMDEC.jpg  used on input line 89.
(pdftex.def)             Requested size: 455.24411pt x 240.02162pt.


File: figures/AEROIPSA_HEADER.png Graphic file (type png)
<use figures/AEROIPSA_HEADER.png>
Package pdftex.def Info: figures/AEROIPSA_HEADER.png  used on input line 93.
(pdftex.def)             Requested size: 407.72343pt x 35.56593pt.
File: figures/AEROIPSA_FOOTER.png Graphic file (type png)
<use figures/AEROIPSA_FOOTER.png>
Package pdftex.def Info: figures/AEROIPSA_FOOTER.png  used on input line 93.
(pdftex.def)             Requested size: 111.47331pt x 35.56593pt.
[22 <./figures/AMDEC.jpg>]) (sections/ch2_analyse_surete_fonc/subsec5_Bilan_action_corr.tex
Underfull \hbox (badness 10000) in paragraph at lines 4--7

 []


Underfull \hbox (badness 10000) in paragraph at lines 15--16

 []


Underfull \hbox (badness 10000) in paragraph at lines 24--25

 []


Underfull \hbox (badness 10000) in paragraph at lines 33--34

 []


Underfull \hbox (badness 10000) in paragraph at lines 42--43

 []


Underfull \hbox (badness 10000) in paragraph at lines 50--51

 []



File: figures/AEROIPSA_HEADER.png Graphic file (type png)
<use figures/AEROIPSA_HEADER.png>
Package pdftex.def Info: figures/AEROIPSA_HEADER.png  used on input line 66.
(pdftex.def)             Requested size: 407.72343pt x 35.56593pt.
File: figures/AEROIPSA_FOOTER.png Graphic file (type png)
<use figures/AEROIPSA_FOOTER.png>
Package pdftex.def Info: figures/AEROIPSA_FOOTER.png  used on input line 66.
(pdftex.def)             Requested size: 111.47331pt x 35.56593pt.
[23])

File: figures/AEROIPSA_HEADER.png Graphic file (type png)
<use figures/AEROIPSA_HEADER.png>
Package pdftex.def Info: figures/AEROIPSA_HEADER.png  used on input line 52.
(pdftex.def)             Requested size: 407.72343pt x 35.56593pt.
File: figures/AEROIPSA_FOOTER.png Graphic file (type png)
<use figures/AEROIPSA_FOOTER.png>
Package pdftex.def Info: figures/AEROIPSA_FOOTER.png  used on input line 52.
(pdftex.def)             Requested size: 111.47331pt x 35.56593pt.
[24]) (sections/ch3_stabilite_gabarits/main.tex (sections/ch3_stabilite_gabarits/subsec1_stabilite.tex
Underfull \hbox (badness 10000) in paragraph at lines 7--10

 []


Underfull \hbox (badness 10000) in paragraph at lines 12--14

 []


Underfull \hbox (badness 10000) in paragraph at lines 15--21

 []


Underfull \hbox (badness 10000) in paragraph at lines 22--26

 []


Underfull \hbox (badness 10000) in paragraph at lines 27--31

 []

<figures/sp02_ork.png, id=928, 3764.0625pt x 706.89093pt>
File: figures/sp02_ork.png Graphic file (type png)
<use figures/sp02_ork.png>
Package pdftex.def Info: figures/sp02_ork.png  used on input line 37.
(pdftex.def)             Requested size: 455.24411pt x 85.49199pt.


File: figures/AEROIPSA_HEADER.png Graphic file (type png)
<use figures/AEROIPSA_HEADER.png>
Package pdftex.def Info: figures/AEROIPSA_HEADER.png  used on input line 44.
(pdftex.def)             Requested size: 407.72343pt x 35.56593pt.
File: figures/AEROIPSA_FOOTER.png Graphic file (type png)
<use figures/AEROIPSA_FOOTER.png>
Package pdftex.def Info: figures/AEROIPSA_FOOTER.png  used on input line 44.
(pdftex.def)             Requested size: 111.47331pt x 35.56593pt.
[25 <./figures/sp02_ork.png>]
Underfull \hbox (badness 10000) in paragraph at lines 50--53

 []


Underfull \hbox (badness 10000) in paragraph at lines 69--73

 []


Underfull \hbox (badness 10000) in paragraph at lines 76--79

 []

<figures/stabtraj_ensemble.png, id=954, 223.818pt x 128.334pt>
File: figures/stabtraj_ensemble.png Graphic file (type png)
<use figures/stabtraj_ensemble.png>
Package pdftex.def Info: figures/stabtraj_ensemble.png  used on input line 84.
(pdftex.def)             Requested size: 145.68144pt x 83.53163pt.
<figures/stabtraj_alpha.png, id=955, 223.599pt x 131.181pt>
File: figures/stabtraj_alpha.png Graphic file (type png)
<use figures/stabtraj_alpha.png>
Package pdftex.def Info: figures/stabtraj_alpha.png  used on input line 90.
(pdftex.def)             Requested size: 145.68144pt x 85.4688pt.
<figures/stabtraj_beta.png, id=956, 223.599pt x 131.181pt>
File: figures/stabtraj_beta.png Graphic file (type png)
<use figures/stabtraj_beta.png>
Package pdftex.def Info: figures/stabtraj_beta.png  used on input line 96.
(pdftex.def)             Requested size: 145.68144pt x 85.4688pt.

Underfull \hbox (badness 10000) in paragraph at lines 104--108

 []


Underfull \hbox (badness 10000) in paragraph at lines 109--113

 []



File: figures/AEROIPSA_HEADER.png Graphic file (type png)
<use figures/AEROIPSA_HEADER.png>
Package pdftex.def Info: figures/AEROIPSA_HEADER.png  used on input line 116.
(pdftex.def)             Requested size: 407.72343pt x 35.56593pt.
File: figures/AEROIPSA_FOOTER.png Graphic file (type png)
<use figures/AEROIPSA_FOOTER.png>
Package pdftex.def Info: figures/AEROIPSA_FOOTER.png  used on input line 116.
(pdftex.def)             Requested size: 111.47331pt x 35.56593pt.
[26 <./figures/stabtraj_ensemble.png> <./figures/stabtraj_alpha.png> <./figures/stabtraj_beta.png>]) (sections/ch3_stabilite_gabarits/subsec2_gabarits.tex
Underfull \hbox (badness 10000) in paragraph at lines 4--7

 []

)

File: figures/AEROIPSA_HEADER.png Graphic file (type png)
<use figures/AEROIPSA_HEADER.png>
Package pdftex.def Info: figures/AEROIPSA_HEADER.png  used on input line 10.
(pdftex.def)             Requested size: 407.72343pt x 35.56593pt.
File: figures/AEROIPSA_FOOTER.png Graphic file (type png)
<use figures/AEROIPSA_FOOTER.png>
Package pdftex.def Info: figures/AEROIPSA_FOOTER.png  used on input line 10.
(pdftex.def)             Requested size: 111.47331pt x 35.56593pt.
[27]) (sections/ch4_meca/main.tex (sections/ch4_meca/subsec1_generalite.tex
Underfull \hbox (badness 10000) in paragraph at lines 4--8

 []


Underfull \hbox (badness 10000) in paragraph at lines 20--20
[]|\T1/lmr/m/n/10 Résistance lon-gi-tu-di-nale
 []


Underfull \hbox (badness 10000) in paragraph at lines 21--21
[]|\T1/lmr/m/n/10 Résistance trans-ver-sale
 []


Overfull \hbox (14.83766pt too wide) in paragraph at lines 14--29
 [][] 
 []



File: figures/AEROIPSA_HEADER.png Graphic file (type png)
<use figures/AEROIPSA_HEADER.png>
Package pdftex.def Info: figures/AEROIPSA_HEADER.png  used on input line 32.
(pdftex.def)             Requested size: 407.72343pt x 35.56593pt.
File: figures/AEROIPSA_FOOTER.png Graphic file (type png)
<use figures/AEROIPSA_FOOTER.png>
Package pdftex.def Info: figures/AEROIPSA_FOOTER.png  used on input line 32.
(pdftex.def)             Requested size: 111.47331pt x 35.56593pt.
[28]) (sections/ch4_meca/subsec2_choix_materiaux.tex
Underfull \hbox (badness 10000) in paragraph at lines 10--10
[]|\T1/lmr/m/n/10 Densité
 []


Overfull \hbox (1.73177pt too wide) in paragraph at lines 10--10
\T1/lmr/m/n/10 (kg/m$[]$)| 
 []


Underfull \hbox (badness 10000) in paragraph at lines 10--10
[]|\T1/lmr/m/n/10 Module
 []


Underfull \hbox (badness 10000) in paragraph at lines 10--10
\T1/lmr/m/n/10 de Young
 []


Underfull \hbox (badness 10000) in paragraph at lines 10--10
[]|\T1/lmr/m/n/10 Limite
 []


Underfull \hbox (badness 10000) in paragraph at lines 10--10
\T1/lmr/m/n/10 d'élas-ti-cité
 []


Underfull \hbox (badness 10000) in paragraph at lines 10--10
[]|\T1/lmr/m/n/10 Résistance maxi-
 []


Underfull \hbox (badness 6876) in paragraph at lines 10--10
\T1/lmr/m/n/10 male en trac-tion
 []


Underfull \hbox (badness 10000) in paragraph at lines 10--10
[]|\T1/lmr/m/n/10 Température
 []


Overfull \hbox (2.29973pt too wide) in paragraph at lines 13--13
[]|\TS1/lmr/m/n/10 ¿¿¿¿| 
 []


Underfull \hbox (badness 10000) in paragraph at lines 15--15
[]|\T1/lmr/m/n/10 GFRP
 []


Underfull \hbox (badness 10000) in paragraph at lines 26--31

 []


Underfull \hbox (badness 10000) in paragraph at lines 35--36

 []



File: figures/AEROIPSA_HEADER.png Graphic file (type png)
<use figures/AEROIPSA_HEADER.png>
Package pdftex.def Info: figures/AEROIPSA_HEADER.png  used on input line 66.
(pdftex.def)             Requested size: 407.72343pt x 35.56593pt.
File: figures/AEROIPSA_FOOTER.png Graphic file (type png)
<use figures/AEROIPSA_FOOTER.png>
Package pdftex.def Info: figures/AEROIPSA_FOOTER.png  used on input line 66.
(pdftex.def)             Requested size: 111.47331pt x 35.56593pt.
[29]) (sections/ch4_meca/subsec3_premier_etage.tex
Underfull \hbox (badness 10000) in paragraph at lines 8--11

 []

<figures/SP_ork_malo.png, id=1007, 2424.05624pt x 472.76625pt>
File: figures/SP_ork_malo.png Graphic file (type png)
<use figures/SP_ork_malo.png>
Package pdftex.def Info: figures/SP_ork_malo.png  used on input line 18.
(pdftex.def)             Requested size: 455.24411pt x 88.7805pt.

Overfull \hbox (6.66595pt too wide) in paragraph at lines 33--34
 [][] 
 []



File: figures/AEROIPSA_HEADER.png Graphic file (type png)
<use figures/AEROIPSA_HEADER.png>
Package pdftex.def Info: figures/AEROIPSA_HEADER.png  used on input line 68.
(pdftex.def)             Requested size: 407.72343pt x 35.56593pt.
File: figures/AEROIPSA_FOOTER.png Graphic file (type png)
<use figures/AEROIPSA_FOOTER.png>
Package pdftex.def Info: figures/AEROIPSA_FOOTER.png  used on input line 68.
(pdftex.def)             Requested size: 111.47331pt x 35.56593pt.
[30 <./figures/SP_ork_malo.png (PNG copy)>]
Underfull \hbox (badness 10000) in paragraph at lines 71--77

 []

<figures/schema1_SP-01.PNG, id=1017, 1346.02875pt x 307.90031pt>
File: figures/schema1_SP-01.PNG Graphic file (type png)
<use figures/schema1_SP-01.PNG>
Package pdftex.def Info: figures/schema1_SP-01.PNG  used on input line 80.
(pdftex.def)             Requested size: 455.24411pt x 104.13503pt.

Underfull \hbox (badness 10000) in paragraph at lines 85--91

 []

<figures/schema3_SP-01.PNG, id=1018, 1341.51187pt x 645.16031pt>
File: figures/schema3_SP-01.PNG Graphic file (type png)
<use figures/schema3_SP-01.PNG>
Package pdftex.def Info: figures/schema3_SP-01.PNG  used on input line 94.
(pdftex.def)             Requested size: 227.62206pt x 109.45921pt.

Underfull \hbox (badness 10000) in paragraph at lines 99--103

 []



File: figures/AEROIPSA_HEADER.png Graphic file (type png)
<use figures/AEROIPSA_HEADER.png>
Package pdftex.def Info: figures/AEROIPSA_HEADER.png  used on input line 104.
(pdftex.def)             Requested size: 407.72343pt x 35.56593pt.
File: figures/AEROIPSA_FOOTER.png Graphic file (type png)
<use figures/AEROIPSA_FOOTER.png>
Package pdftex.def Info: figures/AEROIPSA_FOOTER.png  used on input line 104.
(pdftex.def)             Requested size: 111.47331pt x 35.56593pt.
[31 <./figures/schema1_SP-01.PNG> <./figures/schema3_SP-01.PNG>]
<figures/maintien2_pro54.png, id=1030, 959.585pt x 644.4075pt>
File: figures/maintien2_pro54.png Graphic file (type png)
<use figures/maintien2_pro54.png>
Package pdftex.def Info: figures/maintien2_pro54.png  used on input line 118.
(pdftex.def)             Requested size: 364.19667pt x 244.57257pt.

Underfull \hbox (badness 10000) in paragraph at lines 124--127

 []

<figures/Catia_AF_1.png, id=1031, 584.1825pt x 421.575pt>
File: figures/Catia_AF_1.png Graphic file (type png)
<use figures/Catia_AF_1.png>
Package pdftex.def Info: figures/Catia_AF_1.png  used on input line 130.
(pdftex.def)             Requested size: 227.62206pt x 164.26563pt.

Package caption Warning: The option `hypcap=true' will be ignored for this
(caption)                particular \caption on input line 131.
See the caption package documentation for explanation.

<figures/Catia_AF_2.png, id=1037, 577.15625pt x 577.15625pt>
File: figures/Catia_AF_2.png Graphic file (type png)
<use figures/Catia_AF_2.png>
Package pdftex.def Info: figures/Catia_AF_2.png  used on input line 154.
(pdftex.def)             Requested size: 108.74661pt x 108.74492pt.
<figures/Catia_AF_3.png, id=1038, 767.86874pt x 690.58pt>
File: figures/Catia_AF_3.png Graphic file (type png)
<use figures/Catia_AF_3.png>
Package pdftex.def Info: figures/Catia_AF_3.png  used on input line 159.
(pdftex.def)             Requested size: 144.9955pt x 130.40018pt.

Overfull \hbox (12.66531pt too wide) in paragraph at lines 143--166
[]$[]$  $[]$ 
 []



File: figures/AEROIPSA_HEADER.png Graphic file (type png)
<use figures/AEROIPSA_HEADER.png>
Package pdftex.def Info: figures/AEROIPSA_HEADER.png  used on input line 168.
(pdftex.def)             Requested size: 407.72343pt x 35.56593pt.
File: figures/AEROIPSA_FOOTER.png Graphic file (type png)
<use figures/AEROIPSA_FOOTER.png>
Package pdftex.def Info: figures/AEROIPSA_FOOTER.png  used on input line 168.
(pdftex.def)             Requested size: 111.47331pt x 35.56593pt.
[32 <./figures/maintien2_pro54.png> <./figures/Catia_AF_1.png>]
<figures/Catia_AF_4.png, id=1051, 539.01375pt x 873.2625pt>
File: figures/Catia_AF_4.png Graphic file (type png)
<use figures/Catia_AF_4.png>
Package pdftex.def Info: figures/Catia_AF_4.png  used on input line 173.
(pdftex.def)             Requested size: 200.30927pt x 324.52783pt.


Package caption Warning: The option `hypcap=true' will be ignored for this
(caption)                particular \caption on input line 197.
See the caption package documentation for explanation.


Overfull \hbox (22.84729pt too wide) in paragraph at lines 196--197
 [][] 
 []


Underfull \hbox (badness 3557) in paragraph at lines 202--207
[]\T1/lmr/m/n/10 La fi-gure [][]4.7[][] pré-sente une vue
 []


Underfull \hbox (badness 1325) in paragraph at lines 202--207
\T1/lmr/m/n/10 de sa forte ré-sis-tance mé-ca-nique,
 []


Underfull \hbox (badness 10000) in paragraph at lines 202--207

 []


Underfull \hbox (badness 10000) in paragraph at lines 208--210

 []



File: figures/AEROIPSA_HEADER.png Graphic file (type png)
<use figures/AEROIPSA_HEADER.png>
Package pdftex.def Info: figures/AEROIPSA_HEADER.png  used on input line 217.
(pdftex.def)             Requested size: 407.72343pt x 35.56593pt.
File: figures/AEROIPSA_FOOTER.png Graphic file (type png)
<use figures/AEROIPSA_FOOTER.png>
Package pdftex.def Info: figures/AEROIPSA_FOOTER.png  used on input line 217.
(pdftex.def)             Requested size: 111.47331pt x 35.56593pt.
[33 <./figures/Catia_AF_2.png> <./figures/Catia_AF_3.png> <./figures/Catia_AF_4.png>]
Underfull \hbox (badness 10000) in paragraph at lines 222--224

 []


Overfull \hbox (14.83766pt too wide) in paragraph at lines 230--245
 [][] 
 []



File: figures/AEROIPSA_HEADER.png Graphic file (type png)
<use figures/AEROIPSA_HEADER.png>
Package pdftex.def Info: figures/AEROIPSA_HEADER.png  used on input line 279.
(pdftex.def)             Requested size: 407.72343pt x 35.56593pt.
File: figures/AEROIPSA_FOOTER.png Graphic file (type png)
<use figures/AEROIPSA_FOOTER.png>
Package pdftex.def Info: figures/AEROIPSA_FOOTER.png  used on input line 279.
(pdftex.def)             Requested size: 111.47331pt x 35.56593pt.
[34{C:/Users/alexi/AppData/Local/Programs/MiKTeX/fonts/enc/dvips/lm/lm-mathex.enc}]
Underfull \hbox (badness 10000) in paragraph at lines 281--285

 []


Underfull \hbox (badness 10000) in paragraph at lines 286--288

 []

<figures/para_etage1.png, id=1088, 1122.1925pt x 436.63126pt>
File: figures/para_etage1.png Graphic file (type png)
<use figures/para_etage1.png>
Package pdftex.def Info: figures/para_etage1.png  used on input line 296.
(pdftex.def)             Requested size: 364.19667pt x 141.7036pt.


File: figures/AEROIPSA_HEADER.png Graphic file (type png)
<use figures/AEROIPSA_HEADER.png>
Package pdftex.def Info: figures/AEROIPSA_HEADER.png  used on input line 301.
(pdftex.def)             Requested size: 407.72343pt x 35.56593pt.
File: figures/AEROIPSA_FOOTER.png Graphic file (type png)
<use figures/AEROIPSA_FOOTER.png>
Package pdftex.def Info: figures/AEROIPSA_FOOTER.png  used on input line 301.
(pdftex.def)             Requested size: 111.47331pt x 35.56593pt.
[35 <./figures/para_etage1.png>]) (sections/ch4_meca/subsec4_sys_sepa.tex
Underfull \hbox (badness 10000) in paragraph at lines 9--11

 []


Underfull \hbox (badness 10000) in paragraph at lines 22--25

 []


Underfull \hbox (badness 10000) in paragraph at lines 30--33

 []


Underfull \hbox (badness 10000) in paragraph at lines 35--40

 []


Underfull \hbox (badness 10000) in paragraph at lines 52--54

 []


Underfull \hbox (badness 10000) in paragraph at lines 63--65

 []



File: figures/AEROIPSA_HEADER.png Graphic file (type png)
<use figures/AEROIPSA_HEADER.png>
Package pdftex.def Info: figures/AEROIPSA_HEADER.png  used on input line 65.
(pdftex.def)             Requested size: 407.72343pt x 35.56593pt.
File: figures/AEROIPSA_FOOTER.png Graphic file (type png)
<use figures/AEROIPSA_FOOTER.png>
Package pdftex.def Info: figures/AEROIPSA_FOOTER.png  used on input line 65.
(pdftex.def)             Requested size: 111.47331pt x 35.56593pt.
[36]
Underfull \hbox (badness 10000) in paragraph at lines 66--70

 []


Underfull \hbox (badness 10000) in paragraph at lines 75--76

 []


Underfull \hbox (badness 10000) in paragraph at lines 83--86

 []


Underfull \hbox (badness 10000) in paragraph at lines 87--91

 []


Underfull \hbox (badness 10000) in paragraph at lines 105--106

 []


Underfull \hbox (badness 10000) in paragraph at lines 113--114

 []


Underfull \hbox (badness 10000) in paragraph at lines 122--125

 []



File: figures/AEROIPSA_HEADER.png Graphic file (type png)
<use figures/AEROIPSA_HEADER.png>
Package pdftex.def Info: figures/AEROIPSA_HEADER.png  used on input line 125.
(pdftex.def)             Requested size: 407.72343pt x 35.56593pt.
File: figures/AEROIPSA_FOOTER.png Graphic file (type png)
<use figures/AEROIPSA_FOOTER.png>
Package pdftex.def Info: figures/AEROIPSA_FOOTER.png  used on input line 125.
(pdftex.def)             Requested size: 111.47331pt x 35.56593pt.
[37]
Underfull \hbox (badness 10000) in paragraph at lines 130--131

 []

<figures/separation_coupe_ouverte.png, id=1129, 581.17125pt x 1078.0275pt>
File: figures/separation_coupe_ouverte.png Graphic file (type png)
<use figures/separation_coupe_ouverte.png>
Package pdftex.def Info: figures/separation_coupe_ouverte.png  used on input line 145.
(pdftex.def)             Requested size: 218.51521pt x 405.32852pt.
<figures/separation_coupe_verrouillee.png, id=1130, 573.14125pt x 892.33376pt>
File: figures/separation_coupe_verrouillee.png Graphic file (type png)
<use figures/separation_coupe_verrouillee.png>
Package pdftex.def Info: figures/separation_coupe_verrouillee.png  used on input line 151.
(pdftex.def)             Requested size: 218.51521pt x 340.20686pt.


File: figures/AEROIPSA_HEADER.png Graphic file (type png)
<use figures/AEROIPSA_HEADER.png>
Package pdftex.def Info: figures/AEROIPSA_HEADER.png  used on input line 158.
(pdftex.def)             Requested size: 407.72343pt x 35.56593pt.
File: figures/AEROIPSA_FOOTER.png Graphic file (type png)
<use figures/AEROIPSA_FOOTER.png>
Package pdftex.def Info: figures/AEROIPSA_FOOTER.png  used on input line 158.
(pdftex.def)             Requested size: 111.47331pt x 35.56593pt.
[38 <./figures/separation_coupe_ouverte.png> <./figures/separation_coupe_verrouillee.png>]
<figures/separation_ensemble.png, id=1141, 512.91624pt x 1086.0575pt>
File: figures/separation_ensemble.png Graphic file (type png)
<use figures/separation_ensemble.png>
Package pdftex.def Info: figures/separation_ensemble.png  used on input line 169.
(pdftex.def)             Requested size: 101.97461pt x 215.91504pt.
<figures/separation_mecanisme_nu.png, id=1142, 815.045pt x 849.1725pt>
File: figures/separation_mecanisme_nu.png Graphic file (type png)
<use figures/separation_mecanisme_nu.png>
Package pdftex.def Info: figures/separation_mecanisme_nu.png  used on input line 177.
(pdftex.def)             Requested size: 218.52022pt x 227.67293pt.
<figures/separation_ressorts_armes.png, id=1143, 728.7225pt x 1016.79875pt>
File: figures/separation_ressorts_armes.png Graphic file (type png)
<use figures/separation_ressorts_armes.png>
Package pdftex.def Info: figures/separation_ressorts_armes.png  used on input line 188.
(pdftex.def)             Requested size: 174.81284pt x 243.91257pt.
<figures/separation_ressorts_libres.png, id=1144, 728.7225pt x 1016.79875pt>
File: figures/separation_ressorts_libres.png Graphic file (type png)
<use figures/separation_ressorts_libres.png>
Package pdftex.def Info: figures/separation_ressorts_libres.png  used on input line 194.
(pdftex.def)             Requested size: 174.81284pt x 243.91257pt.


File: figures/AEROIPSA_HEADER.png Graphic file (type png)
<use figures/AEROIPSA_HEADER.png>
Package pdftex.def Info: figures/AEROIPSA_HEADER.png  used on input line 202.
(pdftex.def)             Requested size: 407.72343pt x 35.56593pt.
File: figures/AEROIPSA_FOOTER.png Graphic file (type png)
<use figures/AEROIPSA_FOOTER.png>
Package pdftex.def Info: figures/AEROIPSA_FOOTER.png  used on input line 202.
(pdftex.def)             Requested size: 111.47331pt x 35.56593pt.
[39 <./figures/separation_ensemble.png> <./figures/separation_mecanisme_nu.png> <./figures/separation_ressorts_armes.png> <./figures/separation_ressorts_libres.png>]) (sections/ch4_meca/subsec5_second_etage.tex
Underfull \hbox (badness 10000) in paragraph at lines 6--8

 []


Underfull \hbox (badness 10000) in paragraph at lines 25--29

 []

<figures/collage_ailerons_arcturus.png, id=1162, 1269.74374pt x 423.5825pt>
File: figures/collage_ailerons_arcturus.png Graphic file (type png)
<use figures/collage_ailerons_arcturus.png>
Package pdftex.def Info: figures/collage_ailerons_arcturus.png  used on input line 39.
(pdftex.def)             Requested size: 364.19667pt x 121.4914pt.


File: figures/AEROIPSA_HEADER.png Graphic file (type png)
<use figures/AEROIPSA_HEADER.png>
Package pdftex.def Info: figures/AEROIPSA_HEADER.png  used on input line 44.
(pdftex.def)             Requested size: 407.72343pt x 35.56593pt.
File: figures/AEROIPSA_FOOTER.png Graphic file (type png)
<use figures/AEROIPSA_FOOTER.png>
Package pdftex.def Info: figures/AEROIPSA_FOOTER.png  used on input line 44.
(pdftex.def)             Requested size: 111.47331pt x 35.56593pt.
[40 <./figures/collage_ailerons_arcturus.png>]
<figures/para_etage2.png, id=1174, 1127.21124pt x 773.89125pt>
File: figures/para_etage2.png Graphic file (type png)
<use figures/para_etage2.png>
Package pdftex.def Info: figures/para_etage2.png  used on input line 66.
(pdftex.def)             Requested size: 364.19667pt x 250.0356pt.


File: figures/AEROIPSA_HEADER.png Graphic file (type png)
<use figures/AEROIPSA_HEADER.png>
Package pdftex.def Info: figures/AEROIPSA_HEADER.png  used on input line 71.
(pdftex.def)             Requested size: 407.72343pt x 35.56593pt.
File: figures/AEROIPSA_FOOTER.png Graphic file (type png)
<use figures/AEROIPSA_FOOTER.png>
Package pdftex.def Info: figures/AEROIPSA_FOOTER.png  used on input line 71.
(pdftex.def)             Requested size: 111.47331pt x 35.56593pt.
[41 <./figures/para_etage2.png>]) (sections/ch4_meca/subsec6_rampe.tex
<figures/mise_en_rampe.png, id=1185, 851.18pt x 705.63625pt>
File: figures/mise_en_rampe.png Graphic file (type png)
<use figures/mise_en_rampe.png>
Package pdftex.def Info: figures/mise_en_rampe.png  used on input line 20.
(pdftex.def)             Requested size: 364.19667pt x 301.92104pt.
)

File: figures/AEROIPSA_HEADER.png Graphic file (type png)
<use figures/AEROIPSA_HEADER.png>
Package pdftex.def Info: figures/AEROIPSA_HEADER.png  used on input line 17.
(pdftex.def)             Requested size: 407.72343pt x 35.56593pt.
File: figures/AEROIPSA_FOOTER.png Graphic file (type png)
<use figures/AEROIPSA_FOOTER.png>
Package pdftex.def Info: figures/AEROIPSA_FOOTER.png  used on input line 17.
(pdftex.def)             Requested size: 111.47331pt x 35.56593pt.
[42 <./figures/mise_en_rampe.png>]) (sections/ch5_elec/main.tex (sections/ch5_elec/subsec1_presentation.tex
<figures/Schema_simple.drawio.png, id=1193, 703.62875pt x 502.87875pt>
File: figures/Schema_simple.drawio.png Graphic file (type png)
<use figures/Schema_simple.drawio.png>
Package pdftex.def Info: figures/Schema_simple.drawio.png  used on input line 10.
(pdftex.def)             Requested size: 455.24411pt x 325.35567pt.

Underfull \hbox (badness 10000) in paragraph at lines 15--17

 []



File: figures/AEROIPSA_HEADER.png Graphic file (type png)
<use figures/AEROIPSA_HEADER.png>
Package pdftex.def Info: figures/AEROIPSA_HEADER.png  used on input line 22.
(pdftex.def)             Requested size: 407.72343pt x 35.56593pt.
File: figures/AEROIPSA_FOOTER.png Graphic file (type png)
<use figures/AEROIPSA_FOOTER.png>
Package pdftex.def Info: figures/AEROIPSA_FOOTER.png  used on input line 22.
(pdftex.def)             Requested size: 111.47331pt x 35.56593pt.
[43 <./figures/Schema_simple.drawio.png>]
LaTeX Font Info:    Trying to load font information for T1+lmtt on input line 28.
 (C:\Users\alexi\AppData\Local\Programs\MiKTeX\tex/latex/lm\t1lmtt.fd
File: t1lmtt.fd 2015/05/01 v1.6.1 Font defs for Latin Modern
)
Underfull \hbox (badness 10000) in paragraph at lines 28--31

 []


Underfull \hbox (badness 10000) in paragraph at lines 31--34

 []


Underfull \hbox (badness 10000) in paragraph at lines 34--40

 []


Underfull \hbox (badness 10000) in paragraph at lines 47--49

 []


Underfull \hbox (badness 10000) in paragraph at lines 49--51

 []


Underfull \hbox (badness 10000) in paragraph at lines 51--53

 []


Underfull \hbox (badness 10000) in paragraph at lines 53--55

 []


Underfull \hbox (badness 10000) in paragraph at lines 55--58

 []


Underfull \hbox (badness 10000) in paragraph at lines 58--60

 []


Underfull \hbox (badness 10000) in paragraph at lines 60--67

 []


Underfull \hbox (badness 10000) in paragraph at lines 67--70

 []


Underfull \hbox (badness 10000) in paragraph at lines 70--73

 []



File: figures/AEROIPSA_HEADER.png Graphic file (type png)
<use figures/AEROIPSA_HEADER.png>
Package pdftex.def Info: figures/AEROIPSA_HEADER.png  used on input line 73.
(pdftex.def)             Requested size: 407.72343pt x 35.56593pt.
File: figures/AEROIPSA_FOOTER.png Graphic file (type png)
<use figures/AEROIPSA_FOOTER.png>
Package pdftex.def Info: figures/AEROIPSA_FOOTER.png  used on input line 73.
(pdftex.def)             Requested size: 111.47331pt x 35.56593pt.
[44]
Underfull \hbox (badness 10000) in paragraph at lines 73--76

 []


Underfull \hbox (badness 10000) in paragraph at lines 97--97
[]|\T1/lmr/m/n/10 Allumage
 []


Overfull \hbox (3.17766pt too wide) in paragraph at lines 98--98
[]|\T1/lmr/m/n/10 Condensateur| 
 []


Underfull \hbox (badness 10000) in paragraph at lines 100--100
[]|\T1/lmr/m/n/10 Connecteur
 []


Underfull \hbox (badness 1789) in paragraph at lines 101--101
\T1/lmr/m/n/10 quen-ceur de l'étage, le jack et les
 []



File: figures/AEROIPSA_HEADER.png Graphic file (type png)
<use figures/AEROIPSA_HEADER.png>
Package pdftex.def Info: figures/AEROIPSA_HEADER.png  used on input line 109.
(pdftex.def)             Requested size: 407.72343pt x 35.56593pt.
File: figures/AEROIPSA_FOOTER.png Graphic file (type png)
<use figures/AEROIPSA_FOOTER.png>
Package pdftex.def Info: figures/AEROIPSA_FOOTER.png  used on input line 109.
(pdftex.def)             Requested size: 111.47331pt x 35.56593pt.
[45]) (sections/ch5_elec/subsec2_sequenceurs.tex
Underfull \hbox (badness 10000) in paragraph at lines 3--7

 []


Overfull \hbox (25.95097pt too wide) in paragraph at lines 30--32
[]\T1/lmr/m/n/10 Les sé-quen-ceurs s'ap-puient sur une carte élec-tro-nique dé-diée in-té-grant un mi-cro-con-trô-leur STM32F072R8T6,
 []


Underfull \hbox (badness 10000) in paragraph at lines 30--32

 []


Underfull \hbox (badness 10000) in paragraph at lines 55--56

 []



File: figures/AEROIPSA_HEADER.png Graphic file (type png)
<use figures/AEROIPSA_HEADER.png>
Package pdftex.def Info: figures/AEROIPSA_HEADER.png  used on input line 72.
(pdftex.def)             Requested size: 407.72343pt x 35.56593pt.
File: figures/AEROIPSA_FOOTER.png Graphic file (type png)
<use figures/AEROIPSA_FOOTER.png>
Package pdftex.def Info: figures/AEROIPSA_FOOTER.png  used on input line 72.
(pdftex.def)             Requested size: 111.47331pt x 35.56593pt.
[46]
<figures/Sequenceur1.drawio.png, id=1238, 532.99126pt x 1143.27126pt>
File: figures/Sequenceur1.drawio.png Graphic file (type png)
<use figures/Sequenceur1.drawio.png>
Package pdftex.def Info: figures/Sequenceur1.drawio.png  used on input line 87.
(pdftex.def)             Requested size: 174.81284pt x 374.97795pt.
<figures/Sequenceur2.drawio.png, id=1239, 583.17876pt x 1074.0125pt>
File: figures/Sequenceur2.drawio.png Graphic file (type png)
<use figures/Sequenceur2.drawio.png>
Package pdftex.def Info: figures/Sequenceur2.drawio.png  used on input line 92.
(pdftex.def)             Requested size: 174.81284pt x 321.94402pt.


File: figures/AEROIPSA_HEADER.png Graphic file (type png)
<use figures/AEROIPSA_HEADER.png>
Package pdftex.def Info: figures/AEROIPSA_HEADER.png  used on input line 98.
(pdftex.def)             Requested size: 407.72343pt x 35.56593pt.
File: figures/AEROIPSA_FOOTER.png Graphic file (type png)
<use figures/AEROIPSA_FOOTER.png>
Package pdftex.def Info: figures/AEROIPSA_FOOTER.png  used on input line 98.
(pdftex.def)             Requested size: 111.47331pt x 35.56593pt.
[47 <./figures/Sequenceur1.drawio.png> <./figures/Sequenceur2.drawio.png>]
Underfull \hbox (badness 10000) in paragraph at lines 106--107

 []


Underfull \hbox (badness 10000) in paragraph at lines 112--113

 []


Underfull \hbox (badness 10000) in paragraph at lines 122--123

 []



File: figures/AEROIPSA_HEADER.png Graphic file (type png)
<use figures/AEROIPSA_HEADER.png>
Package pdftex.def Info: figures/AEROIPSA_HEADER.png  used on input line 141.
(pdftex.def)             Requested size: 407.72343pt x 35.56593pt.
File: figures/AEROIPSA_FOOTER.png Graphic file (type png)
<use figures/AEROIPSA_FOOTER.png>
Package pdftex.def Info: figures/AEROIPSA_FOOTER.png  used on input line 141.
(pdftex.def)             Requested size: 111.47331pt x 35.56593pt.
[48]) (sections/ch5_elec/subsec3_ligne_mise_a_feu.tex
<figures/PCB_Allumage_main.jpg, id=1253, 941.01563pt x 330.48468pt>
File: figures/PCB_Allumage_main.jpg Graphic file (type jpg)
<use figures/PCB_Allumage_main.jpg>
Package pdftex.def Info: figures/PCB_Allumage_main.jpg  used on input line 28.
(pdftex.def)             Requested size: 227.62206pt x 79.9382pt.
<figures/PCB_Allumage_main_back.jpg, id=1254, 884.55469pt x 316.93407pt>
File: figures/PCB_Allumage_main_back.jpg Graphic file (type jpg)
<use figures/PCB_Allumage_main_back.jpg>
Package pdftex.def Info: figures/PCB_Allumage_main_back.jpg  used on input line 33.
(pdftex.def)             Requested size: 227.62206pt x 81.5546pt.
<figures/PCB_Alumage_condo.jpg, id=1255, 750.55406pt x 344.78813pt>
File: figures/PCB_Alumage_condo.jpg Graphic file (type jpg)
<use figures/PCB_Alumage_condo.jpg>
Package pdftex.def Info: figures/PCB_Alumage_condo.jpg  used on input line 40.
(pdftex.def)             Requested size: 182.09486pt x 83.65047pt.

Underfull \hbox (badness 10000) in paragraph at lines 50--53

 []


Underfull \hbox (badness 1460) in paragraph at lines 54--58
\T1/lmr/m/n/10 sé-quen-ceur sous forme d'une im-pul-sion com-man-dant
 []


Underfull \hbox (badness 1642) in paragraph at lines 54--58
\T1/lmr/m/n/10 deux op-to-cou-pleurs, les-quels pi-lotent l'ou-ver-ture des
 []


Underfull \hbox (badness 3148) in paragraph at lines 54--58
[][][]\T1/lmr/m/n/10 MOS-FET[][]. Ceux-ci de-viennent alors conduc-teurs et
 []


Underfull \hbox (badness 10000) in paragraph at lines 54--58

 []

<figures/syno_allumage.jpg, id=1258, 391.4625pt x 492.33937pt>
File: figures/syno_allumage.jpg Graphic file (type jpg)
<use figures/syno_allumage.jpg>
Package pdftex.def Info: figures/syno_allumage.jpg  used on input line 67.
(pdftex.def)             Requested size: 182.09486pt x 229.01807pt.


File: figures/AEROIPSA_HEADER.png Graphic file (type png)
<use figures/AEROIPSA_HEADER.png>
Package pdftex.def Info: figures/AEROIPSA_HEADER.png  used on input line 72.
(pdftex.def)             Requested size: 407.72343pt x 35.56593pt.
File: figures/AEROIPSA_FOOTER.png Graphic file (type png)
<use figures/AEROIPSA_FOOTER.png>
Package pdftex.def Info: figures/AEROIPSA_FOOTER.png  used on input line 72.
(pdftex.def)             Requested size: 111.47331pt x 35.56593pt.
[49 <./figures/PCB_Allumage_main.jpg> <./figures/PCB_Allumage_main_back.jpg> <./figures/PCB_Alumage_condo.jpg> <./figures/syno_allumage.jpg>]
<figures/Syno_Allumage_2.jpg, id=1270, 1302.36563pt x 303.38344pt>
File: figures/Syno_Allumage_2.jpg Graphic file (type jpg)
<use figures/Syno_Allumage_2.jpg>
Package pdftex.def Info: figures/Syno_Allumage_2.jpg  used on input line 79.
(pdftex.def)             Requested size: 455.24411pt x 106.0469pt.
<figures/Syno_allumage_charge.jpg, id=1272, 1313.6578pt x 370.38374pt>
File: figures/Syno_allumage_charge.jpg Graphic file (type jpg)
<use figures/Syno_allumage_charge.jpg>
Package pdftex.def Info: figures/Syno_allumage_charge.jpg  used on input line 94.
(pdftex.def)             Requested size: 250.38564pt x 70.59404pt.
<figures/Syno_Allumage_Condo.jpg, id=1273, 1041.1397pt x 403.5075pt>
File: figures/Syno_Allumage_Condo.jpg Graphic file (type jpg)
<use figures/Syno_Allumage_Condo.jpg>
Package pdftex.def Info: figures/Syno_Allumage_Condo.jpg  used on input line 115.
(pdftex.def)             Requested size: 250.38564pt x 97.0408pt.

Underfull \hbox (badness 10000) in paragraph at lines 120--122

 []



File: figures/AEROIPSA_HEADER.png Graphic file (type png)
<use figures/AEROIPSA_HEADER.png>
Package pdftex.def Info: figures/AEROIPSA_HEADER.png  used on input line 122.
(pdftex.def)             Requested size: 407.72343pt x 35.56593pt.
File: figures/AEROIPSA_FOOTER.png Graphic file (type png)
<use figures/AEROIPSA_FOOTER.png>
Package pdftex.def Info: figures/AEROIPSA_FOOTER.png  used on input line 122.
(pdftex.def)             Requested size: 111.47331pt x 35.56593pt.
[50 <./figures/Syno_Allumage_2.jpg> <./figures/Syno_allumage_charge.jpg> <./figures/Syno_Allumage_Condo.jpg>]
<figures/allumage_matlab.jpg, id=1284, 959.83594pt x 654.94687pt>
File: figures/allumage_matlab.jpg Graphic file (type jpg)
<use figures/allumage_matlab.jpg>
Package pdftex.def Info: figures/allumage_matlab.jpg  used on input line 158.
(pdftex.def)             Requested size: 227.62206pt x 155.31165pt.


File: figures/AEROIPSA_HEADER.png Graphic file (type png)
<use figures/AEROIPSA_HEADER.png>
Package pdftex.def Info: figures/AEROIPSA_HEADER.png  used on input line 164.
(pdftex.def)             Requested size: 407.72343pt x 35.56593pt.
File: figures/AEROIPSA_FOOTER.png Graphic file (type png)
<use figures/AEROIPSA_FOOTER.png>
Package pdftex.def Info: figures/AEROIPSA_FOOTER.png  used on input line 164.
(pdftex.def)             Requested size: 111.47331pt x 35.56593pt.
[51 <./figures/allumage_matlab.jpg>]
Underfull \hbox (badness 10000) in paragraph at lines 172--173

 []


Underfull \hbox (badness 1168) in paragraph at lines 174--176
[][][]\T1/lmr/m/n/10 MOS-FET[][] jouant le rôle res-pec-ti-ve-ment de
 []


Underfull \hbox (badness 10000) in paragraph at lines 174--176

 []

<figures/Syno_Alumage_Iso.jpg, id=1297, 632.3625pt x 630.10406pt>
File: figures/Syno_Alumage_Iso.jpg Graphic file (type jpg)
<use figures/Syno_Alumage_Iso.jpg>
Package pdftex.def Info: figures/Syno_Alumage_Iso.jpg  used on input line 185.
(pdftex.def)             Requested size: 204.85846pt x 204.11798pt.

Underfull \hbox (badness 10000) in paragraph at lines 193--194

 []

<figures/Syno_Allumage_end.jpg, id=1298, 455.45157pt x 225.09094pt>
File: figures/Syno_Allumage_end.jpg Graphic file (type jpg)
<use figures/Syno_Allumage_end.jpg>
Package pdftex.def Info: figures/Syno_Allumage_end.jpg  used on input line 198.
(pdftex.def)             Requested size: 182.09486pt x 89.99356pt.

Underfull \hbox (badness 10000) in paragraph at lines 205--206

 []


Underfull \hbox (badness 10000) in paragraph at lines 207--210

 []

<figures/PCB_Alumage_main_interface.jpg, id=1299, 606.01407pt x 618.81187pt>
File: figures/PCB_Alumage_main_interface.jpg Graphic file (type jpg)
<use figures/PCB_Alumage_main_interface.jpg>
Package pdftex.def Info: figures/PCB_Alumage_main_interface.jpg  used on input line 223.
(pdftex.def)             Requested size: 122.9163pt x 125.507pt.


File: figures/AEROIPSA_HEADER.png Graphic file (type png)
<use figures/AEROIPSA_HEADER.png>
Package pdftex.def Info: figures/AEROIPSA_HEADER.png  used on input line 229.
(pdftex.def)             Requested size: 407.72343pt x 35.56593pt.
File: figures/AEROIPSA_FOOTER.png Graphic file (type png)
<use figures/AEROIPSA_FOOTER.png>
Package pdftex.def Info: figures/AEROIPSA_FOOTER.png  used on input line 229.
(pdftex.def)             Requested size: 111.47331pt x 35.56593pt.
[52 <./figures/Syno_Alumage_Iso.jpg> <./figures/Syno_Allumage_end.jpg> <./figures/PCB_Alumage_main_interface.jpg>]) (sections/ch5_elec/subsec4_apex.tex
Underfull \hbox (badness 10000) in paragraph at lines 4--11

 []


Underfull \hbox (badness 10000) in paragraph at lines 12--15

 []



File: figures/AEROIPSA_HEADER.png Graphic file (type png)
<use figures/AEROIPSA_HEADER.png>
Package pdftex.def Info: figures/AEROIPSA_HEADER.png  used on input line 16.
(pdftex.def)             Requested size: 407.72343pt x 35.56593pt.
File: figures/AEROIPSA_FOOTER.png Graphic file (type png)
<use figures/AEROIPSA_FOOTER.png>
Package pdftex.def Info: figures/AEROIPSA_FOOTER.png  used on input line 16.
(pdftex.def)             Requested size: 111.47331pt x 35.56593pt.
[53]) (sections/ch5_elec/subsec5_camera.tex

File: figures/AEROIPSA_HEADER.png Graphic file (type png)
<use figures/AEROIPSA_HEADER.png>
Package pdftex.def Info: figures/AEROIPSA_HEADER.png  used on input line 4.
(pdftex.def)             Requested size: 407.72343pt x 35.56593pt.
File: figures/AEROIPSA_FOOTER.png Graphic file (type png)
<use figures/AEROIPSA_FOOTER.png>
Package pdftex.def Info: figures/AEROIPSA_FOOTER.png  used on input line 4.
(pdftex.def)             Requested size: 111.47331pt x 35.56593pt.
[54]) (sections/ch5_elec/subsec6_Alimentation.tex
Underfull \hbox (badness 10000) in paragraph at lines 4--10

 []


Underfull \hbox (badness 10000) in paragraph at lines 12--16

 []

<figures/batterie_RS.jpg, id=1328, 490.83376pt x 293.59688pt>
File: figures/batterie_RS.jpg Graphic file (type jpg)
<use figures/batterie_RS.jpg>
Package pdftex.def Info: figures/batterie_RS.jpg  used on input line 20.
(pdftex.def)             Requested size: 182.09486pt x 108.92033pt.

Package caption Warning: The option `hypcap=true' will be ignored for this
(caption)                particular \caption on input line 21.
See the caption package documentation for explanation.


Underfull \hbox (badness 10000) in paragraph at lines 29--33

 []

<figures/LiPo500.jpg, id=1329, 1003.75pt x 1003.75pt>
File: figures/LiPo500.jpg Graphic file (type jpg)
<use figures/LiPo500.jpg>
Package pdftex.def Info: figures/LiPo500.jpg  used on input line 42.
(pdftex.def)             Requested size: 227.62206pt x 227.61066pt.
)

File: figures/AEROIPSA_HEADER.png Graphic file (type png)
<use figures/AEROIPSA_HEADER.png>
Package pdftex.def Info: figures/AEROIPSA_HEADER.png  used on input line 21.
(pdftex.def)             Requested size: 407.72343pt x 35.56593pt.
File: figures/AEROIPSA_FOOTER.png Graphic file (type png)
<use figures/AEROIPSA_FOOTER.png>
Package pdftex.def Info: figures/AEROIPSA_FOOTER.png  used on input line 21.
(pdftex.def)             Requested size: 111.47331pt x 35.56593pt.
[55 <./figures/batterie_RS.jpg> <./figures/LiPo500.jpg>]) (DossierSuivi_SP02.lof)
\tf@lof=\write8
\openout8 = `DossierSuivi_SP02.lof'.

 (DossierSuivi_SP02.lot)
\tf@lot=\write9
\openout9 = `DossierSuivi_SP02.lot'.



File: figures/AEROIPSA_HEADER.png Graphic file (type png)
<use figures/AEROIPSA_HEADER.png>
Package pdftex.def Info: figures/AEROIPSA_HEADER.png  used on input line 289.
(pdftex.def)             Requested size: 407.72343pt x 35.56593pt.
File: figures/AEROIPSA_FOOTER.png Graphic file (type png)
<use figures/AEROIPSA_FOOTER.png>
Package pdftex.def Info: figures/AEROIPSA_FOOTER.png  used on input line 289.
(pdftex.def)             Requested size: 111.47331pt x 35.56593pt.
[56] (DossierSuivi_SP02.bbl)


Package fancyhdr Warning: \headheight is too small (12.0pt): 
(fancyhdr)                Make it at least 12.80502pt, for example:
(fancyhdr)                \setlength{\headheight}{12.80502pt}.
(fancyhdr)                You might also make \topmargin smaller:
(fancyhdr)                \addtolength{\topmargin}{-0.80502pt}.

File: figures/AEROIPSA_HEADER.png Graphic file (type png)
<use figures/AEROIPSA_HEADER.png>
Package pdftex.def Info: figures/AEROIPSA_HEADER.png  used on input line 295.
(pdftex.def)             Requested size: 407.72343pt x 35.56593pt.
File: figures/AEROIPSA_FOOTER.png Graphic file (type png)
<use figures/AEROIPSA_FOOTER.png>
Package pdftex.def Info: figures/AEROIPSA_FOOTER.png  used on input line 295.
(pdftex.def)             Requested size: 111.47331pt x 35.56593pt.
[57]

Package glossaries Info: Preparing to sort glossary `main' (total number of
(glossaries)             referenced entries: 25)


LaTeX Warning: Citation `NavierStokes' on page 58 undefined on input line 299.


Overfull \hbox (4.673pt too wide) in paragraph at lines 299--299
[]\T1/lmr/m/n/10 Ecole d'in-gé-nieurs aé-ro-nau-tiques et spa-tiaux pri-vée fran-
 []



File: figures/AEROIPSA_HEADER.png Graphic file (type png)
<use figures/AEROIPSA_HEADER.png>
Package pdftex.def Info: figures/AEROIPSA_HEADER.png  used on input line 299.
(pdftex.def)             Requested size: 407.72343pt x 35.56593pt.
File: figures/AEROIPSA_FOOTER.png Graphic file (type png)
<use figures/AEROIPSA_FOOTER.png>
Package pdftex.def Info: figures/AEROIPSA_FOOTER.png  used on input line 299.
(pdftex.def)             Requested size: 111.47331pt x 35.56593pt.
[58]
Overfull \hbox (5.4501pt too wide) in paragraph at lines 299--299
[]\T1/lmr/m/n/10 Causes tech-niques sus-cep-tibles de conduire aux [][][]ERPs[][] iden-ti-fiés en [][][]APR[][]. Contrai-
 []


Overfull \hbox (3.50558pt too wide) in paragraph at lines 299--299
[]\T1/lmr/m/n/10 Rencontre tri-mes-trielle or-ga-ni-sée par l'as-so-cia-tion [][][]Pla-nète Sciences[][] et le [][][]CNES[][]
 []


LaTeX Warning: Citation `Stabtraj' on page 59 undefined on input line 299.


Package glossaries Info: Preparing to sort glossary `acronym' (total number of
(glossaries)             referenced entries: 28)



File: figures/AEROIPSA_HEADER.png Graphic file (type png)
<use figures/AEROIPSA_HEADER.png>
Package pdftex.def Info: figures/AEROIPSA_HEADER.png  used on input line 299.
(pdftex.def)             Requested size: 407.72343pt x 35.56593pt.
File: figures/AEROIPSA_FOOTER.png Graphic file (type png)
<use figures/AEROIPSA_FOOTER.png>
Package pdftex.def Info: figures/AEROIPSA_FOOTER.png  used on input line 299.
(pdftex.def)             Requested size: 111.47331pt x 35.56593pt.
[59]

File: figures/AEROIPSA_HEADER.png Graphic file (type png)
<use figures/AEROIPSA_HEADER.png>
Package pdftex.def Info: figures/AEROIPSA_HEADER.png  used on input line 301.
(pdftex.def)             Requested size: 407.72343pt x 35.56593pt.
File: figures/AEROIPSA_FOOTER.png Graphic file (type png)
<use figures/AEROIPSA_FOOTER.png>
Package pdftex.def Info: figures/AEROIPSA_FOOTER.png  used on input line 301.
(pdftex.def)             Requested size: 111.47331pt x 35.56593pt.
[60] (sections/annexe.tex

Package pdfpages Warning: Option `page' is unknow to \includepdf.
(pdfpages)                Did you mean `pages'? (Note the `s'!)
(pdfpages)                OK, I'll proceed as if it were `pages'.



pdfTeX warning: pdflatex (file ./figures/annexe/SP02_2_STAGE_2.drawio.pdf): PDF inclusion: found PDF version <1.7>, but at most version <1.5> allowed
<figures/annexe/SP02_2_STAGE_2.drawio.pdf, id=1692, 1690.39525pt x 2384.91pt>
File: figures/annexe/SP02_2_STAGE_2.drawio.pdf Graphic file (type pdf)
<use figures/annexe/SP02_2_STAGE_2.drawio.pdf>
Package pdftex.def Info: figures/annexe/SP02_2_STAGE_2.drawio.pdf  used on input line 5.
(pdftex.def)             Requested size: 1690.39114pt x 2384.90422pt.


pdfTeX warning: pdflatex (file ./figures/annexe/SP02_2_STAGE_2.drawio.pdf): PDF inclusion: found PDF version <1.7>, but at most version <1.5> allowed


pdfTeX warning: pdflatex (file ./figures/annexe/SP02_2_STAGE_2.drawio.pdf): PDF inclusion: found PDF version <1.7>, but at most version <1.5> allowed
<figures/annexe/SP02_2_STAGE_2.drawio.pdf, id=1694, page=1, 1690.39525pt x 2384.91pt>
File: figures/annexe/SP02_2_STAGE_2.drawio.pdf Graphic file (type pdf)
<use figures/annexe/SP02_2_STAGE_2.drawio.pdf, page 1>
Package pdftex.def Info: figures/annexe/SP02_2_STAGE_2.drawio.pdf , page1 used on input line 5.
(pdftex.def)             Requested size: 1690.39114pt x 2384.90422pt.
File: figures/annexe/SP02_2_STAGE_2.drawio.pdf Graphic file (type pdf)
<use figures/annexe/SP02_2_STAGE_2.drawio.pdf, page 1>
Package pdftex.def Info: figures/annexe/SP02_2_STAGE_2.drawio.pdf , page1 used on input line 5.
(pdftex.def)             Requested size: 1690.39114pt x 2384.90422pt.
File: figures/annexe/SP02_2_STAGE_2.drawio.pdf Graphic file (type pdf)
<use figures/annexe/SP02_2_STAGE_2.drawio.pdf, page 1>
Package pdftex.def Info: figures/annexe/SP02_2_STAGE_2.drawio.pdf , page1 used on input line 5.
(pdftex.def)             Requested size: 1690.39114pt x 2384.90422pt.
File: figures/annexe/SP02_2_STAGE_2.drawio.pdf Graphic file (type pdf)
<use figures/annexe/SP02_2_STAGE_2.drawio.pdf, page 1>
Package pdftex.def Info: figures/annexe/SP02_2_STAGE_2.drawio.pdf , page1 used on input line 5.
(pdftex.def)             Requested size: 1690.39114pt x 2384.90422pt.


File: figures/AEROIPSA_HEADER.png Graphic file (type png)
<use figures/AEROIPSA_HEADER.png>
Package pdftex.def Info: figures/AEROIPSA_HEADER.png  used on input line 5.
(pdftex.def)             Requested size: 407.72343pt x 35.56593pt.
File: figures/AEROIPSA_FOOTER.png Graphic file (type png)
<use figures/AEROIPSA_FOOTER.png>
Package pdftex.def Info: figures/AEROIPSA_FOOTER.png  used on input line 5.
(pdftex.def)             Requested size: 111.47331pt x 35.56593pt.
File: figures/annexe/SP02_2_STAGE_2.drawio.pdf Graphic file (type pdf)
<use figures/annexe/SP02_2_STAGE_2.drawio.pdf, page 1>
Package pdftex.def Info: figures/annexe/SP02_2_STAGE_2.drawio.pdf , page1 used on input line 5.
(pdftex.def)             Requested size: 1690.39114pt x 2384.90422pt.
[61

 <./figures/annexe/SP02_2_STAGE_2.drawio.pdf>]

Package pdfpages Warning: Option `page' is unknow to \includepdf.
(pdfpages)                Did you mean `pages'? (Note the `s'!)
(pdfpages)                OK, I'll proceed as if it were `pages'.



pdfTeX warning: pdflatex (file ./figures/annexe/SP02_2_STAGE_1.drawio.pdf): PDF inclusion: found PDF version <1.7>, but at most version <1.5> allowed
<figures/annexe/SP02_2_STAGE_1.drawio.pdf, id=1723, 1690.39525pt x 2384.91pt>
File: figures/annexe/SP02_2_STAGE_1.drawio.pdf Graphic file (type pdf)
<use figures/annexe/SP02_2_STAGE_1.drawio.pdf>
Package pdftex.def Info: figures/annexe/SP02_2_STAGE_1.drawio.pdf  used on input line 9.
(pdftex.def)             Requested size: 1690.39114pt x 2384.90422pt.


pdfTeX warning: pdflatex (file ./figures/annexe/SP02_2_STAGE_1.drawio.pdf): PDF inclusion: found PDF version <1.7>, but at most version <1.5> allowed


pdfTeX warning: pdflatex (file ./figures/annexe/SP02_2_STAGE_1.drawio.pdf): PDF inclusion: found PDF version <1.7>, but at most version <1.5> allowed
<figures/annexe/SP02_2_STAGE_1.drawio.pdf, id=1725, page=1, 1690.39525pt x 2384.91pt>
File: figures/annexe/SP02_2_STAGE_1.drawio.pdf Graphic file (type pdf)
<use figures/annexe/SP02_2_STAGE_1.drawio.pdf, page 1>
Package pdftex.def Info: figures/annexe/SP02_2_STAGE_1.drawio.pdf , page1 used on input line 9.
(pdftex.def)             Requested size: 1690.39114pt x 2384.90422pt.
File: figures/annexe/SP02_2_STAGE_1.drawio.pdf Graphic file (type pdf)
<use figures/annexe/SP02_2_STAGE_1.drawio.pdf, page 1>
Package pdftex.def Info: figures/annexe/SP02_2_STAGE_1.drawio.pdf , page1 used on input line 9.
(pdftex.def)             Requested size: 1690.39114pt x 2384.90422pt.
File: figures/annexe/SP02_2_STAGE_1.drawio.pdf Graphic file (type pdf)
<use figures/annexe/SP02_2_STAGE_1.drawio.pdf, page 1>
Package pdftex.def Info: figures/annexe/SP02_2_STAGE_1.drawio.pdf , page1 used on input line 9.
(pdftex.def)             Requested size: 1690.39114pt x 2384.90422pt.
File: figures/annexe/SP02_2_STAGE_1.drawio.pdf Graphic file (type pdf)
<use figures/annexe/SP02_2_STAGE_1.drawio.pdf, page 1>
Package pdftex.def Info: figures/annexe/SP02_2_STAGE_1.drawio.pdf , page1 used on input line 9.
(pdftex.def)             Requested size: 1690.39114pt x 2384.90422pt.


File: figures/AEROIPSA_HEADER.png Graphic file (type png)
<use figures/AEROIPSA_HEADER.png>
Package pdftex.def Info: figures/AEROIPSA_HEADER.png  used on input line 9.
(pdftex.def)             Requested size: 407.72343pt x 35.56593pt.
File: figures/AEROIPSA_FOOTER.png Graphic file (type png)
<use figures/AEROIPSA_FOOTER.png>
Package pdftex.def Info: figures/AEROIPSA_FOOTER.png  used on input line 9.
(pdftex.def)             Requested size: 111.47331pt x 35.56593pt.
File: figures/annexe/SP02_2_STAGE_1.drawio.pdf Graphic file (type pdf)
<use figures/annexe/SP02_2_STAGE_1.drawio.pdf, page 1>
Package pdftex.def Info: figures/annexe/SP02_2_STAGE_1.drawio.pdf , page1 used on input line 9.
(pdftex.def)             Requested size: 1690.39114pt x 2384.90422pt.
[62

 <./figures/annexe/SP02_2_STAGE_1.drawio.pdf>]

Package pdfpages Warning: Option `page' is unknow to \includepdf.
(pdfpages)                Did you mean `pages'? (Note the `s'!)
(pdfpages)                OK, I'll proceed as if it were `pages'.

<figures/annexe/MECA/SP02_ALPHA_AF_BLOC_DRAW.pdf, id=1752, 1195.02466pt x 845.0471pt>
File: figures/annexe/MECA/SP02_ALPHA_AF_BLOC_DRAW.pdf Graphic file (type pdf)
<use figures/annexe/MECA/SP02_ALPHA_AF_BLOC_DRAW.pdf>
Package pdftex.def Info: figures/annexe/MECA/SP02_ALPHA_AF_BLOC_DRAW.pdf  used on input line 15.
(pdftex.def)             Requested size: 1195.02174pt x 845.04504pt.
<figures/annexe/MECA/SP02_ALPHA_AF_BLOC_DRAW.pdf, id=1754, page=1, 1195.02466pt x 845.0471pt>
File: figures/annexe/MECA/SP02_ALPHA_AF_BLOC_DRAW.pdf Graphic file (type pdf)
<use figures/annexe/MECA/SP02_ALPHA_AF_BLOC_DRAW.pdf, page 1>
Package pdftex.def Info: figures/annexe/MECA/SP02_ALPHA_AF_BLOC_DRAW.pdf , page1 used on input line 15.
(pdftex.def)             Requested size: 1195.02174pt x 845.04504pt.
File: figures/annexe/MECA/SP02_ALPHA_AF_BLOC_DRAW.pdf Graphic file (type pdf)
<use figures/annexe/MECA/SP02_ALPHA_AF_BLOC_DRAW.pdf, page 1>
Package pdftex.def Info: figures/annexe/MECA/SP02_ALPHA_AF_BLOC_DRAW.pdf , page1 used on input line 15.
(pdftex.def)             Requested size: 1195.02174pt x 845.04504pt.
File: figures/annexe/MECA/SP02_ALPHA_AF_BLOC_DRAW.pdf Graphic file (type pdf)
<use figures/annexe/MECA/SP02_ALPHA_AF_BLOC_DRAW.pdf, page 1>
Package pdftex.def Info: figures/annexe/MECA/SP02_ALPHA_AF_BLOC_DRAW.pdf , page1 used on input line 15.
(pdftex.def)             Requested size: 1195.02174pt x 845.04504pt.
File: figures/annexe/MECA/SP02_ALPHA_AF_BLOC_DRAW.pdf Graphic file (type pdf)
<use figures/annexe/MECA/SP02_ALPHA_AF_BLOC_DRAW.pdf, page 1>
Package pdftex.def Info: figures/annexe/MECA/SP02_ALPHA_AF_BLOC_DRAW.pdf , page1 used on input line 15.
(pdftex.def)             Requested size: 1195.02174pt x 845.04504pt.


File: figures/AEROIPSA_HEADER.png Graphic file (type png)
<use figures/AEROIPSA_HEADER.png>
Package pdftex.def Info: figures/AEROIPSA_HEADER.png  used on input line 15.
(pdftex.def)             Requested size: 407.72343pt x 35.56593pt.
File: figures/AEROIPSA_FOOTER.png Graphic file (type png)
<use figures/AEROIPSA_FOOTER.png>
Package pdftex.def Info: figures/AEROIPSA_FOOTER.png  used on input line 15.
(pdftex.def)             Requested size: 111.47331pt x 35.56593pt.
File: figures/annexe/MECA/SP02_ALPHA_AF_BLOC_DRAW.pdf Graphic file (type pdf)
<use figures/annexe/MECA/SP02_ALPHA_AF_BLOC_DRAW.pdf, page 1>
Package pdftex.def Info: figures/annexe/MECA/SP02_ALPHA_AF_BLOC_DRAW.pdf , page1 used on input line 15.
(pdftex.def)             Requested size: 1195.02174pt x 845.04504pt.
[63

 <./figures/annexe/MECA/SP02_ALPHA_AF_BLOC_DRAW.pdf>]

Package pdfpages Warning: Option `page' is unknow to \includepdf.
(pdfpages)                Did you mean `pages'? (Note the `s'!)
(pdfpages)                OK, I'll proceed as if it were `pages'.

File: figures/annexe/MECA/SP02_ALPHA_AF_BLOC_DRAW.pdf Graphic file (type pdf)
<use figures/annexe/MECA/SP02_ALPHA_AF_BLOC_DRAW.pdf>
Package pdftex.def Info: figures/annexe/MECA/SP02_ALPHA_AF_BLOC_DRAW.pdf  used on input line 16.
(pdftex.def)             Requested size: 1195.02174pt x 845.04504pt.
<figures/annexe/MECA/SP02_ALPHA_AF_BLOC_DRAW.pdf, id=1762, page=2, 1195.02466pt x 845.0471pt>
File: figures/annexe/MECA/SP02_ALPHA_AF_BLOC_DRAW.pdf Graphic file (type pdf)
<use figures/annexe/MECA/SP02_ALPHA_AF_BLOC_DRAW.pdf, page 2>
Package pdftex.def Info: figures/annexe/MECA/SP02_ALPHA_AF_BLOC_DRAW.pdf , page2 used on input line 16.
(pdftex.def)             Requested size: 1195.02174pt x 845.04504pt.
File: figures/annexe/MECA/SP02_ALPHA_AF_BLOC_DRAW.pdf Graphic file (type pdf)
<use figures/annexe/MECA/SP02_ALPHA_AF_BLOC_DRAW.pdf, page 2>
Package pdftex.def Info: figures/annexe/MECA/SP02_ALPHA_AF_BLOC_DRAW.pdf , page2 used on input line 16.
(pdftex.def)             Requested size: 1195.02174pt x 845.04504pt.
File: figures/annexe/MECA/SP02_ALPHA_AF_BLOC_DRAW.pdf Graphic file (type pdf)
<use figures/annexe/MECA/SP02_ALPHA_AF_BLOC_DRAW.pdf, page 2>
Package pdftex.def Info: figures/annexe/MECA/SP02_ALPHA_AF_BLOC_DRAW.pdf , page2 used on input line 16.
(pdftex.def)             Requested size: 1195.02174pt x 845.04504pt.
File: figures/annexe/MECA/SP02_ALPHA_AF_BLOC_DRAW.pdf Graphic file (type pdf)
<use figures/annexe/MECA/SP02_ALPHA_AF_BLOC_DRAW.pdf, page 2>
Package pdftex.def Info: figures/annexe/MECA/SP02_ALPHA_AF_BLOC_DRAW.pdf , page2 used on input line 16.
(pdftex.def)             Requested size: 1195.02174pt x 845.04504pt.


File: figures/AEROIPSA_HEADER.png Graphic file (type png)
<use figures/AEROIPSA_HEADER.png>
Package pdftex.def Info: figures/AEROIPSA_HEADER.png  used on input line 16.
(pdftex.def)             Requested size: 407.72343pt x 35.56593pt.
File: figures/AEROIPSA_FOOTER.png Graphic file (type png)
<use figures/AEROIPSA_FOOTER.png>
Package pdftex.def Info: figures/AEROIPSA_FOOTER.png  used on input line 16.
(pdftex.def)             Requested size: 111.47331pt x 35.56593pt.
File: figures/annexe/MECA/SP02_ALPHA_AF_BLOC_DRAW.pdf Graphic file (type pdf)
<use figures/annexe/MECA/SP02_ALPHA_AF_BLOC_DRAW.pdf, page 2>
Package pdftex.def Info: figures/annexe/MECA/SP02_ALPHA_AF_BLOC_DRAW.pdf , page2 used on input line 16.
(pdftex.def)             Requested size: 1195.02174pt x 845.04504pt.
[64

 <./figures/annexe/MECA/SP02_ALPHA_AF_BLOC_DRAW.pdf>]
<figures/annexe/MECA/SP02_ALPHA_AF_BLOC_DRAW.pdf, id=1768, page=3, 1195.02466pt x 845.0471pt>
File: figures/annexe/MECA/SP02_ALPHA_AF_BLOC_DRAW.pdf Graphic file (type pdf)
<use figures/annexe/MECA/SP02_ALPHA_AF_BLOC_DRAW.pdf, page 3>
Package pdftex.def Info: figures/annexe/MECA/SP02_ALPHA_AF_BLOC_DRAW.pdf , page3 used on input line 16.
(pdftex.def)             Requested size: 1195.02174pt x 845.04504pt.
File: figures/annexe/MECA/SP02_ALPHA_AF_BLOC_DRAW.pdf Graphic file (type pdf)
<use figures/annexe/MECA/SP02_ALPHA_AF_BLOC_DRAW.pdf, page 3>
Package pdftex.def Info: figures/annexe/MECA/SP02_ALPHA_AF_BLOC_DRAW.pdf , page3 used on input line 16.
(pdftex.def)             Requested size: 1195.02174pt x 845.04504pt.


File: figures/AEROIPSA_HEADER.png Graphic file (type png)
<use figures/AEROIPSA_HEADER.png>
Package pdftex.def Info: figures/AEROIPSA_HEADER.png  used on input line 16.
(pdftex.def)             Requested size: 407.72343pt x 35.56593pt.
File: figures/AEROIPSA_FOOTER.png Graphic file (type png)
<use figures/AEROIPSA_FOOTER.png>
Package pdftex.def Info: figures/AEROIPSA_FOOTER.png  used on input line 16.
(pdftex.def)             Requested size: 111.47331pt x 35.56593pt.
File: figures/annexe/MECA/SP02_ALPHA_AF_BLOC_DRAW.pdf Graphic file (type pdf)
<use figures/annexe/MECA/SP02_ALPHA_AF_BLOC_DRAW.pdf, page 3>
Package pdftex.def Info: figures/annexe/MECA/SP02_ALPHA_AF_BLOC_DRAW.pdf , page3 used on input line 16.
(pdftex.def)             Requested size: 1195.02174pt x 845.04504pt.
[65

 <./figures/annexe/MECA/SP02_ALPHA_AF_BLOC_DRAW.pdf>]
<figures/annexe/MECA/SP02_ALPHA_AF_BLOC_DRAW.pdf, id=1774, page=4, 1195.02466pt x 845.0471pt>
File: figures/annexe/MECA/SP02_ALPHA_AF_BLOC_DRAW.pdf Graphic file (type pdf)
<use figures/annexe/MECA/SP02_ALPHA_AF_BLOC_DRAW.pdf, page 4>
Package pdftex.def Info: figures/annexe/MECA/SP02_ALPHA_AF_BLOC_DRAW.pdf , page4 used on input line 16.
(pdftex.def)             Requested size: 1195.02174pt x 845.04504pt.
File: figures/annexe/MECA/SP02_ALPHA_AF_BLOC_DRAW.pdf Graphic file (type pdf)
<use figures/annexe/MECA/SP02_ALPHA_AF_BLOC_DRAW.pdf, page 4>
Package pdftex.def Info: figures/annexe/MECA/SP02_ALPHA_AF_BLOC_DRAW.pdf , page4 used on input line 16.
(pdftex.def)             Requested size: 1195.02174pt x 845.04504pt.


File: figures/AEROIPSA_HEADER.png Graphic file (type png)
<use figures/AEROIPSA_HEADER.png>
Package pdftex.def Info: figures/AEROIPSA_HEADER.png  used on input line 16.
(pdftex.def)             Requested size: 407.72343pt x 35.56593pt.
File: figures/AEROIPSA_FOOTER.png Graphic file (type png)
<use figures/AEROIPSA_FOOTER.png>
Package pdftex.def Info: figures/AEROIPSA_FOOTER.png  used on input line 16.
(pdftex.def)             Requested size: 111.47331pt x 35.56593pt.
File: figures/annexe/MECA/SP02_ALPHA_AF_BLOC_DRAW.pdf Graphic file (type pdf)
<use figures/annexe/MECA/SP02_ALPHA_AF_BLOC_DRAW.pdf, page 4>
Package pdftex.def Info: figures/annexe/MECA/SP02_ALPHA_AF_BLOC_DRAW.pdf , page4 used on input line 16.
(pdftex.def)             Requested size: 1195.02174pt x 845.04504pt.
[66

 <./figures/annexe/MECA/SP02_ALPHA_AF_BLOC_DRAW.pdf>]
<figures/annexe/MECA/SP02_ALPHA_AF_BLOC_DRAW.pdf, id=1780, page=5, 1195.02466pt x 845.0471pt>
File: figures/annexe/MECA/SP02_ALPHA_AF_BLOC_DRAW.pdf Graphic file (type pdf)
<use figures/annexe/MECA/SP02_ALPHA_AF_BLOC_DRAW.pdf, page 5>
Package pdftex.def Info: figures/annexe/MECA/SP02_ALPHA_AF_BLOC_DRAW.pdf , page5 used on input line 16.
(pdftex.def)             Requested size: 1195.02174pt x 845.04504pt.
File: figures/annexe/MECA/SP02_ALPHA_AF_BLOC_DRAW.pdf Graphic file (type pdf)
<use figures/annexe/MECA/SP02_ALPHA_AF_BLOC_DRAW.pdf, page 5>
Package pdftex.def Info: figures/annexe/MECA/SP02_ALPHA_AF_BLOC_DRAW.pdf , page5 used on input line 16.
(pdftex.def)             Requested size: 1195.02174pt x 845.04504pt.


File: figures/AEROIPSA_HEADER.png Graphic file (type png)
<use figures/AEROIPSA_HEADER.png>
Package pdftex.def Info: figures/AEROIPSA_HEADER.png  used on input line 16.
(pdftex.def)             Requested size: 407.72343pt x 35.56593pt.
File: figures/AEROIPSA_FOOTER.png Graphic file (type png)
<use figures/AEROIPSA_FOOTER.png>
Package pdftex.def Info: figures/AEROIPSA_FOOTER.png  used on input line 16.
(pdftex.def)             Requested size: 111.47331pt x 35.56593pt.
File: figures/annexe/MECA/SP02_ALPHA_AF_BLOC_DRAW.pdf Graphic file (type pdf)
<use figures/annexe/MECA/SP02_ALPHA_AF_BLOC_DRAW.pdf, page 5>
Package pdftex.def Info: figures/annexe/MECA/SP02_ALPHA_AF_BLOC_DRAW.pdf , page5 used on input line 16.
(pdftex.def)             Requested size: 1195.02174pt x 845.04504pt.
[67

 <./figures/annexe/MECA/SP02_ALPHA_AF_BLOC_DRAW.pdf>]
<figures/annexe/MECA/SP02_ALPHA_AF_BLOC_DRAW.pdf, id=1787, page=6, 1195.02466pt x 845.0471pt>
File: figures/annexe/MECA/SP02_ALPHA_AF_BLOC_DRAW.pdf Graphic file (type pdf)
<use figures/annexe/MECA/SP02_ALPHA_AF_BLOC_DRAW.pdf, page 6>
Package pdftex.def Info: figures/annexe/MECA/SP02_ALPHA_AF_BLOC_DRAW.pdf , page6 used on input line 16.
(pdftex.def)             Requested size: 1195.02174pt x 845.04504pt.
File: figures/annexe/MECA/SP02_ALPHA_AF_BLOC_DRAW.pdf Graphic file (type pdf)
<use figures/annexe/MECA/SP02_ALPHA_AF_BLOC_DRAW.pdf, page 6>
Package pdftex.def Info: figures/annexe/MECA/SP02_ALPHA_AF_BLOC_DRAW.pdf , page6 used on input line 16.
(pdftex.def)             Requested size: 1195.02174pt x 845.04504pt.


File: figures/AEROIPSA_HEADER.png Graphic file (type png)
<use figures/AEROIPSA_HEADER.png>
Package pdftex.def Info: figures/AEROIPSA_HEADER.png  used on input line 16.
(pdftex.def)             Requested size: 407.72343pt x 35.56593pt.
File: figures/AEROIPSA_FOOTER.png Graphic file (type png)
<use figures/AEROIPSA_FOOTER.png>
Package pdftex.def Info: figures/AEROIPSA_FOOTER.png  used on input line 16.
(pdftex.def)             Requested size: 111.47331pt x 35.56593pt.
File: figures/annexe/MECA/SP02_ALPHA_AF_BLOC_DRAW.pdf Graphic file (type pdf)
<use figures/annexe/MECA/SP02_ALPHA_AF_BLOC_DRAW.pdf, page 6>
Package pdftex.def Info: figures/annexe/MECA/SP02_ALPHA_AF_BLOC_DRAW.pdf , page6 used on input line 16.
(pdftex.def)             Requested size: 1195.02174pt x 845.04504pt.
[68

 <./figures/annexe/MECA/SP02_ALPHA_AF_BLOC_DRAW.pdf>]

Package pdfpages Warning: Option `page' is unknow to \includepdf.
(pdfpages)                Did you mean `pages'? (Note the `s'!)
(pdfpages)                OK, I'll proceed as if it were `pages'.

<figures/annexe/MECA/Beta_sepa_principale.pdf, id=1793, 1195.02466pt x 845.0471pt>
File: figures/annexe/MECA/Beta_sepa_principale.pdf Graphic file (type pdf)
<use figures/annexe/MECA/Beta_sepa_principale.pdf>
Package pdftex.def Info: figures/annexe/MECA/Beta_sepa_principale.pdf  used on input line 22.
(pdftex.def)             Requested size: 1195.02174pt x 845.04504pt.
<figures/annexe/MECA/Beta_sepa_principale.pdf, id=1795, page=1, 1195.02466pt x 845.0471pt>
File: figures/annexe/MECA/Beta_sepa_principale.pdf Graphic file (type pdf)
<use figures/annexe/MECA/Beta_sepa_principale.pdf, page 1>
Package pdftex.def Info: figures/annexe/MECA/Beta_sepa_principale.pdf , page1 used on input line 22.
(pdftex.def)             Requested size: 1195.02174pt x 845.04504pt.
File: figures/annexe/MECA/Beta_sepa_principale.pdf Graphic file (type pdf)
<use figures/annexe/MECA/Beta_sepa_principale.pdf, page 1>
Package pdftex.def Info: figures/annexe/MECA/Beta_sepa_principale.pdf , page1 used on input line 22.
(pdftex.def)             Requested size: 1195.02174pt x 845.04504pt.
File: figures/annexe/MECA/Beta_sepa_principale.pdf Graphic file (type pdf)
<use figures/annexe/MECA/Beta_sepa_principale.pdf, page 1>
Package pdftex.def Info: figures/annexe/MECA/Beta_sepa_principale.pdf , page1 used on input line 22.
(pdftex.def)             Requested size: 1195.02174pt x 845.04504pt.
File: figures/annexe/MECA/Beta_sepa_principale.pdf Graphic file (type pdf)
<use figures/annexe/MECA/Beta_sepa_principale.pdf, page 1>
Package pdftex.def Info: figures/annexe/MECA/Beta_sepa_principale.pdf , page1 used on input line 22.
(pdftex.def)             Requested size: 1195.02174pt x 845.04504pt.


File: figures/AEROIPSA_HEADER.png Graphic file (type png)
<use figures/AEROIPSA_HEADER.png>
Package pdftex.def Info: figures/AEROIPSA_HEADER.png  used on input line 22.
(pdftex.def)             Requested size: 407.72343pt x 35.56593pt.
File: figures/AEROIPSA_FOOTER.png Graphic file (type png)
<use figures/AEROIPSA_FOOTER.png>
Package pdftex.def Info: figures/AEROIPSA_FOOTER.png  used on input line 22.
(pdftex.def)             Requested size: 111.47331pt x 35.56593pt.
File: figures/annexe/MECA/Beta_sepa_principale.pdf Graphic file (type pdf)
<use figures/annexe/MECA/Beta_sepa_principale.pdf, page 1>
Package pdftex.def Info: figures/annexe/MECA/Beta_sepa_principale.pdf , page1 used on input line 22.
(pdftex.def)             Requested size: 1195.02174pt x 845.04504pt.
[69

 <./figures/annexe/MECA/Beta_sepa_principale.pdf>]

Package pdfpages Warning: Option `page' is unknow to \includepdf.
(pdfpages)                Did you mean `pages'? (Note the `s'!)
(pdfpages)                OK, I'll proceed as if it were `pages'.

File: figures/annexe/MECA/Beta_sepa_principale.pdf Graphic file (type pdf)
<use figures/annexe/MECA/Beta_sepa_principale.pdf>
Package pdftex.def Info: figures/annexe/MECA/Beta_sepa_principale.pdf  used on input line 23.
(pdftex.def)             Requested size: 1195.02174pt x 845.04504pt.
<figures/annexe/MECA/Beta_sepa_principale.pdf, id=1803, page=2, 1195.02466pt x 845.0471pt>
File: figures/annexe/MECA/Beta_sepa_principale.pdf Graphic file (type pdf)
<use figures/annexe/MECA/Beta_sepa_principale.pdf, page 2>
Package pdftex.def Info: figures/annexe/MECA/Beta_sepa_principale.pdf , page2 used on input line 23.
(pdftex.def)             Requested size: 1195.02174pt x 845.04504pt.
File: figures/annexe/MECA/Beta_sepa_principale.pdf Graphic file (type pdf)
<use figures/annexe/MECA/Beta_sepa_principale.pdf, page 2>
Package pdftex.def Info: figures/annexe/MECA/Beta_sepa_principale.pdf , page2 used on input line 23.
(pdftex.def)             Requested size: 1195.02174pt x 845.04504pt.
File: figures/annexe/MECA/Beta_sepa_principale.pdf Graphic file (type pdf)
<use figures/annexe/MECA/Beta_sepa_principale.pdf, page 2>
Package pdftex.def Info: figures/annexe/MECA/Beta_sepa_principale.pdf , page2 used on input line 23.
(pdftex.def)             Requested size: 1195.02174pt x 845.04504pt.
File: figures/annexe/MECA/Beta_sepa_principale.pdf Graphic file (type pdf)
<use figures/annexe/MECA/Beta_sepa_principale.pdf, page 2>
Package pdftex.def Info: figures/annexe/MECA/Beta_sepa_principale.pdf , page2 used on input line 23.
(pdftex.def)             Requested size: 1195.02174pt x 845.04504pt.


File: figures/AEROIPSA_HEADER.png Graphic file (type png)
<use figures/AEROIPSA_HEADER.png>
Package pdftex.def Info: figures/AEROIPSA_HEADER.png  used on input line 23.
(pdftex.def)             Requested size: 407.72343pt x 35.56593pt.
File: figures/AEROIPSA_FOOTER.png Graphic file (type png)
<use figures/AEROIPSA_FOOTER.png>
Package pdftex.def Info: figures/AEROIPSA_FOOTER.png  used on input line 23.
(pdftex.def)             Requested size: 111.47331pt x 35.56593pt.
File: figures/annexe/MECA/Beta_sepa_principale.pdf Graphic file (type pdf)
<use figures/annexe/MECA/Beta_sepa_principale.pdf, page 2>
Package pdftex.def Info: figures/annexe/MECA/Beta_sepa_principale.pdf , page2 used on input line 23.
(pdftex.def)             Requested size: 1195.02174pt x 845.04504pt.
[70

 <./figures/annexe/MECA/Beta_sepa_principale.pdf>]

Package pdfpages Warning: Option `page' is unknow to \includepdf.
(pdfpages)                Did you mean `pages'? (Note the `s'!)
(pdfpages)                OK, I'll proceed as if it were `pages'.

<figures/annexe/MECA/Beta_crochet_trappe.pdf, id=1809, 845.0471pt x 597.51233pt>
File: figures/annexe/MECA/Beta_crochet_trappe.pdf Graphic file (type pdf)
<use figures/annexe/MECA/Beta_crochet_trappe.pdf>
Package pdftex.def Info: figures/annexe/MECA/Beta_crochet_trappe.pdf  used on input line 28.
(pdftex.def)             Requested size: 845.04504pt x 597.51086pt.
<figures/annexe/MECA/Beta_crochet_trappe.pdf, id=1811, page=1, 845.0471pt x 597.51233pt>
File: figures/annexe/MECA/Beta_crochet_trappe.pdf Graphic file (type pdf)
<use figures/annexe/MECA/Beta_crochet_trappe.pdf, page 1>
Package pdftex.def Info: figures/annexe/MECA/Beta_crochet_trappe.pdf , page1 used on input line 28.
(pdftex.def)             Requested size: 845.04504pt x 597.51086pt.
File: figures/annexe/MECA/Beta_crochet_trappe.pdf Graphic file (type pdf)
<use figures/annexe/MECA/Beta_crochet_trappe.pdf, page 1>
Package pdftex.def Info: figures/annexe/MECA/Beta_crochet_trappe.pdf , page1 used on input line 28.
(pdftex.def)             Requested size: 845.04504pt x 597.51086pt.
File: figures/annexe/MECA/Beta_crochet_trappe.pdf Graphic file (type pdf)
<use figures/annexe/MECA/Beta_crochet_trappe.pdf, page 1>
Package pdftex.def Info: figures/annexe/MECA/Beta_crochet_trappe.pdf , page1 used on input line 28.
(pdftex.def)             Requested size: 845.04504pt x 597.51086pt.
File: figures/annexe/MECA/Beta_crochet_trappe.pdf Graphic file (type pdf)
<use figures/annexe/MECA/Beta_crochet_trappe.pdf, page 1>
Package pdftex.def Info: figures/annexe/MECA/Beta_crochet_trappe.pdf , page1 used on input line 28.
(pdftex.def)             Requested size: 845.04504pt x 597.51086pt.


File: figures/AEROIPSA_HEADER.png Graphic file (type png)
<use figures/AEROIPSA_HEADER.png>
Package pdftex.def Info: figures/AEROIPSA_HEADER.png  used on input line 28.
(pdftex.def)             Requested size: 407.72343pt x 35.56593pt.
File: figures/AEROIPSA_FOOTER.png Graphic file (type png)
<use figures/AEROIPSA_FOOTER.png>
Package pdftex.def Info: figures/AEROIPSA_FOOTER.png  used on input line 28.
(pdftex.def)             Requested size: 111.47331pt x 35.56593pt.
File: figures/annexe/MECA/Beta_crochet_trappe.pdf Graphic file (type pdf)
<use figures/annexe/MECA/Beta_crochet_trappe.pdf, page 1>
Package pdftex.def Info: figures/annexe/MECA/Beta_crochet_trappe.pdf , page1 used on input line 28.
(pdftex.def)             Requested size: 845.04504pt x 597.51086pt.
[71

 <./figures/annexe/MECA/Beta_crochet_trappe.pdf>]

Package pdfpages Warning: Option `page' is unknow to \includepdf.
(pdfpages)                Did you mean `pages'? (Note the `s'!)
(pdfpages)                OK, I'll proceed as if it were `pages'.

<figures/annexe/MECA/Beta_maintien_pointe_coiffe.pdf, id=1818, 597.51233pt x 845.0471pt>
File: figures/annexe/MECA/Beta_maintien_pointe_coiffe.pdf Graphic file (type pdf)
<use figures/annexe/MECA/Beta_maintien_pointe_coiffe.pdf>
Package pdftex.def Info: figures/annexe/MECA/Beta_maintien_pointe_coiffe.pdf  used on input line 33.
(pdftex.def)             Requested size: 597.51086pt x 845.04504pt.
<figures/annexe/MECA/Beta_maintien_pointe_coiffe.pdf, id=1820, page=1, 597.51233pt x 845.0471pt>
File: figures/annexe/MECA/Beta_maintien_pointe_coiffe.pdf Graphic file (type pdf)
<use figures/annexe/MECA/Beta_maintien_pointe_coiffe.pdf, page 1>
Package pdftex.def Info: figures/annexe/MECA/Beta_maintien_pointe_coiffe.pdf , page1 used on input line 33.
(pdftex.def)             Requested size: 597.51086pt x 845.04504pt.
File: figures/annexe/MECA/Beta_maintien_pointe_coiffe.pdf Graphic file (type pdf)
<use figures/annexe/MECA/Beta_maintien_pointe_coiffe.pdf, page 1>
Package pdftex.def Info: figures/annexe/MECA/Beta_maintien_pointe_coiffe.pdf , page1 used on input line 33.
(pdftex.def)             Requested size: 597.51086pt x 845.04504pt.
File: figures/annexe/MECA/Beta_maintien_pointe_coiffe.pdf Graphic file (type pdf)
<use figures/annexe/MECA/Beta_maintien_pointe_coiffe.pdf, page 1>
Package pdftex.def Info: figures/annexe/MECA/Beta_maintien_pointe_coiffe.pdf , page1 used on input line 33.
(pdftex.def)             Requested size: 597.51086pt x 845.04504pt.
File: figures/annexe/MECA/Beta_maintien_pointe_coiffe.pdf Graphic file (type pdf)
<use figures/annexe/MECA/Beta_maintien_pointe_coiffe.pdf, page 1>
Package pdftex.def Info: figures/annexe/MECA/Beta_maintien_pointe_coiffe.pdf , page1 used on input line 33.
(pdftex.def)             Requested size: 597.51086pt x 845.04504pt.


File: figures/AEROIPSA_HEADER.png Graphic file (type png)
<use figures/AEROIPSA_HEADER.png>
Package pdftex.def Info: figures/AEROIPSA_HEADER.png  used on input line 33.
(pdftex.def)             Requested size: 407.72343pt x 35.56593pt.
File: figures/AEROIPSA_FOOTER.png Graphic file (type png)
<use figures/AEROIPSA_FOOTER.png>
Package pdftex.def Info: figures/AEROIPSA_FOOTER.png  used on input line 33.
(pdftex.def)             Requested size: 111.47331pt x 35.56593pt.
File: figures/annexe/MECA/Beta_maintien_pointe_coiffe.pdf Graphic file (type pdf)
<use figures/annexe/MECA/Beta_maintien_pointe_coiffe.pdf, page 1>
Package pdftex.def Info: figures/annexe/MECA/Beta_maintien_pointe_coiffe.pdf , page1 used on input line 33.
(pdftex.def)             Requested size: 597.51086pt x 845.04504pt.
[72

 <./figures/annexe/MECA/Beta_maintien_pointe_coiffe.pdf, page is rotated 90 degrees>]

Package pdfpages Warning: Option `page' is unknow to \includepdf.
(pdfpages)                Did you mean `pages'? (Note the `s'!)
(pdfpages)                OK, I'll proceed as if it were `pages'.

<figures/annexe/MECA/Beta_pointe_coiffe.pdf, id=1827, 1195.02466pt x 845.0471pt>
File: figures/annexe/MECA/Beta_pointe_coiffe.pdf Graphic file (type pdf)
<use figures/annexe/MECA/Beta_pointe_coiffe.pdf>
Package pdftex.def Info: figures/annexe/MECA/Beta_pointe_coiffe.pdf  used on input line 38.
(pdftex.def)             Requested size: 1195.02174pt x 845.04504pt.
<figures/annexe/MECA/Beta_pointe_coiffe.pdf, id=1829, page=1, 1195.02466pt x 845.0471pt>
File: figures/annexe/MECA/Beta_pointe_coiffe.pdf Graphic file (type pdf)
<use figures/annexe/MECA/Beta_pointe_coiffe.pdf, page 1>
Package pdftex.def Info: figures/annexe/MECA/Beta_pointe_coiffe.pdf , page1 used on input line 38.
(pdftex.def)             Requested size: 1195.02174pt x 845.04504pt.
File: figures/annexe/MECA/Beta_pointe_coiffe.pdf Graphic file (type pdf)
<use figures/annexe/MECA/Beta_pointe_coiffe.pdf, page 1>
Package pdftex.def Info: figures/annexe/MECA/Beta_pointe_coiffe.pdf , page1 used on input line 38.
(pdftex.def)             Requested size: 1195.02174pt x 845.04504pt.
File: figures/annexe/MECA/Beta_pointe_coiffe.pdf Graphic file (type pdf)
<use figures/annexe/MECA/Beta_pointe_coiffe.pdf, page 1>
Package pdftex.def Info: figures/annexe/MECA/Beta_pointe_coiffe.pdf , page1 used on input line 38.
(pdftex.def)             Requested size: 1195.02174pt x 845.04504pt.
File: figures/annexe/MECA/Beta_pointe_coiffe.pdf Graphic file (type pdf)
<use figures/annexe/MECA/Beta_pointe_coiffe.pdf, page 1>
Package pdftex.def Info: figures/annexe/MECA/Beta_pointe_coiffe.pdf , page1 used on input line 38.
(pdftex.def)             Requested size: 1195.02174pt x 845.04504pt.


File: figures/AEROIPSA_HEADER.png Graphic file (type png)
<use figures/AEROIPSA_HEADER.png>
Package pdftex.def Info: figures/AEROIPSA_HEADER.png  used on input line 38.
(pdftex.def)             Requested size: 407.72343pt x 35.56593pt.
File: figures/AEROIPSA_FOOTER.png Graphic file (type png)
<use figures/AEROIPSA_FOOTER.png>
Package pdftex.def Info: figures/AEROIPSA_FOOTER.png  used on input line 38.
(pdftex.def)             Requested size: 111.47331pt x 35.56593pt.
File: figures/annexe/MECA/Beta_pointe_coiffe.pdf Graphic file (type pdf)
<use figures/annexe/MECA/Beta_pointe_coiffe.pdf, page 1>
Package pdftex.def Info: figures/annexe/MECA/Beta_pointe_coiffe.pdf , page1 used on input line 38.
(pdftex.def)             Requested size: 1195.02174pt x 845.04504pt.
[73

 <./figures/annexe/MECA/Beta_pointe_coiffe.pdf>]

Package pdfpages Warning: Option `page' is unknow to \includepdf.
(pdfpages)                Did you mean `pages'? (Note the `s'!)
(pdfpages)                OK, I'll proceed as if it were `pages'.

<figures/annexe/ELEC/Schematic_APEX_LE_RETOUR_2026-03-23.pdf, id=1837, 1173.38374pt x 830.10126pt>
File: figures/annexe/ELEC/Schematic_APEX_LE_RETOUR_2026-03-23.pdf Graphic file (type pdf)
<use figures/annexe/ELEC/Schematic_APEX_LE_RETOUR_2026-03-23.pdf>
Package pdftex.def Info: figures/annexe/ELEC/Schematic_APEX_LE_RETOUR_2026-03-23.pdf  used on input line 43.
(pdftex.def)             Requested size: 1173.38087pt x 830.09924pt.
<figures/annexe/ELEC/Schematic_APEX_LE_RETOUR_2026-03-23.pdf, id=1839, page=1, 1173.38374pt x 830.10126pt>
File: figures/annexe/ELEC/Schematic_APEX_LE_RETOUR_2026-03-23.pdf Graphic file (type pdf)
<use figures/annexe/ELEC/Schematic_APEX_LE_RETOUR_2026-03-23.pdf, page 1>
Package pdftex.def Info: figures/annexe/ELEC/Schematic_APEX_LE_RETOUR_2026-03-23.pdf , page1 used on input line 43.
(pdftex.def)             Requested size: 1173.38087pt x 830.09924pt.
File: figures/annexe/ELEC/Schematic_APEX_LE_RETOUR_2026-03-23.pdf Graphic file (type pdf)
<use figures/annexe/ELEC/Schematic_APEX_LE_RETOUR_2026-03-23.pdf, page 1>
Package pdftex.def Info: figures/annexe/ELEC/Schematic_APEX_LE_RETOUR_2026-03-23.pdf , page1 used on input line 43.
(pdftex.def)             Requested size: 1173.38087pt x 830.09924pt.
File: figures/annexe/ELEC/Schematic_APEX_LE_RETOUR_2026-03-23.pdf Graphic file (type pdf)
<use figures/annexe/ELEC/Schematic_APEX_LE_RETOUR_2026-03-23.pdf, page 1>
Package pdftex.def Info: figures/annexe/ELEC/Schematic_APEX_LE_RETOUR_2026-03-23.pdf , page1 used on input line 43.
(pdftex.def)             Requested size: 1173.38087pt x 830.09924pt.
File: figures/annexe/ELEC/Schematic_APEX_LE_RETOUR_2026-03-23.pdf Graphic file (type pdf)
<use figures/annexe/ELEC/Schematic_APEX_LE_RETOUR_2026-03-23.pdf, page 1>
Package pdftex.def Info: figures/annexe/ELEC/Schematic_APEX_LE_RETOUR_2026-03-23.pdf , page1 used on input line 43.
(pdftex.def)             Requested size: 1173.38087pt x 830.09924pt.


File: figures/AEROIPSA_HEADER.png Graphic file (type png)
<use figures/AEROIPSA_HEADER.png>
Package pdftex.def Info: figures/AEROIPSA_HEADER.png  used on input line 43.
(pdftex.def)             Requested size: 407.72343pt x 35.56593pt.
File: figures/AEROIPSA_FOOTER.png Graphic file (type png)
<use figures/AEROIPSA_FOOTER.png>
Package pdftex.def Info: figures/AEROIPSA_FOOTER.png  used on input line 43.
(pdftex.def)             Requested size: 111.47331pt x 35.56593pt.
File: figures/annexe/ELEC/Schematic_APEX_LE_RETOUR_2026-03-23.pdf Graphic file (type pdf)
<use figures/annexe/ELEC/Schematic_APEX_LE_RETOUR_2026-03-23.pdf, page 1>
Package pdftex.def Info: figures/annexe/ELEC/Schematic_APEX_LE_RETOUR_2026-03-23.pdf , page1 used on input line 43.
(pdftex.def)             Requested size: 1173.38087pt x 830.09924pt.
[74

 <./figures/annexe/ELEC/Schematic_APEX_LE_RETOUR_2026-03-23.pdf>]

Package pdfpages Warning: Option `page' is unknow to \includepdf.
(pdfpages)                Did you mean `pages'? (Note the `s'!)
(pdfpages)                OK, I'll proceed as if it were `pages'.

File: figures/annexe/ELEC/Schematic_APEX_LE_RETOUR_2026-03-23.pdf Graphic file (type pdf)
<use figures/annexe/ELEC/Schematic_APEX_LE_RETOUR_2026-03-23.pdf>
Package pdftex.def Info: figures/annexe/ELEC/Schematic_APEX_LE_RETOUR_2026-03-23.pdf  used on input line 44.
(pdftex.def)             Requested size: 1173.38087pt x 830.09924pt.
<figures/annexe/ELEC/Schematic_APEX_LE_RETOUR_2026-03-23.pdf, id=1861, page=2, 1173.38374pt x 830.10126pt>
File: figures/annexe/ELEC/Schematic_APEX_LE_RETOUR_2026-03-23.pdf Graphic file (type pdf)
<use figures/annexe/ELEC/Schematic_APEX_LE_RETOUR_2026-03-23.pdf, page 2>
Package pdftex.def Info: figures/annexe/ELEC/Schematic_APEX_LE_RETOUR_2026-03-23.pdf , page2 used on input line 44.
(pdftex.def)             Requested size: 1173.38087pt x 830.09924pt.
File: figures/annexe/ELEC/Schematic_APEX_LE_RETOUR_2026-03-23.pdf Graphic file (type pdf)
<use figures/annexe/ELEC/Schematic_APEX_LE_RETOUR_2026-03-23.pdf, page 2>
Package pdftex.def Info: figures/annexe/ELEC/Schematic_APEX_LE_RETOUR_2026-03-23.pdf , page2 used on input line 44.
(pdftex.def)             Requested size: 1173.38087pt x 830.09924pt.
File: figures/annexe/ELEC/Schematic_APEX_LE_RETOUR_2026-03-23.pdf Graphic file (type pdf)
<use figures/annexe/ELEC/Schematic_APEX_LE_RETOUR_2026-03-23.pdf, page 2>
Package pdftex.def Info: figures/annexe/ELEC/Schematic_APEX_LE_RETOUR_2026-03-23.pdf , page2 used on input line 44.
(pdftex.def)             Requested size: 1173.38087pt x 830.09924pt.
File: figures/annexe/ELEC/Schematic_APEX_LE_RETOUR_2026-03-23.pdf Graphic file (type pdf)
<use figures/annexe/ELEC/Schematic_APEX_LE_RETOUR_2026-03-23.pdf, page 2>
Package pdftex.def Info: figures/annexe/ELEC/Schematic_APEX_LE_RETOUR_2026-03-23.pdf , page2 used on input line 44.
(pdftex.def)             Requested size: 1173.38087pt x 830.09924pt.


File: figures/AEROIPSA_HEADER.png Graphic file (type png)
<use figures/AEROIPSA_HEADER.png>
Package pdftex.def Info: figures/AEROIPSA_HEADER.png  used on input line 44.
(pdftex.def)             Requested size: 407.72343pt x 35.56593pt.
File: figures/AEROIPSA_FOOTER.png Graphic file (type png)
<use figures/AEROIPSA_FOOTER.png>
Package pdftex.def Info: figures/AEROIPSA_FOOTER.png  used on input line 44.
(pdftex.def)             Requested size: 111.47331pt x 35.56593pt.
File: figures/annexe/ELEC/Schematic_APEX_LE_RETOUR_2026-03-23.pdf Graphic file (type pdf)
<use figures/annexe/ELEC/Schematic_APEX_LE_RETOUR_2026-03-23.pdf, page 2>
Package pdftex.def Info: figures/annexe/ELEC/Schematic_APEX_LE_RETOUR_2026-03-23.pdf , page2 used on input line 44.
(pdftex.def)             Requested size: 1173.38087pt x 830.09924pt.
[75

 <./figures/annexe/ELEC/Schematic_APEX_LE_RETOUR_2026-03-23.pdf>]

Package pdfpages Warning: Option `page' is unknow to \includepdf.
(pdfpages)                Did you mean `pages'? (Note the `s'!)
(pdfpages)                OK, I'll proceed as if it were `pages'.

<figures/annexe/ELEC/Schematic_SP02_APEX_EX_2026-03-23.pdf, id=1867, 1173.38374pt x 830.10126pt>
File: figures/annexe/ELEC/Schematic_SP02_APEX_EX_2026-03-23.pdf Graphic file (type pdf)
<use figures/annexe/ELEC/Schematic_SP02_APEX_EX_2026-03-23.pdf>
Package pdftex.def Info: figures/annexe/ELEC/Schematic_SP02_APEX_EX_2026-03-23.pdf  used on input line 45.
(pdftex.def)             Requested size: 1173.38087pt x 830.09924pt.
<figures/annexe/ELEC/Schematic_SP02_APEX_EX_2026-03-23.pdf, id=1869, page=1, 1173.38374pt x 830.10126pt>
File: figures/annexe/ELEC/Schematic_SP02_APEX_EX_2026-03-23.pdf Graphic file (type pdf)
<use figures/annexe/ELEC/Schematic_SP02_APEX_EX_2026-03-23.pdf, page 1>
Package pdftex.def Info: figures/annexe/ELEC/Schematic_SP02_APEX_EX_2026-03-23.pdf , page1 used on input line 45.
(pdftex.def)             Requested size: 1173.38087pt x 830.09924pt.
File: figures/annexe/ELEC/Schematic_SP02_APEX_EX_2026-03-23.pdf Graphic file (type pdf)
<use figures/annexe/ELEC/Schematic_SP02_APEX_EX_2026-03-23.pdf, page 1>
Package pdftex.def Info: figures/annexe/ELEC/Schematic_SP02_APEX_EX_2026-03-23.pdf , page1 used on input line 45.
(pdftex.def)             Requested size: 1173.38087pt x 830.09924pt.
File: figures/annexe/ELEC/Schematic_SP02_APEX_EX_2026-03-23.pdf Graphic file (type pdf)
<use figures/annexe/ELEC/Schematic_SP02_APEX_EX_2026-03-23.pdf, page 1>
Package pdftex.def Info: figures/annexe/ELEC/Schematic_SP02_APEX_EX_2026-03-23.pdf , page1 used on input line 45.
(pdftex.def)             Requested size: 1173.38087pt x 830.09924pt.
File: figures/annexe/ELEC/Schematic_SP02_APEX_EX_2026-03-23.pdf Graphic file (type pdf)
<use figures/annexe/ELEC/Schematic_SP02_APEX_EX_2026-03-23.pdf, page 1>
Package pdftex.def Info: figures/annexe/ELEC/Schematic_SP02_APEX_EX_2026-03-23.pdf , page1 used on input line 45.
(pdftex.def)             Requested size: 1173.38087pt x 830.09924pt.


File: figures/AEROIPSA_HEADER.png Graphic file (type png)
<use figures/AEROIPSA_HEADER.png>
Package pdftex.def Info: figures/AEROIPSA_HEADER.png  used on input line 45.
(pdftex.def)             Requested size: 407.72343pt x 35.56593pt.
File: figures/AEROIPSA_FOOTER.png Graphic file (type png)
<use figures/AEROIPSA_FOOTER.png>
Package pdftex.def Info: figures/AEROIPSA_FOOTER.png  used on input line 45.
(pdftex.def)             Requested size: 111.47331pt x 35.56593pt.
File: figures/annexe/ELEC/Schematic_SP02_APEX_EX_2026-03-23.pdf Graphic file (type pdf)
<use figures/annexe/ELEC/Schematic_SP02_APEX_EX_2026-03-23.pdf, page 1>
Package pdftex.def Info: figures/annexe/ELEC/Schematic_SP02_APEX_EX_2026-03-23.pdf , page1 used on input line 45.
(pdftex.def)             Requested size: 1173.38087pt x 830.09924pt.
[76

 <./figures/annexe/ELEC/Schematic_SP02_APEX_EX_2026-03-23.pdf>]

Package pdfpages Warning: Option `page' is unknow to \includepdf.
(pdfpages)                Did you mean `pages'? (Note the `s'!)
(pdfpages)                OK, I'll proceed as if it were `pages'.

<figures/annexe/ELEC/Schematic_SP02_PITOT_2026-03-23.pdf, id=1890, 1173.38374pt x 830.10126pt>
File: figures/annexe/ELEC/Schematic_SP02_PITOT_2026-03-23.pdf Graphic file (type pdf)
<use figures/annexe/ELEC/Schematic_SP02_PITOT_2026-03-23.pdf>
Package pdftex.def Info: figures/annexe/ELEC/Schematic_SP02_PITOT_2026-03-23.pdf  used on input line 46.
(pdftex.def)             Requested size: 1173.38087pt x 830.09924pt.
<figures/annexe/ELEC/Schematic_SP02_PITOT_2026-03-23.pdf, id=1892, page=1, 1173.38374pt x 830.10126pt>
File: figures/annexe/ELEC/Schematic_SP02_PITOT_2026-03-23.pdf Graphic file (type pdf)
<use figures/annexe/ELEC/Schematic_SP02_PITOT_2026-03-23.pdf, page 1>
Package pdftex.def Info: figures/annexe/ELEC/Schematic_SP02_PITOT_2026-03-23.pdf , page1 used on input line 46.
(pdftex.def)             Requested size: 1173.38087pt x 830.09924pt.
File: figures/annexe/ELEC/Schematic_SP02_PITOT_2026-03-23.pdf Graphic file (type pdf)
<use figures/annexe/ELEC/Schematic_SP02_PITOT_2026-03-23.pdf, page 1>
Package pdftex.def Info: figures/annexe/ELEC/Schematic_SP02_PITOT_2026-03-23.pdf , page1 used on input line 46.
(pdftex.def)             Requested size: 1173.38087pt x 830.09924pt.
File: figures/annexe/ELEC/Schematic_SP02_PITOT_2026-03-23.pdf Graphic file (type pdf)
<use figures/annexe/ELEC/Schematic_SP02_PITOT_2026-03-23.pdf, page 1>
Package pdftex.def Info: figures/annexe/ELEC/Schematic_SP02_PITOT_2026-03-23.pdf , page1 used on input line 46.
(pdftex.def)             Requested size: 1173.38087pt x 830.09924pt.
File: figures/annexe/ELEC/Schematic_SP02_PITOT_2026-03-23.pdf Graphic file (type pdf)
<use figures/annexe/ELEC/Schematic_SP02_PITOT_2026-03-23.pdf, page 1>
Package pdftex.def Info: figures/annexe/ELEC/Schematic_SP02_PITOT_2026-03-23.pdf , page1 used on input line 46.
(pdftex.def)             Requested size: 1173.38087pt x 830.09924pt.


File: figures/AEROIPSA_HEADER.png Graphic file (type png)
<use figures/AEROIPSA_HEADER.png>
Package pdftex.def Info: figures/AEROIPSA_HEADER.png  used on input line 46.
(pdftex.def)             Requested size: 407.72343pt x 35.56593pt.
File: figures/AEROIPSA_FOOTER.png Graphic file (type png)
<use figures/AEROIPSA_FOOTER.png>
Package pdftex.def Info: figures/AEROIPSA_FOOTER.png  used on input line 46.
(pdftex.def)             Requested size: 111.47331pt x 35.56593pt.
File: figures/annexe/ELEC/Schematic_SP02_PITOT_2026-03-23.pdf Graphic file (type pdf)
<use figures/annexe/ELEC/Schematic_SP02_PITOT_2026-03-23.pdf, page 1>
Package pdftex.def Info: figures/annexe/ELEC/Schematic_SP02_PITOT_2026-03-23.pdf , page1 used on input line 46.
(pdftex.def)             Requested size: 1173.38087pt x 830.09924pt.
[77

 <./figures/annexe/ELEC/Schematic_SP02_PITOT_2026-03-23.pdf>]

Package pdfpages Warning: Option `page' is unknow to \includepdf.
(pdfpages)                Did you mean `pages'? (Note the `s'!)
(pdfpages)                OK, I'll proceed as if it were `pages'.

<figures/annexe/ELEC/Schematic_SP02_CAMERA_2026-03-23.pdf, id=1911, 1173.38374pt x 830.10126pt>
File: figures/annexe/ELEC/Schematic_SP02_CAMERA_2026-03-23.pdf Graphic file (type pdf)
<use figures/annexe/ELEC/Schematic_SP02_CAMERA_2026-03-23.pdf>
Package pdftex.def Info: figures/annexe/ELEC/Schematic_SP02_CAMERA_2026-03-23.pdf  used on input line 47.
(pdftex.def)             Requested size: 1173.38087pt x 830.09924pt.
<figures/annexe/ELEC/Schematic_SP02_CAMERA_2026-03-23.pdf, id=1913, page=1, 1173.38374pt x 830.10126pt>
File: figures/annexe/ELEC/Schematic_SP02_CAMERA_2026-03-23.pdf Graphic file (type pdf)
<use figures/annexe/ELEC/Schematic_SP02_CAMERA_2026-03-23.pdf, page 1>
Package pdftex.def Info: figures/annexe/ELEC/Schematic_SP02_CAMERA_2026-03-23.pdf , page1 used on input line 47.
(pdftex.def)             Requested size: 1173.38087pt x 830.09924pt.
File: figures/annexe/ELEC/Schematic_SP02_CAMERA_2026-03-23.pdf Graphic file (type pdf)
<use figures/annexe/ELEC/Schematic_SP02_CAMERA_2026-03-23.pdf, page 1>
Package pdftex.def Info: figures/annexe/ELEC/Schematic_SP02_CAMERA_2026-03-23.pdf , page1 used on input line 47.
(pdftex.def)             Requested size: 1173.38087pt x 830.09924pt.
File: figures/annexe/ELEC/Schematic_SP02_CAMERA_2026-03-23.pdf Graphic file (type pdf)
<use figures/annexe/ELEC/Schematic_SP02_CAMERA_2026-03-23.pdf, page 1>
Package pdftex.def Info: figures/annexe/ELEC/Schematic_SP02_CAMERA_2026-03-23.pdf , page1 used on input line 47.
(pdftex.def)             Requested size: 1173.38087pt x 830.09924pt.
File: figures/annexe/ELEC/Schematic_SP02_CAMERA_2026-03-23.pdf Graphic file (type pdf)
<use figures/annexe/ELEC/Schematic_SP02_CAMERA_2026-03-23.pdf, page 1>
Package pdftex.def Info: figures/annexe/ELEC/Schematic_SP02_CAMERA_2026-03-23.pdf , page1 used on input line 47.
(pdftex.def)             Requested size: 1173.38087pt x 830.09924pt.


File: figures/AEROIPSA_HEADER.png Graphic file (type png)
<use figures/AEROIPSA_HEADER.png>
Package pdftex.def Info: figures/AEROIPSA_HEADER.png  used on input line 47.
(pdftex.def)             Requested size: 407.72343pt x 35.56593pt.
File: figures/AEROIPSA_FOOTER.png Graphic file (type png)
<use figures/AEROIPSA_FOOTER.png>
Package pdftex.def Info: figures/AEROIPSA_FOOTER.png  used on input line 47.
(pdftex.def)             Requested size: 111.47331pt x 35.56593pt.
File: figures/annexe/ELEC/Schematic_SP02_CAMERA_2026-03-23.pdf Graphic file (type pdf)
<use figures/annexe/ELEC/Schematic_SP02_CAMERA_2026-03-23.pdf, page 1>
Package pdftex.def Info: figures/annexe/ELEC/Schematic_SP02_CAMERA_2026-03-23.pdf , page1 used on input line 47.
(pdftex.def)             Requested size: 1173.38087pt x 830.09924pt.
[78

 <./figures/annexe/ELEC/Schematic_SP02_CAMERA_2026-03-23.pdf>]

Package pdfpages Warning: Option `page' is unknow to \includepdf.
(pdfpages)                Did you mean `pages'? (Note the `s'!)
(pdfpages)                OK, I'll proceed as if it were `pages'.

<figures/annexe/ELEC/Schematic_SP02_sequenceur_Maxou_2026-03-23.pdf, id=1936, 1173.38374pt x 830.10126pt>
File: figures/annexe/ELEC/Schematic_SP02_sequenceur_Maxou_2026-03-23.pdf Graphic file (type pdf)
<use figures/annexe/ELEC/Schematic_SP02_sequenceur_Maxou_2026-03-23.pdf>
Package pdftex.def Info: figures/annexe/ELEC/Schematic_SP02_sequenceur_Maxou_2026-03-23.pdf  used on input line 48.
(pdftex.def)             Requested size: 1173.38087pt x 830.09924pt.
<figures/annexe/ELEC/Schematic_SP02_sequenceur_Maxou_2026-03-23.pdf, id=1938, page=1, 1173.38374pt x 830.10126pt>
File: figures/annexe/ELEC/Schematic_SP02_sequenceur_Maxou_2026-03-23.pdf Graphic file (type pdf)
<use figures/annexe/ELEC/Schematic_SP02_sequenceur_Maxou_2026-03-23.pdf, page 1>
Package pdftex.def Info: figures/annexe/ELEC/Schematic_SP02_sequenceur_Maxou_2026-03-23.pdf , page1 used on input line 48.
(pdftex.def)             Requested size: 1173.38087pt x 830.09924pt.
File: figures/annexe/ELEC/Schematic_SP02_sequenceur_Maxou_2026-03-23.pdf Graphic file (type pdf)
<use figures/annexe/ELEC/Schematic_SP02_sequenceur_Maxou_2026-03-23.pdf, page 1>
Package pdftex.def Info: figures/annexe/ELEC/Schematic_SP02_sequenceur_Maxou_2026-03-23.pdf , page1 used on input line 48.
(pdftex.def)             Requested size: 1173.38087pt x 830.09924pt.
File: figures/annexe/ELEC/Schematic_SP02_sequenceur_Maxou_2026-03-23.pdf Graphic file (type pdf)
<use figures/annexe/ELEC/Schematic_SP02_sequenceur_Maxou_2026-03-23.pdf, page 1>
Package pdftex.def Info: figures/annexe/ELEC/Schematic_SP02_sequenceur_Maxou_2026-03-23.pdf , page1 used on input line 48.
(pdftex.def)             Requested size: 1173.38087pt x 830.09924pt.
File: figures/annexe/ELEC/Schematic_SP02_sequenceur_Maxou_2026-03-23.pdf Graphic file (type pdf)
<use figures/annexe/ELEC/Schematic_SP02_sequenceur_Maxou_2026-03-23.pdf, page 1>
Package pdftex.def Info: figures/annexe/ELEC/Schematic_SP02_sequenceur_Maxou_2026-03-23.pdf , page1 used on input line 48.
(pdftex.def)             Requested size: 1173.38087pt x 830.09924pt.


File: figures/AEROIPSA_HEADER.png Graphic file (type png)
<use figures/AEROIPSA_HEADER.png>
Package pdftex.def Info: figures/AEROIPSA_HEADER.png  used on input line 48.
(pdftex.def)             Requested size: 407.72343pt x 35.56593pt.
File: figures/AEROIPSA_FOOTER.png Graphic file (type png)
<use figures/AEROIPSA_FOOTER.png>
Package pdftex.def Info: figures/AEROIPSA_FOOTER.png  used on input line 48.
(pdftex.def)             Requested size: 111.47331pt x 35.56593pt.
File: figures/annexe/ELEC/Schematic_SP02_sequenceur_Maxou_2026-03-23.pdf Graphic file (type pdf)
<use figures/annexe/ELEC/Schematic_SP02_sequenceur_Maxou_2026-03-23.pdf, page 1>
Package pdftex.def Info: figures/annexe/ELEC/Schematic_SP02_sequenceur_Maxou_2026-03-23.pdf , page1 used on input line 48.
(pdftex.def)             Requested size: 1173.38087pt x 830.09924pt.
[79

 <./figures/annexe/ELEC/Schematic_SP02_sequenceur_Maxou_2026-03-23.pdf>]
<figures/annexe/ELEC/Schematic_SP02_sequenceur_Maxou_2026-03-23.pdf, id=1960, page=2, 1173.38374pt x 830.0009pt>
File: figures/annexe/ELEC/Schematic_SP02_sequenceur_Maxou_2026-03-23.pdf Graphic file (type pdf)
<use figures/annexe/ELEC/Schematic_SP02_sequenceur_Maxou_2026-03-23.pdf, page 2>
Package pdftex.def Info: figures/annexe/ELEC/Schematic_SP02_sequenceur_Maxou_2026-03-23.pdf , page2 used on input line 48.
(pdftex.def)             Requested size: 1173.38087pt x 829.99887pt.
File: figures/annexe/ELEC/Schematic_SP02_sequenceur_Maxou_2026-03-23.pdf Graphic file (type pdf)
<use figures/annexe/ELEC/Schematic_SP02_sequenceur_Maxou_2026-03-23.pdf, page 2>
Package pdftex.def Info: figures/annexe/ELEC/Schematic_SP02_sequenceur_Maxou_2026-03-23.pdf , page2 used on input line 48.
(pdftex.def)             Requested size: 1173.38087pt x 829.99887pt.


File: figures/AEROIPSA_HEADER.png Graphic file (type png)
<use figures/AEROIPSA_HEADER.png>
Package pdftex.def Info: figures/AEROIPSA_HEADER.png  used on input line 48.
(pdftex.def)             Requested size: 407.72343pt x 35.56593pt.
File: figures/AEROIPSA_FOOTER.png Graphic file (type png)
<use figures/AEROIPSA_FOOTER.png>
Package pdftex.def Info: figures/AEROIPSA_FOOTER.png  used on input line 48.
(pdftex.def)             Requested size: 111.47331pt x 35.56593pt.
File: figures/annexe/ELEC/Schematic_SP02_sequenceur_Maxou_2026-03-23.pdf Graphic file (type pdf)
<use figures/annexe/ELEC/Schematic_SP02_sequenceur_Maxou_2026-03-23.pdf, page 2>
Package pdftex.def Info: figures/annexe/ELEC/Schematic_SP02_sequenceur_Maxou_2026-03-23.pdf , page2 used on input line 48.
(pdftex.def)             Requested size: 1173.38087pt x 829.99887pt.
[80

 <./figures/annexe/ELEC/Schematic_SP02_sequenceur_Maxou_2026-03-23.pdf>]

Package pdfpages Warning: Option `page' is unknow to \includepdf.
(pdfpages)                Did you mean `pages'? (Note the `s'!)
(pdfpages)                OK, I'll proceed as if it were `pages'.

<figures/annexe/ELEC/Schematic_SP02_IHM_2_2026-03-23.pdf, id=1966, 1173.38374pt x 830.10126pt>
File: figures/annexe/ELEC/Schematic_SP02_IHM_2_2026-03-23.pdf Graphic file (type pdf)
<use figures/annexe/ELEC/Schematic_SP02_IHM_2_2026-03-23.pdf>
Package pdftex.def Info: figures/annexe/ELEC/Schematic_SP02_IHM_2_2026-03-23.pdf  used on input line 49.
(pdftex.def)             Requested size: 1173.38087pt x 830.09924pt.
<figures/annexe/ELEC/Schematic_SP02_IHM_2_2026-03-23.pdf, id=1968, page=1, 1173.38374pt x 830.10126pt>
File: figures/annexe/ELEC/Schematic_SP02_IHM_2_2026-03-23.pdf Graphic file (type pdf)
<use figures/annexe/ELEC/Schematic_SP02_IHM_2_2026-03-23.pdf, page 1>
Package pdftex.def Info: figures/annexe/ELEC/Schematic_SP02_IHM_2_2026-03-23.pdf , page1 used on input line 49.
(pdftex.def)             Requested size: 1173.38087pt x 830.09924pt.
File: figures/annexe/ELEC/Schematic_SP02_IHM_2_2026-03-23.pdf Graphic file (type pdf)
<use figures/annexe/ELEC/Schematic_SP02_IHM_2_2026-03-23.pdf, page 1>
Package pdftex.def Info: figures/annexe/ELEC/Schematic_SP02_IHM_2_2026-03-23.pdf , page1 used on input line 49.
(pdftex.def)             Requested size: 1173.38087pt x 830.09924pt.
File: figures/annexe/ELEC/Schematic_SP02_IHM_2_2026-03-23.pdf Graphic file (type pdf)
<use figures/annexe/ELEC/Schematic_SP02_IHM_2_2026-03-23.pdf, page 1>
Package pdftex.def Info: figures/annexe/ELEC/Schematic_SP02_IHM_2_2026-03-23.pdf , page1 used on input line 49.
(pdftex.def)             Requested size: 1173.38087pt x 830.09924pt.
File: figures/annexe/ELEC/Schematic_SP02_IHM_2_2026-03-23.pdf Graphic file (type pdf)
<use figures/annexe/ELEC/Schematic_SP02_IHM_2_2026-03-23.pdf, page 1>
Package pdftex.def Info: figures/annexe/ELEC/Schematic_SP02_IHM_2_2026-03-23.pdf , page1 used on input line 49.
(pdftex.def)             Requested size: 1173.38087pt x 830.09924pt.


File: figures/AEROIPSA_HEADER.png Graphic file (type png)
<use figures/AEROIPSA_HEADER.png>
Package pdftex.def Info: figures/AEROIPSA_HEADER.png  used on input line 49.
(pdftex.def)             Requested size: 407.72343pt x 35.56593pt.
File: figures/AEROIPSA_FOOTER.png Graphic file (type png)
<use figures/AEROIPSA_FOOTER.png>
Package pdftex.def Info: figures/AEROIPSA_FOOTER.png  used on input line 49.
(pdftex.def)             Requested size: 111.47331pt x 35.56593pt.
File: figures/annexe/ELEC/Schematic_SP02_IHM_2_2026-03-23.pdf Graphic file (type pdf)
<use figures/annexe/ELEC/Schematic_SP02_IHM_2_2026-03-23.pdf, page 1>
Package pdftex.def Info: figures/annexe/ELEC/Schematic_SP02_IHM_2_2026-03-23.pdf , page1 used on input line 49.
(pdftex.def)             Requested size: 1173.38087pt x 830.09924pt.
[81

 <./figures/annexe/ELEC/Schematic_SP02_IHM_2_2026-03-23.pdf>]

Package pdfpages Warning: Option `page' is unknow to \includepdf.
(pdfpages)                Did you mean `pages'? (Note the `s'!)
(pdfpages)                OK, I'll proceed as if it were `pages'.

<figures/annexe/ELEC/Schematic_SP02_Allumage_4_main_2026-04-27.pdf, id=1987, 1173.38374pt x 830.60312pt>
File: figures/annexe/ELEC/Schematic_SP02_Allumage_4_main_2026-04-27.pdf Graphic file (type pdf)
<use figures/annexe/ELEC/Schematic_SP02_Allumage_4_main_2026-04-27.pdf>
Package pdftex.def Info: figures/annexe/ELEC/Schematic_SP02_Allumage_4_main_2026-04-27.pdf  used on input line 50.
(pdftex.def)             Requested size: 1173.38087pt x 830.60109pt.
<figures/annexe/ELEC/Schematic_SP02_Allumage_4_main_2026-04-27.pdf, id=1989, page=1, 1173.38374pt x 830.60312pt>
File: figures/annexe/ELEC/Schematic_SP02_Allumage_4_main_2026-04-27.pdf Graphic file (type pdf)
<use figures/annexe/ELEC/Schematic_SP02_Allumage_4_main_2026-04-27.pdf, page 1>
Package pdftex.def Info: figures/annexe/ELEC/Schematic_SP02_Allumage_4_main_2026-04-27.pdf , page1 used on input line 50.
(pdftex.def)             Requested size: 1173.38087pt x 830.60109pt.
File: figures/annexe/ELEC/Schematic_SP02_Allumage_4_main_2026-04-27.pdf Graphic file (type pdf)
<use figures/annexe/ELEC/Schematic_SP02_Allumage_4_main_2026-04-27.pdf, page 1>
Package pdftex.def Info: figures/annexe/ELEC/Schematic_SP02_Allumage_4_main_2026-04-27.pdf , page1 used on input line 50.
(pdftex.def)             Requested size: 1173.38087pt x 830.60109pt.
File: figures/annexe/ELEC/Schematic_SP02_Allumage_4_main_2026-04-27.pdf Graphic file (type pdf)
<use figures/annexe/ELEC/Schematic_SP02_Allumage_4_main_2026-04-27.pdf, page 1>
Package pdftex.def Info: figures/annexe/ELEC/Schematic_SP02_Allumage_4_main_2026-04-27.pdf , page1 used on input line 50.
(pdftex.def)             Requested size: 1173.38087pt x 830.60109pt.
File: figures/annexe/ELEC/Schematic_SP02_Allumage_4_main_2026-04-27.pdf Graphic file (type pdf)
<use figures/annexe/ELEC/Schematic_SP02_Allumage_4_main_2026-04-27.pdf, page 1>
Package pdftex.def Info: figures/annexe/ELEC/Schematic_SP02_Allumage_4_main_2026-04-27.pdf , page1 used on input line 50.
(pdftex.def)             Requested size: 1173.38087pt x 830.60109pt.


File: figures/AEROIPSA_HEADER.png Graphic file (type png)
<use figures/AEROIPSA_HEADER.png>
Package pdftex.def Info: figures/AEROIPSA_HEADER.png  used on input line 50.
(pdftex.def)             Requested size: 407.72343pt x 35.56593pt.
File: figures/AEROIPSA_FOOTER.png Graphic file (type png)
<use figures/AEROIPSA_FOOTER.png>
Package pdftex.def Info: figures/AEROIPSA_FOOTER.png  used on input line 50.
(pdftex.def)             Requested size: 111.47331pt x 35.56593pt.
File: figures/annexe/ELEC/Schematic_SP02_Allumage_4_main_2026-04-27.pdf Graphic file (type pdf)
<use figures/annexe/ELEC/Schematic_SP02_Allumage_4_main_2026-04-27.pdf, page 1>
Package pdftex.def Info: figures/annexe/ELEC/Schematic_SP02_Allumage_4_main_2026-04-27.pdf , page1 used on input line 50.
(pdftex.def)             Requested size: 1173.38087pt x 830.60109pt.
[82

 <./figures/annexe/ELEC/Schematic_SP02_Allumage_4_main_2026-04-27.pdf>]

Package pdfpages Warning: Option `page' is unknow to \includepdf.
(pdfpages)                Did you mean `pages'? (Note the `s'!)
(pdfpages)                OK, I'll proceed as if it were `pages'.

<figures/annexe/ELEC/Schematic_SP02_Allumage_2_Condo_2026-03-23.pdf, id=2006, 1173.38374pt x 830.10126pt>
File: figures/annexe/ELEC/Schematic_SP02_Allumage_2_Condo_2026-03-23.pdf Graphic file (type pdf)
<use figures/annexe/ELEC/Schematic_SP02_Allumage_2_Condo_2026-03-23.pdf>
Package pdftex.def Info: figures/annexe/ELEC/Schematic_SP02_Allumage_2_Condo_2026-03-23.pdf  used on input line 51.
(pdftex.def)             Requested size: 1173.38087pt x 830.09924pt.
<figures/annexe/ELEC/Schematic_SP02_Allumage_2_Condo_2026-03-23.pdf, id=2008, page=1, 1173.38374pt x 830.10126pt>
File: figures/annexe/ELEC/Schematic_SP02_Allumage_2_Condo_2026-03-23.pdf Graphic file (type pdf)
<use figures/annexe/ELEC/Schematic_SP02_Allumage_2_Condo_2026-03-23.pdf, page 1>
Package pdftex.def Info: figures/annexe/ELEC/Schematic_SP02_Allumage_2_Condo_2026-03-23.pdf , page1 used on input line 51.
(pdftex.def)             Requested size: 1173.38087pt x 830.09924pt.
File: figures/annexe/ELEC/Schematic_SP02_Allumage_2_Condo_2026-03-23.pdf Graphic file (type pdf)
<use figures/annexe/ELEC/Schematic_SP02_Allumage_2_Condo_2026-03-23.pdf, page 1>
Package pdftex.def Info: figures/annexe/ELEC/Schematic_SP02_Allumage_2_Condo_2026-03-23.pdf , page1 used on input line 51.
(pdftex.def)             Requested size: 1173.38087pt x 830.09924pt.
File: figures/annexe/ELEC/Schematic_SP02_Allumage_2_Condo_2026-03-23.pdf Graphic file (type pdf)
<use figures/annexe/ELEC/Schematic_SP02_Allumage_2_Condo_2026-03-23.pdf, page 1>
Package pdftex.def Info: figures/annexe/ELEC/Schematic_SP02_Allumage_2_Condo_2026-03-23.pdf , page1 used on input line 51.
(pdftex.def)             Requested size: 1173.38087pt x 830.09924pt.
File: figures/annexe/ELEC/Schematic_SP02_Allumage_2_Condo_2026-03-23.pdf Graphic file (type pdf)
<use figures/annexe/ELEC/Schematic_SP02_Allumage_2_Condo_2026-03-23.pdf, page 1>
Package pdftex.def Info: figures/annexe/ELEC/Schematic_SP02_Allumage_2_Condo_2026-03-23.pdf , page1 used on input line 51.
(pdftex.def)             Requested size: 1173.38087pt x 830.09924pt.


File: figures/AEROIPSA_HEADER.png Graphic file (type png)
<use figures/AEROIPSA_HEADER.png>
Package pdftex.def Info: figures/AEROIPSA_HEADER.png  used on input line 51.
(pdftex.def)             Requested size: 407.72343pt x 35.56593pt.
File: figures/AEROIPSA_FOOTER.png Graphic file (type png)
<use figures/AEROIPSA_FOOTER.png>
Package pdftex.def Info: figures/AEROIPSA_FOOTER.png  used on input line 51.
(pdftex.def)             Requested size: 111.47331pt x 35.56593pt.
File: figures/annexe/ELEC/Schematic_SP02_Allumage_2_Condo_2026-03-23.pdf Graphic file (type pdf)
<use figures/annexe/ELEC/Schematic_SP02_Allumage_2_Condo_2026-03-23.pdf, page 1>
Package pdftex.def Info: figures/annexe/ELEC/Schematic_SP02_Allumage_2_Condo_2026-03-23.pdf , page1 used on input line 51.
(pdftex.def)             Requested size: 1173.38087pt x 830.09924pt.
[83

 <./figures/annexe/ELEC/Schematic_SP02_Allumage_2_Condo_2026-03-23.pdf>]

Package pdfpages Warning: Option `page' is unknow to \includepdf.
(pdfpages)                Did you mean `pages'? (Note the `s'!)
(pdfpages)                OK, I'll proceed as if it were `pages'.

<figures/annexe/ELEC/Schematic_SP02_CONNECTION_SEPA_2026-03-23.pdf, id=2022, 1173.38374pt x 830.10126pt>
File: figures/annexe/ELEC/Schematic_SP02_CONNECTION_SEPA_2026-03-23.pdf Graphic file (type pdf)
<use figures/annexe/ELEC/Schematic_SP02_CONNECTION_SEPA_2026-03-23.pdf>
Package pdftex.def Info: figures/annexe/ELEC/Schematic_SP02_CONNECTION_SEPA_2026-03-23.pdf  used on input line 52.
(pdftex.def)             Requested size: 1173.38087pt x 830.09924pt.
<figures/annexe/ELEC/Schematic_SP02_CONNECTION_SEPA_2026-03-23.pdf, id=2024, page=1, 1173.38374pt x 830.10126pt>
File: figures/annexe/ELEC/Schematic_SP02_CONNECTION_SEPA_2026-03-23.pdf Graphic file (type pdf)
<use figures/annexe/ELEC/Schematic_SP02_CONNECTION_SEPA_2026-03-23.pdf, page 1>
Package pdftex.def Info: figures/annexe/ELEC/Schematic_SP02_CONNECTION_SEPA_2026-03-23.pdf , page1 used on input line 52.
(pdftex.def)             Requested size: 1173.38087pt x 830.09924pt.
File: figures/annexe/ELEC/Schematic_SP02_CONNECTION_SEPA_2026-03-23.pdf Graphic file (type pdf)
<use figures/annexe/ELEC/Schematic_SP02_CONNECTION_SEPA_2026-03-23.pdf, page 1>
Package pdftex.def Info: figures/annexe/ELEC/Schematic_SP02_CONNECTION_SEPA_2026-03-23.pdf , page1 used on input line 52.
(pdftex.def)             Requested size: 1173.38087pt x 830.09924pt.
File: figures/annexe/ELEC/Schematic_SP02_CONNECTION_SEPA_2026-03-23.pdf Graphic file (type pdf)
<use figures/annexe/ELEC/Schematic_SP02_CONNECTION_SEPA_2026-03-23.pdf, page 1>
Package pdftex.def Info: figures/annexe/ELEC/Schematic_SP02_CONNECTION_SEPA_2026-03-23.pdf , page1 used on input line 52.
(pdftex.def)             Requested size: 1173.38087pt x 830.09924pt.
File: figures/annexe/ELEC/Schematic_SP02_CONNECTION_SEPA_2026-03-23.pdf Graphic file (type pdf)
<use figures/annexe/ELEC/Schematic_SP02_CONNECTION_SEPA_2026-03-23.pdf, page 1>
Package pdftex.def Info: figures/annexe/ELEC/Schematic_SP02_CONNECTION_SEPA_2026-03-23.pdf , page1 used on input line 52.
(pdftex.def)             Requested size: 1173.38087pt x 830.09924pt.


File: figures/AEROIPSA_HEADER.png Graphic file (type png)
<use figures/AEROIPSA_HEADER.png>
Package pdftex.def Info: figures/AEROIPSA_HEADER.png  used on input line 52.
(pdftex.def)             Requested size: 407.72343pt x 35.56593pt.
File: figures/AEROIPSA_FOOTER.png Graphic file (type png)
<use figures/AEROIPSA_FOOTER.png>
Package pdftex.def Info: figures/AEROIPSA_FOOTER.png  used on input line 52.
(pdftex.def)             Requested size: 111.47331pt x 35.56593pt.
File: figures/annexe/ELEC/Schematic_SP02_CONNECTION_SEPA_2026-03-23.pdf Graphic file (type pdf)
<use figures/annexe/ELEC/Schematic_SP02_CONNECTION_SEPA_2026-03-23.pdf, page 1>
Package pdftex.def Info: figures/annexe/ELEC/Schematic_SP02_CONNECTION_SEPA_2026-03-23.pdf , page1 used on input line 52.
(pdftex.def)             Requested size: 1173.38087pt x 830.09924pt.
[84

 <./figures/annexe/ELEC/Schematic_SP02_CONNECTION_SEPA_2026-03-23.pdf>]

Package pdfpages Warning: Option `page' is unknow to \includepdf.
(pdfpages)                Did you mean `pages'? (Note the `s'!)
(pdfpages)                OK, I'll proceed as if it were `pages'.

<figures/annexe/ELEC/Schematic_SP02_ROUTEUR_2026-03-23.pdf, id=2038, 1173.38374pt x 831.20535pt>
File: figures/annexe/ELEC/Schematic_SP02_ROUTEUR_2026-03-23.pdf Graphic file (type pdf)
<use figures/annexe/ELEC/Schematic_SP02_ROUTEUR_2026-03-23.pdf>
Package pdftex.def Info: figures/annexe/ELEC/Schematic_SP02_ROUTEUR_2026-03-23.pdf  used on input line 53.
(pdftex.def)             Requested size: 1173.38087pt x 831.20332pt.
<figures/annexe/ELEC/Schematic_SP02_ROUTEUR_2026-03-23.pdf, id=2040, page=1, 1173.38374pt x 831.20535pt>
File: figures/annexe/ELEC/Schematic_SP02_ROUTEUR_2026-03-23.pdf Graphic file (type pdf)
<use figures/annexe/ELEC/Schematic_SP02_ROUTEUR_2026-03-23.pdf, page 1>
Package pdftex.def Info: figures/annexe/ELEC/Schematic_SP02_ROUTEUR_2026-03-23.pdf , page1 used on input line 53.
(pdftex.def)             Requested size: 1173.38087pt x 831.20332pt.
File: figures/annexe/ELEC/Schematic_SP02_ROUTEUR_2026-03-23.pdf Graphic file (type pdf)
<use figures/annexe/ELEC/Schematic_SP02_ROUTEUR_2026-03-23.pdf, page 1>
Package pdftex.def Info: figures/annexe/ELEC/Schematic_SP02_ROUTEUR_2026-03-23.pdf , page1 used on input line 53.
(pdftex.def)             Requested size: 1173.38087pt x 831.20332pt.
File: figures/annexe/ELEC/Schematic_SP02_ROUTEUR_2026-03-23.pdf Graphic file (type pdf)
<use figures/annexe/ELEC/Schematic_SP02_ROUTEUR_2026-03-23.pdf, page 1>
Package pdftex.def Info: figures/annexe/ELEC/Schematic_SP02_ROUTEUR_2026-03-23.pdf , page1 used on input line 53.
(pdftex.def)             Requested size: 1173.38087pt x 831.20332pt.
File: figures/annexe/ELEC/Schematic_SP02_ROUTEUR_2026-03-23.pdf Graphic file (type pdf)
<use figures/annexe/ELEC/Schematic_SP02_ROUTEUR_2026-03-23.pdf, page 1>
Package pdftex.def Info: figures/annexe/ELEC/Schematic_SP02_ROUTEUR_2026-03-23.pdf , page1 used on input line 53.
(pdftex.def)             Requested size: 1173.38087pt x 831.20332pt.


File: figures/AEROIPSA_HEADER.png Graphic file (type png)
<use figures/AEROIPSA_HEADER.png>
Package pdftex.def Info: figures/AEROIPSA_HEADER.png  used on input line 53.
(pdftex.def)             Requested size: 407.72343pt x 35.56593pt.
File: figures/AEROIPSA_FOOTER.png Graphic file (type png)
<use figures/AEROIPSA_FOOTER.png>
Package pdftex.def Info: figures/AEROIPSA_FOOTER.png  used on input line 53.
(pdftex.def)             Requested size: 111.47331pt x 35.56593pt.
File: figures/annexe/ELEC/Schematic_SP02_ROUTEUR_2026-03-23.pdf Graphic file (type pdf)
<use figures/annexe/ELEC/Schematic_SP02_ROUTEUR_2026-03-23.pdf, page 1>
Package pdftex.def Info: figures/annexe/ELEC/Schematic_SP02_ROUTEUR_2026-03-23.pdf , page1 used on input line 53.
(pdftex.def)             Requested size: 1173.38087pt x 831.20332pt.
[85

 <./figures/annexe/ELEC/Schematic_SP02_ROUTEUR_2026-03-23.pdf>])

Package glossaries Warning: entry `GPS' indexing changed since previous run (or no previous run) on input line 306.


Package glossaries Warning: entry `IoT' indexing changed since previous run (or no previous run) on input line 306.


Package glossaries Warning: Rerun required to get \printnoidxglossary up to date on input line 306.


enddocument/afterlastpage (AED): lastpage setting LastPage.
(DossierSuivi_SP02.aux)
 ***********
LaTeX2e <2025-06-01> patch level 1
L3 programming layer <2025-09-02>
 ***********


LaTeX Warning: There were undefined references.


LaTeX Warning: There were multiply-defined labels.

Package rerunfilecheck Info: File `DossierSuivi_SP02.out' has not changed.
(rerunfilecheck)             Checksum: D6F4B89F8ABB087E04F516D9916EAE94;17269.
 ) 
Here is how much of TeX's memory you used:
 43912 strings out of 468129
 904892 string characters out of 5430612
 1401744 words of memory out of 5000000
 71405 multiletter control sequences out of 15000+600000
 690574 words of font info for 73 fonts, out of 8000000 for 9000
 1143 hyphenation exceptions out of 8191
 84i,22n,91p,2582b,1001s stack positions out of 10000i,1000n,20000p,200000b,200000s

pdfTeX warning (dest): name{glo:IoT} has been referenced but does not exist, replaced by a fixed one


pdfTeX warning (dest): name{glo:GPS} has been referenced but does not exist, replaced by a fixed one

<C:/Users/alexi/AppData/Local/Programs/MiKTeX/fonts/type1/public/lm/lmb10.pfb><C:/Users/alexi/AppData/Local/Programs/MiKTeX/fonts/type1/public/lm/lmcsc10.pfb><C:/Users/alexi/AppData/Local/Programs/MiKTeX/fonts/type1/public/lm/lmex10.pfb><C:/Users/alexi/AppData/Local/Programs/MiKTeX/fonts/type1/public/lm/lmmi10.pfb><C:/Users/alexi/AppData/Local/Programs/MiKTeX/fonts/type1/public/lm/lmmi5.pfb><C:/Users/alexi/AppData/Local/Programs/MiKTeX/fonts/type1/public/lm/lmmi7.pfb><C:/Users/alexi/AppData/Local/Programs/MiKTeX/fonts/type1/public/lm/lmr10.pfb><C:/Users/alexi/AppData/Local/Programs/MiKTeX/fonts/type1/public/lm/lmr12.pfb><C:/Users/alexi/AppData/Local/Programs/MiKTeX/fonts/type1/public/lm/lmr5.pfb><C:/Users/alexi/AppData/Local/Programs/MiKTeX/fonts/type1/public/lm/lmr7.pfb><C:/Users/alexi/AppData/Local/Programs/MiKTeX/fonts/type1/public/lm/lmr8.pfb><C:/Users/alexi/AppData/Local/Programs/MiKTeX/fonts/type1/public/lm/lmr9.pfb><C:/Users/alexi/AppData/Local/Programs/MiKTeX/fonts/type1/public/lm/lmri10.pfb><C:/Users/alexi/AppData/Local/Programs/MiKTeX/fonts/type1/public/lm/lmri8.pfb><C:/Users/alexi/AppData/Local/Programs/MiKTeX/fonts/type1/public/lm/lmsy10.pfb><C:/Users/alexi/AppData/Local/Programs/MiKTeX/fonts/type1/public/lm/lmsy5.pfb><C:/Users/alexi/AppData/Local/Programs/MiKTeX/fonts/type1/public/lm/lmsy7.pfb><C:/Users/alexi/AppData/Local/Programs/MiKTeX/fonts/type1/public/lm/lmtk10.pfb><C:/Users/alexi/AppData/Local/Programs/MiKTeX/fonts/type1/public/lm/lmtt10.pfb>
Output written on DossierSuivi_SP02.pdf (85 pages, 16001762 bytes).
PDF statistics:
 2230 PDF objects out of 2487 (max. 8388607)
 336 named destinations out of 1000 (max. 500000)
 1299 words of extra memory for PDF output out of 10000 (max. 10000000)

