<?xml version="1.0" encoding="UTF-8"?>
<kml xmlns="http://www.opengis.net/kml/2.2" xmlns:gx="http://www.google.com/kml/ext/2.2">
<Document><name>Domaine de vol — Base de lancement de Ger — 211.6°</name><open>1</open>
<Style id="s_cercle"><LineStyle><color>e6ffa022</color><width>2</width></LineStyle><LabelStyle><scale>0</scale></LabelStyle></Style>
<Style id="s_secteur"><LineStyle><color>f20088ff</color><width>2</width></LineStyle><LabelStyle><scale>0</scale></LabelStyle></Style>
<Style id="s_limites"><LineStyle><color>f2ffffff</color><width>3</width></LineStyle><LabelStyle><scale>0</scale></LabelStyle></Style>
<Style id="s_zone0"><LineStyle><color>ff00d2ff</color><width>2</width></LineStyle><PolyStyle><color>1f00d2ff</color><fill>1</fill><outline>1</outline></PolyStyle><LabelStyle><scale>0</scale></LabelStyle></Style>
<Style id="s_zone0_v"><LineStyle><color>ff00d2ff</color><width>2</width></LineStyle><PolyStyle><color>2600d2ff</color><fill>1</fill><outline>1</outline></PolyStyle><LabelStyle><scale>0</scale></LabelStyle></Style>
<Style id="s_zone0_l"><LineStyle><color>e600d2ff</color><width>2</width></LineStyle><LabelStyle><scale>0</scale></LabelStyle></Style>
<Style id="s_zone1"><LineStyle><color>ff0000ff</color><width>2</width></LineStyle><PolyStyle><color>330000ff</color><fill>1</fill><outline>1</outline></PolyStyle><LabelStyle><scale>0</scale></LabelStyle></Style>
<Style id="s_zone1_v"><LineStyle><color>ff0000ff</color><width>2</width></LineStyle><PolyStyle><color>260000ff</color><fill>1</fill><outline>1</outline></PolyStyle><LabelStyle><scale>0</scale></LabelStyle></Style>
<Style id="s_zone1_l"><LineStyle><color>e60000ff</color><width>2</width></LineStyle><LabelStyle><scale>0</scale></LabelStyle></Style>
<Style id="s_dom0"><LineStyle><color>ff0000ff</color><width>2</width></LineStyle><PolyStyle><color>470000ff</color><fill>1</fill><outline>1</outline></PolyStyle><LabelStyle><scale>0</scale></LabelStyle></Style>
<Style id="s_dom0_v"><LineStyle><color>ff0000ff</color><width>2</width></LineStyle><PolyStyle><color>260000ff</color><fill>1</fill><outline>1</outline></PolyStyle><LabelStyle><scale>0</scale></LabelStyle></Style>
<Style id="s_dom0_l"><LineStyle><color>f20000ff</color><width>2</width></LineStyle><LabelStyle><scale>0</scale></LabelStyle></Style>
<Style id="s_dom1"><LineStyle><color>ff00ff00</color><width>2</width></LineStyle><PolyStyle><color>4700ff00</color><fill>1</fill><outline>1</outline></PolyStyle><LabelStyle><scale>0</scale></LabelStyle></Style>
<Style id="s_dom1_v"><LineStyle><color>ff00ff00</color><width>2</width></LineStyle><PolyStyle><color>2600ff00</color><fill>1</fill><outline>1</outline></PolyStyle><LabelStyle><scale>0</scale></LabelStyle></Style>
<Style id="s_dom1_l"><LineStyle><color>f200ff00</color><width>2</width></LineStyle><LabelStyle><scale>0</scale></LabelStyle></Style>
<Style id="s_dom2"><LineStyle><color>ffff0000</color><width>2</width></LineStyle><PolyStyle><color>47ff0000</color><fill>1</fill><outline>1</outline></PolyStyle><LabelStyle><scale>0</scale></LabelStyle></Style>
<Style id="s_dom2_v"><LineStyle><color>ffff0000</color><width>2</width></LineStyle><PolyStyle><color>26ff0000</color><fill>1</fill><outline>1</outline></PolyStyle><LabelStyle><scale>0</scale></LabelStyle></Style>
<Style id="s_dom2_l"><LineStyle><color>f2ff0000</color><width>2</width></LineStyle><LabelStyle><scale>0</scale></LabelStyle></Style>
<Style id="s_dom3"><LineStyle><color>ffffff00</color><width>2</width></LineStyle><PolyStyle><color>47ffff00</color><fill>1</fill><outline>1</outline></PolyStyle><LabelStyle><scale>0</scale></LabelStyle></Style>
<Style id="s_dom3_v"><LineStyle><color>ffffff00</color><width>2</width></LineStyle><PolyStyle><color>26ffff00</color><fill>1</fill><outline>1</outline></PolyStyle><LabelStyle><scale>0</scale></LabelStyle></Style>
<Style id="s_dom3_l"><LineStyle><color>f2ffff00</color><width>2</width></LineStyle><LabelStyle><scale>0</scale></LabelStyle></Style>
<Style id="s_v0_0"><LineStyle><color>ff0000ff</color><width>3</width></LineStyle><PolyStyle><color>590000ff</color><fill>1</fill><outline>0</outline></PolyStyle><LabelStyle><scale>0</scale></LabelStyle></Style>
<Style id="s_v0_0_m"><LineStyle><color>590000ff</color><width>1.5</width></LineStyle><LabelStyle><scale>0</scale></LabelStyle></Style>
<Style id="s_v0_1"><LineStyle><color>ff0000ff</color><width>3</width></LineStyle><PolyStyle><color>590000ff</color><fill>1</fill><outline>0</outline></PolyStyle><LabelStyle><scale>0</scale></LabelStyle></Style>
<Style id="s_v0_1_m"><LineStyle><color>590000ff</color><width>1.5</width></LineStyle><LabelStyle><scale>0</scale></LabelStyle></Style>
<Style id="s_v0_2"><LineStyle><color>ff0000ff</color><width>3</width></LineStyle><PolyStyle><color>590000ff</color><fill>1</fill><outline>0</outline></PolyStyle><LabelStyle><scale>0</scale></LabelStyle></Style>
<Style id="s_v0_2_m"><LineStyle><color>590000ff</color><width>1.5</width></LineStyle><LabelStyle><scale>0</scale></LabelStyle></Style>
<Style id="s_v0_3"><LineStyle><color>ff0000ff</color><width>3</width></LineStyle><PolyStyle><color>590000ff</color><fill>1</fill><outline>0</outline></PolyStyle><LabelStyle><scale>0</scale></LabelStyle></Style>
<Style id="s_v0_3_m"><LineStyle><color>590000ff</color><width>1.5</width></LineStyle><LabelStyle><scale>0</scale></LabelStyle></Style>
<Style id="s_v1_0"><LineStyle><color>ff00ff00</color><width>3</width></LineStyle><PolyStyle><color>5900ff00</color><fill>1</fill><outline>0</outline></PolyStyle><LabelStyle><scale>0</scale></LabelStyle></Style>
<Style id="s_v1_0_m"><LineStyle><color>5900ff00</color><width>1.5</width></LineStyle><LabelStyle><scale>0</scale></LabelStyle></Style>
<Style id="s_v1_1"><LineStyle><color>ff00ff00</color><width>3</width></LineStyle><PolyStyle><color>5900ff00</color><fill>1</fill><outline>0</outline></PolyStyle><LabelStyle><scale>0</scale></LabelStyle></Style>
<Style id="s_v1_1_m"><LineStyle><color>5900ff00</color><width>1.5</width></LineStyle><LabelStyle><scale>0</scale></LabelStyle></Style>
<Style id="s_v1_2"><LineStyle><color>ff00ff00</color><width>3</width></LineStyle><PolyStyle><color>5900ff00</color><fill>1</fill><outline>0</outline></PolyStyle><LabelStyle><scale>0</scale></LabelStyle></Style>
<Style id="s_v1_2_m"><LineStyle><color>5900ff00</color><width>1.5</width></LineStyle><LabelStyle><scale>0</scale></LabelStyle></Style>
<Style id="s_v1_3"><LineStyle><color>ff00ff00</color><width>3</width></LineStyle><PolyStyle><color>5900ff00</color><fill>1</fill><outline>0</outline></PolyStyle><LabelStyle><scale>0</scale></LabelStyle></Style>
<Style id="s_v1_3_m"><LineStyle><color>5900ff00</color><width>1.5</width></LineStyle><LabelStyle><scale>0</scale></LabelStyle></Style>
<Style id="s_v2_0"><LineStyle><color>ffff0000</color><width>3</width></LineStyle><PolyStyle><color>59ff0000</color><fill>1</fill><outline>0</outline></PolyStyle><LabelStyle><scale>0</scale></LabelStyle></Style>
<Style id="s_v2_0_m"><LineStyle><color>59ff0000</color><width>1.5</width></LineStyle><LabelStyle><scale>0</scale></LabelStyle></Style>
<Style id="s_v2_1"><LineStyle><color>ffff0000</color><width>3</width></LineStyle><PolyStyle><color>59ff0000</color><fill>1</fill><outline>0</outline></PolyStyle><LabelStyle><scale>0</scale></LabelStyle></Style>
<Style id="s_v2_1_m"><LineStyle><color>59ff0000</color><width>1.5</width></LineStyle><LabelStyle><scale>0</scale></LabelStyle></Style>
<Style id="s_v2_2"><LineStyle><color>ffff0000</color><width>3</width></LineStyle><PolyStyle><color>59ff0000</color><fill>1</fill><outline>0</outline></PolyStyle><LabelStyle><scale>0</scale></LabelStyle></Style>
<Style id="s_v2_2_m"><LineStyle><color>59ff0000</color><width>1.5</width></LineStyle><LabelStyle><scale>0</scale></LabelStyle></Style>
<Style id="s_v2_3"><LineStyle><color>ffff0000</color><width>3</width></LineStyle><PolyStyle><color>59ff0000</color><fill>1</fill><outline>0</outline></PolyStyle><LabelStyle><scale>0</scale></LabelStyle></Style>
<Style id="s_v2_3_m"><LineStyle><color>59ff0000</color><width>1.5</width></LineStyle><LabelStyle><scale>0</scale></LabelStyle></Style>
<Style id="s_v3_0"><LineStyle><color>ff00ffff</color><width>3</width></LineStyle><PolyStyle><color>5900ffff</color><fill>1</fill><outline>0</outline></PolyStyle><LabelStyle><scale>0</scale></LabelStyle></Style>
<Style id="s_v3_0_m"><LineStyle><color>5900ffff</color><width>1.5</width></LineStyle><LabelStyle><scale>0</scale></LabelStyle></Style>
<Style id="s_v3_1"><LineStyle><color>ff00ffff</color><width>3</width></LineStyle><PolyStyle><color>5900ffff</color><fill>1</fill><outline>0</outline></PolyStyle><LabelStyle><scale>0</scale></LabelStyle></Style>
<Style id="s_v3_1_m"><LineStyle><color>5900ffff</color><width>1.5</width></LineStyle><LabelStyle><scale>0</scale></LabelStyle></Style>
<Style id="s_v3_2"><LineStyle><color>ff00ffff</color><width>3</width></LineStyle><PolyStyle><color>5900ffff</color><fill>1</fill><outline>0</outline></PolyStyle><LabelStyle><scale>0</scale></LabelStyle></Style>
<Style id="s_v3_2_m"><LineStyle><color>5900ffff</color><width>1.5</width></LineStyle><LabelStyle><scale>0</scale></LabelStyle></Style>
<Style id="s_v3_3"><LineStyle><color>ff00ffff</color><width>3</width></LineStyle><PolyStyle><color>5900ffff</color><fill>1</fill><outline>0</outline></PolyStyle><LabelStyle><scale>0</scale></LabelStyle></Style>
<Style id="s_v3_3_m"><LineStyle><color>5900ffff</color><width>1.5</width></LineStyle><LabelStyle><scale>0</scale></LabelStyle></Style>
<Style id="s_v4_0"><LineStyle><color>ffffff00</color><width>3</width></LineStyle><PolyStyle><color>59ffff00</color><fill>1</fill><outline>0</outline></PolyStyle><LabelStyle><scale>0</scale></LabelStyle></Style>
<Style id="s_v4_0_m"><LineStyle><color>59ffff00</color><width>1.5</width></LineStyle><LabelStyle><scale>0</scale></LabelStyle></Style>
<Style id="s_v4_1"><LineStyle><color>ffffff00</color><width>3</width></LineStyle><PolyStyle><color>59ffff00</color><fill>1</fill><outline>0</outline></PolyStyle><LabelStyle><scale>0</scale></LabelStyle></Style>
<Style id="s_v4_1_m"><LineStyle><color>59ffff00</color><width>1.5</width></LineStyle><LabelStyle><scale>0</scale></LabelStyle></Style>
<Style id="s_v4_2"><LineStyle><color>ffffff00</color><width>3</width></LineStyle><PolyStyle><color>59ffff00</color><fill>1</fill><outline>0</outline></PolyStyle><LabelStyle><scale>0</scale></LabelStyle></Style>
<Style id="s_v4_2_m"><LineStyle><color>59ffff00</color><width>1.5</width></LineStyle><LabelStyle><scale>0</scale></LabelStyle></Style>
<Style id="s_v4_3"><LineStyle><color>ffffff00</color><width>3</width></LineStyle><PolyStyle><color>59ffff00</color><fill>1</fill><outline>0</outline></PolyStyle><LabelStyle><scale>0</scale></LabelStyle></Style>
<Style id="s_v4_3_m"><LineStyle><color>59ffff00</color><width>1.5</width></LineStyle><LabelStyle><scale>0</scale></LabelStyle></Style>
<Folder><name>Zones</name><open>1</open>
<Placemark><name>Périmètre de la base</name><description>Zone « perimetre »&lt;br/&gt;Décor&lt;br/&gt;Surface : 823.2 ha&lt;br/&gt;Plafond : 3000 m</description><styleUrl>#s_zone0</styleUrl><Polygon><extrude>0</extrude><altitudeMode>clampToGround</altitudeMode><outerBoundaryIs><LinearRing><coordinates>-0.07362220,43.22199720,428.96 -0.04529440,43.22611110,428.96 -0.04557500,43.21689440,428.96 -0.04145560,43.20756390,428.96 -0.06411940,43.18800280,428.96 -0.07570280,43.19047780,428.96 -0.07362220,43.22199720,428.96</coordinates></LinearRing></outerBoundaryIs></Polygon></Placemark>
<Placemark><name>Périmètre de la base — arêtes</name><description>Zone « perimetre »&lt;br/&gt;Décor&lt;br/&gt;Surface : 823.2 ha&lt;br/&gt;Plafond : 3000 m</description><styleUrl>#s_zone0_l</styleUrl><MultiGeometry><LineString><altitudeMode>absolute</altitudeMode><coordinates>-0.07362220,43.22199720,428.96 -0.07362220,43.22199720,3428.96</coordinates></LineString><LineString><altitudeMode>absolute</altitudeMode><coordinates>-0.04529440,43.22611110,428.96 -0.04529440,43.22611110,3428.96</coordinates></LineString><LineString><altitudeMode>absolute</altitudeMode><coordinates>-0.04557500,43.21689440,428.96 -0.04557500,43.21689440,3428.96</coordinates></LineString><LineString><altitudeMode>absolute</altitudeMode><coordinates>-0.04145560,43.20756390,428.96 -0.04145560,43.20756390,3428.96</coordinates></LineString><LineString><altitudeMode>absolute</altitudeMode><coordinates>-0.06411940,43.18800280,428.96 -0.06411940,43.18800280,3428.96</coordinates></LineString><LineString><altitudeMode>absolute</altitudeMode><coordinates>-0.07570280,43.19047780,428.96 -0.07570280,43.19047780,3428.96</coordinates></LineString></MultiGeometry></Placemark>
<Placemark><name>Périmètre de la base — plafond</name><description>Plafond à 3000 m au-dessus du sol</description><styleUrl>#s_zone0_l</styleUrl><LineString><altitudeMode>absolute</altitudeMode><coordinates>-0.07362220,43.22199720,3428.96 -0.04529440,43.22611110,3428.96 -0.04557500,43.21689440,3428.96 -0.04145560,43.20756390,3428.96 -0.06411940,43.18800280,3428.96 -0.07570280,43.19047780,3428.96 -0.07362220,43.22199720,3428.96</coordinates></LineString></Placemark>
<Placemark><name>Zone rouge</name><description>Zone « zone_rouge »&lt;br/&gt;Décor&lt;br/&gt;Surface : 69.0 ha</description><styleUrl>#s_zone1</styleUrl><Polygon><extrude>0</extrude><altitudeMode>clampToGround</altitudeMode><outerBoundaryIs><LinearRing><coordinates>-0.06125000,43.20947220,428.96 -0.05688610,43.21667500,428.96 -0.05113610,43.21520000,428.96 -0.05724170,43.20332220,428.96 -0.06070830,43.20362500,428.96 -0.06125000,43.20947220,428.96</coordinates></LinearRing></outerBoundaryIs></Polygon></Placemark>
</Folder>
<Folder><name>Pas de tir</name><open>1</open>
<Placemark><name>Rampe FusEx</name><description>Identifiant : rampe_fusex&lt;br/&gt;Altitude sol : 429 m&lt;br/&gt;&lt;b&gt;Origine d'un domaine&lt;/b&gt;</description><Point><altitudeMode>clampToGround</altitudeMode><coordinates>-0.04733330,43.21843610,428.96</coordinates></Point></Placemark>
<Placemark><name>Rampe Minif</name><description>Identifiant : rampe_minif&lt;br/&gt;Altitude sol : 433 m</description><Point><altitudeMode>clampToGround</altitudeMode><coordinates>-0.05221670,43.22072500,428.96</coordinates></Point></Placemark>
</Folder>
<Folder><name>SP02 F85 — 211.6° ± 23.6°</name><open>0</open>
<Placemark><name>Domaine (R = 2143 m)</name><description>Pas de tir : Rampe FusEx&lt;br/&gt;Zone : Périmètre de la base&lt;br/&gt;Groupe : sp02_v3_F85&lt;br/&gt;Azimut : 211.6°&lt;br/&gt;Demi-angle : ± 23.6°&lt;br/&gt;Portée : 2143 m&lt;br/&gt;Surface : 439.9 ha</description><styleUrl>#s_dom0</styleUrl><Polygon><extrude>0</extrude><altitudeMode>clampToGround</altitudeMode><outerBoundaryIs><LinearRing><coordinates>-0.04733330,43.21843610,428.96 -0.07477527,43.20452916,428.96 -0.07570280,43.19047780,428.96 -0.06411940,43.18800280,428.96 -0.05097714,43.19934587,428.96 -0.04733330,43.21843610,428.96</coordinates></LinearRing></outerBoundaryIs></Polygon></Placemark>
<Placemark><name>Limite A</name><description>Azimut 235.2° — 2143 m</description><styleUrl>#s_limites</styleUrl><MultiGeometry><LineString><tessellate>1</tessellate><altitudeMode>clampToGround</altitudeMode><coordinates>-0.04733330,43.21843610,428.96 -0.04758659,43.21830774,428.96</coordinates></LineString><LineString><tessellate>1</tessellate><altitudeMode>clampToGround</altitudeMode><coordinates>-0.04773857,43.21823072,428.96 -0.04799186,43.21810236,428.96</coordinates></LineString><LineString><tessellate>1</tessellate><altitudeMode>clampToGround</altitudeMode><coordinates>-0.04814383,43.21802534,428.96 -0.04839712,43.21789698,428.96</coordinates></LineString><LineString><tessellate>1</tessellate><altitudeMode>clampToGround</altitudeMode><coordinates>-0.04854910,43.21781996,428.96 -0.04880239,43.21769160,428.96</coordinates></LineString><LineString><tessellate>1</tessellate><altitudeMode>clampToGround</altitudeMode><coordinates>-0.04895436,43.21761458,428.96 -0.04920765,43.21748622,428.96</coordinates></LineString><LineString><tessellate>1</tessellate><altitudeMode>clampToGround</altitudeMode><coordinates>-0.04935963,43.21740920,428.96 -0.04961292,43.21728084,428.96</coordinates></LineString><LineString><tessellate>1</tessellate><altitudeMode>clampToGround</altitudeMode><coordinates>-0.04976489,43.21720383,428.96 -0.05001819,43.21707546,428.96</coordinates></LineString><LineString><tessellate>1</tessellate><altitudeMode>clampToGround</altitudeMode><coordinates>-0.05017016,43.21699845,428.96 -0.05042345,43.21687008,428.96</coordinates></LineString><LineString><tessellate>1</tessellate><altitudeMode>clampToGround</altitudeMode><coordinates>-0.05057543,43.21679307,428.96 -0.05082872,43.21666471,428.96</coordinates></LineString><LineString><tessellate>1</tessellate><altitudeMode>clampToGround</altitudeMode><coordinates>-0.05098069,43.21658769,428.96 -0.05123398,43.21645933,428.96</coordinates></LineString><LineString><tessellate>1</tessellate><altitudeMode>clampToGround</altitudeMode><coordinates>-0.05138596,43.21638231,428.96 -0.05163925,43.21625395,428.96</coordinates></LineString><LineString><tessellate>1</tessellate><altitudeMode>clampToGround</altitudeMode><coordinates>-0.05179122,43.21617693,428.96 -0.05204451,43.21604857,428.96</coordinates></LineString><LineString><tessellate>1</tessellate><altitudeMode>clampToGround</altitudeMode><coordinates>-0.05219649,43.21597155,428.96 -0.05244978,43.21584319,428.96</coordinates></LineString><LineString><tessellate>1</tessellate><altitudeMode>clampToGround</altitudeMode><coordinates>-0.05260175,43.21576617,428.96 -0.05285505,43.21563781,428.96</coordinates></LineString><LineString><tessellate>1</tessellate><altitudeMode>clampToGround</altitudeMode><coordinates>-0.05300702,43.21556079,428.96 -0.05326031,43.21543243,428.96</coordinates></LineString><LineString><tessellate>1</tessellate><altitudeMode>clampToGround</altitudeMode><coordinates>-0.05341229,43.21535541,428.96 -0.05366558,43.21522705,428.96</coordinates></LineString><LineString><tessellate>1</tessellate><altitudeMode>clampToGround</altitudeMode><coordinates>-0.05381755,43.21515004,428.96 -0.05407084,43.21502167,428.96</coordinates></LineString><LineString><tessellate>1</tessellate><altitudeMode>clampToGround</altitudeMode><coordinates>-0.05422282,43.21494466,428.96 -0.05447611,43.21481629,428.96</coordinates></LineString><LineString><tessellate>1</tessellate><altitudeMode>clampToGround</altitudeMode><coordinates>-0.05462808,43.21473928,428.96 -0.05488137,43.21461092,428.96</coordinates></LineString><LineString><tessellate>1</tessellate><altitudeMode>clampToGround</altitudeMode><coordinates>-0.05503335,43.21453390,428.96 -0.05528664,43.21440554,428.96</coordinates></LineString><LineString><tessellate>1</tessellate><altitudeMode>clampToGround</altitudeMode><coordinates>-0.05543861,43.21432852,428.96 -0.05569191,43.21420016,428.96</coordinates></LineString><LineString><tessellate>1</tessellate><altitudeMode>clampToGround</altitudeMode><coordinates>-0.05584388,43.21412314,428.96 -0.05609717,43.21399478,428.96</coordinates></LineString><LineString><tessellate>1</tessellate><altitudeMode>clampToGround</altitudeMode><coordinates>-0.05624915,43.21391776,428.96 -0.05650244,43.21378940,428.96</coordinates></LineString><LineString><tessellate>1</tessellate><altitudeMode>clampToGround</altitudeMode><coordinates>-0.05665441,43.21371238,428.96 -0.05690770,43.21358402,428.96</coordinates></LineString><LineString><tessellate>1</tessellate><altitudeMode>clampToGround</altitudeMode><coordinates>-0.05705968,43.21350700,428.96 -0.05731297,43.21337864,428.96</coordinates></LineString><LineString><tessellate>1</tessellate><altitudeMode>clampToGround</altitudeMode><coordinates>-0.05746494,43.21330162,428.96 -0.05771823,43.21317326,428.96</coordinates></LineString><LineString><tessellate>1</tessellate><altitudeMode>clampToGround</altitudeMode><coordinates>-0.05787021,43.21309624,428.96 -0.05812350,43.21296788,428.96</coordinates></LineString><LineString><tessellate>1</tessellate><altitudeMode>clampToGround</altitudeMode><coordinates>-0.05827547,43.21289087,428.96 -0.05852877,43.21276250,428.96</coordinates></LineString><LineString><tessellate>1</tessellate><altitudeMode>clampToGround</altitudeMode><coordinates>-0.05868074,43.21268549,428.96 -0.05893403,43.21255712,428.96</coordinates></LineString><LineString><tessellate>1</tessellate><altitudeMode>clampToGround</altitudeMode><coordinates>-0.05908601,43.21248011,428.96 -0.05933930,43.21235175,428.96</coordinates></LineString><LineString><tessellate>1</tessellate><altitudeMode>clampToGround</altitudeMode><coordinates>-0.05949127,43.21227473,428.96 -0.05974456,43.21214637,428.96</coordinates></LineString><LineString><tessellate>1</tessellate><altitudeMode>clampToGround</altitudeMode><coordinates>-0.05989654,43.21206935,428.96 -0.06014983,43.21194099,428.96</coordinates></LineString><LineString><tessellate>1</tessellate><altitudeMode>clampToGround</altitudeMode><coordinates>-0.06030180,43.21186397,428.96 -0.06055509,43.21173561,428.96</coordinates></LineString><LineString><tessellate>1</tessellate><altitudeMode>clampToGround</altitudeMode><coordinates>-0.06070707,43.21165859,428.96 -0.06096036,43.21153023,428.96</coordinates></LineString><LineString><tessellate>1</tessellate><altitudeMode>clampToGround</altitudeMode><coordinates>-0.06111233,43.21145321,428.96 -0.06136563,43.21132485,428.96</coordinates></LineString><LineString><tessellate>1</tessellate><altitudeMode>clampToGround</altitudeMode><coordinates>-0.06151760,43.21124783,428.96 -0.06177089,43.21111947,428.96</coordinates></LineString><LineString><tessellate>1</tessellate><altitudeMode>clampToGround</altitudeMode><coordinates>-0.06192287,43.21104245,428.96 -0.06217616,43.21091409,428.96</coordinates></LineString><LineString><tessellate>1</tessellate><altitudeMode>clampToGround</altitudeMode><coordinates>-0.06232813,43.21083707,428.96 -0.06258142,43.21070871,428.96</coordinates></LineString><LineString><tessellate>1</tessellate><altitudeMode>clampToGround</altitudeMode><coordinates>-0.06273340,43.21063170,428.96 -0.06298669,43.21050333,428.96</coordinates></LineString><LineString><tessellate>1</tessellate><altitudeMode>clampToGround</altitudeMode><coordinates>-0.06313866,43.21042632,428.96 -0.06339195,43.21029795,428.96</coordinates></LineString><LineString><tessellate>1</tessellate><altitudeMode>clampToGround</altitudeMode><coordinates>-0.06354393,43.21022094,428.96 -0.06379722,43.21009258,428.96</coordinates></LineString><LineString><tessellate>1</tessellate><altitudeMode>clampToGround</altitudeMode><coordinates>-0.06394920,43.21001556,428.96 -0.06420249,43.20988720,428.96</coordinates></LineString><LineString><tessellate>1</tessellate><altitudeMode>clampToGround</altitudeMode><coordinates>-0.06435446,43.20981018,428.96 -0.06460775,43.20968182,428.96</coordinates></LineString><LineString><tessellate>1</tessellate><altitudeMode>clampToGround</altitudeMode><coordinates>-0.06475973,43.20960480,428.96 -0.06501302,43.20947644,428.96</coordinates></LineString><LineString><tessellate>1</tessellate><altitudeMode>clampToGround</altitudeMode><coordinates>-0.06516499,43.20939942,428.96 -0.06541828,43.20927106,428.96</coordinates></LineString><LineString><tessellate>1</tessellate><altitudeMode>clampToGround</altitudeMode><coordinates>-0.06557026,43.20919404,428.96 -0.06582355,43.20906568,428.96</coordinates></LineString><LineString><tessellate>1</tessellate><altitudeMode>clampToGround</altitudeMode><coordinates>-0.06597552,43.20898866,428.96 -0.06622881,43.20886030,428.96</coordinates></LineString><LineString><tessellate>1</tessellate><altitudeMode>clampToGround</altitudeMode><coordinates>-0.06638079,43.20878328,428.96 -0.06663408,43.20865492,428.96</coordinates></LineString><LineString><tessellate>1</tessellate><altitudeMode>clampToGround</altitudeMode><coordinates>-0.06678606,43.20857791,428.96 -0.06703935,43.20844954,428.96</coordinates></LineString><LineString><tessellate>1</tessellate><altitudeMode>clampToGround</altitudeMode><coordinates>-0.06719132,43.20837253,428.96 -0.06744461,43.20824416,428.96</coordinates></LineString><LineString><tessellate>1</tessellate><altitudeMode>clampToGround</altitudeMode><coordinates>-0.06759659,43.20816715,428.96 -0.06784988,43.20803879,428.96</coordinates></LineString><LineString><tessellate>1</tessellate><altitudeMode>clampToGround</altitudeMode><coordinates>-0.06800185,43.20796177,428.96 -0.06825514,43.20783341,428.96</coordinates></LineString><LineString><tessellate>1</tessellate><altitudeMode>clampToGround</altitudeMode><coordinates>-0.06840712,43.20775639,428.96 -0.06866041,43.20762803,428.96</coordinates></LineString><LineString><tessellate>1</tessellate><altitudeMode>clampToGround</altitudeMode><coordinates>-0.06881238,43.20755101,428.96 -0.06904744,43.20743189,428.96</coordinates></LineString></MultiGeometry></Placemark>
<Placemark><name>sp02_v3_F85 — A</name><description>Azimut 235.2° — 2143 m</description><Point><altitudeMode>clampToGround</altitudeMode><coordinates>-0.06904744,43.20743189,428.96</coordinates></Point></Placemark>
<Placemark><name>Limite B</name><description>Azimut 187.9° — 2143 m</description><styleUrl>#s_limites</styleUrl><MultiGeometry><LineString><tessellate>1</tessellate><altitudeMode>clampToGround</altitudeMode><coordinates>-0.04733330,43.21843610,428.96 -0.04737581,43.21821341,428.96</coordinates></LineString><LineString><tessellate>1</tessellate><altitudeMode>clampToGround</altitudeMode><coordinates>-0.04740131,43.21807980,428.96 -0.04744381,43.21785712,428.96</coordinates></LineString><LineString><tessellate>1</tessellate><altitudeMode>clampToGround</altitudeMode><coordinates>-0.04746932,43.21772350,428.96 -0.04751182,43.21750082,428.96</coordinates></LineString><LineString><tessellate>1</tessellate><altitudeMode>clampToGround</altitudeMode><coordinates>-0.04753732,43.21736721,428.96 -0.04757983,43.21714452,428.96</coordinates></LineString><LineString><tessellate>1</tessellate><altitudeMode>clampToGround</altitudeMode><coordinates>-0.04760533,43.21701091,428.96 -0.04764784,43.21678822,428.96</coordinates></LineString><LineString><tessellate>1</tessellate><altitudeMode>clampToGround</altitudeMode><coordinates>-0.04767334,43.21665461,428.96 -0.04771585,43.21643193,428.96</coordinates></LineString><LineString><tessellate>1</tessellate><altitudeMode>clampToGround</altitudeMode><coordinates>-0.04774135,43.21629831,428.96 -0.04778385,43.21607563,428.96</coordinates></LineString><LineString><tessellate>1</tessellate><altitudeMode>clampToGround</altitudeMode><coordinates>-0.04780936,43.21594202,428.96 -0.04785186,43.21571933,428.96</coordinates></LineString><LineString><tessellate>1</tessellate><altitudeMode>clampToGround</altitudeMode><coordinates>-0.04787737,43.21558572,428.96 -0.04791987,43.21536303,428.96</coordinates></LineString><LineString><tessellate>1</tessellate><altitudeMode>clampToGround</altitudeMode><coordinates>-0.04794537,43.21522942,428.96 -0.04798788,43.21500673,428.96</coordinates></LineString><LineString><tessellate>1</tessellate><altitudeMode>clampToGround</altitudeMode><coordinates>-0.04801338,43.21487312,428.96 -0.04805589,43.21465044,428.96</coordinates></LineString><LineString><tessellate>1</tessellate><altitudeMode>clampToGround</altitudeMode><coordinates>-0.04808139,43.21451683,428.96 -0.04812389,43.21429414,428.96</coordinates></LineString><LineString><tessellate>1</tessellate><altitudeMode>clampToGround</altitudeMode><coordinates>-0.04814940,43.21416053,428.96 -0.04819190,43.21393784,428.96</coordinates></LineString><LineString><tessellate>1</tessellate><altitudeMode>clampToGround</altitudeMode><coordinates>-0.04821741,43.21380423,428.96 -0.04825991,43.21358154,428.96</coordinates></LineString><LineString><tessellate>1</tessellate><altitudeMode>clampToGround</altitudeMode><coordinates>-0.04828541,43.21344793,428.96 -0.04832792,43.21322525,428.96</coordinates></LineString><LineString><tessellate>1</tessellate><altitudeMode>clampToGround</altitudeMode><coordinates>-0.04835342,43.21309163,428.96 -0.04839593,43.21286895,428.96</coordinates></LineString><LineString><tessellate>1</tessellate><altitudeMode>clampToGround</altitudeMode><coordinates>-0.04842143,43.21273534,428.96 -0.04846394,43.21251265,428.96</coordinates></LineString><LineString><tessellate>1</tessellate><altitudeMode>clampToGround</altitudeMode><coordinates>-0.04848944,43.21237904,428.96 -0.04853194,43.21215635,428.96</coordinates></LineString><LineString><tessellate>1</tessellate><altitudeMode>clampToGround</altitudeMode><coordinates>-0.04855745,43.21202274,428.96 -0.04859995,43.21180006,428.96</coordinates></LineString><LineString><tessellate>1</tessellate><altitudeMode>clampToGround</altitudeMode><coordinates>-0.04862545,43.21166644,428.96 -0.04866796,43.21144376,428.96</coordinates></LineString><LineString><tessellate>1</tessellate><altitudeMode>clampToGround</altitudeMode><coordinates>-0.04869346,43.21131015,428.96 -0.04873597,43.21108746,428.96</coordinates></LineString><LineString><tessellate>1</tessellate><altitudeMode>clampToGround</altitudeMode><coordinates>-0.04876147,43.21095385,428.96 -0.04880398,43.21073116,428.96</coordinates></LineString><LineString><tessellate>1</tessellate><altitudeMode>clampToGround</altitudeMode><coordinates>-0.04882948,43.21059755,428.96 -0.04887198,43.21037486,428.96</coordinates></LineString><LineString><tessellate>1</tessellate><altitudeMode>clampToGround</altitudeMode><coordinates>-0.04889749,43.21024125,428.96 -0.04893999,43.21001857,428.96</coordinates></LineString><LineString><tessellate>1</tessellate><altitudeMode>clampToGround</altitudeMode><coordinates>-0.04896550,43.20988495,428.96 -0.04900800,43.20966227,428.96</coordinates></LineString><LineString><tessellate>1</tessellate><altitudeMode>clampToGround</altitudeMode><coordinates>-0.04903350,43.20952866,428.96 -0.04907601,43.20930597,428.96</coordinates></LineString><LineString><tessellate>1</tessellate><altitudeMode>clampToGround</altitudeMode><coordinates>-0.04910151,43.20917236,428.96 -0.04914402,43.20894967,428.96</coordinates></LineString><LineString><tessellate>1</tessellate><altitudeMode>clampToGround</altitudeMode><coordinates>-0.04916952,43.20881606,428.96 -0.04921203,43.20859338,428.96</coordinates></LineString><LineString><tessellate>1</tessellate><altitudeMode>clampToGround</altitudeMode><coordinates>-0.04923753,43.20845976,428.96 -0.04928003,43.20823708,428.96</coordinates></LineString><LineString><tessellate>1</tessellate><altitudeMode>clampToGround</altitudeMode><coordinates>-0.04930554,43.20810347,428.96 -0.04934804,43.20788078,428.96</coordinates></LineString><LineString><tessellate>1</tessellate><altitudeMode>clampToGround</altitudeMode><coordinates>-0.04937354,43.20774717,428.96 -0.04941605,43.20752448,428.96</coordinates></LineString><LineString><tessellate>1</tessellate><altitudeMode>clampToGround</altitudeMode><coordinates>-0.04944155,43.20739087,428.96 -0.04948406,43.20716818,428.96</coordinates></LineString><LineString><tessellate>1</tessellate><altitudeMode>clampToGround</altitudeMode><coordinates>-0.04950956,43.20703457,428.96 -0.04955207,43.20681189,428.96</coordinates></LineString><LineString><tessellate>1</tessellate><altitudeMode>clampToGround</altitudeMode><coordinates>-0.04957757,43.20667828,428.96 -0.04962007,43.20645559,428.96</coordinates></LineString><LineString><tessellate>1</tessellate><altitudeMode>clampToGround</altitudeMode><coordinates>-0.04964558,43.20632198,428.96 -0.04968808,43.20609929,428.96</coordinates></LineString><LineString><tessellate>1</tessellate><altitudeMode>clampToGround</altitudeMode><coordinates>-0.04971359,43.20596568,428.96 -0.04975609,43.20574299,428.96</coordinates></LineString><LineString><tessellate>1</tessellate><altitudeMode>clampToGround</altitudeMode><coordinates>-0.04978159,43.20560938,428.96 -0.04982410,43.20538670,428.96</coordinates></LineString><LineString><tessellate>1</tessellate><altitudeMode>clampToGround</altitudeMode><coordinates>-0.04984960,43.20525308,428.96 -0.04989211,43.20503040,428.96</coordinates></LineString><LineString><tessellate>1</tessellate><altitudeMode>clampToGround</altitudeMode><coordinates>-0.04991761,43.20489679,428.96 -0.04996011,43.20467410,428.96</coordinates></LineString><LineString><tessellate>1</tessellate><altitudeMode>clampToGround</altitudeMode><coordinates>-0.04998562,43.20454049,428.96 -0.05002812,43.20431780,428.96</coordinates></LineString><LineString><tessellate>1</tessellate><altitudeMode>clampToGround</altitudeMode><coordinates>-0.05005363,43.20418419,428.96 -0.05009613,43.20396151,428.96</coordinates></LineString><LineString><tessellate>1</tessellate><altitudeMode>clampToGround</altitudeMode><coordinates>-0.05012163,43.20382789,428.96 -0.05016414,43.20360521,428.96</coordinates></LineString><LineString><tessellate>1</tessellate><altitudeMode>clampToGround</altitudeMode><coordinates>-0.05018964,43.20347160,428.96 -0.05023215,43.20324891,428.96</coordinates></LineString><LineString><tessellate>1</tessellate><altitudeMode>clampToGround</altitudeMode><coordinates>-0.05025765,43.20311530,428.96 -0.05030016,43.20289261,428.96</coordinates></LineString><LineString><tessellate>1</tessellate><altitudeMode>clampToGround</altitudeMode><coordinates>-0.05032566,43.20275900,428.96 -0.05036816,43.20253631,428.96</coordinates></LineString><LineString><tessellate>1</tessellate><altitudeMode>clampToGround</altitudeMode><coordinates>-0.05039367,43.20240270,428.96 -0.05043617,43.20218002,428.96</coordinates></LineString><LineString><tessellate>1</tessellate><altitudeMode>clampToGround</altitudeMode><coordinates>-0.05046168,43.20204641,428.96 -0.05050418,43.20182372,428.96</coordinates></LineString><LineString><tessellate>1</tessellate><altitudeMode>clampToGround</altitudeMode><coordinates>-0.05052968,43.20169011,428.96 -0.05057219,43.20146742,428.96</coordinates></LineString><LineString><tessellate>1</tessellate><altitudeMode>clampToGround</altitudeMode><coordinates>-0.05059769,43.20133381,428.96 -0.05064020,43.20111112,428.96</coordinates></LineString><LineString><tessellate>1</tessellate><altitudeMode>clampToGround</altitudeMode><coordinates>-0.05066570,43.20097751,428.96 -0.05070820,43.20075483,428.96</coordinates></LineString><LineString><tessellate>1</tessellate><altitudeMode>clampToGround</altitudeMode><coordinates>-0.05073371,43.20062121,428.96 -0.05077621,43.20039853,428.96</coordinates></LineString><LineString><tessellate>1</tessellate><altitudeMode>clampToGround</altitudeMode><coordinates>-0.05080172,43.20026492,428.96 -0.05084422,43.20004223,428.96</coordinates></LineString><LineString><tessellate>1</tessellate><altitudeMode>clampToGround</altitudeMode><coordinates>-0.05086972,43.19990862,428.96 -0.05091223,43.19968593,428.96</coordinates></LineString><LineString><tessellate>1</tessellate><altitudeMode>clampToGround</altitudeMode><coordinates>-0.05093773,43.19955232,428.96 -0.05097718,43.19934567,428.96</coordinates></LineString></MultiGeometry></Placemark>
<Placemark><name>sp02_v3_F85 — B</name><description>Azimut 187.9° — 2143 m</description><Point><altitudeMode>clampToGround</altitudeMode><coordinates>-0.05097718,43.19934567,428.96</coordinates></Point></Placemark>
<Placemark><name>Contour du secteur</name><description>Secteur demandé, non découpé par la zone</description><styleUrl>#s_secteur</styleUrl><MultiGeometry><LineString><tessellate>1</tessellate><altitudeMode>clampToGround</altitudeMode><coordinates>-0.04733330,43.21843610,428.96 -0.06904744,43.20743189,428.96 -0.06851568,43.20689458,428.96 -0.06795890,43.20637090,428.96 -0.06737775,43.20586147,428.96 -0.06677292,43.20536690,428.96 -0.06614512,43.20488778,428.96 -0.06549510,43.20442465,428.96 -0.06482363,43.20397808,428.96 -0.06413149,43.20354859,428.96 -0.06341951,43.20313669,428.96 -0.06268852,43.20274286,428.96 -0.06193940,43.20236757,428.96 -0.06117302,43.20201126,428.96 -0.06039029,43.20167436,428.96 -0.05959213,43.20135726,428.96 -0.05877949,43.20106033,428.96 -0.05795333,43.20078394,428.96 -0.05711462,43.20052839,428.96 -0.05626436,43.20029401,428.96 -0.05540355,43.20008105,428.96 -0.05453320,43.19988978,428.96 -0.05365435,43.19972042,428.96 -0.05276802,43.19957317,428.96 -0.05187528,43.19944820,428.96 -0.05097718,43.19934567,428.96 -0.04733330,43.21843610,428.96</coordinates></LineString></MultiGeometry></Placemark>
<Placemark><name>Cercle de portée (2143 m)</name><description></description><styleUrl>#s_cercle</styleUrl><MultiGeometry><LineString><tessellate>1</tessellate><altitudeMode>clampToGround</altitudeMode><coordinates>-0.02088489,43.21843610,428.96 -0.02090100,43.21910876,428.96 -0.02094932,43.21978060,428.96 -0.02102978,43.22045081,428.96 -0.02114228,43.22111855,428.96 -0.02128670,43.22178304,428.96 -0.02146285,43.22244344,428.96 -0.02167052,43.22309896,428.96 -0.02190946,43.22374880,428.96 -0.02217937,43.22439217,428.96 -0.02247992,43.22502828,428.96 -0.02281076,43.22565636,428.96 -0.02317148,43.22627564,428.96 -0.02356163,43.22688537,428.96 -0.02398074,43.22748480,428.96 -0.02442831,43.22807322,428.96 -0.02490378,43.22864989,428.96 -0.02540657,43.22921411,428.96 -0.02593609,43.22976521,428.96 -0.02649167,43.23030250,428.96 -0.02707264,43.23082534,428.96 -0.02767830,43.23133308,428.96 -0.02830791,43.23182511,428.96 -0.02896069,43.23230082,428.96 -0.02963586,43.23275965,428.96 -0.03033259,43.23320102,428.96 -0.03105003,43.23362440,428.96 -0.03178731,43.23402928,428.96 -0.03254354,43.23441516,428.96 -0.03331778,43.23478158,428.96 -0.03410910,43.23512808,428.96 -0.03491652,43.23545424,428.96 -0.03573908,43.23575967,428.96 -0.03657576,43.23604399,428.96 -0.03742555,43.23630686,428.96 -0.03828741,43.23654796,428.96 -0.03916029,43.23676699,428.96 -0.04004313,43.23696368,428.96 -0.04093485,43.23713781,428.96 -0.04183437,43.23728915,428.96 -0.04274058,43.23741752,428.96 -0.04365239,43.23752276,428.96 -0.04456869,43.23760475,428.96 -0.04548835,43.23766338,428.96 -0.04641026,43.23769859,428.96 -0.04733330,43.23771033,428.96 -0.04825634,43.23769859,428.96 -0.04917825,43.23766338,428.96 -0.05009791,43.23760475,428.96 -0.05101421,43.23752276,428.96 -0.05192602,43.23741752,428.96 -0.05283223,43.23728915,428.96 -0.05373175,43.23713781,428.96 -0.05462347,43.23696368,428.96 -0.05550631,43.23676699,428.96 -0.05637919,43.23654796,428.96 -0.05724105,43.23630686,428.96 -0.05809084,43.23604399,428.96 -0.05892752,43.23575967,428.96 -0.05975008,43.23545424,428.96 -0.06055750,43.23512808,428.96 -0.06134882,43.23478158,428.96 -0.06212306,43.23441516,428.96 -0.06287929,43.23402928,428.96 -0.06361657,43.23362440,428.96 -0.06433401,43.23320102,428.96 -0.06503074,43.23275965,428.96 -0.06570591,43.23230082,428.96 -0.06635869,43.23182511,428.96 -0.06698830,43.23133308,428.96 -0.06759396,43.23082534,428.96 -0.06817493,43.23030250,428.96 -0.06873051,43.22976521,428.96 -0.06926003,43.22921411,428.96 -0.06976282,43.22864989,428.96 -0.07023829,43.22807322,428.96 -0.07068586,43.22748480,428.96 -0.07110497,43.22688537,428.96 -0.07149512,43.22627564,428.96 -0.07185584,43.22565636,428.96 -0.07218668,43.22502828,428.96 -0.07248723,43.22439217,428.96 -0.07275714,43.22374880,428.96 -0.07299608,43.22309896,428.96 -0.07320375,43.22244344,428.96 -0.07337990,43.22178304,428.96 -0.07352432,43.22111855,428.96 -0.07363682,43.22045081,428.96 -0.07371728,43.21978060,428.96 -0.07376560,43.21910876,428.96 -0.07378171,43.21843610,428.96 -0.07376560,43.21776344,428.96 -0.07371728,43.21709160,428.96 -0.07363682,43.21642139,428.96 -0.07352432,43.21575365,428.96 -0.07337990,43.21508916,428.96 -0.07320375,43.21442876,428.96 -0.07299608,43.21377324,428.96 -0.07275714,43.21312340,428.96 -0.07248723,43.21248003,428.96 -0.07218668,43.21184392,428.96 -0.07185584,43.21121584,428.96 -0.07149512,43.21059656,428.96 -0.07110497,43.20998683,428.96 -0.07068586,43.20938740,428.96 -0.07023829,43.20879898,428.96 -0.06976282,43.20822231,428.96 -0.06926003,43.20765809,428.96 -0.06873051,43.20710699,428.96 -0.06817493,43.20656970,428.96 -0.06759396,43.20604686,428.96 -0.06698830,43.20553912,428.96 -0.06635869,43.20504709,428.96 -0.06570591,43.20457138,428.96 -0.06503074,43.20411255,428.96 -0.06433401,43.20367118,428.96 -0.06361657,43.20324780,428.96 -0.06287929,43.20284292,428.96 -0.06212306,43.20245704,428.96 -0.06134882,43.20209062,428.96 -0.06055750,43.20174412,428.96 -0.05975008,43.20141796,428.96 -0.05892752,43.20111253,428.96 -0.05809084,43.20082821,428.96 -0.05724105,43.20056534,428.96 -0.05637919,43.20032424,428.96 -0.05550631,43.20010521,428.96 -0.05462347,43.19990852,428.96 -0.05373175,43.19973439,428.96 -0.05283223,43.19958305,428.96 -0.05192602,43.19945468,428.96 -0.05101421,43.19934944,428.96 -0.05009791,43.19926745,428.96 -0.04917825,43.19920882,428.96 -0.04825634,43.19917361,428.96 -0.04733330,43.19916187,428.96 -0.04641026,43.19917361,428.96 -0.04548835,43.19920882,428.96 -0.04456869,43.19926745,428.96 -0.04365239,43.19934944,428.96 -0.04274058,43.19945468,428.96 -0.04183437,43.19958305,428.96 -0.04093485,43.19973439,428.96 -0.04004313,43.19990852,428.96 -0.03916029,43.20010521,428.96 -0.03828741,43.20032424,428.96 -0.03742555,43.20056534,428.96 -0.03657576,43.20082821,428.96 -0.03573908,43.20111253,428.96 -0.03491652,43.20141796,428.96 -0.03410910,43.20174412,428.96 -0.03331778,43.20209062,428.96 -0.03254354,43.20245704,428.96 -0.03178731,43.20284292,428.96 -0.03105003,43.20324780,428.96 -0.03033259,43.20367118,428.96 -0.02963586,43.20411255,428.96 -0.02896069,43.20457138,428.96 -0.02830791,43.20504709,428.96 -0.02767830,43.20553912,428.96 -0.02707264,43.20604686,428.96 -0.02649167,43.20656970,428.96 -0.02593609,43.20710699,428.96 -0.02540657,43.20765809,428.96 -0.02490378,43.20822231,428.96 -0.02442831,43.20879898,428.96 -0.02398074,43.20938740,428.96 -0.02356163,43.20998683,428.96 -0.02317148,43.21059656,428.96 -0.02281076,43.21121584,428.96 -0.02247992,43.21184392,428.96 -0.02217937,43.21248003,428.96 -0.02190946,43.21312340,428.96 -0.02167052,43.21377324,428.96 -0.02146285,43.21442876,428.96 -0.02128670,43.21508916,428.96 -0.02114228,43.21575365,428.96 -0.02102978,43.21642139,428.96 -0.02094932,43.21709160,428.96 -0.02090100,43.21776344,428.96 -0.02088489,43.21843610,428.96</coordinates></LineString></MultiGeometry></Placemark>
</Folder>
<Folder><name>SP02 G150 — 211.6° ± 21.2°</name><open>0</open>
<Placemark><name>Domaine (R = 2300 m)</name><description>Pas de tir : Rampe FusEx&lt;br/&gt;Zone : Périmètre de la base&lt;br/&gt;Groupe : sp02_v3_G150&lt;br/&gt;Azimut : 211.6°&lt;br/&gt;Demi-angle : ± 21.2°&lt;br/&gt;Portée : 2300 m&lt;br/&gt;Surface : 413.2 ha</description><styleUrl>#s_dom1</styleUrl><Polygon><extrude>0</extrude><altitudeMode>clampToGround</altitudeMode><outerBoundaryIs><LinearRing><coordinates>-0.04733330,43.21843610,428.96 -0.07486450,43.20317739,428.96 -0.07570280,43.19047780,428.96 -0.06411940,43.18800280,428.96 -0.05243741,43.19808551,428.96 -0.04733330,43.21843610,428.96</coordinates></LinearRing></outerBoundaryIs></Polygon></Placemark>
<Placemark><name>Limite A</name><description>Azimut 232.7° — 2300 m</description><styleUrl>#s_limites</styleUrl><MultiGeometry><LineString><tessellate>1</tessellate><altitudeMode>clampToGround</altitudeMode><coordinates>-0.04733330,43.21843610,428.96 -0.04757887,43.21830000,428.96</coordinates></LineString><LineString><tessellate>1</tessellate><altitudeMode>clampToGround</altitudeMode><coordinates>-0.04772621,43.21821834,428.96 -0.04797177,43.21808224,428.96</coordinates></LineString><LineString><tessellate>1</tessellate><altitudeMode>clampToGround</altitudeMode><coordinates>-0.04811911,43.21800058,428.96 -0.04836468,43.21786448,428.96</coordinates></LineString><LineString><tessellate>1</tessellate><altitudeMode>clampToGround</altitudeMode><coordinates>-0.04851202,43.21778282,428.96 -0.04875758,43.21764672,428.96</coordinates></LineString><LineString><tessellate>1</tessellate><altitudeMode>clampToGround</altitudeMode><coordinates>-0.04890492,43.21756505,428.96 -0.04915049,43.21742895,428.96</coordinates></LineString><LineString><tessellate>1</tessellate><altitudeMode>clampToGround</altitudeMode><coordinates>-0.04929783,43.21734729,428.96 -0.04954339,43.21721119,428.96</coordinates></LineString><LineString><tessellate>1</tessellate><altitudeMode>clampToGround</altitudeMode><coordinates>-0.04969073,43.21712953,428.96 -0.04993630,43.21699343,428.96</coordinates></LineString><LineString><tessellate>1</tessellate><altitudeMode>clampToGround</altitudeMode><coordinates>-0.05008364,43.21691177,428.96 -0.05032920,43.21677567,428.96</coordinates></LineString><LineString><tessellate>1</tessellate><altitudeMode>clampToGround</altitudeMode><coordinates>-0.05047654,43.21669401,428.96 -0.05072211,43.21655791,428.96</coordinates></LineString><LineString><tessellate>1</tessellate><altitudeMode>clampToGround</altitudeMode><coordinates>-0.05086945,43.21647625,428.96 -0.05111501,43.21634015,428.96</coordinates></LineString><LineString><tessellate>1</tessellate><altitudeMode>clampToGround</altitudeMode><coordinates>-0.05126235,43.21625849,428.96 -0.05150792,43.21612239,428.96</coordinates></LineString><LineString><tessellate>1</tessellate><altitudeMode>clampToGround</altitudeMode><coordinates>-0.05165526,43.21604073,428.96 -0.05190082,43.21590463,428.96</coordinates></LineString><LineString><tessellate>1</tessellate><altitudeMode>clampToGround</altitudeMode><coordinates>-0.05204816,43.21582296,428.96 -0.05229373,43.21568686,428.96</coordinates></LineString><LineString><tessellate>1</tessellate><altitudeMode>clampToGround</altitudeMode><coordinates>-0.05244107,43.21560520,428.96 -0.05268664,43.21546910,428.96</coordinates></LineString><LineString><tessellate>1</tessellate><altitudeMode>clampToGround</altitudeMode><coordinates>-0.05283398,43.21538744,428.96 -0.05307954,43.21525134,428.96</coordinates></LineString><LineString><tessellate>1</tessellate><altitudeMode>clampToGround</altitudeMode><coordinates>-0.05322688,43.21516968,428.96 -0.05347245,43.21503358,428.96</coordinates></LineString><LineString><tessellate>1</tessellate><altitudeMode>clampToGround</altitudeMode><coordinates>-0.05361979,43.21495192,428.96 -0.05386535,43.21481582,428.96</coordinates></LineString><LineString><tessellate>1</tessellate><altitudeMode>clampToGround</altitudeMode><coordinates>-0.05401269,43.21473416,428.96 -0.05425826,43.21459806,428.96</coordinates></LineString><LineString><tessellate>1</tessellate><altitudeMode>clampToGround</altitudeMode><coordinates>-0.05440560,43.21451640,428.96 -0.05465116,43.21438030,428.96</coordinates></LineString><LineString><tessellate>1</tessellate><altitudeMode>clampToGround</altitudeMode><coordinates>-0.05479850,43.21429864,428.96 -0.05504407,43.21416254,428.96</coordinates></LineString><LineString><tessellate>1</tessellate><altitudeMode>clampToGround</altitudeMode><coordinates>-0.05519141,43.21408087,428.96 -0.05543697,43.21394477,428.96</coordinates></LineString><LineString><tessellate>1</tessellate><altitudeMode>clampToGround</altitudeMode><coordinates>-0.05558431,43.21386311,428.96 -0.05582988,43.21372701,428.96</coordinates></LineString><LineString><tessellate>1</tessellate><altitudeMode>clampToGround</altitudeMode><coordinates>-0.05597722,43.21364535,428.96 -0.05622278,43.21350925,428.96</coordinates></LineString><LineString><tessellate>1</tessellate><altitudeMode>clampToGround</altitudeMode><coordinates>-0.05637012,43.21342759,428.96 -0.05661569,43.21329149,428.96</coordinates></LineString><LineString><tessellate>1</tessellate><altitudeMode>clampToGround</altitudeMode><coordinates>-0.05676303,43.21320983,428.96 -0.05700859,43.21307373,428.96</coordinates></LineString><LineString><tessellate>1</tessellate><altitudeMode>clampToGround</altitudeMode><coordinates>-0.05715593,43.21299207,428.96 -0.05740150,43.21285597,428.96</coordinates></LineString><LineString><tessellate>1</tessellate><altitudeMode>clampToGround</altitudeMode><coordinates>-0.05754884,43.21277431,428.96 -0.05779441,43.21263821,428.96</coordinates></LineString><LineString><tessellate>1</tessellate><altitudeMode>clampToGround</altitudeMode><coordinates>-0.05794174,43.21255655,428.96 -0.05818731,43.21242044,428.96</coordinates></LineString><LineString><tessellate>1</tessellate><altitudeMode>clampToGround</altitudeMode><coordinates>-0.05833465,43.21233878,428.96 -0.05858022,43.21220268,428.96</coordinates></LineString><LineString><tessellate>1</tessellate><altitudeMode>clampToGround</altitudeMode><coordinates>-0.05872756,43.21212102,428.96 -0.05897312,43.21198492,428.96</coordinates></LineString><LineString><tessellate>1</tessellate><altitudeMode>clampToGround</altitudeMode><coordinates>-0.05912046,43.21190326,428.96 -0.05936603,43.21176716,428.96</coordinates></LineString><LineString><tessellate>1</tessellate><altitudeMode>clampToGround</altitudeMode><coordinates>-0.05951337,43.21168550,428.96 -0.05975893,43.21154940,428.96</coordinates></LineString><LineString><tessellate>1</tessellate><altitudeMode>clampToGround</altitudeMode><coordinates>-0.05990627,43.21146774,428.96 -0.06015184,43.21133164,428.96</coordinates></LineString><LineString><tessellate>1</tessellate><altitudeMode>clampToGround</altitudeMode><coordinates>-0.06029918,43.21124998,428.96 -0.06054474,43.21111388,428.96</coordinates></LineString><LineString><tessellate>1</tessellate><altitudeMode>clampToGround</altitudeMode><coordinates>-0.06069208,43.21103222,428.96 -0.06093765,43.21089612,428.96</coordinates></LineString><LineString><tessellate>1</tessellate><altitudeMode>clampToGround</altitudeMode><coordinates>-0.06108499,43.21081446,428.96 -0.06133055,43.21067835,428.96</coordinates></LineString><LineString><tessellate>1</tessellate><altitudeMode>clampToGround</altitudeMode><coordinates>-0.06147789,43.21059669,428.96 -0.06172346,43.21046059,428.96</coordinates></LineString><LineString><tessellate>1</tessellate><altitudeMode>clampToGround</altitudeMode><coordinates>-0.06187080,43.21037893,428.96 -0.06211636,43.21024283,428.96</coordinates></LineString><LineString><tessellate>1</tessellate><altitudeMode>clampToGround</altitudeMode><coordinates>-0.06226370,43.21016117,428.96 -0.06250927,43.21002507,428.96</coordinates></LineString><LineString><tessellate>1</tessellate><altitudeMode>clampToGround</altitudeMode><coordinates>-0.06265661,43.20994341,428.96 -0.06290217,43.20980731,428.96</coordinates></LineString><LineString><tessellate>1</tessellate><altitudeMode>clampToGround</altitudeMode><coordinates>-0.06304951,43.20972565,428.96 -0.06329508,43.20958955,428.96</coordinates></LineString><LineString><tessellate>1</tessellate><altitudeMode>clampToGround</altitudeMode><coordinates>-0.06344242,43.20950789,428.96 -0.06368799,43.20937179,428.96</coordinates></LineString><LineString><tessellate>1</tessellate><altitudeMode>clampToGround</altitudeMode><coordinates>-0.06383533,43.20929013,428.96 -0.06408089,43.20915403,428.96</coordinates></LineString><LineString><tessellate>1</tessellate><altitudeMode>clampToGround</altitudeMode><coordinates>-0.06422823,43.20907237,428.96 -0.06447380,43.20893626,428.96</coordinates></LineString><LineString><tessellate>1</tessellate><altitudeMode>clampToGround</altitudeMode><coordinates>-0.06462114,43.20885460,428.96 -0.06486670,43.20871850,428.96</coordinates></LineString><LineString><tessellate>1</tessellate><altitudeMode>clampToGround</altitudeMode><coordinates>-0.06501404,43.20863684,428.96 -0.06525961,43.20850074,428.96</coordinates></LineString><LineString><tessellate>1</tessellate><altitudeMode>clampToGround</altitudeMode><coordinates>-0.06540695,43.20841908,428.96 -0.06565251,43.20828298,428.96</coordinates></LineString><LineString><tessellate>1</tessellate><altitudeMode>clampToGround</altitudeMode><coordinates>-0.06579985,43.20820132,428.96 -0.06604542,43.20806522,428.96</coordinates></LineString><LineString><tessellate>1</tessellate><altitudeMode>clampToGround</altitudeMode><coordinates>-0.06619276,43.20798356,428.96 -0.06643832,43.20784746,428.96</coordinates></LineString><LineString><tessellate>1</tessellate><altitudeMode>clampToGround</altitudeMode><coordinates>-0.06658566,43.20776580,428.96 -0.06683123,43.20762970,428.96</coordinates></LineString><LineString><tessellate>1</tessellate><altitudeMode>clampToGround</altitudeMode><coordinates>-0.06697857,43.20754804,428.96 -0.06722413,43.20741194,428.96</coordinates></LineString><LineString><tessellate>1</tessellate><altitudeMode>clampToGround</altitudeMode><coordinates>-0.06737147,43.20733028,428.96 -0.06761704,43.20719417,428.96</coordinates></LineString><LineString><tessellate>1</tessellate><altitudeMode>clampToGround</altitudeMode><coordinates>-0.06776438,43.20711251,428.96 -0.06800994,43.20697641,428.96</coordinates></LineString><LineString><tessellate>1</tessellate><altitudeMode>clampToGround</altitudeMode><coordinates>-0.06815728,43.20689475,428.96 -0.06840285,43.20675865,428.96</coordinates></LineString><LineString><tessellate>1</tessellate><altitudeMode>clampToGround</altitudeMode><coordinates>-0.06855019,43.20667699,428.96 -0.06879576,43.20654089,428.96</coordinates></LineString><LineString><tessellate>1</tessellate><altitudeMode>clampToGround</altitudeMode><coordinates>-0.06894309,43.20645923,428.96 -0.06918866,43.20632313,428.96</coordinates></LineString><LineString><tessellate>1</tessellate><altitudeMode>clampToGround</altitudeMode><coordinates>-0.06933600,43.20624147,428.96 -0.06958157,43.20610537,428.96</coordinates></LineString><LineString><tessellate>1</tessellate><altitudeMode>clampToGround</altitudeMode><coordinates>-0.06972891,43.20602371,428.96 -0.06992831,43.20591319,428.96</coordinates></LineString></MultiGeometry></Placemark>
<Placemark><name>sp02_v3_G150 — A</name><description>Azimut 232.7° — 2300 m</description><Point><altitudeMode>clampToGround</altitudeMode><coordinates>-0.06992831,43.20591319,428.96</coordinates></Point></Placemark>
<Placemark><name>Limite B</name><description>Azimut 190.4° — 2300 m</description><styleUrl>#s_limites</styleUrl><MultiGeometry><LineString><tessellate>1</tessellate><altitudeMode>clampToGround</altitudeMode><coordinates>-0.04733330,43.21843610,428.96 -0.04738877,43.21821493,428.96</coordinates></LineString><LineString><tessellate>1</tessellate><altitudeMode>clampToGround</altitudeMode><coordinates>-0.04742205,43.21808223,428.96 -0.04747752,43.21786107,428.96</coordinates></LineString><LineString><tessellate>1</tessellate><altitudeMode>clampToGround</altitudeMode><coordinates>-0.04751081,43.21772837,428.96 -0.04756628,43.21750720,428.96</coordinates></LineString><LineString><tessellate>1</tessellate><altitudeMode>clampToGround</altitudeMode><coordinates>-0.04759956,43.21737450,428.96 -0.04765503,43.21715334,428.96</coordinates></LineString><LineString><tessellate>1</tessellate><altitudeMode>clampToGround</altitudeMode><coordinates>-0.04768831,43.21702064,428.96 -0.04774378,43.21679947,428.96</coordinates></LineString><LineString><tessellate>1</tessellate><altitudeMode>clampToGround</altitudeMode><coordinates>-0.04777706,43.21666677,428.96 -0.04783253,43.21644560,428.96</coordinates></LineString><LineString><tessellate>1</tessellate><altitudeMode>clampToGround</altitudeMode><coordinates>-0.04786582,43.21631290,428.96 -0.04792129,43.21609174,428.96</coordinates></LineString><LineString><tessellate>1</tessellate><altitudeMode>clampToGround</altitudeMode><coordinates>-0.04795457,43.21595904,428.96 -0.04801004,43.21573787,428.96</coordinates></LineString><LineString><tessellate>1</tessellate><altitudeMode>clampToGround</altitudeMode><coordinates>-0.04804332,43.21560517,428.96 -0.04809879,43.21538401,428.96</coordinates></LineString><LineString><tessellate>1</tessellate><altitudeMode>clampToGround</altitudeMode><coordinates>-0.04813207,43.21525131,428.96 -0.04818755,43.21503014,428.96</coordinates></LineString><LineString><tessellate>1</tessellate><altitudeMode>clampToGround</altitudeMode><coordinates>-0.04822083,43.21489744,428.96 -0.04827630,43.21467628,428.96</coordinates></LineString><LineString><tessellate>1</tessellate><altitudeMode>clampToGround</altitudeMode><coordinates>-0.04830958,43.21454358,428.96 -0.04836505,43.21432241,428.96</coordinates></LineString><LineString><tessellate>1</tessellate><altitudeMode>clampToGround</altitudeMode><coordinates>-0.04839833,43.21418971,428.96 -0.04845380,43.21396854,428.96</coordinates></LineString><LineString><tessellate>1</tessellate><altitudeMode>clampToGround</altitudeMode><coordinates>-0.04848709,43.21383584,428.96 -0.04854256,43.21361468,428.96</coordinates></LineString><LineString><tessellate>1</tessellate><altitudeMode>clampToGround</altitudeMode><coordinates>-0.04857584,43.21348198,428.96 -0.04863131,43.21326081,428.96</coordinates></LineString><LineString><tessellate>1</tessellate><altitudeMode>clampToGround</altitudeMode><coordinates>-0.04866459,43.21312811,428.96 -0.04872006,43.21290695,428.96</coordinates></LineString><LineString><tessellate>1</tessellate><altitudeMode>clampToGround</altitudeMode><coordinates>-0.04875334,43.21277425,428.96 -0.04880881,43.21255308,428.96</coordinates></LineString><LineString><tessellate>1</tessellate><altitudeMode>clampToGround</altitudeMode><coordinates>-0.04884210,43.21242038,428.96 -0.04889757,43.21219921,428.96</coordinates></LineString><LineString><tessellate>1</tessellate><altitudeMode>clampToGround</altitudeMode><coordinates>-0.04893085,43.21206651,428.96 -0.04898632,43.21184535,428.96</coordinates></LineString><LineString><tessellate>1</tessellate><altitudeMode>clampToGround</altitudeMode><coordinates>-0.04901960,43.21171265,428.96 -0.04907507,43.21149148,428.96</coordinates></LineString><LineString><tessellate>1</tessellate><altitudeMode>clampToGround</altitudeMode><coordinates>-0.04910836,43.21135878,428.96 -0.04916383,43.21113762,428.96</coordinates></LineString><LineString><tessellate>1</tessellate><altitudeMode>clampToGround</altitudeMode><coordinates>-0.04919711,43.21100492,428.96 -0.04925258,43.21078375,428.96</coordinates></LineString><LineString><tessellate>1</tessellate><altitudeMode>clampToGround</altitudeMode><coordinates>-0.04928586,43.21065105,428.96 -0.04934133,43.21042989,428.96</coordinates></LineString><LineString><tessellate>1</tessellate><altitudeMode>clampToGround</altitudeMode><coordinates>-0.04937461,43.21029719,428.96 -0.04943008,43.21007602,428.96</coordinates></LineString><LineString><tessellate>1</tessellate><altitudeMode>clampToGround</altitudeMode><coordinates>-0.04946337,43.20994332,428.96 -0.04951884,43.20972215,428.96</coordinates></LineString><LineString><tessellate>1</tessellate><altitudeMode>clampToGround</altitudeMode><coordinates>-0.04955212,43.20958945,428.96 -0.04960759,43.20936829,428.96</coordinates></LineString><LineString><tessellate>1</tessellate><altitudeMode>clampToGround</altitudeMode><coordinates>-0.04964087,43.20923559,428.96 -0.04969634,43.20901442,428.96</coordinates></LineString><LineString><tessellate>1</tessellate><altitudeMode>clampToGround</altitudeMode><coordinates>-0.04972962,43.20888172,428.96 -0.04978510,43.20866056,428.96</coordinates></LineString><LineString><tessellate>1</tessellate><altitudeMode>clampToGround</altitudeMode><coordinates>-0.04981838,43.20852786,428.96 -0.04987385,43.20830669,428.96</coordinates></LineString><LineString><tessellate>1</tessellate><altitudeMode>clampToGround</altitudeMode><coordinates>-0.04990713,43.20817399,428.96 -0.04996260,43.20795282,428.96</coordinates></LineString><LineString><tessellate>1</tessellate><altitudeMode>clampToGround</altitudeMode><coordinates>-0.04999588,43.20782012,428.96 -0.05005135,43.20759896,428.96</coordinates></LineString><LineString><tessellate>1</tessellate><altitudeMode>clampToGround</altitudeMode><coordinates>-0.05008464,43.20746626,428.96 -0.05014011,43.20724509,428.96</coordinates></LineString><LineString><tessellate>1</tessellate><altitudeMode>clampToGround</altitudeMode><coordinates>-0.05017339,43.20711239,428.96 -0.05022886,43.20689123,428.96</coordinates></LineString><LineString><tessellate>1</tessellate><altitudeMode>clampToGround</altitudeMode><coordinates>-0.05026214,43.20675853,428.96 -0.05031761,43.20653736,428.96</coordinates></LineString><LineString><tessellate>1</tessellate><altitudeMode>clampToGround</altitudeMode><coordinates>-0.05035089,43.20640466,428.96 -0.05040636,43.20618350,428.96</coordinates></LineString><LineString><tessellate>1</tessellate><altitudeMode>clampToGround</altitudeMode><coordinates>-0.05043965,43.20605080,428.96 -0.05049512,43.20582963,428.96</coordinates></LineString><LineString><tessellate>1</tessellate><altitudeMode>clampToGround</altitudeMode><coordinates>-0.05052840,43.20569693,428.96 -0.05058387,43.20547576,428.96</coordinates></LineString><LineString><tessellate>1</tessellate><altitudeMode>clampToGround</altitudeMode><coordinates>-0.05061715,43.20534306,428.96 -0.05067262,43.20512190,428.96</coordinates></LineString><LineString><tessellate>1</tessellate><altitudeMode>clampToGround</altitudeMode><coordinates>-0.05070591,43.20498920,428.96 -0.05076138,43.20476803,428.96</coordinates></LineString><LineString><tessellate>1</tessellate><altitudeMode>clampToGround</altitudeMode><coordinates>-0.05079466,43.20463533,428.96 -0.05085013,43.20441417,428.96</coordinates></LineString><LineString><tessellate>1</tessellate><altitudeMode>clampToGround</altitudeMode><coordinates>-0.05088341,43.20428147,428.96 -0.05093888,43.20406030,428.96</coordinates></LineString><LineString><tessellate>1</tessellate><altitudeMode>clampToGround</altitudeMode><coordinates>-0.05097216,43.20392760,428.96 -0.05102763,43.20370643,428.96</coordinates></LineString><LineString><tessellate>1</tessellate><altitudeMode>clampToGround</altitudeMode><coordinates>-0.05106092,43.20357373,428.96 -0.05111639,43.20335257,428.96</coordinates></LineString><LineString><tessellate>1</tessellate><altitudeMode>clampToGround</altitudeMode><coordinates>-0.05114967,43.20321987,428.96 -0.05120514,43.20299870,428.96</coordinates></LineString><LineString><tessellate>1</tessellate><altitudeMode>clampToGround</altitudeMode><coordinates>-0.05123842,43.20286600,428.96 -0.05129389,43.20264484,428.96</coordinates></LineString><LineString><tessellate>1</tessellate><altitudeMode>clampToGround</altitudeMode><coordinates>-0.05132717,43.20251214,428.96 -0.05138265,43.20229097,428.96</coordinates></LineString><LineString><tessellate>1</tessellate><altitudeMode>clampToGround</altitudeMode><coordinates>-0.05141593,43.20215827,428.96 -0.05147140,43.20193710,428.96</coordinates></LineString><LineString><tessellate>1</tessellate><altitudeMode>clampToGround</altitudeMode><coordinates>-0.05150468,43.20180441,428.96 -0.05156015,43.20158324,428.96</coordinates></LineString><LineString><tessellate>1</tessellate><altitudeMode>clampToGround</altitudeMode><coordinates>-0.05159343,43.20145054,428.96 -0.05164890,43.20122937,428.96</coordinates></LineString><LineString><tessellate>1</tessellate><altitudeMode>clampToGround</altitudeMode><coordinates>-0.05168219,43.20109667,428.96 -0.05173766,43.20087551,428.96</coordinates></LineString><LineString><tessellate>1</tessellate><altitudeMode>clampToGround</altitudeMode><coordinates>-0.05177094,43.20074281,428.96 -0.05182641,43.20052164,428.96</coordinates></LineString><LineString><tessellate>1</tessellate><altitudeMode>clampToGround</altitudeMode><coordinates>-0.05185969,43.20038894,428.96 -0.05191516,43.20016778,428.96</coordinates></LineString><LineString><tessellate>1</tessellate><altitudeMode>clampToGround</altitudeMode><coordinates>-0.05194844,43.20003508,428.96 -0.05200391,43.19981391,428.96</coordinates></LineString><LineString><tessellate>1</tessellate><altitudeMode>clampToGround</altitudeMode><coordinates>-0.05203720,43.19968121,428.96 -0.05209267,43.19946004,428.96</coordinates></LineString><LineString><tessellate>1</tessellate><altitudeMode>clampToGround</altitudeMode><coordinates>-0.05212595,43.19932734,428.96 -0.05218142,43.19910618,428.96</coordinates></LineString><LineString><tessellate>1</tessellate><altitudeMode>clampToGround</altitudeMode><coordinates>-0.05221470,43.19897348,428.96 -0.05227017,43.19875231,428.96</coordinates></LineString><LineString><tessellate>1</tessellate><altitudeMode>clampToGround</altitudeMode><coordinates>-0.05230346,43.19861961,428.96 -0.05235893,43.19839845,428.96</coordinates></LineString><LineString><tessellate>1</tessellate><altitudeMode>clampToGround</altitudeMode><coordinates>-0.05239221,43.19826575,428.96 -0.05243725,43.19808616,428.96</coordinates></LineString></MultiGeometry></Placemark>
<Placemark><name>sp02_v3_G150 — B</name><description>Azimut 190.4° — 2300 m</description><Point><altitudeMode>clampToGround</altitudeMode><coordinates>-0.05243725,43.19808616,428.96</coordinates></Point></Placemark>
<Placemark><name>Contour du secteur</name><description>Secteur demandé, non découpé par la zone</description><styleUrl>#s_secteur</styleUrl><MultiGeometry><LineString><tessellate>1</tessellate><altitudeMode>clampToGround</altitudeMode><coordinates>-0.04733330,43.21843610,428.96 -0.06992831,43.20591319,428.96 -0.06933778,43.20536666,428.96 -0.06872237,43.20483491,428.96 -0.06808277,43.20431853,428.96 -0.06741972,43.20381812,428.96 -0.06673395,43.20333424,428.96 -0.06602624,43.20286743,428.96 -0.06529740,43.20241822,428.96 -0.06454825,43.20198713,428.96 -0.06377963,43.20157464,428.96 -0.06299241,43.20118121,428.96 -0.06218749,43.20080729,428.96 -0.06136577,43.20045331,428.96 -0.06052819,43.20011966,428.96 -0.05967569,43.19980672,428.96 -0.05880923,43.19951484,428.96 -0.05792979,43.19924436,428.96 -0.05703837,43.19899558,428.96 -0.05613598,43.19876879,428.96 -0.05522364,43.19856423,428.96 -0.05430237,43.19838213,428.96 -0.05337323,43.19822272,428.96 -0.05243725,43.19808616,428.96 -0.04733330,43.21843610,428.96</coordinates></LineString></MultiGeometry></Placemark>
<Placemark><name>Cercle de portée (2300 m)</name><description></description><styleUrl>#s_cercle</styleUrl><MultiGeometry><LineString><tessellate>1</tessellate><altitudeMode>clampToGround</altitudeMode><coordinates>-0.01894618,43.21843610,428.96 -0.01896347,43.21915807,428.96 -0.01901533,43.21987916,428.96 -0.01910169,43.22059849,428.96 -0.01922244,43.22131518,428.96 -0.01937744,43.22202837,428.96 -0.01956651,43.22273718,428.96 -0.01978940,43.22344075,428.96 -0.02004585,43.22413823,428.96 -0.02033554,43.22482876,428.96 -0.02065813,43.22551149,428.96 -0.02101322,43.22618561,428.96 -0.02140038,43.22685029,428.96 -0.02181913,43.22750471,428.96 -0.02226896,43.22814809,428.96 -0.02274933,43.22877963,428.96 -0.02325966,43.22939857,428.96 -0.02379931,43.23000416,428.96 -0.02436764,43.23059565,428.96 -0.02496394,43.23117233,428.96 -0.02558750,43.23173349,428.96 -0.02623756,43.23227845,428.96 -0.02691331,43.23280654,428.96 -0.02761395,43.23331713,428.96 -0.02833861,43.23380959,428.96 -0.02908641,43.23428331,428.96 -0.02985644,43.23473773,428.96 -0.03064777,43.23517229,428.96 -0.03145942,43.23558646,428.96 -0.03229042,43.23597973,428.96 -0.03313974,43.23635162,428.96 -0.03400635,43.23670170,428.96 -0.03488921,43.23702951,428.96 -0.03578722,43.23733468,428.96 -0.03669930,43.23761681,428.96 -0.03762433,43.23787558,428.96 -0.03856120,43.23811067,428.96 -0.03950875,43.23832178,428.96 -0.04046583,43.23850867,428.96 -0.04143129,43.23867110,428.96 -0.04240393,43.23880888,428.96 -0.04338258,43.23892184,428.96 -0.04436604,43.23900984,428.96 -0.04535311,43.23907277,428.96 -0.04634260,43.23911056,428.96 -0.04733330,43.23912317,428.96 -0.04832400,43.23911056,428.96 -0.04931349,43.23907277,428.96 -0.05030056,43.23900984,428.96 -0.05128402,43.23892184,428.96 -0.05226267,43.23880888,428.96 -0.05323531,43.23867110,428.96 -0.05420077,43.23850867,428.96 -0.05515785,43.23832178,428.96 -0.05610540,43.23811067,428.96 -0.05704227,43.23787558,428.96 -0.05796730,43.23761681,428.96 -0.05887938,43.23733468,428.96 -0.05977739,43.23702951,428.96 -0.06066025,43.23670170,428.96 -0.06152686,43.23635162,428.96 -0.06237618,43.23597973,428.96 -0.06320718,43.23558646,428.96 -0.06401883,43.23517229,428.96 -0.06481016,43.23473773,428.96 -0.06558019,43.23428331,428.96 -0.06632799,43.23380959,428.96 -0.06705265,43.23331713,428.96 -0.06775329,43.23280654,428.96 -0.06842904,43.23227845,428.96 -0.06907910,43.23173349,428.96 -0.06970266,43.23117233,428.96 -0.07029896,43.23059565,428.96 -0.07086729,43.23000416,428.96 -0.07140694,43.22939857,428.96 -0.07191727,43.22877963,428.96 -0.07239764,43.22814809,428.96 -0.07284747,43.22750471,428.96 -0.07326622,43.22685029,428.96 -0.07365338,43.22618561,428.96 -0.07400847,43.22551149,428.96 -0.07433106,43.22482876,428.96 -0.07462075,43.22413823,428.96 -0.07487720,43.22344075,428.96 -0.07510009,43.22273718,428.96 -0.07528916,43.22202837,428.96 -0.07544416,43.22131518,428.96 -0.07556491,43.22059849,428.96 -0.07565127,43.21987916,428.96 -0.07570313,43.21915807,428.96 -0.07572042,43.21843610,428.96 -0.07570313,43.21771413,428.96 -0.07565127,43.21699304,428.96 -0.07556491,43.21627371,428.96 -0.07544416,43.21555702,428.96 -0.07528916,43.21484383,428.96 -0.07510009,43.21413502,428.96 -0.07487720,43.21343145,428.96 -0.07462075,43.21273397,428.96 -0.07433106,43.21204344,428.96 -0.07400847,43.21136071,428.96 -0.07365338,43.21068659,428.96 -0.07326622,43.21002191,428.96 -0.07284747,43.20936749,428.96 -0.07239764,43.20872411,428.96 -0.07191727,43.20809257,428.96 -0.07140694,43.20747363,428.96 -0.07086729,43.20686804,428.96 -0.07029896,43.20627655,428.96 -0.06970266,43.20569987,428.96 -0.06907910,43.20513871,428.96 -0.06842904,43.20459375,428.96 -0.06775329,43.20406566,428.96 -0.06705265,43.20355507,428.96 -0.06632799,43.20306261,428.96 -0.06558019,43.20258889,428.96 -0.06481016,43.20213447,428.96 -0.06401883,43.20169991,428.96 -0.06320718,43.20128574,428.96 -0.06237618,43.20089247,428.96 -0.06152686,43.20052058,428.96 -0.06066025,43.20017050,428.96 -0.05977739,43.19984269,428.96 -0.05887938,43.19953752,428.96 -0.05796730,43.19925539,428.96 -0.05704227,43.19899662,428.96 -0.05610540,43.19876153,428.96 -0.05515785,43.19855042,428.96 -0.05420077,43.19836353,428.96 -0.05323531,43.19820110,428.96 -0.05226267,43.19806332,428.96 -0.05128402,43.19795036,428.96 -0.05030056,43.19786236,428.96 -0.04931349,43.19779943,428.96 -0.04832400,43.19776164,428.96 -0.04733330,43.19774903,428.96 -0.04634260,43.19776164,428.96 -0.04535311,43.19779943,428.96 -0.04436604,43.19786236,428.96 -0.04338258,43.19795036,428.96 -0.04240393,43.19806332,428.96 -0.04143129,43.19820110,428.96 -0.04046583,43.19836353,428.96 -0.03950875,43.19855042,428.96 -0.03856120,43.19876153,428.96 -0.03762433,43.19899662,428.96 -0.03669930,43.19925539,428.96 -0.03578722,43.19953752,428.96 -0.03488921,43.19984269,428.96 -0.03400635,43.20017050,428.96 -0.03313974,43.20052058,428.96 -0.03229042,43.20089247,428.96 -0.03145942,43.20128574,428.96 -0.03064777,43.20169991,428.96 -0.02985644,43.20213447,428.96 -0.02908641,43.20258889,428.96 -0.02833861,43.20306261,428.96 -0.02761395,43.20355507,428.96 -0.02691331,43.20406566,428.96 -0.02623756,43.20459375,428.96 -0.02558750,43.20513871,428.96 -0.02496394,43.20569987,428.96 -0.02436764,43.20627655,428.96 -0.02379931,43.20686804,428.96 -0.02325966,43.20747363,428.96 -0.02274933,43.20809257,428.96 -0.02226896,43.20872411,428.96 -0.02181913,43.20936749,428.96 -0.02140038,43.21002191,428.96 -0.02101322,43.21068659,428.96 -0.02065813,43.21136071,428.96 -0.02033554,43.21204344,428.96 -0.02004585,43.21273397,428.96 -0.01978940,43.21343145,428.96 -0.01956651,43.21413502,428.96 -0.01937744,43.21484383,428.96 -0.01922244,43.21555702,428.96 -0.01910169,43.21627371,428.96 -0.01901533,43.21699304,428.96 -0.01896347,43.21771413,428.96 -0.01894618,43.21843610,428.96</coordinates></LineString></MultiGeometry></Placemark>
</Folder>
<Folder><name>SP02 J285 — 211.6° ± 12.5°</name><open>0</open>
<Placemark><name>Domaine (R = 3169 m)</name><description>Pas de tir : Rampe FusEx&lt;br/&gt;Zone : Périmètre de la base&lt;br/&gt;Groupe : sp02_v3_J285&lt;br/&gt;Azimut : 211.6°&lt;br/&gt;Demi-angle : ± 12.5°&lt;br/&gt;Portée : 3169 m&lt;br/&gt;Surface : 289.8 ha</description><styleUrl>#s_dom2</styleUrl><Polygon><extrude>0</extrude><altitudeMode>clampToGround</altitudeMode><outerBoundaryIs><LinearRing><coordinates>-0.04733330,43.21843610,428.96 -0.07524331,43.19743870,428.96 -0.07570280,43.19047780,428.96 -0.06411940,43.18800280,428.96 -0.06007500,43.19149352,428.96 -0.04733330,43.21843610,428.96</coordinates></LinearRing></outerBoundaryIs></Polygon></Placemark>
<Placemark><name>Limite A</name><description>Azimut 224.1° — 3169 m</description><styleUrl>#s_limites</styleUrl><MultiGeometry><LineString><tessellate>1</tessellate><altitudeMode>clampToGround</altitudeMode><coordinates>-0.04733330,43.21843610,428.96 -0.04754795,43.21827461,428.96</coordinates></LineString><LineString><tessellate>1</tessellate><altitudeMode>clampToGround</altitudeMode><coordinates>-0.04767675,43.21817772,428.96 -0.04789140,43.21801623,428.96</coordinates></LineString><LineString><tessellate>1</tessellate><altitudeMode>clampToGround</altitudeMode><coordinates>-0.04802019,43.21791933,428.96 -0.04823484,43.21775785,428.96</coordinates></LineString><LineString><tessellate>1</tessellate><altitudeMode>clampToGround</altitudeMode><coordinates>-0.04836364,43.21766095,428.96 -0.04857829,43.21749946,428.96</coordinates></LineString><LineString><tessellate>1</tessellate><altitudeMode>clampToGround</altitudeMode><coordinates>-0.04870708,43.21740257,428.96 -0.04892174,43.21724108,428.96</coordinates></LineString><LineString><tessellate>1</tessellate><altitudeMode>clampToGround</altitudeMode><coordinates>-0.04905053,43.21714419,428.96 -0.04926518,43.21698270,428.96</coordinates></LineString><LineString><tessellate>1</tessellate><altitudeMode>clampToGround</altitudeMode><coordinates>-0.04939397,43.21688580,428.96 -0.04960863,43.21672431,428.96</coordinates></LineString><LineString><tessellate>1</tessellate><altitudeMode>clampToGround</altitudeMode><coordinates>-0.04973742,43.21662742,428.96 -0.04995207,43.21646593,428.96</coordinates></LineString><LineString><tessellate>1</tessellate><altitudeMode>clampToGround</altitudeMode><coordinates>-0.05008086,43.21636904,428.96 -0.05029552,43.21620755,428.96</coordinates></LineString><LineString><tessellate>1</tessellate><altitudeMode>clampToGround</altitudeMode><coordinates>-0.05042431,43.21611066,428.96 -0.05063896,43.21594917,428.96</coordinates></LineString><LineString><tessellate>1</tessellate><altitudeMode>clampToGround</altitudeMode><coordinates>-0.05076775,43.21585227,428.96 -0.05098241,43.21569078,428.96</coordinates></LineString><LineString><tessellate>1</tessellate><altitudeMode>clampToGround</altitudeMode><coordinates>-0.05111120,43.21559389,428.96 -0.05132585,43.21543240,428.96</coordinates></LineString><LineString><tessellate>1</tessellate><altitudeMode>clampToGround</altitudeMode><coordinates>-0.05145465,43.21533551,428.96 -0.05166930,43.21517402,428.96</coordinates></LineString><LineString><tessellate>1</tessellate><altitudeMode>clampToGround</altitudeMode><coordinates>-0.05179809,43.21507713,428.96 -0.05201274,43.21491564,428.96</coordinates></LineString><LineString><tessellate>1</tessellate><altitudeMode>clampToGround</altitudeMode><coordinates>-0.05214154,43.21481874,428.96 -0.05235619,43.21465725,428.96</coordinates></LineString><LineString><tessellate>1</tessellate><altitudeMode>clampToGround</altitudeMode><coordinates>-0.05248498,43.21456036,428.96 -0.05269964,43.21439887,428.96</coordinates></LineString><LineString><tessellate>1</tessellate><altitudeMode>clampToGround</altitudeMode><coordinates>-0.05282843,43.21430198,428.96 -0.05304308,43.21414049,428.96</coordinates></LineString><LineString><tessellate>1</tessellate><altitudeMode>clampToGround</altitudeMode><coordinates>-0.05317187,43.21404359,428.96 -0.05338653,43.21388211,428.96</coordinates></LineString><LineString><tessellate>1</tessellate><altitudeMode>clampToGround</altitudeMode><coordinates>-0.05351532,43.21378521,428.96 -0.05372997,43.21362372,428.96</coordinates></LineString><LineString><tessellate>1</tessellate><altitudeMode>clampToGround</altitudeMode><coordinates>-0.05385876,43.21352683,428.96 -0.05407342,43.21336534,428.96</coordinates></LineString><LineString><tessellate>1</tessellate><altitudeMode>clampToGround</altitudeMode><coordinates>-0.05420221,43.21326845,428.96 -0.05441686,43.21310696,428.96</coordinates></LineString><LineString><tessellate>1</tessellate><altitudeMode>clampToGround</altitudeMode><coordinates>-0.05454565,43.21301006,428.96 -0.05476031,43.21284857,428.96</coordinates></LineString><LineString><tessellate>1</tessellate><altitudeMode>clampToGround</altitudeMode><coordinates>-0.05488910,43.21275168,428.96 -0.05510375,43.21259019,428.96</coordinates></LineString><LineString><tessellate>1</tessellate><altitudeMode>clampToGround</altitudeMode><coordinates>-0.05523255,43.21249330,428.96 -0.05544720,43.21233181,428.96</coordinates></LineString><LineString><tessellate>1</tessellate><altitudeMode>clampToGround</altitudeMode><coordinates>-0.05557599,43.21223492,428.96 -0.05579064,43.21207343,428.96</coordinates></LineString><LineString><tessellate>1</tessellate><altitudeMode>clampToGround</altitudeMode><coordinates>-0.05591944,43.21197653,428.96 -0.05613409,43.21181504,428.96</coordinates></LineString><LineString><tessellate>1</tessellate><altitudeMode>clampToGround</altitudeMode><coordinates>-0.05626288,43.21171815,428.96 -0.05647754,43.21155666,428.96</coordinates></LineString><LineString><tessellate>1</tessellate><altitudeMode>clampToGround</altitudeMode><coordinates>-0.05660633,43.21145977,428.96 -0.05682098,43.21129828,428.96</coordinates></LineString><LineString><tessellate>1</tessellate><altitudeMode>clampToGround</altitudeMode><coordinates>-0.05694977,43.21120139,428.96 -0.05716443,43.21103990,428.96</coordinates></LineString><LineString><tessellate>1</tessellate><altitudeMode>clampToGround</altitudeMode><coordinates>-0.05729322,43.21094300,428.96 -0.05750787,43.21078151,428.96</coordinates></LineString><LineString><tessellate>1</tessellate><altitudeMode>clampToGround</altitudeMode><coordinates>-0.05763666,43.21068462,428.96 -0.05785132,43.21052313,428.96</coordinates></LineString><LineString><tessellate>1</tessellate><altitudeMode>clampToGround</altitudeMode><coordinates>-0.05798011,43.21042624,428.96 -0.05819476,43.21026475,428.96</coordinates></LineString><LineString><tessellate>1</tessellate><altitudeMode>clampToGround</altitudeMode><coordinates>-0.05832356,43.21016785,428.96 -0.05853821,43.21000637,428.96</coordinates></LineString><LineString><tessellate>1</tessellate><altitudeMode>clampToGround</altitudeMode><coordinates>-0.05866700,43.20990947,428.96 -0.05888165,43.20974798,428.96</coordinates></LineString><LineString><tessellate>1</tessellate><altitudeMode>clampToGround</altitudeMode><coordinates>-0.05901045,43.20965109,428.96 -0.05922510,43.20948960,428.96</coordinates></LineString><LineString><tessellate>1</tessellate><altitudeMode>clampToGround</altitudeMode><coordinates>-0.05935389,43.20939271,428.96 -0.05956854,43.20923122,428.96</coordinates></LineString><LineString><tessellate>1</tessellate><altitudeMode>clampToGround</altitudeMode><coordinates>-0.05969734,43.20913432,428.96 -0.05991199,43.20897283,428.96</coordinates></LineString><LineString><tessellate>1</tessellate><altitudeMode>clampToGround</altitudeMode><coordinates>-0.06004078,43.20887594,428.96 -0.06025544,43.20871445,428.96</coordinates></LineString><LineString><tessellate>1</tessellate><altitudeMode>clampToGround</altitudeMode><coordinates>-0.06038423,43.20861756,428.96 -0.06059888,43.20845607,428.96</coordinates></LineString><LineString><tessellate>1</tessellate><altitudeMode>clampToGround</altitudeMode><coordinates>-0.06072767,43.20835918,428.96 -0.06094233,43.20819769,428.96</coordinates></LineString><LineString><tessellate>1</tessellate><altitudeMode>clampToGround</altitudeMode><coordinates>-0.06107112,43.20810079,428.96 -0.06128577,43.20793930,428.96</coordinates></LineString><LineString><tessellate>1</tessellate><altitudeMode>clampToGround</altitudeMode><coordinates>-0.06141456,43.20784241,428.96 -0.06162922,43.20768092,428.96</coordinates></LineString><LineString><tessellate>1</tessellate><altitudeMode>clampToGround</altitudeMode><coordinates>-0.06175801,43.20758403,428.96 -0.06197266,43.20742254,428.96</coordinates></LineString><LineString><tessellate>1</tessellate><altitudeMode>clampToGround</altitudeMode><coordinates>-0.06210146,43.20732565,428.96 -0.06231611,43.20716416,428.96</coordinates></LineString><LineString><tessellate>1</tessellate><altitudeMode>clampToGround</altitudeMode><coordinates>-0.06244490,43.20706726,428.96 -0.06265955,43.20690577,428.96</coordinates></LineString><LineString><tessellate>1</tessellate><altitudeMode>clampToGround</altitudeMode><coordinates>-0.06278835,43.20680888,428.96 -0.06300300,43.20664739,428.96</coordinates></LineString><LineString><tessellate>1</tessellate><altitudeMode>clampToGround</altitudeMode><coordinates>-0.06313179,43.20655050,428.96 -0.06334645,43.20638901,428.96</coordinates></LineString><LineString><tessellate>1</tessellate><altitudeMode>clampToGround</altitudeMode><coordinates>-0.06347524,43.20629211,428.96 -0.06368989,43.20613063,428.96</coordinates></LineString><LineString><tessellate>1</tessellate><altitudeMode>clampToGround</altitudeMode><coordinates>-0.06381868,43.20603373,428.96 -0.06403334,43.20587224,428.96</coordinates></LineString><LineString><tessellate>1</tessellate><altitudeMode>clampToGround</altitudeMode><coordinates>-0.06416213,43.20577535,428.96 -0.06437678,43.20561386,428.96</coordinates></LineString><LineString><tessellate>1</tessellate><altitudeMode>clampToGround</altitudeMode><coordinates>-0.06450557,43.20551697,428.96 -0.06472023,43.20535548,428.96</coordinates></LineString><LineString><tessellate>1</tessellate><altitudeMode>clampToGround</altitudeMode><coordinates>-0.06484902,43.20525858,428.96 -0.06506367,43.20509709,428.96</coordinates></LineString><LineString><tessellate>1</tessellate><altitudeMode>clampToGround</altitudeMode><coordinates>-0.06519246,43.20500020,428.96 -0.06540712,43.20483871,428.96</coordinates></LineString><LineString><tessellate>1</tessellate><altitudeMode>clampToGround</altitudeMode><coordinates>-0.06553591,43.20474182,428.96 -0.06575056,43.20458033,428.96</coordinates></LineString><LineString><tessellate>1</tessellate><altitudeMode>clampToGround</altitudeMode><coordinates>-0.06587936,43.20448344,428.96 -0.06609401,43.20432195,428.96</coordinates></LineString><LineString><tessellate>1</tessellate><altitudeMode>clampToGround</altitudeMode><coordinates>-0.06622280,43.20422505,428.96 -0.06643745,43.20406356,428.96</coordinates></LineString><LineString><tessellate>1</tessellate><altitudeMode>clampToGround</altitudeMode><coordinates>-0.06656625,43.20396667,428.96 -0.06678090,43.20380518,428.96</coordinates></LineString><LineString><tessellate>1</tessellate><altitudeMode>clampToGround</altitudeMode><coordinates>-0.06690969,43.20370829,428.96 -0.06712435,43.20354680,428.96</coordinates></LineString><LineString><tessellate>1</tessellate><altitudeMode>clampToGround</altitudeMode><coordinates>-0.06725314,43.20344991,428.96 -0.06746779,43.20328842,428.96</coordinates></LineString><LineString><tessellate>1</tessellate><altitudeMode>clampToGround</altitudeMode><coordinates>-0.06759658,43.20319152,428.96 -0.06781124,43.20303003,428.96</coordinates></LineString><LineString><tessellate>1</tessellate><altitudeMode>clampToGround</altitudeMode><coordinates>-0.06794003,43.20293314,428.96 -0.06815468,43.20277165,428.96</coordinates></LineString><LineString><tessellate>1</tessellate><altitudeMode>clampToGround</altitudeMode><coordinates>-0.06828347,43.20267476,428.96 -0.06849813,43.20251327,428.96</coordinates></LineString><LineString><tessellate>1</tessellate><altitudeMode>clampToGround</altitudeMode><coordinates>-0.06862692,43.20241637,428.96 -0.06884157,43.20225489,428.96</coordinates></LineString><LineString><tessellate>1</tessellate><altitudeMode>clampToGround</altitudeMode><coordinates>-0.06897036,43.20215799,428.96 -0.06918502,43.20199650,428.96</coordinates></LineString><LineString><tessellate>1</tessellate><altitudeMode>clampToGround</altitudeMode><coordinates>-0.06931381,43.20189961,428.96 -0.06952846,43.20173812,428.96</coordinates></LineString><LineString><tessellate>1</tessellate><altitudeMode>clampToGround</altitudeMode><coordinates>-0.06965726,43.20164123,428.96 -0.06987191,43.20147974,428.96</coordinates></LineString><LineString><tessellate>1</tessellate><altitudeMode>clampToGround</altitudeMode><coordinates>-0.07000070,43.20138284,428.96 -0.07021535,43.20122135,428.96</coordinates></LineString><LineString><tessellate>1</tessellate><altitudeMode>clampToGround</altitudeMode><coordinates>-0.07034415,43.20112446,428.96 -0.07055880,43.20096297,428.96</coordinates></LineString><LineString><tessellate>1</tessellate><altitudeMode>clampToGround</altitudeMode><coordinates>-0.07068759,43.20086608,428.96 -0.07090225,43.20070459,428.96</coordinates></LineString><LineString><tessellate>1</tessellate><altitudeMode>clampToGround</altitudeMode><coordinates>-0.07103104,43.20060770,428.96 -0.07124569,43.20044621,428.96</coordinates></LineString><LineString><tessellate>1</tessellate><altitudeMode>clampToGround</altitudeMode><coordinates>-0.07137448,43.20034931,428.96 -0.07158914,43.20018782,428.96</coordinates></LineString><LineString><tessellate>1</tessellate><altitudeMode>clampToGround</altitudeMode><coordinates>-0.07171793,43.20009093,428.96 -0.07193258,43.19992944,428.96</coordinates></LineString><LineString><tessellate>1</tessellate><altitudeMode>clampToGround</altitudeMode><coordinates>-0.07206137,43.19983255,428.96 -0.07227603,43.19967106,428.96</coordinates></LineString><LineString><tessellate>1</tessellate><altitudeMode>clampToGround</altitudeMode><coordinates>-0.07240482,43.19957417,428.96 -0.07261947,43.19941268,428.96</coordinates></LineString><LineString><tessellate>1</tessellate><altitudeMode>clampToGround</altitudeMode><coordinates>-0.07274826,43.19931578,428.96 -0.07296292,43.19915429,428.96</coordinates></LineString><LineString><tessellate>1</tessellate><altitudeMode>clampToGround</altitudeMode><coordinates>-0.07309171,43.19905740,428.96 -0.07330636,43.19889591,428.96</coordinates></LineString><LineString><tessellate>1</tessellate><altitudeMode>clampToGround</altitudeMode><coordinates>-0.07343516,43.19879902,428.96 -0.07364981,43.19863753,428.96</coordinates></LineString><LineString><tessellate>1</tessellate><altitudeMode>clampToGround</altitudeMode><coordinates>-0.07377860,43.19854063,428.96 -0.07399325,43.19837915,428.96</coordinates></LineString><LineString><tessellate>1</tessellate><altitudeMode>clampToGround</altitudeMode><coordinates>-0.07412205,43.19828225,428.96 -0.07433670,43.19812076,428.96</coordinates></LineString><LineString><tessellate>1</tessellate><altitudeMode>clampToGround</altitudeMode><coordinates>-0.07446549,43.19802387,428.96 -0.07454105,43.19796703,428.96</coordinates></LineString></MultiGeometry></Placemark>
<Placemark><name>sp02_v3_J285 — A</name><description>Azimut 224.1° — 3169 m</description><Point><altitudeMode>clampToGround</altitudeMode><coordinates>-0.07454105,43.19796703,428.96</coordinates></Point></Placemark>
<Placemark><name>Limite B</name><description>Azimut 199.0° — 3169 m</description><styleUrl>#s_limites</styleUrl><MultiGeometry><LineString><tessellate>1</tessellate><altitudeMode>clampToGround</altitudeMode><coordinates>-0.04733330,43.21843610,428.96 -0.04743382,43.21822354,428.96</coordinates></LineString><LineString><tessellate>1</tessellate><altitudeMode>clampToGround</altitudeMode><coordinates>-0.04749414,43.21809600,428.96 -0.04759466,43.21788344,428.96</coordinates></LineString><LineString><tessellate>1</tessellate><altitudeMode>clampToGround</altitudeMode><coordinates>-0.04765498,43.21775591,428.96 -0.04775550,43.21754335,428.96</coordinates></LineString><LineString><tessellate>1</tessellate><altitudeMode>clampToGround</altitudeMode><coordinates>-0.04781582,43.21741581,428.96 -0.04791634,43.21720325,428.96</coordinates></LineString><LineString><tessellate>1</tessellate><altitudeMode>clampToGround</altitudeMode><coordinates>-0.04797666,43.21707571,428.96 -0.04807718,43.21686315,428.96</coordinates></LineString><LineString><tessellate>1</tessellate><altitudeMode>clampToGround</altitudeMode><coordinates>-0.04813749,43.21673562,428.96 -0.04823802,43.21652305,428.96</coordinates></LineString><LineString><tessellate>1</tessellate><altitudeMode>clampToGround</altitudeMode><coordinates>-0.04829833,43.21639552,428.96 -0.04839886,43.21618296,428.96</coordinates></LineString><LineString><tessellate>1</tessellate><altitudeMode>clampToGround</altitudeMode><coordinates>-0.04845917,43.21605542,428.96 -0.04855970,43.21584286,428.96</coordinates></LineString><LineString><tessellate>1</tessellate><altitudeMode>clampToGround</altitudeMode><coordinates>-0.04862001,43.21571532,428.96 -0.04872053,43.21550276,428.96</coordinates></LineString><LineString><tessellate>1</tessellate><altitudeMode>clampToGround</altitudeMode><coordinates>-0.04878085,43.21537523,428.96 -0.04888137,43.21516267,428.96</coordinates></LineString><LineString><tessellate>1</tessellate><altitudeMode>clampToGround</altitudeMode><coordinates>-0.04894169,43.21503513,428.96 -0.04904221,43.21482257,428.96</coordinates></LineString><LineString><tessellate>1</tessellate><altitudeMode>clampToGround</altitudeMode><coordinates>-0.04910253,43.21469503,428.96 -0.04920305,43.21448247,428.96</coordinates></LineString><LineString><tessellate>1</tessellate><altitudeMode>clampToGround</altitudeMode><coordinates>-0.04926337,43.21435494,428.96 -0.04936389,43.21414238,428.96</coordinates></LineString><LineString><tessellate>1</tessellate><altitudeMode>clampToGround</altitudeMode><coordinates>-0.04942420,43.21401484,428.96 -0.04952473,43.21380228,428.96</coordinates></LineString><LineString><tessellate>1</tessellate><altitudeMode>clampToGround</altitudeMode><coordinates>-0.04958504,43.21367474,428.96 -0.04968557,43.21346218,428.96</coordinates></LineString><LineString><tessellate>1</tessellate><altitudeMode>clampToGround</altitudeMode><coordinates>-0.04974588,43.21333465,428.96 -0.04984641,43.21312209,428.96</coordinates></LineString><LineString><tessellate>1</tessellate><altitudeMode>clampToGround</altitudeMode><coordinates>-0.04990672,43.21299455,428.96 -0.05000725,43.21278199,428.96</coordinates></LineString><LineString><tessellate>1</tessellate><altitudeMode>clampToGround</altitudeMode><coordinates>-0.05006756,43.21265445,428.96 -0.05016808,43.21244189,428.96</coordinates></LineString><LineString><tessellate>1</tessellate><altitudeMode>clampToGround</altitudeMode><coordinates>-0.05022840,43.21231436,428.96 -0.05032892,43.21210179,428.96</coordinates></LineString><LineString><tessellate>1</tessellate><altitudeMode>clampToGround</altitudeMode><coordinates>-0.05038924,43.21197426,428.96 -0.05048976,43.21176170,428.96</coordinates></LineString><LineString><tessellate>1</tessellate><altitudeMode>clampToGround</altitudeMode><coordinates>-0.05055008,43.21163416,428.96 -0.05065060,43.21142160,428.96</coordinates></LineString><LineString><tessellate>1</tessellate><altitudeMode>clampToGround</altitudeMode><coordinates>-0.05071091,43.21129406,428.96 -0.05081144,43.21108150,428.96</coordinates></LineString><LineString><tessellate>1</tessellate><altitudeMode>clampToGround</altitudeMode><coordinates>-0.05087175,43.21095397,428.96 -0.05097228,43.21074141,428.96</coordinates></LineString><LineString><tessellate>1</tessellate><altitudeMode>clampToGround</altitudeMode><coordinates>-0.05103259,43.21061387,428.96 -0.05113312,43.21040131,428.96</coordinates></LineString><LineString><tessellate>1</tessellate><altitudeMode>clampToGround</altitudeMode><coordinates>-0.05119343,43.21027377,428.96 -0.05129396,43.21006121,428.96</coordinates></LineString><LineString><tessellate>1</tessellate><altitudeMode>clampToGround</altitudeMode><coordinates>-0.05135427,43.20993368,428.96 -0.05145479,43.20972112,428.96</coordinates></LineString><LineString><tessellate>1</tessellate><altitudeMode>clampToGround</altitudeMode><coordinates>-0.05151511,43.20959358,428.96 -0.05161563,43.20938102,428.96</coordinates></LineString><LineString><tessellate>1</tessellate><altitudeMode>clampToGround</altitudeMode><coordinates>-0.05167595,43.20925348,428.96 -0.05177647,43.20904092,428.96</coordinates></LineString><LineString><tessellate>1</tessellate><altitudeMode>clampToGround</altitudeMode><coordinates>-0.05183679,43.20891339,428.96 -0.05193731,43.20870083,428.96</coordinates></LineString><LineString><tessellate>1</tessellate><altitudeMode>clampToGround</altitudeMode><coordinates>-0.05199763,43.20857329,428.96 -0.05209815,43.20836073,428.96</coordinates></LineString><LineString><tessellate>1</tessellate><altitudeMode>clampToGround</altitudeMode><coordinates>-0.05215846,43.20823319,428.96 -0.05225899,43.20802063,428.96</coordinates></LineString><LineString><tessellate>1</tessellate><altitudeMode>clampToGround</altitudeMode><coordinates>-0.05231930,43.20789310,428.96 -0.05241983,43.20768053,428.96</coordinates></LineString><LineString><tessellate>1</tessellate><altitudeMode>clampToGround</altitudeMode><coordinates>-0.05248014,43.20755300,428.96 -0.05258067,43.20734044,428.96</coordinates></LineString><LineString><tessellate>1</tessellate><altitudeMode>clampToGround</altitudeMode><coordinates>-0.05264098,43.20721290,428.96 -0.05274150,43.20700034,428.96</coordinates></LineString><LineString><tessellate>1</tessellate><altitudeMode>clampToGround</altitudeMode><coordinates>-0.05280182,43.20687280,428.96 -0.05290234,43.20666024,428.96</coordinates></LineString><LineString><tessellate>1</tessellate><altitudeMode>clampToGround</altitudeMode><coordinates>-0.05296266,43.20653271,428.96 -0.05306318,43.20632015,428.96</coordinates></LineString><LineString><tessellate>1</tessellate><altitudeMode>clampToGround</altitudeMode><coordinates>-0.05312350,43.20619261,428.96 -0.05322402,43.20598005,428.96</coordinates></LineString><LineString><tessellate>1</tessellate><altitudeMode>clampToGround</altitudeMode><coordinates>-0.05328434,43.20585251,428.96 -0.05338486,43.20563995,428.96</coordinates></LineString><LineString><tessellate>1</tessellate><altitudeMode>clampToGround</altitudeMode><coordinates>-0.05344517,43.20551242,428.96 -0.05354570,43.20529986,428.96</coordinates></LineString><LineString><tessellate>1</tessellate><altitudeMode>clampToGround</altitudeMode><coordinates>-0.05360601,43.20517232,428.96 -0.05370654,43.20495976,428.96</coordinates></LineString><LineString><tessellate>1</tessellate><altitudeMode>clampToGround</altitudeMode><coordinates>-0.05376685,43.20483222,428.96 -0.05386738,43.20461966,428.96</coordinates></LineString><LineString><tessellate>1</tessellate><altitudeMode>clampToGround</altitudeMode><coordinates>-0.05392769,43.20449213,428.96 -0.05402822,43.20427957,428.96</coordinates></LineString><LineString><tessellate>1</tessellate><altitudeMode>clampToGround</altitudeMode><coordinates>-0.05408853,43.20415203,428.96 -0.05418905,43.20393947,428.96</coordinates></LineString><LineString><tessellate>1</tessellate><altitudeMode>clampToGround</altitudeMode><coordinates>-0.05424937,43.20381193,428.96 -0.05434989,43.20359937,428.96</coordinates></LineString><LineString><tessellate>1</tessellate><altitudeMode>clampToGround</altitudeMode><coordinates>-0.05441021,43.20347184,428.96 -0.05451073,43.20325927,428.96</coordinates></LineString><LineString><tessellate>1</tessellate><altitudeMode>clampToGround</altitudeMode><coordinates>-0.05457105,43.20313174,428.96 -0.05467157,43.20291918,428.96</coordinates></LineString><LineString><tessellate>1</tessellate><altitudeMode>clampToGround</altitudeMode><coordinates>-0.05473188,43.20279164,428.96 -0.05483241,43.20257908,428.96</coordinates></LineString><LineString><tessellate>1</tessellate><altitudeMode>clampToGround</altitudeMode><coordinates>-0.05489272,43.20245154,428.96 -0.05499325,43.20223898,428.96</coordinates></LineString><LineString><tessellate>1</tessellate><altitudeMode>clampToGround</altitudeMode><coordinates>-0.05505356,43.20211145,428.96 -0.05515409,43.20189889,428.96</coordinates></LineString><LineString><tessellate>1</tessellate><altitudeMode>clampToGround</altitudeMode><coordinates>-0.05521440,43.20177135,428.96 -0.05531493,43.20155879,428.96</coordinates></LineString><LineString><tessellate>1</tessellate><altitudeMode>clampToGround</altitudeMode><coordinates>-0.05537524,43.20143125,428.96 -0.05547576,43.20121869,428.96</coordinates></LineString><LineString><tessellate>1</tessellate><altitudeMode>clampToGround</altitudeMode><coordinates>-0.05553608,43.20109116,428.96 -0.05563660,43.20087860,428.96</coordinates></LineString><LineString><tessellate>1</tessellate><altitudeMode>clampToGround</altitudeMode><coordinates>-0.05569692,43.20075106,428.96 -0.05579744,43.20053850,428.96</coordinates></LineString><LineString><tessellate>1</tessellate><altitudeMode>clampToGround</altitudeMode><coordinates>-0.05585776,43.20041096,428.96 -0.05595828,43.20019840,428.96</coordinates></LineString><LineString><tessellate>1</tessellate><altitudeMode>clampToGround</altitudeMode><coordinates>-0.05601860,43.20007087,428.96 -0.05611912,43.19985831,428.96</coordinates></LineString><LineString><tessellate>1</tessellate><altitudeMode>clampToGround</altitudeMode><coordinates>-0.05617943,43.19973077,428.96 -0.05627996,43.19951821,428.96</coordinates></LineString><LineString><tessellate>1</tessellate><altitudeMode>clampToGround</altitudeMode><coordinates>-0.05634027,43.19939067,428.96 -0.05644080,43.19917811,428.96</coordinates></LineString><LineString><tessellate>1</tessellate><altitudeMode>clampToGround</altitudeMode><coordinates>-0.05650111,43.19905058,428.96 -0.05660164,43.19883801,428.96</coordinates></LineString><LineString><tessellate>1</tessellate><altitudeMode>clampToGround</altitudeMode><coordinates>-0.05666195,43.19871048,428.96 -0.05676247,43.19849792,428.96</coordinates></LineString><LineString><tessellate>1</tessellate><altitudeMode>clampToGround</altitudeMode><coordinates>-0.05682279,43.19837038,428.96 -0.05692331,43.19815782,428.96</coordinates></LineString><LineString><tessellate>1</tessellate><altitudeMode>clampToGround</altitudeMode><coordinates>-0.05698363,43.19803028,428.96 -0.05708415,43.19781772,428.96</coordinates></LineString><LineString><tessellate>1</tessellate><altitudeMode>clampToGround</altitudeMode><coordinates>-0.05714447,43.19769019,428.96 -0.05724499,43.19747763,428.96</coordinates></LineString><LineString><tessellate>1</tessellate><altitudeMode>clampToGround</altitudeMode><coordinates>-0.05730531,43.19735009,428.96 -0.05740583,43.19713753,428.96</coordinates></LineString><LineString><tessellate>1</tessellate><altitudeMode>clampToGround</altitudeMode><coordinates>-0.05746614,43.19700999,428.96 -0.05756667,43.19679743,428.96</coordinates></LineString><LineString><tessellate>1</tessellate><altitudeMode>clampToGround</altitudeMode><coordinates>-0.05762698,43.19666990,428.96 -0.05772751,43.19645734,428.96</coordinates></LineString><LineString><tessellate>1</tessellate><altitudeMode>clampToGround</altitudeMode><coordinates>-0.05778782,43.19632980,428.96 -0.05788835,43.19611724,428.96</coordinates></LineString><LineString><tessellate>1</tessellate><altitudeMode>clampToGround</altitudeMode><coordinates>-0.05794866,43.19598970,428.96 -0.05804919,43.19577714,428.96</coordinates></LineString><LineString><tessellate>1</tessellate><altitudeMode>clampToGround</altitudeMode><coordinates>-0.05810950,43.19564961,428.96 -0.05821002,43.19543705,428.96</coordinates></LineString><LineString><tessellate>1</tessellate><altitudeMode>clampToGround</altitudeMode><coordinates>-0.05827034,43.19530951,428.96 -0.05837086,43.19509695,428.96</coordinates></LineString><LineString><tessellate>1</tessellate><altitudeMode>clampToGround</altitudeMode><coordinates>-0.05843118,43.19496941,428.96 -0.05853170,43.19475685,428.96</coordinates></LineString><LineString><tessellate>1</tessellate><altitudeMode>clampToGround</altitudeMode><coordinates>-0.05859202,43.19462932,428.96 -0.05869254,43.19441675,428.96</coordinates></LineString><LineString><tessellate>1</tessellate><altitudeMode>clampToGround</altitudeMode><coordinates>-0.05875285,43.19428922,428.96 -0.05885338,43.19407666,428.96</coordinates></LineString><LineString><tessellate>1</tessellate><altitudeMode>clampToGround</altitudeMode><coordinates>-0.05891369,43.19394912,428.96 -0.05901422,43.19373656,428.96</coordinates></LineString><LineString><tessellate>1</tessellate><altitudeMode>clampToGround</altitudeMode><coordinates>-0.05907453,43.19360902,428.96 -0.05917506,43.19339646,428.96</coordinates></LineString><LineString><tessellate>1</tessellate><altitudeMode>clampToGround</altitudeMode><coordinates>-0.05923537,43.19326893,428.96 -0.05933590,43.19305637,428.96</coordinates></LineString><LineString><tessellate>1</tessellate><altitudeMode>clampToGround</altitudeMode><coordinates>-0.05939621,43.19292883,428.96 -0.05949673,43.19271627,428.96</coordinates></LineString><LineString><tessellate>1</tessellate><altitudeMode>clampToGround</altitudeMode><coordinates>-0.05955705,43.19258873,428.96 -0.05965757,43.19237617,428.96</coordinates></LineString><LineString><tessellate>1</tessellate><altitudeMode>clampToGround</altitudeMode><coordinates>-0.05971789,43.19224864,428.96 -0.05981841,43.19203608,428.96</coordinates></LineString><LineString><tessellate>1</tessellate><altitudeMode>clampToGround</altitudeMode><coordinates>-0.05987873,43.19190854,428.96 -0.05997925,43.19169598,428.96</coordinates></LineString><LineString><tessellate>1</tessellate><altitudeMode>clampToGround</altitudeMode><coordinates>-0.06003957,43.19156844,428.96 -0.06007495,43.19149362,428.96</coordinates></LineString></MultiGeometry></Placemark>
<Placemark><name>sp02_v3_J285 — B</name><description>Azimut 199.0° — 3169 m</description><Point><altitudeMode>clampToGround</altitudeMode><coordinates>-0.06007495,43.19149362,428.96</coordinates></Point></Placemark>
<Placemark><name>Contour du secteur</name><description>Secteur demandé, non découpé par la zone</description><styleUrl>#s_secteur</styleUrl><MultiGeometry><LineString><tessellate>1</tessellate><altitudeMode>clampToGround</altitudeMode><coordinates>-0.04733330,43.21843610,428.96 -0.07454105,43.19796703,428.96 -0.07358036,43.19731134,428.96 -0.07258992,43.19667958,428.96 -0.07157088,43.19607247,428.96 -0.07052437,43.19549070,428.96 -0.06945160,43.19493492,428.96 -0.06835376,43.19440577,428.96 -0.06723211,43.19390385,428.96 -0.06608791,43.19342972,428.96 -0.06492247,43.19298391,428.96 -0.06373709,43.19256695,428.96 -0.06253314,43.19217929,428.96 -0.06131196,43.19182138,428.96 -0.06007495,43.19149362,428.96 -0.04733330,43.21843610,428.96</coordinates></LineString></MultiGeometry></Placemark>
<Placemark><name>Cercle de portée (3169 m)</name><description></description><styleUrl>#s_cercle</styleUrl><MultiGeometry><LineString><tessellate>1</tessellate><altitudeMode>clampToGround</altitudeMode><coordinates>-0.00822835,43.21843610,428.96 -0.00825218,43.21943065,428.96 -0.00832361,43.22042400,428.96 -0.00844258,43.22141492,428.96 -0.00860892,43.22240221,428.96 -0.00882245,43.22338467,428.96 -0.00908289,43.22436110,428.96 -0.00938994,43.22533031,428.96 -0.00974321,43.22629112,428.96 -0.01014229,43.22724236,428.96 -0.01058667,43.22818288,428.96 -0.01107583,43.22911151,428.96 -0.01160915,43.23002714,428.96 -0.01218601,43.23092865,428.96 -0.01280568,43.23181494,428.96 -0.01346742,43.23268493,428.96 -0.01417043,43.23353756,428.96 -0.01491383,43.23437179,428.96 -0.01569673,43.23518661,428.96 -0.01651818,43.23598101,428.96 -0.01737717,43.23675405,428.96 -0.01827266,43.23750476,428.96 -0.01920356,43.23823224,428.96 -0.02016872,43.23893560,428.96 -0.02116698,43.23961399,428.96 -0.02219713,43.24026658,428.96 -0.02325789,43.24089257,428.96 -0.02434799,43.24149119,428.96 -0.02546609,43.24206173,428.96 -0.02661084,43.24260349,428.96 -0.02778083,43.24311580,428.96 -0.02897464,43.24359804,428.96 -0.03019082,43.24404963,428.96 -0.03142789,43.24447001,428.96 -0.03268433,43.24485867,428.96 -0.03395862,43.24521514,428.96 -0.03524921,43.24553899,428.96 -0.03655452,43.24582981,428.96 -0.03787296,43.24608726,428.96 -0.03920292,43.24631102,428.96 -0.04054280,43.24650082,428.96 -0.04189094,43.24665643,428.96 -0.04324572,43.24677765,428.96 -0.04460548,43.24686434,428.96 -0.04596856,43.24691640,428.96 -0.04733330,43.24693376,428.96 -0.04869804,43.24691640,428.96 -0.05006112,43.24686434,428.96 -0.05142088,43.24677765,428.96 -0.05277566,43.24665643,428.96 -0.05412380,43.24650082,428.96 -0.05546368,43.24631102,428.96 -0.05679364,43.24608726,428.96 -0.05811208,43.24582981,428.96 -0.05941739,43.24553899,428.96 -0.06070798,43.24521514,428.96 -0.06198227,43.24485867,428.96 -0.06323871,43.24447001,428.96 -0.06447578,43.24404963,428.96 -0.06569196,43.24359804,428.96 -0.06688577,43.24311580,428.96 -0.06805576,43.24260349,428.96 -0.06920051,43.24206173,428.96 -0.07031861,43.24149119,428.96 -0.07140871,43.24089257,428.96 -0.07246947,43.24026658,428.96 -0.07349962,43.23961399,428.96 -0.07449788,43.23893560,428.96 -0.07546304,43.23823224,428.96 -0.07639394,43.23750476,428.96 -0.07728943,43.23675405,428.96 -0.07814842,43.23598101,428.96 -0.07896987,43.23518661,428.96 -0.07975277,43.23437179,428.96 -0.08049617,43.23353756,428.96 -0.08119918,43.23268493,428.96 -0.08186092,43.23181494,428.96 -0.08248059,43.23092865,428.96 -0.08305745,43.23002714,428.96 -0.08359077,43.22911151,428.96 -0.08407993,43.22818288,428.96 -0.08452431,43.22724236,428.96 -0.08492339,43.22629112,428.96 -0.08527666,43.22533031,428.96 -0.08558371,43.22436110,428.96 -0.08584415,43.22338467,428.96 -0.08605768,43.22240221,428.96 -0.08622402,43.22141492,428.96 -0.08634299,43.22042400,428.96 -0.08641442,43.21943065,428.96 -0.08643825,43.21843610,428.96 -0.08641442,43.21744155,428.96 -0.08634299,43.21644820,428.96 -0.08622402,43.21545728,428.96 -0.08605768,43.21446999,428.96 -0.08584415,43.21348753,428.96 -0.08558371,43.21251110,428.96 -0.08527666,43.21154189,428.96 -0.08492339,43.21058108,428.96 -0.08452431,43.20962984,428.96 -0.08407993,43.20868932,428.96 -0.08359077,43.20776069,428.96 -0.08305745,43.20684506,428.96 -0.08248059,43.20594355,428.96 -0.08186092,43.20505726,428.96 -0.08119918,43.20418727,428.96 -0.08049617,43.20333464,428.96 -0.07975277,43.20250041,428.96 -0.07896987,43.20168559,428.96 -0.07814842,43.20089119,428.96 -0.07728943,43.20011815,428.96 -0.07639394,43.19936744,428.96 -0.07546304,43.19863996,428.96 -0.07449788,43.19793660,428.96 -0.07349962,43.19725821,428.96 -0.07246947,43.19660562,428.96 -0.07140871,43.19597963,428.96 -0.07031861,43.19538101,428.96 -0.06920051,43.19481047,428.96 -0.06805576,43.19426871,428.96 -0.06688577,43.19375640,428.96 -0.06569196,43.19327416,428.96 -0.06447578,43.19282257,428.96 -0.06323871,43.19240219,428.96 -0.06198227,43.19201353,428.96 -0.06070798,43.19165706,428.96 -0.05941739,43.19133321,428.96 -0.05811208,43.19104239,428.96 -0.05679364,43.19078494,428.96 -0.05546368,43.19056118,428.96 -0.05412380,43.19037138,428.96 -0.05277566,43.19021577,428.96 -0.05142088,43.19009455,428.96 -0.05006112,43.19000786,428.96 -0.04869804,43.18995580,428.96 -0.04733330,43.18993844,428.96 -0.04596856,43.18995580,428.96 -0.04460548,43.19000786,428.96 -0.04324572,43.19009455,428.96 -0.04189094,43.19021577,428.96 -0.04054280,43.19037138,428.96 -0.03920292,43.19056118,428.96 -0.03787296,43.19078494,428.96 -0.03655452,43.19104239,428.96 -0.03524921,43.19133321,428.96 -0.03395862,43.19165706,428.96 -0.03268433,43.19201353,428.96 -0.03142789,43.19240219,428.96 -0.03019082,43.19282257,428.96 -0.02897464,43.19327416,428.96 -0.02778083,43.19375640,428.96 -0.02661084,43.19426871,428.96 -0.02546609,43.19481047,428.96 -0.02434799,43.19538101,428.96 -0.02325789,43.19597963,428.96 -0.02219713,43.19660562,428.96 -0.02116698,43.19725821,428.96 -0.02016872,43.19793660,428.96 -0.01920356,43.19863996,428.96 -0.01827266,43.19936744,428.96 -0.01737717,43.20011815,428.96 -0.01651818,43.20089119,428.96 -0.01569673,43.20168559,428.96 -0.01491383,43.20250041,428.96 -0.01417043,43.20333464,428.96 -0.01346742,43.20418727,428.96 -0.01280568,43.20505726,428.96 -0.01218601,43.20594355,428.96 -0.01160915,43.20684506,428.96 -0.01107583,43.20776069,428.96 -0.01058667,43.20868932,428.96 -0.01014229,43.20962984,428.96 -0.00974321,43.21058108,428.96 -0.00938994,43.21154189,428.96 -0.00908289,43.21251110,428.96 -0.00882245,43.21348753,428.96 -0.00860892,43.21446999,428.96 -0.00844258,43.21545728,428.96 -0.00832361,43.21644820,428.96 -0.00825218,43.21744155,428.96 -0.00822835,43.21843610,428.96</coordinates></LineString></MultiGeometry></Placemark>
</Folder>
<Folder><name>SP02 K1200 — 211.6° ± 3.0° [FORCÉ]</name><open>0</open>
<Placemark><name>Domaine (R = 3762 m)</name><description>Pas de tir : Rampe FusEx&lt;br/&gt;Zone : Périmètre de la base&lt;br/&gt;Groupe : sp02_v3_K1200&lt;br/&gt;Azimut : 211.6°&lt;br/&gt;Demi-angle : ± 3.0°&lt;br/&gt;Portée : 3762 m&lt;br/&gt;Surface : 73.8 ha</description><styleUrl>#s_dom3</styleUrl><Polygon><extrude>0</extrude><altitudeMode>clampToGround</altitudeMode><outerBoundaryIs><LinearRing><coordinates>-0.04733330,43.21843610,428.96 -0.07406641,43.19012816,428.96 -0.06925245,43.18909957,428.96 -0.04733330,43.21843610,428.96</coordinates></LinearRing></outerBoundaryIs></Polygon></Placemark>
<Placemark><name>Limite A</name><description>Azimut 214.5° — 3762 m</description><styleUrl>#s_limites</styleUrl><MultiGeometry><LineString><tessellate>1</tessellate><altitudeMode>clampToGround</altitudeMode><coordinates>-0.04733330,43.21843610,428.96 -0.04750820,43.21825089,428.96</coordinates></LineString><LineString><tessellate>1</tessellate><altitudeMode>clampToGround</altitudeMode><coordinates>-0.04761315,43.21813977,428.96 -0.04778805,43.21795456,428.96</coordinates></LineString><LineString><tessellate>1</tessellate><altitudeMode>clampToGround</altitudeMode><coordinates>-0.04789300,43.21784343,428.96 -0.04806790,43.21765823,428.96</coordinates></LineString><LineString><tessellate>1</tessellate><altitudeMode>clampToGround</altitudeMode><coordinates>-0.04817284,43.21754710,428.96 -0.04834775,43.21736189,428.96</coordinates></LineString><LineString><tessellate>1</tessellate><altitudeMode>clampToGround</altitudeMode><coordinates>-0.04845269,43.21725077,428.96 -0.04862760,43.21706556,428.96</coordinates></LineString><LineString><tessellate>1</tessellate><altitudeMode>clampToGround</altitudeMode><coordinates>-0.04873254,43.21695443,428.96 -0.04890744,43.21676923,428.96</coordinates></LineString><LineString><tessellate>1</tessellate><altitudeMode>clampToGround</altitudeMode><coordinates>-0.04901239,43.21665810,428.96 -0.04918729,43.21647289,428.96</coordinates></LineString><LineString><tessellate>1</tessellate><altitudeMode>clampToGround</altitudeMode><coordinates>-0.04929223,43.21636177,428.96 -0.04946714,43.21617656,428.96</coordinates></LineString><LineString><tessellate>1</tessellate><altitudeMode>clampToGround</altitudeMode><coordinates>-0.04957208,43.21606543,428.96 -0.04974699,43.21588023,428.96</coordinates></LineString><LineString><tessellate>1</tessellate><altitudeMode>clampToGround</altitudeMode><coordinates>-0.04985193,43.21576910,428.96 -0.05002683,43.21558389,428.96</coordinates></LineString><LineString><tessellate>1</tessellate><altitudeMode>clampToGround</altitudeMode><coordinates>-0.05013178,43.21547277,428.96 -0.05030668,43.21528756,428.96</coordinates></LineString><LineString><tessellate>1</tessellate><altitudeMode>clampToGround</altitudeMode><coordinates>-0.05041162,43.21517643,428.96 -0.05058653,43.21499123,428.96</coordinates></LineString><LineString><tessellate>1</tessellate><altitudeMode>clampToGround</altitudeMode><coordinates>-0.05069147,43.21488010,428.96 -0.05086638,43.21469489,428.96</coordinates></LineString><LineString><tessellate>1</tessellate><altitudeMode>clampToGround</altitudeMode><coordinates>-0.05097132,43.21458377,428.96 -0.05114622,43.21439856,428.96</coordinates></LineString><LineString><tessellate>1</tessellate><altitudeMode>clampToGround</altitudeMode><coordinates>-0.05125117,43.21428743,428.96 -0.05142607,43.21410223,428.96</coordinates></LineString><LineString><tessellate>1</tessellate><altitudeMode>clampToGround</altitudeMode><coordinates>-0.05153101,43.21399110,428.96 -0.05170592,43.21380589,428.96</coordinates></LineString><LineString><tessellate>1</tessellate><altitudeMode>clampToGround</altitudeMode><coordinates>-0.05181086,43.21369477,428.96 -0.05198577,43.21350956,428.96</coordinates></LineString><LineString><tessellate>1</tessellate><altitudeMode>clampToGround</altitudeMode><coordinates>-0.05209071,43.21339843,428.96 -0.05226561,43.21321323,428.96</coordinates></LineString><LineString><tessellate>1</tessellate><altitudeMode>clampToGround</altitudeMode><coordinates>-0.05237056,43.21310210,428.96 -0.05254546,43.21291689,428.96</coordinates></LineString><LineString><tessellate>1</tessellate><altitudeMode>clampToGround</altitudeMode><coordinates>-0.05265041,43.21280577,428.96 -0.05282531,43.21262056,428.96</coordinates></LineString><LineString><tessellate>1</tessellate><altitudeMode>clampToGround</altitudeMode><coordinates>-0.05293025,43.21250943,428.96 -0.05310516,43.21232423,428.96</coordinates></LineString><LineString><tessellate>1</tessellate><altitudeMode>clampToGround</altitudeMode><coordinates>-0.05321010,43.21221310,428.96 -0.05338501,43.21202789,428.96</coordinates></LineString><LineString><tessellate>1</tessellate><altitudeMode>clampToGround</altitudeMode><coordinates>-0.05348995,43.21191677,428.96 -0.05366485,43.21173156,428.96</coordinates></LineString><LineString><tessellate>1</tessellate><altitudeMode>clampToGround</altitudeMode><coordinates>-0.05376980,43.21162043,428.96 -0.05394470,43.21143523,428.96</coordinates></LineString><LineString><tessellate>1</tessellate><altitudeMode>clampToGround</altitudeMode><coordinates>-0.05404964,43.21132410,428.96 -0.05422455,43.21113889,428.96</coordinates></LineString><LineString><tessellate>1</tessellate><altitudeMode>clampToGround</altitudeMode><coordinates>-0.05432949,43.21102777,428.96 -0.05450440,43.21084256,428.96</coordinates></LineString><LineString><tessellate>1</tessellate><altitudeMode>clampToGround</altitudeMode><coordinates>-0.05460934,43.21073143,428.96 -0.05478424,43.21054623,428.96</coordinates></LineString><LineString><tessellate>1</tessellate><altitudeMode>clampToGround</altitudeMode><coordinates>-0.05488919,43.21043510,428.96 -0.05506409,43.21024989,428.96</coordinates></LineString><LineString><tessellate>1</tessellate><altitudeMode>clampToGround</altitudeMode><coordinates>-0.05516903,43.21013877,428.96 -0.05534394,43.20995356,428.96</coordinates></LineString><LineString><tessellate>1</tessellate><altitudeMode>clampToGround</altitudeMode><coordinates>-0.05544888,43.20984243,428.96 -0.05562379,43.20965723,428.96</coordinates></LineString><LineString><tessellate>1</tessellate><altitudeMode>clampToGround</altitudeMode><coordinates>-0.05572873,43.20954610,428.96 -0.05590363,43.20936089,428.96</coordinates></LineString><LineString><tessellate>1</tessellate><altitudeMode>clampToGround</altitudeMode><coordinates>-0.05600858,43.20924977,428.96 -0.05618348,43.20906456,428.96</coordinates></LineString><LineString><tessellate>1</tessellate><altitudeMode>clampToGround</altitudeMode><coordinates>-0.05628842,43.20895343,428.96 -0.05646333,43.20876823,428.96</coordinates></LineString><LineString><tessellate>1</tessellate><altitudeMode>clampToGround</altitudeMode><coordinates>-0.05656827,43.20865710,428.96 -0.05674318,43.20847189,428.96</coordinates></LineString><LineString><tessellate>1</tessellate><altitudeMode>clampToGround</altitudeMode><coordinates>-0.05684812,43.20836077,428.96 -0.05702302,43.20817556,428.96</coordinates></LineString><LineString><tessellate>1</tessellate><altitudeMode>clampToGround</altitudeMode><coordinates>-0.05712797,43.20806443,428.96 -0.05730287,43.20787923,428.96</coordinates></LineString><LineString><tessellate>1</tessellate><altitudeMode>clampToGround</altitudeMode><coordinates>-0.05740781,43.20776810,428.96 -0.05758272,43.20758289,428.96</coordinates></LineString><LineString><tessellate>1</tessellate><altitudeMode>clampToGround</altitudeMode><coordinates>-0.05768766,43.20747177,428.96 -0.05786257,43.20728656,428.96</coordinates></LineString><LineString><tessellate>1</tessellate><altitudeMode>clampToGround</altitudeMode><coordinates>-0.05796751,43.20717543,428.96 -0.05814242,43.20699023,428.96</coordinates></LineString><LineString><tessellate>1</tessellate><altitudeMode>clampToGround</altitudeMode><coordinates>-0.05824736,43.20687910,428.96 -0.05842226,43.20669389,428.96</coordinates></LineString><LineString><tessellate>1</tessellate><altitudeMode>clampToGround</altitudeMode><coordinates>-0.05852721,43.20658277,428.96 -0.05870211,43.20639756,428.96</coordinates></LineString><LineString><tessellate>1</tessellate><altitudeMode>clampToGround</altitudeMode><coordinates>-0.05880705,43.20628643,428.96 -0.05898196,43.20610123,428.96</coordinates></LineString><LineString><tessellate>1</tessellate><altitudeMode>clampToGround</altitudeMode><coordinates>-0.05908690,43.20599010,428.96 -0.05926181,43.20580489,428.96</coordinates></LineString><LineString><tessellate>1</tessellate><altitudeMode>clampToGround</altitudeMode><coordinates>-0.05936675,43.20569377,428.96 -0.05954165,43.20550856,428.96</coordinates></LineString><LineString><tessellate>1</tessellate><altitudeMode>clampToGround</altitudeMode><coordinates>-0.05964660,43.20539743,428.96 -0.05982150,43.20521223,428.96</coordinates></LineString><LineString><tessellate>1</tessellate><altitudeMode>clampToGround</altitudeMode><coordinates>-0.05992644,43.20510110,428.96 -0.06010135,43.20491589,428.96</coordinates></LineString><LineString><tessellate>1</tessellate><altitudeMode>clampToGround</altitudeMode><coordinates>-0.06020629,43.20480477,428.96 -0.06038120,43.20461956,428.96</coordinates></LineString><LineString><tessellate>1</tessellate><altitudeMode>clampToGround</altitudeMode><coordinates>-0.06048614,43.20450843,428.96 -0.06066104,43.20432323,428.96</coordinates></LineString><LineString><tessellate>1</tessellate><altitudeMode>clampToGround</altitudeMode><coordinates>-0.06076599,43.20421210,428.96 -0.06094089,43.20402689,428.96</coordinates></LineString><LineString><tessellate>1</tessellate><altitudeMode>clampToGround</altitudeMode><coordinates>-0.06104583,43.20391577,428.96 -0.06122074,43.20373056,428.96</coordinates></LineString><LineString><tessellate>1</tessellate><altitudeMode>clampToGround</altitudeMode><coordinates>-0.06132568,43.20361943,428.96 -0.06150059,43.20343423,428.96</coordinates></LineString><LineString><tessellate>1</tessellate><altitudeMode>clampToGround</altitudeMode><coordinates>-0.06160553,43.20332310,428.96 -0.06178043,43.20313789,428.96</coordinates></LineString><LineString><tessellate>1</tessellate><altitudeMode>clampToGround</altitudeMode><coordinates>-0.06188538,43.20302677,428.96 -0.06206028,43.20284156,428.96</coordinates></LineString><LineString><tessellate>1</tessellate><altitudeMode>clampToGround</altitudeMode><coordinates>-0.06216522,43.20273043,428.96 -0.06234013,43.20254523,428.96</coordinates></LineString><LineString><tessellate>1</tessellate><altitudeMode>clampToGround</altitudeMode><coordinates>-0.06244507,43.20243410,428.96 -0.06261998,43.20224889,428.96</coordinates></LineString><LineString><tessellate>1</tessellate><altitudeMode>clampToGround</altitudeMode><coordinates>-0.06272492,43.20213777,428.96 -0.06289982,43.20195256,428.96</coordinates></LineString><LineString><tessellate>1</tessellate><altitudeMode>clampToGround</altitudeMode><coordinates>-0.06300477,43.20184143,428.96 -0.06317967,43.20165623,428.96</coordinates></LineString><LineString><tessellate>1</tessellate><altitudeMode>clampToGround</altitudeMode><coordinates>-0.06328462,43.20154510,428.96 -0.06345952,43.20135989,428.96</coordinates></LineString><LineString><tessellate>1</tessellate><altitudeMode>clampToGround</altitudeMode><coordinates>-0.06356446,43.20124877,428.96 -0.06373937,43.20106356,428.96</coordinates></LineString><LineString><tessellate>1</tessellate><altitudeMode>clampToGround</altitudeMode><coordinates>-0.06384431,43.20095243,428.96 -0.06401922,43.20076723,428.96</coordinates></LineString><LineString><tessellate>1</tessellate><altitudeMode>clampToGround</altitudeMode><coordinates>-0.06412416,43.20065610,428.96 -0.06429906,43.20047089,428.96</coordinates></LineString><LineString><tessellate>1</tessellate><altitudeMode>clampToGround</altitudeMode><coordinates>-0.06440401,43.20035977,428.96 -0.06457891,43.20017456,428.96</coordinates></LineString><LineString><tessellate>1</tessellate><altitudeMode>clampToGround</altitudeMode><coordinates>-0.06468385,43.20006344,428.96 -0.06485876,43.19987823,428.96</coordinates></LineString><LineString><tessellate>1</tessellate><altitudeMode>clampToGround</altitudeMode><coordinates>-0.06496370,43.19976710,428.96 -0.06513861,43.19958189,428.96</coordinates></LineString><LineString><tessellate>1</tessellate><altitudeMode>clampToGround</altitudeMode><coordinates>-0.06524355,43.19947077,428.96 -0.06541845,43.19928556,428.96</coordinates></LineString><LineString><tessellate>1</tessellate><altitudeMode>clampToGround</altitudeMode><coordinates>-0.06552340,43.19917444,428.96 -0.06569830,43.19898923,428.96</coordinates></LineString><LineString><tessellate>1</tessellate><altitudeMode>clampToGround</altitudeMode><coordinates>-0.06580324,43.19887810,428.96 -0.06597815,43.19869289,428.96</coordinates></LineString><LineString><tessellate>1</tessellate><altitudeMode>clampToGround</altitudeMode><coordinates>-0.06608309,43.19858177,428.96 -0.06625800,43.19839656,428.96</coordinates></LineString><LineString><tessellate>1</tessellate><altitudeMode>clampToGround</altitudeMode><coordinates>-0.06636294,43.19828544,428.96 -0.06653784,43.19810023,428.96</coordinates></LineString><LineString><tessellate>1</tessellate><altitudeMode>clampToGround</altitudeMode><coordinates>-0.06664279,43.19798910,428.96 -0.06681769,43.19780389,428.96</coordinates></LineString><LineString><tessellate>1</tessellate><altitudeMode>clampToGround</altitudeMode><coordinates>-0.06692263,43.19769277,428.96 -0.06709754,43.19750756,428.96</coordinates></LineString><LineString><tessellate>1</tessellate><altitudeMode>clampToGround</altitudeMode><coordinates>-0.06720248,43.19739644,428.96 -0.06737739,43.19721123,428.96</coordinates></LineString><LineString><tessellate>1</tessellate><altitudeMode>clampToGround</altitudeMode><coordinates>-0.06748233,43.19710010,428.96 -0.06765723,43.19691489,428.96</coordinates></LineString><LineString><tessellate>1</tessellate><altitudeMode>clampToGround</altitudeMode><coordinates>-0.06776218,43.19680377,428.96 -0.06793708,43.19661856,428.96</coordinates></LineString><LineString><tessellate>1</tessellate><altitudeMode>clampToGround</altitudeMode><coordinates>-0.06804203,43.19650744,428.96 -0.06821693,43.19632223,428.96</coordinates></LineString><LineString><tessellate>1</tessellate><altitudeMode>clampToGround</altitudeMode><coordinates>-0.06832187,43.19621110,428.96 -0.06849678,43.19602589,428.96</coordinates></LineString><LineString><tessellate>1</tessellate><altitudeMode>clampToGround</altitudeMode><coordinates>-0.06860172,43.19591477,428.96 -0.06877663,43.19572956,428.96</coordinates></LineString><LineString><tessellate>1</tessellate><altitudeMode>clampToGround</altitudeMode><coordinates>-0.06888157,43.19561844,428.96 -0.06905647,43.19543323,428.96</coordinates></LineString><LineString><tessellate>1</tessellate><altitudeMode>clampToGround</altitudeMode><coordinates>-0.06916142,43.19532210,428.96 -0.06933632,43.19513689,428.96</coordinates></LineString><LineString><tessellate>1</tessellate><altitudeMode>clampToGround</altitudeMode><coordinates>-0.06944126,43.19502577,428.96 -0.06961617,43.19484056,428.96</coordinates></LineString><LineString><tessellate>1</tessellate><altitudeMode>clampToGround</altitudeMode><coordinates>-0.06972111,43.19472944,428.96 -0.06989602,43.19454423,428.96</coordinates></LineString><LineString><tessellate>1</tessellate><altitudeMode>clampToGround</altitudeMode><coordinates>-0.07000096,43.19443310,428.96 -0.07017586,43.19424789,428.96</coordinates></LineString><LineString><tessellate>1</tessellate><altitudeMode>clampToGround</altitudeMode><coordinates>-0.07028081,43.19413677,428.96 -0.07045571,43.19395156,428.96</coordinates></LineString><LineString><tessellate>1</tessellate><altitudeMode>clampToGround</altitudeMode><coordinates>-0.07056065,43.19384044,428.96 -0.07073556,43.19365523,428.96</coordinates></LineString><LineString><tessellate>1</tessellate><altitudeMode>clampToGround</altitudeMode><coordinates>-0.07084050,43.19354410,428.96 -0.07101541,43.19335889,428.96</coordinates></LineString><LineString><tessellate>1</tessellate><altitudeMode>clampToGround</altitudeMode><coordinates>-0.07112035,43.19324777,428.96 -0.07129525,43.19306256,428.96</coordinates></LineString><LineString><tessellate>1</tessellate><altitudeMode>clampToGround</altitudeMode><coordinates>-0.07140020,43.19295144,428.96 -0.07157510,43.19276623,428.96</coordinates></LineString><LineString><tessellate>1</tessellate><altitudeMode>clampToGround</altitudeMode><coordinates>-0.07168004,43.19265510,428.96 -0.07185495,43.19246989,428.96</coordinates></LineString><LineString><tessellate>1</tessellate><altitudeMode>clampToGround</altitudeMode><coordinates>-0.07195989,43.19235877,428.96 -0.07213480,43.19217356,428.96</coordinates></LineString><LineString><tessellate>1</tessellate><altitudeMode>clampToGround</altitudeMode><coordinates>-0.07223974,43.19206244,428.96 -0.07241464,43.19187723,428.96</coordinates></LineString><LineString><tessellate>1</tessellate><altitudeMode>clampToGround</altitudeMode><coordinates>-0.07251959,43.19176610,428.96 -0.07269449,43.19158089,428.96</coordinates></LineString><LineString><tessellate>1</tessellate><altitudeMode>clampToGround</altitudeMode><coordinates>-0.07279944,43.19146977,428.96 -0.07297434,43.19128456,428.96</coordinates></LineString><LineString><tessellate>1</tessellate><altitudeMode>clampToGround</altitudeMode><coordinates>-0.07307928,43.19117344,428.96 -0.07325419,43.19098823,428.96</coordinates></LineString><LineString><tessellate>1</tessellate><altitudeMode>clampToGround</altitudeMode><coordinates>-0.07335913,43.19087710,428.96 -0.07353404,43.19069189,428.96</coordinates></LineString><LineString><tessellate>1</tessellate><altitudeMode>clampToGround</altitudeMode><coordinates>-0.07363898,43.19058077,428.96 -0.07365507,43.19056373,428.96</coordinates></LineString></MultiGeometry></Placemark>
<Placemark><name>sp02_v3_K1200 — A</name><description>Azimut 214.5° — 3762 m</description><Point><altitudeMode>clampToGround</altitudeMode><coordinates>-0.07365507,43.19056373,428.96</coordinates></Point></Placemark>
<Placemark><name>Limite B</name><description>Azimut 208.6° — 3762 m</description><styleUrl>#s_limites</styleUrl><MultiGeometry><LineString><tessellate>1</tessellate><altitudeMode>clampToGround</altitudeMode><coordinates>-0.04733330,43.21843610,428.96 -0.04748083,43.21823864,428.96</coordinates></LineString><LineString><tessellate>1</tessellate><altitudeMode>clampToGround</altitudeMode><coordinates>-0.04756935,43.21812017,428.96 -0.04771688,43.21792271,428.96</coordinates></LineString><LineString><tessellate>1</tessellate><altitudeMode>clampToGround</altitudeMode><coordinates>-0.04780540,43.21780424,428.96 -0.04795294,43.21760678,428.96</coordinates></LineString><LineString><tessellate>1</tessellate><altitudeMode>clampToGround</altitudeMode><coordinates>-0.04804146,43.21748831,428.96 -0.04818899,43.21729085,428.96</coordinates></LineString><LineString><tessellate>1</tessellate><altitudeMode>clampToGround</altitudeMode><coordinates>-0.04827751,43.21717237,428.96 -0.04842504,43.21697492,428.96</coordinates></LineString><LineString><tessellate>1</tessellate><altitudeMode>clampToGround</altitudeMode><coordinates>-0.04851356,43.21685644,428.96 -0.04866109,43.21665899,428.96</coordinates></LineString><LineString><tessellate>1</tessellate><altitudeMode>clampToGround</altitudeMode><coordinates>-0.04874961,43.21654051,428.96 -0.04889714,43.21634306,428.96</coordinates></LineString><LineString><tessellate>1</tessellate><altitudeMode>clampToGround</altitudeMode><coordinates>-0.04898566,43.21622458,428.96 -0.04913320,43.21602712,428.96</coordinates></LineString><LineString><tessellate>1</tessellate><altitudeMode>clampToGround</altitudeMode><coordinates>-0.04922172,43.21590865,428.96 -0.04936925,43.21571119,428.96</coordinates></LineString><LineString><tessellate>1</tessellate><altitudeMode>clampToGround</altitudeMode><coordinates>-0.04945777,43.21559272,428.96 -0.04960530,43.21539526,428.96</coordinates></LineString><LineString><tessellate>1</tessellate><altitudeMode>clampToGround</altitudeMode><coordinates>-0.04969382,43.21527679,428.96 -0.04984135,43.21507933,428.96</coordinates></LineString><LineString><tessellate>1</tessellate><altitudeMode>clampToGround</altitudeMode><coordinates>-0.04992987,43.21496086,428.96 -0.05007740,43.21476340,428.96</coordinates></LineString><LineString><tessellate>1</tessellate><altitudeMode>clampToGround</altitudeMode><coordinates>-0.05016592,43.21464492,428.96 -0.05031346,43.21444747,428.96</coordinates></LineString><LineString><tessellate>1</tessellate><altitudeMode>clampToGround</altitudeMode><coordinates>-0.05040198,43.21432899,428.96 -0.05054951,43.21413154,428.96</coordinates></LineString><LineString><tessellate>1</tessellate><altitudeMode>clampToGround</altitudeMode><coordinates>-0.05063803,43.21401306,428.96 -0.05078556,43.21381560,428.96</coordinates></LineString><LineString><tessellate>1</tessellate><altitudeMode>clampToGround</altitudeMode><coordinates>-0.05087408,43.21369713,428.96 -0.05102161,43.21349967,428.96</coordinates></LineString><LineString><tessellate>1</tessellate><altitudeMode>clampToGround</altitudeMode><coordinates>-0.05111013,43.21338120,428.96 -0.05125766,43.21318374,428.96</coordinates></LineString><LineString><tessellate>1</tessellate><altitudeMode>clampToGround</altitudeMode><coordinates>-0.05134618,43.21306527,428.96 -0.05149372,43.21286781,428.96</coordinates></LineString><LineString><tessellate>1</tessellate><altitudeMode>clampToGround</altitudeMode><coordinates>-0.05158224,43.21274934,428.96 -0.05172977,43.21255188,428.96</coordinates></LineString><LineString><tessellate>1</tessellate><altitudeMode>clampToGround</altitudeMode><coordinates>-0.05181829,43.21243341,428.96 -0.05196582,43.21223595,428.96</coordinates></LineString><LineString><tessellate>1</tessellate><altitudeMode>clampToGround</altitudeMode><coordinates>-0.05205434,43.21211747,428.96 -0.05220187,43.21192002,428.96</coordinates></LineString><LineString><tessellate>1</tessellate><altitudeMode>clampToGround</altitudeMode><coordinates>-0.05229039,43.21180154,428.96 -0.05243792,43.21160409,428.96</coordinates></LineString><LineString><tessellate>1</tessellate><altitudeMode>clampToGround</altitudeMode><coordinates>-0.05252644,43.21148561,428.96 -0.05267398,43.21128815,428.96</coordinates></LineString><LineString><tessellate>1</tessellate><altitudeMode>clampToGround</altitudeMode><coordinates>-0.05276250,43.21116968,428.96 -0.05291003,43.21097222,428.96</coordinates></LineString><LineString><tessellate>1</tessellate><altitudeMode>clampToGround</altitudeMode><coordinates>-0.05299855,43.21085375,428.96 -0.05314608,43.21065629,428.96</coordinates></LineString><LineString><tessellate>1</tessellate><altitudeMode>clampToGround</altitudeMode><coordinates>-0.05323460,43.21053782,428.96 -0.05338213,43.21034036,428.96</coordinates></LineString><LineString><tessellate>1</tessellate><altitudeMode>clampToGround</altitudeMode><coordinates>-0.05347065,43.21022189,428.96 -0.05361818,43.21002443,428.96</coordinates></LineString><LineString><tessellate>1</tessellate><altitudeMode>clampToGround</altitudeMode><coordinates>-0.05370670,43.20990595,428.96 -0.05385424,43.20970850,428.96</coordinates></LineString><LineString><tessellate>1</tessellate><altitudeMode>clampToGround</altitudeMode><coordinates>-0.05394276,43.20959002,428.96 -0.05409029,43.20939257,428.96</coordinates></LineString><LineString><tessellate>1</tessellate><altitudeMode>clampToGround</altitudeMode><coordinates>-0.05417881,43.20927409,428.96 -0.05432634,43.20907663,428.96</coordinates></LineString><LineString><tessellate>1</tessellate><altitudeMode>clampToGround</altitudeMode><coordinates>-0.05441486,43.20895816,428.96 -0.05456239,43.20876070,428.96</coordinates></LineString><LineString><tessellate>1</tessellate><altitudeMode>clampToGround</altitudeMode><coordinates>-0.05465091,43.20864223,428.96 -0.05479845,43.20844477,428.96</coordinates></LineString><LineString><tessellate>1</tessellate><altitudeMode>clampToGround</altitudeMode><coordinates>-0.05488696,43.20832630,428.96 -0.05503450,43.20812884,428.96</coordinates></LineString><LineString><tessellate>1</tessellate><altitudeMode>clampToGround</altitudeMode><coordinates>-0.05512302,43.20801037,428.96 -0.05527055,43.20781291,428.96</coordinates></LineString><LineString><tessellate>1</tessellate><altitudeMode>clampToGround</altitudeMode><coordinates>-0.05535907,43.20769444,428.96 -0.05550660,43.20749698,428.96</coordinates></LineString><LineString><tessellate>1</tessellate><altitudeMode>clampToGround</altitudeMode><coordinates>-0.05559512,43.20737850,428.96 -0.05574265,43.20718105,428.96</coordinates></LineString><LineString><tessellate>1</tessellate><altitudeMode>clampToGround</altitudeMode><coordinates>-0.05583117,43.20706257,428.96 -0.05597871,43.20686512,428.96</coordinates></LineString><LineString><tessellate>1</tessellate><altitudeMode>clampToGround</altitudeMode><coordinates>-0.05606722,43.20674664,428.96 -0.05621476,43.20654918,428.96</coordinates></LineString><LineString><tessellate>1</tessellate><altitudeMode>clampToGround</altitudeMode><coordinates>-0.05630328,43.20643071,428.96 -0.05645081,43.20623325,428.96</coordinates></LineString><LineString><tessellate>1</tessellate><altitudeMode>clampToGround</altitudeMode><coordinates>-0.05653933,43.20611478,428.96 -0.05668686,43.20591732,428.96</coordinates></LineString><LineString><tessellate>1</tessellate><altitudeMode>clampToGround</altitudeMode><coordinates>-0.05677538,43.20579885,428.96 -0.05692291,43.20560139,428.96</coordinates></LineString><LineString><tessellate>1</tessellate><altitudeMode>clampToGround</altitudeMode><coordinates>-0.05701143,43.20548292,428.96 -0.05715897,43.20528546,428.96</coordinates></LineString><LineString><tessellate>1</tessellate><altitudeMode>clampToGround</altitudeMode><coordinates>-0.05724748,43.20516698,428.96 -0.05739502,43.20496953,428.96</coordinates></LineString><LineString><tessellate>1</tessellate><altitudeMode>clampToGround</altitudeMode><coordinates>-0.05748354,43.20485105,428.96 -0.05763107,43.20465360,428.96</coordinates></LineString><LineString><tessellate>1</tessellate><altitudeMode>clampToGround</altitudeMode><coordinates>-0.05771959,43.20453512,428.96 -0.05786712,43.20433767,428.96</coordinates></LineString><LineString><tessellate>1</tessellate><altitudeMode>clampToGround</altitudeMode><coordinates>-0.05795564,43.20421919,428.96 -0.05810317,43.20402173,428.96</coordinates></LineString><LineString><tessellate>1</tessellate><altitudeMode>clampToGround</altitudeMode><coordinates>-0.05819169,43.20390326,428.96 -0.05833923,43.20370580,428.96</coordinates></LineString><LineString><tessellate>1</tessellate><altitudeMode>clampToGround</altitudeMode><coordinates>-0.05842774,43.20358733,428.96 -0.05857528,43.20338987,428.96</coordinates></LineString><LineString><tessellate>1</tessellate><altitudeMode>clampToGround</altitudeMode><coordinates>-0.05866380,43.20327140,428.96 -0.05881133,43.20307394,428.96</coordinates></LineString><LineString><tessellate>1</tessellate><altitudeMode>clampToGround</altitudeMode><coordinates>-0.05889985,43.20295547,428.96 -0.05904738,43.20275801,428.96</coordinates></LineString><LineString><tessellate>1</tessellate><altitudeMode>clampToGround</altitudeMode><coordinates>-0.05913590,43.20263953,428.96 -0.05928343,43.20244208,428.96</coordinates></LineString><LineString><tessellate>1</tessellate><altitudeMode>clampToGround</altitudeMode><coordinates>-0.05937195,43.20232360,428.96 -0.05951949,43.20212615,428.96</coordinates></LineString><LineString><tessellate>1</tessellate><altitudeMode>clampToGround</altitudeMode><coordinates>-0.05960800,43.20200767,428.96 -0.05975554,43.20181021,428.96</coordinates></LineString><LineString><tessellate>1</tessellate><altitudeMode>clampToGround</altitudeMode><coordinates>-0.05984406,43.20169174,428.96 -0.05999159,43.20149428,428.96</coordinates></LineString><LineString><tessellate>1</tessellate><altitudeMode>clampToGround</altitudeMode><coordinates>-0.06008011,43.20137581,428.96 -0.06022764,43.20117835,428.96</coordinates></LineString><LineString><tessellate>1</tessellate><altitudeMode>clampToGround</altitudeMode><coordinates>-0.06031616,43.20105988,428.96 -0.06046369,43.20086242,428.96</coordinates></LineString><LineString><tessellate>1</tessellate><altitudeMode>clampToGround</altitudeMode><coordinates>-0.06055221,43.20074395,428.96 -0.06069975,43.20054649,428.96</coordinates></LineString><LineString><tessellate>1</tessellate><altitudeMode>clampToGround</altitudeMode><coordinates>-0.06078827,43.20042802,428.96 -0.06093580,43.20023056,428.96</coordinates></LineString><LineString><tessellate>1</tessellate><altitudeMode>clampToGround</altitudeMode><coordinates>-0.06102432,43.20011208,428.96 -0.06117185,43.19991463,428.96</coordinates></LineString><LineString><tessellate>1</tessellate><altitudeMode>clampToGround</altitudeMode><coordinates>-0.06126037,43.19979615,428.96 -0.06140790,43.19959870,428.96</coordinates></LineString><LineString><tessellate>1</tessellate><altitudeMode>clampToGround</altitudeMode><coordinates>-0.06149642,43.19948022,428.96 -0.06164395,43.19928276,428.96</coordinates></LineString><LineString><tessellate>1</tessellate><altitudeMode>clampToGround</altitudeMode><coordinates>-0.06173247,43.19916429,428.96 -0.06188001,43.19896683,428.96</coordinates></LineString><LineString><tessellate>1</tessellate><altitudeMode>clampToGround</altitudeMode><coordinates>-0.06196853,43.19884836,428.96 -0.06211606,43.19865090,428.96</coordinates></LineString><LineString><tessellate>1</tessellate><altitudeMode>clampToGround</altitudeMode><coordinates>-0.06220458,43.19853243,428.96 -0.06235211,43.19833497,428.96</coordinates></LineString><LineString><tessellate>1</tessellate><altitudeMode>clampToGround</altitudeMode><coordinates>-0.06244063,43.19821650,428.96 -0.06258816,43.19801904,428.96</coordinates></LineString><LineString><tessellate>1</tessellate><altitudeMode>clampToGround</altitudeMode><coordinates>-0.06267668,43.19790056,428.96 -0.06282421,43.19770311,428.96</coordinates></LineString><LineString><tessellate>1</tessellate><altitudeMode>clampToGround</altitudeMode><coordinates>-0.06291273,43.19758463,428.96 -0.06306027,43.19738718,428.96</coordinates></LineString><LineString><tessellate>1</tessellate><altitudeMode>clampToGround</altitudeMode><coordinates>-0.06314879,43.19726870,428.96 -0.06329632,43.19707125,428.96</coordinates></LineString><LineString><tessellate>1</tessellate><altitudeMode>clampToGround</altitudeMode><coordinates>-0.06338484,43.19695277,428.96 -0.06353237,43.19675531,428.96</coordinates></LineString><LineString><tessellate>1</tessellate><altitudeMode>clampToGround</altitudeMode><coordinates>-0.06362089,43.19663684,428.96 -0.06376842,43.19643938,428.96</coordinates></LineString><LineString><tessellate>1</tessellate><altitudeMode>clampToGround</altitudeMode><coordinates>-0.06385694,43.19632091,428.96 -0.06400447,43.19612345,428.96</coordinates></LineString><LineString><tessellate>1</tessellate><altitudeMode>clampToGround</altitudeMode><coordinates>-0.06409299,43.19600498,428.96 -0.06424053,43.19580752,428.96</coordinates></LineString><LineString><tessellate>1</tessellate><altitudeMode>clampToGround</altitudeMode><coordinates>-0.06432905,43.19568905,428.96 -0.06447658,43.19549159,428.96</coordinates></LineString><LineString><tessellate>1</tessellate><altitudeMode>clampToGround</altitudeMode><coordinates>-0.06456510,43.19537311,428.96 -0.06471263,43.19517566,428.96</coordinates></LineString><LineString><tessellate>1</tessellate><altitudeMode>clampToGround</altitudeMode><coordinates>-0.06480115,43.19505718,428.96 -0.06494868,43.19485973,428.96</coordinates></LineString><LineString><tessellate>1</tessellate><altitudeMode>clampToGround</altitudeMode><coordinates>-0.06503720,43.19474125,428.96 -0.06518473,43.19454379,428.96</coordinates></LineString><LineString><tessellate>1</tessellate><altitudeMode>clampToGround</altitudeMode><coordinates>-0.06527325,43.19442532,428.96 -0.06542079,43.19422786,428.96</coordinates></LineString><LineString><tessellate>1</tessellate><altitudeMode>clampToGround</altitudeMode><coordinates>-0.06550931,43.19410939,428.96 -0.06565684,43.19391193,428.96</coordinates></LineString><LineString><tessellate>1</tessellate><altitudeMode>clampToGround</altitudeMode><coordinates>-0.06574536,43.19379346,428.96 -0.06589289,43.19359600,428.96</coordinates></LineString><LineString><tessellate>1</tessellate><altitudeMode>clampToGround</altitudeMode><coordinates>-0.06598141,43.19347753,428.96 -0.06612894,43.19328007,428.96</coordinates></LineString><LineString><tessellate>1</tessellate><altitudeMode>clampToGround</altitudeMode><coordinates>-0.06621746,43.19316160,428.96 -0.06636499,43.19296414,428.96</coordinates></LineString><LineString><tessellate>1</tessellate><altitudeMode>clampToGround</altitudeMode><coordinates>-0.06645351,43.19284566,428.96 -0.06660105,43.19264821,428.96</coordinates></LineString><LineString><tessellate>1</tessellate><altitudeMode>clampToGround</altitudeMode><coordinates>-0.06668957,43.19252973,428.96 -0.06683710,43.19233228,428.96</coordinates></LineString><LineString><tessellate>1</tessellate><altitudeMode>clampToGround</altitudeMode><coordinates>-0.06692562,43.19221380,428.96 -0.06707315,43.19201634,428.96</coordinates></LineString><LineString><tessellate>1</tessellate><altitudeMode>clampToGround</altitudeMode><coordinates>-0.06716167,43.19189787,428.96 -0.06730920,43.19170041,428.96</coordinates></LineString><LineString><tessellate>1</tessellate><altitudeMode>clampToGround</altitudeMode><coordinates>-0.06739772,43.19158194,428.96 -0.06754525,43.19138448,428.96</coordinates></LineString><LineString><tessellate>1</tessellate><altitudeMode>clampToGround</altitudeMode><coordinates>-0.06763377,43.19126601,428.96 -0.06778131,43.19106855,428.96</coordinates></LineString><LineString><tessellate>1</tessellate><altitudeMode>clampToGround</altitudeMode><coordinates>-0.06786983,43.19095008,428.96 -0.06801736,43.19075262,428.96</coordinates></LineString><LineString><tessellate>1</tessellate><altitudeMode>clampToGround</altitudeMode><coordinates>-0.06810588,43.19063414,428.96 -0.06825341,43.19043669,428.96</coordinates></LineString><LineString><tessellate>1</tessellate><altitudeMode>clampToGround</altitudeMode><coordinates>-0.06834193,43.19031821,428.96 -0.06848946,43.19012076,428.96</coordinates></LineString><LineString><tessellate>1</tessellate><altitudeMode>clampToGround</altitudeMode><coordinates>-0.06857798,43.19000228,428.96 -0.06872551,43.18980482,428.96</coordinates></LineString><LineString><tessellate>1</tessellate><altitudeMode>clampToGround</altitudeMode><coordinates>-0.06881403,43.18968635,428.96 -0.06896157,43.18948889,428.96</coordinates></LineString><LineString><tessellate>1</tessellate><altitudeMode>clampToGround</altitudeMode><coordinates>-0.06905009,43.18937042,428.96 -0.06919762,43.18917296,428.96</coordinates></LineString><LineString><tessellate>1</tessellate><altitudeMode>clampToGround</altitudeMode><coordinates>-0.06928614,43.18905449,428.96 -0.06943367,43.18885703,428.96</coordinates></LineString><LineString><tessellate>1</tessellate><altitudeMode>clampToGround</altitudeMode><coordinates>-0.06952219,43.18873856,428.96 -0.06953576,43.18872039,428.96</coordinates></LineString></MultiGeometry></Placemark>
<Placemark><name>sp02_v3_K1200 — B</name><description>Azimut 208.6° — 3762 m</description><Point><altitudeMode>clampToGround</altitudeMode><coordinates>-0.06953576,43.18872039,428.96</coordinates></Point></Placemark>
<Placemark><name>Contour du secteur</name><description>Secteur demandé, non découpé par la zone</description><styleUrl>#s_secteur</styleUrl><MultiGeometry><LineString><tessellate>1</tessellate><altitudeMode>clampToGround</altitudeMode><coordinates>-0.04733330,43.21843610,428.96 -0.07365507,43.19056373,428.96 -0.07231152,43.18991466,428.96 -0.07093787,43.18929996,428.96 -0.06953576,43.18872039,428.96 -0.04733330,43.21843610,428.96</coordinates></LineString></MultiGeometry></Placemark>
<Placemark><name>Cercle de portée (3762 m)</name><description></description><styleUrl>#s_cercle</styleUrl><MultiGeometry><LineString><tessellate>1</tessellate><altitudeMode>clampToGround</altitudeMode><coordinates>-0.00090420,43.21843610,428.96 -0.00093248,43.21961693,428.96 -0.00101730,43.22079632,428.96 -0.00115854,43.22197283,428.96 -0.00135604,43.22314504,428.96 -0.00160956,43.22431151,428.96 -0.00191879,43.22547082,428.96 -0.00228334,43.22662156,428.96 -0.00270278,43.22776233,428.96 -0.00317660,43.22889173,428.96 -0.00370422,43.23000840,428.96 -0.00428499,43.23111096,428.96 -0.00491820,43.23219809,428.96 -0.00560310,43.23326844,428.96 -0.00633884,43.23432073,428.96 -0.00712452,43.23535367,428.96 -0.00795919,43.23636599,428.96 -0.00884183,43.23735646,428.96 -0.00977137,43.23832389,428.96 -0.01074667,43.23926709,428.96 -0.01176654,43.24018490,428.96 -0.01282975,43.24107622,428.96 -0.01393500,43.24193996,428.96 -0.01508094,43.24277506,428.96 -0.01626617,43.24358050,428.96 -0.01748925,43.24435531,428.96 -0.01874869,43.24509855,428.96 -0.02004296,43.24580930,428.96 -0.02137048,43.24648669,428.96 -0.02272962,43.24712992,428.96 -0.02411875,43.24773818,428.96 -0.02553616,43.24831075,428.96 -0.02698012,43.24884691,428.96 -0.02844888,43.24934603,428.96 -0.02994065,43.24980749,428.96 -0.03145361,43.25023072,428.96 -0.03298592,43.25061522,428.96 -0.03453571,43.25096051,428.96 -0.03610108,43.25126618,428.96 -0.03768015,43.25153185,428.96 -0.03927097,43.25175720,428.96 -0.04087162,43.25194195,428.96 -0.04248014,43.25208588,428.96 -0.04409457,43.25218881,428.96 -0.04571295,43.25225062,428.96 -0.04733330,43.25227123,428.96 -0.04895365,43.25225062,428.96 -0.05057203,43.25218881,428.96 -0.05218646,43.25208588,428.96 -0.05379498,43.25194195,428.96 -0.05539563,43.25175720,428.96 -0.05698645,43.25153185,428.96 -0.05856552,43.25126618,428.96 -0.06013089,43.25096051,428.96 -0.06168068,43.25061522,428.96 -0.06321299,43.25023072,428.96 -0.06472595,43.24980749,428.96 -0.06621772,43.24934603,428.96 -0.06768648,43.24884691,428.96 -0.06913044,43.24831075,428.96 -0.07054785,43.24773818,428.96 -0.07193698,43.24712992,428.96 -0.07329612,43.24648669,428.96 -0.07462364,43.24580930,428.96 -0.07591791,43.24509855,428.96 -0.07717735,43.24435531,428.96 -0.07840043,43.24358050,428.96 -0.07958566,43.24277506,428.96 -0.08073160,43.24193996,428.96 -0.08183685,43.24107622,428.96 -0.08290006,43.24018490,428.96 -0.08391993,43.23926709,428.96 -0.08489523,43.23832389,428.96 -0.08582477,43.23735646,428.96 -0.08670741,43.23636599,428.96 -0.08754208,43.23535367,428.96 -0.08832776,43.23432073,428.96 -0.08906350,43.23326844,428.96 -0.08974840,43.23219809,428.96 -0.09038161,43.23111096,428.96 -0.09096238,43.23000840,428.96 -0.09149000,43.22889173,428.96 -0.09196382,43.22776233,428.96 -0.09238326,43.22662156,428.96 -0.09274781,43.22547082,428.96 -0.09305704,43.22431151,428.96 -0.09331056,43.22314504,428.96 -0.09350806,43.22197283,428.96 -0.09364930,43.22079632,428.96 -0.09373412,43.21961693,428.96 -0.09376240,43.21843610,428.96 -0.09373412,43.21725527,428.96 -0.09364930,43.21607588,428.96 -0.09350806,43.21489937,428.96 -0.09331056,43.21372716,428.96 -0.09305704,43.21256069,428.96 -0.09274781,43.21140138,428.96 -0.09238326,43.21025064,428.96 -0.09196382,43.20910987,428.96 -0.09149000,43.20798047,428.96 -0.09096238,43.20686380,428.96 -0.09038161,43.20576124,428.96 -0.08974840,43.20467411,428.96 -0.08906350,43.20360376,428.96 -0.08832776,43.20255147,428.96 -0.08754208,43.20151853,428.96 -0.08670741,43.20050621,428.96 -0.08582477,43.19951574,428.96 -0.08489523,43.19854831,428.96 -0.08391993,43.19760511,428.96 -0.08290006,43.19668730,428.96 -0.08183685,43.19579598,428.96 -0.08073160,43.19493224,428.96 -0.07958566,43.19409714,428.96 -0.07840043,43.19329170,428.96 -0.07717735,43.19251689,428.96 -0.07591791,43.19177365,428.96 -0.07462364,43.19106290,428.96 -0.07329612,43.19038551,428.96 -0.07193698,43.18974228,428.96 -0.07054785,43.18913402,428.96 -0.06913044,43.18856145,428.96 -0.06768648,43.18802529,428.96 -0.06621772,43.18752617,428.96 -0.06472595,43.18706471,428.96 -0.06321299,43.18664148,428.96 -0.06168068,43.18625698,428.96 -0.06013089,43.18591169,428.96 -0.05856552,43.18560602,428.96 -0.05698645,43.18534035,428.96 -0.05539563,43.18511500,428.96 -0.05379498,43.18493025,428.96 -0.05218646,43.18478632,428.96 -0.05057203,43.18468339,428.96 -0.04895365,43.18462158,428.96 -0.04733330,43.18460097,428.96 -0.04571295,43.18462158,428.96 -0.04409457,43.18468339,428.96 -0.04248014,43.18478632,428.96 -0.04087162,43.18493025,428.96 -0.03927097,43.18511500,428.96 -0.03768015,43.18534035,428.96 -0.03610108,43.18560602,428.96 -0.03453571,43.18591169,428.96 -0.03298592,43.18625698,428.96 -0.03145361,43.18664148,428.96 -0.02994065,43.18706471,428.96 -0.02844888,43.18752617,428.96 -0.02698012,43.18802529,428.96 -0.02553616,43.18856145,428.96 -0.02411875,43.18913402,428.96 -0.02272962,43.18974228,428.96 -0.02137048,43.19038551,428.96 -0.02004296,43.19106290,428.96 -0.01874869,43.19177365,428.96 -0.01748925,43.19251689,428.96 -0.01626617,43.19329170,428.96 -0.01508094,43.19409714,428.96 -0.01393500,43.19493224,428.96 -0.01282975,43.19579598,428.96 -0.01176654,43.19668730,428.96 -0.01074667,43.19760511,428.96 -0.00977137,43.19854831,428.96 -0.00884183,43.19951574,428.96 -0.00795919,43.20050621,428.96 -0.00712452,43.20151853,428.96 -0.00633884,43.20255147,428.96 -0.00560310,43.20360376,428.96 -0.00491820,43.20467411,428.96 -0.00428499,43.20576124,428.96 -0.00370422,43.20686380,428.96 -0.00317660,43.20798047,428.96 -0.00270278,43.20910987,428.96 -0.00228334,43.21025064,428.96 -0.00191879,43.21140138,428.96 -0.00160956,43.21256069,428.96 -0.00135604,43.21372716,428.96 -0.00115854,43.21489937,428.96 -0.00101730,43.21607588,428.96 -0.00093248,43.21725527,428.96 -0.00090420,43.21843610,428.96</coordinates></LineString></MultiGeometry></Placemark>
</Folder>
<Folder><name>Trajectoires</name><open>1</open>
<Folder><name>SP02 F85</name><open>1</open>
<Placemark><name>alpha 80 nominal</name><description>Groupe : SP02 F85&lt;br/&gt;Fichier : alpha_80.csv&lt;br/&gt;Pas de tir : Rampe FusEx&lt;br/&gt;Azimut : 211.6°&lt;br/&gt;Apogée : 1071 m&lt;br/&gt;Portée : 463 m&lt;br/&gt;Points : 150 / 407&lt;br/&gt;Rideau : quadrillage_45</description><styleUrl>#s_v0_0</styleUrl><LineString><extrude>0</extrude><altitudeMode>absolute</altitudeMode><coordinates>-0.04733330,43.21843610,428.96 -0.04733331,43.21843609,428.96 -0.04733334,43.21843605,428.99 -0.04733344,43.21843594,429.06 -0.04733360,43.21843575,429.19 -0.04733385,43.21843545,429.40 -0.04733403,43.21843523,429.55 -0.04733441,43.21843478,429.87 -0.04733487,43.21843424,430.26 -0.04733541,43.21843360,430.72 -0.04733581,43.21843313,431.06 -0.04733647,43.21843234,431.64 -0.04733722,43.21843145,432.28 -0.04733776,43.21843080,432.75 -0.04733920,43.21842910,433.98 -0.04734345,43.21842405,437.57 -0.04735058,43.21841559,443.49 -0.04735669,43.21840834,448.49 -0.04736758,43.21839541,457.31 -0.04737664,43.21838467,464.53 -0.04737899,43.21838188,466.39 -0.04738954,43.21836936,474.63 -0.04740611,43.21834968,487.31 -0.04742487,43.21832742,501.35 -0.04743380,43.21831682,507.96 -0.04744959,43.21829808,519.58 -0.04747263,43.21827075,536.38 -0.04749759,43.21824112,554.32 -0.04751334,43.21822244,565.52 -0.04754121,43.21818936,585.16 -0.04757076,43.21815428,605.79 -0.04759139,43.21812980,620.05 -0.04762366,43.21809151,642.17 -0.04765740,43.21805146,665.08 -0.04769258,43.21800971,688.74 -0.04771680,43.21798097,704.90 -0.04775413,43.21793666,729.63 -0.04779222,43.21789146,754.64 -0.04783059,43.21784593,779.61 -0.04785616,43.21781557,796.13 -0.04789439,43.21777021,820.64 -0.04793230,43.21772522,844.74 -0.04795735,43.21769548,860.54 -0.04799459,43.21765128,883.84 -0.04803143,43.21760757,906.67 -0.04806788,43.21756431,929.04 -0.04809194,43.21753575,943.69 -0.04812737,43.21749371,965.07 -0.04816198,43.21745263,985.75 -0.04819583,43.21741246,1005.75 -0.04821800,43.21738615,1018.73 -0.04825067,43.21734737,1037.67 -0.04828269,43.21730937,1056.03 -0.04830370,43.21728444,1067.94 -0.04833471,43.21724764,1085.35 -0.04836515,43.21721151,1102.22 -0.04839505,43.21717603,1118.57 -0.04841470,43.21715271,1129.20 -0.04844376,43.21711821,1144.73 -0.04847236,43.21708428,1159.80 -0.04849117,43.21706195,1169.59 -0.04851903,43.21702889,1183.90 -0.04854647,43.21699632,1197.79 -0.04857351,43.21696423,1211.25 -0.04859134,43.21694307,1220.00 -0.04861776,43.21691171,1232.79 -0.04864384,43.21688077,1245.20 -0.04866957,43.21685023,1257.22 -0.04868655,43.21683007,1265.04 -0.04871176,43.21680015,1276.45 -0.04873667,43.21677059,1287.52 -0.04875312,43.21675107,1294.70 -0.04877756,43.21672207,1305.19 -0.04880174,43.21669337,1315.35 -0.04882565,43.21666499,1325.18 -0.04884146,43.21664623,1331.56 -0.04886497,43.21661832,1340.86 -0.04888826,43.21659069,1349.85 -0.04891133,43.21656331,1358.54 -0.04892658,43.21654521,1364.17 -0.04894930,43.21651825,1372.37 -0.04897182,43.21649152,1380.27 -0.04898672,43.21647383,1385.38 -0.04900894,43.21644747,1392.82 -0.04903096,43.21642133,1399.97 -0.04905283,43.21639538,1406.85 -0.04906731,43.21637820,1411.29 -0.04908890,43.21635257,1417.72 -0.04911034,43.21632713,1423.89 -0.04913164,43.21630185,1429.80 -0.04914575,43.21628510,1433.60 -0.04916681,43.21626011,1439.08 -0.04918774,43.21623527,1444.31 -0.04920162,43.21621880,1447.66 -0.04922234,43.21619421,1452.47 -0.04924294,43.21616976,1457.04 -0.04926342,43.21614545,1461.37 -0.04927701,43.21612932,1464.12 -0.04929732,43.21610522,1468.04 -0.04931751,43.21608126,1471.73 -0.04933092,43.21606534,1474.06 -0.04935095,43.21604157,1477.35 -0.04937089,43.21601791,1480.41 -0.04939073,43.21599436,1483.25 -0.04940391,43.21597872,1485.01 -0.04942361,43.21595534,1487.46 -0.04944322,43.21593206,1489.68 -0.04946275,43.21590889,1491.68 -0.04947573,43.21589348,1492.89 -0.04949513,43.21587046,1494.52 -0.04951445,43.21584753,1495.92 -0.04952729,43.21583230,1496.74 -0.04954649,43.21580951,1497.77 -0.04956562,43.21578681,1498.59 -0.04958468,43.21576418,1499.20 -0.04959736,43.21574914,1499.48 -0.04961632,43.21572664,1499.72 -0.04962892,43.21571168,1499.77 -0.04967275,43.21565966,1499.15 -0.04969778,43.21562996,1498.23 -0.04973532,43.21558540,1496.02 -0.04977291,43.21554079,1492.73 -0.04979804,43.21551097,1489.89 -0.04983597,43.21546596,1484.55 -0.04987434,43.21542042,1477.74 -0.04991341,43.21537405,1469.18 -0.04994000,43.21534249,1462.30 -0.04998096,43.21529388,1449.79 -0.05002366,43.21524321,1433.87 -0.05006872,43.21518973,1413.08 -0.05010053,43.21515198,1395.27 -0.05015174,43.21509120,1359.02 -0.05020489,43.21502812,1305.64 -0.05023210,43.21499583,1267.30 -0.05026185,43.21496052,1208.82 -0.05028198,43.21493664,1149.83 -0.05029553,43.21492055,1090.69 -0.05030199,43.21491288,1051.27 -0.05030897,43.21490461,992.22 -0.05031364,43.21489907,933.29 -0.05031585,43.21489644,894.09 -0.05031824,43.21489360,835.42 -0.05031983,43.21489172,776.92 -0.05032089,43.21489046,718.58 -0.05032139,43.21488986,679.78 -0.05032193,43.21488923,621.71 -0.05032228,43.21488880,563.81 -0.05032252,43.21488852,506.07 -0.05032263,43.21488839,467.67 -0.05032272,43.21488828,428.96</coordinates></LineString></Placemark>
<Placemark><name>alpha 80 nominal — quadrillage_45</name><description>Motif : quadrillage_45 (45°, 135°)&lt;br/&gt;Pas : 150 m&lt;br/&gt;Segments : 12</description><styleUrl>#s_v0_0_m</styleUrl><MultiGeometry><LineString><altitudeMode>absolute</altitudeMode><coordinates>-0.05007299,43.21518467,398.96 -0.05032263,43.21488839,467.62</coordinates></LineString><LineString><altitudeMode>absolute</altitudeMode><coordinates>-0.04870314,43.21681038,398.96 -0.05032139,43.21488986,679.56</coordinates></LineString><LineString><altitudeMode>absolute</altitudeMode><coordinates>-0.04733330,43.21843610,398.96 -0.05031598,43.21489628,890.85</coordinates></LineString><LineString><altitudeMode>absolute</altitudeMode><coordinates>-0.04770817,43.21799121,699.14 -0.05029351,43.21492295,1099.51</coordinates></LineString><LineString><altitudeMode>absolute</altitudeMode><coordinates>-0.04815250,43.21746389,980.08 -0.05020983,43.21502226,1298.68</coordinates></LineString><LineString><altitudeMode>absolute</altitudeMode><coordinates>-0.04871995,43.21679043,1280.09 -0.04992373,43.21536180,1466.51</coordinates></LineString><LineString><altitudeMode>absolute</altitudeMode><coordinates>-0.05024008,43.21498636,1251.61 -0.04911651,43.21631980,1425.61</coordinates></LineString><LineString><altitudeMode>absolute</altitudeMode><coordinates>-0.05030457,43.21490983,1029.49 -0.04871127,43.21680074,1276.23</coordinates></LineString><LineString><altitudeMode>absolute</altitudeMode><coordinates>-0.05031879,43.21489295,815.16 -0.04838720,43.21718534,1114.28</coordinates></LineString><LineString><altitudeMode>absolute</altitudeMode><coordinates>-0.05032204,43.21488909,602.52 -0.04809746,43.21752920,947.02</coordinates></LineString><LineString><altitudeMode>absolute</altitudeMode><coordinates>-0.05007298,43.21518467,398.96 -0.04782638,43.21785092,776.87</coordinates></LineString><LineString><altitudeMode>absolute</altitudeMode><coordinates>-0.04870314,43.21681039,398.96 -0.04756904,43.21815633,604.59</coordinates></LineString></MultiGeometry></Placemark>
<Placemark><name>alpha 80 nominal — trace au sol</name><description>Projection au sol</description><styleUrl>#s_v0_0</styleUrl><LineString><tessellate>1</tessellate><altitudeMode>clampToGround</altitudeMode><coordinates>-0.04733330,43.21843610,428.96 -0.04733331,43.21843609,428.96 -0.04733334,43.21843605,428.96 -0.04733344,43.21843594,428.96 -0.04733360,43.21843575,428.96 -0.04733385,43.21843545,428.96 -0.04733403,43.21843523,428.96 -0.04733441,43.21843478,428.96 -0.04733487,43.21843424,428.96 -0.04733541,43.21843360,428.96 -0.04733581,43.21843313,428.96 -0.04733647,43.21843234,428.96 -0.04733722,43.21843145,428.96 -0.04733776,43.21843080,428.96 -0.04733920,43.21842910,428.96 -0.04734345,43.21842405,428.96 -0.04735058,43.21841559,428.96 -0.04735669,43.21840834,428.96 -0.04736758,43.21839541,428.96 -0.04737664,43.21838467,428.96 -0.04737899,43.21838188,428.96 -0.04738954,43.21836936,428.96 -0.04740611,43.21834968,428.96 -0.04742487,43.21832742,428.96 -0.04743380,43.21831682,428.96 -0.04744959,43.21829808,428.96 -0.04747263,43.21827075,428.96 -0.04749759,43.21824112,428.96 -0.04751334,43.21822244,428.96 -0.04754121,43.21818936,428.96 -0.04757076,43.21815428,428.96 -0.04759139,43.21812980,428.96 -0.04762366,43.21809151,428.96 -0.04765740,43.21805146,428.96 -0.04769258,43.21800971,428.96 -0.04771680,43.21798097,428.96 -0.04775413,43.21793666,428.96 -0.04779222,43.21789146,428.96 -0.04783059,43.21784593,428.96 -0.04785616,43.21781557,428.96 -0.04789439,43.21777021,428.96 -0.04793230,43.21772522,428.96 -0.04795735,43.21769548,428.96 -0.04799459,43.21765128,428.96 -0.04803143,43.21760757,428.96 -0.04806788,43.21756431,428.96 -0.04809194,43.21753575,428.96 -0.04812737,43.21749371,428.96 -0.04816198,43.21745263,428.96 -0.04819583,43.21741246,428.96 -0.04821800,43.21738615,428.96 -0.04825067,43.21734737,428.96 -0.04828269,43.21730937,428.96 -0.04830370,43.21728444,428.96 -0.04833471,43.21724764,428.96 -0.04836515,43.21721151,428.96 -0.04839505,43.21717603,428.96 -0.04841470,43.21715271,428.96 -0.04844376,43.21711821,428.96 -0.04847236,43.21708428,428.96 -0.04849117,43.21706195,428.96 -0.04851903,43.21702889,428.96 -0.04854647,43.21699632,428.96 -0.04857351,43.21696423,428.96 -0.04859134,43.21694307,428.96 -0.04861776,43.21691171,428.96 -0.04864384,43.21688077,428.96 -0.04866957,43.21685023,428.96 -0.04868655,43.21683007,428.96 -0.04871176,43.21680015,428.96 -0.04873667,43.21677059,428.96 -0.04875312,43.21675107,428.96 -0.04877756,43.21672207,428.96 -0.04880174,43.21669337,428.96 -0.04882565,43.21666499,428.96 -0.04884146,43.21664623,428.96 -0.04886497,43.21661832,428.96 -0.04888826,43.21659069,428.96 -0.04891133,43.21656331,428.96 -0.04892658,43.21654521,428.96 -0.04894930,43.21651825,428.96 -0.04897182,43.21649152,428.96 -0.04898672,43.21647383,428.96 -0.04900894,43.21644747,428.96 -0.04903096,43.21642133,428.96 -0.04905283,43.21639538,428.96 -0.04906731,43.21637820,428.96 -0.04908890,43.21635257,428.96 -0.04911034,43.21632713,428.96 -0.04913164,43.21630185,428.96 -0.04914575,43.21628510,428.96 -0.04916681,43.21626011,428.96 -0.04918774,43.21623527,428.96 -0.04920162,43.21621880,428.96 -0.04922234,43.21619421,428.96 -0.04924294,43.21616976,428.96 -0.04926342,43.21614545,428.96 -0.04927701,43.21612932,428.96 -0.04929732,43.21610522,428.96 -0.04931751,43.21608126,428.96 -0.04933092,43.21606534,428.96 -0.04935095,43.21604157,428.96 -0.04937089,43.21601791,428.96 -0.04939073,43.21599436,428.96 -0.04940391,43.21597872,428.96 -0.04942361,43.21595534,428.96 -0.04944322,43.21593206,428.96 -0.04946275,43.21590889,428.96 -0.04947573,43.21589348,428.96 -0.04949513,43.21587046,428.96 -0.04951445,43.21584753,428.96 -0.04952729,43.21583230,428.96 -0.04954649,43.21580951,428.96 -0.04956562,43.21578681,428.96 -0.04958468,43.21576418,428.96 -0.04959736,43.21574914,428.96 -0.04961632,43.21572664,428.96 -0.04962892,43.21571168,428.96 -0.04967275,43.21565966,428.96 -0.04969778,43.21562996,428.96 -0.04973532,43.21558540,428.96 -0.04977291,43.21554079,428.96 -0.04979804,43.21551097,428.96 -0.04983597,43.21546596,428.96 -0.04987434,43.21542042,428.96 -0.04991341,43.21537405,428.96 -0.04994000,43.21534249,428.96 -0.04998096,43.21529388,428.96 -0.05002366,43.21524321,428.96 -0.05006872,43.21518973,428.96 -0.05010053,43.21515198,428.96 -0.05015174,43.21509120,428.96 -0.05020489,43.21502812,428.96 -0.05023210,43.21499583,428.96 -0.05026185,43.21496052,428.96 -0.05028198,43.21493664,428.96 -0.05029553,43.21492055,428.96 -0.05030199,43.21491288,428.96 -0.05030897,43.21490461,428.96 -0.05031364,43.21489907,428.96 -0.05031585,43.21489644,428.96 -0.05031824,43.21489360,428.96 -0.05031983,43.21489172,428.96 -0.05032089,43.21489046,428.96 -0.05032139,43.21488986,428.96 -0.05032193,43.21488923,428.96 -0.05032228,43.21488880,428.96 -0.05032252,43.21488852,428.96 -0.05032263,43.21488839,428.96 -0.05032272,43.21488828,428.96</coordinates></LineString></Placemark>
<Placemark><name>beta 80 nominal</name><description>Groupe : SP02 F85&lt;br/&gt;Fichier : beta_80.csv&lt;br/&gt;Pas de tir : Rampe FusEx&lt;br/&gt;Azimut : 211.6°&lt;br/&gt;Apogée : 1340 m&lt;br/&gt;Portée : 590 m&lt;br/&gt;Points : 150 / 482&lt;br/&gt;Rideau : quadrillage_45</description><styleUrl>#s_v0_1</styleUrl><LineString><extrude>0</extrude><altitudeMode>absolute</altitudeMode><coordinates>-0.04733330,43.21843610,428.96 -0.04733331,43.21843609,428.96 -0.04733337,43.21843602,429.01 -0.04733353,43.21843583,429.13 -0.04733376,43.21843556,429.32 -0.04733403,43.21843523,429.55 -0.04733441,43.21843478,429.87 -0.04733504,43.21843404,430.41 -0.04733560,43.21843337,430.89 -0.04733624,43.21843261,431.44 -0.04733696,43.21843175,432.06 -0.04733805,43.21843047,433.00 -0.04734035,43.21842774,434.96 -0.04734539,43.21842175,439.20 -0.04735352,43.21841210,445.90 -0.04736372,43.21840000,454.20 -0.04737664,43.21838467,464.53 -0.04738116,43.21837930,468.09 -0.04739481,43.21836310,478.70 -0.04741213,43.21834254,491.84 -0.04743380,43.21831682,507.96 -0.04744959,43.21829808,519.58 -0.04747263,43.21827075,536.38 -0.04749759,43.21824112,554.32 -0.04752243,43.21821164,571.95 -0.04756073,43.21816619,598.81 -0.04759139,43.21812980,620.05 -0.04762366,43.21809151,642.17 -0.04765740,43.21805146,665.08 -0.04770462,43.21799542,696.79 -0.04774157,43.21795157,721.34 -0.04777947,43.21790659,746.29 -0.04781779,43.21786112,771.30 -0.04786892,43.21780043,804.34 -0.04790706,43.21775517,828.73 -0.04794484,43.21771032,852.66 -0.04798223,43.21766596,876.12 -0.04801920,43.21762208,899.11 -0.04806788,43.21756431,929.04 -0.04810393,43.21752153,950.95 -0.04813951,43.21747930,972.35 -0.04817463,43.21743762,993.26 -0.04822097,43.21738262,1020.51 -0.04825626,43.21734074,1041.00 -0.04829222,43.21729806,1061.65 -0.04832881,43.21725464,1082.45 -0.04836598,43.21721052,1103.36 -0.04840918,43.21715925,1127.38 -0.04844247,43.21711975,1145.68 -0.04847914,43.21707622,1165.65 -0.04851539,43.21703321,1185.16 -0.04856307,43.21697663,1210.48 -0.04859835,43.21693475,1228.97 -0.04863325,43.21689333,1247.04 -0.04866778,43.21685235,1264.70 -0.04871326,43.21679838,1287.61 -0.04874697,43.21675837,1304.34 -0.04878036,43.21671875,1320.69 -0.04881341,43.21667952,1336.66 -0.04884616,43.21664065,1352.26 -0.04888937,43.21658937,1372.51 -0.04892144,43.21655131,1387.28 -0.04895324,43.21651358,1401.70 -0.04898476,43.21647616,1415.79 -0.04902640,43.21642675,1434.05 -0.04905734,43.21639003,1447.36 -0.04908803,43.21635360,1460.35 -0.04911850,43.21631745,1473.02 -0.04915877,43.21626965,1489.43 -0.04918872,43.21623410,1501.38 -0.04921846,43.21619881,1513.03 -0.04924801,43.21616374,1524.38 -0.04927735,43.21612892,1535.43 -0.04931619,43.21608283,1549.72 -0.04934510,43.21604851,1560.11 -0.04937384,43.21601441,1570.21 -0.04940240,43.21598051,1580.03 -0.04944023,43.21593562,1592.70 -0.04946841,43.21590217,1601.88 -0.04949645,43.21586890,1610.79 -0.04952433,43.21583581,1619.44 -0.04955207,43.21580288,1627.82 -0.04958884,43.21575925,1638.59 -0.04961626,43.21572671,1646.37 -0.04964354,43.21569433,1653.89 -0.04967070,43.21566209,1661.15 -0.04970673,43.21561934,1670.45 -0.04973360,43.21558744,1677.13 -0.04976037,43.21555568,1683.57 -0.04978703,43.21552404,1689.76 -0.04982240,43.21548206,1697.63 -0.04984881,43.21545071,1703.26 -0.04987512,43.21541949,1708.64 -0.04990133,43.21538838,1713.79 -0.04992745,43.21535739,1718.70 -0.04996213,43.21531623,1724.88 -0.04998804,43.21528548,1729.24 -0.05001386,43.21525484,1733.37 -0.05003960,43.21522429,1737.27 -0.05007379,43.21518371,1742.10 -0.05009934,43.21515339,1745.47 -0.05012482,43.21512315,1748.60 -0.05015022,43.21509301,1751.51 -0.05018397,43.21505295,1755.04 -0.05020921,43.21502300,1757.42 -0.05023437,43.21499314,1759.58 -0.05025947,43.21496335,1761.52 -0.05028451,43.21493364,1763.23 -0.05031778,43.21489415,1765.18 -0.05034268,43.21486460,1766.38 -0.05036751,43.21483513,1767.36 -0.05039228,43.21480574,1768.12 -0.05042522,43.21476664,1768.80 -0.05044986,43.21473739,1769.06 -0.05046627,43.21471793,1769.11 -0.05051790,43.21465665,1768.61 -0.05056173,43.21460463,1767.33 -0.05062041,43.21453499,1764.16 -0.05066443,43.21448275,1760.53 -0.05070842,43.21443055,1755.65 -0.05075248,43.21437825,1749.30 -0.05081168,43.21430799,1737.97 -0.05085682,43.21425443,1726.64 -0.05090301,43.21419961,1711.87 -0.05095078,43.21414291,1692.01 -0.05101796,43.21406319,1651.23 -0.05106487,43.21400751,1604.88 -0.05109484,43.21397194,1556.44 -0.05111342,43.21394989,1507.50 -0.05112488,43.21393629,1458.42 -0.05113360,43.21392594,1393.02 -0.05113727,43.21392158,1344.07 -0.05113953,43.21391891,1295.23 -0.05114089,43.21391728,1246.50 -0.05114193,43.21391605,1181.71 -0.05114237,43.21391553,1133.25 -0.05114263,43.21391522,1084.91 -0.05114279,43.21391503,1036.68 -0.05114289,43.21391492,988.56 -0.05114297,43.21391482,924.57 -0.05114299,43.21391479,876.71 -0.05114301,43.21391477,828.96 -0.05114303,43.21391476,781.33 -0.05114303,43.21391475,717.98 -0.05114303,43.21391475,670.61 -0.05114304,43.21391474,623.34 -0.05114304,43.21391474,576.17 -0.05114304,43.21391474,513.46 -0.05114304,43.21391474,466.54 -0.05114304,43.21391474,428.96</coordinates></LineString></Placemark>
<Placemark><name>beta 80 nominal — quadrillage_45</name><description>Motif : quadrillage_45 (45°, 135°)&lt;br/&gt;Pas : 150 m&lt;br/&gt;Segments : 15</description><styleUrl>#s_v0_1_m</styleUrl><MultiGeometry><LineString><altitudeMode>absolute</altitudeMode><coordinates>-0.05007299,43.21518467,398.96 -0.05114304,43.21391474,594.67</coordinates></LineString><LineString><altitudeMode>absolute</altitudeMode><coordinates>-0.04870314,43.21681038,398.96 -0.05114302,43.21391476,806.80</coordinates></LineString><LineString><altitudeMode>absolute</altitudeMode><coordinates>-0.04733330,43.21843610,398.96 -0.05114283,43.21391499,1018.90</coordinates></LineString><LineString><altitudeMode>absolute</altitudeMode><coordinates>-0.04770817,43.21799121,699.14 -0.05114115,43.21391699,1230.77</coordinates></LineString><LineString><altitudeMode>absolute</altitudeMode><coordinates>-0.04815249,43.21746389,980.08 -0.05112724,43.21393349,1440.75</coordinates></LineString><LineString><altitudeMode>absolute</altitudeMode><coordinates>-0.04868874,43.21682747,1275.26 -0.05103132,43.21404733,1638.03</coordinates></LineString><LineString><altitudeMode>absolute</altitudeMode><coordinates>-0.04950726,43.21585606,1614.15 -0.05050551,43.21467136,1768.73</coordinates></LineString><LineString><altitudeMode>absolute</altitudeMode><coordinates>-0.05110006,43.21396575,1542.70 -0.04994424,43.21533746,1721.69</coordinates></LineString><LineString><altitudeMode>absolute</altitudeMode><coordinates>-0.05113817,43.21392052,1324.67 -0.04942984,43.21594795,1589.22</coordinates></LineString><LineString><altitudeMode>absolute</altitudeMode><coordinates>-0.05114249,43.21391539,1111.87 -0.04903583,43.21641556,1438.10</coordinates></LineString><LineString><altitudeMode>absolute</altitudeMode><coordinates>-0.05114298,43.21391481,899.66 -0.04869551,43.21681944,1278.67</coordinates></LineString><LineString><altitudeMode>absolute</altitudeMode><coordinates>-0.05114303,43.21391475,687.52 -0.04838597,43.21718680,1114.47</coordinates></LineString><LineString><altitudeMode>absolute</altitudeMode><coordinates>-0.05114304,43.21391474,475.39 -0.04809746,43.21752920,947.02</coordinates></LineString><LineString><altitudeMode>absolute</altitudeMode><coordinates>-0.05007298,43.21518467,398.96 -0.04782639,43.21785090,776.86</coordinates></LineString><LineString><altitudeMode>absolute</altitudeMode><coordinates>-0.04870314,43.21681039,398.96 -0.04756906,43.21815630,604.58</coordinates></LineString></MultiGeometry></Placemark>
<Placemark><name>beta 80 nominal — trace au sol</name><description>Projection au sol</description><styleUrl>#s_v0_1</styleUrl><LineString><tessellate>1</tessellate><altitudeMode>clampToGround</altitudeMode><coordinates>-0.04733330,43.21843610,428.96 -0.04733331,43.21843609,428.96 -0.04733337,43.21843602,428.96 -0.04733353,43.21843583,428.96 -0.04733376,43.21843556,428.96 -0.04733403,43.21843523,428.96 -0.04733441,43.21843478,428.96 -0.04733504,43.21843404,428.96 -0.04733560,43.21843337,428.96 -0.04733624,43.21843261,428.96 -0.04733696,43.21843175,428.96 -0.04733805,43.21843047,428.96 -0.04734035,43.21842774,428.96 -0.04734539,43.21842175,428.96 -0.04735352,43.21841210,428.96 -0.04736372,43.21840000,428.96 -0.04737664,43.21838467,428.96 -0.04738116,43.21837930,428.96 -0.04739481,43.21836310,428.96 -0.04741213,43.21834254,428.96 -0.04743380,43.21831682,428.96 -0.04744959,43.21829808,428.96 -0.04747263,43.21827075,428.96 -0.04749759,43.21824112,428.96 -0.04752243,43.21821164,428.96 -0.04756073,43.21816619,428.96 -0.04759139,43.21812980,428.96 -0.04762366,43.21809151,428.96 -0.04765740,43.21805146,428.96 -0.04770462,43.21799542,428.96 -0.04774157,43.21795157,428.96 -0.04777947,43.21790659,428.96 -0.04781779,43.21786112,428.96 -0.04786892,43.21780043,428.96 -0.04790706,43.21775517,428.96 -0.04794484,43.21771032,428.96 -0.04798223,43.21766596,428.96 -0.04801920,43.21762208,428.96 -0.04806788,43.21756431,428.96 -0.04810393,43.21752153,428.96 -0.04813951,43.21747930,428.96 -0.04817463,43.21743762,428.96 -0.04822097,43.21738262,428.96 -0.04825626,43.21734074,428.96 -0.04829222,43.21729806,428.96 -0.04832881,43.21725464,428.96 -0.04836598,43.21721052,428.96 -0.04840918,43.21715925,428.96 -0.04844247,43.21711975,428.96 -0.04847914,43.21707622,428.96 -0.04851539,43.21703321,428.96 -0.04856307,43.21697663,428.96 -0.04859835,43.21693475,428.96 -0.04863325,43.21689333,428.96 -0.04866778,43.21685235,428.96 -0.04871326,43.21679838,428.96 -0.04874697,43.21675837,428.96 -0.04878036,43.21671875,428.96 -0.04881341,43.21667952,428.96 -0.04884616,43.21664065,428.96 -0.04888937,43.21658937,428.96 -0.04892144,43.21655131,428.96 -0.04895324,43.21651358,428.96 -0.04898476,43.21647616,428.96 -0.04902640,43.21642675,428.96 -0.04905734,43.21639003,428.96 -0.04908803,43.21635360,428.96 -0.04911850,43.21631745,428.96 -0.04915877,43.21626965,428.96 -0.04918872,43.21623410,428.96 -0.04921846,43.21619881,428.96 -0.04924801,43.21616374,428.96 -0.04927735,43.21612892,428.96 -0.04931619,43.21608283,428.96 -0.04934510,43.21604851,428.96 -0.04937384,43.21601441,428.96 -0.04940240,43.21598051,428.96 -0.04944023,43.21593562,428.96 -0.04946841,43.21590217,428.96 -0.04949645,43.21586890,428.96 -0.04952433,43.21583581,428.96 -0.04955207,43.21580288,428.96 -0.04958884,43.21575925,428.96 -0.04961626,43.21572671,428.96 -0.04964354,43.21569433,428.96 -0.04967070,43.21566209,428.96 -0.04970673,43.21561934,428.96 -0.04973360,43.21558744,428.96 -0.04976037,43.21555568,428.96 -0.04978703,43.21552404,428.96 -0.04982240,43.21548206,428.96 -0.04984881,43.21545071,428.96 -0.04987512,43.21541949,428.96 -0.04990133,43.21538838,428.96 -0.04992745,43.21535739,428.96 -0.04996213,43.21531623,428.96 -0.04998804,43.21528548,428.96 -0.05001386,43.21525484,428.96 -0.05003960,43.21522429,428.96 -0.05007379,43.21518371,428.96 -0.05009934,43.21515339,428.96 -0.05012482,43.21512315,428.96 -0.05015022,43.21509301,428.96 -0.05018397,43.21505295,428.96 -0.05020921,43.21502300,428.96 -0.05023437,43.21499314,428.96 -0.05025947,43.21496335,428.96 -0.05028451,43.21493364,428.96 -0.05031778,43.21489415,428.96 -0.05034268,43.21486460,428.96 -0.05036751,43.21483513,428.96 -0.05039228,43.21480574,428.96 -0.05042522,43.21476664,428.96 -0.05044986,43.21473739,428.96 -0.05046627,43.21471793,428.96 -0.05051790,43.21465665,428.96 -0.05056173,43.21460463,428.96 -0.05062041,43.21453499,428.96 -0.05066443,43.21448275,428.96 -0.05070842,43.21443055,428.96 -0.05075248,43.21437825,428.96 -0.05081168,43.21430799,428.96 -0.05085682,43.21425443,428.96 -0.05090301,43.21419961,428.96 -0.05095078,43.21414291,428.96 -0.05101796,43.21406319,428.96 -0.05106487,43.21400751,428.96 -0.05109484,43.21397194,428.96 -0.05111342,43.21394989,428.96 -0.05112488,43.21393629,428.96 -0.05113360,43.21392594,428.96 -0.05113727,43.21392158,428.96 -0.05113953,43.21391891,428.96 -0.05114089,43.21391728,428.96 -0.05114193,43.21391605,428.96 -0.05114237,43.21391553,428.96 -0.05114263,43.21391522,428.96 -0.05114279,43.21391503,428.96 -0.05114289,43.21391492,428.96 -0.05114297,43.21391482,428.96 -0.05114299,43.21391479,428.96 -0.05114301,43.21391477,428.96 -0.05114303,43.21391476,428.96 -0.05114303,43.21391475,428.96 -0.05114303,43.21391475,428.96 -0.05114304,43.21391474,428.96 -0.05114304,43.21391474,428.96 -0.05114304,43.21391474,428.96 -0.05114304,43.21391474,428.96 -0.05114304,43.21391474,428.96</coordinates></LineString></Placemark>
<Placemark><name>alpha 45 nominal</name><description>Groupe : SP02 F85&lt;br/&gt;Fichier : alpha_45.csv&lt;br/&gt;Pas de tir : Rampe FusEx&lt;br/&gt;Azimut : 211.6°&lt;br/&gt;Apogée : 497 m&lt;br/&gt;Portée : 1607 m&lt;br/&gt;Points : 150 / 461&lt;br/&gt;Rideau : quadrillage_45</description><styleUrl>#s_v0_2</styleUrl><LineString><extrude>0</extrude><altitudeMode>absolute</altitudeMode><coordinates>-0.04733330,43.21843610,428.96 -0.04733333,43.21843606,428.96 -0.04733359,43.21843576,428.99 -0.04733401,43.21843526,429.05 -0.04733486,43.21843425,429.16 -0.04733603,43.21843287,429.33 -0.04733796,43.21843057,429.61 -0.04733989,43.21842828,429.89 -0.04734215,43.21842560,430.23 -0.04734474,43.21842253,430.61 -0.04734766,43.21841906,431.05 -0.04735092,43.21841519,431.54 -0.04735677,43.21840824,432.41 -0.04737593,43.21838550,435.21 -0.04740723,43.21834837,439.65 -0.04744699,43.21830117,445.19 -0.04749521,43.21824395,451.76 -0.04755201,43.21817654,459.25 -0.04764115,43.21807075,470.51 -0.04771767,43.21797993,479.84 -0.04780188,43.21787999,489.93 -0.04789350,43.21777126,500.70 -0.04799244,43.21765384,512.08 -0.04809835,43.21752815,524.01 -0.04821074,43.21739476,536.47 -0.04832940,43.21725394,549.39 -0.04845400,43.21710607,562.72 -0.04858412,43.21695163,576.44 -0.04871953,43.21679094,590.47 -0.04890766,43.21656767,609.62 -0.04905348,43.21639461,624.21 -0.04920118,43.21621931,638.76 -0.04934927,43.21604357,653.13 -0.04949678,43.21586851,667.22 -0.04964310,43.21569486,680.98 -0.04978780,43.21552312,694.37 -0.04993078,43.21535344,707.38 -0.05007206,43.21518576,720.02 -0.05021171,43.21502004,732.29 -0.05034928,43.21485676,744.17 -0.05048340,43.21469759,755.53 -0.05065700,43.21449157,769.89 -0.05078352,43.21434141,780.11 -0.05090710,43.21419475,789.87 -0.05102788,43.21405141,799.19 -0.05114602,43.21391121,808.09 -0.05126162,43.21377400,816.58 -0.05137484,43.21363964,824.68 -0.05148577,43.21350799,832.40 -0.05159453,43.21337892,839.74 -0.05170121,43.21325231,846.73 -0.05180589,43.21312807,853.38 -0.05194254,43.21296591,861.70 -0.05204291,43.21284678,867.57 -0.05214156,43.21272970,873.12 -0.05223855,43.21261459,878.35 -0.05233396,43.21250136,883.28 -0.05242784,43.21238996,887.91 -0.05252024,43.21228030,892.26 -0.05261122,43.21217232,896.31 -0.05270083,43.21206597,900.09 -0.05278911,43.21196120,903.60 -0.05287612,43.21185794,906.83 -0.05296189,43.21175614,909.80 -0.05307439,43.21162263,913.36 -0.05315743,43.21152408,915.73 -0.05323936,43.21142685,917.85 -0.05332021,43.21133089,919.72 -0.05340001,43.21123619,921.36 -0.05347879,43.21114269,922.75 -0.05355659,43.21105036,923.91 -0.05363342,43.21095918,924.83 -0.05370932,43.21086910,925.52 -0.05378430,43.21078012,925.99 -0.05390731,43.21063413,926.27 -0.05395584,43.21057654,926.21 -0.05402793,43.21049097,925.95 -0.05409921,43.21040638,925.46 -0.05416968,43.21032275,924.76 -0.05423937,43.21024005,923.86 -0.05430828,43.21015826,922.74 -0.05437643,43.21007738,921.41 -0.05444385,43.20999737,919.89 -0.05451054,43.20991822,918.16 -0.05457651,43.20983993,916.23 -0.05464178,43.20976246,914.10 -0.05472775,43.20966044,910.96 -0.05479143,43.20958487,908.37 -0.05485444,43.20951008,905.60 -0.05491681,43.20943607,902.64 -0.05497852,43.20936282,899.48 -0.05503960,43.20929033,896.14 -0.05510005,43.20921859,892.62 -0.05515988,43.20914759,888.92 -0.05521910,43.20907731,885.03 -0.05527771,43.20900776,880.96 -0.05533571,43.20893891,876.72 -0.05539313,43.20887077,872.30 -0.05546877,43.20878100,866.14 -0.05552483,43.20871448,861.31 -0.05558030,43.20864864,856.32 -0.05563522,43.20858346,851.16 -0.05568957,43.20851897,845.84 -0.05574335,43.20845514,840.35 -0.05579659,43.20839196,834.69 -0.05584927,43.20832944,828.88 -0.05590140,43.20826756,822.91 -0.05595299,43.20820633,816.78 -0.05600405,43.20814575,810.50 -0.05607129,43.20806594,801.88 -0.05612109,43.20800683,795.24 -0.05617038,43.20794834,788.46 -0.05621913,43.20789048,781.52 -0.05626737,43.20783323,774.44 -0.05631509,43.20777660,767.22 -0.05636229,43.20772058,759.86 -0.05640899,43.20766516,752.36 -0.05645517,43.20761035,744.72 -0.05650085,43.20755614,736.94 -0.05654602,43.20750253,729.04 -0.05659070,43.20744951,721.00 -0.05664950,43.20737973,710.08 -0.05669302,43.20732808,701.74 -0.05673604,43.20727702,693.27 -0.05677858,43.20722653,684.68 -0.05682064,43.20717662,675.98 -0.05686221,43.20712729,667.15 -0.05690330,43.20707851,658.20 -0.05694392,43.20703031,649.14 -0.05698406,43.20698267,639.97 -0.05702373,43.20693559,630.69 -0.05706293,43.20688907,621.29 -0.05711448,43.20682789,608.60 -0.05715261,43.20678264,598.96 -0.05719027,43.20673795,589.21 -0.05722748,43.20669379,579.37 -0.05726423,43.20665017,569.42 -0.05730054,43.20660707,559.38 -0.05733640,43.20656452,549.24 -0.05737182,43.20652248,539.00 -0.05740680,43.20648097,528.68 -0.05744134,43.20643997,518.26 -0.05747545,43.20639949,507.76 -0.05750913,43.20635953,497.17 -0.05755337,43.20630702,482.92 -0.05758606,43.20626823,472.14 -0.05761832,43.20622994,461.27 -0.05765017,43.20619214,450.33 -0.05768161,43.20615482,439.31 -0.05771264,43.20611800,428.21</coordinates></LineString></Placemark>
<Placemark><name>alpha 45 nominal — quadrillage_45</name><description>Motif : quadrillage_45 (45°, 135°)&lt;br/&gt;Pas : 150 m&lt;br/&gt;Segments : 15</description><styleUrl>#s_v0_2_m</styleUrl><MultiGeometry><LineString><altitudeMode>absolute</altitudeMode><coordinates>-0.05692220,43.20705609,398.96 -0.05746060,43.20641713,512.34</coordinates></LineString><LineString><altitudeMode>absolute</altitudeMode><coordinates>-0.05555236,43.20868180,398.96 -0.05695615,43.20701580,646.35</coordinates></LineString><LineString><altitudeMode>absolute</altitudeMode><coordinates>-0.05418251,43.21030752,398.96 -0.05634087,43.20774600,763.20</coordinates></LineString><LineString><altitudeMode>absolute</altitudeMode><coordinates>-0.05281267,43.21193324,398.96 -0.05557528,43.20865460,856.77</coordinates></LineString><LineString><altitudeMode>absolute</altitudeMode><coordinates>-0.05144283,43.21355895,398.96 -0.05458712,43.20982734,915.88</coordinates></LineString><LineString><altitudeMode>absolute</altitudeMode><coordinates>-0.05007299,43.21518467,398.96 -0.05322812,43.21144018,917.56</coordinates></LineString><LineString><altitudeMode>absolute</altitudeMode><coordinates>-0.04870314,43.21681038,398.96 -0.05115620,43.21389912,808.84</coordinates></LineString><LineString><altitudeMode>absolute</altitudeMode><coordinates>-0.05708475,43.20686317,615.92 -0.05546924,43.20878045,866.10</coordinates></LineString><LineString><altitudeMode>absolute</altitudeMode><coordinates>-0.05692220,43.20705609,398.96 -0.05371539,43.21086189,925.56</coordinates></LineString><LineString><altitudeMode>absolute</altitudeMode><coordinates>-0.05555236,43.20868180,398.96 -0.05255159,43.21224309,893.66</coordinates></LineString><LineString><altitudeMode>absolute</altitudeMode><coordinates>-0.05418251,43.21030752,398.96 -0.05154951,43.21343234,836.70</coordinates></LineString><LineString><altitudeMode>absolute</altitudeMode><coordinates>-0.05281267,43.21193324,398.96 -0.05062709,43.21452706,767.42</coordinates></LineString><LineString><altitudeMode>absolute</altitudeMode><coordinates>-0.05144283,43.21355895,398.96 -0.04975096,43.21556685,690.96</coordinates></LineString><LineString><altitudeMode>absolute</altitudeMode><coordinates>-0.05007299,43.21518467,398.96 -0.04890687,43.21656860,609.54</coordinates></LineString><LineString><altitudeMode>absolute</altitudeMode><coordinates>-0.04870314,43.21681038,398.96 -0.04809315,43.21753432,523.42</coordinates></LineString></MultiGeometry></Placemark>
<Placemark><name>alpha 45 nominal — trace au sol</name><description>Projection au sol</description><styleUrl>#s_v0_2</styleUrl><LineString><tessellate>1</tessellate><altitudeMode>clampToGround</altitudeMode><coordinates>-0.04733330,43.21843610,428.96 -0.04733333,43.21843606,428.96 -0.04733359,43.21843576,428.96 -0.04733401,43.21843526,428.96 -0.04733486,43.21843425,428.96 -0.04733603,43.21843287,428.96 -0.04733796,43.21843057,428.96 -0.04733989,43.21842828,428.96 -0.04734215,43.21842560,428.96 -0.04734474,43.21842253,428.96 -0.04734766,43.21841906,428.96 -0.04735092,43.21841519,428.96 -0.04735677,43.21840824,428.96 -0.04737593,43.21838550,428.96 -0.04740723,43.21834837,428.96 -0.04744699,43.21830117,428.96 -0.04749521,43.21824395,428.96 -0.04755201,43.21817654,428.96 -0.04764115,43.21807075,428.96 -0.04771767,43.21797993,428.96 -0.04780188,43.21787999,428.96 -0.04789350,43.21777126,428.96 -0.04799244,43.21765384,428.96 -0.04809835,43.21752815,428.96 -0.04821074,43.21739476,428.96 -0.04832940,43.21725394,428.96 -0.04845400,43.21710607,428.96 -0.04858412,43.21695163,428.96 -0.04871953,43.21679094,428.96 -0.04890766,43.21656767,428.96 -0.04905348,43.21639461,428.96 -0.04920118,43.21621931,428.96 -0.04934927,43.21604357,428.96 -0.04949678,43.21586851,428.96 -0.04964310,43.21569486,428.96 -0.04978780,43.21552312,428.96 -0.04993078,43.21535344,428.96 -0.05007206,43.21518576,428.96 -0.05021171,43.21502004,428.96 -0.05034928,43.21485676,428.96 -0.05048340,43.21469759,428.96 -0.05065700,43.21449157,428.96 -0.05078352,43.21434141,428.96 -0.05090710,43.21419475,428.96 -0.05102788,43.21405141,428.96 -0.05114602,43.21391121,428.96 -0.05126162,43.21377400,428.96 -0.05137484,43.21363964,428.96 -0.05148577,43.21350799,428.96 -0.05159453,43.21337892,428.96 -0.05170121,43.21325231,428.96 -0.05180589,43.21312807,428.96 -0.05194254,43.21296591,428.96 -0.05204291,43.21284678,428.96 -0.05214156,43.21272970,428.96 -0.05223855,43.21261459,428.96 -0.05233396,43.21250136,428.96 -0.05242784,43.21238996,428.96 -0.05252024,43.21228030,428.96 -0.05261122,43.21217232,428.96 -0.05270083,43.21206597,428.96 -0.05278911,43.21196120,428.96 -0.05287612,43.21185794,428.96 -0.05296189,43.21175614,428.96 -0.05307439,43.21162263,428.96 -0.05315743,43.21152408,428.96 -0.05323936,43.21142685,428.96 -0.05332021,43.21133089,428.96 -0.05340001,43.21123619,428.96 -0.05347879,43.21114269,428.96 -0.05355659,43.21105036,428.96 -0.05363342,43.21095918,428.96 -0.05370932,43.21086910,428.96 -0.05378430,43.21078012,428.96 -0.05390731,43.21063413,428.96 -0.05395584,43.21057654,428.96 -0.05402793,43.21049097,428.96 -0.05409921,43.21040638,428.96 -0.05416968,43.21032275,428.96 -0.05423937,43.21024005,428.96 -0.05430828,43.21015826,428.96 -0.05437643,43.21007738,428.96 -0.05444385,43.20999737,428.96 -0.05451054,43.20991822,428.96 -0.05457651,43.20983993,428.96 -0.05464178,43.20976246,428.96 -0.05472775,43.20966044,428.96 -0.05479143,43.20958487,428.96 -0.05485444,43.20951008,428.96 -0.05491681,43.20943607,428.96 -0.05497852,43.20936282,428.96 -0.05503960,43.20929033,428.96 -0.05510005,43.20921859,428.96 -0.05515988,43.20914759,428.96 -0.05521910,43.20907731,428.96 -0.05527771,43.20900776,428.96 -0.05533571,43.20893891,428.96 -0.05539313,43.20887077,428.96 -0.05546877,43.20878100,428.96 -0.05552483,43.20871448,428.96 -0.05558030,43.20864864,428.96 -0.05563522,43.20858346,428.96 -0.05568957,43.20851897,428.96 -0.05574335,43.20845514,428.96 -0.05579659,43.20839196,428.96 -0.05584927,43.20832944,428.96 -0.05590140,43.20826756,428.96 -0.05595299,43.20820633,428.96 -0.05600405,43.20814575,428.96 -0.05607129,43.20806594,428.96 -0.05612109,43.20800683,428.96 -0.05617038,43.20794834,428.96 -0.05621913,43.20789048,428.96 -0.05626737,43.20783323,428.96 -0.05631509,43.20777660,428.96 -0.05636229,43.20772058,428.96 -0.05640899,43.20766516,428.96 -0.05645517,43.20761035,428.96 -0.05650085,43.20755614,428.96 -0.05654602,43.20750253,428.96 -0.05659070,43.20744951,428.96 -0.05664950,43.20737973,428.96 -0.05669302,43.20732808,428.96 -0.05673604,43.20727702,428.96 -0.05677858,43.20722653,428.96 -0.05682064,43.20717662,428.96 -0.05686221,43.20712729,428.96 -0.05690330,43.20707851,428.96 -0.05694392,43.20703031,428.96 -0.05698406,43.20698267,428.96 -0.05702373,43.20693559,428.96 -0.05706293,43.20688907,428.96 -0.05711448,43.20682789,428.96 -0.05715261,43.20678264,428.96 -0.05719027,43.20673795,428.96 -0.05722748,43.20669379,428.96 -0.05726423,43.20665017,428.96 -0.05730054,43.20660707,428.96 -0.05733640,43.20656452,428.96 -0.05737182,43.20652248,428.96 -0.05740680,43.20648097,428.96 -0.05744134,43.20643997,428.96 -0.05747545,43.20639949,428.96 -0.05750913,43.20635953,428.96 -0.05755337,43.20630702,428.96 -0.05758606,43.20626823,428.96 -0.05761832,43.20622994,428.96 -0.05765017,43.20619214,428.96 -0.05768161,43.20615482,428.96 -0.05771264,43.20611800,428.96</coordinates></LineString></Placemark>
<Placemark><name>beta 45 nominal</name><description>Groupe : SP02 F85&lt;br/&gt;Fichier : beta_45.csv&lt;br/&gt;Pas de tir : Rampe FusEx&lt;br/&gt;Azimut : 211.6°&lt;br/&gt;Apogée : 572 m&lt;br/&gt;Portée : 2143 m&lt;br/&gt;Points : 150 / 496&lt;br/&gt;Rideau : quadrillage_45</description><styleUrl>#s_v0_3</styleUrl><LineString><extrude>0</extrude><altitudeMode>absolute</altitudeMode><coordinates>-0.04733330,43.21843610,428.96 -0.04733333,43.21843606,428.96 -0.04733375,43.21843556,429.01 -0.04733426,43.21843497,429.08 -0.04733521,43.21843383,429.21 -0.04733686,43.21843187,429.45 -0.04733856,43.21842985,429.70 -0.04734060,43.21842743,430.00 -0.04734384,43.21842359,430.48 -0.04734665,43.21842026,430.90 -0.04734980,43.21841652,431.37 -0.04735677,43.21840824,432.41 -0.04737593,43.21838550,435.21 -0.04740723,43.21834837,439.65 -0.04746212,43.21828322,447.27 -0.04751318,43.21822262,454.16 -0.04757287,43.21815178,461.94 -0.04764115,43.21807075,470.51 -0.04774491,43.21794761,483.12 -0.04783160,43.21784472,493.45 -0.04792567,43.21773308,504.43 -0.04806231,43.21757092,519.97 -0.04817257,43.21744006,532.26 -0.04828916,43.21730170,545.04 -0.04845400,43.21710607,562.72 -0.04858412,43.21695163,576.44 -0.04871953,43.21679094,590.47 -0.04890766,43.21656767,609.62 -0.04905348,43.21639461,624.21 -0.04920118,43.21621931,638.76 -0.04939854,43.21598510,657.86 -0.04954571,43.21581043,671.85 -0.04969152,43.21563739,685.49 -0.04988331,43.21540977,703.09 -0.05002515,43.21524143,715.85 -0.05016534,43.21507506,728.24 -0.05034964,43.21485633,744.20 -0.05048559,43.21469500,755.71 -0.05061958,43.21453597,766.84 -0.05079599,43.21432662,781.16 -0.05092971,43.21416792,791.75 -0.05106534,43.21400695,802.27 -0.05124894,43.21378906,816.16 -0.05138835,43.21362360,826.45 -0.05150268,43.21348793,834.73 -0.05162633,43.21334117,843.51 -0.05180733,43.21312637,856.05 -0.05194090,43.21296784,865.04 -0.05207269,43.21281144,873.69 -0.05224570,43.21260612,884.72 -0.05237351,43.21245443,892.61 -0.05249971,43.21230466,900.17 -0.05266556,43.21210783,909.78 -0.05278818,43.21196230,916.63 -0.05290936,43.21181849,923.18 -0.05306874,43.21162934,931.45 -0.05318667,43.21148938,937.32 -0.05330329,43.21135098,942.90 -0.05345677,43.21116882,949.91 -0.05357044,43.21103392,954.85 -0.05368289,43.21090047,959.51 -0.05383100,43.21072469,965.31 -0.05394075,43.21059444,969.36 -0.05404939,43.21046552,973.14 -0.05419254,43.21029562,977.79 -0.05429868,43.21016965,980.97 -0.05440380,43.21004490,983.91 -0.05454239,43.20988042,987.45 -0.05464519,43.20975842,989.82 -0.05474703,43.20963755,991.94 -0.05488138,43.20947812,994.41 -0.05498107,43.20935980,995.98 -0.05507988,43.20924254,997.32 -0.05521026,43.20908781,998.75 -0.05530705,43.20897293,999.55 -0.05540300,43.20885906,1000.13 -0.05549814,43.20874615,1000.49 -0.05559246,43.20863421,1000.62 -0.05571701,43.20848640,1000.45 -0.05580951,43.20837662,1000.08 -0.05593166,43.20823166,999.24 -0.05602240,43.20812396,998.36 -0.05611241,43.20801714,997.27 -0.05623130,43.20787604,995.48 -0.05631964,43.20777120,993.90 -0.05640728,43.20766719,992.12 -0.05652306,43.20752978,989.42 -0.05660911,43.20742766,987.16 -0.05669448,43.20732634,984.69 -0.05680729,43.20719246,981.10 -0.05689114,43.20709294,978.17 -0.05697435,43.20699420,975.04 -0.05708431,43.20686370,970.57 -0.05716605,43.20676669,966.99 -0.05724717,43.20667042,963.22 -0.05735437,43.20654319,957.90 -0.05743407,43.20644860,953.68 -0.05751317,43.20635473,949.28 -0.05761771,43.20623066,943.12 -0.05769543,43.20613842,938.29 -0.05777257,43.20604687,933.27 -0.05787453,43.20592588,926.30 -0.05795032,43.20583592,920.86 -0.05802555,43.20574664,915.24 -0.05812498,43.20562864,907.47 -0.05819890,43.20554092,901.44 -0.05827226,43.20545385,895.24 -0.05834508,43.20536743,888.86 -0.05844131,43.20525323,880.09 -0.05851284,43.20516833,873.32 -0.05858384,43.20508407,866.38 -0.05867766,43.20497272,856.86 -0.05874741,43.20488995,849.53 -0.05881662,43.20480781,842.03 -0.05890809,43.20469926,831.79 -0.05897607,43.20461858,823.92 -0.05904353,43.20453852,815.89 -0.05913266,43.20443274,804.94 -0.05919891,43.20435411,796.55 -0.05926464,43.20427611,788.00 -0.05935148,43.20417304,776.36 -0.05941601,43.20409646,767.46 -0.05948003,43.20402048,758.41 -0.05956461,43.20392010,746.11 -0.05962745,43.20384552,736.72 -0.05968979,43.20377154,727.18 -0.05977214,43.20367381,714.24 -0.05983331,43.20360121,704.37 -0.05989399,43.20352919,694.36 -0.05997412,43.20343410,680.80 -0.06003365,43.20336345,670.48 -0.06009268,43.20329339,660.02 -0.06017063,43.20320088,645.86 -0.06022852,43.20313218,635.09 -0.06028593,43.20306405,624.19 -0.06034286,43.20299648,613.17 -0.06041801,43.20290730,598.27 -0.06047381,43.20284107,586.95 -0.06052913,43.20277542,575.52 -0.06060216,43.20268875,560.08 -0.06065638,43.20262440,548.36 -0.06071012,43.20256062,536.52 -0.06078105,43.20247644,520.56 -0.06083370,43.20241396,508.45 -0.06088588,43.20235203,496.23 -0.06095474,43.20227031,479.77 -0.06100585,43.20220966,467.30 -0.06105649,43.20214955,454.72 -0.06112330,43.20207026,437.78 -0.06117288,43.20201142,424.96</coordinates></LineString></Placemark>
<Placemark><name>beta 45 nominal — quadrillage_45</name><description>Motif : quadrillage_45 (45°, 135°)&lt;br/&gt;Pas : 150 m&lt;br/&gt;Segments : 20</description><styleUrl>#s_v0_3_m</styleUrl><MultiGeometry><LineString><altitudeMode>absolute</altitudeMode><coordinates>-0.06103173,43.20217894,398.96 -0.06111018,43.20208583,441.11</coordinates></LineString><LineString><altitudeMode>absolute</altitudeMode><coordinates>-0.05966189,43.20380466,398.96 -0.06056259,43.20273571,568.44</coordinates></LineString><LineString><altitudeMode>absolute</altitudeMode><coordinates>-0.05829204,43.20543037,398.96 -0.05994746,43.20346574,685.32</coordinates></LineString><LineString><altitudeMode>absolute</altitudeMode><coordinates>-0.05692220,43.20705609,398.96 -0.05925162,43.20429156,789.69</coordinates></LineString><LineString><altitudeMode>absolute</altitudeMode><coordinates>-0.05555236,43.20868180,398.96 -0.05845635,43.20523537,878.67</coordinates></LineString><LineString><altitudeMode>absolute</altitudeMode><coordinates>-0.05418251,43.21030752,398.96 -0.05753441,43.20632952,948.03</coordinates></LineString><LineString><altitudeMode>absolute</altitudeMode><coordinates>-0.05281267,43.21193324,398.96 -0.05644378,43.20762388,991.27</coordinates></LineString><LineString><altitudeMode>absolute</altitudeMode><coordinates>-0.05144283,43.21355895,398.96 -0.05511554,43.20920021,997.71</coordinates></LineString><LineString><altitudeMode>absolute</altitudeMode><coordinates>-0.05007299,43.21518467,398.96 -0.05342879,43.21120203,948.64</coordinates></LineString><LineString><altitudeMode>absolute</altitudeMode><coordinates>-0.04870314,43.21681038,398.96 -0.05116006,43.21389454,809.44</coordinates></LineString><LineString><altitudeMode>absolute</altitudeMode><coordinates>-0.06103173,43.20217894,398.96 -0.05777716,43.20604143,932.96</coordinates></LineString><LineString><altitudeMode>absolute</altitudeMode><coordinates>-0.05966188,43.20380466,398.96 -0.05598250,43.20817131,998.74</coordinates></LineString><LineString><altitudeMode>absolute</altitudeMode><coordinates>-0.05829204,43.20543037,398.96 -0.05466733,43.20973215,990.28</coordinates></LineString><LineString><altitudeMode>absolute</altitudeMode><coordinates>-0.05692220,43.20705609,398.96 -0.05353595,43.21107485,953.35</coordinates></LineString><LineString><altitudeMode>absolute</altitudeMode><coordinates>-0.05555236,43.20868181,398.96 -0.05250683,43.21229621,900.59</coordinates></LineString><LineString><altitudeMode>absolute</altitudeMode><coordinates>-0.05418251,43.21030752,398.96 -0.05154352,43.21343946,837.63</coordinates></LineString><LineString><altitudeMode>absolute</altitudeMode><coordinates>-0.05281267,43.21193324,398.96 -0.05062693,43.21452725,767.44</coordinates></LineString><LineString><altitudeMode>absolute</altitudeMode><coordinates>-0.05144283,43.21355895,398.96 -0.04975104,43.21556675,690.95</coordinates></LineString><LineString><altitudeMode>absolute</altitudeMode><coordinates>-0.05007298,43.21518467,398.96 -0.04890687,43.21656860,609.54</coordinates></LineString><LineString><altitudeMode>absolute</altitudeMode><coordinates>-0.04870314,43.21681039,398.96 -0.04809320,43.21753426,523.41</coordinates></LineString></MultiGeometry></Placemark>
<Placemark><name>beta 45 nominal — trace au sol</name><description>Projection au sol</description><styleUrl>#s_v0_3</styleUrl><LineString><tessellate>1</tessellate><altitudeMode>clampToGround</altitudeMode><coordinates>-0.04733330,43.21843610,428.96 -0.04733333,43.21843606,428.96 -0.04733375,43.21843556,428.96 -0.04733426,43.21843497,428.96 -0.04733521,43.21843383,428.96 -0.04733686,43.21843187,428.96 -0.04733856,43.21842985,428.96 -0.04734060,43.21842743,428.96 -0.04734384,43.21842359,428.96 -0.04734665,43.21842026,428.96 -0.04734980,43.21841652,428.96 -0.04735677,43.21840824,428.96 -0.04737593,43.21838550,428.96 -0.04740723,43.21834837,428.96 -0.04746212,43.21828322,428.96 -0.04751318,43.21822262,428.96 -0.04757287,43.21815178,428.96 -0.04764115,43.21807075,428.96 -0.04774491,43.21794761,428.96 -0.04783160,43.21784472,428.96 -0.04792567,43.21773308,428.96 -0.04806231,43.21757092,428.96 -0.04817257,43.21744006,428.96 -0.04828916,43.21730170,428.96 -0.04845400,43.21710607,428.96 -0.04858412,43.21695163,428.96 -0.04871953,43.21679094,428.96 -0.04890766,43.21656767,428.96 -0.04905348,43.21639461,428.96 -0.04920118,43.21621931,428.96 -0.04939854,43.21598510,428.96 -0.04954571,43.21581043,428.96 -0.04969152,43.21563739,428.96 -0.04988331,43.21540977,428.96 -0.05002515,43.21524143,428.96 -0.05016534,43.21507506,428.96 -0.05034964,43.21485633,428.96 -0.05048559,43.21469500,428.96 -0.05061958,43.21453597,428.96 -0.05079599,43.21432662,428.96 -0.05092971,43.21416792,428.96 -0.05106534,43.21400695,428.96 -0.05124894,43.21378906,428.96 -0.05138835,43.21362360,428.96 -0.05150268,43.21348793,428.96 -0.05162633,43.21334117,428.96 -0.05180733,43.21312637,428.96 -0.05194090,43.21296784,428.96 -0.05207269,43.21281144,428.96 -0.05224570,43.21260612,428.96 -0.05237351,43.21245443,428.96 -0.05249971,43.21230466,428.96 -0.05266556,43.21210783,428.96 -0.05278818,43.21196230,428.96 -0.05290936,43.21181849,428.96 -0.05306874,43.21162934,428.96 -0.05318667,43.21148938,428.96 -0.05330329,43.21135098,428.96 -0.05345677,43.21116882,428.96 -0.05357044,43.21103392,428.96 -0.05368289,43.21090047,428.96 -0.05383100,43.21072469,428.96 -0.05394075,43.21059444,428.96 -0.05404939,43.21046552,428.96 -0.05419254,43.21029562,428.96 -0.05429868,43.21016965,428.96 -0.05440380,43.21004490,428.96 -0.05454239,43.20988042,428.96 -0.05464519,43.20975842,428.96 -0.05474703,43.20963755,428.96 -0.05488138,43.20947812,428.96 -0.05498107,43.20935980,428.96 -0.05507988,43.20924254,428.96 -0.05521026,43.20908781,428.96 -0.05530705,43.20897293,428.96 -0.05540300,43.20885906,428.96 -0.05549814,43.20874615,428.96 -0.05559246,43.20863421,428.96 -0.05571701,43.20848640,428.96 -0.05580951,43.20837662,428.96 -0.05593166,43.20823166,428.96 -0.05602240,43.20812396,428.96 -0.05611241,43.20801714,428.96 -0.05623130,43.20787604,428.96 -0.05631964,43.20777120,428.96 -0.05640728,43.20766719,428.96 -0.05652306,43.20752978,428.96 -0.05660911,43.20742766,428.96 -0.05669448,43.20732634,428.96 -0.05680729,43.20719246,428.96 -0.05689114,43.20709294,428.96 -0.05697435,43.20699420,428.96 -0.05708431,43.20686370,428.96 -0.05716605,43.20676669,428.96 -0.05724717,43.20667042,428.96 -0.05735437,43.20654319,428.96 -0.05743407,43.20644860,428.96 -0.05751317,43.20635473,428.96 -0.05761771,43.20623066,428.96 -0.05769543,43.20613842,428.96 -0.05777257,43.20604687,428.96 -0.05787453,43.20592588,428.96 -0.05795032,43.20583592,428.96 -0.05802555,43.20574664,428.96 -0.05812498,43.20562864,428.96 -0.05819890,43.20554092,428.96 -0.05827226,43.20545385,428.96 -0.05834508,43.20536743,428.96 -0.05844131,43.20525323,428.96 -0.05851284,43.20516833,428.96 -0.05858384,43.20508407,428.96 -0.05867766,43.20497272,428.96 -0.05874741,43.20488995,428.96 -0.05881662,43.20480781,428.96 -0.05890809,43.20469926,428.96 -0.05897607,43.20461858,428.96 -0.05904353,43.20453852,428.96 -0.05913266,43.20443274,428.96 -0.05919891,43.20435411,428.96 -0.05926464,43.20427611,428.96 -0.05935148,43.20417304,428.96 -0.05941601,43.20409646,428.96 -0.05948003,43.20402048,428.96 -0.05956461,43.20392010,428.96 -0.05962745,43.20384552,428.96 -0.05968979,43.20377154,428.96 -0.05977214,43.20367381,428.96 -0.05983331,43.20360121,428.96 -0.05989399,43.20352919,428.96 -0.05997412,43.20343410,428.96 -0.06003365,43.20336345,428.96 -0.06009268,43.20329339,428.96 -0.06017063,43.20320088,428.96 -0.06022852,43.20313218,428.96 -0.06028593,43.20306405,428.96 -0.06034286,43.20299648,428.96 -0.06041801,43.20290730,428.96 -0.06047381,43.20284107,428.96 -0.06052913,43.20277542,428.96 -0.06060216,43.20268875,428.96 -0.06065638,43.20262440,428.96 -0.06071012,43.20256062,428.96 -0.06078105,43.20247644,428.96 -0.06083370,43.20241396,428.96 -0.06088588,43.20235203,428.96 -0.06095474,43.20227031,428.96 -0.06100585,43.20220966,428.96 -0.06105649,43.20214955,428.96 -0.06112330,43.20207026,428.96 -0.06117288,43.20201142,428.96</coordinates></LineString></Placemark>
</Folder>
<Folder><name>SP02 G150</name><open>1</open>
<Placemark><name>alpha 80 nominal</name><description>Groupe : SP02 G150&lt;br/&gt;Fichier : alpha_80.csv&lt;br/&gt;Pas de tir : Rampe FusEx&lt;br/&gt;Azimut : 211.6°&lt;br/&gt;Apogée : 1063 m&lt;br/&gt;Portée : 462 m&lt;br/&gt;Points : 150 / 406&lt;br/&gt;Rideau : quadrillage_45</description><styleUrl>#s_v1_0</styleUrl><LineString><extrude>0</extrude><altitudeMode>absolute</altitudeMode><coordinates>-0.04733330,43.21843610,428.96 -0.04733331,43.21843609,428.96 -0.04733334,43.21843605,428.99 -0.04733343,43.21843595,429.06 -0.04733360,43.21843575,429.19 -0.04733384,43.21843546,429.40 -0.04733403,43.21843523,429.55 -0.04733440,43.21843479,429.87 -0.04733486,43.21843425,430.25 -0.04733520,43.21843385,430.55 -0.04733579,43.21843315,431.05 -0.04733645,43.21843236,431.62 -0.04733719,43.21843148,432.26 -0.04733773,43.21843084,432.72 -0.04733915,43.21842916,433.95 -0.04734337,43.21842414,437.51 -0.04734777,43.21841893,441.16 -0.04735652,43.21840854,448.35 -0.04736734,43.21839570,457.10 -0.04737633,43.21838503,464.26 -0.04737867,43.21838225,466.11 -0.04738915,43.21836982,474.29 -0.04740562,43.21835027,486.87 -0.04742425,43.21832816,500.81 -0.04743313,43.21831762,507.37 -0.04744882,43.21829900,518.91 -0.04747172,43.21827183,535.58 -0.04748805,43.21825245,547.33 -0.04751219,43.21822380,564.50 -0.04753990,43.21819091,584.01 -0.04756929,43.21815603,604.49 -0.04758980,43.21813168,618.65 -0.04762190,43.21809359,640.61 -0.04765547,43.21805375,663.36 -0.04767865,43.21802624,678.95 -0.04771457,43.21798361,702.90 -0.04775172,43.21793952,727.47 -0.04778963,43.21789453,752.30 -0.04781509,43.21786432,768.86 -0.04785329,43.21781898,793.53 -0.04789136,43.21777380,817.88 -0.04791657,43.21774388,833.89 -0.04795407,43.21769938,857.52 -0.04799116,43.21765535,880.68 -0.04802787,43.21761179,903.37 -0.04805212,43.21758301,918.24 -0.04808816,43.21754024,940.17 -0.04812347,43.21749833,961.42 -0.04814656,43.21747093,975.20 -0.04818056,43.21743058,995.31 -0.04821383,43.21739110,1014.77 -0.04824641,43.21735243,1033.61 -0.04826777,43.21732708,1045.84 -0.04829929,43.21728967,1063.70 -0.04833022,43.21725296,1081.01 -0.04835052,43.21722887,1092.25 -0.04838053,43.21719325,1108.69 -0.04841002,43.21715825,1124.62 -0.04843902,43.21712384,1140.07 -0.04845809,43.21710121,1150.11 -0.04848633,43.21706770,1164.79 -0.04851413,43.21703471,1179.02 -0.04854152,43.21700220,1192.83 -0.04855955,43.21698079,1201.80 -0.04858630,43.21694905,1214.92 -0.04861268,43.21691774,1227.64 -0.04863007,43.21689711,1235.91 -0.04865587,43.21686648,1247.99 -0.04868136,43.21683624,1259.70 -0.04870653,43.21680637,1271.05 -0.04872314,43.21678665,1278.42 -0.04874782,43.21675736,1289.19 -0.04877223,43.21672839,1299.62 -0.04878836,43.21670925,1306.39 -0.04881233,43.21668081,1316.27 -0.04883605,43.21665265,1325.83 -0.04885953,43.21662478,1335.07 -0.04887506,43.21660635,1341.07 -0.04889817,43.21657893,1349.80 -0.04892107,43.21655175,1358.23 -0.04893623,43.21653376,1363.69 -0.04895879,43.21650699,1371.64 -0.04898116,43.21648044,1379.31 -0.04900335,43.21645411,1386.69 -0.04901804,43.21643666,1391.45 -0.04903994,43.21641068,1398.37 -0.04906167,43.21638489,1405.03 -0.04907608,43.21636779,1409.31 -0.04909755,43.21634231,1415.52 -0.04911887,43.21631700,1421.47 -0.04914006,43.21629186,1427.15 -0.04915410,43.21627519,1430.81 -0.04917506,43.21625032,1436.07 -0.04919589,43.21622560,1441.09 -0.04921660,43.21620102,1445.86 -0.04923033,43.21618472,1448.90 -0.04925085,43.21616037,1453.26 -0.04927125,43.21613616,1457.38 -0.04928479,43.21612009,1459.99 -0.04930501,43.21609610,1463.71 -0.04932513,43.21607222,1467.20 -0.04934515,43.21604845,1470.45 -0.04935845,43.21603267,1472.49 -0.04937832,43.21600909,1475.35 -0.04939810,43.21598562,1477.99 -0.04941123,43.21597003,1479.62 -0.04943087,43.21594672,1481.88 -0.04945042,43.21592352,1483.91 -0.04946989,43.21590041,1485.72 -0.04948283,43.21588505,1486.80 -0.04950217,43.21586210,1488.23 -0.04952144,43.21583923,1489.45 -0.04953425,43.21582404,1490.14 -0.04955340,43.21580131,1490.99 -0.04957248,43.21577867,1491.63 -0.04959149,43.21575610,1492.05 -0.04960414,43.21574109,1492.20 -0.04961676,43.21572612,1492.27 -0.04965445,43.21568138,1491.88 -0.04967955,43.21565159,1491.12 -0.04971720,43.21560692,1489.15 -0.04975487,43.21556221,1486.13 -0.04979267,43.21551735,1481.96 -0.04981800,43.21548728,1478.47 -0.04985634,43.21544178,1472.04 -0.04989531,43.21539553,1463.93 -0.04992179,43.21536411,1457.42 -0.04996250,43.21531579,1445.60 -0.05000482,43.21526557,1430.62 -0.05004933,43.21521274,1411.19 -0.05008062,43.21517561,1394.72 -0.05013080,43.21511606,1361.75 -0.05018501,43.21505172,1312.15 -0.05022728,43.21500155,1254.83 -0.05024769,43.21497733,1215.89 -0.05026990,43.21495097,1157.00 -0.05028486,43.21493321,1097.90 -0.05029200,43.21492475,1058.48 -0.05029970,43.21491560,999.43 -0.05030486,43.21490948,940.49 -0.05030832,43.21490538,881.70 -0.05030995,43.21490344,842.59 -0.05031171,43.21490135,784.06 -0.05031288,43.21489996,725.70 -0.05031344,43.21489930,686.89 -0.05031403,43.21489860,628.81 -0.05031442,43.21489813,570.89 -0.05031469,43.21489782,513.13 -0.05031481,43.21489767,474.71 -0.05031492,43.21489754,428.96</coordinates></LineString></Placemark>
<Placemark><name>alpha 80 nominal — quadrillage_45</name><description>Motif : quadrillage_45 (45°, 135°)&lt;br/&gt;Pas : 150 m&lt;br/&gt;Segments : 12</description><styleUrl>#s_v1_0_m</styleUrl><MultiGeometry><LineString><altitudeMode>absolute</altitudeMode><coordinates>-0.05007299,43.21518467,398.96 -0.05031483,43.21489765,466.41</coordinates></LineString><LineString><altitudeMode>absolute</altitudeMode><coordinates>-0.04870314,43.21681038,398.96 -0.05031352,43.21489920,678.34</coordinates></LineString><LineString><altitudeMode>absolute</altitudeMode><coordinates>-0.04733330,43.21843610,398.96 -0.05030785,43.21490593,889.59</coordinates></LineString><LineString><altitudeMode>absolute</altitudeMode><coordinates>-0.04770916,43.21799003,699.30 -0.05028480,43.21493329,1098.16</coordinates></LineString><LineString><altitudeMode>absolute</altitudeMode><coordinates>-0.04815565,43.21746015,980.57 -0.05019647,43.21503812,1296.61</coordinates></LineString><LineString><altitudeMode>absolute</altitudeMode><coordinates>-0.04873082,43.21677754,1281.77 -0.04989987,43.21539012,1462.81</coordinates></LineString><LineString><altitudeMode>absolute</altitudeMode><coordinates>-0.05022798,43.21500072,1253.49 -0.04912779,43.21630642,1423.86</coordinates></LineString><LineString><altitudeMode>absolute</altitudeMode><coordinates>-0.05029560,43.21492048,1030.88 -0.04871640,43.21679465,1275.43</coordinates></LineString><LineString><altitudeMode>absolute</altitudeMode><coordinates>-0.05031074,43.21490251,816.41 -0.04839007,43.21718194,1113.84</coordinates></LineString><LineString><altitudeMode>absolute</altitudeMode><coordinates>-0.05031420,43.21489840,603.74 -0.04809912,43.21752723,946.76</coordinates></LineString><LineString><altitudeMode>absolute</altitudeMode><coordinates>-0.05007299,43.21518467,398.96 -0.04782727,43.21784986,776.73</coordinates></LineString><LineString><altitudeMode>absolute</altitudeMode><coordinates>-0.04870314,43.21681038,398.96 -0.04756936,43.21815595,604.54</coordinates></LineString></MultiGeometry></Placemark>
<Placemark><name>alpha 80 nominal — trace au sol</name><description>Projection au sol</description><styleUrl>#s_v1_0</styleUrl><LineString><tessellate>1</tessellate><altitudeMode>clampToGround</altitudeMode><coordinates>-0.04733330,43.21843610,428.96 -0.04733331,43.21843609,428.96 -0.04733334,43.21843605,428.96 -0.04733343,43.21843595,428.96 -0.04733360,43.21843575,428.96 -0.04733384,43.21843546,428.96 -0.04733403,43.21843523,428.96 -0.04733440,43.21843479,428.96 -0.04733486,43.21843425,428.96 -0.04733520,43.21843385,428.96 -0.04733579,43.21843315,428.96 -0.04733645,43.21843236,428.96 -0.04733719,43.21843148,428.96 -0.04733773,43.21843084,428.96 -0.04733915,43.21842916,428.96 -0.04734337,43.21842414,428.96 -0.04734777,43.21841893,428.96 -0.04735652,43.21840854,428.96 -0.04736734,43.21839570,428.96 -0.04737633,43.21838503,428.96 -0.04737867,43.21838225,428.96 -0.04738915,43.21836982,428.96 -0.04740562,43.21835027,428.96 -0.04742425,43.21832816,428.96 -0.04743313,43.21831762,428.96 -0.04744882,43.21829900,428.96 -0.04747172,43.21827183,428.96 -0.04748805,43.21825245,428.96 -0.04751219,43.21822380,428.96 -0.04753990,43.21819091,428.96 -0.04756929,43.21815603,428.96 -0.04758980,43.21813168,428.96 -0.04762190,43.21809359,428.96 -0.04765547,43.21805375,428.96 -0.04767865,43.21802624,428.96 -0.04771457,43.21798361,428.96 -0.04775172,43.21793952,428.96 -0.04778963,43.21789453,428.96 -0.04781509,43.21786432,428.96 -0.04785329,43.21781898,428.96 -0.04789136,43.21777380,428.96 -0.04791657,43.21774388,428.96 -0.04795407,43.21769938,428.96 -0.04799116,43.21765535,428.96 -0.04802787,43.21761179,428.96 -0.04805212,43.21758301,428.96 -0.04808816,43.21754024,428.96 -0.04812347,43.21749833,428.96 -0.04814656,43.21747093,428.96 -0.04818056,43.21743058,428.96 -0.04821383,43.21739110,428.96 -0.04824641,43.21735243,428.96 -0.04826777,43.21732708,428.96 -0.04829929,43.21728967,428.96 -0.04833022,43.21725296,428.96 -0.04835052,43.21722887,428.96 -0.04838053,43.21719325,428.96 -0.04841002,43.21715825,428.96 -0.04843902,43.21712384,428.96 -0.04845809,43.21710121,428.96 -0.04848633,43.21706770,428.96 -0.04851413,43.21703471,428.96 -0.04854152,43.21700220,428.96 -0.04855955,43.21698079,428.96 -0.04858630,43.21694905,428.96 -0.04861268,43.21691774,428.96 -0.04863007,43.21689711,428.96 -0.04865587,43.21686648,428.96 -0.04868136,43.21683624,428.96 -0.04870653,43.21680637,428.96 -0.04872314,43.21678665,428.96 -0.04874782,43.21675736,428.96 -0.04877223,43.21672839,428.96 -0.04878836,43.21670925,428.96 -0.04881233,43.21668081,428.96 -0.04883605,43.21665265,428.96 -0.04885953,43.21662478,428.96 -0.04887506,43.21660635,428.96 -0.04889817,43.21657893,428.96 -0.04892107,43.21655175,428.96 -0.04893623,43.21653376,428.96 -0.04895879,43.21650699,428.96 -0.04898116,43.21648044,428.96 -0.04900335,43.21645411,428.96 -0.04901804,43.21643666,428.96 -0.04903994,43.21641068,428.96 -0.04906167,43.21638489,428.96 -0.04907608,43.21636779,428.96 -0.04909755,43.21634231,428.96 -0.04911887,43.21631700,428.96 -0.04914006,43.21629186,428.96 -0.04915410,43.21627519,428.96 -0.04917506,43.21625032,428.96 -0.04919589,43.21622560,428.96 -0.04921660,43.21620102,428.96 -0.04923033,43.21618472,428.96 -0.04925085,43.21616037,428.96 -0.04927125,43.21613616,428.96 -0.04928479,43.21612009,428.96 -0.04930501,43.21609610,428.96 -0.04932513,43.21607222,428.96 -0.04934515,43.21604845,428.96 -0.04935845,43.21603267,428.96 -0.04937832,43.21600909,428.96 -0.04939810,43.21598562,428.96 -0.04941123,43.21597003,428.96 -0.04943087,43.21594672,428.96 -0.04945042,43.21592352,428.96 -0.04946989,43.21590041,428.96 -0.04948283,43.21588505,428.96 -0.04950217,43.21586210,428.96 -0.04952144,43.21583923,428.96 -0.04953425,43.21582404,428.96 -0.04955340,43.21580131,428.96 -0.04957248,43.21577867,428.96 -0.04959149,43.21575610,428.96 -0.04960414,43.21574109,428.96 -0.04961676,43.21572612,428.96 -0.04965445,43.21568138,428.96 -0.04967955,43.21565159,428.96 -0.04971720,43.21560692,428.96 -0.04975487,43.21556221,428.96 -0.04979267,43.21551735,428.96 -0.04981800,43.21548728,428.96 -0.04985634,43.21544178,428.96 -0.04989531,43.21539553,428.96 -0.04992179,43.21536411,428.96 -0.04996250,43.21531579,428.96 -0.05000482,43.21526557,428.96 -0.05004933,43.21521274,428.96 -0.05008062,43.21517561,428.96 -0.05013080,43.21511606,428.96 -0.05018501,43.21505172,428.96 -0.05022728,43.21500155,428.96 -0.05024769,43.21497733,428.96 -0.05026990,43.21495097,428.96 -0.05028486,43.21493321,428.96 -0.05029200,43.21492475,428.96 -0.05029970,43.21491560,428.96 -0.05030486,43.21490948,428.96 -0.05030832,43.21490538,428.96 -0.05030995,43.21490344,428.96 -0.05031171,43.21490135,428.96 -0.05031288,43.21489996,428.96 -0.05031344,43.21489930,428.96 -0.05031403,43.21489860,428.96 -0.05031442,43.21489813,428.96 -0.05031469,43.21489782,428.96 -0.05031481,43.21489767,428.96 -0.05031492,43.21489754,428.96</coordinates></LineString></Placemark>
<Placemark><name>beta 80 nominal</name><description>Groupe : SP02 G150&lt;br/&gt;Fichier : beta_80.csv&lt;br/&gt;Pas de tir : Rampe FusEx&lt;br/&gt;Azimut : 211.6°&lt;br/&gt;Apogée : 1456 m&lt;br/&gt;Portée : 647 m&lt;br/&gt;Points : 150 / 504&lt;br/&gt;Rideau : quadrillage_45</description><styleUrl>#s_v1_1</styleUrl><LineString><extrude>0</extrude><altitudeMode>absolute</altitudeMode><coordinates>-0.04733330,43.21843610,428.96 -0.04733331,43.21843609,428.96 -0.04733341,43.21843597,429.04 -0.04733353,43.21843583,429.13 -0.04733384,43.21843546,429.40 -0.04733415,43.21843510,429.65 -0.04733455,43.21843462,429.99 -0.04733520,43.21843385,430.55 -0.04733579,43.21843315,431.05 -0.04733645,43.21843236,431.62 -0.04733746,43.21843116,432.49 -0.04733845,43.21842998,433.34 -0.04734337,43.21842414,437.51 -0.04735046,43.21841574,443.38 -0.04735990,43.21840453,451.09 -0.04737573,43.21838575,463.78 -0.04737867,43.21838225,466.11 -0.04738915,43.21836982,474.29 -0.04741160,43.21834318,491.37 -0.04743092,43.21832024,505.74 -0.04744882,43.21829900,518.91 -0.04747172,43.21827183,535.58 -0.04749653,43.21824238,553.39 -0.04753047,43.21820210,577.40 -0.04755931,43.21816787,597.56 -0.04758980,43.21813168,618.65 -0.04763293,43.21808050,648.11 -0.04766698,43.21804009,671.11 -0.04771457,43.21798361,702.90 -0.04775172,43.21793952,727.47 -0.04778963,43.21789453,752.30 -0.04784056,43.21783409,785.33 -0.04787869,43.21778883,809.80 -0.04791657,43.21774388,833.89 -0.04796648,43.21768465,865.29 -0.04800344,43.21764078,888.29 -0.04805212,43.21758301,918.24 -0.04808819,43.21754021,940.18 -0.04812381,43.21749793,961.63 -0.04817061,43.21744239,989.46 -0.04820530,43.21740122,1009.84 -0.04824124,43.21735857,1030.72 -0.04829168,43.21729871,1059.68 -0.04833120,43.21725181,1082.11 -0.04838581,43.21718699,1112.76 -0.04842745,43.21713758,1135.86 -0.04846885,43.21708844,1158.62 -0.04852298,43.21702419,1188.04 -0.04856317,43.21697650,1209.62 -0.04860284,43.21692942,1230.71 -0.04865496,43.21686756,1258.08 -0.04869351,43.21682181,1278.06 -0.04874421,43.21676165,1304.01 -0.04878173,43.21671712,1322.95 -0.04881884,43.21667308,1341.47 -0.04886769,43.21661510,1365.51 -0.04890389,43.21657214,1383.07 -0.04893971,43.21652962,1400.22 -0.04898694,43.21647358,1422.50 -0.04902196,43.21643202,1438.76 -0.04906814,43.21637721,1459.87 -0.04910242,43.21633653,1475.28 -0.04913638,43.21629622,1490.33 -0.04918122,43.21624300,1509.86 -0.04921452,43.21620349,1524.11 -0.04924755,43.21616429,1538.02 -0.04929118,43.21611251,1556.06 -0.04932361,43.21607403,1569.21 -0.04936646,43.21602316,1586.25 -0.04939833,43.21598534,1598.67 -0.04942997,43.21594779,1610.78 -0.04947182,43.21589812,1626.45 -0.04950296,43.21586117,1637.86 -0.04953390,43.21582445,1648.98 -0.04957484,43.21577586,1663.34 -0.04960533,43.21573968,1673.79 -0.04964569,43.21569178,1687.27 -0.04967575,43.21565611,1697.06 -0.04970564,43.21562063,1706.57 -0.04974523,43.21557364,1718.83 -0.04977475,43.21553862,1727.72 -0.04980410,43.21550378,1736.34 -0.04984301,43.21545760,1747.42 -0.04987202,43.21542317,1755.42 -0.04991048,43.21537753,1765.70 -0.04993918,43.21534347,1773.11 -0.04996774,43.21530957,1780.27 -0.05000563,43.21526461,1789.42 -0.05003390,43.21523106,1796.00 -0.05006205,43.21519764,1802.33 -0.05009942,43.21515330,1810.39 -0.05012731,43.21512019,1816.15 -0.05016434,43.21507625,1823.46 -0.05019198,43.21504344,1828.66 -0.05021954,43.21501074,1833.63 -0.05025612,43.21496733,1839.88 -0.05028345,43.21493489,1844.30 -0.05031069,43.21490257,1848.49 -0.05034686,43.21485964,1853.70 -0.05037390,43.21482755,1857.35 -0.05040982,43.21478492,1861.86 -0.05043666,43.21475306,1864.97 -0.05046343,43.21472130,1867.86 -0.05049900,43.21467908,1871.36 -0.05052559,43.21464753,1873.72 -0.05055211,43.21461605,1875.86 -0.05058736,43.21457422,1878.36 -0.05061372,43.21454293,1879.98 -0.05064876,43.21450134,1881.80 -0.05067497,43.21447024,1882.90 -0.05070112,43.21443921,1883.79 -0.05073589,43.21439794,1884.63 -0.05076190,43.21436707,1885.01 -0.05079649,43.21432602,1885.17 -0.05083500,43.21428031,1884.89 -0.05088028,43.21422658,1883.88 -0.05094111,43.21415438,1881.17 -0.05098683,43.21410012,1877.97 -0.05103252,43.21404590,1873.60 -0.05109345,43.21397359,1865.63 -0.05113933,43.21391915,1857.69 -0.05118561,43.21386421,1847.60 -0.05124857,43.21378950,1829.53 -0.05129728,43.21373168,1810.83 -0.05136527,43.21365099,1773.72 -0.05141668,43.21358998,1729.54 -0.05145186,43.21354824,1680.83 -0.05147913,43.21351588,1614.91 -0.05149076,43.21350207,1565.28 -0.05149796,43.21349353,1515.68 -0.05150346,43.21348700,1449.66 -0.05150578,43.21348424,1400.28 -0.05150756,43.21348213,1334.61 -0.05150830,43.21348125,1285.50 -0.05150876,43.21348071,1236.51 -0.05150911,43.21348029,1171.37 -0.05150926,43.21348012,1122.65 -0.05150934,43.21348002,1074.05 -0.05150941,43.21347993,1009.43 -0.05150944,43.21347990,961.09 -0.05150946,43.21347988,896.82 -0.05150946,43.21347987,848.74 -0.05150947,43.21347986,800.78 -0.05150948,43.21347986,737.00 -0.05150948,43.21347986,689.31 -0.05150948,43.21347986,641.72 -0.05150948,43.21347986,578.43 -0.05150948,43.21347986,531.10 -0.05150948,43.21347986,468.15 -0.05150948,43.21347986,428.96</coordinates></LineString></Placemark>
<Placemark><name>beta 80 nominal — quadrillage_45</name><description>Motif : quadrillage_45 (45°, 135°)&lt;br/&gt;Pas : 150 m&lt;br/&gt;Segments : 17</description><styleUrl>#s_v1_1_m</styleUrl><MultiGeometry><LineString><altitudeMode>absolute</altitudeMode><coordinates>-0.05144283,43.21355895,398.96 -0.05150947,43.21347986,439.28</coordinates></LineString><LineString><altitudeMode>absolute</altitudeMode><coordinates>-0.05007299,43.21518467,398.96 -0.05150947,43.21347986,651.41</coordinates></LineString><LineString><altitudeMode>absolute</altitudeMode><coordinates>-0.04870314,43.21681038,398.96 -0.05150946,43.21347987,863.54</coordinates></LineString><LineString><altitudeMode>absolute</altitudeMode><coordinates>-0.04733330,43.21843610,398.96 -0.05150934,43.21348002,1075.66</coordinates></LineString><LineString><altitudeMode>absolute</altitudeMode><coordinates>-0.04770917,43.21799002,699.30 -0.05150827,43.21348129,1287.62</coordinates></LineString><LineString><altitudeMode>absolute</altitudeMode><coordinates>-0.04815567,43.21746012,980.58 -0.05149940,43.21349182,1498.38</coordinates></LineString><LineString><altitudeMode>absolute</altitudeMode><coordinates>-0.04868784,43.21682855,1275.12 -0.05143736,43.21356544,1700.91</coordinates></LineString><LineString><altitudeMode>absolute</altitudeMode><coordinates>-0.04939239,43.21599239,1596.36 -0.05111130,43.21395241,1862.54</coordinates></LineString><LineString><altitudeMode>absolute</altitudeMode><coordinates>-0.05143598,43.21356708,1702.81 -0.05040934,43.21478548,1861.80</coordinates></LineString><LineString><altitudeMode>absolute</altitudeMode><coordinates>-0.05150088,43.21349006,1480.63 -0.04982015,43.21548473,1740.91</coordinates></LineString><LineString><altitudeMode>absolute</altitudeMode><coordinates>-0.05150847,43.21348105,1267.32 -0.04938993,43.21599531,1595.40</coordinates></LineString><LineString><altitudeMode>absolute</altitudeMode><coordinates>-0.05150936,43.21347999,1055.05 -0.04902439,43.21642914,1439.87</coordinates></LineString><LineString><altitudeMode>absolute</altitudeMode><coordinates>-0.05150946,43.21347987,842.91 -0.04869489,43.21682018,1278.77</coordinates></LineString><LineString><altitudeMode>absolute</altitudeMode><coordinates>-0.05150948,43.21347986,630.77 -0.04838826,43.21718408,1114.12</coordinates></LineString><LineString><altitudeMode>absolute</altitudeMode><coordinates>-0.05144283,43.21355895,398.96 -0.04809912,43.21752723,946.76</coordinates></LineString><LineString><altitudeMode>absolute</altitudeMode><coordinates>-0.05007298,43.21518467,398.96 -0.04782729,43.21784984,776.73</coordinates></LineString><LineString><altitudeMode>absolute</altitudeMode><coordinates>-0.04870314,43.21681039,398.96 -0.04756939,43.21815591,604.53</coordinates></LineString></MultiGeometry></Placemark>
<Placemark><name>beta 80 nominal — trace au sol</name><description>Projection au sol</description><styleUrl>#s_v1_1</styleUrl><LineString><tessellate>1</tessellate><altitudeMode>clampToGround</altitudeMode><coordinates>-0.04733330,43.21843610,428.96 -0.04733331,43.21843609,428.96 -0.04733341,43.21843597,428.96 -0.04733353,43.21843583,428.96 -0.04733384,43.21843546,428.96 -0.04733415,43.21843510,428.96 -0.04733455,43.21843462,428.96 -0.04733520,43.21843385,428.96 -0.04733579,43.21843315,428.96 -0.04733645,43.21843236,428.96 -0.04733746,43.21843116,428.96 -0.04733845,43.21842998,428.96 -0.04734337,43.21842414,428.96 -0.04735046,43.21841574,428.96 -0.04735990,43.21840453,428.96 -0.04737573,43.21838575,428.96 -0.04737867,43.21838225,428.96 -0.04738915,43.21836982,428.96 -0.04741160,43.21834318,428.96 -0.04743092,43.21832024,428.96 -0.04744882,43.21829900,428.96 -0.04747172,43.21827183,428.96 -0.04749653,43.21824238,428.96 -0.04753047,43.21820210,428.96 -0.04755931,43.21816787,428.96 -0.04758980,43.21813168,428.96 -0.04763293,43.21808050,428.96 -0.04766698,43.21804009,428.96 -0.04771457,43.21798361,428.96 -0.04775172,43.21793952,428.96 -0.04778963,43.21789453,428.96 -0.04784056,43.21783409,428.96 -0.04787869,43.21778883,428.96 -0.04791657,43.21774388,428.96 -0.04796648,43.21768465,428.96 -0.04800344,43.21764078,428.96 -0.04805212,43.21758301,428.96 -0.04808819,43.21754021,428.96 -0.04812381,43.21749793,428.96 -0.04817061,43.21744239,428.96 -0.04820530,43.21740122,428.96 -0.04824124,43.21735857,428.96 -0.04829168,43.21729871,428.96 -0.04833120,43.21725181,428.96 -0.04838581,43.21718699,428.96 -0.04842745,43.21713758,428.96 -0.04846885,43.21708844,428.96 -0.04852298,43.21702419,428.96 -0.04856317,43.21697650,428.96 -0.04860284,43.21692942,428.96 -0.04865496,43.21686756,428.96 -0.04869351,43.21682181,428.96 -0.04874421,43.21676165,428.96 -0.04878173,43.21671712,428.96 -0.04881884,43.21667308,428.96 -0.04886769,43.21661510,428.96 -0.04890389,43.21657214,428.96 -0.04893971,43.21652962,428.96 -0.04898694,43.21647358,428.96 -0.04902196,43.21643202,428.96 -0.04906814,43.21637721,428.96 -0.04910242,43.21633653,428.96 -0.04913638,43.21629622,428.96 -0.04918122,43.21624300,428.96 -0.04921452,43.21620349,428.96 -0.04924755,43.21616429,428.96 -0.04929118,43.21611251,428.96 -0.04932361,43.21607403,428.96 -0.04936646,43.21602316,428.96 -0.04939833,43.21598534,428.96 -0.04942997,43.21594779,428.96 -0.04947182,43.21589812,428.96 -0.04950296,43.21586117,428.96 -0.04953390,43.21582445,428.96 -0.04957484,43.21577586,428.96 -0.04960533,43.21573968,428.96 -0.04964569,43.21569178,428.96 -0.04967575,43.21565611,428.96 -0.04970564,43.21562063,428.96 -0.04974523,43.21557364,428.96 -0.04977475,43.21553862,428.96 -0.04980410,43.21550378,428.96 -0.04984301,43.21545760,428.96 -0.04987202,43.21542317,428.96 -0.04991048,43.21537753,428.96 -0.04993918,43.21534347,428.96 -0.04996774,43.21530957,428.96 -0.05000563,43.21526461,428.96 -0.05003390,43.21523106,428.96 -0.05006205,43.21519764,428.96 -0.05009942,43.21515330,428.96 -0.05012731,43.21512019,428.96 -0.05016434,43.21507625,428.96 -0.05019198,43.21504344,428.96 -0.05021954,43.21501074,428.96 -0.05025612,43.21496733,428.96 -0.05028345,43.21493489,428.96 -0.05031069,43.21490257,428.96 -0.05034686,43.21485964,428.96 -0.05037390,43.21482755,428.96 -0.05040982,43.21478492,428.96 -0.05043666,43.21475306,428.96 -0.05046343,43.21472130,428.96 -0.05049900,43.21467908,428.96 -0.05052559,43.21464753,428.96 -0.05055211,43.21461605,428.96 -0.05058736,43.21457422,428.96 -0.05061372,43.21454293,428.96 -0.05064876,43.21450134,428.96 -0.05067497,43.21447024,428.96 -0.05070112,43.21443921,428.96 -0.05073589,43.21439794,428.96 -0.05076190,43.21436707,428.96 -0.05079649,43.21432602,428.96 -0.05083500,43.21428031,428.96 -0.05088028,43.21422658,428.96 -0.05094111,43.21415438,428.96 -0.05098683,43.21410012,428.96 -0.05103252,43.21404590,428.96 -0.05109345,43.21397359,428.96 -0.05113933,43.21391915,428.96 -0.05118561,43.21386421,428.96 -0.05124857,43.21378950,428.96 -0.05129728,43.21373168,428.96 -0.05136527,43.21365099,428.96 -0.05141668,43.21358998,428.96 -0.05145186,43.21354824,428.96 -0.05147913,43.21351588,428.96 -0.05149076,43.21350207,428.96 -0.05149796,43.21349353,428.96 -0.05150346,43.21348700,428.96 -0.05150578,43.21348424,428.96 -0.05150756,43.21348213,428.96 -0.05150830,43.21348125,428.96 -0.05150876,43.21348071,428.96 -0.05150911,43.21348029,428.96 -0.05150926,43.21348012,428.96 -0.05150934,43.21348002,428.96 -0.05150941,43.21347993,428.96 -0.05150944,43.21347990,428.96 -0.05150946,43.21347988,428.96 -0.05150946,43.21347987,428.96 -0.05150947,43.21347986,428.96 -0.05150948,43.21347986,428.96 -0.05150948,43.21347986,428.96 -0.05150948,43.21347986,428.96 -0.05150948,43.21347986,428.96 -0.05150948,43.21347986,428.96 -0.05150948,43.21347986,428.96 -0.05150948,43.21347986,428.96</coordinates></LineString></Placemark>
<Placemark><name>alpha 45 nominal</name><description>Groupe : SP02 G150&lt;br/&gt;Fichier : alpha_45.csv&lt;br/&gt;Pas de tir : Rampe FusEx&lt;br/&gt;Azimut : 211.6°&lt;br/&gt;Apogée : 494 m&lt;br/&gt;Portée : 1599 m&lt;br/&gt;Points : 150 / 466&lt;br/&gt;Rideau : quadrillage_45</description><styleUrl>#s_v1_2</styleUrl><LineString><extrude>0</extrude><altitudeMode>absolute</altitudeMode><coordinates>-0.04733330,43.21843610,428.96 -0.04733333,43.21843606,428.96 -0.04733359,43.21843576,428.99 -0.04733400,43.21843526,429.04 -0.04733484,43.21843427,429.16 -0.04733635,43.21843248,429.37 -0.04733793,43.21843061,429.60 -0.04733984,43.21842834,429.88 -0.04734208,43.21842568,430.22 -0.04734466,43.21842262,430.60 -0.04734756,43.21841917,431.03 -0.04735079,43.21841534,431.52 -0.04735498,43.21841037,432.15 -0.04737558,43.21838592,435.17 -0.04740502,43.21835099,439.36 -0.04744407,43.21830464,444.82 -0.04749152,43.21824833,451.30 -0.04751551,43.21821985,454.51 -0.04754372,43.21818637,458.22 -0.04760771,43.21811043,466.41 -0.04768008,43.21802454,475.35 -0.04775504,43.21793558,484.41 -0.04783410,43.21784176,493.82 -0.04792798,43.21773033,504.79 -0.04802905,43.21761039,516.32 -0.04812886,43.21749193,527.51 -0.04824254,43.21735703,540.05 -0.04836236,43.21721482,553.04 -0.04848797,43.21706575,566.42 -0.04866380,43.21685707,584.81 -0.04880161,43.21669353,598.96 -0.04894404,43.21652449,613.36 -0.04908976,43.21635155,627.87 -0.04923681,43.21617703,642.29 -0.04938389,43.21600248,656.49 -0.04953018,43.21582886,670.40 -0.04967515,43.21565681,683.97 -0.04981848,43.21548672,697.16 -0.05000695,43.21526304,714.16 -0.05014640,43.21509754,726.49 -0.05028415,43.21493406,738.45 -0.05041877,43.21477430,749.92 -0.05054997,43.21461859,760.89 -0.05067796,43.21446669,771.36 -0.05080291,43.21431840,781.37 -0.05092499,43.21417351,790.94 -0.05108356,43.21398533,803.02 -0.05119951,43.21384772,811.60 -0.05131304,43.21371299,819.79 -0.05142427,43.21358098,827.59 -0.05153330,43.21345158,835.02 -0.05164025,43.21332466,842.09 -0.05174519,43.21320012,848.81 -0.05184822,43.21307784,855.18 -0.05198275,43.21291818,863.17 -0.05208162,43.21280084,868.79 -0.05217882,43.21268549,874.10 -0.05227441,43.21257204,879.09 -0.05236847,43.21246041,883.79 -0.05246105,43.21235054,888.20 -0.05255220,43.21224236,892.33 -0.05264197,43.21213583,896.17 -0.05273041,43.21203086,899.73 -0.05284634,43.21189328,904.07 -0.05293185,43.21179180,907.01 -0.05301617,43.21169172,909.69 -0.05309934,43.21159302,912.12 -0.05318139,43.21149564,914.30 -0.05326236,43.21139954,916.23 -0.05334228,43.21130470,917.92 -0.05342118,43.21121106,919.37 -0.05352484,43.21108805,920.93 -0.05360146,43.21099711,921.83 -0.05367715,43.21090728,922.50 -0.05375193,43.21081853,922.94 -0.05385027,43.21070183,923.19 -0.05389887,43.21064415,923.16 -0.05397106,43.21055848,922.94 -0.05404242,43.21047379,922.51 -0.05413632,43.21036234,921.60 -0.05420583,43.21027985,920.67 -0.05427457,43.21019827,919.53 -0.05434256,43.21011758,918.18 -0.05440981,43.21003777,916.64 -0.05447634,43.20995881,914.88 -0.05454216,43.20988070,912.93 -0.05460727,43.20980342,910.79 -0.05469303,43.20970164,907.62 -0.05475657,43.20962624,905.01 -0.05481944,43.20955163,902.22 -0.05488165,43.20947779,899.24 -0.05494323,43.20940471,896.07 -0.05500417,43.20933239,892.71 -0.05506448,43.20926081,889.16 -0.05512417,43.20918997,885.44 -0.05518325,43.20911985,881.53 -0.05526109,43.20902748,876.05 -0.05531877,43.20895902,871.73 -0.05537586,43.20889127,867.23 -0.05543237,43.20882420,862.56 -0.05548830,43.20875783,857.72 -0.05554366,43.20869213,852.71 -0.05559844,43.20862711,847.53 -0.05565267,43.20856275,842.19 -0.05572411,43.20847797,834.81 -0.05577704,43.20841515,829.09 -0.05582943,43.20835298,823.21 -0.05588126,43.20829146,817.17 -0.05593257,43.20823057,810.97 -0.05598333,43.20817033,804.62 -0.05603356,43.20811072,798.12 -0.05608325,43.20805174,791.46 -0.05614871,43.20797406,782.36 -0.05619718,43.20791653,775.36 -0.05624514,43.20785962,768.22 -0.05629258,43.20780332,760.93 -0.05633951,43.20774762,753.51 -0.05638593,43.20769253,745.95 -0.05643184,43.20763804,738.25 -0.05647726,43.20758414,730.41 -0.05652216,43.20753085,722.45 -0.05658127,43.20746070,711.62 -0.05662502,43.20740878,703.36 -0.05666828,43.20735744,694.96 -0.05671104,43.20730668,686.44 -0.05675333,43.20725650,677.80 -0.05679513,43.20720690,669.04 -0.05683645,43.20715786,660.16 -0.05687729,43.20710939,651.16 -0.05693101,43.20704564,638.99 -0.05697075,43.20699847,629.73 -0.05701001,43.20695187,620.36 -0.05704882,43.20690581,610.89 -0.05708716,43.20686031,601.30 -0.05712505,43.20681535,591.62 -0.05716247,43.20677094,581.83 -0.05719945,43.20672706,571.93 -0.05724804,43.20666938,558.59 -0.05728397,43.20662675,548.48 -0.05731945,43.20658463,538.26 -0.05735450,43.20654304,527.96 -0.05738910,43.20650197,517.57 -0.05742327,43.20646142,507.08 -0.05745702,43.20642137,496.51 -0.05749032,43.20638185,485.86 -0.05753409,43.20632991,471.52 -0.05756642,43.20629154,460.67 -0.05759833,43.20625366,449.75 -0.05762983,43.20621628,438.75 -0.05766092,43.20617939,427.67</coordinates></LineString></Placemark>
<Placemark><name>alpha 45 nominal — quadrillage_45</name><description>Motif : quadrillage_45 (45°, 135°)&lt;br/&gt;Pas : 150 m&lt;br/&gt;Segments : 15</description><styleUrl>#s_v1_2_m</styleUrl><MultiGeometry><LineString><altitudeMode>absolute</altitudeMode><coordinates>-0.05692220,43.20705609,398.96 -0.05742440,43.20646009,506.73</coordinates></LineString><LineString><altitudeMode>absolute</altitudeMode><coordinates>-0.05555236,43.20868180,398.96 -0.05692193,43.20705641,641.05</coordinates></LineString><LineString><altitudeMode>absolute</altitudeMode><coordinates>-0.05418251,43.21030752,398.96 -0.05630923,43.20778355,758.30</coordinates></LineString><LineString><altitudeMode>absolute</altitudeMode><coordinates>-0.05281267,43.21193324,398.96 -0.05554701,43.20868815,852.40</coordinates></LineString><LineString><altitudeMode>absolute</altitudeMode><coordinates>-0.05144283,43.21355895,398.96 -0.05456354,43.20985532,912.23</coordinates></LineString><LineString><altitudeMode>absolute</altitudeMode><coordinates>-0.05007299,43.21518467,398.96 -0.05321176,43.21145961,915.03</coordinates></LineString><LineString><altitudeMode>absolute</altitudeMode><coordinates>-0.04870314,43.21681038,398.96 -0.05115074,43.21390560,807.99</coordinates></LineString><LineString><altitudeMode>absolute</altitudeMode><coordinates>-0.05692075,43.20705780,641.32 -0.05557446,43.20865557,849.80</coordinates></LineString><LineString><altitudeMode>absolute</altitudeMode><coordinates>-0.05692220,43.20705609,398.96 -0.05373302,43.21084098,922.83</coordinates></LineString><LineString><altitudeMode>absolute</altitudeMode><coordinates>-0.05555236,43.20868180,398.96 -0.05255845,43.21223494,892.59</coordinates></LineString><LineString><altitudeMode>absolute</altitudeMode><coordinates>-0.05418251,43.21030752,398.96 -0.05155230,43.21342904,836.27</coordinates></LineString><LineString><altitudeMode>absolute</altitudeMode><coordinates>-0.05281267,43.21193324,398.96 -0.05062801,43.21452597,767.27</coordinates></LineString><LineString><altitudeMode>absolute</altitudeMode><coordinates>-0.05144283,43.21355895,398.96 -0.04975103,43.21556676,690.95</coordinates></LineString><LineString><altitudeMode>absolute</altitudeMode><coordinates>-0.05007299,43.21518467,398.96 -0.04890664,43.21656888,609.58</coordinates></LineString><LineString><altitudeMode>absolute</altitudeMode><coordinates>-0.04870314,43.21681038,398.96 -0.04809285,43.21753467,523.47</coordinates></LineString></MultiGeometry></Placemark>
<Placemark><name>alpha 45 nominal — trace au sol</name><description>Projection au sol</description><styleUrl>#s_v1_2</styleUrl><LineString><tessellate>1</tessellate><altitudeMode>clampToGround</altitudeMode><coordinates>-0.04733330,43.21843610,428.96 -0.04733333,43.21843606,428.96 -0.04733359,43.21843576,428.96 -0.04733400,43.21843526,428.96 -0.04733484,43.21843427,428.96 -0.04733635,43.21843248,428.96 -0.04733793,43.21843061,428.96 -0.04733984,43.21842834,428.96 -0.04734208,43.21842568,428.96 -0.04734466,43.21842262,428.96 -0.04734756,43.21841917,428.96 -0.04735079,43.21841534,428.96 -0.04735498,43.21841037,428.96 -0.04737558,43.21838592,428.96 -0.04740502,43.21835099,428.96 -0.04744407,43.21830464,428.96 -0.04749152,43.21824833,428.96 -0.04751551,43.21821985,428.96 -0.04754372,43.21818637,428.96 -0.04760771,43.21811043,428.96 -0.04768008,43.21802454,428.96 -0.04775504,43.21793558,428.96 -0.04783410,43.21784176,428.96 -0.04792798,43.21773033,428.96 -0.04802905,43.21761039,428.96 -0.04812886,43.21749193,428.96 -0.04824254,43.21735703,428.96 -0.04836236,43.21721482,428.96 -0.04848797,43.21706575,428.96 -0.04866380,43.21685707,428.96 -0.04880161,43.21669353,428.96 -0.04894404,43.21652449,428.96 -0.04908976,43.21635155,428.96 -0.04923681,43.21617703,428.96 -0.04938389,43.21600248,428.96 -0.04953018,43.21582886,428.96 -0.04967515,43.21565681,428.96 -0.04981848,43.21548672,428.96 -0.05000695,43.21526304,428.96 -0.05014640,43.21509754,428.96 -0.05028415,43.21493406,428.96 -0.05041877,43.21477430,428.96 -0.05054997,43.21461859,428.96 -0.05067796,43.21446669,428.96 -0.05080291,43.21431840,428.96 -0.05092499,43.21417351,428.96 -0.05108356,43.21398533,428.96 -0.05119951,43.21384772,428.96 -0.05131304,43.21371299,428.96 -0.05142427,43.21358098,428.96 -0.05153330,43.21345158,428.96 -0.05164025,43.21332466,428.96 -0.05174519,43.21320012,428.96 -0.05184822,43.21307784,428.96 -0.05198275,43.21291818,428.96 -0.05208162,43.21280084,428.96 -0.05217882,43.21268549,428.96 -0.05227441,43.21257204,428.96 -0.05236847,43.21246041,428.96 -0.05246105,43.21235054,428.96 -0.05255220,43.21224236,428.96 -0.05264197,43.21213583,428.96 -0.05273041,43.21203086,428.96 -0.05284634,43.21189328,428.96 -0.05293185,43.21179180,428.96 -0.05301617,43.21169172,428.96 -0.05309934,43.21159302,428.96 -0.05318139,43.21149564,428.96 -0.05326236,43.21139954,428.96 -0.05334228,43.21130470,428.96 -0.05342118,43.21121106,428.96 -0.05352484,43.21108805,428.96 -0.05360146,43.21099711,428.96 -0.05367715,43.21090728,428.96 -0.05375193,43.21081853,428.96 -0.05385027,43.21070183,428.96 -0.05389887,43.21064415,428.96 -0.05397106,43.21055848,428.96 -0.05404242,43.21047379,428.96 -0.05413632,43.21036234,428.96 -0.05420583,43.21027985,428.96 -0.05427457,43.21019827,428.96 -0.05434256,43.21011758,428.96 -0.05440981,43.21003777,428.96 -0.05447634,43.20995881,428.96 -0.05454216,43.20988070,428.96 -0.05460727,43.20980342,428.96 -0.05469303,43.20970164,428.96 -0.05475657,43.20962624,428.96 -0.05481944,43.20955163,428.96 -0.05488165,43.20947779,428.96 -0.05494323,43.20940471,428.96 -0.05500417,43.20933239,428.96 -0.05506448,43.20926081,428.96 -0.05512417,43.20918997,428.96 -0.05518325,43.20911985,428.96 -0.05526109,43.20902748,428.96 -0.05531877,43.20895902,428.96 -0.05537586,43.20889127,428.96 -0.05543237,43.20882420,428.96 -0.05548830,43.20875783,428.96 -0.05554366,43.20869213,428.96 -0.05559844,43.20862711,428.96 -0.05565267,43.20856275,428.96 -0.05572411,43.20847797,428.96 -0.05577704,43.20841515,428.96 -0.05582943,43.20835298,428.96 -0.05588126,43.20829146,428.96 -0.05593257,43.20823057,428.96 -0.05598333,43.20817033,428.96 -0.05603356,43.20811072,428.96 -0.05608325,43.20805174,428.96 -0.05614871,43.20797406,428.96 -0.05619718,43.20791653,428.96 -0.05624514,43.20785962,428.96 -0.05629258,43.20780332,428.96 -0.05633951,43.20774762,428.96 -0.05638593,43.20769253,428.96 -0.05643184,43.20763804,428.96 -0.05647726,43.20758414,428.96 -0.05652216,43.20753085,428.96 -0.05658127,43.20746070,428.96 -0.05662502,43.20740878,428.96 -0.05666828,43.20735744,428.96 -0.05671104,43.20730668,428.96 -0.05675333,43.20725650,428.96 -0.05679513,43.20720690,428.96 -0.05683645,43.20715786,428.96 -0.05687729,43.20710939,428.96 -0.05693101,43.20704564,428.96 -0.05697075,43.20699847,428.96 -0.05701001,43.20695187,428.96 -0.05704882,43.20690581,428.96 -0.05708716,43.20686031,428.96 -0.05712505,43.20681535,428.96 -0.05716247,43.20677094,428.96 -0.05719945,43.20672706,428.96 -0.05724804,43.20666938,428.96 -0.05728397,43.20662675,428.96 -0.05731945,43.20658463,428.96 -0.05735450,43.20654304,428.96 -0.05738910,43.20650197,428.96 -0.05742327,43.20646142,428.96 -0.05745702,43.20642137,428.96 -0.05749032,43.20638185,428.96 -0.05753409,43.20632991,428.96 -0.05756642,43.20629154,428.96 -0.05759833,43.20625366,428.96 -0.05762983,43.20621628,428.96 -0.05766092,43.20617939,428.96</coordinates></LineString></Placemark>
<Placemark><name>beta 45 nominal</name><description>Groupe : SP02 G150&lt;br/&gt;Fichier : beta_45.csv&lt;br/&gt;Pas de tir : Rampe FusEx&lt;br/&gt;Azimut : 211.6°&lt;br/&gt;Apogée : 604 m&lt;br/&gt;Portée : 2300 m&lt;br/&gt;Points : 150 / 517&lt;br/&gt;Rideau : quadrillage_45</description><styleUrl>#s_v1_3</styleUrl><LineString><extrude>0</extrude><altitudeMode>absolute</altitudeMode><coordinates>-0.04733330,43.21843610,428.96 -0.04733333,43.21843606,428.96 -0.04733375,43.21843556,429.01 -0.04733425,43.21843497,429.08 -0.04733559,43.21843339,429.26 -0.04733684,43.21843190,429.44 -0.04733916,43.21842914,429.78 -0.04734130,43.21842660,430.10 -0.04734466,43.21842262,430.60 -0.04734756,43.21841917,431.03 -0.04735194,43.21841397,431.69 -0.04735793,43.21840687,432.59 -0.04738364,43.21837636,436.32 -0.04741711,43.21833664,441.06 -0.04745895,43.21828698,446.87 -0.04751172,43.21822435,454.01 -0.04753011,43.21820253,456.44 -0.04760771,43.21811043,466.41 -0.04768008,43.21802454,475.35 -0.04775504,43.21793558,484.41 -0.04783410,43.21784176,493.82 -0.04796089,43.21769128,508.57 -0.04805660,43.21757770,519.42 -0.04820395,43.21740283,535.82 -0.04832176,43.21726301,548.66 -0.04848797,43.21706575,566.42 -0.04861897,43.21691028,580.16 -0.04880161,43.21669353,598.96 -0.04894404,43.21652449,613.36 -0.04908976,43.21635155,627.87 -0.04928587,43.21611880,647.05 -0.04943276,43.21594448,661.16 -0.04962700,43.21571395,679.49 -0.04977089,43.21554319,692.80 -0.04996011,43.21531863,709.97 -0.05010009,43.21515250,722.42 -0.05028424,43.21493395,738.46 -0.05042020,43.21477260,750.05 -0.05059850,43.21456100,764.90 -0.05073039,43.21440447,775.63 -0.05091271,43.21418809,790.12 -0.05105544,43.21401871,801.19 -0.05120265,43.21384399,812.40 -0.05140477,43.21360411,827.43 -0.05155806,43.21342219,838.57 -0.05175931,43.21318335,852.86 -0.05190843,43.21300638,863.20 -0.05210377,43.21277456,876.40 -0.05224776,43.21260366,885.87 -0.05243655,43.21237961,897.96 -0.05257584,43.21221430,906.62 -0.05275861,43.21199740,917.64 -0.05289354,43.21183726,925.53 -0.05307073,43.21162697,935.54 -0.05320164,43.21147161,942.68 -0.05333090,43.21131820,949.52 -0.05350080,43.21111657,958.16 -0.05362643,43.21096747,964.30 -0.05379163,43.21077141,972.03 -0.05391387,43.21062635,977.49 -0.05407469,43.21043549,984.34 -0.05419374,43.21029420,989.15 -0.05435044,43.21010823,995.15 -0.05446649,43.20997049,999.34 -0.05461933,43.20978911,1004.51 -0.05473256,43.20965473,1008.08 -0.05488174,43.20947768,1012.46 -0.05499231,43.20934646,1015.44 -0.05510178,43.20921654,1018.18 -0.05524608,43.20904529,1021.45 -0.05535309,43.20891829,1023.61 -0.05549418,43.20875085,1026.13 -0.05559884,43.20862663,1027.74 -0.05573689,43.20846281,1029.53 -0.05583931,43.20834125,1030.60 -0.05597445,43.20818087,1031.67 -0.05607475,43.20806184,1032.21 -0.05620710,43.20790476,1032.58 -0.05627270,43.20782690,1032.62 -0.05643505,43.20763423,1032.29 -0.05653135,43.20751994,1031.80 -0.05665849,43.20736906,1030.82 -0.05675291,43.20725700,1029.83 -0.05684654,43.20714588,1028.63 -0.05697019,43.20699913,1026.71 -0.05706204,43.20689012,1025.03 -0.05718335,43.20674615,1022.46 -0.05727348,43.20663919,1020.30 -0.05739253,43.20649790,1017.11 -0.05748099,43.20639293,1014.48 -0.05759785,43.20625424,1010.66 -0.05768468,43.20615118,1007.58 -0.05779941,43.20601502,1003.15 -0.05788468,43.20591383,999.61 -0.05799733,43.20578013,994.59 -0.05808106,43.20568076,990.60 -0.05816415,43.20558215,986.43 -0.05827393,43.20545186,980.57 -0.05835554,43.20535502,975.96 -0.05846337,43.20522704,969.53 -0.05854353,43.20513191,964.49 -0.05864945,43.20500620,957.49 -0.05872818,43.20491277,952.03 -0.05883222,43.20478929,944.48 -0.05890957,43.20469750,938.61 -0.05901176,43.20457622,930.51 -0.05908773,43.20448605,924.24 -0.05918812,43.20436691,915.60 -0.05926274,43.20427836,908.93 -0.05933679,43.20419048,902.09 -0.05943464,43.20407435,892.70 -0.05950737,43.20398804,885.47 -0.05960346,43.20387399,875.58 -0.05967489,43.20378922,867.97 -0.05976927,43.20367722,857.58 -0.05983941,43.20359398,849.59 -0.05993208,43.20348399,838.71 -0.06000095,43.20340226,830.36 -0.06009193,43.20329429,818.99 -0.06015954,43.20321404,810.29 -0.06024886,43.20310804,798.45 -0.06031523,43.20302928,789.39 -0.06038107,43.20295114,780.19 -0.06046804,43.20284792,767.70 -0.06053265,43.20277124,758.16 -0.06061799,43.20266996,745.22 -0.06068139,43.20259471,735.35 -0.06076512,43.20249535,721.98 -0.06082732,43.20242153,711.79 -0.06090945,43.20232405,697.99 -0.06097046,43.20225166,687.49 -0.06105102,43.20215605,673.28 -0.06111084,43.20208505,662.47 -0.06118983,43.20199131,647.85 -0.06124848,43.20192170,636.74 -0.06132591,43.20182981,621.74 -0.06138341,43.20176157,610.34 -0.06144041,43.20169392,598.82 -0.06151565,43.20160462,583.28 -0.06157151,43.20153833,571.48 -0.06164523,43.20145084,555.57 -0.06169996,43.20138590,543.50 -0.06177218,43.20130018,527.24 -0.06182578,43.20123657,514.91 -0.06189650,43.20115264,498.30 -0.06194900,43.20109034,485.72 -0.06201825,43.20100814,468.78 -0.06206964,43.20094716,455.96 -0.06213744,43.20086669,438.69 -0.06218774,43.20080699,425.63</coordinates></LineString></Placemark>
<Placemark><name>beta 45 nominal — quadrillage_45</name><description>Motif : quadrillage_45 (45°, 135°)&lt;br/&gt;Pas : 150 m&lt;br/&gt;Segments : 21</description><styleUrl>#s_v1_3_m</styleUrl><MultiGeometry><LineString><altitudeMode>absolute</altitudeMode><coordinates>-0.06103173,43.20217894,398.96 -0.06172906,43.20135135,536.95</coordinates></LineString><LineString><altitudeMode>absolute</altitudeMode><coordinates>-0.05966189,43.20380466,398.96 -0.06113768,43.20205320,657.50</coordinates></LineString><LineString><altitudeMode>absolute</altitudeMode><coordinates>-0.05829204,43.20543037,398.96 -0.06047388,43.20284098,766.84</coordinates></LineString><LineString><altitudeMode>absolute</altitudeMode><coordinates>-0.05692220,43.20705609,398.96 -0.05972294,43.20373220,862.68</coordinates></LineString><LineString><altitudeMode>absolute</altitudeMode><coordinates>-0.05555236,43.20868180,398.96 -0.05886518,43.20475018,941.98</coordinates></LineString><LineString><altitudeMode>absolute</altitudeMode><coordinates>-0.05418251,43.21030752,398.96 -0.05787113,43.20592991,1000.17</coordinates></LineString><LineString><altitudeMode>absolute</altitudeMode><coordinates>-0.05281267,43.21193324,398.96 -0.05669659,43.20732384,1030.42</coordinates></LineString><LineString><altitudeMode>absolute</altitudeMode><coordinates>-0.05144283,43.21355895,398.96 -0.05527223,43.20901426,1021.98</coordinates></LineString><LineString><altitudeMode>absolute</altitudeMode><coordinates>-0.05007299,43.21518467,398.96 -0.05348516,43.21113514,957.36</coordinates></LineString><LineString><altitudeMode>absolute</altitudeMode><coordinates>-0.04870314,43.21681038,398.96 -0.05115651,43.21389876,808.88</coordinates></LineString><LineString><altitudeMode>absolute</altitudeMode><coordinates>-0.06178298,43.20128736,524.75 -0.05936192,43.20416065,899.68</coordinates></LineString><LineString><altitudeMode>absolute</altitudeMode><coordinates>-0.06103173,43.20217894,398.96 -0.05720209,43.20672392,1022.01</coordinates></LineString><LineString><altitudeMode>absolute</altitudeMode><coordinates>-0.05966188,43.20380466,398.96 -0.05578075,43.20841075,1029.99</coordinates></LineString><LineString><altitudeMode>absolute</altitudeMode><coordinates>-0.05829204,43.20543037,398.96 -0.05458332,43.20983185,1003.29</coordinates></LineString><LineString><altitudeMode>absolute</altitudeMode><coordinates>-0.05692220,43.20705609,398.96 -0.05350391,43.21111288,958.31</coordinates></LineString><LineString><altitudeMode>absolute</altitudeMode><coordinates>-0.05555236,43.20868181,398.96 -0.05249881,43.21230572,901.83</coordinates></LineString><LineString><altitudeMode>absolute</altitudeMode><coordinates>-0.05418251,43.21030752,398.96 -0.05154404,43.21343883,837.55</coordinates></LineString><LineString><altitudeMode>absolute</altitudeMode><coordinates>-0.05281267,43.21193324,398.96 -0.05062789,43.21452611,767.29</coordinates></LineString><LineString><altitudeMode>absolute</altitudeMode><coordinates>-0.05144283,43.21355895,398.96 -0.04975097,43.21556683,690.96</coordinates></LineString><LineString><altitudeMode>absolute</altitudeMode><coordinates>-0.05007298,43.21518467,398.96 -0.04890664,43.21656888,609.58</coordinates></LineString><LineString><altitudeMode>absolute</altitudeMode><coordinates>-0.04870314,43.21681039,398.96 -0.04809290,43.21753461,523.46</coordinates></LineString></MultiGeometry></Placemark>
<Placemark><name>beta 45 nominal — trace au sol</name><description>Projection au sol</description><styleUrl>#s_v1_3</styleUrl><LineString><tessellate>1</tessellate><altitudeMode>clampToGround</altitudeMode><coordinates>-0.04733330,43.21843610,428.96 -0.04733333,43.21843606,428.96 -0.04733375,43.21843556,428.96 -0.04733425,43.21843497,428.96 -0.04733559,43.21843339,428.96 -0.04733684,43.21843190,428.96 -0.04733916,43.21842914,428.96 -0.04734130,43.21842660,428.96 -0.04734466,43.21842262,428.96 -0.04734756,43.21841917,428.96 -0.04735194,43.21841397,428.96 -0.04735793,43.21840687,428.96 -0.04738364,43.21837636,428.96 -0.04741711,43.21833664,428.96 -0.04745895,43.21828698,428.96 -0.04751172,43.21822435,428.96 -0.04753011,43.21820253,428.96 -0.04760771,43.21811043,428.96 -0.04768008,43.21802454,428.96 -0.04775504,43.21793558,428.96 -0.04783410,43.21784176,428.96 -0.04796089,43.21769128,428.96 -0.04805660,43.21757770,428.96 -0.04820395,43.21740283,428.96 -0.04832176,43.21726301,428.96 -0.04848797,43.21706575,428.96 -0.04861897,43.21691028,428.96 -0.04880161,43.21669353,428.96 -0.04894404,43.21652449,428.96 -0.04908976,43.21635155,428.96 -0.04928587,43.21611880,428.96 -0.04943276,43.21594448,428.96 -0.04962700,43.21571395,428.96 -0.04977089,43.21554319,428.96 -0.04996011,43.21531863,428.96 -0.05010009,43.21515250,428.96 -0.05028424,43.21493395,428.96 -0.05042020,43.21477260,428.96 -0.05059850,43.21456100,428.96 -0.05073039,43.21440447,428.96 -0.05091271,43.21418809,428.96 -0.05105544,43.21401871,428.96 -0.05120265,43.21384399,428.96 -0.05140477,43.21360411,428.96 -0.05155806,43.21342219,428.96 -0.05175931,43.21318335,428.96 -0.05190843,43.21300638,428.96 -0.05210377,43.21277456,428.96 -0.05224776,43.21260366,428.96 -0.05243655,43.21237961,428.96 -0.05257584,43.21221430,428.96 -0.05275861,43.21199740,428.96 -0.05289354,43.21183726,428.96 -0.05307073,43.21162697,428.96 -0.05320164,43.21147161,428.96 -0.05333090,43.21131820,428.96 -0.05350080,43.21111657,428.96 -0.05362643,43.21096747,428.96 -0.05379163,43.21077141,428.96 -0.05391387,43.21062635,428.96 -0.05407469,43.21043549,428.96 -0.05419374,43.21029420,428.96 -0.05435044,43.21010823,428.96 -0.05446649,43.20997049,428.96 -0.05461933,43.20978911,428.96 -0.05473256,43.20965473,428.96 -0.05488174,43.20947768,428.96 -0.05499231,43.20934646,428.96 -0.05510178,43.20921654,428.96 -0.05524608,43.20904529,428.96 -0.05535309,43.20891829,428.96 -0.05549418,43.20875085,428.96 -0.05559884,43.20862663,428.96 -0.05573689,43.20846281,428.96 -0.05583931,43.20834125,428.96 -0.05597445,43.20818087,428.96 -0.05607475,43.20806184,428.96 -0.05620710,43.20790476,428.96 -0.05627270,43.20782690,428.96 -0.05643505,43.20763423,428.96 -0.05653135,43.20751994,428.96 -0.05665849,43.20736906,428.96 -0.05675291,43.20725700,428.96 -0.05684654,43.20714588,428.96 -0.05697019,43.20699913,428.96 -0.05706204,43.20689012,428.96 -0.05718335,43.20674615,428.96 -0.05727348,43.20663919,428.96 -0.05739253,43.20649790,428.96 -0.05748099,43.20639293,428.96 -0.05759785,43.20625424,428.96 -0.05768468,43.20615118,428.96 -0.05779941,43.20601502,428.96 -0.05788468,43.20591383,428.96 -0.05799733,43.20578013,428.96 -0.05808106,43.20568076,428.96 -0.05816415,43.20558215,428.96 -0.05827393,43.20545186,428.96 -0.05835554,43.20535502,428.96 -0.05846337,43.20522704,428.96 -0.05854353,43.20513191,428.96 -0.05864945,43.20500620,428.96 -0.05872818,43.20491277,428.96 -0.05883222,43.20478929,428.96 -0.05890957,43.20469750,428.96 -0.05901176,43.20457622,428.96 -0.05908773,43.20448605,428.96 -0.05918812,43.20436691,428.96 -0.05926274,43.20427836,428.96 -0.05933679,43.20419048,428.96 -0.05943464,43.20407435,428.96 -0.05950737,43.20398804,428.96 -0.05960346,43.20387399,428.96 -0.05967489,43.20378922,428.96 -0.05976927,43.20367722,428.96 -0.05983941,43.20359398,428.96 -0.05993208,43.20348399,428.96 -0.06000095,43.20340226,428.96 -0.06009193,43.20329429,428.96 -0.06015954,43.20321404,428.96 -0.06024886,43.20310804,428.96 -0.06031523,43.20302928,428.96 -0.06038107,43.20295114,428.96 -0.06046804,43.20284792,428.96 -0.06053265,43.20277124,428.96 -0.06061799,43.20266996,428.96 -0.06068139,43.20259471,428.96 -0.06076512,43.20249535,428.96 -0.06082732,43.20242153,428.96 -0.06090945,43.20232405,428.96 -0.06097046,43.20225166,428.96 -0.06105102,43.20215605,428.96 -0.06111084,43.20208505,428.96 -0.06118983,43.20199131,428.96 -0.06124848,43.20192170,428.96 -0.06132591,43.20182981,428.96 -0.06138341,43.20176157,428.96 -0.06144041,43.20169392,428.96 -0.06151565,43.20160462,428.96 -0.06157151,43.20153833,428.96 -0.06164523,43.20145084,428.96 -0.06169996,43.20138590,428.96 -0.06177218,43.20130018,428.96 -0.06182578,43.20123657,428.96 -0.06189650,43.20115264,428.96 -0.06194900,43.20109034,428.96 -0.06201825,43.20100814,428.96 -0.06206964,43.20094716,428.96 -0.06213744,43.20086669,428.96 -0.06218774,43.20080699,428.96</coordinates></LineString></Placemark>
</Folder>
<Folder><name>SP02 J285</name><open>1</open>
<Placemark><name>alpha 80 nominal</name><description>Groupe : SP02 J285&lt;br/&gt;Fichier : alpha_80.csv&lt;br/&gt;Pas de tir : Rampe FusEx&lt;br/&gt;Azimut : 211.6°&lt;br/&gt;Apogée : 1034 m&lt;br/&gt;Portée : 459 m&lt;br/&gt;Points : 150 / 403&lt;br/&gt;Rideau : quadrillage_45</description><styleUrl>#s_v2_0</styleUrl><LineString><extrude>0</extrude><altitudeMode>absolute</altitudeMode><coordinates>-0.04733330,43.21843610,428.96 -0.04733331,43.21843609,428.96 -0.04733334,43.21843605,428.99 -0.04733343,43.21843595,429.05 -0.04733358,43.21843576,429.18 -0.04733374,43.21843558,429.31 -0.04733400,43.21843526,429.53 -0.04733437,43.21843484,429.83 -0.04733480,43.21843431,430.21 -0.04733514,43.21843392,430.50 -0.04733571,43.21843324,430.98 -0.04733635,43.21843248,431.53 -0.04733682,43.21843192,431.94 -0.04733759,43.21843101,432.60 -0.04733858,43.21842984,433.45 -0.04734041,43.21842766,435.01 -0.04734424,43.21842312,438.23 -0.04735139,43.21841463,444.14 -0.04736090,43.21840335,451.87 -0.04736836,43.21839449,457.86 -0.04737893,43.21838195,466.20 -0.04739366,43.21836447,477.55 -0.04740467,43.21835139,485.88 -0.04742294,43.21832971,499.45 -0.04743129,43.21831981,505.59 -0.04743544,43.21831488,508.63 -0.04745228,43.21829490,520.91 -0.04747517,43.21826773,537.40 -0.04749995,43.21823832,554.97 -0.04751599,43.21821929,566.24 -0.04754355,43.21818658,585.44 -0.04757278,43.21815188,605.57 -0.04759316,43.21812770,619.47 -0.04762499,43.21808993,641.00 -0.04765827,43.21805042,663.29 -0.04768125,43.21802316,678.55 -0.04771681,43.21798095,701.99 -0.04775349,43.21793742,725.94 -0.04779076,43.21789319,750.05 -0.04781573,43.21786355,766.08 -0.04785317,43.21781912,789.94 -0.04789044,43.21777489,813.47 -0.04791511,43.21774561,828.92 -0.04795183,43.21770203,851.73 -0.04798817,43.21765891,874.10 -0.04801219,43.21763040,888.76 -0.04804794,43.21758797,910.39 -0.04808323,43.21754609,931.53 -0.04811776,43.21750511,952.00 -0.04814038,43.21747827,965.28 -0.04817370,43.21743872,984.67 -0.04820634,43.21739998,1003.45 -0.04822775,43.21737458,1015.64 -0.04825935,43.21733707,1033.45 -0.04829037,43.21730026,1050.72 -0.04831073,43.21727609,1061.94 -0.04834084,43.21724036,1078.34 -0.04837043,43.21720524,1094.25 -0.04838990,43.21718214,1104.58 -0.04841870,43.21714796,1119.70 -0.04844705,43.21711431,1134.36 -0.04847497,43.21708117,1148.58 -0.04849336,43.21705935,1157.83 -0.04852062,43.21702700,1171.35 -0.04854750,43.21699510,1184.46 -0.04856521,43.21697408,1192.98 -0.04859150,43.21694288,1205.45 -0.04861745,43.21691209,1217.53 -0.04863456,43.21689177,1225.38 -0.04865999,43.21686160,1236.86 -0.04868511,43.21683179,1247.98 -0.04870994,43.21680231,1258.75 -0.04872635,43.21678284,1265.75 -0.04875073,43.21675391,1275.97 -0.04877486,43.21672527,1285.86 -0.04879080,43.21670635,1292.28 -0.04881453,43.21667819,1301.64 -0.04883802,43.21665031,1310.69 -0.04885356,43.21663187,1316.56 -0.04887669,43.21660442,1325.11 -0.04889961,43.21657722,1333.36 -0.04892234,43.21655025,1341.33 -0.04893738,43.21653239,1346.48 -0.04895980,43.21650579,1353.97 -0.04898203,43.21647940,1361.19 -0.04899676,43.21646192,1365.84 -0.04901871,43.21643587,1372.61 -0.04904050,43.21641001,1379.10 -0.04905495,43.21639287,1383.28 -0.04907649,43.21636730,1389.33 -0.04909788,43.21634191,1395.13 -0.04911914,43.21631668,1400.67 -0.04913324,43.21629994,1404.22 -0.04915428,43.21627498,1409.34 -0.04917519,43.21625016,1414.21 -0.04918907,43.21623369,1417.32 -0.04920979,43.21620911,1421.79 -0.04923039,43.21618465,1426.01 -0.04924407,43.21616842,1428.69 -0.04926449,43.21614418,1432.51 -0.04928482,43.21612006,1436.09 -0.04929830,43.21610405,1438.35 -0.04931847,43.21608013,1441.55 -0.04933853,43.21605631,1444.51 -0.04935851,43.21603260,1447.25 -0.04937177,43.21601686,1448.94 -0.04939160,43.21599333,1451.30 -0.04941135,43.21596989,1453.42 -0.04942446,43.21595433,1454.72 -0.04944408,43.21593105,1456.47 -0.04946361,43.21590787,1458.01 -0.04947659,43.21589246,1458.90 -0.04949600,43.21586943,1460.07 -0.04951534,43.21584647,1461.01 -0.04953461,43.21582361,1461.74 -0.04954742,43.21580840,1462.11 -0.04956659,43.21578566,1462.47 -0.04959204,43.21575545,1462.63 -0.04959839,43.21574791,1462.61 -0.04963630,43.21570292,1461.96 -0.04967423,43.21565791,1460.37 -0.04969951,43.21562791,1458.75 -0.04973747,43.21558285,1455.42 -0.04977559,43.21553761,1450.90 -0.04981402,43.21549201,1445.04 -0.04983991,43.21546127,1440.29 -0.04987936,43.21541446,1431.67 -0.04991981,43.21536645,1420.90 -0.04994752,43.21533357,1412.22 -0.04999057,43.21528247,1396.28 -0.05003598,43.21522858,1375.53 -0.05006799,43.21519060,1357.82 -0.05011945,43.21512952,1321.94 -0.05017358,43.21506528,1268.70 -0.05021318,43.21501829,1210.65 -0.05023232,43.21499557,1171.33 -0.05025316,43.21497084,1111.96 -0.05026725,43.21495412,1052.43 -0.05027398,43.21494614,1012.74 -0.05028126,43.21493749,953.28 -0.05028615,43.21493169,893.95 -0.05028848,43.21492892,854.47 -0.05029098,43.21492595,795.40 -0.05029266,43.21492396,736.49 -0.05029379,43.21492262,677.75 -0.05029432,43.21492199,638.69 -0.05029489,43.21492131,580.23 -0.05029527,43.21492086,521.93 -0.05029545,43.21492065,483.16 -0.05029563,43.21492043,428.96</coordinates></LineString></Placemark>
<Placemark><name>alpha 80 nominal — quadrillage_45</name><description>Motif : quadrillage_45 (45°, 135°)&lt;br/&gt;Pas : 150 m&lt;br/&gt;Segments : 12</description><styleUrl>#s_v2_0_m</styleUrl><MultiGeometry><LineString><altitudeMode>absolute</altitudeMode><coordinates>-0.05007299,43.21518467,398.96 -0.05029552,43.21492057,463.42</coordinates></LineString><LineString><altitudeMode>absolute</altitudeMode><coordinates>-0.04870314,43.21681038,398.96 -0.05029382,43.21492258,675.29</coordinates></LineString><LineString><altitudeMode>absolute</altitudeMode><coordinates>-0.04733330,43.21843610,398.96 -0.05028660,43.21493116,886.30</coordinates></LineString><LineString><altitudeMode>absolute</altitudeMode><coordinates>-0.04771382,43.21798450,700.02 -0.05025743,43.21496577,1093.92</coordinates></LineString><LineString><altitudeMode>absolute</altitudeMode><coordinates>-0.04817065,43.21744234,982.90 -0.05015218,43.21509068,1289.75</coordinates></LineString><LineString><altitudeMode>absolute</altitudeMode><coordinates>-0.04878591,43.21671216,1290.30 -0.04979946,43.21550929,1447.26</coordinates></LineString><LineString><altitudeMode>absolute</altitudeMode><coordinates>-0.05017876,43.21505914,1261.11 -0.04918128,43.21624293,1415.58</coordinates></LineString><LineString><altitudeMode>absolute</altitudeMode><coordinates>-0.05027023,43.21495058,1034.81 -0.04874054,43.21676600,1271.70</coordinates></LineString><LineString><altitudeMode>absolute</altitudeMode><coordinates>-0.05028996,43.21492717,819.62 -0.04840355,43.21716594,1111.75</coordinates></LineString><LineString><altitudeMode>absolute</altitudeMode><coordinates>-0.05029463,43.21492162,606.77 -0.04810690,43.21751800,945.56</coordinates></LineString><LineString><altitudeMode>absolute</altitudeMode><coordinates>-0.05007298,43.21518467,398.96 -0.04783143,43.21784492,776.08</coordinates></LineString><LineString><altitudeMode>absolute</altitudeMode><coordinates>-0.04870314,43.21681039,398.96 -0.04757093,43.21815408,604.29</coordinates></LineString></MultiGeometry></Placemark>
<Placemark><name>alpha 80 nominal — trace au sol</name><description>Projection au sol</description><styleUrl>#s_v2_0</styleUrl><LineString><tessellate>1</tessellate><altitudeMode>clampToGround</altitudeMode><coordinates>-0.04733330,43.21843610,428.96 -0.04733331,43.21843609,428.96 -0.04733334,43.21843605,428.96 -0.04733343,43.21843595,428.96 -0.04733358,43.21843576,428.96 -0.04733374,43.21843558,428.96 -0.04733400,43.21843526,428.96 -0.04733437,43.21843484,428.96 -0.04733480,43.21843431,428.96 -0.04733514,43.21843392,428.96 -0.04733571,43.21843324,428.96 -0.04733635,43.21843248,428.96 -0.04733682,43.21843192,428.96 -0.04733759,43.21843101,428.96 -0.04733858,43.21842984,428.96 -0.04734041,43.21842766,428.96 -0.04734424,43.21842312,428.96 -0.04735139,43.21841463,428.96 -0.04736090,43.21840335,428.96 -0.04736836,43.21839449,428.96 -0.04737893,43.21838195,428.96 -0.04739366,43.21836447,428.96 -0.04740467,43.21835139,428.96 -0.04742294,43.21832971,428.96 -0.04743129,43.21831981,428.96 -0.04743544,43.21831488,428.96 -0.04745228,43.21829490,428.96 -0.04747517,43.21826773,428.96 -0.04749995,43.21823832,428.96 -0.04751599,43.21821929,428.96 -0.04754355,43.21818658,428.96 -0.04757278,43.21815188,428.96 -0.04759316,43.21812770,428.96 -0.04762499,43.21808993,428.96 -0.04765827,43.21805042,428.96 -0.04768125,43.21802316,428.96 -0.04771681,43.21798095,428.96 -0.04775349,43.21793742,428.96 -0.04779076,43.21789319,428.96 -0.04781573,43.21786355,428.96 -0.04785317,43.21781912,428.96 -0.04789044,43.21777489,428.96 -0.04791511,43.21774561,428.96 -0.04795183,43.21770203,428.96 -0.04798817,43.21765891,428.96 -0.04801219,43.21763040,428.96 -0.04804794,43.21758797,428.96 -0.04808323,43.21754609,428.96 -0.04811776,43.21750511,428.96 -0.04814038,43.21747827,428.96 -0.04817370,43.21743872,428.96 -0.04820634,43.21739998,428.96 -0.04822775,43.21737458,428.96 -0.04825935,43.21733707,428.96 -0.04829037,43.21730026,428.96 -0.04831073,43.21727609,428.96 -0.04834084,43.21724036,428.96 -0.04837043,43.21720524,428.96 -0.04838990,43.21718214,428.96 -0.04841870,43.21714796,428.96 -0.04844705,43.21711431,428.96 -0.04847497,43.21708117,428.96 -0.04849336,43.21705935,428.96 -0.04852062,43.21702700,428.96 -0.04854750,43.21699510,428.96 -0.04856521,43.21697408,428.96 -0.04859150,43.21694288,428.96 -0.04861745,43.21691209,428.96 -0.04863456,43.21689177,428.96 -0.04865999,43.21686160,428.96 -0.04868511,43.21683179,428.96 -0.04870994,43.21680231,428.96 -0.04872635,43.21678284,428.96 -0.04875073,43.21675391,428.96 -0.04877486,43.21672527,428.96 -0.04879080,43.21670635,428.96 -0.04881453,43.21667819,428.96 -0.04883802,43.21665031,428.96 -0.04885356,43.21663187,428.96 -0.04887669,43.21660442,428.96 -0.04889961,43.21657722,428.96 -0.04892234,43.21655025,428.96 -0.04893738,43.21653239,428.96 -0.04895980,43.21650579,428.96 -0.04898203,43.21647940,428.96 -0.04899676,43.21646192,428.96 -0.04901871,43.21643587,428.96 -0.04904050,43.21641001,428.96 -0.04905495,43.21639287,428.96 -0.04907649,43.21636730,428.96 -0.04909788,43.21634191,428.96 -0.04911914,43.21631668,428.96 -0.04913324,43.21629994,428.96 -0.04915428,43.21627498,428.96 -0.04917519,43.21625016,428.96 -0.04918907,43.21623369,428.96 -0.04920979,43.21620911,428.96 -0.04923039,43.21618465,428.96 -0.04924407,43.21616842,428.96 -0.04926449,43.21614418,428.96 -0.04928482,43.21612006,428.96 -0.04929830,43.21610405,428.96 -0.04931847,43.21608013,428.96 -0.04933853,43.21605631,428.96 -0.04935851,43.21603260,428.96 -0.04937177,43.21601686,428.96 -0.04939160,43.21599333,428.96 -0.04941135,43.21596989,428.96 -0.04942446,43.21595433,428.96 -0.04944408,43.21593105,428.96 -0.04946361,43.21590787,428.96 -0.04947659,43.21589246,428.96 -0.04949600,43.21586943,428.96 -0.04951534,43.21584647,428.96 -0.04953461,43.21582361,428.96 -0.04954742,43.21580840,428.96 -0.04956659,43.21578566,428.96 -0.04959204,43.21575545,428.96 -0.04959839,43.21574791,428.96 -0.04963630,43.21570292,428.96 -0.04967423,43.21565791,428.96 -0.04969951,43.21562791,428.96 -0.04973747,43.21558285,428.96 -0.04977559,43.21553761,428.96 -0.04981402,43.21549201,428.96 -0.04983991,43.21546127,428.96 -0.04987936,43.21541446,428.96 -0.04991981,43.21536645,428.96 -0.04994752,43.21533357,428.96 -0.04999057,43.21528247,428.96 -0.05003598,43.21522858,428.96 -0.05006799,43.21519060,428.96 -0.05011945,43.21512952,428.96 -0.05017358,43.21506528,428.96 -0.05021318,43.21501829,428.96 -0.05023232,43.21499557,428.96 -0.05025316,43.21497084,428.96 -0.05026725,43.21495412,428.96 -0.05027398,43.21494614,428.96 -0.05028126,43.21493749,428.96 -0.05028615,43.21493169,428.96 -0.05028848,43.21492892,428.96 -0.05029098,43.21492595,428.96 -0.05029266,43.21492396,428.96 -0.05029379,43.21492262,428.96 -0.05029432,43.21492199,428.96 -0.05029489,43.21492131,428.96 -0.05029527,43.21492086,428.96 -0.05029545,43.21492065,428.96 -0.05029563,43.21492043,428.96</coordinates></LineString></Placemark>
<Placemark><name>beta 80 nominal</name><description>Groupe : SP02 J285&lt;br/&gt;Fichier : beta_80.csv&lt;br/&gt;Pas de tir : Rampe FusEx&lt;br/&gt;Azimut : 211.6°&lt;br/&gt;Apogée : 2191 m&lt;br/&gt;Portée : 975 m&lt;br/&gt;Points : 150 / 629&lt;br/&gt;Rideau : quadrillage_45</description><styleUrl>#s_v2_1</styleUrl><LineString><extrude>0</extrude><altitudeMode>absolute</altitudeMode><coordinates>-0.04733330,43.21843610,428.96 -0.04733332,43.21843608,428.97 -0.04733343,43.21843595,429.05 -0.04733374,43.21843558,429.31 -0.04733411,43.21843513,429.62 -0.04733465,43.21843450,430.08 -0.04733532,43.21843370,430.65 -0.04733635,43.21843248,431.53 -0.04733732,43.21843133,432.37 -0.04733858,43.21842984,433.45 -0.04734304,43.21842454,437.23 -0.04735139,43.21841463,444.14 -0.04736836,43.21839449,457.86 -0.04738360,43.21837641,469.83 -0.04740467,43.21835139,485.88 -0.04742947,43.21832197,504.25 -0.04743544,43.21831488,508.63 -0.04746733,43.21827704,531.78 -0.04749995,43.21823832,554.97 -0.04753418,43.21819770,578.93 -0.04757278,43.21815188,605.57 -0.04762499,43.21808993,641.00 -0.04766968,43.21803688,670.88 -0.04771681,43.21798095,701.99 -0.04776588,43.21792272,733.97 -0.04781573,43.21786355,766.08 -0.04787805,43.21778960,805.67 -0.04792740,43.21773103,836.58 -0.04797609,43.21767324,866.69 -0.04802415,43.21761621,896.02 -0.04807157,43.21755993,924.57 -0.04812985,43.21749077,959.11 -0.04817567,43.21743639,985.84 -0.04822331,43.21737985,1013.21 -0.04827649,43.21731673,1043.36 -0.04835106,43.21722823,1085.05 -0.04841715,43.21714980,1121.53 -0.04848861,43.21706499,1160.58 -0.04856506,43.21697426,1201.93 -0.04864606,43.21687813,1245.36 -0.04875298,43.21675124,1302.11 -0.04884224,43.21664530,1349.04 -0.04893228,43.21653845,1395.99 -0.04900333,43.21645413,1432.75 -0.04905619,43.21639139,1459.94 -0.04916237,43.21626538,1514.11 -0.04924475,43.21616761,1555.70 -0.04932503,43.21607233,1595.84 -0.04940336,43.21597937,1634.63 -0.04949873,43.21586619,1681.30 -0.04957311,43.21577792,1717.27 -0.04964591,43.21569151,1752.09 -0.04971723,43.21560688,1785.81 -0.04978714,43.21552390,1818.48 -0.04987268,43.21542239,1857.90 -0.04993972,43.21534283,1888.37 -0.05000558,43.21526467,1917.91 -0.05007033,43.21518782,1946.56 -0.05013403,43.21511222,1974.37 -0.05021225,43.21501939,2007.96 -0.05027376,43.21494640,2033.94 -0.05033437,43.21487446,2059.15 -0.05039412,43.21480355,2083.62 -0.05046766,43.21471627,2113.19 -0.05052562,43.21464748,2136.06 -0.05058285,43.21457957,2158.24 -0.05063937,43.21451249,2179.77 -0.05069521,43.21444622,2200.65 -0.05076410,43.21436446,2225.86 -0.05081852,43.21429987,2245.34 -0.05087236,43.21423598,2264.22 -0.05092563,43.21417276,2282.52 -0.05097835,43.21411019,2300.24 -0.05104353,43.21403283,2321.59 -0.05109512,43.21397160,2338.06 -0.05114623,43.21391095,2353.98 -0.05119689,43.21385083,2369.38 -0.05125960,43.21377641,2387.89 -0.05130929,43.21371744,2402.12 -0.05135858,43.21365893,2415.85 -0.05140749,43.21360090,2429.08 -0.05145603,43.21354329,2441.82 -0.05151619,43.21347189,2457.08 -0.05156394,43.21341521,2468.74 -0.05161138,43.21335892,2479.94 -0.05165848,43.21330302,2490.68 -0.05170529,43.21324747,2500.95 -0.05176338,43.21317852,2513.16 -0.05180955,43.21312373,2522.43 -0.05185545,43.21306926,2531.25 -0.05190108,43.21301510,2539.64 -0.05195778,43.21294781,2549.51 -0.05200287,43.21289430,2556.93 -0.05204772,43.21284107,2563.91 -0.05209236,43.21278810,2570.48 -0.05213678,43.21273538,2576.63 -0.05219201,43.21266983,2583.73 -0.05223596,43.21261767,2588.95 -0.05227973,43.21256572,2593.75 -0.05232331,43.21251400,2598.15 -0.05236672,43.21246249,2602.14 -0.05242071,43.21239841,2606.57 -0.05246373,43.21234736,2609.66 -0.05250657,43.21229651,2612.36 -0.05254926,43.21224585,2614.66 -0.05260240,43.21218278,2616.98 -0.05264474,43.21213253,2618.40 -0.05268695,43.21208244,2619.42 -0.05272901,43.21203253,2620.06 -0.05278139,43.21197036,2620.31 -0.05284037,43.21190037,2619.86 -0.05290661,43.21182175,2618.27 -0.05297398,43.21174180,2615.28 -0.05304186,43.21166124,2610.57 -0.05310981,43.21158060,2603.79 -0.05319465,43.21147991,2591.67 -0.05326274,43.21139910,2578.12 -0.05333160,43.21131737,2559.67 -0.05340207,43.21123375,2533.60 -0.05349389,43.21112478,2479.99 -0.05355561,43.21105153,2414.16 -0.05358937,43.21101145,2346.60 -0.05360759,43.21098984,2278.66 -0.05361736,43.21097824,2210.76 -0.05362346,43.21097101,2126.14 -0.05362584,43.21096818,2058.69 -0.05362710,43.21096668,1991.46 -0.05362778,43.21096588,1924.44 -0.05362813,43.21096546,1857.65 -0.05362834,43.21096520,1774.47 -0.05362843,43.21096510,1708.18 -0.05362847,43.21096505,1642.11 -0.05362850,43.21096502,1576.25 -0.05362851,43.21096501,1494.23 -0.05362851,43.21096501,1428.85 -0.05362852,43.21096500,1363.67 -0.05362852,43.21096500,1298.71 -0.05362852,43.21096500,1233.95 -0.05362852,43.21096500,1153.30 -0.05362852,43.21096500,1089.00 -0.05362852,43.21096500,1024.91 -0.05362852,43.21096500,961.01 -0.05362852,43.21096500,897.31 -0.05362851,43.21096501,817.96 -0.05362851,43.21096501,754.70 -0.05362851,43.21096501,691.64 -0.05362851,43.21096501,628.77 -0.05362851,43.21096501,550.46 -0.05362851,43.21096501,488.01 -0.05362851,43.21096501,428.96</coordinates></LineString></Placemark>
<Placemark><name>beta 80 nominal — quadrillage_45</name><description>Motif : quadrillage_45 (45°, 135°)&lt;br/&gt;Pas : 150 m&lt;br/&gt;Segments : 25</description><styleUrl>#s_v2_1_m</styleUrl><MultiGeometry><LineString><altitudeMode>absolute</altitudeMode><coordinates>-0.05281267,43.21193324,398.96 -0.05362852,43.21096500,555.30</coordinates></LineString><LineString><altitudeMode>absolute</altitudeMode><coordinates>-0.05144283,43.21355895,398.96 -0.05362852,43.21096500,767.43</coordinates></LineString><LineString><altitudeMode>absolute</altitudeMode><coordinates>-0.05007299,43.21518467,398.96 -0.05362852,43.21096500,979.56</coordinates></LineString><LineString><altitudeMode>absolute</altitudeMode><coordinates>-0.04870314,43.21681038,398.96 -0.05362852,43.21096500,1191.70</coordinates></LineString><LineString><altitudeMode>absolute</altitudeMode><coordinates>-0.04733330,43.21843610,398.96 -0.05362852,43.21096500,1403.83</coordinates></LineString><LineString><altitudeMode>absolute</altitudeMode><coordinates>-0.04771383,43.21798449,700.02 -0.05362848,43.21096504,1615.96</coordinates></LineString><LineString><altitudeMode>absolute</altitudeMode><coordinates>-0.04817061,43.21744239,982.89 -0.05362820,43.21096537,1828.04</coordinates></LineString><LineString><altitudeMode>absolute</altitudeMode><coordinates>-0.04870802,43.21680460,1278.24 -0.05362619,43.21096776,2039.86</coordinates></LineString><LineString><altitudeMode>absolute</altitudeMode><coordinates>-0.04929630,43.21610643,1581.48 -0.05361175,43.21098490,2249.76</coordinates></LineString><LineString><altitudeMode>absolute</altitudeMode><coordinates>-0.04995633,43.21532311,1895.82 -0.05352365,43.21108946,2448.25</coordinates></LineString><LineString><altitudeMode>absolute</altitudeMode><coordinates>-0.05079945,43.21432250,2238.52 -0.05313498,43.21155073,2600.19</coordinates></LineString><LineString><altitudeMode>absolute</altitudeMode><coordinates>-0.05353249,43.21107896,2438.81 -0.05244015,43.21237534,2607.97</coordinates></LineString><LineString><altitudeMode>absolute</altitudeMode><coordinates>-0.05361695,43.21097873,2213.60 -0.05172907,43.21321924,2505.95</coordinates></LineString><LineString><altitudeMode>absolute</altitudeMode><coordinates>-0.05362694,43.21096687,1999.92 -0.05121212,43.21383275,2373.88</coordinates></LineString><LineString><altitudeMode>absolute</altitudeMode><coordinates>-0.05362831,43.21096525,1787.58 -0.05077436,43.21435228,2229.53</coordinates></LineString><LineString><altitudeMode>absolute</altitudeMode><coordinates>-0.05362850,43.21096502,1575.41 -0.05038113,43.21481897,2078.30</coordinates></LineString><LineString><altitudeMode>absolute</altitudeMode><coordinates>-0.05362852,43.21096500,1363.28 -0.05001632,43.21525192,1922.66</coordinates></LineString><LineString><altitudeMode>absolute</altitudeMode><coordinates>-0.05362852,43.21096500,1151.15 -0.04967108,43.21566164,1763.99</coordinates></LineString><LineString><altitudeMode>absolute</altitudeMode><coordinates>-0.05362852,43.21096500,939.02 -0.04933981,43.21605479,1603.16</coordinates></LineString><LineString><altitudeMode>absolute</altitudeMode><coordinates>-0.05362852,43.21096500,726.88 -0.04901884,43.21643571,1440.73</coordinates></LineString><LineString><altitudeMode>absolute</altitudeMode><coordinates>-0.05362852,43.21096500,514.75 -0.04870582,43.21680721,1277.07</coordinates></LineString><LineString><altitudeMode>absolute</altitudeMode><coordinates>-0.05281267,43.21193324,398.96 -0.04840034,43.21716975,1112.25</coordinates></LineString><LineString><altitudeMode>absolute</altitudeMode><coordinates>-0.05144283,43.21355895,398.96 -0.04810696,43.21751793,945.55</coordinates></LineString><LineString><altitudeMode>absolute</altitudeMode><coordinates>-0.05007298,43.21518467,398.96 -0.04783147,43.21784488,776.08</coordinates></LineString><LineString><altitudeMode>absolute</altitudeMode><coordinates>-0.04870314,43.21681039,398.96 -0.04757094,43.21815408,604.29</coordinates></LineString></MultiGeometry></Placemark>
<Placemark><name>beta 80 nominal — trace au sol</name><description>Projection au sol</description><styleUrl>#s_v2_1</styleUrl><LineString><tessellate>1</tessellate><altitudeMode>clampToGround</altitudeMode><coordinates>-0.04733330,43.21843610,428.96 -0.04733332,43.21843608,428.96 -0.04733343,43.21843595,428.96 -0.04733374,43.21843558,428.96 -0.04733411,43.21843513,428.96 -0.04733465,43.21843450,428.96 -0.04733532,43.21843370,428.96 -0.04733635,43.21843248,428.96 -0.04733732,43.21843133,428.96 -0.04733858,43.21842984,428.96 -0.04734304,43.21842454,428.96 -0.04735139,43.21841463,428.96 -0.04736836,43.21839449,428.96 -0.04738360,43.21837641,428.96 -0.04740467,43.21835139,428.96 -0.04742947,43.21832197,428.96 -0.04743544,43.21831488,428.96 -0.04746733,43.21827704,428.96 -0.04749995,43.21823832,428.96 -0.04753418,43.21819770,428.96 -0.04757278,43.21815188,428.96 -0.04762499,43.21808993,428.96 -0.04766968,43.21803688,428.96 -0.04771681,43.21798095,428.96 -0.04776588,43.21792272,428.96 -0.04781573,43.21786355,428.96 -0.04787805,43.21778960,428.96 -0.04792740,43.21773103,428.96 -0.04797609,43.21767324,428.96 -0.04802415,43.21761621,428.96 -0.04807157,43.21755993,428.96 -0.04812985,43.21749077,428.96 -0.04817567,43.21743639,428.96 -0.04822331,43.21737985,428.96 -0.04827649,43.21731673,428.96 -0.04835106,43.21722823,428.96 -0.04841715,43.21714980,428.96 -0.04848861,43.21706499,428.96 -0.04856506,43.21697426,428.96 -0.04864606,43.21687813,428.96 -0.04875298,43.21675124,428.96 -0.04884224,43.21664530,428.96 -0.04893228,43.21653845,428.96 -0.04900333,43.21645413,428.96 -0.04905619,43.21639139,428.96 -0.04916237,43.21626538,428.96 -0.04924475,43.21616761,428.96 -0.04932503,43.21607233,428.96 -0.04940336,43.21597937,428.96 -0.04949873,43.21586619,428.96 -0.04957311,43.21577792,428.96 -0.04964591,43.21569151,428.96 -0.04971723,43.21560688,428.96 -0.04978714,43.21552390,428.96 -0.04987268,43.21542239,428.96 -0.04993972,43.21534283,428.96 -0.05000558,43.21526467,428.96 -0.05007033,43.21518782,428.96 -0.05013403,43.21511222,428.96 -0.05021225,43.21501939,428.96 -0.05027376,43.21494640,428.96 -0.05033437,43.21487446,428.96 -0.05039412,43.21480355,428.96 -0.05046766,43.21471627,428.96 -0.05052562,43.21464748,428.96 -0.05058285,43.21457957,428.96 -0.05063937,43.21451249,428.96 -0.05069521,43.21444622,428.96 -0.05076410,43.21436446,428.96 -0.05081852,43.21429987,428.96 -0.05087236,43.21423598,428.96 -0.05092563,43.21417276,428.96 -0.05097835,43.21411019,428.96 -0.05104353,43.21403283,428.96 -0.05109512,43.21397160,428.96 -0.05114623,43.21391095,428.96 -0.05119689,43.21385083,428.96 -0.05125960,43.21377641,428.96 -0.05130929,43.21371744,428.96 -0.05135858,43.21365893,428.96 -0.05140749,43.21360090,428.96 -0.05145603,43.21354329,428.96 -0.05151619,43.21347189,428.96 -0.05156394,43.21341521,428.96 -0.05161138,43.21335892,428.96 -0.05165848,43.21330302,428.96 -0.05170529,43.21324747,428.96 -0.05176338,43.21317852,428.96 -0.05180955,43.21312373,428.96 -0.05185545,43.21306926,428.96 -0.05190108,43.21301510,428.96 -0.05195778,43.21294781,428.96 -0.05200287,43.21289430,428.96 -0.05204772,43.21284107,428.96 -0.05209236,43.21278810,428.96 -0.05213678,43.21273538,428.96 -0.05219201,43.21266983,428.96 -0.05223596,43.21261767,428.96 -0.05227973,43.21256572,428.96 -0.05232331,43.21251400,428.96 -0.05236672,43.21246249,428.96 -0.05242071,43.21239841,428.96 -0.05246373,43.21234736,428.96 -0.05250657,43.21229651,428.96 -0.05254926,43.21224585,428.96 -0.05260240,43.21218278,428.96 -0.05264474,43.21213253,428.96 -0.05268695,43.21208244,428.96 -0.05272901,43.21203253,428.96 -0.05278139,43.21197036,428.96 -0.05284037,43.21190037,428.96 -0.05290661,43.21182175,428.96 -0.05297398,43.21174180,428.96 -0.05304186,43.21166124,428.96 -0.05310981,43.21158060,428.96 -0.05319465,43.21147991,428.96 -0.05326274,43.21139910,428.96 -0.05333160,43.21131737,428.96 -0.05340207,43.21123375,428.96 -0.05349389,43.21112478,428.96 -0.05355561,43.21105153,428.96 -0.05358937,43.21101145,428.96 -0.05360759,43.21098984,428.96 -0.05361736,43.21097824,428.96 -0.05362346,43.21097101,428.96 -0.05362584,43.21096818,428.96 -0.05362710,43.21096668,428.96 -0.05362778,43.21096588,428.96 -0.05362813,43.21096546,428.96 -0.05362834,43.21096520,428.96 -0.05362843,43.21096510,428.96 -0.05362847,43.21096505,428.96 -0.05362850,43.21096502,428.96 -0.05362851,43.21096501,428.96 -0.05362851,43.21096501,428.96 -0.05362852,43.21096500,428.96 -0.05362852,43.21096500,428.96 -0.05362852,43.21096500,428.96 -0.05362852,43.21096500,428.96 -0.05362852,43.21096500,428.96 -0.05362852,43.21096500,428.96 -0.05362852,43.21096500,428.96 -0.05362852,43.21096500,428.96 -0.05362851,43.21096501,428.96 -0.05362851,43.21096501,428.96 -0.05362851,43.21096501,428.96 -0.05362851,43.21096501,428.96 -0.05362851,43.21096501,428.96 -0.05362851,43.21096501,428.96 -0.05362851,43.21096501,428.96</coordinates></LineString></Placemark>
<Placemark><name>alpha 45 nominal</name><description>Groupe : SP02 J285&lt;br/&gt;Fichier : alpha_45.csv&lt;br/&gt;Pas de tir : Rampe FusEx&lt;br/&gt;Azimut : 211.6°&lt;br/&gt;Apogée : 472 m&lt;br/&gt;Portée : 1573 m&lt;br/&gt;Points : 150 / 457&lt;br/&gt;Rideau : quadrillage_45</description><styleUrl>#s_v2_2</styleUrl><LineString><extrude>0</extrude><altitudeMode>absolute</altitudeMode><coordinates>-0.04733330,43.21843610,428.96 -0.04733333,43.21843606,428.96 -0.04733358,43.21843577,428.99 -0.04733398,43.21843529,429.04 -0.04733480,43.21843432,429.15 -0.04733593,43.21843298,429.31 -0.04733725,43.21843142,429.50 -0.04733899,43.21842935,429.76 -0.04734105,43.21842690,430.06 -0.04734430,43.21842304,430.54 -0.04734712,43.21841970,430.97 -0.04735025,43.21841598,431.44 -0.04735431,43.21841117,432.04 -0.04736945,43.21839320,434.27 -0.04739199,43.21836645,437.49 -0.04742717,43.21832469,442.42 -0.04747052,43.21827325,448.35 -0.04750645,43.21823061,453.14 -0.04752434,43.21820938,455.49 -0.04757819,43.21814547,462.37 -0.04764595,43.21806505,470.73 -0.04772152,43.21797536,479.82 -0.04776320,43.21792590,484.77 -0.04784987,43.21782303,494.91 -0.04794376,43.21771161,505.62 -0.04807191,43.21755953,519.91 -0.04818072,43.21743039,531.81 -0.04829570,43.21729393,544.14 -0.04841647,43.21715061,556.87 -0.04854269,43.21700080,569.95 -0.04867412,43.21684482,583.34 -0.04881040,43.21668309,597.01 -0.04895107,43.21651615,610.88 -0.04909430,43.21634616,624.80 -0.04923846,43.21617508,638.57 -0.04938242,43.21600422,652.12 -0.04952554,43.21583437,665.36 -0.04966730,43.21566613,678.26 -0.04980751,43.21549973,690.79 -0.04994617,43.21533518,702.97 -0.05008331,43.21517241,714.80 -0.05021887,43.21501153,726.28 -0.05039494,43.21480257,740.84 -0.05052327,43.21465027,751.20 -0.05064861,43.21450153,761.10 -0.05077111,43.21435615,770.57 -0.05089091,43.21421397,779.60 -0.05100815,43.21407482,788.22 -0.05112298,43.21393855,796.45 -0.05123547,43.21380504,804.30 -0.05134577,43.21367415,811.77 -0.05145395,43.21354576,818.88 -0.05156012,43.21341976,825.64 -0.05166435,43.21329605,832.06 -0.05176674,43.21317454,838.15 -0.05186735,43.21305513,843.91 -0.05196627,43.21293774,849.36 -0.05206354,43.21282229,854.50 -0.05219081,43.21267126,860.89 -0.05228450,43.21256007,865.34 -0.05237676,43.21245057,869.50 -0.05246762,43.21234274,873.38 -0.05255714,43.21223650,876.98 -0.05264537,43.21213179,880.31 -0.05273234,43.21202857,883.38 -0.05281810,43.21192680,886.19 -0.05290268,43.21182641,888.74 -0.05298613,43.21172738,891.03 -0.05306847,43.21162966,893.08 -0.05314973,43.21153322,894.89 -0.05322995,43.21143801,896.45 -0.05330917,43.21134400,897.77 -0.05338739,43.21125116,898.86 -0.05346467,43.21115946,899.72 -0.05354101,43.21106886,900.34 -0.05364137,43.21094974,900.83 -0.05371563,43.21086161,900.93 -0.05378902,43.21077452,900.82 -0.05386157,43.21068841,900.49 -0.05393330,43.21060329,899.94 -0.05400422,43.21051912,899.18 -0.05407436,43.21043587,898.21 -0.05414373,43.21035355,897.03 -0.05421235,43.21027211,895.65 -0.05428022,43.21019156,894.06 -0.05434737,43.21011187,892.27 -0.05441381,43.21003302,890.29 -0.05447954,43.20995501,888.10 -0.05454458,43.20987783,885.72 -0.05460894,43.20980144,883.14 -0.05467264,43.20972585,880.38 -0.05473568,43.20965103,877.42 -0.05481872,43.20955248,873.18 -0.05488025,43.20947945,869.79 -0.05494116,43.20940717,866.21 -0.05500144,43.20933563,862.45 -0.05506111,43.20926481,858.51 -0.05512017,43.20919471,854.39 -0.05517864,43.20912533,850.09 -0.05523651,43.20905665,845.62 -0.05529378,43.20898868,840.97 -0.05535048,43.20892139,836.15 -0.05540660,43.20885479,831.16 -0.05546214,43.20878887,826.00 -0.05551712,43.20872362,820.68 -0.05557154,43.20865904,815.19 -0.05562540,43.20859511,809.54 -0.05567871,43.20853185,803.73 -0.05574894,43.20844851,795.74 -0.05580097,43.20838675,789.56 -0.05585246,43.20832565,783.22 -0.05590341,43.20826518,776.73 -0.05595383,43.20820534,770.10 -0.05600373,43.20814612,763.31 -0.05605309,43.20808754,756.37 -0.05610193,43.20802957,749.29 -0.05615026,43.20797222,742.06 -0.05619805,43.20791550,734.70 -0.05624535,43.20785937,727.19 -0.05629213,43.20780385,719.54 -0.05633840,43.20774894,711.76 -0.05638416,43.20769463,703.85 -0.05642943,43.20764091,695.80 -0.05647419,43.20758778,687.62 -0.05651846,43.20753525,679.32 -0.05657671,43.20746611,668.04 -0.05661983,43.20741494,659.45 -0.05666246,43.20736435,650.73 -0.05670460,43.20731433,641.89 -0.05674627,43.20726488,632.93 -0.05678746,43.20721600,623.86 -0.05682816,43.20716769,614.67 -0.05686840,43.20711994,605.37 -0.05690817,43.20707274,595.95 -0.05694747,43.20702610,586.43 -0.05698630,43.20698002,576.81 -0.05702467,43.20693447,567.08 -0.05706258,43.20688948,557.25 -0.05710004,43.20684502,547.31 -0.05713705,43.20680111,537.28 -0.05717360,43.20675773,527.15 -0.05722165,43.20670070,513.49 -0.05725717,43.20665855,503.14 -0.05729225,43.20661691,492.70 -0.05732690,43.20657580,482.17 -0.05736111,43.20653520,471.55 -0.05739489,43.20649511,460.85 -0.05742824,43.20645552,450.06 -0.05746117,43.20641644,439.19 -0.05749369,43.20637785,428.25</coordinates></LineString></Placemark>
<Placemark><name>alpha 45 nominal — quadrillage_45</name><description>Motif : quadrillage_45 (45°, 135°)&lt;br/&gt;Pas : 150 m&lt;br/&gt;Segments : 14</description><styleUrl>#s_v2_2_m</styleUrl><MultiGeometry><LineString><altitudeMode>absolute</altitudeMode><coordinates>-0.05692220,43.20705609,398.96 -0.05730628,43.20660027,488.44</coordinates></LineString><LineString><altitudeMode>absolute</altitudeMode><coordinates>-0.05555236,43.20868180,398.96 -0.05679699,43.20720468,621.70</coordinates></LineString><LineString><altitudeMode>absolute</altitudeMode><coordinates>-0.05418251,43.21030752,398.96 -0.05617738,43.20794003,737.88</coordinates></LineString><LineString><altitudeMode>absolute</altitudeMode><coordinates>-0.05281267,43.21193324,398.96 -0.05540866,43.20885235,830.97</coordinates></LineString><LineString><altitudeMode>absolute</altitudeMode><coordinates>-0.05144283,43.21355895,398.96 -0.05442042,43.21002517,890.07</coordinates></LineString><LineString><altitudeMode>absolute</altitudeMode><coordinates>-0.05007299,43.21518467,398.96 -0.05307033,43.21162745,893.12</coordinates></LineString><LineString><altitudeMode>absolute</altitudeMode><coordinates>-0.04870314,43.21681038,398.96 -0.05103595,43.21404183,790.22</coordinates></LineString><LineString><altitudeMode>absolute</altitudeMode><coordinates>-0.05692220,43.20705609,398.96 -0.05387813,43.21066876,900.36</coordinates></LineString><LineString><altitudeMode>absolute</altitudeMode><coordinates>-0.05555236,43.20868180,398.96 -0.05263924,43.21213906,880.08</coordinates></LineString><LineString><altitudeMode>absolute</altitudeMode><coordinates>-0.05418251,43.21030752,398.96 -0.05160364,43.21336810,828.32</coordinates></LineString><LineString><altitudeMode>absolute</altitudeMode><coordinates>-0.05281267,43.21193324,398.96 -0.05066145,43.21448629,762.10</coordinates></LineString><LineString><altitudeMode>absolute</altitudeMode><coordinates>-0.05144283,43.21355895,398.96 -0.04977234,43.21554147,687.65</coordinates></LineString><LineString><altitudeMode>absolute</altitudeMode><coordinates>-0.05007299,43.21518467,398.96 -0.04891878,43.21655447,607.70</coordinates></LineString><LineString><altitudeMode>absolute</altitudeMode><coordinates>-0.04870314,43.21681038,398.96 -0.04809764,43.21752899,522.73</coordinates></LineString></MultiGeometry></Placemark>
<Placemark><name>alpha 45 nominal — trace au sol</name><description>Projection au sol</description><styleUrl>#s_v2_2</styleUrl><LineString><tessellate>1</tessellate><altitudeMode>clampToGround</altitudeMode><coordinates>-0.04733330,43.21843610,428.96 -0.04733333,43.21843606,428.96 -0.04733358,43.21843577,428.96 -0.04733398,43.21843529,428.96 -0.04733480,43.21843432,428.96 -0.04733593,43.21843298,428.96 -0.04733725,43.21843142,428.96 -0.04733899,43.21842935,428.96 -0.04734105,43.21842690,428.96 -0.04734430,43.21842304,428.96 -0.04734712,43.21841970,428.96 -0.04735025,43.21841598,428.96 -0.04735431,43.21841117,428.96 -0.04736945,43.21839320,428.96 -0.04739199,43.21836645,428.96 -0.04742717,43.21832469,428.96 -0.04747052,43.21827325,428.96 -0.04750645,43.21823061,428.96 -0.04752434,43.21820938,428.96 -0.04757819,43.21814547,428.96 -0.04764595,43.21806505,428.96 -0.04772152,43.21797536,428.96 -0.04776320,43.21792590,428.96 -0.04784987,43.21782303,428.96 -0.04794376,43.21771161,428.96 -0.04807191,43.21755953,428.96 -0.04818072,43.21743039,428.96 -0.04829570,43.21729393,428.96 -0.04841647,43.21715061,428.96 -0.04854269,43.21700080,428.96 -0.04867412,43.21684482,428.96 -0.04881040,43.21668309,428.96 -0.04895107,43.21651615,428.96 -0.04909430,43.21634616,428.96 -0.04923846,43.21617508,428.96 -0.04938242,43.21600422,428.96 -0.04952554,43.21583437,428.96 -0.04966730,43.21566613,428.96 -0.04980751,43.21549973,428.96 -0.04994617,43.21533518,428.96 -0.05008331,43.21517241,428.96 -0.05021887,43.21501153,428.96 -0.05039494,43.21480257,428.96 -0.05052327,43.21465027,428.96 -0.05064861,43.21450153,428.96 -0.05077111,43.21435615,428.96 -0.05089091,43.21421397,428.96 -0.05100815,43.21407482,428.96 -0.05112298,43.21393855,428.96 -0.05123547,43.21380504,428.96 -0.05134577,43.21367415,428.96 -0.05145395,43.21354576,428.96 -0.05156012,43.21341976,428.96 -0.05166435,43.21329605,428.96 -0.05176674,43.21317454,428.96 -0.05186735,43.21305513,428.96 -0.05196627,43.21293774,428.96 -0.05206354,43.21282229,428.96 -0.05219081,43.21267126,428.96 -0.05228450,43.21256007,428.96 -0.05237676,43.21245057,428.96 -0.05246762,43.21234274,428.96 -0.05255714,43.21223650,428.96 -0.05264537,43.21213179,428.96 -0.05273234,43.21202857,428.96 -0.05281810,43.21192680,428.96 -0.05290268,43.21182641,428.96 -0.05298613,43.21172738,428.96 -0.05306847,43.21162966,428.96 -0.05314973,43.21153322,428.96 -0.05322995,43.21143801,428.96 -0.05330917,43.21134400,428.96 -0.05338739,43.21125116,428.96 -0.05346467,43.21115946,428.96 -0.05354101,43.21106886,428.96 -0.05364137,43.21094974,428.96 -0.05371563,43.21086161,428.96 -0.05378902,43.21077452,428.96 -0.05386157,43.21068841,428.96 -0.05393330,43.21060329,428.96 -0.05400422,43.21051912,428.96 -0.05407436,43.21043587,428.96 -0.05414373,43.21035355,428.96 -0.05421235,43.21027211,428.96 -0.05428022,43.21019156,428.96 -0.05434737,43.21011187,428.96 -0.05441381,43.21003302,428.96 -0.05447954,43.20995501,428.96 -0.05454458,43.20987783,428.96 -0.05460894,43.20980144,428.96 -0.05467264,43.20972585,428.96 -0.05473568,43.20965103,428.96 -0.05481872,43.20955248,428.96 -0.05488025,43.20947945,428.96 -0.05494116,43.20940717,428.96 -0.05500144,43.20933563,428.96 -0.05506111,43.20926481,428.96 -0.05512017,43.20919471,428.96 -0.05517864,43.20912533,428.96 -0.05523651,43.20905665,428.96 -0.05529378,43.20898868,428.96 -0.05535048,43.20892139,428.96 -0.05540660,43.20885479,428.96 -0.05546214,43.20878887,428.96 -0.05551712,43.20872362,428.96 -0.05557154,43.20865904,428.96 -0.05562540,43.20859511,428.96 -0.05567871,43.20853185,428.96 -0.05574894,43.20844851,428.96 -0.05580097,43.20838675,428.96 -0.05585246,43.20832565,428.96 -0.05590341,43.20826518,428.96 -0.05595383,43.20820534,428.96 -0.05600373,43.20814612,428.96 -0.05605309,43.20808754,428.96 -0.05610193,43.20802957,428.96 -0.05615026,43.20797222,428.96 -0.05619805,43.20791550,428.96 -0.05624535,43.20785937,428.96 -0.05629213,43.20780385,428.96 -0.05633840,43.20774894,428.96 -0.05638416,43.20769463,428.96 -0.05642943,43.20764091,428.96 -0.05647419,43.20758778,428.96 -0.05651846,43.20753525,428.96 -0.05657671,43.20746611,428.96 -0.05661983,43.20741494,428.96 -0.05666246,43.20736435,428.96 -0.05670460,43.20731433,428.96 -0.05674627,43.20726488,428.96 -0.05678746,43.20721600,428.96 -0.05682816,43.20716769,428.96 -0.05686840,43.20711994,428.96 -0.05690817,43.20707274,428.96 -0.05694747,43.20702610,428.96 -0.05698630,43.20698002,428.96 -0.05702467,43.20693447,428.96 -0.05706258,43.20688948,428.96 -0.05710004,43.20684502,428.96 -0.05713705,43.20680111,428.96 -0.05717360,43.20675773,428.96 -0.05722165,43.20670070,428.96 -0.05725717,43.20665855,428.96 -0.05729225,43.20661691,428.96 -0.05732690,43.20657580,428.96 -0.05736111,43.20653520,428.96 -0.05739489,43.20649511,428.96 -0.05742824,43.20645552,428.96 -0.05746117,43.20641644,428.96 -0.05749369,43.20637785,428.96</coordinates></LineString></Placemark>
<Placemark><name>beta 45 nominal</name><description>Groupe : SP02 J285&lt;br/&gt;Fichier : beta_45.csv&lt;br/&gt;Pas de tir : Rampe FusEx&lt;br/&gt;Azimut : 211.6°&lt;br/&gt;Apogée : 779 m&lt;br/&gt;Portée : 3169 m&lt;br/&gt;Points : 150 / 599&lt;br/&gt;Rideau : quadrillage_45</description><styleUrl>#s_v2_3</styleUrl><LineString><extrude>0</extrude><altitudeMode>absolute</altitudeMode><coordinates>-0.04733330,43.21843610,428.96 -0.04733338,43.21843601,428.97 -0.04733383,43.21843547,429.02 -0.04733480,43.21843432,429.15 -0.04733626,43.21843259,429.36 -0.04733837,43.21843008,429.67 -0.04734105,43.21842690,430.06 -0.04734430,43.21842304,430.54 -0.04734813,43.21841850,431.12 -0.04735252,43.21841329,431.78 -0.04736945,43.21839320,434.27 -0.04740281,43.21835361,439.02 -0.04745516,43.21829148,446.26 -0.04750645,43.21823061,453.14 -0.04753759,43.21819365,457.20 -0.04762247,43.21809292,467.86 -0.04772152,43.21797536,479.82 -0.04779129,43.21789257,488.08 -0.04791168,43.21774969,501.99 -0.04803704,43.21760091,516.05 -0.04818072,43.21743039,531.81 -0.04833534,43.21724689,548.34 -0.04850002,43.21705145,565.56 -0.04867412,43.21684482,583.34 -0.04885686,43.21662795,601.62 -0.04904638,43.21640304,620.17 -0.04923846,43.21617508,638.57 -0.04943024,43.21594747,656.57 -0.04962022,43.21572201,674.00 -0.04980751,43.21549973,690.79 -0.04999205,43.21528073,706.96 -0.05017392,43.21506488,722.50 -0.05035289,43.21485249,737.40 -0.05052874,43.21464379,751.65 -0.05070333,43.21443658,765.42 -0.05089231,43.21421231,779.90 -0.05109992,43.21396591,795.40 -0.05132621,43.21369735,811.88 -0.05163420,43.21333183,833.75 -0.05189886,43.21301773,852.08 -0.05217803,43.21268642,871.01 -0.05247000,43.21233992,890.41 -0.05277292,43.21198041,910.15 -0.05308343,43.21161190,929.98 -0.05339230,43.21124534,949.32 -0.05358181,43.21102043,960.98 -0.05381353,43.21074542,975.04 -0.05410180,43.21040331,992.18 -0.05438137,43.21007152,1008.42 -0.05465285,43.20974933,1023.80 -0.05491680,43.20943607,1038.37 -0.05517370,43.20913119,1052.16 -0.05542399,43.20883414,1065.21 -0.05566806,43.20854449,1077.56 -0.05590627,43.20826178,1089.21 -0.05613894,43.20798565,1100.22 -0.05636637,43.20771574,1110.58 -0.05658882,43.20745174,1120.33 -0.05680655,43.20719334,1129.49 -0.05701978,43.20694028,1138.07 -0.05722873,43.20669230,1146.10 -0.05743359,43.20644918,1153.57 -0.05763454,43.20621069,1160.52 -0.05783174,43.20597665,1166.95 -0.05802537,43.20574685,1172.88 -0.05821556,43.20552114,1178.31 -0.05840244,43.20529936,1183.26 -0.05858615,43.20508133,1187.74 -0.05876680,43.20486694,1191.75 -0.05894451,43.20465603,1195.31 -0.05911938,43.20444850,1198.43 -0.05929151,43.20424422,1201.11 -0.05946099,43.20404308,1203.36 -0.05962791,43.20384498,1205.19 -0.05979236,43.20364981,1206.60 -0.05995440,43.20345750,1207.61 -0.06011412,43.20326795,1208.21 -0.06027158,43.20308107,1208.41 -0.06042685,43.20289680,1208.23 -0.06057999,43.20271506,1207.66 -0.06073106,43.20253577,1206.70 -0.06088011,43.20235888,1205.38 -0.06102720,43.20218431,1203.68 -0.06117237,43.20201203,1201.61 -0.06131568,43.20184195,1199.18 -0.06145717,43.20167403,1196.39 -0.06159687,43.20150823,1193.25 -0.06173485,43.20134449,1189.77 -0.06187111,43.20118277,1185.93 -0.06200571,43.20102303,1181.75 -0.06213869,43.20086521,1177.24 -0.06227006,43.20070930,1172.39 -0.06239987,43.20055524,1167.21 -0.06252815,43.20040300,1161.70 -0.06265491,43.20025256,1155.87 -0.06278020,43.20010387,1149.72 -0.06290402,43.19995692,1143.25 -0.06302642,43.19981166,1136.46 -0.06314740,43.19966808,1129.37 -0.06326701,43.19952613,1121.96 -0.06338525,43.19938581,1114.25 -0.06350213,43.19924709,1106.25 -0.06361770,43.19910994,1097.94 -0.06373195,43.19897434,1089.34 -0.06384491,43.19884028,1080.44 -0.06395660,43.19870773,1071.26 -0.06406704,43.19857667,1061.79 -0.06417622,43.19844709,1052.04 -0.06428418,43.19831897,1042.01 -0.06439093,43.19819228,1031.71 -0.06449647,43.19806702,1021.13 -0.06460082,43.19794318,1010.28 -0.06472961,43.19779033,996.34 -0.06483133,43.19766961,984.89 -0.06493190,43.19755026,973.19 -0.06503133,43.19743225,961.23 -0.06512963,43.19731559,949.01 -0.06522681,43.19720026,936.54 -0.06532288,43.19708624,923.83 -0.06541786,43.19697353,910.88 -0.06551173,43.19686211,897.68 -0.06560454,43.19675198,884.24 -0.06569626,43.19664312,870.57 -0.06578693,43.19653552,856.67 -0.06587653,43.19642918,842.54 -0.06596510,43.19632407,828.19 -0.06605261,43.19622020,813.62 -0.06613911,43.19611755,798.83 -0.06622457,43.19601613,783.83 -0.06630902,43.19591590,768.61 -0.06639247,43.19581687,753.18 -0.06647491,43.19571903,737.56 -0.06655636,43.19562236,721.73 -0.06663682,43.19552687,705.70 -0.06671630,43.19543254,689.48 -0.06679482,43.19533936,673.07 -0.06687237,43.19524733,656.47 -0.06694896,43.19515643,639.68 -0.06702460,43.19506665,622.71 -0.06709930,43.19497800,605.57 -0.06717308,43.19489045,588.25 -0.06724592,43.19480400,570.76 -0.06731783,43.19471865,553.10 -0.06738883,43.19463439,535.28 -0.06745894,43.19455119,517.29 -0.06752813,43.19446907,499.15 -0.06759644,43.19438800,480.85 -0.06766386,43.19430799,462.40 -0.06773041,43.19422901,443.80 -0.06779608,43.19415107,425.05</coordinates></LineString></Placemark>
<Placemark><name>beta 45 nominal — quadrillage_45</name><description>Motif : quadrillage_45 (45°, 135°)&lt;br/&gt;Pas : 150 m&lt;br/&gt;Segments : 29</description><styleUrl>#s_v2_3_m</styleUrl><MultiGeometry><LineString><altitudeMode>absolute</altitudeMode><coordinates>-0.06651110,43.19567608,398.96 -0.06731587,43.19472099,553.59</coordinates></LineString><LineString><altitudeMode>absolute</altitudeMode><coordinates>-0.06514126,43.19730179,398.96 -0.06676195,43.19537837,679.94</coordinates></LineString><LineString><altitudeMode>absolute</altitudeMode><coordinates>-0.06377141,43.19892751,398.96 -0.06614883,43.19610602,797.12</coordinates></LineString><LineString><altitudeMode>absolute</altitudeMode><coordinates>-0.06240157,43.20055322,398.96 -0.06546801,43.19691401,903.82</coordinates></LineString><LineString><altitudeMode>absolute</altitudeMode><coordinates>-0.06103173,43.20217894,398.96 -0.06470958,43.19781410,998.51</coordinates></LineString><LineString><altitudeMode>absolute</altitudeMode><coordinates>-0.05966189,43.20380466,398.96 -0.06386054,43.19882173,1079.16</coordinates></LineString><LineString><altitudeMode>absolute</altitudeMode><coordinates>-0.05829204,43.20543037,398.96 -0.06290441,43.19995646,1143.22</coordinates></LineString><LineString><altitudeMode>absolute</altitudeMode><coordinates>-0.05692220,43.20705609,398.96 -0.06181969,43.20124380,1187.38</coordinates></LineString><LineString><altitudeMode>absolute</altitudeMode><coordinates>-0.05555236,43.20868180,398.96 -0.06058076,43.20271414,1207.65</coordinates></LineString><LineString><altitudeMode>absolute</altitudeMode><coordinates>-0.05418251,43.21030752,398.96 -0.05915495,43.20440628,1198.98</coordinates></LineString><LineString><altitudeMode>absolute</altitudeMode><coordinates>-0.05281267,43.21193324,398.96 -0.05750861,43.20636015,1156.17</coordinates></LineString><LineString><altitudeMode>absolute</altitudeMode><coordinates>-0.05144283,43.21355895,398.96 -0.05561324,43.20860954,1074.78</coordinates></LineString><LineString><altitudeMode>absolute</altitudeMode><coordinates>-0.05007299,43.21518467,398.96 -0.05346016,43.21116481,953.49</coordinates></LineString><LineString><altitudeMode>absolute</altitudeMode><coordinates>-0.04870314,43.21681038,398.96 -0.05104103,43.21403580,791.00</coordinates></LineString><LineString><altitudeMode>absolute</altitudeMode><coordinates>-0.06766238,43.19430975,462.81 -0.06351189,43.19923551,1105.55</coordinates></LineString><LineString><altitudeMode>absolute</altitudeMode><coordinates>-0.06651110,43.19567608,398.96 -0.06157207,43.20153767,1193.81</coordinates></LineString><LineString><altitudeMode>absolute</altitudeMode><coordinates>-0.06514126,43.19730179,398.96 -0.06010936,43.20327360,1208.19</coordinates></LineString><LineString><altitudeMode>absolute</altitudeMode><coordinates>-0.06377141,43.19892751,398.96 -0.05883665,43.20478404,1193.15</coordinates></LineString><LineString><altitudeMode>absolute</altitudeMode><coordinates>-0.06240157,43.20055322,398.96 -0.05767005,43.20616855,1161.68</coordinates></LineString><LineString><altitudeMode>absolute</altitudeMode><coordinates>-0.06103173,43.20217894,398.96 -0.05657196,43.20747175,1119.59</coordinates></LineString><LineString><altitudeMode>absolute</altitudeMode><coordinates>-0.05966189,43.20380466,398.96 -0.05552145,43.20871849,1070.14</coordinates></LineString><LineString><altitudeMode>absolute</altitudeMode><coordinates>-0.05829204,43.20543037,398.96 -0.05450498,43.20992482,1015.42</coordinates></LineString><LineString><altitudeMode>absolute</altitudeMode><coordinates>-0.05692220,43.20705609,398.96 -0.05351373,43.21110123,956.79</coordinates></LineString><LineString><altitudeMode>absolute</altitudeMode><coordinates>-0.05555236,43.20868181,398.96 -0.05254216,43.21225428,895.12</coordinates></LineString><LineString><altitudeMode>absolute</altitudeMode><coordinates>-0.05418251,43.21030752,398.96 -0.05158922,43.21338521,830.55</coordinates></LineString><LineString><altitudeMode>absolute</altitudeMode><coordinates>-0.05281267,43.21193324,398.96 -0.05066136,43.21448639,762.11</coordinates></LineString><LineString><altitudeMode>absolute</altitudeMode><coordinates>-0.05144283,43.21355895,398.96 -0.04977238,43.21554142,687.64</coordinates></LineString><LineString><altitudeMode>absolute</altitudeMode><coordinates>-0.05007298,43.21518467,398.96 -0.04891887,43.21655436,607.69</coordinates></LineString><LineString><altitudeMode>absolute</altitudeMode><coordinates>-0.04870314,43.21681039,398.96 -0.04809774,43.21752887,522.71</coordinates></LineString></MultiGeometry></Placemark>
<Placemark><name>beta 45 nominal — trace au sol</name><description>Projection au sol</description><styleUrl>#s_v2_3</styleUrl><LineString><tessellate>1</tessellate><altitudeMode>clampToGround</altitudeMode><coordinates>-0.04733330,43.21843610,428.96 -0.04733338,43.21843601,428.96 -0.04733383,43.21843547,428.96 -0.04733480,43.21843432,428.96 -0.04733626,43.21843259,428.96 -0.04733837,43.21843008,428.96 -0.04734105,43.21842690,428.96 -0.04734430,43.21842304,428.96 -0.04734813,43.21841850,428.96 -0.04735252,43.21841329,428.96 -0.04736945,43.21839320,428.96 -0.04740281,43.21835361,428.96 -0.04745516,43.21829148,428.96 -0.04750645,43.21823061,428.96 -0.04753759,43.21819365,428.96 -0.04762247,43.21809292,428.96 -0.04772152,43.21797536,428.96 -0.04779129,43.21789257,428.96 -0.04791168,43.21774969,428.96 -0.04803704,43.21760091,428.96 -0.04818072,43.21743039,428.96 -0.04833534,43.21724689,428.96 -0.04850002,43.21705145,428.96 -0.04867412,43.21684482,428.96 -0.04885686,43.21662795,428.96 -0.04904638,43.21640304,428.96 -0.04923846,43.21617508,428.96 -0.04943024,43.21594747,428.96 -0.04962022,43.21572201,428.96 -0.04980751,43.21549973,428.96 -0.04999205,43.21528073,428.96 -0.05017392,43.21506488,428.96 -0.05035289,43.21485249,428.96 -0.05052874,43.21464379,428.96 -0.05070333,43.21443658,428.96 -0.05089231,43.21421231,428.96 -0.05109992,43.21396591,428.96 -0.05132621,43.21369735,428.96 -0.05163420,43.21333183,428.96 -0.05189886,43.21301773,428.96 -0.05217803,43.21268642,428.96 -0.05247000,43.21233992,428.96 -0.05277292,43.21198041,428.96 -0.05308343,43.21161190,428.96 -0.05339230,43.21124534,428.96 -0.05358181,43.21102043,428.96 -0.05381353,43.21074542,428.96 -0.05410180,43.21040331,428.96 -0.05438137,43.21007152,428.96 -0.05465285,43.20974933,428.96 -0.05491680,43.20943607,428.96 -0.05517370,43.20913119,428.96 -0.05542399,43.20883414,428.96 -0.05566806,43.20854449,428.96 -0.05590627,43.20826178,428.96 -0.05613894,43.20798565,428.96 -0.05636637,43.20771574,428.96 -0.05658882,43.20745174,428.96 -0.05680655,43.20719334,428.96 -0.05701978,43.20694028,428.96 -0.05722873,43.20669230,428.96 -0.05743359,43.20644918,428.96 -0.05763454,43.20621069,428.96 -0.05783174,43.20597665,428.96 -0.05802537,43.20574685,428.96 -0.05821556,43.20552114,428.96 -0.05840244,43.20529936,428.96 -0.05858615,43.20508133,428.96 -0.05876680,43.20486694,428.96 -0.05894451,43.20465603,428.96 -0.05911938,43.20444850,428.96 -0.05929151,43.20424422,428.96 -0.05946099,43.20404308,428.96 -0.05962791,43.20384498,428.96 -0.05979236,43.20364981,428.96 -0.05995440,43.20345750,428.96 -0.06011412,43.20326795,428.96 -0.06027158,43.20308107,428.96 -0.06042685,43.20289680,428.96 -0.06057999,43.20271506,428.96 -0.06073106,43.20253577,428.96 -0.06088011,43.20235888,428.96 -0.06102720,43.20218431,428.96 -0.06117237,43.20201203,428.96 -0.06131568,43.20184195,428.96 -0.06145717,43.20167403,428.96 -0.06159687,43.20150823,428.96 -0.06173485,43.20134449,428.96 -0.06187111,43.20118277,428.96 -0.06200571,43.20102303,428.96 -0.06213869,43.20086521,428.96 -0.06227006,43.20070930,428.96 -0.06239987,43.20055524,428.96 -0.06252815,43.20040300,428.96 -0.06265491,43.20025256,428.96 -0.06278020,43.20010387,428.96 -0.06290402,43.19995692,428.96 -0.06302642,43.19981166,428.96 -0.06314740,43.19966808,428.96 -0.06326701,43.19952613,428.96 -0.06338525,43.19938581,428.96 -0.06350213,43.19924709,428.96 -0.06361770,43.19910994,428.96 -0.06373195,43.19897434,428.96 -0.06384491,43.19884028,428.96 -0.06395660,43.19870773,428.96 -0.06406704,43.19857667,428.96 -0.06417622,43.19844709,428.96 -0.06428418,43.19831897,428.96 -0.06439093,43.19819228,428.96 -0.06449647,43.19806702,428.96 -0.06460082,43.19794318,428.96 -0.06472961,43.19779033,428.96 -0.06483133,43.19766961,428.96 -0.06493190,43.19755026,428.96 -0.06503133,43.19743225,428.96 -0.06512963,43.19731559,428.96 -0.06522681,43.19720026,428.96 -0.06532288,43.19708624,428.96 -0.06541786,43.19697353,428.96 -0.06551173,43.19686211,428.96 -0.06560454,43.19675198,428.96 -0.06569626,43.19664312,428.96 -0.06578693,43.19653552,428.96 -0.06587653,43.19642918,428.96 -0.06596510,43.19632407,428.96 -0.06605261,43.19622020,428.96 -0.06613911,43.19611755,428.96 -0.06622457,43.19601613,428.96 -0.06630902,43.19591590,428.96 -0.06639247,43.19581687,428.96 -0.06647491,43.19571903,428.96 -0.06655636,43.19562236,428.96 -0.06663682,43.19552687,428.96 -0.06671630,43.19543254,428.96 -0.06679482,43.19533936,428.96 -0.06687237,43.19524733,428.96 -0.06694896,43.19515643,428.96 -0.06702460,43.19506665,428.96 -0.06709930,43.19497800,428.96 -0.06717308,43.19489045,428.96 -0.06724592,43.19480400,428.96 -0.06731783,43.19471865,428.96 -0.06738883,43.19463439,428.96 -0.06745894,43.19455119,428.96 -0.06752813,43.19446907,428.96 -0.06759644,43.19438800,428.96 -0.06766386,43.19430799,428.96 -0.06773041,43.19422901,428.96 -0.06779608,43.19415107,428.96</coordinates></LineString></Placemark>
</Folder>
<Folder><name>SP02 K570</name><open>1</open>
<Placemark><name>alpha 80 nominal</name><description>Groupe : SP02 K570&lt;br/&gt;Fichier : alpha_80.csv&lt;br/&gt;Pas de tir : Rampe FusEx&lt;br/&gt;Azimut : 211.6°&lt;br/&gt;Apogée : 993 m&lt;br/&gt;Portée : 429 m&lt;br/&gt;Points : 150 / 394&lt;br/&gt;Rideau : quadrillage_45</description><styleUrl>#s_v3_0</styleUrl><LineString><extrude>0</extrude><altitudeMode>absolute</altitudeMode><coordinates>-0.04733330,43.21843610,428.96 -0.04733331,43.21843609,428.96 -0.04733334,43.21843605,428.99 -0.04733343,43.21843595,429.06 -0.04733360,43.21843575,429.19 -0.04733375,43.21843556,429.32 -0.04733403,43.21843523,429.55 -0.04733427,43.21843495,429.75 -0.04733469,43.21843444,430.11 -0.04733520,43.21843385,430.55 -0.04733558,43.21843339,430.87 -0.04733622,43.21843264,431.42 -0.04733693,43.21843179,432.03 -0.04733745,43.21843118,432.48 -0.04733843,43.21843001,433.33 -0.04734215,43.21842560,436.48 -0.04734525,43.21842192,439.07 -0.04735323,43.21841245,445.64 -0.04735968,43.21840479,450.88 -0.04737105,43.21839130,459.99 -0.04737682,43.21838445,464.54 -0.04738034,43.21838027,467.29 -0.04739373,43.21836438,477.58 -0.04741064,43.21834431,490.29 -0.04742303,43.21832961,499.47 -0.04743498,43.21831543,508.25 -0.04745425,43.21829256,522.29 -0.04746934,43.21827465,533.16 -0.04749350,43.21824597,550.36 -0.04750871,43.21822792,561.06 -0.04753558,43.21819603,579.82 -0.04756405,43.21816225,599.47 -0.04758390,43.21813869,613.04 -0.04761490,43.21810190,634.05 -0.04764729,43.21806346,655.79 -0.04766964,43.21803694,670.66 -0.04770424,43.21799587,693.50 -0.04773999,43.21795344,716.88 -0.04776427,43.21792463,732.62 -0.04780099,43.21788105,756.26 -0.04783781,43.21783735,779.75 -0.04786231,43.21780827,795.26 -0.04789889,43.21776486,818.23 -0.04792311,43.21773612,833.32 -0.04795916,43.21769333,855.60 -0.04799488,43.21765095,877.45 -0.04801851,43.21762290,891.79 -0.04805369,43.21758115,912.96 -0.04808829,43.21754009,933.55 -0.04811087,43.21751329,946.88 -0.04814407,43.21747388,966.29 -0.04817651,43.21743538,985.04 -0.04819774,43.21741019,997.18 -0.04822901,43.21737308,1014.90 -0.04824949,43.21734877,1026.38 -0.04827969,43.21731293,1043.13 -0.04830930,43.21727779,1059.33 -0.04832872,43.21725474,1069.84 -0.04835741,43.21722069,1085.18 -0.04838559,43.21718725,1100.03 -0.04840410,43.21716529,1109.66 -0.04843147,43.21713280,1123.73 -0.04845840,43.21710085,1137.35 -0.04847611,43.21707982,1146.18 -0.04850233,43.21704870,1159.09 -0.04851959,43.21702822,1167.46 -0.04854517,43.21699786,1179.69 -0.04857039,43.21696793,1191.52 -0.04858700,43.21694822,1199.20 -0.04861165,43.21691896,1210.40 -0.04863598,43.21689009,1221.24 -0.04865202,43.21687106,1228.27 -0.04867584,43.21684279,1238.52 -0.04869937,43.21681486,1248.44 -0.04871491,43.21679642,1254.86 -0.04873799,43.21676902,1264.22 -0.04875324,43.21675093,1270.28 -0.04877591,43.21672402,1279.12 -0.04879834,43.21669741,1287.64 -0.04881317,43.21667980,1293.15 -0.04883523,43.21665362,1301.16 -0.04885708,43.21662769,1308.89 -0.04887153,43.21661054,1313.88 -0.04889306,43.21658499,1321.12 -0.04891439,43.21655968,1328.08 -0.04892851,43.21654292,1332.57 -0.04894955,43.21651795,1339.07 -0.04896348,43.21650142,1343.25 -0.04898424,43.21647678,1349.31 -0.04900484,43.21645234,1355.10 -0.04901849,43.21643613,1358.82 -0.04903885,43.21641197,1364.18 -0.04905907,43.21638798,1369.28 -0.04907247,43.21637207,1372.54 -0.04909247,43.21634834,1377.23 -0.04911234,43.21632476,1381.67 -0.04912551,43.21630912,1384.49 -0.04914518,43.21628577,1388.53 -0.04915824,43.21627029,1391.08 -0.04917772,43.21624716,1394.71 -0.04919710,43.21622416,1398.11 -0.04920995,43.21620891,1400.24 -0.04922916,43.21618611,1403.25 -0.04924827,43.21616343,1406.03 -0.04926096,43.21614837,1407.75 -0.04927991,43.21612588,1410.14 -0.04929878,43.21610348,1412.31 -0.04931131,43.21608862,1413.62 -0.04933004,43.21606639,1415.41 -0.04934247,43.21605163,1416.48 -0.04936106,43.21602958,1417.90 -0.04937957,43.21600760,1419.10 -0.04939187,43.21599301,1419.78 -0.04941025,43.21597119,1420.61 -0.04942857,43.21594945,1421.23 -0.04944074,43.21593501,1421.52 -0.04945894,43.21591341,1421.78 -0.04947104,43.21589905,1421.84 -0.04949514,43.21587045,1421.66 -0.04953123,43.21582762,1420.63 -0.04956731,43.21578480,1418.63 -0.04959138,43.21575623,1416.70 -0.04962758,43.21571327,1412.86 -0.04965183,43.21568449,1409.60 -0.04968856,43.21564090,1403.51 -0.04972590,43.21559658,1395.74 -0.04975130,43.21556644,1389.43 -0.04979042,43.21552001,1377.85 -0.04983124,43.21547157,1362.94 -0.04985969,43.21543781,1350.45 -0.04990490,43.21538415,1326.05 -0.04995422,43.21532562,1290.35 -0.04998858,43.21528484,1256.56 -0.05002738,43.21523879,1202.16 -0.05004577,43.21521696,1165.24 -0.05006543,43.21519363,1109.44 -0.05007841,43.21517823,1053.48 -0.05008451,43.21517099,1016.18 -0.05009102,43.21516326,960.28 -0.05009533,43.21515814,904.50 -0.05009738,43.21515572,867.39 -0.05009958,43.21515310,811.84 -0.05010108,43.21515133,756.44 -0.05010181,43.21515047,719.59 -0.05010263,43.21514949,664.44 -0.05010304,43.21514900,627.75 -0.05010352,43.21514843,572.85 -0.05010390,43.21514798,518.08 -0.05010410,43.21514774,481.65 -0.05010436,43.21514743,428.96</coordinates></LineString></Placemark>
<Placemark><name>alpha 80 nominal — quadrillage_45</name><description>Motif : quadrillage_45 (45°, 135°)&lt;br/&gt;Pas : 150 m&lt;br/&gt;Segments : 12</description><styleUrl>#s_v3_0_m</styleUrl><MultiGeometry><LineString><altitudeMode>absolute</altitudeMode><coordinates>-0.05007299,43.21518467,398.96 -0.05010434,43.21514746,433.82</coordinates></LineString><LineString><altitudeMode>absolute</altitudeMode><coordinates>-0.04870314,43.21681038,398.96 -0.05010284,43.21514924,645.71</coordinates></LineString><LineString><altitudeMode>absolute</altitudeMode><coordinates>-0.04733330,43.21843610,398.96 -0.05009779,43.21515524,857.06</coordinates></LineString><LineString><altitudeMode>absolute</altitudeMode><coordinates>-0.04771434,43.21798388,700.10 -0.05007556,43.21518161,1065.76</coordinates></LineString><LineString><altitudeMode>absolute</altitudeMode><coordinates>-0.04817360,43.21743884,983.35 -0.04998168,43.21529303,1263.35</coordinates></LineString><LineString><altitudeMode>absolute</altitudeMode><coordinates>-0.04881979,43.21667195,1295.55 -0.04959776,43.21574866,1416.03</coordinates></LineString><LineString><altitudeMode>absolute</altitudeMode><coordinates>-0.04994450,43.21533715,1297.38 -0.04924553,43.21616668,1405.63</coordinates></LineString><LineString><altitudeMode>absolute</altitudeMode><coordinates>-0.05007575,43.21518138,1064.93 -0.04875224,43.21675212,1269.89</coordinates></LineString><LineString><altitudeMode>absolute</altitudeMode><coordinates>-0.05009809,43.21515487,849.34 -0.04840709,43.21716173,1111.20</coordinates></LineString><LineString><altitudeMode>absolute</altitudeMode><coordinates>-0.05010294,43.21514912,636.45 -0.04810827,43.21751637,945.34</coordinates></LineString><LineString><altitudeMode>absolute</altitudeMode><coordinates>-0.05007299,43.21518467,398.96 -0.04783194,43.21784432,776.01</coordinates></LineString><LineString><altitudeMode>absolute</altitudeMode><coordinates>-0.04870314,43.21681038,398.96 -0.04757106,43.21815392,604.27</coordinates></LineString></MultiGeometry></Placemark>
<Placemark><name>alpha 80 nominal — trace au sol</name><description>Projection au sol</description><styleUrl>#s_v3_0</styleUrl><LineString><tessellate>1</tessellate><altitudeMode>clampToGround</altitudeMode><coordinates>-0.04733330,43.21843610,428.96 -0.04733331,43.21843609,428.96 -0.04733334,43.21843605,428.96 -0.04733343,43.21843595,428.96 -0.04733360,43.21843575,428.96 -0.04733375,43.21843556,428.96 -0.04733403,43.21843523,428.96 -0.04733427,43.21843495,428.96 -0.04733469,43.21843444,428.96 -0.04733520,43.21843385,428.96 -0.04733558,43.21843339,428.96 -0.04733622,43.21843264,428.96 -0.04733693,43.21843179,428.96 -0.04733745,43.21843118,428.96 -0.04733843,43.21843001,428.96 -0.04734215,43.21842560,428.96 -0.04734525,43.21842192,428.96 -0.04735323,43.21841245,428.96 -0.04735968,43.21840479,428.96 -0.04737105,43.21839130,428.96 -0.04737682,43.21838445,428.96 -0.04738034,43.21838027,428.96 -0.04739373,43.21836438,428.96 -0.04741064,43.21834431,428.96 -0.04742303,43.21832961,428.96 -0.04743498,43.21831543,428.96 -0.04745425,43.21829256,428.96 -0.04746934,43.21827465,428.96 -0.04749350,43.21824597,428.96 -0.04750871,43.21822792,428.96 -0.04753558,43.21819603,428.96 -0.04756405,43.21816225,428.96 -0.04758390,43.21813869,428.96 -0.04761490,43.21810190,428.96 -0.04764729,43.21806346,428.96 -0.04766964,43.21803694,428.96 -0.04770424,43.21799587,428.96 -0.04773999,43.21795344,428.96 -0.04776427,43.21792463,428.96 -0.04780099,43.21788105,428.96 -0.04783781,43.21783735,428.96 -0.04786231,43.21780827,428.96 -0.04789889,43.21776486,428.96 -0.04792311,43.21773612,428.96 -0.04795916,43.21769333,428.96 -0.04799488,43.21765095,428.96 -0.04801851,43.21762290,428.96 -0.04805369,43.21758115,428.96 -0.04808829,43.21754009,428.96 -0.04811087,43.21751329,428.96 -0.04814407,43.21747388,428.96 -0.04817651,43.21743538,428.96 -0.04819774,43.21741019,428.96 -0.04822901,43.21737308,428.96 -0.04824949,43.21734877,428.96 -0.04827969,43.21731293,428.96 -0.04830930,43.21727779,428.96 -0.04832872,43.21725474,428.96 -0.04835741,43.21722069,428.96 -0.04838559,43.21718725,428.96 -0.04840410,43.21716529,428.96 -0.04843147,43.21713280,428.96 -0.04845840,43.21710085,428.96 -0.04847611,43.21707982,428.96 -0.04850233,43.21704870,428.96 -0.04851959,43.21702822,428.96 -0.04854517,43.21699786,428.96 -0.04857039,43.21696793,428.96 -0.04858700,43.21694822,428.96 -0.04861165,43.21691896,428.96 -0.04863598,43.21689009,428.96 -0.04865202,43.21687106,428.96 -0.04867584,43.21684279,428.96 -0.04869937,43.21681486,428.96 -0.04871491,43.21679642,428.96 -0.04873799,43.21676902,428.96 -0.04875324,43.21675093,428.96 -0.04877591,43.21672402,428.96 -0.04879834,43.21669741,428.96 -0.04881317,43.21667980,428.96 -0.04883523,43.21665362,428.96 -0.04885708,43.21662769,428.96 -0.04887153,43.21661054,428.96 -0.04889306,43.21658499,428.96 -0.04891439,43.21655968,428.96 -0.04892851,43.21654292,428.96 -0.04894955,43.21651795,428.96 -0.04896348,43.21650142,428.96 -0.04898424,43.21647678,428.96 -0.04900484,43.21645234,428.96 -0.04901849,43.21643613,428.96 -0.04903885,43.21641197,428.96 -0.04905907,43.21638798,428.96 -0.04907247,43.21637207,428.96 -0.04909247,43.21634834,428.96 -0.04911234,43.21632476,428.96 -0.04912551,43.21630912,428.96 -0.04914518,43.21628577,428.96 -0.04915824,43.21627029,428.96 -0.04917772,43.21624716,428.96 -0.04919710,43.21622416,428.96 -0.04920995,43.21620891,428.96 -0.04922916,43.21618611,428.96 -0.04924827,43.21616343,428.96 -0.04926096,43.21614837,428.96 -0.04927991,43.21612588,428.96 -0.04929878,43.21610348,428.96 -0.04931131,43.21608862,428.96 -0.04933004,43.21606639,428.96 -0.04934247,43.21605163,428.96 -0.04936106,43.21602958,428.96 -0.04937957,43.21600760,428.96 -0.04939187,43.21599301,428.96 -0.04941025,43.21597119,428.96 -0.04942857,43.21594945,428.96 -0.04944074,43.21593501,428.96 -0.04945894,43.21591341,428.96 -0.04947104,43.21589905,428.96 -0.04949514,43.21587045,428.96 -0.04953123,43.21582762,428.96 -0.04956731,43.21578480,428.96 -0.04959138,43.21575623,428.96 -0.04962758,43.21571327,428.96 -0.04965183,43.21568449,428.96 -0.04968856,43.21564090,428.96 -0.04972590,43.21559658,428.96 -0.04975130,43.21556644,428.96 -0.04979042,43.21552001,428.96 -0.04983124,43.21547157,428.96 -0.04985969,43.21543781,428.96 -0.04990490,43.21538415,428.96 -0.04995422,43.21532562,428.96 -0.04998858,43.21528484,428.96 -0.05002738,43.21523879,428.96 -0.05004577,43.21521696,428.96 -0.05006543,43.21519363,428.96 -0.05007841,43.21517823,428.96 -0.05008451,43.21517099,428.96 -0.05009102,43.21516326,428.96 -0.05009533,43.21515814,428.96 -0.05009738,43.21515572,428.96 -0.05009958,43.21515310,428.96 -0.05010108,43.21515133,428.96 -0.05010181,43.21515047,428.96 -0.05010263,43.21514949,428.96 -0.05010304,43.21514900,428.96 -0.05010352,43.21514843,428.96 -0.05010390,43.21514798,428.96 -0.05010410,43.21514774,428.96 -0.05010436,43.21514743,428.96</coordinates></LineString></Placemark>
<Placemark><name>beta 80 nominal</name><description>Groupe : SP02 K570&lt;br/&gt;Fichier : beta_80.csv&lt;br/&gt;Pas de tir : Rampe FusEx&lt;br/&gt;Azimut : 211.6°&lt;br/&gt;Apogée : 3292 m&lt;br/&gt;Portée : 1302 m&lt;br/&gt;Points : 150 / 832&lt;br/&gt;Rideau : quadrillage_45</description><styleUrl>#s_v3_1</styleUrl><LineString><extrude>0</extrude><altitudeMode>absolute</altitudeMode><coordinates>-0.04733330,43.21843610,428.96 -0.04733337,43.21843602,429.01 -0.04733360,43.21843575,429.19 -0.04733415,43.21843510,429.65 -0.04733486,43.21843425,430.25 -0.04733599,43.21843290,431.23 -0.04733718,43.21843149,432.25 -0.04734027,43.21842783,434.89 -0.04735323,43.21841245,445.64 -0.04737105,43.21839130,459.99 -0.04738363,43.21837637,469.84 -0.04741064,43.21834431,490.29 -0.04743998,43.21830949,511.91 -0.04748525,43.21825577,544.51 -0.04752645,43.21820687,573.46 -0.04758390,43.21813869,613.04 -0.04763634,43.21807645,648.47 -0.04770424,43.21799587,693.50 -0.04776427,43.21792463,732.62 -0.04783781,43.21783735,779.75 -0.04791102,43.21775047,825.80 -0.04797110,43.21767916,862.93 -0.04804200,43.21759502,905.95 -0.04810537,43.21751981,943.67 -0.04820664,43.21739962,1003.04 -0.04831166,43.21727499,1063.86 -0.04845969,43.21709931,1148.72 -0.04862772,43.21689990,1244.14 -0.04871421,43.21679725,1292.93 -0.04876331,43.21673898,1320.55 -0.04881563,43.21667689,1349.91 -0.04891866,43.21655461,1407.53 -0.04901217,43.21644364,1459.62 -0.04911665,43.21631964,1517.59 -0.04913941,43.21629262,1530.19 -0.04916134,43.21626660,1542.32 -0.04918871,43.21623411,1557.45 -0.04921396,43.21620416,1571.38 -0.04924752,43.21616433,1589.89 -0.04928840,43.21611581,1612.40 -0.04933352,43.21606225,1637.21 -0.04942148,43.21595787,1685.45 -0.04952181,43.21583880,1740.30 -0.04961645,43.21572648,1791.85 -0.04970001,43.21562732,1837.23 -0.04975328,43.21556409,1866.10 -0.04983694,43.21546481,1911.32 -0.04992750,43.21535733,1960.12 -0.05005019,43.21521172,2025.98 -0.05017327,43.21506565,2091.71 -0.05024754,43.21497750,2131.22 -0.05035087,43.21485488,2185.92 -0.05051552,43.21465947,2272.47 -0.05067432,43.21447101,2355.12 -0.05079973,43.21432217,2419.73 -0.05094313,43.21415199,2492.83 -0.05105743,43.21401634,2550.45 -0.05118910,43.21386007,2616.04 -0.05129471,43.21373473,2668.00 -0.05141700,43.21358960,2727.37 -0.05153492,43.21344965,2783.76 -0.05163015,43.21333664,2828.64 -0.05174107,43.21320500,2880.14 -0.05183094,43.21309834,2921.19 -0.05193596,43.21297371,2968.38 -0.05203812,43.21285247,3013.42 -0.05212123,43.21275384,3049.39 -0.05221870,43.21263815,3090.80 -0.05229818,43.21254383,3123.89 -0.05239159,43.21243297,3162.00 -0.05246789,43.21234242,3192.46 -0.05255774,43.21223579,3227.53 -0.05264582,43.21213126,3261.04 -0.05271795,43.21204566,3287.83 -0.05280309,43.21194461,3318.64 -0.05287291,43.21186174,3343.25 -0.05295544,43.21176380,3371.53 -0.05302322,43.21168336,3394.10 -0.05310342,43.21158818,3420.00 -0.05318247,43.21149437,3444.65 -0.05324749,43.21141719,3464.27 -0.05332458,43.21132570,3486.73 -0.05338807,43.21125036,3504.56 -0.05346341,43.21116094,3524.91 -0.05352551,43.21108724,3541.03 -0.05359928,43.21099970,3559.37 -0.05367225,43.21091309,3576.64 -0.05373250,43.21084160,3590.23 -0.05380414,43.21075658,3605.59 -0.05386332,43.21068634,3617.61 -0.05393376,43.21060274,3631.12 -0.05400359,43.21051987,3643.64 -0.05406134,43.21045132,3653.33 -0.05413015,43.21036967,3664.07 -0.05418709,43.21030209,3672.29 -0.05425497,43.21022153,3681.29 -0.05431117,43.21015484,3688.08 -0.05437820,43.21007529,3695.38 -0.05444480,43.20999624,3701.76 -0.05449999,43.20993074,3706.38 -0.05456586,43.20985257,3711.10 -0.05462045,43.20978778,3714.34 -0.05468564,43.20971041,3717.42 -0.05473971,43.20964625,3719.31 -0.05480427,43.20956963,3720.77 -0.05487919,43.20948072,3721.36 -0.05493802,43.20941090,3720.97 -0.05503743,43.20929292,3718.30 -0.05512207,43.20919246,3713.53 -0.05522413,43.20907134,3703.79 -0.05530910,43.20897050,3691.24 -0.05541167,43.20884877,3668.39 -0.05551703,43.20872373,3630.63 -0.05560919,43.20861436,3572.92 -0.05568301,43.20852675,3473.67 -0.05570920,43.20849567,3389.51 -0.05572276,43.20847958,3288.57 -0.05572818,43.20847314,3188.07 -0.05573018,43.20847076,3104.70 -0.05573136,43.20846937,3005.13 -0.05573189,43.20846874,2922.53 -0.05573232,43.20846823,2823.87 -0.05573260,43.20846790,2742.03 -0.05573289,43.20846754,2644.27 -0.05573317,43.20846722,2547.00 -0.05573339,43.20846695,2466.31 -0.05573366,43.20846664,2369.89 -0.05573388,43.20846638,2289.90 -0.05573413,43.20846607,2194.35 -0.05573435,43.20846582,2115.07 -0.05573460,43.20846552,2020.35 -0.05573485,43.20846522,1926.07 -0.05573506,43.20846497,1847.83 -0.05573531,43.20846468,1754.36 -0.05573552,43.20846443,1676.79 -0.05573576,43.20846415,1584.11 -0.05573596,43.20846391,1507.19 -0.05573619,43.20846363,1415.28 -0.05573643,43.20846334,1323.76 -0.05573663,43.20846311,1247.83 -0.05573686,43.20846284,1157.07 -0.05573705,43.20846261,1081.75 -0.05573729,43.20846233,991.73 -0.05573751,43.20846206,902.10 -0.05573770,43.20846184,827.70 -0.05573793,43.20846157,738.78 -0.05573811,43.20846136,664.97 -0.05573833,43.20846110,576.75 -0.05573851,43.20846088,503.52 -0.05573869,43.20846066,428.96</coordinates></LineString></Placemark>
<Placemark><name>beta 80 nominal — quadrillage_45</name><description>Motif : quadrillage_45 (45°, 135°)&lt;br/&gt;Pas : 150 m&lt;br/&gt;Segments : 38</description><styleUrl>#s_v3_1_m</styleUrl><MultiGeometry><LineString><altitudeMode>absolute</altitudeMode><coordinates>-0.05555236,43.20868180,398.96 -0.05573862,43.20846075,457.80</coordinates></LineString><LineString><altitudeMode>absolute</altitudeMode><coordinates>-0.05418251,43.21030752,398.96 -0.05573809,43.20846137,669.85</coordinates></LineString><LineString><altitudeMode>absolute</altitudeMode><coordinates>-0.05281267,43.21193324,398.96 -0.05573756,43.20846200,881.90</coordinates></LineString><LineString><altitudeMode>absolute</altitudeMode><coordinates>-0.05144283,43.21355895,398.96 -0.05573702,43.20846265,1093.95</coordinates></LineString><LineString><altitudeMode>absolute</altitudeMode><coordinates>-0.05007299,43.21518467,398.96 -0.05573648,43.20846329,1306.00</coordinates></LineString><LineString><altitudeMode>absolute</altitudeMode><coordinates>-0.04870314,43.21681038,398.96 -0.05573593,43.20846395,1518.05</coordinates></LineString><LineString><altitudeMode>absolute</altitudeMode><coordinates>-0.04733330,43.21843610,398.96 -0.05573537,43.20846460,1730.09</coordinates></LineString><LineString><altitudeMode>absolute</altitudeMode><coordinates>-0.04771439,43.21798383,700.11 -0.05573481,43.20846527,1942.14</coordinates></LineString><LineString><altitudeMode>absolute</altitudeMode><coordinates>-0.04817287,43.21743971,983.24 -0.05573424,43.20846595,2154.18</coordinates></LineString><LineString><altitudeMode>absolute</altitudeMode><coordinates>-0.04868066,43.21683707,1274.01 -0.05573367,43.20846663,2366.23</coordinates></LineString><LineString><altitudeMode>absolute</altitudeMode><coordinates>-0.04920727,43.21621209,1567.69 -0.05573308,43.20846733,2578.27</coordinates></LineString><LineString><altitudeMode>absolute</altitudeMode><coordinates>-0.04974883,43.21556937,1863.69 -0.05573243,43.20846809,2790.30</coordinates></LineString><LineString><altitudeMode>absolute</altitudeMode><coordinates>-0.05030583,43.21490834,2162.07 -0.05573138,43.20846935,3002.27</coordinates></LineString><LineString><altitudeMode>absolute</altitudeMode><coordinates>-0.05088696,43.21421865,2464.20 -0.05572680,43.20847478,3213.69</coordinates></LineString><LineString><altitudeMode>absolute</altitudeMode><coordinates>-0.05151300,43.21347568,2773.28 -0.05569923,43.20850750,3421.55</coordinates></LineString><LineString><altitudeMode>absolute</altitudeMode><coordinates>-0.05223360,43.21262047,3097.00 -0.05554924,43.20868550,3610.46</coordinates></LineString><LineString><altitudeMode>absolute</altitudeMode><coordinates>-0.05326121,43.21140092,3468.27 -0.05489488,43.20946209,3721.26</coordinates></LineString><LineString><altitudeMode>absolute</altitudeMode><coordinates>-0.05554720,43.20868793,3611.74 -0.05484126,43.20952572,3721.06</coordinates></LineString><LineString><altitudeMode>absolute</altitudeMode><coordinates>-0.05571125,43.20849323,3374.20 -0.05398866,43.21053759,3640.96</coordinates></LineString><LineString><altitudeMode>absolute</altitudeMode><coordinates>-0.05572887,43.20847232,3159.34 -0.05342872,43.21120212,3515.54</coordinates></LineString><LineString><altitudeMode>absolute</altitudeMode><coordinates>-0.05573173,43.20846892,2946.77 -0.05296603,43.21175123,3375.06</coordinates></LineString><LineString><altitudeMode>absolute</altitudeMode><coordinates>-0.05573262,43.20846787,2734.50 -0.05255522,43.21223878,3226.55</coordinates></LineString><LineString><altitudeMode>absolute</altitudeMode><coordinates>-0.05573323,43.20846714,2522.27 -0.05217683,43.21268785,3073.01</coordinates></LineString><LineString><altitudeMode>absolute</altitudeMode><coordinates>-0.05573382,43.20846645,2310.05 -0.05181991,43.21311144,2916.15</coordinates></LineString><LineString><altitudeMode>absolute</altitudeMode><coordinates>-0.05573439,43.20846577,2097.83 -0.05147867,43.21351642,2756.86</coordinates></LineString><LineString><altitudeMode>absolute</altitudeMode><coordinates>-0.05573496,43.20846509,1885.61 -0.05114856,43.21390818,2595.85</coordinates></LineString><LineString><altitudeMode>absolute</altitudeMode><coordinates>-0.05573553,43.20846442,1673.39 -0.05082682,43.21429002,2433.54</coordinates></LineString><LineString><altitudeMode>absolute</altitudeMode><coordinates>-0.05573608,43.20846377,1461.17 -0.05051133,43.21466445,2270.27</coordinates></LineString><LineString><altitudeMode>absolute</altitudeMode><coordinates>-0.05573662,43.20846312,1248.95 -0.05020061,43.21503320,2106.25</coordinates></LineString><LineString><altitudeMode>absolute</altitudeMode><coordinates>-0.05573717,43.20846247,1036.74 -0.04989333,43.21539789,1941.71</coordinates></LineString><LineString><altitudeMode>absolute</altitudeMode><coordinates>-0.05573771,43.20846183,824.52 -0.04958872,43.21575939,1776.75</coordinates></LineString><LineString><altitudeMode>absolute</altitudeMode><coordinates>-0.05573824,43.20846121,612.31 -0.04928659,43.21611796,1611.40</coordinates></LineString><LineString><altitudeMode>absolute</altitudeMode><coordinates>-0.05555236,43.20868180,398.96 -0.04898709,43.21647340,1445.65</coordinates></LineString><LineString><altitudeMode>absolute</altitudeMode><coordinates>-0.05418251,43.21030752,398.96 -0.04869034,43.21682557,1279.47</coordinates></LineString><LineString><altitudeMode>absolute</altitudeMode><coordinates>-0.05281267,43.21193324,398.96 -0.04839698,43.21717374,1112.77</coordinates></LineString><LineString><altitudeMode>absolute</altitudeMode><coordinates>-0.05144283,43.21355895,398.96 -0.04810823,43.21751642,945.35</coordinates></LineString><LineString><altitudeMode>absolute</altitudeMode><coordinates>-0.05007299,43.21518467,398.96 -0.04783196,43.21784430,776.00</coordinates></LineString><LineString><altitudeMode>absolute</altitudeMode><coordinates>-0.04870314,43.21681038,398.96 -0.04757115,43.21815383,604.26</coordinates></LineString></MultiGeometry></Placemark>
<Placemark><name>beta 80 nominal — trace au sol</name><description>Projection au sol</description><styleUrl>#s_v3_1</styleUrl><LineString><tessellate>1</tessellate><altitudeMode>clampToGround</altitudeMode><coordinates>-0.04733330,43.21843610,428.96 -0.04733337,43.21843602,428.96 -0.04733360,43.21843575,428.96 -0.04733415,43.21843510,428.96 -0.04733486,43.21843425,428.96 -0.04733599,43.21843290,428.96 -0.04733718,43.21843149,428.96 -0.04734027,43.21842783,428.96 -0.04735323,43.21841245,428.96 -0.04737105,43.21839130,428.96 -0.04738363,43.21837637,428.96 -0.04741064,43.21834431,428.96 -0.04743998,43.21830949,428.96 -0.04748525,43.21825577,428.96 -0.04752645,43.21820687,428.96 -0.04758390,43.21813869,428.96 -0.04763634,43.21807645,428.96 -0.04770424,43.21799587,428.96 -0.04776427,43.21792463,428.96 -0.04783781,43.21783735,428.96 -0.04791102,43.21775047,428.96 -0.04797110,43.21767916,428.96 -0.04804200,43.21759502,428.96 -0.04810537,43.21751981,428.96 -0.04820664,43.21739962,428.96 -0.04831166,43.21727499,428.96 -0.04845969,43.21709931,428.96 -0.04862772,43.21689990,428.96 -0.04871421,43.21679725,428.96 -0.04876331,43.21673898,428.96 -0.04881563,43.21667689,428.96 -0.04891866,43.21655461,428.96 -0.04901217,43.21644364,428.96 -0.04911665,43.21631964,428.96 -0.04913941,43.21629262,428.96 -0.04916134,43.21626660,428.96 -0.04918871,43.21623411,428.96 -0.04921396,43.21620416,428.96 -0.04924752,43.21616433,428.96 -0.04928840,43.21611581,428.96 -0.04933352,43.21606225,428.96 -0.04942148,43.21595787,428.96 -0.04952181,43.21583880,428.96 -0.04961645,43.21572648,428.96 -0.04970001,43.21562732,428.96 -0.04975328,43.21556409,428.96 -0.04983694,43.21546481,428.96 -0.04992750,43.21535733,428.96 -0.05005019,43.21521172,428.96 -0.05017327,43.21506565,428.96 -0.05024754,43.21497750,428.96 -0.05035087,43.21485488,428.96 -0.05051552,43.21465947,428.96 -0.05067432,43.21447101,428.96 -0.05079973,43.21432217,428.96 -0.05094313,43.21415199,428.96 -0.05105743,43.21401634,428.96 -0.05118910,43.21386007,428.96 -0.05129471,43.21373473,428.96 -0.05141700,43.21358960,428.96 -0.05153492,43.21344965,428.96 -0.05163015,43.21333664,428.96 -0.05174107,43.21320500,428.96 -0.05183094,43.21309834,428.96 -0.05193596,43.21297371,428.96 -0.05203812,43.21285247,428.96 -0.05212123,43.21275384,428.96 -0.05221870,43.21263815,428.96 -0.05229818,43.21254383,428.96 -0.05239159,43.21243297,428.96 -0.05246789,43.21234242,428.96 -0.05255774,43.21223579,428.96 -0.05264582,43.21213126,428.96 -0.05271795,43.21204566,428.96 -0.05280309,43.21194461,428.96 -0.05287291,43.21186174,428.96 -0.05295544,43.21176380,428.96 -0.05302322,43.21168336,428.96 -0.05310342,43.21158818,428.96 -0.05318247,43.21149437,428.96 -0.05324749,43.21141719,428.96 -0.05332458,43.21132570,428.96 -0.05338807,43.21125036,428.96 -0.05346341,43.21116094,428.96 -0.05352551,43.21108724,428.96 -0.05359928,43.21099970,428.96 -0.05367225,43.21091309,428.96 -0.05373250,43.21084160,428.96 -0.05380414,43.21075658,428.96 -0.05386332,43.21068634,428.96 -0.05393376,43.21060274,428.96 -0.05400359,43.21051987,428.96 -0.05406134,43.21045132,428.96 -0.05413015,43.21036967,428.96 -0.05418709,43.21030209,428.96 -0.05425497,43.21022153,428.96 -0.05431117,43.21015484,428.96 -0.05437820,43.21007529,428.96 -0.05444480,43.20999624,428.96 -0.05449999,43.20993074,428.96 -0.05456586,43.20985257,428.96 -0.05462045,43.20978778,428.96 -0.05468564,43.20971041,428.96 -0.05473971,43.20964625,428.96 -0.05480427,43.20956963,428.96 -0.05487919,43.20948072,428.96 -0.05493802,43.20941090,428.96 -0.05503743,43.20929292,428.96 -0.05512207,43.20919246,428.96 -0.05522413,43.20907134,428.96 -0.05530910,43.20897050,428.96 -0.05541167,43.20884877,428.96 -0.05551703,43.20872373,428.96 -0.05560919,43.20861436,428.96 -0.05568301,43.20852675,428.96 -0.05570920,43.20849567,428.96 -0.05572276,43.20847958,428.96 -0.05572818,43.20847314,428.96 -0.05573018,43.20847076,428.96 -0.05573136,43.20846937,428.96 -0.05573189,43.20846874,428.96 -0.05573232,43.20846823,428.96 -0.05573260,43.20846790,428.96 -0.05573289,43.20846754,428.96 -0.05573317,43.20846722,428.96 -0.05573339,43.20846695,428.96 -0.05573366,43.20846664,428.96 -0.05573388,43.20846638,428.96 -0.05573413,43.20846607,428.96 -0.05573435,43.20846582,428.96 -0.05573460,43.20846552,428.96 -0.05573485,43.20846522,428.96 -0.05573506,43.20846497,428.96 -0.05573531,43.20846468,428.96 -0.05573552,43.20846443,428.96 -0.05573576,43.20846415,428.96 -0.05573596,43.20846391,428.96 -0.05573619,43.20846363,428.96 -0.05573643,43.20846334,428.96 -0.05573663,43.20846311,428.96 -0.05573686,43.20846284,428.96 -0.05573705,43.20846261,428.96 -0.05573729,43.20846233,428.96 -0.05573751,43.20846206,428.96 -0.05573770,43.20846184,428.96 -0.05573793,43.20846157,428.96 -0.05573811,43.20846136,428.96 -0.05573833,43.20846110,428.96 -0.05573851,43.20846088,428.96 -0.05573869,43.20846066,428.96</coordinates></LineString></Placemark>
<Placemark><name>alpha 45 nominal</name><description>Groupe : SP02 K570&lt;br/&gt;Fichier : alpha_45.csv&lt;br/&gt;Pas de tir : Rampe FusEx&lt;br/&gt;Azimut : 211.6°&lt;br/&gt;Apogée : 458 m&lt;br/&gt;Portée : 1492 m&lt;br/&gt;Points : 150 / 452&lt;br/&gt;Rideau : quadrillage_45</description><styleUrl>#s_v3_2</styleUrl><LineString><extrude>0</extrude><altitudeMode>absolute</altitudeMode><coordinates>-0.04733330,43.21843610,428.96 -0.04733333,43.21843606,428.96 -0.04733359,43.21843576,428.99 -0.04733401,43.21843526,429.04 -0.04733485,43.21843426,429.16 -0.04733601,43.21843288,429.32 -0.04733737,43.21843127,429.52 -0.04733916,43.21842914,429.78 -0.04734129,43.21842661,430.10 -0.04734375,43.21842369,430.46 -0.04734654,43.21842039,430.88 -0.04734965,43.21841670,431.35 -0.04735309,43.21841262,431.86 -0.04736261,43.21840131,433.28 -0.04738338,43.21837667,436.28 -0.04741650,43.21833735,440.96 -0.04745786,43.21828827,446.67 -0.04750746,43.21822941,453.32 -0.04751937,43.21821528,454.88 -0.04758255,43.21814030,462.96 -0.04765087,43.21805921,471.39 -0.04772683,43.21796906,480.53 -0.04776863,43.21791946,485.49 -0.04785540,43.21781648,495.64 -0.04794915,43.21770521,506.34 -0.04804209,43.21759491,516.72 -0.04814819,43.21746900,528.39 -0.04826024,43.21733601,540.48 -0.04837799,43.21719627,552.95 -0.04850098,43.21705030,565.76 -0.04862902,43.21689836,578.86 -0.04876176,43.21674081,592.22 -0.04889887,43.21657810,605.80 -0.04903911,43.21641166,619.46 -0.04918070,43.21624362,633.03 -0.04932248,43.21607537,646.40 -0.04946369,43.21590777,659.50 -0.04960385,43.21574144,672.28 -0.04974265,43.21557670,684.72 -0.04988005,43.21541364,696.81 -0.05001608,43.21525221,708.57 -0.05015077,43.21509235,719.98 -0.05028291,43.21493553,730.97 -0.05041144,43.21478300,741.44 -0.05053656,43.21463451,751.41 -0.05065847,43.21448982,760.91 -0.05077738,43.21434870,769.95 -0.05089343,43.21421097,778.57 -0.05100679,43.21407644,786.76 -0.05111759,43.21394494,794.55 -0.05122597,43.21381632,801.96 -0.05133205,43.21369042,808.99 -0.05143593,43.21356714,815.65 -0.05153773,43.21344633,821.96 -0.05163753,43.21332788,827.94 -0.05173543,43.21321170,833.58 -0.05186314,43.21306013,840.59 -0.05195690,43.21294885,845.49 -0.05204903,43.21283952,850.09 -0.05213956,43.21273208,854.38 -0.05222857,43.21262644,858.39 -0.05231613,43.21252253,862.11 -0.05240227,43.21242030,865.55 -0.05248706,43.21231967,868.72 -0.05257053,43.21222060,871.63 -0.05265275,43.21212303,874.27 -0.05273375,43.21202690,876.65 -0.05281356,43.21193218,878.78 -0.05289224,43.21183880,880.67 -0.05296981,43.21174675,882.30 -0.05304631,43.21165596,883.70 -0.05312177,43.21156641,884.86 -0.05319621,43.21147805,885.78 -0.05326968,43.21139086,886.47 -0.05334220,43.21130480,886.94 -0.05341379,43.21121984,887.18 -0.05346101,43.21116379,887.22 -0.05355428,43.21105311,887.00 -0.05362322,43.21097129,886.59 -0.05369132,43.21089046,885.96 -0.05375861,43.21081060,885.12 -0.05382510,43.21073170,884.07 -0.05389080,43.21065373,882.82 -0.05395573,43.21057666,881.36 -0.05401992,43.21050049,879.70 -0.05408336,43.21042519,877.84 -0.05414609,43.21035075,875.78 -0.05420810,43.21027715,873.53 -0.05426942,43.21020438,871.08 -0.05433005,43.21013243,868.44 -0.05439001,43.21006127,865.62 -0.05444930,43.20999090,862.60 -0.05450794,43.20992131,859.40 -0.05456593,43.20985248,856.02 -0.05464227,43.20976189,851.23 -0.05469879,43.20969481,847.42 -0.05475470,43.20962846,843.44 -0.05481000,43.20956283,839.28 -0.05486468,43.20949793,834.95 -0.05491878,43.20943373,830.45 -0.05497229,43.20937023,825.78 -0.05502520,43.20930742,820.94 -0.05507754,43.20924531,815.93 -0.05512931,43.20918387,810.76 -0.05518051,43.20912310,805.43 -0.05523115,43.20906301,799.94 -0.05528122,43.20900358,794.28 -0.05533075,43.20894481,788.48 -0.05537972,43.20888669,782.51 -0.05542815,43.20882921,776.40 -0.05547603,43.20877238,770.13 -0.05552339,43.20871618,763.72 -0.05557020,43.20866063,757.16 -0.05561649,43.20860570,750.45 -0.05566224,43.20855139,743.60 -0.05570748,43.20849771,736.62 -0.05575220,43.20844464,729.49 -0.05579640,43.20839218,722.22 -0.05584008,43.20834033,714.82 -0.05588326,43.20828909,707.29 -0.05592593,43.20823845,699.63 -0.05596810,43.20818841,691.84 -0.05600976,43.20813896,683.92 -0.05605093,43.20809010,675.88 -0.05609161,43.20804183,667.71 -0.05613179,43.20799414,659.43 -0.05617149,43.20794703,651.03 -0.05621070,43.20790049,642.51 -0.05624943,43.20785452,633.87 -0.05628768,43.20780912,625.13 -0.05632547,43.20776428,616.27 -0.05637511,43.20770537,604.29 -0.05641179,43.20766184,595.19 -0.05644801,43.20761885,585.98 -0.05648377,43.20757641,576.67 -0.05651908,43.20753451,567.26 -0.05655393,43.20749315,557.75 -0.05658832,43.20745233,548.14 -0.05662227,43.20741204,538.44 -0.05665578,43.20737227,528.65 -0.05668885,43.20733303,518.77 -0.05672148,43.20729430,508.80 -0.05675368,43.20725609,498.75 -0.05678545,43.20721838,488.61 -0.05681679,43.20718119,478.39 -0.05684771,43.20714450,468.09 -0.05687821,43.20710829,457.71 -0.05690830,43.20707259,447.25 -0.05693797,43.20703737,436.71 -0.05696723,43.20700264,426.10</coordinates></LineString></Placemark>
<Placemark><name>alpha 45 nominal — quadrillage_45</name><description>Motif : quadrillage_45 (45°, 135°)&lt;br/&gt;Pas : 150 m&lt;br/&gt;Segments : 14</description><styleUrl>#s_v3_2_m</styleUrl><MultiGeometry><LineString><altitudeMode>absolute</altitudeMode><coordinates>-0.05692220,43.20705609,398.96 -0.05694823,43.20702519,432.99</coordinates></LineString><LineString><altitudeMode>absolute</altitudeMode><coordinates>-0.05555236,43.20868180,398.96 -0.05649200,43.20756664,574.47</coordinates></LineString><LineString><altitudeMode>absolute</altitudeMode><coordinates>-0.05418251,43.21030752,398.96 -0.05592795,43.20823605,699.26</coordinates></LineString><LineString><altitudeMode>absolute</altitudeMode><coordinates>-0.05281267,43.21193324,398.96 -0.05521768,43.20907899,801.40</coordinates></LineString><LineString><altitudeMode>absolute</altitudeMode><coordinates>-0.05144283,43.21355895,398.96 -0.05429159,43.21017807,870.12</coordinates></LineString><LineString><altitudeMode>absolute</altitudeMode><coordinates>-0.05007299,43.21518467,398.96 -0.05300454,43.21170553,882.94</coordinates></LineString><LineString><altitudeMode>absolute</altitudeMode><coordinates>-0.04870314,43.21681038,398.96 -0.05101936,43.21406152,787.65</coordinates></LineString><LineString><altitudeMode>absolute</altitudeMode><coordinates>-0.05692220,43.20705609,398.96 -0.05400990,43.21051238,879.96</coordinates></LineString><LineString><altitudeMode>absolute</altitudeMode><coordinates>-0.05555236,43.20868180,398.96 -0.05267293,43.21209908,874.86</coordinates></LineString><LineString><altitudeMode>absolute</altitudeMode><coordinates>-0.05418251,43.21030752,398.96 -0.05161488,43.21335476,826.58</coordinates></LineString><LineString><altitudeMode>absolute</altitudeMode><coordinates>-0.05281267,43.21193324,398.96 -0.05066561,43.21448135,761.45</coordinates></LineString><LineString><altitudeMode>absolute</altitudeMode><coordinates>-0.05144283,43.21355895,398.96 -0.04977365,43.21553992,687.45</coordinates></LineString><LineString><altitudeMode>absolute</altitudeMode><coordinates>-0.05007298,43.21518467,398.96 -0.04891863,43.21655465,607.72</coordinates></LineString><LineString><altitudeMode>absolute</altitudeMode><coordinates>-0.04870314,43.21681039,398.96 -0.04809724,43.21752946,522.79</coordinates></LineString></MultiGeometry></Placemark>
<Placemark><name>alpha 45 nominal — trace au sol</name><description>Projection au sol</description><styleUrl>#s_v3_2</styleUrl><LineString><tessellate>1</tessellate><altitudeMode>clampToGround</altitudeMode><coordinates>-0.04733330,43.21843610,428.96 -0.04733333,43.21843606,428.96 -0.04733359,43.21843576,428.96 -0.04733401,43.21843526,428.96 -0.04733485,43.21843426,428.96 -0.04733601,43.21843288,428.96 -0.04733737,43.21843127,428.96 -0.04733916,43.21842914,428.96 -0.04734129,43.21842661,428.96 -0.04734375,43.21842369,428.96 -0.04734654,43.21842039,428.96 -0.04734965,43.21841670,428.96 -0.04735309,43.21841262,428.96 -0.04736261,43.21840131,428.96 -0.04738338,43.21837667,428.96 -0.04741650,43.21833735,428.96 -0.04745786,43.21828827,428.96 -0.04750746,43.21822941,428.96 -0.04751937,43.21821528,428.96 -0.04758255,43.21814030,428.96 -0.04765087,43.21805921,428.96 -0.04772683,43.21796906,428.96 -0.04776863,43.21791946,428.96 -0.04785540,43.21781648,428.96 -0.04794915,43.21770521,428.96 -0.04804209,43.21759491,428.96 -0.04814819,43.21746900,428.96 -0.04826024,43.21733601,428.96 -0.04837799,43.21719627,428.96 -0.04850098,43.21705030,428.96 -0.04862902,43.21689836,428.96 -0.04876176,43.21674081,428.96 -0.04889887,43.21657810,428.96 -0.04903911,43.21641166,428.96 -0.04918070,43.21624362,428.96 -0.04932248,43.21607537,428.96 -0.04946369,43.21590777,428.96 -0.04960385,43.21574144,428.96 -0.04974265,43.21557670,428.96 -0.04988005,43.21541364,428.96 -0.05001608,43.21525221,428.96 -0.05015077,43.21509235,428.96 -0.05028291,43.21493553,428.96 -0.05041144,43.21478300,428.96 -0.05053656,43.21463451,428.96 -0.05065847,43.21448982,428.96 -0.05077738,43.21434870,428.96 -0.05089343,43.21421097,428.96 -0.05100679,43.21407644,428.96 -0.05111759,43.21394494,428.96 -0.05122597,43.21381632,428.96 -0.05133205,43.21369042,428.96 -0.05143593,43.21356714,428.96 -0.05153773,43.21344633,428.96 -0.05163753,43.21332788,428.96 -0.05173543,43.21321170,428.96 -0.05186314,43.21306013,428.96 -0.05195690,43.21294885,428.96 -0.05204903,43.21283952,428.96 -0.05213956,43.21273208,428.96 -0.05222857,43.21262644,428.96 -0.05231613,43.21252253,428.96 -0.05240227,43.21242030,428.96 -0.05248706,43.21231967,428.96 -0.05257053,43.21222060,428.96 -0.05265275,43.21212303,428.96 -0.05273375,43.21202690,428.96 -0.05281356,43.21193218,428.96 -0.05289224,43.21183880,428.96 -0.05296981,43.21174675,428.96 -0.05304631,43.21165596,428.96 -0.05312177,43.21156641,428.96 -0.05319621,43.21147805,428.96 -0.05326968,43.21139086,428.96 -0.05334220,43.21130480,428.96 -0.05341379,43.21121984,428.96 -0.05346101,43.21116379,428.96 -0.05355428,43.21105311,428.96 -0.05362322,43.21097129,428.96 -0.05369132,43.21089046,428.96 -0.05375861,43.21081060,428.96 -0.05382510,43.21073170,428.96 -0.05389080,43.21065373,428.96 -0.05395573,43.21057666,428.96 -0.05401992,43.21050049,428.96 -0.05408336,43.21042519,428.96 -0.05414609,43.21035075,428.96 -0.05420810,43.21027715,428.96 -0.05426942,43.21020438,428.96 -0.05433005,43.21013243,428.96 -0.05439001,43.21006127,428.96 -0.05444930,43.20999090,428.96 -0.05450794,43.20992131,428.96 -0.05456593,43.20985248,428.96 -0.05464227,43.20976189,428.96 -0.05469879,43.20969481,428.96 -0.05475470,43.20962846,428.96 -0.05481000,43.20956283,428.96 -0.05486468,43.20949793,428.96 -0.05491878,43.20943373,428.96 -0.05497229,43.20937023,428.96 -0.05502520,43.20930742,428.96 -0.05507754,43.20924531,428.96 -0.05512931,43.20918387,428.96 -0.05518051,43.20912310,428.96 -0.05523115,43.20906301,428.96 -0.05528122,43.20900358,428.96 -0.05533075,43.20894481,428.96 -0.05537972,43.20888669,428.96 -0.05542815,43.20882921,428.96 -0.05547603,43.20877238,428.96 -0.05552339,43.20871618,428.96 -0.05557020,43.20866063,428.96 -0.05561649,43.20860570,428.96 -0.05566224,43.20855139,428.96 -0.05570748,43.20849771,428.96 -0.05575220,43.20844464,428.96 -0.05579640,43.20839218,428.96 -0.05584008,43.20834033,428.96 -0.05588326,43.20828909,428.96 -0.05592593,43.20823845,428.96 -0.05596810,43.20818841,428.96 -0.05600976,43.20813896,428.96 -0.05605093,43.20809010,428.96 -0.05609161,43.20804183,428.96 -0.05613179,43.20799414,428.96 -0.05617149,43.20794703,428.96 -0.05621070,43.20790049,428.96 -0.05624943,43.20785452,428.96 -0.05628768,43.20780912,428.96 -0.05632547,43.20776428,428.96 -0.05637511,43.20770537,428.96 -0.05641179,43.20766184,428.96 -0.05644801,43.20761885,428.96 -0.05648377,43.20757641,428.96 -0.05651908,43.20753451,428.96 -0.05655393,43.20749315,428.96 -0.05658832,43.20745233,428.96 -0.05662227,43.20741204,428.96 -0.05665578,43.20737227,428.96 -0.05668885,43.20733303,428.96 -0.05672148,43.20729430,428.96 -0.05675368,43.20725609,428.96 -0.05678545,43.20721838,428.96 -0.05681679,43.20718119,428.96 -0.05684771,43.20714450,428.96 -0.05687821,43.20710829,428.96 -0.05690830,43.20707259,428.96 -0.05693797,43.20703737,428.96 -0.05696723,43.20700264,428.96</coordinates></LineString></Placemark>
<Placemark><name>beta 45 nominal</name><description>Groupe : SP02 K570&lt;br/&gt;Fichier : beta_45.csv&lt;br/&gt;Pas de tir : Rampe FusEx&lt;br/&gt;Azimut : 211.6°&lt;br/&gt;Apogée : 1186 m&lt;br/&gt;Portée : 4229 m&lt;br/&gt;Points : 150 / 917&lt;br/&gt;Rideau : quadrillage_45</description><styleUrl>#s_v3_3</styleUrl><LineString><extrude>0</extrude><altitudeMode>absolute</altitudeMode><coordinates>-0.04733330,43.21843610,428.96 -0.04733359,43.21843576,428.99 -0.04733485,43.21843426,429.16 -0.04733737,43.21843127,429.52 -0.04734208,43.21842569,430.21 -0.04734754,43.21841920,431.03 -0.04735493,43.21841043,432.14 -0.04739350,43.21836466,437.72 -0.04747347,43.21826975,448.79 -0.04752806,43.21820496,456.02 -0.04765087,43.21805921,471.39 -0.04779677,43.21788606,488.81 -0.04798190,43.21766635,510.02 -0.04818488,43.21742545,532.38 -0.04841842,43.21714829,557.18 -0.04867276,43.21684644,583.28 -0.04894538,43.21652290,610.35 -0.04927525,43.21613142,641.97 -0.04955727,43.21579671,668.06 -0.04983441,43.21546781,692.82 -0.05010602,43.21514546,716.21 -0.05040236,43.21479377,740.77 -0.05079323,43.21432989,772.14 -0.05127234,43.21376129,809.63 -0.05192418,43.21298769,859.44 -0.05236781,43.21246120,892.70 -0.05281789,43.21192704,926.00 -0.05289454,43.21183608,931.63 -0.05298010,43.21173453,937.90 -0.05307138,43.21162620,944.58 -0.05317556,43.21150256,952.17 -0.05333526,43.21131304,963.77 -0.05349149,43.21112762,975.07 -0.05372856,43.21084627,992.13 -0.05416439,43.21032903,1023.22 -0.05423554,43.21024459,1028.26 -0.05431589,43.21014924,1033.95 -0.05440502,43.21004345,1040.24 -0.05451239,43.20991602,1047.80 -0.05463447,43.20977115,1056.38 -0.05478821,43.20958868,1067.13 -0.05497540,43.20936653,1080.18 -0.05532995,43.20894576,1104.72 -0.05570251,43.20850360,1130.28 -0.05588141,43.20829129,1142.46 -0.05627722,43.20782155,1169.23 -0.05643397,43.20763551,1179.76 -0.05646934,43.20759354,1182.13 -0.05651104,43.20754405,1184.92 -0.05655305,43.20749419,1187.73 -0.05659221,43.20744772,1190.35 -0.05664303,43.20738741,1193.73 -0.05668821,43.20733378,1196.74 -0.05673234,43.20728142,1199.68 -0.05678713,43.20721638,1203.32 -0.05682435,43.20717222,1205.79 -0.05688784,43.20709686,1210.00 -0.05692983,43.20704704,1212.77 -0.05700442,43.20695852,1217.70 -0.05707977,43.20686909,1222.66 -0.05716359,43.20676961,1228.17 -0.05725563,43.20666037,1234.21 -0.05736380,43.20653200,1241.27 -0.05751556,43.20635190,1251.14 -0.05768884,43.20614625,1262.35 -0.05806753,43.20569683,1286.59 -0.05845903,43.20523220,1311.24 -0.05897147,43.20462404,1342.81 -0.05946328,43.20404036,1372.26 -0.05992709,43.20348992,1399.17 -0.06036666,43.20296823,1423.82 -0.06078494,43.20247183,1446.41 -0.06124915,43.20192091,1470.40 -0.06162884,43.20147030,1489.08 -0.06199342,43.20103762,1506.15 -0.06234422,43.20062129,1521.72 -0.06268241,43.20021992,1535.85 -0.06300901,43.19983232,1548.63 -0.06337656,43.19939612,1561.93 -0.06368092,43.19903491,1571.99 -0.06397614,43.19868454,1580.89 -0.06426282,43.19834431,1588.66 -0.06454150,43.19801358,1595.34 -0.06481267,43.19769175,1600.97 -0.06507676,43.19737833,1605.59 -0.06537645,43.19702267,1609.72 -0.06562652,43.19672589,1612.23 -0.06587064,43.19643617,1613.81 -0.06618739,43.19606025,1614.51 -0.06634220,43.19587652,1614.27 -0.06657015,43.19560599,1613.18 -0.06679319,43.19534130,1611.25 -0.06704746,43.19503953,1607.95 -0.06726053,43.19478666,1604.24 -0.06746929,43.19453891,1599.73 -0.06767389,43.19429608,1594.43 -0.06787448,43.19405803,1588.38 -0.06807120,43.19382456,1581.56 -0.06826417,43.19359555,1574.00 -0.06848471,43.19333382,1564.26 -0.06866993,43.19311400,1555.13 -0.06885175,43.19289822,1545.30 -0.06903023,43.19268639,1534.78 -0.06920548,43.19247841,1523.57 -0.06937758,43.19227417,1511.70 -0.06957445,43.19204053,1497.01 -0.06973993,43.19184414,1483.71 -0.06990245,43.19165125,1469.78 -0.07006209,43.19146180,1455.23 -0.07021889,43.19127571,1440.05 -0.07037291,43.19109292,1424.28 -0.07052419,43.19091338,1407.91 -0.07069728,43.19070796,1388.07 -0.07084278,43.19053528,1370.46 -0.07098569,43.19036568,1352.28 -0.07112602,43.19019913,1333.56 -0.07126383,43.19003558,1314.30 -0.07139914,43.18987500,1294.51 -0.07153200,43.18971732,1274.21 -0.07168394,43.18953700,1249.90 -0.07181158,43.18938552,1228.53 -0.07193686,43.18923684,1206.67 -0.07205981,43.18909092,1184.36 -0.07218046,43.18894773,1161.59 -0.07229884,43.18880724,1138.37 -0.07241497,43.18866942,1114.72 -0.07254766,43.18851195,1086.60 -0.07265903,43.18837977,1062.06 -0.07276824,43.18825017,1037.11 -0.07287532,43.18812308,1011.79 -0.07298029,43.18799850,986.09 -0.07308319,43.18787639,960.02 -0.07318403,43.18775670,933.60 -0.07329914,43.18762010,902.35 -0.07339563,43.18750558,875.21 -0.07349016,43.18739340,847.75 -0.07358275,43.18728351,819.98 -0.07367343,43.18717590,791.92 -0.07376221,43.18707053,763.57 -0.07386345,43.18695038,730.14 -0.07394825,43.18684974,701.21 -0.07403123,43.18675126,672.01 -0.07411245,43.18665487,642.58 -0.07419191,43.18656057,612.90 -0.07426965,43.18646831,583.00 -0.07434570,43.18637805,552.89 -0.07443231,43.18627526,517.49 -0.07450478,43.18618926,486.93 -0.07457564,43.18610516,456.18 -0.07464491,43.18602295,425.25</coordinates></LineString></Placemark>
<Placemark><name>beta 45 nominal — quadrillage_45</name><description>Motif : quadrillage_45 (45°, 135°)&lt;br/&gt;Pas : 150 m&lt;br/&gt;Segments : 40</description><styleUrl>#s_v3_3_m</styleUrl><MultiGeometry><LineString><altitudeMode>absolute</altitudeMode><coordinates>-0.07336032,43.18754750,398.96 -0.07429366,43.18643981,573.50</coordinates></LineString><LineString><altitudeMode>absolute</altitudeMode><coordinates>-0.07199047,43.18917321,398.96 -0.07388590,43.18692374,722.48</coordinates></LineString><LineString><altitudeMode>absolute</altitudeMode><coordinates>-0.07062063,43.19079893,398.96 -0.07343272,43.18746157,864.44</coordinates></LineString><LineString><altitudeMode>absolute</altitudeMode><coordinates>-0.06925079,43.19242464,398.96 -0.07292920,43.18805914,998.59</coordinates></LineString><LineString><altitudeMode>absolute</altitudeMode><coordinates>-0.06788094,43.19405036,398.96 -0.07236931,43.18872362,1124.02</coordinates></LineString><LineString><altitudeMode>absolute</altitudeMode><coordinates>-0.06651110,43.19567608,398.96 -0.07174561,43.18946381,1239.57</coordinates></LineString><LineString><altitudeMode>absolute</altitudeMode><coordinates>-0.06514126,43.19730179,398.96 -0.07104902,43.19029051,1343.83</coordinates></LineString><LineString><altitudeMode>absolute</altitudeMode><coordinates>-0.06377141,43.19892751,398.96 -0.07026804,43.19121738,1435.02</coordinates></LineString><LineString><altitudeMode>absolute</altitudeMode><coordinates>-0.06240157,43.20055322,398.96 -0.06938822,43.19226154,1510.90</coordinates></LineString><LineString><altitudeMode>absolute</altitudeMode><coordinates>-0.06103173,43.20217894,398.96 -0.06838995,43.19344628,1568.44</coordinates></LineString><LineString><altitudeMode>absolute</altitudeMode><coordinates>-0.05966189,43.20380466,398.96 -0.06725218,43.19479657,1604.38</coordinates></LineString><LineString><altitudeMode>absolute</altitudeMode><coordinates>-0.05829204,43.20543037,398.96 -0.06594427,43.19634879,1613.97</coordinates></LineString><LineString><altitudeMode>absolute</altitudeMode><coordinates>-0.05692220,43.20705609,398.96 -0.06443808,43.19813631,1592.86</coordinates></LineString><LineString><altitudeMode>absolute</altitudeMode><coordinates>-0.05555236,43.20868180,398.96 -0.06270609,43.20019182,1536.78</coordinates></LineString><LineString><altitudeMode>absolute</altitudeMode><coordinates>-0.05418251,43.21030752,398.96 -0.06073547,43.20253054,1443.74</coordinates></LineString><LineString><altitudeMode>absolute</altitudeMode><coordinates>-0.05281267,43.21193324,398.96 -0.05854371,43.20513170,1316.46</coordinates></LineString><LineString><altitudeMode>absolute</altitudeMode><coordinates>-0.05144283,43.21355895,398.96 -0.05618123,43.20793546,1162.74</coordinates></LineString><LineString><altitudeMode>absolute</altitudeMode><coordinates>-0.05007299,43.21518467,398.96 -0.05369322,43.21088821,989.59</coordinates></LineString><LineString><altitudeMode>absolute</altitudeMode><coordinates>-0.04870314,43.21681038,398.96 -0.05104798,43.21402756,792.08</coordinates></LineString><LineString><altitudeMode>absolute</altitudeMode><coordinates>-0.07359054,43.18727426,817.57 -0.06891548,43.19282258,1541.55</coordinates></LineString><LineString><altitudeMode>absolute</altitudeMode><coordinates>-0.07458693,43.18609176,451.14 -0.06712563,43.19494676,1606.59</coordinates></LineString><LineString><altitudeMode>absolute</altitudeMode><coordinates>-0.07336031,43.18754750,398.96 -0.06571561,43.19662016,1612.81</coordinates></LineString><LineString><altitudeMode>absolute</altitudeMode><coordinates>-0.07199047,43.18917321,398.96 -0.06446970,43.19809879,1593.62</coordinates></LineString><LineString><altitudeMode>absolute</altitudeMode><coordinates>-0.07062063,43.19079893,398.96 -0.06331814,43.19946545,1559.81</coordinates></LineString><LineString><altitudeMode>absolute</altitudeMode><coordinates>-0.06925078,43.19242465,398.96 -0.06222770,43.20075957,1516.55</coordinates></LineString><LineString><altitudeMode>absolute</altitudeMode><coordinates>-0.06788094,43.19405036,398.96 -0.06117920,43.20200392,1466.78</coordinates></LineString><LineString><altitudeMode>absolute</altitudeMode><coordinates>-0.06651110,43.19567608,398.96 -0.06016118,43.20321210,1412.30</coordinates></LineString><LineString><altitudeMode>absolute</altitudeMode><coordinates>-0.06514126,43.19730179,398.96 -0.05916517,43.20439416,1354.41</coordinates></LineString><LineString><altitudeMode>absolute</altitudeMode><coordinates>-0.06377141,43.19892751,398.96 -0.05818535,43.20555700,1294.01</coordinates></LineString><LineString><altitudeMode>absolute</altitudeMode><coordinates>-0.06240157,43.20055323,398.96 -0.05721774,43.20670535,1231.72</coordinates></LineString><LineString><altitudeMode>absolute</altitudeMode><coordinates>-0.06103173,43.20217894,398.96 -0.05625925,43.20784287,1168.02</coordinates></LineString><LineString><altitudeMode>absolute</altitudeMode><coordinates>-0.05966188,43.20380466,398.96 -0.05530799,43.20897182,1103.20</coordinates></LineString><LineString><altitudeMode>absolute</altitudeMode><coordinates>-0.05829204,43.20543037,398.96 -0.05436359,43.21009262,1037.32</coordinates></LineString><LineString><altitudeMode>absolute</altitudeMode><coordinates>-0.05692220,43.20705609,398.96 -0.05342620,43.21120510,970.35</coordinates></LineString><LineString><altitudeMode>absolute</altitudeMode><coordinates>-0.05555236,43.20868181,398.96 -0.05249633,43.21230867,902.21</coordinates></LineString><LineString><altitudeMode>absolute</altitudeMode><coordinates>-0.05418251,43.21030752,398.96 -0.05157499,43.21340210,832.76</coordinates></LineString><LineString><altitudeMode>absolute</altitudeMode><coordinates>-0.05281267,43.21193324,398.96 -0.05066370,43.21448362,761.75</coordinates></LineString><LineString><altitudeMode>absolute</altitudeMode><coordinates>-0.05144283,43.21355895,398.96 -0.04977388,43.21553965,687.41</coordinates></LineString><LineString><altitudeMode>absolute</altitudeMode><coordinates>-0.05007298,43.21518467,398.96 -0.04891873,43.21655453,607.71</coordinates></LineString><LineString><altitudeMode>absolute</altitudeMode><coordinates>-0.04870314,43.21681039,398.96 -0.04809749,43.21752917,522.75</coordinates></LineString></MultiGeometry></Placemark>
<Placemark><name>beta 45 nominal — trace au sol</name><description>Projection au sol</description><styleUrl>#s_v3_3</styleUrl><LineString><tessellate>1</tessellate><altitudeMode>clampToGround</altitudeMode><coordinates>-0.04733330,43.21843610,428.96 -0.04733359,43.21843576,428.96 -0.04733485,43.21843426,428.96 -0.04733737,43.21843127,428.96 -0.04734208,43.21842569,428.96 -0.04734754,43.21841920,428.96 -0.04735493,43.21841043,428.96 -0.04739350,43.21836466,428.96 -0.04747347,43.21826975,428.96 -0.04752806,43.21820496,428.96 -0.04765087,43.21805921,428.96 -0.04779677,43.21788606,428.96 -0.04798190,43.21766635,428.96 -0.04818488,43.21742545,428.96 -0.04841842,43.21714829,428.96 -0.04867276,43.21684644,428.96 -0.04894538,43.21652290,428.96 -0.04927525,43.21613142,428.96 -0.04955727,43.21579671,428.96 -0.04983441,43.21546781,428.96 -0.05010602,43.21514546,428.96 -0.05040236,43.21479377,428.96 -0.05079323,43.21432989,428.96 -0.05127234,43.21376129,428.96 -0.05192418,43.21298769,428.96 -0.05236781,43.21246120,428.96 -0.05281789,43.21192704,428.96 -0.05289454,43.21183608,428.96 -0.05298010,43.21173453,428.96 -0.05307138,43.21162620,428.96 -0.05317556,43.21150256,428.96 -0.05333526,43.21131304,428.96 -0.05349149,43.21112762,428.96 -0.05372856,43.21084627,428.96 -0.05416439,43.21032903,428.96 -0.05423554,43.21024459,428.96 -0.05431589,43.21014924,428.96 -0.05440502,43.21004345,428.96 -0.05451239,43.20991602,428.96 -0.05463447,43.20977115,428.96 -0.05478821,43.20958868,428.96 -0.05497540,43.20936653,428.96 -0.05532995,43.20894576,428.96 -0.05570251,43.20850360,428.96 -0.05588141,43.20829129,428.96 -0.05627722,43.20782155,428.96 -0.05643397,43.20763551,428.96 -0.05646934,43.20759354,428.96 -0.05651104,43.20754405,428.96 -0.05655305,43.20749419,428.96 -0.05659221,43.20744772,428.96 -0.05664303,43.20738741,428.96 -0.05668821,43.20733378,428.96 -0.05673234,43.20728142,428.96 -0.05678713,43.20721638,428.96 -0.05682435,43.20717222,428.96 -0.05688784,43.20709686,428.96 -0.05692983,43.20704704,428.96 -0.05700442,43.20695852,428.96 -0.05707977,43.20686909,428.96 -0.05716359,43.20676961,428.96 -0.05725563,43.20666037,428.96 -0.05736380,43.20653200,428.96 -0.05751556,43.20635190,428.96 -0.05768884,43.20614625,428.96 -0.05806753,43.20569683,428.96 -0.05845903,43.20523220,428.96 -0.05897147,43.20462404,428.96 -0.05946328,43.20404036,428.96 -0.05992709,43.20348992,428.96 -0.06036666,43.20296823,428.96 -0.06078494,43.20247183,428.96 -0.06124915,43.20192091,428.96 -0.06162884,43.20147030,428.96 -0.06199342,43.20103762,428.96 -0.06234422,43.20062129,428.96 -0.06268241,43.20021992,428.96 -0.06300901,43.19983232,428.96 -0.06337656,43.19939612,428.96 -0.06368092,43.19903491,428.96 -0.06397614,43.19868454,428.96 -0.06426282,43.19834431,428.96 -0.06454150,43.19801358,428.96 -0.06481267,43.19769175,428.96 -0.06507676,43.19737833,428.96 -0.06537645,43.19702267,428.96 -0.06562652,43.19672589,428.96 -0.06587064,43.19643617,428.96 -0.06618739,43.19606025,428.96 -0.06634220,43.19587652,428.96 -0.06657015,43.19560599,428.96 -0.06679319,43.19534130,428.96 -0.06704746,43.19503953,428.96 -0.06726053,43.19478666,428.96 -0.06746929,43.19453891,428.96 -0.06767389,43.19429608,428.96 -0.06787448,43.19405803,428.96 -0.06807120,43.19382456,428.96 -0.06826417,43.19359555,428.96 -0.06848471,43.19333382,428.96 -0.06866993,43.19311400,428.96 -0.06885175,43.19289822,428.96 -0.06903023,43.19268639,428.96 -0.06920548,43.19247841,428.96 -0.06937758,43.19227417,428.96 -0.06957445,43.19204053,428.96 -0.06973993,43.19184414,428.96 -0.06990245,43.19165125,428.96 -0.07006209,43.19146180,428.96 -0.07021889,43.19127571,428.96 -0.07037291,43.19109292,428.96 -0.07052419,43.19091338,428.96 -0.07069728,43.19070796,428.96 -0.07084278,43.19053528,428.96 -0.07098569,43.19036568,428.96 -0.07112602,43.19019913,428.96 -0.07126383,43.19003558,428.96 -0.07139914,43.18987500,428.96 -0.07153200,43.18971732,428.96 -0.07168394,43.18953700,428.96 -0.07181158,43.18938552,428.96 -0.07193686,43.18923684,428.96 -0.07205981,43.18909092,428.96 -0.07218046,43.18894773,428.96 -0.07229884,43.18880724,428.96 -0.07241497,43.18866942,428.96 -0.07254766,43.18851195,428.96 -0.07265903,43.18837977,428.96 -0.07276824,43.18825017,428.96 -0.07287532,43.18812308,428.96 -0.07298029,43.18799850,428.96 -0.07308319,43.18787639,428.96 -0.07318403,43.18775670,428.96 -0.07329914,43.18762010,428.96 -0.07339563,43.18750558,428.96 -0.07349016,43.18739340,428.96 -0.07358275,43.18728351,428.96 -0.07367343,43.18717590,428.96 -0.07376221,43.18707053,428.96 -0.07386345,43.18695038,428.96 -0.07394825,43.18684974,428.96 -0.07403123,43.18675126,428.96 -0.07411245,43.18665487,428.96 -0.07419191,43.18656057,428.96 -0.07426965,43.18646831,428.96 -0.07434570,43.18637805,428.96 -0.07443231,43.18627526,428.96 -0.07450478,43.18618926,428.96 -0.07457564,43.18610516,428.96 -0.07464491,43.18602295,428.96</coordinates></LineString></Placemark>
</Folder>
<Folder><name>SP02 K1200</name><open>1</open>
<Placemark><name>alpha 80 nominal</name><description>Groupe : SP02 K1200&lt;br/&gt;Fichier : alpha_80.csv&lt;br/&gt;Pas de tir : Rampe FusEx&lt;br/&gt;Azimut : 211.6°&lt;br/&gt;Apogée : 878 m&lt;br/&gt;Portée : 344 m&lt;br/&gt;Points : 150 / 354&lt;br/&gt;Rideau : quadrillage_45</description><styleUrl>#s_v4_0</styleUrl><LineString><extrude>0</extrude><altitudeMode>absolute</altitudeMode><coordinates>-0.04733330,43.21843610,428.96 -0.04733331,43.21843609,428.97 -0.04733342,43.21843596,429.05 -0.04733356,43.21843579,429.17 -0.04733375,43.21843556,429.34 -0.04733415,43.21843509,429.68 -0.04733449,43.21843469,429.97 -0.04733510,43.21843397,430.49 -0.04733557,43.21843341,430.90 -0.04733610,43.21843277,431.37 -0.04733701,43.21843170,432.15 -0.04733768,43.21843090,432.74 -0.04733861,43.21842980,433.54 -0.04734177,43.21842605,436.27 -0.04734711,43.21841971,440.82 -0.04735848,43.21840622,450.40 -0.04736798,43.21839494,458.33 -0.04737908,43.21838177,467.49 -0.04739874,43.21835844,483.47 -0.04741383,43.21834053,495.55 -0.04743041,43.21832085,508.74 -0.04745795,43.21828817,530.49 -0.04747806,43.21826430,546.23 -0.04749950,43.21823885,562.91 -0.04752681,43.21820645,584.01 -0.04753614,43.21819537,591.20 -0.04754318,43.21818702,596.61 -0.04754903,43.21818007,601.10 -0.04756217,43.21816448,611.16 -0.04759694,43.21812321,637.62 -0.04761989,43.21809598,654.97 -0.04764267,43.21806894,672.09 -0.04767173,43.21803445,693.78 -0.04769384,43.21800821,710.18 -0.04772618,43.21796983,733.97 -0.04774722,43.21794486,749.34 -0.04776786,43.21792036,764.31 -0.04779813,43.21788444,786.09 -0.04781787,43.21786102,800.17 -0.04783727,43.21783799,813.91 -0.04786578,43.21780416,833.92 -0.04788441,43.21778205,846.88 -0.04791181,43.21774952,865.76 -0.04792974,43.21772825,877.98 -0.04794741,43.21770728,889.94 -0.04797345,43.21767638,907.37 -0.04799051,43.21765613,918.67 -0.04800734,43.21763616,929.73 -0.04803218,43.21760668,945.86 -0.04804847,43.21758734,956.32 -0.04806457,43.21756823,966.56 -0.04808836,43.21754000,981.50 -0.04810399,43.21752145,991.20 -0.04812710,43.21749402,1005.36 -0.04814230,43.21747599,1014.54 -0.04815732,43.21745816,1023.54 -0.04817958,43.21743174,1036.66 -0.04819423,43.21741436,1045.18 -0.04820873,43.21739715,1053.52 -0.04823021,43.21737165,1065.70 -0.04824438,43.21735484,1073.60 -0.04826537,43.21732993,1085.13 -0.04827921,43.21731351,1092.61 -0.04829293,43.21729722,1099.92 -0.04831329,43.21727306,1110.60 -0.04832672,43.21725712,1117.53 -0.04834004,43.21724131,1124.30 -0.04835984,43.21721782,1134.17 -0.04837291,43.21720231,1140.57 -0.04838588,43.21718691,1146.82 -0.04840515,43.21716403,1155.93 -0.04841790,43.21714891,1161.83 -0.04843684,43.21712644,1170.42 -0.04844936,43.21711157,1175.98 -0.04846180,43.21709681,1181.40 -0.04848031,43.21707484,1189.29 -0.04849256,43.21706030,1194.39 -0.04850474,43.21704585,1199.36 -0.04852286,43.21702434,1206.58 -0.04853486,43.21701010,1211.23 -0.04855273,43.21698889,1217.99 -0.04856456,43.21697485,1222.34 -0.04857634,43.21696088,1226.57 -0.04859388,43.21694006,1232.69 -0.04860550,43.21692627,1236.63 -0.04861707,43.21691253,1240.45 -0.04863431,43.21689207,1245.96 -0.04864575,43.21687850,1249.49 -0.04865713,43.21686500,1252.91 -0.04867411,43.21684484,1257.84 -0.04868537,43.21683148,1260.98 -0.04870217,43.21681153,1265.49 -0.04871332,43.21679831,1268.36 -0.04872442,43.21678513,1271.12 -0.04874100,43.21676546,1275.06 -0.04875199,43.21675241,1277.55 -0.04876295,43.21673940,1279.94 -0.04877932,43.21671998,1283.33 -0.04879018,43.21670709,1285.46 -0.04880641,43.21668783,1288.46 -0.04881718,43.21667504,1290.33 -0.04882792,43.21666230,1292.10 -0.04884396,43.21664326,1294.56 -0.04885462,43.21663062,1296.08 -0.04886524,43.21661801,1297.50 -0.04888110,43.21659918,1299.43 -0.04889165,43.21658667,1300.60 -0.04890216,43.21657420,1301.67 -0.04891787,43.21655555,1303.09 -0.04892830,43.21654317,1303.91 -0.04894389,43.21652467,1304.97 -0.04895426,43.21651237,1305.55 -0.04896458,43.21650011,1306.04 -0.04898003,43.21648178,1306.59 -0.04899029,43.21646959,1306.84 -0.04900053,43.21645745,1306.99 -0.04901075,43.21644532,1307.05 -0.04903122,43.21642103,1306.89 -0.04906204,43.21638444,1305.87 -0.04908259,43.21636006,1304.65 -0.04910317,43.21633563,1302.96 -0.04913414,43.21629888,1299.50 -0.04915494,43.21627420,1296.52 -0.04917591,43.21624931,1292.93 -0.04920785,43.21621140,1286.25 -0.04922960,43.21618559,1280.79 -0.04926315,43.21614577,1270.72 -0.04928633,43.21611827,1262.46 -0.04931034,43.21608977,1252.58 -0.04934840,43.21604460,1233.64 -0.04937558,43.21601234,1217.03 -0.04940470,43.21597778,1195.42 -0.04945153,43.21592221,1148.15 -0.04947648,43.21589259,1112.29 -0.04949550,43.21587002,1075.77 -0.04951579,43.21584594,1020.40 -0.04952529,43.21583467,983.32 -0.04953533,43.21582275,927.64 -0.04954002,43.21581719,890.54 -0.04954354,43.21581301,853.48 -0.04954725,43.21580860,798.00 -0.04954898,43.21580655,761.09 -0.04955028,43.21580501,724.23 -0.04955164,43.21580340,669.08 -0.04955227,43.21580265,632.39 -0.04955293,43.21580186,577.49 -0.04955324,43.21580150,540.96 -0.04955347,43.21580123,504.50 -0.04955371,43.21580094,449.92 -0.04955378,43.21580086,428.96</coordinates></LineString></Placemark>
<Placemark><name>alpha 80 nominal — quadrillage_45</name><description>Motif : quadrillage_45 (45°, 135°)&lt;br/&gt;Pas : 150 m&lt;br/&gt;Segments : 9</description><styleUrl>#s_v4_0_m</styleUrl><MultiGeometry><LineString><altitudeMode>absolute</altitudeMode><coordinates>-0.04870314,43.21681038,398.96 -0.04955307,43.21580170,560.58</coordinates></LineString><LineString><altitudeMode>absolute</altitudeMode><coordinates>-0.04733330,43.21843610,398.96 -0.04954847,43.21580716,772.00</coordinates></LineString><LineString><altitudeMode>absolute</altitudeMode><coordinates>-0.04767125,43.21803502,693.43 -0.04952577,43.21583410,980.62</coordinates></LineString><LineString><altitudeMode>absolute</altitudeMode><coordinates>-0.04806439,43.21756845,966.44 -0.04942310,43.21595594,1176.85</coordinates></LineString><LineString><altitudeMode>absolute</altitudeMode><coordinates>-0.04943580,43.21594087,1164.03 -0.04873226,43.21677583,1272.98</coordinates></LineString><LineString><altitudeMode>absolute</altitudeMode><coordinates>-0.04953369,43.21582470,936.74 -0.04833596,43.21724616,1122.22</coordinates></LineString><LineString><altitudeMode>absolute</altitudeMode><coordinates>-0.04955033,43.21580495,722.03 -0.04804632,43.21758989,954.94</coordinates></LineString><LineString><altitudeMode>absolute</altitudeMode><coordinates>-0.04955344,43.21580127,509.42 -0.04779259,43.21789102,782.10</coordinates></LineString><LineString><altitudeMode>absolute</altitudeMode><coordinates>-0.04870314,43.21681038,398.96 -0.04755618,43.21817159,606.58</coordinates></LineString></MultiGeometry></Placemark>
<Placemark><name>alpha 80 nominal — trace au sol</name><description>Projection au sol</description><styleUrl>#s_v4_0</styleUrl><LineString><tessellate>1</tessellate><altitudeMode>clampToGround</altitudeMode><coordinates>-0.04733330,43.21843610,428.96 -0.04733331,43.21843609,428.96 -0.04733342,43.21843596,428.96 -0.04733356,43.21843579,428.96 -0.04733375,43.21843556,428.96 -0.04733415,43.21843509,428.96 -0.04733449,43.21843469,428.96 -0.04733510,43.21843397,428.96 -0.04733557,43.21843341,428.96 -0.04733610,43.21843277,428.96 -0.04733701,43.21843170,428.96 -0.04733768,43.21843090,428.96 -0.04733861,43.21842980,428.96 -0.04734177,43.21842605,428.96 -0.04734711,43.21841971,428.96 -0.04735848,43.21840622,428.96 -0.04736798,43.21839494,428.96 -0.04737908,43.21838177,428.96 -0.04739874,43.21835844,428.96 -0.04741383,43.21834053,428.96 -0.04743041,43.21832085,428.96 -0.04745795,43.21828817,428.96 -0.04747806,43.21826430,428.96 -0.04749950,43.21823885,428.96 -0.04752681,43.21820645,428.96 -0.04753614,43.21819537,428.96 -0.04754318,43.21818702,428.96 -0.04754903,43.21818007,428.96 -0.04756217,43.21816448,428.96 -0.04759694,43.21812321,428.96 -0.04761989,43.21809598,428.96 -0.04764267,43.21806894,428.96 -0.04767173,43.21803445,428.96 -0.04769384,43.21800821,428.96 -0.04772618,43.21796983,428.96 -0.04774722,43.21794486,428.96 -0.04776786,43.21792036,428.96 -0.04779813,43.21788444,428.96 -0.04781787,43.21786102,428.96 -0.04783727,43.21783799,428.96 -0.04786578,43.21780416,428.96 -0.04788441,43.21778205,428.96 -0.04791181,43.21774952,428.96 -0.04792974,43.21772825,428.96 -0.04794741,43.21770728,428.96 -0.04797345,43.21767638,428.96 -0.04799051,43.21765613,428.96 -0.04800734,43.21763616,428.96 -0.04803218,43.21760668,428.96 -0.04804847,43.21758734,428.96 -0.04806457,43.21756823,428.96 -0.04808836,43.21754000,428.96 -0.04810399,43.21752145,428.96 -0.04812710,43.21749402,428.96 -0.04814230,43.21747599,428.96 -0.04815732,43.21745816,428.96 -0.04817958,43.21743174,428.96 -0.04819423,43.21741436,428.96 -0.04820873,43.21739715,428.96 -0.04823021,43.21737165,428.96 -0.04824438,43.21735484,428.96 -0.04826537,43.21732993,428.96 -0.04827921,43.21731351,428.96 -0.04829293,43.21729722,428.96 -0.04831329,43.21727306,428.96 -0.04832672,43.21725712,428.96 -0.04834004,43.21724131,428.96 -0.04835984,43.21721782,428.96 -0.04837291,43.21720231,428.96 -0.04838588,43.21718691,428.96 -0.04840515,43.21716403,428.96 -0.04841790,43.21714891,428.96 -0.04843684,43.21712644,428.96 -0.04844936,43.21711157,428.96 -0.04846180,43.21709681,428.96 -0.04848031,43.21707484,428.96 -0.04849256,43.21706030,428.96 -0.04850474,43.21704585,428.96 -0.04852286,43.21702434,428.96 -0.04853486,43.21701010,428.96 -0.04855273,43.21698889,428.96 -0.04856456,43.21697485,428.96 -0.04857634,43.21696088,428.96 -0.04859388,43.21694006,428.96 -0.04860550,43.21692627,428.96 -0.04861707,43.21691253,428.96 -0.04863431,43.21689207,428.96 -0.04864575,43.21687850,428.96 -0.04865713,43.21686500,428.96 -0.04867411,43.21684484,428.96 -0.04868537,43.21683148,428.96 -0.04870217,43.21681153,428.96 -0.04871332,43.21679831,428.96 -0.04872442,43.21678513,428.96 -0.04874100,43.21676546,428.96 -0.04875199,43.21675241,428.96 -0.04876295,43.21673940,428.96 -0.04877932,43.21671998,428.96 -0.04879018,43.21670709,428.96 -0.04880641,43.21668783,428.96 -0.04881718,43.21667504,428.96 -0.04882792,43.21666230,428.96 -0.04884396,43.21664326,428.96 -0.04885462,43.21663062,428.96 -0.04886524,43.21661801,428.96 -0.04888110,43.21659918,428.96 -0.04889165,43.21658667,428.96 -0.04890216,43.21657420,428.96 -0.04891787,43.21655555,428.96 -0.04892830,43.21654317,428.96 -0.04894389,43.21652467,428.96 -0.04895426,43.21651237,428.96 -0.04896458,43.21650011,428.96 -0.04898003,43.21648178,428.96 -0.04899029,43.21646959,428.96 -0.04900053,43.21645745,428.96 -0.04901075,43.21644532,428.96 -0.04903122,43.21642103,428.96 -0.04906204,43.21638444,428.96 -0.04908259,43.21636006,428.96 -0.04910317,43.21633563,428.96 -0.04913414,43.21629888,428.96 -0.04915494,43.21627420,428.96 -0.04917591,43.21624931,428.96 -0.04920785,43.21621140,428.96 -0.04922960,43.21618559,428.96 -0.04926315,43.21614577,428.96 -0.04928633,43.21611827,428.96 -0.04931034,43.21608977,428.96 -0.04934840,43.21604460,428.96 -0.04937558,43.21601234,428.96 -0.04940470,43.21597778,428.96 -0.04945153,43.21592221,428.96 -0.04947648,43.21589259,428.96 -0.04949550,43.21587002,428.96 -0.04951579,43.21584594,428.96 -0.04952529,43.21583467,428.96 -0.04953533,43.21582275,428.96 -0.04954002,43.21581719,428.96 -0.04954354,43.21581301,428.96 -0.04954725,43.21580860,428.96 -0.04954898,43.21580655,428.96 -0.04955028,43.21580501,428.96 -0.04955164,43.21580340,428.96 -0.04955227,43.21580265,428.96 -0.04955293,43.21580186,428.96 -0.04955324,43.21580150,428.96 -0.04955347,43.21580123,428.96 -0.04955371,43.21580094,428.96 -0.04955378,43.21580086,428.96</coordinates></LineString></Placemark>
<Placemark><name>beta 80 nominal</name><description>Groupe : SP02 K1200&lt;br/&gt;Fichier : beta_80.csv&lt;br/&gt;Pas de tir : Rampe FusEx&lt;br/&gt;Azimut : 211.6°&lt;br/&gt;Apogée : 2990 m&lt;br/&gt;Portée : 962 m&lt;br/&gt;Points : 150 / 740&lt;br/&gt;Rideau : quadrillage_45</description><styleUrl>#s_v4_1</styleUrl><LineString><extrude>0</extrude><altitudeMode>absolute</altitudeMode><coordinates>-0.04733330,43.21843610,428.96 -0.04733342,43.21843596,429.05 -0.04733387,43.21843542,429.44 -0.04733468,43.21843447,430.13 -0.04733583,43.21843310,431.13 -0.04733734,43.21843131,432.44 -0.04734017,43.21842795,434.90 -0.04735431,43.21841117,446.89 -0.04737908,43.21838177,467.49 -0.04741383,43.21834053,495.55 -0.04745795,43.21828817,530.49 -0.04751071,43.21822556,571.58 -0.04753849,43.21819259,593.01 -0.04754903,43.21818007,601.10 -0.04759694,43.21812321,637.62 -0.04765401,43.21805549,680.57 -0.04771112,43.21798771,722.97 -0.04779919,43.21788319,787.68 -0.04791180,43.21774955,869.74 -0.04801517,43.21762686,944.61 -0.04808453,43.21754455,994.65 -0.04815444,43.21746158,1044.95 -0.04825470,43.21734260,1116.89 -0.04836649,43.21720992,1196.85 -0.04843305,43.21713093,1244.34 -0.04849683,43.21705524,1289.76 -0.04861964,43.21690948,1377.03 -0.04864517,43.21687919,1395.13 -0.04867681,43.21684164,1417.55 -0.04871232,43.21679949,1442.69 -0.04874989,43.21675490,1469.25 -0.04880514,43.21668934,1508.25 -0.04889215,43.21658607,1569.53 -0.04890959,43.21656538,1581.77 -0.04892452,43.21654766,1592.26 -0.04894345,43.21652519,1605.55 -0.04896387,43.21650095,1619.87 -0.04898768,43.21647270,1636.55 -0.04901197,43.21644387,1653.55 -0.04904646,43.21640294,1677.66 -0.04908632,43.21635563,1705.47 -0.04916622,43.21626081,1761.05 -0.04926933,43.21613844,1832.41 -0.04935168,43.21604071,1889.06 -0.04946045,43.21591162,1963.39 -0.04956330,43.21578956,2033.08 -0.04966116,43.21567342,2098.78 -0.04975467,43.21556244,2160.97 -0.04984436,43.21545599,2220.02 -0.04993064,43.21535361,2276.22 -0.05001385,43.21525485,2329.82 -0.05009428,43.21515940,2381.03 -0.05017217,43.21506696,2430.02 -0.05024773,43.21497728,2476.95 -0.05032116,43.21489014,2521.95 -0.05039262,43.21480533,2565.13 -0.05046226,43.21472269,2606.61 -0.05053019,43.21464206,2646.48 -0.05059655,43.21456331,2684.81 -0.05066143,43.21448631,2721.69 -0.05072494,43.21441093,2757.19 -0.05078716,43.21433709,2791.35 -0.05084817,43.21426469,2824.25 -0.05089615,43.21420775,2849.69 -0.05095516,43.21413772,2880.42 -0.05101315,43.21406890,2910.02 -0.05107018,43.21400121,2938.53 -0.05112629,43.21393461,2965.97 -0.05118155,43.21386903,2992.39 -0.05123600,43.21380441,3017.81 -0.05128968,43.21374070,3042.27 -0.05134263,43.21367786,3065.79 -0.05139489,43.21361584,3088.39 -0.05144650,43.21355459,3110.11 -0.05149749,43.21349408,3130.96 -0.05154789,43.21343426,3150.96 -0.05159773,43.21337512,3170.13 -0.05164704,43.21331660,3188.49 -0.05169585,43.21325867,3206.06 -0.05174417,43.21320133,3222.85 -0.05179204,43.21314451,3238.87 -0.05183948,43.21308821,3254.14 -0.05188650,43.21303240,3268.68 -0.05193314,43.21297706,3282.48 -0.05197941,43.21292215,3295.57 -0.05202532,43.21286766,3307.95 -0.05207089,43.21281357,3319.64 -0.05210712,43.21277057,3328.49 -0.05215213,43.21271716,3338.94 -0.05219685,43.21266409,3348.72 -0.05224129,43.21261134,3357.83 -0.05228547,43.21255892,3366.28 -0.05232938,43.21250680,3374.08 -0.05237306,43.21245496,3381.24 -0.05241651,43.21240340,3387.75 -0.05245974,43.21235210,3393.62 -0.05250275,43.21230105,3398.86 -0.05254556,43.21225025,3403.48 -0.05258816,43.21219968,3407.47 -0.05263059,43.21214933,3410.85 -0.05267283,43.21209920,3413.61 -0.05271490,43.21204927,3415.76 -0.05275680,43.21199954,3417.30 -0.05279855,43.21195000,3418.24 -0.05284015,43.21190062,3418.57 -0.05290109,43.21182831,3417.95 -0.05297570,43.21173975,3415.12 -0.05305050,43.21165098,3409.47 -0.05312529,43.21156222,3400.29 -0.05320064,43.21147280,3386.39 -0.05327782,43.21138120,3365.43 -0.05335887,43.21128501,3331.85 -0.05342822,43.21120271,3285.24 -0.05349110,43.21112809,3204.20 -0.05351990,43.21109391,3121.39 -0.05353289,43.21107849,3038.46 -0.05353872,43.21107157,2955.77 -0.05354132,43.21106848,2873.40 -0.05354248,43.21106710,2791.38 -0.05354299,43.21106650,2709.70 -0.05354322,43.21106623,2628.36 -0.05354332,43.21106611,2547.35 -0.05354336,43.21106606,2466.67 -0.05354338,43.21106604,2386.31 -0.05354339,43.21106603,2306.28 -0.05354340,43.21106602,2226.57 -0.05354340,43.21106602,2147.18 -0.05354340,43.21106602,2068.11 -0.05354340,43.21106602,1989.35 -0.05354339,43.21106603,1910.89 -0.05354339,43.21106603,1832.73 -0.05354339,43.21106603,1754.88 -0.05354339,43.21106603,1677.34 -0.05354339,43.21106603,1600.09 -0.05354339,43.21106603,1523.13 -0.05354339,43.21106603,1446.47 -0.05354339,43.21106603,1370.08 -0.05354339,43.21106603,1309.18 -0.05354339,43.21106603,1233.32 -0.05354339,43.21106603,1157.73 -0.05354338,43.21106604,1082.43 -0.05354338,43.21106604,1007.40 -0.05354338,43.21106604,932.64 -0.05354338,43.21106604,858.15 -0.05354338,43.21106604,783.93 -0.05354338,43.21106604,709.98 -0.05354338,43.21106604,636.29 -0.05354338,43.21106604,562.87 -0.05354338,43.21106604,489.71 -0.05354338,43.21106604,428.96</coordinates></LineString></Placemark>
<Placemark><name>beta 80 nominal — quadrillage_45</name><description>Motif : quadrillage_45 (45°, 135°)&lt;br/&gt;Pas : 150 m&lt;br/&gt;Segments : 33</description><styleUrl>#s_v4_1_m</styleUrl><MultiGeometry><LineString><altitudeMode>absolute</altitudeMode><coordinates>-0.05281267,43.21193324,398.96 -0.05354339,43.21106602,542.12</coordinates></LineString><LineString><altitudeMode>absolute</altitudeMode><coordinates>-0.05144283,43.21355895,398.96 -0.05354339,43.21106602,754.25</coordinates></LineString><LineString><altitudeMode>absolute</altitudeMode><coordinates>-0.05007299,43.21518467,398.96 -0.05354339,43.21106602,966.38</coordinates></LineString><LineString><altitudeMode>absolute</altitudeMode><coordinates>-0.04870314,43.21681038,398.96 -0.05354339,43.21106602,1178.51</coordinates></LineString><LineString><altitudeMode>absolute</altitudeMode><coordinates>-0.04733330,43.21843610,398.96 -0.05354339,43.21106602,1390.65</coordinates></LineString><LineString><altitudeMode>absolute</altitudeMode><coordinates>-0.04767134,43.21803492,693.44 -0.05354339,43.21106602,1602.78</coordinates></LineString><LineString><altitudeMode>absolute</altitudeMode><coordinates>-0.04804024,43.21759711,962.70 -0.05354339,43.21106602,1814.91</coordinates></LineString><LineString><altitudeMode>absolute</altitudeMode><coordinates>-0.04841752,43.21714936,1233.26 -0.05354339,43.21106602,2027.04</coordinates></LineString><LineString><altitudeMode>absolute</altitudeMode><coordinates>-0.04880000,43.21669544,1504.62 -0.05354339,43.21106602,2239.17</coordinates></LineString><LineString><altitudeMode>absolute</altitudeMode><coordinates>-0.04918933,43.21623338,1777.04 -0.05354337,43.21106606,2451.30</coordinates></LineString><LineString><altitudeMode>absolute</altitudeMode><coordinates>-0.04959043,43.21575736,2051.29 -0.05354312,43.21106634,2663.40</coordinates></LineString><LineString><altitudeMode>absolute</altitudeMode><coordinates>-0.05001215,43.21525686,2328.73 -0.05354126,43.21106855,2875.24</coordinates></LineString><LineString><altitudeMode>absolute</altitudeMode><coordinates>-0.05047140,43.21471183,2611.98 -0.05352561,43.21108713,3084.95</coordinates></LineString><LineString><altitudeMode>absolute</altitudeMode><coordinates>-0.05100747,43.21407563,2907.12 -0.05343046,43.21120005,3282.35</coordinates></LineString><LineString><altitudeMode>absolute</altitudeMode><coordinates>-0.05180331,43.21313114,3242.50 -0.05292936,43.21179475,3416.88</coordinates></LineString><LineString><altitudeMode>absolute</altitudeMode><coordinates>-0.05339294,43.21124458,3308.95 -0.05270612,43.21205969,3415.31</coordinates></LineString><LineString><altitudeMode>absolute</altitudeMode><coordinates>-0.05352700,43.21108548,3076.06 -0.05202691,43.21286577,3308.36</coordinates></LineString><LineString><altitudeMode>absolute</altitudeMode><coordinates>-0.05354149,43.21106828,2861.68 -0.05158393,43.21339149,3164.83</coordinates></LineString><LineString><altitudeMode>absolute</altitudeMode><coordinates>-0.05354316,43.21106630,2649.29 -0.05121793,43.21382586,3009.37</coordinates></LineString><LineString><altitudeMode>absolute</altitudeMode><coordinates>-0.05354337,43.21106605,2437.13 -0.05089233,43.21421228,2847.66</coordinates></LineString><LineString><altitudeMode>absolute</altitudeMode><coordinates>-0.05354339,43.21106602,2224.99 -0.05059180,43.21456895,2682.07</coordinates></LineString><LineString><altitudeMode>absolute</altitudeMode><coordinates>-0.05354339,43.21106602,2012.86 -0.05030801,43.21490575,2513.89</coordinates></LineString><LineString><altitudeMode>absolute</altitudeMode><coordinates>-0.05354339,43.21106602,1800.73 -0.05003594,43.21522863,2343.88</coordinates></LineString><LineString><altitudeMode>absolute</altitudeMode><coordinates>-0.05354339,43.21106602,1588.59 -0.04977231,43.21554151,2172.58</coordinates></LineString><LineString><altitudeMode>absolute</altitudeMode><coordinates>-0.05354339,43.21106602,1376.46 -0.04951493,43.21584696,2000.30</coordinates></LineString><LineString><altitudeMode>absolute</altitudeMode><coordinates>-0.05354339,43.21106602,1164.33 -0.04926200,43.21614713,1827.34</coordinates></LineString><LineString><altitudeMode>absolute</altitudeMode><coordinates>-0.05354339,43.21106602,952.20 -0.04901241,43.21644335,1653.86</coordinates></LineString><LineString><altitudeMode>absolute</altitudeMode><coordinates>-0.05354339,43.21106602,740.07 -0.04876515,43.21673680,1480.02</coordinates></LineString><LineString><altitudeMode>absolute</altitudeMode><coordinates>-0.05354339,43.21106602,527.93 -0.04851956,43.21702826,1305.92</coordinates></LineString><LineString><altitudeMode>absolute</altitudeMode><coordinates>-0.05281267,43.21193324,398.96 -0.04827528,43.21731817,1131.61</coordinates></LineString><LineString><altitudeMode>absolute</altitudeMode><coordinates>-0.05144283,43.21355895,398.96 -0.04803246,43.21760634,957.08</coordinates></LineString><LineString><altitudeMode>absolute</altitudeMode><coordinates>-0.05007298,43.21518467,398.96 -0.04779176,43.21789200,782.23</coordinates></LineString><LineString><altitudeMode>absolute</altitudeMode><coordinates>-0.04870314,43.21681039,398.96 -0.04755621,43.21817155,606.57</coordinates></LineString></MultiGeometry></Placemark>
<Placemark><name>beta 80 nominal — trace au sol</name><description>Projection au sol</description><styleUrl>#s_v4_1</styleUrl><LineString><tessellate>1</tessellate><altitudeMode>clampToGround</altitudeMode><coordinates>-0.04733330,43.21843610,428.96 -0.04733342,43.21843596,428.96 -0.04733387,43.21843542,428.96 -0.04733468,43.21843447,428.96 -0.04733583,43.21843310,428.96 -0.04733734,43.21843131,428.96 -0.04734017,43.21842795,428.96 -0.04735431,43.21841117,428.96 -0.04737908,43.21838177,428.96 -0.04741383,43.21834053,428.96 -0.04745795,43.21828817,428.96 -0.04751071,43.21822556,428.96 -0.04753849,43.21819259,428.96 -0.04754903,43.21818007,428.96 -0.04759694,43.21812321,428.96 -0.04765401,43.21805549,428.96 -0.04771112,43.21798771,428.96 -0.04779919,43.21788319,428.96 -0.04791180,43.21774955,428.96 -0.04801517,43.21762686,428.96 -0.04808453,43.21754455,428.96 -0.04815444,43.21746158,428.96 -0.04825470,43.21734260,428.96 -0.04836649,43.21720992,428.96 -0.04843305,43.21713093,428.96 -0.04849683,43.21705524,428.96 -0.04861964,43.21690948,428.96 -0.04864517,43.21687919,428.96 -0.04867681,43.21684164,428.96 -0.04871232,43.21679949,428.96 -0.04874989,43.21675490,428.96 -0.04880514,43.21668934,428.96 -0.04889215,43.21658607,428.96 -0.04890959,43.21656538,428.96 -0.04892452,43.21654766,428.96 -0.04894345,43.21652519,428.96 -0.04896387,43.21650095,428.96 -0.04898768,43.21647270,428.96 -0.04901197,43.21644387,428.96 -0.04904646,43.21640294,428.96 -0.04908632,43.21635563,428.96 -0.04916622,43.21626081,428.96 -0.04926933,43.21613844,428.96 -0.04935168,43.21604071,428.96 -0.04946045,43.21591162,428.96 -0.04956330,43.21578956,428.96 -0.04966116,43.21567342,428.96 -0.04975467,43.21556244,428.96 -0.04984436,43.21545599,428.96 -0.04993064,43.21535361,428.96 -0.05001385,43.21525485,428.96 -0.05009428,43.21515940,428.96 -0.05017217,43.21506696,428.96 -0.05024773,43.21497728,428.96 -0.05032116,43.21489014,428.96 -0.05039262,43.21480533,428.96 -0.05046226,43.21472269,428.96 -0.05053019,43.21464206,428.96 -0.05059655,43.21456331,428.96 -0.05066143,43.21448631,428.96 -0.05072494,43.21441093,428.96 -0.05078716,43.21433709,428.96 -0.05084817,43.21426469,428.96 -0.05089615,43.21420775,428.96 -0.05095516,43.21413772,428.96 -0.05101315,43.21406890,428.96 -0.05107018,43.21400121,428.96 -0.05112629,43.21393461,428.96 -0.05118155,43.21386903,428.96 -0.05123600,43.21380441,428.96 -0.05128968,43.21374070,428.96 -0.05134263,43.21367786,428.96 -0.05139489,43.21361584,428.96 -0.05144650,43.21355459,428.96 -0.05149749,43.21349408,428.96 -0.05154789,43.21343426,428.96 -0.05159773,43.21337512,428.96 -0.05164704,43.21331660,428.96 -0.05169585,43.21325867,428.96 -0.05174417,43.21320133,428.96 -0.05179204,43.21314451,428.96 -0.05183948,43.21308821,428.96 -0.05188650,43.21303240,428.96 -0.05193314,43.21297706,428.96 -0.05197941,43.21292215,428.96 -0.05202532,43.21286766,428.96 -0.05207089,43.21281357,428.96 -0.05210712,43.21277057,428.96 -0.05215213,43.21271716,428.96 -0.05219685,43.21266409,428.96 -0.05224129,43.21261134,428.96 -0.05228547,43.21255892,428.96 -0.05232938,43.21250680,428.96 -0.05237306,43.21245496,428.96 -0.05241651,43.21240340,428.96 -0.05245974,43.21235210,428.96 -0.05250275,43.21230105,428.96 -0.05254556,43.21225025,428.96 -0.05258816,43.21219968,428.96 -0.05263059,43.21214933,428.96 -0.05267283,43.21209920,428.96 -0.05271490,43.21204927,428.96 -0.05275680,43.21199954,428.96 -0.05279855,43.21195000,428.96 -0.05284015,43.21190062,428.96 -0.05290109,43.21182831,428.96 -0.05297570,43.21173975,428.96 -0.05305050,43.21165098,428.96 -0.05312529,43.21156222,428.96 -0.05320064,43.21147280,428.96 -0.05327782,43.21138120,428.96 -0.05335887,43.21128501,428.96 -0.05342822,43.21120271,428.96 -0.05349110,43.21112809,428.96 -0.05351990,43.21109391,428.96 -0.05353289,43.21107849,428.96 -0.05353872,43.21107157,428.96 -0.05354132,43.21106848,428.96 -0.05354248,43.21106710,428.96 -0.05354299,43.21106650,428.96 -0.05354322,43.21106623,428.96 -0.05354332,43.21106611,428.96 -0.05354336,43.21106606,428.96 -0.05354338,43.21106604,428.96 -0.05354339,43.21106603,428.96 -0.05354340,43.21106602,428.96 -0.05354340,43.21106602,428.96 -0.05354340,43.21106602,428.96 -0.05354340,43.21106602,428.96 -0.05354339,43.21106603,428.96 -0.05354339,43.21106603,428.96 -0.05354339,43.21106603,428.96 -0.05354339,43.21106603,428.96 -0.05354339,43.21106603,428.96 -0.05354339,43.21106603,428.96 -0.05354339,43.21106603,428.96 -0.05354339,43.21106603,428.96 -0.05354339,43.21106603,428.96 -0.05354339,43.21106603,428.96 -0.05354339,43.21106603,428.96 -0.05354338,43.21106604,428.96 -0.05354338,43.21106604,428.96 -0.05354338,43.21106604,428.96 -0.05354338,43.21106604,428.96 -0.05354338,43.21106604,428.96 -0.05354338,43.21106604,428.96 -0.05354338,43.21106604,428.96 -0.05354338,43.21106604,428.96 -0.05354338,43.21106604,428.96 -0.05354338,43.21106604,428.96</coordinates></LineString></Placemark>
<Placemark><name>alpha 45 nominal</name><description>Groupe : SP02 K1200&lt;br/&gt;Fichier : alpha_45.csv&lt;br/&gt;Pas de tir : Rampe FusEx&lt;br/&gt;Azimut : 211.6°&lt;br/&gt;Apogée : 470 m&lt;br/&gt;Portée : 1288 m&lt;br/&gt;Points : 150 / 435&lt;br/&gt;Rideau : quadrillage_45</description><styleUrl>#s_v4_2</styleUrl><LineString><extrude>0</extrude><altitudeMode>absolute</altitudeMode><coordinates>-0.04733330,43.21843610,428.96 -0.04733342,43.21843595,428.97 -0.04733405,43.21843521,429.06 -0.04733519,43.21843385,429.23 -0.04733685,43.21843189,429.47 -0.04733903,43.21842930,429.80 -0.04734077,43.21842723,430.06 -0.04734383,43.21842361,430.52 -0.04734742,43.21841935,431.07 -0.04735154,43.21841445,431.69 -0.04735788,43.21840692,432.66 -0.04737812,43.21838291,435.68 -0.04742020,43.21833297,441.85 -0.04747637,43.21826630,449.96 -0.04754686,43.21818265,459.90 -0.04763166,43.21808201,471.53 -0.04773004,43.21796526,484.76 -0.04784117,43.21783337,499.52 -0.04792211,43.21773731,510.14 -0.04805318,43.21758175,527.11 -0.04813639,43.21748300,537.79 -0.04817391,43.21743848,542.58 -0.04820675,43.21739949,546.77 -0.04830595,43.21728177,559.31 -0.04844456,43.21711727,576.66 -0.04858154,43.21695470,593.59 -0.04869773,43.21681681,607.77 -0.04882950,43.21666043,623.65 -0.04895717,43.21650891,638.82 -0.04904015,43.21641042,648.56 -0.04916163,43.21626626,662.63 -0.04927971,43.21612612,676.10 -0.04939462,43.21598975,688.98 -0.04950654,43.21585692,701.32 -0.04961567,43.21572741,713.12 -0.04972215,43.21560104,724.43 -0.04982614,43.21547762,735.25 -0.04992778,43.21535700,745.61 -0.05002718,43.21523903,755.53 -0.05012447,43.21512357,765.01 -0.05021974,43.21501050,774.09 -0.05028220,43.21493638,779.91 -0.05037434,43.21482702,788.33 -0.05046472,43.21471976,796.36 -0.05055342,43.21461450,804.03 -0.05064051,43.21451114,811.34 -0.05072606,43.21440960,818.30 -0.05081015,43.21430981,824.93 -0.05089282,43.21421170,831.22 -0.05097414,43.21411519,837.20 -0.05105416,43.21402022,842.86 -0.05113294,43.21392673,848.21 -0.05118479,43.21386519,851.62 -0.05126159,43.21377405,856.48 -0.05133726,43.21368424,861.05 -0.05141184,43.21359572,865.33 -0.05148538,43.21350845,869.34 -0.05155791,43.21342237,873.08 -0.05162946,43.21333746,876.54 -0.05170007,43.21325366,879.74 -0.05176976,43.21317095,882.69 -0.05183856,43.21308931,885.37 -0.05190650,43.21300867,887.81 -0.05197361,43.21292903,889.99 -0.05201789,43.21287647,891.31 -0.05208366,43.21279841,893.10 -0.05214866,43.21272128,894.64 -0.05221290,43.21264503,895.94 -0.05227642,43.21256965,897.01 -0.05233922,43.21249512,897.85 -0.05240132,43.21242142,898.47 -0.05246275,43.21234853,898.86 -0.05254361,43.21225255,899.03 -0.05258361,43.21220508,898.97 -0.05264308,43.21213450,898.69 -0.05268238,43.21208786,898.39 -0.05274083,43.21201850,897.76 -0.05279867,43.21194985,896.92 -0.05285592,43.21188191,895.87 -0.05291259,43.21181466,894.61 -0.05296868,43.21174808,893.14 -0.05302422,43.21168217,891.48 -0.05307920,43.21161693,889.61 -0.05313363,43.21155232,887.53 -0.05318754,43.21148835,885.27 -0.05324090,43.21142502,882.80 -0.05327618,43.21138314,881.05 -0.05332868,43.21132084,878.26 -0.05338067,43.21125915,875.28 -0.05343214,43.21119806,872.11 -0.05348311,43.21113757,868.76 -0.05353357,43.21107768,865.21 -0.05358355,43.21101837,861.48 -0.05363303,43.21095965,857.58 -0.05368202,43.21090150,853.48 -0.05373053,43.21084393,849.22 -0.05377856,43.21078693,844.77 -0.05382610,43.21073050,840.15 -0.05385755,43.21069319,836.97 -0.05390430,43.21063770,832.07 -0.05395059,43.21058276,826.99 -0.05399641,43.21052838,821.75 -0.05404177,43.21047455,816.33 -0.05408666,43.21042127,810.76 -0.05413110,43.21036854,805.02 -0.05417507,43.21031636,799.13 -0.05421858,43.21026471,793.08 -0.05426164,43.21021361,786.87 -0.05430425,43.21016305,780.50 -0.05433240,43.21012964,776.18 -0.05437425,43.21007997,769.56 -0.05441566,43.21003083,762.80 -0.05445661,43.20998223,755.89 -0.05449712,43.20993415,748.84 -0.05453718,43.20988661,741.65 -0.05457680,43.20983959,734.32 -0.05461598,43.20979309,726.85 -0.05465472,43.20974711,719.24 -0.05469302,43.20970166,711.50 -0.05473088,43.20965672,703.63 -0.05476831,43.20961230,695.63 -0.05479302,43.20958297,690.23 -0.05482974,43.20953940,682.02 -0.05486602,43.20949634,673.69 -0.05490187,43.20945379,665.24 -0.05493730,43.20941174,656.67 -0.05497230,43.20937020,647.98 -0.05500689,43.20932916,639.18 -0.05504105,43.20928862,630.26 -0.05507480,43.20924857,621.24 -0.05510813,43.20920901,612.11 -0.05514105,43.20916994,602.87 -0.05516277,43.20914416,596.65 -0.05519500,43.20910591,587.24 -0.05522683,43.20906813,577.73 -0.05525826,43.20903083,568.12 -0.05528929,43.20899401,558.41 -0.05531991,43.20895767,548.61 -0.05535015,43.20892179,538.72 -0.05537999,43.20888637,528.74 -0.05540943,43.20885143,518.67 -0.05543849,43.20881694,508.51 -0.05546716,43.20878291,498.27 -0.05549546,43.20874933,487.95 -0.05551411,43.20872720,481.02 -0.05554177,43.20869437,470.56 -0.05556906,43.20866198,460.03 -0.05559598,43.20863004,449.42 -0.05562253,43.20859852,438.73 -0.05564871,43.20856745,427.97</coordinates></LineString></Placemark>
<Placemark><name>alpha 45 nominal — quadrillage_45</name><description>Motif : quadrillage_45 (45°, 135°)&lt;br/&gt;Pas : 150 m&lt;br/&gt;Segments : 12</description><styleUrl>#s_v4_2_m</styleUrl><MultiGeometry><LineString><altitudeMode>absolute</altitudeMode><coordinates>-0.05555236,43.20868180,398.96 -0.05562056,43.20860086,439.52</coordinates></LineString><LineString><altitudeMode>absolute</altitudeMode><coordinates>-0.05418251,43.21030752,398.96 -0.05519828,43.20910202,586.26</coordinates></LineString><LineString><altitudeMode>absolute</altitudeMode><coordinates>-0.05281267,43.21193324,398.96 -0.05466879,43.20973041,716.40</coordinates></LineString><LineString><altitudeMode>absolute</altitudeMode><coordinates>-0.05144283,43.21355895,398.96 -0.05398654,43.21054010,822.88</coordinates></LineString><LineString><altitudeMode>absolute</altitudeMode><coordinates>-0.05007299,43.21518467,398.96 -0.05305329,43.21164767,890.49</coordinates></LineString><LineString><altitudeMode>absolute</altitudeMode><coordinates>-0.04870314,43.21681038,398.96 -0.05157700,43.21339972,874.00</coordinates></LineString><LineString><altitudeMode>absolute</altitudeMode><coordinates>-0.05555236,43.20868181,398.96 -0.05251726,43.21228382,898.97</coordinates></LineString><LineString><altitudeMode>absolute</altitudeMode><coordinates>-0.05418251,43.21030752,398.96 -0.05137741,43.21363659,863.35</coordinates></LineString><LineString><altitudeMode>absolute</altitudeMode><coordinates>-0.05281267,43.21193324,398.96 -0.05044914,43.21473826,794.97</coordinates></LineString><LineString><altitudeMode>absolute</altitudeMode><coordinates>-0.05144283,43.21355895,398.96 -0.04961106,43.21573288,712.63</coordinates></LineString><LineString><altitudeMode>absolute</altitudeMode><coordinates>-0.05007298,43.21518467,398.96 -0.04882179,43.21666958,622.72</coordinates></LineString><LineString><altitudeMode>absolute</altitudeMode><coordinates>-0.04870314,43.21681039,398.96 -0.04806201,43.21757127,528.24</coordinates></LineString></MultiGeometry></Placemark>
<Placemark><name>alpha 45 nominal — trace au sol</name><description>Projection au sol</description><styleUrl>#s_v4_2</styleUrl><LineString><tessellate>1</tessellate><altitudeMode>clampToGround</altitudeMode><coordinates>-0.04733330,43.21843610,428.96 -0.04733342,43.21843595,428.96 -0.04733405,43.21843521,428.96 -0.04733519,43.21843385,428.96 -0.04733685,43.21843189,428.96 -0.04733903,43.21842930,428.96 -0.04734077,43.21842723,428.96 -0.04734383,43.21842361,428.96 -0.04734742,43.21841935,428.96 -0.04735154,43.21841445,428.96 -0.04735788,43.21840692,428.96 -0.04737812,43.21838291,428.96 -0.04742020,43.21833297,428.96 -0.04747637,43.21826630,428.96 -0.04754686,43.21818265,428.96 -0.04763166,43.21808201,428.96 -0.04773004,43.21796526,428.96 -0.04784117,43.21783337,428.96 -0.04792211,43.21773731,428.96 -0.04805318,43.21758175,428.96 -0.04813639,43.21748300,428.96 -0.04817391,43.21743848,428.96 -0.04820675,43.21739949,428.96 -0.04830595,43.21728177,428.96 -0.04844456,43.21711727,428.96 -0.04858154,43.21695470,428.96 -0.04869773,43.21681681,428.96 -0.04882950,43.21666043,428.96 -0.04895717,43.21650891,428.96 -0.04904015,43.21641042,428.96 -0.04916163,43.21626626,428.96 -0.04927971,43.21612612,428.96 -0.04939462,43.21598975,428.96 -0.04950654,43.21585692,428.96 -0.04961567,43.21572741,428.96 -0.04972215,43.21560104,428.96 -0.04982614,43.21547762,428.96 -0.04992778,43.21535700,428.96 -0.05002718,43.21523903,428.96 -0.05012447,43.21512357,428.96 -0.05021974,43.21501050,428.96 -0.05028220,43.21493638,428.96 -0.05037434,43.21482702,428.96 -0.05046472,43.21471976,428.96 -0.05055342,43.21461450,428.96 -0.05064051,43.21451114,428.96 -0.05072606,43.21440960,428.96 -0.05081015,43.21430981,428.96 -0.05089282,43.21421170,428.96 -0.05097414,43.21411519,428.96 -0.05105416,43.21402022,428.96 -0.05113294,43.21392673,428.96 -0.05118479,43.21386519,428.96 -0.05126159,43.21377405,428.96 -0.05133726,43.21368424,428.96 -0.05141184,43.21359572,428.96 -0.05148538,43.21350845,428.96 -0.05155791,43.21342237,428.96 -0.05162946,43.21333746,428.96 -0.05170007,43.21325366,428.96 -0.05176976,43.21317095,428.96 -0.05183856,43.21308931,428.96 -0.05190650,43.21300867,428.96 -0.05197361,43.21292903,428.96 -0.05201789,43.21287647,428.96 -0.05208366,43.21279841,428.96 -0.05214866,43.21272128,428.96 -0.05221290,43.21264503,428.96 -0.05227642,43.21256965,428.96 -0.05233922,43.21249512,428.96 -0.05240132,43.21242142,428.96 -0.05246275,43.21234853,428.96 -0.05254361,43.21225255,428.96 -0.05258361,43.21220508,428.96 -0.05264308,43.21213450,428.96 -0.05268238,43.21208786,428.96 -0.05274083,43.21201850,428.96 -0.05279867,43.21194985,428.96 -0.05285592,43.21188191,428.96 -0.05291259,43.21181466,428.96 -0.05296868,43.21174808,428.96 -0.05302422,43.21168217,428.96 -0.05307920,43.21161693,428.96 -0.05313363,43.21155232,428.96 -0.05318754,43.21148835,428.96 -0.05324090,43.21142502,428.96 -0.05327618,43.21138314,428.96 -0.05332868,43.21132084,428.96 -0.05338067,43.21125915,428.96 -0.05343214,43.21119806,428.96 -0.05348311,43.21113757,428.96 -0.05353357,43.21107768,428.96 -0.05358355,43.21101837,428.96 -0.05363303,43.21095965,428.96 -0.05368202,43.21090150,428.96 -0.05373053,43.21084393,428.96 -0.05377856,43.21078693,428.96 -0.05382610,43.21073050,428.96 -0.05385755,43.21069319,428.96 -0.05390430,43.21063770,428.96 -0.05395059,43.21058276,428.96 -0.05399641,43.21052838,428.96 -0.05404177,43.21047455,428.96 -0.05408666,43.21042127,428.96 -0.05413110,43.21036854,428.96 -0.05417507,43.21031636,428.96 -0.05421858,43.21026471,428.96 -0.05426164,43.21021361,428.96 -0.05430425,43.21016305,428.96 -0.05433240,43.21012964,428.96 -0.05437425,43.21007997,428.96 -0.05441566,43.21003083,428.96 -0.05445661,43.20998223,428.96 -0.05449712,43.20993415,428.96 -0.05453718,43.20988661,428.96 -0.05457680,43.20983959,428.96 -0.05461598,43.20979309,428.96 -0.05465472,43.20974711,428.96 -0.05469302,43.20970166,428.96 -0.05473088,43.20965672,428.96 -0.05476831,43.20961230,428.96 -0.05479302,43.20958297,428.96 -0.05482974,43.20953940,428.96 -0.05486602,43.20949634,428.96 -0.05490187,43.20945379,428.96 -0.05493730,43.20941174,428.96 -0.05497230,43.20937020,428.96 -0.05500689,43.20932916,428.96 -0.05504105,43.20928862,428.96 -0.05507480,43.20924857,428.96 -0.05510813,43.20920901,428.96 -0.05514105,43.20916994,428.96 -0.05516277,43.20914416,428.96 -0.05519500,43.20910591,428.96 -0.05522683,43.20906813,428.96 -0.05525826,43.20903083,428.96 -0.05528929,43.20899401,428.96 -0.05531991,43.20895767,428.96 -0.05535015,43.20892179,428.96 -0.05537999,43.20888637,428.96 -0.05540943,43.20885143,428.96 -0.05543849,43.20881694,428.96 -0.05546716,43.20878291,428.96 -0.05549546,43.20874933,428.96 -0.05551411,43.20872720,428.96 -0.05554177,43.20869437,428.96 -0.05556906,43.20866198,428.96 -0.05559598,43.20863004,428.96 -0.05562253,43.20859852,428.96 -0.05564871,43.20856745,428.96</coordinates></LineString></Placemark>
<Placemark><name>beta 45 nominal</name><description>Groupe : SP02 K1200&lt;br/&gt;Fichier : beta_45.csv&lt;br/&gt;Pas de tir : Rampe FusEx&lt;br/&gt;Azimut : 211.6°&lt;br/&gt;Apogée : 1516 m&lt;br/&gt;Portée : 3762 m&lt;br/&gt;Points : 150 / 823&lt;br/&gt;Rideau : quadrillage_45</description><styleUrl>#s_v4_3</styleUrl><LineString><extrude>0</extrude><altitudeMode>absolute</altitudeMode><coordinates>-0.04733330,43.21843610,428.96 -0.04733405,43.21843521,429.06 -0.04733624,43.21843261,429.38 -0.04734077,43.21842723,430.06 -0.04734616,43.21842083,430.88 -0.04735539,43.21840988,432.28 -0.04739058,43.21836812,437.52 -0.04749827,43.21824032,453.08 -0.04763166,43.21808201,471.53 -0.04784117,43.21783337,499.52 -0.04805318,43.21758175,527.11 -0.04817391,43.21743848,542.58 -0.04825937,43.21733705,553.43 -0.04853605,43.21700869,587.99 -0.04874269,43.21676344,613.22 -0.04912372,43.21631125,658.80 -0.04954541,43.21581079,708.49 -0.05004484,43.21521807,766.68 -0.05029138,43.21492547,795.20 -0.05071342,43.21442461,843.77 -0.05102505,43.21405477,879.46 -0.05144747,43.21355344,927.61 -0.05158208,43.21339369,942.90 -0.05180437,43.21312988,968.10 -0.05206337,43.21282250,997.39 -0.05243125,43.21238591,1038.85 -0.05254384,43.21225228,1051.50 -0.05270619,43.21205961,1069.71 -0.05287604,43.21185803,1088.71 -0.05323924,43.21142699,1129.20 -0.05365500,43.21093357,1175.25 -0.05381754,43.21074067,1193.16 -0.05414967,43.21034650,1229.57 -0.05438686,43.21006500,1255.40 -0.05449626,43.20993517,1267.27 -0.05459898,43.20981326,1278.38 -0.05477573,43.20960350,1297.43 -0.05506062,43.20926540,1327.92 -0.05553319,43.20870455,1377.87 -0.05591544,43.20825091,1417.64 -0.05634854,43.20773690,1461.91 -0.05669104,43.20733043,1496.27 -0.05708277,43.20686552,1534.77 -0.05739491,43.20649508,1564.80 -0.05775418,43.20606871,1598.56 -0.05804199,43.20572713,1624.95 -0.05837480,43.20533216,1654.67 -0.05864255,43.20501440,1677.93 -0.05895328,43.20464562,1704.12 -0.05920411,43.20434795,1724.60 -0.05949609,43.20400142,1747.64 -0.05973241,43.20372096,1765.63 -0.06000822,43.20339363,1785.83 -0.06023197,43.20312808,1801.55 -0.06049366,43.20281752,1819.14 -0.06070637,43.20256507,1832.78 -0.06095561,43.20226928,1847.95 -0.06115855,43.20202843,1859.65 -0.06139670,43.20174580,1872.58 -0.06159091,43.20151530,1882.45 -0.06181913,43.20124446,1893.26 -0.06204235,43.20097955,1902.96 -0.06222472,43.20076311,1910.22 -0.06243941,43.20050832,1917.97 -0.06261501,43.20029992,1923.64 -0.06282193,43.20005435,1929.52 -0.06299132,43.19985332,1933.67 -0.06319109,43.19961623,1937.77 -0.06335476,43.19942199,1940.46 -0.06354792,43.19919274,1942.84 -0.06370629,43.19900480,1944.12 -0.06395494,43.19870970,1944.87 -0.06404673,43.19860077,1944.75 -0.06422800,43.19838563,1943.85 -0.06437678,43.19820907,1942.45 -0.06455264,43.19800036,1939.99 -0.06469704,43.19782899,1937.30 -0.06486779,43.19762635,1933.33 -0.06500802,43.19745991,1929.40 -0.06517390,43.19726306,1923.94 -0.06531017,43.19710133,1918.80 -0.06547139,43.19691000,1911.90 -0.06560385,43.19675279,1905.58 -0.06576059,43.19656677,1897.29 -0.06588939,43.19641392,1889.80 -0.06604181,43.19623303,1880.15 -0.06616705,43.19608439,1871.55 -0.06631527,43.19590849,1860.57 -0.06643707,43.19576394,1850.88 -0.06658119,43.19559289,1838.61 -0.06672314,43.19542443,1825.66 -0.06683976,43.19528603,1814.34 -0.06697775,43.19512226,1800.16 -0.06709112,43.19498772,1787.83 -0.06722523,43.19482855,1772.45 -0.06733540,43.19469780,1759.15 -0.06746571,43.19454315,1742.61 -0.06757272,43.19441615,1728.37 -0.06769928,43.19426596,1710.71 -0.06780319,43.19414263,1695.55 -0.06792605,43.19399683,1676.83 -0.06802690,43.19387714,1660.79 -0.06814610,43.19373567,1641.03 -0.06824393,43.19361957,1624.14 -0.06835953,43.19348238,1603.38 -0.06845438,43.19336981,1585.69 -0.06856642,43.19323684,1563.98 -0.06865833,43.19312777,1545.51 -0.06876686,43.19299896,1522.89 -0.06885586,43.19289334,1503.68 -0.06896094,43.19276863,1480.19 -0.06904707,43.19266641,1460.27 -0.06914873,43.19254576,1435.96 -0.06923204,43.19244689,1415.37 -0.06933034,43.19233023,1390.28 -0.06941087,43.19223466,1369.05 -0.06950586,43.19212192,1343.21 -0.06958365,43.19202960,1321.38 -0.06967539,43.19192073,1294.84 -0.06975050,43.19183159,1272.44 -0.06983903,43.19172652,1245.24 -0.06992584,43.19162349,1217.69 -0.06999689,43.19153918,1194.48 -0.07008060,43.19143983,1166.33 -0.07014908,43.19135856,1142.64 -0.07022975,43.19126282,1113.92 -0.07029572,43.19118452,1089.78 -0.07037341,43.19109233,1060.54 -0.07043693,43.19101694,1035.96 -0.07051171,43.19092820,1006.24 -0.07057283,43.19085565,981.27 -0.07064477,43.19077028,951.09 -0.07070356,43.19070051,925.75 -0.07077273,43.19061842,895.15 -0.07082924,43.19055136,869.48 -0.07089571,43.19047247,838.48 -0.07095000,43.19040804,812.50 -0.07101384,43.19033227,781.14 -0.07106597,43.19027040,754.87 -0.07112726,43.19019766,723.19 -0.07117729,43.19013828,696.65 -0.07123611,43.19006848,664.67 -0.07128411,43.19001152,637.89 -0.07134051,43.18994458,605.63 -0.07138654,43.18988995,578.64 -0.07144062,43.18982577,546.13 -0.07148473,43.18977342,518.94 -0.07153655,43.18971192,486.21 -0.07157882,43.18966176,458.84 -0.07162845,43.18960286,425.90</coordinates></LineString></Placemark>
<Placemark><name>beta 45 nominal — quadrillage_45</name><description>Motif : quadrillage_45 (45°, 135°)&lt;br/&gt;Pas : 150 m&lt;br/&gt;Segments : 37</description><styleUrl>#s_v4_3_m</styleUrl><MultiGeometry><LineString><altitudeMode>absolute</altitudeMode><coordinates>-0.07062063,43.19079893,398.96 -0.07142764,43.18984117,553.93</coordinates></LineString><LineString><altitudeMode>absolute</altitudeMode><coordinates>-0.06925079,43.19242464,398.96 -0.07113257,43.19019136,720.37</coordinates></LineString><LineString><altitudeMode>absolute</altitudeMode><coordinates>-0.06788094,43.19405036,398.96 -0.07080288,43.19058263,881.45</coordinates></LineString><LineString><altitudeMode>absolute</altitudeMode><coordinates>-0.06651110,43.19567608,398.96 -0.07043518,43.19101901,1036.64</coordinates></LineString><LineString><altitudeMode>absolute</altitudeMode><coordinates>-0.06514126,43.19730179,398.96 -0.07002455,43.19150635,1185.18</coordinates></LineString><LineString><altitudeMode>absolute</altitudeMode><coordinates>-0.06377141,43.19892751,398.96 -0.06956607,43.19205046,1326.31</coordinates></LineString><LineString><altitudeMode>absolute</altitudeMode><coordinates>-0.06240157,43.20055322,398.96 -0.06905265,43.19265979,1458.94</coordinates></LineString><LineString><altitudeMode>absolute</altitudeMode><coordinates>-0.06103173,43.20217894,398.96 -0.06847522,43.19334508,1581.65</coordinates></LineString><LineString><altitudeMode>absolute</altitudeMode><coordinates>-0.05966189,43.20380466,398.96 -0.06782220,43.19412008,1692.66</coordinates></LineString><LineString><altitudeMode>absolute</altitudeMode><coordinates>-0.05829204,43.20543037,398.96 -0.06707692,43.19500457,1789.37</coordinates></LineString><LineString><altitudeMode>absolute</altitudeMode><coordinates>-0.05692220,43.20705609,398.96 -0.06621486,43.19602765,1868.01</coordinates></LineString><LineString><altitudeMode>absolute</altitudeMode><coordinates>-0.05555236,43.20868180,398.96 -0.06519988,43.19723222,1922.96</coordinates></LineString><LineString><altitudeMode>absolute</altitudeMode><coordinates>-0.05418251,43.21030752,398.96 -0.06397136,43.19869022,1944.85</coordinates></LineString><LineString><altitudeMode>absolute</altitudeMode><coordinates>-0.05281267,43.21193324,398.96 -0.06242447,43.20052605,1917.43</coordinates></LineString><LineString><altitudeMode>absolute</altitudeMode><coordinates>-0.05144283,43.21355895,398.96 -0.06036336,43.20297216,1810.38</coordinates></LineString><LineString><altitudeMode>absolute</altitudeMode><coordinates>-0.05007299,43.21518467,398.96 -0.05742731,43.20645663,1567.84</coordinates></LineString><LineString><altitudeMode>absolute</altitudeMode><coordinates>-0.04870314,43.21681038,398.96 -0.05318819,43.21148757,1123.51</coordinates></LineString><LineString><altitudeMode>absolute</altitudeMode><coordinates>-0.07017025,43.19133344,1135.10 -0.06505000,43.19741009,1928.02</coordinates></LineString><LineString><altitudeMode>absolute</altitudeMode><coordinates>-0.07098056,43.19037176,797.49 -0.06358265,43.19915153,1943.12</coordinates></LineString><LineString><altitudeMode>absolute</altitudeMode><coordinates>-0.07150919,43.18974439,503.49 -0.06238733,43.20057012,1916.09</coordinates></LineString><LineString><altitudeMode>absolute</altitudeMode><coordinates>-0.07062063,43.19079893,398.96 -0.06132397,43.20183211,1868.63</coordinates></LineString><LineString><altitudeMode>absolute</altitudeMode><coordinates>-0.06925079,43.19242465,398.96 -0.06034028,43.20299955,1808.83</coordinates></LineString><LineString><altitudeMode>absolute</altitudeMode><coordinates>-0.06788094,43.19405036,398.96 -0.05940963,43.20410403,1740.82</coordinates></LineString><LineString><altitudeMode>absolute</altitudeMode><coordinates>-0.06651110,43.19567608,398.96 -0.05851655,43.20516392,1666.98</coordinates></LineString><LineString><altitudeMode>absolute</altitudeMode><coordinates>-0.06514126,43.19730179,398.96 -0.05765111,43.20619102,1588.87</coordinates></LineString><LineString><altitudeMode>absolute</altitudeMode><coordinates>-0.06377141,43.19892751,398.96 -0.05680619,43.20719377,1507.59</coordinates></LineString><LineString><altitudeMode>absolute</altitudeMode><coordinates>-0.06240157,43.20055323,398.96 -0.05597672,43.20817818,1423.90</coordinates></LineString><LineString><altitudeMode>absolute</altitudeMode><coordinates>-0.06103173,43.20217894,398.96 -0.05515933,43.20914824,1338.35</coordinates></LineString><LineString><altitudeMode>absolute</altitudeMode><coordinates>-0.05966188,43.20380466,398.96 -0.05435062,43.21010801,1251.45</coordinates></LineString><LineString><altitudeMode>absolute</altitudeMode><coordinates>-0.05829204,43.20543037,398.96 -0.05354883,43.21105957,1163.49</coordinates></LineString><LineString><altitudeMode>absolute</altitudeMode><coordinates>-0.05692220,43.20705609,398.96 -0.05275169,43.21200560,1074.80</coordinates></LineString><LineString><altitudeMode>absolute</altitudeMode><coordinates>-0.05555236,43.20868181,398.96 -0.05195838,43.21294710,985.52</coordinates></LineString><LineString><altitudeMode>absolute</altitudeMode><coordinates>-0.05418251,43.21030752,398.96 -0.05116812,43.21388497,895.76</coordinates></LineString><LineString><altitudeMode>absolute</altitudeMode><coordinates>-0.05281267,43.21193324,398.96 -0.05038104,43.21481907,805.52</coordinates></LineString><LineString><altitudeMode>absolute</altitudeMode><coordinates>-0.05144283,43.21355895,398.96 -0.04959813,43.21574823,714.63</coordinates></LineString><LineString><altitudeMode>absolute</altitudeMode><coordinates>-0.05007298,43.21518467,398.96 -0.04882193,43.21666941,622.70</coordinates></LineString><LineString><altitudeMode>absolute</altitudeMode><coordinates>-0.04870314,43.21681039,398.96 -0.04806202,43.21757126,528.24</coordinates></LineString></MultiGeometry></Placemark>
<Placemark><name>beta 45 nominal — trace au sol</name><description>Projection au sol</description><styleUrl>#s_v4_3</styleUrl><LineString><tessellate>1</tessellate><altitudeMode>clampToGround</altitudeMode><coordinates>-0.04733330,43.21843610,428.96 -0.04733405,43.21843521,428.96 -0.04733624,43.21843261,428.96 -0.04734077,43.21842723,428.96 -0.04734616,43.21842083,428.96 -0.04735539,43.21840988,428.96 -0.04739058,43.21836812,428.96 -0.04749827,43.21824032,428.96 -0.04763166,43.21808201,428.96 -0.04784117,43.21783337,428.96 -0.04805318,43.21758175,428.96 -0.04817391,43.21743848,428.96 -0.04825937,43.21733705,428.96 -0.04853605,43.21700869,428.96 -0.04874269,43.21676344,428.96 -0.04912372,43.21631125,428.96 -0.04954541,43.21581079,428.96 -0.05004484,43.21521807,428.96 -0.05029138,43.21492547,428.96 -0.05071342,43.21442461,428.96 -0.05102505,43.21405477,428.96 -0.05144747,43.21355344,428.96 -0.05158208,43.21339369,428.96 -0.05180437,43.21312988,428.96 -0.05206337,43.21282250,428.96 -0.05243125,43.21238591,428.96 -0.05254384,43.21225228,428.96 -0.05270619,43.21205961,428.96 -0.05287604,43.21185803,428.96 -0.05323924,43.21142699,428.96 -0.05365500,43.21093357,428.96 -0.05381754,43.21074067,428.96 -0.05414967,43.21034650,428.96 -0.05438686,43.21006500,428.96 -0.05449626,43.20993517,428.96 -0.05459898,43.20981326,428.96 -0.05477573,43.20960350,428.96 -0.05506062,43.20926540,428.96 -0.05553319,43.20870455,428.96 -0.05591544,43.20825091,428.96 -0.05634854,43.20773690,428.96 -0.05669104,43.20733043,428.96 -0.05708277,43.20686552,428.96 -0.05739491,43.20649508,428.96 -0.05775418,43.20606871,428.96 -0.05804199,43.20572713,428.96 -0.05837480,43.20533216,428.96 -0.05864255,43.20501440,428.96 -0.05895328,43.20464562,428.96 -0.05920411,43.20434795,428.96 -0.05949609,43.20400142,428.96 -0.05973241,43.20372096,428.96 -0.06000822,43.20339363,428.96 -0.06023197,43.20312808,428.96 -0.06049366,43.20281752,428.96 -0.06070637,43.20256507,428.96 -0.06095561,43.20226928,428.96 -0.06115855,43.20202843,428.96 -0.06139670,43.20174580,428.96 -0.06159091,43.20151530,428.96 -0.06181913,43.20124446,428.96 -0.06204235,43.20097955,428.96 -0.06222472,43.20076311,428.96 -0.06243941,43.20050832,428.96 -0.06261501,43.20029992,428.96 -0.06282193,43.20005435,428.96 -0.06299132,43.19985332,428.96 -0.06319109,43.19961623,428.96 -0.06335476,43.19942199,428.96 -0.06354792,43.19919274,428.96 -0.06370629,43.19900480,428.96 -0.06395494,43.19870970,428.96 -0.06404673,43.19860077,428.96 -0.06422800,43.19838563,428.96 -0.06437678,43.19820907,428.96 -0.06455264,43.19800036,428.96 -0.06469704,43.19782899,428.96 -0.06486779,43.19762635,428.96 -0.06500802,43.19745991,428.96 -0.06517390,43.19726306,428.96 -0.06531017,43.19710133,428.96 -0.06547139,43.19691000,428.96 -0.06560385,43.19675279,428.96 -0.06576059,43.19656677,428.96 -0.06588939,43.19641392,428.96 -0.06604181,43.19623303,428.96 -0.06616705,43.19608439,428.96 -0.06631527,43.19590849,428.96 -0.06643707,43.19576394,428.96 -0.06658119,43.19559289,428.96 -0.06672314,43.19542443,428.96 -0.06683976,43.19528603,428.96 -0.06697775,43.19512226,428.96 -0.06709112,43.19498772,428.96 -0.06722523,43.19482855,428.96 -0.06733540,43.19469780,428.96 -0.06746571,43.19454315,428.96 -0.06757272,43.19441615,428.96 -0.06769928,43.19426596,428.96 -0.06780319,43.19414263,428.96 -0.06792605,43.19399683,428.96 -0.06802690,43.19387714,428.96 -0.06814610,43.19373567,428.96 -0.06824393,43.19361957,428.96 -0.06835953,43.19348238,428.96 -0.06845438,43.19336981,428.96 -0.06856642,43.19323684,428.96 -0.06865833,43.19312777,428.96 -0.06876686,43.19299896,428.96 -0.06885586,43.19289334,428.96 -0.06896094,43.19276863,428.96 -0.06904707,43.19266641,428.96 -0.06914873,43.19254576,428.96 -0.06923204,43.19244689,428.96 -0.06933034,43.19233023,428.96 -0.06941087,43.19223466,428.96 -0.06950586,43.19212192,428.96 -0.06958365,43.19202960,428.96 -0.06967539,43.19192073,428.96 -0.06975050,43.19183159,428.96 -0.06983903,43.19172652,428.96 -0.06992584,43.19162349,428.96 -0.06999689,43.19153918,428.96 -0.07008060,43.19143983,428.96 -0.07014908,43.19135856,428.96 -0.07022975,43.19126282,428.96 -0.07029572,43.19118452,428.96 -0.07037341,43.19109233,428.96 -0.07043693,43.19101694,428.96 -0.07051171,43.19092820,428.96 -0.07057283,43.19085565,428.96 -0.07064477,43.19077028,428.96 -0.07070356,43.19070051,428.96 -0.07077273,43.19061842,428.96 -0.07082924,43.19055136,428.96 -0.07089571,43.19047247,428.96 -0.07095000,43.19040804,428.96 -0.07101384,43.19033227,428.96 -0.07106597,43.19027040,428.96 -0.07112726,43.19019766,428.96 -0.07117729,43.19013828,428.96 -0.07123611,43.19006848,428.96 -0.07128411,43.19001152,428.96 -0.07134051,43.18994458,428.96 -0.07138654,43.18988995,428.96 -0.07144062,43.18982577,428.96 -0.07148473,43.18977342,428.96 -0.07153655,43.18971192,428.96 -0.07157882,43.18966176,428.96 -0.07162845,43.18960286,428.96</coordinates></LineString></Placemark>
</Folder>
</Folder>
</Document></kml>
