solid CATIA STL
  facet normal  0.000000e+000  0.000000e+000  1.000000e+000
    outer loop
      vertex -2.580584e+000  1.171924e+001  1.800000e+002
      vertex -1.110791e+001  1.151583e+001  1.800000e+002
      vertex -2.881474e+000  1.164891e+001  1.800000e+002
    endloop
  endfacet
  facet normal  0.000000e+000  0.000000e+000  1.000000e+000
    outer loop
      vertex -3.180454e+000  1.157086e+001  1.800000e+002
      vertex -2.881474e+000  1.164891e+001  1.800000e+002
      vertex -1.110791e+001  1.151583e+001  1.800000e+002
    endloop
  endfacet
  facet normal  -0.000000e+000  0.000000e+000  1.000000e+000
    outer loop
      vertex -3.180454e+000  1.157086e+001  1.800000e+002
      vertex -1.110791e+001  1.151583e+001  1.800000e+002
      vertex -3.477325e+000  1.148513e+001  1.800000e+002
    endloop
  endfacet
  facet normal  0.000000e+000  -0.000000e+000  9.999999e-001
    outer loop
      vertex -1.231931e+001  1.020953e+001  1.800000e+002
      vertex -6.287601e+000  1.022087e+001  1.800000e+002
      vertex -6.022350e+000  1.037937e+001  1.800000e+002
    endloop
  endfacet
  facet normal  -0.000000e+000  0.000000e+000  1.000000e+000
    outer loop
      vertex -4.401141e+000 -1.116378e+001  1.800000e+002
      vertex -1.139137e+001 -1.123551e+001  1.800000e+002
      vertex -4.112238e+000 -1.127340e+001  1.800000e+002
    endloop
  endfacet
  facet normal  0.000000e+000  0.000000e+000  1.000000e+000
    outer loop
      vertex -3.229944e+000 -1.155714e+001  1.800000e+002
      vertex -1.087956e+001 -1.173181e+001  1.800000e+002
      vertex -2.931301e+000 -1.163647e+001  1.800000e+002
    endloop
  endfacet
  facet normal  0.000000e+000  0.000000e+000  9.999999e-001
    outer loop
      vertex -1.087956e+001 -1.173181e+001  1.800000e+002
      vertex -2.630714e+000 -1.170809e+001  1.800000e+002
      vertex -2.931301e+000 -1.163647e+001  1.800000e+002
    endloop
  endfacet
  facet normal  0.000000e+000  0.000000e+000  1.000000e+000
    outer loop
      vertex  1.061548e+001  1.197128e+001  1.800000e+002
      vertex  4.890559e-001  1.199003e+001  1.800000e+002
      vertex  7.976120e-001  1.197346e+001  1.800000e+002
    endloop
  endfacet
  facet normal  0.000000e+000  0.000000e+000  1.000000e+000
    outer loop
      vertex  1.113823e+001  1.148651e+001  1.800000e+002
      vertex  2.931301e+000  1.163647e+001  1.800000e+002
      vertex  3.229944e+000  1.155714e+001  1.800000e+002
    endloop
  endfacet
  facet normal  0.000000e+000  -0.000000e+000  1.000000e+000
    outer loop
      vertex  3.229944e+000  1.155714e+001  1.800000e+002
      vertex  3.526445e+000  1.147014e+001  1.800000e+002
      vertex  1.113823e+001  1.148651e+001  1.800000e+002
    endloop
  endfacet
  facet normal  0.000000e+000  -0.000000e+000  9.999999e-001
    outer loop
      vertex  5.249585e+000  1.079082e+001  1.800000e+002
      vertex  5.525685e+000  1.065208e+001  1.800000e+002
      vertex  1.188057e+001  1.071691e+001  1.800000e+002
    endloop
  endfacet
  facet normal  0.000000e+000  0.000000e+000  1.000000e+000
    outer loop
      vertex  1.084859e+001 -1.176044e+001  1.800000e+002
      vertex  2.881474e+000 -1.164891e+001  1.800000e+002
      vertex  2.580584e+000 -1.171924e+001  1.800000e+002
    endloop
  endfacet
  facet normal  0.000000e+000  0.000000e+000  1.000000e+000
    outer loop
      vertex  2.580584e+000 -1.171924e+001  1.800000e+002
      vertex  2.277982e+000 -1.178180e+001  1.800000e+002
      vertex  1.084859e+001 -1.176044e+001  1.800000e+002
    endloop
  endfacet
  facet normal  -0.000000e+000  -0.000000e+000  1.000000e+000
    outer loop
      vertex -1.034614e+001 -1.220481e+001  1.800000e+002
      vertex -1.007166e+001 -1.243228e+001  1.800000e+002
      vertex -9.792184e+000 -1.265358e+001  1.800000e+002
    endloop
  endfacet
  facet normal  -0.000000e+000  -0.000000e+000  1.000000e+000
    outer loop
      vertex -1.034614e+001 -1.220481e+001  1.800000e+002
      vertex -9.792184e+000 -1.265358e+001  1.800000e+002
      vertex -9.507845e+000 -1.286860e+001  1.800000e+002
    endloop
  endfacet
  facet normal  -0.000000e+000  -0.000000e+000  1.000000e+000
    outer loop
      vertex -1.034614e+001 -1.220481e+001  1.800000e+002
      vertex -9.507845e+000 -1.286860e+001  1.800000e+002
      vertex -9.218786e+000 -1.307723e+001  1.800000e+002
    endloop
  endfacet
  facet normal  -0.000000e+000  -0.000000e+000  1.000000e+000
    outer loop
      vertex -1.034614e+001 -1.220481e+001  1.800000e+002
      vertex -9.218786e+000 -1.307723e+001  1.800000e+002
      vertex -8.925151e+000 -1.327937e+001  1.800000e+002
    endloop
  endfacet
  facet normal  -0.000000e+000  -0.000000e+000  1.000000e+000
    outer loop
      vertex -1.034614e+001 -1.220481e+001  1.800000e+002
      vertex -8.925151e+000 -1.327937e+001  1.800000e+002
      vertex -8.627085e+000 -1.347492e+001  1.800000e+002
    endloop
  endfacet
  facet normal  -0.000000e+000  -0.000000e+000  1.000000e+000
    outer loop
      vertex -1.034614e+001 -1.220481e+001  1.800000e+002
      vertex -8.627085e+000 -1.347492e+001  1.800000e+002
      vertex -8.324737e+000 -1.366378e+001  1.800000e+002
    endloop
  endfacet
  facet normal  -0.000000e+000  -0.000000e+000  1.000000e+000
    outer loop
      vertex -1.034614e+001 -1.220481e+001  1.800000e+002
      vertex -8.324737e+000 -1.366378e+001  1.800000e+002
      vertex -8.018255e+000 -1.384585e+001  1.800000e+002
    endloop
  endfacet
  facet normal  -0.000000e+000  -0.000000e+000  1.000000e+000
    outer loop
      vertex -1.034614e+001 -1.220481e+001  1.800000e+002
      vertex -8.018255e+000 -1.384585e+001  1.800000e+002
      vertex -7.707794e+000 -1.402105e+001  1.800000e+002
    endloop
  endfacet
  facet normal  -0.000000e+000  -0.000000e+000  1.000000e+000
    outer loop
      vertex -1.034614e+001 -1.220481e+001  1.800000e+002
      vertex -7.707794e+000 -1.402105e+001  1.800000e+002
      vertex -7.393507e+000 -1.418929e+001  1.800000e+002
    endloop
  endfacet
  facet normal  -0.000000e+000  -0.000000e+000  1.000000e+000
    outer loop
      vertex -1.034614e+001 -1.220481e+001  1.800000e+002
      vertex -7.393507e+000 -1.418929e+001  1.800000e+002
      vertex -7.075549e+000 -1.435049e+001  1.800000e+002
    endloop
  endfacet
  facet normal  -0.000000e+000  -0.000000e+000  1.000000e+000
    outer loop
      vertex -1.034614e+001 -1.220481e+001  1.800000e+002
      vertex -7.075549e+000 -1.435049e+001  1.800000e+002
      vertex -6.754079e+000 -1.450457e+001  1.800000e+002
    endloop
  endfacet
  facet normal  -0.000000e+000  -0.000000e+000  1.000000e+000
    outer loop
      vertex -1.034614e+001 -1.220481e+001  1.800000e+002
      vertex -6.754079e+000 -1.450457e+001  1.800000e+002
      vertex -6.429256e+000 -1.465144e+001  1.800000e+002
    endloop
  endfacet
  facet normal  -0.000000e+000  -0.000000e+000  1.000000e+000
    outer loop
      vertex -1.034614e+001 -1.220481e+001  1.800000e+002
      vertex -6.429256e+000 -1.465144e+001  1.800000e+002
      vertex -6.101241e+000 -1.479104e+001  1.800000e+002
    endloop
  endfacet
  facet normal  -0.000000e+000  -0.000000e+000  1.000000e+000
    outer loop
      vertex -1.034614e+001 -1.220481e+001  1.800000e+002
      vertex -6.101241e+000 -1.479104e+001  1.800000e+002
      vertex -5.770198e+000 -1.492330e+001  1.800000e+002
    endloop
  endfacet
  facet normal  -0.000000e+000  -0.000000e+000  1.000000e+000
    outer loop
      vertex -1.034614e+001 -1.220481e+001  1.800000e+002
      vertex -5.770198e+000 -1.492330e+001  1.800000e+002
      vertex -5.436290e+000 -1.504815e+001  1.800000e+002
    endloop
  endfacet
  facet normal  -0.000000e+000  -0.000000e+000  1.000000e+000
    outer loop
      vertex -1.034614e+001 -1.220481e+001  1.800000e+002
      vertex -5.436290e+000 -1.504815e+001  1.800000e+002
      vertex -5.099684e+000 -1.516553e+001  1.800000e+002
    endloop
  endfacet
  facet normal  -0.000000e+000  -0.000000e+000  1.000000e+000
    outer loop
      vertex -1.034614e+001 -1.220481e+001  1.800000e+002
      vertex -5.099684e+000 -1.516553e+001  1.800000e+002
      vertex -4.760546e+000 -1.527538e+001  1.800000e+002
    endloop
  endfacet
  facet normal  -0.000000e+000  -0.000000e+000  1.000000e+000
    outer loop
      vertex -1.034614e+001 -1.220481e+001  1.800000e+002
      vertex -4.760546e+000 -1.527538e+001  1.800000e+002
      vertex -4.419045e+000 -1.537765e+001  1.800000e+002
    endloop
  endfacet
  facet normal  -0.000000e+000  -0.000000e+000  1.000000e+000
    outer loop
      vertex -1.034614e+001 -1.220481e+001  1.800000e+002
      vertex -4.419045e+000 -1.537765e+001  1.800000e+002
      vertex -4.075350e+000 -1.547228e+001  1.800000e+002
    endloop
  endfacet
  facet normal  -0.000000e+000  -0.000000e+000  1.000000e+000
    outer loop
      vertex -1.034614e+001 -1.220481e+001  1.800000e+002
      vertex -4.075350e+000 -1.547228e+001  1.800000e+002
      vertex -3.729632e+000 -1.555924e+001  1.800000e+002
    endloop
  endfacet
  facet normal  -0.000000e+000  -0.000000e+000  1.000000e+000
    outer loop
      vertex -1.034614e+001 -1.220481e+001  1.800000e+002
      vertex -3.729632e+000 -1.555924e+001  1.800000e+002
      vertex -3.382063e+000 -1.563847e+001  1.800000e+002
    endloop
  endfacet
  facet normal  -0.000000e+000  -0.000000e+000  1.000000e+000
    outer loop
      vertex -1.034614e+001 -1.220481e+001  1.800000e+002
      vertex -3.382063e+000 -1.563847e+001  1.800000e+002
      vertex -3.032815e+000 -1.570993e+001  1.800000e+002
    endloop
  endfacet
  facet normal  -0.000000e+000  -0.000000e+000  1.000000e+000
    outer loop
      vertex -1.034614e+001 -1.220481e+001  1.800000e+002
      vertex -3.032815e+000 -1.570993e+001  1.800000e+002
      vertex -2.682061e+000 -1.577360e+001  1.800000e+002
    endloop
  endfacet
  facet normal  -0.000000e+000  -0.000000e+000  1.000000e+000
    outer loop
      vertex -1.034614e+001 -1.220481e+001  1.800000e+002
      vertex -2.682061e+000 -1.577360e+001  1.800000e+002
      vertex -2.329976e+000 -1.582944e+001  1.800000e+002
    endloop
  endfacet
  facet normal  -0.000000e+000  -0.000000e+000  1.000000e+000
    outer loop
      vertex -1.034614e+001 -1.220481e+001  1.800000e+002
      vertex -2.329976e+000 -1.582944e+001  1.800000e+002
      vertex -1.976734e+000 -1.587742e+001  1.800000e+002
    endloop
  endfacet
  facet normal  -0.000000e+000  -0.000000e+000  1.000000e+000
    outer loop
      vertex -1.034614e+001 -1.220481e+001  1.800000e+002
      vertex -1.976734e+000 -1.587742e+001  1.800000e+002
      vertex -1.622511e+000 -1.591752e+001  1.800000e+002
    endloop
  endfacet
  facet normal  -0.000000e+000  -0.000000e+000  1.000000e+000
    outer loop
      vertex -1.034614e+001 -1.220481e+001  1.800000e+002
      vertex -1.622511e+000 -1.591752e+001  1.800000e+002
      vertex -1.267483e+000 -1.594972e+001  1.800000e+002
    endloop
  endfacet
  facet normal  -0.000000e+000  -0.000000e+000  1.000000e+000
    outer loop
      vertex -1.034614e+001 -1.220481e+001  1.800000e+002
      vertex -1.267483e+000 -1.594972e+001  1.800000e+002
      vertex -9.118253e-001 -1.597400e+001  1.800000e+002
    endloop
  endfacet
  facet normal  -0.000000e+000  -0.000000e+000  1.000000e+000
    outer loop
      vertex -1.034614e+001 -1.220481e+001  1.800000e+002
      vertex -9.118253e-001 -1.597400e+001  1.800000e+002
      vertex -5.557150e-001 -1.599035e+001  1.800000e+002
    endloop
  endfacet
  facet normal  -0.000000e+000  -0.000000e+000  1.000000e+000
    outer loop
      vertex -1.034614e+001 -1.220481e+001  1.800000e+002
      vertex -5.557150e-001 -1.599035e+001  1.800000e+002
      vertex -1.993289e-001 -1.599876e+001  1.800000e+002
    endloop
  endfacet
  facet normal  0.000000e+000  -0.000000e+000  1.000000e+000
    outer loop
      vertex -1.034614e+001 -1.220481e+001  1.800000e+002
      vertex -1.993289e-001 -1.599876e+001  1.800000e+002
      vertex -1.801755e-001 -1.199865e+001  1.800000e+002
    endloop
  endfacet
  facet normal  0.000000e+000  0.000000e+000  1.000000e+000
    outer loop
      vertex -1.034614e+001 -1.220481e+001  1.800000e+002
      vertex -1.801755e-001 -1.199865e+001  1.800000e+002
      vertex -4.890559e-001 -1.199003e+001  1.800000e+002
    endloop
  endfacet
  facet normal  0.000000e+000  0.000000e+000  1.000000e+000
    outer loop
      vertex -1.034614e+001 -1.220481e+001  1.800000e+002
      vertex -4.890559e-001 -1.199003e+001  1.800000e+002
      vertex -7.976120e-001 -1.197346e+001  1.800000e+002
    endloop
  endfacet
  facet normal  0.000000e+000  0.000000e+000  1.000000e+000
    outer loop
      vertex -1.034614e+001 -1.220481e+001  1.800000e+002
      vertex -7.976120e-001 -1.197346e+001  1.800000e+002
      vertex -1.061548e+001 -1.197128e+001  1.800000e+002
    endloop
  endfacet
  facet normal  0.000000e+000  0.000000e+000  1.000000e+000
    outer loop
      vertex  1.288244e-001 -1.199931e+001  1.800000e+002
      vertex -1.801755e-001 -1.199865e+001  1.800000e+002
      vertex -1.993289e-001 -1.599876e+001  1.800000e+002
    endloop
  endfacet
  facet normal  -0.000000e+000  0.000000e+000  1.000000e+000
    outer loop
      vertex  1.288244e-001 -1.199931e+001  1.800000e+002
      vertex -1.993289e-001 -1.599876e+001  1.800000e+002
      vertex  1.571562e-001 -1.599923e+001  1.800000e+002
    endloop
  endfacet
  facet normal  0.000000e+000  -0.000000e+000  1.000000e+000
    outer loop
      vertex  1.288244e-001 -1.199931e+001  1.800000e+002
      vertex  1.571562e-001 -1.599923e+001  1.800000e+002
      vertex  5.135633e-001 -1.599176e+001  1.800000e+002
    endloop
  endfacet
  facet normal  0.000000e+000  -0.000000e+000  9.999999e-001
    outer loop
      vertex  1.288244e-001 -1.199931e+001  1.800000e+002
      vertex  5.135633e-001 -1.599176e+001  1.800000e+002
      vertex  8.697155e-001 -1.597635e+001  1.800000e+002
    endloop
  endfacet
  facet normal  0.000000e+000  -0.000000e+000  1.000000e+000
    outer loop
      vertex  1.288244e-001 -1.199931e+001  1.800000e+002
      vertex  8.697155e-001 -1.597635e+001  1.800000e+002
      vertex  1.225436e+000 -1.595300e+001  1.800000e+002
    endloop
  endfacet
  facet normal  0.000000e+000  -0.000000e+000  1.000000e+000
    outer loop
      vertex  1.288244e-001 -1.199931e+001  1.800000e+002
      vertex  1.225436e+000 -1.595300e+001  1.800000e+002
      vertex  1.580548e+000 -1.592174e+001  1.800000e+002
    endloop
  endfacet
  facet normal  0.000000e+000  -0.000000e+000  1.000000e+000
    outer loop
      vertex  1.288244e-001 -1.199931e+001  1.800000e+002
      vertex  1.580548e+000 -1.592174e+001  1.800000e+002
      vertex  1.934875e+000 -1.588258e+001  1.800000e+002
    endloop
  endfacet
  facet normal  0.000000e+000  -0.000000e+000  1.000000e+000
    outer loop
      vertex  1.288244e-001 -1.199931e+001  1.800000e+002
      vertex  1.934875e+000 -1.588258e+001  1.800000e+002
      vertex  2.288242e+000 -1.583553e+001  1.800000e+002
    endloop
  endfacet
  facet normal  0.000000e+000  -0.000000e+000  9.999999e-001
    outer loop
      vertex  1.288244e-001 -1.199931e+001  1.800000e+002
      vertex  2.288242e+000 -1.583553e+001  1.800000e+002
      vertex  2.640474e+000 -1.578062e+001  1.800000e+002
    endloop
  endfacet
  facet normal  0.000000e+000  -0.000000e+000  1.000000e+000
    outer loop
      vertex  1.288244e-001 -1.199931e+001  1.800000e+002
      vertex  2.640474e+000 -1.578062e+001  1.800000e+002
      vertex  2.991394e+000 -1.571787e+001  1.800000e+002
    endloop
  endfacet
  facet normal  0.000000e+000  -0.000000e+000  1.000000e+000
    outer loop
      vertex  1.288244e-001 -1.199931e+001  1.800000e+002
      vertex  2.991394e+000 -1.571787e+001  1.800000e+002
      vertex  3.340829e+000 -1.564733e+001  1.800000e+002
    endloop
  endfacet
  facet normal  0.000000e+000  -0.000000e+000  1.000000e+000
    outer loop
      vertex  1.288244e-001 -1.199931e+001  1.800000e+002
      vertex  3.340829e+000 -1.564733e+001  1.800000e+002
      vertex  3.688606e+000 -1.556901e+001  1.800000e+002
    endloop
  endfacet
  facet normal  0.000000e+000  -0.000000e+000  9.999999e-001
    outer loop
      vertex  1.288244e-001 -1.199931e+001  1.800000e+002
      vertex  3.688606e+000 -1.556901e+001  1.800000e+002
      vertex  4.034552e+000 -1.548297e+001  1.800000e+002
    endloop
  endfacet
  facet normal  0.000000e+000  -0.000000e+000  1.000000e+000
    outer loop
      vertex  1.288244e-001 -1.199931e+001  1.800000e+002
      vertex  4.034552e+000 -1.548297e+001  1.800000e+002
      vertex  4.378495e+000 -1.538924e+001  1.800000e+002
    endloop
  endfacet
  facet normal  0.000000e+000  -0.000000e+000  1.000000e+000
    outer loop
      vertex  1.288244e-001 -1.199931e+001  1.800000e+002
      vertex  4.378495e+000 -1.538924e+001  1.800000e+002
      vertex  4.720264e+000 -1.528787e+001  1.800000e+002
    endloop
  endfacet
  facet normal  0.000000e+000  -0.000000e+000  1.000000e+000
    outer loop
      vertex  1.288244e-001 -1.199931e+001  1.800000e+002
      vertex  4.720264e+000 -1.528787e+001  1.800000e+002
      vertex  5.059690e+000 -1.517892e+001  1.800000e+002
    endloop
  endfacet
  facet normal  0.000000e+000  -0.000000e+000  1.000000e+000
    outer loop
      vertex  1.288244e-001 -1.199931e+001  1.800000e+002
      vertex  5.059690e+000 -1.517892e+001  1.800000e+002
      vertex  5.396605e+000 -1.506243e+001  1.800000e+002
    endloop
  endfacet
  facet normal  0.000000e+000  -0.000000e+000  1.000000e+000
    outer loop
      vertex  1.288244e-001 -1.199931e+001  1.800000e+002
      vertex  5.396605e+000 -1.506243e+001  1.800000e+002
      vertex  5.730841e+000 -1.493846e+001  1.800000e+002
    endloop
  endfacet
  facet normal  0.000000e+000  -0.000000e+000  9.999999e-001
    outer loop
      vertex  1.288244e-001 -1.199931e+001  1.800000e+002
      vertex  5.730841e+000 -1.493846e+001  1.800000e+002
      vertex  6.062232e+000 -1.480707e+001  1.800000e+002
    endloop
  endfacet
  facet normal  0.000000e+000  -0.000000e+000  9.999999e-001
    outer loop
      vertex  1.288244e-001 -1.199931e+001  1.800000e+002
      vertex  6.062232e+000 -1.480707e+001  1.800000e+002
      vertex  6.390613e+000 -1.466834e+001  1.800000e+002
    endloop
  endfacet
  facet normal  0.000000e+000  -0.000000e+000  1.000000e+000
    outer loop
      vertex  1.288244e-001 -1.199931e+001  1.800000e+002
      vertex  6.390613e+000 -1.466834e+001  1.800000e+002
      vertex  6.715822e+000 -1.452232e+001  1.800000e+002
    endloop
  endfacet
  facet normal  0.000000e+000  -0.000000e+000  1.000000e+000
    outer loop
      vertex  1.288244e-001 -1.199931e+001  1.800000e+002
      vertex  6.715822e+000 -1.452232e+001  1.800000e+002
      vertex  7.037697e+000 -1.436909e+001  1.800000e+002
    endloop
  endfacet
  facet normal  0.000000e+000  -0.000000e+000  1.000000e+000
    outer loop
      vertex  1.288244e-001 -1.199931e+001  1.800000e+002
      vertex  7.037697e+000 -1.436909e+001  1.800000e+002
      vertex  7.356079e+000 -1.420873e+001  1.800000e+002
    endloop
  endfacet
  facet normal  0.000000e+000  -0.000000e+000  1.000000e+000
    outer loop
      vertex  1.288244e-001 -1.199931e+001  1.800000e+002
      vertex  7.356079e+000 -1.420873e+001  1.800000e+002
      vertex  7.670809e+000 -1.404132e+001  1.800000e+002
    endloop
  endfacet
  facet normal  0.000000e+000  -0.000000e+000  1.000000e+000
    outer loop
      vertex  1.288244e-001 -1.199931e+001  1.800000e+002
      vertex  7.670809e+000 -1.404132e+001  1.800000e+002
      vertex  7.981730e+000 -1.386694e+001  1.800000e+002
    endloop
  endfacet
  facet normal  0.000000e+000  -0.000000e+000  1.000000e+000
    outer loop
      vertex  1.288244e-001 -1.199931e+001  1.800000e+002
      vertex  7.981730e+000 -1.386694e+001  1.800000e+002
      vertex  8.288691e+000 -1.368567e+001  1.800000e+002
    endloop
  endfacet
  facet normal  0.000000e+000  -0.000000e+000  1.000000e+000
    outer loop
      vertex  1.288244e-001 -1.199931e+001  1.800000e+002
      vertex  8.288691e+000 -1.368567e+001  1.800000e+002
      vertex  8.591536e+000 -1.349761e+001  1.800000e+002
    endloop
  endfacet
  facet normal  0.000000e+000  -0.000000e+000  1.000000e+000
    outer loop
      vertex  1.288244e-001 -1.199931e+001  1.800000e+002
      vertex  8.591536e+000 -1.349761e+001  1.800000e+002
      vertex  8.890116e+000 -1.330285e+001  1.800000e+002
    endloop
  endfacet
  facet normal  0.000000e+000  -0.000000e+000  1.000000e+000
    outer loop
      vertex  1.288244e-001 -1.199931e+001  1.800000e+002
      vertex  8.890116e+000 -1.330285e+001  1.800000e+002
      vertex  9.184283e+000 -1.310149e+001  1.800000e+002
    endloop
  endfacet
  facet normal  0.000000e+000  -0.000000e+000  1.000000e+000
    outer loop
      vertex  1.288244e-001 -1.199931e+001  1.800000e+002
      vertex  9.184283e+000 -1.310149e+001  1.800000e+002
      vertex  9.473890e+000 -1.289362e+001  1.800000e+002
    endloop
  endfacet
  facet normal  0.000000e+000  -0.000000e+000  1.000000e+000
    outer loop
      vertex  1.288244e-001 -1.199931e+001  1.800000e+002
      vertex  9.473890e+000 -1.289362e+001  1.800000e+002
      vertex  9.758796e+000 -1.267935e+001  1.800000e+002
    endloop
  endfacet
  facet normal  0.000000e+000  -0.000000e+000  1.000000e+000
    outer loop
      vertex  1.288244e-001 -1.199931e+001  1.800000e+002
      vertex  9.758796e+000 -1.267935e+001  1.800000e+002
      vertex  1.003886e+001 -1.245879e+001  1.800000e+002
    endloop
  endfacet
  facet normal  0.000000e+000  -0.000000e+000  1.000000e+000
    outer loop
      vertex  1.288244e-001 -1.199931e+001  1.800000e+002
      vertex  1.003886e+001 -1.245879e+001  1.800000e+002
      vertex  1.031393e+001 -1.223204e+001  1.800000e+002
    endloop
  endfacet
  facet normal  0.000000e+000  -0.000000e+000  1.000000e+000
    outer loop
      vertex  1.288244e-001 -1.199931e+001  1.800000e+002
      vertex  1.031393e+001 -1.223204e+001  1.800000e+002
      vertex  1.058389e+001 -1.199922e+001  1.800000e+002
    endloop
  endfacet
  facet normal  -0.000000e+000  -0.000000e+000  1.000000e+000
    outer loop
      vertex  1.801755e-001  1.199865e+001  1.800000e+002
      vertex  4.890559e-001  1.199003e+001  1.800000e+002
      vertex  1.061548e+001  1.197128e+001  1.800000e+002
    endloop
  endfacet
  facet normal  0.000000e+000  0.000000e+000  1.000000e+000
    outer loop
      vertex  1.801755e-001  1.199865e+001  1.800000e+002
      vertex  1.061548e+001  1.197128e+001  1.800000e+002
      vertex  1.034614e+001  1.220481e+001  1.800000e+002
    endloop
  endfacet
  facet normal  0.000000e+000  0.000000e+000  1.000000e+000
    outer loop
      vertex  1.801755e-001  1.199865e+001  1.800000e+002
      vertex  1.034614e+001  1.220481e+001  1.800000e+002
      vertex  1.007166e+001  1.243228e+001  1.800000e+002
    endloop
  endfacet
  facet normal  0.000000e+000  0.000000e+000  1.000000e+000
    outer loop
      vertex  1.801755e-001  1.199865e+001  1.800000e+002
      vertex  1.007166e+001  1.243228e+001  1.800000e+002
      vertex  9.792184e+000  1.265358e+001  1.800000e+002
    endloop
  endfacet
  facet normal  0.000000e+000  0.000000e+000  1.000000e+000
    outer loop
      vertex  1.801755e-001  1.199865e+001  1.800000e+002
      vertex  9.792184e+000  1.265358e+001  1.800000e+002
      vertex  9.507845e+000  1.286860e+001  1.800000e+002
    endloop
  endfacet
  facet normal  0.000000e+000  0.000000e+000  1.000000e+000
    outer loop
      vertex  1.801755e-001  1.199865e+001  1.800000e+002
      vertex  9.507845e+000  1.286860e+001  1.800000e+002
      vertex  9.218786e+000  1.307723e+001  1.800000e+002
    endloop
  endfacet
  facet normal  0.000000e+000  0.000000e+000  1.000000e+000
    outer loop
      vertex  1.801755e-001  1.199865e+001  1.800000e+002
      vertex  9.218786e+000  1.307723e+001  1.800000e+002
      vertex  8.925151e+000  1.327937e+001  1.800000e+002
    endloop
  endfacet
  facet normal  0.000000e+000  0.000000e+000  1.000000e+000
    outer loop
      vertex  1.801755e-001  1.199865e+001  1.800000e+002
      vertex  8.925151e+000  1.327937e+001  1.800000e+002
      vertex  8.627085e+000  1.347492e+001  1.800000e+002
    endloop
  endfacet
  facet normal  0.000000e+000  0.000000e+000  1.000000e+000
    outer loop
      vertex  1.801755e-001  1.199865e+001  1.800000e+002
      vertex  8.627085e+000  1.347492e+001  1.800000e+002
      vertex  8.324737e+000  1.366378e+001  1.800000e+002
    endloop
  endfacet
  facet normal  0.000000e+000  0.000000e+000  1.000000e+000
    outer loop
      vertex  1.801755e-001  1.199865e+001  1.800000e+002
      vertex  8.324737e+000  1.366378e+001  1.800000e+002
      vertex  8.018255e+000  1.384585e+001  1.800000e+002
    endloop
  endfacet
  facet normal  0.000000e+000  0.000000e+000  1.000000e+000
    outer loop
      vertex  1.801755e-001  1.199865e+001  1.800000e+002
      vertex  8.018255e+000  1.384585e+001  1.800000e+002
      vertex  7.707794e+000  1.402105e+001  1.800000e+002
    endloop
  endfacet
  facet normal  0.000000e+000  0.000000e+000  1.000000e+000
    outer loop
      vertex  1.801755e-001  1.199865e+001  1.800000e+002
      vertex  7.707794e+000  1.402105e+001  1.800000e+002
      vertex  7.393507e+000  1.418929e+001  1.800000e+002
    endloop
  endfacet
  facet normal  0.000000e+000  0.000000e+000  1.000000e+000
    outer loop
      vertex  1.801755e-001  1.199865e+001  1.800000e+002
      vertex  7.393507e+000  1.418929e+001  1.800000e+002
      vertex  7.075549e+000  1.435049e+001  1.800000e+002
    endloop
  endfacet
  facet normal  0.000000e+000  0.000000e+000  1.000000e+000
    outer loop
      vertex  1.801755e-001  1.199865e+001  1.800000e+002
      vertex  7.075549e+000  1.435049e+001  1.800000e+002
      vertex  6.754079e+000  1.450457e+001  1.800000e+002
    endloop
  endfacet
  facet normal  0.000000e+000  0.000000e+000  1.000000e+000
    outer loop
      vertex  1.801755e-001  1.199865e+001  1.800000e+002
      vertex  6.754079e+000  1.450457e+001  1.800000e+002
      vertex  6.429256e+000  1.465144e+001  1.800000e+002
    endloop
  endfacet
  facet normal  0.000000e+000  0.000000e+000  1.000000e+000
    outer loop
      vertex  1.801755e-001  1.199865e+001  1.800000e+002
      vertex  6.429256e+000  1.465144e+001  1.800000e+002
      vertex  6.101241e+000  1.479104e+001  1.800000e+002
    endloop
  endfacet
  facet normal  0.000000e+000  0.000000e+000  9.999999e-001
    outer loop
      vertex  1.801755e-001  1.199865e+001  1.800000e+002
      vertex  6.101241e+000  1.479104e+001  1.800000e+002
      vertex  5.770198e+000  1.492330e+001  1.800000e+002
    endloop
  endfacet
  facet normal  0.000000e+000  0.000000e+000  9.999999e-001
    outer loop
      vertex  1.801755e-001  1.199865e+001  1.800000e+002
      vertex  5.770198e+000  1.492330e+001  1.800000e+002
      vertex  5.436290e+000  1.504815e+001  1.800000e+002
    endloop
  endfacet
  facet normal  0.000000e+000  0.000000e+000  1.000000e+000
    outer loop
      vertex  1.801755e-001  1.199865e+001  1.800000e+002
      vertex  5.436290e+000  1.504815e+001  1.800000e+002
      vertex  5.099684e+000  1.516553e+001  1.800000e+002
    endloop
  endfacet
  facet normal  0.000000e+000  0.000000e+000  9.999999e-001
    outer loop
      vertex  1.801755e-001  1.199865e+001  1.800000e+002
      vertex  5.099684e+000  1.516553e+001  1.800000e+002
      vertex  4.760546e+000  1.527538e+001  1.800000e+002
    endloop
  endfacet
  facet normal  0.000000e+000  0.000000e+000  1.000000e+000
    outer loop
      vertex  1.801755e-001  1.199865e+001  1.800000e+002
      vertex  4.760546e+000  1.527538e+001  1.800000e+002
      vertex  4.419045e+000  1.537765e+001  1.800000e+002
    endloop
  endfacet
  facet normal  0.000000e+000  0.000000e+000  1.000000e+000
    outer loop
      vertex  1.801755e-001  1.199865e+001  1.800000e+002
      vertex  4.419045e+000  1.537765e+001  1.800000e+002
      vertex  4.075350e+000  1.547228e+001  1.800000e+002
    endloop
  endfacet
  facet normal  0.000000e+000  0.000000e+000  9.999999e-001
    outer loop
      vertex  1.801755e-001  1.199865e+001  1.800000e+002
      vertex  4.075350e+000  1.547228e+001  1.800000e+002
      vertex  3.729632e+000  1.555924e+001  1.800000e+002
    endloop
  endfacet
  facet normal  0.000000e+000  0.000000e+000  1.000000e+000
    outer loop
      vertex  1.801755e-001  1.199865e+001  1.800000e+002
      vertex  3.729632e+000  1.555924e+001  1.800000e+002
      vertex  3.382063e+000  1.563847e+001  1.800000e+002
    endloop
  endfacet
  facet normal  0.000000e+000  0.000000e+000  9.999999e-001
    outer loop
      vertex  1.801755e-001  1.199865e+001  1.800000e+002
      vertex  3.382063e+000  1.563847e+001  1.800000e+002
      vertex  3.032815e+000  1.570993e+001  1.800000e+002
    endloop
  endfacet
  facet normal  0.000000e+000  0.000000e+000  1.000000e+000
    outer loop
      vertex  1.801755e-001  1.199865e+001  1.800000e+002
      vertex  3.032815e+000  1.570993e+001  1.800000e+002
      vertex  2.682061e+000  1.577360e+001  1.800000e+002
    endloop
  endfacet
  facet normal  0.000000e+000  0.000000e+000  1.000000e+000
    outer loop
      vertex  1.801755e-001  1.199865e+001  1.800000e+002
      vertex  2.682061e+000  1.577360e+001  1.800000e+002
      vertex  2.329976e+000  1.582944e+001  1.800000e+002
    endloop
  endfacet
  facet normal  0.000000e+000  0.000000e+000  1.000000e+000
    outer loop
      vertex  1.801755e-001  1.199865e+001  1.800000e+002
      vertex  2.329976e+000  1.582944e+001  1.800000e+002
      vertex  1.976734e+000  1.587742e+001  1.800000e+002
    endloop
  endfacet
  facet normal  0.000000e+000  0.000000e+000  1.000000e+000
    outer loop
      vertex  1.801755e-001  1.199865e+001  1.800000e+002
      vertex  1.976734e+000  1.587742e+001  1.800000e+002
      vertex  1.622511e+000  1.591752e+001  1.800000e+002
    endloop
  endfacet
  facet normal  0.000000e+000  0.000000e+000  1.000000e+000
    outer loop
      vertex  1.801755e-001  1.199865e+001  1.800000e+002
      vertex  1.622511e+000  1.591752e+001  1.800000e+002
      vertex  1.267483e+000  1.594972e+001  1.800000e+002
    endloop
  endfacet
  facet normal  0.000000e+000  0.000000e+000  1.000000e+000
    outer loop
      vertex  1.801755e-001  1.199865e+001  1.800000e+002
      vertex  1.267483e+000  1.594972e+001  1.800000e+002
      vertex  9.118253e-001  1.597400e+001  1.800000e+002
    endloop
  endfacet
  facet normal  0.000000e+000  0.000000e+000  1.000000e+000
    outer loop
      vertex  1.801755e-001  1.199865e+001  1.800000e+002
      vertex  9.118253e-001  1.597400e+001  1.800000e+002
      vertex  5.557150e-001  1.599035e+001  1.800000e+002
    endloop
  endfacet
  facet normal  0.000000e+000  0.000000e+000  1.000000e+000
    outer loop
      vertex  1.801755e-001  1.199865e+001  1.800000e+002
      vertex  5.557150e-001  1.599035e+001  1.800000e+002
      vertex  1.993289e-001  1.599876e+001  1.800000e+002
    endloop
  endfacet
  facet normal  0.000000e+000  0.000000e+000  1.000000e+000
    outer loop
      vertex  1.801755e-001  1.199865e+001  1.800000e+002
      vertex  1.993289e-001  1.599876e+001  1.800000e+002
      vertex -1.571562e-001  1.599923e+001  1.800000e+002
    endloop
  endfacet
  facet normal  0.000000e+000  0.000000e+000  1.000000e+000
    outer loop
      vertex  1.801755e-001  1.199865e+001  1.800000e+002
      vertex -1.571562e-001  1.599923e+001  1.800000e+002
      vertex -1.288244e-001  1.199931e+001  1.800000e+002
    endloop
  endfacet
  facet normal  0.000000e+000  0.000000e+000  1.000000e+000
    outer loop
      vertex -1.288244e-001  1.199931e+001  1.800000e+002
      vertex -1.571562e-001  1.599923e+001  1.800000e+002
      vertex -5.135633e-001  1.599176e+001  1.800000e+002
    endloop
  endfacet
  facet normal  0.000000e+000  0.000000e+000  9.999999e-001
    outer loop
      vertex -1.288244e-001  1.199931e+001  1.800000e+002
      vertex -5.135633e-001  1.599176e+001  1.800000e+002
      vertex -8.697155e-001  1.597635e+001  1.800000e+002
    endloop
  endfacet
  facet normal  0.000000e+000  0.000000e+000  1.000000e+000
    outer loop
      vertex -1.288244e-001  1.199931e+001  1.800000e+002
      vertex -8.697155e-001  1.597635e+001  1.800000e+002
      vertex -1.225436e+000  1.595300e+001  1.800000e+002
    endloop
  endfacet
  facet normal  0.000000e+000  0.000000e+000  1.000000e+000
    outer loop
      vertex -1.288244e-001  1.199931e+001  1.800000e+002
      vertex -1.225436e+000  1.595300e+001  1.800000e+002
      vertex -1.580548e+000  1.592174e+001  1.800000e+002
    endloop
  endfacet
  facet normal  0.000000e+000  0.000000e+000  1.000000e+000
    outer loop
      vertex -1.288244e-001  1.199931e+001  1.800000e+002
      vertex -1.580548e+000  1.592174e+001  1.800000e+002
      vertex -1.934875e+000  1.588258e+001  1.800000e+002
    endloop
  endfacet
  facet normal  0.000000e+000  0.000000e+000  1.000000e+000
    outer loop
      vertex -1.288244e-001  1.199931e+001  1.800000e+002
      vertex -1.934875e+000  1.588258e+001  1.800000e+002
      vertex -2.288242e+000  1.583553e+001  1.800000e+002
    endloop
  endfacet
  facet normal  0.000000e+000  0.000000e+000  9.999999e-001
    outer loop
      vertex -1.288244e-001  1.199931e+001  1.800000e+002
      vertex -2.288242e+000  1.583553e+001  1.800000e+002
      vertex -2.640474e+000  1.578062e+001  1.800000e+002
    endloop
  endfacet
  facet normal  0.000000e+000  0.000000e+000  1.000000e+000
    outer loop
      vertex -1.288244e-001  1.199931e+001  1.800000e+002
      vertex -2.640474e+000  1.578062e+001  1.800000e+002
      vertex -2.991394e+000  1.571787e+001  1.800000e+002
    endloop
  endfacet
  facet normal  0.000000e+000  0.000000e+000  1.000000e+000
    outer loop
      vertex -1.288244e-001  1.199931e+001  1.800000e+002
      vertex -2.991394e+000  1.571787e+001  1.800000e+002
      vertex -3.340829e+000  1.564733e+001  1.800000e+002
    endloop
  endfacet
  facet normal  0.000000e+000  0.000000e+000  1.000000e+000
    outer loop
      vertex -1.288244e-001  1.199931e+001  1.800000e+002
      vertex -3.340829e+000  1.564733e+001  1.800000e+002
      vertex -3.688606e+000  1.556901e+001  1.800000e+002
    endloop
  endfacet
  facet normal  0.000000e+000  0.000000e+000  9.999999e-001
    outer loop
      vertex -1.288244e-001  1.199931e+001  1.800000e+002
      vertex -3.688606e+000  1.556901e+001  1.800000e+002
      vertex -4.034552e+000  1.548297e+001  1.800000e+002
    endloop
  endfacet
  facet normal  0.000000e+000  0.000000e+000  1.000000e+000
    outer loop
      vertex -1.288244e-001  1.199931e+001  1.800000e+002
      vertex -4.034552e+000  1.548297e+001  1.800000e+002
      vertex -4.378495e+000  1.538924e+001  1.800000e+002
    endloop
  endfacet
  facet normal  0.000000e+000  0.000000e+000  1.000000e+000
    outer loop
      vertex -1.288244e-001  1.199931e+001  1.800000e+002
      vertex -4.378495e+000  1.538924e+001  1.800000e+002
      vertex -4.720264e+000  1.528787e+001  1.800000e+002
    endloop
  endfacet
  facet normal  0.000000e+000  0.000000e+000  1.000000e+000
    outer loop
      vertex -1.288244e-001  1.199931e+001  1.800000e+002
      vertex -4.720264e+000  1.528787e+001  1.800000e+002
      vertex -5.059690e+000  1.517892e+001  1.800000e+002
    endloop
  endfacet
  facet normal  0.000000e+000  0.000000e+000  1.000000e+000
    outer loop
      vertex -1.288244e-001  1.199931e+001  1.800000e+002
      vertex -5.059690e+000  1.517892e+001  1.800000e+002
      vertex -5.396605e+000  1.506243e+001  1.800000e+002
    endloop
  endfacet
  facet normal  0.000000e+000  0.000000e+000  1.000000e+000
    outer loop
      vertex -1.288244e-001  1.199931e+001  1.800000e+002
      vertex -5.396605e+000  1.506243e+001  1.800000e+002
      vertex -5.730841e+000  1.493846e+001  1.800000e+002
    endloop
  endfacet
  facet normal  0.000000e+000  0.000000e+000  9.999999e-001
    outer loop
      vertex -1.288244e-001  1.199931e+001  1.800000e+002
      vertex -5.730841e+000  1.493846e+001  1.800000e+002
      vertex -6.062232e+000  1.480707e+001  1.800000e+002
    endloop
  endfacet
  facet normal  0.000000e+000  0.000000e+000  9.999999e-001
    outer loop
      vertex -1.288244e-001  1.199931e+001  1.800000e+002
      vertex -6.062232e+000  1.480707e+001  1.800000e+002
      vertex -6.390613e+000  1.466834e+001  1.800000e+002
    endloop
  endfacet
  facet normal  0.000000e+000  0.000000e+000  1.000000e+000
    outer loop
      vertex -1.288244e-001  1.199931e+001  1.800000e+002
      vertex -6.390613e+000  1.466834e+001  1.800000e+002
      vertex -6.715822e+000  1.452232e+001  1.800000e+002
    endloop
  endfacet
  facet normal  0.000000e+000  0.000000e+000  1.000000e+000
    outer loop
      vertex -1.288244e-001  1.199931e+001  1.800000e+002
      vertex -6.715822e+000  1.452232e+001  1.800000e+002
      vertex -7.037697e+000  1.436909e+001  1.800000e+002
    endloop
  endfacet
  facet normal  0.000000e+000  0.000000e+000  1.000000e+000
    outer loop
      vertex -1.288244e-001  1.199931e+001  1.800000e+002
      vertex -7.037697e+000  1.436909e+001  1.800000e+002
      vertex -7.356079e+000  1.420873e+001  1.800000e+002
    endloop
  endfacet
  facet normal  0.000000e+000  0.000000e+000  1.000000e+000
    outer loop
      vertex -1.288244e-001  1.199931e+001  1.800000e+002
      vertex -7.356079e+000  1.420873e+001  1.800000e+002
      vertex -7.670809e+000  1.404132e+001  1.800000e+002
    endloop
  endfacet
  facet normal  0.000000e+000  0.000000e+000  1.000000e+000
    outer loop
      vertex -1.288244e-001  1.199931e+001  1.800000e+002
      vertex -7.670809e+000  1.404132e+001  1.800000e+002
      vertex -7.981730e+000  1.386694e+001  1.800000e+002
    endloop
  endfacet
  facet normal  0.000000e+000  0.000000e+000  1.000000e+000
    outer loop
      vertex -1.288244e-001  1.199931e+001  1.800000e+002
      vertex -7.981730e+000  1.386694e+001  1.800000e+002
      vertex -8.288691e+000  1.368567e+001  1.800000e+002
    endloop
  endfacet
  facet normal  0.000000e+000  0.000000e+000  1.000000e+000
    outer loop
      vertex -1.288244e-001  1.199931e+001  1.800000e+002
      vertex -8.288691e+000  1.368567e+001  1.800000e+002
      vertex -8.591536e+000  1.349761e+001  1.800000e+002
    endloop
  endfacet
  facet normal  0.000000e+000  0.000000e+000  1.000000e+000
    outer loop
      vertex -1.288244e-001  1.199931e+001  1.800000e+002
      vertex -8.591536e+000  1.349761e+001  1.800000e+002
      vertex -8.890116e+000  1.330285e+001  1.800000e+002
    endloop
  endfacet
  facet normal  0.000000e+000  0.000000e+000  1.000000e+000
    outer loop
      vertex -1.288244e-001  1.199931e+001  1.800000e+002
      vertex -8.890116e+000  1.330285e+001  1.800000e+002
      vertex -9.184283e+000  1.310149e+001  1.800000e+002
    endloop
  endfacet
  facet normal  0.000000e+000  0.000000e+000  1.000000e+000
    outer loop
      vertex -1.288244e-001  1.199931e+001  1.800000e+002
      vertex -9.184283e+000  1.310149e+001  1.800000e+002
      vertex -9.473890e+000  1.289362e+001  1.800000e+002
    endloop
  endfacet
  facet normal  0.000000e+000  0.000000e+000  1.000000e+000
    outer loop
      vertex -1.288244e-001  1.199931e+001  1.800000e+002
      vertex -9.473890e+000  1.289362e+001  1.800000e+002
      vertex -9.758796e+000  1.267935e+001  1.800000e+002
    endloop
  endfacet
  facet normal  0.000000e+000  0.000000e+000  1.000000e+000
    outer loop
      vertex -1.288244e-001  1.199931e+001  1.800000e+002
      vertex -9.758796e+000  1.267935e+001  1.800000e+002
      vertex -1.003886e+001  1.245879e+001  1.800000e+002
    endloop
  endfacet
  facet normal  0.000000e+000  0.000000e+000  1.000000e+000
    outer loop
      vertex -1.288244e-001  1.199931e+001  1.800000e+002
      vertex -1.003886e+001  1.245879e+001  1.800000e+002
      vertex -1.031393e+001  1.223204e+001  1.800000e+002
    endloop
  endfacet
  facet normal  0.000000e+000  0.000000e+000  1.000000e+000
    outer loop
      vertex -1.288244e-001  1.199931e+001  1.800000e+002
      vertex -1.031393e+001  1.223204e+001  1.800000e+002
      vertex -1.058389e+001  1.199922e+001  1.800000e+002
    endloop
  endfacet
  facet normal  -0.000000e+000  0.000000e+000  1.000000e+000
    outer loop
      vertex -1.288244e-001  1.199931e+001  1.800000e+002
      vertex -1.058389e+001  1.199922e+001  1.800000e+002
      vertex -4.377388e-001  1.199201e+001  1.800000e+002
    endloop
  endfacet
  facet normal  0.000000e+000  0.000000e+000  1.000000e+000
    outer loop
      vertex -1.084859e+001  1.176044e+001  1.800000e+002
      vertex -1.110791e+001  1.151583e+001  1.800000e+002
      vertex -2.580584e+000  1.171924e+001  1.800000e+002
    endloop
  endfacet
  facet normal  0.000000e+000  -0.000000e+000  1.000000e+000
    outer loop
      vertex -1.084859e+001  1.176044e+001  1.800000e+002
      vertex -2.580584e+000  1.171924e+001  1.800000e+002
      vertex -2.277982e+000  1.178180e+001  1.800000e+002
    endloop
  endfacet
  facet normal  0.000000e+000  -0.000000e+000  1.000000e+000
    outer loop
      vertex -1.084859e+001  1.176044e+001  1.800000e+002
      vertex -2.277982e+000  1.178180e+001  1.800000e+002
      vertex -1.973870e+000  1.183655e+001  1.800000e+002
    endloop
  endfacet
  facet normal  0.000000e+000  -0.000000e+000  1.000000e+000
    outer loop
      vertex -1.084859e+001  1.176044e+001  1.800000e+002
      vertex -1.973870e+000  1.183655e+001  1.800000e+002
      vertex -1.668450e+000  1.188345e+001  1.800000e+002
    endloop
  endfacet
  facet normal  0.000000e+000  -0.000000e+000  1.000000e+000
    outer loop
      vertex -1.084859e+001  1.176044e+001  1.800000e+002
      vertex -1.668450e+000  1.188345e+001  1.800000e+002
      vertex -1.361923e+000  1.192246e+001  1.800000e+002
    endloop
  endfacet
  facet normal  0.000000e+000  -0.000000e+000  1.000000e+000
    outer loop
      vertex -1.084859e+001  1.176044e+001  1.800000e+002
      vertex -1.361923e+000  1.192246e+001  1.800000e+002
      vertex -1.054492e+000  1.195358e+001  1.800000e+002
    endloop
  endfacet
  facet normal  0.000000e+000  -0.000000e+000  9.999999e-001
    outer loop
      vertex -1.084859e+001  1.176044e+001  1.800000e+002
      vertex -1.054492e+000  1.195358e+001  1.800000e+002
      vertex -7.463630e-001  1.197677e+001  1.800000e+002
    endloop
  endfacet
  facet normal  0.000000e+000  -0.000000e+000  9.999999e-001
    outer loop
      vertex -1.084859e+001  1.176044e+001  1.800000e+002
      vertex -7.463630e-001  1.197677e+001  1.800000e+002
      vertex -4.377388e-001  1.199201e+001  1.800000e+002
    endloop
  endfacet
  facet normal  0.000000e+000  0.000000e+000  1.000000e+000
    outer loop
      vertex -1.084859e+001  1.176044e+001  1.800000e+002
      vertex -4.377388e-001  1.199201e+001  1.800000e+002
      vertex -1.058389e+001  1.199922e+001  1.800000e+002
    endloop
  endfacet
  facet normal  0.000000e+000  0.000000e+000  1.000000e+000
    outer loop
      vertex -1.136171e+001  1.126550e+001  1.800000e+002
      vertex -1.160988e+001  1.100957e+001  1.800000e+002
      vertex -4.353324e+000  1.118251e+001  1.800000e+002
    endloop
  endfacet
  facet normal  0.000000e+000  -0.000000e+000  1.000000e+000
    outer loop
      vertex -1.136171e+001  1.126550e+001  1.800000e+002
      vertex -4.353324e+000  1.118251e+001  1.800000e+002
      vertex -4.063955e+000  1.129089e+001  1.800000e+002
    endloop
  endfacet
  facet normal  0.000000e+000  -0.000000e+000  1.000000e+000
    outer loop
      vertex -1.136171e+001  1.126550e+001  1.800000e+002
      vertex -4.063955e+000  1.129089e+001  1.800000e+002
      vertex -3.771890e+000  1.139179e+001  1.800000e+002
    endloop
  endfacet
  facet normal  0.000000e+000  -0.000000e+000  9.999999e-001
    outer loop
      vertex -1.136171e+001  1.126550e+001  1.800000e+002
      vertex -3.771890e+000  1.139179e+001  1.800000e+002
      vertex -3.477325e+000  1.148513e+001  1.800000e+002
    endloop
  endfacet
  facet normal  0.000000e+000  0.000000e+000  1.000000e+000
    outer loop
      vertex -1.136171e+001  1.126550e+001  1.800000e+002
      vertex -3.477325e+000  1.148513e+001  1.800000e+002
      vertex -1.110791e+001  1.151583e+001  1.800000e+002
    endloop
  endfacet
  facet normal  0.000000e+000  -0.000000e+000  1.000000e+000
    outer loop
      vertex -1.113823e+001 -1.148651e+001  1.800000e+002
      vertex -1.087956e+001 -1.173181e+001  1.800000e+002
      vertex -3.229944e+000 -1.155714e+001  1.800000e+002
    endloop
  endfacet
  facet normal  0.000000e+000  0.000000e+000  1.000000e+000
    outer loop
      vertex -1.113823e+001 -1.148651e+001  1.800000e+002
      vertex -3.229944e+000 -1.155714e+001  1.800000e+002
      vertex -3.526445e+000 -1.147014e+001  1.800000e+002
    endloop
  endfacet
  facet normal  0.000000e+000  0.000000e+000  1.000000e+000
    outer loop
      vertex -1.113823e+001 -1.148651e+001  1.800000e+002
      vertex -3.526445e+000 -1.147014e+001  1.800000e+002
      vertex -3.820608e+000 -1.137554e+001  1.800000e+002
    endloop
  endfacet
  facet normal  0.000000e+000  0.000000e+000  1.000000e+000
    outer loop
      vertex -1.113823e+001 -1.148651e+001  1.800000e+002
      vertex -3.820608e+000 -1.137554e+001  1.800000e+002
      vertex -4.112238e+000 -1.127340e+001  1.800000e+002
    endloop
  endfacet
  facet normal  0.000000e+000  0.000000e+000  9.999999e-001
    outer loop
      vertex -1.113823e+001 -1.148651e+001  1.800000e+002
      vertex -4.112238e+000 -1.127340e+001  1.800000e+002
      vertex -1.139137e+001 -1.123551e+001  1.800000e+002
    endloop
  endfacet
  facet normal  0.000000e+000  0.000000e+000  1.000000e+000
    outer loop
      vertex -1.061548e+001 -1.197128e+001  1.800000e+002
      vertex -7.976120e-001 -1.197346e+001  1.800000e+002
      vertex -1.105639e+000 -1.194896e+001  1.800000e+002
    endloop
  endfacet
  facet normal  0.000000e+000  0.000000e+000  1.000000e+000
    outer loop
      vertex -1.061548e+001 -1.197128e+001  1.800000e+002
      vertex -1.105639e+000 -1.194896e+001  1.800000e+002
      vertex -1.412933e+000 -1.191653e+001  1.800000e+002
    endloop
  endfacet
  facet normal  0.000000e+000  0.000000e+000  1.000000e+000
    outer loop
      vertex -1.061548e+001 -1.197128e+001  1.800000e+002
      vertex -1.412933e+000 -1.191653e+001  1.800000e+002
      vertex -1.719291e+000 -1.187620e+001  1.800000e+002
    endloop
  endfacet
  facet normal  0.000000e+000  0.000000e+000  1.000000e+000
    outer loop
      vertex -1.061548e+001 -1.197128e+001  1.800000e+002
      vertex -1.719291e+000 -1.187620e+001  1.800000e+002
      vertex -2.024508e+000 -1.182799e+001  1.800000e+002
    endloop
  endfacet
  facet normal  0.000000e+000  0.000000e+000  1.000000e+000
    outer loop
      vertex -1.061548e+001 -1.197128e+001  1.800000e+002
      vertex -2.024508e+000 -1.182799e+001  1.800000e+002
      vertex -2.328383e+000 -1.177194e+001  1.800000e+002
    endloop
  endfacet
  facet normal  0.000000e+000  0.000000e+000  1.000000e+000
    outer loop
      vertex -1.061548e+001 -1.197128e+001  1.800000e+002
      vertex -2.328383e+000 -1.177194e+001  1.800000e+002
      vertex -2.630714e+000 -1.170809e+001  1.800000e+002
    endloop
  endfacet
  facet normal  0.000000e+000  0.000000e+000  9.999999e-001
    outer loop
      vertex -1.061548e+001 -1.197128e+001  1.800000e+002
      vertex -2.630714e+000 -1.170809e+001  1.800000e+002
      vertex -1.087956e+001 -1.173181e+001  1.800000e+002
    endloop
  endfacet
  facet normal  0.000000e+000  0.000000e+000  1.000000e+000
    outer loop
      vertex  1.087956e+001  1.173181e+001  1.800000e+002
      vertex  1.061548e+001  1.197128e+001  1.800000e+002
      vertex  7.976120e-001  1.197346e+001  1.800000e+002
    endloop
  endfacet
  facet normal  0.000000e+000  0.000000e+000  1.000000e+000
    outer loop
      vertex  1.087956e+001  1.173181e+001  1.800000e+002
      vertex  7.976120e-001  1.197346e+001  1.800000e+002
      vertex  1.105639e+000  1.194896e+001  1.800000e+002
    endloop
  endfacet
  facet normal  0.000000e+000  0.000000e+000  1.000000e+000
    outer loop
      vertex  1.087956e+001  1.173181e+001  1.800000e+002
      vertex  1.105639e+000  1.194896e+001  1.800000e+002
      vertex  1.412933e+000  1.191653e+001  1.800000e+002
    endloop
  endfacet
  facet normal  0.000000e+000  0.000000e+000  1.000000e+000
    outer loop
      vertex  1.087956e+001  1.173181e+001  1.800000e+002
      vertex  1.412933e+000  1.191653e+001  1.800000e+002
      vertex  1.719291e+000  1.187620e+001  1.800000e+002
    endloop
  endfacet
  facet normal  0.000000e+000  0.000000e+000  9.999999e-001
    outer loop
      vertex  1.087956e+001  1.173181e+001  1.800000e+002
      vertex  1.719291e+000  1.187620e+001  1.800000e+002
      vertex  2.024508e+000  1.182799e+001  1.800000e+002
    endloop
  endfacet
  facet normal  0.000000e+000  0.000000e+000  9.999999e-001
    outer loop
      vertex  1.087956e+001  1.173181e+001  1.800000e+002
      vertex  2.024508e+000  1.182799e+001  1.800000e+002
      vertex  2.328383e+000  1.177194e+001  1.800000e+002
    endloop
  endfacet
  facet normal  0.000000e+000  0.000000e+000  1.000000e+000
    outer loop
      vertex  1.087956e+001  1.173181e+001  1.800000e+002
      vertex  2.328383e+000  1.177194e+001  1.800000e+002
      vertex  2.630714e+000  1.170809e+001  1.800000e+002
    endloop
  endfacet
  facet normal  -0.000000e+000  0.000000e+000  9.999999e-001
    outer loop
      vertex  1.087956e+001  1.173181e+001  1.800000e+002
      vertex  2.630714e+000  1.170809e+001  1.800000e+002
      vertex  2.931301e+000  1.163647e+001  1.800000e+002
    endloop
  endfacet
  facet normal  -0.000000e+000  0.000000e+000  9.999999e-001
    outer loop
      vertex  1.087956e+001  1.173181e+001  1.800000e+002
      vertex  2.931301e+000  1.163647e+001  1.800000e+002
      vertex  1.113823e+001  1.148651e+001  1.800000e+002
    endloop
  endfacet
  facet normal  0.000000e+000  0.000000e+000  1.000000e+000
    outer loop
      vertex  1.058389e+001 -1.199922e+001  1.800000e+002
      vertex  1.084859e+001 -1.176044e+001  1.800000e+002
      vertex  2.277982e+000 -1.178180e+001  1.800000e+002
    endloop
  endfacet
  facet normal  0.000000e+000  0.000000e+000  1.000000e+000
    outer loop
      vertex  1.058389e+001 -1.199922e+001  1.800000e+002
      vertex  2.277982e+000 -1.178180e+001  1.800000e+002
      vertex  1.973870e+000 -1.183655e+001  1.800000e+002
    endloop
  endfacet
  facet normal  0.000000e+000  0.000000e+000  1.000000e+000
    outer loop
      vertex  1.058389e+001 -1.199922e+001  1.800000e+002
      vertex  1.973870e+000 -1.183655e+001  1.800000e+002
      vertex  1.668450e+000 -1.188345e+001  1.800000e+002
    endloop
  endfacet
  facet normal  0.000000e+000  0.000000e+000  1.000000e+000
    outer loop
      vertex  1.058389e+001 -1.199922e+001  1.800000e+002
      vertex  1.668450e+000 -1.188345e+001  1.800000e+002
      vertex  1.361923e+000 -1.192246e+001  1.800000e+002
    endloop
  endfacet
  facet normal  0.000000e+000  0.000000e+000  1.000000e+000
    outer loop
      vertex  1.058389e+001 -1.199922e+001  1.800000e+002
      vertex  1.361923e+000 -1.192246e+001  1.800000e+002
      vertex  1.054492e+000 -1.195358e+001  1.800000e+002
    endloop
  endfacet
  facet normal  0.000000e+000  0.000000e+000  9.999999e-001
    outer loop
      vertex  1.058389e+001 -1.199922e+001  1.800000e+002
      vertex  1.054492e+000 -1.195358e+001  1.800000e+002
      vertex  7.463630e-001 -1.197677e+001  1.800000e+002
    endloop
  endfacet
  facet normal  0.000000e+000  0.000000e+000  9.999999e-001
    outer loop
      vertex  1.058389e+001 -1.199922e+001  1.800000e+002
      vertex  7.463630e-001 -1.197677e+001  1.800000e+002
      vertex  4.377388e-001 -1.199201e+001  1.800000e+002
    endloop
  endfacet
  facet normal  0.000000e+000  0.000000e+000  1.000000e+000
    outer loop
      vertex  1.058389e+001 -1.199922e+001  1.800000e+002
      vertex  4.377388e-001 -1.199201e+001  1.800000e+002
      vertex  1.288244e-001 -1.199931e+001  1.800000e+002
    endloop
  endfacet
  facet normal  0.000000e+000  0.000000e+000  1.000000e+000
    outer loop
      vertex -1.185228e+001  1.074819e+001  1.800000e+002
      vertex -4.923214e+000  1.094358e+001  1.800000e+002
      vertex -1.160988e+001  1.100957e+001  1.800000e+002
    endloop
  endfacet
  facet normal  -0.000000e+000  0.000000e+000  1.000000e+000
    outer loop
      vertex -1.160988e+001  1.100957e+001  1.800000e+002
      vertex -4.923214e+000  1.094358e+001  1.800000e+002
      vertex -4.639807e+000  1.106672e+001  1.800000e+002
    endloop
  endfacet
  facet normal  0.000000e+000  -0.000000e+000  9.999999e-001
    outer loop
      vertex -1.160988e+001  1.100957e+001  1.800000e+002
      vertex -4.639807e+000  1.106672e+001  1.800000e+002
      vertex -4.353324e+000  1.118251e+001  1.800000e+002
    endloop
  endfacet
  facet normal  0.000000e+000  0.000000e+000  1.000000e+000
    outer loop
      vertex -1.208879e+001  1.048146e+001  1.800000e+002
      vertex -5.480048e+000  1.067563e+001  1.800000e+002
      vertex -1.185228e+001  1.074819e+001  1.800000e+002
    endloop
  endfacet
  facet normal  -0.000000e+000  0.000000e+000  1.000000e+000
    outer loop
      vertex -1.185228e+001  1.074819e+001  1.800000e+002
      vertex -5.480048e+000  1.067563e+001  1.800000e+002
      vertex -5.203356e+000  1.081319e+001  1.800000e+002
    endloop
  endfacet
  facet normal  0.000000e+000  -0.000000e+000  1.000000e+000
    outer loop
      vertex -1.185228e+001  1.074819e+001  1.800000e+002
      vertex -5.203356e+000  1.081319e+001  1.800000e+002
      vertex -4.923214e+000  1.094358e+001  1.800000e+002
    endloop
  endfacet
  facet normal  0.000000e+000  0.000000e+000  9.999999e-001
    outer loop
      vertex -1.231931e+001  1.020953e+001  1.800000e+002
      vertex -6.022350e+000  1.037937e+001  1.800000e+002
      vertex -1.208879e+001  1.048146e+001  1.800000e+002
    endloop
  endfacet
  facet normal  -0.000000e+000  0.000000e+000  1.000000e+000
    outer loop
      vertex -1.208879e+001  1.048146e+001  1.800000e+002
      vertex -6.022350e+000  1.037937e+001  1.800000e+002
      vertex -5.753107e+000  1.053099e+001  1.800000e+002
    endloop
  endfacet
  facet normal  0.000000e+000  -0.000000e+000  1.000000e+000
    outer loop
      vertex -1.208879e+001  1.048146e+001  1.800000e+002
      vertex -5.753107e+000  1.053099e+001  1.800000e+002
      vertex -5.480048e+000  1.067563e+001  1.800000e+002
    endloop
  endfacet
  facet normal  -0.000000e+000  0.000000e+000  9.999999e-001
    outer loop
      vertex -6.287601e+000  1.022087e+001  1.800000e+002
      vertex -1.231931e+001  1.020953e+001  1.800000e+002
      vertex -6.548682e+000  1.005558e+001  1.800000e+002
    endloop
  endfacet
  facet normal  0.000000e+000  0.000000e+000  1.000000e+000
    outer loop
      vertex -6.548682e+000  1.005558e+001  1.800000e+002
      vertex -1.231931e+001  1.020953e+001  1.800000e+002
      vertex -1.254371e+001  9.932539e+000  1.800000e+002
    endloop
  endfacet
  facet normal  -0.000000e+000  0.000000e+000  1.000000e+000
    outer loop
      vertex -6.548682e+000  1.005558e+001  1.800000e+002
      vertex -1.254371e+001  9.932539e+000  1.800000e+002
      vertex -6.805421e+000  9.883635e+000  1.800000e+002
    endloop
  endfacet
  facet normal  0.000000e+000  0.000000e+000  1.000000e+000
    outer loop
      vertex -6.805421e+000  9.883635e+000  1.800000e+002
      vertex -1.254371e+001  9.932539e+000  1.800000e+002
      vertex -7.057648e+000  9.705132e+000  1.800000e+002
    endloop
  endfacet
  facet normal  0.000000e+000  0.000000e+000  1.000000e+000
    outer loop
      vertex -7.057648e+000  9.705132e+000  1.800000e+002
      vertex -1.254371e+001  9.932539e+000  1.800000e+002
      vertex -1.276188e+001  9.650613e+000  1.800000e+002
    endloop
  endfacet
  facet normal  -0.000000e+000  0.000000e+000  1.000000e+000
    outer loop
      vertex -7.057648e+000  9.705132e+000  1.800000e+002
      vertex -1.276188e+001  9.650613e+000  1.800000e+002
      vertex -7.305195e+000  9.520196e+000  1.800000e+002
    endloop
  endfacet
  facet normal  0.000000e+000  0.000000e+000  1.000000e+000
    outer loop
      vertex -7.305195e+000  9.520196e+000  1.800000e+002
      vertex -1.276188e+001  9.650613e+000  1.800000e+002
      vertex -1.297372e+001  9.363896e+000  1.800000e+002
    endloop
  endfacet
  facet normal  -0.000000e+000  0.000000e+000  1.000000e+000
    outer loop
      vertex -7.305195e+000  9.520196e+000  1.800000e+002
      vertex -1.297372e+001  9.363896e+000  1.800000e+002
      vertex -7.547898e+000  9.328946e+000  1.800000e+002
    endloop
  endfacet
  facet normal  0.000000e+000  0.000000e+000  1.000000e+000
    outer loop
      vertex -7.547898e+000  9.328946e+000  1.800000e+002
      vertex -1.297372e+001  9.363896e+000  1.800000e+002
      vertex -7.785597e+000  9.131511e+000  1.800000e+002
    endloop
  endfacet
  facet normal  0.000000e+000  0.000000e+000  1.000000e+000
    outer loop
      vertex -7.785597e+000  9.131511e+000  1.800000e+002
      vertex -1.297372e+001  9.363896e+000  1.800000e+002
      vertex -1.317912e+001  9.072531e+000  1.800000e+002
    endloop
  endfacet
  facet normal  -0.000000e+000  0.000000e+000  1.000000e+000
    outer loop
      vertex -7.785597e+000  9.131511e+000  1.800000e+002
      vertex -1.317912e+001  9.072531e+000  1.800000e+002
      vertex -8.018133e+000  8.928020e+000  1.800000e+002
    endloop
  endfacet
  facet normal  0.000000e+000  0.000000e+000  1.000000e+000
    outer loop
      vertex -8.018133e+000  8.928020e+000  1.800000e+002
      vertex -1.317912e+001  9.072531e+000  1.800000e+002
      vertex -1.337797e+001  8.776662e+000  1.800000e+002
    endloop
  endfacet
  facet normal  -0.000000e+000  0.000000e+000  1.000000e+000
    outer loop
      vertex -8.018133e+000  8.928020e+000  1.800000e+002
      vertex -1.337797e+001  8.776662e+000  1.800000e+002
      vertex -8.245353e+000  8.718610e+000  1.800000e+002
    endloop
  endfacet
  facet normal  0.000000e+000  0.000000e+000  1.000000e+000
    outer loop
      vertex -8.245353e+000  8.718610e+000  1.800000e+002
      vertex -1.337797e+001  8.776662e+000  1.800000e+002
      vertex -8.467105e+000  8.503419e+000  1.800000e+002
    endloop
  endfacet
  facet normal  0.000000e+000  0.000000e+000  1.000000e+000
    outer loop
      vertex -8.467105e+000  8.503419e+000  1.800000e+002
      vertex -1.337797e+001  8.776662e+000  1.800000e+002
      vertex -1.357019e+001  8.476437e+000  1.800000e+002
    endloop
  endfacet
  facet normal  -0.000000e+000  0.000000e+000  1.000000e+000
    outer loop
      vertex -8.467105e+000  8.503419e+000  1.800000e+002
      vertex -1.357019e+001  8.476437e+000  1.800000e+002
      vertex -8.683243e+000  8.282589e+000  1.800000e+002
    endloop
  endfacet
  facet normal  0.000000e+000  0.000000e+000  9.999999e-001
    outer loop
      vertex -8.683243e+000  8.282589e+000  1.800000e+002
      vertex -1.357019e+001  8.476437e+000  1.800000e+002
      vertex -1.375567e+001  8.172003e+000  1.800000e+002
    endloop
  endfacet
  facet normal  -0.000000e+000  0.000000e+000  1.000000e+000
    outer loop
      vertex -8.683243e+000  8.282589e+000  1.800000e+002
      vertex -1.375567e+001  8.172003e+000  1.800000e+002
      vertex -8.893624e+000  8.056268e+000  1.800000e+002
    endloop
  endfacet
  facet normal  0.000000e+000  0.000000e+000  1.000000e+000
    outer loop
      vertex -8.893624e+000  8.056268e+000  1.800000e+002
      vertex -1.375567e+001  8.172003e+000  1.800000e+002
      vertex -1.393432e+001  7.863513e+000  1.800000e+002
    endloop
  endfacet
  facet normal  -0.000000e+000  0.000000e+000  1.000000e+000
    outer loop
      vertex -8.893624e+000  8.056268e+000  1.800000e+002
      vertex -1.393432e+001  7.863513e+000  1.800000e+002
      vertex -9.098107e+000  7.824605e+000  1.800000e+002
    endloop
  endfacet
  facet normal  0.000000e+000  0.000000e+000  1.000000e+000
    outer loop
      vertex -9.098107e+000  7.824605e+000  1.800000e+002
      vertex -1.393432e+001  7.863513e+000  1.800000e+002
      vertex -9.296558e+000  7.587753e+000  1.800000e+002
    endloop
  endfacet
  facet normal  0.000000e+000  0.000000e+000  1.000000e+000
    outer loop
      vertex -9.296558e+000  7.587753e+000  1.800000e+002
      vertex -1.393432e+001  7.863513e+000  1.800000e+002
      vertex -1.410605e+001  7.551119e+000  1.800000e+002
    endloop
  endfacet
  facet normal  -0.000000e+000  0.000000e+000  1.000000e+000
    outer loop
      vertex -9.296558e+000  7.587753e+000  1.800000e+002
      vertex -1.410605e+001  7.551119e+000  1.800000e+002
      vertex -9.488845e+000  7.345871e+000  1.800000e+002
    endloop
  endfacet
  facet normal  0.000000e+000  0.000000e+000  1.000000e+000
    outer loop
      vertex -9.488845e+000  7.345871e+000  1.800000e+002
      vertex -1.410605e+001  7.551119e+000  1.800000e+002
      vertex -1.427078e+001  7.234977e+000  1.800000e+002
    endloop
  endfacet
  facet normal  -0.000000e+000  0.000000e+000  1.000000e+000
    outer loop
      vertex -9.488845e+000  7.345871e+000  1.800000e+002
      vertex -1.427078e+001  7.234977e+000  1.800000e+002
      vertex -9.674840e+000  7.099118e+000  1.800000e+002
    endloop
  endfacet
  facet normal  0.000000e+000  0.000000e+000  1.000000e+000
    outer loop
      vertex -9.674840e+000  7.099118e+000  1.800000e+002
      vertex -1.427078e+001  7.234977e+000  1.800000e+002
      vertex -1.442842e+001  6.915243e+000  1.800000e+002
    endloop
  endfacet
  facet normal  -0.000000e+000  0.000000e+000  1.000000e+000
    outer loop
      vertex -9.674840e+000  7.099118e+000  1.800000e+002
      vertex -1.442842e+001  6.915243e+000  1.800000e+002
      vertex -9.854420e+000  6.847657e+000  1.800000e+002
    endloop
  endfacet
  facet normal  0.000000e+000  0.000000e+000  1.000000e+000
    outer loop
      vertex -9.854420e+000  6.847657e+000  1.800000e+002
      vertex -1.442842e+001  6.915243e+000  1.800000e+002
      vertex -1.002747e+001  6.591656e+000  1.800000e+002
    endloop
  endfacet
  facet normal  0.000000e+000  0.000000e+000  9.999999e-001
    outer loop
      vertex -1.002747e+001  6.591656e+000  1.800000e+002
      vertex -1.442842e+001  6.915243e+000  1.800000e+002
      vertex -1.457891e+001  6.592076e+000  1.800000e+002
    endloop
  endfacet
  facet normal  0.000000e+000  0.000000e+000  1.000000e+000
    outer loop
      vertex -1.002747e+001  6.591656e+000  1.800000e+002
      vertex -1.457891e+001  6.592076e+000  1.800000e+002
      vertex -1.019386e+001  6.331285e+000  1.800000e+002
    endloop
  endfacet
  facet normal  0.000000e+000  0.000000e+000  1.000000e+000
    outer loop
      vertex -1.019386e+001  6.331285e+000  1.800000e+002
      vertex -1.457891e+001  6.592076e+000  1.800000e+002
      vertex -1.472215e+001  6.265637e+000  1.800000e+002
    endloop
  endfacet
  facet normal  -0.000000e+000  0.000000e+000  1.000000e+000
    outer loop
      vertex -1.019386e+001  6.331285e+000  1.800000e+002
      vertex -1.472215e+001  6.265637e+000  1.800000e+002
      vertex -1.035350e+001  6.066715e+000  1.800000e+002
    endloop
  endfacet
  facet normal  0.000000e+000  0.000000e+000  1.000000e+000
    outer loop
      vertex -1.035350e+001  6.066715e+000  1.800000e+002
      vertex -1.472215e+001  6.265637e+000  1.800000e+002
      vertex -1.485809e+001  5.936088e+000  1.800000e+002
    endloop
  endfacet
  facet normal  -0.000000e+000  0.000000e+000  1.000000e+000
    outer loop
      vertex -1.035350e+001  6.066715e+000  1.800000e+002
      vertex -1.485809e+001  5.936088e+000  1.800000e+002
      vertex -1.050627e+001  5.798122e+000  1.800000e+002
    endloop
  endfacet
  facet normal  0.000000e+000  0.000000e+000  1.000000e+000
    outer loop
      vertex -1.050627e+001  5.798122e+000  1.800000e+002
      vertex -1.485809e+001  5.936088e+000  1.800000e+002
      vertex -1.498665e+001  5.603592e+000  1.800000e+002
    endloop
  endfacet
  facet normal  -0.000000e+000  0.000000e+000  1.000000e+000
    outer loop
      vertex -1.050627e+001  5.798122e+000  1.800000e+002
      vertex -1.498665e+001  5.603592e+000  1.800000e+002
      vertex -1.065208e+001  5.525685e+000  1.800000e+002
    endloop
  endfacet
  facet normal  0.000000e+000  0.000000e+000  1.000000e+000
    outer loop
      vertex -1.065208e+001  5.525685e+000  1.800000e+002
      vertex -1.498665e+001  5.603592e+000  1.800000e+002
      vertex -1.079082e+001  5.249585e+000  1.800000e+002
    endloop
  endfacet
  facet normal  0.000000e+000  0.000000e+000  1.000000e+000
    outer loop
      vertex -1.079082e+001  5.249585e+000  1.800000e+002
      vertex -1.498665e+001  5.603592e+000  1.800000e+002
      vertex -1.510777e+001  5.268314e+000  1.800000e+002
    endloop
  endfacet
  facet normal  0.000000e+000  0.000000e+000  1.000000e+000
    outer loop
      vertex -1.079082e+001  5.249585e+000  1.800000e+002
      vertex -1.510777e+001  5.268314e+000  1.800000e+002
      vertex -1.092241e+001  4.970003e+000  1.800000e+002
    endloop
  endfacet
  facet normal  0.000000e+000  0.000000e+000  1.000000e+000
    outer loop
      vertex -1.092241e+001  4.970003e+000  1.800000e+002
      vertex -1.510777e+001  5.268314e+000  1.800000e+002
      vertex -1.522140e+001  4.930421e+000  1.800000e+002
    endloop
  endfacet
  facet normal  -0.000000e+000  0.000000e+000  1.000000e+000
    outer loop
      vertex -1.092241e+001  4.970003e+000  1.800000e+002
      vertex -1.522140e+001  4.930421e+000  1.800000e+002
      vertex -1.104676e+001  4.687126e+000  1.800000e+002
    endloop
  endfacet
  facet normal  0.000000e+000  0.000000e+000  1.000000e+000
    outer loop
      vertex -1.104676e+001  4.687126e+000  1.800000e+002
      vertex -1.522140e+001  4.930421e+000  1.800000e+002
      vertex -1.532746e+001  4.590080e+000  1.800000e+002
    endloop
  endfacet
  facet normal  -0.000000e+000  0.000000e+000  1.000000e+000
    outer loop
      vertex -1.104676e+001  4.687126e+000  1.800000e+002
      vertex -1.532746e+001  4.590080e+000  1.800000e+002
      vertex -1.116378e+001  4.401141e+000  1.800000e+002
    endloop
  endfacet
  facet normal  0.000000e+000  0.000000e+000  9.999999e-001
    outer loop
      vertex -1.116378e+001  4.401141e+000  1.800000e+002
      vertex -1.532746e+001  4.590080e+000  1.800000e+002
      vertex -1.542592e+001  4.247461e+000  1.800000e+002
    endloop
  endfacet
  facet normal  -0.000000e+000  0.000000e+000  1.000000e+000
    outer loop
      vertex -1.116378e+001  4.401141e+000  1.800000e+002
      vertex -1.542592e+001  4.247461e+000  1.800000e+002
      vertex -1.127340e+001  4.112238e+000  1.800000e+002
    endloop
  endfacet
  facet normal  0.000000e+000  0.000000e+000  1.000000e+000
    outer loop
      vertex -1.127340e+001  4.112238e+000  1.800000e+002
      vertex -1.542592e+001  4.247461e+000  1.800000e+002
      vertex -1.137554e+001  3.820608e+000  1.800000e+002
    endloop
  endfacet
  facet normal  0.000000e+000  0.000000e+000  9.999999e-001
    outer loop
      vertex -1.137554e+001  3.820608e+000  1.800000e+002
      vertex -1.542592e+001  4.247461e+000  1.800000e+002
      vertex -1.551672e+001  3.902733e+000  1.800000e+002
    endloop
  endfacet
  facet normal  0.000000e+000  0.000000e+000  1.000000e+000
    outer loop
      vertex -1.137554e+001  3.820608e+000  1.800000e+002
      vertex -1.551672e+001  3.902733e+000  1.800000e+002
      vertex -1.147014e+001  3.526445e+000  1.800000e+002
    endloop
  endfacet
  facet normal  0.000000e+000  0.000000e+000  1.000000e+000
    outer loop
      vertex -1.147014e+001  3.526445e+000  1.800000e+002
      vertex -1.551672e+001  3.902733e+000  1.800000e+002
      vertex -1.559982e+001  3.556068e+000  1.800000e+002
    endloop
  endfacet
  facet normal  0.000000e+000  0.000000e+000  1.000000e+000
    outer loop
      vertex -1.147014e+001  3.526445e+000  1.800000e+002
      vertex -1.559982e+001  3.556068e+000  1.800000e+002
      vertex -1.155714e+001  3.229944e+000  1.800000e+002
    endloop
  endfacet
  facet normal  0.000000e+000  0.000000e+000  1.000000e+000
    outer loop
      vertex -1.155714e+001  3.229944e+000  1.800000e+002
      vertex -1.559982e+001  3.556068e+000  1.800000e+002
      vertex -1.567517e+001  3.207638e+000  1.800000e+002
    endloop
  endfacet
  facet normal  -0.000000e+000  0.000000e+000  1.000000e+000
    outer loop
      vertex -1.155714e+001  3.229944e+000  1.800000e+002
      vertex -1.567517e+001  3.207638e+000  1.800000e+002
      vertex -1.163647e+001  2.931301e+000  1.800000e+002
    endloop
  endfacet
  facet normal  0.000000e+000  0.000000e+000  1.000000e+000
    outer loop
      vertex -1.163647e+001  2.931301e+000  1.800000e+002
      vertex -1.567517e+001  3.207638e+000  1.800000e+002
      vertex -1.574275e+001  2.857615e+000  1.800000e+002
    endloop
  endfacet
  facet normal  -0.000000e+000  0.000000e+000  1.000000e+000
    outer loop
      vertex -1.163647e+001  2.931301e+000  1.800000e+002
      vertex -1.574275e+001  2.857615e+000  1.800000e+002
      vertex -1.170809e+001  2.630714e+000  1.800000e+002
    endloop
  endfacet
  facet normal  0.000000e+000  0.000000e+000  9.999999e-001
    outer loop
      vertex -1.170809e+001  2.630714e+000  1.800000e+002
      vertex -1.574275e+001  2.857615e+000  1.800000e+002
      vertex -1.580250e+001  2.506174e+000  1.800000e+002
    endloop
  endfacet
  facet normal  -0.000000e+000  0.000000e+000  1.000000e+000
    outer loop
      vertex -1.170809e+001  2.630714e+000  1.800000e+002
      vertex -1.580250e+001  2.506174e+000  1.800000e+002
      vertex -1.177194e+001  2.328383e+000  1.800000e+002
    endloop
  endfacet
  facet normal  0.000000e+000  0.000000e+000  1.000000e+000
    outer loop
      vertex -1.177194e+001  2.328383e+000  1.800000e+002
      vertex -1.580250e+001  2.506174e+000  1.800000e+002
      vertex -1.585441e+001  2.153489e+000  1.800000e+002
    endloop
  endfacet
  facet normal  -0.000000e+000  0.000000e+000  1.000000e+000
    outer loop
      vertex -1.177194e+001  2.328383e+000  1.800000e+002
      vertex -1.585441e+001  2.153489e+000  1.800000e+002
      vertex -1.182799e+001  2.024508e+000  1.800000e+002
    endloop
  endfacet
  facet normal  0.000000e+000  0.000000e+000  1.000000e+000
    outer loop
      vertex -1.182799e+001  2.024508e+000  1.800000e+002
      vertex -1.585441e+001  2.153489e+000  1.800000e+002
      vertex -1.187620e+001  1.719291e+000  1.800000e+002
    endloop
  endfacet
  facet normal  0.000000e+000  0.000000e+000  1.000000e+000
    outer loop
      vertex -1.187620e+001  1.719291e+000  1.800000e+002
      vertex -1.585441e+001  2.153489e+000  1.800000e+002
      vertex -1.589846e+001  1.799735e+000  1.800000e+002
    endloop
  endfacet
  facet normal  0.000000e+000  0.000000e+000  1.000000e+000
    outer loop
      vertex -1.187620e+001  1.719291e+000  1.800000e+002
      vertex -1.589846e+001  1.799735e+000  1.800000e+002
      vertex -1.191653e+001  1.412933e+000  1.800000e+002
    endloop
  endfacet
  facet normal  0.000000e+000  0.000000e+000  1.000000e+000
    outer loop
      vertex -1.191653e+001  1.412933e+000  1.800000e+002
      vertex -1.589846e+001  1.799735e+000  1.800000e+002
      vertex -1.593461e+001  1.445087e+000  1.800000e+002
    endloop
  endfacet
  facet normal  0.000000e+000  0.000000e+000  1.000000e+000
    outer loop
      vertex -1.191653e+001  1.412933e+000  1.800000e+002
      vertex -1.593461e+001  1.445087e+000  1.800000e+002
      vertex -1.194896e+001  1.105639e+000  1.800000e+002
    endloop
  endfacet
  facet normal  0.000000e+000  0.000000e+000  1.000000e+000
    outer loop
      vertex -1.194896e+001  1.105639e+000  1.800000e+002
      vertex -1.593461e+001  1.445087e+000  1.800000e+002
      vertex -1.596285e+001  1.089722e+000  1.800000e+002
    endloop
  endfacet
  facet normal  -0.000000e+000  0.000000e+000  1.000000e+000
    outer loop
      vertex -1.194896e+001  1.105639e+000  1.800000e+002
      vertex -1.596285e+001  1.089722e+000  1.800000e+002
      vertex -1.197346e+001  7.976120e-001  1.800000e+002
    endloop
  endfacet
  facet normal  0.000000e+000  0.000000e+000  1.000000e+000
    outer loop
      vertex -1.197346e+001  7.976120e-001  1.800000e+002
      vertex -1.596285e+001  1.089722e+000  1.800000e+002
      vertex -1.598316e+001  7.338157e-001  1.800000e+002
    endloop
  endfacet
  facet normal  -0.000000e+000  0.000000e+000  1.000000e+000
    outer loop
      vertex -1.197346e+001  7.976120e-001  1.800000e+002
      vertex -1.598316e+001  7.338157e-001  1.800000e+002
      vertex -1.199003e+001  4.890559e-001  1.800000e+002
    endloop
  endfacet
  facet normal  0.000000e+000  0.000000e+000  1.000000e+000
    outer loop
      vertex -1.199003e+001  4.890559e-001  1.800000e+002
      vertex -1.598316e+001  7.338157e-001  1.800000e+002
      vertex -1.599555e+001  3.775454e-001  1.800000e+002
    endloop
  endfacet
  facet normal  -0.000000e+000  0.000000e+000  1.000000e+000
    outer loop
      vertex -1.199003e+001  4.890559e-001  1.800000e+002
      vertex -1.599555e+001  3.775454e-001  1.800000e+002
      vertex -1.199865e+001  1.801755e-001  1.800000e+002
    endloop
  endfacet
  facet normal  0.000000e+000  0.000000e+000  1.000000e+000
    outer loop
      vertex -1.199865e+001  1.801755e-001  1.800000e+002
      vertex -1.599555e+001  3.775454e-001  1.800000e+002
      vertex -1.599999e+001  2.108762e-002  1.800000e+002
    endloop
  endfacet
  facet normal  -0.000000e+000  0.000000e+000  1.000000e+000
    outer loop
      vertex -1.199865e+001  1.801755e-001  1.800000e+002
      vertex -1.599999e+001  2.108762e-002  1.800000e+002
      vertex -1.199931e+001 -1.288244e-001  1.800000e+002
    endloop
  endfacet
  facet normal  0.000000e+000  0.000000e+000  1.000000e+000
    outer loop
      vertex -1.199931e+001 -1.288244e-001  1.800000e+002
      vertex -1.599999e+001  2.108762e-002  1.800000e+002
      vertex -1.199201e+001 -4.377388e-001  1.800000e+002
    endloop
  endfacet
  facet normal  0.000000e+000  0.000000e+000  1.000000e+000
    outer loop
      vertex -1.199201e+001 -4.377388e-001  1.800000e+002
      vertex -1.599999e+001  2.108762e-002  1.800000e+002
      vertex -1.599648e+001 -3.353806e-001  1.800000e+002
    endloop
  endfacet
  facet normal  0.000000e+000  0.000000e+000  1.000000e+000
    outer loop
      vertex -1.199201e+001 -4.377388e-001  1.800000e+002
      vertex -1.599648e+001 -3.353806e-001  1.800000e+002
      vertex -1.197677e+001 -7.463630e-001  1.800000e+002
    endloop
  endfacet
  facet normal  0.000000e+000  0.000000e+000  9.999999e-001
    outer loop
      vertex -1.197677e+001 -7.463630e-001  1.800000e+002
      vertex -1.599648e+001 -3.353806e-001  1.800000e+002
      vertex -1.598504e+001 -6.916823e-001  1.800000e+002
    endloop
  endfacet
  facet normal  0.000000e+000  0.000000e+000  1.000000e+000
    outer loop
      vertex -1.197677e+001 -7.463630e-001  1.800000e+002
      vertex -1.598504e+001 -6.916823e-001  1.800000e+002
      vertex -1.195358e+001 -1.054492e+000  1.800000e+002
    endloop
  endfacet
  facet normal  0.000000e+000  0.000000e+000  9.999999e-001
    outer loop
      vertex -1.195358e+001 -1.054492e+000  1.800000e+002
      vertex -1.598504e+001 -6.916823e-001  1.800000e+002
      vertex -1.596566e+001 -1.047641e+000  1.800000e+002
    endloop
  endfacet
  facet normal  0.000000e+000  0.000000e+000  1.000000e+000
    outer loop
      vertex -1.195358e+001 -1.054492e+000  1.800000e+002
      vertex -1.596566e+001 -1.047641e+000  1.800000e+002
      vertex -1.192246e+001 -1.361923e+000  1.800000e+002
    endloop
  endfacet
  facet normal  0.000000e+000  0.000000e+000  1.000000e+000
    outer loop
      vertex -1.192246e+001 -1.361923e+000  1.800000e+002
      vertex -1.596566e+001 -1.047641e+000  1.800000e+002
      vertex -1.593836e+001 -1.403079e+000  1.800000e+002
    endloop
  endfacet
  facet normal  -0.000000e+000  0.000000e+000  1.000000e+000
    outer loop
      vertex -1.192246e+001 -1.361923e+000  1.800000e+002
      vertex -1.593836e+001 -1.403079e+000  1.800000e+002
      vertex -1.188345e+001 -1.668450e+000  1.800000e+002
    endloop
  endfacet
  facet normal  0.000000e+000  0.000000e+000  1.000000e+000
    outer loop
      vertex -1.188345e+001 -1.668450e+000  1.800000e+002
      vertex -1.593836e+001 -1.403079e+000  1.800000e+002
      vertex -1.590315e+001 -1.757821e+000  1.800000e+002
    endloop
  endfacet
  facet normal  -0.000000e+000  0.000000e+000  1.000000e+000
    outer loop
      vertex -1.188345e+001 -1.668450e+000  1.800000e+002
      vertex -1.590315e+001 -1.757821e+000  1.800000e+002
      vertex -1.183655e+001 -1.973870e+000  1.800000e+002
    endloop
  endfacet
  facet normal  0.000000e+000  0.000000e+000  1.000000e+000
    outer loop
      vertex -1.183655e+001 -1.973870e+000  1.800000e+002
      vertex -1.590315e+001 -1.757821e+000  1.800000e+002
      vertex -1.586004e+001 -2.111690e+000  1.800000e+002
    endloop
  endfacet
  facet normal  -0.000000e+000  0.000000e+000  1.000000e+000
    outer loop
      vertex -1.183655e+001 -1.973870e+000  1.800000e+002
      vertex -1.586004e+001 -2.111690e+000  1.800000e+002
      vertex -1.178180e+001 -2.277982e+000  1.800000e+002
    endloop
  endfacet
  facet normal  0.000000e+000  0.000000e+000  1.000000e+000
    outer loop
      vertex -1.178180e+001 -2.277982e+000  1.800000e+002
      vertex -1.586004e+001 -2.111690e+000  1.800000e+002
      vertex -1.580905e+001 -2.464511e+000  1.800000e+002
    endloop
  endfacet
  facet normal  -0.000000e+000  0.000000e+000  1.000000e+000
    outer loop
      vertex -1.178180e+001 -2.277982e+000  1.800000e+002
      vertex -1.580905e+001 -2.464511e+000  1.800000e+002
      vertex -1.171924e+001 -2.580584e+000  1.800000e+002
    endloop
  endfacet
  facet normal  0.000000e+000  0.000000e+000  1.000000e+000
    outer loop
      vertex -1.171924e+001 -2.580584e+000  1.800000e+002
      vertex -1.580905e+001 -2.464511e+000  1.800000e+002
      vertex -1.164891e+001 -2.881474e+000  1.800000e+002
    endloop
  endfacet
  facet normal  0.000000e+000  0.000000e+000  1.000000e+000
    outer loop
      vertex -1.164891e+001 -2.881474e+000  1.800000e+002
      vertex -1.580905e+001 -2.464511e+000  1.800000e+002
      vertex -1.575022e+001 -2.816108e+000  1.800000e+002
    endloop
  endfacet
  facet normal  0.000000e+000  0.000000e+000  1.000000e+000
    outer loop
      vertex -1.164891e+001 -2.881474e+000  1.800000e+002
      vertex -1.575022e+001 -2.816108e+000  1.800000e+002
      vertex -1.157086e+001 -3.180454e+000  1.800000e+002
    endloop
  endfacet
  facet normal  0.000000e+000  0.000000e+000  1.000000e+000
    outer loop
      vertex -1.157086e+001 -3.180454e+000  1.800000e+002
      vertex -1.575022e+001 -2.816108e+000  1.800000e+002
      vertex -1.568357e+001 -3.166308e+000  1.800000e+002
    endloop
  endfacet
  facet normal  0.000000e+000  0.000000e+000  1.000000e+000
    outer loop
      vertex -1.157086e+001 -3.180454e+000  1.800000e+002
      vertex -1.568357e+001 -3.166308e+000  1.800000e+002
      vertex -1.148513e+001 -3.477325e+000  1.800000e+002
    endloop
  endfacet
  facet normal  0.000000e+000  0.000000e+000  1.000000e+000
    outer loop
      vertex -1.148513e+001 -3.477325e+000  1.800000e+002
      vertex -1.568357e+001 -3.166308e+000  1.800000e+002
      vertex -1.560914e+001 -3.514936e+000  1.800000e+002
    endloop
  endfacet
  facet normal  -0.000000e+000  0.000000e+000  1.000000e+000
    outer loop
      vertex -1.148513e+001 -3.477325e+000  1.800000e+002
      vertex -1.560914e+001 -3.514936e+000  1.800000e+002
      vertex -1.139179e+001 -3.771890e+000  1.800000e+002
    endloop
  endfacet
  facet normal  0.000000e+000  0.000000e+000  1.000000e+000
    outer loop
      vertex -1.139179e+001 -3.771890e+000  1.800000e+002
      vertex -1.560914e+001 -3.514936e+000  1.800000e+002
      vertex -1.552696e+001 -3.861819e+000  1.800000e+002
    endloop
  endfacet
  facet normal  -0.000000e+000  0.000000e+000  1.000000e+000
    outer loop
      vertex -1.139179e+001 -3.771890e+000  1.800000e+002
      vertex -1.552696e+001 -3.861819e+000  1.800000e+002
      vertex -1.129089e+001 -4.063955e+000  1.800000e+002
    endloop
  endfacet
  facet normal  0.000000e+000  0.000000e+000  9.999999e-001
    outer loop
      vertex -1.129089e+001 -4.063955e+000  1.800000e+002
      vertex -1.552696e+001 -3.861819e+000  1.800000e+002
      vertex -1.543707e+001 -4.206784e+000  1.800000e+002
    endloop
  endfacet
  facet normal  -0.000000e+000  0.000000e+000  1.000000e+000
    outer loop
      vertex -1.129089e+001 -4.063955e+000  1.800000e+002
      vertex -1.543707e+001 -4.206784e+000  1.800000e+002
      vertex -1.118251e+001 -4.353324e+000  1.800000e+002
    endloop
  endfacet
  facet normal  0.000000e+000  0.000000e+000  1.000000e+000
    outer loop
      vertex -1.118251e+001 -4.353324e+000  1.800000e+002
      vertex -1.543707e+001 -4.206784e+000  1.800000e+002
      vertex -1.533951e+001 -4.549662e+000  1.800000e+002
    endloop
  endfacet
  facet normal  -0.000000e+000  0.000000e+000  1.000000e+000
    outer loop
      vertex -1.118251e+001 -4.353324e+000  1.800000e+002
      vertex -1.533951e+001 -4.549662e+000  1.800000e+002
      vertex -1.106672e+001 -4.639807e+000  1.800000e+002
    endloop
  endfacet
  facet normal  0.000000e+000  0.000000e+000  1.000000e+000
    outer loop
      vertex -1.106672e+001 -4.639807e+000  1.800000e+002
      vertex -1.533951e+001 -4.549662e+000  1.800000e+002
      vertex -1.094358e+001 -4.923214e+000  1.800000e+002
    endloop
  endfacet
  facet normal  0.000000e+000  0.000000e+000  1.000000e+000
    outer loop
      vertex -1.094358e+001 -4.923214e+000  1.800000e+002
      vertex -1.533951e+001 -4.549662e+000  1.800000e+002
      vertex -1.523434e+001 -4.890281e+000  1.800000e+002
    endloop
  endfacet
  facet normal  0.000000e+000  0.000000e+000  1.000000e+000
    outer loop
      vertex -1.094358e+001 -4.923214e+000  1.800000e+002
      vertex -1.523434e+001 -4.890281e+000  1.800000e+002
      vertex -1.081319e+001 -5.203356e+000  1.800000e+002
    endloop
  endfacet
  facet normal  0.000000e+000  0.000000e+000  1.000000e+000
    outer loop
      vertex -1.081319e+001 -5.203356e+000  1.800000e+002
      vertex -1.523434e+001 -4.890281e+000  1.800000e+002
      vertex -1.512161e+001 -5.228472e+000  1.800000e+002
    endloop
  endfacet
  facet normal  -0.000000e+000  0.000000e+000  1.000000e+000
    outer loop
      vertex -1.081319e+001 -5.203356e+000  1.800000e+002
      vertex -1.512161e+001 -5.228472e+000  1.800000e+002
      vertex -1.067563e+001 -5.480048e+000  1.800000e+002
    endloop
  endfacet
  facet normal  0.000000e+000  0.000000e+000  1.000000e+000
    outer loop
      vertex -1.067563e+001 -5.480048e+000  1.800000e+002
      vertex -1.512161e+001 -5.228472e+000  1.800000e+002
      vertex -1.500137e+001 -5.564068e+000  1.800000e+002
    endloop
  endfacet
  facet normal  -0.000000e+000  0.000000e+000  1.000000e+000
    outer loop
      vertex -1.067563e+001 -5.480048e+000  1.800000e+002
      vertex -1.500137e+001 -5.564068e+000  1.800000e+002
      vertex -1.053099e+001 -5.753107e+000  1.800000e+002
    endloop
  endfacet
  facet normal  0.000000e+000  0.000000e+000  1.000000e+000
    outer loop
      vertex -1.053099e+001 -5.753107e+000  1.800000e+002
      vertex -1.500137e+001 -5.564068e+000  1.800000e+002
      vertex -1.487369e+001 -5.896902e+000  1.800000e+002
    endloop
  endfacet
  facet normal  -0.000000e+000  0.000000e+000  9.999999e-001
    outer loop
      vertex -1.053099e+001 -5.753107e+000  1.800000e+002
      vertex -1.487369e+001 -5.896902e+000  1.800000e+002
      vertex -1.037937e+001 -6.022350e+000  1.800000e+002
    endloop
  endfacet
  facet normal  0.000000e+000  0.000000e+000  1.000000e+000
    outer loop
      vertex -1.037937e+001 -6.022350e+000  1.800000e+002
      vertex -1.487369e+001 -5.896902e+000  1.800000e+002
      vertex -1.022087e+001 -6.287601e+000  1.800000e+002
    endloop
  endfacet
  facet normal  0.000000e+000  0.000000e+000  9.999999e-001
    outer loop
      vertex -1.022087e+001 -6.287601e+000  1.800000e+002
      vertex -1.487369e+001 -5.896902e+000  1.800000e+002
      vertex -1.473862e+001 -6.226809e+000  1.800000e+002
    endloop
  endfacet
  facet normal  0.000000e+000  0.000000e+000  1.000000e+000
    outer loop
      vertex -1.022087e+001 -6.287601e+000  1.800000e+002
      vertex -1.473862e+001 -6.226809e+000  1.800000e+002
      vertex -1.005558e+001 -6.548682e+000  1.800000e+002
    endloop
  endfacet
  facet normal  0.000000e+000  0.000000e+000  9.999999e-001
    outer loop
      vertex -1.005558e+001 -6.548682e+000  1.800000e+002
      vertex -1.473862e+001 -6.226809e+000  1.800000e+002
      vertex -1.459623e+001 -6.553624e+000  1.800000e+002
    endloop
  endfacet
  facet normal  -0.000000e+000  0.000000e+000  1.000000e+000
    outer loop
      vertex -1.005558e+001 -6.548682e+000  1.800000e+002
      vertex -1.459623e+001 -6.553624e+000  1.800000e+002
      vertex -9.883635e+000 -6.805421e+000  1.800000e+002
    endloop
  endfacet
  facet normal  0.000000e+000  0.000000e+000  1.000000e+000
    outer loop
      vertex -9.883635e+000 -6.805421e+000  1.800000e+002
      vertex -1.459623e+001 -6.553624e+000  1.800000e+002
      vertex -1.444660e+001 -6.877186e+000  1.800000e+002
    endloop
  endfacet
  facet normal  -0.000000e+000  0.000000e+000  1.000000e+000
    outer loop
      vertex -9.883635e+000 -6.805421e+000  1.800000e+002
      vertex -1.444660e+001 -6.877186e+000  1.800000e+002
      vertex -9.705132e+000 -7.057648e+000  1.800000e+002
    endloop
  endfacet
  facet normal  0.000000e+000  0.000000e+000  1.000000e+000
    outer loop
      vertex -9.705132e+000 -7.057648e+000  1.800000e+002
      vertex -1.444660e+001 -6.877186e+000  1.800000e+002
      vertex -1.428980e+001 -7.197335e+000  1.800000e+002
    endloop
  endfacet
  facet normal  -0.000000e+000  0.000000e+000  1.000000e+000
    outer loop
      vertex -9.705132e+000 -7.057648e+000  1.800000e+002
      vertex -1.428980e+001 -7.197335e+000  1.800000e+002
      vertex -9.520196e+000 -7.305195e+000  1.800000e+002
    endloop
  endfacet
  facet normal  0.000000e+000  0.000000e+000  1.000000e+000
    outer loop
      vertex -9.520196e+000 -7.305195e+000  1.800000e+002
      vertex -1.428980e+001 -7.197335e+000  1.800000e+002
      vertex -9.328946e+000 -7.547898e+000  1.800000e+002
    endloop
  endfacet
  facet normal  0.000000e+000  0.000000e+000  1.000000e+000
    outer loop
      vertex -9.328946e+000 -7.547898e+000  1.800000e+002
      vertex -1.428980e+001 -7.197335e+000  1.800000e+002
      vertex -1.412590e+001 -7.513910e+000  1.800000e+002
    endloop
  endfacet
  facet normal  0.000000e+000  0.000000e+000  1.000000e+000
    outer loop
      vertex -9.328946e+000 -7.547898e+000  1.800000e+002
      vertex -1.412590e+001 -7.513910e+000  1.800000e+002
      vertex -9.131511e+000 -7.785597e+000  1.800000e+002
    endloop
  endfacet
  facet normal  0.000000e+000  0.000000e+000  1.000000e+000
    outer loop
      vertex -9.131511e+000 -7.785597e+000  1.800000e+002
      vertex -1.412590e+001 -7.513910e+000  1.800000e+002
      vertex -1.395500e+001 -7.826756e+000  1.800000e+002
    endloop
  endfacet
  facet normal  -0.000000e+000  0.000000e+000  1.000000e+000
    outer loop
      vertex -9.131511e+000 -7.785597e+000  1.800000e+002
      vertex -1.395500e+001 -7.826756e+000  1.800000e+002
      vertex -8.928020e+000 -8.018133e+000  1.800000e+002
    endloop
  endfacet
  facet normal  0.000000e+000  0.000000e+000  1.000000e+000
    outer loop
      vertex -8.928020e+000 -8.018133e+000  1.800000e+002
      vertex -1.395500e+001 -7.826756e+000  1.800000e+002
      vertex -1.377716e+001 -8.135715e+000  1.800000e+002
    endloop
  endfacet
  facet normal  -0.000000e+000  0.000000e+000  1.000000e+000
    outer loop
      vertex -8.928020e+000 -8.018133e+000  1.800000e+002
      vertex -1.377716e+001 -8.135715e+000  1.800000e+002
      vertex -8.718610e+000 -8.245353e+000  1.800000e+002
    endloop
  endfacet
  facet normal  0.000000e+000  0.000000e+000  1.000000e+000
    outer loop
      vertex -8.718610e+000 -8.245353e+000  1.800000e+002
      vertex -1.377716e+001 -8.135715e+000  1.800000e+002
      vertex -8.503419e+000 -8.467105e+000  1.800000e+002
    endloop
  endfacet
  facet normal  0.000000e+000  0.000000e+000  9.999999e-001
    outer loop
      vertex -8.503419e+000 -8.467105e+000  1.800000e+002
      vertex -1.377716e+001 -8.135715e+000  1.800000e+002
      vertex -1.359249e+001 -8.440637e+000  1.800000e+002
    endloop
  endfacet
  facet normal  0.000000e+000  0.000000e+000  9.999999e-001
    outer loop
      vertex -8.503419e+000 -8.467105e+000  1.800000e+002
      vertex -1.359249e+001 -8.440637e+000  1.800000e+002
      vertex -8.282589e+000 -8.683243e+000  1.800000e+002
    endloop
  endfacet
  facet normal  0.000000e+000  0.000000e+000  1.000000e+000
    outer loop
      vertex -8.282589e+000 -8.683243e+000  1.800000e+002
      vertex -1.359249e+001 -8.440637e+000  1.800000e+002
      vertex -1.340106e+001 -8.741368e+000  1.800000e+002
    endloop
  endfacet
  facet normal  -0.000000e+000  0.000000e+000  1.000000e+000
    outer loop
      vertex -8.282589e+000 -8.683243e+000  1.800000e+002
      vertex -1.340106e+001 -8.741368e+000  1.800000e+002
      vertex -8.056268e+000 -8.893624e+000  1.800000e+002
    endloop
  endfacet
  facet normal  0.000000e+000  0.000000e+000  1.000000e+000
    outer loop
      vertex -8.056268e+000 -8.893624e+000  1.800000e+002
      vertex -1.340106e+001 -8.741368e+000  1.800000e+002
      vertex -1.320299e+001 -9.037760e+000  1.800000e+002
    endloop
  endfacet
  facet normal  -0.000000e+000  0.000000e+000  1.000000e+000
    outer loop
      vertex -8.056268e+000 -8.893624e+000  1.800000e+002
      vertex -1.320299e+001 -9.037760e+000  1.800000e+002
      vertex -7.824605e+000 -9.098107e+000  1.800000e+002
    endloop
  endfacet
  facet normal  0.000000e+000  0.000000e+000  1.000000e+000
    outer loop
      vertex -7.824605e+000 -9.098107e+000  1.800000e+002
      vertex -1.320299e+001 -9.037760e+000  1.800000e+002
      vertex -7.587753e+000 -9.296558e+000  1.800000e+002
    endloop
  endfacet
  facet normal  0.000000e+000  0.000000e+000  1.000000e+000
    outer loop
      vertex -7.587753e+000 -9.296558e+000  1.800000e+002
      vertex -1.320299e+001 -9.037760e+000  1.800000e+002
      vertex -1.299836e+001 -9.329666e+000  1.800000e+002
    endloop
  endfacet
  facet normal  -0.000000e+000  0.000000e+000  1.000000e+000
    outer loop
      vertex -7.587753e+000 -9.296558e+000  1.800000e+002
      vertex -1.299836e+001 -9.329666e+000  1.800000e+002
      vertex -7.345871e+000 -9.488845e+000  1.800000e+002
    endloop
  endfacet
  facet normal  0.000000e+000  0.000000e+000  1.000000e+000
    outer loop
      vertex -7.345871e+000 -9.488845e+000  1.800000e+002
      vertex -1.299836e+001 -9.329666e+000  1.800000e+002
      vertex -1.278728e+001 -9.616940e+000  1.800000e+002
    endloop
  endfacet
  facet normal  -0.000000e+000  0.000000e+000  1.000000e+000
    outer loop
      vertex -7.345871e+000 -9.488845e+000  1.800000e+002
      vertex -1.278728e+001 -9.616940e+000  1.800000e+002
      vertex -7.099118e+000 -9.674840e+000  1.800000e+002
    endloop
  endfacet
  facet normal  0.000000e+000  0.000000e+000  1.000000e+000
    outer loop
      vertex -7.099118e+000 -9.674840e+000  1.800000e+002
      vertex -1.278728e+001 -9.616940e+000  1.800000e+002
      vertex -6.847657e+000 -9.854420e+000  1.800000e+002
    endloop
  endfacet
  facet normal  0.000000e+000  0.000000e+000  1.000000e+000
    outer loop
      vertex -6.847657e+000 -9.854420e+000  1.800000e+002
      vertex -1.278728e+001 -9.616940e+000  1.800000e+002
      vertex -1.256985e+001 -9.899440e+000  1.800000e+002
    endloop
  endfacet
  facet normal  -0.000000e+000  0.000000e+000  1.000000e+000
    outer loop
      vertex -6.847657e+000 -9.854420e+000  1.800000e+002
      vertex -1.256985e+001 -9.899440e+000  1.800000e+002
      vertex -6.591656e+000 -1.002747e+001  1.800000e+002
    endloop
  endfacet
  facet normal  0.000000e+000  0.000000e+000  1.000000e+000
    outer loop
      vertex -6.591656e+000 -1.002747e+001  1.800000e+002
      vertex -1.256985e+001 -9.899440e+000  1.800000e+002
      vertex -1.234618e+001 -1.017703e+001  1.800000e+002
    endloop
  endfacet
  facet normal  -0.000000e+000  0.000000e+000  1.000000e+000
    outer loop
      vertex -6.591656e+000 -1.002747e+001  1.800000e+002
      vertex -1.234618e+001 -1.017703e+001  1.800000e+002
      vertex -6.331285e+000 -1.019386e+001  1.800000e+002
    endloop
  endfacet
  facet normal  0.000000e+000  0.000000e+000  1.000000e+000
    outer loop
      vertex -6.331285e+000 -1.019386e+001  1.800000e+002
      vertex -1.234618e+001 -1.017703e+001  1.800000e+002
      vertex -6.066715e+000 -1.035350e+001  1.800000e+002
    endloop
  endfacet
  facet normal  0.000000e+000  0.000000e+000  1.000000e+000
    outer loop
      vertex -6.066715e+000 -1.035350e+001  1.800000e+002
      vertex -1.234618e+001 -1.017703e+001  1.800000e+002
      vertex -1.211638e+001 -1.044956e+001  1.800000e+002
    endloop
  endfacet
  facet normal  -0.000000e+000  0.000000e+000  1.000000e+000
    outer loop
      vertex -6.066715e+000 -1.035350e+001  1.800000e+002
      vertex -1.211638e+001 -1.044956e+001  1.800000e+002
      vertex -5.798122e+000 -1.050627e+001  1.800000e+002
    endloop
  endfacet
  facet normal  0.000000e+000  0.000000e+000  1.000000e+000
    outer loop
      vertex -5.798122e+000 -1.050627e+001  1.800000e+002
      vertex -1.211638e+001 -1.044956e+001  1.800000e+002
      vertex -5.525685e+000 -1.065208e+001  1.800000e+002
    endloop
  endfacet
  facet normal  0.000000e+000  0.000000e+000  1.000000e+000
    outer loop
      vertex -5.525685e+000 -1.065208e+001  1.800000e+002
      vertex -1.211638e+001 -1.044956e+001  1.800000e+002
      vertex -1.188057e+001 -1.071691e+001  1.800000e+002
    endloop
  endfacet
  facet normal  -0.000000e+000  0.000000e+000  9.999999e-001
    outer loop
      vertex -5.525685e+000 -1.065208e+001  1.800000e+002
      vertex -1.188057e+001 -1.071691e+001  1.800000e+002
      vertex -5.249585e+000 -1.079082e+001  1.800000e+002
    endloop
  endfacet
  facet normal  0.000000e+000  0.000000e+000  1.000000e+000
    outer loop
      vertex -5.249585e+000 -1.079082e+001  1.800000e+002
      vertex -1.188057e+001 -1.071691e+001  1.800000e+002
      vertex -1.163886e+001 -1.097893e+001  1.800000e+002
    endloop
  endfacet
  facet normal  0.000000e+000  0.000000e+000  9.999999e-001
    outer loop
      vertex -5.249585e+000 -1.079082e+001  1.800000e+002
      vertex -1.163886e+001 -1.097893e+001  1.800000e+002
      vertex -4.970003e+000 -1.092241e+001  1.800000e+002
    endloop
  endfacet
  facet normal  -0.000000e+000  0.000000e+000  1.000000e+000
    outer loop
      vertex -4.970003e+000 -1.092241e+001  1.800000e+002
      vertex -1.163886e+001 -1.097893e+001  1.800000e+002
      vertex -4.687126e+000 -1.104676e+001  1.800000e+002
    endloop
  endfacet
  facet normal  0.000000e+000  0.000000e+000  1.000000e+000
    outer loop
      vertex -4.687126e+000 -1.104676e+001  1.800000e+002
      vertex -1.163886e+001 -1.097893e+001  1.800000e+002
      vertex -1.139137e+001 -1.123551e+001  1.800000e+002
    endloop
  endfacet
  facet normal  0.000000e+000  0.000000e+000  1.000000e+000
    outer loop
      vertex -4.687126e+000 -1.104676e+001  1.800000e+002
      vertex -1.139137e+001 -1.123551e+001  1.800000e+002
      vertex -4.401141e+000 -1.116378e+001  1.800000e+002
    endloop
  endfacet
  facet normal  -0.000000e+000  0.000000e+000  1.000000e+000
    outer loop
      vertex  1.113823e+001  1.148651e+001  1.800000e+002
      vertex  3.526445e+000  1.147014e+001  1.800000e+002
      vertex  1.139137e+001  1.123551e+001  1.800000e+002
    endloop
  endfacet
  facet normal  0.000000e+000  0.000000e+000  1.000000e+000
    outer loop
      vertex  1.139137e+001  1.123551e+001  1.800000e+002
      vertex  3.526445e+000  1.147014e+001  1.800000e+002
      vertex  3.820608e+000  1.137554e+001  1.800000e+002
    endloop
  endfacet
  facet normal  0.000000e+000  0.000000e+000  1.000000e+000
    outer loop
      vertex  1.139137e+001  1.123551e+001  1.800000e+002
      vertex  3.820608e+000  1.137554e+001  1.800000e+002
      vertex  4.112238e+000  1.127340e+001  1.800000e+002
    endloop
  endfacet
  facet normal  0.000000e+000  0.000000e+000  1.000000e+000
    outer loop
      vertex  1.139137e+001  1.123551e+001  1.800000e+002
      vertex  4.112238e+000  1.127340e+001  1.800000e+002
      vertex  1.163886e+001  1.097893e+001  1.800000e+002
    endloop
  endfacet
  facet normal  0.000000e+000  0.000000e+000  9.999999e-001
    outer loop
      vertex  1.163886e+001  1.097893e+001  1.800000e+002
      vertex  4.112238e+000  1.127340e+001  1.800000e+002
      vertex  4.401141e+000  1.116378e+001  1.800000e+002
    endloop
  endfacet
  facet normal  0.000000e+000  0.000000e+000  1.000000e+000
    outer loop
      vertex  1.163886e+001  1.097893e+001  1.800000e+002
      vertex  4.401141e+000  1.116378e+001  1.800000e+002
      vertex  4.687126e+000  1.104676e+001  1.800000e+002
    endloop
  endfacet
  facet normal  0.000000e+000  0.000000e+000  1.000000e+000
    outer loop
      vertex  5.249585e+000  1.079082e+001  1.800000e+002
      vertex  1.188057e+001  1.071691e+001  1.800000e+002
      vertex  4.970003e+000  1.092241e+001  1.800000e+002
    endloop
  endfacet
  facet normal  -0.000000e+000  0.000000e+000  1.000000e+000
    outer loop
      vertex  4.970003e+000  1.092241e+001  1.800000e+002
      vertex  1.188057e+001  1.071691e+001  1.800000e+002
      vertex  1.163886e+001  1.097893e+001  1.800000e+002
    endloop
  endfacet
  facet normal  0.000000e+000  0.000000e+000  1.000000e+000
    outer loop
      vertex  4.970003e+000  1.092241e+001  1.800000e+002
      vertex  1.163886e+001  1.097893e+001  1.800000e+002
      vertex  4.687126e+000  1.104676e+001  1.800000e+002
    endloop
  endfacet
  facet normal  -0.000000e+000  0.000000e+000  1.000000e+000
    outer loop
      vertex  1.188057e+001  1.071691e+001  1.800000e+002
      vertex  5.525685e+000  1.065208e+001  1.800000e+002
      vertex  1.211638e+001  1.044956e+001  1.800000e+002
    endloop
  endfacet
  facet normal  0.000000e+000  0.000000e+000  1.000000e+000
    outer loop
      vertex  1.211638e+001  1.044956e+001  1.800000e+002
      vertex  5.525685e+000  1.065208e+001  1.800000e+002
      vertex  5.798122e+000  1.050627e+001  1.800000e+002
    endloop
  endfacet
  facet normal  0.000000e+000  0.000000e+000  9.999999e-001
    outer loop
      vertex  1.211638e+001  1.044956e+001  1.800000e+002
      vertex  5.798122e+000  1.050627e+001  1.800000e+002
      vertex  1.234618e+001  1.017703e+001  1.800000e+002
    endloop
  endfacet
  facet normal  0.000000e+000  0.000000e+000  1.000000e+000
    outer loop
      vertex  1.234618e+001  1.017703e+001  1.800000e+002
      vertex  5.798122e+000  1.050627e+001  1.800000e+002
      vertex  6.066715e+000  1.035350e+001  1.800000e+002
    endloop
  endfacet
  facet normal  0.000000e+000  0.000000e+000  1.000000e+000
    outer loop
      vertex  1.234618e+001  1.017703e+001  1.800000e+002
      vertex  6.066715e+000  1.035350e+001  1.800000e+002
      vertex  6.331285e+000  1.019386e+001  1.800000e+002
    endloop
  endfacet
  facet normal  0.000000e+000  0.000000e+000  1.000000e+000
    outer loop
      vertex  1.234618e+001  1.017703e+001  1.800000e+002
      vertex  6.331285e+000  1.019386e+001  1.800000e+002
      vertex  1.256985e+001  9.899440e+000  1.800000e+002
    endloop
  endfacet
  facet normal  0.000000e+000  0.000000e+000  1.000000e+000
    outer loop
      vertex  1.256985e+001  9.899440e+000  1.800000e+002
      vertex  6.331285e+000  1.019386e+001  1.800000e+002
      vertex  6.591656e+000  1.002747e+001  1.800000e+002
    endloop
  endfacet
  facet normal  0.000000e+000  0.000000e+000  1.000000e+000
    outer loop
      vertex  1.256985e+001  9.899440e+000  1.800000e+002
      vertex  6.591656e+000  1.002747e+001  1.800000e+002
      vertex  6.847657e+000  9.854420e+000  1.800000e+002
    endloop
  endfacet
  facet normal  -0.000000e+000  0.000000e+000  1.000000e+000
    outer loop
      vertex  1.256985e+001  9.899440e+000  1.800000e+002
      vertex  6.847657e+000  9.854420e+000  1.800000e+002
      vertex  1.278728e+001  9.616940e+000  1.800000e+002
    endloop
  endfacet
  facet normal  0.000000e+000  0.000000e+000  1.000000e+000
    outer loop
      vertex  1.278728e+001  9.616940e+000  1.800000e+002
      vertex  6.847657e+000  9.854420e+000  1.800000e+002
      vertex  7.099118e+000  9.674840e+000  1.800000e+002
    endloop
  endfacet
  facet normal  0.000000e+000  0.000000e+000  1.000000e+000
    outer loop
      vertex  1.278728e+001  9.616940e+000  1.800000e+002
      vertex  7.099118e+000  9.674840e+000  1.800000e+002
      vertex  1.299836e+001  9.329666e+000  1.800000e+002
    endloop
  endfacet
  facet normal  0.000000e+000  0.000000e+000  1.000000e+000
    outer loop
      vertex  1.299836e+001  9.329666e+000  1.800000e+002
      vertex  7.099118e+000  9.674840e+000  1.800000e+002
      vertex  7.345871e+000  9.488845e+000  1.800000e+002
    endloop
  endfacet
  facet normal  0.000000e+000  0.000000e+000  1.000000e+000
    outer loop
      vertex  1.299836e+001  9.329666e+000  1.800000e+002
      vertex  7.345871e+000  9.488845e+000  1.800000e+002
      vertex  7.587753e+000  9.296558e+000  1.800000e+002
    endloop
  endfacet
  facet normal  -0.000000e+000  0.000000e+000  1.000000e+000
    outer loop
      vertex  1.299836e+001  9.329666e+000  1.800000e+002
      vertex  7.587753e+000  9.296558e+000  1.800000e+002
      vertex  1.320299e+001  9.037760e+000  1.800000e+002
    endloop
  endfacet
  facet normal  0.000000e+000  0.000000e+000  1.000000e+000
    outer loop
      vertex  1.320299e+001  9.037760e+000  1.800000e+002
      vertex  7.587753e+000  9.296558e+000  1.800000e+002
      vertex  7.824605e+000  9.098107e+000  1.800000e+002
    endloop
  endfacet
  facet normal  0.000000e+000  0.000000e+000  1.000000e+000
    outer loop
      vertex  1.320299e+001  9.037760e+000  1.800000e+002
      vertex  7.824605e+000  9.098107e+000  1.800000e+002
      vertex  1.340106e+001  8.741368e+000  1.800000e+002
    endloop
  endfacet
  facet normal  0.000000e+000  0.000000e+000  9.999999e-001
    outer loop
      vertex  1.340106e+001  8.741368e+000  1.800000e+002
      vertex  7.824605e+000  9.098107e+000  1.800000e+002
      vertex  8.056268e+000  8.893624e+000  1.800000e+002
    endloop
  endfacet
  facet normal  0.000000e+000  0.000000e+000  1.000000e+000
    outer loop
      vertex  1.340106e+001  8.741368e+000  1.800000e+002
      vertex  8.056268e+000  8.893624e+000  1.800000e+002
      vertex  8.282589e+000  8.683243e+000  1.800000e+002
    endloop
  endfacet
  facet normal  -0.000000e+000  0.000000e+000  1.000000e+000
    outer loop
      vertex  1.340106e+001  8.741368e+000  1.800000e+002
      vertex  8.282589e+000  8.683243e+000  1.800000e+002
      vertex  1.359249e+001  8.440637e+000  1.800000e+002
    endloop
  endfacet
  facet normal  0.000000e+000  0.000000e+000  9.999999e-001
    outer loop
      vertex  1.359249e+001  8.440637e+000  1.800000e+002
      vertex  8.282589e+000  8.683243e+000  1.800000e+002
      vertex  8.503419e+000  8.467105e+000  1.800000e+002
    endloop
  endfacet
  facet normal  0.000000e+000  0.000000e+000  9.999999e-001
    outer loop
      vertex  1.359249e+001  8.440637e+000  1.800000e+002
      vertex  8.503419e+000  8.467105e+000  1.800000e+002
      vertex  1.377716e+001  8.135715e+000  1.800000e+002
    endloop
  endfacet
  facet normal  0.000000e+000  0.000000e+000  1.000000e+000
    outer loop
      vertex  1.377716e+001  8.135715e+000  1.800000e+002
      vertex  8.503419e+000  8.467105e+000  1.800000e+002
      vertex  8.718610e+000  8.245353e+000  1.800000e+002
    endloop
  endfacet
  facet normal  0.000000e+000  0.000000e+000  9.999999e-001
    outer loop
      vertex  1.377716e+001  8.135715e+000  1.800000e+002
      vertex  8.718610e+000  8.245353e+000  1.800000e+002
      vertex  1.395500e+001  7.826756e+000  1.800000e+002
    endloop
  endfacet
  facet normal  0.000000e+000  0.000000e+000  1.000000e+000
    outer loop
      vertex  1.395500e+001  7.826756e+000  1.800000e+002
      vertex  8.718610e+000  8.245353e+000  1.800000e+002
      vertex  8.928020e+000  8.018133e+000  1.800000e+002
    endloop
  endfacet
  facet normal  0.000000e+000  0.000000e+000  9.999999e-001
    outer loop
      vertex  1.395500e+001  7.826756e+000  1.800000e+002
      vertex  8.928020e+000  8.018133e+000  1.800000e+002
      vertex  9.131511e+000  7.785597e+000  1.800000e+002
    endloop
  endfacet
  facet normal  -0.000000e+000  0.000000e+000  1.000000e+000
    outer loop
      vertex  1.395500e+001  7.826756e+000  1.800000e+002
      vertex  9.131511e+000  7.785597e+000  1.800000e+002
      vertex  1.412590e+001  7.513910e+000  1.800000e+002
    endloop
  endfacet
  facet normal  0.000000e+000  0.000000e+000  1.000000e+000
    outer loop
      vertex  1.412590e+001  7.513910e+000  1.800000e+002
      vertex  9.131511e+000  7.785597e+000  1.800000e+002
      vertex  9.328946e+000  7.547898e+000  1.800000e+002
    endloop
  endfacet
  facet normal  0.000000e+000  0.000000e+000  1.000000e+000
    outer loop
      vertex  1.412590e+001  7.513910e+000  1.800000e+002
      vertex  9.328946e+000  7.547898e+000  1.800000e+002
      vertex  1.428980e+001  7.197335e+000  1.800000e+002
    endloop
  endfacet
  facet normal  0.000000e+000  0.000000e+000  1.000000e+000
    outer loop
      vertex  1.428980e+001  7.197335e+000  1.800000e+002
      vertex  9.328946e+000  7.547898e+000  1.800000e+002
      vertex  9.520196e+000  7.305195e+000  1.800000e+002
    endloop
  endfacet
  facet normal  0.000000e+000  0.000000e+000  1.000000e+000
    outer loop
      vertex  1.428980e+001  7.197335e+000  1.800000e+002
      vertex  9.520196e+000  7.305195e+000  1.800000e+002
      vertex  1.444660e+001  6.877186e+000  1.800000e+002
    endloop
  endfacet
  facet normal  0.000000e+000  0.000000e+000  1.000000e+000
    outer loop
      vertex  1.444660e+001  6.877186e+000  1.800000e+002
      vertex  9.520196e+000  7.305195e+000  1.800000e+002
      vertex  9.705132e+000  7.057648e+000  1.800000e+002
    endloop
  endfacet
  facet normal  0.000000e+000  0.000000e+000  1.000000e+000
    outer loop
      vertex  1.444660e+001  6.877186e+000  1.800000e+002
      vertex  9.705132e+000  7.057648e+000  1.800000e+002
      vertex  9.883635e+000  6.805421e+000  1.800000e+002
    endloop
  endfacet
  facet normal  -0.000000e+000  0.000000e+000  1.000000e+000
    outer loop
      vertex  1.444660e+001  6.877186e+000  1.800000e+002
      vertex  9.883635e+000  6.805421e+000  1.800000e+002
      vertex  1.459623e+001  6.553624e+000  1.800000e+002
    endloop
  endfacet
  facet normal  0.000000e+000  0.000000e+000  1.000000e+000
    outer loop
      vertex  1.459623e+001  6.553624e+000  1.800000e+002
      vertex  9.883635e+000  6.805421e+000  1.800000e+002
      vertex  1.005558e+001  6.548682e+000  1.800000e+002
    endloop
  endfacet
  facet normal  -0.000000e+000  0.000000e+000  9.999999e-001
    outer loop
      vertex  1.459623e+001  6.553624e+000  1.800000e+002
      vertex  1.005558e+001  6.548682e+000  1.800000e+002
      vertex  1.473862e+001  6.226809e+000  1.800000e+002
    endloop
  endfacet
  facet normal  0.000000e+000  0.000000e+000  1.000000e+000
    outer loop
      vertex  1.473862e+001  6.226809e+000  1.800000e+002
      vertex  1.005558e+001  6.548682e+000  1.800000e+002
      vertex  1.022087e+001  6.287601e+000  1.800000e+002
    endloop
  endfacet
  facet normal  0.000000e+000  0.000000e+000  9.999999e-001
    outer loop
      vertex  1.473862e+001  6.226809e+000  1.800000e+002
      vertex  1.022087e+001  6.287601e+000  1.800000e+002
      vertex  1.487369e+001  5.896902e+000  1.800000e+002
    endloop
  endfacet
  facet normal  0.000000e+000  0.000000e+000  1.000000e+000
    outer loop
      vertex  1.487369e+001  5.896902e+000  1.800000e+002
      vertex  1.022087e+001  6.287601e+000  1.800000e+002
      vertex  1.037937e+001  6.022350e+000  1.800000e+002
    endloop
  endfacet
  facet normal  0.000000e+000  0.000000e+000  1.000000e+000
    outer loop
      vertex  1.487369e+001  5.896902e+000  1.800000e+002
      vertex  1.037937e+001  6.022350e+000  1.800000e+002
      vertex  1.500137e+001  5.564068e+000  1.800000e+002
    endloop
  endfacet
  facet normal  0.000000e+000  0.000000e+000  1.000000e+000
    outer loop
      vertex  1.500137e+001  5.564068e+000  1.800000e+002
      vertex  1.037937e+001  6.022350e+000  1.800000e+002
      vertex  1.053099e+001  5.753107e+000  1.800000e+002
    endloop
  endfacet
  facet normal  0.000000e+000  0.000000e+000  1.000000e+000
    outer loop
      vertex  1.500137e+001  5.564068e+000  1.800000e+002
      vertex  1.053099e+001  5.753107e+000  1.800000e+002
      vertex  1.067563e+001  5.480048e+000  1.800000e+002
    endloop
  endfacet
  facet normal  -0.000000e+000  0.000000e+000  1.000000e+000
    outer loop
      vertex  1.500137e+001  5.564068e+000  1.800000e+002
      vertex  1.067563e+001  5.480048e+000  1.800000e+002
      vertex  1.512161e+001  5.228472e+000  1.800000e+002
    endloop
  endfacet
  facet normal  0.000000e+000  0.000000e+000  1.000000e+000
    outer loop
      vertex  1.512161e+001  5.228472e+000  1.800000e+002
      vertex  1.067563e+001  5.480048e+000  1.800000e+002
      vertex  1.081319e+001  5.203356e+000  1.800000e+002
    endloop
  endfacet
  facet normal  -0.000000e+000  0.000000e+000  1.000000e+000
    outer loop
      vertex  1.512161e+001  5.228472e+000  1.800000e+002
      vertex  1.081319e+001  5.203356e+000  1.800000e+002
      vertex  1.523434e+001  4.890281e+000  1.800000e+002
    endloop
  endfacet
  facet normal  0.000000e+000  0.000000e+000  1.000000e+000
    outer loop
      vertex  1.523434e+001  4.890281e+000  1.800000e+002
      vertex  1.081319e+001  5.203356e+000  1.800000e+002
      vertex  1.094358e+001  4.923214e+000  1.800000e+002
    endloop
  endfacet
  facet normal  0.000000e+000  0.000000e+000  1.000000e+000
    outer loop
      vertex  1.523434e+001  4.890281e+000  1.800000e+002
      vertex  1.094358e+001  4.923214e+000  1.800000e+002
      vertex  1.533951e+001  4.549662e+000  1.800000e+002
    endloop
  endfacet
  facet normal  0.000000e+000  0.000000e+000  1.000000e+000
    outer loop
      vertex  1.533951e+001  4.549662e+000  1.800000e+002
      vertex  1.094358e+001  4.923214e+000  1.800000e+002
      vertex  1.106672e+001  4.639807e+000  1.800000e+002
    endloop
  endfacet
  facet normal  0.000000e+000  0.000000e+000  1.000000e+000
    outer loop
      vertex  1.533951e+001  4.549662e+000  1.800000e+002
      vertex  1.106672e+001  4.639807e+000  1.800000e+002
      vertex  1.543707e+001  4.206784e+000  1.800000e+002
    endloop
  endfacet
  facet normal  0.000000e+000  0.000000e+000  1.000000e+000
    outer loop
      vertex  1.543707e+001  4.206784e+000  1.800000e+002
      vertex  1.106672e+001  4.639807e+000  1.800000e+002
      vertex  1.118251e+001  4.353324e+000  1.800000e+002
    endloop
  endfacet
  facet normal  0.000000e+000  0.000000e+000  1.000000e+000
    outer loop
      vertex  1.543707e+001  4.206784e+000  1.800000e+002
      vertex  1.118251e+001  4.353324e+000  1.800000e+002
      vertex  1.129089e+001  4.063955e+000  1.800000e+002
    endloop
  endfacet
  facet normal  -0.000000e+000  0.000000e+000  9.999999e-001
    outer loop
      vertex  1.543707e+001  4.206784e+000  1.800000e+002
      vertex  1.129089e+001  4.063955e+000  1.800000e+002
      vertex  1.552696e+001  3.861819e+000  1.800000e+002
    endloop
  endfacet
  facet normal  0.000000e+000  0.000000e+000  1.000000e+000
    outer loop
      vertex  1.552696e+001  3.861819e+000  1.800000e+002
      vertex  1.129089e+001  4.063955e+000  1.800000e+002
      vertex  1.139179e+001  3.771890e+000  1.800000e+002
    endloop
  endfacet
  facet normal  -0.000000e+000  0.000000e+000  1.000000e+000
    outer loop
      vertex  1.552696e+001  3.861819e+000  1.800000e+002
      vertex  1.139179e+001  3.771890e+000  1.800000e+002
      vertex  1.560914e+001  3.514936e+000  1.800000e+002
    endloop
  endfacet
  facet normal  0.000000e+000  0.000000e+000  1.000000e+000
    outer loop
      vertex  1.560914e+001  3.514936e+000  1.800000e+002
      vertex  1.139179e+001  3.771890e+000  1.800000e+002
      vertex  1.148513e+001  3.477325e+000  1.800000e+002
    endloop
  endfacet
  facet normal  -0.000000e+000  0.000000e+000  1.000000e+000
    outer loop
      vertex  1.560914e+001  3.514936e+000  1.800000e+002
      vertex  1.148513e+001  3.477325e+000  1.800000e+002
      vertex  1.568357e+001  3.166308e+000  1.800000e+002
    endloop
  endfacet
  facet normal  0.000000e+000  0.000000e+000  1.000000e+000
    outer loop
      vertex  1.568357e+001  3.166308e+000  1.800000e+002
      vertex  1.148513e+001  3.477325e+000  1.800000e+002
      vertex  1.157086e+001  3.180454e+000  1.800000e+002
    endloop
  endfacet
  facet normal  0.000000e+000  0.000000e+000  1.000000e+000
    outer loop
      vertex  1.568357e+001  3.166308e+000  1.800000e+002
      vertex  1.157086e+001  3.180454e+000  1.800000e+002
      vertex  1.575022e+001  2.816108e+000  1.800000e+002
    endloop
  endfacet
  facet normal  0.000000e+000  0.000000e+000  1.000000e+000
    outer loop
      vertex  1.575022e+001  2.816108e+000  1.800000e+002
      vertex  1.157086e+001  3.180454e+000  1.800000e+002
      vertex  1.164891e+001  2.881474e+000  1.800000e+002
    endloop
  endfacet
  facet normal  0.000000e+000  0.000000e+000  1.000000e+000
    outer loop
      vertex  1.575022e+001  2.816108e+000  1.800000e+002
      vertex  1.164891e+001  2.881474e+000  1.800000e+002
      vertex  1.580905e+001  2.464511e+000  1.800000e+002
    endloop
  endfacet
  facet normal  0.000000e+000  0.000000e+000  1.000000e+000
    outer loop
      vertex  1.580905e+001  2.464511e+000  1.800000e+002
      vertex  1.164891e+001  2.881474e+000  1.800000e+002
      vertex  1.171924e+001  2.580584e+000  1.800000e+002
    endloop
  endfacet
  facet normal  0.000000e+000  0.000000e+000  1.000000e+000
    outer loop
      vertex  1.580905e+001  2.464511e+000  1.800000e+002
      vertex  1.171924e+001  2.580584e+000  1.800000e+002
      vertex  1.586004e+001  2.111690e+000  1.800000e+002
    endloop
  endfacet
  facet normal  0.000000e+000  0.000000e+000  1.000000e+000
    outer loop
      vertex  1.586004e+001  2.111690e+000  1.800000e+002
      vertex  1.171924e+001  2.580584e+000  1.800000e+002
      vertex  1.178180e+001  2.277982e+000  1.800000e+002
    endloop
  endfacet
  facet normal  0.000000e+000  0.000000e+000  1.000000e+000
    outer loop
      vertex  1.586004e+001  2.111690e+000  1.800000e+002
      vertex  1.178180e+001  2.277982e+000  1.800000e+002
      vertex  1.183655e+001  1.973870e+000  1.800000e+002
    endloop
  endfacet
  facet normal  -0.000000e+000  0.000000e+000  1.000000e+000
    outer loop
      vertex  1.586004e+001  2.111690e+000  1.800000e+002
      vertex  1.183655e+001  1.973870e+000  1.800000e+002
      vertex  1.590315e+001  1.757821e+000  1.800000e+002
    endloop
  endfacet
  facet normal  0.000000e+000  0.000000e+000  1.000000e+000
    outer loop
      vertex  1.590315e+001  1.757821e+000  1.800000e+002
      vertex  1.183655e+001  1.973870e+000  1.800000e+002
      vertex  1.188345e+001  1.668450e+000  1.800000e+002
    endloop
  endfacet
  facet normal  -0.000000e+000  0.000000e+000  1.000000e+000
    outer loop
      vertex  1.590315e+001  1.757821e+000  1.800000e+002
      vertex  1.188345e+001  1.668450e+000  1.800000e+002
      vertex  1.593836e+001  1.403079e+000  1.800000e+002
    endloop
  endfacet
  facet normal  0.000000e+000  0.000000e+000  1.000000e+000
    outer loop
      vertex  1.593836e+001  1.403079e+000  1.800000e+002
      vertex  1.188345e+001  1.668450e+000  1.800000e+002
      vertex  1.192246e+001  1.361923e+000  1.800000e+002
    endloop
  endfacet
  facet normal  -0.000000e+000  0.000000e+000  1.000000e+000
    outer loop
      vertex  1.593836e+001  1.403079e+000  1.800000e+002
      vertex  1.192246e+001  1.361923e+000  1.800000e+002
      vertex  1.596566e+001  1.047641e+000  1.800000e+002
    endloop
  endfacet
  facet normal  0.000000e+000  0.000000e+000  1.000000e+000
    outer loop
      vertex  1.596566e+001  1.047641e+000  1.800000e+002
      vertex  1.192246e+001  1.361923e+000  1.800000e+002
      vertex  1.195358e+001  1.054492e+000  1.800000e+002
    endloop
  endfacet
  facet normal  0.000000e+000  0.000000e+000  9.999999e-001
    outer loop
      vertex  1.596566e+001  1.047641e+000  1.800000e+002
      vertex  1.195358e+001  1.054492e+000  1.800000e+002
      vertex  1.598504e+001  6.916823e-001  1.800000e+002
    endloop
  endfacet
  facet normal  0.000000e+000  0.000000e+000  1.000000e+000
    outer loop
      vertex  1.598504e+001  6.916823e-001  1.800000e+002
      vertex  1.195358e+001  1.054492e+000  1.800000e+002
      vertex  1.197677e+001  7.463630e-001  1.800000e+002
    endloop
  endfacet
  facet normal  0.000000e+000  0.000000e+000  9.999999e-001
    outer loop
      vertex  1.598504e+001  6.916823e-001  1.800000e+002
      vertex  1.197677e+001  7.463630e-001  1.800000e+002
      vertex  1.599648e+001  3.353806e-001  1.800000e+002
    endloop
  endfacet
  facet normal  0.000000e+000  0.000000e+000  1.000000e+000
    outer loop
      vertex  1.599648e+001  3.353806e-001  1.800000e+002
      vertex  1.197677e+001  7.463630e-001  1.800000e+002
      vertex  1.199201e+001  4.377388e-001  1.800000e+002
    endloop
  endfacet
  facet normal  0.000000e+000  0.000000e+000  1.000000e+000
    outer loop
      vertex  1.599648e+001  3.353806e-001  1.800000e+002
      vertex  1.199201e+001  4.377388e-001  1.800000e+002
      vertex  1.599999e+001 -2.108762e-002  1.800000e+002
    endloop
  endfacet
  facet normal  0.000000e+000  0.000000e+000  1.000000e+000
    outer loop
      vertex  1.599999e+001 -2.108762e-002  1.800000e+002
      vertex  1.199201e+001  4.377388e-001  1.800000e+002
      vertex  1.199931e+001  1.288244e-001  1.800000e+002
    endloop
  endfacet
  facet normal  0.000000e+000  0.000000e+000  1.000000e+000
    outer loop
      vertex  1.599999e+001 -2.108762e-002  1.800000e+002
      vertex  1.199931e+001  1.288244e-001  1.800000e+002
      vertex  1.599555e+001 -3.775454e-001  1.800000e+002
    endloop
  endfacet
  facet normal  0.000000e+000  0.000000e+000  1.000000e+000
    outer loop
      vertex  1.599555e+001 -3.775454e-001  1.800000e+002
      vertex  1.199931e+001  1.288244e-001  1.800000e+002
      vertex  1.199865e+001 -1.801755e-001  1.800000e+002
    endloop
  endfacet
  facet normal  0.000000e+000  0.000000e+000  1.000000e+000
    outer loop
      vertex  1.599555e+001 -3.775454e-001  1.800000e+002
      vertex  1.199865e+001 -1.801755e-001  1.800000e+002
      vertex  1.199003e+001 -4.890559e-001  1.800000e+002
    endloop
  endfacet
  facet normal  -0.000000e+000  0.000000e+000  1.000000e+000
    outer loop
      vertex  1.599555e+001 -3.775454e-001  1.800000e+002
      vertex  1.199003e+001 -4.890559e-001  1.800000e+002
      vertex  1.598316e+001 -7.338157e-001  1.800000e+002
    endloop
  endfacet
  facet normal  0.000000e+000  0.000000e+000  1.000000e+000
    outer loop
      vertex  1.598316e+001 -7.338157e-001  1.800000e+002
      vertex  1.199003e+001 -4.890559e-001  1.800000e+002
      vertex  1.197346e+001 -7.976120e-001  1.800000e+002
    endloop
  endfacet
  facet normal  -0.000000e+000  0.000000e+000  1.000000e+000
    outer loop
      vertex  1.598316e+001 -7.338157e-001  1.800000e+002
      vertex  1.197346e+001 -7.976120e-001  1.800000e+002
      vertex  1.596285e+001 -1.089722e+000  1.800000e+002
    endloop
  endfacet
  facet normal  0.000000e+000  0.000000e+000  1.000000e+000
    outer loop
      vertex  1.596285e+001 -1.089722e+000  1.800000e+002
      vertex  1.197346e+001 -7.976120e-001  1.800000e+002
      vertex  1.194896e+001 -1.105639e+000  1.800000e+002
    endloop
  endfacet
  facet normal  -0.000000e+000  0.000000e+000  1.000000e+000
    outer loop
      vertex  1.596285e+001 -1.089722e+000  1.800000e+002
      vertex  1.194896e+001 -1.105639e+000  1.800000e+002
      vertex  1.593461e+001 -1.445087e+000  1.800000e+002
    endloop
  endfacet
  facet normal  0.000000e+000  0.000000e+000  1.000000e+000
    outer loop
      vertex  1.593461e+001 -1.445087e+000  1.800000e+002
      vertex  1.194896e+001 -1.105639e+000  1.800000e+002
      vertex  1.191653e+001 -1.412933e+000  1.800000e+002
    endloop
  endfacet
  facet normal  0.000000e+000  0.000000e+000  1.000000e+000
    outer loop
      vertex  1.593461e+001 -1.445087e+000  1.800000e+002
      vertex  1.191653e+001 -1.412933e+000  1.800000e+002
      vertex  1.589846e+001 -1.799735e+000  1.800000e+002
    endloop
  endfacet
  facet normal  0.000000e+000  0.000000e+000  1.000000e+000
    outer loop
      vertex  1.589846e+001 -1.799735e+000  1.800000e+002
      vertex  1.191653e+001 -1.412933e+000  1.800000e+002
      vertex  1.187620e+001 -1.719291e+000  1.800000e+002
    endloop
  endfacet
  facet normal  0.000000e+000  0.000000e+000  1.000000e+000
    outer loop
      vertex  1.589846e+001 -1.799735e+000  1.800000e+002
      vertex  1.187620e+001 -1.719291e+000  1.800000e+002
      vertex  1.585441e+001 -2.153489e+000  1.800000e+002
    endloop
  endfacet
  facet normal  0.000000e+000  0.000000e+000  1.000000e+000
    outer loop
      vertex  1.585441e+001 -2.153489e+000  1.800000e+002
      vertex  1.187620e+001 -1.719291e+000  1.800000e+002
      vertex  1.182799e+001 -2.024508e+000  1.800000e+002
    endloop
  endfacet
  facet normal  0.000000e+000  0.000000e+000  1.000000e+000
    outer loop
      vertex  1.585441e+001 -2.153489e+000  1.800000e+002
      vertex  1.182799e+001 -2.024508e+000  1.800000e+002
      vertex  1.580250e+001 -2.506174e+000  1.800000e+002
    endloop
  endfacet
  facet normal  0.000000e+000  0.000000e+000  1.000000e+000
    outer loop
      vertex  1.580250e+001 -2.506174e+000  1.800000e+002
      vertex  1.182799e+001 -2.024508e+000  1.800000e+002
      vertex  1.177194e+001 -2.328383e+000  1.800000e+002
    endloop
  endfacet
  facet normal  0.000000e+000  0.000000e+000  1.000000e+000
    outer loop
      vertex  1.580250e+001 -2.506174e+000  1.800000e+002
      vertex  1.177194e+001 -2.328383e+000  1.800000e+002
      vertex  1.170809e+001 -2.630714e+000  1.800000e+002
    endloop
  endfacet
  facet normal  -0.000000e+000  0.000000e+000  9.999999e-001
    outer loop
      vertex  1.580250e+001 -2.506174e+000  1.800000e+002
      vertex  1.170809e+001 -2.630714e+000  1.800000e+002
      vertex  1.574275e+001 -2.857615e+000  1.800000e+002
    endloop
  endfacet
  facet normal  0.000000e+000  0.000000e+000  1.000000e+000
    outer loop
      vertex  1.574275e+001 -2.857615e+000  1.800000e+002
      vertex  1.170809e+001 -2.630714e+000  1.800000e+002
      vertex  1.163647e+001 -2.931301e+000  1.800000e+002
    endloop
  endfacet
  facet normal  -0.000000e+000  0.000000e+000  1.000000e+000
    outer loop
      vertex  1.574275e+001 -2.857615e+000  1.800000e+002
      vertex  1.163647e+001 -2.931301e+000  1.800000e+002
      vertex  1.567517e+001 -3.207638e+000  1.800000e+002
    endloop
  endfacet
  facet normal  0.000000e+000  0.000000e+000  1.000000e+000
    outer loop
      vertex  1.567517e+001 -3.207638e+000  1.800000e+002
      vertex  1.163647e+001 -2.931301e+000  1.800000e+002
      vertex  1.155714e+001 -3.229944e+000  1.800000e+002
    endloop
  endfacet
  facet normal  -0.000000e+000  0.000000e+000  1.000000e+000
    outer loop
      vertex  1.567517e+001 -3.207638e+000  1.800000e+002
      vertex  1.155714e+001 -3.229944e+000  1.800000e+002
      vertex  1.559982e+001 -3.556068e+000  1.800000e+002
    endloop
  endfacet
  facet normal  0.000000e+000  0.000000e+000  1.000000e+000
    outer loop
      vertex  1.559982e+001 -3.556068e+000  1.800000e+002
      vertex  1.155714e+001 -3.229944e+000  1.800000e+002
      vertex  1.147014e+001 -3.526445e+000  1.800000e+002
    endloop
  endfacet
  facet normal  0.000000e+000  0.000000e+000  1.000000e+000
    outer loop
      vertex  1.559982e+001 -3.556068e+000  1.800000e+002
      vertex  1.147014e+001 -3.526445e+000  1.800000e+002
      vertex  1.551672e+001 -3.902733e+000  1.800000e+002
    endloop
  endfacet
  facet normal  0.000000e+000  0.000000e+000  1.000000e+000
    outer loop
      vertex  1.551672e+001 -3.902733e+000  1.800000e+002
      vertex  1.147014e+001 -3.526445e+000  1.800000e+002
      vertex  1.137554e+001 -3.820608e+000  1.800000e+002
    endloop
  endfacet
  facet normal  0.000000e+000  0.000000e+000  9.999999e-001
    outer loop
      vertex  1.551672e+001 -3.902733e+000  1.800000e+002
      vertex  1.137554e+001 -3.820608e+000  1.800000e+002
      vertex  1.542592e+001 -4.247461e+000  1.800000e+002
    endloop
  endfacet
  facet normal  0.000000e+000  0.000000e+000  1.000000e+000
    outer loop
      vertex  1.542592e+001 -4.247461e+000  1.800000e+002
      vertex  1.137554e+001 -3.820608e+000  1.800000e+002
      vertex  1.127340e+001 -4.112238e+000  1.800000e+002
    endloop
  endfacet
  facet normal  0.000000e+000  0.000000e+000  1.000000e+000
    outer loop
      vertex  1.542592e+001 -4.247461e+000  1.800000e+002
      vertex  1.127340e+001 -4.112238e+000  1.800000e+002
      vertex  1.532746e+001 -4.590080e+000  1.800000e+002
    endloop
  endfacet
  facet normal  0.000000e+000  0.000000e+000  1.000000e+000
    outer loop
      vertex  1.532746e+001 -4.590080e+000  1.800000e+002
      vertex  1.127340e+001 -4.112238e+000  1.800000e+002
      vertex  1.116378e+001 -4.401141e+000  1.800000e+002
    endloop
  endfacet
  facet normal  0.000000e+000  0.000000e+000  1.000000e+000
    outer loop
      vertex  1.532746e+001 -4.590080e+000  1.800000e+002
      vertex  1.116378e+001 -4.401141e+000  1.800000e+002
      vertex  1.104676e+001 -4.687126e+000  1.800000e+002
    endloop
  endfacet
  facet normal  -0.000000e+000  0.000000e+000  1.000000e+000
    outer loop
      vertex  1.532746e+001 -4.590080e+000  1.800000e+002
      vertex  1.104676e+001 -4.687126e+000  1.800000e+002
      vertex  1.522140e+001 -4.930421e+000  1.800000e+002
    endloop
  endfacet
  facet normal  0.000000e+000  0.000000e+000  1.000000e+000
    outer loop
      vertex  1.522140e+001 -4.930421e+000  1.800000e+002
      vertex  1.104676e+001 -4.687126e+000  1.800000e+002
      vertex  1.092241e+001 -4.970003e+000  1.800000e+002
    endloop
  endfacet
  facet normal  -0.000000e+000  0.000000e+000  1.000000e+000
    outer loop
      vertex  1.522140e+001 -4.930421e+000  1.800000e+002
      vertex  1.092241e+001 -4.970003e+000  1.800000e+002
      vertex  1.510777e+001 -5.268314e+000  1.800000e+002
    endloop
  endfacet
  facet normal  0.000000e+000  0.000000e+000  1.000000e+000
    outer loop
      vertex  1.510777e+001 -5.268314e+000  1.800000e+002
      vertex  1.092241e+001 -4.970003e+000  1.800000e+002
      vertex  1.079082e+001 -5.249585e+000  1.800000e+002
    endloop
  endfacet
  facet normal  0.000000e+000  0.000000e+000  1.000000e+000
    outer loop
      vertex  1.510777e+001 -5.268314e+000  1.800000e+002
      vertex  1.079082e+001 -5.249585e+000  1.800000e+002
      vertex  1.498665e+001 -5.603592e+000  1.800000e+002
    endloop
  endfacet
  facet normal  0.000000e+000  0.000000e+000  1.000000e+000
    outer loop
      vertex  1.498665e+001 -5.603592e+000  1.800000e+002
      vertex  1.079082e+001 -5.249585e+000  1.800000e+002
      vertex  1.065208e+001 -5.525685e+000  1.800000e+002
    endloop
  endfacet
  facet normal  0.000000e+000  0.000000e+000  1.000000e+000
    outer loop
      vertex  1.498665e+001 -5.603592e+000  1.800000e+002
      vertex  1.065208e+001 -5.525685e+000  1.800000e+002
      vertex  1.485809e+001 -5.936088e+000  1.800000e+002
    endloop
  endfacet
  facet normal  0.000000e+000  0.000000e+000  1.000000e+000
    outer loop
      vertex  1.485809e+001 -5.936088e+000  1.800000e+002
      vertex  1.065208e+001 -5.525685e+000  1.800000e+002
      vertex  1.050627e+001 -5.798122e+000  1.800000e+002
    endloop
  endfacet
  facet normal  0.000000e+000  0.000000e+000  1.000000e+000
    outer loop
      vertex  1.485809e+001 -5.936088e+000  1.800000e+002
      vertex  1.050627e+001 -5.798122e+000  1.800000e+002
      vertex  1.035350e+001 -6.066715e+000  1.800000e+002
    endloop
  endfacet
  facet normal  -0.000000e+000  0.000000e+000  1.000000e+000
    outer loop
      vertex  1.485809e+001 -5.936088e+000  1.800000e+002
      vertex  1.035350e+001 -6.066715e+000  1.800000e+002
      vertex  1.472215e+001 -6.265637e+000  1.800000e+002
    endloop
  endfacet
  facet normal  0.000000e+000  0.000000e+000  1.000000e+000
    outer loop
      vertex  1.472215e+001 -6.265637e+000  1.800000e+002
      vertex  1.035350e+001 -6.066715e+000  1.800000e+002
      vertex  1.019386e+001 -6.331285e+000  1.800000e+002
    endloop
  endfacet
  facet normal  -0.000000e+000  0.000000e+000  1.000000e+000
    outer loop
      vertex  1.472215e+001 -6.265637e+000  1.800000e+002
      vertex  1.019386e+001 -6.331285e+000  1.800000e+002
      vertex  1.457891e+001 -6.592076e+000  1.800000e+002
    endloop
  endfacet
  facet normal  0.000000e+000  0.000000e+000  1.000000e+000
    outer loop
      vertex  1.457891e+001 -6.592076e+000  1.800000e+002
      vertex  1.019386e+001 -6.331285e+000  1.800000e+002
      vertex  1.002747e+001 -6.591656e+000  1.800000e+002
    endloop
  endfacet
  facet normal  0.000000e+000  0.000000e+000  9.999999e-001
    outer loop
      vertex  1.457891e+001 -6.592076e+000  1.800000e+002
      vertex  1.002747e+001 -6.591656e+000  1.800000e+002
      vertex  1.442842e+001 -6.915243e+000  1.800000e+002
    endloop
  endfacet
  facet normal  0.000000e+000  0.000000e+000  1.000000e+000
    outer loop
      vertex  1.442842e+001 -6.915243e+000  1.800000e+002
      vertex  1.002747e+001 -6.591656e+000  1.800000e+002
      vertex  9.854420e+000 -6.847657e+000  1.800000e+002
    endloop
  endfacet
  facet normal  0.000000e+000  0.000000e+000  9.999999e-001
    outer loop
      vertex  1.442842e+001 -6.915243e+000  1.800000e+002
      vertex  9.854420e+000 -6.847657e+000  1.800000e+002
      vertex  1.427078e+001 -7.234977e+000  1.800000e+002
    endloop
  endfacet
  facet normal  0.000000e+000  0.000000e+000  1.000000e+000
    outer loop
      vertex  1.427078e+001 -7.234977e+000  1.800000e+002
      vertex  9.854420e+000 -6.847657e+000  1.800000e+002
      vertex  9.674840e+000 -7.099118e+000  1.800000e+002
    endloop
  endfacet
  facet normal  0.000000e+000  0.000000e+000  1.000000e+000
    outer loop
      vertex  1.427078e+001 -7.234977e+000  1.800000e+002
      vertex  9.674840e+000 -7.099118e+000  1.800000e+002
      vertex  9.488845e+000 -7.345871e+000  1.800000e+002
    endloop
  endfacet
  facet normal  -0.000000e+000  0.000000e+000  1.000000e+000
    outer loop
      vertex  1.427078e+001 -7.234977e+000  1.800000e+002
      vertex  9.488845e+000 -7.345871e+000  1.800000e+002
      vertex  1.410605e+001 -7.551119e+000  1.800000e+002
    endloop
  endfacet
  facet normal  0.000000e+000  0.000000e+000  1.000000e+000
    outer loop
      vertex  1.410605e+001 -7.551119e+000  1.800000e+002
      vertex  9.488845e+000 -7.345871e+000  1.800000e+002
      vertex  9.296558e+000 -7.587753e+000  1.800000e+002
    endloop
  endfacet
  facet normal  -0.000000e+000  0.000000e+000  1.000000e+000
    outer loop
      vertex  1.410605e+001 -7.551119e+000  1.800000e+002
      vertex  9.296558e+000 -7.587753e+000  1.800000e+002
      vertex  1.393432e+001 -7.863513e+000  1.800000e+002
    endloop
  endfacet
  facet normal  0.000000e+000  0.000000e+000  1.000000e+000
    outer loop
      vertex  1.393432e+001 -7.863513e+000  1.800000e+002
      vertex  9.296558e+000 -7.587753e+000  1.800000e+002
      vertex  9.098107e+000 -7.824605e+000  1.800000e+002
    endloop
  endfacet
  facet normal  0.000000e+000  0.000000e+000  9.999999e-001
    outer loop
      vertex  1.393432e+001 -7.863513e+000  1.800000e+002
      vertex  9.098107e+000 -7.824605e+000  1.800000e+002
      vertex  1.375567e+001 -8.172003e+000  1.800000e+002
    endloop
  endfacet
  facet normal  0.000000e+000  0.000000e+000  1.000000e+000
    outer loop
      vertex  1.375567e+001 -8.172003e+000  1.800000e+002
      vertex  9.098107e+000 -7.824605e+000  1.800000e+002
      vertex  8.893624e+000 -8.056268e+000  1.800000e+002
    endloop
  endfacet
  facet normal  0.000000e+000  0.000000e+000  1.000000e+000
    outer loop
      vertex  1.375567e+001 -8.172003e+000  1.800000e+002
      vertex  8.893624e+000 -8.056268e+000  1.800000e+002
      vertex  8.683243e+000 -8.282589e+000  1.800000e+002
    endloop
  endfacet
  facet normal  -0.000000e+000  0.000000e+000  9.999999e-001
    outer loop
      vertex  1.375567e+001 -8.172003e+000  1.800000e+002
      vertex  8.683243e+000 -8.282589e+000  1.800000e+002
      vertex  1.357019e+001 -8.476437e+000  1.800000e+002
    endloop
  endfacet
  facet normal  0.000000e+000  0.000000e+000  1.000000e+000
    outer loop
      vertex  1.357019e+001 -8.476437e+000  1.800000e+002
      vertex  8.683243e+000 -8.282589e+000  1.800000e+002
      vertex  8.467105e+000 -8.503419e+000  1.800000e+002
    endloop
  endfacet
  facet normal  -0.000000e+000  0.000000e+000  1.000000e+000
    outer loop
      vertex  1.357019e+001 -8.476437e+000  1.800000e+002
      vertex  8.467105e+000 -8.503419e+000  1.800000e+002
      vertex  1.337797e+001 -8.776662e+000  1.800000e+002
    endloop
  endfacet
  facet normal  0.000000e+000  0.000000e+000  1.000000e+000
    outer loop
      vertex  1.337797e+001 -8.776662e+000  1.800000e+002
      vertex  8.467105e+000 -8.503419e+000  1.800000e+002
      vertex  8.245353e+000 -8.718610e+000  1.800000e+002
    endloop
  endfacet
  facet normal  0.000000e+000  0.000000e+000  1.000000e+000
    outer loop
      vertex  1.337797e+001 -8.776662e+000  1.800000e+002
      vertex  8.245353e+000 -8.718610e+000  1.800000e+002
      vertex  1.317912e+001 -9.072531e+000  1.800000e+002
    endloop
  endfacet
  facet normal  0.000000e+000  0.000000e+000  1.000000e+000
    outer loop
      vertex  1.317912e+001 -9.072531e+000  1.800000e+002
      vertex  8.245353e+000 -8.718610e+000  1.800000e+002
      vertex  8.018133e+000 -8.928020e+000  1.800000e+002
    endloop
  endfacet
  facet normal  0.000000e+000  0.000000e+000  1.000000e+000
    outer loop
      vertex  1.317912e+001 -9.072531e+000  1.800000e+002
      vertex  8.018133e+000 -8.928020e+000  1.800000e+002
      vertex  7.785597e+000 -9.131511e+000  1.800000e+002
    endloop
  endfacet
  facet normal  -0.000000e+000  0.000000e+000  1.000000e+000
    outer loop
      vertex  1.317912e+001 -9.072531e+000  1.800000e+002
      vertex  7.785597e+000 -9.131511e+000  1.800000e+002
      vertex  1.297372e+001 -9.363896e+000  1.800000e+002
    endloop
  endfacet
  facet normal  0.000000e+000  0.000000e+000  1.000000e+000
    outer loop
      vertex  1.297372e+001 -9.363896e+000  1.800000e+002
      vertex  7.785597e+000 -9.131511e+000  1.800000e+002
      vertex  7.547898e+000 -9.328946e+000  1.800000e+002
    endloop
  endfacet
  facet normal  0.000000e+000  0.000000e+000  1.000000e+000
    outer loop
      vertex  1.297372e+001 -9.363896e+000  1.800000e+002
      vertex  7.547898e+000 -9.328946e+000  1.800000e+002
      vertex  1.276188e+001 -9.650613e+000  1.800000e+002
    endloop
  endfacet
  facet normal  0.000000e+000  0.000000e+000  1.000000e+000
    outer loop
      vertex  1.276188e+001 -9.650613e+000  1.800000e+002
      vertex  7.547898e+000 -9.328946e+000  1.800000e+002
      vertex  7.305195e+000 -9.520196e+000  1.800000e+002
    endloop
  endfacet
  facet normal  0.000000e+000  0.000000e+000  1.000000e+000
    outer loop
      vertex  1.276188e+001 -9.650613e+000  1.800000e+002
      vertex  7.305195e+000 -9.520196e+000  1.800000e+002
      vertex  7.057648e+000 -9.705132e+000  1.800000e+002
    endloop
  endfacet
  facet normal  -0.000000e+000  0.000000e+000  1.000000e+000
    outer loop
      vertex  1.276188e+001 -9.650613e+000  1.800000e+002
      vertex  7.057648e+000 -9.705132e+000  1.800000e+002
      vertex  1.254371e+001 -9.932539e+000  1.800000e+002
    endloop
  endfacet
  facet normal  0.000000e+000  0.000000e+000  1.000000e+000
    outer loop
      vertex  1.254371e+001 -9.932539e+000  1.800000e+002
      vertex  7.057648e+000 -9.705132e+000  1.800000e+002
      vertex  6.805421e+000 -9.883635e+000  1.800000e+002
    endloop
  endfacet
  facet normal  0.000000e+000  0.000000e+000  1.000000e+000
    outer loop
      vertex  1.254371e+001 -9.932539e+000  1.800000e+002
      vertex  6.805421e+000 -9.883635e+000  1.800000e+002
      vertex  1.231931e+001 -1.020953e+001  1.800000e+002
    endloop
  endfacet
  facet normal  0.000000e+000  0.000000e+000  1.000000e+000
    outer loop
      vertex  1.231931e+001 -1.020953e+001  1.800000e+002
      vertex  6.805421e+000 -9.883635e+000  1.800000e+002
      vertex  6.548682e+000 -1.005558e+001  1.800000e+002
    endloop
  endfacet
  facet normal  0.000000e+000  0.000000e+000  1.000000e+000
    outer loop
      vertex  1.231931e+001 -1.020953e+001  1.800000e+002
      vertex  6.548682e+000 -1.005558e+001  1.800000e+002
      vertex  6.287601e+000 -1.022087e+001  1.800000e+002
    endloop
  endfacet
  facet normal  -0.000000e+000  0.000000e+000  1.000000e+000
    outer loop
      vertex  1.231931e+001 -1.020953e+001  1.800000e+002
      vertex  6.287601e+000 -1.022087e+001  1.800000e+002
      vertex  1.208879e+001 -1.048146e+001  1.800000e+002
    endloop
  endfacet
  facet normal  0.000000e+000  0.000000e+000  1.000000e+000
    outer loop
      vertex  1.208879e+001 -1.048146e+001  1.800000e+002
      vertex  6.287601e+000 -1.022087e+001  1.800000e+002
      vertex  6.022350e+000 -1.037937e+001  1.800000e+002
    endloop
  endfacet
  facet normal  0.000000e+000  0.000000e+000  1.000000e+000
    outer loop
      vertex  1.208879e+001 -1.048146e+001  1.800000e+002
      vertex  6.022350e+000 -1.037937e+001  1.800000e+002
      vertex  5.753107e+000 -1.053099e+001  1.800000e+002
    endloop
  endfacet
  facet normal  -0.000000e+000  0.000000e+000  1.000000e+000
    outer loop
      vertex  1.208879e+001 -1.048146e+001  1.800000e+002
      vertex  5.753107e+000 -1.053099e+001  1.800000e+002
      vertex  1.185228e+001 -1.074819e+001  1.800000e+002
    endloop
  endfacet
  facet normal  0.000000e+000  0.000000e+000  1.000000e+000
    outer loop
      vertex  1.185228e+001 -1.074819e+001  1.800000e+002
      vertex  5.753107e+000 -1.053099e+001  1.800000e+002
      vertex  5.480048e+000 -1.067563e+001  1.800000e+002
    endloop
  endfacet
  facet normal  0.000000e+000  0.000000e+000  1.000000e+000
    outer loop
      vertex  1.185228e+001 -1.074819e+001  1.800000e+002
      vertex  5.480048e+000 -1.067563e+001  1.800000e+002
      vertex  5.203356e+000 -1.081319e+001  1.800000e+002
    endloop
  endfacet
  facet normal  -0.000000e+000  0.000000e+000  1.000000e+000
    outer loop
      vertex  1.185228e+001 -1.074819e+001  1.800000e+002
      vertex  5.203356e+000 -1.081319e+001  1.800000e+002
      vertex  1.160988e+001 -1.100957e+001  1.800000e+002
    endloop
  endfacet
  facet normal  0.000000e+000  0.000000e+000  1.000000e+000
    outer loop
      vertex  1.160988e+001 -1.100957e+001  1.800000e+002
      vertex  5.203356e+000 -1.081319e+001  1.800000e+002
      vertex  4.923214e+000 -1.094358e+001  1.800000e+002
    endloop
  endfacet
  facet normal  0.000000e+000  0.000000e+000  1.000000e+000
    outer loop
      vertex  1.160988e+001 -1.100957e+001  1.800000e+002
      vertex  4.923214e+000 -1.094358e+001  1.800000e+002
      vertex  4.639807e+000 -1.106672e+001  1.800000e+002
    endloop
  endfacet
  facet normal  -0.000000e+000  0.000000e+000  1.000000e+000
    outer loop
      vertex  1.160988e+001 -1.100957e+001  1.800000e+002
      vertex  4.639807e+000 -1.106672e+001  1.800000e+002
      vertex  1.136171e+001 -1.126550e+001  1.800000e+002
    endloop
  endfacet
  facet normal  0.000000e+000  0.000000e+000  1.000000e+000
    outer loop
      vertex  1.136171e+001 -1.126550e+001  1.800000e+002
      vertex  4.639807e+000 -1.106672e+001  1.800000e+002
      vertex  4.353324e+000 -1.118251e+001  1.800000e+002
    endloop
  endfacet
  facet normal  0.000000e+000  0.000000e+000  1.000000e+000
    outer loop
      vertex  1.136171e+001 -1.126550e+001  1.800000e+002
      vertex  4.353324e+000 -1.118251e+001  1.800000e+002
      vertex  4.063955e+000 -1.129089e+001  1.800000e+002
    endloop
  endfacet
  facet normal  -0.000000e+000  0.000000e+000  9.999999e-001
    outer loop
      vertex  1.136171e+001 -1.126550e+001  1.800000e+002
      vertex  4.063955e+000 -1.129089e+001  1.800000e+002
      vertex  1.110791e+001 -1.151583e+001  1.800000e+002
    endloop
  endfacet
  facet normal  0.000000e+000  0.000000e+000  1.000000e+000
    outer loop
      vertex  1.110791e+001 -1.151583e+001  1.800000e+002
      vertex  4.063955e+000 -1.129089e+001  1.800000e+002
      vertex  3.771890e+000 -1.139179e+001  1.800000e+002
    endloop
  endfacet
  facet normal  0.000000e+000  0.000000e+000  1.000000e+000
    outer loop
      vertex  1.110791e+001 -1.151583e+001  1.800000e+002
      vertex  3.771890e+000 -1.139179e+001  1.800000e+002
      vertex  3.477325e+000 -1.148513e+001  1.800000e+002
    endloop
  endfacet
  facet normal  0.000000e+000  0.000000e+000  1.000000e+000
    outer loop
      vertex  1.110791e+001 -1.151583e+001  1.800000e+002
      vertex  3.477325e+000 -1.148513e+001  1.800000e+002
      vertex  1.084859e+001 -1.176044e+001  1.800000e+002
    endloop
  endfacet
  facet normal  0.000000e+000  0.000000e+000  1.000000e+000
    outer loop
      vertex  1.084859e+001 -1.176044e+001  1.800000e+002
      vertex  3.477325e+000 -1.148513e+001  1.800000e+002
      vertex  3.180454e+000 -1.157086e+001  1.800000e+002
    endloop
  endfacet
  facet normal  0.000000e+000  0.000000e+000  1.000000e+000
    outer loop
      vertex  1.084859e+001 -1.176044e+001  1.800000e+002
      vertex  3.180454e+000 -1.157086e+001  1.800000e+002
      vertex  2.881474e+000 -1.164891e+001  1.800000e+002
    endloop
  endfacet
  facet normal  0.000000e+000  0.000000e+000 -1.000000e+000
    outer loop
      vertex -4.132376e+000  1.389869e+001  1.650000e+002
      vertex -1.230054e+001  1.381835e+001  1.650000e+002
      vertex -3.805419e+000  1.399174e+001  1.650000e+002
    endloop
  endfacet
  facet normal  0.000000e+000  0.000000e+000 -9.999999e-001
    outer loop
      vertex -4.457061e+000  1.379799e+001  1.650000e+002
      vertex -1.230054e+001  1.381835e+001  1.650000e+002
      vertex -4.132376e+000  1.389869e+001  1.650000e+002
    endloop
  endfacet
  facet normal  -0.000000e+000  0.000000e+000 -9.999999e-001
    outer loop
      vertex -6.040222e+000  1.318202e+001  1.650000e+002
      vertex -6.347583e+000  1.303680e+001  1.650000e+002
      vertex -1.313316e+001  1.302958e+001  1.650000e+002
    endloop
  endfacet
  facet normal  0.000000e+000  0.000000e+000 -9.999999e-001
    outer loop
      vertex -4.245138e+000 -1.386466e+001  1.650000e+002
      vertex -1.219074e+001 -1.391531e+001  1.650000e+002
      vertex -4.568995e+000 -1.376133e+001  1.650000e+002
    endloop
  endfacet
  facet normal  0.000000e+000  0.000000e+000 -1.000000e+000
    outer loop
      vertex -3.918948e+000 -1.396037e+001  1.650000e+002
      vertex -1.219074e+001 -1.391531e+001  1.650000e+002
      vertex -4.245138e+000 -1.386466e+001  1.650000e+002
    endloop
  endfacet
  facet normal  0.000000e+000  0.000000e+000 -9.999999e-001
    outer loop
      vertex  4.568995e+000  1.376133e+001  1.650000e+002
      vertex  4.245138e+000  1.386466e+001  1.650000e+002
      vertex  1.247573e+001  1.366039e+001  1.650000e+002
    endloop
  endfacet
  facet normal  0.000000e+000  0.000000e+000 -1.000000e+000
    outer loop
      vertex  1.247573e+001  1.366039e+001  1.650000e+002
      vertex  4.890340e+000  1.365044e+001  1.650000e+002
      vertex  4.568995e+000  1.376133e+001  1.650000e+002
    endloop
  endfacet
  facet normal  0.000000e+000  0.000000e+000 -1.000000e+000
    outer loop
      vertex  1.201233e+001 -1.406961e+001  1.650000e+002
      vertex  3.476371e+000 -1.407710e+001  1.650000e+002
      vertex  3.805419e+000 -1.399174e+001  1.650000e+002
    endloop
  endfacet
  facet normal  0.000000e+000  0.000000e+000 -1.000000e+000
    outer loop
      vertex -1.130505e+001 -1.464397e+001  1.650000e+002
      vertex -3.091080e-001 -1.849742e+001  1.650000e+002
      vertex -6.913263e-001 -1.848708e+001  1.650000e+002
    endloop
  endfacet
  facet normal  0.000000e+000  0.000000e+000 -1.000000e+000
    outer loop
      vertex -1.130505e+001 -1.464397e+001  1.650000e+002
      vertex -6.913263e-001 -1.848708e+001  1.650000e+002
      vertex -1.073249e+000 -1.846884e+001  1.650000e+002
    endloop
  endfacet
  facet normal  0.000000e+000  0.000000e+000 -1.000000e+000
    outer loop
      vertex -1.130505e+001 -1.464397e+001  1.650000e+002
      vertex -1.073249e+000 -1.846884e+001  1.650000e+002
      vertex -1.454714e+000 -1.844272e+001  1.650000e+002
    endloop
  endfacet
  facet normal  0.000000e+000  0.000000e+000 -1.000000e+000
    outer loop
      vertex -1.130505e+001 -1.464397e+001  1.650000e+002
      vertex -1.454714e+000 -1.844272e+001  1.650000e+002
      vertex -1.835557e+000 -1.840871e+001  1.650000e+002
    endloop
  endfacet
  facet normal  0.000000e+000  0.000000e+000 -1.000000e+000
    outer loop
      vertex -1.130505e+001 -1.464397e+001  1.650000e+002
      vertex -1.835557e+000 -1.840871e+001  1.650000e+002
      vertex -2.215616e+000 -1.836685e+001  1.650000e+002
    endloop
  endfacet
  facet normal  0.000000e+000  0.000000e+000 -1.000000e+000
    outer loop
      vertex -1.130505e+001 -1.464397e+001  1.650000e+002
      vertex -2.215616e+000 -1.836685e+001  1.650000e+002
      vertex -2.594728e+000 -1.831713e+001  1.650000e+002
    endloop
  endfacet
  facet normal  0.000000e+000  0.000000e+000 -1.000000e+000
    outer loop
      vertex -1.130505e+001 -1.464397e+001  1.650000e+002
      vertex -2.594728e+000 -1.831713e+001  1.650000e+002
      vertex -2.972733e+000 -1.825960e+001  1.650000e+002
    endloop
  endfacet
  facet normal  0.000000e+000  0.000000e+000 -9.999999e-001
    outer loop
      vertex -1.130505e+001 -1.464397e+001  1.650000e+002
      vertex -2.972733e+000 -1.825960e+001  1.650000e+002
      vertex -3.349467e+000 -1.819426e+001  1.650000e+002
    endloop
  endfacet
  facet normal  0.000000e+000  0.000000e+000 -1.000000e+000
    outer loop
      vertex -1.130505e+001 -1.464397e+001  1.650000e+002
      vertex -3.349467e+000 -1.819426e+001  1.650000e+002
      vertex -3.724771e+000 -1.812115e+001  1.650000e+002
    endloop
  endfacet
  facet normal  0.000000e+000  0.000000e+000 -1.000000e+000
    outer loop
      vertex -1.130505e+001 -1.464397e+001  1.650000e+002
      vertex -3.724771e+000 -1.812115e+001  1.650000e+002
      vertex -4.098483e+000 -1.804030e+001  1.650000e+002
    endloop
  endfacet
  facet normal  0.000000e+000  0.000000e+000 -1.000000e+000
    outer loop
      vertex -1.130505e+001 -1.464397e+001  1.650000e+002
      vertex -4.098483e+000 -1.804030e+001  1.650000e+002
      vertex -4.470445e+000 -1.795174e+001  1.650000e+002
    endloop
  endfacet
  facet normal  0.000000e+000  0.000000e+000 -1.000000e+000
    outer loop
      vertex -1.130505e+001 -1.464397e+001  1.650000e+002
      vertex -4.470445e+000 -1.795174e+001  1.650000e+002
      vertex -4.840497e+000 -1.785552e+001  1.650000e+002
    endloop
  endfacet
  facet normal  0.000000e+000  0.000000e+000 -1.000000e+000
    outer loop
      vertex -1.130505e+001 -1.464397e+001  1.650000e+002
      vertex -4.840497e+000 -1.785552e+001  1.650000e+002
      vertex -5.208481e+000 -1.775167e+001  1.650000e+002
    endloop
  endfacet
  facet normal  0.000000e+000  0.000000e+000 -9.999999e-001
    outer loop
      vertex -1.130505e+001 -1.464397e+001  1.650000e+002
      vertex -5.208481e+000 -1.775167e+001  1.650000e+002
      vertex -5.574241e+000 -1.764023e+001  1.650000e+002
    endloop
  endfacet
  facet normal  0.000000e+000  0.000000e+000 -9.999999e-001
    outer loop
      vertex -1.130505e+001 -1.464397e+001  1.650000e+002
      vertex -5.574241e+000 -1.764023e+001  1.650000e+002
      vertex -5.937619e+000 -1.752126e+001  1.650000e+002
    endloop
  endfacet
  facet normal  0.000000e+000  0.000000e+000 -1.000000e+000
    outer loop
      vertex -1.130505e+001 -1.464397e+001  1.650000e+002
      vertex -5.937619e+000 -1.752126e+001  1.650000e+002
      vertex -6.298461e+000 -1.739481e+001  1.650000e+002
    endloop
  endfacet
  facet normal  0.000000e+000  0.000000e+000 -1.000000e+000
    outer loop
      vertex -1.130505e+001 -1.464397e+001  1.650000e+002
      vertex -6.298461e+000 -1.739481e+001  1.650000e+002
      vertex -6.656613e+000 -1.726092e+001  1.650000e+002
    endloop
  endfacet
  facet normal  0.000000e+000  0.000000e+000 -1.000000e+000
    outer loop
      vertex -1.130505e+001 -1.464397e+001  1.650000e+002
      vertex -6.656613e+000 -1.726092e+001  1.650000e+002
      vertex -7.011921e+000 -1.711967e+001  1.650000e+002
    endloop
  endfacet
  facet normal  0.000000e+000  0.000000e+000 -1.000000e+000
    outer loop
      vertex -1.130505e+001 -1.464397e+001  1.650000e+002
      vertex -7.011921e+000 -1.711967e+001  1.650000e+002
      vertex -7.364234e+000 -1.697109e+001  1.650000e+002
    endloop
  endfacet
  facet normal  0.000000e+000  0.000000e+000 -1.000000e+000
    outer loop
      vertex -1.130505e+001 -1.464397e+001  1.650000e+002
      vertex -7.364234e+000 -1.697109e+001  1.650000e+002
      vertex -7.713401e+000 -1.681528e+001  1.650000e+002
    endloop
  endfacet
  facet normal  0.000000e+000  0.000000e+000 -9.999999e-001
    outer loop
      vertex -1.130505e+001 -1.464397e+001  1.650000e+002
      vertex -7.713401e+000 -1.681528e+001  1.650000e+002
      vertex -8.059273e+000 -1.665227e+001  1.650000e+002
    endloop
  endfacet
  facet normal  0.000000e+000  0.000000e+000 -9.999999e-001
    outer loop
      vertex -1.130505e+001 -1.464397e+001  1.650000e+002
      vertex -8.059273e+000 -1.665227e+001  1.650000e+002
      vertex -8.401703e+000 -1.648215e+001  1.650000e+002
    endloop
  endfacet
  facet normal  0.000000e+000  0.000000e+000 -1.000000e+000
    outer loop
      vertex -1.130505e+001 -1.464397e+001  1.650000e+002
      vertex -8.401703e+000 -1.648215e+001  1.650000e+002
      vertex -8.740543e+000 -1.630500e+001  1.650000e+002
    endloop
  endfacet
  facet normal  0.000000e+000  0.000000e+000 -9.999999e-001
    outer loop
      vertex -1.130505e+001 -1.464397e+001  1.650000e+002
      vertex -8.740543e+000 -1.630500e+001  1.650000e+002
      vertex -9.075650e+000 -1.612087e+001  1.650000e+002
    endloop
  endfacet
  facet normal  0.000000e+000  0.000000e+000 -1.000000e+000
    outer loop
      vertex -1.130505e+001 -1.464397e+001  1.650000e+002
      vertex -9.075650e+000 -1.612087e+001  1.650000e+002
      vertex -9.406880e+000 -1.592986e+001  1.650000e+002
    endloop
  endfacet
  facet normal  0.000000e+000  0.000000e+000 -1.000000e+000
    outer loop
      vertex -1.130505e+001 -1.464397e+001  1.650000e+002
      vertex -9.406880e+000 -1.592986e+001  1.650000e+002
      vertex -9.734092e+000 -1.573205e+001  1.650000e+002
    endloop
  endfacet
  facet normal  0.000000e+000  0.000000e+000 -1.000000e+000
    outer loop
      vertex -1.130505e+001 -1.464397e+001  1.650000e+002
      vertex -9.734092e+000 -1.573205e+001  1.650000e+002
      vertex -1.005715e+001 -1.552752e+001  1.650000e+002
    endloop
  endfacet
  facet normal  0.000000e+000  0.000000e+000 -1.000000e+000
    outer loop
      vertex -1.130505e+001 -1.464397e+001  1.650000e+002
      vertex -1.005715e+001 -1.552752e+001  1.650000e+002
      vertex -1.037590e+001 -1.531635e+001  1.650000e+002
    endloop
  endfacet
  facet normal  0.000000e+000  0.000000e+000 -1.000000e+000
    outer loop
      vertex -1.130505e+001 -1.464397e+001  1.650000e+002
      vertex -1.037590e+001 -1.531635e+001  1.650000e+002
      vertex -1.069023e+001 -1.509864e+001  1.650000e+002
    endloop
  endfacet
  facet normal  0.000000e+000  0.000000e+000 -1.000000e+000
    outer loop
      vertex -1.130505e+001 -1.464397e+001  1.650000e+002
      vertex -1.069023e+001 -1.509864e+001  1.650000e+002
      vertex -1.099999e+001 -1.487448e+001  1.650000e+002
    endloop
  endfacet
  facet normal  -0.000000e+000  0.000000e+000 -1.000000e+000
    outer loop
      vertex  1.110813e-001 -1.449957e+001  1.650000e+002
      vertex  1.142064e+001 -1.455400e+001  1.650000e+002
      vertex  1.111742e+001 -1.478692e+001  1.650000e+002
    endloop
  endfacet
  facet normal  -0.000000e+000  0.000000e+000 -1.000000e+000
    outer loop
      vertex  1.110813e-001 -1.449957e+001  1.650000e+002
      vertex  1.111742e+001 -1.478692e+001  1.650000e+002
      vertex  1.080945e+001 -1.501352e+001  1.650000e+002
    endloop
  endfacet
  facet normal  -0.000000e+000  0.000000e+000 -1.000000e+000
    outer loop
      vertex  1.110813e-001 -1.449957e+001  1.650000e+002
      vertex  1.080945e+001 -1.501352e+001  1.650000e+002
      vertex  1.049685e+001 -1.523372e+001  1.650000e+002
    endloop
  endfacet
  facet normal  -0.000000e+000  0.000000e+000 -1.000000e+000
    outer loop
      vertex  1.110813e-001 -1.449957e+001  1.650000e+002
      vertex  1.049685e+001 -1.523372e+001  1.650000e+002
      vertex  1.017978e+001 -1.544740e+001  1.650000e+002
    endloop
  endfacet
  facet normal  -0.000000e+000  0.000000e+000 -1.000000e+000
    outer loop
      vertex  1.110813e-001 -1.449957e+001  1.650000e+002
      vertex  1.017978e+001 -1.544740e+001  1.650000e+002
      vertex  9.858354e+000 -1.565448e+001  1.650000e+002
    endloop
  endfacet
  facet normal  -0.000000e+000  0.000000e+000 -1.000000e+000
    outer loop
      vertex  1.110813e-001 -1.449957e+001  1.650000e+002
      vertex  9.858354e+000 -1.565448e+001  1.650000e+002
      vertex  9.532719e+000 -1.585488e+001  1.650000e+002
    endloop
  endfacet
  facet normal  -0.000000e+000  0.000000e+000 -1.000000e+000
    outer loop
      vertex  1.110813e-001 -1.449957e+001  1.650000e+002
      vertex  9.532719e+000 -1.585488e+001  1.650000e+002
      vertex  9.203011e+000 -1.604851e+001  1.650000e+002
    endloop
  endfacet
  facet normal  -0.000000e+000  0.000000e+000 -1.000000e+000
    outer loop
      vertex  1.110813e-001 -1.449957e+001  1.650000e+002
      vertex  9.203011e+000 -1.604851e+001  1.650000e+002
      vertex  8.869372e+000 -1.623528e+001  1.650000e+002
    endloop
  endfacet
  facet normal  -0.000000e+000  0.000000e+000 -1.000000e+000
    outer loop
      vertex  1.110813e-001 -1.449957e+001  1.650000e+002
      vertex  8.869372e+000 -1.623528e+001  1.650000e+002
      vertex  8.531945e+000 -1.641511e+001  1.650000e+002
    endloop
  endfacet
  facet normal  -0.000000e+000  0.000000e+000 -1.000000e+000
    outer loop
      vertex  1.110813e-001 -1.449957e+001  1.650000e+002
      vertex  8.531945e+000 -1.641511e+001  1.650000e+002
      vertex  8.190873e+000 -1.658793e+001  1.650000e+002
    endloop
  endfacet
  facet normal  -0.000000e+000  0.000000e+000 -1.000000e+000
    outer loop
      vertex  1.110813e-001 -1.449957e+001  1.650000e+002
      vertex  8.190873e+000 -1.658793e+001  1.650000e+002
      vertex  7.846303e+000 -1.675367e+001  1.650000e+002
    endloop
  endfacet
  facet normal  -0.000000e+000  0.000000e+000 -1.000000e+000
    outer loop
      vertex  1.110813e-001 -1.449957e+001  1.650000e+002
      vertex  7.846303e+000 -1.675367e+001  1.650000e+002
      vertex  7.498381e+000 -1.691225e+001  1.650000e+002
    endloop
  endfacet
  facet normal  -0.000000e+000  0.000000e+000 -1.000000e+000
    outer loop
      vertex  1.110813e-001 -1.449957e+001  1.650000e+002
      vertex  7.498381e+000 -1.691225e+001  1.650000e+002
      vertex  7.147255e+000 -1.706361e+001  1.650000e+002
    endloop
  endfacet
  facet normal  -0.000000e+000  0.000000e+000 -1.000000e+000
    outer loop
      vertex  1.110813e-001 -1.449957e+001  1.650000e+002
      vertex  7.147255e+000 -1.706361e+001  1.650000e+002
      vertex  6.793077e+000 -1.720768e+001  1.650000e+002
    endloop
  endfacet
  facet normal  -0.000000e+000  0.000000e+000 -9.999999e-001
    outer loop
      vertex  1.110813e-001 -1.449957e+001  1.650000e+002
      vertex  6.793077e+000 -1.720768e+001  1.650000e+002
      vertex  6.435997e+000 -1.734439e+001  1.650000e+002
    endloop
  endfacet
  facet normal  -0.000000e+000  0.000000e+000 -1.000000e+000
    outer loop
      vertex  1.110813e-001 -1.449957e+001  1.650000e+002
      vertex  6.435997e+000 -1.734439e+001  1.650000e+002
      vertex  6.076167e+000 -1.747370e+001  1.650000e+002
    endloop
  endfacet
  facet normal  -0.000000e+000  0.000000e+000 -1.000000e+000
    outer loop
      vertex  1.110813e-001 -1.449957e+001  1.650000e+002
      vertex  6.076167e+000 -1.747370e+001  1.650000e+002
      vertex  5.713742e+000 -1.759554e+001  1.650000e+002
    endloop
  endfacet
  facet normal  -0.000000e+000  0.000000e+000 -1.000000e+000
    outer loop
      vertex  1.110813e-001 -1.449957e+001  1.650000e+002
      vertex  5.713742e+000 -1.759554e+001  1.650000e+002
      vertex  5.348876e+000 -1.770987e+001  1.650000e+002
    endloop
  endfacet
  facet normal  -0.000000e+000  0.000000e+000 -1.000000e+000
    outer loop
      vertex  1.110813e-001 -1.449957e+001  1.650000e+002
      vertex  5.348876e+000 -1.770987e+001  1.650000e+002
      vertex  4.981726e+000 -1.781663e+001  1.650000e+002
    endloop
  endfacet
  facet normal  -0.000000e+000  0.000000e+000 -1.000000e+000
    outer loop
      vertex  1.110813e-001 -1.449957e+001  1.650000e+002
      vertex  4.981726e+000 -1.781663e+001  1.650000e+002
      vertex  4.612447e+000 -1.791578e+001  1.650000e+002
    endloop
  endfacet
  facet normal  -0.000000e+000  0.000000e+000 -1.000000e+000
    outer loop
      vertex  1.110813e-001 -1.449957e+001  1.650000e+002
      vertex  4.612447e+000 -1.791578e+001  1.650000e+002
      vertex  4.241198e+000 -1.800728e+001  1.650000e+002
    endloop
  endfacet
  facet normal  -0.000000e+000  0.000000e+000 -1.000000e+000
    outer loop
      vertex  1.110813e-001 -1.449957e+001  1.650000e+002
      vertex  4.241198e+000 -1.800728e+001  1.650000e+002
      vertex  3.868138e+000 -1.809109e+001  1.650000e+002
    endloop
  endfacet
  facet normal  -0.000000e+000  0.000000e+000 -1.000000e+000
    outer loop
      vertex  1.110813e-001 -1.449957e+001  1.650000e+002
      vertex  3.868138e+000 -1.809109e+001  1.650000e+002
      vertex  3.493425e+000 -1.816717e+001  1.650000e+002
    endloop
  endfacet
  facet normal  -0.000000e+000  0.000000e+000 -1.000000e+000
    outer loop
      vertex  1.110813e-001 -1.449957e+001  1.650000e+002
      vertex  3.493425e+000 -1.816717e+001  1.650000e+002
      vertex  3.117219e+000 -1.823549e+001  1.650000e+002
    endloop
  endfacet
  facet normal  -0.000000e+000  0.000000e+000 -1.000000e+000
    outer loop
      vertex  1.110813e-001 -1.449957e+001  1.650000e+002
      vertex  3.117219e+000 -1.823549e+001  1.650000e+002
      vertex  2.739683e+000 -1.829601e+001  1.650000e+002
    endloop
  endfacet
  facet normal  -0.000000e+000  0.000000e+000 -1.000000e+000
    outer loop
      vertex  1.110813e-001 -1.449957e+001  1.650000e+002
      vertex  2.739683e+000 -1.829601e+001  1.650000e+002
      vertex  2.360976e+000 -1.834873e+001  1.650000e+002
    endloop
  endfacet
  facet normal  -0.000000e+000  0.000000e+000 -1.000000e+000
    outer loop
      vertex  1.110813e-001 -1.449957e+001  1.650000e+002
      vertex  2.360976e+000 -1.834873e+001  1.650000e+002
      vertex  1.981260e+000 -1.839360e+001  1.650000e+002
    endloop
  endfacet
  facet normal  -0.000000e+000  0.000000e+000 -1.000000e+000
    outer loop
      vertex  1.110813e-001 -1.449957e+001  1.650000e+002
      vertex  1.981260e+000 -1.839360e+001  1.650000e+002
      vertex  1.600698e+000 -1.843062e+001  1.650000e+002
    endloop
  endfacet
  facet normal  -0.000000e+000  0.000000e+000 -1.000000e+000
    outer loop
      vertex  1.110813e-001 -1.449957e+001  1.650000e+002
      vertex  1.600698e+000 -1.843062e+001  1.650000e+002
      vertex  1.219452e+000 -1.845976e+001  1.650000e+002
    endloop
  endfacet
  facet normal  -0.000000e+000  0.000000e+000 -9.999999e-001
    outer loop
      vertex  1.110813e-001 -1.449957e+001  1.650000e+002
      vertex  1.219452e+000 -1.845976e+001  1.650000e+002
      vertex  8.376858e-001 -1.848103e+001  1.650000e+002
    endloop
  endfacet
  facet normal  -0.000000e+000  0.000000e+000 -1.000000e+000
    outer loop
      vertex  1.110813e-001 -1.449957e+001  1.650000e+002
      vertex  8.376858e-001 -1.848103e+001  1.650000e+002
      vertex  4.555613e-001 -1.849439e+001  1.650000e+002
    endloop
  endfacet
  facet normal  0.000000e+000  0.000000e+000 -1.000000e+000
    outer loop
      vertex  2.288566e-001  1.449819e+001  1.650000e+002
      vertex -1.110813e-001  1.449957e+001  1.650000e+002
      vertex -7.324232e-002  1.849986e+001  1.650000e+002
    endloop
  endfacet
  facet normal  0.000000e+000  0.000000e+000 -1.000000e+000
    outer loop
      vertex  2.288566e-001  1.449819e+001  1.650000e+002
      vertex -7.324232e-002  1.849986e+001  1.650000e+002
      vertex  3.091080e-001  1.849742e+001  1.650000e+002
    endloop
  endfacet
  facet normal  0.000000e+000  -0.000000e+000 -1.000000e+000
    outer loop
      vertex  2.288566e-001  1.449819e+001  1.650000e+002
      vertex  3.091080e-001  1.849742e+001  1.650000e+002
      vertex  6.913263e-001  1.848708e+001  1.650000e+002
    endloop
  endfacet
  facet normal  0.000000e+000  -0.000000e+000 -1.000000e+000
    outer loop
      vertex  2.288566e-001  1.449819e+001  1.650000e+002
      vertex  6.913263e-001  1.848708e+001  1.650000e+002
      vertex  1.073249e+000  1.846884e+001  1.650000e+002
    endloop
  endfacet
  facet normal  0.000000e+000  -0.000000e+000 -1.000000e+000
    outer loop
      vertex  2.288566e-001  1.449819e+001  1.650000e+002
      vertex  1.073249e+000  1.846884e+001  1.650000e+002
      vertex  1.454714e+000  1.844272e+001  1.650000e+002
    endloop
  endfacet
  facet normal  0.000000e+000  -0.000000e+000 -1.000000e+000
    outer loop
      vertex  2.288566e-001  1.449819e+001  1.650000e+002
      vertex  1.454714e+000  1.844272e+001  1.650000e+002
      vertex  1.835557e+000  1.840871e+001  1.650000e+002
    endloop
  endfacet
  facet normal  0.000000e+000  -0.000000e+000 -1.000000e+000
    outer loop
      vertex  2.288566e-001  1.449819e+001  1.650000e+002
      vertex  1.835557e+000  1.840871e+001  1.650000e+002
      vertex  2.215616e+000  1.836685e+001  1.650000e+002
    endloop
  endfacet
  facet normal  0.000000e+000  -0.000000e+000 -1.000000e+000
    outer loop
      vertex  2.288566e-001  1.449819e+001  1.650000e+002
      vertex  2.215616e+000  1.836685e+001  1.650000e+002
      vertex  2.594728e+000  1.831713e+001  1.650000e+002
    endloop
  endfacet
  facet normal  0.000000e+000  -0.000000e+000 -1.000000e+000
    outer loop
      vertex  2.288566e-001  1.449819e+001  1.650000e+002
      vertex  2.594728e+000  1.831713e+001  1.650000e+002
      vertex  2.972733e+000  1.825960e+001  1.650000e+002
    endloop
  endfacet
  facet normal  0.000000e+000  -0.000000e+000 -1.000000e+000
    outer loop
      vertex  2.288566e-001  1.449819e+001  1.650000e+002
      vertex  2.972733e+000  1.825960e+001  1.650000e+002
      vertex  3.349467e+000  1.819426e+001  1.650000e+002
    endloop
  endfacet
  facet normal  0.000000e+000  -0.000000e+000 -1.000000e+000
    outer loop
      vertex  2.288566e-001  1.449819e+001  1.650000e+002
      vertex  3.349467e+000  1.819426e+001  1.650000e+002
      vertex  3.724771e+000  1.812115e+001  1.650000e+002
    endloop
  endfacet
  facet normal  0.000000e+000  -0.000000e+000 -1.000000e+000
    outer loop
      vertex  2.288566e-001  1.449819e+001  1.650000e+002
      vertex  3.724771e+000  1.812115e+001  1.650000e+002
      vertex  4.098483e+000  1.804030e+001  1.650000e+002
    endloop
  endfacet
  facet normal  0.000000e+000  -0.000000e+000 -1.000000e+000
    outer loop
      vertex  2.288566e-001  1.449819e+001  1.650000e+002
      vertex  4.098483e+000  1.804030e+001  1.650000e+002
      vertex  4.470445e+000  1.795174e+001  1.650000e+002
    endloop
  endfacet
  facet normal  0.000000e+000  -0.000000e+000 -1.000000e+000
    outer loop
      vertex  2.288566e-001  1.449819e+001  1.650000e+002
      vertex  4.470445e+000  1.795174e+001  1.650000e+002
      vertex  4.840497e+000  1.785552e+001  1.650000e+002
    endloop
  endfacet
  facet normal  0.000000e+000  -0.000000e+000 -1.000000e+000
    outer loop
      vertex  2.288566e-001  1.449819e+001  1.650000e+002
      vertex  4.840497e+000  1.785552e+001  1.650000e+002
      vertex  5.208481e+000  1.775167e+001  1.650000e+002
    endloop
  endfacet
  facet normal  0.000000e+000  -0.000000e+000 -1.000000e+000
    outer loop
      vertex  2.288566e-001  1.449819e+001  1.650000e+002
      vertex  5.208481e+000  1.775167e+001  1.650000e+002
      vertex  5.574241e+000  1.764023e+001  1.650000e+002
    endloop
  endfacet
  facet normal  0.000000e+000  -0.000000e+000 -1.000000e+000
    outer loop
      vertex  2.288566e-001  1.449819e+001  1.650000e+002
      vertex  5.574241e+000  1.764023e+001  1.650000e+002
      vertex  5.937619e+000  1.752126e+001  1.650000e+002
    endloop
  endfacet
  facet normal  0.000000e+000  -0.000000e+000 -1.000000e+000
    outer loop
      vertex  2.288566e-001  1.449819e+001  1.650000e+002
      vertex  5.937619e+000  1.752126e+001  1.650000e+002
      vertex  6.298461e+000  1.739481e+001  1.650000e+002
    endloop
  endfacet
  facet normal  0.000000e+000  -0.000000e+000 -9.999999e-001
    outer loop
      vertex  2.288566e-001  1.449819e+001  1.650000e+002
      vertex  6.298461e+000  1.739481e+001  1.650000e+002
      vertex  6.656613e+000  1.726092e+001  1.650000e+002
    endloop
  endfacet
  facet normal  0.000000e+000  -0.000000e+000 -1.000000e+000
    outer loop
      vertex  2.288566e-001  1.449819e+001  1.650000e+002
      vertex  6.656613e+000  1.726092e+001  1.650000e+002
      vertex  7.011921e+000  1.711967e+001  1.650000e+002
    endloop
  endfacet
  facet normal  0.000000e+000  -0.000000e+000 -9.999999e-001
    outer loop
      vertex  2.288566e-001  1.449819e+001  1.650000e+002
      vertex  7.011921e+000  1.711967e+001  1.650000e+002
      vertex  7.364234e+000  1.697109e+001  1.650000e+002
    endloop
  endfacet
  facet normal  0.000000e+000  -0.000000e+000 -9.999999e-001
    outer loop
      vertex  2.288566e-001  1.449819e+001  1.650000e+002
      vertex  7.364234e+000  1.697109e+001  1.650000e+002
      vertex  7.713401e+000  1.681528e+001  1.650000e+002
    endloop
  endfacet
  facet normal  0.000000e+000  -0.000000e+000 -1.000000e+000
    outer loop
      vertex  2.288566e-001  1.449819e+001  1.650000e+002
      vertex  7.713401e+000  1.681528e+001  1.650000e+002
      vertex  8.059273e+000  1.665227e+001  1.650000e+002
    endloop
  endfacet
  facet normal  0.000000e+000  -0.000000e+000 -1.000000e+000
    outer loop
      vertex  2.288566e-001  1.449819e+001  1.650000e+002
      vertex  8.059273e+000  1.665227e+001  1.650000e+002
      vertex  8.401703e+000  1.648215e+001  1.650000e+002
    endloop
  endfacet
  facet normal  0.000000e+000  -0.000000e+000 -1.000000e+000
    outer loop
      vertex  2.288566e-001  1.449819e+001  1.650000e+002
      vertex  8.401703e+000  1.648215e+001  1.650000e+002
      vertex  8.740543e+000  1.630500e+001  1.650000e+002
    endloop
  endfacet
  facet normal  0.000000e+000  -0.000000e+000 -1.000000e+000
    outer loop
      vertex  2.288566e-001  1.449819e+001  1.650000e+002
      vertex  8.740543e+000  1.630500e+001  1.650000e+002
      vertex  9.075650e+000  1.612087e+001  1.650000e+002
    endloop
  endfacet
  facet normal  0.000000e+000  -0.000000e+000 -9.999999e-001
    outer loop
      vertex  2.288566e-001  1.449819e+001  1.650000e+002
      vertex  9.075650e+000  1.612087e+001  1.650000e+002
      vertex  9.406880e+000  1.592986e+001  1.650000e+002
    endloop
  endfacet
  facet normal  0.000000e+000  -0.000000e+000 -1.000000e+000
    outer loop
      vertex  2.288566e-001  1.449819e+001  1.650000e+002
      vertex  9.406880e+000  1.592986e+001  1.650000e+002
      vertex  9.734092e+000  1.573205e+001  1.650000e+002
    endloop
  endfacet
  facet normal  0.000000e+000  -0.000000e+000 -1.000000e+000
    outer loop
      vertex  2.288566e-001  1.449819e+001  1.650000e+002
      vertex  9.734092e+000  1.573205e+001  1.650000e+002
      vertex  1.005715e+001  1.552752e+001  1.650000e+002
    endloop
  endfacet
  facet normal  0.000000e+000  -0.000000e+000 -1.000000e+000
    outer loop
      vertex  2.288566e-001  1.449819e+001  1.650000e+002
      vertex  1.005715e+001  1.552752e+001  1.650000e+002
      vertex  1.037590e+001  1.531635e+001  1.650000e+002
    endloop
  endfacet
  facet normal  0.000000e+000  -0.000000e+000 -1.000000e+000
    outer loop
      vertex  2.288566e-001  1.449819e+001  1.650000e+002
      vertex  1.037590e+001  1.531635e+001  1.650000e+002
      vertex  1.069023e+001  1.509864e+001  1.650000e+002
    endloop
  endfacet
  facet normal  0.000000e+000  -0.000000e+000 -1.000000e+000
    outer loop
      vertex  2.288566e-001  1.449819e+001  1.650000e+002
      vertex  1.069023e+001  1.509864e+001  1.650000e+002
      vertex  1.099999e+001  1.487448e+001  1.650000e+002
    endloop
  endfacet
  facet normal  0.000000e+000  -0.000000e+000 -1.000000e+000
    outer loop
      vertex  2.288566e-001  1.449819e+001  1.650000e+002
      vertex  1.099999e+001  1.487448e+001  1.650000e+002
      vertex  1.130505e+001  1.464397e+001  1.650000e+002
    endloop
  endfacet
  facet normal  0.000000e+000  -0.000000e+000 -9.999999e-001
    outer loop
      vertex  2.288566e-001  1.449819e+001  1.650000e+002
      vertex  1.130505e+001  1.464397e+001  1.650000e+002
      vertex  1.160528e+001  1.440720e+001  1.650000e+002
    endloop
  endfacet
  facet normal  0.000000e+000  0.000000e+000 -1.000000e+000
    outer loop
      vertex -1.110813e-001  1.449957e+001  1.650000e+002
      vertex -1.142064e+001  1.455400e+001  1.650000e+002
      vertex -1.111742e+001  1.478692e+001  1.650000e+002
    endloop
  endfacet
  facet normal  0.000000e+000  0.000000e+000 -1.000000e+000
    outer loop
      vertex -1.110813e-001  1.449957e+001  1.650000e+002
      vertex -1.111742e+001  1.478692e+001  1.650000e+002
      vertex -1.080945e+001  1.501352e+001  1.650000e+002
    endloop
  endfacet
  facet normal  0.000000e+000  0.000000e+000 -1.000000e+000
    outer loop
      vertex -1.110813e-001  1.449957e+001  1.650000e+002
      vertex -1.080945e+001  1.501352e+001  1.650000e+002
      vertex -1.049685e+001  1.523372e+001  1.650000e+002
    endloop
  endfacet
  facet normal  0.000000e+000  0.000000e+000 -1.000000e+000
    outer loop
      vertex -1.110813e-001  1.449957e+001  1.650000e+002
      vertex -1.049685e+001  1.523372e+001  1.650000e+002
      vertex -1.017978e+001  1.544740e+001  1.650000e+002
    endloop
  endfacet
  facet normal  0.000000e+000  0.000000e+000 -1.000000e+000
    outer loop
      vertex -1.110813e-001  1.449957e+001  1.650000e+002
      vertex -1.017978e+001  1.544740e+001  1.650000e+002
      vertex -9.858354e+000  1.565448e+001  1.650000e+002
    endloop
  endfacet
  facet normal  0.000000e+000  0.000000e+000 -1.000000e+000
    outer loop
      vertex -1.110813e-001  1.449957e+001  1.650000e+002
      vertex -9.858354e+000  1.565448e+001  1.650000e+002
      vertex -9.532719e+000  1.585488e+001  1.650000e+002
    endloop
  endfacet
  facet normal  0.000000e+000  0.000000e+000 -1.000000e+000
    outer loop
      vertex -1.110813e-001  1.449957e+001  1.650000e+002
      vertex -9.532719e+000  1.585488e+001  1.650000e+002
      vertex -9.203011e+000  1.604851e+001  1.650000e+002
    endloop
  endfacet
  facet normal  0.000000e+000  0.000000e+000 -1.000000e+000
    outer loop
      vertex -1.110813e-001  1.449957e+001  1.650000e+002
      vertex -9.203011e+000  1.604851e+001  1.650000e+002
      vertex -8.869372e+000  1.623528e+001  1.650000e+002
    endloop
  endfacet
  facet normal  0.000000e+000  0.000000e+000 -1.000000e+000
    outer loop
      vertex -1.110813e-001  1.449957e+001  1.650000e+002
      vertex -8.869372e+000  1.623528e+001  1.650000e+002
      vertex -8.531945e+000  1.641511e+001  1.650000e+002
    endloop
  endfacet
  facet normal  0.000000e+000  0.000000e+000 -1.000000e+000
    outer loop
      vertex -1.110813e-001  1.449957e+001  1.650000e+002
      vertex -8.531945e+000  1.641511e+001  1.650000e+002
      vertex -8.190873e+000  1.658793e+001  1.650000e+002
    endloop
  endfacet
  facet normal  0.000000e+000  0.000000e+000 -1.000000e+000
    outer loop
      vertex -1.110813e-001  1.449957e+001  1.650000e+002
      vertex -8.190873e+000  1.658793e+001  1.650000e+002
      vertex -7.846303e+000  1.675367e+001  1.650000e+002
    endloop
  endfacet
  facet normal  0.000000e+000  0.000000e+000 -1.000000e+000
    outer loop
      vertex -1.110813e-001  1.449957e+001  1.650000e+002
      vertex -7.846303e+000  1.675367e+001  1.650000e+002
      vertex -7.498381e+000  1.691225e+001  1.650000e+002
    endloop
  endfacet
  facet normal  0.000000e+000  0.000000e+000 -1.000000e+000
    outer loop
      vertex -1.110813e-001  1.449957e+001  1.650000e+002
      vertex -7.498381e+000  1.691225e+001  1.650000e+002
      vertex -7.147255e+000  1.706361e+001  1.650000e+002
    endloop
  endfacet
  facet normal  0.000000e+000  0.000000e+000 -1.000000e+000
    outer loop
      vertex -1.110813e-001  1.449957e+001  1.650000e+002
      vertex -7.147255e+000  1.706361e+001  1.650000e+002
      vertex -6.793077e+000  1.720768e+001  1.650000e+002
    endloop
  endfacet
  facet normal  0.000000e+000  0.000000e+000 -9.999999e-001
    outer loop
      vertex -1.110813e-001  1.449957e+001  1.650000e+002
      vertex -6.793077e+000  1.720768e+001  1.650000e+002
      vertex -6.435997e+000  1.734439e+001  1.650000e+002
    endloop
  endfacet
  facet normal  0.000000e+000  0.000000e+000 -1.000000e+000
    outer loop
      vertex -1.110813e-001  1.449957e+001  1.650000e+002
      vertex -6.435997e+000  1.734439e+001  1.650000e+002
      vertex -6.076167e+000  1.747370e+001  1.650000e+002
    endloop
  endfacet
  facet normal  0.000000e+000  0.000000e+000 -1.000000e+000
    outer loop
      vertex -1.110813e-001  1.449957e+001  1.650000e+002
      vertex -6.076167e+000  1.747370e+001  1.650000e+002
      vertex -5.713742e+000  1.759554e+001  1.650000e+002
    endloop
  endfacet
  facet normal  0.000000e+000  0.000000e+000 -1.000000e+000
    outer loop
      vertex -1.110813e-001  1.449957e+001  1.650000e+002
      vertex -5.713742e+000  1.759554e+001  1.650000e+002
      vertex -5.348876e+000  1.770987e+001  1.650000e+002
    endloop
  endfacet
  facet normal  0.000000e+000  0.000000e+000 -1.000000e+000
    outer loop
      vertex -1.110813e-001  1.449957e+001  1.650000e+002
      vertex -5.348876e+000  1.770987e+001  1.650000e+002
      vertex -4.981726e+000  1.781663e+001  1.650000e+002
    endloop
  endfacet
  facet normal  0.000000e+000  0.000000e+000 -1.000000e+000
    outer loop
      vertex -1.110813e-001  1.449957e+001  1.650000e+002
      vertex -4.981726e+000  1.781663e+001  1.650000e+002
      vertex -4.612447e+000  1.791578e+001  1.650000e+002
    endloop
  endfacet
  facet normal  0.000000e+000  0.000000e+000 -1.000000e+000
    outer loop
      vertex -1.110813e-001  1.449957e+001  1.650000e+002
      vertex -4.612447e+000  1.791578e+001  1.650000e+002
      vertex -4.241198e+000  1.800728e+001  1.650000e+002
    endloop
  endfacet
  facet normal  0.000000e+000  0.000000e+000 -1.000000e+000
    outer loop
      vertex -1.110813e-001  1.449957e+001  1.650000e+002
      vertex -4.241198e+000  1.800728e+001  1.650000e+002
      vertex -3.868138e+000  1.809109e+001  1.650000e+002
    endloop
  endfacet
  facet normal  0.000000e+000  0.000000e+000 -1.000000e+000
    outer loop
      vertex -1.110813e-001  1.449957e+001  1.650000e+002
      vertex -3.868138e+000  1.809109e+001  1.650000e+002
      vertex -3.493425e+000  1.816717e+001  1.650000e+002
    endloop
  endfacet
  facet normal  0.000000e+000  0.000000e+000 -1.000000e+000
    outer loop
      vertex -1.110813e-001  1.449957e+001  1.650000e+002
      vertex -3.493425e+000  1.816717e+001  1.650000e+002
      vertex -3.117219e+000  1.823549e+001  1.650000e+002
    endloop
  endfacet
  facet normal  0.000000e+000  0.000000e+000 -1.000000e+000
    outer loop
      vertex -1.110813e-001  1.449957e+001  1.650000e+002
      vertex -3.117219e+000  1.823549e+001  1.650000e+002
      vertex -2.739683e+000  1.829601e+001  1.650000e+002
    endloop
  endfacet
  facet normal  0.000000e+000  0.000000e+000 -1.000000e+000
    outer loop
      vertex -1.110813e-001  1.449957e+001  1.650000e+002
      vertex -2.739683e+000  1.829601e+001  1.650000e+002
      vertex -2.360976e+000  1.834873e+001  1.650000e+002
    endloop
  endfacet
  facet normal  0.000000e+000  0.000000e+000 -1.000000e+000
    outer loop
      vertex -1.110813e-001  1.449957e+001  1.650000e+002
      vertex -2.360976e+000  1.834873e+001  1.650000e+002
      vertex -1.981260e+000  1.839360e+001  1.650000e+002
    endloop
  endfacet
  facet normal  0.000000e+000  0.000000e+000 -1.000000e+000
    outer loop
      vertex -1.110813e-001  1.449957e+001  1.650000e+002
      vertex -1.981260e+000  1.839360e+001  1.650000e+002
      vertex -1.600698e+000  1.843062e+001  1.650000e+002
    endloop
  endfacet
  facet normal  0.000000e+000  0.000000e+000 -1.000000e+000
    outer loop
      vertex -1.110813e-001  1.449957e+001  1.650000e+002
      vertex -1.600698e+000  1.843062e+001  1.650000e+002
      vertex -1.219452e+000  1.845976e+001  1.650000e+002
    endloop
  endfacet
  facet normal  0.000000e+000  0.000000e+000 -9.999999e-001
    outer loop
      vertex -1.110813e-001  1.449957e+001  1.650000e+002
      vertex -1.219452e+000  1.845976e+001  1.650000e+002
      vertex -8.376858e-001  1.848103e+001  1.650000e+002
    endloop
  endfacet
  facet normal  0.000000e+000  0.000000e+000 -1.000000e+000
    outer loop
      vertex -1.110813e-001  1.449957e+001  1.650000e+002
      vertex -8.376858e-001  1.848103e+001  1.650000e+002
      vertex -4.555613e-001  1.849439e+001  1.650000e+002
    endloop
  endfacet
  facet normal  0.000000e+000  0.000000e+000 -1.000000e+000
    outer loop
      vertex -1.110813e-001  1.449957e+001  1.650000e+002
      vertex -4.555613e-001  1.849439e+001  1.650000e+002
      vertex -7.324232e-002  1.849986e+001  1.650000e+002
    endloop
  endfacet
  facet normal  0.000000e+000  -0.000000e+000 -1.000000e+000
    outer loop
      vertex -1.171899e+001  1.431486e+001  1.650000e+002
      vertex -1.142064e+001  1.455400e+001  1.650000e+002
      vertex -1.110813e-001  1.449957e+001  1.650000e+002
    endloop
  endfacet
  facet normal  0.000000e+000  0.000000e+000 -1.000000e+000
    outer loop
      vertex -1.171899e+001  1.431486e+001  1.650000e+002
      vertex -1.110813e-001  1.449957e+001  1.650000e+002
      vertex -4.509581e-001  1.449299e+001  1.650000e+002
    endloop
  endfacet
  facet normal  0.000000e+000  0.000000e+000 -1.000000e+000
    outer loop
      vertex -1.171899e+001  1.431486e+001  1.650000e+002
      vertex -4.509581e-001  1.449299e+001  1.650000e+002
      vertex -7.905871e-001  1.447843e+001  1.650000e+002
    endloop
  endfacet
  facet normal  0.000000e+000  0.000000e+000 -1.000000e+000
    outer loop
      vertex -1.171899e+001  1.431486e+001  1.650000e+002
      vertex -7.905871e-001  1.447843e+001  1.650000e+002
      vertex -1.129781e+000  1.445592e+001  1.650000e+002
    endloop
  endfacet
  facet normal  0.000000e+000  0.000000e+000 -1.000000e+000
    outer loop
      vertex -1.171899e+001  1.431486e+001  1.650000e+002
      vertex -1.129781e+000  1.445592e+001  1.650000e+002
      vertex -1.468355e+000  1.442546e+001  1.650000e+002
    endloop
  endfacet
  facet normal  0.000000e+000  0.000000e+000 -1.000000e+000
    outer loop
      vertex -1.171899e+001  1.431486e+001  1.650000e+002
      vertex -1.468355e+000  1.442546e+001  1.650000e+002
      vertex -1.806121e+000  1.438708e+001  1.650000e+002
    endloop
  endfacet
  facet normal  0.000000e+000  0.000000e+000 -1.000000e+000
    outer loop
      vertex -1.171899e+001  1.431486e+001  1.650000e+002
      vertex -1.806121e+000  1.438708e+001  1.650000e+002
      vertex -2.142895e+000  1.434078e+001  1.650000e+002
    endloop
  endfacet
  facet normal  0.000000e+000  0.000000e+000 -1.000000e+000
    outer loop
      vertex -1.171899e+001  1.431486e+001  1.650000e+002
      vertex -2.142895e+000  1.434078e+001  1.650000e+002
      vertex -2.478491e+000  1.428660e+001  1.650000e+002
    endloop
  endfacet
  facet normal  -0.000000e+000  0.000000e+000 -1.000000e+000
    outer loop
      vertex -1.171899e+001  1.431486e+001  1.650000e+002
      vertex -2.478491e+000  1.428660e+001  1.650000e+002
      vertex -1.201233e+001  1.406961e+001  1.650000e+002
    endloop
  endfacet
  facet normal  0.000000e+000  0.000000e+000 -1.000000e+000
    outer loop
      vertex -1.201233e+001  1.406961e+001  1.650000e+002
      vertex -2.478491e+000  1.428660e+001  1.650000e+002
      vertex -2.812725e+000  1.422458e+001  1.650000e+002
    endloop
  endfacet
  facet normal  0.000000e+000  0.000000e+000 -1.000000e+000
    outer loop
      vertex -1.201233e+001  1.406961e+001  1.650000e+002
      vertex -2.812725e+000  1.422458e+001  1.650000e+002
      vertex -3.145412e+000  1.415473e+001  1.650000e+002
    endloop
  endfacet
  facet normal  0.000000e+000  0.000000e+000 -1.000000e+000
    outer loop
      vertex -1.201233e+001  1.406961e+001  1.650000e+002
      vertex -3.145412e+000  1.415473e+001  1.650000e+002
      vertex -3.476371e+000  1.407710e+001  1.650000e+002
    endloop
  endfacet
  facet normal  0.000000e+000  0.000000e+000 -1.000000e+000
    outer loop
      vertex -1.201233e+001  1.406961e+001  1.650000e+002
      vertex -3.476371e+000  1.407710e+001  1.650000e+002
      vertex -3.805419e+000  1.399174e+001  1.650000e+002
    endloop
  endfacet
  facet normal  -0.000000e+000  0.000000e+000 -1.000000e+000
    outer loop
      vertex -1.201233e+001  1.406961e+001  1.650000e+002
      vertex -3.805419e+000  1.399174e+001  1.650000e+002
      vertex -1.230054e+001  1.381835e+001  1.650000e+002
    endloop
  endfacet
  facet normal  0.000000e+000  -0.000000e+000 -1.000000e+000
    outer loop
      vertex -1.258350e+001  1.356118e+001  1.650000e+002
      vertex -1.230054e+001  1.381835e+001  1.650000e+002
      vertex -4.457061e+000  1.379799e+001  1.650000e+002
    endloop
  endfacet
  facet normal  0.000000e+000  0.000000e+000 -1.000000e+000
    outer loop
      vertex -1.258350e+001  1.356118e+001  1.650000e+002
      vertex -4.457061e+000  1.379799e+001  1.650000e+002
      vertex -4.779297e+000  1.368972e+001  1.650000e+002
    endloop
  endfacet
  facet normal  0.000000e+000  0.000000e+000 -1.000000e+000
    outer loop
      vertex -1.258350e+001  1.356118e+001  1.650000e+002
      vertex -4.779297e+000  1.368972e+001  1.650000e+002
      vertex -5.098906e+000  1.357391e+001  1.650000e+002
    endloop
  endfacet
  facet normal  0.000000e+000  0.000000e+000 -1.000000e+000
    outer loop
      vertex -1.258350e+001  1.356118e+001  1.650000e+002
      vertex -5.098906e+000  1.357391e+001  1.650000e+002
      vertex -5.415712e+000  1.345065e+001  1.650000e+002
    endloop
  endfacet
  facet normal  -0.000000e+000  0.000000e+000 -1.000000e+000
    outer loop
      vertex -1.258350e+001  1.356118e+001  1.650000e+002
      vertex -5.415712e+000  1.345065e+001  1.650000e+002
      vertex -1.286108e+001  1.329822e+001  1.650000e+002
    endloop
  endfacet
  facet normal  0.000000e+000  0.000000e+000 -1.000000e+000
    outer loop
      vertex -1.247573e+001 -1.366039e+001  1.650000e+002
      vertex -1.275538e+001 -1.339964e+001  1.650000e+002
      vertex -5.524792e+000 -1.340622e+001  1.650000e+002
    endloop
  endfacet
  facet normal  0.000000e+000  -0.000000e+000 -1.000000e+000
    outer loop
      vertex -1.247573e+001 -1.366039e+001  1.650000e+002
      vertex -5.524792e+000 -1.340622e+001  1.650000e+002
      vertex -5.208997e+000 -1.353205e+001  1.650000e+002
    endloop
  endfacet
  facet normal  0.000000e+000  -0.000000e+000 -9.999999e-001
    outer loop
      vertex -1.247573e+001 -1.366039e+001  1.650000e+002
      vertex -5.208997e+000 -1.353205e+001  1.650000e+002
      vertex -4.890340e+000 -1.365044e+001  1.650000e+002
    endloop
  endfacet
  facet normal  0.000000e+000  -0.000000e+000 -1.000000e+000
    outer loop
      vertex -1.247573e+001 -1.366039e+001  1.650000e+002
      vertex -4.890340e+000 -1.365044e+001  1.650000e+002
      vertex -4.568995e+000 -1.376133e+001  1.650000e+002
    endloop
  endfacet
  facet normal  -0.000000e+000  0.000000e+000 -1.000000e+000
    outer loop
      vertex -1.247573e+001 -1.366039e+001  1.650000e+002
      vertex -4.568995e+000 -1.376133e+001  1.650000e+002
      vertex -1.219074e+001 -1.391531e+001  1.650000e+002
    endloop
  endfacet
  facet normal  0.000000e+000  0.000000e+000 -1.000000e+000
    outer loop
      vertex -1.190055e+001 -1.416428e+001  1.650000e+002
      vertex -1.219074e+001 -1.391531e+001  1.650000e+002
      vertex -3.918948e+000 -1.396037e+001  1.650000e+002
    endloop
  endfacet
  facet normal  0.000000e+000  -0.000000e+000 -1.000000e+000
    outer loop
      vertex -1.190055e+001 -1.416428e+001  1.650000e+002
      vertex -3.918948e+000 -1.396037e+001  1.650000e+002
      vertex -3.590604e+000 -1.404840e+001  1.650000e+002
    endloop
  endfacet
  facet normal  0.000000e+000  -0.000000e+000 -1.000000e+000
    outer loop
      vertex -1.190055e+001 -1.416428e+001  1.650000e+002
      vertex -3.590604e+000 -1.404840e+001  1.650000e+002
      vertex -3.260286e+000 -1.412871e+001  1.650000e+002
    endloop
  endfacet
  facet normal  0.000000e+000  -0.000000e+000 -1.000000e+000
    outer loop
      vertex -1.190055e+001 -1.416428e+001  1.650000e+002
      vertex -3.260286e+000 -1.412871e+001  1.650000e+002
      vertex -2.928177e+000 -1.420126e+001  1.650000e+002
    endloop
  endfacet
  facet normal  -0.000000e+000  0.000000e+000 -1.000000e+000
    outer loop
      vertex -1.190055e+001 -1.416428e+001  1.650000e+002
      vertex -2.928177e+000 -1.420126e+001  1.650000e+002
      vertex -1.160528e+001 -1.440720e+001  1.650000e+002
    endloop
  endfacet
  facet normal  0.000000e+000  -0.000000e+000 -1.000000e+000
    outer loop
      vertex -1.160528e+001 -1.440720e+001  1.650000e+002
      vertex -2.928177e+000 -1.420126e+001  1.650000e+002
      vertex -2.594458e+000 -1.426600e+001  1.650000e+002
    endloop
  endfacet
  facet normal  0.000000e+000  -0.000000e+000 -1.000000e+000
    outer loop
      vertex -1.160528e+001 -1.440720e+001  1.650000e+002
      vertex -2.594458e+000 -1.426600e+001  1.650000e+002
      vertex -2.259314e+000 -1.432290e+001  1.650000e+002
    endloop
  endfacet
  facet normal  0.000000e+000  -0.000000e+000 -1.000000e+000
    outer loop
      vertex -1.160528e+001 -1.440720e+001  1.650000e+002
      vertex -2.259314e+000 -1.432290e+001  1.650000e+002
      vertex -1.922927e+000 -1.437193e+001  1.650000e+002
    endloop
  endfacet
  facet normal  0.000000e+000  -0.000000e+000 -1.000000e+000
    outer loop
      vertex -1.160528e+001 -1.440720e+001  1.650000e+002
      vertex -1.922927e+000 -1.437193e+001  1.650000e+002
      vertex -1.585483e+000 -1.441306e+001  1.650000e+002
    endloop
  endfacet
  facet normal  0.000000e+000  0.000000e+000 -1.000000e+000
    outer loop
      vertex -1.130505e+001 -1.464397e+001  1.650000e+002
      vertex -1.160528e+001 -1.440720e+001  1.650000e+002
      vertex -1.585483e+000 -1.441306e+001  1.650000e+002
    endloop
  endfacet
  facet normal  0.000000e+000  -0.000000e+000 -1.000000e+000
    outer loop
      vertex -1.130505e+001 -1.464397e+001  1.650000e+002
      vertex -1.585483e+000 -1.441306e+001  1.650000e+002
      vertex -1.247169e+000 -1.444627e+001  1.650000e+002
    endloop
  endfacet
  facet normal  0.000000e+000  -0.000000e+000 -1.000000e+000
    outer loop
      vertex -1.130505e+001 -1.464397e+001  1.650000e+002
      vertex -1.247169e+000 -1.444627e+001  1.650000e+002
      vertex -9.081682e-001 -1.447153e+001  1.650000e+002
    endloop
  endfacet
  facet normal  0.000000e+000  -0.000000e+000 -1.000000e+000
    outer loop
      vertex -1.130505e+001 -1.464397e+001  1.650000e+002
      vertex -9.081682e-001 -1.447153e+001  1.650000e+002
      vertex -5.686687e-001 -1.448884e+001  1.650000e+002
    endloop
  endfacet
  facet normal  0.000000e+000  -0.000000e+000 -1.000000e+000
    outer loop
      vertex -1.130505e+001 -1.464397e+001  1.650000e+002
      vertex -5.686687e-001 -1.448884e+001  1.650000e+002
      vertex -2.288566e-001 -1.449819e+001  1.650000e+002
    endloop
  endfacet
  facet normal  0.000000e+000  0.000000e+000 -1.000000e+000
    outer loop
      vertex  1.160528e+001  1.440720e+001  1.650000e+002
      vertex  1.190055e+001  1.416428e+001  1.650000e+002
      vertex  1.922927e+000  1.437193e+001  1.650000e+002
    endloop
  endfacet
  facet normal  0.000000e+000  0.000000e+000 -1.000000e+000
    outer loop
      vertex  1.160528e+001  1.440720e+001  1.650000e+002
      vertex  1.922927e+000  1.437193e+001  1.650000e+002
      vertex  1.585483e+000  1.441306e+001  1.650000e+002
    endloop
  endfacet
  facet normal  0.000000e+000  0.000000e+000 -1.000000e+000
    outer loop
      vertex  1.160528e+001  1.440720e+001  1.650000e+002
      vertex  1.585483e+000  1.441306e+001  1.650000e+002
      vertex  1.247169e+000  1.444627e+001  1.650000e+002
    endloop
  endfacet
  facet normal  0.000000e+000  0.000000e+000 -9.999999e-001
    outer loop
      vertex  1.160528e+001  1.440720e+001  1.650000e+002
      vertex  1.247169e+000  1.444627e+001  1.650000e+002
      vertex  9.081682e-001  1.447153e+001  1.650000e+002
    endloop
  endfacet
  facet normal  0.000000e+000  0.000000e+000 -1.000000e+000
    outer loop
      vertex  1.160528e+001  1.440720e+001  1.650000e+002
      vertex  9.081682e-001  1.447153e+001  1.650000e+002
      vertex  5.686687e-001  1.448884e+001  1.650000e+002
    endloop
  endfacet
  facet normal  0.000000e+000  0.000000e+000 -1.000000e+000
    outer loop
      vertex  1.160528e+001  1.440720e+001  1.650000e+002
      vertex  5.686687e-001  1.448884e+001  1.650000e+002
      vertex  2.288566e-001  1.449819e+001  1.650000e+002
    endloop
  endfacet
  facet normal  0.000000e+000  0.000000e+000 -1.000000e+000
    outer loop
      vertex  1.190055e+001  1.416428e+001  1.650000e+002
      vertex  1.219074e+001  1.391531e+001  1.650000e+002
      vertex  3.590604e+000  1.404840e+001  1.650000e+002
    endloop
  endfacet
  facet normal  0.000000e+000  0.000000e+000 -1.000000e+000
    outer loop
      vertex  1.190055e+001  1.416428e+001  1.650000e+002
      vertex  3.590604e+000  1.404840e+001  1.650000e+002
      vertex  3.260286e+000  1.412871e+001  1.650000e+002
    endloop
  endfacet
  facet normal  0.000000e+000  0.000000e+000 -1.000000e+000
    outer loop
      vertex  1.190055e+001  1.416428e+001  1.650000e+002
      vertex  3.260286e+000  1.412871e+001  1.650000e+002
      vertex  2.928177e+000  1.420126e+001  1.650000e+002
    endloop
  endfacet
  facet normal  0.000000e+000  0.000000e+000 -1.000000e+000
    outer loop
      vertex  1.190055e+001  1.416428e+001  1.650000e+002
      vertex  2.928177e+000  1.420126e+001  1.650000e+002
      vertex  2.594458e+000  1.426600e+001  1.650000e+002
    endloop
  endfacet
  facet normal  0.000000e+000  0.000000e+000 -1.000000e+000
    outer loop
      vertex  1.190055e+001  1.416428e+001  1.650000e+002
      vertex  2.594458e+000  1.426600e+001  1.650000e+002
      vertex  2.259314e+000  1.432290e+001  1.650000e+002
    endloop
  endfacet
  facet normal  0.000000e+000  0.000000e+000 -1.000000e+000
    outer loop
      vertex  1.190055e+001  1.416428e+001  1.650000e+002
      vertex  2.259314e+000  1.432290e+001  1.650000e+002
      vertex  1.922927e+000  1.437193e+001  1.650000e+002
    endloop
  endfacet
  facet normal  0.000000e+000  0.000000e+000 -1.000000e+000
    outer loop
      vertex  1.171899e+001 -1.431486e+001  1.650000e+002
      vertex  1.142064e+001 -1.455400e+001  1.650000e+002
      vertex  2.142895e+000 -1.434078e+001  1.650000e+002
    endloop
  endfacet
  facet normal  0.000000e+000  0.000000e+000 -1.000000e+000
    outer loop
      vertex  1.171899e+001 -1.431486e+001  1.650000e+002
      vertex  2.142895e+000 -1.434078e+001  1.650000e+002
      vertex  2.478491e+000 -1.428660e+001  1.650000e+002
    endloop
  endfacet
  facet normal  0.000000e+000  0.000000e+000 -1.000000e+000
    outer loop
      vertex  1.171899e+001 -1.431486e+001  1.650000e+002
      vertex  2.478491e+000 -1.428660e+001  1.650000e+002
      vertex  2.812725e+000 -1.422458e+001  1.650000e+002
    endloop
  endfacet
  facet normal  0.000000e+000  0.000000e+000 -1.000000e+000
    outer loop
      vertex  1.171899e+001 -1.431486e+001  1.650000e+002
      vertex  2.812725e+000 -1.422458e+001  1.650000e+002
      vertex  3.145412e+000 -1.415473e+001  1.650000e+002
    endloop
  endfacet
  facet normal  0.000000e+000  0.000000e+000 -1.000000e+000
    outer loop
      vertex  1.171899e+001 -1.431486e+001  1.650000e+002
      vertex  3.145412e+000 -1.415473e+001  1.650000e+002
      vertex  3.476371e+000 -1.407710e+001  1.650000e+002
    endloop
  endfacet
  facet normal  0.000000e+000  0.000000e+000 -1.000000e+000
    outer loop
      vertex  1.171899e+001 -1.431486e+001  1.650000e+002
      vertex  3.476371e+000 -1.407710e+001  1.650000e+002
      vertex  1.201233e+001 -1.406961e+001  1.650000e+002
    endloop
  endfacet
  facet normal  0.000000e+000  0.000000e+000 -1.000000e+000
    outer loop
      vertex  1.142064e+001 -1.455400e+001  1.650000e+002
      vertex  1.110813e-001 -1.449957e+001  1.650000e+002
      vertex  4.509581e-001 -1.449299e+001  1.650000e+002
    endloop
  endfacet
  facet normal  0.000000e+000  0.000000e+000 -9.999999e-001
    outer loop
      vertex  1.142064e+001 -1.455400e+001  1.650000e+002
      vertex  4.509581e-001 -1.449299e+001  1.650000e+002
      vertex  7.905871e-001 -1.447843e+001  1.650000e+002
    endloop
  endfacet
  facet normal  0.000000e+000  0.000000e+000 -1.000000e+000
    outer loop
      vertex  1.142064e+001 -1.455400e+001  1.650000e+002
      vertex  7.905871e-001 -1.447843e+001  1.650000e+002
      vertex  1.129781e+000 -1.445592e+001  1.650000e+002
    endloop
  endfacet
  facet normal  0.000000e+000  0.000000e+000 -9.999999e-001
    outer loop
      vertex  1.142064e+001 -1.455400e+001  1.650000e+002
      vertex  1.129781e+000 -1.445592e+001  1.650000e+002
      vertex  1.468355e+000 -1.442546e+001  1.650000e+002
    endloop
  endfacet
  facet normal  0.000000e+000  0.000000e+000 -1.000000e+000
    outer loop
      vertex  1.142064e+001 -1.455400e+001  1.650000e+002
      vertex  1.468355e+000 -1.442546e+001  1.650000e+002
      vertex  1.806121e+000 -1.438708e+001  1.650000e+002
    endloop
  endfacet
  facet normal  0.000000e+000  0.000000e+000 -1.000000e+000
    outer loop
      vertex  1.142064e+001 -1.455400e+001  1.650000e+002
      vertex  1.806121e+000 -1.438708e+001  1.650000e+002
      vertex  2.142895e+000 -1.434078e+001  1.650000e+002
    endloop
  endfacet
  facet normal  0.000000e+000  0.000000e+000 -9.999999e-001
    outer loop
      vertex  1.110813e-001 -1.449957e+001  1.650000e+002
      vertex  4.555613e-001 -1.849439e+001  1.650000e+002
      vertex -2.288566e-001 -1.449819e+001  1.650000e+002
    endloop
  endfacet
  facet normal  0.000000e+000  0.000000e+000 -1.000000e+000
    outer loop
      vertex -2.288566e-001 -1.449819e+001  1.650000e+002
      vertex  4.555613e-001 -1.849439e+001  1.650000e+002
      vertex  7.324232e-002 -1.849986e+001  1.650000e+002
    endloop
  endfacet
  facet normal  0.000000e+000  0.000000e+000 -1.000000e+000
    outer loop
      vertex -2.288566e-001 -1.449819e+001  1.650000e+002
      vertex  7.324232e-002 -1.849986e+001  1.650000e+002
      vertex -1.130505e+001 -1.464397e+001  1.650000e+002
    endloop
  endfacet
  facet normal  0.000000e+000  0.000000e+000 -1.000000e+000
    outer loop
      vertex -1.130505e+001 -1.464397e+001  1.650000e+002
      vertex  7.324232e-002 -1.849986e+001  1.650000e+002
      vertex -3.091080e-001 -1.849742e+001  1.650000e+002
    endloop
  endfacet
  facet normal  0.000000e+000  0.000000e+000 -9.999999e-001
    outer loop
      vertex -6.040222e+000  1.318202e+001  1.650000e+002
      vertex -1.313316e+001  1.302958e+001  1.650000e+002
      vertex -5.729542e+000  1.332000e+001  1.650000e+002
    endloop
  endfacet
  facet normal  0.000000e+000  0.000000e+000 -1.000000e+000
    outer loop
      vertex -5.729542e+000  1.332000e+001  1.650000e+002
      vertex -1.313316e+001  1.302958e+001  1.650000e+002
      vertex -1.286108e+001  1.329822e+001  1.650000e+002
    endloop
  endfacet
  facet normal  0.000000e+000  0.000000e+000 -9.999999e-001
    outer loop
      vertex -5.729542e+000  1.332000e+001  1.650000e+002
      vertex -1.286108e+001  1.329822e+001  1.650000e+002
      vertex -5.415712e+000  1.345065e+001  1.650000e+002
    endloop
  endfacet
  facet normal  0.000000e+000  0.000000e+000 -1.000000e+000
    outer loop
      vertex -1.313316e+001  1.302958e+001  1.650000e+002
      vertex -6.347583e+000  1.303680e+001  1.650000e+002
      vertex -1.339964e+001  1.275538e+001  1.650000e+002
    endloop
  endfacet
  facet normal  0.000000e+000  0.000000e+000 -1.000000e+000
    outer loop
      vertex -1.339964e+001  1.275538e+001  1.650000e+002
      vertex -6.347583e+000  1.303680e+001  1.650000e+002
      vertex -6.651454e+000  1.288442e+001  1.650000e+002
    endloop
  endfacet
  facet normal  0.000000e+000  0.000000e+000 -1.000000e+000
    outer loop
      vertex -1.339964e+001  1.275538e+001  1.650000e+002
      vertex -6.651454e+000  1.288442e+001  1.650000e+002
      vertex -6.951670e+000  1.272495e+001  1.650000e+002
    endloop
  endfacet
  facet normal  -0.000000e+000  0.000000e+000 -1.000000e+000
    outer loop
      vertex -1.339964e+001  1.275538e+001  1.650000e+002
      vertex -6.951670e+000  1.272495e+001  1.650000e+002
      vertex -1.366039e+001  1.247573e+001  1.650000e+002
    endloop
  endfacet
  facet normal  0.000000e+000  0.000000e+000 -1.000000e+000
    outer loop
      vertex -1.366039e+001  1.247573e+001  1.650000e+002
      vertex -6.951670e+000  1.272495e+001  1.650000e+002
      vertex -7.248065e+000  1.255849e+001  1.650000e+002
    endloop
  endfacet
  facet normal  0.000000e+000  0.000000e+000 -9.999999e-001
    outer loop
      vertex -1.366039e+001  1.247573e+001  1.650000e+002
      vertex -7.248065e+000  1.255849e+001  1.650000e+002
      vertex -1.391531e+001  1.219074e+001  1.650000e+002
    endloop
  endfacet
  facet normal  0.000000e+000  0.000000e+000 -1.000000e+000
    outer loop
      vertex -1.391531e+001  1.219074e+001  1.650000e+002
      vertex -7.248065e+000  1.255849e+001  1.650000e+002
      vertex -7.540477e+000  1.238512e+001  1.650000e+002
    endloop
  endfacet
  facet normal  0.000000e+000  0.000000e+000 -1.000000e+000
    outer loop
      vertex -1.391531e+001  1.219074e+001  1.650000e+002
      vertex -7.540477e+000  1.238512e+001  1.650000e+002
      vertex -7.828743e+000  1.220495e+001  1.650000e+002
    endloop
  endfacet
  facet normal  0.000000e+000  0.000000e+000 -1.000000e+000
    outer loop
      vertex -1.391531e+001  1.219074e+001  1.650000e+002
      vertex -7.828743e+000  1.220495e+001  1.650000e+002
      vertex -1.416428e+001  1.190055e+001  1.650000e+002
    endloop
  endfacet
  facet normal  0.000000e+000  0.000000e+000 -1.000000e+000
    outer loop
      vertex -1.416428e+001  1.190055e+001  1.650000e+002
      vertex -7.828743e+000  1.220495e+001  1.650000e+002
      vertex -8.112707e+000  1.201807e+001  1.650000e+002
    endloop
  endfacet
  facet normal  0.000000e+000  0.000000e+000 -1.000000e+000
    outer loop
      vertex -1.416428e+001  1.190055e+001  1.650000e+002
      vertex -8.112707e+000  1.201807e+001  1.650000e+002
      vertex -8.392213e+000  1.182458e+001  1.650000e+002
    endloop
  endfacet
  facet normal  -0.000000e+000  0.000000e+000 -1.000000e+000
    outer loop
      vertex -1.416428e+001  1.190055e+001  1.650000e+002
      vertex -8.392213e+000  1.182458e+001  1.650000e+002
      vertex -1.440720e+001  1.160528e+001  1.650000e+002
    endloop
  endfacet
  facet normal  0.000000e+000  0.000000e+000 -1.000000e+000
    outer loop
      vertex -1.440720e+001  1.160528e+001  1.650000e+002
      vertex -8.392213e+000  1.182458e+001  1.650000e+002
      vertex -8.667105e+000  1.162460e+001  1.650000e+002
    endloop
  endfacet
  facet normal  0.000000e+000  0.000000e+000 -1.000000e+000
    outer loop
      vertex -1.440720e+001  1.160528e+001  1.650000e+002
      vertex -8.667105e+000  1.162460e+001  1.650000e+002
      vertex -1.464397e+001  1.130505e+001  1.650000e+002
    endloop
  endfacet
  facet normal  0.000000e+000  0.000000e+000 -1.000000e+000
    outer loop
      vertex -1.464397e+001  1.130505e+001  1.650000e+002
      vertex -8.667105e+000  1.162460e+001  1.650000e+002
      vertex -8.937234e+000  1.141822e+001  1.650000e+002
    endloop
  endfacet
  facet normal  0.000000e+000  0.000000e+000 -1.000000e+000
    outer loop
      vertex -1.464397e+001  1.130505e+001  1.650000e+002
      vertex -8.937234e+000  1.141822e+001  1.650000e+002
      vertex -9.202450e+000  1.120557e+001  1.650000e+002
    endloop
  endfacet
  facet normal  -0.000000e+000  0.000000e+000 -9.999999e-001
    outer loop
      vertex -1.464397e+001  1.130505e+001  1.650000e+002
      vertex -9.202450e+000  1.120557e+001  1.650000e+002
      vertex -1.487448e+001  1.099999e+001  1.650000e+002
    endloop
  endfacet
  facet normal  0.000000e+000  0.000000e+000 -1.000000e+000
    outer loop
      vertex -1.487448e+001  1.099999e+001  1.650000e+002
      vertex -9.202450e+000  1.120557e+001  1.650000e+002
      vertex -9.462608e+000  1.098677e+001  1.650000e+002
    endloop
  endfacet
  facet normal  -0.000000e+000  0.000000e+000 -1.000000e+000
    outer loop
      vertex -1.487448e+001  1.099999e+001  1.650000e+002
      vertex -9.462608e+000  1.098677e+001  1.650000e+002
      vertex -1.509864e+001  1.069023e+001  1.650000e+002
    endloop
  endfacet
  facet normal  0.000000e+000  0.000000e+000 -1.000000e+000
    outer loop
      vertex -1.509864e+001  1.069023e+001  1.650000e+002
      vertex -9.462608e+000  1.098677e+001  1.650000e+002
      vertex -9.717566e+000  1.076192e+001  1.650000e+002
    endloop
  endfacet
  facet normal  0.000000e+000  0.000000e+000 -1.000000e+000
    outer loop
      vertex -1.509864e+001  1.069023e+001  1.650000e+002
      vertex -9.717566e+000  1.076192e+001  1.650000e+002
      vertex -1.531635e+001  1.037590e+001  1.650000e+002
    endloop
  endfacet
  facet normal  0.000000e+000  0.000000e+000 -1.000000e+000
    outer loop
      vertex -1.531635e+001  1.037590e+001  1.650000e+002
      vertex -9.717566e+000  1.076192e+001  1.650000e+002
      vertex -9.967183e+000  1.053116e+001  1.650000e+002
    endloop
  endfacet
  facet normal  0.000000e+000  0.000000e+000 -1.000000e+000
    outer loop
      vertex -1.531635e+001  1.037590e+001  1.650000e+002
      vertex -9.967183e+000  1.053116e+001  1.650000e+002
      vertex -1.021132e+001  1.029461e+001  1.650000e+002
    endloop
  endfacet
  facet normal  -0.000000e+000  0.000000e+000 -9.999999e-001
    outer loop
      vertex -1.531635e+001  1.037590e+001  1.650000e+002
      vertex -1.021132e+001  1.029461e+001  1.650000e+002
      vertex -1.552752e+001  1.005715e+001  1.650000e+002
    endloop
  endfacet
  facet normal  0.000000e+000  0.000000e+000 -1.000000e+000
    outer loop
      vertex -1.552752e+001  1.005715e+001  1.650000e+002
      vertex -1.021132e+001  1.029461e+001  1.650000e+002
      vertex -1.044985e+001  1.005240e+001  1.650000e+002
    endloop
  endfacet
  facet normal  -0.000000e+000  0.000000e+000 -9.999999e-001
    outer loop
      vertex -1.552752e+001  1.005715e+001  1.650000e+002
      vertex -1.044985e+001  1.005240e+001  1.650000e+002
      vertex -1.573205e+001  9.734092e+000  1.650000e+002
    endloop
  endfacet
  facet normal  0.000000e+000  0.000000e+000 -9.999999e-001
    outer loop
      vertex -1.573205e+001  9.734092e+000  1.650000e+002
      vertex -1.044985e+001  1.005240e+001  1.650000e+002
      vertex -1.068263e+001  9.804664e+000  1.650000e+002
    endloop
  endfacet
  facet normal  0.000000e+000  0.000000e+000 -1.000000e+000
    outer loop
      vertex -1.573205e+001  9.734092e+000  1.650000e+002
      vertex -1.068263e+001  9.804664e+000  1.650000e+002
      vertex -1.592986e+001  9.406880e+000  1.650000e+002
    endloop
  endfacet
  facet normal  0.000000e+000  0.000000e+000 -1.000000e+000
    outer loop
      vertex -1.592986e+001  9.406880e+000  1.650000e+002
      vertex -1.068263e+001  9.804664e+000  1.650000e+002
      vertex -1.090954e+001  9.551541e+000  1.650000e+002
    endloop
  endfacet
  facet normal  0.000000e+000  0.000000e+000 -9.999999e-001
    outer loop
      vertex -1.592986e+001  9.406880e+000  1.650000e+002
      vertex -1.090954e+001  9.551541e+000  1.650000e+002
      vertex -1.113046e+001  9.293168e+000  1.650000e+002
    endloop
  endfacet
  facet normal  -0.000000e+000  0.000000e+000 -1.000000e+000
    outer loop
      vertex -1.592986e+001  9.406880e+000  1.650000e+002
      vertex -1.113046e+001  9.293168e+000  1.650000e+002
      vertex -1.612087e+001  9.075650e+000  1.650000e+002
    endloop
  endfacet
  facet normal  0.000000e+000  0.000000e+000 -1.000000e+000
    outer loop
      vertex -1.612087e+001  9.075650e+000  1.650000e+002
      vertex -1.113046e+001  9.293168e+000  1.650000e+002
      vertex -1.134525e+001  9.029688e+000  1.650000e+002
    endloop
  endfacet
  facet normal  -0.000000e+000  0.000000e+000 -1.000000e+000
    outer loop
      vertex -1.612087e+001  9.075650e+000  1.650000e+002
      vertex -1.134525e+001  9.029688e+000  1.650000e+002
      vertex -1.630500e+001  8.740543e+000  1.650000e+002
    endloop
  endfacet
  facet normal  0.000000e+000  0.000000e+000 -1.000000e+000
    outer loop
      vertex -1.630500e+001  8.740543e+000  1.650000e+002
      vertex -1.134525e+001  9.029688e+000  1.650000e+002
      vertex -1.155381e+001  8.761245e+000  1.650000e+002
    endloop
  endfacet
  facet normal  0.000000e+000  0.000000e+000 -1.000000e+000
    outer loop
      vertex -1.630500e+001  8.740543e+000  1.650000e+002
      vertex -1.155381e+001  8.761245e+000  1.650000e+002
      vertex -1.648215e+001  8.401703e+000  1.650000e+002
    endloop
  endfacet
  facet normal  0.000000e+000  0.000000e+000 -1.000000e+000
    outer loop
      vertex -1.648215e+001  8.401703e+000  1.650000e+002
      vertex -1.155381e+001  8.761245e+000  1.650000e+002
      vertex -1.175602e+001  8.487986e+000  1.650000e+002
    endloop
  endfacet
  facet normal  0.000000e+000  0.000000e+000 -1.000000e+000
    outer loop
      vertex -1.648215e+001  8.401703e+000  1.650000e+002
      vertex -1.175602e+001  8.487986e+000  1.650000e+002
      vertex -1.665227e+001  8.059273e+000  1.650000e+002
    endloop
  endfacet
  facet normal  0.000000e+000  0.000000e+000 -1.000000e+000
    outer loop
      vertex -1.665227e+001  8.059273e+000  1.650000e+002
      vertex -1.175602e+001  8.487986e+000  1.650000e+002
      vertex -1.195177e+001  8.210062e+000  1.650000e+002
    endloop
  endfacet
  facet normal  0.000000e+000  0.000000e+000 -1.000000e+000
    outer loop
      vertex -1.665227e+001  8.059273e+000  1.650000e+002
      vertex -1.195177e+001  8.210062e+000  1.650000e+002
      vertex -1.214095e+001  7.927625e+000  1.650000e+002
    endloop
  endfacet
  facet normal  -0.000000e+000  0.000000e+000 -1.000000e+000
    outer loop
      vertex -1.665227e+001  8.059273e+000  1.650000e+002
      vertex -1.214095e+001  7.927625e+000  1.650000e+002
      vertex -1.681528e+001  7.713401e+000  1.650000e+002
    endloop
  endfacet
  facet normal  0.000000e+000  0.000000e+000 -1.000000e+000
    outer loop
      vertex -1.681528e+001  7.713401e+000  1.650000e+002
      vertex -1.214095e+001  7.927625e+000  1.650000e+002
      vertex -1.232346e+001  7.640831e+000  1.650000e+002
    endloop
  endfacet
  facet normal  -0.000000e+000  0.000000e+000 -1.000000e+000
    outer loop
      vertex -1.681528e+001  7.713401e+000  1.650000e+002
      vertex -1.232346e+001  7.640831e+000  1.650000e+002
      vertex -1.697109e+001  7.364234e+000  1.650000e+002
    endloop
  endfacet
  facet normal  0.000000e+000  0.000000e+000 -1.000000e+000
    outer loop
      vertex -1.697109e+001  7.364234e+000  1.650000e+002
      vertex -1.232346e+001  7.640831e+000  1.650000e+002
      vertex -1.249920e+001  7.349838e+000  1.650000e+002
    endloop
  endfacet
  facet normal  -0.000000e+000  0.000000e+000 -1.000000e+000
    outer loop
      vertex -1.697109e+001  7.364234e+000  1.650000e+002
      vertex -1.249920e+001  7.349838e+000  1.650000e+002
      vertex -1.711967e+001  7.011921e+000  1.650000e+002
    endloop
  endfacet
  facet normal  0.000000e+000  0.000000e+000 -1.000000e+000
    outer loop
      vertex -1.711967e+001  7.011921e+000  1.650000e+002
      vertex -1.249920e+001  7.349838e+000  1.650000e+002
      vertex -1.266806e+001  7.054805e+000  1.650000e+002
    endloop
  endfacet
  facet normal  0.000000e+000  0.000000e+000 -1.000000e+000
    outer loop
      vertex -1.711967e+001  7.011921e+000  1.650000e+002
      vertex -1.266806e+001  7.054805e+000  1.650000e+002
      vertex -1.726092e+001  6.656613e+000  1.650000e+002
    endloop
  endfacet
  facet normal  0.000000e+000  0.000000e+000 -1.000000e+000
    outer loop
      vertex -1.726092e+001  6.656613e+000  1.650000e+002
      vertex -1.266806e+001  7.054805e+000  1.650000e+002
      vertex -1.282996e+001  6.755894e+000  1.650000e+002
    endloop
  endfacet
  facet normal  0.000000e+000  0.000000e+000 -1.000000e+000
    outer loop
      vertex -1.726092e+001  6.656613e+000  1.650000e+002
      vertex -1.282996e+001  6.755894e+000  1.650000e+002
      vertex -1.739481e+001  6.298461e+000  1.650000e+002
    endloop
  endfacet
  facet normal  0.000000e+000  0.000000e+000 -1.000000e+000
    outer loop
      vertex -1.739481e+001  6.298461e+000  1.650000e+002
      vertex -1.282996e+001  6.755894e+000  1.650000e+002
      vertex -1.298481e+001  6.453270e+000  1.650000e+002
    endloop
  endfacet
  facet normal  0.000000e+000  0.000000e+000 -1.000000e+000
    outer loop
      vertex -1.739481e+001  6.298461e+000  1.650000e+002
      vertex -1.298481e+001  6.453270e+000  1.650000e+002
      vertex -1.313252e+001  6.147099e+000  1.650000e+002
    endloop
  endfacet
  facet normal  -0.000000e+000  0.000000e+000 -1.000000e+000
    outer loop
      vertex -1.739481e+001  6.298461e+000  1.650000e+002
      vertex -1.313252e+001  6.147099e+000  1.650000e+002
      vertex -1.752126e+001  5.937619e+000  1.650000e+002
    endloop
  endfacet
  facet normal  0.000000e+000  0.000000e+000 -1.000000e+000
    outer loop
      vertex -1.752126e+001  5.937619e+000  1.650000e+002
      vertex -1.313252e+001  6.147099e+000  1.650000e+002
      vertex -1.327302e+001  5.837550e+000  1.650000e+002
    endloop
  endfacet
  facet normal  -0.000000e+000  0.000000e+000 -1.000000e+000
    outer loop
      vertex -1.752126e+001  5.937619e+000  1.650000e+002
      vertex -1.327302e+001  5.837550e+000  1.650000e+002
      vertex -1.764023e+001  5.574241e+000  1.650000e+002
    endloop
  endfacet
  facet normal  0.000000e+000  0.000000e+000 -1.000000e+000
    outer loop
      vertex -1.764023e+001  5.574241e+000  1.650000e+002
      vertex -1.327302e+001  5.837550e+000  1.650000e+002
      vertex -1.340622e+001  5.524792e+000  1.650000e+002
    endloop
  endfacet
  facet normal  -0.000000e+000  0.000000e+000 -1.000000e+000
    outer loop
      vertex -1.764023e+001  5.574241e+000  1.650000e+002
      vertex -1.340622e+001  5.524792e+000  1.650000e+002
      vertex -1.775167e+001  5.208481e+000  1.650000e+002
    endloop
  endfacet
  facet normal  0.000000e+000  0.000000e+000 -1.000000e+000
    outer loop
      vertex -1.775167e+001  5.208481e+000  1.650000e+002
      vertex -1.340622e+001  5.524792e+000  1.650000e+002
      vertex -1.353205e+001  5.208997e+000  1.650000e+002
    endloop
  endfacet
  facet normal  0.000000e+000  0.000000e+000 -1.000000e+000
    outer loop
      vertex -1.775167e+001  5.208481e+000  1.650000e+002
      vertex -1.353205e+001  5.208997e+000  1.650000e+002
      vertex -1.785552e+001  4.840497e+000  1.650000e+002
    endloop
  endfacet
  facet normal  0.000000e+000  0.000000e+000 -1.000000e+000
    outer loop
      vertex -1.785552e+001  4.840497e+000  1.650000e+002
      vertex -1.353205e+001  5.208997e+000  1.650000e+002
      vertex -1.365044e+001  4.890340e+000  1.650000e+002
    endloop
  endfacet
  facet normal  0.000000e+000  0.000000e+000 -9.999999e-001
    outer loop
      vertex -1.785552e+001  4.840497e+000  1.650000e+002
      vertex -1.365044e+001  4.890340e+000  1.650000e+002
      vertex -1.795174e+001  4.470445e+000  1.650000e+002
    endloop
  endfacet
  facet normal  0.000000e+000  0.000000e+000 -1.000000e+000
    outer loop
      vertex -1.795174e+001  4.470445e+000  1.650000e+002
      vertex -1.365044e+001  4.890340e+000  1.650000e+002
      vertex -1.376133e+001  4.568995e+000  1.650000e+002
    endloop
  endfacet
  facet normal  0.000000e+000  0.000000e+000 -1.000000e+000
    outer loop
      vertex -1.795174e+001  4.470445e+000  1.650000e+002
      vertex -1.376133e+001  4.568995e+000  1.650000e+002
      vertex -1.804030e+001  4.098483e+000  1.650000e+002
    endloop
  endfacet
  facet normal  0.000000e+000  0.000000e+000 -1.000000e+000
    outer loop
      vertex -1.804030e+001  4.098483e+000  1.650000e+002
      vertex -1.376133e+001  4.568995e+000  1.650000e+002
      vertex -1.386466e+001  4.245138e+000  1.650000e+002
    endloop
  endfacet
  facet normal  0.000000e+000  0.000000e+000 -9.999999e-001
    outer loop
      vertex -1.804030e+001  4.098483e+000  1.650000e+002
      vertex -1.386466e+001  4.245138e+000  1.650000e+002
      vertex -1.812115e+001  3.724771e+000  1.650000e+002
    endloop
  endfacet
  facet normal  0.000000e+000  0.000000e+000 -9.999999e-001
    outer loop
      vertex -1.812115e+001  3.724771e+000  1.650000e+002
      vertex -1.386466e+001  4.245138e+000  1.650000e+002
      vertex -1.396037e+001  3.918948e+000  1.650000e+002
    endloop
  endfacet
  facet normal  0.000000e+000  0.000000e+000 -1.000000e+000
    outer loop
      vertex -1.812115e+001  3.724771e+000  1.650000e+002
      vertex -1.396037e+001  3.918948e+000  1.650000e+002
      vertex -1.404840e+001  3.590604e+000  1.650000e+002
    endloop
  endfacet
  facet normal  -0.000000e+000  0.000000e+000 -1.000000e+000
    outer loop
      vertex -1.812115e+001  3.724771e+000  1.650000e+002
      vertex -1.404840e+001  3.590604e+000  1.650000e+002
      vertex -1.819426e+001  3.349467e+000  1.650000e+002
    endloop
  endfacet
  facet normal  0.000000e+000  0.000000e+000 -1.000000e+000
    outer loop
      vertex -1.819426e+001  3.349467e+000  1.650000e+002
      vertex -1.404840e+001  3.590604e+000  1.650000e+002
      vertex -1.412871e+001  3.260286e+000  1.650000e+002
    endloop
  endfacet
  facet normal  -0.000000e+000  0.000000e+000 -9.999999e-001
    outer loop
      vertex -1.819426e+001  3.349467e+000  1.650000e+002
      vertex -1.412871e+001  3.260286e+000  1.650000e+002
      vertex -1.825960e+001  2.972733e+000  1.650000e+002
    endloop
  endfacet
  facet normal  0.000000e+000  0.000000e+000 -1.000000e+000
    outer loop
      vertex -1.825960e+001  2.972733e+000  1.650000e+002
      vertex -1.412871e+001  3.260286e+000  1.650000e+002
      vertex -1.420126e+001  2.928177e+000  1.650000e+002
    endloop
  endfacet
  facet normal  -0.000000e+000  0.000000e+000 -1.000000e+000
    outer loop
      vertex -1.825960e+001  2.972733e+000  1.650000e+002
      vertex -1.420126e+001  2.928177e+000  1.650000e+002
      vertex -1.831713e+001  2.594728e+000  1.650000e+002
    endloop
  endfacet
  facet normal  0.000000e+000  0.000000e+000 -1.000000e+000
    outer loop
      vertex -1.831713e+001  2.594728e+000  1.650000e+002
      vertex -1.420126e+001  2.928177e+000  1.650000e+002
      vertex -1.426600e+001  2.594458e+000  1.650000e+002
    endloop
  endfacet
  facet normal  -0.000000e+000  0.000000e+000 -1.000000e+000
    outer loop
      vertex -1.831713e+001  2.594728e+000  1.650000e+002
      vertex -1.426600e+001  2.594458e+000  1.650000e+002
      vertex -1.836685e+001  2.215616e+000  1.650000e+002
    endloop
  endfacet
  facet normal  0.000000e+000  0.000000e+000 -1.000000e+000
    outer loop
      vertex -1.836685e+001  2.215616e+000  1.650000e+002
      vertex -1.426600e+001  2.594458e+000  1.650000e+002
      vertex -1.432290e+001  2.259314e+000  1.650000e+002
    endloop
  endfacet
  facet normal  0.000000e+000  0.000000e+000 -1.000000e+000
    outer loop
      vertex -1.836685e+001  2.215616e+000  1.650000e+002
      vertex -1.432290e+001  2.259314e+000  1.650000e+002
      vertex -1.840871e+001  1.835557e+000  1.650000e+002
    endloop
  endfacet
  facet normal  0.000000e+000  0.000000e+000 -1.000000e+000
    outer loop
      vertex -1.840871e+001  1.835557e+000  1.650000e+002
      vertex -1.432290e+001  2.259314e+000  1.650000e+002
      vertex -1.437193e+001  1.922927e+000  1.650000e+002
    endloop
  endfacet
  facet normal  0.000000e+000  0.000000e+000 -1.000000e+000
    outer loop
      vertex -1.840871e+001  1.835557e+000  1.650000e+002
      vertex -1.437193e+001  1.922927e+000  1.650000e+002
      vertex -1.844272e+001  1.454714e+000  1.650000e+002
    endloop
  endfacet
  facet normal  0.000000e+000  0.000000e+000 -1.000000e+000
    outer loop
      vertex -1.844272e+001  1.454714e+000  1.650000e+002
      vertex -1.437193e+001  1.922927e+000  1.650000e+002
      vertex -1.441306e+001  1.585483e+000  1.650000e+002
    endloop
  endfacet
  facet normal  0.000000e+000  0.000000e+000 -1.000000e+000
    outer loop
      vertex -1.844272e+001  1.454714e+000  1.650000e+002
      vertex -1.441306e+001  1.585483e+000  1.650000e+002
      vertex -1.846884e+001  1.073249e+000  1.650000e+002
    endloop
  endfacet
  facet normal  0.000000e+000  0.000000e+000 -1.000000e+000
    outer loop
      vertex -1.846884e+001  1.073249e+000  1.650000e+002
      vertex -1.441306e+001  1.585483e+000  1.650000e+002
      vertex -1.444627e+001  1.247169e+000  1.650000e+002
    endloop
  endfacet
  facet normal  0.000000e+000  0.000000e+000 -1.000000e+000
    outer loop
      vertex -1.846884e+001  1.073249e+000  1.650000e+002
      vertex -1.444627e+001  1.247169e+000  1.650000e+002
      vertex -1.447153e+001  9.081682e-001  1.650000e+002
    endloop
  endfacet
  facet normal  -0.000000e+000  0.000000e+000 -1.000000e+000
    outer loop
      vertex -1.846884e+001  1.073249e+000  1.650000e+002
      vertex -1.447153e+001  9.081682e-001  1.650000e+002
      vertex -1.848708e+001  6.913263e-001  1.650000e+002
    endloop
  endfacet
  facet normal  0.000000e+000  0.000000e+000 -1.000000e+000
    outer loop
      vertex -1.848708e+001  6.913263e-001  1.650000e+002
      vertex -1.447153e+001  9.081682e-001  1.650000e+002
      vertex -1.448884e+001  5.686687e-001  1.650000e+002
    endloop
  endfacet
  facet normal  -0.000000e+000  0.000000e+000 -1.000000e+000
    outer loop
      vertex -1.848708e+001  6.913263e-001  1.650000e+002
      vertex -1.448884e+001  5.686687e-001  1.650000e+002
      vertex -1.849742e+001  3.091080e-001  1.650000e+002
    endloop
  endfacet
  facet normal  0.000000e+000  0.000000e+000 -1.000000e+000
    outer loop
      vertex -1.849742e+001  3.091080e-001  1.650000e+002
      vertex -1.448884e+001  5.686687e-001  1.650000e+002
      vertex -1.449819e+001  2.288566e-001  1.650000e+002
    endloop
  endfacet
  facet normal  -0.000000e+000  0.000000e+000 -1.000000e+000
    outer loop
      vertex -1.849742e+001  3.091080e-001  1.650000e+002
      vertex -1.449819e+001  2.288566e-001  1.650000e+002
      vertex -1.849986e+001 -7.324232e-002  1.650000e+002
    endloop
  endfacet
  facet normal  0.000000e+000  0.000000e+000 -1.000000e+000
    outer loop
      vertex -1.849986e+001 -7.324232e-002  1.650000e+002
      vertex -1.449819e+001  2.288566e-001  1.650000e+002
      vertex -1.449957e+001 -1.110813e-001  1.650000e+002
    endloop
  endfacet
  facet normal  -0.000000e+000  0.000000e+000 -1.000000e+000
    outer loop
      vertex -1.849986e+001 -7.324232e-002  1.650000e+002
      vertex -1.449957e+001 -1.110813e-001  1.650000e+002
      vertex -1.849439e+001 -4.555613e-001  1.650000e+002
    endloop
  endfacet
  facet normal  0.000000e+000  0.000000e+000 -1.000000e+000
    outer loop
      vertex -1.849439e+001 -4.555613e-001  1.650000e+002
      vertex -1.449957e+001 -1.110813e-001  1.650000e+002
      vertex -1.449299e+001 -4.509581e-001  1.650000e+002
    endloop
  endfacet
  facet normal  0.000000e+000  0.000000e+000 -9.999999e-001
    outer loop
      vertex -1.849439e+001 -4.555613e-001  1.650000e+002
      vertex -1.449299e+001 -4.509581e-001  1.650000e+002
      vertex -1.848103e+001 -8.376858e-001  1.650000e+002
    endloop
  endfacet
  facet normal  0.000000e+000  0.000000e+000 -1.000000e+000
    outer loop
      vertex -1.848103e+001 -8.376858e-001  1.650000e+002
      vertex -1.449299e+001 -4.509581e-001  1.650000e+002
      vertex -1.447843e+001 -7.905871e-001  1.650000e+002
    endloop
  endfacet
  facet normal  0.000000e+000  0.000000e+000 -9.999999e-001
    outer loop
      vertex -1.848103e+001 -8.376858e-001  1.650000e+002
      vertex -1.447843e+001 -7.905871e-001  1.650000e+002
      vertex -1.845976e+001 -1.219452e+000  1.650000e+002
    endloop
  endfacet
  facet normal  0.000000e+000  0.000000e+000 -1.000000e+000
    outer loop
      vertex -1.845976e+001 -1.219452e+000  1.650000e+002
      vertex -1.447843e+001 -7.905871e-001  1.650000e+002
      vertex -1.445592e+001 -1.129781e+000  1.650000e+002
    endloop
  endfacet
  facet normal  0.000000e+000  0.000000e+000 -9.999999e-001
    outer loop
      vertex -1.845976e+001 -1.219452e+000  1.650000e+002
      vertex -1.445592e+001 -1.129781e+000  1.650000e+002
      vertex -1.843062e+001 -1.600698e+000  1.650000e+002
    endloop
  endfacet
  facet normal  0.000000e+000  0.000000e+000 -1.000000e+000
    outer loop
      vertex -1.843062e+001 -1.600698e+000  1.650000e+002
      vertex -1.445592e+001 -1.129781e+000  1.650000e+002
      vertex -1.442546e+001 -1.468355e+000  1.650000e+002
    endloop
  endfacet
  facet normal  0.000000e+000  0.000000e+000 -1.000000e+000
    outer loop
      vertex -1.843062e+001 -1.600698e+000  1.650000e+002
      vertex -1.442546e+001 -1.468355e+000  1.650000e+002
      vertex -1.839360e+001 -1.981260e+000  1.650000e+002
    endloop
  endfacet
  facet normal  0.000000e+000  0.000000e+000 -1.000000e+000
    outer loop
      vertex -1.839360e+001 -1.981260e+000  1.650000e+002
      vertex -1.442546e+001 -1.468355e+000  1.650000e+002
      vertex -1.438708e+001 -1.806121e+000  1.650000e+002
    endloop
  endfacet
  facet normal  0.000000e+000  -0.000000e+000 -9.999999e-001
    outer loop
      vertex -1.839360e+001 -1.981260e+000  1.650000e+002
      vertex -1.438708e+001 -1.806121e+000  1.650000e+002
      vertex -1.434078e+001 -2.142895e+000  1.650000e+002
    endloop
  endfacet
  facet normal  -0.000000e+000  0.000000e+000 -1.000000e+000
    outer loop
      vertex -1.839360e+001 -1.981260e+000  1.650000e+002
      vertex -1.434078e+001 -2.142895e+000  1.650000e+002
      vertex -1.834873e+001 -2.360976e+000  1.650000e+002
    endloop
  endfacet
  facet normal  0.000000e+000  0.000000e+000 -9.999999e-001
    outer loop
      vertex -1.834873e+001 -2.360976e+000  1.650000e+002
      vertex -1.434078e+001 -2.142895e+000  1.650000e+002
      vertex -1.428660e+001 -2.478491e+000  1.650000e+002
    endloop
  endfacet
  facet normal  -0.000000e+000  0.000000e+000 -1.000000e+000
    outer loop
      vertex -1.834873e+001 -2.360976e+000  1.650000e+002
      vertex -1.428660e+001 -2.478491e+000  1.650000e+002
      vertex -1.829601e+001 -2.739683e+000  1.650000e+002
    endloop
  endfacet
  facet normal  0.000000e+000  0.000000e+000 -1.000000e+000
    outer loop
      vertex -1.829601e+001 -2.739683e+000  1.650000e+002
      vertex -1.428660e+001 -2.478491e+000  1.650000e+002
      vertex -1.422458e+001 -2.812725e+000  1.650000e+002
    endloop
  endfacet
  facet normal  -0.000000e+000  0.000000e+000 -1.000000e+000
    outer loop
      vertex -1.829601e+001 -2.739683e+000  1.650000e+002
      vertex -1.422458e+001 -2.812725e+000  1.650000e+002
      vertex -1.823549e+001 -3.117219e+000  1.650000e+002
    endloop
  endfacet
  facet normal  0.000000e+000  0.000000e+000 -1.000000e+000
    outer loop
      vertex -1.823549e+001 -3.117219e+000  1.650000e+002
      vertex -1.422458e+001 -2.812725e+000  1.650000e+002
      vertex -1.415473e+001 -3.145412e+000  1.650000e+002
    endloop
  endfacet
  facet normal  -0.000000e+000  0.000000e+000 -1.000000e+000
    outer loop
      vertex -1.823549e+001 -3.117219e+000  1.650000e+002
      vertex -1.415473e+001 -3.145412e+000  1.650000e+002
      vertex -1.816717e+001 -3.493425e+000  1.650000e+002
    endloop
  endfacet
  facet normal  0.000000e+000  0.000000e+000 -1.000000e+000
    outer loop
      vertex -1.816717e+001 -3.493425e+000  1.650000e+002
      vertex -1.415473e+001 -3.145412e+000  1.650000e+002
      vertex -1.407710e+001 -3.476371e+000  1.650000e+002
    endloop
  endfacet
  facet normal  0.000000e+000  0.000000e+000 -1.000000e+000
    outer loop
      vertex -1.816717e+001 -3.493425e+000  1.650000e+002
      vertex -1.407710e+001 -3.476371e+000  1.650000e+002
      vertex -1.809109e+001 -3.868138e+000  1.650000e+002
    endloop
  endfacet
  facet normal  0.000000e+000  0.000000e+000 -1.000000e+000
    outer loop
      vertex -1.809109e+001 -3.868138e+000  1.650000e+002
      vertex -1.407710e+001 -3.476371e+000  1.650000e+002
      vertex -1.399174e+001 -3.805419e+000  1.650000e+002
    endloop
  endfacet
  facet normal  0.000000e+000  0.000000e+000 -1.000000e+000
    outer loop
      vertex -1.809109e+001 -3.868138e+000  1.650000e+002
      vertex -1.399174e+001 -3.805419e+000  1.650000e+002
      vertex -1.800728e+001 -4.241198e+000  1.650000e+002
    endloop
  endfacet
  facet normal  0.000000e+000  0.000000e+000 -1.000000e+000
    outer loop
      vertex -1.800728e+001 -4.241198e+000  1.650000e+002
      vertex -1.399174e+001 -3.805419e+000  1.650000e+002
      vertex -1.389869e+001 -4.132376e+000  1.650000e+002
    endloop
  endfacet
  facet normal  0.000000e+000  0.000000e+000 -1.000000e+000
    outer loop
      vertex -1.800728e+001 -4.241198e+000  1.650000e+002
      vertex -1.389869e+001 -4.132376e+000  1.650000e+002
      vertex -1.791578e+001 -4.612447e+000  1.650000e+002
    endloop
  endfacet
  facet normal  0.000000e+000  0.000000e+000 -1.000000e+000
    outer loop
      vertex -1.791578e+001 -4.612447e+000  1.650000e+002
      vertex -1.389869e+001 -4.132376e+000  1.650000e+002
      vertex -1.379799e+001 -4.457061e+000  1.650000e+002
    endloop
  endfacet
  facet normal  0.000000e+000  0.000000e+000 -9.999999e-001
    outer loop
      vertex -1.791578e+001 -4.612447e+000  1.650000e+002
      vertex -1.379799e+001 -4.457061e+000  1.650000e+002
      vertex -1.781663e+001 -4.981726e+000  1.650000e+002
    endloop
  endfacet
  facet normal  0.000000e+000  0.000000e+000 -1.000000e+000
    outer loop
      vertex -1.781663e+001 -4.981726e+000  1.650000e+002
      vertex -1.379799e+001 -4.457061e+000  1.650000e+002
      vertex -1.368972e+001 -4.779297e+000  1.650000e+002
    endloop
  endfacet
  facet normal  0.000000e+000  -0.000000e+000 -1.000000e+000
    outer loop
      vertex -1.781663e+001 -4.981726e+000  1.650000e+002
      vertex -1.368972e+001 -4.779297e+000  1.650000e+002
      vertex -1.357391e+001 -5.098906e+000  1.650000e+002
    endloop
  endfacet
  facet normal  -0.000000e+000  0.000000e+000 -1.000000e+000
    outer loop
      vertex -1.781663e+001 -4.981726e+000  1.650000e+002
      vertex -1.357391e+001 -5.098906e+000  1.650000e+002
      vertex -1.770987e+001 -5.348876e+000  1.650000e+002
    endloop
  endfacet
  facet normal  0.000000e+000  0.000000e+000 -1.000000e+000
    outer loop
      vertex -1.770987e+001 -5.348876e+000  1.650000e+002
      vertex -1.357391e+001 -5.098906e+000  1.650000e+002
      vertex -1.345065e+001 -5.415712e+000  1.650000e+002
    endloop
  endfacet
  facet normal  -0.000000e+000  0.000000e+000 -1.000000e+000
    outer loop
      vertex -1.770987e+001 -5.348876e+000  1.650000e+002
      vertex -1.345065e+001 -5.415712e+000  1.650000e+002
      vertex -1.759554e+001 -5.713742e+000  1.650000e+002
    endloop
  endfacet
  facet normal  0.000000e+000  0.000000e+000 -1.000000e+000
    outer loop
      vertex -1.759554e+001 -5.713742e+000  1.650000e+002
      vertex -1.345065e+001 -5.415712e+000  1.650000e+002
      vertex -1.332000e+001 -5.729542e+000  1.650000e+002
    endloop
  endfacet
  facet normal  -0.000000e+000  0.000000e+000 -1.000000e+000
    outer loop
      vertex -1.759554e+001 -5.713742e+000  1.650000e+002
      vertex -1.332000e+001 -5.729542e+000  1.650000e+002
      vertex -1.747370e+001 -6.076167e+000  1.650000e+002
    endloop
  endfacet
  facet normal  0.000000e+000  0.000000e+000 -1.000000e+000
    outer loop
      vertex -1.747370e+001 -6.076167e+000  1.650000e+002
      vertex -1.332000e+001 -5.729542e+000  1.650000e+002
      vertex -1.318202e+001 -6.040222e+000  1.650000e+002
    endloop
  endfacet
  facet normal  0.000000e+000  0.000000e+000 -1.000000e+000
    outer loop
      vertex -1.747370e+001 -6.076167e+000  1.650000e+002
      vertex -1.318202e+001 -6.040222e+000  1.650000e+002
      vertex -1.734439e+001 -6.435997e+000  1.650000e+002
    endloop
  endfacet
  facet normal  0.000000e+000  0.000000e+000 -1.000000e+000
    outer loop
      vertex -1.734439e+001 -6.435997e+000  1.650000e+002
      vertex -1.318202e+001 -6.040222e+000  1.650000e+002
      vertex -1.303680e+001 -6.347583e+000  1.650000e+002
    endloop
  endfacet
  facet normal  0.000000e+000  0.000000e+000 -1.000000e+000
    outer loop
      vertex -1.734439e+001 -6.435997e+000  1.650000e+002
      vertex -1.303680e+001 -6.347583e+000  1.650000e+002
      vertex -1.720768e+001 -6.793077e+000  1.650000e+002
    endloop
  endfacet
  facet normal  0.000000e+000  0.000000e+000 -1.000000e+000
    outer loop
      vertex -1.720768e+001 -6.793077e+000  1.650000e+002
      vertex -1.303680e+001 -6.347583e+000  1.650000e+002
      vertex -1.288442e+001 -6.651454e+000  1.650000e+002
    endloop
  endfacet
  facet normal  0.000000e+000  0.000000e+000 -1.000000e+000
    outer loop
      vertex -1.720768e+001 -6.793077e+000  1.650000e+002
      vertex -1.288442e+001 -6.651454e+000  1.650000e+002
      vertex -1.706361e+001 -7.147255e+000  1.650000e+002
    endloop
  endfacet
  facet normal  0.000000e+000  0.000000e+000 -1.000000e+000
    outer loop
      vertex -1.706361e+001 -7.147255e+000  1.650000e+002
      vertex -1.288442e+001 -6.651454e+000  1.650000e+002
      vertex -1.272495e+001 -6.951670e+000  1.650000e+002
    endloop
  endfacet
  facet normal  0.000000e+000  -0.000000e+000 -1.000000e+000
    outer loop
      vertex -1.706361e+001 -7.147255e+000  1.650000e+002
      vertex -1.272495e+001 -6.951670e+000  1.650000e+002
      vertex -1.255849e+001 -7.248065e+000  1.650000e+002
    endloop
  endfacet
  facet normal  -0.000000e+000  0.000000e+000 -1.000000e+000
    outer loop
      vertex -1.706361e+001 -7.147255e+000  1.650000e+002
      vertex -1.255849e+001 -7.248065e+000  1.650000e+002
      vertex -1.691225e+001 -7.498381e+000  1.650000e+002
    endloop
  endfacet
  facet normal  0.000000e+000  0.000000e+000 -1.000000e+000
    outer loop
      vertex -1.691225e+001 -7.498381e+000  1.650000e+002
      vertex -1.255849e+001 -7.248065e+000  1.650000e+002
      vertex -1.238512e+001 -7.540477e+000  1.650000e+002
    endloop
  endfacet
  facet normal  -0.000000e+000  0.000000e+000 -1.000000e+000
    outer loop
      vertex -1.691225e+001 -7.498381e+000  1.650000e+002
      vertex -1.238512e+001 -7.540477e+000  1.650000e+002
      vertex -1.675367e+001 -7.846303e+000  1.650000e+002
    endloop
  endfacet
  facet normal  0.000000e+000  0.000000e+000 -1.000000e+000
    outer loop
      vertex -1.675367e+001 -7.846303e+000  1.650000e+002
      vertex -1.238512e+001 -7.540477e+000  1.650000e+002
      vertex -1.220495e+001 -7.828743e+000  1.650000e+002
    endloop
  endfacet
  facet normal  0.000000e+000  0.000000e+000 -1.000000e+000
    outer loop
      vertex -1.675367e+001 -7.846303e+000  1.650000e+002
      vertex -1.220495e+001 -7.828743e+000  1.650000e+002
      vertex -1.658793e+001 -8.190873e+000  1.650000e+002
    endloop
  endfacet
  facet normal  0.000000e+000  0.000000e+000 -1.000000e+000
    outer loop
      vertex -1.658793e+001 -8.190873e+000  1.650000e+002
      vertex -1.220495e+001 -7.828743e+000  1.650000e+002
      vertex -1.201807e+001 -8.112707e+000  1.650000e+002
    endloop
  endfacet
  facet normal  0.000000e+000  0.000000e+000 -1.000000e+000
    outer loop
      vertex -1.658793e+001 -8.190873e+000  1.650000e+002
      vertex -1.201807e+001 -8.112707e+000  1.650000e+002
      vertex -1.641511e+001 -8.531945e+000  1.650000e+002
    endloop
  endfacet
  facet normal  0.000000e+000  0.000000e+000 -1.000000e+000
    outer loop
      vertex -1.641511e+001 -8.531945e+000  1.650000e+002
      vertex -1.201807e+001 -8.112707e+000  1.650000e+002
      vertex -1.182458e+001 -8.392213e+000  1.650000e+002
    endloop
  endfacet
  facet normal  0.000000e+000  -0.000000e+000 -1.000000e+000
    outer loop
      vertex -1.641511e+001 -8.531945e+000  1.650000e+002
      vertex -1.182458e+001 -8.392213e+000  1.650000e+002
      vertex -1.162460e+001 -8.667105e+000  1.650000e+002
    endloop
  endfacet
  facet normal  -0.000000e+000  0.000000e+000 -1.000000e+000
    outer loop
      vertex -1.641511e+001 -8.531945e+000  1.650000e+002
      vertex -1.162460e+001 -8.667105e+000  1.650000e+002
      vertex -1.623528e+001 -8.869372e+000  1.650000e+002
    endloop
  endfacet
  facet normal  0.000000e+000  0.000000e+000 -1.000000e+000
    outer loop
      vertex -1.623528e+001 -8.869372e+000  1.650000e+002
      vertex -1.162460e+001 -8.667105e+000  1.650000e+002
      vertex -1.141822e+001 -8.937234e+000  1.650000e+002
    endloop
  endfacet
  facet normal  -0.000000e+000  0.000000e+000 -1.000000e+000
    outer loop
      vertex -1.623528e+001 -8.869372e+000  1.650000e+002
      vertex -1.141822e+001 -8.937234e+000  1.650000e+002
      vertex -1.604851e+001 -9.203011e+000  1.650000e+002
    endloop
  endfacet
  facet normal  0.000000e+000  0.000000e+000 -1.000000e+000
    outer loop
      vertex -1.604851e+001 -9.203011e+000  1.650000e+002
      vertex -1.141822e+001 -8.937234e+000  1.650000e+002
      vertex -1.120557e+001 -9.202450e+000  1.650000e+002
    endloop
  endfacet
  facet normal  0.000000e+000  0.000000e+000 -9.999999e-001
    outer loop
      vertex -1.604851e+001 -9.203011e+000  1.650000e+002
      vertex -1.120557e+001 -9.202450e+000  1.650000e+002
      vertex -1.585488e+001 -9.532719e+000  1.650000e+002
    endloop
  endfacet
  facet normal  0.000000e+000  0.000000e+000 -1.000000e+000
    outer loop
      vertex -1.585488e+001 -9.532719e+000  1.650000e+002
      vertex -1.120557e+001 -9.202450e+000  1.650000e+002
      vertex -1.098677e+001 -9.462608e+000  1.650000e+002
    endloop
  endfacet
  facet normal  0.000000e+000  0.000000e+000 -1.000000e+000
    outer loop
      vertex -1.585488e+001 -9.532719e+000  1.650000e+002
      vertex -1.098677e+001 -9.462608e+000  1.650000e+002
      vertex -1.565448e+001 -9.858354e+000  1.650000e+002
    endloop
  endfacet
  facet normal  0.000000e+000  0.000000e+000 -1.000000e+000
    outer loop
      vertex -1.565448e+001 -9.858354e+000  1.650000e+002
      vertex -1.098677e+001 -9.462608e+000  1.650000e+002
      vertex -1.076192e+001 -9.717566e+000  1.650000e+002
    endloop
  endfacet
  facet normal  0.000000e+000  -0.000000e+000 -1.000000e+000
    outer loop
      vertex -1.565448e+001 -9.858354e+000  1.650000e+002
      vertex -1.076192e+001 -9.717566e+000  1.650000e+002
      vertex -1.053116e+001 -9.967183e+000  1.650000e+002
    endloop
  endfacet
  facet normal  -0.000000e+000  0.000000e+000 -9.999999e-001
    outer loop
      vertex -1.565448e+001 -9.858354e+000  1.650000e+002
      vertex -1.053116e+001 -9.967183e+000  1.650000e+002
      vertex -1.544740e+001 -1.017978e+001  1.650000e+002
    endloop
  endfacet
  facet normal  0.000000e+000  0.000000e+000 -1.000000e+000
    outer loop
      vertex -1.544740e+001 -1.017978e+001  1.650000e+002
      vertex -1.053116e+001 -9.967183e+000  1.650000e+002
      vertex -1.029461e+001 -1.021132e+001  1.650000e+002
    endloop
  endfacet
  facet normal  -0.000000e+000  0.000000e+000 -9.999999e-001
    outer loop
      vertex -1.544740e+001 -1.017978e+001  1.650000e+002
      vertex -1.029461e+001 -1.021132e+001  1.650000e+002
      vertex -1.523372e+001 -1.049685e+001  1.650000e+002
    endloop
  endfacet
  facet normal  0.000000e+000  0.000000e+000 -1.000000e+000
    outer loop
      vertex -1.523372e+001 -1.049685e+001  1.650000e+002
      vertex -1.029461e+001 -1.021132e+001  1.650000e+002
      vertex -1.005240e+001 -1.044985e+001  1.650000e+002
    endloop
  endfacet
  facet normal  0.000000e+000  0.000000e+000 -1.000000e+000
    outer loop
      vertex -1.523372e+001 -1.049685e+001  1.650000e+002
      vertex -1.005240e+001 -1.044985e+001  1.650000e+002
      vertex -1.501352e+001 -1.080945e+001  1.650000e+002
    endloop
  endfacet
  facet normal  0.000000e+000  0.000000e+000 -9.999999e-001
    outer loop
      vertex -1.501352e+001 -1.080945e+001  1.650000e+002
      vertex -1.005240e+001 -1.044985e+001  1.650000e+002
      vertex -9.804664e+000 -1.068263e+001  1.650000e+002
    endloop
  endfacet
  facet normal  0.000000e+000  -0.000000e+000 -1.000000e+000
    outer loop
      vertex -1.501352e+001 -1.080945e+001  1.650000e+002
      vertex -9.804664e+000 -1.068263e+001  1.650000e+002
      vertex -9.551541e+000 -1.090954e+001  1.650000e+002
    endloop
  endfacet
  facet normal  -0.000000e+000  0.000000e+000 -1.000000e+000
    outer loop
      vertex -1.501352e+001 -1.080945e+001  1.650000e+002
      vertex -9.551541e+000 -1.090954e+001  1.650000e+002
      vertex -1.478692e+001 -1.111742e+001  1.650000e+002
    endloop
  endfacet
  facet normal  0.000000e+000  0.000000e+000 -1.000000e+000
    outer loop
      vertex -1.478692e+001 -1.111742e+001  1.650000e+002
      vertex -9.551541e+000 -1.090954e+001  1.650000e+002
      vertex -9.293168e+000 -1.113046e+001  1.650000e+002
    endloop
  endfacet
  facet normal  -0.000000e+000  0.000000e+000 -1.000000e+000
    outer loop
      vertex -1.478692e+001 -1.111742e+001  1.650000e+002
      vertex -9.293168e+000 -1.113046e+001  1.650000e+002
      vertex -1.455400e+001 -1.142064e+001  1.650000e+002
    endloop
  endfacet
  facet normal  0.000000e+000  0.000000e+000 -9.999999e-001
    outer loop
      vertex -1.455400e+001 -1.142064e+001  1.650000e+002
      vertex -9.293168e+000 -1.113046e+001  1.650000e+002
      vertex -9.029688e+000 -1.134525e+001  1.650000e+002
    endloop
  endfacet
  facet normal  0.000000e+000  0.000000e+000 -1.000000e+000
    outer loop
      vertex -1.455400e+001 -1.142064e+001  1.650000e+002
      vertex -9.029688e+000 -1.134525e+001  1.650000e+002
      vertex -1.431486e+001 -1.171899e+001  1.650000e+002
    endloop
  endfacet
  facet normal  0.000000e+000  0.000000e+000 -9.999999e-001
    outer loop
      vertex -1.431486e+001 -1.171899e+001  1.650000e+002
      vertex -9.029688e+000 -1.134525e+001  1.650000e+002
      vertex -8.761245e+000 -1.155381e+001  1.650000e+002
    endloop
  endfacet
  facet normal  0.000000e+000  -0.000000e+000 -1.000000e+000
    outer loop
      vertex -1.431486e+001 -1.171899e+001  1.650000e+002
      vertex -8.761245e+000 -1.155381e+001  1.650000e+002
      vertex -8.487986e+000 -1.175602e+001  1.650000e+002
    endloop
  endfacet
  facet normal  -0.000000e+000  0.000000e+000 -1.000000e+000
    outer loop
      vertex -1.431486e+001 -1.171899e+001  1.650000e+002
      vertex -8.487986e+000 -1.175602e+001  1.650000e+002
      vertex -1.406961e+001 -1.201233e+001  1.650000e+002
    endloop
  endfacet
  facet normal  0.000000e+000  0.000000e+000 -1.000000e+000
    outer loop
      vertex -1.406961e+001 -1.201233e+001  1.650000e+002
      vertex -8.487986e+000 -1.175602e+001  1.650000e+002
      vertex -8.210062e+000 -1.195177e+001  1.650000e+002
    endloop
  endfacet
  facet normal  0.000000e+000  0.000000e+000 -1.000000e+000
    outer loop
      vertex -1.406961e+001 -1.201233e+001  1.650000e+002
      vertex -8.210062e+000 -1.195177e+001  1.650000e+002
      vertex -1.381835e+001 -1.230054e+001  1.650000e+002
    endloop
  endfacet
  facet normal  0.000000e+000  0.000000e+000 -1.000000e+000
    outer loop
      vertex -1.381835e+001 -1.230054e+001  1.650000e+002
      vertex -8.210062e+000 -1.195177e+001  1.650000e+002
      vertex -7.927625e+000 -1.214095e+001  1.650000e+002
    endloop
  endfacet
  facet normal  0.000000e+000  -0.000000e+000 -1.000000e+000
    outer loop
      vertex -1.381835e+001 -1.230054e+001  1.650000e+002
      vertex -7.927625e+000 -1.214095e+001  1.650000e+002
      vertex -7.640831e+000 -1.232346e+001  1.650000e+002
    endloop
  endfacet
  facet normal  -0.000000e+000  0.000000e+000 -1.000000e+000
    outer loop
      vertex -1.381835e+001 -1.230054e+001  1.650000e+002
      vertex -7.640831e+000 -1.232346e+001  1.650000e+002
      vertex -1.356118e+001 -1.258350e+001  1.650000e+002
    endloop
  endfacet
  facet normal  0.000000e+000  0.000000e+000 -1.000000e+000
    outer loop
      vertex -1.356118e+001 -1.258350e+001  1.650000e+002
      vertex -7.640831e+000 -1.232346e+001  1.650000e+002
      vertex -7.349838e+000 -1.249920e+001  1.650000e+002
    endloop
  endfacet
  facet normal  0.000000e+000  0.000000e+000 -1.000000e+000
    outer loop
      vertex -1.356118e+001 -1.258350e+001  1.650000e+002
      vertex -7.349838e+000 -1.249920e+001  1.650000e+002
      vertex -1.329822e+001 -1.286108e+001  1.650000e+002
    endloop
  endfacet
  facet normal  0.000000e+000  0.000000e+000 -1.000000e+000
    outer loop
      vertex -1.329822e+001 -1.286108e+001  1.650000e+002
      vertex -7.349838e+000 -1.249920e+001  1.650000e+002
      vertex -7.054805e+000 -1.266806e+001  1.650000e+002
    endloop
  endfacet
  facet normal  0.000000e+000  -0.000000e+000 -1.000000e+000
    outer loop
      vertex -1.329822e+001 -1.286108e+001  1.650000e+002
      vertex -7.054805e+000 -1.266806e+001  1.650000e+002
      vertex -6.755894e+000 -1.282996e+001  1.650000e+002
    endloop
  endfacet
  facet normal  0.000000e+000  0.000000e+000 -1.000000e+000
    outer loop
      vertex -1.329822e+001 -1.286108e+001  1.650000e+002
      vertex -6.755894e+000 -1.282996e+001  1.650000e+002
      vertex -1.302958e+001 -1.313316e+001  1.650000e+002
    endloop
  endfacet
  facet normal  0.000000e+000  0.000000e+000 -1.000000e+000
    outer loop
      vertex -1.302958e+001 -1.313316e+001  1.650000e+002
      vertex -6.755894e+000 -1.282996e+001  1.650000e+002
      vertex -6.453270e+000 -1.298481e+001  1.650000e+002
    endloop
  endfacet
  facet normal  0.000000e+000  -0.000000e+000 -1.000000e+000
    outer loop
      vertex -1.302958e+001 -1.313316e+001  1.650000e+002
      vertex -6.453270e+000 -1.298481e+001  1.650000e+002
      vertex -6.147099e+000 -1.313252e+001  1.650000e+002
    endloop
  endfacet
  facet normal  0.000000e+000  0.000000e+000 -1.000000e+000
    outer loop
      vertex -1.302958e+001 -1.313316e+001  1.650000e+002
      vertex -6.147099e+000 -1.313252e+001  1.650000e+002
      vertex -1.275538e+001 -1.339964e+001  1.650000e+002
    endloop
  endfacet
  facet normal  0.000000e+000  0.000000e+000 -1.000000e+000
    outer loop
      vertex -1.275538e+001 -1.339964e+001  1.650000e+002
      vertex -6.147099e+000 -1.313252e+001  1.650000e+002
      vertex -5.837550e+000 -1.327302e+001  1.650000e+002
    endloop
  endfacet
  facet normal  0.000000e+000  -0.000000e+000 -1.000000e+000
    outer loop
      vertex -1.275538e+001 -1.339964e+001  1.650000e+002
      vertex -5.837550e+000 -1.327302e+001  1.650000e+002
      vertex -5.524792e+000 -1.340622e+001  1.650000e+002
    endloop
  endfacet
  facet normal  0.000000e+000  0.000000e+000 -1.000000e+000
    outer loop
      vertex  1.247573e+001  1.366039e+001  1.650000e+002
      vertex  4.245138e+000  1.386466e+001  1.650000e+002
      vertex  1.219074e+001  1.391531e+001  1.650000e+002
    endloop
  endfacet
  facet normal  -0.000000e+000  0.000000e+000 -1.000000e+000
    outer loop
      vertex  1.219074e+001  1.391531e+001  1.650000e+002
      vertex  4.245138e+000  1.386466e+001  1.650000e+002
      vertex  3.918948e+000  1.396037e+001  1.650000e+002
    endloop
  endfacet
  facet normal  0.000000e+000  0.000000e+000 -1.000000e+000
    outer loop
      vertex  1.219074e+001  1.391531e+001  1.650000e+002
      vertex  3.918948e+000  1.396037e+001  1.650000e+002
      vertex  3.590604e+000  1.404840e+001  1.650000e+002
    endloop
  endfacet
  facet normal  0.000000e+000  0.000000e+000 -9.999999e-001
    outer loop
      vertex  4.890340e+000  1.365044e+001  1.650000e+002
      vertex  1.247573e+001  1.366039e+001  1.650000e+002
      vertex  5.208997e+000  1.353205e+001  1.650000e+002
    endloop
  endfacet
  facet normal  0.000000e+000  0.000000e+000 -1.000000e+000
    outer loop
      vertex  5.208997e+000  1.353205e+001  1.650000e+002
      vertex  1.247573e+001  1.366039e+001  1.650000e+002
      vertex  1.275538e+001  1.339964e+001  1.650000e+002
    endloop
  endfacet
  facet normal  0.000000e+000  0.000000e+000 -1.000000e+000
    outer loop
      vertex  5.208997e+000  1.353205e+001  1.650000e+002
      vertex  1.275538e+001  1.339964e+001  1.650000e+002
      vertex  5.524792e+000  1.340622e+001  1.650000e+002
    endloop
  endfacet
  facet normal  -0.000000e+000  0.000000e+000 -1.000000e+000
    outer loop
      vertex  5.524792e+000  1.340622e+001  1.650000e+002
      vertex  1.275538e+001  1.339964e+001  1.650000e+002
      vertex  5.837550e+000  1.327302e+001  1.650000e+002
    endloop
  endfacet
  facet normal  0.000000e+000  0.000000e+000 -1.000000e+000
    outer loop
      vertex  5.837550e+000  1.327302e+001  1.650000e+002
      vertex  1.275538e+001  1.339964e+001  1.650000e+002
      vertex  1.302958e+001  1.313316e+001  1.650000e+002
    endloop
  endfacet
  facet normal  -0.000000e+000  0.000000e+000 -9.999999e-001
    outer loop
      vertex  5.837550e+000  1.327302e+001  1.650000e+002
      vertex  1.302958e+001  1.313316e+001  1.650000e+002
      vertex  6.147099e+000  1.313252e+001  1.650000e+002
    endloop
  endfacet
  facet normal  0.000000e+000  0.000000e+000 -1.000000e+000
    outer loop
      vertex  6.147099e+000  1.313252e+001  1.650000e+002
      vertex  1.302958e+001  1.313316e+001  1.650000e+002
      vertex  6.453270e+000  1.298481e+001  1.650000e+002
    endloop
  endfacet
  facet normal  0.000000e+000  0.000000e+000 -1.000000e+000
    outer loop
      vertex  6.453270e+000  1.298481e+001  1.650000e+002
      vertex  1.302958e+001  1.313316e+001  1.650000e+002
      vertex  1.329822e+001  1.286108e+001  1.650000e+002
    endloop
  endfacet
  facet normal  -0.000000e+000  0.000000e+000 -1.000000e+000
    outer loop
      vertex  6.453270e+000  1.298481e+001  1.650000e+002
      vertex  1.329822e+001  1.286108e+001  1.650000e+002
      vertex  6.755894e+000  1.282996e+001  1.650000e+002
    endloop
  endfacet
  facet normal  0.000000e+000  0.000000e+000 -1.000000e+000
    outer loop
      vertex  6.755894e+000  1.282996e+001  1.650000e+002
      vertex  1.329822e+001  1.286108e+001  1.650000e+002
      vertex  7.054805e+000  1.266806e+001  1.650000e+002
    endloop
  endfacet
  facet normal  0.000000e+000  0.000000e+000 -1.000000e+000
    outer loop
      vertex  7.054805e+000  1.266806e+001  1.650000e+002
      vertex  1.329822e+001  1.286108e+001  1.650000e+002
      vertex  1.356118e+001  1.258350e+001  1.650000e+002
    endloop
  endfacet
  facet normal  -0.000000e+000  0.000000e+000 -1.000000e+000
    outer loop
      vertex  7.054805e+000  1.266806e+001  1.650000e+002
      vertex  1.356118e+001  1.258350e+001  1.650000e+002
      vertex  7.349838e+000  1.249920e+001  1.650000e+002
    endloop
  endfacet
  facet normal  0.000000e+000  0.000000e+000 -1.000000e+000
    outer loop
      vertex  7.349838e+000  1.249920e+001  1.650000e+002
      vertex  1.356118e+001  1.258350e+001  1.650000e+002
      vertex  7.640831e+000  1.232346e+001  1.650000e+002
    endloop
  endfacet
  facet normal  0.000000e+000  0.000000e+000 -1.000000e+000
    outer loop
      vertex  7.640831e+000  1.232346e+001  1.650000e+002
      vertex  1.356118e+001  1.258350e+001  1.650000e+002
      vertex  1.381835e+001  1.230054e+001  1.650000e+002
    endloop
  endfacet
  facet normal  -0.000000e+000  0.000000e+000 -1.000000e+000
    outer loop
      vertex  7.640831e+000  1.232346e+001  1.650000e+002
      vertex  1.381835e+001  1.230054e+001  1.650000e+002
      vertex  7.927625e+000  1.214095e+001  1.650000e+002
    endloop
  endfacet
  facet normal  0.000000e+000  0.000000e+000 -9.999999e-001
    outer loop
      vertex  7.927625e+000  1.214095e+001  1.650000e+002
      vertex  1.381835e+001  1.230054e+001  1.650000e+002
      vertex  1.406961e+001  1.201233e+001  1.650000e+002
    endloop
  endfacet
  facet normal  -0.000000e+000  0.000000e+000 -1.000000e+000
    outer loop
      vertex  7.927625e+000  1.214095e+001  1.650000e+002
      vertex  1.406961e+001  1.201233e+001  1.650000e+002
      vertex  8.210062e+000  1.195177e+001  1.650000e+002
    endloop
  endfacet
  facet normal  0.000000e+000  0.000000e+000 -1.000000e+000
    outer loop
      vertex  8.210062e+000  1.195177e+001  1.650000e+002
      vertex  1.406961e+001  1.201233e+001  1.650000e+002
      vertex  8.487986e+000  1.175602e+001  1.650000e+002
    endloop
  endfacet
  facet normal  0.000000e+000  0.000000e+000 -1.000000e+000
    outer loop
      vertex  8.487986e+000  1.175602e+001  1.650000e+002
      vertex  1.406961e+001  1.201233e+001  1.650000e+002
      vertex  1.431486e+001  1.171899e+001  1.650000e+002
    endloop
  endfacet
  facet normal  -0.000000e+000  0.000000e+000 -1.000000e+000
    outer loop
      vertex  8.487986e+000  1.175602e+001  1.650000e+002
      vertex  1.431486e+001  1.171899e+001  1.650000e+002
      vertex  8.761245e+000  1.155381e+001  1.650000e+002
    endloop
  endfacet
  facet normal  0.000000e+000  0.000000e+000 -1.000000e+000
    outer loop
      vertex  8.761245e+000  1.155381e+001  1.650000e+002
      vertex  1.431486e+001  1.171899e+001  1.650000e+002
      vertex  1.455400e+001  1.142064e+001  1.650000e+002
    endloop
  endfacet
  facet normal  -0.000000e+000  0.000000e+000 -1.000000e+000
    outer loop
      vertex  8.761245e+000  1.155381e+001  1.650000e+002
      vertex  1.455400e+001  1.142064e+001  1.650000e+002
      vertex  9.029688e+000  1.134525e+001  1.650000e+002
    endloop
  endfacet
  facet normal  0.000000e+000  0.000000e+000 -9.999999e-001
    outer loop
      vertex  9.029688e+000  1.134525e+001  1.650000e+002
      vertex  1.455400e+001  1.142064e+001  1.650000e+002
      vertex  9.293168e+000  1.113046e+001  1.650000e+002
    endloop
  endfacet
  facet normal  0.000000e+000  0.000000e+000 -1.000000e+000
    outer loop
      vertex  9.293168e+000  1.113046e+001  1.650000e+002
      vertex  1.455400e+001  1.142064e+001  1.650000e+002
      vertex  1.478692e+001  1.111742e+001  1.650000e+002
    endloop
  endfacet
  facet normal  -0.000000e+000  0.000000e+000 -1.000000e+000
    outer loop
      vertex  9.293168e+000  1.113046e+001  1.650000e+002
      vertex  1.478692e+001  1.111742e+001  1.650000e+002
      vertex  9.551541e+000  1.090954e+001  1.650000e+002
    endloop
  endfacet
  facet normal  0.000000e+000  0.000000e+000 -1.000000e+000
    outer loop
      vertex  9.551541e+000  1.090954e+001  1.650000e+002
      vertex  1.478692e+001  1.111742e+001  1.650000e+002
      vertex  1.501352e+001  1.080945e+001  1.650000e+002
    endloop
  endfacet
  facet normal  -0.000000e+000  0.000000e+000 -1.000000e+000
    outer loop
      vertex  9.551541e+000  1.090954e+001  1.650000e+002
      vertex  1.501352e+001  1.080945e+001  1.650000e+002
      vertex  9.804664e+000  1.068263e+001  1.650000e+002
    endloop
  endfacet
  facet normal  0.000000e+000  0.000000e+000 -1.000000e+000
    outer loop
      vertex  9.804664e+000  1.068263e+001  1.650000e+002
      vertex  1.501352e+001  1.080945e+001  1.650000e+002
      vertex  1.523372e+001  1.049685e+001  1.650000e+002
    endloop
  endfacet
  facet normal  -0.000000e+000  0.000000e+000 -1.000000e+000
    outer loop
      vertex  9.804664e+000  1.068263e+001  1.650000e+002
      vertex  1.523372e+001  1.049685e+001  1.650000e+002
      vertex  1.005240e+001  1.044985e+001  1.650000e+002
    endloop
  endfacet
  facet normal  0.000000e+000  0.000000e+000 -1.000000e+000
    outer loop
      vertex  1.005240e+001  1.044985e+001  1.650000e+002
      vertex  1.523372e+001  1.049685e+001  1.650000e+002
      vertex  1.029461e+001  1.021132e+001  1.650000e+002
    endloop
  endfacet
  facet normal  0.000000e+000  0.000000e+000 -9.999999e-001
    outer loop
      vertex  1.029461e+001  1.021132e+001  1.650000e+002
      vertex  1.523372e+001  1.049685e+001  1.650000e+002
      vertex  1.544740e+001  1.017978e+001  1.650000e+002
    endloop
  endfacet
  facet normal  -0.000000e+000  0.000000e+000 -1.000000e+000
    outer loop
      vertex  1.029461e+001  1.021132e+001  1.650000e+002
      vertex  1.544740e+001  1.017978e+001  1.650000e+002
      vertex  1.053116e+001  9.967183e+000  1.650000e+002
    endloop
  endfacet
  facet normal  0.000000e+000  0.000000e+000 -9.999999e-001
    outer loop
      vertex  1.053116e+001  9.967183e+000  1.650000e+002
      vertex  1.544740e+001  1.017978e+001  1.650000e+002
      vertex  1.565448e+001  9.858354e+000  1.650000e+002
    endloop
  endfacet
  facet normal  -0.000000e+000  0.000000e+000 -1.000000e+000
    outer loop
      vertex  1.053116e+001  9.967183e+000  1.650000e+002
      vertex  1.565448e+001  9.858354e+000  1.650000e+002
      vertex  1.076192e+001  9.717566e+000  1.650000e+002
    endloop
  endfacet
  facet normal  0.000000e+000  0.000000e+000 -9.999999e-001
    outer loop
      vertex  1.076192e+001  9.717566e+000  1.650000e+002
      vertex  1.565448e+001  9.858354e+000  1.650000e+002
      vertex  1.585488e+001  9.532719e+000  1.650000e+002
    endloop
  endfacet
  facet normal  -0.000000e+000  0.000000e+000 -1.000000e+000
    outer loop
      vertex  1.076192e+001  9.717566e+000  1.650000e+002
      vertex  1.585488e+001  9.532719e+000  1.650000e+002
      vertex  1.098677e+001  9.462608e+000  1.650000e+002
    endloop
  endfacet
  facet normal  0.000000e+000  0.000000e+000 -1.000000e+000
    outer loop
      vertex  1.098677e+001  9.462608e+000  1.650000e+002
      vertex  1.585488e+001  9.532719e+000  1.650000e+002
      vertex  1.120557e+001  9.202450e+000  1.650000e+002
    endloop
  endfacet
  facet normal  0.000000e+000  0.000000e+000 -9.999999e-001
    outer loop
      vertex  1.120557e+001  9.202450e+000  1.650000e+002
      vertex  1.585488e+001  9.532719e+000  1.650000e+002
      vertex  1.604851e+001  9.203011e+000  1.650000e+002
    endloop
  endfacet
  facet normal  0.000000e+000  0.000000e+000 -1.000000e+000
    outer loop
      vertex  1.120557e+001  9.202450e+000  1.650000e+002
      vertex  1.604851e+001  9.203011e+000  1.650000e+002
      vertex  1.141822e+001  8.937234e+000  1.650000e+002
    endloop
  endfacet
  facet normal  0.000000e+000  0.000000e+000 -1.000000e+000
    outer loop
      vertex  1.141822e+001  8.937234e+000  1.650000e+002
      vertex  1.604851e+001  9.203011e+000  1.650000e+002
      vertex  1.623528e+001  8.869372e+000  1.650000e+002
    endloop
  endfacet
  facet normal  -0.000000e+000  0.000000e+000 -1.000000e+000
    outer loop
      vertex  1.141822e+001  8.937234e+000  1.650000e+002
      vertex  1.623528e+001  8.869372e+000  1.650000e+002
      vertex  1.162460e+001  8.667105e+000  1.650000e+002
    endloop
  endfacet
  facet normal  0.000000e+000  0.000000e+000 -1.000000e+000
    outer loop
      vertex  1.162460e+001  8.667105e+000  1.650000e+002
      vertex  1.623528e+001  8.869372e+000  1.650000e+002
      vertex  1.641511e+001  8.531945e+000  1.650000e+002
    endloop
  endfacet
  facet normal  -0.000000e+000  0.000000e+000 -1.000000e+000
    outer loop
      vertex  1.162460e+001  8.667105e+000  1.650000e+002
      vertex  1.641511e+001  8.531945e+000  1.650000e+002
      vertex  1.182458e+001  8.392213e+000  1.650000e+002
    endloop
  endfacet
  facet normal  0.000000e+000  0.000000e+000 -1.000000e+000
    outer loop
      vertex  1.182458e+001  8.392213e+000  1.650000e+002
      vertex  1.641511e+001  8.531945e+000  1.650000e+002
      vertex  1.658793e+001  8.190873e+000  1.650000e+002
    endloop
  endfacet
  facet normal  -0.000000e+000  0.000000e+000 -1.000000e+000
    outer loop
      vertex  1.182458e+001  8.392213e+000  1.650000e+002
      vertex  1.658793e+001  8.190873e+000  1.650000e+002
      vertex  1.201807e+001  8.112707e+000  1.650000e+002
    endloop
  endfacet
  facet normal  0.000000e+000  0.000000e+000 -1.000000e+000
    outer loop
      vertex  1.201807e+001  8.112707e+000  1.650000e+002
      vertex  1.658793e+001  8.190873e+000  1.650000e+002
      vertex  1.220495e+001  7.828743e+000  1.650000e+002
    endloop
  endfacet
  facet normal  0.000000e+000  0.000000e+000 -1.000000e+000
    outer loop
      vertex  1.220495e+001  7.828743e+000  1.650000e+002
      vertex  1.658793e+001  8.190873e+000  1.650000e+002
      vertex  1.675367e+001  7.846303e+000  1.650000e+002
    endloop
  endfacet
  facet normal  0.000000e+000  0.000000e+000 -1.000000e+000
    outer loop
      vertex  1.220495e+001  7.828743e+000  1.650000e+002
      vertex  1.675367e+001  7.846303e+000  1.650000e+002
      vertex  1.238512e+001  7.540477e+000  1.650000e+002
    endloop
  endfacet
  facet normal  0.000000e+000  0.000000e+000 -1.000000e+000
    outer loop
      vertex  1.238512e+001  7.540477e+000  1.650000e+002
      vertex  1.675367e+001  7.846303e+000  1.650000e+002
      vertex  1.691225e+001  7.498381e+000  1.650000e+002
    endloop
  endfacet
  facet normal  -0.000000e+000  0.000000e+000 -1.000000e+000
    outer loop
      vertex  1.238512e+001  7.540477e+000  1.650000e+002
      vertex  1.691225e+001  7.498381e+000  1.650000e+002
      vertex  1.255849e+001  7.248065e+000  1.650000e+002
    endloop
  endfacet
  facet normal  0.000000e+000  0.000000e+000 -1.000000e+000
    outer loop
      vertex  1.255849e+001  7.248065e+000  1.650000e+002
      vertex  1.691225e+001  7.498381e+000  1.650000e+002
      vertex  1.706361e+001  7.147255e+000  1.650000e+002
    endloop
  endfacet
  facet normal  -0.000000e+000  0.000000e+000 -1.000000e+000
    outer loop
      vertex  1.255849e+001  7.248065e+000  1.650000e+002
      vertex  1.706361e+001  7.147255e+000  1.650000e+002
      vertex  1.272495e+001  6.951670e+000  1.650000e+002
    endloop
  endfacet
  facet normal  0.000000e+000  0.000000e+000 -1.000000e+000
    outer loop
      vertex  1.272495e+001  6.951670e+000  1.650000e+002
      vertex  1.706361e+001  7.147255e+000  1.650000e+002
      vertex  1.720768e+001  6.793077e+000  1.650000e+002
    endloop
  endfacet
  facet normal  -0.000000e+000  0.000000e+000 -1.000000e+000
    outer loop
      vertex  1.272495e+001  6.951670e+000  1.650000e+002
      vertex  1.720768e+001  6.793077e+000  1.650000e+002
      vertex  1.288442e+001  6.651454e+000  1.650000e+002
    endloop
  endfacet
  facet normal  0.000000e+000  0.000000e+000 -1.000000e+000
    outer loop
      vertex  1.288442e+001  6.651454e+000  1.650000e+002
      vertex  1.720768e+001  6.793077e+000  1.650000e+002
      vertex  1.303680e+001  6.347583e+000  1.650000e+002
    endloop
  endfacet
  facet normal  0.000000e+000  0.000000e+000 -1.000000e+000
    outer loop
      vertex  1.303680e+001  6.347583e+000  1.650000e+002
      vertex  1.720768e+001  6.793077e+000  1.650000e+002
      vertex  1.734439e+001  6.435997e+000  1.650000e+002
    endloop
  endfacet
  facet normal  0.000000e+000  0.000000e+000 -1.000000e+000
    outer loop
      vertex  1.303680e+001  6.347583e+000  1.650000e+002
      vertex  1.734439e+001  6.435997e+000  1.650000e+002
      vertex  1.318202e+001  6.040222e+000  1.650000e+002
    endloop
  endfacet
  facet normal  0.000000e+000  0.000000e+000 -1.000000e+000
    outer loop
      vertex  1.318202e+001  6.040222e+000  1.650000e+002
      vertex  1.734439e+001  6.435997e+000  1.650000e+002
      vertex  1.747370e+001  6.076167e+000  1.650000e+002
    endloop
  endfacet
  facet normal  0.000000e+000  0.000000e+000 -1.000000e+000
    outer loop
      vertex  1.318202e+001  6.040222e+000  1.650000e+002
      vertex  1.747370e+001  6.076167e+000  1.650000e+002
      vertex  1.332000e+001  5.729542e+000  1.650000e+002
    endloop
  endfacet
  facet normal  0.000000e+000  0.000000e+000 -1.000000e+000
    outer loop
      vertex  1.332000e+001  5.729542e+000  1.650000e+002
      vertex  1.747370e+001  6.076167e+000  1.650000e+002
      vertex  1.759554e+001  5.713742e+000  1.650000e+002
    endloop
  endfacet
  facet normal  -0.000000e+000  0.000000e+000 -1.000000e+000
    outer loop
      vertex  1.332000e+001  5.729542e+000  1.650000e+002
      vertex  1.759554e+001  5.713742e+000  1.650000e+002
      vertex  1.345065e+001  5.415712e+000  1.650000e+002
    endloop
  endfacet
  facet normal  0.000000e+000  0.000000e+000 -1.000000e+000
    outer loop
      vertex  1.345065e+001  5.415712e+000  1.650000e+002
      vertex  1.759554e+001  5.713742e+000  1.650000e+002
      vertex  1.770987e+001  5.348876e+000  1.650000e+002
    endloop
  endfacet
  facet normal  -0.000000e+000  0.000000e+000 -1.000000e+000
    outer loop
      vertex  1.345065e+001  5.415712e+000  1.650000e+002
      vertex  1.770987e+001  5.348876e+000  1.650000e+002
      vertex  1.357391e+001  5.098906e+000  1.650000e+002
    endloop
  endfacet
  facet normal  0.000000e+000  0.000000e+000 -1.000000e+000
    outer loop
      vertex  1.357391e+001  5.098906e+000  1.650000e+002
      vertex  1.770987e+001  5.348876e+000  1.650000e+002
      vertex  1.781663e+001  4.981726e+000  1.650000e+002
    endloop
  endfacet
  facet normal  -0.000000e+000  0.000000e+000 -1.000000e+000
    outer loop
      vertex  1.357391e+001  5.098906e+000  1.650000e+002
      vertex  1.781663e+001  4.981726e+000  1.650000e+002
      vertex  1.368972e+001  4.779297e+000  1.650000e+002
    endloop
  endfacet
  facet normal  0.000000e+000  0.000000e+000 -9.999999e-001
    outer loop
      vertex  1.368972e+001  4.779297e+000  1.650000e+002
      vertex  1.781663e+001  4.981726e+000  1.650000e+002
      vertex  1.791578e+001  4.612447e+000  1.650000e+002
    endloop
  endfacet
  facet normal  -0.000000e+000  0.000000e+000 -1.000000e+000
    outer loop
      vertex  1.368972e+001  4.779297e+000  1.650000e+002
      vertex  1.791578e+001  4.612447e+000  1.650000e+002
      vertex  1.379799e+001  4.457061e+000  1.650000e+002
    endloop
  endfacet
  facet normal  0.000000e+000  0.000000e+000 -1.000000e+000
    outer loop
      vertex  1.379799e+001  4.457061e+000  1.650000e+002
      vertex  1.791578e+001  4.612447e+000  1.650000e+002
      vertex  1.389869e+001  4.132376e+000  1.650000e+002
    endloop
  endfacet
  facet normal  0.000000e+000  0.000000e+000 -1.000000e+000
    outer loop
      vertex  1.389869e+001  4.132376e+000  1.650000e+002
      vertex  1.791578e+001  4.612447e+000  1.650000e+002
      vertex  1.800728e+001  4.241198e+000  1.650000e+002
    endloop
  endfacet
  facet normal  0.000000e+000  0.000000e+000 -1.000000e+000
    outer loop
      vertex  1.389869e+001  4.132376e+000  1.650000e+002
      vertex  1.800728e+001  4.241198e+000  1.650000e+002
      vertex  1.399174e+001  3.805419e+000  1.650000e+002
    endloop
  endfacet
  facet normal  0.000000e+000  0.000000e+000 -1.000000e+000
    outer loop
      vertex  1.399174e+001  3.805419e+000  1.650000e+002
      vertex  1.800728e+001  4.241198e+000  1.650000e+002
      vertex  1.809109e+001  3.868138e+000  1.650000e+002
    endloop
  endfacet
  facet normal  0.000000e+000  0.000000e+000 -1.000000e+000
    outer loop
      vertex  1.399174e+001  3.805419e+000  1.650000e+002
      vertex  1.809109e+001  3.868138e+000  1.650000e+002
      vertex  1.407710e+001  3.476371e+000  1.650000e+002
    endloop
  endfacet
  facet normal  0.000000e+000  0.000000e+000 -1.000000e+000
    outer loop
      vertex  1.407710e+001  3.476371e+000  1.650000e+002
      vertex  1.809109e+001  3.868138e+000  1.650000e+002
      vertex  1.816717e+001  3.493425e+000  1.650000e+002
    endloop
  endfacet
  facet normal  0.000000e+000  0.000000e+000 -1.000000e+000
    outer loop
      vertex  1.407710e+001  3.476371e+000  1.650000e+002
      vertex  1.816717e+001  3.493425e+000  1.650000e+002
      vertex  1.415473e+001  3.145412e+000  1.650000e+002
    endloop
  endfacet
  facet normal  0.000000e+000  0.000000e+000 -1.000000e+000
    outer loop
      vertex  1.415473e+001  3.145412e+000  1.650000e+002
      vertex  1.816717e+001  3.493425e+000  1.650000e+002
      vertex  1.823549e+001  3.117219e+000  1.650000e+002
    endloop
  endfacet
  facet normal  -0.000000e+000  0.000000e+000 -1.000000e+000
    outer loop
      vertex  1.415473e+001  3.145412e+000  1.650000e+002
      vertex  1.823549e+001  3.117219e+000  1.650000e+002
      vertex  1.422458e+001  2.812725e+000  1.650000e+002
    endloop
  endfacet
  facet normal  0.000000e+000  0.000000e+000 -1.000000e+000
    outer loop
      vertex  1.422458e+001  2.812725e+000  1.650000e+002
      vertex  1.823549e+001  3.117219e+000  1.650000e+002
      vertex  1.829601e+001  2.739683e+000  1.650000e+002
    endloop
  endfacet
  facet normal  -0.000000e+000  0.000000e+000 -1.000000e+000
    outer loop
      vertex  1.422458e+001  2.812725e+000  1.650000e+002
      vertex  1.829601e+001  2.739683e+000  1.650000e+002
      vertex  1.428660e+001  2.478491e+000  1.650000e+002
    endloop
  endfacet
  facet normal  0.000000e+000  0.000000e+000 -1.000000e+000
    outer loop
      vertex  1.428660e+001  2.478491e+000  1.650000e+002
      vertex  1.829601e+001  2.739683e+000  1.650000e+002
      vertex  1.834873e+001  2.360976e+000  1.650000e+002
    endloop
  endfacet
  facet normal  -0.000000e+000  0.000000e+000 -9.999999e-001
    outer loop
      vertex  1.428660e+001  2.478491e+000  1.650000e+002
      vertex  1.834873e+001  2.360976e+000  1.650000e+002
      vertex  1.434078e+001  2.142895e+000  1.650000e+002
    endloop
  endfacet
  facet normal  0.000000e+000  0.000000e+000 -1.000000e+000
    outer loop
      vertex  1.434078e+001  2.142895e+000  1.650000e+002
      vertex  1.834873e+001  2.360976e+000  1.650000e+002
      vertex  1.839360e+001  1.981260e+000  1.650000e+002
    endloop
  endfacet
  facet normal  -0.000000e+000  0.000000e+000 -1.000000e+000
    outer loop
      vertex  1.434078e+001  2.142895e+000  1.650000e+002
      vertex  1.839360e+001  1.981260e+000  1.650000e+002
      vertex  1.438708e+001  1.806121e+000  1.650000e+002
    endloop
  endfacet
  facet normal  0.000000e+000  0.000000e+000 -1.000000e+000
    outer loop
      vertex  1.438708e+001  1.806121e+000  1.650000e+002
      vertex  1.839360e+001  1.981260e+000  1.650000e+002
      vertex  1.843062e+001  1.600698e+000  1.650000e+002
    endloop
  endfacet
  facet normal  -0.000000e+000  0.000000e+000 -9.999999e-001
    outer loop
      vertex  1.438708e+001  1.806121e+000  1.650000e+002
      vertex  1.843062e+001  1.600698e+000  1.650000e+002
      vertex  1.442546e+001  1.468355e+000  1.650000e+002
    endloop
  endfacet
  facet normal  0.000000e+000  0.000000e+000 -1.000000e+000
    outer loop
      vertex  1.442546e+001  1.468355e+000  1.650000e+002
      vertex  1.843062e+001  1.600698e+000  1.650000e+002
      vertex  1.445592e+001  1.129781e+000  1.650000e+002
    endloop
  endfacet
  facet normal  0.000000e+000  0.000000e+000 -9.999999e-001
    outer loop
      vertex  1.445592e+001  1.129781e+000  1.650000e+002
      vertex  1.843062e+001  1.600698e+000  1.650000e+002
      vertex  1.845976e+001  1.219452e+000  1.650000e+002
    endloop
  endfacet
  facet normal  0.000000e+000  0.000000e+000 -1.000000e+000
    outer loop
      vertex  1.445592e+001  1.129781e+000  1.650000e+002
      vertex  1.845976e+001  1.219452e+000  1.650000e+002
      vertex  1.447843e+001  7.905871e-001  1.650000e+002
    endloop
  endfacet
  facet normal  0.000000e+000  0.000000e+000 -9.999999e-001
    outer loop
      vertex  1.447843e+001  7.905871e-001  1.650000e+002
      vertex  1.845976e+001  1.219452e+000  1.650000e+002
      vertex  1.848103e+001  8.376858e-001  1.650000e+002
    endloop
  endfacet
  facet normal  0.000000e+000  0.000000e+000 -1.000000e+000
    outer loop
      vertex  1.447843e+001  7.905871e-001  1.650000e+002
      vertex  1.848103e+001  8.376858e-001  1.650000e+002
      vertex  1.449299e+001  4.509581e-001  1.650000e+002
    endloop
  endfacet
  facet normal  0.000000e+000  0.000000e+000 -9.999999e-001
    outer loop
      vertex  1.449299e+001  4.509581e-001  1.650000e+002
      vertex  1.848103e+001  8.376858e-001  1.650000e+002
      vertex  1.849439e+001  4.555613e-001  1.650000e+002
    endloop
  endfacet
  facet normal  0.000000e+000  0.000000e+000 -1.000000e+000
    outer loop
      vertex  1.449299e+001  4.509581e-001  1.650000e+002
      vertex  1.849439e+001  4.555613e-001  1.650000e+002
      vertex  1.449957e+001  1.110813e-001  1.650000e+002
    endloop
  endfacet
  facet normal  0.000000e+000  0.000000e+000 -1.000000e+000
    outer loop
      vertex  1.449957e+001  1.110813e-001  1.650000e+002
      vertex  1.849439e+001  4.555613e-001  1.650000e+002
      vertex  1.849986e+001  7.324232e-002  1.650000e+002
    endloop
  endfacet
  facet normal  -0.000000e+000  0.000000e+000 -1.000000e+000
    outer loop
      vertex  1.449957e+001  1.110813e-001  1.650000e+002
      vertex  1.849986e+001  7.324232e-002  1.650000e+002
      vertex  1.449819e+001 -2.288566e-001  1.650000e+002
    endloop
  endfacet
  facet normal  0.000000e+000  0.000000e+000 -1.000000e+000
    outer loop
      vertex  1.449819e+001 -2.288566e-001  1.650000e+002
      vertex  1.849986e+001  7.324232e-002  1.650000e+002
      vertex  1.849742e+001 -3.091080e-001  1.650000e+002
    endloop
  endfacet
  facet normal  -0.000000e+000  0.000000e+000 -1.000000e+000
    outer loop
      vertex  1.449819e+001 -2.288566e-001  1.650000e+002
      vertex  1.849742e+001 -3.091080e-001  1.650000e+002
      vertex  1.448884e+001 -5.686687e-001  1.650000e+002
    endloop
  endfacet
  facet normal  0.000000e+000  0.000000e+000 -1.000000e+000
    outer loop
      vertex  1.448884e+001 -5.686687e-001  1.650000e+002
      vertex  1.849742e+001 -3.091080e-001  1.650000e+002
      vertex  1.848708e+001 -6.913263e-001  1.650000e+002
    endloop
  endfacet
  facet normal  -0.000000e+000  0.000000e+000 -1.000000e+000
    outer loop
      vertex  1.448884e+001 -5.686687e-001  1.650000e+002
      vertex  1.848708e+001 -6.913263e-001  1.650000e+002
      vertex  1.447153e+001 -9.081682e-001  1.650000e+002
    endloop
  endfacet
  facet normal  0.000000e+000  0.000000e+000 -1.000000e+000
    outer loop
      vertex  1.447153e+001 -9.081682e-001  1.650000e+002
      vertex  1.848708e+001 -6.913263e-001  1.650000e+002
      vertex  1.846884e+001 -1.073249e+000  1.650000e+002
    endloop
  endfacet
  facet normal  -0.000000e+000  0.000000e+000 -1.000000e+000
    outer loop
      vertex  1.447153e+001 -9.081682e-001  1.650000e+002
      vertex  1.846884e+001 -1.073249e+000  1.650000e+002
      vertex  1.444627e+001 -1.247169e+000  1.650000e+002
    endloop
  endfacet
  facet normal  0.000000e+000  0.000000e+000 -1.000000e+000
    outer loop
      vertex  1.444627e+001 -1.247169e+000  1.650000e+002
      vertex  1.846884e+001 -1.073249e+000  1.650000e+002
      vertex  1.844272e+001 -1.454714e+000  1.650000e+002
    endloop
  endfacet
  facet normal  -0.000000e+000  0.000000e+000 -1.000000e+000
    outer loop
      vertex  1.444627e+001 -1.247169e+000  1.650000e+002
      vertex  1.844272e+001 -1.454714e+000  1.650000e+002
      vertex  1.441306e+001 -1.585483e+000  1.650000e+002
    endloop
  endfacet
  facet normal  0.000000e+000  0.000000e+000 -1.000000e+000
    outer loop
      vertex  1.441306e+001 -1.585483e+000  1.650000e+002
      vertex  1.844272e+001 -1.454714e+000  1.650000e+002
      vertex  1.437193e+001 -1.922927e+000  1.650000e+002
    endloop
  endfacet
  facet normal  0.000000e+000  0.000000e+000 -1.000000e+000
    outer loop
      vertex  1.437193e+001 -1.922927e+000  1.650000e+002
      vertex  1.844272e+001 -1.454714e+000  1.650000e+002
      vertex  1.840871e+001 -1.835557e+000  1.650000e+002
    endloop
  endfacet
  facet normal  0.000000e+000  0.000000e+000 -1.000000e+000
    outer loop
      vertex  1.437193e+001 -1.922927e+000  1.650000e+002
      vertex  1.840871e+001 -1.835557e+000  1.650000e+002
      vertex  1.432290e+001 -2.259314e+000  1.650000e+002
    endloop
  endfacet
  facet normal  0.000000e+000  0.000000e+000 -1.000000e+000
    outer loop
      vertex  1.432290e+001 -2.259314e+000  1.650000e+002
      vertex  1.840871e+001 -1.835557e+000  1.650000e+002
      vertex  1.836685e+001 -2.215616e+000  1.650000e+002
    endloop
  endfacet
  facet normal  0.000000e+000  0.000000e+000 -1.000000e+000
    outer loop
      vertex  1.432290e+001 -2.259314e+000  1.650000e+002
      vertex  1.836685e+001 -2.215616e+000  1.650000e+002
      vertex  1.426600e+001 -2.594458e+000  1.650000e+002
    endloop
  endfacet
  facet normal  0.000000e+000  0.000000e+000 -1.000000e+000
    outer loop
      vertex  1.426600e+001 -2.594458e+000  1.650000e+002
      vertex  1.836685e+001 -2.215616e+000  1.650000e+002
      vertex  1.831713e+001 -2.594728e+000  1.650000e+002
    endloop
  endfacet
  facet normal  -0.000000e+000  0.000000e+000 -1.000000e+000
    outer loop
      vertex  1.426600e+001 -2.594458e+000  1.650000e+002
      vertex  1.831713e+001 -2.594728e+000  1.650000e+002
      vertex  1.420126e+001 -2.928177e+000  1.650000e+002
    endloop
  endfacet
  facet normal  0.000000e+000  0.000000e+000 -1.000000e+000
    outer loop
      vertex  1.420126e+001 -2.928177e+000  1.650000e+002
      vertex  1.831713e+001 -2.594728e+000  1.650000e+002
      vertex  1.825960e+001 -2.972733e+000  1.650000e+002
    endloop
  endfacet
  facet normal  -0.000000e+000  0.000000e+000 -1.000000e+000
    outer loop
      vertex  1.420126e+001 -2.928177e+000  1.650000e+002
      vertex  1.825960e+001 -2.972733e+000  1.650000e+002
      vertex  1.412871e+001 -3.260286e+000  1.650000e+002
    endloop
  endfacet
  facet normal  0.000000e+000  0.000000e+000 -9.999999e-001
    outer loop
      vertex  1.412871e+001 -3.260286e+000  1.650000e+002
      vertex  1.825960e+001 -2.972733e+000  1.650000e+002
      vertex  1.819426e+001 -3.349467e+000  1.650000e+002
    endloop
  endfacet
  facet normal  -0.000000e+000  0.000000e+000 -1.000000e+000
    outer loop
      vertex  1.412871e+001 -3.260286e+000  1.650000e+002
      vertex  1.819426e+001 -3.349467e+000  1.650000e+002
      vertex  1.404840e+001 -3.590604e+000  1.650000e+002
    endloop
  endfacet
  facet normal  0.000000e+000  0.000000e+000 -1.000000e+000
    outer loop
      vertex  1.404840e+001 -3.590604e+000  1.650000e+002
      vertex  1.819426e+001 -3.349467e+000  1.650000e+002
      vertex  1.812115e+001 -3.724771e+000  1.650000e+002
    endloop
  endfacet
  facet normal  -0.000000e+000  0.000000e+000 -1.000000e+000
    outer loop
      vertex  1.404840e+001 -3.590604e+000  1.650000e+002
      vertex  1.812115e+001 -3.724771e+000  1.650000e+002
      vertex  1.396037e+001 -3.918948e+000  1.650000e+002
    endloop
  endfacet
  facet normal  0.000000e+000  0.000000e+000 -1.000000e+000
    outer loop
      vertex  1.396037e+001 -3.918948e+000  1.650000e+002
      vertex  1.812115e+001 -3.724771e+000  1.650000e+002
      vertex  1.804030e+001 -4.098483e+000  1.650000e+002
    endloop
  endfacet
  facet normal  -0.000000e+000  0.000000e+000 -1.000000e+000
    outer loop
      vertex  1.396037e+001 -3.918948e+000  1.650000e+002
      vertex  1.804030e+001 -4.098483e+000  1.650000e+002
      vertex  1.386466e+001 -4.245138e+000  1.650000e+002
    endloop
  endfacet
  facet normal  0.000000e+000  0.000000e+000 -1.000000e+000
    outer loop
      vertex  1.386466e+001 -4.245138e+000  1.650000e+002
      vertex  1.804030e+001 -4.098483e+000  1.650000e+002
      vertex  1.376133e+001 -4.568995e+000  1.650000e+002
    endloop
  endfacet
  facet normal  0.000000e+000  0.000000e+000 -1.000000e+000
    outer loop
      vertex  1.376133e+001 -4.568995e+000  1.650000e+002
      vertex  1.804030e+001 -4.098483e+000  1.650000e+002
      vertex  1.795174e+001 -4.470445e+000  1.650000e+002
    endloop
  endfacet
  facet normal  0.000000e+000  0.000000e+000 -1.000000e+000
    outer loop
      vertex  1.376133e+001 -4.568995e+000  1.650000e+002
      vertex  1.795174e+001 -4.470445e+000  1.650000e+002
      vertex  1.365044e+001 -4.890340e+000  1.650000e+002
    endloop
  endfacet
  facet normal  0.000000e+000  0.000000e+000 -9.999999e-001
    outer loop
      vertex  1.365044e+001 -4.890340e+000  1.650000e+002
      vertex  1.795174e+001 -4.470445e+000  1.650000e+002
      vertex  1.785552e+001 -4.840497e+000  1.650000e+002
    endloop
  endfacet
  facet normal  0.000000e+000  0.000000e+000 -1.000000e+000
    outer loop
      vertex  1.365044e+001 -4.890340e+000  1.650000e+002
      vertex  1.785552e+001 -4.840497e+000  1.650000e+002
      vertex  1.353205e+001 -5.208997e+000  1.650000e+002
    endloop
  endfacet
  facet normal  0.000000e+000  0.000000e+000 -1.000000e+000
    outer loop
      vertex  1.353205e+001 -5.208997e+000  1.650000e+002
      vertex  1.785552e+001 -4.840497e+000  1.650000e+002
      vertex  1.775167e+001 -5.208481e+000  1.650000e+002
    endloop
  endfacet
  facet normal  0.000000e+000  0.000000e+000 -1.000000e+000
    outer loop
      vertex  1.353205e+001 -5.208997e+000  1.650000e+002
      vertex  1.775167e+001 -5.208481e+000  1.650000e+002
      vertex  1.340622e+001 -5.524792e+000  1.650000e+002
    endloop
  endfacet
  facet normal  0.000000e+000  0.000000e+000 -1.000000e+000
    outer loop
      vertex  1.340622e+001 -5.524792e+000  1.650000e+002
      vertex  1.775167e+001 -5.208481e+000  1.650000e+002
      vertex  1.764023e+001 -5.574241e+000  1.650000e+002
    endloop
  endfacet
  facet normal  -0.000000e+000  0.000000e+000 -1.000000e+000
    outer loop
      vertex  1.340622e+001 -5.524792e+000  1.650000e+002
      vertex  1.764023e+001 -5.574241e+000  1.650000e+002
      vertex  1.327302e+001 -5.837550e+000  1.650000e+002
    endloop
  endfacet
  facet normal  0.000000e+000  0.000000e+000 -1.000000e+000
    outer loop
      vertex  1.327302e+001 -5.837550e+000  1.650000e+002
      vertex  1.764023e+001 -5.574241e+000  1.650000e+002
      vertex  1.752126e+001 -5.937619e+000  1.650000e+002
    endloop
  endfacet
  facet normal  -0.000000e+000  0.000000e+000 -1.000000e+000
    outer loop
      vertex  1.327302e+001 -5.837550e+000  1.650000e+002
      vertex  1.752126e+001 -5.937619e+000  1.650000e+002
      vertex  1.313252e+001 -6.147099e+000  1.650000e+002
    endloop
  endfacet
  facet normal  0.000000e+000  0.000000e+000 -1.000000e+000
    outer loop
      vertex  1.313252e+001 -6.147099e+000  1.650000e+002
      vertex  1.752126e+001 -5.937619e+000  1.650000e+002
      vertex  1.739481e+001 -6.298461e+000  1.650000e+002
    endloop
  endfacet
  facet normal  -0.000000e+000  0.000000e+000 -1.000000e+000
    outer loop
      vertex  1.313252e+001 -6.147099e+000  1.650000e+002
      vertex  1.739481e+001 -6.298461e+000  1.650000e+002
      vertex  1.298481e+001 -6.453270e+000  1.650000e+002
    endloop
  endfacet
  facet normal  0.000000e+000  0.000000e+000 -1.000000e+000
    outer loop
      vertex  1.298481e+001 -6.453270e+000  1.650000e+002
      vertex  1.739481e+001 -6.298461e+000  1.650000e+002
      vertex  1.726092e+001 -6.656613e+000  1.650000e+002
    endloop
  endfacet
  facet normal  -0.000000e+000  0.000000e+000 -1.000000e+000
    outer loop
      vertex  1.298481e+001 -6.453270e+000  1.650000e+002
      vertex  1.726092e+001 -6.656613e+000  1.650000e+002
      vertex  1.282996e+001 -6.755894e+000  1.650000e+002
    endloop
  endfacet
  facet normal  0.000000e+000  0.000000e+000 -1.000000e+000
    outer loop
      vertex  1.282996e+001 -6.755894e+000  1.650000e+002
      vertex  1.726092e+001 -6.656613e+000  1.650000e+002
      vertex  1.266806e+001 -7.054805e+000  1.650000e+002
    endloop
  endfacet
  facet normal  0.000000e+000  0.000000e+000 -1.000000e+000
    outer loop
      vertex  1.266806e+001 -7.054805e+000  1.650000e+002
      vertex  1.726092e+001 -6.656613e+000  1.650000e+002
      vertex  1.711967e+001 -7.011921e+000  1.650000e+002
    endloop
  endfacet
  facet normal  0.000000e+000  0.000000e+000 -1.000000e+000
    outer loop
      vertex  1.266806e+001 -7.054805e+000  1.650000e+002
      vertex  1.711967e+001 -7.011921e+000  1.650000e+002
      vertex  1.249920e+001 -7.349838e+000  1.650000e+002
    endloop
  endfacet
  facet normal  0.000000e+000  0.000000e+000 -1.000000e+000
    outer loop
      vertex  1.249920e+001 -7.349838e+000  1.650000e+002
      vertex  1.711967e+001 -7.011921e+000  1.650000e+002
      vertex  1.697109e+001 -7.364234e+000  1.650000e+002
    endloop
  endfacet
  facet normal  -0.000000e+000  0.000000e+000 -1.000000e+000
    outer loop
      vertex  1.249920e+001 -7.349838e+000  1.650000e+002
      vertex  1.697109e+001 -7.364234e+000  1.650000e+002
      vertex  1.232346e+001 -7.640831e+000  1.650000e+002
    endloop
  endfacet
  facet normal  0.000000e+000  0.000000e+000 -1.000000e+000
    outer loop
      vertex  1.232346e+001 -7.640831e+000  1.650000e+002
      vertex  1.697109e+001 -7.364234e+000  1.650000e+002
      vertex  1.681528e+001 -7.713401e+000  1.650000e+002
    endloop
  endfacet
  facet normal  -0.000000e+000  0.000000e+000 -1.000000e+000
    outer loop
      vertex  1.232346e+001 -7.640831e+000  1.650000e+002
      vertex  1.681528e+001 -7.713401e+000  1.650000e+002
      vertex  1.214095e+001 -7.927625e+000  1.650000e+002
    endloop
  endfacet
  facet normal  0.000000e+000  0.000000e+000 -1.000000e+000
    outer loop
      vertex  1.214095e+001 -7.927625e+000  1.650000e+002
      vertex  1.681528e+001 -7.713401e+000  1.650000e+002
      vertex  1.665227e+001 -8.059273e+000  1.650000e+002
    endloop
  endfacet
  facet normal  -0.000000e+000  0.000000e+000 -1.000000e+000
    outer loop
      vertex  1.214095e+001 -7.927625e+000  1.650000e+002
      vertex  1.665227e+001 -8.059273e+000  1.650000e+002
      vertex  1.195177e+001 -8.210062e+000  1.650000e+002
    endloop
  endfacet
  facet normal  0.000000e+000  0.000000e+000 -1.000000e+000
    outer loop
      vertex  1.195177e+001 -8.210062e+000  1.650000e+002
      vertex  1.665227e+001 -8.059273e+000  1.650000e+002
      vertex  1.648215e+001 -8.401703e+000  1.650000e+002
    endloop
  endfacet
  facet normal  -0.000000e+000  0.000000e+000 -1.000000e+000
    outer loop
      vertex  1.195177e+001 -8.210062e+000  1.650000e+002
      vertex  1.648215e+001 -8.401703e+000  1.650000e+002
      vertex  1.175602e+001 -8.487986e+000  1.650000e+002
    endloop
  endfacet
  facet normal  0.000000e+000  0.000000e+000 -1.000000e+000
    outer loop
      vertex  1.175602e+001 -8.487986e+000  1.650000e+002
      vertex  1.648215e+001 -8.401703e+000  1.650000e+002
      vertex  1.155381e+001 -8.761245e+000  1.650000e+002
    endloop
  endfacet
  facet normal  0.000000e+000  0.000000e+000 -1.000000e+000
    outer loop
      vertex  1.155381e+001 -8.761245e+000  1.650000e+002
      vertex  1.648215e+001 -8.401703e+000  1.650000e+002
      vertex  1.630500e+001 -8.740543e+000  1.650000e+002
    endloop
  endfacet
  facet normal  0.000000e+000  0.000000e+000 -1.000000e+000
    outer loop
      vertex  1.155381e+001 -8.761245e+000  1.650000e+002
      vertex  1.630500e+001 -8.740543e+000  1.650000e+002
      vertex  1.134525e+001 -9.029688e+000  1.650000e+002
    endloop
  endfacet
  facet normal  0.000000e+000  0.000000e+000 -1.000000e+000
    outer loop
      vertex  1.134525e+001 -9.029688e+000  1.650000e+002
      vertex  1.630500e+001 -8.740543e+000  1.650000e+002
      vertex  1.612087e+001 -9.075650e+000  1.650000e+002
    endloop
  endfacet
  facet normal  -0.000000e+000  0.000000e+000 -1.000000e+000
    outer loop
      vertex  1.134525e+001 -9.029688e+000  1.650000e+002
      vertex  1.612087e+001 -9.075650e+000  1.650000e+002
      vertex  1.113046e+001 -9.293168e+000  1.650000e+002
    endloop
  endfacet
  facet normal  0.000000e+000  0.000000e+000 -1.000000e+000
    outer loop
      vertex  1.113046e+001 -9.293168e+000  1.650000e+002
      vertex  1.612087e+001 -9.075650e+000  1.650000e+002
      vertex  1.592986e+001 -9.406880e+000  1.650000e+002
    endloop
  endfacet
  facet normal  -0.000000e+000  0.000000e+000 -1.000000e+000
    outer loop
      vertex  1.113046e+001 -9.293168e+000  1.650000e+002
      vertex  1.592986e+001 -9.406880e+000  1.650000e+002
      vertex  1.090954e+001 -9.551541e+000  1.650000e+002
    endloop
  endfacet
  facet normal  0.000000e+000  0.000000e+000 -1.000000e+000
    outer loop
      vertex  1.090954e+001 -9.551541e+000  1.650000e+002
      vertex  1.592986e+001 -9.406880e+000  1.650000e+002
      vertex  1.573205e+001 -9.734092e+000  1.650000e+002
    endloop
  endfacet
  facet normal  -0.000000e+000  0.000000e+000 -9.999999e-001
    outer loop
      vertex  1.090954e+001 -9.551541e+000  1.650000e+002
      vertex  1.573205e+001 -9.734092e+000  1.650000e+002
      vertex  1.068263e+001 -9.804664e+000  1.650000e+002
    endloop
  endfacet
  facet normal  0.000000e+000  0.000000e+000 -9.999999e-001
    outer loop
      vertex  1.068263e+001 -9.804664e+000  1.650000e+002
      vertex  1.573205e+001 -9.734092e+000  1.650000e+002
      vertex  1.044985e+001 -1.005240e+001  1.650000e+002
    endloop
  endfacet
  facet normal  0.000000e+000  0.000000e+000 -9.999999e-001
    outer loop
      vertex  1.044985e+001 -1.005240e+001  1.650000e+002
      vertex  1.573205e+001 -9.734092e+000  1.650000e+002
      vertex  1.552752e+001 -1.005715e+001  1.650000e+002
    endloop
  endfacet
  facet normal  -0.000000e+000  0.000000e+000 -1.000000e+000
    outer loop
      vertex  1.044985e+001 -1.005240e+001  1.650000e+002
      vertex  1.552752e+001 -1.005715e+001  1.650000e+002
      vertex  1.021132e+001 -1.029461e+001  1.650000e+002
    endloop
  endfacet
  facet normal  0.000000e+000  0.000000e+000 -9.999999e-001
    outer loop
      vertex  1.021132e+001 -1.029461e+001  1.650000e+002
      vertex  1.552752e+001 -1.005715e+001  1.650000e+002
      vertex  1.531635e+001 -1.037590e+001  1.650000e+002
    endloop
  endfacet
  facet normal  -0.000000e+000  0.000000e+000 -1.000000e+000
    outer loop
      vertex  1.021132e+001 -1.029461e+001  1.650000e+002
      vertex  1.531635e+001 -1.037590e+001  1.650000e+002
      vertex  9.967183e+000 -1.053116e+001  1.650000e+002
    endloop
  endfacet
  facet normal  0.000000e+000  0.000000e+000 -1.000000e+000
    outer loop
      vertex  9.967183e+000 -1.053116e+001  1.650000e+002
      vertex  1.531635e+001 -1.037590e+001  1.650000e+002
      vertex  1.509864e+001 -1.069023e+001  1.650000e+002
    endloop
  endfacet
  facet normal  -0.000000e+000  0.000000e+000 -1.000000e+000
    outer loop
      vertex  9.967183e+000 -1.053116e+001  1.650000e+002
      vertex  1.509864e+001 -1.069023e+001  1.650000e+002
      vertex  9.717566e+000 -1.076192e+001  1.650000e+002
    endloop
  endfacet
  facet normal  0.000000e+000  0.000000e+000 -1.000000e+000
    outer loop
      vertex  9.717566e+000 -1.076192e+001  1.650000e+002
      vertex  1.509864e+001 -1.069023e+001  1.650000e+002
      vertex  9.462608e+000 -1.098677e+001  1.650000e+002
    endloop
  endfacet
  facet normal  0.000000e+000  0.000000e+000 -1.000000e+000
    outer loop
      vertex  9.462608e+000 -1.098677e+001  1.650000e+002
      vertex  1.509864e+001 -1.069023e+001  1.650000e+002
      vertex  1.487448e+001 -1.099999e+001  1.650000e+002
    endloop
  endfacet
  facet normal  -0.000000e+000  0.000000e+000 -1.000000e+000
    outer loop
      vertex  9.462608e+000 -1.098677e+001  1.650000e+002
      vertex  1.487448e+001 -1.099999e+001  1.650000e+002
      vertex  9.202450e+000 -1.120557e+001  1.650000e+002
    endloop
  endfacet
  facet normal  0.000000e+000  0.000000e+000 -9.999999e-001
    outer loop
      vertex  9.202450e+000 -1.120557e+001  1.650000e+002
      vertex  1.487448e+001 -1.099999e+001  1.650000e+002
      vertex  1.464397e+001 -1.130505e+001  1.650000e+002
    endloop
  endfacet
  facet normal  -0.000000e+000  0.000000e+000 -1.000000e+000
    outer loop
      vertex  9.202450e+000 -1.120557e+001  1.650000e+002
      vertex  1.464397e+001 -1.130505e+001  1.650000e+002
      vertex  8.937234e+000 -1.141822e+001  1.650000e+002
    endloop
  endfacet
  facet normal  0.000000e+000  0.000000e+000 -9.999999e-001
    outer loop
      vertex  8.937234e+000 -1.141822e+001  1.650000e+002
      vertex  1.464397e+001 -1.130505e+001  1.650000e+002
      vertex  1.440720e+001 -1.160528e+001  1.650000e+002
    endloop
  endfacet
  facet normal  -0.000000e+000  0.000000e+000 -1.000000e+000
    outer loop
      vertex  8.937234e+000 -1.141822e+001  1.650000e+002
      vertex  1.440720e+001 -1.160528e+001  1.650000e+002
      vertex  8.667105e+000 -1.162460e+001  1.650000e+002
    endloop
  endfacet
  facet normal  0.000000e+000  0.000000e+000 -1.000000e+000
    outer loop
      vertex  8.667105e+000 -1.162460e+001  1.650000e+002
      vertex  1.440720e+001 -1.160528e+001  1.650000e+002
      vertex  8.392213e+000 -1.182458e+001  1.650000e+002
    endloop
  endfacet
  facet normal  0.000000e+000  0.000000e+000 -1.000000e+000
    outer loop
      vertex  8.392213e+000 -1.182458e+001  1.650000e+002
      vertex  1.440720e+001 -1.160528e+001  1.650000e+002
      vertex  1.416428e+001 -1.190055e+001  1.650000e+002
    endloop
  endfacet
  facet normal  -0.000000e+000  0.000000e+000 -1.000000e+000
    outer loop
      vertex  8.392213e+000 -1.182458e+001  1.650000e+002
      vertex  1.416428e+001 -1.190055e+001  1.650000e+002
      vertex  8.112707e+000 -1.201807e+001  1.650000e+002
    endloop
  endfacet
  facet normal  0.000000e+000  0.000000e+000 -1.000000e+000
    outer loop
      vertex  8.112707e+000 -1.201807e+001  1.650000e+002
      vertex  1.416428e+001 -1.190055e+001  1.650000e+002
      vertex  1.391531e+001 -1.219074e+001  1.650000e+002
    endloop
  endfacet
  facet normal  -0.000000e+000  0.000000e+000 -1.000000e+000
    outer loop
      vertex  8.112707e+000 -1.201807e+001  1.650000e+002
      vertex  1.391531e+001 -1.219074e+001  1.650000e+002
      vertex  7.828743e+000 -1.220495e+001  1.650000e+002
    endloop
  endfacet
  facet normal  0.000000e+000  0.000000e+000 -1.000000e+000
    outer loop
      vertex  7.828743e+000 -1.220495e+001  1.650000e+002
      vertex  1.391531e+001 -1.219074e+001  1.650000e+002
      vertex  7.540477e+000 -1.238512e+001  1.650000e+002
    endloop
  endfacet
  facet normal  0.000000e+000  0.000000e+000 -1.000000e+000
    outer loop
      vertex  7.540477e+000 -1.238512e+001  1.650000e+002
      vertex  1.391531e+001 -1.219074e+001  1.650000e+002
      vertex  1.366039e+001 -1.247573e+001  1.650000e+002
    endloop
  endfacet
  facet normal  -0.000000e+000  0.000000e+000 -1.000000e+000
    outer loop
      vertex  7.540477e+000 -1.238512e+001  1.650000e+002
      vertex  1.366039e+001 -1.247573e+001  1.650000e+002
      vertex  7.248065e+000 -1.255849e+001  1.650000e+002
    endloop
  endfacet
  facet normal  0.000000e+000  0.000000e+000 -1.000000e+000
    outer loop
      vertex  7.248065e+000 -1.255849e+001  1.650000e+002
      vertex  1.366039e+001 -1.247573e+001  1.650000e+002
      vertex  6.951670e+000 -1.272495e+001  1.650000e+002
    endloop
  endfacet
  facet normal  0.000000e+000  0.000000e+000 -1.000000e+000
    outer loop
      vertex  6.951670e+000 -1.272495e+001  1.650000e+002
      vertex  1.366039e+001 -1.247573e+001  1.650000e+002
      vertex  1.339964e+001 -1.275538e+001  1.650000e+002
    endloop
  endfacet
  facet normal  -0.000000e+000  0.000000e+000 -1.000000e+000
    outer loop
      vertex  6.951670e+000 -1.272495e+001  1.650000e+002
      vertex  1.339964e+001 -1.275538e+001  1.650000e+002
      vertex  6.651454e+000 -1.288442e+001  1.650000e+002
    endloop
  endfacet
  facet normal  0.000000e+000  0.000000e+000 -9.999999e-001
    outer loop
      vertex  6.651454e+000 -1.288442e+001  1.650000e+002
      vertex  1.339964e+001 -1.275538e+001  1.650000e+002
      vertex  1.313316e+001 -1.302958e+001  1.650000e+002
    endloop
  endfacet
  facet normal  -0.000000e+000  0.000000e+000 -1.000000e+000
    outer loop
      vertex  6.651454e+000 -1.288442e+001  1.650000e+002
      vertex  1.313316e+001 -1.302958e+001  1.650000e+002
      vertex  6.347583e+000 -1.303680e+001  1.650000e+002
    endloop
  endfacet
  facet normal  0.000000e+000  0.000000e+000 -9.999999e-001
    outer loop
      vertex  6.347583e+000 -1.303680e+001  1.650000e+002
      vertex  1.313316e+001 -1.302958e+001  1.650000e+002
      vertex  6.040222e+000 -1.318202e+001  1.650000e+002
    endloop
  endfacet
  facet normal  0.000000e+000  0.000000e+000 -1.000000e+000
    outer loop
      vertex  6.040222e+000 -1.318202e+001  1.650000e+002
      vertex  1.313316e+001 -1.302958e+001  1.650000e+002
      vertex  1.286108e+001 -1.329822e+001  1.650000e+002
    endloop
  endfacet
  facet normal  -0.000000e+000  0.000000e+000 -9.999999e-001
    outer loop
      vertex  6.040222e+000 -1.318202e+001  1.650000e+002
      vertex  1.286108e+001 -1.329822e+001  1.650000e+002
      vertex  5.729542e+000 -1.332000e+001  1.650000e+002
    endloop
  endfacet
  facet normal  0.000000e+000  0.000000e+000 -9.999999e-001
    outer loop
      vertex  5.729542e+000 -1.332000e+001  1.650000e+002
      vertex  1.286108e+001 -1.329822e+001  1.650000e+002
      vertex  5.415712e+000 -1.345065e+001  1.650000e+002
    endloop
  endfacet
  facet normal  0.000000e+000  0.000000e+000 -1.000000e+000
    outer loop
      vertex  5.415712e+000 -1.345065e+001  1.650000e+002
      vertex  1.286108e+001 -1.329822e+001  1.650000e+002
      vertex  1.258350e+001 -1.356118e+001  1.650000e+002
    endloop
  endfacet
  facet normal  -0.000000e+000  0.000000e+000 -1.000000e+000
    outer loop
      vertex  5.415712e+000 -1.345065e+001  1.650000e+002
      vertex  1.258350e+001 -1.356118e+001  1.650000e+002
      vertex  5.098906e+000 -1.357391e+001  1.650000e+002
    endloop
  endfacet
  facet normal  0.000000e+000  0.000000e+000 -1.000000e+000
    outer loop
      vertex  5.098906e+000 -1.357391e+001  1.650000e+002
      vertex  1.258350e+001 -1.356118e+001  1.650000e+002
      vertex  4.779297e+000 -1.368972e+001  1.650000e+002
    endloop
  endfacet
  facet normal  0.000000e+000  0.000000e+000 -1.000000e+000
    outer loop
      vertex  4.779297e+000 -1.368972e+001  1.650000e+002
      vertex  1.258350e+001 -1.356118e+001  1.650000e+002
      vertex  1.230054e+001 -1.381835e+001  1.650000e+002
    endloop
  endfacet
  facet normal  0.000000e+000  0.000000e+000 -1.000000e+000
    outer loop
      vertex  4.779297e+000 -1.368972e+001  1.650000e+002
      vertex  1.230054e+001 -1.381835e+001  1.650000e+002
      vertex  4.457061e+000 -1.379799e+001  1.650000e+002
    endloop
  endfacet
  facet normal  -0.000000e+000  0.000000e+000 -9.999999e-001
    outer loop
      vertex  4.457061e+000 -1.379799e+001  1.650000e+002
      vertex  1.230054e+001 -1.381835e+001  1.650000e+002
      vertex  4.132376e+000 -1.389869e+001  1.650000e+002
    endloop
  endfacet
  facet normal  0.000000e+000  0.000000e+000 -1.000000e+000
    outer loop
      vertex  4.132376e+000 -1.389869e+001  1.650000e+002
      vertex  1.230054e+001 -1.381835e+001  1.650000e+002
      vertex  1.201233e+001 -1.406961e+001  1.650000e+002
    endloop
  endfacet
  facet normal  0.000000e+000  0.000000e+000 -9.999999e-001
    outer loop
      vertex  4.132376e+000 -1.389869e+001  1.650000e+002
      vertex  1.201233e+001 -1.406961e+001  1.650000e+002
      vertex  3.805419e+000 -1.399174e+001  1.650000e+002
    endloop
  endfacet
  facet normal -3.715940e-001  9.135325e-001  1.654579e-001
    outer loop
      vertex -6.715822e+000  1.452232e+001  1.800000e+002
      vertex -6.793077e+000  1.720768e+001  1.650000e+002
      vertex -7.147255e+000  1.706361e+001  1.650000e+002
    endloop
  endfacet
  facet normal -4.437454e-001  8.810227e-001  1.639789e-001
    outer loop
      vertex -7.356079e+000  1.420873e+001  1.800000e+002
      vertex -7.037697e+000  1.436909e+001  1.800000e+002
      vertex -7.846303e+000  1.675367e+001  1.650000e+002
    endloop
  endfacet
  facet normal -3.142823e-001  9.348386e-001  1.652383e-001
    outer loop
      vertex -5.730841e+000  1.493846e+001  1.800000e+002
      vertex -5.713742e+000  1.759554e+001  1.650000e+002
      vertex -6.076167e+000  1.747370e+001  1.650000e+002
    endloop
  endfacet
  facet normal -3.838964e-001  9.086723e-001  1.641288e-001
    outer loop
      vertex -6.390613e+000  1.466834e+001  1.800000e+002
      vertex -6.062232e+000  1.480707e+001  1.800000e+002
      vertex -6.793077e+000  1.720768e+001  1.650000e+002
    endloop
  endfacet
  facet normal -4.041100e-001  9.000322e-001  1.632085e-001
    outer loop
      vertex -6.793077e+000  1.720768e+001  1.650000e+002
      vertex -6.715822e+000  1.452232e+001  1.800000e+002
      vertex -6.390613e+000  1.466834e+001  1.800000e+002
    endloop
  endfacet
  facet normal -2.557601e-001  9.525481e-001  1.650424e-001
    outer loop
      vertex -4.720264e+000  1.528787e+001  1.800000e+002
      vertex -4.612447e+000  1.791578e+001  1.650000e+002
      vertex -4.981726e+000  1.781663e+001  1.650000e+002
    endloop
  endfacet
  facet normal -3.223394e-001  9.322655e-001  1.642509e-001
    outer loop
      vertex -5.396605e+000  1.506243e+001  1.800000e+002
      vertex -5.059690e+000  1.517892e+001  1.800000e+002
      vertex -5.713742e+000  1.759554e+001  1.650000e+002
    endloop
  endfacet
  facet normal -3.430787e-001  9.249747e-001  1.634582e-001
    outer loop
      vertex -5.713742e+000  1.759554e+001  1.650000e+002
      vertex -5.730841e+000  1.493846e+001  1.800000e+002
      vertex -5.396605e+000  1.506243e+001  1.800000e+002
    endloop
  endfacet
  facet normal -1.962488e-001  9.665941e-001  1.648704e-001
    outer loop
      vertex -3.688606e+000  1.556901e+001  1.800000e+002
      vertex -3.493425e+000  1.816717e+001  1.650000e+002
      vertex -3.868138e+000  1.809109e+001  1.650000e+002
    endloop
  endfacet
  facet normal -2.593501e-001  9.516975e-001  1.643453e-001
    outer loop
      vertex -4.378495e+000  1.538924e+001  1.800000e+002
      vertex -4.034552e+000  1.548297e+001  1.800000e+002
      vertex -4.612447e+000  1.791578e+001  1.650000e+002
    endloop
  endfacet
  facet normal -2.805186e-001  9.457896e-001  1.636804e-001
    outer loop
      vertex -4.612447e+000  1.791578e+001  1.650000e+002
      vertex -4.720264e+000  1.528787e+001  1.800000e+002
      vertex -4.378495e+000  1.538924e+001  1.800000e+002
    endloop
  endfacet
  facet normal -1.157429e-001  9.793906e-001  1.655222e-001
    outer loop
      vertex -2.640474e+000  1.578062e+001  1.800000e+002
      vertex -1.981260e+000  1.839360e+001  1.650000e+002
      vertex -2.360976e+000  1.834873e+001  1.650000e+002
    endloop
  endfacet
  facet normal -1.762437e-001  9.705256e-001  1.643722e-001
    outer loop
      vertex -3.117219e+000  1.823549e+001  1.650000e+002
      vertex -3.493425e+000  1.816717e+001  1.650000e+002
      vertex -2.991394e+000  1.571787e+001  1.800000e+002
    endloop
  endfacet
  facet normal -1.952007e-001  9.668843e-001  1.644120e-001
    outer loop
      vertex -2.991394e+000  1.571787e+001  1.800000e+002
      vertex -3.493425e+000  1.816717e+001  1.650000e+002
      vertex -3.340829e+000  1.564733e+001  1.800000e+002
    endloop
  endfacet
  facet normal -2.167133e-001  9.623827e-001  1.638747e-001
    outer loop
      vertex -3.493425e+000  1.816717e+001  1.650000e+002
      vertex -3.688606e+000  1.556901e+001  1.800000e+002
      vertex -3.340829e+000  1.564733e+001  1.800000e+002
    endloop
  endfacet
  facet normal -5.484059e-002  9.847182e-001  1.652956e-001
    outer loop
      vertex -1.580548e+000  1.592174e+001  1.800000e+002
      vertex -8.376858e-001  1.848103e+001  1.650000e+002
      vertex -1.219452e+000  1.845976e+001  1.650000e+002
    endloop
  endfacet
  facet normal  6.287673e-003  9.862579e-001  1.650934e-001
    outer loop
      vertex -5.135633e-001  1.599176e+001  1.800000e+002
      vertex  3.091080e-001  1.849742e+001  1.650000e+002
      vertex -7.324232e-002  1.849986e+001  1.650000e+002
    endloop
  endfacet
  facet normal -6.458955e-002  9.843068e-001  1.642204e-001
    outer loop
      vertex -1.225436e+000  1.595300e+001  1.800000e+002
      vertex -8.697155e-001  1.597635e+001  1.800000e+002
      vertex -8.376858e-001  1.848103e+001  1.650000e+002
    endloop
  endfacet
  facet normal -8.651234e-002  9.827605e-001  1.633931e-001
    outer loop
      vertex -8.376858e-001  1.848103e+001  1.650000e+002
      vertex -1.580548e+000  1.592174e+001  1.800000e+002
      vertex -1.225436e+000  1.595300e+001  1.800000e+002
    endloop
  endfacet
  facet normal  6.739036e-002  9.840028e-001  1.649148e-001
    outer loop
      vertex  5.557150e-001  1.599035e+001  1.800000e+002
      vertex  1.454714e+000  1.844272e+001  1.650000e+002
      vertex  1.073249e+000  1.846884e+001  1.650000e+002
    endloop
  endfacet
  facet normal  1.300952e-003  9.864058e-001  1.643223e-001
    outer loop
      vertex -1.571562e-001  1.599923e+001  1.800000e+002
      vertex  1.993289e-001  1.599876e+001  1.800000e+002
      vertex  3.091080e-001  1.849742e+001  1.650000e+002
    endloop
  endfacet
  facet normal -2.068045e-002  9.863063e-001  1.636225e-001
    outer loop
      vertex  3.091080e-001  1.849742e+001  1.650000e+002
      vertex -5.135633e-001  1.599176e+001  1.800000e+002
      vertex -1.571562e-001  1.599923e+001  1.800000e+002
    endloop
  endfacet
  facet normal  8.771817e-002  9.824883e-001  1.643844e-001
    outer loop
      vertex  1.835557e+000  1.840871e+001  1.650000e+002
      vertex  1.454714e+000  1.844272e+001  1.650000e+002
      vertex  1.267483e+000  1.594972e+001  1.800000e+002
    endloop
  endfacet
  facet normal  6.718140e-002  9.841039e-001  1.643966e-001
    outer loop
      vertex  1.267483e+000  1.594972e+001  1.800000e+002
      vertex  1.454714e+000  1.844272e+001  1.650000e+002
      vertex  9.118253e-001  1.597400e+001  1.800000e+002
    endloop
  endfacet
  facet normal  4.524421e-002  9.854515e-001  1.638244e-001
    outer loop
      vertex  1.454714e+000  1.844272e+001  1.650000e+002
      vertex  5.557150e-001  1.599035e+001  1.800000e+002
      vertex  9.118253e-001  1.597400e+001  1.800000e+002
    endloop
  endfacet
  facet normal  1.484334e-001  9.751704e-001  1.643481e-001
    outer loop
      vertex  2.972733e+000  1.825960e+001  1.650000e+002
      vertex  2.594728e+000  1.831713e+001  1.650000e+002
      vertex  2.329976e+000  1.582944e+001  1.800000e+002
    endloop
  endfacet
  facet normal  2.678782e-001  9.491933e-001  1.651462e-001
    outer loop
      vertex  3.729632e+000  1.555924e+001  1.800000e+002
      vertex  5.208481e+000  1.775167e+001  1.650000e+002
      vertex  4.840497e+000  1.785552e+001  1.650000e+002
    endloop
  endfacet
  facet normal  2.085776e-001  9.641002e-001  1.643358e-001
    outer loop
      vertex  4.098483e+000  1.804030e+001  1.650000e+002
      vertex  3.724771e+000  1.812115e+001  1.650000e+002
      vertex  3.382063e+000  1.563847e+001  1.800000e+002
    endloop
  endfacet
  facet normal  3.261891e-001  9.307999e-001  1.649611e-001
    outer loop
      vertex  4.760546e+000  1.527538e+001  1.800000e+002
      vertex  6.298461e+000  1.739481e+001  1.650000e+002
      vertex  5.937619e+000  1.752126e+001  1.650000e+002
    endloop
  endfacet
  facet normal  3.453949e-001  9.239457e-001  1.643986e-001
    outer loop
      vertex  5.436290e+000  1.504815e+001  1.800000e+002
      vertex  6.656613e+000  1.726092e+001  1.650000e+002
      vertex  6.298461e+000  1.739481e+001  1.650000e+002
    endloop
  endfacet
  facet normal  3.247913e-001  9.313915e-001  1.643791e-001
    outer loop
      vertex  5.099684e+000  1.516553e+001  1.800000e+002
      vertex  5.436290e+000  1.504815e+001  1.800000e+002
      vertex  6.298461e+000  1.739481e+001  1.650000e+002
    endloop
  endfacet
  facet normal  3.039919e-001  9.384921e-001  1.637722e-001
    outer loop
      vertex  6.298461e+000  1.739481e+001  1.650000e+002
      vertex  4.760546e+000  1.527538e+001  1.800000e+002
      vertex  5.099684e+000  1.516553e+001  1.800000e+002
    endloop
  endfacet
  facet normal  4.019801e-001  9.007770e-001  1.643556e-001
    outer loop
      vertex  7.713401e+000  1.681528e+001  1.650000e+002
      vertex  7.364234e+000  1.697109e+001  1.650000e+002
      vertex  6.429256e+000  1.465144e+001  1.800000e+002
    endloop
  endfacet
  facet normal  6.106589e-001  7.743398e-001  1.658122e-001
    outer loop
      vertex  9.218786e+000  1.307723e+001  1.800000e+002
      vertex  1.160528e+001  1.440720e+001  1.650000e+002
      vertex  1.130505e+001  1.464397e+001  1.650000e+002
    endloop
  endfacet
  facet normal  5.946180e-001  7.869174e-001  1.648949e-001
    outer loop
      vertex  9.218786e+000  1.307723e+001  1.800000e+002
      vertex  1.130505e+001  1.464397e+001  1.650000e+002
      vertex  1.099999e+001  1.487448e+001  1.650000e+002
    endloop
  endfacet
  facet normal  5.410837e-001  8.247564e-001  1.643328e-001
    outer loop
      vertex  8.627085e+000  1.347492e+001  1.800000e+002
      vertex  8.925151e+000  1.327937e+001  1.800000e+002
      vertex  1.037590e+001  1.531635e+001  1.650000e+002
    endloop
  endfacet
  facet normal  5.226358e-001  8.367024e-001  1.636485e-001
    outer loop
      vertex  1.037590e+001  1.531635e+001  1.650000e+002
      vertex  8.324737e+000  1.366378e+001  1.800000e+002
      vertex  8.627085e+000  1.347492e+001  1.800000e+002
    endloop
  endfacet
  facet normal  6.574952e-001  7.350445e-001  1.655584e-001
    outer loop
      vertex  1.007166e+001  1.243228e+001  1.800000e+002
      vertex  1.247573e+001  1.366039e+001  1.650000e+002
      vertex  1.219074e+001  1.391531e+001  1.650000e+002
    endloop
  endfacet
  facet normal  7.018080e-001  6.929156e-001  1.653286e-001
    outer loop
      vertex  1.087956e+001  1.173181e+001  1.800000e+002
      vertex  1.329822e+001  1.286108e+001  1.650000e+002
      vertex  1.302958e+001  1.313316e+001  1.650000e+002
    endloop
  endfacet
  facet normal  6.462149e-001  7.453104e-001  1.640687e-001
    outer loop
      vertex  1.034614e+001  1.220481e+001  1.800000e+002
      vertex  1.061548e+001  1.197128e+001  1.800000e+002
      vertex  1.247573e+001  1.366039e+001  1.650000e+002
    endloop
  endfacet
  facet normal  6.295519e-001  7.596478e-001  1.630943e-001
    outer loop
      vertex  1.247573e+001  1.366039e+001  1.650000e+002
      vertex  1.007166e+001  1.243228e+001  1.800000e+002
      vertex  1.034614e+001  1.220481e+001  1.800000e+002
    endloop
  endfacet
  facet normal  7.434222e-001  6.481187e-001  1.651226e-001
    outer loop
      vertex  1.163886e+001  1.097893e+001  1.800000e+002
      vertex  1.406961e+001  1.201233e+001  1.650000e+002
      vertex  1.381835e+001  1.230054e+001  1.650000e+002
    endloop
  endfacet
  facet normal  6.945366e-001  7.004688e-001  1.642025e-001
    outer loop
      vertex  1.113823e+001  1.148651e+001  1.800000e+002
      vertex  1.139137e+001  1.123551e+001  1.800000e+002
      vertex  1.329822e+001  1.286108e+001  1.650000e+002
    endloop
  endfacet
  facet normal  6.788549e-001  7.158708e-001  1.633557e-001
    outer loop
      vertex  1.329822e+001  1.286108e+001  1.650000e+002
      vertex  1.087956e+001  1.173181e+001  1.800000e+002
      vertex  1.113823e+001  1.148651e+001  1.800000e+002
    endloop
  endfacet
  facet normal  7.821787e-001  6.008253e-001  1.649405e-001
    outer loop
      vertex  1.234618e+001  1.017703e+001  1.800000e+002
      vertex  1.478692e+001  1.111742e+001  1.650000e+002
      vertex  1.455400e+001  1.142064e+001  1.650000e+002
    endloop
  endfacet
  facet normal  7.397577e-001  6.525040e-001  1.643086e-001
    outer loop
      vertex  1.188057e+001  1.071691e+001  1.800000e+002
      vertex  1.211638e+001  1.044956e+001  1.800000e+002
      vertex  1.406961e+001  1.201233e+001  1.650000e+002
    endloop
  endfacet
  facet normal  7.251255e-001  6.689032e-001  1.635895e-001
    outer loop
      vertex  1.406961e+001  1.201233e+001  1.650000e+002
      vertex  1.163886e+001  1.097893e+001  1.800000e+002
      vertex  1.188057e+001  1.071691e+001  1.800000e+002
    endloop
  endfacet
  facet normal  7.945017e-001  5.845873e-001  1.643921e-001
    outer loop
      vertex  1.278728e+001  9.616940e+000  1.800000e+002
      vertex  1.501352e+001  1.080945e+001  1.650000e+002
      vertex  1.478692e+001  1.111742e+001  1.650000e+002
    endloop
  endfacet
  facet normal  7.816789e-001  6.016270e-001  1.643872e-001
    outer loop
      vertex  1.256985e+001  9.899440e+000  1.800000e+002
      vertex  1.278728e+001  9.616940e+000  1.800000e+002
      vertex  1.478692e+001  1.111742e+001  1.650000e+002
    endloop
  endfacet
  facet normal  7.681577e-001  6.189545e-001  1.637956e-001
    outer loop
      vertex  1.478692e+001  1.111742e+001  1.650000e+002
      vertex  1.234618e+001  1.017703e+001  1.800000e+002
      vertex  1.256985e+001  9.899440e+000  1.800000e+002
    endloop
  endfacet
  facet normal  8.605648e-001  4.817412e-001  1.653889e-001
    outer loop
      vertex  1.359249e+001  8.440637e+000  1.800000e+002
      vertex  1.623528e+001  8.869372e+000  1.650000e+002
      vertex  1.604851e+001  9.203011e+000  1.650000e+002
    endloop
  endfacet
  facet normal  8.292060e-001  5.342339e-001  1.643521e-001
    outer loop
      vertex  1.565448e+001  9.858354e+000  1.650000e+002
      vertex  1.544740e+001  1.017978e+001  1.650000e+002
      vertex  1.340106e+001  8.741368e+000  1.800000e+002
    endloop
  endfacet
  facet normal  8.887939e-001  4.275070e-001  1.651763e-001
    outer loop
      vertex  1.412590e+001  7.513910e+000  1.800000e+002
      vertex  1.675367e+001  7.846303e+000  1.650000e+002
      vertex  1.658793e+001  8.190873e+000  1.650000e+002
    endloop
  endfacet
  facet normal  9.136055e-001  3.716237e-001  1.649877e-001
    outer loop
      vertex  1.459623e+001  6.553624e+000  1.800000e+002
      vertex  1.720768e+001  6.793077e+000  1.650000e+002
      vertex  1.706361e+001  7.147255e+000  1.650000e+002
    endloop
  endfacet
  facet normal  8.858668e-001  4.338795e-001  1.642824e-001
    outer loop
      vertex  1.428980e+001  7.197335e+000  1.800000e+002
      vertex  1.444660e+001  6.877186e+000  1.800000e+002
      vertex  1.675367e+001  7.846303e+000  1.650000e+002
    endloop
  endfacet
  facet normal  8.760917e-001  4.535657e-001  1.635285e-001
    outer loop
      vertex  1.675367e+001  7.846303e+000  1.650000e+002
      vertex  1.412590e+001  7.513910e+000  1.800000e+002
      vertex  1.428980e+001  7.197335e+000  1.800000e+002
    endloop
  endfacet
  facet normal  9.211814e-001  3.526970e-001  1.644070e-001
    outer loop
      vertex  1.487369e+001  5.896902e+000  1.800000e+002
      vertex  1.734439e+001  6.435997e+000  1.650000e+002
      vertex  1.720768e+001  6.793077e+000  1.650000e+002
    endloop
  endfacet
  facet normal  9.128547e-001  3.737371e-001  1.643684e-001
    outer loop
      vertex  1.473862e+001  6.226809e+000  1.800000e+002
      vertex  1.487369e+001  5.896902e+000  1.800000e+002
      vertex  1.720768e+001  6.793077e+000  1.650000e+002
    endloop
  endfacet
  facet normal  9.043971e-001  3.940234e-001  1.637421e-001
    outer loop
      vertex  1.720768e+001  6.793077e+000  1.650000e+002
      vertex  1.459623e+001  6.553624e+000  1.800000e+002
      vertex  1.473862e+001  6.226809e+000  1.800000e+002
    endloop
  endfacet
  facet normal  9.412730e-001  2.949419e-001  1.643606e-001
    outer loop
      vertex  1.770987e+001  5.348876e+000  1.650000e+002
      vertex  1.759554e+001  5.713742e+000  1.650000e+002
      vertex  1.523434e+001  4.890281e+000  1.800000e+002
    endloop
  endfacet
  facet normal  9.577454e-001  2.360442e-001  1.643381e-001
    outer loop
      vertex  1.800728e+001  4.241198e+000  1.650000e+002
      vertex  1.791578e+001  4.612447e+000  1.650000e+002
      vertex  1.552696e+001  3.861819e+000  1.800000e+002
    endloop
  endfacet
  facet normal  9.794713e-001  1.157524e-001  1.650369e-001
    outer loop
      vertex  1.580905e+001  2.464511e+000  1.800000e+002
      vertex  1.839360e+001  1.981260e+000  1.650000e+002
      vertex  1.834873e+001  2.360976e+000  1.650000e+002
    endloop
  endfacet
  facet normal  9.705310e-001  1.762447e-001  1.643395e-001
    outer loop
      vertex  1.823549e+001  3.117219e+000  1.650000e+002
      vertex  1.816717e+001  3.493425e+000  1.650000e+002
      vertex  1.575022e+001  2.816108e+000  1.800000e+002
    endloop
  endfacet
  facet normal  9.847900e-001  5.484459e-002  1.648655e-001
    outer loop
      vertex  1.593836e+001  1.403079e+000  1.800000e+002
      vertex  1.848103e+001  8.376858e-001  1.650000e+002
      vertex  1.845976e+001  1.219452e+000  1.650000e+002
    endloop
  endfacet
  facet normal  9.849331e-001  5.361775e-002  1.644136e-001
    outer loop
      vertex  1.598504e+001  6.916823e-001  1.800000e+002
      vertex  1.848103e+001  8.376858e-001  1.650000e+002
      vertex  1.596566e+001  1.047641e+000  1.800000e+002
    endloop
  endfacet
  facet normal  9.835826e-001  7.555583e-002  1.638801e-001
    outer loop
      vertex  1.848103e+001  8.376858e-001  1.650000e+002
      vertex  1.593836e+001  1.403079e+000  1.800000e+002
      vertex  1.596566e+001  1.047641e+000  1.800000e+002
    endloop
  endfacet
  facet normal  9.778964e-001 -1.282319e-001  1.651522e-001
    outer loop
      vertex  1.593461e+001 -1.445087e+000  1.800000e+002
      vertex  1.831713e+001 -2.594728e+000  1.650000e+002
      vertex  1.836685e+001 -2.215616e+000  1.650000e+002
    endloop
  endfacet
  facet normal  9.848265e-001 -5.621667e-002  1.641840e-001
    outer loop
      vertex  1.598316e+001 -7.338157e-001  1.800000e+002
      vertex  1.596285e+001 -1.089722e+000  1.800000e+002
      vertex  1.844272e+001 -1.454714e+000  1.650000e+002
    endloop
  endfacet
  facet normal  9.859783e-001 -3.426596e-002  1.633179e-001
    outer loop
      vertex  1.844272e+001 -1.454714e+000  1.650000e+002
      vertex  1.599555e+001 -3.775454e-001  1.800000e+002
      vertex  1.598316e+001 -7.338157e-001  1.800000e+002
    endloop
  endfacet
  facet normal  9.681022e-001 -1.885851e-001  1.649665e-001
    outer loop
      vertex  1.580250e+001 -2.506174e+000  1.800000e+002
      vertex  1.812115e+001 -3.724771e+000  1.650000e+002
      vertex  1.819426e+001 -3.349467e+000  1.650000e+002
    endloop
  endfacet
  facet normal  9.788543e-001 -1.218679e-001  1.642943e-001
    outer loop
      vertex  1.589846e+001 -1.799735e+000  1.800000e+002
      vertex  1.585441e+001 -2.153489e+000  1.800000e+002
      vertex  1.831713e+001 -2.594728e+000  1.650000e+002
    endloop
  endfacet
  facet normal  9.814485e-001 -1.000411e-001  1.635558e-001
    outer loop
      vertex  1.831713e+001 -2.594728e+000  1.650000e+002
      vertex  1.593461e+001 -1.445087e+000  1.800000e+002
      vertex  1.589846e+001 -1.799735e+000  1.800000e+002
    endloop
  endfacet
  facet normal  9.491099e-001 -2.678547e-001  1.656632e-001
    outer loop
      vertex  1.559982e+001 -3.556068e+000  1.800000e+002
      vertex  1.775167e+001 -5.208481e+000  1.650000e+002
      vertex  1.785552e+001 -4.840497e+000  1.650000e+002
    endloop
  endfacet
  facet normal  9.640897e-001 -2.085754e-001  1.644002e-001
    outer loop
      vertex  1.567517e+001 -3.207638e+000  1.800000e+002
      vertex  1.804030e+001 -4.098483e+000  1.650000e+002
      vertex  1.812115e+001 -3.724771e+000  1.650000e+002
    endloop
  endfacet
  facet normal  9.685153e-001 -1.869713e-001  1.643770e-001
    outer loop
      vertex  1.574275e+001 -2.857615e+000  1.800000e+002
      vertex  1.567517e+001 -3.207638e+000  1.800000e+002
      vertex  1.812115e+001 -3.724771e+000  1.650000e+002
    endloop
  endfacet
  facet normal  9.725404e-001 -1.653656e-001  1.637662e-001
    outer loop
      vertex  1.812115e+001 -3.724771e+000  1.650000e+002
      vertex  1.580250e+001 -2.506174e+000  1.800000e+002
      vertex  1.574275e+001 -2.857615e+000  1.800000e+002
    endloop
  endfacet
  facet normal  9.307268e-001 -3.261635e-001  1.654231e-001
    outer loop
      vertex  1.532746e+001 -4.590080e+000  1.800000e+002
      vertex  1.739481e+001 -6.298461e+000  1.650000e+002
      vertex  1.752126e+001 -5.937619e+000  1.650000e+002
    endloop
  endfacet
  facet normal  9.087600e-001 -3.832256e-001  1.652070e-001
    outer loop
      vertex  1.498665e+001 -5.603592e+000  1.800000e+002
      vertex  1.697109e+001 -7.364234e+000  1.650000e+002
      vertex  1.711967e+001 -7.011921e+000  1.650000e+002
    endloop
  endfacet
  facet normal  9.349885e-001 -3.144069e-001  1.641491e-001
    outer loop
      vertex  1.522140e+001 -4.930421e+000  1.800000e+002
      vertex  1.510777e+001 -5.268314e+000  1.800000e+002
      vertex  1.739481e+001 -6.298461e+000  1.650000e+002
    endloop
  endfacet
  facet normal  9.419037e-001 -2.935430e-001  1.632482e-001
    outer loop
      vertex  1.739481e+001 -6.298461e+000  1.650000e+002
      vertex  1.532746e+001 -4.590080e+000  1.800000e+002
      vertex  1.522140e+001 -4.930421e+000  1.800000e+002
    endloop
  endfacet
  facet normal  8.832942e-001 -4.388181e-001  1.650149e-001
    outer loop
      vertex  1.457891e+001 -6.592076e+000  1.800000e+002
      vertex  1.648215e+001 -8.401703e+000  1.650000e+002
      vertex  1.665227e+001 -8.059273e+000  1.650000e+002
    endloop
  endfacet
  facet normal  9.118823e-001 -3.761476e-001  1.642669e-001
    outer loop
      vertex  1.485809e+001 -5.936088e+000  1.800000e+002
      vertex  1.472215e+001 -6.265637e+000  1.800000e+002
      vertex  1.697109e+001 -7.364234e+000  1.650000e+002
    endloop
  endfacet
  facet normal  9.201560e-001 -3.557848e-001  1.634937e-001
    outer loop
      vertex  1.697109e+001 -7.364234e+000  1.650000e+002
      vertex  1.498665e+001 -5.603592e+000  1.800000e+002
      vertex  1.485809e+001 -5.936088e+000  1.800000e+002
    endloop
  endfacet
  facet normal  8.544301e-001 -4.927217e-001  1.648465e-001
    outer loop
      vertex  1.410605e+001 -7.551119e+000  1.800000e+002
      vertex  1.592986e+001 -9.406880e+000  1.650000e+002
      vertex  1.612087e+001 -9.075650e+000  1.650000e+002
    endloop
  endfacet
  facet normal  8.847089e-001 -4.362073e-001  1.643571e-001
    outer loop
      vertex  1.442842e+001 -6.915243e+000  1.800000e+002
      vertex  1.427078e+001 -7.234977e+000  1.800000e+002
      vertex  1.648215e+001 -8.401703e+000  1.650000e+002
    endloop
  endfacet
  facet normal  8.943047e-001 -4.164343e-001  1.637115e-001
    outer loop
      vertex  1.648215e+001 -8.401703e+000  1.650000e+002
      vertex  1.457891e+001 -6.592076e+000  1.800000e+002
      vertex  1.442842e+001 -6.915243e+000  1.800000e+002
    endloop
  endfacet
  facet normal  8.441344e-001 -5.103147e-001  1.643661e-001
    outer loop
      vertex  1.573205e+001 -9.734092e+000  1.650000e+002
      vertex  1.592986e+001 -9.406880e+000  1.650000e+002
      vertex  1.375567e+001 -8.172003e+000  1.800000e+002
    endloop
  endfacet
  facet normal  8.535889e-001 -4.943200e-001  1.644197e-001
    outer loop
      vertex  1.375567e+001 -8.172003e+000  1.800000e+002
      vertex  1.592986e+001 -9.406880e+000  1.650000e+002
      vertex  1.393432e+001 -7.863513e+000  1.800000e+002
    endloop
  endfacet
  facet normal  8.644646e-001 -4.752234e-001  1.639017e-001
    outer loop
      vertex  1.592986e+001 -9.406880e+000  1.650000e+002
      vertex  1.410605e+001 -7.551119e+000  1.800000e+002
      vertex  1.393432e+001 -7.863513e+000  1.800000e+002
    endloop
  endfacet
  facet normal  7.744122e-001 -6.107159e-001  1.652636e-001
    outer loop
      vertex  1.297372e+001 -9.363896e+000  1.800000e+002
      vertex  1.440720e+001 -1.160528e+001  1.650000e+002
      vertex  1.464397e+001 -1.130505e+001  1.650000e+002
    endloop
  endfacet
  facet normal  8.108931e-001 -5.616447e-001  1.643400e-001
    outer loop
      vertex  1.509864e+001 -1.069023e+001  1.650000e+002
      vertex  1.531635e+001 -1.037590e+001  1.650000e+002
      vertex  1.317912e+001 -9.072531e+000  1.800000e+002
    endloop
  endfacet
  facet normal  7.351062e-001 -6.575504e-001  1.650648e-001
    outer loop
      vertex  1.231931e+001 -1.020953e+001  1.800000e+002
      vertex  1.366039e+001 -1.247573e+001  1.650000e+002
      vertex  1.391531e+001 -1.219074e+001  1.650000e+002
    endloop
  endfacet
  facet normal  6.929671e-001 -7.018602e-001  1.648900e-001
    outer loop
      vertex  1.160988e+001 -1.100957e+001  1.800000e+002
      vertex  1.286108e+001 -1.329822e+001  1.650000e+002
      vertex  1.313316e+001 -1.302958e+001  1.650000e+002
    endloop
  endfacet
  facet normal  7.380328e-001 -6.544476e-001  1.643354e-001
    outer loop
      vertex  1.208879e+001 -1.048146e+001  1.800000e+002
      vertex  1.185228e+001 -1.074819e+001  1.800000e+002
      vertex  1.366039e+001 -1.247573e+001  1.650000e+002
    endloop
  endfacet
  facet normal  7.525159e-001 -6.379161e-001  1.636550e-001
    outer loop
      vertex  1.366039e+001 -1.247573e+001  1.650000e+002
      vertex  1.231931e+001 -1.020953e+001  1.800000e+002
      vertex  1.208879e+001 -1.048146e+001  1.800000e+002
    endloop
  endfacet
  facet normal  6.783730e-001 -7.160937e-001  1.643774e-001
    outer loop
      vertex  1.258350e+001 -1.356118e+001  1.650000e+002
      vertex  1.286108e+001 -1.329822e+001  1.650000e+002
      vertex  1.110791e+001 -1.151583e+001  1.800000e+002
    endloop
  endfacet
  facet normal  6.926646e-001 -7.022724e-001  1.644054e-001
    outer loop
      vertex  1.110791e+001 -1.151583e+001  1.800000e+002
      vertex  1.286108e+001 -1.329822e+001  1.650000e+002
      vertex  1.136171e+001 -1.126550e+001  1.800000e+002
    endloop
  endfacet
  facet normal  7.082045e-001 -6.867305e-001  1.638526e-001
    outer loop
      vertex  1.286108e+001 -1.329822e+001  1.650000e+002
      vertex  1.160988e+001 -1.100957e+001  1.800000e+002
      vertex  1.136171e+001 -1.126550e+001  1.800000e+002
    endloop
  endfacet
  facet normal  6.327015e-001 -7.567560e-001  1.643447e-001
    outer loop
      vertex  1.171899e+001 -1.431486e+001  1.650000e+002
      vertex  1.201233e+001 -1.406961e+001  1.650000e+002
      vertex  1.031393e+001 -1.223204e+001  1.800000e+002
    endloop
  endfacet
  facet normal  5.845929e-001 -7.945092e-001  1.643360e-001
    outer loop
      vertex  1.080945e+001 -1.501352e+001  1.650000e+002
      vertex  1.111742e+001 -1.478692e+001  1.650000e+002
      vertex  9.473890e+000 -1.289362e+001  1.800000e+002
    endloop
  endfacet
  facet normal  5.342339e-001 -8.292061e-001  1.643513e-001
    outer loop
      vertex  9.858354e+000 -1.565448e+001  1.650000e+002
      vertex  1.017978e+001 -1.544740e+001  1.650000e+002
      vertex  8.591536e+000 -1.349761e+001  1.800000e+002
    endloop
  endfacet
  facet normal -1.519698e-001  9.748291e-001  1.631355e-001
    outer loop
      vertex -1.981260e+000  1.839360e+001  1.650000e+002
      vertex -2.640474e+000  1.578062e+001  1.800000e+002
      vertex -2.288242e+000  1.583553e+001  1.800000e+002
    endloop
  endfacet
  facet normal -1.301901e-001  9.778163e-001  1.640907e-001
    outer loop
      vertex -1.981260e+000  1.839360e+001  1.650000e+002
      vertex -2.288242e+000  1.583553e+001  1.800000e+002
      vertex -1.934875e+000  1.588258e+001  1.800000e+002
    endloop
  endfacet
  facet normal  2.406356e-001  9.567350e-001  1.635627e-001
    outer loop
      vertex  5.208481e+000  1.775167e+001  1.650000e+002
      vertex  3.729632e+000  1.555924e+001  1.800000e+002
      vertex  4.075350e+000  1.547228e+001  1.800000e+002
    endloop
  endfacet
  facet normal  2.618593e-001  9.510185e-001  1.642973e-001
    outer loop
      vertex  5.208481e+000  1.775167e+001  1.650000e+002
      vertex  4.075350e+000  1.547228e+001  1.800000e+002
      vertex  4.419045e+000  1.537765e+001  1.800000e+002
    endloop
  endfacet
  facet normal  5.446984e-001  8.222259e-001  1.650705e-001
    outer loop
      vertex  8.324737e+000  1.366378e+001  1.800000e+002
      vertex  1.037590e+001  1.531635e+001  1.650000e+002
      vertex  1.005715e+001  1.552752e+001  1.650000e+002
    endloop
  endfacet
  facet normal  5.774353e-001  8.000394e-001  1.628050e-001
    outer loop
      vertex  1.160528e+001  1.440720e+001  1.650000e+002
      vertex  9.218786e+000  1.307723e+001  1.800000e+002
      vertex  9.507845e+000  1.286860e+001  1.800000e+002
    endloop
  endfacet
  facet normal  5.950066e-001  7.868299e-001  1.639071e-001
    outer loop
      vertex  1.160528e+001  1.440720e+001  1.650000e+002
      vertex  9.507845e+000  1.286860e+001  1.800000e+002
      vertex  9.792184e+000  1.265358e+001  1.800000e+002
    endloop
  endfacet
  facet normal  8.438750e-001  5.110894e-001  1.632872e-001
    outer loop
      vertex  1.623528e+001  8.869372e+000  1.650000e+002
      vertex  1.359249e+001  8.440637e+000  1.800000e+002
      vertex  1.377716e+001  8.135715e+000  1.800000e+002
    endloop
  endfacet
  facet normal  8.549249e-001  4.920895e-001  1.641687e-001
    outer loop
      vertex  1.623528e+001  8.869372e+000  1.650000e+002
      vertex  1.377716e+001  8.135715e+000  1.800000e+002
      vertex  1.395500e+001  7.826756e+000  1.800000e+002
    endloop
  endfacet
  facet normal  9.763717e-001  1.410853e-001  1.636867e-001
    outer loop
      vertex  1.839360e+001  1.981260e+000  1.650000e+002
      vertex  1.580905e+001  2.464511e+000  1.800000e+002
      vertex  1.586004e+001  2.111690e+000  1.800000e+002
    endloop
  endfacet
  facet normal  9.791633e-001  1.192859e-001  1.643477e-001
    outer loop
      vertex  1.839360e+001  1.981260e+000  1.650000e+002
      vertex  1.586004e+001  2.111690e+000  1.800000e+002
      vertex  1.590315e+001  1.757821e+000  1.800000e+002
    endloop
  endfacet
  facet normal  9.839282e-001 -6.738525e-002  1.653617e-001
    outer loop
      vertex  1.599555e+001 -3.775454e-001  1.800000e+002
      vertex  1.844272e+001 -1.454714e+000  1.650000e+002
      vertex  1.846884e+001 -1.073249e+000  1.650000e+002
    endloop
  endfacet
  facet normal  9.594508e-001 -2.299856e-001  1.629750e-001
    outer loop
      vertex  1.775167e+001 -5.208481e+000  1.650000e+002
      vertex  1.559982e+001 -3.556068e+000  1.800000e+002
      vertex  1.551672e+001 -3.902733e+000  1.800000e+002
    endloop
  endfacet
  facet normal  9.539239e-001 -2.512606e-001  1.640034e-001
    outer loop
      vertex  1.775167e+001 -5.208481e+000  1.650000e+002
      vertex  1.551672e+001 -3.902733e+000  1.800000e+002
      vertex  1.542592e+001 -4.247461e+000  1.800000e+002
    endloop
  endfacet
  facet normal  7.934739e-001 -5.862507e-001  1.634295e-001
    outer loop
      vertex  1.440720e+001 -1.160528e+001  1.650000e+002
      vertex  1.297372e+001 -9.363896e+000  1.800000e+002
      vertex  1.276188e+001 -9.650613e+000  1.800000e+002
    endloop
  endfacet
  facet normal  7.801088e-001 -6.037022e-001  1.642376e-001
    outer loop
      vertex  1.440720e+001 -1.160528e+001  1.650000e+002
      vertex  1.276188e+001 -9.650613e+000  1.800000e+002
      vertex  1.254371e+001 -9.932539e+000  1.800000e+002
    endloop
  endfacet
  facet normal  4.817783e-001 -8.606312e-001  1.649353e-001
    outer loop
      vertex  8.869372e+000 -1.623528e+001  1.650000e+002
      vertex  9.203011e+000 -1.604851e+001  1.650000e+002
      vertex  8.288691e+000 -1.368567e+001  1.800000e+002
    endloop
  endfacet
  facet normal  5.016145e-001 -8.494421e-001  1.638014e-001
    outer loop
      vertex  8.869372e+000 -1.623528e+001  1.650000e+002
      vertex  8.288691e+000 -1.368567e+001  1.800000e+002
      vertex  7.981730e+000 -1.386694e+001  1.800000e+002
    endloop
  endfacet
  facet normal  4.825166e-001 -8.603221e-001  1.643890e-001
    outer loop
      vertex  8.869372e+000 -1.623528e+001  1.650000e+002
      vertex  7.981730e+000 -1.386694e+001  1.800000e+002
      vertex  7.670809e+000 -1.404132e+001  1.800000e+002
    endloop
  endfacet
  facet normal -4.633444e-001  8.710714e-001  1.629310e-001
    outer loop
      vertex -7.670809e+000  1.404132e+001  1.800000e+002
      vertex -7.356079e+000  1.420873e+001  1.800000e+002
      vertex -7.846303e+000  1.675367e+001  1.650000e+002
    endloop
  endfacet
  facet normal -4.274688e-001  8.887144e-001  1.657016e-001
    outer loop
      vertex -7.670809e+000  1.404132e+001  1.800000e+002
      vertex -7.846303e+000  1.675367e+001  1.650000e+002
      vertex -8.190873e+000  1.658793e+001  1.650000e+002
    endloop
  endfacet
  facet normal -4.458099e-001  8.798212e-001  1.648276e-001
    outer loop
      vertex -7.670809e+000  1.404132e+001  1.800000e+002
      vertex -8.190873e+000  1.658793e+001  1.650000e+002
      vertex -8.531945e+000  1.641511e+001  1.650000e+002
    endloop
  endfacet
  facet normal -4.639314e-001  8.704847e-001  1.643904e-001
    outer loop
      vertex -7.670809e+000  1.404132e+001  1.800000e+002
      vertex -8.531945e+000  1.641511e+001  1.650000e+002
      vertex -8.869372e+000  1.623528e+001  1.650000e+002
    endloop
  endfacet
  facet normal -4.090780e-001  8.975071e-001  1.647306e-001
    outer loop
      vertex -7.846303e+000  1.675367e+001  1.650000e+002
      vertex -7.037697e+000  1.436909e+001  1.800000e+002
      vertex -7.498381e+000  1.691225e+001  1.650000e+002
    endloop
  endfacet
  facet normal -4.240015e-001  8.906829e-001  1.640319e-001
    outer loop
      vertex -7.498381e+000  1.691225e+001  1.650000e+002
      vertex -7.037697e+000  1.436909e+001  1.800000e+002
      vertex -6.715822e+000  1.452232e+001  1.800000e+002
    endloop
  endfacet
  facet normal -3.904431e-001  9.057774e-001  1.646862e-001
    outer loop
      vertex -7.498381e+000  1.691225e+001  1.650000e+002
      vertex -6.715822e+000  1.452232e+001  1.800000e+002
      vertex -7.147255e+000  1.706361e+001  1.650000e+002
    endloop
  endfacet
  facet normal -3.526848e-001  9.211507e-001  1.646052e-001
    outer loop
      vertex -6.793077e+000  1.720768e+001  1.650000e+002
      vertex -6.062232e+000  1.480707e+001  1.800000e+002
      vertex -6.435997e+000  1.734439e+001  1.650000e+002
    endloop
  endfacet
  facet normal -3.635551e-001  9.169923e-001  1.641726e-001
    outer loop
      vertex -6.435997e+000  1.734439e+001  1.650000e+002
      vertex -6.062232e+000  1.480707e+001  1.800000e+002
      vertex -5.730841e+000  1.493846e+001  1.800000e+002
    endloop
  endfacet
  facet normal -3.335719e-001  9.282494e-001  1.645687e-001
    outer loop
      vertex -6.435997e+000  1.734439e+001  1.650000e+002
      vertex -5.730841e+000  1.493846e+001  1.800000e+002
      vertex -6.076167e+000  1.747370e+001  1.650000e+002
    endloop
  endfacet
  facet normal -2.949351e-001  9.412501e-001  1.645035e-001
    outer loop
      vertex -5.713742e+000  1.759554e+001  1.650000e+002
      vertex -5.059690e+000  1.517892e+001  1.800000e+002
      vertex -5.348876e+000  1.770987e+001  1.650000e+002
    endloop
  endfacet
  facet normal -3.014907e-001  9.392090e-001  1.642855e-001
    outer loop
      vertex -5.348876e+000  1.770987e+001  1.650000e+002
      vertex -5.059690e+000  1.517892e+001  1.800000e+002
      vertex -4.720264e+000  1.528787e+001  1.800000e+002
    endloop
  endfacet
  facet normal -2.754174e-001  9.471500e-001  1.644750e-001
    outer loop
      vertex -5.348876e+000  1.770987e+001  1.650000e+002
      vertex -4.720264e+000  1.528787e+001  1.800000e+002
      vertex -4.981726e+000  1.781663e+001  1.650000e+002
    endloop
  endfacet
  facet normal -2.360410e-001  9.577310e-001  1.644259e-001
    outer loop
      vertex -4.612447e+000  1.791578e+001  1.650000e+002
      vertex -4.034552e+000  1.548297e+001  1.800000e+002
      vertex -4.241198e+000  1.800728e+001  1.650000e+002
    endloop
  endfacet
  facet normal -2.380807e-001  9.572356e-001  1.643706e-001
    outer loop
      vertex -4.241198e+000  1.800728e+001  1.650000e+002
      vertex -4.034552e+000  1.548297e+001  1.800000e+002
      vertex -3.688606e+000  1.556901e+001  1.800000e+002
    endloop
  endfacet
  facet normal -2.162024e-001  9.624071e-001  1.644053e-001
    outer loop
      vertex -4.241198e+000  1.800728e+001  1.650000e+002
      vertex -3.688606e+000  1.556901e+001  1.800000e+002
      vertex -3.868138e+000  1.809109e+001  1.650000e+002
    endloop
  endfacet
  facet normal -1.561429e-001  9.738945e-001  1.647690e-001
    outer loop
      vertex -3.117219e+000  1.823549e+001  1.650000e+002
      vertex -2.991394e+000  1.571787e+001  1.800000e+002
      vertex -2.739683e+000  1.829601e+001  1.650000e+002
    endloop
  endfacet
  facet normal -1.736249e-001  9.710624e-001  1.639888e-001
    outer loop
      vertex -2.739683e+000  1.829601e+001  1.650000e+002
      vertex -2.991394e+000  1.571787e+001  1.800000e+002
      vertex -2.640474e+000  1.578062e+001  1.800000e+002
    endloop
  endfacet
  facet normal -1.359803e-001  9.769216e-001  1.647224e-001
    outer loop
      vertex -2.739683e+000  1.829601e+001  1.650000e+002
      vertex -2.640474e+000  1.578062e+001  1.800000e+002
      vertex -2.360976e+000  1.834873e+001  1.650000e+002
    endloop
  endfacet
  facet normal -9.549341e-002  9.817207e-001  1.646370e-001
    outer loop
      vertex -1.981260e+000  1.839360e+001  1.650000e+002
      vertex -1.934875e+000  1.588258e+001  1.800000e+002
      vertex -1.600698e+000  1.843062e+001  1.650000e+002
    endloop
  endfacet
  facet normal -1.083755e-001  9.804661e-001  1.641369e-001
    outer loop
      vertex -1.600698e+000  1.843062e+001  1.650000e+002
      vertex -1.934875e+000  1.588258e+001  1.800000e+002
      vertex -1.580548e+000  1.592174e+001  1.800000e+002
    endloop
  endfacet
  facet normal -7.518287e-002  9.834912e-001  1.645983e-001
    outer loop
      vertex -1.600698e+000  1.843062e+001  1.650000e+002
      vertex -1.580548e+000  1.592174e+001  1.800000e+002
      vertex -1.219452e+000  1.845976e+001  1.650000e+002
    endloop
  endfacet
  facet normal -3.447759e-002  9.857695e-001  1.645289e-001
    outer loop
      vertex -8.376858e-001  1.848103e+001  1.650000e+002
      vertex -8.697155e-001  1.597635e+001  1.800000e+002
      vertex -4.555613e-001  1.849439e+001  1.650000e+002
    endloop
  endfacet
  facet normal -4.264214e-002  9.854954e-001  1.642575e-001
    outer loop
      vertex -4.555613e-001  1.849439e+001  1.650000e+002
      vertex -8.697155e-001  1.597635e+001  1.800000e+002
      vertex -5.135633e-001  1.599176e+001  1.800000e+002
    endloop
  endfacet
  facet normal -1.409736e-002  9.862767e-001  1.644982e-001
    outer loop
      vertex -4.555613e-001  1.849439e+001  1.650000e+002
      vertex -5.135633e-001  1.599176e+001  1.800000e+002
      vertex -7.324232e-002  1.849986e+001  1.650000e+002
    endloop
  endfacet
  facet normal  2.667421e-002  9.860255e-001  1.644447e-001
    outer loop
      vertex  3.091080e-001  1.849742e+001  1.650000e+002
      vertex  1.993289e-001  1.599876e+001  1.800000e+002
      vertex  6.913263e-001  1.848708e+001  1.650000e+002
    endloop
  endfacet
  facet normal  2.327453e-002  9.861275e-001  1.643501e-001
    outer loop
      vertex  6.913263e-001  1.848708e+001  1.650000e+002
      vertex  1.993289e-001  1.599876e+001  1.800000e+002
      vertex  5.557150e-001  1.599035e+001  1.800000e+002
    endloop
  endfacet
  facet normal  4.704450e-002  9.852676e-001  1.644219e-001
    outer loop
      vertex  6.913263e-001  1.848708e+001  1.650000e+002
      vertex  5.557150e-001  1.599035e+001  1.800000e+002
      vertex  1.073249e+000  1.846884e+001  1.650000e+002
    endloop
  endfacet
  facet normal  1.080029e-001  9.803945e-001  1.648093e-001
    outer loop
      vertex  1.835557e+000  1.840871e+001  1.650000e+002
      vertex  1.267483e+000  1.594972e+001  1.800000e+002
      vertex  2.215616e+000  1.836685e+001  1.650000e+002
    endloop
  endfacet
  facet normal  8.909603e-002  9.824380e-001  1.639436e-001
    outer loop
      vertex  2.215616e+000  1.836685e+001  1.650000e+002
      vertex  1.267483e+000  1.594972e+001  1.800000e+002
      vertex  1.622511e+000  1.591752e+001  1.800000e+002
    endloop
  endfacet
  facet normal  1.282404e-001  9.779614e-001  1.647604e-001
    outer loop
      vertex  2.215616e+000  1.836685e+001  1.650000e+002
      vertex  1.622511e+000  1.591752e+001  1.800000e+002
      vertex  2.594728e+000  1.831713e+001  1.650000e+002
    endloop
  endfacet
  facet normal  1.109615e-001  9.802000e-001  1.639986e-001
    outer loop
      vertex  2.594728e+000  1.831713e+001  1.650000e+002
      vertex  1.622511e+000  1.591752e+001  1.800000e+002
      vertex  1.976734e+000  1.587742e+001  1.800000e+002
    endloop
  endfacet
  facet normal  1.327604e-001  9.774114e-001  1.644432e-001
    outer loop
      vertex  2.594728e+000  1.831713e+001  1.650000e+002
      vertex  1.976734e+000  1.587742e+001  1.800000e+002
      vertex  2.329976e+000  1.582944e+001  1.800000e+002
    endloop
  endfacet
  facet normal  1.685448e-001  9.718417e-001  1.646706e-001
    outer loop
      vertex  2.972733e+000  1.825960e+001  1.650000e+002
      vertex  2.329976e+000  1.582944e+001  1.800000e+002
      vertex  3.349467e+000  1.819426e+001  1.650000e+002
    endloop
  endfacet
  facet normal  1.545128e-001  9.742675e-001  1.640994e-001
    outer loop
      vertex  3.349467e+000  1.819426e+001  1.650000e+002
      vertex  2.329976e+000  1.582944e+001  1.800000e+002
      vertex  2.682061e+000  1.577360e+001  1.800000e+002
    endloop
  endfacet
  facet normal  1.885959e-001  9.681573e-001  1.646298e-001
    outer loop
      vertex  3.349467e+000  1.819426e+001  1.650000e+002
      vertex  2.682061e+000  1.577360e+001  1.800000e+002
      vertex  3.724771e+000  1.812115e+001  1.650000e+002
    endloop
  endfacet
  facet normal  1.761775e-001  9.705760e-001  1.641451e-001
    outer loop
      vertex  3.724771e+000  1.812115e+001  1.650000e+002
      vertex  2.682061e+000  1.577360e+001  1.800000e+002
      vertex  3.032815e+000  1.570993e+001  1.800000e+002
    endloop
  endfacet
  facet normal  1.977479e-001  9.663581e-001  1.644621e-001
    outer loop
      vertex  3.724771e+000  1.812115e+001  1.650000e+002
      vertex  3.032815e+000  1.570993e+001  1.800000e+002
      vertex  3.382063e+000  1.563847e+001  1.800000e+002
    endloop
  endfacet
  facet normal  2.284487e-001  9.595481e-001  1.645560e-001
    outer loop
      vertex  4.098483e+000  1.804030e+001  1.650000e+002
      vertex  3.382063e+000  1.563847e+001  1.800000e+002
      vertex  4.470445e+000  1.795174e+001  1.650000e+002
    endloop
  endfacet
  facet normal  2.192362e-001  9.617509e-001  1.642273e-001
    outer loop
      vertex  4.470445e+000  1.795174e+001  1.650000e+002
      vertex  3.382063e+000  1.563847e+001  1.800000e+002
      vertex  3.729632e+000  1.555924e+001  1.800000e+002
    endloop
  endfacet
  facet normal  2.482293e-001  9.546279e-001  1.645231e-001
    outer loop
      vertex  4.470445e+000  1.795174e+001  1.650000e+002
      vertex  3.729632e+000  1.555924e+001  1.800000e+002
      vertex  4.840497e+000  1.785552e+001  1.650000e+002
    endloop
  endfacet
  facet normal  2.874727e-001  9.435627e-001  1.644653e-001
    outer loop
      vertex  5.208481e+000  1.775167e+001  1.650000e+002
      vertex  4.419045e+000  1.537765e+001  1.800000e+002
      vertex  5.574241e+000  1.764023e+001  1.650000e+002
    endloop
  endfacet
  facet normal  2.829798e-001  9.449439e-001  1.643276e-001
    outer loop
      vertex  5.574241e+000  1.764023e+001  1.650000e+002
      vertex  4.419045e+000  1.537765e+001  1.800000e+002
      vertex  4.760546e+000  1.527538e+001  1.800000e+002
    endloop
  endfacet
  facet normal  3.069147e-001  9.374235e-001  1.644403e-001
    outer loop
      vertex  5.574241e+000  1.764023e+001  1.650000e+002
      vertex  4.760546e+000  1.527538e+001  1.800000e+002
      vertex  5.937619e+000  1.752126e+001  1.650000e+002
    endloop
  endfacet
  facet normal  3.643852e-001  9.165410e-001  1.648512e-001
    outer loop
      vertex  6.656613e+000  1.726092e+001  1.650000e+002
      vertex  5.436290e+000  1.504815e+001  1.800000e+002
      vertex  7.011921e+000  1.711967e+001  1.650000e+002
    endloop
  endfacet
  facet normal  3.454875e-001  9.240001e-001  1.638962e-001
    outer loop
      vertex  7.011921e+000  1.711967e+001  1.650000e+002
      vertex  5.436290e+000  1.504815e+001  1.800000e+002
      vertex  5.770198e+000  1.492330e+001  1.800000e+002
    endloop
  endfacet
  facet normal  3.832524e-001  9.088226e-001  1.648001e-001
    outer loop
      vertex  7.011921e+000  1.711967e+001  1.650000e+002
      vertex  5.770198e+000  1.492330e+001  1.800000e+002
      vertex  7.364234e+000  1.697109e+001  1.650000e+002
    endloop
  endfacet
  facet normal  3.659861e-001  9.160640e-001  1.639538e-001
    outer loop
      vertex  7.364234e+000  1.697109e+001  1.650000e+002
      vertex  5.770198e+000  1.492330e+001  1.800000e+002
      vertex  6.101241e+000  1.479104e+001  1.800000e+002
    endloop
  endfacet
  facet normal  3.862700e-001  9.076108e-001  1.644332e-001
    outer loop
      vertex  7.364234e+000  1.697109e+001  1.650000e+002
      vertex  6.101241e+000  1.479104e+001  1.800000e+002
      vertex  6.429256e+000  1.465144e+001  1.800000e+002
    endloop
  endfacet
  facet normal  4.204902e-001  8.922219e-001  1.647061e-001
    outer loop
      vertex  7.713401e+000  1.681528e+001  1.650000e+002
      vertex  6.429256e+000  1.465144e+001  1.800000e+002
      vertex  8.059273e+000  1.665227e+001  1.650000e+002
    endloop
  endfacet
  facet normal  4.064241e-001  8.988348e-001  1.640596e-001
    outer loop
      vertex  8.059273e+000  1.665227e+001  1.650000e+002
      vertex  6.429256e+000  1.465144e+001  1.800000e+002
      vertex  6.754079e+000  1.450457e+001  1.800000e+002
    endloop
  endfacet
  facet normal  4.388445e-001  8.833467e-001  1.646631e-001
    outer loop
      vertex  8.059273e+000  1.665227e+001  1.650000e+002
      vertex  6.754079e+000  1.450457e+001  1.800000e+002
      vertex  8.401703e+000  1.648215e+001  1.650000e+002
    endloop
  endfacet
  facet normal  4.263429e-001  8.895507e-001  1.641078e-001
    outer loop
      vertex  8.401703e+000  1.648215e+001  1.650000e+002
      vertex  6.754079e+000  1.450457e+001  1.800000e+002
      vertex  7.075549e+000  1.435049e+001  1.800000e+002
    endloop
  endfacet
  facet normal  4.460292e-001  8.797789e-001  1.644596e-001
    outer loop
      vertex  8.401703e+000  1.648215e+001  1.650000e+002
      vertex  7.075549e+000  1.435049e+001  1.800000e+002
      vertex  7.393507e+000  1.418929e+001  1.800000e+002
    endloop
  endfacet
  facet normal  4.847956e-001  8.590695e-001  1.642341e-001
    outer loop
      vertex  8.018255e+000  1.384585e+001  1.800000e+002
      vertex  9.406880e+000  1.592986e+001  1.650000e+002
      vertex  7.707794e+000  1.402105e+001  1.800000e+002
    endloop
  endfacet
  facet normal  4.927465e-001  8.544732e-001  1.645498e-001
    outer loop
      vertex  7.707794e+000  1.402105e+001  1.800000e+002
      vertex  9.406880e+000  1.592986e+001  1.650000e+002
      vertex  9.075650e+000  1.612087e+001  1.650000e+002
    endloop
  endfacet
  facet normal  4.655393e-001  8.696625e-001  1.641952e-001
    outer loop
      vertex  7.707794e+000  1.402105e+001  1.800000e+002
      vertex  9.075650e+000  1.612087e+001  1.650000e+002
      vertex  7.393507e+000  1.418929e+001  1.800000e+002
    endloop
  endfacet
  facet normal  4.749768e-001  8.644702e-001  1.645849e-001
    outer loop
      vertex  7.393507e+000  1.418929e+001  1.800000e+002
      vertex  9.075650e+000  1.612087e+001  1.650000e+002
      vertex  8.740543e+000  1.630500e+001  1.650000e+002
    endloop
  endfacet
  facet normal  4.570274e-001  8.741392e-001  1.643368e-001
    outer loop
      vertex  7.393507e+000  1.418929e+001  1.800000e+002
      vertex  8.740543e+000  1.630500e+001  1.650000e+002
      vertex  8.401703e+000  1.648215e+001  1.650000e+002
    endloop
  endfacet
  facet normal  5.103012e-001  8.441129e-001  1.645173e-001
    outer loop
      vertex  9.406880e+000  1.592986e+001  1.650000e+002
      vertex  8.018255e+000  1.384585e+001  1.800000e+002
      vertex  9.734092e+000  1.573205e+001  1.650000e+002
    endloop
  endfacet
  facet normal  5.038123e-001  8.480498e-001  1.642701e-001
    outer loop
      vertex  9.734092e+000  1.573205e+001  1.650000e+002
      vertex  8.018255e+000  1.384585e+001  1.800000e+002
      vertex  8.324737e+000  1.366378e+001  1.800000e+002
    endloop
  endfacet
  facet normal  5.276402e-001  8.333905e-001  1.644876e-001
    outer loop
      vertex  9.734092e+000  1.573205e+001  1.650000e+002
      vertex  8.324737e+000  1.366378e+001  1.800000e+002
      vertex  1.005715e+001  1.552752e+001  1.650000e+002
    endloop
  endfacet
  facet normal  5.616355e-001  8.108800e-001  1.644361e-001
    outer loop
      vertex  1.037590e+001  1.531635e+001  1.650000e+002
      vertex  8.925151e+000  1.327937e+001  1.800000e+002
      vertex  1.069023e+001  1.509864e+001  1.650000e+002
    endloop
  endfacet
  facet normal  5.593210e-001  8.124937e-001  1.643595e-001
    outer loop
      vertex  1.069023e+001  1.509864e+001  1.650000e+002
      vertex  8.925151e+000  1.327937e+001  1.800000e+002
      vertex  9.218786e+000  1.307723e+001  1.800000e+002
    endloop
  endfacet
  facet normal  5.782740e-001  7.991040e-001  1.644143e-001
    outer loop
      vertex  1.069023e+001  1.509864e+001  1.650000e+002
      vertex  9.218786e+000  1.307723e+001  1.800000e+002
      vertex  1.099999e+001  1.487448e+001  1.650000e+002
    endloop
  endfacet
  facet normal  6.266426e-001  7.616844e-001  1.647913e-001
    outer loop
      vertex  1.160528e+001  1.440720e+001  1.650000e+002
      vertex  9.792184e+000  1.265358e+001  1.800000e+002
      vertex  1.190055e+001  1.416428e+001  1.650000e+002
    endloop
  endfacet
  facet normal  6.123822e-001  7.733718e-001  1.639639e-001
    outer loop
      vertex  1.190055e+001  1.416428e+001  1.650000e+002
      vertex  9.792184e+000  1.265358e+001  1.800000e+002
      vertex  1.007166e+001  1.243228e+001  1.800000e+002
    endloop
  endfacet
  facet normal  6.422532e-001  7.485790e-001  1.647432e-001
    outer loop
      vertex  1.190055e+001  1.416428e+001  1.650000e+002
      vertex  1.007166e+001  1.243228e+001  1.800000e+002
      vertex  1.219074e+001  1.391531e+001  1.650000e+002
    endloop
  endfacet
  facet normal  6.726518e-001  7.214071e-001  1.646556e-001
    outer loop
      vertex  1.247573e+001  1.366039e+001  1.650000e+002
      vertex  1.061548e+001  1.197128e+001  1.800000e+002
      vertex  1.275538e+001  1.339964e+001  1.650000e+002
    endloop
  endfacet
  facet normal  6.626527e-001  7.307239e-001  1.641163e-001
    outer loop
      vertex  1.275538e+001  1.339964e+001  1.650000e+002
      vertex  1.061548e+001  1.197128e+001  1.800000e+002
      vertex  1.087956e+001  1.173181e+001  1.800000e+002
    endloop
  endfacet
  facet normal  6.874193e-001  7.073588e-001  1.646155e-001
    outer loop
      vertex  1.275538e+001  1.339964e+001  1.650000e+002
      vertex  1.087956e+001  1.173181e+001  1.800000e+002
      vertex  1.302958e+001  1.313316e+001  1.650000e+002
    endloop
  endfacet
  facet normal  7.160735e-001  6.783541e-001  1.645437e-001
    outer loop
      vertex  1.329822e+001  1.286108e+001  1.650000e+002
      vertex  1.139137e+001  1.123551e+001  1.800000e+002
      vertex  1.356118e+001  1.258350e+001  1.650000e+002
    endloop
  endfacet
  facet normal  7.099666e-001  6.848155e-001  1.642410e-001
    outer loop
      vertex  1.356118e+001  1.258350e+001  1.650000e+002
      vertex  1.139137e+001  1.123551e+001  1.800000e+002
      vertex  1.163886e+001  1.097893e+001  1.800000e+002
    endloop
  endfacet
  facet normal  7.299448e-001  6.634128e-001  1.645119e-001
    outer loop
      vertex  1.356118e+001  1.258350e+001  1.650000e+002
      vertex  1.163886e+001  1.097893e+001  1.800000e+002
      vertex  1.381835e+001  1.230054e+001  1.650000e+002
    endloop
  endfacet
  facet normal  7.567418e-001  6.326896e-001  1.644558e-001
    outer loop
      vertex  1.406961e+001  1.201233e+001  1.650000e+002
      vertex  1.211638e+001  1.044956e+001  1.800000e+002
      vertex  1.431486e+001  1.171899e+001  1.650000e+002
    endloop
  endfacet
  facet normal  7.541096e-001  6.358551e-001  1.643379e-001
    outer loop
      vertex  1.431486e+001  1.171899e+001  1.650000e+002
      vertex  1.211638e+001  1.044956e+001  1.800000e+002
      vertex  1.234618e+001  1.017703e+001  1.800000e+002
    endloop
  endfacet
  facet normal  7.696602e-001  6.169158e-001  1.644320e-001
    outer loop
      vertex  1.431486e+001  1.171899e+001  1.650000e+002
      vertex  1.234618e+001  1.017703e+001  1.800000e+002
      vertex  1.455400e+001  1.142064e+001  1.650000e+002
    endloop
  endfacet
  facet normal  8.063549e-001  5.679983e-001  1.648324e-001
    outer loop
      vertex  1.501352e+001  1.080945e+001  1.650000e+002
      vertex  1.278728e+001  9.616940e+000  1.800000e+002
      vertex  1.523372e+001  1.049685e+001  1.650000e+002
    endloop
  endfacet
  facet normal  7.949506e-001  5.841101e-001  1.639176e-001
    outer loop
      vertex  1.523372e+001  1.049685e+001  1.650000e+002
      vertex  1.278728e+001  9.616940e+000  1.800000e+002
      vertex  1.299836e+001  9.329666e+000  1.800000e+002
    endloop
  endfacet
  facet normal  8.179265e-001  5.512197e-001  1.647823e-001
    outer loop
      vertex  1.523372e+001  1.049685e+001  1.650000e+002
      vertex  1.299836e+001  9.329666e+000  1.800000e+002
      vertex  1.544740e+001  1.017978e+001  1.650000e+002
    endloop
  endfacet
  facet normal  8.077603e-001  5.662472e-001  1.639740e-001
    outer loop
      vertex  1.544740e+001  1.017978e+001  1.650000e+002
      vertex  1.299836e+001  9.329666e+000  1.800000e+002
      vertex  1.320299e+001  9.037760e+000  1.800000e+002
    endloop
  endfacet
  facet normal  8.201092e-001  5.480703e-001  1.644379e-001
    outer loop
      vertex  1.544740e+001  1.017978e+001  1.650000e+002
      vertex  1.320299e+001  9.037760e+000  1.800000e+002
      vertex  1.340106e+001  8.741368e+000  1.800000e+002
    endloop
  endfacet
  facet normal  8.400203e-001  5.169556e-001  1.646900e-001
    outer loop
      vertex  1.565448e+001  9.858354e+000  1.650000e+002
      vertex  1.340106e+001  8.741368e+000  1.800000e+002
      vertex  1.585488e+001  9.532719e+000  1.650000e+002
    endloop
  endfacet
  facet normal  8.321677e-001  5.296937e-001  1.640775e-001
    outer loop
      vertex  1.585488e+001  9.532719e+000  1.650000e+002
      vertex  1.340106e+001  8.741368e+000  1.800000e+002
      vertex  1.359249e+001  8.440637e+000  1.800000e+002
    endloop
  endfacet
  facet normal  8.505320e-001  4.994861e-001  1.646481e-001
    outer loop
      vertex  1.585488e+001  9.532719e+000  1.650000e+002
      vertex  1.359249e+001  8.440637e+000  1.800000e+002
      vertex  1.604851e+001  9.203011e+000  1.650000e+002
    endloop
  endfacet
  facet normal  8.704581e-001  4.639169e-001  1.645719e-001
    outer loop
      vertex  1.623528e+001  8.869372e+000  1.650000e+002
      vertex  1.395500e+001  7.826756e+000  1.800000e+002
      vertex  1.641511e+001  8.531945e+000  1.650000e+002
    endloop
  endfacet
  facet normal  8.656692e-001  4.729186e-001  1.642096e-001
    outer loop
      vertex  1.641511e+001  8.531945e+000  1.650000e+002
      vertex  1.395500e+001  7.826756e+000  1.800000e+002
      vertex  1.412590e+001  7.513910e+000  1.800000e+002
    endloop
  endfacet
  facet normal  8.798643e-001  4.458320e-001  1.645376e-001
    outer loop
      vertex  1.641511e+001  8.531945e+000  1.650000e+002
      vertex  1.412590e+001  7.513910e+000  1.800000e+002
      vertex  1.658793e+001  8.190873e+000  1.650000e+002
    endloop
  endfacet
  facet normal  8.975459e-001  4.090950e-001  1.644775e-001
    outer loop
      vertex  1.675367e+001  7.846303e+000  1.650000e+002
      vertex  1.444660e+001  6.877186e+000  1.800000e+002
      vertex  1.691225e+001  7.498381e+000  1.650000e+002
    endloop
  endfacet
  facet normal  8.953085e-001  4.140331e-001  1.643142e-001
    outer loop
      vertex  1.691225e+001  7.498381e+000  1.650000e+002
      vertex  1.444660e+001  6.877186e+000  1.800000e+002
      vertex  1.459623e+001  6.553624e+000  1.800000e+002
    endloop
  endfacet
  facet normal  9.058133e-001  3.904586e-001  1.644513e-001
    outer loop
      vertex  1.691225e+001  7.498381e+000  1.650000e+002
      vertex  1.459623e+001  6.553624e+000  1.800000e+002
      vertex  1.706361e+001  7.147255e+000  1.650000e+002
    endloop
  endfacet
  facet normal  9.282012e-001  3.335545e-001  1.648753e-001
    outer loop
      vertex  1.734439e+001  6.435997e+000  1.650000e+002
      vertex  1.487369e+001  5.896902e+000  1.800000e+002
      vertex  1.747370e+001  6.076167e+000  1.650000e+002
    endloop
  endfacet
  facet normal  9.210329e-001  3.533345e-001  1.638692e-001
    outer loop
      vertex  1.747370e+001  6.076167e+000  1.650000e+002
      vertex  1.487369e+001  5.896902e+000  1.800000e+002
      vertex  1.500137e+001  5.564068e+000  1.800000e+002
    endloop
  endfacet
  facet normal  9.349043e-001  3.143047e-001  1.648230e-001
    outer loop
      vertex  1.747370e+001  6.076167e+000  1.650000e+002
      vertex  1.500137e+001  5.564068e+000  1.800000e+002
      vertex  1.759554e+001  5.713742e+000  1.650000e+002
    endloop
  endfacet
  facet normal  9.286664e-001  3.327257e-001  1.639280e-001
    outer loop
      vertex  1.759554e+001  5.713742e+000  1.650000e+002
      vertex  1.500137e+001  5.564068e+000  1.800000e+002
      vertex  1.512161e+001  5.228472e+000  1.800000e+002
    endloop
  endfacet
  facet normal  9.357698e-001  3.119272e-001  1.644267e-001
    outer loop
      vertex  1.759554e+001  5.713742e+000  1.650000e+002
      vertex  1.512161e+001  5.228472e+000  1.800000e+002
      vertex  1.523434e+001  4.890281e+000  1.800000e+002
    endloop
  endfacet
  facet normal  9.471098e-001  2.754056e-001  1.647265e-001
    outer loop
      vertex  1.770987e+001  5.348876e+000  1.650000e+002
      vertex  1.523434e+001  4.890281e+000  1.800000e+002
      vertex  1.781663e+001  4.981726e+000  1.650000e+002
    endloop
  endfacet
  facet normal  9.425496e-001  2.910189e-001  1.640367e-001
    outer loop
      vertex  1.781663e+001  4.981726e+000  1.650000e+002
      vertex  1.523434e+001  4.890281e+000  1.800000e+002
      vertex  1.533951e+001  4.549662e+000  1.800000e+002
    endloop
  endfacet
  facet normal  9.526063e-001  2.557757e-001  1.646823e-001
    outer loop
      vertex  1.781663e+001  4.981726e+000  1.650000e+002
      vertex  1.533951e+001  4.549662e+000  1.800000e+002
      vertex  1.791578e+001  4.612447e+000  1.650000e+002
    endloop
  endfacet
  facet normal  9.487904e-001  2.699490e-001  1.640862e-001
    outer loop
      vertex  1.791578e+001  4.612447e+000  1.650000e+002
      vertex  1.533951e+001  4.549662e+000  1.800000e+002
      vertex  1.543707e+001  4.206784e+000  1.800000e+002
    endloop
  endfacet
  facet normal  9.545103e-001  2.487244e-001  1.644575e-001
    outer loop
      vertex  1.791578e+001  4.612447e+000  1.650000e+002
      vertex  1.543707e+001  4.206784e+000  1.800000e+002
      vertex  1.552696e+001  3.861819e+000  1.800000e+002
    endloop
  endfacet
  facet normal  9.623752e-001  2.161952e-001  1.646016e-001
    outer loop
      vertex  1.800728e+001  4.241198e+000  1.650000e+002
      vertex  1.552696e+001  3.861819e+000  1.800000e+002
      vertex  1.809109e+001  3.868138e+000  1.650000e+002
    endloop
  endfacet
  facet normal  9.598596e-001  2.274109e-001  1.641764e-001
    outer loop
      vertex  1.809109e+001  3.868138e+000  1.650000e+002
      vertex  1.552696e+001  3.861819e+000  1.800000e+002
      vertex  1.560914e+001  3.514936e+000  1.800000e+002
    endloop
  endfacet
  facet normal  9.666441e-001  1.962586e-001  1.645654e-001
    outer loop
      vertex  1.809109e+001  3.868138e+000  1.650000e+002
      vertex  1.560914e+001  3.514936e+000  1.800000e+002
      vertex  1.816717e+001  3.493425e+000  1.650000e+002
    endloop
  endfacet
  facet normal  9.646819e-001  2.059654e-001  1.642169e-001
    outer loop
      vertex  1.816717e+001  3.493425e+000  1.650000e+002
      vertex  1.560914e+001  3.514936e+000  1.800000e+002
      vertex  1.568357e+001  3.166308e+000  1.800000e+002
    endloop
  endfacet
  facet normal  9.689908e-001  1.844169e-001  1.644604e-001
    outer loop
      vertex  1.816717e+001  3.493425e+000  1.650000e+002
      vertex  1.568357e+001  3.166308e+000  1.800000e+002
      vertex  1.575022e+001  2.816108e+000  1.800000e+002
    endloop
  endfacet
  facet normal  9.739389e-001  1.561493e-001  1.645008e-001
    outer loop
      vertex  1.823549e+001  3.117219e+000  1.650000e+002
      vertex  1.575022e+001  2.816108e+000  1.800000e+002
      vertex  1.829601e+001  2.739683e+000  1.650000e+002
    endloop
  endfacet
  facet normal  9.728870e-001  1.627889e-001  1.642884e-001
    outer loop
      vertex  1.829601e+001  2.739683e+000  1.650000e+002
      vertex  1.575022e+001  2.816108e+000  1.800000e+002
      vertex  1.580905e+001  2.464511e+000  1.800000e+002
    endloop
  endfacet
  facet normal  9.769628e-001  1.359867e-001  1.644725e-001
    outer loop
      vertex  1.829601e+001  2.739683e+000  1.650000e+002
      vertex  1.580905e+001  2.464511e+000  1.800000e+002
      vertex  1.834873e+001  2.360976e+000  1.650000e+002
    endloop
  endfacet
  facet normal  9.817562e-001  9.549686e-002  1.644239e-001
    outer loop
      vertex  1.839360e+001  1.981260e+000  1.650000e+002
      vertex  1.590315e+001  1.757821e+000  1.800000e+002
      vertex  1.843062e+001  1.600698e+000  1.650000e+002
    endloop
  endfacet
  facet normal  9.815739e-001  9.743885e-002  1.643728e-001
    outer loop
      vertex  1.843062e+001  1.600698e+000  1.650000e+002
      vertex  1.590315e+001  1.757821e+000  1.800000e+002
      vertex  1.593836e+001  1.403079e+000  1.800000e+002
    endloop
  endfacet
  facet normal  9.835236e-001  7.518535e-002  1.644036e-001
    outer loop
      vertex  1.843062e+001  1.600698e+000  1.650000e+002
      vertex  1.593836e+001  1.403079e+000  1.800000e+002
      vertex  1.845976e+001  1.219452e+000  1.650000e+002
    endloop
  endfacet
  facet normal  9.864051e-001  9.688190e-003  1.640459e-001
    outer loop
      vertex  1.599999e+001 -2.108762e-002  1.800000e+002
      vertex  1.849742e+001 -3.091080e-001  1.650000e+002
      vertex  1.599648e+001  3.353806e-001  1.800000e+002
    endloop
  endfacet
  facet normal  9.863206e-001 -6.287416e-003  1.647182e-001
    outer loop
      vertex  1.599648e+001  3.353806e-001  1.800000e+002
      vertex  1.849742e+001 -3.091080e-001  1.650000e+002
      vertex  1.849986e+001  7.324232e-002  1.650000e+002
    endloop
  endfacet
  facet normal  9.859531e-001  3.166300e-002  1.639937e-001
    outer loop
      vertex  1.599648e+001  3.353806e-001  1.800000e+002
      vertex  1.849986e+001  7.324232e-002  1.650000e+002
      vertex  1.598504e+001  6.916823e-001  1.800000e+002
    endloop
  endfacet
  facet normal  9.862322e-001  1.409606e-002  1.647647e-001
    outer loop
      vertex  1.598504e+001  6.916823e-001  1.800000e+002
      vertex  1.849986e+001  7.324232e-002  1.650000e+002
      vertex  1.849439e+001  4.555613e-001  1.650000e+002
    endloop
  endfacet
  facet normal  9.857958e-001  3.447818e-002  1.643709e-001
    outer loop
      vertex  1.598504e+001  6.916823e-001  1.800000e+002
      vertex  1.849439e+001  4.555613e-001  1.650000e+002
      vertex  1.848103e+001  8.376858e-001  1.650000e+002
    endloop
  endfacet
  facet normal  9.859872e-001 -2.667252e-002  1.646746e-001
    outer loop
      vertex  1.849742e+001 -3.091080e-001  1.650000e+002
      vertex  1.599999e+001 -2.108762e-002  1.800000e+002
      vertex  1.848708e+001 -6.913263e-001  1.650000e+002
    endloop
  endfacet
  facet normal  9.863681e-001 -1.228695e-002  1.640949e-001
    outer loop
      vertex  1.848708e+001 -6.913263e-001  1.650000e+002
      vertex  1.599999e+001 -2.108762e-002  1.800000e+002
      vertex  1.599555e+001 -3.775454e-001  1.800000e+002
    endloop
  endfacet
  facet normal  9.852323e-001 -4.704347e-002  1.646333e-001
    outer loop
      vertex  1.848708e+001 -6.913263e-001  1.650000e+002
      vertex  1.599555e+001 -3.775454e-001  1.800000e+002
      vertex  1.846884e+001 -1.073249e+000  1.650000e+002
    endloop
  endfacet
  facet normal  9.824594e-001 -8.771526e-002  1.645591e-001
    outer loop
      vertex  1.844272e+001 -1.454714e+000  1.650000e+002
      vertex  1.596285e+001 -1.089722e+000  1.800000e+002
      vertex  1.840871e+001 -1.835557e+000  1.650000e+002
    endloop
  endfacet
  facet normal  9.833230e-001 -7.814287e-002  1.642239e-001
    outer loop
      vertex  1.840871e+001 -1.835557e+000  1.650000e+002
      vertex  1.596285e+001 -1.089722e+000  1.800000e+002
      vertex  1.593461e+001 -1.445087e+000  1.800000e+002
    endloop
  endfacet
  facet normal  9.804415e-001 -1.080081e-001  1.645260e-001
    outer loop
      vertex  1.840871e+001 -1.835557e+000  1.650000e+002
      vertex  1.593461e+001 -1.445087e+000  1.800000e+002
      vertex  1.836685e+001 -2.215616e+000  1.650000e+002
    endloop
  endfacet
  facet normal  9.751508e-001 -1.484304e-001  1.644677e-001
    outer loop
      vertex  1.831713e+001 -2.594728e+000  1.650000e+002
      vertex  1.585441e+001 -2.153489e+000  1.800000e+002
      vertex  1.825960e+001 -2.972733e+000  1.650000e+002
    endloop
  endfacet
  facet normal  9.758914e-001 -1.436434e-001  1.643250e-001
    outer loop
      vertex  1.825960e+001 -2.972733e+000  1.650000e+002
      vertex  1.585441e+001 -2.153489e+000  1.800000e+002
      vertex  1.580250e+001 -2.506174e+000  1.800000e+002
    endloop
  endfacet
  facet normal  9.718792e-001 -1.685513e-001  1.644424e-001
    outer loop
      vertex  1.825960e+001 -2.972733e+000  1.650000e+002
      vertex  1.580250e+001 -2.506174e+000  1.800000e+002
      vertex  1.819426e+001 -3.349467e+000  1.650000e+002
    endloop
  endfacet
  facet normal  9.594995e-001 -2.284364e-001  1.648560e-001
    outer loop
      vertex  1.804030e+001 -4.098483e+000  1.650000e+002
      vertex  1.567517e+001 -3.207638e+000  1.800000e+002
      vertex  1.795174e+001 -4.470445e+000  1.650000e+002
    endloop
  endfacet
  facet normal  9.641882e-001 -2.085207e-001  1.638909e-001
    outer loop
      vertex  1.795174e+001 -4.470445e+000  1.650000e+002
      vertex  1.567517e+001 -3.207638e+000  1.800000e+002
      vertex  1.559982e+001 -3.556068e+000  1.800000e+002
    endloop
  endfacet
  facet normal  9.545824e-001 -2.482174e-001  1.648046e-001
    outer loop
      vertex  1.795174e+001 -4.470445e+000  1.650000e+002
      vertex  1.559982e+001 -3.556068e+000  1.800000e+002
      vertex  1.785552e+001 -4.840497e+000  1.650000e+002
    endloop
  endfacet
  facet normal  9.435236e-001 -2.874608e-001  1.647102e-001
    outer loop
      vertex  1.775167e+001 -5.208481e+000  1.650000e+002
      vertex  1.542592e+001 -4.247461e+000  1.800000e+002
      vertex  1.764023e+001 -5.574241e+000  1.650000e+002
    endloop
  endfacet
  facet normal  9.480810e-001 -2.724491e-001  1.640551e-001
    outer loop
      vertex  1.764023e+001 -5.574241e+000  1.650000e+002
      vertex  1.542592e+001 -4.247461e+000  1.800000e+002
      vertex  1.532746e+001 -4.590080e+000  1.800000e+002
    endloop
  endfacet
  facet normal  9.373877e-001 -3.069023e-001  1.646669e-001
    outer loop
      vertex  1.764023e+001 -5.574241e+000  1.650000e+002
      vertex  1.532746e+001 -4.590080e+000  1.800000e+002
      vertex  1.752126e+001 -5.937619e+000  1.650000e+002
    endloop
  endfacet
  facet normal  9.239159e-001 -3.453841e-001  1.645883e-001
    outer loop
      vertex  1.739481e+001 -6.298461e+000  1.650000e+002
      vertex  1.510777e+001 -5.268314e+000  1.800000e+002
      vertex  1.726092e+001 -6.656613e+000  1.650000e+002
    endloop
  endfacet
  facet normal  9.277451e-001 -3.351570e-001  1.641914e-001
    outer loop
      vertex  1.726092e+001 -6.656613e+000  1.650000e+002
      vertex  1.510777e+001 -5.268314e+000  1.800000e+002
      vertex  1.498665e+001 -5.603592e+000  1.800000e+002
    endloop
  endfacet
  facet normal  9.165873e-001 -3.644039e-001  1.645529e-001
    outer loop
      vertex  1.726092e+001 -6.656613e+000  1.650000e+002
      vertex  1.498665e+001 -5.603592e+000  1.800000e+002
      vertex  1.711967e+001 -7.011921e+000  1.650000e+002
    endloop
  endfacet
  facet normal  9.007564e-001 -4.019712e-001  1.644902e-001
    outer loop
      vertex  1.697109e+001 -7.364234e+000  1.650000e+002
      vertex  1.472215e+001 -6.265637e+000  1.800000e+002
      vertex  1.681528e+001 -7.713401e+000  1.650000e+002
    endloop
  endfacet
  facet normal  9.032708e-001 -3.963675e-001  1.643002e-001
    outer loop
      vertex  1.681528e+001 -7.713401e+000  1.650000e+002
      vertex  1.472215e+001 -6.265637e+000  1.800000e+002
      vertex  1.457891e+001 -6.592076e+000  1.800000e+002
    endloop
  endfacet
  facet normal  8.922585e-001 -4.205076e-001  1.644630e-001
    outer loop
      vertex  1.681528e+001 -7.713401e+000  1.650000e+002
      vertex  1.457891e+001 -6.592076e+000  1.800000e+002
      vertex  1.665227e+001 -8.059273e+000  1.650000e+002
    endloop
  endfacet
  facet normal  8.741274e-001 -4.570216e-001  1.644161e-001
    outer loop
      vertex  1.648215e+001 -8.401703e+000  1.650000e+002
      vertex  1.427078e+001 -7.234977e+000  1.800000e+002
      vertex  1.630500e+001 -8.740543e+000  1.650000e+002
    endloop
  endfacet
  facet normal  8.747668e-001 -4.558089e-001  1.643811e-001
    outer loop
      vertex  1.630500e+001 -8.740543e+000  1.650000e+002
      vertex  1.427078e+001 -7.234977e+000  1.800000e+002
      vertex  1.410605e+001 -7.551119e+000  1.800000e+002
    endloop
  endfacet
  facet normal  8.644975e-001 -4.749922e-001  1.643969e-001
    outer loop
      vertex  1.630500e+001 -8.740543e+000  1.650000e+002
      vertex  1.410605e+001 -7.551119e+000  1.800000e+002
      vertex  1.612087e+001 -9.075650e+000  1.650000e+002
    endloop
  endfacet
  facet normal  8.333540e-001 -5.276167e-001  1.647475e-001
    outer loop
      vertex  1.573205e+001 -9.734092e+000  1.650000e+002
      vertex  1.375567e+001 -8.172003e+000  1.800000e+002
      vertex  1.552752e+001 -1.005715e+001  1.650000e+002
    endloop
  endfacet
  facet normal  8.424213e-001 -5.132505e-001  1.640131e-001
    outer loop
      vertex  1.552752e+001 -1.005715e+001  1.650000e+002
      vertex  1.375567e+001 -8.172003e+000  1.800000e+002
      vertex  1.357019e+001 -8.476437e+000  1.800000e+002
    endloop
  endfacet
  facet normal  8.222771e-001 -5.447325e-001  1.647021e-001
    outer loop
      vertex  1.552752e+001 -1.005715e+001  1.650000e+002
      vertex  1.357019e+001 -8.476437e+000  1.800000e+002
      vertex  1.531635e+001 -1.037590e+001  1.650000e+002
    endloop
  endfacet
  facet normal  8.307707e-001 -5.318865e-001  1.640642e-001
    outer loop
      vertex  1.531635e+001 -1.037590e+001  1.650000e+002
      vertex  1.357019e+001 -8.476437e+000  1.800000e+002
      vertex  1.337797e+001 -8.776662e+000  1.800000e+002
    endloop
  endfacet
  facet normal  8.186604e-001 -5.502270e-001  1.644546e-001
    outer loop
      vertex  1.531635e+001 -1.037590e+001  1.650000e+002
      vertex  1.337797e+001 -8.776662e+000  1.800000e+002
      vertex  1.317912e+001 -9.072531e+000  1.800000e+002
    endloop
  endfacet
  facet normal  7.990762e-001 -5.782542e-001  1.646190e-001
    outer loop
      vertex  1.509864e+001 -1.069023e+001  1.650000e+002
      vertex  1.317912e+001 -9.072531e+000  1.800000e+002
      vertex  1.487448e+001 -1.099999e+001  1.650000e+002
    endloop
  endfacet
  facet normal  8.062398e-001 -5.683572e-001  1.641569e-001
    outer loop
      vertex  1.487448e+001 -1.099999e+001  1.650000e+002
      vertex  1.317912e+001 -9.072531e+000  1.800000e+002
      vertex  1.297372e+001 -9.363896e+000  1.800000e+002
    endloop
  endfacet
  facet normal  7.869592e-001 -5.946495e-001  1.645816e-001
    outer loop
      vertex  1.487448e+001 -1.099999e+001  1.650000e+002
      vertex  1.297372e+001 -9.363896e+000  1.800000e+002
      vertex  1.464397e+001 -1.130505e+001  1.650000e+002
    endloop
  endfacet
  facet normal  7.617201e-001 -6.266717e-001  1.645146e-001
    outer loop
      vertex  1.440720e+001 -1.160528e+001  1.650000e+002
      vertex  1.254371e+001 -9.932539e+000  1.800000e+002
      vertex  1.416428e+001 -1.190055e+001  1.650000e+002
    endloop
  endfacet
  facet normal  7.664626e-001 -6.209264e-001  1.642732e-001
    outer loop
      vertex  1.416428e+001 -1.190055e+001  1.650000e+002
      vertex  1.254371e+001 -9.932539e+000  1.800000e+002
      vertex  1.231931e+001 -1.020953e+001  1.800000e+002
    endloop
  endfacet
  facet normal  7.486117e-001 -6.422811e-001  1.644850e-001
    outer loop
      vertex  1.416428e+001 -1.190055e+001  1.650000e+002
      vertex  1.231931e+001 -1.020953e+001  1.800000e+002
      vertex  1.391531e+001 -1.219074e+001  1.650000e+002
    endloop
  endfacet
  facet normal  7.214341e-001 -6.726770e-001  1.644340e-001
    outer loop
      vertex  1.366039e+001 -1.247573e+001  1.650000e+002
      vertex  1.185228e+001 -1.074819e+001  1.800000e+002
      vertex  1.339964e+001 -1.275538e+001  1.650000e+002
    endloop
  endfacet
  facet normal  7.232662e-001 -6.707243e-001  1.643617e-001
    outer loop
      vertex  1.339964e+001 -1.275538e+001  1.650000e+002
      vertex  1.185228e+001 -1.074819e+001  1.800000e+002
      vertex  1.160988e+001 -1.100957e+001  1.800000e+002
    endloop
  endfacet
  facet normal  7.073833e-001 -6.874428e-001  1.644125e-001
    outer loop
      vertex  1.339964e+001 -1.275538e+001  1.650000e+002
      vertex  1.160988e+001 -1.100957e+001  1.800000e+002
      vertex  1.313316e+001 -1.302958e+001  1.650000e+002
    endloop
  endfacet
  facet normal  6.633821e-001 -7.299106e-001  1.647867e-001
    outer loop
      vertex  1.258350e+001 -1.356118e+001  1.650000e+002
      vertex  1.110791e+001 -1.151583e+001  1.800000e+002
      vertex  1.230054e+001 -1.381835e+001  1.650000e+002
    endloop
  endfacet
  facet normal  6.768956e-001 -7.175837e-001  1.639690e-001
    outer loop
      vertex  1.230054e+001 -1.381835e+001  1.650000e+002
      vertex  1.110791e+001 -1.151583e+001  1.800000e+002
      vertex  1.084859e+001 -1.176044e+001  1.800000e+002
    endloop
  endfacet
  facet normal  6.481609e-001 -7.434706e-001  1.647391e-001
    outer loop
      vertex  1.230054e+001 -1.381835e+001  1.650000e+002
      vertex  1.084859e+001 -1.176044e+001  1.800000e+002
      vertex  1.201233e+001 -1.406961e+001  1.650000e+002
    endloop
  endfacet
  facet normal  6.607354e-001 -7.324788e-001  1.640226e-001
    outer loop
      vertex  1.201233e+001 -1.406961e+001  1.650000e+002
      vertex  1.084859e+001 -1.176044e+001  1.800000e+002
      vertex  1.058389e+001 -1.199922e+001  1.800000e+002
    endloop
  endfacet
  facet normal  6.442065e-001 -7.469638e-001  1.644478e-001
    outer loop
      vertex  1.201233e+001 -1.406961e+001  1.650000e+002
      vertex  1.058389e+001 -1.199922e+001  1.800000e+002
      vertex  1.031393e+001 -1.223204e+001  1.800000e+002
    endloop
  endfacet
  facet normal  6.168928e-001 -7.696318e-001  1.646518e-001
    outer loop
      vertex  1.171899e+001 -1.431486e+001  1.650000e+002
      vertex  1.031393e+001 -1.223204e+001  1.800000e+002
      vertex  1.142064e+001 -1.455400e+001  1.650000e+002
    endloop
  endfacet
  facet normal  6.274379e-001 -7.611742e-001  1.641206e-001
    outer loop
      vertex  1.142064e+001 -1.455400e+001  1.650000e+002
      vertex  1.031393e+001 -1.223204e+001  1.800000e+002
      vertex  1.003886e+001 -1.245879e+001  1.800000e+002
    endloop
  endfacet
  facet normal  6.008587e-001 -7.822223e-001  1.646122e-001
    outer loop
      vertex  1.142064e+001 -1.455400e+001  1.650000e+002
      vertex  1.003886e+001 -1.245879e+001  1.800000e+002
      vertex  1.111742e+001 -1.478692e+001  1.650000e+002
    endloop
  endfacet
  facet normal  6.103219e-001 -7.749562e-001  1.641648e-001
    outer loop
      vertex  1.111742e+001 -1.478692e+001  1.650000e+002
      vertex  1.003886e+001 -1.245879e+001  1.800000e+002
      vertex  9.758796e+000 -1.267935e+001  1.800000e+002
    endloop
  endfacet
  facet normal  5.928736e-001 -7.883229e-001  1.644625e-001
    outer loop
      vertex  1.111742e+001 -1.478692e+001  1.650000e+002
      vertex  9.758796e+000 -1.267935e+001  1.800000e+002
      vertex  9.473890e+000 -1.289362e+001  1.800000e+002
    endloop
  endfacet
  facet normal  5.680267e-001 -8.063944e-001  1.645408e-001
    outer loop
      vertex  1.080945e+001 -1.501352e+001  1.650000e+002
      vertex  9.473890e+000 -1.289362e+001  1.800000e+002
      vertex  1.049685e+001 -1.523372e+001  1.650000e+002
    endloop
  endfacet
  facet normal  5.751855e-001 -8.013647e-001  1.642442e-001
    outer loop
      vertex  1.049685e+001 -1.523372e+001  1.650000e+002
      vertex  9.473890e+000 -1.289362e+001  1.800000e+002
      vertex  9.184283e+000 -1.310149e+001  1.800000e+002
    endloop
  endfacet
  facet normal  5.512451e-001 -8.179643e-001  1.645090e-001
    outer loop
      vertex  1.049685e+001 -1.523372e+001  1.650000e+002
      vertex  9.184283e+000 -1.310149e+001  1.800000e+002
      vertex  1.017978e+001 -1.544740e+001  1.650000e+002
    endloop
  endfacet
  facet normal  5.571851e-001 -8.139760e-001  1.642794e-001
    outer loop
      vertex  1.017978e+001 -1.544740e+001  1.650000e+002
      vertex  9.184283e+000 -1.310149e+001  1.800000e+002
      vertex  8.890116e+000 -1.330285e+001  1.800000e+002
    endloop
  endfacet
  facet normal  5.388969e-001 -8.261638e-001  1.644495e-001
    outer loop
      vertex  1.017978e+001 -1.544740e+001  1.650000e+002
      vertex  8.890116e+000 -1.330285e+001  1.800000e+002
      vertex  8.591536e+000 -1.349761e+001  1.800000e+002
    endloop
  endfacet
  facet normal  5.169764e-001 -8.400539e-001  1.644536e-001
    outer loop
      vertex  9.858354e+000 -1.565448e+001  1.650000e+002
      vertex  8.591536e+000 -1.349761e+001  1.800000e+002
      vertex  9.532719e+000 -1.585488e+001  1.650000e+002
    endloop
  endfacet
  facet normal  5.203689e-001 -8.379787e-001  1.643403e-001
    outer loop
      vertex  9.532719e+000 -1.585488e+001  1.650000e+002
      vertex  8.591536e+000 -1.349761e+001  1.800000e+002
      vertex  8.288691e+000 -1.368567e+001  1.800000e+002
    endloop
  endfacet
  facet normal  4.995050e-001 -8.505631e-001  1.644299e-001
    outer loop
      vertex  9.532719e+000 -1.585488e+001  1.650000e+002
      vertex  8.288691e+000 -1.368567e+001  1.800000e+002
      vertex  9.203011e+000 -1.604851e+001  1.650000e+002
    endloop
  endfacet
  facet normal  3.576052e-001 -9.191161e-001 -1.653607e-001
    outer loop
      vertex -5.415712e+000  1.345065e+001  1.650000e+002
      vertex -5.098906e+000  1.357391e+001  1.650000e+002
      vertex -4.923214e+000  1.094358e+001  1.800000e+002
    endloop
  endfacet
  facet normal  4.391525e-001 -8.833178e-001 -1.639962e-001
    outer loop
      vertex -6.040222e+000  1.318202e+001  1.650000e+002
      vertex -5.203356e+000  1.081319e+001  1.800000e+002
      vertex -5.480048e+000  1.067563e+001  1.800000e+002
    endloop
  endfacet
  facet normal  2.921420e-001 -9.420156e-001 -1.651046e-001
    outer loop
      vertex -4.457061e+000  1.379799e+001  1.650000e+002
      vertex -4.132376e+000  1.389869e+001  1.650000e+002
      vertex -4.063955e+000  1.129089e+001  1.800000e+002
    endloop
  endfacet
  facet normal  3.696594e-001 -9.145478e-001 -1.641776e-001
    outer loop
      vertex -5.098906e+000  1.357391e+001  1.650000e+002
      vertex -4.353324e+000  1.118251e+001  1.800000e+002
      vertex -4.639807e+000  1.106672e+001  1.800000e+002
    endloop
  endfacet
  facet normal  3.931451e-001 -9.048632e-001 -1.632776e-001
    outer loop
      vertex -4.639807e+000  1.106672e+001  1.800000e+002
      vertex -4.923214e+000  1.094358e+001  1.800000e+002
      vertex -5.098906e+000  1.357391e+001  1.650000e+002
    endloop
  endfacet
  facet normal  2.252268e-001 -9.602529e-001 -1.648853e-001
    outer loop
      vertex -3.476371e+000  1.407710e+001  1.650000e+002
      vertex -3.145412e+000  1.415473e+001  1.650000e+002
      vertex -3.180454e+000  1.157086e+001  1.800000e+002
    endloop
  endfacet
  facet normal  2.979705e-001 -9.403268e-001 -1.643144e-001
    outer loop
      vertex -4.132376e+000  1.389869e+001  1.650000e+002
      vertex -3.477325e+000  1.148513e+001  1.800000e+002
      vertex -3.771890e+000  1.139179e+001  1.800000e+002
    endloop
  endfacet
  facet normal  3.221219e-001 -9.324586e-001 -1.635799e-001
    outer loop
      vertex -3.771890e+000  1.139179e+001  1.800000e+002
      vertex -4.063955e+000  1.129089e+001  1.800000e+002
      vertex -4.132376e+000  1.389869e+001  1.650000e+002
    endloop
  endfacet
  facet normal  2.026737e-001 -9.653524e-001 -1.643721e-001
    outer loop
      vertex -2.580584e+000  1.171924e+001  1.800000e+002
      vertex -3.145412e+000  1.415473e+001  1.650000e+002
      vertex -2.812725e+000  1.422458e+001  1.650000e+002
    endloop
  endfacet
  facet normal  2.245063e-001 -9.605036e-001 -1.644070e-001
    outer loop
      vertex -2.881474e+000  1.164891e+001  1.800000e+002
      vertex -3.145412e+000  1.415473e+001  1.650000e+002
      vertex -2.580584e+000  1.171924e+001  1.800000e+002
    endloop
  endfacet
  facet normal  2.491895e-001 -9.544956e-001 -1.638376e-001
    outer loop
      vertex -2.881474e+000  1.164891e+001  1.800000e+002
      vertex -3.180454e+000  1.157086e+001  1.800000e+002
      vertex -3.145412e+000  1.415473e+001  1.650000e+002
    endloop
  endfacet
  facet normal  1.343317e-001 -9.772143e-001 -1.643384e-001
    outer loop
      vertex -1.668450e+000  1.188345e+001  1.800000e+002
      vertex -2.142895e+000  1.434078e+001  1.650000e+002
      vertex -1.806121e+000  1.438708e+001  1.650000e+002
    endloop
  endfacet
  facet normal -5.023286e-002 -9.850419e-001 -1.648309e-001
    outer loop
      vertex  5.686687e-001  1.448884e+001  1.650000e+002
      vertex  9.081682e-001  1.447153e+001  1.650000e+002
      vertex  1.801755e-001  1.199865e+001  1.800000e+002
    endloop
  endfacet
  facet normal -1.422373e-001 -9.759172e-001 -1.653913e-001
    outer loop
      vertex  1.922927e+000  1.437193e+001  1.650000e+002
      vertex  2.259314e+000  1.432290e+001  1.650000e+002
      vertex  1.105639e+000  1.194896e+001  1.800000e+002
    endloop
  endfacet
  facet normal -7.331584e-002 -9.836721e-001 -1.643591e-001
    outer loop
      vertex  7.976120e-001  1.197346e+001  1.800000e+002
      vertex  9.081682e-001  1.447153e+001  1.650000e+002
      vertex  1.247169e+000  1.444627e+001  1.650000e+002
    endloop
  endfacet
  facet normal -5.288580e-002 -9.849708e-001 -1.644248e-001
    outer loop
      vertex  4.890559e-001  1.199003e+001  1.800000e+002
      vertex  9.081682e-001  1.447153e+001  1.650000e+002
      vertex  7.976120e-001  1.197346e+001  1.800000e+002
    endloop
  endfacet
  facet normal -2.751084e-002 -9.860930e-001 -1.639014e-001
    outer loop
      vertex  4.890559e-001  1.199003e+001  1.800000e+002
      vertex  1.801755e-001  1.199865e+001  1.800000e+002
      vertex  9.081682e-001  1.447153e+001  1.650000e+002
    endloop
  endfacet
  facet normal -2.104809e-001 -9.635504e-001 -1.651313e-001
    outer loop
      vertex  2.928177e+000  1.420126e+001  1.650000e+002
      vertex  3.260286e+000  1.412871e+001  1.650000e+002
      vertex  2.024508e+000  1.182799e+001  1.800000e+002
    endloop
  endfacet
  facet normal -1.287498e-001 -9.779954e-001 -1.641597e-001
    outer loop
      vertex  2.259314e+000  1.432290e+001  1.650000e+002
      vertex  1.719291e+000  1.187620e+001  1.800000e+002
      vertex  1.412933e+000  1.191653e+001  1.800000e+002
    endloop
  endfacet
  facet normal -1.035425e-001 -9.811376e-001 -1.632414e-001
    outer loop
      vertex  1.412933e+000  1.191653e+001  1.800000e+002
      vertex  1.105639e+000  1.194896e+001  1.800000e+002
      vertex  2.259314e+000  1.432290e+001  1.650000e+002
    endloop
  endfacet
  facet normal -2.776855e-001 -9.464123e-001 -1.649079e-001
    outer loop
      vertex  3.918948e+000  1.396037e+001  1.650000e+002
      vertex  4.245138e+000  1.386466e+001  1.650000e+002
      vertex  2.931301e+000  1.163647e+001  1.800000e+002
    endloop
  endfacet
  facet normal -2.038392e-001 -9.651189e-001 -1.643014e-001
    outer loop
      vertex  3.260286e+000  1.412871e+001  1.650000e+002
      vertex  2.630714e+000  1.170809e+001  1.800000e+002
      vertex  2.328383e+000  1.177194e+001  1.800000e+002
    endloop
  endfacet
  facet normal -1.789407e-001 -9.701712e-001 -1.635484e-001
    outer loop
      vertex  2.328383e+000  1.177194e+001  1.800000e+002
      vertex  2.024508e+000  1.182799e+001  1.800000e+002
      vertex  3.260286e+000  1.412871e+001  1.650000e+002
    endloop
  endfacet
  facet normal -2.998208e-001 -9.397273e-001 -1.643781e-001
    outer loop
      vertex  3.526445e+000  1.147014e+001  1.800000e+002
      vertex  4.245138e+000  1.386466e+001  1.650000e+002
      vertex  4.568995e+000  1.376133e+001  1.650000e+002
    endloop
  endfacet
  facet normal -2.777098e-001 -9.464937e-001 -1.643989e-001
    outer loop
      vertex  3.229944e+000  1.155714e+001  1.800000e+002
      vertex  4.245138e+000  1.386466e+001  1.650000e+002
      vertex  3.526445e+000  1.147014e+001  1.800000e+002
    endloop
  endfacet
  facet normal -2.532704e-001 -9.534254e-001 -1.638112e-001
    outer loop
      vertex  3.229944e+000  1.155714e+001  1.800000e+002
      vertex  2.931301e+000  1.163647e+001  1.800000e+002
      vertex  4.245138e+000  1.386466e+001  1.650000e+002
    endloop
  endfacet
  facet normal -4.697309e-001 -8.672406e-001 -1.650655e-001
    outer loop
      vertex  6.755894e+000  1.282996e+001  1.650000e+002
      vertex  7.054805e+000  1.266806e+001  1.650000e+002
      vertex  5.249585e+000  1.079082e+001  1.800000e+002
    endloop
  endfacet
  facet normal -5.295351e-001 -8.321155e-001 -1.648524e-001
    outer loop
      vertex  7.640831e+000  1.232346e+001  1.650000e+002
      vertex  7.927625e+000  1.214095e+001  1.650000e+002
      vertex  6.066715e+000  1.035350e+001  1.800000e+002
    endloop
  endfacet
  facet normal -4.654490e-001 -8.696850e-001 -1.643330e-001
    outer loop
      vertex  7.054805e+000  1.266806e+001  1.650000e+002
      vertex  5.798122e+000  1.050627e+001  1.800000e+002
      vertex  5.525685e+000  1.065208e+001  1.800000e+002
    endloop
  endfacet
  facet normal -4.429556e-001 -8.814856e-001 -1.636260e-001
    outer loop
      vertex  5.525685e+000  1.065208e+001  1.800000e+002
      vertex  5.249585e+000  1.079082e+001  1.800000e+002
      vertex  7.054805e+000  1.266806e+001  1.650000e+002
    endloop
  endfacet
  facet normal -5.489410e-001 -8.195415e-001 -1.643639e-001
    outer loop
      vertex  6.591656e+000  1.002747e+001  1.800000e+002
      vertex  7.927625e+000  1.214095e+001  1.650000e+002
      vertex  8.210062e+000  1.195177e+001  1.650000e+002
    endloop
  endfacet
  facet normal -5.311722e-001 -8.311574e-001 -1.644181e-001
    outer loop
      vertex  6.331285e+000  1.019386e+001  1.800000e+002
      vertex  7.927625e+000  1.214095e+001  1.650000e+002
      vertex  6.591656e+000  1.002747e+001  1.800000e+002
    endloop
  endfacet
  facet normal -5.096410e-001 -8.446364e-001 -1.638763e-001
    outer loop
      vertex  6.331285e+000  1.019386e+001  1.800000e+002
      vertex  6.066715e+000  1.035350e+001  1.800000e+002
      vertex  7.927625e+000  1.214095e+001  1.650000e+002
    endloop
  endfacet
  facet normal -6.051811e-001 -7.789411e-001 -1.643364e-001
    outer loop
      vertex  7.345871e+000  9.488845e+000  1.800000e+002
      vertex  8.761245e+000  1.155381e+001  1.650000e+002
      vertex  9.029688e+000  1.134525e+001  1.650000e+002
    endloop
  endfacet
  facet normal -7.083433e-001 -6.863291e-001 -1.649309e-001
    outer loop
      vertex  1.029461e+001  1.021132e+001  1.650000e+002
      vertex  1.053116e+001  9.967183e+000  1.650000e+002
      vertex  8.282589e+000  8.683243e+000  1.800000e+002
    endloop
  endfacet
  facet normal -6.584253e-001 -7.344838e-001 -1.643456e-001
    outer loop
      vertex  8.056268e+000  8.893624e+000  1.800000e+002
      vertex  9.551541e+000  1.090954e+001  1.650000e+002
      vertex  9.804664e+000  1.068263e+001  1.650000e+002
    endloop
  endfacet
  facet normal -7.078807e-001 -6.869357e-001 -1.643902e-001
    outer loop
      vertex  8.503419e+000  8.467105e+000  1.800000e+002
      vertex  1.053116e+001  9.967183e+000  1.650000e+002
      vertex  8.718610e+000  8.245353e+000  1.800000e+002
    endloop
  endfacet
  facet normal -6.900281e-001 -7.050077e-001 -1.637842e-001
    outer loop
      vertex  8.503419e+000  8.467105e+000  1.800000e+002
      vertex  8.282589e+000  8.683243e+000  1.800000e+002
      vertex  1.053116e+001  9.967183e+000  1.650000e+002
    endloop
  endfacet
  facet normal -7.975172e-001 -5.801959e-001 -1.653454e-001
    outer loop
      vertex  1.162460e+001  8.667105e+000  1.650000e+002
      vertex  1.182458e+001  8.392213e+000  1.650000e+002
      vertex  9.328946e+000  7.547898e+000  1.800000e+002
    endloop
  endfacet
  facet normal -8.363554e-001 -5.227375e-001 -1.650915e-001
    outer loop
      vertex  1.220495e+001  7.828743e+000  1.650000e+002
      vertex  1.238512e+001  7.540477e+000  1.650000e+002
      vertex  9.883635e+000  6.805421e+000  1.800000e+002
    endloop
  endfacet
  facet normal -7.902512e-001 -5.903777e-001 -1.641864e-001
    outer loop
      vertex  1.182458e+001  8.392213e+000  1.650000e+002
      vertex  9.705132e+000  7.057648e+000  1.800000e+002
      vertex  9.520196e+000  7.305195e+000  1.800000e+002
    endloop
  endfacet
  facet normal -7.749026e-001 -6.106230e-001 -1.632956e-001
    outer loop
      vertex  9.520196e+000  7.305195e+000  1.800000e+002
      vertex  9.328946e+000  7.547898e+000  1.800000e+002
      vertex  1.182458e+001  8.392213e+000  1.650000e+002
    endloop
  endfacet
  facet normal -8.710551e-001 -4.626872e-001 -1.648742e-001
    outer loop
      vertex  1.272495e+001  6.951670e+000  1.650000e+002
      vertex  1.288442e+001  6.651454e+000  1.650000e+002
      vertex  1.037937e+001  6.022350e+000  1.800000e+002
    endloop
  endfacet
  facet normal -8.334370e-001 -5.276186e-001 -1.643207e-001
    outer loop
      vertex  1.238512e+001  7.540477e+000  1.650000e+002
      vertex  1.022087e+001  6.287601e+000  1.800000e+002
      vertex  1.005558e+001  6.548682e+000  1.800000e+002
    endloop
  endfacet
  facet normal -8.196746e-001 -5.489718e-001 -1.635953e-001
    outer loop
      vertex  1.005558e+001  6.548682e+000  1.800000e+002
      vertex  9.883635e+000  6.805421e+000  1.800000e+002
      vertex  1.238512e+001  7.540477e+000  1.650000e+002
    endloop
  endfacet
  facet normal -8.817391e-001 -4.421750e-001 -1.643693e-001
    outer loop
      vertex  1.067563e+001  5.480048e+000  1.800000e+002
      vertex  1.288442e+001  6.651454e+000  1.650000e+002
      vertex  1.303680e+001  6.347583e+000  1.650000e+002
    endloop
  endfacet
  facet normal -8.716574e-001 -4.617169e-001 -1.644108e-001
    outer loop
      vertex  1.053099e+001  5.753107e+000  1.800000e+002
      vertex  1.288442e+001  6.651454e+000  1.650000e+002
      vertex  1.067563e+001  5.480048e+000  1.800000e+002
    endloop
  endfacet
  facet normal -8.595613e-001 -4.840531e-001 -1.638507e-001
    outer loop
      vertex  1.053099e+001  5.753107e+000  1.800000e+002
      vertex  1.037937e+001  6.022350e+000  1.800000e+002
      vertex  1.288442e+001  6.651454e+000  1.650000e+002
    endloop
  endfacet
  facet normal -9.106373e-001 -3.791212e-001 -1.643376e-001
    outer loop
      vertex  1.106672e+001  4.639807e+000  1.800000e+002
      vertex  1.332000e+001  5.729542e+000  1.650000e+002
      vertex  1.345065e+001  5.415712e+000  1.650000e+002
    endloop
  endfacet
  facet normal -9.696251e-001 -1.799455e-001 -1.656706e-001
    outer loop
      vertex  1.422458e+001  2.812725e+000  1.650000e+002
      vertex  1.428660e+001  2.478491e+000  1.650000e+002
      vertex  1.164891e+001  2.881474e+000  1.800000e+002
    endloop
  endfacet
  facet normal -9.652792e-001 -2.026583e-001 -1.648203e-001
    outer loop
      vertex  1.415473e+001  3.145412e+000  1.650000e+002
      vertex  1.422458e+001  2.812725e+000  1.650000e+002
      vertex  1.164891e+001  2.881474e+000  1.800000e+002
    endloop
  endfacet
  facet normal -9.799227e-001 -1.113659e-001 -1.653759e-001
    outer loop
      vertex  1.438708e+001  1.806121e+000  1.650000e+002
      vertex  1.442546e+001  1.468355e+000  1.650000e+002
      vertex  1.183655e+001  1.973870e+000  1.800000e+002
    endloop
  endfacet
  facet normal -9.660345e-001 -1.997157e-001 -1.639849e-001
    outer loop
      vertex  1.428660e+001  2.478491e+000  1.650000e+002
      vertex  1.178180e+001  2.277982e+000  1.800000e+002
      vertex  1.171924e+001  2.580584e+000  1.800000e+002
    endloop
  endfacet
  facet normal -9.607453e-001 -2.245631e-001 -1.629105e-001
    outer loop
      vertex  1.171924e+001  2.580584e+000  1.800000e+002
      vertex  1.164891e+001  2.881474e+000  1.800000e+002
      vertex  1.428660e+001  2.478491e+000  1.650000e+002
    endloop
  endfacet
  facet normal -9.853696e-001 -4.222576e-002 -1.651180e-001
    outer loop
      vertex  1.447843e+001  7.905871e-001  1.650000e+002
      vertex  1.449299e+001  4.509581e-001  1.650000e+002
      vertex  1.195358e+001  1.054492e+000  1.800000e+002
    endloop
  endfacet
  facet normal -9.785364e-001 -1.245605e-001 -1.641688e-001
    outer loop
      vertex  1.442546e+001  1.468355e+000  1.650000e+002
      vertex  1.192246e+001  1.361923e+000  1.800000e+002
      vertex  1.188345e+001  1.668450e+000  1.800000e+002
    endloop
  endfacet
  facet normal -9.751536e-001 -1.497396e-001 -1.632596e-001
    outer loop
      vertex  1.188345e+001  1.668450e+000  1.800000e+002
      vertex  1.183655e+001  1.973870e+000  1.800000e+002
      vertex  1.442546e+001  1.468355e+000  1.650000e+002
    endloop
  endfacet
  facet normal -9.859378e-001  2.712501e-002 -1.648965e-001
    outer loop
      vertex  1.449819e+001 -2.288566e-001  1.650000e+002
      vertex  1.448884e+001 -5.686687e-001  1.650000e+002
      vertex  1.199931e+001  1.288244e-001  1.800000e+002
    endloop
  endfacet
  facet normal -9.852076e-001 -4.867039e-002 -1.643080e-001
    outer loop
      vertex  1.449299e+001  4.509581e-001  1.650000e+002
      vertex  1.199201e+001  4.377388e-001  1.800000e+002
      vertex  1.197677e+001  7.463630e-001  1.800000e+002
    endloop
  endfacet
  facet normal -9.837512e-001 -7.403017e-002 -1.635643e-001
    outer loop
      vertex  1.197677e+001  7.463630e-001  1.800000e+002
      vertex  1.195358e+001  1.054492e+000  1.800000e+002
      vertex  1.449299e+001  4.509581e-001  1.650000e+002
    endloop
  endfacet
  facet normal -9.851179e-001  5.023674e-002 -1.643751e-001
    outer loop
      vertex  1.199003e+001 -4.890559e-001  1.800000e+002
      vertex  1.448884e+001 -5.686687e-001  1.650000e+002
      vertex  1.447153e+001 -9.081682e-001  1.650000e+002
    endloop
  endfacet
  facet normal -9.860096e-001  2.750851e-002 -1.644030e-001
    outer loop
      vertex  1.199865e+001 -1.801755e-001  1.800000e+002
      vertex  1.448884e+001 -5.686687e-001  1.650000e+002
      vertex  1.199003e+001 -4.890559e-001  1.800000e+002
    endloop
  endfacet
  facet normal -9.864873e-001  2.109923e-003 -1.638245e-001
    outer loop
      vertex  1.199865e+001 -1.801755e-001  1.800000e+002
      vertex  1.199931e+001  1.288244e-001  1.800000e+002
      vertex  1.448884e+001 -5.686687e-001  1.650000e+002
    endloop
  endfacet
  facet normal -9.583648e-001  2.330121e-001 -1.650527e-001
    outer loop
      vertex  1.412871e+001 -3.260286e+000  1.650000e+002
      vertex  1.404840e+001 -3.590604e+000  1.650000e+002
      vertex  1.177194e+001 -2.328383e+000  1.800000e+002
    endloop
  endfacet
  facet normal -9.396536e-001  2.997973e-001 -1.648415e-001
    outer loop
      vertex  1.386466e+001 -4.245138e+000  1.650000e+002
      vertex  1.376133e+001 -4.568995e+000  1.650000e+002
      vertex  1.155714e+001 -3.229944e+000  1.800000e+002
    endloop
  endfacet
  facet normal -9.595448e-001  2.286190e-001 -1.643389e-001
    outer loop
      vertex  1.404840e+001 -3.590604e+000  1.650000e+002
      vertex  1.163647e+001 -2.931301e+000  1.800000e+002
      vertex  1.170809e+001 -2.630714e+000  1.800000e+002
    endloop
  endfacet
  facet normal -9.652264e-001  2.038619e-001 -1.636411e-001
    outer loop
      vertex  1.170809e+001 -2.630714e+000  1.800000e+002
      vertex  1.177194e+001 -2.328383e+000  1.800000e+002
      vertex  1.404840e+001 -3.590604e+000  1.650000e+002
    endloop
  endfacet
  facet normal -9.324422e-001  3.217715e-001 -1.643615e-001
    outer loop
      vertex  1.137554e+001 -3.820608e+000  1.800000e+002
      vertex  1.376133e+001 -4.568995e+000  1.650000e+002
      vertex  1.365044e+001 -4.890340e+000  1.650000e+002
    endloop
  endfacet
  facet normal -9.390258e-001  3.019871e-001 -1.644215e-001
    outer loop
      vertex  1.147014e+001 -3.526445e+000  1.800000e+002
      vertex  1.376133e+001 -4.568995e+000  1.650000e+002
      vertex  1.137554e+001 -3.820608e+000  1.800000e+002
    endloop
  endfacet
  facet normal -9.465752e-001  2.777334e-001 -1.638890e-001
    outer loop
      vertex  1.147014e+001 -3.526445e+000  1.800000e+002
      vertex  1.155714e+001 -3.229944e+000  1.800000e+002
      vertex  1.376133e+001 -4.568995e+000  1.650000e+002
    endloop
  endfacet
  facet normal -8.780021e-001  4.492655e-001 -1.651448e-001
    outer loop
      vertex  1.298481e+001 -6.453270e+000  1.650000e+002
      vertex  1.282996e+001 -6.755894e+000  1.650000e+002
      vertex  1.092241e+001 -4.970003e+000  1.800000e+002
    endloop
  endfacet
  facet normal -9.075284e-001  3.865049e-001 -1.643359e-001
    outer loop
      vertex  1.104676e+001 -4.687126e+000  1.800000e+002
      vertex  1.340622e+001 -5.524792e+000  1.650000e+002
      vertex  1.327302e+001 -5.837550e+000  1.650000e+002
    endloop
  endfacet
  facet normal -8.442920e-001  5.098751e-001 -1.649193e-001
    outer loop
      vertex  1.249920e+001 -7.349838e+000  1.650000e+002
      vertex  1.232346e+001 -7.640831e+000  1.650000e+002
      vertex  1.050627e+001 -5.798122e+000  1.800000e+002
    endloop
  endfacet
  facet normal -8.813863e-001  4.429056e-001 -1.642947e-001
    outer loop
      vertex  1.282996e+001 -6.755894e+000  1.650000e+002
      vertex  1.065208e+001 -5.525685e+000  1.800000e+002
      vertex  1.079082e+001 -5.249585e+000  1.800000e+002
    endloop
  endfacet
  facet normal -8.926132e-001  4.201177e-001 -1.635326e-001
    outer loop
      vertex  1.079082e+001 -5.249585e+000  1.800000e+002
      vertex  1.092241e+001 -4.970003e+000  1.800000e+002
      vertex  1.282996e+001 -6.755894e+000  1.650000e+002
    endloop
  endfacet
  facet normal -8.445626e-001  5.095963e-001 -1.643946e-001
    outer loop
      vertex  1.035350e+001 -6.066715e+000  1.800000e+002
      vertex  1.232346e+001 -7.640831e+000  1.650000e+002
      vertex  1.019386e+001 -6.331285e+000  1.800000e+002
    endloop
  endfacet
  facet normal -8.574891e-001  4.877321e-001 -1.637978e-001
    outer loop
      vertex  1.035350e+001 -6.066715e+000  1.800000e+002
      vertex  1.050627e+001 -5.798122e+000  1.800000e+002
      vertex  1.232346e+001 -7.640831e+000  1.650000e+002
    endloop
  endfacet
  facet normal -7.644109e-001  6.231709e-001 -1.653304e-001
    outer loop
      vertex  1.134525e+001 -9.029688e+000  1.650000e+002
      vertex  1.113046e+001 -9.293168e+000  1.650000e+002
      vertex  9.674840e+000 -7.099118e+000  1.800000e+002
    endloop
  endfacet
  facet normal -7.187582e-001  6.753783e-001 -1.650785e-001
    outer loop
      vertex  1.068263e+001 -9.804664e+000  1.650000e+002
      vertex  1.044985e+001 -1.005240e+001  1.650000e+002
      vertex  9.098107e+000 -7.824605e+000  1.800000e+002
    endloop
  endfacet
  facet normal -7.721660e-001  6.138402e-001 -1.641950e-001
    outer loop
      vertex  1.113046e+001 -9.293168e+000  1.650000e+002
      vertex  9.296558e+000 -7.587753e+000  1.800000e+002
      vertex  9.488845e+000 -7.345871e+000  1.800000e+002
    endloop
  endfacet
  facet normal -7.878315e-001  5.938436e-001 -1.633135e-001
    outer loop
      vertex  9.488845e+000 -7.345871e+000  1.800000e+002
      vertex  9.674840e+000 -7.099118e+000  1.800000e+002
      vertex  1.113046e+001 -9.293168e+000  1.650000e+002
    endloop
  endfacet
  facet normal -6.695425e-001  7.242466e-001 -1.648632e-001
    outer loop
      vertex  9.967183e+000 -1.053116e+001  1.650000e+002
      vertex  9.717566e+000 -1.076192e+001  1.650000e+002
      vertex  8.467105e+000 -8.503419e+000  1.800000e+002
    endloop
  endfacet
  facet normal -7.224718e-001  6.715885e-001 -1.643270e-001
    outer loop
      vertex  1.044985e+001 -1.005240e+001  1.650000e+002
      vertex  8.683243e+000 -8.282589e+000  1.800000e+002
      vertex  8.893624e+000 -8.056268e+000  1.800000e+002
    endloop
  endfacet
  facet normal -7.396154e-001  6.528404e-001 -1.636107e-001
    outer loop
      vertex  8.893624e+000 -8.056268e+000  1.800000e+002
      vertex  9.098107e+000 -7.824605e+000  1.800000e+002
      vertex  1.044985e+001 -1.005240e+001  1.650000e+002
    endloop
  endfacet
  facet normal -6.524351e-001  7.398055e-001 -1.643665e-001
    outer loop
      vertex  8.018133e+000 -8.928020e+000  1.800000e+002
      vertex  9.717566e+000 -1.076192e+001  1.650000e+002
      vertex  9.462608e+000 -1.098677e+001  1.650000e+002
    endloop
  endfacet
  facet normal -6.684798e-001  7.253293e-001 -1.644144e-001
    outer loop
      vertex  8.245353e+000 -8.718610e+000  1.800000e+002
      vertex  9.717566e+000 -1.076192e+001  1.650000e+002
      vertex  8.018133e+000 -8.928020e+000  1.800000e+002
    endloop
  endfacet
  facet normal -6.869968e-001  7.079437e-001 -1.638636e-001
    outer loop
      vertex  8.245353e+000 -8.718610e+000  1.800000e+002
      vertex  8.467105e+000 -8.503419e+000  1.800000e+002
      vertex  9.717566e+000 -1.076192e+001  1.650000e+002
    endloop
  endfacet
  facet normal -5.988339e-001  7.838312e-001 -1.643369e-001
    outer loop
      vertex  7.305195e+000 -9.520196e+000  1.800000e+002
      vertex  8.937234e+000 -1.141822e+001  1.650000e+002
      vertex  8.667105e+000 -1.162460e+001  1.650000e+002
    endloop
  endfacet
  facet normal -5.422688e-001  8.239755e-001 -1.643441e-001
    outer loop
      vertex  6.548682e+000 -1.005558e+001  1.800000e+002
      vertex  8.112707e+000 -1.201807e+001  1.650000e+002
      vertex  7.828743e+000 -1.220495e+001  1.650000e+002
    endloop
  endfacet
  facet normal -4.840094e-001  8.594837e-001 -1.643857e-001
    outer loop
      vertex  6.951670e+000 -1.272495e+001  1.650000e+002
      vertex  5.753107e+000 -1.053099e+001  1.800000e+002
      vertex  6.022350e+000 -1.037937e+001  1.800000e+002
    endloop
  endfacet
  facet normal -5.060306e-001  8.468248e-001 -1.637705e-001
    outer loop
      vertex  6.951670e+000 -1.272495e+001  1.650000e+002
      vertex  6.022350e+000 -1.037937e+001  1.800000e+002
      vertex  6.287601e+000 -1.022087e+001  1.800000e+002
    endloop
  endfacet
  facet normal -4.829721e-001  8.599604e-001 -1.649425e-001
    outer loop
      vertex  6.951670e+000 -1.272495e+001  1.650000e+002
      vertex  6.287601e+000 -1.022087e+001  1.800000e+002
      vertex  7.248065e+000 -1.255849e+001  1.650000e+002
    endloop
  endfacet
  facet normal  4.627253e-001 -8.711268e-001 -1.643880e-001
    outer loop
      vertex -5.753107e+000  1.053099e+001  1.800000e+002
      vertex -6.951670e+000  1.272495e+001  1.650000e+002
      vertex -6.651454e+000  1.288442e+001  1.650000e+002
    endloop
  endfacet
  facet normal  4.421421e-001 -8.816735e-001 -1.648100e-001
    outer loop
      vertex -5.753107e+000  1.053099e+001  1.800000e+002
      vertex -6.651454e+000  1.288442e+001  1.650000e+002
      vertex -6.347583e+000  1.303680e+001  1.650000e+002
    endloop
  endfacet
  facet normal  4.212924e-001 -8.916679e-001 -1.656533e-001
    outer loop
      vertex -5.753107e+000  1.053099e+001  1.800000e+002
      vertex -6.347583e+000  1.303680e+001  1.650000e+002
      vertex -6.040222e+000  1.318202e+001  1.650000e+002
    endloop
  endfacet
  facet normal  4.618319e-001 -8.718743e-001 -1.629310e-001
    outer loop
      vertex -5.753107e+000  1.053099e+001  1.800000e+002
      vertex -6.040222e+000  1.318202e+001  1.650000e+002
      vertex -5.480048e+000  1.067563e+001  1.800000e+002
    endloop
  endfacet
  facet normal  4.162292e-001 -8.942654e-001 -1.644462e-001
    outer loop
      vertex -5.203356e+000  1.081319e+001  1.800000e+002
      vertex -6.040222e+000  1.318202e+001  1.650000e+002
      vertex -4.923214e+000  1.094358e+001  1.800000e+002
    endloop
  endfacet
  facet normal  4.003627e-001 -9.014992e-001 -1.643441e-001
    outer loop
      vertex -4.923214e+000  1.094358e+001  1.800000e+002
      vertex -6.040222e+000  1.318202e+001  1.650000e+002
      vertex -5.729542e+000  1.332000e+001  1.650000e+002
    endloop
  endfacet
  facet normal  3.791018e-001 -9.105905e-001 -1.646415e-001
    outer loop
      vertex -4.923214e+000  1.094358e+001  1.800000e+002
      vertex -5.729542e+000  1.332000e+001  1.650000e+002
      vertex -5.415712e+000  1.345065e+001  1.650000e+002
    endloop
  endfacet
  facet normal  3.459745e-001 -9.237174e-001 -1.644622e-001
    outer loop
      vertex -4.353324e+000  1.118251e+001  1.800000e+002
      vertex -5.098906e+000  1.357391e+001  1.650000e+002
      vertex -4.063955e+000  1.129089e+001  1.800000e+002
    endloop
  endfacet
  facet normal  3.360212e-001 -9.274067e-001 -1.643370e-001
    outer loop
      vertex -4.063955e+000  1.129089e+001  1.800000e+002
      vertex -5.098906e+000  1.357391e+001  1.650000e+002
      vertex -4.779297e+000  1.368972e+001  1.650000e+002
    endloop
  endfacet
  facet normal  3.141760e-001 -9.350026e-001 -1.645099e-001
    outer loop
      vertex -4.063955e+000  1.129089e+001  1.800000e+002
      vertex -4.779297e+000  1.368972e+001  1.650000e+002
      vertex -4.457061e+000  1.379799e+001  1.650000e+002
    endloop
  endfacet
  facet normal  2.736526e-001 -9.476686e-001 -1.644338e-001
    outer loop
      vertex -3.477325e+000  1.148513e+001  1.800000e+002
      vertex -4.132376e+000  1.389869e+001  1.650000e+002
      vertex -3.180454e+000  1.157086e+001  1.800000e+002
    endloop
  endfacet
  facet normal  2.700148e-001 -9.487231e-001 -1.643666e-001
    outer loop
      vertex -3.180454e+000  1.157086e+001  1.800000e+002
      vertex -4.132376e+000  1.389869e+001  1.650000e+002
      vertex -3.805419e+000  1.399174e+001  1.650000e+002
    endloop
  endfacet
  facet normal  2.476953e-001 -9.547851e-001 -1.644150e-001
    outer loop
      vertex -3.180454e+000  1.157086e+001  1.800000e+002
      vertex -3.805419e+000  1.399174e+001  1.650000e+002
      vertex -3.476371e+000  1.407710e+001  1.650000e+002
    endloop
  endfacet
  facet normal  1.997011e-001 -9.659622e-001 -1.644280e-001
    outer loop
      vertex -2.580584e+000  1.171924e+001  1.800000e+002
      vertex -2.812725e+000  1.422458e+001  1.650000e+002
      vertex -2.277982e+000  1.178180e+001  1.800000e+002
    endloop
  endfacet
  facet normal  1.799858e-001 -9.698411e-001 -1.643568e-001
    outer loop
      vertex -2.277982e+000  1.178180e+001  1.800000e+002
      vertex -2.812725e+000  1.422458e+001  1.650000e+002
      vertex -2.478491e+000  1.428660e+001  1.650000e+002
    endloop
  endfacet
  facet normal  1.747641e-001 -9.707810e-001 -1.644439e-001
    outer loop
      vertex -2.277982e+000  1.178180e+001  1.800000e+002
      vertex -2.478491e+000  1.428660e+001  1.650000e+002
      vertex -1.973870e+000  1.183655e+001  1.800000e+002
    endloop
  endfacet
  facet normal  1.572029e-001 -9.737955e-001 -1.643456e-001
    outer loop
      vertex -1.973870e+000  1.183655e+001  1.800000e+002
      vertex -2.478491e+000  1.428660e+001  1.650000e+002
      vertex -2.142895e+000  1.434078e+001  1.650000e+002
    endloop
  endfacet
  facet normal  1.497096e-001 -9.749572e-001 -1.644551e-001
    outer loop
      vertex -1.973870e+000  1.183655e+001  1.800000e+002
      vertex -2.142895e+000  1.434078e+001  1.650000e+002
      vertex -1.668450e+000  1.188345e+001  1.800000e+002
    endloop
  endfacet
  facet normal  1.245539e-001 -9.784880e-001 -1.644613e-001
    outer loop
      vertex -1.668450e+000  1.188345e+001  1.800000e+002
      vertex -1.806121e+000  1.438708e+001  1.650000e+002
      vertex -1.361923e+000  1.192246e+001  1.800000e+002
    endloop
  endfacet
  facet normal  1.113853e-001 -9.800954e-001 -1.643354e-001
    outer loop
      vertex -1.361923e+000  1.192246e+001  1.800000e+002
      vertex -1.806121e+000  1.438708e+001  1.650000e+002
      vertex -1.468355e+000  1.442546e+001  1.650000e+002
    endloop
  endfacet
  facet normal  9.932269e-002 -9.813700e-001 -1.644625e-001
    outer loop
      vertex -1.361923e+000  1.192246e+001  1.800000e+002
      vertex -1.468355e+000  1.442546e+001  1.650000e+002
      vertex -1.054492e+000  1.195358e+001  1.800000e+002
    endloop
  endfacet
  facet normal  8.837784e-002 -9.824373e-001 -1.643364e-001
    outer loop
      vertex -1.054492e+000  1.195358e+001  1.800000e+002
      vertex -1.468355e+000  1.442546e+001  1.650000e+002
      vertex -1.129781e+000  1.445592e+001  1.650000e+002
    endloop
  endfacet
  facet normal  7.401861e-002 -9.836029e-001 -1.644588e-001
    outer loop
      vertex -1.054492e+000  1.195358e+001  1.800000e+002
      vertex -1.129781e+000  1.445592e+001  1.650000e+002
      vertex -7.463630e-001  1.197677e+001  1.800000e+002
    endloop
  endfacet
  facet normal  1.911844e-002 -9.862145e-001 -1.643640e-001
    outer loop
      vertex -1.110813e-001  1.449957e+001  1.650000e+002
      vertex -1.288244e-001  1.199931e+001  1.800000e+002
      vertex -4.509581e-001  1.449299e+001  1.650000e+002
    endloop
  endfacet
  facet normal  2.328854e-002 -9.861127e-001 -1.644366e-001
    outer loop
      vertex -4.509581e-001  1.449299e+001  1.650000e+002
      vertex -1.288244e-001  1.199931e+001  1.800000e+002
      vertex -4.377388e-001  1.199201e+001  1.800000e+002
    endloop
  endfacet
  facet normal  4.223143e-002 -9.854975e-001 -1.643507e-001
    outer loop
      vertex -4.509581e-001  1.449299e+001  1.650000e+002
      vertex -4.377388e-001  1.199201e+001  1.800000e+002
      vertex -7.905871e-001  1.447843e+001  1.650000e+002
    endloop
  endfacet
  facet normal  4.866982e-002 -9.851839e-001 -1.644502e-001
    outer loop
      vertex -7.905871e-001  1.447843e+001  1.650000e+002
      vertex -4.377388e-001  1.199201e+001  1.800000e+002
      vertex -7.463630e-001  1.197677e+001  1.800000e+002
    endloop
  endfacet
  facet normal  6.532454e-002 -9.842381e-001 -1.643415e-001
    outer loop
      vertex -7.905871e-001  1.447843e+001  1.650000e+002
      vertex -7.463630e-001  1.197677e+001  1.800000e+002
      vertex -1.129781e+000  1.445592e+001  1.650000e+002
    endloop
  endfacet
  facet normal -2.109914e-003 -9.863884e-001 -1.644181e-001
    outer loop
      vertex -1.288244e-001  1.199931e+001  1.800000e+002
      vertex -1.110813e-001  1.449957e+001  1.650000e+002
      vertex  1.801755e-001  1.199865e+001  1.800000e+002
    endloop
  endfacet
  facet normal -4.006980e-003 -9.863887e-001 -1.643813e-001
    outer loop
      vertex  1.801755e-001  1.199865e+001  1.800000e+002
      vertex -1.110813e-001  1.449957e+001  1.650000e+002
      vertex  2.288566e-001  1.449819e+001  1.650000e+002
    endloop
  endfacet
  facet normal -2.712731e-002 -9.860216e-001 -1.643951e-001
    outer loop
      vertex  1.801755e-001  1.199865e+001  1.800000e+002
      vertex  2.288566e-001  1.449819e+001  1.650000e+002
      vertex  5.686687e-001  1.448884e+001  1.650000e+002
    endloop
  endfacet
  facet normal -7.822967e-002 -9.832798e-001 -1.644417e-001
    outer loop
      vertex  7.976120e-001  1.197346e+001  1.800000e+002
      vertex  1.247169e+000  1.444627e+001  1.650000e+002
      vertex  1.105639e+000  1.194896e+001  1.800000e+002
    endloop
  endfacet
  facet normal -9.635699e-002 -9.816850e-001 -1.643472e-001
    outer loop
      vertex  1.105639e+000  1.194896e+001  1.800000e+002
      vertex  1.247169e+000  1.444627e+001  1.650000e+002
      vertex  1.585483e+000  1.441306e+001  1.650000e+002
    endloop
  endfacet
  facet normal -1.193376e-001 -9.791048e-001 -1.646585e-001
    outer loop
      vertex  1.105639e+000  1.194896e+001  1.800000e+002
      vertex  1.585483e+000  1.441306e+001  1.650000e+002
      vertex  1.922927e+000  1.437193e+001  1.650000e+002
    endloop
  endfacet
  facet normal -1.538797e-001 -9.743065e-001 -1.644627e-001
    outer loop
      vertex  1.719291e+000  1.187620e+001  1.800000e+002
      vertex  2.259314e+000  1.432290e+001  1.650000e+002
      vertex  2.024508e+000  1.182799e+001  1.800000e+002
    endloop
  endfacet
  facet normal -1.651094e-001 -9.724878e-001 -1.643360e-001
    outer loop
      vertex  2.024508e+000  1.182799e+001  1.800000e+002
      vertex  2.259314e+000  1.432290e+001  1.650000e+002
      vertex  2.594458e+000  1.426600e+001  1.650000e+002
    endloop
  endfacet
  facet normal -1.878532e-001 -9.683200e-001 -1.645227e-001
    outer loop
      vertex  2.024508e+000  1.182799e+001  1.800000e+002
      vertex  2.594458e+000  1.426600e+001  1.650000e+002
      vertex  2.928177e+000  1.420126e+001  1.650000e+002
    endloop
  endfacet
  facet normal -2.286151e-001 -9.595285e-001 -1.644391e-001
    outer loop
      vertex  2.630714e+000  1.170809e+001  1.800000e+002
      vertex  3.260286e+000  1.412871e+001  1.650000e+002
      vertex  2.931301e+000  1.163647e+001  1.800000e+002
    endloop
  endfacet
  facet normal -2.330396e-001 -9.584768e-001 -1.643615e-001
    outer loop
      vertex  2.931301e+000  1.163647e+001  1.800000e+002
      vertex  3.260286e+000  1.412871e+001  1.650000e+002
      vertex  3.590604e+000  1.404840e+001  1.650000e+002
    endloop
  endfacet
  facet normal -2.554432e-001 -9.527400e-001 -1.644237e-001
    outer loop
      vertex  2.931301e+000  1.163647e+001  1.800000e+002
      vertex  3.590604e+000  1.404840e+001  1.650000e+002
      vertex  3.918948e+000  1.396037e+001  1.650000e+002
    endloop
  endfacet
  facet normal -3.019871e-001 -9.390258e-001 -1.644215e-001
    outer loop
      vertex  3.526445e+000  1.147014e+001  1.800000e+002
      vertex  4.568995e+000  1.376133e+001  1.650000e+002
      vertex  3.820608e+000  1.137554e+001  1.800000e+002
    endloop
  endfacet
  facet normal -3.217719e-001 -9.324420e-001 -1.643615e-001
    outer loop
      vertex  3.820608e+000  1.137554e+001  1.800000e+002
      vertex  4.568995e+000  1.376133e+001  1.650000e+002
      vertex  4.890340e+000  1.365044e+001  1.650000e+002
    endloop
  endfacet
  facet normal -3.260638e-001 -9.309362e-001 -1.644392e-001
    outer loop
      vertex  3.820608e+000  1.137554e+001  1.800000e+002
      vertex  4.890340e+000  1.365044e+001  1.650000e+002
      vertex  4.112238e+000  1.127340e+001  1.800000e+002
    endloop
  endfacet
  facet normal -3.435400e-001 -9.246458e-001 -1.643489e-001
    outer loop
      vertex  4.112238e+000  1.127340e+001  1.800000e+002
      vertex  4.890340e+000  1.365044e+001  1.650000e+002
      vertex  5.208997e+000  1.353205e+001  1.650000e+002
    endloop
  endfacet
  facet normal -3.499210e-001 -9.222315e-001 -1.644520e-001
    outer loop
      vertex  4.112238e+000  1.127340e+001  1.800000e+002
      vertex  5.208997e+000  1.353205e+001  1.650000e+002
      vertex  4.401141e+000  1.116378e+001  1.800000e+002
    endloop
  endfacet
  facet normal -4.076717e-001 -8.982192e-001 -1.643357e-001
    outer loop
      vertex  6.147099e+000  1.313252e+001  1.650000e+002
      vertex  4.970003e+000  1.092241e+001  1.800000e+002
      vertex  5.837550e+000  1.327302e+001  1.650000e+002
    endloop
  endfacet
  facet normal -3.969358e-001 -9.029917e-001 -1.644626e-001
    outer loop
      vertex  5.837550e+000  1.327302e+001  1.650000e+002
      vertex  4.970003e+000  1.092241e+001  1.800000e+002
      vertex  4.687126e+000  1.104676e+001  1.800000e+002
    endloop
  endfacet
  facet normal -3.865052e-001 -9.075282e-001 -1.643359e-001
    outer loop
      vertex  5.837550e+000  1.327302e+001  1.650000e+002
      vertex  4.687126e+000  1.104676e+001  1.800000e+002
      vertex  5.524792e+000  1.340622e+001  1.650000e+002
    endloop
  endfacet
  facet normal -3.735533e-001 -9.129134e-001 -1.644596e-001
    outer loop
      vertex  5.524792e+000  1.340622e+001  1.650000e+002
      vertex  4.687126e+000  1.104676e+001  1.800000e+002
      vertex  4.401141e+000  1.116378e+001  1.800000e+002
    endloop
  endfacet
  facet normal -3.651246e-001 -9.163385e-001 -1.643403e-001
    outer loop
      vertex  5.524792e+000  1.340622e+001  1.650000e+002
      vertex  4.401141e+000  1.116378e+001  1.800000e+002
      vertex  5.208997e+000  1.353205e+001  1.650000e+002
    endloop
  endfacet
  facet normal -4.200521e-001 -8.924735e-001 -1.644606e-001
    outer loop
      vertex  4.970003e+000  1.092241e+001  1.800000e+002
      vertex  6.147099e+000  1.313252e+001  1.650000e+002
      vertex  5.249585e+000  1.079082e+001  1.800000e+002
    endloop
  endfacet
  facet normal -4.286177e-001 -8.884141e-001 -1.643394e-001
    outer loop
      vertex  5.249585e+000  1.079082e+001  1.800000e+002
      vertex  6.147099e+000  1.313252e+001  1.650000e+002
      vertex  6.453270e+000  1.298481e+001  1.650000e+002
    endloop
  endfacet
  facet normal -4.493152e-001 -8.780993e-001 -1.644915e-001
    outer loop
      vertex  5.249585e+000  1.079082e+001  1.800000e+002
      vertex  6.453270e+000  1.298481e+001  1.650000e+002
      vertex  6.755894e+000  1.282996e+001  1.650000e+002
    endloop
  endfacet
  facet normal -4.876803e-001 -8.573987e-001 -1.644248e-001
    outer loop
      vertex  5.798122e+000  1.050627e+001  1.800000e+002
      vertex  7.054805e+000  1.266806e+001  1.650000e+002
      vertex  6.066715e+000  1.035350e+001  1.800000e+002
    endloop
  endfacet
  facet normal -4.899894e-001 -8.560906e-001 -1.643751e-001
    outer loop
      vertex  6.066715e+000  1.035350e+001  1.800000e+002
      vertex  7.054805e+000  1.266806e+001  1.650000e+002
      vertex  7.349838e+000  1.249920e+001  1.650000e+002
    endloop
  endfacet
  facet normal -5.099197e-001 -8.443658e-001 -1.644027e-001
    outer loop
      vertex  6.066715e+000  1.035350e+001  1.800000e+002
      vertex  7.349838e+000  1.249920e+001  1.650000e+002
      vertex  7.640831e+000  1.232346e+001  1.650000e+002
    endloop
  endfacet
  facet normal -5.523954e-001 -8.172025e-001 -1.644367e-001
    outer loop
      vertex  6.591656e+000  1.002747e+001  1.800000e+002
      vertex  8.210062e+000  1.195177e+001  1.650000e+002
      vertex  6.847657e+000  9.854420e+000  1.800000e+002
    endloop
  endfacet
  facet normal -5.680061e-001 -8.064477e-001 -1.643507e-001
    outer loop
      vertex  6.847657e+000  9.854420e+000  1.800000e+002
      vertex  8.210062e+000  1.195177e+001  1.650000e+002
      vertex  8.487986e+000  1.175602e+001  1.650000e+002
    endloop
  endfacet
  facet normal -5.732507e-001 -8.027078e-001 -1.644501e-001
    outer loop
      vertex  6.847657e+000  9.854420e+000  1.800000e+002
      vertex  8.487986e+000  1.175602e+001  1.650000e+002
      vertex  7.099118e+000  9.674840e+000  1.800000e+002
    endloop
  endfacet
  facet normal -5.867525e-001 -7.929145e-001 -1.643415e-001
    outer loop
      vertex  7.099118e+000  9.674840e+000  1.800000e+002
      vertex  8.487986e+000  1.175602e+001  1.650000e+002
      vertex  8.761245e+000  1.155381e+001  1.650000e+002
    endloop
  endfacet
  facet normal -5.937288e-001 -7.876797e-001 -1.644588e-001
    outer loop
      vertex  7.099118e+000  9.674840e+000  1.800000e+002
      vertex  8.761245e+000  1.155381e+001  1.650000e+002
      vertex  7.345871e+000  9.488845e+000  1.800000e+002
    endloop
  endfacet
  facet normal -6.138123e-001 -7.721312e-001 -1.644625e-001
    outer loop
      vertex  7.345871e+000  9.488845e+000  1.800000e+002
      vertex  9.029688e+000  1.134525e+001  1.650000e+002
      vertex  7.587753e+000  9.296558e+000  1.800000e+002
    endloop
  endfacet
  facet normal -6.232757e-001 -7.645399e-001 -1.643354e-001
    outer loop
      vertex  7.587753e+000  9.296558e+000  1.800000e+002
      vertex  9.029688e+000  1.134525e+001  1.650000e+002
      vertex  9.293168e+000  1.113046e+001  1.650000e+002
    endloop
  endfacet
  facet normal -6.334894e-001 -7.560712e-001 -1.644612e-001
    outer loop
      vertex  7.587753e+000  9.296558e+000  1.800000e+002
      vertex  9.293168e+000  1.113046e+001  1.650000e+002
      vertex  7.824605e+000  9.098107e+000  1.800000e+002
    endloop
  endfacet
  facet normal -6.410260e-001 -7.497190e-001 -1.643385e-001
    outer loop
      vertex  7.824605e+000  9.098107e+000  1.800000e+002
      vertex  9.293168e+000  1.113046e+001  1.650000e+002
      vertex  9.551541e+000  1.090954e+001  1.650000e+002
    endloop
  endfacet
  facet normal -6.527475e-001 -7.395102e-001 -1.644551e-001
    outer loop
      vertex  7.824605e+000  9.098107e+000  1.800000e+002
      vertex  9.551541e+000  1.090954e+001  1.650000e+002
      vertex  8.056268e+000  8.893624e+000  1.800000e+002
    endloop
  endfacet
  facet normal -6.715752e-001 -7.224576e-001 -1.644440e-001
    outer loop
      vertex  8.056268e+000  8.893624e+000  1.800000e+002
      vertex  9.804664e+000  1.068263e+001  1.650000e+002
      vertex  8.282589e+000  8.683243e+000  1.800000e+002
    endloop
  endfacet
  facet normal -6.754610e-001 -7.188457e-001 -1.643568e-001
    outer loop
      vertex  8.282589e+000  8.683243e+000  1.800000e+002
      vertex  9.804664e+000  1.068263e+001  1.650000e+002
      vertex  1.005240e+001  1.044985e+001  1.650000e+002
    endloop
  endfacet
  facet normal -6.921192e-001 -7.028035e-001 -1.644330e-001
    outer loop
      vertex  8.282589e+000  8.683243e+000  1.800000e+002
      vertex  1.005240e+001  1.044985e+001  1.650000e+002
      vertex  1.029461e+001  1.021132e+001  1.650000e+002
    endloop
  endfacet
  facet normal -7.548995e-001 -6.349134e-001 -1.643526e-001
    outer loop
      vertex  1.120557e+001  9.202450e+000  1.650000e+002
      vertex  9.131511e+000  7.785597e+000  1.800000e+002
      vertex  1.098677e+001  9.462608e+000  1.650000e+002
    endloop
  endfacet
  facet normal -7.422996e-001 -6.495789e-001 -1.644339e-001
    outer loop
      vertex  1.098677e+001  9.462608e+000  1.650000e+002
      vertex  9.131511e+000  7.785597e+000  1.800000e+002
      vertex  8.928020e+000  8.018133e+000  1.800000e+002
    endloop
  endfacet
  facet normal -7.398056e-001 -6.524349e-001 -1.643665e-001
    outer loop
      vertex  1.098677e+001  9.462608e+000  1.650000e+002
      vertex  8.928020e+000  8.018133e+000  1.800000e+002
      vertex  1.076192e+001  9.717566e+000  1.650000e+002
    endloop
  endfacet
  facet normal -7.253293e-001 -6.684798e-001 -1.644144e-001
    outer loop
      vertex  1.076192e+001  9.717566e+000  1.650000e+002
      vertex  8.928020e+000  8.018133e+000  1.800000e+002
      vertex  8.718610e+000  8.245353e+000  1.800000e+002
    endloop
  endfacet
  facet normal -7.243052e-001 -6.695967e-001 -1.643846e-001
    outer loop
      vertex  1.076192e+001  9.717566e+000  1.650000e+002
      vertex  8.718610e+000  8.245353e+000  1.800000e+002
      vertex  1.053116e+001  9.967183e+000  1.650000e+002
    endloop
  endfacet
  facet normal -7.587768e-001 -6.302496e-001 -1.644482e-001
    outer loop
      vertex  9.131511e+000  7.785597e+000  1.800000e+002
      vertex  1.120557e+001  9.202450e+000  1.650000e+002
      vertex  9.328946e+000  7.547898e+000  1.800000e+002
    endloop
  endfacet
  facet normal -7.695764e-001 -6.170442e-001 -1.643427e-001
    outer loop
      vertex  9.328946e+000  7.547898e+000  1.800000e+002
      vertex  1.120557e+001  9.202450e+000  1.650000e+002
      vertex  1.141822e+001  8.937234e+000  1.650000e+002
    endloop
  endfacet
  facet normal -7.837920e-001 -5.988039e-001 -1.646333e-001
    outer loop
      vertex  9.328946e+000  7.547898e+000  1.800000e+002
      vertex  1.141822e+001  8.937234e+000  1.650000e+002
      vertex  1.162460e+001  8.667105e+000  1.650000e+002
    endloop
  endfacet
  facet normal -8.051516e-001 -5.698098e-001 -1.644618e-001
    outer loop
      vertex  9.705132e+000  7.057648e+000  1.800000e+002
      vertex  1.182458e+001  8.392213e+000  1.650000e+002
      vertex  9.883635e+000  6.805421e+000  1.800000e+002
    endloop
  endfacet
  facet normal -8.110391e-001 -5.614344e-001 -1.643377e-001
    outer loop
      vertex  9.883635e+000  6.805421e+000  1.800000e+002
      vertex  1.182458e+001  8.392213e+000  1.650000e+002
      vertex  1.201807e+001  8.112707e+000  1.650000e+002
    endloop
  endfacet
  facet normal -8.239533e-001 -5.422541e-001 -1.645036e-001
    outer loop
      vertex  9.883635e+000  6.805421e+000  1.800000e+002
      vertex  1.201807e+001  8.112707e+000  1.650000e+002
      vertex  1.220495e+001  7.828743e+000  1.650000e+002
    endloop
  endfacet
  facet normal -8.467302e-001 -5.059748e-001 -1.644309e-001
    outer loop
      vertex  1.022087e+001  6.287601e+000  1.800000e+002
      vertex  1.238512e+001  7.540477e+000  1.650000e+002
      vertex  1.037937e+001  6.022350e+000  1.800000e+002
    endloop
  endfacet
  facet normal -8.484836e-001 -5.030488e-001 -1.643693e-001
    outer loop
      vertex  1.037937e+001  6.022350e+000  1.800000e+002
      vertex  1.238512e+001  7.540477e+000  1.650000e+002
      vertex  1.255849e+001  7.248065e+000  1.650000e+002
    endloop
  endfacet
  facet normal -8.600378e-001 -4.830156e-001 -1.644108e-001
    outer loop
      vertex  1.037937e+001  6.022350e+000  1.800000e+002
      vertex  1.255849e+001  7.248065e+000  1.650000e+002
      vertex  1.272495e+001  6.951670e+000  1.650000e+002
    endloop
  endfacet
  facet normal -8.832532e-001 -4.391201e-001 -1.644310e-001
    outer loop
      vertex  1.067563e+001  5.480048e+000  1.800000e+002
      vertex  1.303680e+001  6.347583e+000  1.650000e+002
      vertex  1.081319e+001  5.203356e+000  1.800000e+002
    endloop
  endfacet
  facet normal -8.918645e-001 -4.213849e-001 -1.643546e-001
    outer loop
      vertex  1.081319e+001  5.203356e+000  1.800000e+002
      vertex  1.303680e+001  6.347583e+000  1.650000e+002
      vertex  1.318202e+001  6.040222e+000  1.650000e+002
    endloop
  endfacet
  facet normal -8.942654e-001 -4.162292e-001 -1.644462e-001
    outer loop
      vertex  1.081319e+001  5.203356e+000  1.800000e+002
      vertex  1.318202e+001  6.040222e+000  1.650000e+002
      vertex  1.094358e+001  4.923214e+000  1.800000e+002
    endloop
  endfacet
  facet normal -9.014992e-001 -4.003627e-001 -1.643441e-001
    outer loop
      vertex  1.094358e+001  4.923214e+000  1.800000e+002
      vertex  1.318202e+001  6.040222e+000  1.650000e+002
      vertex  1.332000e+001  5.729542e+000  1.650000e+002
    endloop
  endfacet
  facet normal -9.046838e-001 -3.930664e-001 -1.644565e-001
    outer loop
      vertex  1.094358e+001  4.923214e+000  1.800000e+002
      vertex  1.332000e+001  5.729542e+000  1.650000e+002
      vertex  1.106672e+001  4.639807e+000  1.800000e+002
    endloop
  endfacet
  facet normal -9.145038e-001 -3.696418e-001 -1.644618e-001
    outer loop
      vertex  1.106672e+001  4.639807e+000  1.800000e+002
      vertex  1.345065e+001  5.415712e+000  1.650000e+002
      vertex  1.118251e+001  4.353324e+000  1.800000e+002
    endloop
  endfacet
  facet normal -9.192758e-001 -3.576676e-001 -1.643353e-001
    outer loop
      vertex  1.118251e+001  4.353324e+000  1.800000e+002
      vertex  1.345065e+001  5.415712e+000  1.650000e+002
      vertex  1.357391e+001  5.098906e+000  1.650000e+002
    endloop
  endfacet
  facet normal -9.237174e-001 -3.459745e-001 -1.644622e-001
    outer loop
      vertex  1.118251e+001  4.353324e+000  1.800000e+002
      vertex  1.357391e+001  5.098906e+000  1.650000e+002
      vertex  1.129089e+001  4.063955e+000  1.800000e+002
    endloop
  endfacet
  facet normal -9.274067e-001 -3.360212e-001 -1.643370e-001
    outer loop
      vertex  1.129089e+001  4.063955e+000  1.800000e+002
      vertex  1.357391e+001  5.098906e+000  1.650000e+002
      vertex  1.368972e+001  4.779297e+000  1.650000e+002
    endloop
  endfacet
  facet normal -9.323207e-001 -3.220742e-001 -1.644577e-001
    outer loop
      vertex  1.129089e+001  4.063955e+000  1.800000e+002
      vertex  1.368972e+001  4.779297e+000  1.650000e+002
      vertex  1.139179e+001  3.771890e+000  1.800000e+002
    endloop
  endfacet
  facet normal -9.487231e-001 -2.700148e-001 -1.643666e-001
    outer loop
      vertex  1.399174e+001  3.805419e+000  1.650000e+002
      vertex  1.157086e+001  3.180454e+000  1.800000e+002
      vertex  1.389869e+001  4.132376e+000  1.650000e+002
    endloop
  endfacet
  facet normal -9.476686e-001 -2.736526e-001 -1.644338e-001
    outer loop
      vertex  1.389869e+001  4.132376e+000  1.650000e+002
      vertex  1.157086e+001  3.180454e+000  1.800000e+002
      vertex  1.148513e+001  3.477325e+000  1.800000e+002
    endloop
  endfacet
  facet normal -9.421356e-001 -2.921792e-001 -1.643526e-001
    outer loop
      vertex  1.389869e+001  4.132376e+000  1.650000e+002
      vertex  1.148513e+001  3.477325e+000  1.800000e+002
      vertex  1.379799e+001  4.457061e+000  1.650000e+002
    endloop
  endfacet
  facet normal -9.403055e-001 -2.979638e-001 -1.644482e-001
    outer loop
      vertex  1.379799e+001  4.457061e+000  1.650000e+002
      vertex  1.148513e+001  3.477325e+000  1.800000e+002
      vertex  1.139179e+001  3.771890e+000  1.800000e+002
    endloop
  endfacet
  facet normal -9.350291e-001 -3.141848e-001 -1.643427e-001
    outer loop
      vertex  1.379799e+001  4.457061e+000  1.650000e+002
      vertex  1.139179e+001  3.771890e+000  1.800000e+002
      vertex  1.368972e+001  4.779297e+000  1.650000e+002
    endloop
  endfacet
  facet normal -9.544026e-001 -2.491656e-001 -1.644145e-001
    outer loop
      vertex  1.157086e+001  3.180454e+000  1.800000e+002
      vertex  1.399174e+001  3.805419e+000  1.650000e+002
      vertex  1.164891e+001  2.881474e+000  1.800000e+002
    endloop
  endfacet
  facet normal -9.547900e-001 -2.476970e-001 -1.643846e-001
    outer loop
      vertex  1.164891e+001  2.881474e+000  1.800000e+002
      vertex  1.399174e+001  3.805419e+000  1.650000e+002
      vertex  1.407710e+001  3.476371e+000  1.650000e+002
    endloop
  endfacet
  facet normal -9.603331e-001 -2.252457e-001 -1.643915e-001
    outer loop
      vertex  1.164891e+001  2.881474e+000  1.800000e+002
      vertex  1.407710e+001  3.476371e+000  1.650000e+002
      vertex  1.415473e+001  3.145412e+000  1.650000e+002
    endloop
  endfacet
  facet normal -9.707810e-001 -1.747641e-001 -1.644439e-001
    outer loop
      vertex  1.178180e+001  2.277982e+000  1.800000e+002
      vertex  1.428660e+001  2.478491e+000  1.650000e+002
      vertex  1.183655e+001  1.973870e+000  1.800000e+002
    endloop
  endfacet
  facet normal -9.737955e-001 -1.572029e-001 -1.643456e-001
    outer loop
      vertex  1.183655e+001  1.973870e+000  1.800000e+002
      vertex  1.428660e+001  2.478491e+000  1.650000e+002
      vertex  1.434078e+001  2.142895e+000  1.650000e+002
    endloop
  endfacet
  facet normal -9.771630e-001 -1.343246e-001 -1.646499e-001
    outer loop
      vertex  1.183655e+001  1.973870e+000  1.800000e+002
      vertex  1.434078e+001  2.142895e+000  1.650000e+002
      vertex  1.438708e+001  1.806121e+000  1.650000e+002
    endloop
  endfacet
  facet normal -9.813700e-001 -9.932269e-002 -1.644625e-001
    outer loop
      vertex  1.192246e+001  1.361923e+000  1.800000e+002
      vertex  1.442546e+001  1.468355e+000  1.650000e+002
      vertex  1.195358e+001  1.054492e+000  1.800000e+002
    endloop
  endfacet
  facet normal -9.824373e-001 -8.837784e-002 -1.643364e-001
    outer loop
      vertex  1.195358e+001  1.054492e+000  1.800000e+002
      vertex  1.442546e+001  1.468355e+000  1.650000e+002
      vertex  1.445592e+001  1.129781e+000  1.650000e+002
    endloop
  endfacet
  facet normal -9.842091e-001 -6.532225e-002 -1.645163e-001
    outer loop
      vertex  1.195358e+001  1.054492e+000  1.800000e+002
      vertex  1.445592e+001  1.129781e+000  1.650000e+002
      vertex  1.447843e+001  7.905871e-001  1.650000e+002
    endloop
  endfacet
  facet normal -9.861127e-001 -2.328854e-002 -1.644366e-001
    outer loop
      vertex  1.199201e+001  4.377388e-001  1.800000e+002
      vertex  1.449299e+001  4.509581e-001  1.650000e+002
      vertex  1.199931e+001  1.288244e-001  1.800000e+002
    endloop
  endfacet
  facet normal -9.862145e-001 -1.911844e-002 -1.643640e-001
    outer loop
      vertex  1.199931e+001  1.288244e-001  1.800000e+002
      vertex  1.449299e+001  4.509581e-001  1.650000e+002
      vertex  1.449957e+001  1.110813e-001  1.650000e+002
    endloop
  endfacet
  facet normal -9.863825e-001  4.006955e-003 -1.644193e-001
    outer loop
      vertex  1.199931e+001  1.288244e-001  1.800000e+002
      vertex  1.449957e+001  1.110813e-001  1.650000e+002
      vertex  1.449819e+001 -2.288566e-001  1.650000e+002
    endloop
  endfacet
  facet normal -9.849708e-001  5.288580e-002 -1.644248e-001
    outer loop
      vertex  1.199003e+001 -4.890559e-001  1.800000e+002
      vertex  1.447153e+001 -9.081682e-001  1.650000e+002
      vertex  1.197346e+001 -7.976120e-001  1.800000e+002
    endloop
  endfacet
  facet normal -9.836721e-001  7.331548e-002 -1.643591e-001
    outer loop
      vertex  1.197346e+001 -7.976120e-001  1.800000e+002
      vertex  1.447153e+001 -9.081682e-001  1.650000e+002
      vertex  1.444627e+001 -1.247169e+000  1.650000e+002
    endloop
  endfacet
  facet normal -9.832798e-001  7.822967e-002 -1.644417e-001
    outer loop
      vertex  1.197346e+001 -7.976120e-001  1.800000e+002
      vertex  1.444627e+001 -1.247169e+000  1.650000e+002
      vertex  1.194896e+001 -1.105639e+000  1.800000e+002
    endloop
  endfacet
  facet normal -9.816850e-001  9.635699e-002 -1.643472e-001
    outer loop
      vertex  1.194896e+001 -1.105639e+000  1.800000e+002
      vertex  1.444627e+001 -1.247169e+000  1.650000e+002
      vertex  1.441306e+001 -1.585483e+000  1.650000e+002
    endloop
  endfacet
  facet normal -9.809374e-001  1.035215e-001 -1.644536e-001
    outer loop
      vertex  1.194896e+001 -1.105639e+000  1.800000e+002
      vertex  1.441306e+001 -1.585483e+000  1.650000e+002
      vertex  1.191653e+001 -1.412933e+000  1.800000e+002
    endloop
  endfacet
  facet normal -9.724878e-001  1.651094e-001 -1.643360e-001
    outer loop
      vertex  1.426600e+001 -2.594458e+000  1.650000e+002
      vertex  1.182799e+001 -2.024508e+000  1.800000e+002
      vertex  1.432290e+001 -2.259314e+000  1.650000e+002
    endloop
  endfacet
  facet normal -9.743065e-001  1.538797e-001 -1.644627e-001
    outer loop
      vertex  1.432290e+001 -2.259314e+000  1.650000e+002
      vertex  1.182799e+001 -2.024508e+000  1.800000e+002
      vertex  1.187620e+001 -1.719291e+000  1.800000e+002
    endloop
  endfacet
  facet normal -9.760918e-001  1.422622e-001 -1.643357e-001
    outer loop
      vertex  1.432290e+001 -2.259314e+000  1.650000e+002
      vertex  1.187620e+001 -1.719291e+000  1.800000e+002
      vertex  1.437193e+001 -1.922927e+000  1.650000e+002
    endloop
  endfacet
  facet normal -9.779458e-001  1.287428e-001 -1.644606e-001
    outer loop
      vertex  1.437193e+001 -1.922927e+000  1.650000e+002
      vertex  1.187620e+001 -1.719291e+000  1.800000e+002
      vertex  1.191653e+001 -1.412933e+000  1.800000e+002
    endloop
  endfacet
  facet normal -9.791576e-001  1.193439e-001 -1.643394e-001
    outer loop
      vertex  1.437193e+001 -1.922927e+000  1.650000e+002
      vertex  1.191653e+001 -1.412933e+000  1.800000e+002
      vertex  1.441306e+001 -1.585483e+000  1.650000e+002
    endloop
  endfacet
  facet normal -9.700221e-001  1.789137e-001 -1.644597e-001
    outer loop
      vertex  1.182799e+001 -2.024508e+000  1.800000e+002
      vertex  1.426600e+001 -2.594458e+000  1.650000e+002
      vertex  1.177194e+001 -2.328383e+000  1.800000e+002
    endloop
  endfacet
  facet normal -9.683498e-001  1.878593e-001 -1.643403e-001
    outer loop
      vertex  1.177194e+001 -2.328383e+000  1.800000e+002
      vertex  1.426600e+001 -2.594458e+000  1.650000e+002
      vertex  1.420126e+001 -2.928177e+000  1.650000e+002
    endloop
  endfacet
  facet normal -9.636558e-001  2.105040e-001 -1.644856e-001
    outer loop
      vertex  1.177194e+001 -2.328383e+000  1.800000e+002
      vertex  1.420126e+001 -2.928177e+000  1.650000e+002
      vertex  1.412871e+001 -3.260286e+000  1.650000e+002
    endloop
  endfacet
  facet normal -9.533272e-001  2.532448e-001 -1.644215e-001
    outer loop
      vertex  1.163647e+001 -2.931301e+000  1.800000e+002
      vertex  1.404840e+001 -3.590604e+000  1.650000e+002
      vertex  1.155714e+001 -3.229944e+000  1.800000e+002
    endloop
  endfacet
  facet normal -9.527473e-001  2.554455e-001 -1.643781e-001
    outer loop
      vertex  1.155714e+001 -3.229944e+000  1.800000e+002
      vertex  1.404840e+001 -3.590604e+000  1.650000e+002
      vertex  1.396037e+001 -3.918948e+000  1.650000e+002
    endloop
  endfacet
  facet normal -9.464937e-001  2.777094e-001 -1.643989e-001
    outer loop
      vertex  1.155714e+001 -3.229944e+000  1.800000e+002
      vertex  1.396037e+001 -3.918948e+000  1.650000e+002
      vertex  1.386466e+001 -4.245138e+000  1.650000e+002
    endloop
  endfacet
  facet normal -9.309362e-001  3.260638e-001 -1.644392e-001
    outer loop
      vertex  1.137554e+001 -3.820608e+000  1.800000e+002
      vertex  1.365044e+001 -4.890340e+000  1.650000e+002
      vertex  1.127340e+001 -4.112238e+000  1.800000e+002
    endloop
  endfacet
  facet normal -9.246458e-001  3.435400e-001 -1.643489e-001
    outer loop
      vertex  1.127340e+001 -4.112238e+000  1.800000e+002
      vertex  1.365044e+001 -4.890340e+000  1.650000e+002
      vertex  1.353205e+001 -5.208997e+000  1.650000e+002
    endloop
  endfacet
  facet normal -9.222315e-001  3.499210e-001 -1.644520e-001
    outer loop
      vertex  1.127340e+001 -4.112238e+000  1.800000e+002
      vertex  1.353205e+001 -5.208997e+000  1.650000e+002
      vertex  1.116378e+001 -4.401141e+000  1.800000e+002
    endloop
  endfacet
  facet normal -9.163385e-001  3.651246e-001 -1.643403e-001
    outer loop
      vertex  1.116378e+001 -4.401141e+000  1.800000e+002
      vertex  1.353205e+001 -5.208997e+000  1.650000e+002
      vertex  1.340622e+001 -5.524792e+000  1.650000e+002
    endloop
  endfacet
  facet normal -9.129134e-001  3.735533e-001 -1.644596e-001
    outer loop
      vertex  1.116378e+001 -4.401141e+000  1.800000e+002
      vertex  1.340622e+001 -5.524792e+000  1.650000e+002
      vertex  1.104676e+001 -4.687126e+000  1.800000e+002
    endloop
  endfacet
  facet normal -9.029917e-001  3.969358e-001 -1.644626e-001
    outer loop
      vertex  1.104676e+001 -4.687126e+000  1.800000e+002
      vertex  1.327302e+001 -5.837550e+000  1.650000e+002
      vertex  1.092241e+001 -4.970003e+000  1.800000e+002
    endloop
  endfacet
  facet normal -8.982192e-001  4.076717e-001 -1.643357e-001
    outer loop
      vertex  1.092241e+001 -4.970003e+000  1.800000e+002
      vertex  1.327302e+001 -5.837550e+000  1.650000e+002
      vertex  1.313252e+001 -6.147099e+000  1.650000e+002
    endloop
  endfacet
  facet normal -8.883855e-001  4.286038e-001 -1.645293e-001
    outer loop
      vertex  1.092241e+001 -4.970003e+000  1.800000e+002
      vertex  1.313252e+001 -6.147099e+000  1.650000e+002
      vertex  1.298481e+001 -6.453270e+000  1.650000e+002
    endloop
  endfacet
  facet normal -8.696691e-001  4.654400e-001 -1.644417e-001
    outer loop
      vertex  1.065208e+001 -5.525685e+000  1.800000e+002
      vertex  1.282996e+001 -6.755894e+000  1.650000e+002
      vertex  1.050627e+001 -5.798122e+000  1.800000e+002
    endloop
  endfacet
  facet normal -8.673444e-001  4.697868e-001 -1.643591e-001
    outer loop
      vertex  1.050627e+001 -5.798122e+000  1.800000e+002
      vertex  1.282996e+001 -6.755894e+000  1.650000e+002
      vertex  1.266806e+001 -7.054805e+000  1.650000e+002
    endloop
  endfacet
  facet normal -8.560829e-001  4.899852e-001 -1.644283e-001
    outer loop
      vertex  1.050627e+001 -5.798122e+000  1.800000e+002
      vertex  1.266806e+001 -7.054805e+000  1.650000e+002
      vertex  1.249920e+001 -7.349838e+000  1.650000e+002
    endloop
  endfacet
  facet normal -8.064477e-001  5.680061e-001 -1.643507e-001
    outer loop
      vertex  1.175602e+001 -8.487986e+000  1.650000e+002
      vertex  9.854420e+000 -6.847657e+000  1.800000e+002
      vertex  1.195177e+001 -8.210062e+000  1.650000e+002
    endloop
  endfacet
  facet normal -8.172025e-001  5.523954e-001 -1.644367e-001
    outer loop
      vertex  1.195177e+001 -8.210062e+000  1.650000e+002
      vertex  9.854420e+000 -6.847657e+000  1.800000e+002
      vertex  1.002747e+001 -6.591656e+000  1.800000e+002
    endloop
  endfacet
  facet normal -8.195413e-001  5.489414e-001 -1.643640e-001
    outer loop
      vertex  1.195177e+001 -8.210062e+000  1.650000e+002
      vertex  1.002747e+001 -6.591656e+000  1.800000e+002
      vertex  1.214095e+001 -7.927625e+000  1.650000e+002
    endloop
  endfacet
  facet normal -8.311574e-001  5.311722e-001 -1.644181e-001
    outer loop
      vertex  1.214095e+001 -7.927625e+000  1.650000e+002
      vertex  1.002747e+001 -6.591656e+000  1.800000e+002
      vertex  1.019386e+001 -6.331285e+000  1.800000e+002
    endloop
  endfacet
  facet normal -8.321820e-001  5.295771e-001 -1.643813e-001
    outer loop
      vertex  1.214095e+001 -7.927625e+000  1.650000e+002
      vertex  1.019386e+001 -6.331285e+000  1.800000e+002
      vertex  1.232346e+001 -7.640831e+000  1.650000e+002
    endloop
  endfacet
  facet normal -8.027078e-001  5.732507e-001 -1.644501e-001
    outer loop
      vertex  9.854420e+000 -6.847657e+000  1.800000e+002
      vertex  1.175602e+001 -8.487986e+000  1.650000e+002
      vertex  9.674840e+000 -7.099118e+000  1.800000e+002
    endloop
  endfacet
  facet normal -7.929145e-001  5.867525e-001 -1.643415e-001
    outer loop
      vertex  9.674840e+000 -7.099118e+000  1.800000e+002
      vertex  1.175602e+001 -8.487986e+000  1.650000e+002
      vertex  1.155381e+001 -8.761245e+000  1.650000e+002
    endloop
  endfacet
  facet normal -7.789031e-001  6.051516e-001 -1.646251e-001
    outer loop
      vertex  9.674840e+000 -7.099118e+000  1.800000e+002
      vertex  1.155381e+001 -8.761245e+000  1.650000e+002
      vertex  1.134525e+001 -9.029688e+000  1.650000e+002
    endloop
  endfacet
  facet normal -7.560712e-001  6.334894e-001 -1.644612e-001
    outer loop
      vertex  9.296558e+000 -7.587753e+000  1.800000e+002
      vertex  1.113046e+001 -9.293168e+000  1.650000e+002
      vertex  9.098107e+000 -7.824605e+000  1.800000e+002
    endloop
  endfacet
  facet normal -7.497190e-001  6.410260e-001 -1.643385e-001
    outer loop
      vertex  9.098107e+000 -7.824605e+000  1.800000e+002
      vertex  1.113046e+001 -9.293168e+000  1.650000e+002
      vertex  1.090954e+001 -9.551541e+000  1.650000e+002
    endloop
  endfacet
  facet normal -7.344650e-001  6.584085e-001 -1.644976e-001
    outer loop
      vertex  9.098107e+000 -7.824605e+000  1.800000e+002
      vertex  1.090954e+001 -9.551541e+000  1.650000e+002
      vertex  1.068263e+001 -9.804664e+000  1.650000e+002
    endloop
  endfacet
  facet normal -7.049310e-001  6.899534e-001 -1.644280e-001
    outer loop
      vertex  8.683243e+000 -8.282589e+000  1.800000e+002
      vertex  1.044985e+001 -1.005240e+001  1.650000e+002
      vertex  8.467105e+000 -8.503419e+000  1.800000e+002
    endloop
  endfacet
  facet normal -7.028106e-001  6.921265e-001 -1.643721e-001
    outer loop
      vertex  8.467105e+000 -8.503419e+000  1.800000e+002
      vertex  1.044985e+001 -1.005240e+001  1.650000e+002
      vertex  1.021132e+001 -1.029461e+001  1.650000e+002
    endloop
  endfacet
  facet normal -6.863900e-001  7.084062e-001 -1.644067e-001
    outer loop
      vertex  8.467105e+000 -8.503419e+000  1.800000e+002
      vertex  1.021132e+001 -1.029461e+001  1.650000e+002
      vertex  9.967183e+000 -1.053116e+001  1.650000e+002
    endloop
  endfacet
  facet normal -6.495789e-001  7.422996e-001 -1.644339e-001
    outer loop
      vertex  8.018133e+000 -8.928020e+000  1.800000e+002
      vertex  9.462608e+000 -1.098677e+001  1.650000e+002
      vertex  7.785597e+000 -9.131511e+000  1.800000e+002
    endloop
  endfacet
  facet normal -6.349134e-001  7.548995e-001 -1.643526e-001
    outer loop
      vertex  7.785597e+000 -9.131511e+000  1.800000e+002
      vertex  9.462608e+000 -1.098677e+001  1.650000e+002
      vertex  9.202450e+000 -1.120557e+001  1.650000e+002
    endloop
  endfacet
  facet normal -6.302496e-001  7.587768e-001 -1.644482e-001
    outer loop
      vertex  7.785597e+000 -9.131511e+000  1.800000e+002
      vertex  9.202450e+000 -1.120557e+001  1.650000e+002
      vertex  7.547898e+000 -9.328946e+000  1.800000e+002
    endloop
  endfacet
  facet normal -6.170442e-001  7.695764e-001 -1.643427e-001
    outer loop
      vertex  7.547898e+000 -9.328946e+000  1.800000e+002
      vertex  9.202450e+000 -1.120557e+001  1.650000e+002
      vertex  8.937234e+000 -1.141822e+001  1.650000e+002
    endloop
  endfacet
  facet normal -6.105035e-001  7.747511e-001 -1.644576e-001
    outer loop
      vertex  7.547898e+000 -9.328946e+000  1.800000e+002
      vertex  8.937234e+000 -1.141822e+001  1.650000e+002
      vertex  7.305195e+000 -9.520196e+000  1.800000e+002
    endloop
  endfacet
  facet normal -5.903502e-001  7.902144e-001 -1.644622e-001
    outer loop
      vertex  7.305195e+000 -9.520196e+000  1.800000e+002
      vertex  8.667105e+000 -1.162460e+001  1.650000e+002
      vertex  7.057648e+000 -9.705132e+000  1.800000e+002
    endloop
  endfacet
  facet normal -5.802954e-001  7.976536e-001 -1.643353e-001
    outer loop
      vertex  7.057648e+000 -9.705132e+000  1.800000e+002
      vertex  8.667105e+000 -1.162460e+001  1.650000e+002
      vertex  8.392213e+000 -1.182458e+001  1.650000e+002
    endloop
  endfacet
  facet normal -5.698098e-001  8.051516e-001 -1.644618e-001
    outer loop
      vertex  7.057648e+000 -9.705132e+000  1.800000e+002
      vertex  8.392213e+000 -1.182458e+001  1.650000e+002
      vertex  6.805421e+000 -9.883635e+000  1.800000e+002
    endloop
  endfacet
  facet normal -5.614344e-001  8.110391e-001 -1.643377e-001
    outer loop
      vertex  6.805421e+000 -9.883635e+000  1.800000e+002
      vertex  8.392213e+000 -1.182458e+001  1.650000e+002
      vertex  8.112707e+000 -1.201807e+001  1.650000e+002
    endloop
  endfacet
  facet normal -5.488923e-001  8.195555e-001 -1.644565e-001
    outer loop
      vertex  6.805421e+000 -9.883635e+000  1.800000e+002
      vertex  8.112707e+000 -1.201807e+001  1.650000e+002
      vertex  6.548682e+000 -1.005558e+001  1.800000e+002
    endloop
  endfacet
  facet normal -5.276074e-001  8.334194e-001 -1.644461e-001
    outer loop
      vertex  6.548682e+000 -1.005558e+001  1.800000e+002
      vertex  7.828743e+000 -1.220495e+001  1.650000e+002
      vertex  6.287601e+000 -1.022087e+001  1.800000e+002
    endloop
  endfacet
  facet normal -5.228030e-001  8.364595e-001 -1.643546e-001
    outer loop
      vertex  6.287601e+000 -1.022087e+001  1.800000e+002
      vertex  7.828743e+000 -1.220495e+001  1.650000e+002
      vertex  7.540477e+000 -1.238512e+001  1.650000e+002
    endloop
  endfacet
  facet normal -5.030428e-001  8.484741e-001 -1.644377e-001
    outer loop
      vertex  6.287601e+000 -1.022087e+001  1.800000e+002
      vertex  7.540477e+000 -1.238512e+001  1.650000e+002
      vertex  7.248065e+000 -1.255849e+001  1.650000e+002
    endloop
  endfacet
  facet normal  3.715940e-001 -9.135325e-001  1.654579e-001
    outer loop
      vertex  6.715822e+000 -1.452232e+001  1.800000e+002
      vertex  6.793077e+000 -1.720768e+001  1.650000e+002
      vertex  7.147255e+000 -1.706361e+001  1.650000e+002
    endloop
  endfacet
  facet normal  4.437454e-001 -8.810227e-001  1.639789e-001
    outer loop
      vertex  7.356079e+000 -1.420873e+001  1.800000e+002
      vertex  7.037697e+000 -1.436909e+001  1.800000e+002
      vertex  7.846303e+000 -1.675367e+001  1.650000e+002
    endloop
  endfacet
  facet normal  3.142823e-001 -9.348386e-001  1.652383e-001
    outer loop
      vertex  5.730841e+000 -1.493846e+001  1.800000e+002
      vertex  5.713742e+000 -1.759554e+001  1.650000e+002
      vertex  6.076167e+000 -1.747370e+001  1.650000e+002
    endloop
  endfacet
  facet normal  3.838964e-001 -9.086723e-001  1.641288e-001
    outer loop
      vertex  6.390613e+000 -1.466834e+001  1.800000e+002
      vertex  6.062232e+000 -1.480707e+001  1.800000e+002
      vertex  6.793077e+000 -1.720768e+001  1.650000e+002
    endloop
  endfacet
  facet normal  4.041100e-001 -9.000322e-001  1.632085e-001
    outer loop
      vertex  6.793077e+000 -1.720768e+001  1.650000e+002
      vertex  6.715822e+000 -1.452232e+001  1.800000e+002
      vertex  6.390613e+000 -1.466834e+001  1.800000e+002
    endloop
  endfacet
  facet normal  2.557601e-001 -9.525481e-001  1.650424e-001
    outer loop
      vertex  4.720264e+000 -1.528787e+001  1.800000e+002
      vertex  4.612447e+000 -1.791578e+001  1.650000e+002
      vertex  4.981726e+000 -1.781663e+001  1.650000e+002
    endloop
  endfacet
  facet normal  3.223394e-001 -9.322655e-001  1.642509e-001
    outer loop
      vertex  5.396605e+000 -1.506243e+001  1.800000e+002
      vertex  5.059690e+000 -1.517892e+001  1.800000e+002
      vertex  5.713742e+000 -1.759554e+001  1.650000e+002
    endloop
  endfacet
  facet normal  3.430787e-001 -9.249747e-001  1.634582e-001
    outer loop
      vertex  5.713742e+000 -1.759554e+001  1.650000e+002
      vertex  5.730841e+000 -1.493846e+001  1.800000e+002
      vertex  5.396605e+000 -1.506243e+001  1.800000e+002
    endloop
  endfacet
  facet normal  1.962488e-001 -9.665941e-001  1.648704e-001
    outer loop
      vertex  3.688606e+000 -1.556901e+001  1.800000e+002
      vertex  3.493425e+000 -1.816717e+001  1.650000e+002
      vertex  3.868138e+000 -1.809109e+001  1.650000e+002
    endloop
  endfacet
  facet normal  2.593501e-001 -9.516975e-001  1.643453e-001
    outer loop
      vertex  4.378495e+000 -1.538924e+001  1.800000e+002
      vertex  4.034552e+000 -1.548297e+001  1.800000e+002
      vertex  4.612447e+000 -1.791578e+001  1.650000e+002
    endloop
  endfacet
  facet normal  2.805186e-001 -9.457896e-001  1.636804e-001
    outer loop
      vertex  4.612447e+000 -1.791578e+001  1.650000e+002
      vertex  4.720264e+000 -1.528787e+001  1.800000e+002
      vertex  4.378495e+000 -1.538924e+001  1.800000e+002
    endloop
  endfacet
  facet normal  1.157429e-001 -9.793906e-001  1.655222e-001
    outer loop
      vertex  2.640474e+000 -1.578062e+001  1.800000e+002
      vertex  1.981260e+000 -1.839360e+001  1.650000e+002
      vertex  2.360976e+000 -1.834873e+001  1.650000e+002
    endloop
  endfacet
  facet normal  1.762437e-001 -9.705256e-001  1.643722e-001
    outer loop
      vertex  3.117219e+000 -1.823549e+001  1.650000e+002
      vertex  3.493425e+000 -1.816717e+001  1.650000e+002
      vertex  2.991394e+000 -1.571787e+001  1.800000e+002
    endloop
  endfacet
  facet normal  1.952007e-001 -9.668843e-001  1.644120e-001
    outer loop
      vertex  2.991394e+000 -1.571787e+001  1.800000e+002
      vertex  3.493425e+000 -1.816717e+001  1.650000e+002
      vertex  3.340829e+000 -1.564733e+001  1.800000e+002
    endloop
  endfacet
  facet normal  2.167133e-001 -9.623827e-001  1.638747e-001
    outer loop
      vertex  3.493425e+000 -1.816717e+001  1.650000e+002
      vertex  3.688606e+000 -1.556901e+001  1.800000e+002
      vertex  3.340829e+000 -1.564733e+001  1.800000e+002
    endloop
  endfacet
  facet normal  5.484059e-002 -9.847182e-001  1.652956e-001
    outer loop
      vertex  1.580548e+000 -1.592174e+001  1.800000e+002
      vertex  8.376858e-001 -1.848103e+001  1.650000e+002
      vertex  1.219452e+000 -1.845976e+001  1.650000e+002
    endloop
  endfacet
  facet normal -6.287673e-003 -9.862579e-001  1.650934e-001
    outer loop
      vertex  5.135633e-001 -1.599176e+001  1.800000e+002
      vertex -3.091080e-001 -1.849742e+001  1.650000e+002
      vertex  7.324232e-002 -1.849986e+001  1.650000e+002
    endloop
  endfacet
  facet normal  6.458955e-002 -9.843068e-001  1.642204e-001
    outer loop
      vertex  1.225436e+000 -1.595300e+001  1.800000e+002
      vertex  8.697155e-001 -1.597635e+001  1.800000e+002
      vertex  8.376858e-001 -1.848103e+001  1.650000e+002
    endloop
  endfacet
  facet normal  8.651234e-002 -9.827605e-001  1.633931e-001
    outer loop
      vertex  8.376858e-001 -1.848103e+001  1.650000e+002
      vertex  1.580548e+000 -1.592174e+001  1.800000e+002
      vertex  1.225436e+000 -1.595300e+001  1.800000e+002
    endloop
  endfacet
  facet normal -6.739036e-002 -9.840028e-001  1.649148e-001
    outer loop
      vertex -5.557150e-001 -1.599035e+001  1.800000e+002
      vertex -1.454714e+000 -1.844272e+001  1.650000e+002
      vertex -1.073249e+000 -1.846884e+001  1.650000e+002
    endloop
  endfacet
  facet normal -1.300952e-003 -9.864058e-001  1.643223e-001
    outer loop
      vertex  1.571562e-001 -1.599923e+001  1.800000e+002
      vertex -1.993289e-001 -1.599876e+001  1.800000e+002
      vertex -3.091080e-001 -1.849742e+001  1.650000e+002
    endloop
  endfacet
  facet normal  2.068045e-002 -9.863063e-001  1.636225e-001
    outer loop
      vertex -3.091080e-001 -1.849742e+001  1.650000e+002
      vertex  5.135633e-001 -1.599176e+001  1.800000e+002
      vertex  1.571562e-001 -1.599923e+001  1.800000e+002
    endloop
  endfacet
  facet normal -8.771817e-002 -9.824883e-001  1.643844e-001
    outer loop
      vertex -1.835557e+000 -1.840871e+001  1.650000e+002
      vertex -1.454714e+000 -1.844272e+001  1.650000e+002
      vertex -1.267483e+000 -1.594972e+001  1.800000e+002
    endloop
  endfacet
  facet normal -6.718140e-002 -9.841039e-001  1.643966e-001
    outer loop
      vertex -1.267483e+000 -1.594972e+001  1.800000e+002
      vertex -1.454714e+000 -1.844272e+001  1.650000e+002
      vertex -9.118253e-001 -1.597400e+001  1.800000e+002
    endloop
  endfacet
  facet normal -4.524421e-002 -9.854515e-001  1.638244e-001
    outer loop
      vertex -1.454714e+000 -1.844272e+001  1.650000e+002
      vertex -5.557150e-001 -1.599035e+001  1.800000e+002
      vertex -9.118253e-001 -1.597400e+001  1.800000e+002
    endloop
  endfacet
  facet normal -1.484334e-001 -9.751704e-001  1.643481e-001
    outer loop
      vertex -2.972733e+000 -1.825960e+001  1.650000e+002
      vertex -2.594728e+000 -1.831713e+001  1.650000e+002
      vertex -2.329976e+000 -1.582944e+001  1.800000e+002
    endloop
  endfacet
  facet normal -2.678782e-001 -9.491933e-001  1.651462e-001
    outer loop
      vertex -3.729632e+000 -1.555924e+001  1.800000e+002
      vertex -5.208481e+000 -1.775167e+001  1.650000e+002
      vertex -4.840497e+000 -1.785552e+001  1.650000e+002
    endloop
  endfacet
  facet normal -2.085776e-001 -9.641002e-001  1.643358e-001
    outer loop
      vertex -4.098483e+000 -1.804030e+001  1.650000e+002
      vertex -3.724771e+000 -1.812115e+001  1.650000e+002
      vertex -3.382063e+000 -1.563847e+001  1.800000e+002
    endloop
  endfacet
  facet normal -3.261891e-001 -9.307999e-001  1.649611e-001
    outer loop
      vertex -4.760546e+000 -1.527538e+001  1.800000e+002
      vertex -6.298461e+000 -1.739481e+001  1.650000e+002
      vertex -5.937619e+000 -1.752126e+001  1.650000e+002
    endloop
  endfacet
  facet normal -3.453949e-001 -9.239457e-001  1.643986e-001
    outer loop
      vertex -5.436290e+000 -1.504815e+001  1.800000e+002
      vertex -6.656613e+000 -1.726092e+001  1.650000e+002
      vertex -6.298461e+000 -1.739481e+001  1.650000e+002
    endloop
  endfacet
  facet normal -3.247913e-001 -9.313915e-001  1.643791e-001
    outer loop
      vertex -5.099684e+000 -1.516553e+001  1.800000e+002
      vertex -5.436290e+000 -1.504815e+001  1.800000e+002
      vertex -6.298461e+000 -1.739481e+001  1.650000e+002
    endloop
  endfacet
  facet normal -3.039919e-001 -9.384921e-001  1.637722e-001
    outer loop
      vertex -6.298461e+000 -1.739481e+001  1.650000e+002
      vertex -4.760546e+000 -1.527538e+001  1.800000e+002
      vertex -5.099684e+000 -1.516553e+001  1.800000e+002
    endloop
  endfacet
  facet normal -4.019801e-001 -9.007770e-001  1.643556e-001
    outer loop
      vertex -7.713401e+000 -1.681528e+001  1.650000e+002
      vertex -7.364234e+000 -1.697109e+001  1.650000e+002
      vertex -6.429256e+000 -1.465144e+001  1.800000e+002
    endloop
  endfacet
  facet normal -6.106589e-001 -7.743398e-001  1.658122e-001
    outer loop
      vertex -9.218786e+000 -1.307723e+001  1.800000e+002
      vertex -1.160528e+001 -1.440720e+001  1.650000e+002
      vertex -1.130505e+001 -1.464397e+001  1.650000e+002
    endloop
  endfacet
  facet normal -5.946180e-001 -7.869174e-001  1.648949e-001
    outer loop
      vertex -9.218786e+000 -1.307723e+001  1.800000e+002
      vertex -1.130505e+001 -1.464397e+001  1.650000e+002
      vertex -1.099999e+001 -1.487448e+001  1.650000e+002
    endloop
  endfacet
  facet normal -5.410837e-001 -8.247564e-001  1.643328e-001
    outer loop
      vertex -8.627085e+000 -1.347492e+001  1.800000e+002
      vertex -8.925151e+000 -1.327937e+001  1.800000e+002
      vertex -1.037590e+001 -1.531635e+001  1.650000e+002
    endloop
  endfacet
  facet normal -5.226358e-001 -8.367024e-001  1.636485e-001
    outer loop
      vertex -1.037590e+001 -1.531635e+001  1.650000e+002
      vertex -8.324737e+000 -1.366378e+001  1.800000e+002
      vertex -8.627085e+000 -1.347492e+001  1.800000e+002
    endloop
  endfacet
  facet normal -6.574952e-001 -7.350445e-001  1.655584e-001
    outer loop
      vertex -1.007166e+001 -1.243228e+001  1.800000e+002
      vertex -1.247573e+001 -1.366039e+001  1.650000e+002
      vertex -1.219074e+001 -1.391531e+001  1.650000e+002
    endloop
  endfacet
  facet normal -7.018080e-001 -6.929156e-001  1.653286e-001
    outer loop
      vertex -1.087956e+001 -1.173181e+001  1.800000e+002
      vertex -1.329822e+001 -1.286108e+001  1.650000e+002
      vertex -1.302958e+001 -1.313316e+001  1.650000e+002
    endloop
  endfacet
  facet normal -6.462149e-001 -7.453104e-001  1.640687e-001
    outer loop
      vertex -1.034614e+001 -1.220481e+001  1.800000e+002
      vertex -1.061548e+001 -1.197128e+001  1.800000e+002
      vertex -1.247573e+001 -1.366039e+001  1.650000e+002
    endloop
  endfacet
  facet normal -6.295519e-001 -7.596478e-001  1.630943e-001
    outer loop
      vertex -1.247573e+001 -1.366039e+001  1.650000e+002
      vertex -1.007166e+001 -1.243228e+001  1.800000e+002
      vertex -1.034614e+001 -1.220481e+001  1.800000e+002
    endloop
  endfacet
  facet normal -7.434222e-001 -6.481187e-001  1.651226e-001
    outer loop
      vertex -1.163886e+001 -1.097893e+001  1.800000e+002
      vertex -1.406961e+001 -1.201233e+001  1.650000e+002
      vertex -1.381835e+001 -1.230054e+001  1.650000e+002
    endloop
  endfacet
  facet normal -6.945366e-001 -7.004688e-001  1.642025e-001
    outer loop
      vertex -1.113823e+001 -1.148651e+001  1.800000e+002
      vertex -1.139137e+001 -1.123551e+001  1.800000e+002
      vertex -1.329822e+001 -1.286108e+001  1.650000e+002
    endloop
  endfacet
  facet normal -6.788549e-001 -7.158708e-001  1.633557e-001
    outer loop
      vertex -1.329822e+001 -1.286108e+001  1.650000e+002
      vertex -1.087956e+001 -1.173181e+001  1.800000e+002
      vertex -1.113823e+001 -1.148651e+001  1.800000e+002
    endloop
  endfacet
  facet normal -7.821787e-001 -6.008253e-001  1.649405e-001
    outer loop
      vertex -1.234618e+001 -1.017703e+001  1.800000e+002
      vertex -1.478692e+001 -1.111742e+001  1.650000e+002
      vertex -1.455400e+001 -1.142064e+001  1.650000e+002
    endloop
  endfacet
  facet normal -7.397577e-001 -6.525040e-001  1.643086e-001
    outer loop
      vertex -1.188057e+001 -1.071691e+001  1.800000e+002
      vertex -1.211638e+001 -1.044956e+001  1.800000e+002
      vertex -1.406961e+001 -1.201233e+001  1.650000e+002
    endloop
  endfacet
  facet normal -7.251255e-001 -6.689032e-001  1.635895e-001
    outer loop
      vertex -1.406961e+001 -1.201233e+001  1.650000e+002
      vertex -1.163886e+001 -1.097893e+001  1.800000e+002
      vertex -1.188057e+001 -1.071691e+001  1.800000e+002
    endloop
  endfacet
  facet normal -7.945017e-001 -5.845873e-001  1.643921e-001
    outer loop
      vertex -1.278728e+001 -9.616940e+000  1.800000e+002
      vertex -1.501352e+001 -1.080945e+001  1.650000e+002
      vertex -1.478692e+001 -1.111742e+001  1.650000e+002
    endloop
  endfacet
  facet normal -7.816789e-001 -6.016270e-001  1.643872e-001
    outer loop
      vertex -1.256985e+001 -9.899440e+000  1.800000e+002
      vertex -1.278728e+001 -9.616940e+000  1.800000e+002
      vertex -1.478692e+001 -1.111742e+001  1.650000e+002
    endloop
  endfacet
  facet normal -7.681577e-001 -6.189545e-001  1.637956e-001
    outer loop
      vertex -1.478692e+001 -1.111742e+001  1.650000e+002
      vertex -1.234618e+001 -1.017703e+001  1.800000e+002
      vertex -1.256985e+001 -9.899440e+000  1.800000e+002
    endloop
  endfacet
  facet normal -8.605648e-001 -4.817412e-001  1.653889e-001
    outer loop
      vertex -1.359249e+001 -8.440637e+000  1.800000e+002
      vertex -1.623528e+001 -8.869372e+000  1.650000e+002
      vertex -1.604851e+001 -9.203011e+000  1.650000e+002
    endloop
  endfacet
  facet normal -8.292060e-001 -5.342339e-001  1.643521e-001
    outer loop
      vertex -1.565448e+001 -9.858354e+000  1.650000e+002
      vertex -1.544740e+001 -1.017978e+001  1.650000e+002
      vertex -1.340106e+001 -8.741368e+000  1.800000e+002
    endloop
  endfacet
  facet normal -8.887939e-001 -4.275070e-001  1.651763e-001
    outer loop
      vertex -1.412590e+001 -7.513910e+000  1.800000e+002
      vertex -1.675367e+001 -7.846303e+000  1.650000e+002
      vertex -1.658793e+001 -8.190873e+000  1.650000e+002
    endloop
  endfacet
  facet normal -9.136055e-001 -3.716237e-001  1.649877e-001
    outer loop
      vertex -1.459623e+001 -6.553624e+000  1.800000e+002
      vertex -1.720768e+001 -6.793077e+000  1.650000e+002
      vertex -1.706361e+001 -7.147255e+000  1.650000e+002
    endloop
  endfacet
  facet normal -8.858668e-001 -4.338795e-001  1.642824e-001
    outer loop
      vertex -1.428980e+001 -7.197335e+000  1.800000e+002
      vertex -1.444660e+001 -6.877186e+000  1.800000e+002
      vertex -1.675367e+001 -7.846303e+000  1.650000e+002
    endloop
  endfacet
  facet normal -8.760917e-001 -4.535657e-001  1.635285e-001
    outer loop
      vertex -1.675367e+001 -7.846303e+000  1.650000e+002
      vertex -1.412590e+001 -7.513910e+000  1.800000e+002
      vertex -1.428980e+001 -7.197335e+000  1.800000e+002
    endloop
  endfacet
  facet normal -9.211814e-001 -3.526970e-001  1.644070e-001
    outer loop
      vertex -1.487369e+001 -5.896902e+000  1.800000e+002
      vertex -1.734439e+001 -6.435997e+000  1.650000e+002
      vertex -1.720768e+001 -6.793077e+000  1.650000e+002
    endloop
  endfacet
  facet normal -9.128547e-001 -3.737371e-001  1.643684e-001
    outer loop
      vertex -1.473862e+001 -6.226809e+000  1.800000e+002
      vertex -1.487369e+001 -5.896902e+000  1.800000e+002
      vertex -1.720768e+001 -6.793077e+000  1.650000e+002
    endloop
  endfacet
  facet normal -9.043971e-001 -3.940234e-001  1.637421e-001
    outer loop
      vertex -1.720768e+001 -6.793077e+000  1.650000e+002
      vertex -1.459623e+001 -6.553624e+000  1.800000e+002
      vertex -1.473862e+001 -6.226809e+000  1.800000e+002
    endloop
  endfacet
  facet normal -9.412730e-001 -2.949419e-001  1.643606e-001
    outer loop
      vertex -1.770987e+001 -5.348876e+000  1.650000e+002
      vertex -1.759554e+001 -5.713742e+000  1.650000e+002
      vertex -1.523434e+001 -4.890281e+000  1.800000e+002
    endloop
  endfacet
  facet normal -9.577454e-001 -2.360442e-001  1.643381e-001
    outer loop
      vertex -1.800728e+001 -4.241198e+000  1.650000e+002
      vertex -1.791578e+001 -4.612447e+000  1.650000e+002
      vertex -1.552696e+001 -3.861819e+000  1.800000e+002
    endloop
  endfacet
  facet normal -9.794713e-001 -1.157524e-001  1.650369e-001
    outer loop
      vertex -1.580905e+001 -2.464511e+000  1.800000e+002
      vertex -1.839360e+001 -1.981260e+000  1.650000e+002
      vertex -1.834873e+001 -2.360976e+000  1.650000e+002
    endloop
  endfacet
  facet normal -9.705310e-001 -1.762447e-001  1.643395e-001
    outer loop
      vertex -1.823549e+001 -3.117219e+000  1.650000e+002
      vertex -1.816717e+001 -3.493425e+000  1.650000e+002
      vertex -1.575022e+001 -2.816108e+000  1.800000e+002
    endloop
  endfacet
  facet normal -9.847900e-001 -5.484459e-002  1.648655e-001
    outer loop
      vertex -1.593836e+001 -1.403079e+000  1.800000e+002
      vertex -1.848103e+001 -8.376858e-001  1.650000e+002
      vertex -1.845976e+001 -1.219452e+000  1.650000e+002
    endloop
  endfacet
  facet normal -9.849331e-001 -5.361775e-002  1.644136e-001
    outer loop
      vertex -1.598504e+001 -6.916823e-001  1.800000e+002
      vertex -1.848103e+001 -8.376858e-001  1.650000e+002
      vertex -1.596566e+001 -1.047641e+000  1.800000e+002
    endloop
  endfacet
  facet normal -9.835826e-001 -7.555583e-002  1.638801e-001
    outer loop
      vertex -1.848103e+001 -8.376858e-001  1.650000e+002
      vertex -1.593836e+001 -1.403079e+000  1.800000e+002
      vertex -1.596566e+001 -1.047641e+000  1.800000e+002
    endloop
  endfacet
  facet normal -9.778964e-001  1.282319e-001  1.651522e-001
    outer loop
      vertex -1.593461e+001  1.445087e+000  1.800000e+002
      vertex -1.831713e+001  2.594728e+000  1.650000e+002
      vertex -1.836685e+001  2.215616e+000  1.650000e+002
    endloop
  endfacet
  facet normal -9.848265e-001  5.621667e-002  1.641840e-001
    outer loop
      vertex -1.598316e+001  7.338157e-001  1.800000e+002
      vertex -1.596285e+001  1.089722e+000  1.800000e+002
      vertex -1.844272e+001  1.454714e+000  1.650000e+002
    endloop
  endfacet
  facet normal -9.859783e-001  3.426596e-002  1.633179e-001
    outer loop
      vertex -1.844272e+001  1.454714e+000  1.650000e+002
      vertex -1.599555e+001  3.775454e-001  1.800000e+002
      vertex -1.598316e+001  7.338157e-001  1.800000e+002
    endloop
  endfacet
  facet normal -9.681022e-001  1.885851e-001  1.649665e-001
    outer loop
      vertex -1.580250e+001  2.506174e+000  1.800000e+002
      vertex -1.812115e+001  3.724771e+000  1.650000e+002
      vertex -1.819426e+001  3.349467e+000  1.650000e+002
    endloop
  endfacet
  facet normal -9.788543e-001  1.218679e-001  1.642943e-001
    outer loop
      vertex -1.589846e+001  1.799735e+000  1.800000e+002
      vertex -1.585441e+001  2.153489e+000  1.800000e+002
      vertex -1.831713e+001  2.594728e+000  1.650000e+002
    endloop
  endfacet
  facet normal -9.814485e-001  1.000411e-001  1.635558e-001
    outer loop
      vertex -1.831713e+001  2.594728e+000  1.650000e+002
      vertex -1.593461e+001  1.445087e+000  1.800000e+002
      vertex -1.589846e+001  1.799735e+000  1.800000e+002
    endloop
  endfacet
  facet normal -9.491099e-001  2.678547e-001  1.656632e-001
    outer loop
      vertex -1.559982e+001  3.556068e+000  1.800000e+002
      vertex -1.775167e+001  5.208481e+000  1.650000e+002
      vertex -1.785552e+001  4.840497e+000  1.650000e+002
    endloop
  endfacet
  facet normal -9.640897e-001  2.085754e-001  1.644002e-001
    outer loop
      vertex -1.567517e+001  3.207638e+000  1.800000e+002
      vertex -1.804030e+001  4.098483e+000  1.650000e+002
      vertex -1.812115e+001  3.724771e+000  1.650000e+002
    endloop
  endfacet
  facet normal -9.685153e-001  1.869713e-001  1.643770e-001
    outer loop
      vertex -1.574275e+001  2.857615e+000  1.800000e+002
      vertex -1.567517e+001  3.207638e+000  1.800000e+002
      vertex -1.812115e+001  3.724771e+000  1.650000e+002
    endloop
  endfacet
  facet normal -9.725404e-001  1.653656e-001  1.637662e-001
    outer loop
      vertex -1.812115e+001  3.724771e+000  1.650000e+002
      vertex -1.580250e+001  2.506174e+000  1.800000e+002
      vertex -1.574275e+001  2.857615e+000  1.800000e+002
    endloop
  endfacet
  facet normal -9.307268e-001  3.261635e-001  1.654231e-001
    outer loop
      vertex -1.532746e+001  4.590080e+000  1.800000e+002
      vertex -1.739481e+001  6.298461e+000  1.650000e+002
      vertex -1.752126e+001  5.937619e+000  1.650000e+002
    endloop
  endfacet
  facet normal -9.087600e-001  3.832256e-001  1.652070e-001
    outer loop
      vertex -1.498665e+001  5.603592e+000  1.800000e+002
      vertex -1.697109e+001  7.364234e+000  1.650000e+002
      vertex -1.711967e+001  7.011921e+000  1.650000e+002
    endloop
  endfacet
  facet normal -9.349885e-001  3.144069e-001  1.641491e-001
    outer loop
      vertex -1.522140e+001  4.930421e+000  1.800000e+002
      vertex -1.510777e+001  5.268314e+000  1.800000e+002
      vertex -1.739481e+001  6.298461e+000  1.650000e+002
    endloop
  endfacet
  facet normal -9.419037e-001  2.935430e-001  1.632482e-001
    outer loop
      vertex -1.739481e+001  6.298461e+000  1.650000e+002
      vertex -1.532746e+001  4.590080e+000  1.800000e+002
      vertex -1.522140e+001  4.930421e+000  1.800000e+002
    endloop
  endfacet
  facet normal -8.832942e-001  4.388181e-001  1.650149e-001
    outer loop
      vertex -1.457891e+001  6.592076e+000  1.800000e+002
      vertex -1.648215e+001  8.401703e+000  1.650000e+002
      vertex -1.665227e+001  8.059273e+000  1.650000e+002
    endloop
  endfacet
  facet normal -9.118823e-001  3.761476e-001  1.642669e-001
    outer loop
      vertex -1.485809e+001  5.936088e+000  1.800000e+002
      vertex -1.472215e+001  6.265637e+000  1.800000e+002
      vertex -1.697109e+001  7.364234e+000  1.650000e+002
    endloop
  endfacet
  facet normal -9.201560e-001  3.557848e-001  1.634937e-001
    outer loop
      vertex -1.697109e+001  7.364234e+000  1.650000e+002
      vertex -1.498665e+001  5.603592e+000  1.800000e+002
      vertex -1.485809e+001  5.936088e+000  1.800000e+002
    endloop
  endfacet
  facet normal -8.544301e-001  4.927217e-001  1.648465e-001
    outer loop
      vertex -1.410605e+001  7.551119e+000  1.800000e+002
      vertex -1.592986e+001  9.406880e+000  1.650000e+002
      vertex -1.612087e+001  9.075650e+000  1.650000e+002
    endloop
  endfacet
  facet normal -8.847089e-001  4.362073e-001  1.643571e-001
    outer loop
      vertex -1.442842e+001  6.915243e+000  1.800000e+002
      vertex -1.427078e+001  7.234977e+000  1.800000e+002
      vertex -1.648215e+001  8.401703e+000  1.650000e+002
    endloop
  endfacet
  facet normal -8.943047e-001  4.164343e-001  1.637115e-001
    outer loop
      vertex -1.648215e+001  8.401703e+000  1.650000e+002
      vertex -1.457891e+001  6.592076e+000  1.800000e+002
      vertex -1.442842e+001  6.915243e+000  1.800000e+002
    endloop
  endfacet
  facet normal -8.441344e-001  5.103147e-001  1.643661e-001
    outer loop
      vertex -1.573205e+001  9.734092e+000  1.650000e+002
      vertex -1.592986e+001  9.406880e+000  1.650000e+002
      vertex -1.375567e+001  8.172003e+000  1.800000e+002
    endloop
  endfacet
  facet normal -8.535889e-001  4.943200e-001  1.644197e-001
    outer loop
      vertex -1.375567e+001  8.172003e+000  1.800000e+002
      vertex -1.592986e+001  9.406880e+000  1.650000e+002
      vertex -1.393432e+001  7.863513e+000  1.800000e+002
    endloop
  endfacet
  facet normal -8.644646e-001  4.752234e-001  1.639017e-001
    outer loop
      vertex -1.592986e+001  9.406880e+000  1.650000e+002
      vertex -1.410605e+001  7.551119e+000  1.800000e+002
      vertex -1.393432e+001  7.863513e+000  1.800000e+002
    endloop
  endfacet
  facet normal -7.744122e-001  6.107159e-001  1.652636e-001
    outer loop
      vertex -1.297372e+001  9.363896e+000  1.800000e+002
      vertex -1.440720e+001  1.160528e+001  1.650000e+002
      vertex -1.464397e+001  1.130505e+001  1.650000e+002
    endloop
  endfacet
  facet normal -8.108931e-001  5.616447e-001  1.643400e-001
    outer loop
      vertex -1.509864e+001  1.069023e+001  1.650000e+002
      vertex -1.531635e+001  1.037590e+001  1.650000e+002
      vertex -1.317912e+001  9.072531e+000  1.800000e+002
    endloop
  endfacet
  facet normal -7.351062e-001  6.575504e-001  1.650648e-001
    outer loop
      vertex -1.231931e+001  1.020953e+001  1.800000e+002
      vertex -1.366039e+001  1.247573e+001  1.650000e+002
      vertex -1.391531e+001  1.219074e+001  1.650000e+002
    endloop
  endfacet
  facet normal -6.929671e-001  7.018602e-001  1.648900e-001
    outer loop
      vertex -1.160988e+001  1.100957e+001  1.800000e+002
      vertex -1.286108e+001  1.329822e+001  1.650000e+002
      vertex -1.313316e+001  1.302958e+001  1.650000e+002
    endloop
  endfacet
  facet normal -7.380328e-001  6.544476e-001  1.643354e-001
    outer loop
      vertex -1.208879e+001  1.048146e+001  1.800000e+002
      vertex -1.185228e+001  1.074819e+001  1.800000e+002
      vertex -1.366039e+001  1.247573e+001  1.650000e+002
    endloop
  endfacet
  facet normal -7.525159e-001  6.379161e-001  1.636550e-001
    outer loop
      vertex -1.366039e+001  1.247573e+001  1.650000e+002
      vertex -1.231931e+001  1.020953e+001  1.800000e+002
      vertex -1.208879e+001  1.048146e+001  1.800000e+002
    endloop
  endfacet
  facet normal -6.783730e-001  7.160937e-001  1.643774e-001
    outer loop
      vertex -1.258350e+001  1.356118e+001  1.650000e+002
      vertex -1.286108e+001  1.329822e+001  1.650000e+002
      vertex -1.110791e+001  1.151583e+001  1.800000e+002
    endloop
  endfacet
  facet normal -6.926646e-001  7.022724e-001  1.644054e-001
    outer loop
      vertex -1.110791e+001  1.151583e+001  1.800000e+002
      vertex -1.286108e+001  1.329822e+001  1.650000e+002
      vertex -1.136171e+001  1.126550e+001  1.800000e+002
    endloop
  endfacet
  facet normal -7.082045e-001  6.867305e-001  1.638526e-001
    outer loop
      vertex -1.286108e+001  1.329822e+001  1.650000e+002
      vertex -1.160988e+001  1.100957e+001  1.800000e+002
      vertex -1.136171e+001  1.126550e+001  1.800000e+002
    endloop
  endfacet
  facet normal -6.327015e-001  7.567560e-001  1.643447e-001
    outer loop
      vertex -1.171899e+001  1.431486e+001  1.650000e+002
      vertex -1.201233e+001  1.406961e+001  1.650000e+002
      vertex -1.031393e+001  1.223204e+001  1.800000e+002
    endloop
  endfacet
  facet normal -5.845929e-001  7.945092e-001  1.643360e-001
    outer loop
      vertex -1.080945e+001  1.501352e+001  1.650000e+002
      vertex -1.111742e+001  1.478692e+001  1.650000e+002
      vertex -9.473890e+000  1.289362e+001  1.800000e+002
    endloop
  endfacet
  facet normal -5.342339e-001  8.292061e-001  1.643513e-001
    outer loop
      vertex -9.858354e+000  1.565448e+001  1.650000e+002
      vertex -1.017978e+001  1.544740e+001  1.650000e+002
      vertex -8.591536e+000  1.349761e+001  1.800000e+002
    endloop
  endfacet
  facet normal  1.519698e-001 -9.748291e-001  1.631355e-001
    outer loop
      vertex  1.981260e+000 -1.839360e+001  1.650000e+002
      vertex  2.640474e+000 -1.578062e+001  1.800000e+002
      vertex  2.288242e+000 -1.583553e+001  1.800000e+002
    endloop
  endfacet
  facet normal  1.301901e-001 -9.778163e-001  1.640907e-001
    outer loop
      vertex  1.981260e+000 -1.839360e+001  1.650000e+002
      vertex  2.288242e+000 -1.583553e+001  1.800000e+002
      vertex  1.934875e+000 -1.588258e+001  1.800000e+002
    endloop
  endfacet
  facet normal -2.406356e-001 -9.567350e-001  1.635627e-001
    outer loop
      vertex -5.208481e+000 -1.775167e+001  1.650000e+002
      vertex -3.729632e+000 -1.555924e+001  1.800000e+002
      vertex -4.075350e+000 -1.547228e+001  1.800000e+002
    endloop
  endfacet
  facet normal -2.618593e-001 -9.510185e-001  1.642973e-001
    outer loop
      vertex -5.208481e+000 -1.775167e+001  1.650000e+002
      vertex -4.075350e+000 -1.547228e+001  1.800000e+002
      vertex -4.419045e+000 -1.537765e+001  1.800000e+002
    endloop
  endfacet
  facet normal -5.446984e-001 -8.222259e-001  1.650705e-001
    outer loop
      vertex -8.324737e+000 -1.366378e+001  1.800000e+002
      vertex -1.037590e+001 -1.531635e+001  1.650000e+002
      vertex -1.005715e+001 -1.552752e+001  1.650000e+002
    endloop
  endfacet
  facet normal -5.774353e-001 -8.000394e-001  1.628050e-001
    outer loop
      vertex -1.160528e+001 -1.440720e+001  1.650000e+002
      vertex -9.218786e+000 -1.307723e+001  1.800000e+002
      vertex -9.507845e+000 -1.286860e+001  1.800000e+002
    endloop
  endfacet
  facet normal -5.950066e-001 -7.868299e-001  1.639071e-001
    outer loop
      vertex -1.160528e+001 -1.440720e+001  1.650000e+002
      vertex -9.507845e+000 -1.286860e+001  1.800000e+002
      vertex -9.792184e+000 -1.265358e+001  1.800000e+002
    endloop
  endfacet
  facet normal -8.438750e-001 -5.110894e-001  1.632872e-001
    outer loop
      vertex -1.623528e+001 -8.869372e+000  1.650000e+002
      vertex -1.359249e+001 -8.440637e+000  1.800000e+002
      vertex -1.377716e+001 -8.135715e+000  1.800000e+002
    endloop
  endfacet
  facet normal -8.549249e-001 -4.920895e-001  1.641687e-001
    outer loop
      vertex -1.623528e+001 -8.869372e+000  1.650000e+002
      vertex -1.377716e+001 -8.135715e+000  1.800000e+002
      vertex -1.395500e+001 -7.826756e+000  1.800000e+002
    endloop
  endfacet
  facet normal -9.763717e-001 -1.410853e-001  1.636867e-001
    outer loop
      vertex -1.839360e+001 -1.981260e+000  1.650000e+002
      vertex -1.580905e+001 -2.464511e+000  1.800000e+002
      vertex -1.586004e+001 -2.111690e+000  1.800000e+002
    endloop
  endfacet
  facet normal -9.791633e-001 -1.192859e-001  1.643477e-001
    outer loop
      vertex -1.839360e+001 -1.981260e+000  1.650000e+002
      vertex -1.586004e+001 -2.111690e+000  1.800000e+002
      vertex -1.590315e+001 -1.757821e+000  1.800000e+002
    endloop
  endfacet
  facet normal -9.839282e-001  6.738525e-002  1.653617e-001
    outer loop
      vertex -1.599555e+001  3.775454e-001  1.800000e+002
      vertex -1.844272e+001  1.454714e+000  1.650000e+002
      vertex -1.846884e+001  1.073249e+000  1.650000e+002
    endloop
  endfacet
  facet normal -9.594508e-001  2.299856e-001  1.629750e-001
    outer loop
      vertex -1.775167e+001  5.208481e+000  1.650000e+002
      vertex -1.559982e+001  3.556068e+000  1.800000e+002
      vertex -1.551672e+001  3.902733e+000  1.800000e+002
    endloop
  endfacet
  facet normal -9.539239e-001  2.512606e-001  1.640034e-001
    outer loop
      vertex -1.775167e+001  5.208481e+000  1.650000e+002
      vertex -1.551672e+001  3.902733e+000  1.800000e+002
      vertex -1.542592e+001  4.247461e+000  1.800000e+002
    endloop
  endfacet
  facet normal -7.934739e-001  5.862507e-001  1.634295e-001
    outer loop
      vertex -1.440720e+001  1.160528e+001  1.650000e+002
      vertex -1.297372e+001  9.363896e+000  1.800000e+002
      vertex -1.276188e+001  9.650613e+000  1.800000e+002
    endloop
  endfacet
  facet normal -7.801088e-001  6.037022e-001  1.642376e-001
    outer loop
      vertex -1.440720e+001  1.160528e+001  1.650000e+002
      vertex -1.276188e+001  9.650613e+000  1.800000e+002
      vertex -1.254371e+001  9.932539e+000  1.800000e+002
    endloop
  endfacet
  facet normal -4.817783e-001  8.606312e-001  1.649353e-001
    outer loop
      vertex -8.869372e+000  1.623528e+001  1.650000e+002
      vertex -9.203011e+000  1.604851e+001  1.650000e+002
      vertex -8.288691e+000  1.368567e+001  1.800000e+002
    endloop
  endfacet
  facet normal -5.016145e-001  8.494421e-001  1.638014e-001
    outer loop
      vertex -8.869372e+000  1.623528e+001  1.650000e+002
      vertex -8.288691e+000  1.368567e+001  1.800000e+002
      vertex -7.981730e+000  1.386694e+001  1.800000e+002
    endloop
  endfacet
  facet normal -4.825166e-001  8.603221e-001  1.643890e-001
    outer loop
      vertex -8.869372e+000  1.623528e+001  1.650000e+002
      vertex -7.981730e+000  1.386694e+001  1.800000e+002
      vertex -7.670809e+000  1.404132e+001  1.800000e+002
    endloop
  endfacet
  facet normal  4.633444e-001 -8.710714e-001  1.629310e-001
    outer loop
      vertex  7.670809e+000 -1.404132e+001  1.800000e+002
      vertex  7.356079e+000 -1.420873e+001  1.800000e+002
      vertex  7.846303e+000 -1.675367e+001  1.650000e+002
    endloop
  endfacet
  facet normal  4.274688e-001 -8.887144e-001  1.657016e-001
    outer loop
      vertex  7.670809e+000 -1.404132e+001  1.800000e+002
      vertex  7.846303e+000 -1.675367e+001  1.650000e+002
      vertex  8.190873e+000 -1.658793e+001  1.650000e+002
    endloop
  endfacet
  facet normal  4.458099e-001 -8.798212e-001  1.648276e-001
    outer loop
      vertex  7.670809e+000 -1.404132e+001  1.800000e+002
      vertex  8.190873e+000 -1.658793e+001  1.650000e+002
      vertex  8.531945e+000 -1.641511e+001  1.650000e+002
    endloop
  endfacet
  facet normal  4.639314e-001 -8.704847e-001  1.643904e-001
    outer loop
      vertex  7.670809e+000 -1.404132e+001  1.800000e+002
      vertex  8.531945e+000 -1.641511e+001  1.650000e+002
      vertex  8.869372e+000 -1.623528e+001  1.650000e+002
    endloop
  endfacet
  facet normal  4.090780e-001 -8.975071e-001  1.647306e-001
    outer loop
      vertex  7.846303e+000 -1.675367e+001  1.650000e+002
      vertex  7.037697e+000 -1.436909e+001  1.800000e+002
      vertex  7.498381e+000 -1.691225e+001  1.650000e+002
    endloop
  endfacet
  facet normal  4.240015e-001 -8.906829e-001  1.640319e-001
    outer loop
      vertex  7.498381e+000 -1.691225e+001  1.650000e+002
      vertex  7.037697e+000 -1.436909e+001  1.800000e+002
      vertex  6.715822e+000 -1.452232e+001  1.800000e+002
    endloop
  endfacet
  facet normal  3.904431e-001 -9.057774e-001  1.646862e-001
    outer loop
      vertex  7.498381e+000 -1.691225e+001  1.650000e+002
      vertex  6.715822e+000 -1.452232e+001  1.800000e+002
      vertex  7.147255e+000 -1.706361e+001  1.650000e+002
    endloop
  endfacet
  facet normal  3.526848e-001 -9.211507e-001  1.646052e-001
    outer loop
      vertex  6.793077e+000 -1.720768e+001  1.650000e+002
      vertex  6.062232e+000 -1.480707e+001  1.800000e+002
      vertex  6.435997e+000 -1.734439e+001  1.650000e+002
    endloop
  endfacet
  facet normal  3.635551e-001 -9.169923e-001  1.641726e-001
    outer loop
      vertex  6.435997e+000 -1.734439e+001  1.650000e+002
      vertex  6.062232e+000 -1.480707e+001  1.800000e+002
      vertex  5.730841e+000 -1.493846e+001  1.800000e+002
    endloop
  endfacet
  facet normal  3.335719e-001 -9.282494e-001  1.645687e-001
    outer loop
      vertex  6.435997e+000 -1.734439e+001  1.650000e+002
      vertex  5.730841e+000 -1.493846e+001  1.800000e+002
      vertex  6.076167e+000 -1.747370e+001  1.650000e+002
    endloop
  endfacet
  facet normal  2.949351e-001 -9.412501e-001  1.645035e-001
    outer loop
      vertex  5.713742e+000 -1.759554e+001  1.650000e+002
      vertex  5.059690e+000 -1.517892e+001  1.800000e+002
      vertex  5.348876e+000 -1.770987e+001  1.650000e+002
    endloop
  endfacet
  facet normal  3.014907e-001 -9.392090e-001  1.642855e-001
    outer loop
      vertex  5.348876e+000 -1.770987e+001  1.650000e+002
      vertex  5.059690e+000 -1.517892e+001  1.800000e+002
      vertex  4.720264e+000 -1.528787e+001  1.800000e+002
    endloop
  endfacet
  facet normal  2.754174e-001 -9.471500e-001  1.644750e-001
    outer loop
      vertex  5.348876e+000 -1.770987e+001  1.650000e+002
      vertex  4.720264e+000 -1.528787e+001  1.800000e+002
      vertex  4.981726e+000 -1.781663e+001  1.650000e+002
    endloop
  endfacet
  facet normal  2.360410e-001 -9.577310e-001  1.644259e-001
    outer loop
      vertex  4.612447e+000 -1.791578e+001  1.650000e+002
      vertex  4.034552e+000 -1.548297e+001  1.800000e+002
      vertex  4.241198e+000 -1.800728e+001  1.650000e+002
    endloop
  endfacet
  facet normal  2.380807e-001 -9.572356e-001  1.643706e-001
    outer loop
      vertex  4.241198e+000 -1.800728e+001  1.650000e+002
      vertex  4.034552e+000 -1.548297e+001  1.800000e+002
      vertex  3.688606e+000 -1.556901e+001  1.800000e+002
    endloop
  endfacet
  facet normal  2.162024e-001 -9.624071e-001  1.644053e-001
    outer loop
      vertex  4.241198e+000 -1.800728e+001  1.650000e+002
      vertex  3.688606e+000 -1.556901e+001  1.800000e+002
      vertex  3.868138e+000 -1.809109e+001  1.650000e+002
    endloop
  endfacet
  facet normal  1.561429e-001 -9.738945e-001  1.647690e-001
    outer loop
      vertex  3.117219e+000 -1.823549e+001  1.650000e+002
      vertex  2.991394e+000 -1.571787e+001  1.800000e+002
      vertex  2.739683e+000 -1.829601e+001  1.650000e+002
    endloop
  endfacet
  facet normal  1.736249e-001 -9.710624e-001  1.639888e-001
    outer loop
      vertex  2.739683e+000 -1.829601e+001  1.650000e+002
      vertex  2.991394e+000 -1.571787e+001  1.800000e+002
      vertex  2.640474e+000 -1.578062e+001  1.800000e+002
    endloop
  endfacet
  facet normal  1.359803e-001 -9.769216e-001  1.647224e-001
    outer loop
      vertex  2.739683e+000 -1.829601e+001  1.650000e+002
      vertex  2.640474e+000 -1.578062e+001  1.800000e+002
      vertex  2.360976e+000 -1.834873e+001  1.650000e+002
    endloop
  endfacet
  facet normal  9.549341e-002 -9.817207e-001  1.646370e-001
    outer loop
      vertex  1.981260e+000 -1.839360e+001  1.650000e+002
      vertex  1.934875e+000 -1.588258e+001  1.800000e+002
      vertex  1.600698e+000 -1.843062e+001  1.650000e+002
    endloop
  endfacet
  facet normal  1.083755e-001 -9.804661e-001  1.641369e-001
    outer loop
      vertex  1.600698e+000 -1.843062e+001  1.650000e+002
      vertex  1.934875e+000 -1.588258e+001  1.800000e+002
      vertex  1.580548e+000 -1.592174e+001  1.800000e+002
    endloop
  endfacet
  facet normal  7.518287e-002 -9.834912e-001  1.645983e-001
    outer loop
      vertex  1.600698e+000 -1.843062e+001  1.650000e+002
      vertex  1.580548e+000 -1.592174e+001  1.800000e+002
      vertex  1.219452e+000 -1.845976e+001  1.650000e+002
    endloop
  endfacet
  facet normal  3.447759e-002 -9.857695e-001  1.645289e-001
    outer loop
      vertex  8.376858e-001 -1.848103e+001  1.650000e+002
      vertex  8.697155e-001 -1.597635e+001  1.800000e+002
      vertex  4.555613e-001 -1.849439e+001  1.650000e+002
    endloop
  endfacet
  facet normal  4.264214e-002 -9.854954e-001  1.642575e-001
    outer loop
      vertex  4.555613e-001 -1.849439e+001  1.650000e+002
      vertex  8.697155e-001 -1.597635e+001  1.800000e+002
      vertex  5.135633e-001 -1.599176e+001  1.800000e+002
    endloop
  endfacet
  facet normal  1.409736e-002 -9.862767e-001  1.644982e-001
    outer loop
      vertex  4.555613e-001 -1.849439e+001  1.650000e+002
      vertex  5.135633e-001 -1.599176e+001  1.800000e+002
      vertex  7.324232e-002 -1.849986e+001  1.650000e+002
    endloop
  endfacet
  facet normal -2.667421e-002 -9.860255e-001  1.644447e-001
    outer loop
      vertex -3.091080e-001 -1.849742e+001  1.650000e+002
      vertex -1.993289e-001 -1.599876e+001  1.800000e+002
      vertex -6.913263e-001 -1.848708e+001  1.650000e+002
    endloop
  endfacet
  facet normal -2.327453e-002 -9.861275e-001  1.643501e-001
    outer loop
      vertex -6.913263e-001 -1.848708e+001  1.650000e+002
      vertex -1.993289e-001 -1.599876e+001  1.800000e+002
      vertex -5.557150e-001 -1.599035e+001  1.800000e+002
    endloop
  endfacet
  facet normal -4.704450e-002 -9.852676e-001  1.644219e-001
    outer loop
      vertex -6.913263e-001 -1.848708e+001  1.650000e+002
      vertex -5.557150e-001 -1.599035e+001  1.800000e+002
      vertex -1.073249e+000 -1.846884e+001  1.650000e+002
    endloop
  endfacet
  facet normal -1.080029e-001 -9.803945e-001  1.648093e-001
    outer loop
      vertex -1.835557e+000 -1.840871e+001  1.650000e+002
      vertex -1.267483e+000 -1.594972e+001  1.800000e+002
      vertex -2.215616e+000 -1.836685e+001  1.650000e+002
    endloop
  endfacet
  facet normal -8.909603e-002 -9.824380e-001  1.639436e-001
    outer loop
      vertex -2.215616e+000 -1.836685e+001  1.650000e+002
      vertex -1.267483e+000 -1.594972e+001  1.800000e+002
      vertex -1.622511e+000 -1.591752e+001  1.800000e+002
    endloop
  endfacet
  facet normal -1.282404e-001 -9.779614e-001  1.647604e-001
    outer loop
      vertex -2.215616e+000 -1.836685e+001  1.650000e+002
      vertex -1.622511e+000 -1.591752e+001  1.800000e+002
      vertex -2.594728e+000 -1.831713e+001  1.650000e+002
    endloop
  endfacet
  facet normal -1.109615e-001 -9.802000e-001  1.639986e-001
    outer loop
      vertex -2.594728e+000 -1.831713e+001  1.650000e+002
      vertex -1.622511e+000 -1.591752e+001  1.800000e+002
      vertex -1.976734e+000 -1.587742e+001  1.800000e+002
    endloop
  endfacet
  facet normal -1.327604e-001 -9.774114e-001  1.644432e-001
    outer loop
      vertex -2.594728e+000 -1.831713e+001  1.650000e+002
      vertex -1.976734e+000 -1.587742e+001  1.800000e+002
      vertex -2.329976e+000 -1.582944e+001  1.800000e+002
    endloop
  endfacet
  facet normal -1.685448e-001 -9.718417e-001  1.646706e-001
    outer loop
      vertex -2.972733e+000 -1.825960e+001  1.650000e+002
      vertex -2.329976e+000 -1.582944e+001  1.800000e+002
      vertex -3.349467e+000 -1.819426e+001  1.650000e+002
    endloop
  endfacet
  facet normal -1.545128e-001 -9.742675e-001  1.640994e-001
    outer loop
      vertex -3.349467e+000 -1.819426e+001  1.650000e+002
      vertex -2.329976e+000 -1.582944e+001  1.800000e+002
      vertex -2.682061e+000 -1.577360e+001  1.800000e+002
    endloop
  endfacet
  facet normal -1.885959e-001 -9.681573e-001  1.646298e-001
    outer loop
      vertex -3.349467e+000 -1.819426e+001  1.650000e+002
      vertex -2.682061e+000 -1.577360e+001  1.800000e+002
      vertex -3.724771e+000 -1.812115e+001  1.650000e+002
    endloop
  endfacet
  facet normal -1.761775e-001 -9.705760e-001  1.641451e-001
    outer loop
      vertex -3.724771e+000 -1.812115e+001  1.650000e+002
      vertex -2.682061e+000 -1.577360e+001  1.800000e+002
      vertex -3.032815e+000 -1.570993e+001  1.800000e+002
    endloop
  endfacet
  facet normal -1.977479e-001 -9.663581e-001  1.644621e-001
    outer loop
      vertex -3.724771e+000 -1.812115e+001  1.650000e+002
      vertex -3.032815e+000 -1.570993e+001  1.800000e+002
      vertex -3.382063e+000 -1.563847e+001  1.800000e+002
    endloop
  endfacet
  facet normal -2.284487e-001 -9.595481e-001  1.645560e-001
    outer loop
      vertex -4.098483e+000 -1.804030e+001  1.650000e+002
      vertex -3.382063e+000 -1.563847e+001  1.800000e+002
      vertex -4.470445e+000 -1.795174e+001  1.650000e+002
    endloop
  endfacet
  facet normal -2.192362e-001 -9.617509e-001  1.642273e-001
    outer loop
      vertex -4.470445e+000 -1.795174e+001  1.650000e+002
      vertex -3.382063e+000 -1.563847e+001  1.800000e+002
      vertex -3.729632e+000 -1.555924e+001  1.800000e+002
    endloop
  endfacet
  facet normal -2.482293e-001 -9.546279e-001  1.645231e-001
    outer loop
      vertex -4.470445e+000 -1.795174e+001  1.650000e+002
      vertex -3.729632e+000 -1.555924e+001  1.800000e+002
      vertex -4.840497e+000 -1.785552e+001  1.650000e+002
    endloop
  endfacet
  facet normal -2.874727e-001 -9.435627e-001  1.644653e-001
    outer loop
      vertex -5.208481e+000 -1.775167e+001  1.650000e+002
      vertex -4.419045e+000 -1.537765e+001  1.800000e+002
      vertex -5.574241e+000 -1.764023e+001  1.650000e+002
    endloop
  endfacet
  facet normal -2.829798e-001 -9.449439e-001  1.643276e-001
    outer loop
      vertex -5.574241e+000 -1.764023e+001  1.650000e+002
      vertex -4.419045e+000 -1.537765e+001  1.800000e+002
      vertex -4.760546e+000 -1.527538e+001  1.800000e+002
    endloop
  endfacet
  facet normal -3.069147e-001 -9.374235e-001  1.644403e-001
    outer loop
      vertex -5.574241e+000 -1.764023e+001  1.650000e+002
      vertex -4.760546e+000 -1.527538e+001  1.800000e+002
      vertex -5.937619e+000 -1.752126e+001  1.650000e+002
    endloop
  endfacet
  facet normal -3.643852e-001 -9.165410e-001  1.648512e-001
    outer loop
      vertex -6.656613e+000 -1.726092e+001  1.650000e+002
      vertex -5.436290e+000 -1.504815e+001  1.800000e+002
      vertex -7.011921e+000 -1.711967e+001  1.650000e+002
    endloop
  endfacet
  facet normal -3.454875e-001 -9.240001e-001  1.638962e-001
    outer loop
      vertex -7.011921e+000 -1.711967e+001  1.650000e+002
      vertex -5.436290e+000 -1.504815e+001  1.800000e+002
      vertex -5.770198e+000 -1.492330e+001  1.800000e+002
    endloop
  endfacet
  facet normal -3.832524e-001 -9.088226e-001  1.648001e-001
    outer loop
      vertex -7.011921e+000 -1.711967e+001  1.650000e+002
      vertex -5.770198e+000 -1.492330e+001  1.800000e+002
      vertex -7.364234e+000 -1.697109e+001  1.650000e+002
    endloop
  endfacet
  facet normal -3.659861e-001 -9.160640e-001  1.639538e-001
    outer loop
      vertex -7.364234e+000 -1.697109e+001  1.650000e+002
      vertex -5.770198e+000 -1.492330e+001  1.800000e+002
      vertex -6.101241e+000 -1.479104e+001  1.800000e+002
    endloop
  endfacet
  facet normal -3.862700e-001 -9.076108e-001  1.644332e-001
    outer loop
      vertex -7.364234e+000 -1.697109e+001  1.650000e+002
      vertex -6.101241e+000 -1.479104e+001  1.800000e+002
      vertex -6.429256e+000 -1.465144e+001  1.800000e+002
    endloop
  endfacet
  facet normal -4.204902e-001 -8.922219e-001  1.647061e-001
    outer loop
      vertex -7.713401e+000 -1.681528e+001  1.650000e+002
      vertex -6.429256e+000 -1.465144e+001  1.800000e+002
      vertex -8.059273e+000 -1.665227e+001  1.650000e+002
    endloop
  endfacet
  facet normal -4.064241e-001 -8.988348e-001  1.640596e-001
    outer loop
      vertex -8.059273e+000 -1.665227e+001  1.650000e+002
      vertex -6.429256e+000 -1.465144e+001  1.800000e+002
      vertex -6.754079e+000 -1.450457e+001  1.800000e+002
    endloop
  endfacet
  facet normal -4.388445e-001 -8.833467e-001  1.646631e-001
    outer loop
      vertex -8.059273e+000 -1.665227e+001  1.650000e+002
      vertex -6.754079e+000 -1.450457e+001  1.800000e+002
      vertex -8.401703e+000 -1.648215e+001  1.650000e+002
    endloop
  endfacet
  facet normal -4.263429e-001 -8.895507e-001  1.641078e-001
    outer loop
      vertex -8.401703e+000 -1.648215e+001  1.650000e+002
      vertex -6.754079e+000 -1.450457e+001  1.800000e+002
      vertex -7.075549e+000 -1.435049e+001  1.800000e+002
    endloop
  endfacet
  facet normal -4.460292e-001 -8.797789e-001  1.644596e-001
    outer loop
      vertex -8.401703e+000 -1.648215e+001  1.650000e+002
      vertex -7.075549e+000 -1.435049e+001  1.800000e+002
      vertex -7.393507e+000 -1.418929e+001  1.800000e+002
    endloop
  endfacet
  facet normal -4.847956e-001 -8.590695e-001  1.642341e-001
    outer loop
      vertex -8.018255e+000 -1.384585e+001  1.800000e+002
      vertex -9.406880e+000 -1.592986e+001  1.650000e+002
      vertex -7.707794e+000 -1.402105e+001  1.800000e+002
    endloop
  endfacet
  facet normal -4.927465e-001 -8.544732e-001  1.645498e-001
    outer loop
      vertex -7.707794e+000 -1.402105e+001  1.800000e+002
      vertex -9.406880e+000 -1.592986e+001  1.650000e+002
      vertex -9.075650e+000 -1.612087e+001  1.650000e+002
    endloop
  endfacet
  facet normal -4.655393e-001 -8.696625e-001  1.641952e-001
    outer loop
      vertex -7.707794e+000 -1.402105e+001  1.800000e+002
      vertex -9.075650e+000 -1.612087e+001  1.650000e+002
      vertex -7.393507e+000 -1.418929e+001  1.800000e+002
    endloop
  endfacet
  facet normal -4.749768e-001 -8.644702e-001  1.645849e-001
    outer loop
      vertex -7.393507e+000 -1.418929e+001  1.800000e+002
      vertex -9.075650e+000 -1.612087e+001  1.650000e+002
      vertex -8.740543e+000 -1.630500e+001  1.650000e+002
    endloop
  endfacet
  facet normal -4.570274e-001 -8.741392e-001  1.643368e-001
    outer loop
      vertex -7.393507e+000 -1.418929e+001  1.800000e+002
      vertex -8.740543e+000 -1.630500e+001  1.650000e+002
      vertex -8.401703e+000 -1.648215e+001  1.650000e+002
    endloop
  endfacet
  facet normal -5.103012e-001 -8.441129e-001  1.645173e-001
    outer loop
      vertex -9.406880e+000 -1.592986e+001  1.650000e+002
      vertex -8.018255e+000 -1.384585e+001  1.800000e+002
      vertex -9.734092e+000 -1.573205e+001  1.650000e+002
    endloop
  endfacet
  facet normal -5.038123e-001 -8.480498e-001  1.642701e-001
    outer loop
      vertex -9.734092e+000 -1.573205e+001  1.650000e+002
      vertex -8.018255e+000 -1.384585e+001  1.800000e+002
      vertex -8.324737e+000 -1.366378e+001  1.800000e+002
    endloop
  endfacet
  facet normal -5.276402e-001 -8.333905e-001  1.644876e-001
    outer loop
      vertex -9.734092e+000 -1.573205e+001  1.650000e+002
      vertex -8.324737e+000 -1.366378e+001  1.800000e+002
      vertex -1.005715e+001 -1.552752e+001  1.650000e+002
    endloop
  endfacet
  facet normal -5.616355e-001 -8.108800e-001  1.644361e-001
    outer loop
      vertex -1.037590e+001 -1.531635e+001  1.650000e+002
      vertex -8.925151e+000 -1.327937e+001  1.800000e+002
      vertex -1.069023e+001 -1.509864e+001  1.650000e+002
    endloop
  endfacet
  facet normal -5.593210e-001 -8.124937e-001  1.643595e-001
    outer loop
      vertex -1.069023e+001 -1.509864e+001  1.650000e+002
      vertex -8.925151e+000 -1.327937e+001  1.800000e+002
      vertex -9.218786e+000 -1.307723e+001  1.800000e+002
    endloop
  endfacet
  facet normal -5.782740e-001 -7.991040e-001  1.644143e-001
    outer loop
      vertex -1.069023e+001 -1.509864e+001  1.650000e+002
      vertex -9.218786e+000 -1.307723e+001  1.800000e+002
      vertex -1.099999e+001 -1.487448e+001  1.650000e+002
    endloop
  endfacet
  facet normal -6.266426e-001 -7.616844e-001  1.647913e-001
    outer loop
      vertex -1.160528e+001 -1.440720e+001  1.650000e+002
      vertex -9.792184e+000 -1.265358e+001  1.800000e+002
      vertex -1.190055e+001 -1.416428e+001  1.650000e+002
    endloop
  endfacet
  facet normal -6.123822e-001 -7.733718e-001  1.639639e-001
    outer loop
      vertex -1.190055e+001 -1.416428e+001  1.650000e+002
      vertex -9.792184e+000 -1.265358e+001  1.800000e+002
      vertex -1.007166e+001 -1.243228e+001  1.800000e+002
    endloop
  endfacet
  facet normal -6.422532e-001 -7.485790e-001  1.647432e-001
    outer loop
      vertex -1.190055e+001 -1.416428e+001  1.650000e+002
      vertex -1.007166e+001 -1.243228e+001  1.800000e+002
      vertex -1.219074e+001 -1.391531e+001  1.650000e+002
    endloop
  endfacet
  facet normal -6.726518e-001 -7.214071e-001  1.646556e-001
    outer loop
      vertex -1.247573e+001 -1.366039e+001  1.650000e+002
      vertex -1.061548e+001 -1.197128e+001  1.800000e+002
      vertex -1.275538e+001 -1.339964e+001  1.650000e+002
    endloop
  endfacet
  facet normal -6.626527e-001 -7.307239e-001  1.641163e-001
    outer loop
      vertex -1.275538e+001 -1.339964e+001  1.650000e+002
      vertex -1.061548e+001 -1.197128e+001  1.800000e+002
      vertex -1.087956e+001 -1.173181e+001  1.800000e+002
    endloop
  endfacet
  facet normal -6.874193e-001 -7.073588e-001  1.646155e-001
    outer loop
      vertex -1.275538e+001 -1.339964e+001  1.650000e+002
      vertex -1.087956e+001 -1.173181e+001  1.800000e+002
      vertex -1.302958e+001 -1.313316e+001  1.650000e+002
    endloop
  endfacet
  facet normal -7.160735e-001 -6.783541e-001  1.645437e-001
    outer loop
      vertex -1.329822e+001 -1.286108e+001  1.650000e+002
      vertex -1.139137e+001 -1.123551e+001  1.800000e+002
      vertex -1.356118e+001 -1.258350e+001  1.650000e+002
    endloop
  endfacet
  facet normal -7.099666e-001 -6.848155e-001  1.642410e-001
    outer loop
      vertex -1.356118e+001 -1.258350e+001  1.650000e+002
      vertex -1.139137e+001 -1.123551e+001  1.800000e+002
      vertex -1.163886e+001 -1.097893e+001  1.800000e+002
    endloop
  endfacet
  facet normal -7.299448e-001 -6.634128e-001  1.645119e-001
    outer loop
      vertex -1.356118e+001 -1.258350e+001  1.650000e+002
      vertex -1.163886e+001 -1.097893e+001  1.800000e+002
      vertex -1.381835e+001 -1.230054e+001  1.650000e+002
    endloop
  endfacet
  facet normal -7.567418e-001 -6.326896e-001  1.644558e-001
    outer loop
      vertex -1.406961e+001 -1.201233e+001  1.650000e+002
      vertex -1.211638e+001 -1.044956e+001  1.800000e+002
      vertex -1.431486e+001 -1.171899e+001  1.650000e+002
    endloop
  endfacet
  facet normal -7.541096e-001 -6.358551e-001  1.643379e-001
    outer loop
      vertex -1.431486e+001 -1.171899e+001  1.650000e+002
      vertex -1.211638e+001 -1.044956e+001  1.800000e+002
      vertex -1.234618e+001 -1.017703e+001  1.800000e+002
    endloop
  endfacet
  facet normal -7.696602e-001 -6.169158e-001  1.644320e-001
    outer loop
      vertex -1.431486e+001 -1.171899e+001  1.650000e+002
      vertex -1.234618e+001 -1.017703e+001  1.800000e+002
      vertex -1.455400e+001 -1.142064e+001  1.650000e+002
    endloop
  endfacet
  facet normal -8.063549e-001 -5.679983e-001  1.648324e-001
    outer loop
      vertex -1.501352e+001 -1.080945e+001  1.650000e+002
      vertex -1.278728e+001 -9.616940e+000  1.800000e+002
      vertex -1.523372e+001 -1.049685e+001  1.650000e+002
    endloop
  endfacet
  facet normal -7.949506e-001 -5.841101e-001  1.639176e-001
    outer loop
      vertex -1.523372e+001 -1.049685e+001  1.650000e+002
      vertex -1.278728e+001 -9.616940e+000  1.800000e+002
      vertex -1.299836e+001 -9.329666e+000  1.800000e+002
    endloop
  endfacet
  facet normal -8.179265e-001 -5.512197e-001  1.647823e-001
    outer loop
      vertex -1.523372e+001 -1.049685e+001  1.650000e+002
      vertex -1.299836e+001 -9.329666e+000  1.800000e+002
      vertex -1.544740e+001 -1.017978e+001  1.650000e+002
    endloop
  endfacet
  facet normal -8.077603e-001 -5.662472e-001  1.639740e-001
    outer loop
      vertex -1.544740e+001 -1.017978e+001  1.650000e+002
      vertex -1.299836e+001 -9.329666e+000  1.800000e+002
      vertex -1.320299e+001 -9.037760e+000  1.800000e+002
    endloop
  endfacet
  facet normal -8.201092e-001 -5.480703e-001  1.644379e-001
    outer loop
      vertex -1.544740e+001 -1.017978e+001  1.650000e+002
      vertex -1.320299e+001 -9.037760e+000  1.800000e+002
      vertex -1.340106e+001 -8.741368e+000  1.800000e+002
    endloop
  endfacet
  facet normal -8.400203e-001 -5.169556e-001  1.646900e-001
    outer loop
      vertex -1.565448e+001 -9.858354e+000  1.650000e+002
      vertex -1.340106e+001 -8.741368e+000  1.800000e+002
      vertex -1.585488e+001 -9.532719e+000  1.650000e+002
    endloop
  endfacet
  facet normal -8.321677e-001 -5.296937e-001  1.640775e-001
    outer loop
      vertex -1.585488e+001 -9.532719e+000  1.650000e+002
      vertex -1.340106e+001 -8.741368e+000  1.800000e+002
      vertex -1.359249e+001 -8.440637e+000  1.800000e+002
    endloop
  endfacet
  facet normal -8.505320e-001 -4.994861e-001  1.646481e-001
    outer loop
      vertex -1.585488e+001 -9.532719e+000  1.650000e+002
      vertex -1.359249e+001 -8.440637e+000  1.800000e+002
      vertex -1.604851e+001 -9.203011e+000  1.650000e+002
    endloop
  endfacet
  facet normal -8.704581e-001 -4.639169e-001  1.645719e-001
    outer loop
      vertex -1.623528e+001 -8.869372e+000  1.650000e+002
      vertex -1.395500e+001 -7.826756e+000  1.800000e+002
      vertex -1.641511e+001 -8.531945e+000  1.650000e+002
    endloop
  endfacet
  facet normal -8.656692e-001 -4.729186e-001  1.642096e-001
    outer loop
      vertex -1.641511e+001 -8.531945e+000  1.650000e+002
      vertex -1.395500e+001 -7.826756e+000  1.800000e+002
      vertex -1.412590e+001 -7.513910e+000  1.800000e+002
    endloop
  endfacet
  facet normal -8.798643e-001 -4.458320e-001  1.645376e-001
    outer loop
      vertex -1.641511e+001 -8.531945e+000  1.650000e+002
      vertex -1.412590e+001 -7.513910e+000  1.800000e+002
      vertex -1.658793e+001 -8.190873e+000  1.650000e+002
    endloop
  endfacet
  facet normal -8.975459e-001 -4.090950e-001  1.644775e-001
    outer loop
      vertex -1.675367e+001 -7.846303e+000  1.650000e+002
      vertex -1.444660e+001 -6.877186e+000  1.800000e+002
      vertex -1.691225e+001 -7.498381e+000  1.650000e+002
    endloop
  endfacet
  facet normal -8.953085e-001 -4.140331e-001  1.643142e-001
    outer loop
      vertex -1.691225e+001 -7.498381e+000  1.650000e+002
      vertex -1.444660e+001 -6.877186e+000  1.800000e+002
      vertex -1.459623e+001 -6.553624e+000  1.800000e+002
    endloop
  endfacet
  facet normal -9.058133e-001 -3.904586e-001  1.644513e-001
    outer loop
      vertex -1.691225e+001 -7.498381e+000  1.650000e+002
      vertex -1.459623e+001 -6.553624e+000  1.800000e+002
      vertex -1.706361e+001 -7.147255e+000  1.650000e+002
    endloop
  endfacet
  facet normal -9.282012e-001 -3.335545e-001  1.648753e-001
    outer loop
      vertex -1.734439e+001 -6.435997e+000  1.650000e+002
      vertex -1.487369e+001 -5.896902e+000  1.800000e+002
      vertex -1.747370e+001 -6.076167e+000  1.650000e+002
    endloop
  endfacet
  facet normal -9.210329e-001 -3.533345e-001  1.638692e-001
    outer loop
      vertex -1.747370e+001 -6.076167e+000  1.650000e+002
      vertex -1.487369e+001 -5.896902e+000  1.800000e+002
      vertex -1.500137e+001 -5.564068e+000  1.800000e+002
    endloop
  endfacet
  facet normal -9.349043e-001 -3.143047e-001  1.648230e-001
    outer loop
      vertex -1.747370e+001 -6.076167e+000  1.650000e+002
      vertex -1.500137e+001 -5.564068e+000  1.800000e+002
      vertex -1.759554e+001 -5.713742e+000  1.650000e+002
    endloop
  endfacet
  facet normal -9.286664e-001 -3.327257e-001  1.639280e-001
    outer loop
      vertex -1.759554e+001 -5.713742e+000  1.650000e+002
      vertex -1.500137e+001 -5.564068e+000  1.800000e+002
      vertex -1.512161e+001 -5.228472e+000  1.800000e+002
    endloop
  endfacet
  facet normal -9.357698e-001 -3.119272e-001  1.644267e-001
    outer loop
      vertex -1.759554e+001 -5.713742e+000  1.650000e+002
      vertex -1.512161e+001 -5.228472e+000  1.800000e+002
      vertex -1.523434e+001 -4.890281e+000  1.800000e+002
    endloop
  endfacet
  facet normal -9.471098e-001 -2.754056e-001  1.647265e-001
    outer loop
      vertex -1.770987e+001 -5.348876e+000  1.650000e+002
      vertex -1.523434e+001 -4.890281e+000  1.800000e+002
      vertex -1.781663e+001 -4.981726e+000  1.650000e+002
    endloop
  endfacet
  facet normal -9.425496e-001 -2.910189e-001  1.640367e-001
    outer loop
      vertex -1.781663e+001 -4.981726e+000  1.650000e+002
      vertex -1.523434e+001 -4.890281e+000  1.800000e+002
      vertex -1.533951e+001 -4.549662e+000  1.800000e+002
    endloop
  endfacet
  facet normal -9.526063e-001 -2.557757e-001  1.646823e-001
    outer loop
      vertex -1.781663e+001 -4.981726e+000  1.650000e+002
      vertex -1.533951e+001 -4.549662e+000  1.800000e+002
      vertex -1.791578e+001 -4.612447e+000  1.650000e+002
    endloop
  endfacet
  facet normal -9.487904e-001 -2.699490e-001  1.640862e-001
    outer loop
      vertex -1.791578e+001 -4.612447e+000  1.650000e+002
      vertex -1.533951e+001 -4.549662e+000  1.800000e+002
      vertex -1.543707e+001 -4.206784e+000  1.800000e+002
    endloop
  endfacet
  facet normal -9.545103e-001 -2.487244e-001  1.644575e-001
    outer loop
      vertex -1.791578e+001 -4.612447e+000  1.650000e+002
      vertex -1.543707e+001 -4.206784e+000  1.800000e+002
      vertex -1.552696e+001 -3.861819e+000  1.800000e+002
    endloop
  endfacet
  facet normal -9.623752e-001 -2.161952e-001  1.646016e-001
    outer loop
      vertex -1.800728e+001 -4.241198e+000  1.650000e+002
      vertex -1.552696e+001 -3.861819e+000  1.800000e+002
      vertex -1.809109e+001 -3.868138e+000  1.650000e+002
    endloop
  endfacet
  facet normal -9.598596e-001 -2.274109e-001  1.641764e-001
    outer loop
      vertex -1.809109e+001 -3.868138e+000  1.650000e+002
      vertex -1.552696e+001 -3.861819e+000  1.800000e+002
      vertex -1.560914e+001 -3.514936e+000  1.800000e+002
    endloop
  endfacet
  facet normal -9.666441e-001 -1.962586e-001  1.645654e-001
    outer loop
      vertex -1.809109e+001 -3.868138e+000  1.650000e+002
      vertex -1.560914e+001 -3.514936e+000  1.800000e+002
      vertex -1.816717e+001 -3.493425e+000  1.650000e+002
    endloop
  endfacet
  facet normal -9.646819e-001 -2.059654e-001  1.642169e-001
    outer loop
      vertex -1.816717e+001 -3.493425e+000  1.650000e+002
      vertex -1.560914e+001 -3.514936e+000  1.800000e+002
      vertex -1.568357e+001 -3.166308e+000  1.800000e+002
    endloop
  endfacet
  facet normal -9.689908e-001 -1.844169e-001  1.644604e-001
    outer loop
      vertex -1.816717e+001 -3.493425e+000  1.650000e+002
      vertex -1.568357e+001 -3.166308e+000  1.800000e+002
      vertex -1.575022e+001 -2.816108e+000  1.800000e+002
    endloop
  endfacet
  facet normal -9.739389e-001 -1.561493e-001  1.645008e-001
    outer loop
      vertex -1.823549e+001 -3.117219e+000  1.650000e+002
      vertex -1.575022e+001 -2.816108e+000  1.800000e+002
      vertex -1.829601e+001 -2.739683e+000  1.650000e+002
    endloop
  endfacet
  facet normal -9.728870e-001 -1.627889e-001  1.642884e-001
    outer loop
      vertex -1.829601e+001 -2.739683e+000  1.650000e+002
      vertex -1.575022e+001 -2.816108e+000  1.800000e+002
      vertex -1.580905e+001 -2.464511e+000  1.800000e+002
    endloop
  endfacet
  facet normal -9.769628e-001 -1.359867e-001  1.644725e-001
    outer loop
      vertex -1.829601e+001 -2.739683e+000  1.650000e+002
      vertex -1.580905e+001 -2.464511e+000  1.800000e+002
      vertex -1.834873e+001 -2.360976e+000  1.650000e+002
    endloop
  endfacet
  facet normal -9.817562e-001 -9.549686e-002  1.644239e-001
    outer loop
      vertex -1.839360e+001 -1.981260e+000  1.650000e+002
      vertex -1.590315e+001 -1.757821e+000  1.800000e+002
      vertex -1.843062e+001 -1.600698e+000  1.650000e+002
    endloop
  endfacet
  facet normal -9.815739e-001 -9.743885e-002  1.643728e-001
    outer loop
      vertex -1.843062e+001 -1.600698e+000  1.650000e+002
      vertex -1.590315e+001 -1.757821e+000  1.800000e+002
      vertex -1.593836e+001 -1.403079e+000  1.800000e+002
    endloop
  endfacet
  facet normal -9.835236e-001 -7.518535e-002  1.644036e-001
    outer loop
      vertex -1.843062e+001 -1.600698e+000  1.650000e+002
      vertex -1.593836e+001 -1.403079e+000  1.800000e+002
      vertex -1.845976e+001 -1.219452e+000  1.650000e+002
    endloop
  endfacet
  facet normal -9.864051e-001 -9.688190e-003  1.640459e-001
    outer loop
      vertex -1.599999e+001  2.108762e-002  1.800000e+002
      vertex -1.849742e+001  3.091080e-001  1.650000e+002
      vertex -1.599648e+001 -3.353806e-001  1.800000e+002
    endloop
  endfacet
  facet normal -9.863206e-001  6.287416e-003  1.647182e-001
    outer loop
      vertex -1.599648e+001 -3.353806e-001  1.800000e+002
      vertex -1.849742e+001  3.091080e-001  1.650000e+002
      vertex -1.849986e+001 -7.324232e-002  1.650000e+002
    endloop
  endfacet
  facet normal -9.859531e-001 -3.166300e-002  1.639937e-001
    outer loop
      vertex -1.599648e+001 -3.353806e-001  1.800000e+002
      vertex -1.849986e+001 -7.324232e-002  1.650000e+002
      vertex -1.598504e+001 -6.916823e-001  1.800000e+002
    endloop
  endfacet
  facet normal -9.862322e-001 -1.409606e-002  1.647647e-001
    outer loop
      vertex -1.598504e+001 -6.916823e-001  1.800000e+002
      vertex -1.849986e+001 -7.324232e-002  1.650000e+002
      vertex -1.849439e+001 -4.555613e-001  1.650000e+002
    endloop
  endfacet
  facet normal -9.857958e-001 -3.447818e-002  1.643709e-001
    outer loop
      vertex -1.598504e+001 -6.916823e-001  1.800000e+002
      vertex -1.849439e+001 -4.555613e-001  1.650000e+002
      vertex -1.848103e+001 -8.376858e-001  1.650000e+002
    endloop
  endfacet
  facet normal -9.859872e-001  2.667252e-002  1.646746e-001
    outer loop
      vertex -1.849742e+001  3.091080e-001  1.650000e+002
      vertex -1.599999e+001  2.108762e-002  1.800000e+002
      vertex -1.848708e+001  6.913263e-001  1.650000e+002
    endloop
  endfacet
  facet normal -9.863681e-001  1.228695e-002  1.640949e-001
    outer loop
      vertex -1.848708e+001  6.913263e-001  1.650000e+002
      vertex -1.599999e+001  2.108762e-002  1.800000e+002
      vertex -1.599555e+001  3.775454e-001  1.800000e+002
    endloop
  endfacet
  facet normal -9.852323e-001  4.704347e-002  1.646333e-001
    outer loop
      vertex -1.848708e+001  6.913263e-001  1.650000e+002
      vertex -1.599555e+001  3.775454e-001  1.800000e+002
      vertex -1.846884e+001  1.073249e+000  1.650000e+002
    endloop
  endfacet
  facet normal -9.824594e-001  8.771526e-002  1.645591e-001
    outer loop
      vertex -1.844272e+001  1.454714e+000  1.650000e+002
      vertex -1.596285e+001  1.089722e+000  1.800000e+002
      vertex -1.840871e+001  1.835557e+000  1.650000e+002
    endloop
  endfacet
  facet normal -9.833230e-001  7.814287e-002  1.642239e-001
    outer loop
      vertex -1.840871e+001  1.835557e+000  1.650000e+002
      vertex -1.596285e+001  1.089722e+000  1.800000e+002
      vertex -1.593461e+001  1.445087e+000  1.800000e+002
    endloop
  endfacet
  facet normal -9.804415e-001  1.080081e-001  1.645260e-001
    outer loop
      vertex -1.840871e+001  1.835557e+000  1.650000e+002
      vertex -1.593461e+001  1.445087e+000  1.800000e+002
      vertex -1.836685e+001  2.215616e+000  1.650000e+002
    endloop
  endfacet
  facet normal -9.751508e-001  1.484304e-001  1.644677e-001
    outer loop
      vertex -1.831713e+001  2.594728e+000  1.650000e+002
      vertex -1.585441e+001  2.153489e+000  1.800000e+002
      vertex -1.825960e+001  2.972733e+000  1.650000e+002
    endloop
  endfacet
  facet normal -9.758914e-001  1.436434e-001  1.643250e-001
    outer loop
      vertex -1.825960e+001  2.972733e+000  1.650000e+002
      vertex -1.585441e+001  2.153489e+000  1.800000e+002
      vertex -1.580250e+001  2.506174e+000  1.800000e+002
    endloop
  endfacet
  facet normal -9.718792e-001  1.685513e-001  1.644424e-001
    outer loop
      vertex -1.825960e+001  2.972733e+000  1.650000e+002
      vertex -1.580250e+001  2.506174e+000  1.800000e+002
      vertex -1.819426e+001  3.349467e+000  1.650000e+002
    endloop
  endfacet
  facet normal -9.594995e-001  2.284364e-001  1.648560e-001
    outer loop
      vertex -1.804030e+001  4.098483e+000  1.650000e+002
      vertex -1.567517e+001  3.207638e+000  1.800000e+002
      vertex -1.795174e+001  4.470445e+000  1.650000e+002
    endloop
  endfacet
  facet normal -9.641882e-001  2.085207e-001  1.638909e-001
    outer loop
      vertex -1.795174e+001  4.470445e+000  1.650000e+002
      vertex -1.567517e+001  3.207638e+000  1.800000e+002
      vertex -1.559982e+001  3.556068e+000  1.800000e+002
    endloop
  endfacet
  facet normal -9.545824e-001  2.482174e-001  1.648046e-001
    outer loop
      vertex -1.795174e+001  4.470445e+000  1.650000e+002
      vertex -1.559982e+001  3.556068e+000  1.800000e+002
      vertex -1.785552e+001  4.840497e+000  1.650000e+002
    endloop
  endfacet
  facet normal -9.435236e-001  2.874608e-001  1.647102e-001
    outer loop
      vertex -1.775167e+001  5.208481e+000  1.650000e+002
      vertex -1.542592e+001  4.247461e+000  1.800000e+002
      vertex -1.764023e+001  5.574241e+000  1.650000e+002
    endloop
  endfacet
  facet normal -9.480810e-001  2.724491e-001  1.640551e-001
    outer loop
      vertex -1.764023e+001  5.574241e+000  1.650000e+002
      vertex -1.542592e+001  4.247461e+000  1.800000e+002
      vertex -1.532746e+001  4.590080e+000  1.800000e+002
    endloop
  endfacet
  facet normal -9.373877e-001  3.069023e-001  1.646669e-001
    outer loop
      vertex -1.764023e+001  5.574241e+000  1.650000e+002
      vertex -1.532746e+001  4.590080e+000  1.800000e+002
      vertex -1.752126e+001  5.937619e+000  1.650000e+002
    endloop
  endfacet
  facet normal -9.239159e-001  3.453841e-001  1.645883e-001
    outer loop
      vertex -1.739481e+001  6.298461e+000  1.650000e+002
      vertex -1.510777e+001  5.268314e+000  1.800000e+002
      vertex -1.726092e+001  6.656613e+000  1.650000e+002
    endloop
  endfacet
  facet normal -9.277451e-001  3.351570e-001  1.641914e-001
    outer loop
      vertex -1.726092e+001  6.656613e+000  1.650000e+002
      vertex -1.510777e+001  5.268314e+000  1.800000e+002
      vertex -1.498665e+001  5.603592e+000  1.800000e+002
    endloop
  endfacet
  facet normal -9.165873e-001  3.644039e-001  1.645529e-001
    outer loop
      vertex -1.726092e+001  6.656613e+000  1.650000e+002
      vertex -1.498665e+001  5.603592e+000  1.800000e+002
      vertex -1.711967e+001  7.011921e+000  1.650000e+002
    endloop
  endfacet
  facet normal -9.007564e-001  4.019712e-001  1.644902e-001
    outer loop
      vertex -1.697109e+001  7.364234e+000  1.650000e+002
      vertex -1.472215e+001  6.265637e+000  1.800000e+002
      vertex -1.681528e+001  7.713401e+000  1.650000e+002
    endloop
  endfacet
  facet normal -9.032708e-001  3.963675e-001  1.643002e-001
    outer loop
      vertex -1.681528e+001  7.713401e+000  1.650000e+002
      vertex -1.472215e+001  6.265637e+000  1.800000e+002
      vertex -1.457891e+001  6.592076e+000  1.800000e+002
    endloop
  endfacet
  facet normal -8.922585e-001  4.205076e-001  1.644630e-001
    outer loop
      vertex -1.681528e+001  7.713401e+000  1.650000e+002
      vertex -1.457891e+001  6.592076e+000  1.800000e+002
      vertex -1.665227e+001  8.059273e+000  1.650000e+002
    endloop
  endfacet
  facet normal -8.741274e-001  4.570216e-001  1.644161e-001
    outer loop
      vertex -1.648215e+001  8.401703e+000  1.650000e+002
      vertex -1.427078e+001  7.234977e+000  1.800000e+002
      vertex -1.630500e+001  8.740543e+000  1.650000e+002
    endloop
  endfacet
  facet normal -8.747668e-001  4.558089e-001  1.643811e-001
    outer loop
      vertex -1.630500e+001  8.740543e+000  1.650000e+002
      vertex -1.427078e+001  7.234977e+000  1.800000e+002
      vertex -1.410605e+001  7.551119e+000  1.800000e+002
    endloop
  endfacet
  facet normal -8.644975e-001  4.749922e-001  1.643969e-001
    outer loop
      vertex -1.630500e+001  8.740543e+000  1.650000e+002
      vertex -1.410605e+001  7.551119e+000  1.800000e+002
      vertex -1.612087e+001  9.075650e+000  1.650000e+002
    endloop
  endfacet
  facet normal -8.333540e-001  5.276167e-001  1.647475e-001
    outer loop
      vertex -1.573205e+001  9.734092e+000  1.650000e+002
      vertex -1.375567e+001  8.172003e+000  1.800000e+002
      vertex -1.552752e+001  1.005715e+001  1.650000e+002
    endloop
  endfacet
  facet normal -8.424213e-001  5.132505e-001  1.640131e-001
    outer loop
      vertex -1.552752e+001  1.005715e+001  1.650000e+002
      vertex -1.375567e+001  8.172003e+000  1.800000e+002
      vertex -1.357019e+001  8.476437e+000  1.800000e+002
    endloop
  endfacet
  facet normal -8.222771e-001  5.447325e-001  1.647021e-001
    outer loop
      vertex -1.552752e+001  1.005715e+001  1.650000e+002
      vertex -1.357019e+001  8.476437e+000  1.800000e+002
      vertex -1.531635e+001  1.037590e+001  1.650000e+002
    endloop
  endfacet
  facet normal -8.307707e-001  5.318865e-001  1.640642e-001
    outer loop
      vertex -1.531635e+001  1.037590e+001  1.650000e+002
      vertex -1.357019e+001  8.476437e+000  1.800000e+002
      vertex -1.337797e+001  8.776662e+000  1.800000e+002
    endloop
  endfacet
  facet normal -8.186604e-001  5.502270e-001  1.644546e-001
    outer loop
      vertex -1.531635e+001  1.037590e+001  1.650000e+002
      vertex -1.337797e+001  8.776662e+000  1.800000e+002
      vertex -1.317912e+001  9.072531e+000  1.800000e+002
    endloop
  endfacet
  facet normal -7.990762e-001  5.782542e-001  1.646190e-001
    outer loop
      vertex -1.509864e+001  1.069023e+001  1.650000e+002
      vertex -1.317912e+001  9.072531e+000  1.800000e+002
      vertex -1.487448e+001  1.099999e+001  1.650000e+002
    endloop
  endfacet
  facet normal -8.062398e-001  5.683572e-001  1.641569e-001
    outer loop
      vertex -1.487448e+001  1.099999e+001  1.650000e+002
      vertex -1.317912e+001  9.072531e+000  1.800000e+002
      vertex -1.297372e+001  9.363896e+000  1.800000e+002
    endloop
  endfacet
  facet normal -7.869592e-001  5.946495e-001  1.645816e-001
    outer loop
      vertex -1.487448e+001  1.099999e+001  1.650000e+002
      vertex -1.297372e+001  9.363896e+000  1.800000e+002
      vertex -1.464397e+001  1.130505e+001  1.650000e+002
    endloop
  endfacet
  facet normal -7.617201e-001  6.266717e-001  1.645146e-001
    outer loop
      vertex -1.440720e+001  1.160528e+001  1.650000e+002
      vertex -1.254371e+001  9.932539e+000  1.800000e+002
      vertex -1.416428e+001  1.190055e+001  1.650000e+002
    endloop
  endfacet
  facet normal -7.664626e-001  6.209264e-001  1.642732e-001
    outer loop
      vertex -1.416428e+001  1.190055e+001  1.650000e+002
      vertex -1.254371e+001  9.932539e+000  1.800000e+002
      vertex -1.231931e+001  1.020953e+001  1.800000e+002
    endloop
  endfacet
  facet normal -7.486117e-001  6.422811e-001  1.644850e-001
    outer loop
      vertex -1.416428e+001  1.190055e+001  1.650000e+002
      vertex -1.231931e+001  1.020953e+001  1.800000e+002
      vertex -1.391531e+001  1.219074e+001  1.650000e+002
    endloop
  endfacet
  facet normal -7.214341e-001  6.726770e-001  1.644340e-001
    outer loop
      vertex -1.366039e+001  1.247573e+001  1.650000e+002
      vertex -1.185228e+001  1.074819e+001  1.800000e+002
      vertex -1.339964e+001  1.275538e+001  1.650000e+002
    endloop
  endfacet
  facet normal -7.232662e-001  6.707243e-001  1.643617e-001
    outer loop
      vertex -1.339964e+001  1.275538e+001  1.650000e+002
      vertex -1.185228e+001  1.074819e+001  1.800000e+002
      vertex -1.160988e+001  1.100957e+001  1.800000e+002
    endloop
  endfacet
  facet normal -7.073833e-001  6.874428e-001  1.644125e-001
    outer loop
      vertex -1.339964e+001  1.275538e+001  1.650000e+002
      vertex -1.160988e+001  1.100957e+001  1.800000e+002
      vertex -1.313316e+001  1.302958e+001  1.650000e+002
    endloop
  endfacet
  facet normal -6.633821e-001  7.299106e-001  1.647867e-001
    outer loop
      vertex -1.258350e+001  1.356118e+001  1.650000e+002
      vertex -1.110791e+001  1.151583e+001  1.800000e+002
      vertex -1.230054e+001  1.381835e+001  1.650000e+002
    endloop
  endfacet
  facet normal -6.768956e-001  7.175837e-001  1.639690e-001
    outer loop
      vertex -1.230054e+001  1.381835e+001  1.650000e+002
      vertex -1.110791e+001  1.151583e+001  1.800000e+002
      vertex -1.084859e+001  1.176044e+001  1.800000e+002
    endloop
  endfacet
  facet normal -6.481609e-001  7.434706e-001  1.647391e-001
    outer loop
      vertex -1.230054e+001  1.381835e+001  1.650000e+002
      vertex -1.084859e+001  1.176044e+001  1.800000e+002
      vertex -1.201233e+001  1.406961e+001  1.650000e+002
    endloop
  endfacet
  facet normal -6.607354e-001  7.324788e-001  1.640226e-001
    outer loop
      vertex -1.201233e+001  1.406961e+001  1.650000e+002
      vertex -1.084859e+001  1.176044e+001  1.800000e+002
      vertex -1.058389e+001  1.199922e+001  1.800000e+002
    endloop
  endfacet
  facet normal -6.442065e-001  7.469638e-001  1.644478e-001
    outer loop
      vertex -1.201233e+001  1.406961e+001  1.650000e+002
      vertex -1.058389e+001  1.199922e+001  1.800000e+002
      vertex -1.031393e+001  1.223204e+001  1.800000e+002
    endloop
  endfacet
  facet normal -6.168928e-001  7.696318e-001  1.646518e-001
    outer loop
      vertex -1.171899e+001  1.431486e+001  1.650000e+002
      vertex -1.031393e+001  1.223204e+001  1.800000e+002
      vertex -1.142064e+001  1.455400e+001  1.650000e+002
    endloop
  endfacet
  facet normal -6.274379e-001  7.611742e-001  1.641206e-001
    outer loop
      vertex -1.142064e+001  1.455400e+001  1.650000e+002
      vertex -1.031393e+001  1.223204e+001  1.800000e+002
      vertex -1.003886e+001  1.245879e+001  1.800000e+002
    endloop
  endfacet
  facet normal -6.008587e-001  7.822223e-001  1.646122e-001
    outer loop
      vertex -1.142064e+001  1.455400e+001  1.650000e+002
      vertex -1.003886e+001  1.245879e+001  1.800000e+002
      vertex -1.111742e+001  1.478692e+001  1.650000e+002
    endloop
  endfacet
  facet normal -6.103219e-001  7.749562e-001  1.641648e-001
    outer loop
      vertex -1.111742e+001  1.478692e+001  1.650000e+002
      vertex -1.003886e+001  1.245879e+001  1.800000e+002
      vertex -9.758796e+000  1.267935e+001  1.800000e+002
    endloop
  endfacet
  facet normal -5.928736e-001  7.883229e-001  1.644625e-001
    outer loop
      vertex -1.111742e+001  1.478692e+001  1.650000e+002
      vertex -9.758796e+000  1.267935e+001  1.800000e+002
      vertex -9.473890e+000  1.289362e+001  1.800000e+002
    endloop
  endfacet
  facet normal -5.680267e-001  8.063944e-001  1.645408e-001
    outer loop
      vertex -1.080945e+001  1.501352e+001  1.650000e+002
      vertex -9.473890e+000  1.289362e+001  1.800000e+002
      vertex -1.049685e+001  1.523372e+001  1.650000e+002
    endloop
  endfacet
  facet normal -5.751855e-001  8.013647e-001  1.642442e-001
    outer loop
      vertex -1.049685e+001  1.523372e+001  1.650000e+002
      vertex -9.473890e+000  1.289362e+001  1.800000e+002
      vertex -9.184283e+000  1.310149e+001  1.800000e+002
    endloop
  endfacet
  facet normal -5.512451e-001  8.179643e-001  1.645090e-001
    outer loop
      vertex -1.049685e+001  1.523372e+001  1.650000e+002
      vertex -9.184283e+000  1.310149e+001  1.800000e+002
      vertex -1.017978e+001  1.544740e+001  1.650000e+002
    endloop
  endfacet
  facet normal -5.571851e-001  8.139760e-001  1.642794e-001
    outer loop
      vertex -1.017978e+001  1.544740e+001  1.650000e+002
      vertex -9.184283e+000  1.310149e+001  1.800000e+002
      vertex -8.890116e+000  1.330285e+001  1.800000e+002
    endloop
  endfacet
  facet normal -5.388969e-001  8.261638e-001  1.644495e-001
    outer loop
      vertex -1.017978e+001  1.544740e+001  1.650000e+002
      vertex -8.890116e+000  1.330285e+001  1.800000e+002
      vertex -8.591536e+000  1.349761e+001  1.800000e+002
    endloop
  endfacet
  facet normal -5.169764e-001  8.400539e-001  1.644536e-001
    outer loop
      vertex -9.858354e+000  1.565448e+001  1.650000e+002
      vertex -8.591536e+000  1.349761e+001  1.800000e+002
      vertex -9.532719e+000  1.585488e+001  1.650000e+002
    endloop
  endfacet
  facet normal -5.203689e-001  8.379787e-001  1.643403e-001
    outer loop
      vertex -9.532719e+000  1.585488e+001  1.650000e+002
      vertex -8.591536e+000  1.349761e+001  1.800000e+002
      vertex -8.288691e+000  1.368567e+001  1.800000e+002
    endloop
  endfacet
  facet normal -4.995050e-001  8.505631e-001  1.644299e-001
    outer loop
      vertex -9.532719e+000  1.585488e+001  1.650000e+002
      vertex -8.288691e+000  1.368567e+001  1.800000e+002
      vertex -9.203011e+000  1.604851e+001  1.650000e+002
    endloop
  endfacet
  facet normal -3.576052e-001  9.191161e-001 -1.653607e-001
    outer loop
      vertex  5.415712e+000 -1.345065e+001  1.650000e+002
      vertex  5.098906e+000 -1.357391e+001  1.650000e+002
      vertex  4.923214e+000 -1.094358e+001  1.800000e+002
    endloop
  endfacet
  facet normal -4.391525e-001  8.833178e-001 -1.639962e-001
    outer loop
      vertex  6.040222e+000 -1.318202e+001  1.650000e+002
      vertex  5.203356e+000 -1.081319e+001  1.800000e+002
      vertex  5.480048e+000 -1.067563e+001  1.800000e+002
    endloop
  endfacet
  facet normal -2.921420e-001  9.420156e-001 -1.651046e-001
    outer loop
      vertex  4.457061e+000 -1.379799e+001  1.650000e+002
      vertex  4.132376e+000 -1.389869e+001  1.650000e+002
      vertex  4.063955e+000 -1.129089e+001  1.800000e+002
    endloop
  endfacet
  facet normal -3.696594e-001  9.145478e-001 -1.641776e-001
    outer loop
      vertex  5.098906e+000 -1.357391e+001  1.650000e+002
      vertex  4.353324e+000 -1.118251e+001  1.800000e+002
      vertex  4.639807e+000 -1.106672e+001  1.800000e+002
    endloop
  endfacet
  facet normal -3.931451e-001  9.048632e-001 -1.632776e-001
    outer loop
      vertex  4.639807e+000 -1.106672e+001  1.800000e+002
      vertex  4.923214e+000 -1.094358e+001  1.800000e+002
      vertex  5.098906e+000 -1.357391e+001  1.650000e+002
    endloop
  endfacet
  facet normal -2.252268e-001  9.602529e-001 -1.648853e-001
    outer loop
      vertex  3.476371e+000 -1.407710e+001  1.650000e+002
      vertex  3.145412e+000 -1.415473e+001  1.650000e+002
      vertex  3.180454e+000 -1.157086e+001  1.800000e+002
    endloop
  endfacet
  facet normal -2.979705e-001  9.403268e-001 -1.643144e-001
    outer loop
      vertex  4.132376e+000 -1.389869e+001  1.650000e+002
      vertex  3.477325e+000 -1.148513e+001  1.800000e+002
      vertex  3.771890e+000 -1.139179e+001  1.800000e+002
    endloop
  endfacet
  facet normal -3.221219e-001  9.324586e-001 -1.635799e-001
    outer loop
      vertex  3.771890e+000 -1.139179e+001  1.800000e+002
      vertex  4.063955e+000 -1.129089e+001  1.800000e+002
      vertex  4.132376e+000 -1.389869e+001  1.650000e+002
    endloop
  endfacet
  facet normal -2.026737e-001  9.653524e-001 -1.643721e-001
    outer loop
      vertex  2.580584e+000 -1.171924e+001  1.800000e+002
      vertex  3.145412e+000 -1.415473e+001  1.650000e+002
      vertex  2.812725e+000 -1.422458e+001  1.650000e+002
    endloop
  endfacet
  facet normal -2.245063e-001  9.605036e-001 -1.644070e-001
    outer loop
      vertex  2.881474e+000 -1.164891e+001  1.800000e+002
      vertex  3.145412e+000 -1.415473e+001  1.650000e+002
      vertex  2.580584e+000 -1.171924e+001  1.800000e+002
    endloop
  endfacet
  facet normal -2.491895e-001  9.544956e-001 -1.638376e-001
    outer loop
      vertex  2.881474e+000 -1.164891e+001  1.800000e+002
      vertex  3.180454e+000 -1.157086e+001  1.800000e+002
      vertex  3.145412e+000 -1.415473e+001  1.650000e+002
    endloop
  endfacet
  facet normal -1.343317e-001  9.772143e-001 -1.643384e-001
    outer loop
      vertex  1.668450e+000 -1.188345e+001  1.800000e+002
      vertex  2.142895e+000 -1.434078e+001  1.650000e+002
      vertex  1.806121e+000 -1.438708e+001  1.650000e+002
    endloop
  endfacet
  facet normal  5.023286e-002  9.850419e-001 -1.648309e-001
    outer loop
      vertex -5.686687e-001 -1.448884e+001  1.650000e+002
      vertex -9.081682e-001 -1.447153e+001  1.650000e+002
      vertex -1.801755e-001 -1.199865e+001  1.800000e+002
    endloop
  endfacet
  facet normal  1.422373e-001  9.759172e-001 -1.653913e-001
    outer loop
      vertex -1.922927e+000 -1.437193e+001  1.650000e+002
      vertex -2.259314e+000 -1.432290e+001  1.650000e+002
      vertex -1.105639e+000 -1.194896e+001  1.800000e+002
    endloop
  endfacet
  facet normal  7.331584e-002  9.836721e-001 -1.643591e-001
    outer loop
      vertex -7.976120e-001 -1.197346e+001  1.800000e+002
      vertex -9.081682e-001 -1.447153e+001  1.650000e+002
      vertex -1.247169e+000 -1.444627e+001  1.650000e+002
    endloop
  endfacet
  facet normal  5.288580e-002  9.849708e-001 -1.644248e-001
    outer loop
      vertex -4.890559e-001 -1.199003e+001  1.800000e+002
      vertex -9.081682e-001 -1.447153e+001  1.650000e+002
      vertex -7.976120e-001 -1.197346e+001  1.800000e+002
    endloop
  endfacet
  facet normal  2.751084e-002  9.860930e-001 -1.639014e-001
    outer loop
      vertex -4.890559e-001 -1.199003e+001  1.800000e+002
      vertex -1.801755e-001 -1.199865e+001  1.800000e+002
      vertex -9.081682e-001 -1.447153e+001  1.650000e+002
    endloop
  endfacet
  facet normal  2.104809e-001  9.635504e-001 -1.651313e-001
    outer loop
      vertex -2.928177e+000 -1.420126e+001  1.650000e+002
      vertex -3.260286e+000 -1.412871e+001  1.650000e+002
      vertex -2.024508e+000 -1.182799e+001  1.800000e+002
    endloop
  endfacet
  facet normal  1.287498e-001  9.779954e-001 -1.641597e-001
    outer loop
      vertex -2.259314e+000 -1.432290e+001  1.650000e+002
      vertex -1.719291e+000 -1.187620e+001  1.800000e+002
      vertex -1.412933e+000 -1.191653e+001  1.800000e+002
    endloop
  endfacet
  facet normal  1.035425e-001  9.811376e-001 -1.632414e-001
    outer loop
      vertex -1.412933e+000 -1.191653e+001  1.800000e+002
      vertex -1.105639e+000 -1.194896e+001  1.800000e+002
      vertex -2.259314e+000 -1.432290e+001  1.650000e+002
    endloop
  endfacet
  facet normal  2.776855e-001  9.464123e-001 -1.649079e-001
    outer loop
      vertex -3.918948e+000 -1.396037e+001  1.650000e+002
      vertex -4.245138e+000 -1.386466e+001  1.650000e+002
      vertex -2.931301e+000 -1.163647e+001  1.800000e+002
    endloop
  endfacet
  facet normal  2.038392e-001  9.651189e-001 -1.643014e-001
    outer loop
      vertex -3.260286e+000 -1.412871e+001  1.650000e+002
      vertex -2.630714e+000 -1.170809e+001  1.800000e+002
      vertex -2.328383e+000 -1.177194e+001  1.800000e+002
    endloop
  endfacet
  facet normal  1.789407e-001  9.701712e-001 -1.635484e-001
    outer loop
      vertex -2.328383e+000 -1.177194e+001  1.800000e+002
      vertex -2.024508e+000 -1.182799e+001  1.800000e+002
      vertex -3.260286e+000 -1.412871e+001  1.650000e+002
    endloop
  endfacet
  facet normal  2.998208e-001  9.397273e-001 -1.643781e-001
    outer loop
      vertex -3.526445e+000 -1.147014e+001  1.800000e+002
      vertex -4.245138e+000 -1.386466e+001  1.650000e+002
      vertex -4.568995e+000 -1.376133e+001  1.650000e+002
    endloop
  endfacet
  facet normal  2.777098e-001  9.464937e-001 -1.643989e-001
    outer loop
      vertex -3.229944e+000 -1.155714e+001  1.800000e+002
      vertex -4.245138e+000 -1.386466e+001  1.650000e+002
      vertex -3.526445e+000 -1.147014e+001  1.800000e+002
    endloop
  endfacet
  facet normal  2.532704e-001  9.534254e-001 -1.638112e-001
    outer loop
      vertex -3.229944e+000 -1.155714e+001  1.800000e+002
      vertex -2.931301e+000 -1.163647e+001  1.800000e+002
      vertex -4.245138e+000 -1.386466e+001  1.650000e+002
    endloop
  endfacet
  facet normal  4.697309e-001  8.672406e-001 -1.650655e-001
    outer loop
      vertex -6.755894e+000 -1.282996e+001  1.650000e+002
      vertex -7.054805e+000 -1.266806e+001  1.650000e+002
      vertex -5.249585e+000 -1.079082e+001  1.800000e+002
    endloop
  endfacet
  facet normal  5.295351e-001  8.321155e-001 -1.648524e-001
    outer loop
      vertex -7.640831e+000 -1.232346e+001  1.650000e+002
      vertex -7.927625e+000 -1.214095e+001  1.650000e+002
      vertex -6.066715e+000 -1.035350e+001  1.800000e+002
    endloop
  endfacet
  facet normal  4.654490e-001  8.696850e-001 -1.643330e-001
    outer loop
      vertex -7.054805e+000 -1.266806e+001  1.650000e+002
      vertex -5.798122e+000 -1.050627e+001  1.800000e+002
      vertex -5.525685e+000 -1.065208e+001  1.800000e+002
    endloop
  endfacet
  facet normal  4.429556e-001  8.814856e-001 -1.636260e-001
    outer loop
      vertex -5.525685e+000 -1.065208e+001  1.800000e+002
      vertex -5.249585e+000 -1.079082e+001  1.800000e+002
      vertex -7.054805e+000 -1.266806e+001  1.650000e+002
    endloop
  endfacet
  facet normal  5.489410e-001  8.195415e-001 -1.643639e-001
    outer loop
      vertex -6.591656e+000 -1.002747e+001  1.800000e+002
      vertex -7.927625e+000 -1.214095e+001  1.650000e+002
      vertex -8.210062e+000 -1.195177e+001  1.650000e+002
    endloop
  endfacet
  facet normal  5.311722e-001  8.311574e-001 -1.644181e-001
    outer loop
      vertex -6.331285e+000 -1.019386e+001  1.800000e+002
      vertex -7.927625e+000 -1.214095e+001  1.650000e+002
      vertex -6.591656e+000 -1.002747e+001  1.800000e+002
    endloop
  endfacet
  facet normal  5.096410e-001  8.446364e-001 -1.638763e-001
    outer loop
      vertex -6.331285e+000 -1.019386e+001  1.800000e+002
      vertex -6.066715e+000 -1.035350e+001  1.800000e+002
      vertex -7.927625e+000 -1.214095e+001  1.650000e+002
    endloop
  endfacet
  facet normal  6.051811e-001  7.789411e-001 -1.643364e-001
    outer loop
      vertex -7.345871e+000 -9.488845e+000  1.800000e+002
      vertex -8.761245e+000 -1.155381e+001  1.650000e+002
      vertex -9.029688e+000 -1.134525e+001  1.650000e+002
    endloop
  endfacet
  facet normal  7.083433e-001  6.863291e-001 -1.649309e-001
    outer loop
      vertex -1.029461e+001 -1.021132e+001  1.650000e+002
      vertex -1.053116e+001 -9.967183e+000  1.650000e+002
      vertex -8.282589e+000 -8.683243e+000  1.800000e+002
    endloop
  endfacet
  facet normal  6.584253e-001  7.344838e-001 -1.643456e-001
    outer loop
      vertex -8.056268e+000 -8.893624e+000  1.800000e+002
      vertex -9.551541e+000 -1.090954e+001  1.650000e+002
      vertex -9.804664e+000 -1.068263e+001  1.650000e+002
    endloop
  endfacet
  facet normal  7.078807e-001  6.869357e-001 -1.643902e-001
    outer loop
      vertex -8.503419e+000 -8.467105e+000  1.800000e+002
      vertex -1.053116e+001 -9.967183e+000  1.650000e+002
      vertex -8.718610e+000 -8.245353e+000  1.800000e+002
    endloop
  endfacet
  facet normal  6.900281e-001  7.050077e-001 -1.637842e-001
    outer loop
      vertex -8.503419e+000 -8.467105e+000  1.800000e+002
      vertex -8.282589e+000 -8.683243e+000  1.800000e+002
      vertex -1.053116e+001 -9.967183e+000  1.650000e+002
    endloop
  endfacet
  facet normal  7.975172e-001  5.801959e-001 -1.653454e-001
    outer loop
      vertex -1.162460e+001 -8.667105e+000  1.650000e+002
      vertex -1.182458e+001 -8.392213e+000  1.650000e+002
      vertex -9.328946e+000 -7.547898e+000  1.800000e+002
    endloop
  endfacet
  facet normal  8.363554e-001  5.227375e-001 -1.650915e-001
    outer loop
      vertex -1.220495e+001 -7.828743e+000  1.650000e+002
      vertex -1.238512e+001 -7.540477e+000  1.650000e+002
      vertex -9.883635e+000 -6.805421e+000  1.800000e+002
    endloop
  endfacet
  facet normal  7.902512e-001  5.903777e-001 -1.641864e-001
    outer loop
      vertex -1.182458e+001 -8.392213e+000  1.650000e+002
      vertex -9.705132e+000 -7.057648e+000  1.800000e+002
      vertex -9.520196e+000 -7.305195e+000  1.800000e+002
    endloop
  endfacet
  facet normal  7.749026e-001  6.106230e-001 -1.632956e-001
    outer loop
      vertex -9.520196e+000 -7.305195e+000  1.800000e+002
      vertex -9.328946e+000 -7.547898e+000  1.800000e+002
      vertex -1.182458e+001 -8.392213e+000  1.650000e+002
    endloop
  endfacet
  facet normal  8.710551e-001  4.626872e-001 -1.648742e-001
    outer loop
      vertex -1.272495e+001 -6.951670e+000  1.650000e+002
      vertex -1.288442e+001 -6.651454e+000  1.650000e+002
      vertex -1.037937e+001 -6.022350e+000  1.800000e+002
    endloop
  endfacet
  facet normal  8.334370e-001  5.276186e-001 -1.643207e-001
    outer loop
      vertex -1.238512e+001 -7.540477e+000  1.650000e+002
      vertex -1.022087e+001 -6.287601e+000  1.800000e+002
      vertex -1.005558e+001 -6.548682e+000  1.800000e+002
    endloop
  endfacet
  facet normal  8.196746e-001  5.489718e-001 -1.635953e-001
    outer loop
      vertex -1.005558e+001 -6.548682e+000  1.800000e+002
      vertex -9.883635e+000 -6.805421e+000  1.800000e+002
      vertex -1.238512e+001 -7.540477e+000  1.650000e+002
    endloop
  endfacet
  facet normal  8.817391e-001  4.421750e-001 -1.643693e-001
    outer loop
      vertex -1.067563e+001 -5.480048e+000  1.800000e+002
      vertex -1.288442e+001 -6.651454e+000  1.650000e+002
      vertex -1.303680e+001 -6.347583e+000  1.650000e+002
    endloop
  endfacet
  facet normal  8.716574e-001  4.617169e-001 -1.644108e-001
    outer loop
      vertex -1.053099e+001 -5.753107e+000  1.800000e+002
      vertex -1.288442e+001 -6.651454e+000  1.650000e+002
      vertex -1.067563e+001 -5.480048e+000  1.800000e+002
    endloop
  endfacet
  facet normal  8.595613e-001  4.840531e-001 -1.638507e-001
    outer loop
      vertex -1.053099e+001 -5.753107e+000  1.800000e+002
      vertex -1.037937e+001 -6.022350e+000  1.800000e+002
      vertex -1.288442e+001 -6.651454e+000  1.650000e+002
    endloop
  endfacet
  facet normal  9.106373e-001  3.791212e-001 -1.643376e-001
    outer loop
      vertex -1.106672e+001 -4.639807e+000  1.800000e+002
      vertex -1.332000e+001 -5.729542e+000  1.650000e+002
      vertex -1.345065e+001 -5.415712e+000  1.650000e+002
    endloop
  endfacet
  facet normal  9.696251e-001  1.799455e-001 -1.656706e-001
    outer loop
      vertex -1.422458e+001 -2.812725e+000  1.650000e+002
      vertex -1.428660e+001 -2.478491e+000  1.650000e+002
      vertex -1.164891e+001 -2.881474e+000  1.800000e+002
    endloop
  endfacet
  facet normal  9.652792e-001  2.026583e-001 -1.648203e-001
    outer loop
      vertex -1.415473e+001 -3.145412e+000  1.650000e+002
      vertex -1.422458e+001 -2.812725e+000  1.650000e+002
      vertex -1.164891e+001 -2.881474e+000  1.800000e+002
    endloop
  endfacet
  facet normal  9.799227e-001  1.113659e-001 -1.653759e-001
    outer loop
      vertex -1.438708e+001 -1.806121e+000  1.650000e+002
      vertex -1.442546e+001 -1.468355e+000  1.650000e+002
      vertex -1.183655e+001 -1.973870e+000  1.800000e+002
    endloop
  endfacet
  facet normal  9.660345e-001  1.997157e-001 -1.639849e-001
    outer loop
      vertex -1.428660e+001 -2.478491e+000  1.650000e+002
      vertex -1.178180e+001 -2.277982e+000  1.800000e+002
      vertex -1.171924e+001 -2.580584e+000  1.800000e+002
    endloop
  endfacet
  facet normal  9.607453e-001  2.245631e-001 -1.629105e-001
    outer loop
      vertex -1.171924e+001 -2.580584e+000  1.800000e+002
      vertex -1.164891e+001 -2.881474e+000  1.800000e+002
      vertex -1.428660e+001 -2.478491e+000  1.650000e+002
    endloop
  endfacet
  facet normal  9.853696e-001  4.222576e-002 -1.651180e-001
    outer loop
      vertex -1.447843e+001 -7.905871e-001  1.650000e+002
      vertex -1.449299e+001 -4.509581e-001  1.650000e+002
      vertex -1.195358e+001 -1.054492e+000  1.800000e+002
    endloop
  endfacet
  facet normal  9.785364e-001  1.245605e-001 -1.641688e-001
    outer loop
      vertex -1.442546e+001 -1.468355e+000  1.650000e+002
      vertex -1.192246e+001 -1.361923e+000  1.800000e+002
      vertex -1.188345e+001 -1.668450e+000  1.800000e+002
    endloop
  endfacet
  facet normal  9.751536e-001  1.497396e-001 -1.632596e-001
    outer loop
      vertex -1.188345e+001 -1.668450e+000  1.800000e+002
      vertex -1.183655e+001 -1.973870e+000  1.800000e+002
      vertex -1.442546e+001 -1.468355e+000  1.650000e+002
    endloop
  endfacet
  facet normal  9.859378e-001 -2.712501e-002 -1.648965e-001
    outer loop
      vertex -1.449819e+001  2.288566e-001  1.650000e+002
      vertex -1.448884e+001  5.686687e-001  1.650000e+002
      vertex -1.199931e+001 -1.288244e-001  1.800000e+002
    endloop
  endfacet
  facet normal  9.852076e-001  4.867039e-002 -1.643080e-001
    outer loop
      vertex -1.449299e+001 -4.509581e-001  1.650000e+002
      vertex -1.199201e+001 -4.377388e-001  1.800000e+002
      vertex -1.197677e+001 -7.463630e-001  1.800000e+002
    endloop
  endfacet
  facet normal  9.837512e-001  7.403017e-002 -1.635643e-001
    outer loop
      vertex -1.197677e+001 -7.463630e-001  1.800000e+002
      vertex -1.195358e+001 -1.054492e+000  1.800000e+002
      vertex -1.449299e+001 -4.509581e-001  1.650000e+002
    endloop
  endfacet
  facet normal  9.851179e-001 -5.023674e-002 -1.643751e-001
    outer loop
      vertex -1.199003e+001  4.890559e-001  1.800000e+002
      vertex -1.448884e+001  5.686687e-001  1.650000e+002
      vertex -1.447153e+001  9.081682e-001  1.650000e+002
    endloop
  endfacet
  facet normal  9.860096e-001 -2.750851e-002 -1.644030e-001
    outer loop
      vertex -1.199865e+001  1.801755e-001  1.800000e+002
      vertex -1.448884e+001  5.686687e-001  1.650000e+002
      vertex -1.199003e+001  4.890559e-001  1.800000e+002
    endloop
  endfacet
  facet normal  9.864873e-001 -2.109923e-003 -1.638245e-001
    outer loop
      vertex -1.199865e+001  1.801755e-001  1.800000e+002
      vertex -1.199931e+001 -1.288244e-001  1.800000e+002
      vertex -1.448884e+001  5.686687e-001  1.650000e+002
    endloop
  endfacet
  facet normal  9.583648e-001 -2.330121e-001 -1.650527e-001
    outer loop
      vertex -1.412871e+001  3.260286e+000  1.650000e+002
      vertex -1.404840e+001  3.590604e+000  1.650000e+002
      vertex -1.177194e+001  2.328383e+000  1.800000e+002
    endloop
  endfacet
  facet normal  9.396536e-001 -2.997973e-001 -1.648415e-001
    outer loop
      vertex -1.386466e+001  4.245138e+000  1.650000e+002
      vertex -1.376133e+001  4.568995e+000  1.650000e+002
      vertex -1.155714e+001  3.229944e+000  1.800000e+002
    endloop
  endfacet
  facet normal  9.595448e-001 -2.286190e-001 -1.643389e-001
    outer loop
      vertex -1.404840e+001  3.590604e+000  1.650000e+002
      vertex -1.163647e+001  2.931301e+000  1.800000e+002
      vertex -1.170809e+001  2.630714e+000  1.800000e+002
    endloop
  endfacet
  facet normal  9.652264e-001 -2.038619e-001 -1.636411e-001
    outer loop
      vertex -1.170809e+001  2.630714e+000  1.800000e+002
      vertex -1.177194e+001  2.328383e+000  1.800000e+002
      vertex -1.404840e+001  3.590604e+000  1.650000e+002
    endloop
  endfacet
  facet normal  9.324422e-001 -3.217715e-001 -1.643615e-001
    outer loop
      vertex -1.137554e+001  3.820608e+000  1.800000e+002
      vertex -1.376133e+001  4.568995e+000  1.650000e+002
      vertex -1.365044e+001  4.890340e+000  1.650000e+002
    endloop
  endfacet
  facet normal  9.390258e-001 -3.019871e-001 -1.644215e-001
    outer loop
      vertex -1.147014e+001  3.526445e+000  1.800000e+002
      vertex -1.376133e+001  4.568995e+000  1.650000e+002
      vertex -1.137554e+001  3.820608e+000  1.800000e+002
    endloop
  endfacet
  facet normal  9.465752e-001 -2.777334e-001 -1.638890e-001
    outer loop
      vertex -1.147014e+001  3.526445e+000  1.800000e+002
      vertex -1.155714e+001  3.229944e+000  1.800000e+002
      vertex -1.376133e+001  4.568995e+000  1.650000e+002
    endloop
  endfacet
  facet normal  8.780021e-001 -4.492655e-001 -1.651448e-001
    outer loop
      vertex -1.298481e+001  6.453270e+000  1.650000e+002
      vertex -1.282996e+001  6.755894e+000  1.650000e+002
      vertex -1.092241e+001  4.970003e+000  1.800000e+002
    endloop
  endfacet
  facet normal  9.075284e-001 -3.865049e-001 -1.643359e-001
    outer loop
      vertex -1.104676e+001  4.687126e+000  1.800000e+002
      vertex -1.340622e+001  5.524792e+000  1.650000e+002
      vertex -1.327302e+001  5.837550e+000  1.650000e+002
    endloop
  endfacet
  facet normal  8.442920e-001 -5.098751e-001 -1.649193e-001
    outer loop
      vertex -1.249920e+001  7.349838e+000  1.650000e+002
      vertex -1.232346e+001  7.640831e+000  1.650000e+002
      vertex -1.050627e+001  5.798122e+000  1.800000e+002
    endloop
  endfacet
  facet normal  8.813863e-001 -4.429056e-001 -1.642947e-001
    outer loop
      vertex -1.282996e+001  6.755894e+000  1.650000e+002
      vertex -1.065208e+001  5.525685e+000  1.800000e+002
      vertex -1.079082e+001  5.249585e+000  1.800000e+002
    endloop
  endfacet
  facet normal  8.926132e-001 -4.201177e-001 -1.635326e-001
    outer loop
      vertex -1.079082e+001  5.249585e+000  1.800000e+002
      vertex -1.092241e+001  4.970003e+000  1.800000e+002
      vertex -1.282996e+001  6.755894e+000  1.650000e+002
    endloop
  endfacet
  facet normal  8.445626e-001 -5.095963e-001 -1.643946e-001
    outer loop
      vertex -1.035350e+001  6.066715e+000  1.800000e+002
      vertex -1.232346e+001  7.640831e+000  1.650000e+002
      vertex -1.019386e+001  6.331285e+000  1.800000e+002
    endloop
  endfacet
  facet normal  8.574891e-001 -4.877321e-001 -1.637978e-001
    outer loop
      vertex -1.035350e+001  6.066715e+000  1.800000e+002
      vertex -1.050627e+001  5.798122e+000  1.800000e+002
      vertex -1.232346e+001  7.640831e+000  1.650000e+002
    endloop
  endfacet
  facet normal  7.644109e-001 -6.231709e-001 -1.653304e-001
    outer loop
      vertex -1.134525e+001  9.029688e+000  1.650000e+002
      vertex -1.113046e+001  9.293168e+000  1.650000e+002
      vertex -9.674840e+000  7.099118e+000  1.800000e+002
    endloop
  endfacet
  facet normal  7.187582e-001 -6.753783e-001 -1.650785e-001
    outer loop
      vertex -1.068263e+001  9.804664e+000  1.650000e+002
      vertex -1.044985e+001  1.005240e+001  1.650000e+002
      vertex -9.098107e+000  7.824605e+000  1.800000e+002
    endloop
  endfacet
  facet normal  7.721660e-001 -6.138402e-001 -1.641950e-001
    outer loop
      vertex -1.113046e+001  9.293168e+000  1.650000e+002
      vertex -9.296558e+000  7.587753e+000  1.800000e+002
      vertex -9.488845e+000  7.345871e+000  1.800000e+002
    endloop
  endfacet
  facet normal  7.878315e-001 -5.938436e-001 -1.633135e-001
    outer loop
      vertex -9.488845e+000  7.345871e+000  1.800000e+002
      vertex -9.674840e+000  7.099118e+000  1.800000e+002
      vertex -1.113046e+001  9.293168e+000  1.650000e+002
    endloop
  endfacet
  facet normal  6.695425e-001 -7.242466e-001 -1.648632e-001
    outer loop
      vertex -9.967183e+000  1.053116e+001  1.650000e+002
      vertex -9.717566e+000  1.076192e+001  1.650000e+002
      vertex -8.467105e+000  8.503419e+000  1.800000e+002
    endloop
  endfacet
  facet normal  7.224718e-001 -6.715885e-001 -1.643270e-001
    outer loop
      vertex -1.044985e+001  1.005240e+001  1.650000e+002
      vertex -8.683243e+000  8.282589e+000  1.800000e+002
      vertex -8.893624e+000  8.056268e+000  1.800000e+002
    endloop
  endfacet
  facet normal  7.396154e-001 -6.528404e-001 -1.636107e-001
    outer loop
      vertex -8.893624e+000  8.056268e+000  1.800000e+002
      vertex -9.098107e+000  7.824605e+000  1.800000e+002
      vertex -1.044985e+001  1.005240e+001  1.650000e+002
    endloop
  endfacet
  facet normal  6.524351e-001 -7.398055e-001 -1.643665e-001
    outer loop
      vertex -8.018133e+000  8.928020e+000  1.800000e+002
      vertex -9.717566e+000  1.076192e+001  1.650000e+002
      vertex -9.462608e+000  1.098677e+001  1.650000e+002
    endloop
  endfacet
  facet normal  6.684798e-001 -7.253293e-001 -1.644144e-001
    outer loop
      vertex -8.245353e+000  8.718610e+000  1.800000e+002
      vertex -9.717566e+000  1.076192e+001  1.650000e+002
      vertex -8.018133e+000  8.928020e+000  1.800000e+002
    endloop
  endfacet
  facet normal  6.869968e-001 -7.079437e-001 -1.638636e-001
    outer loop
      vertex -8.245353e+000  8.718610e+000  1.800000e+002
      vertex -8.467105e+000  8.503419e+000  1.800000e+002
      vertex -9.717566e+000  1.076192e+001  1.650000e+002
    endloop
  endfacet
  facet normal  5.988339e-001 -7.838312e-001 -1.643369e-001
    outer loop
      vertex -7.305195e+000  9.520196e+000  1.800000e+002
      vertex -8.937234e+000  1.141822e+001  1.650000e+002
      vertex -8.667105e+000  1.162460e+001  1.650000e+002
    endloop
  endfacet
  facet normal  5.422688e-001 -8.239755e-001 -1.643441e-001
    outer loop
      vertex -6.548682e+000  1.005558e+001  1.800000e+002
      vertex -8.112707e+000  1.201807e+001  1.650000e+002
      vertex -7.828743e+000  1.220495e+001  1.650000e+002
    endloop
  endfacet
  facet normal  4.840094e-001 -8.594837e-001 -1.643857e-001
    outer loop
      vertex -6.951670e+000  1.272495e+001  1.650000e+002
      vertex -5.753107e+000  1.053099e+001  1.800000e+002
      vertex -6.022350e+000  1.037937e+001  1.800000e+002
    endloop
  endfacet
  facet normal  5.060306e-001 -8.468248e-001 -1.637705e-001
    outer loop
      vertex -6.951670e+000  1.272495e+001  1.650000e+002
      vertex -6.022350e+000  1.037937e+001  1.800000e+002
      vertex -6.287601e+000  1.022087e+001  1.800000e+002
    endloop
  endfacet
  facet normal  4.829721e-001 -8.599604e-001 -1.649425e-001
    outer loop
      vertex -6.951670e+000  1.272495e+001  1.650000e+002
      vertex -6.287601e+000  1.022087e+001  1.800000e+002
      vertex -7.248065e+000  1.255849e+001  1.650000e+002
    endloop
  endfacet
  facet normal -4.627253e-001  8.711268e-001 -1.643880e-001
    outer loop
      vertex  5.753107e+000 -1.053099e+001  1.800000e+002
      vertex  6.951670e+000 -1.272495e+001  1.650000e+002
      vertex  6.651454e+000 -1.288442e+001  1.650000e+002
    endloop
  endfacet
  facet normal -4.421421e-001  8.816735e-001 -1.648100e-001
    outer loop
      vertex  5.753107e+000 -1.053099e+001  1.800000e+002
      vertex  6.651454e+000 -1.288442e+001  1.650000e+002
      vertex  6.347583e+000 -1.303680e+001  1.650000e+002
    endloop
  endfacet
  facet normal -4.212924e-001  8.916679e-001 -1.656533e-001
    outer loop
      vertex  5.753107e+000 -1.053099e+001  1.800000e+002
      vertex  6.347583e+000 -1.303680e+001  1.650000e+002
      vertex  6.040222e+000 -1.318202e+001  1.650000e+002
    endloop
  endfacet
  facet normal -4.618319e-001  8.718743e-001 -1.629310e-001
    outer loop
      vertex  5.753107e+000 -1.053099e+001  1.800000e+002
      vertex  6.040222e+000 -1.318202e+001  1.650000e+002
      vertex  5.480048e+000 -1.067563e+001  1.800000e+002
    endloop
  endfacet
  facet normal -4.162292e-001  8.942654e-001 -1.644462e-001
    outer loop
      vertex  5.203356e+000 -1.081319e+001  1.800000e+002
      vertex  6.040222e+000 -1.318202e+001  1.650000e+002
      vertex  4.923214e+000 -1.094358e+001  1.800000e+002
    endloop
  endfacet
  facet normal -4.003627e-001  9.014992e-001 -1.643441e-001
    outer loop
      vertex  4.923214e+000 -1.094358e+001  1.800000e+002
      vertex  6.040222e+000 -1.318202e+001  1.650000e+002
      vertex  5.729542e+000 -1.332000e+001  1.650000e+002
    endloop
  endfacet
  facet normal -3.791018e-001  9.105905e-001 -1.646415e-001
    outer loop
      vertex  4.923214e+000 -1.094358e+001  1.800000e+002
      vertex  5.729542e+000 -1.332000e+001  1.650000e+002
      vertex  5.415712e+000 -1.345065e+001  1.650000e+002
    endloop
  endfacet
  facet normal -3.459745e-001  9.237174e-001 -1.644622e-001
    outer loop
      vertex  4.353324e+000 -1.118251e+001  1.800000e+002
      vertex  5.098906e+000 -1.357391e+001  1.650000e+002
      vertex  4.063955e+000 -1.129089e+001  1.800000e+002
    endloop
  endfacet
  facet normal -3.360212e-001  9.274067e-001 -1.643370e-001
    outer loop
      vertex  4.063955e+000 -1.129089e+001  1.800000e+002
      vertex  5.098906e+000 -1.357391e+001  1.650000e+002
      vertex  4.779297e+000 -1.368972e+001  1.650000e+002
    endloop
  endfacet
  facet normal -3.141760e-001  9.350026e-001 -1.645099e-001
    outer loop
      vertex  4.063955e+000 -1.129089e+001  1.800000e+002
      vertex  4.779297e+000 -1.368972e+001  1.650000e+002
      vertex  4.457061e+000 -1.379799e+001  1.650000e+002
    endloop
  endfacet
  facet normal -2.736526e-001  9.476686e-001 -1.644338e-001
    outer loop
      vertex  3.477325e+000 -1.148513e+001  1.800000e+002
      vertex  4.132376e+000 -1.389869e+001  1.650000e+002
      vertex  3.180454e+000 -1.157086e+001  1.800000e+002
    endloop
  endfacet
  facet normal -2.700148e-001  9.487231e-001 -1.643666e-001
    outer loop
      vertex  3.180454e+000 -1.157086e+001  1.800000e+002
      vertex  4.132376e+000 -1.389869e+001  1.650000e+002
      vertex  3.805419e+000 -1.399174e+001  1.650000e+002
    endloop
  endfacet
  facet normal -2.476953e-001  9.547851e-001 -1.644150e-001
    outer loop
      vertex  3.180454e+000 -1.157086e+001  1.800000e+002
      vertex  3.805419e+000 -1.399174e+001  1.650000e+002
      vertex  3.476371e+000 -1.407710e+001  1.650000e+002
    endloop
  endfacet
  facet normal -1.997011e-001  9.659622e-001 -1.644280e-001
    outer loop
      vertex  2.580584e+000 -1.171924e+001  1.800000e+002
      vertex  2.812725e+000 -1.422458e+001  1.650000e+002
      vertex  2.277982e+000 -1.178180e+001  1.800000e+002
    endloop
  endfacet
  facet normal -1.799858e-001  9.698411e-001 -1.643568e-001
    outer loop
      vertex  2.277982e+000 -1.178180e+001  1.800000e+002
      vertex  2.812725e+000 -1.422458e+001  1.650000e+002
      vertex  2.478491e+000 -1.428660e+001  1.650000e+002
    endloop
  endfacet
  facet normal -1.747641e-001  9.707810e-001 -1.644439e-001
    outer loop
      vertex  2.277982e+000 -1.178180e+001  1.800000e+002
      vertex  2.478491e+000 -1.428660e+001  1.650000e+002
      vertex  1.973870e+000 -1.183655e+001  1.800000e+002
    endloop
  endfacet
  facet normal -1.572029e-001  9.737955e-001 -1.643456e-001
    outer loop
      vertex  1.973870e+000 -1.183655e+001  1.800000e+002
      vertex  2.478491e+000 -1.428660e+001  1.650000e+002
      vertex  2.142895e+000 -1.434078e+001  1.650000e+002
    endloop
  endfacet
  facet normal -1.497096e-001  9.749572e-001 -1.644551e-001
    outer loop
      vertex  1.973870e+000 -1.183655e+001  1.800000e+002
      vertex  2.142895e+000 -1.434078e+001  1.650000e+002
      vertex  1.668450e+000 -1.188345e+001  1.800000e+002
    endloop
  endfacet
  facet normal -1.245539e-001  9.784880e-001 -1.644613e-001
    outer loop
      vertex  1.668450e+000 -1.188345e+001  1.800000e+002
      vertex  1.806121e+000 -1.438708e+001  1.650000e+002
      vertex  1.361923e+000 -1.192246e+001  1.800000e+002
    endloop
  endfacet
  facet normal -1.113853e-001  9.800954e-001 -1.643354e-001
    outer loop
      vertex  1.361923e+000 -1.192246e+001  1.800000e+002
      vertex  1.806121e+000 -1.438708e+001  1.650000e+002
      vertex  1.468355e+000 -1.442546e+001  1.650000e+002
    endloop
  endfacet
  facet normal -9.932269e-002  9.813700e-001 -1.644625e-001
    outer loop
      vertex  1.361923e+000 -1.192246e+001  1.800000e+002
      vertex  1.468355e+000 -1.442546e+001  1.650000e+002
      vertex  1.054492e+000 -1.195358e+001  1.800000e+002
    endloop
  endfacet
  facet normal -8.837784e-002  9.824373e-001 -1.643364e-001
    outer loop
      vertex  1.054492e+000 -1.195358e+001  1.800000e+002
      vertex  1.468355e+000 -1.442546e+001  1.650000e+002
      vertex  1.129781e+000 -1.445592e+001  1.650000e+002
    endloop
  endfacet
  facet normal -7.401861e-002  9.836029e-001 -1.644588e-001
    outer loop
      vertex  1.054492e+000 -1.195358e+001  1.800000e+002
      vertex  1.129781e+000 -1.445592e+001  1.650000e+002
      vertex  7.463630e-001 -1.197677e+001  1.800000e+002
    endloop
  endfacet
  facet normal -1.911844e-002  9.862145e-001 -1.643640e-001
    outer loop
      vertex  1.110813e-001 -1.449957e+001  1.650000e+002
      vertex  1.288244e-001 -1.199931e+001  1.800000e+002
      vertex  4.509581e-001 -1.449299e+001  1.650000e+002
    endloop
  endfacet
  facet normal -2.328854e-002  9.861127e-001 -1.644366e-001
    outer loop
      vertex  4.509581e-001 -1.449299e+001  1.650000e+002
      vertex  1.288244e-001 -1.199931e+001  1.800000e+002
      vertex  4.377388e-001 -1.199201e+001  1.800000e+002
    endloop
  endfacet
  facet normal -4.223143e-002  9.854975e-001 -1.643507e-001
    outer loop
      vertex  4.509581e-001 -1.449299e+001  1.650000e+002
      vertex  4.377388e-001 -1.199201e+001  1.800000e+002
      vertex  7.905871e-001 -1.447843e+001  1.650000e+002
    endloop
  endfacet
  facet normal -4.866982e-002  9.851839e-001 -1.644502e-001
    outer loop
      vertex  7.905871e-001 -1.447843e+001  1.650000e+002
      vertex  4.377388e-001 -1.199201e+001  1.800000e+002
      vertex  7.463630e-001 -1.197677e+001  1.800000e+002
    endloop
  endfacet
  facet normal -6.532454e-002  9.842381e-001 -1.643415e-001
    outer loop
      vertex  7.905871e-001 -1.447843e+001  1.650000e+002
      vertex  7.463630e-001 -1.197677e+001  1.800000e+002
      vertex  1.129781e+000 -1.445592e+001  1.650000e+002
    endloop
  endfacet
  facet normal  2.109914e-003  9.863884e-001 -1.644181e-001
    outer loop
      vertex  1.288244e-001 -1.199931e+001  1.800000e+002
      vertex  1.110813e-001 -1.449957e+001  1.650000e+002
      vertex -1.801755e-001 -1.199865e+001  1.800000e+002
    endloop
  endfacet
  facet normal  4.006980e-003  9.863887e-001 -1.643813e-001
    outer loop
      vertex -1.801755e-001 -1.199865e+001  1.800000e+002
      vertex  1.110813e-001 -1.449957e+001  1.650000e+002
      vertex -2.288566e-001 -1.449819e+001  1.650000e+002
    endloop
  endfacet
  facet normal  2.712731e-002  9.860216e-001 -1.643951e-001
    outer loop
      vertex -1.801755e-001 -1.199865e+001  1.800000e+002
      vertex -2.288566e-001 -1.449819e+001  1.650000e+002
      vertex -5.686687e-001 -1.448884e+001  1.650000e+002
    endloop
  endfacet
  facet normal  7.822967e-002  9.832798e-001 -1.644417e-001
    outer loop
      vertex -7.976120e-001 -1.197346e+001  1.800000e+002
      vertex -1.247169e+000 -1.444627e+001  1.650000e+002
      vertex -1.105639e+000 -1.194896e+001  1.800000e+002
    endloop
  endfacet
  facet normal  9.635699e-002  9.816850e-001 -1.643472e-001
    outer loop
      vertex -1.105639e+000 -1.194896e+001  1.800000e+002
      vertex -1.247169e+000 -1.444627e+001  1.650000e+002
      vertex -1.585483e+000 -1.441306e+001  1.650000e+002
    endloop
  endfacet
  facet normal  1.193376e-001  9.791048e-001 -1.646585e-001
    outer loop
      vertex -1.105639e+000 -1.194896e+001  1.800000e+002
      vertex -1.585483e+000 -1.441306e+001  1.650000e+002
      vertex -1.922927e+000 -1.437193e+001  1.650000e+002
    endloop
  endfacet
  facet normal  1.538797e-001  9.743065e-001 -1.644627e-001
    outer loop
      vertex -1.719291e+000 -1.187620e+001  1.800000e+002
      vertex -2.259314e+000 -1.432290e+001  1.650000e+002
      vertex -2.024508e+000 -1.182799e+001  1.800000e+002
    endloop
  endfacet
  facet normal  1.651094e-001  9.724878e-001 -1.643360e-001
    outer loop
      vertex -2.024508e+000 -1.182799e+001  1.800000e+002
      vertex -2.259314e+000 -1.432290e+001  1.650000e+002
      vertex -2.594458e+000 -1.426600e+001  1.650000e+002
    endloop
  endfacet
  facet normal  1.878532e-001  9.683200e-001 -1.645227e-001
    outer loop
      vertex -2.024508e+000 -1.182799e+001  1.800000e+002
      vertex -2.594458e+000 -1.426600e+001  1.650000e+002
      vertex -2.928177e+000 -1.420126e+001  1.650000e+002
    endloop
  endfacet
  facet normal  2.286151e-001  9.595285e-001 -1.644391e-001
    outer loop
      vertex -2.630714e+000 -1.170809e+001  1.800000e+002
      vertex -3.260286e+000 -1.412871e+001  1.650000e+002
      vertex -2.931301e+000 -1.163647e+001  1.800000e+002
    endloop
  endfacet
  facet normal  2.330396e-001  9.584768e-001 -1.643615e-001
    outer loop
      vertex -2.931301e+000 -1.163647e+001  1.800000e+002
      vertex -3.260286e+000 -1.412871e+001  1.650000e+002
      vertex -3.590604e+000 -1.404840e+001  1.650000e+002
    endloop
  endfacet
  facet normal  2.554432e-001  9.527400e-001 -1.644237e-001
    outer loop
      vertex -2.931301e+000 -1.163647e+001  1.800000e+002
      vertex -3.590604e+000 -1.404840e+001  1.650000e+002
      vertex -3.918948e+000 -1.396037e+001  1.650000e+002
    endloop
  endfacet
  facet normal  3.019871e-001  9.390258e-001 -1.644215e-001
    outer loop
      vertex -3.526445e+000 -1.147014e+001  1.800000e+002
      vertex -4.568995e+000 -1.376133e+001  1.650000e+002
      vertex -3.820608e+000 -1.137554e+001  1.800000e+002
    endloop
  endfacet
  facet normal  3.217719e-001  9.324420e-001 -1.643615e-001
    outer loop
      vertex -3.820608e+000 -1.137554e+001  1.800000e+002
      vertex -4.568995e+000 -1.376133e+001  1.650000e+002
      vertex -4.890340e+000 -1.365044e+001  1.650000e+002
    endloop
  endfacet
  facet normal  3.260638e-001  9.309362e-001 -1.644392e-001
    outer loop
      vertex -3.820608e+000 -1.137554e+001  1.800000e+002
      vertex -4.890340e+000 -1.365044e+001  1.650000e+002
      vertex -4.112238e+000 -1.127340e+001  1.800000e+002
    endloop
  endfacet
  facet normal  3.435400e-001  9.246458e-001 -1.643489e-001
    outer loop
      vertex -4.112238e+000 -1.127340e+001  1.800000e+002
      vertex -4.890340e+000 -1.365044e+001  1.650000e+002
      vertex -5.208997e+000 -1.353205e+001  1.650000e+002
    endloop
  endfacet
  facet normal  3.499210e-001  9.222315e-001 -1.644520e-001
    outer loop
      vertex -4.112238e+000 -1.127340e+001  1.800000e+002
      vertex -5.208997e+000 -1.353205e+001  1.650000e+002
      vertex -4.401141e+000 -1.116378e+001  1.800000e+002
    endloop
  endfacet
  facet normal  4.076717e-001  8.982192e-001 -1.643357e-001
    outer loop
      vertex -6.147099e+000 -1.313252e+001  1.650000e+002
      vertex -4.970003e+000 -1.092241e+001  1.800000e+002
      vertex -5.837550e+000 -1.327302e+001  1.650000e+002
    endloop
  endfacet
  facet normal  3.969358e-001  9.029917e-001 -1.644626e-001
    outer loop
      vertex -5.837550e+000 -1.327302e+001  1.650000e+002
      vertex -4.970003e+000 -1.092241e+001  1.800000e+002
      vertex -4.687126e+000 -1.104676e+001  1.800000e+002
    endloop
  endfacet
  facet normal  3.865052e-001  9.075282e-001 -1.643359e-001
    outer loop
      vertex -5.837550e+000 -1.327302e+001  1.650000e+002
      vertex -4.687126e+000 -1.104676e+001  1.800000e+002
      vertex -5.524792e+000 -1.340622e+001  1.650000e+002
    endloop
  endfacet
  facet normal  3.735533e-001  9.129134e-001 -1.644596e-001
    outer loop
      vertex -5.524792e+000 -1.340622e+001  1.650000e+002
      vertex -4.687126e+000 -1.104676e+001  1.800000e+002
      vertex -4.401141e+000 -1.116378e+001  1.800000e+002
    endloop
  endfacet
  facet normal  3.651246e-001  9.163385e-001 -1.643403e-001
    outer loop
      vertex -5.524792e+000 -1.340622e+001  1.650000e+002
      vertex -4.401141e+000 -1.116378e+001  1.800000e+002
      vertex -5.208997e+000 -1.353205e+001  1.650000e+002
    endloop
  endfacet
  facet normal  4.200521e-001  8.924735e-001 -1.644606e-001
    outer loop
      vertex -4.970003e+000 -1.092241e+001  1.800000e+002
      vertex -6.147099e+000 -1.313252e+001  1.650000e+002
      vertex -5.249585e+000 -1.079082e+001  1.800000e+002
    endloop
  endfacet
  facet normal  4.286177e-001  8.884141e-001 -1.643394e-001
    outer loop
      vertex -5.249585e+000 -1.079082e+001  1.800000e+002
      vertex -6.147099e+000 -1.313252e+001  1.650000e+002
      vertex -6.453270e+000 -1.298481e+001  1.650000e+002
    endloop
  endfacet
  facet normal  4.493152e-001  8.780993e-001 -1.644915e-001
    outer loop
      vertex -5.249585e+000 -1.079082e+001  1.800000e+002
      vertex -6.453270e+000 -1.298481e+001  1.650000e+002
      vertex -6.755894e+000 -1.282996e+001  1.650000e+002
    endloop
  endfacet
  facet normal  4.876803e-001  8.573987e-001 -1.644248e-001
    outer loop
      vertex -5.798122e+000 -1.050627e+001  1.800000e+002
      vertex -7.054805e+000 -1.266806e+001  1.650000e+002
      vertex -6.066715e+000 -1.035350e+001  1.800000e+002
    endloop
  endfacet
  facet normal  4.899894e-001  8.560906e-001 -1.643751e-001
    outer loop
      vertex -6.066715e+000 -1.035350e+001  1.800000e+002
      vertex -7.054805e+000 -1.266806e+001  1.650000e+002
      vertex -7.349838e+000 -1.249920e+001  1.650000e+002
    endloop
  endfacet
  facet normal  5.099197e-001  8.443658e-001 -1.644027e-001
    outer loop
      vertex -6.066715e+000 -1.035350e+001  1.800000e+002
      vertex -7.349838e+000 -1.249920e+001  1.650000e+002
      vertex -7.640831e+000 -1.232346e+001  1.650000e+002
    endloop
  endfacet
  facet normal  5.523954e-001  8.172025e-001 -1.644367e-001
    outer loop
      vertex -6.591656e+000 -1.002747e+001  1.800000e+002
      vertex -8.210062e+000 -1.195177e+001  1.650000e+002
      vertex -6.847657e+000 -9.854420e+000  1.800000e+002
    endloop
  endfacet
  facet normal  5.680061e-001  8.064477e-001 -1.643507e-001
    outer loop
      vertex -6.847657e+000 -9.854420e+000  1.800000e+002
      vertex -8.210062e+000 -1.195177e+001  1.650000e+002
      vertex -8.487986e+000 -1.175602e+001  1.650000e+002
    endloop
  endfacet
  facet normal  5.732507e-001  8.027078e-001 -1.644501e-001
    outer loop
      vertex -6.847657e+000 -9.854420e+000  1.800000e+002
      vertex -8.487986e+000 -1.175602e+001  1.650000e+002
      vertex -7.099118e+000 -9.674840e+000  1.800000e+002
    endloop
  endfacet
  facet normal  5.867525e-001  7.929145e-001 -1.643415e-001
    outer loop
      vertex -7.099118e+000 -9.674840e+000  1.800000e+002
      vertex -8.487986e+000 -1.175602e+001  1.650000e+002
      vertex -8.761245e+000 -1.155381e+001  1.650000e+002
    endloop
  endfacet
  facet normal  5.937288e-001  7.876797e-001 -1.644588e-001
    outer loop
      vertex -7.099118e+000 -9.674840e+000  1.800000e+002
      vertex -8.761245e+000 -1.155381e+001  1.650000e+002
      vertex -7.345871e+000 -9.488845e+000  1.800000e+002
    endloop
  endfacet
  facet normal  6.138123e-001  7.721312e-001 -1.644625e-001
    outer loop
      vertex -7.345871e+000 -9.488845e+000  1.800000e+002
      vertex -9.029688e+000 -1.134525e+001  1.650000e+002
      vertex -7.587753e+000 -9.296558e+000  1.800000e+002
    endloop
  endfacet
  facet normal  6.232757e-001  7.645399e-001 -1.643354e-001
    outer loop
      vertex -7.587753e+000 -9.296558e+000  1.800000e+002
      vertex -9.029688e+000 -1.134525e+001  1.650000e+002
      vertex -9.293168e+000 -1.113046e+001  1.650000e+002
    endloop
  endfacet
  facet normal  6.334894e-001  7.560712e-001 -1.644612e-001
    outer loop
      vertex -7.587753e+000 -9.296558e+000  1.800000e+002
      vertex -9.293168e+000 -1.113046e+001  1.650000e+002
      vertex -7.824605e+000 -9.098107e+000  1.800000e+002
    endloop
  endfacet
  facet normal  6.410260e-001  7.497190e-001 -1.643385e-001
    outer loop
      vertex -7.824605e+000 -9.098107e+000  1.800000e+002
      vertex -9.293168e+000 -1.113046e+001  1.650000e+002
      vertex -9.551541e+000 -1.090954e+001  1.650000e+002
    endloop
  endfacet
  facet normal  6.527475e-001  7.395102e-001 -1.644551e-001
    outer loop
      vertex -7.824605e+000 -9.098107e+000  1.800000e+002
      vertex -9.551541e+000 -1.090954e+001  1.650000e+002
      vertex -8.056268e+000 -8.893624e+000  1.800000e+002
    endloop
  endfacet
  facet normal  6.715752e-001  7.224576e-001 -1.644440e-001
    outer loop
      vertex -8.056268e+000 -8.893624e+000  1.800000e+002
      vertex -9.804664e+000 -1.068263e+001  1.650000e+002
      vertex -8.282589e+000 -8.683243e+000  1.800000e+002
    endloop
  endfacet
  facet normal  6.754610e-001  7.188457e-001 -1.643568e-001
    outer loop
      vertex -8.282589e+000 -8.683243e+000  1.800000e+002
      vertex -9.804664e+000 -1.068263e+001  1.650000e+002
      vertex -1.005240e+001 -1.044985e+001  1.650000e+002
    endloop
  endfacet
  facet normal  6.921192e-001  7.028035e-001 -1.644330e-001
    outer loop
      vertex -8.282589e+000 -8.683243e+000  1.800000e+002
      vertex -1.005240e+001 -1.044985e+001  1.650000e+002
      vertex -1.029461e+001 -1.021132e+001  1.650000e+002
    endloop
  endfacet
  facet normal  7.548995e-001  6.349134e-001 -1.643526e-001
    outer loop
      vertex -1.120557e+001 -9.202450e+000  1.650000e+002
      vertex -9.131511e+000 -7.785597e+000  1.800000e+002
      vertex -1.098677e+001 -9.462608e+000  1.650000e+002
    endloop
  endfacet
  facet normal  7.422996e-001  6.495789e-001 -1.644339e-001
    outer loop
      vertex -1.098677e+001 -9.462608e+000  1.650000e+002
      vertex -9.131511e+000 -7.785597e+000  1.800000e+002
      vertex -8.928020e+000 -8.018133e+000  1.800000e+002
    endloop
  endfacet
  facet normal  7.398056e-001  6.524349e-001 -1.643665e-001
    outer loop
      vertex -1.098677e+001 -9.462608e+000  1.650000e+002
      vertex -8.928020e+000 -8.018133e+000  1.800000e+002
      vertex -1.076192e+001 -9.717566e+000  1.650000e+002
    endloop
  endfacet
  facet normal  7.253293e-001  6.684798e-001 -1.644144e-001
    outer loop
      vertex -1.076192e+001 -9.717566e+000  1.650000e+002
      vertex -8.928020e+000 -8.018133e+000  1.800000e+002
      vertex -8.718610e+000 -8.245353e+000  1.800000e+002
    endloop
  endfacet
  facet normal  7.243052e-001  6.695967e-001 -1.643846e-001
    outer loop
      vertex -1.076192e+001 -9.717566e+000  1.650000e+002
      vertex -8.718610e+000 -8.245353e+000  1.800000e+002
      vertex -1.053116e+001 -9.967183e+000  1.650000e+002
    endloop
  endfacet
  facet normal  7.587768e-001  6.302496e-001 -1.644482e-001
    outer loop
      vertex -9.131511e+000 -7.785597e+000  1.800000e+002
      vertex -1.120557e+001 -9.202450e+000  1.650000e+002
      vertex -9.328946e+000 -7.547898e+000  1.800000e+002
    endloop
  endfacet
  facet normal  7.695764e-001  6.170442e-001 -1.643427e-001
    outer loop
      vertex -9.328946e+000 -7.547898e+000  1.800000e+002
      vertex -1.120557e+001 -9.202450e+000  1.650000e+002
      vertex -1.141822e+001 -8.937234e+000  1.650000e+002
    endloop
  endfacet
  facet normal  7.837920e-001  5.988039e-001 -1.646333e-001
    outer loop
      vertex -9.328946e+000 -7.547898e+000  1.800000e+002
      vertex -1.141822e+001 -8.937234e+000  1.650000e+002
      vertex -1.162460e+001 -8.667105e+000  1.650000e+002
    endloop
  endfacet
  facet normal  8.051516e-001  5.698098e-001 -1.644618e-001
    outer loop
      vertex -9.705132e+000 -7.057648e+000  1.800000e+002
      vertex -1.182458e+001 -8.392213e+000  1.650000e+002
      vertex -9.883635e+000 -6.805421e+000  1.800000e+002
    endloop
  endfacet
  facet normal  8.110391e-001  5.614344e-001 -1.643377e-001
    outer loop
      vertex -9.883635e+000 -6.805421e+000  1.800000e+002
      vertex -1.182458e+001 -8.392213e+000  1.650000e+002
      vertex -1.201807e+001 -8.112707e+000  1.650000e+002
    endloop
  endfacet
  facet normal  8.239533e-001  5.422541e-001 -1.645036e-001
    outer loop
      vertex -9.883635e+000 -6.805421e+000  1.800000e+002
      vertex -1.201807e+001 -8.112707e+000  1.650000e+002
      vertex -1.220495e+001 -7.828743e+000  1.650000e+002
    endloop
  endfacet
  facet normal  8.467302e-001  5.059748e-001 -1.644309e-001
    outer loop
      vertex -1.022087e+001 -6.287601e+000  1.800000e+002
      vertex -1.238512e+001 -7.540477e+000  1.650000e+002
      vertex -1.037937e+001 -6.022350e+000  1.800000e+002
    endloop
  endfacet
  facet normal  8.484836e-001  5.030488e-001 -1.643693e-001
    outer loop
      vertex -1.037937e+001 -6.022350e+000  1.800000e+002
      vertex -1.238512e+001 -7.540477e+000  1.650000e+002
      vertex -1.255849e+001 -7.248065e+000  1.650000e+002
    endloop
  endfacet
  facet normal  8.600378e-001  4.830156e-001 -1.644108e-001
    outer loop
      vertex -1.037937e+001 -6.022350e+000  1.800000e+002
      vertex -1.255849e+001 -7.248065e+000  1.650000e+002
      vertex -1.272495e+001 -6.951670e+000  1.650000e+002
    endloop
  endfacet
  facet normal  8.832532e-001  4.391201e-001 -1.644310e-001
    outer loop
      vertex -1.067563e+001 -5.480048e+000  1.800000e+002
      vertex -1.303680e+001 -6.347583e+000  1.650000e+002
      vertex -1.081319e+001 -5.203356e+000  1.800000e+002
    endloop
  endfacet
  facet normal  8.918645e-001  4.213849e-001 -1.643546e-001
    outer loop
      vertex -1.081319e+001 -5.203356e+000  1.800000e+002
      vertex -1.303680e+001 -6.347583e+000  1.650000e+002
      vertex -1.318202e+001 -6.040222e+000  1.650000e+002
    endloop
  endfacet
  facet normal  8.942654e-001  4.162292e-001 -1.644462e-001
    outer loop
      vertex -1.081319e+001 -5.203356e+000  1.800000e+002
      vertex -1.318202e+001 -6.040222e+000  1.650000e+002
      vertex -1.094358e+001 -4.923214e+000  1.800000e+002
    endloop
  endfacet
  facet normal  9.014992e-001  4.003627e-001 -1.643441e-001
    outer loop
      vertex -1.094358e+001 -4.923214e+000  1.800000e+002
      vertex -1.318202e+001 -6.040222e+000  1.650000e+002
      vertex -1.332000e+001 -5.729542e+000  1.650000e+002
    endloop
  endfacet
  facet normal  9.046838e-001  3.930664e-001 -1.644565e-001
    outer loop
      vertex -1.094358e+001 -4.923214e+000  1.800000e+002
      vertex -1.332000e+001 -5.729542e+000  1.650000e+002
      vertex -1.106672e+001 -4.639807e+000  1.800000e+002
    endloop
  endfacet
  facet normal  9.145038e-001  3.696418e-001 -1.644618e-001
    outer loop
      vertex -1.106672e+001 -4.639807e+000  1.800000e+002
      vertex -1.345065e+001 -5.415712e+000  1.650000e+002
      vertex -1.118251e+001 -4.353324e+000  1.800000e+002
    endloop
  endfacet
  facet normal  9.192758e-001  3.576676e-001 -1.643353e-001
    outer loop
      vertex -1.118251e+001 -4.353324e+000  1.800000e+002
      vertex -1.345065e+001 -5.415712e+000  1.650000e+002
      vertex -1.357391e+001 -5.098906e+000  1.650000e+002
    endloop
  endfacet
  facet normal  9.237174e-001  3.459745e-001 -1.644622e-001
    outer loop
      vertex -1.118251e+001 -4.353324e+000  1.800000e+002
      vertex -1.357391e+001 -5.098906e+000  1.650000e+002
      vertex -1.129089e+001 -4.063955e+000  1.800000e+002
    endloop
  endfacet
  facet normal  9.274067e-001  3.360212e-001 -1.643370e-001
    outer loop
      vertex -1.129089e+001 -4.063955e+000  1.800000e+002
      vertex -1.357391e+001 -5.098906e+000  1.650000e+002
      vertex -1.368972e+001 -4.779297e+000  1.650000e+002
    endloop
  endfacet
  facet normal  9.323207e-001  3.220742e-001 -1.644577e-001
    outer loop
      vertex -1.129089e+001 -4.063955e+000  1.800000e+002
      vertex -1.368972e+001 -4.779297e+000  1.650000e+002
      vertex -1.139179e+001 -3.771890e+000  1.800000e+002
    endloop
  endfacet
  facet normal  9.487231e-001  2.700148e-001 -1.643666e-001
    outer loop
      vertex -1.399174e+001 -3.805419e+000  1.650000e+002
      vertex -1.157086e+001 -3.180454e+000  1.800000e+002
      vertex -1.389869e+001 -4.132376e+000  1.650000e+002
    endloop
  endfacet
  facet normal  9.476686e-001  2.736526e-001 -1.644338e-001
    outer loop
      vertex -1.389869e+001 -4.132376e+000  1.650000e+002
      vertex -1.157086e+001 -3.180454e+000  1.800000e+002
      vertex -1.148513e+001 -3.477325e+000  1.800000e+002
    endloop
  endfacet
  facet normal  9.421356e-001  2.921792e-001 -1.643526e-001
    outer loop
      vertex -1.389869e+001 -4.132376e+000  1.650000e+002
      vertex -1.148513e+001 -3.477325e+000  1.800000e+002
      vertex -1.379799e+001 -4.457061e+000  1.650000e+002
    endloop
  endfacet
  facet normal  9.403055e-001  2.979638e-001 -1.644482e-001
    outer loop
      vertex -1.379799e+001 -4.457061e+000  1.650000e+002
      vertex -1.148513e+001 -3.477325e+000  1.800000e+002
      vertex -1.139179e+001 -3.771890e+000  1.800000e+002
    endloop
  endfacet
  facet normal  9.350291e-001  3.141848e-001 -1.643427e-001
    outer loop
      vertex -1.379799e+001 -4.457061e+000  1.650000e+002
      vertex -1.139179e+001 -3.771890e+000  1.800000e+002
      vertex -1.368972e+001 -4.779297e+000  1.650000e+002
    endloop
  endfacet
  facet normal  9.544026e-001  2.491656e-001 -1.644145e-001
    outer loop
      vertex -1.157086e+001 -3.180454e+000  1.800000e+002
      vertex -1.399174e+001 -3.805419e+000  1.650000e+002
      vertex -1.164891e+001 -2.881474e+000  1.800000e+002
    endloop
  endfacet
  facet normal  9.547900e-001  2.476970e-001 -1.643846e-001
    outer loop
      vertex -1.164891e+001 -2.881474e+000  1.800000e+002
      vertex -1.399174e+001 -3.805419e+000  1.650000e+002
      vertex -1.407710e+001 -3.476371e+000  1.650000e+002
    endloop
  endfacet
  facet normal  9.603331e-001  2.252457e-001 -1.643915e-001
    outer loop
      vertex -1.164891e+001 -2.881474e+000  1.800000e+002
      vertex -1.407710e+001 -3.476371e+000  1.650000e+002
      vertex -1.415473e+001 -3.145412e+000  1.650000e+002
    endloop
  endfacet
  facet normal  9.707810e-001  1.747641e-001 -1.644439e-001
    outer loop
      vertex -1.178180e+001 -2.277982e+000  1.800000e+002
      vertex -1.428660e+001 -2.478491e+000  1.650000e+002
      vertex -1.183655e+001 -1.973870e+000  1.800000e+002
    endloop
  endfacet
  facet normal  9.737955e-001  1.572029e-001 -1.643456e-001
    outer loop
      vertex -1.183655e+001 -1.973870e+000  1.800000e+002
      vertex -1.428660e+001 -2.478491e+000  1.650000e+002
      vertex -1.434078e+001 -2.142895e+000  1.650000e+002
    endloop
  endfacet
  facet normal  9.771630e-001  1.343246e-001 -1.646499e-001
    outer loop
      vertex -1.183655e+001 -1.973870e+000  1.800000e+002
      vertex -1.434078e+001 -2.142895e+000  1.650000e+002
      vertex -1.438708e+001 -1.806121e+000  1.650000e+002
    endloop
  endfacet
  facet normal  9.813700e-001  9.932269e-002 -1.644625e-001
    outer loop
      vertex -1.192246e+001 -1.361923e+000  1.800000e+002
      vertex -1.442546e+001 -1.468355e+000  1.650000e+002
      vertex -1.195358e+001 -1.054492e+000  1.800000e+002
    endloop
  endfacet
  facet normal  9.824373e-001  8.837784e-002 -1.643364e-001
    outer loop
      vertex -1.195358e+001 -1.054492e+000  1.800000e+002
      vertex -1.442546e+001 -1.468355e+000  1.650000e+002
      vertex -1.445592e+001 -1.129781e+000  1.650000e+002
    endloop
  endfacet
  facet normal  9.842091e-001  6.532225e-002 -1.645163e-001
    outer loop
      vertex -1.195358e+001 -1.054492e+000  1.800000e+002
      vertex -1.445592e+001 -1.129781e+000  1.650000e+002
      vertex -1.447843e+001 -7.905871e-001  1.650000e+002
    endloop
  endfacet
  facet normal  9.861127e-001  2.328854e-002 -1.644366e-001
    outer loop
      vertex -1.199201e+001 -4.377388e-001  1.800000e+002
      vertex -1.449299e+001 -4.509581e-001  1.650000e+002
      vertex -1.199931e+001 -1.288244e-001  1.800000e+002
    endloop
  endfacet
  facet normal  9.862145e-001  1.911844e-002 -1.643640e-001
    outer loop
      vertex -1.199931e+001 -1.288244e-001  1.800000e+002
      vertex -1.449299e+001 -4.509581e-001  1.650000e+002
      vertex -1.449957e+001 -1.110813e-001  1.650000e+002
    endloop
  endfacet
  facet normal  9.863825e-001 -4.006955e-003 -1.644193e-001
    outer loop
      vertex -1.199931e+001 -1.288244e-001  1.800000e+002
      vertex -1.449957e+001 -1.110813e-001  1.650000e+002
      vertex -1.449819e+001  2.288566e-001  1.650000e+002
    endloop
  endfacet
  facet normal  9.849708e-001 -5.288580e-002 -1.644248e-001
    outer loop
      vertex -1.199003e+001  4.890559e-001  1.800000e+002
      vertex -1.447153e+001  9.081682e-001  1.650000e+002
      vertex -1.197346e+001  7.976120e-001  1.800000e+002
    endloop
  endfacet
  facet normal  9.836721e-001 -7.331548e-002 -1.643591e-001
    outer loop
      vertex -1.197346e+001  7.976120e-001  1.800000e+002
      vertex -1.447153e+001  9.081682e-001  1.650000e+002
      vertex -1.444627e+001  1.247169e+000  1.650000e+002
    endloop
  endfacet
  facet normal  9.832798e-001 -7.822967e-002 -1.644417e-001
    outer loop
      vertex -1.197346e+001  7.976120e-001  1.800000e+002
      vertex -1.444627e+001  1.247169e+000  1.650000e+002
      vertex -1.194896e+001  1.105639e+000  1.800000e+002
    endloop
  endfacet
  facet normal  9.816850e-001 -9.635699e-002 -1.643472e-001
    outer loop
      vertex -1.194896e+001  1.105639e+000  1.800000e+002
      vertex -1.444627e+001  1.247169e+000  1.650000e+002
      vertex -1.441306e+001  1.585483e+000  1.650000e+002
    endloop
  endfacet
  facet normal  9.809374e-001 -1.035215e-001 -1.644536e-001
    outer loop
      vertex -1.194896e+001  1.105639e+000  1.800000e+002
      vertex -1.441306e+001  1.585483e+000  1.650000e+002
      vertex -1.191653e+001  1.412933e+000  1.800000e+002
    endloop
  endfacet
  facet normal  9.724878e-001 -1.651094e-001 -1.643360e-001
    outer loop
      vertex -1.426600e+001  2.594458e+000  1.650000e+002
      vertex -1.182799e+001  2.024508e+000  1.800000e+002
      vertex -1.432290e+001  2.259314e+000  1.650000e+002
    endloop
  endfacet
  facet normal  9.743065e-001 -1.538797e-001 -1.644627e-001
    outer loop
      vertex -1.432290e+001  2.259314e+000  1.650000e+002
      vertex -1.182799e+001  2.024508e+000  1.800000e+002
      vertex -1.187620e+001  1.719291e+000  1.800000e+002
    endloop
  endfacet
  facet normal  9.760918e-001 -1.422622e-001 -1.643357e-001
    outer loop
      vertex -1.432290e+001  2.259314e+000  1.650000e+002
      vertex -1.187620e+001  1.719291e+000  1.800000e+002
      vertex -1.437193e+001  1.922927e+000  1.650000e+002
    endloop
  endfacet
  facet normal  9.779458e-001 -1.287428e-001 -1.644606e-001
    outer loop
      vertex -1.437193e+001  1.922927e+000  1.650000e+002
      vertex -1.187620e+001  1.719291e+000  1.800000e+002
      vertex -1.191653e+001  1.412933e+000  1.800000e+002
    endloop
  endfacet
  facet normal  9.791576e-001 -1.193439e-001 -1.643394e-001
    outer loop
      vertex -1.437193e+001  1.922927e+000  1.650000e+002
      vertex -1.191653e+001  1.412933e+000  1.800000e+002
      vertex -1.441306e+001  1.585483e+000  1.650000e+002
    endloop
  endfacet
  facet normal  9.700221e-001 -1.789137e-001 -1.644597e-001
    outer loop
      vertex -1.182799e+001  2.024508e+000  1.800000e+002
      vertex -1.426600e+001  2.594458e+000  1.650000e+002
      vertex -1.177194e+001  2.328383e+000  1.800000e+002
    endloop
  endfacet
  facet normal  9.683498e-001 -1.878593e-001 -1.643403e-001
    outer loop
      vertex -1.177194e+001  2.328383e+000  1.800000e+002
      vertex -1.426600e+001  2.594458e+000  1.650000e+002
      vertex -1.420126e+001  2.928177e+000  1.650000e+002
    endloop
  endfacet
  facet normal  9.636558e-001 -2.105040e-001 -1.644856e-001
    outer loop
      vertex -1.177194e+001  2.328383e+000  1.800000e+002
      vertex -1.420126e+001  2.928177e+000  1.650000e+002
      vertex -1.412871e+001  3.260286e+000  1.650000e+002
    endloop
  endfacet
  facet normal  9.533272e-001 -2.532448e-001 -1.644215e-001
    outer loop
      vertex -1.163647e+001  2.931301e+000  1.800000e+002
      vertex -1.404840e+001  3.590604e+000  1.650000e+002
      vertex -1.155714e+001  3.229944e+000  1.800000e+002
    endloop
  endfacet
  facet normal  9.527473e-001 -2.554455e-001 -1.643781e-001
    outer loop
      vertex -1.155714e+001  3.229944e+000  1.800000e+002
      vertex -1.404840e+001  3.590604e+000  1.650000e+002
      vertex -1.396037e+001  3.918948e+000  1.650000e+002
    endloop
  endfacet
  facet normal  9.464937e-001 -2.777094e-001 -1.643989e-001
    outer loop
      vertex -1.155714e+001  3.229944e+000  1.800000e+002
      vertex -1.396037e+001  3.918948e+000  1.650000e+002
      vertex -1.386466e+001  4.245138e+000  1.650000e+002
    endloop
  endfacet
  facet normal  9.309362e-001 -3.260638e-001 -1.644392e-001
    outer loop
      vertex -1.137554e+001  3.820608e+000  1.800000e+002
      vertex -1.365044e+001  4.890340e+000  1.650000e+002
      vertex -1.127340e+001  4.112238e+000  1.800000e+002
    endloop
  endfacet
  facet normal  9.246458e-001 -3.435400e-001 -1.643489e-001
    outer loop
      vertex -1.127340e+001  4.112238e+000  1.800000e+002
      vertex -1.365044e+001  4.890340e+000  1.650000e+002
      vertex -1.353205e+001  5.208997e+000  1.650000e+002
    endloop
  endfacet
  facet normal  9.222315e-001 -3.499210e-001 -1.644520e-001
    outer loop
      vertex -1.127340e+001  4.112238e+000  1.800000e+002
      vertex -1.353205e+001  5.208997e+000  1.650000e+002
      vertex -1.116378e+001  4.401141e+000  1.800000e+002
    endloop
  endfacet
  facet normal  9.163385e-001 -3.651246e-001 -1.643403e-001
    outer loop
      vertex -1.116378e+001  4.401141e+000  1.800000e+002
      vertex -1.353205e+001  5.208997e+000  1.650000e+002
      vertex -1.340622e+001  5.524792e+000  1.650000e+002
    endloop
  endfacet
  facet normal  9.129134e-001 -3.735533e-001 -1.644596e-001
    outer loop
      vertex -1.116378e+001  4.401141e+000  1.800000e+002
      vertex -1.340622e+001  5.524792e+000  1.650000e+002
      vertex -1.104676e+001  4.687126e+000  1.800000e+002
    endloop
  endfacet
  facet normal  9.029917e-001 -3.969358e-001 -1.644626e-001
    outer loop
      vertex -1.104676e+001  4.687126e+000  1.800000e+002
      vertex -1.327302e+001  5.837550e+000  1.650000e+002
      vertex -1.092241e+001  4.970003e+000  1.800000e+002
    endloop
  endfacet
  facet normal  8.982192e-001 -4.076717e-001 -1.643357e-001
    outer loop
      vertex -1.092241e+001  4.970003e+000  1.800000e+002
      vertex -1.327302e+001  5.837550e+000  1.650000e+002
      vertex -1.313252e+001  6.147099e+000  1.650000e+002
    endloop
  endfacet
  facet normal  8.883855e-001 -4.286038e-001 -1.645293e-001
    outer loop
      vertex -1.092241e+001  4.970003e+000  1.800000e+002
      vertex -1.313252e+001  6.147099e+000  1.650000e+002
      vertex -1.298481e+001  6.453270e+000  1.650000e+002
    endloop
  endfacet
  facet normal  8.696691e-001 -4.654400e-001 -1.644417e-001
    outer loop
      vertex -1.065208e+001  5.525685e+000  1.800000e+002
      vertex -1.282996e+001  6.755894e+000  1.650000e+002
      vertex -1.050627e+001  5.798122e+000  1.800000e+002
    endloop
  endfacet
  facet normal  8.673444e-001 -4.697868e-001 -1.643591e-001
    outer loop
      vertex -1.050627e+001  5.798122e+000  1.800000e+002
      vertex -1.282996e+001  6.755894e+000  1.650000e+002
      vertex -1.266806e+001  7.054805e+000  1.650000e+002
    endloop
  endfacet
  facet normal  8.560829e-001 -4.899852e-001 -1.644283e-001
    outer loop
      vertex -1.050627e+001  5.798122e+000  1.800000e+002
      vertex -1.266806e+001  7.054805e+000  1.650000e+002
      vertex -1.249920e+001  7.349838e+000  1.650000e+002
    endloop
  endfacet
  facet normal  8.064477e-001 -5.680061e-001 -1.643507e-001
    outer loop
      vertex -1.175602e+001  8.487986e+000  1.650000e+002
      vertex -9.854420e+000  6.847657e+000  1.800000e+002
      vertex -1.195177e+001  8.210062e+000  1.650000e+002
    endloop
  endfacet
  facet normal  8.172025e-001 -5.523954e-001 -1.644367e-001
    outer loop
      vertex -1.195177e+001  8.210062e+000  1.650000e+002
      vertex -9.854420e+000  6.847657e+000  1.800000e+002
      vertex -1.002747e+001  6.591656e+000  1.800000e+002
    endloop
  endfacet
  facet normal  8.195413e-001 -5.489414e-001 -1.643640e-001
    outer loop
      vertex -1.195177e+001  8.210062e+000  1.650000e+002
      vertex -1.002747e+001  6.591656e+000  1.800000e+002
      vertex -1.214095e+001  7.927625e+000  1.650000e+002
    endloop
  endfacet
  facet normal  8.311574e-001 -5.311722e-001 -1.644181e-001
    outer loop
      vertex -1.214095e+001  7.927625e+000  1.650000e+002
      vertex -1.002747e+001  6.591656e+000  1.800000e+002
      vertex -1.019386e+001  6.331285e+000  1.800000e+002
    endloop
  endfacet
  facet normal  8.321820e-001 -5.295771e-001 -1.643813e-001
    outer loop
      vertex -1.214095e+001  7.927625e+000  1.650000e+002
      vertex -1.019386e+001  6.331285e+000  1.800000e+002
      vertex -1.232346e+001  7.640831e+000  1.650000e+002
    endloop
  endfacet
  facet normal  8.027078e-001 -5.732507e-001 -1.644501e-001
    outer loop
      vertex -9.854420e+000  6.847657e+000  1.800000e+002
      vertex -1.175602e+001  8.487986e+000  1.650000e+002
      vertex -9.674840e+000  7.099118e+000  1.800000e+002
    endloop
  endfacet
  facet normal  7.929145e-001 -5.867525e-001 -1.643415e-001
    outer loop
      vertex -9.674840e+000  7.099118e+000  1.800000e+002
      vertex -1.175602e+001  8.487986e+000  1.650000e+002
      vertex -1.155381e+001  8.761245e+000  1.650000e+002
    endloop
  endfacet
  facet normal  7.789031e-001 -6.051516e-001 -1.646251e-001
    outer loop
      vertex -9.674840e+000  7.099118e+000  1.800000e+002
      vertex -1.155381e+001  8.761245e+000  1.650000e+002
      vertex -1.134525e+001  9.029688e+000  1.650000e+002
    endloop
  endfacet
  facet normal  7.560712e-001 -6.334894e-001 -1.644612e-001
    outer loop
      vertex -9.296558e+000  7.587753e+000  1.800000e+002
      vertex -1.113046e+001  9.293168e+000  1.650000e+002
      vertex -9.098107e+000  7.824605e+000  1.800000e+002
    endloop
  endfacet
  facet normal  7.497190e-001 -6.410260e-001 -1.643385e-001
    outer loop
      vertex -9.098107e+000  7.824605e+000  1.800000e+002
      vertex -1.113046e+001  9.293168e+000  1.650000e+002
      vertex -1.090954e+001  9.551541e+000  1.650000e+002
    endloop
  endfacet
  facet normal  7.344650e-001 -6.584085e-001 -1.644976e-001
    outer loop
      vertex -9.098107e+000  7.824605e+000  1.800000e+002
      vertex -1.090954e+001  9.551541e+000  1.650000e+002
      vertex -1.068263e+001  9.804664e+000  1.650000e+002
    endloop
  endfacet
  facet normal  7.049310e-001 -6.899534e-001 -1.644280e-001
    outer loop
      vertex -8.683243e+000  8.282589e+000  1.800000e+002
      vertex -1.044985e+001  1.005240e+001  1.650000e+002
      vertex -8.467105e+000  8.503419e+000  1.800000e+002
    endloop
  endfacet
  facet normal  7.028106e-001 -6.921265e-001 -1.643721e-001
    outer loop
      vertex -8.467105e+000  8.503419e+000  1.800000e+002
      vertex -1.044985e+001  1.005240e+001  1.650000e+002
      vertex -1.021132e+001  1.029461e+001  1.650000e+002
    endloop
  endfacet
  facet normal  6.863900e-001 -7.084062e-001 -1.644067e-001
    outer loop
      vertex -8.467105e+000  8.503419e+000  1.800000e+002
      vertex -1.021132e+001  1.029461e+001  1.650000e+002
      vertex -9.967183e+000  1.053116e+001  1.650000e+002
    endloop
  endfacet
  facet normal  6.495789e-001 -7.422996e-001 -1.644339e-001
    outer loop
      vertex -8.018133e+000  8.928020e+000  1.800000e+002
      vertex -9.462608e+000  1.098677e+001  1.650000e+002
      vertex -7.785597e+000  9.131511e+000  1.800000e+002
    endloop
  endfacet
  facet normal  6.349134e-001 -7.548995e-001 -1.643526e-001
    outer loop
      vertex -7.785597e+000  9.131511e+000  1.800000e+002
      vertex -9.462608e+000  1.098677e+001  1.650000e+002
      vertex -9.202450e+000  1.120557e+001  1.650000e+002
    endloop
  endfacet
  facet normal  6.302496e-001 -7.587768e-001 -1.644482e-001
    outer loop
      vertex -7.785597e+000  9.131511e+000  1.800000e+002
      vertex -9.202450e+000  1.120557e+001  1.650000e+002
      vertex -7.547898e+000  9.328946e+000  1.800000e+002
    endloop
  endfacet
  facet normal  6.170442e-001 -7.695764e-001 -1.643427e-001
    outer loop
      vertex -7.547898e+000  9.328946e+000  1.800000e+002
      vertex -9.202450e+000  1.120557e+001  1.650000e+002
      vertex -8.937234e+000  1.141822e+001  1.650000e+002
    endloop
  endfacet
  facet normal  6.105035e-001 -7.747511e-001 -1.644576e-001
    outer loop
      vertex -7.547898e+000  9.328946e+000  1.800000e+002
      vertex -8.937234e+000  1.141822e+001  1.650000e+002
      vertex -7.305195e+000  9.520196e+000  1.800000e+002
    endloop
  endfacet
  facet normal  5.903502e-001 -7.902144e-001 -1.644622e-001
    outer loop
      vertex -7.305195e+000  9.520196e+000  1.800000e+002
      vertex -8.667105e+000  1.162460e+001  1.650000e+002
      vertex -7.057648e+000  9.705132e+000  1.800000e+002
    endloop
  endfacet
  facet normal  5.802954e-001 -7.976536e-001 -1.643353e-001
    outer loop
      vertex -7.057648e+000  9.705132e+000  1.800000e+002
      vertex -8.667105e+000  1.162460e+001  1.650000e+002
      vertex -8.392213e+000  1.182458e+001  1.650000e+002
    endloop
  endfacet
  facet normal  5.698098e-001 -8.051516e-001 -1.644618e-001
    outer loop
      vertex -7.057648e+000  9.705132e+000  1.800000e+002
      vertex -8.392213e+000  1.182458e+001  1.650000e+002
      vertex -6.805421e+000  9.883635e+000  1.800000e+002
    endloop
  endfacet
  facet normal  5.614344e-001 -8.110391e-001 -1.643377e-001
    outer loop
      vertex -6.805421e+000  9.883635e+000  1.800000e+002
      vertex -8.392213e+000  1.182458e+001  1.650000e+002
      vertex -8.112707e+000  1.201807e+001  1.650000e+002
    endloop
  endfacet
  facet normal  5.488923e-001 -8.195555e-001 -1.644565e-001
    outer loop
      vertex -6.805421e+000  9.883635e+000  1.800000e+002
      vertex -8.112707e+000  1.201807e+001  1.650000e+002
      vertex -6.548682e+000  1.005558e+001  1.800000e+002
    endloop
  endfacet
  facet normal  5.276074e-001 -8.334194e-001 -1.644461e-001
    outer loop
      vertex -6.548682e+000  1.005558e+001  1.800000e+002
      vertex -7.828743e+000  1.220495e+001  1.650000e+002
      vertex -6.287601e+000  1.022087e+001  1.800000e+002
    endloop
  endfacet
  facet normal  5.228030e-001 -8.364595e-001 -1.643546e-001
    outer loop
      vertex -6.287601e+000  1.022087e+001  1.800000e+002
      vertex -7.828743e+000  1.220495e+001  1.650000e+002
      vertex -7.540477e+000  1.238512e+001  1.650000e+002
    endloop
  endfacet
  facet normal  5.030428e-001 -8.484741e-001 -1.644377e-001
    outer loop
      vertex -6.287601e+000  1.022087e+001  1.800000e+002
      vertex -7.540477e+000  1.238512e+001  1.650000e+002
      vertex -7.248065e+000  1.255849e+001  1.650000e+002
    endloop
  endfacet
endsolid CATIA STL
